0.0118238807009591	-0.0209959279973128	-0.0198161530000504	0.0243844283379402	-0.00302257438190665	-0.0196303800185731
0.0115022717794887	-0.0254575572335987	-0.0227295682540958	0.0314146232435068	-0.00451095477933653	-0.0269271423499157
0.0111252025621629	-0.0167676771443074	-0.0178313671528326	0.0180486781260337	-0.0128890032862483	0.0037216791300309
0.00736707459680579	0.00222896655533634	-0.0086229102625044	-0.00742167987120588	-0.00748401833273907	-0.00210777135564954
-2.92619342773383e-19	1.01677722058342e-17	8.78351441477047e-18	8.71473152547643e-17	6.73052857815974e-17	5.4450218940501e-17
9.84473227422064e-05	0.00668952896179443	0.00296782139258671	0.00481945125541465	0.0138011671591461	0.0035276797559434
0.00902635637167133	-0.0011262677814499	-0.0172999432478461	-0.0293209595934129	-0.0277546312262949	0.00121072699675691
0.00211772585466029	-0.0110127777424575	-0.0477193573461571	-0.0361714679607091	0.0259681411822577	-0.0459461176251986
0.00822859840265567	-0.0106771791525389	-0.0208379634032882	0.00648997860248429	-0.0281518846355577	0.00840244193775173
0.00862363520609715	-0.0129441289165226	-0.0125672197934111	0.00996052574540986	0.0347830897648974	-0.0180006416261658
0.00792331010844352	-0.00865116534021266	-0.00757341538852056	0.012990833812889	0.0349283620835505	-0.0152656424639253
0.0106008769127309	-0.000889091202948882	-0.0167448151637954	-0.0103298827350224	-0.00357554279802868	-0.0184981675591573
0.0127489059149662	-0.0167547639169234	0.00519542880865442	-0.00304253768242315	-0.00366524240819002	0.0154492333822699
0.0130957041613499	-0.0196697268432407	-0.000370709204573388	0.00602058987821828	-0.00677049573523087	0.0156670666633255
0.0129516375837113	-0.0183973316250605	-0.00202822221290541	0.00140899849010998	0.00333608047079556	0.0193463169211894
0.0119452289610012	-0.00524610588177139	-0.00953830410823186	-0.0015698895416014	0.0188489828776549	-0.00602716083095375
0.0114224080537445	-0.0111689889982936	-0.00887538490988311	0.00574871924824008	0.0289905718976043	-0.00977173042152511
0.0122016843999568	-0.00265641346270979	-0.00621485402979672	-0.0115634779009685	-0.0038102814655713	-0.00526224892617436
0.0116823950072789	0.000588387933064482	-0.0126330214028442	0.00280814302988987	-0.00858316134610192	0.00771842632545601
0.0120569054281607	-0.000330483512931727	-0.0121957569555769	-0.00142556350388574	-0.0067893671712961	0.0187608875451639
0.0139839199524834	-0.036736520325642	-0.0147327125202625	0.0303063112793031	0.00335858433852728	0.0205751226780297
0.011932683204368	-0.00460603997220523	-0.00895155574290128	-0.00294258327071385	0.0174056249959408	-0.000191113695410947
0.0115922097275431	-0.00786495363623528	0.000545033676723496	0.0107628401443399	0.0210499198706632	0.0230990636065371
0.0121815208416996	-0.00887917571596535	-0.010033124141793	-0.00189941895842892	-0.00175192297601619	0.00483879760589081
0.0114845894144546	0.00110413857778573	-0.0218934071038441	0.000388730566400057	0.0132551291868096	-0.0124889647755759
0.0118469196061573	0.000189453019445081	-0.0128140173507342	-0.010303091586245	-0.00923324706592137	0.0134459119488157
0.0119590037855593	0.000922688062505438	-0.0172988979087587	0.00126447192296144	-0.00371632675464913	0.0128594096693345
0.0118223931928331	0.00479241139701129	-0.012028888545757	-0.0064736251614139	-0.00500107797999956	0.0134248082590324
0.0131560349036883	-0.000553527439421168	-0.00509048080383332	-0.012135354937609	-0.0293794355696759	0.00670085335349122
0.0129276078330234	0.00107257351141661	-0.00551642488928993	-0.0133352781081015	-0.0142238363118867	0.00856884495218824
0.0125452613525629	-0.000631464407855083	-0.00709159244716118	-0.0129323508891507	-0.0248623531039622	0.000886619769681925
0.0132655453222946	-0.00330461988524386	-0.00699472656420027	-0.0083218820660194	-0.00629560734865855	0.011703696765849
0.0124386040612717	0.00228307755944825	-0.0160774076275648	0.00109450934258785	-0.00309705175385304	0.00987136484617612
0.0125648631178867	0.00353099704648207	-0.0218217328447312	-0.00783152497111678	-0.00832184813379691	0.0136824469004128
0.0124999478362195	0.00216426534617771	-0.0218801650493681	-0.00305397223025031	-0.00947219461512547	0.0136127271797927
0.0123725644609513	0.00911103396224342	-0.011946195581355	-0.00716582571890085	-0.0184204334212186	-0.000771550344438812
0.0129549369570832	-0.00793684737874431	0.00661871061238187	0.00228714556610788	0.0118169585627231	0.00724704445309257
0.0136615473568837	-0.0209679789232934	0.00986006320591714	0.0026666266726621	0.00518154843988365	0.0192811937194599
0.0134402219392089	-0.0143905340409276	0.0110532426608311	0.00488985211269039	-0.00834905922989474	0.00255926631253496
0.0130345652561035	-0.0151355200120745	0.00772643664567383	-0.00480402670236244	0.0238302065436115	0.010012255135448
0.0131574785372156	-0.0293973215100989	0.0328163430202912	0.0118111809315061	0.0370235287382335	0.00406549309509219
0.013210494417954	-0.0286336911099992	0.0322864910974804	0.0110923490438023	0.0381409741270566	0.00369231286675525
0.0122339332598541	0.00643789813873041	-0.00925426768009266	-0.0228423410938076	0.0252466024478432	0.00887066305244585
0.0123088726036407	-0.00286114149567617	-0.00789716778238332	-0.0110236768805564	0.0111235708843782	-0.00675466123176285
0.0119893307211055	0.000775961724890522	-0.000624585432594763	-0.0123030663720687	-0.00204966167572598	0.00732972662254345
0.0119935635962579	0.00306516029430057	-0.00462179591113564	-0.00373868587203996	-0.00079171076144197	0.00316945509641288
0.0124439692598961	-0.000756207192805993	-0.0108820180253107	-0.00643097493599606	-0.00853625225199242	0.0230089909851891
0.0123340240899212	-0.000736843149583051	-0.0118254393517075	-0.0220853627569285	-0.0164176622783194	0.00588454581380153
0.0121092113449784	0.00479648390068762	-0.0141635921949726	-0.00300551201247288	-0.00836808489706637	0.00653663163307195
0.0117197028350075	0.00104490262877407	-0.00772043558399879	-0.00810452279909152	0.000699655944709346	0.00954309886550209
0.0118999654558388	0.00334651868286105	-0.0196184855333419	-0.0168691164760319	0.000863378667978974	-0.00262648243515437
0.0120480384425661	0.00160777331897082	-0.0164128644954597	-0.0112443638473631	-0.0122505268090979	-0.00662757798356632
0.0118321610173652	-0.00227040376323682	-0.016122136576752	-0.0119530118158068	-0.0019769412897827	0.00781031777701335
0.0119623931484947	0.00362755556914718	-0.0231963205145245	-0.00645693943456222	-0.00124828947788632	0.00712791372727967
0.0119175529551794	0.00581723343243309	-0.0121367147132186	-0.00355618306364892	-0.0125533881513882	-0.00242697377826963
0.0115904244267846	0.00270011505306484	-0.0077915630569129	-0.00724986873835068	0.0154390986664743	-0.00520783710287853
0.0119340241648072	0.00527236748453859	-0.0155054403713392	-0.00887480500136432	-0.000813320168841501	0.00350777796825181
0.011512351578456	-0.00469677573491701	-0.0121706940288875	-0.00430557438264692	0.0167727315712238	0.00207631760887633
0.0115835425797266	0.00649288894607799	-0.0106954438788946	-0.00702113015289613	0.00264606965525829	0.00389219936551295
0.0122268147494108	0.00494022913059157	-0.00824484309626046	-0.0178219797243429	-0.00402491795343305	0.023717648594992
0.0124223958448629	0.00708815249356833	-0.00739206667497705	-0.00507328734313886	-0.00689104465645819	0.0192424233862264
0.0127566551447664	0.0115174764977935	-0.00331326868210444	-0.0073850930691046	-0.0106849007454622	0.0276507054177112
0.01309783244989	0.0143195628661489	-0.00591835211559701	-0.0144150447120923	-0.00612268341457965	0.0163308278224729
0.0132016435461129	0.0141902157281846	-0.00634738987527047	-0.0153636386692372	-0.0105549476250678	0.0200689520876296
0.0125110534062901	0.014888565011716	-0.009067612144879	-0.00109673410293572	0.00248999541487079	-0.000442014944024421
0.0120021554605361	0.0134421508171659	-0.00535184405103878	0.013354669673788	0.00451108142377162	0.00462348317361208
0.0119573814421182	0.0150565810688169	-0.00907381043093972	0.00919156974179358	0.0106108487393391	-0.016119066592083
0.0122517304522825	0.00989188738707504	0.00914110064133471	0.0206354589581976	0.00565100177875291	0.00582350576165337
0.0122072408211235	0.018558150140517	-0.00339175547444307	0.00722472828115374	-0.00174060683091766	0.0160388093482697
0.0122014754034716	0.0187508474474364	-0.00359258186995058	0.00767905702430639	-0.00124879607037828	0.0176084279140045
0.0131324514428239	0.0173831951930179	0.000889318982010277	-0.0148309660498411	0.00777723315160796	0.00836943541140034
0.0129555945998696	0.017919595381261	-0.000717065543415786	0.00130514849611982	-0.0127519620960379	0.0180390660845289
0.0126702598713633	0.017061626527717	0.00158032938053694	-0.00578350258833481	-0.0013387096529383	0.0145632976648054
0.0119311974929786	0.0136091016745177	0.000953840261676168	-0.0245437720954817	0.00737355118242405	0.0182276273140852
0.0128384640402412	0.0164013506214302	-0.000703537920097298	-0.00876591196626781	-0.00399033119896595	0.00382541470075346
0.0123370090441304	0.0202363234406202	-0.00302235411131759	0.00794006284771777	-0.0128814065146259	0.00496374846230662
0.0123676856155771	0.0193219249962448	-0.0032560848874315	0.00685418243584414	-0.0100150837232332	0.0069341574479578
0.0127171287209179	0.0153896818870784	0.00471420988939633	-0.0023339388053314	0.00185845093922757	0.0162067915461535
0.0122940811646279	0.0143842006353353	0.00557365813109416	0.00126667597584828	-0.000660898410116421	-0.00941808483141494
0.0121214665130849	0.00553813039198552	0.0258076252631695	-0.00583593329478162	0.00707598938524037	-0.00292789977891677
0.0117417974340613	0.012626796886482	0.0035566462017598	0.00588708903078437	-0.00222545427385211	-0.00570544587518887
0.0124424174398111	0.00178078218908328	0.0180995658319364	0.00919671665219455	0.0158799247012571	0.00198024996991767
0.0127817663782625	0.0174475335917777	0.0128277011129048	-0.0136027909502856	0.00390995967401173	0.0121813909388398
0.0120586668224102	0.0226317807697649	0.00688560051036288	0.00640911121661295	-0.000164529046470642	0.0130875782240791
0.0123223684345153	0.0233541895700474	0.0107404241488981	-0.00611551810980606	-0.00153617242912028	0.000347913186847897
0.0122425817240832	0.0190726525937162	0.0138452101523584	-0.00165007571188132	0.00550771905060084	-0.026508605631521
0.0128152677701818	0.0246741116262201	0.0094594533518203	-0.00522561212240222	-0.00951475596939005	-0.00577573985582031
0.0119933702301845	0.0221887395352111	0.0161302027350347	0.0166150577134248	-0.012591630295541	-0.0379478671904978
0.0126646410745803	0.0206791170859974	0.0170905822056987	0.018195996160133	-0.00679660188870978	-0.0120467253259335
0.0127377369008222	0.0212746985575832	0.00890283789107898	-0.00925842327874784	-0.00931027030909021	-0.00708690590257606
0.0124215441942035	0.0214230004803516	0.0180309742921604	-0.00169656336734983	-0.0158528941312132	0.00288993145525019
0.0122459011418162	0.0216765304793883	0.0142146847771515	0.0062355607366247	-0.0112636394620019	-0.0200970566192734
0.0127097503584869	0.0284713422537973	0.0142295024065559	0.0030160144532461	-0.00886896192204974	-0.0131003095318802
0.0127965588024282	0.0262818486437954	0.0156896487097873	0.00259037720943053	-0.00556135494101521	0.00119860429608338
0.0128365149805334	0.0210741602884056	0.0145256567970964	-0.00223698446175303	-0.00265422652578683	0.00619668496105454
0.0124957718417241	0.0222206623041851	0.0150808691708797	-0.0022711142552949	-0.0185934433770864	-0.003088571751581
0.012084434695801	0.00930329091584986	-0.000352341589195948	0.00356443182394069	0.00804988275834934	0.00326671359963622
0.0125643215249221	0.0143341532936701	-0.000523768832336226	0.00863943949611981	-0.0021816471784735	0.00554192869409632
0.0124932523090768	0.0145972411057773	-0.00247328857777804	0.0118433078292392	-0.0015574910849741	-0.000818736962472343
0.0121649676664817	0.0178172222516964	-0.001568922620794	0.00197931557815535	0.00586860284982552	0.0131736883109199
0.0120042341798857	0.0137704124754917	-0.00395686463281636	0.00623134182371738	0.0037897012864029	0.00712517498108359
0.0123679996489729	0.0116171195448843	-0.00123200614211771	-0.00753519518148619	0.00581359346438652	-0.00295589756096766
0.0126599824648685	0.00349312995378941	0.0119642789063974	-0.0115471042018643	-0.00186889031034174	0.00893008865103003
0.0132252794485904	-0.000897293653296326	-0.00516303448807362	-0.00496704465902903	-0.00566578757070342	0.00936484999467575
0.0124302203816097	0.0166313878903478	-0.00524575811213838	-0.0043596990847191	0.00574895129401318	0.0153351805474071
0	0	0	0	0	0
0.0111425186960777	0.000608122770615931	-0.015935442436951	-0.000205447095033034	-0.00829919012873429	0.00951558736782751
0.0068388170229576	-0.0125515743976105	0.00324840642023945	-0.000812984660792365	0.000572138419912995	0.0037507616986878
0.00975466827650988	-0.0184452603561211	-0.00804923675087342	0.00892713272554519	0.00365298426743306	-0.0364285126981698
0.0126541925577737	-0.0178239042118064	0.00151877060364452	0.0110896116404701	-0.00807023499054761	-0.0217391188724308
0.0129380947978518	-0.0104441714777157	-0.0134575897960346	-0.0121377210173373	-0.0177805343390638	-0.00782861914890958
0.0132039505593281	-0.00772702807934954	-0.0219012742971084	-0.00442591145091005	-0.0238768790282491	0.0104470898663773
0.0113185240426238	-0.0153874507445927	-0.0134592763171386	0.00926452194474308	-0.00303345574549834	-0.0100299983272501
0.0116933254491911	-0.0103374010337221	-0.00570756068052653	-0.0031245311456987	-0.0133510435130263	-0.019814082795931
0.0121322408202914	-0.0150597480036885	-0.0243195049663494	-0.000345766350779066	-0.00503969388070641	0.00100604465313064
0.011288134647083	-0.0185718033759966	-0.011283036386076	0.0174472766878872	-0.0183924394530722	-0.00946335725095891
0.0119956221720531	-0.0178754552273263	-0.0212382150701518	0.00981261649980019	-0.00353383364570543	-0.0057817096205032
0.0125800728517641	0.00240837466054356	-0.0260103759930973	0.00679704004441172	0.003854229310402	0.0140283484680165
0.0129002961048723	0.00173310679608857	-0.0153139305039278	0.00738510126749283	-0.00225011151903706	0.0138285885692578
0.0123513545604665	-0.00169584386097231	-0.0192181488741694	0.00998208393848069	0.00267154400481651	0.00624660869479366
0.0119823425432939	-0.00593086844503859	-0.00558243374398644	0.00137809473152314	-0.00563957075094292	-0.00775098796386658
0.0125020734036513	-0.0241625762536434	-0.0198042666901089	0.0336443148442811	-0.0168418686828063	-0.00497949787755778
0.0114106473252763	-0.0209110229973414	-0.0192625470082233	0.0178147913956124	-0.00203820549343995	-0.0017945662655709
0.0115300253202788	-0.0145520052683568	-0.00719397127662288	0.00294234627223706	0.0030667093758904	0.0148765115641113
0.0116955645235452	-0.00524340808622952	0.00024829975808639	0.0102309869753708	0.00187573605822876	-0.00711525942766735
0.0121556710733978	-0.0146748516203533	-0.00534190849239346	0.0090574221391038	0.00405347898912877	-0.00599028173241136
0.0114420549641488	-0.00908819322264158	-0.0160167734836461	-0.0245231791200487	-0.00470578508594339	-6.00848145683643e-05
0.0111186808502423	-0.0073898573046541	-0.0104041324966985	-0.00704657348292282	0.0182747510102551	-0.00665036864350936
0.011451116784874	-0.00533572298558341	-0.0202682344940636	-0.00518372609030665	-0.0021504145683145	-0.00415981305928857
0.0113148655684619	-0.00490696601731922	-0.014853397398214	-0.00903337887473518	0.017275495550759	0.00171765325222621
0.0121101022926989	-0.00293634408440228	-0.010911490806677	0.000340597706910729	-0.0102034878584705	-0.00378560111302902
0.013647616744792	-0.0241754454476352	0.010435110929595	0.00722651084573782	-0.00515872531484704	0.00253052111727289
0.0144242448819316	-0.0361305718306327	0.0252025893333633	0.00236999689580663	-0.00732189003506415	0.00118807092426632
0.0123285773291516	0.0040345657090695	-0.0112316791359117	-0.00514862639663287	0.00291976599934367	-0.00409192114081186
0.0121486518103907	-0.0039929456739049	0.0032414466116106	0.00894395269189838	-0.00718339955481276	-0.0148522386990724
0.0123999792772956	0.00778022767713378	-0.000756214911533061	0.00308274121271214	-0.00407811672885896	0.000213727674456023
0.0119878710343355	0.0143654016978796	-0.00635416081756962	0.000730874316997716	0.00331731968449105	0.000161102391954022
0.0120996569952497	0.0149473585563318	-0.00544195153268378	0.00499408492481078	0.00322865819893575	-0.00398301386927094
0.012288873346753	0.0141181599305807	-0.0076467201136868	0.00520233229149738	0.012480929302014	0.00237821905821456
0.0120068440851632	0.0154548478985156	-0.00343952717876193	0.00550962968453609	0.000298207735416188	-0.00512851142541479
0.0123795068899888	0.01087442626128	-0.00399876397103699	-0.00175480645812543	0.0115866004021597	0.0210435226605383
0.0111670915004326	0.00273845465867852	0.0138415652592423	-0.000300910560035293	0.0277240089801233	-0.0130630207598836
0.0128065485996803	0.0143312707636371	0.00590546394881122	-0.0285813050470749	-0.0211942616319106	-0.0139059098339518
0.0122333116573699	0.0144744222178994	-0.00072112199539125	-0.00323471958877235	0.00468662964348325	0.00492552295674162
0.0121223613747928	0.0132790463546955	0.00611631203994772	-0.00486500048193922	0.0169203273486186	-0.00246153112510265
0.0130200622084888	0.0161154823430958	0.00225264587496295	-0.006381160703991	-0.0144525668363446	0.012433610907329
0.012238037411268	0.0184694107375682	0.00828423876949933	0.00427278223173912	0.00585853888761961	0.00303559685519711
0.0119836416654449	0.00814077365628679	0.0277698671332769	-0.0246474586476344	0.0163932381899963	-0.0111561724047711
0.0119720341854009	0.0197982255514341	0.00523190141423957	0.0120708937253436	-0.00905893071174106	0.0101336514737047
0.0122949831565264	0.0102153561987964	0.0156963684557661	0.00747408117850804	-0.00161569234968756	-0.0257350733272616
0.0128409297457604	0.0220162483638429	-0.00149522351253892	0.00722294640810954	-0.0230817636025436	0.00564678587584663
0.0130367594605749	0.0220035864104258	0.00615845224049407	-0.00552055694967389	-0.0129292412830267	0.00901216416313017
0.0130717021005622	0.0210764541965279	0.0056397110261478	0.000256697308461258	-0.013248520275893	0.00386919621264798
0.0119064497510446	0.0150584629509975	0.015717743279962	-0.0052082752821765	0.0103509892976715	-0.0155956051565825
0.0130363194527301	0.0169967018948395	0.00115140027474576	0.00528826929836746	-0.00410734182273028	0.00575325881358666
0.0122976497287672	0.0141784184599933	0.000712383307494289	-0.00753077362179469	-0.00233519648038057	-0.000478259183738328
0.0119817684177345	0.0121195784153402	-0.00416521185213707	0.00905990767492346	-0.00287302251077195	-0.00868119043481668
0.0117414141732892	-0.00150233726857162	0.0183932790830428	-0.0392720876244063	0.0186079681793038	-0.00612111729270891
0.0124441319585067	0.000431538251646781	0.00115678479712003	-0.00381954404418177	-0.00145824924868981	0.00438324204338011
0.0118073800427159	0.00198132484857416	-0.00330466708535277	-0.0134189855230112	0.0234432729392427	0.0223524980756149
0.0123508568893791	0.00929035674202616	-0.00231202624772314	-0.0124089665989455	-0.000815211396930926	-0.0046341456742653
0.0124613995675904	0.00320560950290897	0.00312008847628259	-0.011454210021277	0.0030663355277793	-0.0158548226237461
0.0122334673694138	0.00363297342342345	0.00681925748535553	-0.0309912035084039	-0.00447787279773261	0.00648416352614849
0.0119264020501304	0.00335483398284248	0.0088666634817537	-0.0293312802190469	-0.000316681940965737	0.00413416896598943
0.0125141914540042	-0.00410211985431428	0.00188496687644046	-0.0212160996564042	-0.0114940906887865	-0.00371949503553706
0.0125586743742251	-0.00259642682413952	0.00616978256469943	-0.0229357698895594	-0.0143376510498782	-0.00293065279093342
0.0117680150663582	0.00157729485823451	-0.00354834046129808	-0.00351255181028156	0.0199317530803439	0.00303999529884256
0.0117670812775086	0.00158526833619987	-0.00382375990673904	-0.0030852598110435	0.0192497976090939	0.00308299217266288
0.0119765270374224	0.00746591834501991	-0.0163283307876104	-0.00551984163458333	0.00832319260556739	0.0073533167725878
0.0116204934447471	0.00389409866553194	-0.00800983854426071	-0.00726789457625093	0.0194892266248261	-0.0109796923361851
0.011825970313697	-0.000944477686681275	-0.0193593937574765	-0.00581534445775915	0.0104556960809397	0.00264047164183682
0.0119425916126883	0.0023337870086404	-0.0185062357093055	-0.00473278928544614	-0.0200759377143673	-0.0229112922021513
0.0114841932334217	0.000286475949883506	-0.0145716289468265	-0.00747804218131308	-0.0154357500882238	-0.0166841035686122
0.011115069994462	-0.00345923771575949	-0.0238403185659846	0.010142411581231	-0.00578291780735201	-0.0192379592122508
0.0122637436711868	-0.0030213207007188	-0.0174710202160441	0.00868543127655605	-0.0153324142081649	0.00983851302439622
0.0112675315495114	-0.0044539676378732	-0.0167701739311339	-0.00158792692316905	0.00883152917426635	-0.0138097524497392
0.0114490725523707	-0.00930565064395397	-0.00998363387643116	-0.00750603985621541	-0.0144482794823199	-0.0172644645107559
0.0119535786601107	-0.00700953182911963	-0.0105654843635461	-0.00978410060876688	-0.0145068950596915	0.00595711787309291
0.0128422349700154	-0.0125544218720479	-0.00861056379792495	0.00184076485778278	-0.037032673441488	-0.00451858299385282
0.0123221468397447	-0.0102560277705387	-0.00452260707441696	0.000975436551661647	-0.0343332194386589	-0.0141173696119002
0.0117134671092145	-0.0096143961002351	-0.0202557650417613	-0.00887265002629633	-0.0115330561739777	-0.0027652979802495
0.0124357512675473	-0.0114619930267637	-0.0178997853190185	0.00711496114309092	-0.00675325329637094	0.00611072768659432
0.011545724063072	-0.00889924476592869	-0.0180764950530814	-0.00498061184857082	0.000406873634289192	-0.0109339995560206
0.0127932473513091	-0.0160634786236046	0.00894782828504418	-0.0173509257648481	-0.0217315196662264	0.0026816593536591
0.0118338564498158	-0.0271427747730497	-0.000409756861907711	-0.0381380813487405	0.00855668719784345	-0.00316399926028382
0.0115932112689312	-0.0149927471315925	-0.0101992466424129	-0.028863425492651	-0.0159882126657832	-0.0154703535481047
0.0110814282919122	-0.0137219795736427	-0.0135091637507552	-0.0153695123671278	-0.00710133757171743	-0.0186758579682565
0.0112132781504353	-0.0151717227950813	-0.0168422825782895	0.012927577603787	-0.0154942629782844	-0.0254429845256428
0.0113680220369136	-0.0154553479989987	-0.0240154870012699	0.0043971544008693	-0.0307206349842004	-0.019749996974442
0.013240544819915	-0.0307985475684717	0.0100438736395066	0.00515134884121956	-0.0269199694170375	-0.00558025353050297
0.0107202619771124	-0.0128983384688162	-0.0135792488917735	0.00292600903060511	0.00347442484134646	-0.0217405408071674
0.0113238636737935	-0.0137051871154476	-0.0246728497411986	0.0032261907605342	-0.00218914196703135	-0.00807994528235155
0.0109746588721832	-0.0159928374690676	-0.0227341269955578	-0.0124077244891255	-0.009672371709465	0.0065949395428653
0.0118990506280939	-0.0193335489345491	-0.00678142507347365	0.00505513741706636	-0.0291125206601843	-0.00498514582459635
0.0112047770890478	-0.0280304188902509	0.020887489270141	0.00960475185470269	0.0106433823836931	0.0103147297279425
0.0124587325480669	-0.0237576819457214	-0.00375965862902102	-0.0108867150123565	0.00782733122242546	-0.00278046572742881
0.0116943024030444	-0.0166233255992616	-0.00774037365531673	-0.000822415516003192	0.0109829158207706	-0.00360523800343813
0.0132401226256889	-0.0172387952030178	0.0200776621882016	-0.0250269045472713	-0.0282884029853449	-0.00748017383346541
0.0116791250171938	-0.0116578018460775	-0.0123629858104163	0.00893571025456074	0.00095275944771778	-0.000788911224782302
0.0116988681369692	-0.0174927011144499	-0.0138451573924895	0.0128772821891621	-0.00984208573245902	-0.00977211729342845
0.0121433578338948	-0.0131351056790158	-0.00107997690258108	-0.00665696580683864	0.0174899593935234	-0.014151633856759
0.0116328860766809	-0.0095411055285615	-0.0144565093336112	-0.0198649356272418	0.027000032201207	0.0174470760279908
0.0119919815432258	-0.00423536423224831	-0.0161703813981687	-0.00432832568074498	-0.0147772086660835	-0.00208400750006499
0.0117049872003907	-0.00132109378609105	-0.0114235844550205	0.00407099715903145	-0.00961496473802726	0.00182604749100653
0.0117084923823445	-0.000606224612816904	-0.0163773611621164	-0.00721690174472656	-0.00854107260370686	-0.00513170193620933
0.0109377965794236	-0.00929251977600378	-0.00693342146453584	-3.88096055607848e-05	0.0108232722614903	-0.0113952362872502
0.0119335218070317	0.002995660499402	-0.0149470581155791	-0.0105532454908821	-0.00720368429735505	-0.00349769058887273
0.0119957415652148	-0.00239080239354434	-0.00606127118846	-0.01245052726784	-0.00662335555379868	0.00549891096725858
0.0121518535773804	0.0111529959489373	-0.0114627613485182	-0.00413194104779441	0.00438238833884593	0.00300082962213982
0.011602122084566	0.00348237613617931	-0.00810441344148458	-0.000562482291182323	-0.0042254160259874	-0.00171866154411132
0.0117012630615875	-0.00261546049693003	-0.00237540711807847	0.00306401497002911	-0.00186134006602808	-0.0284731720606045
0.014096261464463	-0.0249526617745856	0.0264497142921712	0.00956194836330418	-0.0118147514438907	-0.00621513126058414
0.0131926462378073	-0.013047271439997	0.0280852514424734	-0.0195169026895765	-0.00853424065966275	-0.0203883833779268
0.0117689858127838	-0.0130042852089211	0.00554597239946345	-0.00438583320408615	0.013493046607815	0.00587149026394208
0.0121022333320629	-0.000361396085322136	0.0117817489379785	-0.0241535524807494	0.00784217521026874	0.000700864669293962
0.0125525751376874	-0.00435527362833419	-0.00142434885404594	0.000272902246159542	-0.0147299522983361	-0.00540359081062006
0.0124504487307587	0.00185432028835754	-0.00831689191639395	0.00158613210046986	0.000749484050213747	-0.00294940422677339
0.0112845726006457	0.00577784512161098	0.00115622212499912	-0.00242067829401056	0.0188023605378758	-0.0144385934895818
0.0118733540114011	0.000593012705959118	-0.00594976811211957	-0.00443920642696614	0.00866587828586459	0.00894212276615997
0.0128256452440409	0.0125859959644338	-0.00665514145087066	0.00871299145986129	-0.00274204408520521	0.00919824827191167
0.0125818705528698	0.0104648231595689	-0.00177519303019046	-0.0149895589653592	-0.00110805670883372	0.00712161403808341
0.0125888902181509	0.0128376402581599	-0.00310686297873244	-0.0158606001940149	-0.00358996807422551	0.00841331359298044
0.012317718934542	0.0126469904124044	0.00175465398057299	-0.0169170391596096	-0.000375734123839641	0.0039690846334108
0.0119648367570913	0.0083551080956537	-0.00476899555741541	-0.00498566105710123	0.00210534377087452	-0.00337634071808896
0.0124305306015157	0.0118913937046096	-0.00299871159776711	0.0146792484698371	-0.00114180643574054	-0.0194986213878513
0.0126528738256437	0.0108430303770165	0.00210943936456382	-0.0201615689739288	-0.0101984356494441	0.0021769195388435
0.013278424010639	-0.00324293390344357	0.0177258813449641	0.0109513926714172	0.00921807580330725	0.0105140066936685
0.0124920021408611	0.0237280404983579	0.0036752530645259	-0.00196355152339471	-0.012045813110551	0.000881574969432634
0.0133091447912757	-0.00119496345777686	0.00807004114373953	0.0199597994075641	-0.00460166228690706	0.00811937446077104
0.0126884881197494	0.0137704867751597	0.00317594031576787	0.0111720612331023	0.00314820904742392	-0.00428763061867223
0.0146023172034336	-0.00910836520122042	0.0225311961693781	0.00402914538174955	-0.0120510100259323	0.0066257584676447
0.012007579100456	0.015556635551074	0.00730295425275156	0.00152524373380042	0.00466459124917563	0.00302027633010399
0.0116449911827825	0.0161707466470012	0.00262996271935037	0.00818554105110449	0.0301313676767494	0.00451844958539349
0.0122710671511094	0.0178797124420503	0.00892206791038808	-0.00151143014316766	0.0124502741185038	0.0126251400116162
0.0126512024471059	0.0218392715911737	0.00601391174784626	-0.00424258898073569	-0.00188920312874837	0.0137191527516841
0.0128967484512802	0.00709117812900451	-0.00057986722736964	0.0181324168944617	-0.00967029297650894	0.0164172501583538
0.0136772695439271	0.0110069548676445	-0.00176977252565423	0.00587430526633371	-0.0221751201372343	0.0101542749339169
0.0134961613445422	0.0124822853985669	-0.00198842745319504	0.0161094123991333	-0.0174218927434308	0.0241627490281395
0.0127072419432561	0.0205346994078611	-0.000516951759433643	-0.00560826201417006	-0.0055205914350435	-0.00429154891771356
0.0119672807340068	0.0195879447006924	0.0115352887239408	0.00999404787071533	0.0101362457399368	0.00397604261373229
0.0142023764187449	-0.000317537367680504	0.0283440292514968	-0.00907586217338313	-0.00797802315983365	-0.0140732921766956
0.0135703898506992	-0.0129302764203669	0.0276399187115729	0.00618176334052719	0.00304402652980337	0.000783101691575166
0.014286835005306	-0.0078812094222038	0.0267039540260116	0.0163669830330987	-0.00377549927553159	0.00496254536144436
0.0123687533433101	0.0147259857343788	0.00750072817440156	0.0207538489828944	-0.0133064871381622	-0.0162137435667732
0.0128832839992661	0.0193043160978148	0.00690817262928765	0.0104823356042139	-0.00528442794087155	0.0124966614038094
0.0121539416641678	0.0252028395427993	0.0131027241192522	0.00658944645450401	-0.00209185728360951	-0.00297042501602713
0.0128198188143156	0.011138978560164	0.00747897525473926	0.00981857672153012	0.0024789452616579	0.00701799056701081
0.0131541890850385	0.0196794793531809	-0.000827566193870074	0.0166243713001107	-0.0160189123076211	0.0113971182783601
0.0125889159241872	0.0180104322649273	0.00640816032498871	0.0111181852325545	-0.0112835215408391	0.0176196043785718
0.0125354203166122	0.0134382472681419	0.0231268776259233	0.000243160863944429	-0.0125655045181815	-0.0118715503111137
0.0139824098486057	-0.00520224217049751	0.0306610859631879	0.0100460218098625	-0.00117836761802068	-0.00270005329989053
0.016615164744413	-0.0336218686815568	0.0301340841993101	0.0253542839971907	-0.00773800560839623	-0.0101181827160547
0.0161963663351227	-0.0134971884888424	0.026284691823543	0.00785390529899116	-0.0116836672447093	-0.00635207798171552
0.012988492229175	0.0172699806737365	0.0133555047404652	0.00932790355912713	-0.0176603534134854	0.0172199939328686
0.0121859639296605	0.0172105598720635	0.00910783688389527	-0.00576421871092498	-0.00346815314052385	0.00409024400726706
0.0122539003368457	0.0205479447217708	0.0163017799274309	0.00755087521344191	-0.027760134257764	-0.00115016018032958
0.0124401005321517	0.00995863760240473	0.012135540616411	0.00925173701266981	-0.00267595107050144	0.0061225735747997
0.0137124426193017	-9.57025502607255e-05	0.0231370806550395	-0.0052481451210674	-0.0140658785056116	-0.00155368124058704
0.0137605665632206	-0.00395590081602916	0.0230766695598617	-0.00274827378919208	-0.0134924367458834	0.00222073570981396
0.0120470354198387	0.0164688690595862	0.00407620044410391	0.00314226642893439	0.00468635638091107	0.00678314000898443
0.0115338763087907	0.0056926582374271	0.00156287560359376	0.00831136565659449	0.0202476155878352	-0.00585139573991163
0.011645116341092	0.018383135561519	-0.00137218682288429	-0.0126421043887327	-0.00550506945801815	-0.0193571726358471
0.0113735959379979	0.0110572099334896	0.00186529739194879	0.00932190556334371	0.0126476799617549	-0.00297578843157809
0.011405727489338	0.00467659065028092	0.016555149455913	-0.0268490605436362	0.0103467387121465	-0.0120714035721939
0.0131312653198565	0.00384128269402509	0.00991321367433122	-0.0212629185343645	0.000666121000471388	0.00237072516933191
0.0122566211274706	0.010636180372272	0.000873682798135038	0.000744766049153912	-0.00613066423104475	-0.013865087001545
0.0127075785902642	-0.00692128072243496	0.00593707067581727	-0.00949278545384969	0.00574258540562961	0.00709173894320197
0.0133308515764388	-0.00554366004376214	0.0126705257279184	-0.0291639699739143	0.0103693040869313	0.0182777403369701
0.0126267015793261	-0.000913281718980211	-0.0110432239842322	0.0226798742492058	0.0053080626231711	0.0195090175376032
0.0122069279662443	-0.00975020207628291	-0.00574114973687584	0.0263345000430683	0.0144315354608167	0.00487042341739037
0.0119796049966717	0.0113782033481354	-0.00661791806087157	-0.00939493906525456	-0.000271516289116413	-0.000777975022001905
0.0124986022217358	0.00579448249763906	-0.00704422016890606	-0.0153505615685311	-0.0146711905958719	0.00644554376488716
0.0119919249329153	-0.00162778021090814	-0.00426913119118409	-0.0150986103891252	0.0135499217253371	0.0115663003372079
0.013037446117388	0.00656758417790837	0.00437560000103371	-0.0247742766164848	0.00159634391061681	0.00612632956432078
0.013203439571233	-0.0170170188554356	0.0218063758844871	0.0071488401780203	-0.00732611803433666	0.00333607658875429
0.0125048820284697	0.00184501484744034	0.000539403039209913	-0.0207694740692753	-0.0250259883753176	-0.00131450330042402
0.0117778104216023	0.00417480790545042	-0.00546701693323967	-0.0311195075758826	0.0155527087043213	0.0187820342248773
0.0128802454948118	0.0013096440234306	0.00884320804963597	-0.0167314323045401	-0.0118462502977022	0.0118386561740291
0.0121084890712828	0.00730412248831756	-0.0140834776440277	0.00975215035510412	-0.00685466419646802	-0.00155952711463756
0.0123793168300804	0.00745950988205882	-0.0090628284683323	-0.000144169199186446	-0.00314427958502201	0.0169588837136524
0.0124826966185035	0.012687907823946	-0.0175248070765247	0.00499368321135249	-0.00783590199965233	0.00315271542384037
0.0120358112708155	0.00906612831193963	0.000566708382675016	0.000332074715154875	-0.0228021573256201	-0.0122974765945939
0.0113363805992251	0.00504669947931193	-0.00126581380334362	0.00492369950396015	0.0140972689285767	-0.0050330189396362
0.0115135417455087	0.0108535421211087	0.00115630535130375	0.0166698610689011	0.00871958303759379	-0.0189725871372893
0.0120731172970641	0.00818440150450784	-0.00132477747142943	-0.00228303956656978	0.00183998912683671	0.00353260070036809
0.0125512738303728	0.00586345129135424	0.00180260759031484	0.0174871900537399	-0.00777938595931853	0.0183453045745156
0.0126335593846043	0.0103421990871188	-0.00230048254194019	0.0157039580427026	0.00669923593883806	-0.00504144957449695
0.0119881190888612	0.00230859757494078	0.000113249527068291	0.01158646703139	0.0304215065679516	-0.00344489895544455
0.0123540902597493	0.00328000783118634	-0.00473917569010557	0.00632247312299637	0.0109305214891008	0.0150847812025805
0.0123364667689418	0.00138305098692925	-0.00359701684792106	0.00555395922592558	0.0135734445108974	0.0177885068892709
0.0119767936661715	-0.00157725473830302	0.00696383108964747	-0.0118340141655819	0.0187535285556358	-0.00842386943072556
0.012064914912059	-0.00141319875603791	-0.00265388469966455	0.00948192798980151	-0.00433326628560066	0.00965364864066083
0.0133402872433582	-0.00478759904786436	0.00681948081262148	0.0119381685329522	-0.00518853858856761	0.000676704127204704
0.0131086478756665	-0.00514502216833208	0.00359509722794253	0.0118032605078581	0.000966292792145782	0.00300157416684808
0.0128418053371118	-0.00636529699595952	-0.0011794318399193	-0.012233813511933	0.00882229695817885	0.00473902198476092
0.0118509457474407	0.00251899036181449	-0.00911697323945967	0.0171085304944028	0.00546668148909536	-0.014234796411988
0.0122749439626892	-0.0216749675517074	0.0194322914522441	-0.00343220200057237	0.0108263516325912	-0.0210585715134755
0.0120458454680094	-0.000543416377851143	-0.0029559207862486	-0.00276177470893778	0.00924484925229358	-0.0196345529975063
0.0117490589513193	0.00127798949386321	-0.0125370612583583	5.07488922197228e-05	-0.00570969367232985	-0.00266559458698597
0.0129141250804582	-0.00593301378084824	-0.00121804473208981	-0.00815929571626714	-0.0060221143875378	0.016833061481309
0.012708570864743	-0.00792316955162325	-0.00271589749924826	-0.0211153574454811	-0.00736382444869634	0.0183311546418269
0.0118251137949681	0.00156593050887705	-0.00932396589659985	-0.0103463152628958	0.00534767602006923	-0.00261044180399277
0.0116447283572027	0.00353297450534203	-0.0115306565822613	0.00346821867777778	-0.00280912219200579	0.00908075723838923
0.0119309080527214	0.00109758709825442	-0.00782822464395641	-0.000687009915969353	0.00654930222009138	-0.0113875420415065
0.011756703937977	0.00915972761903304	-0.0107269353114616	0.00902900091101545	0.00533695725394222	0.00360922426867764
0.0114801187814754	0.00593910403021636	-0.00491779010964204	-0.00468443876504506	0.0141940835356496	7.07863450231053e-05
0.0123545508463092	0.00582892054361788	-0.00137519687600347	-0.00245230876666391	0.0188546969735225	0.0147549843838606
0.012168823409424	0.00935790174173385	-0.000926299149626717	-0.00161032035613627	0.00238713224445751	0.00835795596026261
0.0116932882873187	0.0122932407693309	-0.00110243109162125	0.0159082803095992	0.0186131295333378	-0.00491836232981177
0.0116769789827227	0.0107619999479884	-0.00867762524137913	6.59778985753375e-05	0.015483438702151	-0.00524279230495947
0.0115931238895202	0.0109682832378944	-0.000308180941914051	0.00999144370333508	0.0191763940360464	0.00360352470670386
0.0144590312654728	-0.0166240957548507	0.024784552251246	-0.00314199860666532	-0.00832184912533101	0.0163603344188315
0.0129061519269783	-0.00798232129604468	0.0509530495171981	-0.0181380408172453	-0.00431891712307274	-0.0324183580030718
0.0128178796094939	-0.00446920247620258	0.0177234385097753	0.0181773730060646	-0.00329943009905657	-0.0108685130074881
0.0127236076496405	0.00278654751412137	0.0184558893478419	-0.0168132909792609	0.0118835697119629	-0.0133032660427445
0.0132150652849388	0.00403769476326985	0.00679874990857371	0.0238604268120261	-0.015478709258685	0.00257140960086776
0.0143555892870173	-0.0281551256913162	0.0289748249181084	-0.00129227440267156	0.020068324125143	0.0155387141205808
0.0149462164594568	-0.0348974326225656	0.0342611192874676	-0.00164665385558191	0.0211661914128891	0.0120660414179038
0.0141366087688127	-0.0354352027776502	0.0350814068657236	0.0114873685172354	0.0261079614094401	-0.0040600931991433
0.0127052439318129	-0.0121532158885417	0.0130210937352377	0.027530826787532	0.0289939772485124	0.00713747785049288
0.011635829946911	0.0162911208296593	0.00156637000942461	0.0131140468395158	-0.000338334590410637	-0.0242596974219899
0.0118244503047815	0.0109427712956859	0.000189790877617529	-0.0088845578104212	0.00910274303615136	0.00106843555153885
0.0139292720518844	-0.0193299042665576	0.01734455908269	-0.0125820852127294	0.0136255774100857	0.00855471533220368
0.011798616792299	-0.0256757428402996	0.0250049104236448	0.0141357930064534	0.0168817125482434	-0.00145661549082034
0.0129020809505075	-0.0148515919786611	0.0188632748639069	-0.00638765876908685	0.0185351913851742	-0.000918226836857711
0.0121618537966482	0.00917745440761015	0.0116084987028458	-0.0245661247432355	0.00675357157594451	-0.0230309487432306
0.0126604517421213	0.012531351543049	0.0106589162407118	0.00838408200503188	0.00116835892456506	0.00249095005733946
0.0117485363341863	0.0201039417449322	0.00583976738375832	0.0109981446112395	0.0130036822271771	-0.0310845933490623
0.012496214323758	0.00685942972999437	0.0220147176542659	0.00253430609087542	-0.00309706596669116	0.000712770928822926
0.0133088042975828	0.00297309622887483	0.0258887094306792	0.00852539205326767	0.00236706510291974	-0.000647243601334942
0.0122583904464879	0.0136651769450166	0.0205882886491408	-0.0262534421087959	0.0232344106777517	0.00118226210332015
0.0126221892774096	0.0137842010749416	0.017229031357443	-4.61188242087442e-05	0.00625125598094147	-0.0022851653867804
0.0111562730491279	0.00971749145094458	0.0164943674009428	0.0199406177563822	0.0181477545400425	0.00620738582473456
0.0151114227986041	-0.0268677514195308	0.0406411679789698	-0.0082204284538808	-0.0166380806557016	-0.00677858237740594
0.0122421022534276	-0.0115542063020506	0.00835361889499349	0.0115622660816494	0.0399878336579598	0.0142041536603696
0.0123084869272681	-0.00449242841631238	0.0120224158376692	-0.0105530466563134	0.0101386413984863	0.008636270724616
0.012189897739123	0.013491314007415	-0.00608828530382102	0.0120444087815734	0.00151188820473115	0.00753836830996329
0.0115634148861166	0.0107028182371908	-0.00182925363796208	0.00307419311239391	-0.00437780131824568	-0.0119359813845199
0.0134313328019274	-0.0123875624213084	0.00646481241810172	0.00882662596637751	-0.00222007185393949	0.0139971989267438
0.0132120813177386	-0.0126797976441237	0.00628701769075559	0.0100794316524264	-0.00630362980556974	0.0192195779673432
0.0127613182597945	0.00107590543679238	-0.00770843648800397	0.00742226532810779	-0.0104739478319082	-0.000287432727201079
0.0117371214539949	0.00791681515229363	-0.00791383239925075	-0.0061216324730606	-0.00279128777939253	0.00553608155643131
0.0135398077162028	-0.0159299442202782	0.0112474407122345	0.000297443816867258	0.0036829020429056	0.0165819557210957
0.0118939304704928	-0.00473616453880543	-0.0013239648113908	0.00718192650711002	-0.00153560758236837	0.0163352818087192
0.0118046997759104	0.00595816593619445	-0.00958989272347353	0.00221001871267411	-0.00847175737068155	-0.00190586745907884
0.0119859367499492	-0.00318904586141553	-0.00809410474778971	0.00586479129832611	-0.00156238067916722	-0.0125846417251023
0.0118717003966198	0.00634549115538862	-0.00714796841326699	-0.00163685207262765	-0.0074271596892534	0.00158082739533894
0.011859596764379	0.0023637076687773	-0.00954673458660923	0.00860526452763711	0.0107199123392403	-0.00593165325166459
0.0120116757994671	-0.0123802667327583	-0.000267158725756791	-0.00533249033256822	0.028907377845467	0.0281551551424135
0.0119489942831778	0.000848582878001554	-0.0107663935217506	-0.00779349176441583	-0.0124197795108422	0.0206446282331914
0.011962391916858	0.000986092134277634	-0.011452708720578	-0.01096095412227	-7.70719829105071e-05	0.0117967212667525
0.0117075646965975	-0.00208028932164333	-0.0123304751377948	-0.0026537229090742	-0.00645199562880101	-0.000739831773152895
0.0118600963648412	-0.00384182982260406	-0.00732386406788989	-0.0230765957746875	0.0101897702791732	-0.00538441325179128
0.0117726474936221	-0.00456427416564176	-0.00740117845828096	-0.0217152541423801	0.015659931896315	-0.0030901324187536
0.0123196842053267	-0.00955323315450138	-0.00716664743528295	0.00191215733880948	0.0139388656042726	0.028407869288948
0.0130371020579797	-0.0065687828687738	-0.00945872612804353	-0.00306351124306246	-0.0179434569589098	0.0151810097490232
0.0123287931309849	-0.00455088349016858	-0.0130157634381182	-0.00445687645517513	0.00399425633877973	0.0119528751069439
0.0120259936438755	0.00392473183297835	-0.00993148987894934	-0.00849297627253816	0.0108136250830868	0.00535908360438391
0.0113958042179316	0.0025078230684812	-0.0173893920102978	-0.0016877431574388	0.0131955739026877	0.00767998087493083
0.0120297795840839	-0.00282081002734447	-0.00350217325396951	-0.00120248924195909	0.00379022758168763	0.00487937233052383
0.012243254522334	-0.000736018582007951	-0.00383943188207619	-0.000451015582178523	0.000579153812501765	-0.00324026730112774
0.0123224538163558	0.00284091802363325	-0.000163963505249205	0.0037158808305818	-0.00276640943658612	0.0118971203764728
0.01228002416388	0.0027800148270085	-0.0027484449198223	0.00983878570692557	-0.0013339961848765	0.00457333568468295
0.0132554231072229	-0.00581460422412849	0.00837729591824324	-0.00487164050572797	-0.0103266701524014	0.012667341736286
0.0131219188809911	-0.00161556181919433	0.00439006563378269	-0.00811660252479202	-0.0152824356103496	0.0166104576135461
0.0122662192257153	0.00299926797642901	0.00231389931565724	-0.0130671287007996	0.00943118355938192	0.0235513166899967
0.0123764245931481	0.0019119742295568	0.00841939914448931	-0.00935539465403092	0.00289522452616392	0.00631917949184323
0.0137493546689699	-0.00307080210946669	0.0110543205077129	0.00239213503333298	0.0149324799813148	0.0208226362934125
0.0131047768327399	-0.000520105810181222	-0.000263610026755352	0.01649798819624	0.0262381151016722	0.0241148671621269
0.0123738920823642	-0.00483744827060255	0.00961336696018285	0.0125612539588897	-0.00914040637226298	-0.0114289103971186
0.0122466195682308	0.00898367078428997	0.0123539681706684	-0.00304709455861229	0.0018138543890506	-0.00892435015875579
0.0121699107237546	0.00775917890507722	0.0110000063907027	0.017346510213954	-0.00200031459463844	-0.00173345603842259
0.0118177357386109	0.00969998256553216	0.0119185543682908	-0.00916037944446908	0.000213653864913468	-0.0181586316484428
0.0118861444838081	0.0102652019909175	0.0100302314789244	-0.00062533073597452	0.00919181979054068	-0.017384987258647
0.0125190065985213	0.0148832129660169	0.00364401279348978	0.0104785977290982	-0.00953177599117616	-0.000199428704826036
0.012397130434227	0.0188797693812472	0.0111248965080189	0.00636377406895661	-0.00831694898752583	-0.00571747978719394
0.0122900691058104	0.0197762171350387	0.0107620572468207	0.00721923409217556	-0.00392466061397717	-0.00402668119250284
0.0124772371415077	0.014735090686421	0.0075655890419795	0.00849425814575668	0.00489957507071704	0.00798708640625531
0.0131482844362432	0.0202534654689457	-0.000686432968198579	0.018198918455768	-0.0231499682471322	0.000878756727115021
0.0138526745309079	-0.0067350405718945	0.0154700623648728	-0.00433578985240958	0.00888194573549917	0.0206157673420442
0.0138065633285811	-0.00441134032158534	0.0150588954612972	-0.00210893357169916	0.00904631724298644	0.0206817330712735
0.0125571524188655	0.0135286152202574	0.00870190743585182	0.00536429022672489	0.0125409976540389	0.00374986979958042
0.012044545535604	0.0165200151230774	0.00421386058714977	0.0131640869612229	0.00512860706206985	0.00522907605344468
0.0123795928105418	0.0197652806922535	0.00164009701631278	-0.00259260661066449	-0.00442804767974075	0.00044572850840665
0.0118858456180945	0.0179588428936942	0.00172455359180777	-0.00325399914523985	0.00120133085861016	-0.0109851647101357
0.0117898245151334	0.0116117403713517	0.00218061893766673	-0.000473976901428688	0.00806322734608026	-0.00759872362044388
0.0118958925128105	0.0181311129236201	-0.00111760997156438	0.00461314880918856	0.00308420029862862	-0.00662986097202668
0.0125240206198796	0.0038697006222331	0.00163318803569464	0.00692300133014067	-0.00552172610941263	0.019403104299945
0.0120764309341117	0.0105397841353568	-0.00629223201417381	0.00274455265872763	0.0133201224538966	0.00165588707349411
0.0116092090194532	0.00708571470128735	-0.00313781503639972	0.00798712266387139	0.0179678107999132	0.00038677155028271
0.0129044350985814	0.00162996185752782	-0.00883035633003916	-0.00338640539631852	-0.00337926997774835	0.00543625880151549
0.0122705161025248	0.010998903063748	-0.00661754053618093	0.000683221615208325	-0.00510083933078813	0.00849044806021332
0.0122120036812623	0.00349917102705531	-0.000679008551319168	-0.0039827943724791	-0.00176348339530453	0.00336968439401763
0.0116138313700033	0.00702330864847152	-0.0197122198530431	0.0118167418262621	-0.00648900153863017	0.0113710800800041
0.0117359844714695	0.00594408381445308	-0.011792787812749	0.0144467456459246	0.00730914597725119	0.00778676685609688
0.0111388719563611	-0.00464872821803865	-0.0196335147671815	-0.00596964072767713	0.00405371597364105	-0.0179484582366612
0.0116199638004655	-0.00823771373659311	-0.00761960620811979	-0.0154898965180006	0.0206347030178767	0.000190305740079668
0.0115047059289441	-0.00544242565142212	-0.00984605550670947	-0.0225416130739869	0.0119636344945205	-0.00960462373800918
0.0112545893215414	-0.0129508636716117	-0.0112567767548213	-0.0129171442215854	0.0284559202832619	0.000356073290969854
0.0110148835804848	-0.0135200982909859	-0.013121548678119	-0.0105097089044828	0.00752601943435203	-0.026208059999696
0.0121101763735076	-0.0138865276959264	-0.00575554260535195	0.00300074336952344	-0.000823597316912263	0.0101462244292207
0.0122903513889392	-0.00558232684188821	-0.0131009993217229	0.00134448720270342	0.0054627104167928	0.00958157705775654
0.0114392681509203	-0.00574248047286946	-0.0131439587937404	-0.00202030549826652	0.00063345366317418	0.00329510201239863
0.0125302691745399	-0.0111710270915383	0.010569852836855	-0.0259273494956015	-0.0165592775352189	0.00217119547360175
0.0113600371247899	-0.00975045152887057	-0.0120163125146851	2.29819941048133e-05	0.00445699759338481	-0.00353068127055136
0.0125925371604095	-0.0132661802177319	-0.00692977485305031	0.0116509515000361	0.00457135563077525	0.0143626373991372
0.0117870827822812	-0.00595469731399808	-0.0166361920170069	-0.0119507302827518	-0.0263308241072756	-0.00176608614526859
0.0116328216352239	-0.0123116706572339	-0.0141641030521308	-0.00550794210055323	-0.0037514265413692	-0.0199209877213517
0.012003056386191	-0.0129114129436565	-0.0126560394169714	-0.0259931871334126	-0.0172656321377039	-0.00706696028605079
0.0119238670659248	-0.00929832324716798	-0.0178672615929766	-0.0141895973572182	-0.00501960674481534	0.00610403431762118
0.0110440382520851	-0.0147481339374586	-0.0127448408692735	-0.0246202203922154	-0.00319139624879833	-0.0199450586229393
0.012030711450849	-0.0312579486607606	0.0151684901258771	-0.0504697901891111	-0.00732748743180239	-0.023566565595197
0.0113049865374124	-0.0231651144808716	-0.00722803877965811	-0.00586737099354362	-0.0032669072532925	-0.0111553138646341
0.015262145682645	-0.0369170974914456	0.040210433286852	0.00584455948486612	-0.0172301220859247	-0.0226753322395922
0.0125140233760633	-0.028323090307198	0.0130515996712273	0.00702722290419714	-0.015951931053926	-0.0137449686853801
0.011692445780467	-0.0100398531790913	-0.0112291037022388	0.00229340729287111	-0.00741339159896754	-0.00871153344777832
0.0113515784563371	-0.0156731106866594	-0.0143839544181091	0.00383734650085728	-0.0100669176529993	0.00547634567664188
0.0129587842091677	-0.0312105403997553	0.00925956044221017	0.00724250242277568	-0.00119570712765072	0.00131578868509077
0.0124435483034463	-0.00671498963061355	0.00831143360212718	-0.0113542950389637	-0.0159310492855667	-0.0357853014707117
0.0116631919757654	-0.0171533943095451	0.0051181097136092	-0.0154810876092834	-0.0241647890194217	-0.0167574086756782
0.0119702689242111	-0.0149431894360649	-0.009880909224453	-0.0147055243063865	-0.0107959424335261	0.00289373413939221
0.0109586905183033	-0.00872137028866241	-0.0168535668682946	0.00714946179591346	0.00861142560599261	-0.0220596433611937
0.0111168411647136	-0.00525961247744095	-0.0133807449863961	0.00806521578859427	-0.0122792342154518	-0.0150197744542505
0.0114232574483216	-0.00674992036836713	-0.0155644344110689	-0.016832669040564	-0.0023756372722852	0.00323637106079925
0.0119220469718046	-0.00679316168131277	-0.0115509620102556	0.00917761576138165	-0.000720776036482739	0.0155304251648074
0.0121088725807301	-0.0158450805283178	-0.01046774588282	0.00174707782307956	-0.00299348893580347	-0.00276604432977126
0.0109665820753444	-0.00710016030642028	-0.00968553811616074	0.00376692518316915	0.0227511737948885	-0.0189801641273642
0.0118954291856465	-0.00087813897492355	-0.0154175071408151	0.00409531448061866	-0.00154098385688001	0.0171697652934639
0.0112679389832562	-0.00850983974747917	-0.0139823778127809	-0.0102451011266443	0.0217653685311121	-0.0131931920103716
0.0116555578509067	-0.00319018225580798	-0.00772503641209407	-0.00226401467610085	0.00751250751515861	-0.00359659431212008
0.0126195700602661	-0.00467824345095224	-0.0136229824258381	-0.0040023155748734	-0.00787543284733568	0.0153976930831236
0.0115660793966401	0.00527219916166725	-0.0102817238226207	-0.0105071693922678	0.00108647038931141	-0.000641878611063789
0.0126673591578282	-0.00318539804132241	-0.0138278420631616	-0.0038244327193985	-0.0132417300935667	0.0145932532768047
0.0115993141175798	-0.000723555290654914	-0.0106097498085587	0.0132303917604104	0.00922276816572468	0.00543624736349788
0.0115545200571316	-0.00210965436690533	-0.000845465801826452	-0.0054139335079395	0.00660845725608828	-0.0155691739580466
0.0113698074603213	-0.00272241800618825	0.00257310583296211	-0.00441806716606464	0.0152112378841502	-0.0217535359998417
0.0121039897732891	0.0050424891834337	-0.00813288770280319	-0.00291866314179078	-0.00841209446708577	-0.000409490729077314
0.0114947796768118	0.00227259690215498	-0.0102878225347033	0.00891060177517814	0.0232744291047521	-0.0188378558166344
0.0122130515826885	-0.000246417310371909	0.0130685699867374	-0.0342013025296484	-0.0048237599482308	-0.0166293312618613
0.0118674886107739	0.0073927128899819	-0.00525356266619503	0.00592749821649528	0.00123476028926853	-0.00804233462024418
0.0125029813071782	-0.0220619257465465	0.0196974396569738	0.0258549696049431	0.00235298698573806	0.00396549939120905
0.0122671484435905	-0.00458545849748214	0.000872227792663162	0.0107137177194802	-0.00551264676467574	-0.00112557599755599
0.011416051061983	0.00715532972453245	-0.0053753577671606	0.0111918633352104	0.00979160785044962	-0.0114812715499422
0.0119484910548913	0.00751713294177804	-0.00314230568851912	-0.00116614798787199	0.0112908768055366	0.00122288452995924
0.0116035011817519	0.0112705349523249	-0.00276312292390411	0.00687033484915031	0.0211264147282503	0.00343307464745108
0.01182253499345	0.00944721001791589	-0.00105963235337485	-0.00738520270869296	0.00812431100441083	0.00300185391161256
0.0124689506962884	0.00447361399464213	-0.0062254115325029	-0.00147766752669079	0.0080611012295807	-0.0014477840863241
0.0118798251998856	0.00521605558214204	0.00663818029860487	-0.0211373995597172	0.0227975724248295	-0.0044036072051228
0.0117881151831247	0.0013382072026412	0.0167567192691462	-0.0156995578880813	0.0213627755741529	-0.00609494480835991
0.0127079638767488	0.0091430848117196	0.0158620682362507	-0.0400840611133221	0.00375521232668866	0.0109366825668608
0.012745011774116	0.0100973093448005	0.0158022293675567	-0.0401749843814728	0.00132917587490548	0.00955143520555186
0.0119465736428796	0.00529927208047281	0.00994182407590277	-0.0132532422421418	0.0166262887680132	0.00697379024382931
0.0124038000347992	0.0172170032469313	0.00503389958517818	-0.00865418823684424	-0.00823376104047227	0.00593415664305666
0.0122218387079932	0.0124005697310008	0.00456157605001879	0.00178444175389004	-0.00976437024091092	-0.0153043478470334
0.0121430351285321	0.00855723544364275	0.00779577299201762	0.00145136590525689	-0.00297007551228815	0.00824845223092636
0.0134917336471499	-0.00442331068287543	0.0127003658783311	0.0126257245862119	0.00103664050594101	0.00121541754676497
0.0144673217886749	-0.0171046721958172	0.0288220290082791	-0.00791166344258299	0.0068933149738167	0.00726065914707808
0.0146313577473099	-0.016487781894781	0.0280905155948101	-0.00981500213446553	0.00922545535015553	0.0114647496907719
0.0118363967756498	0.0179131028942429	0.00396806190605337	0.0120535738892201	0.00200532588912999	-0.00670976513823244
0.0121956985128146	0.0179498607900148	-0.00117148032365958	0.0166250420897542	0.000961075720594121	0.000646400119242913
0.0122167509841835	0.0157958883571345	0.0031340678759258	0.0161743868963534	-0.000536044103063877	0.00508735624571247
0.0122487767243082	0.0161657876164144	0.00666937393462743	0.0144900031686559	-0.00221821402670886	-0.0177577980082062
0.0123996518834473	0.00571363876954062	0.0125468989937979	0.0146872963800718	-0.00363950379578427	-0.00538282629901449
0.0120594283572242	0.0159901812473334	0.00688880097876714	0.0212492961380092	-0.00170541314753049	-0.00975994100475923
0.0135062894652176	-0.0154275691099069	0.0382870493546746	0.000721188714961593	-0.00969058481298069	0.00474445155454186
0.0125994541727435	0.0126677819575118	0.00933267194318106	-0.01275981743148	-0.0163713928642197	-0.00962712192878105
0.0117452265062736	0.0131126061560899	0.0111327813291532	0.00878347381230915	-0.00809450267888654	-8.87744111269066e-05
0.0125012129777947	0.017730639271073	0.00311901553505093	-0.00921051997003593	-0.00408560346128779	0.00708551364122811
0.0124029337458518	0.0162236121924939	-0.00257377477971102	-0.00445060022738073	-0.010158358258041	-6.05702486411158e-05
0.0124364963210862	0.0175614087471214	-0.00286854761041072	-0.0052508887847714	-0.0109040879172949	-0.00172558319694286
0.0125716037728206	0.0120527627945847	0.00614674925368214	0.00224589065025763	-0.00648515969153613	0.0096803416881047
0.0125348418403502	0.00948601590936789	0.00136108520283734	0.0011852463594321	-0.00985293152470539	0.00657124583433326
0.0141024003127859	-0.0144869085318172	0.0203889865074976	0.00863830056578157	-0.00285984091900076	0.0170460504705413
0.0121848527039624	-0.00958268894428314	0.00435132636096319	-0.00636430748268889	-0.00338323662170165	-0.00564521456428175
0.0122522717687453	0.00151942393750999	-0.0201444989480347	0.00723492034630725	-0.00378871875722604	-0.00131892548015521
0.0108595932563905	-0.00728411036688505	-0.00975355816350358	0.0205380771247633	-0.00583322114844643	-0.0115795920184996
0.0119978520467923	-0.0167537300532791	-0.0116509891987455	0.0114535012695074	-0.00767086766258407	-0.00469816155774057
0.0124567770124184	-0.00666754507859774	-0.00820654792555623	-0.0163954410761072	-0.0165866925642914	0.0027088750546973
0.0112325664840089	-0.00433729981555868	-0.0104218143489918	0.00265261444767352	-0.00946461229106158	-0.00159456704056471
0.0115084719437759	-0.00248572016726365	-0.0175317065725247	-0.00146230036828539	0.00206382330697904	-0.0115901758614227
0.0115448537679591	-0.00868781135657153	-0.0164888105343411	-0.00441046528246491	-0.0100720867043867	0.0029504971358127
0.0142279669701092	-0.0311805030397787	0.0113000873188426	0.0126445552173986	-0.00733753910234441	0.00041131236533004
0.0121426611294878	-0.0122686664043506	-0.0133423626510592	-0.00726150581327239	-0.0143039540624649	-0.00348997439934878
0.0124182465255423	-0.0183712879095134	-0.00703030384759622	-0.00959821210064268	-0.00732906565491754	0.00100113463867479
0.0122648914738032	-0.015505808665377	-0.0129247221653882	-0.000836842335074077	-0.0149093308816313	0.009087613741034
0.0126273801681077	-0.0325525361876949	0.0151700957960905	0.0106993500872501	-0.00533219604413764	-0.0137469506528644
0.0119705163721159	-0.0124054259412061	-0.0194867128479399	-0.00804355011221983	-0.0211234127344188	0.0143690434382865
0.0117788591828001	-0.00907013716162074	-0.015164037486416	-0.00355441433174794	0.00233880174545877	-0.00393111146906415
0.0128670714634303	-0.0256152837346379	0.00509296118795149	-0.00321046599664655	-0.00743589161384698	0.0154602840927963
0.0117744177259958	-0.0121259010175696	-0.0138334080291677	-0.00470315436611697	-0.0086943112397928	0.00392766706390573
0.0112919258859656	-0.0157606799936131	-0.0250559826659773	-0.0193029971840635	-0.0206363364811484	-0.00715433937055608
0.0106552217456108	-0.0127661246066069	-0.0204209541080282	0.00953600182708433	-8.161361612374e-05	-0.0101630877599861
0.0111237620163935	-0.0153431933419204	-0.0175058882281496	-0.00164554733236527	-0.00755106267548408	0.00816048830182225
0.0116465472978098	-0.0104761509427105	-0.0154353315360584	-0.028773354189046	-0.0143859096764413	0.00164713873039574
0.0117400835038654	-0.0114356525543323	-0.0226279082309801	0.00224984104322219	-0.00530765052563101	-0.012140386014446
0.0134495349841484	-0.0274656529435936	0.0220750608656993	-0.0159158886233238	-0.00632146015644713	-0.0174151074115107
0.0132048150882404	-0.0281120827239417	0.0182011969683579	-0.0231909188002244	-0.00393048112722914	-0.0164663130460355
0.012218289343483	-0.0180424503063225	-0.0116312199711896	-0.00889288361615527	-0.0113844918413134	0.000925547502039429
0.0120827742245555	-0.0161404008204474	-0.0184410089101496	-0.0152999927397341	-0.0122158929572711	0.00569191290613541
0.0119052094354206	-0.0207875879531662	-0.0139771021416035	-0.0148462108067622	-0.0153919468955696	0.0171919422598169
0.0120385140050585	-0.0073586188323775	-0.0109634426067148	-0.00886665679095359	-0.00142726069382768	0.0143314948316268
0.0113925228426822	-0.00900383692707278	-0.0238497432270833	0.00161828717347118	-0.0242044443752823	-0.00898773602628727
0.011625301141452	-0.00504623584689113	-0.0235129415327106	-0.00866146992669026	-0.00423602482477615	-0.0192804468219348
0.0114632182667293	-0.00124157304810799	-0.0240324306258146	-0.000253863246285903	0.00787953033362106	-0.0072683911085724
0.0112164392423543	-0.00369475526660896	-0.00975919862569524	0.00447303782319214	0.00599410202771688	-0.0217879812217915
0.0121653788317935	-0.00975910142998015	-0.000831804276552613	-0.0476690861856413	0.0179033264651004	0.0192668345933066
0.0118006830157709	-0.00187019026093797	-0.00188509283224811	-0.0145150988380578	0.013916758291414	0.00283677486006122
0.0130714473801233	-0.0130762421750538	-0.00296245491216672	0.00400316476018321	0.00291444708076691	0.0231286648944486
0.0141599362179434	-0.0172236697247432	0.00351556682383795	-0.00199468581558272	0.00835769390925598	0.0266776165360392
0.0116043622617921	-0.0154230246979041	0.00284702174283686	0.00981896706387113	0.0252881115730865	0.00464211380274161
0.0120104016666654	-0.000255449715650202	-0.00542081538499783	-0.00111445728141698	0.0294374153398793	0.00410446282613386
0.0127910899724809	-0.0171843416206371	0.0187752929390713	-0.00156926591702103	-0.00166043208476762	-0.0114807535580054
0.0115656175336519	0.00130248731250817	-0.0112615201434576	-0.00381848609610636	0.00780231671260358	-0.0127247658604019
0.0117839067649221	0.0027031073609204	-0.0120242093393826	-0.0176421363319515	0.0136435089448006	0.00143644262276009
0.0116086207666746	-0.00527169944657875	-0.0139814958005878	-0.0164243031673987	0.0214752506165724	-0.0187646886705435
0.0116264176845669	-0.00701109669273723	-0.00315754010045511	-0.0125718650786531	0.00459190516655355	-0.0105425305805962
0.0122271847266029	-0.015122465642821	0.0108700088097819	-0.0371761175234366	0.010083815258409	-0.0066034307469895
0.0116474721411619	-0.00966766552150718	-0.00656986846064065	0.00199399706223866	0.00675782601933692	0.000572062567378293
0.011736415675057	-0.0057824502178971	-0.015812475522001	-0.00748245305047	-0.00621077387385904	-0.00572206246982305
0.0127682771290328	-0.0160999620278309	-0.00260312092824763	0.00948644928268427	-0.0162621934617873	0.0161234827675368
0.0121884587352905	-0.00684831082789113	-0.0124104105660465	-0.00706908161733797	0.0007487493401717	-0.0122609808225501
0.0116799899778908	-0.00523249536647005	-0.0165456891715688	-0.00427387788296035	-0.0130225678130809	-0.0191860556273206
0.0112232547924311	-0.0117600255504808	-0.0177435962495998	0.00647099461668318	0.00877846829103009	-0.0105276562178058
0.012364648804381	-0.0119697680572971	-0.011800641017963	0.00443316097117797	-0.0036765118261989	0.0158003654617664
0.0121490818369423	-0.0109316115388767	-0.0210761546768568	-2.85819422319502e-05	-0.0120381003223898	0.00851636154144689
0.013044238290616	-0.022062768522224	0.0186101274794156	0.0030209169603838	-0.0176639357922523	-0.00457275628104178
0.0119679470577998	-0.0250264013478897	-0.00271451409788369	-0.00968862562323419	0.00646823606141021	0.0116568544090133
0.011792421491648	-0.0157896234695673	-0.00919629478209755	0.00489195312510086	-0.00461970451881248	0.0110432359405449
0.0117100067639187	-0.00867339983546081	-0.00989108484539533	0.00349112990477622	-0.00826309701254886	-0.00010308223091831
0.0125187476133878	-0.00211355167122271	-0.0133169234269205	-0.0133483182069205	-0.0229958779046149	0.0199545514752699
0.0125084555974183	-0.012426712477061	-0.00418616805508517	-0.0101122104030865	-0.0158176890208629	-0.00154865829054326
0.012115586278668	-0.00615006192058278	-0.0140597549516269	-0.00615384964039498	0.00883103512396603	0.004567678494427
0.012034538295607	0.00455016855672418	-0.0130771226139832	-0.0127192264274189	-0.00665149337519226	0.0105043575311582
0.0120820907189245	-0.00493439434892398	-0.013144164249181	-0.00704115036457918	-0.00766345856583056	0.00556434696365455
0.0119138222405087	-0.011794004169147	-0.00312456011988918	-0.0390937557806772	0.0277979256275494	-0.00554932820314191
0.0121418008957388	-0.00735073632123263	-0.0147805095089148	-0.00774539767028434	0.0157089288244021	-0.0233191807952346
0.0127354888073068	-0.00755241553271571	-0.0119992744586608	0.00169751064436573	-0.0295304810121411	0.00519079143542431
0.0124432480118595	-0.00648246979528821	-0.0131538614340979	0.0180657156537728	-0.0217036640157468	0.0073375122824495
0.0129022733053665	-0.0195987583221695	-0.00488429444357457	0.0151636708933672	0.00448602090689847	0.0123846035341648
0.0126079385817929	-0.0194464443145298	-0.00215870872102748	-0.00108062165869206	0.0127529716081172	0.00616487582981518
0.0116860763521268	-0.00695813228037484	-0.0137392373449095	-0.00448567120812329	0.000116455190326314	0.000691728131475239
0.0119089614910231	-0.00827982963401126	-0.0167198383440664	-0.00926272835547883	0.00740711373104274	0.00476422898211088
0.0115569954574637	-0.00553167921846565	-0.0196943152298285	-0.0131120319557298	0.00718558255685628	-0.0102080426228682
0.0115802679595443	-0.00837066517579587	-0.0181264688546588	0.000437578544100083	-0.000907420345654821	-0.0279714696965469
0.0118351560019466	-0.0111591389279799	-0.015600841083621	0.00603953435248377	-0.00489663454476161	-0.00323140749284931
0.0125166387464671	-0.0119343957143842	-0.00660076944983976	0.000184146592280799	-0.00979875769320583	-0.00898156026033908
0.0124126667221941	-0.0123445195556038	-0.00579135611582766	0.0011019577083504	-0.00940547497875915	-0.0103039924982492
0.0113822740976867	-0.0148233287436553	-0.0161273821396778	0.0146206046488279	-0.00445270017773152	-0.0113759107549355
0.0118424228382438	-0.00589008781954214	-0.0159123435555442	-0.00650132027325044	0.000411989050988367	0.00484133323485922
0.0118404046151546	-0.0159236443937312	-0.0048113935539335	-0.0129127001611043	-0.00554889675069266	-0.0105591237449772
0.011787609559874	-0.0164946296720908	-0.00288636539230112	-0.0130504357315603	-0.0021105757240354	-0.0140160893617979
0.0113093092105868	-0.017544784313298	-0.0109412257291023	0.00519979092510848	-0.00125136222027539	-0.00757607990969861
0.0119287573583284	-0.0168669797449635	-0.0201728434090358	0.000280566803161741	-0.00768522658837545	0.0176913039645574
0.0113066358526621	-0.0222773921644234	-0.0182969216762765	0.00951312941078627	-0.00796333470265734	-0.00447782935737495
0.0116436898563184	-0.0168965892922157	-0.0205376446194999	0.00416395374433359	0.00164063302791791	-0.00836015284157546
0.01158480056825	-0.0131578092827317	-0.0166763661399531	0.0135761385361043	-0.00968033091980624	-0.0103226881343737
0.0113685457347029	-0.0079096242276115	-0.0273374900999997	0.00136704444473127	0.0120100350729872	0.0107229501099121
0.0114578062313977	-0.00670448936897597	-0.0272300222873743	0.0021547702457036	0.00832847797170123	0.0103921545772816
0.0118117002957522	-0.00389744632074092	-0.0181013839290844	0.00495753213105968	-0.00131214258386064	0.0142638341193514
0.012430954612118	-0.0233338740048323	-0.00391490163078849	-0.004201994556581	-0.00154900349063153	0.000987180092887689
0.0126507008192728	-0.0270731434407557	0.0209363427872817	-0.0151360846818641	-0.0131972545826339	-0.0173002636114348
0.0122066328342195	-0.00550562239816774	-0.00836909241718999	-0.00492797437564509	-0.00676465272536067	0.0110907320173859
0.0124217886218707	-0.0166604281928446	-0.00398295555745149	0.00750970730702906	-0.00196873881007547	-0.00395539881805038
0.012496928801875	-0.00670207277625949	-0.0139383534211336	0.0206236035076908	0.0153307455496522	0.025186454735856
0.0125829904796224	-0.00885552478339902	-0.000711785245090397	-0.000257546762576105	-0.0154785351170904	-0.00372446459380879
0.0140785372422336	-0.0213250775576899	0.0277293978708841	0.0252274052504235	-0.0184891889811695	-0.0138902511070018
0.0119763192350016	-0.00384123653559847	0.00332924730874503	0.0208775514305302	-0.0263721578141947	-0.0144858672796233
0.013567514238433	-0.00842610477832514	-0.0137638014998507	0.012387257267072	-0.00152053718728398	-0.0136205023433754
0.0129323817361038	-0.00841437003994144	-0.00088341332220155	0.0175143109879794	-0.0100104038582148	-0.00924592803847457
0.0133041552203618	-0.00619890676701616	-0.00889301864208734	0.00321565913717979	-0.00301542484463654	-0.00220802423401175
0.0128060564568022	-0.0112857411930616	-0.0187593939952922	0.0181260920042351	-0.00849732957886279	-0.00529989911919207
0.0129354453624957	-0.0108853338692238	-0.0183315280579706	0.0168238196131237	-0.00913179733924757	-0.00517657913599519
0.0118697652166152	-0.0202564118843505	-0.0137257865717083	0.0111883083205558	-0.00270172706537524	-0.00259064609264178
0.0119386407553142	-0.0233545438595282	-0.0150205405321862	0.0315579023793705	0.0172398889739918	0.00226050668137032
0.0112868790869589	-0.0121357206827118	-0.0135338497563484	0.00430589753293495	-0.00574614612255359	-0.0104584819420657
0.0118052365082214	-0.0108682635248262	-0.021783185653637	0.00244280281412342	0.00906262953801233	0.00289593852274586
0.0123760710637466	0.00417525012225196	-0.00958647808530071	0.00713529523790793	0.00629256984565193	-0.00268999674430143
0.0111111234524086	-0.00773927416304813	-0.00474219748189081	0.00513669716814128	0.0203877973246273	-0.010774107872589
0.0101573525421753	-0.0116843631094946	-0.0160589078300177	0.0171954214791025	-0.0183682064054063	-0.0274557462159953
0.0121022611482634	-0.00415683021610768	-0.0149570714103772	0.0165170275114507	0.0180906290805933	-0.00456455954111556
0.0120526423065369	0.0119026622467338	-0.00452691184981469	0.0120300642695942	0.00859513117504242	-0.0110226266723371
0.0122691143820889	0.0171673296257734	0.00060377467661079	0.0108188864834634	-0.000917396074644989	0.00229374401089328
0.0121517676822486	0.0226166051809091	0.00224272233961217	0.00121922603893397	-0.000796561065213871	-0.000170168104790329
0.0129782983996583	0.00528974073884883	0.0101386346857681	-0.00661956891197815	0.0102865507913975	-0.00168488896059832
0.0133764190954495	0.00856813937748138	0.0132922651771742	-0.00927928622652545	-0.0123335689379245	0.00108810485597531
0.0132715073317018	0.00679616887923826	0.0131659779435109	-0.00485679679925039	-0.00972500642955843	0.00209416657324347
0.013229050898864	0.00520625898588932	0.0108935426386517	0.00913568113735321	-0.0192173951990896	-0.000912444063477587
0.0125462649022225	0.0168469873978381	0.00264195951290015	0.0191448748659194	-0.0216961176856068	-0.00475145842012557
0.0127255772486424	0.0141786302344587	0.0146433892006209	0.00318942779449902	-0.0130400470609702	-0.00688657853996115
0.0126941360329043	0.0193330354457974	0.010850439283152	0.00919342515720406	-0.011926988001281	-2.70278477506325e-05
0.01370351036414	-0.00416176418525207	0.0210364307024052	0.015794737585592	-0.013285297763351	-0.00963418868784121
0.0120729150713164	0.0162431572539136	0.00974188093508803	0.00203240572264664	0.0061153608127545	-0.025444648234952
0.0125118582916061	0.0241875985872037	0.0152850554301805	-0.00775769754475786	-0.0132806071055175	0.00162680287895185
0.0124699089361894	0.024794769442	0.0155266276348891	-0.00290703177530819	-0.0166116703643273	-0.00309355590061396
0.0136792776788606	0.00322088753239838	0.0351067176834098	-0.0125430463932071	-0.00263712042251573	0.00560509887304895
0.0136274102355134	0.00931374506998556	0.0191847189895208	0.0136929812028826	-0.00325937480882701	0.025032995415612
0.0129823636181216	0.0117941237263132	0.0146389250075929	0.00363871034018142	-0.00131838677365043	0.00772571956021003
0.0122106451695464	0.0134514560310077	0.0143911515002163	0.00429095021545373	-0.00174881282473259	-0.0154531390105834
0.0127768939304461	0.0253845178467547	0.0161601202390186	0.0024418411325902	-0.0205591875802097	-0.00733400802091444
0.0124047351594538	0.0239104909802864	0.00801644664258955	0.00228546525961515	0.00684647103947202	-0.00342127687274329
0.0125176352491389	0.0238464852384136	0.00832578442371903	0.0042593947782081	0.00418307164566048	-0.00448066123091107
0.0127030645097965	0.0228286887738941	0.00869978584716794	-0.00468956900530305	0.00526884222153478	0.0168440581956717
0.0133198353753258	0.0124136475825547	0.00823813634029645	0.0135751543691402	-0.0241072835890623	0.0123728981467253
0.0108695389609369	-0.00249796681276812	0.0266355960209815	0.0260822356512712	0.00811510211060922	-0.0051958353470385
0.0122347614121798	0.0010002276780845	0.0312735399351664	-0.0386419503949221	0.00908620907451925	-0.018463925368642
0.0132288093532846	0.00615190140110451	0.0244543281226272	-0.0377396601131929	-0.000434649650861386	-0.0130537674759037
0.0125528009229452	0.016427777239213	0.00297207713713548	-0.00183127041736202	-0.00260415435564494	-0.00312088592575503
0.0124888400330361	0.0201202345952844	0.00782357895993213	-0.0100356944504681	0.0122284752275987	0.00485583729086166
0.0126506465756508	0.0139137800193649	0.015067065333136	-0.0358921438798469	0.0109732232927526	-0.00106939068401871
0.0128615626110939	0.010064195008072	0.00288904469897897	-0.0037589632248653	0.0181457386966331	0.0177579462919538
0.0132005959629002	0.00493471782230918	0.0154198136993588	-0.00154221459265932	0.000547407202638826	-0.0185515815405527
0.0129819049585982	0.019167912658495	0.00589192384577701	-0.00164664830815155	-0.0163399345124697	0.00625434445986776
0.0131799660678478	0.0251646869930318	0.00615022705949855	0.00321831235286416	-0.012821362760969	0.0149289690107898
0.0131423560627615	0.0221807805096412	0.00318884546013896	0.0090066209067532	-0.0158655185447998	0.0151614593227168
0.0127306649431692	0.0159091464736667	0.012980367069169	-0.00541618678760211	0.00123169161659444	0.00125247497019193
0.0130151754938147	0.00971266141804599	0.0178573174933331	0.00115864372059141	-0.00294596326798951	0.00840015580477733
0.0127791552533481	0.0266625998677202	0.014528144745006	-0.0140859788459425	-0.0085962863953977	0.0119262835983779
0.013011302274397	0.0281354743664203	0.0138486387503397	-0.0111114069673185	-0.025143086263085	0.0137154035713583
0.0124659455241837	0.0213551567790616	0.0130277229124765	0.00337501906575707	-0.00524863738528847	0.00260211105319392
0.0124718113648562	0.0195347545599786	0.0208179333645109	0.00496810577373303	-0.0221359095616458	-0.019749568183105
0.0129373715429457	0.0204554249214791	0.0202765107021693	-0.00490234653895316	-0.0230133232285651	-0.00789553763333882
0.0145287981502829	-0.0040031314565572	0.027191817780265	0.0125333528062554	-0.00401567415747555	0.00655336769189624
0.0126527913069819	0.0153426011297309	0.00992434709914132	0.00752195101504597	-0.00650561071000017	0.00208982057538486
0.0129467608160285	0.0196155718423922	0.0113824613897148	-0.00147886763800477	-0.00915125458971583	0.00994809850537085
0.0127342960383243	0.019064182928796	0.0127880915449387	0.0114473803634008	0.00116622451161452	-0.0179271967215692
0.0131762679273146	0.00766575799005441	0.013241922351562	0.000181389070847494	-0.0029384996044787	0.00139804121210759
0.0144437949597001	0.00509498744891567	0.00817870628761186	-0.014741726630383	0.00222586659404284	0.021970605478419
0.0126564896318959	0.024974971047963	3.36556684186412e-05	0.00692333380161517	-0.0109117084785494	0.00472479315094971
0.0124592180966566	0.0189474073106893	0.0104811663134207	-0.00683550199786101	0.00258101785347365	0.000171038842750729
0.012729566579488	0.0244923602368734	0.00123829728983413	0.00313109485005044	-0.0158981401020277	0.00254505656112512
0.0122031029462123	0.0121559481707163	0.0108480181526486	0.00674774760420321	-0.00615807004578959	0.00163877742407875
0.0129127128531785	0.0196809070589634	0.0105311731477475	0.0157251887935946	-0.0212644666091846	0.0181738489408211
0.0127881475573001	0.0186850088512891	0.0118403105181287	0.0158885482521295	-0.0179115979425864	0.0174089417480984
0.0133827931540336	0.0172587396069157	0.014606065855744	-0.00228421372659212	-0.0350187880791582	0.0132512825895357
0.0128333013452734	0.0234678601512169	0.0149222839577029	0.00622906090473503	-0.0214996352289414	0.00919252298950329
0.0131624088368906	0.0116084959922848	0.0212384037500845	-0.00236384020776973	-0.0131533429590739	-0.00267923265391352
0.0129792561078915	0.0145383198843447	0.0210713110374173	-0.000844774478479278	-0.0172175174927364	-0.000204205363369375
0.0136028147439712	0.0135171714221104	0.0202394906417613	-0.0102841769009488	-0.0173456785346398	0.013107259294893
0.0125626189826044	0.0213495634028394	0.0182132519757229	0.00326684695972394	-0.00423218526304273	0.00167261581278065
0.0126759814814883	0.0166189485962758	0.0140839083421695	0.0140231030099928	0.00421516211688438	-0.00573422205807012
0.0122800386100542	0.0127970509851623	0.0114404972711744	0.0165058775914987	0.00100377100307952	0.0052519593836093
0.0120703951334507	0.0213709974994803	0.0171711408811027	0.0050149817887685	-0.000986804753223111	-0.00643769062217166
0.0123335670012794	0.0241753688609286	0.00734227276351292	0.0149709473978954	-0.00550956737122693	-0.00900446820614716
0.0119101089511371	0.0173211906508122	0.011686439250921	-0.00361146319973537	0.0169051011893449	-0.00186850113382914
0.0120623122095614	0.0201990173142666	0.00687808764991483	0.0172256349547108	-0.0122871910113232	-0.00429951897976961
0.0126181447572125	0.01221035267387	0.00576643528525661	0.0124883217516877	-0.0183807340843884	-0.00948122364667611
0.0128539081879928	0.0138553974923288	0.00839847241513829	0.0114254307160944	-0.0171718152480412	0.00581888767270511
0.0129643974143652	0.00526837846258519	0.0156481333099544	0.0114939769256626	0.0102237820568764	-0.0132283325811728
0.0157963853227127	-0.0218522953763724	0.0211956891704766	0.022979330840621	0.0103997673139676	0.00669989527758605
0.013675195548824	-0.00106727582961908	0.0158333756891313	0.0132622822119804	0.000535566166755778	0.00486134074195425
0.0116192787756074	0.0130907722155789	0.0200987381858591	0.0100754078148062	0.00636205337981338	-0.00847456880294559
0.0122037685372787	0.0145319303036789	0.0115766234560158	0.00574711193125466	-0.0175966224185227	-0.0133010727285744
0.012694577638762	0.00746521904410638	0.0222494680084333	0.00897901706113604	0.00601255201394445	-0.0106380407691358
0.0126521438849743	0.0103752006657225	0.00811068488830929	0.0066506135854441	0.00588909065536642	0.00811091327771465
0.0143434701529685	-0.00827983179325718	0.021604832796461	0.0111530872443508	0.000193694295861063	-0.000306801484555629
0.0136802359416621	-0.00631270371596962	0.0252621212492763	0.0109324007486224	0.0139765053625774	0.0246748471751457
0.0123752099104653	0.0192136146622044	0.00491023406247087	0.00179653906433277	0.00675055684074202	0.00214304927207762
0.0123641595877653	0.00586269225226067	0.0169711603674032	-0.0303476027436354	0.00887770179337822	-0.0133365063152333
0.0119407151139479	0.0118989380640718	0.00409595398787744	0.000182777892134355	0.0191003721164191	-0.0235372789500297
0.0125988796974712	0.0106467661808998	-0.00127209358385298	0.0070068236281762	-0.0100888612061298	0.0150969231740143
0.0109439908975423	0.00414760993909322	0.02644230728583	-0.0235370938048054	-0.0146786876691344	0.0182653463377715
0.0115334840179327	0.00226084145758003	0.0115459059586896	-0.00489052007236728	0.0157045158826302	-0.0133913177617612
0.012346973565818	0.0132342103647866	0.00696422767771688	0.00210458638399419	0.0027964819973963	-0.00547773179970321
0.0123737148102495	0.00894462660361489	0.00771442158897279	-0.00833595013261998	-0.00538962021636615	0.00175500198595138
0.0122730219678768	0.00775481055737615	0.00871128589104841	-0.00881222134057675	-0.0042890090923879	-2.65239788139707e-05
0.011977550535283	0.00827064490485564	0.00640879587622907	0.00637449830809413	0.0123232204059538	-0.0101876498742665
0.0128073607559803	0.00878284619316022	0.0105279708100959	-0.0243198956609717	0.00232602913666053	-0.00151541913330672
0.0136692762673739	0.000313526950246812	0.0201417451065657	-0.00576200285446575	0.00137839542179259	0.0355482634997131
0.012271529338071	0.0154433896810278	0.00154113974242499	0.0131781068371241	0.0106727359454921	-0.00456146856498513
0.0122094453330237	-0.000318584666173542	0.018079816681472	0.00550460306446693	0.000117635607885688	-0.01433969063017
0.0131850213745746	-0.000406049031621025	0.0157336694641504	-0.00688648167492347	-0.0118602567778525	0.00378517680450609
0.0140650791244416	-0.0143495708290052	0.0220341491022337	0.0151680887286377	-0.0136766771196639	-0.00341747387664413
0.0142882501200486	-0.0121532701789055	0.0271141213036869	-0.0097481233902729	-0.025035767764631	0.00142876288586048
0.0122918564861028	0.0112150483031032	0.0103080459535093	0.0098971770314749	-0.000354816762145444	-0.00305044302083464
0.0121571709019421	0.0148614806307165	0.0107526976043597	0.00472327091257842	-0.00579242887643509	-0.0111080663880066
0.0119880023244986	0.00962758609123388	-0.00051648640818641	6.16051829736546e-05	0.00711454044521812	-0.0211816978915303
0.0119673177195086	0.00797533734316796	-0.00155144643092531	0.00334763486036531	0.00856843268788384	0.00531436923490164
0.0117698049046141	-0.00268479890390202	0.0190580356016181	-0.00700222200773096	-0.00826696098614402	-0.0183891943831933
0.0120712300015261	0.0018933562925286	0.00258618465133412	-0.0327086785125648	0.0235466511514029	-0.00748367786340041
0.0118534755872644	0.00593907803476992	-0.0103714648972774	0.011619857897007	0.0110405950925924	-0.000317559854536502
0.0122232487770425	0.00671262949146445	-0.0151608020766964	0.00847153749921552	-0.00662665974208598	-9.1895758979109e-05
0.0119004658293439	0.00497074623852894	-0.00499622626900336	-0.0187700754649587	0.0115062566789923	-0.00497009297403129
0.0114698400400199	0.00258546247713801	-0.00646842042186489	-0.0217863558970405	7.97325433994286e-06	-0.00707821767875264
0.0119019389183037	0.00762861869904644	-0.0071881241400574	-0.0148199515939994	0.0035959962542736	-0.0143680026520289
0.0123602927516539	0.0054812449174694	-0.0111743401753738	0.00238388195485138	0.00340886921633372	0.0166006593880592
0.012247095085652	5.18389559352617e-05	-0.0060573557377149	0.0138509608965899	0.00692050532207875	-0.00150505505854269
0.0121429196437994	-0.00155033998686001	-0.00441432929778186	0.0143669349570494	0.0046768184063459	-0.00165100112876745
0.0111386385296858	-0.00723721805424599	-0.00777687993862046	0.0128942072980889	0.00289070285329085	-0.0122024604236324
0.0100124362586731	-0.00419386357706374	-0.00916583506096721	0.0228062973780829	-0.0128725212165079	0.00143966362296683
0.0122691220888953	0.000716239353861154	-0.0085422851727453	0.0190270805394788	0.00510269673365825	0.00473534234140725
0.0119519203430495	0.0170677268378073	-0.00515397222180353	0.00280317957650513	0.0140747650255983	-0.0126474043648551
0.0126503687051282	0.00850298929701304	0.00686216675824768	-0.0031987233659966	0.0139466963416869	0.0013021481570733
0.0123654765626596	0.0161612752399532	0.004863433319301	-0.00577058105862179	0.00614853025406546	-0.00549089890177561
0.0125833613001625	0.0160494556372549	0.0066021441941052	0.00521682854264203	0.00164873690524233	-0.00624202263471476
0.0125960369827109	0.020438793086008	0.00218291801757468	-0.00667277045809095	0.0143094538861896	0.00172366993619415
0.0133938847737147	0.00693733721169661	0.00766847131476542	0.00529057712271544	-0.0023352474751062	0.0105094050544815
0.0126656014600104	0.0120880241343628	0.00257374086443857	0.00644227506267941	0.00544037341079375	0.00830046382194668
0.0128953249581947	0.0122553050863816	0.00138484151462594	0.00356101401366668	0.00241517003740934	0.0063278173410434
0.0130606962128067	0.024385358441391	0.000561455004265287	-0.00361909860832327	-0.00778703913283127	0.0135053244917803
0.0131256999396412	0.0223783241058354	0.00163831344040409	-0.00947201199727333	-0.00533133963818468	0.0138402738618716
0.0125248928501817	0.0233038795439552	0.00492361811234935	0.00925486454465673	-0.011103162726894	0.0111928082776562
0.0131230801246344	0.0211144323203926	-0.00216314150781611	0.00705550733620666	-0.00930110270635407	0.0188422612354423
0.0127178096893171	0.0209631032069079	0.0108823137435443	-0.00636159041295342	0.00248984905641392	0.00890242355132381
0.0125200807628943	0.0210915442833411	0.0110816506871407	0.00710376989050557	0.00231007626051332	-0.0153078273628682
0.0119673944994082	0.0205031624179065	0.0155089610110137	0.000661254259886018	0.00202274338370334	-0.0033357783046844
0.0122155308638644	0.0152115610334292	0.0180425072991874	-0.00544967073579576	0.0102605393801892	-0.00275313058570171
0.0130870284652904	0.0148069668703998	0.0166120682105629	-0.00687332121156417	-0.0127327329101063	0.00999833417569532
0.0136324883954621	0.0145810330291759	0.0146256060739993	0.00276581209160155	-0.023308404577453	0.00711217548604139
0.0141581813399477	-0.0126833562702595	0.023326727626092	-0.000978556195322335	0.0119994559716314	0.0206387968590148
0.0143734545449724	0.00422029442659193	0.0100932806318601	0.00736033387157035	-0.0122619880620533	0.00293392446814823
0.0143353168861894	0.00412935550803477	0.0102413314972704	0.00713092797053847	-0.0130530243925704	0.00215750565497598
0.0112768327861328	0.0102563072536753	0.0173020607451942	-0.00134895250233742	0.01461256190562	-0.0296415495594947
0.0124044686430924	0.0245279305085517	0.00573918736610615	0.00462038743470609	-0.00274088069957841	-0.00258127345387855
0.0124635522837932	0.0211038720799058	0.00247815864498931	0.00533848929438543	-0.00571721593622948	0.00256994118237667
0.0128315605575316	0.0122021630284271	0.00302236517632824	0.010144109288298	-0.00765857129236608	-0.0100387916119174
0.0128727243787234	0.0180355568538094	-0.00235298073215194	-0.00773176119224141	-0.00777495431999381	0.0197511117112123
0.0126100336235661	0.0172228849917973	-0.00119424772334898	-0.000671863440733353	-0.0023382856747067	-0.000612544136285367
0.0116424191681033	0.0137646218483977	-0.000949852991902782	0.000793148609701323	0.021097394271019	-0.0157252297794077
0.0123362076752091	0.0191278054048237	-0.00753598581637097	0.001657067690778	-0.00104753411600252	0.00548741352807203
0.0127937557785185	0.0174175634542115	-0.00798129032182328	-0.00179459045452119	-0.014556417668814	0.0295109466548781
0.0125245021181977	0.0155371450855776	-0.00832481110136237	-0.00934211929967579	-0.00773903431052878	0.0110513478640702
0.0123579725095567	0.0173386934996448	-0.00933916571526253	-0.00735133804874197	-0.0141190895151096	0.0169228697948898
0.0127313361579245	0.0135129424513097	-0.00919631716710936	-0.00644710471160584	-0.00263490933913814	0.0187385068164118
0.0126898248215717	0.0148937750639479	-0.0108379446570991	-0.0117067845400625	-0.00219973814603048	0.0179595138843154
0.0125978484932837	0.0151951851861249	-0.0083510386095045	-0.00326537495257739	-0.000425492951306504	0.0175795607236851
0.0122151920686247	0.0164831644610783	-0.00430331587361765	-0.00902079609945087	-0.00669909722221308	0.00608272901121535
0.0122798063765689	0.011183518288339	-0.0113612873397065	-0.00358027896091173	-0.0106088140742502	0.00949180782399884
0.0115387636223768	0.00844325116861978	-0.00765991876997288	-0.00706607575253947	0.00343055190229714	-0.00487571608233878
0.0125579372125321	0.00467085554842472	-0.00740967945913942	-0.0101079220912475	-0.00763063157000982	0.00525566374033925
0.0118136440043503	0.00390920741566148	-0.0155633753110793	0.002033296886916	-0.00458984975778703	-0.00205853217194972
0.0124329930546754	-0.00862351632672434	0.0163084253509356	-0.00876795577782638	-0.0221144641023279	-0.0238445948747006
0.012979262559414	-0.00743605198746772	0.0117070769288284	-0.0192305544096687	-0.0278145286947835	-0.0110616647120545
0.0130577788943573	-0.00206497295532614	-0.00653795307521604	-0.0107771430069175	-0.00613142681713165	0.00887122489293376
0.0123279117743172	-0.00797229227172431	0.00270365662695239	-0.0243925590321417	-0.00554824689445134	-0.0063625485936823
0.0123342770433951	-0.00765460654168854	0.00192745018707416	-0.0241837626853303	-0.00606229004039686	-0.00918156549461602
0.0118977022901747	0.00641880108242849	-0.0105355493990646	-0.0062030832082299	-0.000347049881402429	0.0142612658010064
0.0110494983695922	-0.00448578813834429	-0.0171204489925593	-0.0105319957976888	-0.00847051092199091	-0.0238549645590663
0.0119208430820446	-0.00563553260474945	-0.0257018237480428	0.00625993110924667	-0.00116309547130914	-0.00268097236870578
0.0116468926170967	-0.00887638652255492	-0.0189660109935358	0.00397829248860753	-0.0136023352135512	-0.00636042634233959
0.0110914920137919	-0.017816483964521	-0.00913816272046844	-6.3040618622414e-05	-0.0064506469421443	-0.0114326575891233
0.0114102062896433	-0.0113644562690742	-0.018571196628166	-0.0141838478457286	-0.00805580830185635	0.0038712603917012
0.0107298716973498	-0.017125953385106	-0.0160854988252574	-0.00768286883209852	-0.0119110561419307	-0.0153745295567088
0.0111235614206882	-0.0168994957397331	-0.0165978006001	-0.00853712449943	-0.00406332411384102	-0.0105435944557177
0.0116063637907114	-0.00684146682381279	-0.00579597366284292	0.00921951569441221	0.00843501644939509	-0.0119982053054335
0.0128407187434001	-0.00590838313637921	-0.00570878671845342	0.0215907929258076	0.00632074032537341	-0.0171429760845065
0.0116425922384426	-0.0118699388721264	-0.0137986008333204	0.0157992370810358	0.0171513766079902	-0.00511470493229394
0.0124184510907581	-0.015766824007632	-0.00572620105752518	-0.00692490980235554	-0.023044032761139	-0.00348600286236119
0.0106122395790209	-0.0117223958405212	-0.0203920775071897	0.00142001702925329	0.0195010404058779	-0.0133756633066995
0.0112490367395718	-0.00744172554091673	-0.0224555165816281	0.00819552305632356	-0.0103949511466214	0.0053374974736628
0.0110861887734669	-0.00948806083453054	-0.0161290726151931	0.00965988390168894	0.00949245996968081	-0.0249884897208761
0.011687308806735	-0.00940249422867624	-0.0150563367794598	0.010285180256281	-0.00914043550537463	-0.0185445485588917
0.0113601072181918	-0.0183973787817719	0.0024562174628123	-0.00455952676814082	0.0103961983645077	-0.0192200171187138
0.0104710434335741	-0.0138707155613944	-0.0135389204650123	0.00720483057059782	-0.00887542595755773	0.0222132950571724
0	0	0	0	0	0
0.00816815840144539	-0.020708590441511	-0.0222934229280157	0.0291925735732534	0.00913671629760824	-0.00928532550128606
0.00623452473448456	-0.0250392435381084	-0.0265157157367829	-0.02233521070684	-0.0462136652303141	-0.0345421200708661
0.011648829133442	-0.0232048430031797	-0.0185466309387935	0.0281495050600795	-0.0217529893083206	-0.0086387017743078
0.0110534044686846	-0.0142877523102087	-0.0156259117136909	0.00985799621024952	0.000895617257160829	-0.00409797499907314
0.0111114634929381	-0.0149253138457522	-0.0195600014174811	0.00214677654899034	0.000963529149372564	-0.0185839576372832
0.011877873003014	-0.0100866075694015	-0.0241557409021229	-0.00840465220737294	0.00569541771659623	0.0116594388452798
0.012513316908364	-0.0193116151183052	-0.00978498731019918	0.00215871290633328	-0.0146539793150026	-0.00143518310166259
0.011577696293643	-0.00133879761281255	-0.0217443695493645	0.00100371953283869	-0.000536023598174538	0.000219572963483399
0.0129292381712359	-0.00928385909737695	-0.00958346763891249	-0.00196424476958626	-0.0186007244451491	0.0176024318789503
0.0118692710474167	-0.00867646057334126	-0.00285862788244646	-0.00928279178576654	0.00853069800424549	0.00489114614926454
0.0118684209917544	-0.00882676180027201	-0.00320160056287075	-0.00823379528865778	0.00849816749612945	0.00196044656030987
0.0119690309756698	-0.00670062071489361	-0.00196003121342633	-0.00264172818359039	-0.0181430323755859	-0.0119098484551356
0.0122509308310513	-0.00952068037274502	0.000987663290490179	-0.00270776355940699	-0.0190182099626894	-0.0113581086622422
0.0118655340145487	0.00199661285597156	-0.00527027026966475	-0.00815374061232851	-0.00863551128705856	-0.0130581554808739
0.0113804767199287	0.00665684271504869	-0.0122659460667925	0.011484887871999	0.0267358718831092	0.0087020968242393
0.0116935816958166	0.00625136803711633	-0.00595454011877903	0.0117913608092752	0.0123021869193461	-0.00513987243191909
0.0119509971373278	0.00778347574780931	-0.00580130694654854	-0.00436918798102086	0.00322341800455446	-0.003214592333591
0.0119371690779111	0.00596652472712935	-0.00371856074555759	-0.000163055476263911	0.013642026053488	0.000830236378606587
0.0110968815245743	0.00526618193461901	-0.00478431612361655	0.0077276012158628	0.0141775609488359	-0.0102007046040304
0.0117624307692159	0.00516708663208619	-0.00771915190462019	0.021157832991734	0.0292601825186916	-0.0100986646044614
0.0126765900799028	0.0122644067799793	-0.00847431513107695	0.0117691614839705	-0.00520216393279811	0.0134677279368652
0.0117285028461376	0.00542718749672935	0.00223515372408169	0.00625604699430155	-0.0223381407774414	-0.0176511049231184
0.0125786438865911	0.00959137501501831	7.55343470016882e-05	-0.00675119164160216	0.0026710274808259	0.00839416812896661
0.0124303984624416	0.0170198173818472	-0.00849878716870511	0.00572024799061608	0.00459814287326968	0.0197738296798945
0.0122396022355703	0.00740118527904847	0.0133825059571386	-0.0215581093126407	0.0150361175934709	0.0097371202249874
0.0128317507459592	-0.00168726424551639	0.0119432599509126	-0.037792686502983	0.00177682908561375	-0.00722664033015556
0.0123645361858235	0.0148987998043251	0.0103590338155634	0.0240438111778842	-0.000140430321367198	-0.00796920817089456
0.0119084328292753	0.0123920804385362	-0.00404034000150024	0.0189898947281062	-0.00389253436831775	-0.0127358545789118
0.0117205830690177	0.012641911236312	-0.00921965322114167	-0.00322440614028974	0.0122879289950536	-0.0313181285380588
0.011368328876386	0.00262715302777204	-0.0055951177551391	0.00366252637713181	0.0110894179839537	-0.0209990177996296
0.013802546080336	-0.0315510969519978	0.0101648702555283	0.022816414642704	0.0337105259094896	0.00935941585911857
0.0156479438924388	-0.0340346228263669	0.0247913239362718	0.0038020721029916	-0.00796501483901199	0.0126673530203349
0.0136173194076878	-0.0283493673461676	0.0109686361347344	0.0235457938253739	0.0110897117402728	0.0228324878312297
0.0115505851547861	0.00223871181519069	-0.00800496836618325	0.0131090107184032	0.0205468613654154	-0.0169343844634641
0.0112353390170731	-0.000479844917111203	-0.00703026558096156	0.0198537015410042	0.0246859274308745	-0.00748113667069507
0.0118353410436593	-0.0129159247128857	0.000403354776896131	0.0204352329087514	0.0149460330769589	0.0148228304365689
0.0117524659746916	0.00407980247318103	-0.0140508275856589	-0.00730392011575718	0.000128449908195313	0.00458058246140023
0.0121889502138745	-0.00568740463282088	-0.0108635878889306	0.0153680100133263	0.00446619180409858	0.00259893348841006
0.011991380504926	-0.0111302943552643	-0.0110642424819817	0.0276460498805996	0.00235827649642336	0.0121875515200673
0.0133074008020021	-0.0127653830780044	0.0075983493294106	-0.0330148000937684	-0.00505384406285778	0.017283914161101
0.0126725030087423	-0.0278329186109244	-0.00857464235451465	0.016032264321783	0.0140601617300473	0.0227811026352349
0.0118310694917838	-0.00721400261793837	-0.0105792644630824	0.0146836208555223	0.00532184480358832	0.0142343476634426
0.0117767587464405	-0.000647160751016836	-0.0184568821063461	-0.0032877772760298	-0.0135637739728652	0.0139112562443928
0.0124484828749572	0.000352934531983115	-0.00271568250340601	-0.0248580747465415	-0.012111235405743	0.00141780296424513
0.0121079103076221	0.00188479996185945	-0.0150666156803141	-0.00237091103898473	0.00558326221026644	-4.47290528250814e-05
0.01260879778967	-0.00590684547066869	-0.00700738720383408	-0.0284654320989653	0.0194474537209436	-0.00404616418977588
0.0117250759998571	-0.00172737529750108	-0.015770966420145	-0.00421465179063042	0.0196451468748142	0.0160678081816228
0.011501247425031	-0.00443094004102676	-0.0183850469362768	-8.20433695285835e-05	0.0119199660582181	0.00368502890102824
0.0119746111069883	-0.0193872994536525	0.000103027892635645	-0.00388097266977722	0.0133709116991106	-0.008392559521503
0.0136023148387729	-0.0323490707225565	0.0136737439597402	-0.0132127977995265	0.0166164017553137	0.0196167628297423
0.0117783393503963	-0.00185639276832163	-0.0104835676947169	-0.00657911111716358	0.004972094005165	-0.00528245038331612
0.0119005958850684	0.00284474330349233	-0.0115846277784059	0.00602455952686528	-0.000709368419940075	0.00463533729854105
0.0110922829604261	-0.00714618003529115	-0.00411114111676841	-0.0161401887032795	0.0154113132533348	-0.0121937072019883
0.0119596854912286	-0.00546836541843715	-0.00606975173706892	-0.00852940989612855	0.00990753257963811	-0.00212703390728074
0.0118818661262764	-0.000351004709321013	-0.0095176350156546	0.00776436564645331	6.60955162814312e-05	-0.00255443999418796
0.0125221126074182	-0.00360013170672455	0.00610650979834409	-0.0157206769670182	-0.0138385923272985	0.00786539001564153
0.0131346961524847	-0.0173562548292014	0.0145333029705268	0.0193680549144575	0.00654544456001648	0.0219063050601329
0.0126459959664444	-0.0145770675966222	0.00854102275952644	0.0235541455260315	0.00526667041529383	0.0254356716012071
0.0122462408688815	0.00744166288605607	-0.0117665748176723	0.00451282566278686	-0.0231792982492976	0.0288806640798708
0.0119059388530041	0.0126852665874803	-0.014133615911941	-0.00217994053243978	-0.00199298513303626	-0.00432062873128414
0.0113642241331179	0.00449311439666228	-0.00635654525436027	-0.00568348237792311	0.0190503700922129	0.00157108230927754
0.0121906913788238	0.00870780840753696	-0.00201078962207339	-0.00370171678299937	0.00309294558152404	-0.0017553126039248
0.0113128649300894	0.000169215529070072	0.00253363764925302	-0.0042750522413779	-0.00217633405216462	-0.00765780416221559
0.0118336471253415	0.00700947079108511	-0.00362424209699517	0.00607372850426092	0.0111732210555186	-0.0112569009452963
0.0120786960520306	0.0156454088499603	0.0002474521650073	-0.0138613335548236	0.00460047088260174	-0.0234909485683554
0.0115635091414058	0.00652350102155709	-0.000704906809519389	0.00337025889805365	0.00312272696529801	-0.00118194486092183
0.0126980362339795	0.00464564176364462	-0.00605928379971216	-0.000772227396732654	0.0227151221246655	-0.00223011780396625
0.0119842509960116	0.0053132708856263	-0.00474177866572847	0.0195989923889069	0.00408467142242486	-0.0192070264466287
0.0116481385172602	-0.00275645450568933	0.00456044887716917	0.00816051822948909	0.0130864082234873	-0.0104832412633584
0.0117981018988285	0.00131629694387961	-0.00127277054549117	6.26663038003459e-05	0.00656299803616883	0.0121634602333051
0.012494865427616	-0.00831637020630339	0.0171253981522366	-0.0221991149363973	-0.0054916205424602	-0.0256236854098482
0.0143809011435204	-0.00895062031025191	0.0165670514079734	-0.0242414891891875	-0.0176534565016511	0.00762618862834248
0.0135026846191851	-0.0104589687801256	0.0102904917009097	0.0197931361620757	-0.000646045293381834	0.00430130317215202
0.0146695317576499	-0.022811303594371	0.0157752057309207	0.0085187457965405	-0.00557615121015118	0.0127844724219858
0.0123657318159876	0.000320715449672863	0.00573926403384669	-0.0111082673218035	-0.0120278221273799	0.000630097706904227
0.0124751550406615	-0.00233940873232749	-0.00844780685765299	-0.00533590587851732	0.000391013037277574	-0.0054726160671734
0.0116539253065357	-0.00675978775327623	0.00436643323429573	-0.00368019950496895	0.0149249629742683	-0.0171450775038354
0.0119676214759594	0.00474648241272224	-0.00705570229692376	-0.0149822104979126	-0.00413763067378821	0.0210144422329067
0.0117291017432372	0.00257043072873246	-0.00902169999789699	-0.0079590355429214	-0.00561461372643188	-0.00349817641385243
0.0122120491244415	0.00292272406165073	-0.0108266636836916	0.00115482555542528	-0.0131279382957417	0.00659615646870207
0.0133798115776949	-0.00745073593328813	-0.000151435496486721	-0.00932954141787146	-0.00382482349236164	0.0114316725707815
0.0129867231630621	-0.0111707769505542	-0.00945985977498922	0.00399256978364372	-0.0176125831938753	0.0103271583140584
0.0121402500791171	-0.0137720167237896	-0.00227873946629279	-0.0110948047491057	-0.0242995998121175	-0.0116295332969101
0.012559983894027	-0.0181911414425197	0.00464778260493597	-0.0425725627595939	-0.0180633109416116	-0.0125523782751365
0.0114574971880917	-0.0110590195039934	-0.0136486031283533	0.00323498592474647	0.00171807651736856	-0.0105322545155244
0.0118277989453268	-0.00875510389944074	-0.0206626412086159	0.00979970725338831	-0.0197268763118238	-0.0138651444517076
0.0120301086350534	-0.00699403230311088	-0.0140826447412462	-0.0124421053027332	-0.00492191396621749	0.0251134617272001
0.0115954410921478	-0.00984238629951544	-0.0162406880405132	-0.0191965238412996	0.0252440902746333	0.00806323065394354
0.0116874751308638	-0.0207466119008731	-0.015416552481088	-0.0206447078563227	-0.011861373898107	0.00449849116446145
0.0119931622167792	-0.0114113085332111	-0.0109398093128649	0.00160711252641269	-0.0127902402277159	-0.00299641422151233
0.0117752929654972	-0.0122831802170752	-0.0117457663927863	-0.0026298784461305	-0.00535752113088486	0.00860383539589199
0.0117909848183452	-0.0118400949256116	-0.0142404277566209	0.000720778179655454	-0.00352742618987609	0.00639042252947636
0.0115771651724767	-0.0122242540409442	-0.00603856139552747	0.00531309266885341	-0.0110101005066421	-0.00140262000848956
0.0114470556384193	-0.00922657860610313	-0.0179330191181954	0.00733783510956465	-0.00389115399458532	-0.00889382842334166
0.011951922912301	-0.016364741703867	-0.0068923880354981	-0.0129580776745092	-0.00321789691304823	-0.00311372055648419
0.0108743825380461	-0.0208856457001398	-0.0211353911977555	0.0112549025075413	0.00106352914516891	-0.0288127436706448
0.0110998221577679	-0.0117524303634735	-0.018156753915809	0.00258081946996272	0.0111899300237435	-0.0138749929374631
0.0114627615825429	-0.00544131692057183	-0.0204259659099076	0.00306350748324193	-0.00586350173565978	-0.0109456415107264
0.0113500183381316	-0.00295135496585482	-0.0286491098914395	-0.00645784034086171	-0.015691450604657	-0.0232781011646931
0.0107241450994601	-0.0160738402140978	-0.0194926325786318	0.00310957745764404	-0.0129187936838717	-0.00681446657691305
0.0114103050267024	-0.0122511116630386	-0.0170288603191701	0.0136428026628738	-0.00386351146972357	-0.00557913267126331
0.0112484708713482	-0.00999878831382692	-0.0180920116651126	0.0148698554958622	-0.0103303400621036	-0.0126752175877991
0.0116502820469097	-0.00690469126315676	-0.0216714823191865	-0.00189677046809553	-0.00216581697424512	-0.0109861095045108
0.0114568841621927	-0.00519135026523042	-0.0191226263147279	-0.0117354871991255	-0.000960425814768156	-0.0038910978528379
0.0111543731529513	-0.0127237210691357	-0.0127852613592595	0.00444528246701641	0.0229351331368519	-0.0107493521553545
0.0111386749638271	-0.0131527270717256	-0.0130793681276811	0.00337806754648931	0.0281840790964066	-0.0123806660543773
0.011995374959076	0.000118620720807108	-0.0234692004151187	-0.0130794302529844	-0.0193304464649448	0.00508985405392598
0.0112319197546924	-0.00932554689477413	-0.0124951935052527	-0.0163799779264024	0.0326677802374355	-0.0115204976637893
0.0120332588991625	-0.00495628652781677	-0.0221720510721677	-0.00394408782818324	-0.0266000662645765	-0.001798834070687
0.0111027860828946	-0.0115730577258675	-0.010408141645768	0.0107710796790352	-0.00766582332807773	-0.00489534994611524
0.0118803670205255	-0.00555598658646628	-0.0111070221874683	0.0181101702718276	-0.00987363886015691	-0.0209126490182964
0.0107320178557061	0.000209803501440546	-0.0103821064345455	0.00369140193034134	0.00107002880451322	-0.0260655678549876
0.0113850926617287	-0.000677369988166967	-0.00959806713271595	0.0184807183300797	0.00288865670130561	-0.0122897398598379
0.012413642402717	0.00353058435601352	-0.00607148598287418	-0.00901666464638501	-0.0154647322298047	0.0138621940814641
0.012597926053379	0.00540491282159541	-0.0157188331481214	-0.00555920631970799	-0.00153868769158759	-0.00405464505326748
0.0122458444199746	0.0003299057226445	0.00143286288078952	0.00965994390640459	0.00979532653097176	0.00194231949426852
0.0121561890439205	-0.00109122047503988	-0.00252748538407978	0.00168051685398297	0.011575209983668	0.00331753716292484
0.0117004397760488	0.00169827066812022	-0.0158796107000405	0.0172156239718101	0.00290629494099202	-0.00285604483797971
0.0125479687548594	-3.10259045013597e-05	-0.00265309445236456	0.0154687101126494	0.0115572189771882	0.0204086993883321
0.0137977113225549	-0.0140392505098689	0.00543301440956409	0.011832078042468	0.00218234634013269	0.00992627372040632
0.012602371262121	0.00494842556852766	-0.00309577992389509	0.00599151919282963	-0.0131715502190632	0.00474492805009061
0.0116167460684987	-0.00507475394018048	0.00781827293499187	-0.0221209349291488	0.0260786447361984	-0.00837589876895994
0.0119308027665641	-0.000619621264108194	0.00116450990481518	-0.000944821171141425	-0.00299426235479891	0.00407873174309364
0.0113934906230825	-0.00847005805652826	0.00776442255352919	-0.0103636521287587	0.0113865193488853	-0.0269592826146351
0.0122948955246734	-0.0157558698145421	0.0195322237000739	-0.002268424469533	-0.00145479314948196	-0.0154949142790296
0.0113989675687565	-0.0116758710653468	0.00583336843950274	0.0148781635154339	0.00705225267805556	0.00333614487199198
0.0118596674933953	0.0026431273529431	-0.0147598808737817	0.00919063429107929	0.00113546362420316	-0.00215948045140606
0.0136976943397634	-0.0155747521404706	0.0122935118084987	-0.00261201853322477	-0.00128254463092334	0.0145761565846187
0.0129738312377882	-0.0159148498533785	0.00625716638034271	-0.00332195981808413	-0.00578654321227755	0.00740031843880058
0.0123681911060905	-0.00765228470928323	0.00117697389624907	-0.0139400047581501	0.00481074263128913	0.0022119282457905
0.0122531929935888	-0.00174936309573839	-0.00476630001235936	-0.00650930573446609	-0.00405013959301466	0.00699425127711356
0.012855809753583	-0.00847646483333465	0.00461662516418561	0.00137711440085511	-0.00839640944302626	0.00717279325429229
0.0126662721411857	-0.00486210610072205	-0.00311789832200808	0.00352556971102657	-0.00907470209799339	-0.00187403868153195
0.0122730807129996	0.00186404888094167	-0.0135135378837911	0.0165145305346724	-0.0155383660213784	0.0102260133159017
0.0139329121216229	-0.0210793319456296	0.00635622614802787	0.00235670892511147	-0.0185976410884141	0.00907102832666929
0.0129585441904656	-0.016764698385018	0.000396155164525867	0.0152315570396169	-0.00600696275783823	0.0113963282429391
0.0120639419039566	-0.00153229172913801	-0.0120849130325072	0.0102200824469846	0.00312365340578966	-0.00807643448854508
0.0103082842131195	-0.00762515438199495	0.00110932017057917	0.00823951391861749	0.0248950399952766	-0.0183055355221112
0.0116342877925078	-0.00514873203095913	-0.00598732206849426	-0.0169422282354569	0.00945773674008103	-0.0124601209265092
0.0120704205459976	-0.00185644652257056	-0.0111520210334492	-0.0118213826304074	-0.00782995518627512	-0.00429791503051674
0.0124647675789952	-0.00055825831532323	-0.0082130784485937	0.00115147986710735	-0.0167736515359942	0.00426025777501676
0.0126450768919508	0.00161722197951031	-0.00964805521834516	0.000444844450254237	-0.0198226517287908	0.00399036684827756
0.0114029671232606	0.00437793347821306	-0.0078467311289367	-0.000448962884734248	0.00457818729333777	-0.0101456391711657
0.0113134901864478	-0.00117022259817044	-0.0133021300980956	-0.00382590787289793	0.00871877022085018	-0.0126991861055385
0.0115916204882152	0.004048106006557	-0.0102330131869609	-0.00299798906029869	-0.00578540216172415	-0.00135543777042401
0.0116845251760551	0.00116879933123092	-0.0176464222501911	0.00561004324542796	-0.0044092325243687	-0.00523761769415329
0.0112708365920169	-0.00695992036912279	-0.00542724579631219	0.00506927367519789	0.0113178782533114	-0.0198140171148065
0.0119152027287248	0.00195572907611287	-0.0143264702033971	0.00730437901093	0.0134933086005284	0.0127234872463105
0.0118023307780845	-0.00099072817620834	-0.0133540725193156	0.00467201532857275	0.000482629774776031	-0.0101169072324751
0.0117052989581098	-0.00317922860132761	-0.012790976859941	-0.0291632962245914	0.0200777551533757	0.0118086688372502
0.0127415201165667	-0.0124422901896934	-0.0186697729360544	0.0102239098190735	-0.00127390929464891	0.0193891645329772
0.0117481843852139	-0.0089377941541417	-0.0215126921565976	0.00300916140016075	-0.00694771071024287	0.000116302336679387
0.0114112467565719	-0.00490132106242762	-0.00971435207257763	-0.00987152921365847	-0.0182691549906326	-0.00547104063339985
0.0116678836171631	-0.0119350690302363	-0.00695620554049556	-0.0084601629182445	-0.00837411911224396	0.0139076502298248
0.0118682607105304	-0.0167878627382905	-0.0106010620965818	0.00734557214792727	-0.0193035714867494	0.0176793368376663
0.0117165776681357	-0.0143034300826182	-0.0157329052950112	-0.00714573554224761	-0.0120593885086481	0.00606935745979964
0.0116986199784685	-0.00119142947880678	-0.0151314774859269	-0.00892677041275013	-0.0128791063340345	-0.00701596472438152
0.0115394621549926	-0.00652722195525785	-0.0203115152099791	-0.00939335158451133	-0.0147820343102168	0.00902702766030349
0.0115136996293864	-0.00607238696736199	-0.0206046422042477	0.0111624707413487	0.00801255335624987	-0.00370711398681568
0.0113451923244448	-0.0101627993273516	-0.0144398602835357	0.00115991417613763	-0.016329013982026	-0.00722807635152273
0.0119494589614677	-0.00749875218471346	-0.0149147943157679	-0.00633611217094867	-0.025786843306488	0.00076099388023101
0.0114061158520189	-0.0112120186481777	-0.0214497141278557	0.00022058375227362	0.00300772076105269	-0.0182906124483412
0.0116855744966778	-0.0148253760595721	-0.00798596611757386	-0.00269655005358637	0.00252199556709067	0.00608841052694029
0.012024597350969	-0.00944063660294493	-0.0122577154045502	0.0111729491774577	-0.0219669496864685	-0.00466850499630885
0.0122545791289579	-0.00334353349794882	-0.0178694433200002	-0.00553802785869402	-0.00946985995481975	0.0093737551337842
0.0122647252599956	-0.00321612693475171	-0.0177400500858528	-0.00590154313753332	-0.00931407746377104	0.0101151688692595
0.0115498465815837	-0.00353894932793721	-0.0123457278773798	-0.014977177347308	0.00434949491504596	-0.00537685793153067
0.0115821796414996	-0.00190462580196901	-0.014106837779679	-0.0107048482749432	0.00478326223387355	-0.00561057927228588
0.0120420416432608	-0.00248527722450907	-0.0137972230722468	-0.0136799050042098	0.00136327344841735	-0.012809226628013
0.0115440915626411	-0.00142420713180279	-0.0133062286377933	0.00377482878961514	0.000360966567285995	-0.0193909088238188
0.0120671276042958	0.00350273244655808	-0.0140496940299673	-0.00110459951236299	0.00952538573303229	-0.011619808227447
0.0120595296835889	0.00392098191856444	-0.0148884212076065	0.000428908139046838	0.00668834857350898	-0.0124287580139407
0.01128856366156	0.00184868996535167	-0.0114794230397546	-0.00219779223992225	0.000538989330578778	-0.0160536372976064
0.0124977424713625	0.00162240395063803	-0.0162723176657157	-0.00149163097582826	-0.0175172193079752	0.000414993230707684
0.0124632830875055	0.00198266358111455	-0.0168887984662373	0.00208868433751119	-0.011538556614217	0.0154643757138185
0.0127824452735422	-0.000432980241479393	-0.00214347509073191	-0.00916573486160837	-0.0323151067836481	-0.00352968437121285
0.0118339618317697	-0.00301035685672896	0.00431895949368734	-0.00826852679908246	0.0106027197523703	-0.016571404984339
0.0132551085301603	-0.0126971963842247	0.016526498658589	-0.00707422173803878	-0.0246233884811865	-0.0098202729373984
0.0115836693610408	0.000408068829086583	-0.00961485888209824	0.0135616542656934	-0.00474504300906078	-0.00689968784745318
0.0121571690476479	0.000372345001814031	-0.00277669372969495	-0.0144826647969609	-0.0110567149954201	-0.0182960105226972
0.0119224444801623	-0.00183381498023347	0.00669922996300983	-0.0276492392773051	0.00907781955194679	-0.0137140926139765
0.0121211417336054	-0.0031151847036387	0.0140109680473957	-0.0452066009848629	0.00507365921850691	-0.0186317632592394
0.0127754597364445	-0.00122337902494844	0.0107518818469145	-0.0112524142584052	-0.00386394939427641	0.00804549680258177
0.0128282500915778	-0.011950305158324	0.0262424430914737	0.0171504873738259	0.00939285380629512	-0.00893253148748513
0.0136890478682167	-0.00167878756291175	0.00699955814664825	0.0125556714561101	0.000493521600266221	0.0283911659962067
0.0121160212093943	0.019053999707063	0.00556327623900661	-0.00457938749682768	-0.0155414904192122	0.00255784219875229
0.0118721675671997	0.0159888130313434	0.00328610889036028	0.00507217211019598	0.00289720835860577	-0.0102017175319511
0.0120309976458987	0.00832788001286294	0.0169058777667851	-0.0150806895577779	0.0191136287248526	-0.0226359206147096
0.0121940021418159	0.0121507567136218	0.00318962657389179	0.00561392823894248	0.00189114126143859	-0.0159627453797654
0.0118643442881357	0.0209269634481625	0.00294330116464689	0.0207881613576604	-0.00817866000125753	0.00523822973116538
0.0131046955327661	-0.00316202901517264	0.0140278667697852	0.0237256269799817	-0.00689844571636665	0.00689444069609481
0.0132069896272642	-0.00150530225625736	0.0117063553886102	0.0239208902962283	-0.00683603995922025	0.00693798988552
0.0132130076468028	-0.00149853177217184	0.0106887285463782	0.0245287081314068	-0.00770896955874937	0.0091987806628854
0.0127955872843114	0.0124174728805489	0.00845148965660271	0.00579572712954389	-0.016417927875017	-0.0137932837586576
0.012975849520199	0.0119328161566163	0.00693344340995282	0.00489705984325169	-0.0221584483796825	-0.0052056067721404
0.0137807425492842	0.00916939147239035	0.0208727296122577	-0.00763573275370101	-0.033972720479608	0.00278366243836912
0.0132398752928588	0.0214882578215433	0.0106921263341239	-0.0111437328196836	-0.0383969663316149	0.00753881006816973
0.0122757764564276	0.0202544767349228	0.0084706351869397	-0.00920324137147368	0.00992427877093866	0.000165350775184191
0.0121839195525995	0.0207991435418456	0.00360196783922659	0.000759240712447049	-0.00842859624380693	0.00387112386558457
0.0121470425413134	0.0111031270461641	0.00561102664878139	-0.00107548144385361	0.0134156184372632	-0.00450317665084781
0.0122357594520723	0.0132468690633763	0.00482161578574879	-0.00430896780799441	0.0129317493764282	-0.0011192414929026
0.012255851245845	0.0099198878179673	0.0135697308825255	-0.0325811540439745	-0.00624489943230512	-0.0118125922728307
0.0118864989537165	0.00979809302865796	0.000729178969182123	0.00437421164335909	0.0225040163348681	-0.010522811150984
0.0133760770331488	0.00911973013851478	0.011071582270819	-0.0327097910996176	-0.017993921418315	0.00997206684561373
0.0129256991197333	0.0116665549338174	-0.000240043412785392	-0.00821192435553729	-0.000375323574427759	0.00340194803237646
0.0122249973446465	0.00551872293257725	-0.00209250903362336	0.0038761480161615	0.00877353138338214	0.0143611343510913
0.0116349551401239	0.0109840945271021	-0.00153900720913491	-0.00549688209792594	0.00111099191503255	0.00878146721951078
0.0130274560502948	-0.0098685450500177	0.00727296402985602	0.00226964916605346	0.00277243009398877	0.0124136822113312
0.0123799367464018	-0.00069524534573634	-0.00751381708254477	-0.00831237351283657	-0.00631196917913791	0.0171400910240192
0.0115128428507271	-0.00122689780201897	-0.00831005846247406	-0.013653032897078	-0.00616810542405046	0.00687603943457788
0.0125981905896285	0.00186042829452933	-0.0137168996625584	0.00226544313965191	-0.0225798015389537	-0.00153466864541261
0.012064751484577	-0.0128218044724156	0.00215752763055398	-0.019011350063475	0.0106487560203869	-0.0022908131864904
0.0121406849251401	-0.0107555897706343	-0.00700514193662319	-0.00941329340534769	-0.000705647969352002	0.00329596826532434
0.0139532645162515	-0.0283108524845358	0.0149016289867536	0.0048851101595794	-0.000960837547665771	0.00686206220639659
0.0139853128256204	-0.0182746080441975	0.00649626654766934	-0.00264352033946514	-0.00846768259207665	0.00456544754123521
0.0123483741990898	-0.00112341258688107	-0.00722988226144303	-0.00670495622879387	-0.00185637157169425	0.00763156105390799
0.01243558051037	-0.00238883334219206	-0.0195272074578368	0.00270984505680001	-0.0164883847426256	0.00302552831767419
0.011809410547254	-0.000482531198618378	-0.0139024192944361	-0.00199014945405647	-0.00178072138044101	0.0113697049340652
0.0116052884612616	-0.00262199463301877	-0.0111882077721286	-0.00188269562454219	0.000235088988544362	0.00298033989154607
0.0117241817560281	-0.00533041256681731	-0.00930847223230948	-0.011367809964837	0.00957462394160178	0.00135486533113
0.0119408099374716	-1.41819318032832e-05	-0.0130977146966637	-0.0157660794803717	-0.00128798679973662	-0.000305823507756363
0.0124547137172951	-0.00994188439994515	-0.00676098044646921	0.00216888454676257	0.00630232403097078	0.00882291447238284
0.0125271797612434	-0.00684660927176857	-0.00914239315442338	0.00108024188641943	0.00228521885811761	0.00561425586771373
0.0118596398886886	0.00116359076732029	-0.00536024988655926	-0.0159576357419106	0.00431568722100176	-0.000724377861681598
0.0119533227838706	0.0149215354805474	-0.0192103970941973	-0.0190755421783946	0.00982246327174367	-0.00585559363537305
0.0124845442007982	0.00262483702498498	-0.00433211735262048	-0.0284076768232134	0.00577098913951511	0.0073129299719649
0.011558932022894	-0.00203204130171281	-0.000345199645145044	-0.000291141461210229	0.0372983734907999	-0.00580503878656811
0.012327854153181	0.0021373731035127	0.0059815041731816	-0.000727081857916241	0.0117523477217577	0.014854856510102
0.0122508324144606	0.00975951876976022	-0.00269042494176436	-0.00303861402139064	0.00194564400950259	0.000972832299400156
0.0120715678600321	0.00713861810131666	-0.00555056104110113	-0.00110404568007922	0.00381304933660267	-0.00670228585387962
0.0119897562124802	0.00667821919605577	-0.00586211222495092	0.00107659238389958	0.00715587444575958	-0.00752314797383756
0.0119923257125801	0.0119694193882855	-0.00764567906679966	0.00845038145232093	0.0243260708869447	-0.00732511349987527
0.01217624569493	0.0077176634590678	0.00935259685580091	-0.00858142803919126	0.0131381015909112	0.000439016077446992
0.012225947440712	0.0182291862971558	-0.00534862557135854	0.00110019415153809	0.00645112709159951	-0.0054567560910187
0.0113265326167206	0.0149036162375374	0.00110241974595737	0.0110342057165945	0.0108290260985858	-0.010943412311619
0.0121756282148354	0.0143532048373589	-0.00458495123216068	0.0159633213301697	-0.0055494349945462	0.00111808934328202
0.0119791858875872	0.0171421700818636	-0.00550044340812062	0.0132290741210348	0.000412381836880209	-0.00807858900707882
0.013457139651077	-0.0117932199842386	0.026086262085337	-0.0128911386824946	0.0147946650316582	0.00988526219771849
0.0122771660894301	0.014186825885952	0.00274428305825955	0.00119291245290285	-0.00101386819334732	-0.00423135593425471
0.0130362960629327	0.00750368372457447	0.0139648466717248	-0.0153403630495546	0.00147770332716162	0.01033374059648
0.0134262100391701	-0.00107624305349968	0.0171676534804625	-0.0171147008312827	0.00582756385798275	0.017361628598582
0.012743605338196	0.00737820514697973	0.00569560851370483	0.0198015559767241	-0.000252257665590834	0.00518761131399204
0.0128850438667154	0.0011245178239195	0.0077796763227716	0.0290728104546658	-0.000518835064281009	0.0155455918202559
0.0127455228026955	0.00448698089730598	0.00998728255333062	0.00222720308909902	-0.00246696675646046	0.00493564311132776
0.0117938510856878	0.00760367949978168	0.00416370621893059	0.0159962413433964	-0.00525053935301821	-0.0123614480355601
0.0122361684841251	0.0180206732838416	0.00463648361886505	0.0139827780027512	-0.000465047086017847	0.0119441195696461
0.0124604294095342	0.01891030948249	0.00457015345142768	0.0106344509800192	-0.0109966646012752	-0.0105240509854474
0.0123609103898004	0.0181919824257946	0.00854251791611125	0.00438847907778459	-0.0162138681683112	7.5821936983498e-06
0.01208430545798	0.0199215389692158	0.00694808286438198	-0.0106749798759297	0.00392284943945617	0.00375983702067483
0.0116860251749265	0.00971893921134727	0.0138841591056046	-0.0068047324703243	0.0147515765364845	-0.0203079630221246
0.0126925548945568	0.0111562434818072	0.0120793023102466	-0.0426200392249173	0.0174011863089526	0.0149182204469442
0.0124828779366451	0.0237743732628266	0.00705696552736203	-0.00347632584754931	0.00310585059776306	0.00191397727028324
0.0142713051419455	0.00126159771770178	0.0219415512050436	0.00194097767735435	-0.0186877392681677	-0.0022400224867062
0.0127682193880437	0.0174813172240356	0.0146227275310459	0.00974470713066286	-0.00894031923326374	-0.00573860873312631
0.012749406743746	0.0162133678030208	0.0146043272737207	0.0116483253169486	-0.00823078148311637	-0.00318420581463532
0.0123315686514588	0.0175482856439198	0.0125505757149872	0.0131414592740944	-0.00903251785922713	-0.00677262621352694
0.0132832102883904	0.0221160184654497	0.0101091149902589	0.00318171464576274	-0.0256116935125	0.011423298972103
0.0116134068201984	0.0209735253936073	0.0126947190300695	0.00212090414810283	0.00226138207759788	-0.0428069112170074
0.0120718749195122	0.0163413936355313	0.00987367950087169	0.0143933507386244	0.00166233929368957	-0.00797583666174194
0.0114501498331254	0.0115780920556217	0.00939337196498298	0.0105841770777709	0.0181254812427205	-0.0295103681345586
0.0121874700709684	0.0164460549820389	0.00870377201236755	0.0112480198767172	-0.010431749649897	-0.00868996375253775
0.0129073144102892	0.0173206744158335	0.0149668485088408	0.0141418799792937	-0.035424419888913	-0.00456357912466548
0.011792982229037	0.0194737646537814	0.00902970158923008	0.0131689595727705	0.00466533141297473	-0.0088121761988279
0.01286193223601	0.0151394546900492	0.00624752052599967	0.000184265975318499	-0.00394694829871802	0.00782306313815217
0.0123269520533069	0.0134154806320491	0.00513946255715419	0.00247504669979364	-0.00786907514367385	0.00294065896600593
0.0117489733951169	0.0137087239036053	0.00896114870632822	0.0125203819741078	0.0124868255380646	-0.00973699839201998
0.0131743119803558	0.0104351366699974	0.008743319596731	0.00369205363472332	0.0200838722279752	0.0181891313760598
0.0131952300397253	0.00363435007440076	0.0137193220025172	0.0138622728269941	0.00797417412222479	0.0261089312619152
0.0134125448018971	0.00646510622960423	0.0128226388210156	0.00828889075894288	0.0036662314834332	0.0263773229224707
0.012559427819119	0.0159072872747053	0.0159339620196271	0.00291674628736744	0.000531976904676556	-0.0152283888369237
0.0121275143325197	0.0152752722217844	0.0113989423235979	0.0132324550290639	-0.00504790236089187	-0.00403063824079696
0.0127218447999121	0.0106149639201431	0.0198536587251364	0.00219526486133364	0.0219680393554621	-0.0051582215937608
0.0134931294508967	0.00793738273312566	0.0180210709072798	0.0100267618057637	-9.993946094121e-05	0.00390213237258743
0.0130388045644395	0.0134803251180248	0.0142173736666999	0.00585982365970967	-0.0106941635311483	0.00928015630122152
0.0124723114805912	0.0126231216861693	0.0143368873781703	0.0181987669992699	-0.012739731097118	-0.0190407147751443
0.0125062812006137	-0.00222860618604974	0.0256761954117797	0.0193868711946363	-0.00938474005041282	-0.00847682547844045
0.0131610706331258	0.007301284071315	0.0210796759716811	0.00673063365265502	-0.0108909287892311	-0.00374512658203583
0.0130008292375314	0.00568476618657434	0.0113134939400129	-0.0276678435943759	0.00986546762252875	0.0116847859650429
0.0121730475967162	0.0179218115894304	0.00804895536743768	0.00703005681597715	-0.0100407772470874	0.00238630952212983
0.0125912154278442	0.0234710351884078	0.00472138946511429	0.00752785145708985	-0.0061001776699575	0.00490417198534137
0.01278110950704	0.016499920368503	0.00117848196713593	0.00258987871002662	-0.00140697764540334	-0.000127792824612036
0.0129928338077858	0.0160947763524295	0.000733686269156638	0.00877468822642226	-0.0101199569326222	0.00374466262521108
0.0122439492095671	0.0188822324134267	0.00446381063111762	0.00687551713117028	-0.00230972789329011	0.0130871875813722
0.0123222401543477	0.00503983076085386	0.0137745261583232	-0.00726984263046358	0.0172626634462338	0.0154467661730432
0.0125695947069941	0.0157984302948431	0.00907456239551582	0.0172723947782896	0.00536104343341949	0.00259463968063979
0.0127404564579402	0.0185628410018944	0.00323410245446481	0.0035506151928677	-0.00581465419378486	0.0155075851311902
0.0119114244081943	0.00780013922744751	0.00785284281064455	0.0128116138553125	0.00817236968973412	-0.0259491733510068
0.0113416402850567	0.00718260883541679	0.00998976392407747	0.0225115392072728	0.0176112732276338	-0.0316509717921378
0.0128973151219082	0.00855182562441757	0.00845739641312882	-0.0111751368498505	-0.0128230657583173	0.0147920817857308
0.0112643419029192	0.0122500278650209	0.0070815398017025	-0.00367104211326149	0.0255338928676766	-0.0201362902896461
0.0105854719983429	0.00537515153900526	0.0128339220265878	-0.0111107304314801	0.0361122634755256	-0.0360409273262816
0.0123555157939034	0.00589408428168841	0.0151571081197449	-0.0264755252657754	0.0133209145977385	-0.0119784734491075
0.0122511917376547	0.0114495375905451	-0.000205369773412112	0.0061239252659976	0.0220339865872394	0.00284512296191374
0.0120604496724088	0.0176297705555214	-0.00108892990206774	0.0111073264967335	0.00425877542004584	-0.000641380056991343
0.0118150649250683	0.00554817678086125	0.00336031172938723	0.0249400980452366	0.0154156431623684	-0.0227176469675871
0.0119013916278461	0.00568927237303378	0.0026478737631882	0.0239776129081412	0.0136211493330763	-0.0182238194702134
0.0120105202731787	0.0176862468565083	0.000801015243125158	0.00885379874647595	0.00971521376273554	-0.00119151733976011
0.012445907267869	0.0150024151348283	0.00476970617656146	0.016230095905514	-0.0105057405655295	-0.0029609569874395
0.0129613147618468	0.0126612723436091	-0.00276640859293412	0.0207611803377735	-0.0121582150753216	0.0232492665982798
0.0127667483747337	-0.016294952165167	0.0357006024666752	0.00174769607009442	-0.00958507239190898	-0.0148017092802659
0.0130834792172529	0.000798589842462373	0.0147947010399552	-0.0205865735707716	-0.022708266018113	0.0128681123329055
0.00970325110114933	0.000849625059467301	0.00464060033992651	0.00122948481901425	-0.00283594300022625	-0.000987575520536393
0.0120372682465346	-0.0158973475298753	0.00671752798603098	0.0162857658742031	0.0217379374688661	0.00884688868272768
0.0121890101780667	0.00675033920990846	0.00115083643516181	-0.00712738197836496	0.0199470665604813	0.00592860591859992
0.00502172841696576	0.00836427827278597	-0.0118573636568279	-0.0166863667656178	0.0426207862219242	0.0416640340167825
0.00894450412716162	0.0135836833211428	0.00919684050730481	-0.0389989369612655	0.00763293344558461	0.0233672769920856
0.00450519897056691	0.0147908292423086	0.0092162496546134	-0.020738776058251	-0.0237313332612677	0.006929911513815
0.0040992351655786	-0.000721712863629702	-0.00572952072307651	0.022415454660502	0.00433863284895441	0.0641110743928215
0.0119496659395793	0.00872630331362795	0.00415995595636736	-0.00224197198668019	-0.0046421349994576	0.00329635486747016
0.0126921544529781	0.00988131824705468	0.0102205992793987	0.00543441543006469	0.00600922377992674	0.00990439931505816
0.0136238706563362	-0.00591629475602018	0.0155452790106458	0.0104417303946732	-0.00711106936270861	0.00401918163509108
0.0121159317351196	0.00938424321937025	0.0133591495950525	0.00694112006523577	0.00474057404946851	-0.0211708185715407
0.0131405137231171	0.0114125640479144	0.00878025640510487	0.0165006190451269	-0.00882591285406468	0.0109913053102121
0.0123365512864039	0.010387950346305	0.0161817187452082	-0.0043304053294561	0.0160958551483228	-0.00217917337258557
0.0128088387209932	0.014610446646019	0.015440545522369	0.00659495877866041	-0.0128827219323034	-0.0004916856463107
0.0139885442992678	-0.00768827667651992	0.0245785091731585	0.00540827714749342	-0.0142887953430001	0.00518953186163038
0.0123424430520615	0.0233369693702428	0.00947675086715579	0.0051288303954129	-0.00418802001120182	-0.00703384047004704
0.0120884372706086	0.0210984766777561	0.0113473106826112	0.0110070592053666	-0.00388832894669741	-0.00445322809962095
0.0138280607712413	0.00230339701354468	0.023286340866873	-0.0077545691159797	-0.0200249340878719	-0.00486553802869846
0.0123585581340358	0.0209911475117548	0.0175637741663069	0.012686656907461	-0.0153729817063293	-0.00420288817431837
0.0124632191253302	0.0191725019889744	0.0123291944151569	0.00126714105724001	-0.00623973933662485	0.006672466548557
0.012551187877744	0.0241900927819739	0.0061070553882771	-0.00155504888302565	-0.00968655373328026	-0.00462160255577011
0.012914226086002	0.000521962407962626	0.0168173143533886	0.0173598896591175	0.0201001760281258	0.0101163956263076
0.0138047563023951	-0.0137556626833379	0.0271992302788406	0.0102337544002497	0.000210106005210648	-0.00398488632418108
0.0125885946393361	0.0184748253763293	0.0101528585614165	0.00711149212445447	-0.0104000730839824	-0.00352167358816651
0.0124173237791365	0.0172352219075979	0.0123327933797219	0.00676195491072584	-0.00368832166276214	0.00830981391254568
0.0117292452786723	0.0136179130204852	0.000928124775154309	0.00644179321254376	0.00454337229862885	-0.00641700236937142
0.0135025997734932	-0.0138952835337621	0.0190646396795392	-0.00169592296451211	0.0027733133935654	-0.00314891833316339
0.0118402717456934	0.00855502454868074	-0.00116394168087762	-0.0117096112028178	0.0220068158331372	0.00232089370144418
0.0120265124905964	0.00601752170345254	-0.00235608832778357	-0.00191563608215332	0.00181672711795991	-0.0105643099958569
0.0125971838355918	-0.0170949706846488	0.0172971788172432	0.014306590796084	0.00461547092795805	-0.0018809970557184
0.011907937622956	0.00993947373014811	-0.0148478175500935	-0.00157744749440347	-0.00507265633912715	-0.00444805356562287
0.0117766716933538	-0.00691978006247605	0.00343056834218831	-0.0150312941414588	-0.000228796087168825	-0.00170946089396556
0.0122666824180848	-0.00161554347667039	0.0158531666348676	-0.0359002990734342	-0.00552593177192553	-0.0346109514209321
0.0121402859992423	0.000229911089844881	0.00162581565450737	-0.016426783699834	-0.00731568068893443	0.007129201833021
0.0118635792580456	0.0069981106163507	-0.0057048243999227	-0.00653880043652297	-0.0132684967653605	-0.00985764159689941
0.0117612162836903	0.00178902510311358	-0.00699934558768151	0.00491785449563355	0.00567441861599112	-0.00932711788094863
0.0114840745547996	-0.000743196490847966	-0.0128733903625925	0.0192958346981141	0.00627898526378272	-0.0118009345473923
0.0132102605998838	-0.0146490472901476	0.000165602715917803	0.00390118053374031	-0.00162685666560892	0.00635931730820517
0.0117269867079429	-0.00711479987679429	-0.003985267153999	0.0047018111755639	0.00757208617489555	0.0174372320104255
0.0126827670533288	-0.0117899882983406	-0.000129871963454475	-0.00780731203006993	-0.00653974308712733	0.00387741268711073
0.0148721064843661	-0.0340430975800042	0.0352173503130205	0.0138310475886196	-0.00438855736278885	-0.0058768985893447
0.0130658351616124	-0.0167341371534675	0.00856115923928469	-0.00273601652251776	-0.00916901486539439	-0.00146823823593938
0.0116914378062434	-0.0138431606368806	-0.0115444601398078	-0.0240929579291283	0.0210553965332173	0.0147676600055969
0.0124362564391735	-0.0328752320331342	0.00153129029166412	0.0225127600204306	0.000862209481180767	-0.0125311529116972
0.0145165772814892	-0.0471983890776905	0.0302876131054034	0.0232408130721303	0.0144274058852759	0.00129444706625826
0.0124921507235091	-0.0292334365985653	-0.00602575141347642	0.00556679546812079	0.0046144017891673	0.0074914983100246
0.0121067740434326	-0.0258797114872366	0.00427851969060356	-0.000781078175572176	0.010381578868344	0.0111281465835268
0.0124827605054954	-0.0193288866785736	2.73616031405688e-05	-0.00701177604363441	-0.00717732050449121	0.00952405953056373
0.011797197556885	-0.00793688351523796	-0.0135563064433005	-0.00842842572615487	0.0093734315064046	0.0146226567773789
0.0115018425397467	-0.00464951751592347	-0.0102775533657806	-0.00559833935611271	-0.00701627616693358	-0.00174800714471221
0.0113220685732194	-0.0106359340395128	-0.0144867261361389	-0.0149173177724411	-0.00384580913952941	-0.0111503338195017
0.010783587587276	-0.0122605326749144	-0.0107861963355078	-0.0057601390976516	0.0145977816868735	-0.0300830796980636
0.0117044225849334	-0.00774851572862439	-0.0104205902166534	-0.0075941319269281	-0.000518874279158081	-0.0232130843338229
0.0127483965335333	-0.0215424075048041	0.00442983140844913	-0.00240369727912821	-0.0144337259932088	-0.0139808957715559
0.0130524814925131	-0.0398748426330556	0.00701517595720288	0.024190127114576	0.0107141076438768	0.00906452207918769
0.0111122795107911	-0.00905890471423493	-0.0156059408175464	-0.00567968749035518	0.0193389497323343	-0.0170494436995603
0.0115461008621614	-0.00634632885376991	-0.0134402815851259	-0.00218349752376237	0.0126039706995969	-0.0212575066248274
0.0123082337385326	-0.0191767470168711	0.012396511584167	-0.00929474500665105	0.00398204381434132	-0.0216337668279624
0.0117214428608864	-0.00366317146075765	0.00324685398886353	-0.00111212265040732	-0.00149799557846573	-0.00540584908577128
0.0114680208671671	-0.00974644795768042	-0.00287732842625582	-0.013277613260286	0.00528926405170269	0.0112253874155472
0.0113102910112443	-0.00796406388428016	0.00366406333696779	0.01180390326818	-0.00329243761596979	-0.0190398810476374
0.0115143560251828	0.00241778246729972	-0.00659370502317199	0.00522139483903779	0.00699319870390373	-0.0130777731199953
0.01114935687777	0.00625525991058499	-0.0138953012207722	0.00767364011482168	0.00537543119692238	-0.0183174298652956
0.0136097200707107	-0.033194994412025	0.0363155338734877	0.00900956997812671	0.00490984492243113	-0.00413675736950878
0.0117350630074815	-0.00763337730114412	0.000628634069541558	0.00579842698821217	0.00303183379618604	0.00125929616075888
0.0111100130848108	0.00284351068547787	-0.0132743110221191	0.013623174108383	0.00737063346458469	-0.00752734629943434
0.0119101825897	-0.00567262037588276	-0.0061786741791583	0.00356154648595336	-0.0036364862974719	-0.00890168402023872
0.0113459842462798	-0.0142189579612971	-0.0079172619206774	0.00821591758285226	0.00521935411214098	-0.0102184572572506
0.0121400101784904	-0.0114870424309831	-0.0157081659314508	0.00943941395124318	0.00538072590939037	-0.00507929569197831
0.0109859200647186	-0.00901110298623508	-0.00703154748320627	-0.0178528559555495	0.0231447645571664	-0.020970078026085
0.013049568448594	-0.021935187064697	0.0176432314941011	0.0152110291020915	-0.025181741970552	-0.0241255820888526
0.0131550811903042	-0.0234120372516269	0.0177923431208372	0.0141250088631172	-0.0210681901211956	-0.0238584544488055
0.011659450417605	-0.00731569240576674	-0.0158650784725378	-0.00409981469845856	-0.0037702839815242	0.00301033241047106
0.0115785539269142	-0.0141559698207982	-0.0137540828146558	0.00532815834356624	0.00360060599814863	-0.000507469288737857
0.0114402102780413	-0.0158427093257788	-0.00913720920537923	0.0113741309068529	0.00609150455524435	0.0110319757147195
0.011579682116176	-0.00871060199024228	-0.0189475452674867	-0.00260899175382693	-0.00187171959444332	-0.00922248405348317
0.0115257446782265	-0.0102348316882783	-0.0115048399022655	0.00437336784418609	-0.00424335533021798	-0.00845327589766285
0.0121562818291449	-0.0176817481211334	-0.00458001022810172	-0.00138014631620778	-0.0111223437502739	0.0124879235157169
0.0114864452874182	-0.0118446787695651	-0.0128225421946196	-0.00337700626524107	0.00357660472935417	-0.00995702785659469
0.0143116527202603	-0.0506682505742757	0.0327855007516801	-0.0148709792991216	-0.00158226916566999	-0.0193016145316714
0.0141262267305398	-0.0493200493173919	0.0330977737112002	-0.0173511134527844	-0.000979371541622895	-0.0149601889829458
0.0116698117549333	-0.021479102808811	0.00209897004528819	0.0120857593969524	0.010837154934874	-0.023114749213666
0.0118601498000956	-0.0139472144203316	-0.00336657515663404	0.00472386309225656	-0.0103561770531701	-0.00475549496095011
0.011865917446989	-0.00929869774607975	-0.00910068652099271	-0.00912449595833768	-0.0120064224883274	0.00276011583878421
0.0117079205375978	-0.00817036979352422	-0.0148530948051875	-0.00252459879770565	-0.0162151900070032	-0.0031409213560124
0.0111341786227109	-0.00425290386834549	-0.0175722074274534	-0.00115613234330088	0.00908717257885272	-0.0142947912479184
0.0117717488525024	-0.00372110191941979	-0.0151417620196037	0.00617325086870377	-0.00364760708720023	-0.000702296381968132
0.011303851841111	-0.00553983819692199	-0.0178113963794362	-0.0131242103374264	0.00458117222363682	-0.0181405350877273
0.0117802131190623	-0.00871880785817924	-0.0166914500143628	-0.00366927097174053	0.0163122270052483	0.0169448271921859
0.0137143771471336	-0.0218754155257029	0.0217831103187272	-0.0343993659769675	-0.00475632953484895	-0.0123753770008747
0.0110564032257506	-0.0075580706263788	-0.00859714618263586	0.00532090416254693	0.02138360197996	-0.014197426407359
0.0114007986983772	-0.00591530012738957	-0.00393261192608636	-0.00130487526315259	0.0115792013981989	-0.000212673853009785
0.0120505484581593	0.00360373368547075	-0.0207671554127061	0.0116416036564114	-0.012941054536254	0.00257724372441246
0.0123982889946013	-0.00618897970749937	3.40295379842766e-05	-0.0065833571693293	0.0128300326216431	0.0216838691661314
0.0140225469629337	-0.0110269017931094	0.0195354036370643	-0.0209366298103582	0.00831792221127902	0.0297321799733317
0.0121468904053051	0.00599507654106932	0.00350352668398534	0.00107205986046811	-0.00383889667304445	-0.00944319549269742
0.0124940058372034	0.00207437211285613	0.00334825586589596	-0.01746826717307	0.00178909759322528	-0.00982449478162184
0.0125234759649414	-0.00111275277571662	0.00598685917949192	-0.0191272984097873	0.00311850162469786	-0.00187810521837503
0.0119954301904213	0.00150426068600491	-0.0123223304748341	0.00527155702541101	0.0143273320763448	-0.00549967851479764
0.0117789490954857	-0.0068754285359282	-0.0119569534758184	0.00404555155475379	-0.00053623823566493	-0.000330576210562207
0.0116061732352003	-0.00120870195727225	-0.0183839070979023	0.0043018236832133	-0.0103474986711064	-0.00443843624957756
0.0112460621804065	-0.00741857541376708	-0.00726285557145835	0.00459460136304817	0.00651148116587003	-0.0121802357075722
0.0121905066650984	-0.0168484763761907	-0.000707208816430228	-0.00232368686532366	-0.00266085962058829	-0.0127710031734479
0.0113549604292737	-0.0170032416877873	0.00598609557381295	0.025068718797112	-0.00197894601056469	-0.0192585336573137
0.0118962664889104	-0.00767070707121985	-0.0119154332206055	0.00921353862823813	0.00607642918126037	-0.0157958356642365
0.0130911409853759	-0.0185622533999468	0.00603563232620891	-0.000976845675801131	-0.0253367060725096	-0.00810539815118115
0.012574719991407	-0.0162054850833767	-0.00130087474713314	-0.00510598174182431	-0.0143821894442312	-0.00113539286899817
0.0112174150654922	-0.00572989125041733	-0.0210453501357069	0.000361220748763383	0.00693137992678651	-0.0082781782035021
0.0115894108863119	-0.00727927839436231	-0.01023457865933	0.000125118634944806	0.00263124056472904	0.00064609742738078
0.011427343550175	-0.00276407079919257	-0.0138203402349166	-0.00937377293411831	0.0112293182027811	0.0088136007556443
0.0118629595439328	0.000121003213319027	-0.0177560370948592	0.0134037517848966	-0.00484285300993333	0.00817504202369984
0.0116566692400852	-0.00896439826448235	-0.00337048481397292	-0.00476325110489755	0.00507270884746102	-0.00405375127423546
0.011378826529437	-0.00109597603059707	-0.00658423464889325	0.00417803321914378	-0.00359503797047581	-0.0235096118219508
0.0111636622920478	0.000857883930026235	-0.0125837027430559	0.0199667313460708	-0.00383234953319185	-0.0292223450897328
0.0122138214500828	0.00344054464887726	-0.0153464604046582	0.00596261937418681	-0.0116655134946458	0.00846943232312796
0.0116999003275189	-8.45713782439803e-05	-0.0128214570255018	0.023329621518621	0.00140736671993583	-0.00569839171859789
0.013465983628505	-0.0195569914347148	0.0164104955664992	0.0160191004631513	-0.0128518902135696	-0.0151888978580057
0.0130910472625869	-0.0179434241223569	0.0110525645457843	0.00382090041515349	0.00578085642837248	0.00926627134776929
0.0110990442179714	-0.00180810943551376	-0.0109831137698429	0.0197095322815051	-0.00643025527239984	-0.0162459078817356
0.0121014661310113	0.000273912198232123	-0.00950186387689497	0.0241305002159783	-0.0288300116728841	-0.00685507078564879
0.012548617015228	-0.00851176603573948	-0.00459953382930429	-0.0105213407821085	0.00793924990325877	0.0189097400992833
0.011050058958462	-0.00859231738929628	-0.00757727876655416	0.00237740783770475	0.0311374003859346	-0.018699313880231
0.0113901950739367	-0.0107809127388011	-0.0131116137011017	0.00107277020459823	-0.00773303967287581	0.000898884547227398
0.0129878172267493	-0.0103635865353441	-0.00474362996972332	-0.00755203088245551	-0.00735355898897727	0.00415557182321662
0.0126047340253059	-0.011079582856967	-0.0034386482877513	-0.00825962369940154	-0.00319889866283144	-0.000552882627378592
0.0129906904957793	-0.0107976738324986	-0.00529081347984135	-0.00490085125637828	-0.00872350480073771	0.00418966951196234
0.0132961859800292	-0.0257889694308752	0.01520323864486	-0.00993400589711328	-0.012680192265366	0.00445056853706176
0.0123485958473727	-0.0208095454219267	0.00369885084613829	-0.00804660904470599	0.00770635898945944	-0.00290999800098426
0.0117082688987379	-0.00455731060145719	-0.0144580652466824	-0.0127402498517474	-0.00303167184052883	-0.0159757372066886
0.011522489064666	-0.00696148010073674	-0.0194870479988337	-0.0128368167187877	-0.00137340201215544	-0.00119793407926731
0.0111290354971568	-0.0119664456687229	-0.0193741417582848	-0.00515772323779962	0.0243527341294293	-0.0026891709936878
0.0118519932285707	-0.0141340994770224	-0.0130594012824126	-0.000817184674370658	0.00153777817641288	0.0229823820160101
0.012251719871913	-0.0144902249220104	-0.0104545128365292	-0.00824602545724894	-0.0067253606092187	0.0135490467145374
0.0115823492160057	-0.00893872982890765	-0.0154022135071784	0.00121909964872691	0.00630651338390623	-0.00395138717493559
0.0115263155361235	-0.0100102862408247	-0.00775122085556422	-0.0291339172652703	0.0363492882417793	-0.0120217236805447
0.0113127306491873	-0.0079286438207381	-0.0106075657250255	0.00140931680696531	-0.00032525865806146	0.00349528965709798
0.0120220976677387	-0.00260078429350221	-0.0135815136375968	-0.000360812195969042	-0.0132228114156589	-0.0145802279585253
0.0115476247542723	-0.00403540517937084	-0.0140862502516915	-0.00665358364669555	-0.00672544309847745	0.0174589373199203
0.0115960920153258	-0.00903150638314329	-0.011294680229859	0.00987652839435987	0.00731574208389206	-0.00362696990030356
0.0124759495237876	-0.00382419649037574	-0.00878660457618568	0.000742637181885287	-0.0270080955339997	0.00060984561161796
0.0121508206973639	0.00185686711667597	-0.00427169062536634	-0.00638844311585891	-0.00125284206978141	0.00271112696113524
0.0124493384581193	0.00301555317913602	-0.00408983102018921	0.00991878803159035	-0.0075113429190066	0.00919973793897848
0.0126195581601788	-0.000881267878307446	-0.000962714719428874	-0.0110755893860023	0.00705950010942151	0.0182076940769919
0.0124055165018016	0.00123604244007154	-0.00888882653246575	0.00561172776353121	-0.0160029254759641	0.00476007812902873
0.0135594500753137	-0.00747273044844304	0.00523529452969095	-0.00991512719122248	-0.0149977466269501	0.00314795388256717
0.0114670918575071	-0.00488183221552046	-0.00534261130679366	0.00276143401085016	0.00601152386644283	-0.00754015989798825
0.0116200042254137	-0.00360864505664382	-0.0100764712156208	0.00299164808464647	-0.000598212070101723	-0.00537258189002343
0.0117261056448741	0.00283329980672758	-0.0117982836445555	0.0113521731729964	-0.0108191286794083	0.00765803077813856
0.0119821037053687	-0.00651284156122312	-0.0077073404955657	-0.00159448391119287	-0.0110254811833959	0.00205722028916319
0.0114030608750272	-0.00805296960363319	-0.00980859975316202	0.0126055140008266	0.00486799925031648	-0.0119715681304274
0.0110987512562146	-0.00517421507996766	-0.00947782642555026	0.0062289587472673	0.0125462758010785	-0.0215010144189985
0.0111321764103272	-0.00236494229176853	-0.0162344475157964	0.00259993479517785	0.0152785045211932	-0.00905891271895131
0.0108149551529193	-0.00335777335559196	-0.0130824177118966	-0.00792930723366392	0.0170801065417803	-0.0122261447133792
0.0113097967972418	-0.00751580632683075	-0.0209103583567546	-0.00442792048277083	-0.00932201835356755	-0.00820487017182612
0.011466896671305	-0.00713216368185576	-0.0203625834874771	0.00251092157707817	-0.00496004250104724	-0.00369598425752604
0.0116724891245237	-0.00926128671584177	-0.00886847504767777	-0.0083718691022629	-0.00806721841879922	0.00572928663745031
0.0111757594544394	-0.00356289798521735	-0.0187689674359877	-0.0152881701357529	0.00707645489974562	0.00130526509343925
0.0111349971897242	-0.0151246361578165	-0.00936508296809707	-0.0343138361664659	0.0123632826734187	0.00696312242933007
0.0122602484203262	-0.0190448876765607	-0.0107094908825286	-0.0253656563246656	-0.0111237517304152	0.00920286342836032
0.0142174218426297	-0.0302781583319535	0.014578896890701	-0.00332484087605675	-0.00813407015342712	0.0111709671218712
0.0130688005638519	-0.0108326166893042	-0.0114149926918486	-0.00813840132087902	-0.0179780592026933	0.0270253613624633
0.0147952574198849	-0.0287732060271103	0.0224914523131981	0.00887663148529977	-0.0315010203663698	-0.00839559162925969
0.0117174101009927	-0.0131733943776408	-0.0161510166704979	0.00240633528590788	-0.00550683913738378	0.013722025275907
0.0115211505419085	-0.0112635756136118	-0.019518246285721	-0.00461162832895634	0.00849866239241656	-0.0104219443030377
0.0113228459863188	-0.0116132821898957	-0.0217620177235783	0.00275258404881223	-0.0180066647047415	-0.00349633189621511
0.0122916223969235	-0.00881859549277541	-0.0157944515217376	-0.0114771007431335	-0.00384865967403541	0.0161576966842846
0.0123266640453556	-0.00688443344049142	-0.0190162093590512	-0.0153591609439748	-0.00488657776255344	0.0181231135817233
0.0112631928135063	-0.0131848188233826	-0.018122416932452	-0.00126904790816968	-0.0168246863025117	-0.00475472287674345
0.0113297801915037	-0.0206078947908028	-0.0119134713080207	-0.0246970346848247	-0.0127581834023277	-0.00806628529339313
0.0114107155447803	-0.0177821922341736	-0.018516629174595	-0.0182820683515639	-0.00164957592787646	-2.71727870534309e-05
0.0115570269612144	-0.0096288392322823	-0.0233896365362547	-0.000679885824867298	-0.0142112930346744	0.00650351160841225
0.0111147097858266	-0.00665423353315237	-0.0201794184562592	-0.00166758563378135	0.00345269130760731	-0.00350450938927466
0.0110818574514931	-0.0122947341112622	-0.0151847815968992	-0.00960803101003577	0.00352931573013563	-0.0192703865878388
0.0110657839471965	-0.0063728730786596	-0.0148191178469639	0.00901383663186448	-0.0111397651058958	0.00927178401904285
0.01196777399394	-0.00339669178628814	-0.0175048939444949	-0.00312394858610862	-0.00505821985935448	0.00294225663041045
0.0122641154233524	-0.00372452094570529	-0.0164686123311988	-0.0116698366770353	-0.0133246019842018	0.00853546463180975
0.0118864807662869	-0.00652794609190492	-0.0153849564618625	-0.00164336076306334	0.00666666702643025	-0.0041360384518974
0.0118914758869239	-0.00661420422829658	-0.0153735018483005	-0.00248858858743252	0.0068885172295622	-0.00523568954491486
0.0124509201306936	-0.00409377799285032	-0.0191641169178344	-0.00398833133297863	-0.0240715688264344	0.0145446966256487
0.0119904916743301	-0.000865844099536693	-0.0185974758643928	0.0131749550574224	-0.00982245160863823	0.000202199507333428
0.011105069777044	-0.00449079268917928	-0.0230344755898763	0.00864755183892001	0.0172169970515822	-0.0189849840975567
0.0127545681155865	-0.0100262603803076	-0.0121509193646095	-0.00403661115216167	0.00605763360507687	0.0158485373829208
0.0123019685479218	-0.00264332431353654	-0.0134416964513895	-0.00118841365727336	-0.00741224729547477	0.0163949099551349
0.0125558000875941	0.00210235722875809	-0.00399438971333883	-0.000302089408638669	-0.023312555570615	0.00139505199533246
0.0130605671654885	-0.00464516176302795	0.00684064057537401	-0.00982019388128968	-0.024059828687327	0.0139173101986212
0.0122104106509185	0.00826384304669526	0.00150728236741273	-0.00815524226511033	0.0133529986339959	-0.00559542217903028
0.0121324542047061	0.0125036192071874	0.00384851184759575	-0.0162453649099359	0.00968837382191862	0.0105472646815937
0.0119516951989545	0.0115839194037708	7.71198501966471e-05	-0.00548169104579045	0.0178178854557895	-0.00435354759551075
0.012782104762676	0.0106538134886191	0.00504842861461819	0.00908453881358271	-0.00837883136329317	0.00168417221413928
0.0136535537433795	-0.0172950359431825	0.0295577735313058	0.00230411469277038	0.0152042712664328	-0.000373382070551993
0.0115645933922204	0.0146139254133523	-0.00306429473331133	0.018906792135259	0.00983468033175207	-0.0227285105467756
0.0122951959794092	0.0219733947434738	0.00282166178122863	0.00074550738258957	-0.0119714327900616	0.00713126459585061
0.0127425349349462	0.00673248166265448	0.0143363517801229	-0.000109639837949781	0.00543238703772908	0.00827866151680257
0.0119031023975028	0.0173335310593621	0.00955563219049056	0.020881258977348	0.00325512570575284	-0.0305050230777081
0.0123625854295153	0.0205611987410819	0.011916774885379	0.00348399978402177	-0.00165203875267004	-0.0271784552814497
0.0130400662931985	0.0272892813917844	0.0106687318827765	-0.00527765881816618	-0.00922718379774763	-0.00406309539248665
0.0128533450386588	-0.000847561671158021	0.0259279155524394	-0.0214137003400324	-0.000465690546290211	-0.00450155389262359
0.0125060480871	0.0137411806331439	0.0234947073498809	0.00492727045850542	-0.000508911627967063	-0.0117027759936823
0.0146425877929328	-0.00750818428731463	0.0244173146290201	0.0158014809330746	0.00646346707283792	0.00140368327008714
0.0161033174692132	-0.0259794671348827	0.0276732270259042	0.0178925846549448	-0.0146208037373269	-0.00365019675243731
0.0133495315435765	-0.00374893355609821	0.0195843038120311	0.0234503476000929	0.0165272486987468	0.0149556872670595
0.0117576016895613	0.015891233462889	0.0161092382866095	-0.00707595821594181	0.023135472036193	-0.00866029479204937
0.0122361027444961	0.0146462456378676	0.00981706391900887	0.00719546849710112	-0.00254333354441071	-0.005610990801732
0.0124388202011211	0.0148379316109645	0.00498507490973418	0.0116619766698875	-0.00249938529355753	0.0103540558703889
0.0128613877721747	0.0100710836894593	0.00511629806734429	-0.00118951396715423	0.0015020488145189	0.0135001415332473
0.0131889350935849	0.00682452978808125	0.00374673810160581	0.00617827430992452	-0.0103247166239214	0.0182968313357642
0.0127707597674481	0.000648993289075098	0.0126676542378888	-0.0217044223154418	-0.0127894248246934	-0.00401716058002935
0.0142946335610084	-0.0232313217690098	0.0149147114613433	0.0418788400129012	0.000850194301000119	0.0176834684989628
0.0129546149277303	-0.00189303636320115	0.0206316070171529	-0.0277855713973239	0.00143846866909005	0.0174474618793553
0.0118080771854921	0.00710622567185588	0.00601847495132926	-0.00786409527840712	-0.000516907144112868	0.0044070825188161
0.0124311024402126	0.00630285402178992	-0.00169314109947006	-0.00696439101411014	0.00145578007634102	0.0132540560344323
0.0119286463089534	0.00867675484887026	-0.0033001957221629	-0.00842812922158257	-0.000739481553627446	-0.000131971536856928
0.0115916951657995	0.00915087998660416	-0.00843591520420064	0.00296333010102796	-0.00693887125016387	-0.00761493058273197
0.0121583778128638	0.000289984420656442	-0.00438007472063304	0.00654472493068985	0.00216617000282347	-0.00688723419609348
0.0123094189368563	0.000300132384610932	-0.00804705720851587	-0.00408397769043388	0.00962256827572881	0.00358792628796847
0.0119174258045111	-0.00155643007255345	-0.0072524620261141	0.00229211871254696	0.021712559004668	-0.00755582458976503
0.0127091718191096	-0.00927140213336699	0.004130438179496	-0.00801973193655183	-0.0109254515077541	0.00306788115446115
0.0118169698079723	0.00275329039206964	-0.0104559437571891	-0.0102678096662163	0.0148784401569776	0.0227625257709325
0.0117590931078191	-0.00754484978308941	-0.0109011249163541	0.00114680517822645	-0.00467069317164192	0.00148196913991896
0.0112074401030783	-0.0120876729897736	-0.00402621800872227	0.00492924231352551	0.000265798528812136	-0.0201732316718254
0.012562699409379	-0.026959558009498	-0.00418443548971496	0.016832159460765	0.0166052106418868	0.0190070496335211
0.0151421747316504	-0.033629602391043	0.0395238082341664	-0.0133768865381032	-0.00993525704408532	-0.00434648075862256
0.0117287516454555	-0.0193762845658435	0.016913038061476	0.00923566285526964	0.0114596075266798	-0.00751969148373899
0.0121572273210591	-0.0113394523513689	-0.00942061680236466	-0.00295148976805528	-0.00281392994654682	0.00364150490510423
0.013085761424857	-0.00768287370162467	0.00132571957243252	-0.0207917940434094	-0.0234658714110726	0.017732216320664
0.0117154556458856	-0.0106554497263744	-0.000820769269130196	-0.00409727065374669	-0.0134464118866548	-0.00564380976056209
0.011444100555044	-0.0113352825743098	-0.00597486025129028	-0.00243733554819638	-0.0146940258169086	-0.0148429888552665
0.0118382730229927	-0.00842169043238839	-0.0108825389127519	-0.0170955401589967	-0.00706594546404754	-0.0136323220328431
0.0113982031003629	-0.0179633971998972	0.000404655205649339	-0.0128404677744011	-0.0206254823779412	-0.00522575420155071
0.0113551584648713	-0.0141066891778298	-0.00160483458288762	-0.00336042724122102	-0.0115271974306391	-0.0171187983610888
0.0115567729605897	-0.0144556763500281	-0.0159099837473553	0.0171539996544184	0.00221909310599246	-0.00069436599207554
0.0110376763077196	-0.011387314896244	-0.0201908144999114	-0.00157066808459689	-0.00553706822771407	-0.00426483699061145
0.0108965155373899	-0.0182507762400251	-0.0104388990642952	-0.012707892092399	0.000804663017173517	-0.0161708243129967
0.0117281539866073	-0.0154796840977177	-0.016487246080929	-0.0048010101158287	-0.0201432096743603	-0.0196176232323906
0.0120886543548583	-0.0303647785854392	0.0171304732574788	0.000708970605917777	-0.00720450034382193	-0.0106688535335914
0.0146465687632836	-0.030435773370515	0.0183536624911904	0.00488206282931032	-0.010190507680389	-0.0111697250616725
0.0115741910258731	-0.017091130818345	-0.0122915891593338	0.00367367118624109	-0.00304302238320268	-0.0092668217633883
0.0117638040242143	-0.00174863316817759	-0.0108568873646269	0.0095471878159393	-0.00440384940463149	-0.00812130952011915
0.0115904031385056	0.00463110764753879	-0.0117292813079336	-0.00097465037459355	0.00852686715276234	-0.00781054170499185
0.011932100426887	0.00178085476183857	-0.0151351616905692	0.00634549599940407	-0.00632658921123784	0.0114341741427472
0.0119843713414383	0.00651017885641995	-0.0109651237683986	0.00264823513607838	0.00096549905712327	0.0124132842757901
0.0113398532564183	0.00589115083392834	-0.00422462479153641	0.00483136777297617	0.0293134742156708	-0.00933859066945403
0.0119629560467887	-0.00879985682924099	0.00198021600983574	0.0131233006724108	0.0182560313638907	-0.00389754460689025
0.0122466776904396	0.000183102635877615	-0.00253856247997962	-0.00216539355591107	8.1291632567254e-05	0.00417632243819816
0.0122434877827403	0.00927557447339817	-0.00974781643592751	0.0155186487526557	-0.00112116205628598	0.0140698771661131
0.0122566666087319	0.00617935952204447	-0.00868755737907197	0.0148380751270275	0.00356943120456828	0.0222795316558203
0.0118275545974056	-0.00118936939619735	0.00672544559263882	0.00325951753969297	0.0060050721689887	0.00152059846235393
0.0116996260904193	0.00904735296424353	-0.00121941393234041	0.0119474913439993	0.015174326675005	-0.0173681032473844
0.0120272306878201	-0.00376719433015407	0.00587450037349332	0.0103841421599174	0.018175608810413	-0.00495850957082261
0.0128192996897596	0.000321988548214071	0.00220627214380501	0.0105423018592242	-0.00587131027587174	-0.00437419592819499
0.0125170387515782	-0.023377253000822	0.0245561652832435	0.00849137581247891	-0.00551958423444187	0.0218156921819013
0.0123519469656475	-0.00811224682102762	0.0197841227652269	-0.0157666392536351	-0.00402103406593845	-0.014825480180415
0.0115753615642175	0.0114811648096365	-0.000157767197525811	0.0154582837067122	-0.00161532495492072	-0.0192183395007901
0.0124692407072373	-0.00613609948348778	0.0209643437955428	-0.00352028317386796	-0.00125482370780736	-0.00304021201707154
0.0118755613271548	0.00593610159308325	0.000239528583595191	0.0234891458869074	0.0178009238073718	-0.00346665864801907
0.0122506973330192	0.00728136408159893	9.38293059146414e-05	0.00729281544330681	-0.00376394579523453	-0.000512356239153327
0.0132687395186376	-0.00905360300976986	0.0125957944558001	-0.00536450642202604	-0.00370282188339907	0.00129460710754978
0.0122821473533317	0.0121077823131416	-0.00165232695319618	-0.00575806445713926	0.00362167887811961	0.0126060452380617
0.0113204412866123	-0.0030634906650482	-0.012412970174064	-0.00290501103403439	0.00643240705265185	-0.0112973985879168
0.0117351632395893	0.00280768089715268	-0.00135674648628295	0.00909319314937991	-0.0126489689166631	-0.00294015006753777
0.0109989276121241	-0.000892834936387945	-0.0110940819218213	-0.00504348752032346	0.0271506877012677	-0.00304894466179052
0.0121763941362953	0.00107014573099681	-0.00482823065838189	0.0140678877488488	0.0141419934596135	0.0228722620903193
0.0120078097493969	0.00840875867754596	-0.0101273915460625	0.00513995139089207	-0.00319675277310517	0.00059555943700217
0.0118767944663052	0.00367076085232268	-0.00783295209871301	0.00662806336056225	0.0235023174357236	0.0136028658890317
0.0114713630724405	0.00657948471840116	-0.00907135258976335	0.00351207607767209	0.0198093738666546	-0.005348495385971
0.0114387600748098	0.00632380384969582	-0.00747528814710687	0.000203126763846482	0.0293137090709939	-0.00821788960398484
0.0112948734646645	0.00407701576010757	-0.00712124812770256	-0.00541613735897154	0.00914306155322605	-0.0109556967967677
0.0113588308896802	0.0011324481958227	-0.00617320881811665	0.0152423540896903	0.00495715361904206	0.000833403071977818
0.011630034524548	0.00916650383674492	-0.01261829607008	0.0149669613814944	0.000233091626706178	0.00323457394167169
0.0118222464598862	0.0041630996611599	-0.000303784437156506	0.00137327179547457	0.0175319920830879	0.00725534357142047
0.0114139105315506	0.00381237609652957	-0.00210449195960396	0.00187401338867011	0.00850794019471865	0.00559702287761201
0.0125700256291437	0.00657987621892629	-0.00590160052174171	0.000455572629150303	0.00256279274486922	0.00462983363864523
0.0126511159061046	0.00530689330680708	-0.00248226578367874	-0.00977938399583303	0.00354754306953257	0.012793619339307
0.0136325942523987	-0.00623428068119219	0.0274784090889424	-0.0118224421373864	-0.0309954732202432	-0.0145722410920591
0.011651046314459	0.00848583064918305	0.000795325990255341	0.00191583775770475	0.00882552052786056	0.00206249791005992
0.0119836934922567	0.0105794475656265	-0.00831356663414008	-0.00307010938312246	-0.00527334713728109	-0.0082446377909954
0.0120195929589025	0.013532332499379	-0.00828071461826566	0.0098804994283984	-0.00399746160585755	-0.015789855607764
0.0119736922684401	0.00103220611245488	-0.00960394873610869	0.018328235650865	0.00303419589656959	0.00679531739241958
0.0124024137026191	-0.00361415060270669	-0.00706836007101355	0.00554093373620255	-0.011879173689878	0.0129768004878899
0.0119554031293527	0.00193067620389169	-0.00727107302702794	-0.00308053992688939	-0.00573522190899006	-0.00934602691616366
0.0115709861792358	-0.00152753061614936	-0.0127249762062682	0.00220925691386212	0.0200145938475799	0.0103722910817182
0.0121991596382052	-0.0094775254808033	-0.00989999464102614	0.00779066659145875	-0.00257847206406019	-0.00546726700147435
0.0115121207116391	-0.00817563348577162	-0.00994659133329544	0.000468914676306756	-0.00695693286762757	-0.0148802834437461
0.012201235799983	-0.00582215127708578	-0.00389497332003217	-0.0183426389190044	-0.0120477827639772	-0.00715725504741483
0.0118874504578871	-0.000888981969522173	-0.00198549065701011	-0.0285789656430003	-0.0225051743088656	-0.00950898236883116
0.0116152318299709	-0.00673923803437331	-0.0229717220582328	-0.0169991057160163	-0.00711859169315004	-0.00691733496633872
0.0113538579339058	-0.00908686099410401	-0.0210467818012667	-0.00509307522567192	0.000667287558144689	-0.00847188221798248
0.011695378256338	-0.0148479387517717	-0.0188556240162622	-0.00850144197589729	-0.00638562263919657	-0.00393928375977386
0.0112497607890664	-0.0185406689512239	-0.0125453536481531	0.00632853270684381	0.0105466790866455	0.000498382802439345
0.0113384255681348	-0.00841342083595074	-0.0179922944729837	-0.0075305476588632	0.00295328528099413	-0.0013963205374878
0.011372909478923	-0.00865061838699619	-0.018104279389731	-0.000203860303719964	-0.00754765739185905	-0.00334519696188489
0.0111674394412862	-0.010376051232973	-0.0172386703678012	-0.00469053475162359	-0.000691724593894705	-0.015684278197227
0.0107989239340065	-0.00541917959668035	-0.0156009191540409	0.00811188256492559	0.0112327908998395	-0.0328662554013016
0.0114676567096469	-0.00647130214652009	-0.00667843392365972	0.00466659224548046	0.000650492866224019	-0.00503550166649541
0.0114183029582751	-0.011420653640092	-0.00579777941200793	0.00843512134146521	-0.00483847829921096	-0.00839528221914073
0.0123016080817275	-0.00547944597847207	-0.0125126998774114	-0.00223876713534258	0.000421362429948169	0.00847485853089244
0.0117218713884032	-0.00813102554193492	-0.00450513389055013	0.00452393829775562	0.00128463934128954	0.002900496406386
0.0116345415262132	-0.00799688804932687	-0.00321477644938543	0.00141492435131059	0.00513099362050963	0.00156612109989277
0.0117770083201888	-0.00808908157102106	-0.0126764240473069	-0.00554823820432662	0.0195912124227315	0.0071815769614503
0.0115919082855995	0.000364408566866102	-0.00921852617369007	-0.0109588311449195	0.00239578168957319	-0.0171656194045099
0.0120747994429643	-0.00310078862301172	-0.00203816102859093	0.00825979812843895	-0.0396429315539152	0.00281835891152102
0.0116907795764596	0.000551343522844019	-0.0124853932186983	-0.0117466777540874	-0.00570244344865973	-0.0144352869263259
0.0115264120798255	-0.00831542222391317	-0.00463705389538345	-0.0149969357284685	0.0102732850396104	-0.0041257987250078
0.0115423568190815	-0.00857000468902255	-0.00998116457642646	-0.014913312818415	-0.00250194696724778	-0.0110531527063859
0.0118265503413305	0.00105896679013608	-0.0180101206505777	-0.00216879985626985	0.0113210026853237	-0.0163369900546134
0.0121691772723955	0.00548121658568217	-0.0179241468327945	0.00217347740341678	0.00781765751721619	0.00904904864913227
0.0120261474279112	-8.65607627479996e-06	-0.0175099108867509	-0.000378377051533575	0.010751747232492	0.00491473965745696
0.0119313443377556	-0.000889164336008027	-0.017725615714687	-0.00505833207533779	0.0028226861727352	0.0103313303703549
0.0124728176250924	0.00612685147421009	-0.0214548174528626	0.0013204214355144	-0.0178487259567316	0.00194975285139999
0.0120618339347192	-0.000367123371797551	-0.0129839034943649	-0.00560912324522901	-0.00447025890325976	-0.000233511621925748
0.0115731077885239	0.00312373189657374	-0.00569739259644601	-0.0114175077227463	0.00289847100258891	0.0036642047008842
0.0118028997472849	0.00306292155097937	-0.00989736840949114	0.011153276923437	0.00486664929263729	-0.00680224281531371
0.0122744704479343	0.00219762320217857	-0.00974353313585731	0.0128555688100913	-0.0089730851583998	0.00112809940216787
0.0116673513221003	0.00451112757437148	-0.00427472453780229	0.00761096445141959	0.01857443287276	0.00366996841450627
0.0126367868149075	-0.00357963057773513	0.00879507438711827	0.0068145345381632	-0.00864831075399313	0.00306428186829555
0.01246459671233	0.0146875426102934	0.00102805126636132	0.00766242739893326	0.0060150694728313	-0.0122779855747656
0.0124235153782023	0.00497030262492687	0.00440523873838095	0.00101845984602835	0.00147107388339933	0.00724279916360702
0.0122440181388497	0.0105325174134297	-0.00248626188099132	0.00339398034927908	0.00901862185684961	-0.0178127418134245
0.0123011639485101	-0.00210091779431637	0.0135106184882936	0.0108045087808143	-0.00038094972797496	-0.0224903552266059
0.0125490205279465	0.00383037992611394	0.0117754322793704	0.00635030356133469	0.00933292928120753	-0.00730296624028644
0.0113004344075134	-0.0225860941753224	0.0380691138818017	0.0181529085798159	0.0349768920791351	-0.0312956239061114
0.0146948287452346	-0.0214467103802266	0.014670330461397	0.0333294989021984	-0.0021144466187459	-0.00153598238535269
0.013620543999721	-0.0229436154156042	0.0650474678231929	-0.022997718074396	0.012810867041129	-0.0139484466395795
0.0120407511115004	0.0135804641012808	0.0127221093538657	-0.00594518046269593	0.00193856844340605	-0.0023090978857706
0.0121511093344476	0.00921250705056904	0.0148313371043772	0.0170283023270051	0.0235317098111157	-0.00568620074604102
0.0125078243139229	0.0173103781910908	0.00921978219860892	0.00898341215217363	-0.00568088168663228	-0.0122910140877581
0.0119286855010718	0.0216565070439198	0.0103717414791372	0.00323520612467965	-0.0016724980259683	-0.00387908303371883
0.0125072814915984	0.0210143213179268	0.0112942370317204	-0.00209235521734309	-0.0246577190980764	0.0132750625030012
0.0122076327095178	0.0140410862377178	0.00329172761455372	0.0129626560379183	0.00350276590338682	-0.00877458230648817
0.0119981948358825	0.0160377680844416	-0.0032359812448544	0.00696242149130084	0.00993559832440343	0.00799863852388186
0.0120545230565525	0.00948138495899455	0.0100390050889379	-0.00622465612071802	0.0127380541138257	0.00829281794889492
0.0124364578041235	0.00783486670784215	0.00407636809890102	-0.0029347236119036	0.00520058708990123	-0.00275823774310049
0.012458846654063	0.00442671176739738	-0.00496028247025323	0.00112492417752968	0.00141593671837769	0.0260541312539926
0.01252666126681	0.0150547219063597	-0.00591369534539827	0.00952584158524548	-0.00230691225500286	0.0165142588036339
0.0121724562051021	0.00785444990507446	-0.000435965476144448	0.012476811858182	0.00542672944089659	0.00140849243360089
0.0121979760655016	0.0083793598045462	-0.00123838444713147	0.0120241230236779	0.00694281614724558	-0.00183910005253624
0.0137081288974834	-0.023733540167775	0.0217670708231915	0.0101697153646198	0.0112697904923022	0.0109203463057703
0.0115184204037189	0.0092150928343558	-0.0100670139101148	-0.00165458037932201	-0.00996835811331423	-0.0107121106045472
0.0117161978906735	0.00399933330187867	-0.0138719994787951	0.0206219628159567	0.0215507019421483	-0.0116862712577254
0.0117061490843836	0.00423255623866011	-0.014202767569685	0.0204506889948978	0.0208419756168645	-0.0127199040308401
0.0113156060154571	0.00227786401277587	-0.00748978127292703	-0.0022953878569683	0.00527464580701883	-0.0246018953397989
0.0119505751103929	0.00648788798300874	-0.0109167481650389	0.000512761447141907	-0.00324459451042471	0.00468061304403468
0.0115038208988446	0.00142427445606944	-0.00650895261709773	-0.00254205381759218	0.00797758328012393	0.00224196131429001
0.0126523410231833	-0.0117614800774821	0.00232429793484128	0.0118447318260592	0.00715097552858906	0.00180364175436662
0.0120857438911516	-0.00536183897571155	-0.00835305148465148	-0.00652060586964333	0.0131188324474151	0.0137722302716281
0.0117082272387817	-0.00615000178952502	-0.0106701964160158	-0.00415774454209799	0.000390064972347051	-0.00925863758306197
0.0119298669943841	-0.00487318905320238	0.00611003341186813	-0.00200357663431247	0.00578092911318059	-0.0193218272545754
0.0121032678733492	-0.0122116012693276	-0.00517277836021651	-0.00571072405151518	-0.00974483476764764	-0.014509284932887
0.0118017496115892	-0.0132232800731197	-0.0117552612929282	0.0077407970596685	-0.0023326755880884	0.0066528394545211
0.0109071414850776	-0.0088421801530139	-0.0183213812241659	0.00733534843602635	0.00209574308285636	-0.00801221742299571
0.0117003849173631	-0.0095550425127244	-0.0144084323808944	-0.00383973178039156	0.000383732888555397	-0.00711895074611753
0.011629182090071	-0.00973741747020067	-0.0192085099080034	-0.0110124579093087	0.01431097096853	0.0105482602021996
0.0107497074027634	-0.00893632251395272	-0.0238161915220243	-0.0177192071118684	-0.000517988847391956	-0.0129445922900969
0.0115861919277362	-0.0124711819436279	-0.0118572240533256	-0.00076702336062434	-0.0130434371603091	0.00578284096355898
0.0108199061334292	-0.0140087419675385	-0.0190092741219674	0.00224938808096295	0.0104329212992974	-0.021751999736335
0.0110511213821416	-0.0132798550572208	-0.0194321650052886	0.0024596616011803	0.00361024748954007	-0.0186650367372939
0.011312291724461	-0.0159555514994212	-0.0143332704720251	0.012782980028983	-0.00547125927196628	-0.0132977605189994
0.0117474516115152	-0.0148258405655969	-0.0146297692642186	-0.00206028587554418	0.00218771582427423	0.000947297725674113
0.0117229260294425	-0.0034126236066869	-0.0140360936780685	-0.0044084349679511	-0.00365094402032062	0.0102697432695133
0.0128063045951778	-0.00871043168507647	-0.000483543360859276	-0.00124904441180177	-0.0532334720950518	0.00869172224262479
0.0116563109213763	-0.00921969236074976	-0.00934253543666653	0.000764627393943626	-0.0142746626484864	0.00124849666074582
0.0115585545062707	-0.00834335089868351	-0.0157507077534869	-0.000252659835995929	0.000885790905879346	0.0147440433910927
0.0140274084531748	-0.0402348579869007	0.0206845121049008	0.0196934502596225	0.00410622056040337	0.00383375032454567
0.0117300799826125	-0.00196062558631002	-0.0102896995199004	0.00790030129721095	0.0110615345557055	0.00731981426186691
0.0111090767190465	-0.00995723657846075	-0.00887039717438569	-0.00465864004059049	0.0118729433461319	-0.0122826704618537
0.0139606181039237	-0.0266205056384409	0.015176057242519	0.0166436490759857	-0.00798334015164419	-0.00728210483322292
0.0126927141645181	-0.0162028198828221	0.00867727836132276	-0.040039625096963	0.000601015742355849	-0.0150291518976819
0.0131049635179452	-0.0342010849684599	0.0039034666173744	0.0161187192938901	0.0090989250299393	0.00535383011527079
0.0126728219832245	-0.0131623211274701	0.0711580378731533	-0.032153881582185	-0.010307153569132	-0.0576631447950913
0.0135698315160814	-0.0181288331553692	0.00644487681618913	-0.00073326866107246	-0.00532862370390952	0.00775177970325117
0.011707949704198	-0.00908590996871665	-0.00242505575225133	-0.0293520209186944	0.0117181889054909	-0.00675656590342685
0.0120404352891099	-0.00247189250256303	-0.0125048552677141	-0.00967833337847298	-0.0141151684442303	-0.00234764922302213
0.0115755252380054	-0.00499839949351312	-0.0154278175908379	0.00268493721689821	0.00323047799033527	0.0101512157762839
0.0118571449900228	-0.0107528653696102	-0.0079750096117098	-0.00104963077513829	0.00177420894749708	-0.015476097179392
0.0116487290989293	-0.0101733085676826	-0.0171339007908953	0.0125008490368356	-0.00203425738830076	0.0013313033461553
0.0119293499392208	-0.0141809685285101	-0.00942023428932581	-0.000406891084574652	0.00147386406850374	0.00202434830136391
0.0123369530990367	-0.00557502488693659	-0.0223607448191145	-0.00588340499992309	-0.0211944717716742	0.00906928833810751
0.0111431498804307	-0.01694977196621	-0.0114238851745301	-0.00905783063698996	-0.00525941734285184	0.00788744481535992
0.0114782507844304	-0.00811791372474604	-0.0101500267581001	0.00909569615975624	-0.0122037050418261	-0.0130759998327184
0.0115162418690592	-0.0137290697963564	-0.012186317978432	-0.00984515717836154	0.00168154686573452	-0.0183905685930147
0.0117758582620861	-0.0187098782114602	-0.00276438778178433	-0.0186549384789861	-0.0222718369788981	-0.0203581369104511
0.0125563672535507	-0.018854736356016	0.00250106255195828	0.0109511213103271	-0.000427317953196585	-0.000233102451377602
0.0118712745855255	-0.0165431480366338	-0.00713571045454796	-0.0270947543414948	0.0332047807618222	0.0199190354553031
0.0127397087701795	-0.0146725708760976	-5.0267390025352e-05	-0.0155128505211831	-0.0111409577117311	0.0227003638092382
0.0131141640284645	-0.0103836433979106	0.00546245753724066	-0.0270059968246625	-0.0316140107672146	-0.00520072267073841
0.0131043794148468	-0.0194764744248004	0.010863895569032	-0.00246084610187199	-0.00302003077309893	0.00331048425430829
0.0112141903055214	-0.00460852310371479	-0.0145457212550891	-0.0116624803931261	0.00990336889279714	-0.0307390386752459
0.0112550600658731	-0.00152475701732995	-0.0127670854562636	-0.0045264359710527	0.0138347589227028	-0.0246942619455451
0.0120730066824893	-0.000920708588422576	-0.0187884782062238	0.0179758024165994	-0.00799729605639904	-0.00728111464922854
0.0120251788209965	-0.000558112295875352	-0.0185913071313623	0.0182466821211162	-0.0100265981147018	-0.00633800127592734
0.0129213398211613	-0.0215701309109935	-0.000209676728490241	0.00729896684452808	-0.0112505824789988	0.010702921434062
0.011457841749571	-0.00532484481832623	0.00222441509938587	0.00615040072376743	-0.00681129220045223	-0.0188096992643227
0.0116638225434941	-0.00736034464002845	-0.0169398941038995	-0.00665560347464427	-0.000314148687563662	0.00226931858295516
0.0121936620110974	-0.00382342069014354	-0.0034534840717561	-0.0175001802514643	-0.0238016719802971	-0.0109489754996361
0.0119103981531781	-0.00100573735586218	-0.017176614476379	0.00582301997762265	-0.00492204918859746	0.00386273545307741
0.011950367941337	-0.00748241908569145	-0.0100814747832734	-0.00452105114978871	-0.00161074294973511	0.00220795944007744
0.0119518279242062	0.00255862128276287	-0.0155601910588147	0.00811212955293279	0.0112169718033653	-0.00354758979245126
0.0115229202625105	0.00228361341941372	-0.0119140917818627	0.0027666472824714	0.0250173179583155	-0.00441446334790674
0.0117998838163857	-0.00172478935969329	-0.00216232568980994	-0.00508410180928958	-0.00561905429013031	-0.0317209597625851
0.0113825886099444	-0.00400293991116957	0.00366233661699345	-0.0017120775417745	0.00383959147791134	0.0107278576242539
0.0116440051808068	0.00362915561164596	-0.0127203968936596	0.00670888489405471	-0.0116078016219637	-0.0139020157473546
0.0115764209855289	0.000748974731158497	-0.00402831412869076	0.00557177921267371	-0.000765344608001691	0.00181202660160363
0.0129689941080833	-0.000124287334861117	0.013429499329062	-0.0423803642728049	0.00312726580439455	0.00351898828648125
0.0123225048629347	0.000974892288700739	0.00945920316553545	-0.0163734351284393	0.00138229885622228	-0.015682469640888
0.012513377624757	0.00254531341781217	-0.000975238004691604	-0.0122237578805387	0.00322372188750993	0.00203892734575056
0.0116842638553637	0.00151578305036533	-0.0137716831991497	-0.00663542031833804	0.0123763567595367	-0.00776803281333982
0.0120969978262918	-0.00229046890488691	-0.0107612781114458	-0.00490181907955771	0.00237204497888406	0.0136345747425127
0.0118720565199055	-0.00378555160464474	-0.0179063005171943	-0.00835631620825835	-0.00382814468888567	0.0045041831509632
0.0119870891267971	-0.0090226661338202	-0.0136514094036856	-0.00708930905163304	-0.015469937851464	-0.0140889850872115
0.0122457421772814	-0.00889315136044236	-0.0148550296994223	0.00941228570371094	-0.00697014207510515	0.00981400614846512
0.0123217580017946	-0.00245183256116737	-0.0192374647935184	-0.00245501610882999	-0.0116314917577488	0.0221124940245622
0.0106801284068007	-0.00459878274236023	-0.0179612870735721	0.00563568448177194	-0.00363035058652339	-0.0188482293249425
0.0112937796491222	-0.010297702020001	-0.00829666196233531	0.0113583491760097	-0.011605724916444	-0.0209289070196333
0.0117793187831688	-0.0101509037211479	-0.0156707336987612	-0.000780234489174773	0.0100036377145225	-0.00196084397308027
0.0115145564811019	-0.00381612581245359	-0.0112507128255174	-0.00496454354361031	0.010033659646002	-0.00925015975159888
0.0117252032050373	-0.00917881129485684	-0.00664287946639706	0.0088203239364557	-0.0033886936576906	-0.0201200600354042
0.0114287390801402	-0.00821313454930505	-0.0062751355580679	0.00741304215471058	-0.0115142725062263	-0.0228507440374173
0.0122993636254206	-0.0093838999568716	-0.0208677502819667	-0.00281995305499164	-0.0221277247442268	0.017854759451237
0.0124651905444171	-0.00890029789196904	-0.0210584939349962	-0.00350433314229241	-0.0191045937208164	0.0176190370761831
0.0117552017492631	-0.00912886996615321	-0.00475545469526373	-0.00022222164361732	-0.0108480197528457	-0.0186225133172064
0.0125844702880377	-0.00755780210266298	-0.0100696341865183	0.011636716554355	-0.00447469404616462	0.0122346075502153
0.0122108045920471	0.00747016515904736	-0.0159046395625948	-0.00617061444485578	-0.0136682455873745	0.00721100076351073
0.0124593060361395	0.00239518760127778	-0.00303434925361271	0.000152689612600715	-0.0191850118991743	-0.00526944141211321
0.0128875386003122	-0.00062898265711486	-0.00638937947624743	0.00728261518970524	-0.0262011435014717	0.00862584115156158
0.0112573284113062	0.00055767258796813	-0.00555696376046775	0.00156699790489482	0.00900618471313304	-0.0186960888850925
0.0116659398720217	0.00148766904206854	-0.0111927684516256	-0.00504221733169145	0.0185474601048166	0.00443475713642661
0.0122832429370879	-0.00941287134080254	0.00799790083270399	-0.0268929236144242	0.0184409974757977	-0.00590783820090194
0.0120556059240049	-0.0036554993758465	-0.00765256592287958	-0.00346408569393654	0.0190907928727493	0.0258617779315352
0.0120488375464056	0.00713138676325904	-0.0107089432810781	0.00720757585526712	-0.00411825022084318	-0.00234648842148534
0.0115075247006237	-0.00145890884808575	-0.00109591854223963	0.012132000020097	0.0185707704431161	0.00725109629276571
0.0116366333478713	0.00990986599328744	-0.00113745390172674	0.0106270770785846	0.00834607068264987	0.00924343849286791
0.0112966701990889	0.00536512342127238	0.00672537727747267	0.0130098914275549	0.0201223283311011	-0.0191527722260842
0.0123875929425959	-0.00224485581192408	0.00730987137431759	-0.0268727792349513	0.0182663529597039	-0.00811807514520894
0.0122685929955788	0.00704332954271817	-0.00204146584508257	0.00642782275194684	-0.0126705708122993	0.00396185181239617
0.0112448856193452	0.00409571723588293	-0.00441980610986788	0.0176471066495117	0.012498291796677	-0.00989481546193281
0.0121797040432401	-0.00430117799194119	0.00425214206948182	-0.0283225249836411	0.0110866020990157	-0.0181639212009461
0.0123479348527135	0.00333036032498458	-0.0102622461050224	-0.00703670377276418	-0.00376862994006352	0.00189941823175255
0.0114211454304061	0.00361492984466867	-0.00390244456912695	0.0121015626520274	0.00644260546761407	-0.0254200674091345
0.0126195660614591	-0.00533455014635299	0.00280114676146144	-0.00364829137334797	0.000188045612159536	0.0216023064409442
0.0123769395544243	-0.0113271442938137	-0.00116149584725546	-0.00942828663174326	0.0156723956506571	-0.0039344844978481
0.0119304349227879	-0.0029451354025405	-0.00371309169917735	-0.0133317341298218	0.0139653289398337	0.00719006298367597
0.0118530494774245	-0.00253346492376621	-0.00440121232106916	-0.0108098763791178	0.0116120718275766	0.00401070397335965
0.0113416936486227	-0.00291456269935524	-0.0128562079874617	-0.00366627955279257	0.0211521404365442	-0.014429857325092
0.0119633720574865	-0.000652995595790995	-0.01526477375853	-0.00408111838786192	-0.00813282278497795	0.00436545775728957
0.0122274173587629	-0.0114141872944933	-0.00383281006736632	-0.0138690911929839	0.000477461671386901	0.0073855201357345
0.0121018041299574	-0.0128446441682426	-0.00693022890685478	-0.0151179205621281	-0.00071325298514509	0.0124763446957432
0.0123502105711344	-0.0099340006089835	0.0153900527148977	-0.00887143735924985	-0.0556972811978476	-0.0157764327407782
0.0124451713636763	-0.00636181695031815	0.0038366679218505	0.00105718099136657	-0.0474002615276583	-0.00824255197513535
0.0121746004478609	-0.00534302149524235	-0.014289562200438	0.016706984029583	0.00155867684615866	0.00155189520007185
0.0115201575641757	-0.00113950451989857	-0.0138973235886587	-0.00454839335701201	0.000523248239508427	0.00301724684710914
0.0114439739093773	-0.00840467201217052	-0.0216458553336772	0.00467904504214415	0.0101119914606893	0.00556070077965128
0.0116043015854216	-0.00720102172058838	-0.0137150191464899	-0.0085812240941965	0.00306988640943576	-0.00220516903829303
0.0115176650748554	-0.016609631103102	-0.00679216014833966	-0.0242691240558654	0.0268153682834179	-0.00581094236808934
0.0111853368377649	-0.00843437885699099	-0.0171843488149823	0.00501076963766934	0.00158555582823963	-0.0146918954159777
0.0115304290151153	-0.00940929756661181	-0.0165100460560209	-0.00389973136633817	0.000776235154992814	0.00463615987425318
0.0115653728677676	-0.00394828575616072	-0.011650352349366	-0.00214897876954833	0.00319289140379464	-0.00302362270953156
0.0117307482045352	-0.00549895301773538	-0.0171253180217472	-0.0025923363314673	-0.0100403256842132	0.00401547189375641
0.0114379148005826	-0.00179036426334712	-0.0132726445807538	0.0147177221026794	0.0110561373487902	-0.00788979454039101
0.0122619079715412	-0.0109622656743848	0.00390304470375482	-0.0210318992503614	0.00677382581002679	-0.00231635610818753
0.0124695906844212	-0.00595330449585219	0.00318797877246728	-0.0120037716038695	-0.0280129760003991	-0.00868251127988101
0.0116398806809776	-0.00349294481101435	-0.00958428570242617	-0.00670102953774685	0.0109671814280004	0.00106788316433207
0.0131233562500738	-0.0151594291087079	0.00133791979102346	0.00188914767578516	-0.0105582409147039	0.00104732946807415
0.0124668594905852	-0.0133925166622171	-0.00499700334729474	0.000956595669725265	-0.00828723777668491	0.0101136406116675
0.0115693792400811	-0.00920414031751117	-0.0110752953848626	-0.00165304582396136	0.00137911527084738	0.00785261488695202
0.0117179788317077	-0.0158825562506496	-0.00883863667246597	0.00454724456847784	0.00427606139671754	0.0118593668054941
0.0123291353246966	-0.00337991527242142	-0.0139913484934899	-0.00638475167787406	-0.0147519019430199	-0.00026335653849247
0.0117358354452742	-0.00587602389867816	-0.01473904591313	-0.00469609735432976	0.00696346314541059	-0.0102899239908352
0.0123323554901555	-0.0085546333623736	-0.0168282981628995	-0.0133103363984687	-0.00970794681725323	0.0136825512445428
0.0135002190065261	-0.0239838135340266	0.00757187957348734	-0.00599042683589525	-0.0138657110260264	0.0154200045464826
0.0123279864213824	-0.0215253212119878	0.00390279950201627	-0.0191997515763779	-0.00605446553027667	0.0058343470432568
0.0108449014583871	-0.00658541867267647	-0.00922025042364247	0.00693425008883054	0.00525167099193002	-0.0113438932088415
0.0112855490399362	-0.00715286590732332	-0.0188923670006569	-0.00980254677543479	-0.00495547544910666	-0.0181812844939034
0.0116621894427193	-0.00968736956607172	-0.00931878354759448	-0.00302939471391571	-0.0115308696270971	-0.0111679221400177
0.0116948363560887	-0.00648239424346904	-0.0198709979677603	-0.00522086140436516	0.00624805107591914	0.0203060077652015
0.0118966973516759	-0.010560454136608	-0.0199353937272937	0.0096399010472341	-0.00143196213814892	0.0149602036074011
0.0116469818613299	-0.0116097356010241	-0.015574407173281	-0.00850124987382273	0.00799395187162436	0.0125437793085758
0.0122099125132722	-0.00546146266910559	-0.0188731155388455	0.00279343708904828	-0.0285890834096599	0.0276688188453299
0.0123005622767482	-0.0215185099363404	-0.00157765150361059	-0.00225082140868273	0.00452674112116068	0.00891919995794305
0.0123381371018642	-0.01856207900465	-0.00285502978525577	-0.000571093301940821	-0.000198439774240155	0.00640735284622004
0.0127810354065789	-0.0132395555556729	-0.00293043983205765	0.00136104181844354	-0.00709466635864614	0.010673630606628
0.0121095126167592	-0.00559375089403363	-0.0145932965747289	0.000873492175671549	-0.0152114645610413	-0.00940692517158262
0.0116320065933221	-0.00718404883286546	-0.0114882201100464	-0.0012536572744357	-0.012068220061652	-0.00876138566396608
0.0114524725757886	-0.0087851893200672	-0.0140304940875313	-0.00875621086036802	0.0291109704105075	-0.00591873511469461
0.0119356443065873	-0.0169031341208425	0.000568776546652664	0.0307068902514663	2.4299445522364e-05	-0.0139213473466728
0.0118106370800115	-0.00445074208984332	-0.00293909417756603	-0.0169357737868543	-0.00145738523856309	-0.0229855664084475
0.0118302268392519	0.0010764050135842	-0.0074297193693561	0.00264582626702843	0.00546411549548431	0.00374969006138882
0.0118154746786162	-0.00356352978238718	0.0104386382895189	-0.024015451818122	0.00168712844912371	0.00779929644842839
0.0121145898944721	0.00314608704289313	-0.00407962725976648	-0.00208611517698007	-0.0106491631208214	-0.00913355940885155
0.0124346379833861	-0.00730051132729831	0.00273462770834939	0.00354416893845997	0.00653526304250053	-0.00265188183933082
0.0124328043157958	0.00452053635459471	-0.00576272789056897	0.0069602903268531	-0.00530300070753335	-0.006203463743696
0.0114275580838778	-0.000196785033046027	-0.00639301020567691	0.0302837192538733	0.0128649612840995	-0.0102445213387698
0.012454111404881	-0.00754387883301765	0.00453302974000132	0.01056221535855	0.0151137528191318	0.00875059971513258
0.0122064714357727	0.00843635261889627	-0.00269334448002829	-1.23254120641464e-05	0.00692076427559208	0.00137809872993482
0.0122503777763697	0.0126222056833723	-0.00680326442788606	-0.00468012648141827	-0.00494413514618854	-0.000739974576982968
0.0119342020612199	-0.00444715524339867	0.00511356449195393	-0.00793221241517153	0.00672071209345401	-0.00109898580074566
0.0120017171257858	-0.00316376486411672	0.00251197104567552	-0.00363433207422309	0.006223688561197	-0.00363039150376059
0.0110815467739134	-0.0170081567968091	0.0116977736364203	0.0308043115693321	0.0232291104246166	-0.00725417984285418
0.0126732158246224	-0.00365417646300482	-0.000375280712478907	0.0179266256400806	0.00325603853818793	0.00310216837961911
0.0128889344367259	2.50660125182415e-05	-0.00561802328744213	0.0166933071031054	-0.0015687837349286	0.00793043951851889
0.012606358409558	-0.00309963316138808	0.000774466312320303	0.0097774969053363	-0.00741411377410092	0.00693053143987873
0.0129188358803464	0.00128728328933526	-0.00583024494304876	0.0137304964755614	-0.00274621121559916	0.0166763759028786
0.0118942430829953	0.00379766413935962	-0.0101630623909467	-0.00743324550424932	0.0148829295103237	-0.00661427848506232
0.0112115683343957	0.00203177592374083	-0.0033646680098155	0.00173200514346167	-1.2674009814655e-05	-0.0279956647074086
0.0137262990242586	-0.00199901738328488	0.00772749038168479	-0.0035975923895866	-0.0151684038793212	0.0198037334754835
0.0146450745565575	-0.0124918276122554	0.023205620444426	0.00261862736097217	-0.0175062196377677	0.00794129342997594
0.0114397694165241	-0.000381663661134532	-0.00704451486778026	0.00847183752318371	0.00146641427489225	-0.0139005162550765
0.0115298411966191	0.0036903998856074	-0.00580614315908519	-0.00788172998458733	0.00590639040146653	-0.000782595388991768
0.0112750134478131	0.00222348733247817	-0.0165631304632163	0.00716411993360063	0.000937532404573996	-0.027238129284843
0.0114005972817477	0.00396732697042942	-0.0176718725727987	0.0100544238468531	0.00309334166857648	-0.0229607504916416
0.0110223762277691	-0.00939717882349787	-0.0102762533023888	0.00692482516565019	0.0168519461619226	-0.00474415744499321
0.0121001085983183	-0.00985350922427138	0.000781616504523143	-0.00552262807801888	-0.00357536326168491	-0.00409245627179945
0.0121956492975297	-0.00816399588666461	0.000158793022382314	-0.00199315081813503	-0.00427184329224646	0.010472159082277
0.0132493042396298	-0.00758267946982128	0.0122330130440478	-0.0177839061962961	-0.0332062832222718	-0.00478130455699914
0.0133973443376286	-0.0082254404980193	0.0118704124547131	-0.0107016238742612	-0.0326885172621207	-0.0053259925655521
0.0116954239653053	-0.032067558129165	0.0160539929432389	0.00825973397813117	0.000164317374570984	0.00394679057513822
0.0110583469768455	-0.0191290596655824	0.0137059543793719	0.0206823552797081	-0.000183015258034896	-0.0117638557094229
0.0104197985715842	-0.0288515075458463	0.0148321814075097	0.0226335373082153	0.0145121846485995	-0.0153657279396767
0.0129567335731387	-0.0152389565714361	0.0100279806760836	0.00256297396970713	-0.00166063983363391	0.00406077208756144
0.0130227426450307	-0.0189527138884117	0.0148636500544343	-0.00442118069076932	0.00735130378519921	0.00549172633079434
0.0107377407053307	-0.00306292940830922	-0.0116018242238956	0.000340358434280733	0.00626716294605364	-0.0271228388930226
0.0125671428774894	-0.0104920100652339	-0.00263587985670861	0.0037903887574039	-0.0321076579098211	-6.20159654878497e-05
0.0119664655990088	-0.00572715581196359	-0.00330681872241204	0.00740579632442543	-0.0118870767242925	0.00713881787502078
0.0116229755278395	-0.00413640895709416	-0.0129903925655927	-5.44434866796158e-05	0.00466528999955705	-0.0121526942854916
0.0122087136386105	-0.00931094829687911	-0.00591592288921622	-0.000925183355273503	-0.0126878491518062	-0.0149328164780813
0.0136731422381277	-0.0175708271251233	0.0202025049032664	-0.00374422615988564	-0.00454063209454628	-0.00287526564830654
0.0113688838715625	-0.00901941181490218	-0.0150348975374735	0.0203980650885322	0.0313086196907658	-0.00107887128018698
0.0137345920250807	-0.0299732921370222	0.0411333945443642	0.00215352326976252	0.00617370916092739	-0.00753142605848443
0.0132762250129771	-0.0248708769149975	0.00498569256965101	0.0110197503937012	-0.00686285177337294	0.00537639203188805
0.0117278142071549	-0.00127041379259501	-0.0202198093512511	-0.003110253343391	-0.000375567543807947	-0.00605369692717924
0.0118212874294536	-0.0119694230047937	-0.0117439981544945	-0.0020471260035142	-0.0117920026868737	0.00435368318217134
0.0117429915035204	-0.00584862829647933	-0.00432924624019772	0.00647281545690584	0.00646803109062702	-0.00540224981015227
0.0109516064076262	-0.00903716220051824	-0.0154617484571041	0.0234919826077915	-0.00139163494632305	-0.0214315251556261
0.0117290666348858	-0.0215481465874352	-0.00797466745124189	-0.000798854112192843	-0.0130059258686425	-0.00445210552775704
0.0119290970656948	-0.0180050516094878	-0.0212393592115536	0.0238518154723829	-0.0134535437081046	0.00630575710914272
0.0113809277743788	-0.0285290534318011	-0.0194109133488606	0.0203143584774321	-0.00712528745815948	0.000422393409769801
0.0105292546541792	-0.0246189734631332	0.000611628918447208	0.0299210737710288	0.0130202132496103	-0.0128156076928982
0.0128015751534679	-0.00546395736105502	-0.011127765956511	0.0169176113713308	-0.00278325480617805	-0.0136934979543474
0.0133394050675572	0.000615084841298547	-0.0130091862336916	0.00519329421989205	-0.0108027459386302	0.016198562425303
0.0137880052969891	0.00279460370285707	-0.0103776442958121	0.00358925888509105	-0.00867071715728581	-0.00248449271814093
0.0128189078146466	-0.00042232896647359	-0.014803338822665	0.0114755460699229	5.05965959203311e-05	0.00526629114721995
0.0133612945576161	-0.00478472304990083	-0.0139072190376937	0.00480674591576066	-0.00877123179346351	0.00101305316095489
0.0133612945576161	-0.00478472304990083	-0.0139072190376937	0.00480674591576066	-0.00877123179346351	0.00101305316095489
0.0132170300507203	-0.00316434219298916	-0.0121463910943867	0.00372438212711416	-0.00935915352502356	-7.55319675831536e-05
0.0119179239476787	-0.00622086896680425	-0.0061004199399853	0.00148077340291266	-0.0157826509823649	-0.0176501251132346
0.0119304056143648	-0.0176178299119584	0.00259131995562482	0.0127810843653499	-0.0100684735777141	-0.0116877506811771
0.0125193389281173	-0.0125638510200793	0.00628694118859132	0.00916938980170367	0.0105365935158073	0.0119724509553666
0.0121988598147242	-0.00866677744220331	0.00247342661666069	-0.0110104716614058	-0.0141769624309898	0.0153889847047494
0.0126227626371923	-0.0181584785102332	0.00090090041574633	0.00725472497727679	-0.00379892978929692	-0.00899219064680448
0.0113738764136576	0.00756809985205449	-0.00987927718370153	-0.00893689320792461	-0.0171859303168187	0.0173925702277633
0.0111225776874081	0.01020568816077	-0.00784257034208244	0.0033824934566284	-0.0103131775441494	0.00433002865241829
0.013281824878531	-0.0010751982936034	-0.000731443904450642	-0.0211976239501291	-0.0158855038019172	0.0177199978158349
0.0130198131306821	-0.000937672011860296	0.000909168629778783	-0.0115287499127438	-0.0138056250315452	0.0227073670335729
0.0132504990716043	-0.00027324773333752	-0.000631021282236219	-0.0217702222984305	-0.0140027817403845	0.0190839235382447
0.0124393598912359	0.00124882416073426	0.00303642766036186	-0.003272396083019	0.00676944488215249	0.0171255227484172
0.0121233512080671	-0.00327628410595053	0.00646147576442585	-0.0089763947954977	-0.00938435524738804	-0.0117822192350627
0.0121473988163917	-6.16531497239173e-05	0.0128627909919227	-0.0124709365822917	0.00744632670087994	-0.0144140830338833
0.0121261597898004	0.00560407398423964	0.000177327344279714	-0.0120555175784587	0.000225854410439366	-0.00859663209477086
0.011815056742642	0.0103064393171722	-0.00812403163694845	0.0128609728465452	-0.00446575285481755	0.000707480146994548
0.0123249850790839	0.00896934620509213	-0.006137938932341	0.0153817446962364	-0.00250150490073478	-0.00115362545832203
0.0136637306303785	-0.00879542373982329	0.0117468205304606	0.00324263034464879	0.0100734817022249	0.0278246156304909
0.0143373809697503	-0.0097999280460705	0.0139525881601478	0.00191125084291475	0.00797656252947936	0.0286152834136374
0.0129117501961243	0.0174540070494192	-0.00408321673928746	-0.000745308857816482	0.00696314353044767	0.015694633897499
0.0136504779974772	-0.0132422518857402	0.0183751447073872	0.0124477353622364	0.0073134284585339	-0.00860216001231282
0.0124495243993499	0.0191475387445461	0.00281549276195808	-0.0053766928860764	0.0109128788729187	0.00993140784847522
0.0122524845118917	0.0125919512550538	0.0122125597539917	0.000372938661478983	0.0175804553270894	-0.0141105977019012
0.0131514391389954	1.28341939256446e-05	0.0241563155018998	-0.029154262986265	0.00752536661755062	0.000520525787959774
0.0131911728700001	0.00147109812323129	0.0232148983197733	-0.0310843226499439	0.00608936110071736	0.00178939574599746
0.0124903933713223	0.0187238855237745	0.0116103416131231	0.00557648915013929	-0.00823622532457835	-0.00310251508658133
0.0129491799325787	0.016327459510163	0.0141462415837052	-0.000623596898236824	-0.0125037898794442	0.00877668177843177
0.0128905644506531	0.0192049517662636	0.00564869958202464	0.00687954845236178	-0.00954199484251367	0.00559745840158651
0.0119649940165409	0.0260683177842051	0.00781040307683206	0.012558745242176	-0.00343821822881134	-0.0147119793556639
0.0122159645429044	0.0196956776732614	0.0162710463455802	0.00110813059361357	-0.0202039751064465	0.00301316183508716
0.0128688595774687	0.0157364985451607	-0.00510950240386883	0.00452840232694951	-0.00633388979128747	0.00124672596064239
0.0117609642700767	0.0174771219873662	0.00581815431769249	0.0047589768034636	0.00285691870088536	-0.00202493794178655
0.0126060366103067	0.0212332428847789	0.00564780171796439	-0.00587326898172089	0.0118166757024662	0.00983410674612078
0.0144696334956429	-0.00800910853226871	0.0166574139293186	0.0032363523459837	0.00309153926545058	0.0135725044747272
0.0133489316187822	-0.0219596629814255	0.0181601799199287	0.0162377603597446	-0.00472830313771518	0.00113322574150067
0.01389535136638	-0.0228849854757858	0.0209838517934093	0.0203758578865744	-0.0160217656806963	0.00385445280111293
0.0126172473113087	0.0114895899639352	0.00090193605811093	0.00386223648884797	-0.0119685077787831	0.0102192857703618
0.0122521590527836	0.0104876738577031	0.00743827174459286	-0.00262696365678845	0.0165329015297942	0.00648278260186027
0.0133027620621834	-0.0102288482817379	0.0131975786088478	0.0105317272568181	0.0190981143728063	0.0145767536041408
0.0135607006294039	-0.0135714396487564	0.0192575878891426	0.00507212197460942	0.0406498526395783	0.0262488805617165
0.0121753029552421	0.00959586112504291	0.0137593703582838	0.00617259492266453	-0.010719750757609	-0.0178233848441678
0.0131751528118563	0.00872648510156831	0.00453372474575704	-0.00288019970293046	0.023709974983345	0.0161381154835057
0.0120484252002258	0.013298308104277	0.0107577745429566	-0.00664346745053063	0.007520652724699	-0.00378123306865898
0.014594933915417	-0.0146232507107762	0.028570159746995	0.0110729309837697	-0.0111380526078669	0.0021960470103168
0.0121998447676361	-0.0197647860606146	0.0288535929242451	0.0337927611865068	0.00772783632669018	-0.0148802705510696
0.0138024750089536	-0.00764154757013879	0.0140244439669228	0.0180734787758855	-0.0017834858229866	0.00101415164841838
0.0122655126035022	-0.0262733476898195	0.0366443231584534	0.0324522360028731	0.0119608641319624	-0.0146556051502068
0.0125176729977883	-0.0118842106790082	0.0231886444007673	0.0203966516627579	0.0159272735995446	-0.00961246209141527
0.0129730224782493	0.0164374868142518	0.0182308473147034	-0.016267457322602	-0.00951369705460174	0.011111567951584
0.0131186171217992	0.0183494537507384	0.0176344801044399	-0.0177075451518061	-0.0102834471780192	0.0113810829161809
0.0126703548356427	0.0221855330043067	0.0136432524073297	0.00765416585927049	-0.0169125572480707	-0.00646662046705369
0.0122974843608414	0.0212130353503465	0.0185736276386629	0.0119477508826912	-0.0202325791648176	-0.000271008108569008
0.0120029556792093	0.0157840515474059	0.023920116300696	0.00258643511374005	-0.00881690374819538	-0.0158276206343434
0.0129826650206088	0.0229781137134322	0.0167674694934945	-0.00491942203664482	-0.00226328708593036	0.0125600764755803
0.0122906749075626	0.0238576652202512	0.0139963603204986	0.0105689995890975	0.000134584144346982	-0.00882299828184593
0.0126617061016063	0.012513237580996	0.00896113379342805	-0.01261415519043	-0.00111899394177311	-0.000179185925285087
0.0130540004340462	0.0123774381077414	0.0100501691278083	-0.0142041993592895	-0.00573892703246702	-0.0110756075327456
0.0127736380059881	0.0126628499395676	0.00589052356423179	0.0061436411927989	-0.00019443281062184	0.0164153127896488
0.0122798347649152	0.00998121822421636	0.0102187639207637	0.0218529276097834	-0.0115907214360134	-0.00910228319609969
0.0125619925808542	0.00703815380235845	0.0108954792850412	0.00434786159167361	-0.00662810664857255	-0.0164579682229702
0.0117792203464398	0.0202773065521585	0.00575855899525045	-0.00300575706088569	0.0036150624469444	-0.015696194542254
0.0123901301577488	0.0107825276336167	0.00442443906383541	-0.00625387311535648	-0.012356761698802	0.017823031412126
0.0136326475289632	-0.00487946518784449	0.0106351571411255	-0.00307037125321221	-0.00451041772796853	0.0132961511446351
0.0127641223690283	0.0149943154648624	-0.00341815668373306	-0.00831748024862914	-0.0128997899673392	0.0152710786629615
0.0121203851000615	0.0105134274788665	-0.011293711056741	-0.00426083382832889	-0.00633843339428889	0.00573981145164167
0.012011731740512	0.00727782153722035	-0.00277752623405372	-0.00643543672183984	0.00311442510868432	-0.0176328832773966
0.0124864012242659	0.0113749995446865	-0.00285778012887148	-0.0147054915932047	0.00602689500430619	0.00416184093105397
0.0123302935858535	0.00688659971786089	-0.00222828604654405	-0.0018427224679465	0.0129717775995615	0.00718142102295073
0.0124627637624878	-0.00160802498511659	0.00987149504425818	-0.00906966611855327	-0.00978934920491499	-0.0174101003810315
0.0108465806551197	-0.00633711378636308	0.0188788430069548	0.0341877568994663	0.0474061571082613	-0.00587215317450101
0.0115612496013794	0.00803110934829881	-0.000914495021400906	-0.00739860856184197	0.0184936000492621	-0.00345319968530347
0.0121857365809364	0.0106047463807321	-0.00273561546849962	-0.0079670565993979	0.00350122044996973	0.0043620125008539
0.0114667689217578	0.00959194392958426	-0.000675413773553777	0.00281176469766862	0.0139660588763759	-0.0103587532598487
0.0113877243740856	0.00918737320394602	-0.00599858061016795	0.0174135415262506	0.0041243539390004	-0.0151873768124924
0.0118429826830096	0.00216877957605762	-0.00133708016750838	0.00986255510087562	0.00148876216623454	0.00537799995123967
0.0130285300334402	0.00323413219412135	0.00359914118935815	0.0165816681080027	0.00570388115932718	0.0138174217141192
0.0119816538389692	0.00956894091695411	0.00905627524442876	-0.0106198003964645	0.0188926577702717	0.00392239664850373
0.0123534777734572	0.00795345201427049	0.00983309349772581	-0.0017848459660376	0.0222693004957515	-0.0097180688667334
0.0110367330768253	-0.0085201457653514	0.0276299963638381	0.0232211359789885	0.0105142757014795	-0.0314325421096016
0.012450156453027	-0.0142131935253979	0.0244766891223387	0.0178794663992355	-0.00466520404334783	-0.0101996330057323
0.0140009969259035	-0.0130454281067371	0.0223793761251488	0.0215129614318091	-0.0188857084785808	-0.000598988109567367
0.0134893849854819	0.00376747094185577	0.0134360952546572	0.0104929669235298	0.000541905656115452	0.000986630071400838
0.0127324981765702	0.021883085597123	0.0133194280728905	0.0146532714521476	-0.0142987630972645	-0.00781226090381832
0.0126013263383393	0.0249334083711455	0.0108452563198757	0.0114124559948485	-0.00893246781044103	-0.00353182719683484
0.012079681621378	0.0236434333673421	0.0128592237186563	0.0055639767997939	-0.00760919373568293	-0.0175798761864241
0.0120485520217067	0.0158066937556312	0.0199401403373096	0.00532399901854625	0.00258892925818141	0.00420524588243698
0.0117150747997851	0.016196360974145	0.00943631486789734	0.0252908560745444	-0.00501636250039498	-0.00446522563183966
0.012859128342782	0.018246758387745	0.013622581474434	0.010212293290619	-0.0110538735834298	-0.0179706100963729
0.0140432661774572	-0.006682530539737	0.0213779528598935	0.00669600120963332	-0.00319534808739023	0.00605859795025794
0.0118748356670285	0.0100091641024966	0.0117479652461409	0.000243472031998322	-0.0010377273195645	-0.0170510251078004
0.0121420841189767	0.0176214811924184	0.00961010128300158	0.00741962650023626	-0.00430758938906913	-0.00531613110701903
0.013427004258141	0.0114688528968752	0.00709832303580986	0.0191014119410559	-0.00176242486260709	0.0160101550998597
0.0125134216374907	0.0159556117081235	0.00951476839855868	-0.00217985794078917	0.002844146983444	-0.00967239657562808
0.0125829632009384	0.0176673789181921	0.00572309277954444	-0.00122421692886336	0.0129946825159805	-0.00172884863178345
0.0122141043197325	0.0209322744630038	0.0139473987807008	-0.00627774310293927	-0.0061962996566178	-0.0121433906666197
0.0123641415175156	0.0230698737851804	0.011869781132222	-0.00406601947849025	-0.00711222284801574	-0.00964731624679681
0.0122978369811334	0.0201379771012673	0.0104247788455783	0.00551593715994792	-0.0171533605771336	-0.0249459037520085
0.0124847327978862	0.0201011457267197	0.0146039706653683	0.00173657768094884	-0.00436958252763266	0.00320195941122179
0.0124807931795172	0.0187181470030664	0.0184617593267858	-0.000376105370078925	0.00492111813021507	-0.00107165312745316
0.0128225450202483	0.0153746174374075	0.0227438944246837	0.00462541634077115	-0.0163546753572816	-0.0150655199962696
0.0126009445530799	0.0231994949793896	0.0130249668814526	0.00916934738509067	-0.0271388948368655	-0.00380538915081859
0.0126507544500614	0.0155589142686209	0.00955013734856202	0.0133942991462521	-0.00728503797898562	-0.00627884890473269
0.0119854890842455	0.0226507602818269	0.0114326948032572	0.0047923016844862	-0.0148324166129606	-0.0119071219491259
0.0123283451412456	0.017146118992269	0.00560009279062713	0.0113490985589736	0.0128603477387856	-0.00766620261957112
0.011807554302684	0.0166563910333567	0.00803354964298452	0.0139813313932548	0.0172069543260589	0.0146611791728357
0.0120507424465714	0.0180709628548398	0.005262290685226	0.0108453519335876	0.0124980032421246	0.0206381136272254
0.0119590057667039	0.013052216216953	0.00852351679179514	0.00943985810275596	0.00373708873338875	0.00909231909791466
0.0123577732954324	0.0169049882316634	-0.00381890430822585	0.00334874024959753	-0.000700679467403152	0.00485031030364284
0.0142715082522964	0.00127433872243035	0.0131933241266994	-0.0202357227461841	-0.0099232481706492	0.0262729033287498
0.0131395147909279	0.000242012653480369	0.0116399711982198	0.0150470814911586	0.0027068054076595	0.0111383561056805
0.0134918537621536	-1.68590698798991e-05	0.0142608994348735	-0.000955298255884547	0.00347928816340998	0.00806370983065369
0.0143536873988139	-0.00501377721034902	0.00965544028716877	0.00386128076578228	-0.00657028151416052	0.0189789905649166
0.0120624763319449	0.00985310114145971	0.00360252261429133	-0.00142366861696297	-0.0122579231819179	0.0134204494095454
0.0116359409666476	0.0156104670153159	-0.000772170141904954	-0.00921381278041847	-0.00198318501218173	0.00478151594900307
0.0125236223487247	0.0142036716578071	-0.00419542040502982	-0.00504050371984305	-0.0119731165170576	0.00640377131681988
0.013165167992084	0.0164414010229215	-0.0120566488901605	-0.00237324708984876	0.00225051615887883	0.00931378479940588
0.0121933588505536	0.0106877452896277	-0.00210985571655845	-0.00409823733574385	0.00594553977262135	0.0102295733185181
0.0122609512719398	0.00955505779511649	0.000546949887618071	-0.0177936434082513	0.0153799707960788	0.0132789323769585
0.0117225047986829	0.000533079296634427	-0.000820995807597625	0.00380267481679642	0.0092411323461109	-0.0101334956260589
0.0122324124984145	0.011638336432058	-0.00353906585304212	-6.33947009343297e-05	0.0123352402589267	0.0191262193748761
0.0128496564452185	-0.00313781011577063	0.0158232871237897	-0.00682924381172233	0.00288435080950691	-3.79335125668021e-05
0.0124382987047143	0.00287677466600795	0.000320903559541309	0.010630207015843	0.0052894905853185	0.0106274111929985
0.0124294004917928	0.00323970129609149	-0.00369020741022405	0.013009241073562	0.00543319637574763	0.000855533640951252
0.0122033574392387	0.0108368402475977	-0.00501482814494557	-0.000131591942177131	-0.000149058562240608	-0.00069263242288393
0.0119307200523912	0.00826875494838007	-0.00342906201455183	-0.00275946771216045	0.00991097357093098	0.00730184379058481
0.0124340009498532	-0.00452858097380625	-0.00028521537170349	0.00276614172117017	-0.000454785405829587	-0.00458131060428469
0.0133071281991929	-0.0143029806139681	0.00431103613011855	-0.0104028228081	-0.00993132228813615	0.00582272811423831
0.0122739338156678	-0.0213871746614111	0.0102702194274583	0.0216242067527646	0.00814492914821829	0.00548930210224022
0.0126019898721071	-0.00841051647511933	-0.00182985031189697	-0.0197324011596789	0.0291007977960642	0.00675511960862587
0.0115236521209591	-0.0108546987077033	0.00545219159866396	-0.00404260547980743	0.0184326130936717	0.00705698320057884
0.011987017603895	0.000819195486587754	-0.011783133947963	-0.0171295128101046	0.00952534432879655	0.00071429666955065
0.0121571983376383	-0.00595130185269009	-0.00604071941005573	-0.00189203379815829	-0.00719642313358592	0.00140754356474575
0.0118259381448635	0.0033001112771014	-0.0100111166381792	0.00762377482342596	-0.00892289843348551	0.0170316536383257
0.0117305693355967	0.00296344543183902	-0.00773063201492281	0.00533775587765055	-0.00319819317511384	0.020748065340726
0.0121756231728435	0.00642026510185825	-0.015233696696318	-0.00612575485770483	-0.0108052926573061	-0.0101149422509852
0.0116361148150928	-0.00452875053155676	-0.0126026843314205	-0.0102767962542107	0.00106302301120959	-0.00156637125375355
0.0115944902737376	-0.0122326019960587	-0.00482137200657179	-0.00704147763161247	0.0104410683500282	-0.00672213486093977
0.01226649057931	-0.00533471714563846	-0.00222437463861336	-0.0253148875098332	0.00422696432204329	0.00480843218829996
0.013213326011687	-0.0312147147387971	0.020192800026141	0.002190747986519	-0.00460508109966272	-0.0033210715533108
0.0112011245257459	-0.010644248761211	-0.00872798243265245	-0.00506098762902328	-0.00487277233253647	-0.0320211094479064
0.0118921253029446	-0.017789703670155	0.015562887607783	-0.0139902896340896	0.000531816022641608	-0.0241486224323863
0.0152698536289421	-0.0183326913941346	0.0251582313876263	-0.000875013233176462	-0.0171351590707663	0.00598554863107579
0.0111238072844409	-0.00239858487643765	-0.0128560893499524	-0.00711834668010534	0.00348931798335934	-0.0210088999404458
0.0116779837508318	-0.00175372955030763	-0.0188134279674273	0.00510890785999432	-0.00245046017173612	-0.01570287735892
0.0124881667970421	-0.00134310433791827	-0.0142555687284591	0.00193180929479908	-0.00947944437492688	0.0242090697585782
0.0119581502627021	-0.00398736418023361	-0.0111891198586784	-0.0029778652380203	-0.000329951374262606	-0.0141017912605463
0.0117806406464128	0.00187523682166197	-0.00867031700660707	-0.0109571807379646	0.00692137298295543	0.0105363118979395
0.0115982629364492	0.0106089746051286	-0.0050731815013421	-0.00355898395271904	0.00711330306235196	0.00907457206796842
0.0118099377788391	0.00661437486324917	-0.0107669830204235	-0.0039127947254334	-0.00731044466541392	0.00223214148100087
0.0118542189061582	0.000122575792196709	0.00442740741234837	-0.0171192872117214	0.00829047465259798	-0.000920163570459343
0.0135546033360487	-0.0144186041075373	0.0207962937003332	0.00113109525308957	-0.00544189374570938	-0.00307948651485894
0.0136597531358887	-0.0267617437743066	0.0254719335339216	-0.00181786630664275	-0.00392489190041552	-0.0129450559058476
0.0132146009616549	-0.0152898958649697	0.0310913327213907	-0.0158640897214682	0.0180238490918012	0.000521343095835865
0.0134700242839367	-0.0241098441907685	0.00691553647003845	0.0368683413840634	0.00938098687423163	0.00477728047698349
0.0140541163274139	-0.0153888815513905	0.0290626963279793	0.00209924463506656	-0.0220980172025268	-0.013337111183457
0.0122779112523203	0.00656116716001116	0.0110260227594429	-0.0185102025542637	-0.00426160189409497	-0.0085042080205525
0.0124449140379617	0.00239935449635803	0.00816482204180832	0.0141785075094535	0.0041303512225426	0.00636303255767669
0.0136605831207422	0.00626831383705733	-0.000281539750847175	0.00951347717128752	-0.0059124003319829	0.00789756734258032
0.0120775563300315	0.0135174101149072	0.00120833285009161	0.00692662747412995	-0.00586218133475787	0.0061600411912171
0.0129311177101112	0.0134134853414999	0.00840239015356068	-0.00584563191147209	-0.0141613638791169	0.00573206565959535
0.0122544777669793	0.0133571510071523	0.0007819782754476	0.0142634522025363	-0.000780442041157652	0.0025251331068752
0.0123457296258443	0.0143958410760104	0.0137988952713121	-8.16927778308921e-06	0.00920876893665744	-0.00778495130267727
0.0123810967522063	0.014529483313622	0.00570331056622566	-0.00261992352345963	-0.00379565028845371	-0.00171387869159066
0.0126234014474884	0.0107962513343666	0.0111446443816001	0.0148004749391338	-3.14321003069325e-05	0.00508223773621209
0.0129421933715485	-0.00426807805315764	0.0246310396766621	0.0131890197129745	0.000783051018240468	-0.0115687833526625
0.013263761988458	0.000543597739108461	0.0238026601904874	0.0128124265827826	-0.00995333379357558	0.0014688563699947
0.0121658970750087	0.0201111047981464	0.00956950579199785	9.9503770526557e-06	-0.0123646402585291	-0.0106429347315506
0.0129204089568289	0.00373729480977039	0.0110944521560238	0.0265338341869616	-0.0130530052728136	-0.00307903247573427
0.0128675772683431	0.00235957319110674	0.0099680660008061	0.0307033910348363	-0.0102373457191088	0.00210624297965342
0.0128202972166547	0.00478449300773625	0.012003052013627	0.0178930052048509	-0.00992857698273113	0.00773279886247956
0.0118045397423619	0.0116985899212553	0.007689968750456	0.0190270261279794	0.00247368835667233	-0.0070887460641799
0.0125760644115195	0.0171830740892426	0.00141754414215894	0.00930232168737329	-0.0185085539393751	0.00189781533875069
0.0124374858040696	0.00957839091122424	0.00616645364104362	0.0213938721080011	-0.01108432995479	0.00300978140212417
0.0120186776095879	0.0191065187418856	-0.0001693849478772	-0.00943906367157392	-0.0173327764570195	-0.0101331235677447
0.013086248099898	0.00561475394280707	0.0171696377437495	-0.0085648875924103	-0.0142972849458688	-0.00395064299502223
0.0131255762311902	0.00137187696213188	0.0116637426308939	-0.00880494417956045	-0.00513945441161393	0.00502452807517895
0.0137366755733354	-0.0219956338244023	0.0173597890419491	0.0245848034945438	-0.0126629900444018	-0.00468808165446064
0.01245752471089	0.00373067812956193	0.016321928496243	-0.0280760899215509	0.00469849298406713	-0.0166326901250313
0.0120963812261761	0.0171136749574525	0.00494770987341383	0.00722208935704603	0.00165651434064173	-0.00400596258186319
0.0134460099112728	0.00882135977713267	0.00543436809166683	-0.00276177957156413	0.00555351593648213	0.0234669180667279
0.0133296871096741	-0.0113915400190453	0.0222023589857101	0.0180622703976325	0.000624514867621754	0.0051995737229524
0.0132968626225323	-0.00240831541817532	0.016281651169426	0.00665924620296269	-0.00137694563373356	0.0108814507962252
0.0123146745005378	0.0137280908075053	0.0168038350088723	-0.00134616485533653	0.00244998910819724	0.0101643253857655
0.0143002560920667	-0.013428189581155	0.0175896547997634	0.0251094373834584	0.0185534051130734	0.0197956852581321
0.0127039016883144	0.00771714669893215	0.0178639079952794	-0.00501367980015979	0.00412224596359155	0.0172986330317398
0.0128735740000145	0.00867127575741533	0.0112371194568031	0.015701467042322	-0.00883207704011936	0.00544612825975424
0.0126078212790705	0.0164237871355007	0.000307277960301147	0.0161684322494959	0.00164587372470872	-0.00350662723789406
0.0125876777321095	0.0166172188710872	0.000816838874926056	0.0155167529472162	0.0034628817109632	-0.00214361390825238
0.0118190312665871	-0.00540127615592383	0.0118057286031537	-0.00123291340495641	0.0165545825917388	-0.000501393638535869
0.0117370685007225	0.0133626872787807	0.00134098049466199	0.00734154209310337	0.0332729307361068	-0.00861862336070078
0.0130470580845504	0.014177417920344	-0.00632420808314486	0.019277592330345	-0.00155813260974532	0.00207857667986339
0.0127529209050123	0.0139444066949571	-0.00325631047950009	0.0119071858561967	0.00479654116982892	0.0262181129522291
0.0122757412139567	0.00885481495847353	-0.000941453985289848	0.00733631005698361	0.00975641191805314	-0.00656842267236763
0.0113569928181807	0.00869966099983576	-0.000452951889330444	0.00691428512887695	0.0167588137794376	-0.000214048325865491
0.0117314684587126	0.0120435680418742	0.00669753186854478	-0.0218119087537534	0.0336677952943452	0.00228823608081867
0.0122315701509965	0.0169595791002637	0.00480691733063474	-0.00106238579914785	0.00278093476661874	-0.00120317027610934
0.0123624304072231	0.0140281848971473	-0.00117046131314763	0.000896057227314253	0.0116758672079954	0.00904103815915582
0.0121357222755718	0.0116585225091397	-0.00172591043461894	0.00658482526246347	0.00669091874066571	-0.0040544685055364
0.0142101079415894	-0.00544854666076165	0.0156955137798044	0.00500002623370077	0.00181840066000152	0.0132120123686009
0.0128154877907836	0.0111561126816651	0.00256941316650722	-0.0144759116115177	-0.00501873363791026	0.0104593648627619
0.013699007442834	-0.0111982752988674	0.0208445146562987	0.0100538450977376	-0.00147884982668611	0.0044826455991008
0.0114990145978612	0.00617467139837354	0.00209464387561292	-0.00248663915311763	0.00644344778379089	-0.0077248562502989
0.0124717079105789	0.0182808410527662	0.00519327566644852	0.000485588573972454	0.00152058117864938	0.00247993584514932
0.0123124910117049	0.0187457343745896	0.00548800626988232	-0.00252348679294876	-0.000565128977462945	0.00463147615209571
0.0131999772518799	-0.0126171874530801	0.0242620321879969	0.000859978111977645	0.00668323229628785	0.00757706733232949
0.0128830870675564	-0.0200784426669402	0.0232059220914997	0.0159624541277127	0.0111160154677561	0.0126047997813609
0.0134967299948123	0.00469858315652132	0.0172901905223215	-0.00262203458470501	-0.0202912660428107	-0.003795184769425
0.0127098707052832	0.0203233272231427	0.00718700109982906	0.00358237308436724	-0.00702434140148186	-0.00959602753086665
0.013434764867521	0.014173941716494	0.012647448294891	0.00266581554645131	-0.0164552025892509	0.0109961143939789
0.0133174085652688	0.0121069664497514	0.0132077686951095	0.0317935831360439	-0.0167785888093569	0.00957138288903178
0.0131443325067359	0.0182925623308635	0.00536408545975249	0.00564002539897314	-3.08589580023189e-05	0.022472768890174
0.0115950405923874	0.022131074751755	0.00427754065269162	0.0120928198932468	0.00996649477288962	-0.0411036421571369
0.0136166786616403	-0.00186788800024574	0.025497482237835	0.0115901443260599	-0.0139567245683983	0.00461469181598483
0.0127880297767075	0.00897629490652768	0.0223845870140563	-0.00080979013478932	-0.0107518112835613	-0.00472704679726354
0.0125639649462191	0.019845167321315	0.00980943114209236	0.00247317887724481	0.00583931758988253	0.0132816646643029
0.0130614417234625	0.00485715570569141	0.00566396441561611	0.0159811192106748	0.00580975507815285	0.0108948134036125
0.0125760238774557	0.0188492680622193	0.0092621877193102	-0.00598144875870414	-0.00373557111197059	-0.00333003341607211
0.0121972700081497	0.00952326390820157	0.0157395123572362	-0.0157057374735049	0.0164252429485318	0.00384483503621279
0.0132716073023129	-0.00953746362524828	0.0316303984209394	-0.0133399438407548	0.0250054842302166	-0.00702747410112942
0.0124980573533736	0.0025702429908506	0.00307764791423806	0.0128743857521459	0.0146535713116743	0.0249956866910068
0.0116949608188668	0.0176120480408546	-0.00203005686169129	0.00501124755284878	0.000815149459325531	-0.000106036960865602
0.0114074606578381	0.0117765614398804	-0.00505323324889367	0.0119018771485788	0.0145237964187632	-0.0255180886736146
0.0120576741250432	0.0149398746899016	-0.00240815976844655	-0.00574678199591815	-0.00413611709439903	-0.0104867027243261
0.0122201500323901	0.0159559685070049	-0.00400090456256701	-0.00747889905260403	-0.00607609416353805	-0.00832160669976239
0.0117769665610459	0.00362630386052322	-0.00756080677493637	-0.01136969902622	0.0107383637254812	-0.0152454178115991
0.0118537147538727	0.00689053069589237	-0.00812181974930506	-0.00226792385697339	0.0135474476771269	0.00175015500663222
0.0112346047747216	0.00492793448444658	-0.00688750405226843	-0.00642082110964314	0.0155692731984838	-0.024474437451803
0.0122496806336108	0.00224145404835979	-0.00732415177456998	-0.0097368094176582	0.00423000889282486	0.0113134522717729
0.0114713587792908	-0.000184278935251282	-0.00781075809026247	0.00713904088759908	0.0217435780370672	-0.0101477737518914
0.0127172241863147	0.0106892903732827	-0.0104293014100413	-0.00834343229955002	-0.00737758739984192	0.00404203483718984
0.0121854132288456	0.00756814912181371	-0.00459449059883665	-0.00224984000831546	-0.00153217369570333	-0.00273126596927741
0.0125443767986425	0.0112531958338066	-0.00819864102600702	-0.00515449624200106	-0.0108166777106259	0.00549808375104162
0.012048038143561	0.00440879373861115	0.00224536722022378	0.014073223179768	-0.00841640488969215	-0.00691493099866904
0.0127371034341307	0.0144481578658462	-0.00453735309559232	0.00111434579900126	-0.020630372803302	-0.00121811394090013
0.0127313025243724	0.00574923500765051	-0.00783385915702225	0.00630858028165023	-0.000965506191924366	0.00167763053408326
0.012875608247463	0.0075044283822406	-0.00657996752385584	0.0026832503755746	0.00140885993872904	0.00476740984617615
0.0141709271326444	-0.00910436607534898	0.0137857011188845	0.0107611260782402	0.00339485809585432	0.028876808955768
0.0116593848234305	0.00992388947619421	-0.00279530904434003	0.0156907749491383	0.00626409566718751	-0.0169525987300645
0.0119909130831383	0.0178884581290088	-0.00260568323357956	-0.00106648319791524	0.00452972384172141	-0.00696197781427572
0.0116865725617387	0.0075948544695661	-2.6208362894221e-05	0.00692581219698116	0.0143209851122592	-0.0232685948555111
0.0115544923539308	0.00513938371539247	-0.00279427532511204	0.0185637704749762	0.0115873142171914	0.00240083430898441
0.0119063161109446	0.00559512593179806	-0.00326827954305036	-0.00237378684052429	0.0227004590537271	0.00352629880557531
0.0115914630321801	0.00699300933141233	-0.00717130847759203	-0.00125169174526098	0.0337583227063643	-0.012346971441277
0.0125981190437526	0.00622839487905729	-0.00159572850929528	-0.00584673648256763	0.00216775834501619	0.0189715103180338
0.0116637832015265	0.00764616555626165	-0.00929860168605874	0.000146490339214577	-0.000924814816130621	-0.0100833965345397
0.0128295501041488	-0.00268933381158034	-0.0033721084483474	-0.00354617164834889	-0.00386231476439149	-0.00111069909817296
0.0117398919702091	-0.00807725426921907	0.0141601221483253	-0.0348773522361756	0.020905506522013	0.012742186101334
0.0117933079494386	0.00409381495945647	-0.0103635654678056	-0.00259163520949152	-0.00734644236151466	-0.0182428336807422
0.0121953007240084	-0.00461751953599991	0.00433385920795879	0.00541126000652224	-0.00634534768876711	-0.013560987034981
0.0118750588380026	0.0148364146328328	-0.00620400593758979	0.00111719891218936	-0.00702001388458247	0.000467238852199927
0.0123815853148857	0.0149644125861503	-0.00369272479103206	-0.0046529732538826	-0.016473926542865	0.00754409968631538
0.0125096136812239	0.0105009963616315	0.00310990375909974	0.00569000921330603	-0.0102270540331138	0.00602036968794216
0.0129056839724122	0.00227931645932466	0.00624123858045126	0.0251755829779606	0.0116894238974684	0.020935092681471
0.0122753703995585	0.0116516257229679	0.00729583291526615	0.00104138669531841	0.00875103304733595	-0.011799504510179
0.0124681273577524	0.0108407345267877	0.00574772058268972	0.00179695233185674	0.00868560230820594	-0.0055587877994311
0.0115893794460166	0.0058430245293679	0.00447353542232725	-0.000969507558668484	0.00318721506473913	-0.00120312901991773
0.0121473610657934	0.00631181304377978	-0.00206293827862689	0.0096264955043291	0.0223416759166342	0.00231850077912167
0.0121413698836911	0.00237900918049181	-0.00567997716204786	0.00359273970460933	0.0186914452396131	0.0135268204990969
0.0117522218860213	0.0017416076056173	-0.00908825067383631	0.00788589130336599	0.00488264156759713	-0.0214304159924036
0.011773274714177	0.00248789252676037	-0.00959732759984033	0.0133685960889524	-0.0073639082550653	-0.00369466965680142
0.0116009820320597	0.0022543911846565	-0.0108921610315145	0.00889880887525054	-0.0104500279569743	0.00366002176147508
0.0131831471290021	-0.00716763761734501	-0.00222779236327154	0.0089951327263663	0.0180405622471945	0.0214531166143101
0.0146836186096646	-0.0194005585909683	0.0127244242151163	0.0102063322300132	-0.0102251242392825	0.0163896582262575
0.0140847335520979	-0.0238130143710667	0.0139839913960449	0.00238079498694717	-0.00378600620374542	0.0074729060702467
0.0143073158702403	-0.0276425903882101	0.0287475559309685	0.00466193241440137	-0.00142050345896277	-0.00153416080730021
0.0119000446168153	0.00449596754512918	-0.0164653990780811	-0.00918702847797987	0.0140604783208713	0.00488681970084204
0.0116090541945743	-0.000498202809227232	-0.0132702830005834	-0.0116211419778489	0.00657535219415518	0.00985223505541055
0.0113278299427819	-0.00238303141778934	-0.0123786419161819	-0.0104672289313696	0.0117193916506614	-0.0137369668112932
0.0113426693706923	0.00313863837821061	-0.00875931935799725	-0.0119280356230631	0.0127105798680628	-0.0209215386706913
0.0122919510614696	-0.00694553109479449	-0.0112222485001888	0.00895221373997641	0.00753875117395792	0.0181615111221017
0.0134084026355499	-0.0274176312656239	0.00636033914717424	0.0209017488954266	-0.0045878968786057	0.0115118463509555
0.0118716313450449	0.000507258608327855	-0.0119000902931406	-0.0106114118569912	0.00883111763876624	0.00417279308566099
0.0135812247108142	-0.0131352805128124	-0.000196610625921945	-0.00454376797697691	0.0172379370545803	0.0195141602960184
0.012661535707967	0.00288074823963842	-0.0166732988773566	-0.000642096772734432	-0.00675129507464339	0.0153223677989206
0.013500650141031	-0.0164756393292666	-0.000857830567891785	-0.000205132379137547	0.0163849674226993	0.0131132143235854
0.0136623089172432	-0.0141823515203569	-0.00119665315085357	-0.00804173582419442	0.0136874536716663	0.0194597880210577
0.0127530899929043	0.00323142939803736	-0.00714067968033028	-0.00928188975466161	-0.0323884143019406	-0.00606249016081638
0.0118954702714237	-0.00297638609653206	0.00692374989230074	-0.027137026587861	0.0143252369914462	0.002835535539216
0.0121165476978104	0.0028583948613734	-0.0090755790743644	-0.00938805118134293	0.0124087865005705	-0.00688512910473783
0.0137621522394103	-0.00470657923970279	0.0221227730488451	-0.0323083598767723	-0.0128219908352931	0.00342891962890006
0.0144352567434027	-0.021091527239243	0.0254929665660988	0.0106694338837978	-0.00444595677565712	-0.000359838449972329
0.0132302685146985	-0.0171855459897134	0.0208868854489878	0.0078655392417697	-0.00109536175385481	0.00829265706830448
0.0121491900478706	0.0192547280766499	-0.00386339826640461	0.00932221995201885	0.00416394705861317	-0.0200627999645401
0.0126182568307813	0.0173138210057974	0.00384317102790712	0.0040705011044239	0.00762486384013827	0.00641767180913466
0.0127196148911322	0.0165531892905037	0.00261982943971953	4.65732819570318e-05	-0.00104794720287331	0.00101997244769275
0.0119044491785347	0.0167914360265685	-0.00555218968192664	0.0214380213855219	0.0204949106688586	-0.0221351806611965
0.0119078334203921	-0.000531300094773922	0.00923431411024079	-0.00464692541595471	0.0210455402128259	0.0115968940210966
0.0118038319693924	0.00935890640910444	-0.0047990243953499	0.0169389953420821	0.010612249765482	0.00143790126048958
0.0118261211144362	0.00950768798221231	-0.00620725291731128	0.0170866775655986	0.00754358491464729	0.00914292338310408
0.0115688561354869	-0.00441185205210345	-0.00746406429839624	0.01386384911962	0.0150834577207264	-0.00497918603636943
0.0120942156498407	0.00834019094303243	-0.0132453499160442	0.00303561659177887	-0.00116183213502639	0.0121521276392619
0.0114661638204558	-0.00494300737507853	-0.000477137143694165	-0.00662123570079089	0.021510195398192	0.0150482017028527
0.0124203663832273	-0.00334390845481419	-0.00493363746766066	0.000111082508238183	-0.00274445568034641	0.00600534638169308
0.0111723233454138	-0.000133266791420644	-0.00270083525642745	0.00526368973538844	0.00415429279220361	-0.0192266402663264
0.0112357293356489	0.00542147500103752	-0.0174461238483531	-0.00408055452875139	0.00403307094280227	-0.00990861993301689
0.0120487602479798	0.000707853180144241	-0.0210094209741123	-0.0129536663982994	-0.0026934946830681	0.00805330465565894
0.0118254480536363	-0.000435177752773929	-0.0199160727287071	-0.0184125464349007	-0.000885925266421941	0.00667473222087252
0.0115848314888621	-0.00509475814235061	-0.00247585339026997	-0.0122193794717506	-0.0103777327340846	0.00635911988590455
0.0112065776462861	-0.00946283388578375	-0.0135450590530955	0.0213452977166733	0.00108003879143599	0.00582563841222891
0.0120874674476883	-0.00170169379508922	-0.00454520368488794	0.00222313627206586	-0.0125943855899346	-0.00188351918812067
0.0116722075409919	-0.00131101564581497	-0.0129596739595182	0.00152717768970513	0.0107593917035261	0.00352184413789028
0.0122200171544052	-0.0269571871488431	0.0159751305021285	0.00901164085429444	0.0292205553452835	0.0138185706925976
0.0125078903637814	0.00549436362471641	-0.00802599438682219	0.00162192191937447	-0.0161528097662056	0.00875929908052315
0.0111880590455418	0.00202884017845904	-0.0113442169333245	0.00802234363133573	0.00943758373173775	-0.00580647888451181
0.011924439984755	0.000190792646951588	-0.00562570806074321	0.00639551112313481	-0.00418667785107734	0.00303164302436129
0.0118299127141336	0.000237983921760344	-0.00373480968847633	0.00705200145439019	-0.00698970748652583	0.00260057825655974
0.0113533648256881	-0.000277333154748087	-0.00953206481552808	0.00835934805552793	0.0202913330833986	-0.000455477472942665
0.0119736515974407	0.00466981484271706	-0.0104328744306082	-0.00421352768816919	-0.00506646902101076	-0.000259791205957546
0.0118815253621127	0.00499911908069774	-0.000854416380077719	-0.00776729588245946	0.00204422596747535	-0.00408052822721927
0.0117910491331464	-0.00103657417352284	-0.00250932636139447	0.0117166427712871	0.00609965657777449	-0.00740522708248294
0.0123579530127244	-0.003559871654443	0.00391912686694893	0.00872431286824015	-0.0014080973827585	0.01633871550196
0.0124791892894688	0.0069129012406274	0.00306701223551434	0.00210185258504183	-0.0261772581349354	-0.00977164036981495
0.0120888549581934	0.00740181852027303	-0.00809976327939127	0.00653715747146668	-0.00256771293316918	0.00359627696055173
0.0126413569380745	-0.000954352891664859	-0.00637142010454978	0.01476434845194	0.00793114954825188	0.00542139231279442
0.0132217237616345	-0.00570101913892041	-0.0122591092926783	0.0178305255986677	-0.00313509466756329	0.0121648755060477
0.0125957713321718	-0.00332765864884994	-0.00862758630726918	0.0105474821700859	-0.000976096204720503	-0.0112012856429838
0.0131317448439457	-0.00221221172622323	-0.00602151227159491	0.00655946705565424	-0.00267343176956966	0.00824953946658133
0.013066724668036	0.00665904976726042	-0.021363721008318	0.00471636952136468	-0.0135660210657523	0.0106433059340372
0.0133657755798584	0.000639666773061865	-0.0157842901647606	0.00919668333612053	-0.00141478376049085	0.00714714646577567
0.0122721238219048	0.000984779153380204	-0.0176083975218505	0.00754269555573108	-0.00989030236647568	0.00641383105392809
0.0138184044276025	-0.000408686808256017	-0.023506566258962	-0.00591377404522097	-0.00643850273185647	0.02518842765935
0.0132014723474771	-0.00483032402179234	-0.0104820654901457	0.0111541106043271	-0.0101358342978642	0.00881676834002201
0.0128047756839622	-0.00844608417822327	-0.0111399073424237	0.00293527125694443	-0.0164698130845669	0.00154983968913548
0.013144528241094	-0.00641837540111487	-0.0113661601831111	0.0132715431204468	-0.0101549152279194	-0.011046389868241
0.0123003809432021	-0.0303204634058337	-0.0163132438802342	0.0274683945738974	-0.0170429808003589	0.00171257827968892
0.011643660371627	-0.0206350137582701	-0.0107027641988429	0.0099010964878229	0.00456997017009517	-0.0149508102396677
0.0120992224826781	-0.0226162260742681	-0.0134623494539435	0.00142199644067476	-0.0224167975702609	0.00639210387109316
0.0119302918957165	-0.0164544517992868	-0.00646516410999309	-0.00129713328112986	-0.023015832454525	-0.00770426380798261
0.0125032598288587	-0.0134525809593503	-0.00287240987963546	-0.0115968263195843	-0.0306285817429675	0.00726810862627892
0.0124787872171183	-0.012698328956349	-0.010640110317801	0.00426986920252315	-0.0130257381200525	0.0175409716399523
0.0123724820493206	-0.0174517794193989	-0.00211152434800629	-0.00760855380179687	-0.00557514716381091	0.00316175631319717
0.0118367496442016	-0.00409317661240166	-0.0228269314468879	-0.00409060467910321	0.00553732090119228	-0.00400248138339252
0.0118151212465584	-0.00445525006084042	-0.0179630200954771	-0.00546398000899937	0.00381918746118659	0.0148270404818602
0.0119211495464066	-0.00518737569713592	-0.00883807483972605	0.014802452151059	-0.0194037981926022	-0.01574765583475
0.011430708350294	-0.00789919345646969	-0.0248139463892746	0.0154233468231823	-0.0123847231725895	-0.0249135330940193
0.0114729891549034	-0.00592751228962371	-0.0215188893849941	-0.00088888322646178	0.00922128673011848	0.0121794538326119
0.0113285017754317	-0.0116597999883197	-0.0131238986131272	0.000967844293147739	-0.013089160231554	-0.0115774303182519
0.0114441276161533	-0.00647427815751917	-0.0219548406095337	-0.00335228463063092	-0.0140636240144135	0.00190296152096376
0.0118178111179096	-0.00842858313621045	-0.0153974442339644	-0.00554019254180864	-0.0226991216678367	-0.000468412091242357
0.0112109952099922	-0.00942188784706	-0.00285993695280236	0.000712709398020067	-0.00785062800025142	-0.00878968139839943
0.012475971703513	-0.0034226773921814	-0.0145776051710807	5.744973100439e-06	-0.0143836726735582	0.00292029450301631
0.012430845782681	-0.0072827357831056	-0.0126768823492797	0.00493526388496639	-0.012843548417679	0.0127065940018174
0.0118305454216787	-0.00429043838623207	-0.0202739266422541	-0.0270713846894054	-0.0128459230089738	0.00956204248601782
0.0119452723507088	-0.00490237424582953	-0.021890858288674	-0.0208613972033476	-0.00659065244837522	0.0388800957001118
0.0119927921743971	-0.00535894723602831	-0.0142702423051046	-0.00886752929681641	-0.0158945047942955	0.0110980604843287
0.010936529709645	-0.0100045385270144	-0.00824368462947256	0.00372714696295498	0.00350991863522589	-0.017803921271505
0.0136401270961292	-0.0326666126516221	0.00868657475258208	0.00913739785362312	-0.00512469870431043	-0.0177118515989859
0.0119296494498228	-0.00606572079882324	-0.0211691447745936	0.00600288916737053	-0.030622988788799	-0.00545570949755117
0.0116960200153237	-0.00726772424527214	-0.0173075472116749	0.0190320391680614	-0.00872581762602959	-0.00918429392962078
0.0118487301992878	-0.00145345022935925	-0.0220430039087432	0.0137451389748161	-0.00714187351222019	-0.00503337751504032
0.0115272183189943	-0.00566003357530388	-0.00206240153830342	-0.0102686980848362	-0.00490721586004773	0.00531981309390026
0.0115532603587685	-0.0105134169504562	0.012834238155877	-0.0263516225161539	0.000664520175205617	-0.0250167241094909
0.0120219826988799	0.00146640440605234	-0.00982302432510381	-0.0108459299566382	-0.0140458190522768	-0.0027002013476364
0.013052916307379	-0.00453346921246197	-0.00662847472346342	0.00378961576485574	-0.00866666587111592	0.0126683284150166
0.0109996259276856	-0.0106521423257946	-0.00137620343583656	-1.00590830619703e-05	0.00107229098594967	-0.00690748895473951
0.0121220435423694	-0.00618740103442866	-0.0106802913061135	-0.00944166430091505	-0.0152550715911371	0.00426691934191726
0.0119486762652122	-0.00628934137087369	-0.00495056819946135	0.000805413068551389	0.00497549115748683	0.011076996358548
0.0139465842828215	-0.00839990077890423	0.00465108829115917	-0.00734669557836643	-0.0250260526574581	0.0128291122208191
0.0119958543118802	0.00591517004029492	-0.00736884613803509	-0.0200349178692313	-0.00696274609402645	0.0240568472511556
0.0117766735275658	0.00846183494702043	-0.00993819669202875	-0.00805475121919111	0.00716180197041913	0.00369661861896591
0.012955945748489	-0.00232734103565659	0.0127051894867038	-0.0247533539695721	-0.0289922314474594	-0.00428425131919002
0.0117519545252406	0.00622137877707507	-0.00890154012586199	-0.0158290443421737	-0.01541067189134	-0.0113543549182775
0.0119259557962957	0.00198321175227606	-0.0127223867838972	-0.0165409575810454	0.0050027446740347	0.0228435572590897
0.0124427221843182	-0.00737148653327713	-0.00295641402831726	0.015241397857126	-0.0208172750747986	-0.00559607443500634
0.0115260019618427	0.00342763736166	-0.0118724216028827	0.011432852840516	0.0170530637249083	0.00334591999085179
0.012434439459323	-0.00362184776088608	0.0101249237355051	-0.0335253959629721	0.0100619147094259	-0.0188410264632045
0.0127003158095535	-0.000267407388126424	0.00805098372378429	-0.0183551035580213	-0.0354593654696891	-0.018373559294064
0.0140810526458183	-0.0161239900995796	0.00943529513301395	0.0402492919136155	0.00385948663704658	0.0195458965169756
0.0121915593418957	0.0081409808578993	-0.00571691572556365	0.0011491296464518	0.000497634427873898	0.00523727631058371
0.0117925411839562	0.00848933480279439	-0.00126062590455104	-0.00830020864866547	-0.00662290296450437	0.00525538574466619
0.0124246089892749	0.0162327607489738	-0.00105006979395243	0.0129782843333759	-0.0414689643549931	-0.0144201911085798
0.0130988625221979	-0.0040001444836644	0.00846031508799624	0.00522063040982719	-0.0134049516134002	0.00315231163681842
0.0127062982533594	0.0083170932159578	0.0153723627925369	-0.0107107265288827	-0.00356126143617471	0.00198768436603958
0.0123955029331338	0.00739839125301302	0.00466084192341321	0.0168797755765846	-0.00871341392310712	0.0137383683007866
0.0110581860641247	-0.018043679431073	0.035461300567912	0.0103103967850967	0.0324661657352869	-0.00765714601086752
0.0135752712046992	-0.0264888981279206	0.0375210352668429	-0.00313751277520054	0.027136988513432	0.0103854201353442
0.0141750034904552	-0.0280588725952286	0.0357134209417403	0.000292416818866366	0.0289973647604168	0.00809552602354879
0.0131112548107336	-0.0183034447180601	0.0200444272019089	0.0270807937445618	0.0148334816943616	0.00405519864355354
0.0118805971695298	0.0154406137483748	0.00333426734680006	0.00851265892866958	0.0029978859765824	0.00518226975522278
0.0116615471981346	0.0146484022621033	0.00594579825559592	0.00739564175852926	0.00324054736234751	-0.0053627499032458
0.0123647819486933	0.0200683480318868	0.00982967808731657	-0.00079988528571925	-0.00376473197465439	-0.00145447426664798
0.0128610397206391	0.0195142193998474	0.00713766064245657	0.00312980027267074	-0.00717580737712372	0.00798872196180945
0.0130633590026997	0.0176164470548004	0.00724460934189977	0.0105006179481983	-0.00526333262620989	0.00529067569928507
0.0131491064961535	0.0192157585428676	0.010837162132522	-0.00683123506170432	-0.0130492548874144	0.00393493735521101
0.0132573641403147	0.0228075201131966	0.0098150523038994	-0.0130572968671994	-0.0222775084763947	0.00870084208554044
0.0118125801632059	0.0207182188840949	0.0151976862185854	0.0122777427472217	-0.0121221967884803	-0.00857223581027604
0.0126137780796634	0.0198854572658964	0.000515170012704748	0.0111578449165268	0.00292759103737522	0.0133430613752508
0.0117427070507175	0.0222824288759936	0.0125668092370093	0.0105533233775985	-0.016512954724852	-0.0103240607453236
0.0130573820877505	0.0179441455039502	0.0164924091091714	-0.00429747600045712	-0.0083171995885749	0.0161952522823419
0.0122302822090751	0.0210927556532255	0.0140339971908101	0.0116093951474578	-0.0115010814246356	-0.00658774345214301
0.0122941678912603	0.0143960123086118	0.00783681139962782	-0.0188549217353142	0.0084394408064021	0.00497312291130306
0.0122888976394501	0.0134098539908791	0.00368956248242143	-0.00328680140630182	0.0094896591225702	0.00128029375161494
0.0122162870038758	0.00270970421445796	0.00349542629993814	0.0176111601220164	-0.00247526597147729	-0.0151482596198673
0.011527484111835	0.0118206460931837	0.000524215166305386	-0.00119417902746456	0.0315770643209595	-0.0215398225339025
0.0130226656842795	0.0179286298747582	-0.0061576477600626	-0.00592122735598306	-0.0244661956891809	0.00256894362159919
0.0124173908146311	0.0147693731686008	0.00182572790615081	-0.00650722493251453	-0.0217742795571275	0.00878766023990775
0.0118150861352822	0.0112211842328857	-0.00256996729273269	-0.0056022961701078	0.0141434475775141	-0.00754861326534189
0.0121057561349644	0.00766455794522542	0.00113502992140761	0.00788982290391995	0.0193271604660203	-0.000488702888499894
0.0122039659409959	0.0173795172663415	0.00583695193714092	-0.0015422800546619	-0.00148277591469264	0.00225310314765937
0.0125183649909452	0.0129219468558246	0.00586944447071771	-0.00523592947805679	-0.00418149169529017	0.0173399077210201
0.0121281382463763	0.0224705759858742	0.0106245965362066	-0.00606276534336628	-0.00292768334656293	0.00549973162288604
0.0121739928194585	0.024125752736697	0.00274899868616204	-0.00276551338884694	-5.15027333376425e-05	-0.00323462702676195
0.012513507823837	0.0209352058241708	0.008665854770096	0.00752663080097494	-0.0142862213061448	-0.000433864334211871
0.0119373643387442	0.0152974830827069	0.0126185861182632	0.0059908008275808	-0.00597962593442994	-0.00830005272853168
0.0123006576482145	0.0175178180342245	0.0139061170516562	0.00214008093173592	-0.0106066171944947	-0.00211188504220049
0.0118131133887314	0.0223717932834548	0.0236840043486607	0.00605739585841368	-0.0236848887371377	-0.0392483955238511
0.011870802845516	0.0219845763851562	0.0235584036660924	0.00642707130946224	-0.0232614584267072	-0.0356665288267213
0.0125677507834476	0.0259248076641697	0.0119613609224461	-0.00416181561802353	-0.0102942647489384	-0.0146067597297425
0.0129623282769131	0.0170792895408375	0.00750133492361356	0.01464542247656	-0.0138915064263487	0.00827129039930617
0.013277828835362	0.0121070267815183	0.0103911316542094	0.0156558931586803	-0.00100606647034727	0.0221528510639055
0.0120936081352399	0.0187244486153932	0.0059796767339555	0.00418282428910838	0.0111739828377072	-0.00803671998467048
0.013273490504634	0.00717411935262923	-0.00303390746095483	0.00929819199010032	-0.00603273788672304	0.00287873092397701
0.0131990131831129	0.000437617567236913	0.00314353546564661	0.0126775136861974	-0.0114329857284505	0.00971474178544318
0.0122499676786313	0.0228022663425684	-0.00362871630500846	0.00658538032183758	-0.00894303332416894	-0.00439140494703327
0.0128704346683721	0.0168735909763132	0.0176284100317735	-0.0050345080211843	-0.0171159887184748	0.0167774813426089
0.0123371186779359	0.0219938252480835	0.0127248597788421	0.00922810246769921	-0.0169187161453514	-0.00255124880866817
0.0123863704590749	0.0177901349523007	0.0200033049293909	0.00151993393266561	0.0107247354011279	-0.00882404390994835
0.0118094291875894	0.012360606531321	0.0168435747101779	0.014972215613231	0.00545113279496582	-0.0195657411793383
0.0117787938931048	0.0164389511664753	0.0190756250385512	0.0158628779871923	0.00706395230060822	-0.00718967088999405
0.0127563456126946	0.0268059946700119	0.00838855458265494	0.0126047248283221	-0.0100936355485902	-0.00282004451676165
0.0121948254295581	0.0238320093328206	0.00933859174543234	0.00294826283196683	0.00294776628693468	0.013538420645367
0.0127070340512562	0.0188070824479243	0.0131550750355732	-0.0133278711883639	-0.00483988776426508	0.0124428109938841
0.0122633453043148	0.0152036736665489	0.00398527741645097	0.00574475700739475	-0.00861934791870329	-0.0209289323425737
0.0129041881305158	0.0115055890754497	0.00204908265737069	-0.0021136798696107	-0.0080720990932253	0.0123807391160738
0.0121178670475975	0.00996672643591824	0.00351200991380935	-0.00811135080515535	-0.00139751166079195	0.00626792800264606
0.012657320624816	0.0172245014994964	0.000139951697163147	-0.0175538069010792	-0.0177347857182768	0.00502811433132505
0.0122704709016191	-0.000628453755428815	0.00509277278175453	0.00841023360787079	-0.000163034823696953	0.00466281965213932
0.0125663634388356	0.00555329848550179	-0.0060222187388025	-0.0133712720873925	-0.00482925434467149	0.00793243725593879
0.0123760090918787	-0.00548960182609399	0.00705320243842153	-0.028781470061131	0.0137901854761773	-0.00645734038380115
0.0123154185071549	-0.00605935632837165	0.00685989197841195	-0.0284313827348832	0.0148753866924234	-0.00825658040558685
0.0120150550273688	-0.0038410077847491	0.0142767673399204	-0.00843539106152196	0.00494271583919933	-0.00309677782830217
0.0140224523686201	-0.00172458223195122	0.00653036394847608	-0.0255531305110693	-0.0322806051971962	0.00803264610499358
0.0140783148537071	-0.000981992803968251	0.0070658264133851	-0.0274806041505315	-0.0297092716604481	0.00690411016854624
0.0145888268529055	-0.0199103253555146	0.012308322709259	0.00788352814839504	-0.0211263934074567	0.0049725243309487
0.0133318121687206	-0.00573625866181944	-0.00159626846078883	-0.0178781381445609	-0.0134548721596359	0.00706597700545532
0.0124683661321765	-0.0042858275494195	-0.00813716653949713	-0.00629522619875239	-0.00313153548176681	0.0140826453494434
0.0124839365125065	0.00565673551771206	-0.0123557209106695	-0.00481398366884588	0.0106375967158806	-0.00265212922627843
0.0123030238778523	0.00361038729696024	-0.012089256929431	0.00253316093827736	-0.00852164325656543	0.00373904040683071
0.0119609409861273	-0.000342789351619651	-0.00748496950826624	-0.00200130801394421	0.00541564864945209	-0.0100130312419888
0.0112607767797271	-0.00836223389713705	-0.00457884987292694	-0.00412675157632505	0.00425486915156726	-0.0025677969535292
0.0112451033447177	-0.000311451650472661	-0.0131000640846487	-0.0131612331984134	-0.0154724460173402	-0.0281588213575085
0.0114397932304851	0.00185769620980241	-0.0117886431142657	0.00392884587449513	0.000492378381500516	-0.00184780291661943
0.0115065852590942	-0.00120550410986583	-0.00849423273188215	-0.0169543354445253	0.0156619823098407	-0.00335932392312081
0.0117120731713884	-0.00287266417400653	-0.021218249088042	0.000295954356948831	-0.0101876376928359	0.000860111514356418
0.0117921629392574	0.0024846568035037	-0.0214653014762276	-0.0138855966638611	-0.00569338911713144	-0.00283167849279593
0.0122417286222892	-0.00984827086382634	-0.00896229870447133	-0.00723218052245652	-0.00421131926418339	0.0127351495528582
0.0127410291779284	-0.00144893735226485	-0.0134840902452299	-0.0183390075739296	-0.0129073763562019	0.00836049822599863
0.0121036410064874	-0.0062849651371666	-0.0177852621939619	-0.00235025664366027	-0.0100342381816158	-0.0049675812697279
0.0120978679812416	-0.00172710476985893	-0.0130004151180701	0.00901211029837946	-0.0346141098196157	-0.0017493972250494
0.0122978746528718	-0.00529962501003538	-0.0113457341019785	0.00368316965868149	-0.0270112778594005	-0.00235441171821963
0.0117449118861783	-0.00472752004283331	-0.0218199745328458	0.0121930839897551	-0.00640162953952731	-0.0212124189643411
0.0122073375028974	-0.0118807731341126	-0.00562045310110998	0.0129283564100282	-0.022553996736938	0.00904806797826875
0.0123921192495084	-0.00700138190548866	-0.0157987230828423	-0.000548100705113215	-0.0267651313226224	-0.00600928448351948
0.0137279564054221	-0.0195200530948209	0.00608991498360768	-0.00692366214844455	-0.0187047017850497	0.000745504473744171
0.0114766592527819	-0.0121934259862054	-0.0143159091866758	0.000779118558362647	-0.00865429761864726	-0.0158982260175451
0.0116285696638985	-0.0217906298768301	-0.00360942322308724	-0.007805510303016	-0.0385096804246115	-0.0183124375239792
0.0125184608734377	-0.022535762818562	0.0123968235813929	-0.00190243923951925	-0.026370024979904	-0.0165697803961372
0.0114390764076638	-0.0363792612159063	-0.0170700791676592	0.0328931863461664	-0.0321570814729701	-0.00679804018244324
0.0121244212588085	-0.0386854595774082	-0.00437200604798746	0.022651276312817	-0.00642083353651717	0.00173192807443335
0.0114687587823446	-0.0186205277406644	-0.0198111547679437	0.0148261177732166	-0.0140742279340269	-0.0176901010251429
0.0124930971553733	-0.018605558748578	-0.020950928381515	0.0159892034720451	-0.00356246373290472	-0.000821258536918755
0.0112876592067263	-0.0128529236892822	-0.0150442760670576	0.0107685310500687	-0.0119031883257233	-0.000824320511962917
0.0118327000382117	-0.00190840907174679	-0.0165350717572225	0.00382426533562169	0.0131258178540821	0.00601081838014182
0.010928816095433	-0.0133472297836272	-0.022913342104338	0.0114529464360863	-0.00311336366894484	-0.00445233273075648
0.00961681174429442	-0.00489526274895051	0.0067586903727424	0.012521411929259	0.0163940773004658	0.00164030264158728
0.0116943014250625	-0.0177202216160849	-0.00365421405766351	-0.00655837005899575	-0.00202685919347933	0.00779523301626263
0.0116952632502463	-0.0161497969893131	-0.00345726097004347	-0.00959908779246773	0.00769063300766975	-0.0126480067421734
0.0113493152893978	-0.017955567521696	-0.00141081184681678	-0.0149496137445152	-0.0111410597086884	0.0004738577448149
0.0121428762997244	-0.0165726630578939	-0.00245916350907805	-0.0037899805843542	-0.0172321518837986	0.00219187353752375
0.0126663319311917	-0.020647685627891	0.00157222954367556	0.0307907075078505	-0.0153647474373109	-0.00427844827689796
0.0114747043103534	-0.00575100831435688	-0.0170623941531479	0.0135643758241788	-0.0105854814139396	0.00712568209964304
0.0111444123801891	-0.00895984330861297	-0.0172164558370954	0.0195776279053626	0.0005433070781504	-0.00167071128099562
0.0115738305236566	-0.00280725662970609	-0.01904774663998	0.0117961457832496	-0.0167924497686513	-0.00361627192088308
0.0108712141640091	-0.00279939909288418	-0.0177877779038258	-0.0147857298598458	0.0179867618377934	-0.0131066524723371
0.0119744056336252	-0.0152362943252991	-0.00780297777724272	-0.00673403490699218	0.00502242778170238	-0.00863309041675356
0.0120088129306379	-0.0106205183570904	-0.0127249378407941	-0.00591678607860017	-0.00327237645681566	-0.0124452805231922
0.0111608123090053	-0.00758369163325944	-0.0132105083680187	0.000213945281893787	0.0251812110371346	-0.0236051894048977
0.0120126641457038	-0.000403020124950674	-0.0155950231299683	-0.00728134574922995	-0.00461377337404961	-0.0132565783082674
0.0115100954372009	-0.00195319737146609	-0.0155003191507896	-0.00219981441966295	-0.00367172797116029	-0.0109031745488468
0.0120969321619802	-0.00175400981557718	-0.00858947179552155	-0.0166929055105494	-0.00418566315670061	0.0205333718344113
0.0114772686802838	-0.00275307758820834	-0.0107527049920283	0.00146829940751841	0.0156668098642557	-0.00134041886989402
0.0115495937437272	-0.00377765575806323	-0.0100036782167478	-0.000200034220212461	0.0188784212094319	0.000131877517427284
0.0122084124656862	-0.00197547949503063	-0.0105803673581367	-0.0015904725322902	-0.0101153879900886	0.00904358613568402
0.0113749244622844	-0.000622820625972027	-0.0174944048587875	0.00764598481911948	-0.00787911832450497	-0.0182768772915982
0.0114817043320848	0.000206835193400921	-0.0175347830034623	0.00635277257725148	-0.0116612285529808	-0.018785854338764
0.0115970151250989	0.00529590407100505	-0.019066783113399	-0.00948500773084894	0.00835242165689122	0.00616070471065323
0.0130545241761118	-0.00693836865185089	0.0136634700547923	-0.0488868852110899	-0.00472496711317693	0.00256363846473183
0.0131587069970014	0.00242366479219707	-0.00456912042301297	-0.0253080208930568	-0.0149677373493973	0.0170833504615771
0.012620007722403	-0.0086697610063065	0.0152517206913612	-0.0498069146962041	0.00256928623941783	-0.00780654818739016
0.011971688736737	0.00323632934996059	-0.00158772471930805	-0.0132679640244275	-0.00386803390520947	-0.0197803588400754
0.0114453690896118	0.00327820819593283	0.00115352429517597	0.00488551086874971	0.00849192563867304	0.000624358577068773
0.0119160188599649	0.00901276715082362	-0.00506148408860691	0.000404700575969679	-0.00689803257023411	0.00416239155940986
0.012135618021434	0.00420563067346724	0.00516012061020281	-0.0194938007643647	-0.00833901670446657	-0.0124334863833579
0.0119651625473831	0.00901505167905968	-0.0101866043285278	0.00936343377864117	0.00317381390901447	0.00722674725354179
0.0110521460722346	0.00486554103629564	-0.0116195820730075	0.010424854566482	0.0202961878850954	-0.010920397968505
0.0117489588160922	0.000465962489792234	-0.0117160456721697	0.0175324826158326	0.0124582577964015	-0.00621388722301883
0.0119840838161927	0.00050483441637365	-0.00697007120169135	0.00255893758536669	-0.00372939426671228	-0.00463841125270989
0.0126866854608778	-0.00511048252233389	-0.00186160944699612	-0.0126942503834826	-0.0305540048919399	0.00918718082769468
0.0127044830437247	-0.0121737950445715	-0.00802996243595275	-0.0170819710871044	-0.0141922796907631	0.000381011804569123
0.0111322955242444	-0.00386154204492645	-0.0126616101048073	-0.00176731941651387	-0.00386000494522893	-0.0251514835965404
0.0111919136445711	-0.0127558928086357	-0.00982594777096767	-0.00495587515665635	-0.00124291687656045	-0.017671073846265
0.0116541519654412	-0.0114649230724578	-0.016023001391168	-0.00522660216097367	-0.00726562632089832	-0.0141072311902209
0.012503901701329	-0.00735490881004277	-0.0194906374160318	-0.00747190870465875	-0.0120401788720865	0.0157199319384841
0.0126011950034479	-0.00312027742695461	-0.0207333442165515	-0.00385701704110433	-0.0163264640098903	0.019415340176189
0.0113761278991342	-0.00780320549917971	-0.0129962470147357	-0.00153993259662308	-0.00524473282294987	-0.0141562423490024
0.0116702638325269	-0.00204720721516462	-0.0220980920410216	-0.00301869407730257	-0.00982244429279386	-0.00803150082399874
0.011402895609695	-0.0071389699914165	-0.0212503199643784	0.00801002344266025	-0.00580574109782556	-0.00571798435485431
0.0107465390926595	-0.00474142022987493	-0.0167836030068378	0.00275886155772681	0.015373198000861	-0.00601715380149443
0.0111459407580192	-0.0211141838251084	-0.00724295653305432	-0.0270852310194413	0.0248982937687356	-0.0158915241804915
0.0117918287286961	-0.011196016218123	-0.00493663973439782	-0.018646316002853	-0.016306081280683	-0.0142967713662441
0.0113394076096154	-0.00588530368633688	-0.00979845997385544	-0.0177340072804359	-0.00256579852184795	-0.00588826922025116
0.0114508435771682	-0.00528387058232005	-0.0107881128864651	0.00831125416244848	0.00599682968206001	0.0102823186704055
0.0120034185530376	-0.00111641122477093	-0.024689144658879	0.0110799233187618	-0.000217970466269949	-0.00664887401777346
0.0118008307680781	-0.0086488826537689	-0.0147597796274042	-0.0100981861204855	-0.00237237539220592	-0.00274509497612617
0.0117903978965808	-0.00536549226257731	-0.0155873262239002	-0.0158975075373568	-0.01593975733391	0.0185186404728613
0.0123537930678721	0.000693264083214839	-0.0191935118185102	0.0126634958024608	-0.0180242765543365	0.00861793836610687
0.0111914692725847	-0.00268071106157537	-0.0131285307274414	0.00309963353447305	0.00544465714318703	-0.0365025926379151
0.0116907631919626	-0.00207956783503014	-0.00895043593624372	-0.000972007721802266	-0.0132745789898081	-0.00428903761034021
0.0117841588836701	-0.0071105452376886	-0.0147816762486358	0.0276487725317231	0.020107408545807	0.0185454884178222
0.0122624673691702	0.000984692464947339	-0.0046565135129898	-0.0164691366913596	-0.00104766527076699	-0.00794212398341656
0.0122840096005792	0.00477745392269148	-0.00882306672401174	-0.0169091231140526	0.00219886577551321	0.00937446584497832
0.0120985858610076	-0.00394713385059068	-0.00115467542122508	-0.0171761929026922	0.0113543086009771	-0.000926040034990491
0.0119266925418176	-0.00561549136157925	-0.0190686515304494	-0.00922880954851587	0.0084621749354951	0.0159717573545017
0.0119170261775204	-0.00373320446592993	-0.01290874395944	-0.00164359148437192	-0.0135118881836074	0.000287593463428313
0.0129467049499587	-0.0096377090782363	-0.0125617096817131	-0.00680799837835535	-0.0256334341040742	0.0131141642204851
0.0128198439659018	-0.0124185510663422	-0.0117819665904352	0.000877357728978896	-0.0175531552513433	0.0220352524785129
0.0123036512792447	-0.00713437609251137	-0.0158929177892545	-0.000542641952908665	-0.0159377445933072	-0.001108844151432
0.0130707073402708	-0.0260632636038567	0.0107749467514728	0.00319503339122866	-0.00129754093382018	0.00901120845668446
0.0117173329564558	-0.00110336826255011	-0.0141046089022527	-0.000923717793104191	0.000802663151048212	0.0141567288714953
0.0113434990064125	-0.00636831109890922	0.00870065618107558	0.00184330821330033	0.0150400270055794	-0.00878058771487993
0.0116765985603174	0.00205753211023351	-0.0084314126493322	0.00702185285174014	0.00498057156163099	0.00541501437436632
0.0118042968604319	-0.000559216836721431	-0.00923873620812558	-0.00495564880883834	-0.00598654898404786	0.00750010223475241
0.0115625868049185	-0.00106629046268615	-0.0136525727142677	0.00515624509700199	0.00533022366656326	-0.0131525756061532
0.0126099094682441	-0.00537074083601346	0.00640754498181355	-0.00213176383905457	-0.00613075971466182	-8.19205100945535e-05
0.0128913498701935	-0.0148390604459711	0.0064258298693222	0.0142088889155811	-0.0136662529130687	-0.00404158719268415
0.0119252709620022	-0.00647667747840359	0.0121373120282661	-0.01736912950601	0.00016218940677194	-0.00949699780754608
0.0108964855564371	-0.0101707286393671	0.0113562565582839	0.017333152233194	0.0125787304659898	-0.0121337603123821
0.0111575318248334	-0.00803998346345799	0.0131946606858305	0.0133914811701663	0.00519390278231034	-0.0117591187001397
0.011528638386671	-0.00501527429224006	0.0108117212657335	0.00985549908218443	-0.00618205192503765	-0.0140057855922417
0.0126190946892787	0.00195578213258405	0.00295401419619673	-0.00146424630226111	-0.0133512403911462	0.00398422792527115
0.0133414942830649	6.36573425051839e-05	0.0185932635626636	-0.0316935903385153	-0.0162508873495447	-0.00131889890546982
0.0126473848373943	0.000811497180195024	0.00657738278121165	-0.00467415492253431	-0.00802096146274989	0.0203247632650729
0.0135935460708994	-0.0123257829656233	0.0366769140779829	-0.0339929980270562	-0.00956096106665014	-0.00791827181296503
0.0140602106135739	-0.0108397614341241	0.0355395616702883	-0.0280550760091307	-0.0114287219051608	0.00185749823583209
0.0133400642126369	-0.00672433813411142	0.0280861899969099	-0.0249671854860373	-0.00942813399888831	0.00566674844903588
0.0123381811263585	-0.00601722970197356	0.00794212129051055	0.0201530897387749	-0.00264404461079491	0.0136710390473226
0.0133125170759427	-0.00116001435942739	0.0146692971604571	0.0040792191946125	-0.00237801773809756	0.00471715935924673
0.0120498939700575	-3.24368159341955e-05	0.0206181602942856	-0.0126262088110033	-0.00775987247302587	-0.0287984512438424
0.0141461371085468	-0.0168646601061312	0.0184259019686285	0.0282230761613467	0.00712547003466589	0.00729035519388098
0.0120205940059104	0.0123371182698118	-0.00306359852077319	-0.00941572292048866	0.00317384303254336	-0.000584144209660844
0.0121318620299369	0.0132655092228776	-0.00257890663702271	-0.0021888413525961	-0.0126272973957674	0.000962692830714929
0.0124399611848875	0.0106317246785506	8.15737187293284e-05	0.00615376979540123	-0.014735720453684	-0.00206067077850948
0.0118152207690742	0.00460680911555194	-0.00721964208114383	0.0103307046312809	-0.000251735102976576	-0.0235054835124102
0.0125930478150548	0.00855860774623599	-0.00767138801360355	-0.00158367758968955	-0.00670411699454135	0.0131701106909266
0.0119034856121599	0.0026987622554292	-0.00415481234905996	-0.00995762269497464	0.0264982928687112	0.00327556040557544
0.0120298015696435	0.0039372338612322	-0.00446526374778022	0.00431349914927601	0.00135624439951599	-0.00274451055301369
0.0120073197901784	0.00681588523919883	-0.00594519561944632	0.00204411215501339	0.00889395459780034	-0.00512354340045815
0.0122943538671884	0.00292016069456403	0.00507721703805093	0.00512856897089922	0.0108497796364986	0.00908928592493113
0.0123233105239083	0.00716391601284198	0.00113623179674934	-0.00931359555629345	-0.00618303133779976	0.0120692812670836
0.0134048632534753	0.0108709431266397	-0.00720407932963796	0.00294141901808016	-0.0158822803683044	0.0181129154195511
0.0119970598346438	0.00441415699963289	0.00515299626886807	0.0155409554538863	0.00882796277370816	0.00278736457970656
0.0125800792700697	0.0124195878200706	-0.000275262747771006	0.00757817504015988	-0.00382619586908705	0.011042690653786
0.0123887047514951	0.00724921882148932	0.00661567232137294	0.00243540260904399	-0.00317885488851699	-0.000126187291954021
0.0136348121975222	-0.0189813643756735	0.0487683526533883	0.0173294409362132	0.0127019072406344	-0.0192136875334138
0.0126338687370017	0.0214370447545084	0.000996299536343148	-0.00332831768783175	-0.0095817411589248	0.0170756326094244
0.0123907209437436	0.0118326542912973	0.00479452152599906	0.0199585883513031	-0.00168152583677266	-0.0034652549710551
0.0121352245738496	0.0160542822266514	0.0140657478551649	0.0115569078007825	-0.000678403787691207	-0.0268869510343716
0.0122092669162523	0.00518533751250433	0.0223008345733427	-0.0181881049061188	0.00159432868934409	-0.0266076938701557
0.0113850475842576	0.00683651010601571	0.00108236097972739	0.0117178407497975	0.0192716701490773	-0.0165249339403123
0.0119083274746014	0.0113775208568396	-0.00296383274283079	0.016048356938479	0.0116483941001369	0.00383471674610391
0.0118001247364408	0.00831434142816873	0.00122307643659202	0.00289898164841221	0.00788010423873421	0.0109227000345997
0.012122368001393	0.0111252159912033	-0.00691014425021109	-0.00765525073694349	0.00996111454210379	0.0124269866043727
0.0119765452292309	0.0103929545751465	-0.00697164086333436	-0.00262583899889221	-0.00285239953059042	-0.00527822024773471
0.0121279560496802	0.00992477745148392	-0.00206360926808863	0.000830319990867086	-0.00203616078688818	-0.00798692730928539
0.0116675929036492	0.00704851514547151	-0.00201915411590868	0.00483676212788858	-0.0100175176555839	-0.01790929370001
0.0133392191520937	-0.00545448241055013	0.0054578863586635	-0.00971375892894088	0.00723453104215558	0.0204882218587787
0.013588367778712	-0.00696961291886138	0.0099405870597605	-0.00931003724722714	0.00339389383239649	0.0131337099229613
0.0125148039337701	-0.000336179716665004	-3.34362653548383e-05	-0.0139933385322836	0.00687386913654745	0.0178099708107696
0.012412703280574	-0.00120347169818697	0.00915561807686705	-0.0373648125870435	0.0114078535242032	-0.00055968611252779
0.0130605394111613	-0.00808591474542417	-0.00378390013872061	0.000633152990224397	-0.01287125974153	0.00105753221703218
0.0112337347563135	0.00471363508788871	-0.0128116841763389	-8.86840106690214e-05	0.000317389057640313	-0.00614589015012753
0.0119334412751406	0.00212088406366053	-0.00966143246168225	-0.009153381082953	-0.00171212732791893	0.00949020215303385
0.0119258827065436	0.00283705434707822	-0.00640768075897141	-0.0154068494282401	0.00223818422716678	0.0257612648069361
0.0118878349810746	0.00370234372795248	-0.0117873130150575	0.01383961473556	-0.0154031932824577	0.0063257477888085
0.0115757695387266	0.0010906957842612	-0.00970164517544941	0.00896845708024718	-0.00144574057493831	0.0142086812445787
0.0117531772724925	0.00274899244553684	-0.0127098128776048	-0.00548563956913824	0.00304059403541569	0.00409674811815685
0.0118044277656185	-0.000335685174247484	-0.0146043593422635	-0.00315584728912245	0.00683860157234176	-0.0144484170300114
0.0110349232001114	-0.00187706890410789	-0.0127066394085257	0.00761551470965912	0.0166424998955989	-0.0145351067376124
0.0114947064655831	-0.00155812348154084	-0.0165600792878263	0.0125336762832871	0.00551622531862819	-0.0118127150887838
0.0124275865295075	-0.00485179643278651	-0.00146312415576085	-0.022575455168218	0.003668305376797	0.00409187007144451
0.0125007072032397	-0.0105169443149994	0.000253275350670892	-0.0303375634710931	0.00150699951650677	-0.00340750044295579
0.0123553466795837	0.00109615125381703	-0.00522519792522082	-0.00899033886170569	0.00337249831043519	0.00412198181280007
0.0115739710410747	0.00911159205747433	-0.00926443101732435	-0.00235467793363132	0.00567375842155694	-0.0185905610224341
0.0119326906588998	0.0100144901727621	-0.00553100194211788	-0.014593403965855	-0.00137680355468885	0.0135086704164724
0.0121262450737387	0.0138435792888842	-0.00298168801204639	-0.00309565711749256	-0.00854213746883964	0.00859344047716212
0.0123256040023804	0.0126648406355974	-0.000675394243239953	-0.0137902188722623	-0.00907917698917346	0.000294495841656379
0.0121512154313316	0.00535454205565015	-0.00457132415865753	-0.00769394946178966	0.0133037547800558	0.000885498725406737
0.0130299928233128	0.00529615746203586	-0.00276098720211726	-0.00662333878199627	-0.00699766870670896	0.0063793269147643
0.0131274168398593	0.00532831580176424	0.00647618817284468	-0.00828977178421513	-0.000686375694833962	0.0168476894334645
0.0141643289627855	-0.00338119610171861	0.0048389923034228	0.00182019704025166	-0.0232923854738699	0.00448646849741559
0.0135019212484669	-0.00462354074232636	0.00755029889890988	0.0135254455867935	-0.00141796754617681	0.00907895616138787
0.0127440852110625	0.0082275472576615	0.00726264135109346	0.00401240396025178	-0.00949404273473566	-0.000124398723120458
0.0125633801051937	-0.00312425833575492	0.0225366835657793	-0.0237059727877036	0.00210586409389721	0.0157344369025817
0.0131916978738119	0.00444914965837696	0.0141727934659381	-0.0275021691340238	0.00557610637633346	0.0158980773056826
0.0125332485430132	0.00987044575187021	0.00233187668486394	0.0184024975149124	0.000533220492626461	0.00127141150496105
0.0143352471561618	-0.0147611979779154	0.0293666013056781	-0.0118587865622935	0.000239258217409749	0.00277377330231732
0.0119329895362306	0.00865287026995721	0.0129487709092156	-0.0134788365543608	0.0277940383031805	-0.00360555477765627
0.0123662717573489	0.0102457576679623	0.0131692161607141	-0.0136473193371836	0.0140515064472469	-0.0202490329217072
0.012754496459893	0.0021966145731118	0.0151213174912494	0.0143244181999424	0.000353231193597659	-0.0121519833871142
0.0125357159778933	0.00452401378597518	0.00909123071482208	0.0152369863120661	0.00808217658969363	-0.00531125402557877
0.0122447020748394	0.0108076729797358	0.0010571031685353	0.0223252248150322	0.00596527280353875	-0.00541502500107331
0.0121572301694061	0.0158349261469697	0.00475226268246192	0.0100302814193959	-0.0119382001593016	-0.0119539154950946
0.0130691131586339	0.00294044587451417	0.0100930117230176	0.00315344611845264	0.00152657108962306	0.00509238180537781
0.012489156966214	0.00734247790303424	-0.000253010045859397	0.0129759360525525	0.00958761987448559	0.0191205479613237
0.0120833858056538	0.0142917121630744	-0.000946202080003614	0.00990802260802076	0.00257808036451659	0.00742258075353408
0.0120346785044836	0.012602730180625	-0.000859072817210055	-0.0114733624512004	0.0114740662599249	-0.00978303165492391
0.0118444274401547	0.00870944900947378	0.00286044560793536	-0.00532295335476081	0.00516918243627094	-0.000396125189883217
0.0132956930951104	-0.00628044601161986	0.00694414949993123	0.000332243933660836	-0.0134164001327233	-0.00177952559000578
0.0135802629092496	-0.00535887998872109	0.00738671058424625	0.00125408941715259	-0.0153047433916667	0.00308930953830439
0.0124087608367495	0.0121999721871428	-0.0065170823393573	-0.0086920073922594	-0.000343056914239127	0.00904848482279058
0.0133715822448792	0.00262742049451304	-0.00743601424172316	-0.00519813217186139	-0.0123957551248794	0.0210854057716239
0.0111345114027265	0.000891396066423578	0.00316244916885384	0.0080794102019415	0.0176993700031303	-0.000563602824710144
0.012116480211778	0.00873412219242264	-0.0162607459892433	-0.00432342781831035	0.00832533052145975	0.0102249170358093
0.0119542083509526	0.0044013428743453	-0.00618401624887145	-0.000388768825933083	0.0030996851569455	-0.00664948974860254
0.0129702916227673	-0.0135011577447038	0.0222390827664201	-0.0452355135255996	-0.0106442126897897	-0.0241932963283255
0.0120351375925254	0.00123848996208641	0.00304874570474715	-0.0130652944765053	0.00125554073820087	-0.0158113771552936
0.0121819563865623	0.00290493939345079	-0.00720377788705632	-0.00756719656074263	0.0141011528959933	-0.00429948112253326
0.0116112050765566	-0.00252010114294643	-0.00624573951632834	-0.0204229395169288	0.0171854181107985	-0.0096089908431788
0.0122934248691023	-0.00109329456663802	-0.00336561132937179	-0.00479631510158793	-0.00390744768052954	-0.0114223070238103
0.0117633415122471	-0.00544536383022422	-0.0102450009002703	-0.00746010551135872	0.00645089892169641	-0.00365437954383779
0.0125920161577846	-0.023201003587278	0.0305487214406761	-0.00882997890305801	0.00455137446096747	-0.00744802333860669
0.0121141728683665	-0.00394104011760855	-0.0150010095370809	-6.3965273684294e-05	-0.00367903029412728	0.0116723731041792
0.011179630524237	-0.00871658859263929	-0.017388634669441	0.00630720446431256	-0.00787936468773273	0.000962426692982486
0.0117046625595757	-0.00849508709768753	-0.0156559122754214	0.00497248766080403	-0.00282384101868265	-0.0137365433034074
0.0113001716209098	-0.00428962541630127	-0.00765594898821354	-0.00899477854482245	0.0141798450838522	-0.0177469966567977
0.0117993515674978	-0.00331237579888571	-0.00939584630189013	-5.41287820369561e-05	-0.00334045563657198	0.0194031118206647
0.0119636228071123	0.00128958628740198	-0.00951570071285749	-0.00125535783598805	0.00884627349693785	0.011267411406012
0.0123029029282194	-0.000285733520103604	-0.00638528909095022	-0.00754890689378942	0.00596915580009631	0.00483832155993789
0.0122044691882656	0.00236206802643066	6.28917229400063e-05	-0.00789624007206247	-0.0163978962026891	-0.00497377119348294
0.0125512616783931	-0.00450329573511368	0.00191117753406798	-0.0128712228062288	-0.0221866363570962	-0.0084767061209343
0.0117316717408121	0.0018408235513179	-0.0108341326775959	-0.00284736436746169	-0.00561496469226553	-0.00852821141291586
0.0117740384678751	0.00492902800830792	-0.00818515387675408	-0.00104725476978301	-0.00185278433577447	-0.018172046683373
0.0121078366348903	0.00688517894321345	-0.00940870452139348	0.00594977546538874	0.00370036572124501	0.02042912151612
0.0116353667347727	0.00538923209007755	-0.00789959730338569	0.00254611582154082	0.00832216302135158	0.00448200269448076
0.0119638041807863	0.000912238702350419	-0.0121417686610351	-0.0048754730924227	0.0131024821102568	0.00143993318161739
0.0118691376167743	-0.00466251168029651	-0.00302009351774983	0.011406093309523	0.0174408033283966	0.0127907418660988
0.012306540830491	-0.00832802098507082	-0.00836633988222398	0.0229100902931717	0.020641016014533	0.0178969291582604
0.0121803735212289	0.00415873734804174	-0.00842456141073479	-0.000806595893391674	0.00696817546267636	0.00719379119460627
0.0115780987371434	-0.00319543625076889	0.00400644825770655	-0.0315780044384715	0.0247758446603402	-0.0184448351596509
0.0117594783598059	-0.00468748476602073	0.000190236566528257	0.00472928507579245	0.00385088162935862	-0.0134663984115592
0.0116749281163988	-0.0107094088758746	0.0109745670610508	-0.0247700650848302	0.0161296011298464	-0.0121011823593705
0.0122035950953616	-0.00596948996386016	-0.00267946113031038	-0.0032091374638841	0.00963527341131398	0.0134190835463865
0.012618021195583	-0.00489209889236225	-0.00277121822383059	0.000824773676174406	-0.0044390458179875	-0.0181037217983125
0.0130479726977046	-0.00867712436192756	0.00198544622955622	0.00272125287742996	-0.0113969264621613	-0.0106905804251266
0.0124314656460971	-0.000288399692194101	-0.000484934770643255	-0.00217728038813505	0.0178892839699004	0.0141498874725651
0.0119169047815086	0.00930035568428269	-0.0111355268366871	0.00234295430341046	0.0020666489086125	-0.00263425187107345
0.0118566901053747	0.00706810185606548	-0.00308062130016294	-0.0122184854263451	-0.00139610787583586	-0.00444771027426048
0.0127790605497229	0.00573415920485612	-0.00755367846036007	-0.00458256972067173	-0.0176005450161411	-0.00304666067731276
0.0125658192439147	0.00584739118701734	-0.00698559450362248	-0.00218276033042886	-0.0137562846793782	-0.00497826719066351
0.0123804008180441	0.00793432182416195	-0.00176020812644276	-0.0134290955220541	0.0145973109126427	-0.00643743560094668
0.0117122546101811	0.00548925528187396	-0.0071380480387567	0.00421677976770333	0.0249664677055639	-0.0118365164046908
0.0116186681636545	0.00302471941571392	0.00299187218385733	0.00932945165758114	0.0156161474076488	0.00480896220528676
0.0123808177176685	0.00296894220762985	0.00420382263440031	0.000826093626626162	-0.0018552746605113	-0.00552824226771994
0.0144212449785752	-0.0191492241505112	0.00661380053284221	0.0217850681675367	0.00561781849556446	0.012106301624819
0.0144505930409303	-0.0206160714515776	0.0229340362591787	0.00366828743571619	0.00558288038557758	0.0157764125495536
0.0133480839451762	-0.00726186007713344	0.0134565774160287	0.000448944152891781	-0.00219827266648108	0.00135703007242226
0.0116921529968475	0.0132145871258809	0.00324827586986195	0.00327522459937689	0.00397248542240274	-0.00237831957778198
0.0119758275162326	0.0158213621308295	-0.00010186461782643	-0.00186830712538944	-0.000647793860754652	0.00437381500099447
0.0122341911118933	0.00909431061324307	-0.00233006817295602	0.0121878242660062	0.00699661546759012	0.0132933557848658
0.0118460149506748	0.0134009716555942	-0.00129534957088912	0.000244995054540065	-0.000973600375150128	0.0146085502285822
0.0124590239277887	0.00119515459664908	0.00341183487122455	0.00199676036186908	0.0163979224816389	0.0107920594892476
0.0125387927350709	0.00506151340968136	-0.00235281544975748	0.00741304969378851	-0.00156175657107948	0.0110712792409116
0.0143650016188265	-0.017943845476389	0.0165600092485851	0.0079033837161219	0.00255225979547972	0.00646578286028726
0.0122840556911825	-0.00182613198445337	0.00359206229425145	-0.00189484131530945	0.00493513676459062	0.00696193127767695
0.0126516104610012	0.00401452900631967	-0.000114716035383965	-0.00423665178618341	0.0163959291148653	0.00315893039344872
0.0123572847931473	0.0129942757301128	-0.00250597686959477	-0.00355111180921453	0.00398046665438208	0.00631355480727516
0.0125303638001265	0.00839034232961036	-0.0021443171327974	-0.000820099620648073	0.00127689730606805	0.00352885511638738
0.0150903966164844	-0.0213576039245375	0.0152697464194499	0.0264178210465428	0.00990202499553047	0.0148171241994478
0.0121671972284127	0.0169184272366478	0.000583051775398201	0.00974130755085838	0.0120630857035702	0.0151140377388591
0.0122376904354853	0.0126408866879867	0.000557874450065884	0.0153552841506637	0.00541444012168524	0.000974713340630222
0.0128790310696149	0.014706352160009	-0.000821581057732531	0.0168315889689811	-0.0137613160770894	0.0158614028339632
0.0140881056274933	-0.00779060234829046	0.0203111179054404	0.0130074686051317	0.00543478565923051	-0.00237090711637265
0.0120587267457005	0.0222119548751347	0.00675317924682	0.00138338414037711	-0.00386881558036494	0.00055051999092114
0.012466390192358	0.0246229115262625	0.00352067724809691	0.00202547945288371	6.90707570550932e-05	-0.00672868489648165
0.0121042408069659	0.0149126431032118	0.00934061113291317	0.015957965658828	-0.00465735157629724	0.006120740088851
0.012785937476545	0.0165012223909185	0.0135285484106146	-0.000807447380646616	-0.0113758685438175	-0.00522386839136441
0.0126203152004511	0.0147125811480301	0.0137244803285986	0.00376697515308498	-0.0112535454247831	-0.00436992366842424
0.0128093124246143	0.0165552031664707	0.013031417472929	-0.00200134892288345	-0.0104090950088387	-0.00543148561505104
0.0130332322712342	0.0137871354516201	0.0178357989139003	0.00160839459801425	-0.00561275960022494	0.000794704471780722
0.0131891323132509	-0.00110642176382019	0.01067924085739	0.00827604870124797	-0.00139296915679586	-0.00507469021501696
0.0125929297927308	0.0205305350719665	0.0124715298573483	-0.00876643804953652	-0.00989111822500044	0.00881857864544647
0.012280751007405	0.0172702180602121	0.00320275902847205	0.0179476559846499	-0.0205609187601606	0.000641894069417608
0.012650859358155	0.0122417707453481	-0.00154696446915335	0.0168099776622736	-0.00648858039295666	-0.00487358629404946
0.0134232842775546	0.00834369521459314	0.00592748246278434	-0.00365700023506526	0.00223133576023271	0.0213376858987775
0.0147414479068292	-0.0265538558227602	0.0430558394622374	0.0156478129700893	-0.00139527456199209	-0.0284066524434853
0.0116269515558444	0.0096735179809758	0.000649913650436079	0.00459688006727028	0.0265311218970409	-0.00986202068630003
0.0126803314731701	0.0050357365286801	0.0134649659948581	-0.00674574096260258	-0.00737884466361069	0.00787295938084328
0.0128224935962273	0.00730982912916689	0.0123516848666815	-0.0258584983861293	0.0115735167423478	0.00154215596291413
0.0126294452560471	-0.00885711889276516	0.0183553026004539	-0.0322347154905537	0.00599650643156025	-0.0137618232106626
0.0125994243750871	-0.0131957196422673	0.0158682076648541	-0.0130470083401976	0.00888073534609109	-0.0281100739927773
0.0119455219732642	-0.00582218462517385	0.00568309980286416	0.00914635914549398	0.0171801498514346	-0.00611013777193334
0.0121791765689426	0.00449480727825939	-0.00587892532893953	-0.00154699078259597	0.00569061312595386	0.0118876786995523
0.0122530534346486	0.00157054426208759	-0.00824305046760782	-0.00745217480505391	0.0169510073083865	0.00954192398149156
0.0123960587336958	0.0139122372099932	-0.0126068224311665	-0.0116399410996583	0.00530673603462017	0.0144595670242296
0.0120754853576329	0.0139259762010092	-0.0104742875202858	-0.00696723298834132	0.0110963698551459	0.0197312216236967
0.0126211652852056	0.00915189153087641	-0.0129487253423341	0.00436893288044757	-0.00404111259837126	0.00992346377559792
0.0125744321962416	0.0119160694031597	-0.0146619460441288	0.00067730257143505	-0.016097115749069	0.00775594671323204
0.0118887598737978	0.0127293497382597	-0.00554478422458518	0.00887505243509279	-0.0128959138308866	0.0135408296208877
0.0118790087425623	0.0142296775500319	0.00165380199286563	-0.00749151625697141	0.0162449548662566	-0.00330377451873819
0.0124774405183353	0.0165594042307326	-0.00139728453194314	-0.0125838715751539	-0.000340386721551429	0.011743577692466
0.0123404790881849	0.0191087793392016	-0.00590801688888919	-0.00577878492146289	0.00860267371669022	0.00993570568787179
0.0124117867503574	0.0201722683619444	-0.0045971587326194	-0.00368526755154049	0.00585915987784607	0.00383340640829799
0.0122369629736978	0.0130474659228909	0.00173651629383205	-0.01227071571463	0.031337841515596	0.0133105909089366
0.011501397030404	0.0101569538170713	0.00221523906933878	0.0238409514656866	-0.0121443571293558	-0.0156839338013698
0.0109629131141679	0.0156942391901207	-2.37321737928944e-05	0.00968013207574422	-0.00240940857456225	-0.0156444898300532
0.0121746129247324	0.020626632775978	-0.00135014654368899	-0.00243712616395928	0.00104412380149922	-0.00960453441702824
0.0128642799941709	0.0139114047461102	0.0099245905940332	-4.72176091076291e-05	-0.00999023336210697	0.00510571118897974
0.0130751471420649	0.0186280680076276	0.01287785855497	-0.0198743695230927	0.00157946709162236	0.00689877477260117
0.0126258387302353	0.0173108846162874	0.0124992721358529	0.00753012869415732	-0.020557805479022	-0.00693040554814302
0.0128984756786938	0.0146664935852708	0.0164223475612539	-0.0214218706450026	-0.0235320728391124	-0.0401804398275638
0.0121281476500346	0.0158074136871791	0.00955429571111639	0.00146371791939246	-4.33355885763777e-05	-0.0105826794807366
0.0121411955474121	0.00500483240017736	0.0234136795269784	0.0135141580997442	-0.0107860567088549	-0.0214994591683546
0.0142495391022267	-0.0150307845491625	0.031037658369578	0.0633425974820481	-0.0135416119932279	0.000986552538486172
0.0111669660195965	-0.0140180586126716	0.0335398381900949	0.0742510827454918	-0.00627194825986013	-0.0129368520666068
0.0123655139033079	-0.000339524268416175	0.0282429327291799	0.0215316963348112	0.00615183831101613	-0.0119877778070741
0.0123921632343328	0.000181726553217519	0.027934621908933	0.0228624916071183	0.00620218195075657	-0.0124748909403338
0.0124634171408557	0.0188786938664149	0.0115374135134478	0.0194073601548529	-0.00841678497788138	-0.00296855413762072
0.012601735135435	0.0209477098958729	0.0113546676047218	0.00931410728175608	0.00152247729732358	0.00524644769523124
0.0129177132403643	0.0217702382748886	0.00888769013200769	-0.00230783356857383	-0.00369155543783949	0.012406918615519
0.0125362559529324	0.0182921798018846	0.00980100911985856	0.00210171933384284	-0.00750311198538128	0.0160906605808839
0.0115485217925644	0.0090300656236707	0.00823619897019954	0.00338757879880001	0.00156790982010184	-0.0302381715547415
0.0123366361494332	0.0145672414373545	0.0125125362052331	-0.00330573463289211	0.00684184014506128	-0.0127037789970669
0.0124624342878186	0.0187223139134527	0.00621635211343263	0.00558876335194711	0.00937956061987999	0.00534043680994081
0.0119667416986577	0.0236272656836161	0.00836106223218508	0.00253775158327476	0.00452933678404606	-0.0132360696896159
0.0125654385044721	0.0208097075907248	0.0104753946722202	-0.00060895615774098	-0.0100009957137568	-0.00155342105359562
0.0125150099750011	0.0192698528910387	0.0134753195323907	-0.00413797579111425	0.00700880478929523	9.39144247247038e-05
0.0128856789109473	0.0194182250751911	0.00935785576234086	0.0101627128399325	0.00214470354111809	0.00753869699468605
0.0128408882016378	0.0193901390091751	0.0120931490240371	0.00794746328625572	-0.015089598836355	-0.00521445219265191
0.0131224069596502	0.00895637872395312	0.0231091319085188	-0.00308725803993243	-0.0036224955564908	0.0219916484512769
0.0125801700299229	0.0230246936743325	0.00763341151019193	0.00720301181493863	-0.00602628605620532	-0.0165016092690477
0.0129068908065254	0.0217650055845635	0.00882345023987264	-0.00214888644398954	-0.0176826813281428	0.0221265853016515
0.0126435129565298	0.024585237813731	0.00539715307894061	-0.00157685614935723	-0.0170102603900671	0.0122689371538734
0.0127099963390463	0.0201414514132408	0.0107665987436314	0.00723525537389213	-0.00494796833230091	-0.00963205995113105
0.012583903375096	0.0162183626059737	0.0078456693671773	0.00739169225630183	0.0013301665449975	-0.00438501769238442
0.0119311976568666	0.0101182705569576	0.0100758261100647	0.0117837352487034	0.00166414435983618	-0.0295125871017129
0.012582629978438	0.0127238620732592	0.00623049420179213	0.0143995742168398	0.00118137994050849	0.0104949690771899
0.0125653044782343	0.0105227264727687	0.00573830718926804	0.0162444057629875	-0.00252414870248394	0.006128215504467
0.0126442319233618	0.0119729971681509	0.0080482470656897	-0.00933227582529857	0.00645698370671518	-0.00581447032030227
0.0129466354253105	0.00653091088200908	0.00821041247263828	0.00698177555646352	0.00327152314285471	0.0102499828662354
0.0136084214615383	0.00225364128495071	0.00980972486395147	0.0125695326960728	0.000192689115760285	0.0103227570911381
0.0126933815277248	0.00687206070008006	0.002486859004916	0.0165403873209522	-0.00122361529501833	0.00522283071314253
0.0128761075987217	0.00586389017262315	0.00317307213614668	0.000764560402998051	-0.0084230922177428	0.00643809990208235
0.0136935848985556	0.00150193462908415	0.0015402337640529	0.00499267016076002	0.00593437491206357	0.0244401516140741
0.0142918721644496	-0.00871476416912019	0.0186633370071189	0.00225712955379932	-0.000861126520274263	0.0122305270437219
0.0124971550466048	0.00633751371534162	-0.00737026640590818	0.00717337865102719	0.000651490645367837	0.000762524365119142
0.0113846961164637	0.00557788285433998	-0.00414040451975063	0.0224201019309208	0.0194138185573841	0.0118682685482871
0.0114277243396357	0.00549300330053811	-0.00202202741931564	0.015450829499032	0.0100651903357243	-0.0016373589726592
0.0120812820104199	3.22395461487875e-05	0.00976168364218896	-0.0292472059852626	0.0113313737450778	-0.00429177438950487
0.0124679438697273	0.00128920743352292	-0.00400329868804026	0.00727132060900341	-0.00889042836688208	0.00912175063960783
0.0124396421677778	0.00236341060788432	-0.00947751612785796	-0.0108033735259394	-0.00113984501032698	0.0148504467510589
0.0125217774226347	-0.0108632542139135	-0.00147350092493262	0.00584372303536931	0.00374651028808682	0.00855172733865895
0.0128416093149745	-0.00928538223611344	-0.00441815292258603	-0.00112222671339897	-0.0010494997497387	0.014266186625961
0.0137008126334337	-0.0136487807590307	-0.00127572768333242	-0.0214949159522668	0.00887938571456136	0.0209633740116908
0.0120752627619636	-0.00748804093468073	-0.00184390920213773	-0.000506283178410774	0.00495410381782211	0.00711548808765243
0.0123781501786827	-0.00605911945614446	-0.00533435027127362	0.00197513937924616	-0.00465791333963296	0.0040525946172485
0.0111716384797707	-0.0163963652214009	0.0140152306609786	-0.0154891025264238	0.0193460655974504	0.0151256528117508
0.0125084094144722	-0.000996986380393052	0.0119660455216433	-0.0196752046303495	-0.0356873558604096	-0.0217222452254082
0.0122149361742464	-0.0056950102519715	0.0154214672658096	-0.0232737035393883	-0.0123301831030081	-0.0197868973046604
0.0126381211121433	-0.00997147707858273	0.0197439922002743	-0.0232699507043725	0.00969231482615926	0.0152492805226793
0.0123206743382963	0.00276389495331625	-0.0107253685063484	0.00798227716856285	-0.0139476535126841	-0.0117357786602288
0.0123952331556618	0.00379246748172252	0.000647859232483185	0.00541159826526494	-0.00573060660641909	0.000103015592770254
0.0136427212414193	-0.00797532623366306	0.0232640241105384	-0.00768077897150199	-0.00102439479324226	-0.0166539482701107
0.0133887313948335	-0.00578712195260729	0.0234868115014493	-0.00774712364422019	-0.00189133305830802	-0.00768043881891438
0.0126779106899397	-0.00762060299827853	0.0172118655783596	0.0241713839012023	-0.000399684726886234	-0.0184906067719938
0.0124252570138332	0.00889530823597344	-0.00160640988550316	0.0182231639984012	-0.00294684300362871	-0.0179909970608048
0.0134722882627137	-0.00569754688020895	0.0117484302474419	-0.0194881093057945	0.00351468792528113	0.00147157438539787
0.0133916779393624	-0.000486706784121747	0.00223179704984529	0.0123512254077891	-0.00659154491932539	0.00977459786784097
0.0150341941620076	-0.0320671440154917	0.0278468099934256	0.0203278962324445	0.0134789717741443	0.00390867200723604
0.0119733324906593	0.00481008831567677	0.000694154431219138	0.0155915019188588	0.00916154091281558	-0.00679814703567598
0.011683614895698	0.00552931938348275	-0.00764026223015011	-0.0057826202765584	0.0146934228390726	-0.0132703067909799
0.0119289892543514	0.00114671678719414	-0.00341368971124662	-0.00372339300314914	-0.00249056914134077	-0.00339033416536395
0.0127341094919132	-0.00906250638196246	-0.00543287177039852	0.0119078762991425	-0.0127518976340001	0.0198977235710083
0.0146605671239937	-0.0273151120906126	0.0248823549330137	0.0101394065077904	-0.018972265335459	-0.012640757907224
0.0135144537810364	-0.0243136430641025	0.028087367573051	0.0128688669815436	0.00666287821320802	0.00081175349611645
0.0130524608657707	-0.0160724321486766	0.00604606616638477	0.00625735177500337	0.0234286273846533	0.0230384790897792
0.0122472086935288	-0.00261113153522411	-0.00535235023943729	-0.000510585308792065	0.0126216854335746	0.0115894117187254
0.011752998784373	-0.00332724081783723	-0.0051350621287219	-0.000587097810753317	0.00936587745213974	-0.00248665434024719
0.0133358130308602	-0.0125567236676949	0.0204776421671913	-0.0305274788269868	-0.0137769272277846	0.00838983832737088
0.0120398079531542	-0.0164808508812991	0.0196971287287218	-0.0413375182399428	-0.0196997881920012	-0.0301306444968888
0.0118262628306246	-0.00678477525733061	-0.0119524637923213	-0.0253369966411848	0.00514785994965805	0.00694489383972876
0.0126645150106984	-0.00295046642305777	-0.00329005991371521	-0.0193297962509727	-0.00583696122944762	-0.0047192031790553
0.0119045663612837	-0.0036208324085327	-0.0167684073104637	0.00985956095788175	0.00242026134779192	-0.0110809313358275
0.0137423315240551	-0.0202159048008847	0.014529303646329	0.00150556802355285	-0.00732211569581783	-0.00713997467637381
0.0118568171977751	-0.00423986343833107	0.00833088286777404	-0.0294983213135531	-0.0089334980031909	-0.0198995063755817
0.0124854886859696	-0.00761052188738313	-0.00259671909940406	-0.0181970207229295	-0.0258706095739911	0.00147235301411668
0.0124928775030982	-0.0066511074655359	-0.00285682009694521	-0.0213166358300878	-0.0138944397628814	-0.00263450604577774
0.0120511514045751	-0.00940965185695238	0.00824224638001638	-0.0305012472461179	-0.0199164425238343	-0.0142139650323884
0.0120616325037936	-0.0123022918647701	-0.0013334019300912	-0.0108069209322071	-0.0122889226655427	0.0105144181617411
0.0121356866195359	-0.0158474402648396	-0.00352309741395611	-0.00669743818526904	-0.00877924885955935	-0.00423080932880042
0.0136863614973742	-0.0208632559050554	0.00596913371341425	0.0172776782529434	-0.00446869367875833	0.0192476160698136
0.0128622655037832	-0.0115121348521567	-1.22832130530562e-05	0.00077837927572409	0.00033808657439499	-0.0295133873196051
0.0148149880973153	-0.0285272005682746	-0.000418754903516401	0.0373849256691182	0.000455533617752989	0.0294955536163683
0.0132430609077529	-0.0178494898862048	0.0110414429070059	0.00757873452141572	0.00709568255526146	-0.0191162351531904
0.011679147333786	-0.00672478474052698	-0.00823493167262298	-0.00317373990556364	-0.00999758674643599	-0.00426895184354839
0.0110075355469012	-0.00336109981136633	-0.0131048537710913	0.0163569350207606	0.00747095393229907	-0.0280332135268096
0.0117416977924469	0.0052252455494428	-0.0109225403552112	0.00453574151297883	0.0103685675275564	-0.00399169071107145
0.0117303160022133	0.000592462434599158	-0.0127835201400657	-0.0135090852486882	0.00846481412948154	-0.0321658001478655
0.0112749077363838	0.0016528376738582	-0.010442986449325	-0.00216009380186168	0.00755872034540044	-0.00121684777404266
0.0118755266388688	0.00378208464822556	-0.00800172897429827	-0.00850888047651238	0.0208429186859406	-0.0091269829980504
0.0116255474294321	-0.000477468893286004	-0.00640481353181585	-0.00710814281323043	0.0104448440005289	-0.0153160352161756
0.0123140361533282	0.000837217160203341	-0.00880380178349527	0.00207028476429543	0.0125538518549528	0.00520076890551347
0.0120654867585237	0.000858899132815083	-0.0113624904597753	-0.00552128070139781	0.0139739026838594	0.0103940129257507
0.0125346559297026	0.000468633869332726	-0.00298576427623727	-0.0286166871213131	0.0274661368906676	0.0334570027055562
0.0121740255575307	0.00612540075919066	-0.00826713458559705	-0.00994233254573728	-0.00895104627238006	0.0027368514165026
0.0123469282383569	-0.00115291260034187	-0.00178824550018489	-0.0119488616343266	0.0172111461144709	0.0130833392035364
0.0126656294567863	-0.000743707806851319	-0.000693278789891203	-0.00574466689943044	0.0117845869788956	0.0214864190767461
0.01200671025105	0.00685944345701301	-0.00433508367754847	-0.00744075842641626	0.0168297782994712	0.00383952275582357
0.0120490296757437	0.00728352571207156	0.00199958894025063	-0.0107784062893807	0.0110276899666318	-0.00260275996687241
0.012565716013647	-0.00802378585706654	-0.0116580709223982	0.0388432609557805	0.00696522481403652	-0.004943245916541
0.011426408637933	-0.0061686912436155	-0.00230901639954192	0.0286841094372558	0.0136694814958208	0.00115775881578292
0.0136182954609746	-0.00520058286085744	0.0100781245220026	-0.00356408339677838	0.00494706261714481	0.0144051958906996
0.0146488585400906	-0.0351537358859611	0.0352732357291777	-0.0121105557094876	0.0213211096385158	0.0160514436201641
0.0114684035252472	0.0146329873356308	0.00226117250347918	0.00750073037521818	0.00439933714406314	-0.0132561839127566
0.0113809405066786	0.00554132912544159	0.00677453294686967	0.000272512762750662	0.0180519763577044	-0.0310936766370189
0.0119084406719582	0.00464710020034857	0.0048292259852798	-0.00686766146262951	0.00408548347896115	-0.0218406395202433
0.0117265898354282	0.00361137751899051	0.000425002236117503	0.00822474670714218	-0.00428188479566173	-0.0178078474603079
0.0113677665555424	0.000146418860102036	0.00306294626075748	-0.00150535274290942	0.0202795492458369	-0.00556502115074792
0.0117913690098818	0.00628893574574673	0.00957264262824083	-0.0187651470878665	0.0155047099194352	-0.00374527325805615
0.0138388317767167	-0.00969178740902946	0.00831545667897115	-0.0168013085716473	-0.0079461234971555	0.00947284567951768
0.013394396991571	-0.00685373884075773	0.00721315088643476	-0.0113740826624846	-0.00300721086818308	0.00628863974059237
0.0137688552136141	-0.0120132944228424	0.0204495403349477	-0.0272263460402584	-0.00632837117548791	0.00266908313878554
0.0118465609339455	0.00628306469666107	-0.0144248094072371	-0.00417811525611534	0.00580732785220429	0.00919991443967523
0.0117281561994438	0.00174686506185712	-0.0134773467708102	0.00196958232074322	0.00841867045365822	-0.00569744873463411
0.0117194975304103	-0.00100525390855417	-0.0159347983715484	0.00559905484914742	0.00657354776082565	0.00779183772098317
0.0123065033994857	-0.00224580631125871	-0.00174167075733597	0.0022812864006171	-0.0148367933348219	-0.00566940672651524
0.0114003267191816	-0.00674439698414769	-0.00966338111319973	0.00615560125741184	-0.0150018180401814	0.000818985751507025
0.0113450816085954	-0.000761731816228669	-0.00913467925236304	-0.0208618766882347	0.0336988265723754	-0.00519610873036071
0.011613831242092	0.00161883751468258	-0.00743779329712801	0.00208150027217564	0.00762044593513705	-0.000468430309972004
0.0116443941741766	0.000359168530483406	-0.00415661260324657	-0.00188110042516913	0.00927400469424382	-0.00385596813930288
0.0114258150010655	0.00358811917594771	-0.00520171317336053	-0.00192490049226801	-0.000587050683641784	-0.0178285008079852
0.0129624983180258	-0.0236502267924504	0.0248898492877402	0.0325628559108439	0.00352354675387836	-0.00426791614942305
0.0124699468519411	0.00443412240939857	-0.00567740290801394	0.00906301996094122	-0.0154794291027603	-0.0150781246779279
0.0113508675663816	0.0127126215539	0.000247069466918516	0.00205333651746314	-0.010630409887735	-0.0113951809470302
0.0123596177172204	0.0156288990196836	0.00699590275835809	0.0132888190031857	-0.00609697075321549	-0.00564905214223854
0.012312182999973	0.0161154135135481	0.00662750470835284	0.0160467612117584	-0.0144349300577084	-0.014778378895267
0.0123161505646934	0.0180348090170801	0.000358817239472573	0.0190358270801601	0.00123162242395575	0.0138947633724054
0.0122442587696147	0.0194141233620815	0.0027289602339237	-0.00253711964098745	-0.000579287321121822	-0.00242613807149595
0.0121179121937425	0.0109994451824135	-0.0029888033566215	0.0115126939962369	-0.00162797599395724	-0.0162370969696238
0.0120174794951426	0.0139459690500034	-0.00566079886982956	0.0169131751125577	-0.0106826077268495	-0.00592678938113207
0.0121003697990208	0.00963316144426745	-0.000466400317947863	0.0152917964489118	-0.00559090436221804	-0.0190805792479166
0.0117907805591041	0.0153747100631978	0.00279433839579069	0.0134522155585986	0.00776033626826284	-0.00481475036866004
0.0124217082158172	0.00280983012353276	0.0166858963734208	-0.0206345841356191	0.00147818146452008	-0.00091732831353757
0.0120587541133029	0.0143473460483725	-0.00929511099622269	0.00942619928908053	-0.00281250517627487	0.00401754748205081
0.0120358787137416	-0.00167795311266633	0.00707272954834294	0.0136275224866251	-0.0022364533196279	-0.0129769649313963
0.0137526216465234	-0.0105813517230504	0.00786105117134548	0.0181391004945933	-0.00183380223383625	0.00697401956859635
0.0138651543885212	-0.0264896035315294	0.032503891284436	0.0152713125700736	0.00868353716240426	0.000357422530546159
0.0145831105226569	-0.0216879778269113	0.030884413183414	-0.000382782944858301	-0.00487613704046095	0.00224990378056686
0.0122948390913458	0.00663908740685225	-0.001654198296956	0.00196044226998373	-0.0107637768048419	-0.00946304036531334
0.0116160819607958	-0.0033089309421921	-0.000724520911376694	-0.0191313863106392	0.035019913110511	-0.00218950681491019
0.0124815027913768	-0.00607048681897604	0.00343843646449855	-0.0165066668576103	0.0147843479304319	0.0121098713626941
0.0115000216884372	-0.00621123800997618	-0.000143789290653935	-0.0164066110879048	0.00772734770794747	-0.00399701775494839
0.0123954558981569	-0.00312704315766368	-0.00241896857957161	-0.00804485679554618	0.00225256479987028	0.0106959158011645
0.0129976589712437	-0.0120002306129589	0.000731693558566538	-0.00858819344678228	0.00304792059115563	0.0135265904164416
0.011325588762476	-0.00350525279855569	-0.009647841941682	-0.0105161149416917	0.0224837010788226	-0.00956148350087727
0.0124501053261716	0.00519458768582967	-0.0113541837181295	0.00766437198993601	-0.00927049896224099	-0.00233559904560572
0.0125306656633676	0.00139189828171838	-0.0168036308546936	0.0160497340618031	0.00267010598569203	0.016918448507994
0.0125229706231476	-0.00653010253510243	-0.00242793899187778	0.00220748663055212	0.0183856351424541	-0.000231250062771219
0.0127142841672509	0.00712922486250407	-0.00834128749723905	0.0120117976957835	0.00148260619398223	-0.00291423401155209
0.0128258065251808	0.00245080810051874	-0.00857858317374314	0.00439271933829728	0.00227758818277825	0.00073136564781714
0.011734438408324	0.0085263762695526	-0.00846201074669855	0.00164775700958686	0.0114341775927573	-0.00841463112903819
0.0121637610666007	0.00967021340180825	-0.00764983048360604	0.00392608223156084	0.00310570813970628	-0.0122754038277729
0.0121612432392428	0.00812612730814026	-0.00408990332226241	0.00350584612319936	0.0012244362596564	-0.00367762288969519
0.0122232644069589	0.0102037927988492	-0.00624190268576243	0.00550288422212178	-0.00290020684384923	-0.00254262603004894
0.0115495495090263	0.00353139926593633	0.0142163246853255	-0.0134781535443063	-0.0153507772593133	-0.0484879421027135
0.0120561486663778	0.00279609096138082	0.0209574328425097	-0.0226337453832331	-0.0384089485308303	-0.0495916739454409
0.0119943763399164	0.0112439347363017	-0.000838678954508922	0.0135385304842669	-0.0107015278931987	-0.0067098264373529
0.0123482655448382	0.0162464913780744	-0.00448326501687176	0.0139905657034589	-0.00241453978904648	0.00491648537760364
0.0118922014863337	0.00865733811748457	0.0024759035526949	0.0197825215579935	0.00882520490308156	-0.0232332642236563
0.0124171599502136	0.0125761566321549	0.00698668487505026	0.0189358137863496	0.0155052770430593	0.000947835897710034
0.0138233036530029	-0.00210351620325348	0.0229393234892974	0.00221429345986098	0.000460494205220863	0.00621061607475468
0.0114006672242144	0.0112969197315437	0.00319894893981017	0.00970924132238431	0.0179100972837113	-0.00464066751737495
0.0145315957324367	-0.0163503348370299	0.0200530805983751	0.0244165265338637	0.00256616777617134	0.0156991700838786
0.0153541028121361	-0.0237375633149816	0.026526844035056	-0.00460512159684876	-0.00421234050873766	0.00657031411866089
0.0122482506788156	0.0105448934618941	-0.00107127181717294	0.00907099952129677	0.00826588797307814	-0.0130311953615371
0.0122297476004612	0.00251000419690253	0.00832826519300209	-0.0100099704608705	0.00587034073379724	-0.00549992413813792
0.013158199713347	-0.00810845092316609	0.00728319089447504	0.0283911516303258	0.00285706349805287	-0.00200557492735568
0.012265556436473	0.0063369305229934	-0.00538490316675842	-0.0046915921622836	0.012646668022091	-0.00197545477186023
0.0121345860450864	0.00651140093489768	-0.00963669882633262	0.00283917780533827	0.00282338951513127	-0.0116567508092582
0.0123040009309768	0.00710778015956561	-0.00664487544982838	-0.0060297282300205	0.00733832582600985	-0.00354085474393796
0.0125837239016659	0.00554661668170257	0.00631462010295504	-0.0235776497180173	-0.0065656145076561	0.0202214129278228
0.0136993556917523	-0.0192835889763654	0.0175896427574452	-0.0145858579812244	0.00376280861132687	0.0142172459569907
0.0126198417951767	-0.00552692084878688	0.00582354837342861	-0.00854302375332626	0.00523029745694354	0.018800908975884
0.0116111619106492	-0.00136915965426313	0.000418952820772752	-0.00520516868195384	0.00241060181088602	0.00270632254633147
0.0126426121345224	-0.0208868031700135	0.0133582158738554	0.0106390517915587	0.0199442352432797	0.00720662695689032
0.0121066503944753	-0.000845351522701897	-0.0126405044791859	0.00151937629228372	0.00906778820743763	0.00378318338432683
0.011934115099645	-0.0110919046360687	-0.00121981835002542	-0.0171497380907001	0.0273313208515086	0.0193906457299163
0.0120182890178945	-0.00271678063076959	-0.0156908044228731	0.00637118459715183	0.022449127622203	-2.22802742249097e-05
0.0131051820812676	-0.00701263823181872	0.0162208355876943	-0.0453845554414676	-0.00705782234408417	-0.0166758967130185
0.0153677032841669	-0.0214013379252257	0.0260104011350435	-0.00787447770413208	-0.0164143397205781	0.00206435586432135
0.0131523644738168	0.0158819379755372	0.0113064123006142	-0.026334528876839	0.00417247600409559	0.0140774299673239
0.0125053205525892	0.0176377601196432	0.0128524880537544	-0.00776486403696739	0.00797828326966807	-0.00843227532326199
0.0120178129102783	0.00582330870087553	0.00774817669159426	0.0140205554915022	0.00563886256715667	-0.0169269933881288
0.0122898516867691	0.0117831178554728	0.0123507396185161	0.00698094529226078	0.000288394105234353	-0.0163915629480782
0.0122167263282066	0.0226287699302007	0.011776062803272	0.00453396483006332	0.00138129368794067	-0.00247683976485886
0.0127647423775309	0.0218195288607739	0.00950809575251851	0.0143028091912615	-0.00458404426335702	0.00148795223192324
0.0122904627077431	0.0154245893949106	0.0179756783107199	0.0105012224855455	-0.00451755079479843	-0.0158295996714398
0.0124441653238132	0.0211159110797077	0.0141639688299311	0.0129985734465061	-0.0107777046984935	-0.0133352010595863
0.0124402768829844	0.0155520610760895	0.0133050861155629	0.0117544062185293	-0.0126543684258997	-0.00395136091513011
0.0122787836061237	0.0261843599440991	0.0141844642058698	0.01559960652542	-0.00387111982279531	-0.00722369468902764
0.0124825924071313	0.0236203325744402	0.00825109950287604	0.00906094642095662	-0.0042088424787869	0.00111431805489785
0.0121262228253218	0.020221860155319	0.0071262665489221	0.0116559064884157	0.00066454228223675	-0.0127002297270032
0.012413434520665	0.0180589286191511	0.00304091272540674	0.0103525736025904	0.00929046130783787	-0.00304827603207923
0.0133425364159575	-0.00280342381558564	0.0132700683908872	0.00348970899001461	0.00283681983621406	0.0103064544425199
0.0132886180920291	0.00956210396178898	0.00186034144472994	0.0118691464053545	-0.0137853282481833	0.000797010583116848
0.0130469437170672	3.99205897759496e-05	0.00855514182326702	0.00876995309134714	-0.0043686520743543	0.00311087475607333
0.0148751532296498	-0.0175583452934945	0.0234052416290914	0.00993576762926615	-0.00808667180881338	0.0181517382979429
0.0119553874506002	0.00839853337016985	0.0151367149919857	-0.0190022031325934	0.00140250520563818	-0.0174255655405079
0.0117467412607711	0.0130263947159697	0.000589209953806062	-0.0035620661396424	0.00676892044469662	-0.00112597698645747
0.0122829923360887	0.0167288602079038	-0.00645834823108885	-0.00227509137016874	0.00101506799897641	-0.00154060994531067
0.0125954465331107	-0.00343642599214169	0.00960180368313569	0.0112417309167278	0.0068213024467499	-0.0037949370533615
0.0141828159965356	-0.00668149148360544	0.00830252125395053	0.000515490661281773	-0.0230194686541998	0.0030994176150364
0.0134161999673602	-0.0100884136133249	0.00935834695113317	0.0124193821849092	-0.026453501935129	-0.0116487672690158
0.0128489847772904	0.00126839972394924	0.00519267113635592	0.00197655313360137	-0.0229526237911894	-0.00496887129101863
0.0119325728173614	0.0133329018031957	-0.00627903459443038	0.0169285911294171	0.0178221231563177	-0.0187286701355817
0.0123991867416311	0.0101058729830687	-0.00273117490084115	-0.0089819307018169	-0.00482995902279498	-0.000771864010288121
0.0123714416268523	0.0158440951205134	-0.00621841881243266	-0.00465820376246116	-0.00825092114259854	0.00398483388025245
0.0110270837534771	0.0114083937687964	0.00643049128877086	0.00699148677525413	0.0192237681695664	-0.00885182273640539
0.0115328987701897	0.00782801084717088	0.00330543649770725	0.0156598228222258	0.0104187849075206	-0.00373113813685159
0.0129899421669298	0.00857027407344588	0.00858858751404193	0.00316693699430207	-0.000216657264605338	-0.000109431613316207
0.0138235734827803	-0.018463718885939	0.0326796341995081	0.0207582708212148	0.0214917635862959	0.00228710723480829
0.0127803694947527	0.0186845749442054	0.0161530851242121	-0.0215101458585603	0.0134349846597403	0.00174794733594706
0.0129811736726434	0.0189627218775937	0.0100284366660231	0.00596251561484931	-0.015189631396713	-0.00229024473329086
0.0124438669074201	0.0194129182472305	0.0102115143647842	0.00433877580726777	-0.00653833609497332	-0.00172842895042238
0.0127178237226883	0.0175804799253923	0.0157619619640313	0.0125871136574512	-0.00715936355921406	-0.00180924037474279
0.0119656412539718	0.0184260740237972	0.0158993899667932	0.00919410424495926	-0.0251451646902281	0.00327306648171715
0.0122261634617401	0.0279588164364773	0.0139723319696212	-0.00506560382745011	-0.0141266460356693	-0.0194238809164742
0.0142691848412626	0.00339572099905426	0.0239219048483737	-0.00154292369802454	0.00326675411013096	0.00886389498583151
0.0125752941392606	0.013025263515095	0.0186591857371028	-0.0091927664566999	0.0040862937153966	0.0156123651582765
0.0119853137559569	0.0212264218459709	0.0115301668887742	0.0007077328265323	-0.00717886975579508	-0.00903971262009594
0.0122217898513415	0.0195697431907212	0.00432160425845796	0.000344650412879081	-0.000899476206092813	-0.00479543564304889
0.0139265673892833	0.00937674118768873	0.008017966783415	-0.00527071354465874	-0.00747076358106525	0.0207739427288557
0.0148094993721057	-0.0139170277431708	0.0274705005320807	0.00909129533072512	0.0151702761568271	0.0100760187534588
0.0148179313128774	-0.0222407107893651	0.0304167002037571	0.0201722474920531	0.0197308552305603	0.00305283112048719
0.0132142611729191	0.00102690716173484	0.00775794115722963	0.0115989116055751	-0.000559349837793503	0.00714502344158372
0.011941247003728	0.00705679856526056	0.00159667407985258	0.0199125496796914	0.0100890928407033	-0.00349809931524058
0.0122341692308907	0.00453738814619713	0.0090742553769189	0.0203918632892482	-0.010226523563593	0.00121499406545445
0.0123977865662317	0.00594111441584067	0.0111035494806715	0.00695844548662632	0.00410384505730553	-0.00991942449605784
0.0122402837828215	0.0126009184643075	0.00573581258783381	-0.00848432177387414	0.00376951363617454	-0.0211227468959526
0.0119601022667574	0.0103278402273648	0.00581707549135203	-0.00585412659440565	0.0150891811043571	-0.00434573449523766
0.0127550556910139	0.00881124749837293	0.00286693139276918	-0.00361360670835585	-0.00306294336373715	0.000986872430251336
0.0128932836739284	0.0136797905592952	-0.00215301697718848	-0.00626271673938148	0.000361614729661407	0.0222509108352028
0.0119329878682939	0.0102494355547801	-0.00122296333246281	0.00290589592618395	0.0127451139174094	0.00174588550492613
0.0122095101429363	0.00703274900845976	-0.00215164717190607	0.00214939378646792	0.0105301068963472	0.0162054810669384
0.0122908788207838	0.00572503195013262	0.00202114168697313	-0.0192091608595406	0.00121138432820955	0.00675829481816901
0.0129784122497208	-0.0064883545525356	0.00553187930842739	-0.0168246613562014	0.014197597502186	0.01034965801314
0.0118147395775201	0.00812979939185094	-0.00398198804430619	-0.0147686021864567	-0.0102854098971339	-0.0115324483026935
0.0122344285955916	0.0079003757935825	-0.00726432602594936	-0.00718668326424443	-0.0010288265524945	-0.00168233211413383
0.0121733238748714	0.0035019614995127	-0.00654415512239025	-0.0138987773082221	-0.000688626774314007	0.0129728668569483
0.0110700373231015	-0.00186562412977061	-0.00960949886171731	0.0155209942443478	0.00163367033514795	-0.0147458879708244
0.0114986902340335	-0.00395333019508731	-0.0158393435261009	0.00225625521046057	-0.00230280962348678	-0.00711282404661696
0.0116821028430569	-0.00659231465822796	-0.01586723697563	0.01143779503061	-0.0355522501872818	-0.0128980002632847
0.0132075088164626	-0.0124762041881893	0.00779156156931681	-0.0112709794340557	-0.03169626212151	-0.00471780648959142
0.0114369329665852	-0.0147247815524742	-0.00918542435776857	0.00229334678664333	-0.0168071743536529	-0.017646609190084
0.0118273444137533	-0.00787526092079333	-0.0181464163546712	0.00786633516190361	-0.000531239356604435	-0.00663457403689509
0.0119108115756453	-0.00132952528321017	-0.0235728362657365	-0.0194884453261726	-0.0035682192155033	0.00425503555444569
0.0106395357536738	-0.0143287209947666	-0.0182994250631667	-0.00159086946559756	0.0128308001519809	-0.0246799715262306
0.0113176239288268	-0.00404628708031922	-0.0270586739760493	-0.00396168542640997	-0.00202378496363982	-0.00999212124075378
0.0112554684272609	-0.00663405360559046	-0.0111727982916892	-0.0180186532285434	-0.00721824653864164	-0.00261206322193969
0.0107583276110732	-0.00510053755671379	-0.00980880717237713	-0.0114367356421975	-0.0193673564973541	-0.0460105984871818
0.0109423896869125	-0.00241072629112799	-0.0248435077064034	-0.00606458912274375	-0.00479967759580343	-0.0298566526957212
0.0118655933041096	-0.0358764595682109	0.0177878112620056	-0.0246816463675344	-0.000565177834370092	-0.0316445966190549
0.0131101954491323	-0.0319540258743027	0.00162398618497371	0.0116248405929837	-0.00252968780822032	0.0122216646535213
0.0118664964655388	-0.0128771459145067	-0.0186120642047773	0.0144849956964734	-0.0253976983605897	-0.00255361082315201
0.0124463305617807	-0.0126328045601336	-0.0126405210879213	-0.00451962433623996	-0.0214102173978487	0.0107414977661788
0.0115022700583076	-0.0120042496711752	-0.00940828343317602	-0.00612237448589352	-0.010927387118001	-0.0154516824450371
0.0127806340170368	-0.0154726371272726	0.0109127800217135	-0.0121613544753207	-0.0206303794453007	0.0121443504477679
0.0119816354365707	-0.0168273959031153	-0.00456015964225629	0.0153773226784583	-0.00916257272438113	-0.00972467237087344
0.0129892668091767	-0.0376788784527755	-0.00263366033853881	0.0209905679563449	0.0369389168464009	0.0137508125241924
0.0116107667480952	-0.00310652799584477	-0.0188263031465311	-0.0102107492707747	0.00292309565638754	-0.00761912594099936
0.0122513289101282	-0.00448748016199166	-0.00663263443168412	-0.00649723072092716	-0.00541208202249311	0.00205711280659032
0.0124358370018119	-0.0144310918147951	0.000886781028039745	-6.35263439586172e-05	0.00437108063062526	0.00236713286978124
0.0127937944968208	-0.023383888471574	0.0153527957341754	0.00718415558094284	-0.00461344160972792	-0.0224412187674738
0.0144192814373084	-0.0316697537230139	0.0318901467298238	0.0137733720513155	-0.00818294048967122	0.00360814250540903
0.0124043771856823	-0.00571429823525503	-0.00541644024193244	0.006571048146238	0.00580213664127606	0.00962734792663006
0.0124376574665008	-0.00451899412375992	-0.00617959825802526	0.00200142998003735	0.00322403666606091	0.0080260412461015
0.0127561188261101	-0.0220564727473596	0.0076633088136398	0.018145607185553	0.00349078057539567	0.0113827444217473
0.0121689995076388	-0.00125226273915946	-0.00186232540901551	0.00371497703453902	0.000948557769609314	0.0127584707022077
0.0119429085268442	-0.00222355783945264	-0.00822848008161877	-0.00710915066021532	0.0386546290170907	0.0206113243146713
0.0122030384238263	0.000398843854323669	-0.0122965514397837	0.00411734682573517	0.00968613381643882	0.0172981281476733
0.0118268212033407	-0.000455916935114873	-0.016176184181936	0.00965509542618105	0.00936581399420549	0.0199708110301815
0.0125341539617762	-0.00704150607162808	-0.0125975076316844	0.0188325586987269	0.00116096592778281	0.0121433865744506
0.0124001099432477	-0.00171210594805495	-0.00232278166064963	0.00631796859739419	-0.00661564452439731	-0.00314739020137153
0.0124560699661111	-0.0103239507971387	0.0185656220648272	-0.00387383027077442	0.00479465528852476	-0.017786945535436
0.0126933487992617	-0.00016225901245354	-0.004561444680304	-0.00393496941946768	0.00955905488097228	0.0032737709647128
0.0115954261371656	0.00707717267931278	-0.00964265615713302	0.0118683250241855	0.00397956714850861	0.00307090744878952
0.012333480955586	0.0065857789115722	-0.00332624253116673	0.0150390017478355	-0.0237398928307407	0.000986141025853005
0.0139689312800916	-0.00922525248573837	0.0100062728569697	-0.0023132148231826	-0.00411862850612645	0.0134587973724799
0.011773295544381	0.00326971662221346	-0.0126792245587143	0.0124378427886495	0.00860679609009549	-0.00294786283467105
0.0124428237717183	-0.00881711923638233	-0.00241525199488531	0.00686155935724702	0.0109858620040912	0.0176908228349651
0.0122570857935437	0.000762608710357751	-0.0109230063529512	-0.00572540802257548	0.0100141364652658	0.0192485783176037
0.0119655296172353	-0.00587318117673451	-0.0127116697227662	-0.00818253358938539	0.00512166175325701	0.0131751963850239
0.0117089027257551	-0.00216073088211309	-0.0119206000895199	-0.028397765935502	-0.00350504720292897	0.016703895041499
0.0127118816093815	-0.0209918587845044	0.010287370531477	0.0174647324120399	-0.011635649077254	-0.0185888831563107
0.0115059085902692	-0.000649251209363085	-0.0154294607644876	-0.00869361190882492	0.00537288852109519	-0.0168939129163918
0.0124164276733625	-0.00701826397925998	-0.0163560929716413	0.00924425260841566	-0.0189175967090996	0.00455725925632918
0.0116894200231215	-0.0100362259301159	-0.0076616620233778	-0.0176036147723965	0.00914100856135137	-0.0152257496386987
0.0104748448702124	-0.0202597314322523	-0.0122498725162233	0.0339632079669696	0.0208261969971246	-0.0079984424443612
0.0111027863211943	-0.013833998153655	-0.0137827087871426	-0.000139609409997293	0.0411202784201954	-0.0148112200250068
0.0111436536225294	-0.00954354363794569	-0.022568591018654	-0.000336309542793107	0.0115265494115524	-0.00878799869760691
0.0129920702756551	-0.0122013174766094	-0.0128076990012591	0.00312724741429548	-0.0148015328345791	0.00820630860518162
0.0128501137564543	-0.0155066059157854	-0.0122317628982121	0.00740344574057517	-0.00958275972404551	0.00179158406844597
0.0135001999722659	-0.0255344385213887	0.00154232706376313	0.0231414499118038	-0.00717917326751244	0.00874270751208261
0.0113630847645921	-0.0123920367629563	-0.0208607694889711	-0.00233355763323419	-0.0120356858824513	0.0181199147479368
0.0113641315117804	-0.0122823595964666	-0.0185415693830897	0.00119998904121952	-0.00585558263892628	0.0144711011790868
0.0108125523622389	-0.0121237851280361	-0.0203519859790043	0.00318488784847505	0.0064230228927495	-0.00403218094506169
0.0104191417060038	-0.0188771278189875	-0.0106051670059928	-0.00240945520627908	0.002301238645099	-0.0481366661096235
0.0108627194728522	-0.019306310266367	-0.0140862944842422	-0.0200006113831101	-0.0134952717410093	-0.0218089133837295
0.0117422195495783	-0.0118104840743159	-0.0188575004222494	0.00527313252987074	-0.0178877907921623	0.00984313928645006
0.0119429976719214	-0.0118092605593615	-0.011830067172587	-0.00568380911832991	-0.0176625265933995	-0.0018285478374124
0.011252443045659	-0.0115962880667822	-0.0182576524951203	-0.00771327216523793	-0.00752573181570029	-0.00839739548545128
0.0114830180252303	-0.0123631950773286	-0.0153374712382726	0.00284992195633414	-0.00345097089689211	-0.00896163226837026
0.0114013542145854	-0.0104601187444398	-0.0171808472340362	-0.0052721563909643	-0.0150449016639501	-0.0148230984442987
0.0124260752465768	-0.0119678765269628	-0.00232137801717983	-0.0332946245519438	-0.0232027504760535	-0.0255018139430251
0.0119930085723833	-0.0291520817396871	-0.0153663422379881	0.0148342815959863	0.0264118882024965	0.00833392192893851
0.0121646120409553	-0.0149978684632445	-0.015344284485461	-0.00277190945013263	0.00523439096598046	0.004693780514486
0.0121106002501175	-0.00481615250714817	-0.000730660083103763	-0.00354170666961429	-0.0148096106228693	0.0114853861162918
0.0112776023014232	-0.0134869818327779	-0.00627182557106936	0.000619483251826004	0.0224669594804784	-0.0135122618195089
0.0113838114799505	-0.0112757339898399	-0.00879236235358943	0.0116107940889199	0.00226965590111545	0.0156542498403103
0.011652754694725	-0.00816977878573275	-0.013628919926991	-0.00238489919958107	0.00777456670850247	-0.0119787726067461
0.0149155054516675	-0.0291875752454157	0.00544228021331145	0.019410194356595	0.00478398498393458	0.0177935367059794
0.0124776731845539	0.000384933417477393	-0.0156986861565813	-0.00266393361215311	-0.00186523492692229	0.00855431193335371
0.01212080783666	-0.00530346684830867	-0.00827655865994328	-0.0030824619481206	-0.00333309929669892	-0.000905336336277408
0.0126220370356335	-0.0180221721899151	0.00402652970273452	0.0294500833979561	0.00465898156919076	0.00293251668261063
0.0123560656890851	-0.0162534411915355	-0.00655857942486939	0.0237205639961115	0.0079505725409674	0.0112946683833548
0.0122453671507966	-0.0127040752468703	0.00298457836805405	0.0200519360940707	0.0061214245265299	-0.012169458195634
0.0129341893343783	-0.00534194648804818	-0.0107717187701552	0.0151434910417351	-0.00947415821531814	-0.0147715177700319
0.0126663165988385	-0.0114936413252308	-0.0115058950854031	0.0127801372961383	-0.0146708113944097	0.00470992449153055
0.0126370151543489	-0.011425242022697	-0.00898789402566261	0.0045396150747537	-0.00752146689077996	0.00393147280809664
0.0127047113639586	-0.010872214729992	-0.0171312085578461	0.0162205316959622	0.00269617392224828	-0.0140222036319002
0.0135556080400888	-0.0102113923092146	0.00045043536800775	0.000855787547738432	-0.0202430457965649	-0.011434765169268
0.0131205209713515	0.00574229310435099	-0.0220307278772351	-0.00737894467507011	-0.00728252220822706	0.00805264104230983
0.0133270072992177	-0.000253559083050471	-0.0162704152226447	0.008812599590944	-0.00503501778857972	0.000781349884211014
0.0124624709192749	-0.00235709901585477	-0.00933430389854508	0.0102874765158263	-0.00766628695813891	0.00377939829486903
0.0127852766373705	6.08820028336343e-05	-0.0156846776938623	0.00599897337708767	0.00276847839678197	0.000978184078130194
0.0120286654929175	-0.00513907376255303	-0.00772779675554877	0.0114939473914337	-0.0040202373511485	-0.0195951101604835
0.0095099342330085	-0.0193612911272762	-0.0145285236420928	0.0367783095812572	-0.00468164253609615	-0.0355361228881516
0.00988584785587403	-0.00906937451456648	-0.0104994232267256	0.0123563178978897	0.00917353665292483	0.00821894065566954
0	0	0	0	0	0
0	0	0	0	0	0
0.0114689745473839	-0.0124370456154255	-0.0165031282693906	0.00340590268273779	-0.0101937859225865	-0.0274247044429491
0.0107031130356394	-0.00943254208774253	-0.0170101803581597	0.0110065998812496	-0.017851075502404	0.00361274868334455
0.0115828492604814	-0.0118181247407181	-0.0115901474200619	0.00274614491567579	-0.0093192716854232	-0.0147429723911307
0.0122353397996028	-0.0172734267590702	-0.000441610050274938	-0.00732609673568761	-0.0116694735927378	-0.010343892722566
0.0124997506569692	-0.0192796949689683	0.0108890661089755	-0.00980606718247849	-0.00361015747688398	-0.0266699047886636
0.0132646450150594	-0.023169894832928	0.0170054951163528	0.031295476070784	-0.0311210481097665	-0.00182121768644535
0.0131651743724905	-0.0183196625617204	0.0127339987653677	-0.0210474636847053	0.000165584452844834	0.0178537619205176
0.0127293486074106	-0.0172408124901124	0.00983006079526275	-0.0301821435243378	0.0196294153822785	0.0156399594405173
0.0118886366144132	0.00126118992851374	-0.0189323345963179	0.00107956839626208	0.00224669117353462	0.0166443242951283
0.0119303272165063	-0.00301389376505446	-0.00862488486550532	-0.0144464422860888	-0.0231628287225029	-0.00584161559136907
0.0118761084993279	-0.00333998207291082	-0.00803792074070203	-0.0128336125608878	-0.0240404342400104	-0.00566117549617934
0.0121585068699774	-0.000469694939568831	-0.00788141097140639	0.00101570787225123	0.00301079332254512	0.00352092403530793
0.0117156751818566	0.00163264977752745	-0.0113110775707346	0.00902790426909024	0.011086142588628	0.00066798578962862
0.0121142170147788	-0.00399599205292157	0.00204079713758077	-0.0143967352186928	-0.0143605692289461	-0.0101200444962519
0.0124341298330622	-0.00405271680906547	0.00138485967484813	-0.0142028518710301	-0.00241477738450369	0.00174051903517683
0.0129272291731097	-0.0114754989159571	0.0023315410912166	0.0305694865628187	0.0102213004448339	0.00915582642224947
0.0130459753185723	-0.00904678668853211	-0.00130997506470322	0.0162712533001049	-0.00827541052212384	0.00376427091188619
0.014608744716948	-0.0255685877027376	-0.00592646934582461	0.0298570561061799	0.00843723723951036	0.0207962900303364
0.0123598517550801	0.00812988871467621	-0.0113378257968918	0.00258600583452878	0.00759084881458539	0.000664470420429926
0.0124920542029705	0.014361716764926	0.00337282701466217	-0.0199304902774797	-0.00410549961904483	-0.0104846001308774
0.0126477751338675	0.0127787341801277	-0.00374088596567913	0.00538342378334032	-0.0107992489088709	0.0108321589569074
0.0122366248376746	0.011697624542177	-0.00413366877709621	0.00525196763349359	-0.00614065510255592	-0.00860114756580181
0.0129888007674919	0.00328884835173958	0.0104824787785844	-0.0183972881360169	0.00908880394031193	-0.00785954245276515
0.0146741930628934	-0.01167588075502	0.0180812533059337	-0.00122305830063963	-0.0139104361969007	0.00628596691564677
0.0122750859444867	0.0167602525294392	0.0034798276957233	0.00306265928480738	-0.0124162090345524	0.000992407646155458
0.0121909128762558	0.0201933908523303	0.00720490424246399	0.00245591952646304	-0.0017064496875508	0.00104029728126442
0.0122465743841673	0.0172230628381268	0.0022011291972727	0.0120649821734685	-0.00425415420204735	0.00651617394736225
0.0127520171941731	0.0194717777370094	0.00961746698749372	-0.00435355400687599	-0.0117731774039102	-0.000632788848554219
0.0126235776251306	0.0177945162722938	0.00466119836925893	0.00680274246500594	-0.0125282527408785	0.012596272111664
0.012921493102494	0.0171930959290575	0.00577111657435482	0.00322353978539818	-0.0026838016319872	0.00728926580713646
0.0122986428407528	0.0161888629532798	0.00378800206515558	0.0156715532962391	0.00571491394315843	0.00420382706243328
0.0133724494491575	0.0162981639160455	0.00685685137243473	-0.0164688165696523	-0.0187301165317834	0.00775697903244287
0.0121014757870314	0.0162937713334705	0.00432698073103658	-0.0074874027112346	0.00649646528655927	0.00713672414427566
0.0142858374126757	0.00197541310872911	0.0232653670214229	-0.0233475355040915	-0.0162918615113913	0.0187822425642625
0.0145673522885035	-0.01409558225383	0.0203764267182716	0.00379088918883467	-0.00495690035297387	-0.00242940383634894
0.012469192341301	0.000501505456208743	0.0187414933028393	-0.0270179556723126	-0.00246254102344112	0.00157930108505296
0.012510446219709	0.0142903768908448	0.00337211471859359	-0.0104078570037402	-0.0132795079926981	-0.00135350933370995
0.011854663852856	0.0122285599620436	0.00235603824424652	-0.00227688039123162	0.0238832784135144	-0.00783520410545027
0.0112170746428464	0.0128089098142081	-0.00103065099639782	-0.0013427323855721	0.0048168624537828	-0.00717390814479151
0.0124406884179391	0.00420584121516128	0.00567735797620218	-0.0298470851597453	0.036962382268351	0.00640130552757171
0.0113647886111099	0.010626554900825	-0.0051828670621103	0.000950001649100027	-0.010056196962491	-0.0204129693427385
0.0119473307375537	0.0120915564297113	-0.00394481396867835	-0.00158825300627367	1.99301539048329e-05	-0.0103266030906226
0.00738386254133807	0.0102749877173111	7.70634028455994e-05	-0.0193221695008261	-0.0439864933012181	0.00500528504576411
0.0128219391602405	0.00484499272141279	0.00919109135010989	-0.0173320921775967	0.0184608049600914	0.0210941541835464
0.0120742773040876	0.0148463586980072	-0.00589509033713167	-0.0072885029176104	-0.00149404727777619	0.00574671122214067
0.013947107798338	-0.00724002422901746	0.0131855810522011	-0.00722652642259201	-0.0330572916215524	0.00932294741334199
0.0131528290748466	-0.00255655831627534	0.00868680615018535	0.0020665114412086	-0.0188215406026598	0.00593502076250026
0.0125443991457958	0.0121487961733863	0.00333470405218644	-0.00367041191099557	0.00425610210453583	0.0051893770914274
0.0125841819045224	0.00680368443394184	0.00141371455348561	0.0150766744116505	0.00998329004137519	-0.00406138235318007
0.012464619937345	0.0168815895770133	-0.00486179288701872	0.000761649325524557	-0.0178382302762239	-0.00740538843818964
0.0122937357951688	0.0118429102793789	0.00256949542966069	-0.0104845307813909	-0.00675877903075524	-0.00898260031011727
0.0129448936933569	0.00560843174622502	0.015650223701198	-0.024111453605941	-0.005259419688349	-0.0195425230212138
0.012363235058575	0.0181560512003718	0.00483263488034567	0.0120974104864269	-0.0125235578495941	0.0024857414431098
0.0130068435614601	0.00823443251792607	0.0159525242148059	0.013250037733135	-0.0302171828036717	9.22074436225835e-06
0.0123609471683152	0.0140085372989291	0.0119440763955855	0.0060088246579726	-0.00231977218564125	0.00198981411470159
0.0126064320939774	0.0135730508137668	0.00994159020944995	-0.00424457220752373	-0.000118277677631934	0.00517548191425214
0.0122532403465683	0.0229463075632509	0.00951951522456785	0.00477929719814267	0.000311709794125355	-0.00652851127165621
0.0125838306544781	0.0117449343331793	0.0177231133869629	-0.00733022626978602	-0.00911623107523507	-0.00157292271342675
0.0135431187864045	-0.00374570635768082	0.0264310917398231	-0.000810359965493667	-0.0114627102812338	-0.0114210915106766
0.0123463949729657	0.0155484873951657	0.0188583034040978	-0.00602399841929608	-0.0078180995785667	-0.00500644402513144
0.0140250497450793	-0.00365102084005863	0.0224047875838465	0.00940330328847459	-0.00731813945504585	-0.0112271203406788
0.0141416647713604	-0.013481556414913	0.0286077651224185	0.0100432116497219	0.00601390610537749	-0.00190202505330913
0.0137576893459816	0.00317875377491598	0.0182831547202792	-0.00346299972323676	-0.00442933777013547	0.00541178750919723
0.0126403046678904	0.016921660717747	0.00779219020376569	-0.0054475794577579	0.00205633350694087	0.00949118990425132
0.0118121251117596	0.00509593492593737	0.0207442947263407	-0.00896941351166567	0.00845872726379554	-0.0322872200121702
0.0122902247830696	0.0142293049946754	0.0185436925246235	-0.0119781790778474	-0.00612599891155821	-0.0231107339806485
0.0120656306335622	0.015847141800044	0.00547010663317365	0.00356680604175154	0.00361302600429937	-0.00394346289355444
0.0125164783906574	0.0217667401655354	0.00619414412534442	0.0056480598004744	-0.00852550798780272	-0.00307635879912033
0.0111863859237485	0.0103824699703321	0.00855965837712076	0.0214697555189677	0.00983356695052282	-0.0306180936551437
0.0120600994836537	0.0105873681709256	0.0105518901885551	0.00442595799280184	-0.0033054974666515	-0.00153684419898507
0.0120897908855648	0.0205484829145955	0.00269181117055441	0.00855008417393227	0.000549340733990549	-0.00938008086594262
0.0119598468585258	0.0140347989718609	0.00320547113420539	-0.00147287851259201	0.00755792712580103	-0.00135568414874068
0.0126026324449805	0.0146017363875173	0.00317310172370085	0.00094684519667565	0.00127377337009113	0.00431628724935818
0.0129986732735192	0.0104361748213475	0.00524426428031474	-0.0226140041229336	0.00190068770742934	0.0107309441220394
0.0122737100866312	0.000961711482296576	0.0170141600165236	-0.0305703714301559	0.0331812767612731	0.0109338145186571
0.0111144850293135	0.0019911861099606	0.00846549629278493	-0.000589509103501832	0.01768663153868	-0.0245696384328353
0.0114223265813989	0.00516790315496913	-0.000241432404428291	-0.0028530445568624	0.00545883982209806	-0.0322342848887328
0.0138537246346932	-0.0197421696905761	0.026455889532179	-0.00617711364569287	-0.0100229809356967	-7.9702193797054e-05
0.0136766217017331	-0.021018086680948	0.0246600920471325	-0.00195192473754564	-0.0106433045045601	-0.00618493472740971
0.0121277170532951	0.00436907722954418	-0.00836695440730141	0.0113346375647762	0.0160057880481743	0.00422000904902191
0.0124694199332518	0.0083383216763352	-0.00800299892799792	-0.00344417532263913	-0.00406569673254465	0.0129752396511947
0.0121092456744015	0.009738200650135	-0.00447998586836454	-0.0244494852597014	0.0108789918144953	0.00687846829365504
0.0118424774529941	0.00652279166622722	-0.0045947382428102	-0.0040023273606819	0.0114900111622838	-0.0091858238123365
0.0118530969837819	0.00524779968894444	-0.00755871478355821	0.00291975486305507	-0.0209130970251646	-0.00102990319352998
0.0119202208050618	0.00586757648646136	-0.00139572805533344	0.00146691028807235	-0.0208157356471574	0.00648842926524896
0.0121102184234962	0.00643036280769126	-0.00226881193792543	0.00262220678649128	-0.0145787832697613	0.00559583237759843
0.0122502346618597	-0.00169092402884533	0.0068656546389478	-0.00628157064403508	0.0123091993617024	0.000276941326884706
0.0117873925156003	0.00437487134408512	-0.00449095867140537	0.00602266495756396	0.013559475319578	0.0069366464230473
0.0128868731286928	-0.00500273212731614	-0.000229178724921564	0.0137284876147384	0.00761251953652582	0.0179663154668413
0.0124640860476056	0.00383842993131914	-0.00830050477304592	-0.0020402848796919	0.00580123685303519	0.0195982336929921
0.0125672258791254	0.00613812657388378	-0.0116114426285385	-0.00616453879611129	0.0075958639718497	0.0178080131169916
0.0126607331664395	-0.0162106840119276	0.0131210821964613	-0.00282244727914061	0.0234073535797173	0.0198843430788909
0.01431275408411	-0.0191995553538018	0.0154708174892568	-0.0057720222190449	0.00121973482400205	0.0301760491011409
0.0120906783348011	0.00756750972604439	-0.0138159866235975	-0.0157041598510121	0.00278096105230782	0.0127114823297239
0.01224772452826	0.00348597507214752	-0.0113709662799666	-0.00164759272786507	-0.00225553836650032	0.00642624324958202
0.0119879871011672	-0.00131734105980709	-0.00751810905452733	-0.0195980891215771	0.00629510965860126	0.00105613702210293
0.0116066335688575	0.00149874471370753	-0.0119507872784566	0.0225108768819182	0.00443949813703619	0.00190650828754517
0.0115169496123123	0.000743437297868807	-0.00154112778866423	0.00476333902212077	0.00763137619273935	-0.00654630663448143
0.011678871991785	-0.0037036374645094	-0.00768384118234192	-0.0149127253798511	-0.00522348872615834	0.00631803427638925
0.0113827145386962	-0.00293530092809943	-0.0086340519126164	-0.0111391761851034	-0.0163928027620829	0.00537417848279707
0.0117241158854904	-0.00295476650796835	-0.0155881351855044	-0.0111996295150721	0.00526620170301668	-0.000898357889194731
0.0135836042466999	-0.0158102523050898	-0.0020702448450541	-0.0112650553002162	-0.0206610895909117	0.0183452303621727
0.0127668667880557	-0.0169078491555627	-0.00779295268941498	0.000685975830703607	0.00699138926413614	0.0228716448864282
0.0111463485953149	-0.00554169647787847	-0.0102481625107863	-0.000315106273750948	-0.00154273548785913	-0.00946533530670427
0.0123596646587822	-0.00403326183875552	-0.00244541510678343	-0.0126925383341625	-0.0144001130676588	-0.00307528006079245
0.0115217559535665	-0.0130402884022746	-0.00183125140838434	0.00323953794495727	0.00159988562643284	-0.000472454166920227
0.0114096339891849	-0.006664567086645	-0.0105532989390076	-0.0228284095959473	0.0167103781023326	0.00025963563454756
0.011358770167512	-0.00807757216839624	-0.0170481726346136	0.0218734916440365	-0.00724699133194228	-0.0202768044699805
0.0117873041597977	-0.0100944489830877	-0.0166138356259235	-0.00117849434500106	-0.00489721712148546	-0.00515816555723307
0.0120052816853396	-0.0134307485641135	-0.00843103679441184	0.00201566882160571	-7.62994219597607e-05	0.0118370568141933
0.0116745763053529	-0.00941572424602682	-0.0267308114728251	0.00768425442322719	-0.017695648136833	0.000181418810498037
0.0113949912878597	-0.00979119655933513	-0.0183057769048716	0.00891255966474951	-0.0203408064835683	-0.00144483009657473
0.0127727264406107	-0.00470812302802465	-0.00570491267984324	-0.0177140536716036	-0.0253957436612304	-0.000221649474622207
0.0115351619794336	-0.0150949145090251	-0.00606068243207573	-0.00168332504562261	-0.0339318405274295	-0.0205872131816637
0.0110165979539704	-0.0226514706912831	-0.00847246863853139	-0.0217101846409433	0.0276758314869616	-0.00904051215567475
0.0143308155718593	-0.0372412868282416	0.0156889011304023	0.00813668802644234	0.012916167256882	0.0092986478666745
0.0142900012789119	-0.0387658131989166	0.0159846086519191	0.0101142076400391	0.0140955891600524	0.00685017940415438
0.014288283576361	-0.0386046471620293	0.0157762212543157	0.0104522500283731	0.01247364700054	0.00607262453093922
0.0128664898648008	-0.0301259270928993	0.00486300102316272	-0.0016117982248628	0.0132523817720394	-0.00357937214659031
0.0143378860445975	-0.0364938685706566	0.0136742024675663	0.00579360921691697	0.0140879736590633	0.0067863000899127
0.0142551139862212	-0.0386093238697414	0.0146116717673895	0.00886237011680989	0.0121490534468357	0.00259794129658028
0.0142563552915791	-0.0385303603061366	0.0140763546174215	0.00763765212393865	0.0126000538346739	0.00442030847100654
0.0124693994999528	-0.00954966964212949	-0.0122938393830861	-0.00685861703738782	0.000673433323380847	0.00215448205461698
0.0117065574437327	-0.0132061139131508	-0.01343022686334	-0.00812920026197039	0.00185133863409427	-0.0149648043378418
0.0120606735399329	-0.00447541340402097	-0.0194153763687572	0.00229481811458382	-0.00158007784903987	-0.00602407001355536
0.011754880194332	-0.00700163814298813	-0.014764245003222	-0.00292266894766012	0.00582353402705893	-0.0151052576278915
0.011898629844287	-0.00867552919612748	-0.00915377849475268	-0.0138197870572746	-0.00133983413492913	-0.0195215831085331
0.0117659916244643	-0.00636021533144141	-0.0078201515912938	-0.0170201582345352	-0.00677663182147536	0.00539019075042774
0.0113960039361288	0.00102044381962966	-0.00699332048752906	0.00590967882933158	0.0120048480757611	-0.0183276553103587
0.0114926485558941	-0.00602372935126058	-0.0184133887064196	-0.0159148831646278	0.0119881466499431	-0.0210196377202605
0.0113315103828832	-0.0116011166507467	-0.0033349053310687	-0.0115175302438456	0.00178505710865245	-0.0175356753967082
0.0117909561747565	-0.00956230780876324	-0.00994181283858957	-0.00565040102205286	-0.00469830387687234	-0.0231631654741686
0.0116538902018083	-0.00465905379149836	-0.00938498881386032	-0.00647308796849061	8.25953080773111e-05	-0.010311783542711
0.010628275564848	-0.00115085374318559	-0.00592917744840206	0.00639914463676311	0.000175459130713371	-0.0339881174899244
0.0113111981779037	-0.00670740566205214	-0.0118587386848381	-0.00656662382667276	0.0226241428357382	-0.0112867866340606
0.011277534112323	-0.00908525028611433	-0.016998327085326	0.0117301852130211	0.0108150709808807	-0.0128187922079204
0.0119905409389872	-0.00482678727034081	-0.00873469447422855	-0.0161937468749104	0.000757423983831489	0.00656982033410769
0.0119703788957517	-0.00310638107422891	-0.0108318535216205	-0.00919730653738962	0.038115039794756	0.00461152243741625
0.0127638762014662	0.00558264035260961	-0.0130344864978535	0.00509402870631997	-0.00595398251939887	0.020438105929882
0.0116666389498106	-0.00612280499128723	-0.0117776234728799	-0.0160794451367167	0.0199311301617845	0.00193160951680819
0.0112543172039551	-0.0169452726722153	0.00577710355686189	0.0151425662127448	0.0248326719645335	0.0121208039711006
0.0123414986681912	-0.0117336492124827	0.00442691784885185	-0.00138935819200677	0.00510257153666838	-0.0195475378841776
0.012480982198449	-0.00215469101568347	-0.000470604962957479	-0.00301063638954024	0.010766507630277	-0.000624213838764579
0.0126376735850131	-0.00102592240414989	-0.000938377549907365	-0.00120525018457141	0.00964579617687481	-0.00121588968112415
0.0120697133178239	0.00101651098870239	-0.000163849175841973	-0.0190891723267079	0.00773610528086281	-0.0182665977112841
0.0123930217756407	0.0151235186330636	-0.00823289958008526	-0.00252378917962298	0.00706027618119156	-0.00151283160707281
0.0123280115350007	0.0119988416034286	-0.00490034680219745	-0.00354044916990775	-0.00438635871255112	-0.00612294302922112
0.0121580679547294	-0.00883708463849729	0.00173686045292606	0.0153109218355096	0.0173716592603698	0.0140068710637519
0.0123414481959245	0.00189218453251483	0.0016370939181579	0.0108856002324993	0.00507023948357729	0.00608280694110251
0.011950008002657	0.0098589887593685	-0.00823221768401119	0.00210378581579184	0.000833653196520677	-0.007018648387153
0.0120762282814411	0.0102268173984398	-0.00187167078495915	-0.00875222207925322	0.000890475267510139	-0.00244988267754091
0.0111836425054312	0.0014015018533137	-0.0115422576785139	0.016102112118656	0.00444496166719474	-0.0355802323913677
0.0121883456022728	0.000650410140225488	-0.00360144703920604	-0.00715009622289317	0.00509566182827413	-0.00352473909109419
0.0117949478111957	0.00424311429766165	-0.0114386481856314	0.00432786488438083	0.00507287765599861	0.00479429599949636
0.0116468931468789	-0.00354126133074495	-0.00766233404105061	-0.00628574345767806	0.00866808137598815	-0.00387394434725381
0.0130517908021804	-0.0164608727460998	0.00818951689723785	-0.0146334319740532	0.0136215555458432	0.00166391806364322
0.0127870569590938	-0.0110661458053568	0.00317009122408935	0.000684642079237836	0.0197384715390015	0.0203865871363214
0.0123846235012197	-0.00410678278442371	7.90205234948928e-05	0.010357434538747	-0.00941839290141241	0.00189719256909299
0.0130162137690912	0.00757845177490136	-0.00778176122296307	-0.00767600919966209	-0.0134997723562126	0.0135765508592476
0.0116222806303907	0.00385937430876776	0.00617341854321298	-0.00910745258932778	-0.00946424615836032	-0.00174948804349347
0.0120120985073024	0.00638185274327087	-0.00063335315555943	-0.00887305753083159	0.0166814741320497	-0.00677629175835828
0.01188711709073	0.0137437415496929	-0.00602614163294922	0.00435372972137951	0.00873880194294826	0.0042623824614549
0.0138681026419008	-0.0221955067696062	0.0219696108853458	0.00493706785107001	0.0124186166835243	0.0125187468161149
0.0136806446783394	-0.0174848839992341	0.0196824301793373	-0.00834031900404068	0.0132158852097832	0.00940375904857851
0.0119047590205003	0.00762379415705486	-0.00117372005396459	-0.0017128994831365	0.0304385649247245	-0.00227748163738761
0.0121359058030063	0.00526041098916615	0.00658758863528548	-0.0166514625507062	0.0178361089943725	0.00880885231131804
0.0114800263431648	0.0220539467264504	-0.000285339416349652	-0.00361618038914409	0.0025156935333119	0.00282994616699586
0.0128341418424575	0.00548030582187897	0.00300981520719358	-0.00302272007005711	-0.000686818130027519	0.00299866811089077
0.0122359382288305	0.00589163441372967	0.016539179542576	-0.0330033940112744	-0.00464784987638868	-0.0182932536856808
0.0102921380118449	-0.00118905377477131	0.0364158616269499	-0.00780920423236814	0.00432839677903085	-0.034661391619012
0.0120310338688561	-0.00194310374432882	0.0204874173525826	0.00167548813247036	-0.00308694119604458	-0.0113312241849245
0.0120173985796839	-0.000984381925278005	0.019635013964714	7.71804765840635e-05	-0.00147143193065201	-0.0136221815532279
0.0130097054731689	0.0129813094125512	0.00861177383397089	0.00657087591758105	-0.0022470014926242	0.00959701333991321
0.0135873361805709	0.0018585705652659	0.0152620812972669	0.0244730658006927	0.00680688643583547	0.0100909646932921
0.0128412561129468	0.0212064750257734	0.00497491223616266	-0.0034969084129318	-0.00937522472658638	0.0090901608609996
0.0122754297110783	0.0170268379854187	0.00620413549235703	0.0149753151622867	-0.0101123751595369	-0.0125311315064254
0.013114157493801	0.0023793853473165	0.00721571099981909	-0.00790078040145494	-0.00057288608255498	0.00674604653377667
0.0126715902506334	0.00707015067917435	0.00585076208134641	-0.00869686793742619	-0.00421665028652988	0.00135269512876695
0.012247492572775	0.00870913264750648	-0.00623709309859573	-0.00617362463665827	0.000231614342303987	-0.00129943019708038
0.0121101645159633	0.0101399937415671	-0.00429120561095125	-0.00329671229290769	0.00437725173960278	-0.00226342627111999
0.0117682569905652	0.00501054889175908	-0.00111440180848923	0.0115240087837023	0.00520636799947199	-0.00457809315726258
0.0125492651649271	0.00696922870476389	-0.00805175641397692	-0.00514874001454488	0.005486834163627	0.0195631484456282
0.0124984233285676	0.00881781638770635	-0.0103922676209193	-0.00408506179658615	0.0120865267318321	0.0126730668030625
0.0119230312283765	0.00755151949144404	-0.00551608928786824	-0.00880684224198286	-0.000936778641548521	0.0182661911520329
0.0118795480557258	0.00867683811107932	-0.00895864048772189	0.00230251652551891	0.00379962744395642	0.0167125919086974
0.0116130408789816	0.0044636530615437	-0.00783522760795281	0.00649579787145296	0.0116911414243012	-0.0091713694170341
0.012074873970973	-0.00225655532134227	-0.0050102761807789	-0.00206558799058703	0.00499594556530738	0.00494355400737568
0.0120604183849934	0.00532686313744142	-0.0120329845293896	-0.00427530664398218	-0.00731441778918703	-0.00762254066483913
0.0132126802276719	-0.0128659167002212	0.00404036409388854	0.0216593950272266	-0.0147714164310772	-0.00130429810541593
0.0128588693700253	-0.00952722040064214	-0.00272845196072202	0.0108033252096561	-0.00883328021738201	-0.00166717546169549
0.0116963759296598	0.00191227321534542	-0.00845296197880823	-0.00603754885080115	-0.00452645271219739	0.00448189599688439
0.0126729816147318	0.00182456814634182	-0.0159265233407472	-0.0103593359604957	-0.0178779152662278	0.00928220519523627
0.0122257334195383	0.00299105757644015	-0.0173783938672727	-0.00181483762475695	-0.00904783884904144	0.000491266135822748
0.0132301339286866	-0.00498214205209339	-0.0134335831423263	0.00230876845266756	-0.000107524994417172	0.0244239934703454
0.0114995204438497	-0.00412604939989943	-0.00731949719536356	-0.00682200425364711	0.00519638583596232	0.00487394963583439
0.0115996024617231	-0.00220545510381129	-0.00913031593225771	-0.0139856356621399	0.00649799216406473	-0.00270275404130336
0.0118219417548755	0.00631626172860484	-0.00943940645188864	-0.0137966501497456	0.012668303182266	0.00555942830346115
0.0122851995069149	-0.00044569360857918	-0.00252533459233004	-0.00466552014407513	0.000944143575786075	0.00591744832728541
0.0122546791208893	0.00178131398392687	-0.0135549088070104	0.0045865363929446	-0.00103253427764152	0.00152225709415659
0.0120717191412605	-0.000740967263509606	0.00277454062616647	0.00590741004675033	0.00229311814307568	0.0143058311779824
0.0114705209924273	0.00694355646535683	-0.00910313962499418	0.00434114610665498	0.00278102003948319	-0.0136425204180325
0.0114600212493351	0.0073008192282977	-0.00276077823329847	-0.0046900565440982	-0.00112223156164987	-0.0158996774573834
0.0123515441327148	-0.000158494799332156	-0.00223612362052474	-0.0094952173452768	-0.00591230863644944	-0.007457748022291
0.0116311561566859	0.00801838381889776	-0.00696779803892389	-0.00257966568499295	0.0172440175336188	0.0133302502780966
0.0122052786913224	0.00175635529179867	-0.000197258054677986	-0.0180015099651448	0.0222939156279219	0.00206984897951235
0.0122048141184843	0.00556773902790144	-0.00663216205605236	-0.0111324136395321	0.00503011767260224	0.00833354030149241
0.012064974809057	0.0140651169559812	-0.0171922658410451	-0.00484694643601248	-0.00417777530552154	0.0160342749871468
0.012386727796608	0.00716128029850998	-0.0101519170580433	-0.00680691295540307	-0.00553987495294419	-0.0064918922486206
0.0123949549269416	0.00971031353443389	-0.0147137907192139	-0.00180074500799807	0.0034783906039681	-0.0107933385522409
0.0120461514870992	-0.0038340154072506	-0.0173970216148775	0.0177876149968719	0.0139645756137199	0.0152307281977669
0.0120779528479412	-0.00378665042258918	-0.00884248198627935	0.0118704738726415	-0.00175667928622596	0.0106056392264845
0.0116611879110973	0.00150463397026528	-0.00449723086983716	-0.0105488523515307	0.00630821867492054	-0.00179738856845267
0.0115034633895223	0.00194743461433163	-0.00808766660205488	-0.0139436117682226	0.0142674126487164	-0.00513876912093697
0.0121284494020852	6.01493548336475e-05	-0.0105949242577103	0.00102870421262632	-0.0164478921700021	0.0110021050934082
0.013696162398089	-0.0124588280776089	0.0130882819567257	0.00790455037631155	-0.0105483291923454	0.00205986690459438
0.0117273025736558	-0.0133894293712918	0.00269397605410972	0.0188881180255369	-0.00638521024839621	-0.0135478175193926
0.0120049105238784	0.00141364217397498	-0.0173703204309031	0.0143693860330752	0.00705580325505839	-0.0252704697562707
0.0118767592977783	-0.0141436828671319	-0.0167304789641025	0.0340816867961025	0.00216534743937796	0.00233606328019562
0.0121582610495866	-0.0057340667944181	-0.00902850151407876	-0.0122320015389185	0.0160323186696902	0.0207673718231673
0.0131991136482842	-0.0268388832459676	0.0114881690735425	-0.0158419827784887	0.00473636146485789	0.00343411697489418
0.012531200493968	-0.0116963912650529	0.000472210465844	0.0156695442090441	0.00745854636969628	-0.0114006379033002
0.0120951778162967	-0.0146508591344867	0.00405391635349338	0.00560862097492791	0.00843360425636982	-0.0100791996593319
0.0115439410716115	-0.000768329803397098	-0.00477354608043789	-0.00367653685789324	0.00195401601409386	0.000103343423657681
0.0116674607186221	0.000420638076617722	0.000100497145629084	-0.00337196664613524	0.00215599228731273	-0.0119195602527253
0.0115583569010552	-0.000592637645679779	-0.00508359712069358	-0.0147522900038455	0.0111038181683555	-0.0171781445107631
0.0116069183344372	0.00232930891032145	-0.00779368986379612	0.0108536582985563	0.016922151697233	-0.00836056289335044
0.0119918271123226	0.000806909543697501	0.00330681813451108	0.00274236359557365	-0.00286081852420431	-0.0184608801065315
0.0118430988795195	-0.000323078578614449	-0.0015130063012115	-0.00221643772570987	0.005757789620752	-0.0194359163842954
0.0120571476553572	0.00455522343669519	-0.00842107514271541	0.0143423528906456	0.00533725396859462	-0.00530135353667308
0.0116272120662872	0.00723753276356058	-0.00751495777618069	-0.0222209943313126	0.0026819063664406	0.000939220092342383
0.0118163725891484	0.00503234956533703	-0.00122055170497569	-0.0255061128883151	-0.00634216807782542	0.00322369027651363
0.0121212018881101	0.00371983562039597	-0.0114132915207989	0.00824156239793545	0.0126647420568815	0.00818991651582718
0.0121110379924706	-0.00138899588204016	-0.0106828424902221	0.000122026105867879	0.004923569199231	0.00460398781385168
0.0121594103074828	-0.00170186730125477	-0.0145590394066647	0.00622275832524885	-0.0129744172555653	0.00885503069034412
0.011133839384873	-0.00394153710623409	-0.00974127250963912	0.00510530723370871	0.00324127979394248	-0.0228299090733141
0.0110465360806904	0.00131460355418679	-0.00964360244317242	-0.00069601732433884	0.0118928235288516	-0.0130117370875713
0.0119472450350459	0.00388752906282629	-0.0152581626801357	-0.00681718436077397	0.00574900562056438	-0.00517167408580593
0.0123552905033492	-0.00413280974804417	-0.00108587840720686	-0.00216015167171916	-0.00726312118659182	-0.00906417502653577
0.0125258761371387	-0.00597468232798991	-0.00117208413535546	-0.00659497084005036	-0.0126875802452875	-0.00191507447918085
0.0115643571571716	0.00502338274283557	-0.0139704680323592	0.00807116783995994	0.00310272870701467	-0.0104893313091923
0.0121607167739744	0.00929508230231498	-0.0112029272768389	-0.00511355905447454	0.000193374742135891	0.00836486847452755
0.0112232261882946	0.00158282533112302	-0.0105657762395984	0.00453632360225365	0.0151916564421228	-0.0012782120070009
0.0144505234813465	-0.0147676488156385	0.0253068202738237	-0.00339937452157299	-0.0144250657503828	-0.0050552596073975
0.0143522958339519	-0.024216808662126	0.0368069136518571	0.00866889118730886	-0.00615035419319176	-0.0130741435879648
0.0125030973252874	0.00883423483600077	-0.0100796967892613	-0.00219446678009387	0.0149982729209402	0.0170155895128468
0.0120448027281209	0.0126056918993586	-0.00392316184797667	-0.00428102108708348	0.0170457794618222	-0.0149048672929593
0.0120385667311801	0.0137732146012249	-0.00751862519404155	0.00356614505963783	0.00887024968378537	0.0134594464334732
0.0120453516436898	0.0136532767788944	-0.00758563025739646	0.00414404179519339	0.00897824317476133	0.012874039704576
0.0125021410666434	0.0150204384571792	-0.00150890936214419	0.00480529296395278	0.00909035449734546	0.00661938199229607
0.0123461077259502	0.0158881360272239	-0.00339176593818579	0.00218000425782422	0.000759953361473719	0.00451873548662804
0.0123097932287066	0.0148131233796282	0.00531633492966865	-0.00358126558502791	-0.0111246975998975	0.0182506422008616
0.0123804032421934	0.0147952119791545	0.00327144979484557	-0.0198043656505043	0.010775691617778	0.0120238199029204
0.0122803385187582	0.0128009151566024	0.00904507940072426	-0.0133210701775718	0.0273899971118054	0.00773464449036275
0.0114446218264947	0.0133109054525043	0.003264921036673	0.0149657199462463	0.0171152864397313	-0.0234459065144281
0.0118656088404894	0.0145613074726008	0.00468398747923623	0.0117343648614887	-0.00528707967666284	0.00336010143452023
0.0126082163678229	-0.0197281884531994	0.0269398362511712	-0.0038340870678965	0.0131544148474718	-0.0123961152901601
0.01417424034495	-0.00202079890187942	0.0148186655791892	0.00620401216355001	0.00175755866429459	0.0117901086432244
0.0134712932780405	-0.00479407397035188	0.0106715065620308	0.0169524442761512	0.015281459611987	0.0250035394825812
0.0134946397576074	-0.00282697538319808	0.00953113542234381	0.0179798919312535	0.0147829768087297	0.0280546926088824
0.0122915813975114	0.0112062349030891	0.0105606882336346	0.00932968681903182	-0.00652823076889091	0.00535013711603611
0.0125674111018931	0.0140902704782378	0.00597342353860663	-0.000266997058533678	-0.00616813980727624	-0.0150389436106148
0.0125496719898496	0.00223997613982339	0.00418701184977765	0.000393946616254907	0.0188927830047533	0.00727886514788618
0.0129319621130305	-0.00884969303837393	0.0227414890289181	-0.0181422720465919	-0.0227579624410517	0.001184820189178
0.0129234272946933	0.00714791052374175	-0.000954987392020681	-0.00141150048020173	-0.0165079112111098	0.000783480697353239
0.0111095483803822	0.0091949395466663	0.0029738383968624	0.0118428552456094	0.012078883746148	-0.0209871928935458
0.0112594546082585	0.00959393712916355	-0.000574545899323378	0.00690168665371762	0.010018224494563	-0.0186976867886486
0.0113684096745784	0.00445550662726428	-0.00272347615372404	0.0129477911884921	0.0254877295674561	-0.0245107671680388
0.0114138558056812	0.00883527715997731	-0.00751990897963584	-0.00253875298622897	0.011204250612745	-0.0184899105346815
0.0120002353630637	0.00140566422671802	-0.0160277390718605	-0.00610765119509486	0.0209073512709121	-0.00155538273953928
0.0118733926768487	-0.00244520865038116	0.000727895249782616	-0.00161792989078517	0.00881322539330998	0.00531002314573507
0.0116418110260915	-0.00157984553212949	-0.00454344246479417	-0.00329818258672063	0.0208313485750644	-0.00810958965330595
0.0119246524689988	-0.00357119407851231	-0.00887386908429079	0.00977645790703106	0.00495296660506283	0.00732332288436104
0.0118249419536554	0.00107213017544337	-0.0164199638854348	-0.0116585588790256	0.00596570699751233	-0.00417947419772039
0.011256122281777	0.000490040463315241	-0.0155588467862584	-0.0053619910243506	0.00264909801303373	0.00489866408980457
0.0126930674737886	-0.00100216628666027	-0.0180225637282595	-0.00636104426845278	-0.0163164869554327	0.0185365596326649
0.0120755605499085	0.00429378666900328	-0.0226899480438939	0.000540996399223262	-0.00617499190480257	-0.00771186975973833
0.0119866439281414	-0.00280895087470869	-0.0203722513197658	0.0125521608269141	-0.0110718342177157	0.020086606183633
0.0122655868392969	-0.00228189551793604	-0.0107682605372084	-0.0114890987547254	-0.0129238082914303	-0.0016676764254186
0.0121020178619616	-0.00214299937059243	-0.00952578938478508	-0.0131864245687593	-0.00900765045029197	0.00343988230826064
0.0123215282465564	-0.00645278349454693	-0.00699495074770712	-0.032853586334412	0.00513150875705543	0.0190489543165321
0.0115857434755526	0.00220855304946227	-0.00884462901577349	-0.00507567014679135	-0.00652648502147125	-0.00205315288983357
0.0114856554249046	0.000610701241483165	-0.00954819593921937	-0.0138912589954839	0.0021562498075561	-0.000509130112298908
0.0116897522160797	-0.00848568306414251	-0.00804295273530979	0.0129514759089927	0.0125327450110009	0.00207262020120137
0.0114294835896888	-0.0101238096471733	-0.0104446477702751	-0.00526344165156096	0.0182174079861665	-0.000335756198275158
0.0112850322535041	-0.00625680618808686	-0.0129467115825218	-0.0142384867993904	0.00700209399961432	-0.00664303030533997
0.0121110226700554	-0.00642723470226712	-0.00640900333997279	9.31626654200914e-05	-0.00122692126912781	0.00700396467092733
0.0120160605046568	0.00165666593993508	-0.0134670691563954	0.000190298209476445	0.000694651244906141	0.0010626106987917
0.0125434427228914	4.61408453331083e-05	-0.00463874863808949	-0.00755333019431217	-0.0183495860640317	0.0146461762252267
0.0124738072207311	0.00302317381084571	-0.0118147046689861	0.0104360355073816	-0.00452441731442958	0.00896954071347732
0.0121447135964334	-0.00454179357922869	0.00105088823730658	-0.0206469896576582	0.00396425538620898	-0.0170591822554402
0.0117618146367329	0.00185179356231723	-0.00890444432090289	0.00331561289450657	-0.00442490127981741	0.0014706512241288
0.0124054469959657	-0.0154459283464742	0.00122295705367187	-0.0115628252565592	0.00884385981505139	-0.000477257235082603
0.0122411862401264	-0.0067221647688293	-0.00170907631955337	-0.0308492313783369	-0.00477794166277799	-0.0138147283373935
0.0122470255789334	-0.0116242266520676	0.00410809066368942	0.0109192066911281	0.0119270089777701	-0.037220714014156
0.011611408550329	0.000226664898853058	-0.0158714931216393	0.000788641711628303	-0.000565614736986367	0.000986612594099232
0.0118500408901495	-0.00914112031014974	-0.0142416494653042	-0.00373929320228108	-0.00191235532965081	-0.00635970237854473
0.0119317980106018	-0.00452861441111313	-0.00774231874155816	-0.0230786811983095	0.0147650566228009	0.000266448128447159
0.012242373931658	-0.0100036460199585	0.00106620597931712	-0.0166021054785448	-0.00856292569404701	-0.00354687526755433
0.0119488141465141	-0.0045487407004782	-0.0215608244128821	0.0117572839613188	-0.0167159307573826	0.00221708884686249
0.0111688814764048	-0.00136494078591205	-0.0216265689153624	-0.000228626529917801	0.0105172557127008	0.0109398982862541
0.00992980057080298	-0.0199901732991459	-0.00433512483317116	-0.0040868612973621	0.00691923147930337	-0.0101247643794876
0.0107630446310836	-0.0137157000209359	-0.0236227322722668	0.00525497662264696	-0.00824324126502266	-0.0239832360783209
0.0114423472325787	-0.010351924101454	-0.0243656768837466	0.00339504071099668	-0.0126890083403724	-0.00260669640159792
0.0132343344366056	-0.0150595827184669	0.00230183557972696	0.002947169225325	-0.0133531197320169	0.0034693986362553
0.0131339917467591	-0.0187358565441094	0.00216179646095606	0.00580510480730923	-0.0157407264262238	0.00113526772151481
0.0129960299221621	-0.00984000657532366	-0.0121220492178084	-0.00953375093915672	-0.0177286244295651	0.00161098344769822
0.0131011487222163	-0.00617850855012746	-0.0209510196584848	-0.00932708614933402	-0.0216873643895228	0.00799270024951521
0.0113440018175139	-0.0138113684536027	-0.0159936391003152	0.0171694610130267	-0.0199368139233329	-0.0222871753375998
0.0121427559029352	-0.0164769021080291	-0.0113023256861734	-0.0116639906302592	-0.0195327047671435	-0.0164713501392108
0.012014830267187	-0.0142644649275237	-0.0191956942244821	0.0129124612019667	-0.0131976088299694	-0.0117892451869709
0.0143047109070223	-0.018784298954147	-0.0109441551975723	0.000421496900878761	-0.0167842749969365	-0.0118340343774852
0.0122049116733643	-0.0267195879084336	0.00790030895978509	0.0237428065801608	-0.00189762213170131	-0.0330003922924368
0.0130256150137726	-0.00940632190808608	-0.0133089527152219	0.000370650556333994	-0.00875003035912448	-0.000184052692280552
0.0131726692973572	0.00147208391754593	-0.0241564761477093	0.00145033937045058	0.00734391012923345	0.00461806057669162
0.0136066360877635	0.00575395960104662	-0.0244731750264847	0.0014215596654863	0.00116908248521868	0.011454067092057
0.013349902763293	-0.00127105045971949	-0.0172480139643774	0.0113144009651599	-0.011664961008881	-0.000646741118411569
0.0120473141427391	-0.00458128897049593	-0.00886561057192848	0.00879635253632052	-0.00227367996373851	-0.0166205787818135
0.0133098398782856	0.000699448878458605	-0.0145078248384723	0.0106545970404931	-0.00845060465680806	0.00141887841094234
0.0124464435609438	-0.0153827760095782	-0.0158009859543169	0.0272299917701631	-0.00851915374063443	0.0134717216499593
0.0114266674944204	-0.0121804075006979	-0.0066752526277363	-0.00163316594192076	-0.00567885075264921	-0.0076347819966103
0.0122728509956724	0.00178813456080452	-0.0176557509994208	-0.000172869628169551	0.0029510225624349	0.00108243807181029
0.0122576599693654	0.00168867167122075	-0.0177512229920581	-0.000539284647081166	0.00260057213795102	0.000388002281849736
0.0117731650296433	-0.00245198748427138	-0.0207762193549731	-0.00244030598235883	-0.0205072239945127	-0.00503037382357015
0.0111346709867251	-0.0109099072761561	-0.00871874178844623	0.015052962562189	0.00707769763328002	-0.00857935578461569
0.0124224556099775	-0.0038830446477608	-0.00997360221611888	-0.0125064450260959	-0.00346767750667923	0.00717552917040014
0.012436976692066	-0.00318917527452437	-0.00628978632383266	-0.0261350454665772	-0.00787880266185795	0.00483117343234868
0.0116903018089809	-0.0231481585830594	0.0281941622996864	0.00686898299345224	0.0217064113885845	-0.031222224980336
0.0133357562981257	-0.0110837418288	0.00484423023515384	-0.00214560814321117	-0.019728516275874	0.0112170365674103
0.0115543486425463	-0.0136099740795014	-0.0151436320466262	0.0114831403504724	0.0169794928372319	-0.00571237405729662
0.0115877165332598	-0.00950152125389767	-0.0213689795953114	-0.00854641339395668	0.00908020111577043	0.00750192646429071
0.0116113369336317	-0.00673307367300154	-0.0192428598178065	0.0026929231634031	-0.00818170383099111	-0.00959652756779627
0.0121597134759105	-0.00725295563726281	-0.0256438094795977	0.00723269158741185	-0.00864062321191782	0.00734944902815379
0.0123778265093308	-0.0061627759237636	-0.0177975795499491	0.000579544427367905	-0.0084761774374161	0.0138247810338482
0.0123589636980072	-0.00666279437217594	-0.0181057432312746	0.00198603723084823	-0.00799816657592197	0.0140960390000445
0.0122923519509361	-0.00608173214897963	-0.0139516305025424	0.0149733769171665	-0.0166980887308131	0.00853525402375397
0.0122082909288097	0.00136531162434202	-0.0148076789172545	0.0024324801180595	-0.0132768397517561	-0.00132424939380954
0.0124925579902201	0.00202232790269305	-0.0122623981075341	0.012385591362563	-0.019254950954498	0.00850340897190693
0.0130689691009517	-0.00344674308320204	-0.0105141382766604	0.00316243310888742	-0.0150128646054489	0.0274757982910911
0.0131561205948821	-0.0031550257414851	-0.00975166100163485	-0.000290263545155737	-0.00964923639013058	0.0340900514946908
0.0124035081733724	-0.00350281423498481	-0.00767110398794809	-0.00748202804596015	-0.0021448166024427	-0.000731690716916576
0.0119974542500437	0.00350328655668789	-0.0121983955591533	-0.00259167308083977	0.00616391953495028	0.00956706074957656
0.0117042060268363	0.00148767933089746	-0.00572788315144834	-0.0129880641849294	0.00753826406929787	0.00511975356440747
0.0115672536442504	0.00334028718060349	-0.0130146736145933	0.0198598488138008	0.00822610080055313	-0.00558430193360772
0.0103085544415243	-0.00263054450930276	-0.00249025267788649	0.00884886850380141	0.0262910454150443	-0.023207072148395
0.0118775412271269	0.00488933874566975	-0.00306802295266622	0.0105922980007815	0.0281418050103967	-0.00122601019509303
0.0114712441170225	0.00621476931686374	-0.000852988729464836	0.00933322021825101	0.00729510565704299	0.0241893098335942
0.01218221535471	0.0083644995196529	-0.00903237705745941	0.00883872664052745	-0.00729615666854154	-0.00344809211083682
0.0119962435526236	0.00753896831504545	-0.0118272276085771	0.00871348839385685	-0.000368466959498161	0.00491495778840899
0.0125799553992533	0.0128811015198056	-0.00244043300978249	-0.00985326807928011	-0.00336564993399507	-0.00390563602593348
0.0125821989231744	0.00539403740325932	-0.0017276841402754	-0.00525516962789897	-0.00145068469809837	-0.00121438836224688
0.0126541156890458	0.00585556306308048	-0.00238758062915891	-0.0048991850734617	-0.000740417379805535	-0.00124517456830327
0.0119545082088665	0.0110345279186386	-0.00264187355528718	0.00276797629133499	0.00446240799294953	0.00347131707086898
0.0121880026099939	0.0110881179139656	-0.0019817135538385	-0.00517957994530124	-0.000440832397976735	0.0110759626580785
0.01154417188248	0.00339686213484396	-0.00497737405149701	0.00679742473011039	0.0117555161329733	-0.0098634010064605
0.0116784240552108	0.0110734521552298	-0.00847674922868467	0.00957373395465869	0.0221271719529541	-0.00334464974914853
0.0124530564002638	0.00213929096436666	0.00263306515452756	0.00762792733525917	0.00398783577872884	-0.00147841221744291
0.0136022964098801	0.0112547687917858	0.00136448179912363	-0.0077341547881862	-0.00502397346538101	0.0243211104515768
0.0123896438798699	0.010242133420767	-0.00213522418285806	0.00153243857769947	-0.00762201603299391	0.00411620492951157
0.0122407226563818	0.00142161183029833	0.0106912103473561	-0.00569652743687008	-0.00593426581519816	-0.0074463151534675
0.0127738352913393	0.00266444864125394	0.0175263567693628	-0.0161773773142453	-0.0198961256631128	-0.0114407355440839
0.0127359274347553	-0.000332297474493421	0.0105034367690991	-0.01870972338325	0.00209687823512814	-0.000144227817398783
0.0116847321380199	0.00990828273723892	0.00547498043727452	-0.0012059822009723	0.0226460858718486	-0.00923810873310338
0.0119739662748282	0.0171625589186328	0.00119305152410565	0.00504590446049375	-0.00131112371953554	-0.00523765102553171
0.012443460500088	0.0110134255137477	0.00428675804134245	0.0066769174579291	0.00557754171466259	-0.00103775276395743
0.0124709384679828	0.0183914733084773	-0.00391203213939126	0.00479028750471837	-0.00268911045163907	0.00980569064430192
0.0121291809257607	0.0155376148289173	-0.00564699913391058	0.0003485756794709	0.00312206886403734	0.0013059683869689
0.0118642827708534	0.0167637653897909	0.00235826901382839	-0.00445481169840878	0.010758577333938	0.0126310487572381
0.0118805990394181	0.00695910550428899	-0.00895900736622008	0.0173215362563469	-0.00967131932571522	-0.00875854911062341
0.0122195804505025	0.00366481127077868	0.00292390069869328	0.00567397580626877	-0.0204794359609165	-0.00516432145444628
0.0124455033419434	0.00220329114133119	-0.0101467058386021	0.0122611195049414	-0.00126808043740642	0.0153503260382122
0.0131472587379223	-0.00673493961636528	-8.50321660747378e-05	0.0240345495655276	-0.0192274615308989	-0.0123098598395124
0.0121376652577123	-0.000150648139086766	-0.00266768962799788	-0.00364974696606932	0.0114026529184682	0.0133284330773761
0.0128625804901278	-0.00168852560918956	-0.00167200770411039	-0.00327483857059091	-0.00193320758024611	0.0136364290325624
0.0120143130333102	0.00424173474301189	-0.00747224381089748	0.00821990245317235	0.0156935403321778	-0.0139862913132987
0.0107408200265813	-0.00692376715000092	0.000760568420202762	0.0204449212554816	0.0280758923773534	-0.0103512856672519
0.0119405037161067	-0.00861498993778849	0.0147380351982716	-0.0302869981775692	-0.00260356766668116	-0.00710155679216746
0.0117818476722732	-0.00475981543243215	-0.00170731709829344	-0.010531739355196	0.0145438728785261	-0.0136722526674955
0.0122329170730419	-0.00519872299076078	0.00202608782728251	0.00459939362066828	-0.0118726922558611	0.00275015301944415
0.0117022362376277	-0.00379755662048442	-0.00462745749710648	0.00451893554630754	0.000478628607685147	0.00321818255794589
0.0114676379506137	-0.00343239993283379	-0.0163867407837878	0.00518087102955921	0.00275281125144977	0.00875468787958376
0.0130334257509892	-0.014452035541705	0.00013078261151063	-0.0106276257085659	-0.00489368798075101	0.00790126081433386
0.0127918698260352	-0.00797117523689774	-0.00996133976781764	-0.0143000655485228	-0.0128322497786042	0.0189557719204741
0.0116836557063936	-0.00243045025880096	-0.0162104205913808	-0.0182649479112886	0.0021220012401421	-0.000883310674932649
0.0113891856363045	-0.00577390195210575	-0.00060298736812525	0.000970948924401058	-0.00155508864944577	0.00153317176592307
0.0116007940753518	-0.00117398908098382	-0.015792206460103	-0.0120285659922025	0.00360816281147038	0.00988184288896787
0.0124263493332739	0.00326517877608977	-0.00892838259835199	-0.0122310962694769	-0.00184033138825435	0.0284579418448069
0.0121587014265905	-0.00105560896008887	-0.00533169538815751	-0.00668467220664262	-0.00319407973928455	-0.00983059254485189
0.011552823787353	-0.00492379692641697	-0.00712236098768646	0.0178032595761909	-0.00265210825301052	0.00198007403791264
0.011346036959496	0.00227202052683268	-0.00614840514454114	0.00641991269480931	0.00815890156210653	-0.0266729662899614
0.0118917718242414	0.00157746315465555	-0.00920934651306316	-0.000322838610746756	0.0153916497061457	0.00268217505820838
0.0112540524527325	0.00341547195874768	-0.0153998994438925	-0.0103526183514115	0.00329567618827068	-0.00720910893307032
0.0110632661302779	0.00204217559897332	-0.00790896769701464	-0.0152094775907471	0.00297934682198645	-0.0171805704076419
0.0114648294721676	0.00237632938232101	0.000402318547684593	-0.0027407727197025	0.0195756111822385	-0.00479686826547809
0.011734318261348	0.0017640987585058	-0.00307077723595764	-0.0206405114218021	0.0126050271184536	-0.00453108361322769
0.0121368826336622	0.0129291106154546	-0.0117838421926898	0.00106624996996421	0.0122311316651679	0.00557740308529727
0.0143969740225551	-0.00107545397599465	0.0148256509512376	0.00383344771941423	-0.02374655728885	0.0169244288861629
0.0142835856786665	-0.0187039152085911	0.0374696577797378	-0.00118613791697742	-0.00454141830625805	0.0111902613347479
0.0143221864828994	-0.0185917373317009	0.0370602633995308	-0.00104877570958348	-0.00566558646150522	0.0115875713371823
0.0131870321207709	-0.0115070951239894	0.00570065239172108	0.00286820741259214	0.0111583171772191	0.0202752693615526
0.0121012317764071	0.00636010699653032	-0.00329289322660485	0.00237759068103925	0.00813833312477977	0.0203645599554194
0.0113504385160313	0.00793542970594727	-0.00929076485797379	-0.00189549633891861	0.00724228165676334	0.00415179950752436
0.0116416427976566	0.00188421567099028	-0.00329201593869106	-0.00176067912902764	0.0162509289732411	0.0193800449412239
0.0122060307605381	0.00226784163711806	-0.00383229573048896	-0.00398743345497362	0.00505871986928577	-0.010669648614597
0.0124553256978674	0.00516984659568748	0.00145043373013078	-0.0264316924308715	0.00951249689955738	0.0125664980609171
0.0125889711482595	0.00487419864967828	0.00870791605938636	-0.0267281367526416	-0.00915204679071495	-0.00650202292924257
0.0124508561003785	0.00883432472506405	-0.00541598623375927	-0.0213984557787113	0.00568516343560878	0.00723667042418205
0.0120632423987745	0.00969098726565559	-0.00320527738948136	-0.00766973994501926	0.0163910885531322	0.00721453107573978
0.0123230484794407	0.0137344197725554	-0.0019203466638922	-0.00981923082671218	-0.00421832855980027	0.00615051711571796
0.0121400069278101	0.00856107884218355	-9.18430748753268e-05	0.00952583448124667	-0.0014956793687425	0.010879478981727
0.0127956274117228	0.0155584178823803	0.0043548409269143	0.00024513194904139	-0.00150168881680155	0.020097531483825
0.0128074677210512	0.0166339475839937	0.00636325617603479	0.0161822225707759	-0.023766315972249	0.0208279872009137
0.0123588938545834	0.014507956863896	0.00805412321558491	0.0124785739004554	-0.00673300641269182	0.0150374333335249
0.0128207786643239	0.0192479196556722	0.0033310610392737	0.000967497778119087	-0.000289592184387248	-0.00196954061619164
0.0120786064203878	0.0234730111121814	0.00739882551877056	0.00904662742593135	-0.019670755611279	0.00893652343197338
0.0126918827240597	0.0115547481919371	0.00727294568966062	0.00560811132888692	0.000453347147543549	0.00361433979101254
0.0120524359507526	0.0166271190154387	0.00352862925859113	0.00262286355638551	0.00868163648450567	-0.00800527980594778
0.012369023671863	0.00877004130561605	0.0157187238151459	-0.000722436597734852	0.022524428148943	-0.00686547468131574
0.0123046789516424	0.0145026053476335	0.0120571856377916	0.000326373834956643	0.00591932294081213	-0.0116519256916002
0.012555058739422	0.0130432079624824	0.00735707667134105	0.0296491264264989	2.17601031396886e-05	0.00804735108323533
0.0126931992703554	0.0126740706149934	0.00646312676106036	0.0322559768884442	-0.0017713470994596	0.0054874431111513
0.0126214303565684	0.0183318105657724	0.00587336315752125	-0.000193742030075693	-0.0229856942272966	-0.00579625201111664
0.0126189856890479	0.013616678037634	0.0174482039537191	0.00699983741815542	-0.00350636896942095	0.000573889990488667
0.0116309090752601	0.0122511230805912	0.00856702384448345	-0.00340552168696904	0.0146707155792845	-0.0172845096252553
0.0120122835760998	0.00911837303435747	0.00729667783298446	0.00867245562532989	-0.00384739053444801	-0.00648650350314056
0.0116460797662818	0.0209874619375785	0.000836892816551884	0.00238916018964778	0.0019916860374164	-0.0244117448754882
0.0124430816519261	0.0197750060425743	0.00343843707024502	-0.00428564286280065	-0.00621404081763166	-0.0039837267035625
0.0121675755869018	0.0119793940125439	-0.00277242589227159	-0.00454988246287259	0.0021898454111807	-0.0107911758492672
0.0127200977587047	0.00743046431141855	0.0101978365010007	-0.0159329382900506	0.0084386109549751	0.00324049800749436
0.0118295143836005	0.00908737957069306	0.00572901229452391	0.00280490246975259	0.0150200395314591	-0.00661002192329852
0.0121740006742857	0.0107749976756593	-0.00173980621902685	0.00258744749224798	0.00872713804290959	0.0257959488408544
0.0122650725129784	0.0140575245199274	0.00473029268032878	0.000562877397847225	-0.0103144620928436	0.00318820994184446
0.012464608940331	0.0154916529850651	0.00375188311348017	-0.00346750301332421	-0.00684652468810887	0.00874592014734882
0.0135653260486309	0.00782062017076447	-0.000675719637240914	-0.00807849231907719	-0.0133893976792678	0.000522339763786959
0.0134128448419357	0.00724083790778687	-0.00107506014868901	-0.00698098184908353	-0.00569771887416585	0.00178923846891322
0.012641931265044	0.00942194402266106	0.00373823796738627	-0.00142057740194183	0.0229872850023941	0.0138209683938903
0.0123473881753543	0.00911569151281914	0.00206410745369519	-0.0100426982919949	0.00206202364580581	0.0080573509475821
0.0127570152865233	0.0112595462045575	-0.00560772404555612	0.0191917913823386	-0.0121761714736474	0.00715813944550573
0.0127505161317301	0.00954935368230018	0.000577034325175126	-0.00378559389225027	0.0185114608808455	-0.0030688425819977
0.013269979515709	0.00281280054213774	0.00802615733421447	-0.0153886537721646	-0.00749549018154699	0.0151209670952391
0.0125912037125556	-0.00825961044174854	0.016282187177454	0.0150221053286826	0.00375172161076694	0.00354657331093035
0.013452438818046	-0.00246524996158728	0.0139786227969732	0.00652463775253603	-0.00241910005753505	0.0135184962652474
0.0139816607644551	-0.000632750916099102	0.0209133908959803	-0.00992267701251102	-0.015297729911367	0.00156902110642252
0.0150091313549268	-0.0268942643089257	0.0289529397180591	0.00351439011957939	-0.00107451938430736	-0.0041833602505862
0.0132915038456351	-0.0200930568070265	0.0399607874720227	0.00474134429553716	-0.00453892881781935	0.000546806606114722
0.0136199201610873	-0.0268722921329661	0.00724655526482506	0.0324205332632211	0.0205574749401233	0.0222764181651816
0.0136553845452337	-0.00386470098784485	0.0136453357472186	-0.0175297316045453	0.00366731313987709	0.00163403968443426
0.0121977312783893	0.00565342879669195	0.00497365277770521	-0.0259517389477134	0.00900984660161925	-0.00255249865676598
0.0132936680800855	-0.00575775108710619	0.00585667913359665	-0.00871399705105251	-0.017343633243463	-0.00638271295400001
0.0130158716321423	-0.00913892599490228	0.0167398019092686	-0.00820637717490347	-0.0168834032336589	-0.00666655726163627
0.0122194004603354	-0.00193024292860009	0.00354470675074712	0.0175680781424735	0.00681888373783192	-0.00459719669264453
0.0119538746842678	0.00165208278053119	-0.00643061395562587	0.0109435452191985	0.00349526520396214	-0.00322462204646106
0.0123014510026806	-0.00273883004831527	-0.00785920207914904	-0.0202729251559786	0.00513645910925715	0.0067103925034735
0.0122541931844772	-0.00316559393633517	-0.00570372401158228	-0.0227016795519484	0.00366905088602028	0.00872415732890952
0.0132655923905741	-0.0150412809406637	0.00585763536726229	-0.00526504447894981	-0.0215955945917083	0.00507653834562392
0.012704898970954	-0.0124854332451536	0.00057090957923564	0.00518675454453763	-0.00253977447005719	0.000472053773788048
0.0126957740283447	-0.0105437514238662	-0.00069109552986567	0.00361997880402048	0.000276774645060648	0.0126086577570938
0.0121009581305078	0.00105233639093972	-0.0125854961087919	-0.00892950645467897	-0.00878559498606013	0.00914968560510151
0.0123540003060937	-0.000796903935516672	-0.0140882368875587	-0.00905429401989128	-0.00587235332896581	0.00749263700647281
0.0125077736809401	0.00358704794809953	-0.0176463830735355	-0.00830036562017893	-0.00509045425121804	0.0162240505826113
0.0123746769155833	0.0022865691598933	-0.0167550708236502	-0.0103545914189931	-0.00467275493162984	0.00231839982940601
0.0123714492212804	-0.00614818025574651	-0.000882623682202825	-0.0158996683436255	-0.010163834101732	0.023255060783124
0.0120505500385042	-0.00334739817246673	-0.0120657248622017	-0.0125896967190392	-0.00824256660672478	0.0126815652883086
0.0111085628836979	-0.00972888866990611	-0.0222954624642045	0.00428449345539345	0.0131514034644467	-0.0186582655376457
0.0119696183587763	-0.00706817192610559	-0.0159036154683539	-0.00363499097633998	0.0141134286633829	0.00972854656209339
0.0113487088500678	-0.00658120671661008	-0.0175065329108281	-0.000706102779599452	0.000325562273565072	-0.0119284892669576
0.0108828525803173	-0.00642178234469154	-0.0136884693084925	0.00994805731933434	0.0141027818354509	-0.0156483428616375
0.0121551319911174	-0.0123283762022567	-0.0106073452937354	0.0148118535438262	-0.00969075164694164	0.0110773770926403
0.0126714529661469	-0.0197226764400198	0.0010692965066435	0.00360352113529508	0.00566101365026304	0.0184356574033223
0.0118820992624725	-0.0292179608439171	0.00510412685813435	-0.00365876115483996	0.0119534597252771	0.00299098532087406
0.0114368142584014	-0.00161500760776651	-0.0179226414832754	0.0158674884523494	0.023853902429518	-0.00497086892279231
0.0116358190663485	-0.00165949418749843	-0.0166061707812454	-0.00791039687468378	0.0129671950358141	-0.0001832075357835
0.011655913882453	-0.0015221358251769	-0.00901189390529076	-0.00759588585398176	-0.0121519239001122	-0.00914344887006595
0.0117843506362897	-0.000510543737915152	-0.00880753557842677	-0.00591298236106023	-0.0116612920342269	-0.00541743051387758
0.0113609563987119	0.00212023038842464	-0.0108022799582286	0.0015299056335225	0.00987925905366856	-0.000278348335745107
0.0119163320703131	0.00369667574253623	-0.00707825338579261	-0.0029341867891703	0.0341282253371702	0.0117282206019092
0.0118335151495388	0.00434534933886699	-0.00131350477609322	-0.0137243623719579	0.0182668002354658	-0.00704260795967829
0.0121145208516649	0.0101404322856385	-0.00802813850198049	-0.000161823149552456	-0.00300884834889685	-0.0116843586544833
0.0115746939495914	0.0105854447237779	-0.00886924765223994	-0.000421086385043343	0.020523382385681	0.0104132157559468
0.0129404993357375	0.00740081917241249	0.00131615168239903	-0.0114881358995215	-0.0118244604039712	0.0113266109983061
0.0127369416352442	0.00297007422405701	0.0105368890020888	-0.015078498897203	-0.00864983539604231	0.00566338696431863
0.0123615779706249	0.0115773335659284	0.000178511886639703	-0.00450724052358619	-0.00564164695848587	0.00354410687610043
0.0118398516155393	0.0097028098768779	-0.00356871280617698	-0.0164689647458154	0.00237660996604394	0.00912658042739363
0.0119116992050289	0.0104618822506966	-0.00535355174710568	-0.0124355640272187	0.00998830591714542	0.0117633029868206
0.0117337906582552	0.0134271394310464	-0.0133920993610372	0.00263302532599353	0.00757084236654138	-0.00758833037831857
0.0121736483550792	0.0104052568676513	-0.00756091053228806	-0.0052810061691312	0.00789403034476534	-9.94674054540217e-05
0.0113074824796472	0.00274939452710313	-0.00352406344745364	0.004844370702862	0.0276132807638063	-0.0188249466809732
0.0121333980607679	0.00701050479209843	-0.0128844836938471	0.000405069895373392	-0.0070132551460264	-0.00398352575756569
0.0123457664720189	0.0111292756433753	-0.00653478561306272	0.00234565562107033	-0.00807943762730775	-0.00636103267992514
0.0129325960802672	0.00176907074073325	0.00308702975211268	-0.000629491737616851	-0.0221909652167094	0.00359390348168897
0.0124094714919145	0.00989519073380543	-0.00597824897447944	-0.00749498551885897	-0.0139327827024256	0.0120689602361035
0.0128745715718087	0.0116189716222345	0.0060942455817138	-0.00641651796842384	-0.00530531445517355	0.0125138083386928
0.0119997383531572	0.0158663484713557	0.00329766207792249	0.0103451590263788	0.00671766038319516	-0.0127792933658245
0.0126120604324867	0.0199489039410396	0.00265754334268493	-0.00119101211019748	-0.00600499407150398	-0.0119994196763324
0.0137133880645045	-0.00793326770417461	0.0222421098300638	0.00696719665274565	-0.0181401774724629	0.0044671685594738
0.0129015253059955	0.0115165241344667	0.0103959062303649	0.00938119008860144	-0.00745536195180374	0.0110692673226328
0.0124933966449713	0.0196852674707064	0.00931049027939646	0.00547920111649714	-0.0118109995240808	0.00779175676502863
0.0127900555443142	0.0197555350901805	0.0124068650831849	-0.0118130096734819	-0.00550009501022145	0.0078831368972876
0.0136719217643563	-0.00624989349012983	0.02500273290742	0.031990728617109	-0.00345048324864627	-0.00570824179785696
0.0126557866068112	0.0148308631273178	0.0129869503005301	0.00219717501175583	-0.00341192024135552	0.00171935566134996
0.0129665836479746	0.0260617976366716	0.0116220896147187	0.012629483334964	-0.0163527225977458	0.00207163607255883
0.0130398115545989	0.0259305161548384	0.00994191142519071	0.0126347994880478	-0.0274975614298288	0.00489719683459768
0.0124964570160061	0.0209548583651459	0.014971963406811	-0.00621342369701143	-0.00429195798017356	-0.0101587927810174
0.012807005992488	0.0151798584784835	0.00945041802236424	0.014966764988871	-0.00428885010729611	-0.00246879570540116
0.0126035651970351	0.0151965511922034	0.0092440963124222	0.0178432400094565	0.00170237090269732	-0.00707952234158861
0.0123405838078782	0.0170456025002375	0.0120072358270536	0.0127485797632976	-0.0037676761142023	-0.00972935145328426
0.0125528959203041	0.0191027403107024	0.0112303627547599	-0.00662413471523402	0.00716745577694785	0.00409970781614877
0.012350102326794	0.0166854612259134	0.0104714260353606	-0.000354207551529038	-0.00673252081065319	-0.00141487403782129
0.0128411824863627	0.0168240209394735	0.0177758797074262	0.0122982827209985	-0.00863512043773941	-0.00583314431126995
0.0123333719044767	0.0242856670776564	0.00654170166746924	-0.00554799150091562	-0.00566514490510468	-0.0148571434298821
0.0128685411117315	0.0191002497697386	0.0128378942574926	0.00985261277714087	-0.00176594830461285	0.0147089646938325
0.0123243690132253	0.0234201594034595	0.00810701171780459	0.0117666590732716	-0.00106751698470872	-0.0269813805505129
0.0116903175901234	0.0144501842973476	0.0137177967954839	-0.00767026374975196	0.00923376588931771	-0.00917491399285002
0.0131073562414456	0.0230821143494773	0.00161824136806166	-0.00809166504413219	-0.0150763716425867	0.00540761554188504
0.0122869660310678	0.0185793450757129	-0.000319961941393454	-0.00694322725664488	0.00168129481452309	0.0101879371881606
0.0121206518606493	0.0178779046235497	-1.31076691681827e-06	-0.00428176674841852	0.0051135957218013	-0.0151385036948153
0.0123222244080937	0.0188006724234269	-0.00386414793742578	-0.00397300945317184	0.00264665160481912	-0.00998600727471098
0.0117253879211958	0.01182245767095	-0.00629135549857959	0.0128849218598197	0.00223417831521931	-0.00683140790830502
0.0125077310009934	0.014714382543531	0.000658044013043266	-0.0214694607433276	0.00798359723102578	0.00862493664691212
0.0125340595394581	0.00990185428795334	-0.00210594010047731	-0.0213924287365053	0.0255347924195696	0.0167531123288318
0.0125973621907193	-0.00734001000955555	0.00137523029143225	0.0162295565480529	-0.0052221569139395	-0.0036737029429507
0.0128783692141466	0.00430822534619285	-0.010818271958726	0.00541122727399769	-0.00115102631289926	0.00102594781924591
0.0146218676563229	-0.0259220684701927	0.0247938012788714	-0.00555105666502883	-0.00103045050139948	0.00837736635399271
0.0130482925914732	-0.0234511092479485	0.0308502234399135	-0.00314142245449185	0.0147971313321418	-0.0051313564082206
0.0134655741480248	-0.0298319344054456	0.01273352104906	0.0317586716817679	0.0153180033843215	0.0135361000953298
0.0142839061645132	-0.0332618530460261	0.0116963610973844	0.0250653466903751	0.014628665601066	0.0055248927857607
0.0127222625790358	0.00484340139109199	0.000190023308120651	-0.000171225466866948	-0.00840169840427976	-0.00516332793007421
0.0131320896057546	0.00474782603325337	0.00346848480037832	-0.00195656213839909	-0.0134433089709303	0.00763651697086252
0.0120519260791149	0.0252451551960483	-0.00241904913802191	-0.014264759162012	0.00181684938887474	-0.00318980357036787
0.0119722994565266	0.017056627376268	0.0056162381246852	0.0128598555145357	0.00913647203445599	-0.0180583137482673
0.0116261274503722	0.0150071722835039	-0.00224263479106346	0.00193294397586451	0.00400558363328376	0.0108983035634054
0.0125875785156772	0.0246019011845828	0.00523697098754934	-0.00645013207290523	-0.00813310202044509	0.00428599727797422
0.0122709924488982	0.0179824416468626	0.0106610616477509	0.000912820249868453	-0.00772029276749683	0.00192887989156157
0.0131161376495538	0.0145040588841241	0.0121994090056829	-0.00651224495861562	-0.00124509840338961	0.0247882001335968
0.0130719201269238	0.0199334464066702	0.00767420022367278	-0.0101773022609414	-0.00399464381418308	0.0188776778671469
0.0125936965605479	0.0221331376723899	0.000910959309697786	-0.00115398847042831	-0.00183789967032949	0.000396992604730232
0.0120743965076948	0.0242108289575498	0.0106371408466433	0.00153387970944722	0.0131463231179315	-0.0310965123505345
0.0125680017786909	0.0211099989452749	0.00846432615437516	-0.0106745843523142	0.00399938853662284	0.00193270491230003
0.0125135817088592	0.0228467198242042	0.00775454049924698	-0.00611356246784216	0.0116919050529784	0.00384965451161582
0.0124995119526504	0.0191268412541371	0.0101216952097427	-0.00389931753403104	0.00389175346058875	0.0132196800935656
0.012986413732916	0.0228935450074599	0.0220161344404454	-0.0256301350374861	-0.0251524043081595	-0.019719667188079
0.0125269915500974	0.0205031898596305	0.0160313434648214	-0.00739842024594705	-0.0132450372804085	-0.00643313566663145
0.0128855616642679	0.0158191051907534	0.0302763851173305	-0.0155353055551718	-0.0130038117176029	-0.0154238179946369
0.0127763832747278	0.0199487700631895	0.0227884845087205	-0.00113573186297441	-0.0162013635218351	-0.0238138584854246
0.0124031844465859	0.0195855919373989	0.0270892399142035	-0.00878388789635486	-0.0185680972510472	-0.0122791994707805
0.0130764417625934	0.0204288717138697	0.021738469132427	-0.0140737280684321	-0.0121538371129535	0.0142751870897324
0.0149713921844848	0.00125407562182859	0.0248628127104823	-0.00661396686954191	-0.030855379030801	-0.00323458449839184
0.0125305931418638	0.0220623164096011	0.00436255071023034	0.0151017120888795	-0.011326559479802	0.010553830592375
0.0126390996726401	0.0234341030110934	0.00712848486029629	0.000444602944769093	-0.00787022850836517	-0.00367508302781378
0.0131919343357555	0.0134505175899771	0.00158753213770312	0.015170478790749	-0.00810386016963338	0.0088561326710215
0.0135938329962879	0.0178229330079524	-0.0020253271787176	0.0157152182947137	0.0011095791853365	0.0253338285443908
0.0135491726837871	0.0178743550759842	-0.00158216863521483	0.0154468270801028	0.00341440959803119	0.0249351678681265
0.0127412046390183	0.0143413750929774	0.00235305417252925	0.0179840964212959	-0.0102867985489483	0.012061286953483
0.0139812326379374	-0.00328645918570286	0.0180641074245899	-0.00631114210035446	0.0134664846377711	0.0268237641920926
0.0124508075300372	0.00796621164196512	-0.00388881240374694	0.00284328012866597	0.00440381580449722	-0.000154826135921581
0.0120000123472922	-0.00154051135450908	-0.0118861235378909	0.001761649269992	0.00816920883056611	0.00357729788032343
0.0123401300594032	0.0024247035099978	-0.0070052191953121	-0.00200258088323802	0.00303012177569468	0.00702016349544573
0.012504382985845	0.00705993809976269	0.00314263492863127	-0.0149609398214486	0.000799222560856994	-0.00140727342279335
0.0120036249234387	0.000568221637054501	-0.00516919702006008	0.00416947287138489	-0.0111780498549286	-0.016019400905686
0.0132795023605154	0.00180606958701292	-0.0170866650108605	0.0101724851908517	0.00160494243020667	-0.00392038802957092
0.0124402164521983	-0.0136076653454785	-0.0177522315024836	0.0194266925417384	-0.00291095306647425	0.00685436167805895
0.0110912787461719	-0.0135203145300501	-0.0083220760857414	0.0129178456746537	-0.0019433803548425	-0.00259051558143723
0.0110315557078404	-0.0135521369621222	-0.00725230139799827	0.00988434065097709	-0.004000114159409	-0.000873471152456833
0.0113669453726673	-0.0100298600872298	-0.00762332341192057	-0.00778150412042319	-0.0061352032769951	0.00232906709741314
0.0122304482511417	0.00159395719958923	-0.0164127572882283	0.00852644065166718	0.000463703930549937	-0.00821765478328193
0.0122287829715901	0.00114585892242239	-0.0161843124554111	0.00837444427844125	0.000485389560139227	-0.00807278658873409
0.0118356519996359	-0.00126248677705483	-0.0154880458259588	-0.000604915653599249	0.0166770884767104	0.00045875183789147
0.0117581091060357	-0.0129795895823993	-0.0161856300472326	0.0209301981781037	0.00728605342123497	-0.00473961342347535
0.0121808410308018	-0.00476138239167529	-0.0137166296796986	0.0076671247745551	-0.00589837746336393	-0.00354201037178807
0.0121872326605932	-0.00235555448097792	-0.0180112302731752	0.0076303504708738	-0.00295769437947026	-0.00135218349195231
0.011845389164836	2.71424094191266e-05	-0.0172881106517827	-0.000433677260930132	-0.00669516458326765	-0.00897457243487963
0.0119096230759752	-0.00283929804161785	-0.0185925545572561	-0.00720019259325803	-0.00140250866930289	-0.000507300339518799
0.0117518012442835	-0.000872020703809164	-0.0274978015393581	-0.000953862271439409	0.00442532417912934	0.0001820244083628
0.0128245242141376	-0.0171414310335227	0.00855432193912709	-0.029619317535542	-0.0125598317401689	-0.000643524767503744
0.0142661435881742	-0.0305228244081968	0.0180285859859932	-0.020626194727905	-0.0223478401229421	-0.00180385810474258
0.0149232340662153	-0.0314193897428238	0.0211432150657789	-0.016558035848128	-0.0190544649043191	0.0118389331229633
0.0113549643476265	-0.00444792845963882	-0.015270215971589	-0.0057286223184192	0.0298200242670532	0.011189702689831
0.0111721961203861	-0.00753500564668544	-0.00751168185735787	-0.00306668601906425	0.0137760872548277	-0.020612814745063
0.0110027910989622	-0.00361578608664039	-0.014070621216176	-0.00290764694633012	0.00141419763440927	0.0114612280596905
0.0125223962168272	0.000504120633390342	-0.0106976282781828	-0.0137042534004395	-0.00699054502010805	0.0107413924623055
0.0112255229731218	-0.00012758521899366	-0.0151864677209437	0.00809551049511296	-0.00590244162575673	0.000978207980916139
0.011020259398504	0.00223914721840829	-0.00469971627323707	0.00590877412890429	0.0179899677142651	-0.0262058907854309
0.0116207584496187	0.00297268510592826	-0.008945691956276	0.000918537900886085	0.0112594943402887	0.00422510232908648
0.0114451474985387	0.00325756836242666	-0.00742683551429869	-0.00541819015824204	0.00325138843153276	-0.0271648719006518
0.0115289193666571	0.00343973514725943	-0.00618956186626703	-0.00839521227758525	-0.013220747355393	-0.00265684574472707
0.0117211362678559	-0.0118520340348664	0.0113735807064094	-0.012827462183171	0.022517591476003	-0.00561975208209132
0.0128114444546147	-0.0120838298631521	-0.00104832094642431	0.00229769037122651	-0.00980917693286069	0.0156052353615945
0.0121022514244579	0.00135606817692671	-0.00316674387450291	0.00134249447664916	0.0132949277069422	0.000601570886291968
0.0122848563908963	0.0128168287603723	-0.00254292451020917	-0.00456336026684664	0.0193535387442665	0.00752169057473991
0.0116390221146477	0.013256281437583	-0.0096154880498336	0.0116249317152046	0.00566484545473847	-0.00916873349108393
0.0127500355908657	-0.00780158014140038	0.0149412382436546	0.012888782066416	0.00320046840384383	0.0101674999134391
0.0123575476340117	0.0111452230736349	-0.00824644962756568	-0.00585385475463439	-0.00748658947683975	0.00577170283494964
0.0122665388339236	0.0093343894693515	-0.00523478156867541	-0.00839443329428982	-0.0166365086201875	0.00545918988808048
0.0120315075835826	0.00832743207141153	0.000585345855144968	-0.00313207427303177	0.00766450326759248	-0.00136408791929633
0.0119456574666089	0.00960432938507411	-0.00501325865355268	0.00679924906711944	-0.000704001714715976	-0.011621439947639
0.0120287602713874	-0.00637894703417518	0.025329614781532	-0.0303374517088499	0.00177958913338058	-0.0275530519582588
0.0125338153462488	0.000592000091533194	0.0113772756015701	-0.0248662367895417	0.0017200398725981	-0.000890433389726646
0.0121370958510768	0.000781098153035262	0.00794710430872933	-0.0202550310019205	0.00776260000033369	-0.0146322073657462
0.0119260155069589	0.00107890458909213	0.00524204883791248	-0.0175227860573126	0.00602230923397555	-0.00979561911284563
0.0122035215883241	0.0135816851011455	-0.00312570471098128	-0.00311847427106008	-0.00831612641882381	-0.00877152359706484
0.0128281708214689	-0.00131369265222894	0.0065126005738086	-0.00599296798976523	-0.0168557290120415	-0.00476464329222547
0.0122713261961938	0.00849343077807816	-0.00816497749698465	0.002471184876608	-0.00387891133738037	-0.00640096470066434
0.0124271278454197	0.000984804779985779	-0.00334469679854221	0.00841569052538024	-0.0127639655597938	0.00784299071433512
0.0121696747191607	0.0104035553707316	-0.00596980895428576	0.00755150438696456	-0.00525419544498387	-0.0106062780851545
0.0114095417302332	0.00709322764072358	0.00170934536052947	0.00723875940248136	0.0158221662497147	0.00319011295303246
0.0117365524477155	0.0120048861859546	-0.00281656030324389	-0.00335597647978008	0.0182752631105944	0.0110430712058371
0.0117876235432606	0.0117284413733824	-0.00197657233053662	0.0089122717873201	0.017498537734329	0.0171626489010617
0.0117340029903861	0.0123721824617688	-0.00538463676335704	-2.1620736144866e-05	0.00231137922623461	-0.00708237777051107
0.0121337028543473	0.0122517280966636	-0.00610609225952642	0.015299889302294	0.00884844339270543	0.0135770161674436
0.0132126745544014	-0.00205511824410865	0.011121473260344	-0.0131918774108546	0.0113852289589438	-0.0095417157416868
0.01277739550659	0.0139562815419229	-0.00250127994211809	0.00467892193383729	-0.0112729029315314	0.00023632539600256
0.0117160180020228	0.00433407616329965	0.0191048966144761	-0.0274069642995767	0.00807782504299445	-0.0412563756891918
0.0124805419222522	0.00858157029598104	0.00367787049277008	-0.00514579992479637	0.00329822031120829	-0.00765742938115719
0.0122276787635332	0.0123775908532937	0.0082699728651679	0.00885164589561003	-0.00755466522876411	-0.000816718868086638
0.0128021605389871	0.0133598706707322	-0.00306510285655907	0.0117733785249873	-0.00226141392060311	0.0165602188483444
0.0124849741728869	0.0192504742999534	0.00085885959648578	0.010178471631462	-0.00262001165954422	-0.00435131931252942
0.0129535894955049	0.00247074593929258	0.0035613262305072	-0.00132384384222254	-0.0130556953432155	0.00283845942709472
0.0119547487231327	0.00709849054367764	0.00568462358116266	-0.00610707396039934	-0.00257130491310248	-0.00834762169533879
0.012257560893648	0.0136935909156648	0.00383268369279187	-0.00932688084189285	0.000550007920558131	-0.000365928489405092
0.0126038859591386	0.0100855192872728	0.000264266920021412	0.00544918116727765	-0.0113975475775712	-0.0104202596369894
0.0108024584326345	0.00496822261469969	0.0100779631646314	0.0293898369395233	-0.0223740883985274	-0.0222739783824747
0.0122914841554192	0.00990799633095425	0.00469739187508998	0.00498098726749436	0.0115200371554473	0.00896305154126248
0.0122273567579133	0.00315610648282557	-0.00377897374225746	0.0311694305344041	0.00489984841425843	0.0213065338077423
0.0124579612160861	0.00496273845227684	-0.00779806644600366	0.00979724178695358	0.0018440103586425	0.0219459795474154
0.0122062312107666	-0.00525168750341804	-0.000304068892617345	-0.000636514800370798	-0.00166109913097901	-0.00662235604181439
0.012166567238919	-0.00934080899946912	-0.00279938171632179	0.0205116507596826	-0.000509104774759086	0.00948688857883055
0.0134700594019994	-0.0110954066023323	0.00890134477538455	-0.0164696078409725	-0.0221699210210314	0.0157919226486668
0.0131131714138	-0.0273352022418391	0.00932318206906901	0.01343509034325	-0.00753371696583733	-0.00376474450208624
0.0132350666671517	-0.00827264995091739	0.00700607617155218	-0.016762956237225	-0.0124185227138571	0.00413945847464001
0.0118033095358722	-0.00146974797953497	-0.00952923584343348	-0.00689167732619597	0.00147920338353515	0.00369394264273543
0.0117088836060632	-0.0138224405528754	0.00491361719155492	-0.026357030394892	-0.00520820672541246	-0.0226098647457616
0.0117558182994702	-0.000611511310717509	-0.0104032065179446	-0.0297585246397012	-0.00440511345770109	0.00755603983082794
0.011159532981516	-0.00365631633824837	-0.0120256988123746	0.00660049422883316	-0.00562424621809818	-0.00204572662955602
0.0116872241509266	-0.00407516464623883	-0.0172038020645889	0.0013028094266546	-0.00222487777654398	-0.00307890427184347
0.0124884134777108	-0.00761946109003595	-0.00860444087686766	0.000613903622541969	-0.00872403088263352	0.0115625617518385
0.0124530846186201	-0.0154668648101257	0.00757152894690521	-0.0159858542063187	-0.00435669469003622	0.0142698820732983
0.0127318857945812	-0.0141401322595516	-0.00919373228307147	0.0076427220642854	-0.00898431078209754	0.00870480049863322
0.0124811930186319	-0.0170760952031509	0.00395123000792892	0.00187910407971467	0.0076001245655759	0.0175026230908323
0.0119481004351068	-0.00681514976515195	-0.0152407552121869	0.00479104758869915	0.00843439907490685	-0.0121033212991194
0.0111115197132867	-0.00938334289115554	-0.00984653977367968	-0.0155253205119285	0.0189664839272255	0.00172513937977532
0.0119551123341539	-0.0053582717068223	-0.00689552943571413	-0.0144825984660004	-0.00269939791886864	-0.000437788652122753
0.0119020666193001	-0.00124503643045367	-0.0102324824701999	-0.00801343239965241	-0.0013781464160375	0.00140469703458611
0.011999958252512	-0.00770391898997202	-0.0134034720237107	0.014416754379988	0.00467094518349131	0.0160396561818937
0.0125892198528652	-0.0058659318136196	-0.0109620870473532	-0.00189333072302022	-0.00239004891299974	0.00280531674827377
0.0124450790727235	-0.00165685681499195	-0.0147150780468244	0.00272689382818084	0.0155520377430833	0.0233647080800638
0.012386619335943	0.00426972456954132	-0.0181915139319541	0.0155490734595205	-0.00205395013955327	0.010234939691896
0.0121339275951303	0.00303862317581914	-0.0152157294675806	0.018181774025626	0.00278507427379767	0.00453832838952811
0.0119367933431255	0.00394534504935874	-0.013802779075644	-0.00174623496112288	-0.00218509444792818	-0.0020623316560853
0.011782065462988	-0.000341245902278444	-0.00296132577510682	-0.0127652542649296	0.00813094065636381	-0.0186336306124433
0.0113107602979369	-0.00507568097532566	-0.00814226801543661	-0.00840336349833137	0.0207723322758085	0.00276462518638484
0.012232435594298	0.00349840865804383	0.00304268274976529	-0.0149748295704378	-0.020266499089757	-0.0130473584834559
0.0121252002678426	-0.000278800729926892	0.00247285869483467	-0.0196045982636338	-0.0125220467331537	-0.0128643124399443
0.0121394227936488	-0.00540940352800359	0.00550154012162626	-0.0120577249842184	-0.00042347048320944	-0.0114817276015208
0.0126029671785797	-0.00733116228924069	0.00203212905309325	0.0146265863106788	-0.00846441749338416	0.00294513847539505
0.0125333673522876	-0.00563469766952443	0.0013500558777016	0.0140223152836384	-0.00654914790042726	0.000623797123117588
0.0130541930781931	-0.0156115927577355	0.0189874352310114	-0.00535219522041276	-0.0157346216337801	-0.0134020719811665
0.012439036379189	0.000439675834182	0.00884695483793717	-0.0127104262180628	-0.00159637574790012	0.0127416065060362
0.0119555636428827	0.0123223467691231	-0.00599007263903879	0.0103367841916562	0.0155921483334841	-0.00916597785127212
0.012230526498155	0.00953702769989091	-0.004746455182175	-0.0132237819236794	0.0120390607115434	-0.00840085343291725
0.0128711978886745	-0.0195135144655015	0.0129108138658011	0.00198978829380714	0.0143368753256422	-0.0103436896804687
0.0119655277308026	0.00976966985525427	-0.00891707766207804	-0.00349063864433139	0.00791614792887607	-0.0111417446595946
0.0126212336544486	0.00226402467067448	0.00318800072189201	-0.00656543833551066	-0.00980369750239645	0.0152433619308435
0.012993100946832	-0.00586449326584762	0.00848057774742429	-0.00451655177945159	0.00346394416844006	0.0216752077334634
0.0131450660777146	-0.00343358368236267	0.00493121682847306	0.00633974349160945	-0.0124699306806418	0.00520555758156293
0.0117231460136468	0.0104285134771079	-0.00119638233933088	-0.00241801110507775	0.00633094715311289	-0.015035529126008
0.0121888939455336	0.0129791066011866	-0.00583621301029993	-0.000209475952419319	0.0103623521384521	0.00578736374158128
0.0119646903073163	0.00970325094572047	0.00109775535477936	-0.0140047266573337	0.0185135911361759	0.0165738827997146
0.0124421826878299	0.00967659916646653	-0.00715184836478793	0.0203649378320967	-0.00900925862152805	-0.0146458676542691
0.0123548892454167	0.0152346875966575	-2.79785817301152e-05	-0.00727732602800325	0.0109554635559819	-0.00458867903194614
0.0120918719913605	0.0097011772409718	0.00321864791832487	-0.0119967258360281	0.0164016863294123	-0.00582005138512308
0.012850626584102	-0.000882943800496093	0.0126633781157879	0.0123209312491344	0.0104596782511296	-0.00806418827360272
0.0125699904684515	0.0145185134999603	0.00334235827209657	-0.0193424075527742	0.00258012038197563	-0.00487790749467696
0.012842272392383	0.0140384261033018	0.00104436580551556	0.00404851069923663	-0.0167387017373231	0.012932562902686
0.0129181155539385	0.011461971152734	0.00409926121754282	0.0104433719913203	-0.0068795424134705	0.00112079729878649
0.0122672208610921	0.0152801442798031	-0.00295875548630711	0.00755592578130036	0.0006599287115109	-0.00939820881070656
0.0135251267819039	-0.00766835157054976	0.0324375393092159	-0.0379659383004924	-0.000514750563632954	-0.00704569173823846
0.0147001988399522	-0.00121823371251233	0.0172133288101595	0.000641410492757573	-0.0244920612519532	0.000409399612406597
0.0125875897786862	0.00857830961918381	0.011014150991768	0.00353520115420977	-0.00580689290731185	-0.000927076765609469
0.0120749454860118	0.0154015657118719	0.00550406706743513	0.0152747977300617	-0.0041287606495808	-0.00983241613588311
0.0127097214095491	0.0105204213472063	0.0121651388891443	-0.00622707614987791	-0.000673152732318653	-0.00248970902865308
0.0121337212112644	0.00636198165378299	0.00503739916377006	-0.00941124928956033	0.024065052775246	-0.0048336248574072
0.0119271953588967	0.01494403065112	-0.00675575408268951	0.0080920843592367	-0.00134492551111014	0.00168294641477989
0.0128953948599067	0.0109887045965566	0.00899214515378533	-0.00619239489164281	-0.00508923351570354	-0.00472276241419533
0.0128826429279743	-0.00689569981858083	0.0196612572894913	-0.00373157502582015	0.00203327140234438	-0.010477042729897
0.0125028643848995	0.0158792417402532	-0.00130839953525056	0.00302244589686195	-0.0059784483895908	-0.0057888727225937
0.0109439398417232	0.00714950353931016	0.00741681311843097	-0.00825099731224443	0.0135417866137567	-0.0353959379283723
0.011821042434575	0.0155870545720805	0.00185334759848885	0.00382973757717676	-0.0101912784735795	-0.0192599942489136
0.0123764164782161	0.00987922438560531	-0.000650948084180683	0.0202186753774667	-0.00673895842027794	-0.0141324346231839
0.0126864684243016	0.00756212358374096	-0.00477258104971762	0.0106369645401359	0.00230019428300591	0.00490509186982608
0.0149170347795774	-0.0256699478135381	0.0275094656535927	0.00824851664865856	-0.00087729955555955	0.00883739506420587
0.011651476514251	0.010310731626182	-0.00577548979291444	0.0037378605249637	-0.00534677612298676	0.00353050563074092
0.0119447490861962	0.00736977257440993	-0.0075672410010687	0.00979063991999424	0.0129819450698398	0.0196324407202969
0.0121798586192222	0.00160264760342169	-0.00847220423393887	-0.0114510463307682	-0.00275423057042702	0.00171628426616093
0.0119142685442967	0.00293847792917098	-0.00929477031757648	-0.00787502694519466	-0.0117214034203908	-0.00514801098529159
0.0120752880936065	0.00434314396937131	-0.0140624190676667	-0.0169070547085602	-0.00181108970153507	0.0117173629226229
0.0116886326057223	-0.00568325647543017	-0.0104304932738366	-0.0119152137849597	-0.00210576110593865	0.00568104458752193
0.0122877951755969	-0.00335231071973874	-0.0178127845014123	0.00298280468294474	-0.0143512621505319	0.00594636987511037
0.0115490670477486	-0.00372364151779763	-0.0183540256594628	0.000469874502029303	-0.000372091495456748	-0.00705977147316424
0.0116072120017262	-0.00705870022099756	-0.0141750753715006	-0.00336139239013567	-0.00674187399503482	0.00422480010225369
0.011281156760522	-0.0125873834809538	-0.0132077403652095	-0.000338175907677919	0.022309590315524	0.00210820740144842
0.0112040707980614	-0.0104280052241905	-0.0186647917770796	0.00574901034915361	-0.000496770822399583	-0.00615672417103177
0.0109139552923465	-0.014780243080844	-0.0103203275881447	0.0140941817478437	0.00314099939835513	-0.0115390468299546
0.0114917244729408	-0.0088117555029002	-0.0134746516357946	-0.000789906646899782	-0.00680759842157978	0.00619888312298817
0.0112130045295003	-0.00998531379670816	-0.00948986638642445	-0.00575645005859068	0.0189503160839363	-0.00804198218125154
0.0111368801152926	-0.00873047904792734	-0.010318013317915	0.0011993251463009	0.0172213290868466	-0.00637493189955644
0.0114986690634132	-0.0104538261801602	-0.0143801565273099	0.0040424505368	-0.000522595511362228	-0.00418601251949807
0.011722341460931	-0.0247606114189846	-0.00757947572477487	0.00950899256075845	0.013440726647883	-0.00927802881138838
0.0128228421070704	-0.0185236828447588	0.00383186032977201	-0.015265409959724	-0.00918779193746087	-0.00187079814312876
0.0120280039768559	-0.00723703242806803	-0.0112253423894367	-0.000900753299969387	0.0029315623897041	0.00206432081472866
0.0118744057447247	-0.00517236180113182	-0.0140981116860618	-0.0075572251264142	0.0046072399939804	0.00465151850295467
0.0133495525847541	-0.0268490605113616	0.0111900716095343	0.00404742839403192	-0.0265530397016781	-0.0086217415182903
0.0125407409128308	-0.00746559586881985	0.000223371703572583	-0.00532823755198695	-0.0202611445016921	-0.00638753157316032
0.0128131738165597	-0.00249776528698064	-0.00983559151241017	-0.00621854226409513	-0.0268197463596471	0.00494319669246769
0.0140475215035159	-0.0190784432202279	0.0159678337463633	0.00802699042239307	-0.0348654022692395	-0.00814126545592781
0.0128813702455318	-0.0171918256345396	0.0167115048053219	-0.0107440662849433	-0.00960090871996018	-0.00242038636731542
0.0119382946964936	-0.00272285708624908	-0.00790189587290709	-0.00112987369169032	-0.0180701825716274	0.00725641073606663
0.0117652841307545	-0.00915115400801329	-0.000516567010857422	-0.0200975498891508	0.00412963898511433	-0.00833949865074168
0.0117533164537797	-0.000237312536404235	-0.011456244554623	-0.00580277861060414	-0.00395771056763332	0.0147848831821614
0.0115253241132979	0.000223903188200633	-0.012269888675585	-0.0214023686250402	-0.00324841039374429	-0.00815774775488459
0.0116238066834148	-0.00501645270736029	-0.012492063181473	-0.00406503354030662	0.020135530081509	-0.00307929858791313
0.0116030013450139	-0.0012078913887835	-0.0138233028187484	0.00598739143985727	0.0274773018022604	-0.0127506749987307
0.011462571874639	-0.00802712228387027	-0.0135698380995205	-0.00189762535049561	-0.00549025677068472	0.011274256622161
0.0112943936204645	-0.00482236846201953	-0.0162514061246775	-0.0120570360709337	0.00106362847103346	-0.00794451790593723
0.0124134458741348	-0.00837642343074222	-0.0156713843429437	-0.0016811113333139	-0.020283024223159	0.022149678197243
0.0121942215138308	-0.00566407596843104	-0.0155823839066836	0.00353118089725573	0.00739668483530628	0.00845592376089003
0.0120242231518028	0.00132924842930467	-0.0175268157136504	-0.00282800252132913	-0.00624921363413245	-0.00643491552756644
0.0124975856964298	-0.00605230998961638	-0.0127690863570277	-0.0228324425871766	-0.0204775778301875	0.0235199418243409
0.0127316994089421	-0.0073454447759125	-0.0172481638975501	-0.00597519225624566	-0.0130299075395828	0.016445837598841
0.012525103290217	-0.0125937074177686	-0.0124798952401514	-0.00940966729874839	-0.0247522778122163	0.00859053705636527
0.0125296831435818	-0.0166629054298835	-0.0113987199940232	-0.00571578256948305	-0.0251092885723986	0.00799253813204866
0.0122311689859736	-0.00219250632635968	-0.014483180610114	-0.00984635168782085	-0.0242186416838475	0.0120433267250323
0.0113876209348774	-0.00870944011351281	-0.0167541900752207	-0.00617615965000803	-0.00512442106759407	-3.6622243149648e-05
0.0114772981336212	-0.00403421659208549	-0.0164717158898805	0.0184538643211952	-0.000229804305257518	-0.0159463968224286
0.0118831367628403	-0.00639549947334112	-0.00443881276744557	-0.00260484145580745	-0.00831431281996008	0.00867262492183038
0.012165221215646	-7.97117800138206e-05	-0.0105473357194199	-0.0173989360494837	7.41811842307691e-05	-0.00100634031909948
0.0117012349576204	0.00122960187918018	-0.00991391236513366	0.00752659671275527	0.000260245061888546	-0.0139654683397977
0.0129162999250975	-0.00138134241035334	-0.0072081700067121	-0.00822209140665559	0.00109654814162607	0.0200161898502513
0.0128093764557884	-0.00188255178468697	-0.0089682893350384	-0.0103554007078467	0.00127123569451929	0.0138984451215108
0.0126792539910828	-0.00158773878564439	-0.00655941154139966	-0.00544857438417262	0.00364080710941325	0.0129121647530964
0.0114792719685813	-0.00278888369416968	-0.0115571620234057	0.0076955917020748	-0.00339572998604939	-0.0189073083202351
0.0148865613911457	-0.0290346890809865	0.023989732895269	-0.00813304089427676	-0.00473159470757578	0.0152371596089727
0.0137909042269941	-0.016584877344567	0.010750588009059	0.0057184631664691	0.00516501295102108	0.0144567922224437
0.0122920302978799	0.00614586081288177	-0.0167260098425497	0.000615364916287984	-0.0145311921191783	0.0149928865134914
0.0114869408616107	-0.000209886165139478	-0.0114584716394852	-0.00386246843125368	0.0115423638170546	-0.00436620514767887
0.0119615797078271	0.00697434796726085	-0.0105462121655427	-0.0139941229488964	0.00739115143822474	-0.00358140471223589
0.0130810396843785	-0.00872124732915968	0.00893883250043946	-0.0124461139729412	-0.00704166212875231	0.00116893901437804
0.0145909997172331	-0.0310961258083426	0.0242564031053097	0.0101543121732577	0.008624442758811	0.0199588963378649
0.0120086374335318	0.00598177056096489	-0.0106096241288343	-0.00323020763691005	0.00933890079990185	0.00319795446900484
0.011784174676918	0.0075280290354306	-0.0116156493649763	-0.0124387977936032	-0.00334899365158274	0.0097223601420723
0.0130277701215934	-0.00206862709805477	-0.00476177842108393	0.0169010815756665	0.0173204496847098	0.0201334822817243
0.0124338031797954	0.00924391044765262	-0.00103370694809075	0.00497790042270105	0.0163962684447925	-0.00120549748645087
0.0134919310658669	-0.00405671943700829	0.00664881556795115	0.00196297750904455	-0.0206567959108	-0.00589396901210166
0.0137188644148937	0.0100378248462958	0.00225853925552752	-0.0029950387393283	0.00308984488976757	0.020519618172237
0.012048155977746	0.0166184179697754	0.00158395629855045	-0.00848015310780037	0.00104484308960811	-0.00885543590594505
0.0118422345852726	0.0127770883915946	0.00488896541660172	0.0101870164596032	-0.00531641646019422	-0.0137548067770829
0.0121280704931959	0.0142189744939646	0.0149593549128568	-0.00206323021654281	-0.000914486760523679	-0.00478755613572113
0.0126024381077029	0.0177477377170431	0.0152236058198365	0.0053659962958846	-0.00634270698236704	-0.00562849607915549
0.0123691782941047	0.0146877532584544	0.00356263672287235	0.0164059645732669	-0.0112048012432344	-0.00374718933400102
0.0135217225424252	0.0114002453887282	0.00891762995063694	-0.00715074666413955	0.00568537229048804	0.0310468240813273
0.0122567694745603	0.0152787517850165	0.00625794931405759	0.0111138607578479	-0.0102894112626533	0.000252899554177015
0.0117322116635301	0.01231196971422	0.00654465963338792	0.000902918058776955	0.0112651059889041	0.0052457827111824
0.0116685775000186	0.00962845276366764	0.0166642138410359	-0.015675711006104	0.00326763098093707	-0.0401263486520461
0.0116571910319984	0.0161847552742144	0.00498057053325707	0.00587263035842666	0.0120375112173134	0.000432370652781547
0.0118706935753895	0.0154140366617157	0.00540654356616137	-0.00561569945356829	0.0179761801890812	-0.000796615390313007
0.0118387293378443	0.0110438356681256	0.00396446436339384	-0.00215107015297056	0.0126158376880754	-0.0114099882577191
0.0157064090839917	-0.0266656270665637	0.0301393920793121	0.00507775385247042	-0.00574665661130693	0.00603848231236315
0.0133207161961605	-0.00431576784870005	0.00736049368398145	-0.00814849827215482	-0.00916435808243918	0.00142297650958827
0.0138621815745205	-0.0107047567969897	0.0174428573323452	0.00065154837535967	-0.00239713708235712	0.0064986976582466
0.0126621006851448	0.00712724110156172	-0.00262568339965351	-0.00722700142359127	-0.00729071661767516	0.00648530704143286
0.0124257853586789	0.00387224954138049	0.000735349346576574	0.000876327095700046	0.00968066931355625	0.00457059946500615
0.0115009316741646	0.00816932708491242	-0.00344987482103768	-0.0085062359577821	0.000207061742981273	-0.0115325626699029
0.0121186733214623	0.00590439584404232	0.00365695724402955	-0.00650773610697282	-0.00121725937295817	0.00517922052714027
0.0119716267924055	0.0120178846247655	-0.000874986741323253	-0.00995227696421841	-0.0075488318017446	-0.00896558483081153
0.0126010965284324	0.0202756984793197	-0.00252367731237294	0.00646917904237884	-0.00690353719027804	0.00757591429291651
0.0122706612249738	0.0175492592906377	-0.00698456939653336	0.00383573647032471	0.00985034534394615	-0.0125250402213093
0.0125117374105544	0.00717721493028806	0.00590883894476629	-0.0020626915022605	0.000278913420738054	-0.00137265007790884
0.0125127566953409	-0.00809603761899163	0.0226473896785792	0.0120248694879228	0.0251913436245544	0.0123486394296298
0.0121164295380998	0.00584110080734048	0.00985681628778682	0.0125295453874159	0.00500927200135228	0.00217460309833328
0.0127968776776149	0.0221851929380184	0.00415498587894651	-0.0150160237994725	-0.00760052011489014	0.0109373747799114
0.0123896827937404	0.0168718713101556	0.00262587222770153	-0.00232603202834435	-0.0007402689575727	0.00552332411749928
0.0130584372047469	0.00684842633854995	0.017602041789031	-0.00118058215050778	-0.0070469328678362	0.00435175958835469
0.0124203637370612	0.0161246528063015	0.00761964945216064	0.00428404912241979	-0.0156485430795656	-9.63404615841202e-05
0.0123585522317429	0.0228233079857783	0.0191634125583666	-0.00475190873914122	-0.00611357139562994	0.00707153849885245
0.0128039322795162	0.0129354501947374	0.0140324704427053	0.00586666119609335	-0.0116220665714326	0.00357869153915054
0.0126345958278463	0.0174675168213337	0.0103644493784172	0.00261416316753559	-0.0163941692973088	0.000302695903178054
0.0111596596597471	0.0133891926322716	0.0137766662603154	0.0179513918991162	0.0157833236936128	-0.0188876138855169
0.0122324870335145	0.0124481545047597	0.0127148991803955	0.0151611679106501	-0.00178808431094398	-0.00580379592616005
0.0126259810745819	0.0176258797291715	-0.000195438314859996	-0.00589788009688544	0.00344109385348876	0.00428889956067373
0.0127679646955376	0.00957689178646339	0.0119302463808757	-0.00120639686830884	-0.00148656553060223	0.00527091077844878
0.0125560236403557	0.00555224857484101	0.0138751648258043	0.000898003609135287	-0.00428818109131716	0.00090767389257872
0.0124199976720687	0.0150716091096832	0.00613465906216574	0.0137640889111573	-0.00247242666261237	-0.00247086414408649
0.0125667918727167	0.0116713206079332	0.00644457839985808	0.0233090471919924	-0.00937439054021288	0.00991253872021289
0.0126295608682361	0.0245647032414854	0.0076192678079926	0.00369657935907359	-0.00386099821549048	-0.0067493381146304
0.0122905659463742	0.0185577602325304	0.0170705493235584	-0.00442463640154371	0.0139098096795222	0.00765430365288314
0.0123289941175097	0.0225102665222569	0.0159449730546592	-0.00382469166312903	-0.0142979264704238	-0.0193966955686401
0.0119469635472254	0.0226109646524392	0.0124236499224933	0.00517463838987444	-0.0083048742976993	-0.000436588037156316
0.011895077959208	0.0190542619583748	0.00970216163168836	0.012473161577569	-0.0116850904017462	-1.65000672118672e-06
0.0128018538849806	0.0134540142127359	0.0104749399719552	0.00481350034532698	-1.5230655350639e-05	0.0168144288904038
0.0122108939160254	0.0227276130300512	0.00538961220635214	0.0132205929182063	-0.0139548793762226	-0.00643847393434483
0.0115996336867585	0.00776200062222193	0.0119805356709788	0.00200089504422425	0.0207734304325263	-0.00391296361415527
0.0137523624400066	-0.000766273418115935	0.0159560380134667	0.015231441732565	0.00442358660730631	0.0202835419136311
0.0137770979838115	-0.00799156882078296	0.0247407054996124	0.00510591194991107	0.00750943159641783	0.00937204875312073
0.0123753883908771	0.00829914527026798	0.00977706712502434	0.00565647128416722	0.00254118433225771	0.00182951450820494
0.0127256288440044	0.0122476405619379	0.0121449434910953	-0.0157052851970632	-0.0100032321315439	-0.00178951184548058
0.0124804919058198	0.012552740053369	0.0128485868653527	-0.0081402837448912	0.000998260326730972	0.000150274368436764
0.0128343298795803	0.0146973083549872	0.00277497719436419	-0.00837569348686804	-0.0191772634482299	0.0189816729627351
0.0128395754030978	0.0154813538430587	0.0043610831257389	-0.00884307374741625	-0.0201085067355699	0.0158588610565277
0.0125146258915827	0.0100730343243869	0.014065632019111	-0.00162900142124143	0.0227522139822524	0.00576214280324339
0.0126366502910737	0.0126400891223172	0.00635710513399431	-0.00571900208512916	-0.00183879473511092	0.0282007273709997
0.0130304123411247	0.00491622727616026	0.0151491161553917	-0.0249828376191206	0.00391930942382018	0.0098902436693718
0.0141747459204661	0.000890941587440665	0.00128160025854337	-0.00989255691428817	-0.0286720184924237	0.0088823779083527
0.0144643788366144	-0.00579305223347313	0.0143322648556466	-0.0200820331454698	-0.023173566710886	0.0135294887738903
0.0137726247163966	-0.00619987564457066	-0.00572136391855735	0.00634827994675607	0.0115651385407398	0.013802913269756
0.0131444432361552	0.00982462167191185	-0.00598766105861314	0.00831931794899337	-0.0082026963927843	0.0148260238075591
0.0125368064950258	0.0097873015920144	-0.00584927970014522	0.00794015177677865	-0.00427111693253665	0.0106344891144582
0.0122869395729965	0.0123594442205708	-0.00496846015090999	-0.0038944044135514	-0.00176750878980534	-0.00027935077482912
0.0122250380114611	0.0154111815155198	-0.00701097336243451	-0.008836781815284	-0.0101304756337684	0.000890472290056576
0.0124783753878224	0.0130033992045235	-0.00646823600921246	0.000787578848836762	0.00483844429957911	0.0169549244056491
0.013447158580746	-0.0083733165800608	0.0131012556161045	-0.00377875474314931	0.0124545471541595	0.00749912169541048
0.0119246229388788	0.00285876869728324	-0.0122548712985216	-0.0183875628931183	-0.00207147804987853	-0.00842082043277773
0.0117459437671744	-0.000837036813405601	-0.0119054348321536	0.00192479336480848	0.00788536004581912	0.00291192391918438
0.0113544834363638	-0.00103418802171912	-0.0105416500752907	0.00235475014311288	0.00894034858628103	0.00857000633358916
0.0123647499080699	-0.0019024099109831	-0.0185011077200356	-0.0158176236394735	-0.0132473333028162	0.00543465518439313
0.0121586766245292	-0.00349649928409726	-0.0137045522748506	-0.00972581346725179	-0.0156856489778995	0.0111349962846213
0.0118604037315982	-0.00680599930325566	-0.0194021697215296	-0.0176179995461405	0.00659270275579545	0.0184987372741538
0.0120592790442471	0.000567649851073295	-0.0226019593086667	-0.00823846785727274	-0.0170473722087154	-0.0048011565846761
0.0120506030651932	0.000465817401356358	-0.0224807526260786	-0.00963057994759094	-0.0164337159113701	-0.00447298947995389
0.0125101134561547	-0.00363990400622945	-0.0119130957080229	-0.00957306917472315	-0.0124651831654454	0.0242087434801281
0.0121263673697709	-0.00399994514685316	-0.0143989096466395	-0.0121719399252551	-0.00936544621614004	0.0179490259222532
0.012023152825239	-0.00122951495900936	-0.0191262333317713	-0.00838224851137346	0.00671264323555	-0.00138275520520468
0.0110796673042845	-0.00329747962573001	-0.012576459881168	-0.0130811826327581	-0.00334292564964168	-0.0199320386859005
0.0117892592538609	0.00271396631539865	-0.0141901562556443	0.00251873178114921	-0.00331363308864975	-0.0188233546027111
0.0116925797152636	-0.00222668383667895	-0.00806346338435267	-0.000761731417858142	0.0104212877820584	-0.0112453979754247
0.0126562029490684	-0.0072782145294721	-0.00197384499931623	0.00439582481673376	0.00979054001319308	0.00360257351359021
0.0121086060237196	0.00406351634790754	-0.00490837557767345	0.0128837332613489	-0.00244042871109018	-0.0114463926447031
0.0125666100230258	0.00800927056892848	-0.00982245634597422	-0.00884890568713656	-0.0170398344786018	0.0184395360337495
0.0129784971681625	0.00385142616424421	-0.00739129830062987	0.00646704094906548	-0.0040621774716068	0.010362809102863
0.0133014075794661	-0.010051556670487	0.0189223841336211	-0.00220103753604959	-0.00674004191884875	0.00821426209266787
0.0124062475264577	0.0100262453501778	-0.00272239822771995	0.0032305475619105	0.00246823623357676	-0.00658615882137851
0.0127048138641521	0.00852568891628019	-0.00190570792662686	0.00951705042725225	0.0119786197521208	0.00253346699728974
0.0118419094954293	0.0111014560578149	0.00202292307358431	0.000226015024369924	0.00120368673979218	-0.0138675368494081
0.0127407275220661	0.00813926841624339	0.0107724511623416	-0.00257178132885116	0.00260666716305409	-0.0137035456065513
0.0123742128786679	0.0184217502062864	0.00374648035449989	0.00887595871781735	0.00443659295674703	-0.00662798656213699
0.0118118771402554	0.0152437232916331	0.00895207135885649	0.0104152853638018	0.00814193410059645	-0.0218465370947008
0.012124627968879	0.0181504810949645	0.0125599526629066	0.0076099389195198	-0.00284401336324858	-0.00714360596259209
0.0125207901156789	0.00917636729620565	-0.000398656170878798	0.0185363589802448	0.0109240505832903	0.0123787329279043
0.0125367222321794	0.0084011687287465	0.00134773214696107	0.00410711793335722	0.00917761021232756	0.0198558305525772
0.0142849260798826	-0.016425613634789	0.0127623395139749	0.0151923637316068	0.0176012936432194	0.0334269347829299
0.012621867705128	0.0110197228017631	-0.00607322814032165	0.0101754632694002	-0.0164076671149222	0.0132655311544664
0.012402888966052	0.00479855952213305	0.00253974382528147	-0.010087690902355	0.00102456477414155	-0.0018289305292237
0.0125250814567607	-0.00235434599405869	0.00059651268534625	0.00347256783655973	0.00953205160602258	0.0133110282143435
0.0121757925394832	0.0137386519315263	-0.00683508009180302	-0.0100791249630781	-0.00166622564742344	0.00233693759099475
0.0127162105608489	-0.00630829588918167	-0.0115949372671085	0.00799293144534563	0.00442251174283982	-0.00388438657260639
0.0120716673929761	0.00641310609553953	-0.00773632184299997	-0.00591522408277758	0.00270013869322326	0.00499127319455309
0.012063015446665	0.0108942063059047	-0.0114957794072078	0.00212262073421875	-0.0091452025477214	7.35501179329371e-05
0.0116338609306696	0.00438974799836055	-0.00829245528352539	-0.0046290801481225	0.00780035434721712	-0.00974285484744066
0.012001358655787	0.00657485149601074	-0.0116794456673803	-0.00689237846683707	-0.00289909759893099	0.00284207378253011
0.0119813721867074	0.00466421159561546	-0.0134421693470742	-0.00678154358848769	0.00238308783069383	-0.0017734760831814
0.0121877868981395	0.00192627527230283	-0.00509456721830283	-0.0347686913985351	-0.00163021803614677	0.0116737594167745
0.0114700603892054	-0.00420790955847298	0.00374444694921742	-0.0298971376104542	0.0256496496012044	0.00293855580805584
0.0117640602733233	-0.00085982751980833	-0.00484684208153726	-0.0269377160999878	0.0288088246534107	0.0024627826888732
0.0121501477602187	0.00346658170337168	-0.011830158586355	-0.0171520873385797	0.00702098049953831	0.00762495394708194
0.0137162048587487	-0.00834338418859415	-0.00431633320594456	-0.00376871620342007	-0.00501136968614494	0.0234860216009817
0.0137642769822694	-0.00834138236832528	-0.00460711644104937	-0.00424347885579757	-0.00313442438579362	0.0179503554233407
0.0122544267900988	0.00097664158294127	-0.00767647274285449	0.00699922632768129	0.00878236023348048	0.00886902467974394
0.0120240160609297	0.00654661269597843	-0.00895219874777976	-0.0059540861299339	-0.00186737469088832	0.0084674723828191
0.0131465932873898	0.00439003240141344	0.00696222586285803	-0.0381437483072321	-0.0563395356065341	-0.00680404614761533
0.0146196216995107	-0.0264532312124624	0.0113965474381878	0.0131939851994248	0.0102849062645175	0.0181351100216053
0.0119958506673586	0.00465632256836245	-0.00319598315523338	-0.00360905768760362	0.0116808557898599	0.01745637182342
0.0118052396738867	0.00954216720543194	-0.000761147060719453	-0.00527279478835611	-0.015891544527175	-0.0106344019384298
0.0125121381617614	0.00658247462354729	0.000213319675984371	-0.0106494401579732	-0.00652488382091457	0.00928890148362322
0.011868621447767	0.00714523757829454	-0.00806356798580578	0.00382299775576829	0.00855186880232338	0.0121059730482486
0.0120461647091654	0.00728191078145942	-0.0103267688395508	0.00352779097817006	0.0122754086872192	-0.000752755602109371
0.0128580816940069	0.00588767997366467	0.000509642709101879	-0.00399892804366771	-0.0082433347871449	0.00962078405570332
0.0113824183241936	0.00528287371628135	-0.000145915817020735	-0.00180228516097738	0.000748398779901415	-0.0143240947570824
0.0115096956529737	0.0117628474869642	-0.00681312378780337	0.01231301720425	0.0100853134705846	-0.0175127839849607
0.0117144251137154	0.0123771732928737	0.00124265945393946	0.00395592476666296	0.00131126475642905	-0.0102011932174902
0.0123566148997225	0.0182138258676248	-0.00594265244586093	-0.00518712843804559	-0.0066551608846847	-0.00562144685257864
0.0122728413506503	0.0140241023952262	-0.00735495567131369	0.00578256232906346	-0.00328998556295574	-0.000813886849291868
0.0120767122301068	0.0147377891944314	-0.000260115038991039	0.0156648070585904	-0.00413035865853739	-0.00953008492770597
0.0125987457972006	0.019293073215557	-0.00650409832079831	0.0134513210161494	-0.00106508501460172	-0.00608606218479935
0.0125900082274229	0.0156310973101752	0.00475715147556865	0.012878069327847	0.0124576806956732	0.00327512345040876
0.0134688203229887	-0.0174487352913132	0.0241376249482701	0.00691963216992421	0.0275454180247406	-0.0060553096195532
0.0130102994883197	-0.000101760573212237	0.0195380984698272	-0.00605012889281496	0.00851769473813848	-0.000754370303714502
0.0138178521631582	-0.00411388261691332	0.0224764414704071	0.0143741819324004	0.014037804374014	-0.00219154522497989
0.0138939054431309	-0.00613468140675568	0.0102478926789431	0.0291982226199779	0.00244360571801805	0.0220413510290647
0.0118526134944494	0.0151115575153226	0.00933869114099014	0.00938045231215701	0.000527611074558662	-0.00622466717816435
0.0125979755489115	0.018210512246418	0.0159338194082378	0.00945166774500542	-0.00684493305115619	0.00275355355902958
0.0124395978119151	0.0222952856047119	0.00983356141567581	0.00876987932548915	-0.00345397025172637	-0.0111520222742039
0.0140133740975889	-0.00893607104395824	0.0238514612855375	0.0227856742218028	0.00349187317256247	-0.00280174147714331
0.0129587327825769	0.0142581805041223	0.0136706134733119	-0.0105465957058097	-0.0121249315737245	0.00870665667808809
0.0129847882475971	0.0114123809188264	0.0146905123735005	-0.00317829071079826	-0.00420323404578235	0.00637833510330294
0.0137350268154516	-0.00288206726363955	0.0218474473823066	-0.00509604807247592	-0.000855365915378408	0.0100857070251387
0.0135815189819915	0.00285574860859187	0.00935785782321653	-0.000185257970574578	0.00772090110372479	0.0215632578678681
0.0149084658731014	-0.0191410806755631	0.0341755198289369	0.00182938182267556	-0.00852591078852323	0.0114232207515919
0.0127072743605228	0.0170918570045575	0.00396668494961934	-0.010963051851624	0.0121122044593392	0.00672240997952745
0.012065815947452	0.00620593318871613	0.0100849897621149	0.0168604312433208	0.00213598170552473	-0.0189582346774706
0.0124233746364348	0.0112641868818143	0.000617699080775479	0.00664796542491105	0.00562288289692377	0.00275188180047975
0.0131582383319134	0.0040588801988813	0.00805546505174515	0.00805619552208482	0.00798172188028854	0.0180879128794563
0.0132137464992788	-0.00282709229089634	0.00494154106613046	0.00619199707597362	0.0123754264906276	-0.000244399091218343
0.0118936187831451	0.00797325109995129	-0.00173558991073427	0.000581809337423898	0.0132160511815164	-0.00327305776923067
0.0120208034648128	0.00550719725071877	0.00108005589879705	-0.0147342651290868	0.022938009453552	0.0204292518774789
0.0120759788133215	0.00515168342489972	9.41308437796308e-05	0.00223169549792036	0.0159852164807909	0.0136856861405312
0.0131229912786652	0.00896471740904734	-0.00478460710193903	-0.0145531219510372	-0.00431940076873028	0.0174888954752874
0.0141236613765367	-0.0213104571463684	0.037707858363518	-0.0059400495568342	0.00105611218093941	0.00925665294858326
0.0140593385817209	-0.0014617416100729	-0.00172512240889252	0.0109369982884858	-0.0255718609795687	0.0223839789569797
0.0135728000200949	-0.0228989383679246	0.0476134023724094	-0.0153380811492073	0.0195836208690901	0.00565899104117338
0.0128764773644156	-0.00262576517534999	0.00452941545879522	0.000126864950256067	0.00804445991147833	0.0250668821059579
0.0119964201198712	0.00279069908239354	-0.00431446509610752	-7.54760760670655e-05	-0.008972249379598	-0.0132989642055194
0.0118582663376571	0.0027901341023433	-0.00384187798833597	-0.00283840248944183	0.0173609183231474	-0.00520694834642537
0.0117537036133701	0.00161732261028669	-0.00521694649318026	-0.00377651698494534	0.0115539370276208	0.0118419334391314
0.012314087639704	-0.0121759652115925	0.000579155847134762	0.0202339852750808	-0.0154913149883081	-0.0206722012672156
0.0122417976254084	-0.00628014562885504	-0.00173106009261983	0.0140120423727729	-0.00590350667416103	-0.017061990184854
0.0131584044023502	-0.00801389424545422	0.0177132306883352	0.0172002517681002	-0.026636886334054	-0.000905739794317958
0.0123854035223973	0.000369816296293347	0.012511636195669	-0.0243659249718453	0.0177792716975007	0.003677678482541
0.0118252391100667	0.00725627529946828	0.00193622458858425	0.00490885462973831	0.012782215055934	-0.00804444137669863
0.0119060291007702	0.018186363780597	-0.00278446719103288	0.0137931742515879	-0.0041917937064341	-0.017778234731895
0.0122229267006091	0.0137286876168058	-0.00193747568471677	-0.00510775379017754	-0.00138075063178981	0.00870652459659732
0.0132271911604326	-0.0101716668272287	0.0225590338983695	0.0083552176763483	0.00899132783268994	-0.00303839331624482
0.0133919122988569	-0.0163105578505902	0.0234442404100365	0.0122124476132041	0.00913064603084218	-0.00711437014866654
0.0127162772732449	0.0139931330382518	0.00770017471472977	-0.00028882020208435	-0.00410088836345492	0.00945874603655462
0.0128657983213058	0.00551841715638953	0.0137035302661154	0.00670794196107603	-0.00910800229605476	-0.000114643358453804
0.0130769422211822	0.0160203333297355	0.00450373537190682	0.00673816265551591	-0.00466544330146048	0.0205213021929083
0.0117687259197073	0.0233343386114143	0.00736054007362534	0.00564601532603526	-0.0020148847568955	-0.000762175736262171
0.0122294718595717	0.0211369117815526	0.008284532273231	-0.00536666859977867	-0.0044802332672732	0.00359432955316328
0.0123440839738751	0.0250288346355828	0.0034923245856025	-0.00439290021445301	-0.0138219304176009	-0.0033642074525468
0.0126797486828653	0.020460736024949	0.0113963697891017	0.00164124531476934	-0.00968197154107385	-0.00714204981005796
0.0121095876919272	0.0226558500915019	0.0131436302413465	-0.00630270170855696	0.00217445857742441	0.00138860695024229
0.0129246168545533	0.0174156512561132	0.0198252091994352	-0.0346724615086267	-0.0148682990616426	-0.00733309403690574
0.0121418653578145	0.00544000938852343	0.0198897039799266	0.0295439378091495	-0.00713339604141434	-0.0139037674160095
0.0128498460163031	0.012121927549729	0.0181749049645623	0.0110035958648682	0.00953601577041989	0.00687082946924206
0.0126037612016655	0.0267906559292778	0.013132426319898	-0.00144618852108429	-0.0214315087752445	0.0012046079558274
0.0127056276596436	0.0212411707756496	0.00522808551848626	0.00633208217721221	-0.0077234551794988	-0.0105689437431825
0.0132045282205315	0.015862646959624	0.0205050758820138	-0.0159882252080784	-0.011858939864586	0.00607387772227575
0.0122488834850206	0.0195452600455475	0.0162509460590137	0.00140213524103956	0.00219013419330826	0.0153556044214145
0.012361988384092	0.0199864977188477	0.0102077746619793	0.00937976984209033	-0.00999319869762157	-0.00370980806721354
0.0124697671464041	0.0204582130000753	0.00666201543295218	-0.0122672800391771	-0.00766568793552481	0.00362570489165571
0.0123946743689275	0.0149329901893146	0.0139087158187349	-0.0143120950838708	0.00649439839388458	0.00655509634256066
0.0119373432386222	-0.00137521211661294	0.0155526811036212	0.00785786215168701	0.00224765159806724	0.0013254980387469
0.0132327869541394	0.0024714685232323	0.00757002431225081	0.00344587141707114	0.00736536347616779	0.0062113668381998
0.0131912230354984	0.00414012771421883	0.0104573581188916	0.00111004955925067	0.00422802564993107	0.00696128352376679
0.0125993142588834	-0.00233239171979265	0.00565585686409847	0.00476190054573117	0.010103217420625	0.0207639327888248
0.0124064073725429	0.0106403071527438	0.00138851737495123	0.00798319097307502	-0.000251723570185007	0.0143967875153395
0.0120380791870825	0.00894610166518343	-0.0044496048428928	0.0133919589371198	-0.00284097116257569	0.00879943317705264
0.0119376667218829	0.00787957338959902	-0.00658633006087315	-0.0115744461813594	0.00526768042169228	0.00204094930739396
0.0138781234377667	-0.0169098607387602	0.00919441643463255	0.00990355438427001	0.00099983469111042	0.0198214875948021
0.0120073710497387	-0.000748266255089337	0.0012151794982875	-0.00259064354612585	-0.00458087434674526	0.00547736341962969
0.0114271195233317	0.00236669750380365	-0.0164347807929568	0.0147230259232419	0.0112041126443292	0.00202026552566726
0.0129588907026235	-0.0196335134676567	0.00553472020204068	0.00372050753473553	-0.00886495206778953	0.00561467203487656
0.0118472183121044	-0.00523224046586941	-0.0136399273282866	-0.0092034078361592	0.00876788965929512	0.00141479585166867
0.0142192794658821	-0.0105274329455609	-0.00857377812779484	0.00232971879964408	-0.0216562637904429	0.0212837013331062
0.0114902781570541	-0.0109839721990717	-0.00971067444150889	-0.00357103011207552	-0.00665960315502024	-0.00339078555365591
0.0115261696044624	-0.00411047397876034	-0.0265066343730027	-0.00896004983078622	-0.00104910649367212	0.00331216718653213
0.0127984616447767	-0.0159051076158088	-0.00907158142505131	0.00134138643285538	-0.011432459215588	0.0056741913893838
0.0117656767193944	-0.00994339383302782	-0.022267241938963	-0.0100136599291577	-0.00520436001069769	0.007586618630021
0.0114461841859253	-0.0184124149294059	-0.0159253196981409	0.00432270793570391	0.000307971570855064	-0.00802359755564879
0.0122958332184659	-0.0299759894781853	-0.0190916676621426	0.0279927538000277	-0.00771768799886829	-0.0137819678446952
0.0123181070310669	-0.0283503888301789	-0.0210276382646092	0.0284266895515021	-0.00745320661949776	0.00237646595377166
0.0124411649402644	-0.00659616849410547	-0.0180962418664346	0.0138274963004591	-0.00329690562622095	0.0145829201298521
0.0114143435451471	-0.0131889679068944	-0.0181977256045309	-0.00362486565937658	0.00261489409070623	0.00900023650942985
0.0112252565965652	-0.0113770929173537	-0.0136598839255051	0.00185673416254058	-0.00178110793140372	-0.00385218851743676
0.0118787166113201	-0.0130054633145283	-0.00344327778071607	-0.00483995721144925	-0.00408436979735459	0.00915022798050978
0.0117560106442291	-0.000994203406233233	-0.0249023586394486	-0.000443526882641686	-0.0124679009933408	0.00066728047004406
0.0117674677018041	-0.00177128024761179	-0.0166014679333779	-0.0164801659261148	-0.00411559821404636	-0.00101386344450671
0.0117979855616775	-0.00920161508227928	-0.00776074911941155	0.00816053765707093	0.0157185755297433	-0.00222073635729464
0.0136741096478447	-0.0288477550796096	0.0390982405547906	0.00263009531390686	0.0138634251860965	-0.0243689180922348
0.0119220674968845	0.00269592481984446	-0.00960952403913428	-0.0134601051591781	0.00873249609660611	0.0107191225365262
0.012332771581312	0.00832771182780512	-0.0095520749513164	0.00430484980819044	-0.00714414512553462	0.00506680270188262
0.0125577524704994	0.00203483053492477	-0.00359846275157213	-0.000103817515237687	0.00278171163360861	-0.00170027778194478
0.0121320598653742	0.0100943230191543	-0.0101318919642569	0.00279285179357702	-0.00841843865560538	0.0113015956447127
0.0126031918062572	0.00870551968635294	-0.00914362182165517	-0.0102029749285816	0.00240498428963595	0.00145819059581414
0.0125852865935414	0.00706928520824618	-0.00326113984486314	0.00217160991998648	0.00292115299831994	-0.00138770411066392
0.0124026325116454	0.0136659610598517	-0.00726454801302667	0.00104147363472649	-0.0157274796832378	-0.00356953188793909
0.0126081399907261	0.0161941545003478	-4.3177729167049e-05	-0.0168159295878342	-0.0128746790110797	0.0238550680491663
0.012926689518643	0.0163277434828984	0.00558038180575968	-0.000648181836890653	-0.0106156606237708	0.0174329370456717
0.0127261453830281	0.0256525888123734	-0.00218163065689856	0.00730199025574477	-0.00604282282448737	0.0100229019361883
0.0121320868737537	0.0191363575151698	0.00448376748526547	0.00943745226422617	0.000539212907202815	-0.0114334943927653
0.0122660365107416	0.0236382749290797	0.00608729489433219	0.00287100886779328	0.00520316675652426	-0.0158872256385082
0.0120559665786691	0.0206839925095969	0.00215589537373753	0.017269648316386	-0.0117094365337216	-0.0141501927490411
0.0122880118123584	0.020398048887584	0.00181185442987054	0.00216419997147514	-0.00469404302759399	-0.0178391020745885
0.0126763315868252	-0.00224716898366977	0.0191486193722634	-0.00193822530711253	0.00912727084594064	-0.0124926389379255
0.0133551741117652	0.00747933447262927	0.00837182834923204	-0.00106915581364047	-0.00511944547956767	0.00489754947658831
0.0134223682526917	-0.00552552189923025	0.00926006077676802	0.00365110021529034	0.00810673209911545	0.00330252895390221
0.0126711483120682	0.012527200225197	-0.00646282514312958	-0.00103291853568281	-0.00199047105887784	0.0213535914019431
0.0125965005223968	0.00701822199500479	-0.00878569319897192	0.0180297379536766	-0.0149915674207818	-0.0128734415565288
0.0127238551434724	0.00700731045536923	-0.0101249486160197	0.0179899098151463	-0.0196072272587522	0.00761106149066928
0.0118979303876559	0.0108544952471025	-0.0148650086692752	0.0124806584776885	0.0082584264450828	0.00379969639409028
0.011720529132399	0.00914088770685149	-0.00186669280279191	0.00865383604847192	0.00223369821941868	0.016335344293446
0.013030917637201	0.00369549381217035	-0.00638011908640034	0.0126047883784544	-0.00539442963449545	0.0222153168207167
0.0123102339082055	0.00243119216871478	-0.00741917161031682	-0.00979199188201647	0.00786950743585703	0.0243441866180978
0.0119866143683733	0.00418674845490975	-0.0131368498254808	0.0102232184602597	0.00935686574010714	-0.0195854074890544
0.0126489693588419	-0.0090570679618171	-0.00539058482525355	0.0242867069423452	5.27966070987262e-06	0.00731438447868437
0.0119815105839908	0.00547666856153727	-0.00951575400090814	0.0149457721333679	0.0123654351443486	-0.00124308314403346
0.0137431905475063	-0.0175495285560587	0.0106925303587924	0.00108525258308943	0.0171644835175995	0.0281772658537124
0.0142977779381853	-0.0241918265525312	0.0221709438960353	0.0182446913585712	-0.00720482723298514	-0.00475549267455893
0.0120978763636696	-0.0115580906088965	0.0180479470686025	0.00995425155862071	0.00492737514316944	-0.0158180087522498
0.0123544059949523	0.00536741716556159	0.00565490825491085	-0.00103210491838217	0.00105236087412037	-3.1569848169108e-05
0.0121590020977473	0.00193581331540021	0.00677738836548154	0.0112013313345946	0.0112349102576075	-0.0141896087552896
0.0131453097229482	-0.00489128494269861	0.0119708609607669	0.00833163543666769	-0.0054720623450251	0.000527987791983721
0.0117745219740767	0.000206827968435373	-0.0026655115993583	0.00345621567288001	-0.00719809379668087	-0.0141949818288087
0.0120175853304556	0.00178720592190194	-0.0041270501815515	-0.0220686869362355	0.0300676628269215	0.0193890115215861
0.0123707917777433	-0.00683739034559801	0.023724152843878	-0.0455235633681246	0.00171615376991559	-0.0151536617631004
0.0111533048388643	0.00430064878739508	-0.0100533584635286	0.0161615589766949	0.0114051599464838	-0.0202469134331048
0.0124774812326578	0.00471726826133166	0.000916111970045061	-0.031379938509026	-0.0164267846216193	0.000561175967633181
0.0125621204908273	0.00581326689013616	0.000415861334198228	-0.0322050571183097	-0.0191262441987123	-0.000384493405516352
0.0119378050075015	0.00611388255146566	-0.011075046961013	-0.00752946537917079	0.00369795522568742	0.00670042618140188
0.0123721819131668	0.00240991361268425	-0.0116172003196889	0.0141140613868213	0.00109708889935652	-0.000621289480933294
0.0120861618373097	0.00260859120172355	-0.0132074403816516	-0.00431451653781805	0.0304831341866553	-0.00810722535205344
0.011845133048028	0.00421456318255305	-0.00925939892582378	-0.00486300032872353	0.0156616062399611	0.016080853937115
0.0111267520947687	-0.00561846012458657	-0.00938873843038802	-0.011505244106901	0.00758703866626109	-0.0184124461107474
0.0124837328526246	0.00774708517258512	-0.0215865110144081	-0.00268889429605459	-0.00191889111514816	0.0155103315668976
0.0120529769788248	0.00357549499759321	-0.00968669265836652	-0.00148292818652985	-0.0124922618286401	0.00769108118222392
0.0115561914660627	0.010054140595176	-0.0170609959936331	-0.00347305740468172	0.00408908802495621	-0.0110726793870083
0.0118772722406923	0.00366821776945577	-0.0127755542147453	-0.00681536077173981	-0.000102065539637954	0.00951513883651564
0.0119508436309708	-0.00788684559034735	-0.00935626171425979	0.00251473345458338	0.00586293596499579	5.23045599183439e-05
0.0115197343931653	-0.000673070936941371	-0.0017272773907332	-0.0147777930748657	0.00880172369138867	0.00408129672856657
0.0110081775287702	-0.00176463355494246	-0.000817405346331712	-0.0116530187862127	0.0109735613462102	-0.00258298196155557
0.0118604777655626	0.00562725098295865	0.000806901556583249	0.00187917834892835	0.00913891743961915	0.00569104701340436
0.0134525400188419	-0.0185972408763981	0.0156718485392929	0.0265445283151715	0.00621285705131975	-0.0121319929508676
0.0131612454513272	-0.00805778868349493	0.00559782832527627	0.0127390386583464	0.00855150811425853	0.00579102844923041
0.0131743321979865	-0.000249346085639203	0.00724998418192229	0.00394848125345666	0.00701500535632078	0.0212565147196831
0.0116988268782829	0.0121359652435483	0.00536337073914219	0.0201960700578306	0.00815117233979696	0.000310639977227776
0.0126079558395443	0.00466402247115476	0.0113874371868979	0.0218401533656984	0.0155030339491914	0.00466027812481301
0.0123134353014729	0.0129565447413696	0.00316773738507087	-0.00228917714799595	-0.00647114037138636	-0.00129460139979904
0.0122336490411351	0.0125886581770012	0.00696926446359297	0.0101505230439768	-0.00358770886530221	0.00432918587434429
0.0124687705186746	0.0124004607235605	0.00706144716368968	0.0144458647294084	-0.0113425193191076	0.0118766601199433
0.0116227152841779	-0.00434329716427175	0.0160477844725905	-0.00853301205022418	0.0123772723472668	-0.00869493366020774
0.0120309613126924	0.00203760368647726	0.00628559042019695	-0.00338126220384726	0.00487225259414298	0.00522012621603516
0.0119529418808143	0.0101829608271936	0.00170716456083529	0.00282581002843632	0.00820736258802259	0.0231524417599233
0.0123352940620069	0.00778040810865458	-0.00529222424486887	0.00291285172898403	0.00830435146735265	0.00657048706462972
0.013189600000467	-0.00470081847043191	0.00798578573852437	-0.00345041187157758	-0.00363677682689776	0.0127081104826901
0.0137899408376149	-0.0103215778125901	0.0129116740150351	-0.00378124843796305	-0.00427546157318455	-0.00897627799476123
0.0130295415335212	0.0013147715528077	-0.000214458246717641	0.0127940935777078	-0.0117706234295109	0.0209892460772339
0.0141224129180689	-0.0244407189487601	0.00632943609772197	0.0101431698188871	0.0171469993803131	0.0216886963034575
0.0118945794468461	0.000682577193328546	-0.0048178761412516	0.0123978807642771	0.0134168244709212	0.0136211438113742
0.0134444281183582	-0.0117267526183798	0.00302882515048502	0.0159382119868731	-0.0134728936697338	0.012561731970484
0.0130381014205384	0.00564168953950715	-0.0044617062586287	-0.00152060324805599	-0.0269861391380747	0.0133496154745014
0.0145193005171349	-0.0167794688892086	0.0131951767344216	0.0262904447190471	-0.00628098573806196	0.0122257826377699
0.0122624872598246	-0.000418628194718551	-0.0118586984572676	0.0165301338794288	-0.00196265579855343	-0.0181906010860987
0.0118470540519222	0.00234702977372377	-0.0186436245740045	0.00988228238235385	0.0157503489662557	-0.00923495897431412
0.0116687786158009	-0.00408108628319267	-0.011102218764123	-0.00363747482156273	0.0190423352437213	-0.014005288285288
0.0112898695304344	-0.000489896562679893	-0.0087998111301288	-0.00798124571587469	0.00228989726099182	-0.01050052515992
0.0119936343837645	-0.00489791667232238	-0.00500000161629785	0.0013281407407628	-0.00906142418878871	-0.000319887398680264
0.0124840555896438	-0.00320405140240766	0.000968146904119673	0.00748717306039876	-0.0235063612808569	0.00467762860558246
0.0110694206458481	-0.00263009944597158	-0.0134975930807754	0.00384114259927882	0.0101376852740147	-0.0119266305868375
0.0115310853177749	0.00140746689472282	-0.0158440133491803	-0.0121141510003767	0.0144244392326064	-0.00549109412770684
0.0118260157024327	-0.00210454135883298	-0.0087469626976303	-0.000252668825005891	0.00803292359315582	0.00811987763888285
0.011921830124189	-0.00349427951469126	-0.0078704377226134	-0.00311867232058181	0.00945046238461144	0.00843679235568373
0.0122212225517353	-0.00469615978677664	-0.00834658689737144	-0.00842243607526492	-0.00891683331629116	0.0197230558078213
0.0115544290858061	0.00209549239572179	-0.0140552350077635	0.00871880417526095	0.00901416425591647	-0.017300691690929
0.0114043460012142	0.000669542171364441	-0.00866960447671397	-0.00144309981278966	0.0132018340475902	-0.00180903412588126
0.0117962512670246	0.00207338535779997	-0.00809371036803172	0.0103833005134375	0.00877215172337672	0.00577140430162085
0.0114716533842695	0.00315334302254868	-0.00512496772174753	0.0111768947649032	0.0165737057780291	-0.020016023195843
0.0120873799856261	-0.00221225489716513	-0.00425910390489873	-0.00289726040655745	0.0197325353264725	0.0204541759223343
0.0122759673570605	0.00300564203254233	-0.00829700732207819	-0.00328319746551483	0.00534674186533802	0.0133308549604904
0.0115532885809565	0.0015182435903948	-0.00783966909772994	0.00774557177413388	0.0107493541156798	-0.00710199651611692
0.011220151413063	0.000144877586873798	-0.00815364657062714	0.000393767359158899	0.0203328151811712	-0.0108567941119036
0.0126490654200294	0.000305576180202422	-0.00485110236490297	-0.00649504779488696	0.0015747013017113	0.00868635531119123
0.0142747362892034	-0.0123302327597947	0.021424920421058	0.010640610549337	-0.0223697353613646	-0.00472919339431231
0.0115554265829035	0.00741187116744339	-0.00191222027979797	-0.00463989256654986	0.0228263052576254	-0.00587798243029466
0.0116678006781922	0.00618827833306505	-0.0122118639674795	0.0152694193104472	0.0171649579939898	-0.00829242932899588
0.0123183838399502	0.0103867560726827	-0.00358692330503611	0.00355886134201406	-0.00837386041562156	-0.00822945010555688
0.0120937468123319	0.0122922081389233	-0.00185424317778622	-0.000998863333147558	0.0105959763907895	0.00901122156919691
0.0118179537835076	0.0059306761196285	0.000464784488543598	0.0034858716088208	0.00185922088513608	-0.00262211102681253
0.0124706507353996	0.00791114672522125	0.00147373644545966	0.0141519299645343	0.01016990610165	0.0147829009754415
0.0115393330570429	0.00324284149890979	0.00131612836675491	0.00234656401652847	0.0274397497340119	-0.0176382287011101
0.0117232410257674	0.00536062820078145	-0.00144062946278398	-0.00114941287236003	0.0104376076125807	-0.0204973436653072
0.0116243181137562	0.00563939657859348	-0.00333652039966684	0.00333237282477701	0.0123970436289852	-0.0200330703624865
0.0119241579373068	0.00376363529052926	-0.00495911834321389	0.0153965770717095	0.00283695213944178	0.0105468685916021
0.0120663172707776	0.000607896541770492	-0.00435910651997072	0.0144103560345786	0.00418564989232723	0.00259848955203105
0.0118820658664224	-0.00153409442611946	-0.00486517576514652	0.0130201510528465	0.0286231240258422	0.000316169701580033
0.0121956467989728	0.00234502700911641	0.00456480963311512	-0.00559579232657595	0.000576954915142089	0.00621455078443086
0.011915011559517	0.00371110940700538	-0.00540249416803078	0.000894366479789166	-0.0146641979036548	-0.00520183264285828
0.0117752105414267	-0.00321273420334355	-0.00745154596924392	0.0111450134262045	0.0093538735633779	-0.00133603071874399
0.0118256944617198	-0.00104462097686459	-0.0077477289544955	-0.0112648907280734	-0.0194675457224012	-0.0204530033219865
0.0144622617425424	-0.0321659542068623	0.0349828924149813	-0.00441110362756104	-0.0179284895292725	-0.0121347515778565
0.0114950848822292	-0.0211884570549369	0.0135064547634928	0.00152110570305656	0.027166621715718	-0.014531441032989
0.012054580896612	-0.00571664211099026	0.00745131081772242	0.0104636693873391	0.000807718550597976	-0.00499169490061254
0.0121944632102855	-0.00238823313175011	-0.00800699988420248	-0.003195880294892	0.00780402572012266	0.00780304641328805
0.0129513420673188	-0.0126416848028373	0.00242338591000004	-0.00569379796229489	0.0206508992975523	0.0205680874815701
0.0120017269661926	0.00164261127704195	-0.0083885080332686	-0.0100864016454672	0.0127409072333876	0.0212219964608893
0.0119897321903943	0.00384490239401089	-0.00757562998054612	-0.000755605034668884	-0.00702182735956303	-0.013454302323185
0.0124842532520767	-0.0048239295108772	0.00157632196591172	0.00908648642887145	-0.00420947638440099	0.00269316168995777
0.0118669714877775	0.00450692832689214	-0.0073953527994503	0.0212793502152124	-0.0138445305693864	-0.0120768166475761
0.0127318249584673	-0.00484429880566223	0.0141867204195849	0.0134611247353772	-0.00679028729079597	-0.00401989432832222
0.0139878606170101	-0.0129725973728287	0.00987321350423314	0.0115876201836534	-0.0067788362336767	0.00816954921027107
0.0121540516465215	0.014373567012076	-0.00606064936384148	-0.0079737943602692	0.0064684981091998	0.0116228838121148
0.0120644388782316	0.00389513220033452	-0.00185393472260276	0.0112471937385569	0.0123052580117927	0.024075383271441
0.0119523753484755	0.0130951764420878	-0.0075625339240355	0.0115688053609689	0.00691609779433864	-0.00584040610304601
0.0123464879309116	0.00617068521821001	-0.00199976723690159	0.0167728748841096	0.0053260979127341	-0.000221726785386812
0.0122694717925184	0.0114606195068269	-0.00288328705286362	0.00906605116670985	0.0112472249159537	-0.00196826312951928
0.0119736196437376	-0.0334528898855933	0.0210482557039156	0.0514213623510489	0.0200682977027502	0.00102671001407351
0.0134852814740536	-0.0215684729349489	0.0225689209222027	0.0208156048429908	-0.01082736060675	-0.000239419147911415
0.0148804492697227	-0.0172817686817925	0.0218706845122028	0.00943316714516452	-0.0189004407048121	0.00536785359697521
0.0148409972850773	-0.0170853368915391	0.0222232968633599	0.00913801581233344	-0.018396041655713	0.0052805305093274
0.0123479786373224	0.00618242222076094	-0.00605951425427517	0.0198685665459764	0.00890935141467563	0.00135806774473337
0.0124628341743292	0.00741856196735246	-0.00779958788043782	0.0198811841281391	0.0114123087036251	0.00250612717068826
0.0124877596613862	0.00128638565264403	-0.00640494031431678	0.0147155780294966	0.0150770415469057	0.0054746704182586
0.0119069632100992	0.00976684142128133	-0.00213456319271344	0.0118112595812284	0.00558610446234797	0.0132847402283844
0.0125303237581574	0.00622907641572144	-0.00725943011296459	0.0102964214846387	-0.0180775792302561	0.00989393289904274
0.0115956366077665	0.00482569879644483	0.000780173811856353	0.00460216809823755	0.0204346597538121	-0.00545392778694433
0.0117796683591101	0.00674362409557888	-0.0113664126412585	-0.00849630122702818	0.0124506998957239	-0.0121270832517888
0.0119212293071995	0.00386293455346359	-0.00957688995652997	0.0076783562496039	0.0167487616880298	-0.00492177123830098
0.0122882670589988	0.00392130591532447	-0.0106909717243123	-0.00400033506907371	-0.00457720957645332	-0.00411860124284646
0.0143504805491487	-0.012412543294565	0.0172388841434301	-0.0063634152678701	-0.0293851843477855	0.0144660083835398
0.0131459534116555	-0.0140359345810482	0.0137640941855425	0.00893621873834069	-0.0247891087234688	-0.00704915804393357
0.013436769624024	-0.0014281632764932	0.0198423661934756	-0.0238400371054292	-0.0317650283838256	-0.00552243323988
0.01236777716425	0.00329872851771005	0.00979733777855772	-0.0244868182182952	-0.0205528073692294	-0.0142140881187309
0.0116860849110022	-0.00535269334525264	-0.00143795985832113	-0.0198838664649063	0.0291087693358319	-0.0124471195085051
0.0118164323847034	-0.00736532724733835	0.0116335590995734	-0.0215756733541162	0.0236746408879944	-0.0114647050191298
0.0116729518196221	0.0044234339993641	-0.00356573957849133	-0.00119764727229487	-0.000306036382747344	0.0015169215020742
0.0117208272082495	0.00397176812579595	-0.00803751360988009	-0.000653597447693969	0.00616149713355124	-0.00330162718639051
0.011523730053659	0.00674830191836956	-0.00818142138585438	-2.6535216507001e-05	0.00448479273220065	-0.0173052771616985
0.0119075187984454	0.00754212876855907	-0.00619749563422969	0.00262487697374273	0.0113536820410941	0.0203161486838593
0.0115868759322125	0.00475473801935057	-0.00623950273474377	-0.000167021797866363	0.0126448376224513	-0.00825771416603386
0.0115190517764545	0.00374478409748202	-0.00278803663788203	-0.00384295702046772	0.0115398309342628	-0.00590024228029518
0.0119318811172883	0.0034981904436929	-0.00390554895403455	0.0109603020586102	0.0159040911985426	0.00887039222553169
0.0120251291887624	0.00910684974530906	-0.00603874984260802	0.00757149394798421	0.00527790321380727	-0.000851947770989164
0.0111524612751152	0.00452398092961577	0.00455092951289643	-0.00231720987190887	0.00459759339466935	-0.0163348587222585
0.0122250122523767	0.000852210857322451	0.00353672001111674	0.0106410959496119	0.00737607110705268	-0.00845317041464778
0.0116715334292335	0.00758315489690302	-0.011509211087071	0.0213942393682737	0.0162770537734708	-0.00999170008734268
0.0121155164277571	0.00649621688218489	-0.00688729984806049	0.00937644638336802	0.0104555508801738	0.00952344352837975
0.0125529506303269	-0.0117776676752829	0.0083815645258521	0.00358461758417731	-0.0223473245201578	0.004350707185172
0.0122719313767703	0.00279014692558678	0.00497170762972091	-0.00830723720352343	0.00242794279087049	0.00196955058358074
0.0128667923396867	-0.00198331113711288	0.00904720821004682	0.00846015428106768	0.00973223415979737	0.013125482256143
0.0133835934660277	-0.0191256444980902	0.0203026775982397	0.00392751650659535	0.0258477823215668	0.0374662025085319
0.013598958339898	-0.0205090277693404	0.0221043272932707	-0.00464746081020971	0.0311098026510177	0.0262967652005994
0.0132162896593436	-0.00969163105387658	0.00998943775235639	0.00329676970971314	0.00519048482146978	0.0147052411118052
0.0125204212133234	0.0118492332071438	-0.00369035376612079	0.00902983178790591	-0.0057093327575802	0.012790569908851
0.0146183547645806	-0.0321520794509487	0.0274353459866907	0.0147730368336731	0.0046503901430528	0.00119110814509691
0.0142147635619026	-0.0141230011938403	0.0231300030434987	0.0166537480032003	0.00854483267964107	-0.00943113294589572
0.0135271242894912	-0.0143628742354995	0.017290833224215	0.0186268742891185	0.0182173565262962	0.0109114571529932
0.014352463751188	-0.00645196110869357	0.0174328812811337	-0.000831156846779366	-0.0118678291433442	0.00274876124984317
0.0121876721339513	0.0194219025289187	0.00994959695831294	0.00489601122238922	0.0154445826289213	0.0101617451131861
0.0123113887231933	0.010207826177953	0.0100653179775616	0.00635870561861415	-0.00565603358055264	0.00435045439310789
0.0123081728785459	0.0139839479970122	-0.00144105558496489	0.0130338553640316	0.00801487884175203	0.0159757740908213
0.0128667433826054	0.00716292950038371	0.0088494397417598	-0.018560425338663	-0.00878177690106242	-0.00804981245544707
0.0127958712866819	0.00590215299763403	0.00957285150872499	-0.0149665220801276	-0.00714783652344341	-0.0106470431769033
0.0116177636803501	0.0032633741423286	0.00180443612037368	-0.00243767750457151	0.0190388479294217	-0.0194218432345712
0.0125282976975728	0.00370831184304616	0.00626223053082531	0.00318928215902823	-0.0237452334254861	-0.000956396324179605
0.0121974239365288	0.00740450361715547	-0.00241727309081697	0.0190410488644575	0.00120513973178828	-0.00434588209167147
0.0134230881375664	-0.0218429796758309	0.0191261821991115	0.0117244228155006	-0.00148809810401271	0.00700176974250662
0.0129586314297721	-0.0107461608964217	0.0163984582746265	-0.0114783995816969	0.0195294721328545	0.00991843090174659
0.0122500787315715	0.0108635043297219	-0.00382232042014426	0.00941808532316464	0.0272275352884186	0.0107673328025293
0.0121665350736222	0.00412338418291875	-0.0041034666509373	0.010430772988637	0.00652365576283721	0.00870523784515422
0.0121474924741273	0.00947644412374068	-0.0067943224399716	0.00108446510579859	0.00447254798995147	-0.000829512634901305
0.0114216143502848	0.00769903926983797	-0.00495780188248158	0.0136236565532422	-0.00547772902912949	-0.0108981209319987
0.0117595143902864	0.00768931495466441	-0.00912124004209585	-0.000638823819101796	-0.00932064985484305	-0.0180434150910853
0.0118212533691063	-0.00389157291701401	-0.00271507469131699	0.003992717097518	0.00242394636698457	-0.0071271644821928
0.0134743507503559	-0.0217695243317107	0.0185937121542162	0.00812163978323866	0.00903861840688256	0.013976333376677
0.0129746601823254	-0.015078095002122	0.00690696048319102	0.00502474092418181	0.0051961139009086	0.00673275502020392
0.0115369463029549	-0.00789975444519305	0.000110382987508547	0.00956497490837356	0.00197182035293524	-0.00464528522982227
0.0115611055648157	-0.000446057131490507	-0.0131995632162829	-0.0101000282492513	0.012089306962858	-0.0155502262747283
0.0115769282952473	0.0031195454113623	-0.0122857624534368	0.00640215563402918	-0.00564695423080844	-0.0135755684273102
0.0115909222847705	-0.0052957725618629	-0.0112419803213668	0.000906545392834367	0.00782906172588765	-0.00304440118625988
0.0127516519015185	-0.0051685945436099	-0.00048658563444254	-0.0172701548070578	-0.0143001300005753	-0.00240003230508449
0.0144214166544929	-0.0261001321637191	0.0284022400180675	-0.0119529048829812	-0.00731422792876366	0.0091321099978381
0.012689392700052	-0.00891821677421575	-0.00388214141256106	0.0108669245627941	-0.00112131338055123	0.0177687330795043
0.0125620318660298	-0.00687773390515932	-0.00664080935216743	0.0108445926975668	0.000629005942147865	0.0175257483937577
0.0121819687335711	0.00484686268210119	-0.0134085608072018	0.00493789568227757	0.00066973907393504	0.00107712555532146
0.0117685915352904	0.00482830911537409	-0.0113994395098054	-0.0158061409633969	-0.0121293119797973	0.00660733269694828
0.0114865109145812	0.0101912202390444	-0.012162521265837	-0.00781010248255785	0.00417419701741383	-0.021468466015165
0.0149989406156523	-0.0107123407108131	0.0138291781112846	0.00493246487986618	-0.0161763883986178	0.0131776606423049
0.0133258621435057	-0.0266047988806075	0.0236558001936506	0.0357405665982018	-0.00257088320626982	0.013293192291149
0.0141738157643836	-0.0373799696697377	0.0307694149564758	0.00496109955386794	0.00298976261803845	0.00951478172690159
0.0134713640643408	-0.00372153558296077	0.011793540412587	-0.000637328537213364	0.00791957940649334	0.00816267689755439
0.0120110215636525	0.0085969796382583	-0.00214708120832566	0.00545280578512547	-0.000873908758864622	-0.00513774061306496
0.0115792718613076	0.00470975731000529	0.00884872818000125	-0.0107575677718046	0.0331950546678056	0.0173225110078755
0.0130458134751722	0.00453278257452785	0.00189371778744218	0.0171114922043348	0.00655184504072902	0.0112572241876028
0.0126416545578276	0.0203547446736338	-0.00665589961464388	0.00610090702755649	-0.00528986640189318	-0.00269073349057012
0.0127967603285311	0.00655967224809521	0.0051335456049024	-0.011867022749819	0.0126200585097016	0.0223236437453454
0.0126238730416641	0.00575745550567424	0.00466234233657422	-0.0155211800771916	0.0146615476720951	0.0142061790565828
0.0121960942713727	0.0076870002803007	-0.000385485942499386	0.00996685831487507	-0.00108418521798921	-0.00554151798759104
0.011941764521886	0.0171287672061494	-0.00453349944880693	-0.00932213646089199	-0.000860183399056103	-0.00969656999610043
0.0117087548111151	0.0106777780324482	0.00273423235926762	-0.0033725031117777	0.0130022048328537	-0.00372060315746654
0.0124354138065131	0.0165148233614893	-0.0112708759801517	-0.00211527871167968	-0.0130001045357142	0.0196421194842247
0.0129773118718352	0.0112228455094592	-0.0029331318677794	-0.013588300844125	-0.00649592233686734	0.022892812692668
0.0124238574638871	0.0164246282017935	-0.00345002555063065	-0.0127346663019696	-0.00492631253218276	0.0147412389020686
0.0124743710845253	0.0155563682883264	-0.000434055081096832	-0.0205706114812473	-0.00230064131137023	0.0128103841656832
0.0122109593619307	0.0125415273235874	-0.00234305638079502	-8.79277134013092e-05	0.00676668848134444	0.00305351013279188
0.0124409849001819	0.00827246777519105	0.00409989396146338	-0.0058778014105246	-0.0184685819861242	-0.005318740653169
0.0121977457782934	0.0087949687805763	-0.00726726036238765	0.00953666813573122	-0.00205946789230459	0.0141525179007485
0.0119944436393901	0.0156477979661668	0.00149398311650496	0.0031204995674873	0.0157350214048394	-0.0213715373862906
0.012661266146803	0.0154896751199321	0.00164012635149943	0.00847602742445976	-0.0183082479644422	0.0131318359696358
0.0124282986985867	0.0171535602642165	-0.000273941050005101	-0.00734314388501074	-0.00422217063260345	-0.00281135590769625
0.0124404256890029	0.014799925227349	0.00829014054565881	-0.00838157631091789	-0.000605304140168903	0.000627481033502799
0.0122145543056077	0.017156811485345	0.00559217316645087	0.00226487797943468	0.000781316008106926	-0.0119241232784694
0.0120143156471413	0.00457443350191729	0.00750435130204924	-0.00825399136516683	0.0174925745841672	0.00172621660380562
0.0136625326016884	-0.0139073293792738	0.0201305364277359	0.00492741770070969	0.00534420887133224	-0.00519178685777351
0.0122586134250334	-0.0119686302401517	0.00888464381892132	0.0329475194100939	0.0186205103515984	0.00352600773664837
0.0124502349111295	0.00212506123411037	0.0224151170961046	-0.0289233626440619	0.00337061809908679	-0.00916362899666315
0.0121817097461385	0.00492099849837717	0.0233759661037364	-0.0310220329398542	0.0225367477205906	-0.0247948025925179
0.0126122646294072	0.000926148009641771	0.00606598177649963	0.0172674583802938	0.0100503981018485	-0.00140310154340608
0.0120370231207854	0.0117535041198087	0.00172042607610064	-0.00483365299391808	0.0102369314204728	-0.0164511709781212
0.0132362400667149	0.00591486724343065	0.029757357003297	-0.0428748134396721	-0.0143850097281195	-0.0100818721036964
0.0123634948178026	0.0173498521010345	0.0048067231315603	-0.00260841194214407	-0.00767938650234737	0.0047347489729676
0.0123339093034702	0.01012772951009	0.0132911273925819	0.00373118108410776	-0.013425805303548	-0.00475493687487104
0.0123041506836937	0.0171845635180176	0.0136458703313131	0.0100802045296	-0.000809526914205258	-0.0161644853301836
0.0121815733235624	0.025030242784845	0.011029187974599	0.00604133650308734	-0.00283191058014881	-0.0173078171383891
0.0125730050725687	0.00141722266386604	0.0234111968783732	0.0123394543034919	0.000985295408489337	-0.00304415494520966
0.0119158257667725	0.0181630645901938	0.0202143045952275	0.0160524523667578	-0.00676278698895319	-0.0201465713501955
0.0127094609333228	0.0231210097818987	0.014920529153543	-0.00419883838998403	-0.015457343652071	0.0120653539449108
0.0131790543354378	0.0251186003288058	0.0125141350569615	0.00881178648374812	-0.0222730616529139	-0.00466001941478545
0.0128016200810978	0.0205017940223196	0.010378869004312	0.007828204345842	-0.0145887472572412	-0.00768088333235667
0.0119248360587339	0.018992045884007	0.0136283701557739	0.00490279096082325	-0.000992954596084136	-0.0192689912019474
0.012439189806836	0.0269381289060335	0.00911024262549361	0.000596596758069374	0.00135676543716302	0.00596062129315677
0.0123117959128409	0.0127927506430776	0.00437734998656465	0.0096977792835482	-0.00124849663130178	-0.0114028601646174
0.0120830185799212	0.0127692463310542	0.00306952178344006	0.00905158180068236	-0.00481727505953567	-0.00553595963642057
0.0130710207607083	0.0137730699994519	0.00282869817372712	-0.00796780083348633	-0.00813337623818638	0.0195203526817887
0.013455925364255	0.021005440133154	0.00837520237496998	-0.0143293385656354	-0.0192372894500584	0.012814029081353
0.0121016643196498	0.0183561513928716	0.00341611241882471	0.000621105876439132	-0.00716468350475124	-0.0141150226975625
0.0131535915873613	-0.00704266799315266	0.00379301991798927	0.0154354689098109	-0.0129803582961254	0.00740223769562612
0.0121877069792001	0.0101819793666046	0.00252188469213139	0.0135307930659841	-0.0176120482998392	-0.0177393873920106
0.0121972825220529	0.0124937101978272	-0.00497547672683839	0.00350467418711046	-0.000734548095478673	-0.00304696260599041
0.0125131420869739	0.0117470942901429	-0.00532458908054755	0.00490346924870596	0.00523821097078865	0.0144432424971463
0.0127482081459733	0.0116139563914611	-0.00452322447285825	-0.00747860125128195	0.00203856340405593	0.0142045476569451
0.012890426628806	0.00523607494757507	-0.00350834909879631	-0.00275927466053122	-0.0037974812313104	0.00746292115881242
0.0122975178998381	0.00736962681916028	-0.00148735576930428	-0.0107304075098057	-0.0058445715461657	0.00664359340378255
0.0119724124589799	0.00875673845102673	-0.0106677031468226	0.000804873499164376	0.00392145572229758	-0.0130582391680529
0.0116955034570068	0.0105654108317597	-0.011722711859885	-0.00359934729292541	0.016049852658675	-0.0152299101706886
0.0119065820072328	0.00527842087296157	-0.0129768567790283	-0.0139757588848312	0.0109792771178271	-0.00634638944177712
0.0119889722741684	1.70848965629087e-05	-0.00821129691209922	-0.0128205768231852	0.0119254089842422	0.0163226171479479
0.0114301069185439	-0.00303727474874705	-0.00857279551611156	-0.0144851196095344	0.0233399179974532	0.000607016042530746
0.0120315494726888	-0.00107414547081348	-0.00680105799686437	-0.00598179469249888	-0.00886409632846453	-0.018440917243405
0.0113030019081434	-0.00116454858533233	-0.0107356716997581	0.00975304673809088	0.00610047769091206	-0.00171972073006406
0.0121199079363887	0.00573190243334622	-0.0135344326001169	-0.0102473059825877	-0.015850449263463	0.0100543774552467
0.0118969428419716	0.00304168809720406	-0.00308485731880259	-0.0143758032332679	0.00374472776375685	-0.0297224888222501
0.0126815226625563	0.00475736965357719	-0.00692350538069561	0.00453451062443991	0.0116715465489199	0.00335345982121684
0.0130270944836884	-0.00185405817579832	0.00811830167533927	0.00558577683352323	0.00550476487492178	0.00646336615369989
0.0129690417677528	0.00354263037664328	-0.00217067814840071	0.00361844525714958	-0.0141810251098343	0.0148561095645414
0.0129660521572278	0.00295311814816659	-0.000958818698211503	0.0028439103726181	-0.0120985153399083	0.0126827236293214
0.0124119955200286	0.0146088486316293	-0.0085108136524015	-0.0115097149383401	0.00401106207816403	0.0143062948455032
0.0121735194449675	0.0129209750165168	-0.00795223476608155	-0.00424344880116369	0.00410068178872038	-0.00583965159233448
0.0118444430043465	0.00622886253580092	0.000694990297223759	-0.00171199636153246	0.0111035308942282	-0.00136858688292985
0.011968969678787	0.0107338495148084	-0.000675449280128327	-0.00693939129530496	0.00288271382700669	-0.00327476701037526
0.0124410273897384	0.0122397829854297	0.000799177591116749	-0.00674676835635474	-0.00250625934910934	0.00951160130508398
0.013727807973101	-0.00584626526428902	0.0194263532615528	0.00906273947679579	0.00214960876966248	-0.00762438726404071
0.0153376078696008	-0.00571696584691894	0.0135434604938667	0.0340667618130472	-0.0333144866230451	0.0171544002817988
0.0150423481353965	-0.00627610477631901	0.0159402896716538	0.0316545662528416	-0.0351886712304153	0.0108015759557099
0.0109652556322886	-0.00325794262973635	0.0109374984870643	0.0202500922395891	0.01739926679802	0.00675868437940709
0.0128017115219613	0.00909176415780407	0.00847573826635215	-0.0277504132759146	-0.0132625292888745	0.00899819114574944
0.0119437379548187	0.00780299836149797	0.000997376112811149	-0.00486368147043826	0.00417858721159576	0.00696579197135001
0.0127829785028991	0.00909697536991149	-0.00835280946544399	-0.00726605472925584	-0.0100754044453871	0.0104615227446325
0.0126573311381548	0.00449513721854323	-0.0141207319425868	0.00868605383629073	-0.0104940813191013	0.0097114570608899
0.0122498355935552	0.00560528785120691	-0.00826532977610232	0.00319061100567394	-0.000269851897423624	0.00263349661172405
0.0126902558670422	0.0104179088155093	-0.00815367136577708	-0.00140980658356312	0.000910020200565393	-0.00572896995648689
0.0125244039964189	0.00257777536988453	-0.0127539309580515	0.00878780758880353	0.00652174203325259	0.0195030364806364
0.012803025301564	0.0114677480632107	-0.00629514143690774	0.000225502097338987	-0.00235802488970896	0.0285076788481194
0.0118459845570041	0.00500653836542072	-0.00763398652225026	-0.003327760888989	0.00171608493703434	0.00901671372117669
0.0137341697789282	-0.0143229303301636	0.00912298133584205	0.013270068563903	-0.000703171033938893	0.00929677746971498
0.0133331847032507	-0.00570202958962879	0.0073903917437242	-0.0108966143289778	-0.00608731348793404	0.0144363412525287
0.0115511208725555	0.000476876964109172	-0.0230649537553655	0.013437327998102	0.00436457410844348	-0.0116183711674672
0.0117030496117555	-0.00980182561193464	-0.0221934362443733	-0.018338521345888	0.00551400527507613	-0.00554388255091561
0.0109494867555148	-0.0128486899294508	-0.0182002574078458	-0.00930162363477342	0.0139374192617267	2.04262314024732e-05
0.0114663864926142	-0.020903758380599	0.00471188803043996	-0.0249516860459953	0.0162203460675644	-0.0182453513253591
0.0128409427704859	-0.0234173125661764	0.000740753575486755	-0.00198299077738308	-0.00927411691129198	0.00122864736046759
0.0118114551916642	-0.00730641186824391	-0.0109840722528851	-0.0242996492457754	0.016275397083506	0.00738399862551513
0.0113192445513582	-0.0115603851242697	-0.00544722121060666	-0.0175702704567583	0.00555842540272344	-0.0139498573732091
0.0117590871025013	-0.0107912323677753	0.0124895359665463	-0.0415336735907841	-0.00614287765427522	-0.00159807631863013
0.0118943076030633	-0.00983225426994738	-0.0156455664388898	-0.0060452238247092	0.000584585058952478	-0.00581097944975703
0.0117384194065396	-0.00485051450548298	-0.0166844038409783	-0.0119123658549401	-0.00573472698212133	-0.00594222232653208
0.0116864084915753	-0.00752214890979265	-0.0182613769863911	0.00248331845108057	-0.00175775468805991	0.00954299989027874
0.0117971529437067	-0.00456713048113131	-0.0234766907625301	0.00470543517659802	-0.00696657496911135	-0.00177877084539966
0.012605052327864	-0.00863777037658398	-0.0211666071672151	-1.45236712072933e-05	-0.00878247683856404	0.00879584080046915
0.0121507370772935	-0.0108277319575583	-0.0185220296856762	0.0138565718183652	-0.0161366891658906	0.0197741418909685
0.0119084784227165	-0.0134430924613413	-0.00862814199106072	-0.01597938441011	-0.000145011576379337	-0.0127089515839467
0.0113004932673048	-0.00999198646804051	-0.00156023119099413	-0.00247284228849353	0.013718107910838	0.00568507283312621
0.0129690236303607	-0.00177739620001413	0.00395935385965537	-0.0378548690562393	-0.0195276663569878	-0.0169349678985348
0.0112743301762645	-0.00804209806596047	0.00349797224231335	-0.0211564550952157	0.0114086855831149	3.06309326182147e-06
0.011701207783769	-0.00561862491760435	-0.00720653859948632	-0.0103603358060784	0.00105774533517968	0.000857904319257815
0.0119263243902882	-0.00935666416616265	-0.000646849878122782	-0.0137506480108266	-0.0250876243295009	-0.00471548539131586
0.0120052148278841	-0.00281342548615388	-0.000996744689675136	0.00834125174826391	-0.00884429500476183	-0.0114095198915907
0.0122645876797711	-0.00959486062886231	0.00426413085820951	0.0116642795414397	0.00106977763879022	-4.27543801160034e-05
0.0121872802350838	-0.00210323537382599	-0.00254170886487513	0.0055301956890811	-0.00985411943075138	-0.00953315050843615
0.0133021040728647	-0.0121733847294286	0.000273617061215451	0.0172875774220057	0.0109508706500183	0.0228862050972473
0.0118616746045525	-0.000873657087557829	-0.00908402729349312	-0.000247915899843746	0.0107549032982117	-0.00088413188392407
0.0115554040917309	0.0033902403508135	-0.006190452919393	-0.00185404912247348	-0.00482445335801252	0.00541612030326116
0.012067006959173	-0.00579195557879439	-0.00403558398728304	-0.0074610038943817	-0.00926149645726254	-0.0112048047979736
0.0122692829113068	-0.00464173182318224	0.00357515283374392	-0.0282619884858867	-0.00396475209241393	-0.0193641862975107
0.0115725767843358	-0.00732583369739885	-0.0135078676894759	-0.00112551307570158	0.01816669539905	-0.00241817089859225
0.011610082573433	0.00108736196911172	-0.0098603844877492	-0.00898528840008592	-0.00407395284074131	-0.000135262376238179
0.0112400503997226	0.002435538681834	-0.0114421117393647	-0.0055351524747951	0.0183204173673238	-0.00219715820577821
0.0121835070221514	0.00438274494739087	-0.00871878914800724	-0.00763254856184968	-0.00399042975193322	0.00676459169985388
0.0121124885893375	0.00734138618118499	-0.0139323478921576	-0.00600891961686299	-0.0172814163073034	-0.00722177082959379
0.0115515546158715	0.00332426257085082	-0.0090553063371908	-0.021740801990051	0.0120528370168572	-0.00998594162869859
0.0116925139855173	0.00396447811852304	-0.00926309078725795	0.00570175971344789	0.00794631830769631	0.00300719864800078
0.0116569625316228	0.0024921074740968	-0.00690121163707273	0.00311542406711428	-0.000405317751429258	0.00296398704634673
0.0115718822458943	0.00388928110518493	-0.0103814619381606	0.0164095289841606	0.00156162407879346	-0.0131125575056767
0.0116382093976593	0.000508877673821863	-0.0115878197447315	0.00631485963918549	0.0216843747067712	-0.00426138409517021
0.0122461119654782	0.00445315738160368	-0.00937980358754586	0.00126626604843782	-0.00409754762698699	-0.00720533561933482
0.0124202441670819	-0.014054771605765	0.00542973396795765	-0.00547680281898659	0.00679652566646809	0.00437951326636349
0.0132680276045952	-0.0171531105108465	0.0122686894980553	-0.00470476120119419	0.00343177458240077	0.00539401296667663
0.0115309563790368	-0.00713976001371891	0.00258637748516388	-0.0229088503267884	0.00212023556331052	-0.00220713398636804
0.0113807805510846	-0.000531762782986637	-0.0107985933866934	-0.0018166528315989	0.00759273806663618	-0.0250065393794169
0.01350816505189	-0.0251955526953449	0.0121888897988443	0.00762672830676298	-0.00407312269394065	-0.0034150866707622
0.011650765419872	-0.000957691588427519	-0.0127486812542224	0.0164625948651727	-0.010192595871735	0.00972643715697409
0.0116160214156236	-0.00808997077620693	-0.0117680031334197	-0.00199962730575518	0.00452703735017853	0.00543651297512358
0.0110266824642797	-0.00935807280657987	-0.0243576366984928	0.00636469576504765	0.00756861100300629	-0.0226230842085474
0.0105962630498353	-0.0103950079873945	-0.0076157430704468	-0.0156417210871477	0.0452959995971681	-0.0306329597950017
0.0112577309668825	-0.00356301401630575	-0.00623965838432109	0.0027030278145999	0.00718077698534557	0.00570271763893559
0.0111698894361854	0.000774950312276967	-0.0136290676152951	0.00567442794690121	0.000621239913197957	0.00194767721292956
0.0115524144600083	-0.0007180066467643	-0.0185019933566877	0.0141276256830798	0.0107113327614299	-0.0258577096124302
0.0107955128364595	-0.00732392101122796	-0.018203330632907	0.00989539591763485	0.00248002354922553	-0.02525222162398
0.0112756449600286	-0.00486055109203436	-0.025851823990235	0.00964008264735445	0.00575423920738794	-0.0226254537522566
0.0112930021242071	-0.0129563073041701	-0.0178013093711182	-0.00209392754723576	-0.0146319428420561	-0.0026591020556718
0.0111362056762889	-0.0123367448135132	-0.0165115806880973	0.00515649371753164	-0.00242402245270735	-0.00245364415976269
0.0122113193776195	-0.00499927506699697	-0.0112861638890337	0.00412537182590245	-0.00583409442266105	0.0031901121538091
0.0128489538328261	0.000192755867550571	-0.0128751949301818	0.0063071495236154	-0.0148478524574388	0.00568252843388831
0.0112308468228954	-0.0155017019165195	0.00154591253821795	0.0051768365110017	0.0314526162067344	-0.0407132832413718
0.0121824519351739	-0.00263479822084044	-0.00986044453517422	-0.00256679792735952	-0.0101364873240836	0.00377018604596247
0.0128440703890974	-0.000104208261886938	-0.0145135006502466	0.00813783533361273	-0.00234619728167487	0.00577336078652874
0.0102773695256506	-0.0232011191110771	-0.0142644593900754	0.0380673949074998	-0.0096557036153561	-0.0227703434274832
0.011369361615395	-0.00872897122754841	-0.0151412304047587	0.0110085590605728	0.00464653122581234	0.0124807559486828
0	0	0	0	0	0
0.0118251189414221	-0.0261202683952923	-0.00187408168095065	-0.00280339433770306	-0.00860987109831297	0.0111226911603511
0.0119857579055235	-0.0228132801564173	-0.0107546034796429	0.0164227210486633	-0.00670345150489139	-0.00413345144808948
0.0133979158538754	-0.025532646636669	0.030705482893197	-0.0294771140161193	-0.00592496521848592	-0.00611508697197099
0.0127013272645411	-0.0321669579819931	0.0103217772703005	-0.00741162309078031	-0.00605752743004952	0.00237576231212278
0.0118685494262315	-0.0186803291701452	-0.0113435880695531	-0.0126581618948441	-0.0106015046794313	0.0197265741875128
0.0119155959558967	-0.0106668944285912	-0.0117856943114495	-0.0113875287776072	-0.00715026643443988	-0.00607294989814123
0.0135093025626255	-0.0215148967632528	0.0127996867306419	0.0124575199714211	-0.0222266948287685	0.00635489347242653
0.0126955839003073	-0.0176372751887234	0.00494091080361552	0.0096753452239065	-0.0112788642363938	0.0126661885816432
0.0118598033174605	-0.00497571150565849	-0.0115161452890604	-0.0156902402077938	-0.00257069454373079	-0.00309406413117817
0.0138145424412664	-0.0190369949687135	0.00984903243122005	-0.00355461360047205	-0.0161400146919497	0.00408763010359586
0.0138448098287405	-0.0195918499024316	0.0107317247241551	-0.00310053677443895	-0.017055946667485	0.00232846809166008
0.0117896568902316	-0.0105875612101784	-0.0115561686803214	-0.00163586298823439	-0.00304015936329412	0.00921201038061678
0.0115841866461706	-0.00950928452983765	-0.0162736929317307	0.000556464445175869	-0.00332319466270948	-0.00774808987460081
0.0124846706145455	-0.00798872572415768	-0.00687627036581979	-0.0216103730144624	-0.0188726298344623	-0.00383821371158424
0.0111179672542075	-0.00222671931391512	-0.0139520905987425	0.0162916771427139	-0.0128693587787622	-0.0343669829227296
0.011106435940732	-0.00972556795864228	-0.00898981040281818	0.00703316848953093	0.00832340834530511	0.00176988694931641
0.0107381400332728	-0.0111288866934905	-0.00756298363847244	0.0038065426859689	0.0114163022416352	-0.0396574768381223
0.0122908559939238	-0.0112463255262383	0.00086466624555965	-0.0362583014713957	0.0174087380704641	-0.00254959856749337
0.0125402520026748	-0.00905589070687458	-0.00500260567789656	-0.0298437312502045	0.0116448158721166	0.00639940627923399
0.0121194788011643	-0.00334485031111412	-0.00844830724205407	0.00368225689747722	0.00543156470678932	0.00574097786811965
0.0123871800393305	-0.00663526307672527	0.00198869926856856	-0.00596328147659205	-0.0089537379772098	0.00123350295245128
0.0120034350681585	0.000618896150855915	-0.00472468816726966	0.00674609296368483	-0.0356601159341148	-0.0145799780854144
0.0118194681432102	0.00407225302591237	-0.00874455390849188	0.0221766257135011	0.00382992945129696	-0.0113881088425747
0.0122580969231738	-0.0122125555549831	0.00876763133242159	-0.0128566985347549	0.0106398913491819	-0.0026874267677195
0.0126868751676815	-0.00713798133965944	-0.0033009238711938	-0.00154170365277853	0.0242936767517951	0.020459902042338
0.0123547911501461	-0.00255624691055667	-0.00521127382637967	-0.00865239724162608	0.00778643611269584	0.00704578562926653
0.0121210444391485	0.00835317421561612	-0.00687256393030278	-0.0110734141033358	0.009026664051478	-0.0124715749187266
0.0119814814986225	0.0116050822581702	-0.00631148528356309	-0.00195775434800241	0.0037376285758558	0.00584328870355463
0.0113966976837925	0.00796334143115496	-0.00343556957128939	0.000513899371866395	0.0211066960407884	0.00389990471783151
0.0120048538757304	0.0142377102045907	-0.00229022247375003	-0.00511637473860005	-0.00343330367684339	0.0218902952347987
0.0122867273418039	0.016241520369125	-0.00465276994657048	-0.00198058960732952	-0.00788090059339566	-0.00385809321321858
0.0113354674368168	0.00864012456987133	0.00495320298274477	0.00570137546299625	0.0166443724529887	-0.0217896118189221
0.0115482336483589	0.00790165645523322	0.00853055459023621	0.0183814084515949	0.0253581299483957	-0.00832573475189003
0.0122460854155525	0.00938529394861595	0.00480616346217206	0.0110307614380855	-0.00839272633099897	0.016272381062057
0.0121110691123165	0.00536896101102053	0.00801859246417398	0.0106291072010904	-0.0042393299370216	-0.000648485739800691
0.0122001473801394	0.00363556919326419	0.0190976745679668	0.00877875646772009	0.00895737001448016	-0.0106496367198921
0.0124947679791231	0.0168928309168779	0.0123449795953491	0.00210093735491503	-0.00697117665677265	-0.00405961441831474
0.0146872101516513	-0.00877988532038252	0.0232827683373357	0.0033277644597459	0.0130069401750348	0.0275078935445991
0.0128034375205271	0.0125568459464835	0.00575724618649643	0.00578470242311196	-0.0146035194466329	0.0148935586465821
0.0127844546542374	0.0136985876449877	0.00419588361790132	-0.0107575556846835	-0.00423747272890134	0.00918488580369245
0.0126698628389556	0.0131132263195747	-2.14474882622418e-05	-0.00697667496786342	0.00534622197449152	0.0117027338099301
0.0124027092046663	0.0181339466027535	-0.0047353049574381	0.00682170433842838	0.00455460287704387	-0.00524835248750762
0.0118468604253861	0.011068481322441	-0.0104008156527601	0.0106926792557392	-0.00424685013995595	-0.0212873265851443
0.0123562909839288	0.00417143692874285	-0.000511651569730869	-0.0156397650437651	0.00438706110059721	-0.000921238853895398
0.0118631205705417	0.0144273785871034	-0.0122832480106452	-0.00399019532015787	-0.0107687287171898	0.0135560282271741
0.0133800963194595	-0.00348613865309518	-0.00188349864484477	0.0147600643587428	-0.0067665858140883	0.0170514383374879
0.0120817163825517	0.013685516834941	-0.00228642692971668	-0.00960079771534178	0.000472106373272409	0.00615542672117882
0.0119733138482634	0.0121405062723491	-0.00456006336424578	0.0209003569954648	0.0111586121130117	0.00751876759861287
0.0125825547687694	0.0105713160924272	0.00446529389981215	0.00784040177002378	0.000882433552820698	0.00371094868571844
0.0121647956519479	0.00675447703039255	0.0021458644557071	-0.00499530700668769	0.0155868103664256	0.000272212326581409
0.012581900873018	0.00711628645959054	0.0169690821940041	-0.0146615668548084	-0.0100269392164984	0.013657216414278
0.012342311843645	0.0192109168792625	0.00782028763279375	-0.00927154681285277	-0.00722546675768779	0.00407290888593929
0.0131771146864182	0.00933341866567387	0.0117691842796214	0.0017306429416032	0.015409205401911	0.0198778564258017
0.0130056533558336	0.00785826760866685	-0.00181491543845834	0.0224471254614185	0.00064546517907638	0.0087560719826009
0.0124973912097596	0.0160786777948525	0.00569087760152938	-0.00330028105995942	0.0151723381178795	-0.0132341061500998
0.0119830724983176	0.0255674895880988	0.00936851227899733	0.00578998793234313	-0.00894546687792865	-0.00692597761704157
0.012126940296403	0.0254845488428269	0.00833264232601592	0.0104424036596733	-0.010346179867181	-0.0121757089009117
0.0122218015138834	0.0249289790772011	0.00825266650374205	0.0132521811276988	-0.0220636050056219	-0.011541972113918
0.0113686363502784	0.0165524622867769	0.0118644342417451	0.00380360855484622	0.0150813570564936	-0.0334896225890817
0.0121323721744702	0.0191627413411078	0.0172320401530515	-0.00941465155421445	0.00797072880731092	-0.00667002390362222
0.012061362117091	0.0215649194759509	0.0130725256191319	0.00689095083975901	-0.009004402231049	-0.00854164492652658
0.0122878586137912	0.0205579692190657	0.00969753149696499	0.00289008438576044	-1.98925876057671e-05	-0.00950755999263956
0.0124831603972712	0.0223032950292665	0.0103545689237372	0.00183865144928716	-0.019000162494793	-0.00940041163573994
0.0125315634563429	0.0223379249952611	0.0141025936067387	0.0080540665727893	-0.0160164356145628	0.00164169105415392
0.0126367910273825	0.00783424261883321	0.0225790068231663	0.0121608212153258	0.0103997238403857	-0.0151104016851532
0.0119242508535183	0.0174171398291569	0.0242520999653796	-0.00946496753015209	0.000349951488773516	-0.0364695437225286
0.0135640957083508	0.00717098570897071	0.0146195097541942	0.00393057919311605	0.000628912498201869	0.0140610580755771
0.0139783116422263	0.00443213533495942	0.0264659421132695	0.00201361349793607	-0.0219426394198749	0.00562517940948072
0.012646798517339	0.0210491260582955	0.00949217172353403	0.0177147704836963	-0.0112762091059696	-0.00774012629301217
0.0127444463303907	0.0188846803882594	0.0127120113648558	0.00482387428226424	0.00434408983151987	0.00162615742614547
0.01310981335556	0.020286557511071	0.0102257149008594	-0.0143713708412533	-0.00323694641023462	-0.000668130153560481
0.0121444889032395	0.0158604938458132	0.0162264143849155	-0.0169721126624086	0.023388224244627	-0.00497246183804488
0.0125809578989256	0.014045492605351	0.0178449359087651	-0.0166819771717215	-0.0032885179921493	-0.0220725348326178
0.0131408189598563	0.00173909277205963	0.0125928292003777	0.00417830101824301	0.00424765003625473	0.00255702668343565
0.0117468378567449	0.0150727808498872	0.00105285307718259	0.0113364260447305	0.0122899950939924	-0.0139864720083687
0.0124477202195776	0.0153409881802901	0.00243035459296054	-0.00241871981880723	0.0203174489735908	0.00386048407157434
0.012310512308552	0.016779731893055	-0.00294699441338053	-0.000280638351501494	0.00628524189792562	-0.0119025815486556
0.0124744859176123	0.0151392841380779	0.0028428849346782	-0.00631963296158992	0.013101915841384	-0.000158704911538024
0.012611043728566	0.0111944241863473	0.00383229124455626	-0.0235859725714959	0.00849326058665856	0.0158999951887933
0.0123627976713031	0.00913832518451806	0.00257433893543548	-0.0072965356145319	0.0220804159692828	0.0194544891540097
0.012144489639447	0.011077533158427	-0.000311122495611419	-0.0239300567491704	-0.00162964454900138	0.00489920161580429
0.0117607262429672	0.00321916399522838	0.00886796716359015	-0.00460287329591422	0.0182276553449847	-0.00698826293025885
0.012506461198069	0.00807382821859793	0.00106459127998391	-0.0118086548771405	0.00431936795233827	0.00601991353601674
0.0124883907179927	0.00451880384375403	0.000846310984753775	-0.0106350296057422	0.00218725648463111	0.00843948310209182
0.0122195010148204	0.0024378503934239	0.00144256981533933	-0.011780536824124	0.0131835044439159	0.00113045886515836
0.0118168661198262	0.00503266015028468	0.00307313477831949	-0.00778695120303557	-0.00799014304345712	-0.0114355035646976
0.0117323742961867	0.00965460402954904	-0.0123313989086609	0.000316612422517917	-0.00578568012623638	-0.0268178615433315
0.0120643402064318	0.0114605830803162	-0.00687815044024635	0.00683834242704799	-0.0103972963276236	0.00591971731890639
0.0117331810447567	0.00540158908630206	-0.00365255689303898	-0.000578187739101136	0.00542569384693599	-0.0062776122901912
0.0125753784897846	0.0116508000207965	-0.00697216421968508	-0.00021586045769563	-0.0150066680828553	0.0127729219539695
0.0134012427407883	-0.00878245016335506	0.0131170725900125	0.00309121488966891	0.0112705472519252	0.00325050844143798
0.0129452157628827	-0.00368928757080738	0.0101620590166967	-0.0154416991333817	0.0116083770798688	0.00699511971620631
0.0126790367849727	0.00570950350757597	0.00356892960743344	0.00167396998989935	0.00595841464145925	0.00964738346022174
0.0115059926478575	0.0134138843866692	0.00116340565847233	0.015421071848627	0.020369900864572	-0.00944228215383961
0.0120092327322007	0.0178279937659348	-0.00390383283480068	0.0118347878897873	0.00394574770567692	-0.000186751360317954
0.011099027179214	0.0113968641769398	0.00724731088814473	0.000283967990553085	0.0154068778350335	-0.013954450019587
0.0118780108301898	0.00854736751413026	0.00977700721761489	0.00375309507898942	0.00684889343721179	-0.0114999069955243
0.0127266260731111	0.0165122659047241	0.00678383706441062	-0.00646151490662531	0.00688004623445149	0.0110510365457263
0.0128805728118192	0.000909557744165505	0.0168470895133746	0.0246160461049057	0.00409901547001346	0.00385608136758838
0.0126837844375812	0.0149693076532616	0.0148399151055211	0.00237611772926979	-0.0310064203278629	-0.0055828362081845
0.0128821463637438	0.0159275033971934	0.0156587773515449	0.0117768677099113	-0.0259236010346968	-0.00627497313295921
0.0127320686601141	0.0216295574482044	0.0171830917224235	-0.00379801867511543	-0.0205701374726136	0.0254076955225068
0.0117679313825245	0.0208346193012163	0.01864998192114	0.00655574405880854	-0.00349571217051735	-0.0291531609710742
0.0136352060089005	0.0205501963901382	0.0143813373765657	-0.010695919477848	-0.0132727833529671	0.0104696776115573
0.0124909777125829	0.0154338126004452	0.0275622650831152	-0.00587616475139101	0.00234165320548892	-0.00556895111612287
0.0132424245450173	0.012393355297272	0.0174335260878975	0.00419275875856213	-0.011250692292697	-0.000559210913349505
0.01434212225638	-0.00474183697925873	0.0301575255416356	0.00532512990068966	-0.00729335801979227	0.0118712967671193
0.0124263973764476	0.0249524753237498	-6.67711348061742e-05	0.0134867234387977	-0.0147651893521523	-0.0175940083705926
0.0122354734480669	0.0204461833802108	0.00740099401125646	0.00746993830832331	-0.0117318867963771	0.00295213904177929
0.0116494718513024	0.0166314281911443	0.0103826445228261	0.0138057770696551	-0.00346610925053883	-0.00576906527804645
0.0116920222710114	0.00644609629757491	0.0289379447835618	-0.0194436577221138	0.0198228823785427	-0.0249559755421731
0.012654830236318	0.00294843095704319	0.00554216465385154	0.0187073090594328	-0.00700584992796366	-0.0064086329092011
0.0126334957125084	0.013821650863955	0.00263071546282196	0.008724328481037	-0.0105761654036857	0.0143712430982853
0.0122526648567118	0.00953177121269889	0.000738938217762662	-0.00572601267667965	0.0151974843756262	-0.00443553319018061
0.0119982340069261	0.00515747041609097	-1.93365671007706e-05	0.00427953110421012	0.00140712162752377	-0.00384433741257032
0.0131577814507312	-0.00410335354012294	0.0112457685930558	0.00266562236965915	0.0019881863593122	0.0153978862489871
0.0116630648654754	0.0116070644226218	-0.00530275422765004	0.0104916867521696	-0.0137575803324185	-0.0101075844728281
0.0128448318417931	0.0144284111150585	-0.00754766805177869	-0.0107295095774864	-0.00363141606992031	0.0263119309816503
0.0128056072548317	-0.00882841189689522	0.0112852113202575	-0.00655305259049686	0.00890018761363937	0.007830480986488
0.0125270049750351	0.000304867415758019	-0.000432538562265833	-0.0112922075177711	0.0069261357417979	-0.00169842783575287
0.012833737993134	-0.000583504286247867	-0.00310711336310771	-0.0137226332071584	0.000635214660913625	0.0145401544424822
0.0127049022803226	0.000805744654194192	0.00405901428087532	-0.0354046380125267	-0.00354626192187284	-0.0201781507031484
0.011873810829403	-0.00128175343407221	-0.000366514377260485	-0.0154309845582957	0.0168186398721583	-0.00142913378242216
0.0106243195133142	-0.011585250686625	0.0066162045917772	-0.0195380165453785	0.0126467280076123	-0.0394812041760975
0.0115974101272818	-0.000572489342727994	-0.00200505055367911	-0.0312370106053151	-0.00609418083217193	-0.0264392456161845
0.0118324530664782	-0.00342493421936223	-7.53748333496276e-05	-0.0150760385442307	0.00864015178571931	0.00214309563597157
0.0118265450836268	-0.000537208007906092	-0.00631164086983991	-0.021758230552439	0.0105250464911134	0.0152166172329817
0.0119524408987859	0.000480818816439046	-0.0117929283646021	0.00786897623216922	0.00189350684782902	0.00280613838573959
0.0116006021219037	0.00133543586333894	-0.00896456032938791	-0.00731306737541909	0.00152133555635452	-0.0112571505200107
0.0117279389872518	0.00545548588872123	-0.00944186780437045	-0.00789935501452922	0.00980837058240173	-0.00115612073656537
0.0114769400184334	-0.00098131970739193	-0.0147066710219711	-0.0020494768111217	0.00507466193242643	-0.000406115759283072
0.0114909044709768	0.00045650640458279	-0.00926761577971667	-0.00660584791556796	-0.011814666674978	-0.011099705449417
0.0123543961545052	0.00286706777982354	-0.0142170186622522	-0.00138886447572144	-0.0115269942701736	0.00244033546363699
0.0119428966770269	-0.00098933400119365	-0.0187703058831723	-0.0107158600052808	0.000983797704687553	0.00742877532313762
0.0118613656580511	0.00443803104183172	-0.0137943707461611	-0.00308380460620706	0.00309324633601955	0.0198788018054155
0.0122319810116999	-0.0168240713249859	0.00131158570288448	-0.0242344702996189	0.0291430351052074	0.0167568150983108
0.011075784197644	-0.0245343833017065	-0.00355424006693504	-0.0125689399336803	0.018684026510156	0.00973734953799804
0.0111530171671538	-0.022167706899986	0.00224544010741826	-0.0147333717973461	0.0111978149047206	-0.00206348306092695
0.0117620836887701	-0.0110783229250566	-0.00327886270397851	-0.0248324676012837	0.00659507255822286	-0.0159990688381921
0.0129160044750604	-0.00475783665626506	0.0120965908113626	-0.059152857325137	-0.0349935704069978	-0.0148388556260433
0.0123049560737219	0.00186587959341771	-0.0173796736818569	-0.00550843734156621	-0.00540627185542478	0.0300595811252838
0.0124046123474699	0.0016510055126808	-0.0151742274003573	0.000389584417070522	-0.0107597746559374	0.0226353141870024
0.011873496131727	0.000509695053782983	-0.0128442510431144	0.00787351040730305	-0.00284925720554352	-0.0262217470881521
0.0113993119529834	0.00257781840656077	-0.015045012957243	-0.00574955992198776	0.0151519483281181	-0.010614632664953
0.0112123859824674	-0.00297363741277416	-0.0100485049352646	-0.000272371544914653	0.00345929388091733	-0.0148722181181849
0.0111988568449435	-0.00779503846603873	-0.00743020663203618	-0.00883499220857512	0.0111547825143823	-0.00328329875670581
0.011497315062241	-0.00184621727587061	-0.0158613893595216	-0.0167297268211745	-0.0200274876674335	-0.0109246912341869
0.0117902764440166	-0.0057450263107249	-0.0181400564529418	-0.00744170929811761	-0.0162192375225003	-0.0106951681482881
0.0115421952299083	-0.00692083474812695	-0.0226668793898284	0.00748245960874393	0.00900269537250304	0.00092898033908609
0.011125668637191	-0.0121211656907823	-0.0225654860561761	0.0087702422484129	-0.00141152437605536	-0.0165019053786633
0.012296064784091	-0.00564467126256143	-0.0182156924039553	-0.0150719153573159	-0.0184100001631142	-0.00328140713703495
0.0126007613843364	-0.0147134417064444	0.0055997737891738	-0.00104323601425588	-0.0100127969658194	-0.00325553390270794
0.0131729718605516	-0.0152406323728452	0.00122601004713248	-0.00771961799629778	-0.0066630488641624	0.016542524757655
0.0136528911449867	-0.0210114983645118	0.00560560396976746	-0.00399025290822488	-0.0161743941062626	0.0173279165746467
0.0123368346450497	-0.0127940083750505	-0.00686626087427347	0.000396528961070439	-0.0039553309107291	0.00674604956741045
0.0111952777205701	-0.00869994159605814	-0.0113080596415445	-0.00226318243277875	0.00481865180978036	-0.00308019155458055
0.012635849604363	-0.0073247015353268	-0.00724010044653183	-0.00578209129663871	-0.0279150468776526	0.00915720015871791
0.0116758111604863	-0.000999393817278385	-0.0109916067607429	0.00825719540946398	0.00500387552040706	0.000425976038531994
0.0120626753349679	0.00762300842414111	-0.0250986274072672	0.0019030729235939	-0.00135171024765148	-0.000798185587996165
0.0119484846293598	0.00319761432584515	-0.00691837469719589	-0.0171120061103662	0.016925308275804	0.018410894927521
0.0118004079618999	0.00557235789036916	-0.00465425727491311	-0.0199013726823832	-0.00132659539859532	0.0133805096533052
0.0137235696331226	-0.0121927379066413	0.0120387764533256	-0.00908042355249947	-0.00990424650011819	0.0151461398671108
0.0118203129845741	0.00999571111024854	-0.00559005546045078	-0.0120929299126017	-0.0208979457485733	0.0168554843820316
0.0140070464583136	-0.0148529853781248	0.00937878972499066	0.00346314432929772	0.00067006400125819	0.0170829947937533
0.0129023096003972	0.00109029996300487	0.00197462950406576	0.00311005289112391	0.00262582305475157	0.0208224943599921
0.0127422984092237	0.0112342961172149	-0.00530207978364195	-0.00393451526858437	0.00259239783630643	0.00569238428173232
0.0116985166106578	0.0089882266244959	-0.00643606672490176	0.0101281072674539	0.0109523202997258	-0.0103467213558767
0.0119570284171915	0.010747860983185	-0.00371810846073977	0.00484239587264322	-0.000330985560116932	-0.0040037936113187
0.0130105967186502	0.00325371173686226	0.00179203899635338	-0.00592356987240879	-0.00657508581891692	0.0129419923969569
0.0115485433256859	0.0135027182465247	0.00563357951101943	-0.000721142935285048	0.0188142191434233	-0.0075543317021684
0.0121041751987834	0.0149843455284089	0.00867948219530264	-0.00571561746749959	0.0101451942114735	-0.01869521416512
0.0122491845202814	0.0142958264652306	0.0116631993161859	0.0300044593912008	-0.00364067024773611	0.00585712209278298
0.0140464626247018	-0.0101849745912872	0.0283175659463817	0.0217163378943584	0.0154672793052463	0.0166230751651167
0.0156946054164497	-0.0111304992875569	0.0149711924994727	0.0143103038862183	-0.0336670591764117	-0.0018461327850522
0.0133683478263384	-0.0250582793902034	0.0182578645519459	0.0340187639607551	-0.0206524782151146	-0.00911557580547297
0.0123115210787095	-0.0175979667562121	0.0212176882721191	0.0281839463219103	-0.0152268190312165	-0.0176453526025258
0.0134756926943128	-0.00755120944436935	0.0334780925413958	0.00359423338160288	-0.00376815446814129	0.00189214927367691
0.0126551734227878	0.0194163528279837	0.00998399840699814	0.0154386351202175	-0.00565712305046619	-0.00302390888398141
0.0122833036297854	0.0181192729545322	0.010528304760561	0.00980360874890762	0.00610052743605884	-0.0206831236004071
0.0117678474449768	0.0189053162733947	0.0106300053569432	0.00479496792019731	0.00505776470574177	-0.0211918935247389
0.0128413313150047	0.0229876213084664	-0.0014758711159349	0.00241375055248098	-0.014202263120829	0.0122400933974289
0.0126646392786999	0.0104897103995216	0.00992052539902822	0.00108877725402735	0.00524995223715568	-0.000782642142518821
0.0129080783250197	0.014446781809926	0.00760474786507941	0.000629366426128729	-0.00533887387039794	0.00447869225252424
0.0136602810714198	-0.00571208838596589	0.00811606132230866	0.0161518828942408	0.00190492073002056	0.0124233889496305
0.0143927708990682	-0.0125537609265255	0.0120767968269141	0.0183900886386084	-0.00160423961111052	0.0175348050315621
0.0129722215461897	0.00646674663850716	0.00862750232563213	-0.00693117204847923	-0.0111425392004267	0.016380548185236
0.0146742739712837	-0.0256492573774723	0.0152447863623385	0.0162786921166194	0.028067759934182	0.0228413018573421
0.0126469662099945	0.00461116496516409	0.00539110108126425	0.00772082533450566	-0.00299378336933957	0.0129092315712475
0.0130179788177908	-0.00118113553589763	0.00710343409794046	0.0129778192799097	0.00387152044706801	0.0104051086757525
0.0120760988513269	0.0202931648536438	-0.00330913904818944	0.000126317820503197	-0.00666109546659412	-0.00867236669591916
0.0116387852143065	0.0102950818484946	1.83389691428173e-05	0.00260555814139403	0.00998041651564301	-0.00253640082275711
0.0119868259848467	0.0189917733110725	0.00271324633086021	-0.000386002225869536	0.00291224759527461	-0.0156576248151781
0.0119818733324997	0.0193685809522556	0.00274343458199253	-0.00254491798752839	0.00329325468732625	-0.0120349049623976
0.0122458780017188	0.0115095350072304	0.00580426020584112	-0.0160454994739492	0.0139702203383906	-0.00364867558778845
0.0125469899269237	0.00854668642566585	0.00374849768613197	-0.0107860869864801	0.00413612009821952	0.0161554908227945
0.0116685782577937	0.0138054581054253	-0.0030317163062234	0.0157000767862451	0.000125296739599367	-0.0193820151713287
0.0124300377530677	0.0164557471339684	0.00102432783534419	0.0118370474459846	-0.00605872125230681	-0.0145219015702537
0.0127861260101322	0.0181903873436698	0.00272840500652676	0.00411415897616251	-0.010368905003375	0.00832085591047046
0.013071552526071	0.0199115547990142	0.00444059618133634	-0.00998809133595643	-0.0111687095233776	0.0110727092577913
0.0122330452180813	0.0140383203932504	0.00919245178349577	0.000894198865637635	0.000142445047108086	0.000900504692766886
0.0135422561377435	0.0123719396593599	0.00890778533092724	0.000460572448595799	-0.00129863388895835	0.0159047416257696
0.0134493151135343	0.011174983535432	0.00543802542719984	0.000378479150704552	-0.0128542126056374	0.0281712000394752
0.0122915042810468	0.017531251448397	0.00072022606000356	0.00726096407396025	-0.000244096827689785	-0.0108815566542539
0.0126658107636997	0.00972115284598295	0.00516450133400163	0.00655870760177129	0.00649954376473526	0.00166865031069083
0.0136588319954194	-0.00342940444360461	0.00828632152428951	0.00354880273821399	-0.0143574443572314	0.0110226222913
0.0139236346007985	-0.00633728676976113	0.00703056551665027	0.0116546971530796	-0.0155508044160357	0.0173396188224322
0.0129392420944471	-0.00184741527262329	0.0164022191156947	-0.00254322440501845	-0.0013502008124332	0.012792181844323
0.0116058963554109	0.00664179987796611	-0.00438937166112508	0.00256283189028687	-0.000175712585063187	-0.0195302486512749
0.0122213831790757	0.0090271170818176	-0.00329574545631714	0.00195649121211769	0.0125816555847116	0.00102230223781719
0.0122013936334531	0.00963860568032107	-0.00344530178475628	0.0047818564410908	0.011834545527641	0.0006263091018281
0.0115544268800839	0.00520899349631477	-0.00632255773934303	-0.00899902563944379	0.0129578541662671	0.00292890080458038
0.0115161132922741	0.00514405992245088	0.000933999909813211	-0.00351738296228666	0.00221571755544178	-0.00193387685304291
0.0118300167392174	0.00674414694400131	-0.00293139466702612	-0.0123154461195968	0.00457290701375872	0.00046687448765974
0.0115471325871515	0.0127623859749095	-0.0104409975064666	-0.0183439657072029	0.00215160436219702	0.00248765436485817
0.0118321737529047	0.00808267458487298	-0.0202284448400469	0.0381023539202864	0.00616135895150757	0.00152488503382873
0.0135902724089269	-0.0223931548122573	0.0316829191244824	0.00170633657622963	0.00753888014868072	0.00345127107807159
0.0140070660447319	-0.0195787834222547	0.029861623903088	-0.0043029735862904	0.00572971358930394	0.00739187627123488
0.0117420632863089	0.00296963943989094	-0.00572400193425535	0.0115327650271318	-0.0149254574619307	-0.00506321626027997
0.0127388769064544	-0.0121859125767432	0.012461084918235	0.0115860989248416	0.0127602487156481	0.00538480063243565
0.0117613806629512	-0.00315442328685874	0.0045035293132238	-0.00458223131967111	0.00704226750351439	-0.00576523816438657
0.0145459733105434	-0.0103622613747586	0.0141113888565293	-0.00173808695297311	-0.00928379163656975	0.00447902756422604
0.0226510479644405	0.00591442699197518	-0.00700642256122958	0.00929612498069114	0.00868770605171965	0.00475293846749595
0.0234054200764205	0.00793352354824881	-0.00624127964324397	0.00768839051120218	-0.0047786518191818	0.0131813555263545
0.0236804066843739	0.00724777235799021	-0.00579039901726447	0.00853670695649398	-0.0039481998779011	0.0104177340537422
0.0224091861668488	0.00981717997858314	-0.0075862190211909	0.0131076133646057	0.0059940263234663	0.000344345303363448
0.0230810461792341	0.00925631589269735	-0.00766078022035305	0.00914625169596467	-0.00083991237359615	0.0111561261421321
0.0229662653594122	0.00820487298531267	-0.00944125640225836	0.0106224809610776	0.00325467089195171	0.00758050851617086
0.0227511139592029	-0.00277808086643948	0.00543712354879093	0.0026801214138409	-0.0118657784460705	-0.000675971106573773
0.0123181873337091	5.94931549715821e-05	0.000963797196113728	-0.00203176475991474	-0.0050048046984084	0.0200885276986169
0.0171859254698824	-0.00833821206346366	0.012222565054207	0.00464165429641685	-0.0145085357338735	0.00614632119836665
0.0179812795436968	-0.00923547810552902	0.012181905811221	0.00595001896454596	-0.0137912526249168	0.00581400656837035
0.0123219094398829	-0.00114053255636978	-0.00190905209081808	-0.00672308154944093	-0.00220017834059533	0.0112144532507483
0.0126158964456157	-0.00397122535856998	0.00655846906919878	0.00203281846198559	0.00245642166110033	0.00919269929731197
0.0179469071180953	-0.00732605436297365	0.0133375343349855	0.00438117237826437	-0.0122131717350801	0.00764579618395655
0.0179439422470389	-0.0073806142371054	0.0132970730817701	0.00440559719209651	-0.0122478674182535	0.00763653885786883
0.0123018267030098	0.00198303834848816	0.00162108301447015	0.00301874944754918	-0.00529851290644818	0.010357339472211
0.0171922133043825	-0.00971788574819681	0.0118435367538617	0.00453954592958602	-0.0107758600387348	0.00434500543645218
0.0179758842954383	-0.00976924208612745	0.0122950647032441	0.00536349626400179	-0.0116968221850595	0.00635879432916195
0.0122642821650772	0.00108443102781688	0.00127545353240863	-0.00162470211793727	-0.00547030092140445	0.0165928658710762
0.0172245226105595	-0.00861515543785978	0.0120390785802333	0.00281556358298033	-0.0128249891406339	0.00596704970727402
0.0191608466555908	0.00304864848576472	-0.00600359400005337	0.0163879157807038	0.000986751270900046	0.0168102579747949
0.0193835997383499	0.00533965171961914	-0.0042160775538412	0.00848890917109712	0.00948952081054561	0.00474328540253022
0.0121582120106709	-0.000128475747802314	0.00503044714464326	-0.00170109838791069	0.00219920021890611	0.0195065710520136
0.0120439081845552	0.0103318373618587	-0.00219701824287334	0.00684510622939996	-0.00210873599325945	0.0139297592483382
0.0136878200365068	-0.0205572898047375	0.0229989528933399	-0.0170146135029575	0.0152039011956393	0.00617173624333552
0.0124634679812888	0.00709669058713695	0.0042385723589223	0.00180576035885984	0.00523770926971806	0.0137355289253078
0.0120017753607884	0.00818407420135854	0.005543264348061	0.00120750155395033	-0.00338238166941082	-0.00632504867912525
0.0132642839502062	-0.00637151455880611	0.0198446064010595	-0.00519435189327248	-0.00982254315667319	-0.00309749608151592
0.0134949789963688	-0.0169485239368674	0.0250533753099409	-0.0209716180709242	-0.0021546738925404	0.0133183188087422
0.0130609090972824	-0.0139812675683284	0.0245573038743072	-0.0233749499147107	0.00312366959866717	0.014168124872814
0.0144211641695788	-0.0182388185522117	0.0186204139885598	-0.00726169431565784	0.00118723491193849	0.0127481735293879
0.0146911801259545	-0.0172793256762891	0.0195379702623091	-0.011895962374011	0.00145129839283668	0.0139706998621341
0.0122221565480392	0.0159020554781925	0.00216321629985585	-0.0189257142846551	0.00991916954023309	-0.00482768960803861
0.0122438748163855	0.0182132157251158	0.00278223105938158	0.00182941594385201	0.00480205799803746	-0.00577979300096973
0.0126331345607585	0.000336403030539993	0.0166185360427042	0.0137613871195838	0.0126721049506349	0.0218068614667179
0.0122487301031343	0.010794144730943	0.0168404739125007	-0.0298878547597084	0.0254251162407995	0.00152999899208669
0.0123867278969054	0.0212458550047365	0.00389577080339058	0.00475394435805798	-0.00144117399392236	-0.00682255951429678
0.0128536032791394	0.0197815973338983	0.0075794607164057	0.0141734530794648	-0.00791330287749674	-0.00731826464006813
0.0138422516549477	-0.00457087292086465	0.0119435587700071	0.0112128028821594	0.00529509800155324	0.00496399815073104
0.0135334331614494	0.00516128332138714	0.0140125936229697	0.000436989634778414	-0.00478343438815056	0.0102633128605298
0.012649170973899	0.00930502274490475	0.0149819495093746	-0.00288621830368397	0.00366198106398238	-0.00295760804299286
0.0119921217033491	0.0155272985326677	0.00388133314808963	0.0104421807989188	-0.00110032035944653	-0.00190814758965153
0.0119341007116531	0.0134072241929289	0.00426714026593063	0.00676546124257061	0.0141206351953055	-0.00562715015178011
0.0122692550082739	0.0232237557103713	-0.00351653992282677	-0.00111330505011245	-0.0197663940953524	-0.00471006646185645
0.0106833513473657	0.0146046709000723	0.00176311715951748	0.000425917638184819	0.000216895023023161	-0.017558514412425
0.0114280357957585	0.000409362435534832	0.0234818910807597	-0.0119800743986636	0.0169024856484671	-0.0159440028197532
0.0121846672325167	0.00972471192997793	0.010347092821733	-0.00737273068482366	0.0050999711208266	-0.00971506824934975
0.0122016807027706	0.0119882883849583	0.0105809018504863	-0.0101920005667093	-0.000333423233293044	0.000734212757340488
0.0121921019186318	0.0141697637480612	0.00311834378125346	0.00543259870003326	0.0164919306953467	-0.014406842861796
0.0123939116775605	0.0208632569982389	-0.00628735488956349	0.0107546463736552	-0.0105161774556191	0.00816650182994852
0.0115605903248588	0.0107307081700434	-0.00581376747160892	0.0204292197771492	-0.00325991146103541	-0.0240037278069505
0.0121848408132332	0.0148833718798689	-0.00545531962199569	-0.00683779639780814	-0.0152534169723183	0.0151173485215623
0.0122394980196092	0.00929289121883603	-0.00481012092010351	-0.0102188804086043	-0.000374479787725967	-0.00820169678670847
0.0122898547719919	0.00374557480248303	-0.00909961514661894	0.00291293434367849	0.000449957191767626	0.0098586211808968
0.0136005614593531	-0.0135305586077831	0.00897091119396577	0.00404501865688483	-0.00134233436578155	-0.00483992453979514
0.0118498932657696	0.00663395264332551	-0.00556160333937653	-0.00340153098562584	-0.0113095766939819	-0.0156695260147618
0.0116122756654702	0.000635384321277514	-0.0096658614869898	-0.0141809415323831	0.0227803690165436	-0.00919676665009262
0.0113670117242383	-0.00766028036504499	0.00490361368228219	-0.0371759660731332	0.0434623603580535	-0.0247657144164225
0.011059837983449	-0.00198962266937353	-0.00882638198009456	-0.00588583327858688	0.022549097459458	0.00124197580837019
0.0117005365610232	0.001578135644635	-0.00693896917915081	-0.020165799141534	0.0070773359367756	-0.0187234484000849
0.0116585077337052	0.00167201153587126	-0.0130233583317125	-0.00524622450346649	0.0107427377418823	-0.00091937116542987
0.0121830210424621	-0.00240505462470635	-0.014971062093811	-1.44321135868326e-05	0.00399185821270782	0.00590685263323385
0.0121337066106449	-0.0107411032869777	-0.00396625081719921	0.0104745085644507	0.000839170638644698	0.00121625111481253
0.0123982338682613	0.00745522905765269	-0.0168076812004697	0.0009253601318717	-0.000600614037605003	0.00267284691612014
0.0125435405641627	-0.000446919726276087	-0.0167612219137438	0.00608614032211067	-0.0168006964512385	0.0139601310445634
0.0130943366782333	-0.0129409234961276	-0.00899393429282193	-0.0152897908654282	-0.00684209773399939	0.0205267934238404
0.0119908760136744	-0.00136969700982668	-0.02076455160459	-0.00152334150511139	-0.0175551973822968	-0.00701962262365052
0.0116236870495093	-0.00298721104798702	-0.0150897613800671	-0.00129565474831678	-0.0124773466190284	0.0101815538818931
0.0118150515517365	0.0041445023341977	-0.013523602008875	-0.0165070972549622	0.0104868577644969	0.00775454044875414
0.0116670152007767	-0.00270568808163471	-0.00603510531882333	-0.00240106366581944	-0.00478764244036729	-0.0138235606968802
0.0118186417648167	0.00548051949444073	-0.0126670851840929	-0.0182118775862547	0.00626314967928555	-0.00288997291251065
0.0114526077765581	0.0021513735372434	-0.0101302142416973	-0.0134049881320238	0.0143640979474147	-0.00794620091323947
0.0118370882280823	0.00349277255723865	-0.0151768504878067	-0.00531247465014521	-0.000293012445867259	0.000557936604267277
0.013024542408757	-0.0107189814126354	0.010759225093231	0.00887976270676084	0.00540030463581077	-0.00784622337468606
0.012721942788181	-0.00494442763843754	0.00174553424482269	0.00493133164098351	0.00377641033521883	-0.00145557071528233
0.0122753983224195	-0.00708917361443059	0.00471428279430316	-0.00123432672506902	0.0130295061392131	0.000322044633813729
0.0118635102656232	-0.00430505701032124	-3.68782917797676e-05	-0.0185966953405571	-0.00118887533855801	0.000656437183759575
0.0118503363502835	0.00562177863122234	-0.00672934987044993	-0.0161409580939025	-0.00361123150859927	0.00382850353997914
0.0133971479025575	-0.0195117619004436	0.0081036788973276	-0.00473286988057135	0.00064698006404609	0.0264972494372204
0.0120546933173184	0.00400414581962823	-0.00920844455846147	-0.00289353875725345	0.00694461245273383	0.0177931778183435
0.0116790675937597	0.00357499071360211	0.00463822137007071	0.000736230706910314	0.00480991630790641	-0.0215432175206431
0.0116178648573956	0.00358844292644308	0.00666741372950489	-0.0249201203207472	0.00866814744275553	-0.00588412358982334
0.0114567408468138	0.00603450233956198	0.00404892510051354	-0.0109416926562152	0.00774778179669635	0.000528046615929981
0.0116664023924997	0.00597972682117307	0.0128181201418864	-0.0362008823184989	0.0118349377430999	-0.0255131573813794
0.0117411180704115	0.013621493174967	0.00344310474648802	-0.00719957620370964	-0.00395125790401989	-0.00804339467510017
0.0119389886645908	-0.00888344093448127	0.00681605028703189	0.0167013459621152	0.00275801534734343	-0.00706053314234781
0.0107883992771536	0.0106569469123175	0.00184388437630847	0.0156767483480849	0.0165042851416646	-0.0289113932685436
0.0120067018040016	0.0144365413313879	0.0067407557534924	-0.00882694688573052	0.00852188236062811	0.0117187005469237
0.0118542754708863	0.00289029126415373	0.0123761057732276	0.00645747017911896	0.0168619395234887	0.000145487968201803
0.0133328411717577	-0.00995416962614011	0.0288554771601999	-0.00840935452763724	0.0101378899495556	0.00370758725043327
0.0126913060749262	0.0136117249265787	0.00404808943241804	0.0252777322029803	-0.0194901294462554	-0.0075563424048201
0.012736701651298	0.0136538225568269	0.00337326968930794	0.0255195416110899	-0.0219581868866152	-0.00707511021238358
0.0130964834020664	0.00645128307574944	0.0136191008766832	0.0102293310907406	-0.00114613682847976	0.0110960973933621
0.0128686026879354	0.0150211943022302	0.00894093107634184	0.00661949892617249	-0.00367405844019944	0.00997018072828691
0.0122665490404973	0.0145236633758856	0.00454100368044378	0.00421238977214232	-0.00489610624909536	-0.00271124533179283
0.0126441068705426	0.0124869530369042	0.00341128306168866	0.00651266584837917	0.00249521056507849	-0.00302627936517635
0.014041724289219	-0.0188308914157406	0.0266873728248763	0.00470602123687778	-0.00593201075245911	0.00387843940860756
0.0121338418326809	-0.0268313605151726	0.0183363698144716	0.0269701876928335	0.0126990285283851	0.022261241298742
0.0121976615047364	0.00534647246877503	0.00291997876069529	0.00332693865478171	-0.00162856006925409	0.00350810876769785
0.0128125435541162	0.00126501742501703	0.0174778217470691	-0.0234235811692543	-0.00644294515089781	-0.00522619729769781
0.0123712246449134	0.0202596839060456	-0.000353208883708415	-0.0085913375410032	0.00115013057742027	-0.00371971632001053
0.012437814714093	0.0198721242915643	-0.00132412712747735	0.00026061153345699	0.00100788622255197	0.00871484536804026
0.0122293813855161	0.0178201852618749	-0.00678709511023919	0.0106143339658902	-0.0133681358346651	0.0159982196989748
0.0123232215579609	0.0120516646791652	-0.00157849473205046	-0.00907097994010809	0.00818904352791891	0.0116128711930651
0.0116251978067288	0.00789603347596816	0.000444585602145358	-0.0135642429824067	0.015382138375525	-0.009824876711128
0.0130342414707195	0.00192280853667186	0.00137367822414558	-0.00181326851088518	-0.00333199075802232	0.0133195770829806
0.0129909581059427	5.89063854019137e-05	0.00127297789435074	-0.00436880210578799	-0.00395032512165137	0.0133995528253695
0.0128872000298788	2.27488414127081e-05	0.00189447686987843	-0.00319743047038387	0.000305594993426669	0.00656699371060518
0.0126712519947835	0.000928048583063867	-5.75205075862696e-05	-0.0036916339658929	-0.012190618583139	0.0104012101116231
0.0127575261030961	-0.00745617453743597	0.00813746382496978	-0.0115532721400707	0.00689221220770662	0.00627472823175051
0.012255438887721	-0.000135124354724125	-0.00288065354516092	-0.0130006621617386	0.0166531701166001	0.027057958783158
0.0116244908319038	0.008028312535755	-0.00650871215359056	-0.000354565867157398	-0.0014488071975694	-0.0122907867684945
0.0124560602384264	0.0134288563877818	-0.0107194091153568	0.00519708905274203	-0.0146940656929598	0.00613740044654567
0.0124831435611954	0.0145703020210198	-0.0108931053194172	0.00174257827279845	-0.0178444775784432	0.0055859977158278
0.0124037502127197	0.00837597230110909	-0.00337564957824298	-0.00607859110655218	0.0041704993949385	0.00888086202688243
0.0153779399582836	-0.0317278711225437	0.0280908499860641	0.0077493427994278	-0.0051475193994057	0.00465244076524974
0.0143753259989622	-0.0337520094668453	0.0266833279026267	0.00776968603496975	0.00681082473577571	0.00319008147977722
0.0131155178924024	-0.00513723416929981	0.00206257757420479	-0.0025610396849907	0.0109199008689778	0.0125703524117954
0.0132283990891506	0.00530397796189429	0.0147010971834701	0.000278190525032202	-0.00332723114561979	0.0163861438930234
0.0129910718414983	0.0105358013488199	0.00944267499106917	0.0259602598209417	0.0062950121266323	0.00734251648668129
0.0125475555236612	0.0183151836459834	0.000707222781965125	0.00898866392687089	-0.0147949420355478	-0.000431446891273765
0.0124621402178477	0.0104337553392991	0.00389696569357339	0.00976058076714769	0.00547996824269439	0.0253934716456951
0.0117573215257367	0.0175776407333554	-0.00293130381227383	0.0119686497413129	0.00133360553776295	-0.0145994680742497
0.0117078880850481	0.0152223719853956	-0.00275187200091331	0.0118911311376062	0.00132439245456202	-0.0101271435463992
0.0124732982905441	0.00603482096644575	0.0151416599568353	-0.00449238365187241	-0.00201765863567612	-0.00863467191618
0.0110661331455136	0.0100528134623359	-0.00495456663878292	0.00747877051276852	0.0330499915482015	-0.0236860107176441
0.0116847868604107	0.00266528134431409	0.0149643913971017	-0.0215616703178372	-4.65178777935525e-06	0.000732920686792491
0.0114287970400123	0.00445420979829584	0.000308581820727243	-0.00714842825818892	0.0101042704542852	-0.033429314801133
0.0122275797875391	0.00587699121282023	0.00813292929866717	-0.0168750430207663	-0.00284182781278154	-0.00627002675452654
0.0131723228145023	0.00699555053543717	-0.00410386225406656	0.0024160686531575	0.000356964930824741	0.0356230291506439
0.0122832078205357	0.0104175447439958	-0.00930669594610755	0.0152842269823197	0.0141011660909731	0.00881142548887845
0.0121402311294541	0.00590013692355035	-0.00309807055750684	0.0048115736383754	0.00189754692088611	-0.00518926675291397
0.0116891040359016	0.00786204836171514	-0.00203326530805561	0.00142158371641903	0.00732715615406553	0.00881064498635706
0.0115620032467778	0.00844577994441142	-0.00129690147823518	0.00665505999263448	0.00308157630154436	0.00184460491625131
0.0115212325206768	0.0018559911453994	0.000739490646501553	-0.0072130925649368	0.0200489668606223	-0.0307274014660336
0.0121051489883846	0.0130130633563495	-0.00643667277070465	-0.00172245076530244	-0.0101572577422519	-0.00413414447193022
0.0119223516891889	-0.0113878563982163	-0.00689447521620947	0.0144887500678449	0.00448024122113658	-0.0101747124256448
0.0112957173165978	-0.00251879964742292	-0.0156995121671732	0.0124758635096946	0.0185229558143972	-0.0196578057312656
0.0111259485190942	-0.000563062580731065	-0.00671325004510133	-0.0143325960144906	0.00201092472923312	-0.00736402281208408
0.0112467605994197	-0.00250150099030789	-0.008449877707112	-0.00572727416306264	0.0281975969924325	-0.0124962188979736
0.0115162582859211	-0.000373065202718346	-0.0103998621840674	0.00649519721481672	-0.0058620813761646	-0.00747249752863312
0.0134478022997671	-0.0110294505440662	0.00507241952583952	-0.0100774883093821	0.000713687634590895	0.0136234930284525
0.012672901222469	-0.0298348765598441	0.019069451006863	0.0130061604989764	-0.00293482224152984	0.011513054376535
0.0136915947662942	-0.0139199597338597	0.00822246674915201	0.0135179756869218	-0.0227884772441382	-0.00106906548193488
0.0137077430888989	-0.0137629193862808	0.00816361740266988	0.0132094746699416	-0.0227380054725445	-7.07638141399452e-05
0.0128608715993139	-0.00545235038938476	-0.00164774353264409	-0.00261705196354631	-0.00166380815536249	0.0083265128741832
0.0140234365749656	-0.0115416398671693	0.00738620688559181	0.0117250100755002	-0.0201353403344912	0.00581796617530833
0.0115036436827236	-0.00196659540128467	-0.0109395622490058	0.0160803660033491	0.00651957312546856	-0.0158076732566792
0.0125975877028655	0.00118205821896902	-0.0120231328902307	0.0098980983359775	0.000259665899917954	0.0115067083369823
0.0127000689277992	-0.0095532910531056	-0.00226759848650305	0.0131536713925476	0.0146913880196612	0.00295645710023033
0.0116712427977257	0.00110640298731534	-0.00062969895104269	0.00674672485093623	0.0166328912588646	-0.0106285988999513
0.0131516151393641	-0.00869744183543598	-0.00510695946163369	0.0130840969751296	0.0166394600132898	0.00982755032887595
0.0114773393376685	0.000439987833875014	-0.00572365172374256	0.00375507581063788	0.0214032349491135	-0.0273170065410089
0.0115236465114508	0.000922624550427557	0.00835874457140046	-0.0205459017245653	0.0169116287447942	-0.0304293973328289
0.0118646167966609	0.00746855363933166	-0.00266379374147634	0.00133618539773287	0.0177025513855821	-0.00501149318051068
0.0121909529902718	0.00940410178187586	-0.00736192329470658	0.00100592621769531	0.012925924420118	-0.0193974189967053
0.0117945812119189	0.0101779888834388	-0.00468581507291594	0.00160897048670415	0.00496576477164686	0.00552976023506788
0.012268148251676	0.0113050697141169	0.00208198727952746	0.00209820648253449	0.00501215608710418	-0.00153304405795423
0.0118050915389751	0.00906702979439578	0.00374258288852941	-0.00467470638160732	0.00625393860702902	-0.00869374766338437
0.0117399283924211	0.00402571808421778	0.00675991469633671	-0.00542773995232607	0.0159751394284306	0.00385847666373215
0.0134748715917529	0.00442154436127557	0.00768436019349945	-0.000442478268554883	-0.0202193023744604	0.000573557884614783
0.0133717164971729	0.00174240423614156	0.0126007347651481	-0.000960905112831959	-0.0232709206621762	-0.00275584461740476
0.0142934472169667	-0.0122237486933939	0.0294804787639922	-0.00787553624565497	-0.0212028177810907	-0.0122279813808153
0.0129117592417021	-0.00118958504023748	0.0132938618105184	-0.00735681301823888	0.00852515466903445	-0.00288570599146052
0.0127066445478311	0.00562042678987206	0.003939803837689	-0.0101419068577837	0.00422911415409939	0.0047929113940413
0.0131735359538118	0.00412275987386094	0.0104693984995574	0.000146587121828896	0.00225455943310671	0.00822477306206187
0.014599715250217	-0.0245907345149703	0.0217042834402864	0.01689255542734	0.0260603387913572	0.0123237313587255
0.0127782784612958	0.00119194591167909	0.00954440643573304	0.00735063686346855	-0.00671098235986106	-0.00121902873007547
0.0126168855231324	0.0138417234786955	0.00700226106842312	0.0131871391765789	-0.00555030339073135	-0.00323040532280247
0.0122541385032735	-0.00244316630340792	0.0139712010162493	0.0172266075943495	0.00440711940925621	-0.00188395122334727
0.0129977286772882	0.00286770549308371	0.0096758092669353	0.0108902061365415	-0.00192899897184278	-4.96650842827335e-05
0.0124969603474503	-0.00183651218408893	0.0140458690391199	0.0197533837481346	0.00707820829401056	-0.000406262423111599
0.0120723190933931	0.0140236774753301	0.0115720303661541	0.0124778805048186	0.00887787857610004	0.00486374475883043
0.0122837368063168	0.0166428050784883	0.00704909571793931	0.0105674241463161	0.00430554704366622	0.00211720620980321
0.0128128398933467	0.0104566397210564	0.0150224524842054	0.00710790207269508	-0.000415063890139115	0.00567114065376625
0.0128679000081356	0.00338049852690534	0.0203855575292517	0.00335733274525875	0.00312509601474155	0.0157798513322576
0.0123951605312118	0.0141351439573422	0.0039579469579635	0.00776044282039773	1.66556739038294e-05	0.00588481894128232
0.0118485584712155	0.0142752950183952	0.00271914953617516	0.00775580450619034	0.00742608342503827	-0.025113778750357
0.0123718479645228	0.017506359965662	-0.00459245964648645	0.00700212486057326	-0.00705597385223096	0.00269006430412412
0.0114313019139683	-0.00152222796128782	0.00707906085875781	0.0217054973763495	0.0329159344702273	-0.0193157610202116
0.0131441145468904	-0.000106635435657016	0.00124655583856883	0.0150849080063527	-0.00849299991435689	0.0267445653505704
0.012109189802711	0.0137848829551021	0.00156628867669685	0.00164310097983763	0.00408023937545851	-0.010353684066464
0.0114924907015102	0.0135941735290081	-0.00423436555026946	-0.00848965880732467	0.00778111026803844	-0.00877338259577347
0.0125933614993513	0.0126005689052735	-0.00974371104487348	0.00710784966894296	-0.00660975448310842	0.0141455816570719
0.0135020088263701	-0.000705799783124824	0.0029723269280669	0.000566285527802795	-0.0113734306983277	0.0191550040193144
0.0115406639515468	0.00350027215042811	0.00242822345076345	0.00258017077932067	0.0150294655563194	-0.0174786475946391
0.0128363957946614	0.00954408812717141	0.000728040613619232	-0.0122439112907706	0.00144036914386067	0.0213762500590544
0.0120577217778276	0.00575036623435387	-0.000442963292550867	-0.00738084365088492	0.0235147721714214	0.00913601944743702
0.0121878623353724	0.0113468823365929	-0.0116754230877661	0.00505294414752272	0.00781701959661548	0.0235064189746112
0.012131461716891	0.00892653181126314	-0.00994023437663424	-0.00251605925933991	0.00629279703897982	0.00178810373831257
0.0118264975947006	0.00558788725064549	-0.0122773706496802	0.00286258424698431	0.0050351713755004	0.00669295640505324
0.0119165838081121	0.00599367563446048	-0.0131424070843937	0.00270064471470423	0.00476160236613389	0.0103120154674902
0.0117354784294332	-0.00166669786024356	0.00426106155040901	-0.0329550692176857	0.00174890723776183	-0.0495121726638362
0.0121221693599729	0.0097723205794037	-0.0105392599599077	-0.00881358243235941	0.0109010979025632	-0.000905767842303664
0.0127695934477305	-0.0199204382766816	0.0166984093131905	0.00673687120535922	0.00839413157013801	0.0104904663135818
0.0136463761223492	-0.0150870849462544	0.00688443566492644	0.0108760967736091	0.0131207138878269	0.0126671630802218
0.0137476381285619	-0.0276086433832341	0.0218065677597936	-0.00280174887411428	0.015998350396971	-0.00798732240607208
0.0125713525419464	-0.0051485461220362	0.0111801587041796	-0.00139821982970107	0.0175694023416384	0.0136685431187655
0.0122722432105459	0.00919119445932544	-0.00585681583986407	0.00523854234510314	-0.00234626723394125	0.00121789889630465
0.0118586069666288	0.0145008228316898	-0.00672240609808781	0.00308673522734111	0.00746023570115775	-0.0138201541912821
0.0123908394380212	0.0161936343391426	-0.00785135340766725	0.0140125509847095	-0.00349406237895914	0.00503837851988834
0.0127204966875766	0.00669975279656487	0.0171322442673823	-0.0220428015800415	-0.0174817390827077	-0.0209726363831315
0.0122489457050564	-0.00226880917025296	0.0185027425819897	-0.00960738923309468	0.00490494273592167	-0.00691154138997337
0.0137182743137156	-0.00628840948162822	0.020524160313231	2.94976275812325e-05	-0.0118352017692021	-0.010167059403844
0.0126125750819306	0.0128381835558862	0.0010406875421652	0.0026936735737725	0.000889405273502843	0.00470352010799241
0.0120021435883318	0.0126239148937652	-0.0017088715105334	-3.2494113947415e-05	0.0175085364134319	-0.0058547618353825
0.0125445640062413	0.0136928918901027	-0.000960433729312715	0.00135614912384751	-0.00297858987516814	0.00367125341834862
0.0127580972581568	0.0181101759257069	-0.0107621428413462	0.007810458032527	-0.000276226710201534	1.14500518144695e-05
0.0123787187222094	0.00218365367212877	0.00139989175470205	-0.0157093104166642	0.00294468232634379	-0.00232607329636586
0.0122489672931039	-0.00321019132990881	0.0122867369268098	-0.0172394281868211	0.00650957342366347	-0.00656791513638675
0.0115874891905262	0.00816329715432835	-0.00312881124013545	0.000395666447838651	-0.00842218868092117	-0.0301744242687246
0.0122403496510566	0.00257711844983246	-0.00373845950125837	-0.0101335536918943	0.0193970387109315	0.0117094606876673
0.0121678160080835	0.00645406793185385	-0.010220111372661	-0.019586566124603	-0.0119697313702528	0.00312826349066496
0.0120120199397148	0.000627794731801369	-0.00132326416739772	-0.00182264735076906	0.00491836745651961	-0.0189023531843777
0.012236550580445	-0.0179203904716036	-0.000358823181796315	0.0184960614867826	0.0147508301682561	0.00928078145906422
0.0125318556437692	-0.00483873661985206	0.00105077168549573	-0.00122702153563865	0.00134781124693858	0.0215404430496429
0.0125353207187981	-0.0112910676542324	-0.00416069823011573	0.0137616397568146	0.00460493057372452	0.0165841054248434
0.0117453564596561	-0.0101300125230968	-0.00145829196547449	0.00228938951688818	0.0148397946924586	0.0115855678218206
0.0127186349753474	-0.0359303040079344	0.0237520838764834	-0.00447780397279246	0.0130091303007067	-0.00897045886817114
0.0150058303664821	-0.0208254515374077	0.0146998652511104	-0.00614577150581675	-0.0126308902004663	0.00957098963969412
0.0146581796228707	-0.0175595369326969	0.00695988692659503	-0.00929137317810974	-0.0146169574504085	0.0115127095708328
0.0130332081484202	-0.0126049340492228	-0.0087143611094941	0.0108250876901638	-0.00462170859120453	0.0280727087127378
0.0120642076135298	-0.0068023255528303	-0.014210614115718	0.00562908982883499	-0.0082199699587841	-0.006295969809609
0.0117893813583729	-0.00407335628028686	-0.0160355407726359	0.00786302972807621	0.00346447156426296	-0.0110475819770242
0.0107223758306402	-0.0164271761430734	-0.0149798622547652	0.0152053829849037	0.00990031706905603	-0.0100534294798307
0.0137105932652514	-0.0195034808413303	0.00848318671151333	-0.00647117575952987	-0.0278630589663338	-0.0105812638911262
0.012134814781932	-0.00979786939030125	-0.0098730030765035	-0.0176983182950476	-0.0260030880837135	-0.0191273113677436
0.0120468241371588	-0.0140225418123841	-0.0159117817416894	0.00989104494002267	-0.00805440013098499	-0.00722384187769731
0.0110692257298777	-0.0175366485221768	-0.0154292543324942	-0.00188416680279806	0.00529218926067251	0.00283779849533702
0.0116291434273735	-0.0101829790713794	-0.00527867879109079	-0.0140626373508866	-0.0369346778480189	-0.00364127043185999
0.0113243095803262	-0.0132622187200418	-0.00629695487822646	-0.02042845192495	-0.0257792616936847	-0.00420381929541406
0.0112758076921278	-0.0193010275172563	-0.0122593870766031	0.00424441570025795	-0.00362024331874961	-0.0148376504538823
0.0113152513623	-0.0124178266360349	-0.0193949490791503	-0.0183176044062993	-0.0123014516747758	0.0011733272764481
0.0117331941245089	-0.0196185918990675	-0.0143521182649855	-0.00304110246642843	-0.00957470748586438	-0.0152479187822546
0.011480773129049	-0.0135385654122944	-0.0188636631721837	0.00325960749615679	-0.0126276164330968	0.000517603112474425
0.0105659502114342	-0.014047057793629	-0.0191877702824615	-0.000413164123512985	-0.0175508604848992	-0.0322264815498138
0.0119333335772669	-0.0326484562830176	-0.00231085301638143	-0.00496108612613523	-0.00223940172906672	-0.0247490986625369
0.0125318054832849	-0.0341747866136304	0.00292246675033313	-0.000454732328658196	-0.0117573980307003	-0.00164573233728184
0.0125211383729351	-0.0165175224462028	0.00772811952245858	-0.0293800287944846	-0.040754514997996	-0.00468514054135821
0.012195826571596	-0.0195533384426176	0.00751405163037851	-0.0248570503426559	-0.0377558721253584	-0.00884207515179284
0.0116941146112006	-0.0225516126392629	0.00498074087459217	-0.0240902984740541	-0.0173596364057374	-0.00988919977369887
0.0112594179344635	-0.0244440778618229	-0.0116258955962347	-0.0183578812695181	-0.00203615692614085	-0.0192681174619753
0.0112895627346599	-0.0177139044999893	-0.00557334060284775	-2.53489429741988e-05	-0.0295872137816313	-0.0232217272797228
0.0116029507771342	-0.00964018235154373	-0.0170487546328035	-0.00301646424618358	-0.000150884360254587	-0.00202230553583256
0.0117786027873672	-0.0139388336662463	-0.021313297573919	0.00818439142094615	-0.0130022592405636	-0.0110148303864724
0.0115595599363306	-0.0135507092749841	-0.0205110334219451	0.00607062858043122	-0.0106803279690418	-0.0106256199168422
0.0117020327607069	-0.0115882734987012	0.00277827839187331	-0.0359442789015099	-0.00183216565375768	-0.0200086186478604
0.011963046304216	-0.00456304876574758	-0.0188057383800973	0.00896611024018255	-0.0120391084500054	0.00724865049929127
0.0121065829831839	-0.00783135541652537	-0.00853577872043617	-0.0168731990438073	-0.0271452011439112	0.0164635945580064
0.0122791594661978	-0.00909970179213917	-0.00936318122087582	-0.0176005354554166	-0.0273486857275041	0.0145559511257626
0.0115398926007909	-0.0122511883702747	-0.00819474470146992	0.00601420772807214	0.00193472557907273	0.00962268493259089
0.0133936946467725	-0.0159243817915791	-0.00431693243278573	0.0112322577684734	-0.00673371904448351	0.0263691448619173
0.011928937392003	-0.00887249989821546	-0.00431448709470517	0.0130690574536944	0.00205405384355578	0.0118359874347568
0.0119830221762456	-0.00205690184197006	-0.0106200949005903	0.0039057193663192	-0.017267379038928	-0.00250964602323477
0.0136328538855245	-0.0263158770914445	0.0107292937716095	0.0139969317358232	-0.0114921176544882	0.00777361975086223
0.0154004407704586	-0.0341132023498499	0.0184018330187941	0.0158587483465771	-0.0239659035277536	0.00603939113807742
0.0120882801856787	-0.0012617117945723	-0.0103123603068916	-0.00738105400072169	0.0133830261822293	0.00387617699817563
0.0120955594951261	0.0016866690293283	-0.00973079106018699	0.00948811644094212	0.0146684713113677	-0.00767952224316672
0.0118965743458415	0.00670797270066282	-0.0185972699032892	0.00390971084440832	0.00284700544046209	-0.000554505620098145
0.0114564379780946	0.00466185126420338	-0.00732423867956334	0.000572086240187019	-0.00181609954057048	-0.00140758000362576
0.0125108160400969	-0.000765722494055882	-0.0158048732372067	0.0121641953094341	0.0061976752008613	0.00602364047123468
0.0122295813889257	0.000921994817041361	-0.0196985328626253	0.00810564190056118	0.0102189603937728	0.00816691066417825
0.0118199446716214	0.00475579905289897	-0.00948804091954007	-0.0126989978197429	-0.00221447382801702	-0.00539614666794978
0.0118515599525849	-0.0148101395756121	0.00441532651976683	-0.0231861739470981	0.0119760176972739	-0.000185310632207602
0.0129402746965249	-0.0148071400049934	0.00218763817867655	-0.0117207863782068	0.00460140645770781	0.00631438808828698
0.0111126290655527	-0.0112185291950372	-8.22995221217719e-05	-0.00339521821826852	-0.0112225648562362	-0.0110501637221452
0.0122215426603511	-0.00493179943412359	-0.0115335454288191	0.000656281038444708	-0.00313754039185088	-0.0119479205476933
0.0125406146157759	-0.00429999024702481	-0.000841981650196216	-0.00921716329546931	-0.00768977916033408	-0.00603333820244031
0.0120683992486659	-0.00869350336470638	-0.0093979965598205	-0.0072569017500904	-0.0128518447173727	-0.00379498081681803
0.0119342320194645	-0.00619879682085819	-0.0179330492624412	0.000728058060001907	-0.00270480260084591	0.00342701167507799
0.0122957397324122	-0.00969686012576546	0.0015827515463724	0.000611203874922298	-0.0326581859396557	-0.00277575831586208
0.0110129715436157	-0.00291163849147041	-0.0194148894045617	0.00634516046173717	0.00461723094528004	-0.0306249982294551
0.0115183859492585	-0.0118241190592103	-0.00700337754595343	-0.00485824694633712	-0.00288755936200399	-0.00828302723422904
0.0112712172936528	-0.0119171523930885	-0.0177406884588566	-0.0148851823886688	-0.0105922647540157	-0.0076243242902083
0.0119071811014653	-0.00897651780437702	-0.00917169826499063	0.0140229944417349	-0.00103221233122442	-0.0120807078771939
0.0115490195889408	-0.0116455630817968	-0.0187070899559974	0.00568280863040596	-0.00538245523098791	-0.0318232300994857
0.0123703756872403	-0.0195925563345283	0.00192896526567158	0.018671511428714	-0.0134233705154372	-0.00642775926064721
0.01169968017403	-0.00593216082566404	-0.0055395519354263	-0.0368696858343381	0.0203591171906448	0.0072602590245711
0.0125977427643772	-0.00977859234732117	0.00355087288268461	-0.0227720237619174	0.00437401812862662	0.0111074962317201
0.0112533983840318	0.000243809019438605	-0.0153891116190516	-0.00141665839352852	-0.0211811458206072	-0.0337715830871138
0.0120878704043806	-0.0021466586078949	-0.0044872032162959	-0.0034300183858102	0.0106969346980839	0.00538947836226686
0.0124103804336678	-0.00292179217544415	-0.0130222832703607	-0.00294860961716956	0.00282914468429581	0.00553919132122126
0.0126767677919403	-0.00794274990521113	-0.000728476280628	-0.0237967370036175	0.00153404984517107	0.0158430486200746
0.0128804484208049	-0.0269076382741771	0.017279086687114	0.0126813863577762	-0.0157129224301492	0.00238908828829799
0.0121218909410999	-0.0268571738625999	0.00655144921786866	-0.00487162328747834	0.0154980107249285	-0.00746563789075715
0.0114061376997707	-0.011110220470779	-0.00695241304635461	0.00015411796818993	0.00303721624444985	-0.0210745535477094
0.0113640391362575	-0.00446046076173606	-0.0116653415234939	-0.00280557338487305	0.0159425361964903	0.00953163077625597
0.0115478363859356	-0.00045153878653432	-0.0122006590196577	-0.0119962590889537	0.00279787559214729	0.00786179698543225
0.0122398241401219	-0.00627557948697302	-0.0148209323940379	0.00275459955714156	-0.00214521166502875	0.0102160704774597
0.0114815144098344	-0.00171514135764914	-0.00626357279698271	0.00404191428807247	0.0187207506956226	-0.0136377277186675
0.0123661192706167	-0.0109138641849274	0.0254663420999918	-0.0423964550926819	-0.0416525550462771	-0.0334593619125012
0.0121489427971801	-0.00474852020972984	0.00294775423470614	-0.0259104146354301	0.00961404967275148	-0.0142976456539414
0.0124732402438443	-0.014387249753776	4.29900700174104e-05	-0.00624386588323322	-0.0145395096435824	-0.000995230962003289
0.0129153663258319	-0.0122481666784313	-0.00308810775348849	-0.00218055468244326	-0.0210079836493764	0.0175706605689662
0.0128886503303165	-0.0114055940100695	-0.00679337277744853	0.0138156927363903	-0.00576325317946136	0.00947693393417076
0.0128052055745421	-0.0141041983459661	-0.00551160972177742	0.0119968997143589	0.00496751093476338	0.00315900895683677
0.010733755037079	-0.00610365765721265	-0.0164780893786926	-0.00528411317269474	-0.00755271533971181	-0.00159342091885141
0.0113155645454205	-0.00406800079939583	-0.0158336376337746	-0.0112742529705608	-0.00316609623409937	0.00524116901295489
0.0113032935762117	-0.0144416251734839	-0.0112768293473573	0.00825706279959462	-0.00638479930055209	-0.0125009294374218
0.0114299527963798	-0.0114673140971559	-0.0203419075495926	0.00612175151823641	-0.0193748988061472	-0.0115906301206026
0.0114339850045385	-0.0131103401764964	-0.0212149155544593	-0.010294489820767	-0.0148558751088219	-0.00229427149482684
0.0109970604732695	-0.0131733246754141	-0.0180990692561247	2.96843937690654e-05	-0.0061063922980004	-0.000500178687579631
0.0115586865886815	-0.0122609019817634	-0.0189006975342327	-0.00704683670518247	-0.00590047613082961	0.00805454287434838
0.0117347475773321	-0.000359671752956531	-0.0206613649495669	-0.000679002233330715	-0.0108965904787092	-0.00234820122082781
0.0120932471446847	-0.00200642937581485	-0.0161528731240924	-0.0153634810821749	-0.0167429235098398	0.0165864910370359
0.0118211565060575	-0.00405367021765617	-0.00963489108604651	0.00932442984791455	0.0107572995943473	0.00132351449903798
0.0119656735769641	-0.00242898366229486	-0.0121046819462643	-0.00816804374775164	0.000911737913366297	-0.000245882588402548
0.011961766244893	-0.0027181432880596	-0.0119587502050907	-0.00768214592105141	0.00142610799063738	-0.00131185644688
0.0113722918011984	-1.44792770331386e-05	-0.0139207529462304	-0.00951676625309685	-0.00826857382084875	-0.00980435633378155
0.0128587521707083	-0.0130263547992953	0.0153849682286582	-0.027706136896076	-0.00349369726199934	-0.0133005010501335
0.0133793726412487	-0.00473079038350605	0.0151191541596919	-0.00863610085710934	-0.0035906341946164	-0.00180244955393267
0.0116591082363154	0.00121817001526714	-0.000424902958362522	0.00497871885117461	0.0227568153856291	-0.0171567662747394
0.0115352182742494	0.000580868335881423	0.00171971862965857	-0.0110432119442421	0.0107122656956541	-0.00566107329582493
0.0118020247747833	0.00326274441097764	-0.00229944318156154	-0.0136712318969235	0.00506345826518677	-0.00368316928923232
0.0133521309329049	-0.00753966028645022	0.00311410431064433	0.00451939708878054	0.00364686011678822	0.0259251725146642
0.0143250429494728	-0.0203758428095868	0.015452693144993	0.00273202248167637	-0.0154133277289441	0.0077719899839842
0.0133934780046794	-0.0172547102650469	0.00254536380705887	0.00403606338552851	-0.00991541958327785	0.0107098302255733
0.0136520157055093	-0.0160494850277367	0.00338035569024623	0.00101325780057128	-0.0109396914734172	0.01065035509334
0.0121414669568131	0.00774496124239564	-0.0127248110751378	-0.0104018444468377	-0.00254073128729881	0.00255476920120632
0.0131202275210684	-0.00778065478458899	-0.00932594523486076	-0.00308714389737691	-0.00520663316413767	0.0175692937650548
0.0117667636083732	-0.00359270999995129	0.00426438352841635	-0.021316104899499	0.00341462474185984	-0.00312436554873155
0.011992601613583	-0.00345752974217712	0.00665574999729742	-0.0263729562749101	0.0111249753991078	0.00317806981352544
0.0115833625143759	-0.00033312466986554	-0.0127568317089969	0.00802926083231428	-0.00346848693113222	-0.0138885007000844
0.0119181546061959	0.000168787406307351	-0.0139908639221751	-0.00278585784308682	0.00741114047454676	-0.00137879570071348
0.0115197591665741	0.00317215504847912	-0.0149411582689448	-0.0040032260771544	-0.00269055237201487	-0.00125964257883684
0.0115003610615028	-0.00464686086905713	-0.00937092828434901	-0.014713539727897	0.0129787126633406	-0.0256574058384971
0.0111054916112434	-0.00924851931072754	-0.00739947387796189	0.0125543247148128	0.0180518074295331	-0.00662531835481961
0.0118952835658206	-0.00453490405267338	-0.0121784039014613	0.00560000894015706	-0.00595563733534947	-0.0197717362799951
0.0119786926780308	-0.0124945370677904	0.000234072074306214	-0.0286096501458478	0.0116364433573367	0.00157889880950034
0.0113142827265009	-0.0178219659540442	-0.0170323154633603	-0.0188709015203713	0.0154479137550742	-0.0100269728846098
0.0112414983704653	-0.00611330700586777	-0.0170551938342625	0.00227442764136725	0.0120130441050545	0.00485528956448581
0.01124132018391	-0.0134594146008969	-0.0128257920085959	-0.0142289222091742	0.0184492777679106	-0.00472056121086895
0.0111655894460241	-0.0109926212644516	-0.0101087646144118	-0.00749480236948542	-0.015743086794067	-0.035874434425799
0.0117748697129288	-0.016248727632737	-0.0049333300849667	-0.00138121633538291	-0.0192454234646038	-0.0136706258747775
0.0111394492594567	-0.0145354191774203	-0.0181170308101005	0.014845321954494	-0.0017386391072677	-0.00520555457775919
0.0105309582237752	-0.0230238564646671	-0.0130601312647611	0.0113853873027835	-0.0108133427801335	-0.0380063485358647
0.0115112761448171	-0.0253788363384713	0.00151288283358434	0.00539163225885286	-0.00504450301133932	-0.0191124823881063
0.0116222799358258	-0.0215518683093957	-0.00878712277895211	0.00715798383540548	-0.00756699752781202	-0.00930364173977954
0.0118143009408717	-0.020046338543204	-0.0156301297102397	0.00950741253256498	0.00154391130133091	-0.00380799229427431
0.0117161333272044	-0.0170167206275583	-0.0192694512775355	-0.00255908728123989	-0.0126693060710139	-0.0129287123903457
0.0115364163679972	-0.0180169181839651	-0.0184160030952658	0.0117060282410294	-0.0179380977483157	-0.0118354712433693
0.0125017030769168	-0.0187798382182851	-0.0197066945054402	0.0177117854108231	-0.0110154814367854	0.00923451176208342
0.0126486881778529	-0.00613457061602818	-0.0110500371081517	0.00948476700951209	0.000364118405862017	-0.013659636418957
0.0139021780903128	-0.00249827412333397	-0.0139820216254198	0.00853629774966588	-0.00896137619767582	0.00418022503757577
0.0140290211582634	-0.0036331111144808	-0.0139230690188137	0.00630218397401292	-0.0101616264516561	0.00338593242171459
0.0134989515479749	-0.00211876302569324	-0.0153149483323238	0.0031982132934924	0.00468242107642745	-0.000848279379134515
0.0135227467300325	-0.00230271018566369	-0.0153033037103819	0.00123334594635379	0.00633242087653483	-0.00157201123282892
0.0133341903903643	0.00104816701388835	-0.0185830959554398	0.00404639072887759	-0.0120027372957375	-0.00164311064782628
0.0112290760129219	-0.0147751319515373	0.00273733194042667	0.0145954575498468	0.0210615134338119	-0.0217679087378513
0.0128540662703626	-0.00671528758107207	-0.0112592306390446	0.0119903814339525	-0.000560363737592775	-0.01460240701119
0.0133667702320257	0.00175368705588676	-0.0141917668588912	0.01080283849606	-0.00360253498393081	-0.00349561582802207
0.0120048126334978	-0.0037866580325988	-0.00621102753395147	0.00788584623309579	-0.00386094671753991	-0.0165185764045087
0.012703381245432	-0.00150750518775963	-0.0151661807557344	0.00294921488488539	-0.00738521285817719	0.00469868679281848
0.0130194554515648	0.00515221881799191	-0.0231587182516938	0.000710888765941474	-0.00395239963181731	0.0173749875519669
0.0107947918509777	-0.018678392095513	-0.0155216503689582	0.0101571082782924	-0.00668272189513852	-0.0191220029103198
0.0119938553496749	-0.000115585405408021	-0.00117920736857147	-0.00752082072761857	0.00650932860438443	0.00248026201903647
0.0117940465614498	-0.00302712919604149	-0.00199187781359351	-0.00754264408576525	0.0196150714750192	0.011494823000071
0.0124908529317024	0.00470211032288768	-0.00381879734622538	-0.00687858288303567	0.0132831965327318	0.019757075382467
0.012483649623217	0.00353187895802033	-0.00666315503295227	0.0243349265220233	0.00509264018565605	0.0304416546957745
0.0127284320561805	0.00799892239643866	-0.0042566347928933	0.00248558883342061	0.00108232073247306	0.0175481256995097
0.0116650179004215	0.00105260982900725	-0.00518691959884612	0.0177348191141038	0.0283369038967813	0.00608506208398251
0.0119970942346615	0.00557641923450745	1.8240184766604e-05	-0.00545601255201649	0.0204735608797685	0.0153089326332789
0.0122342118355343	0.00870403198682088	-0.00307001108621836	0.0249821005925283	-0.00153405224390637	-0.00988306550734832
0.0125446222031984	0.00743387581215678	0.00869061102296755	-0.0156134625865241	-0.00292533913589532	0.00570345776246746
0.0142044305925099	-0.0179789633782107	0.0292457240263087	-0.0333014099835401	0.00642001543405371	0.0181038114332599
0.0122143230314375	0.00914258053498991	0.00376307809848753	0.0135289388087683	0.0271394333284576	0.0240454491811651
0.0133407093785236	0.00149085119523045	0.00794132001465435	0.0188268388421193	-0.0239806185762681	-0.00630860352984243
0.0144779953131572	-0.00798869336025754	0.0125768280312204	0.0208363087870524	-0.0205018063076227	-0.0032901150367633
0.0127288860206997	0.0185590618218172	0.00375269640042367	0.0160226392017551	-0.0055296767430773	-0.00174225214405732
0.0120633880191188	0.0144509300986412	0.00438425087680752	0.00584412369588987	0.00433011757989387	0.00445351377928493
0.0115609257165807	0.0138882843537636	-0.00181899966242222	0.00753164297052947	-0.0062567797447438	-0.0187870924579928
0.0118422636497234	0.0121163373433236	0.00258293596485102	0.000137281260314009	0.00927961829151895	-0.0111663430196002
0.0122653573302301	0.0165119410695186	0.00199368791783668	-0.00784075703961188	0.00793065936228883	8.15202847826629e-05
0.012653109766339	0.00460454673818829	0.00397449343864229	-0.0144303898777849	0.00124967006689716	1.56328638968939e-05
0.0124329527828586	-0.00388884965198121	0.00714098655491502	-0.0139479019589579	0.00408661835825067	0.00232125555019281
0.0123591385276811	0.00904507853717917	-0.00582700124143185	-0.00331247323265699	0.00235634506605745	0.00804947849167436
0.0122549938170529	0.0113601381117991	-0.00244891864602075	0.0126705121485622	-0.00278636934367794	0.00372641446522909
0.0120064734837374	0.0101533122830193	-0.0105759094750706	0.00570242525494281	0.00599524398088524	0.00826647622097131
0.0123489396531329	-0.000759593604666197	-0.00280205948069375	0.0300161373399326	0.00540864859866167	0.0173022205184551
0.0112711272764756	-0.00141414388121628	-0.00346021293809371	-0.00507830424699596	0.0227359988597822	-0.00694442110143338
0.0123240786453473	0.00361206142850243	-0.00938037276879036	-0.007132749749821	-0.00777515095897515	-0.00790680074678991
0.0116223492524609	0.00544404074169973	-0.01682694327729	0.00528466216254369	0.00610375466435642	-0.00553367367440474
0.0115716833161146	0.00565892214358754	-0.0114479288532377	-0.0163438493491637	0.0148691653936657	-0.00361371966156365
0.0117028446910689	0.00103744886842224	-0.00974791612510433	-0.00769547366783066	0.0108597833427688	-0.0023436855074111
0.0119792358433067	-0.000575596259905916	-0.0161958188328426	-0.010187398281959	-0.000159848092749399	-0.00240373733981938
0.0124032798807674	-0.00726027408356187	-0.000652807799253731	-0.00191476292851177	-0.0108727580491258	-0.00746243978825639
0.0127348221637843	-0.0105646883863083	-0.00950681968863369	0.00954720929057154	-0.000821446516442012	-0.000801489721135555
0.0133923958430622	-0.021726911326587	0.00303031872087458	0.0253978992668715	-0.0169831267283203	0.0168841304609739
0.012189317454597	-0.000880714951314556	-0.025495457927876	-0.00797701873300157	-0.0177196745337989	0.00630750853024848
0.0125673059188968	-0.0195228714380073	0.0140756494475217	0.00246752969035331	0.000220460848994309	-0.000631523847594113
0.0120519390626797	-0.00915204272940167	-0.00467955263167155	-0.0150182004265771	0.00596695725241463	-0.00669553979729831
0.0119859253472213	-0.000759360666267493	-0.00886854965085043	-0.0317453652927628	0.0019192001768694	0.0111103726510013
0.0122914112229306	0.00164559234770454	-0.00777646601734061	-0.00962134104027964	-0.0053956537457259	0.0255759013559235
0.0115163950110014	0.00770039144285768	-0.0122523066637916	-0.0103954963219711	0.0083392646740587	-0.0062795813238439
0.0116182185211067	0.00461991578242507	-0.0077741646160403	-0.00497585292682758	0.00226800812495512	-0.00490287579653734
0.0118891828226341	0.00550461246649438	-0.00892611871607283	-0.00756360021120862	0.00919540154989288	-0.0110649676506556
0.0120083629002212	0.00506502084428555	-0.00637806208973441	-0.0132879785109813	0.010051800061533	0.000548966928192407
0.0117653972599868	0.0113288429362823	-0.0102959169957391	-0.00278030532350953	0.0119962281209093	-0.0144824348532197
0.011664769602294	0.00513503994020817	-0.0091607579064679	-0.0115663706095991	0.0149057884627897	-0.00595654707398552
0.011957821667711	0.00438502752462516	-0.00191769266729462	0.00875629295284937	-0.0261051614461882	0.00422916843417385
0.0112494991961056	-0.00759551524730298	-0.00679753385306405	0.0239816653982637	-0.0109698240558767	-0.0121794535595791
0.0110996875747629	-0.0100190245386559	0.0141712266122756	-0.00543745421638807	-0.011193167520577	-0.0144030245025055
0.0134438715954282	-0.00864673338421816	0.0249358185707525	0.00636501411095442	-0.0191475723543897	-0.0245313056317246
0.0129081942210524	0.00635486409997052	0.00306477881250968	-0.0154298052527814	-0.00336662166227385	0.0214776650354773
0.0122381002051614	0.0105464764570848	0.00675358750879652	-0.0220476072940733	-0.00615694323196277	0.0135306535701889
0.0120509244612697	0.0059229362659285	-0.00310782612038432	0.01398696246255	0.0202041861887634	0.00556474206912631
0.0117414243751012	0.0116325983303353	-0.00785065741281586	0.00927176564641654	0.0088930808482333	-0.0179878743015125
0.0109417872907	0.0053515206051309	-0.00708496173252657	0.0163943553759346	0.0194524303355258	-0.0166931946265874
0.0124976929990219	0.00432108988675135	-0.00225427176050023	-0.0071262852268981	-0.0089557707516801	-0.0135796276621939
0.012108008510664	0.0033734968477597	-0.0077505356757625	-0.00181746300285395	0.016842735293222	0.00520980137912567
0.0124167625398435	-0.00152916490138596	0.00351550444059962	-0.0110327378449324	-0.0215592293442127	-0.0132109229595478
0.0122120381062937	0.00581913631775115	-0.00362221667655642	-0.00422857813363292	-0.00102384714980303	-0.0042828403317953
0.0123069367254161	0.00888479953537172	-0.00895079443206532	-0.00804535625323546	0.0184392472300761	0.000541614759229488
0.0125695487557627	0.00926310347825232	0.00110199016418873	-0.0187331238367495	-0.00131182957795234	0.002101664117294
0.012372048271683	0.0101822141986497	-0.0026547791983322	-0.0114757570500684	0.00424584897390694	-0.00592244082291325
0.0121329189365333	0.00745822600901015	-0.00531344398721737	-0.0182193353059626	-6.38591796059459e-05	0.0218638072847988
0.0129178238837011	-0.00598169137383788	0.00815839795813534	-0.00269188648523081	0.0206127280287892	0.00687726271654669
0.0129475049436272	-0.00799744322247364	0.0182795743932612	-0.00468789409839942	0.00258853120108277	0.0104437761437362
0.0119084918979111	0.0101915711402314	-0.0035383089167688	0.00870257568057605	0.0175233885506623	0.0128750151901687
0.0121906312204453	0.00695821163672241	0.0152893637603504	-0.0263923624265117	0.0058926116924945	-0.0158310890272731
0.0127222027823438	0.00830159651592301	0.00492199993238203	0.00701232446742018	0.012134977640275	0.0185003619759205
0.0126573340357437	0.00881870814484049	0.0114294223398016	0.0122025440425007	0.00943846834577411	0.00381001893445439
0.0124913099661978	0.0157522577615373	0.0109326302679252	0.00791854013502903	0.00419697006435684	0.0207868556999185
0.0120062780309345	0.0205326520142663	0.00284308164080059	0.017346317061211	-0.0176086943740351	-0.0224430740548706
0.0119384634026343	0.0214407442309699	0.00954590938599035	0.0126705091420991	-0.00669766402631815	0.000948396195217185
0.0122010553636572	0.0192578645724711	0.0112168863145044	-0.00966093562891634	0.00934959930965519	0.00578393640083752
0.0121372813962693	0.0237378964369459	-0.000784052716102502	0.0136119992948163	0.00274538447328555	0.0189568361272544
0.0120420576346261	0.0162548058989427	0.00214041166370272	0.0128836241486638	0.014662442029806	0.00851395098052823
0.0120233454961408	0.0244947132549385	-0.000860878740918297	0.00883161043164209	0.0026849941091324	0.0109743058711583
0.0119044248544124	0.00375427575723506	0.0218794368035051	-0.0233848516336959	0.0131419586330097	-0.02084862945473
0.0121682750966785	0.0174038734141789	0.00240865169117362	-0.00905421660572502	0.00581032463001535	-0.00845438988905984
0.0117351629408521	0.0178072511772702	0.00060757500554453	0.0100193434762998	0.0154670705097122	-0.00364516139742387
0.0120467701877591	0.0140382552903306	0.00281514575201242	-0.00743763192178368	0.0199942465840964	0.00405493890365959
0.0123815113156205	0.0160245259286868	-0.00388481139316988	-0.00414031082691158	0.00664689531547004	0.00677218094108867
0.0127339234776308	0.00016099220069149	-0.00821212472817084	0.0305547470885107	0.00184657258289448	0.017412947904376
0.0127234175218238	0.00767965838707368	-0.0057399177006874	0.00362762508584532	-0.00698747453537129	0.00744717995223149
0.0125025328898443	0.0141983334922653	-0.00480615128516968	-0.0032702629204446	-0.00851615922185279	0.00602505860260725
0.012467045217392	0.0126595600114991	-0.00373226002304173	-0.00126095523224496	-0.00568356609961622	0.00820151158686397
0.0121699834524243	0.00742224767143191	0.00674508655210661	-0.00584961872314935	0.0128770415226596	-0.00576048437638062
0.0131651899180676	-0.00641001943448295	0.00603944408079838	0.026655751476764	0.0168508050071138	0.00687219259237912
0.0129862451316881	0.00907428376217291	0.0141415974039256	0.00639654195229443	-0.00673451845377129	0.013717829757876
0.0143725721478399	-0.022969636520281	0.0282623493451145	0.0155096536265212	0.0163121061692863	0.0111278220136608
0.0119730208899241	0.00618356638344257	0.00797821922252858	0.0193711933346988	0.0114702878343774	-0.0108261841941106
0.013162430595062	0.014927315338491	0.00402845078657941	0.00917939075632516	-0.0037373654806419	0.00547084972077664
0.0129568872574459	0.0222581790430422	0.00515383692969667	-0.00168782228735824	-0.00636915558896423	0.00180075125349255
0.012851344090974	0.0236862616076777	0.0106771749829407	-0.0179082663343459	-0.00319197323410271	0.00494498295174572
0.0126322020619199	0.0256093756501855	0.00694428966703218	0.0044889133390674	-0.0211622559388872	0.01039605090896
0.0126220087980831	0.0233677742232379	0.00524554531304086	0.0292390852621227	-0.0256325024899795	-0.0234810775373627
0.0123489676722902	0.012884496263721	0.0207763254698419	0.00985430495310842	0.0117507332282978	-0.00557117356880967
0.011727976070737	0.0153842731328679	0.0138499627097421	0.0259883539317126	-0.00236535735779989	-0.0129710609738236
0.0127202381846825	0.0232159191823433	0.0119569160719584	0.00220989841816715	-0.0124986094815996	-0.00609847340535275
0.0116082951978591	0.0157738648743492	0.0135725624748571	0.00421038654883079	0.0266181845802443	-0.038366908330011
0.0132279302145877	0.000290741764674638	0.0132426871109484	0.0193460558710365	0.0153901468479482	0.00435467433653907
0.012577632544206	0.0160252309969408	0.00450410585649219	0.0105890944484651	-0.00216538292728342	-0.0277577082488539
0.0121706566832783	0.0169994862979898	0.00309601532718969	0.00780093083589023	-0.00510119660470709	-0.0265250298618405
0.0126289170976124	0.0188084830307008	-0.000375636548278382	0.00686117189213705	-0.00476664688907229	-0.00947394808186705
0.0127764790636	0.0204527556465978	-0.00498853798477049	0.0139392405808772	-0.00850721699526384	-0.0110159452097478
0.0122453996473823	0.0166224449952091	0.00154062125959911	-0.00297955634562087	-0.00216203600680285	0.0252702629471521
0.012357831401183	0.0153059459629776	-0.00274616820425488	-0.00277407142808905	-0.0101715668309756	-0.00436620529131066
0.0121387538354858	0.014256417017915	-0.000342234670269462	0.0014652690777257	-0.00485116495205466	-0.00915267040376435
0.0126316339185177	0.0141164448904884	0.00099411351923399	-0.00118004117524308	-0.0137408367141328	0.00529000715108646
0.0121924556949036	0.0140670535423428	-0.00816689137816253	-0.0030073202703521	-0.000628430023118015	0.00780738184745833
0.0121944888283976	0.0143238830881537	-0.00790566449657236	-0.00187374163614686	-0.00223576352181554	0.00981754367846288
0.012509513815178	0.0153240521634007	-0.00276397938304218	-0.00210144182910704	-0.00904957682418477	0.0144135623466679
0.0121764783449595	0.0155563647961868	-0.00299822098144328	0.00381573717397018	-0.00126650832738853	0.0104624030278964
0.0119359070698134	0.0131203493603147	-0.00982898488969974	-0.00132469878689218	0.0255559804598309	-0.0106074621089525
0.0127297469812017	0.015885075805871	-0.00931054350886372	-0.0083674582739084	-0.00727309016552573	0.00353290237224156
0.0121795904290455	0.00597296129142858	0.00727588450713017	-0.0303544367948739	0.00783457929981474	-0.00566855390333186
0.012257064092675	0.0145670326828855	-0.0082731786245843	0.0146534426228087	0.00443107977790443	0.0122503268496597
0.0128392994951736	0.00416471026436322	0.0136870989922228	-0.0392308362012288	0.00196619650743396	-0.00859413433650064
0.0119236162197246	0.0121377907070793	0.000295682486250887	0.00105372157338789	0.0192345362536694	0.00273615619527845
0.0123889094428407	0.0162450149417952	-0.00276108089717742	-0.0225583556621106	0.0129610648077195	0.00428957538813502
0.0124645442409157	0.0118441209417179	0.00104529065534196	-0.00872402494509962	0.00411103760782664	-0.00395624516969948
0.0123950501038649	0.0146371306602776	-0.00598468483851933	-0.00588503947088295	-2.66746617765547e-05	0.00328694728236524
0.0119065284509752	0.00766058611201235	-0.00518714205068926	0.0073991676564126	0.0109231802787827	0.00839601750848361
0.0130546734708537	-0.00733777298023516	0.0129222111623729	-0.00224947991566778	0.0134694451297283	-0.00659933386795612
0.0119181643178883	0.0119516011984425	-0.00270884480005974	0.0158575270023523	0.0089331552586656	-0.00406636480013941
0.0121322562658324	0.0135141244451394	-0.00632934712120955	0.00475954501977887	-0.00300424781586961	-0.0060525449415856
0.011870586200217	0.0139910359738509	-0.000938239438348493	-0.0074711923227246	0.0178141156941785	0.00656029289507524
0.0125094766267442	0.014667246395456	-0.00718930866055509	-0.00508545097374291	0.00495575458912879	0.00611737861652905
0.0127865284884137	0.0211535618454137	-0.0064093935367799	0.00277140615706734	-0.00257744710819082	0.00903775358622055
0.0123996327791361	0.0126506709696433	0.000136968933225096	0.00814470997897897	0.00304240874409164	0.0114931001741464
0.0123956555900161	0.0185719999556288	-0.00264795447547957	0.00161441286514091	0.00968746786503467	0.00908132618133908
0.0119946124391137	0.0155632378215673	0.0016502292052104	-0.00124277954951259	0.00990624553282361	-0.0209807816099687
0.0126029322496633	0.0195532071635585	-0.00188729504632002	0.000704739556761011	-0.000742854419213306	0.00678177245335846
0.011537904420182	0.019255424086558	0.000220728244261748	0.00641091305795283	0.00551908199657856	-0.0104706040125297
0.0124092296258109	0.0139666532233606	0.0065903478147042	0.00333225753387038	-0.00441477767548455	-0.00275375341338603
0.0131865144969631	-0.000562265605106719	0.0132622363995933	0.00419778082347339	-0.0107229226839691	0.00286403232345871
0.0149531191550677	-0.021166182394229	0.0304202653159987	0.0178419454218341	0.00436990809262139	0.00466423539845404
0.0136335066829367	-0.018299020647602	0.024248430602256	0.0193525174456811	0.000178567493965198	0.016568948803072
0.0127863767748749	0.0169361595940011	0.00523217863924567	0.0125078664295634	-0.00538765070132522	0.0104390558217058
0.0127907938006177	0.0028460876536404	0.0210218313892032	0.00571680977831737	0.0163674972819728	0.00371507305599028
0.012314561930099	0.0162523821867838	0.010952193387391	0.00680335554091736	0.0258600353885221	-0.00452205129763963
0.0138182194190438	-0.0104164300263773	0.0278946301351813	0.0019293309293964	0.0215042371830511	0.00610298906064728
0.0128017377168995	0.00470010475196056	0.0184521925286191	0.0200183358877114	0.0223255653831847	-0.00204460284214479
0.0123586102927408	0.0199231154059172	0.015811927093779	0.00275872439491645	0.00723909811743008	-0.0117033261065489
0.0120410526289958	0.0157976513997137	0.0139653997997756	0.0136920910963208	-0.00823326333832375	-0.00415295788754913
0.0128639561215393	-0.00104665100603195	0.0160172880114053	0.00401846196804769	0.00338819958698733	-0.0025922851796492
0.0127264506312359	-0.00534464179303103	0.0183409458921158	0.00245583478648751	0.00546394383583972	0.00291077578748651
0.0129230839448979	-0.00107634474518041	0.0159768747912511	0.0138402608593766	-0.0177093335238132	-0.00037321779240279
0.0122220595922464	0.0130000742713158	0.003682133504765	0.0198102107048719	-0.0129522350776604	-0.025125832384453
0.0126048999564288	0.0220484264064942	0.00242074031128795	0.00940046586146668	-0.0120266950559084	0.00423146603945792
0.0126825602271175	0.0208278513803701	0.00462100405885403	-0.00159736883077815	-0.00342318280109811	0.0122329395950733
0.0136476665056568	0.000429165571238299	0.0187029070647513	-0.00762050972207647	0.0124097269814086	0.0204027049203968
0.0125093562591088	-0.0001051310067984	0.0192529095084408	0.00988892402648515	0.00398141285947854	0.000829722148046849
0.0148350970132977	-0.00857024699674321	0.0382628649356916	-0.015987816594688	-0.0076318961408424	-0.00110291259427358
0.0148076970171379	-0.00920045810145695	0.0363644779166709	-0.0152374963445298	-0.00669097635287298	-0.000950240477919528
0.0129772232996783	0.00711630200842412	0.0111610884863741	-0.0057455735976801	-0.00569205546207126	0.00678101651211229
0.0121470441610278	0.0123643227546977	0.014272883046453	0.0172163661756965	0.0123433234241252	-0.00951011051799133
0.013007274044711	0.000474808196746628	0.0246009948824673	-0.0224177369063336	0.00227686059365791	0.00293905668038298
0.0123205075914579	0.0112768361278869	0.0132614381256906	0.01356822669951	-0.00206315884663355	-0.0154993788974788
0.0121991703681512	0.0163521626500176	0.00879317111510258	-0.0263987258259591	0.0038612983712746	-0.0139641700633437
0.0122496389316207	0.0160650105557208	0.00908404061614505	-0.0308050655507465	0.0011590860542549	-0.00442645316798758
0.0123961658807977	0.0137971544282702	0.0151306264807089	-0.033314259928107	-0.0217772704507764	-0.042311378157627
0.0117885470500402	0.0115274748561386	0.0113231072852347	-0.00594745761665596	0.00116350052970026	-0.0132594541424211
0.0133007268984198	-0.00745466181623799	0.0142786728934285	0.00708505401488941	0.0111977573586778	0.00946418831556925
0.0139395316790459	-0.00398153434234857	0.0246568281178305	-0.0378322942798222	-0.00479581381192513	0.0068369904910254
0.0127233509429559	-0.00271855707124586	-0.0034558910885856	0.00775077494011559	0.0130164902772082	0.0164078948349099
0.0123617263902041	-0.0132371276407855	0.00963476802666483	-0.00778865053167917	0.0290108006035394	0.0101166154240837
0.0118515628397586	0.00847082745106017	-0.00631432546615563	0.00434833891556247	0.011268051251524	-0.00381804536026865
0.0121506494868655	0.011437239964614	-0.00644692121071363	-0.0179374043107607	-0.00657055250909682	0.00694361327269512
0.0125903461655383	0.00716398538898934	-0.00900527837993417	-0.0114135160179902	-0.00933978756787994	0.011796979112959
0.012634818134733	0.00643115483593423	-0.0088107711331003	-0.0110036729707478	-0.00822292338183941	0.015468003102557
0.0124884375771732	0.00400525734468115	-0.0013972824235585	-0.0246651262256398	-0.00473307699207852	0.0029014966460776
0.0114934567481082	-0.00351434779645716	-0.00957723369948408	-0.00119715537828909	0.00121651576126517	-0.0101524218703551
0.011798249353538	-0.0014540184286676	-0.0103686236905946	0.00403902594466057	-0.00220174897011675	0.00295038314599975
0.0124095949337407	0.00227798837621111	-0.0128010518628248	-0.0156957335870874	-0.00140065110674635	0.0156547442798647
0.0116349135619902	0.000264481225831613	-0.0132685313872179	-0.00411527914376284	0.00212191168226383	-0.0172920953115192
0.0113067286218327	6.37117791196275e-05	-0.0153196375842049	0.00647350250585569	-0.00475462901052901	-0.0108729844050998
0.0126780281610723	-0.0066757164793172	-0.00811500914803441	0.00223039133918113	-0.00915857945693448	0.00764773608078566
0.0127888466843554	-0.0078836045309367	-0.00180179298835736	-0.00582919873191163	0.00176728237719794	0.00920626922210181
0.0123934342915008	-0.00166569135116705	-0.0190866613516672	0.0167608618251191	-0.00758756727060814	-0.0101685216053348
0.0116806310935266	-0.00660103003258865	-0.0123446212051583	0.0226633583204716	-0.00223595211045415	-0.0157403398463673
0.0119410555558373	0.00319696668798376	-0.0209064816632268	0.0132039481647441	-0.00672361616278555	-0.000840588678362568
0.0120894142653546	0.00496159843248279	-0.0192415789336895	0.000649872341646439	-0.0108065179409726	0.00268014462744737
0.0114052833192977	0.00223605387755597	-0.00740436822407202	-0.00146083405765763	0.0203210490591671	-0.00284566381520682
0.0120221704574049	-0.00250248281389077	-0.00405752348995769	0.000723243633164027	0.032288653222052	0.000770528267683033
0.0125222557825284	-0.00168769861100453	-0.00615859269568938	0.00613444940402333	0.0197578080042897	0.0116625655373384
0.0118805258336726	-0.00918517011911752	0.000317659406508236	0.00513408220851117	0.0234969188969736	0.0134452357020084
0.0122487660682225	-0.00305014238395074	0.00863613454335587	-0.00176208026553873	0.00434821309554829	0.00301706162917568
0.0124871122799122	-0.00804940349624792	0.00558085130050072	-0.00348456491695317	-0.00797673116568625	0.00774237711020628
0.013676565263723	-0.0167863126344746	0.0118589519345481	-0.000791881661320242	-0.00827207957643171	-0.00873420958255233
0.0130199653694326	-0.0145717708234205	0.00693219067896691	0.00825479390618855	0.00402222037936285	0.0203141171447274
0.0123026788535491	0.0111505549068321	0.000351965669365347	0.0064944984431326	-0.010869529194139	0.0142404797909003
0.0134400685443363	-0.00954816299207297	0.00534118137518457	0.00521342984127982	0.00827207172496873	0.00899629588351825
0.0146157218063552	-0.0328314407031634	0.0291067684445325	0.0253905805800502	0.0216842795377437	0.00247553271122758
0.012418880832675	0.00620788977487851	0.00135268132177063	0.00165194698165027	0.0129519491598921	-0.00228455040241071
0.010662526066808	-0.00430527346089843	0.01415832332257	0.000234690784387514	0.0135509287578541	0.00190453034947295
0.0123360849060327	0.0221809339222287	0.00048151657689508	-0.00247312506872472	-0.0148476274355108	0.0102511421315018
0.0118165433052749	0.014028117786662	0.00378317760024138	0.00975524265345542	-0.00124266838695251	-0.0224734387975902
0.0120305172451916	0.0154664264485287	0.00671959622486044	-0.0104152710020461	0.0181643465707058	-0.0118584400547669
0.0125647827558094	0.00380194276634399	0.0120267810454751	-0.00243244903500362	0.00892689250249601	0.0154228784178268
0.0116569293903452	0.0159391539143927	-0.00616970153724361	0.0143722634964803	0.0180513928220173	-0.0236650883036335
0.0120689271360028	0.016985799074937	-0.00394488001619102	0.0152232455269148	0.00920906486813281	-0.0161457019944713
0.0119230983230652	0.0112740934676874	-0.00288775278792038	0.000550460512454984	-0.0039602591896318	-0.0065815922568966
0.0122887946439004	0.0167929466903447	-0.00475582201072418	-0.00167132968391293	-0.000620618156530475	-0.000994983039089497
0.0142585308996148	-0.00404191261221242	0.0106784811981983	4.64140703248817e-06	-0.0060543820207176	0.0162517487510439
0.0138474627205544	-0.0045539056581222	0.0107226818977145	0.000817492122338283	-0.0122948541302134	0.0115639265530771
0.0135774163772044	0.00264338795412744	0.00494077218415876	-0.0179364372551012	-0.017246936841003	0.0213026298359448
0.011886538519979	0.00153912531983874	-0.0059065861321375	-0.00251347436675029	0.0185640810509451	0.00950863279810373
0.0116973353342475	0.00951770930528473	-0.00878168600839204	0.00338239161791918	0.00362117819091022	-0.00205104104727489
0.0116116173074328	0.00166502437726844	-0.00742780255436729	0.000181200470503748	0.000960566326384196	-0.0101713218713619
0.0121597534965415	0.000232201166744039	-0.00476206854324675	-0.000503731553556519	0.0110022179802186	-0.000115735631823546
0.01281745836981	-0.00458557454545621	-0.00579663203895224	-0.00883884000677691	-0.00624029113679743	0.00501768862707175
0.0116414933575862	-0.00212371557484888	-0.00999740977816704	-0.0121978292931485	0.0138594880021225	-0.00469021494967046
0.0120195750332247	-0.000436997566405452	-0.00162637318325666	-0.012443131610653	-0.0147577205699945	-0.0061190026123351
0.0114598004456565	0.00218686406805549	-0.00449560206660799	-0.0181086448375635	-0.0140136455293605	-0.00172522262697331
0.01232721833006	-0.00329281549787775	-0.00578311089646896	-0.00867187626585516	-0.0136983873213905	-0.00319389216747485
0.0116078142522424	-0.00364737181103554	-0.0140385466271808	-0.0205775922671234	-0.0159516311582629	0.0100792794917066
0.0127180036621017	-0.0174206537978244	-0.00116611640581748	-0.00887895552481943	-0.0135643781732117	0.00585888058855056
0.0121826919291823	-0.010789536420131	-0.0143777515987214	0.00317702478152831	0.00904282777149337	0.00140286154761459
0.0117770551243887	-0.00664220572275595	-0.00886495681204789	0.00522687580174144	-0.00530548587467133	0.00622191653026897
0.0114372853373552	-0.0101943257109598	-0.01501193028796	0.000625855175505433	-0.000518824202433106	0.00492764690699587
0.0120475395666754	-0.00325887568700907	-0.0196172808048478	-0.0042879328330438	0.000107285261104736	0.00137780163864068
0.013908454132409	-0.0283188611643854	0.0134325638709627	0.0116963208320491	-0.00459447529156662	0.00794767700670709
0.0153165154159239	-0.0364752441945131	0.0193463252823351	0.023199263166724	-2.9376382742724e-05	-0.00173455287879014
0.0124336452458369	-0.0112360754791553	0.0143548711260177	0.00828477134818213	-0.0148949214270851	-0.00733684334455073
0.0110807732029498	-0.00161403021594942	-0.0154286299360835	0.015528292590542	0.0106552913897491	-0.0213025238465478
0.0115975316141007	-0.00117051067970917	-0.00797187056213819	0.0145584114806111	0.0054578285178783	-0.0214955933690178
0.0117840325869917	0.00368564836705042	-0.00521230524988865	-0.0054389450089785	-0.00419458165914272	-0.00468008038157986
0.011674714704736	0.00324019212289584	-0.005022101628868	-0.0131373599603311	-0.00455851920081367	-0.00573535670891764
0.012069852209392	-0.00129211014067678	-0.00774118124077679	0.0014726660999357	-0.00325435668639656	0.0140583639884979
0.013078638890258	-0.0222066324422333	0.0211873350647248	0.0152724168796022	0.00863648486045639	-0.0197051669540259
0.0119530894344926	-0.0363361286286026	0.0565469665522187	0.00531721717372272	0.0293874614328379	-0.0175756250437994
0.0147244728529736	-0.0227040399365538	0.0262471643856712	0.00460321469894518	-0.0172457475843654	0.00756023929374669
0.011782024061526	0.00659529866395283	-0.00930009045819436	0.0044388494588614	0.00921749126482917	0.00471067080033578
0.0115986326146947	0.00628207564170553	-0.010006818871536	0.000783078904350327	0.00678085690111883	-0.00753950350981531
0.0125776749023853	-0.00777765108368686	0.00479423231983898	0.0142140617826884	-0.00219434958316157	-0.000938681586528445
0.0130635215031853	-0.00276305676047995	-0.00244992612404602	-0.00665829387868786	-0.00729272770272891	0.0217162541107246
0.011945544893389	0.00613663312759661	-0.0130866138618969	0.00121828622390928	0.00826960203934253	-0.00651254706194701
0.0120529634410415	-0.00295308906513391	-0.00368718470010176	-0.00735123544377281	0.00153504202658816	0.00521990715767881
0.0119504834727813	-0.00141822286954329	-0.0106931264234814	0.0136487853886667	-0.00924506481623477	0.00492884509344113
0.0116501940527423	-0.00886924290779954	-0.00996204161924572	0.00432495628082702	-0.00149229061817294	0.0144373102960414
0.0117334960641351	-0.00688145623009462	-0.0103302324528152	-0.00229198493039185	0.000643771834940845	-0.015256845073089
0.0118251512648181	0.000992323987049768	-0.0130282396034322	0.00247074104570032	-0.0145839770984926	-0.00436401031803987
0.0113901847542807	-0.00615252913659597	-0.0101060193930708	-0.0179143406280794	-0.00703634264993187	-0.0193844710442825
0.0114438071426008	0.00116450761149669	-0.0153117886275459	-0.0130604821085943	0.000948894023740953	0.00107631881230906
0.0122328297648737	-0.0151021043334264	-0.00346959033780743	0.00587596721031697	-0.00194821721117002	0.00192597412792463
0.0111806577250362	-8.14078199922689e-05	-0.0196113502274331	-0.00206504141212898	0.0176379543246443	0.00211759767047946
0.0117504229280411	-0.0113586916434523	-0.0213268360691199	-0.0166858647001125	-0.0175341091749864	-0.00734018219903374
0.0117182107061721	-0.00652632568413618	-0.0124063963518346	-0.0076224985308221	-0.021746195992663	-0.00824870947782565
0.0116682637855959	-0.00901455398003293	-0.0161787155243234	0.00172887726172904	0.00159767162876351	-0.00151029857478718
0.0109534174503964	-0.015157224194724	-0.00917257515929207	-0.0139960462690335	-0.00172682785465822	-0.0108629143439289
0.0108563565166385	-0.00844544729738919	-0.0135103379735592	-0.00851852539114662	0.00477158850364596	0.000588299929984377
0.0130902448038184	-0.0249240252725104	0.00625969181685065	0.00467088125021042	0.00664188083819223	0.00754321144801236
0.0117080505169186	-0.0118753182143072	-0.02492702309805	0.000833673639813935	-0.00234308303963124	-0.0213182849707974
0.0119013219891199	-0.0140038683066728	-0.0153109081139418	0.0141428333690255	-0.0200026917492307	-0.0139069161805324
0.013766358114446	-0.0386708509376891	0.0117277265346037	0.0204415551791137	0.00983236595299058	0.0198443744314074
0.0114804253701163	-0.0117933022145963	-0.0168101252160527	0.0209047451991742	0.00397178847175494	-0.0195268363733278
0.0117448173928598	-0.0139089078430113	-0.00401436582763578	-0.00298249539636557	-0.0200796130689074	-0.00824332561749083
0.0138050401446929	-0.0273802562427236	0.0203315093369404	-0.0133799600295707	-0.0194149494715076	-0.0140385423314246
0.0115555951829228	-0.0145818462204796	0.00142684541003149	-0.0196824460786255	0.00567766916152804	0.0160706792232087
0.0113246570536212	-0.00919866478784777	-0.0093110620727524	-0.00688610891733466	0.000779993633841198	-0.0318309744000178
0.0111343607227865	-0.00426510928520084	-0.0124940790834229	0.0222592161795146	0.011785820669786	-0.0271614736556424
0.0125675386526816	-0.00611548214978113	-0.00159182731798187	-0.00182475782406854	-0.00865389920906147	0.00107278144804119
0.0121781487260462	-0.0114957847617174	0.00266085052609732	-0.0149737218346692	-0.0099610899983857	0.000704770936001443
0.0120808936896592	0.00190958776694569	-0.00903972104468936	-0.00421041568193927	-0.00639014217104858	-0.000903540628735478
0.0121279129901313	0.0041257464413285	-0.00994169105411243	0.000266660450012362	0.00649472096068164	0.0075208795753619
0.0119886410787267	0.00932308138190285	-0.0142297678754841	0.00471904954881542	0.00372042019624572	0.0153418541840809
0.0121011811589616	-0.0119273893788873	0.0134378753927882	-0.02418992512057	0.0120216584058945	0.00841774615703164
0.011676107467607	0.00110131080375914	-0.0095881307284035	0.00304519142602214	0.00255751286045024	-0.0233577976478443
0.0122367416843831	-0.00713989170243928	-0.00361424150659569	-0.00686350851098469	0.0188334988447337	-0.000978974911416841
0.0113445292782095	0.00730300169476393	-0.00593694172737008	0.0153734147847454	-0.00139941045371527	-0.00404444957515089
0.011190712786413	0.0013185013927204	-0.00238658806787812	-0.00836129712359479	0.0150482130465053	-0.0318251026304093
0.0134096309434383	-0.0101161543839393	0.000682928955959545	-0.000989380611033593	0.0142708826978289	0.0222983635778096
0.0135966595359163	-0.00648762451963778	0.00813763908108889	-0.0140504853592638	-0.0158051867135447	0.00160080324979345
0.0131420399027387	-0.0044311509672166	-0.000270590607669419	0.0162559433320136	-0.015193904774589	0.00167255545611109
0.0150972308358866	-0.0243649148047332	0.0184311586778439	0.00279921497535949	-0.00755544099987667	0.00607868935389845
0.0124967637376945	-0.00039133044840065	-0.00794925268228457	0.00192940973492601	-0.00411340800451255	0.00347736204909616
0.0130890273608114	-0.0153202570332778	0.00938445852056772	0.0143363995499614	-0.00249001233082575	-0.00199006300904154
0.0119185754413142	0.00288375543744275	-0.00238338209126117	0.0126414466409104	0.00610106533596084	0.00358634618522318
0.0119005170589091	0.00837013521088628	-0.000186952819343025	-0.00449509939513482	0.0117363073578873	0.00265366522031643
0.0115587244948864	0.0088118525991255	-0.000880447774033306	0.00325289744855849	0.0252223244503687	-0.0248660924274882
0.0114594496361315	0.0106060626857564	0.00139272370187962	-0.0104208558909901	0.0139586137347255	-0.0136795916644998
0.0120298162314145	0.0177653957754085	-0.00032511863711588	0.0137236330027206	-0.0038194208091708	-0.0062300524191378
0.0130034537853299	0.0120815803099244	0.00754632000928811	0.00100348711758077	0.00888294430447188	0.00914980450673791
0.01219435468031	0.0136507611876172	0.0124547768465871	-0.00379881213066878	0.0272550280025992	0.00066819767420823
0.0127400396448243	0.00646358298983258	0.0179452823335893	-0.00478500021181763	-0.0102922721708435	-0.00776462735949461
0.0118845316235328	0.0146449313696794	0.00575319771242945	0.0116216605986828	0.0068443086350366	-0.0277612174571313
0.0120307051678546	0.00882278153543933	0.0113875238969044	0.0176587762791589	-0.00313101368885699	-0.0102243438384228
0.0132541406604951	0.0177111940222191	0.00509152734980048	-0.00155701680931589	-0.0137461222714355	0.00591750767087953
0.0129539463396426	0.0139008170322542	0.00813313219252972	-0.00176119468296708	-0.0099534441249505	0.00267662082410592
0.013286323726082	-0.00831050494812862	0.0158023105826153	0.0130697099627206	-0.0122021368595088	-0.0191486966221298
0.0121770192077657	0.019037475451619	0.00104054845620202	-0.00186111886904395	-0.00376553064188747	0.00903662139832557
0.0120178291909239	0.0162777267911664	-0.00224990491245281	0.00439745390672989	0.0139003983528793	0.0124498815722212
0.0122130887232882	0.0161584252350376	-0.00227555154357524	0.00297600278420403	0.0157400531266558	0.0184760766215652
0.0121099702780849	0.0168264239348045	-0.00226899611853241	0.00178979025847103	-0.00770143358515803	-0.00335158191569938
0.0124464370353599	0.00112354599010779	0.00796511201125215	-0.0100073664463695	0.00950859803143501	-0.00360558750345865
0.0119661683574942	0.0045142873730179	0.00190204988681569	0.00388121278805139	-0.000712674517116758	-0.0027612041715343
0.0125324561731606	0.00846467401896321	0.0103412143397693	-0.0215500947554325	0.00425582615475438	0.00311214995440827
0.0122380289643706	0.00423371653325331	0.011909058752461	-0.0107329594582347	0.013368074117808	-0.00960227359649747
0.0118521241232819	0.0139410094607921	-0.000560402511053942	0.012692036384993	0.00225379971908031	-0.0133475450106543
0.0134775278870813	-0.0157699572547588	0.0315987546424852	0.00289490141029618	0.0141291576527329	-0.00554235116749933
0.0123410679912014	-0.00506099842516089	0.00614362438787082	0.000244284843867348	0.0145939347141523	-0.0165941394257039
0.0124350523045476	-0.0128988241591709	0.00756377754671545	0.00141428684100629	0.0104052447413326	-0.0177322957326807
0.0124241869842663	0.000507319421823941	-0.00177627594783048	0.000506156716310086	0.00606729620938274	-0.0140347050019669
0.0128073578441664	0.00146381374855778	0.00213879754834181	-0.00421276677842498	-5.33576690206756e-05	0.0161496720570588
0.0129869387416514	0.00452305775298966	-0.00578657910557441	-0.00184451653344775	0.00356100005185977	0.00520350281946601
0.0124815528541409	0.00513425774894032	0.00155677289128209	-0.00593327617337023	-0.00126861882979439	0.00790602085583772
0.0120211088963891	0.00538175399415711	-0.0101582150859449	0.0132943151771567	0.00401897622469109	0.0033326292024239
0.0118983938602228	0.0117770918169499	-0.0160766568958985	-0.00737653127332043	0.00936570650260386	-0.00565090280251355
0.0116252187898279	0.00668186390265951	-0.0143393067385603	0.00512147062943635	0.0143968902520315	0.00399849511545816
0.0119715937001347	0.00379456462881181	-0.00823619892993609	0.00553128211512891	0.00169136553960299	-0.0093529847446362
0.0117250790832341	0.00626926158939973	-0.00696109730847129	0.0133918234970156	0.0185215832672972	0.00240164961444512
0.011901318718837	0.00219373132815724	-0.0132308401120525	0.00282788942947879	-0.00584971230801727	0.0150381972011746
0.0120471211797848	0.00418790550051021	-0.0117981523785608	0.00394190040750292	0.0136462016863972	-0.00795052514595147
0.0122535209407389	0.00303311443730654	-0.0109110997195381	-0.00832727067306453	0.00393938026763319	-0.00248805128594138
0.0117936264253765	-0.00333388058598659	-0.0123119738053966	0.00392904599672328	-0.000247445446647242	-0.00584036994402174
0.0119085986487589	0.000264038400843086	-0.014317305798513	0.00249465733293122	0.00234273178375318	-0.00961053811061698
0.0117662305188903	-0.00325946402334391	-0.0122614705670184	0.00810759553515777	-0.00137714298471063	0.000592667656047248
0.0119268976210743	0.00122047777779427	-0.0136298227377989	0.0081001626752383	-0.0100417036198898	0.00596388075276719
0.0116373448498034	-0.00435896645567702	-0.0110373069856344	-0.0141335798569309	0.0131181291643792	0.0111903801338606
0.0116288583772092	-0.000196764639490386	-0.017408222430282	-0.00119999695562603	-0.00849658155487984	-0.00772173996406236
0.0115636686426816	0.000626271039338377	-0.00921366282309671	0.00262959711704644	0.0265090356240268	0.00403253852732485
0.0122434964974799	-0.00499522172182416	-0.0103700002208378	0.00345425873948799	0.00954473504675663	0.00812555865001951
0.012270491765821	-0.00211468337375625	-0.0105637975728095	0.0119211207414402	0.0114601058235786	0.0219393006512692
0.0121358821433301	0.00308745457886861	-0.00803658257512905	-0.00645272252444328	0.0134134082164372	0.00315261965968065
0.0121912806961429	0.00380430541640916	-0.0113954362785534	-0.00170514979725472	0.0181647748796154	0.0163901796914358
0.0120877277917114	0.00105138275183984	-0.00424845195251489	0.0188137527793615	0.00880404676557225	0.000234359925069197
0.0127319687470388	-0.010734917495447	0.000427553040234845	0.0224080668653078	0.0269335959066353	0.0107530761834356
0.0122539497230094	0.00174998639123463	-0.000510288404164415	0.000422478320435438	0.0121197338848621	-0.00750319168489897
0.0116067969577499	0.00347057614574495	-0.00271317284762868	-0.00186032475451593	-0.00519455983530363	-0.00503100234788584
0.0124934426423611	0.0137168360183286	-0.00316157474047567	0.00182294834885094	-0.0094337621594521	0.0216671598003605
0.0122093582132109	0.00392342494155216	-0.00112716461972126	0.00786991379011013	0.0216520996676295	0.00913460703930544
0.012268155444652	7.78414965076583e-05	0.00410088761531042	-0.00135598514513934	0.00876176978427337	-0.00538833992111033
0.0125079454979654	0.0145160095369365	-0.000331601365594597	-0.00103172278986042	0.00407392694332098	-0.00806394130452813
0.0142241298323173	-0.0307563623806454	0.0231336866578108	0.0107201788940801	0.0199781375738618	0.0197651597823855
0.0142445722101371	-0.0320631697448395	0.0217973594285549	0.0134925812541536	0.0205847319359983	0.016726426526297
0.0135123863760283	-0.0100153405392991	0.0135923559761231	0.012614345081697	0.0248938492557525	0.0276267437505667
0.0128625399871875	0.000127764078546809	0.0101391303864736	0.0150014186025266	0.0212302463378976	0.0191555834802416
0.0117316986758689	0.00742271762540596	0.00317558406847581	-0.0111258034016609	-0.00499258958873918	-0.00852336048371265
0.012066542249723	0.0167328622083017	0.00039197745731264	0.0179610941939111	-0.00753494223623808	0.0042067333258021
0.0119599676803691	0.0122043345805799	-0.00763935894619674	0.0119265616330149	-0.00606957824410076	-0.00415318096656647
0.0127641037647463	-0.00847141796153144	0.00517059927417511	-0.00105909861966383	0.0226572460436922	0.0139046865536128
0.0137753458008014	-0.00309289126922489	0.00898832343482987	-0.0151388771510415	-0.0109006300802169	0.00636228209003113
0.0134833487615779	-0.00614493966710873	0.0145790510254688	-0.0140791759741772	-0.00371304708903575	-0.00429585423416691
0.0138210537985798	-0.00693991736783999	0.00303521730321172	-0.00136735354228483	-0.00214535960758148	0.0217880018095666
0.0124339716528291	0.0119300240243815	-0.00774830810112457	0.00988984474183231	-0.00284506833202134	-0.0021044188330143
0.0127185212212847	0.00588080077406932	-0.00219111944082161	0.00465569103584263	-0.000719655155575432	-0.00173036738716903
0.0120690922384221	0.00883454542276841	-0.00707685739143022	0.00580142962061026	0.019018520680911	0.00835646278057824
0.0112086305653397	0.00929084695904642	0.00564618974255692	0.0107616425482609	0.0147186956880452	-0.00457761569345008
0.01138585581368	0.0108762729955664	0.00584648871076025	0.0118777953143508	0.0242465597130829	0.00937059053587381
0.0116269294681646	0.0177199326574927	0.0052288085718818	0.0100987652021127	0.00434660528079617	-0.00671756999950815
0.012997686823737	0.0169428230281428	0.00521129749108254	-0.00988235485343706	-0.00296826355619318	0.0191667951291254
0.0120380756474243	0.0174279238839483	0.00316961849452493	0.0039309139463917	-0.00916738877220821	0.00885478477088657
0.0125532895414948	0.0218471085936623	-0.000553270386938821	0.0114984083346653	-0.0138663300526526	0.00195314025839757
0.0126562199535619	0.0170955617199752	0.00529414076278111	0.00509023112280559	0.00472388838487371	0.0103925088819459
0.0119893461182425	0.0162221816118273	0.00861284777040051	0.000983350383551976	0.0156485451262291	-0.0158113290785403
0.0122592461670838	0.00865645319706668	0.0134026038811423	-0.00742049900305404	-0.00799716305917899	-0.0118902381125424
0.0117415603031284	0.0192907006858089	0.00852150872157813	0.0124370628866155	-0.0132527796155501	-0.0190896912145096
0.0147023382917796	-0.012818589209104	0.0293170447872407	0.0106013066211028	-0.0199770954153437	-0.00609513771100274
0.0143623085399757	-0.0206858192954584	0.044219385648181	0.0119124516468758	-0.00939943133538946	-0.0111137317600131
0.0141202615655082	-0.00294013074049368	0.0248999503200637	0.00325962475095986	-0.0135712931574864	0.00903391768038615
0.0126249861451119	0.0163309263161109	0.00319961002664371	0.0175888276055552	-0.00103751726608588	0.00939606874904131
0.0126671113985251	0.0179818839609018	-0.00605483562245269	0.0176362176731798	-0.00635804842051117	0.0135940686962062
0.0112830080755072	0.0187243283029441	-0.00134435387139839	0.0226097987892726	0.00634877531770766	-0.00920560530377772
0.0128190528461331	-0.00313703196721704	0.0055207799994244	0.0138808508368829	-0.000693844481971849	-0.0109406654974679
0.0119004616646663	0.0104406712917694	0.000122351824316232	0.00201222577264712	0.00370633410334543	-0.0239952981978124
0.0126997588992689	0.00740803115182546	0.00477474270393669	-0.00712446862917071	-0.00874854816364486	0.0270013995669083
0.0128612089618257	0.00178848962176266	0.00111961607183675	0.0164192146953292	0.000458641863564861	0.025162136292109
0.0119552827481388	0.0128470854943098	-0.00295966736025071	0.0180073306135369	-0.0100904843241723	0.00813330159533792
0.0118414489550159	0.00582824976741305	-0.00850027690422196	0.00688886913318036	0.00869572618426465	-0.0183657037219735
0.0141070502667539	-0.019836112448784	0.0232555051978147	0.00530118843772567	0.00230436455318186	-0.0102531025275297
0.0144021271927833	-0.0161387357865456	0.0118661508615302	0.0237327703822713	-0.00536903625218581	0.00356404714171014
0.0122944352957096	0.0179387518810308	-0.0218959604101626	-0.0215276542804821	-0.00352041350458454	0.00138895532897814
0.0123737210305226	0.00253230579243281	-0.00489987277013597	-0.0101276023177364	-0.00293934323563576	0.00986840282635747
0.0116184885835173	0.00831169226434481	-0.0109451228675631	0.00626271232388984	0.0233048409912388	0.027759534588486
0.0112280915661051	0.00501175915472516	-0.00693666142615803	0.0157652742590694	0.00831618517731197	-0.0150922365705834
0.0118942771231524	0.00142980217642013	-0.00608754723027208	-0.0036992405028062	0.0225136187373227	-0.000232724104473519
0.0118583357424465	0.00503808205770755	-0.00586334178658204	-0.00675806407572527	0.0052942092653607	0.0130399222913143
0.0119328857906236	0.00829706187540589	-0.00610921019696094	-0.0172828948802222	0.00170588082169048	-0.000923927347335402
0.0117336406923697	0.00460587211412104	-0.00942196571278718	-0.0132257779092146	0.00889616778859112	-0.000247190113321619
0.0117257408197484	0.00141343346201585	-0.00612236624422413	-0.00288773100477358	0.00295062440563664	-0.00132221680173118
0.0116264722230341	-0.00656669442146624	-0.00592201446250269	-0.0148599274866417	0.0149425368576121	-0.0117985674427944
0.0118148564167833	-0.0112530750533901	-0.00973194811009139	-0.024660276105902	0.0317502279985585	0.0295446557087643
0.0117949133708876	-0.00577270840708732	-0.0189261527591129	-0.00504270900762755	-0.00598801049931228	-0.00188282422118278
0.0113619220805195	-0.0034419867462948	-0.0228992322394912	0.00264812077066993	0.0136720787700475	-0.0114541271200801
0.0120864550970267	-0.0158380390082515	-0.0109011610745031	-0.0162911292680156	-0.00981558219959479	0.00361253545343777
0.0116246997691469	-0.00580489964216195	-0.0209311407243901	-0.0104932155595014	-0.0142842486264294	0.00343372018452277
0.0123034720861406	-0.0130214336751866	-0.0214379859395833	-0.00469306762611261	-0.0201974453377406	0.024767667979781
0.0109012933479588	-0.0136353016361333	-0.0112878504836902	-0.00546544917667991	0.0130584246969698	-0.00323722037197533
0.0117208217308848	-0.00916884998900146	-0.019216664186258	-0.0185894250981246	-0.0197765877253111	0.0128665385794562
0.0118159807858318	-0.0119154949816725	-0.0171157825436527	-0.00307944980097749	-0.0196748252232304	-0.0199380771566157
0.0119391181670072	-0.012667638830468	-0.0286216091994994	-0.0107530171900576	-0.00124594729706451	0.000643433425225873
0.0112775855644987	-0.0170582477507474	-0.0199789235217939	0.0177347480279116	-0.0132548479077576	-0.014560883150807
0.0106762666736787	-0.0139592441991278	-0.0184961847738456	-0.00447842249860926	0.0182051563141047	-0.00324622789629051
0.0114552018646402	-0.0180522085595255	-0.0163696890777875	-0.0174074203587457	0.00643857876327282	-0.0055271709559884
0.0112755152344597	-0.0198793749348481	0.00473774872087357	-0.0342423286400035	-0.00115604384853193	-0.0265443979226989
0.0113393559427716	-0.0126348764551422	0.00369782059244521	-0.0272805208248944	-0.000797008593873146	-0.0257409809780052
0.0112352419691174	-0.00604472462923757	-0.0140405779134105	-0.000619355522944049	0.00320706237845473	-0.0324214059406252
0.0112241267449696	-0.0105690058763884	-0.011612694275566	0.010385301531005	-0.00907667981409746	-0.0298720525182241
0.0115939993148681	-0.0113497288510429	-0.0134654566694318	0.000130208991068852	-0.00399228892913491	-0.0158327477067373
0.0117041956952816	-0.00435267319743384	-0.0189861756708956	-0.0113329046800929	-0.00931882227468382	0.00381105962017678
0.0118183077746319	-0.00194022554673462	-0.0139020870055392	-0.00760799450223005	-0.00981502763339898	-0.00725105476953215
0.0128626887980751	-0.00420197030918933	-0.0177002556357801	0.00557560560070413	-0.0263204353289366	0.000884019738159488
0.0118807822070866	-0.00511540422420501	-0.0208957120071652	-0.00194230162834382	0.0111106551658585	0.00580873432120523
0.0121088014102833	0.000623879894197585	-0.00868482313492138	0.000926855282929543	0.0102554796062949	-0.000147632424332547
0.0115882700932591	-0.00677462069166269	-0.000516780526897132	-0.000314884992103973	0.0157007944278318	-0.0152512555640988
0.0119403798960421	-0.0212312211354717	0.00783510483985999	0.0158085885333489	0.0147153450281918	-0.0110635363520831
0.0132915123806865	-0.0175593114306072	0.0112895751297272	0.00397428542575196	0.000692447274152877	-0.00672865596548907
0.0117344126910011	0.000752640520679204	0.000674281315985834	-0.0173111919191996	0.0292230393050549	-0.00347651137793973
0.0112776452792766	0.000557643789742912	0.00180397374359912	-0.0160101013487424	0.0292414495820568	-0.0132222167493896
0.0127723372241203	-0.0108688085448216	0.00428444579309363	-0.012768288706045	-0.000954707088784068	-0.00245924537269081
0.0128984382316194	-0.00638245120878374	0.00303483443892405	-0.0140766678931387	-0.0101303270791619	-0.00274737779957066
0.0150702528592719	-0.0313261266487185	0.0219483236822108	0.0105508019470771	-0.00095957906117263	0.00384585971498624
0.0146945498744916	-0.0170095254469457	0.0286733418070903	-0.0197348155120314	-0.0146705567064583	0.0106791087285184
0.0152573510922849	-0.0334383685543805	0.023677257678134	0.0111802642581024	0.00670667527577472	-0.00611629196521464
0.0113320212668841	0.00337122535776973	-0.00846374833513944	-0.00391780742292953	0.0100978301851311	-0.0203952833711691
0.0116267361223691	0.0100529188210108	-0.0190007389292736	-0.0139016964135949	-0.00376370235899113	0.00153478721363995
0.0120765887853489	0.00506731652513626	-0.0207836902095545	0.0103254771263612	0.0113174123733929	0.013459769355259
0.0146246867001384	-0.0245330868787594	0.0118924003041619	0.00832132405069453	-0.0133371241955454	-0.00114316558801398
0.0131026948502211	-0.0155436758677934	0.0649777571006092	-0.0156272323586512	-0.00296595599490653	-0.0213438988637772
0.0119236400343042	-0.00443993393513271	-0.00862763327901936	-0.0107854411065847	0.00117215013186467	-0.00815924743702165
0.0120354752233748	-0.00587030878349829	-0.00721101604127583	-0.00646308688576793	0.0055872423937838	-0.00946566774789769
0.0122671752504155	-0.011484488249064	0.0069702571090114	-0.0146361892183996	-0.0153640564443399	-0.0153314359630872
0.0122678813565519	-0.0134951011717916	0.00805114388039492	-0.00900121955260456	-0.0160296670270411	-0.0150908943300921
0.0120960124811625	-0.00850925501657006	0.00212203120059801	-0.00514475870507906	-0.0344441280706456	-0.0113148454791231
0.0110068738383635	-0.00394647371762077	-0.00890704107739284	-0.000191161000130094	0.000306572165232078	-0.00294683156317909
0.0111304779684282	0.002347693616353	-0.0111335571287428	0.00456077161872085	0.0121258358111641	0.00208593931261889
0.0115439128271775	-0.00365063168454198	0.00323447851142226	-0.0270344784433957	0.0207884593067642	-0.0257886752158374
0.0119007650846002	-0.00126170179599806	0.00504953383598042	-0.0278570816379895	0.0226131588608687	-0.00485805897857048
0.0123588397935499	0.00894915637402274	-0.00524507435733739	0.00694022188656964	0.0121052654146408	-0.00409047632916721
0.0129260818994251	0.00858611625263138	-0.0144444559684413	0.0105328230736427	-0.0194798387048207	0.00580285909227803
0.0125289820221935	0.00573734729908494	-0.00452959020075274	0.0134484172457126	-0.00532723101808027	0.0115864874648833
0.0126577257313462	0.0105011258176163	-0.0103484359434033	0.000912568396912125	-0.00144498546866093	-0.000706245830364461
0.0125485885672325	0.00463506587401755	0.00672544517109322	-0.0037749426581112	-0.00576388887626154	0.00438186322245968
0.0126230010516513	-0.00660705433608	0.0126165222099401	-0.00142545976272355	0.00291161505773926	0.0037957342026553
0.0119562804003281	0.00926727322768217	0.000818074022157472	0.00862716793923571	0.0206188154726904	0.00963824209487976
0.0117739172225833	0.0131808450255373	0.00159877062080292	0.0219914794272639	0.0185048586664532	-0.0123713268719963
0.0122528922473026	0.0111669460281299	0.000130877299195811	0.00473474836476234	0.0142614697325578	-0.0145259255842098
0.0117548515216006	0.0194847615611227	0.00694523628089563	0.00710831554959442	0.00498227700665091	-0.010458532437529
0.0126583593031214	0.00623976317444122	0.0183987944505957	-0.00340636317419405	0.00661929082205364	0.00425604331827572
0.0120794992342141	0.0166710230939833	0.00964590193686314	0.000670553010203759	0.000177838564635477	0.00202026734993428
0.01247344333115	0.0205182625653547	0.00739699466015065	0.0016501814298674	-0.00211003600518367	0.0109161737931813
0.0127903142542108	0.0213912828917598	0.0129636238662775	-0.0042574093048405	-0.00706122840008297	0.0134498804513253
0.0119331606039016	0.0194555333846844	0.0120818154422075	0.0224319808152507	-0.00717499042377971	-0.00218487123935494
0.0126928229361815	0.0181172472444112	0.0127715534894358	0.00518573065185528	-0.00997665954219131	-0.00112952413785754
0.0128954301937533	0.0284099288302038	0.00832790886529755	-0.000994932804288791	-0.0205253978508219	-0.00275416819524908
0.0129213549116083	0.0233605681013647	0.00583382090756755	0.00907380261006833	-0.0260136922552473	0.00112992647559857
0.0126319001431727	0.0197890799311416	0.00860235529834158	0.00213139282788014	-0.00556061507614119	0.00740991851955478
0.0120785052387922	0.0230288302258109	0.00754830255604843	0.00518310072619966	0.0098185570028543	0.0066917559081075
0.0120427692841537	0.0113230943953853	0.0141954832259405	-0.00431412450300035	0.0188305668948439	-0.0168443155310161
0.0123104155659484	0.01776731924998	-7.67922599437055e-05	0.0135506097063448	-0.0120906775537097	-0.00619197669959018
0.0127041087242741	-0.000906791885286417	0.0159394255429027	0.00118085554981537	0.0150246253418821	0.015854782708971
0.0124785403688026	0.0105122212192948	-0.00207259720458411	0.0101811583973393	0.000143557952411636	-0.00598998587243433
0.0123262720998321	0.0148914644963387	-0.00471009772025043	0.0151115079206335	0.00745478381198825	-0.0152960537202066
0.0120452243034939	0.0140407655489542	-0.00667992289240699	-0.00225326578581449	0.0182844300715034	-0.00781848264345167
0.0120873020565648	0.0093088546730436	-0.000301350231760104	-0.00700042036083551	-0.0144796536975334	0.00748334682394724
0.0118694047838605	0.00934894427553544	-0.00570546019760208	-0.0139849432142124	0.00974978964888288	0.002054607001987
0.0124997850213474	0.00852026427336127	-0.00636502487041475	-0.00345702261590696	0.0028389041594614	0.00437425855990807
0.0120376313274719	0.00658264076082084	-0.00787874829392486	-0.00633189014660886	0.00715091986379116	-0.00441323985643608
0.0119701837482652	0.0112778562835716	-0.0121747939176754	-0.00646618254862411	0.00351588567498401	0.00841184412272301
0.0117073072524492	-0.00554187598504211	-0.00789768470510601	-0.0150542281136609	0.0418832496993213	-0.00182155413516082
0.01174015271056	-0.00758437139185289	-0.00493104704904378	-0.0122374767237582	0.0354773288981358	-0.00301639016480938
0.0123532008966193	-0.00587472116917798	0.0106348915368241	-0.0108184681296114	-0.0115334793761756	-0.00619425898199283
0.0120527903443194	-0.00717223453520641	-0.000938202159856771	-0.0164975783744357	0.00648038611637814	0.0101641306931356
0.0116213438259353	0.00399336694363012	-0.00831848781124436	-0.015412083749041	0.0130146379879948	-0.0152225037464499
0.0117105388400437	0.00293338686197737	-0.00704499081262434	-0.0077243729817255	0.00784533119248645	0.00273419466478224
0.0118114023074086	-5.77637089369046e-05	-0.014078778469988	-0.0089440088619791	-0.0102303511493272	-0.00807287099491769
0.0126686920186007	0.00313612668990833	-0.0100102248217613	-0.0130358535703387	-0.00971485430423002	0.017506892730951
0.0120176376125162	-0.00652423684492932	-0.000870508174180846	-0.0203435306039599	0.0150842480908967	-0.00272314706929432
0.0126951616722528	-0.00380128640587897	-0.0137199481158602	0.000939683512295037	-0.00231144124885893	0.0205319573874146
0.0118496139338187	0.00133297688696302	-0.00886497270748994	-0.00406863530178734	-0.0124245465650247	0.00471977443870019
0.011420485226447	0.00156481209882178	-0.00996831407972389	-0.0150507614604542	-0.00510739809199056	-0.0022523217391473
0.0121025598573025	-0.00730875254231574	0.0136080243427609	-0.0309046167176983	0.00516326519054285	-0.000690586041033721
0.0118337331359766	0.000528100689127941	-0.00734244963452213	0.000496145359026896	0.0147593967095617	-0.00143135081190148
0.0123082596470659	0.00472366159606698	-0.0106420016570327	0.00173965777576827	-0.00340173208264256	2.78375851885029e-06
0.0133155625907088	-0.0174170024895996	-0.00119507763484008	0.0280263332364946	0.01594424172674	0.0242771761139826
0.0126886932429367	-0.00204711560493381	-0.0126559802338294	0.0114379600942663	0.0100204604946163	0.012476127777951
0.0127250507032483	0.00134434801380873	-9.07848928210137e-05	0.00767957440520391	0.00829590012698867	0.00537264100300129
0.0122084767864648	0.00286852717327826	0.00550990311649839	-0.0053258646573259	-0.00987762466420624	-0.00774501800770463
0.0121642289266864	0.0102167130795264	-0.00472683429822781	0.00220308651559902	0.00475189148778274	-0.00300822907354843
0.0133786473208737	-0.00560791333572244	0.016873164694499	-3.19787693053132e-05	-0.00761014173371696	-0.003665756740706
0.0119734338940729	0.00953188473783495	-0.00152088245265197	0.00850936119551203	0.00372645976428097	0.00723952551521279
0.0118372183341138	0.00971475006848113	-0.00886426739767344	0.000397638894314436	-0.000956384939059628	-0.0147452067144165
0.0120605999066071	0.00757361342138622	0.0082716072458047	-0.0170596407585999	0.0311015007677866	-0.00960366655813921
0.0120111540286103	0.00650075614764502	0.0101926072448961	-0.0131384787392118	0.0196534063231145	-0.0273987444198174
0.012150261293727	0.0174420727597735	0.00104536087930879	0.00647176098477983	-0.0012753440145755	0.0189088082013374
0.0123904836416859	0.010969486404627	0.00575880419330408	0.0186672436163603	-0.0131834842622451	0.000814327065736998
0.0126426334261907	0.014952665384138	0.00278915568372188	0.007342169547499	-0.0157594759133791	0.000141379375598431
0.0122933088660366	0.017721221812407	-0.00248594964529395	0.00644805884299569	-0.00604299711802664	-0.00641242792339656
0.0124563924284183	0.00733361836568446	0.00316661037579882	0.017464114322657	-0.0120917656706961	-0.00104719158097379
0.0121474845459794	0.0040259361003542	0.00269251143818463	0.0091231001502117	-0.0055389748286039	0.011318186874156
0.0145144188443478	-0.0136520854769474	0.0149471141361543	0.0115915075302658	0.00116602219809544	0.0148268623052677
0.0138302730204202	-0.0106978714494356	0.0128930826422818	0.0138540606472602	0.0106446161901913	0.0110647959471658
0.0125926222597181	0.00343175498268691	0.0170826936350236	-0.0107596032190927	0.00630967435543876	-0.0127018391309756
0.0134682469916831	0.0192501372504708	-0.0138713500269622	-0.00958822369497709	-0.0015587455578997	0.0189846130805548
0.0125264207869849	0.0134535907562476	-0.00199331743924987	0.00331061123014529	-0.00377983295611743	0.0041860269164081
0.0124937476989694	0.00250048742249891	0.0031707922756434	-0.0129413756053065	0.0204769599732981	0.0166925159170256
0.0121169055560878	0.00579720365377095	-0.000653820468841323	-0.0122135099976417	-0.00261067771919417	-0.0109864553397705
0.0129947035482988	-0.013737267367712	0.016327984978624	-0.0128150449864433	-0.0119882779670499	0.0020356236386621
0.0126661183430194	-0.000534355246505896	0.00297215332375236	-0.0185532960243989	-0.0078452075201685	0.00746086999300566
0.0124445436060135	-0.0187395029606842	0.000332685830168739	0.00746302556619792	0.0173320724516068	0.010142166132735
0.0124145422044736	-0.00920608292895762	-0.0134447982467086	-0.00578718568533409	0.00671455362556844	0.0214354560138325
0.0121415050476358	-0.0175684712985542	-0.000227527576271584	0.0224641711824156	0.0113703946548236	0.0046279755432769
0.0118835941213261	-0.00917604943197457	-0.0160209255591949	0.0139510887832607	-0.0124234154378662	0.00994888472264431
0.0124945857891009	-0.0211087341854466	-0.0127542758655217	0.0279377517641927	-0.00260291785609982	-0.0105706723979921
0.0128780285634406	-0.012431233107678	-0.000435787442063147	0.0038387666736771	-0.0207534993142664	-0.00345388674418584
0.012756066989923	-0.00258725250040322	-0.0161190557389439	0.00293580061783651	-0.0091687693250057	0.00485151890497824
0.0129766246196265	0.00603099543696717	-0.0215582036893635	0.0045691707006312	0.00594033458792895	0.0214808127801
0.0118271508095911	-0.0315884185153787	-0.00596759342615128	0.025896550432294	-0.00533654111683829	-0.0325778033625747
0.0117211299138913	-0.0265852960991846	-0.0172415379357757	0.032178684736485	-0.00194719382826951	-0.0156333631632135
0.0109665122676371	-0.0157100851292175	-0.0175361477066701	-0.00215607470072253	0.00972191495536145	-0.00683460604429368
0.0122184313030675	-0.0205912446418244	-0.00892977186252722	7.82331318708446e-05	-0.0222595369654558	-0.0008280086690889
0.011847428937855	-0.0169324169975586	-0.00615741600906777	0.00409397504191857	-0.0191370020269893	0.00465311602411562
0.0124730037643371	-0.0145676172519877	-0.00365437015014427	-0.00376716679397127	-0.0304263625353281	0.00892581601504075
0.0124519509441994	-0.0137216042384898	-0.0114258874425279	0.000203227274173615	-0.0258676284887165	0.0233310417889043
0.0116610431745893	-0.0230734952603712	-9.1404081052124e-05	-0.00509959666705256	-0.00851017832591603	-0.0108847342529675
0.0111994541163236	-0.0168693040108559	-0.0214178961094826	0.0065696145046224	-0.00348706838506124	-0.00703062265849322
0.0114164026217549	-0.0193229966818306	-0.0137436708984375	0.000344272175169783	-0.00587235981442951	-0.0160870682211898
0.0127929206543848	-0.0348287738512032	0.000848564355780952	0.000584379829450492	-0.0166228554906532	-0.0134576024918243
0.0108395920705011	-0.021322163931117	-0.0239680864652184	0.0100571629058971	-0.00101534740364663	-0.00642811662827729
0.0118419998826199	-0.014031894597661	-0.0122303929113323	-0.00281556898409483	0.0028305600534177	-0.00419975777791604
0.0116618498378156	-0.00764139415027668	-0.012574688939925	-0.00712052862677174	-0.0122004755246781	-0.0115704061612209
0.0116732275045501	-0.00775474746170924	-0.0131694406332274	-0.00804651801659398	-0.0105506432549184	-0.00501731882885644
0.0116279739128616	-0.0118256098427702	-0.0112594140996004	-0.0109444121602196	-0.0081248434222156	0.0062644363503888
0.0120635547803509	-0.00308650585332446	-0.0152694288472027	-0.0125615039989194	-0.0138075153153199	0.00464696999658173
0.0122075185250649	-0.00467776912225172	-0.0254704272884863	-0.00100726118452438	-0.0101741237910984	0.00684730786566142
0.0118159045396645	-0.00087004286398476	-0.0193839487550042	-0.00165995809916645	0.0050780353874299	-0.00277846203363889
0.0108819381121092	-0.00816756260505059	-0.0200623448588789	0.0183370161965745	-0.00444426977707561	-0.018677806108576
0.0113503407792873	-0.00616938516140063	-0.0143034761588318	0.00571282517909591	0.0211225442777871	-0.00337976420106756
0.0117303175600298	-0.00265176256869889	-0.0170975162616541	-0.00746730672434232	0.00348854813196367	-0.00398031736278185
0.011765262954072	-0.0036305652892922	-0.0118318301997863	-0.0125655862352105	-0.00408463190387622	0.00669190483335356
0.0116353025862656	-0.006040429370173	-0.0102458429330412	-0.00834786409406174	-0.00379784941763895	-0.0141330182340949
0.0126398126258726	0.000132258057097753	-0.0150058819010437	-0.0176722637493601	-0.022486146769676	-0.00265977108802059
0.0111649719158207	-0.00181443670724741	-0.00418289598035259	-0.018430547791928	0.0149661072246582	-0.0065415902930914
0.0115146801563675	0.00635415972194662	-0.010413839357127	-0.000153030969372843	1.56109853671448e-05	0.000685778159727643
0.0118099758174927	0.00232806674851287	-0.0100828639791548	-0.00820146401921597	0.00974198349371037	0.00347467135145221
0.0125300157049764	0.000655108398136476	-0.00635009004731556	-0.00111568201245956	-0.0124666106672139	0.0120501363878737
0.0121748459003814	-0.000285099103349978	-0.00267363048348024	0.00781550670926038	0.0185892674226048	0.0175144860000253
0.0118041426490033	0.00385010407147439	-0.00844705837001075	0.0119418278594471	0.0122281915324596	0.00508060234337988
0.0124757158134074	0.00319422989861456	-0.00810456832226248	0.00862518367350982	-0.0121496816797986	-0.00972381511427029
0.0121679213100097	0.00763737132323982	-0.00761785965169358	-0.00254520318727259	-0.00392163253332203	-0.00367294922346663
0.0120817979073908	0.0026412061761348	-0.00289104484077508	0.00858367224630526	-0.0029898626791333	0.000692587693379203
0.0129897597818666	0.00505444735645656	-0.00572005416569196	0.00836665612833185	0.00498389168426536	0.0204594306600642
0.0115168048476445	-0.000555971159380223	0.00209035969984899	-0.0159818341155388	-0.00148443699858853	-0.00215988465310469
0.0116300053789485	0.00432155441968443	0.0100152621088546	-0.0202110502068125	0.010655092445346	-0.0183816500973564
0.0117758990304257	0.00667876301525575	0.00811981070976161	0.00163147148985862	0.00877577042741274	-0.0151860339300337
0.0130383329331971	0.0132487659211285	-0.0111627192737591	0.00587670102767629	-0.00911520207777328	0.00674794006228271
0.0116292196557664	0.004658080710222	-0.00605899879633099	0.0126664763399403	0.00833845089256196	-0.0279665879197332
0.0118934777674239	0.00618253055258512	0.000652441900476843	-0.0198673260771421	-0.0187673162912624	-0.0210800396518241
0.0120876562828195	0.00939176268115637	-0.0110883934217085	0.0223828205113909	0.00740827008131271	0.00189533599374812
0.0121064474900427	0.00963259821419387	-0.0105221104020657	0.0209000737145823	0.00773621697744984	0.00146977208473222
0.0125151447529645	0.00971956766041592	-0.0126826188762463	0.00524960686739112	-0.00461235701778319	-0.00489122287171397
0.0121850123832884	0.00890164241011791	-0.00669542293212216	-0.00727823422850698	-0.00239705467827563	0.0096227950867755
0.0126306367827463	0.0165113188834906	-0.00823625813743186	-0.0046072517191483	-0.00110436464967609	0.0264774300387592
0.0120764463500941	0.0135378914966957	-0.000556334160529361	-0.00484231733973478	0.0105022263059775	-0.000260904557691725
0.0118999694541946	0.0087147121086483	0.00392567558332459	-0.000875982060377086	0.00442821045092095	-0.0214265535577539
0.0120556353473869	0.0102293167175224	-0.00160247988252075	0.00869434804261965	0.00268227661394423	0.000188868776953434
0.0131777428568641	0.0217095795287774	-0.0015022797411643	0.00526672566910292	-0.0287206403813357	0.00605830863108715
0.0123894864618753	0.0142974436917303	-0.00079226251426526	0.00532221809160075	-0.00942368963026563	0.0144067119550373
0.0115249967788446	0.00932460203733065	0.00226855303599312	0.0134703355413362	0.0122537621150354	0.00382662051122706
0.0119965135852725	0.00635802434747363	0.00212288050446228	-0.000452029792525945	0.00463565857188248	-0.000325133771411335
0.0117413213713842	0.00958275437270439	0.00362630483541259	0.00584203010125681	-0.0196081782344919	0.00594289701075733
0.0117653994185399	0.00262865739706832	-0.0104130781642045	-0.0121703611745446	-0.00702417913879083	-0.00987510700342514
0.013164213654642	-0.00928715746976268	-0.00570945999418451	-0.00257734543021088	-0.0135188835133572	0.00080751933789044
0.0131104070017125	-0.00723275564528769	-0.0045265107760935	0.00259397979698879	-0.00171965620714699	-0.0101165624592436
0.0131616778226554	-0.00782323557111121	-0.0036799910070274	8.12975703959051e-05	-0.0039368444468746	-0.00902549629657853
0.0115556839456311	-0.0115971103079494	-0.00394221469570818	0.0190544812032588	0.0101094847434555	0.0116116666202575
0.011905855797898	-0.00497386256596609	-0.0122302203004578	-0.0141175762178227	0.00325839900407891	0.00885239305700145
0.0120642523277176	-0.00213116268008501	-0.00659191368550944	-0.0026495776543936	-0.00828514734925993	-0.0021445089334186
0.0135552942678996	-0.0277989156569846	0.0322567650708831	-0.00858085036463109	-0.0295957404904525	-0.00710465551414375
0.0121216654765303	-0.0162087132353737	-0.00522119809967966	0.0053849840720479	0.0199517980550832	0.000277325221804847
0.0127597507375722	-0.0163242747559614	0.0146026004776692	-0.0154001203279326	-0.020020745228674	-0.0158058013853424
0.0123091522721221	-0.00640811827875975	-4.50900319571533e-05	-0.0192453495331914	-0.0264009803782381	0.00714805467769502
0.0120776597790883	-0.00247406992652678	-0.0105198813577062	0.00139901057811421	0.00223710211752511	0.00439300064880857
0.0121645652629867	-0.00265025858205664	-0.0164808177623753	-0.0051549391425472	-0.00945763638077762	-0.00615682904186935
0.0114377419239311	-0.0042499551738732	-0.015942577570676	0.014197655038761	-0.00211604274292005	0.00480808688015096
0.0114434572437123	-0.0107378453951432	-0.0213993000601767	0.00891707286121217	0.00377178217530161	0.0124864414338258
0.0132947494919528	-0.0265926329357382	0.0113776987015935	-0.00434655528623317	0.00521438978350252	0.0112089824375765
0.0135401988941593	-0.0247169640882885	0.0264619132534532	-0.00691906578857083	-0.000682010232397689	0.000942454187060517
0.0114525224097408	-0.0124741901113048	-0.0203241024662576	0.0067435645147347	-0.00421120736743237	-0.00406432008600014
0.0111903503504915	-0.00899256048279281	-0.0162864651620408	0.0104923552459215	0.00226909407566996	-0.00945637762534864
0.0110856300494117	-0.00795911778249437	-0.0144300690017158	0.00084985341495307	0.000969449343486576	0.000262844176715774
0.011844687224028	-0.0140565640780461	-0.0070481849708224	0.013231762511189	-0.00507945439401651	0.00117199856529187
0.0115710777307154	-0.0162395943953152	-0.0132858335771018	-0.00812211465360064	0.00591219019979442	-0.00788601912701009
0.0116494410195927	-0.00663475307170705	-0.0194912181501417	-0.00756172528038261	-0.00167428581597427	0.00220592343459591
0.0113406558888541	-0.00201022624664359	-0.0237072604569821	0.000781375231941862	-0.00525818828642846	-0.0243359632604966
0.0114334212849728	-0.00990644788776484	-0.0106704254197457	0.00413658860298568	0.00729594101631337	-0.00517619603027758
0.0117231785614343	-0.0128533631596644	-0.00482472101008374	-0.0138471375163993	-0.011485774293197	-0.00341814864466336
0.0111680161585352	-0.00297228337311387	-0.0240205130085705	-0.00213817776772878	0.00533621329517037	0.00836781424104738
0.0112775344608009	-0.00374025008167024	-0.0117936249484601	-0.00853656948496856	0.00353725410055331	-0.0125747929501908
0.0118289263199518	-0.00292062509300787	-0.0105600270633051	0.0106018532028352	0.0082707811199137	-0.00651308959840792
0.01158338266935	-0.00193765714529293	-0.00752563667727527	-0.00660296859625372	0.0116832717824202	0.0119297273358233
0.0120902749272721	-0.00283571552476303	-0.00172069020989203	-0.00763936838521292	0.00900746609252034	-0.000952487207683423
0.0122141882772615	-0.00557239283266578	-0.000400828442112862	-0.00864985763186701	0.0113457714713108	-0.000316190196735872
0.01210197585419	0.000171673260075048	-0.00172886733313951	-0.0146165131689216	-0.00427172317780878	0.00812119708102676
0.0117253150684687	-0.00120858462691604	-0.0113372973104989	-0.0103501109342148	0.0020434411822585	-0.00945339581621328
0.0124258802994495	-0.0191889436855301	0.00373939767158035	0.00874684694730845	0.00522324996725415	0.00629607299363891
0.012049069420697	0.000136241971781729	-0.0162795230394535	-0.0147597693207956	-0.0121371276844052	0.00845891878368583
0.0119918228318667	-0.00599970943767909	-0.0137247091155334	-0.0183654022596838	0.000222977173869375	0.000587715784705786
0.0114174412887072	-0.0100836032794025	-0.00920583544635335	-0.0189991722609758	0.0136337703819086	-0.0184616419511267
0.0115465677539085	-0.00992323547534058	-0.00784227304815424	-0.00646367470310651	0.00834519870154848	0.0104259846918053
0.0122013069815789	-0.0101754396705562	-0.0120213083396452	-0.0142055740355186	0.00372664297804237	-0.00156508112272583
0.0122613519616913	-0.0139382006431701	-0.00481697518433367	-0.00435025467106862	-0.00410425565507296	0.000643684449150442
0.0121221549809454	-0.0198233446768534	0.0016827409540806	0.000890361734310679	-0.0068446679170959	-0.00699661448610482
0.0120877145668432	-0.00327516217135336	-0.0196363276842478	-0.0125679858285202	-0.00510324206866818	0.0131324905128004
0.0112944818721275	-0.00137482349391395	-0.0177601108363569	-0.0154020007881802	-0.000249131951041253	-0.00973029117114549
0.0137407215394402	-0.0290424160566263	0.0392686872714541	-0.0165872046035702	0.0196399276409697	-0.00592640550942562
0.0125669238502807	-0.0124722506912234	-0.00960702274390575	-0.015625919086541	0.00425880050634397	0.025361494680084
0.0126801279148059	-0.0188464837682137	0.000503688277214833	0.00573202461217213	0.0119001036764635	0.0139617675001828
0.011383264965303	-0.0102779512255653	-0.002255860663219	0.00489958805446035	0.000527305776578761	0.00326052045698796
0.0120181754835783	-0.00675340359781217	-0.0139414322144128	0.00598357506872888	-0.010433123768665	0.00769624839244918
0.0115882308394512	-0.00668002433186229	-0.014143108058572	-0.0105419673016397	0.0101925568311325	0.00492270971815339
0.0107868298785277	-0.0102507116873222	-0.00512547734620048	-0.00725813803822253	0.0124724187949428	-0.0106465237040936
0.0112973766253814	-0.0184265154379795	-0.0214809722253403	-0.00687381371329984	0.00163536975306778	-0.0108490076562117
0.0110694002953357	-0.0142854066407889	-0.0160925968006753	0.020875486243869	0.00742866474714273	-0.0251349685384321
0.0112332146106036	-0.0228168233269963	-0.0104791090358215	-0.0103529240412343	0.015704508305482	-0.0170008697352537
0.0122343802905361	-0.0288587594153626	0.019912119420433	-0.00375143759855971	-0.00920150234255185	-0.0123882831659721
0.0107972717672001	-0.00836503304190837	-0.0178321400318832	-0.00164686212212059	-0.0111608051093355	-0.00387674681061852
0.0106736767160815	-0.020869259672133	-0.014999345573828	0.0281810489905056	0.00443300163817651	-0.0163491612794797
0.0107783020581444	-0.0181657416698702	-0.0163522468608079	0.0134376302276141	-0.00657016141071812	-0.0190325885441428
0.0110018649975371	-0.0126181751708571	-0.00928658234045314	-0.00673957258948799	0.0132058323999858	-0.0137692664439904
0.0112223731580222	-0.011234249649793	-0.0128999237555761	-0.00635436745297377	0.0132379672288537	-0.0113649511493335
0.0112332562430173	-0.0143719389780496	-0.0159112521731465	0.0083768914656442	0.00697047935072524	-0.00115850520927452
0.0114643431330478	-0.00865235744670914	-0.0191075173016105	-0.00807291512441719	-0.0110209217531263	0.013299196366565
0.011473518320436	-0.00696829345860272	-0.0207932512532877	-0.00151636418176705	-0.0190438517719406	0.00134912015768261
0.0127231431346043	-0.014380811682415	0.00140357093123517	-0.0235202510627266	-0.0213153505270273	-0.010814592514489
0.011657202918983	-0.0124519933478801	-0.0144027626186732	-0.00702959958001891	0.0023264499792484	0.00351295962716709
0.0133132726501608	-0.0121750877748695	0.00976436775937791	-0.0142779858275481	-0.0315797571210133	-0.00775062781873259
0.0112660599565131	-0.0137980397698695	-0.0046749197130131	0.00690420586107031	0.0148122608557595	-0.0130259215918754
0.0121768489240139	-0.0112760109604401	-0.00769737846241752	0.00335928423201231	0.00386960317007036	0.0126622326079781
0.0126200653344276	-0.0195815116989622	0.00326775566950622	0.00619875151413224	-0.00665449907710003	0.0132658255201449
0.0121234079556291	-0.00697032681306243	-0.00826492615625835	-0.00581987340242532	0.0038362535159923	0.0061449560431305
0.0121148565324172	0.00297717863031474	-0.0162840157603163	-0.00489182706110589	-0.0015596986472285	0.00187107015608201
0.0115540947066894	-0.00211676744694745	-0.0115111841698294	-0.0117049451052562	0.0206644085652261	-0.0103869104175822
0.011702249229542	-0.00332595206355543	-0.00528860848610392	-0.0152680690029564	-0.0118716878311379	0.000280266805475738
0.0117808921501053	-0.000998233467170385	-0.011981650037535	-0.0071970594727797	-0.0167264600925271	-0.00578147137069628
0.0118088503375339	-0.0083069729771821	-0.000538441287387267	-0.0332454800725147	0.0201539512346811	-0.0125664967302885
0.0116489860748187	-0.00612160372292492	-0.00264177619929574	-0.00701390219580348	-0.020164374750733	-0.0291510176450053
0.0122899927483972	-0.0075114305659821	0.00959595063107225	-0.0499203220402117	0.0109151403128587	0.0300549615393771
0.0131812631865361	-0.0136408910817468	0.00277672932079179	-0.00223904875912137	-0.00675728978788607	0.0103047440677502
0.0112520247554892	-0.000741922106551297	-0.0108350577905587	-0.00808634101558038	0.0173954059622368	0.0181008523368764
0.0116425620917323	-0.00507928483921039	-0.00883484068228568	0.00232793908527339	0.00428781255177144	-0.00516443236595691
0.0112097919423799	-0.00187964294891736	-0.00786115543307345	-0.0124612267998241	0.000216776475746825	-0.000126058069986677
0.0116884637181694	0.000651665970485094	-0.0102852016934313	0.00510425687506833	0.0160240405289394	-0.0119662960159678
0.0129119464286032	-0.000990257748184148	-0.00553239762459951	-0.0140676637857736	-0.00033094336803133	0.016115640238704
0.0123874371934017	-0.00110326711773086	-0.0129089040348508	0.00870457922031981	-0.0144083639883323	0.00844462441717052
0.0116643785394249	-0.0125420832540444	0.00663888921707435	-0.0232182587628386	0.0116265510070488	-0.0290263733846192
0.0121775303889948	-0.00107129044348889	-0.0113392739550012	0.00544196849216303	0.0103857095088851	-0.00277906429121867
0.0121750541948226	0.0024268675342465	-0.00843686950713105	-0.000133755877452853	0.00809002362196814	-0.013448958468095
0.0117343282178805	-0.000383747869888109	-0.00171622642914206	0.0014969831358879	0.0139624183734152	-0.0161816650425379
0.0117257370217054	-0.000760551672053094	-0.00717368111753039	0.0121592334509422	0.00304302014721958	-0.0252089932555679
0.0111517507413345	0.00303879788632838	-0.00804486677285741	0.00599026782958631	0.00967989162876695	-0.00893889717548663
0.0124962728930972	0.0144542690094901	-0.0136007221803102	-0.00216606861927179	0.013606169633272	0.00617355026877531
0.0126976407475954	-0.00589134788099646	0.00707298125458505	-0.0107119640887762	0.0076618268466051	-0.000674141350168423
0.0132615837953358	-0.0176292579298442	0.00456863001415855	0.00780484148164538	0.00326688198889808	0.00722781272993931
0.0122763300761501	0.00301390323292718	0.00423431590622593	0.00258838945487395	0.0052634269287131	0.000865707417248213
0.0120685339528705	-0.00239458111460171	0.00614434665271726	-0.0159803008289982	0.0231248207352962	0.00426766721589307
0.0134551674013011	-0.0138343826905624	0.0146759233293221	0.00773059636967159	0.00391839820794946	-0.000365660863630289
0.0121269215354052	0.00320899782202712	-4.34772945161546e-07	-0.000594949722719702	0.0111117032880977	0.0121767287081279
0.0115088285811514	0.00258349237607015	0.00200873961846859	0.00193807062390383	0.0148823867829521	-0.00544100900279128
0.0123058983296198	0.00658541504852275	0.00121007606946254	-0.0118154441774085	0.0100178486265301	0.0118171582933391
0.0126138188194601	-0.0110896831890669	0.00746899685461476	0.00911625668614975	0.0141105328025827	0.00533624623332219
0.0121864132953501	0.0058658889757508	-0.00299110966290889	-0.0057416202212267	-0.00352579818603561	-0.00749621654678924
0.0116687143543382	0.00621939837774555	-0.00297691612635895	0.00470109596954483	-0.0052741746461731	-0.00645042097123915
0.0122672653930532	0.00649925300037581	-0.00341989713268625	-0.00319097394095085	-0.00245912315740599	0.0126156959746568
0.0124589235568739	-0.00936248544520185	-0.0029937934263644	0.0155864322189103	-0.0014638023290342	-0.00126068155953666
0.0119850961980991	0.00689719655934059	-0.0055102635795661	-0.00282680896777971	0.00658088901729712	0.00419978567746583
0.0131414368745664	-0.0167075171284342	0.0239709266930547	0.00276196648874181	0.00436433589913432	-0.0145124510048201
0.0138215623479458	-0.0232980366424064	0.0374004016700945	-4.98441623872307e-05	-0.00129071193855555	-0.0116448066125795
0.0132103465222463	-0.00912793626212972	0.014849238079315	-0.020906424122825	0.0259951780878355	0.00943657844730376
0.0117236960234339	0.0128242169832074	-0.00372170916529913	-0.00311334450706129	-0.00107222448396312	-0.0263178338603832
0.0120337411524793	0.0116797493768658	0.00354454634871392	-0.013629839047741	0.017231062072809	0.0148810679434735
0.0117149019896621	0.0121804970234918	0.00532070572277333	0.000942526643920706	0.0101945358721175	-0.0173233853212175
0.0119595384666567	0.0148278894249477	-0.00391364850634742	0.0140737017260212	0.0134691212574558	-0.0323618508654755
0.0125616227359391	0.0147336280753011	0.00385626585997217	0.00608263955069095	-0.010594391706247	0.000977279968622156
0.0126610253271499	0.0199558644825361	0.00036811888233022	-0.00237107393992665	-0.00211107389858825	0.0120049164495664
0.0119119714613117	0.0186585567183917	0.0118544469664453	0.00188894779422154	-0.000804138777369633	-0.0118470854384468
0.0121190360719066	0.0187571239644761	0.00403074797335115	0.0114500187029761	-0.0127812285946288	-0.019020283825115
0.0125516537987475	0.0171146344031137	0.00498359482447024	0.0125280322971103	-0.00922465305177402	0.0047778737710307
0.012477597709477	0.0180782225599068	0.0114857710868188	0.00965801649104114	0.000105059822237208	-0.00794336745147071
0.0117657152224785	0.0150385732758269	0.0167498284672773	0.0142200529228929	0.000191058224500905	0.00306828400369283
0.0125632629629936	0.0246591035961791	0.00748532456193753	-0.00306197831197845	-0.0150104060014502	-0.0026865449628044
0.0125260324137342	0.0216811435802479	0.0103968313793742	-0.00488581421435228	-0.000720330485100736	0.0124353579570632
0.0124657989240557	0.0189903140111066	0.00383205356548134	0.00208349154331589	0.00642813219519624	-0.0227101734347658
0.011946768094131	0.00894621035319388	0.00928425268160686	0.00294189991419098	0.0235110518928699	0.00376619952526996
0.0125020472572733	0.0064199167889342	0.00790363041682638	-0.00842299086459494	0.0299303027815731	0.00505534327972085
0.0126809789740542	0.00786706953748577	0.0146639499110019	-0.0246305220212372	0.00666286459110285	0.00818097763256422
0.0123901668333174	0.018344624860562	-9.57790456674133e-05	-0.000626011888328734	0.0142698279107162	0.00843443377640453
0.0136301630885784	-0.0146687540988217	0.00905286064819725	0.0231879549813649	0.0141759012207628	0.00478039799586785
0.0123497150705309	0.0143948933630529	-0.00870663654094646	0.000685128174580222	-0.00708016042737123	0.00328953536898934
0.0125178525375564	0.00622742297479745	-0.00904535570421163	0.0139288881012758	-0.00372801141192188	0.00330936301754127
0.0125502922387579	0.00647381956783176	-0.00901505255145929	0.0135647050353184	-0.00398864374545188	0.00257541628608298
0.0120699966839561	0.010721350668744	-0.00626108582969288	0.00885006596640095	-0.00626370815459092	-0.0056347219211438
0.011978137246302	0.00576397235447425	-0.00472177601378014	0.0218185956874079	-0.00147306413603142	0.00234952673625646
0.0120483548675428	0.00144222992688281	0.000511002400970791	-0.0114336516779607	0.0111083664242661	0.0106192039112451
0.0120255389982932	0.00828409772077743	-0.0126089282918672	-0.0112056458140953	0.0117189144064518	-0.00264310923867276
0.0132736382011337	-0.000652486257158652	-0.00501491791472612	-0.00101371267087001	-0.0138540725991037	0.0197265268829964
0.0121265694376514	0.0030939713644729	-0.00801273380391661	0.00284947554450213	0.0307569827967566	0.00723877355803021
0.0125540505804085	0.0051153136275688	-0.00742574330238727	-0.0137177277984696	0.0110852715667682	0.0205147484755728
0.013661899505973	-0.0245761470724077	0.0196944867410084	0.00916536842924184	0.0156741425661768	0.00209219180267245
0.0128957307123309	-0.00911918853159239	0.00751745282687735	0.0117535838434369	0.000394738913493324	-0.00649206975694568
0.0137134916765	-0.0258887639548943	0.0170981606388991	0.0139599416435878	0.0132156026140572	0.014119402805623
0.0130497621709141	-0.0123488622156271	0.0301884833471662	-0.0148698363768934	-0.0247614440602405	-0.00956337814222256
0.0136632953568596	-0.0123695654108972	0.0261821133356906	-0.00688908636350601	-0.0211489170323658	-0.0108615624327949
0.0136308841268485	-0.0160311104519541	0.0212289517950368	-0.00362990830753137	-0.0231205910413214	-0.0109471575950526
0.013066747598971	-0.000404312417895843	0.00131705591556017	-0.00166490370089581	-0.0328907853429292	0.00893400205042706
0.0121503644972463	0.00192931220652542	-0.015089823295388	0.00457861088373716	-0.0105894388316487	-0.00217733278232561
0.0141120143725382	-0.0152104093319551	0.02796452573763	-0.0153955156276365	-0.0294715243271111	0.00333240075578508
0.0137944731170066	-0.0179421023179152	0.0295247960209376	-0.0154054742540364	-0.0239949792900854	0.00741741335346702
0.0108753398119775	-0.00944640816516407	-0.00229989654816566	-0.0122988720658174	0.0192899113306838	-0.00774691559110975
0.0111290287443887	-0.00120818255821238	-0.0126156610488043	0.00155751340737994	0.00917194919160528	-0.00136702579608454
0.0117631401746757	-0.0056668620580477	-0.0165108000900157	-0.00171528135749173	-0.00568432735401752	-0.0291621072709715
0.0145478057278667	-0.024098534327513	0.0146836491957309	0.000758461289118288	-0.0208389360018423	0.00650410256483402
0.0115695851766986	-0.00912394017636516	-0.0222338074611982	-0.00425886422308123	-0.0151907833485924	-0.0045161716802598
0.0117971141910255	-0.0112091273918741	-0.019934362981881	0.00761935546951683	-0.0054528744007103	-0.0155379560156691
0.0116364590579631	-0.00418795911603754	-0.0128778478825801	-0.0102445407937501	0.0053539996550347	-0.0135747411627036
0.0124038963809713	-0.0136050891751244	-0.0068701410710703	-0.00315033336266246	-0.0034489143439883	0.0240489860502967
0.0132091271721764	-0.0271097030385772	0.0107824560768902	-0.00431317097244967	-0.000961703650327843	0.0135928598898652
0.0125377095271484	-0.0305925512921475	0.00484894174002776	-0.00802483029263142	-0.00507975404723859	0.0168336629006174
0.0113198534596409	-0.0186601845239591	-0.013685788858093	-0.00650314034003873	-0.00544804470200693	-0.0250400477145233
0.0112598413818591	-0.0123275158195741	-0.0163839208276454	0.00276204114387297	-0.00177453900160621	-0.0233029324345681
0.0118239033159449	-0.0260417403725848	0.00933997913671483	-0.0053923751378653	-0.0051734832045725	0.00295126924340239
0.0113322024591631	-0.017335244931393	-0.0119073368569297	-0.0129446512874873	0.0124028101408645	-0.00868543303252717
0.0123646668377921	-0.0170102212121313	0.00438324510564208	-0.0103794515184706	-0.00734509878787263	-0.00129514033074501
0.0111111983974625	-0.012357419876996	-0.0101304143686782	0.00165122822298662	0.00392598028695589	-0.0120738251077181
0.0112234418523762	-0.0118307425537916	-0.0149607725366836	0.00530875793797958	-0.00612970009166107	0.00170208260115848
0.0112478309505337	-0.0130256228332738	-0.018595810598495	-0.00200431738350696	-0.00689383872549948	-0.00966241241394524
0.0128213798417897	-0.0270785265605023	0.00617879512105801	0.00788467782910654	-0.0079366738648539	-0.0128176900457017
0.0119864396327022	-0.0153969957248975	-0.0194767026031869	-0.0195966491295663	0.0118601973685638	0.0180249850846287
0.0112087070001522	-0.00886363865225624	-0.0143079105871112	-0.0108422512650415	0.0159465481031378	-0.0245536168244466
0.0117700490840191	-0.0136380935703532	-0.0062017172766074	-0.0125920071333617	0.00717338475289228	-0.0073605595473728
0.0115645012751869	-0.00676154463888093	-0.0130082113366986	0.00299426791540942	-0.00304844529173211	-0.000255005609400615
0.011038127402414	-0.00533616368550612	-0.0241155158753388	-0.00347926383302588	0.0172479717136096	-0.00609235404983535
0.0110242369859736	-0.00967694008269119	-0.0123470170627647	-0.00639558200992699	0.00788389281728842	-0.0194654214118286
0.0112274013600781	-0.00651525684213632	-0.0130211597254173	0.0158806619332972	-0.0128084969871883	-0.00708731396576067
0.0128339453557748	-0.0212253360928153	0.0038351934893233	0.00942575371567977	0.00908009024587201	-0.00257349710779391
0.0132093387743713	-0.0105648789800999	-0.00391094188045344	-0.0115508754136821	-0.00409716446725703	0.00744056355578365
0.0124059044780997	-0.0118129068070533	-0.0139830346363665	0.0198653647774318	0.00947042928344687	0.0159181870688803
0.0119374113645151	-0.0125443728935307	-0.0060955459678292	-0.0156550250020573	0.0108403978332912	-0.00617950658589634
0.0113997331557061	-0.00186534715280527	-0.0183345003821436	-0.00583562531774055	0.0225683615441592	0.0113546732668315
0.0113012558832085	-0.00802285022163383	-0.0109633812381965	-0.0171127411253392	0.0577857590457796	0.0266690668236727
0.0120186270840837	-0.0291030310308398	0.0105645328466779	0.00125190742323493	0.0298809943595391	0.0104209993578452
0.0114543554676893	-0.00982842499118248	-0.0144329151171132	-0.00718043363898135	0.0258166858595868	-0.0131362420338207
0.0112847989813457	-0.00176811225929469	-0.0117383089509559	-0.000652376680728265	0.00770596246292293	-0.00967474473528132
0.0121469614806561	-0.00437080953819722	-0.00953058141399605	-0.00710461134616468	-0.00219660299890694	0.00510683479902535
0.0123016281599979	-0.00966223410080736	-0.00771538694718249	0.00462264971683666	0.0105333686496173	-0.0036421536916337
0.0117469358599815	-0.00124885427541	-0.0186514503233963	-0.0018501367439399	-0.00824507438999501	-0.0123936504438518
0.0117100487913077	-0.00190923574815853	-0.0211080539060875	-0.00220025285829778	-0.00832572923285816	-0.00541775482361806
0.0136525465679522	-0.0263043806237302	0.0119007026822761	0.0198947698776504	-0.00640480522499178	-0.00177499264195482
0.0119678762851013	-0.00267748524994589	-0.0167828998611818	-0.000189301274250303	0.0111409354495162	-0.00627061987342842
0.0135926981925166	-0.0141974685772088	-0.000315170966010536	0.000349505574028931	-0.0109084241055758	0.0127204440052016
0.0115836930401623	0.0037187929617969	-0.0177708207766023	0.000324721179618083	0.00300795501441733	-0.00478977851887733
0.0122725807171383	-0.000773690684346519	-0.00175315383323844	-0.0054839976928446	-0.00861774411327339	-0.00993684876013439
0.0121971908558545	-0.00255081579054024	-0.0123995793087178	0.00347706481491153	0.000622805529876999	0.0045785857969666
0.0119305967120312	-0.00269247710644263	-0.00945083281442081	0.000951234980244416	-0.000248419284543888	0.0231630054479554
0.0133661680664922	-0.0292131437593948	0.0247166807682512	0.000979802276857032	0.0264702759760971	0.0131741472399349
0.0132645213248906	-0.0288937448762671	0.0285322086546526	-0.0014548787354665	0.0291302157911738	0.0117859608196122
0.0121431307380727	-0.00106266627664483	0.000658198429960272	-0.00383261842599544	-0.00453170555359561	0.0079821158235968
0.0139829025190178	-0.0101505145805006	0.00606101749635629	-0.016805577081393	-0.0178108553368722	0.0149778423737753
0.0120895545022903	-0.0102367008421929	0.00973011661431544	-0.0211214660772245	0.0013049369256817	-0.00409345803958453
0.0118059841054202	0.00927684786964726	-0.00879858110920815	0.00836064215011703	0.0202827318197011	-0.000868315246247903
0.0126018236891254	0.0106324433462351	-0.00489822736086416	0.000937496590930707	0.00473200001639593	-0.00415373558078317
0.0127406566821519	-0.000615611277479295	0.00303636907585537	0.00126158983540445	-0.00160597279166059	0.00646930517800801
0.0119123168224211	0.000741237756506996	-0.000658251279514197	0.0211978565671115	0.00903545813360532	-0.00129993534769751
0.0116776159953674	0.00856777590435118	-0.0109643981884355	0.0099798129691483	0.00505317391209662	-0.00791033580388574
0.0119523223204385	0.00432689286105231	-0.00868298162019501	-0.000709784118952803	-0.00831862823365544	0.00054911822877699
0.0120742186185433	0.0065726482883622	-0.0158755926666461	0.00446798164366577	-0.00582703521173574	-0.00324829859716331
0.0113430399511035	0.00381357766237796	-0.00597374260423645	0.0137196248181609	0.006554857892848	-0.00812802981958279
0.0109277967040401	0.00293128547639912	-0.0129975781270739	-0.000415511287621556	0.0151773099264956	-0.0318487654451755
0.0124879589577438	-0.00199643931706693	-0.00309657879714958	-0.0131697728059679	-0.00947357864072691	0.00698068784386562
0.0108560700197938	-0.0070800692545223	-0.0119755085989138	-0.00883961742347481	0.00795184299272566	-0.00031116305167931
0.010871431275222	-0.00298524725882938	-0.0145186111387692	-0.00686271720292683	0.0108435628199531	-0.00753683313015674
0.0116807787054419	-0.000503304893864625	-0.0152120735447231	-0.00826313219391553	-0.00953739752613251	-0.00548863350212232
0.0110914798516159	-0.000419447742582757	-0.00980016918538113	-0.00416936446779997	0.00563397524719364	-0.0174805733904334
0.0112960520812367	-0.00692682288043469	-0.0101650094050966	0.00256701552097049	0.00300101676193085	-0.0132048081970846
0.0125823538865206	-0.0122821557090313	-0.00385856735408242	-0.00752804901504692	-0.0179295863060621	0.00127810131983447
0.0124418574926662	-0.0019612568936648	-0.0077268430952141	0.00325721593194555	-0.0138987934441986	0.00482998604015634
0.0126235370492888	-0.0261182493937335	0.0130464282089638	0.00901013260587228	0.00461207143107062	0.00543615337054648
0.0121643152582258	-0.0031682412337491	-0.00373124667344336	-0.00481313501734667	-0.0156320604797251	-0.00116218855016637
0.0111621820432692	-0.00124995726731717	-0.0124354332348207	-0.00445835044042419	-0.00553247262807979	-0.0302030171207995
0.0112430642124045	-0.000756232425296143	-0.0107803151665808	-0.0177722233429419	0.00778710742871383	0.00185082533124888
0.012051033760588	0.00430624565333087	-0.0137540755729106	0.00258989392687694	-0.0276966030810391	-0.0172656969501844
0.0125385800055517	0.00418876025056463	-0.0126756587668938	-0.00517577071762754	-0.0121838625835709	0.0152354678220413
0.0124080032347933	0.000373944128223364	-0.0101844838252222	0.0117108541838164	0.0063884018023405	0.00791428259850269
0.012686945177976	0.0100671342507793	-0.00904990404686268	-0.00486930263884478	-0.00616353335847819	0.0149711725055234
0.0117801300549445	-0.00144928365064187	0.0108207527979967	-0.0423528725440432	-0.00973928834949921	-0.0429530537378043
0.0120964741018872	-0.000918146883712472	0.0055661513699115	-0.0114320633968947	0.00742115339735581	-0.000792500414489306
0.0119961720686371	0.000888322393141525	0.00586514319970635	0.00745302033397293	0.0101841289416385	-0.00432382732170095
0.0132522897410232	-0.0153417599612901	0.0226832020258749	0.0021907598217828	-0.000147521258360806	0.00563941108049717
0.0125526087638855	-0.0101940156385331	0.00920461753860653	-0.0164670821609946	-0.0189595984822597	-0.0120924424993664
0.0122031559788558	-0.00702131338021329	0.00186830035265183	-0.00352565511126372	0.00455553786006127	-0.00202043734996211
0.0130946426351546	-0.0187930244872263	0.02390139382558	0.00965300577956827	-0.00391990015965591	-0.0243210634714787
0.0115084847605787	0.00545679069569396	-0.0111113831615699	0.00345512158042673	0.0236322459319643	0.00530600809625428
0.0113924446275129	-0.00344386917396818	-0.000192009069640516	-0.00112281327817316	0.0231621349741002	0.00950750830260974
0.012951560121817	0.00118366548625713	-0.00088637478475948	-0.00372671599721886	-0.00641798514907265	0.00994253225094801
0.011452845596646	0.0069313750051715	-0.00754191070988363	-0.00725979652220389	0.0263812192345158	-0.00548463504607639
0.011564788568008	-0.000349778052179122	-0.00105698671700685	-0.00951859621247165	0.0195316321974017	-0.0006933430711865
0.0120313416330195	0.0110378875280178	-0.00920993254452333	0.000646426238888258	0.00948680180669913	-0.00502477744258649
0.0121637520631248	0.00489264641541372	-0.0093326785001535	-0.00151438323961484	-0.00709577453956229	-0.0131168308656031
0.012276247076703	0.00519266260596875	-0.0100603682712483	-0.00249978734187138	-0.00736884274172292	-0.00756115245877532
0.0124990011031965	-0.0130784830863842	0.00725263288500883	0.0112853322456946	0.000188885841449796	0.00368920291135888
0.012490759532925	0.00045940628419655	-0.000242562628330504	0.00780556775303824	-0.0163295303746966	0.00703067157192542
0.0124586153025904	0.0122742896398047	-0.00741207315076804	-0.00388997427747386	0.00628954415261534	0.000331463135007018
0.0124701512333247	0.0109100942339426	0.00910488501412323	-0.0208932081171514	0.00692677939128277	0.0127285461198891
0.0134352654217431	0.0103192693462932	-0.00157321776578244	-0.0028285838966365	-0.0444506131348743	0.00549774445696816
0.0120973363864176	0.016655290683928	0.00511679503646628	-0.000359015107612411	-0.022452998867645	-0.00475721562787664
0.0116557464812398	0.00901449209952528	0.00861305490460392	0.00352868730718802	0.0123256008547349	-0.0109259347437211
0.0125984685258378	0.0236799987431466	-0.000948068165616382	-0.00612227252375289	0.0020275187179552	0.00336207615439059
0.0125147930669757	0.0230160811136652	0.00322296832932196	0.000767984046335764	0.00474380918971516	0.0136544044756123
0.0128268440787904	0.0155331859580848	0.00617000092829923	0.00362497226606815	-0.000136991702735391	0.00693168807303556
0.0134876582192453	0.00645091952525601	0.0085896023651845	0.0125606044571019	-0.00976178355477833	0.0024906728874159
0.0126288969020169	0.016171271005227	0.00457021698483135	0.00134041813042758	0.000764851336336879	0.00966262918416433
0.0123963619862497	0.0105852073509675	0.0102446346960987	0.0105828539828352	0.00363809707115477	-0.00515314470598262
0.0129780172407173	0.00771999761188311	0.0043477448852552	0.0247674766529529	-0.00362634998559334	-0.00160579318042935
0.0140055727542744	-0.0241567926119036	0.0262267815529572	0.015862986071006	-0.000760969490870264	-0.00316153404307188
0.0147349969685066	-0.0270638030076933	0.0249597745956858	0.0104901066519874	0.0056756546943893	0.000736822616545054
0.0122780867174764	0.0223545629730284	0.00276893657019119	-0.000163319784703912	-0.0105260039568047	0.00268561255303248
0.0128144754639015	0.0220456571817031	0.00723202193913252	-0.00465549345013994	-0.00311342372730709	-0.00875135202479438
0.0125057048739738	0.0218662312251845	0.00341097129309906	0.00749826343061505	-0.00158262403334976	-0.0270474552000059
0.0121651676820959	0.0136046292464041	0.00816682725930679	0.0214605185242249	-0.0183881563580383	-0.00646379649913311
0.0135284026021613	0.0044982215853212	0.0177809551065386	0.00696208531899386	-0.000793055820409691	0.0143911198549673
0.0132266122810115	0.00393343718270453	0.0273734090790964	-0.0168623854875275	-0.00937513019578775	-0.00147584747169333
0.0124198826685653	0.0204672015484304	0.00394350500079545	-0.0169421084019109	-0.00690137494527165	-0.0118977062630183
0.0126647385344499	0.0190099351923337	-0.00111863276065074	0.00187567677372874	-0.00371336454770646	-0.00526319917825433
0.0125891134484738	0.0189651970646922	-0.00130571330929068	-0.00422143937660801	-0.00132826002457607	-0.000925449915997451
0.0119981881635173	0.0101593755828799	0.00277809145857431	0.017856893099802	0.00242113633381112	-0.0107630466734996
0.0157266203727448	-0.0183054355000121	0.0206329452990584	0.0128602012994223	-0.00990695032930312	-0.00244560718929631
0.0161441573477597	-0.0230075912733936	0.0228015091943714	0.0129364025802217	-0.0119665809972673	-0.000224797983614704
0.0127732651675841	0.0125762426379619	-0.0059998793644072	0.00320289977016123	0.00824192934752075	0.00459234307778253
0.0128787238869921	0.00865301473721513	-0.00298640993973961	0.00244124323575397	0.010861943115851	0.00244392832506311
0.0127848243821127	0.00538093950478981	0.00317657969534401	-0.00383486303772285	-0.00182705163099431	0.00396261567375137
0.0120486726536517	0.0114227317997467	-0.00701839607143874	-0.00446810865777886	0.00929431007027479	5.58683530196714e-05
0.0122404908002408	0.0138430751700388	-0.00144393260237076	0.00880131327694	-0.00136781880892823	0.00278545228642987
0.0130049228191716	0.0093320379950591	0.00942661202630752	-0.0165868470729801	-0.0296278678116619	-0.0137358564984419
0.0129514975126275	-0.00508625978741835	0.0126130009434604	-0.0180210951738669	0.0103107016118318	-0.00046788678522551
0.0122819127565964	0.00890347343662389	-0.00228234050031089	-0.0118067415612368	0.0169985089252098	0.0057092775038808
0.0123679922941386	0.011143875977168	0.00251823513451107	-0.0134504429706475	0.009087617808069	0.0139814177129323
0.0123005043237606	0.0182464245856065	0.00108115414293738	-0.0125741872144041	0.00418229818769235	-0.00717993091494821
0.0122648844318661	0.0153784931267911	0.00224411152109699	-0.0079373042159715	0.000138712793676568	-0.00717637334331134
0.0124565564797741	0.022877629177884	-0.00608487924686682	0.00467989425811859	0.000924772926869643	-0.00697267384661852
0.0125356507997867	0.0177162132115983	-0.00205013472324142	-0.0027194836697895	-0.00283942890548064	-0.0067346959455989
0.0121959113256204	0.0062460382278203	0.0135595061210354	-0.0105571148593287	0.00694700907771931	-0.00156696688727689
0.0133336124516541	0.00841363327344442	0.01412053054728	-0.00472901704826205	0.00819134778405907	0.00989799474394323
0.0133501077927882	-0.0137798899001913	0.0267992448515549	-0.00198953662690989	0.00587418314283754	0.00982782049611387
0.0133770791242504	-0.00256574732659683	0.0175699843760019	0.00442256515032349	0.0164112063575749	-0.00467149556263418
0.0122600585141354	0.00277119537528978	0.0218064117553161	0.0185851347479584	0.0234972992827721	0.00703978011390425
0.0125475911100933	0.0093544648001188	0.0178283015826292	0.0127202146358049	0.0133399092930576	0.0194732155515972
0.0122197549315989	0.0189626228018772	0.00876348405150734	0.0113481583602237	-0.00386238333295116	0.00636756694799454
0.0126316780485161	0.0104782566489632	0.0118087236026668	0.00303620016302276	-0.00460590484659956	-0.00542342470158387
0.0135725027344363	-0.00564629883497196	0.0132279724203509	0.0236590419300977	0.0179966260743114	0.0197145011115075
0.0122869512640324	0.015536341133757	0.00828727261926276	0.0223490918369525	0.0104309844051279	-0.00578975472701247
0.0121477081957801	0.0149374009899839	0.00653608054597548	0.0111109311508066	-0.0128311816352167	-0.009589278093701
0.012571411755833	0.0188342814452287	0.00554998157791073	-0.00227094400802603	-0.0090471843748358	0.00751380673032727
0.0123849011645515	0.0155421027914808	-5.88886983296094e-05	0.0114032248941207	-0.0137681650362424	-0.0138192814926589
0.0122491348979297	0.0147410341995171	0.00162697520598187	0.00597338246741232	0.00253746772509724	-0.00113448478917123
0.0130217678440697	0.00755278502985561	0.00734411004385035	-0.00255133400047469	-0.00150241843270165	0.0293151051865856
0.0116202333933419	0.00814432712183787	0.0113344950327756	0.000358616259769388	0.0157942035971066	-0.0147062263114392
0.0114865344039211	0.0166434411981677	0.00554771190107246	0.0130627846704532	0.00809618476801574	-0.0226432848547839
0.0122283490308919	-0.00387209782364332	0.0234925650346328	0.0293260580762468	-0.00235265871164552	-0.00761845807003412
0.0130749761592516	-0.0216727718954896	0.031511888050146	0.0305075748864328	0.0017920239566934	-0.0157732095685242
0.013680066860447	-0.01016075225752	0.0333177995832692	0.0157710465087626	0.00940445327631202	-0.00960334000140587
0.0130012503727471	0.00640885077826314	0.0117350003432959	0.0141153135732601	0.0114626191820861	0.00796373047334565
0.0156543633008677	-0.0275517258195802	0.0203103842092706	0.0318374847951032	0.0240412642447009	0.0174383471747445
0.0127402836247912	0.00891789744007574	0.0179229760700093	0.00487239154255054	-0.00309957510081198	0.00469007100921496
0.0124406714950842	0.0199369204739548	0.0134996961003298	0.0144166281113542	0.00393928305394158	-0.00828891635422905
0.0124642859101545	0.0151846915698777	0.0143916161605995	0.0131699703533356	0.000590462324978218	-0.00761998130144302
0.0125172003190027	0.0164145286072664	0.0136857748008129	0.0159828558881733	-0.000702796494967042	0.0080094341134942
0.0128988760028706	0.01491271133874	0.0108451612360759	0.00561399255020518	0.00159389505324571	0.0143988259553824
0.0130461109576652	0.0226742090226942	0.00925234469365372	-0.00571697400270918	-0.0184439675405621	0.0231257665660582
0.0126072677645358	0.0112880458137757	0.0126360248357418	0.0127682620537299	0.0134785231903735	-0.000888290050525844
0.0119771385899544	0.0204502775532021	0.0110333109520578	-0.0104322113599657	0.010508779695686	0.00343204434806915
0.0118528589120596	0.00902585620888099	0.0126871967995902	-0.0207806171327129	0.0281186026855286	-0.0152073842196957
0.0117438022340708	0.0150192108742593	0.00867090377370259	-0.00889042479909252	0.000205855193492659	-0.00329876842414082
0.0131654142904582	0.007047726482945	0.00762628083462875	-0.0140442178564227	-0.00793838469217873	0.0105601886500941
0.0131403638994989	0.00528772455743372	0.00955983363673278	-0.00793391183000754	0.00989637643938071	0.00765941283280421
0.0121426841347191	0.00136962230644834	-0.0093396549849605	-0.000677988423322814	0.0072490401675816	-0.00877801963289735
0.0156711746737093	-0.0302263450708537	0.0251782965670709	0.00564713445781828	-0.0246675424920495	0.00669769858906767
0.0129530893774433	-0.0113781552957618	0.0229176747351994	0.00263261008910079	-0.00558597933883799	-0.00436390710963099
0.0125661205832663	0.00127405005411184	-0.0127117909240235	-0.00615004350386779	-0.00267852233421348	0.0143104980054842
0.0118452345889254	0.00813701343114238	-0.0102080733599264	-0.0157027516755416	0.00804449222760194	-0.00373680046208749
0.0116067353198418	0.005589077668191	-0.00818643834943544	-0.0105004589076424	0.000420079077088868	-0.0183044501802611
0.0119015763546119	0.00628942155168428	-0.00295569754821402	0.000811598562684565	0.00353237339214507	0.00590040045588399
0.0116346680107437	0.00397401095812727	-0.00153444400479495	0.00636212307605631	0.00295342003687392	-0.0060247989977811
0.0118796132645399	0.00154005054501641	-0.00238080405441959	-0.0262959905068072	0.024632346234576	0.00552462619589019
0.0116849887596209	0.00155018834074635	-0.00568712210937145	-0.0216197271525893	0.0219520609482647	-0.00180927580156654
0.0119152387114248	0.00147141031133129	-0.0155693524004374	-0.0168442711084773	0.00713383476052008	0.0212083331166561
0.0120850167597208	0.000583389888916919	-0.00841775711670941	-0.0158432305789529	0.0185469411608269	0.0221686601515949
0.0112509572372506	0.00321437950938512	-0.0104137026723693	-0.00804300911093772	-0.00154400194644638	-0.00528941991280368
0.0114319595719674	0.00322642783101124	-0.00412248728719456	-0.01641363444347	0.0106953622149838	0.00257824059327736
0.0123578791718035	0.00447550216927169	-0.0017965439076153	0.00491346623628385	-0.0126220881665071	0.00871420961625171
0.0120718553620664	0.00954007876665236	-0.0128301634023472	0.00420308773613393	-0.00155449133034079	-0.0203316794041116
0.0123932966551182	0.00623512656020694	-0.00803851989716471	0.00425636466785141	-0.000808817878767444	0.00256519150267654
0.012054835116547	0.00210214968116356	-0.00124045659079799	-0.015677120630095	0.0217383842026504	0.0187285938234353
0.0122455996124805	0.00510286870902108	-0.00118718154338783	-0.0129222126027644	0.0186401970352068	0.0244778966775031
0.0120615908032289	0.00169061352845369	-0.0110571859808677	0.0105775843850431	0.0125581208788691	0.00484441178041167
0.0137670214417665	-0.0167761269808316	0.0128743268298358	0.0199071547634238	0.00739081611378917	0.0112463886174649
0.0124190667672004	0.0057259630171494	-0.0124990707750455	0.00380145574055336	-0.00748094597013822	0.0166658592147189
0.0132432453820459	0.00404525714704465	-0.0104090034606253	0.0104113009216019	-0.0201221739334596	0.0150347297339373
0.0128252829208069	-0.00542416018480766	-0.00397515555583882	0.0114292850456856	-0.0208377017900802	-0.0012786574337211
0.0120212438336301	0.00526008798273909	-0.0173259191984956	0.00902150340048674	0.00531019813023311	-0.00321661566382279
0.0119929687663744	0.00648113650289351	-0.0123654886804395	0.00767064399873801	-0.0145476190446889	0.00680056085856311
0.0124804719286142	0.00696831057287302	-0.013010568401682	-0.00935734125495168	-0.0209380955251021	-0.000949145978965853
0.0125224842228398	0.00183607754654899	-0.0138802612395144	-0.0203720142623472	-0.0108853939214753	0.00341276627954262
0.0123921700155809	0.00554673343203258	-0.0192267113242432	-0.00813691522084873	0.00067985107338392	0.00523415983272641
0.0122022279450182	0.00385116956002135	-0.0174934913320802	-0.00615264594569044	0.00129493290430228	0.00218165749840447
0.0121188825684408	0.00586841146854651	-0.00559885416638264	-0.00988819716007878	-0.0244838028194302	-0.00222183678997513
0.0121531912724692	0.00242159046850903	-0.00680680390177195	0.0117790194613216	-0.00805666889840463	-0.000516692357449239
0.0116765922123762	-0.000883702215242911	-0.0186824498882264	0.0165645905434212	-0.00668825362091699	-0.0145737073548463
0.0122801020904923	-0.00307499005449328	-0.0148918537002961	-0.0032194771026374	-0.0107202098398386	0.00446175715994341
0.0127564940636604	-0.00766857611079692	-0.00819793519622818	-0.0144951722189349	-0.00714944733340703	0.0117356729222557
0.0124031102725815	-0.00304978210403759	-0.00374388293013697	-0.0338296438396288	-0.0335631085193912	-0.00740994819983838
0.0138946077807621	-0.0131318570836414	0.0375235773401125	-0.0488564712866804	-0.0305209814149134	-0.0100587782993277
0.0111737388262819	-0.011805515009447	-0.00666997307919768	0.00516809997925958	-0.00880306799127469	-0.0135752160974501
0.011503000774454	-0.00660553943138374	-0.0119642898712767	-0.0032673983391853	-0.0119254357748632	-0.0118116025631238
0.0115572588378232	-0.0161486032875199	-0.0141049255760503	-0.0216891156328263	0.0230228520284933	-0.00399048371613975
0.0112954613631711	-0.0145555661373475	-0.0113501939650057	-0.00182806648364883	0.0164563871028537	-0.00318634249309465
0.0112321061076103	-0.0183722553190043	0.00217656602794868	0.00228267108412257	0.00503102511600967	-0.00704390811201975
0.0145276299008818	-0.0208892151987061	0.0245115483444015	-0.0106311988771385	-0.00798216729774363	0.006241944227351
0.0139160155422001	-0.0267393540386153	0.0243405934382224	0.0114642246141289	-0.00243096709297607	0.00996284545468849
0.013263595859617	-0.0149832692532286	0.00244382442464984	0.00525909077240276	-0.0188918156824247	0.00505129970422637
0.012188549211291	-0.00629937823121966	-0.00410200470294496	0.00106399682243845	-0.013451222462614	-0.00094717120329902
0.0126484300832077	-0.0130617836576157	0.000794541959582235	-0.00329291758810349	-0.00363999869070407	0.00677502875595669
0.0110372790421568	-0.0064943812555685	-0.0148886638982977	-0.000370216304425071	0.00679927024896339	-0.00702783546199012
0.0111364604962866	-0.00604581740064008	-0.014075564114147	-0.00946030907356469	-0.00140568214102829	-0.00274736005473726
0.0113147863474928	-0.0118992371279457	-0.0154859126845315	4.05759957547392e-05	-0.00355441901889054	-0.0111766609860152
0.0117516690318081	-0.0100523757087293	-0.0122771466798705	-0.0125324982665835	-0.0183249040309129	-0.00826456705301023
0.0105257279780582	-0.0121638870441539	-0.0242490448279519	-0.000518936140409531	-0.00382603648403084	-0.0163188235366714
0.0109225156854941	-0.0175667396380771	-0.0126815688435791	0.00274740608215008	0.00910074670897145	-0.000410860751081888
0.0116807930759389	-0.0161703613290372	-0.0154184166750744	0.0107780516231856	-0.00766243348406714	-0.0185972018191351
0.0110673182234024	-0.0154220218908046	-0.0167431690213208	0.00205215413191143	-0.00357489123950489	-0.0102861524649084
0.011478081996766	-0.0192941437989213	-0.0216485119722424	0.00585349596400808	-0.000652831439738905	0.00437075277489597
0.00880458663818824	-0.0154700673240755	-0.0233971033420804	0.0140350503465458	-0.0149868556263713	-0.0694522171403437
0	0	0	0	0	0
0.00972652817858596	0.0136954873261655	-0.00800301870972624	0.0020279895632779	-0.0147807028250917	0.0233798147293585
0.00937952330000355	0.000483319511778466	-0.00384780079989403	-0.0120760848782662	-0.0155450252356104	0.0304395112791242
0	0	0	0	0	0
0.0113037944262606	-0.0197078371004001	-0.0146620904297445	0.0111012796754602	-0.00585581889610968	-0.00340616597678466
0.0110734257766688	-0.0189903723842276	-0.0122446454314274	0.0269052373612553	0.000304739906968716	-0.00973105367044068
0.0111470348250706	-0.0200203399958963	-0.0285113728809877	0.00876477210275137	-0.00413750358334701	-0.0149899220377104
0.0106673680162208	-0.0219441208517438	-0.0189598614542812	0.0194033247975766	-0.0317668149038796	-0.00345338171253865
0.0122122690296411	-0.027479134486337	-0.0157099100686435	0.0190270666703793	-0.0135734741646233	-0.00948260007958821
0.0115245016407101	-0.0255204642053576	-0.0143419963481911	0.0274392037262117	-0.0158532183080292	-0.00372541519383322
0.0115453394971857	-0.0250638445058303	-0.0106569036640869	0.010793604295928	-0.0101311822202911	-0.0033958743886378
0.0115752074240912	-0.0154310640283261	-0.019934946807328	0.00153095728574456	0.00345771540079339	-0.0163759329934322
0.0123958329171115	-0.0166720207635062	-0.00809485159249685	-0.00683818903473761	-0.0178718511116045	0.00646771597337121
0.0122617499523458	-0.00955125919284295	-0.0136323576269774	0.0022112233033808	-0.00107448506336024	0.00271682196536224
0.011716789230664	-0.00630838765484832	-0.0148109023954195	-0.00897409260274833	-0.0148767390270639	-0.0157955196130318
0.0124968569088483	-0.0162594354488271	-0.0183923206221908	0.0149292303937041	-0.00281860091514549	0.0118111127220733
0.0110003433342816	-0.00539405413159606	-0.00914053254270623	0.00105213087672476	-0.00982938761676689	-0.0296312042770314
0.0122989164411841	-0.00618047512167794	-0.00387663114566205	-0.00801900482095983	-0.00156380081319577	-0.000818869374551944
0.0119452662902382	-0.00779500602764852	-0.00911546574737523	0.00497964974295144	0.00965080374960007	-0.00626970100417026
0.0115486798885034	0.00283487031826022	-1.48060529630489e-05	0.00881085679468187	0.0023508915309962	-0.00702705891812337
0.0125158466654603	-0.000186294757092652	-0.00789575110861378	0.00756996412197907	-0.000833496996621455	0.00248163076311688
0.0119938166156719	0.00385813127509446	-0.00528107501690197	-0.000387210089080507	0.00190798061489971	-0.00520053460163412
0.0124761648234147	-0.00508479996565699	0.0112469491007513	-0.00397922731897964	-0.0169259473231565	-0.00617261309451585
0.0130423957173491	-0.00919477165113622	0.00432693623730752	0.0192171847811603	0.00868882829496614	0.0143272256585406
0.0126844824594564	0.00327505283323495	0.0112771200352838	0.00060120095176217	-0.00192171292482316	-0.0099937701723321
0.011856977318187	0.00558342772601069	0.00600649281285918	0.00162050066608181	0.00196875842864878	-0.00856038907632464
0.0118343524528881	0.00749439784526809	-0.00715979243711096	0.0122907797168396	-0.00475902910011639	0.00318446056111163
0.0120630307597247	-0.00322051920798075	0.00815373168387108	0.0053349871326144	0.0256150244696585	0.0144157528599552
0.0119828565508291	0.00637193223086899	-0.00205945825037549	0.0157682477462488	-0.00224275471802664	0.00568764584308819
0.012338604793216	0.00884882054927172	-0.00612853830693324	0.00304742317611232	0.00158086769371116	0.00408333825271978
0.012247511135804	0.00706506157124302	-0.010627810414225	0.0114517871361989	-0.0102891914074741	0.0212374520661994
0.0120911790709493	0.00253209629758608	-0.00612364928531572	0.00464401590866778	0.00621943259020976	0.0168343184606671
0.0118961205319166	0.0070368366127966	-0.00968182775870458	-0.00438095591420279	0.000630161574636223	0.0197006439266392
0.0109715781928501	-0.00118445768412829	-0.0106362941075972	0.00916518000405474	0.0026674051912617	-0.000149440868318832
0.0128744231351822	-0.00616232224146238	-0.00039286832163792	-0.0106171723527575	-0.00427941335679804	0.0099204837113212
0.0123390643720672	-0.00329845152557243	-0.00594400291690555	-0.000516504168690472	-0.00318736380415776	-0.00378084681522704
0.0116550347572741	0.00491641751141523	-0.00433752273038571	0.00224893629841923	0.0132728742372528	0.0122741695634514
0.0119616405148837	0.0141982135634847	-0.0202501209467386	0.011984879414367	-0.00530231427827564	-0.0144080737780946
0.011932767695604	-0.00408150425270945	0.00100894672025222	-0.0152128278604084	0.0150752197915465	0.00254569485458553
0.0118458654584985	0.00514803611060195	-0.0034107315747797	-0.0139737052352371	-0.00565641732561301	-0.0105449514864242
0.0117804860258974	0.00692569573087475	-0.00860284864019086	0.000989672072214569	0.00666451386767834	-0.00350453010333734
0.0117466664616054	-0.00943680572276592	0.00391092353958216	-0.00576953639372575	0.0301420563527285	0.0032625459460858
0.0123134146520678	0.00117589983663458	-0.0071477098552225	-0.00928060665459473	0.000803271566967839	0.000356155097652694
0.0123767341221224	0.00583506137421538	-0.0146983893855977	0.00162417897796022	-0.000117615417727049	0.00648789910910503
0.0123691880358127	0.00567583956068495	-0.0149401487543367	0.00175979006117734	0.00034461293784159	0.0057846040877266
0.0118644001663501	0.00685619875294489	-0.00726882289855343	0.00263376133766547	0.00371838183949608	-0.0115968678352551
0.0130849711393844	-0.00739891962205561	0.0073424221417216	0.00444539422688553	0.0141905055962069	0.0160852296058976
0.0123179659471522	0.0017926332697202	0.000824545531638285	-0.00972463229328206	0.0166834849291259	0.00860486778442457
0.0123595326694686	0.00984631843386359	-0.0111312960975952	0.0221816483290475	0.00156261321228745	-0.0139209744012451
0.0125277040950041	-0.00709613008361346	0.0183903856181729	-0.0238365162480547	0.00924979141797539	-0.00658604535539578
0.0124174307005049	0.00628914526154685	0.00838685679907564	-0.0235645288212524	0.00948763470096658	-0.000930799314624978
0.012381607930415	0.00504872484072138	0.00242302046356413	0.0198913543355369	0.00411049685907616	0.00536855603796324
0.013666037330763	-0.013599767936037	0.0143177287715625	0.0159801193164187	0.0186533716479832	-0.00466614153005778
0.0123209834401476	0.00249835896055631	0.00419626585844395	-0.0013327968720767	0.0200888657080433	-0.00256785421049471
0.0112200921368703	-0.0154903619910395	0.0230970868965057	-0.0123683085557194	0.0303099086294961	-0.0144726296516732
0.0128243774175121	0.00376988940069957	0.00781303853442156	-0.00105693336406409	0.00339065695639713	0.00053313355618415
0.0119807468448278	0.00336376825402816	0.0181942407720755	-0.0209566462470958	0.00290663141294406	-0.00832124444376488
0.0120603681908084	-0.00169751380755203	0.00842531043138889	-0.0235647014419226	0.0112012606613077	-0.0128674332978207
0.0128899546317468	0.001731194568512	0.0144230142055718	-0.018713574509547	-0.0130718331695059	-0.00276784457523938
0.0128259395903058	0.00668921054427458	0.0170056409264578	-0.0191056182045364	-0.005035479585006	-0.0030779541917327
0.0120936958915083	0.010550761919486	-0.00111431918304446	-0.00889927030173513	0.0116074598866558	-0.00368386115002638
0.0119964573581634	0.0127150445478809	-0.00276230243063314	-0.00568432471325005	0.00557885186760945	0.015007320915128
0.0121669015132081	0.0124084781054937	0.00395918498809508	0.00318717055838101	-0.000172860720738702	0.00533788864160762
0.0133135578768069	-0.00226089993424226	0.0137062876581949	0.000503862485594394	0.000725062780773625	0.00913199723530732
0.0131292313084501	0.00161929017652852	0.0108490384661538	0.000589248964665036	0.00154541054249131	0.0114541340569756
0.0126869183935167	0.015123937302221	0.00533513548896106	0.00508655912161167	-0.00615232847295277	0.003842565147245
0.0152855038751932	-0.0194523092587513	0.0320946819593359	0.0135375536915843	-0.00703227505519322	0.00590562949229377
0.0150888991659742	-0.0245816364902846	0.0324470848508277	0.0213801142028038	-0.00819311445413645	0.0034068491292361
0.0137295138914601	-0.0135959519448825	0.0124042331975883	0.0233474894936197	0.00659407554031233	-0.00817469526391819
0.012252981186233	0.0133444351379334	0.0126546118413923	0.0206659623463077	-0.00608461370771769	-0.00997680369200987
0.0121772572049052	0.0199155675482805	0.0106156460301487	0.0147874196002838	-0.00714907875041758	-0.0140149324788708
0.0122022907418109	0.0234000077474647	0.00757738326400689	0.00526682705128121	0.000838780817980465	-0.0191719393300121
0.0112294371765018	0.0121079084860538	0.0143442914813546	0.0150800007064083	0.00506003379750046	-0.0243530635141534
0.0121158833928688	0.0221809996715886	0.00653997827883081	0.00440467295537765	0.00140629646758282	-0.0134124494698347
0.012511728352339	0.0163964755332183	0.0110846782558812	0.00462070970946705	0.00607885093165467	-0.0115861820633479
0.0127541333817535	0.0174156052141525	0.0129678819561526	-0.00245604795350108	-0.00564207332232765	0.017550134916922
0.0133834073422129	0.00323491854163288	0.0204869757323852	0.00783853870472583	0.0051759192159741	0.00481605815250152
0.011774162339956	0.0170958126381157	0.0058420689751171	0.0118496429046011	0.00167066701675416	-0.0113662906810548
0.0121361564450916	0.0116510492943267	0.00737814146819007	-0.00221171376141098	0.00102928897960546	-0.0125903344415159
0.0127340602414501	0.017924000988768	0.00882019913044365	-0.0151956021171917	0.00941248058025539	0.00395287036530255
0.0128185085917976	0.0120061038385864	0.0185337711745559	-0.0325700938726402	0.00987261080104845	0.0123299992678853
0.0122740613267193	0.0164531372072265	0.00617529954729513	-0.00931640363312305	-0.00253280235719227	0.00975926377269981
0.012045734840782	0.0156166111809933	0.000604580462438081	-0.00337139194730455	0.0109252239572957	-0.00845025584756364
0.011816388109481	0.0205006647109073	0.00454683195683863	0.000461077855182751	0.0182425004795459	-0.0287478246730278
0.0127137043022495	0.0152427046318039	0.00269370473993283	-0.0036301332900299	0.00557432517992498	0.0032837696131476
0.0126509378341387	0.0138369443175308	0.00339556648248641	-0.00449163377696618	0.00972271147285027	0.00206116246654665
0.0122561474048115	0.0185296342642637	-0.00183538764734414	0.000639281471002328	0.00763569003144523	-0.000928839346083378
0.0118390666467302	0.0177802904285033	-0.00439271541717365	-0.00710262161647568	0.00316468576904308	-0.00483735699612559
0.0120952587081064	0.0210958868792786	-0.00245087980024444	0.0089614611052543	-0.00168302884632161	-0.0112598300551427
0.0122989595786122	0.0187978642325775	0.000908858538797438	0.00793885922975728	0.000836159010905564	-0.0103680950032704
0.0129332744642559	0.00636888304133538	0.00205575598725052	0.0118958279447313	-0.00136069803317127	0.014356574648189
0.0125622208835005	0.013784904362417	0.00519517076289803	0.0189070714400348	-0.00223453850064399	0.00718120975369493
0.0139504106669838	-0.00495472468738577	0.00699230957045454	0.0235735204772064	0.00015872992607613	0.0210223045856211
0.0137844810242399	0.0116640946364549	0.0309871442651728	-0.0437260704075907	-0.0282521530452664	-0.0128976938160474
0.0138400355541728	0.0105926990168176	0.0311069366104802	-0.042467247823626	-0.0286647266128599	-0.00764953218577838
0.0134241432734487	-0.0163470908742498	0.0170213961800186	0.0293728442112198	0.012532001990213	0.0144375426609823
0.0135448797817035	0.00913011884103289	0.0159232770569634	-0.0073079724259389	-0.00716852831989662	0.0134156772210732
0.0125001882137217	0.0156625736341207	0.00575807817226793	0.0209434561102769	-0.00908449494328003	0.00813174844698605
0.0128609896581551	0.0106354659449909	0.00768958171813593	0.0135572063171699	-0.0029487797661724	0.001931809160194
0.0146781868395454	-0.0100136876285209	0.0284044202239575	0.00185919696128904	-0.00514551288497093	-0.00195158059027487
0.0128594505357622	0.0123015685557328	0.00471360267906486	0.00784931554300067	0.00610542351369669	-0.00213858774461389
0.0123009221247579	0.0175239174449673	0.00790381730533724	0.00205432309673531	0.0155453186813581	-0.00143028149163097
0.0124224070895301	0.0194292137919711	0.00659047810456026	0.000232381283310444	0.0173272544361122	0.00276076043771031
0.011906838353862	0.0149863275486473	0.00493404326144478	-0.00700644108611521	0.0188025562680657	-0.0189630745212215
0.012454398244046	0.00830198606715925	0.00966634700339279	0.00241931015048363	-0.014422529550549	-0.0197537753634068
0.0118202653712887	0.00921787940997862	0.000534516442254485	-0.0124826576325353	-0.00456697582745964	-0.00076586920764814
0.0119014712060061	0.0146922819211536	-0.00744746916055701	0.0108406374985358	-0.0112917401341873	0.00698309435023643
0.0131827105411186	0.0141709545178941	-0.00294189041440176	-0.0253421905702644	-0.00040812145701553	0.0405019661625104
0.0123505895694243	0.0149813971861043	-0.00933686966532103	0.00457703092678021	-0.00226073211158634	0.00721435504356484
0.0118025866386675	0.0124365531868129	-0.0119506579564476	0.00706892611901899	0.0230264735532269	0.00675547824291407
0.0123951742395421	0.0113499996157993	-0.00783175194442239	0.00222478381398661	0.00433945921287411	0.0281594034687933
0.0122864910401282	0.0102947404929732	-0.00536519280258317	-0.00979460979100191	0.00552182102818477	0.00850607119672618
0.0120705172997337	0.00882991344100176	-0.0111385168050073	0.00818024468934119	-0.00623803374654502	-0.00808796984119894
0.0131862338200788	0.00901902964973036	-0.00551315694123432	-0.0209202086286882	-0.012094665391374	0.0124094629861975
0.0130652824049736	0.00680711738219092	-0.00239221369705204	-0.0204407724909704	-0.0166830446261741	0.0110329864391085
0.0113649442375115	0.00976485298821278	0.00442587230964228	-0.0120771294164854	0.0230438047915053	0.00308200760703516
0.0122107318266167	0.0101361766729204	-0.0105506070626108	0.00415211612511021	0.00720577737191135	-0.0164889757634167
0.0120106231398026	0.0125126686689668	-0.000968806020408822	-0.00169204513962318	0.0101045382458408	-0.00983201222770865
0.012076762364224	0.0162405929213582	0.00155086486734267	-0.00467896218502712	-0.000853457896393188	-0.00297435787102926
0.0123643872544085	0.0143580031776912	-0.00289012932596184	0.000753635583848458	0.0133998765341176	0.0229983324678993
0.0126067782461414	0.0137904825626974	-0.00198696205618735	-0.0238259855479038	-0.0030942095168918	0.0145360569777717
0.0133578915677094	-0.00420269285497995	0.00736271185658942	0.00265971964117382	0.0115878047674315	0.0423310808834116
0.0139364422983237	-0.0155434957884155	0.021132718567347	0.0190485892220231	0.0165370944376911	0.0111936271973409
0.0139497186801542	0.000668942360000052	0.0146893926067801	0.00124879867210866	-0.00454627896824098	0.00829389955645414
0.0130237744738731	0.00940997263497685	0.0131315178225818	0.00703828034487376	0.000758008750937112	0.0106035828392576
0.0121222647959881	0.0182406785253214	0.00793566434330983	-0.000755621125790898	0.00187114578564938	-0.000142354357995408
0.013995436409373	-0.00182721597087609	0.0232523480502615	-0.00362928761256246	-0.00702442227940538	0.00944955977382441
0.0121971414515391	0.0163394114205467	0.00755094648792887	0.0142834174612979	0.00515956422227022	-0.0140927226064995
0.0123561096998604	0.0159668845214656	0.00499329097250174	0.00269563276066957	0.0125362049826574	-0.00174906485340327
0.0143892875452823	-0.00889204466197912	0.0284728415326562	-0.0167363716832411	-0.00641147586003784	0.00902522869236808
0.0132068037317263	-0.00206161722239268	0.0297187633568261	-0.0326520557442281	0.00381271846163171	0.00514711878668891
0.0124012398542388	0.0154501021142593	0.00323761933413096	-0.00824116869107859	-0.00369726681030457	0.00752028277047816
0.0111644044046702	0.0094404698035243	0.00943192795568127	0.00120009427899042	0.00461714752267508	-0.0131210071831103
0.0124839056153831	0.0144567668159489	0.00289445899398209	-0.0013900067171202	-0.00869374944229387	0.0042597112998259
0.0127374629902785	-0.00136807852482022	0.0109471145813632	-0.00859187734173864	0.0160423363867476	-0.000762686620967889
0.0121993314462823	0.0130240695804272	-0.00848157039152739	-0.0033249786260577	0.0162137364509482	-0.00800586817672607
0.0118814172930608	0.0181406841044723	-0.00506593447266924	-0.00618795359377313	0.0126245662856381	-0.0032707463101168
0.0122592047886658	0.0155054179250179	-0.00373845354792214	-0.00927922183597206	0.000179661820819273	0.00862629440445831
0.0118236862355234	0.012055738856229	9.05856702983331e-05	-0.00640265068129085	0.0173585912642	0.00273677831678471
0.0121090324369622	0.0153757077931229	-0.00252024059132551	-0.008042822049378	-0.00408573695842642	0.0080805893319943
0.0126304005152286	0.0151189490122135	-0.00211933814921837	-0.0123126435729362	0.0014274385648489	0.00823940964913894
0.0116602019058	0.00501379929259973	-0.00147146952849606	-0.00195922940377028	0.0342514607989334	-0.0140139403095993
0.0128964550392866	0.00140018752523108	0.00609107219656336	-0.0126522529060354	0.0198617808647535	0.00888230744363857
0.0124415249853304	0.00354307072466893	0.0062962462419783	-0.0165157110473256	0.0105005617092768	-0.00212457090133664
0.0113547898677531	0.000123221889613619	0.0130478692940343	0.00181195548529519	-0.00510125285179114	-0.0301497844394705
0.0132357436437071	0.0123873177540895	-0.00268674436106828	0.00350637372687257	-0.0135733562665824	0.00894308254684891
0.01208061680252	0.0139669210203464	-0.0104652431994599	0.00603999553245393	-0.00521510803566592	0.00335697464189598
0.0115164062743954	0.00506592019829482	0.00162034535422392	0.00308380523687408	0.0168025918036053	-0.0106206383902572
0.0125431087925532	0.00848428157532908	0.00459171109470002	-0.00913380564094359	-0.00730614176336667	-0.0015758565543246
0.0123845889165747	0.0151252686328294	-0.00152040147525931	-0.000316854184573717	-0.0157123293390225	0.0104532430605199
0.0124088422300754	0.0206359865834292	-0.00198687252782329	-0.0103432672405304	0.00401729073496717	-0.00315404097360304
0.0126458838865069	0.0103358139916744	0.00783397291207271	0.00297231244700832	0.00503001264894332	-0.00523912172061574
0.0129751773541474	0.011913609536153	0.00890160118924841	0.00233554856958208	-0.0130155730137237	-0.00556069691872664
0.0133237851492532	0.0104218107733577	0.0259423458532295	-0.0260881718403358	-0.0208318119779537	-0.00695186004392471
0.0124051940033958	0.023306819646327	-0.000362769073410112	-0.00265787333110941	-0.00806183647783025	0.00302270768784501
0.0126208598679473	0.0120485233730111	0.0132337752708505	0.0010025736864311	-0.00538421469416691	0.000991280935646602
0.0123797443763499	0.0150589304821061	0.00720271090176177	-0.000749663700398457	-0.0156831227063643	-0.0037681410101672
0.0136946965196356	0.0128014412824009	0.00807828566968991	0.0151148211478964	-0.0242253872639402	0.0096820965007396
0.0127715866230478	0.0280140409060207	0.00389380117622635	0.00910466232496264	-0.0138477593229678	0.00373838640053626
0.0125121340932644	0.0183369776477375	0.0219091514949818	0.00276493550679592	-0.00571448783532299	-0.00663043309682167
0.0123021764367969	0.0181253060029036	0.0189308822447256	-7.44512921785232e-05	-0.000144504621783385	-0.0157753463986942
0.012597352324399	0.0241839659802017	0.0126003960714268	0.00833185581660571	-0.0196998800329432	-0.00433615547224827
0.0125910864357192	0.0277910940390244	0.00523671922190376	-0.0226776162090555	-0.00231903439254886	-0.00368364464841096
0.0134185421518704	0.00684509096826999	0.0205597901990861	-0.0177293586082874	0.00455247596942078	0.0107063426471866
0.0135962096019945	-0.00378289291869893	0.0110054443335009	0.00916907429201136	-0.00641702249927041	0.0175090985877252
0.0128913356298967	0.0097982133352747	0.0120306661728878	0.0122036634818797	-0.0112013144211125	0.00472126420593356
0.0123158193457694	0.0230022717063769	-0.00536585080920316	-0.00701486160612094	0.00426885664557813	0.00314922698679697
0.0115396570102729	0.0162724010050775	0.00623832135672302	0.0149262717704076	0.00299697501687924	-0.0256377990420017
0.0123511169270377	0.0134146145029567	-0.000599133459273588	-0.00630319494943805	-0.0031214753650111	-0.00388132142600298
0.0125407105369757	0.00160561897359178	0.00486979409265279	0.0105468572669743	0.0135618559749861	-0.000399130582726068
0.0107783761459317	0.010068702440131	0.00390491510778771	0.014847096294075	0.00273638641382632	-0.0251629093260277
0.0114722153122766	0.0139673873451516	0.00204783853667041	-0.000431479397224951	0.0179807447883427	-0.00328427639453705
0.0112255144646718	0.00548232094224673	0.00241210973711435	0.0127472099552366	0.00430430299500258	-0.0130747409844835
0.0118446946371315	0.00814994274898139	-0.0025256117123495	0.0101516713234273	0.00937055177484768	-0.00429987576883361
0.013507602368548	-0.00746822600497477	0.0166286261218075	-0.00223019465639623	-0.0199702003474273	0.00915508923557997
0.0134052636328027	-0.00810944264910636	0.016886518084729	-0.00426434809820825	-0.0188368376745993	0.00760620312556941
0.0119975860537027	0.0125389951330844	0.0105561549286596	-0.0163071372238252	0.0135860053888672	-0.00407691094629004
0.0122019837591669	0.0210284949439062	0.00448412046687691	-0.00138401005672709	0.00127699757272945	-0.00331349295590109
0.0124056582170979	0.0226473432844624	0.00507538893477854	-0.00866110709792065	-0.000316870338617713	0.00125347020323215
0.0127607434881009	0.0264086061036061	0.000500947300765047	-0.00197180596263485	-0.0167011940788053	-0.00931706870350007
0.011707773173463	0.00382674048018143	0.00657719830822971	0.00566719032564186	0.00552649514102363	-0.00534266467187507
0.0130902097080183	0.00420085377878173	0.00580581025562531	0.00677786033485113	-0.0102327833491668	-0.00688181124407461
0.0123816092136145	0.0194421949309116	-0.00511905778573387	0.00694059394502092	0.00465923225940567	0.00888647600446823
0.0124419674689591	0.0147840355619596	0.00601002351792769	-0.00462943304260365	0.0111532404771675	0.0042987914928398
0.0129770162738228	7.02799566335123e-05	0.0163375543517031	-0.00291477691463648	0.00389793952943333	0.0120917812712221
0.0125277869873504	0.0101731034927148	0.00995707667058004	-0.00174395960064675	-0.00275079761652218	0.0183989051388217
0.0119544226378887	0.0220836435896448	0.00877534228876067	0.00569832923054699	-0.002212333140663	-0.0024373089199438
0.0130730315700596	0.0232207135468747	0.00601426397681257	0.00826069255956482	-0.00501156831081421	-0.00177659410268639
0.0129843126132023	0.0202900669002992	0.00910536736390055	0.00137047246299506	-0.0091317097458871	-0.00753196467724287
0.0122930990728832	0.0219622524559725	0.0140427914918672	-0.00429020788244358	0.00709209306097709	0.00867862988627418
0.012419732452489	0.0169782172687075	0.0216012721502693	0.0122476408019377	-0.00968537731658789	-0.00342278205296221
0.0128811135819648	0.0114935242567738	0.0215662812412374	0.00933190737521241	0.00889834664405875	0.0219968481971714
0.0128302696499117	0.00809196887634879	0.0187784421504473	0.0102717396548542	0.0021953376351751	-0.00310485086989664
0.0126320093370642	0.00847177286103055	0.0157068520066338	0.00611853655215816	0.00239706793795511	0.0168868990896931
0.0132599052694786	-0.00259803868577395	0.0210295155297281	-0.00933356809045976	0.00766964746438394	-0.00612141788668238
0.0125756374193217	0.00460853787115754	0.0181945296727404	0.0149630097262655	0.00665044728246203	0.00506542861102956
0.0125971403036196	0.0235903761206341	0.00400376950898129	0.003998480460638	0.00449051728932606	-0.00117046043115608
0.0122204429040908	0.018225098417469	0.0130954510701322	-0.0169150420136483	0.00385532869146018	-0.0138346988638352
0.0124995699976329	0.00586086070158323	0.0160851025855393	-0.00322365223128646	0.000811869875168962	-0.0147920092927268
0.0123172912600269	0.006348546321024	0.00239613676739874	-0.0171695974295269	0.000841554374162685	-0.0125491948588241
0.0124267702206473	0.00322846902713427	0.00195756617900143	-0.00352134732803369	0.0011930385900636	-0.0118942618482859
0.0124551014869194	0.0033619173082237	0.00152406291066596	-0.0044170165430254	0.000474582487076021	-0.0124332252994523
0.0117154404608184	0.00703745804232649	-0.00283680556628588	-0.000179022338924816	0.00587138058471225	-0.0119697867936109
0.0124752619681029	0.0130984982995643	-0.00566127527484634	-0.00864223217069543	-0.00669112772866116	0.0106061620870208
0.0123052626179144	0.0090762967906006	0.000278087692516029	0.0089804217705509	-0.00707758168034647	0.0139413789549111
0.0121084401547895	0.00373851048921766	-0.00300539475104585	0.000302041644647122	0.00230601525720397	-0.000779256904617353
0.0116102547205378	-0.0065091555365303	-0.00224363556444529	0.0108527390755921	-0.00140185930474101	-0.00828237375259007
0.011698955125439	0.00418270342045283	-0.0141423224274053	0.0162033147731405	-0.00413444107368451	0.00314102648130486
0.0126629911865759	0.000425238771175627	-0.000815791628213303	0.00103739742689532	-0.00686502277245647	0.0170592884882153
0.0133795443393011	-0.0207626346780303	0.0172555864042148	-0.00272799343093381	0.00209772007954512	0.000631723064085482
0.0114758233004383	0.00339282947069037	-0.015224709947025	-0.0135119226523168	-0.00381537524082194	-0.00325957602304494
0.0122763349239406	0.00321974040188646	-0.00620383125525183	-0.0110863690883666	-0.00270732357012002	-0.00322587312595523
0.012496995377209	-0.00307328470075153	-0.0115436075536925	0.00724892058897058	-0.00877971020062821	0.00121800003122695
0.0118133594187515	-0.00703443941073821	-0.00855182306765391	0.0246727913750016	-0.0072277677026248	0.0114042808931288
0.0125081798839552	-0.00199624259043148	-0.0145680931565188	0.00626785474716228	-0.0159737974374331	0.0137824262876928
0.0125825415789551	-0.0135171774156277	-0.00790236103618063	0.00510595142402286	-0.00371763524778991	0.00611139174553097
0.0120665733741778	-0.010893137174852	-0.0203250740009401	0.000719350183416265	-0.017687630435487	0.0121247195182695
0.0125651242156609	-0.0311161458772702	0.0146800370778602	0.00542559903229583	0.014860864162766	0.0155012647032195
0.0115001900448645	-0.0265495776153054	0.024080567536579	0.00591585625755766	0.0280578570840363	0.0136802853228533
0.0116873701791965	-0.00952366005195609	-0.0142004081972544	0.0110582117635958	0.0147892677254246	-0.00730277057226542
0.0135492944564083	-0.0247130416028343	0.0175698155254249	-0.0149222206765348	-0.00879210751797406	0.00953618770209289
0.0132485818105707	-0.0190025058302813	0.00807789725986544	-0.0181115665748796	-0.0136399870113856	0.0132066660176145
0.0115870527456011	-0.00651808643282613	-0.00917454715969192	0.0036168731541826	-0.00948251858175315	-0.00140730386079112
0.011726572811875	-0.0120210402988957	-0.0076056387172605	-0.00172675984403448	0.0107773218890953	0.00334379693885456
0.011569144601791	-0.00221092886650498	-0.0136092673137687	-0.000844862566491121	0.0195886663205325	0.00425729657433135
0.0110435994854384	-0.00133952009204976	-0.0179894781320126	-0.00944793339670227	0.0127133249391647	0.00204061961557575
0.011965901886327	-0.000774019249311089	-0.0154494134752681	-0.00618391771723748	3.56878975899672e-06	-0.00287536123701951
0.0121954464645236	0.000742583959550831	-0.00553733493755912	-0.00448615615297686	0.0103709627533212	0.0165157725606543
0.0117035510176051	-0.000122169355756388	-0.00694234736124149	0.000267808949135867	-0.000836948460080907	-0.00653971803492147
0.0118373158772506	0.00613867321538191	-0.00984550646836069	-0.0146124955389138	0.00628427275343885	0.00273323309777179
0.0124801205088983	0.00100703514367487	-0.00323396888341962	-0.000972217949578141	-0.00208434982109842	-0.00559761048156039
0.0120957744125106	-0.0073860903116925	0.00948084392246005	-0.0195803484485622	-0.00217410473751389	-0.0106358900077717
0.0124148036471705	0.00462382657202255	-0.0119223055677782	-0.000339981136121676	0.00759650635735874	0.00440333956995555
0.0123718523461115	-0.0101501068514659	0.0193495968067865	-0.0253113365562288	-0.00532220022705424	0.000627299769369402
0.011374796286296	0.00344975657226763	0.000818977978595935	0.00315743439201542	0.0166961397893577	0.000653106929951125
0.012865791877802	0.00367491858977163	-0.00269879425959512	0.00197060162509885	-0.00992817473509269	0.00107113755724
0.0113743063428382	0.00882163105117378	-0.00640791349800707	0.00323486137784924	0.012676774677052	-0.0158846711585903
0.0126021391098443	-0.00904707531950064	0.013432230120143	-0.0131023043307274	-0.00351559075165947	-0.00656692394830352
0.012200717744907	0.0126970800254531	-0.000193695977356904	-0.00649043716254096	0.0265533271619725	0.0111536337875776
0.0120722493765041	0.0147239764387431	0.00472579137252901	-0.00339208674257324	-4.75320664088657e-05	-0.00529047705103759
0.0123773545136833	0.00875785606115987	0.00317070334297648	-0.0120264780677542	0.00907886663206229	0.00281743216727877
0.0117486997129454	-0.0031380757682572	0.0169140727609695	-0.00816988701223377	0.0243206755241412	0.00601350064193144
0.012670591372908	0.000477817708170511	0.00562276542468877	0.00256734257547354	-4.99306044294103e-05	0.00696882899260055
0.0133881070789979	0.000437497617309256	0.0144240617587064	-0.0112697079921036	0.00640682131526795	0.0201458883828957
0.012785115035456	0.00511886501869148	0.00460130130479136	0.0286804027438122	0.00395033227182536	0.0301668257011258
0.0129359656165469	0.0138095630110018	-0.00062485001387073	0.0181376565678665	0.00119781055541598	0.0288658334915683
0.0118436373865408	0.0123938418918633	0.00798698892647107	-0.0127137178612146	0.0148472081421537	0.00568305465286496
0.0122143407568469	0.0174184491444443	0.00292629482534086	0.00130807777596149	0.00962680070495806	-0.00159763321997804
0.012046188380525	0.0141088691783875	0.00263108329739085	0.0268794459074178	-0.00427585023326952	-0.0159788343919185
0.011937328181944	0.0128580224085856	0.00321094035556889	0.0109097103285489	0.0034262713832373	-0.00475840304200047
0.0127291689553659	0.0208401331198604	0.00124540965803385	0.00688714077452119	-0.0091342369325793	0.0175287848437257
0.0116265544525839	0.0161695419791403	0.00359517698983807	0.0098715158243077	0.010081210629014	-0.0150407398626296
0.0129211461347269	-0.00518716032713734	0.0191260628965106	-0.00922827377952009	-0.00459519619666108	-9.10600902101458e-05
0.0131597176687792	-0.00304620740602872	0.0162641127709658	-0.0163350153632148	-0.00811191122222959	-0.00135080732500307
0.0126488667468028	0.013237683145621	0.0117174844775805	-0.0159596601077758	-0.0125067851062697	-0.00691213771649631
0.0111038092014469	0.000236898389307298	0.00839498141008438	0.0133593623672299	0.00443125622342848	-0.0311327447812123
0.0128723959520795	0.00275975039122002	0.00810980098390688	-0.0110068034121209	0.00312136017127182	-0.00361556511975445
0.0120494032234507	0.0155950170953791	0.00919312723317841	-0.00719198557020246	0.00677769246987388	0.000418780050839229
0.012125977085699	0.0145616877883406	0.00081437692865937	0.0180710251822684	0.0044084126067734	-0.00861420879145357
0.012381619882541	0.0184287112855817	-0.00125354405926744	0.0167483994631514	0.00865342667045781	0.00418591018468182
0.0123214047341921	0.016821105357992	-0.000819944944894703	0.000575520007843074	-0.00451641224163817	0.0156268701437051
0.0125568419056506	0.0093284319274132	0.0143001459804779	-0.00599628535483161	-0.00203229286623954	-0.00619506128867995
0.0143605530421875	-0.0130858155228292	0.0280553819445237	0.000419478213079599	-0.00858668502503774	-0.000885053159641796
0.0154115303747704	-0.0215320417699764	0.031525908997157	0.0143811324319863	-0.00643992548731567	-0.000376649959103348
0.0112856877407278	0.00983082881873991	0.0107504433574682	-0.000744513047027621	-0.0128639735355341	-0.00515718645915174
0.0117842655058141	0.0136183647039352	0.00329475736778405	0.0086513658657559	-0.00662983842577519	-0.00229621295953546
0.0120991794115005	0.010525364835438	0.00849387328666446	0.000601531565437899	-0.0153239297045347	-0.00915426952256932
0.0121633297795546	0.0210136411112032	0.000655222201512105	0.00152112539255014	-0.000219579218103809	-0.00115537849403979
0.0120393954301674	0.0190301495552884	0.000623828993977007	0.0078812196615485	-0.00294261628342651	-0.0141496530360757
0.012049698179742	0.0146244758295315	-0.00544261822836155	0.00204414689823933	0.00173644594210185	0.00298263140778497
0.0130420430683429	0.000908418234911985	-0.00812214890368913	0.0112513502773893	-0.00629044949675673	0.00638928452358046
0.0132148606907336	0.00179659119605195	-0.00873030816628628	0.0085282016053565	-0.00701972805589789	0.00995245807073055
0.0124007526241887	0.00377674657522196	0.00832765956559976	-0.00284287306524085	0.00825903739098704	0.00771958965842849
0.012453195140339	-0.00105371115279163	0.00838034392391261	0.0022663832129723	-0.00716291753521703	-0.000282874104923454
0.0124013571189957	0.00761213594443726	-0.000530293807588001	0.00709729203586087	0.017178287234466	0.00267151702521929
0.013925748853442	-0.00995138631408012	0.0154844294022971	0.010841739388498	-0.0114713714539088	0.0199364208560294
0.0151000400610377	-0.0147671257314744	0.0185383980276386	0.0156038123504799	-0.00679729060166294	0.0253823819598863
0.0151641523268591	-0.0183419106684956	0.0181725151792675	0.0149639893442398	-0.00384738624801559	0.0271480977754538
0.0123815456097756	0.0143338339115916	-0.00575635855528241	0.00566120343349116	0.00561232336625786	0.0171589922751616
0.0120590629276463	0.00963832108950627	-0.00256209888946662	0.00476316514718009	0.00801408619921676	-0.00554907591678542
0.0124017847579912	0.0111465671017998	0.00450274412609004	0.0101762168782297	0.00498606900029893	0.00322751009320755
0.0124026584247781	0.0126062918668759	0.00218000961802629	0.00482867454413362	0.000159149799556463	0.00214026111180498
0.0129418248094028	0.00235256926717768	0.00536612318073958	0.0075360179011339	-0.00064883254828241	0.0187147006858626
0.0121372716988462	0.00688385590970873	-0.00430254707539696	-0.00182521085832845	0.0174922613413092	0.000839854402576867
0.0144477424841131	-0.0214959835309299	0.0206170042111489	0.0189934384457181	0.00475780083670054	-0.00851143618524889
0.0119433465668333	0.00978766419049266	-0.0139498470413615	0.00816670853391096	0.0138026343204044	-0.00442100757192212
0.0118991278970816	0.00235834094612835	-0.00360604588497432	-0.00411487001490398	0.0149655474966745	-0.00980712507711484
0.0123322397500247	-0.00994444178039029	0.00544148127504131	-0.0367787619179273	0.0171334220461253	0.00404404776451826
0.0119149204843819	-0.0307127990981996	0.00182240037648322	0.0259760585257975	0.0158257189165732	0.00322278821230794
0.0128582002273585	-0.0115110667161309	0.00825512057447217	-0.0240023212483113	-0.0139046093722289	0.000996538351869093
0.011761556232482	-0.00060268948144261	-0.0149170980664365	0.00598087863399125	-0.00809124709874293	-0.00385075206251362
0.0128416999504316	-0.0145449151907969	0.00357166427191096	0.000778001690684706	-0.00444849074198262	0.0125254379010581
0.0125955135413551	-0.0263163587244891	-0.00153371408268171	0.00773267420961061	0.0121858708054418	0.00998699966297285
0.0123205451798697	-0.018086385804838	0.00233853025125333	-0.012575041732497	0.0112174977415202	0.00694957960176762
0.011913917873441	-0.0070925543610303	-0.011488865025556	-0.0127864162032629	0.00975920860869372	-0.037049521915098
0.0123079331644708	-0.0163646151354063	0.00556590020666743	0.000810408314282641	-0.00501599781578615	-0.00440572360290726
0.0117446432738983	-0.00351619167031834	-0.00911378763613188	-0.0091375989826182	0.00109585568873207	-0.00562683544878919
0.0117962167718825	-0.00160599375725188	-0.0118455329572624	-0.00523284326163178	-0.000783759431390197	-0.00564341413056755
0.0116556035645163	-0.00809849409295211	-0.0120413770005171	1.40362120386417e-05	0.00723840819850728	0.00534645762031414
0.0123062459812968	-0.0176652248845432	-0.00143091134429871	0.000391153193835729	0.00460625256811708	0.0087359512833614
0.0121765710256509	-0.0210905034368295	0.00193453670041346	-0.0286158129907538	0.0186211608310384	-0.0207308040934999
0.0119109757611339	-0.0116284789853048	-0.0189045882205132	-0.01492427775925	-0.00465350558098004	-0.0185296257998538
0.0115703866638672	-0.00887304770059892	-0.0099569726581275	-0.00305517222252388	-0.00453742093148355	-0.00997770440148954
0.0120072002728582	-0.0109337570606855	-0.0136890422344172	-0.0144805389233433	-0.00397546914052928	0.00890741594465976
0.0118258928340275	-0.00998318608011227	-0.0122200246323623	-0.00670016899412679	-0.0126463883195668	-0.00170999080720271
0.0113552775401354	-0.0181880061758894	-0.0128405954677155	-0.0127332011591208	-0.0202216428681386	0.00880420063870432
0.0115453135004738	-0.0104074004721825	-0.0233799210164913	0.00621114090339125	-0.00665303965167073	0.0057072119729654
0.0113092525113023	-0.00632133913922603	-0.0161450829619514	0.00777446606808323	-0.0226090799335266	-0.00861324848192599
0.0117625420685247	-0.0130205990298402	-0.0142847520068596	-0.00980354340194199	-0.0131193464455012	0.000281649948550107
0.0110285776034193	-0.0172395825701407	-0.0231413435051523	0.00255104707853426	0.00413409667232422	-0.00894184782818822
0.0115586099183371	-0.00993190704156613	-0.01423997901155	-0.00343882375035576	-0.00590449699517387	0.000990654916640501
0.0116640605192836	-0.013205495719771	-0.0122436203977932	0.00559977534197518	0.0103424193626184	0.00731933115506332
0.011413778004975	-0.0260488361150398	-0.00596010678458932	0.0109230797977268	0.0179550994569997	0.00138452470330604
0.0135456111786373	-0.0442196895098709	0.0145881857354985	-0.00430048077274128	0.0129421425374069	0.00855299443878358
0.0123695652427364	-0.0234697570872887	-0.00488366242394829	-0.00642086343348088	-0.00572339763037921	0.00508303361703226
0.011520430910239	-0.0171874281735646	-0.0193944382287448	0.0151947519570321	0.0169708609066137	0.0102369257521916
0.0116578975097641	-0.00951808679791993	-0.0152699138767935	-0.00728469908750958	0.00133064708201699	-0.00715574602813445
0.0115708443753076	-0.00722405738905576	-0.0180851778538274	0.0105807519177958	-0.00462351764580109	-0.0127202986787194
0.011868468461344	-0.00652292598622903	-0.0192619186048028	-0.00236928049326138	0.00310868833333874	-0.00661045436931096
0.0115557278707164	-0.0106209734889164	-0.00621691861161388	-0.00915281993697633	-0.00774201500159873	0.00215471550213059
0.0114584282611279	-0.00473639505007597	-0.0144947733964361	-0.00864135538678736	-0.00288752154641478	-0.000400951367588846
0.0115782941265026	-0.0057013301918573	-0.0139659409365533	-0.00942037987254293	-0.00351442866768445	0.000714230388722476
0.011651272907496	-0.00300623262881287	-0.00906249259182693	0.00841247961255378	0.0101165190403806	-0.00425739054402417
0.0118642851494582	-0.00134683032177859	-0.00979705541370373	0.000967947539150301	-0.0152370280383591	-0.00159471828220422
0.0120536715866053	-0.00342126199604319	-0.011312601998015	-0.000393956201180769	-0.00217164421641765	-0.00021810354851855
0.0116481549070741	-0.00817300177787126	-0.0136635091904137	0.00585418590153873	0.0013752697944718	0.00838581812118192
0.0129244276331898	-0.016983662767106	0.000887254508304442	-0.00334635394236014	0.0029597366620389	0.00422189664324352
0.0127509760092693	-0.0252189628650511	-0.00160670285299516	-0.00813461085648352	0.00398896914481353	0.0177203508883873
0.0116403511517664	-0.0135487993017694	-0.00174923646511507	-0.00354129072374589	-0.00838206866227295	-0.00707824266330959
0.0115297732715072	-0.0141551381962188	0.00124115377786684	-0.00225575934484168	-0.00942900953186348	-0.00457333626188191
0.0108108363635278	-0.00943415370007362	-0.00266992686084059	0.00957906513211783	-0.024773212676279	-0.022171120785115
0.0121069305385017	-0.00876645520641153	-0.0114796588949789	-0.000238032077096616	0.00508984695805253	0.0162966821527152
0.0121582793834354	-0.00048693350433946	-0.018678609829791	0.0048544824179121	-0.0251013154353283	-0.0099301255177534
0.0115250646225147	-0.00842348431916814	-0.0127823917256101	-0.000103822981992015	-0.00559294290912911	-0.00452517986761026
0.011657293284139	-0.00540542887552249	-0.0182830515239301	0.00618851008935458	0.011762299529469	-0.00458687022137691
0.0120022116550842	-0.00154260641769753	-0.0160918056188372	0.00794514338805369	0.00776152726405297	-0.00305369952206931
0.0116061336723765	0.00118075971558721	-0.00181369097415825	0.00509065959081009	0.0097307591929929	-0.00211023129299672
0.011962446809594	0.00350287994639774	-0.00975250803363132	-0.00211544940329439	0.00291254057633982	-0.00740835881948077
0.0121326794740063	-0.00945431218711545	-0.00880670080973749	-0.021155730433882	0.0147643492861589	-0.0011131407693733
0.0123395334017987	-0.00763855257929062	-0.0125529142219773	-0.0188999906287392	0.00724292652101166	0.00265613458641529
0.0112767961932853	-0.00287328607210339	-0.0119940411120138	0.00257789050079849	-0.00114983494516491	-0.0251205424916885
0.0117841345216198	-0.0112540029057266	-0.0076739056268963	0.00928709550900693	0.00936783091557086	0.013647067854994
0.0121622459694806	-0.00472977447704906	-0.00305997261418233	-0.0122362308636409	0.00846504521778772	0.00644135245494905
0.0122065426972359	-0.000839006760276537	-0.0123575231877507	0.00770324675946888	-0.0153943159741915	-0.000151993364816062
0.0111691958264056	-0.0104532481842218	-0.012018119529182	0.000353833370430027	0.00951556211683548	-0.0238112828733625
0.0132106740209406	-0.023978890076507	0.0199030327797437	-0.000281377742017923	-0.016031051498792	-0.00215898187499687
0.0115225635659001	-0.00878600890679752	-0.0125032295278065	-0.00271253285671568	-0.00482187724074384	-0.015539551286093
0.0119875304776683	-0.0106580983485559	-0.00889194665736307	-0.00871989109260284	-0.00709710192869453	0.00585262593995937
0.0113732571390428	-0.00556033432242853	-0.0144523435569789	0.00693313103142121	-0.00765969339739819	0.0147377453691811
0.010852391414118	-0.0136289818775881	-0.0160717097915053	0.00187324658760577	0.00347605002409051	-0.0162045694678351
0.0117986404130874	-0.0131232212301193	-0.0137754382180441	0.00178521853887985	-0.00552715024801859	0.0049348229942546
0.0116611813364703	-0.0112441285355425	-0.0163661320747898	0.00550938571972382	-0.00960467946986179	-0.00885471637337648
0.0120920029408975	-0.0141385252781287	-0.0132017442655937	0.00752090801107074	-0.00497885358080479	-0.00129232173497182
0.0109257347772636	-0.0112038397663376	-0.014424473825984	0.0165012485479053	-0.00355390726925682	-0.0259945585272859
0.0115488282966304	-0.0113210884085241	-0.014612611550867	0.000267484563401426	0.00271557261563668	-0.00221768754442767
0.0117605484277722	-0.00966248754183418	-0.0314012871316126	-0.00460859216350746	0.0140182874287035	-0.00480015761803287
0.0118971140551376	-0.00887884681403083	-0.0229511931028214	-0.0108253815700928	0.0023218469975366	0.0011681928151476
0.0124952434305195	-0.0179332532230248	-0.00357937590121814	-0.00439862309546536	-0.0126188097949956	-0.00454290195440795
0.0124925152938338	-0.0116313167494413	-0.00101319011489542	-0.00252603574752778	-0.0161724714373538	-0.00589491783537732
0.0130002728679216	-0.0107302037263505	-0.00666114558735811	-0.00702250348408132	-0.0207857998861431	0.00824385325815605
0.0113234779476533	-0.00696082431347221	-0.0160455653658641	0.0031074632513565	0.00597059628113283	-0.0105874128494419
0.0116187236867694	-0.00291726122987754	-0.0163327426517178	0.000156294501472088	-0.00740761678333304	0.00953934935591565
0.0123513476777035	-0.00572803490960253	-0.00104355697566213	-0.0179704757855768	-0.0153940318527537	-0.00277196919509221
0.0122524350731351	-0.0191400332697805	0.0230745240501857	-0.0277661666152803	0.000760109193708335	-0.0132798333159491
0.0112823993536843	-0.00466862480691187	-0.0138859944295023	-0.00406709454499114	0.0127385184177605	-0.0132071947270613
0.0108374081171571	-0.00617802802937048	-0.0015228907836883	-0.0157972414833445	0.0200520634695087	-0.0291187533690067
0.0111594869476453	-0.0041884240316967	-0.00422435882547616	-0.0263026312834538	0.0197439464891398	-0.027831552971634
0.0117485368022419	0.00140120489861284	-0.0144739319918478	-0.00831285833932633	0.0100189271120754	-0.0151743920859203
0.0122715987777851	-0.000197984506963416	-0.0128681497891824	-0.000773823869285492	0.00343820558572425	-0.00472966515162697
0.0121353403191988	-0.0036256824430934	-0.00829998454654155	0.0112302134559463	0.00946779024185631	0.00515182397565089
0.0120742858873735	-0.000891240634442082	-0.00278044240751317	0.0107438088181479	0.00763955905354972	0.0257856819047007
0.0125415818203164	-0.0089998359980019	-0.000803204581902284	0.0149224908226707	-0.00594340536228871	0.014573460079094
0.0122847344468613	-0.00471585832177484	-0.00244347893613434	8.97871377119885e-05	-0.0162619618978278	0.00450842605577351
0.0117801811573766	-0.00506730964096024	-0.0129980198577815	-0.00127454979428461	-0.0142713100781534	-0.00649590889941394
0.0123939734792104	-0.0166257912576806	0.00869947019999668	0.00159181426161978	-0.00700233794658223	-0.0167288585892454
0.0134863292220245	-0.0437670802167553	0.00342936782176363	0.0218081171615242	0.0282394910660289	0.0147267916451532
0.0116749680826349	-0.0234767063281563	-0.00625419774350477	0.0294675535752324	0.00171535332375822	0.00544962122681139
0.0114591391607602	-0.00121102764322854	-0.0136243796374054	0.0204196700252701	-0.00424521473685876	-0.0396480559560204
0.0109574257129721	-0.017751539382368	0.0141177907629481	-0.000878074598234281	0.0243936806195738	-0.00759508728959803
0.0111775085702567	-0.016735259466998	0.0122338375313824	-0.0115323954385327	0.025024111587578	-0.0219224579416858
0.0123027285508863	-0.00589125056433976	0.00197762004370943	-0.0228221117694234	-0.0163825827067472	0.0181112160923509
0.0122012372743566	-0.0105024209376047	-0.0132751896465311	0.0140987091772204	7.0417091062239e-05	0.0133307744291414
0.0148053950520686	-0.0306255645819385	0.0170916593370916	0.0136233482079137	-0.0167994049526781	0.00878948330312911
0.0139095943994826	-0.0341756146974812	0.0138170586669086	0.00945604760479914	-0.00240859222180646	0.0109465269144321
0.0128121870659383	-0.0116184026573815	0.00569492591044695	0.00809351841176465	-0.00367749125926609	0.00986208997518874
0.0114800792914091	-0.0100783852257352	-0.00550758112555468	0.000758482538474623	0.00706669456044268	-0.0147557827480636
0.0119598363283486	-0.00606223190932324	-0.0117899509204299	0.00793095436180122	-0.00376112434710336	-0.00359205873953638
0.0114859030583371	-0.00974409374005041	-0.00564842144061156	0.0125980602569248	-0.00712285035872661	-0.0171666738260853
0.0116565057658334	-0.0111773946081727	-0.0151346847650029	-0.00865689529063244	0.00500326653978365	-0.0094653925133367
0.0134626932935334	-0.0194894151105696	0.00221565083645918	-0.0088133614129452	-0.0194898120247787	0.00316367087025159
0.0118435678499531	0.00205926680461067	0.00107247009843956	0.000672668428565417	-0.000608725775736055	0.000444720648760188
0.011133408351112	-0.0159357588063478	-0.0201805645497119	-0.0111713623251149	-0.0233671315027384	-0.00596954007828875
0.0111487856971334	-0.0169015274508472	-0.0156206577624779	-0.00162570373974842	-0.0264165928776171	-0.0148110384725163
0.011128069155929	-0.0146522610597935	-0.0199551952616392	-0.0036370450836672	-0.0245972146434092	-0.00761830845103133
0.0114318755129343	-0.0190409849239371	-0.0162996437368479	-0.00793991092082332	-0.00258560205623992	-0.00474735390892995
0.0118923388126134	-0.0107825566999808	-0.0198005442675081	-0.00298108938126542	-0.0130440115062447	0.00115973343999833
0.0109218797252915	-0.0125120533278655	-0.00738089782869199	0.00339597584576761	-0.00926127322905881	-0.0222086626763171
0.0110056932858788	-0.00968263967345885	-0.00666592895974234	-0.00625382405537275	-0.0160648424452697	-0.00783903273825541
0.0113461587936082	-0.00526114400160556	-0.014050529615112	-0.00160849119777861	-0.0212941047091691	0.00301302891913925
0.0115716738990091	-0.0207991244724893	-0.00418022475690598	-0.0150470131797434	0.0101361938535965	-0.0149122036732908
0.0122372389934201	-0.0117730173731765	-0.014234100798544	-0.0207379018016802	-0.0228478798162386	0.00293550856914927
0.011586653609929	-0.0141952670992822	-0.0096643746318773	-0.0144943451214584	0.0122528676026627	-0.00160139632184172
0.0118503608310412	-0.0145622384740295	-0.019569033966245	-0.00800747285348383	-0.00199497890224874	0.0157920230811068
0.0109999559631423	-0.0120690286959868	-0.00987970171480386	-0.00936586082373306	0.018411168991543	-0.0149848301862875
0.0111239996221725	-0.0114040351525108	-0.00972201253922249	-0.00954712266444739	0.0167557884536233	-0.00518042757229836
0.0110325701319596	-0.0109414169181884	-0.0116787763393249	0.00351659640466861	0.0166832439405513	-0.00667560334860223
0.0122803294135345	-0.0207563537378783	-0.00361550393607887	0.0212089077356419	0.01021221697775	0.00285626524025922
0.0115976433663546	-0.00763060621851146	-0.0108521646653742	-0.00878966558279695	0.000799759835429174	-0.00641491369959063
0.0114488621671723	-0.0141708785505259	0.00240154205985441	-0.0166648952038548	-0.001032851271782	-0.0230812156308196
0.012255130458967	-0.00695858205914495	-0.00831462711162491	-0.00186182629687308	-0.0166293615675719	-0.00708883996907582
0.0125937080754412	-0.0146750314974701	0.00358107782958522	-0.00965181245812838	-0.0167663145948145	0.00664198422409794
0.0114073343501453	-0.00858356123947386	-0.0149270465936273	-0.00364061985779936	0.00981092376592496	-0.00207870707701811
0.0115039884504158	-0.011242228058665	-0.0143476021106173	0.000782523371399518	0.00374722460871473	-0.0134357510867747
0.0118233833625027	-0.00505386449953818	-0.0186874309026422	0.00992145902994256	-0.00224493084275291	0.00679172665307992
0.011661304117862	-0.00222574308635514	-0.0146859766140635	-0.0065436552402539	0.00921338009750673	-0.00506651371728223
0.0114546348389443	-0.00180087703468192	-0.0128513716521887	-0.00128171672906161	0.0165848669795053	0.00277020424428907
0.0118987316729636	0.004543012701846	-0.0106087708455551	-0.0167310106532691	-0.0105278357061655	0.0091722946556158
0.0117821824678526	0.00124702012960845	-0.0104042979534137	0.00393454928681394	0.00957097403332706	-0.00786432965980719
0.0115879269376734	-0.000808596578988887	-0.00893096403630213	0.00436312339450539	0.00917502361788081	-0.0067604180879667
0.0122960000417661	0.000622333008791099	-0.00316351988718064	-0.0119534501002549	-0.0265856521641816	0.00205765628234455
0.0128717419482439	-0.0117038730499143	0.0127958872629624	-0.0294273651214211	-0.014343202792785	-0.0120597286806755
0.0115656931373989	0.00463199694034577	-0.0101731951935452	0.0175759451837852	0.00143026851689565	-0.0183800107658416
0.0119328724050127	0.000517592826166601	-0.0041748925722038	-0.011204319927725	0.0047711328815691	-0.0132891937286483
0.0121658057685369	-0.00862308904654147	-0.00169365998126612	0.00475597083899667	-0.00521793560527627	0.0116760264987901
0.0137079299339085	-0.0140203472171467	0.0129951654710837	0.00745084131777578	-0.0116550021137833	0.000876782178972954
0.012907227109093	0.00536292528137523	0.00150554234583882	-0.00643846633857572	-0.0174462143014917	-0.00630765784517357
0.0128169043182184	0.00107966279409506	-6.35332980547481e-05	0.000764519426948068	-0.00629973348737288	-0.000195488772114857
0.0120828095920511	-0.00201811609092867	-0.00332253747179085	0.0151036962224477	0.00850620543643871	0.0247386219930817
0.0131755962702514	-0.0192753473709738	0.0137622956897792	0.017495217499626	0.00412581345956443	0.00453565084576486
0.0117637873291081	-0.00246000850024066	-0.0073777608204736	-0.00250441992398433	0.00276992310898201	-0.00151311988147212
0.0117384538684845	0.00536166322605543	-0.0119140588445877	0.00242986212245823	0.00948636909843378	-0.00164985596172764
0.0119944864274523	0.00251991552454148	-0.0119534047619001	0.00145534215275659	-0.000444455458427793	-0.0189133909795931
0.0117430739574065	0.000889171899241981	-0.00638221037172035	-0.00827308503469548	0.0106725368959142	-0.011429468374009
0.0124603078021707	-0.00402289226446893	0.00337430491209699	-0.014266969734015	0.00960894902898718	-0.0135631871695653
0.0113580308772358	-0.00738518328758493	0.0170751312870114	0.0127497191638076	-0.0139774370226868	-0.037879882056909
0.0129739684307219	-0.00258214999766955	-0.0032417374283756	-0.0172213351586305	-0.0213486903677812	0.00130738426768183
0.0127561726771714	-0.00239966275666905	-0.00444607095138552	0.00665613136540687	-0.00300127849999793	-0.00285789966450583
0.0119734083054607	-0.00107228192791721	0.000434374967682673	-0.00825358580414814	-0.00154464989746685	-0.0132448504511597
0.0120865986148242	-0.00795347311597044	0.001182477520013	-0.00180693845526636	0.00696248797004681	0.00734445436596336
0.0114774013064776	-0.00234935191315694	-0.00585276943341442	-0.00548263983632216	0.0155033265089781	-0.00318281481578291
0.0117971815872644	-0.013819582822208	0.00177404528308949	-0.000474583871527753	0.00582965958165252	-0.0109991735828527
0.0120391293279569	-0.00044732856221668	-0.013909139171918	-0.00092066549482921	0.00544272680131294	0.00415851834082691
0.0110554908911919	-0.00461659697259593	-0.00735586665426198	0.00215077656222459	0.0135547495571879	-0.0256487223847421
0.0122755501862576	-0.00403400833773173	-0.0049822837726245	-0.00767488272289527	-0.00192760499688476	0.0048746634966694
0.0122655383953159	-0.00180587263639744	-0.0210664505491987	-0.00520873731915289	-0.00209304715651651	0.00481829728775838
0.0120141942444087	-0.00477417381121498	-0.0186533226072103	0.00278980578716964	-0.00277414277243663	0.00370193607431772
0.0120115876663884	-0.00526132661737488	-0.018977104861728	0.00162412240789019	-0.00175432280223899	0.00436633881954252
0.0114879842328707	-0.00107228413833976	-0.0188950111542762	0.00138567468062004	-0.0184803956854467	-0.00948824354384729
0.0118110725992364	-0.00362664781928686	-0.0175396347513532	-0.00426456882669034	-0.00119704824261091	0.00292836199117902
0.0116840072494113	-0.0177211218650159	-0.0132943708347497	-0.00574264781540129	0.0115970684457303	-0.000414164679808348
0.0116057702246719	-0.0137104772370557	-0.0182650100082964	-0.00675042964446382	0.0192069008209455	-0.0107860216693828
0.0118156166278833	-0.00968342833081324	-0.00919765216173381	-0.00742035320647785	0.00868860439298949	0.00560776518347275
0.0108710925318427	-0.00730204962213543	-0.017431263865043	0.00486709646741199	-0.000655233555743477	-0.0274619909435373
0.0109218544435516	-0.00891710876209062	-0.0154545376384896	-0.00408942711644463	0.00905409030493624	-0.0110164727989808
0.0117260844336057	-0.0154994996418705	-0.0104215363042509	-0.00876566166929769	-0.00191295273228248	0.00923062118762747
0.0118361941978736	-0.0172075040946318	-0.00845627664057966	-0.0177677869931712	-0.0142208626274951	-0.000779719402501541
0.0116630684099724	-0.00760017989223364	-0.0118985998658403	-0.0162190685998993	0.00548810934021821	0.015929227344941
0.0118748018581086	-0.014475731854895	-0.00755096010980439	0.00886625947673709	-0.0186700290828466	-0.00357270054264274
0.0117622701337709	-0.01374591146012	-0.0168245299242088	-0.00940732598607227	0.00416407394372032	0.00713652089418007
0.0116299424308688	-0.010991882995587	-0.0162957511902005	0.0106392428623117	-0.0181579239222044	0.00711127725569899
0.0116621096811813	-0.0102970609940741	-0.0217446132776204	-0.0085150401974307	-0.0133176769576153	-0.00289907281176248
0.0116843712164693	-0.0108995249126038	-0.0178328950447692	0.00244974738334554	0.00157990177257764	-0.000584139229278379
0.0119547272271457	-0.0180862144372197	-0.00547475543832078	-0.000536290820904877	6.31553759131136e-05	0.0113272776660501
0.0127036876724364	-0.0185174809406327	-0.00462220963269321	0.0216599267312352	-0.0106371422033736	0.0108406090864566
0.0116380920678242	-0.00799102036297447	-0.0185421173293727	-0.00460230539246703	-0.00926604984486591	-0.000212457392236404
0.0116826083807308	-0.0187429434439875	0.00424745193291499	0.00932968003997682	0.00958985540558827	4.17380429584258e-05
0.0133671961628212	-0.0307918925066563	0.0203256139869231	0.0187767197295355	-0.0177945936447372	0.000198773585152985
0.011611015019593	-0.00611723639399093	-0.00616578334414425	0.00109125634485313	0.0228945609113664	0.00734761077367301
0.0111253959116091	-0.00226187479530328	-0.00894849059822263	0.00953566351287454	0.0216773838378609	-0.00824047104263483
0.0130706460529293	-0.0107782666741685	-0.00152491510806808	-0.00848544612347545	-0.00724869235967337	0.00874142181397965
0.0117522540246389	-0.00190448697110311	-0.00809926884136205	-0.0156220595019878	0.0299385384022232	0.00184069266478589
0.0115561870172012	-0.00369160133886286	-0.0151463010984607	-0.0069868897976183	-0.00144778789173792	0.00825896581441622
0.0128483026343736	-0.0146938702388869	0.00499201864482012	0.00438145182613928	0.013962696831459	0.0137982451149633
0.0118761506263123	0.00912393528189092	-0.00187569668618496	-0.0037295139342047	2.20233010785244e-05	0.00400182626994025
0.012022830965815	0.00169700096130873	-0.00323395355146216	-0.00694010627319898	0.00223477804355152	0.00270417012873527
0.0124655420283095	0.00429831525988381	-0.00450873011337535	-0.0216109989368785	-0.00662103196960394	0.00343392770298877
0.0121962581482537	0.000524235982341802	-0.00318663986843504	0.000676453690613584	-0.00417907382012604	0.00464444107431908
0.0110989463997934	0.00696901730303811	0.0031365784415403	0.00953776559611936	0.0208540086697659	-0.0293318694166738
0.0119172028283228	0.00853372273338813	-0.00253079930980048	0.00940627159505232	0.0126679070019397	-0.00677379188753603
0.0120068691638184	0.00576324559016108	-0.00139793925340375	-0.00151398525167921	0.0198267464452791	0.00141775398508933
0.0119972909625995	0.00351826777497854	-0.00124051912656454	-0.00584787448385588	0.0271845842838718	0.00964237157657704
0.0119083267726455	-0.000165551234978677	0.00341398238113204	-0.0142288365407049	0.0281196335930907	0.0028412335574365
0.0122262642904435	0.00633666046586251	-0.00652142521318902	0.00909469620731078	-0.00854563883116349	-0.000575512111452751
0.0145615217764343	0.00199025722632459	0.00370934470528086	0.00578564210214822	-0.0055733445760189	0.00406803733784834
0.0125133054132746	0.000373623872772089	0.000570684872581162	-0.000179794182306463	-0.00688018927410786	0.000731241437421963
0.0114352499412407	0.00794063016930985	0.000784677142485044	0.00793996427036268	0.0196830282857597	-0.0201052510439663
0.0122092691326245	0.00659172173520233	0.00683214159755908	0.00577474133751326	-0.00149168148822478	0.00163079223690485
0.0122802194327926	0.0106525855899398	-0.00225405036651561	0.010239561552624	0.00124895230600449	-0.013692895064613
0.0125353809720559	0.0194552489938837	-0.00909218146716958	0.00519992623480416	-0.00254924460879696	0.0080667598113091
0.0120903520682874	0.00760061205001365	-0.000192607095546448	-0.0087238752690122	-0.0022000940463473	-0.0136592315596911
0.0125180328473521	0.0162277477079802	-0.00176142443594719	0.00671023540496254	0.00312471984504727	0.00499811202756071
0.0126942777791069	0.00323464115248824	0.00999753927883919	-0.0217370952352492	0.00460319054489087	0.000409659457047963
0.0116620858887041	-0.000312981003077657	0.0202314239643215	-0.015979533242025	0.0148467103242207	-0.018249929930226
0.0124446072214152	0.00967067292247658	0.00574375733464271	-0.00422060246887129	0.0274771061115982	0.00236598147281565
0.0124563898761278	0.00475267356470783	0.00724719485699337	-0.0131219396279889	0.00791672576789444	-0.0129604616674991
0.0127850703163337	0.0129073868149414	0.00511956409474195	-0.0115128011245613	-0.00351662845800298	0.0105739182927908
0.0122519442059207	0.01184721359086	0.0035082222744399	0.00495177058164145	0.0062642767581931	-0.0102778617168847
0.0117095280835778	0.00905454669448625	0.00517806763217884	0.0086040153123466	0.0165084810039581	-0.016987057354603
0.012855801234822	0.00893319617738284	0.00787312472556331	-0.00757388426640917	-0.00742680551226145	0.00360616888920716
0.0126544895509526	0.0055114458019003	0.00390885861379362	0.0106140505345027	0.00520729886352115	-0.00908160659046295
0.0126340482170107	0.00122885273842183	0.00149860555129909	0.0161510825940318	0.00795413920632146	0.00678075284226374
0.0123989690640882	0.00574282742971001	-0.00230259248097517	0.00344297094864977	-0.00185856010263319	0.00552304330548251
0.0126441421316551	0.0114699168373992	-0.00560110498552361	-0.0123561878065792	-0.00811847146647424	0.0123897061840786
0.0125201628038388	-0.0010162764702901	0.00802792101174544	-0.00131027841562394	-0.00144567603793331	-0.0117270501000772
0.0117887535890906	0.0115244343963427	-0.00257257911936861	-0.0125270351372681	0.019290507157338	-0.026810330860231
0.0120480439283336	0.00762751912755657	-0.00412111778880347	-0.00375680592735276	0.0144550090090694	-0.0119474798406988
0.0120003140295741	0.00884475327767274	0.000899957675243648	-0.0101946067079517	0.0073714693904119	-0.0104087475274602
0.012815149923258	-0.000958597084833086	0.0079988779849695	-0.00569647584425879	0.00486941782049513	-0.00303161238044098
0.0112691175038893	0.00526627261201302	0.00523243000750083	0.00789759245574802	0.0155582804175524	-0.0143509665583673
0.0118889866607341	0.0121335757419608	0.00596487393555686	-0.00982408544957753	0.0176455563616576	-0.0147030579984245
0.0116161867470935	0.0069860324826148	0.0111823050636662	-0.0173852084634631	0.0249258598579764	0.00386364562829837
0.0114121974873498	0.00501856016011319	0.0127321284929477	-0.0189602632855391	0.023493100695586	0.00370390766952611
0.0121568591998983	0.00878466541972936	0.00762685149160778	-0.00653373319256577	0.0055473794237476	-0.0176093370779094
0.0116748083477878	0.00132503964585582	0.024017542081892	-0.0212292140399238	0.0174050721405183	0.00266684017623354
0.0120943947265226	0.00354769747267711	-0.00245573158765484	0.0436542234548684	-0.0039413487912036	-0.0149387902816908
0.0119538624424272	0.00496911436625049	-0.00228899545683994	0.0429221559706327	-0.00339496933219104	-0.0243328171192084
0.0129303690154981	0.00105070885948287	0.0162479861193188	0.0118969641919446	-0.0215427822806041	-0.00604279217221353
0.0125642958234191	0.0039127580682377	0.0152415728151827	0.0056214371274236	-0.0109722104875428	-0.0204797564490262
0.0136064461398418	0.00157174995664772	0.0220871642627278	0.00190141192231658	-0.000304914137690613	0.0073771461994874
0.0146630866446369	-0.0132337732705862	0.0287337007643128	0.0110231054542534	-0.0121266612844446	0.00173993587007759
0.0131375815789521	-0.00196514073794391	0.0285828808389293	0.00520702089556702	0.00258791788734932	-0.0131297080342273
0.0139103165634079	-0.0247502275420395	0.0275126316736244	0.0188775451781037	-0.0291719513032974	-0.0283398521637405
0.0136922146437479	-0.0243059137208043	0.0274962662044945	0.01870542975389	-0.0280551846887848	-0.0298898192931505
0.0120460315145975	0.0176838565635914	0.00147334855461986	0.0184270216224349	0.00133111682569572	-0.00694367100427544
0.0124369696254065	0.0145544813546325	0.00242663347795826	0.0165604043727035	0.00964253927314343	0.00982637160721302
0.0121761932341511	0.0106338257282227	-0.00211236970194441	0.00639671990897779	0.000183195667722003	-0.013638041466763
0.0123653468059017	0.00747726663161767	0.00380190203853861	-0.00115004894594781	0.0137013254596209	0.00403244107679838
0.0121878968471918	0.00746570548180733	-0.00720775708592652	0.00132457332628635	0.000273749141309917	0.0151269084976164
0.0122712159170861	0.0112655357404683	-0.00921178850787654	0.00522341977891823	-0.0138414612889015	-0.0261149842661974
0.0122573315424131	0.012561123488182	-0.00986301051820711	0.000743756399750646	0.0137687430121757	0.0061881232983513
0.0132991529770041	-0.00331773106196919	0.000503547839685582	0.00106296784752576	0.0104609787252579	0.0256064491906601
0.0132650019534736	-0.0195699660080939	0.00622841562490846	0.0191820331964348	0.0172041032281675	0.024751359777187
0.0122960530234175	0.0074589597874448	-0.0137943835662131	0.00940885218152169	-0.00994969856961465	0.00752190590399584
0.0123014644631753	0.00952766620450541	-0.0152891866336487	0.00825519717345019	-0.010298243958774	0.00478365472058171
0.0122995879860695	-0.00153300577961242	-0.0211380232985404	-0.00210287188934132	0.00744655247050391	0.0215646408383505
0.0122445355542358	0.00179138524044399	-0.0157020026117075	-0.00460506773749576	0.00809283367175969	0.00600720145175071
0.0120871528980739	0.0015244586324663	-0.0149509030787191	-0.00418639457747524	0.00784311385341893	0.0133133024901553
0.0121574040830025	0.00691141890760533	-0.0187139943751141	-0.0254003775460618	0.00274618147685541	0.00805152441861069
0.0117030791304871	0.0044644828379868	-0.0152901246255976	-0.0221110663264449	0.00758680129896901	0.00898116440731325
0.0117954558606925	-0.00885735864025834	-0.00894313723149241	-0.0154589186799445	0.00579700187825118	0.00936720014468913
0.0114569355611971	-0.000464106238769181	-0.0213964968722827	-0.0221171271369225	0.00454574654092041	0.00177239634645014
0.0121966654994382	-0.00180416709519201	-0.0141783264786244	-0.00537256702443664	-0.00958067530938077	0.0251459841399277
0.0122752022227715	-0.013145444347128	0.0063527866904787	-0.0233272769392954	0.00856167589391987	0.0233992813937046
0.0116583001901394	-0.0081671227835865	-0.0148871554437345	-0.0111948232291545	0.0304426909068118	0.01106080210882
0.0116560549194179	-0.00434352778122138	-0.0244420940974236	-0.00838964817090977	0.00372679636137036	0.00637194633794286
0.0116946510534893	-0.0137203038594767	-0.0128967749929001	-0.0248820830459924	0.0306573115433417	0.016557155279124
0.01160652592071	-0.00959099507519932	-0.0151638326383539	-0.0195781322645887	0.0169685177501938	-0.0122693921418173
0.0136628725453254	-0.0273066205591464	0.0207008717030038	-0.00320282845624005	0.0126548524303816	0.00517714511970861
0.0144079969522499	-0.0328758858334437	0.0304437802541357	0.00898056590140672	0.00194263505223306	-0.00583138740165143
0.0135732951657986	-0.0148993896083296	0.0163940633078507	-0.0150857150335996	-0.00519160692664296	-0.0141983575250065
0.0117414833913364	0.00714434703374621	-0.00273168370291521	-0.00516386815409695	0.0126606137371817	0.00519470430786726
0.011657760559287	0.00648066409485257	-0.000307059215803834	-0.00750108290548082	0.0205322175664939	-0.00604470676048373
0.0124958160038545	0.00147205616407528	-0.00978267774037185	0.010701438490258	-0.00200726450836268	0.013919646940094
0.0139970800141035	-0.0203551538974417	0.0109786562975554	-0.00274651196632834	-0.0176851272387004	0.0109635385977235
0.0136730268711821	-0.0189805499598898	0.0124572555466798	-0.0125825433643259	0.008951712468223	0.0299251462906027
0.0119666566295044	0.000171247668499596	-0.00622920841999084	0.00506349154400094	-0.00204354928649158	0.00693643083271873
0.0117985474977628	0.00216660158922901	-0.0202968081515184	-0.00484145132434238	0.0115638759538408	0.00274168980847726
0.011658175156296	0.00440355936854719	-0.00967501704088266	0.00227134451992478	0.00426950577774957	0.025134042079274
0.0112980370169651	0.00392589252420624	-0.0144432972109175	0.000448376683255172	0.0109977374810739	0.00225320953642749
0.011865317492275	0.00217412876990096	-0.0145499493133124	0.00623346953149723	0.00941819797169506	-0.00540995029114334
0.0127568164159367	-0.0355348243237476	0.0181210227137706	0.0360538066518426	0.0214392220151683	0.000416034351555208
0.0130373027871004	-0.00800145172927089	0.00788462502302964	0.00491560778681179	-0.0139554149763804	0.00728800453487002
0.0125734435496389	-0.00670608501015718	-0.00546023399143132	0.000813939904306502	0.0126399650631008	0.0157947566832968
0.0137270678525181	-0.019138980606507	0.00841100030664679	-0.024918535077027	-0.00597077568188009	0.00765593691402532
0.0120516492862149	-0.00553678144668434	-0.00453729400986544	-0.0393751025977132	0.0175602110370347	0.0205643586561735
0.0114503108393186	-0.0105745847344711	0.00134990944685741	-0.0232386434353577	0.0459879101239036	0.0138335307195243
0.0113971747061934	-0.00431247166080147	-0.00303026088629361	-0.0191462316563466	0.0224905735689791	-0.0287109863020042
0.0133617249126463	-0.0151277655027068	0.0139410781938944	0.0042630784805764	-0.000956762061058799	-0.00329158115559232
0.0121338736988136	-0.000846530486901095	-0.00548695999153602	0.00926277341095299	0.0103845318672688	0.00998589531480996
0.0121060797118772	-0.000237581678902315	0.00330526957586222	0.000243226595632439	0.0170514903882382	0.0130855295627895
0.0116303662223827	0.00507203824373876	-0.00716673570161955	0.00651290115772303	0.0249639780064126	-0.0049395974655998
0.0122001139400744	-0.000156622175095167	0.00093170528482392	0.00095344635676477	0.0212270095290314	0.0146299179863899
0.012045984237054	0.00838204062301636	0.00129409809170121	0.00707498314630746	0.00108875909116463	-0.00443164116820618
0.0119205215369705	0.0094305231049168	-0.00431689137725745	-0.00695645748564504	0.00683696213193394	-0.00117800014148519
0.0122236905871845	-0.00137460107656683	0.0136598404936835	-0.0373360628763614	0.0280780845465912	-0.00326825116560953
0.0127853179850276	0.0131529364101214	-0.00524193472977202	-0.0188803463157185	0.000669792728609781	0.0244169696699039
0.0122867738100871	0.0147895397006734	-0.00257290201168402	-0.00303695639811247	0.0102706252842563	-0.00578910897484683
0.0120151005206658	0.0139839104263715	-0.00451587124354507	0.0166436989643668	0.00691487961117956	0.00778861553173619
0.0122745684080096	0.0133355805687239	-0.00214981933021721	0.0109529387078493	-0.0045978149978439	0.0218412247614631
0.0135547194293361	-0.0114225397930988	0.00305854579779375	0.0451262586172305	0.00226383731003239	-0.00138778478005152
0.0124570260840272	-0.00331154213192921	0.0288545214528968	0.00421110377501277	0.017416280976011	-0.00997501355683508
0.0114990390990385	-0.0126224576698781	0.0254729769325369	0.0441865329798774	0.038970979640636	0.00309264133187628
0.0130460208905797	0.00789678310619025	0.0134234867048821	0.00763031658711944	-0.0135991766095566	0.00337347800501874
0.0119724620232408	0.0123829598187766	0.00348661751015958	0.0105496497586516	0.00558535824070722	-0.0150680140636876
0.0124059637371236	0.0241933461670251	0.00119430611012003	0.015681481351743	-0.004470026552436	0.00286339714094842
0.0123663519572707	0.0198579720872347	0.00753633702123192	0.00304285072440874	0.000663909125806023	0.010475610537689
0.0127091545235969	0.0230181083188999	0.00517889044029446	0.00853880364431375	-0.0121184363763995	0.00779661376254677
0.0118528662421903	0.021383708860383	0.0109240099417284	0.00484259998762284	-0.0117645426045989	-0.0144859958253031
0.0119396304956771	0.0107637663982579	0.0193270533357633	0.00456839805390759	0.00755648308708069	-0.0105176073758879
0.013298267570691	-0.000731128600631506	0.021999100775307	-0.0123107331460272	-0.00366920128705574	0.00835526656443076
0.0123128823461489	0.0186875358474625	0.00180740632908147	0.0145270349323942	-0.0145792691081154	-0.00566723989353617
0.01269207608373	0.0144939076005918	0.00442153674687357	0.0117393250433324	-0.00258941617197485	0.00572789362379743
0.0121652579286023	0.0120348354680002	0.00461079410254534	0.00951980443092699	0.0163865513521186	-0.00336615576574057
0.0122649337580892	0.0190922740570825	0.00461577761823424	0.00959667646814187	0.0002129849113585	-0.00325664223674667
0.0120033382923789	-0.000585223588237666	-0.000885221123158786	0.0209663168685299	0.0241321955914364	-0.000922560940216846
0.0126966663850997	0.00516146248423851	-0.00889838251024134	0.00483419053603189	0.0104305032119272	0.0104827740506954
0.0126897418349187	0.00131895710325944	-0.00483855829197133	-0.0103624940434684	0.0278645522547561	-0.0003134022022025
0.0121592747945436	-0.00126790370964239	-0.0118663228318038	0.00355370628796429	0.0115582912608025	-9.48565166201836e-05
0.0129246201144918	-0.0186719498464044	0.000942136664069955	0.0130584571416004	0.0130223737765648	0.0144796171452297
0.0129871553913393	-0.0309973961981703	0.00164753601343713	0.0233727932679272	0.0309320366769889	0.018864252517246
0.0118084453442689	-0.00125688854153471	-0.0126211687458909	0.0093653837222324	-0.000711749217632472	0.0261937212968557
0.0115135098757446	-0.00791604459367786	-0.0148058694625219	0.014814147509572	-0.0189883385953081	0.00555188677149746
0.0118826580270492	-0.0227754937181912	-0.0146799661707574	0.0341604219839532	-0.0188123426176868	-0.00521854527738017
0.0128229562673472	-0.00451458512881433	-0.0070600777108698	0.0152994086874218	0.00691883759271489	-0.00874394876721299
0.0133465861170371	0.00268744984625514	-0.0145122608725959	0.00617495380417429	-0.00544925141534642	0.00513150915655684
0.0128795287847856	-0.0122176171691166	0.00049795837969777	0.0115000520871111	-0.0212718440043526	-0.0112658737771533
0.0131347248786603	0.000171988032458911	-0.0163335968758771	0.00585716545319217	-0.00771041573198776	-5.40568296057832e-05
0.0129657992591762	0.00779231940583932	-0.0203598382341567	-0.000274815049030308	-0.00417736327416989	0.0231121716349605
0.0123930139467284	-0.00849139116761845	-0.0153935261073859	0.0120444090368158	-0.00957398072788896	0.00574816722089844
0.0132900170053453	-0.00580981608263355	-0.0136298001480096	-0.00694547234405593	0.0143899103076097	0.0189039615261493
0.0135715220114022	-0.0197233478194089	-0.00224688536270382	0.00520550615148032	0.0117056236476974	0.0241014659024382
0.011781130060741	-0.00300455096628507	-0.00956707342809805	0.00489970865088748	-0.00672463913664726	0.0131869285790893
0.0113746944627166	0.00378215142619579	-0.0184450141583981	0.0132919193500135	0.000963485344459693	0.00351510903612003
0.0112430242839822	-0.00626934604401309	-0.0158189406536481	0.000142849534682304	0.00141330342284849	0.00120363548781598
0.0117676019050648	-0.0102084103790578	-0.0117124612446544	-0.00923703963302428	0.00416357355625282	-0.00705867291972345
0.0119398164077744	-0.0101082994706281	-0.00237514509505979	0.0115118655546241	-0.00374580790758329	-0.00362299884938299
0.0111758946494776	-0.00484906333082714	-0.0140649919952356	0.00265367346592679	0.0117717143795125	-0.00663042304797475
0.0127589949059623	-0.00934402785603472	0.00831833111131337	-0.000907747216393964	-0.0253646061125065	-0.00896980520904111
0.0123551799075351	0.000343322172979449	-0.00741759206187497	-0.00396997335357978	-0.016169126998734	-0.00583284116905838
0.0116307194205222	0.000239733441255369	-0.0153317171983681	0.00997918626116092	-0.0112689180907341	0.00355825983173089
0.0117072200755931	0.00276635698035742	-0.0106518052595215	0.00570089164797904	-0.00657013149730497	-0.00417903853622456
0.0119358712858221	-0.000292567290499363	-0.00992835245389368	0.0186070850600226	-0.00194800106676853	-0.00989641928959943
0.0115556481294781	0.00379798894422681	-0.0115648623828492	-0.000384656216729103	0.00203675707509327	-0.02847103917669
0.0128517338861174	-0.0012282022996744	0.00359469537448467	-0.00617664422263959	-0.00846269493399898	-0.00538479808927606
0.0123927028104951	0.00487152179916092	-0.000873581107133075	0.00989967081297975	0.00206992998720214	0.00397013681521523
0.0128515954403866	-0.014934109925221	0.0065405728240974	0.0133581352266214	0.0155175610165338	0.0139582251445213
0.0124240207675094	0.00771733759640436	-0.00058914178080315	-0.0130261002478941	-0.0106429167044108	0.0101029949533103
0.0118510207260465	0.00523965994050587	-0.00729557032118255	0.00836160921841742	0.0089199546860739	-0.0062674995723432
0.0117316250065157	0.00455665507321549	-0.00566463631635486	0.0113870857776161	0.00767244491545114	-0.00944917163484151
0.0114327981174369	0.00451557141212362	-0.00624249460738094	0.026241061503985	-0.00369660933997935	-0.0141417414904865
0.0128067324263516	-0.00649666462385038	0.00824234843396282	0.0023769408919001	-0.00990152290984109	0.00543906407780313
0.0124424306603763	0.00641839744484088	0.00203418058006239	0.00693011789788825	0.00460712818827072	0.00921537776932084
0.012601139092494	0.0104328899294329	0.00852424878574037	0.000408055004832275	0.00712991923396958	0.00315163571354737
0.0123497828302881	0.0197737992358786	-8.11141481615102e-05	-0.00187266963225589	-0.00263871305954529	0.00956325233326033
0.0117630704382774	0.0123510326470603	0.00219091059172262	-0.00202927872474512	0.0075659971839016	0.0108365272776844
0.0124838139888938	0.0111413149615128	0.00637161857859635	0.0167551940055194	-0.0038547285651268	-0.000801093107292746
0.0139392569818683	-0.00362304264088788	0.0173220004173057	-0.0110771271331495	-0.00693034564798428	0.0112484293829206
0.0140577358710044	-0.000616338005225028	0.0143924670819619	-0.0105986587603229	-0.0105823573267521	0.0138453315549812
0.0150586056270101	-0.0130726138271742	0.024982897344548	0.00550355755635729	-0.00748847286011503	0.00144573821807571
0.013016067484478	0.00580888759654468	0.0166344627296412	-0.0317647302093472	0.00239258952706001	0.002290493638272
0.0130734886186027	0.00479764095157391	0.0155519178096686	-0.0208615042909444	0.0165959372885348	-0.0118663670188753
0.0122188197011076	0.0116902943707956	-0.000881206012096463	0.0115606488992256	0.0018922837094691	8.31150334254264e-05
0.0125802745244722	0.0143100393228026	-0.00267979612499284	0.00825104842249293	0.00918796010659288	0.00535553440659667
0.0128924091729126	0.013962252972706	-0.00873296258045463	0.00283685592208228	0.000427042694601511	0.00392110479080369
0.0128517777965697	0.0109809163228788	-0.0103989506567167	0.00201143611063971	0.00177500496919125	0.0135144252766676
0.0125769342295038	0.00414823829162457	0.00214865688617797	-0.0262598555506197	0.00843665335471835	-0.0108897955368556
0.0122922919803081	0.0117225522662149	-0.00312039785982945	-0.00921290564080444	0.00413307553528939	0.00131414320803131
0.0117584777074606	0.00587684794718466	-0.00461717877620015	-0.000917082670703405	0.0218603373116254	-0.0234058027615448
0.011851711180899	0.00181891766531214	-0.0143716362676801	0.0138394481168447	-0.00135650692919839	-0.00755161989274672
0.012695191950792	-0.0174141980544516	0.00721471208990716	0.00899991864623728	0.00655924209559664	-0.00857350995948771
0.011534744119214	-0.000580580190238026	-0.00453257090898386	-0.00360183413151921	0.0104034828735235	-0.0207643077812272
0.0133511630293858	-0.0263064784194674	0.028971378428135	-0.00669297260961437	0.0114268465265541	-0.0113776809521093
0.0120655721547342	-0.00250141350798989	-0.00934392275155972	-0.0246850151519751	0.0215653369273618	-0.0206673854736315
0.0116943769604348	-0.00422586187179022	-0.00422799399129855	-0.0228338027420442	0.0278175486052194	-0.0183926822067814
0.0118404499233564	-0.00133627743867666	-0.01210598829902	-0.00085507379122051	0.00371775329760351	0.00738453143106062
0.0118346073946258	-0.00224415965191955	-0.0163173211660737	0.0019736815197128	-0.0024025071748722	-0.0104685468749828
0.0125063802381611	0.00175181246414309	-0.00785494737993528	-0.000907244582739875	-0.0135349675955891	0.000846268290558924
0.013108637311365	-0.0153353817785605	0.00375540683447001	0.00438018253324887	-0.0113261057502376	0.00545633404393194
0.0135196633352231	-0.0083999232847029	-0.00286734269929619	0.000218096821275593	-0.0157710689573743	0.00404884758526067
0.0122922752878316	-0.00808863299292895	-0.0106735140509713	0.0102607576455296	-0.00357303610002664	0.00127147291382289
0.0128541925321282	-0.0102722033539444	0.0173120224882241	-0.0100761473648478	-0.0113268420626085	-0.0100771681580145
0.0128541266896346	-0.0113917252813739	0.000168360388601454	0.011365282881697	0.00885819357114904	0.00557789966075752
0.011128180727021	-0.0037231304560117	-0.0111844479018999	0.00163549616893542	0.00165166616527333	-0.00458896605321605
0.0123372016984221	-0.00987581935287222	0.000284923610567017	-0.0233268468272275	0.0063889248433643	-0.011319582733293
0.0114763569062382	-0.0138473916943774	-0.00341811912301305	-0.0129887994840811	0.0351172968283501	-0.00322768722215846
0.0113038845220751	-0.00612023043916527	-0.0127136117411601	0.00270375496042486	0.0137928972120471	-0.0331833205977313
0.0126716328333102	-0.0172636477135843	-0.000376382568383259	-0.00587551570405777	-0.00420050083665163	0.0210433171667938
0.0135942342825707	-0.0329394039582377	0.00563317516848915	-0.014387189597813	0.0122873641352973	0.0269515205090098
0.0130149861914323	-0.0270730390566077	0.00968756956739699	-0.023197782491083	0.0114768390478407	0.0214922253142563
0.0128178973026497	-0.00391962623788452	-0.0174179955735036	0.0123895362474755	-0.0118904936771867	0.0101910092547358
0.013158266573528	-0.0279324469272168	0.00845442710153278	-0.00221575400652145	-0.00815813386629684	-0.00559833089165468
0.0121559226192844	-0.0121443610932496	-0.00625558944533508	-0.0268876618074774	0.00785362054860556	0.0086733068257948
0.0115995183112865	-0.0115483547299237	-0.0114957395000651	-0.0137579304485244	-0.000338836860942625	-0.00838349907486614
0.0113308427138775	-0.00998065402342366	-0.0130939742696315	0.00486951012047583	-0.000446037060969174	-0.00671273880361403
0.0118254024613376	-0.00555967680761929	-0.0136726172034351	-0.0220626180112907	0.0101021991881901	0.00228057645689798
0.0119010885172778	-0.0101996728936208	-0.00998327924865668	-0.0184746706242669	-0.0186552173011929	-0.0105567770324591
0.0117152337334648	-0.00613777954116491	-0.0014901780998224	-0.00329424881548112	-0.0171752275116143	-0.00321143274245304
0.0112700799451323	-0.0100909676990784	-0.00831231676728996	-0.00666230805706266	0.00594808203307717	-0.0328736308412889
0.0120264218545129	-0.00164042539399583	-0.01301565051201	6.2358888179097e-05	-0.00956048032250391	0.0104247613133059
0.0112425739706791	-0.00745299670984402	-0.00700025899266113	-0.00544267863873815	0.0129214478126764	-0.0160281280431522
0.0112814916609891	-0.00876271006551488	-0.00975339900424002	-0.011048201561822	0.0132042735282163	-0.0123154099051711
0.0111446574005794	-0.00286595250493682	-0.0108753471518793	0.0136502220482672	0.00515519091228823	0.00327144595498292
0.0113194350777012	-0.00188398893062909	-0.0132158302477441	0.0012843948842823	0.014533891214139	-0.0181467536304667
0.011706614735422	0.00208763356442787	-0.0112773900525797	-0.00319601933989186	-0.00522172006497708	0.00132663219731303
0.0120020814138565	-0.00202873207841518	-0.00461940740553167	0.00264340317987775	-0.00985562208203863	-0.00898434678807132
0.0120862057799943	0.00312253577048411	-0.0156130590460334	0.00895502075679453	-0.000410797624559018	-0.00258091563505722
0.0118596324083934	-0.00802693251912696	-0.000916212755859259	-0.00265059658711774	-0.00405918497478998	-0.016245009556746
0.0116889023027654	-0.00892407888616045	-0.00800858836058342	-0.00268444060535899	0.0133313929265237	-0.00965260480076578
0.0120879318153389	-0.00463220002808993	-0.0164165258541941	0.0185315809474965	-0.00646962592713509	0.00771905930944747
0.0118795643305911	-0.00799227058748472	-0.000758290315324098	-0.0275912141107129	0.0186390052217361	-0.00597610614970584
0.0116434216400607	-0.00770164356425731	-0.0134736590375959	-0.00570521062095236	-0.0029856744963074	-0.00872476153242327
0.0116991803321996	-0.0110141932606139	-0.0147895234054274	-0.0039751340981809	-0.00845239336740847	9.88501513032765e-05
0.0119203410766715	-0.00334362153544362	-0.013345068572568	-0.000587388219174297	-0.00494362823513961	-0.0068710350875724
0.0111794603686028	-0.0111052431415387	0.0061319262423015	-0.0285464269671521	0.0154527514180007	-0.0118662105416424
0.0131978284965296	-0.00754835582176674	0.0195720895034197	-0.0538455986276488	-0.0213720238957437	-0.0126372101907564
0.0123127155270823	-0.0050808648652484	-0.00362263502888972	-0.0226823590884427	-0.0083929404244751	-0.0180266704097069
0.0115844208219902	-0.00976499424943753	-0.00782596788718137	-0.0159759861879409	0.00949661418136152	-0.00659100223078289
0.0116571051221484	-0.00644895857338762	-0.0104640421522561	0.00129889630792575	-0.0208765837777175	0.00469762022518534
0.0110413937607474	-0.00978353528153792	-0.0178452967490792	-0.00192029962885501	0.00528772413007541	0.00527494199799704
0.0115281964250738	-0.0118353540432202	-0.000385377978711063	0.00455328535158097	-0.00348022799867076	-0.00805573539014994
0.011566149219284	-0.0111633722271905	-0.0133484062941749	0.00932886366419667	-0.0118728780851299	-0.00149458640250944
0.0116780760596407	-0.00872558513149024	-0.0196903608501769	0.0200210128116606	-0.00537306519109211	-0.00211332154150419
0.0119399572530684	-0.0184321505954894	-0.0196964751456955	0.00728990320441938	-0.00737973706096068	-0.015246382747714
0.0120183276211082	-0.0188274312400638	-0.00900698479599013	-0.00481120163654461	-0.00141875385545986	-0.00585122491161301
0.0108226205660309	-0.0141703755985929	-0.0137845837569849	0.0012544006552811	0.0190962412316394	-0.00332372391697049
0.0124546147863441	-0.0180470416937886	-0.00565552353963788	-0.00892401342610207	-0.0064399248120129	0.00840786470196037
0.0130056878631505	-0.0332225972412948	0.00314791158664797	0.018284399207319	-0.000343330208291556	0.0302063426393476
0.0130364912756515	-0.0303755250721753	0.00195544562278176	0.0099901510661053	-0.00666590495246806	0.0332406786548927
0.0113185382678613	-0.0113665394088243	-0.0166798515035982	0.00812984636951555	0.00695245380479962	-0.0218967448170844
0.0131726479858797	-0.0193439329894071	0.00770062592366002	-0.00569440841547004	-0.031610959707095	0.0051518649777304
0.0116411223738117	-0.0123423346062512	-0.00628248173142587	-0.0149201594410781	0.00711020136747401	-0.013878657555605
0.013098015513384	-0.0151984704091314	0.00304116536827111	-0.00881790638667433	-0.0141488616297518	0.00485571235646278
0.0130725199723199	-0.0260827561091931	0.0164215192748642	-0.0113997774932753	0.00260498580709775	0.00675755715546376
0.0117593204775055	0.00196326621946132	-0.0110497107009923	0.00813246117891696	-0.000912545376434616	0.0109813723541896
0.0111223760229927	-0.0103520737610297	-0.00776656940087865	-0.00291329995347542	0.0198198241913312	-0.00310244402183315
0.0114996784800308	-0.00486189456911537	-0.013140565256767	0.000872315150494676	-0.0179935722296821	-0.0176452662467178
0.0137491850696178	-0.0215968293525348	0.00909120092990575	0.0124304515563019	-0.00836434930268115	0.00985429967788533
0.0116233410612293	-0.00582394702804677	-0.0153590557725277	0.00130567362400175	0.0232251986067214	-0.0087305391411989
0.0113007769969966	-0.00672634724564261	-0.0104445843855501	-0.00361634897149641	0.0164597572781883	-0.0127729560427269
0.0117233754008395	-0.00453348268330433	-0.0187135257260557	-3.91162283068821e-05	0.00144745805644737	0.00688292076421377
0.0110911476233877	-0.00682304956996657	-0.0103222186420992	0.00472387692946835	0.0104179901976595	0.00202336982381429
0.0114748464376304	-0.0109994622181072	-0.0105805195912128	-0.0100975993034674	0.00949297085439717	-0.00409782287067365
0.0133067498134819	-0.0184702064436477	-0.0054565967970531	0.00520765977094458	-0.00382766767206353	0.0203612316527944
0.0127888971845252	-0.0270573472252831	0.00579021986060676	-0.00975141848694517	-0.0162934900446418	0.0115913971091954
0.01120588215576	-0.00695897758508559	-0.0161610844104165	0.00069660403939152	0.00970228281063611	-0.0076634178914465
0.0118095119905779	-0.010644389215415	-0.00944927144984609	-0.0136089137789161	-0.00651675587282619	5.71023689016686e-05
0.0117549495025799	-0.00278962455896015	-0.0179291345131241	0.00350966255078938	-0.00578322596123622	0.006899409515901
0.0110311414711063	-0.00917642131929456	-0.0180807834645051	0.00322189367329859	-0.00219375823454699	-0.0125212291335314
0.0112244006282416	-0.0102263417918677	-0.0108875696416761	-0.00221779292889215	0.0104171175343526	-0.0205025527911663
0.0115393214932195	0.00208826607355685	-0.00825447941918084	0.0126312327512916	0.011708586864638	-0.00731885857371562
0.0120224523138368	0.00180460676136084	-0.0204322361357098	0.0068535911645982	0.00595854779799506	-0.00718939117879372
0.0118798348107652	0.00122044165185273	-0.0174151947899079	-0.00129438779630065	0.00623399137542205	-0.00621876678039227
0.011531440692125	-0.00539509418247148	-0.0136752092632593	0.0134958295000319	0.00997637703229809	-0.0172983963207515
0.0115574927823701	-0.00515055779856226	-0.0103680968410298	-0.0185035607059454	-0.00856759024230022	-0.0178685645296281
0.0113739761708252	0.00316025528621736	-0.0105176319986797	0.000380016678993361	-0.00194425038204562	0.000394003075604616
0.0120658226571514	-0.00609238591532649	-0.0026248876910899	-0.003672788156115	0.0119894190813314	-0.0163889950664517
0.0119570295123121	-0.0138513380970414	0.00293077878658207	0.00643737931854978	0.00945651812799118	0.00406137315512222
0.0125753322987663	-0.00849626652337379	0.0133841918195224	-0.00744835744048291	-0.0138388926696083	-0.0135645049413905
0.01202018193262	0.00547797884437752	-0.0104659207970692	0.0109360415102273	-0.00530378780540229	-0.0148252735462635
0.0114434367521999	0.00216835325288203	-0.00356621459516776	0.0175819058181593	0.0157994868108232	-0.000592262243042455
0.0112480755190732	0.00493565157178966	-0.00949209213382428	0.0081396795181136	0.0101936249942315	-0.00570610258543287
0.0123129811349871	-0.00140018973110522	-0.00948499314393997	0.0335837837428033	-0.00543988256792283	-0.00196707900553878
0.01172014880904	0.00956081109987768	-0.00890687152075195	0.0212620255953851	-0.00582627036385897	-0.00664656443291989
0.0120256606212438	-0.0022254122226202	-0.00162557152909116	0.0113580306322948	0.0215013636838895	0.0070749183224968
0.0121352294462844	0.00684423287907908	-0.00659357252357901	-0.00539203375882883	0.0124812827310009	-0.00277112814069535
0.0126530229294265	0.00150426301355975	-0.00351221431282239	0.00282055509088862	0.000343355740219637	0.0163017649300556
0.0123106232254267	0.00748122691806702	-0.00257365789923228	0.0079904683698039	0.00824650268921176	0.0166264453815641
0.0117958152121526	0.0164955954550052	-0.0119970731811417	0.00584796319702603	-0.00218009262446795	-0.0174198466933671
0.0107316437833099	0.00377597373802062	0.00558601600725844	0.00256320265350302	0.0287841670147645	-0.0175350518414297
0.0119383074406834	0.00488743491825987	0.00865918441530339	0.00450747304004747	0.0151148432036442	-0.00757332493272846
0.0131817245938475	0.00368766845154004	0.0142893083238297	-0.0113500671073997	-0.0166184190984083	5.71693468820996e-05
0.0121265647960704	0.00705667019981538	0.0162631285332542	-0.00809880369990384	-0.00264167683089433	-0.0115745162076642
0.0120714842486737	0.00859819524540649	0.00278672391807645	0.00357613744821602	-0.00564062151985521	-0.0132298390284879
0.0126044181952297	0.00621831179381901	0.0127829403738248	0.00792863491193669	0.000826682169591028	0.011340977243096
0.0120921727843338	0.0109979217749114	0.00505501652713597	0.00932255555664244	-0.00565449336577955	-0.0131702462449833
0.0120196667576909	0.0139701730616154	0.00697768349612407	0.00166715752398218	0.00561682263734154	0.00668813943441894
0.0122661927620671	0.0160403859448554	0.00502266480522918	-0.000495786273059327	0.0187800342980214	-0.000465368146406629
0.0143259612640356	-0.0053640600040276	0.0171688409776489	0.00290869398241574	-0.00879159728454449	0.019244469300977
0.0142402310344386	-0.0012760175976892	0.0126070620333182	0.00377937972480527	-0.00539664388150357	0.0246333712249424
0.0141002532279445	-0.0327108646619141	0.0426143061206125	0.00936185752304376	0.00270314220696719	-0.00824780673176376
0.0125039037632367	0.00945413757799466	-0.00576356452586334	0.00886055029893787	-0.0050614934315436	0.0133988277213738
0.013455712235903	0.00422741995142391	0.00542372012316353	0.0179873710004516	-0.00395198823128917	0.00885460241049046
0.0122194735058632	0.0109903934560984	-0.00230046262361835	0.00238717188330637	-0.00203127008430554	0.000984347708812601
0.0122894638330989	0.00808954665888225	-0.000687885751334375	0.0152026597670743	0.00452267835292407	0.00783744856282454
0.0126139291412819	-0.00134231224435629	0.00742934283383324	-0.0338158141045361	0.0261476621253977	0.011222045407751
0.0119138056623427	0.00559409635346202	-0.00374949038363197	0.00742672993016472	0.000259195218754059	-0.0214370984137841
0.0112095807070678	0.00399844136034457	-0.0019276670553436	0.0152370018344204	0.0281598914975731	-0.0153566082165443
0.0125126867051747	0.0114234888303882	-0.00459810304544648	-0.00123374578304672	-0.0012586515737363	0.00564322260346077
0.0125505992620963	0.00617988565037421	-0.00670205416234596	0.0114410847067992	-0.000345202883544522	-0.00361344713400732
0.0113481892520073	-0.000174072324100401	-0.00474202033279404	-0.00300430821763228	0.0267415494776762	-0.0123803434723929
0.0113453320767601	0.000830503163138543	-0.00618741667339772	0.0141196936665681	0.0104402502889665	-0.010850368113296
0.0117733523926558	0.0101452229494738	-0.00960328007245864	-0.00979121737609878	0.000481172719326239	0.00963596210012841
0.0114105085892704	-0.000598976134485287	-0.0105886013799516	0.0164757393681658	0.0153530731050936	0.0140686976787079
0.0117000957551046	-0.000507514282102176	-0.0116473936321799	-0.0104176061716692	-0.00802245340507707	0.0111586189431291
0.0113157548693771	-0.00310347617911404	-0.0104203512046992	0.00570744631755743	0.0122935837162309	-0.00949563444002345
0.0114893363899486	-0.00106350724371326	-0.0130722910098989	0.00721096028942104	0.00548867907147678	-0.00705999644827754
0.0118194965919274	0.00302228469667696	-0.0172468149647427	0.00027759592046695	0.00394988247750528	-0.0139384095347198
0.0115976581322345	-0.00193637187641152	-0.0190032237448238	-0.00159886398304627	-0.00222260492010037	-0.0164337214267688
0.0113920259731013	-0.00218141708979153	-0.0153011788869985	0.00045194924227362	0.0131244750582124	-0.0137580799128406
0.0124739993823278	-0.0181503677061395	0.00716731933108653	0.00142562666711733	0.00131294684613145	0.0019791050610728
0.0115662460476511	-0.00248659656681454	-0.0234856182655339	0.0246172739892569	-0.000233945790618144	-0.00220109216167202
0.0116832746751465	-0.00536053124527836	-0.0180022808250815	-0.00730460963809353	-0.00697607331138946	-0.0167687334262409
0.0122180183132933	-0.00696138994780286	-0.0102912096080566	-0.000873536317473046	-0.00860252570878657	0.0145536308163815
0.0117406170653307	-0.00513710088088342	-0.0167006872857126	0.00350244858910518	0.00323314191665072	0.00510318150505599
0.01194598098824	-0.0145414136961123	0.00110775775067151	-0.0222507947780348	-0.00773513004069561	0.00562871059600617
0.0117419428646177	-0.0261800246637003	0.0135379586083754	0.0197278993644892	-0.0168819656252529	-0.00554117176046253
0.0115930059687987	-0.00438954758491346	-0.0159134672439581	-0.0229551669065243	-0.0105484504852561	-0.0260122211383577
0.0110821450446597	-0.0133475531459216	-0.0166197173645261	0.00864793698163389	0.0109414638581188	0.00827968301598907
0.0125286708290248	-0.0178066938988885	-0.00187974304235551	-0.00880397451204132	-0.00999001477759022	0.00423076727810186
0.01243826978397	-0.0129522240962694	-0.00788448556168441	-0.00935288235600154	0.00138752851150343	0.0124999791376719
0.0119988384857361	-0.0130790118572351	-0.00622698150613988	-0.0126915785151613	0.0130417275603898	0.0134782175753315
0.0120635913814801	-0.00666107983808003	-0.0188160373275186	-0.0025029571420556	-0.0077027748155665	0.0056092471377582
0.0117205638031643	-6.22676451703949e-05	-0.0185289475686891	-0.00360961054774616	-0.0150004874338182	0.00350801033725596
0.0117650319919924	-0.00297117740819863	-0.0139154637613849	-7.32013178423806e-05	0.000165169552481055	0.0109666634043589
0.0123080765832446	0.00197634677763599	-0.00506826687678102	-0.00589524247097987	0.0128044306471681	0.0114347519207022
0.0124083317360862	0.00653712012391954	-0.00949776710136604	-0.00573345676275698	-0.00566229075628199	0.00897867521232468
0.0119221159366305	-0.000418394373508286	-0.00861231775857785	0.00450149144998091	0.00280478930196163	-0.00125630549179873
0.0120433894723864	0.00139967686581806	-0.00662879411626201	-0.0026541466883164	0.00823383816967621	-0.00241912648935158
0.0126266612546973	0.00551148100726728	-0.0104162368729798	-0.00393566176383241	-0.00601583555018432	0.0117715361069697
0.0123438614553162	0.00704595593750513	-0.0134477359984114	-0.00457059184317865	-0.00710530293904921	0.00885774861967573
0.0117943364625033	0.00749341358412859	-0.0124071670798053	0.000931458824212121	-0.00504017252623645	-0.00179237490537768
0.0117430453972528	0.00416535350679335	-0.011918760218828	0.00572009989253924	0.00651205628620316	-0.000929933487785179
0.011994456597396	-0.00248904511003727	-0.00456746361672964	0.000952452425021211	0.0172474535463836	0.00530214169316446
0.012172909620571	0.000671810244879638	-0.00690840707072644	-0.00446499205392056	0.0181719389950372	0.018258533417098
0.0120181225359526	-0.000252746705957129	0.00657059855324566	-0.0345151870156711	0.0277393782936762	0.0140617824673086
0.0131284167854337	-0.00550570175509867	0.0015121051751086	-0.00465016170809626	0.00627759819518194	0.0181244209408015
0.0128271094831568	0.00087751149039332	0.00351976200716934	-0.0120228844351127	0.00520592032122302	0.0104409179078123
0.0117613378944939	0.00235937401413868	0.0039323428185441	0.000601237520083633	0.0237047157414644	-0.0141863756030975
0.0129853391335343	-0.0159086916654428	0.0199758043490898	0.0110521248438018	-0.00446317533060326	-0.0109881555781734
0.0127963915476262	-0.000926452487928297	0.0129512445832304	-0.0092299417682775	-0.00801937957159768	0.0109445250722139
0.0134642288205155	-0.012537502993556	0.0159045723407716	0.00158428445605639	0.0119726485002893	0.0107927260398605
0.0115558844798088	0.012204263693099	0.000254091248930199	0.00870889703629075	0.017713414734971	-0.0159209541401972
0.0118684314748696	0.0150181809126905	-0.00776126619270495	0.00210276721976168	0.00108006747184001	0.00964682642988325
0.0120182064068833	0.0106724462379974	-0.0055668935815976	-0.000157709489612157	0.0241402632853366	-0.00835620666363848
0.0124424771002954	0.0137112242968379	-0.00183597515559559	-0.00850143423123467	0.0163436633253251	-0.0148839388220018
0.0122364365903389	0.0087501158240273	-0.0060010661961502	0.00534130236520536	-0.00238888466981589	0.00199130718438768
0.0113479391228839	-0.00256502350108611	0.0189416303446827	-0.0225889516865017	0.00258100454556349	-0.0313918390401593
0.0128346332674985	-0.00446203753284269	0.0310352324471797	-0.0129644264257129	0.0042021423065435	-0.00906948909387958
0.0122858699553706	0.0057754126723448	0.0149548459801479	-0.00358441888535666	0.0102588454248633	-0.0192292665020512
0.0127834458559499	0.0129663409166461	0.00973262558678424	0.0101097294961105	-0.0272663458105167	-0.024264988921111
0.0127517420608237	0.0186810749118295	0.00363474012813802	-0.00393172303183843	-0.00021742377627779	-0.00782307187544626
0.0120092827630386	0.0129867520284901	0.00870926598083391	0.00189348034268824	0.00564125594750231	-0.00718914594642431
0.0131886218565827	-0.0168838239354493	0.0273879382287743	0.0166137648623434	0.0500067852630412	0.0310967476423009
0.0122861510915643	0.0216642871868332	0.0112971704639742	0.0144821025571871	-0.00349161795525017	0.0234486309434764
0.0124981299681656	0.0252603529095053	0.0050962573935502	0.00480534624854425	-0.0120385244577978	0.00257317600383269
0.0124802658970342	0.0214910309416161	0.00711637977173082	-0.0024327887685991	-0.0115178808610202	0.0162340691493385
0.0122391889120775	0.019216605008659	0.0117491381252469	0.00284209384842188	-0.0083706141110831	-0.0138396052334115
0.0121089136290529	0.0150638287804555	0.00419594514603876	0.0153784854918372	0.000190793003239147	-0.00799080114206713
0.0128889019084504	0.0127914984324355	0.0057428221329463	0.00180764907205779	0.0101546599839275	0.000938060802039645
0.012240508061023	0.0177767400978309	0.00169415521737077	-0.00116369100852559	0.015939078004324	0.000528006226859998
0.0148651603949161	-0.0116771551574547	0.0238516183181203	0.0119635393081055	-0.0257975366128377	0.00201438937851347
0.0136119808952223	-0.00405946414503687	0.0187541461102879	0.0158206203645643	0.00328514317921903	0.000898240479882545
0.0120745096795356	0.0156209861784385	0.000985671326640956	0.0107752550020688	0.00775678147162881	-0.0203076981491601
0.0122990809877152	0.0144061065086177	-0.00186092266124537	0.00248167465258484	0.000874928441177582	0.00830746677796093
0.0118499477585682	0.0139176642455584	-0.00211434376774347	-0.00469473973062273	0.0134706416049852	-0.0114721775063065
0.0109880026509137	-0.00143981991002251	0.0694879222479654	-0.0239923137142674	0.019001577054652	-0.0586991208913997
0.0147981183145577	-0.0241219354268914	0.0152590402610865	-0.000791391342591895	0.00499872397107686	0.00270457641349289
0.0137578265945407	-0.023658882531217	0.0192397159533933	0.0304892149042234	0.0138488300993837	0.00311553696754441
0.0129479910138631	-0.00383149957592233	-0.00555586514886638	-0.00864325882632736	-0.00468763700388781	0.00795307540051994
0.0116443285091639	-0.00611888207060027	-0.00813689869603933	-0.0140259327940983	0.00481432389100167	-0.00537705280255558
0.0131379415619705	-0.034878561867772	0.0163299707001269	0.00535368454874146	-0.00852723408143799	-0.00279212118877797
0.0133486666149104	-0.00837013631952853	-0.00524237101730432	0.00035461878592625	-0.0102783097527819	0.0296879759900697
0.0131944432294194	-0.00948338598025597	-0.00158454997181471	-0.00145736110139338	-0.00925430251328061	0.0399498960177383
0.0133089401399358	-0.0116052424478146	0.0194007653184913	-0.0026721703968858	-0.0193864530026352	-0.0130490958646856
0.0119378160634876	0.000647812644536052	-0.022360632811153	0.00451947909124204	-0.00606653594929471	0.00360063085661651
0.0111594324932046	-0.00795436094577589	-0.00964537218699952	-0.00648573265896484	0.0150669262003403	-0.0153002235299025
0.0120887620476796	-0.00243806667804498	-0.00696942710274251	-0.0133198931050303	-0.00289312549139468	-0.00431605150448956
0.0110210229030439	-0.00837975218300749	-0.00193693616615267	-0.00396918562559938	-0.00303145303378895	-0.0125150714565201
0.0155053438423113	-0.0275892287661712	0.0228702006787484	0.0179524614289083	-0.00567792202125099	0.0139067005730152
0.0150775273485191	-0.0249350356036854	0.0187213000028711	0.0101487220909218	-0.0115308189230508	0.0039534208078304
0.0117604874913906	-0.000545810863734615	-0.0105884322291932	0.000626103210887104	-0.00322274768784677	0.00481523341440071
0.0114715214307713	-0.00862894765105586	-0.00957480566041447	-0.0104087671470756	-0.00780001788538238	0.0153108541220314
0.0116050922361402	-0.00274779613717224	-0.00994499969274057	-0.0123282037627168	0.0031613618849156	0.014388412804289
0.0116734250810828	-0.000130090831260485	-0.0189479277582006	-0.0106127870672562	0.0155113108650811	0.00959345068595203
0.0114653559633885	-0.00261224347141587	-0.0147939915289851	-0.0215802639541627	0.0246261733220173	-0.00124257029322785
0.0118017357557125	-0.0013473784586458	-0.00316831862333552	-0.00427265154377972	0.0120491815647793	0.0104572266056689
0.0114673421881432	0.00523882329188151	-0.0133699622141515	-0.00693775348705786	0.0183587541269557	-0.00655882954652581
0.0117629670734678	-0.00188831820296103	-0.00369621984312934	0.00402145667095154	0.0179223870018868	-0.00513867988726433
0.0121686280602648	-0.00505657281394017	-0.00847471544175983	0.00284470401969454	0.00600857620990556	0.00344311669490982
0.0122132369523049	-0.00242717979847808	-0.0116387353422436	-0.000882125255836144	-0.00354591484434754	0.00642634237044294
0.0119637589355676	0.000886436684282434	0.000301820059818516	-0.0309175294274583	0.00393903819785021	0.00524656138132678
0.0136823218626666	-0.0217544485946908	0.0164791727811346	-0.0233672092455373	-0.00520700763025079	-0.00867474085041689
0.0137089073251202	-0.0251457761710426	0.0185755622071774	-0.0200231859790966	-0.00611574475544977	-0.0166193646369101
0.012385392614346	-0.00729255314252461	0.00446282153004584	-0.00380168094704776	0.0176560221378	0.0249059931838745
0.0126268345765303	-0.0157442308933064	0.00679695985465121	-0.0013293633083617	0.0235369604400301	0.0234075798820902
0.0115191573531982	0.000582258581289329	0.00365574039294	-0.00808462444901125	0.0178428633522005	0.00614055607674878
0.0134071211318501	-0.00941008674046143	0.0142310456373277	-0.0120503045641993	-0.00579682499023617	0.00808865788208382
0.0125987588909767	0.00480906152870938	0.000286769818628507	0.000425141979584914	-0.00428304981414893	-0.00228709258894003
0.0121231615000223	0.00471558449612843	-0.00195102602099029	-0.00453090005380526	-0.00741534360098569	-0.00263920593330179
0.0119484321947302	0.00895755849415056	-0.0044610714142535	-0.00183496014988965	0.016316787341072	0.00306264828761349
0.0126691661761248	0.01660712965212	-0.00335731859737257	0.0111122477731461	-0.00413428382757811	0.00331187382525381
0.0124242287178299	0.00923115787019198	-0.0075952039744073	0.00251948784453039	-0.00918645421324626	0.00320963910671305
0.0121676295481311	0.00614720327682967	0.00805580410725735	0.00208071791875163	0.014822394741089	-0.0103538675845259
0.0148225006622715	-0.0223237270258301	0.0420169094182204	0.00555334572042441	-0.0184461414510919	-0.0172377640220443
0.0153901427006868	-0.0230504647821337	0.0395313705441092	-0.00193650919735891	-0.0154902822322561	-0.0133627011993163
0.0124797897630122	0.0177001633977404	0.00759618652003308	-0.00536524884225788	0.00467855236181338	0.00284724723206869
0.0124108746769081	0.0150473132759832	0.00782520229272735	-0.0019848577638579	0.00983990786751556	-0.00138503781314072
0.0123677594665613	0.0172544153407133	0.00668443789837192	0.0023388097744296	0.00545941843787088	0.0254134377862355
0.0118565674774501	0.0158554080204407	0.011592317377796	0.00954739777177813	-0.00212278126413404	0.000125475766745198
0.0128690875072972	0.010174491281565	0.00779222543728457	0.00158086075771077	-0.0116849635018559	0.00296006624122673
0.013555332056837	0.00623957152795454	0.00888640406288196	-0.00422296144273027	0.00224643224656025	0.0174002955222011
0.0144832670837206	-0.0218082195561843	0.0259049017348137	-0.024808450124982	0.010084991861143	0.0202757010981709
0.0113163935080495	-0.00493172104786447	0.0113136697509813	-0.00310062857116634	0.0134186373024576	-0.000259134338199583
0.0130747222397283	-0.0171075122115341	0.025024293995813	0.00847424098516121	0.0177045255570439	0.00196246534474049
0.0138961870379432	-0.0139570434391714	0.0194152753282685	0.00307266693083107	0.0143723164562268	0.00641258372767141
0.012405847394513	0.00850830540682314	0.00168586619880468	-0.000321998769859393	-0.00276664612417723	0.0142188954517991
0.0115441050468078	0.00111336266621104	0.0044812791377674	-0.0100286027830514	0.022936615691218	-0.00586866785277457
0.0123640464206567	0.0147558310942496	-0.00274734375054283	-0.0126794876516526	0.0167986617956596	0.0130758008120072
0.0122049178515184	0.0124272268346265	-0.00415343654235104	0.00380092923816368	-0.00101907965204061	-7.78007068331458e-05
0.0118605382386186	0.00565043622106753	-0.00341681023763686	0.00755803991990239	0.0125268961917812	-0.0132440419954401
0.0123012223538647	0.0112953172237983	-0.00267445991087612	-0.00421006872204945	-0.00440681942326062	-0.00494363602084059
0.0121730761483879	0.0115685909225452	0.00246657642700117	0.0131802770693856	-0.000219809834519183	0.00573799207590106
0.0129732949215603	0.0194067011637512	-0.00262398741967686	-0.0132577752594861	-0.0252491872898125	0.0110828761918616
0.0126150337465941	0.014722637044813	-0.000571943938184485	0.00310774958208127	0.00160860274975655	-0.00582863748555009
0.012094374885568	0.0141984761362031	7.56817550479497e-05	0.0113270063646438	-0.00474563631886594	-0.0120249881321838
0.0139663165755784	-0.00481734121712381	0.0104448625615801	0.0240710237085132	0.0135445374381766	0.0320208325361645
0.0121544467548365	0.0210950513497884	0.00357589192493369	0.00520398232882538	-0.00552042849597488	-0.0149716956482658
0.0123845294214158	0.0175885912233186	0.000688293791006355	0.00450517190121642	0.0012596956909713	0.00343502494278599
0.0129978173669862	0.0113742798424657	0.00624507399406887	0.0355654432759681	0.0168097172011549	0.0120541972302165
0.0127204116122277	0.0114327327631941	0.0145352397272249	0.00868762053068304	-0.00344442446102942	0.01533831965826
0.0126199306286852	0.00805149834454118	0.0181190973462855	0.017353314786951	0.0149653973044224	0.00295187054902398
0.0127046892624058	0.0224425152279256	0.0140919871449053	0.00480614929600194	-0.0158888528901196	-0.00579600253010036
0.0124073737245658	0.019997584214997	0.0182039236308164	0.0053251031407518	-0.0119121433717742	-0.0122450070485422
0.0128941023148876	0.00781528413283438	0.020287396286596	0.0199837278356868	0.00138624620436574	-0.00220706788066993
0.0128746072661415	0.0213645938562915	0.0085496347175482	0.0201118203102969	-0.0112084420151551	0.011926289966999
0.0116194509718981	0.0153912165790843	0.00764799949483205	0.0167005744872461	0.00826240065103169	-0.036500186354954
0.0131290042511423	-0.0129755225067643	0.0254934099826991	0.0132989738424302	1.19163326201318e-05	-0.0161438236127041
0.0122967077227858	-0.00121302766059172	0.0175975705121335	-0.0146019715850942	0.00691718695283644	-0.00355476813079047
0.0132457432361013	0.00346166443271869	0.00937419955844861	-0.0111053581217567	0.0213011865474538	-0.0116354075834921
0.0131069724389887	0.00525198892874165	0.00081289962898049	0.00523046987285816	-0.0014412202589496	0.0136458841841966
0.0129917495432953	0.00413449147400735	0.00229624260139506	0.00350709173515109	-0.00899380701243175	0.0102204692009355
0.0125368468036497	0.00573420252929339	0.0033299023372521	0.00496166248211259	0.00457160613546468	-0.000702309771145019
0.0136898076109533	-0.0243543909036592	0.0325705418336885	0.0127270855348769	-0.012018344396334	-0.0120604372029991
0.0132459609092853	-0.0238041234193983	0.0224427198275448	0.0125250649460829	-0.00858574277074227	0.00391005575620351
0.0137026444492276	-0.00839280002289332	0.00977099027114969	-0.0137359274531027	-0.00139823364498004	0.00910310716127086
0.0118409465988716	0.00180617264918144	-0.00810020586123336	-0.00353327553612792	0.0198564822672431	0.0100748303768974
0.011426037593894	0.00244343229700967	-0.00148799378423925	-0.0111650657246039	0.0141756148599073	0.00244931697954929
0.0124635287612107	-0.00153879707220587	0.00152085388946223	0.00984511049545569	-0.00123685134972887	0.000575877435466365
0.011775889605968	0.00118776257154479	-0.011122322121475	0.00918067445441127	-0.00325366834853297	-0.00857654625449865
0.0122665110184842	0.00228105527301117	-0.00816965193940328	0.0112307782236313	-0.00311321186325548	-0.00840509140239033
0.0117702043729776	0.00196886539431755	-0.00350948409756891	0.00192845349254078	-0.00638357402873554	-0.0130039752656758
0.011652535487166	0.0060872435578519	-0.0129779541096882	0.00470966154166209	-0.00595286159106355	0.00700149220617712
0.0121725396478763	0.00622561832175463	-0.00535649580925575	-0.00117128380768655	-0.00625258865457494	0.00735992013088436
0.0124896800126806	0.008549000285839	-0.00364706817815215	0.00239874620356773	-0.00494616690617615	-6.30173971951566e-05
0.0121018797639928	0.00721691720835555	-0.00644877681858815	0.0055253368526697	-0.00260015608557456	0.00175145826109459
0.0144080294791471	-0.0238824710675217	0.0228919929606606	-0.00638588968047013	0.00162592747630056	0.00770038240849398
0.0133328823568552	-0.019562731678208	0.00189674051572752	0.0145015017766203	0.0328087534717764	0.0300519662559239
0.0116807450400838	0.0115074201286013	0.00263572198912056	0.00689519122289004	-0.00232732948676247	-0.000653193535915121
0.0144069311336689	-0.0166464902469337	0.0200478644669258	0.000176136027275815	-0.00510466072505901	-0.00443596748495364
0.0120234959258503	0.0191101954687717	0.00793904255964469	0.0106402208979411	0.010998348933318	-0.0065952455808392
0.0132312270765467	0.0199032210834221	0.0086537324096416	0.00711226617220994	-0.0123174635583946	0.00836770779440966
0.0123779597963487	0.0153371135200533	0.014449543699957	0.00267578672102982	0.00401440488421642	-0.00986290911512539
0.0120722949537337	0.0212591710618836	0.0135595691050446	0.00330339288452078	-0.0142952883156311	-0.0177721753133577
0.0132366165229655	0.0121504397465623	0.0150446536085242	-0.0226096301733522	-0.000270959874123773	-0.00638579528391161
0.0126524666212458	0.00403070761831878	0.0155949866413723	-0.0117271458239059	-0.00577527237180459	-0.0132718120008761
0.013274815325723	-0.00531406727296376	0.0210264260639268	0.00263175284938588	-0.00199734766719441	-0.0163485362295691
0.0117744222456828	0.00345477627867561	0.00537799123899212	0.000292812508749789	0.0140055440581467	-0.00236356258840184
0.0128677146706083	-0.0194105693610532	0.0252072447774071	0.00984451293955221	0.00147342244361057	-0.0150934218789719
0.0125410089532763	0.0130177369862338	0.00661366896749365	-0.00603038500631643	0.00468367640988856	0.00984077720364854
0.0142195021815987	-0.00898862397051721	0.00739568250103462	0.0195956056744664	-0.00287206435508305	0.012443666782544
0.0136027551821212	-0.00160794540032312	0.00771309657044665	0.0157774394504222	0.00192114277370752	0.013491484010125
0.0129674829167839	0.0105176463117661	0.00279038462810411	-0.00328352864978899	-0.00372149306261775	0.0111765145117356
0.0120661864054268	0.00778674461764305	0.00833080529136794	-0.018923110788308	0.0143946597583514	0.0106888498498164
0.0123702492865634	0.0170069938007762	-0.00980430131641613	-0.00113441220100009	-0.00588609545322784	-0.01644245035828
0.0117790171619637	0.00134881673974544	0.0107891705907835	0.00325693587187792	0.0139225129101803	-0.0230081786246974
0.0122212935698554	0.00598185144347279	0.00665263008169055	-0.0242408644792952	0.00559684544589813	-0.00537996316230727
0.0123187460576922	0.014835506682893	-0.0052383561859796	0.00383850171320652	-0.00311348861141863	0.00203426824797137
0.0122183857516473	0.0135276696412704	-0.00551773949055417	0.00429285252022187	-0.00501604727426929	-0.00140848338648004
0.0114024873366612	0.0128723550290933	-0.00145579302550346	0.00254362443970771	0.0145239045557691	-0.0191065228056956
0.0123357028834104	0.0109164394248814	0.00023302877684617	-0.0194504381726166	0.0150137600289814	0.0184577176536961
0.0117025906247953	0.0103398561648902	-0.00329746651716405	-0.00420318706427363	0.014429253560633	0.00831188378360702
0.0135784456929712	0.0031934812920784	0.00420419627748155	-0.0100529428817274	0.00786881217987748	0.0220525377652148
0.0133018075106531	0.00472967893010999	0.00218024326512257	-0.00534369062827084	0.00811168215279345	0.0204229376397389
0.0132493905563695	-0.0102131405217267	0.0119974429129101	0.000428205497489732	-0.00579859189575195	0.00514038108030109
0.0126625254404396	-0.00795892796420301	0.00453769650561381	-0.00040245159528666	-0.00453083285326865	0.0122043048109769
0.0131732000470055	-0.00811728790723007	0.0139980390528167	-0.00342494558761002	-0.0080863040970062	0.00308418150105694
0.0120553966051456	0.0120981733364371	-0.00486448484052529	0.00774047360665121	0.00656359897302889	0.00246797569766513
0.0119490938199145	0.0112512495833085	-0.00143702397289842	0.00358855902622141	0.00332037198124901	0.01386025027885
0.0121311947843311	0.0164610246364778	-0.00681386781813108	-0.00632087615250162	0.00381678148966257	-0.0111262790618153
0.0125558596915206	0.0185626734393567	0.000665870449057938	-0.0210895614969476	0.011443809607691	0.0237781687476294
0.0122930683881764	0.017897697907285	-0.00365649297889218	-0.00352915963519309	0.00156628695443251	0.00940829658854864
0.0113917125727523	0.0126847371094884	0.00214233763221315	-0.00386330325316819	0.0136262044178134	-0.0251009281413633
0.0115889873287185	0.0109759516475314	-0.00271690840648815	0.00412983807898286	0.0243026283166596	-0.0106140879683117
0.0124848258302091	0.0119166397607813	-0.00529674720386909	-0.0066231234696328	0.00936663555072493	0.0160402580770611
0.014562537724755	-0.0175236469684207	0.0217197855290081	0.0130518092888632	0.00225191479872432	0.0079996453589145
0.0144549006105264	-0.0201367213032406	0.0232942841035121	0.0157818191077767	0.00302316364417706	0.00637931001400552
0.0136540670214037	-0.0077681582459747	0.0166870779951629	0.00789175299945469	0.00339430054164994	-0.00686978675360223
0.013535169589609	0.000989888766786657	0.0166598442225488	-0.00540671459508341	-0.0102133198473237	0.0119762718765409
0.0139114122008481	0.00270982620123319	0.0138122379880488	-0.0105140255584073	-0.0107722438167539	0.016251853735191
0.0121711732568028	0.020508838249722	0.00667583648718874	-0.0046872860112274	0.00354947548117666	-0.00214330494199412
0.0123147093185162	0.0054354517524254	0.022036361159436	-0.0200193378879987	0.00364531238910106	0.00155934166068095
0.0118631725679061	0.00626787027273449	0.0181445722339479	-0.00894197158863532	0.0205314219591562	0.00952492159106509
0.0121380988803195	0.0148394855701571	0.00211247584512957	-0.000937353152803235	0.00458466987068121	-0.0160282841801282
0.0116766195784812	0.0100355117407195	0.00035717869182036	0.0128355417426409	0.0165016409198162	-0.0136973252686751
0.012060049414831	0.0152899009266354	0.00457378590487791	-0.00992168740657273	0.0106451961322754	0.00324343503958373
0.0136382278406459	0.00812209428359992	0.00997475477944223	-0.0217154622299622	-0.0304152360926135	0.017026540709188
0.0137951236389965	-0.0175141068502108	0.0243659120569428	-0.00277373222086471	-0.0230250803448149	-0.00562152114200194
0.0126648140567819	0.00977719065268727	-0.00580076483714043	0.001472202277154	-0.00594138733686335	-0.00612991146803442
0.0128163258430159	0.0116635155449767	-0.0065061384458069	-0.000461726278377179	-0.0112821803492836	-0.00523292857814224
0.0130186435095069	0.00202815622644897	0.00815858406655057	0.00332450753042846	0.00223305365307255	-0.00610820870561354
0.0121225745009317	0.0121961120390882	-0.00379280072520588	0.00899370730117068	0.00199392881505117	-0.00272967036408134
0.0118789124122981	0.00768572117490767	-0.00449962276945032	-0.00174767568920101	0.00199671968612809	0.00570461147177519
0.0120976998018789	-0.00330971894185086	0.00676500621197199	0.00318328104123269	0.00302036442251986	0.00328640089598213
0.012083154005135	0.00847760368224482	-0.00773013085135808	-0.000752483434381963	-0.0130996981373898	-0.00241869330134111
0.0121503811895233	0.00640860645136729	-0.00897342218205273	-0.00329778226683991	-0.00819314795957816	0.00496650984490849
0.0121904122832672	0.0060393162657592	-0.00568276615879057	-0.0116971130889767	0.00266729628188974	0.00767190527751518
0.0122911646591865	0.00688382245198414	-0.00533651696032624	-0.00630620613619003	0.00524898801659857	0.0132013183602947
0.012337108572594	0.00467565143539457	-0.0160122457569914	-0.00994504353411549	0.00510657428549378	0.0125840504339303
0.0118253706601166	0.00101225326291318	-0.0109933858745785	0.00157395175847804	0.012213602704314	0.00136194744118063
0.0119014242137713	0.00311490991449544	-0.0184622326133459	-0.0228149912971603	0.00494240071432166	0.00557573616818998
0.0120943937807141	0.00605088897056665	-0.0134472283774409	-0.00175995881652648	-0.0148308375774106	-0.00354615464168878
0.0116278896321494	0.000195903975307907	-0.0129286279820154	0.00941532605361619	-0.00103541250050393	-0.0203464224986992
0.0123091798028496	0.00181616818481489	-0.00799556581048553	-0.00182352159179079	-0.02582875427168	-0.0084590675958995
0.0122916151332429	0.00186291143605108	-0.00858681942222007	-0.00188837934641806	-0.0248212294164789	-0.00910089371304369
0.0121311139374491	0.00302490051717003	-0.00521444905176826	-0.0130537989258277	-0.0272690153400833	-0.00385305172718675
0.0122208023579966	-0.00351526938610745	-0.00394967281837542	-0.0236952460090501	-0.0126011250636983	0.00697896854793591
0.0118841144926295	-0.00216266754789299	-0.0184914953898573	-0.0175453927457485	-0.00643496414960442	0.00511861548005889
0.0118694985110148	-0.00815708924591792	-0.0124150383490059	-0.00364123035034399	-0.00600325711132193	0.0105902503991141
0.0118475850088535	-0.00580184044331054	-0.0221563662800434	-0.00513657153905497	0.00295981760835134	0.0061853240737467
0.0125662844502244	-0.0169808242569591	-0.00508643022107998	-0.00517614442100208	-0.0120105268692119	0.0052153432256924
0.0125091706078547	-0.0163674626297625	-0.0138888235566998	0.0024016883474365	-0.0221105959020097	0.00696261573051235
0.0124068161705916	-0.0189676634266961	-0.0127271244807601	-0.00154230313629612	-0.0184557266869571	0.00785770952198429
0.0113470016990403	-0.0120733424224709	-0.0126916050496659	-0.00255235387009297	0.00126672239363125	-0.0217397178978419
0.0112120574444075	-0.0163257040888625	0.00737118784698348	-0.0218022751611413	0.00921020864154494	-0.0243363717682673
0.0117374642234187	-0.00190849423569495	-0.0188096614190949	0.00801296174639016	0.00164465226230432	0.0100557851061276
0.0106898458030099	-0.0124977508705155	-0.0135654796766816	-0.00629927958037141	-0.00332790791085033	-0.0187252589505111
0.011552190731132	-0.00961346376972929	-0.0176903864766128	-0.0145389513665455	-0.0119705536286837	0.00617576100860757
0.0119247355353925	-0.00113600267491658	-0.0180259481123305	-0.000111550886150128	0.00304887144386075	-7.25005464551467e-05
0.0115229835967321	0.00199620643596387	-0.0159170425306707	0.0212273639196337	-0.00788707948763176	-0.00329481866050562
0.0116609914865288	-0.00444238306210084	-0.013703311884032	0.00248240071189645	-0.00455572098462306	0.00314582134402424
0.0114330955996148	-0.00363078413122764	-0.0035398677497171	0.00712918358390288	0.00670093744861812	-0.0268699849354695
0.0114380320833465	-0.00494875130630138	-0.00666885640409756	0.00450637789625232	-0.0046225561125006	-0.0187859977637126
0.0114855210665831	-0.00594003178410208	-0.00639322576931014	-0.00893438154298929	0.0195171395287049	-0.0309591142563231
0.0117469210813454	-0.00439455193329577	0.000731452152361098	-0.00549598537040886	-0.000934685882368134	-0.000323103099802667
0.0115139507034601	0.00305652569950477	-0.00491532972028336	-9.85460738359731e-06	0.0215314896025958	-0.00801837639971354
0.0128783872561651	-0.00103364374156624	-0.0101450561864349	0.0120027522947084	-0.00215025054047811	0.0200125808348522
0.0126634765882992	-0.00697094691577372	0.00527294865240673	-0.00601589902231191	0.010689390186742	0.00382399607427767
0.0124135531197677	0.00519070259370755	-0.00235103284998116	-0.00391846157550723	0.00102179002695891	0.0138408334240557
0.0118759354383295	0.00621451225541768	-0.00217684263142746	0.00413299323341429	0.0111048831534956	0.00231684633189216
0.0114811094680788	0.00936999220669136	-0.00581624054143558	0.000388434137395482	0.0101093690610857	-0.0200904119852515
0.0124856739899334	0.00757006703028162	0.00591460486682497	0.00770440184752995	0.000824974641882209	0.00638746178119804
0.0113477064763128	0.0156451958515554	0.00241528119445245	0.0216309545985414	0.00453695897460877	-0.0367014840985172
0.0128167429236015	0.00447951717920253	0.0122341090791882	0.00888464829784388	-0.00278454435461197	0.00379873838192006
0.0125078528877606	0.0192723225962577	0.0107953151518717	0.000931706959719381	-0.00498230160785504	0.00956780267344687
0.0123049570506463	0.0128441717079647	0.0154359349861468	-0.000362128837703108	-0.000412664832661312	0.00408115367997673
0.01292744440057	0.0228561682912386	-0.00177586590504257	-0.00549905988369815	-0.00493534113001337	0.00919602246341705
0.0127504197059304	0.0147718445349248	0.00312453996138074	0.00458338094324739	-0.00732900019747961	0.0134026065419531
0.0123010225136001	0.0074921517211971	0.00584091563952719	-0.00843303725190194	0.00393779976628327	0.00537994288250761
0.01297259043243	0.0126305192936511	0.00111538303753081	-0.00367122524297254	0.000631724323764316	0.0148346331948139
0.013141963406588	-0.0178011802240267	0.017697312302113	0.0169440441194257	0.0110895329443069	0.0108926091440906
0.0128407348071641	0.0123389333466928	-0.000846049980890518	0.00829727487896822	-0.00412973590406065	0.00499139140885253
0.0123900157314145	0.00808258543941172	-0.00206197451744175	0.00132965179217247	-0.00490755176325094	0.0127455577460053
0.0118237736225317	0.0153160913056142	-0.0013964085793769	0.0053664782652038	0.0155346388981405	0.00672243172474021
0.0121460747647588	0.0188336016025075	-0.00232384875480392	0.00243069565123885	-0.0209050636525	-0.0135266168593742
0.0124456454106213	-0.000566759302306591	0.0147570491911468	-0.0125129384911806	-0.000932568941637141	-0.0113909066458614
0.0123283097678338	0.0143945741268647	-0.00687138186614865	0.00939583631851663	0.00305484442581479	-0.0102439470761004
0.0125407909207306	0.00169495211684522	0.00535269107590597	0.0166470002485971	0.00561416735029303	-0.00296111388830571
0.0124639302074459	0.00900300696302597	0.00181402267814549	-0.00168646241223648	-0.00107685264198396	-0.0038172565306319
0.0118315696185136	0.010468713372609	0.00522391028335142	0.00318033448040391	0.00365386008564743	-0.00527748962661359
0.0119283066175015	0.0114420536382829	-0.00867531208709546	0.00811228337952029	0.00619771272733234	-0.0242872473905911
0.0131549967623776	-0.0014204594467232	-0.000241206421261281	0.00513132229413174	0.00439113750416353	0.0185921656244533
0.0131692757793201	-0.0109141516198298	0.0302048111473788	-0.00784795697843059	0.0118321100275809	-0.00184735674169293
0.0125592995149627	0.0111072758226471	0.00325178950336915	-0.00228047039633383	-0.00605185573523745	0.0104397848744626
0.0119618421759621	0.0128159695182289	0.00646368878283634	0.00803233624630769	0.00727599946255228	0.0012347127453945
0.0116293978549994	0.0162144538604919	-0.000250176229830484	0.0178769797927662	-0.00734572456643674	-9.83213459411995e-05
0.0122799200417794	0.015510817384738	0.00517691914605173	0.00770254087746503	0.00756645605778988	-0.0259849489419746
0.012057372281856	0.0141157661421113	0.00635970415684029	0.00415499712761912	0.00908105342276701	-0.024171412495872
0.0120100222548179	0.00259623126251519	0.00311700936089865	-0.00643832997215423	0.0218503195233988	-0.00270287220917957
0.0140958003159721	-0.0122049504415814	0.0110577828053366	0.0133709466152677	0.00454953614156459	0.0179482401021849
0.0139018524406284	-0.0025982018960985	0.0245110929143773	-0.016635360492987	-0.0290217531032329	-0.0104321389842362
0.0127819106794462	-0.00192777341785182	0.00844527873063257	0.00733438038598644	-0.00396856866107554	0.00921906268802453
0.0126370624530838	0.0087100694415312	-0.00162835253388596	-0.0071969817524029	0.000945929550420925	0.0187227502215111
0.0123738416038759	0.000317096814156268	0.00479268402769837	0.0116246591538003	0.0106310013986597	-0.00191089566079956
0.0123742080223147	-0.00713273127398549	0.0145671183532594	-0.00786425217715859	0.0179761857971655	-0.00668031195589186
0.0140445045581356	-0.0136018701906436	0.0195194272764324	0.0168683287786851	-0.00348477083698775	0.00505407410609056
0.0139633865678135	-0.0258786850444858	0.0205054799916311	0.0295831965805864	0.0174738525812719	0.00584945589369216
0.0126344516837717	0.00123111312348874	0.00214923861173053	-0.00717878596075735	0.00884398064859467	0.00546601155587676
0.0131511903241585	0.00325236579666577	0.00032158044947391	0.00406133227855436	-0.012304702229266	0.00453045619705221
0.0131796757241059	0.00194105930457938	-0.000117056545866821	0.00281949238418306	-0.00659690402090647	-0.00261715747045104
0.0118677881601905	0.0152759521953789	0.00117517136106146	0.00601165495461493	0.00525876977448382	0.00762582839352394
0.0146673397036612	-0.0234429576241505	0.0277542867930057	0.00884928211772417	0.00195743276144612	0.00536959580516995
0.0130399804679823	0.00139892664175165	0.0117405087029227	0.00237823441812789	-0.0112711011405825	-0.011621371328553
0.0123222698865514	0.00272289245985646	0.00814990078766873	0.0084117655640573	-0.0128887980197564	-0.00704407217037681
0.012001102759585	0.00334690797226695	0.00812432894163234	-0.0215044503306834	0.0118948845369166	-0.0102725006411941
0.0123146109059025	-0.015994563333562	0.0181240459762003	0.0229844371297082	0.00729131908092085	-0.00639796195437645
0.0125120286369982	-0.00784335742292785	0.0125384168024428	-0.0156704773246826	0.0115139318677734	-0.0126063241198755
0.0122980967076376	0.00882216175949813	-0.00462184709483711	-0.00565168478018579	-0.00145324046598581	0.00651851890004046
0.0125794072783583	-0.00369537666198532	-0.00134896422613232	0.016155915123324	0.00484490389284577	0.0108816674763842
0.0108306077970927	0.00149844922034361	-0.00643671811824814	0.00736898799409542	0.0238266285397053	-0.0118763217238781
0.011815712927496	0.00513851967335812	-0.00730745601740166	0.00924941217025703	-0.00182786266923662	-0.00910751809504071
0.0118583270653357	-0.00150336170320108	-0.0105489063347099	-0.00960603420323204	0.0309647756541193	-0.0142127653894853
0.0117468669161166	0.00775819798590058	-0.0123449722252591	-0.00166799002490633	0.015923793943897	0.0189066786052362
0.011658914091807	0.00249533489733516	0.00043166785968128	0.00285488457955363	-0.0188228093314626	0.00770573504190847
0.0123207528187552	0.000211107427217025	-0.000566211742867219	-0.00531748528177261	-0.0127421438557698	0.00654846122688441
0.0117672993103017	-0.00869296752681657	0.00217038133624395	-0.0190485525921656	-0.00797847610924286	-0.011874658905773
0.0118228727530187	-0.0082996839168887	0.00252795748043	-0.0208585709511123	-0.00962302348289419	-0.0136942551535965
0.012614835003538	-0.00567938776286458	-0.00103011410554329	-0.0175407376995742	-0.00190641402649276	0.0050607480946504
0.0120698040878266	-0.00470452050037499	-0.00387238170737325	-0.00409211955940217	-0.00378501899217687	-0.0131368156488955
0.0122754791053347	-0.00242142119028486	-0.00298384133016417	-0.0106283617126179	-0.00647816628874346	-0.0063711365191547
0.0122955292123835	-0.0028740554917846	-0.00352128187527974	-0.00918278090338246	-0.00480641850086007	-0.0064035156528054
0.0123430162798237	-0.00242935506899998	-0.00371479387198035	-0.00781694903624194	-0.00411621109367208	-0.0082901625803956
0.0116513212946676	-0.00208152549507162	-0.00145686666655252	-0.00554521102037024	0.00621765356271785	-0.0174591360412705
0.0120435153544456	0.000349394254079156	-0.00609766239501976	0.00423690554473885	-0.0081735554706269	0.00122736102092146
0.0117077267870452	-0.000816498774108916	-0.0124216173611889	0.00638039580266473	-0.0121539825504954	0.0113967218506846
0.0121101637228963	-0.000251905107269387	-0.0138022599044102	0.0172659210077758	-0.00229752543048522	-0.00314591493075643
0.0117557919718914	-0.0146749977209569	-0.00364246630067842	0.00731510001116738	0.0136583955079146	0.0033399177520599
0.011939314395817	-0.00247754480823526	-0.0142134353519679	0.0119581956637652	-0.00515510605521258	-0.00106016651646933
0.0114260638835123	0.00292380307572228	-0.0195152207498847	-0.00855145678936725	-0.00525827485232372	-0.00231898246706866
0.0112912079118031	0.00245348676652089	-0.0200003540160086	-0.00167774308071833	-0.00311064819611888	-0.00629002974159785
0.0117350164003263	-0.000213395067976979	-0.0179677070556126	0.00310183349885422	-0.0065954281783996	0.000756742436169022
0.0113670744577218	-0.000369338024830937	-0.00992855502416292	-0.00929323550746284	0.00122667796413114	0.0121922215302325
0.0121380443779002	-0.00573501366014841	-0.014265886965947	0.00802620250446757	-0.00873001727551542	0.0217808241796837
0.013985232682412	-0.0226631477204272	-0.00896008080414542	0.00486659079552765	-0.0227395270492521	0.0263396838238164
0.0124189303861109	-0.0134931624331019	-0.01795209331874	0.00893732462798109	-0.0314411352479005	0.00965774804724472
0.0121371020209491	-0.00972132874750006	-0.0222394724465882	0.0169497877043951	-0.0103687293968051	-0.008095230812935
0.011574736780608	-0.00636265093354685	-0.0147834986490979	0.000381883729691509	-0.0140589206482644	0.0129566966124334
0.0114904538912153	-0.00564433366499068	-0.020246618191527	-0.00569868398114428	-0.00278159700269152	0.00960504186986953
0.011109958582577	-0.0122894899972184	-0.0202484982225858	-0.0154705057429944	0.0274830619965139	-0.0251820156984751
0.0112660545563113	-0.0128680136973325	-0.0229626512130982	0.00427857039126539	-0.0153206244318265	-0.0126147855200315
0.0111227262353491	-0.0145241100617013	-0.0143255182254941	0.0014551913689836	-0.0144011055568191	-0.0236599528116486
0.0113487886355997	-0.0188977583525785	-0.0175445961432751	0.00329357272755489	-0.00565928005051466	-0.0251475374917899
0.0117925232447444	-0.00998396637171477	-0.013777507481327	-0.00228126089529262	-0.0369684562185679	-0.00512623604485528
0.0131992561291577	-0.0310389902277184	0.0052847202867382	-0.0169797502724472	-0.014933844286129	0.0120139717868774
0.0120925063869385	-0.0204976185585753	-0.00359555116292306	0.0112190611586868	0.0062964090565637	0.0123723341289822
0.0109679624723463	-0.0141658768184345	-0.0156898173821874	0.0264964400922116	-0.0008033278845459	-0.041562415932289
0.0132546275535481	-0.00704091293678737	-0.00553258934508151	0.00561270270888463	-0.0262148048492812	0.000896410663280767
0.0126914539555001	-0.0123798436494087	-0.00223539545142424	-0.0077144534727184	-0.0103249067569745	0.000370710193631794
0.0118051208914791	-0.00638093513699528	-0.0182013637212048	-0.0120153055117609	0.00906403574242147	0.00190657393526274
0.0118158790344336	-0.00933216844041549	-0.00835374174282575	-0.015073581864869	0.0108193018927523	0.00315808002732541
0.0124823067838436	-0.0214549643584029	0.00404087400986587	0.000582461098717012	-0.0155501300727513	0.00802175758685385
0.0114565474293063	-0.0109948922863624	-0.0166593493326874	0.0121253567885481	-0.00403946763178089	-0.0188599361841222
0.0111444804527771	-0.00756282337674798	-0.0123838931063625	0.00796920060332146	0.00536256187607947	-0.024907465069862
0.0138797421558114	-0.0106860475906764	-0.00047131206334963	0.00488839483852617	-0.0161717308062139	-0.00873966836847628
0.0138736007452108	-0.0068281984228664	-0.0125185553732921	0.00640431170885835	-0.0064141729047586	0.00272225680176286
0.0134555923035858	-0.00246402993827114	-0.0138650113841587	0.00542837935254171	0.00160090233085252	0.0101708394340614
0.013255845931836	0.00118893983493335	-0.0150175249077274	0.0101647250125814	0.00153095159994372	0.00646340412650373
