x,y,r,g,b
1626,535,7,0,254
1627,535,0,2,254
1628,535,0,2,254
1629,535,7,0,254
1624,536,0,0,254
1625,536,0,0,254
1626,536,0,0,254
1627,536,0,0,254
1628,536,0,0,254
1629,536,0,0,254
1630,536,0,0,254
1631,536,0,0,254
1632,536,4,3,255
1623,537,14,0,255
1624,537,0,0,254
1625,537,0,0,254
1626,537,0,0,254
1627,537,0,0,254
1628,537,0,0,254
1629,537,0,0,254
1630,537,0,0,254
1631,537,0,0,254
1632,537,8,0,254
1633,537,1,0,254
1634,537,0,1,241
1635,537,8,0,253
1622,538,1,0,254
1623,538,0,3,240
1624,538,0,0,254
1625,538,0,0,254
1626,538,0,0,254
1627,538,0,0,254
1628,538,0,0,254
1629,538,0,0,254
1630,538,0,0,254
1631,538,0,0,254
1632,538,0,0,252
1633,538,0,5,255
1634,538,0,3,245
1635,538,0,0,236
1636,538,13,0,253
36,539,6,0,255
37,539,1,0,254
38,539,0,0,253
39,539,0,5,239
1622,539,6,0,251
1623,539,0,3,255
1624,539,0,0,254
1625,539,0,0,254
1626,539,0,0,254
1627,539,0,0,254
1628,539,0,0,254
1629,539,0,0,254
1630,539,0,0,254
1631,539,0,0,254
1632,539,0,0,240
1633,539,6,2,249
1634,539,12,0,255
1635,539,5,3,250
1636,539,0,7,255
1637,539,0,5,253
1638,539,10,0,251
34,540,2,0,251
35,540,0,0,250
36,540,0,10,243
37,540,0,0,247
38,540,0,2,238
39,540,4,3,255
40,540,6,0,250
41,540,8,0,251
110,540,6,0,253
111,540,1,0,253
112,540,0,0,250
113,540,4,1,255
114,540,6,0,251
115,540,20,0,255
1621,540,13,0,245
1622,540,9,0,255
1623,540,4,2,253
1624,540,0,0,254
1625,540,0,0,254
1626,540,0,0,254
1627,540,0,0,254
1628,540,0,0,254
1629,540,0,0,254
1630,540,0,0,254
1631,540,0,0,254
1632,540,3,0,248
1633,540,2,0,254
1634,540,3,2,255
1635,540,5,5,255
1636,540,0,0,252
1637,540,0,0,240
1638,540,7,7,255
1639,540,0,0,254
1640,540,1,0,254
1641,540,1,0,254
1642,540,1,0,254
1643,540,1,0,254
1644,540,1,0,254
1645,540,1,0,254
1646,540,1,0,254
1647,540,1,0,254
1648,540,0,6,255
1649,540,0,2,252
1650,540,2,1,255
1651,540,12,4,247
33,541,14,0,253
34,541,8,0,252
35,541,0,3,255
36,541,0,2,254
37,541,0,0,252
38,541,5,4,248
39,541,13,3,255
40,541,1,8,255
41,541,0,2,247
42,541,8,0,246
79,541,7,0,250
80,541,0,3,254
81,541,0,3,239
82,541,0,0,248
83,541,8,0,243
84,541,6,0,248
107,541,5,0,249
108,541,1,1,255
109,541,0,2,254
110,541,0,4,255
111,541,0,0,238
112,541,0,5,255
113,541,0,0,250
114,541,0,2,230
115,541,0,0,254
116,541,5,0,255
117,541,8,2,248
118,541,5,0,251
1549,541,17,0,255
1550,541,0,0,241
1551,541,1,0,254
1552,541,0,0,245
1553,541,0,5,255
1554,541,3,6,245
1555,541,7,1,247
1556,541,13,0,253
1557,541,12,0,250
1578,541,12,0,250
1579,541,13,0,253
1580,541,7,1,247
1581,541,3,6,245
1582,541,0,5,255
1583,541,0,0,245
1614,541,1,0,253
1615,541,0,3,234
1616,541,0,4,253
1617,541,0,0,251
1618,541,0,0,253
1619,541,5,7,252
1620,541,0,0,249
1621,541,0,0,247
1622,541,0,1,249
1623,541,0,0,250
1624,541,0,0,254
1625,541,0,0,254
1626,541,0,0,254
1627,541,0,0,254
1628,541,0,0,254
1629,541,0,0,254
1630,541,0,0,254
1631,541,0,0,254
1632,541,4,3,255
1633,541,2,7,255
1634,541,0,0,247
1635,541,0,3,255
1636,541,5,0,251
1637,541,9,0,255
1638,541,0,0,250
1639,541,0,6,247
1640,541,0,2,255
1641,541,0,2,255
1642,541,0,2,255
1643,541,0,2,255
1644,541,0,2,255
1645,541,0,2,255
1646,541,0,2,255
1647,541,0,2,255
1648,541,7,0,252
1649,541,0,0,250
1650,541,0,2,254
1651,541,0,7,255
1652,541,0,1,253
1653,541,5,0,250
32,542,0,0,249
33,542,0,2,251
34,542,1,6,255
35,542,0,0,251
36,542,3,4,252
37,542,0,0,253
38,542,7,1,255
39,542,2,0,249
40,542,0,0,250
41,542,0,1,254
42,542,0,0,253
43,542,10,4,255
44,542,11,0,254
75,542,16,0,255
76,542,6,0,255
77,542,0,0,252
78,542,0,0,226
79,542,0,2,254
80,542,0,0,251
81,542,0,0,253
82,542,0,0,253
83,542,2,7,255
84,542,0,7,237
85,542,0,0,235
86,542,7,0,253
106,542,2,0,248
107,542,0,0,253
108,542,0,2,253
109,542,0,0,248
110,542,0,0,251
111,542,11,3,255
112,542,0,0,246
113,542,0,7,255
114,542,0,4,253
115,542,0,2,251
116,542,0,0,252
117,542,0,0,250
118,542,3,3,255
119,542,0,0,252
120,542,7,3,250
122,542,6,3,255
123,542,0,0,253
124,542,0,0,239
125,542,1,2,252
126,542,0,0,247
127,542,2,5,255
128,542,5,5,255
129,542,0,0,238
130,542,0,0,254
131,542,9,6,255
132,542,4,0,249
1547,542,12,0,254
1548,542,4,0,242
1549,542,2,4,247
1550,542,1,4,255
1551,542,1,5,250
1552,542,2,1,253
1553,542,4,3,255
1554,542,0,0,248
1555,542,2,3,251
1556,542,0,3,255
1557,542,0,0,252
1558,542,1,6,246
1559,542,0,0,242
1576,542,0,0,242
1577,542,1,6,246
1578,542,0,0,252
1579,542,0,3,255
1580,542,2,3,251
1581,542,0,0,248
1582,542,4,3,255
1583,542,2,1,253
1584,542,0,4,255
1585,542,8,2,248
1603,542,4,0,249
1604,542,9,6,255
1605,542,0,0,254
1606,542,0,0,238
1607,542,5,5,255
1608,542,2,2,246
1609,542,11,0,255
1613,542,12,0,251
1614,542,6,0,255
1615,542,0,5,255
1616,542,2,2,246
1617,542,6,0,255
1618,542,11,1,255
1619,542,0,0,249
1620,542,3,3,255
1621,542,0,1,247
1622,542,6,7,255
1623,542,5,0,255
1624,542,0,0,254
1625,542,0,0,254
1626,542,0,0,254
1627,542,0,0,254
1628,542,0,0,254
1629,542,0,0,254
1630,542,0,0,254
1631,542,0,0,254
1632,542,0,0,251
1633,542,0,3,255
1634,542,0,0,241
1635,542,1,0,251
1636,542,3,0,255
1637,542,2,1,255
1638,542,0,0,251
1639,542,0,0,252
1640,542,0,0,253
1641,542,0,0,253
1642,542,0,0,253
1643,542,0,0,253
1644,542,0,0,253
1645,542,0,0,253
1646,542,0,0,253
1647,542,0,0,253
1648,542,8,0,253
1649,542,6,0,255
1650,542,0,3,242
1651,542,0,4,252
1652,542,0,3,255
1653,542,0,0,243
1654,542,16,0,253
32,543,0,2,255
33,543,2,1,252
34,543,6,0,255
35,543,6,0,252
36,543,4,0,251
37,543,1,0,241
38,543,0,3,255
39,543,0,4,254
40,543,5,0,253
41,543,0,0,252
42,543,0,0,250
43,543,0,4,243
44,543,0,3,255
45,543,10,0,255
73,543,15,0,255
74,543,0,0,248
75,543,0,5,255
76,543,0,2,240
77,543,0,7,255
78,543,6,5,255
79,543,4,0,253
80,543,6,5,249
81,543,4,0,247
82,543,7,1,255
83,543,2,1,255
84,543,0,4,255
85,543,0,0,250
86,543,9,0,252
106,543,18,0,255
107,543,7,0,241
108,543,4,2,249
109,543,6,5,255
110,543,0,0,248
111,543,4,0,254
112,543,5,0,255
113,543,4,0,252
114,543,3,0,253
115,543,4,1,255
116,543,0,0,246
117,543,0,0,245
118,543,9,6,255
119,543,0,0,245
120,543,2,0,252
121,543,1,0,246
122,543,8,5,255
123,543,0,0,251
124,543,2,4,245
125,543,3,3,255
126,543,0,2,255
127,543,0,0,249
128,543,6,0,255
129,543,0,0,250
130,543,0,0,253
131,543,0,0,252
132,543,4,5,246
133,543,9,2,238
134,543,14,0,254
1546,543,8,0,251
1547,543,6,8,253
1548,543,0,1,252
1549,543,0,1,253
1550,543,0,0,253
1551,543,3,0,243
1552,543,0,0,250
1553,543,0,3,255
1554,543,2,2,255
1555,543,1,1,255
1556,543,1,1,245
1557,543,5,4,255
1558,543,0,0,246
1559,543,6,3,255
1560,543,0,0,246
1561,543,2,3,254
1562,543,1,4,243
1563,543,1,1,239
1564,543,13,2,255
1565,543,16,0,255
1575,543,26,0,255
1576,543,6,3,255
1577,543,0,0,246
1578,543,5,4,255
1579,543,1,1,245
1580,543,1,1,255
1581,543,2,2,255
1582,543,0,3,255
1583,543,0,0,250
1584,543,0,0,253
1585,543,0,0,251
1586,543,0,0,254
1587,543,0,1,250
1588,543,0,6,255
1589,543,0,0,246
1590,543,15,1,246
1601,543,14,0,254
1602,543,9,2,238
1603,543,4,5,246
1604,543,0,0,252
1605,543,0,0,253
1606,543,0,0,250
1607,543,6,0,255
1608,543,0,5,247
1609,543,2,3,254
1610,543,3,0,252
1612,543,9,0,251
1613,543,6,0,252
1614,543,0,3,254
1615,543,0,1,252
1616,543,0,9,246
1617,543,0,0,251
1618,543,0,0,251
1619,543,2,1,255
1620,543,0,7,246
1621,543,0,5,252
1622,543,0,0,252
1623,543,1,0,254
1624,543,0,0,254
1625,543,0,0,254
1626,543,0,0,254
1627,543,0,0,254
1628,543,0,0,254
1629,543,0,0,254
1630,543,0,0,254
1631,543,0,0,254
1632,543,0,0,250
1633,543,2,1,245
1634,543,7,1,255
1635,543,0,0,250
1636,543,1,3,246
1637,543,0,1,254
1638,543,3,6,255
1639,543,0,1,236
1640,543,2,1,255
1641,543,2,1,255
1642,543,2,1,255
1643,543,2,1,255
1644,543,2,1,255
1645,543,2,1,255
1646,543,2,1,255
1647,543,2,1,255
1648,543,1,6,255
1649,543,0,1,246
1650,543,0,0,246
1651,543,1,0,253
1652,543,5,2,255
1653,543,5,0,255
1654,543,4,1,255
1655,543,6,4,253
1658,543,16,0,255
1659,543,13,2,255
1660,543,1,1,239
1661,543,1,4,243
1662,543,2,3,254
1663,543,0,0,246
1664,543,0,3,255
1665,543,0,0,229
1666,543,7,0,255
32,544,0,0,254
33,544,0,0,254
34,544,0,0,254
35,544,0,0,254
36,544,0,0,254
37,544,0,0,254
38,544,0,0,254
39,544,0,0,254
40,544,0,0,254
41,544,0,0,254
42,544,0,0,254
43,544,0,0,254
44,544,0,0,254
45,544,0,0,254
46,544,0,0,254
47,544,0,0,254
48,544,7,0,251
53,544,18,0,249
54,544,8,0,255
55,544,0,7,255
56,544,0,0,250
57,544,0,3,255
58,544,0,2,251
59,544,0,0,247
60,544,8,2,255
61,544,11,0,254
73,544,5,0,255
74,544,3,0,250
75,544,1,0,253
76,544,4,3,255
77,544,0,0,237
78,544,6,6,255
79,544,0,0,252
80,544,0,0,254
81,544,0,0,254
82,544,0,0,254
83,544,0,0,254
84,544,0,0,254
85,544,0,0,254
86,544,0,0,254
87,544,0,0,254
102,544,6,0,255
103,544,0,0,250
104,544,0,0,254
105,544,0,0,254
106,544,0,0,254
107,544,0,0,254
108,544,0,0,254
109,544,0,0,254
110,544,0,0,254
111,544,0,0,254
112,544,0,0,254
113,544,0,0,254
114,544,0,0,254
115,544,0,0,254
116,544,0,0,254
117,544,0,0,254
118,544,0,0,254
119,544,0,0,254
120,544,0,0,254
121,544,0,0,254
122,544,0,0,254
123,544,0,0,254
124,544,0,0,254
125,544,0,0,254
126,544,0,0,254
127,544,0,0,254
128,544,0,0,254
129,544,0,0,254
130,544,0,0,254
131,544,0,0,254
132,544,0,0,254
133,544,0,0,254
134,544,0,0,254
135,544,0,0,254
136,544,0,2,254
137,544,2,5,255
138,544,5,0,255
139,544,13,0,255
146,544,11,0,254
147,544,8,2,255
148,544,0,0,247
149,544,0,2,251
150,544,0,3,255
151,544,0,0,250
152,544,0,0,250
153,544,0,3,255
154,544,0,2,251
155,544,0,0,247
156,544,8,2,255
157,544,11,0,254
1545,544,0,2,251
1546,544,0,4,255
1547,544,8,0,254
1548,544,0,0,250
1549,544,0,1,251
1550,544,5,2,255
1551,544,0,2,254
1552,544,0,0,254
1553,544,0,0,254
1554,544,0,0,254
1555,544,0,0,254
1556,544,0,0,254
1557,544,0,0,254
1558,544,0,0,254
1559,544,0,0,254
1560,544,0,0,251
1561,544,6,6,255
1562,544,0,0,238
1563,544,5,4,255
1564,544,0,0,252
1565,544,2,0,249
1566,544,5,0,255
1573,544,12,5,255
1574,544,1,0,253
1575,544,6,1,244
1576,544,0,0,254
1577,544,0,0,254
1578,544,0,0,254
1579,544,0,0,254
1580,544,0,0,254
1581,544,0,0,254
1582,544,0,0,254
1583,544,0,0,254
1584,544,0,0,254
1585,544,0,0,254
1586,544,0,0,254
1587,544,0,0,254
1588,544,0,0,254
1589,544,0,0,254
1590,544,0,0,254
1591,544,0,0,254
1592,544,0,5,255
1593,544,2,0,252
1594,544,16,0,255
1601,544,5,0,255
1602,544,3,0,250
1603,544,1,0,253
1604,544,4,3,255
1605,544,0,0,237
1606,544,6,6,255
1607,544,0,0,252
1608,544,0,0,254
1609,544,0,0,254
1610,544,0,0,254
1611,544,0,0,254
1612,544,0,0,254
1613,544,0,0,254
1614,544,0,0,254
1615,544,0,0,254
1616,544,0,0,254
1617,544,0,0,254
1618,544,0,0,254
1619,544,0,0,254
1620,544,0,0,254
1621,544,0,0,254
1622,544,0,0,254
1623,544,0,0,254
1624,544,0,0,254
1625,544,0,0,254
1626,544,0,0,254
1627,544,0,0,254
1628,544,0,0,254
1629,544,0,0,254
1630,544,0,0,254
1631,544,0,0,254
1632,544,0,0,254
1633,544,0,0,254
1634,544,0,0,254
1635,544,0,0,254
1636,544,0,0,254
1637,544,0,0,254
1638,544,0,0,254
1639,544,0,0,254
1640,544,0,0,254
1641,544,0,0,254
1642,544,0,0,254
1643,544,0,0,254
1644,544,0,0,254
1645,544,0,0,254
1646,544,0,0,254
1647,544,0,0,254
1648,544,0,0,254
1649,544,0,0,254
1650,544,0,0,254
1651,544,0,0,254
1652,544,0,0,254
1653,544,0,0,254
1654,544,0,0,254
1655,544,0,0,254
1656,544,0,0,254
1657,544,0,0,254
1658,544,0,0,254
1659,544,0,0,254
1660,544,0,0,254
1661,544,0,0,254
1662,544,0,0,254
1663,544,0,0,254
1664,544,3,3,255
1665,544,0,0,248
1666,544,7,0,251
1667,544,1,9,255
1668,544,4,4,255
31,545,8,0,255
32,545,0,0,254
33,545,0,0,254
34,545,0,0,254
35,545,0,0,254
36,545,0,0,254
37,545,0,0,254
38,545,0,0,254
39,545,0,0,254
40,545,0,0,254
41,545,0,0,254
42,545,0,0,254
43,545,0,0,254
44,545,0,0,254
45,545,0,0,254
46,545,0,0,254
47,545,0,0,254
48,545,0,0,246
49,545,0,0,251
50,545,5,3,236
51,545,11,1,255
52,545,4,0,251
53,545,0,0,251
54,545,0,3,254
55,545,0,0,249
56,545,3,5,240
57,545,3,3,255
58,545,0,3,240
59,545,1,1,255
60,545,3,2,255
61,545,1,0,250
62,545,10,0,248
63,545,6,0,249
64,545,2,0,254
65,545,2,0,254
66,545,2,0,254
67,545,2,0,254
68,545,2,0,254
69,545,2,0,254
70,545,2,0,254
71,545,2,0,254
72,545,3,0,253
73,545,4,0,251
74,545,1,1,237
75,545,4,1,255
76,545,8,7,255
77,545,3,4,254
78,545,0,0,250
79,545,0,0,250
80,545,0,0,254
81,545,0,0,254
82,545,0,0,254
83,545,0,0,254
84,545,0,0,254
85,545,0,0,254
86,545,0,0,254
87,545,0,0,254
88,545,19,0,248
100,545,10,0,253
101,545,0,0,245
102,545,6,3,255
103,545,1,0,254
104,545,0,0,254
105,545,0,0,254
106,545,0,0,254
107,545,0,0,254
108,545,0,0,254
109,545,0,0,254
110,545,0,0,254
111,545,0,0,254
112,545,0,0,254
113,545,0,0,254
114,545,0,0,254
115,545,0,0,254
116,545,0,0,254
117,545,0,0,254
118,545,0,0,254
119,545,0,0,254
120,545,0,0,254
121,545,0,0,254
122,545,0,0,254
123,545,0,0,254
124,545,0,0,254
125,545,0,0,254
126,545,0,0,254
127,545,0,0,254
128,545,0,0,254
129,545,0,0,254
130,545,0,0,254
131,545,0,0,254
132,545,0,0,254
133,545,0,0,254
134,545,0,0,254
135,545,0,0,254
136,545,0,0,253
137,545,0,0,247
138,545,0,0,250
139,545,0,2,245
140,545,0,0,251
141,545,0,0,253
142,545,3,3,255
143,545,0,0,251
144,545,6,0,249
145,545,10,0,248
146,545,1,0,250
147,545,3,2,255
148,545,1,1,255
149,545,0,3,240
150,545,3,3,255
151,545,3,5,240
152,545,3,5,240
153,545,3,3,255
154,545,0,3,240
155,545,1,1,255
156,545,3,2,255
157,545,1,0,250
158,545,10,0,248
159,545,6,0,249
171,545,10,0,250
172,545,1,0,251
173,545,5,11,255
174,545,0,0,248
175,545,0,6,249
176,545,0,2,251
177,545,0,5,255
178,545,3,0,255
179,545,10,0,255
1545,545,0,3,255
1546,545,0,1,253
1547,545,5,0,252
1548,545,0,0,252
1549,545,1,7,249
1550,545,0,0,251
1551,545,0,4,250
1552,545,0,0,254
1553,545,0,0,254
1554,545,0,0,254
1555,545,0,0,254
1556,545,0,0,254
1557,545,0,0,254
1558,545,0,0,254
1559,545,0,0,254
1560,545,0,0,252
1561,545,0,0,250
1562,545,0,1,251
1563,545,6,5,255
1564,545,6,3,255
1565,545,3,3,239
1566,545,4,0,251
1567,545,1,0,251
1568,545,13,0,255
1572,545,9,0,251
1573,545,0,0,252
1574,545,2,8,240
1575,545,0,0,251
1576,545,0,0,254
1577,545,0,0,254
1578,545,0,0,254
1579,545,0,0,254
1580,545,0,0,254
1581,545,0,0,254
1582,545,0,0,254
1583,545,0,0,254
1584,545,0,0,254
1585,545,0,0,254
1586,545,0,0,254
1587,545,0,0,254
1588,545,0,0,254
1589,545,0,0,254
1590,545,0,0,254
1591,545,0,0,254
1592,545,0,0,248
1593,545,0,0,240
1594,545,0,1,246
1595,545,0,3,255
1596,545,1,1,255
1597,545,11,0,255
1600,545,3,0,253
1601,545,4,0,251
1602,545,1,1,237
1603,545,4,1,255
1604,545,8,7,255
1605,545,3,4,254
1606,545,0,0,250
1607,545,0,0,250
1608,545,0,0,254
1609,545,0,0,254
1610,545,0,0,254
1611,545,0,0,254
1612,545,0,0,254
1613,545,0,0,254
1614,545,0,0,254
1615,545,0,0,254
1616,545,0,0,254
1617,545,0,0,254
1618,545,0,0,254
1619,545,0,0,254
1620,545,0,0,254
1621,545,0,0,254
1622,545,0,0,254
1623,545,0,0,254
1624,545,0,0,254
1625,545,0,0,254
1626,545,0,0,254
1627,545,0,0,254
1628,545,0,0,254
1629,545,0,0,254
1630,545,0,0,254
1631,545,0,0,254
1632,545,0,0,254
1633,545,0,0,254
1634,545,0,0,254
1635,545,0,0,254
1636,545,0,0,254
1637,545,0,0,254
1638,545,0,0,254
1639,545,0,0,254
1640,545,0,0,254
1641,545,0,0,254
1642,545,0,0,254
1643,545,0,0,254
1644,545,0,0,254
1645,545,0,0,254
1646,545,0,0,254
1647,545,0,0,254
1648,545,0,0,254
1649,545,0,0,254
1650,545,0,0,254
1651,545,0,0,254
1652,545,0,0,254
1653,545,0,0,254
1654,545,0,0,254
1655,545,0,0,254
1656,545,0,0,254
1657,545,0,0,254
1658,545,0,0,254
1659,545,0,0,254
1660,545,0,0,254
1661,545,0,0,254
1662,545,0,0,254
1663,545,0,0,254
1664,545,3,2,255
1665,545,0,3,255
1666,545,9,3,255
1667,545,0,0,246
1668,545,0,0,252
1669,545,21,0,255
31,546,7,0,245
32,546,0,0,254
33,546,0,0,254
34,546,0,0,254
35,546,0,0,254
36,546,0,0,254
37,546,0,0,254
38,546,0,0,254
39,546,0,0,254
40,546,0,0,254
41,546,0,0,254
42,546,0,0,254
43,546,0,0,254
44,546,0,0,254
45,546,0,0,254
46,546,0,0,254
47,546,0,0,254
48,546,7,7,255
49,546,0,1,254
50,546,0,2,252
51,546,0,6,255
52,546,0,0,237
53,546,0,5,255
54,546,1,5,254
55,546,0,1,254
56,546,2,0,251
57,546,0,0,246
58,546,5,4,255
59,546,2,2,255
60,546,0,2,247
61,546,0,5,235
62,546,4,4,255
63,546,3,3,247
64,546,0,1,254
65,546,0,1,254
66,546,0,1,254
67,546,0,1,254
68,546,0,1,254
69,546,0,1,254
70,546,0,1,254
71,546,0,1,254
72,546,6,0,255
73,546,1,1,239
74,546,0,0,252
75,546,0,0,253
76,546,0,0,236
77,546,1,1,255
78,546,0,0,248
79,546,3,4,254
80,546,0,0,254
81,546,0,0,254
82,546,0,0,254
83,546,0,0,254
84,546,0,0,254
85,546,0,0,254
86,546,0,0,254
87,546,0,0,254
88,546,0,5,248
89,546,0,0,246
90,546,5,0,254
91,546,11,0,251
99,546,0,0,249
100,546,0,3,255
101,546,1,5,252
102,546,3,0,255
103,546,6,1,226
104,546,0,0,254
105,546,0,0,254
106,546,0,0,254
107,546,0,0,254
108,546,0,0,254
109,546,0,0,254
110,546,0,0,254
111,546,0,0,254
112,546,0,0,254
113,546,0,0,254
114,546,0,0,254
115,546,0,0,254
116,546,0,0,254
117,546,0,0,254
118,546,0,0,254
119,546,0,0,254
120,546,0,0,254
121,546,0,0,254
122,546,0,0,254
123,546,0,0,254
124,546,0,0,254
125,546,0,0,254
126,546,0,0,254
127,546,0,0,254
128,546,0,0,254
129,546,0,0,254
130,546,0,0,254
131,546,0,0,254
132,546,0,0,254
133,546,0,0,254
134,546,0,0,254
135,546,0,0,254
136,546,3,2,254
137,546,5,4,255
138,546,0,0,252
139,546,0,4,240
140,546,0,5,255
141,546,0,8,255
142,546,0,2,251
143,546,0,4,255
144,546,3,3,247
145,546,4,4,255
146,546,0,5,235
147,546,0,2,247
148,546,2,2,255
149,546,5,4,255
150,546,0,0,246
151,546,2,0,251
152,546,2,0,251
153,546,0,0,246
154,546,5,4,255
155,546,2,2,255
156,546,0,2,247
157,546,0,5,235
158,546,4,4,255
159,546,3,3,247
160,546,5,0,252
169,546,8,0,250
170,546,7,0,254
171,546,2,2,255
172,546,0,2,240
173,546,0,0,252
174,546,0,2,252
175,546,0,3,255
176,546,8,2,255
177,546,4,0,254
178,546,5,5,243
179,546,4,2,253
180,546,3,2,255
181,546,1,0,254
182,546,3,4,255
183,546,0,0,248
184,546,0,0,251
185,546,7,6,255
186,546,0,1,251
187,546,6,8,241
1531,546,3,0,249
1532,546,6,5,255
1533,546,4,4,255
1534,546,0,0,249
1535,546,0,0,251
1536,546,1,4,255
1537,546,2,0,252
1538,546,13,0,252
1545,546,0,0,252
1546,546,1,9,255
1547,546,2,0,251
1548,546,0,0,252
1549,546,0,1,248
1550,546,2,1,255
1551,546,0,0,252
1552,546,0,0,254
1553,546,0,0,254
1554,546,0,0,254
1555,546,0,0,254
1556,546,0,0,254
1557,546,0,0,254
1558,546,0,0,254
1559,546,0,0,254
1560,546,0,1,251
1561,546,0,0,248
1562,546,4,4,255
1563,546,0,0,237
1564,546,0,0,251
1565,546,0,0,250
1566,546,1,1,239
1567,546,9,3,255
1568,546,0,0,251
1569,546,7,0,254
1571,546,9,0,241
1572,546,0,0,250
1573,546,0,0,249
1574,546,0,4,255
1575,546,0,1,253
1576,546,0,0,254
1577,546,0,0,254
1578,546,0,0,254
1579,546,0,0,254
1580,546,0,0,254
1581,546,0,0,254
1582,546,0,0,254
1583,546,0,0,254
1584,546,0,0,254
1585,546,0,0,254
1586,546,0,0,254
1587,546,0,0,254
1588,546,0,0,254
1589,546,0,0,254
1590,546,0,0,254
1591,546,0,0,254
1592,546,2,5,255
1593,546,0,0,249
1594,546,1,6,255
1595,546,0,3,255
1596,546,0,0,249
1597,546,0,0,249
1598,546,4,3,255
1599,546,4,1,254
1600,546,6,0,255
1601,546,1,1,239
1602,546,0,0,252
1603,546,0,0,253
1604,546,0,0,236
1605,546,1,1,255
1606,546,0,0,248
1607,546,3,4,254
1608,546,0,0,254
1609,546,0,0,254
1610,546,0,0,254
1611,546,0,0,254
1612,546,0,0,254
1613,546,0,0,254
1614,546,0,0,254
1615,546,0,0,254
1616,546,0,0,254
1617,546,0,0,254
1618,546,0,0,254
1619,546,0,0,254
1620,546,0,0,254
1621,546,0,0,254
1622,546,0,0,254
1623,546,0,0,254
1624,546,0,0,254
1625,546,0,0,254
1626,546,0,0,254
1627,546,0,0,254
1628,546,0,0,254
1629,546,0,0,254
1630,546,0,0,254
1631,546,0,0,254
1632,546,0,0,254
1633,546,0,0,254
1634,546,0,0,254
1635,546,0,0,254
1636,546,0,0,254
1637,546,0,0,254
1638,546,0,0,254
1639,546,0,0,254
1640,546,0,0,254
1641,546,0,0,254
1642,546,0,0,254
1643,546,0,0,254
1644,546,0,0,254
1645,546,0,0,254
1646,546,0,0,254
1647,546,0,0,254
1648,546,0,0,254
1649,546,0,0,254
1650,546,0,0,254
1651,546,0,0,254
1652,546,0,0,254
1653,546,0,0,254
1654,546,0,0,254
1655,546,0,0,254
1656,546,0,0,254
1657,546,0,0,254
1658,546,0,0,254
1659,546,0,0,254
1660,546,0,0,254
1661,546,0,0,254
1662,546,0,0,254
1663,546,0,0,254
1664,546,4,0,245
1665,546,0,0,250
1666,546,0,0,235
1667,546,0,0,253
1668,546,2,3,253
1669,546,4,0,248
1670,546,14,0,255
31,547,3,0,248
32,547,0,0,254
33,547,0,0,254
34,547,0,0,254
35,547,0,0,254
36,547,0,0,254
37,547,0,0,254
38,547,0,0,254
39,547,0,0,254
40,547,0,0,254
41,547,0,0,254
42,547,0,0,254
43,547,0,0,254
44,547,0,0,254
45,547,0,0,254
46,547,0,0,254
47,547,0,0,254
48,547,6,0,255
49,547,0,0,247
50,547,1,0,254
51,547,0,0,252
52,547,1,3,246
53,547,0,0,251
54,547,10,1,252
55,547,4,0,247
56,547,3,0,255
57,547,4,3,247
58,547,0,0,253
59,547,0,5,245
60,547,0,1,254
61,547,0,1,253
62,547,0,3,253
63,547,0,3,241
64,547,0,2,255
65,547,0,2,255
66,547,0,2,255
67,547,0,2,255
68,547,0,2,255
69,547,0,2,255
70,547,0,2,255
71,547,0,2,255
72,547,0,0,251
73,547,3,0,255
74,547,3,2,255
75,547,0,0,238
76,547,6,5,255
77,547,2,2,255
78,547,0,0,246
79,547,2,3,254
80,547,0,0,254
81,547,0,0,254
82,547,0,0,254
83,547,0,0,254
84,547,0,0,254
85,547,0,0,254
86,547,0,0,254
87,547,0,0,254
88,547,4,2,249
89,547,2,0,254
90,547,5,6,246
91,547,0,0,252
92,547,0,0,244
93,547,1,4,255
94,547,0,3,252
95,547,0,3,253
96,547,5,0,251
97,547,5,0,251
98,547,7,5,255
99,547,0,0,252
100,547,0,0,250
101,547,5,4,255
102,547,3,0,253
103,547,3,0,245
104,547,0,0,254
105,547,0,0,254
106,547,0,0,254
107,547,0,0,254
108,547,0,0,254
109,547,0,0,254
110,547,0,0,254
111,547,0,0,254
112,547,0,0,254
113,547,0,0,254
114,547,0,0,254
115,547,0,0,254
116,547,0,0,254
117,547,0,0,254
118,547,0,0,254
119,547,0,0,254
120,547,0,0,254
121,547,0,0,254
122,547,0,0,254
123,547,0,0,254
124,547,0,0,254
125,547,0,0,254
126,547,0,0,254
127,547,0,0,254
128,547,0,0,254
129,547,0,0,254
130,547,0,0,254
131,547,0,0,254
132,547,0,0,254
133,547,0,0,254
134,547,0,0,254
135,547,0,0,254
136,547,0,0,251
137,547,0,0,248
138,547,4,4,252
139,547,0,0,252
140,547,3,0,244
141,547,0,0,248
142,547,7,0,254
143,547,7,0,254
144,547,0,3,241
145,547,0,3,253
146,547,0,1,253
147,547,0,1,254
148,547,0,5,245
149,547,0,0,253
150,547,4,3,247
151,547,3,0,255
152,547,3,0,255
153,547,4,3,247
154,547,0,0,253
155,547,0,5,245
156,547,0,1,254
157,547,0,1,253
158,547,0,3,253
159,547,0,3,241
160,547,18,0,255
166,547,14,0,255
167,547,7,6,248
168,547,9,0,255
169,547,5,0,254
170,547,6,3,255
171,547,4,5,245
172,547,0,0,252
173,547,5,4,255
174,547,6,3,242
175,547,10,3,254
176,547,0,0,252
177,547,1,0,248
178,547,0,0,251
179,547,1,0,252
180,547,0,0,253
181,547,2,2,255
182,547,0,0,254
183,547,1,2,252
184,547,12,8,251
185,547,0,4,254
186,547,0,0,246
187,547,5,2,255
188,547,7,0,253
1529,547,19,0,255
1530,547,9,0,244
1531,547,0,0,249
1532,547,0,0,252
1533,547,0,4,255
1534,547,0,4,253
1535,547,2,7,255
1536,547,0,0,253
1537,547,0,4,248
1538,547,0,4,255
1539,547,0,2,254
1540,547,0,0,250
1541,547,9,0,250
1542,547,18,0,252
1545,547,0,0,252
1546,547,0,4,255
1547,547,3,0,242
1548,547,0,0,253
1549,547,1,1,255
1550,547,3,2,254
1551,547,3,8,255
1552,547,0,0,254
1553,547,0,0,254
1554,547,0,0,254
1555,547,0,0,254
1556,547,0,0,254
1557,547,0,0,254
1558,547,0,0,254
1559,547,0,0,254
1560,547,3,4,255
1561,547,0,0,246
1562,547,0,0,254
1563,547,6,5,255
1564,547,0,0,239
1565,547,4,3,255
1566,547,3,0,255
1567,547,0,0,250
1568,547,0,5,254
1569,547,3,3,255
1570,547,8,1,254
1571,547,0,0,241
1572,547,0,0,252
1573,547,0,6,255
1574,547,0,7,255
1575,547,0,4,250
1576,547,0,0,254
1577,547,0,0,254
1578,547,0,0,254
1579,547,0,0,254
1580,547,0,0,254
1581,547,0,0,254
1582,547,0,0,254
1583,547,0,0,254
1584,547,0,0,254
1585,547,0,0,254
1586,547,0,0,254
1587,547,0,0,254
1588,547,0,0,254
1589,547,0,0,254
1590,547,0,0,254
1591,547,0,0,254
1592,547,0,4,246
1593,547,0,3,255
1594,547,3,0,253
1595,547,14,2,255
1596,547,6,0,240
1597,547,8,2,255
1598,547,0,2,254
1599,547,0,1,247
1600,547,0,0,251
1601,547,3,0,255
1602,547,3,2,255
1603,547,0,0,238
1604,547,6,5,255
1605,547,2,2,255
1606,547,0,0,246
1607,547,2,3,254
1608,547,0,0,254
1609,547,0,0,254
1610,547,0,0,254
1611,547,0,0,254
1612,547,0,0,254
1613,547,0,0,254
1614,547,0,0,254
1615,547,0,0,254
1616,547,0,0,254
1617,547,0,0,254
1618,547,0,0,254
1619,547,0,0,254
1620,547,0,0,254
1621,547,0,0,254
1622,547,0,0,254
1623,547,0,0,254
1624,547,0,0,254
1625,547,0,0,254
1626,547,0,0,254
1627,547,0,0,254
1628,547,0,0,254
1629,547,0,0,254
1630,547,0,0,254
1631,547,0,0,254
1632,547,0,0,254
1633,547,0,0,254
1634,547,0,0,254
1635,547,0,0,254
1636,547,0,0,254
1637,547,0,0,254
1638,547,0,0,254
1639,547,0,0,254
1640,547,0,0,254
1641,547,0,0,254
1642,547,0,0,254
1643,547,0,0,254
1644,547,0,0,254
1645,547,0,0,254
1646,547,0,0,254
1647,547,0,0,254
1648,547,0,0,254
1649,547,0,0,254
1650,547,0,0,254
1651,547,0,0,254
1652,547,0,0,254
1653,547,0,0,254
1654,547,0,0,254
1655,547,0,0,254
1656,547,0,0,254
1657,547,0,0,254
1658,547,0,0,254
1659,547,0,0,254
1660,547,0,0,254
1661,547,0,0,254
1662,547,0,0,254
1663,547,0,0,254
1664,547,11,1,255
1665,547,0,5,255
1666,547,0,4,255
1667,547,0,0,253
1668,547,6,7,248
1669,547,0,0,254
1670,547,5,4,255
30,548,17,0,255
31,548,2,1,255
32,548,0,0,254
33,548,0,0,254
34,548,0,0,254
35,548,0,0,254
36,548,0,0,254
37,548,0,0,254
38,548,0,0,254
39,548,0,0,254
40,548,0,0,254
41,548,0,0,254
42,548,0,0,254
43,548,0,0,254
44,548,0,0,254
45,548,0,0,254
46,548,0,0,254
47,548,0,0,254
48,548,0,0,247
49,548,1,4,255
50,548,0,0,245
51,548,0,0,253
52,548,3,2,255
53,548,0,0,252
54,548,3,0,255
55,548,5,0,255
56,548,0,0,250
57,548,1,6,255
58,548,0,0,244
59,548,0,4,244
60,548,0,0,250
61,548,0,3,255
62,548,0,0,245
63,548,0,2,255
64,548,0,0,253
65,548,0,0,253
66,548,0,0,253
67,548,0,0,253
68,548,0,0,253
69,548,0,0,253
70,548,0,0,253
71,548,0,0,253
72,548,6,5,255
73,548,4,3,255
74,548,0,1,236
75,548,4,3,254
76,548,5,4,255
77,548,2,2,255
78,548,6,6,255
79,548,0,0,252
80,548,0,0,254
81,548,0,0,254
82,548,0,0,254
83,548,0,0,254
84,548,0,0,254
85,548,0,0,254
86,548,0,0,254
87,548,0,0,254
88,548,2,2,255
89,548,0,0,253
90,548,0,0,250
91,548,0,6,242
92,548,0,2,242
93,548,0,0,253
94,548,0,0,248
95,548,0,0,252
96,548,0,0,251
97,548,0,4,255
98,548,0,1,254
99,548,0,0,246
100,548,0,0,253
101,548,4,4,250
102,548,3,4,244
103,548,2,2,255
104,548,0,0,254
105,548,0,0,254
106,548,0,0,254
107,548,0,0,254
108,548,0,0,254
109,548,0,0,254
110,548,0,0,254
111,548,0,0,254
112,548,0,0,254
113,548,0,0,254
114,548,0,0,254
115,548,0,0,254
116,548,0,0,254
117,548,0,0,254
118,548,0,0,254
119,548,0,0,254
120,548,0,0,254
121,548,0,0,254
122,548,0,0,254
123,548,0,0,254
124,548,0,0,254
125,548,0,0,254
126,548,0,0,254
127,548,0,0,254
128,548,0,0,254
129,548,0,0,254
130,548,0,0,254
131,548,0,0,254
132,548,0,0,254
133,548,0,0,254
134,548,0,0,254
135,548,0,0,254
136,548,3,2,255
137,548,2,1,252
138,548,3,3,249
139,548,0,0,248
140,548,2,1,255
141,548,0,0,251
142,548,0,0,253
143,548,0,0,252
144,548,0,2,255
145,548,0,0,245
146,548,0,3,255
147,548,0,0,250
148,548,0,4,244
149,548,0,0,244
150,548,1,6,255
151,548,0,0,250
152,548,0,0,250
153,548,1,6,255
154,548,0,0,244
155,548,0,4,244
156,548,0,0,250
157,548,0,3,255
158,548,0,0,245
159,548,0,2,255
160,548,0,0,243
161,548,0,0,253
162,548,0,4,244
163,548,0,0,253
164,548,3,4,255
165,548,5,4,255
166,548,1,0,251
167,548,3,0,255
168,548,3,2,254
169,548,2,2,255
170,548,0,0,249
171,548,0,0,243
172,548,0,5,255
173,548,0,0,243
174,548,0,3,254
175,548,0,0,251
176,548,7,0,254
177,548,7,0,255
178,548,3,0,250
179,548,0,0,252
180,548,4,4,252
181,548,0,3,255
182,548,0,1,248
183,548,0,1,253
184,548,0,0,247
185,548,0,8,252
186,548,0,1,246
187,548,0,0,248
188,548,0,2,254
189,548,5,0,252
1528,548,1,2,243
1529,548,0,0,250
1530,548,4,1,255
1531,548,6,4,255
1532,548,3,0,253
1533,548,1,0,251
1534,548,3,0,252
1535,548,2,0,251
1536,548,0,5,255
1537,548,0,0,250
1538,548,0,0,252
1539,548,0,0,250
1540,548,3,1,250
1541,548,2,6,253
1542,548,0,0,250
1543,548,0,12,248
1544,548,12,0,255
1545,548,0,0,250
1546,548,0,4,246
1547,548,0,0,252
1548,548,2,2,250
1549,548,0,0,248
1550,548,0,0,252
1551,548,0,0,247
1552,548,0,0,254
1553,548,0,0,254
1554,548,0,0,254
1555,548,0,0,254
1556,548,0,0,254
1557,548,0,0,254
1558,548,0,0,254
1559,548,0,0,254
1560,548,0,0,253
1561,548,5,5,255
1562,548,1,1,255
1563,548,5,4,255
1564,548,5,4,255
1565,548,0,2,237
1566,548,4,3,255
1567,548,5,4,255
1568,548,0,0,251
1569,548,4,4,255
1570,548,1,0,251
1571,548,4,0,249
1572,548,4,4,255
1573,548,0,3,245
1574,548,0,0,251
1575,548,1,1,247
1576,548,0,0,254
1577,548,0,0,254
1578,548,0,0,254
1579,548,0,0,254
1580,548,0,0,254
1581,548,0,0,254
1582,548,0,0,254
1583,548,0,0,254
1584,548,0,0,254
1585,548,0,0,254
1586,548,0,0,254
1587,548,0,0,254
1588,548,0,0,254
1589,548,0,0,254
1590,548,0,0,254
1591,548,0,0,254
1592,548,2,1,255
1593,548,5,4,255
1594,548,4,3,255
1595,548,0,0,247
1596,548,3,2,254
1597,548,2,0,252
1598,548,0,0,233
1599,548,7,0,255
1600,548,6,5,255
1601,548,4,3,255
1602,548,0,1,236
1603,548,4,3,254
1604,548,5,4,255
1605,548,2,2,255
1606,548,6,6,255
1607,548,0,0,252
1608,548,0,0,254
1609,548,0,0,254
1610,548,0,0,254
1611,548,0,0,254
1612,548,0,0,254
1613,548,0,0,254
1614,548,0,0,254
1615,548,0,0,254
1616,548,0,0,254
1617,548,0,0,254
1618,548,0,0,254
1619,548,0,0,254
1620,548,0,0,254
1621,548,0,0,254
1622,548,0,0,254
1623,548,0,0,254
1624,548,0,0,254
1625,548,0,0,254
1626,548,0,0,254
1627,548,0,0,254
1628,548,0,0,254
1629,548,0,0,254
1630,548,0,0,254
1631,548,0,0,254
1632,548,0,0,254
1633,548,0,0,254
1634,548,0,0,254
1635,548,0,0,254
1636,548,0,0,254
1637,548,0,0,254
1638,548,0,0,254
1639,548,0,0,254
1640,548,0,0,254
1641,548,0,0,254
1642,548,0,0,254
1643,548,0,0,254
1644,548,0,0,254
1645,548,0,0,254
1646,548,0,0,254
1647,548,0,0,254
1648,548,0,0,254
1649,548,0,0,254
1650,548,0,0,254
1651,548,0,0,254
1652,548,0,0,254
1653,548,0,0,254
1654,548,0,0,254
1655,548,0,0,254
1656,548,0,0,254
1657,548,0,0,254
1658,548,0,0,254
1659,548,0,0,254
1660,548,0,0,254
1661,548,0,0,254
1662,548,0,0,254
1663,548,0,0,254
1664,548,5,0,245
1665,548,2,8,250
1666,548,0,0,246
1667,548,0,1,254
1668,548,5,2,255
1669,548,0,4,255
1670,548,0,0,245
17,549,3,0,250
18,549,6,1,244
19,549,0,0,238
20,549,8,2,255
21,549,2,0,240
22,549,0,0,251
23,549,0,0,245
24,549,1,2,253
25,549,0,0,252
26,549,4,1,254
27,549,1,4,255
28,549,0,0,249
29,549,6,7,255
30,549,0,1,252
31,549,0,8,247
32,549,0,0,254
33,549,0,0,254
34,549,0,0,254
35,549,0,0,254
36,549,0,0,254
37,549,0,0,254
38,549,0,0,254
39,549,0,0,254
40,549,0,0,254
41,549,0,0,254
42,549,0,0,254
43,549,0,0,254
44,549,0,0,254
45,549,0,0,254
46,549,0,0,254
47,549,0,0,254
48,549,0,3,254
49,549,0,2,240
50,549,6,8,253
51,549,6,3,255
52,549,0,0,252
53,549,2,1,255
54,549,0,0,247
55,549,0,5,234
56,549,0,6,253
57,549,0,1,253
58,549,0,2,254
59,549,3,3,255
60,549,0,0,252
61,549,1,0,254
62,549,4,3,255
63,549,0,0,252
64,549,4,0,252
65,549,4,0,252
66,549,4,0,252
67,549,4,0,252
68,549,4,0,252
69,549,4,0,252
70,549,4,0,252
71,549,4,0,252
72,549,0,0,242
73,549,1,1,255
74,549,2,2,255
75,549,1,1,255
76,549,0,0,253
77,549,0,0,252
78,549,0,0,249
79,549,0,0,239
80,549,0,0,254
81,549,0,0,254
82,549,0,0,254
83,549,0,0,254
84,549,0,0,254
85,549,0,0,254
86,549,0,0,254
87,549,0,0,254
88,549,1,0,254
89,549,0,0,245
90,549,3,2,255
91,549,3,2,255
92,549,4,3,255
93,549,5,5,251
94,549,3,2,254
95,549,5,4,255
96,549,5,2,255
97,549,4,4,250
98,549,0,0,251
99,549,0,1,246
100,549,0,4,255
101,549,0,0,249
102,549,0,2,254
103,549,0,4,252
104,549,0,0,254
105,549,0,0,254
106,549,0,0,254
107,549,0,0,254
108,549,0,0,254
109,549,0,0,254
110,549,0,0,254
111,549,0,0,254
112,549,0,0,254
113,549,0,0,254
114,549,0,0,254
115,549,0,0,254
116,549,0,0,254
117,549,0,0,254
118,549,0,0,254
119,549,0,0,254
120,549,0,0,254
121,549,0,0,254
122,549,0,0,254
123,549,0,0,254
124,549,0,0,254
125,549,0,0,254
126,549,0,0,254
127,549,0,0,254
128,549,0,0,254
129,549,0,0,254
130,549,0,0,254
131,549,0,0,254
132,549,0,0,254
133,549,0,0,254
134,549,0,0,254
135,549,0,0,254
136,549,1,0,254
137,549,0,0,252
138,549,1,1,255
139,549,0,0,248
140,549,1,4,255
141,549,0,1,246
142,549,1,5,252
143,549,0,2,251
144,549,0,0,252
145,549,4,3,255
146,549,1,0,254
147,549,0,0,252
148,549,3,3,255
149,549,0,2,254
150,549,0,1,253
151,549,0,6,253
152,549,0,6,253
153,549,0,1,253
154,549,0,2,254
155,549,3,3,255
156,549,0,0,252
157,549,1,0,254
158,549,4,3,255
159,549,0,0,252
160,549,1,0,254
161,549,9,8,255
162,549,0,0,251
163,549,0,3,254
164,549,2,5,255
165,549,0,0,248
166,549,0,0,246
167,549,5,2,255
168,549,0,3,248
169,549,0,3,241
170,549,0,4,255
171,549,0,0,250
172,549,0,2,255
173,549,6,8,249
174,549,1,1,247
175,549,0,0,252
176,549,0,0,251
177,549,0,5,251
178,549,0,4,254
179,549,0,0,250
180,549,2,6,253
181,549,0,0,252
182,549,0,0,252
183,549,4,4,248
184,549,0,0,250
185,549,6,0,255
186,549,6,2,249
187,549,0,3,255
188,549,0,6,243
189,549,0,5,254
190,549,1,4,255
1527,549,14,0,255
1528,549,0,1,252
1529,549,0,4,255
1530,549,0,1,253
1531,549,0,0,253
1532,549,3,7,254
1533,549,0,1,253
1534,549,0,3,245
1535,549,0,11,255
1536,549,9,1,255
1537,549,1,0,248
1538,549,0,3,255
1539,549,0,6,250
1540,549,0,0,250
1541,549,2,2,255
1542,549,6,0,255
1543,549,2,0,249
1544,549,6,0,255
1545,549,1,0,254
1546,549,0,0,251
1547,549,1,2,252
1548,549,3,3,249
1549,549,2,1,255
1550,549,0,0,246
1551,549,1,4,255
1552,549,0,0,254
1553,549,0,0,254
1554,549,0,0,254
1555,549,0,0,254
1556,549,0,0,254
1557,549,0,0,254
1558,549,0,0,254
1559,549,0,0,254
1560,549,0,0,237
1561,549,0,0,249
1562,549,1,1,255
1563,549,1,1,255
1564,549,0,0,253
1565,549,0,0,253
1566,549,0,0,254
1567,549,0,1,244
1568,549,0,4,251
1569,549,0,0,250
1570,549,7,4,255
1571,549,0,0,235
1572,549,7,5,252
1573,549,4,3,255
1574,549,2,0,254
1575,549,0,0,248
1576,549,0,0,254
1577,549,0,0,254
1578,549,0,0,254
1579,549,0,0,254
1580,549,0,0,254
1581,549,0,0,254
1582,549,0,0,254
1583,549,0,0,254
1584,549,0,0,254
1585,549,0,0,254
1586,549,0,0,254
1587,549,0,0,254
1588,549,0,0,254
1589,549,0,0,254
1590,549,0,0,254
1591,549,0,0,254
1592,549,0,0,241
1593,549,0,0,250
1594,549,0,4,255
1595,549,0,0,251
1596,549,0,2,245
1597,549,0,0,245
1598,549,3,0,253
1599,549,8,0,243
1600,549,0,0,242
1601,549,1,1,255
1602,549,2,2,255
1603,549,1,1,255
1604,549,0,0,253
1605,549,0,0,252
1606,549,0,0,249
1607,549,0,0,239
1608,549,0,0,254
1609,549,0,0,254
1610,549,0,0,254
1611,549,0,0,254
1612,549,0,0,254
1613,549,0,0,254
1614,549,0,0,254
1615,549,0,0,254
1616,549,0,0,254
1617,549,0,0,254
1618,549,0,0,254
1619,549,0,0,254
1620,549,0,0,254
1621,549,0,0,254
1622,549,0,0,254
1623,549,0,0,254
1624,549,0,0,254
1625,549,0,0,254
1626,549,0,0,254
1627,549,0,0,254
1628,549,0,0,254
1629,549,0,0,254
1630,549,0,0,254
1631,549,0,0,254
1632,549,0,0,254
1633,549,0,0,254
1634,549,0,0,254
1635,549,0,0,254
1636,549,0,0,254
1637,549,0,0,254
1638,549,0,0,254
1639,549,0,0,254
1640,549,0,0,254
1641,549,0,0,254
1642,549,0,0,254
1643,549,0,0,254
1644,549,0,0,254
1645,549,0,0,254
1646,549,0,0,254
1647,549,0,0,254
1648,549,0,0,254
1649,549,0,0,254
1650,549,0,0,254
1651,549,0,0,254
1652,549,0,0,254
1653,549,0,0,254
1654,549,0,0,254
1655,549,0,0,254
1656,549,0,0,254
1657,549,0,0,254
1658,549,0,0,254
1659,549,0,0,254
1660,549,0,0,254
1661,549,0,0,254
1662,549,0,0,254
1663,549,0,0,254
1664,549,0,0,238
1665,549,0,0,249
1666,549,1,4,255
1667,549,0,4,255
1668,549,0,0,248
1669,549,0,2,243
1670,549,0,1,253
15,550,14,0,255
16,550,0,0,239
17,550,5,2,255
18,550,3,0,255
19,550,0,0,248
20,550,4,4,255
21,550,0,0,249
22,550,4,7,255
23,550,0,1,254
24,550,1,2,253
25,550,0,0,238
26,550,0,0,240
27,550,0,0,252
28,550,0,2,253
29,550,7,0,251
30,550,8,0,245
31,550,6,0,253
32,550,0,0,254
33,550,0,0,254
34,550,0,0,254
35,550,0,0,254
36,550,0,0,254
37,550,0,0,254
38,550,0,0,254
39,550,0,0,254
40,550,0,0,254
41,550,0,0,254
42,550,0,0,254
43,550,0,0,254
44,550,0,0,254
45,550,0,0,254
46,550,0,0,254
47,550,0,0,254
48,550,0,0,245
49,550,0,0,253
50,550,4,2,251
51,550,2,0,251
52,550,5,2,255
53,550,0,0,249
54,550,1,4,255
55,550,0,4,255
56,550,0,1,253
57,550,0,2,249
58,550,4,3,255
59,550,1,0,251
60,550,0,0,235
61,550,2,0,254
62,550,0,0,246
63,550,4,7,255
64,550,1,1,255
65,550,1,1,255
66,550,1,1,255
67,550,1,1,255
68,550,1,1,255
69,550,1,1,255
70,550,1,1,255
71,550,1,1,255
72,550,2,2,255
73,550,0,0,254
74,550,0,0,249
75,550,0,2,247
76,550,7,7,255
77,550,0,0,247
78,550,0,0,249
79,550,2,1,255
80,550,0,0,254
81,550,0,0,254
82,550,0,0,254
83,550,0,0,254
84,550,0,0,254
85,550,0,0,254
86,550,0,0,254
87,550,0,0,254
88,550,1,4,255
89,550,4,7,255
90,550,0,2,255
91,550,0,2,255
92,550,0,0,249
93,550,2,2,255
94,550,0,0,242
95,550,2,2,255
96,550,3,0,250
97,550,2,0,254
98,550,0,0,251
99,550,3,3,255
100,550,0,2,249
101,550,0,5,249
102,550,6,11,255
103,550,0,0,249
104,550,0,0,254
105,550,0,0,254
106,550,0,0,254
107,550,0,0,254
108,550,0,0,254
109,550,0,0,254
110,550,0,0,254
111,550,0,0,254
112,550,0,0,254
113,550,0,0,254
114,550,0,0,254
115,550,0,0,254
116,550,0,0,254
117,550,0,0,254
118,550,0,0,254
119,550,0,0,254
120,550,0,0,254
121,550,0,0,254
122,550,0,0,254
123,550,0,0,254
124,550,0,0,254
125,550,0,0,254
126,550,0,0,254
127,550,0,0,254
128,550,0,0,254
129,550,0,0,254
130,550,0,0,254
131,550,0,0,254
132,550,0,0,254
133,550,0,0,254
134,550,0,0,254
135,550,0,0,254
136,550,0,0,251
137,550,4,4,255
138,550,0,1,249
139,550,0,0,254
140,550,2,2,250
141,550,2,1,255
142,550,0,0,250
143,550,4,3,255
144,550,4,7,255
145,550,0,0,246
146,550,2,0,254
147,550,0,0,235
148,550,1,0,251
149,550,4,3,255
150,550,0,2,249
151,550,0,1,253
152,550,0,1,253
153,550,0,2,249
154,550,4,3,255
155,550,1,0,251
156,550,0,0,235
157,550,2,0,254
158,550,0,0,246
159,550,4,7,255
160,550,0,1,253
161,550,0,0,251
162,550,2,0,247
163,550,3,0,250
164,550,3,0,253
165,550,0,0,248
166,550,0,4,255
167,550,0,6,239
168,550,4,4,248
169,550,3,2,255
170,550,3,2,255
171,550,2,2,250
172,550,4,3,255
173,550,3,3,251
174,550,0,0,243
175,550,0,0,254
176,550,0,5,249
177,550,0,0,249
178,550,0,5,249
179,550,0,0,252
180,550,0,2,253
181,550,0,0,251
182,550,1,1,255
183,550,0,0,251
184,550,0,4,254
185,550,1,0,251
186,550,2,0,249
187,550,2,2,255
188,550,8,0,255
189,550,7,0,255
190,550,8,0,241
196,550,14,2,248
197,550,5,2,255
198,550,0,1,253
199,550,0,0,237
200,550,0,0,240
201,550,12,0,255
1525,550,11,0,253
1526,550,7,0,255
1527,550,0,0,248
1528,550,0,4,253
1529,550,0,0,252
1530,550,0,1,254
1531,550,0,2,238
1532,550,0,0,250
1533,550,3,5,250
1534,550,0,0,252
1535,550,0,0,245
1536,550,0,0,253
1537,550,4,2,253
1538,550,4,0,242
1539,550,1,0,250
1540,550,4,0,239
1541,550,0,0,250
1542,550,2,2,255
1543,550,0,5,255
1544,550,0,3,255
1545,550,0,0,247
1546,550,5,4,255
1547,550,0,1,248
1548,550,3,2,255
1549,550,0,0,251
1550,550,4,4,255
1551,550,0,0,254
1552,550,0,0,254
1553,550,0,0,254
1554,550,0,0,254
1555,550,0,0,254
1556,550,0,0,254
1557,550,0,0,254
1558,550,0,0,254
1559,550,0,0,254
1560,550,4,3,255
1561,550,0,0,249
1562,550,0,0,245
1563,550,6,6,255
1564,550,1,3,248
1565,550,0,0,252
1566,550,0,0,254
1567,550,0,0,254
1568,550,0,0,248
1569,550,0,0,248
1570,550,1,0,251
1571,550,3,3,255
1572,550,0,0,250
1573,550,5,4,255
1574,550,0,0,248
1575,550,5,3,252
1576,550,0,0,254
1577,550,0,0,254
1578,550,0,0,254
1579,550,0,0,254
1580,550,0,0,254
1581,550,0,0,254
1582,550,0,0,254
1583,550,0,0,254
1584,550,0,0,254
1585,550,0,0,254
1586,550,0,0,254
1587,550,0,0,254
1588,550,0,0,254
1589,550,0,0,254
1590,550,0,0,254
1591,550,0,0,254
1592,550,2,11,252
1593,550,0,1,251
1594,550,0,0,250
1595,550,5,4,255
1596,550,6,5,255
1597,550,0,0,229
1598,550,1,6,246
1599,550,0,3,255
1600,550,2,2,255
1601,550,0,0,254
1602,550,0,0,249
1603,550,0,2,247
1604,550,7,7,255
1605,550,0,0,247
1606,550,0,0,249
1607,550,2,1,255
1608,550,0,0,254
1609,550,0,0,254
1610,550,0,0,254
1611,550,0,0,254
1612,550,0,0,254
1613,550,0,0,254
1614,550,0,0,254
1615,550,0,0,254
1616,550,0,0,254
1617,550,0,0,254
1618,550,0,0,254
1619,550,0,0,254
1620,550,0,0,254
1621,550,0,0,254
1622,550,0,0,254
1623,550,0,0,254
1624,550,0,0,254
1625,550,0,0,254
1626,550,0,0,254
1627,550,0,0,254
1628,550,0,0,254
1629,550,0,0,254
1630,550,0,0,254
1631,550,0,0,254
1632,550,0,0,254
1633,550,0,0,254
1634,550,0,0,254
1635,550,0,0,254
1636,550,0,0,254
1637,550,0,0,254
1638,550,0,0,254
1639,550,0,0,254
1640,550,0,0,254
1641,550,0,0,254
1642,550,0,0,254
1643,550,0,0,254
1644,550,0,0,254
1645,550,0,0,254
1646,550,0,0,254
1647,550,0,0,254
1648,550,0,0,254
1649,550,0,0,254
1650,550,0,0,254
1651,550,0,0,254
1652,550,0,0,254
1653,550,0,0,254
1654,550,0,0,254
1655,550,0,0,254
1656,550,0,0,254
1657,550,0,0,254
1658,550,0,0,254
1659,550,0,0,254
1660,550,0,0,254
1661,550,0,0,254
1662,550,0,0,254
1663,550,0,0,254
1664,550,0,1,254
1665,550,0,0,247
1666,550,3,2,255
1667,550,0,2,254
1668,550,2,0,254
1669,550,0,0,253
1670,550,0,5,255
15,551,9,0,244
16,551,3,2,255
17,551,1,1,255
18,551,0,1,249
19,551,0,0,252
20,551,0,3,255
21,551,0,0,251
22,551,0,7,255
23,551,0,0,248
24,551,3,0,250
25,551,5,0,254
26,551,6,5,255
27,551,0,7,255
28,551,0,3,253
29,551,0,0,239
30,551,5,2,255
31,551,0,0,252
32,551,0,0,254
33,551,0,0,254
34,551,0,0,254
35,551,0,0,254
36,551,0,0,254
37,551,0,0,254
38,551,0,0,254
39,551,0,0,254
40,551,0,0,254
41,551,0,0,254
42,551,0,0,254
43,551,0,0,254
44,551,0,0,254
45,551,0,0,254
46,551,0,0,254
47,551,0,0,254
48,551,2,1,255
49,551,2,2,255
50,551,0,0,254
51,551,0,2,255
52,551,0,3,255
53,551,0,2,248
54,551,0,3,249
55,551,0,1,253
56,551,1,3,246
57,551,0,0,252
58,551,5,0,255
59,551,8,0,255
60,551,7,1,255
61,551,2,1,253
62,551,2,6,251
63,551,0,0,248
64,551,0,0,253
65,551,0,0,253
66,551,0,0,253
67,551,0,0,253
68,551,0,0,253
69,551,0,0,253
70,551,0,0,253
71,551,0,0,253
72,551,0,0,247
73,551,0,0,253
74,551,0,0,253
75,551,2,3,254
76,551,0,0,252
77,551,0,0,239
78,551,3,2,255
79,551,3,2,255
80,551,0,0,254
81,551,0,0,254
82,551,0,0,254
83,551,0,0,254
84,551,0,0,254
85,551,0,0,254
86,551,0,0,254
87,551,0,0,254
88,551,0,0,247
89,551,1,1,255
90,551,0,1,251
91,551,0,0,249
92,551,0,0,251
93,551,3,3,249
94,551,2,1,255
95,551,2,1,255
96,551,0,4,255
97,551,0,5,255
98,551,0,0,253
99,551,1,0,242
100,551,5,0,251
101,551,5,0,255
102,551,1,0,254
103,551,0,0,251
104,551,0,0,254
105,551,0,0,254
106,551,0,0,254
107,551,0,0,254
108,551,0,0,254
109,551,0,0,254
110,551,0,0,254
111,551,0,0,254
112,551,0,0,254
113,551,0,0,254
114,551,0,0,254
115,551,0,0,254
116,551,0,0,254
117,551,0,0,254
118,551,0,0,254
119,551,0,0,254
120,551,0,0,254
121,551,0,0,254
122,551,0,0,254
123,551,0,0,254
124,551,0,0,254
125,551,0,0,254
126,551,0,0,254
127,551,0,0,254
128,551,0,0,254
129,551,0,0,254
130,551,0,0,254
131,551,0,0,254
132,551,0,0,254
133,551,0,0,254
134,551,0,0,254
135,551,0,0,254
136,551,2,1,253
137,551,1,0,254
138,551,1,1,255
139,551,0,0,250
140,551,2,7,255
141,551,0,2,252
142,551,0,4,253
143,551,0,2,254
144,551,0,0,248
145,551,2,6,251
146,551,2,1,253
147,551,7,1,255
148,551,8,0,255
149,551,5,0,255
150,551,0,0,252
151,551,1,3,246
152,551,1,3,246
153,551,0,0,252
154,551,5,0,255
155,551,8,0,255
156,551,7,1,255
157,551,2,1,253
158,551,2,6,251
159,551,0,0,248
160,551,4,4,255
161,551,0,1,242
162,551,3,7,252
163,551,0,0,250
164,551,0,0,252
165,551,2,2,255
166,551,5,4,255
167,551,0,0,251
168,551,0,0,252
169,551,4,4,255
170,551,0,0,236
171,551,0,0,249
172,551,1,0,254
173,551,1,0,254
174,551,1,0,254
175,551,4,3,255
176,551,2,0,254
177,551,2,0,254
178,551,2,0,254
179,551,5,3,250
180,551,0,0,252
181,551,3,0,255
182,551,3,0,255
183,551,4,1,255
184,551,12,0,255
185,551,0,3,245
186,551,1,0,254
187,551,3,0,253
188,551,0,0,248
189,551,0,0,247
190,551,4,0,251
191,551,1,1,255
195,551,19,0,247
196,551,2,0,249
197,551,0,0,244
198,551,0,6,255
199,551,0,6,255
200,551,0,7,255
201,551,0,0,239
202,551,0,3,255
203,551,2,1,255
204,551,0,0,244
205,551,2,1,255
206,551,0,3,252
207,551,0,2,252
208,551,25,0,254
1523,551,0,0,246
1524,551,7,9,252
1525,551,0,0,252
1526,551,0,0,253
1527,551,2,1,252
1528,551,11,0,255
1529,551,3,0,241
1530,551,2,2,255
1531,551,0,1,249
1532,551,0,7,248
1533,551,1,1,255
1534,551,2,0,249
1535,551,10,0,255
1536,551,1,2,250
1537,551,0,0,250
1538,551,0,1,254
1539,551,4,8,255
1540,551,0,2,255
1541,551,0,2,251
1542,551,0,0,252
1543,551,1,3,246
1544,551,0,3,255
1545,551,0,0,252
1546,551,3,3,251
1547,551,0,0,249
1548,551,2,1,255
1549,551,3,0,253
1550,551,0,0,252
1551,551,1,1,255
1552,551,0,0,254
1553,551,0,0,254
1554,551,0,0,254
1555,551,0,0,254
1556,551,0,0,254
1557,551,0,0,254
1558,551,0,0,254
1559,551,0,0,254
1560,551,3,2,255
1561,551,3,2,255
1562,551,0,1,240
1563,551,0,0,253
1564,551,1,2,253
1565,551,0,0,252
1566,551,0,0,253
1567,551,0,0,248
1568,551,5,5,255
1569,551,0,0,250
1570,551,0,0,250
1571,551,0,3,255
1572,551,0,2,242
1573,551,2,5,255
1574,551,0,0,245
1575,551,0,1,252
1576,551,0,0,254
1577,551,0,0,254
1578,551,0,0,254
1579,551,0,0,254
1580,551,0,0,254
1581,551,0,0,254
1582,551,0,0,254
1583,551,0,0,254
1584,551,0,0,254
1585,551,0,0,254
1586,551,0,0,254
1587,551,0,0,254
1588,551,0,0,254
1589,551,0,0,254
1590,551,0,0,254
1591,551,0,0,254
1592,551,9,1,255
1593,551,0,0,248
1594,551,7,1,255
1595,551,0,0,238
1596,551,3,2,255
1597,551,3,3,255
1598,551,0,1,254
1599,551,0,0,253
1600,551,0,0,247
1601,551,0,0,253
1602,551,0,0,253
1603,551,2,3,254
1604,551,0,0,252
1605,551,0,0,239
1606,551,3,2,255
1607,551,3,2,255
1608,551,0,0,254
1609,551,0,0,254
1610,551,0,0,254
1611,551,0,0,254
1612,551,0,0,254
1613,551,0,0,254
1614,551,0,0,254
1615,551,0,0,254
1616,551,0,0,254
1617,551,0,0,254
1618,551,0,0,254
1619,551,0,0,254
1620,551,0,0,254
1621,551,0,0,254
1622,551,0,0,254
1623,551,0,0,254
1624,551,0,0,254
1625,551,0,0,254
1626,551,0,0,254
1627,551,0,0,254
1628,551,0,0,254
1629,551,0,0,254
1630,551,0,0,254
1631,551,0,0,254
1632,551,0,0,254
1633,551,0,0,254
1634,551,0,0,254
1635,551,0,0,254
1636,551,0,0,254
1637,551,0,0,254
1638,551,0,0,254
1639,551,0,0,254
1640,551,0,0,254
1641,551,0,0,254
1642,551,0,0,254
1643,551,0,0,254
1644,551,0,0,254
1645,551,0,0,254
1646,551,0,0,254
1647,551,0,0,254
1648,551,0,0,254
1649,551,0,0,254
1650,551,0,0,254
1651,551,0,0,254
1652,551,0,0,254
1653,551,0,0,254
1654,551,0,0,254
1655,551,0,0,254
1656,551,0,0,254
1657,551,0,0,254
1658,551,0,0,254
1659,551,0,0,254
1660,551,0,0,254
1661,551,0,0,254
1662,551,0,0,254
1663,551,0,0,254
1664,551,0,2,254
1665,551,4,0,251
1666,551,7,5,254
1667,551,0,1,253
1668,551,4,2,253
1669,551,3,3,255
1670,551,0,0,250
14,552,5,4,255
15,552,0,0,252
16,552,0,0,254
17,552,0,0,254
18,552,0,0,254
19,552,0,0,254
20,552,0,0,254
21,552,0,0,254
22,552,0,0,254
23,552,0,0,254
24,552,0,0,254
25,552,0,0,254
26,552,0,0,254
27,552,0,0,254
28,552,0,0,254
29,552,0,0,254
30,552,0,0,254
31,552,0,0,254
32,552,0,0,254
33,552,0,0,254
34,552,0,0,254
35,552,0,0,254
36,552,0,0,254
37,552,0,0,254
38,552,0,0,254
39,552,0,0,254
40,552,0,0,254
41,552,0,0,254
42,552,0,0,254
43,552,0,0,254
44,552,0,0,254
45,552,0,0,254
46,552,0,0,254
47,552,0,0,254
48,552,0,0,254
49,552,0,0,254
50,552,0,0,254
51,552,0,0,254
52,552,0,0,254
53,552,0,0,254
54,552,0,0,254
55,552,0,0,254
56,552,0,0,254
57,552,0,0,254
58,552,0,0,254
59,552,0,0,254
60,552,0,0,254
61,552,0,0,254
62,552,0,0,254
63,552,0,0,254
64,552,11,1,255
65,552,1,0,250
66,552,0,0,253
67,552,0,0,246
68,552,0,0,248
69,552,0,2,247
70,552,4,3,255
71,552,1,0,253
72,552,0,0,250
73,552,3,0,255
74,552,0,0,252
75,552,7,7,255
76,552,0,0,241
77,552,0,0,251
78,552,0,3,254
79,552,0,6,244
80,552,0,0,254
81,552,0,0,254
82,552,0,0,254
83,552,0,0,254
84,552,0,0,254
85,552,0,0,254
86,552,0,0,254
87,552,0,0,254
88,552,0,0,254
89,552,0,0,254
90,552,0,0,254
91,552,0,0,254
92,552,0,0,254
93,552,0,0,254
94,552,0,0,254
95,552,0,0,254
96,552,0,0,254
97,552,0,0,254
98,552,0,0,254
99,552,0,0,254
100,552,0,0,254
101,552,0,0,254
102,552,0,0,254
103,552,0,0,254
104,552,2,1,255
105,552,6,5,255
106,552,0,0,237
107,552,0,0,254
108,552,2,3,254
109,552,0,0,250
110,552,1,1,255
111,552,0,0,247
112,552,15,0,255
113,552,0,0,252
114,552,0,3,252
115,552,5,3,252
116,552,0,0,248
117,552,0,5,253
118,552,0,7,255
119,552,0,2,249
120,552,0,0,246
121,552,1,1,255
122,552,0,0,251
123,552,3,4,255
124,552,0,0,253
125,552,0,0,236
126,552,5,4,255
127,552,3,2,255
128,552,11,1,255
129,552,1,0,250
130,552,0,0,253
131,552,0,0,246
132,552,0,0,248
133,552,0,2,247
134,552,4,3,255
135,552,1,0,253
136,552,0,0,246
137,552,1,1,255
138,552,0,0,251
139,552,3,4,255
140,552,0,0,253
141,552,0,0,236
142,552,5,4,255
143,552,3,2,255
144,552,0,0,250
145,552,3,4,255
146,552,0,0,251
147,552,0,4,255
148,552,0,4,251
149,552,0,5,254
150,552,0,0,249
151,552,0,0,252
152,552,0,0,254
153,552,0,0,254
154,552,0,0,254
155,552,0,0,254
156,552,0,0,254
157,552,0,0,254
158,552,0,0,254
159,552,0,0,254
160,552,0,0,254
161,552,0,0,254
162,552,0,0,254
163,552,0,0,254
164,552,0,0,254
165,552,0,0,254
166,552,0,0,254
167,552,0,0,254
168,552,0,0,254
169,552,0,0,254
170,552,0,0,254
171,552,0,0,254
172,552,0,0,254
173,552,0,0,254
174,552,0,0,254
175,552,0,0,254
176,552,0,0,254
177,552,0,0,254
178,552,0,0,254
179,552,0,0,254
180,552,0,0,254
181,552,0,0,254
182,552,0,0,254
183,552,0,0,254
184,552,0,0,254
185,552,0,0,254
186,552,0,0,254
187,552,0,0,254
188,552,0,0,254
189,552,0,0,254
190,552,0,0,254
191,552,0,0,254
192,552,7,3,250
194,552,8,2,255
195,552,5,2,255
196,552,0,0,249
197,552,0,0,250
198,552,0,0,253
199,552,0,0,251
200,552,0,0,254
201,552,0,0,254
202,552,0,0,254
203,552,0,0,254
204,552,0,0,254
205,552,0,0,254
206,552,0,0,254
207,552,0,0,254
208,552,1,1,255
209,552,0,0,249
210,552,2,2,255
211,552,0,0,253
212,552,6,0,247
1522,552,11,0,254
1523,552,8,2,255
1524,552,0,0,247
1525,552,0,2,251
1526,552,0,3,255
1527,552,0,0,250
1528,552,0,0,254
1529,552,0,0,254
1530,552,0,0,254
1531,552,0,0,254
1532,552,0,0,254
1533,552,0,0,254
1534,552,0,0,254
1535,552,0,0,254
1536,552,0,0,254
1537,552,0,0,254
1538,552,0,0,254
1539,552,0,0,254
1540,552,0,0,254
1541,552,0,0,254
1542,552,0,0,254
1543,552,0,0,254
1544,552,0,0,254
1545,552,0,0,254
1546,552,0,0,254
1547,552,0,0,254
1548,552,0,0,254
1549,552,0,0,254
1550,552,0,0,254
1551,552,0,0,254
1552,552,0,0,254
1553,552,0,0,254
1554,552,0,0,254
1555,552,0,0,254
1556,552,0,0,254
1557,552,0,0,254
1558,552,0,0,254
1559,552,0,0,254
1560,552,5,0,253
1561,552,0,0,254
1562,552,2,1,243
1563,552,0,8,250
1564,552,0,0,250
1565,552,0,2,250
1566,552,2,0,246
1567,552,6,0,255
1568,552,0,0,254
1569,552,0,0,254
1570,552,0,0,254
1571,552,0,0,254
1572,552,0,0,254
1573,552,0,0,254
1574,552,0,0,254
1575,552,0,0,254
1576,552,0,1,244
1577,552,0,2,254
1578,552,0,7,255
1579,552,0,0,249
1580,552,4,1,255
1581,552,0,0,248
1582,552,0,2,237
1583,552,0,0,252
1584,552,0,0,248
1585,552,2,6,251
1586,552,2,1,253
1587,552,7,1,255
1588,552,8,0,255
1589,552,5,0,255
1590,552,0,0,252
1591,552,1,3,246
1592,552,0,0,254
1593,552,0,0,254
1594,552,0,0,254
1595,552,0,0,254
1596,552,0,0,254
1597,552,0,0,254
1598,552,0,0,254
1599,552,0,0,254
1600,552,0,0,254
1601,552,0,0,254
1602,552,0,0,254
1603,552,0,0,254
1604,552,0,0,254
1605,552,0,0,254
1606,552,0,0,254
1607,552,0,0,254
1608,552,0,0,246
1609,552,1,1,255
1610,552,0,0,251
1611,552,3,4,255
1612,552,0,0,253
1613,552,0,0,236
1614,552,5,4,255
1615,552,3,2,255
1616,552,11,1,255
1617,552,1,0,250
1618,552,0,0,253
1619,552,0,0,246
1620,552,0,0,248
1621,552,0,2,247
1622,552,4,3,255
1623,552,1,0,253
1624,552,0,3,253
1625,552,6,0,255
1626,552,12,0,255
1627,552,9,1,255
1628,552,0,3,252
1629,552,0,3,252
1630,552,1,4,255
1631,552,5,0,252
1632,552,0,0,254
1633,552,0,0,254
1634,552,0,0,254
1635,552,0,0,254
1636,552,0,0,254
1637,552,0,0,254
1638,552,0,0,254
1639,552,0,0,254
1640,552,2,0,254
1641,552,0,0,252
1642,552,5,4,255
1643,552,4,5,246
1644,552,1,1,255
1645,552,0,3,255
1646,552,0,2,254
1647,552,0,4,255
1648,552,0,5,255
1649,552,0,6,243
1650,552,0,0,250
1651,552,0,2,255
1652,552,1,1,255
1653,552,3,6,243
1654,552,0,0,252
1655,552,1,2,252
1656,552,0,0,251
1657,552,0,0,250
1658,552,0,0,254
1659,552,0,3,252
1660,552,0,4,253
1661,552,0,0,253
1662,552,6,0,254
1663,552,5,0,252
1664,552,0,0,251
1665,552,1,0,252
1666,552,5,0,254
1667,552,6,0,250
1668,552,4,3,255
1669,552,0,2,239
1670,552,8,0,255
14,553,4,3,254
15,553,0,0,252
16,553,0,0,254
17,553,0,0,254
18,553,0,0,254
19,553,0,0,254
20,553,0,0,254
21,553,0,0,254
22,553,0,0,254
23,553,0,0,254
24,553,0,0,254
25,553,0,0,254
26,553,0,0,254
27,553,0,0,254
28,553,0,0,254
29,553,0,0,254
30,553,0,0,254
31,553,0,0,254
32,553,0,0,254
33,553,0,0,254
34,553,0,0,254
35,553,0,0,254
36,553,0,0,254
37,553,0,0,254
38,553,0,0,254
39,553,0,0,254
40,553,0,0,254
41,553,0,0,254
42,553,0,0,254
43,553,0,0,254
44,553,0,0,254
45,553,0,0,254
46,553,0,0,254
47,553,0,0,254
48,553,0,0,254
49,553,0,0,254
50,553,0,0,254
51,553,0,0,254
52,553,0,0,254
53,553,0,0,254
54,553,0,0,254
55,553,0,0,254
56,553,0,0,254
57,553,0,0,254
58,553,0,0,254
59,553,0,0,254
60,553,0,0,254
61,553,0,0,254
62,553,0,0,254
63,553,0,0,254
64,553,0,0,245
65,553,3,6,255
66,553,0,3,247
67,553,2,9,255
68,553,0,3,255
69,553,0,0,252
70,553,2,1,255
71,553,3,1,248
72,553,0,1,254
73,553,1,6,246
74,553,0,0,251
75,553,0,0,253
76,553,3,2,255
77,553,4,3,255
78,553,1,0,254
79,553,0,0,250
80,553,0,0,254
81,553,0,0,254
82,553,0,0,254
83,553,0,0,254
84,553,0,0,254
85,553,0,0,254
86,553,0,0,254
87,553,0,0,254
88,553,0,0,254
89,553,0,0,254
90,553,0,0,254
91,553,0,0,254
92,553,0,0,254
93,553,0,0,254
94,553,0,0,254
95,553,0,0,254
96,553,0,0,254
97,553,0,0,254
98,553,0,0,254
99,553,0,0,254
100,553,0,0,254
101,553,0,0,254
102,553,0,0,254
103,553,0,0,254
104,553,4,3,255
105,553,0,0,248
106,553,0,0,245
107,553,6,6,255
108,553,1,3,248
109,553,0,0,253
110,553,0,0,254
111,553,0,0,254
112,553,2,1,255
113,553,4,0,252
114,553,0,0,253
115,553,0,0,248
116,553,4,2,253
117,553,9,0,252
118,553,4,0,244
119,553,0,2,255
120,553,2,2,255
121,553,0,0,253
122,553,0,0,250
123,553,0,2,247
124,553,7,7,255
125,553,0,0,248
126,553,0,0,249
127,553,2,1,255
128,553,0,0,245
129,553,3,6,255
130,553,0,3,247
131,553,2,9,255
132,553,0,3,255
133,553,0,0,252
134,553,2,1,255
135,553,3,1,248
136,553,2,2,255
137,553,0,0,253
138,553,0,0,250
139,553,0,2,247
140,553,7,7,255
141,553,0,0,248
142,553,0,0,249
143,553,2,1,255
144,553,7,4,255
145,553,3,0,253
146,553,3,0,250
147,553,2,1,252
148,553,0,1,247
149,553,6,11,255
150,553,0,0,253
151,553,9,0,255
152,553,0,0,254
153,553,0,0,254
154,553,0,0,254
155,553,0,0,254
156,553,0,0,254
157,553,0,0,254
158,553,0,0,254
159,553,0,0,254
160,553,0,0,254
161,553,0,0,254
162,553,0,0,254
163,553,0,0,254
164,553,0,0,254
165,553,0,0,254
166,553,0,0,254
167,553,0,0,254
168,553,0,0,254
169,553,0,0,254
170,553,0,0,254
171,553,0,0,254
172,553,0,0,254
173,553,0,0,254
174,553,0,0,254
175,553,0,0,254
176,553,0,0,254
177,553,0,0,254
178,553,0,0,254
179,553,0,0,254
180,553,0,0,254
181,553,0,0,254
182,553,0,0,254
183,553,0,0,254
184,553,0,0,254
185,553,0,0,254
186,553,0,0,254
187,553,0,0,254
188,553,0,0,254
189,553,0,0,254
190,553,0,0,254
191,553,0,0,254
192,553,1,0,244
193,553,2,0,252
194,553,1,0,253
195,553,4,1,254
196,553,1,1,249
197,553,5,5,255
198,553,2,2,255
199,553,1,4,243
200,553,0,0,254
201,553,0,0,254
202,553,0,0,254
203,553,0,0,254
204,553,0,0,254
205,553,0,0,254
206,553,0,0,254
207,553,0,0,254
208,553,2,0,254
209,553,0,0,239
210,553,2,5,255
211,553,0,2,247
212,553,0,0,252
213,553,11,1,255
214,553,14,0,251
1489,553,17,0,253
1490,553,0,0,227
1491,553,0,1,251
1492,553,0,5,255
1493,553,2,0,251
1519,553,12,0,252
1520,553,6,0,249
1521,553,10,0,248
1522,553,1,0,250
1523,553,3,2,255
1524,553,1,1,255
1525,553,0,3,240
1526,553,3,3,255
1527,553,3,5,240
1528,553,0,0,254
1529,553,0,0,254
1530,553,0,0,254
1531,553,0,0,254
1532,553,0,0,254
1533,553,0,0,254
1534,553,0,0,254
1535,553,0,0,254
1536,553,0,0,254
1537,553,0,0,254
1538,553,0,0,254
1539,553,0,0,254
1540,553,0,0,254
1541,553,0,0,254
1542,553,0,0,254
1543,553,0,0,254
1544,553,0,0,254
1545,553,0,0,254
1546,553,0,0,254
1547,553,0,0,254
1548,553,0,0,254
1549,553,0,0,254
1550,553,0,0,254
1551,553,0,0,254
1552,553,0,0,254
1553,553,0,0,254
1554,553,0,0,254
1555,553,0,0,254
1556,553,0,0,254
1557,553,0,0,254
1558,553,0,0,254
1559,553,0,0,254
1560,553,0,0,252
1561,553,0,0,246
1562,553,2,0,252
1563,553,0,4,251
1564,553,8,3,246
1565,553,0,0,251
1566,553,4,0,254
1567,553,0,0,251
1568,553,0,0,254
1569,553,0,0,254
1570,553,0,0,254
1571,553,0,0,254
1572,553,0,0,254
1573,553,0,0,254
1574,553,0,0,254
1575,553,0,0,254
1576,553,2,1,255
1577,553,0,0,245
1578,553,0,0,251
1579,553,0,3,255
1580,553,5,6,246
1581,553,0,0,248
1582,553,3,3,255
1583,553,0,2,254
1584,553,4,7,255
1585,553,0,0,246
1586,553,2,0,254
1587,553,0,0,235
1588,553,1,0,251
1589,553,4,3,255
1590,553,0,2,249
1591,553,0,1,253
1592,553,0,0,254
1593,553,0,0,254
1594,553,0,0,254
1595,553,0,0,254
1596,553,0,0,254
1597,553,0,0,254
1598,553,0,0,254
1599,553,0,0,254
1600,553,0,0,254
1601,553,0,0,254
1602,553,0,0,254
1603,553,0,0,254
1604,553,0,0,254
1605,553,0,0,254
1606,553,0,0,254
1607,553,0,0,254
1608,553,2,2,255
1609,553,0,0,253
1610,553,0,0,250
1611,553,0,2,247
1612,553,7,7,255
1613,553,0,0,248
1614,553,0,0,249
1615,553,2,1,255
1616,553,0,0,245
1617,553,3,6,255
1618,553,0,3,247
1619,553,2,9,255
1620,553,0,3,255
1621,553,0,0,252
1622,553,2,1,255
1623,553,3,1,248
1624,553,2,3,254
1625,553,0,0,244
1626,553,0,0,252
1627,553,0,1,238
1628,553,0,6,255
1629,553,1,4,255
1630,553,14,0,241
1632,553,0,0,251
1633,553,0,0,251
1634,553,0,0,251
1635,553,0,0,251
1636,553,0,0,251
1637,553,0,0,251
1638,553,0,0,251
1639,553,0,0,251
1640,553,1,0,242
1641,553,5,2,255
1642,553,0,0,241
1643,553,0,3,255
1644,553,0,0,251
1645,553,0,0,246
1646,553,0,0,250
1647,553,3,0,253
1648,553,0,0,253
1649,553,3,2,254
1650,553,0,0,251
1651,553,6,5,255
1652,553,0,0,250
1653,553,0,0,251
1654,553,0,0,252
1655,553,0,0,254
1656,553,8,2,255
1657,553,2,0,254
1658,553,3,6,243
1659,553,0,3,242
1660,553,0,0,251
1661,553,0,4,255
1662,553,0,0,245
1663,553,1,1,255
1664,553,0,4,253
1665,553,2,2,255
1666,553,10,0,255
1667,553,1,0,247
1668,553,13,10,255
1669,553,0,0,251
1670,553,5,0,252
13,554,4,0,245
14,554,0,0,253
15,554,0,2,241
16,554,0,0,254
17,554,0,0,254
18,554,0,0,254
19,554,0,0,254
20,554,0,0,254
21,554,0,0,254
22,554,0,0,254
23,554,0,0,254
24,554,0,0,254
25,554,0,0,254
26,554,0,0,254
27,554,0,0,254
28,554,0,0,254
29,554,0,0,254
30,554,0,0,254
31,554,0,0,254
32,554,0,0,254
33,554,0,0,254
34,554,0,0,254
35,554,0,0,254
36,554,0,0,254
37,554,0,0,254
38,554,0,0,254
39,554,0,0,254
40,554,0,0,254
41,554,0,0,254
42,554,0,0,254
43,554,0,0,254
44,554,0,0,254
45,554,0,0,254
46,554,0,0,254
47,554,0,0,254
48,554,0,0,254
49,554,0,0,254
50,554,0,0,254
51,554,0,0,254
52,554,0,0,254
53,554,0,0,254
54,554,0,0,254
55,554,0,0,254
56,554,0,0,254
57,554,0,0,254
58,554,0,0,254
59,554,0,0,254
60,554,0,0,254
61,554,0,0,254
62,554,0,0,254
63,554,0,0,254
64,554,1,2,252
65,554,0,0,250
66,554,0,0,253
67,554,0,2,255
68,554,0,0,243
69,554,1,0,253
70,554,6,0,253
71,554,4,0,251
72,554,5,8,247
73,554,0,0,251
74,554,0,0,253
75,554,2,1,255
76,554,0,0,234
77,554,3,3,249
78,554,0,0,252
79,554,7,6,255
80,554,0,0,254
81,554,0,0,254
82,554,0,0,254
83,554,0,0,254
84,554,0,0,254
85,554,0,0,254
86,554,0,0,254
87,554,0,0,254
88,554,0,0,254
89,554,0,0,254
90,554,0,0,254
91,554,0,0,254
92,554,0,0,254
93,554,0,0,254
94,554,0,0,254
95,554,0,0,254
96,554,0,0,254
97,554,0,0,254
98,554,0,0,254
99,554,0,0,254
100,554,0,0,254
101,554,0,0,254
102,554,0,0,254
103,554,0,0,254
104,554,0,0,238
105,554,0,0,247
106,554,4,4,255
107,554,0,0,254
108,554,0,0,252
109,554,2,2,255
110,554,0,0,251
111,554,0,2,245
112,554,0,0,247
113,554,0,3,247
114,554,0,11,253
115,554,0,1,249
116,554,0,0,253
117,554,10,4,255
118,554,4,1,255
119,554,0,2,251
120,554,0,0,243
121,554,0,0,252
122,554,4,4,255
123,554,0,0,253
124,554,0,0,252
125,554,1,1,255
126,554,0,0,246
127,554,0,2,241
128,554,1,2,252
129,554,0,0,250
130,554,0,0,253
131,554,0,2,255
132,554,0,0,243
133,554,1,0,253
134,554,6,0,253
135,554,4,0,251
136,554,0,0,243
137,554,0,0,252
138,554,4,4,255
139,554,0,0,253
140,554,0,0,252
141,554,1,1,255
142,554,0,0,246
143,554,0,2,241
144,554,3,2,254
145,554,1,0,253
146,554,0,0,247
147,554,3,3,255
148,554,0,0,246
149,554,0,3,255
150,554,0,0,250
151,554,3,0,251
152,554,0,0,254
153,554,0,0,254
154,554,0,0,254
155,554,0,0,254
156,554,0,0,254
157,554,0,0,254
158,554,0,0,254
159,554,0,0,254
160,554,0,0,254
161,554,0,0,254
162,554,0,0,254
163,554,0,0,254
164,554,0,0,254
165,554,0,0,254
166,554,0,0,254
167,554,0,0,254
168,554,0,0,254
169,554,0,0,254
170,554,0,0,254
171,554,0,0,254
172,554,0,0,254
173,554,0,0,254
174,554,0,0,254
175,554,0,0,254
176,554,0,0,254
177,554,0,0,254
178,554,0,0,254
179,554,0,0,254
180,554,0,0,254
181,554,0,0,254
182,554,0,0,254
183,554,0,0,254
184,554,0,0,254
185,554,0,0,254
186,554,0,0,254
187,554,0,0,254
188,554,0,0,254
189,554,0,0,254
190,554,0,0,254
191,554,0,0,254
192,554,4,0,254
193,554,3,0,255
194,554,0,0,241
195,554,3,2,255
196,554,0,0,234
197,554,3,3,255
198,554,0,0,250
199,554,0,0,250
200,554,0,0,254
201,554,0,0,254
202,554,0,0,254
203,554,0,0,254
204,554,0,0,254
205,554,0,0,254
206,554,0,0,254
207,554,0,0,254
208,554,4,1,255
209,554,0,0,250
210,554,0,3,247
211,554,0,3,255
212,554,0,2,253
213,554,0,0,238
214,554,1,1,255
215,554,11,8,255
1486,554,4,0,250
1487,554,8,0,255
1488,554,0,0,249
1489,554,1,4,239
1490,554,2,3,254
1491,554,3,3,255
1492,554,3,3,255
1493,554,0,0,242
1494,554,4,1,255
1495,554,4,0,251
1496,554,8,0,248
1518,554,8,0,253
1519,554,1,0,248
1520,554,3,3,247
1521,554,4,4,255
1522,554,0,5,235
1523,554,0,2,247
1524,554,2,2,255
1525,554,5,4,255
1526,554,0,0,246
1527,554,2,0,251
1528,554,0,0,254
1529,554,0,0,254
1530,554,0,0,254
1531,554,0,0,254
1532,554,0,0,254
1533,554,0,0,254
1534,554,0,0,254
1535,554,0,0,254
1536,554,0,0,254
1537,554,0,0,254
1538,554,0,0,254
1539,554,0,0,254
1540,554,0,0,254
1541,554,0,0,254
1542,554,0,0,254
1543,554,0,0,254
1544,554,0,0,254
1545,554,0,0,254
1546,554,0,0,254
1547,554,0,0,254
1548,554,0,0,254
1549,554,0,0,254
1550,554,0,0,254
1551,554,0,0,254
1552,554,0,0,254
1553,554,0,0,254
1554,554,0,0,254
1555,554,0,0,254
1556,554,0,0,254
1557,554,0,0,254
1558,554,0,0,254
1559,554,0,0,254
1560,554,3,7,255
1561,554,0,3,255
1562,554,2,1,255
1563,554,0,1,254
1564,554,5,4,246
1565,554,1,8,246
1566,554,3,4,255
1567,554,0,2,254
1568,554,0,0,254
1569,554,0,0,254
1570,554,0,0,254
1571,554,0,0,254
1572,554,0,0,254
1573,554,0,0,254
1574,554,0,0,254
1575,554,0,0,254
1576,554,5,0,255
1577,554,1,1,247
1578,554,0,1,254
1579,554,0,2,251
1580,554,0,0,251
1581,554,4,3,255
1582,554,3,5,250
1583,554,0,0,252
1584,554,0,0,252
1585,554,4,3,255
1586,554,1,0,254
1587,554,0,0,252
1588,554,3,3,255
1589,554,0,2,254
1590,554,0,1,253
1591,554,0,6,253
1592,554,0,0,254
1593,554,0,0,254
1594,554,0,0,254
1595,554,0,0,254
1596,554,0,0,254
1597,554,0,0,254
1598,554,0,0,254
1599,554,0,0,254
1600,554,0,0,254
1601,554,0,0,254
1602,554,0,0,254
1603,554,0,0,254
1604,554,0,0,254
1605,554,0,0,254
1606,554,0,0,254
1607,554,0,0,254
1608,554,0,0,243
1609,554,0,0,252
1610,554,4,4,255
1611,554,0,0,253
1612,554,0,0,252
1613,554,1,1,255
1614,554,0,0,246
1615,554,0,2,241
1616,554,1,2,252
1617,554,0,0,250
1618,554,0,0,253
1619,554,0,2,255
1620,554,0,0,243
1621,554,1,0,253
1622,554,6,0,253
1623,554,4,0,251
1624,554,3,0,244
1625,554,6,0,253
1626,554,9,0,255
1627,554,4,3,254
1628,554,0,6,245
1629,554,0,0,249
1630,554,12,0,255
1641,554,8,0,251
1642,554,2,0,252
1643,554,4,8,255
1644,554,0,0,249
1645,554,4,7,255
1646,554,3,0,255
1647,554,6,0,248
1648,554,7,0,254
1649,554,2,0,251
1650,554,7,1,255
1651,554,5,3,252
1652,554,0,0,252
1653,554,0,0,253
1654,554,5,7,252
1655,554,2,2,255
1656,554,0,2,251
1657,554,0,2,255
1658,554,0,0,249
1659,554,0,0,248
1660,554,0,4,255
1661,554,2,7,255
1662,554,0,0,250
1663,554,2,2,255
1664,554,0,7,255
1665,554,0,0,245
1666,554,2,1,255
1667,554,0,0,251
1668,554,0,2,247
1669,554,3,0,253
13,555,0,3,252
14,555,0,0,250
15,555,0,1,252
16,555,0,0,254
17,555,0,0,254
18,555,0,0,254
19,555,0,0,254
20,555,0,0,254
21,555,0,0,254
22,555,0,0,254
23,555,0,0,254
24,555,0,0,254
25,555,0,0,254
26,555,0,0,254
27,555,0,0,254
28,555,0,0,254
29,555,0,0,254
30,555,0,0,254
31,555,0,0,254
32,555,0,0,254
33,555,0,0,254
34,555,0,0,254
35,555,0,0,254
36,555,0,0,254
37,555,0,0,254
38,555,0,0,254
39,555,0,0,254
40,555,0,0,254
41,555,0,0,254
42,555,0,0,254
43,555,0,0,254
44,555,0,0,254
45,555,0,0,254
46,555,0,0,254
47,555,0,0,254
48,555,0,0,254
49,555,0,0,254
50,555,0,0,254
51,555,0,0,254
52,555,0,0,254
53,555,0,0,254
54,555,0,0,254
55,555,0,0,254
56,555,0,0,254
57,555,0,0,254
58,555,0,0,254
59,555,0,0,254
60,555,0,0,254
61,555,0,0,254
62,555,0,0,254
63,555,0,0,254
64,555,0,0,246
65,555,4,7,255
66,555,0,0,250
67,555,1,4,255
68,555,0,0,252
69,555,1,4,255
70,555,0,0,243
71,555,2,2,255
72,555,0,3,244
73,555,5,10,255
74,555,0,0,250
75,555,0,0,253
76,555,3,3,255
77,555,1,1,245
78,555,2,0,254
79,555,1,0,246
80,555,0,0,254
81,555,0,0,254
82,555,0,0,254
83,555,0,0,254
84,555,0,0,254
85,555,0,0,254
86,555,0,0,254
87,555,0,0,254
88,555,0,0,254
89,555,0,0,254
90,555,0,0,254
91,555,0,0,254
92,555,0,0,254
93,555,0,0,254
94,555,0,0,254
95,555,0,0,254
96,555,0,0,254
97,555,0,0,254
98,555,0,0,254
99,555,0,0,254
100,555,0,0,254
101,555,0,0,254
102,555,0,0,254
103,555,0,0,254
104,555,0,0,254
105,555,4,4,255
106,555,3,3,255
107,555,4,3,255
108,555,4,3,254
109,555,2,4,239
110,555,3,2,255
111,555,6,5,255
112,555,2,1,255
113,555,0,2,252
114,555,0,4,255
115,555,0,1,251
116,555,3,3,247
117,555,2,0,252
118,555,0,0,250
119,555,0,0,253
120,555,7,6,255
121,555,3,2,255
122,555,1,3,238
123,555,4,3,254
124,555,5,4,255
125,555,4,4,255
126,555,4,4,255
127,555,0,0,253
128,555,0,0,246
129,555,4,7,255
130,555,0,0,250
131,555,1,4,255
132,555,0,0,252
133,555,1,4,255
134,555,0,0,243
135,555,2,2,255
136,555,7,6,255
137,555,3,2,255
138,555,1,3,238
139,555,4,3,254
140,555,5,4,255
141,555,4,4,255
142,555,4,4,255
143,555,0,0,253
144,555,0,0,254
145,555,1,2,253
146,555,3,3,255
147,555,0,0,251
148,555,6,6,255
149,555,0,0,253
150,555,4,3,255
151,555,5,3,252
152,555,0,0,254
153,555,0,0,254
154,555,0,0,254
155,555,0,0,254
156,555,0,0,254
157,555,0,0,254
158,555,0,0,254
159,555,0,0,254
160,555,0,0,254
161,555,0,0,254
162,555,0,0,254
163,555,0,0,254
164,555,0,0,254
165,555,0,0,254
166,555,0,0,254
167,555,0,0,254
168,555,0,0,254
169,555,0,0,254
170,555,0,0,254
171,555,0,0,254
172,555,0,0,254
173,555,0,0,254
174,555,0,0,254
175,555,0,0,254
176,555,0,0,254
177,555,0,0,254
178,555,0,0,254
179,555,0,0,254
180,555,0,0,254
181,555,0,0,254
182,555,0,0,254
183,555,0,0,254
184,555,0,0,254
185,555,0,0,254
186,555,0,0,254
187,555,0,0,254
188,555,0,0,254
189,555,0,0,254
190,555,0,0,254
191,555,0,0,254
192,555,2,0,254
193,555,0,0,245
194,555,4,3,255
195,555,1,1,249
196,555,0,0,250
197,555,0,0,243
198,555,0,0,252
199,555,6,6,255
200,555,0,0,254
201,555,0,0,254
202,555,0,0,254
203,555,0,0,254
204,555,0,0,254
205,555,0,0,254
206,555,0,0,254
207,555,0,0,254
208,555,3,0,255
209,555,1,0,251
210,555,2,6,251
211,555,0,0,252
212,555,0,3,248
213,555,0,5,255
214,555,0,3,255
215,555,0,0,247
1484,555,10,0,244
1485,555,14,0,244
1486,555,0,3,255
1487,555,0,5,254
1488,555,3,8,255
1489,555,0,1,254
1490,555,2,1,252
1491,555,1,0,253
1492,555,3,0,248
1493,555,0,0,250
1494,555,0,0,251
1495,555,0,3,255
1496,555,4,1,254
1497,555,7,3,250
1502,555,5,0,254
1503,555,10,3,254
1504,555,11,0,249
1505,555,9,0,251
1517,555,8,0,250
1518,555,3,1,250
1519,555,0,3,255
1520,555,0,3,241
1521,555,0,3,253
1522,555,0,1,253
1523,555,0,1,254
1524,555,0,5,245
1525,555,0,0,253
1526,555,4,3,247
1527,555,3,0,255
1528,555,0,0,254
1529,555,0,0,254
1530,555,0,0,254
1531,555,0,0,254
1532,555,0,0,254
1533,555,0,0,254
1534,555,0,0,254
1535,555,0,0,254
1536,555,0,0,254
1537,555,0,0,254
1538,555,0,0,254
1539,555,0,0,254
1540,555,0,0,254
1541,555,0,0,254
1542,555,0,0,254
1543,555,0,0,254
1544,555,0,0,254
1545,555,0,0,254
1546,555,0,0,254
1547,555,0,0,254
1548,555,0,0,254
1549,555,0,0,254
1550,555,0,0,254
1551,555,0,0,254
1552,555,0,0,254
1553,555,0,0,254
1554,555,0,0,254
1555,555,0,0,254
1556,555,0,0,254
1557,555,0,0,254
1558,555,0,0,254
1559,555,0,0,254
1560,555,0,0,249
1561,555,0,0,253
1562,555,0,0,244
1563,555,0,0,251
1564,555,0,1,251
1565,555,0,2,255
1566,555,0,3,235
1567,555,2,4,247
1568,555,0,0,254
1569,555,0,0,254
1570,555,0,0,254
1571,555,0,0,254
1572,555,0,0,254
1573,555,0,0,254
1574,555,0,0,254
1575,555,0,0,254
1576,555,7,1,255
1577,555,3,1,250
1578,555,2,2,255
1579,555,0,5,247
1580,555,0,1,240
1581,555,0,0,253
1582,555,3,3,255
1583,555,0,0,254
1584,555,0,2,255
1585,555,0,0,245
1586,555,0,3,255
1587,555,0,0,250
1588,555,0,4,244
1589,555,0,0,244
1590,555,1,6,255
1591,555,0,0,250
1592,555,0,0,254
1593,555,0,0,254
1594,555,0,0,254
1595,555,0,0,254
1596,555,0,0,254
1597,555,0,0,254
1598,555,0,0,254
1599,555,0,0,254
1600,555,0,0,254
1601,555,0,0,254
1602,555,0,0,254
1603,555,0,0,254
1604,555,0,0,254
1605,555,0,0,254
1606,555,0,0,254
1607,555,0,0,254
1608,555,7,6,255
1609,555,3,2,255
1610,555,1,3,238
1611,555,4,3,254
1612,555,5,4,255
1613,555,4,4,255
1614,555,4,4,255
1615,555,0,0,253
1616,555,0,0,246
1617,555,4,7,255
1618,555,0,0,250
1619,555,1,4,255
1620,555,0,0,252
1621,555,1,4,255
1622,555,0,0,243
1623,555,2,2,255
1624,555,0,4,235
1625,555,1,1,255
1626,555,2,0,254
1627,555,0,0,247
1628,555,0,1,238
1629,555,5,0,243
1642,555,19,0,255
1643,555,8,0,254
1644,555,4,1,255
1645,555,0,0,253
1646,555,0,3,255
1647,555,0,0,232
1648,555,5,0,255
1649,555,4,1,254
1650,555,0,0,253
1651,555,0,0,244
1652,555,4,6,251
1653,555,0,0,254
1654,555,1,0,254
1655,555,0,0,253
1656,555,1,5,254
1657,555,0,1,252
1658,555,0,1,254
1659,555,4,8,255
1660,555,0,0,248
1661,555,0,1,252
1662,555,0,3,255
1663,555,0,0,252
1664,555,0,3,255
1665,555,0,0,238
1666,555,0,0,237
1667,555,1,6,255
1668,555,0,0,253
13,556,0,3,255
14,556,3,2,255
15,556,0,5,247
16,556,0,0,254
17,556,0,0,254
18,556,0,0,254
19,556,0,0,254
20,556,0,0,254
21,556,0,0,254
22,556,0,0,254
23,556,0,0,254
24,556,0,0,254
25,556,0,0,254
26,556,0,0,254
27,556,0,0,254
28,556,0,0,254
29,556,0,0,254
30,556,0,0,254
31,556,0,0,254
32,556,0,0,254
33,556,0,0,254
34,556,0,0,254
35,556,0,0,254
36,556,0,0,254
37,556,0,0,254
38,556,0,0,254
39,556,0,0,254
40,556,0,0,254
41,556,0,0,254
42,556,0,0,254
43,556,0,0,254
44,556,0,0,254
45,556,0,0,254
46,556,0,0,254
47,556,0,0,254
48,556,0,0,254
49,556,0,0,254
50,556,0,0,254
51,556,0,0,254
52,556,0,0,254
53,556,0,0,254
54,556,0,0,254
55,556,0,0,254
56,556,0,0,254
57,556,0,0,254
58,556,0,0,254
59,556,0,0,254
60,556,0,0,254
61,556,0,0,254
62,556,0,0,254
63,556,0,0,254
64,556,6,0,255
65,556,4,0,254
66,556,6,2,249
67,556,3,2,246
68,556,1,0,254
69,556,2,3,251
70,556,0,0,253
71,556,0,4,240
72,556,1,0,254
73,556,1,0,254
74,556,0,1,239
75,556,0,0,248
76,556,5,5,255
77,556,0,0,251
78,556,0,3,252
79,556,0,0,253
80,556,0,0,254
81,556,0,0,254
82,556,0,0,254
83,556,0,0,254
84,556,0,0,254
85,556,0,0,254
86,556,0,0,254
87,556,0,0,254
88,556,0,0,254
89,556,0,0,254
90,556,0,0,254
91,556,0,0,254
92,556,0,0,254
93,556,0,0,254
94,556,0,0,254
95,556,0,0,254
96,556,0,0,254
97,556,0,0,254
98,556,0,0,254
99,556,0,0,254
100,556,0,0,254
101,556,0,0,254
102,556,0,0,254
103,556,0,0,254
104,556,2,3,254
105,556,0,0,248
106,556,0,0,253
107,556,6,5,255
108,556,0,0,239
109,556,3,2,255
110,556,5,2,255
111,556,0,0,249
112,556,0,11,243
113,556,7,0,254
114,556,10,1,252
115,556,0,1,254
116,556,6,0,253
119,556,10,0,255
120,556,0,0,250
121,556,4,1,255
122,556,2,1,255
123,556,0,0,239
124,556,7,6,255
125,556,0,0,254
126,556,0,0,248
127,556,1,2,253
128,556,6,0,255
129,556,4,0,254
130,556,6,2,249
131,556,3,2,246
132,556,1,0,254
133,556,2,3,251
134,556,0,0,253
135,556,0,4,240
136,556,0,0,250
137,556,4,1,255
138,556,2,1,255
139,556,0,0,239
140,556,7,6,255
141,556,0,0,254
142,556,0,0,248
143,556,1,2,253
144,556,0,0,244
145,556,1,4,255
146,556,0,0,245
147,556,0,0,250
148,556,3,2,254
149,556,2,0,247
150,556,0,0,253
151,556,1,1,255
152,556,0,0,254
153,556,0,0,254
154,556,0,0,254
155,556,0,0,254
156,556,0,0,254
157,556,0,0,254
158,556,0,0,254
159,556,0,0,254
160,556,0,0,254
161,556,0,0,254
162,556,0,0,254
163,556,0,0,254
164,556,0,0,254
165,556,0,0,254
166,556,0,0,254
167,556,0,0,254
168,556,0,0,254
169,556,0,0,254
170,556,0,0,254
171,556,0,0,254
172,556,0,0,254
173,556,0,0,254
174,556,0,0,254
175,556,0,0,254
176,556,0,0,254
177,556,0,0,254
178,556,0,0,254
179,556,0,0,254
180,556,0,0,254
181,556,0,0,254
182,556,0,0,254
183,556,0,0,254
184,556,0,0,254
185,556,0,0,254
186,556,0,0,254
187,556,0,0,254
188,556,0,0,254
189,556,0,0,254
190,556,0,0,254
191,556,0,0,254
192,556,4,5,245
193,556,5,4,255
194,556,0,0,250
195,556,10,9,255
196,556,0,0,252
197,556,4,4,255
198,556,5,5,255
199,556,0,0,254
200,556,0,0,254
201,556,0,0,254
202,556,0,0,254
203,556,0,0,254
204,556,0,0,254
205,556,0,0,254
206,556,0,0,254
207,556,0,0,254
208,556,0,0,253
209,556,1,0,254
210,556,0,0,254
211,556,4,6,251
212,556,0,0,244
213,556,0,0,253
214,556,4,1,254
215,556,5,0,255
229,556,10,0,255
230,556,8,2,255
231,556,0,0,250
232,556,0,0,253
233,556,6,5,255
234,556,10,0,255
1484,556,3,2,254
1485,556,0,0,249
1486,556,0,3,255
1487,556,0,0,252
1488,556,0,0,248
1489,556,9,6,255
1490,556,0,1,254
1491,556,0,6,255
1492,556,0,3,255
1493,556,0,1,249
1494,556,6,2,247
1495,556,9,0,255
1496,556,0,5,249
1497,556,5,0,252
1498,556,6,2,247
1500,556,10,0,248
1501,556,11,5,255
1502,556,7,0,238
1503,556,0,1,250
1504,556,3,0,255
1505,556,3,0,253
1506,556,1,0,253
1507,556,0,0,240
1508,556,0,0,252
1509,556,0,0,250
1510,556,0,2,253
1511,556,2,5,255
1512,556,0,5,249
1513,556,0,2,254
1514,556,0,0,251
1515,556,3,9,251
1516,556,0,0,253
1517,556,0,1,242
1518,556,3,4,245
1519,556,4,2,253
1520,556,0,2,255
1521,556,0,0,245
1522,556,0,3,255
1523,556,0,0,250
1524,556,0,4,244
1525,556,0,0,244
1526,556,1,6,255
1527,556,0,0,250
1528,556,0,0,254
1529,556,0,0,254
1530,556,0,0,254
1531,556,0,0,254
1532,556,0,0,254
1533,556,0,0,254
1534,556,0,0,254
1535,556,0,0,254
1536,556,0,0,254
1537,556,0,0,254
1538,556,0,0,254
1539,556,0,0,254
1540,556,0,0,254
1541,556,0,0,254
1542,556,0,0,254
1543,556,0,0,254
1544,556,0,0,254
1545,556,0,0,254
1546,556,0,0,254
1547,556,0,0,254
1548,556,0,0,254
1549,556,0,0,254
1550,556,0,0,254
1551,556,0,0,254
1552,556,0,0,254
1553,556,0,0,254
1554,556,0,0,254
1555,556,0,0,254
1556,556,0,0,254
1557,556,0,0,254
1558,556,0,0,254
1559,556,0,0,254
1560,556,9,0,247
1561,556,10,2,255
1562,556,1,0,252
1563,556,0,0,252
1564,556,0,0,250
1565,556,3,3,251
1566,556,2,0,254
1567,556,2,0,252
1568,556,0,0,254
1569,556,0,0,254
1570,556,0,0,254
1571,556,0,0,254
1572,556,0,0,254
1573,556,0,0,254
1574,556,0,0,254
1575,556,0,0,254
1576,556,5,0,255
1577,556,0,0,243
1578,556,0,0,250
1579,556,0,0,248
1580,556,2,5,255
1581,556,2,6,253
1582,556,1,0,252
1583,556,5,0,255
1584,556,0,3,241
1585,556,0,3,253
1586,556,0,1,253
1587,556,0,1,254
1588,556,0,5,245
1589,556,0,0,253
1590,556,4,3,247
1591,556,3,0,255
1592,556,0,0,254
1593,556,0,0,254
1594,556,0,0,254
1595,556,0,0,254
1596,556,0,0,254
1597,556,0,0,254
1598,556,0,0,254
1599,556,0,0,254
1600,556,0,0,254
1601,556,0,0,254
1602,556,0,0,254
1603,556,0,0,254
1604,556,0,0,254
1605,556,0,0,254
1606,556,0,0,254
1607,556,0,0,254
1608,556,0,0,250
1609,556,4,1,255
1610,556,2,1,255
1611,556,0,0,239
1612,556,7,6,255
1613,556,0,0,254
1614,556,0,0,248
1615,556,1,2,253
1616,556,6,0,255
1617,556,4,0,254
1618,556,6,2,249
1619,556,3,2,246
1620,556,1,0,254
1621,556,2,3,251
1622,556,0,0,253
1623,556,0,4,240
1624,556,2,2,255
1625,556,0,3,249
1626,556,0,2,253
1627,556,0,10,255
1628,556,0,3,254
1629,556,10,2,245
1644,556,16,0,248
1645,556,7,0,247
1646,556,0,1,244
1647,556,0,4,255
1648,556,0,0,247
1649,556,0,3,255
1650,556,0,5,255
1651,556,0,3,248
1652,556,0,0,252
1653,556,2,6,251
1654,556,1,0,251
1655,556,3,0,255
1656,556,1,0,253
1657,556,5,2,255
1658,556,1,0,235
1659,556,4,0,254
1660,556,9,4,246
1661,556,5,0,254
1662,556,6,0,255
1663,556,5,2,243
1664,556,0,0,253
1665,556,8,0,250
14,557,0,0,249
15,557,2,2,255
16,557,0,0,254
17,557,0,0,254
18,557,0,0,254
19,557,0,0,254
20,557,0,0,254
21,557,0,0,254
22,557,0,0,254
23,557,0,0,254
24,557,0,0,254
25,557,0,0,254
26,557,0,0,254
27,557,0,0,254
28,557,0,0,254
29,557,0,0,254
30,557,0,0,254
31,557,0,0,254
32,557,0,0,254
33,557,0,0,254
34,557,0,0,254
35,557,0,0,254
36,557,0,0,254
37,557,0,0,254
38,557,0,0,254
39,557,0,0,254
40,557,0,0,254
41,557,0,0,254
42,557,0,0,254
43,557,0,0,254
44,557,0,0,254
45,557,0,0,254
46,557,0,0,254
47,557,0,0,254
48,557,0,0,254
49,557,0,0,254
50,557,0,0,254
51,557,0,0,254
52,557,0,0,254
53,557,0,0,254
54,557,0,0,254
55,557,0,0,254
56,557,0,0,254
57,557,0,0,254
58,557,0,0,254
59,557,0,0,254
60,557,0,0,254
61,557,0,0,254
62,557,0,0,254
63,557,0,0,254
64,557,0,0,253
65,557,0,0,235
66,557,3,0,255
67,557,3,0,255
68,557,1,0,241
69,557,0,0,246
70,557,5,8,255
71,557,1,6,255
72,557,1,0,248
73,557,8,5,255
74,557,4,0,252
75,557,8,1,254
76,557,5,0,251
77,557,11,0,255
79,557,14,0,255
80,557,0,0,254
81,557,0,0,254
82,557,0,0,254
83,557,0,0,254
84,557,0,0,254
85,557,0,0,254
86,557,0,0,254
87,557,0,0,254
88,557,0,0,254
89,557,0,0,254
90,557,0,0,254
91,557,0,0,254
92,557,0,0,254
93,557,0,0,254
94,557,0,0,254
95,557,0,0,254
96,557,0,0,254
97,557,0,0,254
98,557,0,0,254
99,557,0,0,254
100,557,0,0,254
101,557,0,0,254
102,557,0,0,254
103,557,0,0,254
104,557,0,0,250
105,557,0,0,251
106,557,1,1,255
107,557,0,0,238
108,557,0,0,253
109,557,0,0,247
110,557,3,3,241
111,557,7,1,255
112,557,0,4,243
113,557,0,0,251
114,557,8,5,255
115,557,4,0,251
120,557,5,0,255
121,557,4,4,242
122,557,0,0,250
123,557,1,0,254
124,557,0,0,237
125,557,0,0,252
126,557,0,0,250
127,557,1,2,252
128,557,0,0,253
129,557,0,0,235
130,557,3,0,255
131,557,3,0,255
132,557,1,0,241
133,557,0,0,246
134,557,5,8,255
135,557,1,6,255
136,557,5,0,255
137,557,4,4,242
138,557,0,0,250
139,557,1,0,254
140,557,0,0,237
141,557,0,0,252
142,557,0,0,250
143,557,1,2,252
144,557,1,9,255
145,557,0,4,255
146,557,0,4,246
147,557,0,5,238
148,557,0,0,246
149,557,2,1,255
150,557,0,2,249
151,557,0,2,254
152,557,0,0,254
153,557,0,0,254
154,557,0,0,254
155,557,0,0,254
156,557,0,0,254
157,557,0,0,254
158,557,0,0,254
159,557,0,0,254
160,557,0,0,254
161,557,0,0,254
162,557,0,0,254
163,557,0,0,254
164,557,0,0,254
165,557,0,0,254
166,557,0,0,254
167,557,0,0,254
168,557,0,0,254
169,557,0,0,254
170,557,0,0,254
171,557,0,0,254
172,557,0,0,254
173,557,0,0,254
174,557,0,0,254
175,557,0,0,254
176,557,0,0,254
177,557,0,0,254
178,557,0,0,254
179,557,0,0,254
180,557,0,0,254
181,557,0,0,254
182,557,0,0,254
183,557,0,0,254
184,557,0,0,254
185,557,0,0,254
186,557,0,0,254
187,557,0,0,254
188,557,0,0,254
189,557,0,0,254
190,557,0,0,254
191,557,0,0,254
192,557,2,3,253
193,557,0,0,235
194,557,0,0,249
195,557,0,0,252
196,557,0,0,251
197,557,0,0,250
198,557,4,4,255
199,557,0,0,250
200,557,0,0,254
201,557,0,0,254
202,557,0,0,254
203,557,0,0,254
204,557,0,0,254
205,557,0,0,254
206,557,0,0,254
207,557,0,0,254
208,557,2,2,255
209,557,5,7,252
210,557,0,0,253
211,557,0,0,252
212,557,5,3,252
213,557,7,1,255
214,557,2,0,251
215,557,7,0,254
216,557,14,2,252
227,557,11,0,254
228,557,0,0,249
229,557,0,1,251
230,557,0,2,250
231,557,0,3,252
232,557,0,0,250
233,557,0,0,251
234,557,1,1,245
235,557,8,0,255
236,557,9,0,252
1483,557,2,0,251
1484,557,0,6,255
1485,557,0,8,243
1486,557,0,0,250
1487,557,3,2,255
1488,557,0,2,253
1489,557,0,0,253
1490,557,0,2,251
1491,557,0,0,249
1492,557,0,4,243
1493,557,0,1,254
1494,557,1,4,255
1495,557,0,0,249
1496,557,2,0,254
1497,557,0,4,255
1498,557,0,0,252
1499,557,0,5,255
1500,557,0,4,255
1501,557,0,0,243
1502,557,0,0,251
1503,557,2,0,254
1504,557,0,4,247
1505,557,0,2,254
1506,557,3,7,255
1507,557,1,1,255
1508,557,2,0,252
1509,557,3,0,252
1510,557,4,0,237
1511,557,6,0,253
1512,557,8,0,246
1513,557,1,0,251
1514,557,0,0,242
1515,557,0,0,246
1516,557,0,2,245
1517,557,0,4,255
1518,557,5,5,255
1519,557,4,1,255
1520,557,0,0,252
1521,557,4,3,255
1522,557,1,0,254
1523,557,0,0,252
1524,557,3,3,255
1525,557,0,2,254
1526,557,0,1,253
1527,557,0,6,253
1528,557,0,0,254
1529,557,0,0,254
1530,557,0,0,254
1531,557,0,0,254
1532,557,0,0,254
1533,557,0,0,254
1534,557,0,0,254
1535,557,0,0,254
1536,557,0,0,254
1537,557,0,0,254
1538,557,0,0,254
1539,557,0,0,254
1540,557,0,0,254
1541,557,0,0,254
1542,557,0,0,254
1543,557,0,0,254
1544,557,0,0,254
1545,557,0,0,254
1546,557,0,0,254
1547,557,0,0,254
1548,557,0,0,254
1549,557,0,0,254
1550,557,0,0,254
1551,557,0,0,254
1552,557,0,0,254
1553,557,0,0,254
1554,557,0,0,254
1555,557,0,0,254
1556,557,0,0,254
1557,557,0,0,254
1558,557,0,0,254
1559,557,0,0,254
1560,557,1,2,253
1561,557,0,0,251
1562,557,0,0,251
1563,557,5,5,253
1564,557,0,4,255
1565,557,0,0,239
1566,557,0,1,253
1567,557,0,2,252
1568,557,0,0,254
1569,557,0,0,254
1570,557,0,0,254
1571,557,0,0,254
1572,557,0,0,254
1573,557,0,0,254
1574,557,0,0,254
1575,557,0,0,254
1576,557,4,3,255
1577,557,5,2,255
1578,557,0,0,252
1579,557,0,0,247
1580,557,0,0,252
1581,557,0,3,235
1582,557,1,0,250
1583,557,15,0,255
1584,557,3,3,247
1585,557,4,4,255
1586,557,0,5,235
1587,557,0,2,247
1588,557,2,2,255
1589,557,5,4,255
1590,557,0,0,246
1591,557,2,0,251
1592,557,0,0,254
1593,557,0,0,254
1594,557,0,0,254
1595,557,0,0,254
1596,557,0,0,254
1597,557,0,0,254
1598,557,0,0,254
1599,557,0,0,254
1600,557,0,0,254
1601,557,0,0,254
1602,557,0,0,254
1603,557,0,0,254
1604,557,0,0,254
1605,557,0,0,254
1606,557,0,0,254
1607,557,0,0,254
1608,557,5,0,255
1609,557,4,4,242
1610,557,0,0,250
1611,557,1,0,254
1612,557,0,0,237
1613,557,0,0,252
1614,557,0,0,250
1615,557,1,2,252
1616,557,0,0,253
1617,557,0,0,235
1618,557,3,0,255
1619,557,3,0,255
1620,557,1,0,241
1621,557,0,0,246
1622,557,5,8,255
1623,557,1,6,255
1624,557,0,1,253
1625,557,0,1,241
1626,557,0,0,252
1627,557,5,2,255
1628,557,9,0,241
1647,557,9,0,252
1648,557,11,8,255
1649,557,1,1,255
1650,557,0,0,238
1651,557,0,2,253
1652,557,0,3,255
1653,557,0,3,247
1654,557,0,0,250
1655,557,4,1,255
1656,557,0,4,255
1657,557,0,0,254
1658,557,5,0,254
1659,557,4,0,234
14,558,0,0,250
15,558,1,0,254
16,558,0,0,254
17,558,0,0,254
18,558,0,0,254
19,558,0,0,254
20,558,0,0,254
21,558,0,0,254
22,558,0,0,254
23,558,0,0,254
24,558,0,0,254
25,558,0,0,254
26,558,0,0,254
27,558,0,0,254
28,558,0,0,254
29,558,0,0,254
30,558,0,0,254
31,558,0,0,254
32,558,0,0,254
33,558,0,0,254
34,558,0,0,254
35,558,0,0,254
36,558,0,0,254
37,558,0,0,254
38,558,0,0,254
39,558,0,0,254
40,558,0,0,254
41,558,0,0,254
42,558,0,0,254
43,558,0,0,254
44,558,0,0,254
45,558,0,0,254
46,558,0,0,254
47,558,0,0,254
48,558,0,0,254
49,558,0,0,254
50,558,0,0,254
51,558,0,0,254
52,558,0,0,254
53,558,0,0,254
54,558,0,0,254
55,558,0,0,254
56,558,0,0,254
57,558,0,0,254
58,558,0,0,254
59,558,0,0,254
60,558,0,0,254
61,558,0,0,254
62,558,0,0,254
63,558,0,0,254
64,558,0,10,255
65,558,0,3,254
66,558,2,8,244
67,558,0,0,248
68,558,4,1,242
69,558,5,0,255
70,558,0,0,241
71,558,1,0,253
72,558,0,0,250
73,558,4,1,255
74,558,9,0,253
80,558,0,0,254
81,558,0,0,254
82,558,0,0,254
83,558,0,0,254
84,558,0,0,254
85,558,0,0,254
86,558,0,0,254
87,558,0,0,254
88,558,0,0,254
89,558,0,0,254
90,558,0,0,254
91,558,0,0,254
92,558,0,0,254
93,558,0,0,254
94,558,0,0,254
95,558,0,0,254
96,558,0,0,254
97,558,0,0,254
98,558,0,0,254
99,558,0,0,254
100,558,0,0,254
101,558,0,0,254
102,558,0,0,254
103,558,0,0,254
104,558,0,0,252
105,558,0,0,250
106,558,0,1,251
107,558,6,5,255
108,558,6,3,255
109,558,3,3,239
110,558,5,0,252
111,558,0,0,250
112,558,9,0,251
113,558,0,0,253
114,558,0,0,248
120,558,3,0,253
121,558,4,0,251
122,558,0,0,236
123,558,5,2,255
124,558,8,7,255
125,558,2,3,253
126,558,0,0,251
127,558,0,0,250
128,558,0,10,255
129,558,0,3,254
130,558,2,8,244
131,558,0,0,248
132,558,4,1,242
133,558,5,0,255
134,558,0,0,241
135,558,1,0,253
136,558,3,0,253
137,558,4,0,251
138,558,0,0,236
139,558,5,2,255
140,558,8,7,255
141,558,2,3,253
142,558,0,0,251
143,558,0,0,250
144,558,1,0,239
145,558,9,5,252
146,558,0,0,250
147,558,8,0,254
150,558,9,0,254
151,558,2,0,245
152,558,0,0,254
153,558,0,0,254
154,558,0,0,254
155,558,0,0,254
156,558,0,0,254
157,558,0,0,254
158,558,0,0,254
159,558,0,0,254
160,558,0,0,254
161,558,0,0,254
162,558,0,0,254
163,558,0,0,254
164,558,0,0,254
165,558,0,0,254
166,558,0,0,254
167,558,0,0,254
168,558,0,0,254
169,558,0,0,254
170,558,0,0,254
171,558,0,0,254
172,558,0,0,254
173,558,0,0,254
174,558,0,0,254
175,558,0,0,254
176,558,0,0,254
177,558,0,0,254
178,558,0,0,254
179,558,0,0,254
180,558,0,0,254
181,558,0,0,254
182,558,0,0,254
183,558,0,0,254
184,558,0,0,254
185,558,0,0,254
186,558,0,0,254
187,558,0,0,254
188,558,0,0,254
189,558,0,0,254
190,558,0,0,254
191,558,0,0,254
192,558,0,0,248
193,558,1,1,255
194,558,9,9,255
195,558,0,0,244
196,558,3,3,255
197,558,5,6,255
198,558,0,0,249
199,558,0,0,252
200,558,0,0,254
201,558,0,0,254
202,558,0,0,254
203,558,0,0,254
204,558,0,0,254
205,558,0,0,254
206,558,0,0,254
207,558,0,0,254
208,558,0,0,254
209,558,0,0,252
210,558,0,0,251
211,558,0,0,250
212,558,6,5,255
213,558,0,0,251
214,558,3,2,254
215,558,0,0,253
216,558,8,0,249
226,558,16,0,247
227,558,1,0,249
228,558,0,1,254
229,558,0,3,255
230,558,5,4,255
231,558,0,0,251
232,558,1,3,248
233,558,0,3,255
234,558,0,0,248
235,558,0,0,240
236,558,9,0,245
1483,558,0,2,242
1484,558,0,6,255
1485,558,0,6,255
1486,558,3,1,248
1487,558,3,0,250
1488,558,0,0,249
1489,558,9,9,255
1490,558,0,0,249
1491,558,0,0,252
1492,558,0,5,255
1493,558,0,5,255
1494,558,0,0,248
1495,558,5,5,253
1496,558,0,1,240
1497,558,3,0,255
1498,558,0,4,255
1499,558,0,0,249
1500,558,1,5,254
1501,558,0,1,244
1502,558,4,1,255
1503,558,0,0,253
1504,558,0,0,253
1505,558,0,0,249
1506,558,0,0,250
1507,558,3,3,255
1508,558,0,0,242
1509,558,2,0,254
1510,558,10,8,255
1511,558,1,0,253
1512,558,2,0,254
1513,558,4,2,249
1514,558,4,3,255
1515,558,1,1,255
1516,558,0,3,255
1517,558,0,0,245
1518,558,0,0,251
1519,558,0,0,252
1520,558,4,7,255
1521,558,0,0,246
1522,558,2,0,254
1523,558,0,0,235
1524,558,1,0,251
1525,558,4,3,255
1526,558,0,2,249
1527,558,0,1,253
1528,558,0,0,254
1529,558,0,0,254
1530,558,0,0,254
1531,558,0,0,254
1532,558,0,0,254
1533,558,0,0,254
1534,558,0,0,254
1535,558,0,0,254
1536,558,0,0,254
1537,558,0,0,254
1538,558,0,0,254
1539,558,0,0,254
1540,558,0,0,254
1541,558,0,0,254
1542,558,0,0,254
1543,558,0,0,254
1544,558,0,0,254
1545,558,0,0,254
1546,558,0,0,254
1547,558,0,0,254
1548,558,0,0,254
1549,558,0,0,254
1550,558,0,0,254
1551,558,0,0,254
1552,558,0,0,254
1553,558,0,0,254
1554,558,0,0,254
1555,558,0,0,254
1556,558,0,0,254
1557,558,0,0,254
1558,558,0,0,254
1559,558,0,0,254
1560,558,0,3,246
1561,558,5,2,255
1562,558,5,0,254
1564,558,12,2,255
1565,558,9,0,255
1566,558,0,3,255
1567,558,0,6,252
1568,558,0,0,254
1569,558,0,0,254
1570,558,0,0,254
1571,558,0,0,254
1572,558,0,0,254
1573,558,0,0,254
1574,558,0,0,254
1575,558,0,0,254
1576,558,0,2,244
1577,558,0,0,250
1578,558,6,6,255
1579,558,0,0,242
1580,558,0,5,255
1581,558,3,2,255
1582,558,8,0,246
1584,558,6,0,249
1585,558,10,0,248
1586,558,1,0,250
1587,558,3,2,255
1588,558,1,1,255
1589,558,0,3,240
1590,558,3,3,255
1591,558,3,5,240
1592,558,0,0,254
1593,558,0,0,254
1594,558,0,0,254
1595,558,0,0,254
1596,558,0,0,254
1597,558,0,0,254
1598,558,0,0,254
1599,558,0,0,254
1600,558,0,0,254
1601,558,0,0,254
1602,558,0,0,254
1603,558,0,0,254
1604,558,0,0,254
1605,558,0,0,254
1606,558,0,0,254
1607,558,0,0,254
1608,558,3,0,253
1609,558,4,0,251
1610,558,0,0,236
1611,558,5,2,255
1612,558,8,7,255
1613,558,2,3,253
1614,558,0,0,251
1615,558,0,0,250
1616,558,0,10,255
1617,558,0,3,254
1618,558,2,8,244
1619,558,0,0,248
1620,558,4,1,242
1621,558,5,0,255
1622,558,0,0,241
1623,558,1,0,253
1624,558,0,2,255
1625,558,8,3,253
1626,558,14,0,254
1649,558,14,0,251
1650,558,11,1,255
1651,558,0,0,252
1652,558,0,2,247
1653,558,2,5,255
1654,558,0,0,239
1655,558,2,0,254
1656,558,2,1,245
1657,558,11,1,255
14,559,4,3,247
15,559,8,5,255
16,559,0,0,254
17,559,0,0,254
18,559,0,0,254
19,559,0,0,254
20,559,0,0,254
21,559,0,0,254
22,559,0,0,254
23,559,0,0,254
24,559,0,0,254
25,559,0,0,254
26,559,0,0,254
27,559,0,0,254
28,559,0,0,254
29,559,0,0,254
30,559,0,0,254
31,559,0,0,254
32,559,0,0,254
33,559,0,0,254
34,559,0,0,254
35,559,0,0,254
36,559,0,0,254
37,559,0,0,254
38,559,0,0,254
39,559,0,0,254
40,559,0,0,254
41,559,0,0,254
42,559,0,0,254
43,559,0,0,254
44,559,0,0,254
45,559,0,0,254
46,559,0,0,254
47,559,0,0,254
48,559,0,0,254
49,559,0,0,254
50,559,0,0,254
51,559,0,0,254
52,559,0,0,254
53,559,0,0,254
54,559,0,0,254
55,559,0,0,254
56,559,0,0,254
57,559,0,0,254
58,559,0,0,254
59,559,0,0,254
60,559,0,0,254
61,559,0,0,254
62,559,0,0,254
63,559,0,0,254
64,559,3,0,250
65,559,11,0,255
80,559,0,0,254
81,559,0,0,254
82,559,0,0,254
83,559,0,0,254
84,559,0,0,254
85,559,0,0,254
86,559,0,0,254
87,559,0,0,254
88,559,0,0,254
89,559,0,0,254
90,559,0,0,254
91,559,0,0,254
92,559,0,0,254
93,559,0,0,254
94,559,0,0,254
95,559,0,0,254
96,559,0,0,254
97,559,0,0,254
98,559,0,0,254
99,559,0,0,254
100,559,0,0,254
101,559,0,0,254
102,559,0,0,254
103,559,0,0,254
104,559,0,0,252
105,559,4,4,255
106,559,0,0,240
107,559,4,3,255
108,559,0,0,251
109,559,5,0,252
110,559,3,0,253
121,559,3,0,253
122,559,6,1,253
123,559,0,0,252
124,559,3,2,255
125,559,0,0,239
126,559,3,3,255
127,559,0,0,253
128,559,3,0,250
129,559,11,0,255
137,559,3,0,253
138,559,6,1,253
139,559,0,0,252
140,559,3,2,255
141,559,0,0,239
142,559,3,3,255
143,559,0,0,253
152,559,0,0,254
153,559,0,0,254
154,559,0,0,254
155,559,0,0,254
156,559,0,0,254
157,559,0,0,254
158,559,0,0,254
159,559,0,0,254
160,559,0,0,254
161,559,0,0,254
162,559,0,0,254
163,559,0,0,254
164,559,0,0,254
165,559,0,0,254
166,559,0,0,254
167,559,0,0,254
168,559,0,0,254
169,559,0,0,254
170,559,0,0,254
171,559,0,0,254
172,559,0,0,254
173,559,0,0,254
174,559,0,0,254
175,559,0,0,254
176,559,0,0,254
177,559,0,0,254
178,559,0,0,254
179,559,0,0,254
180,559,0,0,254
181,559,0,0,254
182,559,0,0,254
183,559,0,0,254
184,559,0,0,254
185,559,0,0,254
186,559,0,0,254
187,559,0,0,254
188,559,0,0,254
189,559,0,0,254
190,559,0,0,254
191,559,0,0,254
192,559,4,4,255
193,559,0,0,239
194,559,1,1,255
195,559,0,0,248
196,559,0,1,246
197,559,4,4,255
198,559,0,0,245
199,559,1,0,252
200,559,0,0,254
201,559,0,0,254
202,559,0,0,254
203,559,0,0,254
204,559,0,0,254
205,559,0,0,254
206,559,0,0,254
207,559,0,0,254
208,559,1,2,252
209,559,0,0,252
210,559,3,6,243
211,559,1,1,255
212,559,0,2,255
213,559,0,0,250
214,559,0,6,243
215,559,0,5,255
216,559,0,0,247
217,559,8,4,251
218,559,4,3,247
219,559,0,1,250
220,559,0,1,247
226,559,17,0,255
227,559,0,0,250
228,559,0,3,255
229,559,0,0,242
230,559,0,1,249
231,559,8,2,255
232,559,3,0,241
233,559,4,3,254
234,559,0,5,255
235,559,0,4,255
236,559,0,0,253
237,559,13,0,254
1483,559,0,0,249
1484,559,0,1,242
1485,559,0,8,245
1486,559,6,0,255
1487,559,6,0,255
1488,559,3,3,255
1489,559,0,0,246
1490,559,7,1,255
1491,559,3,0,247
1492,559,8,0,255
1493,559,2,0,250
1494,559,0,0,253
1495,559,0,0,253
1496,559,0,4,253
1497,559,0,0,250
1498,559,10,2,246
1499,559,6,0,252
1500,559,7,0,253
1501,559,7,0,255
1502,559,0,5,255
1503,559,0,4,255
1504,559,5,0,255
1505,559,7,4,255
1506,559,3,1,250
1507,559,2,2,250
1508,559,0,0,253
1509,559,0,0,252
1510,559,0,1,254
1511,559,0,3,243
1512,559,0,0,252
1513,559,0,0,254
1514,559,0,0,252
1515,559,5,0,255
1516,559,5,1,244
1517,559,0,0,249
1518,559,0,5,244
1519,559,0,2,254
1520,559,0,0,248
1521,559,2,6,251
1522,559,2,1,253
1523,559,7,1,255
1524,559,8,0,255
1525,559,5,0,255
1526,559,0,0,252
1527,559,1,3,246
1528,559,0,0,254
1529,559,0,0,254
1530,559,0,0,254
1531,559,0,0,254
1532,559,0,0,254
1533,559,0,0,254
1534,559,0,0,254
1535,559,0,0,254
1536,559,0,0,254
1537,559,0,0,254
1538,559,0,0,254
1539,559,0,0,254
1540,559,0,0,254
1541,559,0,0,254
1542,559,0,0,254
1543,559,0,0,254
1544,559,0,0,254
1545,559,0,0,254
1546,559,0,0,254
1547,559,0,0,254
1548,559,0,0,254
1549,559,0,0,254
1550,559,0,0,254
1551,559,0,0,254
1552,559,0,0,254
1553,559,0,0,254
1554,559,0,0,254
1555,559,0,0,254
1556,559,0,0,254
1557,559,0,0,254
1558,559,0,0,254
1559,559,0,0,254
1560,559,6,0,255
1566,559,9,0,255
1567,559,0,0,250
1568,559,0,0,254
1569,559,0,0,254
1570,559,0,0,254
1571,559,0,0,254
1572,559,0,0,254
1573,559,0,0,254
1574,559,0,0,254
1575,559,0,0,254
1576,559,0,3,251
1577,559,0,3,255
1578,559,0,0,253
1579,559,0,1,254
1580,559,0,0,242
1581,559,4,3,255
1582,559,9,0,252
1586,559,11,0,254
1587,559,8,2,255
1588,559,0,0,247
1589,559,0,2,251
1590,559,0,3,255
1591,559,0,0,250
1592,559,0,0,254
1593,559,0,0,254
1594,559,0,0,254
1595,559,0,0,254
1596,559,0,0,254
1597,559,0,0,254
1598,559,0,0,254
1599,559,0,0,254
1600,559,0,0,254
1601,559,0,0,254
1602,559,0,0,254
1603,559,0,0,254
1604,559,0,0,254
1605,559,0,0,254
1606,559,0,0,254
1607,559,0,0,254
1609,559,3,0,253
1610,559,6,1,253
1611,559,0,0,252
1612,559,3,2,255
1613,559,0,0,239
1614,559,3,3,255
1615,559,0,0,253
1616,559,3,0,250
1617,559,11,0,255
1651,559,6,0,247
1652,559,0,0,253
1653,559,2,2,255
1654,559,0,0,249
1655,559,1,1,255
15,560,25,0,254
16,560,3,2,255
17,560,0,0,244
18,560,1,4,255
19,560,0,0,250
20,560,0,8,255
21,560,0,4,253
22,560,0,7,243
23,560,0,0,249
24,560,0,5,251
25,560,0,3,250
26,560,0,0,250
27,560,4,0,254
28,560,9,3,255
29,560,9,6,255
30,560,0,0,248
31,560,0,1,254
32,560,0,3,253
33,560,0,4,253
34,560,1,1,249
35,560,0,0,249
36,560,9,5,252
37,560,2,4,249
38,560,0,3,255
39,560,0,3,253
40,560,11,0,244
43,560,10,0,243
44,560,6,0,253
45,560,8,3,246
46,560,5,0,253
47,560,5,3,254
48,560,0,0,247
49,560,5,2,255
50,560,5,1,244
51,560,1,0,250
52,560,3,0,245
53,560,6,0,255
54,560,0,0,251
55,560,0,0,252
56,560,24,0,253
81,560,14,0,254
82,560,9,2,238
83,560,4,5,246
84,560,0,0,252
85,560,0,0,253
86,560,0,0,250
87,560,6,0,255
88,560,0,0,249
89,560,1,0,244
90,560,6,0,255
91,560,2,0,247
92,560,0,0,250
93,560,6,7,255
94,560,1,0,253
95,560,0,0,249
96,560,24,0,253
123,560,12,0,254
124,560,6,0,252
125,560,0,0,245
126,560,0,6,251
127,560,0,3,249
128,560,24,0,253
156,560,9,0,254
157,560,2,0,249
158,560,0,4,255
159,560,0,1,252
160,560,0,2,255
161,560,0,1,254
162,560,0,0,253
163,560,1,4,255
164,560,0,0,253
165,560,0,0,251
166,560,3,0,244
167,560,9,2,255
168,560,1,6,255
169,560,0,1,246
170,560,0,0,246
171,560,1,0,253
172,560,5,2,255
173,560,5,0,255
174,560,4,1,255
175,560,6,4,253
176,560,0,0,251
177,560,5,5,255
178,560,4,4,255
179,560,1,2,250
180,560,0,1,250
181,560,0,0,251
182,560,0,0,252
183,560,0,0,252
184,560,0,0,248
185,560,2,6,251
186,560,2,1,253
187,560,7,1,255
188,560,8,0,255
189,560,5,0,255
190,560,0,0,252
191,560,1,3,246
192,560,0,0,254
193,560,0,0,254
194,560,0,0,254
195,560,0,0,254
196,560,0,0,254
197,560,0,0,254
198,560,0,0,254
199,560,0,0,254
200,560,0,0,251
201,560,6,5,255
202,560,0,0,245
203,560,6,6,255
204,560,0,0,252
205,560,0,1,240
206,560,0,0,254
207,560,0,0,247
208,560,0,0,254
209,560,0,0,254
210,560,0,0,254
211,560,0,0,254
212,560,0,0,254
213,560,0,0,254
214,560,0,0,254
215,560,0,0,254
216,560,0,0,251
217,560,6,6,255
218,560,0,0,238
219,560,5,4,255
220,560,0,0,252
221,560,2,0,249
222,560,5,0,255
225,560,5,0,255
226,560,3,0,250
227,560,1,0,253
228,560,4,3,255
229,560,0,0,237
230,560,6,6,255
231,560,0,0,252
232,560,0,0,254
233,560,0,0,254
234,560,0,0,254
235,560,0,0,254
236,560,0,0,254
237,560,0,0,254
238,560,0,0,254
239,560,0,0,254
240,560,0,1,249
1483,560,0,0,252
1484,560,0,0,253
1485,560,0,2,244
1486,560,7,0,253
1487,560,0,5,248
1488,560,0,0,254
1489,560,0,0,254
1490,560,0,0,254
1491,560,0,0,254
1492,560,0,0,254
1493,560,0,0,254
1494,560,0,0,254
1495,560,0,0,254
1496,560,0,0,254
1497,560,0,0,254
1498,560,0,0,254
1499,560,0,0,254
1500,560,0,0,254
1501,560,0,0,254
1502,560,0,0,254
1503,560,0,0,254
1504,560,0,0,254
1505,560,0,0,254
1506,560,0,0,254
1507,560,0,0,254
1508,560,0,0,254
1509,560,0,0,254
1510,560,0,0,254
1511,560,0,0,254
1512,560,0,0,254
1513,560,0,0,254
1514,560,0,0,254
1515,560,0,0,254
1516,560,0,0,254
1517,560,0,0,254
1518,560,0,0,254
1519,560,0,0,254
1520,560,0,5,247
1521,560,0,3,255
1522,560,0,0,250
1523,560,4,1,254
1524,560,0,0,249
1525,560,4,4,250
1526,560,0,0,250
1527,560,0,4,253
1528,560,0,0,241
1529,560,0,0,252
1530,560,1,0,254
1531,560,1,1,247
1532,560,0,0,237
1533,560,0,0,251
1534,560,6,6,255
1535,560,1,1,255
1536,560,0,1,250
1537,560,1,5,250
1538,560,3,2,254
1539,560,5,2,255
1540,560,1,0,251
1541,560,5,3,250
1542,560,0,0,252
1543,560,2,1,255
1544,560,0,2,252
1545,560,0,3,252
1546,560,2,1,255
1547,560,0,0,244
1548,560,2,1,255
1549,560,0,3,255
1550,560,0,0,239
1551,560,0,7,255
1552,560,0,2,253
1553,560,3,0,237
1554,560,13,0,253
1568,560,8,0,254
1569,560,4,0,251
1570,560,5,6,255
1571,560,0,1,244
1572,560,0,5,255
1573,560,0,0,253
1574,560,2,2,238
1575,560,5,0,254
1576,560,3,0,243
1577,560,0,0,253
1578,560,0,1,253
1579,560,0,1,252
1580,560,6,8,253
1581,560,8,0,251
1594,560,9,0,252
1595,560,6,0,255
1596,560,3,4,244
1597,560,4,5,253
1598,560,0,0,251
1599,560,0,0,254
1600,560,8,0,255
1601,560,0,0,249
1602,560,5,2,255
1603,560,0,0,247
1604,560,0,2,254
1605,560,0,0,247
1606,560,15,0,247
1611,560,12,0,254
1612,560,6,0,252
1613,560,0,0,245
1614,560,0,6,251
1615,560,0,3,249
17,561,3,0,249
18,561,0,4,251
19,561,0,1,253
20,561,2,0,254
21,561,8,0,255
22,561,6,0,252
23,561,2,1,255
24,561,5,0,255
25,561,0,0,253
26,561,0,0,249
27,561,0,4,242
28,561,0,0,251
29,561,0,0,243
30,561,7,4,255
31,561,0,0,247
32,561,0,0,247
33,561,0,0,252
34,561,5,7,248
35,561,0,0,247
36,561,0,0,244
37,561,0,0,246
38,561,5,4,255
39,561,0,0,251
51,561,1,4,255
52,561,0,3,239
53,561,1,0,240
83,561,4,0,249
84,561,9,6,255
85,561,0,0,254
86,561,0,0,238
87,561,5,5,255
88,561,6,6,252
92,561,5,0,252
93,561,0,2,255
161,561,9,0,245
162,561,12,0,255
163,561,0,0,252
164,561,0,0,252
165,561,0,2,255
166,561,3,4,245
167,561,1,0,251
168,561,8,0,253
169,561,6,0,255
170,561,0,3,242
171,561,0,4,252
172,561,0,3,255
173,561,0,0,243
174,561,16,0,253
178,561,17,0,251
179,561,4,0,248
180,561,0,0,249
181,561,4,0,254
182,561,8,2,255
183,561,4,3,244
184,561,4,7,255
185,561,0,0,246
186,561,2,0,254
187,561,0,0,235
188,561,1,0,251
189,561,4,3,255
190,561,0,2,249
191,561,0,1,253
192,561,0,0,254
193,561,0,0,254
194,561,0,0,254
195,561,0,0,254
196,561,0,0,254
197,561,0,0,254
198,561,0,0,254
199,561,0,0,254
200,561,0,0,248
201,561,6,6,255
202,561,0,0,247
203,561,0,0,246
204,561,0,0,254
205,561,0,0,253
206,561,8,8,255
207,561,1,2,250
208,561,0,0,254
209,561,0,0,254
210,561,0,0,254
211,561,0,0,254
212,561,0,0,254
213,561,0,0,254
214,561,0,0,254
215,561,0,0,254
216,561,0,0,252
217,561,0,0,250
218,561,0,1,251
219,561,6,5,255
220,561,6,3,255
221,561,3,3,239
222,561,4,0,251
223,561,1,0,251
224,561,3,0,253
225,561,4,0,251
226,561,1,1,237
227,561,4,1,255
228,561,8,7,255
229,561,3,4,254
230,561,0,0,250
231,561,0,0,250
232,561,0,0,254
233,561,0,0,254
234,561,0,0,254
235,561,0,0,254
236,561,0,0,254
237,561,0,0,254
238,561,0,0,254
239,561,0,0,254
240,561,1,0,242
241,561,9,0,251
242,561,6,3,255
1483,561,6,5,255
1484,561,7,4,255
1485,561,0,4,247
1486,561,10,0,255
1487,561,0,2,254
1488,561,0,0,254
1489,561,0,0,254
1490,561,0,0,254
1491,561,0,0,254
1492,561,0,0,254
1493,561,0,0,254
1494,561,0,0,254
1495,561,0,0,254
1496,561,0,0,254
1497,561,0,0,254
1498,561,0,0,254
1499,561,0,0,254
1500,561,0,0,254
1501,561,0,0,254
1502,561,0,0,254
1503,561,0,0,254
1504,561,0,0,254
1505,561,0,0,254
1506,561,0,0,254
1507,561,0,0,254
1508,561,0,0,254
1509,561,0,0,254
1510,561,0,0,254
1511,561,0,0,254
1512,561,0,0,254
1513,561,0,0,254
1514,561,0,0,254
1515,561,0,0,254
1516,561,0,0,254
1517,561,0,0,254
1518,561,0,0,254
1519,561,0,0,254
1520,561,0,0,248
1521,561,1,4,255
1522,561,0,0,247
1523,561,0,0,248
1524,561,14,8,255
1525,561,1,0,251
1526,561,2,1,252
1527,561,2,2,246
1528,561,0,4,253
1529,561,0,0,252
1530,561,4,7,255
1531,561,0,0,252
1532,561,0,0,253
1533,561,4,7,255
1534,561,0,0,243
1535,561,0,2,234
1536,561,0,3,255
1537,561,2,0,252
1538,561,9,0,249
1550,561,12,0,255
1551,561,0,0,240
1552,561,15,0,255
1569,561,6,0,251
1570,561,4,0,254
1571,561,1,1,255
1572,561,0,0,250
1573,561,3,4,252
1574,561,2,0,254
1575,561,6,0,255
1576,561,1,5,250
1577,561,1,4,255
1578,561,2,4,247
1579,561,4,0,242
1580,561,12,0,254
1596,561,9,0,254
1597,561,0,0,237
1598,561,0,0,253
1599,561,0,0,249
1600,561,0,4,254
1601,561,0,5,250
1602,561,0,2,238
1603,561,0,0,249
1604,561,5,5,255
1605,561,7,0,246
19,562,8,0,243
20,562,9,3,251
21,562,3,3,251
22,562,3,2,255
23,562,0,0,251
24,562,2,0,254
25,562,0,0,250
26,562,0,1,246
27,562,4,9,255
28,562,0,1,254
29,562,0,0,249
30,562,0,0,242
31,562,5,0,250
32,562,7,4,255
33,562,1,2,252
34,562,0,1,253
35,562,0,4,251
36,562,0,2,255
37,562,8,0,247
38,562,17,0,251
165,562,8,0,251
166,562,3,2,255
167,562,0,1,246
168,562,7,0,252
169,562,0,0,250
170,562,0,2,254
171,562,0,7,255
172,562,0,1,253
173,562,5,0,250
182,562,9,0,249
183,562,0,2,254
184,562,0,0,252
185,562,4,3,255
186,562,1,0,254
187,562,0,0,252
188,562,3,3,255
189,562,0,2,254
190,562,0,1,253
191,562,0,6,253
192,562,0,0,254
193,562,0,0,254
194,562,0,0,254
195,562,0,0,254
196,562,0,0,254
197,562,0,0,254
198,562,0,0,254
199,562,0,0,254
200,562,0,0,254
201,562,0,0,249
202,562,0,1,252
203,562,0,0,250
204,562,0,0,254
205,562,0,2,243
206,562,0,0,251
207,562,0,0,249
208,562,0,0,254
209,562,0,0,254
210,562,0,0,254
211,562,0,0,254
212,562,0,0,254
213,562,0,0,254
214,562,0,0,254
215,562,0,0,254
216,562,0,1,251
217,562,0,0,248
218,562,4,4,255
219,562,0,0,237
220,562,0,0,251
221,562,0,0,250
222,562,1,1,239
223,562,9,3,255
224,562,6,0,255
225,562,1,1,239
226,562,0,0,252
227,562,0,0,253
228,562,0,0,236
229,562,1,1,255
230,562,0,0,248
231,562,3,4,254
232,562,0,0,254
233,562,0,0,254
234,562,0,0,254
235,562,0,0,254
236,562,0,0,254
237,562,0,0,254
238,562,0,0,254
239,562,0,0,254
240,562,7,0,254
241,562,0,0,252
242,562,0,8,248
243,562,10,0,255
1483,562,1,0,250
1484,562,0,0,238
1485,562,0,5,255
1486,562,3,0,252
1487,562,0,3,255
1488,562,0,0,254
1489,562,0,0,254
1490,562,0,0,254
1491,562,0,0,254
1492,562,0,0,254
1493,562,0,0,254
1494,562,0,0,254
1495,562,0,0,254
1496,562,0,0,254
1497,562,0,0,254
1498,562,0,0,254
1499,562,0,0,254
1500,562,0,0,254
1501,562,0,0,254
1502,562,0,0,254
1503,562,0,0,254
1504,562,0,0,254
1505,562,0,0,254
1506,562,0,0,254
1507,562,0,0,254
1508,562,0,0,254
1509,562,0,0,254
1510,562,0,0,254
1511,562,0,0,254
1512,562,0,0,254
1513,562,0,0,254
1514,562,0,0,254
1515,562,0,0,254
1516,562,0,0,254
1517,562,0,0,254
1518,562,0,0,254
1519,562,0,0,254
1520,562,0,1,254
1521,562,3,3,255
1522,562,4,4,252
1523,562,8,6,255
1524,562,2,0,249
1525,562,0,0,250
1526,562,3,2,246
1527,562,0,0,251
1528,562,3,0,255
1529,562,3,0,255
1530,562,1,0,253
1531,562,4,1,255
1532,562,4,1,255
1533,562,0,0,252
1534,562,2,0,254
1535,562,3,0,255
1536,562,0,1,250
1537,562,1,6,255
1538,562,10,0,248
1571,562,13,1,247
1572,562,0,0,238
1573,562,1,8,247
1574,562,0,3,245
1575,562,0,2,253
1576,562,1,0,254
1577,562,0,0,241
1578,562,17,0,255
20,563,4,0,253
21,563,0,1,254
22,563,0,1,254
23,563,6,4,253
24,563,0,6,254
25,563,0,0,250
26,563,20,0,253
30,563,1,0,227
31,563,0,3,254
32,563,4,0,254
33,563,0,0,248
34,563,0,0,249
35,563,0,3,255
36,563,4,3,255
37,563,10,0,253
167,563,6,0,251
168,563,0,6,255
169,563,0,2,252
170,563,2,1,255
171,563,12,4,247
182,563,15,0,255
183,563,0,2,255
184,563,0,2,255
185,563,0,0,245
186,563,0,3,255
187,563,0,0,250
188,563,0,4,244
189,563,0,0,244
190,563,1,6,255
191,563,0,0,250
192,563,0,0,254
193,563,0,0,254
194,563,0,0,254
195,563,0,0,254
196,563,0,0,254
197,563,0,0,254
198,563,0,0,254
199,563,0,0,254
200,563,4,4,255
201,563,0,1,249
202,563,3,3,255
203,563,1,2,243
204,563,3,2,254
205,563,7,6,255
206,563,2,1,255
207,563,3,2,255
208,563,0,0,254
209,563,0,0,254
210,563,0,0,254
211,563,0,0,254
212,563,0,0,254
213,563,0,0,254
214,563,0,0,254
215,563,0,0,254
216,563,3,4,255
217,563,0,0,246
218,563,0,0,254
219,563,6,5,255
220,563,0,0,239
221,563,4,3,255
222,563,3,0,255
223,563,0,0,250
224,563,0,0,251
225,563,3,0,255
226,563,3,2,255
227,563,0,0,238
228,563,6,5,255
229,563,2,2,255
230,563,0,0,246
231,563,2,3,254
232,563,0,0,254
233,563,0,0,254
234,563,0,0,254
235,563,0,0,254
236,563,0,0,254
237,563,0,0,254
238,563,0,0,254
239,563,0,0,254
240,563,2,0,251
241,563,4,9,255
242,563,0,4,255
243,563,0,4,254
244,563,15,0,255
1476,563,8,0,253
1477,563,0,0,251
1478,563,0,2,254
1479,563,0,2,253
1480,563,16,0,252
1483,563,3,0,253
1484,563,4,3,255
1485,563,1,8,255
1486,563,0,0,247
1487,563,0,0,253
1488,563,0,0,254
1489,563,0,0,254
1490,563,0,0,254
1491,563,0,0,254
1492,563,0,0,254
1493,563,0,0,254
1494,563,0,0,254
1495,563,0,0,254
1496,563,0,0,254
1497,563,0,0,254
1498,563,0,0,254
1499,563,0,0,254
1500,563,0,0,254
1501,563,0,0,254
1502,563,0,0,254
1503,563,0,0,254
1504,563,0,0,254
1505,563,0,0,254
1506,563,0,0,254
1507,563,0,0,254
1508,563,0,0,254
1509,563,0,0,254
1510,563,0,0,254
1511,563,0,0,254
1512,563,0,0,254
1513,563,0,0,254
1514,563,0,0,254
1515,563,0,0,254
1516,563,0,0,254
1517,563,0,0,254
1518,563,0,0,254
1519,563,0,0,254
1520,563,4,4,255
1521,563,0,0,252
1522,563,0,0,248
1523,563,0,0,252
1524,563,2,3,254
1525,563,5,5,255
1526,563,0,3,255
1527,563,0,0,250
1528,563,4,3,255
1529,563,0,0,252
1530,563,2,1,243
1531,563,1,0,250
1532,563,0,0,252
1533,563,5,2,255
1534,563,8,5,255
1535,563,0,0,250
1536,563,2,0,239
1537,563,7,0,252
182,564,6,0,238
183,564,0,0,244
184,564,0,3,241
185,564,0,3,253
186,564,0,1,253
187,564,0,1,254
188,564,0,5,245
189,564,0,0,253
190,564,4,3,247
191,564,3,0,255
192,564,0,0,254
193,564,0,0,254
194,564,0,0,254
195,564,0,0,254
196,564,0,0,254
197,564,0,0,254
198,564,0,0,254
199,564,0,0,254
200,564,1,1,255
201,564,2,4,249
202,564,0,0,251
203,564,0,0,250
204,564,8,7,255
205,564,0,0,243
206,564,0,0,251
207,564,0,0,249
208,564,0,0,254
209,564,0,0,254
210,564,0,0,254
211,564,0,0,254
212,564,0,0,254
213,564,0,0,254
214,564,0,0,254
215,564,0,0,254
216,564,0,0,253
217,564,5,5,255
218,564,1,1,255
219,564,5,4,255
220,564,5,4,255
221,564,0,2,237
222,564,4,3,255
223,564,5,4,255
224,564,6,5,255
225,564,4,3,255
226,564,0,1,236
227,564,4,3,254
228,564,5,4,255
229,564,2,2,255
230,564,6,6,255
231,564,0,0,252
232,564,0,0,254
233,564,0,0,254
234,564,0,0,254
235,564,0,0,254
236,564,0,0,254
237,564,0,0,254
238,564,0,0,254
239,564,0,0,254
240,564,2,2,250
241,564,0,0,241
242,564,1,0,244
243,564,0,5,255
244,564,2,2,255
1471,564,19,0,255
1472,564,2,1,255
1473,564,1,0,251
1474,564,0,0,248
1475,564,6,3,255
1476,564,0,0,244
1477,564,7,1,255
1478,564,5,0,253
1479,564,4,0,249
1480,564,4,1,255
1481,564,9,1,255
1482,564,10,0,255
1483,564,0,0,252
1484,564,1,6,246
1485,564,0,2,254
1486,564,0,0,242
1487,564,0,0,250
1488,564,0,0,254
1489,564,0,0,254
1490,564,0,0,254
1491,564,0,0,254
1492,564,0,0,254
1493,564,0,0,254
1494,564,0,0,254
1495,564,0,0,254
1496,564,0,0,254
1497,564,0,0,254
1498,564,0,0,254
1499,564,0,0,254
1500,564,0,0,254
1501,564,0,0,254
1502,564,0,0,254
1503,564,0,0,254
1504,564,0,0,254
1505,564,0,0,254
1506,564,0,0,254
1507,564,0,0,254
1508,564,0,0,254
1509,564,0,0,254
1510,564,0,0,254
1511,564,0,0,254
1512,564,0,0,254
1513,564,0,0,254
1514,564,0,0,254
1515,564,0,0,254
1516,564,0,0,254
1517,564,0,0,254
1518,564,0,0,254
1519,564,0,0,254
1520,564,2,3,244
1521,564,1,0,254
1522,564,0,0,254
1523,564,0,3,245
1524,564,0,0,250
1525,564,0,5,255
1526,564,0,0,237
1527,564,0,2,253
1528,564,0,0,252
1529,564,0,5,255
1530,564,0,5,251
1531,564,0,0,246
1532,564,0,0,251
1533,564,0,0,247
1534,564,4,4,255
1535,564,0,0,253
183,565,7,1,255
184,565,3,3,247
185,565,4,4,255
186,565,0,5,235
187,565,0,2,247
188,565,2,2,255
189,565,5,4,255
190,565,0,0,246
191,565,2,0,251
192,565,0,0,254
193,565,0,0,254
194,565,0,0,254
195,565,0,0,254
196,565,0,0,254
197,565,0,0,254
198,565,0,0,254
199,565,0,0,254
200,565,0,2,245
201,565,0,0,248
202,565,0,0,252
203,565,3,2,255
204,565,0,0,247
205,565,5,4,248
206,565,4,1,255
207,565,3,0,246
208,565,0,0,254
209,565,0,0,254
210,565,0,0,254
211,565,0,0,254
212,565,0,0,254
213,565,0,0,254
214,565,0,0,254
215,565,0,0,254
216,565,0,0,237
217,565,0,0,249
218,565,1,1,255
219,565,1,1,255
220,565,0,0,253
221,565,0,0,253
222,565,0,0,254
223,565,0,1,244
224,565,0,0,242
225,565,1,1,255
226,565,2,2,255
227,565,1,1,255
228,565,0,0,253
229,565,0,0,252
230,565,0,0,249
231,565,0,0,239
232,565,0,0,254
233,565,0,0,254
234,565,0,0,254
235,565,0,0,254
236,565,0,0,254
237,565,0,0,254
238,565,0,0,254
239,565,0,0,254
240,565,3,0,255
241,565,0,2,248
242,565,2,1,255
243,565,5,0,252
244,565,1,1,255
245,565,9,9,255
1470,565,5,0,254
1471,565,1,5,250
1472,565,2,5,255
1473,565,0,2,251
1474,565,0,1,252
1475,565,2,2,255
1476,565,0,0,250
1477,565,2,0,254
1478,565,4,0,254
1479,565,0,0,250
1480,565,0,0,246
1481,565,0,6,255
1482,565,6,6,255
1483,565,0,2,242
1484,565,0,0,252
1485,565,0,1,241
1486,565,6,6,255
1487,565,6,0,255
1488,565,0,0,254
1489,565,0,0,254
1490,565,0,0,254
1491,565,0,0,254
1492,565,0,0,254
1493,565,0,0,254
1494,565,0,0,254
1495,565,0,0,254
1496,565,0,0,254
1497,565,0,0,254
1498,565,0,0,254
1499,565,0,0,254
1500,565,0,0,254
1501,565,0,0,254
1502,565,0,0,254
1503,565,0,0,254
1504,565,0,0,254
1505,565,0,0,254
1506,565,0,0,254
1507,565,0,0,254
1508,565,0,0,254
1509,565,0,0,254
1510,565,0,0,254
1511,565,0,0,254
1512,565,0,0,254
1513,565,0,0,254
1514,565,0,0,254
1515,565,0,0,254
1516,565,0,0,254
1517,565,0,0,254
1518,565,0,0,254
1519,565,0,0,254
1520,565,0,0,245
1521,565,1,0,254
1522,565,1,1,255
1523,565,0,1,254
1524,565,4,7,255
1525,565,1,1,255
1526,565,0,0,251
1527,565,1,0,248
1528,565,20,0,241
184,566,6,0,249
185,566,10,0,248
186,566,1,0,250
187,566,3,2,255
188,566,1,1,255
189,566,0,3,240
190,566,3,3,255
191,566,3,5,240
192,566,0,0,254
193,566,0,0,254
194,566,0,0,254
195,566,0,0,254
196,566,0,0,254
197,566,0,0,254
198,566,0,0,254
199,566,0,0,254
200,566,0,2,247
201,566,2,2,255
202,566,3,3,255
203,566,2,2,248
204,566,0,0,240
205,566,0,0,251
206,566,6,0,255
207,566,6,0,255
208,566,0,0,254
209,566,0,0,254
210,566,0,0,254
211,566,0,0,254
212,566,0,0,254
213,566,0,0,254
214,566,0,0,254
215,566,0,0,254
216,566,4,3,255
217,566,0,0,249
218,566,0,0,245
219,566,6,6,255
220,566,1,3,248
221,566,0,0,252
222,566,0,0,254
223,566,0,0,254
224,566,2,2,255
225,566,0,0,254
226,566,0,0,249
227,566,0,2,247
228,566,7,7,255
229,566,0,0,247
230,566,0,0,249
231,566,2,1,255
232,566,0,0,254
233,566,0,0,254
234,566,0,0,254
235,566,0,0,254
236,566,0,0,254
237,566,0,0,254
238,566,0,0,254
239,566,0,0,254
240,566,0,1,254
241,566,0,0,252
242,566,0,0,252
243,566,16,2,248
244,566,0,0,241
245,566,0,0,239
1469,566,8,0,245
1470,566,4,0,251
1471,566,1,0,254
1472,566,0,0,248
1473,566,2,6,255
1474,566,0,3,255
1475,566,4,4,255
1476,566,0,0,246
1477,566,1,0,253
1478,566,2,0,252
1479,566,8,2,255
1480,566,0,2,253
1481,566,0,2,254
1482,566,2,5,244
1483,566,0,0,244
1484,566,6,9,255
1485,566,0,1,242
1486,566,5,8,255
1487,566,3,0,253
1488,566,0,0,254
1489,566,0,0,254
1490,566,0,0,254
1491,566,0,0,254
1492,566,0,0,254
1493,566,0,0,254
1494,566,0,0,254
1495,566,0,0,254
1496,566,0,0,254
1497,566,0,0,254
1498,566,0,0,254
1499,566,0,0,254
1500,566,0,0,254
1501,566,0,0,254
1502,566,0,0,254
1503,566,0,0,254
1504,566,0,0,254
1505,566,0,0,254
1506,566,0,0,254
1507,566,0,0,254
1508,566,0,0,254
1509,566,0,0,254
1510,566,0,0,254
1511,566,0,0,254
1512,566,0,0,254
1513,566,0,0,254
1514,566,0,0,254
1515,566,0,0,254
1516,566,0,0,254
1517,566,0,0,254
1518,566,0,0,254
1519,566,0,0,254
1520,566,3,3,255
1521,566,0,0,241
1522,566,3,2,253
1523,566,0,0,238
1524,566,7,0,241
1525,566,18,0,253
186,567,11,0,254
187,567,8,2,255
188,567,0,0,247
189,567,0,2,251
190,567,0,3,255
191,567,0,0,250
192,567,0,0,254
193,567,0,0,254
194,567,0,0,254
195,567,0,0,254
196,567,0,0,254
197,567,0,0,254
198,567,0,0,254
199,567,0,0,254
200,567,1,2,252
201,567,3,3,255
202,567,0,0,248
203,567,0,1,242
204,567,3,0,255
206,567,2,0,243
207,567,4,0,254
208,567,0,0,254
209,567,0,0,254
210,567,0,0,254
211,567,0,0,254
212,567,0,0,254
213,567,0,0,254
214,567,0,0,254
215,567,0,0,254
216,567,3,2,255
217,567,3,2,255
218,567,0,1,240
219,567,0,0,253
220,567,1,2,253
221,567,0,0,252
222,567,0,0,253
223,567,0,0,248
224,567,0,0,247
225,567,0,0,253
226,567,0,0,253
227,567,2,3,254
228,567,0,0,252
229,567,0,0,239
230,567,3,2,255
231,567,3,2,255
232,567,0,0,254
233,567,0,0,254
234,567,0,0,254
235,567,0,0,254
236,567,0,0,254
237,567,0,0,254
238,567,0,0,254
239,567,0,0,254
240,567,0,5,254
241,567,3,0,255
242,567,0,6,244
243,567,12,2,255
244,567,0,0,254
245,567,2,0,251
1464,567,0,1,243
1465,567,0,0,243
1466,567,3,6,255
1467,567,0,3,255
1468,567,0,0,248
1469,567,0,8,243
1470,567,0,6,255
1471,567,0,2,252
1472,567,0,0,252
1473,567,2,1,255
1474,567,0,0,250
1475,567,0,3,245
1476,567,0,2,254
1477,567,1,6,255
1478,567,0,2,248
1479,567,0,3,255
1480,567,0,0,249
1481,567,2,0,251
1482,567,4,0,254
1483,567,12,2,255
1484,567,0,0,251
1485,567,0,0,244
1486,567,0,0,249
1487,567,2,0,252
1488,567,0,0,254
1489,567,0,0,254
1490,567,0,0,254
1491,567,0,0,254
1492,567,0,0,254
1493,567,0,0,254
1494,567,0,0,254
1495,567,0,0,254
1496,567,0,0,254
1497,567,0,0,254
1498,567,0,0,254
1499,567,0,0,254
1500,567,0,0,254
1501,567,0,0,254
1502,567,0,0,254
1503,567,0,0,254
1504,567,0,0,254
1505,567,0,0,254
1506,567,0,0,254
1507,567,0,0,254
1508,567,0,0,254
1509,567,0,0,254
1510,567,0,0,254
1511,567,0,0,254
1512,567,0,0,254
1513,567,0,0,254
1514,567,0,0,254
1515,567,0,0,254
1516,567,0,0,254
1517,567,0,0,254
1518,567,0,0,254
1519,567,0,0,254
1520,567,0,3,255
1521,567,0,1,254
1522,567,2,0,249
1523,567,11,0,255
188,568,8,0,250
189,568,5,0,245
190,568,6,3,255
191,568,0,0,246
192,568,6,3,255
193,568,0,0,246
194,568,5,4,255
195,568,1,1,245
196,568,1,1,255
197,568,2,2,255
198,568,0,3,255
199,568,0,0,250
200,568,0,5,245
201,568,0,2,254
202,568,4,0,251
203,568,17,0,255
208,568,0,0,250
209,568,3,4,255
210,568,3,0,247
211,568,7,0,255
212,568,6,3,255
213,568,0,3,252
214,568,0,0,251
215,568,0,0,248
216,568,0,0,252
217,568,0,0,250
218,568,0,5,241
219,568,0,0,253
220,568,0,2,254
221,568,0,3,255
222,568,0,3,249
223,568,0,0,252
224,568,0,0,254
225,568,0,0,254
226,568,0,0,254
227,568,0,0,254
228,568,0,0,254
229,568,0,0,254
230,568,0,0,254
231,568,0,0,254
232,568,0,0,254
233,568,0,0,254
234,568,0,0,254
235,568,0,0,254
236,568,0,0,254
237,568,0,0,254
238,568,0,0,254
239,568,0,0,254
240,568,4,0,253
241,568,5,4,255
242,568,0,0,248
243,568,0,3,255
244,568,0,0,253
245,568,10,0,255
1440,568,0,0,251
1441,568,6,6,255
1442,568,0,0,238
1443,568,5,4,255
1444,568,0,0,252
1445,568,2,0,249
1446,568,5,0,255
1462,568,1,0,246
1463,568,4,4,255
1464,568,0,0,254
1465,568,0,0,254
1466,568,0,0,254
1467,568,0,0,254
1468,568,0,0,254
1469,568,0,0,254
1470,568,0,0,254
1471,568,0,0,254
1472,568,0,0,254
1473,568,0,0,254
1474,568,0,0,254
1475,568,0,0,254
1476,568,0,0,254
1477,568,0,0,254
1478,568,0,0,254
1479,568,0,0,254
1480,568,0,0,254
1481,568,0,0,254
1482,568,0,0,254
1483,568,0,0,254
1484,568,0,0,254
1485,568,0,0,254
1486,568,0,0,254
1487,568,0,0,254
1488,568,2,1,255
1489,568,6,5,255
1490,568,0,0,237
1491,568,0,0,254
1492,568,2,3,254
1493,568,0,0,250
1494,568,1,1,255
1495,568,0,0,247
1496,568,0,0,253
1497,568,0,1,254
1498,568,3,6,255
1499,568,5,7,248
1500,568,0,0,236
1501,568,0,0,254
1502,568,0,0,253
1503,568,1,2,252
1504,568,7,0,255
1505,568,0,0,252
1506,568,0,4,255
1507,568,0,0,249
1508,568,0,0,252
1509,568,0,0,252
1510,568,7,1,255
1511,568,10,0,255
1512,568,2,0,252
1513,568,0,0,253
1514,568,0,2,242
1515,568,3,8,255
1516,568,0,1,250
1517,568,0,0,250
1518,568,6,3,255
1519,568,1,0,248
1520,568,24,0,253
191,569,20,0,253
192,569,0,0,242
193,569,1,6,246
194,569,0,0,252
195,569,0,3,255
196,569,2,3,251
197,569,0,0,248
198,569,4,3,255
199,569,2,1,253
200,569,0,0,253
201,569,5,1,248
202,569,14,0,251
209,569,9,0,235
210,569,0,0,254
211,569,0,3,255
212,569,0,0,241
213,569,7,4,255
214,569,2,1,255
215,569,0,3,255
216,569,6,3,244
217,569,3,0,255
218,569,0,0,253
219,569,0,0,253
220,569,0,2,234
221,569,3,3,255
222,569,0,0,244
223,569,4,1,255
224,569,0,0,254
225,569,0,0,254
226,569,0,0,254
227,569,0,0,254
228,569,0,0,254
229,569,0,0,254
230,569,0,0,254
231,569,0,0,254
232,569,0,0,254
233,569,0,0,254
234,569,0,0,254
235,569,0,0,254
236,569,0,0,254
237,569,0,0,254
238,569,0,0,254
239,569,0,0,254
240,569,7,1,255
241,569,0,0,249
242,569,0,3,255
243,569,0,2,252
244,569,0,0,253
245,569,7,0,252
1433,569,1,0,248
1434,569,7,0,255
1435,569,0,0,246
1436,569,4,1,255
1437,569,2,2,236
1438,569,3,2,255
1439,569,0,0,253
1440,569,0,0,252
1441,569,0,0,250
1442,569,0,1,251
1443,569,6,5,255
1444,569,6,3,255
1445,569,3,3,239
1446,569,4,0,251
1447,569,1,0,251
1448,569,1,0,253
1457,569,13,0,237
1458,569,2,1,245
1459,569,0,6,255
1460,569,0,6,252
1461,569,0,0,249
1462,569,7,6,255
1463,569,0,0,251
1464,569,0,0,254
1465,569,0,0,254
1466,569,0,0,254
1467,569,0,0,254
1468,569,0,0,254
1469,569,0,0,254
1470,569,0,0,254
1471,569,0,0,254
1472,569,0,0,254
1473,569,0,0,254
1474,569,0,0,254
1475,569,0,0,254
1476,569,0,0,254
1477,569,0,0,254
1478,569,0,0,254
1479,569,0,0,254
1480,569,0,0,254
1481,569,0,0,254
1482,569,0,0,254
1483,569,0,0,254
1484,569,0,0,254
1485,569,0,0,254
1486,569,0,0,254
1487,569,0,0,254
1488,569,4,3,255
1489,569,0,0,248
1490,569,0,0,245
1491,569,6,6,255
1492,569,1,3,248
1493,569,0,0,253
1494,569,0,0,254
1495,569,0,0,254
1496,569,1,5,254
1497,569,0,0,249
1498,569,0,0,252
1499,569,0,3,252
1500,569,0,1,252
1501,569,1,1,255
1502,569,4,4,255
1503,569,1,1,255
1504,569,6,3,255
1505,569,0,0,247
1506,569,3,0,255
1507,569,3,1,252
1508,569,2,1,255
1509,569,0,4,244
1510,569,0,3,246
1511,569,0,0,250
1512,569,0,2,254
1513,569,0,1,253
1514,569,0,5,255
1515,569,0,0,242
1516,569,5,0,251
1517,569,14,0,255
194,570,12,0,250
195,570,13,0,253
196,570,7,1,247
197,570,3,6,245
198,570,0,5,255
199,570,0,0,245
200,570,15,0,246
211,570,3,0,250
212,570,0,0,252
213,570,0,4,255
214,570,1,2,250
215,570,2,0,252
216,570,3,3,255
217,570,3,2,255
218,570,7,4,255
219,570,6,3,255
220,570,0,0,246
221,570,5,3,250
222,570,3,4,242
223,570,2,1,255
224,570,0,0,254
225,570,0,0,254
226,570,0,0,254
227,570,0,0,254
228,570,0,0,254
229,570,0,0,254
230,570,0,0,254
231,570,0,0,254
232,570,0,0,254
233,570,0,0,254
234,570,0,0,254
235,570,0,0,254
236,570,0,0,254
237,570,0,0,254
238,570,0,0,254
239,570,0,0,254
240,570,0,4,236
241,570,2,2,255
242,570,0,0,245
243,570,1,1,255
244,570,1,0,254
245,570,8,2,255
246,570,6,0,244
247,570,11,0,255
258,570,8,0,254
259,570,6,9,255
260,570,0,0,250
261,570,0,0,248
262,570,0,8,238
263,570,0,3,255
264,570,3,0,249
265,570,0,0,252
266,570,0,5,247
267,570,0,0,242
1421,570,7,0,250
1422,570,7,4,255
1423,570,0,4,253
1424,570,0,0,253
1425,570,0,0,253
1426,570,0,0,253
1427,570,0,0,253
1428,570,0,0,253
1429,570,0,0,253
1430,570,0,0,253
1431,570,0,0,253
1432,570,0,0,251
1433,570,2,1,255
1434,570,0,0,237
1435,570,0,1,251
1436,570,0,4,251
1437,570,0,0,244
1438,570,0,4,255
1439,570,0,1,253
1440,570,0,1,251
1441,570,0,0,248
1442,570,4,4,255
1443,570,0,0,237
1444,570,0,0,251
1445,570,0,0,250
1446,570,1,1,239
1447,570,9,3,255
1448,570,0,4,247
1449,570,3,4,245
1450,570,12,0,255
1455,570,9,0,254
1456,570,7,0,253
1457,570,8,2,255
1458,570,0,0,231
1459,570,0,2,254
1460,570,0,3,255
1461,570,0,1,254
1462,570,0,3,252
1463,570,0,8,244
1464,570,0,0,254
1465,570,0,0,254
1466,570,0,0,254
1467,570,0,0,254
1468,570,0,0,254
1469,570,0,0,254
1470,570,0,0,254
1471,570,0,0,254
1472,570,0,0,254
1473,570,0,0,254
1474,570,0,0,254
1475,570,0,0,254
1476,570,0,0,254
1477,570,0,0,254
1478,570,0,0,254
1479,570,0,0,254
1480,570,0,0,254
1481,570,0,0,254
1482,570,0,0,254
1483,570,0,0,254
1484,570,0,0,254
1485,570,0,0,254
1486,570,0,0,254
1487,570,0,0,254
1488,570,0,0,238
1489,570,0,0,247
1490,570,4,4,255
1491,570,0,0,254
1492,570,0,0,252
1493,570,2,2,255
1494,570,0,0,251
1495,570,0,2,245
1496,570,0,0,249
1497,570,0,0,249
1498,570,0,3,250
1499,570,4,7,255
1500,570,3,6,255
1501,570,1,4,243
1502,570,0,0,254
1503,570,2,3,254
1504,570,0,0,242
1505,570,8,0,251
212,571,13,0,254
213,571,0,0,251
214,571,0,0,240
215,571,6,0,255
216,571,0,4,243
217,571,0,0,243
218,571,0,0,252
219,571,11,1,255
220,571,5,0,254
221,571,5,2,255
222,571,2,6,251
223,571,0,0,250
224,571,0,0,254
225,571,0,0,254
226,571,0,0,254
227,571,0,0,254
228,571,0,0,254
229,571,0,0,254
230,571,0,0,254
231,571,0,0,254
232,571,0,0,254
233,571,0,0,254
234,571,0,0,254
235,571,0,0,254
236,571,0,0,254
237,571,0,0,254
238,571,0,0,254
239,571,0,0,254
240,571,0,1,250
241,571,0,0,251
242,571,1,1,255
243,571,0,0,253
244,571,0,0,252
245,571,0,0,253
246,571,0,0,253
247,571,0,0,254
248,571,10,0,243
251,571,6,0,233
252,571,2,0,252
253,571,5,7,240
254,571,0,2,247
255,571,0,2,255
257,571,14,0,252
258,571,3,0,248
259,571,1,6,255
260,571,0,0,250
261,571,0,4,255
262,571,0,0,242
263,571,0,0,252
264,571,3,0,255
265,571,0,4,244
266,571,0,4,255
267,571,4,9,249
268,571,13,0,255
1419,571,15,0,254
1420,571,7,0,245
1421,571,9,2,255
1422,571,0,0,237
1423,571,0,1,252
1424,571,1,1,255
1425,571,1,1,255
1426,571,1,1,255
1427,571,1,1,255
1428,571,1,1,255
1429,571,1,1,255
1430,571,1,1,255
1431,571,1,1,255
1432,571,2,2,255
1433,571,6,6,255
1434,571,0,0,254
1435,571,0,1,250
1436,571,6,9,255
1437,571,0,0,249
1438,571,0,0,240
1439,571,0,0,248
1440,571,3,4,255
1441,571,0,0,246
1442,571,0,0,254
1443,571,6,5,255
1444,571,0,0,239
1445,571,4,3,255
1446,571,3,0,255
1447,571,0,0,250
1448,571,4,0,253
1449,571,0,0,247
1450,571,0,5,241
1451,571,3,2,255
1452,571,13,0,248
1454,571,14,0,255
1455,571,0,0,249
1456,571,1,6,255
1457,571,0,0,253
1458,571,1,0,250
1459,571,14,0,248
1460,571,11,0,254
1461,571,5,0,249
1462,571,3,3,255
1463,571,0,3,254
1464,571,0,0,254
1465,571,0,0,254
1466,571,0,0,254
1467,571,0,0,254
1468,571,0,0,254
1469,571,0,0,254
1470,571,0,0,254
1471,571,0,0,254
1472,571,0,0,254
1473,571,0,0,254
1474,571,0,0,254
1475,571,0,0,254
1476,571,0,0,254
1477,571,0,0,254
1478,571,0,0,254
1479,571,0,0,254
1480,571,0,0,254
1481,571,0,0,254
1482,571,0,0,254
1483,571,0,0,254
1484,571,0,0,254
1485,571,0,0,254
1486,571,0,0,254
1487,571,0,0,254
1488,571,0,0,254
1489,571,4,4,255
1490,571,3,3,255
1491,571,4,3,255
1492,571,4,3,254
1493,571,2,4,239
1494,571,3,2,255
1495,571,6,5,255
1496,571,3,3,255
1497,571,2,2,255
1498,571,0,0,250
1499,571,0,0,251
1500,571,0,0,252
1501,571,0,0,247
1502,571,0,0,252
1503,571,0,0,247
1504,571,11,3,255
214,572,9,0,251
215,572,1,0,253
216,572,2,1,253
217,572,0,0,252
218,572,5,4,255
219,572,3,2,255
220,572,1,2,252
221,572,0,0,249
222,572,0,5,255
223,572,0,0,251
224,572,0,0,254
225,572,0,0,254
226,572,0,0,254
227,572,0,0,254
228,572,0,0,254
229,572,0,0,254
230,572,0,0,254
231,572,0,0,254
232,572,0,0,254
233,572,0,0,254
234,572,0,0,254
235,572,0,0,254
236,572,0,0,254
237,572,0,0,254
238,572,0,0,254
239,572,0,0,254
240,572,0,3,255
241,572,0,5,244
242,572,2,1,253
243,572,3,4,242
244,572,2,1,255
245,572,3,3,255
246,572,0,1,253
247,572,0,2,250
248,572,4,3,255
249,572,0,0,252
250,572,0,0,253
251,572,5,4,255
252,572,3,2,253
253,572,0,0,251
254,572,1,1,247
255,572,3,2,255
256,572,7,1,255
257,572,0,0,246
258,572,0,2,243
259,572,0,1,247
260,572,0,3,252
261,572,2,1,255
262,572,6,0,255
263,572,10,0,253
264,572,3,0,255
265,572,1,0,242
266,572,5,0,255
267,572,0,0,249
268,572,1,0,251
269,572,8,0,242
1418,572,5,0,254
1419,572,0,0,252
1420,572,0,0,251
1421,572,4,3,255
1422,572,3,2,255
1423,572,4,4,255
1424,572,0,0,253
1425,572,0,0,253
1426,572,0,0,253
1427,572,0,0,253
1428,572,0,0,253
1429,572,0,0,253
1430,572,0,0,253
1431,572,0,0,253
1432,572,1,2,253
1433,572,0,0,250
1434,572,0,2,244
1435,572,0,0,253
1436,572,0,0,252
1437,572,1,4,255
1438,572,3,6,255
1439,572,0,0,252
1440,572,0,0,253
1441,572,5,5,255
1442,572,1,1,255
1443,572,5,4,255
1444,572,5,4,255
1445,572,0,2,237
1446,572,4,3,255
1447,572,5,4,255
1448,572,8,3,255
1449,572,3,3,251
1450,572,0,1,254
1451,572,0,1,253
1452,572,0,3,255
1453,572,0,0,243
1454,572,0,0,248
1455,572,7,4,255
1456,572,0,0,252
1457,572,1,2,250
1458,572,5,6,255
1459,572,5,8,255
1460,572,0,0,250
1461,572,1,3,246
1462,572,1,0,254
1463,572,0,0,247
1464,572,0,0,254
1465,572,0,0,254
1466,572,0,0,254
1467,572,0,0,254
1468,572,0,0,254
1469,572,0,0,254
1470,572,0,0,254
1471,572,0,0,254
1472,572,0,0,254
1473,572,0,0,254
1474,572,0,0,254
1475,572,0,0,254
1476,572,0,0,254
1477,572,0,0,254
1478,572,0,0,254
1479,572,0,0,254
1480,572,0,0,254
1481,572,0,0,254
1482,572,0,0,254
1483,572,0,0,254
1484,572,0,0,254
1485,572,0,0,254
1486,572,0,0,254
1487,572,0,0,254
1488,572,2,3,254
1489,572,0,0,248
1490,572,0,0,253
1491,572,6,5,255
1492,572,0,0,239
1493,572,3,2,255
1494,572,5,2,255
1495,572,0,0,249
1496,572,1,0,251
1497,572,10,2,255
1498,572,0,0,224
1499,572,8,0,255
1500,572,6,0,252
1501,572,9,0,255
1502,572,8,0,250
217,573,15,0,243
218,573,4,0,254
219,573,0,2,248
220,573,0,5,250
221,573,0,1,253
222,573,0,0,247
223,573,11,6,255
224,573,0,0,254
225,573,0,0,254
226,573,0,0,254
227,573,0,0,254
228,573,0,0,254
229,573,0,0,254
230,573,0,0,254
231,573,0,0,254
232,573,0,0,254
233,573,0,0,254
234,573,0,0,254
235,573,0,0,254
236,573,0,0,254
237,573,0,0,254
238,573,0,0,254
239,573,0,0,254
240,573,3,4,255
241,573,2,3,254
242,573,0,0,249
243,573,0,0,252
244,573,0,0,253
245,573,0,0,245
246,573,0,3,255
247,573,0,0,248
248,573,5,0,251
249,573,0,0,250
250,573,0,0,244
251,573,1,1,255
252,573,0,2,255
253,573,0,2,254
254,573,0,6,244
255,573,0,4,255
256,573,2,0,247
257,573,1,0,253
258,573,4,2,253
259,573,8,5,255
260,573,0,0,252
261,573,2,5,232
262,573,0,0,252
263,573,5,5,255
264,573,0,8,254
265,573,0,0,252
266,573,0,1,249
267,573,0,3,255
268,573,0,5,255
269,573,0,2,254
270,573,8,0,252
1418,573,0,0,248
1419,573,0,8,244
1420,573,0,5,255
1421,573,0,0,254
1422,573,0,0,252
1423,573,0,0,251
1424,573,0,0,254
1425,573,0,0,254
1426,573,0,0,254
1427,573,0,0,254
1428,573,0,0,254
1429,573,0,0,254
1430,573,0,0,254
1431,573,0,0,254
1432,573,2,0,236
1433,573,7,1,255
1434,573,7,1,255
1435,573,1,0,242
1436,573,7,1,255
1437,573,0,0,250
1438,573,10,4,255
1439,573,6,0,255
1440,573,0,0,237
1441,573,0,0,249
1442,573,1,1,255
1443,573,1,1,255
1444,573,0,0,253
1445,573,0,0,253
1446,573,0,0,254
1447,573,0,1,244
1448,573,6,0,255
1449,573,1,0,254
1450,573,0,0,253
1451,573,0,4,250
1452,573,2,7,255
1453,573,0,3,247
1454,573,0,6,255
1455,573,0,5,250
1456,573,0,1,249
1457,573,7,7,255
1458,573,0,0,247
1459,573,0,3,249
1460,573,0,3,247
1461,573,0,6,241
1462,573,2,1,255
1463,573,4,0,251
1464,573,0,0,254
1465,573,0,0,254
1466,573,0,0,254
1467,573,0,0,254
1468,573,0,0,254
1469,573,0,0,254
1470,573,0,0,254
1471,573,0,0,254
1472,573,0,0,254
1473,573,0,0,254
1474,573,0,0,254
1475,573,0,0,254
1476,573,0,0,254
1477,573,0,0,254
1478,573,0,0,254
1479,573,0,0,254
1480,573,0,0,254
1481,573,0,0,254
1482,573,0,0,254
1483,573,0,0,254
1484,573,0,0,254
1485,573,0,0,254
1486,573,0,0,254
1487,573,0,0,254
1488,573,0,0,250
1489,573,0,0,251
1490,573,1,1,255
1491,573,0,0,238
1492,573,0,0,253
1493,573,0,0,247
1494,573,3,3,241
1495,573,7,1,255
219,574,12,0,255
220,574,5,0,254
221,574,0,0,248
222,574,3,0,253
223,574,2,0,250
224,574,0,0,254
225,574,0,0,254
226,574,0,0,254
227,574,0,0,254
228,574,0,0,254
229,574,0,0,254
230,574,0,0,254
231,574,0,0,254
232,574,0,0,254
233,574,0,0,254
234,574,0,0,254
235,574,0,0,254
236,574,0,0,254
237,574,0,0,254
238,574,0,0,254
239,574,0,0,254
240,574,0,0,250
241,574,1,0,252
242,574,1,1,255
243,574,4,8,253
244,574,0,0,252
245,574,2,2,255
246,574,0,0,251
247,574,2,1,255
248,574,0,5,255
249,574,0,2,254
250,574,3,6,255
251,574,4,4,255
252,574,0,0,243
253,574,0,0,251
254,574,3,0,255
255,574,0,0,239
256,574,2,5,255
257,574,0,2,255
258,574,0,0,250
259,574,2,3,251
260,574,0,0,250
261,574,0,0,252
262,574,1,1,255
263,574,0,0,250
264,574,2,0,254
265,574,6,0,255
266,574,1,0,253
267,574,4,3,255
268,574,0,0,252
269,574,0,0,249
270,574,0,0,250
271,574,0,1,254
1417,574,16,0,255
1418,574,0,5,255
1419,574,0,0,248
1420,574,0,0,250
1421,574,10,0,255
1422,574,8,0,254
1423,574,9,0,255
1424,574,0,1,252
1425,574,0,1,252
1426,574,0,1,252
1427,574,0,1,252
1428,574,0,1,252
1429,574,0,1,252
1430,574,0,1,252
1431,574,0,1,252
1432,574,0,0,251
1433,574,0,2,253
1434,574,0,1,237
1435,574,0,0,248
1436,574,1,1,255
1437,574,0,0,252
1438,574,0,0,251
1439,574,0,0,239
1440,574,4,3,255
1441,574,0,0,249
1442,574,0,0,245
1443,574,6,6,255
1444,574,1,3,248
1445,574,0,0,252
1446,574,0,0,254
1447,574,0,0,254
1448,574,0,0,253
1449,574,0,2,255
1450,574,0,0,249
1451,574,0,0,250
1452,574,5,0,255
1453,574,5,0,255
1454,574,0,0,250
1455,574,0,0,251
1456,574,0,0,244
1457,574,0,0,249
1458,574,8,1,254
1459,574,4,0,253
1460,574,0,0,250
1461,574,0,0,253
1462,574,0,0,252
1463,574,4,2,253
1464,574,0,0,254
1465,574,0,0,254
1466,574,0,0,254
1467,574,0,0,254
1468,574,0,0,254
1469,574,0,0,254
1470,574,0,0,254
1471,574,0,0,254
1472,574,0,0,254
1473,574,0,0,254
1474,574,0,0,254
1475,574,0,0,254
1476,574,0,0,254
1477,574,0,0,254
1478,574,0,0,254
1479,574,0,0,254
1480,574,0,0,254
1481,574,0,0,254
1482,574,0,0,254
1483,574,0,0,254
1484,574,0,0,254
1485,574,0,0,254
1486,574,0,0,254
1487,574,0,0,254
1488,574,0,0,252
1489,574,0,0,250
1490,574,0,1,251
1491,574,6,5,255
1492,574,6,3,255
1493,574,3,3,239
1494,574,5,0,252
1495,574,0,0,250
222,575,6,0,255
223,575,0,2,255
224,575,0,0,254
225,575,0,0,254
226,575,0,0,254
227,575,0,0,254
228,575,0,0,254
229,575,0,0,254
230,575,0,0,254
231,575,0,0,254
232,575,0,0,254
233,575,0,0,254
234,575,0,0,254
235,575,0,0,254
236,575,0,0,254
237,575,0,0,254
238,575,0,0,254
239,575,0,0,254
240,575,6,1,251
241,575,0,0,253
242,575,1,4,243
243,575,1,4,255
244,575,0,0,252
245,575,0,2,245
246,575,7,1,255
247,575,5,0,252
248,575,0,2,251
249,575,0,0,251
250,575,0,0,254
251,575,0,0,250
252,575,4,6,249
253,575,0,0,253
254,575,3,2,255
255,575,1,0,254
256,575,0,0,249
257,575,4,1,255
258,575,0,0,251
259,575,0,1,254
260,575,0,3,242
261,575,0,0,247
262,575,7,7,255
263,575,0,0,246
264,575,0,0,250
265,575,0,3,245
266,575,0,4,255
267,575,0,0,233
268,575,9,2,255
269,575,13,5,246
270,575,3,2,254
271,575,0,0,250
272,575,25,0,254
1417,575,14,0,246
1418,575,6,6,250
1419,575,0,1,251
1420,575,4,3,255
1421,575,2,0,251
1422,575,9,7,255
1423,575,0,2,244
1424,575,1,0,254
1425,575,1,0,254
1426,575,1,0,254
1427,575,1,0,254
1428,575,1,0,254
1429,575,1,0,254
1430,575,1,0,254
1431,575,1,0,254
1432,575,0,0,252
1433,575,2,6,253
1434,575,0,0,252
1435,575,2,5,255
1436,575,4,5,255
1437,575,0,0,254
1438,575,0,0,249
1439,575,3,4,255
1440,575,3,2,255
1441,575,3,2,255
1442,575,0,1,240
1443,575,0,0,253
1444,575,1,2,253
1445,575,0,0,252
1446,575,0,0,253
1447,575,0,0,248
1448,575,0,9,242
1449,575,2,2,255
1450,575,8,0,255
1451,575,2,0,251
1452,575,0,7,243
1453,575,0,2,254
1454,575,0,0,252
1455,575,14,0,253
1456,575,0,5,255
1457,575,0,0,251
1458,575,8,1,254
1459,575,6,3,255
1460,575,0,2,247
1461,575,0,0,251
1462,575,0,3,245
1463,575,5,2,255
1464,575,0,0,254
1465,575,0,0,254
1466,575,0,0,254
1467,575,0,0,254
1468,575,0,0,254
1469,575,0,0,254
1470,575,0,0,254
1471,575,0,0,254
1472,575,0,0,254
1473,575,0,0,254
1474,575,0,0,254
1475,575,0,0,254
1476,575,0,0,254
1477,575,0,0,254
1478,575,0,0,254
1479,575,0,0,254
1480,575,0,0,254
1481,575,0,0,254
1482,575,0,0,254
1483,575,0,0,254
1484,575,0,0,254
1485,575,0,0,254
1486,575,0,0,254
1487,575,0,0,254
1488,575,0,0,252
1489,575,4,4,255
1490,575,0,0,240
1491,575,4,3,255
1492,575,0,0,251
1493,575,5,0,252
1494,575,3,0,253
223,576,25,0,254
224,576,7,0,254
225,576,3,0,251
226,576,3,0,255
227,576,0,0,252
228,576,0,0,252
229,576,3,0,255
230,576,3,0,251
231,576,7,0,254
232,576,3,3,255
233,576,0,0,239
234,576,5,5,255
235,576,0,0,251
236,576,0,4,250
237,576,0,6,245
238,576,0,3,255
239,576,0,0,253
240,576,1,6,255
241,576,1,6,255
242,576,0,3,239
243,576,0,0,250
244,576,2,5,255
245,576,0,0,250
246,576,6,6,255
247,576,0,0,250
248,576,0,0,254
249,576,0,0,254
250,576,0,0,254
251,576,0,0,254
252,576,0,0,254
253,576,0,0,254
254,576,0,0,254
255,576,0,0,254
256,576,0,0,254
257,576,0,0,254
258,576,0,0,254
259,576,0,0,254
260,576,0,0,254
261,576,0,0,254
262,576,0,0,254
263,576,0,0,254
264,576,0,0,254
265,576,0,0,254
266,576,0,0,254
267,576,0,0,254
268,576,0,0,254
269,576,0,0,254
270,576,0,0,254
271,576,0,0,254
272,576,2,0,254
273,576,4,0,235
274,576,8,0,253
1405,576,0,2,254
1406,576,0,6,248
1407,576,12,0,255
1408,576,0,0,254
1409,576,0,0,254
1410,576,0,0,254
1411,576,0,0,254
1412,576,0,0,254
1413,576,0,0,254
1414,576,0,0,254
1415,576,0,0,254
1416,576,0,0,254
1417,576,0,0,254
1418,576,0,0,254
1419,576,0,0,254
1420,576,0,0,254
1421,576,0,0,254
1422,576,0,0,254
1423,576,0,0,254
1424,576,0,0,254
1425,576,0,0,254
1426,576,0,0,254
1427,576,0,0,254
1428,576,0,0,254
1429,576,0,0,254
1430,576,0,0,254
1431,576,0,0,254
1432,576,2,1,253
1433,576,1,0,254
1434,576,1,1,255
1435,576,0,0,250
1436,576,2,7,255
1437,576,0,2,252
1438,576,0,4,253
1439,576,0,2,254
1440,576,0,0,254
1441,576,0,0,254
1442,576,0,0,254
1443,576,0,0,254
1444,576,0,0,254
1445,576,0,0,254
1446,576,0,0,254
1447,576,0,0,254
1448,576,0,0,254
1449,576,0,0,254
1450,576,0,0,254
1451,576,0,0,254
1452,576,0,0,254
1453,576,0,0,254
1454,576,0,0,254
1455,576,0,0,254
1456,576,0,0,254
1457,576,0,0,254
1458,576,0,0,254
1459,576,0,0,254
1460,576,0,0,254
1461,576,0,0,254
1462,576,0,0,254
1463,576,0,0,254
1464,576,0,0,254
1465,576,0,0,254
1466,576,0,0,254
1467,576,0,0,254
1468,576,0,0,254
1469,576,0,0,254
1470,576,0,0,254
1471,576,0,0,254
1472,576,5,0,251
1473,576,0,0,253
1474,576,5,2,255
1475,576,0,4,250
1476,576,0,0,250
1477,576,0,0,252
1478,576,2,4,237
1479,576,6,0,250
1480,576,0,3,255
1481,576,0,3,238
1482,576,0,5,255
1483,576,0,2,254
1484,576,0,4,250
1485,576,0,5,255
1486,576,0,4,255
1487,576,0,1,253
1488,576,2,6,255
1489,576,2,0,254
1490,576,6,0,255
1491,576,4,1,255
1492,576,0,0,248
1493,576,0,0,254
1494,576,8,0,244
224,577,0,0,253
225,577,0,0,254
226,577,0,1,252
227,577,0,2,251
228,577,0,2,251
229,577,0,1,252
230,577,0,0,254
231,577,0,0,253
233,577,15,0,255
234,577,5,0,254
235,577,4,0,241
236,577,5,0,249
237,577,0,3,255
238,577,0,0,251
239,577,3,3,255
240,577,0,0,246
241,577,6,3,255
242,577,0,0,250
243,577,0,0,239
244,577,0,0,253
245,577,5,5,255
246,577,4,5,253
247,577,0,0,251
248,577,0,0,254
249,577,0,0,254
250,577,0,0,254
251,577,0,0,254
252,577,0,0,254
253,577,0,0,254
254,577,0,0,254
255,577,0,0,254
256,577,0,0,254
257,577,0,0,254
258,577,0,0,254
259,577,0,0,254
260,577,0,0,254
261,577,0,0,254
262,577,0,0,254
263,577,0,0,254
264,577,0,0,254
265,577,0,0,254
266,577,0,0,254
267,577,0,0,254
268,577,0,0,254
269,577,0,0,254
270,577,0,0,254
271,577,0,0,254
272,577,5,4,255
273,577,3,2,255
274,577,0,0,253
275,577,0,0,251
276,577,0,0,252
277,577,0,5,235
278,577,0,5,234
279,577,2,7,255
280,577,0,2,254
281,577,0,0,253
282,577,15,0,255
1404,577,16,0,255
1405,577,0,0,250
1406,577,0,0,251
1407,577,0,0,248
1408,577,0,0,254
1409,577,0,0,254
1410,577,0,0,254
1411,577,0,0,254
1412,577,0,0,254
1413,577,0,0,254
1414,577,0,0,254
1415,577,0,0,254
1416,577,0,0,254
1417,577,0,0,254
1418,577,0,0,254
1419,577,0,0,254
1420,577,0,0,254
1421,577,0,0,254
1422,577,0,0,254
1423,577,0,0,254
1424,577,0,0,254
1425,577,0,0,254
1426,577,0,0,254
1427,577,0,0,254
1428,577,0,0,254
1429,577,0,0,254
1430,577,0,0,254
1431,577,0,0,254
1432,577,0,0,251
1433,577,4,4,255
1434,577,0,1,249
1435,577,0,0,254
1436,577,2,2,250
1437,577,2,1,255
1438,577,0,0,250
1439,577,4,3,255
1440,577,0,0,254
1441,577,0,0,254
1442,577,0,0,254
1443,577,0,0,254
1444,577,0,0,254
1445,577,0,0,254
1446,577,0,0,254
1447,577,0,0,254
1448,577,0,0,254
1449,577,0,0,254
1450,577,0,0,254
1451,577,0,0,254
1452,577,0,0,254
1453,577,0,0,254
1454,577,0,0,254
1455,577,0,0,254
1456,577,0,0,254
1457,577,0,0,254
1458,577,0,0,254
1459,577,0,0,254
1460,577,0,0,254
1461,577,0,0,254
1462,577,0,0,254
1463,577,0,0,254
1464,577,0,0,254
1465,577,0,0,254
1466,577,0,0,254
1467,577,0,0,254
1468,577,0,0,254
1469,577,0,0,254
1470,577,0,0,254
1471,577,0,0,254
1472,577,3,9,255
1473,577,0,2,251
1474,577,3,0,251
1475,577,3,0,255
1476,577,4,0,254
1477,577,8,0,253
1478,577,0,0,251
1479,577,7,6,255
1480,577,1,0,251
1481,577,0,0,246
1482,577,7,4,255
1483,577,2,0,254
1484,577,0,0,249
1485,577,0,0,248
1486,577,0,0,252
1487,577,0,3,252
1488,577,0,0,236
1489,577,0,0,252
1490,577,0,2,254
1491,577,0,2,254
1492,577,4,1,255
1493,577,13,0,255
226,578,5,0,255
227,578,0,9,255
228,578,0,9,255
229,578,5,0,255
233,578,0,0,249
234,578,1,12,255
235,578,0,0,248
236,578,11,4,255
237,578,0,1,241
238,578,0,0,252
239,578,8,0,253
240,578,0,0,249
241,578,0,0,249
242,578,6,9,255
243,578,0,0,253
244,578,0,0,254
245,578,0,0,246
246,578,0,0,235
247,578,1,3,248
248,578,0,0,254
249,578,0,0,254
250,578,0,0,254
251,578,0,0,254
252,578,0,0,254
253,578,0,0,254
254,578,0,0,254
255,578,0,0,254
256,578,0,0,254
257,578,0,0,254
258,578,0,0,254
259,578,0,0,254
260,578,0,0,254
261,578,0,0,254
262,578,0,0,254
263,578,0,0,254
264,578,0,0,254
265,578,0,0,254
266,578,0,0,254
267,578,0,0,254
268,578,0,0,254
269,578,0,0,254
270,578,0,0,254
271,578,0,0,254
272,578,3,0,236
273,578,3,0,253
274,578,3,3,239
275,578,0,0,251
276,578,5,7,248
277,578,0,2,244
278,578,0,0,245
279,578,0,0,252
280,578,0,2,254
281,578,0,4,249
282,578,4,1,255
283,578,9,0,249
1392,578,0,0,253
1393,578,0,0,253
1394,578,0,0,253
1395,578,0,0,253
1396,578,0,0,253
1397,578,0,0,253
1398,578,0,0,253
1399,578,0,0,253
1400,578,9,0,255
1403,578,10,0,246
1404,578,0,0,248
1405,578,0,0,251
1406,578,8,2,255
1407,578,0,1,250
1408,578,0,0,254
1409,578,0,0,254
1410,578,0,0,254
1411,578,0,0,254
1412,578,0,0,254
1413,578,0,0,254
1414,578,0,0,254
1415,578,0,0,254
1416,578,0,0,254
1417,578,0,0,254
1418,578,0,0,254
1419,578,0,0,254
1420,578,0,0,254
1421,578,0,0,254
1422,578,0,0,254
1423,578,0,0,254
1424,578,0,0,254
1425,578,0,0,254
1426,578,0,0,254
1427,578,0,0,254
1428,578,0,0,254
1429,578,0,0,254
1430,578,0,0,254
1431,578,0,0,254
1432,578,1,0,254
1433,578,0,0,252
1434,578,1,1,255
1435,578,0,0,248
1436,578,1,4,255
1437,578,0,1,246
1438,578,1,5,252
1439,578,0,2,251
1440,578,0,0,254
1441,578,0,0,254
1442,578,0,0,254
1443,578,0,0,254
1444,578,0,0,254
1445,578,0,0,254
1446,578,0,0,254
1447,578,0,0,254
1448,578,0,0,254
1449,578,0,0,254
1450,578,0,0,254
1451,578,0,0,254
1452,578,0,0,254
1453,578,0,0,254
1454,578,0,0,254
1455,578,0,0,254
1456,578,0,0,254
1457,578,0,0,254
1458,578,0,0,254
1459,578,0,0,254
1460,578,0,0,254
1461,578,0,0,254
1462,578,0,0,254
1463,578,0,0,254
1464,578,0,0,254
1465,578,0,0,254
1466,578,0,0,254
1467,578,0,0,254
1468,578,0,0,254
1469,578,0,0,254
1470,578,0,0,254
1471,578,0,0,254
1472,578,0,3,246
1473,578,0,9,248
1474,578,10,0,245
1478,578,0,0,238
1479,578,7,0,255
1480,578,4,4,255
1481,578,2,2,255
1482,578,0,2,237
1483,578,0,0,252
1484,578,5,2,255
1485,578,5,0,255
1486,578,9,4,255
1487,578,3,0,253
1488,578,2,1,255
1489,578,0,2,254
1490,578,0,5,255
1491,578,1,0,242
233,579,4,0,251
234,579,0,0,251
235,579,0,3,232
236,579,0,0,252
237,579,0,4,254
238,579,0,2,255
239,579,8,5,255
240,579,3,2,253
241,579,2,1,255
242,579,2,2,248
243,579,0,0,253
244,579,4,5,246
245,579,1,2,252
246,579,2,2,255
247,579,0,0,253
248,579,0,0,254
249,579,0,0,254
250,579,0,0,254
251,579,0,0,254
252,579,0,0,254
253,579,0,0,254
254,579,0,0,254
255,579,0,0,254
256,579,0,0,254
257,579,0,0,254
258,579,0,0,254
259,579,0,0,254
260,579,0,0,254
261,579,0,0,254
262,579,0,0,254
263,579,0,0,254
264,579,0,0,254
265,579,0,0,254
266,579,0,0,254
267,579,0,0,254
268,579,0,0,254
269,579,0,0,254
270,579,0,0,254
271,579,0,0,254
272,579,0,3,253
273,579,0,2,254
274,579,0,1,254
275,579,3,3,255
276,579,0,0,249
277,579,5,2,255
278,579,6,0,255
279,579,2,0,249
280,579,0,1,245
281,579,0,0,250
282,579,0,2,255
283,579,0,0,237
284,579,18,6,255
289,579,8,0,250
290,579,8,0,255
291,579,5,0,251
292,579,9,1,255
293,579,0,0,226
294,579,10,2,255
295,579,0,0,250
296,579,0,5,239
297,579,0,0,253
298,579,1,0,254
299,579,6,0,255
1390,579,10,0,250
1391,579,0,2,246
1392,579,1,1,255
1393,579,1,1,255
1394,579,1,1,255
1395,579,1,1,255
1396,579,1,1,255
1397,579,1,1,255
1398,579,1,1,255
1399,579,1,1,255
1400,579,1,6,255
1401,579,6,0,248
1403,579,1,2,243
1404,579,0,4,255
1405,579,0,0,247
1406,579,0,0,248
1407,579,0,8,254
1408,579,0,0,254
1409,579,0,0,254
1410,579,0,0,254
1411,579,0,0,254
1412,579,0,0,254
1413,579,0,0,254
1414,579,0,0,254
1415,579,0,0,254
1416,579,0,0,254
1417,579,0,0,254
1418,579,0,0,254
1419,579,0,0,254
1420,579,0,0,254
1421,579,0,0,254
1422,579,0,0,254
1423,579,0,0,254
1424,579,0,0,254
1425,579,0,0,254
1426,579,0,0,254
1427,579,0,0,254
1428,579,0,0,254
1429,579,0,0,254
1430,579,0,0,254
1431,579,0,0,254
1432,579,3,2,255
1433,579,2,1,252
1434,579,3,3,249
1435,579,0,0,248
1436,579,2,1,255
1437,579,0,0,251
1438,579,0,0,253
1439,579,0,0,252
1440,579,0,0,254
1441,579,0,0,254
1442,579,0,0,254
1443,579,0,0,254
1444,579,0,0,254
1445,579,0,0,254
1446,579,0,0,254
1447,579,0,0,254
1448,579,0,0,254
1449,579,0,0,254
1450,579,0,0,254
1451,579,0,0,254
1452,579,0,0,254
1453,579,0,0,254
1454,579,0,0,254
1455,579,0,0,254
1456,579,0,0,254
1457,579,0,0,254
1458,579,0,0,254
1459,579,0,0,254
1460,579,0,0,254
1461,579,0,0,254
1462,579,0,0,254
1463,579,0,0,254
1464,579,0,0,254
1465,579,0,0,254
1466,579,0,0,254
1467,579,0,0,254
1468,579,0,0,254
1469,579,0,0,254
1470,579,0,0,254
1471,579,0,0,254
1472,579,0,1,253
1473,579,4,0,251
1480,579,0,0,252
1481,579,0,0,252
1482,579,1,4,243
1483,579,0,0,254
1484,579,8,8,255
1485,579,0,0,253
1486,579,0,0,243
1487,579,0,0,249
1488,579,0,6,255
1489,579,0,1,242
1490,579,10,0,255
234,580,14,0,255
235,580,0,5,254
236,580,0,0,251
237,580,4,1,255
238,580,2,0,251
239,580,0,0,237
240,580,7,0,254
241,580,5,0,249
242,580,6,0,253
243,580,1,0,251
244,580,7,4,255
245,580,0,0,250
246,580,0,0,253
247,580,3,3,255
248,580,0,0,254
249,580,0,0,254
250,580,0,0,254
251,580,0,0,254
252,580,0,0,254
253,580,0,0,254
254,580,0,0,254
255,580,0,0,254
256,580,0,0,254
257,580,0,0,254
258,580,0,0,254
259,580,0,0,254
260,580,0,0,254
261,580,0,0,254
262,580,0,0,254
263,580,0,0,254
264,580,0,0,254
265,580,0,0,254
266,580,0,0,254
267,580,0,0,254
268,580,0,0,254
269,580,0,0,254
270,580,0,0,254
271,580,0,0,254
272,580,0,1,253
273,580,0,4,242
274,580,0,2,254
275,580,0,3,255
276,580,0,0,252
277,580,0,2,255
278,580,0,1,250
279,580,1,5,252
280,580,0,0,252
281,580,2,1,255
282,580,3,0,242
283,580,3,0,252
284,580,0,0,252
285,580,0,3,255
286,580,0,4,255
287,580,0,5,251
288,580,0,0,248
289,580,0,0,252
290,580,0,0,245
291,580,0,0,251
292,580,0,0,252
293,580,0,0,251
294,580,2,2,255
295,580,2,2,255
296,580,4,3,255
297,580,0,2,238
298,580,0,0,247
299,580,0,10,243
300,580,0,0,250
301,580,2,0,251
1389,580,0,0,241
1390,580,0,0,249
1391,580,1,6,255
1392,580,0,0,253
1393,580,0,0,253
1394,580,0,0,253
1395,580,0,0,253
1396,580,0,0,253
1397,580,0,0,253
1398,580,0,0,253
1399,580,0,0,253
1400,580,0,0,249
1401,580,6,5,255
1402,580,0,0,249
1403,580,0,0,247
1404,580,0,8,255
1405,580,0,4,246
1406,580,0,3,238
1407,580,4,3,255
1408,580,0,0,254
1409,580,0,0,254
1410,580,0,0,254
1411,580,0,0,254
1412,580,0,0,254
1413,580,0,0,254
1414,580,0,0,254
1415,580,0,0,254
1416,580,0,0,254
1417,580,0,0,254
1418,580,0,0,254
1419,580,0,0,254
1420,580,0,0,254
1421,580,0,0,254
1422,580,0,0,254
1423,580,0,0,254
1424,580,0,0,254
1425,580,0,0,254
1426,580,0,0,254
1427,580,0,0,254
1428,580,0,0,254
1429,580,0,0,254
1430,580,0,0,254
1431,580,0,0,254
1432,580,0,0,251
1433,580,0,0,248
1434,580,4,4,252
1435,580,0,0,252
1436,580,3,0,244
1437,580,0,0,248
1438,580,7,0,254
1439,580,7,0,254
1440,580,0,0,254
1441,580,0,0,254
1442,580,0,0,254
1443,580,0,0,254
1444,580,0,0,254
1445,580,0,0,254
1446,580,0,0,254
1447,580,0,0,254
1448,580,0,0,254
1449,580,0,0,254
1450,580,0,0,254
1451,580,0,0,254
1452,580,0,0,254
1453,580,0,0,254
1454,580,0,0,254
1455,580,0,0,254
1456,580,0,0,254
1457,580,0,0,254
1458,580,0,0,254
1459,580,0,0,254
1460,580,0,0,254
1461,580,0,0,254
1462,580,0,0,254
1463,580,0,0,254
1464,580,0,0,254
1465,580,0,0,254
1466,580,0,0,254
1467,580,0,0,254
1468,580,0,0,254
1469,580,0,0,254
1470,580,0,0,254
1471,580,0,0,254
1472,580,0,0,247
1473,580,13,0,255
1482,580,15,0,255
1483,580,8,0,253
1484,580,3,1,235
1485,580,2,2,255
1486,580,0,5,255
1487,580,0,1,246
1488,580,4,1,255
1489,580,8,0,245
235,581,3,2,253
236,581,0,7,255
237,581,4,0,254
238,581,7,0,255
239,581,0,6,255
240,581,0,6,255
241,581,0,6,237
242,581,0,1,252
243,581,0,6,247
244,581,0,0,248
245,581,0,0,254
246,581,5,5,255
247,581,1,1,249
248,581,0,0,254
249,581,0,0,254
250,581,0,0,254
251,581,0,0,254
252,581,0,0,254
253,581,0,0,254
254,581,0,0,254
255,581,0,0,254
256,581,0,0,254
257,581,0,0,254
258,581,0,0,254
259,581,0,0,254
260,581,0,0,254
261,581,0,0,254
262,581,0,0,254
263,581,0,0,254
264,581,0,0,254
265,581,0,0,254
266,581,0,0,254
267,581,0,0,254
268,581,0,0,254
269,581,0,0,254
270,581,0,0,254
271,581,0,0,254
272,581,3,2,255
273,581,6,5,255
274,581,0,0,243
275,581,2,2,246
276,581,1,2,242
277,581,3,2,255
278,581,4,4,255
279,581,0,0,253
280,581,0,6,254
281,581,0,4,250
282,581,0,4,244
283,581,2,2,255
284,581,3,3,255
285,581,0,0,250
286,581,3,6,245
287,581,0,0,249
288,581,0,0,251
289,581,0,0,254
290,581,4,7,246
291,581,5,8,255
292,581,2,5,255
293,581,0,0,247
294,581,0,0,249
295,581,0,0,251
296,581,13,3,255
297,581,5,4,248
298,581,0,0,252
299,581,0,2,254
300,581,0,3,255
301,581,8,0,252
302,581,14,0,253
1388,581,6,0,253
1389,581,0,5,255
1390,581,2,5,255
1391,581,2,0,244
1392,581,0,0,254
1393,581,0,0,254
1394,581,0,0,254
1395,581,0,0,254
1396,581,0,0,254
1397,581,0,0,254
1398,581,0,0,254
1399,581,0,0,254
1400,581,3,3,249
1401,581,0,1,247
1402,581,0,7,255
1403,581,0,0,254
1404,581,1,1,255
1405,581,0,5,255
1406,581,0,4,255
1407,581,2,0,251
1408,581,0,0,254
1409,581,0,0,254
1410,581,0,0,254
1411,581,0,0,254
1412,581,0,0,254
1413,581,0,0,254
1414,581,0,0,254
1415,581,0,0,254
1416,581,0,0,254
1417,581,0,0,254
1418,581,0,0,254
1419,581,0,0,254
1420,581,0,0,254
1421,581,0,0,254
1422,581,0,0,254
1423,581,0,0,254
1424,581,0,0,254
1425,581,0,0,254
1426,581,0,0,254
1427,581,0,0,254
1428,581,0,0,254
1429,581,0,0,254
1430,581,0,0,254
1431,581,0,0,254
1432,581,3,2,254
1433,581,5,4,255
1434,581,0,0,252
1435,581,0,4,240
1436,581,0,5,255
1437,581,0,8,255
1438,581,0,2,251
1439,581,0,4,255
1440,581,0,0,254
1441,581,0,0,254
1442,581,0,0,254
1443,581,0,0,254
1444,581,0,0,254
1445,581,0,0,254
1446,581,0,0,254
1447,581,0,0,254
1448,581,0,0,254
1449,581,0,0,254
1450,581,0,0,254
1451,581,0,0,254
1452,581,0,0,254
1453,581,0,0,254
1454,581,0,0,254
1455,581,0,0,254
1456,581,0,0,254
1457,581,0,0,254
1458,581,0,0,254
1459,581,0,0,254
1460,581,0,0,254
1461,581,0,0,254
1462,581,0,0,254
1463,581,0,0,254
1464,581,0,0,254
1465,581,0,0,254
1466,581,0,0,254
1467,581,0,0,254
1468,581,0,0,254
1469,581,0,0,254
1470,581,0,0,254
1471,581,0,0,254
1472,581,4,4,255
1473,581,6,0,253
1485,581,14,0,253
1486,581,11,0,239
236,582,3,0,255
237,582,4,0,249
238,582,7,0,255
239,582,1,0,254
240,582,0,0,248
241,582,0,2,254
242,582,0,6,242
243,582,2,6,255
244,582,2,6,253
245,582,1,1,255
246,582,2,2,255
247,582,0,0,232
248,582,0,0,254
249,582,0,0,254
250,582,0,0,254
251,582,0,0,254
252,582,0,0,254
253,582,0,0,254
254,582,0,0,254
255,582,0,0,254
256,582,0,0,254
257,582,0,0,254
258,582,0,0,254
259,582,0,0,254
260,582,0,0,254
261,582,0,0,254
262,582,0,0,254
263,582,0,0,254
264,582,0,0,254
265,582,0,0,254
266,582,0,0,254
267,582,0,0,254
268,582,0,0,254
269,582,0,0,254
270,582,0,0,254
271,582,0,0,254
272,582,3,8,255
273,582,0,0,243
274,582,0,4,255
275,582,1,4,255
276,582,0,0,253
277,582,0,0,245
278,582,0,0,248
279,582,0,0,253
280,582,9,0,255
281,582,7,0,255
282,582,0,0,244
283,582,0,0,240
284,582,0,0,251
285,582,0,0,247
286,582,7,1,255
287,582,9,0,255
288,582,3,3,255
289,582,3,3,255
290,582,0,0,252
291,582,0,0,250
292,582,0,4,253
293,582,0,2,255
294,582,0,0,250
295,582,0,3,252
296,582,2,0,249
297,582,7,1,255
298,582,0,0,253
299,582,3,4,252
300,582,0,0,251
301,582,1,6,255
302,582,0,2,251
303,582,0,0,249
1387,582,7,1,255
1388,582,1,6,255
1389,582,0,0,245
1390,582,7,0,254
1391,582,3,0,255
1392,582,0,1,252
1393,582,0,1,252
1394,582,0,1,252
1395,582,0,1,252
1396,582,0,1,252
1397,582,0,1,252
1398,582,0,1,252
1399,582,0,1,252
1400,582,0,0,252
1401,582,0,1,254
1402,582,0,5,231
1403,582,0,0,251
1404,582,0,0,251
1405,582,0,1,253
1406,582,3,5,246
1407,582,8,0,255
1408,582,0,0,254
1409,582,0,0,254
1410,582,0,0,254
1411,582,0,0,254
1412,582,0,0,254
1413,582,0,0,254
1414,582,0,0,254
1415,582,0,0,254
1416,582,0,0,254
1417,582,0,0,254
1418,582,0,0,254
1419,582,0,0,254
1420,582,0,0,254
1421,582,0,0,254
1422,582,0,0,254
1423,582,0,0,254
1424,582,0,0,254
1425,582,0,0,254
1426,582,0,0,254
1427,582,0,0,254
1428,582,0,0,254
1429,582,0,0,254
1430,582,0,0,254
1431,582,0,0,254
1432,582,0,0,253
1433,582,0,0,247
1434,582,0,0,250
1435,582,0,2,245
1436,582,0,0,251
1437,582,0,0,253
1438,582,3,3,255
1439,582,0,0,251
1440,582,0,0,254
1441,582,0,0,254
1442,582,0,0,254
1443,582,0,0,254
1444,582,0,0,254
1445,582,0,0,254
1446,582,0,0,254
1447,582,0,0,254
1448,582,0,0,254
1449,582,0,0,254
1450,582,0,0,254
1451,582,0,0,254
1452,582,0,0,254
1453,582,0,0,254
1454,582,0,0,254
1455,582,0,0,254
1456,582,0,0,254
1457,582,0,0,254
1458,582,0,0,254
1459,582,0,0,254
1460,582,0,0,254
1461,582,0,0,254
1462,582,0,0,254
1463,582,0,0,254
1464,582,0,0,254
1465,582,0,0,254
1466,582,0,0,254
1467,582,0,0,254
1468,582,0,0,254
1469,582,0,0,254
1470,582,0,0,254
1471,582,0,0,254
1472,582,0,0,251
1473,582,9,0,250
243,583,17,0,251
244,583,12,0,255
245,583,0,0,247
246,583,0,1,252
247,583,0,2,251
248,583,0,0,254
249,583,0,0,254
250,583,0,0,254
251,583,0,0,254
252,583,0,0,254
253,583,0,0,254
254,583,0,0,254
255,583,0,0,254
256,583,0,0,254
257,583,0,0,254
258,583,0,0,254
259,583,0,0,254
260,583,0,0,254
261,583,0,0,254
262,583,0,0,254
263,583,0,0,254
264,583,0,0,254
265,583,0,0,254
266,583,0,0,254
267,583,0,0,254
268,583,0,0,254
269,583,0,0,254
270,583,0,0,254
271,583,0,0,254
272,583,0,0,252
273,583,0,0,245
274,583,3,2,255
275,583,4,3,255
276,583,0,0,249
277,583,6,6,254
278,583,0,0,249
279,583,6,7,255
280,583,0,3,253
281,583,0,1,247
282,583,4,7,255
283,583,5,4,255
284,583,2,0,251
285,583,3,3,249
286,583,1,1,255
287,583,0,1,252
288,583,0,1,251
289,583,0,0,253
290,583,2,2,255
291,583,0,0,237
292,583,5,7,248
293,583,1,4,255
294,583,0,1,254
295,583,0,1,254
296,583,0,4,254
297,583,0,3,255
298,583,1,0,241
299,583,4,0,251
300,583,6,0,252
301,583,6,0,255
302,583,2,1,252
303,583,0,2,255
304,583,25,0,254
1385,583,6,0,253
1386,583,0,1,253
1387,583,0,0,239
1388,583,2,0,254
1389,583,2,3,244
1390,583,0,0,239
1391,583,1,4,255
1392,583,1,0,254
1393,583,1,0,254
1394,583,1,0,254
1395,583,1,0,254
1396,583,1,0,254
1397,583,1,0,254
1398,583,1,0,254
1399,583,1,0,254
1400,583,7,1,255
1401,583,2,0,252
1402,583,0,1,251
1403,583,0,2,254
1404,583,0,1,254
1405,583,5,6,247
1406,583,8,2,255
1407,583,1,0,232
1408,583,0,0,254
1409,583,0,0,254
1410,583,0,0,254
1411,583,0,0,254
1412,583,0,0,254
1413,583,0,0,254
1414,583,0,0,254
1415,583,0,0,254
1416,583,0,0,254
1417,583,0,0,254
1418,583,0,0,254
1419,583,0,0,254
1420,583,0,0,254
1421,583,0,0,254
1422,583,0,0,254
1423,583,0,0,254
1424,583,0,0,254
1425,583,0,0,254
1426,583,0,0,254
1427,583,0,0,254
1428,583,0,0,254
1429,583,0,0,254
1430,583,0,0,254
1431,583,0,0,254
1432,583,0,2,254
1433,583,2,5,255
1434,583,5,0,255
1435,583,13,0,255
1440,583,0,0,254
1441,583,0,0,254
1442,583,0,0,254
1443,583,0,0,254
1444,583,0,0,254
1445,583,0,0,254
1446,583,0,0,254
1447,583,0,0,254
1448,583,0,0,254
1449,583,0,0,254
1450,583,0,0,254
1451,583,0,0,254
1452,583,0,0,254
1453,583,0,0,254
1454,583,0,0,254
1455,583,0,0,254
1456,583,0,0,254
1457,583,0,0,254
1458,583,0,0,254
1459,583,0,0,254
1460,583,0,0,254
1461,583,0,0,254
1462,583,0,0,254
1463,583,0,0,254
1464,583,0,0,254
1465,583,0,0,254
1466,583,0,0,254
1467,583,0,0,254
1468,583,0,0,254
1469,583,0,0,254
1470,583,0,0,254
1471,583,0,0,254
1472,583,1,0,252
245,584,12,0,254
246,584,2,6,253
247,584,0,4,253
248,584,0,0,246
249,584,2,7,255
250,584,0,3,255
251,584,0,0,250
252,584,4,3,255
253,584,0,1,246
254,584,0,1,252
255,584,1,4,255
256,584,2,1,255
257,584,2,1,255
258,584,2,1,255
259,584,2,1,255
260,584,2,1,255
261,584,2,1,255
262,584,2,1,255
263,584,2,1,255
264,584,1,5,250
265,584,0,3,255
266,584,0,2,242
267,584,0,0,250
268,584,4,7,255
269,584,0,0,251
270,584,1,1,255
271,584,1,4,241
272,584,1,6,255
273,584,1,6,255
274,584,0,3,239
275,584,0,0,250
276,584,2,5,255
277,584,0,0,250
278,584,6,6,255
279,584,0,0,250
280,584,0,0,254
281,584,0,0,254
282,584,0,0,254
283,584,0,0,254
284,584,0,0,254
285,584,0,0,254
286,584,0,0,254
287,584,0,0,254
288,584,0,0,254
289,584,0,0,254
290,584,0,0,254
291,584,0,0,254
292,584,0,0,254
293,584,0,0,254
294,584,0,0,254
295,584,0,0,254
296,584,0,0,254
297,584,0,0,254
298,584,0,0,254
299,584,0,0,254
300,584,0,0,254
301,584,0,0,254
302,584,0,0,254
303,584,0,0,254
304,584,4,4,255
305,584,2,0,247
1384,584,0,0,254
1385,584,0,0,254
1386,584,0,0,254
1387,584,0,0,254
1388,584,0,0,254
1389,584,0,0,254
1390,584,0,0,254
1391,584,0,0,254
1392,584,0,0,254
1393,584,0,0,254
1394,584,0,0,254
1395,584,0,0,254
1396,584,0,0,254
1397,584,0,0,254
1398,584,0,0,254
1399,584,0,0,254
1400,584,0,0,254
1401,584,0,0,254
1402,584,0,0,254
1403,584,0,0,254
1404,584,0,0,254
1405,584,0,0,254
1406,584,0,0,254
1407,584,0,0,254
1408,584,0,3,253
1409,584,3,0,253
1410,584,3,0,253
1411,584,0,0,252
1412,584,0,3,255
1413,584,6,0,255
1414,584,2,0,248
1415,584,0,0,252
1416,584,2,1,253
1417,584,3,3,255
1418,584,0,0,252
1419,584,0,2,254
1420,584,0,2,254
1421,584,0,0,252
1422,584,3,3,255
1423,584,2,1,253
1424,584,0,0,251
1425,584,0,0,249
1426,584,0,4,255
1427,584,1,0,254
1428,584,3,1,252
1429,584,0,5,243
1430,584,2,2,255
1431,584,0,4,254
1432,584,0,2,254
1433,584,0,3,234
1434,584,4,0,251
1445,584,12,0,254
1446,584,2,6,253
1447,584,0,4,253
1448,584,3,2,255
1449,584,2,2,255
1450,584,0,0,248
1451,584,0,0,252
1452,584,0,3,255
1453,584,0,0,251
1454,584,1,8,255
1455,584,0,0,248
1456,584,8,0,246
1457,584,3,2,255
1458,584,0,0,246
1459,584,5,4,255
1460,584,3,0,252
1461,584,3,0,252
1462,584,2,5,255
1463,584,0,8,246
1464,584,7,4,255
1465,584,0,0,248
1466,584,5,2,255
1467,584,7,1,255
1468,584,6,0,255
1469,584,3,0,253
1470,584,3,0,250
1471,584,5,0,254
246,585,9,0,240
247,585,3,0,250
248,585,10,0,255
249,585,5,0,255
250,585,0,0,245
251,585,0,2,244
252,585,0,2,251
253,585,0,0,251
254,585,0,0,253
255,585,3,0,255
256,585,0,0,253
257,585,0,0,253
258,585,0,0,253
259,585,0,0,253
260,585,0,0,253
261,585,0,0,253
262,585,0,0,253
263,585,0,0,253
264,585,0,1,253
265,585,0,0,251
266,585,0,4,246
267,585,0,6,248
268,585,0,0,246
269,585,0,0,251
270,585,4,6,247
271,585,0,0,254
272,585,0,0,246
273,585,6,3,255
274,585,0,0,250
275,585,0,0,239
276,585,0,0,253
277,585,5,5,255
278,585,4,5,253
279,585,0,0,251
280,585,0,0,254
281,585,0,0,254
282,585,0,0,254
283,585,0,0,254
284,585,0,0,254
285,585,0,0,254
286,585,0,0,254
287,585,0,0,254
288,585,0,0,254
289,585,0,0,254
290,585,0,0,254
291,585,0,0,254
292,585,0,0,254
293,585,0,0,254
294,585,0,0,254
295,585,0,0,254
296,585,0,0,254
297,585,0,0,254
298,585,0,0,254
299,585,0,0,254
300,585,0,0,254
301,585,0,0,254
302,585,0,0,254
303,585,0,0,254
304,585,0,0,251
305,585,5,4,255
306,585,0,0,252
307,585,0,3,249
308,585,2,9,255
309,585,0,0,243
310,585,15,0,239
1374,585,17,0,250
1375,585,0,0,247
1376,585,2,0,254
1377,585,2,0,254
1378,585,2,0,254
1379,585,2,0,254
1380,585,2,0,254
1381,585,2,0,254
1382,585,2,0,254
1383,585,2,0,254
1384,585,0,0,254
1385,585,0,0,254
1386,585,0,0,254
1387,585,0,0,254
1388,585,0,0,254
1389,585,0,0,254
1390,585,0,0,254
1391,585,0,0,254
1392,585,0,0,254
1393,585,0,0,254
1394,585,0,0,254
1395,585,0,0,254
1396,585,0,0,254
1397,585,0,0,254
1398,585,0,0,254
1399,585,0,0,254
1400,585,0,0,254
1401,585,0,0,254
1402,585,0,0,254
1403,585,0,0,254
1404,585,0,0,254
1405,585,0,0,254
1406,585,0,0,254
1407,585,0,0,254
1408,585,4,3,255
1409,585,0,0,252
1410,585,0,2,244
1411,585,4,4,255
1412,585,0,0,253
1413,585,4,7,255
1414,585,0,0,244
1415,585,4,6,251
1416,585,0,0,251
1417,585,0,0,254
1418,585,1,0,254
1419,585,3,2,255
1420,585,3,2,255
1421,585,1,0,254
1422,585,0,0,254
1423,585,0,0,251
1424,585,0,5,254
1425,585,1,1,255
1426,585,2,2,255
1427,585,0,0,232
1428,585,10,2,255
1429,585,2,0,249
1446,585,9,0,240
1447,585,3,0,250
1448,585,0,0,240
1449,585,4,1,255
1450,585,5,2,255
1451,585,0,0,247
1452,585,3,3,255
1453,585,0,1,251
1454,585,3,6,255
1455,585,0,1,254
1456,585,0,3,255
1457,585,6,0,248
1460,585,12,0,255
1461,585,0,0,250
1462,585,0,0,246
1463,585,6,0,252
1464,585,0,0,252
1465,585,0,0,242
1466,585,5,9,254
1467,585,0,0,252
1468,585,0,0,253
1469,585,0,0,236
1470,585,5,0,255
249,586,13,0,252
250,586,8,0,255
251,586,4,4,252
252,586,1,6,255
253,586,0,3,255
254,586,0,0,246
255,586,6,0,255
256,586,0,2,255
257,586,0,2,255
258,586,0,2,255
259,586,0,2,255
260,586,0,2,255
261,586,0,2,255
262,586,0,2,255
263,586,0,2,255
264,586,0,0,247
265,586,0,0,238
266,586,8,2,255
267,586,6,0,253
268,586,1,0,241
269,586,4,0,253
270,586,3,0,255
271,586,0,1,251
272,586,0,0,249
273,586,0,0,249
274,586,6,9,255
275,586,0,0,253
276,586,0,0,254
277,586,0,0,246
278,586,0,0,235
279,586,1,3,248
280,586,0,0,254
281,586,0,0,254
282,586,0,0,254
283,586,0,0,254
284,586,0,0,254
285,586,0,0,254
286,586,0,0,254
287,586,0,0,254
288,586,0,0,254
289,586,0,0,254
290,586,0,0,254
291,586,0,0,254
292,586,0,0,254
293,586,0,0,254
294,586,0,0,254
295,586,0,0,254
296,586,0,0,254
297,586,0,0,254
298,586,0,0,254
299,586,0,0,254
300,586,0,0,254
301,586,0,0,254
302,586,0,0,254
303,586,0,0,254
304,586,0,7,243
305,586,0,5,254
306,586,0,0,252
307,586,1,6,255
308,586,0,0,251
309,586,0,0,233
310,586,7,1,255
311,586,7,0,253
312,586,7,0,253
1372,586,17,0,255
1373,586,2,0,249
1374,586,0,0,254
1375,586,0,4,255
1376,586,0,1,254
1377,586,0,1,254
1378,586,0,1,254
1379,586,0,1,254
1380,586,0,1,254
1381,586,0,1,254
1382,586,0,1,254
1383,586,0,1,254
1384,586,0,0,254
1385,586,0,0,254
1386,586,0,0,254
1387,586,0,0,254
1388,586,0,0,254
1389,586,0,0,254
1390,586,0,0,254
1391,586,0,0,254
1392,586,0,0,254
1393,586,0,0,254
1394,586,0,0,254
1395,586,0,0,254
1396,586,0,0,254
1397,586,0,0,254
1398,586,0,0,254
1399,586,0,0,254
1400,586,0,0,254
1401,586,0,0,254
1402,586,0,0,254
1403,586,0,0,254
1404,586,0,0,254
1405,586,0,0,254
1406,586,0,0,254
1407,586,0,0,254
1408,586,5,0,255
1409,586,0,6,255
1410,586,0,7,255
1411,586,0,0,250
1412,586,1,0,246
1413,586,0,0,252
1414,586,0,5,255
1415,586,3,2,255
1416,586,1,1,255
1417,586,0,2,243
1418,586,1,1,255
1419,586,0,0,250
1420,586,0,0,250
1421,586,1,1,255
1422,586,0,2,243
1423,586,1,1,255
1424,586,0,2,254
1425,586,5,0,254
1426,586,2,1,245
1427,586,2,1,255
1428,586,0,0,249
1429,586,3,3,255
1449,586,5,0,252
1450,586,4,0,242
1451,586,1,0,239
1452,586,9,3,255
1453,586,0,0,238
1454,586,1,0,253
1455,586,0,0,244
1463,586,13,3,255
1464,586,0,3,253
1465,586,0,5,255
1466,586,0,0,234
1467,586,13,1,251
251,587,9,0,255
252,587,0,0,249
253,587,0,3,255
254,587,0,3,251
255,587,0,6,255
256,587,1,0,254
257,587,1,0,254
258,587,1,0,254
259,587,1,0,254
260,587,1,0,254
261,587,1,0,254
262,587,1,0,254
263,587,1,0,254
266,587,10,0,252
267,587,0,5,255
268,587,0,11,255
269,587,0,2,249
270,587,2,0,247
271,587,5,0,250
272,587,3,2,253
273,587,2,1,255
274,587,2,2,248
275,587,0,0,253
276,587,4,5,246
277,587,1,2,252
278,587,2,2,255
279,587,0,0,253
280,587,0,0,254
281,587,0,0,254
282,587,0,0,254
283,587,0,0,254
284,587,0,0,254
285,587,0,0,254
286,587,0,0,254
287,587,0,0,254
288,587,0,0,254
289,587,0,0,254
290,587,0,0,254
291,587,0,0,254
292,587,0,0,254
293,587,0,0,254
294,587,0,0,254
295,587,0,0,254
296,587,0,0,254
297,587,0,0,254
298,587,0,0,254
299,587,0,0,254
300,587,0,0,254
301,587,0,0,254
302,587,0,0,254
303,587,0,0,254
304,587,0,3,254
305,587,2,2,255
306,587,6,0,250
307,587,10,0,253
308,587,15,0,249
309,587,0,0,249
310,587,0,0,254
311,587,0,5,255
312,587,1,5,250
313,587,13,0,255
1371,587,1,0,247
1372,587,0,1,240
1373,587,0,9,255
1374,587,0,2,254
1375,587,1,0,253
1376,587,0,2,255
1377,587,0,2,255
1378,587,0,2,255
1379,587,0,2,255
1380,587,0,2,255
1381,587,0,2,255
1382,587,0,2,255
1383,587,0,2,255
1384,587,0,0,254
1385,587,0,0,254
1386,587,0,0,254
1387,587,0,0,254
1388,587,0,0,254
1389,587,0,0,254
1390,587,0,0,254
1391,587,0,0,254
1392,587,0,0,254
1393,587,0,0,254
1394,587,0,0,254
1395,587,0,0,254
1396,587,0,0,254
1397,587,0,0,254
1398,587,0,0,254
1399,587,0,0,254
1400,587,0,0,254
1401,587,0,0,254
1402,587,0,0,254
1403,587,0,0,254
1404,587,0,0,254
1405,587,0,0,254
1406,587,0,0,254
1407,587,0,0,254
1408,587,1,0,246
1409,587,0,0,249
1410,587,0,7,255
1411,587,0,0,250
1412,587,0,0,245
1413,587,1,1,255
1414,587,0,2,247
1415,587,0,0,250
1416,587,3,0,253
1417,587,2,0,254
1418,587,0,1,251
1419,587,0,2,255
1420,587,0,2,255
1421,587,0,1,251
1422,587,2,0,254
1423,587,3,0,253
1424,587,0,2,241
1425,587,4,3,255
1426,587,0,1,253
1427,587,0,0,253
1428,587,0,0,245
1429,587,5,0,251
267,588,7,0,247
268,588,0,0,251
269,588,7,7,255
270,588,0,2,255
271,588,0,2,255
272,588,7,0,254
273,588,5,0,249
274,588,6,0,253
275,588,1,0,251
276,588,7,4,255
277,588,0,0,250
278,588,0,0,253
279,588,3,3,255
280,588,0,0,254
281,588,0,0,254
282,588,0,0,254
283,588,0,0,254
284,588,0,0,254
285,588,0,0,254
286,588,0,0,254
287,588,0,0,254
288,588,0,0,254
289,588,0,0,254
290,588,0,0,254
291,588,0,0,254
292,588,0,0,254
293,588,0,0,254
294,588,0,0,254
295,588,0,0,254
296,588,0,0,254
297,588,0,0,254
298,588,0,0,254
299,588,0,0,254
300,588,0,0,254
301,588,0,0,254
302,588,0,0,254
303,588,0,0,254
304,588,1,0,248
305,588,1,0,254
306,588,2,4,247
307,588,0,0,249
308,588,6,9,255
309,588,4,5,255
310,588,2,3,251
311,588,0,0,252
312,588,0,3,254
313,588,6,0,250
1369,588,10,0,243
1370,588,4,4,255
1371,588,0,4,255
1372,588,0,4,250
1373,588,0,0,252
1374,588,0,1,252
1375,588,2,7,255
1376,588,0,0,253
1377,588,0,0,253
1378,588,0,0,253
1379,588,0,0,253
1380,588,0,0,253
1381,588,0,0,253
1382,588,0,0,253
1383,588,0,0,253
1384,588,0,0,254
1385,588,0,0,254
1386,588,0,0,254
1387,588,0,0,254
1388,588,0,0,254
1389,588,0,0,254
1390,588,0,0,254
1391,588,0,0,254
1392,588,0,0,254
1393,588,0,0,254
1394,588,0,0,254
1395,588,0,0,254
1396,588,0,0,254
1397,588,0,0,254
1398,588,0,0,254
1399,588,0,0,254
1400,588,0,0,254
1401,588,0,0,254
1402,588,0,0,254
1403,588,0,0,254
1404,588,0,0,254
1405,588,0,0,254
1406,588,0,0,254
1407,588,0,0,254
1408,588,1,3,248
1409,588,2,2,255
1410,588,0,4,255
1411,588,0,5,251
1412,588,4,1,255
1413,588,9,0,243
1414,588,13,0,255
1415,588,1,1,255
1416,588,0,0,250
1417,588,1,0,253
1418,588,2,0,249
1419,588,5,0,253
1420,588,5,0,253
1421,588,2,0,249
1422,588,1,0,253
1423,588,0,0,250
1424,588,3,2,253
1425,588,1,0,254
1426,588,0,0,251
1427,588,8,2,255
1428,588,17,0,255
267,589,3,0,248
268,589,1,1,249
269,589,0,0,249
270,589,0,3,242
271,589,0,0,251
272,589,0,6,255
273,589,0,6,237
274,589,0,1,252
275,589,0,6,247
276,589,0,0,248
277,589,0,0,254
278,589,5,5,255
279,589,1,1,249
280,589,0,0,254
281,589,0,0,254
282,589,0,0,254
283,589,0,0,254
284,589,0,0,254
285,589,0,0,254
286,589,0,0,254
287,589,0,0,254
288,589,0,0,254
289,589,0,0,254
290,589,0,0,254
291,589,0,0,254
292,589,0,0,254
293,589,0,0,254
294,589,0,0,254
295,589,0,0,254
296,589,0,0,254
297,589,0,0,254
298,589,0,0,254
299,589,0,0,254
300,589,0,0,254
301,589,0,0,254
302,589,0,0,254
303,589,0,0,254
304,589,4,0,251
305,589,4,3,255
306,589,0,4,239
307,589,0,5,249
308,589,0,0,246
309,589,0,0,249
310,589,5,5,255
311,589,1,2,250
312,589,0,1,250
313,589,0,1,252
314,589,15,0,255
1365,589,16,0,240
1366,589,9,1,255
1367,589,5,4,255
1368,589,2,0,245
1369,589,2,0,254
1370,589,3,6,241
1371,589,7,7,255
1372,589,0,0,252
1373,589,2,1,252
1374,589,0,0,254
1375,589,0,0,248
1376,589,4,0,252
1377,589,4,0,252
1378,589,4,0,252
1379,589,4,0,252
1380,589,4,0,252
1381,589,4,0,252
1382,589,4,0,252
1383,589,4,0,252
1384,589,0,0,254
1385,589,0,0,254
1386,589,0,0,254
1387,589,0,0,254
1388,589,0,0,254
1389,589,0,0,254
1390,589,0,0,254
1391,589,0,0,254
1392,589,0,0,254
1393,589,0,0,254
1394,589,0,0,254
1395,589,0,0,254
1396,589,0,0,254
1397,589,0,0,254
1398,589,0,0,254
1399,589,0,0,254
1400,589,0,0,254
1401,589,0,0,254
1402,589,0,0,254
1403,589,0,0,254
1404,589,0,0,254
1405,589,0,0,254
1406,589,0,0,254
1407,589,0,0,254
1408,589,0,0,250
1409,589,3,0,255
1410,589,0,0,252
1411,589,1,4,255
1412,589,9,0,254
1415,589,3,0,249
1416,589,0,8,255
1417,589,0,4,255
1418,589,1,1,255
1419,589,1,0,253
1420,589,1,0,253
1421,589,1,1,255
1422,589,0,4,255
1423,589,0,8,255
1424,589,2,1,242
1425,589,7,6,255
1426,589,0,0,252
1427,589,8,0,253
269,590,10,0,255
270,590,4,7,255
271,590,0,6,243
272,590,0,0,248
273,590,0,2,254
274,590,0,6,242
275,590,2,6,255
276,590,2,6,253
277,590,1,1,255
278,590,2,2,255
279,590,0,0,232
280,590,0,0,254
281,590,0,0,254
282,590,0,0,254
283,590,0,0,254
284,590,0,0,254
285,590,0,0,254
286,590,0,0,254
287,590,0,0,254
288,590,0,0,254
289,590,0,0,254
290,590,0,0,254
291,590,0,0,254
292,590,0,0,254
293,590,0,0,254
294,590,0,0,254
295,590,0,0,254
296,590,0,0,254
297,590,0,0,254
298,590,0,0,254
299,590,0,0,254
300,590,0,0,254
301,590,0,0,254
302,590,0,0,254
303,590,0,0,254
304,590,5,3,254
305,590,0,0,251
306,590,0,2,255
307,590,0,0,247
308,590,7,0,255
309,590,6,0,252
310,590,0,0,250
311,590,0,0,244
312,590,4,0,254
313,590,0,5,255
314,590,0,0,239
1336,590,0,2,254
1337,590,0,1,253
1338,590,0,5,255
1339,590,0,0,242
1340,590,5,0,251
1341,590,14,0,255
1364,590,14,0,255
1365,590,0,0,246
1366,590,0,0,236
1367,590,0,1,250
1368,590,0,9,255
1369,590,0,0,250
1370,590,7,0,252
1371,590,3,0,241
1372,590,0,0,237
1373,590,3,8,255
1374,590,0,0,249
1375,590,6,0,255
1376,590,1,1,255
1377,590,1,1,255
1378,590,1,1,255
1379,590,1,1,255
1380,590,1,1,255
1381,590,1,1,255
1382,590,1,1,255
1383,590,1,1,255
1384,590,0,0,254
1385,590,0,0,254
1386,590,0,0,254
1387,590,0,0,254
1388,590,0,0,254
1389,590,0,0,254
1390,590,0,0,254
1391,590,0,0,254
1392,590,0,0,254
1393,590,0,0,254
1394,590,0,0,254
1395,590,0,0,254
1396,590,0,0,254
1397,590,0,0,254
1398,590,0,0,254
1399,590,0,0,254
1400,590,0,0,254
1401,590,0,0,254
1402,590,0,0,254
1403,590,0,0,254
1404,590,0,0,254
1405,590,0,0,254
1406,590,0,0,254
1407,590,0,0,254
1408,590,8,0,255
1409,590,5,5,251
1410,590,2,2,255
1411,590,7,0,254
1416,590,3,0,255
1417,590,0,0,248
1418,590,0,1,254
1419,590,0,0,248
1420,590,0,0,248
1421,590,0,1,254
1422,590,0,0,248
1423,590,3,0,255
1424,590,3,3,255
1425,590,0,0,245
1426,590,3,0,255
275,591,17,0,251
276,591,12,0,255
277,591,0,0,247
278,591,0,1,252
279,591,0,2,251
280,591,0,0,254
281,591,0,0,254
282,591,0,0,254
283,591,0,0,254
284,591,0,0,254
285,591,0,0,254
286,591,0,0,254
287,591,0,0,254
288,591,0,0,254
289,591,0,0,254
290,591,0,0,254
291,591,0,0,254
292,591,0,0,254
293,591,0,0,254
294,591,0,0,254
295,591,0,0,254
296,591,0,0,254
297,591,0,0,254
298,591,0,0,254
299,591,0,0,254
300,591,0,0,254
301,591,0,0,254
302,591,0,0,254
303,591,0,0,254
304,591,5,2,255
305,591,0,4,246
306,591,0,0,250
307,591,0,3,248
308,591,5,2,255
309,591,9,2,255
310,591,0,0,251
311,591,0,5,255
312,591,5,0,249
313,591,1,8,247
314,591,0,3,249
1335,591,26,0,255
1336,591,2,0,252
1337,591,0,0,253
1338,591,0,2,242
1339,591,3,8,255
1340,591,0,1,250
1341,591,0,0,250
1342,591,6,3,255
1343,591,1,0,248
1347,591,11,0,248
1348,591,5,0,254
1349,591,0,0,243
1350,591,0,4,251
1351,591,0,5,248
1352,591,0,0,246
1353,591,2,3,254
1354,591,1,4,243
1355,591,1,1,239
1356,591,13,2,255
1357,591,16,0,255
1361,591,9,0,252
1362,591,5,0,255
1363,591,0,0,246
1364,591,0,4,255
1365,591,2,9,255
1366,591,0,4,250
1367,591,0,2,247
1368,591,2,0,251
1369,591,5,4,255
1370,591,0,0,250
1371,591,1,6,255
1372,591,3,2,253
1373,591,7,1,255
1374,591,0,0,249
1375,591,3,2,255
1376,591,0,0,253
1377,591,0,0,253
1378,591,0,0,253
1379,591,0,0,253
1380,591,0,0,253
1381,591,0,0,253
1382,591,0,0,253
1383,591,0,0,253
1384,591,0,0,254
1385,591,0,0,254
1386,591,0,0,254
1387,591,0,0,254
1388,591,0,0,254
1389,591,0,0,254
1390,591,0,0,254
1391,591,0,0,254
1392,591,0,0,254
1393,591,0,0,254
1394,591,0,0,254
1395,591,0,0,254
1396,591,0,0,254
1397,591,0,0,254
1398,591,0,0,254
1399,591,0,0,254
1400,591,0,0,254
1401,591,0,0,254
1402,591,0,0,254
1403,591,0,0,254
1404,591,0,0,254
1405,591,0,0,254
1406,591,0,0,254
1407,591,0,0,254
1408,591,11,0,254
1409,591,0,0,247
1410,591,0,2,254
1418,591,10,0,255
1419,591,0,3,255
1420,591,0,3,255
1421,591,10,0,255
277,592,10,0,245
278,592,1,0,246
279,592,2,7,255
280,592,0,4,255
281,592,0,2,254
282,592,0,0,239
283,592,0,1,252
284,592,0,3,255
285,592,0,0,246
286,592,3,2,255
287,592,0,0,249
288,592,0,0,250
289,592,0,4,255
290,592,0,2,252
291,592,0,0,243
292,592,0,0,252
293,592,0,0,253
294,592,2,1,253
295,592,6,0,255
296,592,0,0,246
297,592,1,1,255
298,592,0,0,251
299,592,3,4,255
300,592,0,0,253
301,592,0,0,236
302,592,5,4,255
303,592,3,2,255
304,592,0,0,254
305,592,0,0,254
306,592,0,0,254
307,592,0,0,254
308,592,0,0,254
309,592,0,0,254
310,592,0,0,254
311,592,0,0,254
312,592,0,3,255
313,592,0,1,254
314,592,3,1,250
315,592,11,0,255
1334,592,11,0,255
1335,592,3,0,250
1336,592,0,0,254
1337,592,0,0,254
1338,592,0,0,254
1339,592,0,0,254
1340,592,0,0,254
1341,592,0,0,254
1342,592,0,0,254
1343,592,0,0,254
1344,592,0,0,254
1345,592,0,0,254
1346,592,0,0,254
1347,592,0,0,254
1348,592,0,0,254
1349,592,0,0,254
1350,592,0,0,254
1351,592,0,0,254
1352,592,0,0,254
1353,592,0,0,254
1354,592,0,0,254
1355,592,0,0,254
1356,592,0,0,254
1357,592,0,0,254
1358,592,0,0,254
1359,592,0,0,254
1360,592,0,0,254
1361,592,0,0,254
1362,592,0,0,254
1363,592,0,0,254
1364,592,0,0,254
1365,592,0,0,254
1366,592,0,0,254
1367,592,0,0,254
1368,592,0,0,254
1369,592,0,0,254
1370,592,0,0,254
1371,592,0,0,254
1372,592,0,0,254
1373,592,0,0,254
1374,592,0,0,254
1375,592,0,0,254
1376,592,5,0,254
1377,592,0,0,250
1378,592,0,0,251
1379,592,0,4,239
1380,592,0,7,255
1381,592,0,3,254
1382,592,0,8,251
1383,592,0,0,249
1384,592,0,0,246
1385,592,7,7,255
1386,592,0,0,247
1387,592,0,3,242
1388,592,0,1,254
1389,592,0,0,251
1390,592,4,1,255
1391,592,0,0,249
1392,592,0,2,251
1393,592,0,2,254
1394,592,0,3,255
1395,592,1,4,255
1396,592,0,2,247
1397,592,4,4,255
1398,592,0,0,250
1399,592,6,5,255
1400,592,0,0,254
1401,592,0,0,254
1402,592,0,0,254
1403,592,0,0,254
1404,592,0,0,254
1405,592,0,0,254
1406,592,0,0,254
1407,592,0,0,254
1408,592,7,0,242
1409,592,15,0,255
278,593,9,0,255
279,593,3,1,250
280,593,7,0,252
281,593,0,0,240
282,593,3,3,255
283,593,4,4,255
284,593,0,0,252
285,593,9,3,255
286,593,0,1,249
287,593,0,5,247
288,593,3,1,252
289,593,0,0,249
290,593,12,9,255
291,593,0,0,252
292,593,0,0,254
293,593,0,0,251
294,593,0,0,245
295,593,0,3,248
296,593,2,2,255
297,593,0,0,253
298,593,0,0,250
299,593,0,2,247
300,593,7,7,255
301,593,0,0,248
302,593,0,0,249
303,593,2,1,255
304,593,0,0,254
305,593,0,0,254
306,593,0,0,254
307,593,0,0,254
308,593,0,0,254
309,593,0,0,254
310,593,0,0,254
311,593,0,0,254
312,593,4,4,255
313,593,0,0,240
314,593,1,0,251
315,593,0,0,237
316,593,8,0,242
317,593,19,0,254
1325,593,11,0,251
1326,593,2,0,251
1327,593,1,2,253
1328,593,1,0,253
1329,593,0,0,241
1330,593,5,0,255
1331,593,4,1,242
1332,593,0,0,248
1333,593,2,8,244
1334,593,0,3,254
1335,593,0,10,255
1336,593,0,0,254
1337,593,0,0,254
1338,593,0,0,254
1339,593,0,0,254
1340,593,0,0,254
1341,593,0,0,254
1342,593,0,0,254
1343,593,0,0,254
1344,593,0,0,254
1345,593,0,0,254
1346,593,0,0,254
1347,593,0,0,254
1348,593,0,0,254
1349,593,0,0,254
1350,593,0,0,254
1351,593,0,0,254
1352,593,0,0,254
1353,593,0,0,254
1354,593,0,0,254
1355,593,0,0,254
1356,593,0,0,254
1357,593,0,0,254
1358,593,0,0,254
1359,593,0,0,254
1360,593,0,0,254
1361,593,0,0,254
1362,593,0,0,254
1363,593,0,0,254
1364,593,0,0,254
1365,593,0,0,254
1366,593,0,0,254
1367,593,0,0,254
1368,593,0,0,254
1369,593,0,0,254
1370,593,0,0,254
1371,593,0,0,254
1372,593,0,0,254
1373,593,0,0,254
1374,593,0,0,254
1375,593,0,0,254
1376,593,3,4,242
1377,593,2,1,255
1378,593,5,5,255
1379,593,0,0,250
1380,593,0,0,251
1381,593,4,4,248
1382,593,6,5,255
1383,593,0,0,250
1384,593,0,0,250
1385,593,1,1,255
1386,593,0,0,252
1387,593,0,0,250
1388,593,2,3,251
1389,593,0,0,250
1390,593,0,2,255
1391,593,2,5,255
1392,593,2,7,255
1393,593,0,0,242
1394,593,0,1,254
1395,593,3,6,255
1396,593,0,0,249
1397,593,4,3,255
1398,593,0,0,247
1399,593,2,1,252
1400,593,0,0,251
1401,593,0,0,251
1402,593,0,0,251
1403,593,0,0,251
1404,593,0,0,251
1405,593,0,0,251
1406,593,0,0,251
1407,593,0,0,251
279,594,9,0,249
280,594,0,0,253
281,594,4,0,252
282,594,4,0,251
283,594,2,0,252
284,594,7,10,255
285,594,0,0,239
286,594,1,1,255
287,594,8,0,255
288,594,0,2,239
289,594,9,1,255
290,594,6,0,255
291,594,0,0,251
292,594,0,10,242
293,594,3,4,254
294,594,4,4,255
295,594,0,4,253
296,594,0,0,243
297,594,0,0,252
298,594,4,4,255
299,594,0,0,253
300,594,0,0,252
301,594,1,1,255
302,594,0,0,246
303,594,0,2,241
304,594,0,0,254
305,594,0,0,254
306,594,0,0,254
307,594,0,0,254
308,594,0,0,254
309,594,0,0,254
310,594,0,0,254
311,594,0,0,254
312,594,0,0,243
313,594,2,1,255
314,594,3,3,255
315,594,0,3,255
316,594,2,5,255
317,594,0,0,252
318,594,0,0,250
319,594,3,1,250
1324,594,17,1,255
1325,594,2,0,252
1326,594,0,0,249
1327,594,2,6,251
1328,594,1,6,255
1329,594,5,8,255
1330,594,0,0,246
1331,594,1,0,241
1332,594,3,0,255
1333,594,3,0,255
1334,594,0,0,235
1335,594,0,0,253
1336,594,0,0,254
1337,594,0,0,254
1338,594,0,0,254
1339,594,0,0,254
1340,594,0,0,254
1341,594,0,0,254
1342,594,0,0,254
1343,594,0,0,254
1344,594,0,0,254
1345,594,0,0,254
1346,594,0,0,254
1347,594,0,0,254
1348,594,0,0,254
1349,594,0,0,254
1350,594,0,0,254
1351,594,0,0,254
1352,594,0,0,254
1353,594,0,0,254
1354,594,0,0,254
1355,594,0,0,254
1356,594,0,0,254
1357,594,0,0,254
1358,594,0,0,254
1359,594,0,0,254
1360,594,0,0,254
1361,594,0,0,254
1362,594,0,0,254
1363,594,0,0,254
1364,594,0,0,254
1365,594,0,0,254
1366,594,0,0,254
1367,594,0,0,254
1368,594,0,0,254
1369,594,0,0,254
1370,594,0,0,254
1371,594,0,0,254
1372,594,0,0,254
1373,594,0,0,254
1374,594,0,0,254
1375,594,0,0,254
1376,594,0,0,250
1377,594,0,2,247
1378,594,1,0,252
1379,594,3,0,253
1380,594,5,0,247
1381,594,0,0,237
1382,594,9,1,255
1383,594,8,0,255
1384,594,5,5,255
1385,594,0,0,252
1386,594,2,5,232
1387,594,0,0,252
1388,594,8,5,255
1389,594,4,2,253
1390,594,1,0,253
1391,594,2,0,247
1392,594,19,0,239
281,595,12,0,255
282,595,0,0,243
283,595,2,1,253
284,595,8,0,255
285,595,2,0,233
286,595,1,4,255
287,595,0,0,248
288,595,0,4,254
289,595,1,0,240
290,595,2,0,236
291,595,0,4,254
292,595,0,3,254
293,595,4,0,245
294,595,7,0,251
295,595,0,6,255
296,595,7,6,255
297,595,3,2,255
298,595,1,3,238
299,595,4,3,254
300,595,5,4,255
301,595,4,4,255
302,595,4,4,255
303,595,0,0,253
304,595,0,0,254
305,595,0,0,254
306,595,0,0,254
307,595,0,0,254
308,595,0,0,254
309,595,0,0,254
310,595,0,0,254
311,595,0,0,254
312,595,4,5,246
313,595,0,0,253
314,595,0,0,251
315,595,0,1,243
316,595,0,0,252
317,595,0,8,255
318,595,0,0,238
319,595,0,0,251
320,595,9,1,255
1321,595,8,0,250
1322,595,9,1,255
1323,595,0,0,245
1324,595,0,3,255
1325,595,0,4,255
1326,595,0,4,246
1327,595,0,0,248
1328,595,0,4,240
1329,595,0,0,253
1330,595,2,3,251
1331,595,1,0,254
1332,595,3,2,246
1333,595,6,2,249
1334,595,4,0,254
1335,595,6,0,255
1336,595,0,0,254
1337,595,0,0,254
1338,595,0,0,254
1339,595,0,0,254
1340,595,0,0,254
1341,595,0,0,254
1342,595,0,0,254
1343,595,0,0,254
1344,595,0,0,254
1345,595,0,0,254
1346,595,0,0,254
1347,595,0,0,254
1348,595,0,0,254
1349,595,0,0,254
1350,595,0,0,254
1351,595,0,0,254
1352,595,0,0,254
1353,595,0,0,254
1354,595,0,0,254
1355,595,0,0,254
1356,595,0,0,254
1357,595,0,0,254
1358,595,0,0,254
1359,595,0,0,254
1360,595,0,0,254
1361,595,0,0,254
1362,595,0,0,254
1363,595,0,0,254
1364,595,0,0,254
1365,595,0,0,254
1366,595,0,0,254
1367,595,0,0,254
1368,595,0,0,254
1369,595,0,0,254
1370,595,0,0,254
1371,595,0,0,254
1372,595,0,0,254
1373,595,0,0,254
1374,595,0,0,254
1375,595,0,0,254
1376,595,0,0,249
1377,595,5,8,255
1378,595,0,0,253
1379,595,3,0,250
1380,595,8,2,255
1381,595,0,0,238
1382,595,1,0,253
1383,595,0,0,253
1384,595,10,0,253
1385,595,6,0,255
1386,595,2,1,255
1387,595,0,3,252
1388,595,0,1,247
1389,595,0,2,243
1390,595,0,0,246
1391,595,7,1,255
284,596,9,0,255
285,596,0,3,252
286,596,0,4,255
287,596,0,3,253
288,596,0,2,254
289,596,11,1,255
290,596,10,0,248
291,596,4,2,249
292,596,0,0,249
295,596,15,0,248
296,596,0,0,250
297,596,4,1,255
298,596,2,1,255
299,596,0,0,239
300,596,7,6,255
301,596,0,0,254
302,596,0,0,248
303,596,1,2,253
304,596,0,0,254
305,596,0,0,254
306,596,0,0,254
307,596,0,0,254
308,596,0,0,254
309,596,0,0,254
310,596,0,0,254
311,596,0,0,254
312,596,2,2,255
313,596,0,0,253
314,596,0,0,251
315,596,0,0,254
316,596,1,2,253
317,596,2,2,255
318,596,0,2,255
319,596,0,0,252
320,596,0,2,246
321,596,0,4,249
322,596,3,0,255
323,596,0,0,253
324,596,0,0,252
325,596,4,5,253
1320,596,0,7,254
1321,596,0,1,253
1322,596,0,2,233
1323,596,0,0,247
1324,596,6,3,255
1325,596,3,3,255
1326,596,0,4,255
1327,596,0,4,246
1328,596,2,2,255
1329,596,0,0,243
1330,596,1,4,255
1331,596,0,0,252
1332,596,1,4,255
1333,596,0,0,250
1334,596,4,7,255
1335,596,0,0,246
1336,596,0,0,254
1337,596,0,0,254
1338,596,0,0,254
1339,596,0,0,254
1340,596,0,0,254
1341,596,0,0,254
1342,596,0,0,254
1343,596,0,0,254
1344,596,0,0,254
1345,596,0,0,254
1346,596,0,0,254
1347,596,0,0,254
1348,596,0,0,254
1349,596,0,0,254
1350,596,0,0,254
1351,596,0,0,254
1352,596,0,0,254
1353,596,0,0,254
1354,596,0,0,254
1355,596,0,0,254
1356,596,0,0,254
1357,596,0,0,254
1358,596,0,0,254
1359,596,0,0,254
1360,596,0,0,254
1361,596,0,0,254
1362,596,0,0,254
1363,596,0,0,254
1364,596,0,0,254
1365,596,0,0,254
1366,596,0,0,254
1367,596,0,0,254
1368,596,0,0,254
1369,596,0,0,254
1370,596,0,0,254
1371,596,0,0,254
1372,596,0,0,254
1373,596,0,0,254
1374,596,0,0,254
1375,596,0,0,254
1376,596,0,3,255
1377,596,1,5,254
1378,596,0,0,250
1379,596,9,9,255
1380,596,1,3,246
1381,596,1,4,255
1382,596,0,2,251
1383,596,0,2,254
1384,596,0,0,252
1385,596,0,0,242
1386,596,0,4,255
1387,596,0,0,250
1388,596,1,6,255
1389,596,3,0,248
1390,596,14,0,252
295,597,6,0,249
296,597,5,0,255
297,597,4,4,242
298,597,0,0,250
299,597,1,0,254
300,597,0,0,237
301,597,0,0,252
302,597,0,0,250
303,597,1,2,252
304,597,0,0,254
305,597,0,0,254
306,597,0,0,254
307,597,0,0,254
308,597,0,0,254
309,597,0,0,254
310,597,0,0,254
311,597,0,0,254
312,597,0,3,255
313,597,2,2,255
314,597,1,1,249
315,597,6,4,255
316,597,4,0,251
317,597,2,0,252
318,597,3,2,246
319,597,0,0,249
320,597,0,6,252
321,597,2,5,255
322,597,1,0,252
323,597,0,0,254
324,597,4,11,247
325,597,0,0,246
326,597,16,0,255
1256,597,0,0,245
1257,597,0,5,255
1258,597,3,6,245
1259,597,7,1,247
1260,597,13,0,253
1261,597,12,0,250
1319,597,14,0,254
1320,597,0,0,252
1321,597,4,3,255
1322,597,1,0,250
1323,597,7,4,255
1324,597,0,0,248
1325,597,0,0,252
1326,597,0,2,234
1327,597,0,0,249
1328,597,4,0,251
1329,597,6,0,253
1330,597,1,0,253
1331,597,0,0,243
1332,597,0,2,255
1333,597,0,0,253
1334,597,0,0,250
1335,597,1,2,252
1336,597,0,0,254
1337,597,0,0,254
1338,597,0,0,254
1339,597,0,0,254
1340,597,0,0,254
1341,597,0,0,254
1342,597,0,0,254
1343,597,0,0,254
1344,597,0,0,254
1345,597,0,0,254
1346,597,0,0,254
1347,597,0,0,254
1348,597,0,0,254
1349,597,0,0,254
1350,597,0,0,254
1351,597,0,0,254
1352,597,0,0,254
1353,597,0,0,254
1354,597,0,0,254
1355,597,0,0,254
1356,597,0,0,254
1357,597,0,0,254
1358,597,0,0,254
1359,597,0,0,254
1360,597,0,0,254
1361,597,0,0,254
1362,597,0,0,254
1363,597,0,0,254
1364,597,0,0,254
1365,597,0,0,254
1366,597,0,0,254
1367,597,0,0,254
1368,597,0,0,254
1369,597,0,0,254
1370,597,0,0,254
1371,597,0,0,254
1372,597,0,0,254
1373,597,0,0,254
1374,597,0,0,254
1375,597,0,0,254
1376,597,1,0,254
1377,597,0,0,248
1378,597,2,6,253
1379,597,0,1,253
1380,597,0,0,247
1381,597,0,0,246
1382,597,4,1,255
1383,597,2,0,247
1384,597,0,3,255
1385,597,0,8,238
1386,597,0,0,248
1387,597,0,0,250
1388,597,6,9,255
1389,597,8,0,254
296,598,3,0,253
297,598,4,0,251
298,598,0,0,236
299,598,5,2,255
300,598,8,7,255
301,598,2,3,253
302,598,0,0,251
303,598,0,0,250
304,598,0,0,254
305,598,0,0,254
306,598,0,0,254
307,598,0,0,254
308,598,0,0,254
309,598,0,0,254
310,598,0,0,254
311,598,0,0,254
312,598,0,0,247
313,598,1,4,255
314,598,1,1,249
315,598,0,0,249
316,598,13,7,255
317,598,0,0,249
318,598,2,1,252
319,598,3,3,247
320,598,0,7,249
321,598,0,0,249
322,598,2,0,252
323,598,8,0,253
324,598,2,0,251
325,598,0,0,248
326,598,3,3,251
327,598,0,0,253
328,598,20,0,255
1254,598,14,0,249
1255,598,10,0,255
1256,598,2,1,253
1257,598,4,3,255
1258,598,0,0,248
1259,598,2,3,251
1260,598,0,3,255
1261,598,0,0,252
1262,598,1,6,246
1263,598,0,0,242
1319,598,3,0,249
1320,598,4,2,249
1321,598,6,6,255
1322,598,0,1,253
1323,598,0,0,247
1324,598,0,1,247
1325,598,0,3,244
1326,598,9,9,255
1327,598,3,0,255
1328,598,3,1,248
1329,598,2,1,255
1330,598,0,0,252
1331,598,0,3,255
1332,598,2,9,255
1333,598,0,3,247
1334,598,3,6,255
1335,598,0,0,245
1336,598,0,0,254
1337,598,0,0,254
1338,598,0,0,254
1339,598,0,0,254
1340,598,0,0,254
1341,598,0,0,254
1342,598,0,0,254
1343,598,0,0,254
1344,598,0,0,254
1345,598,0,0,254
1346,598,0,0,254
1347,598,0,0,254
1348,598,0,0,254
1349,598,0,0,254
1350,598,0,0,254
1351,598,0,0,254
1352,598,0,0,254
1353,598,0,0,254
1354,598,0,0,254
1355,598,0,0,254
1356,598,0,0,254
1357,598,0,0,254
1358,598,0,0,254
1359,598,0,0,254
1360,598,0,0,254
1361,598,0,0,254
1362,598,0,0,254
1363,598,0,0,254
1364,598,0,0,254
1365,598,0,0,254
1366,598,0,0,254
1367,598,0,0,254
1368,598,0,0,254
1369,598,0,0,254
1370,598,0,0,254
1371,598,0,0,254
1372,598,0,0,254
1373,598,0,0,254
1374,598,0,0,254
1375,598,0,0,254
1376,598,0,0,239
1377,598,1,1,255
1378,598,0,1,247
1379,598,0,1,245
1380,598,0,0,250
1381,598,8,0,254
297,599,3,0,253
298,599,6,1,253
299,599,0,0,252
300,599,3,2,255
301,599,0,0,239
302,599,3,3,255
303,599,0,0,253
304,599,0,0,254
305,599,0,0,254
306,599,0,0,254
307,599,0,0,254
308,599,0,0,254
309,599,0,0,254
310,599,0,0,254
311,599,0,0,254
312,599,0,6,248
313,599,0,3,255
314,599,0,0,249
315,599,3,0,253
316,599,0,0,249
317,599,5,5,251
318,599,0,0,250
319,599,0,4,253
320,599,5,0,252
321,599,6,0,255
322,599,5,2,255
323,599,0,0,244
324,599,1,3,248
325,599,6,9,255
326,599,0,6,235
327,599,0,3,253
328,599,0,6,255
329,599,0,1,239
330,599,1,0,252
331,599,6,0,253
332,599,11,0,242
1254,599,9,0,254
1255,599,1,0,254
1256,599,0,0,250
1257,599,0,3,255
1258,599,2,2,255
1259,599,1,1,255
1260,599,1,1,245
1261,599,5,4,255
1262,599,0,0,246
1263,599,6,3,255
1264,599,25,0,254
1318,599,12,0,254
1319,599,3,5,250
1320,599,0,2,254
1321,599,0,0,233
1322,599,4,1,255
1323,599,5,0,254
1324,599,9,0,255
1325,599,7,0,254
1326,599,4,0,253
1327,599,4,0,248
1328,599,1,0,253
1329,599,4,3,255
1330,599,0,2,247
1331,599,0,0,248
1332,599,0,0,246
1333,599,0,0,253
1334,599,1,0,250
1335,599,11,1,255
1336,599,0,0,254
1337,599,0,0,254
1338,599,0,0,254
1339,599,0,0,254
1340,599,0,0,254
1341,599,0,0,254
1342,599,0,0,254
1343,599,0,0,254
1344,599,0,0,254
1345,599,0,0,254
1346,599,0,0,254
1347,599,0,0,254
1348,599,0,0,254
1349,599,0,0,254
1350,599,0,0,254
1351,599,0,0,254
1352,599,0,0,254
1353,599,0,0,254
1354,599,0,0,254
1355,599,0,0,254
1356,599,0,0,254
1357,599,0,0,254
1358,599,0,0,254
1359,599,0,0,254
1360,599,0,0,254
1361,599,0,0,254
1362,599,0,0,254
1363,599,0,0,254
1364,599,0,0,254
1365,599,0,0,254
1366,599,0,0,254
1367,599,0,0,254
1368,599,0,0,254
1369,599,0,0,254
1370,599,0,0,254
1371,599,0,0,254
1372,599,0,0,254
1373,599,0,0,254
1374,599,0,0,254
1375,599,0,0,254
1376,599,6,0,255
1377,599,1,0,254
1378,599,1,6,255
1379,599,0,0,247
1380,599,6,0,246
298,600,16,0,255
299,600,13,2,255
300,600,1,1,239
301,600,1,4,243
302,600,2,3,254
303,600,0,0,246
304,600,7,0,254
305,600,0,0,245
306,600,0,7,255
307,600,3,0,255
308,600,4,0,250
309,600,7,1,255
310,600,0,2,248
311,600,0,8,255
312,600,0,0,254
313,600,0,0,254
314,600,0,0,254
315,600,0,0,254
316,600,0,0,254
317,600,0,0,254
318,600,0,0,254
319,600,0,0,254
320,600,0,0,254
321,600,0,0,254
322,600,0,0,254
323,600,0,0,254
324,600,0,0,254
325,600,0,0,254
326,600,0,0,254
327,600,0,0,254
328,600,0,0,251
329,600,6,6,255
330,600,0,0,238
331,600,5,4,255
332,600,0,0,252
333,600,2,0,249
334,600,5,0,255
1253,600,0,4,249
1254,600,0,0,251
1255,600,7,1,255
1256,600,0,0,254
1257,600,0,0,254
1258,600,0,0,254
1259,600,0,0,254
1260,600,0,0,254
1261,600,0,0,254
1262,600,0,0,254
1263,600,0,0,254
1264,600,0,3,252
1318,600,6,0,255
1319,600,0,2,255
1320,600,0,0,254
1321,600,0,0,254
1322,600,0,0,254
1323,600,0,0,254
1324,600,0,0,254
1325,600,0,0,254
1326,600,0,0,254
1327,600,0,0,254
1328,600,0,2,254
1329,600,0,0,252
1330,600,3,3,255
1331,600,2,1,253
1332,600,2,1,253
1333,600,3,3,255
1334,600,0,0,252
1335,600,0,2,254
1336,600,0,5,255
1337,600,0,0,253
1338,600,3,2,255
1339,600,1,0,251
1340,600,6,3,244
1341,600,6,5,247
1342,600,1,0,254
1343,600,0,0,253
1344,600,5,0,255
1345,600,1,0,253
1346,600,2,0,254
1347,600,7,6,255
1348,600,1,1,255
1349,600,0,0,251
1350,600,0,2,234
1351,600,0,0,249
1352,600,1,1,255
1353,600,6,6,255
1354,600,0,0,251
1355,600,0,0,237
1356,600,1,1,247
1357,600,1,0,254
1358,600,0,0,252
1359,600,0,0,241
1360,600,1,0,254
1361,600,1,0,254
1362,600,1,0,254
1363,600,1,0,254
1364,600,1,0,254
1365,600,1,0,254
1366,600,1,0,254
1367,600,1,0,254
1368,600,0,0,252
1369,600,1,4,255
1370,600,0,0,253
1371,600,0,3,251
1372,600,0,1,253
1373,600,0,0,249
1374,600,0,2,255
1375,600,1,4,255
1376,600,0,5,255
1377,600,0,4,254
1378,600,0,0,248
1379,600,7,0,255
305,601,14,2,255
306,601,0,0,249
307,601,0,2,251
308,601,1,5,254
309,601,0,8,239
310,601,0,0,251
311,601,0,0,239
312,601,0,0,254
313,601,0,0,254
314,601,0,0,254
315,601,0,0,254
316,601,0,0,254
317,601,0,0,254
318,601,0,0,254
319,601,0,0,254
320,601,0,0,254
321,601,0,0,254
322,601,0,0,254
323,601,0,0,254
324,601,0,0,254
325,601,0,0,254
326,601,0,0,254
327,601,0,0,254
328,601,0,0,252
329,601,0,0,250
330,601,0,1,251
331,601,6,5,255
332,601,6,3,255
333,601,3,3,239
334,601,4,0,251
335,601,1,0,251
1253,601,0,0,250
1254,601,0,1,249
1255,601,3,0,253
1256,601,0,0,254
1257,601,0,0,254
1258,601,0,0,254
1259,601,0,0,254
1260,601,0,0,254
1261,601,0,0,254
1262,601,0,0,254
1263,601,0,0,254
1264,601,0,0,246
1315,601,12,0,255
1316,601,5,0,254
1317,601,0,0,248
1318,601,3,0,253
1319,601,2,0,250
1320,601,0,0,254
1321,601,0,0,254
1322,601,0,0,254
1323,601,0,0,254
1324,601,0,0,254
1325,601,0,0,254
1326,601,0,0,254
1327,601,0,0,254
1328,601,3,2,255
1329,601,1,0,254
1330,601,0,0,254
1331,601,0,0,251
1332,601,0,0,251
1333,601,0,0,254
1334,601,1,0,254
1335,601,3,2,255
1336,601,0,0,242
1337,601,4,7,255
1338,601,1,4,255
1339,601,0,0,245
1340,601,0,3,255
1341,601,0,1,250
1342,601,0,0,254
1343,601,0,0,249
1344,601,0,0,251
1345,601,0,4,250
1346,601,0,1,247
1347,601,2,5,255
1348,601,0,3,255
1349,601,1,4,255
1350,601,1,4,255
1351,601,1,6,246
1352,601,0,2,234
1353,601,0,0,243
1354,601,4,7,255
1355,601,0,0,253
1356,601,0,0,252
1357,601,4,7,255
1358,601,0,0,252
1359,601,0,4,253
1360,601,0,1,252
1361,601,0,1,252
1362,601,0,1,252
1363,601,0,1,252
1364,601,0,1,252
1365,601,0,1,252
1366,601,0,1,252
1367,601,0,1,252
1368,601,12,2,246
1369,601,0,0,246
1370,601,4,9,255
1371,601,0,0,248
1372,601,0,0,251
1373,601,0,0,243
1374,601,9,3,255
1375,601,9,0,246
1376,601,4,0,253
1377,601,3,0,241
1378,601,7,0,252
306,602,10,0,253
307,602,0,0,247
308,602,2,5,255
309,602,0,7,252
310,602,0,0,246
311,602,14,2,255
312,602,0,0,254
313,602,0,0,254
314,602,0,0,254
315,602,0,0,254
316,602,0,0,254
317,602,0,0,254
318,602,0,0,254
319,602,0,0,254
320,602,0,0,254
321,602,0,0,254
322,602,0,0,254
323,602,0,0,254
324,602,0,0,254
325,602,0,0,254
326,602,0,0,254
327,602,0,0,254
328,602,0,1,251
329,602,0,0,248
330,602,4,4,255
331,602,0,0,237
332,602,0,0,251
333,602,0,0,250
334,602,1,1,239
335,602,9,3,255
336,602,11,0,255
1252,602,7,0,253
1253,602,10,7,255
1254,602,0,0,246
1255,602,1,3,244
1256,602,0,0,254
1257,602,0,0,254
1258,602,0,0,254
1259,602,0,0,254
1260,602,0,0,254
1261,602,0,0,254
1262,602,0,0,254
1263,602,0,0,254
1264,602,0,3,252
1265,602,12,0,249
1287,602,21,0,254
1288,602,12,0,251
1313,602,15,0,243
1314,602,4,0,254
1315,602,0,2,248
1316,602,0,5,250
1317,602,0,1,253
1318,602,0,0,247
1319,602,11,6,255
1320,602,0,0,254
1321,602,0,0,254
1322,602,0,0,254
1323,602,0,0,254
1324,602,0,0,254
1325,602,0,0,254
1326,602,0,0,254
1327,602,0,0,254
1328,602,0,0,250
1329,602,1,1,255
1330,602,0,2,243
1331,602,1,1,255
1332,602,1,1,255
1333,602,0,2,243
1334,602,1,1,255
1335,602,0,0,250
1336,602,6,6,252
1337,602,0,0,237
1338,602,2,2,250
1339,602,1,0,254
1340,602,1,0,254
1341,602,0,0,251
1342,602,6,5,255
1343,602,0,0,252
1344,602,0,1,237
1345,602,2,7,255
1346,602,0,1,248
1347,602,0,0,251
1348,602,0,0,240
1349,602,0,0,249
1350,602,1,0,253
1351,602,3,0,253
1352,602,3,0,255
1353,602,2,0,254
1354,602,0,0,252
1355,602,4,1,255
1356,602,4,1,255
1357,602,1,0,253
1358,602,3,0,255
1359,602,3,0,255
1360,602,0,0,254
1361,602,0,0,254
1362,602,0,0,254
1363,602,0,0,254
1364,602,0,0,254
1365,602,0,0,254
1366,602,0,0,254
1367,602,0,0,254
1368,602,0,1,246
1369,602,0,0,252
1370,602,5,0,243
1371,602,4,1,255
1372,602,7,0,253
308,603,14,0,255
309,603,1,6,255
310,603,0,4,244
311,603,0,0,251
312,603,0,0,254
313,603,0,0,254
314,603,0,0,254
315,603,0,0,254
316,603,0,0,254
317,603,0,0,254
318,603,0,0,254
319,603,0,0,254
320,603,0,0,254
321,603,0,0,254
322,603,0,0,254
323,603,0,0,254
324,603,0,0,254
325,603,0,0,254
326,603,0,0,254
327,603,0,0,254
328,603,3,4,255
329,603,0,0,246
330,603,0,0,254
331,603,6,5,255
332,603,0,0,239
333,603,4,3,255
334,603,3,0,255
335,603,0,0,250
336,603,0,0,244
1252,603,0,1,254
1253,603,5,1,248
1254,603,3,0,253
1255,603,2,7,255
1256,603,0,0,254
1257,603,0,0,254
1258,603,0,0,254
1259,603,0,0,254
1260,603,0,0,254
1261,603,0,0,254
1262,603,0,0,254
1263,603,0,0,254
1264,603,0,1,253
1265,603,1,0,254
1266,603,15,0,255
1275,603,6,0,234
1276,603,0,0,252
1277,603,1,8,246
1278,603,0,0,245
1279,603,0,0,252
1284,603,4,0,242
1285,603,7,4,241
1286,603,2,5,255
1287,603,0,1,247
1288,603,1,0,250
1289,603,0,0,252
1290,603,0,2,250
1291,603,0,0,245
1292,603,7,0,249
1311,603,25,0,253
1312,603,2,1,253
1313,603,0,0,252
1314,603,5,4,255
1315,603,3,2,255
1316,603,1,2,252
1317,603,0,0,249
1318,603,0,5,255
1319,603,0,0,251
1320,603,0,0,254
1321,603,0,0,254
1322,603,0,0,254
1323,603,0,0,254
1324,603,0,0,254
1325,603,0,0,254
1326,603,0,0,254
1327,603,0,0,254
1328,603,0,2,255
1329,603,0,1,251
1330,603,2,0,254
1331,603,3,0,253
1332,603,3,0,253
1333,603,2,0,254
1334,603,0,1,251
1335,603,0,2,255
1336,603,0,4,247
1337,603,0,0,251
1338,603,1,1,255
1339,603,9,9,255
1340,603,0,0,250
1341,603,5,8,255
1342,603,0,1,247
1343,603,0,0,251
1344,603,0,0,252
1345,603,4,2,249
1346,603,3,0,255
1347,603,5,0,255
1348,603,1,0,251
1349,603,6,2,237
1350,603,6,0,255
1351,603,6,0,250
1352,603,0,0,250
1353,603,8,5,255
1354,603,5,2,255
1355,603,0,0,252
1356,603,1,0,250
1357,603,2,1,243
1358,603,0,0,252
1359,603,4,3,255
1360,603,0,0,253
1361,603,0,0,253
1362,603,0,0,253
1363,603,0,0,253
1364,603,0,0,253
1365,603,0,0,253
1366,603,0,0,253
1367,603,0,0,253
1368,603,0,4,253
1369,603,0,5,251
1370,603,13,1,255
309,604,6,0,255
310,604,0,0,245
311,604,0,6,255
312,604,0,0,254
313,604,0,0,254
314,604,0,0,254
315,604,0,0,254
316,604,0,0,254
317,604,0,0,254
318,604,0,0,254
319,604,0,0,254
320,604,0,0,254
321,604,0,0,254
322,604,0,0,254
323,604,0,0,254
324,604,0,0,254
325,604,0,0,254
326,604,0,0,254
327,604,0,0,254
328,604,0,0,253
329,604,5,5,255
330,604,1,1,255
331,604,5,4,255
332,604,5,4,255
333,604,0,2,237
334,604,4,3,255
335,604,5,4,255
336,604,0,0,251
337,604,4,0,249
1252,604,0,0,237
1253,604,0,0,247
1254,604,4,0,253
1255,604,0,0,249
1256,604,0,0,254
1257,604,0,0,254
1258,604,0,0,254
1259,604,0,0,254
1260,604,0,0,254
1261,604,0,0,254
1262,604,0,0,254
1263,604,0,0,254
1264,604,5,0,250
1265,604,0,4,246
1266,604,0,6,255
1267,604,5,4,255
1268,604,0,0,235
1269,604,9,3,255
1273,604,12,0,250
1274,604,8,0,254
1275,604,4,3,255
1276,604,0,4,246
1277,604,0,2,254
1278,604,0,0,245
1279,604,0,0,253
1280,604,0,0,247
1281,604,4,9,249
1282,604,0,0,244
1283,604,0,0,246
1284,604,2,0,254
1285,604,2,0,249
1286,604,6,0,255
1287,604,6,0,253
1288,604,0,0,249
1289,604,8,10,255
1290,604,2,4,239
1291,604,0,0,251
1292,604,0,8,255
1293,604,0,0,248
1294,604,8,0,248
1303,604,13,1,255
1304,604,0,0,248
1305,604,0,0,248
1306,604,3,2,255
1307,604,2,1,252
1308,604,2,1,255
1309,604,4,4,255
1310,604,1,2,252
1311,604,2,2,255
1312,604,0,4,243
1313,604,0,0,243
1314,604,0,0,252
1315,604,11,1,255
1316,604,5,0,254
1317,604,5,2,255
1318,604,2,6,251
1319,604,0,0,250
1320,604,0,0,254
1321,604,0,0,254
1322,604,0,0,254
1323,604,0,0,254
1324,604,0,0,254
1325,604,0,0,254
1326,604,0,0,254
1327,604,0,0,254
1328,604,5,0,253
1329,604,2,0,249
1330,604,1,0,253
1331,604,0,0,250
1332,604,0,0,250
1333,604,1,0,253
1334,604,2,0,249
1335,604,5,0,253
1336,604,1,0,253
1337,604,2,0,249
1338,604,3,2,255
1339,604,2,2,255
1340,604,0,0,253
1341,604,0,0,247
1342,604,0,0,254
1343,604,5,5,255
1344,604,3,0,253
1345,604,2,0,251
1346,604,0,0,250
1347,604,8,7,255
1348,604,1,0,251
1349,604,0,0,251
1350,604,1,2,250
1351,604,1,1,255
1352,604,0,0,253
1353,604,4,4,255
1354,604,0,0,247
1355,604,0,0,251
1356,604,0,0,246
1357,604,0,5,251
1358,604,0,5,255
1359,604,0,0,252
1360,604,1,1,255
1361,604,1,1,255
1362,604,1,1,255
1363,604,1,1,255
1364,604,1,1,255
1365,604,1,1,255
1366,604,1,1,255
1367,604,1,1,255
1368,604,10,0,255
309,605,10,0,252
310,605,0,0,248
311,605,0,2,255
312,605,0,0,254
313,605,0,0,254
314,605,0,0,254
315,605,0,0,254
316,605,0,0,254
317,605,0,0,254
318,605,0,0,254
319,605,0,0,254
320,605,0,0,254
321,605,0,0,254
322,605,0,0,254
323,605,0,0,254
324,605,0,0,254
325,605,0,0,254
326,605,0,0,254
327,605,0,0,254
328,605,0,0,237
329,605,0,0,249
330,605,1,1,255
331,605,1,1,255
332,605,0,0,253
333,605,0,0,253
334,605,0,0,254
335,605,0,1,244
336,605,0,0,247
337,605,6,3,255
338,605,9,1,255
1252,605,0,6,252
1253,605,4,1,255
1254,605,4,0,254
1255,605,0,6,254
1256,605,0,0,254
1257,605,0,0,254
1258,605,0,0,254
1259,605,0,0,254
1260,605,0,0,254
1261,605,0,0,254
1262,605,0,0,254
1263,605,0,0,254
1264,605,4,0,249
1265,605,0,5,255
1266,605,0,4,253
1267,605,0,2,253
1268,605,0,1,253
1269,605,0,1,239
1270,605,6,0,250
1272,605,6,2,249
1273,605,0,0,252
1274,605,0,0,253
1275,605,0,2,250
1276,605,0,1,252
1277,605,0,6,255
1278,605,3,9,241
1279,605,3,2,255
1280,605,3,2,255
1281,605,0,0,253
1282,605,1,1,247
1283,605,2,2,250
1284,605,0,0,252
1285,605,0,0,253
1286,605,0,0,247
1287,605,0,0,253
1288,605,9,0,254
1289,605,4,1,255
1290,605,0,4,246
1291,605,0,0,254
1292,605,5,1,246
1293,605,5,0,255
1294,605,0,1,254
1295,605,0,6,252
1296,605,7,0,250
1299,605,3,0,249
1300,605,0,2,255
1301,605,6,0,252
1302,605,0,0,247
1303,605,0,2,253
1304,605,3,5,248
1305,605,1,4,255
1306,605,0,3,255
1307,605,0,0,232
1308,605,0,0,242
1309,605,0,0,250
1310,605,0,2,251
1311,605,0,3,255
1312,605,3,3,255
1313,605,3,2,255
1314,605,7,4,255
1315,605,6,3,255
1316,605,0,0,246
1317,605,5,3,250
1318,605,3,4,242
1319,605,2,1,255
1320,605,0,0,254
1321,605,0,0,254
1322,605,0,0,254
1323,605,0,0,254
1324,605,0,0,254
1325,605,0,0,254
1326,605,0,0,254
1327,605,0,0,254
1328,605,1,0,253
1329,605,1,1,255
1330,605,0,4,255
1331,605,0,8,255
1332,605,0,8,255
1333,605,0,4,255
1334,605,1,1,255
1335,605,1,0,253
1336,605,5,0,251
1337,605,6,0,254
1338,605,0,0,236
1339,605,0,5,255
1340,605,0,4,238
1341,605,0,3,255
1342,605,2,2,250
1343,605,0,0,243
1344,605,0,2,254
1345,605,0,2,254
1346,605,0,3,239
1347,605,0,4,246
1348,605,0,4,255
1349,605,0,0,245
1350,605,1,6,255
1351,605,0,0,251
1359,605,20,0,241
1360,605,0,0,253
1361,605,0,0,253
1362,605,0,0,253
1363,605,0,0,253
1364,605,0,0,253
1365,605,0,0,253
1366,605,0,0,253
1367,605,0,0,253
310,606,6,0,255
311,606,2,0,252
312,606,0,0,254
313,606,0,0,254
314,606,0,0,254
315,606,0,0,254
316,606,0,0,254
317,606,0,0,254
318,606,0,0,254
319,606,0,0,254
320,606,0,0,254
321,606,0,0,254
322,606,0,0,254
323,606,0,0,254
324,606,0,0,254
325,606,0,0,254
326,606,0,0,254
327,606,0,0,254
328,606,4,3,255
329,606,0,0,249
330,606,0,0,245
331,606,6,6,255
332,606,1,3,248
333,606,0,0,252
334,606,0,0,254
335,606,0,0,254
336,606,1,1,245
337,606,0,0,251
338,606,0,0,243
339,606,3,0,249
1252,606,0,0,248
1253,606,0,0,252
1254,606,3,2,246
1255,606,0,0,252
1256,606,0,0,254
1257,606,0,0,254
1258,606,0,0,254
1259,606,0,0,254
1260,606,0,0,254
1261,606,0,0,254
1262,606,0,0,254
1263,606,0,0,254
1264,606,0,2,254
1265,606,0,2,253
1266,606,0,1,246
1267,606,0,0,243
1268,606,13,5,255
1269,606,2,2,255
1270,606,0,0,249
1271,606,0,0,250
1272,606,0,0,253
1273,606,6,5,255
1274,606,1,0,254
1275,606,1,1,245
1276,606,2,0,254
1277,606,0,0,249
1278,606,1,0,251
1279,606,3,0,245
1280,606,1,0,251
1281,606,1,0,252
1282,606,5,4,255
1283,606,3,2,255
1284,606,0,0,252
1285,606,8,8,255
1286,606,0,0,254
1287,606,2,5,242
1288,606,0,5,245
1289,606,0,0,253
1290,606,9,0,255
1291,606,6,0,252
1292,606,11,5,255
1293,606,0,0,242
1294,606,0,2,249
1295,606,0,0,252
1296,606,5,2,255
1297,606,1,0,251
1298,606,0,0,240
1299,606,0,4,255
1300,606,0,3,234
1301,606,2,0,249
1302,606,8,8,255
1303,606,0,2,251
1304,606,1,1,255
1305,606,4,7,255
1306,606,0,3,255
1307,606,0,1,254
1308,606,2,5,255
1309,606,1,6,255
1310,606,0,1,253
1311,606,0,1,253
1312,606,6,3,244
1313,606,3,0,255
1314,606,0,0,253
1315,606,0,0,253
1316,606,0,2,234
1317,606,3,3,255
1318,606,0,0,244
1319,606,4,1,255
1320,606,0,0,254
1321,606,0,0,254
1322,606,0,0,254
1323,606,0,0,254
1324,606,0,0,254
1325,606,0,0,254
1326,606,0,0,254
1327,606,0,0,254
1328,606,0,0,248
1329,606,0,1,254
1330,606,0,0,248
1331,606,3,0,255
1332,606,3,0,255
1333,606,0,0,248
1334,606,0,1,254
1335,606,0,0,248
1336,606,0,0,247
1337,606,0,0,250
1338,606,3,0,255
1339,606,2,0,252
1340,606,0,0,245
1341,606,7,7,255
1342,606,0,2,254
1343,606,0,8,246
1344,606,0,8,247
1345,606,0,0,251
1346,606,0,1,246
1347,606,0,0,249
1348,606,6,0,255
1349,606,8,0,240
1350,606,8,0,246
310,607,8,0,254
311,607,4,3,254
312,607,0,0,254
313,607,0,0,254
314,607,0,0,254
315,607,0,0,254
316,607,0,0,254
317,607,0,0,254
318,607,0,0,254
319,607,0,0,254
320,607,0,0,254
321,607,0,0,254
322,607,0,0,254
323,607,0,0,254
324,607,0,0,254
325,607,0,0,254
326,607,0,0,254
327,607,0,0,254
328,607,3,2,255
329,607,3,2,255
330,607,0,1,240
331,607,0,0,253
332,607,1,2,253
333,607,0,0,252
334,607,0,0,253
335,607,0,0,248
336,607,0,2,255
337,607,0,0,249
338,607,4,9,255
339,607,0,5,247
1251,607,4,0,249
1252,607,12,2,255
1253,607,0,1,240
1254,607,0,0,248
1255,607,3,8,255
1256,607,0,0,254
1257,607,0,0,254
1258,607,0,0,254
1259,607,0,0,254
1260,607,0,0,254
1261,607,0,0,254
1262,607,0,0,254
1263,607,0,0,254
1264,607,4,0,243
1265,607,3,0,255
1266,607,1,1,239
1267,607,5,2,255
1268,607,0,0,252
1269,607,0,0,249
1270,607,0,0,254
1271,607,2,6,255
1272,607,0,4,250
1273,607,0,2,251
1274,607,0,0,253
1275,607,0,0,252
1276,607,5,8,243
1277,607,2,6,255
1278,607,0,1,253
1279,607,1,6,255
1280,607,2,5,255
1281,607,0,0,252
1282,607,0,1,254
1283,607,0,0,246
1284,607,0,4,243
1285,607,0,2,254
1286,607,2,7,255
1287,607,0,0,247
1288,607,0,0,251
1289,607,0,3,253
1290,607,0,2,254
1291,607,3,6,255
1292,607,0,0,245
1293,607,1,2,242
1294,607,3,3,255
1295,607,0,2,254
1296,607,0,3,254
1297,607,0,4,255
1298,607,0,7,255
1299,607,0,0,239
1300,607,2,2,255
1301,607,0,3,255
1302,607,0,1,240
1303,607,5,0,253
1304,607,0,0,248
1305,607,0,0,246
1306,607,0,0,246
1307,607,0,0,248
1308,607,7,7,255
1309,607,0,0,248
1310,607,0,0,250
1311,607,0,0,253
1312,607,0,0,252
1313,607,0,0,250
1314,607,0,5,241
1315,607,0,0,253
1316,607,0,2,254
1317,607,0,3,255
1318,607,0,3,249
1319,607,0,0,252
1320,607,0,0,254
1321,607,0,0,254
1322,607,0,0,254
1323,607,0,0,254
1324,607,0,0,254
1325,607,0,0,254
1326,607,0,0,254
1327,607,0,0,254
1328,607,0,3,255
1329,607,10,0,255
1334,607,10,0,255
1335,607,0,3,255
1336,607,12,2,255
1342,607,8,0,246
1343,607,0,0,253
1344,607,2,3,251
1345,607,0,0,251
1346,607,7,0,255
1347,607,14,0,255
311,608,25,0,254
312,608,0,3,255
313,608,4,0,253
314,608,8,2,248
315,608,1,4,255
316,608,0,3,255
317,608,1,0,253
318,608,0,0,254
319,608,0,3,242
320,608,0,0,249
321,608,0,0,244
322,608,5,4,255
323,608,4,3,255
324,608,0,0,253
325,608,3,2,255
326,608,3,2,255
327,608,4,1,255
328,608,0,0,254
329,608,0,0,254
330,608,0,0,254
331,608,0,0,254
332,608,0,0,254
333,608,0,0,254
334,608,0,0,254
335,608,0,0,254
336,608,4,0,254
337,608,3,0,255
338,608,0,5,251
339,608,0,4,240
340,608,17,0,255
1251,608,0,2,245
1252,608,13,3,255
1253,608,9,0,254
1254,608,0,4,254
1255,608,4,1,255
1256,608,0,0,254
1257,608,0,0,254
1258,608,0,0,254
1259,608,0,0,254
1260,608,0,0,254
1261,608,0,0,254
1262,608,0,0,254
1263,608,0,0,254
1264,608,0,0,254
1265,608,0,0,254
1266,608,0,0,254
1267,608,0,0,254
1268,608,0,0,254
1269,608,0,0,254
1270,608,0,0,254
1271,608,0,0,254
1272,608,0,0,254
1273,608,0,0,254
1274,608,0,0,254
1275,608,0,0,254
1276,608,0,0,254
1277,608,0,0,254
1278,608,0,0,254
1279,608,0,0,254
1280,608,0,0,254
1281,608,0,0,254
1282,608,0,0,254
1283,608,0,0,254
1284,608,0,0,254
1285,608,0,0,254
1286,608,0,0,254
1287,608,0,0,254
1288,608,0,0,254
1289,608,0,0,254
1290,608,0,0,254
1291,608,0,0,254
1292,608,0,0,254
1293,608,0,0,254
1294,608,0,0,254
1295,608,0,0,254
1296,608,0,0,254
1297,608,0,0,254
1298,608,0,0,254
1299,608,0,0,254
1300,608,0,0,254
1301,608,0,0,254
1302,608,0,0,254
1303,608,0,0,254
1304,608,0,0,254
1305,608,0,0,254
1306,608,0,0,254
1307,608,0,0,254
1308,608,0,0,254
1309,608,0,0,254
1310,608,0,0,254
1311,608,0,0,254
1312,608,0,0,254
1313,608,0,0,254
1314,608,0,0,254
1315,608,0,0,254
1316,608,0,0,254
1317,608,0,0,254
1318,608,0,0,254
1319,608,0,0,254
1320,608,3,0,252
1321,608,11,7,254
1322,608,2,0,247
1323,608,0,0,254
1324,608,0,0,250
1325,608,0,5,255
1326,608,0,1,253
1327,608,0,0,243
1328,608,24,0,253
312,609,5,0,254
313,609,0,0,254
314,609,0,3,255
315,609,0,0,250
316,609,0,9,255
317,609,0,0,247
318,609,1,2,252
319,609,8,1,254
320,609,0,0,250
321,609,0,2,255
322,609,4,7,255
323,609,0,0,235
324,609,0,0,253
325,609,2,5,255
326,609,0,0,251
327,609,0,0,244
328,609,0,0,254
329,609,0,0,254
330,609,0,0,254
331,609,0,0,254
332,609,0,0,254
333,609,0,0,254
334,609,0,0,254
335,609,0,0,254
336,609,2,0,254
337,609,0,0,236
338,609,0,1,253
339,609,0,3,255
340,609,6,0,251
1251,609,7,7,255
1252,609,0,0,249
1253,609,4,0,246
1254,609,0,3,249
1255,609,0,0,250
1256,609,0,0,254
1257,609,0,0,254
1258,609,0,0,254
1259,609,0,0,254
1260,609,0,0,254
1261,609,0,0,254
1262,609,0,0,254
1263,609,0,0,254
1264,609,0,0,254
1265,609,0,0,254
1266,609,0,0,254
1267,609,0,0,254
1268,609,0,0,254
1269,609,0,0,254
1270,609,0,0,254
1271,609,0,0,254
1272,609,0,0,254
1273,609,0,0,254
1274,609,0,0,254
1275,609,0,0,254
1276,609,0,0,254
1277,609,0,0,254
1278,609,0,0,254
1279,609,0,0,254
1280,609,0,0,254
1281,609,0,0,254
1282,609,0,0,254
1283,609,0,0,254
1284,609,0,0,254
1285,609,0,0,254
1286,609,0,0,254
1287,609,0,0,254
1288,609,0,0,254
1289,609,0,0,254
1290,609,0,0,254
1291,609,0,0,254
1292,609,0,0,254
1293,609,0,0,254
1294,609,0,0,254
1295,609,0,0,254
1296,609,0,0,254
1297,609,0,0,254
1298,609,0,0,254
1299,609,0,0,254
1300,609,0,0,254
1301,609,0,0,254
1302,609,0,0,254
1303,609,0,0,254
1304,609,0,0,254
1305,609,0,0,254
1306,609,0,0,254
1307,609,0,0,254
1308,609,0,0,254
1309,609,0,0,254
1310,609,0,0,254
1311,609,0,0,254
1312,609,0,0,254
1313,609,0,0,254
1314,609,0,0,254
1315,609,0,0,254
1316,609,0,0,254
1317,609,0,0,254
1318,609,0,0,254
1319,609,0,0,254
1320,609,1,1,245
1321,609,0,0,252
1322,609,0,0,251
1323,609,0,0,249
1324,609,0,0,254
1325,609,7,6,255
1326,609,0,0,245
1327,609,7,4,255
313,610,4,0,233
314,610,0,0,249
315,610,6,0,255
316,610,5,2,255
317,610,0,6,249
318,610,0,0,251
319,610,9,0,254
320,610,1,0,254
321,610,4,3,255
322,610,0,0,251
323,610,0,0,249
324,610,0,0,249
325,610,0,0,239
326,610,0,0,251
327,610,2,1,255
328,610,0,0,254
329,610,0,0,254
330,610,0,0,254
331,610,0,0,254
332,610,0,0,254
333,610,0,0,254
334,610,0,0,254
335,610,0,0,254
336,610,1,1,255
337,610,1,0,254
338,610,0,1,254
339,610,0,5,255
340,610,0,0,251
1251,610,0,1,252
1252,610,0,0,250
1253,610,0,0,253
1254,610,0,0,254
1255,610,4,4,255
1256,610,0,0,254
1257,610,0,0,254
1258,610,0,0,254
1259,610,0,0,254
1260,610,0,0,254
1261,610,0,0,254
1262,610,0,0,254
1263,610,0,0,254
1264,610,0,0,254
1265,610,0,0,254
1266,610,0,0,254
1267,610,0,0,254
1268,610,0,0,254
1269,610,0,0,254
1270,610,0,0,254
1271,610,0,0,254
1272,610,0,0,254
1273,610,0,0,254
1274,610,0,0,254
1275,610,0,0,254
1276,610,0,0,254
1277,610,0,0,254
1278,610,0,0,254
1279,610,0,0,254
1280,610,0,0,254
1281,610,0,0,254
1282,610,0,0,254
1283,610,0,0,254
1284,610,0,0,254
1285,610,0,0,254
1286,610,0,0,254
1287,610,0,0,254
1288,610,0,0,254
1289,610,0,0,254
1290,610,0,0,254
1291,610,0,0,254
1292,610,0,0,254
1293,610,0,0,254
1294,610,0,0,254
1295,610,0,0,254
1296,610,0,0,254
1297,610,0,0,254
1298,610,0,0,254
1299,610,0,0,254
1300,610,0,0,254
1301,610,0,0,254
1302,610,0,0,254
1303,610,0,0,254
1304,610,0,0,254
1305,610,0,0,254
1306,610,0,0,254
1307,610,0,0,254
1308,610,0,0,254
1309,610,0,0,254
1310,610,0,0,254
1311,610,0,0,254
1312,610,0,0,254
1313,610,0,0,254
1314,610,0,0,254
1315,610,0,0,254
1316,610,0,0,254
1317,610,0,0,254
1318,610,0,0,254
1319,610,0,0,254
1320,610,8,7,255
1321,610,0,0,251
1322,610,0,3,255
1323,610,0,1,252
1324,610,0,1,254
1325,610,6,0,255
1326,610,13,0,253
317,611,7,0,252
318,611,0,0,246
319,611,1,4,255
320,611,5,6,254
321,611,0,1,240
322,611,1,2,253
323,611,0,1,248
324,611,0,1,254
325,611,3,6,255
326,611,0,1,254
327,611,0,0,247
328,611,0,0,254
329,611,0,0,254
330,611,0,0,254
331,611,0,0,254
332,611,0,0,254
333,611,0,0,254
334,611,0,0,254
335,611,0,0,254
336,611,0,0,249
337,611,0,0,252
338,611,4,6,247
339,611,0,1,247
340,611,0,0,253
341,611,11,0,255
1250,611,9,0,252
1251,611,0,0,252
1252,611,0,0,236
1253,611,0,3,253
1254,611,4,1,255
1255,611,0,0,244
1256,611,0,0,254
1257,611,0,0,254
1258,611,0,0,254
1259,611,0,0,254
1260,611,0,0,254
1261,611,0,0,254
1262,611,0,0,254
1263,611,0,0,254
1264,611,0,0,254
1265,611,0,0,254
1266,611,0,0,254
1267,611,0,0,254
1268,611,0,0,254
1269,611,0,0,254
1270,611,0,0,254
1271,611,0,0,254
1272,611,0,0,254
1273,611,0,0,254
1274,611,0,0,254
1275,611,0,0,254
1276,611,0,0,254
1277,611,0,0,254
1278,611,0,0,254
1279,611,0,0,254
1280,611,0,0,254
1281,611,0,0,254
1282,611,0,0,254
1283,611,0,0,254
1284,611,0,0,254
1285,611,0,0,254
1286,611,0,0,254
1287,611,0,0,254
1288,611,0,0,254
1289,611,0,0,254
1290,611,0,0,254
1291,611,0,0,254
1292,611,0,0,254
1293,611,0,0,254
1294,611,0,0,254
1295,611,0,0,254
1296,611,0,0,254
1297,611,0,0,254
1298,611,0,0,254
1299,611,0,0,254
1300,611,0,0,254
1301,611,0,0,254
1302,611,0,0,254
1303,611,0,0,254
1304,611,0,0,254
1305,611,0,0,254
1306,611,0,0,254
1307,611,0,0,254
1308,611,0,0,254
1309,611,0,0,254
1310,611,0,0,254
1311,611,0,0,254
1312,611,0,0,254
1313,611,0,0,254
1314,611,0,0,254
1315,611,0,0,254
1316,611,0,0,254
1317,611,0,0,254
1318,611,0,0,254
1319,611,0,0,254
1320,611,3,0,252
1321,611,0,0,248
1322,611,0,9,241
1323,611,0,9,244
1324,611,0,0,251
1325,611,10,0,253
318,612,7,0,248
319,612,0,5,255
320,612,0,0,250
321,612,3,0,255
322,612,0,0,251
323,612,0,0,247
324,612,8,7,255
325,612,0,0,250
326,612,0,0,248
327,612,3,2,255
328,612,0,0,254
329,612,0,0,254
330,612,0,0,254
331,612,0,0,254
332,612,0,0,254
333,612,0,0,254
334,612,0,0,254
335,612,0,0,254
336,612,2,7,255
337,612,0,0,253
338,612,1,4,243
339,612,0,1,250
340,612,0,4,255
341,612,0,0,252
1250,612,3,0,253
1251,612,3,6,255
1252,612,2,7,255
1253,612,0,5,249
1254,612,0,0,251
1255,612,0,0,250
1256,612,0,0,254
1257,612,0,0,254
1258,612,0,0,254
1259,612,0,0,254
1260,612,0,0,254
1261,612,0,0,254
1262,612,0,0,254
1263,612,0,0,254
1264,612,0,0,254
1265,612,0,0,254
1266,612,0,0,254
1267,612,0,0,254
1268,612,0,0,254
1269,612,0,0,254
1270,612,0,0,254
1271,612,0,0,254
1272,612,0,0,254
1273,612,0,0,254
1274,612,0,0,254
1275,612,0,0,254
1276,612,0,0,254
1277,612,0,0,254
1278,612,0,0,254
1279,612,0,0,254
1280,612,0,0,254
1281,612,0,0,254
1282,612,0,0,254
1283,612,0,0,254
1284,612,0,0,254
1285,612,0,0,254
1286,612,0,0,254
1287,612,0,0,254
1288,612,0,0,254
1289,612,0,0,254
1290,612,0,0,254
1291,612,0,0,254
1292,612,0,0,254
1293,612,0,0,254
1294,612,0,0,254
1295,612,0,0,254
1296,612,0,0,254
1297,612,0,0,254
1298,612,0,0,254
1299,612,0,0,254
1300,612,0,0,254
1301,612,0,0,254
1302,612,0,0,254
1303,612,0,0,254
1304,612,0,0,254
1305,612,0,0,254
1306,612,0,0,254
1307,612,0,0,254
1308,612,0,0,254
1309,612,0,0,254
1310,612,0,0,254
1311,612,0,0,254
1312,612,0,0,254
1313,612,0,0,254
1314,612,0,0,254
1315,612,0,0,254
1316,612,0,0,254
1317,612,0,0,254
1318,612,0,0,254
1319,612,0,0,254
1320,612,6,0,255
1321,612,2,0,254
1322,612,1,0,250
1323,612,4,0,254
1324,612,11,0,249
319,613,12,0,255
320,613,2,0,252
321,613,9,3,255
322,613,1,0,242
323,613,7,4,255
324,613,2,2,248
325,613,3,3,247
326,613,1,1,255
327,613,0,0,245
328,613,0,0,254
329,613,0,0,254
330,613,0,0,254
331,613,0,0,254
332,613,0,0,254
333,613,0,0,254
334,613,0,0,254
335,613,0,0,254
336,613,0,0,251
337,613,2,5,255
338,613,0,0,252
339,613,0,0,244
340,613,5,6,255
341,613,2,2,255
342,613,5,0,248
1230,613,7,0,252
1231,613,0,1,245
1232,613,0,0,253
1233,613,0,0,253
1234,613,0,0,253
1235,613,0,0,253
1236,613,0,0,253
1237,613,0,0,253
1238,613,0,0,253
1239,613,0,0,253
1240,613,0,0,253
1241,613,0,0,253
1242,613,0,0,253
1243,613,0,0,253
1244,613,0,0,253
1245,613,0,0,253
1246,613,0,0,253
1247,613,0,0,253
1248,613,11,0,253
1250,613,2,1,252
1251,613,0,0,246
1252,613,0,3,255
1253,613,0,2,255
1254,613,0,0,236
1255,613,5,8,255
1256,613,0,0,254
1257,613,0,0,254
1258,613,0,0,254
1259,613,0,0,254
1260,613,0,0,254
1261,613,0,0,254
1262,613,0,0,254
1263,613,0,0,254
1264,613,0,0,254
1265,613,0,0,254
1266,613,0,0,254
1267,613,0,0,254
1268,613,0,0,254
1269,613,0,0,254
1270,613,0,0,254
1271,613,0,0,254
1272,613,0,0,254
1273,613,0,0,254
1274,613,0,0,254
1275,613,0,0,254
1276,613,0,0,254
1277,613,0,0,254
1278,613,0,0,254
1279,613,0,0,254
1280,613,0,0,254
1281,613,0,0,254
1282,613,0,0,254
1283,613,0,0,254
1284,613,0,0,254
1285,613,0,0,254
1286,613,0,0,254
1287,613,0,0,254
1288,613,0,0,254
1289,613,0,0,254
1290,613,0,0,254
1291,613,0,0,254
1292,613,0,0,254
1293,613,0,0,254
1294,613,0,0,254
1295,613,0,0,254
1296,613,0,0,254
1297,613,0,0,254
1298,613,0,0,254
1299,613,0,0,254
1300,613,0,0,254
1301,613,0,0,254
1302,613,0,0,254
1303,613,0,0,254
1304,613,0,0,254
1305,613,0,0,254
1306,613,0,0,254
1307,613,0,0,254
1308,613,0,0,254
1309,613,0,0,254
1310,613,0,0,254
1311,613,0,0,254
1312,613,0,0,254
1313,613,0,0,254
1314,613,0,0,254
1315,613,0,0,254
1316,613,0,0,254
1317,613,0,0,254
1318,613,0,0,254
1319,613,0,0,254
1320,613,0,0,249
1321,613,11,0,249
320,614,8,2,255
321,614,5,0,255
322,614,0,0,251
323,614,0,0,242
324,614,0,0,235
325,614,1,1,255
326,614,0,0,254
327,614,0,4,244
328,614,0,0,254
329,614,0,0,254
330,614,0,0,254
331,614,0,0,254
332,614,0,0,254
333,614,0,0,254
334,614,0,0,254
335,614,0,0,254
336,614,0,0,253
337,614,0,5,244
338,614,0,0,253
339,614,3,0,252
340,614,7,1,255
341,614,0,2,251
342,614,1,1,255
343,614,8,0,252
344,614,6,0,251
1213,614,6,0,248
1214,614,9,1,255
1215,614,0,0,250
1216,614,5,5,255
1217,614,0,0,238
1218,614,0,0,254
1219,614,9,6,255
1220,614,4,0,249
1226,614,7,0,251
1227,614,0,0,254
1228,614,4,1,255
1229,614,7,0,254
1230,614,1,0,240
1231,614,0,0,251
1232,614,1,2,253
1233,614,1,2,253
1234,614,1,2,253
1235,614,1,2,253
1236,614,1,2,253
1237,614,1,2,253
1238,614,1,2,253
1239,614,1,2,253
1240,614,1,2,253
1241,614,1,2,253
1242,614,1,2,253
1243,614,1,2,253
1244,614,1,2,253
1245,614,1,2,253
1246,614,1,2,253
1247,614,1,2,253
1248,614,0,0,254
1249,614,17,0,255
1250,614,0,0,251
1251,614,3,2,255
1252,614,0,0,248
1253,614,9,2,255
1254,614,0,3,255
1255,614,0,0,244
1256,614,0,0,254
1257,614,0,0,254
1258,614,0,0,254
1259,614,0,0,254
1260,614,0,0,254
1261,614,0,0,254
1262,614,0,0,254
1263,614,0,0,254
1264,614,0,0,254
1265,614,0,0,254
1266,614,0,0,254
1267,614,0,0,254
1268,614,0,0,254
1269,614,0,0,254
1270,614,0,0,254
1271,614,0,0,254
1272,614,0,0,254
1273,614,0,0,254
1274,614,0,0,254
1275,614,0,0,254
1276,614,0,0,254
1277,614,0,0,254
1278,614,0,0,254
1279,614,0,0,254
1280,614,0,0,254
1281,614,0,0,254
1282,614,0,0,254
1283,614,0,0,254
1284,614,0,0,254
1285,614,0,0,254
1286,614,0,0,254
1287,614,0,0,254
1288,614,0,0,254
1289,614,0,0,254
1290,614,0,0,254
1291,614,0,0,254
1292,614,0,0,254
1293,614,0,0,254
1294,614,0,0,254
1295,614,0,0,254
1296,614,0,0,254
1297,614,0,0,254
1298,614,0,0,254
1299,614,0,0,254
1300,614,0,0,254
1301,614,0,0,254
1302,614,0,0,254
1303,614,0,0,254
1304,614,0,0,254
1305,614,0,0,254
1306,614,0,0,254
1307,614,0,0,254
1308,614,0,0,254
1309,614,0,0,254
1310,614,0,0,254
1311,614,0,0,254
1312,614,0,0,254
1313,614,0,0,254
1314,614,0,0,254
1315,614,0,0,254
1316,614,0,0,254
1317,614,0,0,254
1318,614,0,0,254
1319,614,0,0,254
327,615,20,0,255
328,615,0,0,254
329,615,0,0,254
330,615,0,0,254
331,615,0,0,254
332,615,0,0,254
333,615,0,0,254
334,615,0,0,254
335,615,0,0,254
336,615,3,1,248
337,615,0,0,252
338,615,0,1,254
339,615,7,0,254
340,615,8,0,255
341,615,0,3,252
342,615,0,2,250
343,615,0,0,254
344,615,0,0,252
345,615,10,0,255
1211,615,11,0,250
1212,615,8,0,243
1213,615,5,5,255
1214,615,0,1,252
1215,615,0,8,255
1216,615,6,0,255
1217,615,0,0,250
1218,615,0,0,253
1219,615,0,0,252
1220,615,4,5,246
1221,615,9,2,238
1222,615,14,0,254
1225,615,7,0,252
1226,615,0,4,252
1227,615,0,9,255
1228,615,0,4,255
1229,615,0,1,226
1230,615,9,9,255
1231,615,0,1,253
1232,615,0,0,254
1233,615,0,0,254
1234,615,0,0,254
1235,615,0,0,254
1236,615,0,0,254
1237,615,0,0,254
1238,615,0,0,254
1239,615,0,0,254
1240,615,0,0,254
1241,615,0,0,254
1242,615,0,0,254
1243,615,0,0,254
1244,615,0,0,254
1245,615,0,0,254
1246,615,0,0,254
1247,615,0,0,254
1248,615,0,6,255
1249,615,2,0,240
1250,615,1,0,254
1251,615,5,3,250
1252,615,0,0,250
1253,615,11,0,255
1254,615,0,0,251
1255,615,4,5,255
1256,615,0,0,254
1257,615,0,0,254
1258,615,0,0,254
1259,615,0,0,254
1260,615,0,0,254
1261,615,0,0,254
1262,615,0,0,254
1263,615,0,0,254
1264,615,0,0,254
1265,615,0,0,254
1266,615,0,0,254
1267,615,0,0,254
1268,615,0,0,254
1269,615,0,0,254
1270,615,0,0,254
1271,615,0,0,254
1272,615,0,0,254
1273,615,0,0,254
1274,615,0,0,254
1275,615,0,0,254
1276,615,0,0,254
1277,615,0,0,254
1278,615,0,0,254
1279,615,0,0,254
1280,615,0,0,254
1281,615,0,0,254
1282,615,0,0,254
1283,615,0,0,254
1284,615,0,0,254
1285,615,0,0,254
1286,615,0,0,254
1287,615,0,0,254
1288,615,0,0,254
1289,615,0,0,254
1290,615,0,0,254
1291,615,0,0,254
1292,615,0,0,254
1293,615,0,0,254
1294,615,0,0,254
1295,615,0,0,254
1296,615,0,0,254
1297,615,0,0,254
1298,615,0,0,254
1299,615,0,0,254
1300,615,0,0,254
1301,615,0,0,254
1302,615,0,0,254
1303,615,0,0,254
1304,615,0,0,254
1305,615,0,0,254
1306,615,0,0,254
1307,615,0,0,254
1308,615,0,0,254
1309,615,0,0,254
1310,615,0,0,254
1311,615,0,0,254
1312,615,0,0,254
1313,615,0,0,254
1314,615,0,0,254
1315,615,0,0,254
1316,615,0,0,254
1317,615,0,0,254
1318,615,0,0,254
1319,615,0,0,254
329,616,7,0,245
330,616,0,5,254
331,616,1,2,253
332,616,3,1,250
333,616,0,0,250
334,616,0,3,255
335,616,0,1,253
336,616,0,0,254
337,616,0,0,254
338,616,0,0,254
339,616,0,0,254
340,616,0,0,254
341,616,0,0,254
342,616,0,0,254
343,616,0,0,254
344,616,9,0,255
345,616,0,0,240
346,616,0,0,252
1210,616,4,0,253
1211,616,1,6,255
1212,616,0,1,253
1213,616,2,2,255
1214,616,0,0,245
1215,616,6,6,254
1216,616,0,0,254
1217,616,0,0,254
1218,616,0,0,254
1219,616,0,0,254
1220,616,0,0,254
1221,616,0,0,254
1222,616,0,0,254
1223,616,0,0,254
1224,616,0,0,254
1225,616,0,0,254
1226,616,0,0,254
1227,616,0,0,254
1228,616,0,0,254
1229,616,0,0,254
1230,616,0,0,254
1231,616,0,0,254
1232,616,0,0,254
1233,616,0,0,254
1234,616,0,0,254
1235,616,0,0,254
1236,616,0,0,254
1237,616,0,0,254
1238,616,0,0,254
1239,616,0,0,254
1240,616,0,0,254
1241,616,0,0,254
1242,616,0,0,254
1243,616,0,0,254
1244,616,0,0,254
1245,616,0,0,254
1246,616,0,0,254
1247,616,0,0,254
1248,616,0,0,254
1249,616,0,0,254
1250,616,0,0,254
1251,616,0,0,254
1252,616,0,0,254
1253,616,0,0,254
1254,616,0,0,254
1255,616,0,0,254
1256,616,1,3,244
1257,616,0,0,251
1258,616,4,4,255
1259,616,1,0,253
1260,616,9,0,253
1261,616,5,0,248
1262,616,4,4,255
1263,616,0,2,254
1264,616,8,0,246
1265,616,5,0,254
1266,616,0,0,250
1267,616,3,4,255
1268,616,0,0,249
1269,616,0,0,251
1270,616,10,4,250
1271,616,7,0,252
1272,616,0,5,254
1273,616,0,3,252
1274,616,0,3,255
1275,616,0,0,241
1276,616,0,0,243
1277,616,4,2,253
1278,616,2,0,254
1279,616,0,0,251
1280,616,7,4,255
1281,616,0,0,248
1282,616,5,2,255
1283,616,7,1,255
1284,616,6,0,255
1285,616,3,0,253
1286,616,3,0,250
1287,616,5,0,254
1288,616,0,2,244
1289,616,0,0,254
1290,616,0,0,248
1291,616,8,5,255
1292,616,2,1,255
1293,616,0,0,253
1294,616,0,1,248
1295,616,0,2,244
1296,616,0,0,252
1297,616,3,8,255
1298,616,0,0,244
1299,616,0,4,251
1300,616,0,0,251
1301,616,0,3,254
1302,616,0,0,249
1303,616,0,3,255
1304,616,4,3,255
1305,616,0,0,251
1306,616,1,0,252
1307,616,2,1,253
1308,616,2,0,254
1309,616,0,0,252
1310,616,2,0,254
1311,616,2,0,254
1312,616,0,2,252
1313,616,0,2,254
1314,616,2,1,242
1315,616,6,0,253
1316,616,8,0,254
1317,616,6,0,255
1318,616,2,1,252
1319,616,0,0,253
329,617,10,0,255
330,617,6,0,255
331,617,0,4,254
332,617,5,0,254
333,617,0,3,244
334,617,5,4,255
335,617,0,0,244
336,617,0,0,254
337,617,0,0,254
338,617,0,0,254
339,617,0,0,254
340,617,0,0,254
341,617,0,0,254
342,617,0,0,254
343,617,0,0,254
344,617,7,4,255
345,617,0,2,244
346,617,1,6,255
347,617,7,0,254
1209,617,12,0,238
1210,617,6,2,247
1211,617,0,2,255
1212,617,0,2,249
1213,617,0,0,251
1214,617,6,5,255
1215,617,0,0,254
1216,617,0,0,254
1217,617,0,0,254
1218,617,0,0,254
1219,617,0,0,254
1220,617,0,0,254
1221,617,0,0,254
1222,617,0,0,254
1223,617,0,0,254
1224,617,0,0,254
1225,617,0,0,254
1226,617,0,0,254
1227,617,0,0,254
1228,617,0,0,254
1229,617,0,0,254
1230,617,0,0,254
1231,617,0,0,254
1232,617,0,0,254
1233,617,0,0,254
1234,617,0,0,254
1235,617,0,0,254
1236,617,0,0,254
1237,617,0,0,254
1238,617,0,0,254
1239,617,0,0,254
1240,617,0,0,254
1241,617,0,0,254
1242,617,0,0,254
1243,617,0,0,254
1244,617,0,0,254
1245,617,0,0,254
1246,617,0,0,254
1247,617,0,0,254
1248,617,0,0,254
1249,617,0,0,254
1250,617,0,0,254
1251,617,0,0,254
1252,617,0,0,254
1253,617,0,0,254
1254,617,0,0,254
1255,617,0,0,254
1256,617,0,0,253
1257,617,0,0,251
1258,617,0,3,248
1259,617,0,0,237
1260,617,8,0,255
1261,617,8,0,255
1262,617,0,0,242
1263,617,0,0,252
1264,617,3,2,254
1265,617,0,1,254
1266,617,0,4,246
1267,617,0,1,250
1268,617,2,1,255
1269,617,0,0,248
1270,617,0,3,254
1271,617,0,4,246
1272,617,0,0,249
1273,617,2,0,254
1274,617,8,7,255
1275,617,4,3,254
1276,617,0,0,251
1277,617,0,0,253
1278,617,0,0,248
1279,617,6,6,255
1280,617,0,0,252
1281,617,0,0,242
1282,617,5,9,254
1283,617,0,0,252
1284,617,0,0,253
1285,617,0,0,236
1286,617,5,0,255
1290,617,7,0,252
1291,617,0,2,255
1292,617,0,2,240
1293,617,2,7,255
1294,617,6,4,255
1295,617,7,0,254
1296,617,0,0,250
1297,617,2,1,255
1298,617,4,3,255
1299,617,4,3,255
1300,617,2,3,253
1301,617,0,0,235
1302,617,2,2,255
1303,617,0,0,251
1304,617,0,0,252
1305,617,5,8,247
1306,617,0,1,251
1307,617,0,2,255
1308,617,0,0,252
1309,617,1,6,255
1310,617,0,4,252
1311,617,0,5,240
1312,617,4,0,251
1313,617,8,2,255
1314,617,0,0,252
1315,617,0,1,249
1316,617,0,0,249
1317,617,0,5,255
1318,617,0,3,252
1319,617,0,0,251
330,618,6,0,253
331,618,3,0,252
332,618,0,5,251
333,618,3,0,255
334,618,0,0,247
335,618,4,3,254
336,618,0,0,254
337,618,0,0,254
338,618,0,0,254
339,618,0,0,254
340,618,0,0,254
341,618,0,0,254
342,618,0,0,254
343,618,0,0,254
344,618,3,0,239
345,618,3,2,255
346,618,4,6,238
347,618,12,0,253
1013,618,13,0,255
1014,618,1,0,242
1015,618,0,6,252
1016,618,0,11,255
1017,618,0,4,255
1018,618,0,0,237
1019,618,7,0,252
1186,618,8,0,254
1187,618,6,9,255
1188,618,0,0,250
1189,618,0,0,248
1190,618,0,8,238
1191,618,0,3,255
1192,618,0,16,255
1193,618,0,0,251
1194,618,0,0,236
1195,618,0,3,255
1196,618,3,2,253
1207,618,5,0,253
1208,618,7,0,250
1209,618,9,0,249
1210,618,0,0,235
1211,618,0,1,251
1212,618,2,2,255
1213,618,1,0,254
1214,618,0,1,246
1215,618,0,2,244
1216,618,0,0,254
1217,618,0,0,254
1218,618,0,0,254
1219,618,0,0,254
1220,618,0,0,254
1221,618,0,0,254
1222,618,0,0,254
1223,618,0,0,254
1224,618,0,0,254
1225,618,0,0,254
1226,618,0,0,254
1227,618,0,0,254
1228,618,0,0,254
1229,618,0,0,254
1230,618,0,0,254
1231,618,0,0,254
1232,618,0,0,254
1233,618,0,0,254
1234,618,0,0,254
1235,618,0,0,254
1236,618,0,0,254
1237,618,0,0,254
1238,618,0,0,254
1239,618,0,0,254
1240,618,0,0,254
1241,618,0,0,254
1242,618,0,0,254
1243,618,0,0,254
1244,618,0,0,254
1245,618,0,0,254
1246,618,0,0,254
1247,618,0,0,254
1248,618,0,0,254
1249,618,0,0,254
1250,618,0,0,254
1251,618,0,0,254
1252,618,0,0,254
1253,618,0,0,254
1254,618,0,0,254
1255,618,0,0,254
1256,618,0,0,251
1257,618,2,2,255
1258,618,0,1,253
1259,618,1,1,255
1260,618,2,0,254
1261,618,2,0,254
1262,618,0,2,245
1263,618,0,5,255
1264,618,0,0,252
1265,618,0,0,252
1266,618,2,1,255
1267,618,0,0,251
1268,618,0,9,255
1269,618,0,3,250
1270,618,3,2,255
1271,618,9,0,254
1272,618,3,0,253
1273,618,7,7,255
1274,618,0,0,250
1275,618,0,2,248
1276,618,0,7,255
1277,618,0,0,252
1278,618,0,1,233
1279,618,5,1,248
1280,618,0,3,253
1281,618,0,5,255
1282,618,0,0,234
1283,618,13,1,251
1291,618,5,0,248
1292,618,4,0,253
1293,618,2,0,249
1294,618,5,0,255
1295,618,6,0,255
1296,618,3,0,248
1297,618,3,0,237
1298,618,4,0,249
1299,618,5,0,254
1300,618,1,0,250
1301,618,7,0,255
1302,618,0,0,249
1303,618,7,0,251
1304,618,6,0,249
1305,618,13,0,255
1307,618,2,0,239
1308,618,2,0,254
1309,618,0,0,242
1310,618,0,4,248
1311,618,0,2,254
1312,618,12,2,255
1313,618,4,3,247
1314,618,0,0,252
1315,618,0,2,254
1316,618,0,3,255
1317,618,8,0,252
1318,618,13,0,252
331,619,2,1,255
332,619,0,3,251
333,619,0,7,239
334,619,1,0,253
335,619,2,1,255
336,619,0,0,254
337,619,0,0,254
338,619,0,0,254
339,619,0,0,254
340,619,0,0,254
341,619,0,0,254
342,619,0,0,254
343,619,0,0,254
344,619,3,0,255
345,619,0,0,249
346,619,0,5,244
347,619,0,1,246
348,619,0,0,253
349,619,0,0,254
350,619,0,7,255
351,619,0,2,238
1010,619,17,0,255
1011,619,1,0,244
1012,619,0,5,249
1013,619,0,0,251
1014,619,0,0,252
1015,619,4,0,254
1016,619,4,0,242
1017,619,0,0,253
1018,619,0,3,252
1019,619,0,1,253
1020,619,5,4,255
1021,619,6,0,249
1185,619,14,0,252
1186,619,3,0,248
1187,619,1,6,255
1188,619,0,0,250
1189,619,0,4,255
1190,619,0,0,242
1191,619,0,0,252
1192,619,0,2,250
1193,619,0,0,250
1194,619,8,0,255
1195,619,0,0,250
1196,619,0,0,251
1197,619,6,0,240
1206,619,18,0,255
1207,619,1,4,255
1208,619,6,6,255
1209,619,3,3,255
1210,619,0,0,248
1211,619,7,6,255
1212,619,3,2,255
1213,619,0,1,242
1214,619,4,7,255
1215,619,0,4,255
1216,619,0,0,254
1217,619,0,0,254
1218,619,0,0,254
1219,619,0,0,254
1220,619,0,0,254
1221,619,0,0,254
1222,619,0,0,254
1223,619,0,0,254
1224,619,0,0,254
1225,619,0,0,254
1226,619,0,0,254
1227,619,0,0,254
1228,619,0,0,254
1229,619,0,0,254
1230,619,0,0,254
1231,619,0,0,254
1232,619,0,0,254
1233,619,0,0,254
1234,619,0,0,254
1235,619,0,0,254
1236,619,0,0,254
1237,619,0,0,254
1238,619,0,0,254
1239,619,0,0,254
1240,619,0,0,254
1241,619,0,0,254
1242,619,0,0,254
1243,619,0,0,254
1244,619,0,0,254
1245,619,0,0,254
1246,619,0,0,254
1247,619,0,0,254
1248,619,0,0,254
1249,619,0,0,254
1250,619,0,0,254
1251,619,0,0,254
1252,619,0,0,254
1253,619,0,0,254
1254,619,0,0,254
1255,619,0,0,254
1256,619,0,0,254
1257,619,3,3,249
1258,619,0,2,246
1259,619,0,0,254
1260,619,0,0,249
1261,619,0,1,250
1262,619,0,0,251
1263,619,1,4,241
1264,619,1,0,250
1265,619,0,2,255
1266,619,0,4,252
1267,619,0,1,248
1268,619,3,3,247
1269,619,4,0,249
1270,619,0,0,251
1271,619,0,6,255
1272,619,6,0,255
1273,619,2,0,254
1274,619,0,0,248
1275,619,5,8,255
1276,619,0,0,247
1277,619,6,0,241
1278,619,9,0,249
1293,619,11,0,251
1294,619,4,3,255
1295,619,0,0,251
1296,619,0,4,253
1297,619,0,2,254
1298,619,0,0,252
1299,619,4,0,254
1300,619,11,0,255
1301,619,14,0,254
1309,619,5,0,250
1310,619,6,0,255
1311,619,5,2,255
1312,619,1,0,254
1313,619,0,1,237
1314,619,0,0,248
1315,619,0,12,245
1316,619,0,1,253
1317,619,3,0,252
331,620,13,0,255
332,620,2,2,255
333,620,0,2,254
334,620,7,4,245
335,620,3,0,255
336,620,0,0,254
337,620,0,0,254
338,620,0,0,254
339,620,0,0,254
340,620,0,0,254
341,620,0,0,254
342,620,0,0,254
343,620,0,0,254
344,620,0,2,255
345,620,0,4,250
346,620,0,5,255
347,620,0,5,255
348,620,0,0,251
349,620,1,0,253
350,620,0,0,238
351,620,0,3,250
352,620,0,4,245
353,620,0,0,253
354,620,11,0,253
1009,620,12,0,243
1010,620,2,0,250
1011,620,0,0,251
1012,620,0,3,247
1013,620,1,10,255
1014,620,4,5,255
1015,620,5,0,254
1016,620,7,0,252
1017,620,8,1,255
1018,620,0,0,234
1019,620,0,6,255
1020,620,0,0,250
1021,620,2,0,249
1022,620,16,0,254
1026,620,14,0,254
1027,620,11,0,255
1028,620,4,0,254
1029,620,0,0,252
1030,620,0,2,254
1031,620,0,4,253
1062,620,0,0,246
1063,620,2,5,255
1064,620,0,4,255
1065,620,0,1,254
1066,620,1,0,251
1067,620,12,0,255
1179,620,20,4,255
1180,620,4,0,254
1181,620,0,0,251
1182,620,0,0,249
1183,620,0,6,249
1184,620,7,1,255
1185,620,0,0,246
1186,620,0,2,243
1187,620,0,1,247
1188,620,0,3,252
1189,620,2,1,255
1190,620,6,0,255
1191,620,10,0,253
1192,620,3,0,253
1193,620,0,0,247
1194,620,0,0,248
1195,620,6,0,255
1196,620,0,0,247
1197,620,2,1,255
1198,620,17,0,255
1201,620,8,0,253
1202,620,0,7,255
1203,620,0,5,255
1204,620,1,2,253
1205,620,6,0,253
1206,620,4,1,254
1207,620,0,0,250
1208,620,0,2,253
1209,620,0,4,246
1210,620,2,2,255
1211,620,4,3,255
1212,620,0,0,243
1213,620,0,0,243
1214,620,0,1,254
1215,620,0,1,250
1216,620,0,0,254
1217,620,0,0,254
1218,620,0,0,254
1219,620,0,0,254
1220,620,0,0,254
1221,620,0,0,254
1222,620,0,0,254
1223,620,0,0,254
1224,620,0,0,254
1225,620,0,0,254
1226,620,0,0,254
1227,620,0,0,254
1228,620,0,0,254
1229,620,0,0,254
1230,620,0,0,254
1231,620,0,0,254
1232,620,0,0,254
1233,620,0,0,254
1234,620,0,0,254
1235,620,0,0,254
1236,620,0,0,254
1237,620,0,0,254
1238,620,0,0,254
1239,620,0,0,254
1240,620,0,0,254
1241,620,0,0,254
1242,620,0,0,254
1243,620,0,0,254
1244,620,0,0,254
1245,620,0,0,254
1246,620,0,0,254
1247,620,0,0,254
1248,620,0,0,254
1249,620,0,0,254
1250,620,0,0,254
1251,620,0,0,254
1252,620,0,0,254
1253,620,0,0,254
1254,620,0,0,254
1255,620,0,0,254
1256,620,1,1,255
1257,620,1,0,251
1258,620,0,4,255
1259,620,1,1,255
1260,620,0,0,242
1261,620,0,0,252
1262,620,12,0,255
1263,620,8,0,255
1264,620,9,0,249
1269,620,4,0,250
1270,620,1,5,254
1271,620,0,4,246
1272,620,0,0,247
1273,620,1,0,251
1274,620,0,0,241
1275,620,0,5,255
1276,620,0,4,254
1277,620,0,0,249
1278,620,12,0,255
1312,620,1,7,241
1313,620,0,0,254
1314,620,0,0,253
1315,620,4,0,253
332,621,5,0,250
333,621,8,0,254
334,621,0,0,244
335,621,0,0,250
336,621,0,0,254
337,621,0,0,254
338,621,0,0,254
339,621,0,0,254
340,621,0,0,254
341,621,0,0,254
342,621,0,0,254
343,621,0,0,254
344,621,2,0,254
345,621,3,2,255
346,621,0,0,247
347,621,0,0,250
348,621,3,3,239
349,621,2,0,254
350,621,9,8,255
351,621,1,1,255
352,621,1,0,252
353,621,5,5,253
354,621,3,3,249
355,621,2,0,251
356,621,15,0,255
1003,621,3,0,248
1004,621,0,2,255
1005,621,0,0,247
1006,621,1,1,255
1007,621,0,0,235
1008,621,0,3,245
1009,621,1,4,255
1010,621,6,0,255
1011,621,10,0,255
1012,621,6,0,253
1013,621,3,0,255
1014,621,0,0,249
1015,621,0,0,250
1016,621,0,0,253
1017,621,0,2,242
1018,621,0,0,251
1019,621,2,7,255
1020,621,5,10,255
1021,621,0,2,247
1022,621,0,0,251
1023,621,2,2,255
1024,621,7,0,251
1025,621,0,0,249
1026,621,7,0,255
1027,621,1,0,250
1028,621,5,0,254
1029,621,4,0,249
1030,621,3,0,237
1031,621,3,0,248
1032,621,9,0,249
1061,621,10,0,247
1062,621,1,0,253
1063,621,0,2,253
1064,621,0,0,249
1065,621,0,5,255
1066,621,0,0,250
1067,621,1,0,250
1068,621,17,1,255
1069,621,15,0,253
1169,621,3,0,250
1170,621,6,1,244
1171,621,0,0,238
1172,621,8,2,255
1173,621,2,0,240
1174,621,0,0,251
1175,621,0,0,245
1176,621,16,0,255
1178,621,13,1,247
1179,621,3,0,247
1180,621,6,0,255
1181,621,5,4,255
1182,621,7,7,255
1183,621,0,0,251
1184,621,2,0,247
1185,621,1,0,253
1186,621,4,2,253
1187,621,8,5,255
1188,621,0,0,252
1189,621,2,5,232
1190,621,0,0,252
1191,621,5,5,255
1192,621,8,1,254
1193,621,0,4,248
1194,621,0,5,255
1195,621,8,1,255
1196,621,12,4,255
1197,621,2,1,255
1198,621,3,0,224
1200,621,18,0,255
1201,621,4,0,252
1202,621,0,4,246
1203,621,0,2,244
1204,621,3,3,255
1205,621,5,0,254
1206,621,5,0,254
1207,621,5,2,255
1208,621,0,0,251
1209,621,1,6,255
1210,621,0,0,248
1211,621,3,3,247
1212,621,0,3,245
1213,621,0,5,244
1214,621,0,0,253
1215,621,0,0,247
1216,621,0,0,254
1217,621,0,0,254
1218,621,0,0,254
1219,621,0,0,254
1220,621,0,0,254
1221,621,0,0,254
1222,621,0,0,254
1223,621,0,0,254
1224,621,0,0,254
1225,621,0,0,254
1226,621,0,0,254
1227,621,0,0,254
1228,621,0,0,254
1229,621,0,0,254
1230,621,0,0,254
1231,621,0,0,254
1232,621,0,0,254
1233,621,0,0,254
1234,621,0,0,254
1235,621,0,0,254
1236,621,0,0,254
1237,621,0,0,254
1238,621,0,0,254
1239,621,0,0,254
1240,621,0,0,254
1241,621,0,0,254
1242,621,0,0,254
1243,621,0,0,254
1244,621,0,0,254
1245,621,0,0,254
1246,621,0,0,254
1247,621,0,0,254
1248,621,0,0,254
1249,621,0,0,254
1250,621,0,0,254
1251,621,0,0,254
1252,621,0,0,254
1253,621,0,0,254
1254,621,0,0,254
1255,621,0,0,254
1256,621,0,2,255
1257,621,0,0,245
1258,621,0,2,254
1259,621,2,2,255
1260,621,6,5,255
1261,621,0,5,241
1270,621,11,1,248
1271,621,0,0,249
1272,621,0,4,253
1273,621,0,9,249
1274,621,0,7,255
1275,621,0,0,252
1276,621,12,1,251
333,622,2,0,248
334,622,5,0,254
335,622,0,0,254
336,622,0,0,254
337,622,0,0,254
338,622,0,0,254
339,622,0,0,254
340,622,0,0,254
341,622,0,0,254
342,622,0,0,254
343,622,0,0,254
344,622,0,6,255
345,622,0,0,250
346,622,1,4,255
347,622,2,2,255
348,622,3,0,255
349,622,0,0,240
350,622,0,0,248
351,622,10,0,255
352,622,0,0,253
353,622,1,0,250
354,622,9,3,255
355,622,5,0,254
356,622,0,0,248
357,622,3,2,255
358,622,0,0,240
359,622,0,0,252
1002,622,7,0,245
1003,622,6,0,255
1004,622,0,1,253
1005,622,0,1,253
1006,622,0,1,250
1007,622,7,8,255
1008,622,0,0,253
1009,622,0,2,255
1010,622,0,0,251
1011,622,1,4,255
1012,622,0,0,241
1013,622,0,2,237
1014,622,5,4,255
1015,622,0,0,252
1016,622,0,3,255
1017,622,0,4,253
1018,622,0,0,250
1019,622,0,0,251
1020,622,0,0,251
1021,622,3,3,247
1022,622,0,0,253
1023,622,0,2,244
1024,622,0,0,251
1025,622,2,2,255
1026,622,0,0,235
1027,622,2,3,253
1028,622,4,3,255
1029,622,4,3,255
1030,622,2,1,255
1031,622,0,0,250
1032,622,3,1,250
1033,622,9,0,255
1056,622,0,1,240
1057,622,0,1,254
1058,622,1,1,255
1059,622,0,0,246
1060,622,0,0,251
1061,622,6,5,255
1062,622,2,1,252
1063,622,0,1,251
1064,622,0,1,248
1065,622,1,4,255
1066,622,0,0,252
1067,622,2,5,255
1068,622,0,3,255
1069,622,0,0,250
1070,622,5,6,254
1071,622,0,0,251
1167,622,5,0,250
1168,622,0,0,239
1169,622,5,2,255
1170,622,3,0,255
1171,622,0,0,248
1172,622,4,4,255
1173,622,0,0,249
1174,622,4,7,255
1175,622,0,1,254
1176,622,9,3,255
1177,622,0,0,249
1178,622,2,0,254
1179,622,1,1,247
1180,622,0,0,253
1181,622,0,1,246
1182,622,2,3,254
1183,622,0,0,249
1184,622,2,5,255
1185,622,0,2,255
1186,622,0,0,250
1187,622,2,3,251
1188,622,0,0,250
1189,622,0,0,252
1190,622,1,1,255
1191,622,0,0,250
1192,622,7,0,254
1193,622,5,4,255
1194,622,0,0,244
1195,622,4,4,255
1196,622,0,0,249
1197,622,0,0,246
1198,622,0,3,255
1199,622,0,3,247
1200,622,0,1,252
1201,622,0,5,255
1202,622,0,0,252
1203,622,0,0,242
1204,622,3,0,252
1205,622,4,0,254
1206,622,0,0,245
1207,622,0,0,252
1208,622,0,1,250
1209,622,0,0,251
1210,622,6,4,253
1211,622,1,1,255
1212,622,0,0,250
1213,622,0,2,254
1214,622,0,0,254
1215,622,8,2,255
1216,622,0,0,254
1217,622,0,0,254
1218,622,0,0,254
1219,622,0,0,254
1220,622,0,0,254
1221,622,0,0,254
1222,622,0,0,254
1223,622,0,0,254
1224,622,0,0,254
1225,622,0,0,254
1226,622,0,0,254
1227,622,0,0,254
1228,622,0,0,254
1229,622,0,0,254
1230,622,0,0,254
1231,622,0,0,254
1232,622,0,0,254
1233,622,0,0,254
1234,622,0,0,254
1235,622,0,0,254
1236,622,0,0,254
1237,622,0,0,254
1238,622,0,0,254
1239,622,0,0,254
1240,622,0,0,254
1241,622,0,0,254
1242,622,0,0,254
1243,622,0,0,254
1244,622,0,0,254
1245,622,0,0,254
1246,622,0,0,254
1247,622,0,0,254
1248,622,0,0,254
1249,622,0,0,254
1250,622,0,0,254
1251,622,0,0,254
1252,622,0,0,254
1253,622,0,0,254
1254,622,0,0,254
1255,622,0,0,254
1256,622,0,3,249
1257,622,15,5,255
1258,622,0,0,251
1259,622,1,0,254
1260,622,1,0,253
1261,622,0,0,250
334,623,2,1,255
335,623,4,3,255
336,623,0,0,254
337,623,0,0,254
338,623,0,0,254
339,623,0,0,254
340,623,0,0,254
341,623,0,0,254
342,623,0,0,254
343,623,0,0,254
344,623,0,0,252
345,623,0,0,241
346,623,6,5,255
347,623,0,0,249
348,623,0,3,255
349,623,0,3,255
350,623,0,0,247
351,623,0,8,251
352,623,0,2,255
353,623,0,3,243
354,623,0,0,249
355,623,0,1,253
356,623,0,2,249
357,623,0,3,252
358,623,0,0,254
359,623,3,2,255
360,623,25,0,254
998,623,15,0,255
999,623,7,0,242
1000,623,5,2,255
1001,623,0,0,249
1002,623,1,1,255
1003,623,0,4,243
1004,623,2,3,253
1005,623,7,6,255
1006,623,0,0,250
1007,623,4,0,254
1008,623,0,3,252
1009,623,0,0,251
1010,623,3,3,249
1011,623,3,2,244
1012,623,1,0,251
1013,623,0,0,252
1014,623,0,1,252
1015,623,0,3,255
1016,623,7,1,255
1017,623,0,0,251
1018,623,1,0,254
1019,623,4,5,255
1020,623,0,0,248
1021,623,0,3,255
1022,623,0,5,244
1023,623,0,0,254
1024,623,0,3,255
1025,623,0,0,249
1026,623,0,3,254
1027,623,0,0,251
1028,623,0,4,251
1029,623,0,0,244
1030,623,3,8,255
1031,623,0,0,252
1032,623,2,7,255
1033,623,1,0,246
1034,623,10,0,245
1054,623,15,0,255
1055,623,7,0,242
1056,623,9,0,254
1057,623,7,0,255
1058,623,0,0,254
1059,623,0,0,250
1060,623,0,4,255
1061,623,0,2,254
1062,623,0,2,242
1063,623,0,0,252
1064,623,4,3,255
1065,623,0,0,251
1066,623,0,0,248
1067,623,1,2,252
1068,623,0,0,246
1069,623,6,6,255
1070,623,0,0,242
1071,623,0,0,249
1072,623,25,0,254
1166,623,10,0,255
1167,623,0,0,252
1168,623,3,2,255
1169,623,1,1,255
1170,623,0,1,249
1171,623,0,0,252
1172,623,0,3,255
1173,623,0,0,251
1174,623,0,7,255
1175,623,0,0,248
1176,623,0,2,247
1177,623,0,3,255
1178,623,0,0,253
1179,623,1,4,255
1180,623,0,3,254
1181,623,0,0,254
1182,623,0,0,243
1183,623,2,2,255
1184,623,0,0,249
1185,623,4,1,255
1186,623,0,0,251
1187,623,0,1,254
1188,623,0,3,242
1189,623,0,0,247
1190,623,7,7,255
1191,623,0,0,246
1192,623,0,0,251
1193,623,1,5,250
1194,623,0,0,252
1195,623,0,4,246
1196,623,0,0,252
1197,623,13,0,255
1198,623,2,0,249
1199,623,0,9,254
1200,623,0,1,253
1201,623,0,5,247
1202,623,0,1,246
1203,623,0,0,253
1204,623,0,0,251
1205,623,1,4,255
1206,623,0,0,253
1207,623,3,5,250
1208,623,5,5,253
1209,623,4,0,254
1210,623,3,0,246
1211,623,3,3,255
1212,623,0,2,248
1213,623,0,0,248
1214,623,3,5,250
1215,623,10,0,255
1216,623,0,0,254
1217,623,0,0,254
1218,623,0,0,254
1219,623,0,0,254
1220,623,0,0,254
1221,623,0,0,254
1222,623,0,0,254
1223,623,0,0,254
1224,623,0,0,254
1225,623,0,0,254
1226,623,0,0,254
1227,623,0,0,254
1228,623,0,0,254
1229,623,0,0,254
1230,623,0,0,254
1231,623,0,0,254
1232,623,0,0,254
1233,623,0,0,254
1234,623,0,0,254
1235,623,0,0,254
1236,623,0,0,254
1237,623,0,0,254
1238,623,0,0,254
1239,623,0,0,254
1240,623,0,0,254
1241,623,0,0,254
1242,623,0,0,254
1243,623,0,0,254
1244,623,0,0,254
1245,623,0,0,254
1246,623,0,0,254
1247,623,0,0,254
1248,623,0,0,254
1249,623,0,0,254
1250,623,0,0,254
1251,623,0,0,254
1252,623,0,0,254
1253,623,0,0,254
1254,623,0,0,254
1255,623,0,0,254
1256,623,0,2,254
1257,623,3,0,249
1258,623,0,7,254
1259,623,3,0,255
1260,623,7,2,254
1261,623,2,0,254
335,624,25,0,254
336,624,0,0,251
337,624,8,0,254
338,624,0,6,251
339,624,7,0,240
340,624,0,0,252
341,624,0,2,245
342,624,2,0,254
343,624,0,0,252
344,624,0,0,254
345,624,0,0,254
346,624,0,0,254
347,624,0,0,254
348,624,0,0,254
349,624,0,0,254
350,624,0,0,254
351,624,0,0,254
352,624,0,0,254
353,624,0,0,254
354,624,0,0,254
355,624,0,0,254
356,624,0,0,254
357,624,0,0,254
358,624,0,0,254
359,624,0,0,254
360,624,0,0,254
361,624,0,0,254
362,624,0,0,254
363,624,0,0,254
364,624,0,0,254
365,624,0,0,254
366,624,0,0,254
367,624,0,0,254
368,624,6,7,255
369,624,0,3,251
993,624,5,0,255
994,624,3,0,250
995,624,1,0,253
996,624,4,3,255
997,624,0,0,237
998,624,6,6,255
999,624,0,0,252
1000,624,0,0,254
1001,624,0,0,254
1002,624,0,0,254
1003,624,0,0,254
1004,624,0,0,254
1005,624,0,0,254
1006,624,0,0,254
1007,624,0,0,254
1008,624,0,0,254
1009,624,0,0,254
1010,624,0,0,254
1011,624,0,0,254
1012,624,0,0,254
1013,624,0,0,254
1014,624,0,0,254
1015,624,0,0,254
1016,624,0,0,254
1017,624,0,0,254
1018,624,0,0,254
1019,624,0,0,254
1020,624,0,0,254
1021,624,0,0,254
1022,624,0,0,254
1023,624,0,0,254
1024,624,0,0,254
1025,624,0,0,254
1026,624,0,0,254
1027,624,0,0,254
1028,624,0,0,254
1029,624,0,0,254
1030,624,0,0,254
1031,624,0,0,254
1032,624,0,3,255
1033,624,0,1,254
1034,624,3,1,250
1035,624,11,0,255
1053,624,3,2,255
1054,624,10,0,255
1055,624,8,0,240
1056,624,0,0,254
1057,624,0,0,254
1058,624,0,0,254
1059,624,0,0,254
1060,624,0,0,254
1061,624,0,0,254
1062,624,0,0,254
1063,624,0,0,254
1064,624,0,0,254
1065,624,0,0,254
1066,624,0,0,254
1067,624,0,0,254
1068,624,0,0,254
1069,624,0,0,254
1070,624,0,0,254
1071,624,0,0,254
1072,624,3,6,245
1073,624,3,0,249
1165,624,0,0,242
1166,624,0,0,252
1167,624,7,0,254
1168,624,0,0,254
1169,624,0,0,254
1170,624,0,0,254
1171,624,0,0,254
1172,624,0,0,254
1173,624,0,0,254
1174,624,0,0,254
1175,624,0,0,254
1176,624,0,0,254
1177,624,0,0,254
1178,624,0,0,254
1179,624,0,0,254
1180,624,0,0,254
1181,624,0,0,254
1182,624,0,0,254
1183,624,0,0,254
1184,624,0,0,254
1185,624,0,0,254
1186,624,0,0,254
1187,624,0,0,254
1188,624,0,0,254
1189,624,0,0,254
1190,624,0,0,254
1191,624,0,0,254
1192,624,0,0,254
1193,624,0,0,254
1194,624,0,0,254
1195,624,0,0,254
1196,624,0,0,254
1197,624,0,0,254
1198,624,0,0,254
1199,624,0,0,254
1200,624,0,0,254
1201,624,0,0,254
1202,624,0,0,254
1203,624,0,0,254
1204,624,0,0,254
1205,624,0,0,254
1206,624,0,0,254
1207,624,0,0,254
1208,624,0,0,254
1209,624,0,0,254
1210,624,0,0,254
1211,624,0,0,254
1212,624,0,0,254
1213,624,0,0,254
1214,624,0,0,254
1215,624,0,0,254
1216,624,0,0,254
1217,624,0,0,254
1218,624,0,0,254
1219,624,0,0,254
1220,624,0,0,254
1221,624,0,0,254
1222,624,0,0,254
1223,624,0,0,254
1224,624,0,0,238
1225,624,6,5,249
1226,624,3,0,252
1227,624,4,1,255
1228,624,0,1,247
1229,624,0,9,255
1230,624,0,2,250
1231,624,0,0,253
1232,624,1,0,251
1233,624,2,1,255
1234,624,0,0,249
1235,624,0,3,245
1236,624,0,5,255
1237,624,4,4,255
1238,624,1,0,244
1239,624,1,0,251
1240,624,5,0,252
1241,624,5,0,254
1242,624,2,0,243
1243,624,3,0,255
1244,624,1,0,254
1245,624,0,0,253
1246,624,0,1,236
1247,624,3,2,255
1248,624,0,0,254
1249,624,0,0,254
1250,624,0,0,254
1251,624,0,0,254
1252,624,0,0,254
1253,624,0,0,254
1254,624,0,0,254
1255,624,0,0,254
1256,624,6,0,255
1257,624,7,0,254
1258,624,0,0,252
1259,624,5,8,255
1260,624,0,0,250
1261,624,9,3,255
337,625,0,0,250
338,625,9,1,255
339,625,0,0,249
340,625,7,0,255
341,625,0,3,249
342,625,0,6,254
343,625,3,0,252
344,625,0,0,254
345,625,0,0,254
346,625,0,0,254
347,625,0,0,254
348,625,0,0,254
349,625,0,0,254
350,625,0,0,254
351,625,0,0,254
352,625,0,0,254
353,625,0,0,254
354,625,0,0,254
355,625,0,0,254
356,625,0,0,254
357,625,0,0,254
358,625,0,0,254
359,625,0,0,254
360,625,0,0,254
361,625,0,0,254
362,625,0,0,254
363,625,0,0,254
364,625,0,0,254
365,625,0,0,254
366,625,0,0,254
367,625,0,0,254
368,625,0,0,253
369,625,0,2,248
370,625,8,0,251
371,625,15,1,255
981,625,4,0,251
982,625,0,2,255
983,625,0,5,255
984,625,2,0,254
985,625,2,0,254
986,625,2,0,254
987,625,2,0,254
988,625,2,0,254
989,625,2,0,254
990,625,2,0,254
991,625,2,0,254
992,625,3,0,253
993,625,4,0,251
994,625,1,1,237
995,625,4,1,255
996,625,8,7,255
997,625,3,4,254
998,625,0,0,250
999,625,0,0,250
1000,625,0,0,254
1001,625,0,0,254
1002,625,0,0,254
1003,625,0,0,254
1004,625,0,0,254
1005,625,0,0,254
1006,625,0,0,254
1007,625,0,0,254
1008,625,0,0,254
1009,625,0,0,254
1010,625,0,0,254
1011,625,0,0,254
1012,625,0,0,254
1013,625,0,0,254
1014,625,0,0,254
1015,625,0,0,254
1016,625,0,0,254
1017,625,0,0,254
1018,625,0,0,254
1019,625,0,0,254
1020,625,0,0,254
1021,625,0,0,254
1022,625,0,0,254
1023,625,0,0,254
1024,625,0,0,254
1025,625,0,0,254
1026,625,0,0,254
1027,625,0,0,254
1028,625,0,0,254
1029,625,0,0,254
1030,625,0,0,254
1031,625,0,0,254
1032,625,4,4,255
1033,625,0,0,240
1034,625,1,0,251
1035,625,0,0,237
1036,625,8,0,242
1037,625,19,0,254
1052,625,7,0,254
1053,625,0,0,249
1054,625,0,9,255
1055,625,0,0,251
1056,625,0,0,254
1057,625,0,0,254
1058,625,0,0,254
1059,625,0,0,254
1060,625,0,0,254
1061,625,0,0,254
1062,625,0,0,254
1063,625,0,0,254
1064,625,0,0,254
1065,625,0,0,254
1066,625,0,0,254
1067,625,0,0,254
1068,625,0,0,254
1069,625,0,0,254
1070,625,0,0,254
1071,625,0,0,254
1072,625,2,9,255
1073,625,0,0,250
1074,625,14,2,255
1100,625,3,0,244
1101,625,0,2,246
1102,625,0,2,254
1103,625,2,1,252
1113,625,12,0,252
1114,625,2,1,255
1115,625,0,6,250
1116,625,0,6,250
1117,625,2,1,255
1118,625,12,0,252
1165,625,1,0,254
1166,625,0,0,252
1167,625,6,0,255
1168,625,0,0,254
1169,625,0,0,254
1170,625,0,0,254
1171,625,0,0,254
1172,625,0,0,254
1173,625,0,0,254
1174,625,0,0,254
1175,625,0,0,254
1176,625,0,0,254
1177,625,0,0,254
1178,625,0,0,254
1179,625,0,0,254
1180,625,0,0,254
1181,625,0,0,254
1182,625,0,0,254
1183,625,0,0,254
1184,625,0,0,254
1185,625,0,0,254
1186,625,0,0,254
1187,625,0,0,254
1188,625,0,0,254
1189,625,0,0,254
1190,625,0,0,254
1191,625,0,0,254
1192,625,0,0,254
1193,625,0,0,254
1194,625,0,0,254
1195,625,0,0,254
1196,625,0,0,254
1197,625,0,0,254
1198,625,0,0,254
1199,625,0,0,254
1200,625,0,0,254
1201,625,0,0,254
1202,625,0,0,254
1203,625,0,0,254
1204,625,0,0,254
1205,625,0,0,254
1206,625,0,0,254
1207,625,0,0,254
1208,625,0,0,254
1209,625,0,0,254
1210,625,0,0,254
1211,625,0,0,254
1212,625,0,0,254
1213,625,0,0,254
1214,625,0,0,254
1215,625,0,0,254
1216,625,0,0,254
1217,625,0,0,254
1218,625,0,0,254
1219,625,0,0,254
1220,625,0,0,254
1221,625,0,0,254
1222,625,0,0,254
1223,625,0,0,254
1224,625,0,6,255
1225,625,0,4,255
1226,625,0,0,244
1227,625,4,1,255
1228,625,3,3,255
1229,625,2,1,255
1230,625,6,0,255
1231,625,5,0,247
1232,625,8,2,255
1233,625,0,0,251
1234,625,3,2,255
1235,625,1,1,255
1236,625,0,0,239
1237,625,4,4,248
1238,625,3,0,251
1239,625,8,0,253
1240,625,5,4,255
1241,625,0,0,253
1242,625,0,2,247
1243,625,2,2,255
1244,625,0,1,254
1245,625,2,5,255
1246,625,0,0,252
1247,625,2,7,246
1248,625,0,0,254
1249,625,0,0,254
1250,625,0,0,254
1251,625,0,0,254
1252,625,0,0,254
1253,625,0,0,254
1254,625,0,0,254
1255,625,0,0,254
1256,625,0,5,241
1257,625,4,1,255
1258,625,0,1,253
1259,625,0,1,253
1260,625,0,0,250
1261,625,3,0,252
337,626,0,1,244
338,626,3,0,255
339,626,2,7,255
340,626,8,0,253
341,626,0,5,255
342,626,0,1,251
343,626,7,0,254
344,626,0,0,254
345,626,0,0,254
346,626,0,0,254
347,626,0,0,254
348,626,0,0,254
349,626,0,0,254
350,626,0,0,254
351,626,0,0,254
352,626,0,0,254
353,626,0,0,254
354,626,0,0,254
355,626,0,0,254
356,626,0,0,254
357,626,0,0,254
358,626,0,0,254
359,626,0,0,254
360,626,0,0,254
361,626,0,0,254
362,626,0,0,254
363,626,0,0,254
364,626,0,0,254
365,626,0,0,254
366,626,0,0,254
367,626,0,0,254
368,626,1,0,239
369,626,5,9,255
370,626,0,0,251
371,626,0,0,248
372,626,0,0,241
980,626,10,0,253
981,626,4,0,253
982,626,0,5,247
983,626,0,0,246
984,626,0,1,254
985,626,0,1,254
986,626,0,1,254
987,626,0,1,254
988,626,0,1,254
989,626,0,1,254
990,626,0,1,254
991,626,0,1,254
992,626,6,0,255
993,626,1,1,239
994,626,0,0,252
995,626,0,0,253
996,626,0,0,236
997,626,1,1,255
998,626,0,0,248
999,626,3,4,254
1000,626,0,0,254
1001,626,0,0,254
1002,626,0,0,254
1003,626,0,0,254
1004,626,0,0,254
1005,626,0,0,254
1006,626,0,0,254
1007,626,0,0,254
1008,626,0,0,254
1009,626,0,0,254
1010,626,0,0,254
1011,626,0,0,254
1012,626,0,0,254
1013,626,0,0,254
1014,626,0,0,254
1015,626,0,0,254
1016,626,0,0,254
1017,626,0,0,254
1018,626,0,0,254
1019,626,0,0,254
1020,626,0,0,254
1021,626,0,0,254
1022,626,0,0,254
1023,626,0,0,254
1024,626,0,0,254
1025,626,0,0,254
1026,626,0,0,254
1027,626,0,0,254
1028,626,0,0,254
1029,626,0,0,254
1030,626,0,0,254
1031,626,0,0,254
1032,626,0,0,243
1033,626,2,1,255
1034,626,3,3,255
1035,626,0,3,255
1036,626,2,5,255
1037,626,0,0,252
1038,626,0,0,250
1039,626,3,1,250
1040,626,0,2,248
1041,626,0,6,255
1042,626,0,6,250
1043,626,4,2,251
1044,626,8,0,254
1045,626,9,0,249
1052,626,0,0,253
1053,626,0,2,255
1054,626,0,3,246
1055,626,0,4,255
1056,626,0,0,254
1057,626,0,0,254
1058,626,0,0,254
1059,626,0,0,254
1060,626,0,0,254
1061,626,0,0,254
1062,626,0,0,254
1063,626,0,0,254
1064,626,0,0,254
1065,626,0,0,254
1066,626,0,0,254
1067,626,0,0,254
1068,626,0,0,254
1069,626,0,0,254
1070,626,0,0,254
1071,626,0,0,254
1072,626,0,0,249
1073,626,0,3,245
1074,626,0,0,248
1075,626,0,0,252
1076,626,9,3,255
1077,626,14,0,255
1098,626,3,0,249
1099,626,3,6,255
1100,626,0,0,248
1101,626,0,0,246
1102,626,0,2,239
1103,626,0,5,255
1104,626,1,0,242
1105,626,3,2,243
1106,626,2,0,254
1107,626,4,1,255
1109,626,0,0,251
1110,626,5,5,241
1111,626,8,5,255
1112,626,0,5,242
1113,626,0,1,253
1114,626,2,5,255
1115,626,0,1,240
1116,626,0,1,240
1117,626,2,5,255
1118,626,0,1,253
1119,626,0,5,242
1120,626,6,0,252
1164,626,6,0,238
1165,626,4,3,255
1166,626,1,4,255
1167,626,0,0,251
1168,626,0,0,254
1169,626,0,0,254
1170,626,0,0,254
1171,626,0,0,254
1172,626,0,0,254
1173,626,0,0,254
1174,626,0,0,254
1175,626,0,0,254
1176,626,0,0,254
1177,626,0,0,254
1178,626,0,0,254
1179,626,0,0,254
1180,626,0,0,254
1181,626,0,0,254
1182,626,0,0,254
1183,626,0,0,254
1184,626,0,0,254
1185,626,0,0,254
1186,626,0,0,254
1187,626,0,0,254
1188,626,0,0,254
1189,626,0,0,254
1190,626,0,0,254
1191,626,0,0,254
1192,626,0,0,254
1193,626,0,0,254
1194,626,0,0,254
1195,626,0,0,254
1196,626,0,0,254
1197,626,0,0,254
1198,626,0,0,254
1199,626,0,0,254
1200,626,0,0,254
1201,626,0,0,254
1202,626,0,0,254
1203,626,0,0,254
1204,626,0,0,254
1205,626,0,0,254
1206,626,0,0,254
1207,626,0,0,254
1208,626,0,0,254
1209,626,0,0,254
1210,626,0,0,254
1211,626,0,0,254
1212,626,0,0,254
1213,626,0,0,254
1214,626,0,0,254
1215,626,0,0,254
1216,626,0,0,254
1217,626,0,0,254
1218,626,0,0,254
1219,626,0,0,254
1220,626,0,0,254
1221,626,0,0,254
1222,626,0,0,254
1223,626,0,0,254
1224,626,0,0,253
1225,626,8,4,251
1226,626,0,0,245
1227,626,5,0,255
1228,626,0,0,251
1229,626,0,0,246
1230,626,0,0,252
1231,626,3,1,250
1232,626,0,2,242
1233,626,0,0,253
1234,626,0,4,254
1235,626,0,0,251
1236,626,0,1,254
1237,626,2,1,253
1238,626,0,0,252
1239,626,8,2,255
1240,626,0,2,255
1241,626,0,0,253
1242,626,0,0,241
1243,626,0,0,252
1244,626,1,0,254
1245,626,1,0,254
1246,626,0,0,253
1247,626,0,0,249
1248,626,0,0,254
1249,626,0,0,254
1250,626,0,0,254
1251,626,0,0,254
1252,626,0,0,254
1253,626,0,0,254
1254,626,0,0,254
1255,626,0,0,254
1256,626,0,1,253
1257,626,3,4,244
1258,626,0,4,251
1259,626,0,4,255
1260,626,2,2,255
1261,626,3,0,240
338,627,0,0,244
339,627,8,0,255
340,627,0,0,249
341,627,0,4,255
342,627,0,3,255
343,627,0,0,249
344,627,0,0,254
345,627,0,0,254
346,627,0,0,254
347,627,0,0,254
348,627,0,0,254
349,627,0,0,254
350,627,0,0,254
351,627,0,0,254
352,627,0,0,254
353,627,0,0,254
354,627,0,0,254
355,627,0,0,254
356,627,0,0,254
357,627,0,0,254
358,627,0,0,254
359,627,0,0,254
360,627,0,0,254
361,627,0,0,254
362,627,0,0,254
363,627,0,0,254
364,627,0,0,254
365,627,0,0,254
366,627,0,0,254
367,627,0,0,254
368,627,6,0,253
369,627,4,0,244
370,627,0,4,255
371,627,0,3,255
372,627,0,5,255
979,627,9,0,255
980,627,5,5,251
981,627,4,0,253
982,627,7,1,255
983,627,0,3,255
984,627,0,2,255
985,627,0,2,255
986,627,0,2,255
987,627,0,2,255
988,627,0,2,255
989,627,0,2,255
990,627,0,2,255
991,627,0,2,255
992,627,0,0,251
993,627,3,0,255
994,627,3,2,255
995,627,0,0,238
996,627,6,5,255
997,627,2,2,255
998,627,0,0,246
999,627,2,3,254
1000,627,0,0,254
1001,627,0,0,254
1002,627,0,0,254
1003,627,0,0,254
1004,627,0,0,254
1005,627,0,0,254
1006,627,0,0,254
1007,627,0,0,254
1008,627,0,0,254
1009,627,0,0,254
1010,627,0,0,254
1011,627,0,0,254
1012,627,0,0,254
1013,627,0,0,254
1014,627,0,0,254
1015,627,0,0,254
1016,627,0,0,254
1017,627,0,0,254
1018,627,0,0,254
1019,627,0,0,254
1020,627,0,0,254
1021,627,0,0,254
1022,627,0,0,254
1023,627,0,0,254
1024,627,0,0,254
1025,627,0,0,254
1026,627,0,0,254
1027,627,0,0,254
1028,627,0,0,254
1029,627,0,0,254
1030,627,0,0,254
1031,627,0,0,254
1032,627,4,5,246
1033,627,0,0,253
1034,627,0,0,251
1035,627,0,1,243
1036,627,0,0,252
1037,627,0,8,255
1038,627,0,0,238
1039,627,0,0,251
1040,627,0,1,254
1041,627,0,1,254
1042,627,1,4,255
1043,627,0,2,255
1044,627,0,2,255
1045,627,0,0,246
1046,627,0,3,255
1047,627,0,2,254
1048,627,10,0,255
1049,627,4,0,250
1051,627,1,0,248
1052,627,7,0,237
1053,627,0,6,252
1054,627,1,0,244
1055,627,2,0,252
1056,627,0,0,254
1057,627,0,0,254
1058,627,0,0,254
1059,627,0,0,254
1060,627,0,0,254
1061,627,0,0,254
1062,627,0,0,254
1063,627,0,0,254
1064,627,0,0,254
1065,627,0,0,254
1066,627,0,0,254
1067,627,0,0,254
1068,627,0,0,254
1069,627,0,0,254
1070,627,0,0,254
1071,627,0,0,254
1072,627,11,1,255
1073,627,0,0,239
1074,627,2,5,255
1075,627,0,1,253
1076,627,0,8,251
1077,627,2,6,253
1078,627,0,0,248
1079,627,9,0,254
1083,627,8,0,246
1084,627,8,0,246
1097,627,7,0,245
1098,627,0,2,255
1099,627,0,5,252
1100,627,3,6,255
1101,627,7,2,245
1102,627,10,0,254
1103,627,8,0,254
1104,627,9,8,255
1105,627,0,0,253
1106,627,0,0,243
1107,627,0,0,250
1108,627,6,5,255
1109,627,1,0,251
1110,627,0,0,251
1111,627,4,4,250
1112,627,0,0,253
1113,627,3,3,251
1114,627,0,0,252
1115,627,0,0,250
1116,627,0,0,250
1117,627,0,0,252
1118,627,3,3,251
1119,627,0,0,253
1120,627,0,0,247
1121,627,14,0,254
1162,627,10,0,253
1163,627,10,1,240
1164,627,6,0,255
1165,627,1,1,245
1166,627,0,1,254
1167,627,3,4,255
1168,627,0,0,254
1169,627,0,0,254
1170,627,0,0,254
1171,627,0,0,254
1172,627,0,0,254
1173,627,0,0,254
1174,627,0,0,254
1175,627,0,0,254
1176,627,0,0,254
1177,627,0,0,254
1178,627,0,0,254
1179,627,0,0,254
1180,627,0,0,254
1181,627,0,0,254
1182,627,0,0,254
1183,627,0,0,254
1184,627,0,0,254
1185,627,0,0,254
1186,627,0,0,254
1187,627,0,0,254
1188,627,0,0,254
1189,627,0,0,254
1190,627,0,0,254
1191,627,0,0,254
1192,627,0,0,254
1193,627,0,0,254
1194,627,0,0,254
1195,627,0,0,254
1196,627,0,0,254
1197,627,0,0,254
1198,627,0,0,254
1199,627,0,0,254
1200,627,0,0,254
1201,627,0,0,254
1202,627,0,0,254
1203,627,0,0,254
1204,627,0,0,254
1205,627,0,0,254
1206,627,0,0,254
1207,627,0,0,254
1208,627,0,0,254
1209,627,0,0,254
1210,627,0,0,254
1211,627,0,0,254
1212,627,0,0,254
1213,627,0,0,254
1214,627,0,0,254
1215,627,0,0,254
1216,627,0,0,254
1217,627,0,0,254
1218,627,0,0,254
1219,627,0,0,254
1220,627,0,0,254
1221,627,0,0,254
1222,627,0,0,254
1223,627,0,0,254
1224,627,1,7,243
1225,627,0,3,255
1226,627,0,0,253
1227,627,3,3,255
1228,627,0,0,254
1229,627,0,0,253
1230,627,0,0,252
1231,627,2,1,253
1232,627,0,0,252
1233,627,2,3,241
1234,627,0,0,252
1235,627,0,4,243
1236,627,0,2,253
1237,627,0,6,249
1238,627,0,4,253
1239,627,0,9,241
1240,627,0,0,246
1241,627,0,3,254
1242,627,0,4,252
1243,627,0,0,252
1244,627,1,5,254
1245,627,0,3,254
1246,627,0,1,254
1247,627,1,6,245
1248,627,0,0,254
1249,627,0,0,254
1250,627,0,0,254
1251,627,0,0,254
1252,627,0,0,254
1253,627,0,0,254
1254,627,0,0,254
1255,627,0,0,254
1256,627,1,1,247
1257,627,7,1,255
1258,627,0,0,252
1259,627,0,0,254
1260,627,7,1,255
1261,627,15,5,255
338,628,7,0,251
339,628,0,0,252
340,628,0,5,253
341,628,2,0,254
342,628,1,0,251
343,628,0,8,254
344,628,0,0,254
345,628,0,0,254
346,628,0,0,254
347,628,0,0,254
348,628,0,0,254
349,628,0,0,254
350,628,0,0,254
351,628,0,0,254
352,628,0,0,254
353,628,0,0,254
354,628,0,0,254
355,628,0,0,254
356,628,0,0,254
357,628,0,0,254
358,628,0,0,254
359,628,0,0,254
360,628,0,0,254
361,628,0,0,254
362,628,0,0,254
363,628,0,0,254
364,628,0,0,254
365,628,0,0,254
366,628,0,0,254
367,628,0,0,254
368,628,3,2,255
369,628,8,0,255
370,628,0,4,236
371,628,6,5,255
372,628,0,3,255
979,628,0,0,251
980,628,0,0,236
981,628,1,5,252
982,628,4,3,255
983,628,0,0,251
984,628,0,0,253
985,628,0,0,253
986,628,0,0,253
987,628,0,0,253
988,628,0,0,253
989,628,0,0,253
990,628,0,0,253
991,628,0,0,253
992,628,6,5,255
993,628,4,3,255
994,628,0,1,236
995,628,4,3,254
996,628,5,4,255
997,628,2,2,255
998,628,6,6,255
999,628,0,0,252
1000,628,0,0,254
1001,628,0,0,254
1002,628,0,0,254
1003,628,0,0,254
1004,628,0,0,254
1005,628,0,0,254
1006,628,0,0,254
1007,628,0,0,254
1008,628,0,0,254
1009,628,0,0,254
1010,628,0,0,254
1011,628,0,0,254
1012,628,0,0,254
1013,628,0,0,254
1014,628,0,0,254
1015,628,0,0,254
1016,628,0,0,254
1017,628,0,0,254
1018,628,0,0,254
1019,628,0,0,254
1020,628,0,0,254
1021,628,0,0,254
1022,628,0,0,254
1023,628,0,0,254
1024,628,0,0,254
1025,628,0,0,254
1026,628,0,0,254
1027,628,0,0,254
1028,628,0,0,254
1029,628,0,0,254
1030,628,0,0,254
1031,628,0,0,254
1032,628,2,2,255
1033,628,0,0,253
1034,628,0,0,251
1035,628,0,0,254
1036,628,1,2,253
1037,628,2,2,255
1038,628,0,2,255
1039,628,0,0,252
1040,628,3,2,253
1041,628,0,0,247
1042,628,2,2,246
1043,628,5,4,255
1044,628,0,0,248
1045,628,0,0,252
1046,628,6,3,255
1047,628,3,0,242
1048,628,0,3,252
1049,628,0,0,248
1050,628,6,0,255
1051,628,0,0,250
1052,628,8,1,255
1053,628,0,0,246
1054,628,14,2,255
1055,628,12,0,255
1056,628,0,0,254
1057,628,0,0,254
1058,628,0,0,254
1059,628,0,0,254
1060,628,0,0,254
1061,628,0,0,254
1062,628,0,0,254
1063,628,0,0,254
1064,628,0,0,254
1065,628,0,0,254
1066,628,0,0,254
1067,628,0,0,254
1068,628,0,0,254
1069,628,0,0,254
1070,628,0,0,254
1071,628,0,0,254
1072,628,8,0,255
1073,628,4,0,253
1074,628,3,1,250
1075,628,0,0,249
1076,628,0,3,255
1077,628,0,2,251
1078,628,2,3,251
1079,628,0,0,251
1080,628,1,0,252
1081,628,0,0,249
1082,628,0,0,250
1083,628,3,3,255
1084,628,3,3,255
1085,628,0,0,250
1086,628,0,0,249
1087,628,1,0,252
1095,628,12,0,255
1096,628,4,3,255
1097,628,4,0,249
1098,628,4,0,245
1099,628,0,0,243
1100,628,0,7,251
1101,628,0,3,253
1102,628,0,0,253
1103,628,7,0,254
1104,628,0,0,253
1105,628,0,0,253
1106,628,0,0,243
1107,628,0,1,254
1108,628,0,3,242
1109,628,0,0,248
1110,628,0,2,255
1111,628,0,2,249
1112,628,9,0,255
1113,628,4,0,254
1114,628,0,4,255
1115,628,0,10,246
1116,628,0,10,246
1117,628,0,4,255
1118,628,4,0,254
1119,628,9,0,255
1120,628,0,4,254
1121,628,4,8,253
1122,628,8,0,255
1123,628,15,0,244
1147,628,16,0,242
1148,628,12,0,255
1149,628,0,0,249
1150,628,1,2,252
1151,628,0,0,247
1152,628,0,0,250
1153,628,4,1,255
1154,628,6,0,251
1155,628,20,0,255
1162,628,4,1,255
1163,628,0,0,253
1164,628,5,2,255
1165,628,3,3,255
1166,628,0,0,244
1167,628,0,1,254
1168,628,0,0,254
1169,628,0,0,254
1170,628,0,0,254
1171,628,0,0,254
1172,628,0,0,254
1173,628,0,0,254
1174,628,0,0,254
1175,628,0,0,254
1176,628,0,0,254
1177,628,0,0,254
1178,628,0,0,254
1179,628,0,0,254
1180,628,0,0,254
1181,628,0,0,254
1182,628,0,0,254
1183,628,0,0,254
1184,628,0,0,254
1185,628,0,0,254
1186,628,0,0,254
1187,628,0,0,254
1188,628,0,0,254
1189,628,0,0,254
1190,628,0,0,254
1191,628,0,0,254
1192,628,0,0,254
1193,628,0,0,254
1194,628,0,0,254
1195,628,0,0,254
1196,628,0,0,254
1197,628,0,0,254
1198,628,0,0,254
1199,628,0,0,254
1200,628,0,0,254
1201,628,0,0,254
1202,628,0,0,254
1203,628,0,0,254
1204,628,0,0,254
1205,628,0,0,254
1206,628,0,0,254
1207,628,0,0,254
1208,628,0,0,254
1209,628,0,0,254
1210,628,0,0,254
1211,628,0,0,254
1212,628,0,0,254
1213,628,0,0,254
1214,628,0,0,254
1215,628,0,0,254
1216,628,0,0,254
1217,628,0,0,254
1218,628,0,0,254
1219,628,0,0,254
1220,628,0,0,254
1221,628,0,0,254
1222,628,0,0,254
1223,628,0,0,254
1224,628,0,0,249
1225,628,3,8,250
1226,628,0,2,255
1227,628,0,0,239
1228,628,3,6,255
1229,628,0,2,247
1230,628,0,4,255
1231,628,0,2,252
1232,628,6,3,255
1233,628,4,1,255
1234,628,2,0,251
1235,628,2,0,251
1236,628,6,3,255
1237,628,0,0,253
1238,628,6,5,255
1239,628,0,0,250
1240,628,0,3,252
1241,628,0,4,255
1242,628,0,0,252
1243,628,4,1,255
1244,628,0,0,248
1245,628,4,1,255
1246,628,4,3,255
1247,628,0,0,249
1248,628,0,0,254
1249,628,0,0,254
1250,628,0,0,254
1251,628,0,0,254
1252,628,0,0,254
1253,628,0,0,254
1254,628,0,0,254
1255,628,0,0,254
1256,628,0,0,249
1257,628,0,0,249
1258,628,0,0,252
1259,628,1,0,246
1260,628,12,0,255
339,629,0,2,245
340,629,0,1,253
341,629,6,0,255
342,629,0,0,252
343,629,0,1,252
344,629,0,0,254
345,629,0,0,254
346,629,0,0,254
347,629,0,0,254
348,629,0,0,254
349,629,0,0,254
350,629,0,0,254
351,629,0,0,254
352,629,0,0,254
353,629,0,0,254
354,629,0,0,254
355,629,0,0,254
356,629,0,0,254
357,629,0,0,254
358,629,0,0,254
359,629,0,0,254
360,629,0,0,254
361,629,0,0,254
362,629,0,0,254
363,629,0,0,254
364,629,0,0,254
365,629,0,0,254
366,629,0,0,254
367,629,0,0,254
368,629,0,0,246
369,629,0,1,254
370,629,0,3,248
371,629,0,0,239
372,629,0,5,255
373,629,7,0,237
978,629,15,0,255
979,629,0,0,251
980,629,0,8,245
981,629,0,7,255
982,629,0,3,255
983,629,0,0,240
984,629,4,0,252
985,629,4,0,252
986,629,4,0,252
987,629,4,0,252
988,629,4,0,252
989,629,4,0,252
990,629,4,0,252
991,629,4,0,252
992,629,0,0,242
993,629,1,1,255
994,629,2,2,255
995,629,1,1,255
996,629,0,0,253
997,629,0,0,252
998,629,0,0,249
999,629,0,0,239
1000,629,0,0,254
1001,629,0,0,254
1002,629,0,0,254
1003,629,0,0,254
1004,629,0,0,254
1005,629,0,0,254
1006,629,0,0,254
1007,629,0,0,254
1008,629,0,0,254
1009,629,0,0,254
1010,629,0,0,254
1011,629,0,0,254
1012,629,0,0,254
1013,629,0,0,254
1014,629,0,0,254
1015,629,0,0,254
1016,629,0,0,254
1017,629,0,0,254
1018,629,0,0,254
1019,629,0,0,254
1020,629,0,0,254
1021,629,0,0,254
1022,629,0,0,254
1023,629,0,0,254
1024,629,0,0,254
1025,629,0,0,254
1026,629,0,0,254
1027,629,0,0,254
1028,629,0,0,254
1029,629,0,0,254
1030,629,0,0,254
1031,629,0,0,254
1032,629,0,3,255
1033,629,2,2,255
1034,629,1,1,249
1035,629,6,4,255
1036,629,4,0,251
1037,629,2,0,252
1038,629,3,2,246
1039,629,0,0,249
1040,629,1,0,254
1041,629,0,0,248
1042,629,0,0,252
1043,629,0,0,242
1044,629,1,6,255
1045,629,0,6,255
1046,629,0,0,252
1047,629,0,6,255
1048,629,0,0,252
1049,629,4,1,254
1050,629,0,6,252
1051,629,3,0,255
1052,629,0,6,255
1053,629,0,0,252
1054,629,0,0,240
1055,629,9,2,255
1056,629,0,0,254
1057,629,0,0,254
1058,629,0,0,254
1059,629,0,0,254
1060,629,0,0,254
1061,629,0,0,254
1062,629,0,0,254
1063,629,0,0,254
1064,629,0,0,254
1065,629,0,0,254
1066,629,0,0,254
1067,629,0,0,254
1068,629,0,0,254
1069,629,0,0,254
1070,629,0,0,254
1071,629,0,0,254
1072,629,3,3,255
1073,629,1,1,255
1074,629,0,0,253
1075,629,4,1,255
1076,629,0,0,243
1077,629,8,2,255
1078,629,7,1,255
1079,629,3,0,253
1080,629,13,0,255
1081,629,3,0,241
1082,629,0,0,253
1083,629,0,2,252
1084,629,0,2,252
1085,629,0,0,253
1086,629,3,0,241
1087,629,13,0,255
1088,629,13,0,255
1094,629,9,3,255
1095,629,0,2,242
1096,629,1,5,254
1097,629,0,0,244
1098,629,2,3,241
1099,629,2,2,255
1100,629,0,0,252
1101,629,0,4,235
1102,629,0,1,253
1103,629,0,2,244
1104,629,0,0,253
1105,629,6,7,255
1106,629,0,0,254
1107,629,2,2,255
1108,629,0,0,245
1109,629,7,8,255
1110,629,0,0,249
1111,629,2,2,255
1112,629,0,3,255
1113,629,0,0,248
1114,629,1,0,253
1115,629,5,0,255
1116,629,5,0,255
1117,629,1,0,253
1118,629,0,0,248
1119,629,0,3,255
1120,629,0,2,254
1121,629,0,3,255
1122,629,0,2,248
1123,629,1,6,255
1124,629,0,1,250
1125,629,0,0,251
1126,629,0,3,254
1127,629,3,7,254
1128,629,0,0,253
1129,629,0,0,253
1130,629,0,0,253
1131,629,0,0,253
1132,629,0,0,253
1133,629,0,0,253
1134,629,0,0,253
1135,629,0,0,253
1136,629,23,0,252
1140,629,9,0,249
1141,629,1,0,251
1142,629,0,0,249
1143,629,0,2,255
1144,629,0,0,249
1145,629,4,8,255
1146,629,0,0,249
1147,629,0,0,239
1148,629,1,0,251
1149,629,4,3,255
1150,629,6,3,255
1151,629,0,0,249
1152,629,0,5,255
1153,629,0,0,250
1154,629,0,2,230
1155,629,0,0,254
1156,629,5,0,255
1157,629,8,2,248
1158,629,5,0,251
1161,629,6,0,252
1162,629,9,14,255
1163,629,0,0,237
1164,629,0,0,253
1165,629,0,1,254
1166,629,0,0,243
1167,629,2,4,247
1168,629,0,0,254
1169,629,0,0,254
1170,629,0,0,254
1171,629,0,0,254
1172,629,0,0,254
1173,629,0,0,254
1174,629,0,0,254
1175,629,0,0,254
1176,629,0,0,254
1177,629,0,0,254
1178,629,0,0,254
1179,629,0,0,254
1180,629,0,0,254
1181,629,0,0,254
1182,629,0,0,254
1183,629,0,0,254
1184,629,0,0,254
1185,629,0,0,254
1186,629,0,0,254
1187,629,0,0,254
1188,629,0,0,254
1189,629,0,0,254
1190,629,0,0,254
1191,629,0,0,254
1192,629,0,0,254
1193,629,0,0,254
1194,629,0,0,254
1195,629,0,0,254
1196,629,0,0,254
1197,629,0,0,254
1198,629,0,0,254
1199,629,0,0,254
1200,629,0,0,254
1201,629,0,0,254
1202,629,0,0,254
1203,629,0,0,254
1204,629,0,0,254
1205,629,0,0,254
1206,629,0,0,254
1207,629,0,0,254
1208,629,0,0,254
1209,629,0,0,254
1210,629,0,0,254
1211,629,0,0,254
1212,629,0,0,254
1213,629,0,0,254
1214,629,0,0,254
1215,629,0,0,254
1216,629,0,0,254
1217,629,0,0,254
1218,629,0,0,254
1219,629,0,0,254
1220,629,0,0,254
1221,629,0,0,254
1222,629,0,0,254
1223,629,0,0,254
1224,629,0,0,248
1225,629,3,0,255
1226,629,0,0,251
1227,629,0,0,236
1228,629,6,5,249
1229,629,0,0,241
1230,629,2,2,255
1231,629,0,0,252
1232,629,0,2,255
1233,629,0,0,246
1234,629,5,5,253
1235,629,0,0,245
1236,629,4,3,247
1237,629,0,0,250
1238,629,5,4,255
1239,629,5,5,255
1240,629,0,2,249
1241,629,0,0,237
1242,629,3,0,253
1243,629,13,4,255
1244,629,9,1,255
1245,629,2,0,250
1246,629,0,0,243
1247,629,0,2,254
1248,629,0,0,254
1249,629,0,0,254
1250,629,0,0,254
1251,629,0,0,254
1252,629,0,0,254
1253,629,0,0,254
1254,629,0,0,254
1255,629,0,0,254
1256,629,3,11,244
1257,629,4,3,255
1258,629,0,0,253
1259,629,13,0,255
339,630,9,0,251
340,630,1,0,251
341,630,1,1,255
342,630,0,0,251
343,630,0,3,255
344,630,0,0,254
345,630,0,0,254
346,630,0,0,254
347,630,0,0,254
348,630,0,0,254
349,630,0,0,254
350,630,0,0,254
351,630,0,0,254
352,630,0,0,254
353,630,0,0,254
354,630,0,0,254
355,630,0,0,254
356,630,0,0,254
357,630,0,0,254
358,630,0,0,254
359,630,0,0,254
360,630,0,0,254
361,630,0,0,254
362,630,0,0,254
363,630,0,0,254
364,630,0,0,254
365,630,0,0,254
366,630,0,0,254
367,630,0,0,254
368,630,0,10,252
369,630,0,4,248
370,630,2,2,255
371,630,0,0,249
372,630,0,0,252
373,630,1,1,255
975,630,21,0,255
976,630,7,0,254
977,630,3,2,255
978,630,0,4,254
979,630,0,5,237
980,630,0,6,255
981,630,0,0,242
982,630,0,5,255
983,630,0,0,247
984,630,1,1,255
985,630,1,1,255
986,630,1,1,255
987,630,1,1,255
988,630,1,1,255
989,630,1,1,255
990,630,1,1,255
991,630,1,1,255
992,630,2,2,255
993,630,0,0,254
994,630,0,0,249
995,630,0,2,247
996,630,7,7,255
997,630,0,0,247
998,630,0,0,249
999,630,2,1,255
1000,630,0,0,254
1001,630,0,0,254
1002,630,0,0,254
1003,630,0,0,254
1004,630,0,0,254
1005,630,0,0,254
1006,630,0,0,254
1007,630,0,0,254
1008,630,0,0,254
1009,630,0,0,254
1010,630,0,0,254
1011,630,0,0,254
1012,630,0,0,254
1013,630,0,0,254
1014,630,0,0,254
1015,630,0,0,254
1016,630,0,0,254
1017,630,0,0,254
1018,630,0,0,254
1019,630,0,0,254
1020,630,0,0,254
1021,630,0,0,254
1022,630,0,0,254
1023,630,0,0,254
1024,630,0,0,254
1025,630,0,0,254
1026,630,0,0,254
1027,630,0,0,254
1028,630,0,0,254
1029,630,0,0,254
1030,630,0,0,254
1031,630,0,0,254
1032,630,0,0,247
1033,630,1,4,255
1034,630,1,1,249
1035,630,0,0,249
1036,630,13,7,255
1037,630,0,0,249
1038,630,2,1,252
1039,630,3,3,247
1040,630,1,0,253
1041,630,3,0,255
1042,630,3,0,255
1043,630,9,8,255
1044,630,0,0,251
1045,630,5,7,252
1046,630,0,0,249
1047,630,0,1,250
1048,630,2,0,254
1049,630,6,0,255
1050,630,0,1,250
1051,630,2,3,244
1052,630,0,2,243
1053,630,0,0,254
1054,630,0,3,255
1055,630,0,0,253
1056,630,0,0,254
1057,630,0,0,254
1058,630,0,0,254
1059,630,0,0,254
1060,630,0,0,254
1061,630,0,0,254
1062,630,0,0,254
1063,630,0,0,254
1064,630,0,0,254
1065,630,0,0,254
1066,630,0,0,254
1067,630,0,0,254
1068,630,0,0,254
1069,630,0,0,254
1070,630,0,0,254
1071,630,0,0,254
1072,630,0,0,252
1073,630,0,4,246
1074,630,0,0,253
1075,630,2,4,249
1076,630,0,0,251
1077,630,3,2,255
1078,630,4,1,255
1079,630,9,8,252
1080,630,0,0,247
1081,630,3,3,255
1082,630,0,0,249
1083,630,2,0,252
1084,630,2,0,252
1085,630,0,0,249
1086,630,3,3,255
1087,630,0,0,247
1088,630,2,0,252
1089,630,0,0,249
1090,630,2,1,255
1091,630,0,0,249
1092,630,0,3,255
1093,630,0,1,240
1094,630,0,5,255
1095,630,0,5,255
1096,630,4,0,253
1097,630,0,0,254
1098,630,0,0,251
1099,630,0,0,251
1100,630,9,4,246
1101,630,5,0,251
1102,630,6,0,255
1103,630,2,5,255
1104,630,1,5,250
1105,630,0,0,245
1106,630,0,0,252
1107,630,0,2,255
1108,630,0,1,254
1109,630,3,6,255
1110,630,0,0,247
1111,630,0,1,250
1112,630,2,1,255
1113,630,4,4,250
1114,630,3,1,252
1115,630,3,0,255
1116,630,3,0,255
1117,630,3,1,252
1118,630,4,4,250
1119,630,2,1,255
1120,630,0,3,250
1121,630,0,0,245
1122,630,0,3,255
1123,630,0,1,254
1124,630,0,0,238
1125,630,4,4,255
1126,630,1,0,252
1127,630,0,0,246
1128,630,1,2,253
1129,630,1,2,253
1130,630,1,2,253
1131,630,1,2,253
1132,630,1,2,253
1133,630,1,2,253
1134,630,1,2,253
1135,630,1,2,253
1136,630,0,5,255
1137,630,0,0,238
1138,630,0,0,250
1139,630,0,0,248
1140,630,2,5,255
1141,630,0,0,254
1142,630,0,0,251
1143,630,0,0,253
1144,630,0,0,249
1145,630,0,1,238
1146,630,1,6,255
1147,630,2,5,255
1148,630,0,0,247
1149,630,0,0,251
1150,630,0,0,241
1151,630,5,1,248
1152,630,0,0,246
1153,630,0,7,255
1154,630,0,4,253
1155,630,0,2,251
1156,630,0,0,252
1157,630,0,0,250
1158,630,3,3,255
1159,630,0,0,252
1160,630,9,0,254
1161,630,2,1,255
1162,630,0,0,252
1163,630,3,6,255
1164,630,2,3,254
1165,630,0,5,249
1166,630,0,2,247
1167,630,0,0,251
1168,630,0,0,254
1169,630,0,0,254
1170,630,0,0,254
1171,630,0,0,254
1172,630,0,0,254
1173,630,0,0,254
1174,630,0,0,254
1175,630,0,0,254
1176,630,0,0,254
1177,630,0,0,254
1178,630,0,0,254
1179,630,0,0,254
1180,630,0,0,254
1181,630,0,0,254
1182,630,0,0,254
1183,630,0,0,254
1184,630,0,0,254
1185,630,0,0,254
1186,630,0,0,254
1187,630,0,0,254
1188,630,0,0,254
1189,630,0,0,254
1190,630,0,0,254
1191,630,0,0,254
1192,630,0,0,254
1193,630,0,0,254
1194,630,0,0,254
1195,630,0,0,254
1196,630,0,0,254
1197,630,0,0,254
1198,630,0,0,254
1199,630,0,0,254
1200,630,0,0,254
1201,630,0,0,254
1202,630,0,0,254
1203,630,0,0,254
1204,630,0,0,254
1205,630,0,0,254
1206,630,0,0,254
1207,630,0,0,254
1208,630,0,0,254
1209,630,0,0,254
1210,630,0,0,254
1211,630,0,0,254
1212,630,0,0,254
1213,630,0,0,254
1214,630,0,0,254
1215,630,0,0,254
1216,630,0,0,254
1217,630,0,0,254
1218,630,0,0,254
1219,630,0,0,254
1220,630,0,0,254
1221,630,0,0,254
1222,630,0,0,254
1223,630,0,0,254
1224,630,0,6,252
1225,630,0,1,252
1226,630,0,5,254
1227,630,6,0,255
1228,630,10,0,246
1238,630,15,0,255
1239,630,1,0,236
1240,630,2,0,254
1241,630,13,7,255
1242,630,5,0,239
1244,630,5,0,251
1245,630,4,0,254
1246,630,0,2,255
1247,630,0,3,244
1248,630,0,0,254
1249,630,0,0,254
1250,630,0,0,254
1251,630,0,0,254
1252,630,0,0,254
1253,630,0,0,254
1254,630,0,0,254
1255,630,0,0,254
1256,630,11,0,255
1257,630,13,0,255
1258,630,4,0,248
340,631,0,0,253
341,631,0,8,255
342,631,0,0,252
343,631,1,0,253
344,631,0,0,254
345,631,0,0,254
346,631,0,0,254
347,631,0,0,254
348,631,0,0,254
349,631,0,0,254
350,631,0,0,254
351,631,0,0,254
352,631,0,0,254
353,631,0,0,254
354,631,0,0,254
355,631,0,0,254
356,631,0,0,254
357,631,0,0,254
358,631,0,0,254
359,631,0,0,254
360,631,0,0,254
361,631,0,0,254
362,631,0,0,254
363,631,0,0,254
364,631,0,0,254
365,631,0,0,254
366,631,0,0,254
367,631,0,0,254
368,631,0,0,252
369,631,1,0,254
370,631,11,2,253
371,631,0,0,247
372,631,4,5,235
373,631,0,7,255
971,631,10,0,241
972,631,6,0,253
973,631,1,0,252
974,631,0,1,239
975,631,0,5,255
976,631,1,2,252
977,631,0,5,255
978,631,0,0,253
979,631,8,0,254
980,631,8,0,253
981,631,3,0,255
982,631,5,4,255
983,631,7,0,254
984,631,0,0,253
985,631,0,0,253
986,631,0,0,253
987,631,0,0,253
988,631,0,0,253
989,631,0,0,253
990,631,0,0,253
991,631,0,0,253
992,631,0,0,247
993,631,0,0,253
994,631,0,0,253
995,631,2,3,254
996,631,0,0,252
997,631,0,0,239
998,631,3,2,255
999,631,3,2,255
1000,631,0,0,254
1001,631,0,0,254
1002,631,0,0,254
1003,631,0,0,254
1004,631,0,0,254
1005,631,0,0,254
1006,631,0,0,254
1007,631,0,0,254
1008,631,0,0,254
1009,631,0,0,254
1010,631,0,0,254
1011,631,0,0,254
1012,631,0,0,254
1013,631,0,0,254
1014,631,0,0,254
1015,631,0,0,254
1016,631,0,0,254
1017,631,0,0,254
1018,631,0,0,254
1019,631,0,0,254
1020,631,0,0,254
1021,631,0,0,254
1022,631,0,0,254
1023,631,0,0,254
1024,631,0,0,254
1025,631,0,0,254
1026,631,0,0,254
1027,631,0,0,254
1028,631,0,0,254
1029,631,0,0,254
1030,631,0,0,254
1031,631,0,0,254
1032,631,0,6,248
1033,631,0,3,255
1034,631,0,0,249
1035,631,3,0,253
1036,631,0,0,249
1037,631,5,5,251
1038,631,0,0,250
1039,631,0,4,253
1040,631,0,5,246
1041,631,0,0,250
1042,631,0,2,255
1043,631,0,0,254
1044,631,0,0,248
1045,631,1,0,251
1046,631,7,1,249
1047,631,6,0,253
1048,631,3,0,248
1049,631,1,4,255
1050,631,0,0,252
1051,631,0,7,255
1052,631,0,0,254
1053,631,0,8,240
1054,631,0,0,250
1055,631,4,3,254
1056,631,0,0,254
1057,631,0,0,254
1058,631,0,0,254
1059,631,0,0,254
1060,631,0,0,254
1061,631,0,0,254
1062,631,0,0,254
1063,631,0,0,254
1064,631,0,0,254
1065,631,0,0,254
1066,631,0,0,254
1067,631,0,0,254
1068,631,0,0,254
1069,631,0,0,254
1070,631,0,0,254
1071,631,0,0,254
1072,631,6,1,253
1073,631,1,0,253
1074,631,0,0,250
1075,631,0,1,253
1076,631,0,9,243
1077,631,0,0,244
1078,631,0,2,241
1079,631,0,0,250
1080,631,1,1,255
1081,631,0,0,253
1082,631,2,1,255
1083,631,2,1,255
1084,631,2,1,255
1085,631,2,1,255
1086,631,0,0,253
1087,631,1,1,255
1088,631,0,3,252
1089,631,0,3,255
1090,631,0,0,252
1091,631,6,5,255
1092,631,2,0,254
1093,631,1,0,242
1094,631,6,0,252
1095,631,5,0,254
1096,631,0,0,243
1097,631,12,4,255
1098,631,6,0,255
1099,631,1,0,254
1100,631,0,5,251
1101,631,0,0,246
1102,631,1,4,255
1103,631,0,0,252
1104,631,3,2,255
1105,631,0,0,249
1106,631,0,0,244
1107,631,5,4,255
1108,631,0,0,246
1109,631,0,0,249
1110,631,2,3,244
1111,631,4,3,255
1112,631,0,4,255
1113,631,0,0,252
1114,631,0,1,253
1115,631,0,0,250
1116,631,0,0,250
1117,631,0,1,253
1118,631,0,0,252
1119,631,0,4,255
1120,631,1,4,255
1121,631,0,0,251
1122,631,7,6,255
1123,631,0,0,222
1124,631,6,3,255
1125,631,5,2,255
1126,631,0,0,253
1127,631,0,0,250
1128,631,0,0,254
1129,631,0,0,254
1130,631,0,0,254
1131,631,0,0,254
1132,631,0,0,254
1133,631,0,0,254
1134,631,0,0,254
1135,631,0,0,254
1136,631,3,0,255
1137,631,1,0,253
1138,631,4,2,249
1139,631,5,4,255
1140,631,0,0,245
1141,631,5,4,255
1142,631,0,0,247
1143,631,4,4,248
1144,631,4,0,254
1145,631,5,0,255
1146,631,2,1,245
1147,631,2,1,255
1148,631,3,5,250
1149,631,0,0,253
1150,631,3,8,255
1151,631,0,2,254
1152,631,5,0,255
1153,631,4,0,252
1154,631,3,0,253
1155,631,4,1,255
1156,631,0,0,246
1157,631,0,0,245
1158,631,9,6,255
1159,631,0,0,245
1160,631,3,4,245
1161,631,0,2,252
1162,631,0,1,253
1163,631,0,0,246
1164,631,4,5,253
1165,631,0,2,250
1166,631,0,3,252
1167,631,6,0,255
1168,631,0,0,254
1169,631,0,0,254
1170,631,0,0,254
1171,631,0,0,254
1172,631,0,0,254
1173,631,0,0,254
1174,631,0,0,254
1175,631,0,0,254
1176,631,0,0,254
1177,631,0,0,254
1178,631,0,0,254
1179,631,0,0,254
1180,631,0,0,254
1181,631,0,0,254
1182,631,0,0,254
1183,631,0,0,254
1184,631,0,0,254
1185,631,0,0,254
1186,631,0,0,254
1187,631,0,0,254
1188,631,0,0,254
1189,631,0,0,254
1190,631,0,0,254
1191,631,0,0,254
1192,631,0,0,254
1193,631,0,0,254
1194,631,0,0,254
1195,631,0,0,254
1196,631,0,0,254
1197,631,0,0,254
1198,631,0,0,254
1199,631,0,0,254
1200,631,0,0,254
1201,631,0,0,254
1202,631,0,0,254
1203,631,0,0,254
1204,631,0,0,254
1205,631,0,0,254
1206,631,0,0,254
1207,631,0,0,254
1208,631,0,0,254
1209,631,0,0,254
1210,631,0,0,254
1211,631,0,0,254
1212,631,0,0,254
1213,631,0,0,254
1214,631,0,0,254
1215,631,0,0,254
1216,631,0,0,254
1217,631,0,0,254
1218,631,0,0,254
1219,631,0,0,254
1220,631,0,0,254
1221,631,0,0,254
1222,631,0,0,254
1223,631,0,0,254
1224,631,0,0,253
1225,631,0,4,248
1226,631,5,5,255
1227,631,8,0,253
1247,631,14,0,253
1248,631,0,0,254
1249,631,0,0,254
1250,631,0,0,254
1251,631,0,0,254
1252,631,0,0,254
1253,631,0,0,254
1254,631,0,0,254
1255,631,0,0,254
341,632,12,0,252
342,632,3,0,237
343,632,0,3,254
344,632,0,0,254
345,632,0,0,246
346,632,5,4,255
347,632,0,0,246
348,632,0,0,246
349,632,5,4,255
350,632,0,0,246
351,632,0,0,254
352,632,0,3,255
353,632,0,0,253
354,632,0,0,244
355,632,3,4,244
356,632,4,4,255
357,632,0,0,251
358,632,0,0,252
359,632,0,4,248
360,632,0,0,254
361,632,0,0,254
362,632,0,0,254
363,632,0,0,254
364,632,0,0,254
365,632,0,0,254
366,632,0,0,254
367,632,0,0,254
368,632,0,3,252
369,632,0,0,249
370,632,0,3,255
371,632,6,3,255
372,632,5,0,255
373,632,0,0,249
969,632,5,0,255
970,632,3,0,250
971,632,1,0,253
972,632,4,3,255
973,632,0,0,237
974,632,6,6,255
975,632,0,0,252
976,632,0,0,254
977,632,0,0,254
978,632,0,0,254
979,632,0,0,254
980,632,0,0,254
981,632,0,0,254
982,632,0,0,254
983,632,0,0,254
984,632,0,0,254
985,632,0,0,254
986,632,0,0,254
987,632,0,0,254
988,632,0,0,254
989,632,0,0,254
990,632,0,0,254
991,632,0,0,254
992,632,0,0,251
993,632,2,0,249
994,632,1,0,254
995,632,5,4,255
996,632,0,0,246
997,632,4,3,255
998,632,0,0,250
999,632,5,6,255
1000,632,0,0,247
1001,632,2,7,255
1002,632,0,1,253
1003,632,0,4,243
1004,632,0,0,246
1005,632,0,1,254
1006,632,0,0,252
1007,632,2,5,255
1008,632,0,0,250
1009,632,2,1,255
1010,632,3,0,253
1011,632,7,0,254
1012,632,8,0,255
1013,632,10,4,250
1014,632,0,0,250
1015,632,3,4,252
1016,632,0,0,249
1017,632,4,1,255
1018,632,0,0,251
1019,632,0,1,254
1020,632,0,3,242
1021,632,0,0,247
1022,632,7,7,255
1023,632,0,0,246
1024,632,0,7,248
1025,632,0,6,253
1026,632,0,0,250
1027,632,2,0,252
1028,632,10,0,255
1029,632,8,2,248
1030,632,2,0,254
1031,632,0,1,251
1032,632,0,0,253
1033,632,0,1,254
1034,632,3,3,255
1035,632,3,2,255
1036,632,0,0,238
1037,632,7,1,255
1038,632,0,0,248
1039,632,9,1,255
1040,632,0,0,254
1041,632,0,0,254
1042,632,0,0,254
1043,632,0,0,254
1044,632,0,0,254
1045,632,0,0,254
1046,632,0,0,254
1047,632,0,0,254
1048,632,0,0,254
1049,632,0,0,254
1050,632,0,0,254
1051,632,0,0,254
1052,632,0,0,254
1053,632,0,0,254
1054,632,0,0,254
1055,632,0,0,254
1056,632,0,0,251
1057,632,2,0,249
1058,632,1,0,254
1059,632,5,4,255
1060,632,0,0,246
1061,632,4,3,255
1062,632,0,0,250
1063,632,5,6,255
1064,632,3,2,246
1065,632,0,0,248
1066,632,5,5,255
1067,632,0,4,253
1068,632,0,0,251
1069,632,0,5,255
1070,632,0,5,255
1071,632,0,3,246
1072,632,0,0,254
1073,632,0,0,254
1074,632,0,0,254
1075,632,0,0,254
1076,632,0,0,254
1077,632,0,0,254
1078,632,0,0,254
1079,632,0,0,254
1080,632,0,0,254
1081,632,0,0,254
1082,632,0,0,254
1083,632,0,0,254
1084,632,0,0,254
1085,632,0,0,254
1086,632,0,0,254
1087,632,0,0,254
1088,632,0,0,254
1089,632,0,0,254
1090,632,0,0,254
1091,632,0,0,254
1092,632,0,0,254
1093,632,0,0,254
1094,632,0,0,254
1095,632,0,0,254
1096,632,0,0,254
1097,632,0,0,254
1098,632,0,0,254
1099,632,0,0,254
1100,632,0,0,254
1101,632,0,0,254
1102,632,0,0,254
1103,632,0,0,254
1104,632,0,0,254
1105,632,0,0,254
1106,632,0,0,254
1107,632,0,0,254
1108,632,0,0,254
1109,632,0,0,254
1110,632,0,0,254
1111,632,0,0,254
1112,632,0,0,254
1113,632,0,0,254
1114,632,0,0,254
1115,632,0,0,254
1116,632,0,0,254
1117,632,0,0,254
1118,632,0,0,254
1119,632,0,0,254
1120,632,0,0,254
1121,632,0,0,254
1122,632,0,0,254
1123,632,0,0,254
1124,632,0,0,254
1125,632,0,0,254
1126,632,0,0,254
1127,632,0,0,254
1128,632,0,0,254
1129,632,0,0,254
1130,632,0,0,254
1131,632,0,0,254
1132,632,0,0,254
1133,632,0,0,254
1134,632,0,0,254
1135,632,0,0,254
1136,632,0,0,254
1137,632,0,0,254
1138,632,0,0,254
1139,632,0,0,254
1140,632,0,0,254
1141,632,0,0,254
1142,632,0,0,254
1143,632,0,0,254
1144,632,0,0,254
1145,632,0,0,254
1146,632,0,0,254
1147,632,0,0,254
1148,632,0,0,254
1149,632,0,0,254
1150,632,0,0,254
1151,632,0,0,254
1152,632,0,0,254
1153,632,0,0,254
1154,632,0,0,254
1155,632,0,0,254
1156,632,0,0,254
1157,632,0,0,254
1158,632,0,0,254
1159,632,0,0,254
1160,632,0,0,254
1161,632,0,0,254
1162,632,0,0,254
1163,632,0,0,254
1164,632,0,0,254
1165,632,0,0,254
1166,632,0,0,254
1167,632,0,0,254
1168,632,1,3,246
1169,632,0,0,252
1170,632,5,0,255
1171,632,8,0,255
1172,632,7,1,255
1173,632,2,1,253
1174,632,2,6,251
1175,632,0,0,248
1176,632,3,0,255
1177,632,0,0,252
1178,632,3,0,255
1179,632,4,2,253
1180,632,1,0,254
1181,632,0,1,249
1182,632,0,0,252
1183,632,0,3,255
1184,632,0,0,252
1185,632,3,4,252
1186,632,0,0,252
1187,632,1,1,255
1188,632,2,1,255
1189,632,4,4,252
1190,632,0,0,252
1191,632,6,5,255
1192,632,0,2,251
1193,632,0,1,250
1194,632,2,2,255
1195,632,4,3,255
1196,632,3,2,255
1197,632,2,3,254
1198,632,0,5,244
1199,632,0,0,251
1200,632,3,4,255
1201,632,0,0,249
1202,632,0,0,254
1203,632,4,5,255
1204,632,2,5,255
1205,632,0,0,252
1206,632,2,6,253
1207,632,0,0,252
1208,632,2,0,242
1209,632,8,0,255
1210,632,4,1,254
1211,632,0,0,252
1212,632,0,0,253
1213,632,3,2,253
1214,632,7,7,253
1215,632,3,1,250
1216,632,0,0,252
1217,632,5,5,255
1218,632,1,1,255
1219,632,0,0,252
1220,632,0,0,252
1221,632,0,1,240
1222,632,6,5,255
1223,632,1,0,253
1224,632,0,2,253
1225,632,3,0,237
1226,632,13,0,253
343,633,14,0,255
344,633,0,8,253
345,633,1,1,255
346,633,10,0,252
349,633,10,0,252
350,633,1,1,255
351,633,0,8,253
352,633,1,1,255
353,633,0,0,242
354,633,0,0,254
355,633,0,0,247
356,633,2,1,255
357,633,6,6,255
358,633,0,1,254
359,633,0,3,254
360,633,0,0,254
361,633,0,0,254
362,633,0,0,254
363,633,0,0,254
364,633,0,0,254
365,633,0,0,254
366,633,0,0,254
367,633,0,0,254
368,633,0,0,252
369,633,4,3,255
370,633,0,0,238
371,633,0,0,244
372,633,6,0,254
373,633,0,0,250
968,633,3,0,253
969,633,4,0,251
970,633,1,1,237
971,633,4,1,255
972,633,8,7,255
973,633,3,4,254
974,633,0,0,250
975,633,0,0,250
976,633,0,0,254
977,633,0,0,254
978,633,0,0,254
979,633,0,0,254
980,633,0,0,254
981,633,0,0,254
982,633,0,0,254
983,633,0,0,254
984,633,0,0,254
985,633,0,0,254
986,633,0,0,254
987,633,0,0,254
988,633,0,0,254
989,633,0,0,254
990,633,0,0,254
991,633,0,0,254
992,633,3,8,255
993,633,0,0,239
994,633,0,5,255
995,633,0,3,255
996,633,0,0,253
997,633,0,0,241
998,633,0,0,248
999,633,0,0,253
1000,633,2,5,242
1001,633,0,0,252
1002,633,9,9,255
1003,633,0,0,251
1004,633,3,2,255
1005,633,6,5,255
1006,633,0,0,250
1007,633,1,0,251
1008,633,0,1,244
1009,633,8,9,255
1010,633,0,0,250
1011,633,0,1,252
1012,633,0,0,253
1013,633,0,1,251
1014,633,0,0,247
1015,633,0,2,253
1016,633,2,5,255
1017,633,0,2,255
1018,633,0,0,250
1019,633,2,3,251
1020,633,0,0,250
1021,633,0,0,252
1022,633,1,1,255
1023,633,0,0,250
1024,633,10,0,253
1025,633,9,0,255
1026,633,0,0,247
1027,633,0,3,250
1028,633,0,4,253
1029,633,0,0,247
1030,633,0,3,255
1031,633,0,0,246
1032,633,0,3,255
1033,633,1,6,246
1034,633,0,0,229
1035,633,6,5,255
1036,633,5,4,255
1037,633,0,0,250
1038,633,0,1,251
1039,633,2,11,252
1040,633,0,0,254
1041,633,0,0,254
1042,633,0,0,254
1043,633,0,0,254
1044,633,0,0,254
1045,633,0,0,254
1046,633,0,0,254
1047,633,0,0,254
1048,633,0,0,254
1049,633,0,0,254
1050,633,0,0,254
1051,633,0,0,254
1052,633,0,0,254
1053,633,0,0,254
1054,633,0,0,254
1055,633,0,0,254
1056,633,3,8,255
1057,633,0,0,239
1058,633,0,5,255
1059,633,0,3,255
1060,633,0,0,253
1061,633,0,0,241
1062,633,0,0,248
1063,633,0,0,253
1064,633,0,1,245
1065,633,0,5,255
1066,633,0,0,251
1067,633,0,1,246
1068,633,0,0,248
1069,633,2,0,252
1070,633,4,0,243
1071,633,5,0,255
1072,633,0,0,254
1073,633,0,0,254
1074,633,0,0,254
1075,633,0,0,254
1076,633,0,0,254
1077,633,0,0,254
1078,633,0,0,254
1079,633,0,0,254
1080,633,0,0,254
1081,633,0,0,254
1082,633,0,0,254
1083,633,0,0,254
1084,633,0,0,254
1085,633,0,0,254
1086,633,0,0,254
1087,633,0,0,254
1088,633,0,0,254
1089,633,0,0,254
1090,633,0,0,254
1091,633,0,0,254
1092,633,0,0,254
1093,633,0,0,254
1094,633,0,0,254
1095,633,0,0,254
1096,633,0,0,254
1097,633,0,0,254
1098,633,0,0,254
1099,633,0,0,254
1100,633,0,0,254
1101,633,0,0,254
1102,633,0,0,254
1103,633,0,0,254
1104,633,0,0,254
1105,633,0,0,254
1106,633,0,0,254
1107,633,0,0,254
1108,633,0,0,254
1109,633,0,0,254
1110,633,0,0,254
1111,633,0,0,254
1112,633,0,0,254
1113,633,0,0,254
1114,633,0,0,254
1115,633,0,0,254
1116,633,0,0,254
1117,633,0,0,254
1118,633,0,0,254
1119,633,0,0,254
1120,633,0,0,254
1121,633,0,0,254
1122,633,0,0,254
1123,633,0,0,254
1124,633,0,0,254
1125,633,0,0,254
1126,633,0,0,254
1127,633,0,0,254
1128,633,0,0,254
1129,633,0,0,254
1130,633,0,0,254
1131,633,0,0,254
1132,633,0,0,254
1133,633,0,0,254
1134,633,0,0,254
1135,633,0,0,254
1136,633,0,0,254
1137,633,0,0,254
1138,633,0,0,254
1139,633,0,0,254
1140,633,0,0,254
1141,633,0,0,254
1142,633,0,0,254
1143,633,0,0,254
1144,633,0,0,254
1145,633,0,0,254
1146,633,0,0,254
1147,633,0,0,254
1148,633,0,0,254
1149,633,0,0,254
1150,633,0,0,254
1151,633,0,0,254
1152,633,0,0,254
1153,633,0,0,254
1154,633,0,0,254
1155,633,0,0,254
1156,633,0,0,254
1157,633,0,0,254
1158,633,0,0,254
1159,633,0,0,254
1160,633,0,0,254
1161,633,0,0,254
1162,633,0,0,254
1163,633,0,0,254
1164,633,0,0,254
1165,633,0,0,254
1166,633,0,0,254
1167,633,0,0,254
1168,633,0,1,253
1169,633,0,2,249
1170,633,4,3,255
1171,633,1,0,251
1172,633,0,0,235
1173,633,2,0,254
1174,633,0,0,246
1175,633,4,7,255
1176,633,0,2,250
1177,633,0,0,251
1178,633,4,3,255
1179,633,1,0,238
1180,633,7,0,251
1181,633,3,0,253
1182,633,6,6,255
1183,633,0,0,251
1184,633,0,0,251
1185,633,6,7,255
1186,633,0,0,252
1187,633,0,0,253
1188,633,0,0,252
1189,633,0,5,247
1190,633,0,0,245
1191,633,0,0,253
1192,633,0,0,251
1193,633,0,0,252
1194,633,5,0,255
1195,633,2,0,252
1196,633,0,0,250
1197,633,0,0,252
1198,633,0,0,250
1199,633,0,5,254
1200,633,0,0,239
1201,633,0,0,251
1202,633,0,0,252
1203,633,1,1,255
1204,633,0,0,248
1205,633,0,1,237
1206,633,0,2,253
1207,633,0,0,251
1208,633,0,7,255
1209,633,0,2,253
1210,633,0,0,248
1211,633,0,2,255
1212,633,0,0,252
1213,633,6,3,255
1214,633,0,0,248
1215,633,2,0,251
1216,633,14,0,250
1220,633,11,0,250
1221,633,0,0,249
1222,633,2,0,252
1223,633,12,0,254
1224,633,15,0,255
352,634,1,0,246
353,634,5,4,255
354,634,0,1,254
355,634,0,2,255
356,634,0,0,244
357,634,4,3,255
358,634,0,0,249
359,634,0,0,245
360,634,0,0,254
361,634,0,0,254
362,634,0,0,254
363,634,0,0,254
364,634,0,0,254
365,634,0,0,254
366,634,0,0,254
367,634,0,0,254
368,634,3,4,245
369,634,5,4,255
370,634,4,8,253
371,634,0,2,255
372,634,1,2,243
373,634,0,0,247
968,634,6,0,255
969,634,1,1,239
970,634,0,0,252
971,634,0,0,253
972,634,0,0,236
973,634,1,1,255
974,634,0,0,248
975,634,3,4,254
976,634,0,0,254
977,634,0,0,254
978,634,0,0,254
979,634,0,0,254
980,634,0,0,254
981,634,0,0,254
982,634,0,0,254
983,634,0,0,254
984,634,0,0,254
985,634,0,0,254
986,634,0,0,254
987,634,0,0,254
988,634,0,0,254
989,634,0,0,254
990,634,0,0,254
991,634,0,0,254
992,634,4,3,255
993,634,3,2,255
994,634,0,0,245
995,634,0,0,244
996,634,0,1,239
997,634,6,5,255
998,634,2,2,255
999,634,0,0,254
1000,634,0,0,252
1001,634,0,0,249
1002,634,0,0,251
1003,634,0,0,253
1004,634,3,3,251
1005,634,0,0,244
1006,634,2,1,255
1007,634,2,1,255
1008,634,0,8,250
1009,634,0,1,254
1010,634,12,0,238
1015,634,7,0,250
1016,634,2,0,247
1017,634,1,0,253
1018,634,4,2,253
1019,634,8,5,255
1020,634,0,0,252
1021,634,2,5,232
1022,634,0,0,252
1023,634,5,5,255
1024,634,3,2,255
1025,634,0,0,247
1026,634,6,3,255
1027,634,5,3,252
1028,634,0,0,251
1029,634,1,0,254
1030,634,5,5,255
1031,634,6,6,255
1032,634,8,0,243
1033,634,3,0,253
1034,634,0,0,245
1035,634,0,2,245
1036,634,0,0,251
1037,634,0,4,255
1038,634,0,0,250
1039,634,0,0,241
1040,634,0,0,254
1041,634,0,0,254
1042,634,0,0,254
1043,634,0,0,254
1044,634,0,0,254
1045,634,0,0,254
1046,634,0,0,254
1047,634,0,0,254
1048,634,0,0,254
1049,634,0,0,254
1050,634,0,0,254
1051,634,0,0,254
1052,634,0,0,254
1053,634,0,0,254
1054,634,0,0,254
1055,634,0,0,254
1056,634,4,3,255
1057,634,3,2,255
1058,634,0,0,245
1059,634,0,0,244
1060,634,0,1,239
1061,634,6,5,255
1062,634,2,2,255
1063,634,0,0,254
1064,634,2,1,255
1065,634,4,1,255
1066,634,0,0,246
1067,634,3,1,248
1068,634,1,0,251
1069,634,0,0,253
1070,634,0,0,251
1071,634,2,1,255
1072,634,0,0,254
1073,634,0,0,254
1074,634,0,0,254
1075,634,0,0,254
1076,634,0,0,254
1077,634,0,0,254
1078,634,0,0,254
1079,634,0,0,254
1080,634,0,0,254
1081,634,0,0,254
1082,634,0,0,254
1083,634,0,0,254
1084,634,0,0,254
1085,634,0,0,254
1086,634,0,0,254
1087,634,0,0,254
1088,634,0,0,254
1089,634,0,0,254
1090,634,0,0,254
1091,634,0,0,254
1092,634,0,0,254
1093,634,0,0,254
1094,634,0,0,254
1095,634,0,0,254
1096,634,0,0,254
1097,634,0,0,254
1098,634,0,0,254
1099,634,0,0,254
1100,634,0,0,254
1101,634,0,0,254
1102,634,0,0,254
1103,634,0,0,254
1104,634,0,0,254
1105,634,0,0,254
1106,634,0,0,254
1107,634,0,0,254
1108,634,0,0,254
1109,634,0,0,254
1110,634,0,0,254
1111,634,0,0,254
1112,634,0,0,254
1113,634,0,0,254
1114,634,0,0,254
1115,634,0,0,254
1116,634,0,0,254
1117,634,0,0,254
1118,634,0,0,254
1119,634,0,0,254
1120,634,0,0,254
1121,634,0,0,254
1122,634,0,0,254
1123,634,0,0,254
1124,634,0,0,254
1125,634,0,0,254
1126,634,0,0,254
1127,634,0,0,254
1128,634,0,0,254
1129,634,0,0,254
1130,634,0,0,254
1131,634,0,0,254
1132,634,0,0,254
1133,634,0,0,254
1134,634,0,0,254
1135,634,0,0,254
1136,634,0,0,254
1137,634,0,0,254
1138,634,0,0,254
1139,634,0,0,254
1140,634,0,0,254
1141,634,0,0,254
1142,634,0,0,254
1143,634,0,0,254
1144,634,0,0,254
1145,634,0,0,254
1146,634,0,0,254
1147,634,0,0,254
1148,634,0,0,254
1149,634,0,0,254
1150,634,0,0,254
1151,634,0,0,254
1152,634,0,0,254
1153,634,0,0,254
1154,634,0,0,254
1155,634,0,0,254
1156,634,0,0,254
1157,634,0,0,254
1158,634,0,0,254
1159,634,0,0,254
1160,634,0,0,254
1161,634,0,0,254
1162,634,0,0,254
1163,634,0,0,254
1164,634,0,0,254
1165,634,0,0,254
1166,634,0,0,254
1167,634,0,0,254
1168,634,0,6,253
1169,634,0,1,253
1170,634,0,2,254
1171,634,3,3,255
1172,634,0,0,252
1173,634,1,0,254
1174,634,4,3,255
1175,634,0,0,252
1176,634,0,5,251
1177,634,0,3,255
1178,634,5,8,243
1179,634,2,1,255
1180,634,6,3,255
1181,634,2,0,254
1182,634,0,0,237
1183,634,0,0,253
1184,634,0,2,253
1185,634,0,0,248
1186,634,3,2,243
1187,634,5,0,252
1188,634,13,0,238
1191,634,17,0,252
1192,634,7,1,255
1193,634,0,0,229
1194,634,10,9,255
1195,634,3,5,250
1196,634,0,0,252
1197,634,0,0,254
1198,634,5,4,255
1199,634,0,0,247
1200,634,6,0,255
1201,634,10,4,255
1202,634,0,0,250
1203,634,7,1,255
1204,634,1,0,242
1205,634,7,1,255
1206,634,7,1,255
1207,634,2,0,236
1208,634,1,4,255
1209,634,5,3,254
1210,634,9,0,254
352,635,8,0,254
353,635,3,2,246
354,635,0,0,252
355,635,0,3,245
356,635,0,0,250
357,635,8,2,255
358,635,0,0,246
359,635,7,5,255
360,635,0,0,254
361,635,0,0,254
362,635,0,0,254
363,635,0,0,254
364,635,0,0,254
365,635,0,0,254
366,635,0,0,254
367,635,0,0,254
368,635,1,0,251
369,635,0,0,243
370,635,4,7,255
371,635,0,0,250
372,635,0,0,252
373,635,3,0,255
968,635,0,0,251
969,635,3,0,255
970,635,3,2,255
971,635,0,0,238
972,635,6,5,255
973,635,2,2,255
974,635,0,0,246
975,635,2,3,254
976,635,0,0,254
977,635,0,0,254
978,635,0,0,254
979,635,0,0,254
980,635,0,0,254
981,635,0,0,254
982,635,0,0,254
983,635,0,0,254
984,635,0,0,254
985,635,0,0,254
986,635,0,0,254
987,635,0,0,254
988,635,0,0,254
989,635,0,0,254
990,635,0,0,254
991,635,0,0,254
992,635,0,2,254
993,635,0,2,244
994,635,0,4,255
995,635,0,3,255
996,635,0,0,252
997,635,0,3,255
998,635,0,0,245
999,635,1,5,254
1000,635,7,0,254
1001,635,3,0,252
1002,635,5,0,252
1003,635,1,0,253
1004,635,0,0,245
1005,635,0,2,247
1006,635,2,7,247
1007,635,0,0,248
1016,635,7,1,255
1017,635,0,0,246
1018,635,0,2,243
1019,635,0,1,247
1020,635,0,3,252
1021,635,2,1,255
1022,635,6,0,255
1023,635,10,0,253
1024,635,7,0,253
1025,635,4,0,254
1026,635,3,3,255
1027,635,0,2,246
1028,635,0,5,254
1029,635,0,7,248
1030,635,0,0,240
1031,635,0,0,250
1032,635,7,0,255
1033,635,0,0,233
1034,635,2,0,252
1035,635,3,2,254
1036,635,0,0,247
1037,635,4,3,255
1038,635,5,4,255
1039,635,2,1,255
1040,635,0,0,254
1041,635,0,0,254
1042,635,0,0,254
1043,635,0,0,254
1044,635,0,0,254
1045,635,0,0,254
1046,635,0,0,254
1047,635,0,0,254
1048,635,0,0,254
1049,635,0,0,254
1050,635,0,0,254
1051,635,0,0,254
1052,635,0,0,254
1053,635,0,0,254
1054,635,0,0,254
1055,635,0,0,254
1056,635,0,2,254
1057,635,0,2,244
1058,635,0,4,255
1059,635,0,3,255
1060,635,0,0,252
1061,635,0,3,255
1062,635,0,0,245
1063,635,1,5,254
1064,635,0,0,245
1065,635,5,0,253
1066,635,6,0,255
1067,635,2,0,254
1068,635,0,0,245
1069,635,1,3,246
1070,635,1,7,253
1071,635,0,2,254
1072,635,0,0,254
1073,635,0,0,254
1074,635,0,0,254
1075,635,0,0,254
1076,635,0,0,254
1077,635,0,0,254
1078,635,0,0,254
1079,635,0,0,254
1080,635,0,0,254
1081,635,0,0,254
1082,635,0,0,254
1083,635,0,0,254
1084,635,0,0,254
1085,635,0,0,254
1086,635,0,0,254
1087,635,0,0,254
1088,635,0,0,254
1089,635,0,0,254
1090,635,0,0,254
1091,635,0,0,254
1092,635,0,0,254
1093,635,0,0,254
1094,635,0,0,254
1095,635,0,0,254
1096,635,0,0,254
1097,635,0,0,254
1098,635,0,0,254
1099,635,0,0,254
1100,635,0,0,254
1101,635,0,0,254
1102,635,0,0,254
1103,635,0,0,254
1104,635,0,0,254
1105,635,0,0,254
1106,635,0,0,254
1107,635,0,0,254
1108,635,0,0,254
1109,635,0,0,254
1110,635,0,0,254
1111,635,0,0,254
1112,635,0,0,254
1113,635,0,0,254
1114,635,0,0,254
1115,635,0,0,254
1116,635,0,0,254
1117,635,0,0,254
1118,635,0,0,254
1119,635,0,0,254
1120,635,0,0,254
1121,635,0,0,254
1122,635,0,0,254
1123,635,0,0,254
1124,635,0,0,254
1125,635,0,0,254
1126,635,0,0,254
1127,635,0,0,254
1128,635,0,0,254
1129,635,0,0,254
1130,635,0,0,254
1131,635,0,0,254
1132,635,0,0,254
1133,635,0,0,254
1134,635,0,0,254
1135,635,0,0,254
1136,635,0,0,254
1137,635,0,0,254
1138,635,0,0,254
1139,635,0,0,254
1140,635,0,0,254
1141,635,0,0,254
1142,635,0,0,254
1143,635,0,0,254
1144,635,0,0,254
1145,635,0,0,254
1146,635,0,0,254
1147,635,0,0,254
1148,635,0,0,254
1149,635,0,0,254
1150,635,0,0,254
1151,635,0,0,254
1152,635,0,0,254
1153,635,0,0,254
1154,635,0,0,254
1155,635,0,0,254
1156,635,0,0,254
1157,635,0,0,254
1158,635,0,0,254
1159,635,0,0,254
1160,635,0,0,254
1161,635,0,0,254
1162,635,0,0,254
1163,635,0,0,254
1164,635,0,0,254
1165,635,0,0,254
1166,635,0,0,254
1167,635,0,0,254
1168,635,0,0,250
1169,635,1,6,255
1170,635,0,0,244
1171,635,0,4,244
1172,635,0,0,250
1173,635,0,3,255
1174,635,0,0,245
1175,635,0,2,255
1176,635,12,3,254
1177,635,1,0,244
1178,635,0,3,255
1179,635,0,1,252
1180,635,0,0,244
1181,635,3,3,251
1182,635,14,4,255
1192,635,0,5,244
1193,635,2,9,255
1194,635,0,0,237
1195,635,2,0,252
1196,635,3,0,249
1197,635,5,0,252
1198,635,1,2,252
1199,635,0,0,251
1200,635,0,0,252
1201,635,3,6,255
1202,635,1,4,255
1203,635,0,0,252
1204,635,0,0,253
1205,635,0,2,244
1206,635,0,0,250
1207,635,1,2,253
1208,635,0,0,249
1209,635,4,0,251
353,636,6,0,241
354,636,2,5,255
355,636,0,2,254
356,636,2,2,255
357,636,7,1,255
358,636,13,7,255
359,636,0,0,247
360,636,0,0,254
361,636,0,0,254
362,636,0,0,254
363,636,0,0,254
364,636,0,0,254
365,636,0,0,254
366,636,0,0,254
367,636,0,0,254
368,636,4,0,254
369,636,0,0,233
370,636,3,2,255
371,636,0,0,249
372,636,3,5,246
373,636,0,0,251
967,636,11,0,248
968,636,6,5,255
969,636,4,3,255
970,636,0,1,236
971,636,4,3,254
972,636,5,4,255
973,636,2,2,255
974,636,6,6,255
975,636,0,0,252
976,636,0,0,254
977,636,0,0,254
978,636,0,0,254
979,636,0,0,254
980,636,0,0,254
981,636,0,0,254
982,636,0,0,254
983,636,0,0,254
984,636,0,0,254
985,636,0,0,254
986,636,0,0,254
987,636,0,0,254
988,636,0,0,254
989,636,0,0,254
990,636,0,0,254
991,636,0,0,254
992,636,0,2,254
993,636,0,4,255
994,636,0,0,252
995,636,4,5,253
996,636,0,0,250
997,636,3,0,255
998,636,7,1,255
999,636,1,0,246
1000,636,0,0,246
1001,636,5,8,255
1002,636,4,1,238
1003,636,5,0,243
1017,636,14,0,252
1018,636,3,0,248
1019,636,1,6,255
1020,636,0,0,250
1021,636,0,4,255
1022,636,0,0,242
1023,636,0,0,252
1024,636,0,0,251
1025,636,0,0,252
1026,636,1,1,255
1027,636,1,0,248
1028,636,8,2,255
1029,636,2,0,249
1030,636,4,3,255
1031,636,1,1,255
1032,636,0,1,247
1033,636,0,2,254
1034,636,8,2,255
1035,636,6,0,240
1036,636,14,2,255
1037,636,3,0,253
1038,636,0,3,255
1039,636,0,4,246
1040,636,0,0,254
1041,636,0,0,254
1042,636,0,0,254
1043,636,0,0,254
1044,636,0,0,254
1045,636,0,0,254
1046,636,0,0,254
1047,636,0,0,254
1048,636,0,0,254
1049,636,0,0,254
1050,636,0,0,254
1051,636,0,0,254
1052,636,0,0,254
1053,636,0,0,254
1054,636,0,0,254
1055,636,0,0,254
1056,636,0,2,254
1057,636,0,4,255
1058,636,0,0,252
1059,636,4,5,253
1060,636,0,0,250
1061,636,3,0,255
1062,636,7,1,255
1063,636,1,0,246
1064,636,0,0,252
1065,636,2,5,255
1066,636,3,2,255
1067,636,0,0,251
1068,636,6,4,253
1069,636,4,3,255
1070,636,7,7,255
1071,636,0,0,252
1072,636,0,0,254
1073,636,0,0,254
1074,636,0,0,254
1075,636,0,0,254
1076,636,0,0,254
1077,636,0,0,254
1078,636,0,0,254
1079,636,0,0,254
1080,636,0,0,254
1081,636,0,0,254
1082,636,0,0,254
1083,636,0,0,254
1084,636,0,0,254
1085,636,0,0,254
1086,636,0,0,254
1087,636,0,0,254
1088,636,0,0,254
1089,636,0,0,254
1090,636,0,0,254
1091,636,0,0,254
1092,636,0,0,254
1093,636,0,0,254
1094,636,0,0,254
1095,636,0,0,254
1096,636,0,0,254
1097,636,0,0,254
1098,636,0,0,254
1099,636,0,0,254
1100,636,0,0,254
1101,636,0,0,254
1102,636,0,0,254
1103,636,0,0,254
1104,636,0,0,254
1105,636,0,0,254
1106,636,0,0,254
1107,636,0,0,254
1108,636,0,0,254
1109,636,0,0,254
1110,636,0,0,254
1111,636,0,0,254
1112,636,0,0,254
1113,636,0,0,254
1114,636,0,0,254
1115,636,0,0,254
1116,636,0,0,254
1117,636,0,0,254
1118,636,0,0,254
1119,636,0,0,254
1120,636,0,0,254
1121,636,0,0,254
1122,636,0,0,254
1123,636,0,0,254
1124,636,0,0,254
1125,636,0,0,254
1126,636,0,0,254
1127,636,0,0,254
1128,636,0,0,254
1129,636,0,0,254
1130,636,0,0,254
1131,636,0,0,254
1132,636,0,0,254
1133,636,0,0,254
1134,636,0,0,254
1135,636,0,0,254
1136,636,0,0,254
1137,636,0,0,254
1138,636,0,0,254
1139,636,0,0,254
1140,636,0,0,254
1141,636,0,0,254
1142,636,0,0,254
1143,636,0,0,254
1144,636,0,0,254
1145,636,0,0,254
1146,636,0,0,254
1147,636,0,0,254
1148,636,0,0,254
1149,636,0,0,254
1150,636,0,0,254
1151,636,0,0,254
1152,636,0,0,254
1153,636,0,0,254
1154,636,0,0,254
1155,636,0,0,254
1156,636,0,0,254
1157,636,0,0,254
1158,636,0,0,254
1159,636,0,0,254
1160,636,0,0,254
1161,636,0,0,254
1162,636,0,0,254
1163,636,0,0,254
1164,636,0,0,254
1165,636,0,0,254
1166,636,0,0,254
1167,636,0,0,254
1168,636,3,0,255
1169,636,4,3,247
1170,636,0,0,253
1171,636,0,5,245
1172,636,0,1,254
1173,636,0,1,253
1174,636,0,3,253
1175,636,0,3,241
1176,636,0,0,247
1177,636,0,0,249
1178,636,0,0,250
1179,636,2,5,255
1180,636,1,0,251
1181,636,11,0,255
1193,636,9,0,255
1194,636,1,1,255
1195,636,0,10,255
1196,636,0,5,254
1197,636,0,0,251
1198,636,0,0,252
1199,636,3,0,244
1200,636,0,0,248
1201,636,0,0,240
1202,636,0,0,249
1203,636,6,9,255
1204,636,0,1,250
1205,636,0,0,254
1206,636,6,6,255
1207,636,2,2,255
1208,636,13,1,255
353,637,15,0,250
354,637,0,0,254
355,637,0,6,255
356,637,0,0,253
357,637,0,0,249
358,637,5,0,255
359,637,3,2,253
360,637,0,0,254
361,637,0,0,254
362,637,0,0,254
363,637,0,0,254
364,637,0,0,254
365,637,0,0,254
366,637,0,0,254
367,637,0,0,254
368,637,5,2,255
369,637,0,0,242
370,637,8,2,255
371,637,0,2,255
372,637,0,3,255
373,637,2,2,255
967,637,2,0,250
968,637,0,0,242
969,637,1,1,255
970,637,2,2,255
971,637,1,1,255
972,637,0,0,253
973,637,0,0,252
974,637,0,0,249
975,637,0,0,239
976,637,0,0,254
977,637,0,0,254
978,637,0,0,254
979,637,0,0,254
980,637,0,0,254
981,637,0,0,254
982,637,0,0,254
983,637,0,0,254
984,637,0,0,254
985,637,0,0,254
986,637,0,0,254
987,637,0,0,254
988,637,0,0,254
989,637,0,0,254
990,637,0,0,254
991,637,0,0,254
992,637,2,0,235
993,637,6,0,255
994,637,0,0,238
995,637,0,0,252
996,637,6,8,251
997,637,0,0,241
998,637,0,0,249
999,637,0,0,251
1000,637,22,0,255
1018,637,8,0,254
1019,637,6,9,255
1020,637,0,0,250
1021,637,0,0,248
1022,637,0,8,238
1023,637,0,3,255
1024,637,0,4,250
1025,637,1,0,253
1026,637,14,0,238
1031,637,10,0,250
1032,637,4,1,254
1033,637,4,3,255
1034,637,0,0,249
1035,637,0,0,249
1036,637,0,3,255
1037,637,1,6,255
1038,637,0,0,249
1039,637,2,5,255
1040,637,0,0,254
1041,637,0,0,254
1042,637,0,0,254
1043,637,0,0,254
1044,637,0,0,254
1045,637,0,0,254
1046,637,0,0,254
1047,637,0,0,254
1048,637,0,0,254
1049,637,0,0,254
1050,637,0,0,254
1051,637,0,0,254
1052,637,0,0,254
1053,637,0,0,254
1054,637,0,0,254
1055,637,0,0,254
1056,637,2,0,235
1057,637,6,0,255
1058,637,0,0,238
1059,637,0,0,252
1060,637,6,8,251
1061,637,0,0,241
1062,637,0,0,249
1063,637,0,0,251
1064,637,7,0,254
1065,637,9,0,255
1067,637,7,0,249
1068,637,5,0,249
1069,637,2,0,254
1070,637,4,9,255
1071,637,0,0,248
1072,637,0,0,254
1073,637,0,0,254
1074,637,0,0,254
1075,637,0,0,254
1076,637,0,0,254
1077,637,0,0,254
1078,637,0,0,254
1079,637,0,0,254
1080,637,0,0,254
1081,637,0,0,254
1082,637,0,0,254
1083,637,0,0,254
1084,637,0,0,254
1085,637,0,0,254
1086,637,0,0,254
1087,637,0,0,254
1088,637,0,0,254
1089,637,0,0,254
1090,637,0,0,254
1091,637,0,0,254
1092,637,0,0,254
1093,637,0,0,254
1094,637,0,0,254
1095,637,0,0,254
1096,637,0,0,254
1097,637,0,0,254
1098,637,0,0,254
1099,637,0,0,254
1100,637,0,0,254
1101,637,0,0,254
1102,637,0,0,254
1103,637,0,0,254
1104,637,0,0,254
1105,637,0,0,254
1106,637,0,0,254
1107,637,0,0,254
1108,637,0,0,254
1109,637,0,0,254
1110,637,0,0,254
1111,637,0,0,254
1112,637,0,0,254
1113,637,0,0,254
1114,637,0,0,254
1115,637,0,0,254
1116,637,0,0,254
1117,637,0,0,254
1118,637,0,0,254
1119,637,0,0,254
1120,637,0,0,254
1121,637,0,0,254
1122,637,0,0,254
1123,637,0,0,254
1124,637,0,0,254
1125,637,0,0,254
1126,637,0,0,254
1127,637,0,0,254
1128,637,0,0,254
1129,637,0,0,254
1130,637,0,0,254
1131,637,0,0,254
1132,637,0,0,254
1133,637,0,0,254
1134,637,0,0,254
1135,637,0,0,254
1136,637,0,0,254
1137,637,0,0,254
1138,637,0,0,254
1139,637,0,0,254
1140,637,0,0,254
1141,637,0,0,254
1142,637,0,0,254
1143,637,0,0,254
1144,637,0,0,254
1145,637,0,0,254
1146,637,0,0,254
1147,637,0,0,254
1148,637,0,0,254
1149,637,0,0,254
1150,637,0,0,254
1151,637,0,0,254
1152,637,0,0,254
1153,637,0,0,254
1154,637,0,0,254
1155,637,0,0,254
1156,637,0,0,254
1157,637,0,0,254
1158,637,0,0,254
1159,637,0,0,254
1160,637,0,0,254
1161,637,0,0,254
1162,637,0,0,254
1163,637,0,0,254
1164,637,0,0,254
1165,637,0,0,254
1166,637,0,0,254
1167,637,0,0,254
1168,637,2,0,251
1169,637,0,0,246
1170,637,5,4,255
1171,637,2,2,255
1172,637,0,2,247
1173,637,0,5,235
1174,637,4,4,255
1175,637,3,3,247
1176,637,0,9,248
1177,637,0,5,255
1178,637,2,0,252
1179,637,13,0,252
1194,637,4,0,247
1195,637,0,3,255
1196,637,0,7,246
1197,637,0,8,255
1198,637,0,2,249
1199,637,9,3,255
1200,637,0,1,253
1201,637,0,4,255
1202,637,0,0,244
1203,637,0,4,251
1204,637,0,1,251
1205,637,0,0,237
1206,637,2,1,255
1207,637,0,0,251
354,638,2,1,255
355,638,0,0,238
356,638,2,5,255
357,638,0,0,242
358,638,2,1,253
359,638,0,0,252
360,638,0,0,254
361,638,0,0,254
362,638,0,0,254
363,638,0,0,254
364,638,0,0,254
365,638,0,0,254
366,638,0,0,254
367,638,0,0,254
368,638,2,2,255
369,638,0,2,254
370,638,4,0,251
371,638,3,2,255
372,638,0,0,249
373,638,0,2,249
374,638,9,0,241
966,638,10,0,250
967,638,0,2,250
968,638,2,2,255
969,638,0,0,254
970,638,0,0,249
971,638,0,2,247
972,638,7,7,255
973,638,0,0,247
974,638,0,0,249
975,638,2,1,255
976,638,0,0,254
977,638,0,0,254
978,638,0,0,254
979,638,0,0,254
980,638,0,0,254
981,638,0,0,254
982,638,0,0,254
983,638,0,0,254
984,638,0,0,254
985,638,0,0,254
986,638,0,0,254
987,638,0,0,254
988,638,0,0,254
989,638,0,0,254
990,638,0,0,254
991,638,0,0,254
992,638,5,4,255
993,638,3,2,255
994,638,0,0,253
995,638,0,0,251
996,638,0,0,250
997,638,0,3,239
998,638,0,5,230
999,638,2,7,255
1034,638,11,0,255
1035,638,1,1,255
1036,638,0,3,255
1037,638,0,1,246
1038,638,0,0,240
1039,638,0,0,248
1040,638,0,0,254
1041,638,0,0,254
1042,638,0,0,254
1043,638,0,0,254
1044,638,0,0,254
1045,638,0,0,254
1046,638,0,0,254
1047,638,0,0,254
1048,638,0,0,254
1049,638,0,0,254
1050,638,0,0,254
1051,638,0,0,254
1052,638,0,0,254
1053,638,0,0,254
1054,638,0,0,254
1055,638,0,0,254
1056,638,5,4,255
1057,638,3,2,255
1058,638,0,0,253
1059,638,0,0,251
1060,638,0,0,250
1061,638,0,3,239
1062,638,0,5,230
1063,638,2,7,255
1068,638,19,0,255
1069,638,3,0,250
1070,638,0,3,255
1071,638,0,5,251
1072,638,0,0,254
1073,638,0,0,254
1074,638,0,0,254
1075,638,0,0,254
1076,638,0,0,254
1077,638,0,0,254
1078,638,0,0,254
1079,638,0,0,254
1080,638,0,0,254
1081,638,0,0,254
1082,638,0,0,254
1083,638,0,0,254
1084,638,0,0,254
1085,638,0,0,254
1086,638,0,0,254
1087,638,0,0,254
1088,638,0,0,254
1089,638,0,0,254
1090,638,0,0,254
1091,638,0,0,254
1092,638,0,0,254
1093,638,0,0,254
1094,638,0,0,254
1095,638,0,0,254
1096,638,0,0,254
1097,638,0,0,254
1098,638,0,0,254
1099,638,0,0,254
1100,638,0,0,254
1101,638,0,0,254
1102,638,0,0,254
1103,638,0,0,254
1104,638,0,0,254
1105,638,0,0,254
1106,638,0,0,254
1107,638,0,0,254
1108,638,0,0,254
1109,638,0,0,254
1110,638,0,0,254
1111,638,0,0,254
1112,638,0,0,254
1113,638,0,0,254
1114,638,0,0,254
1115,638,0,0,254
1116,638,0,0,254
1117,638,0,0,254
1118,638,0,0,254
1119,638,0,0,254
1120,638,0,0,254
1121,638,0,0,254
1122,638,0,0,254
1123,638,0,0,254
1124,638,0,0,254
1125,638,0,0,254
1126,638,0,0,254
1127,638,0,0,254
1128,638,0,0,254
1129,638,0,0,254
1130,638,0,0,254
1131,638,0,0,254
1132,638,0,0,254
1133,638,0,0,254
1134,638,0,0,254
1135,638,0,0,254
1136,638,0,0,254
1137,638,0,0,254
1138,638,0,0,254
1139,638,0,0,254
1140,638,0,0,254
1141,638,0,0,254
1142,638,0,0,254
1143,638,0,0,254
1144,638,0,0,254
1145,638,0,0,254
1146,638,0,0,254
1147,638,0,0,254
1148,638,0,0,254
1149,638,0,0,254
1150,638,0,0,254
1151,638,0,0,254
1152,638,0,0,254
1153,638,0,0,254
1154,638,0,0,254
1155,638,0,0,254
1156,638,0,0,254
1157,638,0,0,254
1158,638,0,0,254
1159,638,0,0,254
1160,638,0,0,254
1161,638,0,0,254
1162,638,0,0,254
1163,638,0,0,254
1164,638,0,0,254
1165,638,0,0,254
1166,638,0,0,254
1167,638,0,0,254
1168,638,3,5,240
1169,638,3,3,255
1170,638,0,3,240
1171,638,1,1,255
1172,638,3,2,255
1173,638,1,0,250
1174,638,10,0,248
1175,638,6,0,249
1176,638,0,0,251
1177,638,7,0,252
1178,638,14,0,251
1197,638,14,0,252
1198,638,3,0,255
1199,638,0,0,249
1200,638,0,0,253
1201,638,3,2,255
1202,638,2,2,236
1203,638,4,1,255
1204,638,0,0,246
1205,638,7,0,255
1206,638,1,0,248
354,639,3,0,255
355,639,0,0,249
356,639,0,2,248
357,639,0,0,252
358,639,0,1,251
359,639,0,5,249
360,639,0,0,254
361,639,0,0,254
362,639,0,0,254
363,639,0,0,254
364,639,0,0,254
365,639,0,0,254
366,639,0,0,254
367,639,0,0,254
368,639,0,5,244
369,639,0,1,252
370,639,5,0,245
371,639,3,0,255
372,639,5,5,255
373,639,0,1,253
374,639,2,0,249
375,639,5,0,253
966,639,4,0,251
967,639,0,8,255
968,639,0,0,247
969,639,0,0,253
970,639,0,0,253
971,639,2,3,254
972,639,0,0,252
973,639,0,0,239
974,639,3,2,255
975,639,3,2,255
976,639,0,0,254
977,639,0,0,254
978,639,0,0,254
979,639,0,0,254
980,639,0,0,254
981,639,0,0,254
982,639,0,0,254
983,639,0,0,254
984,639,0,0,254
985,639,0,0,254
986,639,0,0,254
987,639,0,0,254
988,639,0,0,254
989,639,0,0,254
990,639,0,0,254
991,639,0,0,254
992,639,3,0,255
993,639,1,0,231
994,639,11,0,255
1037,639,16,0,255
1038,639,2,0,252
1039,639,0,5,255
1040,639,0,0,254
1041,639,0,0,254
1042,639,0,0,254
1043,639,0,0,254
1044,639,0,0,254
1045,639,0,0,254
1046,639,0,0,254
1047,639,0,0,254
1048,639,0,0,254
1049,639,0,0,254
1050,639,0,0,254
1051,639,0,0,254
1052,639,0,0,254
1053,639,0,0,254
1054,639,0,0,254
1055,639,0,0,254
1056,639,3,0,255
1057,639,1,0,231
1058,639,11,0,255
1070,639,7,0,253
1071,639,5,0,255
1072,639,0,0,254
1073,639,0,0,254
1074,639,0,0,254
1075,639,0,0,254
1076,639,0,0,254
1077,639,0,0,254
1078,639,0,0,254
1079,639,0,0,254
1080,639,0,0,254
1081,639,0,0,254
1082,639,0,0,254
1083,639,0,0,254
1084,639,0,0,254
1085,639,0,0,254
1086,639,0,0,254
1087,639,0,0,254
1088,639,0,0,254
1089,639,0,0,254
1090,639,0,0,254
1091,639,0,0,254
1092,639,0,0,254
1093,639,0,0,254
1094,639,0,0,254
1095,639,0,0,254
1096,639,0,0,254
1097,639,0,0,254
1098,639,0,0,254
1099,639,0,0,254
1100,639,0,0,254
1101,639,0,0,254
1102,639,0,0,254
1103,639,0,0,254
1104,639,0,0,254
1105,639,0,0,254
1106,639,0,0,254
1107,639,0,0,254
1108,639,0,0,254
1109,639,0,0,254
1110,639,0,0,254
1111,639,0,0,254
1112,639,0,0,254
1113,639,0,0,254
1114,639,0,0,254
1115,639,0,0,254
1116,639,0,0,254
1117,639,0,0,254
1118,639,0,0,254
1119,639,0,0,254
1120,639,0,0,254
1121,639,0,0,254
1122,639,0,0,254
1123,639,0,0,254
1124,639,0,0,254
1125,639,0,0,254
1126,639,0,0,254
1127,639,0,0,254
1128,639,0,0,254
1129,639,0,0,254
1130,639,0,0,254
1131,639,0,0,254
1132,639,0,0,254
1133,639,0,0,254
1134,639,0,0,254
1135,639,0,0,254
1136,639,0,0,254
1137,639,0,0,254
1138,639,0,0,254
1139,639,0,0,254
1140,639,0,0,254
1141,639,0,0,254
1142,639,0,0,254
1143,639,0,0,254
1144,639,0,0,254
1145,639,0,0,254
1146,639,0,0,254
1147,639,0,0,254
1148,639,0,0,254
1149,639,0,0,254
1150,639,0,0,254
1151,639,0,0,254
1152,639,0,0,254
1153,639,0,0,254
1154,639,0,0,254
1155,639,0,0,254
1156,639,0,0,254
1157,639,0,0,254
1158,639,0,0,254
1159,639,0,0,254
1160,639,0,0,254
1161,639,0,0,254
1162,639,0,0,254
1163,639,0,0,254
1164,639,0,0,254
1165,639,0,0,254
1166,639,0,0,254
1167,639,0,0,254
1168,639,0,0,250
1169,639,0,3,255
1170,639,0,2,251
1171,639,0,0,247
1172,639,8,2,255
1173,639,11,0,254
355,640,6,0,249
356,640,6,3,255
357,640,0,0,252
358,640,0,1,247
359,640,0,3,255
360,640,5,0,255
361,640,0,0,251
362,640,0,3,255
363,640,6,0,255
364,640,0,3,248
365,640,0,1,253
366,640,3,2,255
367,640,1,0,253
368,640,0,0,254
369,640,0,0,254
370,640,0,0,254
371,640,0,0,254
372,640,0,0,254
373,640,0,0,254
374,640,0,0,254
375,640,0,0,254
376,640,0,1,254
965,640,12,0,255
966,640,0,0,250
967,640,0,7,243
968,640,0,0,254
969,640,0,0,254
970,640,0,0,254
971,640,0,0,254
972,640,0,0,254
973,640,0,0,254
974,640,0,0,254
975,640,0,0,254
976,640,4,0,254
977,640,4,3,255
978,640,0,0,248
979,640,0,6,244
980,640,0,0,251
981,640,0,5,255
982,640,0,2,254
983,640,0,0,250
984,640,0,0,251
985,640,1,0,252
986,640,5,0,254
987,640,6,0,250
988,640,4,3,255
989,640,0,2,239
990,640,8,0,255
1042,640,12,0,255
1043,640,0,0,253
1044,640,0,5,243
1045,640,0,2,254
1046,640,0,0,245
1047,640,12,7,250
1048,640,0,3,253
1049,640,0,4,253
1050,640,1,1,249
1051,640,0,0,249
1052,640,9,5,252
1053,640,2,4,249
1054,640,0,3,255
1055,640,0,3,253
1056,640,0,0,252
1057,640,10,0,255
1073,640,9,0,252
1074,640,5,0,255
1075,640,0,0,246
1076,640,0,4,255
1077,640,2,9,255
1078,640,0,4,250
1079,640,0,2,247
1080,640,3,0,255
1081,640,3,3,249
1082,640,3,4,254
1083,640,0,7,237
1084,640,0,1,254
1085,640,0,0,251
1086,640,4,1,255
1087,640,1,0,250
1088,640,0,0,249
1089,640,3,2,255
1090,640,0,0,246
1091,640,0,3,255
1092,640,0,1,252
1093,640,0,0,239
1094,640,0,2,254
1095,640,0,4,255
1096,640,0,1,247
1097,640,5,8,255
1098,640,4,2,253
1099,640,0,0,248
1100,640,5,0,252
1101,640,2,1,255
1102,640,0,5,253
1103,640,0,6,255
1104,640,0,0,254
1105,640,0,0,254
1106,640,0,0,254
1107,640,0,0,254
1108,640,0,0,254
1109,640,0,0,254
1110,640,0,0,254
1111,640,0,0,254
1112,640,0,4,253
1113,640,2,0,252
1115,640,16,0,255
1116,640,0,0,253
1117,640,0,5,255
1118,640,0,2,241
1119,640,7,3,246
1120,640,0,2,251
1121,640,0,0,250
1122,640,7,2,254
1123,640,6,0,255
1124,640,4,0,254
1125,640,0,1,250
1126,640,0,0,245
1127,640,0,7,254
1128,640,0,3,238
1129,640,0,1,253
1130,640,0,2,254
1131,640,0,2,254
1132,640,0,2,248
1133,640,0,3,252
1134,640,0,0,253
1135,640,0,0,248
1136,640,0,0,252
1137,640,0,0,252
1138,640,0,0,237
1139,640,0,4,255
1140,640,0,1,253
1141,640,0,0,246
1142,640,1,4,255
1143,640,0,0,253
1144,640,2,2,255
1145,640,0,0,243
1146,640,0,0,254
1147,640,0,3,254
1148,640,1,4,255
1149,640,0,0,253
1150,640,0,3,255
1151,640,0,2,247
1152,640,0,3,254
1153,640,0,1,252
1154,640,3,0,255
1155,640,11,1,255
1156,640,7,0,251
1157,640,6,0,253
1158,640,0,0,236
1159,640,2,2,255
1160,640,3,4,244
1161,640,7,6,255
1162,640,0,0,247
1163,640,0,0,252
1164,640,3,6,255
1165,640,0,0,245
1166,640,7,6,255
1167,640,1,0,254
1168,640,2,0,246
1169,640,4,1,255
1170,640,0,3,255
1171,640,1,8,244
1172,640,2,0,254
356,641,19,0,255
357,641,11,0,255
358,641,8,0,255
359,641,0,0,246
360,641,7,0,254
361,641,0,3,252
362,641,0,0,233
363,641,2,0,252
364,641,0,0,253
365,641,3,8,255
366,641,0,0,251
367,641,2,0,254
368,641,0,0,254
369,641,0,0,254
370,641,0,0,254
371,641,0,0,254
372,641,0,0,254
373,641,0,0,254
374,641,0,0,254
375,641,0,0,254
376,641,0,1,254
965,641,5,0,235
966,641,11,3,255
967,641,0,0,250
968,641,0,0,254
969,641,0,0,254
970,641,0,0,254
971,641,0,0,254
972,641,0,0,254
973,641,0,0,254
974,641,0,0,254
975,641,0,0,254
976,641,0,0,251
977,641,3,7,254
978,641,0,0,245
979,641,5,5,255
980,641,1,0,254
981,641,1,0,253
982,641,5,1,246
983,641,8,0,255
984,641,0,4,253
985,641,2,2,255
986,641,10,0,255
987,641,1,0,247
988,641,13,10,255
989,641,0,0,251
990,641,5,0,252
1045,641,10,0,255
1046,641,0,0,250
1047,641,0,5,255
1048,641,0,0,247
1049,641,0,0,252
1050,641,5,7,248
1051,641,0,0,247
1052,641,0,0,244
1053,641,0,0,246
1054,641,5,4,255
1055,641,0,0,251
1056,641,6,0,251
1076,641,14,0,255
1077,641,0,0,246
1078,641,0,0,236
1079,641,0,1,250
1080,641,0,0,246
1081,641,0,0,250
1082,641,2,2,248
1083,641,0,0,251
1084,641,6,5,255
1085,641,3,3,255
1086,641,0,0,246
1087,641,0,4,250
1088,641,0,5,247
1089,641,0,1,249
1090,641,9,3,255
1091,641,0,0,252
1092,641,4,4,255
1093,641,3,3,255
1094,641,0,0,240
1095,641,7,0,252
1096,641,0,3,249
1097,641,0,0,252
1098,641,3,0,255
1099,641,12,0,255
1100,641,10,0,253
1102,641,8,0,254
1103,641,3,0,232
1104,641,0,0,251
1105,641,0,0,251
1106,641,0,0,251
1107,641,0,0,251
1108,641,0,0,251
1109,641,0,0,251
1110,641,0,0,251
1111,641,0,0,251
1112,641,7,0,251
1116,641,7,0,253
1117,641,0,2,239
1118,641,0,3,238
1119,641,7,0,254
1120,641,0,5,255
1121,641,3,8,255
1122,641,0,3,253
1123,641,0,4,255
1124,641,0,2,255
1125,641,3,3,251
1126,641,3,0,255
1127,641,1,0,251
1128,641,0,0,249
1129,641,5,8,255
1130,641,0,4,249
1131,641,4,7,244
1132,641,0,1,244
1133,641,0,0,253
1134,641,6,5,255
1135,641,8,7,255
1136,641,0,4,255
1137,641,1,1,255
1138,641,3,0,255
1139,641,8,5,255
1140,641,7,6,248
1141,641,0,0,225
1142,641,10,4,255
1143,641,6,0,253
1144,641,0,0,249
1145,641,2,3,254
1146,641,0,1,246
1147,641,0,0,253
1148,641,1,1,247
1149,641,2,0,254
1150,641,0,0,249
1151,641,9,3,255
1152,641,0,0,245
1153,641,0,0,251
1154,641,1,1,249
1155,641,1,0,248
1156,641,4,4,252
1157,641,0,0,251
1158,641,2,5,255
1159,641,0,0,251
1160,641,0,2,251
1161,641,0,2,255
1162,641,0,2,247
1163,641,5,4,255
1164,641,0,0,250
1165,641,0,1,248
1166,641,0,2,243
1167,641,0,0,250
1168,641,0,7,240
1169,641,0,0,249
1170,641,5,0,254
1171,641,12,0,252
359,642,17,0,255
360,642,13,0,255
361,642,0,4,246
362,642,2,5,255
363,642,5,4,248
364,642,0,0,249
365,642,2,7,255
366,642,0,0,250
367,642,2,3,244
368,642,0,0,254
369,642,0,0,254
370,642,0,0,254
371,642,0,0,254
372,642,0,0,254
373,642,0,0,254
374,642,0,0,254
375,642,0,0,254
376,642,0,1,254
957,642,11,0,251
958,642,2,0,254
959,642,0,4,255
960,642,0,3,252
961,642,0,5,238
962,642,0,1,250
963,642,3,2,255
964,642,7,4,255
965,642,1,0,254
966,642,0,1,254
967,642,0,1,250
968,642,0,0,254
969,642,0,0,254
970,642,0,0,254
971,642,0,0,254
972,642,0,0,254
973,642,0,0,254
974,642,0,0,254
975,642,0,0,254
976,642,0,2,249
977,642,2,1,255
978,642,0,0,252
979,642,4,0,254
980,642,0,0,245
981,642,6,3,255
982,642,4,0,247
983,642,3,0,252
984,642,0,7,255
985,642,0,0,245
986,642,2,1,255
987,642,0,0,251
988,642,0,2,247
989,642,3,0,253
1046,642,13,0,254
1047,642,2,0,252
1048,642,7,4,255
1049,642,1,2,252
1050,642,0,1,253
1051,642,0,4,251
1052,642,0,2,255
1053,642,8,0,247
1054,642,17,0,251
1077,642,16,0,240
1078,642,9,1,255
1079,642,5,4,255
1080,642,0,0,252
1081,642,5,5,255
1082,642,1,0,253
1083,642,0,0,245
1084,642,1,0,250
1085,642,5,2,255
1086,642,4,3,255
1087,642,2,5,255
1088,642,8,0,255
1089,642,1,1,255
1090,642,0,0,239
1091,642,7,10,255
1092,642,2,0,252
1093,642,4,0,251
1094,642,4,0,252
1095,642,0,0,253
1096,642,0,0,253
1097,642,7,0,253
1118,642,8,0,253
1119,642,4,1,255
1120,642,0,0,248
1121,642,2,2,255
1122,642,0,0,247
1123,642,3,0,244
1124,642,0,0,237
1125,642,9,3,255
1126,642,2,0,254
1127,642,4,5,246
1128,642,4,0,254
1129,642,5,0,255
1130,642,0,0,247
1131,642,6,0,255
1132,642,3,0,253
1133,642,4,0,254
1134,642,2,0,249
1135,642,3,0,242
1136,642,3,0,247
1137,642,5,0,255
1138,642,7,1,255
1139,642,1,0,248
1140,642,4,1,255
1141,642,3,0,255
1142,642,0,0,248
1143,642,0,0,253
1144,642,0,0,251
1145,642,7,7,255
1146,642,5,4,255
1147,642,6,0,255
1148,642,3,0,247
1149,642,13,1,247
1151,642,16,0,255
1152,642,10,3,255
1153,642,0,0,251
1154,642,0,4,255
1155,642,0,3,253
1156,642,0,4,250
1157,642,0,6,244
1158,642,0,0,250
1159,642,5,2,255
1160,642,0,0,252
1161,642,0,0,250
1162,642,0,0,248
1163,642,0,2,239
1164,642,3,2,255
1165,642,2,0,254
1166,642,1,0,246
1167,642,10,2,255
1168,642,0,0,253
1169,642,11,3,255
361,643,3,3,251
362,643,0,1,254
363,643,3,0,255
364,643,0,3,243
365,643,0,2,253
366,643,0,0,246
367,643,3,2,255
368,643,0,0,254
369,643,0,0,254
370,643,0,0,254
371,643,0,0,254
372,643,0,0,254
373,643,0,0,254
374,643,0,0,254
375,643,0,0,254
376,643,0,1,254
954,643,3,0,245
955,643,6,5,255
956,643,0,0,251
957,643,0,3,255
958,643,0,0,243
959,643,7,6,250
960,643,0,4,255
961,643,0,0,253
962,643,1,0,254
963,643,9,3,255
964,643,3,0,253
965,643,0,0,248
966,643,5,4,255
967,643,1,1,255
968,643,0,0,254
969,643,0,0,254
970,643,0,0,254
971,643,0,0,254
972,643,0,0,254
973,643,0,0,254
974,643,0,0,254
975,643,0,0,254
976,643,1,2,253
977,643,2,0,250
978,643,14,3,255
979,643,7,0,254
980,643,7,4,255
981,643,0,8,241
982,643,0,3,255
983,643,0,0,249
984,643,0,3,255
985,643,0,0,238
986,643,0,0,237
987,643,1,6,255
988,643,0,0,253
1048,643,4,0,254
1049,643,0,0,248
1050,643,0,0,249
1051,643,0,3,255
1052,643,4,3,255
1053,643,10,0,253
1083,643,8,7,251
1084,643,0,0,248
1085,643,0,1,251
1086,643,0,0,253
1087,643,2,0,241
1088,643,0,0,248
1089,643,1,4,255
1090,643,2,0,233
1091,643,8,0,255
1092,643,2,1,253
1093,643,0,0,243
1094,643,12,0,255
1122,643,8,0,251
1123,643,0,0,252
1124,643,0,6,255
1125,643,0,2,254
1126,643,1,0,248
1127,643,5,0,252
1128,643,2,0,254
1129,643,6,3,255
1130,643,6,3,255
1131,643,1,0,254
1132,643,0,0,250
1133,643,5,5,255
1134,643,0,0,244
1135,643,0,0,252
1136,643,10,0,244
1137,643,0,0,248
1138,643,0,5,255
1139,643,0,5,252
1140,643,2,5,255
1141,643,1,0,250
1142,643,3,0,255
1143,643,2,2,250
1144,643,0,6,249
1145,643,0,0,249
1146,643,0,0,251
1147,643,4,0,254
1148,643,20,4,255
1152,643,0,5,244
1153,643,0,0,252
1154,643,0,0,251
1155,643,3,2,255
1156,643,0,1,239
1157,643,0,0,252
1158,643,0,1,253
1159,643,0,0,251
1160,643,12,0,255
1161,643,6,0,255
1162,643,0,0,251
1163,643,0,6,255
1164,643,4,7,255
1165,643,3,0,238
1166,643,15,0,254
361,644,6,0,255
362,644,0,0,252
363,644,1,1,245
364,644,0,0,248
365,644,4,4,255
366,644,5,2,255
367,644,0,0,249
368,644,0,0,254
369,644,0,0,254
370,644,0,0,254
371,644,0,0,254
372,644,0,0,254
373,644,0,0,254
374,644,0,0,254
375,644,0,0,254
376,644,0,1,254
952,644,0,4,255
953,644,0,2,251
954,644,0,0,249
955,644,6,5,247
956,644,8,5,255
957,644,3,0,255
958,644,2,1,255
959,644,0,0,245
960,644,0,4,236
961,644,1,0,254
962,644,1,0,253
963,644,5,2,255
964,644,0,0,249
965,644,3,2,255
966,644,0,0,252
967,644,0,0,246
968,644,0,0,254
969,644,0,0,254
970,644,0,0,254
971,644,0,0,254
972,644,0,0,254
973,644,0,0,254
974,644,0,0,254
975,644,0,0,254
976,644,0,6,255
977,644,0,1,252
978,644,5,0,251
980,644,3,0,246
981,644,0,1,246
982,644,0,6,255
983,644,0,3,249
984,644,0,0,253
985,644,8,0,250
1086,644,4,0,252
1087,644,0,0,250
1088,644,0,3,253
1089,644,0,4,255
1090,644,0,3,252
1091,644,9,0,255
1123,644,7,0,252
1124,644,4,1,255
1125,644,0,0,251
1126,644,5,4,255
1127,644,0,0,252
1128,644,0,0,242
1129,644,5,5,251
1130,644,2,3,254
1131,644,0,0,250
1132,644,2,8,250
1133,644,0,5,255
1134,644,0,8,246
1135,644,0,0,251
1136,644,3,9,255
1137,644,0,0,250
1138,644,3,0,251
1139,644,1,1,255
1140,644,0,2,251
1141,644,0,0,247
1153,644,17,0,255
1154,644,4,0,251
1155,644,0,3,255
1156,644,0,1,253
1157,644,0,4,253
1158,644,1,1,255
1159,644,0,0,252
1160,644,7,0,250
1161,644,13,6,255
1162,644,5,5,255
1163,644,0,0,252
1164,644,0,0,252
1165,644,5,0,252
361,645,9,0,255
362,645,0,2,255
363,645,0,0,241
364,645,0,0,254
365,645,5,5,253
366,645,1,0,253
367,645,0,0,250
368,645,0,0,254
369,645,0,0,254
370,645,0,0,254
371,645,0,0,254
372,645,0,0,254
373,645,0,0,254
374,645,0,0,254
375,645,0,0,254
376,645,0,1,254
951,645,9,0,249
952,645,4,0,253
953,645,3,0,253
954,645,4,1,254
955,645,2,1,252
956,645,0,0,244
957,645,0,0,253
958,645,5,3,254
959,645,3,0,255
960,645,0,0,246
961,645,3,2,255
962,645,1,1,247
963,645,0,0,251
964,645,1,0,251
965,645,5,0,252
966,645,4,0,251
967,645,2,0,254
968,645,0,0,254
969,645,0,0,254
970,645,0,0,254
971,645,0,0,254
972,645,0,0,254
973,645,0,0,254
974,645,0,0,254
975,645,0,0,254
976,645,0,0,251
977,645,14,0,247
1126,645,9,0,255
1127,645,0,0,251
1128,645,0,6,251
1129,645,0,2,254
1130,645,5,2,255
1131,645,10,0,255
1132,645,14,0,243
1137,645,11,0,251
1138,645,0,0,247
1139,645,3,0,253
1155,645,13,1,255
1156,645,0,0,248
1157,645,0,0,254
1158,645,3,4,244
1159,645,3,0,248
1160,645,0,9,255
1161,645,0,2,243
1162,645,0,3,234
1163,645,0,0,252
1164,645,15,0,249
361,646,10,0,255
362,646,0,2,253
363,646,2,1,255
364,646,3,5,248
365,646,0,0,250
366,646,0,0,250
367,646,2,5,255
368,646,0,0,254
369,646,0,0,254
370,646,0,0,254
371,646,0,0,254
372,646,0,0,254
373,646,0,0,254
374,646,0,0,254
375,646,0,0,254
376,646,0,1,254
950,646,9,0,255
951,646,3,1,250
952,646,0,5,255
953,646,0,0,231
954,646,7,1,255
955,646,8,0,254
956,646,12,0,255
957,646,13,5,255
958,646,0,0,248
959,646,2,8,254
960,646,8,2,255
961,646,5,0,255
962,646,0,0,253
963,646,0,0,254
964,646,0,4,253
965,646,0,7,255
966,646,0,0,247
967,646,0,7,254
968,646,0,0,254
969,646,0,0,254
970,646,0,0,254
971,646,0,0,254
972,646,0,0,254
973,646,0,0,254
974,646,0,0,254
975,646,0,0,254
976,646,0,3,252
977,646,0,0,249
1158,646,8,0,255
1159,646,0,5,251
1160,646,0,2,254
1161,646,6,6,255
1162,646,2,0,234
362,647,1,6,248
363,647,3,3,255
364,647,0,0,246
365,647,1,0,253
366,647,3,0,255
367,647,0,1,253
368,647,0,0,254
369,647,0,0,254
370,647,0,0,254
371,647,0,0,254
372,647,0,0,254
373,647,0,0,254
374,647,0,0,254
375,647,0,0,254
376,647,0,1,254
949,647,10,0,245
950,647,1,0,246
951,647,2,7,255
952,647,4,1,255
953,647,0,2,247
954,647,0,0,249
955,647,0,1,251
956,647,0,4,254
957,647,0,4,252
958,647,0,0,246
959,647,0,0,253
960,647,0,0,253
961,647,0,3,245
962,647,0,4,253
963,647,0,0,250
964,647,0,2,251
965,647,0,0,250
966,647,1,0,254
967,647,1,0,253
968,647,0,0,254
969,647,0,0,254
970,647,0,0,254
971,647,0,0,254
972,647,0,0,254
973,647,0,0,254
974,647,0,0,254
975,647,0,0,254
976,647,0,4,251
362,648,5,0,252
363,648,8,0,251
364,648,0,2,242
365,648,11,1,255
366,648,0,7,255
367,648,0,0,248
368,648,0,0,254
369,648,0,0,254
370,648,0,0,254
371,648,0,0,254
372,648,0,0,254
373,648,0,0,254
374,648,0,0,254
375,648,0,0,254
376,648,0,5,255
377,648,8,0,255
949,648,0,2,255
950,648,0,0,248
951,648,0,4,253
952,648,0,0,254
953,648,0,0,254
954,648,0,0,254
955,648,0,0,254
956,648,0,0,254
957,648,0,0,254
958,648,0,0,254
959,648,0,0,254
960,648,0,0,254
961,648,0,0,254
962,648,0,0,254
963,648,0,0,254
964,648,0,0,254
965,648,0,0,254
966,648,0,0,254
967,648,0,0,254
968,648,0,1,240
969,648,6,0,253
970,648,12,0,255
971,648,0,0,247
972,648,0,11,255
973,648,0,2,254
974,648,0,1,252
975,648,0,3,255
976,648,24,0,253
364,649,2,1,255
365,649,4,0,251
366,649,0,5,255
367,649,0,0,247
368,649,0,0,254
369,649,0,0,254
370,649,0,0,254
371,649,0,0,254
372,649,0,0,254
373,649,0,0,254
374,649,0,0,254
375,649,0,0,254
376,649,0,2,255
377,649,1,0,251
378,649,9,0,252
949,649,0,5,244
950,649,0,0,251
951,649,0,0,247
952,649,0,0,254
953,649,0,0,254
954,649,0,0,254
955,649,0,0,254
956,649,0,0,254
957,649,0,0,254
958,649,0,0,254
959,649,0,0,254
960,649,0,0,254
961,649,0,0,254
962,649,0,0,254
963,649,0,0,254
964,649,0,0,254
965,649,0,0,254
966,649,0,0,254
967,649,0,0,254
968,649,3,2,255
969,649,3,2,255
970,649,4,3,254
971,649,0,0,248
972,649,0,0,252
973,649,0,2,243
974,649,3,2,254
975,649,5,0,251
364,650,7,6,255
365,650,0,0,244
366,650,3,3,255
367,650,2,0,252
368,650,0,0,254
369,650,0,0,254
370,650,0,0,254
371,650,0,0,254
372,650,0,0,254
373,650,0,0,254
374,650,0,0,254
375,650,0,0,254
376,650,6,0,255
377,650,0,0,253
378,650,0,0,251
379,650,10,0,255
949,650,0,0,245
950,650,4,4,255
951,650,7,7,255
952,650,0,0,254
953,650,0,0,254
954,650,0,0,254
955,650,0,0,254
956,650,0,0,254
957,650,0,0,254
958,650,0,0,254
959,650,0,0,254
960,650,0,0,254
961,650,0,0,254
962,650,0,0,254
963,650,0,0,254
964,650,0,0,254
965,650,0,0,254
966,650,0,0,254
967,650,0,0,254
968,650,4,0,253
969,650,0,1,253
970,650,0,4,252
971,650,7,6,255
972,650,3,2,255
973,650,0,1,254
974,650,4,0,242
364,651,3,2,255
365,651,0,0,253
366,651,4,3,255
367,651,0,0,252
368,651,0,0,254
369,651,0,0,254
370,651,0,0,254
371,651,0,0,254
372,651,0,0,254
373,651,0,0,254
374,651,0,0,254
375,651,0,0,254
376,651,0,0,250
377,651,0,0,242
378,651,0,9,255
379,651,2,1,255
949,651,0,1,248
950,651,0,0,250
951,651,0,1,242
952,651,0,0,254
953,651,0,0,254
954,651,0,0,254
955,651,0,0,254
956,651,0,0,254
957,651,0,0,254
958,651,0,0,254
959,651,0,0,254
960,651,0,0,254
961,651,0,0,254
962,651,0,0,254
963,651,0,0,254
964,651,0,0,254
965,651,0,0,254
966,651,0,0,254
967,651,0,0,254
968,651,6,0,255
969,651,0,3,242
970,651,0,4,255
971,651,2,2,255
972,651,0,0,250
973,651,5,0,249
364,652,0,0,230
365,652,0,5,255
366,652,0,0,252
367,652,0,4,236
368,652,0,0,254
369,652,0,0,254
370,652,0,0,254
371,652,0,0,254
372,652,0,0,254
373,652,0,0,254
374,652,0,0,254
375,652,0,0,254
376,652,0,3,252
377,652,0,2,254
378,652,0,2,244
379,652,4,4,255
380,652,8,0,254
948,652,13,0,253
949,652,0,0,254
950,652,8,7,255
951,652,0,0,248
952,652,0,0,254
953,652,0,0,254
954,652,0,0,254
955,652,0,0,254
956,652,0,0,254
957,652,0,0,254
958,652,0,0,254
959,652,0,0,254
960,652,0,0,254
961,652,0,0,254
962,652,0,0,254
963,652,0,0,254
964,652,0,0,254
965,652,0,0,254
966,652,0,0,254
967,652,0,0,254
968,652,2,7,247
969,652,0,0,248
970,652,0,0,253
971,652,0,0,251
972,652,8,3,243
365,653,4,3,255
366,653,0,4,249
367,653,0,3,241
368,653,0,0,254
369,653,0,0,254
370,653,0,0,254
371,653,0,0,254
372,653,0,0,254
373,653,0,0,254
374,653,0,0,254
375,653,0,0,254
376,653,0,6,248
377,653,2,2,255
378,653,3,0,253
379,653,5,2,255
380,653,0,0,245
381,653,3,0,246
947,653,12,0,238
948,653,8,2,255
949,653,0,0,253
950,653,0,0,251
951,653,1,5,252
952,653,0,0,254
953,653,0,0,254
954,653,0,0,254
955,653,0,0,254
956,653,0,0,254
957,653,0,0,254
958,653,0,0,254
959,653,0,0,254
960,653,0,0,254
961,653,0,0,254
962,653,0,0,254
963,653,0,0,254
964,653,0,0,254
965,653,0,0,254
966,653,0,0,254
967,653,0,0,254
968,653,0,3,249
969,653,3,0,255
970,653,1,0,242
971,653,4,1,254
972,653,12,0,243
365,654,11,0,253
366,654,0,0,252
367,654,4,7,255
368,654,0,0,254
369,654,0,0,254
370,654,0,0,254
371,654,0,0,254
372,654,0,0,254
373,654,0,0,254
374,654,0,0,254
375,654,0,0,254
376,654,0,0,249
377,654,7,4,255
378,654,2,0,251
379,654,6,3,255
380,654,2,8,250
381,654,0,2,224
382,654,3,0,250
946,654,0,0,250
947,654,4,3,255
948,654,0,2,254
949,654,0,0,234
950,654,1,0,253
951,654,0,1,253
952,654,0,0,254
953,654,0,0,254
954,654,0,0,254
955,654,0,0,254
956,654,0,0,254
957,654,0,0,254
958,654,0,0,254
959,654,0,0,254
960,654,0,0,254
961,654,0,0,254
962,654,0,0,254
963,654,0,0,254
964,654,0,0,254
965,654,0,0,254
966,654,0,0,254
967,654,0,0,254
968,654,0,2,240
969,654,0,0,252
970,654,4,0,251
971,654,13,0,253
366,655,2,0,250
367,655,3,0,244
368,655,0,0,254
369,655,0,0,254
370,655,0,0,254
371,655,0,0,254
372,655,0,0,254
373,655,0,0,254
374,655,0,0,254
375,655,0,0,254
376,655,1,0,251
377,655,5,0,253
378,655,3,0,253
379,655,0,0,252
380,655,3,8,255
381,655,0,0,252
382,655,4,3,255
383,655,6,0,253
946,655,0,7,255
947,655,0,3,254
948,655,0,1,250
949,655,1,0,253
950,655,2,0,252
951,655,0,4,252
952,655,0,0,254
953,655,0,0,254
954,655,0,0,254
955,655,0,0,254
956,655,0,0,254
957,655,0,0,254
958,655,0,0,254
959,655,0,0,254
960,655,0,0,254
961,655,0,0,254
962,655,0,0,254
963,655,0,0,254
964,655,0,0,254
965,655,0,0,254
966,655,0,0,254
967,655,0,0,254
968,655,5,4,255
969,655,0,3,233
970,655,1,0,254
367,656,25,0,254
368,656,0,4,255
369,656,5,0,255
370,656,1,0,251
371,656,0,6,243
372,656,0,4,255
373,656,8,3,255
374,656,0,0,249
375,656,4,6,241
376,656,0,0,254
377,656,0,0,254
378,656,0,0,254
379,656,0,0,254
380,656,0,0,254
381,656,0,0,254
382,656,0,0,254
383,656,0,0,254
945,656,9,0,252
946,656,4,3,255
947,656,0,0,242
948,656,0,1,254
949,656,0,0,253
950,656,0,3,255
951,656,0,3,251
952,656,2,1,255
953,656,6,5,255
954,656,0,0,237
955,656,0,0,254
956,656,2,3,254
957,656,0,0,250
958,656,1,1,255
959,656,0,0,247
960,656,4,4,248
961,656,0,0,247
962,656,19,2,255
963,656,5,0,252
964,656,1,0,251
965,656,0,0,250
966,656,0,3,242
967,656,3,0,255
968,656,7,0,242
969,656,15,0,255
368,657,6,3,255
369,657,0,2,247
370,657,1,4,255
371,657,0,0,246
372,657,2,0,254
373,657,0,0,252
374,657,0,3,242
375,657,0,0,253
376,657,0,0,254
377,657,0,0,254
378,657,0,0,254
379,657,0,0,254
380,657,0,0,254
381,657,0,0,254
382,657,0,0,254
383,657,0,0,254
384,657,9,0,253
945,657,8,0,246
946,657,3,2,255
947,657,0,5,255
948,657,0,0,242
949,657,6,6,255
950,657,0,0,250
951,657,0,2,244
952,657,4,3,255
953,657,0,0,248
954,657,0,0,245
955,657,6,6,255
956,657,1,3,248
957,657,0,0,253
958,657,0,0,254
959,657,0,0,254
960,657,0,0,253
961,657,1,0,250
368,658,7,0,243
369,658,0,0,249
370,658,0,4,240
371,658,7,1,255
372,658,8,0,249
373,658,0,0,240
374,658,0,2,254
375,658,0,2,249
376,658,0,0,254
377,658,0,0,254
378,658,0,0,254
379,658,0,0,254
380,658,0,0,254
381,658,0,0,254
382,658,0,0,254
383,658,0,0,254
384,658,16,0,251
944,658,15,0,255
945,658,1,0,250
946,658,0,3,235
947,658,0,0,252
948,658,0,0,247
949,658,0,0,252
950,658,5,2,255
951,658,4,3,255
952,658,0,0,238
953,658,0,0,247
954,658,4,4,255
955,658,0,0,254
956,658,0,0,252
957,658,2,2,255
958,658,0,0,251
959,658,0,2,245
960,658,0,0,253
961,658,6,0,251
369,659,14,4,255
370,659,0,0,248
371,659,0,0,251
372,659,8,2,255
373,659,0,0,240
374,659,1,4,255
375,659,0,3,255
376,659,0,0,254
377,659,0,0,254
378,659,0,0,254
379,659,0,0,254
380,659,0,0,254
381,659,0,0,254
382,659,0,0,254
383,659,0,0,254
384,659,4,4,255
385,659,4,0,251
944,659,5,0,255
945,659,1,0,252
946,659,2,6,253
947,659,2,5,255
948,659,0,0,248
949,659,0,0,250
950,659,0,0,243
951,659,5,0,255
952,659,0,0,254
953,659,4,4,255
954,659,3,3,255
955,659,4,3,255
956,659,4,3,254
957,659,2,4,239
958,659,3,2,255
959,659,6,5,255
960,659,0,4,252
961,659,5,0,252
370,660,12,3,254
371,660,0,0,252
372,660,0,2,250
373,660,1,0,251
374,660,3,0,250
375,660,1,3,246
376,660,0,0,254
377,660,0,0,254
378,660,0,0,254
379,660,0,0,254
380,660,0,0,254
381,660,0,0,254
382,660,0,0,254
383,660,0,0,254
384,660,0,0,248
385,660,0,1,246
386,660,12,0,255
944,660,0,0,254
945,660,3,3,255
946,660,0,0,253
947,660,0,1,240
948,660,0,5,247
949,660,2,2,255
950,660,3,1,250
951,660,7,1,255
952,660,2,3,254
953,660,0,0,248
954,660,0,0,253
955,660,6,5,255
956,660,0,0,239
957,660,3,2,255
958,660,5,2,255
959,660,0,0,249
960,660,0,6,255
961,660,6,0,248
371,661,7,7,253
372,661,0,0,250
373,661,0,0,244
374,661,10,0,255
375,661,0,0,249
376,661,0,0,254
377,661,0,0,254
378,661,0,0,254
379,661,0,0,254
380,661,0,0,254
381,661,0,0,254
382,661,0,0,254
383,661,0,0,254
384,661,4,10,254
385,661,0,0,252
386,661,0,4,242
387,661,0,0,250
388,661,3,0,255
389,661,9,6,255
390,661,0,2,236
391,661,0,3,255
943,661,11,0,255
944,661,0,0,252
945,661,3,5,250
946,661,4,3,255
947,661,0,0,251
948,661,0,2,251
949,661,0,1,254
950,661,1,1,247
951,661,5,0,255
952,661,0,0,250
953,661,0,0,251
954,661,1,1,255
955,661,0,0,238
956,661,0,0,253
957,661,0,0,247
958,661,3,3,241
959,661,7,1,255
960,661,6,0,253
372,662,13,3,255
373,662,0,0,251
374,662,0,0,247
375,662,7,1,255
376,662,0,0,254
377,662,0,0,254
378,662,0,0,254
379,662,0,0,254
380,662,0,0,254
381,662,0,0,254
382,662,0,0,254
383,662,0,0,254
384,662,0,0,242
385,662,3,2,255
386,662,0,6,255
387,662,0,2,254
388,662,0,2,244
389,662,0,0,250
390,662,0,0,254
391,662,0,0,250
392,662,3,0,250
393,662,9,0,240
942,662,2,0,251
943,662,0,0,248
944,662,0,2,254
945,662,3,3,255
946,662,0,0,248
947,662,5,6,246
948,662,0,3,255
949,662,0,0,251
950,662,0,0,245
951,662,2,1,255
952,662,0,0,252
953,662,0,0,250
954,662,0,1,251
955,662,6,5,255
956,662,6,3,255
957,662,3,3,239
958,662,5,0,252
959,662,0,0,250
960,662,3,1,248
373,663,0,2,238
374,663,0,6,251
375,663,5,0,255
376,663,0,0,254
377,663,0,0,254
378,663,0,0,254
379,663,0,0,254
380,663,0,0,254
381,663,0,0,254
382,663,0,0,254
383,663,0,0,254
384,663,8,0,253
385,663,3,0,255
386,663,0,1,253
387,663,0,8,250
388,663,1,1,255
389,663,8,2,248
390,663,9,0,255
391,663,3,0,252
392,663,0,4,253
393,663,2,6,253
394,663,12,0,254
940,663,16,0,254
941,663,1,0,246
942,663,4,1,255
943,663,2,4,247
944,663,0,0,252
945,663,0,2,237
946,663,0,0,248
947,663,4,1,255
948,663,0,0,249
949,663,0,7,255
950,663,0,2,254
951,663,0,1,244
952,663,0,0,252
953,663,4,4,255
954,663,0,0,240
955,663,4,3,255
956,663,0,0,251
957,663,5,0,252
958,663,3,0,253
373,664,11,0,254
374,664,1,0,254
375,664,1,0,251
376,664,0,0,246
377,664,1,1,255
378,664,0,0,251
379,664,3,4,255
380,664,0,0,253
381,664,0,0,236
382,664,5,4,255
383,664,3,2,255
384,664,0,0,254
385,664,0,0,254
386,664,0,0,254
387,664,0,0,254
388,664,0,0,254
389,664,0,0,254
390,664,0,0,254
391,664,0,0,254
392,664,0,1,254
393,664,0,1,250
394,664,7,1,247
939,664,8,0,253
940,664,1,1,255
941,664,4,0,254
942,664,7,5,252
943,664,0,0,249
944,664,0,0,254
945,664,0,0,254
946,664,0,0,254
947,664,0,0,254
948,664,0,0,254
949,664,0,0,254
950,664,0,0,254
951,664,0,0,254
952,664,3,0,253
953,664,9,1,244
954,664,0,4,248
955,664,0,2,254
956,664,8,2,255
374,665,6,0,253
375,665,0,0,250
376,665,2,2,255
377,665,0,0,253
378,665,0,0,250
379,665,0,2,247
380,665,7,7,255
381,665,0,0,248
382,665,0,0,249
383,665,2,1,255
384,665,0,0,254
385,665,0,0,254
386,665,0,0,254
387,665,0,0,254
388,665,0,0,254
389,665,0,0,254
390,665,0,0,254
391,665,0,0,254
392,665,0,2,253
393,665,0,2,255
394,665,0,0,249
939,665,2,0,252
940,665,0,1,252
941,665,6,0,255
942,665,2,0,254
943,665,0,3,244
944,665,0,0,254
945,665,0,0,254
946,665,0,0,254
947,665,0,0,254
948,665,0,0,254
949,665,0,0,254
950,665,0,0,254
951,665,0,0,254
952,665,3,0,244
953,665,0,0,251
954,665,5,8,255
955,665,0,2,234
374,666,10,0,252
375,666,1,4,255
376,666,0,0,243
377,666,0,0,252
378,666,4,4,255
379,666,0,0,253
380,666,0,0,252
381,666,1,1,255
382,666,0,0,246
383,666,0,2,241
384,666,0,0,254
385,666,0,0,254
386,666,0,0,254
387,666,0,0,254
388,666,0,0,254
389,666,0,0,254
390,666,0,0,254
391,666,0,0,254
392,666,0,0,250
393,666,0,0,236
394,666,8,0,255
395,666,15,0,255
938,666,12,0,255
939,666,0,3,243
940,666,0,0,251
941,666,7,1,255
942,666,6,4,251
943,666,0,1,252
944,666,0,0,254
945,666,0,0,254
946,666,0,0,254
947,666,0,0,254
948,666,0,0,254
949,666,0,0,254
950,666,0,0,254
951,666,0,0,254
952,666,8,2,255
953,666,0,4,249
954,666,4,1,255
955,666,0,0,246
375,667,4,5,253
376,667,7,6,255
377,667,3,2,255
378,667,1,3,238
379,667,4,3,254
380,667,5,4,255
381,667,4,4,255
382,667,4,4,255
383,667,0,0,253
384,667,0,0,254
385,667,0,0,254
386,667,0,0,254
387,667,0,0,254
388,667,0,0,254
389,667,0,0,254
390,667,0,0,254
391,667,0,0,254
392,667,0,0,253
393,667,3,4,254
394,667,0,0,249
395,667,9,0,254
938,667,6,0,255
939,667,0,7,246
940,667,1,4,255
941,667,0,0,241
942,667,2,1,255
943,667,0,5,243
944,667,0,0,254
945,667,0,0,254
946,667,0,0,254
947,667,0,0,254
948,667,0,0,254
949,667,0,0,254
950,667,0,0,254
951,667,0,0,254
952,667,3,1,250
953,667,0,0,249
954,667,4,2,253
375,668,2,0,249
376,668,0,0,250
377,668,4,1,255
378,668,2,1,255
379,668,0,0,239
380,668,7,6,255
381,668,0,0,254
382,668,0,0,248
383,668,1,2,253
384,668,0,0,254
385,668,0,0,254
386,668,0,0,254
387,668,0,0,254
388,668,0,0,254
389,668,0,0,254
390,668,0,0,254
391,668,0,0,254
392,668,0,5,247
393,668,1,0,254
394,668,5,0,255
395,668,6,0,254
938,668,2,5,255
939,668,0,3,255
940,668,0,0,249
941,668,3,0,253
942,668,0,0,250
943,668,0,2,254
944,668,0,0,254
945,668,0,0,254
946,668,0,0,254
947,668,0,0,254
948,668,0,0,254
949,668,0,0,254
950,668,0,0,254
951,668,0,0,254
952,668,0,0,249
953,668,0,1,253
954,668,2,2,255
376,669,5,0,255
377,669,4,4,242
378,669,0,0,250
379,669,1,0,254
380,669,0,0,237
381,669,0,0,252
382,669,0,0,250
383,669,1,2,252
384,669,0,0,254
385,669,0,0,254
386,669,0,0,254
387,669,0,0,254
388,669,0,0,254
389,669,0,0,254
390,669,0,0,254
391,669,0,0,254
392,669,0,0,242
393,669,5,4,255
394,669,4,0,252
395,669,0,0,251
937,669,15,5,255
938,669,0,0,251
939,669,0,2,255
940,669,5,4,245
941,669,0,0,253
942,669,0,0,250
943,669,0,0,252
944,669,0,0,254
945,669,0,0,254
946,669,0,0,254
947,669,0,0,254
948,669,0,0,254
949,669,0,0,254
950,669,0,0,254
951,669,0,0,254
952,669,0,0,251
953,669,3,3,255
954,669,2,2,240
376,670,3,0,253
377,670,4,0,251
378,670,0,0,236
379,670,5,2,255
380,670,8,7,255
381,670,2,3,253
382,670,0,0,251
383,670,0,0,250
384,670,0,0,254
385,670,0,0,254
386,670,0,0,254
387,670,0,0,254
388,670,0,0,254
389,670,0,0,254
390,670,0,0,254
391,670,0,0,254
392,670,3,8,255
393,670,1,0,254
394,670,3,0,241
395,670,0,4,255
936,670,4,0,250
937,670,0,0,245
938,670,0,0,240
939,670,2,0,243
940,670,8,1,254
941,670,2,2,255
942,670,1,4,255
943,670,0,0,247
944,670,0,0,254
945,670,0,0,254
946,670,0,0,254
947,670,0,0,254
948,670,0,0,254
949,670,0,0,254
950,670,0,0,254
951,670,0,0,254
952,670,8,5,255
953,670,0,0,247
954,670,4,0,249
377,671,3,0,253
378,671,6,1,253
379,671,0,0,252
380,671,3,2,255
381,671,0,0,239
382,671,3,3,255
383,671,0,0,253
384,671,0,0,254
385,671,0,0,254
386,671,0,0,254
387,671,0,0,254
388,671,0,0,254
389,671,0,0,254
390,671,0,0,254
391,671,0,0,254
392,671,0,0,249
393,671,1,0,253
394,671,3,0,251
395,671,0,2,251
935,671,26,0,255
936,671,4,6,247
937,671,2,9,255
938,671,0,0,249
939,671,11,0,255
940,671,3,0,250
941,671,0,3,255
942,671,0,0,252
943,671,11,6,249
944,671,0,0,254
945,671,0,0,254
946,671,0,0,254
947,671,0,0,254
948,671,0,0,254
949,671,0,0,254
950,671,0,0,254
951,671,0,0,254
952,671,7,1,249
953,671,0,0,253
378,672,2,0,249
379,672,0,0,253
380,672,3,8,255
381,672,0,4,244
382,672,0,3,255
383,672,0,0,250
384,672,0,0,254
385,672,0,0,254
386,672,0,0,254
387,672,0,0,254
388,672,0,0,254
389,672,0,0,254
390,672,0,0,254
391,672,0,0,254
392,672,12,2,255
393,672,1,8,255
394,672,0,0,251
395,672,4,0,254
935,672,0,2,247
936,672,0,0,254
937,672,0,0,254
938,672,0,0,254
939,672,0,0,254
940,672,0,0,254
941,672,0,0,254
942,672,0,0,254
943,672,0,0,254
944,672,7,0,255
945,672,7,0,255
946,672,0,1,250
947,672,0,0,247
948,672,6,0,250
949,672,5,0,254
950,672,0,0,248
951,672,0,3,255
952,672,0,0,252
953,672,10,0,255
381,673,5,0,245
382,673,14,4,255
383,673,2,0,254
384,673,0,0,254
385,673,0,0,254
386,673,0,0,254
387,673,0,0,254
388,673,0,0,254
389,673,0,0,254
390,673,0,0,254
391,673,0,0,254
392,673,0,0,236
393,673,0,0,252
394,673,0,0,247
395,673,6,3,255
934,673,9,0,252
935,673,0,0,253
936,673,0,0,254
937,673,0,0,254
938,673,0,0,254
939,673,0,0,254
940,673,0,0,254
941,673,0,0,254
942,673,0,0,254
943,673,0,0,254
944,673,2,0,252
945,673,0,2,254
946,673,0,0,247
947,673,6,0,254
948,673,0,0,253
949,673,0,0,248
950,673,3,0,253
951,673,0,5,254
952,673,6,0,251
383,674,2,0,254
384,674,0,0,254
385,674,0,0,254
386,674,0,0,254
387,674,0,0,254
388,674,0,0,254
389,674,0,0,254
390,674,0,0,254
391,674,0,0,254
392,674,1,4,255
393,674,2,1,255
394,674,6,3,255
395,674,0,0,237
934,674,2,0,245
935,674,5,4,255
936,674,0,0,254
937,674,0,0,254
938,674,0,0,254
939,674,0,0,254
940,674,0,0,254
941,674,0,0,254
942,674,0,0,254
943,674,0,0,254
944,674,2,5,255
945,674,0,5,245
946,674,9,8,255
947,674,3,0,253
948,674,0,0,235
949,674,0,3,255
950,674,8,0,255
951,674,3,2,254
383,675,1,0,250
384,675,0,0,254
385,675,0,0,254
386,675,0,0,254
387,675,0,0,254
388,675,0,0,254
389,675,0,0,254
390,675,0,0,254
391,675,0,0,254
392,675,0,0,249
393,675,2,0,249
394,675,7,1,255
395,675,4,4,248
934,675,0,0,252
935,675,2,1,255
936,675,0,0,254
937,675,0,0,254
938,675,0,0,254
939,675,0,0,254
940,675,0,0,254
941,675,0,0,254
942,675,0,0,254
943,675,0,0,254
944,675,0,0,244
945,675,3,0,244
946,675,0,0,254
947,675,0,5,255
948,675,0,2,254
949,675,0,0,251
950,675,0,0,252
383,676,9,2,253
384,676,0,0,254
385,676,0,0,254
386,676,0,0,254
387,676,0,0,254
388,676,0,0,254
389,676,0,0,254
390,676,0,0,254
391,676,0,0,254
392,676,0,12,255
393,676,5,0,254
394,676,4,0,237
395,676,4,3,255
396,676,11,0,255
934,676,0,4,249
935,676,1,0,254
936,676,0,0,254
937,676,0,0,254
938,676,0,0,254
939,676,0,0,254
940,676,0,0,254
941,676,0,0,254
942,676,0,0,254
943,676,0,0,254
944,676,3,5,250
945,676,8,0,252
946,676,0,2,254
947,676,0,7,238
948,676,0,2,249
949,676,0,0,254
950,676,11,0,251
383,677,6,5,255
384,677,0,0,254
385,677,0,0,254
386,677,0,0,254
387,677,0,0,254
388,677,0,0,254
389,677,0,0,254
390,677,0,0,254
391,677,0,0,254
392,677,0,3,253
393,677,8,3,245
394,677,3,0,253
395,677,2,0,254
396,677,1,0,253
397,677,10,0,250
933,677,13,0,242
934,677,6,6,255
935,677,0,0,249
936,677,0,0,254
937,677,0,0,254
938,677,0,0,254
939,677,0,0,254
940,677,0,0,254
941,677,0,0,254
942,677,0,0,254
943,677,0,0,254
944,677,8,0,254
945,677,0,0,250
946,677,0,3,254
947,677,0,0,250
948,677,0,3,250
949,677,6,0,255
383,678,0,1,253
384,678,0,0,254
385,678,0,0,254
386,678,0,0,254
387,678,0,0,254
388,678,0,0,254
389,678,0,0,254
390,678,0,0,254
391,678,0,0,254
392,678,0,5,254
393,678,1,0,251
394,678,1,3,248
395,678,3,0,253
396,678,0,0,252
397,678,0,0,244
398,678,11,1,255
933,678,0,0,242
934,678,1,0,253
935,678,2,7,255
936,678,0,0,254
937,678,0,0,254
938,678,0,0,254
939,678,0,0,254
940,678,0,0,254
941,678,0,0,254
942,678,0,0,254
943,678,0,0,254
944,678,4,0,251
945,678,0,3,255
946,678,0,5,239
947,678,6,1,253
948,678,6,2,247
949,678,13,0,251
383,679,0,0,247
384,679,0,0,254
385,679,0,0,254
386,679,0,0,254
387,679,0,0,254
388,679,0,0,254
389,679,0,0,254
390,679,0,0,254
391,679,0,0,254
392,679,0,0,251
393,679,7,4,255
394,679,0,0,249
395,679,6,1,244
396,679,0,5,255
397,679,0,2,254
398,679,0,0,243
933,679,0,0,252
934,679,10,2,255
935,679,0,1,249
936,679,0,0,254
937,679,0,0,254
938,679,0,0,254
939,679,0,0,254
940,679,0,0,254
941,679,0,0,254
942,679,0,0,254
943,679,0,0,254
944,679,0,3,250
945,679,3,0,255
946,679,0,2,255
947,679,2,0,252
383,680,0,1,246
384,680,0,0,246
385,680,1,1,255
386,680,0,0,251
387,680,3,4,255
388,680,0,0,253
389,680,0,0,236
390,680,5,4,255
391,680,3,2,255
392,680,0,2,254
393,680,5,2,255
394,680,0,1,251
395,680,0,0,250
396,680,8,0,254
397,680,0,4,255
398,680,0,2,251
932,680,0,0,250
933,680,0,5,255
934,680,0,0,252
935,680,0,0,253
936,680,0,0,254
937,680,0,0,254
938,680,0,0,254
939,680,0,0,254
940,680,0,0,254
941,680,0,0,254
942,680,0,0,254
943,680,0,0,254
944,680,0,0,246
945,680,0,0,251
383,681,1,1,255
384,681,2,2,255
385,681,0,0,253
386,681,0,0,250
387,681,0,2,247
388,681,7,7,255
389,681,0,0,248
390,681,0,0,249
391,681,2,1,255
392,681,0,4,250
393,681,0,0,251
394,681,1,7,249
395,681,0,0,252
396,681,5,0,252
397,681,0,1,253
398,681,0,3,255
932,681,3,2,254
933,681,0,3,255
934,681,2,5,255
935,681,0,0,252
936,681,0,0,254
937,681,0,0,254
938,681,0,0,254
939,681,0,0,254
940,681,0,0,254
941,681,0,0,254
942,681,0,0,254
943,681,0,0,254
944,681,0,2,255
945,681,0,1,249
383,682,0,0,248
384,682,0,0,243
385,682,0,0,252
386,682,4,4,255
387,682,0,0,253
388,682,0,0,252
389,682,1,1,255
390,682,0,0,246
391,682,0,2,241
392,682,0,0,252
393,682,2,1,255
394,682,0,1,248
395,682,0,0,252
396,682,2,0,251
397,682,1,9,255
398,682,0,0,252
932,682,0,0,249
933,682,0,0,253
934,682,0,2,253
935,682,0,0,252
936,682,0,0,254
937,682,0,0,254
938,682,0,0,254
939,682,0,0,254
940,682,0,0,254
941,682,0,0,254
942,682,0,0,254
943,682,0,0,254
944,682,0,0,252
945,682,10,6,241
383,683,5,1,248
384,683,7,6,255
385,683,3,2,255
386,683,1,3,238
387,683,4,3,254
388,683,5,4,255
389,683,4,4,255
390,683,4,4,255
391,683,0,0,253
392,683,3,8,255
393,683,3,2,254
394,683,1,1,255
395,683,0,0,253
396,683,3,0,242
397,683,0,4,255
398,683,0,0,252
932,683,7,4,255
933,683,1,1,255
934,683,2,2,255
935,683,1,3,248
936,683,0,0,254
937,683,0,0,254
938,683,0,0,254
939,683,0,0,254
940,683,0,0,254
941,683,0,0,254
942,683,0,0,254
943,683,0,0,254
944,683,1,0,253
945,683,15,0,255
383,684,10,0,249
384,684,0,0,250
385,684,4,1,255
386,684,2,1,255
387,684,0,0,239
388,684,7,6,255
389,684,0,0,254
390,684,0,0,248
391,684,1,2,253
392,684,0,0,247
393,684,0,0,252
394,684,0,0,248
395,684,2,2,250
396,684,0,0,252
397,684,0,4,246
398,684,0,0,250
399,684,12,0,255
931,684,7,0,252
932,684,0,0,243
933,684,0,0,250
934,684,1,1,249
935,684,0,0,253
936,684,0,0,254
937,684,0,0,254
938,684,0,0,254
939,684,0,0,254
940,684,0,0,254
941,684,0,0,254
942,684,0,0,254
943,684,0,0,254
944,684,6,1,251
383,685,20,0,255
384,685,5,0,255
385,685,4,4,242
386,685,0,0,250
387,685,1,0,254
388,685,0,0,237
389,685,0,0,252
390,685,0,0,250
391,685,1,2,252
392,685,1,4,255
393,685,0,0,246
394,685,2,1,255
395,685,3,3,249
396,685,1,2,252
397,685,0,0,251
398,685,1,0,254
399,685,6,0,255
400,685,9,0,249
931,685,1,0,253
932,685,7,2,254
933,685,3,0,253
934,685,3,0,255
935,685,0,3,255
936,685,0,0,254
937,685,0,0,254
938,685,0,0,254
939,685,0,0,254
940,685,0,0,254
941,685,0,0,254
942,685,0,0,254
943,685,0,0,254
944,685,7,0,249
384,686,3,0,253
385,686,4,0,251
386,686,0,0,236
387,686,5,2,255
388,686,8,7,255
389,686,2,3,253
390,686,0,0,251
391,686,0,0,250
392,686,0,0,254
393,686,4,4,255
394,686,0,0,251
395,686,3,2,255
396,686,0,1,248
397,686,5,4,255
398,686,0,0,247
399,686,0,3,255
400,686,3,1,250
401,686,9,0,255
931,686,0,3,255
932,686,2,0,250
933,686,0,0,250
934,686,0,0,251
935,686,0,4,255
936,686,0,0,254
937,686,0,0,254
938,686,0,0,254
939,686,0,0,254
940,686,0,0,254
941,686,0,0,254
942,686,0,0,254
943,686,0,0,254
944,686,6,0,249
385,687,3,0,253
386,687,6,1,253
387,687,0,0,252
388,687,3,2,255
389,687,0,0,239
390,687,3,3,255
391,687,0,0,253
392,687,1,1,255
393,687,0,0,252
394,687,3,0,253
395,687,2,1,255
396,687,0,0,249
397,687,3,3,251
398,687,0,0,252
399,687,0,3,255
400,687,2,7,255
401,687,1,0,246
402,687,10,0,245
931,687,0,1,252
932,687,7,0,254
933,687,1,0,248
934,687,6,3,255
935,687,0,3,255
936,687,0,0,254
937,687,0,0,254
938,687,0,0,254
939,687,0,0,254
940,687,0,0,254
941,687,0,0,254
942,687,0,0,254
943,687,0,0,254
386,688,0,0,252
387,688,1,4,255
388,688,4,0,254
389,688,2,9,255
390,688,4,0,243
391,688,5,2,255
392,688,0,0,254
393,688,0,0,254
394,688,0,0,254
395,688,0,0,254
396,688,0,0,254
397,688,0,0,254
398,688,0,0,254
399,688,0,0,254
400,688,2,0,254
401,688,0,2,255
402,688,0,0,253
931,688,3,4,255
932,688,1,0,253
933,688,0,6,254
934,688,10,0,254
935,688,0,3,254
936,688,0,0,254
937,688,0,0,254
938,688,0,0,254
939,688,0,0,254
940,688,0,0,254
941,688,0,0,254
942,688,0,0,254
943,688,0,0,254
386,689,0,0,254
387,689,0,3,255
388,689,0,0,247
389,689,0,4,241
390,689,4,0,253
391,689,0,0,251
392,689,0,0,254
393,689,0,0,254
394,689,0,0,254
395,689,0,0,254
396,689,0,0,254
397,689,0,0,254
398,689,0,0,254
399,689,0,0,254
400,689,2,0,254
401,689,0,2,255
402,689,0,0,253
931,689,0,0,238
932,689,5,4,255
933,689,0,3,238
934,689,5,0,251
935,689,0,0,250
936,689,0,0,254
937,689,0,0,254
938,689,0,0,254
939,689,0,0,254
940,689,0,0,254
941,689,0,0,254
942,689,0,0,254
943,689,0,0,254
386,690,6,3,255
387,690,0,3,255
388,690,0,0,253
389,690,0,2,253
390,690,5,3,252
391,690,1,1,255
392,690,0,0,254
393,690,0,0,254
394,690,0,0,254
395,690,0,0,254
396,690,0,0,254
397,690,0,0,254
398,690,0,0,254
399,690,0,0,254
400,690,2,0,254
401,690,0,2,255
402,690,0,0,253
931,690,0,2,255
932,690,1,3,244
933,690,1,8,255
934,690,8,0,255
935,690,0,0,252
936,690,0,0,254
937,690,0,0,254
938,690,0,0,254
939,690,0,0,254
940,690,0,0,254
941,690,0,0,254
942,690,0,0,254
943,690,0,0,254
386,691,9,0,255
387,691,0,1,252
388,691,0,0,250
389,691,0,7,255
390,691,0,1,254
391,691,3,6,243
392,691,0,0,254
393,691,0,0,254
394,691,0,0,254
395,691,0,0,254
396,691,0,0,254
397,691,0,0,254
398,691,0,0,254
399,691,0,0,254
400,691,2,0,254
401,691,0,2,255
402,691,0,0,253
931,691,0,0,251
932,691,0,2,255
933,691,0,1,247
934,691,10,0,255
935,691,1,1,249
936,691,0,0,254
937,691,0,0,254
938,691,0,0,254
939,691,0,0,254
940,691,0,0,254
941,691,0,0,254
942,691,0,0,254
943,691,0,0,254
386,692,8,0,243
387,692,2,0,252
388,692,7,6,255
389,692,0,4,255
390,692,0,3,233
391,692,0,0,248
392,692,0,0,254
393,692,0,0,254
394,692,0,0,254
395,692,0,0,254
396,692,0,0,254
397,692,0,0,254
398,692,0,0,254
399,692,0,0,254
400,692,2,0,254
401,692,0,2,255
402,692,0,0,253
930,692,14,0,254
931,692,0,2,244
932,692,1,4,255
933,692,0,1,254
934,692,0,0,238
935,692,5,4,255
936,692,0,0,254
937,692,0,0,254
938,692,0,0,254
939,692,0,0,254
940,692,0,0,254
941,692,0,0,254
942,692,0,0,254
943,692,0,0,254
387,693,2,0,247
388,693,5,2,255
389,693,0,1,253
390,693,0,0,251
391,693,8,5,255
392,693,0,0,254
393,693,0,0,254
394,693,0,0,254
395,693,0,0,254
396,693,0,0,254
397,693,0,0,254
398,693,0,0,254
399,693,0,0,254
400,693,2,0,254
401,693,0,2,255
402,693,0,0,253
929,693,8,0,236
930,693,12,6,252
931,693,0,0,252
932,693,0,0,251
933,693,0,0,253
934,693,1,0,254
935,693,4,4,255
936,693,0,0,254
937,693,0,0,254
938,693,0,0,254
939,693,0,0,254
940,693,0,0,254
941,693,0,0,254
942,693,0,0,254
943,693,0,0,254
387,694,18,2,255
388,694,3,0,252
389,694,0,3,250
390,694,0,2,254
391,694,0,0,244
392,694,0,0,254
393,694,0,0,254
394,694,0,0,254
395,694,0,0,254
396,694,0,0,254
397,694,0,0,254
398,694,0,0,254
399,694,0,0,254
400,694,2,0,254
401,694,0,2,255
402,694,0,0,253
927,694,5,0,250
928,694,5,0,252
929,694,0,0,251
930,694,0,2,252
931,694,0,0,236
932,694,11,8,255
933,694,6,3,255
934,694,0,3,255
935,694,0,0,237
936,694,0,0,254
937,694,0,0,254
938,694,0,0,254
939,694,0,0,254
940,694,0,0,254
941,694,0,0,254
942,694,0,0,254
943,694,0,0,254
388,695,6,0,248
389,695,0,0,253
390,695,0,4,252
391,695,9,2,255
392,695,0,0,254
393,695,0,0,254
394,695,0,0,254
395,695,0,0,254
396,695,0,0,254
397,695,0,0,254
398,695,0,0,254
399,695,0,0,254
400,695,2,0,254
401,695,0,2,255
402,695,0,0,253
926,695,10,0,255
927,695,0,0,252
928,695,2,3,254
929,695,0,2,254
930,695,0,4,254
931,695,2,0,254
932,695,3,0,252
933,695,3,1,234
934,695,0,3,255
935,695,0,0,252
936,695,0,0,254
937,695,0,0,254
938,695,0,0,254
939,695,0,0,254
940,695,0,0,254
941,695,0,0,254
942,695,0,0,254
943,695,0,0,254
390,696,0,0,251
391,696,0,0,254
392,696,0,0,254
393,696,0,0,254
394,696,0,0,254
395,696,0,0,254
396,696,0,0,254
397,696,0,0,254
398,696,0,0,254
399,696,0,0,254
400,696,1,1,249
401,696,0,0,250
402,696,6,3,255
925,696,0,3,255
926,696,0,0,237
927,696,0,2,255
928,696,0,0,254
929,696,0,0,254
930,696,0,0,254
931,696,0,0,254
932,696,0,0,254
933,696,0,0,254
934,696,0,0,254
935,696,0,0,254
936,696,1,2,250
937,696,0,0,253
938,696,3,2,255
939,696,2,1,255
940,696,3,0,255
941,696,4,1,255
942,696,2,1,255
943,696,0,0,253
390,697,0,0,251
391,697,0,0,254
392,697,0,0,254
393,697,0,0,254
394,697,0,0,254
395,697,0,0,254
396,697,0,0,254
397,697,0,0,254
398,697,0,0,254
399,697,0,0,254
400,697,5,5,255
401,697,0,2,248
402,697,0,0,249
403,697,14,0,253
924,697,13,0,255
925,697,1,0,248
926,697,0,4,240
927,697,0,2,255
928,697,0,0,254
929,697,0,0,254
930,697,0,0,254
931,697,0,0,254
932,697,0,0,254
933,697,0,0,254
934,697,0,0,254
935,697,0,0,254
936,697,0,0,243
937,697,1,1,255
938,697,5,4,255
939,697,0,0,251
940,697,2,2,248
941,697,0,0,246
942,697,0,2,241
943,697,0,0,254
390,698,0,0,251
391,698,0,0,254
392,698,0,0,254
393,698,0,0,254
394,698,0,0,254
395,698,0,0,254
396,698,0,0,254
397,698,0,0,254
398,698,0,0,254
399,698,0,0,254
400,698,0,0,247
401,698,0,3,252
402,698,1,0,254
403,698,0,0,238
404,698,9,0,252
924,698,4,0,247
925,698,5,0,252
926,698,0,4,255
927,698,0,0,240
928,698,0,0,254
929,698,0,0,254
930,698,0,0,254
931,698,0,0,254
932,698,0,0,254
933,698,0,0,254
934,698,0,0,254
935,698,0,0,254
936,698,2,4,245
937,698,0,0,249
938,698,3,2,255
939,698,0,0,253
940,698,6,9,255
941,698,0,3,245
942,698,2,5,255
943,698,0,0,254
390,699,0,0,251
391,699,0,0,254
392,699,0,0,254
393,699,0,0,254
394,699,0,0,254
395,699,0,0,254
396,699,0,0,254
397,699,0,0,254
398,699,0,0,254
399,699,0,0,254
400,699,1,4,255
401,699,0,0,250
402,699,5,5,255
403,699,1,6,255
404,699,0,0,254
405,699,15,0,255
924,699,2,0,251
925,699,2,0,252
926,699,3,6,255
927,699,0,0,251
928,699,0,0,254
929,699,0,0,254
930,699,0,0,254
931,699,0,0,254
932,699,0,0,254
933,699,0,0,254
934,699,0,0,254
935,699,0,0,254
936,699,3,3,255
937,699,0,0,251
938,699,0,0,252
939,699,1,3,244
940,699,0,0,250
941,699,0,6,255
942,699,0,0,242
943,699,3,2,255
390,700,0,0,251
391,700,0,0,254
392,700,0,0,254
393,700,0,0,254
394,700,0,0,254
395,700,0,0,254
396,700,0,0,254
397,700,0,0,254
398,700,0,0,254
399,700,0,0,254
400,700,0,2,255
401,700,2,1,255
402,700,0,2,243
403,700,0,6,253
404,700,0,1,248
405,700,4,0,254
923,700,11,0,255
924,700,7,0,255
925,700,3,6,255
926,700,4,1,255
927,700,0,3,255
928,700,0,0,254
929,700,0,0,254
930,700,0,0,254
931,700,0,0,254
932,700,0,0,254
933,700,0,0,254
934,700,0,0,254
935,700,0,0,254
936,700,0,0,253
937,700,7,6,255
938,700,2,0,254
939,700,0,0,249
940,700,0,1,236
941,700,0,4,255
942,700,0,0,250
943,700,6,0,249
390,701,0,0,251
391,701,0,0,254
392,701,0,0,254
393,701,0,0,254
394,701,0,0,254
395,701,0,0,254
396,701,0,0,254
397,701,0,0,254
398,701,0,0,254
399,701,0,0,254
400,701,0,0,247
401,701,0,0,245
402,701,0,0,249
403,701,0,1,254
404,701,0,5,254
405,701,0,1,240
406,701,9,0,244
923,701,0,4,251
924,701,5,2,241
925,701,0,0,244
926,701,10,2,255
927,701,0,0,241
928,701,0,0,254
929,701,0,0,254
930,701,0,0,254
931,701,0,0,254
932,701,0,0,254
933,701,0,0,254
934,701,0,0,254
935,701,0,0,254
936,701,0,0,250
937,701,0,0,252
938,701,5,0,255
939,701,5,4,255
940,701,0,0,251
941,701,0,0,249
942,701,11,1,255
390,702,0,0,251
391,702,0,0,254
392,702,0,0,254
393,702,0,0,254
394,702,0,0,254
395,702,0,0,254
396,702,0,0,254
397,702,0,0,254
398,702,0,0,254
399,702,0,0,254
400,702,4,4,255
401,702,0,3,255
402,702,0,0,249
403,702,6,0,255
404,702,7,8,255
405,702,0,0,248
406,702,12,2,255
923,702,0,0,250
924,702,0,1,253
925,702,0,3,255
926,702,2,0,252
927,702,5,5,255
928,702,0,0,254
929,702,0,0,254
930,702,0,0,254
931,702,0,0,254
932,702,0,0,254
933,702,0,0,254
934,702,0,0,254
935,702,0,0,254
936,702,0,5,251
937,702,2,1,253
938,702,2,0,251
939,702,3,2,246
940,702,0,3,255
941,702,4,3,255
942,702,13,0,253
390,703,0,0,251
391,703,0,0,254
392,703,0,0,254
393,703,0,0,254
394,703,0,0,254
395,703,0,0,254
396,703,0,0,254
397,703,0,0,254
398,703,0,0,254
399,703,0,0,254
400,703,2,2,248
401,703,1,7,251
402,703,0,0,247
403,703,11,0,255
404,703,2,0,251
405,703,0,8,255
406,703,3,0,253
923,703,2,1,255
924,703,0,2,250
925,703,9,3,255
926,703,0,1,252
927,703,0,0,249
928,703,0,0,254
929,703,0,0,254
930,703,0,0,254
931,703,0,0,254
932,703,0,0,254
933,703,0,0,254
934,703,0,0,254
935,703,0,0,254
936,703,0,4,255
937,703,0,0,252
938,703,9,0,255
939,703,1,0,251
940,703,2,3,254
941,703,7,1,255
390,704,3,0,243
391,704,0,5,244
392,704,0,2,254
393,704,0,5,248
394,704,1,0,253
395,704,0,0,248
396,704,0,4,243
397,704,3,0,253
398,704,0,4,255
399,704,0,0,249
400,704,7,4,255
401,704,0,0,251
402,704,4,3,255
403,704,5,5,251
404,704,0,0,239
405,704,0,2,254
406,704,4,3,255
923,704,1,5,254
924,704,3,0,252
925,704,0,0,249
926,704,1,5,252
927,704,4,0,253
928,704,0,0,254
929,704,0,0,254
930,704,0,0,254
931,704,0,0,254
932,704,0,0,254
933,704,0,0,254
934,704,0,0,254
935,704,0,0,254
936,704,0,0,239
937,704,7,4,255
938,704,0,0,253
939,704,2,0,249
390,705,11,0,253
391,705,0,0,254
392,705,0,4,246
393,705,0,3,254
394,705,0,0,252
395,705,0,5,247
396,705,5,5,255
397,705,9,5,248
398,705,0,3,255
399,705,4,4,248
400,705,1,0,250
401,705,0,0,248
402,705,2,1,255
403,705,0,0,244
404,705,3,2,254
405,705,0,0,252
406,705,0,0,243
923,705,0,1,254
924,705,8,0,255
925,705,0,5,255
926,705,0,0,249
927,705,6,0,255
928,705,0,0,254
929,705,0,0,254
930,705,0,0,254
931,705,0,0,254
932,705,0,0,254
933,705,0,0,254
934,705,0,0,254
935,705,0,0,254
936,705,0,1,254
937,705,7,0,235
391,706,14,0,255
392,706,11,3,255
393,706,2,2,255
394,706,0,0,253
395,706,1,4,255
396,706,0,0,251
397,706,0,0,240
398,706,0,5,241
399,706,0,0,252
400,706,3,3,247
401,706,0,0,246
402,706,6,5,255
403,706,4,4,255
404,706,3,2,255
405,706,0,0,247
406,706,1,2,242
923,706,0,0,251
924,706,3,0,253
925,706,0,1,253
926,706,1,3,246
927,706,2,0,254
928,706,0,0,254
929,706,0,0,254
930,706,0,0,254
931,706,0,0,254
932,706,0,0,254
933,706,0,0,254
934,706,0,0,254
935,706,0,0,254
936,706,3,3,255
392,707,9,0,251
393,707,9,1,255
394,707,0,0,238
395,707,0,2,242
396,707,2,2,255
397,707,3,0,255
398,707,0,0,254
399,707,4,4,255
400,707,0,0,251
401,707,0,2,255
402,707,0,0,241
403,707,0,0,252
404,707,0,0,249
405,707,3,5,246
406,707,0,0,253
923,707,0,4,251
924,707,2,0,247
925,707,1,4,255
926,707,0,0,248
927,707,0,0,244
928,707,0,0,254
929,707,0,0,254
930,707,0,0,254
931,707,0,0,254
932,707,0,0,254
933,707,0,0,254
934,707,0,0,254
935,707,0,0,254
936,707,2,1,255
393,708,10,0,247
394,708,0,0,240
395,708,3,6,255
396,708,0,0,254
397,708,0,0,253
398,708,7,4,255
399,708,0,0,248
400,708,6,6,255
401,708,5,5,255
402,708,0,0,242
403,708,0,1,250
404,708,3,3,255
405,708,0,0,249
406,708,1,1,255
923,708,0,0,253
924,708,6,3,255
925,708,0,0,248
926,708,4,3,255
927,708,3,3,255
928,708,0,0,254
929,708,0,0,254
930,708,0,0,254
931,708,0,0,254
932,708,0,0,254
933,708,0,0,254
934,708,0,0,254
935,708,0,0,254
936,708,0,2,254
394,709,0,0,234
395,709,2,6,251
396,709,0,0,252
397,709,0,0,246
398,709,8,2,255
399,709,0,3,255
400,709,0,0,251
401,709,1,1,255
402,709,0,0,247
403,709,1,8,255
404,709,1,1,255
405,709,2,0,240
406,709,0,1,254
407,709,8,0,251
923,709,5,5,255
924,709,4,2,249
925,709,0,0,249
926,709,0,0,250
927,709,0,3,255
928,709,0,0,254
929,709,0,0,254
930,709,0,0,254
931,709,0,0,254
932,709,0,0,254
933,709,0,0,254
934,709,0,0,254
935,709,0,0,254
936,709,0,4,255
394,710,7,6,255
395,710,0,1,253
396,710,0,0,251
397,710,0,0,251
398,710,3,0,252
399,710,0,5,254
400,710,0,6,242
401,710,0,0,246
402,710,4,1,255
403,710,0,2,236
404,710,0,0,253
405,710,7,0,255
406,710,0,3,255
407,710,7,0,243
922,710,7,0,253
923,710,1,4,241
924,710,0,0,246
925,710,0,0,245
926,710,10,7,255
927,710,0,0,252
928,710,0,0,254
929,710,0,0,254
930,710,0,0,254
931,710,0,0,254
932,710,0,0,254
933,710,0,0,254
934,710,0,0,254
935,710,0,0,254
936,710,12,0,255
394,711,0,0,253
395,711,0,1,253
396,711,4,3,255
397,711,2,3,254
398,711,4,0,249
399,711,0,0,251
400,711,0,0,251
401,711,5,4,255
402,711,7,4,255
403,711,0,5,255
404,711,0,1,251
405,711,5,1,235
406,711,0,3,252
407,711,5,0,255
922,711,3,0,245
923,711,0,0,254
924,711,2,1,255
925,711,0,0,249
926,711,2,0,254
927,711,0,3,255
928,711,0,0,254
929,711,0,0,254
930,711,0,0,254
931,711,0,0,254
932,711,0,0,254
933,711,0,0,254
934,711,0,0,254
935,711,0,0,254
395,712,0,0,245
396,712,6,3,255
397,712,1,4,255
398,712,0,1,252
399,712,2,1,242
400,712,0,0,254
401,712,0,0,254
402,712,0,0,254
403,712,0,0,254
404,712,0,0,254
405,712,0,0,254
406,712,0,0,254
407,712,0,0,254
408,712,5,0,251
922,712,7,1,255
923,712,2,3,254
924,712,1,0,251
925,712,9,0,255
926,712,0,0,252
927,712,0,4,255
928,712,0,7,255
929,712,6,0,253
930,712,0,2,255
931,712,6,6,252
932,712,3,0,255
933,712,0,0,243
934,712,12,2,255
935,712,0,2,251
395,713,1,0,244
396,713,0,0,247
397,713,0,0,238
398,713,1,6,255
399,713,1,0,254
400,713,0,0,254
401,713,0,0,254
402,713,0,0,254
403,713,0,0,254
404,713,0,0,254
405,713,0,0,254
406,713,0,0,254
407,713,0,0,254
408,713,5,0,245
921,713,13,0,253
922,713,4,3,255
923,713,0,3,255
924,713,3,2,246
925,713,2,0,251
926,713,2,1,253
927,713,0,5,251
928,713,0,0,252
929,713,2,2,255
930,713,5,0,255
931,713,0,0,253
932,713,3,6,255
933,713,0,0,247
934,713,4,1,255
935,713,2,0,252
395,714,15,0,254
396,714,1,9,255
397,714,2,0,254
398,714,3,6,255
399,714,0,2,255
400,714,0,0,254
401,714,0,0,254
402,714,0,0,254
403,714,0,0,254
404,714,0,0,254
405,714,0,0,254
406,714,0,0,254
407,714,0,0,254
408,714,0,0,253
409,714,14,0,255
921,714,11,1,255
922,714,0,0,249
923,714,0,0,251
924,714,5,4,255
925,714,5,0,255
926,714,0,0,252
927,714,0,0,250
928,714,3,2,254
929,714,0,0,239
930,714,9,0,255
931,714,0,0,253
932,714,0,2,253
933,714,0,0,253
934,714,0,1,242
396,715,0,0,252
397,715,5,0,255
398,715,6,5,255
399,715,0,0,239
400,715,0,0,254
401,715,0,0,254
402,715,0,0,254
403,715,0,0,254
404,715,0,0,254
405,715,0,0,254
406,715,0,0,254
407,715,0,0,254
408,715,0,1,253
409,715,0,0,252
920,715,6,0,249
921,715,0,0,250
922,715,0,4,255
923,715,0,1,236
924,715,0,0,249
925,715,2,0,254
926,715,7,6,255
927,715,0,0,253
928,715,3,1,250
929,715,0,6,250
930,715,2,0,251
931,715,4,4,250
932,715,0,7,255
933,715,0,6,255
934,715,3,0,241
396,716,1,2,240
397,716,3,0,253
398,716,5,6,247
399,716,0,0,244
400,716,0,0,254
401,716,0,0,254
402,716,0,0,254
403,716,0,0,254
404,716,0,0,254
405,716,0,0,254
406,716,0,0,254
407,716,0,0,254
408,716,0,1,250
409,716,1,4,255
410,716,3,0,239
920,716,3,2,255
921,716,0,0,242
922,716,0,6,255
923,716,0,0,250
924,716,1,3,244
925,716,0,0,252
926,716,0,0,251
927,716,3,3,255
928,716,1,1,255
929,716,2,0,254
930,716,0,2,255
931,716,5,0,253
932,716,0,3,255
933,716,0,5,255
396,717,9,0,248
397,717,7,6,255
398,717,0,0,247
399,717,0,4,236
400,717,0,0,254
401,717,0,0,254
402,717,0,0,254
403,717,0,0,254
404,717,0,0,254
405,717,0,0,254
406,717,0,0,254
407,717,0,0,254
408,717,0,0,252
409,717,2,2,255
410,717,5,2,255
411,717,12,0,248
920,717,0,0,254
921,717,2,5,255
922,717,0,3,245
923,717,6,9,255
924,717,0,0,253
925,717,3,2,255
926,717,0,0,249
927,717,2,4,245
928,717,0,6,252
929,717,4,0,239
930,717,0,0,250
931,717,3,0,253
932,717,0,0,249
933,717,0,2,239
397,718,0,0,249
398,718,0,2,255
399,718,0,0,251
400,718,0,0,254
401,718,0,0,254
402,718,0,0,254
403,718,0,0,254
404,718,0,0,254
405,718,0,0,254
406,718,0,0,254
407,718,0,0,254
408,718,0,0,253
409,718,0,0,238
410,718,0,0,249
411,718,0,0,247
412,718,6,0,249
919,718,14,0,255
920,718,0,0,254
921,718,0,2,241
922,718,0,0,246
923,718,2,2,248
924,718,0,0,251
925,718,5,4,255
926,718,1,1,255
927,718,0,0,243
928,718,0,0,250
929,718,4,3,255
930,718,4,5,253
931,718,1,0,252
932,718,3,0,252
933,718,13,0,253
397,719,0,3,255
398,719,0,5,255
399,719,0,0,253
400,719,0,0,254
401,719,0,0,254
402,719,0,0,254
403,719,0,0,254
404,719,0,0,254
405,719,0,0,254
406,719,0,0,254
407,719,0,0,254
408,719,6,5,255
409,719,0,0,246
410,719,4,4,255
411,719,0,7,248
412,719,1,0,253
919,719,9,0,244
920,719,0,0,253
921,719,2,1,255
922,719,4,1,255
923,719,3,0,255
924,719,2,1,255
925,719,3,2,255
926,719,0,0,253
927,719,1,2,250
928,719,0,4,255
929,719,0,2,254
930,719,0,0,242
931,719,0,1,253
932,719,14,6,255
397,720,5,0,255
398,720,0,3,251
399,720,4,2,251
400,720,0,0,252
401,720,0,3,236
402,720,1,0,250
403,720,6,5,255
404,720,0,0,251
405,720,0,0,244
406,720,5,0,253
407,720,0,0,250
408,720,1,0,254
409,720,0,1,254
410,720,0,0,252
411,720,0,1,254
412,720,8,7,255
413,720,2,2,238
919,720,0,3,255
920,720,0,0,254
921,720,0,0,254
922,720,0,0,254
923,720,0,0,254
924,720,0,0,254
925,720,0,0,254
926,720,0,0,254
927,720,0,0,254
928,720,0,0,252
929,720,3,3,255
930,720,5,0,255
931,720,2,2,255
932,720,4,0,247
398,721,4,0,251
399,721,0,0,252
400,721,1,2,250
401,721,0,5,255
402,721,2,1,252
403,721,0,0,252
404,721,3,8,255
405,721,0,1,239
406,721,8,2,255
407,721,0,4,255
408,721,4,3,254
409,721,1,5,254
410,721,0,0,251
411,721,0,0,247
412,721,9,8,255
413,721,0,0,232
919,721,0,0,254
920,721,0,0,254
921,721,0,0,254
922,721,0,0,254
923,721,0,0,254
924,721,0,0,254
925,721,0,0,254
926,721,0,0,254
927,721,0,0,254
928,721,0,0,248
929,721,0,0,253
930,721,3,0,250
931,721,0,1,254
399,722,3,0,252
400,722,0,0,243
401,722,0,2,255
402,722,3,3,255
403,722,0,0,250
404,722,0,0,249
405,722,0,0,246
406,722,6,3,255
407,722,0,2,254
408,722,6,7,247
409,722,0,0,248
410,722,6,6,255
411,722,0,1,254
412,722,3,2,255
413,722,5,2,255
918,722,11,0,251
919,722,6,5,255
920,722,0,0,254
921,722,0,0,254
922,722,0,0,254
923,722,0,0,254
924,722,0,0,254
925,722,0,0,254
926,722,0,0,254
927,722,0,0,254
928,722,1,0,254
929,722,2,10,255
930,722,2,0,248
931,722,4,5,255
399,723,13,0,250
400,723,13,0,255
401,723,0,3,254
402,723,0,0,249
403,723,4,1,255
404,723,4,6,247
405,723,2,2,255
406,723,0,0,251
407,723,1,6,255
408,723,1,0,254
409,723,0,0,247
410,723,0,0,252
411,723,0,5,241
412,723,0,0,246
413,723,4,3,255
918,723,2,0,251
919,723,0,0,241
920,723,0,0,254
921,723,0,0,254
922,723,0,0,254
923,723,0,0,254
924,723,0,0,254
925,723,0,0,254
926,723,0,0,254
927,723,0,0,254
928,723,0,0,253
929,723,0,2,254
930,723,11,0,255
931,723,0,0,251
400,724,15,0,253
401,724,0,0,254
402,724,0,8,251
403,724,0,0,251
404,724,3,2,255
405,724,3,3,255
406,724,0,0,236
407,724,0,0,245
408,724,0,0,248
409,724,0,0,254
410,724,6,6,255
411,724,0,5,247
412,724,1,1,255
413,724,0,0,252
918,724,0,0,250
919,724,3,3,255
920,724,0,0,254
921,724,0,0,254
922,724,0,0,254
923,724,0,0,254
924,724,0,0,254
925,724,0,0,254
926,724,0,0,254
927,724,0,0,254
928,724,0,0,250
929,724,0,3,242
930,724,10,0,255
931,724,13,1,235
401,725,1,4,239
402,725,0,4,255
403,725,1,0,248
404,725,0,0,240
405,725,5,5,255
406,725,0,0,251
407,725,4,6,249
408,725,6,4,255
409,725,0,0,253
410,725,0,0,248
411,725,0,3,255
412,725,0,0,253
413,725,5,5,255
917,725,15,0,254
918,725,4,4,255
919,725,3,6,255
920,725,0,0,254
921,725,0,0,254
922,725,0,0,254
923,725,0,0,254
924,725,0,0,254
925,725,0,0,254
926,725,0,0,254
927,725,0,0,254
928,725,0,0,251
929,725,3,3,255
930,725,1,1,249
401,726,0,0,253
402,726,0,4,237
403,726,4,3,247
404,726,10,4,255
405,726,0,0,252
406,726,3,3,255
407,726,0,0,253
408,726,1,0,253
409,726,0,0,245
410,726,0,0,235
411,726,0,0,253
412,726,0,0,253
413,726,2,2,255
917,726,1,0,248
918,726,0,1,252
919,726,0,2,248
920,726,0,0,254
921,726,0,0,254
922,726,0,0,254
923,726,0,0,254
924,726,0,0,254
925,726,0,0,254
926,726,0,0,254
927,726,0,0,254
928,726,1,6,255
929,726,2,0,254
930,726,0,0,252
401,727,1,0,254
402,727,0,3,252
403,727,2,0,254
404,727,5,0,252
405,727,0,0,247
406,727,0,0,248
407,727,5,6,255
408,727,5,2,255
409,727,0,0,253
410,727,4,4,255
411,727,0,3,255
412,727,0,0,252
413,727,0,0,242
414,727,25,0,242
917,727,0,0,246
918,727,0,1,242
919,727,0,3,254
920,727,0,0,254
921,727,0,0,254
922,727,0,0,254
923,727,0,0,254
924,727,0,0,254
925,727,0,0,254
926,727,0,0,254
927,727,0,0,254
928,727,0,0,252
929,727,6,0,255
930,727,0,1,243
401,728,1,0,254
402,728,0,2,254
403,728,1,1,255
404,728,0,0,253
405,728,2,0,254
406,728,0,2,255
407,728,0,0,251
408,728,0,0,254
409,728,0,0,254
410,728,0,0,254
411,728,0,0,254
412,728,0,0,254
413,728,0,0,254
414,728,0,0,254
415,728,0,0,254
917,728,0,5,255
918,728,5,0,255
919,728,0,0,249
920,728,0,0,254
921,728,0,0,254
922,728,0,0,254
923,728,0,0,254
924,728,0,0,254
925,728,0,0,254
926,728,0,0,254
927,728,0,0,254
928,728,0,0,246
929,728,0,0,251
401,729,1,0,254
402,729,0,2,254
403,729,1,1,255
404,729,0,0,253
405,729,2,0,254
406,729,0,2,255
407,729,0,0,251
408,729,0,0,254
409,729,0,0,254
410,729,0,0,254
411,729,0,0,254
412,729,0,0,254
413,729,0,0,254
414,729,0,0,254
415,729,0,0,254
416,729,17,0,255
916,729,8,0,253
917,729,0,4,246
918,729,0,4,255
919,729,2,2,255
920,729,0,0,254
921,729,0,0,254
922,729,0,0,254
923,729,0,0,254
924,729,0,0,254
925,729,0,0,254
926,729,0,0,254
927,729,0,0,254
928,729,0,2,255
929,729,0,1,249
401,730,1,0,254
402,730,0,2,254
403,730,1,1,255
404,730,0,0,253
405,730,2,0,254
406,730,0,2,255
407,730,0,0,251
408,730,0,0,254
409,730,0,0,254
410,730,0,0,254
411,730,0,0,254
412,730,0,0,254
413,730,0,0,254
414,730,0,0,254
415,730,0,0,254
416,730,7,0,245
916,730,5,0,252
917,730,0,0,250
918,730,0,5,255
919,730,4,0,249
920,730,0,0,254
921,730,0,0,254
922,730,0,0,254
923,730,0,0,254
924,730,0,0,254
925,730,0,0,254
926,730,0,0,254
927,730,0,0,254
928,730,0,0,252
929,730,10,6,241
401,731,1,0,254
402,731,0,2,254
403,731,1,1,255
404,731,0,0,253
405,731,2,0,254
406,731,0,2,255
407,731,0,0,251
408,731,0,0,254
409,731,0,0,254
410,731,0,0,254
411,731,0,0,254
412,731,0,0,254
413,731,0,0,254
414,731,0,0,254
415,731,0,0,254
416,731,7,7,255
417,731,3,0,248
916,731,3,0,250
917,731,4,0,254
918,731,0,1,246
919,731,5,0,254
920,731,0,0,254
921,731,0,0,254
922,731,0,0,254
923,731,0,0,254
924,731,0,0,254
925,731,0,0,254
926,731,0,0,254
927,731,0,0,254
928,731,1,0,253
929,731,15,0,255
401,732,1,0,254
402,732,0,2,254
403,732,1,1,255
404,732,0,0,253
405,732,2,0,254
406,732,0,2,255
407,732,0,0,251
408,732,0,0,254
409,732,0,0,254
410,732,0,0,254
411,732,0,0,254
412,732,0,0,254
413,732,0,0,254
414,732,0,0,254
415,732,0,0,254
416,732,0,0,250
417,732,5,2,255
915,732,6,0,239
916,732,2,0,250
917,732,0,6,255
918,732,0,0,242
919,732,1,4,255
920,732,0,0,254
921,732,0,0,254
922,732,0,0,254
923,732,0,0,254
924,732,0,0,254
925,732,0,0,254
926,732,0,0,254
927,732,0,0,254
928,732,6,1,251
401,733,1,0,254
402,733,0,2,254
403,733,1,1,255
404,733,0,0,253
405,733,2,0,254
406,733,0,2,255
407,733,0,0,251
408,733,0,0,254
409,733,0,0,254
410,733,0,0,254
411,733,0,0,254
412,733,0,0,254
413,733,0,0,254
414,733,0,0,254
415,733,0,0,254
416,733,0,0,253
417,733,1,1,255
915,733,2,6,255
916,733,6,0,253
917,733,0,2,254
918,733,0,0,244
919,733,0,1,251
920,733,0,0,254
921,733,0,0,254
922,733,0,0,254
923,733,0,0,254
924,733,0,0,254
925,733,0,0,254
926,733,0,0,254
927,733,0,0,254
928,733,7,0,249
401,734,1,0,254
402,734,0,2,254
403,734,1,1,255
404,734,0,0,253
405,734,2,0,254
406,734,0,2,255
407,734,0,0,251
408,734,0,0,254
409,734,0,0,254
410,734,0,0,254
411,734,0,0,254
412,734,0,0,254
413,734,0,0,254
414,734,0,0,254
415,734,0,0,254
416,734,0,0,249
417,734,0,0,240
915,734,0,0,254
916,734,8,5,255
917,734,2,0,252
918,734,5,2,255
919,734,6,0,255
920,734,0,0,254
921,734,0,0,254
922,734,0,0,254
923,734,0,0,254
924,734,0,0,254
925,734,0,0,254
926,734,0,0,254
927,734,0,0,254
928,734,6,0,249
401,735,1,0,254
402,735,0,2,254
403,735,1,1,255
404,735,0,0,253
405,735,2,0,254
406,735,0,2,255
407,735,0,0,251
408,735,0,0,254
409,735,0,0,254
410,735,0,0,254
411,735,0,0,254
412,735,0,0,254
413,735,0,0,254
414,735,0,0,254
415,735,0,0,254
416,735,6,0,255
417,735,3,6,255
914,735,9,0,252
915,735,0,1,254
916,735,0,5,254
917,735,6,1,253
918,735,0,2,249
919,735,1,0,254
920,735,0,0,254
921,735,0,0,254
922,735,0,0,254
923,735,0,0,254
924,735,0,0,254
925,735,0,0,254
926,735,0,0,254
927,735,0,0,254
402,736,0,0,252
403,736,0,1,254
404,736,0,3,255
405,736,4,0,253
406,736,0,0,251
407,736,5,3,254
408,736,0,0,254
409,736,0,0,254
410,736,0,0,254
411,736,0,0,254
412,736,0,0,254
413,736,0,0,254
414,736,0,0,254
415,736,0,0,254
416,736,0,0,254
417,736,0,0,251
914,736,0,0,253
915,736,0,1,253
916,736,4,3,255
917,736,2,3,254
918,736,4,0,249
919,736,0,0,251
920,736,7,1,255
921,736,2,7,255
922,736,0,0,244
923,736,4,3,255
924,736,0,3,249
925,736,0,3,255
926,736,0,0,240
927,736,0,7,248
402,737,8,0,253
403,737,10,0,255
404,737,0,0,250
405,737,7,1,255
406,737,0,0,250
407,737,5,3,254
408,737,0,0,254
409,737,0,0,254
410,737,0,0,254
411,737,0,0,254
412,737,0,0,254
413,737,0,0,254
414,737,0,0,254
415,737,0,0,254
416,737,0,0,254
417,737,0,0,251
914,737,7,6,255
915,737,0,1,253
916,737,0,0,251
917,737,0,0,251
918,737,3,0,252
919,737,0,5,254
920,737,2,0,250
921,737,0,3,243
922,737,0,0,243
923,737,1,0,254
924,737,0,4,255
925,737,0,0,253
926,737,0,0,252
927,737,1,0,253
404,738,0,0,253
405,738,0,0,249
406,738,0,3,252
407,738,3,2,253
408,738,0,0,254
409,738,0,0,254
410,738,0,0,254
411,738,0,0,254
412,738,0,0,254
413,738,0,0,254
414,738,0,0,254
415,738,0,0,254
416,738,0,0,254
417,738,0,0,251
914,738,0,0,234
915,738,2,6,251
916,738,0,0,252
917,738,0,0,246
918,738,8,2,255
919,738,0,3,255
920,738,1,0,253
921,738,0,0,251
922,738,0,5,255
923,738,4,4,255
924,738,7,2,254
925,738,3,8,255
926,738,0,0,250
927,738,16,0,255
404,739,2,0,247
405,739,1,4,255
406,739,0,3,242
407,739,1,1,255
408,739,0,0,254
409,739,0,0,254
410,739,0,0,254
411,739,0,0,254
412,739,0,0,254
413,739,0,0,254
414,739,0,0,254
415,739,0,0,254
416,739,0,0,254
417,739,0,0,251
913,739,10,0,247
914,739,0,0,240
915,739,3,6,255
916,739,0,0,254
917,739,0,0,253
918,739,7,4,255
919,739,0,0,248
920,739,0,0,244
921,739,6,5,255
922,739,0,1,253
923,739,0,0,247
924,739,10,0,255
925,739,0,1,253
926,739,0,2,254
404,740,0,0,249
405,740,0,3,255
406,740,0,1,248
407,740,1,1,255
408,740,0,0,254
409,740,0,0,254
410,740,0,0,254
411,740,0,0,254
412,740,0,0,254
413,740,0,0,254
414,740,0,0,254
415,740,0,0,254
416,740,0,0,254
417,740,0,0,251
912,740,9,0,251
913,740,9,1,255
914,740,0,0,238
915,740,0,2,242
916,740,2,2,255
917,740,3,0,255
918,740,0,0,254
919,740,4,4,255
920,740,6,5,255
921,740,5,4,255
922,740,0,0,241
923,740,4,4,252
924,740,6,0,241
925,740,0,3,249
926,740,4,3,255
404,741,2,1,255
405,741,0,4,251
406,741,3,2,255
407,741,2,3,253
408,741,0,0,254
409,741,0,0,254
410,741,0,0,254
411,741,0,0,254
412,741,0,0,254
413,741,0,0,254
414,741,0,0,254
415,741,0,0,254
416,741,0,0,254
417,741,0,0,251
910,741,15,0,254
911,741,9,0,251
912,741,11,3,255
913,741,2,2,255
914,741,0,0,253
915,741,1,4,255
916,741,0,0,251
917,741,0,0,240
918,741,0,5,241
919,741,0,0,252
920,741,3,3,255
921,741,0,0,236
922,741,0,0,246
923,741,4,2,251
924,741,7,4,255
925,741,0,0,250
926,741,11,0,255
404,742,0,3,248
405,742,1,2,252
406,742,5,0,252
407,742,0,0,252
408,742,0,0,254
409,742,0,0,254
410,742,0,0,254
411,742,0,0,254
412,742,0,0,254
413,742,0,0,254
414,742,0,0,254
415,742,0,0,254
416,742,0,0,254
417,742,0,0,251
910,742,0,0,235
911,742,4,1,255
912,742,0,4,246
913,742,0,3,254
914,742,0,0,252
915,742,0,5,247
916,742,5,5,255
917,742,9,5,248
918,742,0,3,255
919,742,4,4,248
920,742,0,1,252
921,742,1,5,252
922,742,7,1,255
923,742,0,0,236
924,742,0,0,250
925,742,1,0,253
404,743,0,1,253
405,743,0,0,242
406,743,10,0,255
407,743,1,1,245
408,743,0,0,254
409,743,0,0,254
410,743,0,0,254
411,743,0,0,254
412,743,0,0,254
413,743,0,0,254
414,743,0,0,254
415,743,0,0,254
416,743,0,0,254
417,743,0,0,251
909,743,14,0,255
910,743,0,0,244
911,743,0,5,255
912,743,0,2,254
913,743,0,5,248
914,743,1,0,253
915,743,0,0,248
916,743,0,4,243
917,743,3,0,253
918,743,0,4,255
919,743,0,0,249
920,743,0,0,253
921,743,0,4,255
922,743,7,0,245
923,743,5,0,254
924,743,0,6,243
925,743,7,2,254
404,744,0,0,251
405,744,1,4,255
406,744,0,0,247
407,744,0,0,248
408,744,0,0,254
409,744,0,0,254
410,744,0,0,254
411,744,0,0,254
412,744,0,0,254
413,744,0,0,254
414,744,0,0,254
415,744,0,0,254
416,744,3,0,252
417,744,0,4,247
418,744,7,6,255
909,744,0,2,241
910,744,0,4,253
911,744,4,0,254
912,744,0,0,254
913,744,0,0,254
914,744,0,0,254
915,744,0,0,254
916,744,0,0,254
917,744,0,0,254
918,744,0,0,254
919,744,0,0,254
920,744,4,7,255
921,744,0,0,251
922,744,3,3,255
923,744,0,0,248
924,744,4,0,241
925,744,5,8,255
404,745,3,2,255
405,745,0,2,247
406,745,0,0,249
407,745,5,4,255
408,745,0,0,254
409,745,0,0,254
410,745,0,0,254
411,745,0,0,254
412,745,0,0,254
413,745,0,0,254
414,745,0,0,254
415,745,0,0,254
416,745,6,0,255
417,745,0,0,251
418,745,0,1,249
419,745,11,0,251
909,745,0,5,255
910,745,1,5,252
911,745,4,1,255
912,745,0,0,254
913,745,0,0,254
914,745,0,0,254
915,745,0,0,254
916,745,0,0,254
917,745,0,0,254
918,745,0,0,254
919,745,0,0,254
920,745,0,0,250
921,745,2,2,255
922,745,0,3,244
923,745,6,3,255
924,745,5,0,254
925,745,0,3,255
404,746,0,0,229
405,746,0,0,249
406,746,0,3,255
407,746,0,0,251
408,746,0,0,254
409,746,0,0,254
410,746,0,0,254
411,746,0,0,254
412,746,0,0,254
413,746,0,0,254
414,746,0,0,254
415,746,0,0,254
416,746,5,2,255
417,746,5,5,255
418,746,0,0,246
419,746,0,0,231
420,746,5,0,251
909,746,5,6,255
910,746,0,0,237
911,746,0,0,249
912,746,0,0,254
913,746,0,0,254
914,746,0,0,254
915,746,0,0,254
916,746,0,0,254
917,746,0,0,254
918,746,0,0,254
919,746,0,0,254
920,746,3,0,251
921,746,0,1,254
922,746,0,0,249
923,746,0,0,233
924,746,3,0,255
925,746,0,0,237
404,747,5,4,255
405,747,5,8,255
406,747,0,0,250
407,747,3,2,255
408,747,0,0,254
409,747,0,0,254
410,747,0,0,254
411,747,0,0,254
412,747,0,0,254
413,747,0,0,254
414,747,0,0,254
415,747,0,0,254
416,747,0,0,244
417,747,0,0,252
418,747,7,10,255
419,747,0,9,255
420,747,3,3,255
909,747,2,0,254
910,747,0,0,251
911,747,2,2,255
912,747,0,0,254
913,747,0,0,254
914,747,0,0,254
915,747,0,0,254
916,747,0,0,254
917,747,0,0,254
918,747,0,0,254
919,747,0,0,254
920,747,2,2,250
921,747,0,0,253
922,747,0,8,255
923,747,4,9,255
924,747,0,1,254
925,747,7,0,254
404,748,0,0,247
405,748,0,0,240
406,748,5,5,255
407,748,4,3,255
408,748,0,0,254
409,748,0,0,254
410,748,0,0,254
411,748,0,0,254
412,748,0,0,254
413,748,0,0,254
414,748,0,0,254
415,748,0,0,254
416,748,0,1,254
417,748,6,3,255
418,748,0,0,248
419,748,0,4,253
420,748,0,1,250
909,748,5,0,253
910,748,5,4,255
911,748,0,2,244
912,748,0,0,254
913,748,0,0,254
914,748,0,0,254
915,748,0,0,254
916,748,0,0,254
917,748,0,0,254
918,748,0,0,254
919,748,0,0,254
920,748,0,0,249
921,748,4,0,254
922,748,3,3,255
923,748,0,1,253
924,748,0,0,253
404,749,5,2,255
405,749,0,0,244
406,749,2,2,255
407,749,0,0,233
408,749,0,0,254
409,749,0,0,254
410,749,0,0,254
411,749,0,0,254
412,749,0,0,254
413,749,0,0,254
414,749,0,0,254
415,749,0,0,254
416,749,0,0,249
417,749,1,0,253
418,749,0,0,252
419,749,0,5,255
420,749,0,3,250
907,749,9,0,255
908,749,10,0,246
909,749,0,0,251
910,749,0,0,246
911,749,3,3,255
912,749,0,0,254
913,749,0,0,254
914,749,0,0,254
915,749,0,0,254
916,749,0,0,254
917,749,0,0,254
918,749,0,0,254
919,749,0,0,254
920,749,0,2,254
921,749,3,1,250
922,749,2,0,252
923,749,5,0,254
924,749,0,0,244
404,750,0,0,252
405,750,0,0,253
406,750,0,3,238
407,750,7,4,255
408,750,0,0,254
409,750,0,0,254
410,750,0,0,254
411,750,0,0,254
412,750,0,0,254
413,750,0,0,254
414,750,0,0,254
415,750,0,0,254
416,750,0,0,244
417,750,4,4,255
418,750,0,1,244
419,750,2,5,255
420,750,0,0,252
906,750,12,2,255
907,750,0,2,255
908,750,0,0,251
909,750,4,6,247
910,750,6,3,255
911,750,0,0,251
912,750,0,0,254
913,750,0,0,254
914,750,0,0,254
915,750,0,0,254
916,750,0,0,254
917,750,0,0,254
918,750,0,0,254
919,750,0,0,254
920,750,5,8,247
921,750,0,0,250
922,750,2,1,255
923,750,17,0,252
405,751,2,2,255
406,751,0,0,241
407,751,3,0,255
408,751,0,0,254
409,751,0,0,254
410,751,0,0,254
411,751,0,0,254
412,751,0,0,254
413,751,0,0,254
414,751,0,0,254
415,751,0,0,254
416,751,3,6,255
417,751,0,0,253
418,751,0,0,254
419,751,0,0,245
420,751,12,3,250
906,751,1,0,254
907,751,0,5,251
908,751,0,6,250
909,751,0,1,253
910,751,0,0,240
911,751,5,2,255
912,751,0,0,254
913,751,0,0,254
914,751,0,0,254
915,751,0,0,254
916,751,0,0,254
917,751,0,0,254
918,751,0,0,254
919,751,0,0,254
920,751,3,0,253
921,751,0,7,241
922,751,1,6,255
405,752,10,0,245
406,752,1,0,246
407,752,2,7,255
408,752,0,0,254
409,752,0,0,254
410,752,0,0,254
411,752,0,0,254
412,752,0,0,254
413,752,0,0,254
414,752,0,0,254
415,752,0,0,254
416,752,2,0,254
417,752,1,1,255
418,752,0,0,252
419,752,0,2,255
420,752,0,1,254
905,752,1,0,254
906,752,0,2,254
907,752,1,1,255
908,752,0,0,253
909,752,2,0,254
910,752,0,2,255
911,752,0,0,251
912,752,0,0,254
913,752,0,0,254
914,752,0,0,254
915,752,0,0,254
916,752,0,0,254
917,752,0,0,254
918,752,0,0,254
919,752,0,0,254
920,752,9,0,255
921,752,0,0,254
406,753,9,0,255
407,753,3,1,250
408,753,0,0,254
409,753,0,0,254
410,753,0,0,254
411,753,0,0,254
412,753,0,0,254
413,753,0,0,254
414,753,0,0,254
415,753,0,0,254
416,753,2,0,254
417,753,1,1,255
418,753,0,0,252
419,753,0,2,255
420,753,0,1,254
905,753,1,0,254
906,753,0,2,254
907,753,1,1,255
908,753,0,0,253
909,753,2,0,254
910,753,0,2,255
911,753,0,0,251
912,753,0,0,254
913,753,0,0,254
914,753,0,0,254
915,753,0,0,254
916,753,0,0,254
917,753,0,0,254
918,753,0,0,254
919,753,0,0,254
920,753,0,0,252
921,753,0,1,250
407,754,9,0,249
408,754,0,0,254
409,754,0,0,254
410,754,0,0,254
411,754,0,0,254
412,754,0,0,254
413,754,0,0,254
414,754,0,0,254
415,754,0,0,254
416,754,2,0,254
417,754,1,1,255
418,754,0,0,252
419,754,0,2,255
420,754,0,1,254
905,754,1,0,254
906,754,0,2,254
907,754,1,1,255
908,754,0,0,253
909,754,2,0,254
910,754,0,2,255
911,754,0,0,251
912,754,0,0,254
913,754,0,0,254
914,754,0,0,254
915,754,0,0,254
916,754,0,0,254
917,754,0,0,254
918,754,0,0,254
919,754,0,0,254
920,754,0,4,255
921,754,0,2,250
408,755,0,0,254
409,755,0,0,254
410,755,0,0,254
411,755,0,0,254
412,755,0,0,254
413,755,0,0,254
414,755,0,0,254
415,755,0,0,254
416,755,2,0,254
417,755,1,1,255
418,755,0,0,252
419,755,0,2,255
420,755,0,1,254
905,755,1,0,254
906,755,0,2,254
907,755,1,1,255
908,755,0,0,253
909,755,2,0,254
910,755,0,2,255
911,755,0,0,251
912,755,0,0,254
913,755,0,0,254
914,755,0,0,254
915,755,0,0,254
916,755,0,0,254
917,755,0,0,254
918,755,0,0,254
919,755,0,0,254
920,755,0,0,244
921,755,0,0,251
408,756,0,0,254
409,756,0,0,254
410,756,0,0,254
411,756,0,0,254
412,756,0,0,254
413,756,0,0,254
414,756,0,0,254
415,756,0,0,254
416,756,2,0,254
417,756,1,1,255
418,756,0,0,252
419,756,0,2,255
420,756,0,1,254
905,756,1,0,254
906,756,0,2,254
907,756,1,1,255
908,756,0,0,253
909,756,2,0,254
910,756,0,2,255
911,756,0,0,251
912,756,0,0,254
913,756,0,0,254
914,756,0,0,254
915,756,0,0,254
916,756,0,0,254
917,756,0,0,254
918,756,0,0,254
919,756,0,0,254
920,756,0,4,249
921,756,5,4,255
408,757,0,0,254
409,757,0,0,254
410,757,0,0,254
411,757,0,0,254
412,757,0,0,254
413,757,0,0,254
414,757,0,0,254
415,757,0,0,254
416,757,2,0,254
417,757,1,1,255
418,757,0,0,252
419,757,0,2,255
420,757,0,1,254
905,757,1,0,254
906,757,0,2,254
907,757,1,1,255
908,757,0,0,253
909,757,2,0,254
910,757,0,2,255
911,757,0,0,251
912,757,0,0,254
913,757,0,0,254
914,757,0,0,254
915,757,0,0,254
916,757,0,0,254
917,757,0,0,254
918,757,0,0,254
919,757,0,0,254
920,757,6,0,249
921,757,8,0,246
408,758,0,0,254
409,758,0,0,254
410,758,0,0,254
411,758,0,0,254
412,758,0,0,254
413,758,0,0,254
414,758,0,0,254
415,758,0,0,254
416,758,2,0,254
417,758,1,1,255
418,758,0,0,252
419,758,0,2,255
420,758,0,1,254
905,758,1,0,254
906,758,0,2,254
907,758,1,1,255
908,758,0,0,253
909,758,2,0,254
910,758,0,2,255
911,758,0,0,251
912,758,0,0,254
913,758,0,0,254
914,758,0,0,254
915,758,0,0,254
916,758,0,0,254
917,758,0,0,254
918,758,0,0,254
919,758,0,0,254
920,758,16,0,252
408,759,0,0,254
409,759,0,0,254
410,759,0,0,254
411,759,0,0,254
412,759,0,0,254
413,759,0,0,254
414,759,0,0,254
415,759,0,0,254
416,759,2,0,254
417,759,1,1,255
418,759,0,0,252
419,759,0,2,255
420,759,0,1,254
905,759,1,0,254
906,759,0,2,254
907,759,1,1,255
908,759,0,0,253
909,759,2,0,254
910,759,0,2,255
911,759,0,0,251
912,759,0,0,254
913,759,0,0,254
914,759,0,0,254
915,759,0,0,254
916,759,0,0,254
917,759,0,0,254
918,759,0,0,254
919,759,0,0,254
408,760,0,0,254
409,760,0,0,254
410,760,0,0,254
411,760,0,0,254
412,760,0,0,254
413,760,0,0,254
414,760,0,0,254
415,760,0,0,254
416,760,1,1,255
417,760,0,0,249
418,760,2,2,255
419,760,0,0,253
420,760,6,0,247
905,760,1,0,254
906,760,0,2,254
907,760,1,1,255
908,760,0,0,253
909,760,2,0,254
910,760,0,2,255
911,760,0,0,251
912,760,5,2,255
913,760,0,0,253
914,760,4,4,255
915,760,0,3,255
916,760,0,0,252
917,760,0,0,242
918,760,25,0,242
408,761,0,0,254
409,761,0,0,254
410,761,0,0,254
411,761,0,0,254
412,761,0,0,254
413,761,0,0,254
414,761,0,0,254
415,761,0,0,254
416,761,2,0,254
417,761,0,0,239
418,761,2,5,255
419,761,0,2,247
420,761,0,0,252
421,761,11,1,255
422,761,14,0,251
905,761,1,0,254
906,761,0,2,254
907,761,1,1,255
908,761,0,0,253
909,761,2,0,254
910,761,0,2,255
911,761,0,0,251
912,761,1,0,253
913,761,0,0,245
914,761,0,0,235
915,761,0,0,253
916,761,0,0,253
917,761,2,2,255
408,762,0,0,254
409,762,0,0,254
410,762,0,0,254
411,762,0,0,254
412,762,0,0,254
413,762,0,0,254
414,762,0,0,254
415,762,0,0,254
416,762,4,1,255
417,762,0,0,250
418,762,0,3,247
419,762,0,3,255
420,762,0,2,253
421,762,0,0,238
422,762,1,1,255
423,762,11,8,255
905,762,1,0,254
906,762,0,2,254
907,762,1,1,255
908,762,0,0,253
909,762,2,0,254
910,762,0,2,255
911,762,0,0,251
912,762,6,4,255
913,762,0,0,253
914,762,0,0,248
915,762,0,3,255
916,762,0,0,253
917,762,5,5,255
408,763,0,0,254
409,763,0,0,254
410,763,0,0,254
411,763,0,0,254
412,763,0,0,254
413,763,0,0,254
414,763,0,0,254
415,763,0,0,254
416,763,3,0,255
417,763,1,0,251
418,763,2,6,251
419,763,0,0,252
420,763,0,3,248
421,763,0,5,255
422,763,0,3,255
423,763,0,0,247
905,763,1,0,254
906,763,0,2,254
907,763,1,1,255
908,763,0,0,253
909,763,2,0,254
910,763,0,2,255
911,763,0,0,251
912,763,0,0,248
913,763,0,0,254
914,763,6,6,255
915,763,0,5,247
916,763,1,1,255
917,763,0,0,252
408,764,0,0,254
409,764,0,0,254
410,764,0,0,254
411,764,0,0,254
412,764,0,0,254
413,764,0,0,254
414,764,0,0,254
415,764,0,0,254
416,764,0,0,253
417,764,1,0,254
418,764,0,0,254
419,764,4,6,251
420,764,0,0,244
421,764,0,0,253
422,764,4,1,254
423,764,5,0,255
424,764,10,0,253
905,764,1,0,254
906,764,0,2,254
907,764,1,1,255
908,764,0,0,253
909,764,2,0,254
910,764,0,2,255
911,764,0,0,251
912,764,1,0,254
913,764,0,0,247
914,764,0,0,252
915,764,0,5,241
916,764,0,0,246
917,764,4,3,255
408,765,0,0,254
409,765,0,0,254
410,765,0,0,254
411,765,0,0,254
412,765,0,0,254
413,765,0,0,254
414,765,0,0,254
415,765,0,0,254
416,765,2,2,255
417,765,5,7,252
418,765,0,0,253
419,765,0,0,252
420,765,5,3,252
421,765,7,1,255
422,765,2,0,251
423,765,7,0,254
424,765,4,0,251
905,765,1,0,254
906,765,0,2,254
907,765,1,1,255
908,765,0,0,253
909,765,2,0,254
910,765,0,2,255
911,765,0,0,251
912,765,6,7,247
913,765,0,0,248
914,765,6,6,255
915,765,0,1,254
916,765,3,2,255
917,765,5,2,255
408,766,0,0,254
409,766,0,0,254
410,766,0,0,254
411,766,0,0,254
412,766,0,0,254
413,766,0,0,254
414,766,0,0,254
415,766,0,0,254
416,766,0,0,254
417,766,0,0,252
418,766,0,0,251
419,766,0,0,250
420,766,6,5,255
421,766,0,0,251
422,766,3,2,254
423,766,0,0,253
424,766,0,1,254
905,766,1,0,254
906,766,0,2,254
907,766,1,1,255
908,766,0,0,253
909,766,2,0,254
910,766,0,2,255
911,766,0,0,251
912,766,4,3,254
913,766,1,5,254
914,766,0,0,251
915,766,0,0,247
916,766,9,8,255
917,766,0,0,232
408,767,0,0,254
409,767,0,0,254
410,767,0,0,254
411,767,0,0,254
412,767,0,0,254
413,767,0,0,254
414,767,0,0,254
415,767,0,0,254
416,767,1,2,252
417,767,0,0,252
418,767,3,6,243
419,767,1,1,255
420,767,0,2,255
421,767,0,0,250
422,767,0,6,243
423,767,0,5,255
424,767,0,3,254
905,767,1,0,254
906,767,0,2,254
907,767,1,1,255
908,767,0,0,253
909,767,2,0,254
910,767,0,2,255
911,767,0,0,251
912,767,1,0,254
913,767,0,1,254
914,767,0,0,252
915,767,0,1,254
916,767,8,7,255
917,767,2,2,238
408,768,4,0,251
409,768,0,0,249
410,768,0,0,253
411,768,0,0,252
412,768,0,1,253
413,768,0,0,249
414,768,9,7,255
415,768,0,0,252
416,768,0,0,254
417,768,0,0,254
418,768,0,0,254
419,768,0,0,254
420,768,0,0,254
421,768,0,0,254
422,768,0,0,254
423,768,0,0,254
424,768,0,1,254
905,768,5,0,255
906,768,3,0,250
907,768,1,0,253
908,768,4,3,255
909,768,0,0,237
910,768,6,6,255
911,768,0,0,252
912,768,0,0,253
913,768,4,1,254
914,768,1,0,253
915,768,0,3,254
916,768,0,1,252
917,768,1,1,255
409,769,7,4,255
410,769,0,3,254
411,769,0,6,255
412,769,0,5,255
413,769,7,1,255
414,769,0,0,247
415,769,0,2,253
416,769,0,0,254
417,769,0,0,254
418,769,0,0,254
419,769,0,0,254
420,769,0,0,254
421,769,0,0,254
422,769,0,0,254
423,769,0,0,254
424,769,0,1,254
904,769,3,0,253
905,769,4,0,251
906,769,1,1,237
907,769,4,1,255
908,769,8,7,255
909,769,3,4,254
910,769,0,0,250
911,769,0,0,250
912,769,0,0,253
913,769,0,0,253
914,769,0,0,250
915,769,0,2,254
916,769,0,0,253
917,769,5,3,250
409,770,13,0,252
410,770,0,0,251
411,770,0,4,245
412,770,0,0,251
413,770,11,0,255
414,770,7,0,247
415,770,0,3,254
416,770,0,0,254
417,770,0,0,254
418,770,0,0,254
419,770,0,0,254
420,770,0,0,254
421,770,0,0,254
422,770,0,0,254
423,770,0,0,254
424,770,0,1,254
904,770,6,0,255
905,770,1,1,239
906,770,0,0,252
907,770,0,0,253
908,770,0,0,236
909,770,1,1,255
910,770,0,0,248
911,770,3,4,254
912,770,2,2,255
913,770,2,1,253
914,770,1,3,236
915,770,0,1,253
916,770,0,2,241
917,770,7,0,251
410,771,9,0,254
411,771,12,0,255
412,771,0,0,249
413,771,12,2,255
414,771,3,0,255
415,771,0,3,255
416,771,0,0,254
417,771,0,0,254
418,771,0,0,254
419,771,0,0,254
420,771,0,0,254
421,771,0,0,254
422,771,0,0,254
423,771,0,0,254
424,771,0,1,254
904,771,0,0,251
905,771,3,0,255
906,771,3,2,255
907,771,0,0,238
908,771,6,5,255
909,771,2,2,255
910,771,0,0,246
911,771,2,3,254
912,771,0,0,253
913,771,5,7,248
914,771,3,2,255
915,771,0,2,251
916,771,1,0,254
917,771,16,0,255
412,772,4,3,255
413,772,1,0,254
414,772,0,0,246
415,772,0,1,248
416,772,0,0,254
417,772,0,0,254
418,772,0,0,254
419,772,0,0,254
420,772,0,0,254
421,772,0,0,254
422,772,0,0,254
423,772,0,0,254
424,772,0,1,254
903,772,11,0,253
904,772,6,5,255
905,772,4,3,255
906,772,0,1,236
907,772,4,3,254
908,772,5,4,255
909,772,2,2,255
910,772,6,6,255
911,772,0,0,252
912,772,0,0,237
913,772,0,3,252
914,772,2,1,255
915,772,0,0,253
916,772,5,2,255
412,773,0,0,249
413,773,0,0,251
414,773,0,6,255
415,773,0,0,243
416,773,0,0,254
417,773,0,0,254
418,773,0,0,254
419,773,0,0,254
420,773,0,0,254
421,773,0,0,254
422,773,0,0,254
423,773,0,0,254
424,773,0,1,254
903,773,5,0,237
904,773,0,0,242
905,773,1,1,255
906,773,2,2,255
907,773,1,1,255
908,773,0,0,253
909,773,0,0,252
910,773,0,0,249
911,773,0,0,239
912,773,0,0,251
913,773,0,1,253
914,773,0,0,250
915,773,3,0,248
916,773,6,2,247
412,774,0,0,253
413,774,2,1,255
414,774,0,2,254
415,774,0,0,246
416,774,0,0,254
417,774,0,0,254
418,774,0,0,254
419,774,0,0,254
420,774,0,0,254
421,774,0,0,254
422,774,0,0,254
423,774,0,0,254
424,774,0,1,254
903,774,9,3,255
904,774,2,2,255
905,774,0,0,254
906,774,0,0,249
907,774,0,2,247
908,774,7,7,255
909,774,0,0,247
910,774,0,0,249
911,774,2,1,255
912,774,8,7,255
913,774,0,1,253
914,774,0,0,251
915,774,2,0,249
916,774,6,1,253
412,775,0,4,243
413,775,7,0,255
414,775,0,0,251
415,775,4,3,255
416,775,0,0,254
417,775,0,0,254
418,775,0,0,254
419,775,0,0,254
420,775,0,0,254
421,775,0,0,254
422,775,0,0,254
423,775,0,0,254
424,775,0,1,254
902,775,23,0,255
903,775,0,0,248
904,775,0,0,247
905,775,0,0,253
906,775,0,0,253
907,775,2,3,254
908,775,0,0,252
909,775,0,0,239
910,775,3,2,255
911,775,3,2,255
912,775,2,1,253
913,775,0,1,247
914,775,1,1,255
915,775,4,0,253
412,776,1,0,254
413,776,0,2,255
414,776,0,0,253
415,776,2,1,255
416,776,0,0,254
417,776,0,0,254
418,776,0,0,254
419,776,0,0,254
420,776,0,0,254
421,776,0,0,254
422,776,0,0,254
423,776,0,0,254
424,776,0,1,254
902,776,0,0,248
903,776,7,1,247
904,776,0,0,254
905,776,0,0,254
906,776,0,0,254
907,776,0,0,254
908,776,0,0,254
909,776,0,0,254
910,776,0,0,254
911,776,0,0,254
912,776,0,4,253
913,776,9,3,255
914,776,0,0,246
915,776,0,0,251
412,777,1,0,254
413,777,0,2,255
414,777,0,0,253
415,777,2,1,255
416,777,0,0,254
417,777,0,0,254
418,777,0,0,254
419,777,0,0,254
420,777,0,0,254
421,777,0,0,254
422,777,0,0,254
423,777,0,0,254
424,777,0,1,254
902,777,10,2,255
903,777,0,0,251
904,777,0,0,254
905,777,0,0,254
906,777,0,0,254
907,777,0,0,254
908,777,0,0,254
909,777,0,0,254
910,777,0,0,254
911,777,0,0,254
912,777,0,0,250
913,777,6,0,255
914,777,3,3,255
915,777,8,0,243
412,778,1,0,254
413,778,0,2,255
414,778,0,0,253
415,778,2,1,255
416,778,0,0,254
417,778,0,0,254
418,778,0,0,254
419,778,0,0,254
420,778,0,0,254
421,778,0,0,254
422,778,0,0,254
423,778,0,0,254
424,778,0,1,254
901,778,0,2,254
902,778,3,6,255
903,778,3,0,252
904,778,0,0,254
905,778,0,0,254
906,778,0,0,254
907,778,0,0,254
908,778,0,0,254
909,778,0,0,254
910,778,0,0,254
911,778,0,0,254
912,778,0,2,255
913,778,0,0,248
914,778,0,0,252
412,779,1,0,254
413,779,0,2,255
414,779,0,0,253
415,779,2,1,255
416,779,0,0,254
417,779,0,0,254
418,779,0,0,254
419,779,0,0,254
420,779,0,0,254
421,779,0,0,254
422,779,0,0,254
423,779,0,0,254
424,779,0,1,254
886,779,11,0,251
887,779,12,1,255
888,779,2,1,255
889,779,2,2,255
890,779,0,1,251
891,779,4,2,251
892,779,9,0,254
901,779,2,0,252
902,779,0,0,235
903,779,10,7,255
904,779,0,0,254
905,779,0,0,254
906,779,0,0,254
907,779,0,0,254
908,779,0,0,254
909,779,0,0,254
910,779,0,0,254
911,779,0,0,254
912,779,5,4,255
913,779,0,0,253
914,779,0,0,252
412,780,1,0,254
413,780,0,2,255
414,780,0,0,253
415,780,2,1,255
416,780,0,0,254
417,780,0,0,254
418,780,0,0,254
419,780,0,0,254
420,780,0,0,254
421,780,0,0,254
422,780,0,0,254
423,780,0,0,254
424,780,0,1,254
885,780,11,0,255
886,780,0,0,253
887,780,0,6,248
888,780,0,0,253
889,780,0,4,240
890,780,0,0,234
891,780,0,5,255
892,780,5,10,255
893,780,3,0,247
894,780,15,0,255
900,780,7,0,251
901,780,1,1,255
902,780,0,0,236
903,780,0,0,249
904,780,0,0,254
905,780,0,0,254
906,780,0,0,254
907,780,0,0,254
908,780,0,0,254
909,780,0,0,254
910,780,0,0,254
911,780,0,0,254
912,780,1,0,251
913,780,3,2,255
914,780,7,0,255
412,781,1,0,254
413,781,0,2,255
414,781,0,0,253
415,781,2,1,255
416,781,0,0,254
417,781,0,0,254
418,781,0,0,254
419,781,0,0,254
420,781,0,0,254
421,781,0,0,254
422,781,0,0,254
423,781,0,0,254
424,781,0,1,254
884,781,9,0,254
885,781,0,0,254
886,781,0,7,255
887,781,0,0,250
888,781,4,2,249
889,781,4,3,255
890,781,4,4,255
891,781,0,0,254
892,781,6,4,251
893,781,8,0,246
894,781,12,0,254
900,781,5,4,255
901,781,2,4,249
902,781,0,3,241
903,781,13,3,255
904,781,0,0,254
905,781,0,0,254
906,781,0,0,254
907,781,0,0,254
908,781,0,0,254
909,781,0,0,254
910,781,0,0,254
911,781,0,0,254
912,781,6,0,254
913,781,0,0,240
412,782,1,0,254
413,782,0,2,255
414,782,0,0,253
415,782,2,1,255
416,782,0,0,254
417,782,0,0,254
418,782,0,0,254
419,782,0,0,254
420,782,0,0,254
421,782,0,0,254
422,782,0,0,254
423,782,0,0,254
424,782,0,1,254
884,782,7,5,255
885,782,0,0,251
886,782,0,0,250
887,782,4,3,255
888,782,3,0,251
889,782,2,0,252
890,782,5,4,255
891,782,0,0,253
892,782,0,3,255
893,782,0,1,253
894,782,0,0,248
895,782,0,2,251
897,782,11,3,255
898,782,0,2,244
899,782,4,0,244
900,782,0,0,249
901,782,6,0,255
902,782,0,0,252
903,782,0,7,249
904,782,0,0,254
905,782,0,0,254
906,782,0,0,254
907,782,0,0,254
908,782,0,0,254
909,782,0,0,254
910,782,0,0,254
911,782,0,0,254
912,782,3,0,253
913,782,0,1,251
412,783,1,0,254
413,783,0,2,255
414,783,0,0,253
415,783,2,1,255
416,783,0,0,254
417,783,0,0,254
418,783,0,0,254
419,783,0,0,254
420,783,0,0,254
421,783,0,0,254
422,783,0,0,254
423,783,0,0,254
424,783,0,1,254
883,783,6,0,252
884,783,1,4,255
885,783,0,0,250
886,783,3,2,255
887,783,9,0,248
888,783,0,0,251
889,783,1,5,254
890,783,1,0,251
891,783,2,0,247
892,783,0,0,247
893,783,0,0,241
894,783,2,1,252
895,783,5,4,255
896,783,14,0,255
897,783,0,7,245
898,783,0,0,249
899,783,0,4,255
900,783,0,0,252
901,783,0,6,255
902,783,9,0,255
903,783,0,0,242
904,783,0,0,254
905,783,0,0,254
906,783,0,0,254
907,783,0,0,254
908,783,0,0,254
909,783,0,0,254
910,783,0,0,254
911,783,0,0,254
912,783,6,0,255
913,783,1,2,252
412,784,0,1,251
413,784,0,0,251
414,784,3,0,240
415,784,0,1,254
416,784,0,0,254
417,784,0,0,254
418,784,0,0,254
419,784,0,0,254
420,784,0,0,254
421,784,0,0,254
422,784,0,0,254
423,784,0,0,254
424,784,0,4,255
882,784,3,0,255
883,784,0,0,249
884,784,0,2,248
885,784,0,0,252
886,784,0,1,251
887,784,0,5,249
888,784,0,0,254
889,784,0,0,254
890,784,0,0,254
891,784,0,0,254
892,784,0,0,254
893,784,0,0,254
894,784,0,0,254
895,784,0,0,254
896,784,0,0,254
897,784,0,0,254
898,784,0,0,254
899,784,0,0,254
900,784,0,0,254
901,784,0,0,254
902,784,0,0,254
903,784,0,0,254
904,784,0,0,249
905,784,6,0,254
906,784,0,0,245
907,784,0,0,252
908,784,5,4,255
909,784,0,0,249
910,784,0,3,236
911,784,0,0,253
912,784,0,0,254
412,785,0,3,244
413,785,4,5,255
414,785,1,0,244
415,785,5,8,255
416,785,0,0,254
417,785,0,0,254
418,785,0,0,254
419,785,0,0,254
420,785,0,0,254
421,785,0,0,254
422,785,0,0,254
423,785,0,0,254
424,785,0,0,251
882,785,2,1,255
883,785,0,0,238
884,785,2,5,255
885,785,0,0,242
886,785,2,1,253
887,785,0,0,252
888,785,0,0,254
889,785,0,0,254
890,785,0,0,254
891,785,0,0,254
892,785,0,0,254
893,785,0,0,254
894,785,0,0,254
895,785,0,0,254
896,785,0,0,254
897,785,0,0,254
898,785,0,0,254
899,785,0,0,254
900,785,0,0,254
901,785,0,0,254
902,785,0,0,254
903,785,0,0,254
904,785,1,6,255
905,785,8,2,255
906,785,0,0,236
907,785,2,7,255
908,785,1,0,254
909,785,5,4,255
910,785,1,6,255
911,785,0,0,247
912,785,5,4,246
412,786,0,0,246
413,786,3,4,255
414,786,0,0,251
415,786,0,0,252
416,786,0,0,254
417,786,0,0,254
418,786,0,0,254
419,786,0,0,254
420,786,0,0,254
421,786,0,0,254
422,786,0,0,254
423,786,0,0,254
424,786,1,2,250
425,786,15,0,253
881,786,15,0,250
882,786,0,0,254
883,786,0,6,255
884,786,0,0,253
885,786,0,0,249
886,786,5,0,255
887,786,3,2,253
888,786,0,0,254
889,786,0,0,254
890,786,0,0,254
891,786,0,0,254
892,786,0,0,254
893,786,0,0,254
894,786,0,0,254
895,786,0,0,254
896,786,0,0,254
897,786,0,0,254
898,786,0,0,254
899,786,0,0,254
900,786,0,0,254
901,786,0,0,254
902,786,0,0,254
903,786,0,0,254
904,786,0,0,251
905,786,7,4,255
906,786,0,0,249
907,786,0,1,250
908,786,0,0,249
909,786,0,0,254
910,786,0,2,255
911,786,2,0,245
912,786,2,0,249
412,787,11,0,255
413,787,0,0,250
414,787,0,0,249
415,787,2,4,247
416,787,0,0,254
417,787,0,0,254
418,787,0,0,254
419,787,0,0,254
420,787,0,0,254
421,787,0,0,254
422,787,0,0,254
423,787,0,0,254
424,787,6,4,253
425,787,14,2,255
881,787,6,0,241
882,787,2,5,255
883,787,0,2,254
884,787,2,2,255
885,787,7,1,255
886,787,13,7,255
887,787,0,0,247
888,787,0,0,254
889,787,0,0,254
890,787,0,0,254
891,787,0,0,254
892,787,0,0,254
893,787,0,0,254
894,787,0,0,254
895,787,0,0,254
896,787,0,0,254
897,787,0,0,254
898,787,0,0,254
899,787,0,0,254
900,787,0,0,254
901,787,0,0,254
902,787,0,0,254
903,787,0,0,254
904,787,2,7,255
905,787,0,0,251
906,787,1,1,255
907,787,3,5,246
908,787,5,2,255
909,787,0,0,251
910,787,0,3,254
911,787,13,0,255
412,788,14,0,245
413,788,0,0,240
414,788,7,7,255
415,788,2,2,255
416,788,0,0,254
417,788,0,0,254
418,788,0,0,254
419,788,0,0,254
420,788,0,0,254
421,788,0,0,254
422,788,0,0,254
423,788,0,0,254
424,788,2,0,245
425,788,0,0,249
880,788,8,0,254
881,788,3,2,246
882,788,0,0,252
883,788,0,3,245
884,788,0,0,250
885,788,8,2,255
886,788,0,0,246
887,788,7,5,255
888,788,0,0,254
889,788,0,0,254
890,788,0,0,254
891,788,0,0,254
892,788,0,0,254
893,788,0,0,254
894,788,0,0,254
895,788,0,0,254
896,788,0,0,254
897,788,0,0,254
898,788,0,0,254
899,788,0,0,254
900,788,0,0,254
901,788,0,0,254
902,788,0,0,254
903,788,0,0,254
904,788,0,0,246
905,788,0,0,236
906,788,2,2,255
907,788,3,2,255
908,788,0,0,252
909,788,0,9,252
910,788,1,1,255
911,788,14,0,252
413,789,0,0,250
414,789,0,3,255
415,789,0,0,244
416,789,0,0,254
417,789,0,0,254
418,789,0,0,254
419,789,0,0,254
420,789,0,0,254
421,789,0,0,254
422,789,0,0,254
423,789,0,0,254
424,789,8,2,255
425,789,0,0,249
880,789,1,0,246
881,789,5,4,255
882,789,0,1,254
883,789,0,2,255
884,789,0,0,244
885,789,4,3,255
886,789,0,0,249
887,789,0,0,245
888,789,0,0,254
889,789,0,0,254
890,789,0,0,254
891,789,0,0,254
892,789,0,0,254
893,789,0,0,254
894,789,0,0,254
895,789,0,0,254
896,789,0,0,254
897,789,0,0,254
898,789,0,0,254
899,789,0,0,254
900,789,0,0,254
901,789,0,0,254
902,789,0,0,254
903,789,0,0,254
904,789,2,4,247
905,789,0,0,252
906,789,8,8,255
907,789,0,0,242
908,789,0,0,247
909,789,0,1,252
910,789,1,4,239
413,790,6,5,255
414,790,0,0,236
415,790,6,5,255
416,790,0,0,254
417,790,0,0,254
418,790,0,0,254
419,790,0,0,254
420,790,0,0,254
421,790,0,0,254
422,790,0,0,254
423,790,0,0,254
424,790,0,0,250
425,790,0,0,253
879,790,14,0,255
880,790,1,1,255
881,790,0,0,242
882,790,0,0,254
883,790,0,0,247
884,790,2,1,255
885,790,6,6,255
886,790,0,1,254
887,790,0,3,254
888,790,0,0,254
889,790,0,0,254
890,790,0,0,254
891,790,0,0,254
892,790,0,0,254
893,790,0,0,254
894,790,0,0,254
895,790,0,0,254
896,790,0,0,254
897,790,0,0,254
898,790,0,0,254
899,790,0,0,254
900,790,0,0,254
901,790,0,0,254
902,790,0,0,254
903,790,0,0,254
904,790,1,1,255
905,790,3,3,255
906,790,0,0,249
907,790,9,3,255
908,790,5,4,248
909,790,0,7,240
910,790,0,0,254
413,791,0,0,251
414,791,0,0,249
415,791,0,0,246
416,791,0,0,254
417,791,0,0,254
418,791,0,0,254
419,791,0,0,254
420,791,0,0,254
421,791,0,0,254
422,791,0,0,254
423,791,0,0,254
424,791,2,0,252
425,791,3,2,254
426,791,9,3,251
879,791,9,0,244
880,791,0,3,255
881,791,0,0,253
882,791,0,0,244
883,791,3,4,244
884,791,4,4,255
885,791,0,0,251
886,791,0,0,252
887,791,0,4,248
888,791,0,0,254
889,791,0,0,254
890,791,0,0,254
891,791,0,0,254
892,791,0,0,254
893,791,0,0,254
894,791,0,0,254
895,791,0,0,254
896,791,0,0,254
897,791,0,0,254
898,791,0,0,254
899,791,0,0,254
900,791,0,0,254
901,791,0,0,254
902,791,0,0,254
903,791,0,0,254
904,791,4,5,255
905,791,0,0,248
906,791,0,0,248
907,791,6,1,253
908,791,2,0,254
909,791,0,2,251
910,791,1,0,254
413,792,2,0,254
414,792,2,4,249
415,792,0,3,255
416,792,0,0,254
417,792,0,0,254
418,792,0,0,254
419,792,0,0,254
420,792,0,0,254
421,792,0,0,254
422,792,0,0,254
423,792,0,0,254
424,792,0,0,246
425,792,0,0,249
426,792,0,0,251
879,792,0,4,253
880,792,0,0,254
881,792,0,0,254
882,792,0,0,254
883,792,0,0,254
884,792,0,0,254
885,792,0,0,254
886,792,0,0,254
887,792,0,0,254
888,792,1,0,253
889,792,0,0,249
890,792,0,7,255
891,792,0,0,246
892,792,0,0,248
893,792,0,2,242
894,792,0,1,254
895,792,6,0,255
896,792,1,0,251
897,792,3,3,255
898,792,0,1,253
899,792,0,3,239
900,792,0,0,251
901,792,0,5,255
902,792,0,0,252
903,792,5,0,253
904,792,6,0,252
905,792,0,0,233
906,792,2,7,255
907,792,0,1,252
908,792,0,1,250
909,792,11,1,255
413,793,7,0,251
414,793,0,1,254
415,793,0,0,254
416,793,0,0,254
417,793,0,0,254
418,793,0,0,254
419,793,0,0,254
420,793,0,0,254
421,793,0,0,254
422,793,0,0,254
423,793,0,0,254
424,793,6,5,255
425,793,0,0,236
426,793,6,5,255
878,793,23,0,255
879,793,0,0,246
880,793,0,0,254
881,793,0,0,254
882,793,0,0,254
883,793,0,0,254
884,793,0,0,254
885,793,0,0,254
886,793,0,0,254
887,793,0,0,254
888,793,9,0,249
889,793,1,2,253
890,793,0,0,252
891,793,0,0,254
892,793,5,5,255
893,793,3,8,255
894,793,0,3,245
895,793,1,0,245
896,793,0,0,251
897,793,1,1,255
898,793,6,0,255
899,793,10,0,255
900,793,13,1,255
901,793,2,0,252
902,793,1,1,255
903,793,0,5,255
904,793,0,9,254
905,793,0,1,253
906,793,0,3,252
907,793,2,0,252
908,793,13,0,255
414,794,0,5,247
415,794,0,0,252
416,794,0,0,254
417,794,0,0,254
418,794,0,0,254
419,794,0,0,254
420,794,0,0,254
421,794,0,0,254
422,794,0,0,254
423,794,0,0,254
424,794,0,0,244
425,794,0,3,255
426,794,0,0,250
878,794,10,2,255
879,794,3,3,251
880,794,0,0,254
881,794,0,0,254
882,794,0,0,254
883,794,0,0,254
884,794,0,0,254
885,794,0,0,254
886,794,0,0,254
887,794,0,0,254
888,794,9,0,254
889,794,10,4,255
890,794,2,0,254
891,794,5,0,255
892,794,2,0,247
893,794,0,0,244
894,794,0,5,255
895,794,0,0,253
896,794,5,4,255
897,794,0,0,250
898,794,0,2,231
899,794,0,0,249
900,794,3,3,255
901,794,0,0,250
902,794,1,0,251
903,794,3,0,251
904,794,0,2,252
905,794,0,2,255
906,794,8,0,252
907,794,17,0,253
414,795,0,3,255
415,795,4,3,255
416,795,0,0,254
417,795,0,0,254
418,795,0,0,254
419,795,0,0,254
420,795,0,0,254
421,795,0,0,254
422,795,0,0,254
423,795,0,0,254
424,795,2,2,255
425,795,7,7,255
426,795,0,0,240
427,795,14,0,245
877,795,7,0,249
878,795,0,5,254
879,795,1,0,253
880,795,0,0,254
881,795,0,0,254
882,795,0,0,254
883,795,0,0,254
884,795,0,0,254
885,795,0,0,254
886,795,0,0,254
887,795,0,0,254
888,795,3,6,255
889,795,0,0,240
890,795,1,7,253
891,795,6,0,255
892,795,6,0,248
893,795,0,0,252
894,795,0,0,251
895,795,5,0,252
896,795,0,0,234
897,795,1,4,255
898,795,0,0,251
899,795,8,7,255
900,795,4,4,255
901,795,0,0,237
902,795,0,5,244
903,795,0,0,249
904,795,7,0,252
414,796,4,3,255
415,796,3,3,251
416,796,0,0,254
417,796,0,0,254
418,796,0,0,254
419,796,0,0,254
420,796,0,0,254
421,796,0,0,254
422,796,0,0,254
423,796,0,0,254
424,796,2,4,247
425,796,0,0,249
426,796,0,0,250
427,796,11,0,255
877,796,2,0,251
878,796,0,5,251
879,796,4,1,255
880,796,0,0,254
881,796,0,0,254
882,796,0,0,254
883,796,0,0,254
884,796,0,0,254
885,796,0,0,254
886,796,0,0,254
887,796,0,0,254
888,796,0,0,247
889,796,0,1,253
890,796,0,0,251
891,796,13,3,255
892,796,6,0,246
893,796,0,1,236
894,796,3,6,255
895,796,7,9,252
896,796,5,2,255
897,796,0,3,248
898,796,0,3,254
899,796,0,0,248
900,796,0,2,255
901,796,2,0,242
902,796,19,0,255
414,797,2,0,234
415,797,0,0,248
416,797,0,0,254
417,797,0,0,254
418,797,0,0,254
419,797,0,0,254
420,797,0,0,254
421,797,0,0,254
422,797,0,0,254
423,797,0,0,254
424,797,0,0,252
425,797,0,0,251
426,797,3,4,255
427,797,0,0,246
877,797,5,4,255
878,797,0,0,249
879,797,0,0,246
880,797,0,0,254
881,797,0,0,254
882,797,0,0,254
883,797,0,0,254
884,797,0,0,254
885,797,0,0,254
886,797,0,0,254
887,797,0,0,254
888,797,5,4,255
889,797,0,0,252
890,797,5,0,251
893,797,1,0,248
894,797,1,0,248
895,797,3,0,251
896,797,0,2,254
897,797,2,0,241
414,798,15,0,254
415,798,0,0,253
416,798,0,0,254
417,798,0,0,254
418,798,0,0,254
419,798,0,0,254
420,798,0,0,254
421,798,0,0,254
422,798,0,0,254
423,798,0,0,254
424,798,5,8,255
425,798,1,0,244
426,798,4,5,255
427,798,0,3,244
876,798,6,0,242
877,798,0,0,244
878,798,0,0,250
879,798,3,6,255
880,798,0,0,254
881,798,0,0,254
882,798,0,0,254
883,798,0,0,254
884,798,0,0,254
885,798,0,0,254
886,798,0,0,254
887,798,0,0,254
888,798,0,4,250
889,798,0,4,255
890,798,7,0,255
415,799,2,8,250
416,799,0,0,254
417,799,0,0,254
418,799,0,0,254
419,799,0,0,254
420,799,0,0,254
421,799,0,0,254
422,799,0,0,254
423,799,0,0,254
424,799,0,1,254
425,799,3,0,240
426,799,0,0,251
427,799,0,1,251
876,799,2,3,253
877,799,2,2,255
878,799,14,4,255
879,799,0,0,248
880,799,0,0,254
881,799,0,0,254
882,799,0,0,254
883,799,0,0,254
884,799,0,0,254
885,799,0,0,254
886,799,0,0,254
887,799,0,0,254
888,799,6,0,253
889,799,7,0,236
415,800,1,1,255
416,800,0,0,254
417,800,0,0,254
418,800,0,0,254
419,800,0,0,254
420,800,0,0,254
421,800,0,0,254
422,800,0,0,254
423,800,0,0,254
424,800,0,4,251
425,800,0,0,245
426,800,5,0,255
427,800,0,0,246
428,800,0,1,254
876,800,7,2,252
877,800,8,0,255
878,800,6,0,255
879,800,5,0,254
880,800,0,0,254
881,800,0,0,254
882,800,0,0,254
883,800,0,0,254
884,800,0,0,254
885,800,0,0,254
886,800,0,0,254
887,800,0,0,254
888,800,0,1,252
889,800,25,0,243
415,801,2,1,243
416,801,0,0,254
417,801,0,0,254
418,801,0,0,254
419,801,0,0,254
420,801,0,0,254
421,801,0,0,254
422,801,0,0,254
423,801,0,0,254
424,801,3,7,254
425,801,0,0,248
426,801,8,2,255
427,801,6,5,255
428,801,0,4,255
876,801,0,0,251
877,801,0,0,250
878,801,0,0,245
879,801,2,3,244
880,801,0,0,254
881,801,0,0,254
882,801,0,0,254
883,801,0,0,254
884,801,0,0,254
885,801,0,0,254
886,801,0,0,254
887,801,0,0,254
888,801,0,6,255
415,802,4,0,251
416,802,0,0,254
417,802,0,0,254
418,802,0,0,254
419,802,0,0,254
420,802,0,0,254
421,802,0,0,254
422,802,0,0,254
423,802,0,0,254
424,802,0,1,246
425,802,7,7,255
426,802,1,0,251
427,802,5,4,255
428,802,0,0,245
876,802,0,0,250
877,802,0,0,246
878,802,2,11,255
879,802,0,4,255
880,802,0,0,254
881,802,0,0,254
882,802,0,0,254
883,802,0,0,254
884,802,0,0,254
885,802,0,0,254
886,802,0,0,254
887,802,0,0,254
888,802,0,5,246
416,803,0,0,254
417,803,0,0,254
418,803,0,0,254
419,803,0,0,254
420,803,0,0,254
421,803,0,0,254
422,803,0,0,254
423,803,0,0,254
424,803,0,0,237
425,803,1,1,255
426,803,1,0,251
427,803,0,0,253
428,803,0,0,252
876,803,5,4,255
877,803,0,1,253
878,803,0,4,255
879,803,0,0,244
880,803,0,0,254
881,803,0,0,254
882,803,0,0,254
883,803,0,0,254
884,803,0,0,254
885,803,0,0,254
886,803,0,0,254
887,803,0,0,254
888,803,0,2,252
416,804,0,0,254
417,804,0,0,254
418,804,0,0,254
419,804,0,0,254
420,804,0,0,254
421,804,0,0,254
422,804,0,0,254
423,804,0,0,254
424,804,0,0,249
425,804,0,0,253
426,804,7,1,255
427,804,1,0,254
428,804,0,0,245
876,804,6,0,255
877,804,0,0,254
878,804,0,0,253
879,804,0,0,251
880,804,0,0,254
881,804,0,0,254
882,804,0,0,254
883,804,0,0,254
884,804,0,0,254
885,804,0,0,254
886,804,0,0,254
887,804,0,0,254
888,804,0,0,252
416,805,0,0,254
417,805,0,0,254
418,805,0,0,254
419,805,0,0,254
420,805,0,0,254
421,805,0,0,254
422,805,0,0,254
423,805,0,0,254
424,805,0,0,253
425,805,6,6,255
426,805,3,0,253
427,805,0,2,247
428,805,0,6,252
876,805,1,0,253
877,805,6,1,253
878,805,5,2,255
879,805,3,0,255
880,805,0,0,254
881,805,0,0,254
882,805,0,0,254
883,805,0,0,254
884,805,0,0,254
885,805,0,0,254
886,805,0,0,254
887,805,0,0,254
888,805,0,0,252
416,806,0,0,254
417,806,0,0,254
418,806,0,0,254
419,806,0,0,254
420,806,0,0,254
421,806,0,0,254
422,806,0,0,254
423,806,0,0,254
424,806,0,0,254
425,806,0,0,249
426,806,2,0,252
427,806,0,0,250
428,806,0,7,255
874,806,4,0,238
875,806,7,0,252
876,806,0,3,255
877,806,2,1,245
878,806,0,0,249
879,806,1,0,254
880,806,0,0,254
881,806,0,0,254
882,806,0,0,254
883,806,0,0,254
884,806,0,0,254
885,806,0,0,254
886,806,0,0,254
887,806,0,0,254
888,806,6,6,255
416,807,0,0,254
417,807,0,0,254
418,807,0,0,254
419,807,0,0,254
420,807,0,0,254
421,807,0,0,254
422,807,0,0,254
423,807,0,0,254
424,807,0,0,252
425,807,0,2,239
426,807,9,3,255
427,807,2,2,255
428,807,0,0,251
429,807,21,0,240
873,807,9,0,242
874,807,2,5,255
875,807,0,3,255
876,807,0,1,249
877,807,0,1,241
878,807,3,2,255
879,807,0,3,255
880,807,0,0,254
881,807,0,0,254
882,807,0,0,254
883,807,0,0,254
884,807,0,0,254
885,807,0,0,254
886,807,0,0,254
887,807,0,0,254
888,807,0,0,250
416,808,4,0,254
417,808,0,3,252
418,808,6,2,236
419,808,1,2,252
420,808,0,4,254
421,808,6,3,255
422,808,5,4,255
423,808,0,0,252
424,808,1,0,254
425,808,0,1,254
426,808,0,0,252
427,808,0,1,254
428,808,8,7,255
429,808,2,2,238
873,808,9,0,252
874,808,4,3,255
875,808,0,0,242
876,808,0,1,254
877,808,0,0,253
878,808,0,3,255
879,808,0,3,251
880,808,0,0,254
881,808,0,0,254
882,808,0,0,254
883,808,0,0,254
884,808,0,0,254
885,808,0,0,254
886,808,0,0,254
887,808,0,0,254
888,808,0,0,246
416,809,10,2,246
417,809,0,2,255
418,809,4,0,253
419,809,0,0,251
420,809,0,3,237
421,809,7,4,255
422,809,0,0,246
423,809,0,4,240
424,809,4,3,254
425,809,1,5,254
426,809,0,0,251
427,809,0,0,247
428,809,9,8,255
429,809,0,0,232
873,809,8,0,246
874,809,3,2,255
875,809,0,5,255
876,809,0,0,242
877,809,6,6,255
878,809,0,0,250
879,809,0,2,244
880,809,0,0,254
881,809,0,0,254
882,809,0,0,254
883,809,0,0,254
884,809,0,0,254
885,809,0,0,254
886,809,0,0,254
887,809,0,0,254
888,809,4,1,255
416,810,6,0,249
417,810,0,1,254
418,810,5,2,243
419,810,3,3,255
420,810,0,7,255
421,810,0,0,244
422,810,0,0,254
423,810,0,0,253
424,810,6,7,247
425,810,0,0,248
426,810,6,6,255
427,810,0,1,254
428,810,3,2,255
429,810,5,2,255
872,810,15,0,255
873,810,1,0,250
874,810,0,3,235
875,810,0,0,252
876,810,0,0,247
877,810,0,0,252
878,810,5,2,255
879,810,4,3,255
880,810,0,0,254
881,810,0,0,254
882,810,0,0,254
883,810,0,0,254
884,810,0,0,254
885,810,0,0,254
886,810,0,0,254
887,810,0,0,254
888,810,1,0,242
417,811,0,0,254
418,811,0,0,248
419,811,3,3,255
420,811,0,2,251
421,811,0,0,243
422,811,5,5,255
423,811,5,5,255
424,811,1,0,254
425,811,0,0,247
426,811,0,0,252
427,811,0,5,241
428,811,0,0,246
429,811,4,3,255
872,811,5,0,255
873,811,1,0,252
874,811,2,6,253
875,811,2,5,255
876,811,0,0,248
877,811,0,0,250
878,811,0,0,243
879,811,5,0,255
880,811,0,0,254
881,811,0,0,254
882,811,0,0,254
883,811,0,0,254
884,811,0,0,254
885,811,0,0,254
886,811,0,0,254
887,811,0,0,254
888,811,11,3,255
417,812,0,0,253
418,812,2,4,245
419,812,0,0,249
420,812,0,0,253
421,812,0,1,242
422,812,0,3,255
423,812,0,0,250
424,812,0,0,248
425,812,0,0,254
426,812,6,6,255
427,812,0,5,247
428,812,1,1,255
429,812,0,0,252
872,812,0,0,254
873,812,3,3,255
874,812,0,0,253
875,812,0,1,240
876,812,0,5,247
877,812,2,2,255
878,812,3,1,250
879,812,7,1,255
880,812,0,0,254
881,812,0,0,254
882,812,0,0,254
883,812,0,0,254
884,812,0,0,254
885,812,0,0,254
886,812,0,0,254
887,812,0,0,254
888,812,3,0,250
417,813,2,3,243
418,813,0,0,249
419,813,5,4,255
420,813,2,2,255
421,813,3,2,255
422,813,0,0,246
423,813,5,5,249
424,813,6,4,255
425,813,0,0,253
426,813,0,0,248
427,813,0,3,255
428,813,0,0,253
429,813,5,5,255
872,813,0,0,252
873,813,3,5,250
874,813,4,3,255
875,813,0,0,251
876,813,0,2,251
877,813,0,1,254
878,813,1,1,247
879,813,5,0,255
880,813,0,0,254
881,813,0,0,254
882,813,0,0,254
883,813,0,0,254
884,813,0,0,254
885,813,0,0,254
886,813,0,0,254
887,813,0,0,254
888,813,8,0,255
417,814,0,0,243
418,814,0,0,249
419,814,2,1,253
420,814,0,0,246
421,814,5,4,255
422,814,0,0,249
423,814,0,0,248
424,814,1,0,253
425,814,0,0,245
426,814,0,0,235
427,814,0,0,253
428,814,0,0,253
429,814,2,2,255
872,814,0,2,254
873,814,3,3,255
874,814,0,0,248
875,814,5,6,246
876,814,0,3,255
877,814,0,0,251
878,814,0,0,245
879,814,2,1,255
880,814,0,0,254
881,814,0,0,254
882,814,0,0,254
883,814,0,0,254
884,814,0,0,254
885,814,0,0,254
886,814,0,0,254
887,814,0,0,254
888,814,6,0,252
417,815,4,3,255
418,815,0,3,255
419,815,0,0,239
420,815,5,5,251
421,815,3,2,255
422,815,0,0,251
423,815,8,5,255
424,815,5,2,255
425,815,0,0,253
426,815,4,4,255
427,815,0,3,255
428,815,0,0,252
429,815,0,0,242
430,815,25,0,242
872,815,0,0,252
873,815,0,2,237
874,815,0,0,248
875,815,4,1,255
876,815,0,0,249
877,815,0,7,255
878,815,0,2,254
879,815,0,1,244
880,815,0,0,254
881,815,0,0,254
882,815,0,0,254
883,815,0,0,254
884,815,0,0,254
885,815,0,0,254
886,815,0,0,254
887,815,0,0,254
417,816,3,0,240
418,816,2,2,255
419,816,1,0,254
420,816,0,8,237
421,816,8,2,255
422,816,9,0,255
423,816,0,0,250
424,816,3,0,255
425,816,4,0,249
426,816,2,0,249
427,816,2,6,253
428,816,0,3,241
429,816,3,6,255
430,816,3,0,255
872,816,0,0,254
873,816,0,0,254
874,816,0,0,254
875,816,0,0,254
876,816,0,0,254
877,816,0,0,254
878,816,0,0,254
879,816,0,0,254
880,816,5,2,255
881,816,0,0,253
882,816,4,4,255
883,816,0,3,255
884,816,0,0,252
885,816,0,0,242
886,816,25,0,242
417,817,12,0,255
418,817,7,6,255
419,817,7,6,255
420,817,0,1,250
421,817,2,0,254
422,817,3,0,252
423,817,1,0,241
424,817,1,0,251
425,817,3,2,255
426,817,7,0,254
427,817,0,0,240
428,817,0,0,252
429,817,4,4,255
430,817,2,0,241
872,817,0,0,254
873,817,0,0,254
874,817,0,0,254
875,817,0,0,254
876,817,0,0,254
877,817,0,0,254
878,817,0,0,254
879,817,0,0,254
880,817,1,0,253
881,817,0,0,245
882,817,0,0,235
883,817,0,0,253
884,817,0,0,253
885,817,2,2,255
418,818,0,0,250
419,818,0,0,249
420,818,0,9,248
421,818,1,1,255
422,818,3,1,252
423,818,5,6,255
424,818,0,2,249
425,818,0,1,254
426,818,1,0,253
427,818,0,0,253
428,818,4,5,253
429,818,0,0,249
430,818,2,0,252
872,818,0,0,254
873,818,0,0,254
874,818,0,0,254
875,818,0,0,254
876,818,0,0,254
877,818,0,0,254
878,818,0,0,254
879,818,0,0,254
880,818,6,4,255
881,818,0,0,253
882,818,0,0,248
883,818,0,3,255
884,818,0,0,253
885,818,5,5,255
418,819,4,2,249
419,819,5,2,255
420,819,0,7,255
421,819,0,0,251
422,819,0,0,245
423,819,0,3,252
424,819,0,0,249
425,819,0,1,253
426,819,0,0,246
427,819,0,0,250
428,819,4,3,255
429,819,4,3,247
430,819,1,0,237
872,819,0,0,254
873,819,0,0,254
874,819,0,0,254
875,819,0,0,254
876,819,0,0,254
877,819,0,0,254
878,819,0,0,254
879,819,0,0,254
880,819,0,0,248
881,819,0,0,254
882,819,6,6,255
883,819,0,5,247
884,819,1,1,255
885,819,0,0,252
418,820,0,0,249
419,820,0,0,247
420,820,0,3,244
421,820,0,0,251
422,820,1,1,255
423,820,0,4,246
424,820,0,2,244
425,820,3,8,255
426,820,3,3,255
427,820,0,4,255
428,820,0,0,240
429,820,1,0,251
430,820,3,0,255
872,820,0,0,254
873,820,0,0,254
874,820,0,0,254
875,820,0,0,254
876,820,0,0,254
877,820,0,0,254
878,820,0,0,254
879,820,0,0,254
880,820,1,0,254
881,820,0,0,247
882,820,0,0,252
883,820,0,5,241
884,820,0,0,246
885,820,4,3,255
418,821,7,7,255
419,821,2,0,251
420,821,0,0,253
421,821,0,4,254
422,821,2,2,255
423,821,0,0,248
424,821,0,0,252
425,821,0,1,237
426,821,1,2,253
427,821,0,2,254
428,821,5,4,246
429,821,4,1,255
430,821,3,7,252
872,821,0,0,254
873,821,0,0,254
874,821,0,0,254
875,821,0,0,254
876,821,0,0,254
877,821,0,0,254
878,821,0,0,254
879,821,0,0,254
880,821,6,7,247
881,821,0,0,248
882,821,6,6,255
883,821,0,1,254
884,821,3,2,255
885,821,5,2,255
418,822,0,0,245
419,822,5,4,255
420,822,0,1,241
421,822,0,0,251
422,822,3,0,255
423,822,1,0,254
424,822,5,0,255
425,822,4,4,255
426,822,0,0,247
427,822,2,5,255
428,822,0,0,249
429,822,0,2,235
430,822,0,5,255
431,822,10,0,255
872,822,0,0,254
873,822,0,0,254
874,822,0,0,254
875,822,0,0,254
876,822,0,0,254
877,822,0,0,254
878,822,0,0,254
879,822,0,0,254
880,822,4,3,254
881,822,1,5,254
882,822,0,0,251
883,822,0,0,247
884,822,9,8,255
885,822,0,0,232
418,823,0,1,254
419,823,6,5,255
420,823,0,0,251
421,823,0,5,247
422,823,2,0,254
423,823,5,0,255
424,823,5,0,254
425,823,0,0,250
426,823,1,0,254
427,823,0,0,250
428,823,6,3,255
429,823,0,0,252
430,823,0,8,254
431,823,5,0,251
872,823,0,0,254
873,823,0,0,254
874,823,0,0,254
875,823,0,0,254
876,823,0,0,254
877,823,0,0,254
878,823,0,0,254
879,823,0,0,254
880,823,1,0,254
881,823,0,1,254
882,823,0,0,252
883,823,0,1,254
884,823,8,7,255
885,823,2,2,238
418,824,20,0,239
419,824,0,0,252
420,824,1,1,255
421,824,10,4,255
422,824,0,1,238
423,824,0,0,253
424,824,0,0,254
425,824,0,0,254
426,824,0,0,254
427,824,0,0,254
428,824,0,0,254
429,824,0,0,254
430,824,0,0,254
431,824,0,0,254
872,824,0,0,254
873,824,0,0,254
874,824,0,0,254
875,824,0,0,254
876,824,0,0,254
877,824,0,0,254
878,824,0,0,254
879,824,0,0,254
880,824,1,0,254
881,824,0,1,252
882,824,0,0,254
883,824,0,0,253
884,824,1,1,255
885,824,0,0,253
419,825,0,4,255
420,825,0,0,253
421,825,0,0,250
422,825,0,1,251
423,825,0,0,253
424,825,0,0,254
425,825,0,0,254
426,825,0,0,254
427,825,0,0,254
428,825,0,0,254
429,825,0,0,254
430,825,0,0,254
431,825,0,0,254
872,825,0,0,254
873,825,0,0,254
874,825,0,0,254
875,825,0,0,254
876,825,0,0,254
877,825,0,0,254
878,825,0,0,254
879,825,0,0,254
880,825,1,0,254
881,825,0,1,252
882,825,0,0,254
883,825,0,0,253
884,825,1,1,255
885,825,0,0,253
419,826,0,8,254
420,826,0,0,244
421,826,6,0,255
422,826,5,5,255
423,826,0,0,254
424,826,0,0,254
425,826,0,0,254
426,826,0,0,254
427,826,0,0,254
428,826,0,0,254
429,826,0,0,254
430,826,0,0,254
431,826,0,0,254
872,826,0,0,254
873,826,0,0,254
874,826,0,0,254
875,826,0,0,254
876,826,0,0,254
877,826,0,0,254
878,826,0,0,254
879,826,0,0,254
880,826,1,0,254
881,826,0,1,252
882,826,0,0,254
883,826,0,0,253
884,826,1,1,255
885,826,0,0,253
419,827,0,0,244
420,827,2,1,255
421,827,6,0,255
422,827,0,0,253
423,827,0,0,249
424,827,0,0,254
425,827,0,0,254
426,827,0,0,254
427,827,0,0,254
428,827,0,0,254
429,827,0,0,254
430,827,0,0,254
431,827,0,0,254
871,827,13,0,255
872,827,0,0,254
873,827,0,0,254
874,827,0,0,254
875,827,0,0,254
876,827,0,0,254
877,827,0,0,254
878,827,0,0,254
879,827,0,0,254
880,827,1,0,254
881,827,0,1,252
882,827,0,0,254
883,827,0,0,253
884,827,1,1,255
885,827,0,0,253
419,828,0,0,250
420,828,1,0,254
421,828,0,0,250
422,828,1,1,255
423,828,0,0,237
424,828,0,0,254
425,828,0,0,254
426,828,0,0,254
427,828,0,0,254
428,828,0,0,254
429,828,0,0,254
430,828,0,0,254
431,828,0,0,254
870,828,8,0,249
871,828,0,0,246
872,828,0,0,254
873,828,0,0,254
874,828,0,0,254
875,828,0,0,254
876,828,0,0,254
877,828,0,0,254
878,828,0,0,254
879,828,0,0,254
880,828,1,0,254
881,828,0,1,252
882,828,0,0,254
883,828,0,0,253
884,828,1,1,255
885,828,0,0,253
419,829,0,2,248
420,829,3,2,254
421,829,3,0,253
422,829,5,5,255
423,829,0,1,246
424,829,0,0,254
425,829,0,0,254
426,829,0,0,254
427,829,0,0,254
428,829,0,0,254
429,829,0,0,254
430,829,0,0,254
431,829,0,0,254
869,829,17,0,245
870,829,4,0,249
871,829,3,3,255
872,829,0,0,254
873,829,0,0,254
874,829,0,0,254
875,829,0,0,254
876,829,0,0,254
877,829,0,0,254
878,829,0,0,254
879,829,0,0,254
880,829,1,0,254
881,829,0,1,252
882,829,0,0,254
883,829,0,0,253
884,829,1,1,255
885,829,0,0,253
419,830,0,1,253
420,830,9,8,255
421,830,6,0,255
422,830,0,0,250
423,830,3,7,254
424,830,0,0,254
425,830,0,0,254
426,830,0,0,254
427,830,0,0,254
428,830,0,0,254
429,830,0,0,254
430,830,0,0,254
431,830,0,0,254
869,830,1,0,248
870,830,3,8,255
871,830,0,0,251
872,830,0,0,254
873,830,0,0,254
874,830,0,0,254
875,830,0,0,254
876,830,0,0,254
877,830,0,0,254
878,830,0,0,254
879,830,0,0,254
880,830,1,0,254
881,830,0,1,252
882,830,0,0,254
883,830,0,0,253
884,830,1,1,255
885,830,0,0,253
419,831,0,2,255
420,831,0,0,244
421,831,6,0,255
422,831,0,0,244
423,831,0,4,251
424,831,0,0,254
425,831,0,0,254
426,831,0,0,254
427,831,0,0,254
428,831,0,0,254
429,831,0,0,254
430,831,0,0,254
431,831,0,0,254
869,831,0,0,252
870,831,0,6,255
871,831,0,0,245
872,831,0,0,254
873,831,0,0,254
874,831,0,0,254
875,831,0,0,254
876,831,0,0,254
877,831,0,0,254
878,831,0,0,254
879,831,0,0,254
880,831,1,0,254
881,831,0,1,252
882,831,0,0,254
883,831,0,0,253
884,831,1,1,255
885,831,0,0,253
419,832,0,1,254
420,832,0,2,255
421,832,0,0,252
422,832,1,1,255
423,832,2,0,254
424,832,0,0,254
425,832,0,0,254
426,832,0,0,254
427,832,0,0,254
428,832,0,0,254
429,832,0,0,254
430,832,0,0,254
431,832,0,0,254
869,832,0,0,253
870,832,0,2,255
871,832,2,0,254
872,832,0,0,254
873,832,0,0,254
874,832,0,0,254
875,832,0,0,254
876,832,0,0,254
877,832,0,0,254
878,832,0,0,254
879,832,0,0,254
880,832,0,4,244
881,832,12,3,254
882,832,0,0,251
883,832,1,2,253
884,832,1,1,255
885,832,0,0,252
419,833,0,1,254
420,833,0,2,255
421,833,0,0,252
422,833,1,1,255
423,833,2,0,254
424,833,0,0,254
425,833,0,0,254
426,833,0,0,254
427,833,0,0,254
428,833,0,0,254
429,833,0,0,254
430,833,0,0,254
431,833,0,0,254
869,833,0,0,253
870,833,0,2,255
871,833,2,0,254
872,833,0,0,254
873,833,0,0,254
874,833,0,0,254
875,833,0,0,254
876,833,0,0,254
877,833,0,0,254
878,833,0,0,254
879,833,0,0,254
880,833,0,2,254
881,833,0,0,246
882,833,0,0,246
883,833,0,3,254
884,833,0,2,249
419,834,0,1,254
420,834,0,2,255
421,834,0,0,252
422,834,1,1,255
423,834,2,0,254
424,834,0,0,254
425,834,0,0,254
426,834,0,0,254
427,834,0,0,254
428,834,0,0,254
429,834,0,0,254
430,834,0,0,254
431,834,0,0,254
869,834,0,0,253
870,834,0,2,255
871,834,2,0,254
872,834,0,0,254
873,834,0,0,254
874,834,0,0,254
875,834,0,0,254
876,834,0,0,254
877,834,0,0,254
878,834,0,0,254
879,834,0,0,254
880,834,2,7,255
881,834,0,0,250
882,834,12,0,255
883,834,0,0,250
884,834,3,2,255
419,835,0,1,254
420,835,0,2,255
421,835,0,0,252
422,835,1,1,255
423,835,2,0,254
424,835,0,0,254
425,835,0,0,254
426,835,0,0,254
427,835,0,0,254
428,835,0,0,254
429,835,0,0,254
430,835,0,0,254
431,835,0,0,254
869,835,0,0,253
870,835,0,2,255
871,835,2,0,254
872,835,0,0,254
873,835,0,0,254
874,835,0,0,254
875,835,0,0,254
876,835,0,0,254
877,835,0,0,254
878,835,0,0,254
879,835,0,0,254
880,835,0,0,248
881,835,0,3,247
882,835,6,3,255
883,835,4,4,252
884,835,15,0,255
419,836,0,1,254
420,836,0,2,255
421,836,0,0,252
422,836,1,1,255
423,836,2,0,254
424,836,0,0,254
425,836,0,0,254
426,836,0,0,254
427,836,0,0,254
428,836,0,0,254
429,836,0,0,254
430,836,0,0,254
431,836,0,0,254
869,836,0,0,253
870,836,0,2,255
871,836,2,0,254
872,836,0,0,254
873,836,0,0,254
874,836,0,0,254
875,836,0,0,254
876,836,0,0,254
877,836,0,0,254
878,836,0,0,254
879,836,0,0,254
880,836,7,6,255
881,836,0,0,249
882,836,0,5,255
883,836,18,0,255
419,837,0,1,254
420,837,0,2,255
421,837,0,0,252
422,837,1,1,255
423,837,2,0,254
424,837,0,0,254
425,837,0,0,254
426,837,0,0,254
427,837,0,0,254
428,837,0,0,254
429,837,0,0,254
430,837,0,0,254
431,837,0,0,254
869,837,0,0,253
870,837,0,2,255
871,837,2,0,254
872,837,0,0,254
873,837,0,0,254
874,837,0,0,254
875,837,0,0,254
876,837,0,0,254
877,837,0,0,254
878,837,0,0,254
879,837,0,0,254
880,837,0,0,248
881,837,3,2,255
882,837,0,0,249
419,838,0,1,254
420,838,0,2,255
421,838,0,0,252
422,838,1,1,255
423,838,2,0,254
424,838,0,0,254
425,838,0,0,254
426,838,0,0,254
427,838,0,0,254
428,838,0,0,254
429,838,0,0,254
430,838,0,0,254
431,838,0,0,254
869,838,0,0,253
870,838,0,2,255
871,838,2,0,254
872,838,0,0,254
873,838,0,0,254
874,838,0,0,254
875,838,0,0,254
876,838,0,0,254
877,838,0,0,254
878,838,0,0,254
879,838,0,0,254
880,838,1,1,255
881,838,2,0,254
419,839,0,1,254
420,839,0,2,255
421,839,0,0,252
422,839,1,1,255
423,839,2,0,254
424,839,0,0,254
425,839,0,0,254
426,839,0,0,254
427,839,0,0,254
428,839,0,0,254
429,839,0,0,254
430,839,0,0,254
431,839,0,0,254
869,839,0,0,253
870,839,0,2,255
871,839,2,0,254
872,839,0,0,254
873,839,0,0,254
874,839,0,0,254
875,839,0,0,254
876,839,0,0,254
877,839,0,0,254
878,839,0,0,254
879,839,0,0,254
880,839,0,0,251
881,839,1,0,241
419,840,0,1,254
420,840,0,2,255
421,840,0,0,252
422,840,1,1,255
423,840,2,0,254
424,840,0,0,254
425,840,0,0,254
426,840,0,0,254
427,840,0,0,254
428,840,0,0,254
429,840,0,0,254
430,840,0,0,254
431,840,0,0,254
869,840,0,0,253
870,840,0,2,255
871,840,2,0,254
872,840,0,0,254
873,840,0,0,254
874,840,0,0,254
875,840,0,0,254
876,840,0,0,254
877,840,0,0,254
878,840,0,0,254
879,840,0,0,254
880,840,0,0,254
881,840,0,0,251
419,841,0,1,254
420,841,0,2,255
421,841,0,0,252
422,841,1,1,255
423,841,2,0,254
424,841,0,0,254
425,841,0,0,254
426,841,0,0,254
427,841,0,0,254
428,841,0,0,254
429,841,0,0,254
430,841,0,0,254
431,841,0,0,254
869,841,0,0,253
870,841,0,2,255
871,841,2,0,254
872,841,0,0,254
873,841,0,0,254
874,841,0,0,254
875,841,0,0,254
876,841,0,0,254
877,841,0,0,254
878,841,0,0,254
879,841,0,0,254
880,841,0,0,254
881,841,0,0,251
419,842,0,1,254
420,842,0,2,255
421,842,0,0,252
422,842,1,1,255
423,842,2,0,254
424,842,0,0,254
425,842,0,0,254
426,842,0,0,254
427,842,0,0,254
428,842,0,0,254
429,842,0,0,254
430,842,0,0,254
431,842,0,0,254
869,842,0,0,253
870,842,0,2,255
871,842,2,0,254
872,842,0,0,254
873,842,0,0,254
874,842,0,0,254
875,842,0,0,254
876,842,0,0,254
877,842,0,0,254
878,842,0,0,254
879,842,0,0,254
880,842,0,0,254
881,842,0,0,251
419,843,0,1,254
420,843,0,2,255
421,843,0,0,252
422,843,1,1,255
423,843,2,0,254
424,843,0,0,254
425,843,0,0,254
426,843,0,0,254
427,843,0,0,254
428,843,0,0,254
429,843,0,0,254
430,843,0,0,254
431,843,0,0,254
869,843,0,0,253
870,843,0,2,255
871,843,2,0,254
872,843,0,0,254
873,843,0,0,254
874,843,0,0,254
875,843,0,0,254
876,843,0,0,254
877,843,0,0,254
878,843,0,0,254
879,843,0,0,254
880,843,0,0,254
881,843,0,0,251
419,844,0,1,254
420,844,0,2,255
421,844,0,0,252
422,844,1,1,255
423,844,2,0,254
424,844,0,0,254
425,844,0,0,254
426,844,0,0,254
427,844,0,0,254
428,844,0,0,254
429,844,0,0,254
430,844,0,0,254
431,844,0,0,254
869,844,0,0,253
870,844,0,2,255
871,844,2,0,254
872,844,0,0,254
873,844,0,0,254
874,844,0,0,254
875,844,0,0,254
876,844,0,0,254
877,844,0,0,254
878,844,0,0,254
879,844,0,0,254
880,844,0,0,254
881,844,0,0,251
419,845,0,1,254
420,845,0,2,255
421,845,0,0,252
422,845,1,1,255
423,845,2,0,254
424,845,0,0,254
425,845,0,0,254
426,845,0,0,254
427,845,0,0,254
428,845,0,0,254
429,845,0,0,254
430,845,0,0,254
431,845,0,0,254
869,845,0,0,253
870,845,0,2,255
871,845,2,0,254
872,845,0,0,254
873,845,0,0,254
874,845,0,0,254
875,845,0,0,254
876,845,0,0,254
877,845,0,0,254
878,845,0,0,254
879,845,0,0,254
880,845,0,0,254
881,845,0,0,251
419,846,0,1,254
420,846,0,2,255
421,846,0,0,252
422,846,1,1,255
423,846,2,0,254
424,846,0,0,254
425,846,0,0,254
426,846,0,0,254
427,846,0,0,254
428,846,0,0,254
429,846,0,0,254
430,846,0,0,254
431,846,0,0,254
869,846,0,0,253
870,846,0,2,255
871,846,2,0,254
872,846,0,0,254
873,846,0,0,254
874,846,0,0,254
875,846,0,0,254
876,846,0,0,254
877,846,0,0,254
878,846,0,0,254
879,846,0,0,254
880,846,0,0,254
881,846,0,0,251
419,847,0,1,254
420,847,0,2,255
421,847,0,0,252
422,847,1,1,255
423,847,2,0,254
424,847,0,0,254
425,847,0,0,254
426,847,0,0,254
427,847,0,0,254
428,847,0,0,254
429,847,0,0,254
430,847,0,0,254
431,847,0,0,254
869,847,0,0,253
870,847,0,2,255
871,847,2,0,254
872,847,0,0,254
873,847,0,0,254
874,847,0,0,254
875,847,0,0,254
876,847,0,0,254
877,847,0,0,254
878,847,0,0,254
879,847,0,0,254
880,847,0,0,254
881,847,0,0,251
419,848,0,1,254
420,848,0,2,255
421,848,0,0,252
422,848,1,1,255
423,848,2,0,254
424,848,0,0,254
425,848,0,0,254
426,848,0,0,254
427,848,0,0,254
428,848,0,0,254
429,848,0,0,254
430,848,0,0,254
431,848,0,0,254
869,848,0,0,253
870,848,0,2,255
871,848,2,0,254
872,848,0,0,254
873,848,0,0,254
874,848,0,0,254
875,848,0,0,254
876,848,0,0,254
877,848,0,0,254
878,848,0,0,254
879,848,0,0,254
880,848,0,0,254
881,848,0,0,251
419,849,0,1,254
420,849,0,2,255
421,849,0,0,252
422,849,1,1,255
423,849,2,0,254
424,849,0,0,254
425,849,0,0,254
426,849,0,0,254
427,849,0,0,254
428,849,0,0,254
429,849,0,0,254
430,849,0,0,254
431,849,0,0,254
869,849,0,0,253
870,849,0,2,255
871,849,2,0,254
872,849,0,0,254
873,849,0,0,254
874,849,0,0,254
875,849,0,0,254
876,849,0,0,254
877,849,0,0,254
878,849,0,0,254
879,849,0,0,254
880,849,0,0,254
881,849,0,0,251
419,850,0,1,254
420,850,0,2,255
421,850,0,0,252
422,850,1,1,255
423,850,2,0,254
424,850,0,0,254
425,850,0,0,254
426,850,0,0,254
427,850,0,0,254
428,850,0,0,254
429,850,0,0,254
430,850,0,0,254
431,850,0,0,254
432,850,6,0,250
869,850,0,0,253
870,850,0,2,255
871,850,2,0,254
872,850,0,0,254
873,850,0,0,254
874,850,0,0,254
875,850,0,0,254
876,850,0,0,254
877,850,0,0,254
878,850,0,0,254
879,850,0,0,254
880,850,0,0,254
881,850,0,0,251
419,851,0,1,254
420,851,0,2,255
421,851,0,0,252
422,851,1,1,255
423,851,2,0,254
424,851,0,0,254
425,851,0,0,254
426,851,0,0,254
427,851,0,0,254
428,851,0,0,254
429,851,0,0,254
430,851,0,0,254
431,851,0,0,254
432,851,0,3,255
433,851,10,0,249
869,851,0,0,253
870,851,0,2,255
871,851,2,0,254
872,851,0,0,254
873,851,0,0,254
874,851,0,0,254
875,851,0,0,254
876,851,0,0,254
877,851,0,0,254
878,851,0,0,254
879,851,0,0,254
880,851,0,0,254
881,851,0,0,251
419,852,0,1,254
420,852,0,2,255
421,852,0,0,252
422,852,1,1,255
423,852,2,0,254
424,852,0,0,254
425,852,0,0,254
426,852,0,0,254
427,852,0,0,254
428,852,0,0,254
429,852,0,0,254
430,852,0,0,254
431,852,0,0,254
432,852,0,1,247
433,852,2,3,243
434,852,16,0,255
869,852,0,0,253
870,852,0,2,255
871,852,2,0,254
872,852,0,0,254
873,852,0,0,254
874,852,0,0,254
875,852,0,0,254
876,852,0,0,254
877,852,0,0,254
878,852,0,0,254
879,852,0,0,254
880,852,0,0,254
881,852,0,0,251
419,853,0,1,254
420,853,0,2,255
421,853,0,0,252
422,853,1,1,255
423,853,2,0,254
424,853,0,0,254
425,853,0,0,254
426,853,0,0,254
427,853,0,0,254
428,853,0,0,254
429,853,0,0,254
430,853,0,0,254
431,853,0,0,254
432,853,0,3,255
433,853,0,3,255
434,853,1,0,239
869,853,0,0,253
870,853,0,2,255
871,853,2,0,254
872,853,0,0,254
873,853,0,0,254
874,853,0,0,254
875,853,0,0,254
876,853,0,0,254
877,853,0,0,254
878,853,0,0,254
879,853,0,0,254
880,853,0,0,254
881,853,0,0,251
419,854,0,1,254
420,854,0,2,255
421,854,0,0,252
422,854,1,1,255
423,854,2,0,254
424,854,0,0,254
425,854,0,0,254
426,854,0,0,254
427,854,0,0,254
428,854,0,0,254
429,854,0,0,254
430,854,0,0,254
431,854,0,0,254
432,854,6,6,254
433,854,0,0,250
434,854,5,8,255
435,854,9,0,254
869,854,0,0,253
870,854,0,2,255
871,854,2,0,254
872,854,0,0,254
873,854,0,0,254
874,854,0,0,254
875,854,0,0,254
876,854,0,0,254
877,854,0,0,254
878,854,0,0,254
879,854,0,0,254
880,854,0,0,254
881,854,0,0,251
419,855,0,1,254
420,855,0,2,255
421,855,0,0,252
422,855,1,1,255
423,855,2,0,254
424,855,0,0,254
425,855,0,0,254
426,855,0,0,254
427,855,0,0,254
428,855,0,0,254
429,855,0,0,254
430,855,0,0,254
431,855,0,0,254
432,855,0,0,249
433,855,0,0,251
434,855,0,0,245
435,855,0,0,250
869,855,0,0,253
870,855,0,2,255
871,855,2,0,254
872,855,0,0,254
873,855,0,0,254
874,855,0,0,254
875,855,0,0,254
876,855,0,0,254
877,855,0,0,254
878,855,0,0,254
879,855,0,0,254
880,855,0,0,254
881,855,0,0,251
419,856,1,6,255
420,856,0,0,253
421,856,9,0,247
422,856,0,1,253
423,856,2,2,255
424,856,0,0,254
425,856,0,0,254
426,856,0,0,254
427,856,0,0,254
428,856,0,0,254
429,856,0,0,254
430,856,0,0,254
431,856,0,0,254
432,856,2,1,255
433,856,0,0,253
434,856,0,2,255
435,856,1,0,254
869,856,0,0,253
870,856,0,2,255
871,856,2,0,254
872,856,0,0,254
873,856,0,0,254
874,856,0,0,254
875,856,0,0,254
876,856,0,0,254
877,856,0,0,254
878,856,0,0,254
879,856,0,0,254
880,856,0,0,254
881,856,0,0,251
419,857,0,0,239
420,857,4,4,255
421,857,6,0,255
422,857,0,4,255
423,857,1,4,243
424,857,0,0,254
425,857,0,0,254
426,857,0,0,254
427,857,0,0,254
428,857,0,0,254
429,857,0,0,254
430,857,0,0,254
431,857,0,0,254
432,857,2,1,255
433,857,0,0,253
434,857,0,2,255
435,857,1,0,254
869,857,0,0,253
870,857,0,2,255
871,857,2,0,254
872,857,0,0,254
873,857,0,0,254
874,857,0,0,254
875,857,0,0,254
876,857,0,0,254
877,857,0,0,254
878,857,0,0,254
879,857,0,0,254
880,857,0,0,254
881,857,0,0,251
419,858,10,0,255
420,858,3,0,255
421,858,0,0,252
422,858,0,4,234
423,858,0,0,252
424,858,0,0,254
425,858,0,0,254
426,858,0,0,254
427,858,0,0,254
428,858,0,0,254
429,858,0,0,254
430,858,0,0,254
431,858,0,0,254
432,858,2,1,255
433,858,0,0,253
434,858,0,2,255
435,858,1,0,254
869,858,0,0,253
870,858,0,2,255
871,858,2,0,254
872,858,0,0,254
873,858,0,0,254
874,858,0,0,254
875,858,0,0,254
876,858,0,0,254
877,858,0,0,254
878,858,0,0,254
879,858,0,0,254
880,858,0,0,254
881,858,0,0,251
420,859,0,0,247
421,859,0,3,246
422,859,0,5,255
423,859,2,0,254
424,859,0,0,254
425,859,0,0,254
426,859,0,0,254
427,859,0,0,254
428,859,0,0,254
429,859,0,0,254
430,859,0,0,254
431,859,0,0,254
432,859,2,1,255
433,859,0,0,253
434,859,0,2,255
435,859,1,0,254
869,859,0,0,253
870,859,0,2,255
871,859,2,0,254
872,859,0,0,254
873,859,0,0,254
874,859,0,0,254
875,859,0,0,254
876,859,0,0,254
877,859,0,0,254
878,859,0,0,254
879,859,0,0,254
880,859,0,0,254
881,859,0,0,251
420,860,11,0,253
421,860,4,4,252
422,860,0,0,253
423,860,0,0,246
424,860,0,0,254
425,860,0,0,254
426,860,0,0,254
427,860,0,0,254
428,860,0,0,254
429,860,0,0,254
430,860,0,0,254
431,860,0,0,254
432,860,2,1,255
433,860,0,0,253
434,860,0,2,255
435,860,1,0,254
869,860,0,0,253
870,860,0,2,255
871,860,2,0,254
872,860,0,0,254
873,860,0,0,254
874,860,0,0,254
875,860,0,0,254
876,860,0,0,254
877,860,0,0,254
878,860,0,0,254
879,860,0,0,254
880,860,0,0,254
881,860,0,0,251
421,861,12,0,251
422,861,15,0,255
423,861,6,6,255
424,861,0,0,254
425,861,0,0,254
426,861,0,0,254
427,861,0,0,254
428,861,0,0,254
429,861,0,0,254
430,861,0,0,254
431,861,0,0,254
432,861,2,1,255
433,861,0,0,253
434,861,0,2,255
435,861,1,0,254
869,861,0,0,253
870,861,0,2,255
871,861,2,0,254
872,861,0,0,254
873,861,0,0,254
874,861,0,0,254
875,861,0,0,254
876,861,0,0,254
877,861,0,0,254
878,861,0,0,254
879,861,0,0,254
880,861,0,0,254
881,861,0,0,251
423,862,0,4,251
424,862,0,0,254
425,862,0,0,254
426,862,0,0,254
427,862,0,0,254
428,862,0,0,254
429,862,0,0,254
430,862,0,0,254
431,862,0,0,254
432,862,2,1,255
433,862,0,0,253
434,862,0,2,255
435,862,1,0,254
869,862,0,0,253
870,862,0,2,255
871,862,2,0,254
872,862,0,0,254
873,862,0,0,254
874,862,0,0,254
875,862,0,0,254
876,862,0,0,254
877,862,0,0,254
878,862,0,0,254
879,862,0,0,254
880,862,0,0,254
881,862,0,0,251
423,863,0,5,255
424,863,0,0,254
425,863,0,0,254
426,863,0,0,254
427,863,0,0,254
428,863,0,0,254
429,863,0,0,254
430,863,0,0,254
431,863,0,0,254
432,863,2,1,255
433,863,0,0,253
434,863,0,2,255
435,863,1,0,254
869,863,0,0,253
870,863,0,2,255
871,863,2,0,254
872,863,0,0,254
873,863,0,0,254
874,863,0,0,254
875,863,0,0,254
876,863,0,0,254
877,863,0,0,254
878,863,0,0,254
879,863,0,0,254
880,863,0,0,254
881,863,0,0,251
423,864,0,1,254
424,864,0,0,254
425,864,0,0,254
426,864,0,0,254
427,864,0,0,254
428,864,0,0,254
429,864,0,0,254
430,864,0,0,254
431,864,0,0,254
432,864,2,1,255
433,864,0,0,253
434,864,0,2,255
435,864,1,0,254
869,864,0,0,253
870,864,0,2,255
871,864,2,0,254
872,864,0,0,254
873,864,0,0,254
874,864,0,0,254
875,864,0,0,254
876,864,0,0,254
877,864,0,0,254
878,864,0,0,254
879,864,0,0,254
880,864,0,0,254
881,864,0,0,251
423,865,0,1,254
424,865,0,0,254
425,865,0,0,254
426,865,0,0,254
427,865,0,0,254
428,865,0,0,254
429,865,0,0,254
430,865,0,0,254
431,865,0,0,254
432,865,2,1,255
433,865,0,0,253
434,865,0,2,255
435,865,1,0,254
869,865,0,0,253
870,865,0,2,255
871,865,2,0,254
872,865,0,0,254
873,865,0,0,254
874,865,0,0,254
875,865,0,0,254
876,865,0,0,254
877,865,0,0,254
878,865,0,0,254
879,865,0,0,254
880,865,0,0,254
881,865,0,0,251
423,866,0,1,254
424,866,0,0,254
425,866,0,0,254
426,866,0,0,254
427,866,0,0,254
428,866,0,0,254
429,866,0,0,254
430,866,0,0,254
431,866,0,0,254
432,866,2,1,255
433,866,0,0,253
434,866,0,2,255
435,866,1,0,254
869,866,0,0,253
870,866,0,2,255
871,866,2,0,254
872,866,0,0,254
873,866,0,0,254
874,866,0,0,254
875,866,0,0,254
876,866,0,0,254
877,866,0,0,254
878,866,0,0,254
879,866,0,0,254
880,866,0,0,254
881,866,0,0,251
423,867,0,1,254
424,867,0,0,254
425,867,0,0,254
426,867,0,0,254
427,867,0,0,254
428,867,0,0,254
429,867,0,0,254
430,867,0,0,254
431,867,0,0,254
432,867,2,1,255
433,867,0,0,253
434,867,0,2,255
435,867,1,0,254
869,867,0,0,253
870,867,0,2,255
871,867,2,0,254
872,867,0,0,254
873,867,0,0,254
874,867,0,0,254
875,867,0,0,254
876,867,0,0,254
877,867,0,0,254
878,867,0,0,254
879,867,0,0,254
880,867,0,0,254
881,867,0,0,251
423,868,0,1,254
424,868,0,0,254
425,868,0,0,254
426,868,0,0,254
427,868,0,0,254
428,868,0,0,254
429,868,0,0,254
430,868,0,0,254
431,868,0,0,254
432,868,2,1,255
433,868,0,0,253
434,868,0,2,255
435,868,1,0,254
869,868,0,0,253
870,868,0,2,255
871,868,2,0,254
872,868,0,0,254
873,868,0,0,254
874,868,0,0,254
875,868,0,0,254
876,868,0,0,254
877,868,0,0,254
878,868,0,0,254
879,868,0,0,254
880,868,0,0,254
881,868,0,0,251
423,869,0,1,254
424,869,0,0,254
425,869,0,0,254
426,869,0,0,254
427,869,0,0,254
428,869,0,0,254
429,869,0,0,254
430,869,0,0,254
431,869,0,0,254
432,869,2,1,255
433,869,0,0,253
434,869,0,2,255
435,869,1,0,254
869,869,0,0,253
870,869,0,2,255
871,869,2,0,254
872,869,0,0,254
873,869,0,0,254
874,869,0,0,254
875,869,0,0,254
876,869,0,0,254
877,869,0,0,254
878,869,0,0,254
879,869,0,0,254
880,869,0,0,254
881,869,0,0,251
423,870,0,1,254
424,870,0,0,254
425,870,0,0,254
426,870,0,0,254
427,870,0,0,254
428,870,0,0,254
429,870,0,0,254
430,870,0,0,254
431,870,0,0,254
432,870,2,1,255
433,870,0,0,253
434,870,0,2,255
435,870,1,0,254
869,870,0,0,253
870,870,0,2,255
871,870,2,0,254
872,870,0,0,254
873,870,0,0,254
874,870,0,0,254
875,870,0,0,254
876,870,0,0,254
877,870,0,0,254
878,870,0,0,254
879,870,0,0,254
880,870,0,0,254
881,870,0,0,251
423,871,0,1,254
424,871,0,0,254
425,871,0,0,254
426,871,0,0,254
427,871,0,0,254
428,871,0,0,254
429,871,0,0,254
430,871,0,0,254
431,871,0,0,254
432,871,2,1,255
433,871,0,0,253
434,871,0,2,255
435,871,1,0,254
869,871,0,0,253
870,871,0,2,255
871,871,2,0,254
872,871,0,0,254
873,871,0,0,254
874,871,0,0,254
875,871,0,0,254
876,871,0,0,254
877,871,0,0,254
878,871,0,0,254
879,871,0,0,254
880,871,0,0,254
881,871,0,0,251
423,872,0,1,254
424,872,0,0,254
425,872,0,0,254
426,872,0,0,254
427,872,0,0,254
428,872,0,0,254
429,872,0,0,254
430,872,0,0,254
431,872,0,0,254
432,872,2,1,255
433,872,0,0,253
434,872,0,2,255
435,872,1,0,254
869,872,0,0,253
870,872,0,0,243
871,872,2,0,254
872,872,0,0,254
873,872,0,0,254
874,872,0,0,254
875,872,0,0,254
876,872,0,0,254
877,872,0,0,254
878,872,0,0,254
879,872,0,0,254
880,872,3,0,253
881,872,0,1,247
423,873,0,1,254
424,873,0,0,254
425,873,0,0,254
426,873,0,0,254
427,873,0,0,254
428,873,0,0,254
429,873,0,0,254
430,873,0,0,254
431,873,0,0,254
432,873,2,1,255
433,873,0,0,253
434,873,0,2,255
435,873,1,0,254
868,873,0,0,252
869,873,0,0,254
870,873,0,3,238
871,873,7,4,255
872,873,0,0,254
873,873,0,0,254
874,873,0,0,254
875,873,0,0,254
876,873,0,0,254
877,873,0,0,254
878,873,0,0,254
879,873,0,0,254
880,873,7,1,255
881,873,0,3,255
423,874,0,1,254
424,874,0,0,254
425,874,0,0,254
426,874,0,0,254
427,874,0,0,254
428,874,0,0,254
429,874,0,0,254
430,874,0,0,254
431,874,0,0,254
432,874,2,1,255
433,874,0,0,253
434,874,0,2,255
435,874,1,0,254
868,874,4,1,255
869,874,0,0,247
870,874,0,0,253
871,874,0,0,235
872,874,0,0,254
873,874,0,0,254
874,874,0,0,254
875,874,0,0,254
876,874,0,0,254
877,874,0,0,254
878,874,0,0,254
879,874,0,0,254
880,874,4,1,255
881,874,3,0,253
423,875,0,1,254
424,875,0,0,254
425,875,0,0,254
426,875,0,0,254
427,875,0,0,254
428,875,0,0,254
429,875,0,0,254
430,875,0,0,254
431,875,0,0,254
432,875,2,1,255
433,875,0,0,253
434,875,0,2,255
435,875,1,0,254
868,875,0,0,246
869,875,0,0,241
870,875,3,3,255
871,875,4,3,255
872,875,0,0,254
873,875,0,0,254
874,875,0,0,254
875,875,0,0,254
876,875,0,0,254
877,875,0,0,254
878,875,0,0,254
879,875,0,0,254
880,875,0,0,253
881,875,14,0,255
423,876,0,1,254
424,876,0,0,254
425,876,0,0,254
426,876,0,0,254
427,876,0,0,254
428,876,0,0,254
429,876,0,0,254
430,876,0,0,254
431,876,0,0,254
432,876,2,1,255
433,876,0,0,253
434,876,0,2,255
435,876,1,0,254
868,876,6,5,255
869,876,3,6,255
870,876,0,1,252
871,876,2,1,255
872,876,0,0,254
873,876,0,0,254
874,876,0,0,254
875,876,0,0,254
876,876,0,0,254
877,876,0,0,254
878,876,0,0,254
879,876,0,0,254
880,876,0,0,250
881,876,17,0,246
423,877,0,1,254
424,877,0,0,254
425,877,0,0,254
426,877,0,0,254
427,877,0,0,254
428,877,0,0,254
429,877,0,0,254
430,877,0,0,254
431,877,0,0,254
432,877,2,1,255
433,877,0,0,253
434,877,0,2,255
435,877,1,0,254
868,877,0,2,231
869,877,0,0,247
870,877,2,5,255
871,877,0,0,250
872,877,0,0,254
873,877,0,0,254
874,877,0,0,254
875,877,0,0,254
876,877,0,0,254
877,877,0,0,254
878,877,0,0,254
879,877,0,0,254
880,877,7,10,255
423,878,0,1,254
424,878,0,0,254
425,878,0,0,254
426,878,0,0,254
427,878,0,0,254
428,878,0,0,254
429,878,0,0,254
430,878,0,0,254
431,878,0,0,254
432,878,2,1,255
433,878,0,0,253
434,878,0,2,255
435,878,1,0,254
868,878,3,2,255
869,878,0,1,246
870,878,0,0,249
871,878,5,4,255
872,878,0,0,254
873,878,0,0,254
874,878,0,0,254
875,878,0,0,254
876,878,0,0,254
877,878,0,0,254
878,878,0,0,254
879,878,0,0,254
880,878,0,0,239
423,879,0,1,254
424,879,0,0,254
425,879,0,0,254
426,879,0,0,254
427,879,0,0,254
428,879,0,0,254
429,879,0,0,254
430,879,0,0,254
431,879,0,0,254
432,879,2,1,255
433,879,0,0,253
434,879,0,2,255
435,879,1,0,254
868,879,0,0,250
869,879,4,7,255
870,879,0,0,245
871,879,1,1,249
872,879,0,0,254
873,879,0,0,254
874,879,0,0,254
875,879,0,0,254
876,879,0,0,254
877,879,0,0,254
878,879,0,0,254
879,879,0,0,254
880,879,0,1,253
423,880,0,1,254
424,880,0,0,254
425,880,0,0,254
426,880,0,0,254
427,880,0,0,254
428,880,0,0,254
429,880,0,0,254
430,880,0,0,254
431,880,0,0,254
432,880,2,1,255
433,880,0,0,253
434,880,0,2,255
435,880,1,0,254
868,880,0,3,255
869,880,6,0,253
870,880,3,0,253
871,880,0,3,242
872,880,0,0,254
873,880,0,0,254
874,880,0,0,254
875,880,0,0,254
876,880,0,0,254
877,880,0,0,254
878,880,0,0,254
879,880,0,0,254
880,880,0,1,254
423,881,0,1,254
424,881,0,0,254
425,881,0,0,254
426,881,0,0,254
427,881,0,0,254
428,881,0,0,254
429,881,0,0,254
430,881,0,0,254
431,881,0,0,254
432,881,2,1,255
433,881,0,0,253
434,881,0,2,255
435,881,1,0,254
868,881,0,3,254
869,881,6,0,241
870,881,8,5,255
871,881,0,2,255
872,881,0,0,254
873,881,0,0,254
874,881,0,0,254
875,881,0,0,254
876,881,0,0,254
877,881,0,0,254
878,881,0,0,254
879,881,0,0,254
880,881,0,1,254
423,882,0,1,254
424,882,0,0,254
425,882,0,0,254
426,882,0,0,254
427,882,0,0,254
428,882,0,0,254
429,882,0,0,254
430,882,0,0,254
431,882,0,0,254
432,882,2,1,255
433,882,0,0,253
434,882,0,2,255
435,882,1,0,254
868,882,0,1,250
869,882,1,0,251
870,882,2,0,254
871,882,0,0,248
872,882,0,0,254
873,882,0,0,254
874,882,0,0,254
875,882,0,0,254
876,882,0,0,254
877,882,0,0,254
878,882,0,0,254
879,882,0,0,254
880,882,0,1,254
423,883,0,1,254
424,883,0,0,254
425,883,0,0,254
426,883,0,0,254
427,883,0,0,254
428,883,0,0,254
429,883,0,0,254
430,883,0,0,254
431,883,0,0,254
432,883,2,1,255
433,883,0,0,253
434,883,0,2,255
435,883,1,0,254
868,883,0,0,253
869,883,0,0,249
870,883,0,0,246
871,883,1,1,255
872,883,0,0,254
873,883,0,0,254
874,883,0,0,254
875,883,0,0,254
876,883,0,0,254
877,883,0,0,254
878,883,0,0,254
879,883,0,0,254
880,883,0,1,254
423,884,0,1,254
424,884,0,0,254
425,884,0,0,254
426,884,0,0,254
427,884,0,0,254
428,884,0,0,254
429,884,0,0,254
430,884,0,0,254
431,884,0,0,254
432,884,2,1,255
433,884,0,0,253
434,884,0,2,255
435,884,1,0,254
868,884,0,0,248
869,884,2,2,255
870,884,3,3,255
871,884,0,0,250
872,884,0,0,254
873,884,0,0,254
874,884,0,0,254
875,884,0,0,254
876,884,0,0,254
877,884,0,0,254
878,884,0,0,254
879,884,0,0,254
880,884,0,1,254
423,885,0,1,254
424,885,0,0,254
425,885,0,0,254
426,885,0,0,254
427,885,0,0,254
428,885,0,0,254
429,885,0,0,254
430,885,0,0,254
431,885,0,0,254
432,885,2,1,255
433,885,0,0,253
434,885,0,2,255
435,885,1,0,254
868,885,0,0,249
869,885,1,5,250
870,885,0,1,248
871,885,4,1,254
872,885,0,0,254
873,885,0,0,254
874,885,0,0,254
875,885,0,0,254
876,885,0,0,254
877,885,0,0,254
878,885,0,0,254
879,885,0,0,254
880,885,0,1,254
423,886,0,1,254
424,886,0,0,254
425,886,0,0,254
426,886,0,0,254
427,886,0,0,254
428,886,0,0,254
429,886,0,0,254
430,886,0,0,254
431,886,0,0,254
432,886,2,1,255
433,886,0,0,253
434,886,0,2,255
435,886,1,0,254
867,886,10,0,253
868,886,6,3,255
869,886,0,2,254
870,886,0,0,242
871,886,7,1,255
872,886,0,0,254
873,886,0,0,254
874,886,0,0,254
875,886,0,0,254
876,886,0,0,254
877,886,0,0,254
878,886,0,0,254
879,886,0,0,254
880,886,0,1,254
423,887,0,1,254
424,887,0,0,254
425,887,0,0,254
426,887,0,0,254
427,887,0,0,254
428,887,0,0,254
429,887,0,0,254
430,887,0,0,254
431,887,0,0,254
432,887,2,1,255
433,887,0,0,253
434,887,0,2,255
435,887,1,0,254
867,887,10,0,250
868,887,4,0,254
869,887,0,7,242
870,887,0,0,248
871,887,7,1,255
872,887,0,0,254
873,887,0,0,254
874,887,0,0,254
875,887,0,0,254
876,887,0,0,254
877,887,0,0,254
878,887,0,0,254
879,887,0,0,254
880,887,0,1,254
423,888,0,1,254
424,888,0,0,254
425,888,0,0,254
426,888,0,0,254
427,888,0,0,254
428,888,0,0,254
429,888,0,0,254
430,888,0,0,254
431,888,0,0,254
432,888,7,1,255
433,888,2,0,254
434,888,0,3,242
435,888,1,4,255
867,888,0,1,254
868,888,0,2,255
869,888,0,0,252
870,888,1,1,255
871,888,2,0,254
872,888,0,0,254
873,888,0,0,254
874,888,0,0,254
875,888,0,0,254
876,888,0,0,254
877,888,0,0,254
878,888,0,0,254
879,888,0,0,254
880,888,9,0,244
423,889,0,1,254
424,889,0,0,254
425,889,0,0,254
426,889,0,0,254
427,889,0,0,254
428,889,0,0,254
429,889,0,0,254
430,889,0,0,254
431,889,0,0,254
432,889,3,0,253
433,889,0,0,234
434,889,0,7,255
435,889,0,1,241
436,889,6,0,249
867,889,0,1,254
868,889,0,2,255
869,889,0,0,252
870,889,1,1,255
871,889,2,0,254
872,889,0,0,254
873,889,0,0,254
874,889,0,0,254
875,889,0,0,254
876,889,0,0,254
877,889,0,0,254
878,889,0,0,254
879,889,0,0,254
880,889,14,0,255
423,890,0,1,254
424,890,0,0,254
425,890,0,0,254
426,890,0,0,254
427,890,0,0,254
428,890,0,0,254
429,890,0,0,254
430,890,0,0,254
431,890,0,0,254
432,890,4,0,254
433,890,2,5,255
434,890,0,0,252
435,890,2,5,255
436,890,7,2,252
437,890,11,0,254
867,890,0,1,254
868,890,0,2,255
869,890,0,0,252
870,890,1,1,255
871,890,2,0,254
872,890,0,0,254
873,890,0,0,254
874,890,0,0,254
875,890,0,0,254
876,890,0,0,254
877,890,0,0,254
878,890,0,0,254
879,890,0,0,254
423,891,0,1,254
424,891,0,0,254
425,891,0,0,254
426,891,0,0,254
427,891,0,0,254
428,891,0,0,254
429,891,0,0,254
430,891,0,0,254
431,891,0,0,254
432,891,1,0,253
433,891,0,2,254
434,891,0,4,245
435,891,0,2,253
436,891,0,0,243
437,891,0,0,254
438,891,12,0,252
867,891,0,1,254
868,891,0,2,255
869,891,0,0,252
870,891,1,1,255
871,891,2,0,254
872,891,0,0,254
873,891,0,0,254
874,891,0,0,254
875,891,0,0,254
876,891,0,0,254
877,891,0,0,254
878,891,0,0,254
879,891,0,0,254
423,892,0,1,254
424,892,0,0,254
425,892,0,0,254
426,892,0,0,254
427,892,0,0,254
428,892,0,0,254
429,892,0,0,254
430,892,0,0,254
431,892,0,0,254
432,892,1,2,240
433,892,0,1,253
434,892,1,6,255
435,892,0,3,255
436,892,0,0,247
437,892,0,5,255
438,892,8,0,246
867,892,0,1,254
868,892,0,2,255
869,892,0,0,252
870,892,1,1,255
871,892,2,0,254
872,892,0,0,254
873,892,0,0,254
874,892,0,0,254
875,892,0,0,254
876,892,0,0,254
877,892,0,0,254
878,892,0,0,254
879,892,0,0,254
423,893,0,1,254
424,893,0,0,254
425,893,0,0,254
426,893,0,0,254
427,893,0,0,254
428,893,0,0,254
429,893,0,0,254
430,893,0,0,254
431,893,0,0,254
432,893,0,0,241
433,893,1,1,255
434,893,0,0,253
435,893,0,0,252
436,893,0,3,255
437,893,0,11,240
438,893,2,0,252
867,893,0,1,254
868,893,0,2,255
869,893,0,0,252
870,893,1,1,255
871,893,2,0,254
872,893,0,0,254
873,893,0,0,254
874,893,0,0,254
875,893,0,0,254
876,893,0,0,254
877,893,0,0,254
878,893,0,0,254
879,893,0,0,254
423,894,0,1,254
424,894,0,0,254
425,894,0,0,254
426,894,0,0,254
427,894,0,0,254
428,894,0,0,254
429,894,0,0,254
430,894,0,0,254
431,894,0,0,254
432,894,0,4,255
433,894,2,0,251
434,894,5,0,253
435,894,0,0,247
436,894,1,4,243
437,894,2,0,254
438,894,8,2,255
439,894,1,0,248
867,894,0,1,254
868,894,0,2,255
869,894,0,0,252
870,894,1,1,255
871,894,2,0,254
872,894,0,0,254
873,894,0,0,254
874,894,0,0,254
875,894,0,0,254
876,894,0,0,254
877,894,0,0,254
878,894,0,0,254
879,894,0,0,254
423,895,0,1,254
424,895,0,0,254
425,895,0,0,254
426,895,0,0,254
427,895,0,0,254
428,895,0,0,254
429,895,0,0,254
430,895,0,0,254
431,895,0,0,254
432,895,0,4,255
433,895,5,0,255
434,895,5,0,249
435,895,3,2,255
436,895,2,0,254
437,895,9,0,255
438,895,0,0,248
439,895,0,3,255
867,895,0,1,254
868,895,0,2,255
869,895,0,0,252
870,895,1,1,255
871,895,2,0,254
872,895,0,0,254
873,895,0,0,254
874,895,0,0,254
875,895,0,0,254
876,895,0,0,254
877,895,0,0,254
878,895,0,0,254
879,895,0,0,254
423,896,9,0,244
424,896,0,2,254
425,896,0,5,248
426,896,1,0,253
427,896,0,0,248
428,896,0,4,243
429,896,3,0,253
430,896,0,4,255
431,896,0,0,249
432,896,0,0,254
433,896,0,0,254
434,896,0,0,254
435,896,0,0,254
436,896,0,0,254
437,896,0,0,254
438,896,0,0,254
439,896,0,0,254
867,896,0,2,252
868,896,0,0,252
869,896,3,0,245
870,896,8,7,255
871,896,0,0,248
872,896,2,1,255
873,896,6,5,255
874,896,0,0,237
875,896,0,0,254
876,896,2,3,254
877,896,0,0,250
878,896,1,1,255
879,896,0,0,247
423,897,14,0,255
424,897,0,4,246
425,897,0,3,254
426,897,0,0,252
427,897,0,5,247
428,897,5,5,255
429,897,9,5,248
430,897,0,3,255
431,897,4,4,248
432,897,0,0,254
433,897,0,0,254
434,897,0,0,254
435,897,0,0,254
436,897,0,0,254
437,897,0,0,254
438,897,0,0,254
439,897,0,0,254
867,897,0,5,243
868,897,0,0,249
869,897,0,0,244
870,897,9,8,255
871,897,0,0,252
872,897,4,3,255
873,897,0,0,248
874,897,0,0,245
875,897,6,6,255
876,897,1,3,248
877,897,0,0,253
878,897,0,0,254
879,897,0,0,254
424,898,11,3,255
425,898,2,2,255
426,898,0,0,253
427,898,1,4,255
428,898,0,0,251
429,898,0,0,240
430,898,0,5,241
431,898,0,0,252
432,898,0,0,254
433,898,0,0,254
434,898,0,0,254
435,898,0,0,254
436,898,0,0,254
437,898,0,0,254
438,898,0,0,254
439,898,0,0,254
867,898,1,8,255
868,898,1,1,255
869,898,8,2,255
870,898,0,0,247
871,898,0,5,247
872,898,0,0,238
873,898,0,0,247
874,898,4,4,255
875,898,0,0,254
876,898,0,0,252
877,898,2,2,255
878,898,0,0,251
879,898,0,2,245
424,899,9,0,251
425,899,9,1,255
426,899,0,0,238
427,899,0,2,242
428,899,2,2,255
429,899,3,0,255
430,899,0,0,254
431,899,4,4,255
432,899,0,0,254
433,899,0,0,254
434,899,0,0,254
435,899,0,0,254
436,899,0,0,254
437,899,0,0,254
438,899,0,0,254
439,899,0,0,254
866,899,15,0,247
867,899,0,6,252
868,899,0,0,249
869,899,3,0,253
870,899,0,0,240
871,899,0,3,249
872,899,0,0,254
873,899,4,4,255
874,899,3,3,255
875,899,4,3,255
876,899,4,3,254
877,899,2,4,239
878,899,3,2,255
879,899,6,5,255
425,900,10,0,247
426,900,0,0,240
427,900,3,6,255
428,900,0,0,254
429,900,0,0,253
430,900,7,4,255
431,900,0,0,248
432,900,0,0,254
433,900,0,0,254
434,900,0,0,254
435,900,0,0,254
436,900,0,0,254
437,900,0,0,254
438,900,0,0,254
439,900,0,0,254
866,900,11,0,255
867,900,0,0,250
868,900,3,2,255
869,900,7,1,255
870,900,1,6,245
871,900,0,1,253
872,900,2,3,254
873,900,0,0,248
874,900,0,0,253
875,900,6,5,255
876,900,0,0,239
877,900,3,2,255
878,900,5,2,255
879,900,0,0,249
426,901,0,0,234
427,901,2,6,251
428,901,0,0,252
429,901,0,0,246
430,901,8,2,255
431,901,0,3,255
432,901,0,0,254
433,901,0,0,254
434,901,0,0,254
435,901,0,0,254
436,901,0,0,254
437,901,0,0,254
438,901,0,0,254
439,901,0,0,254
866,901,1,0,254
867,901,5,4,255
868,901,2,0,254
869,901,0,0,250
870,901,0,1,252
871,901,0,3,255
872,901,0,0,250
873,901,0,0,251
874,901,1,1,255
875,901,0,0,238
876,901,0,0,253
877,901,0,0,247
878,901,3,3,241
879,901,7,1,255
426,902,7,6,255
427,902,0,1,253
428,902,0,0,251
429,902,0,0,251
430,902,3,0,252
431,902,0,5,254
432,902,0,0,254
433,902,0,0,254
434,902,0,0,254
435,902,0,0,254
436,902,0,0,254
437,902,0,0,254
438,902,0,0,254
439,902,0,0,254
866,902,0,5,255
867,902,4,3,247
868,902,9,6,255
869,902,0,0,252
870,902,5,10,255
871,902,0,0,252
872,902,0,0,252
873,902,0,0,250
874,902,0,1,251
875,902,6,5,255
876,902,6,3,255
877,902,3,3,239
878,902,5,0,252
879,902,0,0,250
426,903,0,0,253
427,903,0,1,253
428,903,4,3,255
429,903,2,3,254
430,903,4,0,249
431,903,0,0,251
432,903,0,0,254
433,903,0,0,254
434,903,0,0,254
435,903,0,0,254
436,903,0,0,254
437,903,0,0,254
438,903,0,0,254
439,903,0,0,254
866,903,0,2,251
867,903,0,0,246
868,903,2,0,254
869,903,1,0,253
870,903,0,0,250
871,903,0,3,234
872,903,0,0,252
873,903,4,4,255
874,903,0,0,240
875,903,4,3,255
876,903,0,0,251
877,903,5,0,252
878,903,3,0,253
426,904,0,0,253
427,904,1,1,255
428,904,0,0,253
429,904,0,0,254
430,904,0,1,252
431,904,1,0,254
432,904,0,0,254
433,904,0,0,254
434,904,0,0,254
435,904,0,0,254
436,904,0,0,254
437,904,0,0,254
438,904,0,0,254
439,904,0,0,254
866,904,0,0,253
867,904,1,1,255
868,904,0,0,253
869,904,0,0,254
870,904,0,1,252
871,904,1,0,254
872,904,0,0,251
873,904,0,2,255
874,904,2,0,254
875,904,0,0,253
876,904,1,1,255
877,904,0,2,254
878,904,1,0,254
426,905,0,0,253
427,905,1,1,255
428,905,0,0,253
429,905,0,0,254
430,905,0,1,252
431,905,1,0,254
432,905,0,0,254
433,905,0,0,254
434,905,0,0,254
435,905,0,0,254
436,905,0,0,254
437,905,0,0,254
438,905,0,0,254
439,905,0,0,254
866,905,0,0,253
867,905,1,1,255
868,905,0,0,253
869,905,0,0,254
870,905,0,1,252
871,905,1,0,254
872,905,0,0,251
873,905,0,2,255
874,905,2,0,254
875,905,0,0,253
876,905,1,1,255
877,905,0,2,254
878,905,1,0,254
426,906,0,0,253
427,906,1,1,255
428,906,0,0,253
429,906,0,0,254
430,906,0,1,252
431,906,1,0,254
432,906,0,0,254
433,906,0,0,254
434,906,0,0,254
435,906,0,0,254
436,906,0,0,254
437,906,0,0,254
438,906,0,0,254
439,906,0,0,254
866,906,0,0,253
867,906,1,1,255
868,906,0,0,253
869,906,0,0,254
870,906,0,1,252
871,906,1,0,254
872,906,0,0,251
873,906,0,2,255
874,906,2,0,254
875,906,0,0,253
876,906,1,1,255
877,906,0,2,254
878,906,1,0,254
426,907,0,0,253
427,907,1,1,255
428,907,0,0,253
429,907,0,0,254
430,907,0,1,252
431,907,1,0,254
432,907,0,0,254
433,907,0,0,254
434,907,0,0,254
435,907,0,0,254
436,907,0,0,254
437,907,0,0,254
438,907,0,0,254
439,907,0,0,254
866,907,0,0,253
867,907,1,1,255
868,907,0,0,253
869,907,0,0,254
870,907,0,1,252
871,907,1,0,254
872,907,0,0,251
873,907,0,2,255
874,907,2,0,254
875,907,0,0,253
876,907,1,1,255
877,907,0,2,254
878,907,1,0,254
426,908,0,0,253
427,908,1,1,255
428,908,0,0,253
429,908,0,0,254
430,908,0,1,252
431,908,1,0,254
432,908,0,0,254
433,908,0,0,254
434,908,0,0,254
435,908,0,0,254
436,908,0,0,254
437,908,0,0,254
438,908,0,0,254
439,908,0,0,254
866,908,0,0,253
867,908,1,1,255
868,908,0,0,253
869,908,0,0,254
870,908,0,1,252
871,908,1,0,254
872,908,0,0,251
873,908,0,2,255
874,908,2,0,254
875,908,0,0,253
876,908,1,1,255
877,908,0,2,254
878,908,1,0,254
426,909,0,0,253
427,909,1,1,255
428,909,0,0,253
429,909,0,0,254
430,909,0,1,252
431,909,1,0,254
432,909,0,0,254
433,909,0,0,254
434,909,0,0,254
435,909,0,0,254
436,909,0,0,254
437,909,0,0,254
438,909,0,0,254
439,909,0,0,254
866,909,0,0,253
867,909,1,1,255
868,909,0,0,253
869,909,0,0,254
870,909,0,1,252
871,909,1,0,254
872,909,0,0,251
873,909,0,2,255
874,909,2,0,254
875,909,0,0,253
876,909,1,1,255
877,909,0,2,254
878,909,1,0,254
426,910,0,0,253
427,910,1,1,255
428,910,0,0,253
429,910,0,0,254
430,910,0,1,252
431,910,1,0,254
432,910,0,0,254
433,910,0,0,254
434,910,0,0,254
435,910,0,0,254
436,910,0,0,254
437,910,0,0,254
438,910,0,0,254
439,910,0,0,254
866,910,0,0,253
867,910,1,1,255
868,910,0,0,253
869,910,0,0,254
870,910,0,1,252
871,910,1,0,254
872,910,0,0,251
873,910,0,2,255
874,910,2,0,254
875,910,0,0,253
876,910,1,1,255
877,910,0,2,254
878,910,1,0,254
426,911,0,0,253
427,911,1,1,255
428,911,0,0,253
429,911,0,0,254
430,911,0,1,252
431,911,1,0,254
432,911,0,0,254
433,911,0,0,254
434,911,0,0,254
435,911,0,0,254
436,911,0,0,254
437,911,0,0,254
438,911,0,0,254
439,911,0,0,254
866,911,0,0,253
867,911,1,1,255
868,911,0,0,253
869,911,0,0,254
870,911,0,1,252
871,911,1,0,254
872,911,0,0,251
873,911,0,2,255
874,911,2,0,254
875,911,0,0,253
876,911,1,1,255
877,911,0,2,254
878,911,1,0,254
426,912,0,0,253
427,912,1,1,255
428,912,0,0,253
429,912,0,0,254
430,912,0,1,252
431,912,1,0,254
432,912,0,0,254
433,912,0,0,254
434,912,0,0,254
435,912,0,0,254
436,912,0,0,254
437,912,0,0,254
438,912,0,0,254
439,912,0,0,254
865,912,1,0,254
866,912,0,2,254
867,912,1,1,255
868,912,0,0,253
869,912,2,0,254
870,912,0,2,255
871,912,0,0,251
872,912,1,0,254
873,912,0,2,247
874,912,0,1,253
875,912,9,1,255
876,912,0,0,249
877,912,7,1,255
878,912,0,3,253
426,913,0,0,253
427,913,1,1,255
428,913,0,0,253
429,913,0,0,254
430,913,0,1,252
431,913,1,0,254
432,913,0,0,254
433,913,0,0,254
434,913,0,0,254
435,913,0,0,254
436,913,0,0,254
437,913,0,0,254
438,913,0,0,254
439,913,0,0,254
865,913,1,0,254
866,913,0,2,254
867,913,1,1,255
868,913,0,0,253
869,913,2,0,254
870,913,0,2,255
871,913,0,0,251
872,913,3,2,255
873,913,0,0,249
874,913,0,1,250
875,913,4,0,254
876,913,4,1,255
877,913,6,0,254
878,913,2,7,255
426,914,0,0,253
427,914,1,1,255
428,914,0,0,253
429,914,0,0,254
430,914,0,1,252
431,914,1,0,254
432,914,0,0,254
433,914,0,0,254
434,914,0,0,254
435,914,0,0,254
436,914,0,0,254
437,914,0,0,254
438,914,0,0,254
439,914,0,0,254
865,914,1,0,254
866,914,0,2,254
867,914,1,1,255
868,914,0,0,253
869,914,2,0,254
870,914,0,2,255
871,914,0,0,251
872,914,0,0,251
873,914,2,5,255
874,914,0,6,248
875,914,0,0,249
876,914,0,0,251
877,914,7,3,250
878,914,1,0,251
426,915,0,0,253
427,915,1,1,255
428,915,0,0,253
429,915,0,0,254
430,915,0,1,252
431,915,1,0,254
432,915,0,0,254
433,915,0,0,254
434,915,0,0,254
435,915,0,0,254
436,915,0,0,254
437,915,0,0,254
438,915,0,0,254
439,915,0,0,254
865,915,1,0,254
866,915,0,2,254
867,915,1,1,255
868,915,0,0,253
869,915,2,0,254
870,915,0,2,255
871,915,0,0,251
872,915,2,2,246
873,915,0,0,252
874,915,0,0,253
875,915,0,0,250
876,915,0,0,253
877,915,3,2,244
878,915,7,0,252
426,916,0,0,253
427,916,1,1,255
428,916,0,0,253
429,916,0,0,254
430,916,0,1,252
431,916,1,0,254
432,916,0,0,254
433,916,0,0,254
434,916,0,0,254
435,916,0,0,254
436,916,0,0,254
437,916,0,0,254
438,916,0,0,254
439,916,0,0,254
865,916,1,0,254
866,916,0,2,254
867,916,1,1,255
868,916,0,0,253
869,916,2,0,254
870,916,0,2,255
871,916,0,0,251
872,916,2,1,255
873,916,0,2,253
874,916,1,3,244
875,916,2,2,255
876,916,0,1,251
877,916,5,2,255
426,917,0,0,253
427,917,1,1,255
428,917,0,0,253
429,917,0,0,254
430,917,0,1,252
431,917,1,0,254
432,917,0,0,254
433,917,0,0,254
434,917,0,0,254
435,917,0,0,254
436,917,0,0,254
437,917,0,0,254
438,917,0,0,254
439,917,0,0,254
865,917,1,0,254
866,917,0,2,254
867,917,1,1,255
868,917,0,0,253
869,917,2,0,254
870,917,0,2,255
871,917,0,0,251
872,917,3,2,255
873,917,0,0,249
874,917,0,0,252
875,917,2,5,255
876,917,2,2,255
877,917,1,0,254
426,918,0,0,253
427,918,1,1,255
428,918,0,0,253
429,918,0,0,254
430,918,0,1,252
431,918,1,0,254
432,918,0,0,254
433,918,0,0,254
434,918,0,0,254
435,918,0,0,254
436,918,0,0,254
437,918,0,0,254
438,918,0,0,254
439,918,0,0,254
865,918,1,0,254
866,918,0,2,254
867,918,1,1,255
868,918,0,0,253
869,918,2,0,254
870,918,0,2,255
871,918,0,0,251
872,918,1,0,254
873,918,0,0,254
874,918,3,2,255
875,918,0,3,255
876,918,0,0,251
877,918,3,2,255
426,919,0,0,253
427,919,1,1,255
428,919,0,0,253
429,919,0,0,254
430,919,0,1,252
431,919,1,0,254
432,919,0,0,254
433,919,0,0,254
434,919,0,0,254
435,919,0,0,254
436,919,0,0,254
437,919,0,0,254
438,919,0,0,254
439,919,0,0,254
865,919,1,0,254
866,919,0,2,254
867,919,1,1,255
868,919,0,0,253
869,919,2,0,254
870,919,0,2,255
871,919,0,0,251
872,919,3,2,255
873,919,0,0,253
874,919,2,3,243
875,919,0,0,249
876,919,2,5,255
877,919,1,2,250
426,920,0,0,253
427,920,1,1,255
428,920,0,0,253
429,920,0,0,254
430,920,0,1,252
431,920,1,0,254
432,920,0,0,254
433,920,0,0,254
434,920,0,0,254
435,920,0,0,254
436,920,0,0,254
437,920,0,0,254
438,920,0,0,254
439,920,0,0,254
865,920,1,0,254
866,920,0,2,254
867,920,1,1,255
868,920,0,0,253
869,920,2,0,254
870,920,0,2,255
871,920,0,0,251
872,920,1,0,254
873,920,0,1,252
874,920,0,0,254
875,920,0,0,253
876,920,1,1,255
877,920,0,0,253
426,921,0,0,253
427,921,1,1,255
428,921,0,0,253
429,921,0,0,254
430,921,0,1,252
431,921,1,0,254
432,921,0,0,254
433,921,0,0,254
434,921,0,0,254
435,921,0,0,254
436,921,0,0,254
437,921,0,0,254
438,921,0,0,254
439,921,0,0,254
440,921,9,0,248
865,921,1,0,254
866,921,0,2,254
867,921,1,1,255
868,921,0,0,253
869,921,2,0,254
870,921,0,2,255
871,921,0,0,251
872,921,1,0,254
873,921,0,1,252
874,921,0,0,254
875,921,0,0,253
876,921,1,1,255
877,921,0,0,253
426,922,0,0,253
427,922,1,1,255
428,922,0,0,253
429,922,0,0,254
430,922,0,1,252
431,922,1,0,254
432,922,0,0,254
433,922,0,0,254
434,922,0,0,254
435,922,0,0,254
436,922,0,0,254
437,922,0,0,254
438,922,0,0,254
439,922,0,0,254
440,922,2,0,252
441,922,10,0,255
865,922,1,0,254
866,922,0,2,254
867,922,1,1,255
868,922,0,0,253
869,922,2,0,254
870,922,0,2,255
871,922,0,0,251
872,922,1,0,254
873,922,0,1,252
874,922,0,0,254
875,922,0,0,253
876,922,1,1,255
877,922,0,0,253
426,923,0,0,253
427,923,1,1,255
428,923,0,0,253
429,923,0,0,254
430,923,0,1,252
431,923,1,0,254
432,923,0,0,254
433,923,0,0,254
434,923,0,0,254
435,923,0,0,254
436,923,0,0,254
437,923,0,0,254
438,923,0,0,254
439,923,0,0,254
440,923,0,1,236
441,923,6,5,255
865,923,1,0,254
866,923,0,2,254
867,923,1,1,255
868,923,0,0,253
869,923,2,0,254
870,923,0,2,255
871,923,0,0,251
872,923,1,0,254
873,923,0,1,252
874,923,0,0,254
875,923,0,0,253
876,923,1,1,255
877,923,0,0,253
426,924,0,0,253
427,924,1,1,255
428,924,0,0,253
429,924,0,0,254
430,924,0,1,252
431,924,1,0,254
432,924,0,0,254
433,924,0,0,254
434,924,0,0,254
435,924,0,0,254
436,924,0,0,254
437,924,0,0,254
438,924,0,0,254
439,924,0,0,254
440,924,0,4,254
441,924,0,0,241
442,924,11,2,243
865,924,1,0,254
866,924,0,2,254
867,924,1,1,255
868,924,0,0,253
869,924,2,0,254
870,924,0,2,255
871,924,0,0,251
872,924,1,0,254
873,924,0,1,252
874,924,0,0,254
875,924,0,0,253
876,924,1,1,255
877,924,0,0,253
426,925,0,0,253
427,925,1,1,255
428,925,0,0,253
429,925,0,0,254
430,925,0,1,252
431,925,1,0,254
432,925,0,0,254
433,925,0,0,254
434,925,0,0,254
435,925,0,0,254
436,925,0,0,254
437,925,0,0,254
438,925,0,0,254
439,925,0,0,254
440,925,0,4,255
441,925,0,5,229
442,925,2,0,254
865,925,1,0,254
866,925,0,2,254
867,925,1,1,255
868,925,0,0,253
869,925,2,0,254
870,925,0,2,255
871,925,0,0,251
872,925,1,0,254
873,925,0,1,252
874,925,0,0,254
875,925,0,0,253
876,925,1,1,255
877,925,0,0,253
426,926,0,0,253
427,926,1,1,255
428,926,0,0,253
429,926,0,0,254
430,926,0,1,252
431,926,1,0,254
432,926,0,0,254
433,926,0,0,254
434,926,0,0,254
435,926,0,0,254
436,926,0,0,254
437,926,0,0,254
438,926,0,0,254
439,926,0,0,254
440,926,5,0,255
441,926,0,2,254
442,926,0,0,252
865,926,1,0,254
866,926,0,2,254
867,926,1,1,255
868,926,0,0,253
869,926,2,0,254
870,926,0,2,255
871,926,0,0,251
872,926,1,0,254
873,926,0,1,252
874,926,0,0,254
875,926,0,0,253
876,926,1,1,255
877,926,0,0,253
426,927,0,0,253
427,927,1,1,255
428,927,0,0,253
429,927,0,0,254
430,927,0,1,252
431,927,1,0,254
432,927,0,0,254
433,927,0,0,254
434,927,0,0,254
435,927,0,0,254
436,927,0,0,254
437,927,0,0,254
438,927,0,0,254
439,927,0,0,254
440,927,9,0,252
441,927,2,2,255
442,927,0,2,254
865,927,1,0,254
866,927,0,2,254
867,927,1,1,255
868,927,0,0,253
869,927,2,0,254
870,927,0,2,255
871,927,0,0,251
872,927,1,0,254
873,927,0,1,252
874,927,0,0,254
875,927,0,0,253
876,927,1,1,255
877,927,0,0,253
427,928,2,2,255
428,928,0,2,241
429,928,0,2,250
430,928,1,0,254
431,928,1,1,255
432,928,0,0,254
433,928,0,0,254
434,928,0,0,254
435,928,0,0,254
436,928,0,0,254
437,928,0,0,254
438,928,0,0,254
439,928,0,0,254
440,928,2,0,254
441,928,0,2,255
442,928,0,0,253
865,928,5,0,255
866,928,3,0,250
867,928,1,0,253
868,928,4,3,255
869,928,0,0,237
870,928,6,6,255
871,928,0,0,252
872,928,0,4,248
873,928,0,0,251
874,928,2,1,255
875,928,2,3,253
876,928,0,0,253
877,928,0,1,250
427,929,3,0,255
428,929,1,4,255
429,929,0,0,252
430,929,0,1,249
431,929,1,1,255
432,929,0,0,254
433,929,0,0,254
434,929,0,0,254
435,929,0,0,254
436,929,0,0,254
437,929,0,0,254
438,929,0,0,254
439,929,0,0,254
440,929,2,0,254
441,929,0,2,255
442,929,0,0,253
864,929,3,0,253
865,929,4,0,251
866,929,1,1,237
867,929,4,1,255
868,929,8,7,255
869,929,3,4,254
870,929,0,0,250
871,929,0,0,250
872,929,0,0,251
873,929,5,2,255
874,929,0,0,245
875,929,0,0,248
876,929,1,1,255
877,929,0,5,255
427,930,15,3,255
428,930,0,0,236
429,930,3,0,255
430,930,4,6,251
431,930,0,0,254
432,930,0,0,254
433,930,0,0,254
434,930,0,0,254
435,930,0,0,254
436,930,0,0,254
437,930,0,0,254
438,930,0,0,254
439,930,0,0,254
440,930,2,0,254
441,930,0,2,255
442,930,0,0,253
864,930,6,0,255
865,930,1,1,239
866,930,0,0,252
867,930,0,0,253
868,930,0,0,236
869,930,1,1,255
870,930,0,0,248
871,930,3,4,254
872,930,0,1,254
873,930,2,0,254
874,930,0,0,253
875,930,2,3,244
876,930,2,5,255
877,930,1,7,251
428,931,15,0,253
429,931,10,0,253
430,931,0,0,246
431,931,0,0,253
432,931,0,0,254
433,931,0,0,254
434,931,0,0,254
435,931,0,0,254
436,931,0,0,254
437,931,0,0,254
438,931,0,0,254
439,931,0,0,254
440,931,2,0,254
441,931,0,2,255
442,931,0,0,253
864,931,0,0,251
865,931,3,0,255
866,931,3,2,255
867,931,0,0,238
868,931,6,5,255
869,931,2,2,255
870,931,0,0,246
871,931,2,3,254
872,931,0,0,254
873,931,7,7,255
874,931,0,0,241
875,931,3,2,255
876,931,0,0,253
877,931,5,2,255
429,932,15,0,254
430,932,2,4,249
431,932,6,7,255
432,932,0,0,254
433,932,0,0,254
434,932,0,0,254
435,932,0,0,254
436,932,0,0,254
437,932,0,0,254
438,932,0,0,254
439,932,0,0,254
440,932,2,0,254
441,932,0,2,255
442,932,0,0,253
864,932,6,5,255
865,932,4,3,255
866,932,0,1,236
867,932,4,3,254
868,932,5,4,255
869,932,2,2,255
870,932,6,6,255
871,932,0,0,252
872,932,0,0,251
873,932,0,0,251
874,932,0,4,255
875,932,0,0,250
876,932,1,4,255
877,932,8,0,254
430,933,2,2,255
431,933,0,0,238
432,933,0,0,254
433,933,0,0,254
434,933,0,0,254
435,933,0,0,254
436,933,0,0,254
437,933,0,0,254
438,933,0,0,254
439,933,0,0,254
440,933,2,0,254
441,933,0,2,255
442,933,0,0,253
864,933,0,0,242
865,933,1,1,255
866,933,2,2,255
867,933,1,1,255
868,933,0,0,253
869,933,0,0,252
870,933,0,0,249
871,933,0,0,239
872,933,2,0,252
873,933,5,7,248
874,933,1,6,255
875,933,0,0,252
876,933,0,0,248
877,933,9,0,249
430,934,0,0,247
431,934,3,3,255
432,934,0,0,254
433,934,0,0,254
434,934,0,0,254
435,934,0,0,254
436,934,0,0,254
437,934,0,0,254
438,934,0,0,254
439,934,0,0,254
440,934,2,0,254
441,934,0,2,255
442,934,0,0,253
864,934,2,2,255
865,934,0,0,254
866,934,0,0,249
867,934,0,2,247
868,934,7,7,255
869,934,0,0,247
870,934,0,0,249
871,934,2,1,255
872,934,7,0,251
873,934,0,0,244
874,934,0,3,255
875,934,7,1,255
876,934,0,3,255
430,935,0,0,247
431,935,3,4,252
432,935,0,0,254
433,935,0,0,254
434,935,0,0,254
435,935,0,0,254
436,935,0,0,254
437,935,0,0,254
438,935,0,0,254
439,935,0,0,254
440,935,2,0,254
441,935,0,2,255
442,935,0,0,253
864,935,0,0,247
865,935,0,0,253
866,935,0,0,253
867,935,2,3,254
868,935,0,0,252
869,935,0,0,239
870,935,3,2,255
871,935,3,2,255
872,935,3,0,252
873,935,0,1,251
874,935,0,3,255
875,935,3,0,248
876,935,0,4,254
430,936,0,0,251
431,936,0,0,254
432,936,0,0,254
433,936,0,0,254
434,936,0,0,254
435,936,0,0,254
436,936,0,0,254
437,936,0,0,254
438,936,0,0,254
439,936,0,0,254
440,936,2,0,254
441,936,0,2,255
442,936,0,0,253
864,936,0,0,254
865,936,0,0,254
866,936,0,0,254
867,936,0,0,254
868,936,0,0,254
869,936,0,0,254
870,936,0,0,254
871,936,0,0,254
872,936,2,0,254
873,936,1,1,255
874,936,0,0,252
875,936,0,2,255
876,936,0,1,254
430,937,0,0,251
431,937,0,0,254
432,937,0,0,254
433,937,0,0,254
434,937,0,0,254
435,937,0,0,254
436,937,0,0,254
437,937,0,0,254
438,937,0,0,254
439,937,0,0,254
440,937,2,0,254
441,937,0,2,255
442,937,0,0,253
864,937,0,0,254
865,937,0,0,254
866,937,0,0,254
867,937,0,0,254
868,937,0,0,254
869,937,0,0,254
870,937,0,0,254
871,937,0,0,254
872,937,2,0,254
873,937,1,1,255
874,937,0,0,252
875,937,0,2,255
876,937,0,1,254
430,938,0,0,251
431,938,0,0,254
432,938,0,0,254
433,938,0,0,254
434,938,0,0,254
435,938,0,0,254
436,938,0,0,254
437,938,0,0,254
438,938,0,0,254
439,938,0,0,254
440,938,2,0,254
441,938,0,2,255
442,938,0,0,253
864,938,0,0,254
865,938,0,0,254
866,938,0,0,254
867,938,0,0,254
868,938,0,0,254
869,938,0,0,254
870,938,0,0,254
871,938,0,0,254
872,938,2,0,254
873,938,1,1,255
874,938,0,0,252
875,938,0,2,255
876,938,0,1,254
430,939,0,0,251
431,939,0,0,254
432,939,0,0,254
433,939,0,0,254
434,939,0,0,254
435,939,0,0,254
436,939,0,0,254
437,939,0,0,254
438,939,0,0,254
439,939,0,0,254
440,939,2,0,254
441,939,0,2,255
442,939,0,0,253
864,939,0,0,254
865,939,0,0,254
866,939,0,0,254
867,939,0,0,254
868,939,0,0,254
869,939,0,0,254
870,939,0,0,254
871,939,0,0,254
872,939,2,0,254
873,939,1,1,255
874,939,0,0,252
875,939,0,2,255
876,939,0,1,254
430,940,0,0,251
431,940,0,0,254
432,940,0,0,254
433,940,0,0,254
434,940,0,0,254
435,940,0,0,254
436,940,0,0,254
437,940,0,0,254
438,940,0,0,254
439,940,0,0,254
440,940,2,0,254
441,940,0,2,255
442,940,0,0,253
864,940,0,0,254
865,940,0,0,254
866,940,0,0,254
867,940,0,0,254
868,940,0,0,254
869,940,0,0,254
870,940,0,0,254
871,940,0,0,254
872,940,2,0,254
873,940,1,1,255
874,940,0,0,252
875,940,0,2,255
876,940,0,1,254
430,941,0,0,251
431,941,0,0,254
432,941,0,0,254
433,941,0,0,254
434,941,0,0,254
435,941,0,0,254
436,941,0,0,254
437,941,0,0,254
438,941,0,0,254
439,941,0,0,254
440,941,2,0,254
441,941,0,2,255
442,941,0,0,253
864,941,0,0,254
865,941,0,0,254
866,941,0,0,254
867,941,0,0,254
868,941,0,0,254
869,941,0,0,254
870,941,0,0,254
871,941,0,0,254
872,941,2,0,254
873,941,1,1,255
874,941,0,0,252
875,941,0,2,255
876,941,0,1,254
430,942,0,0,251
431,942,0,0,254
432,942,0,0,254
433,942,0,0,254
434,942,0,0,254
435,942,0,0,254
436,942,0,0,254
437,942,0,0,254
438,942,0,0,254
439,942,0,0,254
440,942,2,0,254
441,942,0,2,255
442,942,0,0,253
864,942,0,0,254
865,942,0,0,254
866,942,0,0,254
867,942,0,0,254
868,942,0,0,254
869,942,0,0,254
870,942,0,0,254
871,942,0,0,254
872,942,2,0,254
873,942,1,1,255
874,942,0,0,252
875,942,0,2,255
876,942,0,1,254
430,943,0,0,251
431,943,0,0,254
432,943,0,0,254
433,943,0,0,254
434,943,0,0,254
435,943,0,0,254
436,943,0,0,254
437,943,0,0,254
438,943,0,0,254
439,943,0,0,254
440,943,2,0,254
441,943,0,2,255
442,943,0,0,253
864,943,0,0,254
865,943,0,0,254
866,943,0,0,254
867,943,0,0,254
868,943,0,0,254
869,943,0,0,254
870,943,0,0,254
871,943,0,0,254
872,943,2,0,254
873,943,1,1,255
874,943,0,0,252
875,943,0,2,255
876,943,0,1,254
430,944,0,0,251
431,944,0,0,254
432,944,0,0,254
433,944,0,0,254
434,944,0,0,254
435,944,0,0,254
436,944,0,0,254
437,944,0,0,254
438,944,0,0,254
439,944,0,0,254
440,944,2,0,254
441,944,0,2,255
442,944,0,0,253
864,944,0,0,254
865,944,0,0,254
866,944,0,0,254
867,944,0,0,254
868,944,0,0,254
869,944,0,0,254
870,944,0,0,254
871,944,0,0,254
872,944,2,0,254
873,944,1,1,255
874,944,0,0,252
875,944,0,2,255
876,944,0,1,254
430,945,0,0,251
431,945,0,0,254
432,945,0,0,254
433,945,0,0,254
434,945,0,0,254
435,945,0,0,254
436,945,0,0,254
437,945,0,0,254
438,945,0,0,254
439,945,0,0,254
440,945,2,0,254
441,945,0,2,255
442,945,0,0,253
864,945,0,0,254
865,945,0,0,254
866,945,0,0,254
867,945,0,0,254
868,945,0,0,254
869,945,0,0,254
870,945,0,0,254
871,945,0,0,254
872,945,2,0,254
873,945,1,1,255
874,945,0,0,252
875,945,0,2,255
876,945,0,1,254
430,946,0,0,251
431,946,0,0,254
432,946,0,0,254
433,946,0,0,254
434,946,0,0,254
435,946,0,0,254
436,946,0,0,254
437,946,0,0,254
438,946,0,0,254
439,946,0,0,254
440,946,2,0,254
441,946,0,2,255
442,946,0,0,253
864,946,0,0,254
865,946,0,0,254
866,946,0,0,254
867,946,0,0,254
868,946,0,0,254
869,946,0,0,254
870,946,0,0,254
871,946,0,0,254
872,946,2,0,254
873,946,1,1,255
874,946,0,0,252
875,946,0,2,255
876,946,0,1,254
430,947,0,0,251
431,947,0,0,254
432,947,0,0,254
433,947,0,0,254
434,947,0,0,254
435,947,0,0,254
436,947,0,0,254
437,947,0,0,254
438,947,0,0,254
439,947,0,0,254
440,947,2,0,254
441,947,0,2,255
442,947,0,0,253
864,947,0,0,254
865,947,0,0,254
866,947,0,0,254
867,947,0,0,254
868,947,0,0,254
869,947,0,0,254
870,947,0,0,254
871,947,0,0,254
872,947,2,0,254
873,947,1,1,255
874,947,0,0,252
875,947,0,2,255
876,947,0,1,254
430,948,0,0,251
431,948,0,0,254
432,948,0,0,254
433,948,0,0,254
434,948,0,0,254
435,948,0,0,254
436,948,0,0,254
437,948,0,0,254
438,948,0,0,254
439,948,0,0,254
440,948,2,0,254
441,948,0,2,255
442,948,0,0,253
864,948,0,0,254
865,948,0,0,254
866,948,0,0,254
867,948,0,0,254
868,948,0,0,254
869,948,0,0,254
870,948,0,0,254
871,948,0,0,254
872,948,2,0,254
873,948,1,1,255
874,948,0,0,252
875,948,0,2,255
876,948,0,1,254
430,949,0,0,251
431,949,0,0,254
432,949,0,0,254
433,949,0,0,254
434,949,0,0,254
435,949,0,0,254
436,949,0,0,254
437,949,0,0,254
438,949,0,0,254
439,949,0,0,254
440,949,2,0,254
441,949,0,2,255
442,949,0,0,253
864,949,0,0,254
865,949,0,0,254
866,949,0,0,254
867,949,0,0,254
868,949,0,0,254
869,949,0,0,254
870,949,0,0,254
871,949,0,0,254
872,949,2,0,254
873,949,1,1,255
874,949,0,0,252
875,949,0,2,255
876,949,0,1,254
430,950,0,0,251
431,950,0,0,254
432,950,0,0,254
433,950,0,0,254
434,950,0,0,254
435,950,0,0,254
436,950,0,0,254
437,950,0,0,254
438,950,0,0,254
439,950,0,0,254
440,950,2,0,254
441,950,0,2,255
442,950,0,0,253
863,950,14,0,255
864,950,0,0,254
865,950,0,0,254
866,950,0,0,254
867,950,0,0,254
868,950,0,0,254
869,950,0,0,254
870,950,0,0,254
871,950,0,0,254
872,950,2,0,254
873,950,1,1,255
874,950,0,0,252
875,950,0,2,255
876,950,0,1,254
430,951,0,0,251
431,951,0,0,254
432,951,0,0,254
433,951,0,0,254
434,951,0,0,254
435,951,0,0,254
436,951,0,0,254
437,951,0,0,254
438,951,0,0,254
439,951,0,0,254
440,951,2,0,254
441,951,0,2,255
442,951,0,0,253
863,951,9,0,244
864,951,0,0,254
865,951,0,0,254
866,951,0,0,254
867,951,0,0,254
868,951,0,0,254
869,951,0,0,254
870,951,0,0,254
871,951,0,0,254
872,951,2,0,254
873,951,1,1,255
874,951,0,0,252
875,951,0,2,255
876,951,0,1,254
430,952,0,0,251
431,952,0,0,254
432,952,0,0,254
433,952,0,0,254
434,952,0,0,254
435,952,0,0,254
436,952,0,0,254
437,952,0,0,254
438,952,0,0,254
439,952,0,0,254
440,952,3,3,255
441,952,1,1,255
442,952,0,3,255
863,952,0,1,254
864,952,0,0,254
865,952,0,0,254
866,952,0,0,254
867,952,0,0,254
868,952,0,0,254
869,952,0,0,254
870,952,0,0,254
871,952,0,0,254
872,952,0,2,247
873,952,7,2,245
874,952,6,3,255
875,952,0,0,251
876,952,0,0,253
430,953,0,0,251
431,953,0,0,254
432,953,0,0,254
433,953,0,0,254
434,953,0,0,254
435,953,0,0,254
436,953,0,0,254
437,953,0,0,254
438,953,0,0,254
439,953,0,0,254
440,953,0,0,241
441,953,0,0,253
442,953,0,2,255
863,953,0,1,254
864,953,0,0,254
865,953,0,0,254
866,953,0,0,254
867,953,0,0,254
868,953,0,0,254
869,953,0,0,254
870,953,0,0,254
871,953,0,0,254
872,953,0,0,251
873,953,7,0,255
874,953,5,4,246
875,953,4,1,255
876,953,1,4,229
430,954,0,0,251
431,954,0,0,254
432,954,0,0,254
433,954,0,0,254
434,954,0,0,254
435,954,0,0,254
436,954,0,0,254
437,954,0,0,254
438,954,0,0,254
439,954,0,0,254
440,954,5,8,255
441,954,0,0,247
442,954,0,1,254
863,954,0,1,254
864,954,0,0,254
865,954,0,0,254
866,954,0,0,254
867,954,0,0,254
868,954,0,0,254
869,954,0,0,254
870,954,0,0,254
871,954,0,0,254
872,954,0,5,255
873,954,1,0,249
874,954,0,0,252
875,954,0,0,250
876,954,4,0,251
430,955,0,0,251
431,955,0,0,254
432,955,0,0,254
433,955,0,0,254
434,955,0,0,254
435,955,0,0,254
436,955,0,0,254
437,955,0,0,254
438,955,0,0,254
439,955,0,0,254
440,955,0,0,253
441,955,1,1,245
442,955,0,1,248
863,955,0,1,254
864,955,0,0,254
865,955,0,0,254
866,955,0,0,254
867,955,0,0,254
868,955,0,0,254
869,955,0,0,254
870,955,0,0,254
871,955,0,0,254
872,955,0,5,255
873,955,4,0,252
874,955,2,1,255
875,955,5,4,255
430,956,0,0,251
431,956,0,0,254
432,956,0,0,254
433,956,0,0,254
434,956,0,0,254
435,956,0,0,254
436,956,0,0,254
437,956,0,0,254
438,956,0,0,254
439,956,0,0,254
440,956,0,3,252
441,956,0,0,251
442,956,3,7,255
863,956,0,1,254
864,956,0,0,254
865,956,0,0,254
866,956,0,0,254
867,956,0,0,254
868,956,0,0,254
869,956,0,0,254
870,956,0,0,254
871,956,0,0,254
872,956,0,0,251
873,956,2,0,252
874,956,0,0,254
875,956,0,0,247
430,957,0,0,251
431,957,0,0,254
432,957,0,0,254
433,957,0,0,254
434,957,0,0,254
435,957,0,0,254
436,957,0,0,254
437,957,0,0,254
438,957,0,0,254
439,957,0,0,254
440,957,0,3,254
441,957,5,2,255
442,957,0,2,238
863,957,0,1,254
864,957,0,0,254
865,957,0,0,254
866,957,0,0,254
867,957,0,0,254
868,957,0,0,254
869,957,0,0,254
870,957,0,0,254
871,957,0,0,254
872,957,2,2,255
873,957,2,0,254
874,957,0,2,231
875,957,2,4,247
430,958,0,0,251
431,958,0,0,254
432,958,0,0,254
433,958,0,0,254
434,958,0,0,254
435,958,0,0,254
436,958,0,0,254
437,958,0,0,254
438,958,0,0,254
439,958,0,0,254
440,958,0,0,251
441,958,3,0,244
442,958,2,7,255
443,958,10,0,253
863,958,0,1,254
864,958,0,0,254
865,958,0,0,254
866,958,0,0,254
867,958,0,0,254
868,958,0,0,254
869,958,0,0,254
870,958,0,0,254
871,958,0,0,254
872,958,3,2,255
873,958,0,0,251
874,958,0,0,239
875,958,0,0,242
430,959,0,0,251
431,959,0,0,254
432,959,0,0,254
433,959,0,0,254
434,959,0,0,254
435,959,0,0,254
436,959,0,0,254
437,959,0,0,254
438,959,0,0,254
439,959,0,0,254
440,959,0,2,247
441,959,5,0,255
442,959,0,0,252
443,959,10,0,255
863,959,0,1,254
864,959,0,0,254
865,959,0,0,254
866,959,0,0,254
867,959,0,0,254
868,959,0,0,254
869,959,0,0,254
870,959,0,0,254
871,959,0,0,254
872,959,0,0,246
873,959,5,2,255
874,959,0,1,254
875,959,3,4,252
430,960,21,0,255
431,960,0,3,255
432,960,0,0,254
433,960,0,0,254
434,960,0,0,254
435,960,0,0,254
436,960,0,0,254
437,960,0,0,254
438,960,0,0,254
439,960,0,0,254
440,960,0,0,251
441,960,5,0,255
442,960,0,4,252
443,960,0,1,252
863,960,0,1,254
864,960,0,0,254
865,960,0,0,254
866,960,0,0,254
867,960,0,0,254
868,960,0,0,254
869,960,0,0,254
870,960,0,0,254
871,960,0,0,254
872,960,2,1,255
873,960,0,0,253
874,960,0,2,255
875,960,1,0,254
431,961,0,0,250
432,961,0,0,254
433,961,0,0,254
434,961,0,0,254
435,961,0,0,254
436,961,0,0,254
437,961,0,0,254
438,961,0,0,254
439,961,0,0,254
440,961,0,3,255
441,961,1,0,248
442,961,0,3,252
443,961,1,1,255
863,961,0,1,254
864,961,0,0,254
865,961,0,0,254
866,961,0,0,254
867,961,0,0,254
868,961,0,0,254
869,961,0,0,254
870,961,0,0,254
871,961,0,0,254
872,961,2,1,255
873,961,0,0,253
874,961,0,2,255
875,961,1,0,254
431,962,0,0,252
432,962,0,0,254
433,962,0,0,254
434,962,0,0,254
435,962,0,0,254
436,962,0,0,254
437,962,0,0,254
438,962,0,0,254
439,962,0,0,254
440,962,0,1,250
441,962,5,0,255
442,962,6,3,255
443,962,3,2,253
444,962,10,0,255
863,962,0,1,254
864,962,0,0,254
865,962,0,0,254
866,962,0,0,254
867,962,0,0,254
868,962,0,0,254
869,962,0,0,254
870,962,0,0,254
871,962,0,0,254
872,962,2,1,255
873,962,0,0,253
874,962,0,2,255
875,962,1,0,254
431,963,9,0,254
432,963,0,0,254
433,963,0,0,254
434,963,0,0,254
435,963,0,0,254
436,963,0,0,254
437,963,0,0,254
438,963,0,0,254
439,963,0,0,254
440,963,0,7,255
441,963,0,0,251
442,963,6,0,255
443,963,0,0,251
444,963,2,3,253
863,963,0,1,254
864,963,0,0,254
865,963,0,0,254
866,963,0,0,254
867,963,0,0,254
868,963,0,0,254
869,963,0,0,254
870,963,0,0,254
871,963,0,0,254
872,963,2,1,255
873,963,0,0,253
874,963,0,2,255
875,963,1,0,254
431,964,12,0,243
432,964,0,0,254
433,964,0,0,254
434,964,0,0,254
435,964,0,0,254
436,964,0,0,254
437,964,0,0,254
438,964,0,0,254
439,964,0,0,254
440,964,0,7,250
441,964,0,0,250
442,964,7,0,253
443,964,1,0,254
444,964,0,5,252
863,964,0,1,254
864,964,0,0,254
865,964,0,0,254
866,964,0,0,254
867,964,0,0,254
868,964,0,0,254
869,964,0,0,254
870,964,0,0,254
871,964,0,0,254
872,964,2,1,255
873,964,0,0,253
874,964,0,2,255
875,964,1,0,254
432,965,0,0,254
433,965,0,0,254
434,965,0,0,254
435,965,0,0,254
436,965,0,0,254
437,965,0,0,254
438,965,0,0,254
439,965,0,0,254
440,965,0,1,253
441,965,0,1,254
442,965,2,0,252
443,965,0,0,251
444,965,0,3,255
863,965,0,1,254
864,965,0,0,254
865,965,0,0,254
866,965,0,0,254
867,965,0,0,254
868,965,0,0,254
869,965,0,0,254
870,965,0,0,254
871,965,0,0,254
872,965,2,1,255
873,965,0,0,253
874,965,0,2,255
875,965,1,0,254
432,966,0,0,254
433,966,0,0,254
434,966,0,0,254
435,966,0,0,254
436,966,0,0,254
437,966,0,0,254
438,966,0,0,254
439,966,0,0,254
440,966,4,8,253
441,966,0,0,247
442,966,4,3,255
443,966,0,0,251
444,966,1,0,251
445,966,5,0,240
863,966,0,1,254
864,966,0,0,254
865,966,0,0,254
866,966,0,0,254
867,966,0,0,254
868,966,0,0,254
869,966,0,0,254
870,966,0,0,254
871,966,0,0,254
872,966,2,1,255
873,966,0,0,253
874,966,0,2,255
875,966,1,0,254
432,967,0,0,254
433,967,0,0,254
434,967,0,0,254
435,967,0,0,254
436,967,0,0,254
437,967,0,0,254
438,967,0,0,254
439,967,0,0,254
440,967,0,0,254
441,967,0,2,239
442,967,3,3,255
443,967,3,2,254
444,967,5,0,252
445,967,0,1,253
863,967,0,1,254
864,967,0,0,254
865,967,0,0,254
866,967,0,0,254
867,967,0,0,254
868,967,0,0,254
869,967,0,0,254
870,967,0,0,254
871,967,0,0,254
872,967,2,1,255
873,967,0,0,253
874,967,0,2,255
875,967,1,0,254
432,968,21,0,255
433,968,0,4,255
434,968,0,0,249
435,968,0,0,252
436,968,0,0,252
437,968,4,2,249
438,968,0,0,254
439,968,1,1,255
440,968,0,0,253
441,968,0,4,255
442,968,7,0,245
443,968,5,0,254
444,968,0,6,243
445,968,7,2,254
863,968,0,1,253
864,968,0,0,254
865,968,0,0,254
866,968,0,0,254
867,968,0,0,254
868,968,0,0,254
869,968,0,0,254
870,968,0,0,254
871,968,0,0,254
872,968,2,1,255
873,968,0,0,253
874,968,0,2,255
875,968,1,0,254
433,969,0,1,251
434,969,0,0,249
435,969,6,5,255
436,969,0,4,243
437,969,0,0,247
438,969,0,0,253
439,969,1,1,255
440,969,0,1,252
441,969,1,5,252
442,969,7,1,255
443,969,0,0,236
444,969,0,0,250
445,969,1,0,253
863,969,0,0,239
864,969,0,0,254
865,969,0,0,254
866,969,0,0,254
867,969,0,0,254
868,969,0,0,254
869,969,0,0,254
870,969,0,0,254
871,969,0,0,254
872,969,2,1,255
873,969,0,0,253
874,969,0,2,255
875,969,1,0,254
433,970,2,0,254
434,970,7,6,255
435,970,0,0,244
436,970,0,0,250
437,970,3,2,253
438,970,3,3,255
439,970,0,0,254
440,970,3,3,255
441,970,0,0,236
442,970,0,0,246
443,970,4,2,251
444,970,7,4,255
445,970,0,0,250
446,970,11,0,255
863,970,7,10,255
864,970,0,0,254
865,970,0,0,254
866,970,0,0,254
867,970,0,0,254
868,970,0,0,254
869,970,0,0,254
870,970,0,0,254
871,970,0,0,254
872,970,2,1,255
873,970,0,0,253
874,970,0,2,255
875,970,1,0,254
433,971,15,3,255
434,971,1,0,254
435,971,0,0,244
436,971,3,4,254
437,971,4,4,255
438,971,0,0,250
439,971,1,0,254
440,971,6,5,255
441,971,5,4,255
442,971,0,0,241
443,971,4,4,252
444,971,6,0,241
445,971,0,3,249
446,971,4,3,255
862,971,17,0,246
863,971,0,0,250
864,971,0,0,254
865,971,0,0,254
866,971,0,0,254
867,971,0,0,254
868,971,0,0,254
869,971,0,0,254
870,971,0,0,254
871,971,0,0,254
872,971,2,1,255
873,971,0,0,253
874,971,0,2,255
875,971,1,0,254
433,972,13,0,252
434,972,0,0,250
435,972,0,2,239
436,972,0,0,250
437,972,1,10,235
438,972,0,0,246
439,972,4,1,255
440,972,0,0,244
441,972,6,5,255
442,972,0,1,253
443,972,0,0,247
444,972,10,0,255
445,972,0,1,253
446,972,0,2,254
862,972,14,0,255
863,972,0,0,253
864,972,0,0,254
865,972,0,0,254
866,972,0,0,254
867,972,0,0,254
868,972,0,0,254
869,972,0,0,254
870,972,0,0,254
871,972,0,0,254
872,972,2,1,255
873,972,0,0,253
874,972,0,2,255
875,972,1,0,254
434,973,5,4,255
435,973,0,1,254
436,973,0,0,251
437,973,0,0,252
438,973,0,0,252
439,973,0,0,250
440,973,1,0,253
441,973,0,0,251
442,973,0,5,255
443,973,4,4,255
444,973,7,2,254
445,973,3,8,255
446,973,0,0,250
447,973,16,0,255
862,973,3,0,253
863,973,4,1,255
864,973,0,0,254
865,973,0,0,254
866,973,0,0,254
867,973,0,0,254
868,973,0,0,254
869,973,0,0,254
870,973,0,0,254
871,973,0,0,254
872,973,2,1,255
873,973,0,0,253
874,973,0,2,255
875,973,1,0,254
434,974,0,0,252
435,974,0,0,253
436,974,7,3,246
437,974,0,5,254
438,974,0,3,253
439,974,6,0,255
440,974,2,0,250
441,974,0,3,243
442,974,0,0,243
443,974,1,0,254
444,974,0,4,255
445,974,0,0,253
446,974,0,0,252
447,974,1,0,253
862,974,0,3,255
863,974,7,1,255
864,974,0,0,254
865,974,0,0,254
866,974,0,0,254
867,974,0,0,254
868,974,0,0,254
869,974,0,0,254
870,974,0,0,254
871,974,0,0,254
872,974,2,1,255
873,974,0,0,253
874,974,0,2,255
875,974,1,0,254
434,975,6,5,255
435,975,0,2,249
436,975,7,1,255
437,975,0,2,253
438,975,0,0,252
439,975,4,0,247
440,975,7,1,255
441,975,2,7,255
442,975,0,0,244
443,975,4,3,255
444,975,0,3,249
445,975,0,3,255
446,975,0,0,240
447,975,0,7,248
448,975,25,0,254
862,975,0,1,247
863,975,3,0,253
864,975,0,0,254
865,975,0,0,254
866,975,0,0,254
867,975,0,0,254
868,975,0,0,254
869,975,0,0,254
870,975,0,0,254
871,975,0,0,254
872,975,2,1,255
873,975,0,0,253
874,975,0,2,255
875,975,1,0,254
435,976,0,4,250
436,976,2,1,255
437,976,0,1,246
438,976,2,0,254
439,976,0,3,252
440,976,0,0,254
441,976,0,0,254
442,976,0,0,254
443,976,0,0,254
444,976,0,0,254
445,976,0,0,254
446,976,0,0,254
447,976,0,0,254
448,976,0,3,255
862,976,0,0,251
863,976,0,0,254
864,976,0,0,254
865,976,0,0,254
866,976,0,0,254
867,976,0,0,254
868,976,0,0,254
869,976,0,0,254
870,976,0,0,254
871,976,0,0,254
872,976,2,0,254
873,976,0,2,255
874,976,0,0,253
435,977,0,0,251
436,977,3,2,255
437,977,0,3,255
438,977,0,0,244
439,977,0,0,253
440,977,0,0,254
441,977,0,0,254
442,977,0,0,254
443,977,0,0,254
444,977,0,0,254
445,977,0,0,254
446,977,0,0,254
447,977,0,0,254
448,977,0,0,254
862,977,0,0,251
863,977,0,0,254
864,977,0,0,254
865,977,0,0,254
866,977,0,0,254
867,977,0,0,254
868,977,0,0,254
869,977,0,0,254
870,977,0,0,254
871,977,0,0,254
872,977,2,0,254
873,977,0,2,255
874,977,0,0,253
435,978,11,0,249
436,978,5,4,255
437,978,1,0,254
438,978,0,3,255
439,978,0,0,252
440,978,0,0,254
441,978,0,0,254
442,978,0,0,254
443,978,0,0,254
444,978,0,0,254
445,978,0,0,254
446,978,0,0,254
447,978,0,0,254
448,978,6,5,255
449,978,11,0,251
459,978,13,2,252
460,978,0,0,253
461,978,0,5,255
462,978,1,12,252
463,978,0,3,252
464,978,0,0,253
465,978,0,0,253
466,978,0,0,253
467,978,0,0,253
468,978,0,0,253
469,978,0,0,253
470,978,0,0,253
471,978,0,0,253
472,978,10,0,253
862,978,0,0,251
863,978,0,0,254
864,978,0,0,254
865,978,0,0,254
866,978,0,0,254
867,978,0,0,254
868,978,0,0,254
869,978,0,0,254
870,978,0,0,254
871,978,0,0,254
872,978,2,0,254
873,978,0,2,255
874,978,0,0,253
436,979,1,0,244
437,979,2,0,254
438,979,0,2,254
439,979,0,0,253
440,979,0,0,254
441,979,0,0,254
442,979,0,0,254
443,979,0,0,254
444,979,0,0,254
445,979,0,0,254
446,979,0,0,254
447,979,0,0,254
448,979,0,0,241
449,979,2,0,251
457,979,9,0,255
458,979,1,0,251
459,979,0,2,252
460,979,0,4,255
461,979,0,0,244
462,979,0,0,248
463,979,0,0,248
464,979,1,1,255
465,979,1,1,255
466,979,1,1,255
467,979,1,1,255
468,979,1,1,255
469,979,1,1,255
470,979,1,1,255
471,979,1,1,255
472,979,3,2,254
473,979,6,0,248
862,979,0,0,251
863,979,0,0,254
864,979,0,0,254
865,979,0,0,254
866,979,0,0,254
867,979,0,0,254
868,979,0,0,254
869,979,0,0,254
870,979,0,0,254
871,979,0,0,254
872,979,2,0,254
873,979,0,2,255
874,979,0,0,253
436,980,7,0,252
437,980,7,4,255
438,980,0,0,251
439,980,1,0,252
440,980,0,0,254
441,980,0,0,254
442,980,0,0,254
443,980,0,0,254
444,980,0,0,254
445,980,0,0,254
446,980,0,0,254
447,980,0,0,254
448,980,3,3,255
449,980,0,0,250
457,980,11,0,251
458,980,3,0,238
459,980,0,0,248
460,980,6,9,255
461,980,0,0,245
462,980,5,2,255
463,980,5,0,254
464,980,0,0,253
465,980,0,0,253
466,980,0,0,253
467,980,0,0,253
468,980,0,0,253
469,980,0,0,253
470,980,0,0,253
471,980,0,0,253
472,980,0,1,249
473,980,9,1,255
474,980,10,0,241
862,980,0,0,251
863,980,0,0,254
864,980,0,0,254
865,980,0,0,254
866,980,0,0,254
867,980,0,0,254
868,980,0,0,254
869,980,0,0,254
870,980,0,0,254
871,980,0,0,254
872,980,2,0,254
873,980,0,2,255
874,980,0,0,253
437,981,0,0,252
438,981,2,3,253
439,981,3,3,255
440,981,0,0,254
441,981,0,0,254
442,981,0,0,254
443,981,0,0,254
444,981,0,0,254
445,981,0,0,254
446,981,0,0,254
447,981,0,0,254
448,981,3,6,255
449,981,4,4,255
450,981,15,0,254
456,981,6,2,249
457,981,0,0,231
458,981,0,1,254
459,981,0,6,255
460,981,0,1,247
461,981,0,0,252
462,981,4,4,252
463,981,4,0,254
464,981,0,0,254
465,981,0,0,254
466,981,0,0,254
467,981,0,0,254
468,981,0,0,254
469,981,0,0,254
470,981,0,0,254
471,981,0,0,254
472,981,0,5,255
473,981,5,4,255
474,981,3,0,246
475,981,16,0,255
862,981,0,0,251
863,981,0,0,254
864,981,0,0,254
865,981,0,0,254
866,981,0,0,254
867,981,0,0,254
868,981,0,0,254
869,981,0,0,254
870,981,0,0,254
871,981,0,0,254
872,981,2,0,254
873,981,0,2,255
874,981,0,0,253
437,982,0,2,254
438,982,0,0,250
439,982,2,7,249
440,982,0,0,254
441,982,0,0,254
442,982,0,0,254
443,982,0,0,254
444,982,0,0,254
445,982,0,0,254
446,982,0,0,254
447,982,0,0,254
448,982,0,2,248
449,982,0,1,252
450,982,1,0,248
456,982,6,6,255
457,982,1,2,250
458,982,0,0,252
459,982,0,1,252
460,982,4,3,254
461,982,6,5,255
462,982,3,0,255
463,982,0,0,248
464,982,0,1,252
465,982,0,1,252
466,982,0,1,252
467,982,0,1,252
468,982,0,1,252
469,982,0,1,252
470,982,0,1,252
471,982,0,1,252
472,982,0,0,245
473,982,3,3,255
474,982,2,2,255
475,982,9,0,255
862,982,0,0,251
863,982,0,0,254
864,982,0,0,254
865,982,0,0,254
866,982,0,0,254
867,982,0,0,254
868,982,0,0,254
869,982,0,0,254
870,982,0,0,254
871,982,0,0,254
872,982,2,0,254
873,982,0,2,255
874,982,0,0,253
437,983,0,5,253
438,983,7,0,255
439,983,0,0,252
440,983,0,0,254
441,983,0,0,254
442,983,0,0,254
443,983,0,0,254
444,983,0,0,254
445,983,0,0,254
446,983,0,0,254
447,983,0,0,254
448,983,0,3,254
449,983,0,1,242
450,983,0,0,246
456,983,0,0,252
457,983,1,0,253
458,983,5,3,254
459,983,0,0,243
460,983,0,0,241
461,983,1,4,255
462,983,0,3,252
463,983,0,5,254
464,983,1,0,254
465,983,1,0,254
466,983,1,0,254
467,983,1,0,254
468,983,1,0,254
469,983,1,0,254
470,983,1,0,254
471,983,1,0,254
472,983,0,1,254
473,983,4,6,247
474,983,0,0,247
475,983,0,0,250
862,983,0,0,251
863,983,0,0,254
864,983,0,0,254
865,983,0,0,254
866,983,0,0,254
867,983,0,0,254
868,983,0,0,254
869,983,0,0,254
870,983,0,0,254
871,983,0,0,254
872,983,2,0,254
873,983,0,2,255
874,983,0,0,253
437,984,0,0,253
438,984,0,2,255
439,984,2,0,254
440,984,0,0,254
441,984,0,0,254
442,984,0,0,254
443,984,0,0,254
444,984,0,0,254
445,984,0,0,254
446,984,0,0,254
447,984,0,0,254
448,984,0,0,252
449,984,6,0,255
450,984,8,0,254
456,984,0,0,254
457,984,0,0,254
458,984,0,0,254
459,984,0,0,254
460,984,0,0,254
461,984,0,0,254
462,984,0,0,254
463,984,0,0,254
464,984,0,0,254
465,984,0,0,254
466,984,0,0,254
467,984,0,0,254
468,984,0,0,254
469,984,0,0,254
470,984,0,0,254
471,984,0,0,254
472,984,0,4,255
473,984,0,0,252
474,984,9,0,255
475,984,1,0,251
476,984,2,3,254
477,984,7,1,255
862,984,0,0,251
863,984,0,0,254
864,984,0,0,254
865,984,0,0,254
866,984,0,0,254
867,984,0,0,254
868,984,0,0,254
869,984,0,0,254
870,984,0,0,254
871,984,0,0,254
872,984,2,0,254
873,984,0,2,255
874,984,0,0,253
437,985,0,0,253
438,985,0,2,255
439,985,2,0,254
440,985,0,0,254
441,985,0,0,254
442,985,0,0,254
443,985,0,0,254
444,985,0,0,254
445,985,0,0,254
446,985,0,0,254
447,985,0,0,254
448,985,4,6,251
449,985,7,1,255
450,985,0,0,252
452,985,4,0,243
453,985,4,0,244
454,985,1,6,255
455,985,0,0,248
456,985,0,0,254
457,985,0,0,254
458,985,0,0,254
459,985,0,0,254
460,985,0,0,254
461,985,0,0,254
462,985,0,0,254
463,985,0,0,254
464,985,0,0,254
465,985,0,0,254
466,985,0,0,254
467,985,0,0,254
468,985,0,0,254
469,985,0,0,254
470,985,0,0,254
471,985,0,0,254
472,985,0,5,251
473,985,2,1,253
474,985,2,0,251
475,985,3,2,246
476,985,0,3,255
477,985,4,3,255
478,985,13,0,253
862,985,0,0,251
863,985,0,0,254
864,985,0,0,254
865,985,0,0,254
866,985,0,0,254
867,985,0,0,254
868,985,0,0,254
869,985,0,0,254
870,985,0,0,254
871,985,0,0,254
872,985,2,0,254
873,985,0,2,255
874,985,0,0,253
437,986,0,0,253
438,986,0,2,255
439,986,2,0,254
440,986,0,0,254
441,986,0,0,254
442,986,0,0,254
443,986,0,0,254
444,986,0,0,254
445,986,0,0,254
446,986,0,0,254
447,986,0,0,254
448,986,0,0,247
449,986,0,0,245
450,986,0,0,249
451,986,8,2,248
452,986,1,4,255
453,986,3,6,255
454,986,0,5,246
455,986,0,7,253
456,986,0,0,254
457,986,0,0,254
458,986,0,0,254
459,986,0,0,254
460,986,0,0,254
461,986,0,0,254
462,986,0,0,254
463,986,0,0,254
464,986,0,0,254
465,986,0,0,254
466,986,0,0,254
467,986,0,0,254
468,986,0,0,254
469,986,0,0,254
470,986,0,0,254
471,986,0,0,254
472,986,0,0,250
473,986,0,0,252
474,986,5,0,255
475,986,5,4,255
476,986,0,0,251
477,986,0,0,249
478,986,11,1,255
862,986,0,0,251
863,986,0,0,254
864,986,0,0,254
865,986,0,0,254
866,986,0,0,254
867,986,0,0,254
868,986,0,0,254
869,986,0,0,254
870,986,0,0,254
871,986,0,0,254
872,986,2,0,254
873,986,0,2,255
874,986,0,0,253
437,987,0,0,253
438,987,0,2,255
439,987,2,0,254
440,987,0,0,254
441,987,0,0,254
442,987,0,0,254
443,987,0,0,254
444,987,0,0,254
445,987,0,0,254
446,987,0,0,254
447,987,0,0,254
448,987,0,3,255
449,987,0,1,252
450,987,2,2,248
451,987,8,0,255
452,987,5,0,254
453,987,1,0,248
454,987,5,0,255
455,987,3,0,255
456,987,0,0,254
457,987,0,0,254
458,987,0,0,254
459,987,0,0,254
460,987,0,0,254
461,987,0,0,254
462,987,0,0,254
463,987,0,0,254
464,987,0,0,254
465,987,0,0,254
466,987,0,0,254
467,987,0,0,254
468,987,0,0,254
469,987,0,0,254
470,987,0,0,254
471,987,0,0,254
472,987,0,0,253
473,987,7,6,255
474,987,2,0,254
475,987,0,0,249
476,987,0,1,236
477,987,0,4,255
478,987,0,0,250
479,987,6,0,249
862,987,0,0,251
863,987,0,0,254
864,987,0,0,254
865,987,0,0,254
866,987,0,0,254
867,987,0,0,254
868,987,0,0,254
869,987,0,0,254
870,987,0,0,254
871,987,0,0,254
872,987,2,0,254
873,987,0,2,255
874,987,0,0,253
437,988,0,0,253
438,988,0,2,255
439,988,2,0,254
440,988,0,0,254
441,988,0,0,254
442,988,0,0,254
443,988,0,0,254
444,988,0,0,254
445,988,0,0,254
446,988,0,0,254
447,988,0,0,254
448,988,0,5,236
449,988,0,0,253
450,988,2,1,255
451,988,0,0,252
452,988,4,5,235
453,988,0,0,251
454,988,0,0,252
455,988,0,0,241
456,988,0,0,254
457,988,0,0,254
458,988,0,0,254
459,988,0,0,254
460,988,0,0,254
461,988,0,0,254
462,988,0,0,254
463,988,0,0,254
464,988,0,0,254
465,988,0,0,254
466,988,0,0,254
467,988,0,0,254
468,988,0,0,254
469,988,0,0,254
470,988,0,0,254
471,988,0,0,254
472,988,3,3,255
473,988,0,0,251
474,988,0,0,252
475,988,1,3,244
476,988,0,0,250
477,988,0,6,255
478,988,0,0,242
479,988,3,2,255
862,988,0,0,251
863,988,0,0,254
864,988,0,0,254
865,988,0,0,254
866,988,0,0,254
867,988,0,0,254
868,988,0,0,254
869,988,0,0,254
870,988,0,0,254
871,988,0,0,254
872,988,2,0,254
873,988,0,2,255
874,988,0,0,253
437,989,0,0,253
438,989,0,2,255
439,989,2,0,254
440,989,0,0,254
441,989,0,0,254
442,989,0,0,254
443,989,0,0,254
444,989,0,0,254
445,989,0,0,254
446,989,0,0,254
447,989,0,0,254
448,989,0,0,250
449,989,4,7,255
450,989,3,2,253
451,989,0,3,253
452,989,1,0,254
453,989,1,8,247
454,989,1,2,253
455,989,0,4,255
456,989,0,0,254
457,989,0,0,254
458,989,0,0,254
459,989,0,0,254
460,989,0,0,254
461,989,0,0,254
462,989,0,0,254
463,989,0,0,254
464,989,0,0,254
465,989,0,0,254
466,989,0,0,254
467,989,0,0,254
468,989,0,0,254
469,989,0,0,254
470,989,0,0,254
471,989,0,0,254
472,989,2,4,245
473,989,0,0,249
474,989,3,2,255
475,989,0,0,253
476,989,6,9,255
477,989,0,3,245
478,989,2,5,255
479,989,0,0,254
862,989,0,0,251
863,989,0,0,254
864,989,0,0,254
865,989,0,0,254
866,989,0,0,254
867,989,0,0,254
868,989,0,0,254
869,989,0,0,254
870,989,0,0,254
871,989,0,0,254
872,989,2,0,254
873,989,0,2,255
874,989,0,0,253
437,990,0,0,253
438,990,0,2,255
439,990,2,0,254
440,990,0,0,254
441,990,0,0,254
442,990,0,0,254
443,990,0,0,254
444,990,0,0,254
445,990,0,0,254
446,990,0,0,254
447,990,0,0,254
448,990,3,2,255
449,990,0,0,247
450,990,2,0,252
451,990,0,5,255
452,990,0,0,249
453,990,0,1,251
454,990,5,0,254
455,990,5,0,252
456,990,0,0,254
457,990,0,0,254
458,990,0,0,254
459,990,0,0,254
460,990,0,0,254
461,990,0,0,254
462,990,0,0,254
463,990,0,0,254
464,990,0,0,254
465,990,0,0,254
466,990,0,0,254
467,990,0,0,254
468,990,0,0,254
469,990,0,0,254
470,990,0,0,254
471,990,0,0,254
472,990,0,0,243
473,990,1,1,255
474,990,5,4,255
475,990,0,0,251
476,990,2,2,248
477,990,0,0,246
478,990,0,2,241
479,990,0,0,254
862,990,0,0,251
863,990,0,0,254
864,990,0,0,254
865,990,0,0,254
866,990,0,0,254
867,990,0,0,254
868,990,0,0,254
869,990,0,0,254
870,990,0,0,254
871,990,0,0,254
872,990,2,0,254
873,990,0,2,255
874,990,0,0,253
437,991,0,0,253
438,991,0,2,255
439,991,2,0,254
440,991,0,0,254
441,991,0,0,254
442,991,0,0,254
443,991,0,0,254
444,991,0,0,254
445,991,0,0,254
446,991,0,0,254
447,991,0,0,254
448,991,5,0,255
449,991,0,1,249
450,991,4,0,252
451,991,0,5,242
452,991,3,0,253
453,991,0,4,253
454,991,3,0,255
455,991,0,0,251
456,991,0,0,254
457,991,0,0,254
458,991,0,0,254
459,991,0,0,254
460,991,0,0,254
461,991,0,0,254
462,991,0,0,254
463,991,0,0,254
464,991,0,0,254
465,991,0,0,254
466,991,0,0,254
467,991,0,0,254
468,991,0,0,254
469,991,0,0,254
470,991,0,0,254
471,991,0,0,254
472,991,1,2,250
473,991,0,0,253
474,991,3,2,255
475,991,2,1,255
476,991,3,0,255
477,991,4,1,255
478,991,2,1,255
479,991,0,0,253
862,991,0,0,251
863,991,0,0,254
864,991,0,0,254
865,991,0,0,254
866,991,0,0,254
867,991,0,0,254
868,991,0,0,254
869,991,0,0,254
870,991,0,0,254
871,991,0,0,254
872,991,2,0,254
873,991,0,2,255
874,991,0,0,253
437,992,0,6,255
438,992,0,0,250
439,992,6,5,255
440,992,0,0,254
441,992,0,0,254
442,992,0,0,254
443,992,0,0,254
444,992,0,0,254
445,992,0,0,254
446,992,0,0,254
447,992,0,0,254
448,992,0,0,254
449,992,0,0,254
450,992,0,0,254
451,992,0,0,254
452,992,0,0,254
453,992,0,0,254
454,992,0,0,254
455,992,0,0,254
456,992,1,2,253
457,992,0,0,253
458,992,0,0,251
459,992,2,2,255
460,992,0,0,253
461,992,0,3,255
462,992,0,2,244
463,992,0,3,247
464,992,0,0,253
465,992,3,4,252
466,992,1,1,255
467,992,0,0,254
468,992,0,0,247
469,992,3,2,255
470,992,0,0,251
471,992,0,1,244
472,992,0,0,254
473,992,0,0,254
474,992,0,0,254
475,992,0,0,254
476,992,0,0,254
477,992,0,0,254
478,992,0,0,254
479,992,0,0,254
861,992,0,0,253
862,992,0,2,255
863,992,2,0,254
864,992,0,0,254
865,992,0,0,254
866,992,0,0,254
867,992,0,0,254
868,992,0,0,254
869,992,0,0,254
870,992,0,0,254
871,992,0,0,254
872,992,6,5,247
873,992,0,3,255
874,992,0,1,252
437,993,0,4,255
438,993,0,1,243
439,993,0,0,249
440,993,0,0,254
441,993,0,0,254
442,993,0,0,254
443,993,0,0,254
444,993,0,0,254
445,993,0,0,254
446,993,0,0,254
447,993,0,0,254
448,993,0,0,254
449,993,0,0,254
450,993,0,0,254
451,993,0,0,254
452,993,0,0,254
453,993,0,0,254
454,993,0,0,254
455,993,0,0,254
456,993,0,0,250
457,993,0,1,250
458,993,1,1,255
459,993,1,1,245
460,993,2,0,252
461,993,1,0,250
462,993,12,2,255
463,993,5,0,251
464,993,0,0,249
465,993,0,0,254
466,993,1,1,255
467,993,2,2,255
468,993,4,5,253
469,993,1,1,255
470,993,0,0,248
471,993,1,0,254
472,993,0,0,254
473,993,0,0,254
474,993,0,0,254
475,993,0,0,254
476,993,0,0,254
477,993,0,0,254
478,993,0,0,254
479,993,0,0,254
480,993,14,0,254
861,993,0,0,253
862,993,0,2,255
863,993,2,0,254
864,993,0,0,254
865,993,0,0,254
866,993,0,0,254
867,993,0,0,254
868,993,0,0,254
869,993,0,0,254
870,993,0,0,254
871,993,0,0,254
872,993,3,0,253
873,993,0,0,251
874,993,0,4,255
437,994,0,0,239
438,994,3,7,252
439,994,5,2,255
440,994,0,0,254
441,994,0,0,254
442,994,0,0,254
443,994,0,0,254
444,994,0,0,254
445,994,0,0,254
446,994,0,0,254
447,994,0,0,254
448,994,0,0,254
449,994,0,0,254
450,994,0,0,254
451,994,0,0,254
452,994,0,0,254
453,994,0,0,254
454,994,0,0,254
455,994,0,0,254
456,994,3,6,255
457,994,0,1,243
458,994,0,2,254
459,994,0,6,248
460,994,0,3,255
461,994,0,1,253
462,994,0,2,254
463,994,0,3,251
464,994,3,6,255
465,994,0,1,244
466,994,3,2,254
467,994,3,2,255
468,994,0,2,247
469,994,0,1,254
470,994,0,2,247
471,994,3,2,255
472,994,0,0,254
473,994,0,0,254
474,994,0,0,254
475,994,0,0,254
476,994,0,0,254
477,994,0,0,254
478,994,0,0,254
479,994,0,0,254
480,994,0,0,251
861,994,0,0,253
862,994,0,2,255
863,994,2,0,254
864,994,0,0,254
865,994,0,0,254
866,994,0,0,254
867,994,0,0,254
868,994,0,0,254
869,994,0,0,254
870,994,0,0,254
871,994,0,0,254
872,994,0,0,253
873,994,0,0,245
874,994,1,0,253
437,995,11,0,251
438,995,1,1,255
439,995,4,1,254
440,995,0,0,254
441,995,0,0,254
442,995,0,0,254
443,995,0,0,254
444,995,0,0,254
445,995,0,0,254
446,995,0,0,254
447,995,0,0,254
448,995,0,0,254
449,995,0,0,254
450,995,0,0,254
451,995,0,0,254
452,995,0,0,254
453,995,0,0,254
454,995,0,0,254
455,995,0,0,254
456,995,2,0,254
457,995,1,2,240
458,995,0,1,252
459,995,0,0,251
460,995,2,2,255
461,995,0,0,252
462,995,3,2,254
463,995,4,1,255
464,995,0,0,250
465,995,6,0,255
466,995,5,0,247
467,995,1,0,244
468,995,2,3,253
469,995,0,4,253
470,995,0,1,238
471,995,2,0,254
472,995,0,0,254
473,995,0,0,254
474,995,0,0,254
475,995,0,0,254
476,995,0,0,254
477,995,0,0,254
478,995,0,0,254
479,995,0,0,254
480,995,0,1,242
481,995,11,1,255
861,995,0,0,253
862,995,0,2,255
863,995,2,0,254
864,995,0,0,254
865,995,0,0,254
866,995,0,0,254
867,995,0,0,254
868,995,0,0,254
869,995,0,0,254
870,995,0,0,254
871,995,0,0,254
872,995,2,2,250
873,995,1,4,255
874,995,10,0,255
438,996,3,2,255
439,996,5,0,255
440,996,0,0,254
441,996,0,0,254
442,996,0,0,254
443,996,0,0,254
444,996,0,0,254
445,996,0,0,254
446,996,0,0,254
447,996,0,0,254
448,996,0,0,254
449,996,0,0,254
450,996,0,0,254
451,996,0,0,254
452,996,0,0,254
453,996,0,0,254
454,996,0,0,254
455,996,0,0,254
456,996,7,0,250
457,996,8,1,255
458,996,3,0,255
459,996,0,0,251
460,996,2,3,251
461,996,5,5,255
462,996,0,0,252
463,996,4,0,254
464,996,10,0,255
465,996,11,0,254
467,996,7,0,244
468,996,6,5,255
469,996,0,0,252
470,996,0,0,249
471,996,6,5,247
472,996,0,0,254
473,996,0,0,254
474,996,0,0,254
475,996,0,0,254
476,996,0,0,254
477,996,0,0,254
478,996,0,0,254
479,996,0,0,254
480,996,0,3,255
481,996,0,0,249
861,996,0,0,253
862,996,0,2,255
863,996,2,0,254
864,996,0,0,254
865,996,0,0,254
866,996,0,0,254
867,996,0,0,254
868,996,0,0,254
869,996,0,0,254
870,996,0,0,254
871,996,0,0,254
872,996,5,4,255
873,996,0,0,251
874,996,14,0,250
438,997,0,0,236
439,997,3,0,253
440,997,0,0,254
441,997,0,0,254
442,997,0,0,254
443,997,0,0,254
444,997,0,0,254
445,997,0,0,254
446,997,0,0,254
447,997,0,0,254
448,997,0,0,254
449,997,0,0,254
450,997,0,0,254
451,997,0,0,254
452,997,0,0,254
453,997,0,0,254
454,997,0,0,254
455,997,0,0,254
456,997,10,0,253
457,997,8,0,255
458,997,2,0,254
459,997,0,0,252
460,997,0,0,248
461,997,0,4,232
462,997,1,0,252
463,997,3,0,255
467,997,12,0,251
468,997,6,0,255
469,997,0,1,253
470,997,4,7,255
471,997,0,0,250
472,997,0,0,254
473,997,0,0,254
474,997,0,0,254
475,997,0,0,254
476,997,0,0,254
477,997,0,0,254
478,997,0,0,254
479,997,0,0,254
480,997,2,5,255
481,997,4,3,255
482,997,0,0,252
861,997,0,0,253
862,997,0,2,255
863,997,2,0,254
864,997,0,0,254
865,997,0,0,254
866,997,0,0,254
867,997,0,0,254
868,997,0,0,254
869,997,0,0,254
870,997,0,0,254
871,997,0,0,254
872,997,0,0,247
873,997,0,0,250
438,998,6,0,255
439,998,0,0,245
440,998,0,0,254
441,998,0,0,254
442,998,0,0,254
443,998,0,0,254
444,998,0,0,254
445,998,0,0,254
446,998,0,0,254
447,998,0,0,254
448,998,0,0,254
449,998,0,0,254
450,998,0,0,254
451,998,0,0,254
452,998,0,0,254
453,998,0,0,254
454,998,0,0,254
455,998,0,0,254
456,998,0,0,253
457,998,0,0,248
458,998,0,1,249
459,998,0,0,251
460,998,15,3,255
468,998,0,0,231
469,998,0,0,248
470,998,0,1,251
471,998,3,0,253
472,998,0,0,254
473,998,0,0,254
474,998,0,0,254
475,998,0,0,254
476,998,0,0,254
477,998,0,0,254
478,998,0,0,254
479,998,0,0,254
480,998,1,0,253
481,998,5,2,255
482,998,0,6,249
861,998,0,0,253
862,998,0,2,255
863,998,2,0,254
864,998,0,0,254
865,998,0,0,254
866,998,0,0,254
867,998,0,0,254
868,998,0,0,254
869,998,0,0,254
870,998,0,0,254
871,998,0,0,254
872,998,4,4,255
873,998,0,0,254
439,999,7,0,255
440,999,0,0,254
441,999,0,0,254
442,999,0,0,254
443,999,0,0,254
444,999,0,0,254
445,999,0,0,254
446,999,0,0,254
447,999,0,0,254
448,999,0,0,254
449,999,0,0,254
450,999,0,0,254
451,999,0,0,254
452,999,0,0,254
453,999,0,0,254
454,999,0,0,254
455,999,0,0,254
456,999,0,5,254
457,999,0,0,248
458,999,0,5,255
459,999,2,4,245
460,999,4,0,251
468,999,10,1,250
469,999,1,6,255
470,999,0,1,251
471,999,2,0,254
472,999,0,0,254
473,999,0,0,254
474,999,0,0,254
475,999,0,0,254
476,999,0,0,254
477,999,0,0,254
478,999,0,0,254
479,999,0,0,254
480,999,5,0,246
481,999,0,6,239
482,999,11,3,255
483,999,0,0,250
861,999,0,0,253
862,999,0,2,255
863,999,2,0,254
864,999,0,0,254
865,999,0,0,254
866,999,0,0,254
867,999,0,0,254
868,999,0,0,254
869,999,0,0,254
870,999,0,0,254
871,999,0,0,254
872,999,0,0,250
873,999,1,2,253
441,1000,15,1,246
442,1000,0,0,246
443,1000,0,6,255
444,1000,0,1,250
445,1000,0,0,254
446,1000,0,0,251
447,1000,0,0,253
448,1000,0,0,254
449,1000,0,0,254
450,1000,0,0,254
451,1000,0,0,254
452,1000,0,0,254
453,1000,0,0,254
454,1000,0,0,254
455,1000,0,0,254
456,1000,0,0,249
457,1000,0,1,253
458,1000,0,4,255
459,1000,0,0,243
460,1000,16,0,255
469,1000,11,0,254
470,1000,1,0,254
471,1000,1,0,251
472,1000,0,0,246
473,1000,1,1,255
474,1000,0,0,251
475,1000,3,4,255
476,1000,0,0,253
477,1000,0,0,236
478,1000,5,4,255
479,1000,3,2,255
480,1000,0,6,255
481,1000,0,0,249
482,1000,14,0,255
483,1000,0,4,243
484,1000,4,1,255
861,1000,0,0,253
862,1000,0,2,255
863,1000,2,0,254
864,1000,0,0,254
865,1000,0,0,254
866,1000,0,0,254
867,1000,0,0,254
868,1000,0,0,254
869,1000,0,0,254
870,1000,0,0,254
871,1000,0,0,254
872,1000,0,0,254
873,1000,0,0,251
446,1001,8,2,248
447,1001,0,4,255
448,1001,1,2,253
449,1001,1,2,253
450,1001,1,2,253
451,1001,1,2,253
452,1001,1,2,253
453,1001,1,2,253
454,1001,1,2,253
455,1001,1,2,253
456,1001,0,2,254
457,1001,1,7,253
458,1001,4,6,247
459,1001,8,0,250
470,1001,6,0,253
471,1001,0,0,250
472,1001,2,2,255
473,1001,0,0,253
474,1001,0,0,250
475,1001,0,2,247
476,1001,7,7,255
477,1001,0,0,248
478,1001,0,0,249
479,1001,2,1,255
480,1001,0,4,251
481,1001,3,0,250
482,1001,0,0,250
483,1001,1,4,255
484,1001,1,0,250
861,1001,0,0,253
862,1001,0,2,255
863,1001,2,0,254
864,1001,0,0,254
865,1001,0,0,254
866,1001,0,0,254
867,1001,0,0,254
868,1001,0,0,254
869,1001,0,0,254
870,1001,0,0,254
871,1001,0,0,254
872,1001,0,0,254
873,1001,0,0,251
448,1002,0,0,253
449,1002,0,0,253
450,1002,0,0,253
451,1002,0,0,253
452,1002,0,0,253
453,1002,0,0,253
454,1002,0,0,253
455,1002,0,0,253
456,1002,4,0,254
457,1002,3,0,250
458,1002,13,0,241
470,1002,10,0,252
471,1002,1,4,255
472,1002,0,0,243
473,1002,0,0,252
474,1002,4,4,255
475,1002,0,0,253
476,1002,0,0,252
477,1002,1,1,255
478,1002,0,0,246
479,1002,0,2,241
480,1002,0,3,255
481,1002,10,0,255
482,1002,2,6,255
483,1002,6,4,255
484,1002,1,0,252
485,1002,0,0,250
861,1002,0,0,253
862,1002,0,2,255
863,1002,2,0,254
864,1002,0,0,254
865,1002,0,0,254
866,1002,0,0,254
867,1002,0,0,254
868,1002,0,0,254
869,1002,0,0,254
870,1002,0,0,254
871,1002,0,0,254
872,1002,0,0,254
873,1002,0,0,251
471,1003,4,5,253
472,1003,7,6,255
473,1003,3,2,255
474,1003,1,3,238
475,1003,4,3,254
476,1003,5,4,255
477,1003,4,4,255
478,1003,4,4,255
479,1003,0,0,253
480,1003,0,0,250
481,1003,4,0,254
482,1003,4,5,255
483,1003,4,0,254
484,1003,0,3,255
485,1003,0,5,250
861,1003,0,0,253
862,1003,0,2,255
863,1003,2,0,254
864,1003,0,0,254
865,1003,0,0,254
866,1003,0,0,254
867,1003,0,0,254
868,1003,0,0,254
869,1003,0,0,254
870,1003,0,0,254
871,1003,0,0,254
872,1003,0,0,254
873,1003,0,0,251
471,1004,2,0,249
472,1004,0,0,250
473,1004,4,1,255
474,1004,2,1,255
475,1004,0,0,239
476,1004,7,6,255
477,1004,0,0,254
478,1004,0,0,248
479,1004,1,2,253
480,1004,7,3,248
481,1004,0,2,254
482,1004,3,0,253
483,1004,4,1,255
484,1004,0,0,237
485,1004,0,3,252
486,1004,9,1,255
861,1004,0,0,253
862,1004,0,2,255
863,1004,2,0,254
864,1004,0,0,254
865,1004,0,0,254
866,1004,0,0,254
867,1004,0,0,254
868,1004,0,0,254
869,1004,0,0,254
870,1004,0,0,254
871,1004,0,0,254
872,1004,0,0,254
873,1004,0,0,251
472,1005,5,0,255
473,1005,4,4,242
474,1005,0,0,250
475,1005,1,0,254
476,1005,0,0,237
477,1005,0,0,252
478,1005,0,0,250
479,1005,1,2,252
480,1005,2,0,252
481,1005,0,0,249
482,1005,10,3,255
483,1005,0,0,251
484,1005,1,7,251
485,1005,0,3,254
486,1005,0,5,241
861,1005,0,0,253
862,1005,0,2,255
863,1005,2,0,254
864,1005,0,0,254
865,1005,0,0,254
866,1005,0,0,254
867,1005,0,0,254
868,1005,0,0,254
869,1005,0,0,254
870,1005,0,0,254
871,1005,0,0,254
872,1005,0,0,254
873,1005,0,0,251
472,1006,3,0,253
473,1006,4,0,251
474,1006,0,0,236
475,1006,5,2,255
476,1006,8,7,255
477,1006,2,3,253
478,1006,0,0,251
479,1006,0,0,250
480,1006,2,4,247
481,1006,0,4,254
482,1006,1,0,254
483,1006,0,0,244
484,1006,0,0,252
485,1006,0,5,244
486,1006,0,1,254
487,1006,6,0,250
861,1006,0,0,253
862,1006,0,2,255
863,1006,2,0,254
864,1006,0,0,254
865,1006,0,0,254
866,1006,0,0,254
867,1006,0,0,254
868,1006,0,0,254
869,1006,0,0,254
870,1006,0,0,254
871,1006,0,0,254
872,1006,0,0,254
873,1006,0,0,251
473,1007,3,0,253
474,1007,6,1,253
475,1007,0,0,252
476,1007,3,2,255
477,1007,0,0,239
478,1007,3,3,255
479,1007,0,0,253
480,1007,0,0,252
481,1007,4,2,253
482,1007,0,2,253
483,1007,4,0,254
484,1007,8,1,255
485,1007,0,4,255
486,1007,0,0,248
487,1007,0,6,255
488,1007,25,0,254
861,1007,0,0,253
862,1007,0,2,255
863,1007,2,0,254
864,1007,0,0,254
865,1007,0,0,254
866,1007,0,0,254
867,1007,0,0,254
868,1007,0,0,254
869,1007,0,0,254
870,1007,0,0,254
871,1007,0,0,254
872,1007,0,0,254
873,1007,0,0,251
474,1008,0,1,238
475,1008,0,1,252
476,1008,2,5,255
477,1008,0,1,249
478,1008,2,2,255
479,1008,0,0,251
480,1008,0,0,254
481,1008,0,0,254
482,1008,0,0,254
483,1008,0,0,254
484,1008,0,0,254
485,1008,0,0,254
486,1008,0,0,254
487,1008,0,0,254
488,1008,5,2,255
489,1008,0,0,243
861,1008,4,0,251
862,1008,0,7,255
863,1008,3,0,253
864,1008,0,0,254
865,1008,0,0,254
866,1008,0,0,254
867,1008,0,0,254
868,1008,0,0,254
869,1008,0,0,254
870,1008,0,0,254
871,1008,0,0,254
872,1008,0,0,254
873,1008,0,0,251
474,1009,2,2,255
475,1009,0,0,252
476,1009,0,0,247
477,1009,0,0,248
478,1009,5,5,255
479,1009,0,0,248
480,1009,0,0,254
481,1009,0,0,254
482,1009,0,0,254
483,1009,0,0,254
484,1009,0,0,254
485,1009,0,0,254
486,1009,0,0,254
487,1009,0,0,254
488,1009,0,0,249
489,1009,0,4,246
861,1009,0,0,250
862,1009,0,2,248
863,1009,2,0,252
864,1009,0,0,254
865,1009,0,0,254
866,1009,0,0,254
867,1009,0,0,254
868,1009,0,0,254
869,1009,0,0,254
870,1009,0,0,254
871,1009,0,0,254
872,1009,0,0,254
873,1009,0,0,251
474,1010,0,1,241
475,1010,3,3,255
476,1010,0,0,248
477,1010,4,4,255
478,1010,0,0,245
479,1010,2,1,255
480,1010,0,0,254
481,1010,0,0,254
482,1010,0,0,254
483,1010,0,0,254
484,1010,0,0,254
485,1010,0,0,254
486,1010,0,0,254
487,1010,0,0,254
488,1010,5,4,255
489,1010,0,0,253
490,1010,13,0,249
861,1010,2,0,254
862,1010,0,9,250
863,1010,0,0,250
864,1010,0,0,254
865,1010,0,0,254
866,1010,0,0,254
867,1010,0,0,254
868,1010,0,0,254
869,1010,0,0,254
870,1010,0,0,254
871,1010,0,0,254
872,1010,0,0,254
873,1010,0,0,251
474,1011,9,8,255
475,1011,3,3,251
476,1011,0,2,251
477,1011,4,4,255
478,1011,0,1,250
479,1011,5,4,255
480,1011,0,0,254
481,1011,0,0,254
482,1011,0,0,254
483,1011,0,0,254
484,1011,0,0,254
485,1011,0,0,254
486,1011,0,0,254
487,1011,0,0,254
488,1011,0,0,241
489,1011,3,3,255
490,1011,12,0,252
861,1011,2,0,251
862,1011,0,5,255
863,1011,0,0,250
864,1011,0,0,254
865,1011,0,0,254
866,1011,0,0,254
867,1011,0,0,254
868,1011,0,0,254
869,1011,0,0,254
870,1011,0,0,254
871,1011,0,0,254
872,1011,0,0,254
873,1011,0,0,251
474,1012,2,1,243
475,1012,8,7,255
476,1012,0,0,253
477,1012,0,0,253
478,1012,0,3,248
479,1012,2,1,255
480,1012,0,0,254
481,1012,0,0,254
482,1012,0,0,254
483,1012,0,0,254
484,1012,0,0,254
485,1012,0,0,254
486,1012,0,0,254
487,1012,0,0,254
488,1012,4,4,255
489,1012,0,1,252
490,1012,10,0,254
860,1012,11,0,254
861,1012,0,0,252
862,1012,0,5,244
863,1012,1,1,249
864,1012,0,0,254
865,1012,0,0,254
866,1012,0,0,254
867,1012,0,0,254
868,1012,0,0,254
869,1012,0,0,254
870,1012,0,0,254
871,1012,0,0,254
872,1012,0,0,254
873,1012,0,0,251
474,1013,3,2,244
475,1013,0,0,251
476,1013,0,0,253
477,1013,2,2,255
478,1013,0,0,244
479,1013,1,2,242
480,1013,0,0,254
481,1013,0,0,254
482,1013,0,0,254
483,1013,0,0,254
484,1013,0,0,254
485,1013,0,0,254
486,1013,0,0,254
487,1013,0,0,254
488,1013,0,4,253
489,1013,0,0,246
490,1013,5,5,251
860,1013,6,0,255
861,1013,0,0,244
862,1013,0,0,253
863,1013,2,2,248
864,1013,0,0,254
865,1013,0,0,254
866,1013,0,0,254
867,1013,0,0,254
868,1013,0,0,254
869,1013,0,0,254
870,1013,0,0,254
871,1013,0,0,254
872,1013,0,0,254
873,1013,0,0,251
474,1014,4,0,254
475,1014,0,0,235
476,1014,3,4,255
477,1014,3,3,255
478,1014,0,2,255
479,1014,0,1,242
480,1014,0,0,254
481,1014,0,0,254
482,1014,0,0,254
483,1014,0,0,254
484,1014,0,0,254
485,1014,0,0,254
486,1014,0,0,254
487,1014,0,0,254
488,1014,0,2,255
489,1014,6,5,255
490,1014,0,3,255
860,1014,1,4,255
861,1014,2,3,251
862,1014,6,5,255
863,1014,0,0,252
864,1014,0,0,254
865,1014,0,0,254
866,1014,0,0,254
867,1014,0,0,254
868,1014,0,0,254
869,1014,0,0,254
870,1014,0,0,254
871,1014,0,0,254
872,1014,0,0,254
873,1014,0,0,251
475,1015,5,2,255
476,1015,0,0,247
477,1015,0,0,251
478,1015,0,2,255
479,1015,1,3,248
480,1015,0,0,254
481,1015,0,0,254
482,1015,0,0,254
483,1015,0,0,254
484,1015,0,0,254
485,1015,0,0,254
486,1015,0,0,254
487,1015,0,0,254
488,1015,0,0,250
489,1015,1,0,254
490,1015,0,0,248
860,1015,0,3,255
861,1015,0,0,252
862,1015,1,1,247
863,1015,0,0,251
864,1015,0,0,254
865,1015,0,0,254
866,1015,0,0,254
867,1015,0,0,254
868,1015,0,0,254
869,1015,0,0,254
870,1015,0,0,254
871,1015,0,0,254
872,1015,0,0,254
873,1015,0,0,251
475,1016,12,0,250
476,1016,0,1,246
477,1016,0,2,253
478,1016,0,0,251
479,1016,4,4,255
480,1016,0,0,254
481,1016,0,0,254
482,1016,0,0,254
483,1016,0,0,254
484,1016,0,0,254
485,1016,0,0,254
486,1016,0,0,254
487,1016,0,0,254
488,1016,0,0,251
489,1016,6,6,255
490,1016,0,0,238
491,1016,5,4,255
492,1016,0,0,252
493,1016,2,0,249
494,1016,5,0,255
860,1016,1,0,254
861,1016,0,2,255
862,1016,0,0,253
863,1016,2,1,255
864,1016,0,0,254
865,1016,0,0,254
866,1016,0,0,254
867,1016,0,0,254
868,1016,0,0,254
869,1016,0,0,254
870,1016,0,0,254
871,1016,0,0,254
872,1016,0,1,254
476,1017,2,0,254
477,1017,5,5,255
478,1017,3,0,247
479,1017,0,0,239
480,1017,0,0,254
481,1017,0,0,254
482,1017,0,0,254
483,1017,0,0,254
484,1017,0,0,254
485,1017,0,0,254
486,1017,0,0,254
487,1017,0,0,254
488,1017,0,0,252
489,1017,0,0,250
490,1017,0,1,251
491,1017,6,5,255
492,1017,6,3,255
493,1017,3,3,239
494,1017,4,0,251
495,1017,1,0,251
860,1017,1,0,254
861,1017,0,2,255
862,1017,0,0,253
863,1017,2,1,255
864,1017,0,0,254
865,1017,0,0,254
866,1017,0,0,254
867,1017,0,0,254
868,1017,0,0,254
869,1017,0,0,254
870,1017,0,0,254
871,1017,0,0,254
872,1017,0,1,254
478,1018,6,5,255
479,1018,6,0,255
480,1018,0,0,254
481,1018,0,0,254
482,1018,0,0,254
483,1018,0,0,254
484,1018,0,0,254
485,1018,0,0,254
486,1018,0,0,254
487,1018,0,0,254
488,1018,0,1,251
489,1018,0,0,248
490,1018,4,4,255
491,1018,0,0,237
492,1018,0,0,251
493,1018,0,0,250
494,1018,1,1,239
495,1018,9,3,255
496,1018,9,0,252
860,1018,1,0,254
861,1018,0,2,255
862,1018,0,0,253
863,1018,2,1,255
864,1018,0,0,254
865,1018,0,0,254
866,1018,0,0,254
867,1018,0,0,254
868,1018,0,0,254
869,1018,0,0,254
870,1018,0,0,254
871,1018,0,0,254
872,1018,0,1,254
478,1019,11,1,255
479,1019,6,0,255
480,1019,0,0,254
481,1019,0,0,254
482,1019,0,0,254
483,1019,0,0,254
484,1019,0,0,254
485,1019,0,0,254
486,1019,0,0,254
487,1019,0,0,254
488,1019,3,4,255
489,1019,0,0,246
490,1019,0,0,254
491,1019,6,5,255
492,1019,0,0,239
493,1019,4,3,255
494,1019,3,0,255
495,1019,0,0,250
496,1019,8,0,255
860,1019,1,0,254
861,1019,0,2,255
862,1019,0,0,253
863,1019,2,1,255
864,1019,0,0,254
865,1019,0,0,254
866,1019,0,0,254
867,1019,0,0,254
868,1019,0,0,254
869,1019,0,0,254
870,1019,0,0,254
871,1019,0,0,254
872,1019,0,1,254
479,1020,0,0,253
480,1020,0,0,254
481,1020,0,0,254
482,1020,0,0,254
483,1020,0,0,254
484,1020,0,0,254
485,1020,0,0,254
486,1020,0,0,254
487,1020,0,0,254
488,1020,0,0,253
489,1020,5,5,255
490,1020,1,1,255
491,1020,5,4,255
492,1020,5,4,255
493,1020,0,2,237
494,1020,4,3,255
495,1020,5,4,255
496,1020,0,0,246
497,1020,11,0,255
860,1020,1,0,254
861,1020,0,2,255
862,1020,0,0,253
863,1020,2,1,255
864,1020,0,0,254
865,1020,0,0,254
866,1020,0,0,254
867,1020,0,0,254
868,1020,0,0,254
869,1020,0,0,254
870,1020,0,0,254
871,1020,0,0,254
872,1020,0,1,254
479,1021,5,0,251
480,1021,0,0,254
481,1021,0,0,254
482,1021,0,0,254
483,1021,0,0,254
484,1021,0,0,254
485,1021,0,0,254
486,1021,0,0,254
487,1021,0,0,254
488,1021,0,0,237
489,1021,0,0,249
490,1021,1,1,255
491,1021,1,1,255
492,1021,0,0,253
493,1021,0,0,253
494,1021,0,0,254
495,1021,0,1,244
496,1021,5,5,255
497,1021,1,0,239
860,1021,1,0,254
861,1021,0,2,255
862,1021,0,0,253
863,1021,2,1,255
864,1021,0,0,254
865,1021,0,0,254
866,1021,0,0,254
867,1021,0,0,254
868,1021,0,0,254
869,1021,0,0,254
870,1021,0,0,254
871,1021,0,0,254
872,1021,0,1,254
480,1022,0,0,254
481,1022,0,0,254
482,1022,0,0,254
483,1022,0,0,254
484,1022,0,0,254
485,1022,0,0,254
486,1022,0,0,254
487,1022,0,0,254
488,1022,4,3,255
489,1022,0,0,249
490,1022,0,0,245
491,1022,6,6,255
492,1022,1,3,248
493,1022,0,0,252
494,1022,0,0,254
495,1022,0,0,254
496,1022,0,0,253
497,1022,0,0,250
860,1022,1,0,254
861,1022,0,2,255
862,1022,0,0,253
863,1022,2,1,255
864,1022,0,0,254
865,1022,0,0,254
866,1022,0,0,254
867,1022,0,0,254
868,1022,0,0,254
869,1022,0,0,254
870,1022,0,0,254
871,1022,0,0,254
872,1022,0,1,254
480,1023,0,0,254
481,1023,0,0,254
482,1023,0,0,254
483,1023,0,0,254
484,1023,0,0,254
485,1023,0,0,254
486,1023,0,0,254
487,1023,0,0,254
488,1023,3,2,255
489,1023,3,2,255
490,1023,0,1,240
491,1023,0,0,253
492,1023,1,2,253
493,1023,0,0,252
494,1023,0,0,253
495,1023,0,0,248
496,1023,0,0,254
497,1023,0,0,245
860,1023,1,0,254
861,1023,0,2,255
862,1023,0,0,253
863,1023,2,1,255
864,1023,0,0,254
865,1023,0,0,254
866,1023,0,0,254
867,1023,0,0,254
868,1023,0,0,254
869,1023,0,0,254
870,1023,0,0,254
871,1023,0,0,254
872,1023,0,1,254
481,1024,10,0,243
482,1024,0,5,255
483,1024,2,1,255
484,1024,0,0,251
485,1024,0,0,245
486,1024,4,4,255
487,1024,0,0,250
488,1024,0,0,254
489,1024,0,0,254
490,1024,0,0,254
491,1024,0,0,254
492,1024,0,0,254
493,1024,0,0,254
494,1024,0,0,254
495,1024,0,0,254
496,1024,0,0,250
497,1024,0,3,255
498,1024,0,2,251
499,1024,0,0,247
500,1024,8,2,255
501,1024,11,0,254
860,1024,0,0,251
861,1024,0,3,245
862,1024,4,4,255
863,1024,0,0,250
864,1024,0,0,254
865,1024,0,0,254
866,1024,0,0,254
867,1024,0,0,254
868,1024,0,0,254
869,1024,0,0,254
870,1024,0,0,254
871,1024,0,0,254
872,1024,0,1,254
482,1025,0,0,251
483,1025,4,4,255
484,1025,0,0,252
485,1025,0,10,246
486,1025,6,5,255
487,1025,0,0,244
488,1025,0,0,254
489,1025,0,0,254
490,1025,0,0,254
491,1025,0,0,254
492,1025,0,0,254
493,1025,0,0,254
494,1025,0,0,254
495,1025,0,0,254
496,1025,3,5,240
497,1025,3,3,255
498,1025,0,3,240
499,1025,1,1,255
500,1025,3,2,255
501,1025,1,0,250
502,1025,10,0,248
503,1025,6,0,249
860,1025,0,0,250
861,1025,0,4,249
862,1025,6,10,255
863,1025,0,0,251
864,1025,0,0,254
865,1025,0,0,254
866,1025,0,0,254
867,1025,0,0,254
868,1025,0,0,254
869,1025,0,0,254
870,1025,0,0,254
871,1025,0,0,254
872,1025,0,1,254
482,1026,4,0,244
483,1026,6,0,255
484,1026,5,2,255
485,1026,0,2,242
486,1026,0,0,246
487,1026,11,5,255
488,1026,0,0,254
489,1026,0,0,254
490,1026,0,0,254
491,1026,0,0,254
492,1026,0,0,254
493,1026,0,0,254
494,1026,0,0,254
495,1026,0,0,254
496,1026,2,0,251
497,1026,0,0,246
498,1026,5,4,255
499,1026,2,2,255
500,1026,0,2,247
501,1026,0,5,235
502,1026,4,4,255
503,1026,3,3,247
860,1026,2,1,255
861,1026,1,4,255
862,1026,0,0,251
863,1026,0,0,249
864,1026,0,0,254
865,1026,0,0,254
866,1026,0,0,254
867,1026,0,0,254
868,1026,0,0,254
869,1026,0,0,254
870,1026,0,0,254
871,1026,0,0,254
872,1026,0,1,254
483,1027,21,0,255
484,1027,7,0,250
485,1027,0,5,255
486,1027,3,1,250
487,1027,1,0,254
488,1027,0,0,254
489,1027,0,0,254
490,1027,0,0,254
491,1027,0,0,254
492,1027,0,0,254
493,1027,0,0,254
494,1027,0,0,254
495,1027,0,0,254
496,1027,3,0,255
497,1027,4,3,247
498,1027,0,0,253
499,1027,0,5,245
500,1027,0,1,254
501,1027,0,1,253
502,1027,0,3,253
503,1027,0,3,241
504,1027,11,0,253
860,1027,1,0,254
861,1027,0,3,243
862,1027,0,0,250
863,1027,0,0,249
864,1027,0,0,254
865,1027,0,0,254
866,1027,0,0,254
867,1027,0,0,254
868,1027,0,0,254
869,1027,0,0,254
870,1027,0,0,254
871,1027,0,0,254
872,1027,0,1,254
485,1028,0,0,238
486,1028,3,0,255
487,1028,0,5,255
488,1028,0,0,254
489,1028,0,0,254
490,1028,0,0,254
491,1028,0,0,254
492,1028,0,0,254
493,1028,0,0,254
494,1028,0,0,254
495,1028,0,0,254
496,1028,0,0,250
497,1028,1,6,255
498,1028,0,0,244
499,1028,0,4,244
500,1028,0,0,250
501,1028,0,3,255
502,1028,0,0,245
503,1028,0,2,255
504,1028,9,0,255
860,1028,1,0,252
861,1028,0,0,238
862,1028,1,4,255
863,1028,6,6,255
864,1028,0,0,254
865,1028,0,0,254
866,1028,0,0,254
867,1028,0,0,254
868,1028,0,0,254
869,1028,0,0,254
870,1028,0,0,254
871,1028,0,0,254
872,1028,0,1,254
485,1029,1,2,240
486,1029,5,2,255
487,1029,0,2,252
488,1029,0,0,254
489,1029,0,0,254
490,1029,0,0,254
491,1029,0,0,254
492,1029,0,0,254
493,1029,0,0,254
494,1029,0,0,254
495,1029,0,0,254
496,1029,0,6,253
497,1029,0,1,253
498,1029,0,2,254
499,1029,3,3,255
500,1029,0,0,252
501,1029,1,0,254
502,1029,4,3,255
503,1029,0,0,252
504,1029,0,0,242
860,1029,0,0,254
861,1029,0,0,250
862,1029,2,7,255
863,1029,0,2,247
864,1029,0,0,254
865,1029,0,0,254
866,1029,0,0,254
867,1029,0,0,254
868,1029,0,0,254
869,1029,0,0,254
870,1029,0,0,254
871,1029,0,0,254
872,1029,0,1,254
485,1030,3,4,252
486,1030,4,0,253
487,1030,0,4,247
488,1030,0,0,254
489,1030,0,0,254
490,1030,0,0,254
491,1030,0,0,254
492,1030,0,0,254
493,1030,0,0,254
494,1030,0,0,254
495,1030,0,0,254
496,1030,0,1,253
497,1030,0,2,249
498,1030,4,3,255
499,1030,1,0,251
500,1030,0,0,235
501,1030,2,0,254
502,1030,0,0,246
503,1030,4,7,255
504,1030,0,3,249
860,1030,3,4,254
861,1030,0,3,255
862,1030,0,1,253
863,1030,0,0,233
864,1030,0,0,254
865,1030,0,0,254
866,1030,0,0,254
867,1030,0,0,254
868,1030,0,0,254
869,1030,0,0,254
870,1030,0,0,254
871,1030,0,0,254
872,1030,0,1,254
485,1031,0,1,253
486,1031,9,0,251
487,1031,1,0,254
488,1031,0,0,254
489,1031,0,0,254
490,1031,0,0,254
491,1031,0,0,254
492,1031,0,0,254
493,1031,0,0,254
494,1031,0,0,254
495,1031,0,0,254
496,1031,1,3,246
497,1031,0,0,252
498,1031,5,0,255
499,1031,8,0,255
500,1031,7,1,255
501,1031,2,1,253
502,1031,2,6,251
503,1031,0,0,248
504,1031,0,1,252
859,1031,23,0,251
860,1031,3,5,250
861,1031,0,0,251
862,1031,0,3,255
863,1031,0,0,251
864,1031,0,0,254
865,1031,0,0,254
866,1031,0,0,254
867,1031,0,0,254
868,1031,0,0,254
869,1031,0,0,254
870,1031,0,0,254
871,1031,0,0,254
872,1031,0,1,254
485,1032,0,3,249
486,1032,1,8,247
487,1032,5,0,249
488,1032,0,0,249
489,1032,0,2,234
490,1032,0,0,251
491,1032,1,1,255
492,1032,7,6,255
493,1032,2,0,254
494,1032,1,0,253
495,1032,5,0,255
496,1032,0,0,254
497,1032,0,0,254
498,1032,0,0,254
499,1032,0,0,254
500,1032,0,0,254
501,1032,0,0,254
502,1032,0,0,254
503,1032,0,0,254
504,1032,0,1,254
859,1032,0,1,254
860,1032,0,2,255
861,1032,0,0,252
862,1032,1,1,255
863,1032,2,0,254
864,1032,0,0,254
865,1032,0,0,254
866,1032,0,0,254
867,1032,0,0,254
868,1032,0,0,254
869,1032,0,0,254
870,1032,0,0,254
871,1032,0,0,254
872,1032,0,0,254
485,1033,0,0,239
486,1033,0,5,255
487,1033,4,0,254
488,1033,1,6,246
489,1033,1,4,255
490,1033,1,4,255
491,1033,0,3,255
492,1033,2,5,255
493,1033,0,1,247
494,1033,0,4,250
495,1033,0,0,251
496,1033,0,0,254
497,1033,0,0,254
498,1033,0,0,254
499,1033,0,0,254
500,1033,0,0,254
501,1033,0,0,254
502,1033,0,0,254
503,1033,0,0,254
504,1033,0,1,254
859,1033,0,1,254
860,1033,0,2,255
861,1033,0,0,252
862,1033,1,1,255
863,1033,2,0,254
864,1033,0,0,254
865,1033,0,0,254
866,1033,0,0,254
867,1033,0,0,254
868,1033,0,0,254
869,1033,0,0,254
870,1033,0,0,254
871,1033,0,0,254
872,1033,5,4,246
485,1034,15,0,255
486,1034,0,1,252
487,1034,0,1,250
488,1034,3,0,253
489,1034,1,0,253
490,1034,0,0,249
491,1034,0,0,240
492,1034,0,0,251
493,1034,0,1,248
494,1034,2,7,255
495,1034,0,1,237
496,1034,0,0,254
497,1034,0,0,254
498,1034,0,0,254
499,1034,0,0,254
500,1034,0,0,254
501,1034,0,0,254
502,1034,0,0,254
503,1034,0,0,254
504,1034,0,1,254
859,1034,0,1,254
860,1034,0,2,255
861,1034,0,0,252
862,1034,1,1,255
863,1034,2,0,254
864,1034,0,0,254
865,1034,0,0,254
866,1034,0,0,254
867,1034,0,0,254
868,1034,0,0,254
869,1034,0,0,254
870,1034,0,0,254
871,1034,0,0,254
872,1034,2,0,249
486,1035,6,0,250
487,1035,0,3,254
488,1035,6,0,250
489,1035,6,0,255
490,1035,6,2,237
491,1035,1,0,251
492,1035,5,0,255
493,1035,3,0,255
494,1035,4,2,249
495,1035,0,0,252
496,1035,0,0,254
497,1035,0,0,254
498,1035,0,0,254
499,1035,0,0,254
500,1035,0,0,254
501,1035,0,0,254
502,1035,0,0,254
503,1035,0,0,254
504,1035,0,1,254
859,1035,0,1,254
860,1035,0,2,255
861,1035,0,0,252
862,1035,1,1,255
863,1035,2,0,254
864,1035,0,0,254
865,1035,0,0,254
866,1035,0,0,254
867,1035,0,0,254
868,1035,0,0,254
869,1035,0,0,254
870,1035,0,0,254
871,1035,0,0,254
486,1036,13,0,255
487,1036,1,5,250
488,1036,1,1,255
489,1036,1,2,250
490,1036,0,0,251
491,1036,1,0,251
492,1036,8,7,255
493,1036,0,0,250
494,1036,2,0,251
495,1036,3,0,253
496,1036,0,0,254
497,1036,0,0,254
498,1036,0,0,254
499,1036,0,0,254
500,1036,0,0,254
501,1036,0,0,254
502,1036,0,0,254
503,1036,0,0,254
504,1036,0,1,254
859,1036,0,1,254
860,1036,0,2,255
861,1036,0,0,252
862,1036,1,1,255
863,1036,2,0,254
864,1036,0,0,254
865,1036,0,0,254
866,1036,0,0,254
867,1036,0,0,254
868,1036,0,0,254
869,1036,0,0,254
870,1036,0,0,254
871,1036,0,0,254
487,1037,7,0,253
488,1037,0,0,251
489,1037,1,6,255
490,1037,0,0,245
491,1037,0,4,255
492,1037,0,4,246
493,1037,0,3,239
494,1037,0,2,254
495,1037,0,2,254
496,1037,0,0,254
497,1037,0,0,254
498,1037,0,0,254
499,1037,0,0,254
500,1037,0,0,254
501,1037,0,0,254
502,1037,0,0,254
503,1037,0,0,254
504,1037,0,1,254
859,1037,0,1,254
860,1037,0,2,255
861,1037,0,0,252
862,1037,1,1,255
863,1037,2,0,254
864,1037,0,0,254
865,1037,0,0,254
866,1037,0,0,254
867,1037,0,0,254
868,1037,0,0,254
869,1037,0,0,254
870,1037,0,0,254
871,1037,0,0,254
489,1038,8,0,246
490,1038,8,0,240
491,1038,6,0,255
492,1038,0,0,249
493,1038,0,1,246
494,1038,0,0,251
495,1038,0,8,247
496,1038,0,0,254
497,1038,0,0,254
498,1038,0,0,254
499,1038,0,0,254
500,1038,0,0,254
501,1038,0,0,254
502,1038,0,0,254
503,1038,0,0,254
504,1038,0,1,254
859,1038,0,1,254
860,1038,0,2,255
861,1038,0,0,252
862,1038,1,1,255
863,1038,2,0,254
864,1038,0,0,254
865,1038,0,0,254
866,1038,0,0,254
867,1038,0,0,254
868,1038,0,0,254
869,1038,0,0,254
870,1038,0,0,254
871,1038,0,0,254
492,1039,14,0,255
493,1039,7,0,255
494,1039,0,0,251
495,1039,2,3,251
496,1039,0,0,254
497,1039,0,0,254
498,1039,0,0,254
499,1039,0,0,254
500,1039,0,0,254
501,1039,0,0,254
502,1039,0,0,254
503,1039,0,0,254
504,1039,0,1,254
859,1039,0,1,254
860,1039,0,2,255
861,1039,0,0,252
862,1039,1,1,255
863,1039,2,0,254
864,1039,0,0,254
865,1039,0,0,254
866,1039,0,0,254
867,1039,0,0,254
868,1039,0,0,254
869,1039,0,0,254
870,1039,0,0,254
871,1039,0,0,254
492,1040,0,1,251
493,1040,0,0,251
494,1040,3,0,240
495,1040,0,1,254
496,1040,0,0,254
497,1040,0,0,254
498,1040,0,0,254
499,1040,0,0,254
500,1040,0,0,254
501,1040,0,0,254
502,1040,0,0,254
503,1040,0,0,254
504,1040,0,3,255
859,1040,0,1,254
860,1040,0,2,255
861,1040,0,0,252
862,1040,1,1,255
863,1040,2,0,254
864,1040,0,0,254
865,1040,0,0,254
866,1040,0,0,254
867,1040,0,0,254
868,1040,0,0,254
869,1040,0,0,254
870,1040,0,0,254
871,1040,0,0,254
492,1041,0,3,244
493,1041,4,5,255
494,1041,1,0,244
495,1041,5,8,255
496,1041,0,0,254
497,1041,0,0,254
498,1041,0,0,254
499,1041,0,0,254
500,1041,0,0,254
501,1041,0,0,254
502,1041,0,0,254
503,1041,0,0,254
504,1041,0,0,254
859,1041,0,1,254
860,1041,0,2,255
861,1041,0,0,252
862,1041,1,1,255
863,1041,2,0,254
864,1041,0,0,254
865,1041,0,0,254
866,1041,0,0,254
867,1041,0,0,254
868,1041,0,0,254
869,1041,0,0,254
870,1041,0,0,254
871,1041,0,0,254
492,1042,0,0,246
493,1042,3,4,255
494,1042,0,0,251
495,1042,0,0,252
496,1042,0,0,254
497,1042,0,0,254
498,1042,0,0,254
499,1042,0,0,254
500,1042,0,0,254
501,1042,0,0,254
502,1042,0,0,254
503,1042,0,0,254
504,1042,6,5,255
505,1042,11,0,251
859,1042,0,1,254
860,1042,0,2,255
861,1042,0,0,252
862,1042,1,1,255
863,1042,2,0,254
864,1042,0,0,254
865,1042,0,0,254
866,1042,0,0,254
867,1042,0,0,254
868,1042,0,0,254
869,1042,0,0,254
870,1042,0,0,254
871,1042,0,0,254
492,1043,11,0,255
493,1043,0,0,250
494,1043,0,0,249
495,1043,2,4,247
496,1043,0,0,254
497,1043,0,0,254
498,1043,0,0,254
499,1043,0,0,254
500,1043,0,0,254
501,1043,0,0,254
502,1043,0,0,254
503,1043,0,0,254
504,1043,0,0,241
505,1043,2,0,251
859,1043,0,1,254
860,1043,0,2,255
861,1043,0,0,252
862,1043,1,1,255
863,1043,2,0,254
864,1043,0,0,254
865,1043,0,0,254
866,1043,0,0,254
867,1043,0,0,254
868,1043,0,0,254
869,1043,0,0,254
870,1043,0,0,254
871,1043,0,0,254
492,1044,14,0,245
493,1044,0,0,240
494,1044,7,7,255
495,1044,2,2,255
496,1044,0,0,254
497,1044,0,0,254
498,1044,0,0,254
499,1044,0,0,254
500,1044,0,0,254
501,1044,0,0,254
502,1044,0,0,254
503,1044,0,0,254
504,1044,3,3,255
505,1044,0,0,250
859,1044,0,1,254
860,1044,0,2,255
861,1044,0,0,252
862,1044,1,1,255
863,1044,2,0,254
864,1044,0,0,254
865,1044,0,0,254
866,1044,0,0,254
867,1044,0,0,254
868,1044,0,0,254
869,1044,0,0,254
870,1044,0,0,254
871,1044,0,0,254
493,1045,0,0,250
494,1045,0,3,255
495,1045,0,0,244
496,1045,0,0,254
497,1045,0,0,254
498,1045,0,0,254
499,1045,0,0,254
500,1045,0,0,254
501,1045,0,0,254
502,1045,0,0,254
503,1045,0,0,254
504,1045,3,6,255
505,1045,4,4,255
506,1045,15,0,254
859,1045,0,1,254
860,1045,0,2,255
861,1045,0,0,252
862,1045,1,1,255
863,1045,2,0,254
864,1045,0,0,254
865,1045,0,0,254
866,1045,0,0,254
867,1045,0,0,254
868,1045,0,0,254
869,1045,0,0,254
870,1045,0,0,254
871,1045,0,0,254
493,1046,6,5,255
494,1046,0,0,236
495,1046,6,5,255
496,1046,0,0,254
497,1046,0,0,254
498,1046,0,0,254
499,1046,0,0,254
500,1046,0,0,254
501,1046,0,0,254
502,1046,0,0,254
503,1046,0,0,254
504,1046,0,2,248
505,1046,0,1,252
506,1046,1,0,248
859,1046,0,1,254
860,1046,0,2,255
861,1046,0,0,252
862,1046,1,1,255
863,1046,2,0,254
864,1046,0,0,254
865,1046,0,0,254
866,1046,0,0,254
867,1046,0,0,254
868,1046,0,0,254
869,1046,0,0,254
870,1046,0,0,254
871,1046,0,0,254
493,1047,0,0,251
494,1047,0,0,249
495,1047,0,0,246
496,1047,0,0,254
497,1047,0,0,254
498,1047,0,0,254
499,1047,0,0,254
500,1047,0,0,254
501,1047,0,0,254
502,1047,0,0,254
503,1047,0,0,254
504,1047,0,3,254
505,1047,0,1,242
506,1047,0,0,246
859,1047,0,1,254
860,1047,0,2,255
861,1047,0,0,252
862,1047,1,1,255
863,1047,2,0,254
864,1047,0,0,254
865,1047,0,0,254
866,1047,0,0,254
867,1047,0,0,254
868,1047,0,0,254
869,1047,0,0,254
870,1047,0,0,254
871,1047,0,0,254
493,1048,4,0,254
494,1048,0,0,251
495,1048,0,3,251
496,1048,0,0,254
497,1048,0,0,254
498,1048,0,0,254
499,1048,0,0,254
500,1048,0,0,254
501,1048,0,0,254
502,1048,0,0,254
503,1048,0,0,254
504,1048,0,0,253
505,1048,0,0,252
506,1048,0,5,255
507,1048,0,0,250
859,1048,0,4,254
860,1048,3,0,248
861,1048,0,3,255
862,1048,0,1,251
863,1048,3,0,252
864,1048,2,1,255
865,1048,6,5,255
866,1048,0,0,237
867,1048,0,0,254
868,1048,2,3,254
869,1048,0,0,250
870,1048,1,1,255
871,1048,0,0,247
494,1049,8,5,255
495,1049,6,0,246
496,1049,0,0,254
497,1049,0,0,254
498,1049,0,0,254
499,1049,0,0,254
500,1049,0,0,254
501,1049,0,0,254
502,1049,0,0,254
503,1049,0,0,254
504,1049,0,0,252
505,1049,2,5,255
506,1049,0,3,255
507,1049,3,2,254
859,1049,0,3,255
860,1049,7,1,255
861,1049,0,3,255
862,1049,0,0,244
863,1049,7,0,251
864,1049,4,3,255
865,1049,0,0,248
866,1049,0,0,245
867,1049,6,6,255
868,1049,1,3,248
869,1049,0,0,253
870,1049,0,0,254
871,1049,0,0,254
494,1050,0,0,252
495,1050,0,0,252
496,1050,0,0,254
497,1050,0,0,254
498,1050,0,0,254
499,1050,0,0,254
500,1050,0,0,254
501,1050,0,0,254
502,1050,0,0,254
503,1050,0,0,254
504,1050,0,0,252
505,1050,0,2,253
506,1050,0,0,253
507,1050,0,0,249
858,1050,9,0,249
859,1050,0,0,248
860,1050,0,0,252
861,1050,1,6,255
862,1050,5,7,248
863,1050,2,0,252
864,1050,0,0,238
865,1050,0,0,247
866,1050,4,4,255
867,1050,0,0,254
868,1050,0,0,252
869,1050,2,2,255
870,1050,0,0,251
871,1050,0,2,245
494,1051,5,4,248
495,1051,0,1,252
496,1051,0,0,254
497,1051,0,0,254
498,1051,0,0,254
499,1051,0,0,254
500,1051,0,0,254
501,1051,0,0,254
502,1051,0,0,254
503,1051,0,0,254
504,1051,1,3,248
505,1051,2,2,255
506,1051,1,1,255
507,1051,7,4,255
858,1051,8,0,254
859,1051,1,4,255
860,1051,0,0,250
861,1051,0,4,255
862,1051,0,0,251
863,1051,0,0,251
864,1051,0,0,254
865,1051,4,4,255
866,1051,3,3,255
867,1051,4,3,255
868,1051,4,3,254
869,1051,2,4,239
870,1051,3,2,255
871,1051,6,5,255
495,1052,11,1,255
496,1052,0,0,254
497,1052,0,0,254
498,1052,0,0,254
499,1052,0,0,254
500,1052,0,0,254
501,1052,0,0,254
502,1052,0,0,254
503,1052,0,0,254
504,1052,0,0,253
505,1052,1,1,249
506,1052,0,0,250
507,1052,0,0,243
508,1052,7,0,252
858,1052,5,2,255
859,1052,0,0,253
860,1052,3,2,255
861,1052,0,0,241
862,1052,7,7,255
863,1052,0,0,254
864,1052,2,3,254
865,1052,0,0,248
866,1052,0,0,253
867,1052,6,5,255
868,1052,0,0,239
869,1052,3,2,255
870,1052,5,2,255
871,1052,0,0,249
495,1053,8,1,255
496,1053,0,0,254
497,1053,0,0,254
498,1053,0,0,254
499,1053,0,0,254
500,1053,0,0,254
501,1053,0,0,254
502,1053,0,0,254
503,1053,0,0,254
504,1053,0,3,255
505,1053,3,0,255
506,1053,3,0,253
507,1053,7,2,254
508,1053,1,0,253
858,1053,1,7,251
859,1053,2,5,255
860,1053,2,3,244
861,1053,0,0,253
862,1053,2,0,254
863,1053,0,1,254
864,1053,0,0,250
865,1053,0,0,251
866,1053,1,1,255
867,1053,0,0,238
868,1053,0,0,253
869,1053,0,0,247
870,1053,3,3,241
871,1053,7,1,255
495,1054,2,0,251
496,1054,0,0,254
497,1054,0,0,254
498,1054,0,0,254
499,1054,0,0,254
500,1054,0,0,254
501,1054,0,0,254
502,1054,0,0,254
503,1054,0,0,254
504,1054,0,4,255
505,1054,0,0,251
506,1054,0,0,250
507,1054,2,0,250
508,1054,0,3,255
858,1054,0,5,255
859,1054,1,1,255
860,1054,0,0,248
861,1054,0,0,245
862,1054,5,2,255
863,1054,0,0,251
864,1054,0,0,252
865,1054,0,0,250
866,1054,0,1,251
867,1054,6,5,255
868,1054,6,3,255
869,1054,3,3,239
870,1054,5,0,252
871,1054,0,0,250
496,1055,0,0,254
497,1055,0,0,254
498,1055,0,0,254
499,1055,0,0,254
500,1055,0,0,254
501,1055,0,0,254
502,1055,0,0,254
503,1055,0,0,254
504,1055,0,3,255
505,1055,6,3,255
506,1055,1,0,248
507,1055,7,0,254
508,1055,0,1,252
858,1055,0,1,250
859,1055,0,0,253
860,1055,2,3,253
861,1055,2,1,255
862,1055,0,0,251
863,1055,0,4,248
864,1055,0,0,252
865,1055,4,4,255
866,1055,0,0,240
867,1055,4,3,255
868,1055,0,0,251
869,1055,5,0,252
870,1055,3,0,253
496,1056,4,0,254
497,1056,0,3,252
498,1056,6,2,236
499,1056,1,2,252
500,1056,0,4,254
501,1056,6,3,255
502,1056,5,4,255
503,1056,0,0,252
504,1056,3,6,255
505,1056,0,3,245
506,1056,0,0,242
507,1056,0,0,252
508,1056,4,1,255
509,1056,7,5,254
858,1056,0,0,253
859,1056,1,1,255
860,1056,0,0,253
861,1056,0,0,254
862,1056,0,1,252
863,1056,1,0,254
864,1056,0,0,251
865,1056,0,2,255
866,1056,2,0,254
867,1056,0,0,253
868,1056,1,1,255
869,1056,0,2,254
870,1056,1,0,254
496,1057,10,2,246
497,1057,0,2,255
498,1057,4,0,253
499,1057,0,0,251
500,1057,0,3,237
501,1057,7,4,255
502,1057,0,0,246
503,1057,0,4,240
504,1057,0,0,249
505,1057,0,2,255
506,1057,0,0,252
507,1057,0,0,246
508,1057,5,4,255
509,1057,0,0,239
858,1057,0,0,253
859,1057,1,1,255
860,1057,0,0,253
861,1057,0,0,254
862,1057,0,1,252
863,1057,1,0,254
864,1057,0,0,251
865,1057,0,2,255
866,1057,2,0,254
867,1057,0,0,253
868,1057,1,1,255
869,1057,0,2,254
870,1057,1,0,254
496,1058,6,0,249
497,1058,0,1,254
498,1058,5,2,243
499,1058,3,3,255
500,1058,0,7,255
501,1058,0,0,244
502,1058,0,0,254
503,1058,0,0,253
504,1058,0,0,253
505,1058,2,5,255
506,1058,4,3,255
507,1058,4,7,236
508,1058,0,0,252
509,1058,4,1,255
858,1058,0,0,253
859,1058,1,1,255
860,1058,0,0,253
861,1058,0,0,254
862,1058,0,1,252
863,1058,1,0,254
864,1058,0,0,251
865,1058,0,2,255
866,1058,2,0,254
867,1058,0,0,253
868,1058,1,1,255
869,1058,0,2,254
870,1058,1,0,254
497,1059,0,0,254
498,1059,0,0,248
499,1059,3,3,255
500,1059,0,2,251
501,1059,0,0,243
502,1059,5,5,255
503,1059,5,5,255
504,1059,2,2,248
505,1059,0,0,249
506,1059,0,0,246
507,1059,2,2,248
508,1059,2,1,255
509,1059,4,0,254
858,1059,0,0,253
859,1059,1,1,255
860,1059,0,0,253
861,1059,0,0,254
862,1059,0,1,252
863,1059,1,0,254
864,1059,0,0,251
865,1059,0,2,255
866,1059,2,0,254
867,1059,0,0,253
868,1059,1,1,255
869,1059,0,2,254
870,1059,1,0,254
497,1060,0,0,253
498,1060,2,4,245
499,1060,0,0,249
500,1060,0,0,253
501,1060,0,1,242
502,1060,0,3,255
503,1060,0,0,250
504,1060,0,0,252
505,1060,0,2,251
506,1060,0,4,253
507,1060,1,0,251
508,1060,0,0,252
509,1060,7,1,255
858,1060,0,0,253
859,1060,1,1,255
860,1060,0,0,253
861,1060,0,0,254
862,1060,0,1,252
863,1060,1,0,254
864,1060,0,0,251
865,1060,0,2,255
866,1060,2,0,254
867,1060,0,0,253
868,1060,1,1,255
869,1060,0,2,254
870,1060,1,0,254
497,1061,2,3,243
498,1061,0,0,249
499,1061,5,4,255
500,1061,2,2,255
501,1061,3,2,255
502,1061,0,0,246
503,1061,5,5,249
504,1061,4,3,247
505,1061,0,0,247
506,1061,0,4,255
507,1061,5,4,255
508,1061,0,0,248
509,1061,7,1,255
510,1061,4,0,254
858,1061,0,0,253
859,1061,1,1,255
860,1061,0,0,253
861,1061,0,0,254
862,1061,0,1,252
863,1061,1,0,254
864,1061,0,0,251
865,1061,0,2,255
866,1061,2,0,254
867,1061,0,0,253
868,1061,1,1,255
869,1061,0,2,254
870,1061,1,0,254
497,1062,0,0,243
498,1062,0,0,249
499,1062,2,1,253
500,1062,0,0,246
501,1062,5,4,255
502,1062,0,0,249
503,1062,0,0,248
504,1062,3,0,253
505,1062,1,5,254
506,1062,0,0,247
507,1062,3,2,243
508,1062,0,0,253
509,1062,0,0,245
510,1062,0,5,241
858,1062,0,0,253
859,1062,1,1,255
860,1062,0,0,253
861,1062,0,0,254
862,1062,0,1,252
863,1062,1,0,254
864,1062,0,0,251
865,1062,0,2,255
866,1062,2,0,254
867,1062,0,0,253
868,1062,1,1,255
869,1062,0,2,254
870,1062,1,0,254
497,1063,4,3,255
498,1063,0,3,255
499,1063,0,0,239
500,1063,5,5,251
501,1063,3,2,255
502,1063,0,0,251
503,1063,8,5,255
504,1063,7,1,255
505,1063,1,4,255
506,1063,0,1,252
507,1063,2,0,254
508,1063,10,10,255
509,1063,0,0,245
510,1063,0,3,255
858,1063,0,0,253
859,1063,1,1,255
860,1063,0,0,253
861,1063,0,0,254
862,1063,0,1,252
863,1063,1,0,254
864,1063,0,0,251
865,1063,0,2,255
866,1063,2,0,254
867,1063,0,0,253
868,1063,1,1,255
869,1063,0,2,254
870,1063,1,0,254
498,1064,0,2,251
499,1064,0,0,246
500,1064,2,0,254
501,1064,1,0,253
502,1064,0,0,250
503,1064,0,3,234
504,1064,0,3,251
505,1064,0,3,255
506,1064,0,0,253
507,1064,0,1,254
508,1064,0,0,242
509,1064,4,3,255
510,1064,9,0,252
858,1064,0,0,253
859,1064,1,1,255
860,1064,0,0,253
861,1064,0,0,254
862,1064,0,1,252
863,1064,1,0,254
864,1064,0,0,251
865,1064,0,2,255
866,1064,2,0,254
867,1064,0,0,253
868,1064,1,1,255
869,1064,0,2,254
870,1064,1,0,254
498,1065,0,5,255
499,1065,4,3,247
500,1065,9,6,255
501,1065,0,0,252
502,1065,5,10,255
503,1065,0,0,252
504,1065,0,2,244
505,1065,0,0,250
506,1065,6,6,255
507,1065,0,0,242
508,1065,0,5,255
509,1065,3,2,255
510,1065,8,0,246
858,1065,0,0,253
859,1065,1,1,255
860,1065,0,0,253
861,1065,0,0,254
862,1065,0,1,252
863,1065,1,0,254
864,1065,0,0,251
865,1065,0,2,255
866,1065,2,0,254
867,1065,0,0,253
868,1065,1,1,255
869,1065,0,2,254
870,1065,1,0,254
498,1066,1,0,254
499,1066,5,4,255
500,1066,2,0,254
501,1066,0,0,250
502,1066,0,1,252
503,1066,0,3,255
504,1066,4,3,255
505,1066,5,2,255
506,1066,0,0,252
507,1066,0,0,247
508,1066,0,0,252
509,1066,0,3,235
510,1066,1,0,250
511,1066,15,0,255
858,1066,0,0,253
859,1066,1,1,255
860,1066,0,0,253
861,1066,0,0,254
862,1066,0,1,252
863,1066,1,0,254
864,1066,0,0,251
865,1066,0,2,255
866,1066,2,0,254
867,1066,0,0,253
868,1066,1,1,255
869,1066,0,2,254
870,1066,1,0,254
498,1067,11,0,255
499,1067,0,0,250
500,1067,3,2,255
501,1067,7,1,255
502,1067,1,6,245
503,1067,0,1,253
504,1067,5,0,255
505,1067,0,0,243
506,1067,0,0,250
507,1067,0,0,248
508,1067,2,5,255
509,1067,2,6,253
510,1067,1,0,252
511,1067,5,0,255
858,1067,0,0,253
859,1067,1,1,255
860,1067,0,0,253
861,1067,0,0,254
862,1067,0,1,252
863,1067,1,0,254
864,1067,0,0,251
865,1067,0,2,255
866,1067,2,0,254
867,1067,0,0,253
868,1067,1,1,255
869,1067,0,2,254
870,1067,1,0,254
498,1068,15,0,247
499,1068,0,6,252
500,1068,0,0,249
501,1068,3,0,253
502,1068,0,0,240
503,1068,0,3,249
504,1068,7,1,255
505,1068,3,1,250
506,1068,2,2,255
507,1068,0,5,247
508,1068,0,1,240
509,1068,0,0,253
510,1068,3,3,255
511,1068,0,0,254
858,1068,0,0,253
859,1068,1,1,255
860,1068,0,0,253
861,1068,0,0,254
862,1068,0,1,252
863,1068,1,0,254
864,1068,0,0,251
865,1068,0,2,255
866,1068,2,0,254
867,1068,0,0,253
868,1068,1,1,255
869,1068,0,2,254
870,1068,1,0,254
499,1069,1,8,255
500,1069,1,1,255
501,1069,8,2,255
502,1069,0,0,247
503,1069,0,5,247
504,1069,5,0,255
505,1069,1,1,247
506,1069,0,1,254
507,1069,0,2,251
508,1069,0,0,251
509,1069,4,3,255
510,1069,3,5,250
511,1069,0,0,252
858,1069,0,0,253
859,1069,1,1,255
860,1069,0,0,253
861,1069,0,0,254
862,1069,0,1,252
863,1069,1,0,254
864,1069,0,0,251
865,1069,0,2,255
866,1069,2,0,254
867,1069,0,0,253
868,1069,1,1,255
869,1069,0,2,254
870,1069,1,0,254
499,1070,0,5,243
500,1070,0,0,249
501,1070,0,0,244
502,1070,9,8,255
503,1070,0,0,252
504,1070,2,1,255
505,1070,0,0,245
506,1070,0,0,251
507,1070,0,3,255
508,1070,5,6,246
509,1070,0,0,248
510,1070,3,3,255
511,1070,0,2,254
512,1070,6,0,251
858,1070,0,0,253
859,1070,1,1,255
860,1070,0,0,253
861,1070,0,0,254
862,1070,0,1,252
863,1070,1,0,254
864,1070,0,0,251
865,1070,0,2,255
866,1070,2,0,254
867,1070,0,0,253
868,1070,1,1,255
869,1070,0,2,254
870,1070,1,0,254
499,1071,0,2,252
500,1071,0,0,252
501,1071,3,0,245
502,1071,8,7,255
503,1071,0,0,248
504,1071,0,1,244
505,1071,0,2,254
506,1071,0,7,255
507,1071,0,0,249
508,1071,4,1,255
509,1071,0,0,248
510,1071,0,2,237
511,1071,0,0,252
512,1071,0,0,252
513,1071,10,0,255
858,1071,0,0,253
859,1071,1,1,255
860,1071,0,0,253
861,1071,0,0,254
862,1071,0,1,252
863,1071,1,0,254
864,1071,0,0,251
865,1071,0,2,255
866,1071,2,0,254
867,1071,0,0,253
868,1071,1,1,255
869,1071,0,2,254
870,1071,1,0,254
499,1072,6,0,255
500,1072,0,0,248
501,1072,10,0,255
502,1072,0,4,255
503,1072,1,4,255
504,1072,0,0,254
505,1072,0,0,254
506,1072,0,0,254
507,1072,0,0,254
508,1072,0,0,254
509,1072,0,0,254
510,1072,0,0,254
511,1072,0,0,254
512,1072,2,0,254
513,1072,0,0,243
514,1072,0,0,253
858,1072,0,0,253
859,1072,1,1,255
860,1072,0,0,253
861,1072,0,0,254
862,1072,0,1,252
863,1072,1,0,254
864,1072,0,0,251
865,1072,0,2,255
866,1072,2,0,254
867,1072,0,0,253
868,1072,1,1,255
869,1072,0,2,254
870,1072,1,0,254
499,1073,10,3,239
500,1073,5,0,252
501,1073,0,3,255
502,1073,1,0,251
503,1073,0,1,253
504,1073,0,0,254
505,1073,0,0,254
506,1073,0,0,254
507,1073,0,0,254
508,1073,0,0,254
509,1073,0,0,254
510,1073,0,0,254
511,1073,0,0,254
512,1073,7,4,255
513,1073,0,3,238
514,1073,0,0,254
515,1073,0,0,252
858,1073,0,0,253
859,1073,1,1,255
860,1073,0,0,253
861,1073,0,0,254
862,1073,0,1,252
863,1073,1,0,254
864,1073,0,0,251
865,1073,0,2,255
866,1073,2,0,254
867,1073,0,0,253
868,1073,1,1,255
869,1073,0,2,254
870,1073,1,0,254
500,1074,0,1,244
501,1074,0,4,255
502,1074,0,0,246
503,1074,0,0,243
504,1074,0,0,254
505,1074,0,0,254
506,1074,0,0,254
507,1074,0,0,254
508,1074,0,0,254
509,1074,0,0,254
510,1074,0,0,254
511,1074,0,0,254
512,1074,0,0,235
513,1074,0,0,253
514,1074,0,0,247
515,1074,4,1,255
858,1074,0,0,253
859,1074,1,1,255
860,1074,0,0,253
861,1074,0,0,254
862,1074,0,1,252
863,1074,1,0,254
864,1074,0,0,251
865,1074,0,2,255
866,1074,2,0,254
867,1074,0,0,253
868,1074,1,1,255
869,1074,0,2,254
870,1074,1,0,254
500,1075,9,1,255
501,1075,8,8,255
502,1075,0,1,253
503,1075,9,8,249
504,1075,0,0,254
505,1075,0,0,254
506,1075,0,0,254
507,1075,0,0,254
508,1075,0,0,254
509,1075,0,0,254
510,1075,0,0,254
511,1075,0,0,254
512,1075,4,3,255
513,1075,3,3,255
514,1075,0,0,241
515,1075,0,0,246
858,1075,0,0,253
859,1075,1,1,255
860,1075,0,0,253
861,1075,0,0,254
862,1075,0,1,252
863,1075,1,0,254
864,1075,0,0,251
865,1075,0,2,255
866,1075,2,0,254
867,1075,0,0,253
868,1075,1,1,255
869,1075,0,2,254
870,1075,1,0,254
501,1076,1,1,255
502,1076,0,0,249
503,1076,2,0,252
504,1076,0,0,254
505,1076,0,0,254
506,1076,0,0,254
507,1076,0,0,254
508,1076,0,0,254
509,1076,0,0,254
510,1076,0,0,254
511,1076,0,0,254
512,1076,2,1,255
513,1076,0,1,252
514,1076,3,6,255
515,1076,6,5,255
858,1076,0,0,253
859,1076,1,1,255
860,1076,0,0,253
861,1076,0,0,254
862,1076,0,1,252
863,1076,1,0,254
864,1076,0,0,251
865,1076,0,2,255
866,1076,2,0,254
867,1076,0,0,253
868,1076,1,1,255
869,1076,0,2,254
870,1076,1,0,254
501,1077,13,0,251
502,1077,2,6,251
503,1077,5,0,254
504,1077,0,0,254
505,1077,0,0,254
506,1077,0,0,254
507,1077,0,0,254
508,1077,0,0,254
509,1077,0,0,254
510,1077,0,0,254
511,1077,0,0,254
512,1077,0,0,250
513,1077,2,5,255
514,1077,0,0,247
515,1077,0,2,231
858,1077,0,0,253
859,1077,1,1,255
860,1077,0,0,253
861,1077,0,0,254
862,1077,0,1,252
863,1077,1,0,254
864,1077,0,0,251
865,1077,0,2,255
866,1077,2,0,254
867,1077,0,0,253
868,1077,1,1,255
869,1077,0,2,254
870,1077,1,0,254
502,1078,5,0,251
503,1078,0,0,254
504,1078,0,0,254
505,1078,0,0,254
506,1078,0,0,254
507,1078,0,0,254
508,1078,0,0,254
509,1078,0,0,254
510,1078,0,0,254
511,1078,0,0,254
512,1078,5,4,255
513,1078,0,0,249
514,1078,0,1,246
515,1078,3,2,255
858,1078,0,0,253
859,1078,1,1,255
860,1078,0,0,253
861,1078,0,0,254
862,1078,0,1,252
863,1078,1,0,254
864,1078,0,0,251
865,1078,0,2,255
866,1078,2,0,254
867,1078,0,0,253
868,1078,1,1,255
869,1078,0,2,254
870,1078,1,0,254
503,1079,0,7,246
504,1079,0,0,254
505,1079,0,0,254
506,1079,0,0,254
507,1079,0,0,254
508,1079,0,0,254
509,1079,0,0,254
510,1079,0,0,254
511,1079,0,0,254
512,1079,1,1,249
513,1079,0,0,245
514,1079,4,7,255
515,1079,0,0,250
858,1079,0,0,253
859,1079,1,1,255
860,1079,0,0,253
861,1079,0,0,254
862,1079,0,1,252
863,1079,1,0,254
864,1079,0,0,251
865,1079,0,2,255
866,1079,2,0,254
867,1079,0,0,253
868,1079,1,1,255
869,1079,0,2,254
870,1079,1,0,254
503,1080,0,1,254
504,1080,0,0,254
505,1080,0,0,254
506,1080,0,0,254
507,1080,0,0,254
508,1080,0,0,254
509,1080,0,0,254
510,1080,0,0,254
511,1080,0,0,254
512,1080,1,4,255
513,1080,0,0,248
514,1080,1,5,252
515,1080,0,0,251
516,1080,11,1,248
858,1080,0,0,253
859,1080,1,1,255
860,1080,0,0,253
861,1080,0,0,254
862,1080,0,1,252
863,1080,1,0,254
864,1080,0,0,251
865,1080,0,2,255
866,1080,2,0,254
867,1080,0,0,253
868,1080,1,1,255
869,1080,0,2,254
870,1080,1,0,254
503,1081,0,1,254
504,1081,0,0,254
505,1081,0,0,254
506,1081,0,0,254
507,1081,0,0,254
508,1081,0,0,254
509,1081,0,0,254
510,1081,0,0,254
511,1081,0,0,254
512,1081,0,0,250
513,1081,0,0,249
514,1081,0,0,253
515,1081,2,4,247
516,1081,4,0,253
517,1081,14,0,254
858,1081,0,0,253
859,1081,1,1,255
860,1081,0,0,253
861,1081,0,0,254
862,1081,0,1,252
863,1081,1,0,254
864,1081,0,0,251
865,1081,0,2,255
866,1081,2,0,254
867,1081,0,0,253
868,1081,1,1,255
869,1081,0,2,254
870,1081,1,0,254
503,1082,0,1,254
504,1082,0,0,254
505,1082,0,0,254
506,1082,0,0,254
507,1082,0,0,254
508,1082,0,0,254
509,1082,0,0,254
510,1082,0,0,254
511,1082,0,0,254
512,1082,3,3,255
513,1082,0,0,252
514,1082,0,1,254
515,1082,0,2,249
516,1082,5,2,255
517,1082,10,0,254
518,1082,13,0,250
858,1082,0,0,253
859,1082,1,1,255
860,1082,0,0,253
861,1082,0,0,254
862,1082,0,1,252
863,1082,1,0,254
864,1082,0,0,251
865,1082,0,2,255
866,1082,2,0,254
867,1082,0,0,253
868,1082,1,1,255
869,1082,0,2,254
870,1082,1,0,254
503,1083,0,1,254
504,1083,0,0,254
505,1083,0,0,254
506,1083,0,0,254
507,1083,0,0,254
508,1083,0,0,254
509,1083,0,0,254
510,1083,0,0,254
511,1083,0,0,254
512,1083,2,1,255
513,1083,2,4,247
514,1083,0,4,251
515,1083,0,0,253
516,1083,1,1,255
517,1083,5,2,255
518,1083,2,0,251
519,1083,12,2,246
858,1083,0,0,253
859,1083,1,1,255
860,1083,0,0,253
861,1083,0,0,254
862,1083,0,1,252
863,1083,1,0,254
864,1083,0,0,251
865,1083,0,2,255
866,1083,2,0,254
867,1083,0,0,253
868,1083,1,1,255
869,1083,0,2,254
870,1083,1,0,254
503,1084,0,1,254
504,1084,0,0,254
505,1084,0,0,254
506,1084,0,0,254
507,1084,0,0,254
508,1084,0,0,254
509,1084,0,0,254
510,1084,0,0,254
511,1084,0,0,254
512,1084,0,0,253
513,1084,3,5,248
514,1084,0,0,252
515,1084,0,0,238
516,1084,0,0,252
517,1084,0,3,250
518,1084,3,4,252
519,1084,0,0,250
858,1084,0,0,253
859,1084,1,1,255
860,1084,0,0,253
861,1084,0,0,254
862,1084,0,1,252
863,1084,1,0,254
864,1084,0,0,251
865,1084,0,2,255
866,1084,2,0,254
867,1084,0,0,253
868,1084,1,1,255
869,1084,0,2,254
870,1084,1,0,254
503,1085,0,1,254
504,1085,0,0,254
505,1085,0,0,254
506,1085,0,0,254
507,1085,0,0,254
508,1085,0,0,254
509,1085,0,0,254
510,1085,0,0,254
511,1085,0,0,254
512,1085,0,0,249
513,1085,0,0,249
514,1085,1,2,252
515,1085,0,2,255
516,1085,0,3,250
517,1085,0,1,254
518,1085,0,2,255
519,1085,0,2,253
858,1085,0,0,253
859,1085,1,1,255
860,1085,0,0,253
861,1085,0,0,254
862,1085,0,1,252
863,1085,1,0,254
864,1085,0,0,251
865,1085,0,2,255
866,1085,2,0,254
867,1085,0,0,253
868,1085,1,1,255
869,1085,0,2,254
870,1085,1,0,254
503,1086,0,1,254
504,1086,0,0,254
505,1086,0,0,254
506,1086,0,0,254
507,1086,0,0,254
508,1086,0,0,254
509,1086,0,0,254
510,1086,0,0,254
511,1086,0,0,254
512,1086,1,2,252
513,1086,6,6,255
514,1086,1,0,254
515,1086,2,4,247
516,1086,1,3,246
517,1086,0,0,251
518,1086,0,0,249
519,1086,0,1,250
858,1086,0,0,253
859,1086,1,1,255
860,1086,0,0,253
861,1086,0,0,254
862,1086,0,1,252
863,1086,1,0,254
864,1086,0,0,251
865,1086,0,2,255
866,1086,2,0,254
867,1086,0,0,253
868,1086,1,1,255
869,1086,0,2,254
870,1086,1,0,254
503,1087,0,1,254
504,1087,0,0,254
505,1087,0,0,254
506,1087,0,0,254
507,1087,0,0,254
508,1087,0,0,254
509,1087,0,0,254
510,1087,0,0,254
511,1087,0,0,254
512,1087,0,0,254
513,1087,1,2,253
514,1087,0,0,251
515,1087,0,0,252
516,1087,4,3,255
517,1087,4,3,254
518,1087,0,0,250
519,1087,3,3,255
858,1087,0,0,253
859,1087,1,1,255
860,1087,0,0,253
861,1087,0,0,254
862,1087,0,1,252
863,1087,1,0,254
864,1087,0,0,251
865,1087,0,2,255
866,1087,2,0,254
867,1087,0,0,253
868,1087,1,1,255
869,1087,0,2,254
870,1087,1,0,254
503,1088,25,0,254
504,1088,2,3,254
505,1088,0,2,254
506,1088,0,4,254
507,1088,2,0,254
508,1088,3,0,252
509,1088,3,1,234
510,1088,0,3,255
511,1088,0,0,252
512,1088,0,0,254
513,1088,0,0,254
514,1088,0,0,254
515,1088,0,0,254
516,1088,0,0,254
517,1088,0,0,254
518,1088,0,0,254
519,1088,0,0,254
858,1088,0,0,253
859,1088,1,1,255
860,1088,0,0,253
861,1088,0,0,254
862,1088,0,1,252
863,1088,1,0,254
864,1088,0,0,251
865,1088,0,2,255
866,1088,2,0,254
867,1088,0,0,253
868,1088,1,1,255
869,1088,0,2,254
870,1088,1,0,254
504,1089,5,0,252
505,1089,0,0,251
506,1089,0,2,252
507,1089,0,0,236
508,1089,11,8,255
509,1089,6,3,255
510,1089,0,3,255
511,1089,0,0,237
512,1089,0,0,254
513,1089,0,0,254
514,1089,0,0,254
515,1089,0,0,254
516,1089,0,0,254
517,1089,0,0,254
518,1089,0,0,254
519,1089,0,0,254
858,1089,0,0,253
859,1089,1,1,255
860,1089,0,0,253
861,1089,0,0,254
862,1089,0,1,252
863,1089,1,0,254
864,1089,0,0,251
865,1089,0,2,255
866,1089,2,0,254
867,1089,0,0,253
868,1089,1,1,255
869,1089,0,2,254
870,1089,1,0,254
505,1090,8,0,236
506,1090,12,6,252
507,1090,0,0,252
508,1090,0,0,251
509,1090,0,0,253
510,1090,1,0,254
511,1090,4,4,255
512,1090,0,0,254
513,1090,0,0,254
514,1090,0,0,254
515,1090,0,0,254
516,1090,0,0,254
517,1090,0,0,254
518,1090,0,0,254
519,1090,0,0,254
520,1090,6,0,250
858,1090,0,0,253
859,1090,1,1,255
860,1090,0,0,253
861,1090,0,0,254
862,1090,0,1,252
863,1090,1,0,254
864,1090,0,0,251
865,1090,0,2,255
866,1090,2,0,254
867,1090,0,0,253
868,1090,1,1,255
869,1090,0,2,254
870,1090,1,0,254
506,1091,14,0,254
507,1091,0,2,244
508,1091,1,4,255
509,1091,0,1,254
510,1091,0,0,238
511,1091,5,4,255
512,1091,0,0,254
513,1091,0,0,254
514,1091,0,0,254
515,1091,0,0,254
516,1091,0,0,254
517,1091,0,0,254
518,1091,0,0,254
519,1091,0,0,254
520,1091,0,3,255
521,1091,10,0,249
858,1091,0,0,253
859,1091,1,1,255
860,1091,0,0,253
861,1091,0,0,254
862,1091,0,1,252
863,1091,1,0,254
864,1091,0,0,251
865,1091,0,2,255
866,1091,2,0,254
867,1091,0,0,253
868,1091,1,1,255
869,1091,0,2,254
870,1091,1,0,254
507,1092,0,0,251
508,1092,0,2,255
509,1092,0,1,247
510,1092,10,0,255
511,1092,1,1,249
512,1092,0,0,254
513,1092,0,0,254
514,1092,0,0,254
515,1092,0,0,254
516,1092,0,0,254
517,1092,0,0,254
518,1092,0,0,254
519,1092,0,0,254
520,1092,0,1,247
521,1092,2,3,243
522,1092,16,0,255
858,1092,0,0,253
859,1092,1,1,255
860,1092,0,0,253
861,1092,0,0,254
862,1092,0,1,252
863,1092,1,0,254
864,1092,0,0,251
865,1092,0,2,255
866,1092,2,0,254
867,1092,0,0,253
868,1092,1,1,255
869,1092,0,2,254
870,1092,1,0,254
507,1093,0,2,255
508,1093,1,3,244
509,1093,1,8,255
510,1093,8,0,255
511,1093,0,0,252
512,1093,0,0,254
513,1093,0,0,254
514,1093,0,0,254
515,1093,0,0,254
516,1093,0,0,254
517,1093,0,0,254
518,1093,0,0,254
519,1093,0,0,254
520,1093,0,3,255
521,1093,0,3,255
522,1093,1,0,239
858,1093,0,0,253
859,1093,1,1,255
860,1093,0,0,253
861,1093,0,0,254
862,1093,0,1,252
863,1093,1,0,254
864,1093,0,0,251
865,1093,0,2,255
866,1093,2,0,254
867,1093,0,0,253
868,1093,1,1,255
869,1093,0,2,254
870,1093,1,0,254
507,1094,0,0,238
508,1094,5,4,255
509,1094,0,3,238
510,1094,5,0,251
511,1094,0,0,250
512,1094,0,0,254
513,1094,0,0,254
514,1094,0,0,254
515,1094,0,0,254
516,1094,0,0,254
517,1094,0,0,254
518,1094,0,0,254
519,1094,0,0,254
520,1094,6,6,254
521,1094,0,0,250
522,1094,5,8,255
523,1094,9,0,254
858,1094,0,0,253
859,1094,1,1,255
860,1094,0,0,253
861,1094,0,0,254
862,1094,0,1,252
863,1094,1,0,254
864,1094,0,0,251
865,1094,0,2,255
866,1094,2,0,254
867,1094,0,0,253
868,1094,1,1,255
869,1094,0,2,254
870,1094,1,0,254
507,1095,3,4,255
508,1095,1,0,253
509,1095,0,6,254
510,1095,10,0,254
511,1095,0,3,254
512,1095,0,0,254
513,1095,0,0,254
514,1095,0,0,254
515,1095,0,0,254
516,1095,0,0,254
517,1095,0,0,254
518,1095,0,0,254
519,1095,0,0,254
520,1095,0,0,249
521,1095,0,0,251
522,1095,0,0,245
523,1095,0,0,250
858,1095,0,0,253
859,1095,1,1,255
860,1095,0,0,253
861,1095,0,0,254
862,1095,0,1,252
863,1095,1,0,254
864,1095,0,0,251
865,1095,0,2,255
866,1095,2,0,254
867,1095,0,0,253
868,1095,1,1,255
869,1095,0,2,254
870,1095,1,0,254
507,1096,0,0,250
508,1096,1,9,242
509,1096,5,0,250
510,1096,0,0,251
511,1096,0,5,253
512,1096,0,0,254
513,1096,0,0,254
514,1096,0,0,254
515,1096,0,0,254
516,1096,0,0,254
517,1096,0,0,254
518,1096,0,0,254
519,1096,0,0,254
520,1096,0,0,253
521,1096,0,0,252
522,1096,0,5,255
523,1096,0,0,250
858,1096,11,0,254
859,1096,8,2,255
860,1096,0,0,247
861,1096,0,2,251
862,1096,0,3,255
863,1096,0,0,250
864,1096,0,0,251
865,1096,0,2,255
866,1096,2,0,254
867,1096,0,0,253
868,1096,1,1,255
869,1096,0,2,254
870,1096,1,0,254
507,1097,1,0,240
508,1097,0,5,255
509,1097,4,0,249
510,1097,1,4,255
511,1097,0,0,251
512,1097,0,0,254
513,1097,0,0,254
514,1097,0,0,254
515,1097,0,0,254
516,1097,0,0,254
517,1097,0,0,254
518,1097,0,0,254
519,1097,0,0,254
520,1097,0,0,252
521,1097,2,5,255
522,1097,0,3,255
523,1097,3,2,254
856,1097,6,0,249
857,1097,10,0,248
858,1097,1,0,250
859,1097,3,2,255
860,1097,1,1,255
861,1097,0,3,240
862,1097,3,3,255
863,1097,3,5,240
864,1097,0,0,251
865,1097,0,2,255
866,1097,2,0,254
867,1097,0,0,253
868,1097,1,1,255
869,1097,0,2,254
870,1097,1,0,254
507,1098,12,0,255
508,1098,0,0,244
509,1098,1,5,250
510,1098,3,6,255
511,1098,4,0,239
512,1098,0,0,254
513,1098,0,0,254
514,1098,0,0,254
515,1098,0,0,254
516,1098,0,0,254
517,1098,0,0,254
518,1098,0,0,254
519,1098,0,0,254
520,1098,0,0,252
521,1098,0,2,253
522,1098,0,0,253
523,1098,0,0,249
855,1098,9,0,252
856,1098,3,3,247
857,1098,4,4,255
858,1098,0,5,235
859,1098,0,2,247
860,1098,2,2,255
861,1098,5,4,255
862,1098,0,0,246
863,1098,2,0,251
864,1098,0,0,251
865,1098,0,2,255
866,1098,2,0,254
867,1098,0,0,253
868,1098,1,1,255
869,1098,0,2,254
870,1098,1,0,254
508,1099,6,0,246
509,1099,0,0,250
510,1099,0,0,251
511,1099,16,4,255
512,1099,0,0,254
513,1099,0,0,254
514,1099,0,0,254
515,1099,0,0,254
516,1099,0,0,254
517,1099,0,0,254
518,1099,0,0,254
519,1099,0,0,254
520,1099,1,3,248
521,1099,2,2,255
522,1099,1,1,255
523,1099,7,4,255
855,1099,8,0,255
856,1099,0,3,241
857,1099,0,3,253
858,1099,0,1,253
859,1099,0,1,254
860,1099,0,5,245
861,1099,0,0,253
862,1099,4,3,247
863,1099,3,0,255
864,1099,0,0,251
865,1099,0,2,255
866,1099,2,0,254
867,1099,0,0,253
868,1099,1,1,255
869,1099,0,2,254
870,1099,1,0,254
509,1100,4,0,253
510,1100,3,0,255
511,1100,4,3,247
512,1100,0,0,254
513,1100,0,0,254
514,1100,0,0,254
515,1100,0,0,254
516,1100,0,0,254
517,1100,0,0,254
518,1100,0,0,254
519,1100,0,0,254
520,1100,0,0,253
521,1100,1,1,249
522,1100,0,0,250
523,1100,0,0,243
524,1100,7,0,252
854,1100,11,0,255
855,1100,0,0,246
856,1100,0,2,255
857,1100,0,0,245
858,1100,0,3,255
859,1100,0,0,250
860,1100,0,4,244
861,1100,0,0,244
862,1100,1,6,255
863,1100,0,0,250
864,1100,0,0,251
865,1100,0,2,255
866,1100,2,0,254
867,1100,0,0,253
868,1100,1,1,255
869,1100,0,2,254
870,1100,1,0,254
510,1101,12,0,255
511,1101,0,0,252
512,1101,0,0,254
513,1101,0,0,254
514,1101,0,0,254
515,1101,0,0,254
516,1101,0,0,254
517,1101,0,0,254
518,1101,0,0,254
519,1101,0,0,254
520,1101,0,3,255
521,1101,3,0,255
522,1101,3,0,253
523,1101,7,2,254
524,1101,1,0,253
854,1101,1,0,239
855,1101,5,5,255
856,1101,0,0,252
857,1101,4,3,255
858,1101,1,0,254
859,1101,0,0,252
860,1101,3,3,255
861,1101,0,2,254
862,1101,0,1,253
863,1101,0,6,253
864,1101,0,0,251
865,1101,0,2,255
866,1101,2,0,254
867,1101,0,0,253
868,1101,1,1,255
869,1101,0,2,254
870,1101,1,0,254
511,1102,0,0,252
512,1102,0,0,254
513,1102,0,0,254
514,1102,0,0,254
515,1102,0,0,254
516,1102,0,0,254
517,1102,0,0,254
518,1102,0,0,254
519,1102,0,0,254
520,1102,0,4,255
521,1102,0,0,251
522,1102,0,0,250
523,1102,2,0,250
524,1102,0,3,255
854,1102,0,0,250
855,1102,0,0,253
856,1102,4,7,255
857,1102,0,0,246
858,1102,2,0,254
859,1102,0,0,235
860,1102,1,0,251
861,1102,4,3,255
862,1102,0,2,249
863,1102,0,1,253
864,1102,0,0,251
865,1102,0,2,255
866,1102,2,0,254
867,1102,0,0,253
868,1102,1,1,255
869,1102,0,2,254
870,1102,1,0,254
511,1103,1,0,253
512,1103,0,0,254
513,1103,0,0,254
514,1103,0,0,254
515,1103,0,0,254
516,1103,0,0,254
517,1103,0,0,254
518,1103,0,0,254
519,1103,0,0,254
520,1103,0,3,255
521,1103,6,3,255
522,1103,1,0,248
523,1103,7,0,254
524,1103,0,1,252
854,1103,0,0,245
855,1103,0,0,254
856,1103,0,0,248
857,1103,2,6,251
858,1103,2,1,253
859,1103,7,1,255
860,1103,8,0,255
861,1103,5,0,255
862,1103,0,0,252
863,1103,1,3,246
864,1103,0,0,251
865,1103,0,2,255
866,1103,2,0,254
867,1103,0,0,253
868,1103,1,1,255
869,1103,0,2,254
870,1103,1,0,254
512,1104,0,7,248
513,1104,0,0,240
514,1104,0,3,255
515,1104,0,3,249
516,1104,4,3,255
517,1104,0,0,244
518,1104,2,7,255
519,1104,7,1,255
520,1104,0,1,253
521,1104,6,0,253
522,1104,0,0,251
523,1104,2,3,254
524,1104,0,4,255
525,1104,2,2,255
854,1104,0,0,251
855,1104,0,0,254
856,1104,0,0,254
857,1104,0,0,254
858,1104,0,0,254
859,1104,0,0,254
860,1104,0,0,254
861,1104,0,0,254
862,1104,0,0,254
863,1104,0,0,254
864,1104,0,0,250
865,1104,4,4,255
866,1104,0,0,243
867,1104,0,0,251
868,1104,2,1,255
869,1104,0,5,255
870,1104,10,0,243
512,1105,1,0,253
513,1105,0,0,252
514,1105,0,0,253
515,1105,0,4,255
516,1105,1,0,254
517,1105,0,0,243
518,1105,0,3,243
519,1105,2,0,250
520,1105,0,5,255
521,1105,11,4,255
522,1105,0,0,250
523,1105,3,4,255
524,1105,0,0,251
525,1105,0,0,243
854,1105,0,0,251
855,1105,0,0,254
856,1105,0,0,254
857,1105,0,0,254
858,1105,0,0,254
859,1105,0,0,254
860,1105,0,0,254
861,1105,0,0,254
862,1105,0,0,254
863,1105,0,0,254
864,1105,0,0,246
865,1105,6,5,255
866,1105,0,9,249
867,1105,0,0,252
868,1105,4,4,255
869,1105,0,0,251
512,1106,16,0,255
513,1106,0,0,250
514,1106,3,8,255
515,1106,7,2,254
516,1106,4,4,255
517,1106,0,5,255
518,1106,0,0,251
519,1106,1,0,253
520,1106,0,2,253
521,1106,1,0,244
522,1106,1,0,254
523,1106,0,0,253
524,1106,0,1,247
525,1106,8,8,255
854,1106,0,0,251
855,1106,0,0,254
856,1106,0,0,254
857,1106,0,0,254
858,1106,0,0,254
859,1106,0,0,254
860,1106,0,0,254
861,1106,0,0,254
862,1106,0,0,254
863,1106,0,0,254
864,1106,11,5,255
865,1106,0,0,249
866,1106,0,3,237
867,1106,5,2,255
868,1106,6,0,255
869,1106,4,0,249
513,1107,0,2,254
514,1107,0,1,253
515,1107,10,0,255
516,1107,0,0,247
517,1107,0,1,253
518,1107,6,5,255
519,1107,0,0,244
520,1107,0,2,253
521,1107,0,0,249
522,1107,4,3,255
523,1107,1,1,255
524,1107,0,3,245
525,1107,0,0,251
526,1107,21,0,255
854,1107,0,0,251
855,1107,0,0,254
856,1107,0,0,254
857,1107,0,0,254
858,1107,0,0,254
859,1107,0,0,254
860,1107,0,0,254
861,1107,0,0,254
862,1107,0,0,254
863,1107,0,0,254
864,1107,1,0,254
865,1107,3,2,246
866,1107,0,5,255
867,1107,7,0,250
868,1107,21,0,255
513,1108,4,3,255
514,1108,0,3,249
515,1108,6,0,241
516,1108,4,4,252
517,1108,0,0,241
518,1108,5,4,255
519,1108,6,5,255
520,1108,0,0,253
521,1108,0,2,247
522,1108,2,0,254
523,1108,0,0,254
524,1108,0,1,252
525,1108,0,0,252
526,1108,8,0,254
854,1108,0,0,251
855,1108,0,0,254
856,1108,0,0,254
857,1108,0,0,254
858,1108,0,0,254
859,1108,0,0,254
860,1108,0,0,254
861,1108,0,0,254
862,1108,0,0,254
863,1108,0,0,254
864,1108,0,5,255
865,1108,3,0,255
866,1108,0,0,231
513,1109,11,0,255
514,1109,0,0,250
515,1109,7,4,255
516,1109,4,2,251
517,1109,0,0,246
518,1109,0,0,236
519,1109,3,3,255
520,1109,0,0,252
521,1109,3,6,255
522,1109,2,0,254
523,1109,0,0,252
524,1109,0,0,240
525,1109,11,5,255
526,1109,0,0,231
527,1109,12,0,255
854,1109,0,0,251
855,1109,0,0,254
856,1109,0,0,254
857,1109,0,0,254
858,1109,0,0,254
859,1109,0,0,254
860,1109,0,0,254
861,1109,0,0,254
862,1109,0,0,254
863,1109,0,0,254
864,1109,0,2,252
865,1109,5,2,255
866,1109,1,2,243
514,1110,1,0,253
515,1110,0,0,250
516,1110,0,0,236
517,1110,7,1,255
518,1110,1,5,252
519,1110,0,1,252
520,1110,3,3,255
521,1110,0,0,249
522,1110,5,0,255
523,1110,1,4,241
524,1110,2,2,255
525,1110,7,1,255
526,1110,0,0,252
527,1110,0,0,251
854,1110,0,0,251
855,1110,0,0,254
856,1110,0,0,254
857,1110,0,0,254
858,1110,0,0,254
859,1110,0,0,254
860,1110,0,0,254
861,1110,0,0,254
862,1110,0,0,254
863,1110,0,0,254
864,1110,0,4,247
865,1110,4,0,253
866,1110,3,5,248
514,1111,7,2,254
515,1111,0,6,243
516,1111,5,0,254
517,1111,7,0,245
518,1111,0,4,255
519,1111,0,0,253
520,1111,0,2,243
521,1111,0,3,255
522,1111,2,0,252
523,1111,1,1,255
524,1111,2,1,255
525,1111,5,0,247
526,1111,0,1,253
527,1111,1,1,255
528,1111,25,0,254
854,1111,0,0,251
855,1111,0,0,254
856,1111,0,0,254
857,1111,0,0,254
858,1111,0,0,254
859,1111,0,0,254
860,1111,0,0,254
861,1111,0,0,254
862,1111,0,0,254
863,1111,0,0,254
864,1111,1,0,254
865,1111,9,0,249
866,1111,0,1,253
514,1112,15,0,254
515,1112,0,2,251
516,1112,4,0,254
517,1112,8,0,254
518,1112,0,3,255
519,1112,0,3,249
520,1112,0,0,254
521,1112,0,0,254
522,1112,0,0,254
523,1112,0,0,254
524,1112,0,0,254
525,1112,0,0,254
526,1112,0,0,254
527,1112,0,0,254
528,1112,0,5,243
854,1112,0,0,251
855,1112,0,0,254
856,1112,0,0,254
857,1112,0,0,254
858,1112,0,0,254
859,1112,0,0,254
860,1112,0,0,254
861,1112,0,0,254
862,1112,0,0,254
863,1112,0,0,254
864,1112,2,0,254
865,1112,0,2,255
866,1112,0,0,253
515,1113,4,3,255
516,1113,4,3,255
517,1113,7,1,255
518,1113,0,0,239
519,1113,0,3,255
520,1113,0,0,254
521,1113,0,0,254
522,1113,0,0,254
523,1113,0,0,254
524,1113,0,0,254
525,1113,0,0,254
526,1113,0,0,254
527,1113,0,0,254
528,1113,0,1,252
854,1113,0,0,251
855,1113,0,0,254
856,1113,0,0,254
857,1113,0,0,254
858,1113,0,0,254
859,1113,0,0,254
860,1113,0,0,254
861,1113,0,0,254
862,1113,0,0,254
863,1113,0,0,254
864,1113,2,0,254
865,1113,0,2,255
866,1113,0,0,253
515,1114,9,0,251
516,1114,0,0,251
517,1114,0,0,233
518,1114,2,0,254
519,1114,0,2,255
520,1114,0,0,254
521,1114,0,0,254
522,1114,0,0,254
523,1114,0,0,254
524,1114,0,0,254
525,1114,0,0,254
526,1114,0,0,254
527,1114,0,0,254
528,1114,9,1,255
529,1114,0,0,248
854,1114,0,0,251
855,1114,0,0,254
856,1114,0,0,254
857,1114,0,0,254
858,1114,0,0,254
859,1114,0,0,254
860,1114,0,0,254
861,1114,0,0,254
862,1114,0,0,254
863,1114,0,0,254
864,1114,2,0,254
865,1114,0,2,255
866,1114,0,0,253
516,1115,3,6,255
517,1115,0,2,254
518,1115,0,0,249
519,1115,3,3,247
520,1115,0,0,254
521,1115,0,0,254
522,1115,0,0,254
523,1115,0,0,254
524,1115,0,0,254
525,1115,0,0,254
526,1115,0,0,254
527,1115,0,0,254
528,1115,5,0,254
529,1115,0,11,243
854,1115,0,0,251
855,1115,0,0,254
856,1115,0,0,254
857,1115,0,0,254
858,1115,0,0,254
859,1115,0,0,254
860,1115,0,0,254
861,1115,0,0,254
862,1115,0,0,254
863,1115,0,0,254
864,1115,2,0,254
865,1115,0,2,255
866,1115,0,0,253
516,1116,3,0,253
517,1116,0,7,255
518,1116,1,0,246
519,1116,2,0,254
520,1116,0,0,254
521,1116,0,0,254
522,1116,0,0,254
523,1116,0,0,254
524,1116,0,0,254
525,1116,0,0,254
526,1116,0,0,254
527,1116,0,0,254
528,1116,2,0,254
529,1116,0,2,255
530,1116,7,1,255
854,1116,0,0,251
855,1116,0,0,254
856,1116,0,0,254
857,1116,0,0,254
858,1116,0,0,254
859,1116,0,0,254
860,1116,0,0,254
861,1116,0,0,254
862,1116,0,0,254
863,1116,0,0,254
864,1116,2,0,254
865,1116,0,2,255
866,1116,0,0,253
516,1117,12,0,249
517,1117,0,3,252
518,1117,0,0,253
519,1117,1,0,253
520,1117,0,0,254
521,1117,0,0,254
522,1117,0,0,254
523,1117,0,0,254
524,1117,0,0,254
525,1117,0,0,254
526,1117,0,0,254
527,1117,0,0,254
528,1117,0,0,250
529,1117,4,1,255
530,1117,0,5,248
854,1117,0,0,251
855,1117,0,0,254
856,1117,0,0,254
857,1117,0,0,254
858,1117,0,0,254
859,1117,0,0,254
860,1117,0,0,254
861,1117,0,0,254
862,1117,0,0,254
863,1117,0,0,254
864,1117,2,0,254
865,1117,0,2,255
866,1117,0,0,253
517,1118,0,0,248
518,1118,0,9,255
519,1118,0,0,246
520,1118,0,0,254
521,1118,0,0,254
522,1118,0,0,254
523,1118,0,0,254
524,1118,0,0,254
525,1118,0,0,254
526,1118,0,0,254
527,1118,0,0,254
528,1118,0,0,252
529,1118,1,2,243
530,1118,0,4,251
531,1118,12,1,245
854,1118,0,0,251
855,1118,0,0,254
856,1118,0,0,254
857,1118,0,0,254
858,1118,0,0,254
859,1118,0,0,254
860,1118,0,0,254
861,1118,0,0,254
862,1118,0,0,254
863,1118,0,0,254
864,1118,2,0,254
865,1118,0,2,255
866,1118,0,0,253
517,1119,6,0,255
518,1119,0,8,241
519,1119,6,0,255
520,1119,0,0,254
521,1119,0,0,254
522,1119,0,0,254
523,1119,0,0,254
524,1119,0,0,254
525,1119,0,0,254
526,1119,0,0,254
527,1119,0,0,254
528,1119,6,0,255
529,1119,0,1,253
530,1119,2,1,253
531,1119,0,6,255
854,1119,0,0,251
855,1119,0,0,254
856,1119,0,0,254
857,1119,0,0,254
858,1119,0,0,254
859,1119,0,0,254
860,1119,0,0,254
861,1119,0,0,254
862,1119,0,0,254
863,1119,0,0,254
864,1119,2,0,254
865,1119,0,2,255
866,1119,0,0,253
518,1120,4,0,251
519,1120,0,8,255
520,1120,0,0,246
521,1120,1,1,255
522,1120,0,0,251
523,1120,3,4,255
524,1120,0,0,253
525,1120,0,0,236
526,1120,5,4,255
527,1120,3,2,255
528,1120,1,1,255
529,1120,0,0,253
530,1120,4,0,251
531,1120,0,0,241
532,1120,0,0,247
853,1120,1,6,255
854,1120,0,7,241
855,1120,3,0,253
856,1120,0,0,254
857,1120,0,0,254
858,1120,0,0,254
859,1120,0,0,254
860,1120,0,0,254
861,1120,0,0,254
862,1120,0,0,254
863,1120,0,0,254
864,1120,2,0,254
865,1120,0,2,255
866,1120,0,0,253
518,1121,10,0,250
519,1121,0,2,250
520,1121,2,2,255
521,1121,0,0,253
522,1121,0,0,250
523,1121,0,2,247
524,1121,7,7,255
525,1121,0,0,248
526,1121,0,0,249
527,1121,2,1,255
528,1121,0,0,252
529,1121,4,4,255
530,1121,3,0,250
531,1121,0,4,248
532,1121,8,2,255
852,1121,17,0,252
853,1121,2,1,255
854,1121,0,0,250
855,1121,5,8,247
856,1121,0,0,254
857,1121,0,0,254
858,1121,0,0,254
859,1121,0,0,254
860,1121,0,0,254
861,1121,0,0,254
862,1121,0,0,254
863,1121,0,0,254
864,1121,2,0,254
865,1121,0,2,255
866,1121,0,0,253
519,1122,2,0,250
520,1122,0,0,243
521,1122,0,0,252
522,1122,4,4,255
523,1122,0,0,253
524,1122,0,0,252
525,1122,1,1,255
526,1122,0,0,246
527,1122,0,2,241
528,1122,0,2,254
529,1122,4,0,254
530,1122,0,1,244
531,1122,0,2,245
532,1122,3,0,244
851,1122,0,0,244
852,1122,5,0,254
853,1122,2,0,252
854,1122,3,1,250
855,1122,0,2,254
856,1122,0,0,254
857,1122,0,0,254
858,1122,0,0,254
859,1122,0,0,254
860,1122,0,0,254
861,1122,0,0,254
862,1122,0,0,254
863,1122,0,0,254
864,1122,2,0,254
865,1122,0,2,255
866,1122,0,0,253
519,1123,11,0,248
520,1123,7,6,255
521,1123,3,2,255
522,1123,1,3,238
523,1123,4,3,254
524,1123,5,4,255
525,1123,4,4,255
526,1123,4,4,255
527,1123,0,0,253
528,1123,0,1,250
529,1123,9,0,254
530,1123,3,10,248
531,1123,0,0,249
532,1123,2,0,252
533,1123,8,0,255
851,1123,0,0,253
852,1123,0,1,253
853,1123,3,3,255
854,1123,4,0,254
855,1123,0,0,249
856,1123,0,0,254
857,1123,0,0,254
858,1123,0,0,254
859,1123,0,0,254
860,1123,0,0,254
861,1123,0,0,254
862,1123,0,0,254
863,1123,0,0,254
864,1123,2,0,254
865,1123,0,2,255
866,1123,0,0,253
520,1124,0,0,250
521,1124,4,1,255
522,1124,2,1,255
523,1124,0,0,239
524,1124,7,6,255
525,1124,0,0,254
526,1124,0,0,248
527,1124,1,2,253
528,1124,0,2,251
529,1124,0,0,247
530,1124,0,5,255
531,1124,2,0,254
532,1124,0,0,245
533,1124,1,2,253
850,1124,7,0,254
851,1124,0,1,254
852,1124,4,9,255
853,1124,0,8,255
854,1124,0,0,253
855,1124,2,2,250
856,1124,0,0,254
857,1124,0,0,254
858,1124,0,0,254
859,1124,0,0,254
860,1124,0,0,254
861,1124,0,0,254
862,1124,0,0,254
863,1124,0,0,254
864,1124,2,0,254
865,1124,0,2,255
866,1124,0,0,253
520,1125,5,0,255
521,1125,4,4,242
522,1125,0,0,250
523,1125,1,0,254
524,1125,0,0,237
525,1125,0,0,252
526,1125,0,0,250
527,1125,1,2,252
528,1125,0,3,252
529,1125,1,0,254
530,1125,2,5,255
531,1125,6,3,255
532,1125,3,3,255
533,1125,0,0,250
850,1125,0,0,237
851,1125,3,0,255
852,1125,0,0,233
853,1125,0,0,249
854,1125,0,1,254
855,1125,3,0,251
856,1125,0,0,254
857,1125,0,0,254
858,1125,0,0,254
859,1125,0,0,254
860,1125,0,0,254
861,1125,0,0,254
862,1125,0,0,254
863,1125,0,0,254
864,1125,2,0,254
865,1125,0,2,255
866,1125,0,0,253
520,1126,3,0,253
521,1126,4,0,251
522,1126,0,0,236
523,1126,5,2,255
524,1126,8,7,255
525,1126,2,3,253
526,1126,0,0,251
527,1126,0,0,250
528,1126,6,5,255
529,1126,0,1,253
530,1126,0,0,251
531,1126,0,0,250
532,1126,2,7,255
533,1126,1,4,255
534,1126,8,0,254
850,1126,0,3,255
851,1126,5,0,254
852,1126,6,3,255
853,1126,0,3,244
854,1126,2,2,255
855,1126,0,0,250
856,1126,0,0,254
857,1126,0,0,254
858,1126,0,0,254
859,1126,0,0,254
860,1126,0,0,254
861,1126,0,0,254
862,1126,0,0,254
863,1126,0,0,254
864,1126,2,0,254
865,1126,0,2,255
866,1126,0,0,253
521,1127,3,0,253
522,1127,6,1,253
523,1127,0,0,252
524,1127,3,2,255
525,1127,0,0,239
526,1127,3,3,255
527,1127,0,0,253
528,1127,0,0,245
529,1127,0,3,253
530,1127,5,1,238
531,1127,3,2,255
532,1127,0,5,255
533,1127,0,0,243
534,1127,6,3,255
850,1127,5,8,255
851,1127,4,0,241
852,1127,0,0,248
853,1127,3,3,255
854,1127,0,0,251
855,1127,4,7,255
856,1127,0,0,254
857,1127,0,0,254
858,1127,0,0,254
859,1127,0,0,254
860,1127,0,0,254
861,1127,0,0,254
862,1127,0,0,254
863,1127,0,0,254
864,1127,2,0,254
865,1127,0,2,255
866,1127,0,0,253
521,1128,1,0,254
522,1128,0,2,254
523,1128,1,1,255
524,1128,0,0,253
525,1128,2,0,254
526,1128,0,2,255
527,1128,0,0,251
528,1128,0,0,251
529,1128,0,2,255
530,1128,2,0,254
531,1128,0,0,253
532,1128,1,1,255
533,1128,0,2,254
534,1128,1,0,254
850,1128,0,0,253
851,1128,1,1,255
852,1128,0,0,253
853,1128,0,0,254
854,1128,0,1,252
855,1128,1,0,254
856,1128,0,0,254
857,1128,0,0,254
858,1128,0,0,254
859,1128,0,0,254
860,1128,0,0,254
861,1128,0,0,254
862,1128,0,0,254
863,1128,0,0,254
864,1128,0,4,255
865,1128,1,0,246
866,1128,11,0,253
521,1129,1,0,254
522,1129,0,2,254
523,1129,1,1,255
524,1129,0,0,253
525,1129,2,0,254
526,1129,0,2,255
527,1129,0,0,251
528,1129,0,0,251
529,1129,0,2,255
530,1129,2,0,254
531,1129,0,0,253
532,1129,1,1,255
533,1129,0,2,254
534,1129,1,0,254
850,1129,0,0,253
851,1129,1,1,255
852,1129,0,0,253
853,1129,0,0,254
854,1129,0,1,252
855,1129,1,0,254
856,1129,0,0,254
857,1129,0,0,254
858,1129,0,0,254
859,1129,0,0,254
860,1129,0,0,254
861,1129,0,0,254
862,1129,0,0,254
863,1129,0,0,254
864,1129,4,1,255
865,1129,0,0,235
521,1130,1,0,254
522,1130,0,2,254
523,1130,1,1,255
524,1130,0,0,253
525,1130,2,0,254
526,1130,0,2,255
527,1130,0,0,251
528,1130,0,0,251
529,1130,0,2,255
530,1130,2,0,254
531,1130,0,0,253
532,1130,1,1,255
533,1130,0,2,254
534,1130,1,0,254
850,1130,0,0,253
851,1130,1,1,255
852,1130,0,0,253
853,1130,0,0,254
854,1130,0,1,252
855,1130,1,0,254
856,1130,0,0,254
857,1130,0,0,254
858,1130,0,0,254
859,1130,0,0,254
860,1130,0,0,254
861,1130,0,0,254
862,1130,0,0,254
863,1130,0,0,254
864,1130,10,0,252
865,1130,13,0,252
521,1131,1,0,254
522,1131,0,2,254
523,1131,1,1,255
524,1131,0,0,253
525,1131,2,0,254
526,1131,0,2,255
527,1131,0,0,251
528,1131,0,0,251
529,1131,0,2,255
530,1131,2,0,254
531,1131,0,0,253
532,1131,1,1,255
533,1131,0,2,254
534,1131,1,0,254
850,1131,0,0,253
851,1131,1,1,255
852,1131,0,0,253
853,1131,0,0,254
854,1131,0,1,252
855,1131,1,0,254
856,1131,0,0,254
857,1131,0,0,254
858,1131,0,0,254
859,1131,0,0,254
860,1131,0,0,254
861,1131,0,0,254
862,1131,0,0,254
863,1131,0,0,254
521,1132,1,0,254
522,1132,0,2,254
523,1132,1,1,255
524,1132,0,0,253
525,1132,2,0,254
526,1132,0,2,255
527,1132,0,0,251
528,1132,0,0,251
529,1132,0,2,255
530,1132,2,0,254
531,1132,0,0,253
532,1132,1,1,255
533,1132,0,2,254
534,1132,1,0,254
850,1132,0,0,253
851,1132,1,1,255
852,1132,0,0,253
853,1132,0,0,254
854,1132,0,1,252
855,1132,1,0,254
856,1132,0,0,254
857,1132,0,0,254
858,1132,0,0,254
859,1132,0,0,254
860,1132,0,0,254
861,1132,0,0,254
862,1132,0,0,254
863,1132,0,0,254
521,1133,1,0,254
522,1133,0,2,254
523,1133,1,1,255
524,1133,0,0,253
525,1133,2,0,254
526,1133,0,2,255
527,1133,0,0,251
528,1133,0,0,251
529,1133,0,2,255
530,1133,2,0,254
531,1133,0,0,253
532,1133,1,1,255
533,1133,0,2,254
534,1133,1,0,254
850,1133,0,0,253
851,1133,1,1,255
852,1133,0,0,253
853,1133,0,0,254
854,1133,0,1,252
855,1133,1,0,254
856,1133,0,0,254
857,1133,0,0,254
858,1133,0,0,254
859,1133,0,0,254
860,1133,0,0,254
861,1133,0,0,254
862,1133,0,0,254
863,1133,0,0,254
521,1134,1,0,254
522,1134,0,2,254
523,1134,1,1,255
524,1134,0,0,253
525,1134,2,0,254
526,1134,0,2,255
527,1134,0,0,251
528,1134,0,0,251
529,1134,0,2,255
530,1134,2,0,254
531,1134,0,0,253
532,1134,1,1,255
533,1134,0,2,254
534,1134,1,0,254
850,1134,0,0,253
851,1134,1,1,255
852,1134,0,0,253
853,1134,0,0,254
854,1134,0,1,252
855,1134,1,0,254
856,1134,0,0,254
857,1134,0,0,254
858,1134,0,0,254
859,1134,0,0,254
860,1134,0,0,254
861,1134,0,0,254
862,1134,0,0,254
863,1134,0,0,254
521,1135,1,0,254
522,1135,0,2,254
523,1135,1,1,255
524,1135,0,0,253
525,1135,2,0,254
526,1135,0,2,255
527,1135,0,0,251
528,1135,0,0,251
529,1135,0,2,255
530,1135,2,0,254
531,1135,0,0,253
532,1135,1,1,255
533,1135,0,2,254
534,1135,1,0,254
850,1135,0,0,253
851,1135,1,1,255
852,1135,0,0,253
853,1135,0,0,254
854,1135,0,1,252
855,1135,1,0,254
856,1135,0,0,254
857,1135,0,0,254
858,1135,0,0,254
859,1135,0,0,254
860,1135,0,0,254
861,1135,0,0,254
862,1135,0,0,254
863,1135,0,0,254
521,1136,1,0,254
522,1136,0,2,254
523,1136,1,1,255
524,1136,0,0,253
525,1136,2,0,254
526,1136,0,2,255
527,1136,0,0,251
528,1136,0,3,251
529,1136,0,3,255
530,1136,0,0,253
531,1136,0,1,254
532,1136,0,0,242
533,1136,4,3,255
534,1136,9,0,252
850,1136,0,0,253
851,1136,1,1,255
852,1136,0,0,253
853,1136,0,0,254
854,1136,0,1,252
855,1136,1,0,254
856,1136,0,0,254
857,1136,0,0,254
858,1136,0,0,254
859,1136,0,0,254
860,1136,0,0,254
861,1136,0,0,254
862,1136,0,0,254
863,1136,0,0,254
521,1137,1,0,254
522,1137,0,2,254
523,1137,1,1,255
524,1137,0,0,253
525,1137,2,0,254
526,1137,0,2,255
527,1137,0,0,251
528,1137,0,2,244
529,1137,0,0,250
530,1137,6,6,255
531,1137,0,0,242
532,1137,0,5,255
533,1137,3,2,255
534,1137,8,0,246
850,1137,0,0,253
851,1137,1,1,255
852,1137,0,0,253
853,1137,0,0,254
854,1137,0,1,252
855,1137,1,0,254
856,1137,0,0,254
857,1137,0,0,254
858,1137,0,0,254
859,1137,0,0,254
860,1137,0,0,254
861,1137,0,0,254
862,1137,0,0,254
863,1137,0,0,254
521,1138,1,0,254
522,1138,0,2,254
523,1138,1,1,255
524,1138,0,0,253
525,1138,2,0,254
526,1138,0,2,255
527,1138,0,0,251
528,1138,4,3,255
529,1138,5,2,255
530,1138,0,0,252
531,1138,0,0,247
532,1138,0,0,252
533,1138,0,3,235
534,1138,1,0,250
535,1138,15,0,255
850,1138,0,0,253
851,1138,1,1,255
852,1138,0,0,253
853,1138,0,0,254
854,1138,0,1,252
855,1138,1,0,254
856,1138,0,0,254
857,1138,0,0,254
858,1138,0,0,254
859,1138,0,0,254
860,1138,0,0,254
861,1138,0,0,254
862,1138,0,0,254
863,1138,0,0,254
521,1139,1,0,254
522,1139,0,2,254
523,1139,1,1,255
524,1139,0,0,253
525,1139,2,0,254
526,1139,0,2,255
527,1139,0,0,251
528,1139,5,0,255
529,1139,0,0,243
530,1139,0,0,250
531,1139,0,0,248
532,1139,2,5,255
533,1139,2,6,253
534,1139,1,0,252
535,1139,5,0,255
536,1139,5,0,249
537,1139,8,0,249
850,1139,0,0,253
851,1139,1,1,255
852,1139,0,0,253
853,1139,0,0,254
854,1139,0,1,252
855,1139,1,0,254
856,1139,0,0,254
857,1139,0,0,254
858,1139,0,0,254
859,1139,0,0,254
860,1139,0,0,254
861,1139,0,0,254
862,1139,0,0,254
863,1139,0,0,254
521,1140,1,0,254
522,1140,0,2,254
523,1140,1,1,255
524,1140,0,0,253
525,1140,2,0,254
526,1140,0,2,255
527,1140,0,0,251
528,1140,7,1,255
529,1140,3,1,250
530,1140,2,2,255
531,1140,0,5,247
532,1140,0,1,240
533,1140,0,0,253
534,1140,3,3,255
535,1140,0,0,254
536,1140,0,0,245
537,1140,0,1,252
538,1140,9,0,249
850,1140,0,0,253
851,1140,1,1,255
852,1140,0,0,253
853,1140,0,0,254
854,1140,0,1,252
855,1140,1,0,254
856,1140,0,0,254
857,1140,0,0,254
858,1140,0,0,254
859,1140,0,0,254
860,1140,0,0,254
861,1140,0,0,254
862,1140,0,0,254
863,1140,0,0,254
521,1141,1,0,254
522,1141,0,2,254
523,1141,1,1,255
524,1141,0,0,253
525,1141,2,0,254
526,1141,0,2,255
527,1141,0,0,251
528,1141,5,0,255
529,1141,1,1,247
530,1141,0,1,254
531,1141,0,2,251
532,1141,0,0,251
533,1141,4,3,255
534,1141,3,5,250
535,1141,0,0,252
536,1141,0,7,255
537,1141,0,1,253
538,1141,7,9,252
539,1141,7,0,255
540,1141,15,0,255
850,1141,0,0,253
851,1141,1,1,255
852,1141,0,0,253
853,1141,0,0,254
854,1141,0,1,252
855,1141,1,0,254
856,1141,0,0,254
857,1141,0,0,254
858,1141,0,0,254
859,1141,0,0,254
860,1141,0,0,254
861,1141,0,0,254
862,1141,0,0,254
863,1141,0,0,254
521,1142,1,0,254
522,1142,0,2,254
523,1142,1,1,255
524,1142,0,0,253
525,1142,2,0,254
526,1142,0,2,255
527,1142,0,0,251
528,1142,2,1,255
529,1142,0,0,245
530,1142,0,0,251
531,1142,0,3,255
532,1142,5,6,246
533,1142,0,0,248
534,1142,3,3,255
535,1142,0,2,254
536,1142,0,0,251
537,1142,0,2,255
538,1142,0,1,240
539,1142,0,1,250
540,1142,8,3,245
850,1142,0,0,253
851,1142,1,1,255
852,1142,0,0,253
853,1142,0,0,254
854,1142,0,1,252
855,1142,1,0,254
856,1142,0,0,254
857,1142,0,0,254
858,1142,0,0,254
859,1142,0,0,254
860,1142,0,0,254
861,1142,0,0,254
862,1142,0,0,254
863,1142,0,0,254
521,1143,1,0,254
522,1143,0,2,254
523,1143,1,1,255
524,1143,0,0,253
525,1143,2,0,254
526,1143,0,2,255
527,1143,0,0,251
528,1143,0,1,244
529,1143,0,2,254
530,1143,0,7,255
531,1143,0,0,249
532,1143,4,1,255
533,1143,0,0,248
534,1143,0,2,237
535,1143,0,0,252
536,1143,0,0,244
537,1143,3,2,255
538,1143,0,0,253
539,1143,1,0,252
540,1143,6,0,253
541,1143,11,0,253
850,1143,0,0,253
851,1143,1,1,255
852,1143,0,0,253
853,1143,0,0,254
854,1143,0,1,252
855,1143,1,0,254
856,1143,0,0,254
857,1143,0,0,254
858,1143,0,0,254
859,1143,0,0,254
860,1143,0,0,254
861,1143,0,0,254
862,1143,0,0,254
863,1143,0,0,254
521,1144,9,0,250
522,1144,0,8,240
523,1144,0,3,249
524,1144,0,0,243
525,1144,10,0,255
526,1144,5,0,255
527,1144,0,0,252
528,1144,0,0,254
529,1144,0,0,254
530,1144,0,0,254
531,1144,0,0,254
532,1144,0,0,254
533,1144,0,0,254
534,1144,0,0,254
535,1144,0,0,254
536,1144,1,0,254
537,1144,0,1,252
538,1144,0,0,254
539,1144,0,0,253
540,1144,1,1,255
541,1144,0,0,253
850,1144,0,0,253
851,1144,1,1,255
852,1144,0,0,253
853,1144,0,0,254
854,1144,0,1,252
855,1144,1,0,254
856,1144,2,1,255
857,1144,6,5,255
858,1144,0,0,237
859,1144,0,0,254
860,1144,2,3,254
861,1144,0,0,250
862,1144,1,1,255
863,1144,0,0,247
522,1145,9,0,254
523,1145,3,3,255
524,1145,3,8,255
525,1145,0,0,249
526,1145,7,6,255
527,1145,0,0,251
528,1145,0,0,254
529,1145,0,0,254
530,1145,0,0,254
531,1145,0,0,254
532,1145,0,0,254
533,1145,0,0,254
534,1145,0,0,254
535,1145,0,0,254
536,1145,1,0,254
537,1145,0,1,252
538,1145,0,0,254
539,1145,0,0,253
540,1145,1,1,255
541,1145,0,0,253
850,1145,0,0,253
851,1145,1,1,255
852,1145,0,0,253
853,1145,0,0,254
854,1145,0,1,252
855,1145,1,0,254
856,1145,4,3,255
857,1145,0,0,248
858,1145,0,0,245
859,1145,6,6,255
860,1145,1,3,248
861,1145,0,0,253
862,1145,0,0,254
863,1145,0,0,254
522,1146,1,0,250
523,1146,0,1,254
524,1146,0,0,253
525,1146,0,0,248
526,1146,2,0,252
527,1146,6,7,255
528,1146,0,0,254
529,1146,0,0,254
530,1146,0,0,254
531,1146,0,0,254
532,1146,0,0,254
533,1146,0,0,254
534,1146,0,0,254
535,1146,0,0,254
536,1146,1,0,254
537,1146,0,1,252
538,1146,0,0,254
539,1146,0,0,253
540,1146,1,1,255
541,1146,0,0,253
850,1146,0,0,253
851,1146,1,1,255
852,1146,0,0,253
853,1146,0,0,254
854,1146,0,1,252
855,1146,1,0,254
856,1146,0,0,238
857,1146,0,0,247
858,1146,4,4,255
859,1146,0,0,254
860,1146,0,0,252
861,1146,2,2,255
862,1146,0,0,251
863,1146,0,2,245
522,1147,6,5,255
523,1147,0,2,254
524,1147,0,0,242
525,1147,13,1,255
526,1147,5,0,254
527,1147,0,0,242
528,1147,0,0,254
529,1147,0,0,254
530,1147,0,0,254
531,1147,0,0,254
532,1147,0,0,254
533,1147,0,0,254
534,1147,0,0,254
535,1147,0,0,254
536,1147,1,0,254
537,1147,0,1,252
538,1147,0,0,254
539,1147,0,0,253
540,1147,1,1,255
541,1147,0,0,253
850,1147,0,0,253
851,1147,1,1,255
852,1147,0,0,253
853,1147,0,0,254
854,1147,0,1,252
855,1147,1,0,254
856,1147,0,0,254
857,1147,4,4,255
858,1147,3,3,255
859,1147,4,3,255
860,1147,4,3,254
861,1147,2,4,239
862,1147,3,2,255
863,1147,6,5,255
523,1148,0,0,249
524,1148,0,0,248
525,1148,0,8,250
526,1148,0,2,255
527,1148,2,0,254
528,1148,0,0,254
529,1148,0,0,254
530,1148,0,0,254
531,1148,0,0,254
532,1148,0,0,254
533,1148,0,0,254
534,1148,0,0,254
535,1148,0,0,254
536,1148,1,0,254
537,1148,0,1,252
538,1148,0,0,254
539,1148,0,0,253
540,1148,1,1,255
541,1148,0,0,253
850,1148,0,0,253
851,1148,1,1,255
852,1148,0,0,253
853,1148,0,0,254
854,1148,0,1,252
855,1148,1,0,254
856,1148,2,3,254
857,1148,0,0,248
858,1148,0,0,253
859,1148,6,5,255
860,1148,0,0,239
861,1148,3,2,255
862,1148,5,2,255
863,1148,0,0,249
524,1149,9,0,255
525,1149,0,0,251
526,1149,0,2,253
527,1149,0,6,245
528,1149,0,0,254
529,1149,0,0,254
530,1149,0,0,254
531,1149,0,0,254
532,1149,0,0,254
533,1149,0,0,254
534,1149,0,0,254
535,1149,0,0,254
536,1149,1,0,254
537,1149,0,1,252
538,1149,0,0,254
539,1149,0,0,253
540,1149,1,1,255
541,1149,0,0,253
850,1149,0,0,253
851,1149,1,1,255
852,1149,0,0,253
853,1149,0,0,254
854,1149,0,1,252
855,1149,1,0,254
856,1149,0,0,250
857,1149,0,0,251
858,1149,1,1,255
859,1149,0,0,238
860,1149,0,0,253
861,1149,0,0,247
862,1149,3,3,241
863,1149,7,1,255
527,1150,4,0,248
528,1150,0,0,254
529,1150,0,0,254
530,1150,0,0,254
531,1150,0,0,254
532,1150,0,0,254
533,1150,0,0,254
534,1150,0,0,254
535,1150,0,0,254
536,1150,1,0,254
537,1150,0,1,252
538,1150,0,0,254
539,1150,0,0,253
540,1150,1,1,255
541,1150,0,0,253
850,1150,0,0,253
851,1150,1,1,255
852,1150,0,0,253
853,1150,0,0,254
854,1150,0,1,252
855,1150,1,0,254
856,1150,0,0,252
857,1150,0,0,250
858,1150,0,1,251
859,1150,6,5,255
860,1150,6,3,255
861,1150,3,3,239
862,1150,5,0,252
863,1150,0,0,250
528,1151,0,0,254
529,1151,0,0,254
530,1151,0,0,254
531,1151,0,0,254
532,1151,0,0,254
533,1151,0,0,254
534,1151,0,0,254
535,1151,0,0,254
536,1151,1,0,254
537,1151,0,1,252
538,1151,0,0,254
539,1151,0,0,253
540,1151,1,1,255
541,1151,0,0,253
850,1151,0,0,253
851,1151,1,1,255
852,1151,0,0,253
853,1151,0,0,254
854,1151,0,1,252
855,1151,1,0,254
856,1151,0,0,252
857,1151,4,4,255
858,1151,0,0,240
859,1151,4,3,255
860,1151,0,0,251
861,1151,5,0,252
862,1151,3,0,253
529,1152,1,0,254
530,1152,0,2,254
531,1152,1,1,255
532,1152,0,0,253
533,1152,2,0,254
534,1152,0,2,255
535,1152,0,0,251
536,1152,10,2,255
537,1152,0,0,249
538,1152,0,0,252
539,1152,7,1,255
540,1152,0,4,247
541,1152,0,0,251
850,1152,1,6,248
851,1152,3,3,255
852,1152,0,0,246
853,1152,1,0,253
854,1152,3,0,255
855,1152,0,1,253
856,1152,1,0,254
857,1152,0,2,247
858,1152,0,1,253
859,1152,9,1,255
860,1152,0,0,249
861,1152,7,1,255
862,1152,0,3,253
529,1153,1,0,254
530,1153,0,2,254
531,1153,1,1,255
532,1153,0,0,253
533,1153,2,0,254
534,1153,0,2,255
535,1153,0,0,251
536,1153,2,0,254
537,1153,3,2,253
538,1153,0,0,249
539,1153,1,0,246
540,1153,0,0,250
541,1153,1,0,242
849,1153,10,0,255
850,1153,0,2,253
851,1153,2,1,255
852,1153,3,5,248
853,1153,0,0,250
854,1153,0,0,250
855,1153,2,5,255
856,1153,3,2,255
857,1153,0,0,249
858,1153,0,1,250
859,1153,4,0,254
860,1153,4,1,255
861,1153,6,0,254
862,1153,2,7,255
529,1154,1,0,254
530,1154,0,2,254
531,1154,1,1,255
532,1154,0,0,253
533,1154,2,0,254
534,1154,0,2,255
535,1154,0,0,251
536,1154,1,1,255
537,1154,0,0,250
538,1154,4,8,255
539,1154,1,0,254
540,1154,0,4,248
541,1154,4,0,254
849,1154,9,0,255
850,1154,0,2,255
851,1154,0,0,241
852,1154,0,0,254
853,1154,5,5,253
854,1154,1,0,253
855,1154,0,0,250
856,1154,0,0,251
857,1154,2,5,255
858,1154,0,6,248
859,1154,0,0,249
860,1154,0,0,251
861,1154,7,3,250
862,1154,1,0,251
529,1155,1,0,254
530,1155,0,2,254
531,1155,1,1,255
532,1155,0,0,253
533,1155,2,0,254
534,1155,0,2,255
535,1155,0,0,251
536,1155,0,4,240
537,1155,0,2,255
538,1155,0,3,255
539,1155,0,3,252
540,1155,1,4,255
541,1155,1,0,251
849,1155,6,0,255
850,1155,0,0,252
851,1155,1,1,245
852,1155,0,0,248
853,1155,4,4,255
854,1155,5,2,255
855,1155,0,0,249
856,1155,2,2,246
857,1155,0,0,252
858,1155,0,0,253
859,1155,0,0,250
860,1155,0,0,253
861,1155,3,2,244
862,1155,7,0,252
529,1156,1,0,254
530,1156,0,2,254
531,1156,1,1,255
532,1156,0,0,253
533,1156,2,0,254
534,1156,0,2,255
535,1156,0,0,251
536,1156,0,1,253
537,1156,0,1,254
538,1156,2,3,253
539,1156,0,0,249
540,1156,0,0,247
541,1156,4,0,252
542,1156,13,0,248
849,1156,3,3,251
850,1156,0,1,254
851,1156,3,0,255
852,1156,0,3,243
853,1156,0,2,253
854,1156,0,0,246
855,1156,3,2,255
856,1156,2,1,255
857,1156,0,2,253
858,1156,1,3,244
859,1156,2,2,255
860,1156,0,1,251
861,1156,5,2,255
529,1157,1,0,254
530,1157,0,2,254
531,1157,1,1,255
532,1157,0,0,253
533,1157,2,0,254
534,1157,0,2,255
535,1157,0,0,251
536,1157,0,2,242
537,1157,0,0,244
538,1157,1,0,253
539,1157,0,0,252
540,1157,2,8,254
541,1157,0,0,250
542,1157,4,0,243
848,1157,13,0,255
849,1157,0,4,246
850,1157,2,5,255
851,1157,5,4,248
852,1157,0,0,249
853,1157,2,7,255
854,1157,0,0,250
855,1157,2,3,244
856,1157,3,2,255
857,1157,0,0,249
858,1157,0,0,252
859,1157,2,5,255
860,1157,2,2,255
861,1157,1,0,254
529,1158,1,0,254
530,1158,0,2,254
531,1158,1,1,255
532,1158,0,0,253
533,1158,2,0,254
534,1158,0,2,255
535,1158,0,0,251
536,1158,5,5,253
537,1158,4,0,254
538,1158,9,1,255
539,1158,0,2,253
540,1158,0,0,250
541,1158,1,1,255
542,1158,0,0,249
543,1158,13,0,255
848,1158,7,0,254
849,1158,0,3,252
850,1158,0,0,233
851,1158,2,0,252
852,1158,0,0,253
853,1158,3,8,255
854,1158,0,0,251
855,1158,2,0,254
856,1158,1,0,254
857,1158,0,0,254
858,1158,3,2,255
859,1158,0,3,255
860,1158,0,0,251
861,1158,3,2,255
529,1159,1,0,254
530,1159,0,2,254
531,1159,1,1,255
532,1159,0,0,253
533,1159,2,0,254
534,1159,0,2,255
535,1159,0,0,251
536,1159,1,0,253
537,1159,4,0,242
538,1159,8,0,255
539,1159,0,2,244
540,1159,0,3,255
541,1159,1,4,255
542,1159,0,9,255
543,1159,10,0,255
848,1159,5,0,255
849,1159,0,0,251
850,1159,0,3,255
851,1159,6,0,255
852,1159,0,3,248
853,1159,0,1,253
854,1159,3,2,255
855,1159,1,0,253
856,1159,3,2,255
857,1159,0,0,253
858,1159,2,3,243
859,1159,0,0,249
860,1159,2,5,255
861,1159,1,2,250
530,1160,7,1,255
531,1160,6,2,247
532,1160,0,0,252
533,1160,0,0,227
534,1160,0,3,252
535,1160,7,0,254
536,1160,0,0,254
537,1160,0,0,254
538,1160,0,0,254
539,1160,0,0,254
540,1160,0,0,254
541,1160,0,0,254
542,1160,0,0,254
543,1160,0,0,254
848,1160,0,0,254
849,1160,0,0,254
850,1160,0,0,254
851,1160,0,0,254
852,1160,0,0,254
853,1160,0,0,254
854,1160,0,0,254
855,1160,0,0,254
856,1160,0,3,255
857,1160,6,3,255
858,1160,1,0,248
859,1160,7,0,254
860,1160,0,1,252
530,1161,8,0,251
531,1161,1,0,254
532,1161,0,2,253
533,1161,3,2,255
534,1161,0,4,250
535,1161,8,2,255
536,1161,0,0,254
537,1161,0,0,254
538,1161,0,0,254
539,1161,0,0,254
540,1161,0,0,254
541,1161,0,0,254
542,1161,0,0,254
543,1161,0,0,254
544,1161,6,0,249
847,1161,13,0,255
848,1161,0,0,254
849,1161,0,0,254
850,1161,0,0,254
851,1161,0,0,254
852,1161,0,0,254
853,1161,0,0,254
854,1161,0,0,254
855,1161,0,0,254
856,1161,0,4,255
857,1161,0,0,251
858,1161,0,0,250
859,1161,2,0,250
860,1161,0,3,255
531,1162,0,0,250
532,1162,1,1,255
533,1162,1,4,255
534,1162,4,3,255
535,1162,0,0,244
536,1162,0,0,254
537,1162,0,0,254
538,1162,0,0,254
539,1162,0,0,254
540,1162,0,0,254
541,1162,0,0,254
542,1162,0,0,254
543,1162,0,0,254
544,1162,7,0,249
847,1162,8,0,247
848,1162,0,0,254
849,1162,0,0,254
850,1162,0,0,254
851,1162,0,0,254
852,1162,0,0,254
853,1162,0,0,254
854,1162,0,0,254
855,1162,0,0,254
856,1162,0,3,255
857,1162,3,0,255
858,1162,3,0,253
859,1162,7,2,254
860,1162,1,0,253
531,1163,0,2,244
532,1163,0,0,253
533,1163,0,1,253
534,1163,7,0,254
535,1163,0,5,255
536,1163,0,0,254
537,1163,0,0,254
538,1163,0,0,254
539,1163,0,0,254
540,1163,0,0,254
541,1163,0,0,254
542,1163,0,0,254
543,1163,0,0,254
544,1163,6,1,251
847,1163,8,1,254
848,1163,0,0,254
849,1163,0,0,254
850,1163,0,0,254
851,1163,0,0,254
852,1163,0,0,254
853,1163,0,0,254
854,1163,0,0,254
855,1163,0,0,254
856,1163,0,0,253
857,1163,1,1,249
858,1163,0,0,250
859,1163,0,0,243
860,1163,7,0,252
531,1164,4,0,254
532,1164,5,4,255
533,1164,0,6,245
534,1164,6,0,252
535,1164,0,2,241
536,1164,0,0,254
537,1164,0,0,254
538,1164,0,0,254
539,1164,0,0,254
540,1164,0,0,254
541,1164,0,0,254
542,1164,0,0,254
543,1164,0,0,254
544,1164,1,0,253
545,1164,15,0,255
847,1164,0,0,249
848,1164,0,0,254
849,1164,0,0,254
850,1164,0,0,254
851,1164,0,0,254
852,1164,0,0,254
853,1164,0,0,254
854,1164,0,0,254
855,1164,0,0,254
856,1164,1,3,248
857,1164,2,2,255
858,1164,1,1,255
859,1164,7,4,255
532,1165,0,0,244
533,1165,0,5,251
534,1165,3,0,250
535,1165,0,1,247
536,1165,0,0,254
537,1165,0,0,254
538,1165,0,0,254
539,1165,0,0,254
540,1165,0,0,254
541,1165,0,0,254
542,1165,0,0,254
543,1165,0,0,254
544,1165,0,0,252
545,1165,10,6,241
846,1165,8,0,255
847,1165,0,0,254
848,1165,0,0,254
849,1165,0,0,254
850,1165,0,0,254
851,1165,0,0,254
852,1165,0,0,254
853,1165,0,0,254
854,1165,0,0,254
855,1165,0,0,254
856,1165,0,0,252
857,1165,0,2,253
858,1165,0,0,253
859,1165,0,0,249
532,1166,4,7,255
533,1166,0,0,252
534,1166,3,2,255
535,1166,0,0,242
536,1166,0,0,254
537,1166,0,0,254
538,1166,0,0,254
539,1166,0,0,254
540,1166,0,0,254
541,1166,0,0,254
542,1166,0,0,254
543,1166,0,0,254
544,1166,0,2,255
545,1166,0,1,249
846,1166,3,1,252
847,1166,0,0,250
848,1166,0,0,254
849,1166,0,0,254
850,1166,0,0,254
851,1166,0,0,254
852,1166,0,0,254
853,1166,0,0,254
854,1166,0,0,254
855,1166,0,0,254
856,1166,0,0,252
857,1166,2,5,255
858,1166,0,3,255
859,1166,3,2,254
532,1167,0,0,242
533,1167,1,4,255
534,1167,0,2,255
535,1167,3,0,255
536,1167,0,0,254
537,1167,0,0,254
538,1167,0,0,254
539,1167,0,0,254
540,1167,0,0,254
541,1167,0,0,254
542,1167,0,0,254
543,1167,0,0,254
544,1167,0,0,246
545,1167,0,0,251
846,1167,4,4,255
847,1167,0,4,255
848,1167,0,0,254
849,1167,0,0,254
850,1167,0,0,254
851,1167,0,0,254
852,1167,0,0,254
853,1167,0,0,254
854,1167,0,0,254
855,1167,0,0,254
856,1167,0,0,253
857,1167,0,0,252
858,1167,0,5,255
859,1167,0,0,250
532,1168,0,0,251
533,1168,1,4,255
534,1168,0,0,247
535,1168,0,0,248
536,1168,0,0,254
537,1168,0,0,254
538,1168,0,0,254
539,1168,0,0,254
540,1168,0,0,254
541,1168,0,0,254
542,1168,0,0,254
543,1168,0,0,254
544,1168,3,2,254
545,1168,0,5,255
546,1168,0,2,248
547,1168,9,0,253
846,1168,0,1,252
847,1168,0,0,251
848,1168,0,0,254
849,1168,0,0,254
850,1168,0,0,254
851,1168,0,0,254
852,1168,0,0,254
853,1168,0,0,254
854,1168,0,0,254
855,1168,0,0,254
856,1168,0,0,250
857,1168,1,0,254
858,1168,0,0,248
532,1169,3,2,255
533,1169,0,2,247
534,1169,0,0,249
535,1169,5,4,255
536,1169,0,0,254
537,1169,0,0,254
538,1169,0,0,254
539,1169,0,0,254
540,1169,0,0,254
541,1169,0,0,254
542,1169,0,0,254
543,1169,0,0,254
544,1169,0,0,251
545,1169,0,3,255
546,1169,0,3,247
547,1169,3,0,253
846,1169,2,2,255
847,1169,4,4,255
848,1169,0,0,254
849,1169,0,0,254
850,1169,0,0,254
851,1169,0,0,254
852,1169,0,0,254
853,1169,0,0,254
854,1169,0,0,254
855,1169,0,0,254
856,1169,0,2,255
857,1169,6,5,255
858,1169,0,3,255
532,1170,0,0,229
533,1170,0,0,249
534,1170,0,3,255
535,1170,0,0,251
536,1170,0,0,254
537,1170,0,0,254
538,1170,0,0,254
539,1170,0,0,254
540,1170,0,0,254
541,1170,0,0,254
542,1170,0,0,254
543,1170,0,0,254
544,1170,2,0,252
545,1170,2,2,248
546,1170,1,5,254
547,1170,0,0,254
548,1170,5,0,254
846,1170,0,0,248
847,1170,0,0,248
848,1170,0,0,254
849,1170,0,0,254
850,1170,0,0,254
851,1170,0,0,254
852,1170,0,0,254
853,1170,0,0,254
854,1170,0,0,254
855,1170,0,0,254
856,1170,0,4,253
857,1170,0,0,246
858,1170,5,5,251
532,1171,5,4,255
533,1171,5,8,255
534,1171,0,0,250
535,1171,3,2,255
536,1171,0,0,254
537,1171,0,0,254
538,1171,0,0,254
539,1171,0,0,254
540,1171,0,0,254
541,1171,0,0,254
542,1171,0,0,254
543,1171,0,0,254
544,1171,0,0,252
545,1171,4,1,255
546,1171,5,2,255
547,1171,0,0,252
548,1171,0,0,252
549,1171,1,0,246
550,1171,14,0,255
845,1171,13,0,249
846,1171,0,0,252
847,1171,4,3,255
848,1171,0,0,254
849,1171,0,0,254
850,1171,0,0,254
851,1171,0,0,254
852,1171,0,0,254
853,1171,0,0,254
854,1171,0,0,254
855,1171,0,0,254
856,1171,4,4,255
857,1171,0,1,252
858,1171,10,0,254
532,1172,0,0,247
533,1172,0,0,240
534,1172,5,5,255
535,1172,4,3,255
536,1172,0,0,254
537,1172,0,0,254
538,1172,0,0,254
539,1172,0,0,254
540,1172,0,0,254
541,1172,0,0,254
542,1172,0,0,254
543,1172,0,0,254
544,1172,0,4,244
545,1172,1,0,254
546,1172,2,0,251
547,1172,6,3,244
548,1172,2,2,255
549,1172,1,4,255
550,1172,0,0,246
551,1172,7,0,244
552,1172,13,0,255
845,1172,9,0,255
846,1172,2,5,255
847,1172,2,2,250
848,1172,0,0,254
849,1172,0,0,254
850,1172,0,0,254
851,1172,0,0,254
852,1172,0,0,254
853,1172,0,0,254
854,1172,0,0,254
855,1172,0,0,254
856,1172,0,0,241
857,1172,3,3,255
858,1172,12,0,252
532,1173,5,2,255
533,1173,0,0,244
534,1173,2,2,255
535,1173,0,0,233
536,1173,0,0,254
537,1173,0,0,254
538,1173,0,0,254
539,1173,0,0,254
540,1173,0,0,254
541,1173,0,0,254
542,1173,0,0,254
543,1173,0,0,254
544,1173,0,7,255
545,1173,0,0,249
546,1173,5,0,251
547,1173,10,4,255
548,1173,0,0,241
549,1173,0,1,253
550,1173,3,5,250
551,1173,4,1,255
552,1173,3,6,243
553,1173,4,0,244
845,1173,3,0,255
846,1173,0,0,244
847,1173,1,0,254
848,1173,0,0,254
849,1173,0,0,254
850,1173,0,0,254
851,1173,0,0,254
852,1173,0,0,254
853,1173,0,0,254
854,1173,0,0,254
855,1173,0,0,254
856,1173,5,4,255
857,1173,0,0,253
858,1173,13,0,249
532,1174,0,0,252
533,1174,0,0,253
534,1174,0,3,238
535,1174,7,4,255
536,1174,0,0,254
537,1174,0,0,254
538,1174,0,0,254
539,1174,0,0,254
540,1174,0,0,254
541,1174,0,0,254
542,1174,0,0,254
543,1174,0,0,254
544,1174,0,1,242
545,1174,2,2,255
546,1174,4,4,255
547,1174,0,0,247
548,1174,0,0,252
549,1174,0,2,255
550,1174,0,0,250
551,1174,4,2,253
552,1174,0,4,255
553,1174,3,2,255
554,1174,6,0,250
845,1174,0,2,254
846,1174,0,0,252
847,1174,2,0,252
848,1174,0,0,254
849,1174,0,0,254
850,1174,0,0,254
851,1174,0,0,254
852,1174,0,0,254
853,1174,0,0,254
854,1174,0,0,254
855,1174,0,0,254
856,1174,0,0,249
857,1174,0,4,246
533,1175,2,2,255
534,1175,0,0,241
535,1175,3,0,255
536,1175,0,0,254
537,1175,0,0,254
538,1175,0,0,254
539,1175,0,0,254
540,1175,0,0,254
541,1175,0,0,254
542,1175,0,0,254
543,1175,0,0,254
544,1175,7,0,255
545,1175,0,0,240
546,1175,0,1,253
547,1175,0,1,251
548,1175,0,8,242
549,1175,0,5,247
550,1175,0,0,250
551,1175,8,0,255
552,1175,0,0,251
553,1175,0,4,255
554,1175,4,5,253
555,1175,11,0,254
845,1175,0,2,253
846,1175,0,3,255
847,1175,6,5,247
848,1175,0,0,254
849,1175,0,0,254
850,1175,0,0,254
851,1175,0,0,254
852,1175,0,0,254
853,1175,0,0,254
854,1175,0,0,254
855,1175,0,0,254
856,1175,5,2,255
857,1175,0,0,243
533,1176,10,0,245
534,1176,1,0,246
535,1176,2,7,255
536,1176,0,9,255
537,1176,0,4,255
538,1176,0,0,254
539,1176,4,1,240
540,1176,0,0,250
541,1176,1,1,255
542,1176,0,1,251
543,1176,0,0,252
544,1176,0,0,254
545,1176,0,0,254
546,1176,0,0,254
547,1176,0,0,254
548,1176,0,0,254
549,1176,0,0,254
550,1176,0,0,254
551,1176,0,0,254
552,1176,4,3,245
553,1176,0,7,255
554,1176,4,0,251
555,1176,0,6,246
845,1176,0,0,249
846,1176,3,0,255
847,1176,0,6,255
848,1176,0,0,254
849,1176,0,0,254
850,1176,0,0,254
851,1176,0,0,254
852,1176,0,0,254
853,1176,0,0,254
854,1176,0,0,254
855,1176,0,0,254
856,1176,3,1,250
857,1176,0,2,254
534,1177,9,0,255
535,1177,3,1,250
536,1177,0,0,250
537,1177,0,0,253
538,1177,2,5,255
539,1177,0,0,251
540,1177,0,0,252
541,1177,0,0,251
542,1177,2,5,255
543,1177,0,4,255
544,1177,0,0,254
545,1177,0,0,254
546,1177,0,0,254
547,1177,0,0,254
548,1177,0,0,254
549,1177,0,0,254
550,1177,0,0,254
551,1177,0,0,254
552,1177,0,0,250
553,1177,0,4,252
554,1177,7,1,255
555,1177,0,1,253
556,1177,17,0,254
844,1177,9,0,252
845,1177,5,0,255
846,1177,0,0,251
847,1177,0,1,250
848,1177,0,0,254
849,1177,0,0,254
850,1177,0,0,254
851,1177,0,0,254
852,1177,0,0,254
853,1177,0,0,254
854,1177,0,0,254
855,1177,0,0,254
856,1177,0,0,251
857,1177,3,6,255
535,1178,9,0,249
536,1178,7,0,250
537,1178,7,3,248
538,1178,0,0,249
539,1178,1,6,255
540,1178,2,3,244
541,1178,0,0,239
542,1178,2,2,246
543,1178,0,1,253
544,1178,0,0,254
545,1178,0,0,254
546,1178,0,0,254
547,1178,0,0,254
548,1178,0,0,254
549,1178,0,0,254
550,1178,0,0,254
551,1178,0,0,254
552,1178,3,3,255
553,1178,0,0,250
554,1178,1,1,255
555,1178,4,3,254
556,1178,5,0,250
844,1178,0,0,243
845,1178,3,0,245
846,1178,5,4,255
847,1178,2,0,254
848,1178,0,0,254
849,1178,0,0,254
850,1178,0,0,254
851,1178,0,0,254
852,1178,0,0,254
853,1178,0,0,254
854,1178,0,0,254
855,1178,0,0,254
856,1178,7,4,255
857,1178,4,0,254
537,1179,16,0,255
538,1179,4,4,255
539,1179,0,0,248
540,1179,3,2,255
541,1179,2,0,247
542,1179,7,6,250
543,1179,0,0,253
544,1179,0,0,254
545,1179,0,0,254
546,1179,0,0,254
547,1179,0,0,254
548,1179,0,0,254
549,1179,0,0,254
550,1179,0,0,254
551,1179,0,0,254
552,1179,0,0,253
553,1179,1,0,235
554,1179,0,0,251
555,1179,9,3,255
556,1179,0,0,250
844,1179,0,5,255
845,1179,9,0,255
846,1179,0,1,237
847,1179,5,2,255
848,1179,0,0,254
849,1179,0,0,254
850,1179,0,0,254
851,1179,0,0,254
852,1179,0,0,254
853,1179,0,0,254
854,1179,0,0,254
855,1179,0,0,254
856,1179,2,0,251
857,1179,9,0,250
538,1180,9,0,251
539,1180,3,3,255
540,1180,5,4,255
541,1180,0,0,250
542,1180,6,3,255
543,1180,5,4,255
544,1180,0,0,254
545,1180,0,0,254
546,1180,0,0,254
547,1180,0,0,254
548,1180,0,0,254
549,1180,0,0,254
550,1180,0,0,254
551,1180,0,0,254
552,1180,5,10,252
553,1180,7,0,254
554,1180,0,1,253
555,1180,0,0,249
556,1180,0,0,250
844,1180,0,0,245
845,1180,8,0,254
846,1180,0,2,254
847,1180,0,1,246
848,1180,0,0,254
849,1180,0,0,254
850,1180,0,0,254
851,1180,0,0,254
852,1180,0,0,254
853,1180,0,0,254
854,1180,0,0,254
855,1180,0,0,254
856,1180,4,1,255
539,1181,10,0,253
540,1181,0,0,247
541,1181,0,0,251
542,1181,0,0,253
543,1181,0,0,251
544,1181,0,0,254
545,1181,0,0,254
546,1181,0,0,254
547,1181,0,0,254
548,1181,0,0,254
549,1181,0,0,254
550,1181,0,0,254
551,1181,0,0,254
552,1181,0,0,246
553,1181,9,0,249
554,1181,0,4,255
555,1181,0,0,253
556,1181,3,6,255
557,1181,14,0,255
844,1181,1,0,253
845,1181,6,0,253
846,1181,0,3,255
847,1181,0,0,251
848,1181,0,0,254
849,1181,0,0,254
850,1181,0,0,254
851,1181,0,0,254
852,1181,0,0,254
853,1181,0,0,254
854,1181,0,0,254
855,1181,0,0,254
856,1181,0,0,246
539,1182,16,0,240
540,1182,4,1,255
541,1182,0,7,255
542,1182,0,0,249
543,1182,5,2,255
544,1182,0,0,254
545,1182,0,0,254
546,1182,0,0,254
547,1182,0,0,254
548,1182,0,0,254
549,1182,0,0,254
550,1182,0,0,254
551,1182,0,0,254
552,1182,0,0,251
553,1182,5,0,252
554,1182,2,2,248
555,1182,0,0,245
556,1182,0,2,245
557,1182,3,0,253
844,1182,0,0,251
845,1182,0,1,252
846,1182,0,0,252
847,1182,0,1,254
848,1182,0,0,254
849,1182,0,0,254
850,1182,0,0,254
851,1182,0,0,254
852,1182,0,0,254
853,1182,0,0,254
854,1182,0,0,254
855,1182,0,0,254
856,1182,7,5,255
540,1183,3,0,251
541,1183,0,7,255
542,1183,0,1,253
543,1183,3,0,250
544,1183,0,0,254
545,1183,0,0,254
546,1183,0,0,254
547,1183,0,0,254
548,1183,0,0,254
549,1183,0,0,254
550,1183,0,0,254
551,1183,0,0,254
552,1183,1,2,250
553,1183,3,0,252
554,1183,7,4,255
555,1183,0,7,255
556,1183,2,0,254
557,1183,1,2,252
843,1183,9,0,245
844,1183,4,4,255
845,1183,0,3,253
846,1183,6,0,255
847,1183,2,0,251
848,1183,0,0,254
849,1183,0,0,254
850,1183,0,0,254
851,1183,0,0,254
852,1183,0,0,254
853,1183,0,0,254
854,1183,0,0,254
855,1183,0,0,254
856,1183,2,1,255
540,1184,11,0,254
541,1184,4,5,253
542,1184,0,4,255
543,1184,0,0,251
544,1184,0,0,250
545,1184,5,3,250
546,1184,0,0,252
547,1184,0,2,255
548,1184,2,0,254
549,1184,4,7,246
550,1184,0,0,249
551,1184,0,5,249
552,1184,0,1,253
553,1184,3,0,255
554,1184,1,0,253
555,1184,0,0,246
556,1184,3,3,255
557,1184,1,6,248
843,1184,4,4,255
844,1184,0,0,252
845,1184,5,2,255
846,1184,0,0,244
847,1184,0,2,255
848,1184,2,1,255
849,1184,6,5,255
850,1184,0,0,237
851,1184,0,0,254
852,1184,2,3,254
853,1184,0,0,250
854,1184,1,1,255
855,1184,0,0,247
856,1184,9,0,244
541,1185,6,0,250
542,1185,3,2,255
543,1185,0,4,255
544,1185,0,3,255
545,1185,5,4,255
546,1185,0,0,250
547,1185,0,2,252
548,1185,4,0,252
549,1185,0,0,252
550,1185,0,4,255
551,1185,1,0,253
552,1185,2,5,255
553,1185,0,0,250
554,1185,0,0,250
555,1185,3,5,248
556,1185,2,1,255
557,1185,0,2,253
558,1185,10,0,255
843,1185,0,0,252
844,1185,6,5,255
845,1185,4,1,255
846,1185,0,0,253
847,1185,0,0,253
848,1185,4,3,255
849,1185,0,0,248
850,1185,0,0,245
851,1185,6,6,255
852,1185,1,3,248
853,1185,0,0,253
854,1185,0,0,254
855,1185,0,0,254
856,1185,14,0,255
542,1186,4,0,244
543,1186,3,6,243
544,1186,0,2,255
545,1186,0,0,252
546,1186,0,0,249
547,1186,0,2,254
548,1186,6,0,255
549,1186,6,2,249
550,1186,2,1,253
551,1186,2,0,251
552,1186,0,0,250
553,1186,1,0,253
554,1186,5,5,253
555,1186,0,0,254
556,1186,0,0,241
557,1186,0,2,255
558,1186,9,0,255
843,1186,1,1,255
844,1186,0,0,248
845,1186,0,0,246
846,1186,0,0,253
847,1186,1,1,255
848,1186,0,0,238
849,1186,0,0,247
850,1186,4,4,255
851,1186,0,0,254
852,1186,0,0,252
853,1186,2,2,255
854,1186,0,0,251
855,1186,0,2,245
543,1187,13,0,255
544,1187,12,0,255
545,1187,16,1,250
546,1187,0,4,255
547,1187,0,1,253
548,1187,3,0,253
549,1187,0,0,252
550,1187,3,0,255
551,1187,5,3,250
552,1187,0,0,249
553,1187,5,2,255
554,1187,4,4,255
555,1187,0,0,248
556,1187,1,1,245
557,1187,0,0,252
558,1187,6,0,255
843,1187,1,1,255
844,1187,1,1,255
845,1187,6,5,255
846,1187,0,1,254
847,1187,2,1,255
848,1187,0,0,254
849,1187,4,4,255
850,1187,3,3,255
851,1187,4,3,255
852,1187,4,3,254
853,1187,2,4,239
854,1187,3,2,255
855,1187,6,5,255
546,1188,0,0,249
547,1188,0,1,254
548,1188,5,0,253
549,1188,1,5,254
550,1188,0,0,247
551,1188,0,0,251
552,1188,3,2,255
553,1188,0,0,246
554,1188,0,2,253
555,1188,0,3,243
556,1188,3,0,255
557,1188,0,1,254
558,1188,3,3,251
842,1188,11,0,253
843,1188,1,2,242
844,1188,0,0,248
845,1188,0,0,253
846,1188,0,0,248
847,1188,0,0,253
848,1188,2,3,254
849,1188,0,0,248
850,1188,0,0,253
851,1188,6,5,255
852,1188,0,0,239
853,1188,3,2,255
854,1188,5,2,255
855,1188,0,0,249
546,1189,1,0,254
547,1189,0,0,251
548,1189,1,0,253
549,1189,0,1,253
550,1189,0,0,252
551,1189,0,7,255
552,1189,2,3,244
553,1189,0,0,250
554,1189,2,7,255
555,1189,0,0,249
556,1189,5,4,248
557,1189,2,5,255
558,1189,0,4,246
559,1189,13,0,255
842,1189,4,0,246
843,1189,1,0,254
844,1189,3,3,255
845,1189,7,7,255
846,1189,0,0,247
847,1189,1,0,253
848,1189,0,0,250
849,1189,0,0,251
850,1189,1,1,255
851,1189,0,0,238
852,1189,0,0,253
853,1189,0,0,247
854,1189,3,3,241
855,1189,7,1,255
546,1190,0,2,253
547,1190,0,1,253
548,1190,5,0,255
549,1190,0,5,255
550,1190,1,0,251
551,1190,0,4,248
552,1190,2,0,254
553,1190,0,0,251
554,1190,3,8,255
555,1190,0,0,253
556,1190,2,0,252
557,1190,0,0,233
558,1190,0,3,252
559,1190,7,0,254
842,1190,3,3,255
843,1190,5,2,255
844,1190,0,0,249
845,1190,0,3,254
846,1190,0,0,251
847,1190,4,1,255
848,1190,0,0,252
849,1190,0,0,250
850,1190,0,1,251
851,1190,6,5,255
852,1190,6,3,255
853,1190,3,3,239
854,1190,5,0,252
855,1190,0,0,250
546,1191,0,2,251
547,1191,0,1,250
548,1191,6,0,255
549,1191,0,0,251
550,1191,13,1,247
551,1191,0,0,253
552,1191,1,0,253
553,1191,3,2,255
554,1191,0,1,253
555,1191,0,3,248
556,1191,6,0,255
557,1191,0,3,255
558,1191,0,0,251
559,1191,5,0,255
842,1191,0,2,254
843,1191,0,0,249
844,1191,0,3,254
845,1191,0,4,244
846,1191,0,0,253
847,1191,4,0,254
848,1191,0,0,252
849,1191,4,4,255
850,1191,0,0,240
851,1191,4,3,255
852,1191,0,0,251
853,1191,5,0,252
854,1191,3,0,253
547,1192,0,1,254
548,1192,0,2,255
549,1192,0,0,252
550,1192,1,1,255
551,1192,2,0,254
552,1192,0,0,254
553,1192,0,0,254
554,1192,0,0,254
555,1192,0,0,254
556,1192,0,0,254
557,1192,0,0,254
558,1192,0,0,254
559,1192,0,0,254
842,1192,2,0,254
843,1192,0,7,255
844,1192,0,0,252
845,1192,11,1,255
846,1192,0,0,246
847,1192,1,7,253
848,1192,1,0,254
849,1192,0,2,247
850,1192,0,1,253
851,1192,9,1,255
852,1192,0,0,249
853,1192,7,1,255
854,1192,0,3,253
547,1193,0,1,254
548,1193,0,2,255
549,1193,0,0,252
550,1193,1,1,255
551,1193,2,0,254
552,1193,0,0,254
553,1193,0,0,254
554,1193,0,0,254
555,1193,0,0,254
556,1193,0,0,254
557,1193,0,0,254
558,1193,0,0,254
559,1193,0,0,254
560,1193,8,0,255
561,1193,4,0,243
562,1193,14,0,255
841,1193,18,0,243
842,1193,2,1,252
843,1193,0,2,251
844,1193,1,1,249
845,1193,4,1,255
846,1193,0,0,253
847,1193,0,0,252
848,1193,3,2,255
849,1193,0,0,249
850,1193,0,1,250
851,1193,4,0,254
852,1193,4,1,255
853,1193,6,0,254
854,1193,2,7,255
547,1194,0,1,254
548,1194,0,2,255
549,1194,0,0,252
550,1194,1,1,255
551,1194,2,0,254
552,1194,0,0,254
553,1194,0,0,254
554,1194,0,0,254
555,1194,0,0,254
556,1194,0,0,254
557,1194,0,0,254
558,1194,0,0,254
559,1194,0,0,254
560,1194,0,5,255
561,1194,1,8,255
562,1194,0,2,246
563,1194,7,0,238
564,1194,9,0,248
841,1194,1,0,247
842,1194,0,0,238
843,1194,2,0,251
844,1194,6,6,255
845,1194,0,0,250
846,1194,5,0,252
847,1194,0,3,248
848,1194,0,0,251
849,1194,2,5,255
850,1194,0,6,248
851,1194,0,0,249
852,1194,0,0,251
853,1194,7,3,250
854,1194,1,0,251
547,1195,0,1,254
548,1195,0,2,255
549,1195,0,0,252
550,1195,1,1,255
551,1195,2,0,254
552,1195,0,0,254
553,1195,0,0,254
554,1195,0,0,254
555,1195,0,0,254
556,1195,0,0,254
557,1195,0,0,254
558,1195,0,0,254
559,1195,0,0,254
560,1195,0,0,253
561,1195,0,1,253
562,1195,0,3,249
563,1195,0,1,252
564,1195,7,7,255
565,1195,7,1,255
841,1195,2,7,255
842,1195,0,0,252
843,1195,11,0,245
844,1195,5,8,255
845,1195,0,2,245
846,1195,6,0,255
847,1195,4,5,255
848,1195,2,2,246
849,1195,0,0,252
850,1195,0,0,253
851,1195,0,0,250
852,1195,0,0,253
853,1195,3,2,244
854,1195,7,0,252
547,1196,0,1,254
548,1196,0,2,255
549,1196,0,0,252
550,1196,1,1,255
551,1196,2,0,254
552,1196,0,0,254
553,1196,0,0,254
554,1196,0,0,254
555,1196,0,0,254
556,1196,0,0,254
557,1196,0,0,254
558,1196,0,0,254
559,1196,0,0,254
560,1196,5,0,240
561,1196,1,0,246
562,1196,2,2,255
563,1196,2,2,255
564,1196,0,0,236
565,1196,0,0,243
566,1196,9,0,247
841,1196,0,6,251
842,1196,0,5,255
843,1196,10,0,253
844,1196,0,0,247
845,1196,0,1,246
846,1196,0,0,249
847,1196,1,3,248
848,1196,2,1,255
849,1196,0,2,253
850,1196,1,3,244
851,1196,2,2,255
852,1196,0,1,251
853,1196,5,2,255
547,1197,0,1,254
548,1197,0,2,255
549,1197,0,0,252
550,1197,1,1,255
551,1197,2,0,254
552,1197,0,0,254
553,1197,0,0,254
554,1197,0,0,254
555,1197,0,0,254
556,1197,0,0,254
557,1197,0,0,254
558,1197,0,0,254
559,1197,0,0,254
560,1197,6,0,255
561,1197,3,3,255
562,1197,3,4,242
563,1197,1,0,254
564,1197,0,0,253
565,1197,1,3,248
566,1197,7,0,254
841,1197,0,1,253
842,1197,0,0,252
843,1197,6,0,250
844,1197,2,7,246
845,1197,0,3,240
846,1197,3,0,255
847,1197,0,0,250
848,1197,3,2,255
849,1197,0,0,249
850,1197,0,0,252
851,1197,2,5,255
852,1197,2,2,255
853,1197,1,0,254
547,1198,0,1,254
548,1198,0,2,255
549,1198,0,0,252
550,1198,1,1,255
551,1198,2,0,254
552,1198,0,0,254
553,1198,0,0,254
554,1198,0,0,254
555,1198,0,0,254
556,1198,0,0,254
557,1198,0,0,254
558,1198,0,0,254
559,1198,0,0,254
560,1198,0,0,251
561,1198,0,0,235
562,1198,0,0,254
563,1198,0,0,251
564,1198,1,0,251
565,1198,2,6,253
566,1198,0,0,253
840,1198,1,0,250
841,1198,3,2,255
842,1198,3,3,255
843,1198,1,0,254
844,1198,0,0,252
845,1198,4,7,255
846,1198,0,0,249
847,1198,3,3,249
848,1198,1,0,254
849,1198,0,0,254
850,1198,3,2,255
851,1198,0,3,255
852,1198,0,0,251
853,1198,3,2,255
547,1199,0,1,254
548,1199,0,2,255
549,1199,0,0,252
550,1199,1,1,255
551,1199,2,0,254
552,1199,0,0,254
553,1199,0,0,254
554,1199,0,0,254
555,1199,0,0,254
556,1199,0,0,254
557,1199,0,0,254
558,1199,0,0,254
559,1199,0,0,254
560,1199,0,3,255
561,1199,0,9,255
562,1199,0,0,251
563,1199,8,7,255
564,1199,0,0,249
565,1199,0,5,255
566,1199,0,5,241
840,1199,3,3,255
841,1199,3,0,252
842,1199,2,2,246
843,1199,0,5,255
844,1199,0,0,245
845,1199,0,0,248
846,1199,2,6,251
847,1199,3,2,255
848,1199,3,2,255
849,1199,0,0,253
850,1199,2,3,243
851,1199,0,0,249
852,1199,2,5,255
853,1199,1,2,250
547,1200,7,0,255
548,1200,0,1,253
549,1200,1,1,255
550,1200,2,0,243
551,1200,4,1,255
552,1200,5,0,252
553,1200,7,1,255
554,1200,0,2,245
555,1200,0,0,252
556,1200,1,4,255
557,1200,1,4,243
558,1200,0,0,253
559,1200,6,1,251
560,1200,4,5,255
561,1200,0,0,248
562,1200,0,0,248
563,1200,6,1,253
564,1200,2,0,254
565,1200,0,2,251
566,1200,1,0,254
840,1200,0,0,254
841,1200,0,0,254
842,1200,0,0,254
843,1200,0,0,254
844,1200,0,0,254
845,1200,0,0,254
846,1200,0,0,254
847,1200,0,0,254
848,1200,0,0,252
849,1200,0,2,239
850,1200,9,3,255
851,1200,2,2,255
852,1200,0,0,251
853,1200,21,0,240
547,1201,8,0,255
548,1201,0,6,255
549,1201,0,3,245
550,1201,4,1,255
551,1201,0,0,253
552,1201,2,1,255
553,1201,0,0,251
554,1201,2,2,255
555,1201,0,0,252
556,1201,4,8,253
557,1201,1,1,255
558,1201,1,0,252
559,1201,0,0,250
560,1201,1,1,255
561,1201,3,3,255
562,1201,0,0,249
563,1201,9,3,255
564,1201,5,4,248
565,1201,0,7,240
566,1201,0,0,254
840,1201,0,0,254
841,1201,0,0,254
842,1201,0,0,254
843,1201,0,0,254
844,1201,0,0,254
845,1201,0,0,254
846,1201,0,0,254
847,1201,0,0,254
848,1201,0,0,254
849,1201,0,0,249
850,1201,2,0,252
851,1201,0,0,250
852,1201,0,7,255
547,1202,12,0,255
548,1202,0,0,247
549,1202,0,4,250
550,1202,0,1,243
551,1202,0,0,252
552,1202,0,0,248
553,1202,0,3,255
554,1202,0,0,245
555,1202,0,0,253
556,1202,0,0,252
557,1202,0,0,249
558,1202,2,3,254
559,1202,3,4,255
560,1202,2,4,247
561,1202,0,0,252
562,1202,8,8,255
563,1202,0,0,242
564,1202,0,0,247
565,1202,0,1,252
566,1202,1,4,239
839,1202,20,0,255
840,1202,0,0,254
841,1202,0,0,254
842,1202,0,0,254
843,1202,0,0,254
844,1202,0,0,254
845,1202,0,0,254
846,1202,0,0,254
847,1202,0,0,254
848,1202,0,0,253
849,1202,6,6,255
850,1202,3,0,253
851,1202,0,2,247
852,1202,0,6,252
548,1203,10,0,255
549,1203,4,1,255
550,1203,0,0,249
551,1203,0,2,252
552,1203,0,2,250
553,1203,0,1,253
554,1203,3,3,255
555,1203,2,1,255
556,1203,3,4,242
557,1203,2,1,253
558,1203,0,5,244
559,1203,0,3,255
560,1203,0,0,246
561,1203,0,0,236
562,1203,2,2,255
563,1203,3,2,255
564,1203,0,0,252
565,1203,0,9,252
566,1203,1,1,255
567,1203,14,0,252
569,1203,8,0,250
570,1203,8,0,255
571,1203,5,0,251
572,1203,9,1,255
573,1203,0,0,226
574,1203,10,2,255
575,1203,0,0,250
576,1203,5,4,255
839,1203,10,0,249
840,1203,0,0,254
841,1203,0,0,254
842,1203,0,0,254
843,1203,0,0,254
844,1203,0,0,254
845,1203,0,0,254
846,1203,0,0,254
847,1203,0,0,254
848,1203,0,0,249
849,1203,0,0,253
850,1203,7,1,255
851,1203,1,0,254
852,1203,0,0,245
549,1204,11,0,254
550,1204,0,0,250
551,1204,0,7,255
552,1204,0,0,254
553,1204,0,0,253
554,1204,0,0,253
555,1204,0,0,252
556,1204,0,0,253
557,1204,1,1,255
558,1204,0,0,251
559,1204,0,1,250
560,1204,2,7,255
561,1204,0,0,251
562,1204,1,1,255
563,1204,3,5,246
564,1204,5,2,255
565,1204,0,0,251
566,1204,0,3,254
567,1204,13,0,255
568,1204,0,0,248
569,1204,0,0,252
570,1204,0,0,245
571,1204,0,0,251
572,1204,0,0,252
573,1204,0,0,251
574,1204,2,2,255
575,1204,2,2,255
576,1204,0,4,243
577,1204,0,1,252
578,1204,8,0,253
839,1204,5,1,248
840,1204,0,0,254
841,1204,0,0,254
842,1204,0,0,254
843,1204,0,0,254
844,1204,0,0,254
845,1204,0,0,254
846,1204,0,0,254
847,1204,0,0,254
848,1204,0,0,237
849,1204,1,1,255
850,1204,1,0,251
851,1204,0,0,253
852,1204,0,0,252
550,1205,11,1,248
551,1205,0,0,248
552,1205,11,0,255
553,1205,6,0,244
554,1205,8,2,255
555,1205,1,0,254
556,1205,1,1,255
557,1205,0,0,245
558,1205,2,2,255
559,1205,0,4,236
560,1205,0,0,251
561,1205,7,4,255
562,1205,0,0,249
563,1205,0,1,250
564,1205,0,0,249
565,1205,0,0,254
566,1205,0,2,255
567,1205,2,0,245
568,1205,0,0,251
569,1205,0,0,254
570,1205,4,7,246
571,1205,5,8,255
572,1205,2,5,255
573,1205,0,0,247
574,1205,0,0,249
575,1205,0,0,251
576,1205,0,2,254
577,1205,1,4,255
578,1205,6,7,255
579,1205,5,0,255
580,1205,14,0,245
839,1205,0,0,248
840,1205,0,0,254
841,1205,0,0,254
842,1205,0,0,254
843,1205,0,0,254
844,1205,0,0,254
845,1205,0,0,254
846,1205,0,0,254
847,1205,0,0,254
848,1205,0,1,246
849,1205,7,7,255
850,1205,1,0,251
851,1205,5,4,255
852,1205,0,0,245
554,1206,7,0,252
555,1206,0,0,253
556,1206,0,2,252
557,1206,0,3,255
558,1206,0,0,249
559,1206,7,1,255
560,1206,1,6,255
561,1206,8,2,255
562,1206,0,0,236
563,1206,2,7,255
564,1206,1,0,254
565,1206,5,4,255
566,1206,1,6,255
567,1206,0,0,247
568,1206,3,3,255
569,1206,3,3,255
570,1206,0,0,252
571,1206,0,0,250
572,1206,0,4,253
573,1206,0,2,255
574,1206,0,0,250
575,1206,0,3,252
576,1206,0,0,250
577,1206,5,0,254
578,1206,0,0,242
579,1206,0,1,250
580,1206,0,3,255
583,1206,16,0,255
584,1206,0,4,254
585,1206,0,5,250
586,1206,0,2,238
587,1206,0,0,249
588,1206,5,5,255
589,1206,7,0,246
839,1206,1,1,255
840,1206,0,0,254
841,1206,0,0,254
842,1206,0,0,254
843,1206,0,0,254
844,1206,0,0,254
845,1206,0,0,254
846,1206,0,0,254
847,1206,0,0,254
848,1206,3,7,254
849,1206,0,0,248
850,1206,8,2,255
851,1206,6,5,255
852,1206,0,4,255
554,1207,10,0,255
555,1207,0,0,253
556,1207,0,3,255
557,1207,0,0,248
558,1207,5,4,255
559,1207,4,0,253
560,1207,0,0,249
561,1207,6,0,254
562,1207,0,0,245
563,1207,0,0,252
564,1207,5,4,255
565,1207,0,0,249
566,1207,0,3,236
567,1207,0,0,253
568,1207,0,1,251
569,1207,0,0,253
570,1207,2,2,255
571,1207,0,0,237
572,1207,5,7,248
573,1207,1,4,255
574,1207,0,1,254
575,1207,0,1,254
576,1207,4,0,246
577,1207,3,6,245
578,1207,0,1,253
579,1207,2,5,255
580,1207,0,0,244
581,1207,6,0,244
582,1207,7,2,252
583,1207,0,0,252
584,1207,8,0,255
585,1207,0,0,249
586,1207,5,2,255
587,1207,0,0,247
588,1207,0,2,254
589,1207,0,0,247
590,1207,15,0,247
839,1207,0,1,246
840,1207,0,0,254
841,1207,0,0,254
842,1207,0,0,254
843,1207,0,0,254
844,1207,0,0,254
845,1207,0,0,254
846,1207,0,0,254
847,1207,0,0,254
848,1207,0,4,251
849,1207,0,0,245
850,1207,5,0,255
851,1207,0,0,246
852,1207,0,1,254
554,1208,0,3,250
555,1208,0,0,252
556,1208,10,0,252
557,1208,7,0,255
558,1208,2,0,247
559,1208,0,1,254
560,1208,0,0,254
561,1208,0,0,254
562,1208,0,0,254
563,1208,0,0,254
564,1208,0,0,254
565,1208,0,0,254
566,1208,0,0,254
567,1208,0,0,254
568,1208,0,0,254
569,1208,0,0,254
570,1208,0,0,254
571,1208,0,0,254
572,1208,0,0,254
573,1208,0,0,254
574,1208,0,0,254
575,1208,0,0,254
576,1208,0,0,254
577,1208,0,0,254
578,1208,0,0,254
579,1208,0,0,254
580,1208,0,0,254
581,1208,0,0,254
582,1208,0,0,254
583,1208,0,0,254
584,1208,0,0,254
585,1208,0,0,254
586,1208,0,0,254
587,1208,0,0,254
588,1208,0,0,254
589,1208,0,0,254
590,1208,0,0,254
591,1208,0,0,254
839,1208,6,0,253
840,1208,0,0,254
841,1208,0,0,254
842,1208,0,0,254
843,1208,0,0,254
844,1208,0,0,254
845,1208,0,0,254
846,1208,0,0,254
847,1208,0,0,254
848,1208,2,0,254
849,1208,1,1,255
850,1208,0,0,252
851,1208,0,2,255
852,1208,0,1,254
554,1209,6,3,255
555,1209,0,1,253
556,1209,2,0,246
557,1209,0,0,241
558,1209,2,1,255
559,1209,0,0,252
560,1209,0,0,254
561,1209,0,0,254
562,1209,0,0,254
563,1209,0,0,254
564,1209,0,0,254
565,1209,0,0,254
566,1209,0,0,254
567,1209,0,0,254
568,1209,0,0,254
569,1209,0,0,254
570,1209,0,0,254
571,1209,0,0,254
572,1209,0,0,254
573,1209,0,0,254
574,1209,0,0,254
575,1209,0,0,254
576,1209,0,0,254
577,1209,0,0,254
578,1209,0,0,254
579,1209,0,0,254
580,1209,0,0,254
581,1209,0,0,254
582,1209,0,0,254
583,1209,0,0,254
584,1209,0,0,254
585,1209,0,0,254
586,1209,0,0,254
587,1209,0,0,254
588,1209,0,0,254
589,1209,0,0,254
590,1209,0,0,254
591,1209,0,0,254
592,1209,12,0,250
838,1209,8,0,253
839,1209,8,1,252
840,1209,0,0,254
841,1209,0,0,254
842,1209,0,0,254
843,1209,0,0,254
844,1209,0,0,254
845,1209,0,0,254
846,1209,0,0,254
847,1209,0,0,254
848,1209,2,0,254
849,1209,1,1,255
850,1209,0,0,252
851,1209,0,2,255
852,1209,0,1,254
554,1210,9,0,254
555,1210,4,4,255
556,1210,0,1,254
557,1210,0,4,254
558,1210,0,0,245
559,1210,5,2,255
560,1210,0,0,254
561,1210,0,0,254
562,1210,0,0,254
563,1210,0,0,254
564,1210,0,0,254
565,1210,0,0,254
566,1210,0,0,254
567,1210,0,0,254
568,1210,0,0,254
569,1210,0,0,254
570,1210,0,0,254
571,1210,0,0,254
572,1210,0,0,254
573,1210,0,0,254
574,1210,0,0,254
575,1210,0,0,254
576,1210,0,0,254
577,1210,0,0,254
578,1210,0,0,254
579,1210,0,0,254
580,1210,0,0,254
581,1210,0,0,254
582,1210,0,0,254
583,1210,0,0,254
584,1210,0,0,254
585,1210,0,0,254
586,1210,0,0,254
587,1210,0,0,254
588,1210,0,0,254
589,1210,0,0,254
590,1210,0,0,254
591,1210,0,0,254
592,1210,10,0,241
837,1210,9,0,254
838,1210,3,0,253
839,1210,0,0,251
840,1210,0,0,254
841,1210,0,0,254
842,1210,0,0,254
843,1210,0,0,254
844,1210,0,0,254
845,1210,0,0,254
846,1210,0,0,254
847,1210,0,0,254
848,1210,2,0,254
849,1210,1,1,255
850,1210,0,0,252
851,1210,0,2,255
852,1210,0,1,254
555,1211,3,0,251
556,1211,0,0,251
557,1211,0,1,250
558,1211,0,3,242
559,1211,6,0,255
560,1211,0,0,254
561,1211,0,0,254
562,1211,0,0,254
563,1211,0,0,254
564,1211,0,0,254
565,1211,0,0,254
566,1211,0,0,254
567,1211,0,0,254
568,1211,0,0,254
569,1211,0,0,254
570,1211,0,0,254
571,1211,0,0,254
572,1211,0,0,254
573,1211,0,0,254
574,1211,0,0,254
575,1211,0,0,254
576,1211,0,0,254
577,1211,0,0,254
578,1211,0,0,254
579,1211,0,0,254
580,1211,0,0,254
581,1211,0,0,254
582,1211,0,0,254
583,1211,0,0,254
584,1211,0,0,254
585,1211,0,0,254
586,1211,0,0,254
587,1211,0,0,254
588,1211,0,0,254
589,1211,0,0,254
590,1211,0,0,254
591,1211,0,0,254
592,1211,6,3,255
593,1211,3,0,250
836,1211,9,0,251
837,1211,1,1,249
838,1211,4,7,255
839,1211,0,0,253
840,1211,0,0,254
841,1211,0,0,254
842,1211,0,0,254
843,1211,0,0,254
844,1211,0,0,254
845,1211,0,0,254
846,1211,0,0,254
847,1211,0,0,254
848,1211,2,0,254
849,1211,1,1,255
850,1211,0,0,252
851,1211,0,2,255
852,1211,0,1,254
555,1212,13,0,255
556,1212,0,5,246
557,1212,0,4,253
558,1212,0,5,243
559,1212,2,0,241
560,1212,0,0,254
561,1212,0,0,254
562,1212,0,0,254
563,1212,0,0,254
564,1212,0,0,254
565,1212,0,0,254
566,1212,0,0,254
567,1212,0,0,254
568,1212,0,0,254
569,1212,0,0,254
570,1212,0,0,254
571,1212,0,0,254
572,1212,0,0,254
573,1212,0,0,254
574,1212,0,0,254
575,1212,0,0,254
576,1212,0,0,254
577,1212,0,0,254
578,1212,0,0,254
579,1212,0,0,254
580,1212,0,0,254
581,1212,0,0,254
582,1212,0,0,254
583,1212,0,0,254
584,1212,0,0,254
585,1212,0,0,254
586,1212,0,0,254
587,1212,0,0,254
588,1212,0,0,254
589,1212,0,0,254
590,1212,0,0,254
591,1212,0,0,254
592,1212,0,0,251
593,1212,6,6,255
836,1212,0,0,253
837,1212,0,8,239
838,1212,0,1,253
839,1212,0,0,243
840,1212,0,0,254
841,1212,0,0,254
842,1212,0,0,254
843,1212,0,0,254
844,1212,0,0,254
845,1212,0,0,254
846,1212,0,0,254
847,1212,0,0,254
848,1212,2,0,254
849,1212,1,1,255
850,1212,0,0,252
851,1212,0,2,255
852,1212,0,1,254
556,1213,1,0,253
557,1213,2,2,255
558,1213,0,0,248
559,1213,3,0,255
560,1213,0,0,254
561,1213,0,0,254
562,1213,0,0,254
563,1213,0,0,254
564,1213,0,0,254
565,1213,0,0,254
566,1213,0,0,254
567,1213,0,0,254
568,1213,0,0,254
569,1213,0,0,254
570,1213,0,0,254
571,1213,0,0,254
572,1213,0,0,254
573,1213,0,0,254
574,1213,0,0,254
575,1213,0,0,254
576,1213,0,0,254
577,1213,0,0,254
578,1213,0,0,254
579,1213,0,0,254
580,1213,0,0,254
581,1213,0,0,254
582,1213,0,0,254
583,1213,0,0,254
584,1213,0,0,254
585,1213,0,0,254
586,1213,0,0,254
587,1213,0,0,254
588,1213,0,0,254
589,1213,0,0,254
590,1213,0,0,254
591,1213,0,0,254
592,1213,0,0,249
593,1213,0,0,250
594,1213,8,0,239
836,1213,0,0,250
837,1213,0,0,250
838,1213,1,4,255
839,1213,0,1,254
840,1213,0,0,254
841,1213,0,0,254
842,1213,0,0,254
843,1213,0,0,254
844,1213,0,0,254
845,1213,0,0,254
846,1213,0,0,254
847,1213,0,0,254
848,1213,2,0,254
849,1213,1,1,255
850,1213,0,0,252
851,1213,0,2,255
852,1213,0,1,254
556,1214,6,0,246
557,1214,10,0,234
558,1214,9,3,255
559,1214,0,0,252
560,1214,0,0,254
561,1214,0,0,254
562,1214,0,0,254
563,1214,0,0,254
564,1214,0,0,254
565,1214,0,0,254
566,1214,0,0,254
567,1214,0,0,254
568,1214,0,0,254
569,1214,0,0,254
570,1214,0,0,254
571,1214,0,0,254
572,1214,0,0,254
573,1214,0,0,254
574,1214,0,0,254
575,1214,0,0,254
576,1214,0,0,254
577,1214,0,0,254
578,1214,0,0,254
579,1214,0,0,254
580,1214,0,0,254
581,1214,0,0,254
582,1214,0,0,254
583,1214,0,0,254
584,1214,0,0,254
585,1214,0,0,254
586,1214,0,0,254
587,1214,0,0,254
588,1214,0,0,254
589,1214,0,0,254
590,1214,0,0,254
591,1214,0,0,254
592,1214,3,8,255
593,1214,0,0,253
594,1214,3,3,255
595,1214,8,0,251
836,1214,0,3,255
837,1214,2,0,254
838,1214,0,0,247
839,1214,1,5,250
840,1214,0,0,254
841,1214,0,0,254
842,1214,0,0,254
843,1214,0,0,254
844,1214,0,0,254
845,1214,0,0,254
846,1214,0,0,254
847,1214,0,0,254
848,1214,2,0,254
849,1214,1,1,255
850,1214,0,0,252
851,1214,0,2,255
852,1214,0,1,254
558,1215,10,0,255
559,1215,1,4,255
560,1215,0,0,254
561,1215,0,0,254
562,1215,0,0,254
563,1215,0,0,254
564,1215,0,0,254
565,1215,0,0,254
566,1215,0,0,254
567,1215,0,0,254
568,1215,0,0,254
569,1215,0,0,254
570,1215,0,0,254
571,1215,0,0,254
572,1215,0,0,254
573,1215,0,0,254
574,1215,0,0,254
575,1215,0,0,254
576,1215,0,0,254
577,1215,0,0,254
578,1215,0,0,254
579,1215,0,0,254
580,1215,0,0,254
581,1215,0,0,254
582,1215,0,0,254
583,1215,0,0,254
584,1215,0,0,254
585,1215,0,0,254
586,1215,0,0,254
587,1215,0,0,254
588,1215,0,0,254
589,1215,0,0,254
590,1215,0,0,254
591,1215,0,0,254
592,1215,0,0,251
593,1215,0,0,250
594,1215,0,8,255
595,1215,0,0,243
836,1215,1,9,255
837,1215,2,0,249
838,1215,7,1,255
839,1215,0,0,252
840,1215,0,0,254
841,1215,0,0,254
842,1215,0,0,254
843,1215,0,0,254
844,1215,0,0,254
845,1215,0,0,254
846,1215,0,0,254
847,1215,0,0,254
848,1215,2,0,254
849,1215,1,1,255
850,1215,0,0,252
851,1215,0,2,255
852,1215,0,1,254
558,1216,0,0,248
559,1216,0,6,254
560,1216,0,0,252
561,1216,2,6,253
562,1216,0,0,252
563,1216,2,5,255
564,1216,4,5,255
565,1216,0,0,254
566,1216,0,0,249
567,1216,3,4,255
568,1216,0,2,254
569,1216,0,4,253
570,1216,0,2,252
571,1216,2,7,255
572,1216,0,0,250
573,1216,1,1,255
574,1216,1,0,254
575,1216,2,1,253
576,1216,2,1,255
577,1216,6,5,255
578,1216,0,0,237
579,1216,0,0,254
580,1216,2,3,254
581,1216,0,0,250
582,1216,1,1,255
583,1216,0,0,247
584,1216,0,0,254
585,1216,0,0,254
586,1216,0,0,254
587,1216,0,0,254
588,1216,0,0,254
589,1216,0,0,254
590,1216,0,0,254
591,1216,0,0,254
592,1216,2,0,254
593,1216,0,3,252
594,1216,0,2,251
595,1216,3,0,244
836,1216,0,0,249
837,1216,1,0,254
838,1216,0,6,248
839,1216,0,2,245
840,1216,0,0,254
841,1216,0,0,254
842,1216,0,0,254
843,1216,0,0,254
844,1216,0,0,254
845,1216,0,0,254
846,1216,0,0,254
847,1216,0,0,254
848,1216,6,3,255
849,1216,4,4,255
850,1216,1,6,255
851,1216,3,0,250
558,1217,1,1,255
559,1217,0,5,255
560,1217,0,0,251
561,1217,0,2,253
562,1217,0,1,237
563,1217,0,0,248
564,1217,1,1,255
565,1217,0,0,252
566,1217,0,0,251
567,1217,0,0,239
568,1217,4,3,255
569,1217,0,0,250
570,1217,2,1,255
571,1217,2,2,250
572,1217,0,0,254
573,1217,0,1,249
574,1217,4,4,255
575,1217,0,0,251
576,1217,4,3,255
577,1217,0,0,248
578,1217,0,0,245
579,1217,6,6,255
580,1217,1,3,248
581,1217,0,0,253
582,1217,0,0,254
583,1217,0,0,254
584,1217,0,0,254
585,1217,0,0,254
586,1217,0,0,254
587,1217,0,0,254
588,1217,0,0,254
589,1217,0,0,254
590,1217,0,0,254
591,1217,0,0,254
592,1217,7,1,247
593,1217,0,0,253
594,1217,0,6,255
595,1217,0,1,251
596,1217,14,0,249
836,1217,2,1,255
837,1217,3,0,252
838,1217,0,0,253
839,1217,2,0,249
840,1217,0,0,254
841,1217,0,0,254
842,1217,0,0,254
843,1217,0,0,254
844,1217,0,0,254
845,1217,0,0,254
846,1217,0,0,254
847,1217,0,0,254
848,1217,0,0,238
849,1217,1,1,255
850,1217,0,0,250
851,1217,3,0,247
558,1218,5,0,255
559,1218,0,3,242
560,1218,2,0,236
561,1218,7,1,255
562,1218,7,1,255
563,1218,1,0,242
564,1218,7,1,255
565,1218,0,0,250
566,1218,10,4,255
567,1218,6,0,255
568,1218,0,2,251
569,1218,1,5,252
570,1218,0,1,246
571,1218,1,4,255
572,1218,0,0,248
573,1218,1,1,255
574,1218,0,0,252
575,1218,1,0,254
576,1218,0,0,238
577,1218,0,0,247
578,1218,4,4,255
579,1218,0,0,254
580,1218,0,0,252
581,1218,2,2,255
582,1218,0,0,251
583,1218,0,2,245
584,1218,0,0,254
585,1218,0,0,254
586,1218,0,0,254
587,1218,0,0,254
588,1218,0,0,254
589,1218,0,0,254
590,1218,0,0,254
591,1218,0,0,254
592,1218,4,0,253
593,1218,3,2,255
594,1218,0,0,253
595,1218,0,3,255
596,1218,4,1,255
836,1218,4,4,255
837,1218,0,0,252
838,1218,0,3,255
839,1218,0,0,254
840,1218,0,0,254
841,1218,0,0,254
842,1218,0,0,254
843,1218,0,0,254
844,1218,0,0,254
845,1218,0,0,254
846,1218,0,0,254
847,1218,0,0,254
848,1218,0,7,255
849,1218,1,2,242
850,1218,5,5,255
851,1218,5,0,252
558,1219,11,0,249
559,1219,3,0,250
560,1219,1,2,253
561,1219,0,0,250
562,1219,0,2,244
563,1219,0,0,253
564,1219,0,0,252
565,1219,1,4,255
566,1219,3,6,255
567,1219,0,0,252
568,1219,0,0,252
569,1219,0,0,253
570,1219,0,0,251
571,1219,2,1,255
572,1219,0,0,248
573,1219,3,3,249
574,1219,2,1,252
575,1219,3,2,255
576,1219,0,0,254
577,1219,4,4,255
578,1219,3,3,255
579,1219,4,3,255
580,1219,4,3,254
581,1219,2,4,239
582,1219,3,2,255
583,1219,6,5,255
584,1219,0,0,254
585,1219,0,0,254
586,1219,0,0,254
587,1219,0,0,254
588,1219,0,0,254
589,1219,0,0,254
590,1219,0,0,254
591,1219,0,0,254
592,1219,0,0,244
593,1219,3,2,253
594,1219,0,0,252
595,1219,3,3,255
596,1219,0,3,248
597,1219,2,1,255
598,1219,12,0,248
603,1219,2,0,231
604,1219,0,0,252
605,1219,7,2,252
606,1219,5,0,245
836,1219,0,0,250
837,1219,0,1,249
838,1219,0,2,254
839,1219,0,7,238
840,1219,0,0,254
841,1219,0,0,254
842,1219,0,0,254
843,1219,0,0,254
844,1219,0,0,254
845,1219,0,0,254
846,1219,0,0,254
847,1219,0,0,254
848,1219,0,2,254
849,1219,5,0,241
850,1219,12,0,255
559,1220,18,0,255
560,1220,2,2,255
561,1220,6,6,255
562,1220,0,0,254
563,1220,0,1,250
564,1220,6,9,255
565,1220,0,0,249
566,1220,0,0,240
567,1220,0,0,248
568,1220,7,0,254
569,1220,7,0,254
570,1220,0,0,248
571,1220,3,0,244
572,1220,0,0,252
573,1220,4,4,252
574,1220,0,0,248
575,1220,0,0,251
576,1220,2,3,254
577,1220,0,0,248
578,1220,0,0,253
579,1220,6,5,255
580,1220,0,0,239
581,1220,3,2,255
582,1220,5,2,255
583,1220,0,0,249
584,1220,0,0,254
585,1220,0,0,254
586,1220,0,0,254
587,1220,0,0,254
588,1220,0,0,254
589,1220,0,0,254
590,1220,0,0,254
591,1220,0,0,254
592,1220,0,8,250
593,1220,0,0,253
594,1220,5,0,249
595,1220,2,0,251
596,1220,0,0,254
597,1220,0,1,253
598,1220,3,0,253
599,1220,10,0,253
600,1220,3,0,250
601,1220,1,0,253
602,1220,3,0,255
603,1220,4,3,255
604,1220,2,2,250
605,1220,3,1,252
606,1220,3,2,246
607,1220,3,0,246
608,1220,15,0,255
836,1220,6,0,255
837,1220,7,1,255
838,1220,1,0,253
839,1220,0,0,251
840,1220,0,0,254
841,1220,0,0,254
842,1220,0,0,254
843,1220,0,0,254
844,1220,0,0,254
845,1220,0,0,254
846,1220,0,0,254
847,1220,0,0,254
848,1220,0,0,251
560,1221,0,0,251
561,1221,2,1,255
562,1221,0,0,237
563,1221,0,1,251
564,1221,0,4,251
565,1221,0,0,244
566,1221,0,4,255
567,1221,0,1,253
568,1221,0,4,255
569,1221,0,2,251
570,1221,0,8,255
571,1221,0,5,255
572,1221,0,4,240
573,1221,0,0,252
574,1221,5,4,255
575,1221,3,2,254
576,1221,0,0,250
577,1221,0,0,251
578,1221,1,1,255
579,1221,0,0,238
580,1221,0,0,253
581,1221,0,0,247
582,1221,3,3,241
583,1221,7,1,255
584,1221,0,0,254
585,1221,0,0,254
586,1221,0,0,254
587,1221,0,0,254
588,1221,0,0,254
589,1221,0,0,254
590,1221,0,0,254
591,1221,0,0,254
592,1221,0,5,254
593,1221,3,6,255
594,1221,5,0,247
595,1221,9,3,251
596,1221,3,3,249
597,1221,0,3,249
598,1221,0,2,255
599,1221,0,0,251
600,1221,18,0,248
601,1221,6,0,251
602,1221,0,0,253
603,1221,0,2,244
604,1221,0,2,251
605,1221,0,5,255
606,1221,2,6,238
607,1221,8,2,255
608,1221,5,0,255
609,1221,8,0,248
836,1221,12,1,245
837,1221,0,0,244
838,1221,4,3,255
839,1221,0,1,253
840,1221,0,0,254
841,1221,0,0,254
842,1221,0,0,254
843,1221,0,0,254
844,1221,0,0,254
845,1221,0,0,254
846,1221,0,0,254
847,1221,0,0,254
848,1221,3,2,255
561,1222,1,0,248
562,1222,7,0,255
563,1222,0,0,246
564,1222,4,1,255
565,1222,2,2,236
566,1222,3,2,255
567,1222,0,0,253
568,1222,0,0,251
569,1222,3,3,255
570,1222,0,0,253
571,1222,0,0,251
572,1222,0,2,245
573,1222,0,0,250
574,1222,0,0,247
575,1222,0,0,253
576,1222,0,0,252
577,1222,0,0,250
578,1222,0,1,251
579,1222,6,5,255
580,1222,6,3,255
581,1222,3,3,239
582,1222,5,0,252
583,1222,0,0,250
584,1222,0,0,254
585,1222,0,0,254
586,1222,0,0,254
587,1222,0,0,254
588,1222,0,0,254
589,1222,0,0,254
590,1222,0,0,254
591,1222,0,0,254
592,1222,0,1,253
593,1222,3,6,255
594,1222,6,5,255
595,1222,0,0,248
596,1222,0,1,249
597,1222,0,3,255
598,1222,0,1,254
599,1222,2,2,255
600,1222,0,5,255
601,1222,0,5,255
602,1222,3,3,247
603,1222,9,6,255
604,1222,1,0,249
605,1222,0,0,248
606,1222,6,3,255
607,1222,0,0,239
608,1222,0,0,252
609,1222,2,2,250
610,1222,5,0,251
835,1222,17,0,255
836,1222,2,0,251
837,1222,4,4,255
838,1222,0,0,254
839,1222,0,8,249
840,1222,0,0,254
841,1222,0,0,254
842,1222,0,0,254
843,1222,0,0,254
844,1222,0,0,254
845,1222,0,0,254
846,1222,0,0,254
847,1222,0,0,254
848,1222,0,1,240
572,1223,13,0,255
573,1223,5,0,255
574,1223,2,5,255
575,1223,0,2,254
576,1223,0,0,252
577,1223,4,4,255
578,1223,0,0,240
579,1223,4,3,255
580,1223,0,0,251
581,1223,5,0,252
582,1223,3,0,253
584,1223,0,0,254
585,1223,0,0,254
586,1223,0,0,254
587,1223,0,0,254
588,1223,0,0,254
589,1223,0,0,254
590,1223,0,0,254
591,1223,0,0,254
592,1223,0,0,250
593,1223,0,0,249
594,1223,1,6,255
595,1223,0,7,250
596,1223,0,0,249
597,1223,0,0,254
598,1223,2,3,243
599,1223,1,0,253
600,1223,0,2,254
601,1223,0,0,250
602,1223,0,3,255
603,1223,0,0,250
604,1223,4,6,251
605,1223,1,1,255
606,1223,0,3,255
607,1223,0,1,254
608,1223,0,2,255
609,1223,0,4,254
610,1223,2,3,254
832,1223,0,0,250
833,1223,0,1,235
834,1223,2,2,255
835,1223,2,1,255
836,1223,0,0,244
837,1223,6,5,255
838,1223,9,0,255
839,1223,0,0,244
840,1223,0,0,254
841,1223,0,0,254
842,1223,0,0,254
843,1223,0,0,254
844,1223,0,0,254
845,1223,0,0,254
846,1223,0,0,254
847,1223,0,0,254
848,1223,0,1,250
574,1224,15,0,255
575,1224,7,0,242
576,1224,0,1,252
577,1224,0,4,255
578,1224,2,0,249
579,1224,9,0,254
584,1224,5,5,253
585,1224,4,0,254
586,1224,3,0,246
587,1224,3,3,255
588,1224,0,2,248
589,1224,0,0,248
590,1224,3,5,250
591,1224,10,0,255
592,1224,0,0,254
593,1224,0,0,254
594,1224,0,0,254
595,1224,0,0,254
596,1224,0,0,254
597,1224,0,0,254
598,1224,0,0,254
599,1224,0,0,254
600,1224,0,0,254
601,1224,0,0,254
602,1224,0,0,254
603,1224,0,0,254
604,1224,0,0,254
605,1224,0,0,254
606,1224,0,0,254
607,1224,0,0,254
608,1224,0,5,255
609,1224,0,0,242
610,1224,18,0,255
830,1224,8,0,255
831,1224,3,1,252
832,1224,0,0,254
833,1224,0,0,254
834,1224,0,0,254
835,1224,0,0,254
836,1224,0,0,254
837,1224,0,0,254
838,1224,0,0,254
839,1224,0,0,254
840,1224,1,2,250
841,1224,0,0,253
842,1224,3,2,255
843,1224,2,1,255
844,1224,3,0,255
845,1224,4,1,255
846,1224,2,1,255
847,1224,0,0,253
848,1224,9,0,244
584,1225,0,1,250
585,1225,0,0,251
586,1225,6,4,253
587,1225,1,1,255
588,1225,0,0,250
589,1225,0,2,254
590,1225,0,0,254
591,1225,8,2,255
592,1225,0,0,254
593,1225,0,0,254
594,1225,0,0,254
595,1225,0,0,254
596,1225,0,0,254
597,1225,0,0,254
598,1225,0,0,254
599,1225,0,0,254
600,1225,0,0,254
601,1225,0,0,254
602,1225,0,0,254
603,1225,0,0,254
604,1225,0,0,254
605,1225,0,0,254
606,1225,0,0,254
607,1225,0,0,254
608,1225,0,0,252
609,1225,4,5,255
610,1225,12,2,247
829,1225,5,0,255
830,1225,2,1,255
831,1225,0,3,242
832,1225,0,0,254
833,1225,0,0,254
834,1225,0,0,254
835,1225,0,0,254
836,1225,0,0,254
837,1225,0,0,254
838,1225,0,0,254
839,1225,0,0,254
840,1225,0,0,243
841,1225,1,1,255
842,1225,5,4,255
843,1225,0,0,251
844,1225,2,2,248
845,1225,0,0,246
846,1225,0,2,241
847,1225,0,0,254
848,1225,14,0,255
584,1226,0,0,251
585,1226,1,6,255
586,1226,0,0,248
587,1226,3,3,247
588,1226,0,3,245
589,1226,0,5,244
590,1226,0,0,253
591,1226,0,0,247
592,1226,0,0,254
593,1226,0,0,254
594,1226,0,0,254
595,1226,0,0,254
596,1226,0,0,254
597,1226,0,0,254
598,1226,0,0,254
599,1226,0,0,254
600,1226,0,0,254
601,1226,0,0,254
602,1226,0,0,254
603,1226,0,0,254
604,1226,0,0,254
605,1226,0,0,254
606,1226,0,0,254
607,1226,0,0,254
608,1226,0,3,245
609,1226,0,0,252
610,1226,3,4,254
611,1226,0,0,249
612,1226,11,0,255
829,1226,0,4,255
830,1226,0,0,238
831,1226,5,4,255
832,1226,0,0,254
833,1226,0,0,254
834,1226,0,0,254
835,1226,0,0,254
836,1226,0,0,254
837,1226,0,0,254
838,1226,0,0,254
839,1226,0,0,254
840,1226,2,4,245
841,1226,0,0,249
842,1226,3,2,255
843,1226,0,0,253
844,1226,6,9,255
845,1226,0,3,245
846,1226,2,5,255
847,1226,0,0,254
584,1227,0,2,253
585,1227,0,4,246
586,1227,2,2,255
587,1227,4,3,255
588,1227,0,0,243
589,1227,0,0,243
590,1227,0,1,254
591,1227,0,1,250
592,1227,0,0,254
593,1227,0,0,254
594,1227,0,0,254
595,1227,0,0,254
596,1227,0,0,254
597,1227,0,0,254
598,1227,0,0,254
599,1227,0,0,254
600,1227,0,0,254
601,1227,0,0,254
602,1227,0,0,254
603,1227,0,0,254
604,1227,0,0,254
605,1227,0,0,254
606,1227,0,0,254
607,1227,0,0,254
608,1227,0,0,241
609,1227,0,0,251
610,1227,2,7,255
611,1227,0,3,255
612,1227,0,0,253
613,1227,7,0,249
614,1227,12,0,245
616,1227,0,0,254
617,1227,0,0,254
618,1227,0,0,254
619,1227,0,0,254
620,1227,0,0,254
621,1227,0,0,254
622,1227,0,0,254
623,1227,0,0,254
624,1227,0,0,252
625,1227,12,0,254
829,1227,0,9,246
830,1227,0,0,250
831,1227,4,0,253
832,1227,0,0,254
833,1227,0,0,254
834,1227,0,0,254
835,1227,0,0,254
836,1227,0,0,254
837,1227,0,0,254
838,1227,0,0,254
839,1227,0,0,254
840,1227,3,3,255
841,1227,0,0,251
842,1227,0,0,252
843,1227,1,3,244
844,1227,0,0,250
845,1227,0,6,255
846,1227,0,0,242
847,1227,3,2,255
584,1228,6,6,255
585,1228,3,3,255
586,1228,0,0,248
587,1228,7,6,255
588,1228,3,2,255
589,1228,0,1,242
590,1228,4,7,255
591,1228,0,4,255
592,1228,0,0,254
593,1228,0,0,254
594,1228,0,0,254
595,1228,0,0,254
596,1228,0,0,254
597,1228,0,0,254
598,1228,0,0,254
599,1228,0,0,254
600,1228,0,0,254
601,1228,0,0,254
602,1228,0,0,254
603,1228,0,0,254
604,1228,0,0,254
605,1228,0,0,254
606,1228,0,0,254
607,1228,0,0,254
608,1228,4,0,254
609,1228,5,3,252
610,1228,0,0,247
611,1228,0,2,244
612,1228,0,3,255
613,1228,0,2,249
614,1228,0,0,254
615,1228,0,0,253
616,1228,1,1,255
617,1228,1,1,255
618,1228,1,1,255
619,1228,1,1,255
620,1228,1,1,255
621,1228,1,1,255
622,1228,1,1,255
623,1228,1,1,255
624,1228,5,0,255
625,1228,0,1,242
626,1228,0,0,250
627,1228,12,0,253
828,1228,1,0,251
829,1228,0,0,244
830,1228,0,3,252
831,1228,2,0,247
832,1228,0,0,254
833,1228,0,0,254
834,1228,0,0,254
835,1228,0,0,254
836,1228,0,0,254
837,1228,0,0,254
838,1228,0,0,254
839,1228,0,0,254
840,1228,0,0,253
841,1228,7,6,255
842,1228,2,0,254
843,1228,0,0,249
844,1228,0,1,236
845,1228,0,4,255
846,1228,0,0,250
847,1228,6,0,249
584,1229,7,0,250
585,1229,9,0,249
586,1229,0,0,235
587,1229,0,1,251
588,1229,2,2,255
589,1229,1,0,254
590,1229,0,1,246
591,1229,0,2,244
592,1229,0,0,254
593,1229,0,0,254
594,1229,0,0,254
595,1229,0,0,254
596,1229,0,0,254
597,1229,0,0,254
598,1229,0,0,254
599,1229,0,0,254
600,1229,0,0,254
601,1229,0,0,254
602,1229,0,0,254
603,1229,0,0,254
604,1229,0,0,254
605,1229,0,0,254
606,1229,0,0,254
607,1229,0,0,254
608,1229,2,0,251
609,1229,1,0,253
610,1229,4,1,255
611,1229,3,3,251
612,1229,0,0,251
613,1229,0,0,252
614,1229,0,3,254
615,1229,0,5,251
616,1229,0,0,252
617,1229,0,0,252
618,1229,0,0,252
619,1229,0,0,252
620,1229,0,0,252
621,1229,0,0,252
622,1229,0,0,252
623,1229,0,0,252
624,1229,4,0,254
625,1229,0,0,248
626,1229,0,4,255
627,1229,0,2,254
628,1229,1,0,248
828,1229,3,6,255
829,1229,9,8,255
830,1229,0,3,252
831,1229,5,0,253
832,1229,0,0,254
833,1229,0,0,254
834,1229,0,0,254
835,1229,0,0,254
836,1229,0,0,254
837,1229,0,0,254
838,1229,0,0,254
839,1229,0,0,254
840,1229,0,0,250
841,1229,0,0,252
842,1229,5,0,255
843,1229,5,4,255
844,1229,0,0,251
845,1229,0,0,249
846,1229,11,1,255
585,1230,12,0,238
586,1230,6,2,247
587,1230,0,2,255
588,1230,0,2,249
589,1230,0,0,251
590,1230,6,5,255
591,1230,0,0,254
592,1230,0,0,254
593,1230,0,0,254
594,1230,0,0,254
595,1230,0,0,254
596,1230,0,0,254
597,1230,0,0,254
598,1230,0,0,254
599,1230,0,0,254
600,1230,0,0,254
601,1230,0,0,254
602,1230,0,0,254
603,1230,0,0,254
604,1230,0,0,254
605,1230,0,0,254
606,1230,0,0,254
607,1230,0,0,254
608,1230,4,3,255
609,1230,0,0,237
610,1230,1,0,252
611,1230,6,5,255
612,1230,0,0,245
613,1230,0,0,253
614,1230,3,4,255
615,1230,0,0,253
616,1230,0,3,255
617,1230,0,3,255
618,1230,0,3,255
619,1230,0,3,255
620,1230,0,3,255
621,1230,0,3,255
622,1230,0,3,255
623,1230,0,3,255
624,1230,1,4,255
625,1230,0,0,253
626,1230,7,4,255
627,1230,0,1,243
628,1230,0,2,254
629,1230,0,0,254
630,1230,11,0,237
634,1230,7,0,246
635,1230,5,5,255
636,1230,0,0,249
637,1230,0,2,238
638,1230,0,5,250
639,1230,0,4,254
640,1230,0,0,251
641,1230,0,0,251
642,1230,0,0,251
643,1230,0,0,251
644,1230,0,0,251
645,1230,0,0,251
646,1230,0,0,251
647,1230,0,0,251
648,1230,1,5,252
649,1230,0,4,255
650,1230,1,0,254
651,1230,9,0,252
828,1230,3,0,252
829,1230,4,0,253
830,1230,0,0,251
831,1230,3,0,241
832,1230,0,0,254
833,1230,0,0,254
834,1230,0,0,254
835,1230,0,0,254
836,1230,0,0,254
837,1230,0,0,254
838,1230,0,0,254
839,1230,0,0,254
840,1230,0,5,251
841,1230,2,1,253
842,1230,2,0,251
843,1230,3,2,246
844,1230,0,3,255
845,1230,4,3,255
846,1230,13,0,253
586,1231,4,0,253
587,1231,1,6,255
588,1231,0,1,253
589,1231,2,2,255
590,1231,0,0,245
591,1231,6,6,254
592,1231,0,0,254
593,1231,0,0,254
594,1231,0,0,254
595,1231,0,0,254
596,1231,0,0,254
597,1231,0,0,254
598,1231,0,0,254
599,1231,0,0,254
600,1231,0,0,254
601,1231,0,0,254
602,1231,0,0,254
603,1231,0,0,254
604,1231,0,0,254
605,1231,0,0,254
606,1231,0,0,254
607,1231,0,0,254
608,1231,3,3,255
609,1231,0,0,254
610,1231,0,2,249
611,1231,0,3,252
612,1231,3,4,255
613,1231,2,0,254
614,1231,6,0,255
615,1231,5,0,248
616,1231,4,0,254
617,1231,4,0,254
618,1231,4,0,254
619,1231,4,0,254
620,1231,4,0,254
621,1231,4,0,254
622,1231,4,0,254
623,1231,4,0,254
624,1231,0,0,247
625,1231,0,2,253
626,1231,0,2,251
627,1231,4,1,255
628,1231,8,0,255
629,1231,3,0,247
630,1231,1,2,253
631,1231,0,0,251
633,1231,15,0,247
634,1231,0,0,247
635,1231,0,2,254
636,1231,0,0,247
637,1231,5,2,255
638,1231,0,0,249
639,1231,8,0,255
640,1231,0,0,254
641,1231,0,0,254
642,1231,0,0,254
643,1231,0,0,254
644,1231,0,0,254
645,1231,0,0,254
646,1231,0,0,254
647,1231,0,0,254
648,1231,0,0,250
649,1231,1,1,255
650,1231,0,0,249
651,1231,0,0,250
652,1231,4,0,248
654,1231,4,0,251
655,1231,3,0,255
656,1231,0,0,246
657,1231,2,3,254
658,1231,1,4,243
659,1231,1,1,239
660,1231,13,2,255
661,1231,16,0,255
826,1231,13,0,255
827,1231,4,0,250
828,1231,11,2,253
829,1231,0,3,243
830,1231,0,0,253
831,1231,6,5,255
832,1231,0,0,254
833,1231,0,0,254
834,1231,0,0,254
835,1231,0,0,254
836,1231,0,0,254
837,1231,0,0,254
838,1231,0,0,254
839,1231,0,0,254
840,1231,0,4,255
841,1231,0,0,252
842,1231,9,0,255
843,1231,1,0,251
844,1231,2,3,254
845,1231,7,1,255
590,1232,15,0,255
591,1232,7,0,242
592,1232,0,4,243
593,1232,0,1,253
594,1232,3,2,254
595,1232,4,1,255
596,1232,7,3,246
597,1232,0,0,249
598,1232,1,0,254
599,1232,3,5,250
600,1232,0,0,251
601,1232,1,4,255
602,1232,0,1,250
603,1232,0,0,251
604,1232,0,0,249
605,1232,1,2,253
606,1232,1,2,252
607,1232,0,0,243
608,1232,0,0,254
609,1232,0,0,254
610,1232,0,0,254
611,1232,0,0,254
612,1232,0,0,254
613,1232,0,0,254
614,1232,0,0,254
615,1232,0,0,254
616,1232,0,0,254
617,1232,0,0,254
618,1232,0,0,254
619,1232,0,0,254
620,1232,0,0,254
621,1232,0,0,254
622,1232,0,0,254
623,1232,0,0,254
624,1232,0,0,254
625,1232,0,0,254
626,1232,0,0,254
627,1232,0,0,254
628,1232,0,0,254
629,1232,0,0,254
630,1232,0,0,254
631,1232,0,0,254
632,1232,0,0,254
633,1232,0,0,254
634,1232,0,0,254
635,1232,0,0,254
636,1232,0,0,254
637,1232,0,0,254
638,1232,0,0,254
639,1232,0,0,254
640,1232,0,0,254
641,1232,0,0,254
642,1232,0,0,254
643,1232,0,0,254
644,1232,0,0,254
645,1232,0,0,254
646,1232,0,0,254
647,1232,0,0,254
648,1232,0,0,254
649,1232,0,0,254
650,1232,0,0,254
651,1232,0,0,254
652,1232,0,0,254
653,1232,0,0,254
654,1232,0,0,254
655,1232,0,0,254
656,1232,0,0,254
657,1232,0,0,254
658,1232,0,0,254
659,1232,0,0,254
660,1232,0,0,254
661,1232,0,0,254
662,1232,0,0,254
663,1232,0,0,254
826,1232,2,2,255
827,1232,4,3,255
828,1232,0,0,253
829,1232,0,0,248
830,1232,0,0,249
831,1232,0,0,253
832,1232,0,0,254
833,1232,0,0,254
834,1232,0,0,254
835,1232,0,0,254
836,1232,0,0,254
837,1232,0,0,254
838,1232,0,0,254
839,1232,0,0,254
840,1232,13,1,255
841,1232,0,3,254
842,1232,5,0,255
843,1232,2,7,255
844,1232,0,0,253
845,1232,0,1,251
595,1233,7,0,253
596,1233,0,0,249
597,1233,1,6,255
598,1233,0,5,255
599,1233,0,0,250
600,1233,3,4,252
601,1233,2,5,255
602,1233,0,4,242
603,1233,0,4,255
604,1233,0,5,255
605,1233,1,1,255
606,1233,4,3,255
607,1233,3,0,255
608,1233,0,0,254
609,1233,0,0,254
610,1233,0,0,254
611,1233,0,0,254
612,1233,0,0,254
613,1233,0,0,254
614,1233,0,0,254
615,1233,0,0,254
616,1233,0,0,254
617,1233,0,0,254
618,1233,0,0,254
619,1233,0,0,254
620,1233,0,0,254
621,1233,0,0,254
622,1233,0,0,254
623,1233,0,0,254
624,1233,0,0,254
625,1233,0,0,254
626,1233,0,0,254
627,1233,0,0,254
628,1233,0,0,254
629,1233,0,0,254
630,1233,0,0,254
631,1233,0,0,254
632,1233,0,0,254
633,1233,0,0,254
634,1233,0,0,254
635,1233,0,0,254
636,1233,0,0,254
637,1233,0,0,254
638,1233,0,0,254
639,1233,0,0,254
640,1233,0,0,254
641,1233,0,0,254
642,1233,0,0,254
643,1233,0,0,254
644,1233,0,0,254
645,1233,0,0,254
646,1233,0,0,254
647,1233,0,0,254
648,1233,0,0,254
649,1233,0,0,254
650,1233,0,0,254
651,1233,0,0,254
652,1233,0,0,254
653,1233,0,0,254
654,1233,0,0,254
655,1233,0,0,254
656,1233,0,0,254
657,1233,0,0,254
658,1233,0,0,254
659,1233,0,0,254
660,1233,0,0,254
661,1233,0,0,254
662,1233,0,0,254
663,1233,0,0,254
664,1233,0,0,243
825,1233,3,0,253
826,1233,0,0,249
827,1233,3,2,255
828,1233,3,2,254
829,1233,7,4,255
830,1233,0,2,254
831,1233,3,5,246
832,1233,0,0,254
833,1233,0,0,254
834,1233,0,0,254
835,1233,0,0,254
836,1233,0,0,254
837,1233,0,0,254
838,1233,0,0,254
839,1233,0,0,254
840,1233,0,0,246
841,1233,0,0,243
842,1233,2,2,255
843,1233,0,0,253
844,1233,0,5,251
845,1233,15,0,255
596,1234,7,0,250
597,1234,3,1,250
598,1234,0,5,246
599,1234,0,2,251
600,1234,0,4,253
601,1234,0,0,247
602,1234,0,0,244
603,1234,1,1,255
604,1234,0,0,250
605,1234,0,0,252
606,1234,2,4,249
607,1234,0,0,253
608,1234,0,0,254
609,1234,0,0,254
610,1234,0,0,254
611,1234,0,0,254
612,1234,0,0,254
613,1234,0,0,254
614,1234,0,0,254
615,1234,0,0,254
616,1234,0,0,254
617,1234,0,0,254
618,1234,0,0,254
619,1234,0,0,254
620,1234,0,0,254
621,1234,0,0,254
622,1234,0,0,254
623,1234,0,0,254
624,1234,0,0,254
625,1234,0,0,254
626,1234,0,0,254
627,1234,0,0,254
628,1234,0,0,254
629,1234,0,0,254
630,1234,0,0,254
631,1234,0,0,254
632,1234,0,0,254
633,1234,0,0,254
634,1234,0,0,254
635,1234,0,0,254
636,1234,0,0,254
637,1234,0,0,254
638,1234,0,0,254
639,1234,0,0,254
640,1234,0,0,254
641,1234,0,0,254
642,1234,0,0,254
643,1234,0,0,254
644,1234,0,0,254
645,1234,0,0,254
646,1234,0,0,254
647,1234,0,0,254
648,1234,0,0,254
649,1234,0,0,254
650,1234,0,0,254
651,1234,0,0,254
652,1234,0,0,254
653,1234,0,0,254
654,1234,0,0,254
655,1234,0,0,254
656,1234,0,0,254
657,1234,0,0,254
658,1234,0,0,254
659,1234,0,0,254
660,1234,0,0,254
661,1234,0,0,254
662,1234,0,0,254
663,1234,0,0,254
664,1234,9,0,255
825,1234,5,0,255
826,1234,0,0,238
827,1234,3,2,255
828,1234,0,0,240
829,1234,4,1,255
830,1234,0,1,245
831,1234,0,0,252
832,1234,0,0,254
833,1234,0,0,254
834,1234,0,0,254
835,1234,0,0,254
836,1234,0,0,254
837,1234,0,0,254
838,1234,0,0,254
839,1234,0,0,254
840,1234,0,0,250
841,1234,11,5,255
842,1234,0,0,233
843,1234,0,0,238
844,1234,0,4,253
597,1235,11,0,248
598,1235,6,3,255
599,1235,0,0,252
600,1235,0,5,249
601,1235,0,0,248
602,1235,1,0,253
603,1235,2,0,243
604,1235,9,5,250
605,1235,2,1,255
606,1235,0,0,253
607,1235,0,0,250
608,1235,0,0,254
609,1235,0,0,254
610,1235,0,0,254
611,1235,0,0,254
612,1235,0,0,254
613,1235,0,0,254
614,1235,0,0,254
615,1235,0,0,254
616,1235,0,0,254
617,1235,0,0,254
618,1235,0,0,254
619,1235,0,0,254
620,1235,0,0,254
621,1235,0,0,254
622,1235,0,0,254
623,1235,0,0,254
624,1235,0,0,254
625,1235,0,0,254
626,1235,0,0,254
627,1235,0,0,254
628,1235,0,0,254
629,1235,0,0,254
630,1235,0,0,254
631,1235,0,0,254
632,1235,0,0,254
633,1235,0,0,254
634,1235,0,0,254
635,1235,0,0,254
636,1235,0,0,254
637,1235,0,0,254
638,1235,0,0,254
639,1235,0,0,254
640,1235,0,0,254
641,1235,0,0,254
642,1235,0,0,254
643,1235,0,0,254
644,1235,0,0,254
645,1235,0,0,254
646,1235,0,0,254
647,1235,0,0,254
648,1235,0,0,254
649,1235,0,0,254
650,1235,0,0,254
651,1235,0,0,254
652,1235,0,0,254
653,1235,0,0,254
654,1235,0,0,254
655,1235,0,0,254
656,1235,0,0,254
657,1235,0,0,254
658,1235,0,0,254
659,1235,0,0,254
660,1235,0,0,254
661,1235,0,0,254
662,1235,0,0,254
663,1235,0,0,254
664,1235,7,0,254
665,1235,7,1,255
666,1235,0,0,243
667,1235,3,0,253
668,1235,13,0,244
825,1235,0,0,247
826,1235,0,3,252
827,1235,0,1,251
828,1235,0,0,252
829,1235,0,0,241
830,1235,0,0,247
831,1235,7,7,255
832,1235,0,0,254
833,1235,0,0,254
834,1235,0,0,254
835,1235,0,0,254
836,1235,0,0,254
837,1235,0,0,254
838,1235,0,0,254
839,1235,0,0,254
840,1235,0,4,253
841,1235,4,3,255
842,1235,0,5,251
843,1235,1,1,255
844,1235,2,0,252
600,1236,11,0,255
601,1236,6,0,245
602,1236,10,2,255
603,1236,0,0,237
604,1236,0,0,252
605,1236,0,2,245
606,1236,0,0,254
607,1236,0,0,249
608,1236,0,0,254
609,1236,0,0,254
610,1236,0,0,254
611,1236,0,0,254
612,1236,0,0,254
613,1236,0,0,254
614,1236,0,0,254
615,1236,0,0,254
616,1236,0,0,254
617,1236,0,0,254
618,1236,0,0,254
619,1236,0,0,254
620,1236,0,0,254
621,1236,0,0,254
622,1236,0,0,254
623,1236,0,0,254
624,1236,0,0,254
625,1236,0,0,254
626,1236,0,0,254
627,1236,0,0,254
628,1236,0,0,254
629,1236,0,0,254
630,1236,0,0,254
631,1236,0,0,254
632,1236,0,0,254
633,1236,0,0,254
634,1236,0,0,254
635,1236,0,0,254
636,1236,0,0,254
637,1236,0,0,254
638,1236,0,0,254
639,1236,0,0,254
640,1236,0,0,254
641,1236,0,0,254
642,1236,0,0,254
643,1236,0,0,254
644,1236,0,0,254
645,1236,0,0,254
646,1236,0,0,254
647,1236,0,0,254
648,1236,0,0,254
649,1236,0,0,254
650,1236,0,0,254
651,1236,0,0,254
652,1236,0,0,254
653,1236,0,0,254
654,1236,0,0,254
655,1236,0,0,254
656,1236,0,0,254
657,1236,0,0,254
658,1236,0,0,254
659,1236,0,0,254
660,1236,0,0,254
661,1236,0,0,254
662,1236,0,0,254
663,1236,0,0,254
664,1236,0,1,253
665,1236,0,0,234
666,1236,5,0,253
667,1236,4,4,255
668,1236,0,0,246
669,1236,0,0,253
670,1236,11,0,251
825,1236,6,5,255
826,1236,0,0,245
827,1236,9,9,255
828,1236,0,0,253
829,1236,6,3,255
830,1236,1,4,255
831,1236,3,2,255
832,1236,0,0,254
833,1236,0,0,254
834,1236,0,0,254
835,1236,0,0,254
836,1236,0,0,254
837,1236,0,0,254
838,1236,0,0,254
839,1236,0,0,254
840,1236,3,2,254
841,1236,3,9,255
842,1236,0,0,248
843,1236,1,0,253
602,1237,8,0,254
603,1237,0,0,252
604,1237,0,8,255
605,1237,0,4,255
606,1237,5,2,255
607,1237,10,0,249
608,1237,0,0,254
609,1237,0,0,254
610,1237,0,0,254
611,1237,0,0,254
612,1237,0,0,254
613,1237,0,0,254
614,1237,0,0,254
615,1237,0,0,254
616,1237,0,0,254
617,1237,0,0,254
618,1237,0,0,254
619,1237,0,0,254
620,1237,0,0,254
621,1237,0,0,254
622,1237,0,0,254
623,1237,0,0,254
624,1237,0,0,254
625,1237,0,0,254
626,1237,0,0,254
627,1237,0,0,254
628,1237,0,0,254
629,1237,0,0,254
630,1237,0,0,254
631,1237,0,0,254
632,1237,0,0,254
633,1237,0,0,254
634,1237,0,0,254
635,1237,0,0,254
636,1237,0,0,254
637,1237,0,0,254
638,1237,0,0,254
639,1237,0,0,254
640,1237,0,0,254
641,1237,0,0,254
642,1237,0,0,254
643,1237,0,0,254
644,1237,0,0,254
645,1237,0,0,254
646,1237,0,0,254
647,1237,0,0,254
648,1237,0,0,254
649,1237,0,0,254
650,1237,0,0,254
651,1237,0,0,254
652,1237,0,0,254
653,1237,0,0,254
654,1237,0,0,254
655,1237,0,0,254
656,1237,0,0,254
657,1237,0,0,254
658,1237,0,0,254
659,1237,0,0,254
660,1237,0,0,254
661,1237,0,0,254
662,1237,0,0,254
663,1237,0,0,254
664,1237,0,3,255
665,1237,9,7,255
666,1237,6,0,255
667,1237,0,0,249
668,1237,0,8,242
669,1237,0,11,254
670,1237,0,1,249
671,1237,0,0,253
825,1237,0,0,237
826,1237,0,0,245
827,1237,0,0,253
828,1237,0,0,254
829,1237,0,0,250
830,1237,0,3,254
831,1237,0,0,251
832,1237,0,0,254
833,1237,0,0,254
834,1237,0,0,254
835,1237,0,0,254
836,1237,0,0,254
837,1237,0,0,254
838,1237,0,0,254
839,1237,0,0,254
840,1237,0,0,245
841,1237,0,0,253
842,1237,8,0,246
843,1237,12,0,255
603,1238,8,0,255
604,1238,0,3,245
605,1238,0,0,244
606,1238,7,6,255
607,1238,1,0,239
608,1238,0,0,254
609,1238,0,0,254
610,1238,0,0,254
611,1238,0,0,254
612,1238,0,0,254
613,1238,0,0,254
614,1238,0,0,254
615,1238,0,0,254
616,1238,0,0,254
617,1238,0,0,254
618,1238,0,0,254
619,1238,0,0,254
620,1238,0,0,254
621,1238,0,0,254
622,1238,0,0,254
623,1238,0,0,254
624,1238,0,0,254
625,1238,0,0,254
626,1238,0,0,254
627,1238,0,0,254
628,1238,0,0,254
629,1238,0,0,254
630,1238,0,0,254
631,1238,0,0,254
632,1238,0,0,254
633,1238,0,0,254
634,1238,0,0,254
635,1238,0,0,254
636,1238,0,0,254
637,1238,0,0,254
638,1238,0,0,254
639,1238,0,0,254
640,1238,0,0,254
641,1238,0,0,254
642,1238,0,0,254
643,1238,0,0,254
644,1238,0,0,254
645,1238,0,0,254
646,1238,0,0,254
647,1238,0,0,254
648,1238,0,0,254
649,1238,0,0,254
650,1238,0,0,254
651,1238,0,0,254
652,1238,0,0,254
653,1238,0,0,254
654,1238,0,0,254
655,1238,0,0,254
656,1238,0,0,254
657,1238,0,0,254
658,1238,0,0,254
659,1238,0,0,254
660,1238,0,0,254
661,1238,0,0,254
662,1238,0,0,254
663,1238,0,0,254
664,1238,0,0,252
665,1238,0,0,251
666,1238,0,3,252
667,1238,0,0,254
668,1238,4,2,253
669,1238,0,0,245
670,1238,3,3,255
671,1238,0,0,252
672,1238,7,0,255
825,1238,2,2,255
826,1238,2,9,255
827,1238,0,0,245
828,1238,4,4,255
829,1238,7,5,254
830,1238,0,0,248
831,1238,0,0,253
832,1238,0,0,254
833,1238,0,0,254
834,1238,0,0,254
835,1238,0,0,254
836,1238,0,0,254
837,1238,0,0,254
838,1238,0,0,254
839,1238,0,0,254
840,1238,1,4,255
841,1238,16,0,255
604,1239,9,0,252
605,1239,4,1,255
606,1239,0,5,255
607,1239,0,3,253
608,1239,0,0,254
609,1239,0,0,254
610,1239,0,0,254
611,1239,0,0,254
612,1239,0,0,254
613,1239,0,0,254
614,1239,0,0,254
615,1239,0,0,254
616,1239,0,0,254
617,1239,0,0,254
618,1239,0,0,254
619,1239,0,0,254
620,1239,0,0,254
621,1239,0,0,254
622,1239,0,0,254
623,1239,0,0,254
624,1239,0,0,254
625,1239,0,0,254
626,1239,0,0,254
627,1239,0,0,254
628,1239,0,0,254
629,1239,0,0,254
630,1239,0,0,254
631,1239,0,0,254
632,1239,0,0,254
633,1239,0,0,254
634,1239,0,0,254
635,1239,0,0,254
636,1239,0,0,254
637,1239,0,0,254
638,1239,0,0,254
639,1239,0,0,254
640,1239,0,0,254
641,1239,0,0,254
642,1239,0,0,254
643,1239,0,0,254
644,1239,0,0,254
645,1239,0,0,254
646,1239,0,0,254
647,1239,0,0,254
648,1239,0,0,254
649,1239,0,0,254
650,1239,0,0,254
651,1239,0,0,254
652,1239,0,0,254
653,1239,0,0,254
654,1239,0,0,254
655,1239,0,0,254
656,1239,0,0,254
657,1239,0,0,254
658,1239,0,0,254
659,1239,0,0,254
660,1239,0,0,254
661,1239,0,0,254
662,1239,0,0,254
663,1239,0,0,254
664,1239,1,0,254
665,1239,3,0,247
666,1239,11,0,255
667,1239,8,3,253
668,1239,0,1,253
669,1239,0,3,253
670,1239,0,0,249
671,1239,10,0,254
672,1239,0,0,248
673,1239,3,1,248
674,1239,6,1,253
675,1239,1,0,253
676,1239,3,0,253
677,1239,9,0,255
825,1239,0,0,241
826,1239,0,1,253
827,1239,0,0,248
828,1239,0,1,251
829,1239,6,3,255
830,1239,0,0,239
831,1239,3,2,255
832,1239,0,0,254
833,1239,0,0,254
834,1239,0,0,254
835,1239,0,0,254
836,1239,0,0,254
837,1239,0,0,254
838,1239,0,0,254
839,1239,0,0,254
840,1239,0,6,246
606,1240,15,0,255
607,1240,7,0,242
608,1240,0,5,236
609,1240,0,1,254
610,1240,0,0,253
611,1240,4,3,255
612,1240,0,0,245
613,1240,1,1,247
614,1240,0,0,253
615,1240,0,3,245
616,1240,0,0,251
617,1240,3,2,255
618,1240,6,0,248
619,1240,9,1,255
620,1240,0,0,249
621,1240,0,5,247
622,1240,0,1,253
623,1240,0,0,251
624,1240,0,0,252
625,1240,0,2,237
626,1240,0,0,248
627,1240,4,1,255
628,1240,0,0,249
629,1240,0,7,255
630,1240,0,2,254
631,1240,0,1,244
632,1240,0,0,254
633,1240,0,0,254
634,1240,0,0,254
635,1240,0,0,254
636,1240,0,0,254
637,1240,0,0,254
638,1240,0,0,254
639,1240,0,0,254
640,1240,0,0,254
641,1240,0,0,254
642,1240,0,0,254
643,1240,0,0,254
644,1240,0,0,254
645,1240,0,0,254
646,1240,0,0,254
647,1240,0,0,254
648,1240,0,0,254
649,1240,0,0,254
650,1240,0,0,254
651,1240,0,0,254
652,1240,0,0,254
653,1240,0,0,254
654,1240,0,0,254
655,1240,0,0,254
656,1240,0,0,254
657,1240,0,0,254
658,1240,0,0,254
659,1240,0,0,254
660,1240,0,0,254
661,1240,0,0,254
662,1240,0,0,254
663,1240,0,0,254
664,1240,0,0,254
665,1240,0,0,254
666,1240,0,0,254
667,1240,0,0,254
668,1240,0,0,254
669,1240,0,0,254
670,1240,0,0,254
671,1240,0,0,254
672,1240,0,0,251
673,1240,6,6,255
674,1240,0,0,238
675,1240,5,4,255
676,1240,0,0,252
677,1240,2,0,249
678,1240,5,0,255
825,1240,9,0,252
826,1240,4,3,255
827,1240,0,0,242
828,1240,0,1,254
829,1240,0,0,253
830,1240,0,3,255
831,1240,0,3,251
832,1240,0,5,244
833,1240,0,1,252
834,1240,5,0,245
835,1240,3,0,255
836,1240,5,5,255
837,1240,0,1,253
838,1240,2,0,249
839,1240,5,0,253
611,1241,5,0,252
612,1241,0,0,250
613,1241,0,1,253
614,1241,0,0,250
615,1241,0,5,255
616,1241,0,0,253
617,1241,0,0,253
618,1241,1,1,247
619,1241,0,1,246
620,1241,0,0,251
621,1241,0,0,247
622,1241,5,0,255
623,1241,5,0,252
624,1241,0,2,254
625,1241,3,3,255
626,1241,0,0,248
627,1241,5,6,246
628,1241,0,3,255
629,1241,0,0,251
630,1241,0,0,245
631,1241,2,1,255
632,1241,0,0,254
633,1241,0,0,254
634,1241,0,0,254
635,1241,0,0,254
636,1241,0,0,254
637,1241,0,0,254
638,1241,0,0,254
639,1241,0,0,254
640,1241,0,0,254
641,1241,0,0,254
642,1241,0,0,254
643,1241,0,0,254
644,1241,0,0,254
645,1241,0,0,254
646,1241,0,0,254
647,1241,0,0,254
648,1241,0,0,254
649,1241,0,0,254
650,1241,0,0,254
651,1241,0,0,254
652,1241,0,0,254
653,1241,0,0,254
654,1241,0,0,254
655,1241,0,0,254
656,1241,0,0,254
657,1241,0,0,254
658,1241,0,0,254
659,1241,0,0,254
660,1241,0,0,254
661,1241,0,0,254
662,1241,0,0,254
663,1241,0,0,254
664,1241,0,0,254
665,1241,0,0,254
666,1241,0,0,254
667,1241,0,0,254
668,1241,0,0,254
669,1241,0,0,254
670,1241,0,0,254
671,1241,0,0,254
672,1241,0,0,252
673,1241,0,0,250
674,1241,0,1,251
675,1241,6,5,255
676,1241,6,3,255
677,1241,3,3,239
678,1241,4,0,251
679,1241,1,0,251
825,1241,8,0,246
826,1241,3,2,255
827,1241,0,5,255
828,1241,0,0,242
829,1241,6,6,255
830,1241,0,0,250
831,1241,0,2,244
832,1241,2,2,255
833,1241,0,2,254
834,1241,4,0,251
835,1241,3,2,255
836,1241,0,0,249
837,1241,0,2,249
838,1241,9,0,241
613,1242,18,0,255
614,1242,7,0,251
615,1242,5,2,255
616,1242,0,4,253
617,1242,8,1,252
622,1242,5,0,249
623,1242,0,11,255
624,1242,0,0,252
625,1242,3,5,250
626,1242,4,3,255
627,1242,0,0,251
628,1242,0,2,251
629,1242,0,1,254
630,1242,1,1,247
631,1242,5,0,255
632,1242,0,0,254
633,1242,0,0,254
634,1242,0,0,254
635,1242,0,0,254
636,1242,0,0,254
637,1242,0,0,254
638,1242,0,0,254
639,1242,0,0,254
640,1242,0,0,254
641,1242,0,0,254
642,1242,0,0,254
643,1242,0,0,254
644,1242,0,0,254
645,1242,0,0,254
646,1242,0,0,254
647,1242,0,0,254
648,1242,0,0,254
649,1242,0,0,254
650,1242,0,0,254
651,1242,0,0,254
652,1242,0,0,254
653,1242,0,0,254
654,1242,0,0,254
655,1242,0,0,254
656,1242,0,0,254
657,1242,0,0,254
658,1242,0,0,254
659,1242,0,0,254
660,1242,0,0,254
661,1242,0,0,254
662,1242,0,0,254
663,1242,0,0,254
664,1242,0,0,254
665,1242,0,0,254
666,1242,0,0,254
667,1242,0,0,254
668,1242,0,0,254
669,1242,0,0,254
670,1242,0,0,254
671,1242,0,0,254
672,1242,0,1,251
673,1242,0,0,248
674,1242,4,4,255
675,1242,0,0,237
676,1242,0,0,251
677,1242,0,0,250
678,1242,1,1,239
679,1242,9,3,255
716,1242,7,0,252
717,1242,0,0,239
718,1242,0,4,255
719,1242,0,11,255
720,1242,0,11,255
721,1242,0,4,255
722,1242,0,0,237
723,1242,7,0,252
821,1242,5,0,254
822,1242,0,0,251
823,1242,11,0,255
824,1242,15,0,255
825,1242,1,0,250
826,1242,0,3,235
827,1242,0,0,252
828,1242,0,0,247
829,1242,0,0,252
830,1242,5,2,255
831,1242,4,3,255
832,1242,5,2,255
833,1242,0,0,242
834,1242,8,2,255
835,1242,0,2,255
836,1242,0,3,255
837,1242,2,2,255
623,1243,7,0,253
624,1243,0,0,254
625,1243,3,3,255
626,1243,0,0,253
627,1243,0,1,240
628,1243,0,5,247
629,1243,2,2,255
630,1243,3,1,250
631,1243,7,1,255
632,1243,0,0,254
633,1243,0,0,254
634,1243,0,0,254
635,1243,0,0,254
636,1243,0,0,254
637,1243,0,0,254
638,1243,0,0,254
639,1243,0,0,254
640,1243,0,0,254
641,1243,0,0,254
642,1243,0,0,254
643,1243,0,0,254
644,1243,0,0,254
645,1243,0,0,254
646,1243,0,0,254
647,1243,0,0,254
648,1243,0,0,254
649,1243,0,0,254
650,1243,0,0,254
651,1243,0,0,254
652,1243,0,0,254
653,1243,0,0,254
654,1243,0,0,254
655,1243,0,0,254
656,1243,0,0,254
657,1243,0,0,254
658,1243,0,0,254
659,1243,0,0,254
660,1243,0,0,254
661,1243,0,0,254
662,1243,0,0,254
663,1243,0,0,254
664,1243,0,0,254
665,1243,0,0,254
666,1243,0,0,254
667,1243,0,0,254
668,1243,0,0,254
669,1243,0,0,254
670,1243,0,0,254
671,1243,0,0,254
672,1243,3,4,255
673,1243,0,0,246
674,1243,0,0,254
675,1243,6,5,255
676,1243,0,0,239
677,1243,4,3,255
678,1243,3,0,255
679,1243,0,0,250
680,1243,6,0,253
714,1243,6,0,249
715,1243,5,4,255
716,1243,0,1,253
717,1243,0,4,248
718,1243,0,0,253
719,1243,4,0,237
720,1243,4,0,242
721,1243,0,0,253
722,1243,0,3,252
723,1243,0,1,253
724,1243,5,4,255
725,1243,6,0,249
820,1243,9,0,251
821,1243,0,0,247
822,1243,1,8,255
823,1243,3,0,255
824,1243,5,0,255
825,1243,1,0,252
826,1243,2,6,253
827,1243,2,5,255
828,1243,0,0,248
829,1243,0,0,250
830,1243,0,0,243
831,1243,5,0,255
832,1243,4,0,254
833,1243,0,0,233
834,1243,3,2,255
835,1243,0,0,249
836,1243,3,5,246
837,1243,0,0,251
623,1244,7,0,254
624,1244,5,0,255
625,1244,1,0,252
626,1244,2,6,253
627,1244,2,5,255
628,1244,0,0,248
629,1244,0,0,250
630,1244,0,0,243
631,1244,5,0,255
632,1244,0,0,254
633,1244,0,0,254
634,1244,0,0,254
635,1244,0,0,254
636,1244,0,0,254
637,1244,0,0,254
638,1244,0,0,254
639,1244,0,0,254
640,1244,0,0,254
641,1244,0,0,254
642,1244,0,0,254
643,1244,0,0,254
644,1244,0,0,254
645,1244,0,0,254
646,1244,0,0,254
647,1244,0,0,254
648,1244,0,0,254
649,1244,0,0,254
650,1244,0,0,254
651,1244,0,0,254
652,1244,0,0,254
653,1244,0,0,254
654,1244,0,0,254
655,1244,0,0,254
656,1244,0,0,254
657,1244,0,0,254
658,1244,0,0,254
659,1244,0,0,254
660,1244,0,0,254
661,1244,0,0,254
662,1244,0,0,254
663,1244,0,0,254
664,1244,0,0,254
665,1244,0,0,254
666,1244,0,0,254
667,1244,0,0,254
668,1244,0,0,254
669,1244,0,0,254
670,1244,0,0,254
671,1244,0,0,254
672,1244,0,0,253
673,1244,5,5,255
674,1244,1,1,255
675,1244,5,4,255
676,1244,5,4,255
677,1244,0,2,237
678,1244,4,3,255
679,1244,5,4,255
680,1244,7,0,254
713,1244,16,0,254
714,1244,2,0,249
715,1244,0,0,250
716,1244,0,6,255
717,1244,0,0,238
718,1244,8,0,255
719,1244,7,0,252
720,1244,7,0,252
721,1244,8,1,255
722,1244,0,0,234
723,1244,0,6,255
724,1244,0,0,250
725,1244,2,0,249
726,1244,16,0,254
819,1244,7,0,253
820,1244,1,4,255
821,1244,0,0,252
822,1244,5,0,253
823,1244,0,0,247
824,1244,0,0,254
825,1244,3,3,255
826,1244,0,0,253
827,1244,0,1,240
828,1244,0,5,247
829,1244,2,2,255
830,1244,3,1,250
831,1244,7,1,255
832,1244,1,0,251
833,1244,0,0,243
834,1244,4,7,255
835,1244,0,0,250
836,1244,0,0,252
837,1244,3,0,255
624,1245,15,0,255
625,1245,1,0,250
626,1245,0,3,235
627,1245,0,0,252
628,1245,0,0,247
629,1245,0,0,252
630,1245,5,2,255
631,1245,4,3,255
632,1245,0,0,254
633,1245,0,0,254
634,1245,0,0,254
635,1245,0,0,254
636,1245,0,0,254
637,1245,0,0,254
638,1245,0,0,254
639,1245,0,0,254
640,1245,0,0,254
641,1245,0,0,254
642,1245,0,0,254
643,1245,0,0,254
644,1245,0,0,254
645,1245,0,0,254
646,1245,0,0,254
647,1245,0,0,254
648,1245,0,0,254
649,1245,0,0,254
650,1245,0,0,254
651,1245,0,0,254
652,1245,0,0,254
653,1245,0,0,254
654,1245,0,0,254
655,1245,0,0,254
656,1245,0,0,254
657,1245,0,0,254
658,1245,0,0,254
659,1245,0,0,254
660,1245,0,0,254
661,1245,0,0,254
662,1245,0,0,254
663,1245,0,0,254
664,1245,0,0,254
665,1245,0,0,254
666,1245,0,0,254
667,1245,0,0,254
668,1245,0,0,254
669,1245,0,0,254
670,1245,0,0,254
671,1245,0,0,254
672,1245,0,0,237
673,1245,0,0,249
674,1245,1,1,255
675,1245,1,1,255
676,1245,0,0,253
677,1245,0,0,253
678,1245,0,0,254
679,1245,0,1,244
680,1245,0,6,254
681,1245,0,0,250
682,1245,1,0,250
683,1245,9,3,255
684,1245,3,2,254
685,1245,0,0,239
686,1245,0,2,254
687,1245,0,0,251
688,1245,0,3,255
689,1245,0,0,247
690,1245,5,2,255
691,1245,15,3,255
712,1245,2,2,255
713,1245,0,0,253
714,1245,0,2,251
715,1245,5,10,255
716,1245,2,7,255
717,1245,0,0,251
718,1245,0,3,239
719,1245,0,0,251
720,1245,0,0,253
721,1245,0,2,242
722,1245,0,0,251
723,1245,2,7,255
724,1245,5,10,255
725,1245,0,2,247
726,1245,0,0,251
727,1245,2,2,255
818,1245,13,0,255
819,1245,0,6,255
820,1245,0,11,255
821,1245,0,5,246
822,1245,5,7,252
823,1245,0,6,255
824,1245,0,0,252
825,1245,3,5,250
826,1245,4,3,255
827,1245,0,0,251
828,1245,0,2,251
829,1245,0,1,254
830,1245,1,1,247
831,1245,5,0,255
832,1245,3,4,245
833,1245,5,4,255
834,1245,4,8,253
835,1245,0,2,255
836,1245,1,2,243
837,1245,0,0,247
625,1246,8,0,246
626,1246,3,2,255
627,1246,0,5,255
628,1246,0,0,242
629,1246,6,6,255
630,1246,0,0,250
631,1246,0,2,244
632,1246,0,0,254
633,1246,0,0,254
634,1246,0,0,254
635,1246,0,0,254
636,1246,0,0,254
637,1246,0,0,254
638,1246,0,0,254
639,1246,0,0,254
640,1246,0,0,254
641,1246,0,0,254
642,1246,0,0,254
643,1246,0,0,254
644,1246,0,0,254
645,1246,0,0,254
646,1246,0,0,254
647,1246,0,0,254
648,1246,0,0,254
649,1246,0,0,254
650,1246,0,0,254
651,1246,0,0,254
652,1246,0,0,254
653,1246,0,0,254
654,1246,0,0,254
655,1246,0,0,254
656,1246,0,0,254
657,1246,0,0,254
658,1246,0,0,254
659,1246,0,0,254
660,1246,0,0,254
661,1246,0,0,254
662,1246,0,0,254
663,1246,0,0,254
664,1246,0,0,254
665,1246,0,0,254
666,1246,0,0,254
667,1246,0,0,254
668,1246,0,0,254
669,1246,0,0,254
670,1246,0,0,254
671,1246,0,0,254
672,1246,4,3,255
673,1246,0,0,249
674,1246,0,0,245
675,1246,6,6,255
676,1246,1,3,248
677,1246,0,0,252
678,1246,0,0,254
679,1246,0,0,254
680,1246,2,0,249
681,1246,2,2,250
682,1246,2,2,255
683,1246,0,0,252
684,1246,0,2,245
685,1246,4,4,255
686,1246,0,1,247
687,1246,0,4,253
688,1246,0,2,254
689,1246,0,2,255
690,1246,0,0,250
691,1246,8,0,253
692,1246,14,0,253
696,1246,0,0,251
697,1246,0,0,251
698,1246,0,0,251
699,1246,0,0,251
700,1246,0,0,251
701,1246,0,0,251
702,1246,0,0,251
703,1246,0,0,251
704,1246,1,0,253
705,1246,3,7,254
706,1246,2,1,255
712,1246,0,2,242
713,1246,0,0,253
714,1246,3,4,245
715,1246,0,0,251
716,1246,0,0,251
717,1246,0,0,250
718,1246,0,4,254
719,1246,0,3,255
720,1246,0,3,255
721,1246,0,4,253
722,1246,0,0,250
723,1246,0,0,251
724,1246,0,0,251
725,1246,3,3,247
726,1246,0,0,253
727,1246,0,2,244
818,1246,10,0,255
819,1246,0,0,249
820,1246,1,5,254
821,1246,3,0,253
822,1246,0,0,253
823,1246,0,1,242
824,1246,0,2,254
825,1246,3,3,255
826,1246,0,0,248
827,1246,5,6,246
828,1246,0,3,255
829,1246,0,0,251
830,1246,0,0,245
831,1246,2,1,255
832,1246,0,0,252
833,1246,4,3,255
834,1246,0,0,238
835,1246,0,0,244
836,1246,6,0,254
837,1246,0,0,250
625,1247,9,0,252
626,1247,4,3,255
627,1247,0,0,242
628,1247,0,1,254
629,1247,0,0,253
630,1247,0,3,255
631,1247,0,3,251
632,1247,0,0,254
633,1247,0,0,254
634,1247,0,0,254
635,1247,0,0,254
636,1247,0,0,254
637,1247,0,0,254
638,1247,0,0,254
639,1247,0,0,254
640,1247,0,0,254
641,1247,0,0,254
642,1247,0,0,254
643,1247,0,0,254
644,1247,0,0,254
645,1247,0,0,254
646,1247,0,0,254
647,1247,0,0,254
648,1247,0,0,254
649,1247,0,0,254
650,1247,0,0,254
651,1247,0,0,254
652,1247,0,0,254
653,1247,0,0,254
654,1247,0,0,254
655,1247,0,0,254
656,1247,0,0,254
657,1247,0,0,254
658,1247,0,0,254
659,1247,0,0,254
660,1247,0,0,254
661,1247,0,0,254
662,1247,0,0,254
663,1247,0,0,254
664,1247,0,0,254
665,1247,0,0,254
666,1247,0,0,254
667,1247,0,0,254
668,1247,0,0,254
669,1247,0,0,254
670,1247,0,0,254
671,1247,0,0,254
672,1247,3,2,255
673,1247,3,2,255
674,1247,0,1,240
675,1247,0,0,253
676,1247,1,2,253
677,1247,0,0,252
678,1247,0,0,253
679,1247,0,0,248
680,1247,4,0,253
681,1247,1,1,255
682,1247,0,2,254
683,1247,0,0,249
684,1247,6,3,255
685,1247,6,0,253
686,1247,9,1,255
687,1247,0,0,253
688,1247,3,1,250
689,1247,0,1,239
690,1247,0,0,252
691,1247,0,0,252
692,1247,2,5,255
693,1247,4,3,255
695,1247,9,0,255
696,1247,0,0,254
697,1247,0,0,254
698,1247,0,0,254
699,1247,0,0,254
700,1247,0,0,254
701,1247,0,0,254
702,1247,0,0,254
703,1247,0,0,254
704,1247,6,0,248
705,1247,0,2,255
706,1247,0,0,251
707,1247,9,0,255
711,1247,5,0,249
712,1247,0,0,254
713,1247,0,5,244
714,1247,0,3,255
715,1247,0,0,248
716,1247,4,5,253
717,1247,1,0,252
718,1247,0,0,251
719,1247,7,1,255
720,1247,7,1,255
721,1247,0,0,251
722,1247,1,0,254
723,1247,4,5,255
724,1247,0,0,248
725,1247,0,3,255
726,1247,0,5,244
727,1247,0,0,254
817,1247,6,0,252
818,1247,0,6,237
819,1247,3,6,255
820,1247,2,0,249
821,1247,2,0,252
822,1247,0,0,244
823,1247,2,5,255
824,1247,0,0,252
825,1247,0,2,237
826,1247,0,0,248
827,1247,4,1,255
828,1247,0,0,249
829,1247,0,7,255
830,1247,0,2,254
831,1247,0,1,244
832,1247,0,3,252
833,1247,0,0,249
834,1247,0,3,255
835,1247,6,3,255
836,1247,5,0,255
837,1247,0,0,249
626,1248,3,0,248
627,1248,10,7,255
628,1248,0,0,253
629,1248,0,1,254
630,1248,1,1,247
631,1248,3,1,252
632,1248,11,0,255
633,1248,3,0,253
634,1248,0,4,255
635,1248,0,2,253
636,1248,0,2,245
637,1248,3,1,250
638,1248,9,0,246
647,1248,25,0,254
648,1248,0,9,255
649,1248,0,0,246
650,1248,10,0,255
651,1248,7,1,255
652,1248,0,8,241
653,1248,1,2,252
654,1248,6,0,249
655,1248,0,0,251
656,1248,0,0,248
657,1248,7,6,255
658,1248,0,0,252
659,1248,3,3,255
660,1248,6,0,255
661,1248,4,0,254
662,1248,3,6,255
663,1248,0,1,251
664,1248,3,0,253
665,1248,1,0,250
666,1248,0,0,253
667,1248,0,1,250
668,1248,1,4,255
669,1248,0,0,251
670,1248,0,0,250
671,1248,7,5,252
672,1248,0,0,254
673,1248,0,0,254
674,1248,0,0,254
675,1248,0,0,254
676,1248,0,0,254
677,1248,0,0,254
678,1248,0,0,254
679,1248,0,0,254
680,1248,0,0,254
681,1248,0,0,254
682,1248,0,0,254
683,1248,0,0,254
684,1248,0,0,254
685,1248,0,0,254
686,1248,0,0,254
687,1248,0,0,254
688,1248,0,0,254
689,1248,0,0,254
690,1248,0,0,254
691,1248,0,0,254
692,1248,0,0,254
693,1248,0,0,254
694,1248,0,0,254
695,1248,0,0,254
696,1248,0,0,254
697,1248,0,0,254
698,1248,0,0,254
699,1248,0,0,254
700,1248,0,0,254
701,1248,0,0,254
702,1248,0,0,254
703,1248,0,0,254
704,1248,0,0,254
705,1248,0,0,254
706,1248,0,0,254
707,1248,0,0,254
708,1248,0,0,254
709,1248,0,0,254
710,1248,0,0,254
711,1248,0,0,254
712,1248,0,0,254
713,1248,0,0,254
714,1248,0,0,254
715,1248,0,0,254
716,1248,0,0,254
717,1248,0,0,254
718,1248,0,0,254
719,1248,0,0,254
720,1248,0,0,254
721,1248,0,0,254
722,1248,0,0,254
723,1248,0,0,254
724,1248,0,0,254
725,1248,0,0,254
726,1248,0,0,254
727,1248,0,0,254
728,1248,0,0,248
748,1248,11,0,255
749,1248,2,0,249
750,1248,0,1,254
751,1248,0,3,255
752,1248,5,5,253
753,1248,0,0,245
754,1248,1,1,255
755,1248,0,2,254
756,1248,0,5,255
757,1248,5,0,254
817,1248,1,0,254
818,1248,0,3,252
819,1248,2,0,254
820,1248,5,0,252
821,1248,0,0,247
822,1248,0,0,248
823,1248,5,6,255
824,1248,1,3,246
825,1248,0,0,252
826,1248,5,0,255
827,1248,8,0,255
828,1248,7,1,255
829,1248,2,1,253
830,1248,2,6,251
831,1248,0,0,248
832,1248,0,3,255
833,1248,1,2,252
834,1248,0,0,252
835,1248,7,5,252
836,1248,2,0,251
837,1248,6,0,253
629,1249,14,0,249
630,1249,1,1,255
631,1249,0,6,255
632,1249,0,0,254
633,1249,0,3,255
634,1249,0,7,229
635,1249,0,0,246
636,1249,5,4,255
637,1249,7,0,245
648,1249,0,6,255
649,1249,8,2,255
650,1249,2,0,252
651,1249,0,0,251
652,1249,4,0,254
653,1249,6,3,255
654,1249,0,3,252
655,1249,8,7,255
656,1249,2,2,255
657,1249,4,4,255
658,1249,0,0,253
659,1249,2,0,254
660,1249,7,2,252
661,1249,0,0,245
662,1249,0,3,255
663,1249,0,1,246
664,1249,0,2,254
665,1249,1,1,255
666,1249,2,0,241
667,1249,6,4,255
668,1249,0,0,241
669,1249,0,5,255
670,1249,0,0,251
671,1249,0,0,248
672,1249,0,0,254
673,1249,0,0,254
674,1249,0,0,254
675,1249,0,0,254
676,1249,0,0,254
677,1249,0,0,254
678,1249,0,0,254
679,1249,0,0,254
680,1249,0,0,254
681,1249,0,0,254
682,1249,0,0,254
683,1249,0,0,254
684,1249,0,0,254
685,1249,0,0,254
686,1249,0,0,254
687,1249,0,0,254
688,1249,0,0,254
689,1249,0,0,254
690,1249,0,0,254
691,1249,0,0,254
692,1249,0,0,254
693,1249,0,0,254
694,1249,0,0,254
695,1249,0,0,254
696,1249,0,0,254
697,1249,0,0,254
698,1249,0,0,254
699,1249,0,0,254
700,1249,0,0,254
701,1249,0,0,254
702,1249,0,0,254
703,1249,0,0,254
704,1249,0,0,254
705,1249,0,0,254
706,1249,0,0,254
707,1249,0,0,254
708,1249,0,0,254
709,1249,0,0,254
710,1249,0,0,254
711,1249,0,0,254
712,1249,0,0,254
713,1249,0,0,254
714,1249,0,0,254
715,1249,0,0,254
716,1249,0,0,254
717,1249,0,0,254
718,1249,0,0,254
719,1249,0,0,254
720,1249,0,0,254
721,1249,0,0,254
722,1249,0,0,254
723,1249,0,0,254
724,1249,0,0,254
725,1249,0,0,254
726,1249,0,0,254
727,1249,0,0,254
728,1249,10,0,253
746,1249,18,0,253
747,1249,7,0,241
748,1249,0,0,238
749,1249,3,2,253
750,1249,0,0,241
751,1249,3,3,255
752,1249,1,1,255
753,1249,4,3,255
754,1249,0,0,253
755,1249,0,0,246
756,1249,2,5,255
757,1249,3,0,244
758,1249,14,0,240
817,1249,0,0,253
818,1249,0,4,237
819,1249,4,3,247
820,1249,10,4,255
821,1249,0,0,252
822,1249,3,3,255
823,1249,0,0,253
824,1249,0,1,253
825,1249,0,2,249
826,1249,4,3,255
827,1249,1,0,251
828,1249,0,0,235
829,1249,2,0,254
830,1249,0,0,246
831,1249,4,7,255
832,1249,0,1,251
833,1249,1,2,250
834,1249,0,0,251
835,1249,0,2,254
836,1249,0,0,246
837,1249,13,0,255
632,1250,0,3,255
633,1250,0,0,252
634,1250,1,0,253
635,1250,11,1,246
648,1250,4,3,255
649,1250,0,0,248
650,1250,0,0,242
651,1250,3,3,255
652,1250,4,0,250
653,1250,0,0,239
654,1250,0,4,243
655,1250,0,0,252
656,1250,0,1,252
657,1250,0,2,251
658,1250,2,1,243
659,1250,0,0,243
660,1250,1,0,254
661,1250,0,0,250
662,1250,0,0,247
663,1250,6,5,255
664,1250,0,7,248
665,1250,0,2,253
666,1250,5,0,254
667,1250,8,0,246
668,1250,0,0,253
669,1250,3,8,255
670,1250,0,4,254
671,1250,0,0,253
672,1250,0,0,254
673,1250,0,0,254
674,1250,0,0,254
675,1250,0,0,254
676,1250,0,0,254
677,1250,0,0,254
678,1250,0,0,254
679,1250,0,0,254
680,1250,0,0,254
681,1250,0,0,254
682,1250,0,0,254
683,1250,0,0,254
684,1250,0,0,254
685,1250,0,0,254
686,1250,0,0,254
687,1250,0,0,254
688,1250,0,0,254
689,1250,0,0,254
690,1250,0,0,254
691,1250,0,0,254
692,1250,0,0,254
693,1250,0,0,254
694,1250,0,0,254
695,1250,0,0,254
696,1250,0,0,254
697,1250,0,0,254
698,1250,0,0,254
699,1250,0,0,254
700,1250,0,0,254
701,1250,0,0,254
702,1250,0,0,254
703,1250,0,0,254
704,1250,0,0,254
705,1250,0,0,254
706,1250,0,0,254
707,1250,0,0,254
708,1250,0,0,254
709,1250,0,0,254
710,1250,0,0,254
711,1250,0,0,254
712,1250,0,0,254
713,1250,0,0,254
714,1250,0,0,254
715,1250,0,0,254
716,1250,0,0,254
717,1250,0,0,254
718,1250,0,0,254
719,1250,0,0,254
720,1250,0,0,254
721,1250,0,0,254
722,1250,0,0,254
723,1250,0,0,254
724,1250,0,0,254
725,1250,0,0,254
726,1250,0,0,254
727,1250,0,0,254
728,1250,0,3,244
729,1250,0,0,252
730,1250,7,0,254
731,1250,6,0,245
732,1250,11,0,255
744,1250,1,0,248
745,1250,0,0,251
746,1250,1,1,255
747,1250,4,7,255
748,1250,0,1,254
749,1250,1,1,255
750,1250,1,0,254
751,1250,0,0,245
752,1250,0,1,243
753,1250,0,2,247
754,1250,0,0,252
755,1250,5,5,255
756,1250,0,0,249
757,1250,0,0,237
758,1250,7,0,247
759,1250,7,0,250
817,1250,1,4,239
818,1250,0,4,255
819,1250,1,0,248
820,1250,0,0,240
821,1250,5,5,255
822,1250,0,0,251
823,1250,4,6,249
824,1250,0,6,253
825,1250,0,1,253
826,1250,0,2,254
827,1250,3,3,255
828,1250,0,0,252
829,1250,1,0,254
830,1250,4,3,255
831,1250,0,0,252
832,1250,1,0,253
833,1250,0,0,250
834,1250,5,16,255
835,1250,0,0,250
836,1250,4,0,254
649,1251,2,2,255
650,1251,0,0,246
651,1251,7,4,255
652,1251,4,6,249
653,1251,0,3,255
654,1251,1,1,255
655,1251,0,2,254
656,1251,0,3,244
657,1251,0,0,241
658,1251,4,3,255
659,1251,1,2,253
660,1251,0,6,252
661,1251,0,0,249
662,1251,10,0,255
663,1251,19,0,255
664,1251,2,1,252
665,1251,0,0,249
666,1251,0,0,254
667,1251,0,0,245
668,1251,0,0,247
669,1251,0,0,253
670,1251,0,0,235
671,1251,1,4,255
672,1251,0,0,254
673,1251,0,0,254
674,1251,0,0,254
675,1251,0,0,254
676,1251,0,0,254
677,1251,0,0,254
678,1251,0,0,254
679,1251,0,0,254
680,1251,0,0,254
681,1251,0,0,254
682,1251,0,0,254
683,1251,0,0,254
684,1251,0,0,254
685,1251,0,0,254
686,1251,0,0,254
687,1251,0,0,254
688,1251,0,0,254
689,1251,0,0,254
690,1251,0,0,254
691,1251,0,0,254
692,1251,0,0,254
693,1251,0,0,254
694,1251,0,0,254
695,1251,0,0,254
696,1251,0,0,254
697,1251,0,0,254
698,1251,0,0,254
699,1251,0,0,254
700,1251,0,0,254
701,1251,0,0,254
702,1251,0,0,254
703,1251,0,0,254
704,1251,0,0,254
705,1251,0,0,254
706,1251,0,0,254
707,1251,0,0,254
708,1251,0,0,254
709,1251,0,0,254
710,1251,0,0,254
711,1251,0,0,254
712,1251,0,0,254
713,1251,0,0,254
714,1251,0,0,254
715,1251,0,0,254
716,1251,0,0,254
717,1251,0,0,254
718,1251,0,0,254
719,1251,0,0,254
720,1251,0,0,254
721,1251,0,0,254
722,1251,0,0,254
723,1251,0,0,254
724,1251,0,0,254
725,1251,0,0,254
726,1251,0,0,254
727,1251,0,0,254
728,1251,4,0,254
729,1251,0,0,250
730,1251,3,2,255
731,1251,3,0,245
732,1251,0,0,248
733,1251,6,0,253
743,1251,9,0,254
744,1251,0,2,253
745,1251,0,0,237
746,1251,0,5,255
747,1251,0,0,250
748,1251,0,3,245
749,1251,0,0,254
750,1251,1,0,254
751,1251,2,3,244
752,1251,0,4,255
753,1251,4,7,255
754,1251,1,2,243
755,1251,2,1,255
756,1251,8,7,255
757,1251,0,0,247
758,1251,4,4,255
759,1251,5,5,255
760,1251,0,6,246
816,1251,15,0,253
817,1251,0,0,254
818,1251,0,8,251
819,1251,0,0,251
820,1251,3,2,255
821,1251,3,3,255
822,1251,0,0,236
823,1251,0,0,245
824,1251,0,0,250
825,1251,1,6,255
826,1251,0,0,244
827,1251,0,4,244
828,1251,0,0,250
829,1251,0,3,255
830,1251,0,0,245
831,1251,0,2,255
832,1251,6,5,247
833,1251,0,3,255
834,1251,0,0,250
835,1251,5,5,255
836,1251,16,0,255
649,1252,13,2,252
650,1252,0,2,255
651,1252,4,5,255
652,1252,0,0,248
653,1252,0,2,250
654,1252,3,2,255
655,1252,1,0,254
656,1252,2,2,255
657,1252,5,4,255
658,1252,1,1,255
659,1252,0,1,236
660,1252,0,4,255
661,1252,10,9,255
665,1252,8,0,252
666,1252,0,11,251
667,1252,0,4,255
668,1252,0,0,246
669,1252,10,0,255
670,1252,5,2,255
671,1252,0,1,245
672,1252,0,0,254
673,1252,0,0,254
674,1252,0,0,254
675,1252,0,0,254
676,1252,0,0,254
677,1252,0,0,254
678,1252,0,0,254
679,1252,0,0,254
680,1252,0,0,254
681,1252,0,0,254
682,1252,0,0,254
683,1252,0,0,254
684,1252,0,0,254
685,1252,0,0,254
686,1252,0,0,254
687,1252,0,0,254
688,1252,0,0,254
689,1252,0,0,254
690,1252,0,0,254
691,1252,0,0,254
692,1252,0,0,254
693,1252,0,0,254
694,1252,0,0,254
695,1252,0,0,254
696,1252,0,0,254
697,1252,0,0,254
698,1252,0,0,254
699,1252,0,0,254
700,1252,0,0,254
701,1252,0,0,254
702,1252,0,0,254
703,1252,0,0,254
704,1252,0,0,254
705,1252,0,0,254
706,1252,0,0,254
707,1252,0,0,254
708,1252,0,0,254
709,1252,0,0,254
710,1252,0,0,254
711,1252,0,0,254
712,1252,0,0,254
713,1252,0,0,254
714,1252,0,0,254
715,1252,0,0,254
716,1252,0,0,254
717,1252,0,0,254
718,1252,0,0,254
719,1252,0,0,254
720,1252,0,0,254
721,1252,0,0,254
722,1252,0,0,254
723,1252,0,0,254
724,1252,0,0,254
725,1252,0,0,254
726,1252,0,0,254
727,1252,0,0,254
728,1252,0,0,240
729,1252,0,4,255
730,1252,0,8,255
731,1252,0,0,250
732,1252,2,5,255
733,1252,0,0,248
734,1252,6,0,253
742,1252,12,0,251
743,1252,0,0,252
744,1252,0,0,250
745,1252,0,3,255
746,1252,5,5,255
747,1252,2,3,254
748,1252,0,0,252
749,1252,0,0,248
750,1252,0,0,252
751,1252,4,4,255
752,1252,0,1,250
753,1252,0,0,253
754,1252,0,1,244
755,1252,0,0,242
756,1252,5,4,255
757,1252,1,1,255
758,1252,0,4,246
759,1252,0,1,252
760,1252,7,7,253
775,1252,4,3,245
776,1252,1,1,255
777,1252,9,0,255
816,1252,13,0,255
817,1252,0,3,254
818,1252,0,0,249
819,1252,4,1,255
820,1252,4,6,247
821,1252,2,2,255
822,1252,0,0,251
823,1252,1,6,255
824,1252,3,0,255
825,1252,4,3,247
826,1252,0,0,253
827,1252,0,5,245
828,1252,0,1,254
829,1252,0,1,253
830,1252,0,3,253
831,1252,0,3,241
832,1252,4,2,249
833,1252,0,0,240
834,1252,4,1,255
835,1252,13,0,255
650,1253,10,0,255
651,1253,0,1,253
652,1253,5,4,255
653,1253,0,2,248
654,1253,0,1,253
655,1253,7,0,251
656,1253,0,0,247
657,1253,0,0,251
658,1253,0,6,242
659,1253,0,2,254
660,1253,3,3,255
661,1253,4,0,249
665,1253,20,0,255
666,1253,0,0,246
667,1253,0,6,254
668,1253,0,0,253
669,1253,5,0,254
670,1253,2,0,250
671,1253,0,2,255
672,1253,0,0,254
673,1253,0,0,254
674,1253,0,0,254
675,1253,0,0,254
676,1253,0,0,254
677,1253,0,0,254
678,1253,0,0,254
679,1253,0,0,254
680,1253,0,0,254
681,1253,0,0,254
682,1253,0,0,254
683,1253,0,0,254
684,1253,0,0,254
685,1253,0,0,254
686,1253,0,0,254
687,1253,0,0,254
688,1253,0,0,254
689,1253,0,0,254
690,1253,0,0,254
691,1253,0,0,254
692,1253,0,0,254
693,1253,0,0,254
694,1253,0,0,254
695,1253,0,0,254
696,1253,0,0,254
697,1253,0,0,254
698,1253,0,0,254
699,1253,0,0,254
700,1253,0,0,254
701,1253,0,0,254
702,1253,0,0,254
703,1253,0,0,254
704,1253,0,0,254
705,1253,0,0,254
706,1253,0,0,254
707,1253,0,0,254
708,1253,0,0,254
709,1253,0,0,254
710,1253,0,0,254
711,1253,0,0,254
712,1253,0,0,254
713,1253,0,0,254
714,1253,0,0,254
715,1253,0,0,254
716,1253,0,0,254
717,1253,0,0,254
718,1253,0,0,254
719,1253,0,0,254
720,1253,0,0,254
721,1253,0,0,254
722,1253,0,0,254
723,1253,0,0,254
724,1253,0,0,254
725,1253,0,0,254
726,1253,0,0,254
727,1253,0,0,254
728,1253,0,0,253
729,1253,0,4,252
730,1253,0,0,246
731,1253,5,4,255
732,1253,6,5,255
733,1253,2,4,249
734,1253,3,0,248
741,1253,11,0,247
742,1253,0,1,250
743,1253,4,1,255
744,1253,0,0,251
745,1253,3,2,246
746,1253,0,0,250
747,1253,2,0,249
748,1253,8,6,255
749,1253,4,4,252
750,1253,3,3,255
751,1253,0,1,254
752,1253,0,0,247
753,1253,0,1,254
754,1253,0,3,242
755,1253,1,6,248
756,1253,1,1,245
757,1253,0,0,251
758,1253,0,5,255
759,1253,0,0,251
760,1253,0,0,249
763,1253,10,0,255
764,1253,2,0,252
765,1253,0,1,242
766,1253,0,4,255
767,1253,0,0,248
768,1253,2,0,237
773,1253,8,0,241
774,1253,7,6,255
775,1253,0,0,253
776,1253,0,0,251
777,1253,6,0,255
778,1253,5,0,254
779,1253,7,0,244
780,1253,9,0,249
807,1253,15,0,246
808,1253,0,0,253
809,1253,0,0,253
810,1253,0,0,253
811,1253,0,0,253
812,1253,0,0,253
813,1253,0,0,253
814,1253,0,0,253
815,1253,0,0,253
816,1253,0,0,243
817,1253,0,2,255
818,1253,3,3,255
819,1253,0,0,250
820,1253,0,0,249
821,1253,0,0,246
822,1253,6,3,255
823,1253,0,2,254
824,1253,2,0,251
825,1253,0,0,246
826,1253,5,4,255
827,1253,2,2,255
828,1253,0,2,247
829,1253,0,5,235
830,1253,4,4,255
831,1253,3,3,247
832,1253,7,0,253
833,1253,11,0,254
651,1254,5,0,252
652,1254,3,0,252
653,1254,0,0,247
654,1254,1,6,255
655,1254,5,4,246
656,1254,6,5,255
657,1254,0,0,253
658,1254,0,0,251
659,1254,0,0,252
660,1254,11,0,251
666,1254,20,0,255
667,1254,12,2,255
668,1254,0,0,247
669,1254,0,4,240
670,1254,2,2,255
671,1254,0,0,244
672,1254,0,0,254
673,1254,0,0,254
674,1254,0,0,254
675,1254,0,0,254
676,1254,0,0,254
677,1254,0,0,254
678,1254,0,0,254
679,1254,0,0,254
680,1254,0,0,254
681,1254,0,0,254
682,1254,0,0,254
683,1254,0,0,254
684,1254,0,0,254
685,1254,0,0,254
686,1254,0,0,254
687,1254,0,0,254
688,1254,0,0,254
689,1254,0,0,254
690,1254,0,0,254
691,1254,0,0,254
692,1254,0,0,254
693,1254,0,0,254
694,1254,0,0,254
695,1254,0,0,254
696,1254,0,0,254
697,1254,0,0,254
698,1254,0,0,254
699,1254,0,0,254
700,1254,0,0,254
701,1254,0,0,254
702,1254,0,0,254
703,1254,0,0,254
704,1254,0,0,254
705,1254,0,0,254
706,1254,0,0,254
707,1254,0,0,254
708,1254,0,0,254
709,1254,0,0,254
710,1254,0,0,254
711,1254,0,0,254
712,1254,0,0,254
713,1254,0,0,254
714,1254,0,0,254
715,1254,0,0,254
716,1254,0,0,254
717,1254,0,0,254
718,1254,0,0,254
719,1254,0,0,254
720,1254,0,0,254
721,1254,0,0,254
722,1254,0,0,254
723,1254,0,0,254
724,1254,0,0,254
725,1254,0,0,254
726,1254,0,0,254
727,1254,0,0,254
728,1254,4,3,255
729,1254,7,10,255
730,1254,0,0,249
731,1254,0,4,243
732,1254,0,6,243
733,1254,0,5,253
734,1254,0,10,255
735,1254,0,0,251
741,1254,0,0,251
742,1254,0,4,255
743,1254,2,0,249
744,1254,2,2,246
745,1254,2,1,252
746,1254,1,0,251
747,1254,14,8,255
748,1254,0,0,248
749,1254,0,0,247
750,1254,1,4,255
751,1254,0,0,248
752,1254,9,3,255
753,1254,0,0,253
754,1254,0,5,255
755,1254,0,0,247
756,1254,4,4,255
757,1254,4,2,251
758,1254,0,0,253
759,1254,0,0,249
760,1254,2,7,255
761,1254,2,0,240
762,1254,5,2,255
763,1254,0,2,255
764,1254,1,1,255
765,1254,0,2,253
766,1254,0,4,255
767,1254,0,1,248
768,1254,0,0,249
769,1254,15,3,255
771,1254,11,0,250
772,1254,2,0,252
773,1254,0,2,235
774,1254,0,0,253
775,1254,10,4,255
776,1254,9,0,248
777,1254,5,0,255
778,1254,0,5,249
779,1254,0,9,252
780,1254,0,7,250
781,1254,0,0,250
805,1254,14,0,251
806,1254,5,1,248
807,1254,0,0,253
808,1254,1,2,253
809,1254,1,2,253
810,1254,1,2,253
811,1254,1,2,253
812,1254,1,2,253
813,1254,1,2,253
814,1254,1,2,253
815,1254,1,2,253
816,1254,1,2,250
817,1254,0,5,255
818,1254,2,1,252
819,1254,0,0,252
820,1254,3,8,255
821,1254,0,1,239
822,1254,8,2,255
823,1254,0,4,255
824,1254,3,5,240
825,1254,3,3,255
826,1254,0,3,240
827,1254,1,1,255
828,1254,3,2,255
829,1254,1,0,250
830,1254,10,0,248
831,1254,6,0,249
652,1255,5,0,255
653,1255,3,0,253
654,1255,5,0,253
655,1255,0,2,252
656,1255,0,3,237
657,1255,0,4,250
658,1255,5,5,255
659,1255,8,0,251
668,1255,2,1,255
669,1255,0,6,255
670,1255,0,3,255
671,1255,5,0,251
672,1255,0,0,254
673,1255,0,0,254
674,1255,0,0,254
675,1255,0,0,254
676,1255,0,0,254
677,1255,0,0,254
678,1255,0,0,254
679,1255,0,0,254
680,1255,0,0,254
681,1255,0,0,254
682,1255,0,0,254
683,1255,0,0,254
684,1255,0,0,254
685,1255,0,0,254
686,1255,0,0,254
687,1255,0,0,254
688,1255,0,0,254
689,1255,0,0,254
690,1255,0,0,254
691,1255,0,0,254
692,1255,0,0,254
693,1255,0,0,254
694,1255,0,0,254
695,1255,0,0,254
696,1255,0,0,254
697,1255,0,0,254
698,1255,0,0,254
699,1255,0,0,254
700,1255,0,0,254
701,1255,0,0,254
702,1255,0,0,254
703,1255,0,0,254
704,1255,0,0,254
705,1255,0,0,254
706,1255,0,0,254
707,1255,0,0,254
708,1255,0,0,254
709,1255,0,0,254
710,1255,0,0,254
711,1255,0,0,254
712,1255,0,0,254
713,1255,0,0,254
714,1255,0,0,254
715,1255,0,0,254
716,1255,0,0,254
717,1255,0,0,254
718,1255,0,0,254
719,1255,0,0,254
720,1255,0,0,254
721,1255,0,0,254
722,1255,0,0,254
723,1255,0,0,254
724,1255,0,0,254
725,1255,0,0,254
726,1255,0,0,254
727,1255,0,0,254
728,1255,0,0,249
729,1255,3,0,253
730,1255,7,0,254
731,1255,6,0,255
732,1255,0,0,252
733,1255,0,0,249
734,1255,10,5,255
735,1255,9,0,250
739,1255,6,0,253
740,1255,0,5,255
741,1255,0,0,248
742,1255,5,0,254
743,1255,0,2,244
744,1255,0,4,253
745,1255,0,0,250
746,1255,4,4,250
747,1255,0,0,249
748,1255,4,1,254
749,1255,0,0,250
750,1255,0,3,255
751,1255,0,5,247
752,1255,10,0,255
753,1255,4,6,251
754,1255,0,0,247
755,1255,0,3,249
756,1255,2,2,255
757,1255,4,0,247
758,1255,3,0,253
759,1255,5,5,253
760,1255,3,0,255
761,1255,1,0,250
762,1255,0,3,255
763,1255,0,1,253
764,1255,5,0,255
765,1255,2,0,254
766,1255,7,7,255
767,1255,4,0,251
768,1255,0,0,252
769,1255,0,3,255
770,1255,0,0,252
771,1255,1,10,249
772,1255,0,0,250
773,1255,2,4,249
774,1255,2,2,236
775,1255,0,0,252
776,1255,0,3,255
777,1255,0,1,240
778,1255,0,0,253
779,1255,0,0,252
780,1255,0,6,250
781,1255,3,3,255
782,1255,3,0,250
804,1255,17,0,255
805,1255,4,0,251
806,1255,0,2,254
807,1255,0,5,245
808,1255,0,0,254
809,1255,0,0,254
810,1255,0,0,254
811,1255,0,0,254
812,1255,0,0,254
813,1255,0,0,254
814,1255,0,0,254
815,1255,0,0,254
816,1255,0,0,252
817,1255,0,3,236
818,1255,1,0,250
819,1255,6,5,255
820,1255,0,0,251
821,1255,0,0,244
822,1255,5,0,253
823,1255,0,0,250
824,1255,0,0,250
825,1255,0,3,255
826,1255,0,2,251
827,1255,0,0,247
828,1255,8,2,255
829,1255,11,0,254
653,1256,4,0,253
654,1256,0,3,232
655,1256,0,2,254
656,1256,0,2,254
657,1256,0,3,234
658,1256,4,0,251
671,1256,1,1,255
672,1256,0,0,252
673,1256,4,4,255
674,1256,0,0,236
675,1256,0,0,249
676,1256,1,0,254
677,1256,1,0,254
678,1256,1,0,254
679,1256,4,3,255
680,1256,0,0,252
681,1256,1,5,252
682,1256,0,0,247
683,1256,2,3,254
684,1256,0,0,252
685,1256,3,3,255
686,1256,0,0,251
687,1256,2,3,254
688,1256,0,0,254
689,1256,0,0,254
690,1256,0,0,254
691,1256,0,0,254
692,1256,0,0,254
693,1256,0,0,254
694,1256,0,0,254
695,1256,0,0,254
696,1256,0,0,254
697,1256,0,0,254
698,1256,0,0,254
699,1256,0,0,254
700,1256,0,0,254
701,1256,0,0,254
702,1256,0,0,254
703,1256,0,0,254
704,1256,0,0,254
705,1256,0,0,254
706,1256,0,0,254
707,1256,0,0,254
708,1256,0,0,254
709,1256,0,0,254
710,1256,0,0,254
711,1256,0,0,254
712,1256,0,0,250
713,1256,6,6,255
714,1256,0,0,250
715,1256,2,5,255
716,1256,0,0,247
717,1256,0,2,242
718,1256,1,6,255
719,1256,1,6,255
720,1256,0,3,249
721,1256,0,5,255
722,1256,0,4,255
723,1256,0,0,252
724,1256,1,2,253
725,1256,0,0,251
726,1256,2,2,255
727,1256,1,0,252
728,1256,0,0,254
729,1256,0,0,254
730,1256,0,0,254
731,1256,0,0,254
732,1256,0,0,254
733,1256,0,0,254
734,1256,0,0,254
735,1256,0,0,254
738,1256,11,0,254
739,1256,8,2,255
740,1256,0,0,247
741,1256,0,2,251
742,1256,0,3,255
743,1256,0,0,250
744,1256,0,0,254
745,1256,0,0,254
746,1256,0,0,254
747,1256,0,0,254
748,1256,0,0,254
749,1256,0,0,254
750,1256,0,0,254
751,1256,0,0,254
752,1256,0,0,254
753,1256,0,0,254
754,1256,0,0,254
755,1256,0,0,254
756,1256,0,0,254
757,1256,0,0,254
758,1256,0,0,254
759,1256,0,0,254
760,1256,0,0,254
761,1256,0,0,254
762,1256,0,0,254
763,1256,0,0,254
764,1256,0,0,254
765,1256,0,0,254
766,1256,0,0,254
767,1256,0,0,254
768,1256,0,0,254
769,1256,0,0,254
770,1256,0,0,254
771,1256,0,0,254
772,1256,0,0,254
773,1256,0,0,254
774,1256,0,0,254
775,1256,0,0,254
776,1256,0,0,254
777,1256,0,0,254
778,1256,0,0,254
779,1256,0,0,254
780,1256,0,0,254
781,1256,0,0,254
782,1256,0,0,254
783,1256,0,0,254
784,1256,0,0,254
785,1256,0,0,254
786,1256,0,0,254
787,1256,0,0,254
788,1256,0,0,254
789,1256,0,0,254
790,1256,0,0,254
791,1256,0,0,254
792,1256,0,0,254
793,1256,0,0,254
794,1256,0,0,254
795,1256,0,0,254
796,1256,0,0,254
797,1256,0,0,254
798,1256,0,0,254
799,1256,0,0,254
800,1256,7,0,250
803,1256,7,0,251
804,1256,2,0,252
805,1256,3,2,254
806,1256,0,0,254
807,1256,2,2,255
808,1256,0,0,254
809,1256,0,0,254
810,1256,0,0,254
811,1256,0,0,254
812,1256,0,0,254
813,1256,0,0,254
814,1256,0,0,254
815,1256,0,0,254
816,1256,0,0,254
817,1256,0,0,254
818,1256,0,0,254
819,1256,0,0,254
820,1256,0,0,254
821,1256,0,0,254
822,1256,0,0,254
823,1256,0,0,254
824,1256,0,0,250
825,1256,1,7,253
826,1256,2,0,252
827,1256,8,0,255
828,1256,0,4,254
671,1257,2,1,243
672,1257,4,4,248
673,1257,3,2,255
674,1257,3,2,255
675,1257,2,2,250
676,1257,4,3,255
677,1257,3,3,251
678,1257,0,0,243
679,1257,0,0,254
680,1257,2,0,251
681,1257,6,3,255
682,1257,0,0,251
683,1257,1,0,253
684,1257,3,4,244
685,1257,1,1,255
686,1257,0,0,248
687,1257,1,2,252
688,1257,0,0,254
689,1257,0,0,254
690,1257,0,0,254
691,1257,0,0,254
692,1257,0,0,254
693,1257,0,0,254
694,1257,0,0,254
695,1257,0,0,254
696,1257,0,0,254
697,1257,0,0,254
698,1257,0,0,254
699,1257,0,0,254
700,1257,0,0,254
701,1257,0,0,254
702,1257,0,0,254
703,1257,0,0,254
704,1257,0,0,254
705,1257,0,0,254
706,1257,0,0,254
707,1257,0,0,254
708,1257,0,0,254
709,1257,0,0,254
710,1257,0,0,254
711,1257,0,0,254
712,1257,0,0,253
713,1257,4,6,249
714,1257,5,5,255
715,1257,0,0,250
716,1257,0,0,247
717,1257,0,0,247
718,1257,6,3,255
719,1257,0,0,246
720,1257,6,0,253
721,1257,10,2,255
722,1257,1,0,248
723,1257,0,0,252
724,1257,0,1,242
725,1257,0,4,253
726,1257,0,2,250
727,1257,0,0,252
728,1257,0,0,254
729,1257,0,0,254
730,1257,0,0,254
731,1257,0,0,254
732,1257,0,0,254
733,1257,0,0,254
734,1257,0,0,254
735,1257,0,0,254
736,1257,6,0,249
737,1257,10,0,248
738,1257,1,0,250
739,1257,3,2,255
740,1257,1,1,255
741,1257,0,3,240
742,1257,3,3,255
743,1257,3,5,240
744,1257,0,0,254
745,1257,0,0,254
746,1257,0,0,254
747,1257,0,0,254
748,1257,0,0,254
749,1257,0,0,254
750,1257,0,0,254
751,1257,0,0,254
752,1257,0,0,254
753,1257,0,0,254
754,1257,0,0,254
755,1257,0,0,254
756,1257,0,0,254
757,1257,0,0,254
758,1257,0,0,254
759,1257,0,0,254
760,1257,0,0,254
761,1257,0,0,254
762,1257,0,0,254
763,1257,0,0,254
764,1257,0,0,254
765,1257,0,0,254
766,1257,0,0,254
767,1257,0,0,254
768,1257,0,0,254
769,1257,0,0,254
770,1257,0,0,254
771,1257,0,0,254
772,1257,0,0,254
773,1257,0,0,254
774,1257,0,0,254
775,1257,0,0,254
776,1257,0,0,254
777,1257,0,0,254
778,1257,0,0,254
779,1257,0,0,254
780,1257,0,0,254
781,1257,0,0,254
782,1257,0,0,254
783,1257,0,0,254
784,1257,0,0,254
785,1257,0,0,254
786,1257,0,0,254
787,1257,0,0,254
788,1257,0,0,254
789,1257,0,0,254
790,1257,0,0,254
791,1257,0,0,254
792,1257,0,0,254
793,1257,0,0,254
794,1257,0,0,254
795,1257,0,0,254
796,1257,0,0,254
797,1257,0,0,254
798,1257,0,0,254
799,1257,0,0,254
800,1257,9,0,253
801,1257,4,0,251
802,1257,6,2,239
803,1257,8,2,255
804,1257,1,0,251
805,1257,0,0,250
806,1257,0,2,245
807,1257,1,1,255
808,1257,0,0,254
809,1257,0,0,254
810,1257,0,0,254
811,1257,0,0,254
812,1257,0,0,254
813,1257,0,0,254
814,1257,0,0,254
815,1257,0,0,254
816,1257,0,0,254
817,1257,0,0,254
818,1257,0,0,254
819,1257,0,0,254
820,1257,0,0,254
821,1257,0,0,254
822,1257,0,0,254
823,1257,0,0,254
824,1257,0,0,250
825,1257,0,2,255
826,1257,2,0,252
827,1257,3,2,246
828,1257,3,0,255
671,1258,4,0,251
672,1258,0,3,248
673,1258,0,3,241
674,1258,0,4,255
675,1258,0,0,250
676,1258,0,2,255
677,1258,6,8,249
678,1258,1,1,247
679,1258,0,0,252
680,1258,0,0,250
681,1258,5,0,255
682,1258,8,2,255
683,1258,0,0,249
684,1258,0,0,252
685,1258,2,2,255
686,1258,5,5,255
687,1258,1,0,254
688,1258,0,0,254
689,1258,0,0,254
690,1258,0,0,254
691,1258,0,0,254
692,1258,0,0,254
693,1258,0,0,254
694,1258,0,0,254
695,1258,0,0,254
696,1258,0,0,254
697,1258,0,0,254
698,1258,0,0,254
699,1258,0,0,254
700,1258,0,0,254
701,1258,0,0,254
702,1258,0,0,254
703,1258,0,0,254
704,1258,0,0,254
705,1258,0,0,254
706,1258,0,0,254
707,1258,0,0,254
708,1258,0,0,254
709,1258,0,0,254
710,1258,0,0,254
711,1258,0,0,254
712,1258,1,3,248
713,1258,0,0,235
714,1258,0,0,246
715,1258,0,0,254
716,1258,0,0,253
717,1258,6,9,255
718,1258,0,0,249
719,1258,0,0,249
720,1258,0,0,251
721,1258,1,0,254
722,1258,0,0,253
723,1258,0,0,253
724,1258,3,0,255
725,1258,3,0,255
726,1258,0,0,248
727,1258,6,0,255
728,1258,0,0,254
729,1258,0,0,254
730,1258,0,0,254
731,1258,0,0,254
732,1258,0,0,254
733,1258,0,0,254
734,1258,0,0,254
735,1258,0,0,254
736,1258,3,3,247
737,1258,4,4,255
738,1258,0,5,235
739,1258,0,2,247
740,1258,2,2,255
741,1258,5,4,255
742,1258,0,0,246
743,1258,2,0,251
744,1258,0,0,254
745,1258,0,0,254
746,1258,0,0,254
747,1258,0,0,254
748,1258,0,0,254
749,1258,0,0,254
750,1258,0,0,254
751,1258,0,0,254
752,1258,0,0,254
753,1258,0,0,254
754,1258,0,0,254
755,1258,0,0,254
756,1258,0,0,254
757,1258,0,0,254
758,1258,0,0,254
759,1258,0,0,254
760,1258,0,0,254
761,1258,0,0,254
762,1258,0,0,254
763,1258,0,0,254
764,1258,0,0,254
765,1258,0,0,254
766,1258,0,0,254
767,1258,0,0,254
768,1258,0,0,254
769,1258,0,0,254
770,1258,0,0,254
771,1258,0,0,254
772,1258,0,0,254
773,1258,0,0,254
774,1258,0,0,254
775,1258,0,0,254
776,1258,0,0,254
777,1258,0,0,254
778,1258,0,0,254
779,1258,0,0,254
780,1258,0,0,254
781,1258,0,0,254
782,1258,0,0,254
783,1258,0,0,254
784,1258,0,0,254
785,1258,0,0,254
786,1258,0,0,254
787,1258,0,0,254
788,1258,0,0,254
789,1258,0,0,254
790,1258,0,0,254
791,1258,0,0,254
792,1258,0,0,254
793,1258,0,0,254
794,1258,0,0,254
795,1258,0,0,254
796,1258,0,0,254
797,1258,0,0,254
798,1258,0,0,254
799,1258,0,0,254
800,1258,4,3,255
801,1258,0,0,251
802,1258,0,0,244
803,1258,5,4,255
804,1258,0,0,243
805,1258,4,3,255
806,1258,3,5,250
807,1258,0,0,250
808,1258,0,0,254
809,1258,0,0,254
810,1258,0,0,254
811,1258,0,0,254
812,1258,0,0,254
813,1258,0,0,254
814,1258,0,0,254
815,1258,0,0,254
816,1258,0,0,254
817,1258,0,0,254
818,1258,0,0,254
819,1258,0,0,254
820,1258,0,0,254
821,1258,0,0,254
822,1258,0,0,254
823,1258,0,0,254
824,1258,3,2,255
825,1258,0,0,253
826,1258,0,0,253
827,1258,0,1,253
672,1259,3,2,254
673,1259,2,2,255
674,1259,0,0,249
675,1259,0,0,243
676,1259,0,5,255
677,1259,0,0,243
678,1259,0,3,254
679,1259,0,0,251
680,1259,0,6,254
681,1259,0,0,252
682,1259,4,4,252
683,1259,3,2,255
684,1259,0,0,250
685,1259,0,0,252
686,1259,3,5,246
687,1259,0,0,251
688,1259,0,0,254
689,1259,0,0,254
690,1259,0,0,254
691,1259,0,0,254
692,1259,0,0,254
693,1259,0,0,254
694,1259,0,0,254
695,1259,0,0,254
696,1259,0,0,254
697,1259,0,0,254
698,1259,0,0,254
699,1259,0,0,254
700,1259,0,0,254
701,1259,0,0,254
702,1259,0,0,254
703,1259,0,0,254
704,1259,0,0,254
705,1259,0,0,254
706,1259,0,0,254
707,1259,0,0,254
708,1259,0,0,254
709,1259,0,0,254
710,1259,0,0,254
711,1259,0,0,254
712,1259,0,0,253
713,1259,2,2,255
714,1259,1,3,248
715,1259,4,4,252
716,1259,0,0,248
717,1259,2,1,253
718,1259,2,1,255
719,1259,3,2,254
720,1259,3,2,253
721,1259,2,1,253
722,1259,0,0,254
723,1259,4,4,255
724,1259,0,0,253
725,1259,2,2,255
726,1259,0,2,239
727,1259,0,0,253
728,1259,0,0,254
729,1259,0,0,254
730,1259,0,0,254
731,1259,0,0,254
732,1259,0,0,254
733,1259,0,0,254
734,1259,0,0,254
735,1259,0,0,254
736,1259,0,3,241
737,1259,0,3,253
738,1259,0,1,253
739,1259,0,1,254
740,1259,0,5,245
741,1259,0,0,253
742,1259,4,3,247
743,1259,3,0,255
744,1259,0,0,254
745,1259,0,0,254
746,1259,0,0,254
747,1259,0,0,254
748,1259,0,0,254
749,1259,0,0,254
750,1259,0,0,254
751,1259,0,0,254
752,1259,0,0,254
753,1259,0,0,254
754,1259,0,0,254
755,1259,0,0,254
756,1259,0,0,254
757,1259,0,0,254
758,1259,0,0,254
759,1259,0,0,254
760,1259,0,0,254
761,1259,0,0,254
762,1259,0,0,254
763,1259,0,0,254
764,1259,0,0,254
765,1259,0,0,254
766,1259,0,0,254
767,1259,0,0,254
768,1259,0,0,254
769,1259,0,0,254
770,1259,0,0,254
771,1259,0,0,254
772,1259,0,0,254
773,1259,0,0,254
774,1259,0,0,254
775,1259,0,0,254
776,1259,0,0,254
777,1259,0,0,254
778,1259,0,0,254
779,1259,0,0,254
780,1259,0,0,254
781,1259,0,0,254
782,1259,0,0,254
783,1259,0,0,254
784,1259,0,0,254
785,1259,0,0,254
786,1259,0,0,254
787,1259,0,0,254
788,1259,0,0,254
789,1259,0,0,254
790,1259,0,0,254
791,1259,0,0,254
792,1259,0,0,254
793,1259,0,0,254
794,1259,0,0,254
795,1259,0,0,254
796,1259,0,0,254
797,1259,0,0,254
798,1259,0,0,254
799,1259,0,0,254
800,1259,0,4,255
801,1259,0,1,253
802,1259,2,5,255
803,1259,0,0,251
804,1259,0,2,243
805,1259,1,1,255
806,1259,7,6,255
807,1259,0,0,242
808,1259,0,0,254
809,1259,0,0,254
810,1259,0,0,254
811,1259,0,0,254
812,1259,0,0,254
813,1259,0,0,254
814,1259,0,0,254
815,1259,0,0,254
816,1259,0,0,254
817,1259,0,0,254
818,1259,0,0,254
819,1259,0,0,254
820,1259,0,0,254
821,1259,0,0,254
822,1259,0,0,254
823,1259,0,0,254
824,1259,1,0,253
825,1259,2,4,249
826,1259,0,0,252
827,1259,0,11,255
672,1260,9,0,255
673,1260,5,0,254
674,1260,6,3,255
675,1260,4,5,245
676,1260,0,0,252
677,1260,5,4,255
678,1260,6,3,242
679,1260,10,3,254
680,1260,0,5,243
681,1260,0,1,253
682,1260,0,0,246
683,1260,0,3,250
684,1260,0,2,254
685,1260,0,4,255
686,1260,0,0,248
687,1260,7,0,255
688,1260,0,0,254
689,1260,0,0,254
690,1260,0,0,254
691,1260,0,0,254
692,1260,0,0,254
693,1260,0,0,254
694,1260,0,0,254
695,1260,0,0,254
696,1260,0,0,254
697,1260,0,0,254
698,1260,0,0,254
699,1260,0,0,254
700,1260,0,0,254
701,1260,0,0,254
702,1260,0,0,254
703,1260,0,0,254
704,1260,0,0,254
705,1260,0,0,254
706,1260,0,0,254
707,1260,0,0,254
708,1260,0,0,254
709,1260,0,0,254
710,1260,0,0,254
711,1260,0,0,254
712,1260,3,3,255
713,1260,0,0,251
714,1260,0,0,252
715,1260,7,5,255
716,1260,1,0,251
717,1260,6,0,250
718,1260,5,0,252
719,1260,7,0,254
720,1260,1,6,255
721,1260,0,0,252
722,1260,0,0,247
723,1260,0,3,248
724,1260,0,0,247
725,1260,0,0,239
726,1260,5,4,255
727,1260,4,3,255
728,1260,0,0,254
729,1260,0,0,254
730,1260,0,0,254
731,1260,0,0,254
732,1260,0,0,254
733,1260,0,0,254
734,1260,0,0,254
735,1260,0,0,254
736,1260,0,2,255
737,1260,0,0,245
738,1260,0,3,255
739,1260,0,0,250
740,1260,0,4,244
741,1260,0,0,244
742,1260,1,6,255
743,1260,0,0,250
744,1260,0,0,254
745,1260,0,0,254
746,1260,0,0,254
747,1260,0,0,254
748,1260,0,0,254
749,1260,0,0,254
750,1260,0,0,254
751,1260,0,0,254
752,1260,0,0,254
753,1260,0,0,254
754,1260,0,0,254
755,1260,0,0,254
756,1260,0,0,254
757,1260,0,0,254
758,1260,0,0,254
759,1260,0,0,254
760,1260,0,0,254
761,1260,0,0,254
762,1260,0,0,254
763,1260,0,0,254
764,1260,0,0,254
765,1260,0,0,254
766,1260,0,0,254
767,1260,0,0,254
768,1260,0,0,254
769,1260,0,0,254
770,1260,0,0,254
771,1260,0,0,254
772,1260,0,0,254
773,1260,0,0,254
774,1260,0,0,254
775,1260,0,0,254
776,1260,0,0,254
777,1260,0,0,254
778,1260,0,0,254
779,1260,0,0,254
780,1260,0,0,254
781,1260,0,0,254
782,1260,0,0,254
783,1260,0,0,254
784,1260,0,0,254
785,1260,0,0,254
786,1260,0,0,254
787,1260,0,0,254
788,1260,0,0,254
789,1260,0,0,254
790,1260,0,0,254
791,1260,0,0,254
792,1260,0,0,254
793,1260,0,0,254
794,1260,0,0,254
795,1260,0,0,254
796,1260,0,0,254
797,1260,0,0,254
798,1260,0,0,254
799,1260,0,0,254
800,1260,0,0,252
801,1260,0,2,251
802,1260,0,2,241
803,1260,0,0,252
804,1260,0,1,254
805,1260,0,0,252
806,1260,0,0,242
807,1260,1,0,254
808,1260,0,0,254
809,1260,0,0,254
810,1260,0,0,254
811,1260,0,0,254
812,1260,0,0,254
813,1260,0,0,254
814,1260,0,0,254
815,1260,0,0,254
816,1260,0,0,254
817,1260,0,0,254
818,1260,0,0,254
819,1260,0,0,254
820,1260,0,0,254
821,1260,0,0,254
822,1260,0,0,254
823,1260,0,0,254
824,1260,0,0,251
825,1260,1,1,255
826,1260,1,2,250
827,1260,0,0,251
673,1261,8,0,250
674,1261,7,0,254
675,1261,2,2,255
676,1261,0,2,240
677,1261,0,0,252
678,1261,0,2,252
679,1261,0,3,255
680,1261,0,2,254
681,1261,0,0,252
682,1261,9,0,247
683,1261,6,0,255
684,1261,0,3,255
685,1261,0,0,245
686,1261,0,4,238
687,1261,8,0,255
688,1261,0,0,254
689,1261,0,0,254
690,1261,0,0,254
691,1261,0,0,254
692,1261,0,0,254
693,1261,0,0,254
694,1261,0,0,254
695,1261,0,0,254
696,1261,0,0,254
697,1261,0,0,254
698,1261,0,0,254
699,1261,0,0,254
700,1261,0,0,254
701,1261,0,0,254
702,1261,0,0,254
703,1261,0,0,254
704,1261,0,0,254
705,1261,0,0,254
706,1261,0,0,254
707,1261,0,0,254
708,1261,0,0,254
709,1261,0,0,254
710,1261,0,0,254
711,1261,0,0,254
712,1261,1,0,251
713,1261,5,5,255
714,1261,0,0,254
715,1261,0,0,248
716,1261,0,6,249
717,1261,0,1,252
718,1261,0,6,239
719,1261,0,6,255
720,1261,0,0,250
721,1261,0,0,241
722,1261,7,9,252
723,1261,0,0,252
724,1261,3,0,253
725,1261,12,6,255
726,1261,5,0,254
727,1261,4,0,244
728,1261,0,0,254
729,1261,0,0,254
730,1261,0,0,254
731,1261,0,0,254
732,1261,0,0,254
733,1261,0,0,254
734,1261,0,0,254
735,1261,0,0,254
736,1261,0,0,252
737,1261,4,3,255
738,1261,1,0,254
739,1261,0,0,252
740,1261,3,3,255
741,1261,0,2,254
742,1261,0,1,253
743,1261,0,6,253
744,1261,0,0,254
745,1261,0,0,254
746,1261,0,0,254
747,1261,0,0,254
748,1261,0,0,254
749,1261,0,0,254
750,1261,0,0,254
751,1261,0,0,254
752,1261,0,0,254
753,1261,0,0,254
754,1261,0,0,254
755,1261,0,0,254
756,1261,0,0,254
757,1261,0,0,254
758,1261,0,0,254
759,1261,0,0,254
760,1261,0,0,254
761,1261,0,0,254
762,1261,0,0,254
763,1261,0,0,254
764,1261,0,0,254
765,1261,0,0,254
766,1261,0,0,254
767,1261,0,0,254
768,1261,0,0,254
769,1261,0,0,254
770,1261,0,0,254
771,1261,0,0,254
772,1261,0,0,254
773,1261,0,0,254
774,1261,0,0,254
775,1261,0,0,254
776,1261,0,0,254
777,1261,0,0,254
778,1261,0,0,254
779,1261,0,0,254
780,1261,0,0,254
781,1261,0,0,254
782,1261,0,0,254
783,1261,0,0,254
784,1261,0,0,254
785,1261,0,0,254
786,1261,0,0,254
787,1261,0,0,254
788,1261,0,0,254
789,1261,0,0,254
790,1261,0,0,254
791,1261,0,0,254
792,1261,0,0,254
793,1261,0,0,254
794,1261,0,0,254
795,1261,0,0,254
796,1261,0,0,254
797,1261,0,0,254
798,1261,0,0,254
799,1261,0,0,254
800,1261,0,2,254
801,1261,0,3,255
802,1261,2,6,255
803,1261,0,3,254
804,1261,0,0,251
805,1261,0,0,252
806,1261,0,0,254
807,1261,0,1,244
808,1261,0,0,254
809,1261,0,0,254
810,1261,0,0,254
811,1261,0,0,254
812,1261,0,0,254
813,1261,0,0,254
814,1261,0,0,254
815,1261,0,0,254
816,1261,0,0,254
817,1261,0,0,254
818,1261,0,0,254
819,1261,0,0,254
820,1261,0,0,254
821,1261,0,0,254
822,1261,0,0,254
823,1261,0,0,254
824,1261,0,0,252
825,1261,1,2,250
826,1261,0,0,254
827,1261,17,0,255
675,1262,10,0,250
676,1262,1,0,251
677,1262,5,11,255
678,1262,0,0,248
679,1262,0,6,249
680,1262,16,0,249
683,1262,10,0,250
684,1262,5,3,254
685,1262,0,7,243
686,1262,0,0,249
687,1262,0,0,251
688,1262,0,0,254
689,1262,0,0,254
690,1262,0,0,254
691,1262,0,0,254
692,1262,0,0,254
693,1262,0,0,254
694,1262,0,0,254
695,1262,0,0,254
696,1262,0,0,254
697,1262,0,0,254
698,1262,0,0,254
699,1262,0,0,254
700,1262,0,0,254
701,1262,0,0,254
702,1262,0,0,254
703,1262,0,0,254
704,1262,0,0,254
705,1262,0,0,254
706,1262,0,0,254
707,1262,0,0,254
708,1262,0,0,254
709,1262,0,0,254
710,1262,0,0,254
711,1262,0,0,254
712,1262,0,0,232
713,1262,2,2,255
714,1262,1,1,255
715,1262,2,5,255
716,1262,2,7,247
717,1262,0,5,247
718,1262,0,2,251
719,1262,0,0,249
723,1262,20,0,255
724,1262,4,0,250
725,1262,0,0,236
726,1262,0,1,254
727,1262,0,1,253
728,1262,0,0,254
729,1262,0,0,254
730,1262,0,0,254
731,1262,0,0,254
732,1262,0,0,254
733,1262,0,0,254
734,1262,0,0,254
735,1262,0,0,254
736,1262,4,7,255
737,1262,0,0,246
738,1262,2,0,254
739,1262,0,0,235
740,1262,1,0,251
741,1262,4,3,255
742,1262,0,2,249
743,1262,0,1,253
744,1262,0,0,254
745,1262,0,0,254
746,1262,0,0,254
747,1262,0,0,254
748,1262,0,0,254
749,1262,0,0,254
750,1262,0,0,254
751,1262,0,0,254
752,1262,0,0,254
753,1262,0,0,254
754,1262,0,0,254
755,1262,0,0,254
756,1262,0,0,254
757,1262,0,0,254
758,1262,0,0,254
759,1262,0,0,254
760,1262,0,0,254
761,1262,0,0,254
762,1262,0,0,254
763,1262,0,0,254
764,1262,0,0,254
765,1262,0,0,254
766,1262,0,0,254
767,1262,0,0,254
768,1262,0,0,254
769,1262,0,0,254
770,1262,0,0,254
771,1262,0,0,254
772,1262,0,0,254
773,1262,0,0,254
774,1262,0,0,254
775,1262,0,0,254
776,1262,0,0,254
777,1262,0,0,254
778,1262,0,0,254
779,1262,0,0,254
780,1262,0,0,254
781,1262,0,0,254
782,1262,0,0,254
783,1262,0,0,254
784,1262,0,0,254
785,1262,0,0,254
786,1262,0,0,254
787,1262,0,0,254
788,1262,0,0,254
789,1262,0,0,254
790,1262,0,0,254
791,1262,0,0,254
792,1262,0,0,254
793,1262,0,0,254
794,1262,0,0,254
795,1262,0,0,254
796,1262,0,0,254
797,1262,0,0,254
798,1262,0,0,254
799,1262,0,0,254
800,1262,0,0,241
801,1262,0,0,250
802,1262,1,0,252
803,1262,0,1,244
804,1262,3,3,255
805,1262,0,0,249
806,1262,0,1,251
807,1262,4,4,255
808,1262,0,0,254
809,1262,0,0,254
810,1262,0,0,254
811,1262,0,0,254
812,1262,0,0,254
813,1262,0,0,254
814,1262,0,0,254
815,1262,0,0,254
816,1262,0,0,254
817,1262,0,0,254
818,1262,0,0,254
819,1262,0,0,254
820,1262,0,0,254
821,1262,0,0,254
822,1262,0,0,254
823,1262,0,0,254
824,1262,0,0,250
825,1262,2,6,251
826,1262,0,0,253
684,1263,6,0,253
685,1263,0,1,253
686,1263,0,4,255
687,1263,3,2,253
688,1263,0,0,254
689,1263,0,0,254
690,1263,0,0,254
691,1263,0,0,254
692,1263,0,0,254
693,1263,0,0,254
694,1263,0,0,254
695,1263,0,0,254
696,1263,0,0,254
697,1263,0,0,254
698,1263,0,0,254
699,1263,0,0,254
700,1263,0,0,254
701,1263,0,0,254
702,1263,0,0,254
703,1263,0,0,254
704,1263,0,0,254
705,1263,0,0,254
706,1263,0,0,254
707,1263,0,0,254
708,1263,0,0,254
709,1263,0,0,254
710,1263,0,0,254
711,1263,0,0,254
712,1263,0,2,251
713,1263,0,2,251
714,1263,0,0,250
715,1263,12,0,253
716,1263,17,0,253
725,1263,9,0,255
726,1263,0,0,251
727,1263,0,2,249
728,1263,0,0,254
729,1263,0,0,254
730,1263,0,0,254
731,1263,0,0,254
732,1263,0,0,254
733,1263,0,0,254
734,1263,0,0,254
735,1263,0,0,254
736,1263,0,0,248
737,1263,2,6,251
738,1263,2,1,253
739,1263,7,1,255
740,1263,8,0,255
741,1263,5,0,255
742,1263,0,0,252
743,1263,1,3,246
744,1263,0,0,254
745,1263,0,0,254
746,1263,0,0,254
747,1263,0,0,254
748,1263,0,0,254
749,1263,0,0,254
750,1263,0,0,254
751,1263,0,0,254
752,1263,0,0,254
753,1263,0,0,254
754,1263,0,0,254
755,1263,0,0,254
756,1263,0,0,254
757,1263,0,0,254
758,1263,0,0,254
759,1263,0,0,254
760,1263,0,0,254
761,1263,0,0,254
762,1263,0,0,254
763,1263,0,0,254
764,1263,0,0,254
765,1263,0,0,254
766,1263,0,0,254
767,1263,0,0,254
768,1263,0,0,254
769,1263,0,0,254
770,1263,0,0,254
771,1263,0,0,254
772,1263,0,0,254
773,1263,0,0,254
774,1263,0,0,254
775,1263,0,0,254
776,1263,0,0,254
777,1263,0,0,254
778,1263,0,0,254
779,1263,0,0,254
780,1263,0,0,254
781,1263,0,0,254
782,1263,0,0,254
783,1263,0,0,254
784,1263,0,0,254
785,1263,0,0,254
786,1263,0,0,254
787,1263,0,0,254
788,1263,0,0,254
789,1263,0,0,254
790,1263,0,0,254
791,1263,0,0,254
792,1263,0,0,254
793,1263,0,0,254
794,1263,0,0,254
795,1263,0,0,254
796,1263,0,0,254
797,1263,0,0,254
798,1263,0,0,254
799,1263,0,0,254
800,1263,6,0,255
801,1263,5,0,255
802,1263,3,0,255
803,1263,2,1,255
804,1263,2,1,255
805,1263,0,2,245
806,1263,0,2,242
807,1263,0,2,255
808,1263,0,0,254
809,1263,0,0,254
810,1263,0,0,254
811,1263,0,0,254
812,1263,0,0,254
813,1263,0,0,254
814,1263,0,0,254
815,1263,0,0,254
816,1263,0,0,254
817,1263,0,0,254
818,1263,0,0,254
819,1263,0,0,254
820,1263,0,0,254
821,1263,0,0,254
822,1263,0,0,254
823,1263,0,0,254
824,1263,0,3,255
825,1263,0,0,251
826,1263,0,0,254
686,1264,15,0,255
687,1264,7,0,242
688,1264,0,4,243
689,1264,0,2,246
690,1264,0,0,253
691,1264,5,2,255
692,1264,3,0,253
693,1264,3,0,251
694,1264,0,0,252
695,1264,2,1,243
696,1264,0,0,248
697,1264,1,8,255
698,1264,0,0,251
699,1264,0,3,255
700,1264,0,0,252
701,1264,0,0,248
702,1264,2,2,255
703,1264,3,2,255
704,1264,0,0,249
705,1264,0,0,254
706,1264,2,0,252
707,1264,11,1,255
708,1264,5,0,254
709,1264,5,4,255
710,1264,0,2,254
711,1264,0,4,252
712,1264,4,0,244
713,1264,5,5,255
714,1264,0,0,247
715,1264,4,9,255
716,1264,5,0,242
725,1264,2,0,254
726,1264,7,1,255
727,1264,4,4,252
728,1264,5,5,253
729,1264,4,0,254
730,1264,3,0,246
731,1264,3,3,255
732,1264,0,2,248
733,1264,0,0,248
734,1264,3,5,250
735,1264,10,0,255
736,1264,9,1,255
737,1264,0,0,248
738,1264,7,1,255
739,1264,0,0,238
740,1264,3,2,255
741,1264,3,3,255
742,1264,0,1,254
743,1264,0,0,253
744,1264,0,2,254
745,1264,0,1,249
746,1264,0,2,244
747,1264,0,0,252
748,1264,4,3,255
749,1264,5,8,255
750,1264,0,0,247
751,1264,0,0,253
752,1264,5,5,253
753,1264,4,0,254
754,1264,3,0,246
755,1264,3,3,255
756,1264,0,2,248
757,1264,0,0,248
758,1264,3,5,250
759,1264,10,0,255
760,1264,1,0,252
761,1264,0,0,245
762,1264,4,4,255
763,1264,0,1,246
764,1264,0,0,248
765,1264,1,1,255
766,1264,0,0,239
767,1264,4,4,255
768,1264,0,0,254
769,1264,0,0,254
770,1264,0,0,254
771,1264,0,0,254
772,1264,0,0,254
773,1264,0,0,254
774,1264,0,0,254
775,1264,0,0,254
776,1264,0,0,254
777,1264,0,0,254
778,1264,0,0,254
779,1264,0,0,254
780,1264,0,0,254
781,1264,0,0,254
782,1264,0,0,254
783,1264,0,0,254
784,1264,0,0,254
785,1264,0,0,254
786,1264,0,0,254
787,1264,0,0,254
788,1264,0,0,254
789,1264,0,0,254
790,1264,0,0,254
791,1264,0,0,254
792,1264,0,0,254
793,1264,0,0,254
794,1264,0,0,254
795,1264,0,0,254
796,1264,0,0,254
797,1264,0,0,254
798,1264,0,0,254
799,1264,0,0,254
800,1264,0,0,254
801,1264,0,0,254
802,1264,0,0,254
803,1264,0,0,254
804,1264,0,0,254
805,1264,0,0,254
806,1264,0,0,254
807,1264,0,0,254
808,1264,2,0,254
809,1264,0,0,240
810,1264,2,1,255
811,1264,0,0,251
812,1264,5,6,255
813,1264,0,0,248
814,1264,2,2,255
815,1264,0,0,254
816,1264,0,0,253
817,1264,0,1,254
818,1264,3,6,255
819,1264,5,7,248
820,1264,0,0,236
821,1264,0,0,254
822,1264,0,0,253
823,1264,1,2,252
824,1264,0,5,241
825,1264,0,0,253
826,1264,16,0,247
691,1265,8,0,253
692,1265,0,0,252
693,1265,5,9,255
694,1265,0,0,251
695,1265,0,5,255
696,1265,0,1,254
697,1265,3,6,255
698,1265,0,1,251
699,1265,3,3,255
700,1265,0,0,247
701,1265,5,2,255
702,1265,4,1,255
703,1265,0,0,240
704,1265,9,0,253
705,1265,8,0,255
706,1265,0,0,240
707,1265,0,0,239
708,1265,4,3,255
709,1265,3,3,249
710,1265,0,0,249
711,1265,0,0,250
712,1265,0,1,254
713,1265,0,2,254
714,1265,0,0,248
715,1265,8,0,253
726,1265,0,0,249
727,1265,0,4,251
728,1265,0,1,250
729,1265,0,0,251
730,1265,6,4,253
731,1265,1,1,255
732,1265,0,0,250
733,1265,0,2,254
734,1265,0,0,254
735,1265,8,2,255
736,1265,2,11,252
737,1265,0,1,251
738,1265,0,0,250
739,1265,5,4,255
740,1265,6,5,255
741,1265,0,0,229
742,1265,1,6,246
743,1265,0,3,255
744,1265,3,0,255
745,1265,2,1,245
746,1265,0,0,254
747,1265,0,2,255
748,1265,0,0,253
749,1265,2,2,250
750,1265,11,5,255
751,1265,0,0,249
752,1265,0,1,250
753,1265,0,0,251
754,1265,6,4,253
755,1265,1,1,255
756,1265,0,0,250
757,1265,0,2,254
758,1265,0,0,254
759,1265,8,2,255
760,1265,0,0,252
761,1265,0,0,249
762,1265,5,6,255
763,1265,3,3,255
764,1265,0,0,244
765,1265,9,9,255
766,1265,1,1,255
767,1265,0,0,248
768,1265,0,0,254
769,1265,0,0,254
770,1265,0,0,254
771,1265,0,0,254
772,1265,0,0,254
773,1265,0,0,254
774,1265,0,0,254
775,1265,0,0,254
776,1265,0,0,254
777,1265,0,0,254
778,1265,0,0,254
779,1265,0,0,254
780,1265,0,0,254
781,1265,0,0,254
782,1265,0,0,254
783,1265,0,0,254
784,1265,0,0,254
785,1265,0,0,254
786,1265,0,0,254
787,1265,0,0,254
788,1265,0,0,254
789,1265,0,0,254
790,1265,0,0,254
791,1265,0,0,254
792,1265,0,0,254
793,1265,0,0,254
794,1265,0,0,254
795,1265,0,0,254
796,1265,0,0,254
797,1265,0,0,254
798,1265,0,0,254
799,1265,0,0,254
800,1265,0,0,254
801,1265,0,0,254
802,1265,0,0,254
803,1265,0,0,254
804,1265,0,0,254
805,1265,0,0,254
806,1265,0,0,254
807,1265,0,0,254
808,1265,1,1,247
809,1265,3,2,255
810,1265,2,1,255
811,1265,0,0,246
812,1265,1,0,254
813,1265,2,0,254
814,1265,0,0,245
815,1265,6,1,251
816,1265,1,5,254
817,1265,0,0,249
818,1265,0,0,252
819,1265,0,3,252
820,1265,0,1,252
821,1265,1,1,255
822,1265,4,4,255
823,1265,1,1,255
824,1265,0,3,255
825,1265,6,0,254
695,1266,8,0,254
696,1266,0,0,244
697,1266,1,0,253
698,1266,0,0,238
699,1266,9,3,255
700,1266,1,0,239
701,1266,4,0,242
702,1266,5,0,252
706,1266,12,0,255
707,1266,0,0,252
708,1266,0,0,237
709,1266,0,2,254
710,1266,2,3,254
711,1266,3,0,253
712,1266,0,7,247
713,1266,0,3,252
714,1266,9,0,255
715,1266,16,0,244
726,1266,0,0,238
727,1266,0,0,252
728,1266,0,0,251
729,1266,1,6,255
730,1266,0,0,248
731,1266,3,3,247
732,1266,0,3,245
733,1266,0,5,244
734,1266,0,0,253
735,1266,0,0,247
736,1266,0,0,241
737,1266,0,0,250
738,1266,0,4,255
739,1266,0,0,251
740,1266,0,2,245
741,1266,0,0,245
742,1266,3,0,253
743,1266,8,0,243
744,1266,0,7,247
745,1266,2,0,254
746,1266,3,1,252
747,1266,0,4,255
748,1266,0,0,240
749,1266,1,0,251
750,1266,4,0,254
751,1266,0,7,245
752,1266,0,0,251
753,1266,1,6,255
754,1266,0,0,248
755,1266,3,3,247
756,1266,0,3,245
757,1266,0,5,244
758,1266,0,0,253
759,1266,0,0,247
760,1266,0,0,250
761,1266,4,4,255
762,1266,0,0,250
763,1266,0,0,251
764,1266,0,0,252
765,1266,0,0,249
766,1266,0,0,235
767,1266,2,3,253
768,1266,0,0,254
769,1266,0,0,254
770,1266,0,0,254
771,1266,0,0,254
772,1266,0,0,254
773,1266,0,0,254
774,1266,0,0,254
775,1266,0,0,254
776,1266,0,0,254
777,1266,0,0,254
778,1266,0,0,254
779,1266,0,0,254
780,1266,0,0,254
781,1266,0,0,254
782,1266,0,0,254
783,1266,0,0,254
784,1266,0,0,254
785,1266,0,0,254
786,1266,0,0,254
787,1266,0,0,254
788,1266,0,0,254
789,1266,0,0,254
790,1266,0,0,254
791,1266,0,0,254
792,1266,0,0,254
793,1266,0,0,254
794,1266,0,0,254
795,1266,0,0,254
796,1266,0,0,254
797,1266,0,0,254
798,1266,0,0,254
799,1266,0,0,254
800,1266,0,0,254
801,1266,0,0,254
802,1266,0,0,254
803,1266,0,0,254
804,1266,0,0,254
805,1266,0,0,254
806,1266,0,0,254
807,1266,0,0,254
808,1266,3,2,255
809,1266,0,0,249
810,1266,0,0,251
811,1266,1,3,236
812,1266,0,0,253
813,1266,3,2,254
814,1266,4,3,255
815,1266,1,3,246
816,1266,0,0,249
817,1266,0,0,249
818,1266,0,3,250
819,1266,4,7,255
820,1266,3,6,255
821,1266,1,4,243
822,1266,0,0,254
823,1266,2,3,254
824,1266,3,0,248
825,1266,12,0,252
707,1267,8,5,255
708,1267,0,2,238
709,1267,0,2,254
710,1267,2,1,255
711,1267,3,0,248
712,1267,0,0,250
713,1267,5,0,244
726,1267,16,0,255
727,1267,0,8,250
728,1267,0,2,253
729,1267,0,4,246
730,1267,2,2,255
731,1267,4,3,255
732,1267,0,0,243
733,1267,0,0,243
734,1267,0,1,254
735,1267,0,1,250
736,1267,2,1,255
737,1267,5,4,255
738,1267,4,3,255
739,1267,0,0,247
740,1267,3,2,254
741,1267,2,0,252
742,1267,0,0,233
743,1267,7,0,255
744,1267,0,6,249
745,1267,3,0,250
746,1267,15,0,254
747,1267,7,0,240
748,1267,11,0,254
750,1267,4,0,236
751,1267,0,4,253
752,1267,0,2,253
753,1267,0,4,246
754,1267,2,2,255
755,1267,4,3,255
756,1267,0,0,243
757,1267,0,0,243
758,1267,0,1,254
759,1267,0,1,250
760,1267,0,0,254
761,1267,5,5,255
762,1267,4,4,255
763,1267,0,0,252
764,1267,10,9,255
765,1267,0,0,250
766,1267,5,4,255
767,1267,4,5,245
768,1267,0,0,254
769,1267,0,0,254
770,1267,0,0,254
771,1267,0,0,254
772,1267,0,0,254
773,1267,0,0,254
774,1267,0,0,254
775,1267,0,0,254
776,1267,0,0,254
777,1267,0,0,254
778,1267,0,0,254
779,1267,0,0,254
780,1267,0,0,254
781,1267,0,0,254
782,1267,0,0,254
783,1267,0,0,254
784,1267,0,0,254
785,1267,0,0,254
786,1267,0,0,254
787,1267,0,0,254
788,1267,0,0,254
789,1267,0,0,254
790,1267,0,0,254
791,1267,0,0,254
792,1267,0,0,254
793,1267,0,0,254
794,1267,0,0,254
795,1267,0,0,254
796,1267,0,0,254
797,1267,0,0,254
798,1267,0,0,254
799,1267,0,0,254
800,1267,0,0,254
801,1267,0,0,254
802,1267,0,0,254
803,1267,0,0,254
804,1267,0,0,254
805,1267,0,0,254
806,1267,0,0,254
807,1267,0,0,254
808,1267,0,0,252
809,1267,6,6,255
810,1267,6,9,248
811,1267,0,0,250
812,1267,2,2,255
813,1267,0,4,253
814,1267,0,0,248
815,1267,0,4,240
816,1267,3,3,255
817,1267,2,2,255
818,1267,0,0,250
819,1267,0,0,251
820,1267,0,0,252
821,1267,0,0,247
822,1267,0,0,252
823,1267,0,0,247
824,1267,19,0,255
727,1268,0,0,251
728,1268,6,6,255
729,1268,3,3,255
730,1268,0,0,248
731,1268,7,6,255
732,1268,3,2,255
733,1268,0,1,242
734,1268,4,7,255
735,1268,0,4,255
736,1268,0,4,246
737,1268,0,3,255
738,1268,3,0,253
739,1268,14,2,255
740,1268,6,0,240
741,1268,8,2,255
742,1268,0,2,254
743,1268,0,1,247
744,1268,9,1,255
751,1268,10,0,255
752,1268,6,6,255
753,1268,3,3,255
754,1268,0,0,248
755,1268,7,6,255
756,1268,3,2,255
757,1268,0,1,242
758,1268,4,7,255
759,1268,0,4,255
760,1268,6,6,255
761,1268,0,0,252
762,1268,0,0,243
763,1268,0,0,250
764,1268,1,1,249
765,1268,4,3,255
766,1268,0,0,245
767,1268,2,0,254
768,1268,0,0,254
769,1268,0,0,254
770,1268,0,0,254
771,1268,0,0,254
772,1268,0,0,254
773,1268,0,0,254
774,1268,0,0,254
775,1268,0,0,254
776,1268,0,0,254
777,1268,0,0,254
778,1268,0,0,254
779,1268,0,0,254
780,1268,0,0,254
781,1268,0,0,254
782,1268,0,0,254
783,1268,0,0,254
784,1268,0,0,254
785,1268,0,0,254
786,1268,0,0,254
787,1268,0,0,254
788,1268,0,0,254
789,1268,0,0,254
790,1268,0,0,254
791,1268,0,0,254
792,1268,0,0,254
793,1268,0,0,254
794,1268,0,0,254
795,1268,0,0,254
796,1268,0,0,254
797,1268,0,0,254
798,1268,0,0,254
799,1268,0,0,254
800,1268,0,0,254
801,1268,0,0,254
802,1268,0,0,254
803,1268,0,0,254
804,1268,0,0,254
805,1268,0,0,254
806,1268,0,0,254
807,1268,0,0,254
808,1268,0,3,251
809,1268,0,7,250
810,1268,0,0,240
811,1268,0,3,250
812,1268,2,2,248
813,1268,1,0,254
814,1268,3,3,251
815,1268,0,0,254
816,1268,1,0,251
817,1268,10,2,255
818,1268,0,0,224
819,1268,8,0,255
820,1268,6,0,252
821,1268,9,0,255
822,1268,8,0,250
727,1269,9,0,254
728,1269,7,0,250
729,1269,9,0,249
730,1269,0,0,235
731,1269,0,1,251
732,1269,2,2,255
733,1269,1,0,254
734,1269,0,1,246
735,1269,0,2,244
736,1269,2,5,255
737,1269,0,0,249
738,1269,1,6,255
739,1269,0,3,255
740,1269,0,0,249
741,1269,0,0,249
742,1269,4,3,255
743,1269,4,1,254
752,1269,7,0,250
753,1269,9,0,249
754,1269,0,0,235
755,1269,0,1,251
756,1269,2,2,255
757,1269,1,0,254
758,1269,0,1,246
759,1269,0,2,244
760,1269,0,0,250
761,1269,0,0,250
762,1269,3,3,255
763,1269,0,0,234
764,1269,3,2,255
765,1269,0,0,241
766,1269,3,0,255
767,1269,4,0,254
768,1269,0,0,254
769,1269,0,0,254
770,1269,0,0,254
771,1269,0,0,254
772,1269,0,0,254
773,1269,0,0,254
774,1269,0,0,254
775,1269,0,0,254
776,1269,0,0,254
777,1269,0,0,254
778,1269,0,0,254
779,1269,0,0,254
780,1269,0,0,254
781,1269,0,0,254
782,1269,0,0,254
783,1269,0,0,254
784,1269,0,0,254
785,1269,0,0,254
786,1269,0,0,254
787,1269,0,0,254
788,1269,0,0,254
789,1269,0,0,254
790,1269,0,0,254
791,1269,0,0,254
792,1269,0,0,254
793,1269,0,0,254
794,1269,0,0,254
795,1269,0,0,254
796,1269,0,0,254
797,1269,0,0,254
798,1269,0,0,254
799,1269,0,0,254
800,1269,0,0,254
801,1269,0,0,254
802,1269,0,0,254
803,1269,0,0,254
804,1269,0,0,254
805,1269,0,0,254
806,1269,0,0,254
807,1269,0,0,254
808,1269,0,0,248
809,1269,2,0,252
810,1269,6,0,248
729,1270,12,0,238
730,1270,6,2,247
731,1270,0,2,255
732,1270,0,2,249
733,1270,0,0,251
734,1270,6,5,255
735,1270,0,0,254
736,1270,0,0,248
737,1270,0,0,240
738,1270,0,1,246
739,1270,0,3,255
740,1270,1,1,255
741,1270,11,0,255
753,1270,12,0,238
754,1270,6,2,247
755,1270,0,2,255
756,1270,0,2,249
757,1270,0,0,251
758,1270,6,5,255
759,1270,0,0,254
760,1270,1,4,243
761,1270,2,2,255
762,1270,5,5,255
763,1270,1,1,249
764,1270,4,1,254
765,1270,1,0,253
766,1270,2,0,252
767,1270,1,0,244
768,1270,0,0,254
769,1270,0,0,254
770,1270,0,0,254
771,1270,0,0,254
772,1270,0,0,254
773,1270,0,0,254
774,1270,0,0,254
775,1270,0,0,254
776,1270,0,0,254
777,1270,0,0,254
778,1270,0,0,254
779,1270,0,0,254
780,1270,0,0,254
781,1270,0,0,254
782,1270,0,0,254
783,1270,0,0,254
784,1270,0,0,254
785,1270,0,0,254
786,1270,0,0,254
787,1270,0,0,254
788,1270,0,0,254
789,1270,0,0,254
790,1270,0,0,254
791,1270,0,0,254
792,1270,0,0,254
793,1270,0,0,254
794,1270,0,0,254
795,1270,0,0,254
796,1270,0,0,254
797,1270,0,0,254
798,1270,0,0,254
799,1270,0,0,254
800,1270,0,0,254
801,1270,0,0,254
802,1270,0,0,254
803,1270,0,0,254
804,1270,0,0,254
805,1270,0,0,254
806,1270,0,0,254
807,1270,0,0,254
808,1270,4,5,255
809,1270,9,1,255
730,1271,4,0,253
731,1271,1,6,255
732,1271,0,1,253
733,1271,2,2,255
734,1271,0,0,245
735,1271,6,6,254
736,1271,0,5,255
737,1271,2,0,252
738,1271,16,0,255
754,1271,4,0,253
755,1271,1,6,255
756,1271,0,1,253
757,1271,2,2,255
758,1271,0,0,245
759,1271,6,6,254
760,1271,0,0,251
761,1271,0,0,253
762,1271,0,0,250
763,1271,0,0,249
764,1271,5,2,255
765,1271,8,2,255
767,1271,7,3,250
768,1271,0,0,254
769,1271,0,0,254
770,1271,0,0,254
771,1271,0,0,254
772,1271,0,0,254
773,1271,0,0,254
774,1271,0,0,254
775,1271,0,0,254
776,1271,0,0,254
777,1271,0,0,254
778,1271,0,0,254
779,1271,0,0,254
780,1271,0,0,254
781,1271,0,0,254
782,1271,0,0,254
783,1271,0,0,254
784,1271,0,0,254
785,1271,0,0,254
786,1271,0,0,254
787,1271,0,0,254
788,1271,0,0,254
789,1271,0,0,254
790,1271,0,0,254
791,1271,0,0,254
792,1271,0,0,254
793,1271,0,0,254
794,1271,0,0,254
795,1271,0,0,254
796,1271,0,0,254
797,1271,0,0,254
798,1271,0,0,254
799,1271,0,0,254
800,1271,0,0,254
801,1271,0,0,254
802,1271,0,0,254
803,1271,0,0,254
804,1271,0,0,254
805,1271,0,0,254
806,1271,0,0,254
807,1271,0,0,254
808,1271,17,0,255
756,1272,9,0,254
757,1272,2,0,249
758,1272,0,4,255
759,1272,0,1,252
760,1272,0,1,252
761,1272,0,4,255
762,1272,2,0,249
763,1272,9,0,254
768,1272,1,0,248
769,1272,6,3,255
770,1272,0,0,250
771,1272,0,1,250
772,1272,3,8,255
773,1272,0,2,242
774,1272,0,0,253
775,1272,2,0,252
776,1272,0,1,254
777,1272,0,1,254
778,1272,0,2,254
779,1272,0,2,248
780,1272,0,0,244
781,1272,1,4,255
782,1272,0,0,248
783,1272,2,1,252
784,1272,0,1,250
785,1272,0,0,253
786,1272,0,0,250
787,1272,0,0,250
788,1272,0,3,252
789,1272,0,2,241
790,1272,3,3,255
791,1272,0,0,249
792,1272,0,0,251
793,1272,0,3,254
794,1272,0,0,234
795,1272,0,2,254
796,1272,0,3,255
797,1272,0,0,251
798,1272,1,1,255
799,1272,1,1,255
800,1272,2,5,255
801,1272,0,0,248
802,1272,0,0,247
803,1272,0,0,250
804,1272,0,1,251
805,1272,5,4,255
806,1272,4,0,247
807,1272,3,0,252
808,1272,24,0,253
770,1273,14,0,255
771,1273,5,0,251
772,1273,0,0,242
773,1273,0,5,255
774,1273,0,1,253
775,1273,0,2,254
778,1273,16,0,255
779,1273,7,0,255
780,1273,0,0,250
781,1273,0,0,248
782,1273,0,6,255
783,1273,0,0,251
784,1273,0,2,240
785,1273,0,3,245
786,1273,3,6,255
787,1273,3,3,255
788,1273,1,0,254
789,1273,3,2,255
790,1273,0,0,242
791,1273,8,5,255
792,1273,3,0,255
793,1273,2,0,252
794,1273,6,0,255
795,1273,5,0,249
796,1273,5,0,254
797,1273,12,9,255
798,1273,1,1,247
799,1273,0,0,253
800,1273,2,2,255
801,1273,6,5,255
802,1273,0,0,252
803,1273,4,1,255
804,1273,0,0,250
805,1273,3,3,255
806,1273,0,1,250
807,1273,0,4,255
778,1274,17,0,255
779,1274,0,0,251
780,1274,0,6,248
781,1274,0,5,254
782,1274,4,4,255
783,1274,4,1,254
784,1274,0,0,252
785,1274,4,8,255
786,1274,0,1,254
787,1274,0,1,254
788,1274,0,2,238
789,1274,0,0,253
790,1274,2,5,255
791,1274,0,0,237
792,1274,3,3,255
793,1274,1,4,255
794,1274,1,4,255
795,1274,0,1,250
796,1274,0,1,231
797,1274,0,0,248
798,1274,4,4,255
799,1274,1,0,254
800,1274,0,0,252
801,1274,0,0,245
802,1274,0,0,253
803,1274,0,3,255
804,1274,10,10,255
805,1274,0,0,248
806,1274,2,2,248
807,1274,2,1,255
779,1275,13,0,255
780,1275,5,0,251
781,1275,3,0,255
782,1275,5,2,255
783,1275,0,0,251
784,1275,0,0,250
785,1275,3,8,255
786,1275,0,0,243
787,1275,12,2,247
788,1275,12,0,251
794,1275,2,0,245
795,1275,1,2,253
796,1275,0,2,252
797,1275,0,7,249
798,1275,0,3,253
799,1275,0,0,250
800,1275,0,0,248
801,1275,1,7,253
802,1275,0,4,253
803,1275,0,3,252
804,1275,0,5,255
805,1275,0,0,231
806,1275,12,0,252
780,1276,9,0,252
781,1276,5,0,254
782,1276,2,2,255
783,1276,0,1,253
784,1276,2,2,255
785,1276,6,3,255
786,1276,6,0,248
787,1276,11,0,251
795,1276,11,6,255
796,1276,0,0,252
797,1276,0,0,253
798,1276,3,0,255
799,1276,4,0,235
800,1276,9,1,245
801,1276,2,0,254
802,1276,0,4,243
803,1276,0,3,249
804,1276,3,6,255
805,1276,5,0,251
