x,y,r,g,b
498,4,185,211,210
499,4,177,203,202
500,4,180,206,205
501,4,183,209,208
502,4,178,204,203
503,4,187,211,211
496,5,180,212,211
497,5,211,243,242
498,5,197,229,228
499,5,199,231,230
500,5,204,236,235
501,5,192,224,223
502,5,204,234,234
503,5,202,232,232
504,5,193,221,222
121,6,204,225,228
122,6,201,222,225
123,6,214,235,238
124,6,213,234,237
125,6,216,237,240
126,6,211,232,235
127,6,207,228,231
128,6,206,232,233
129,6,206,232,233
130,6,206,232,233
131,6,206,232,233
132,6,206,232,233
133,6,206,232,233
134,6,206,232,233
135,6,206,232,233
136,6,207,233,234
137,6,207,233,234
138,6,206,232,233
139,6,206,232,233
140,6,205,231,232
141,6,205,231,232
142,6,204,230,231
143,6,203,229,230
144,6,219,245,246
145,6,197,223,224
146,6,212,236,238
147,6,181,205,207
466,6,201,220,224
467,6,190,211,214
468,6,202,226,228
469,6,199,225,226
470,6,198,222,224
471,6,200,224,226
472,6,208,229,232
473,6,206,225,229
474,6,215,233,237
475,6,208,226,230
476,6,207,225,229
477,6,214,232,236
478,6,205,224,228
479,6,209,228,232
480,6,206,230,230
481,6,206,230,230
482,6,206,230,230
483,6,205,229,229
484,6,206,230,230
485,6,207,231,231
486,6,206,230,230
487,6,205,229,229
488,6,195,219,219
489,6,198,222,222
490,6,206,230,230
491,6,214,238,238
492,6,215,239,239
493,6,205,229,229
494,6,202,226,226
495,6,194,218,218
496,6,189,221,220
497,6,202,234,233
498,6,194,226,225
499,6,201,233,232
500,6,203,237,236
501,6,189,223,222
502,6,198,232,231
503,6,210,242,241
504,6,212,244,243
505,6,187,219,218
506,6,191,221,221
507,6,180,208,209
508,6,181,209,210
509,6,194,220,221
832,6,183,204,209
833,6,193,214,219
834,6,197,218,223
835,6,196,217,222
836,6,198,219,224
837,6,203,224,229
838,6,199,220,225
839,6,189,210,215
840,6,209,230,235
841,6,197,218,223
842,6,202,221,227
843,6,184,203,209
120,7,194,220,221
121,7,222,250,251
122,7,204,232,233
123,7,205,233,234
124,7,197,227,227
125,7,204,234,234
126,7,205,235,235
127,7,206,236,236
128,7,204,234,234
129,7,204,234,234
130,7,204,234,234
131,7,204,234,234
132,7,204,234,234
133,7,204,234,234
134,7,204,234,234
135,7,204,234,234
136,7,204,234,234
137,7,204,234,234
138,7,204,234,234
139,7,205,235,235
140,7,206,236,236
141,7,207,237,237
142,7,206,236,236
143,7,206,236,236
144,7,205,235,235
145,7,192,222,222
146,7,205,233,234
147,7,199,227,228
467,7,173,203,205
468,7,201,232,234
469,7,204,235,237
470,7,208,238,240
471,7,211,239,242
472,7,208,232,236
473,7,208,229,234
474,7,219,238,244
475,7,211,228,235
476,7,207,224,231
477,7,212,229,236
478,7,204,221,228
479,7,209,228,234
480,7,206,227,230
481,7,204,225,228
482,7,205,226,229
483,7,208,229,232
484,7,206,227,230
485,7,203,224,227
486,7,204,225,228
487,7,208,229,232
488,7,215,236,239
489,7,205,226,229
490,7,206,227,230
491,7,216,237,240
492,7,215,236,239
493,7,198,219,222
494,7,212,233,236
495,7,214,235,238
496,7,202,232,232
497,7,201,231,231
498,7,210,240,240
499,7,197,227,227
500,7,200,232,231
501,7,208,240,239
502,7,189,221,220
503,7,198,230,229
504,7,196,230,229
505,7,198,230,229
506,7,193,225,224
507,7,198,230,229
508,7,202,234,233
509,7,195,225,225
832,7,202,227,231
833,7,206,231,235
834,7,202,226,230
835,7,193,217,221
836,7,197,221,225
837,7,209,233,237
838,7,211,232,237
839,7,202,223,228
840,7,197,218,223
841,7,189,210,215
842,7,203,224,229
843,7,209,230,235
844,7,185,206,211
111,8,204,228,230
112,8,210,231,234
113,8,206,227,230
114,8,214,238,240
115,8,209,233,235
116,8,195,221,222
117,8,200,228,229
118,8,205,235,235
119,8,202,232,232
120,8,197,229,228
121,8,196,228,227
122,8,198,232,231
123,8,192,226,225
124,8,185,219,218
125,8,196,230,229
126,8,200,234,233
127,8,198,232,231
128,8,200,232,231
129,8,200,232,231
130,8,200,232,231
131,8,200,232,231
132,8,200,232,231
133,8,200,232,231
134,8,200,232,231
135,8,200,232,231
136,8,201,233,232
137,8,200,232,231
138,8,200,232,231
139,8,200,232,231
140,8,201,233,232
141,8,201,233,232
142,8,200,232,231
143,8,199,231,230
144,8,200,232,231
145,8,195,227,226
146,8,205,235,235
147,8,212,242,242
148,8,191,219,220
149,8,209,235,236
150,8,206,232,233
151,8,211,235,237
152,8,207,228,231
153,8,208,229,232
154,8,210,231,234
155,8,209,230,233
156,8,208,229,232
157,8,207,228,231
158,8,205,226,229
159,8,204,225,228
160,8,188,216,219
161,8,205,233,236
162,8,201,229,232
163,8,206,231,235
164,8,191,216,220
465,8,174,208,209
468,8,185,224,223
469,8,194,230,230
470,8,196,230,231
471,8,192,222,224
472,8,211,236,240
492,8,197,216,220
493,8,184,203,207
495,8,182,201,205
501,8,208,236,237
502,8,203,233,233
503,8,217,247,247
504,8,204,236,235
505,8,201,233,232
506,8,200,232,231
507,8,199,233,232
508,8,200,234,233
509,8,201,233,232
510,8,200,232,231
511,8,200,232,231
512,8,208,227,231
513,8,202,221,225
514,8,202,223,226
515,8,209,233,235
516,8,206,234,235
517,8,204,234,234
518,8,203,233,233
519,8,191,223,222
520,8,187,217,217
521,8,177,207,207
814,8,201,227,224
815,8,202,228,225
816,8,201,231,231
817,8,193,223,223
818,8,203,233,233
819,8,200,228,229
820,8,197,225,226
821,8,201,227,228
822,8,205,231,232
823,8,203,229,230
824,8,205,231,232
825,8,199,225,226
826,8,204,230,231
827,8,206,232,233
828,8,200,226,227
829,8,204,230,231
830,8,210,238,239
831,8,206,234,235
832,8,193,218,222
833,8,210,235,239
834,8,206,231,235
835,8,205,229,233
841,8,193,212,218
842,8,218,239,244
843,8,213,234,239
844,8,200,221,226
845,8,199,220,225
846,8,199,223,227
847,8,207,231,235
848,8,205,231,232
849,8,207,233,234
850,8,205,231,232
851,8,208,234,235
852,8,207,233,234
853,8,207,233,234
854,8,207,233,234
855,8,186,212,213
856,8,191,217,218
857,8,197,223,224
102,9,201,220,224
103,9,212,233,236
104,9,204,228,230
105,9,200,226,227
106,9,203,231,232
107,9,202,230,231
108,9,200,230,230
109,9,197,227,227
110,9,192,224,223
111,9,205,237,236
112,9,210,236,237
113,9,205,231,232
114,9,202,230,231
115,9,202,230,231
116,9,208,238,238
117,9,209,241,240
118,9,200,232,231
119,9,198,232,231
120,9,187,221,220
121,9,200,236,234
122,9,212,248,246
123,9,207,243,241
124,9,201,237,235
125,9,201,237,235
126,9,205,241,239
127,9,199,235,233
128,9,205,237,236
129,9,205,237,236
130,9,205,237,236
131,9,205,237,236
132,9,205,237,236
133,9,205,237,236
134,9,205,237,236
135,9,205,237,236
136,9,205,237,236
137,9,204,236,235
138,9,204,236,235
139,9,204,236,235
140,9,204,236,235
141,9,203,235,234
142,9,202,234,233
143,9,202,234,233
144,9,212,244,243
145,9,205,237,236
146,9,205,235,235
147,9,210,240,240
148,9,199,227,228
149,9,209,235,236
150,9,203,229,230
151,9,201,225,227
152,9,211,235,237
153,9,209,230,233
154,9,208,229,232
155,9,212,233,236
156,9,213,234,237
157,9,211,232,235
158,9,210,231,234
159,9,212,233,236
160,9,200,231,233
161,9,211,241,243
162,9,211,241,243
163,9,202,232,234
164,9,207,237,239
165,9,190,218,221
166,9,173,201,204
455,9,202,228,227
456,9,202,231,229
457,9,199,229,227
458,9,202,234,231
459,9,194,229,225
460,9,193,229,225
461,9,190,229,224
462,9,182,221,216
463,9,192,231,226
464,9,187,226,225
465,9,214,253,252
466,9,204,244,243
467,9,170,210,209
468,9,211,251,250
469,9,190,229,228
470,9,202,238,238
471,9,198,229,231
472,9,219,244,248
492,9,213,228,233
501,9,182,203,206
502,9,211,235,237
503,9,199,225,226
504,9,203,231,232
505,9,201,231,231
506,9,199,231,230
507,9,201,233,232
508,9,202,234,233
509,9,203,235,234
510,9,204,236,235
511,9,204,238,237
512,9,206,230,232
513,9,219,243,245
514,9,208,234,235
515,9,194,222,223
516,9,201,231,231
517,9,211,243,242
518,9,209,243,242
519,9,206,240,239
520,9,207,241,240
521,9,208,242,241
522,9,204,236,235
523,9,206,234,235
524,9,195,221,222
525,9,192,216,218
526,9,197,218,221
798,9,214,232,232
799,9,210,228,228
800,9,203,228,225
801,9,204,229,226
802,9,207,232,229
803,9,205,231,228
804,9,200,226,223
805,9,203,229,226
806,9,205,231,228
807,9,207,236,232
808,9,199,228,224
809,9,196,225,221
810,9,198,227,223
811,9,191,222,217
812,9,193,224,219
813,9,206,237,232
814,9,208,239,234
815,9,205,236,231
816,9,199,235,233
817,9,210,244,243
818,9,194,228,227
819,9,205,239,238
820,9,206,238,237
821,9,201,233,232
822,9,210,240,240
823,9,203,233,233
824,9,199,229,229
825,9,211,241,241
826,9,206,236,236
827,9,202,232,232
828,9,210,240,240
829,9,201,231,231
830,9,193,223,223
831,9,207,239,238
832,9,207,232,236
833,9,199,224,228
834,9,207,232,236
842,9,205,222,229
843,9,202,221,227
844,9,210,229,235
845,9,222,243,248
846,9,207,228,233
847,9,210,231,236
848,9,207,235,236
849,9,202,230,231
850,9,204,232,233
851,9,205,235,235
852,9,199,229,229
853,9,203,233,233
854,9,202,232,232
855,9,200,230,230
856,9,195,225,225
857,9,211,243,242
858,9,195,227,226
859,9,181,213,212
860,9,194,226,225
861,9,192,224,223
862,9,198,230,229
863,9,196,228,227
864,9,201,227,224
865,9,194,220,217
866,9,192,214,212
98,10,191,209,213
101,10,198,219,222
102,10,202,226,228
103,10,202,228,229
104,10,205,233,234
105,10,203,233,233
106,10,200,230,230
107,10,196,228,227
108,10,194,228,227
109,10,199,233,232
110,10,203,239,237
111,10,202,238,236
112,10,198,226,227
113,10,203,233,233
114,10,201,231,231
115,10,199,229,229
116,10,209,241,240
117,10,202,234,233
118,10,187,221,220
119,10,202,236,235
120,10,206,240,239
121,10,200,234,233
122,10,190,224,223
123,10,190,224,223
124,10,204,238,237
125,10,196,230,229
126,10,202,236,235
127,10,195,229,228
128,10,199,229,229
129,10,199,229,229
130,10,199,229,229
131,10,199,229,229
132,10,199,229,229
133,10,199,229,229
134,10,199,229,229
135,10,199,229,229
136,10,202,232,232
137,10,201,231,231
138,10,201,231,231
139,10,200,230,230
140,10,200,230,230
141,10,200,230,230
142,10,199,229,229
143,10,198,228,228
144,10,194,224,224
145,10,193,223,223
146,10,192,220,221
147,10,200,228,229
148,10,206,232,233
149,10,210,234,236
150,10,211,235,237
151,10,209,230,233
152,10,207,228,231
153,10,205,226,229
154,10,204,223,227
155,10,205,224,228
156,10,206,225,229
157,10,205,226,229
158,10,202,223,226
159,10,200,221,224
160,10,190,222,221
161,10,192,224,223
162,10,203,235,234
163,10,191,221,221
164,10,191,221,221
165,10,215,245,245
166,10,197,227,227
167,10,197,227,227
168,10,195,223,224
169,10,208,236,237
170,10,192,218,219
454,10,181,210,206
455,10,193,224,219
456,10,205,237,232
457,10,200,235,229
458,10,201,238,231
459,10,194,234,226
460,10,200,240,232
461,10,201,242,234
462,10,189,230,222
463,10,199,240,232
464,10,201,237,237
465,10,188,227,226
466,10,196,235,234
467,10,194,233,232
468,10,195,234,233
469,10,199,235,235
470,10,193,227,228
471,10,181,211,213
472,10,227,251,255
504,10,189,213,215
505,10,192,218,219
506,10,196,224,225
507,10,202,230,231
508,10,203,233,233
509,10,200,230,230
510,10,198,228,228
511,10,198,228,228
512,10,203,227,229
513,10,211,235,237
514,10,209,235,236
515,10,202,230,231
516,10,200,230,230
517,10,194,226,225
518,10,189,223,222
519,10,195,229,228
520,10,196,232,230
521,10,195,229,228
522,10,194,228,227
523,10,199,231,230
524,10,178,208,208
526,10,179,207,208
797,10,199,224,221
798,10,201,227,224
799,10,202,228,225
800,10,203,235,230
801,10,201,233,228
802,10,202,234,229
803,10,201,233,228
804,10,197,229,224
805,10,208,240,235
806,10,196,228,223
807,10,206,238,233
808,10,205,237,232
809,10,197,232,226
810,10,203,238,232
811,10,202,237,231
812,10,195,230,224
813,10,192,227,221
814,10,191,226,220
815,10,195,230,224
816,10,193,229,227
817,10,192,228,226
818,10,198,234,232
819,10,197,233,231
820,10,194,228,227
821,10,199,233,232
822,10,198,230,229
823,10,203,235,234
824,10,202,232,232
825,10,203,233,233
826,10,201,231,231
827,10,200,232,231
828,10,203,235,234
829,10,198,230,229
830,10,195,227,226
831,10,201,233,232
832,10,213,239,240
833,10,190,214,216
834,10,193,217,219
845,10,216,234,238
846,10,199,218,222
847,10,197,216,220
848,10,196,224,225
849,10,195,223,224
850,10,202,232,232
851,10,200,230,230
852,10,195,225,225
853,10,207,237,237
854,10,191,223,222
855,10,207,239,238
856,10,196,228,227
857,10,190,224,223
858,10,185,219,218
859,10,185,219,218
860,10,202,236,235
861,10,196,232,230
862,10,195,231,229
863,10,199,235,233
864,10,210,241,236
865,10,204,233,229
866,10,205,231,228
97,11,196,217,220
98,11,218,239,242
99,11,215,236,239
100,11,208,232,234
101,11,207,231,233
102,11,208,234,235
103,11,198,226,227
104,11,196,224,225
105,11,199,229,229
106,11,197,229,228
107,11,198,230,229
108,11,203,237,236
109,11,194,228,227
110,11,186,220,219
111,11,202,236,235
112,11,195,223,224
113,11,209,237,238
114,11,212,240,241
115,11,205,235,235
116,11,207,237,237
117,11,199,229,229
118,11,191,223,222
119,11,210,242,241
120,11,200,232,231
121,11,202,232,232
122,11,203,233,233
123,11,208,238,238
124,11,202,232,232
160,11,194,222,223
161,11,207,235,236
162,11,198,226,227
163,11,199,229,229
164,11,190,220,220
165,11,204,234,234
166,11,196,226,226
167,11,195,225,225
168,11,189,219,219
169,11,207,235,236
170,11,195,223,224
451,11,180,205,202
454,11,200,229,225
455,11,199,230,225
456,11,203,234,229
457,11,205,237,232
458,11,198,233,227
459,11,201,236,230
460,11,198,235,228
461,11,192,229,222
462,11,195,232,225
463,11,190,227,220
464,11,201,231,231
465,11,184,216,215
466,11,209,241,240
467,11,209,243,242
515,11,208,234,235
516,11,210,238,239
517,11,203,233,233
518,11,205,235,235
519,11,208,240,239
520,11,204,236,235
521,11,195,229,228
522,11,200,234,233
523,11,198,230,229
524,11,186,218,217
793,11,183,208,205
794,11,218,244,241
795,11,210,239,235
796,11,193,224,219
797,11,201,232,227
798,11,204,236,231
799,11,208,240,235
800,11,200,240,232
801,11,199,239,231
802,11,196,236,228
803,11,198,235,228
804,11,201,238,231
805,11,205,242,235
806,11,195,232,225
807,11,202,239,232
808,11,190,227,220
809,11,194,231,224
810,11,207,242,236
811,11,206,241,235
812,11,200,235,229
813,11,201,236,230
814,11,201,236,230
815,11,203,238,232
816,11,201,237,235
817,11,197,233,231
818,11,199,233,232
819,11,205,239,238
820,11,204,236,235
821,11,201,233,232
822,11,213,243,243
823,11,199,229,229
824,11,208,238,238
825,11,198,228,228
826,11,200,230,230
827,11,204,234,234
828,11,201,231,231
829,11,205,235,235
830,11,202,232,232
831,11,186,216,216
855,11,200,230,230
856,11,206,238,237
857,11,202,234,233
858,11,210,242,241
859,11,199,233,232
860,11,199,233,232
861,11,195,229,228
862,11,193,229,227
863,11,199,235,233
864,11,209,238,234
865,11,198,227,223
866,11,202,228,225
93,12,194,210,210
94,12,214,230,230
95,12,199,215,215
96,12,200,224,226
97,12,205,231,232
98,12,202,228,229
99,12,193,219,220
100,12,199,225,226
101,12,203,229,230
102,12,209,235,236
103,12,206,232,233
104,12,210,238,239
105,12,207,235,236
106,12,214,242,243
107,12,202,230,231
108,12,203,231,232
109,12,208,236,237
110,12,198,228,228
111,12,214,244,244
112,12,205,229,231
113,12,208,234,235
114,12,211,237,238
115,12,205,231,232
116,12,206,232,233
117,12,209,235,236
118,12,205,231,232
119,12,209,235,236
120,12,196,222,223
121,12,207,231,233
122,12,211,235,237
123,12,199,220,223
161,12,203,227,229
163,12,197,221,223
164,12,196,222,223
165,12,191,217,218
166,12,211,239,240
167,12,204,232,233
168,12,203,231,232
169,12,208,236,237
170,12,210,238,239
171,12,195,223,224
172,12,182,210,211
173,12,189,215,216
174,12,198,224,225
443,12,206,221,224
444,12,202,220,222
445,12,199,217,219
446,12,196,214,216
447,12,188,206,208
448,12,210,235,232
449,12,194,219,216
450,12,184,209,206
451,12,203,228,225
453,12,214,240,237
454,12,199,225,222
455,12,209,235,232
456,12,209,235,232
457,12,201,227,224
458,12,204,230,227
459,12,210,239,235
460,12,205,234,230
461,12,205,234,230
462,12,206,235,231
463,12,189,218,214
464,12,197,216,220
465,12,214,235,238
466,12,207,231,233
467,12,197,221,223
515,12,182,201,205
516,12,211,232,235
517,12,208,232,234
518,12,199,223,225
519,12,200,226,227
520,12,206,234,235
521,12,202,232,232
522,12,206,236,236
523,12,196,228,227
524,12,197,229,228
525,12,195,227,226
526,12,202,234,233
527,12,206,238,237
786,12,184,204,203
787,12,200,222,220
788,12,193,215,213
789,12,187,212,209
790,12,196,222,219
791,12,207,236,232
792,12,184,213,209
793,12,207,238,233
794,12,199,231,226
795,12,201,236,230
796,12,198,233,227
797,12,186,223,216
798,12,212,249,242
799,12,196,233,226
800,12,193,234,226
801,12,200,241,233
802,12,198,239,231
803,12,197,238,230
804,12,202,242,234
805,12,192,232,224
806,12,197,237,229
807,12,204,241,234
808,12,199,236,229
809,12,199,236,229
810,12,206,241,235
811,12,201,236,230
812,12,197,232,226
813,12,204,236,231
814,12,202,234,229
815,12,199,231,226
816,12,201,233,232
817,12,208,240,239
818,12,199,231,230
819,12,206,236,236
820,12,202,232,232
821,12,209,237,238
822,12,200,228,229
823,12,210,236,237
824,12,207,233,234
825,12,209,235,236
826,12,208,234,235
827,12,205,231,232
828,12,207,233,234
829,12,209,235,236
830,12,196,222,223
831,12,176,202,203
856,12,211,239,240
857,12,198,226,227
858,12,208,238,238
859,12,197,227,227
860,12,192,224,223
861,12,196,228,227
862,12,199,233,232
863,12,203,237,236
864,12,199,225,222
865,12,200,226,223
866,12,209,235,232
867,12,207,232,229
868,12,187,212,209
869,12,201,226,223
870,12,190,212,210
871,12,194,216,214
872,12,188,210,208
873,12,196,218,216
874,12,198,220,218
875,12,197,219,217
876,12,196,218,216
877,12,198,220,218
878,12,193,215,213
92,13,199,225,222
93,13,198,224,221
94,13,206,232,229
95,13,214,240,237
96,13,194,222,223
97,13,198,226,227
98,13,217,245,246
99,13,207,235,236
100,13,203,231,232
101,13,210,236,237
102,13,199,225,226
103,13,205,231,232
104,13,192,216,218
105,13,195,219,221
106,13,209,233,235
167,13,197,223,222
168,13,206,232,231
169,13,198,224,223
170,13,200,226,225
171,13,208,234,233
172,13,192,218,217
173,13,210,236,235
174,13,213,239,238
175,13,201,227,226
441,13,188,209,210
442,13,201,222,223
443,13,204,225,226
444,13,207,228,229
445,13,208,229,230
446,13,204,225,226
447,13,207,228,229
448,13,199,225,222
449,13,216,242,239
450,13,208,233,230
451,13,206,231,228
452,13,207,232,229
453,13,200,222,220
454,13,217,239,237
455,13,195,217,215
520,13,210,231,234
521,13,210,234,236
522,13,206,232,233
523,13,196,224,225
524,13,204,234,234
525,13,205,237,236
526,13,200,232,231
527,13,195,227,226
528,13,202,226,228
785,13,176,208,203
786,13,196,228,223
787,13,201,233,228
788,13,203,235,230
789,13,202,237,231
790,13,202,237,231
791,13,201,238,231
792,13,182,219,212
793,13,209,246,239
794,13,195,235,227
795,13,197,237,229
796,13,194,234,226
797,13,208,249,241
798,13,182,223,215
799,13,196,237,229
800,13,191,234,225
801,13,194,237,228
802,13,191,232,224
803,13,194,235,227
804,13,202,243,235
805,13,190,230,222
806,13,200,240,232
807,13,199,236,229
808,13,205,240,234
809,13,198,233,227
810,13,202,234,229
811,13,199,231,226
812,13,198,229,224
813,13,202,233,228
814,13,203,234,229
815,13,204,235,230
816,13,191,219,220
817,13,207,235,236
859,13,199,225,226
860,13,206,234,235
861,13,192,220,221
862,13,194,224,224
863,13,204,234,234
864,13,212,234,232
865,13,210,232,230
866,13,208,230,228
867,13,204,229,226
868,13,198,223,220
869,13,210,236,233
870,13,204,230,227
871,13,211,240,236
872,13,208,237,233
873,13,203,232,228
874,13,205,234,230
875,13,191,220,216
876,13,191,220,216
877,13,206,235,231
878,13,200,229,225
879,13,191,220,216
88,14,184,215,209
89,14,201,236,229
90,14,213,248,241
91,14,189,226,218
92,14,202,239,231
93,14,206,241,234
94,14,191,226,219
95,14,201,236,229
96,14,204,234,234
97,14,210,240,240
98,14,183,213,213
99,14,181,209,210
100,14,180,208,209
101,14,196,222,223
102,14,193,217,219
103,14,203,227,229
104,14,201,222,225
105,14,201,220,224
106,14,196,214,218
167,14,183,204,205
168,14,194,218,218
169,14,193,217,217
170,14,187,211,211
171,14,213,239,238
172,14,200,226,225
173,14,194,218,218
174,14,194,218,218
175,14,220,244,244
176,14,199,235,233
177,14,211,247,245
178,14,193,227,226
441,14,205,229,229
442,14,202,228,227
443,14,209,235,234
444,14,216,242,241
445,14,207,233,232
446,14,203,229,228
447,14,214,240,239
448,14,215,241,238
449,14,194,220,217
451,14,190,215,212
452,14,201,223,221
453,14,203,223,222
454,14,191,209,209
520,14,189,204,209
521,14,203,222,226
522,14,208,229,232
523,14,187,211,213
524,14,203,231,232
525,14,202,232,232
526,14,196,228,227
527,14,203,235,234
528,14,200,226,227
529,14,217,241,243
530,14,201,225,227
531,14,212,231,235
532,14,190,208,212
781,14,198,224,221
782,14,201,230,226
783,14,193,222,218
784,14,192,233,225
785,14,200,241,233
786,14,202,243,235
787,14,199,240,232
788,14,197,240,231
789,14,196,239,230
790,14,195,238,229
791,14,197,240,231
792,14,190,233,224
793,14,206,249,240
794,14,195,238,229
795,14,195,238,229
796,14,188,231,222
797,14,199,242,233
798,14,203,246,237
799,14,195,238,229
800,14,200,243,234
801,14,191,234,225
802,14,188,229,221
803,14,194,235,227
804,14,201,241,233
805,14,200,240,232
806,14,202,239,232
807,14,198,233,227
808,14,193,225,220
809,14,197,229,224
810,14,209,240,235
811,14,203,232,228
812,14,188,217,213
813,14,187,213,210
814,14,191,217,214
815,14,199,225,222
816,14,204,228,230
817,14,183,204,207
859,14,203,224,227
860,14,207,231,233
861,14,182,208,209
862,14,185,211,212
863,14,191,217,218
864,14,192,210,210
865,14,192,210,210
866,14,201,221,220
867,14,213,235,233
868,14,209,234,231
869,14,207,233,230
870,14,197,226,222
871,14,188,219,214
872,14,193,225,220
873,14,205,240,234
874,14,190,225,219
875,14,211,246,240
876,14,212,247,241
877,14,194,229,223
878,14,207,242,236
879,14,183,218,212
83,15,226,231,234
84,15,237,249,249
85,15,209,228,226
86,15,199,224,220
87,15,218,249,243
88,15,204,239,232
89,15,194,234,225
90,15,204,246,236
91,15,196,238,228
92,15,188,230,220
93,15,190,232,222
94,15,205,247,237
95,15,194,236,226
96,15,194,226,225
97,15,184,216,215
172,15,224,248,248
173,15,214,238,238
174,15,198,222,222
175,15,195,219,219
176,15,200,241,237
177,15,182,223,219
178,15,204,243,240
179,15,205,239,238
180,15,196,226,226
181,15,205,231,232
182,15,200,221,224
431,15,185,204,208
432,15,197,221,221
433,15,184,208,208
434,15,201,225,225
435,15,181,205,205
436,15,213,239,238
437,15,215,241,240
438,15,220,246,245
439,15,197,223,222
440,15,204,230,229
441,15,205,234,232
442,15,195,224,222
443,15,213,242,240
444,15,205,234,232
445,15,186,215,213
446,15,197,226,224
447,15,218,247,245
448,15,189,215,212
525,15,214,242,243
526,15,194,224,224
527,15,202,234,233
528,15,210,238,239
529,15,198,224,225
530,15,205,229,231
531,15,219,240,243
532,15,219,237,241
533,15,213,228,233
534,15,212,223,229
535,15,220,229,236
772,15,223,239,239
773,15,207,223,223
774,15,218,234,234
775,15,208,226,226
776,15,204,222,222
777,15,215,235,234
778,15,221,243,241
779,15,210,236,233
780,15,200,229,225
781,15,211,240,236
782,15,203,234,229
783,15,202,233,228
784,15,187,234,224
785,15,192,239,229
786,15,192,239,229
787,15,188,235,225
788,15,186,233,223
789,15,184,231,221
790,15,189,236,226
791,15,200,246,236
792,15,197,243,233
793,15,196,242,232
794,15,186,232,222
795,15,204,250,240
796,15,193,239,229
797,15,184,227,218
798,15,189,232,223
799,15,182,225,216
800,15,203,246,237
801,15,191,234,225
802,15,195,236,228
803,15,199,240,232
804,15,192,232,224
805,15,203,240,233
806,15,197,234,227
807,15,203,238,232
808,15,207,239,234
809,15,209,240,235
810,15,192,221,217
867,15,214,234,233
868,15,209,234,231
869,15,198,224,221
870,15,204,235,230
871,15,199,231,226
872,15,209,244,238
873,15,201,238,231
874,15,185,225,217
875,15,200,240,232
876,15,199,239,231
877,15,187,227,219
878,15,201,241,233
879,15,202,242,234
880,15,204,225,226
881,15,184,205,206
83,16,218,240,238
84,16,207,233,230
85,16,188,220,215
86,16,192,227,221
87,16,182,222,214
88,16,199,239,231
89,16,195,235,227
90,16,177,217,209
91,16,205,242,235
92,16,202,234,229
174,16,212,230,232
175,16,211,231,232
176,16,201,235,236
177,16,190,224,225
178,16,203,237,238
179,16,199,230,232
180,16,187,218,220
181,16,209,239,241
182,16,218,243,247
183,16,190,214,218
431,16,199,229,229
432,16,198,230,227
433,16,181,213,210
434,16,208,240,237
435,16,197,227,225
436,16,209,239,237
437,16,207,236,234
438,16,184,210,209
439,16,207,231,231
440,16,209,230,231
441,16,182,202,203
527,16,206,217,223
528,16,204,238,237
529,16,197,231,230
530,16,192,226,225
531,16,198,234,232
532,16,200,236,234
533,16,199,233,232
534,16,194,226,225
535,16,198,228,228
772,16,212,241,237
773,16,203,234,229
774,16,198,230,225
775,16,196,231,225
776,16,197,234,227
777,16,206,246,238
778,16,200,240,232
779,16,181,222,214
780,16,183,226,217
781,16,186,229,220
782,16,195,241,231
783,16,188,234,224
784,16,185,235,224
785,16,185,235,224
786,16,193,240,230
787,16,186,233,223
788,16,195,241,231
789,16,198,244,234
790,16,198,241,232
791,16,191,232,224
792,16,195,235,227
793,16,194,231,224
794,16,190,227,220
795,16,204,239,233
796,16,194,226,221
797,16,203,235,230
798,16,197,229,224
799,16,201,233,228
800,16,227,252,249
801,16,195,220,217
802,16,202,224,222
803,16,205,227,225
871,16,197,217,216
872,16,209,234,231
873,16,182,211,207
874,16,193,225,220
875,16,206,246,238
876,16,202,245,236
877,16,200,247,237
878,16,185,235,224
879,16,184,236,224
880,16,193,228,222
881,16,198,230,225
80,17,199,219,218
81,17,210,232,230
82,17,199,224,221
83,17,199,228,224
84,17,196,227,222
85,17,214,249,243
86,17,209,246,239
87,17,204,241,234
88,17,204,241,234
89,17,203,238,232
90,17,183,215,210
91,17,209,238,234
92,17,208,234,231
175,17,195,213,215
176,17,199,230,232
177,17,202,233,235
178,17,209,240,242
179,17,209,239,241
180,17,203,233,235
181,17,209,237,240
182,17,196,221,225
183,17,177,201,205
422,17,189,210,213
423,17,194,220,221
424,17,211,241,241
425,17,218,250,249
426,17,201,233,232
427,17,199,231,230
428,17,200,232,231
429,17,211,243,242
430,17,216,248,247
431,17,206,236,236
432,17,198,228,226
433,17,197,227,225
434,17,205,235,233
435,17,216,245,243
436,17,205,231,230
437,17,200,226,225
438,17,208,232,232
439,17,220,241,242
440,17,209,229,230
527,17,190,201,207
528,17,200,232,231
529,17,198,230,229
530,17,207,241,240
531,17,211,245,244
532,17,183,217,216
533,17,197,231,230
534,17,224,255,255
535,17,198,228,228
767,17,206,232,229
768,17,193,219,216
769,17,197,223,220
770,17,207,236,232
771,17,204,233,229
772,17,197,228,223
773,17,200,231,226
774,17,214,246,241
775,17,199,234,228
776,17,202,239,232
777,17,192,232,224
778,17,183,224,216
779,17,197,238,230
780,17,208,251,242
781,17,196,239,230
782,17,192,238,228
783,17,189,235,225
784,17,195,241,231
785,17,189,235,225
786,17,192,238,228
787,17,192,235,226
788,17,200,243,234
789,17,199,240,232
790,17,197,237,229
791,17,191,231,223
792,17,205,242,235
793,17,194,229,223
794,17,200,232,227
795,17,212,244,239
796,17,198,229,224
797,17,201,232,227
798,17,216,245,241
799,17,193,222,218
800,17,207,229,227
801,17,200,222,220
802,17,221,241,240
803,17,187,207,206
872,17,220,242,240
873,17,215,241,238
874,17,218,249,244
875,17,192,229,222
876,17,179,220,212
877,17,194,237,228
878,17,187,234,224
879,17,197,244,234
880,17,200,235,229
881,17,208,240,235
882,17,207,238,233
883,17,204,230,227
75,18,184,203,207
76,18,216,235,239
77,18,206,227,230
78,18,218,239,242
79,18,219,240,243
80,18,214,246,241
81,18,199,231,226
82,18,204,239,233
83,18,206,241,235
84,18,190,227,220
85,18,192,229,222
86,18,182,219,212
87,18,201,236,230
88,18,197,229,224
89,18,201,230,226
90,18,222,247,244
91,18,182,202,201
175,18,223,238,241
176,18,204,232,235
177,18,202,230,233
178,18,180,208,211
179,18,199,227,230
180,18,203,231,234
181,18,210,238,241
182,18,204,229,233
183,18,209,233,237
184,18,202,223,228
423,18,182,210,211
424,18,196,228,227
425,18,203,235,234
426,18,199,233,232
427,18,193,227,226
428,18,204,236,235
429,18,207,239,238
430,18,193,223,223
431,18,194,224,224
432,18,212,238,237
433,18,206,232,231
434,18,195,219,219
435,18,194,218,218
436,18,197,218,219
437,18,219,240,241
438,18,224,244,245
528,18,189,217,218
529,18,199,229,229
530,18,181,211,211
531,18,206,238,237
532,18,194,228,227
533,18,210,244,243
534,18,185,219,218
535,18,195,227,226
536,18,186,214,215
762,18,198,218,217
763,18,208,230,228
764,18,215,240,237
765,18,203,229,226
766,18,199,225,222
767,18,218,247,243
768,18,198,229,224
769,18,213,244,239
770,18,206,237,232
771,18,190,222,217
772,18,202,234,229
773,18,204,239,233
774,18,204,239,233
775,18,191,228,221
776,18,193,230,223
777,18,205,245,237
778,18,206,247,239
779,18,204,245,237
780,18,193,236,227
781,18,187,230,221
782,18,190,233,224
783,18,197,240,231
784,18,200,240,232
785,18,193,233,225
786,18,194,234,226
787,18,190,230,222
788,18,195,232,225
789,18,196,231,225
790,18,202,237,231
791,18,201,233,228
792,18,218,249,244
793,18,201,230,226
794,18,203,232,228
795,18,202,228,225
796,18,195,221,218
797,18,206,231,228
798,18,200,225,222
873,18,200,222,220
874,18,197,223,220
875,18,191,222,217
876,18,204,239,233
877,18,196,236,228
878,18,197,238,230
879,18,194,235,227
880,18,197,232,226
881,18,200,232,227
882,18,214,245,240
883,18,189,218,214
884,18,216,241,238
885,18,221,241,240
75,19,208,232,234
76,19,211,237,238
77,19,197,223,224
78,19,207,233,234
79,19,202,228,229
80,19,192,235,228
81,19,180,223,216
82,19,196,239,232
83,19,204,245,239
84,19,194,233,228
85,19,206,242,238
86,19,203,238,234
87,19,220,250,248
88,19,187,213,212
179,19,210,234,236
180,19,207,231,233
181,19,200,226,227
182,19,194,220,221
183,19,201,227,228
184,19,203,227,229
423,19,187,217,217
424,19,199,231,230
425,19,203,237,236
426,19,194,228,227
427,19,202,234,233
428,19,192,224,223
429,19,202,234,233
430,19,203,233,233
431,19,197,227,227
529,19,202,228,229
530,19,210,236,237
531,19,196,226,226
532,19,196,228,227
533,19,195,229,228
534,19,207,241,240
535,19,207,239,238
536,19,196,226,226
762,19,215,240,237
763,19,202,228,225
764,19,205,231,228
765,19,199,228,224
766,19,208,237,233
767,19,184,213,209
768,19,191,226,220
769,19,203,238,232
770,19,196,231,225
771,19,194,229,223
772,19,210,247,240
773,19,192,229,222
774,19,189,226,219
775,19,204,241,234
776,19,206,246,238
777,19,193,233,225
778,19,186,226,218
779,19,191,232,224
780,19,197,238,230
781,19,205,246,238
782,19,191,232,224
783,19,199,240,232
784,19,203,235,230
785,19,204,236,231
786,19,210,242,237
787,19,209,240,235
788,19,207,238,233
789,19,201,230,226
790,19,204,230,227
791,19,191,217,214
792,19,214,239,236
876,19,221,247,244
877,19,205,236,231
878,19,198,230,225
879,19,205,240,234
880,19,198,233,227
881,19,195,230,224
882,19,203,235,230
883,19,186,217,212
884,19,206,232,229
885,19,210,235,232
886,19,185,207,205
74,20,203,231,232
75,20,203,233,233
76,20,194,224,224
77,20,210,240,240
78,20,196,226,226
79,20,208,238,238
80,20,202,247,240
81,20,197,242,235
82,20,187,230,223
83,20,199,240,234
85,20,185,220,216
86,20,186,216,214
87,20,200,224,224
179,20,211,229,231
180,20,206,227,228
181,20,199,223,223
182,20,203,229,228
183,20,207,233,232
184,20,204,230,229
185,20,203,229,228
186,20,206,230,230
187,20,208,229,230
419,20,219,240,243
420,20,193,219,220
421,20,207,235,236
422,20,198,228,228
423,20,208,240,239
424,20,196,230,229
425,20,196,230,229
426,20,208,240,239
427,20,206,238,237
428,20,206,236,236
429,20,205,235,235
430,20,189,217,218
431,20,210,238,239
529,20,198,217,221
530,20,189,210,213
531,20,194,220,221
532,20,204,234,234
533,20,190,222,221
534,20,197,231,230
535,20,198,232,231
536,20,190,222,221
537,20,187,217,217
758,20,200,220,221
759,20,210,234,234
760,20,224,250,249
761,20,198,227,225
762,20,206,235,233
763,20,191,221,219
764,20,199,229,227
765,20,201,231,229
766,20,209,239,237
767,20,197,227,225
768,20,211,250,245
769,20,193,232,227
770,20,188,227,222
771,20,199,238,233
772,20,208,247,242
773,20,194,233,228
774,20,198,237,232
775,20,200,239,234
776,20,195,234,229
777,20,197,233,229
778,20,203,239,235
779,20,193,229,225
780,20,187,223,219
781,20,201,237,233
782,20,188,224,220
783,20,203,239,235
784,20,210,235,232
785,20,205,230,227
786,20,209,234,231
787,20,210,235,232
788,20,201,223,221
789,20,186,208,206
790,20,200,220,219
791,20,200,218,218
792,20,193,211,211
876,20,186,206,205
877,20,213,235,233
878,20,188,213,210
879,20,216,241,238
880,20,198,233,229
881,20,201,236,232
882,20,201,233,230
883,20,207,239,236
884,20,203,233,231
885,20,194,223,221
886,20,216,242,241
887,20,200,224,224
888,20,215,236,237
71,21,174,202,203
73,21,206,238,237
74,21,190,224,223
75,21,203,235,234
76,21,201,233,232
77,21,199,231,230
78,21,196,226,226
79,21,203,233,233
80,21,207,248,244
81,21,198,237,234
82,21,192,228,226
83,21,210,244,243
179,21,217,231,234
180,21,218,236,238
181,21,215,235,236
182,21,212,236,236
183,21,210,236,235
184,21,211,240,238
185,21,193,222,220
186,21,194,223,221
187,21,209,235,234
188,21,192,216,216
418,21,175,201,202
419,21,192,218,219
420,21,193,221,222
421,21,209,239,239
422,21,188,220,219
423,21,194,226,225
424,21,205,237,236
425,21,205,237,236
426,21,201,231,231
427,21,203,233,233
428,21,208,236,237
429,21,212,238,239
430,21,208,232,234
532,21,202,228,229
533,21,197,227,227
534,21,200,234,233
535,21,202,236,235
536,21,205,239,238
537,21,203,235,234
538,21,181,209,210
539,21,181,205,207
540,21,189,207,211
757,21,194,218,218
758,21,209,235,234
759,21,203,233,231
760,21,198,230,227
761,21,196,228,225
762,21,201,233,230
763,21,201,233,230
764,21,203,235,232
765,21,205,237,234
766,21,196,228,225
767,21,210,240,238
768,21,191,232,226
769,21,198,237,232
770,21,200,239,234
771,21,196,235,230
772,21,200,239,234
773,21,193,232,227
774,21,204,240,236
775,21,207,243,239
776,21,192,228,224
777,21,203,238,234
778,21,208,243,239
779,21,197,232,228
780,21,197,229,226
781,21,209,241,238
782,21,203,235,232
783,21,207,239,236
784,21,204,222,222
785,21,202,220,220
786,21,212,230,230
787,21,206,222,222
877,21,206,222,222
878,21,222,238,238
879,21,197,215,215
880,21,193,225,222
881,21,208,240,237
882,21,201,236,232
883,21,199,234,230
884,21,196,231,227
885,21,210,242,239
886,21,187,219,216
887,21,204,234,232
888,21,194,223,221
889,21,180,204,204
70,22,170,200,200
71,22,203,237,236
72,22,182,216,215
73,22,206,242,240
74,22,184,218,217
75,22,198,232,231
76,22,201,233,232
77,22,200,230,230
78,22,214,242,243
79,22,198,226,227
80,22,182,210,211
81,22,189,217,218
82,22,189,215,216
184,22,208,237,233
185,22,204,235,230
186,22,213,244,239
187,22,210,239,235
188,22,209,238,234
417,22,181,207,208
418,22,178,206,207
419,22,226,254,255
420,22,210,240,240
421,22,199,229,229
422,22,212,242,242
423,22,205,235,235
424,22,192,222,222
425,22,193,221,222
426,22,204,230,231
427,22,190,214,216
428,22,178,202,204
533,22,200,228,229
534,22,190,222,221
535,22,202,236,235
536,22,203,237,236
537,22,197,231,230
538,22,202,232,232
539,22,200,226,227
540,22,199,220,223
541,22,195,213,217
756,22,200,224,226
757,22,219,247,248
758,22,206,238,237
759,22,202,236,235
760,22,201,237,235
761,22,199,235,233
762,22,194,230,228
763,22,193,229,227
764,22,201,235,234
765,22,213,245,244
766,22,204,236,235
767,22,198,230,229
768,22,198,237,234
769,22,208,247,244
770,22,198,237,234
771,22,190,229,226
772,22,211,247,245
773,22,207,243,241
774,22,200,234,233
775,22,193,225,224
776,22,194,226,225
777,22,191,221,221
778,22,188,218,218
779,22,214,242,243
780,22,202,230,231
783,22,177,203,204
784,22,190,204,205
786,22,191,202,204
879,22,189,200,202
880,22,194,226,225
881,22,193,225,224
882,22,194,226,225
883,22,191,225,224
884,22,206,240,239
885,22,192,228,226
886,22,213,249,247
887,22,204,238,237
888,22,200,232,231
889,22,182,212,212
890,22,175,201,202
66,23,211,230,234
67,23,231,255,255
68,23,217,245,246
69,23,199,231,230
70,23,189,223,222
71,23,201,237,235
72,23,197,233,231
73,23,200,236,234
74,23,208,242,241
75,23,196,228,227
76,23,207,235,236
77,23,205,231,232
78,23,186,210,212
79,23,220,241,244
80,23,215,233,237
81,23,207,225,229
184,23,190,216,213
185,23,198,229,224
186,23,195,226,221
187,23,181,213,208
188,23,205,237,232
189,23,203,234,229
190,23,208,239,234
191,23,199,230,225
192,23,191,207,207
408,23,198,213,218
409,23,212,231,235
410,23,218,242,244
411,23,213,239,240
412,23,209,237,238
413,23,213,241,242
414,23,210,238,239
415,23,200,228,229
416,23,195,223,224
417,23,223,251,252
418,23,182,210,211
419,23,198,226,227
420,23,194,222,223
421,23,179,207,208
422,23,193,219,220
423,23,199,225,226
424,23,199,223,225
425,23,200,224,226
426,23,195,216,219
534,23,203,233,233
535,23,197,231,230
536,23,202,236,235
537,23,200,234,233
538,23,203,235,234
539,23,206,236,236
540,23,205,231,232
541,23,201,222,225
753,23,209,227,231
754,23,210,231,234
755,23,197,221,223
756,23,192,220,221
757,23,184,216,215
758,23,199,235,233
759,23,191,230,227
760,23,195,234,231
761,23,199,238,235
762,23,197,236,233
763,23,203,239,237
764,23,199,233,232
765,23,197,229,228
766,23,216,248,247
767,23,202,232,232
768,23,200,236,234
769,23,194,230,228
770,23,199,233,232
771,23,198,232,231
772,23,194,226,225
773,23,187,219,218
774,23,197,227,227
775,23,188,216,217
776,23,207,233,234
777,23,209,233,235
778,23,188,212,214
779,23,208,229,232
881,23,196,226,226
882,23,209,239,239
883,23,190,224,223
884,23,205,241,239
885,23,198,234,232
886,23,190,229,226
887,23,204,243,240
888,23,205,241,239
889,23,201,235,234
890,23,206,236,236
891,23,190,214,216
892,23,208,227,231
893,23,207,222,227
66,24,205,233,234
67,24,198,228,228
68,24,192,224,223
69,24,187,223,221
70,24,193,232,229
71,24,193,232,229
72,24,197,233,231
73,24,191,225,224
74,24,177,209,208
186,24,209,240,235
187,24,205,237,232
188,24,207,242,236
189,24,187,222,216
190,24,195,230,224
191,24,193,228,222
192,24,197,219,217
408,24,190,211,214
409,24,197,223,224
410,24,191,221,221
411,24,200,234,233
412,24,201,235,234
413,24,191,227,225
414,24,208,242,241
415,24,202,236,235
416,24,192,218,219
417,24,208,234,235
534,24,203,231,232
535,24,204,236,235
536,24,195,229,228
537,24,201,235,234
538,24,200,234,233
539,24,201,233,232
540,24,201,231,231
541,24,196,222,223
753,24,208,232,234
754,24,205,231,232
755,24,195,223,224
756,24,210,242,241
757,24,208,242,241
758,24,196,235,232
759,24,195,236,232
760,24,201,242,238
761,24,189,230,226
762,24,199,238,235
763,24,198,234,232
764,24,197,231,230
765,24,197,229,228
766,24,200,230,230
767,24,191,219,220
768,24,211,241,241
769,24,203,233,233
770,24,195,225,225
771,24,212,240,241
772,24,213,241,242
773,24,213,239,240
882,24,204,232,233
883,24,196,226,226
884,24,206,240,239
885,24,195,231,229
886,24,198,237,234
887,24,193,232,229
888,24,190,229,226
889,24,203,239,237
890,24,202,234,233
891,24,202,230,231
892,24,228,252,254
893,24,211,230,234
64,25,204,234,234
65,25,194,226,225
66,25,208,240,239
67,25,197,231,230
68,25,202,238,236
69,25,203,242,239
70,25,204,243,240
71,25,196,232,230
72,25,205,239,238
73,25,197,229,228
186,25,209,238,234
187,25,201,233,228
188,25,204,239,233
189,25,193,230,223
190,25,200,237,230
191,25,199,236,229
192,25,207,233,230
193,25,193,218,215
194,25,202,224,222
195,25,204,224,223
196,25,206,222,222
408,25,198,224,225
409,25,210,240,240
410,25,192,226,225
411,25,199,238,235
412,25,197,238,234
413,25,196,237,233
414,25,189,228,225
415,25,206,245,242
416,25,206,227,230
417,25,213,234,237
534,25,217,241,243
535,25,200,228,229
536,25,197,229,228
537,25,194,226,225
538,25,198,232,231
539,25,201,233,232
540,25,204,236,235
541,25,200,230,230
542,25,171,201,201
748,25,199,218,222
749,25,210,229,233
750,25,204,225,228
751,25,198,219,222
752,25,205,231,232
753,25,209,237,238
754,25,203,233,233
755,25,203,235,234
756,25,194,228,227
757,25,197,233,231
758,25,199,238,235
759,25,198,237,234
760,25,188,227,224
761,25,193,232,229
762,25,202,238,236
763,25,195,229,228
764,25,204,236,235
765,25,203,231,232
766,25,205,231,232
767,25,212,238,239
768,25,230,254,255
769,25,192,216,218
885,25,200,234,233
886,25,198,234,232
887,25,200,239,236
888,25,185,224,221
889,25,207,243,241
890,25,194,228,227
891,25,194,224,224
892,25,198,224,225
893,25,193,214,217
61,26,176,202,203
62,26,202,230,231
63,26,179,207,208
64,26,210,246,244
65,26,194,230,228
66,26,209,245,243
67,26,194,233,230
68,26,190,229,226
69,26,188,227,224
70,26,190,226,224
71,26,193,227,226
72,26,208,238,238
73,26,202,228,229
186,26,196,222,219
187,26,186,217,212
188,26,201,236,230
189,26,203,240,233
190,26,195,235,227
191,26,190,230,222
192,26,208,239,234
193,26,202,233,228
194,26,215,244,240
195,26,204,229,226
196,26,205,225,224
408,26,193,221,222
409,26,215,247,246
410,26,201,237,235
411,26,192,231,228
412,26,190,231,227
413,26,192,233,229
414,26,175,216,212
415,26,207,246,243
416,26,205,223,227
417,26,201,219,223
534,26,215,234,238
535,26,205,229,231
536,26,204,232,233
537,26,198,228,228
538,26,208,240,239
539,26,202,234,233
540,26,202,236,235
541,26,203,237,236
542,26,199,233,232
543,26,191,223,222
544,26,198,217,221
545,26,189,207,211
747,26,189,213,215
748,26,209,235,236
749,26,204,230,231
750,26,208,236,237
751,26,211,239,240
752,26,200,232,231
753,26,194,226,225
754,26,196,230,229
755,26,208,242,241
756,26,203,239,237
757,26,196,232,230
758,26,199,238,235
759,26,196,235,232
760,26,202,238,236
761,26,191,225,224
762,26,208,240,239
763,26,214,244,244
764,26,208,236,237
765,26,209,235,236
766,26,216,240,242
767,26,195,216,219
768,26,215,233,237
885,26,200,230,230
886,26,206,240,239
887,26,200,236,234
888,26,185,221,219
889,26,200,236,234
890,26,211,245,244
891,26,198,230,229
892,26,213,241,242
893,26,217,243,244
61,27,200,230,230
62,27,214,246,245
63,27,190,224,223
64,27,213,252,249
65,27,192,231,228
66,27,186,225,222
67,27,181,220,217
68,27,196,232,230
69,27,211,245,244
70,27,194,226,225
71,27,194,224,224
72,27,184,210,211
186,27,214,236,234
187,27,203,232,228
188,27,203,235,230
189,27,187,224,217
190,27,180,220,212
191,27,196,237,229
192,27,195,232,225
193,27,188,223,217
194,27,206,238,233
195,27,195,224,220
196,27,203,228,225
407,27,180,204,206
408,27,199,227,228
409,27,202,234,233
410,27,196,232,230
411,27,187,223,221
412,27,200,236,234
413,27,209,245,243
414,27,202,236,235
415,27,200,234,233
416,27,197,212,217
534,27,206,221,226
535,27,198,217,221
536,27,200,224,226
537,27,203,229,230
538,27,205,235,235
539,27,190,222,221
540,27,191,225,224
541,27,195,231,229
542,27,201,237,235
543,27,204,240,238
544,27,212,236,238
545,27,216,237,240
747,27,190,220,220
748,27,208,240,239
749,27,206,238,237
750,27,193,227,226
751,27,196,230,229
752,27,208,244,242
753,27,200,239,236
754,27,198,237,234
755,27,196,235,232
756,27,207,246,243
757,27,192,228,226
758,27,196,232,230
759,27,197,231,230
760,27,196,228,227
761,27,203,233,233
762,27,203,231,232
763,27,208,234,235
764,27,212,233,236
765,27,206,225,229
766,27,190,209,213
887,27,206,238,237
888,27,199,233,232
889,27,202,236,235
890,27,190,224,223
891,27,199,231,230
892,27,194,224,224
893,27,208,236,237
59,28,186,212,213
60,28,208,238,238
61,28,189,221,220
62,28,188,222,221
63,28,199,235,233
64,28,174,213,210
65,28,201,240,237
66,28,211,247,245
67,28,206,242,240
68,28,194,228,227
69,28,194,224,224
71,28,187,211,213
188,28,197,228,223
189,28,202,237,231
190,28,199,239,231
191,28,207,248,240
192,28,198,239,231
193,28,186,226,218
194,28,203,240,233
195,28,200,232,227
196,28,209,235,232
403,28,184,202,206
404,28,224,242,246
405,28,209,228,232
406,28,204,225,228
407,28,211,235,237
408,28,203,231,232
409,28,195,225,225
410,28,203,235,234
411,28,201,233,232
412,28,173,203,203
414,28,182,208,209
535,28,186,201,206
536,28,189,208,212
537,28,206,230,232
538,28,207,235,236
539,28,194,226,225
540,28,197,231,230
541,28,199,235,233
542,28,198,237,234
543,28,179,220,216
544,28,210,238,239
545,28,198,224,225
744,28,206,234,235
745,28,194,226,225
746,28,210,244,243
747,28,210,246,244
748,28,186,225,222
749,28,191,230,227
750,28,204,245,241
751,28,200,241,237
752,28,192,234,230
753,28,195,236,232
754,28,190,231,227
755,28,191,230,227
756,28,198,237,234
757,28,201,237,235
758,28,206,240,239
759,28,203,233,233
760,28,197,225,226
761,28,211,237,238
762,28,209,230,233
763,28,209,228,232
764,28,199,217,221
765,28,191,206,211
887,28,196,224,225
888,28,204,234,234
889,28,215,247,246
890,28,196,228,227
891,28,202,234,233
892,28,202,234,233
893,28,198,228,228
894,28,206,236,236
895,28,205,235,235
896,28,212,233,236
897,28,214,233,237
898,28,182,200,204
59,29,197,223,224
60,29,200,230,230
61,29,206,240,239
62,29,204,240,238
63,29,183,219,217
64,29,200,236,234
65,29,201,237,235
66,29,182,216,215
67,29,198,230,229
68,29,208,238,238
69,29,190,216,217
189,29,187,219,214
190,29,206,243,236
191,29,192,232,224
192,29,201,246,239
193,29,188,231,224
194,29,199,240,234
195,29,197,232,228
196,29,199,229,227
400,29,187,213,214
401,29,178,202,204
402,29,181,205,207
403,29,205,226,229
404,29,215,236,239
405,29,198,219,222
406,29,204,225,228
407,29,182,206,208
408,29,222,248,249
409,29,209,235,236
410,29,214,240,241
411,29,204,228,230
537,29,181,200,204
538,29,207,233,234
539,29,204,234,234
540,29,199,233,232
541,29,198,237,234
542,29,205,246,242
543,29,185,227,223
544,29,202,234,233
545,29,198,228,228
546,29,180,206,207
742,29,184,208,210
743,29,183,211,212
744,29,192,224,223
745,29,193,229,227
746,29,192,231,228
747,29,193,234,230
748,29,196,238,234
749,29,190,235,230
750,29,187,232,227
751,29,189,236,230
752,29,193,240,232
753,29,193,238,231
754,29,189,232,225
755,29,202,243,237
756,29,184,223,218
757,29,205,240,236
758,29,208,238,236
759,29,190,219,217
760,29,215,239,239
761,29,213,234,235
762,29,202,220,222
763,29,226,241,244
764,29,203,217,220
887,29,216,240,240
888,29,198,224,223
889,29,200,230,228
890,29,220,252,249
891,29,181,213,210
892,29,207,239,236
893,29,205,237,234
894,29,196,228,225
895,29,201,233,230
896,29,216,240,242
897,29,211,232,235
56,30,210,225,230
57,30,213,232,236
58,30,201,225,227
59,30,204,230,231
60,30,199,229,229
61,30,205,239,238
62,30,203,239,237
63,30,208,244,242
64,30,198,232,231
65,30,180,214,213
190,30,192,229,222
191,30,200,240,232
192,30,189,239,230
193,30,184,231,223
194,30,198,241,234
195,30,197,236,231
196,30,201,233,230
398,30,184,213,211
399,30,195,225,223
400,30,190,222,221
401,30,209,239,239
402,30,209,237,238
403,30,196,222,223
404,30,202,226,228
405,30,211,235,237
406,30,220,244,246
538,30,177,201,203
539,30,199,229,229
540,30,191,225,224
541,30,188,227,224
542,30,198,240,236
543,30,194,239,234
544,30,199,233,232
545,30,199,231,230
546,30,205,233,234
742,30,198,226,227
743,30,211,243,242
744,30,205,241,239
745,30,197,238,234
746,30,189,231,227
747,30,191,236,231
748,30,187,234,228
749,30,185,234,228
750,30,195,244,238
751,30,184,233,227
752,30,195,245,236
753,30,191,238,230
754,30,186,231,224
755,30,198,241,234
756,30,190,229,224
757,30,206,241,237
758,30,217,246,244
759,30,208,232,232
890,30,202,232,230
891,30,201,233,230
892,30,192,227,223
893,30,198,233,229
894,30,210,245,241
895,30,209,244,240
896,30,190,216,217
897,30,196,220,222
898,30,201,222,225
55,31,193,206,212
56,31,211,229,233
57,31,204,223,227
58,31,216,240,242
59,31,207,233,234
60,31,189,219,219
61,31,191,223,222
62,31,174,210,208
63,31,188,224,222
64,31,194,226,225
190,31,175,212,205
191,31,196,236,228
192,31,191,241,232
193,31,187,234,226
194,31,191,236,229
195,31,189,228,223
196,31,198,230,227
396,31,192,218,217
397,31,214,244,242
398,31,200,232,229
399,31,206,241,237
400,31,202,236,235
401,31,201,233,232
402,31,199,229,229
403,31,201,229,230
404,31,202,228,229
405,31,183,207,209
406,31,180,204,206
539,31,207,235,236
540,31,206,240,239
541,31,199,240,236
542,31,196,238,234
543,31,196,241,236
544,31,203,237,236
545,31,208,242,241
546,31,176,206,206
739,31,202,217,222
740,31,219,238,242
741,31,194,218,220
742,31,202,232,232
743,31,196,230,229
744,31,193,232,229
745,31,207,248,244
746,31,189,234,229
747,31,186,233,227
748,31,188,237,231
749,31,188,239,232
750,31,196,247,240
751,31,187,238,231
752,31,185,236,227
753,31,187,237,228
754,31,192,239,231
755,31,194,237,230
756,31,212,251,246
757,31,194,226,223
758,31,190,219,217
759,31,187,211,211
890,31,173,203,201
891,31,217,249,246
892,31,191,226,222
893,31,191,226,222
894,31,182,218,214
895,31,210,246,242
896,31,209,235,236
897,31,203,229,230
898,31,211,235,237
899,31,191,210,214
53,32,185,211,212
54,32,185,215,215
55,32,208,242,241
56,32,193,229,227
57,32,189,223,222
58,32,211,243,242
59,32,197,225,226
60,32,180,204,206
190,32,199,215,215
191,32,206,224,224
192,32,201,232,227
193,32,203,235,230
194,32,198,230,225
195,32,200,231,226
196,32,206,237,232
197,32,191,217,214
198,32,182,207,204
395,32,189,230,224
396,32,194,235,229
397,32,195,238,231
398,32,195,236,230
399,32,193,234,228
400,32,190,229,226
401,32,207,243,241
539,32,211,235,239
540,32,197,228,230
541,32,200,239,238
542,32,193,235,233
543,32,197,243,240
544,32,196,232,230
545,32,182,214,213
735,32,180,204,206
736,32,174,206,205
738,32,188,220,219
739,32,208,242,241
740,32,207,243,241
741,32,198,237,234
742,32,193,234,230
743,32,198,239,235
744,32,193,235,231
745,32,194,236,232
746,32,193,236,229
747,32,199,242,235
748,32,192,235,228
749,32,195,238,231
750,32,189,230,224
751,32,186,227,221
752,32,199,240,236
753,32,195,234,231
754,32,203,239,237
755,32,192,224,223
756,32,194,222,223
891,32,188,209,212
892,32,213,239,240
893,32,206,238,237
894,32,196,232,230
895,32,202,241,238
896,32,205,235,235
897,32,199,227,228
898,32,194,220,221
899,32,204,225,228
52,33,224,245,248
53,33,202,230,231
54,33,206,238,237
55,33,216,250,249
56,33,183,219,217
57,33,209,243,242
58,33,199,231,230
59,33,199,227,228
190,33,198,214,214
191,33,203,221,221
192,33,199,230,225
193,33,212,243,238
194,33,202,234,229
195,33,199,231,226
196,33,219,250,245
197,33,211,240,236
198,33,211,236,233
394,33,208,244,240
395,33,210,249,244
396,33,190,231,225
397,33,186,227,221
398,33,196,237,231
399,33,191,232,226
400,33,193,229,227
401,33,205,239,238
402,33,179,211,210
539,33,206,230,234
540,33,193,223,225
541,33,195,231,231
542,33,191,233,231
543,33,199,244,241
544,33,207,243,241
545,33,197,229,228
734,33,188,207,211
735,33,208,232,234
736,33,211,242,244
737,33,210,242,241
738,33,207,241,240
739,33,191,225,224
740,33,184,220,218
741,33,197,236,233
742,33,199,238,235
743,33,189,230,226
744,33,193,234,230
745,33,195,236,232
746,33,195,236,230
747,33,191,232,226
748,33,190,231,225
749,33,194,235,229
750,33,190,229,224
751,33,198,237,232
752,33,205,244,241
753,33,191,227,225
754,33,204,238,237
755,33,204,234,234
756,33,210,236,237
892,33,200,226,227
893,33,190,220,220
894,33,196,230,229
895,33,196,232,230
896,33,188,220,219
897,33,206,236,236
898,33,209,237,238
899,33,206,230,232
52,34,205,233,234
53,34,196,228,227
54,34,195,229,228
55,34,187,223,221
56,34,189,225,223
57,34,213,247,246
58,34,198,228,228
59,34,201,227,228
60,34,186,207,210
190,34,198,214,214
191,34,210,226,226
192,34,202,231,227
193,34,224,255,250
194,34,199,230,225
195,34,200,232,227
196,34,197,229,224
197,34,192,223,218
198,34,220,246,243
391,34,214,236,234
392,34,202,228,225
393,34,204,236,233
394,34,191,226,222
395,34,198,237,232
396,34,173,212,207
397,34,212,251,246
398,34,188,227,222
399,34,213,249,245
400,34,199,231,230
401,34,191,221,221
402,34,207,235,236
403,34,195,221,222
539,34,210,231,236
540,34,197,225,228
541,34,206,240,241
542,34,202,242,241
543,34,192,234,232
544,34,191,227,225
734,34,183,204,207
735,34,199,225,226
736,34,200,234,235
737,34,187,221,222
738,34,193,229,229
739,34,204,240,240
740,34,204,243,240
741,34,201,240,237
742,34,199,238,235
743,34,203,244,240
744,34,197,238,234
745,34,196,235,232
746,34,203,242,239
747,34,202,241,238
748,34,208,244,240
749,34,198,234,230
750,34,191,227,223
751,34,207,243,239
752,34,207,239,238
753,34,191,221,221
754,34,201,229,230
755,34,208,234,235
756,34,192,213,216
892,34,212,236,238
893,34,211,239,240
894,34,202,234,233
895,34,203,237,236
896,34,203,237,236
897,34,203,237,236
898,34,199,231,230
899,34,207,235,236
47,35,209,227,231
48,35,205,231,232
49,35,193,221,222
50,35,228,255,255
51,35,201,233,232
52,35,175,209,208
53,35,206,242,240
54,35,201,237,235
55,35,205,241,239
56,35,203,237,236
57,35,209,241,240
58,35,190,218,219
59,35,182,206,208
194,35,192,223,218
195,35,200,232,227
196,35,207,239,234
197,35,211,243,238
198,35,196,227,222
199,35,189,215,212
200,35,230,252,250
201,35,233,249,249
390,35,191,211,210
391,35,222,247,244
392,35,191,220,216
393,35,194,224,222
394,35,201,236,232
395,35,203,239,235
396,35,200,236,232
397,35,208,243,239
398,35,198,233,229
399,35,197,232,228
400,35,196,224,225
401,35,210,236,237
539,35,208,227,231
540,35,202,228,229
541,35,200,232,231
542,35,194,230,228
543,35,190,229,226
544,35,218,255,252
545,35,228,255,255
546,35,186,215,213
733,35,208,227,231
734,35,218,244,245
735,35,210,238,239
736,35,193,232,231
737,35,190,229,228
738,35,195,234,233
739,35,194,233,232
740,35,194,233,232
741,35,196,235,234
742,35,189,228,225
743,35,186,225,222
744,35,188,227,224
745,35,200,236,234
746,35,204,240,238
747,35,195,229,228
748,35,200,232,231
749,35,201,233,232
750,35,205,235,235
751,35,193,223,223
752,35,203,229,230
753,35,199,223,225
754,35,188,209,212
894,35,198,226,227
895,35,211,241,241
896,35,191,230,227
897,35,197,233,231
898,35,194,228,227
899,35,211,243,242
900,35,208,236,237
901,35,195,219,221
902,35,207,226,230
47,36,199,225,226
48,36,206,240,239
49,36,209,245,243
50,36,179,215,213
51,36,196,232,230
52,36,198,237,234
53,36,197,233,231
54,36,188,224,222
55,36,199,233,232
56,36,188,220,219
57,36,190,218,219
58,36,177,203,204
194,36,203,234,229
195,36,214,246,241
196,36,199,234,228
197,36,193,228,222
198,36,197,229,224
199,36,210,241,236
200,36,211,236,233
201,36,200,220,219
389,36,205,225,224
390,36,209,231,229
391,36,208,233,230
392,36,203,232,228
393,36,208,238,236
394,36,215,247,244
395,36,191,223,220
396,36,220,252,249
397,36,186,216,214
398,36,185,215,213
401,36,185,204,208
541,36,195,224,222
542,36,195,227,224
543,36,188,224,220
544,36,198,237,232
545,36,188,223,219
546,36,213,243,241
733,36,218,242,244
734,36,192,222,222
735,36,204,236,235
736,36,193,233,232
737,36,200,240,239
738,36,202,242,241
739,36,188,228,227
740,36,192,231,230
741,36,207,246,245
742,36,205,244,243
743,36,201,237,237
744,36,205,239,238
745,36,204,236,235
746,36,200,230,230
747,36,200,230,230
748,36,196,224,225
749,36,189,215,216
750,36,200,224,226
894,36,192,216,218
895,36,209,235,236
896,36,193,234,230
897,36,195,236,232
898,36,193,232,229
899,36,187,223,221
900,36,208,242,241
901,36,202,232,232
902,36,216,240,242
43,37,194,220,221
44,37,190,218,219
45,37,193,223,223
46,37,190,220,220
47,37,203,235,234
48,37,192,233,229
49,37,197,236,233
50,37,208,247,244
51,37,198,237,234
52,37,193,229,227
53,37,206,242,240
54,37,193,227,226
55,37,182,212,212
194,37,205,234,230
195,37,190,222,217
196,37,203,240,233
197,37,204,241,234
198,37,188,225,218
199,37,187,222,216
200,37,198,227,223
201,37,216,241,238
382,37,200,226,227
383,37,197,223,224
384,37,206,238,233
385,37,202,233,228
386,37,204,233,229
387,37,221,247,244
388,37,200,226,223
389,37,199,224,221
390,37,196,221,218
391,37,210,236,233
392,37,209,238,234
393,37,188,218,216
394,37,190,220,218
395,37,213,243,241
396,37,200,229,227
397,37,202,228,227
542,37,204,233,231
543,37,212,242,240
544,37,178,217,212
545,37,206,242,238
546,37,204,234,232
733,37,207,237,237
734,37,193,227,226
735,37,195,231,229
736,37,196,238,236
737,37,192,234,232
738,37,193,235,233
739,37,195,235,234
740,37,198,238,237
741,37,197,236,235
742,37,194,230,230
743,37,204,238,239
744,37,204,235,237
745,37,204,232,233
746,37,196,222,223
747,37,190,214,216
894,37,204,223,227
895,37,200,221,224
896,37,200,241,237
897,37,196,237,233
898,37,202,243,239
899,37,192,233,229
900,37,212,248,246
901,37,188,220,219
902,37,206,234,235
42,38,207,235,236
43,38,196,226,226
44,38,203,235,234
45,38,202,234,233
46,38,185,219,218
47,38,196,230,229
48,38,207,246,243
49,38,197,236,233
50,38,195,231,229
51,38,175,209,208
52,38,178,210,209
194,38,204,233,229
195,38,204,236,231
196,38,195,232,225
197,38,188,229,221
198,38,215,255,248
199,38,186,226,218
200,38,220,252,247
201,38,201,227,224
381,38,199,227,228
382,38,208,238,238
383,38,193,225,224
384,38,203,243,235
385,38,204,241,234
386,38,191,226,220
387,38,201,233,228
388,38,193,222,218
389,38,210,236,233
390,38,219,245,242
391,38,195,221,218
392,38,215,241,238
393,38,209,238,236
394,38,206,232,231
395,38,212,238,237
396,38,199,223,223
397,38,196,217,218
543,38,185,211,208
544,38,194,234,226
545,38,204,241,234
546,38,204,236,231
547,38,183,212,208
732,38,174,206,205
733,38,201,235,234
734,38,200,239,236
735,38,201,240,237
736,38,199,241,240
737,38,200,242,240
738,38,198,240,238
739,38,194,234,233
740,38,200,239,238
741,38,204,240,240
742,38,198,232,233
743,38,203,233,235
744,38,202,230,233
745,38,205,229,233
896,38,188,229,225
897,38,197,238,234
898,38,202,243,239
899,38,176,217,213
900,38,189,228,225
901,38,180,216,214
902,38,192,222,222
38,39,212,236,238
39,39,213,239,240
40,39,206,234,235
41,39,193,221,222
42,39,204,234,234
43,39,196,228,227
44,39,180,212,211
45,39,201,235,234
46,39,215,249,248
48,39,172,204,203
194,39,200,226,223
195,39,204,236,231
196,39,196,236,228
197,39,194,237,228
198,39,194,237,228
199,39,194,235,227
200,39,198,235,228
201,39,204,233,229
372,39,215,236,239
373,39,208,232,234
374,39,208,234,235
375,39,196,222,223
376,39,200,226,227
377,39,210,236,237
378,39,216,242,243
379,39,210,238,239
380,39,201,231,231
381,39,195,227,226
382,39,195,229,228
383,39,197,233,231
384,39,199,242,233
385,39,193,234,226
386,39,199,239,231
387,39,210,245,239
388,39,197,228,223
389,39,205,234,230
390,39,199,225,222
393,39,176,200,200
543,39,198,223,220
544,39,211,252,244
545,39,200,240,232
546,39,192,227,221
547,39,207,238,233
548,39,200,225,222
549,39,213,233,232
725,39,201,229,230
726,39,189,219,219
727,39,190,222,221
728,39,200,232,231
729,39,199,233,232
730,39,199,233,232
731,39,197,231,230
732,39,194,230,228
733,39,197,236,233
734,39,191,232,228
735,39,192,233,229
736,39,192,234,233
737,39,194,236,234
738,39,196,236,235
739,39,195,234,233
740,39,198,234,234
741,39,188,222,223
744,39,182,206,210
896,39,201,240,237
897,39,202,241,238
898,39,200,241,237
899,39,182,223,219
900,39,190,231,227
901,39,183,219,217
902,39,183,215,214
29,40,225,243,247
30,40,207,225,229
31,40,217,236,240
32,40,209,235,236
33,40,213,239,240
34,40,204,232,233
35,40,205,233,234
36,40,200,228,229
37,40,217,245,246
38,40,202,230,231
39,40,194,224,224
40,40,195,225,225
41,40,197,227,227
42,40,211,241,241
43,40,215,245,245
44,40,200,230,230
45,40,210,242,241
46,40,173,205,204
194,40,204,230,227
195,40,198,230,225
196,40,201,241,233
197,40,192,235,226
198,40,190,236,226
199,40,193,236,227
200,40,194,234,226
201,40,190,222,217
367,40,191,202,204
368,40,220,235,238
369,40,230,245,248
370,40,208,228,229
371,40,204,228,228
372,40,205,231,230
373,40,202,231,229
374,40,211,241,239
375,40,192,222,220
376,40,202,232,230
377,40,207,237,235
378,40,197,227,225
379,40,197,229,226
380,40,205,240,236
381,40,190,226,222
382,40,203,239,235
383,40,202,241,236
384,40,185,231,221
385,40,188,231,222
386,40,203,243,235
387,40,210,245,239
388,40,198,229,224
389,40,197,226,222
543,40,187,207,206
544,40,199,239,231
545,40,201,241,233
546,40,193,230,223
547,40,201,233,228
548,40,199,228,224
549,40,220,242,240
724,40,174,200,201
725,40,204,234,234
726,40,197,231,230
727,40,193,229,227
728,40,193,229,227
729,40,198,237,234
730,40,207,246,243
731,40,205,244,241
732,40,202,241,238
733,40,190,231,227
734,40,191,232,228
735,40,184,225,221
736,40,190,229,228
737,40,194,233,232
738,40,202,238,238
739,40,203,237,238
740,40,200,231,233
741,40,201,231,233
896,40,208,242,241
897,40,188,224,222
898,40,195,234,231
899,40,194,235,231
900,40,194,235,231
901,40,189,228,225
902,40,187,219,218
29,41,199,218,222
30,41,200,221,224
31,41,209,230,233
32,41,205,237,236
33,41,192,224,223
34,41,206,238,237
35,41,216,248,247
36,41,194,226,225
37,41,195,227,226
38,41,199,231,230
39,41,200,230,230
40,41,201,231,231
41,41,205,235,235
42,41,201,229,230
43,41,199,227,228
44,41,192,220,221
45,41,194,220,221
46,41,213,239,240
194,41,203,229,226
195,41,198,230,225
196,41,201,241,233
197,41,191,237,227
198,41,192,238,228
199,41,194,240,230
200,41,193,234,226
201,41,201,233,228
367,41,194,210,210
368,41,201,221,222
369,41,200,221,222
370,41,207,231,231
371,41,195,224,222
372,41,197,227,225
373,41,207,242,238
374,41,199,234,230
375,41,198,233,229
376,41,204,239,235
377,41,208,240,237
378,41,192,224,221
379,41,204,239,235
380,41,209,244,240
381,41,195,231,227
382,41,196,235,230
383,41,198,237,232
384,41,194,237,228
385,41,180,221,213
386,41,189,229,221
387,41,195,227,222
388,41,203,232,228
389,41,211,236,233
543,41,194,212,212
544,41,198,238,230
545,41,198,238,230
546,41,199,236,229
547,41,210,245,239
548,41,193,224,219
549,41,202,228,225
723,41,187,211,213
724,41,203,231,232
725,41,209,241,240
726,41,207,241,240
727,41,206,242,240
728,41,208,247,244
729,41,191,230,227
730,41,197,236,233
731,41,196,235,232
732,41,197,236,233
733,41,192,231,228
734,41,181,220,217
735,41,172,211,208
736,41,178,212,213
737,41,184,218,219
738,41,194,225,227
739,41,194,224,226
740,41,196,224,227
741,41,202,227,231
896,41,207,237,237
897,41,193,225,224
898,41,194,228,227
899,41,196,235,232
900,41,197,236,233
901,41,191,227,225
902,41,191,223,222
28,42,191,212,215
29,42,207,228,231
30,42,207,228,231
31,42,214,235,238
32,42,196,230,229
33,42,194,228,227
34,42,195,229,228
35,42,192,226,225
36,42,205,237,236
37,42,208,240,239
38,42,195,225,225
39,42,186,216,216
40,42,208,236,237
41,42,222,248,249
42,42,186,210,212
43,42,181,205,207
44,42,184,205,208
45,42,188,207,211
194,42,205,230,227
195,42,199,231,226
196,42,200,240,232
197,42,191,237,227
198,42,192,239,229
199,42,197,243,233
200,42,193,234,226
201,42,202,237,231
202,42,203,229,226
368,42,202,226,226
369,42,207,233,232
370,42,209,238,236
371,42,203,235,232
372,42,196,231,227
373,42,194,230,226
374,42,193,232,227
375,42,193,232,227
376,42,188,224,220
377,42,199,234,230
378,42,200,235,231
379,42,210,245,241
380,42,203,238,234
381,42,187,223,219
382,42,192,231,226
383,42,205,244,239
384,42,201,242,234
385,42,201,241,233
386,42,207,242,236
387,42,210,241,236
388,42,209,234,231
543,42,196,212,212
544,42,208,248,240
545,42,199,236,229
546,42,196,233,226
547,42,211,248,241
548,42,194,226,221
549,42,199,228,224
550,42,202,227,224
551,42,192,210,210
720,42,210,229,233
721,42,218,239,242
722,42,203,227,229
723,42,205,231,232
724,42,213,241,242
725,42,188,218,218
726,42,197,229,228
727,42,202,236,235
728,42,202,238,236
729,42,196,232,230
730,42,205,241,239
731,42,205,241,239
732,42,199,233,232
733,42,194,228,227
896,42,213,237,239
897,42,208,236,237
898,42,203,235,234
899,42,206,242,240
900,42,200,239,236
901,42,197,233,231
902,42,201,233,232
24,43,187,213,214
25,43,180,206,207
26,43,189,215,216
27,43,189,213,215
28,43,204,228,230
29,43,202,226,228
30,43,222,243,246
31,43,207,228,231
32,43,198,230,229
33,43,206,238,237
34,43,210,242,241
35,43,194,224,224
36,43,184,214,214
37,43,201,231,231
38,43,208,236,237
39,43,205,231,232
40,43,199,223,225
41,43,190,211,214
194,43,206,231,228
195,43,199,231,226
196,43,199,239,231
197,43,191,234,225
198,43,192,238,228
199,43,196,242,232
200,43,186,227,219
201,43,195,230,224
202,43,204,233,229
203,43,190,210,209
367,43,206,228,226
368,43,214,243,241
369,43,206,236,234
370,43,194,229,225
371,43,197,233,229
372,43,202,241,236
373,43,201,242,236
374,43,199,240,234
375,43,192,233,227
376,43,195,234,229
377,43,197,233,229
378,43,207,242,238
379,43,198,233,229
380,43,198,233,229
381,43,195,230,226
382,43,191,227,223
383,43,194,230,226
384,43,196,233,226
385,43,212,244,239
386,43,198,229,224
387,43,207,232,229
388,43,181,201,200
543,43,195,209,210
544,43,212,249,242
545,43,199,236,229
546,43,192,229,222
547,43,204,241,234
548,43,196,231,225
549,43,206,238,233
550,43,211,237,234
551,43,196,216,215
720,43,191,217,218
721,43,204,230,231
722,43,213,239,240
723,43,197,223,224
724,43,208,236,237
725,43,191,219,220
726,43,206,236,236
727,43,203,233,233
728,43,195,227,226
729,43,201,233,232
730,43,200,232,231
731,43,203,233,233
732,43,194,222,223
733,43,179,207,208
896,43,205,226,229
897,43,204,228,230
898,43,197,227,227
899,43,206,240,239
900,43,192,231,228
901,43,195,234,231
902,43,204,236,235
23,44,191,221,221
24,44,209,239,239
25,44,205,235,235
26,44,194,222,223
27,44,213,239,240
28,44,209,233,235
29,44,199,220,223
30,44,202,223,226
31,44,203,222,226
32,44,197,223,224
33,44,207,233,234
34,44,207,233,234
35,44,198,224,225
194,44,206,231,228
195,44,199,230,225
196,44,198,238,230
197,44,191,234,225
198,44,191,237,227
199,44,195,241,231
200,44,197,238,230
201,44,199,234,228
202,44,211,240,236
203,44,184,206,204
366,44,209,234,231
367,44,190,216,213
368,44,197,232,228
369,44,193,228,224
370,44,211,250,245
371,44,196,237,231
372,44,185,228,221
373,44,189,234,227
374,44,184,229,222
375,44,210,253,246
376,44,196,237,231
377,44,198,234,230
378,44,209,244,240
379,44,195,227,224
380,44,192,224,221
381,44,218,250,247
382,44,207,239,236
383,44,209,241,238
384,44,201,232,227
385,44,188,217,213
543,44,197,211,212
544,44,202,237,231
545,44,199,236,229
546,44,197,234,227
547,44,203,240,233
548,44,195,232,225
549,44,206,238,233
550,44,208,237,233
551,44,191,213,211
720,44,218,246,247
721,44,197,225,226
722,44,210,236,237
723,44,196,222,223
724,44,210,234,236
725,44,211,235,237
726,44,214,238,240
727,44,186,210,212
899,44,203,237,236
900,44,192,231,228
901,44,196,235,232
902,44,202,236,235
20,45,216,240,242
21,45,198,226,227
22,45,203,233,233
23,45,205,237,236
24,45,186,218,217
25,45,210,242,241
26,45,195,225,225
27,45,201,229,230
28,45,177,201,203
29,45,184,205,208
30,45,185,204,208
31,45,184,202,206
32,45,190,209,213
194,45,204,229,226
195,45,199,230,225
196,45,201,238,231
197,45,192,235,226
198,45,192,238,228
199,45,198,241,232
200,45,202,243,235
201,45,191,226,220
202,45,207,236,232
366,45,202,228,227
367,45,202,231,229
368,45,202,238,234
369,45,193,232,227
370,45,195,236,230
371,45,191,236,229
372,45,191,238,230
373,45,193,240,232
374,45,188,235,227
375,45,194,237,230
376,45,191,232,226
377,45,202,238,234
378,45,204,239,235
379,45,199,231,228
380,45,181,211,209
381,45,213,243,241
382,45,202,232,230
383,45,205,235,233
384,45,192,217,214
543,45,199,213,214
544,45,201,236,232
545,45,200,235,231
546,45,200,236,232
547,45,202,241,236
548,45,196,232,228
549,45,199,234,230
550,45,203,233,231
551,45,191,215,215
719,45,193,214,217
720,45,214,244,244
721,45,188,218,218
722,45,209,235,236
723,45,204,228,230
724,45,195,216,219
899,45,191,225,224
900,45,197,238,234
901,45,193,234,230
902,45,192,226,225
20,46,216,240,242
21,46,197,225,226
22,46,202,234,233
23,46,184,218,217
24,46,211,245,244
25,46,197,231,230
26,46,210,242,241
27,46,220,248,249
194,46,203,228,225
195,46,199,230,225
196,46,203,240,233
197,46,195,236,228
198,46,195,238,229
199,46,198,241,232
200,46,206,246,238
201,46,191,226,220
202,46,213,242,238
203,46,198,223,220
366,46,193,222,220
367,46,207,237,235
368,46,189,230,224
369,46,200,241,235
370,46,188,231,224
371,46,196,243,235
372,46,196,243,235
373,46,185,235,226
374,46,202,249,241
375,46,196,241,234
376,46,193,234,228
377,46,198,234,230
378,46,195,227,224
379,46,211,241,239
380,46,210,239,237
381,46,212,241,239
382,46,208,237,235
383,46,188,217,215
543,46,200,214,215
544,46,205,240,236
545,46,202,237,233
546,46,199,235,231
547,46,199,238,233
548,46,196,235,230
549,46,198,234,230
550,46,202,232,230
551,46,189,213,213
720,46,195,227,226
721,46,194,224,224
722,46,212,238,239
723,46,209,230,233
899,46,192,228,226
900,46,193,234,230
901,46,193,234,230
902,46,204,240,238
903,46,201,229,230
20,47,199,223,225
21,47,209,239,239
22,47,206,240,239
23,47,198,234,232
24,47,193,229,227
25,47,211,245,244
26,47,180,212,211
194,47,204,229,226
195,47,199,230,225
196,47,204,241,234
197,47,196,237,229
198,47,195,238,229
199,47,197,240,231
200,47,195,235,227
201,47,190,225,219
202,47,210,241,236
203,47,215,240,237
204,47,200,220,219
205,47,229,245,245
206,47,197,211,212
366,47,209,238,236
367,47,195,227,224
368,47,194,235,229
369,47,195,238,231
370,47,194,239,232
371,47,191,238,230
372,47,187,237,228
373,47,188,238,229
374,47,193,240,232
375,47,196,241,234
376,47,196,237,231
377,47,200,236,232
378,47,198,230,227
379,47,205,235,233
380,47,199,228,226
543,47,204,218,219
544,47,201,233,230
545,47,201,236,232
546,47,200,236,232
547,47,197,236,231
548,47,195,234,229
549,47,199,235,231
550,47,202,234,231
551,47,187,211,211
720,47,194,226,225
721,47,205,235,235
722,47,207,233,234
723,47,212,233,236
899,47,203,239,237
900,47,206,247,243
901,47,199,241,237
902,47,195,231,229
903,47,204,232,233
904,47,192,210,212
19,48,177,207,207
20,48,194,228,227
21,48,199,238,235
22,48,194,235,231
23,48,198,237,234
24,48,182,216,215
25,48,206,236,236
194,48,207,229,227
195,48,198,230,225
196,48,199,239,231
197,48,193,233,225
198,48,196,233,226
199,48,198,235,228
200,48,201,238,231
201,48,191,231,223
202,48,203,244,236
203,48,196,236,228
204,48,190,222,217
205,48,210,235,232
206,48,184,200,200
366,48,200,226,223
367,48,205,231,228
368,48,190,235,228
369,48,194,239,232
370,48,191,236,229
371,48,192,237,230
372,48,199,244,237
373,48,195,240,233
374,48,185,230,223
375,48,194,237,230
376,48,199,240,234
377,48,194,230,226
378,48,200,232,229
379,48,203,232,230
380,48,196,220,220
543,48,203,217,218
544,48,206,232,229
545,48,208,237,233
546,48,199,231,226
547,48,200,240,232
548,48,197,238,230
549,48,193,236,227
550,48,199,240,232
551,48,182,217,211
716,48,206,227,230
717,48,217,245,246
718,48,200,232,231
719,48,186,218,217
720,48,200,239,236
721,48,207,243,241
722,48,196,226,226
723,48,204,228,230
899,48,197,233,231
900,48,196,235,232
901,48,200,239,236
902,48,203,239,237
903,48,196,228,227
904,48,201,230,228
905,48,219,240,241
906,48,213,228,231
907,48,193,204,208
19,49,172,202,202
20,49,198,232,231
21,49,209,248,245
22,49,200,239,236
23,49,199,235,233
24,49,211,245,244
25,49,185,213,214
26,49,197,218,221
194,49,205,230,227
195,49,199,231,226
196,49,202,242,234
197,49,198,238,230
198,49,200,240,232
199,49,205,242,235
200,49,195,232,225
201,49,190,230,222
202,49,195,236,228
203,49,193,233,225
204,49,204,239,233
205,49,212,237,234
206,49,200,216,216
366,49,209,235,232
367,49,198,227,223
368,49,193,236,229
369,49,199,242,235
370,49,193,236,229
371,49,188,233,226
372,49,193,238,231
373,49,192,237,230
374,49,202,245,238
375,49,193,234,228
376,49,198,237,232
377,49,195,230,226
378,49,202,232,230
379,49,201,227,226
380,49,199,220,221
543,49,200,216,216
544,49,205,231,228
545,49,204,235,230
546,49,194,229,223
547,49,197,237,229
548,49,196,237,229
549,49,195,238,229
550,49,204,245,237
551,49,192,227,221
716,49,208,232,234
717,49,206,234,235
718,49,212,244,243
719,49,188,222,221
720,49,204,243,240
721,49,204,238,237
722,49,195,225,225
723,49,200,224,226
899,49,192,228,226
900,49,199,238,235
901,49,185,224,221
902,49,190,226,224
903,49,200,232,231
904,49,178,207,205
19,50,192,222,222
20,50,197,231,230
21,50,202,238,236
22,50,192,228,226
23,50,182,216,215
24,50,193,223,223
25,50,192,218,219
26,50,191,210,214
194,50,205,230,227
195,50,199,231,226
196,50,201,241,233
197,50,195,236,228
198,50,197,237,229
199,50,202,239,232
200,50,194,231,224
201,50,204,244,236
202,50,200,241,233
203,50,189,230,222
204,50,212,247,241
205,50,201,227,224
206,50,193,209,209
366,50,199,228,224
367,50,204,235,230
368,50,194,235,229
369,50,189,230,224
370,50,202,243,237
371,50,196,237,231
372,50,196,237,231
373,50,198,239,233
374,50,204,243,238
375,50,204,240,236
376,50,199,234,230
377,50,196,226,224
378,50,205,231,230
379,50,184,205,206
543,50,196,212,212
544,50,204,233,231
545,50,204,234,232
546,50,195,230,226
547,50,197,236,231
548,50,196,239,232
549,50,195,238,231
550,50,203,244,238
551,50,195,230,226
552,50,204,233,231
553,50,211,231,232
554,50,205,219,222
716,50,197,221,223
717,50,192,220,221
718,50,196,228,227
719,50,196,230,229
720,50,196,232,230
721,50,193,227,226
722,50,205,233,234
723,50,221,242,245
899,50,195,229,228
900,50,200,236,234
901,50,199,235,233
902,50,206,242,240
903,50,208,240,239
904,50,192,221,219
18,51,202,230,231
19,51,201,231,231
20,51,194,228,227
21,51,191,225,224
22,51,208,242,241
23,51,202,232,232
24,51,174,200,201
25,51,206,227,230
194,51,205,230,227
195,51,196,231,225
196,51,199,239,231
197,51,192,233,225
198,51,193,233,225
199,51,198,235,228
200,51,189,226,219
201,51,207,247,239
202,51,198,239,231
203,51,179,220,212
204,51,200,237,230
205,51,188,217,213
206,51,185,203,203
363,51,200,220,219
364,51,194,219,216
365,51,203,232,228
366,51,200,231,226
367,51,200,232,227
368,51,194,233,228
369,51,193,232,227
370,51,199,238,233
371,51,197,236,231
372,51,195,234,229
373,51,196,232,228
374,51,195,230,226
375,51,192,224,221
376,51,205,235,233
377,51,202,228,227
378,51,211,232,233
543,51,204,222,222
544,51,203,233,231
545,51,203,235,232
546,51,196,232,228
547,51,199,238,233
548,51,198,241,234
549,51,196,239,232
550,51,199,240,234
551,51,196,231,227
552,51,210,239,237
553,51,206,227,228
554,51,203,218,221
716,51,214,240,241
717,51,210,240,240
718,51,204,236,235
719,51,209,243,242
720,51,195,229,228
721,51,203,233,233
722,51,217,243,244
723,51,202,221,225
896,51,198,222,224
897,51,201,227,228
898,51,185,213,214
899,51,199,231,230
900,51,186,220,219
901,51,198,234,232
902,51,205,241,239
903,51,189,221,220
904,51,202,231,229
905,51,209,233,233
906,51,209,227,229
907,51,219,233,236
17,52,195,223,224
18,52,207,237,237
19,52,195,227,226
20,52,217,249,248
21,52,204,236,235
22,52,205,235,235
32,52,197,200,209
194,52,203,229,226
195,52,197,232,226
196,52,200,241,233
197,52,195,236,228
198,52,197,237,229
199,52,202,239,232
200,52,197,234,227
201,52,205,246,238
202,52,197,240,231
203,52,186,229,220
204,52,204,241,234
205,52,207,236,232
206,52,215,235,234
362,52,186,204,206
363,52,207,231,231
364,52,194,223,221
365,52,214,244,242
366,52,201,236,232
367,52,196,231,227
368,52,193,229,225
369,52,207,243,239
370,52,192,228,224
371,52,197,233,229
372,52,200,235,231
373,52,205,237,234
374,52,213,243,241
375,52,204,233,231
376,52,202,226,226
377,52,205,226,227
378,52,212,230,232
543,52,189,209,208
544,52,201,233,230
545,52,199,234,230
546,52,195,231,227
547,52,197,238,232
548,52,199,242,235
549,52,196,239,232
550,52,198,239,233
551,52,201,237,233
552,52,202,232,230
553,52,201,225,225
554,52,195,213,215
716,52,202,230,231
717,52,195,227,226
718,52,206,238,237
719,52,195,229,228
720,52,198,228,228
721,52,201,229,230
722,52,201,225,227
899,52,195,225,225
900,52,202,234,233
901,52,207,241,240
902,52,205,239,238
903,52,194,226,225
904,52,205,234,232
905,52,215,239,239
906,52,195,215,216
907,52,213,227,230
15,53,202,213,219
16,53,191,223,222
17,53,194,226,225
18,53,203,235,234
19,53,196,228,227
20,53,202,234,233
21,53,194,224,224
22,53,211,237,238
194,53,202,231,227
195,53,196,233,226
196,53,200,241,233
197,53,195,236,228
198,53,198,238,230
199,53,203,240,233
200,53,196,236,228
201,53,192,233,225
202,53,188,231,222
203,53,191,234,225
204,53,198,238,230
205,53,201,232,227
206,53,211,233,231
207,53,218,234,234
362,53,183,204,205
363,53,208,234,233
364,53,198,228,226
365,53,199,234,230
366,53,200,236,232
367,53,194,233,228
368,53,205,241,237
369,53,197,233,229
370,53,205,240,236
371,53,197,232,228
372,53,190,222,219
373,53,196,226,224
374,53,195,224,222
375,53,213,237,237
376,53,201,221,222
378,53,188,202,205
544,53,205,239,238
545,53,200,236,234
546,53,193,232,229
547,53,194,235,231
548,53,197,239,235
549,53,193,235,231
550,53,195,236,232
551,53,206,242,240
552,53,201,231,231
553,53,216,240,242
554,53,201,220,224
716,53,196,228,227
717,53,215,247,246
718,53,194,226,225
720,53,182,210,211
899,53,199,227,228
900,53,200,232,231
901,53,198,232,231
902,53,198,232,231
903,53,204,238,237
904,53,201,231,229
905,53,207,233,232
906,53,211,231,232
907,53,219,234,237
15,54,205,220,225
16,54,202,236,235
17,54,195,229,228
18,54,202,236,235
19,54,200,234,233
20,54,203,233,233
21,54,209,237,238
22,54,206,227,230
29,54,205,209,218
30,54,198,205,213
194,54,202,231,227
195,54,195,232,225
196,54,199,240,232
197,54,193,234,226
198,54,195,235,227
199,54,200,237,230
200,54,200,240,232
201,54,197,238,230
202,54,192,238,228
203,54,194,240,230
204,54,197,238,230
205,54,196,228,223
206,54,202,227,224
207,54,211,231,230
361,54,187,206,210
362,54,198,222,224
363,54,208,236,237
364,54,202,234,233
365,54,205,241,239
366,54,204,243,240
367,54,187,228,224
368,54,204,240,236
369,54,183,219,215
370,54,210,245,241
371,54,205,237,234
372,54,206,236,234
373,54,210,239,237
374,54,213,237,237
375,54,194,215,216
542,54,189,211,209
543,54,203,228,225
544,54,206,242,240
545,54,199,238,235
546,54,194,233,230
547,54,194,235,231
548,54,197,239,235
549,54,193,235,231
550,54,193,234,230
551,54,208,244,242
552,54,185,217,216
553,54,197,225,226
554,54,190,211,214
715,54,213,245,244
716,54,195,229,228
717,54,187,219,218
899,54,213,237,239
900,54,199,229,229
901,54,203,237,236
902,54,201,235,234
903,54,203,237,236
904,54,199,231,228
905,54,200,226,225
906,54,212,233,234
907,54,197,215,217
15,55,210,228,232
16,55,202,241,238
17,55,193,232,229
18,55,190,226,224
19,55,198,232,231
20,55,207,237,237
21,55,193,219,220
194,55,200,231,226
195,55,193,233,225
196,55,199,242,233
197,55,193,236,227
198,55,197,237,229
199,55,201,238,231
200,55,194,234,226
201,55,200,241,233
202,55,192,238,228
203,55,187,233,223
204,55,193,236,227
205,55,199,234,228
206,55,213,239,236
207,55,208,230,228
361,55,207,228,231
362,55,214,240,241
363,55,200,232,231
364,55,187,223,221
365,55,197,236,233
366,55,195,236,232
367,55,197,239,235
368,55,205,241,237
369,55,207,243,239
370,55,192,227,223
371,55,193,225,222
372,55,206,236,234
373,55,193,219,218
374,55,211,232,233
541,55,189,209,208
542,55,212,237,234
543,55,212,238,235
544,55,199,238,235
545,55,195,234,231
546,55,193,234,230
547,55,196,237,233
548,55,201,243,239
549,55,197,239,235
550,55,195,236,232
551,55,210,249,246
552,55,204,238,237
553,55,201,231,231
554,55,210,234,236
713,55,173,201,202
714,55,185,217,216
715,55,203,237,236
716,55,193,227,226
717,55,208,240,239
718,55,179,209,209
899,55,213,237,239
900,55,193,221,222
901,55,205,239,238
902,55,200,236,234
903,55,196,230,229
904,55,203,235,232
905,55,207,236,234
906,55,209,233,233
907,55,211,231,232
15,56,206,227,230
16,56,200,241,237
17,56,194,235,231
18,56,189,228,225
19,56,195,229,228
20,56,202,232,232
21,56,194,218,220
194,56,201,232,227
195,56,193,233,225
196,56,199,242,233
197,56,195,236,228
198,56,197,237,229
199,56,199,236,229
200,56,198,235,228
201,56,196,237,229
202,56,192,238,228
203,56,190,237,227
204,56,193,236,227
205,56,199,236,229
206,56,203,232,228
207,56,203,228,225
361,56,183,207,209
362,56,199,229,229
363,56,201,235,234
364,56,195,231,229
365,56,203,244,240
366,56,199,241,237
367,56,201,243,239
368,56,204,243,238
369,56,206,242,238
370,56,197,232,228
371,56,196,228,225
372,56,216,245,243
373,56,204,228,228
374,56,201,221,222
542,56,204,230,227
543,56,194,223,219
544,56,184,225,221
545,56,193,234,230
546,56,199,240,236
547,56,198,239,235
548,56,195,236,232
549,56,194,235,231
550,56,195,236,232
551,56,196,235,232
552,56,195,231,229
553,56,201,233,232
554,56,215,241,242
555,56,209,230,233
711,56,221,236,241
712,56,222,248,249
713,56,187,219,218
714,56,189,225,223
715,56,211,250,247
716,56,196,232,230
717,56,206,238,237
718,56,221,249,250
719,56,214,240,241
899,56,210,231,234
900,56,201,229,230
901,56,204,238,237
902,56,206,242,240
903,56,202,238,236
904,56,197,232,228
905,56,200,230,228
906,56,204,230,229
907,56,207,228,229
908,56,223,241,243
15,57,201,225,227
16,57,209,251,247
17,57,193,234,230
18,57,195,234,231
19,57,206,240,239
20,57,203,233,233
21,57,189,213,215
194,57,201,232,227
195,57,193,233,225
196,57,199,242,233
197,57,195,236,228
198,57,197,237,229
199,57,199,236,229
200,57,199,236,229
201,57,195,236,228
202,57,192,238,228
203,57,192,239,229
204,57,192,238,228
205,57,196,233,226
206,57,201,232,227
207,57,208,233,230
361,57,188,216,217
362,57,197,229,228
363,57,204,238,237
364,57,192,231,228
365,57,198,239,235
366,57,190,232,228
367,57,199,244,239
368,57,190,229,224
369,57,200,239,234
370,57,195,230,226
371,57,202,234,231
372,57,214,243,241
373,57,211,235,235
374,57,225,245,246
542,57,207,233,230
543,57,203,234,229
544,57,194,235,231
545,57,203,244,240
546,57,203,244,240
547,57,194,235,231
548,57,191,232,228
549,57,196,237,233
550,57,197,238,234
551,57,192,231,228
552,57,193,229,227
553,57,200,234,233
554,57,201,231,231
555,57,202,226,228
711,57,209,228,232
712,57,194,222,223
713,57,185,221,219
714,57,198,239,235
715,57,213,254,250
716,57,200,236,234
717,57,190,220,220
718,57,186,212,213
719,57,208,229,232
899,57,211,232,235
900,57,200,228,229
901,57,199,233,232
902,57,196,235,232
903,57,191,230,227
904,57,202,238,234
905,57,202,234,231
906,57,206,235,233
907,57,195,219,219
908,57,204,224,225
15,58,200,228,229
16,58,198,240,236
17,58,186,227,223
18,58,197,236,233
19,58,204,238,237
20,58,202,232,232
21,58,196,220,222
194,58,200,232,227
195,58,193,233,225
196,58,200,241,233
197,58,195,236,228
198,58,199,236,229
199,58,200,235,229
200,58,200,237,230
201,58,194,235,227
202,58,191,237,227
203,58,193,240,230
204,58,192,238,228
205,58,191,231,223
206,58,200,231,226
207,58,211,237,234
361,58,202,232,232
362,58,203,235,234
363,58,197,233,231
364,58,183,222,219
365,58,197,238,234
366,58,192,234,230
367,58,199,241,237
368,58,193,233,225
369,58,200,240,232
370,58,193,228,222
371,58,187,218,213
541,58,180,202,200
542,58,206,235,231
543,58,207,238,233
544,58,198,240,236
545,58,201,243,239
546,58,199,240,236
547,58,193,234,230
548,58,193,234,230
549,58,198,239,235
550,58,198,239,235
551,58,194,235,231
552,58,199,238,235
553,58,212,248,246
554,58,202,234,233
555,58,202,230,231
711,58,196,220,222
712,58,184,216,215
713,58,182,223,219
714,58,194,236,232
715,58,194,235,231
716,58,189,225,223
717,58,202,230,231
718,58,204,225,228
719,58,225,243,247
899,58,213,234,237
900,58,202,230,231
901,58,200,234,233
902,58,197,236,233
903,58,193,234,230
904,58,199,238,233
905,58,197,232,228
906,58,213,243,241
907,58,211,237,236
908,58,221,242,243
15,59,203,233,233
16,59,196,238,234
17,59,188,229,225
18,59,199,238,235
19,59,196,230,229
20,59,198,228,228
21,59,196,220,222
194,59,200,232,227
195,59,193,233,225
196,59,200,241,233
197,59,195,236,228
198,59,199,236,229
199,59,200,235,229
200,59,200,235,229
201,59,195,235,227
202,59,193,236,227
203,59,192,239,229
204,59,192,238,228
205,59,193,233,225
206,59,200,232,227
207,59,207,236,232
208,59,206,227,230
209,59,183,202,206
210,59,188,203,208
361,59,189,219,219
362,59,192,226,225
363,59,198,234,232
364,59,195,234,231
365,59,204,245,241
366,59,196,238,234
367,59,184,226,222
368,59,201,241,233
369,59,199,236,229
370,59,195,227,222
542,59,203,232,228
543,59,203,234,229
544,59,198,241,234
545,59,192,235,228
546,59,193,234,228
547,59,199,238,233
548,59,201,240,235
549,59,197,236,231
550,59,195,234,229
551,59,197,238,232
552,59,190,231,225
553,59,203,242,237
554,59,193,229,225
555,59,195,225,223
711,59,175,201,202
713,59,164,206,202
714,59,187,232,227
715,59,197,239,235
716,59,200,234,233
717,59,214,240,241
718,59,202,221,225
719,59,204,217,223
899,59,212,233,236
900,59,201,231,231
901,59,200,236,234
902,59,199,240,236
903,59,197,239,235
904,59,202,243,237
905,59,191,227,223
906,59,195,227,224
907,59,196,225,223
908,59,203,224,225
14,60,175,205,205
15,60,198,230,229
16,60,194,235,231
17,60,188,229,225
18,60,196,235,232
19,60,198,232,231
20,60,208,238,238
21,60,207,231,233
22,60,194,212,216
23,60,203,214,220
24,60,208,212,221
194,60,201,232,227
195,60,193,233,225
196,60,200,241,233
197,60,196,236,228
198,60,200,235,229
199,60,202,234,229
200,60,199,234,228
201,60,196,236,228
202,60,194,237,228
203,60,190,237,227
204,60,191,237,227
205,60,196,236,228
206,60,201,233,228
207,60,202,231,227
358,60,201,222,225
359,60,198,224,225
360,60,190,220,220
361,60,215,247,246
362,60,195,229,228
363,60,200,236,234
364,60,203,242,239
365,60,196,237,233
366,60,199,240,236
367,60,189,230,226
368,60,199,236,229
369,60,195,230,224
370,60,205,236,231
542,60,200,229,225
543,60,202,233,228
544,60,198,241,234
545,60,193,236,229
546,60,195,236,230
547,60,201,240,235
548,60,200,239,234
549,60,194,233,228
550,60,192,231,226
551,60,195,236,230
552,60,202,243,237
553,60,201,242,236
554,60,197,236,231
555,60,200,232,229
711,60,197,225,226
712,60,188,227,224
713,60,196,241,236
714,60,189,236,230
715,60,193,235,231
716,60,204,238,237
717,60,209,233,235
718,60,200,215,220
719,60,217,226,233
899,60,211,232,235
900,60,199,229,229
901,60,195,234,231
902,60,194,236,232
903,60,189,234,229
904,60,200,243,236
905,60,197,236,231
906,60,201,236,232
907,60,214,243,241
908,60,205,229,229
14,61,185,217,216
15,61,198,232,231
16,61,198,239,235
17,61,199,238,235
18,61,201,237,235
19,61,193,227,226
20,61,202,232,232
21,61,195,219,221
22,61,210,228,232
23,61,190,201,207
194,61,201,232,227
195,61,195,232,225
196,61,201,241,233
197,61,196,236,228
198,61,200,235,229
199,61,202,234,229
200,61,201,233,228
201,61,199,236,229
202,61,194,237,228
203,61,191,237,227
204,61,191,237,227
205,61,198,238,230
206,61,202,234,229
207,61,200,229,225
358,61,210,234,234
359,61,202,231,229
360,61,200,230,228
361,61,196,231,227
362,61,194,230,226
363,61,200,236,232
364,61,203,242,237
365,61,194,233,228
366,61,199,240,234
367,61,192,233,227
368,61,195,227,222
369,61,195,226,221
370,61,202,231,227
541,61,180,202,200
542,61,202,231,227
543,61,203,234,229
544,61,195,238,231
545,61,199,240,234
546,61,200,239,234
547,61,196,235,230
548,61,197,233,229
549,61,199,235,231
550,61,198,237,232
551,61,195,236,230
552,61,198,241,234
553,61,189,232,225
554,61,194,235,229
555,61,204,239,235
711,61,206,236,236
712,61,202,243,239
713,61,173,220,214
714,61,186,233,227
715,61,198,240,236
716,61,190,224,223
717,61,212,233,236
899,61,211,235,237
900,61,199,231,230
901,61,196,235,232
902,61,192,234,230
903,61,184,229,224
904,61,197,242,235
905,61,198,239,233
906,61,192,228,224
907,61,208,238,236
908,61,196,222,221
10,62,212,226,229
11,62,197,215,219
12,62,211,235,237
13,62,204,234,234
14,62,194,228,227
15,62,193,229,227
16,62,198,237,234
17,62,202,241,238
18,62,204,240,238
19,62,199,233,232
20,62,209,239,239
21,62,207,233,234
22,62,210,229,233
194,62,201,232,227
195,62,195,232,225
196,62,201,241,233
197,62,198,235,228
198,62,200,235,229
199,62,202,234,229
200,62,202,234,229
201,62,199,236,229
202,62,195,238,229
203,62,193,239,229
204,62,193,239,229
205,62,196,236,228
206,62,202,234,229
207,62,205,234,230
208,62,209,235,234
209,62,202,226,226
210,62,197,217,218
357,62,186,207,208
358,62,200,226,225
359,62,205,234,232
360,62,199,231,228
361,62,200,235,231
362,62,203,239,235
363,62,195,231,227
364,62,191,230,225
365,62,192,231,226
366,62,196,235,230
367,62,200,239,234
368,62,209,240,235
369,62,215,244,240
370,62,183,208,205
541,62,181,203,201
542,62,202,231,227
543,62,204,235,230
544,62,193,236,227
545,62,199,240,232
546,62,199,239,231
547,62,196,233,226
548,62,196,233,226
549,62,201,238,231
550,62,201,241,233
551,62,196,237,229
552,62,203,246,237
553,62,196,239,230
554,62,190,231,223
555,62,201,238,231
711,62,185,217,216
712,62,186,228,224
713,62,196,243,237
714,62,197,246,240
715,62,170,212,208
716,62,187,219,218
717,62,203,222,226
899,62,210,234,236
900,62,200,232,231
901,62,199,240,236
902,62,194,239,234
903,62,185,232,226
904,62,189,234,227
905,62,196,237,231
906,62,194,230,226
907,62,209,239,237
908,62,207,233,232
10,63,219,233,236
11,63,213,231,235
12,63,205,229,231
13,63,195,225,225
14,63,195,229,228
15,63,206,242,240
16,63,197,236,233
17,63,190,229,226
18,63,191,227,225
19,63,198,232,231
20,63,204,234,234
21,63,204,230,231
22,63,203,222,226
194,63,201,232,227
195,63,195,232,225
196,63,201,241,233
197,63,198,235,228
198,63,200,235,229
199,63,203,234,229
200,63,204,236,231
201,63,198,235,228
202,63,194,237,228
203,63,195,241,231
204,63,194,240,230
205,63,194,234,226
206,63,202,234,229
207,63,211,240,236
208,63,203,229,228
209,63,208,232,232
210,63,206,226,227
357,63,214,235,236
358,63,208,234,233
359,63,201,230,228
360,63,203,235,232
361,63,197,232,228
362,63,198,234,230
363,63,198,234,230
364,63,198,237,232
365,63,197,236,231
366,63,182,221,216
367,63,196,235,230
368,63,192,221,217
369,63,201,230,226
542,63,197,226,222
543,63,206,237,232
544,63,196,239,230
545,63,195,236,228
546,63,196,236,228
547,63,200,237,230
548,63,200,237,230
549,63,198,235,228
550,63,195,235,227
551,63,195,236,228
552,63,198,241,232
553,63,199,245,235
554,63,185,228,219
555,63,202,242,234
556,63,189,220,215
711,63,222,254,253
712,63,194,236,232
713,63,182,231,225
714,63,191,240,234
899,63,208,232,234
900,63,196,228,227
901,63,198,239,235
902,63,195,240,235
903,63,184,231,225
904,63,196,241,234
905,63,201,244,237
906,63,197,233,229
907,63,200,232,229
908,63,214,240,239
909,63,192,213,214
10,64,192,218,217
11,64,191,220,218
12,64,204,234,234
13,64,204,234,234
14,64,200,230,230
15,64,194,224,224
16,64,186,239,231
17,64,192,241,235
18,64,181,223,219
19,64,175,209,208
20,64,179,205,206
22,64,215,226,232
194,64,200,232,227
195,64,191,234,225
196,64,196,243,233
197,64,191,238,228
198,64,196,237,229
199,64,200,235,229
200,64,202,234,229
201,64,200,235,229
202,64,197,237,229
203,64,195,238,229
204,64,193,239,229
205,64,195,238,229
206,64,195,236,228
207,64,194,234,226
208,64,192,224,223
209,64,202,230,231
210,64,202,226,228
357,64,198,228,228
358,64,205,239,238
359,64,195,234,231
360,64,196,237,233
361,64,193,234,230
362,64,197,238,234
363,64,197,233,231
364,64,201,233,232
365,64,197,227,227
366,64,202,228,229
367,64,210,236,237
368,64,217,231,232
369,64,215,229,230
542,64,199,223,223
543,64,212,238,237
544,64,197,238,234
545,64,196,237,233
546,64,197,236,233
547,64,197,236,233
548,64,197,236,233
549,64,196,235,232
550,64,193,234,230
551,64,191,233,229
552,64,198,240,236
553,64,195,237,233
554,64,192,234,230
555,64,207,246,243
556,64,210,246,244
557,64,194,226,225
558,64,211,239,240
711,64,206,236,238
712,64,193,221,224
713,64,204,228,232
714,64,209,228,232
899,64,202,226,228
900,64,201,231,231
901,64,198,237,234
902,64,199,241,237
903,64,187,232,227
904,64,192,234,230
905,64,201,242,238
906,64,200,239,236
907,64,199,233,232
908,64,204,236,235
909,64,206,236,236
910,64,203,231,232
911,64,203,231,232
912,64,183,203,202
10,65,210,236,235
11,65,206,236,234
12,65,212,242,242
13,65,206,238,237
14,65,204,236,235
15,65,204,234,234
16,65,194,245,238
17,65,185,232,226
22,65,199,210,216
194,65,200,232,227
195,65,191,234,225
196,65,196,243,233
197,65,191,238,228
198,65,196,237,229
199,65,200,235,229
200,65,203,235,230
201,65,201,236,230
202,65,197,237,229
203,65,195,238,229
204,65,193,239,229
205,65,195,238,229
206,65,196,237,229
207,65,197,237,229
208,65,198,230,229
209,65,214,242,243
210,65,214,238,240
357,65,209,239,239
358,65,195,231,229
359,65,197,236,233
360,65,196,237,233
361,65,195,236,232
362,65,197,238,234
363,65,195,231,229
364,65,199,231,230
365,65,203,233,233
366,65,210,236,237
367,65,199,223,225
368,65,205,219,220
369,65,213,227,228
541,65,184,205,206
542,65,207,233,232
543,65,202,228,227
544,65,197,238,234
545,65,197,238,234
546,65,198,237,234
547,65,197,236,233
548,65,197,236,233
549,65,196,235,232
550,65,195,236,232
551,65,195,236,232
552,65,198,240,236
553,65,197,239,235
554,65,190,232,228
555,65,193,232,229
556,65,196,232,230
557,65,199,231,230
558,65,201,229,230
711,65,186,216,218
712,65,212,240,243
713,65,210,234,238
714,65,207,226,230
899,65,206,230,232
900,65,201,231,231
901,65,196,232,230
902,65,201,243,239
903,65,189,234,229
904,65,197,239,235
905,65,200,241,237
906,65,197,236,233
907,65,195,229,228
908,65,199,231,230
909,65,202,232,232
910,65,201,229,230
911,65,199,227,228
912,65,185,205,204
10,66,208,234,233
11,66,200,230,228
12,66,198,230,229
13,66,187,221,220
14,66,188,222,221
15,66,191,225,224
16,66,189,238,232
17,66,203,250,244
18,66,184,225,221
194,66,200,232,227
195,66,191,234,225
196,66,196,243,233
197,66,191,238,228
198,66,196,237,229
199,66,200,235,229
200,66,204,236,231
201,66,201,236,230
202,66,197,237,229
203,66,195,238,229
204,66,193,239,229
205,66,195,238,229
206,66,198,239,231
207,66,199,239,231
208,66,188,220,219
209,66,198,226,227
210,66,201,225,227
357,66,209,239,239
358,66,191,227,225
359,66,197,238,234
360,66,193,235,231
361,66,195,236,232
362,66,198,239,235
363,66,198,234,232
364,66,200,232,231
365,66,204,232,233
366,66,202,228,229
542,66,210,236,235
543,66,207,236,234
544,66,196,237,233
545,66,197,238,234
546,66,198,237,234
547,66,198,237,234
548,66,197,236,233
549,66,197,236,233
550,66,197,238,234
551,66,198,239,235
552,66,192,234,230
553,66,196,238,234
554,66,194,236,232
555,66,195,236,232
556,66,199,235,233
557,66,211,243,242
558,66,202,232,232
559,66,172,200,201
711,66,200,231,233
712,66,202,232,234
713,66,203,228,232
714,66,208,227,231
899,66,206,230,232
900,66,194,224,224
901,66,199,235,233
902,66,200,242,238
903,66,193,235,231
904,66,195,237,233
905,66,194,235,231
906,66,195,234,231
907,66,197,231,230
908,66,201,233,232
909,66,207,237,237
910,66,208,238,238
911,66,205,233,234
912,66,188,210,208
10,67,195,224,222
11,67,197,229,226
12,67,213,247,246
13,67,213,249,247
14,67,204,243,240
15,67,194,233,230
16,67,190,237,231
17,67,196,238,234
18,67,195,231,229
19,67,196,226,226
20,67,211,232,235
21,67,230,243,249
194,67,200,232,227
195,67,192,233,225
196,67,196,243,233
197,67,192,238,228
198,67,196,237,229
199,67,200,235,229
200,67,203,235,230
201,67,200,235,229
202,67,197,237,229
203,67,195,238,229
204,67,193,239,229
205,67,195,238,229
206,67,197,238,230
207,67,200,240,232
208,67,214,246,243
209,67,208,238,236
210,67,209,233,233
357,67,204,236,235
358,67,207,243,241
359,67,191,232,228
360,67,193,235,231
361,67,193,235,231
362,67,196,237,233
363,67,197,233,231
364,67,201,233,232
365,67,199,227,228
366,67,199,225,226
541,67,176,202,201
542,67,197,226,224
543,67,202,232,230
544,67,195,236,232
545,67,197,238,234
546,67,199,238,235
547,67,198,237,234
548,67,196,235,232
549,67,196,235,232
550,67,198,237,234
551,67,199,240,236
552,67,196,238,234
553,67,196,238,234
554,67,198,240,236
555,67,201,242,238
556,67,199,235,233
557,67,203,235,234
558,67,199,229,229
710,67,188,219,221
711,67,200,231,233
712,67,193,223,225
713,67,201,226,230
714,67,218,237,241
899,67,205,229,231
900,67,189,219,219
901,67,196,232,230
902,67,189,230,226
903,67,203,245,241
904,67,195,237,233
905,67,193,234,230
906,67,197,236,233
907,67,199,235,233
908,67,198,230,229
909,67,201,233,232
910,67,202,232,232
911,67,195,225,225
912,67,186,208,206
10,68,207,236,234
11,68,202,234,231
12,68,200,236,232
13,68,191,232,228
14,68,194,235,231
15,68,197,239,235
16,68,190,235,230
17,68,190,231,227
18,68,202,236,235
19,68,206,232,233
20,68,211,230,234
21,68,201,212,218
194,68,200,232,227
195,68,192,233,225
196,68,196,243,233
197,68,192,238,228
198,68,196,237,229
199,68,200,235,229
200,68,203,235,230
201,68,199,234,228
202,68,197,237,229
203,68,196,239,230
204,68,193,239,229
205,68,194,237,228
206,68,195,236,228
207,68,199,239,231
208,68,204,236,233
209,68,197,227,225
210,68,202,228,227
357,68,203,235,234
358,68,193,232,229
359,68,191,232,228
360,68,195,237,233
361,68,193,235,231
362,68,197,236,233
363,68,195,231,229
364,68,203,235,234
365,68,202,230,231
366,68,220,244,246
539,68,204,222,224
540,68,181,205,205
541,68,207,236,234
542,68,200,232,229
543,68,202,237,233
544,68,195,236,232
545,68,197,238,234
546,68,199,238,235
547,68,197,236,233
548,68,196,235,232
549,68,195,234,231
550,68,197,236,233
551,68,198,239,235
552,68,197,239,235
553,68,194,236,232
554,68,197,239,235
555,68,196,237,233
556,68,197,233,231
557,68,198,230,229
558,68,209,239,239
710,68,192,226,227
711,68,201,235,236
712,68,199,230,232
713,68,204,229,233
714,68,218,239,242
899,68,193,214,217
900,68,201,231,231
901,68,199,235,233
902,68,184,225,221
903,68,202,244,240
904,68,195,237,233
905,68,195,236,232
906,68,200,239,236
907,68,203,239,237
908,68,199,233,232
909,68,202,234,233
910,68,205,235,235
911,68,201,231,231
912,68,183,208,205
10,69,204,233,231
11,69,198,233,229
12,69,202,241,236
13,69,194,237,230
14,69,187,232,227
15,69,180,227,221
16,69,200,241,237
17,69,198,234,232
18,69,186,218,217
194,69,201,232,227
195,69,192,233,225
196,69,197,243,233
197,69,192,238,228
198,69,196,237,229
199,69,200,235,229
200,69,202,234,229
201,69,199,234,228
202,69,197,237,229
203,69,197,240,231
204,69,193,239,229
205,69,193,236,227
206,69,195,236,228
207,69,199,239,231
208,69,206,241,237
209,69,207,237,235
210,69,206,232,231
358,69,193,232,229
359,69,204,246,242
360,69,190,232,228
361,69,194,236,232
362,69,201,240,237
363,69,200,234,233
364,69,208,238,238
365,69,204,230,231
366,69,211,235,237
539,69,218,238,239
540,69,196,222,221
541,69,206,236,234
542,69,197,232,228
543,69,199,235,231
544,69,196,237,233
545,69,196,237,233
546,69,198,237,234
547,69,197,236,233
548,69,198,234,232
549,69,195,234,231
550,69,196,235,232
551,69,196,237,233
552,69,192,234,230
553,69,194,236,232
554,69,197,239,235
555,69,193,234,230
556,69,201,237,235
557,69,201,235,234
558,69,212,242,242
709,69,171,203,202
710,69,198,234,234
711,69,200,236,236
712,69,201,232,234
713,69,200,228,231
714,69,214,235,238
901,69,197,233,231
902,69,199,240,236
903,69,193,235,231
904,69,193,235,231
905,69,195,236,232
906,69,199,238,235
907,69,202,238,236
908,69,201,235,234
909,69,205,237,236
910,69,211,243,242
911,69,212,244,243
912,69,181,207,204
10,70,206,235,233
11,70,201,236,232
12,70,202,243,237
13,70,194,239,232
14,70,194,241,233
15,70,194,244,235
16,70,203,239,237
17,70,193,227,226
194,70,201,232,227
195,70,192,233,225
196,70,197,243,233
197,70,192,238,228
198,70,197,237,229
199,70,200,235,229
200,70,203,235,230
201,70,201,233,228
202,70,197,237,229
203,70,196,239,230
204,70,193,239,229
205,70,193,236,227
206,70,196,237,229
207,70,202,242,234
208,70,197,232,226
209,70,201,233,228
210,70,199,225,222
358,70,199,240,236
359,70,192,234,230
360,70,188,230,226
361,70,196,237,233
362,70,204,243,240
363,70,200,234,233
364,70,204,234,234
365,70,188,214,215
539,70,213,234,235
540,70,198,227,225
541,70,207,239,236
542,70,199,235,231
543,70,198,237,232
544,70,196,237,233
545,70,196,237,233
546,70,197,236,233
547,70,197,236,233
548,70,199,235,233
549,70,199,235,233
550,70,196,235,232
551,70,195,236,232
552,70,194,235,231
553,70,197,239,235
554,70,199,241,237
555,70,193,234,230
556,70,199,235,233
557,70,196,230,229
558,70,195,227,226
559,70,170,200,200
707,70,188,212,214
708,70,202,232,232
709,70,201,235,234
710,70,195,234,233
711,70,197,233,233
712,70,199,233,234
713,70,202,230,233
714,70,217,238,241
901,70,188,224,222
902,70,204,245,241
903,70,196,238,234
904,70,194,236,232
905,70,197,238,234
906,70,196,235,232
907,70,196,232,230
908,70,196,232,230
909,70,196,230,229
910,70,196,230,229
911,70,199,233,232
912,70,209,235,232
913,70,201,226,223
10,71,205,234,232
11,71,198,233,229
12,71,198,239,233
13,71,191,236,229
14,71,192,239,231
15,71,191,241,232
16,71,204,238,237
17,71,205,235,235
18,71,174,200,201
194,71,201,232,227
195,71,193,233,225
196,71,197,243,233
197,71,192,238,228
198,71,197,237,229
199,71,200,235,229
200,71,204,236,231
201,71,201,233,228
202,71,198,235,228
203,71,196,239,230
204,71,193,239,229
205,71,193,236,227
206,71,198,239,231
207,71,205,245,237
208,71,195,232,225
209,71,200,232,227
210,71,203,232,228
211,71,205,227,225
357,71,184,220,218
358,71,191,232,228
359,71,199,241,237
360,71,194,236,232
361,71,199,240,236
362,71,202,238,236
363,71,196,228,227
364,71,194,222,223
539,71,209,233,233
540,71,199,229,227
541,71,202,237,233
542,71,194,233,228
543,71,195,236,230
544,71,196,237,233
545,71,195,236,232
546,71,197,236,233
547,71,199,235,233
548,71,200,236,234
549,71,200,236,234
550,71,197,236,233
551,71,196,235,232
552,71,195,236,232
553,71,195,237,233
554,71,195,237,233
555,71,193,234,230
556,71,199,238,235
557,71,200,234,233
558,71,200,232,231
559,71,226,255,255
560,71,190,201,207
706,71,197,215,217
707,71,202,228,229
708,71,204,236,235
709,71,207,243,241
710,71,193,232,231
711,71,203,242,241
712,71,201,235,236
713,71,201,231,233
714,71,215,236,239
900,71,191,221,221
901,71,201,237,235
902,71,189,230,226
903,71,198,240,236
904,71,193,235,231
905,71,197,239,235
906,71,196,237,233
907,71,197,236,233
908,71,203,239,237
909,71,201,237,235
910,71,198,232,231
911,71,201,235,234
912,71,207,236,232
913,71,216,242,239
10,72,206,235,233
11,72,199,234,230
12,72,194,235,229
13,72,197,242,235
14,72,185,232,224
15,72,189,239,230
16,72,192,222,222
17,72,196,224,225
18,72,185,206,209
194,72,205,234,230
195,72,194,234,226
196,72,195,241,231
197,72,196,239,230
198,72,195,235,227
199,72,202,237,231
200,72,204,235,230
201,72,201,233,228
202,72,201,238,231
203,72,194,237,228
204,72,194,240,230
205,72,194,237,228
206,72,189,230,222
207,72,207,247,239
208,72,193,230,223
209,72,197,232,226
210,72,206,235,231
211,72,221,243,241
212,72,216,234,234
353,72,201,220,224
354,72,218,242,244
355,72,176,204,205
356,72,201,233,232
357,72,204,240,238
358,72,191,232,228
359,72,200,242,238
360,72,197,239,235
361,72,195,236,232
362,72,198,234,232
363,72,206,238,237
364,72,200,226,227
539,72,212,236,236
540,72,201,231,229
541,72,199,235,231
542,72,196,237,231
543,72,194,237,230
544,72,196,237,233
545,72,196,237,233
546,72,197,236,233
547,72,199,235,233
548,72,199,235,233
549,72,199,235,233
550,72,199,235,233
551,72,197,236,233
552,72,197,238,234
553,72,198,239,235
554,72,190,231,227
555,72,204,245,241
556,72,196,235,232
557,72,191,227,225
558,72,205,239,238
559,72,173,205,204
706,72,197,217,218
707,72,201,227,228
708,72,202,234,233
709,72,191,230,227
710,72,194,234,233
711,72,196,235,234
712,72,198,234,234
713,72,197,227,229
714,72,214,238,240
899,72,197,218,221
900,72,198,228,228
901,72,199,235,233
902,72,198,239,235
903,72,197,239,235
904,72,194,236,232
905,72,194,236,232
906,72,196,237,233
907,72,198,237,234
908,72,199,238,235
909,72,200,236,234
910,72,199,235,233
911,72,198,234,232
912,72,199,230,225
913,72,207,236,232
10,73,203,229,228
11,73,202,234,231
12,73,205,244,239
13,73,187,230,223
14,73,204,249,242
15,73,205,250,243
16,73,213,241,242
17,73,201,225,227
194,73,201,230,226
195,73,189,229,221
196,73,198,241,232
197,73,191,234,225
198,73,194,234,226
199,73,202,234,229
200,73,204,235,230
201,73,202,234,229
202,73,201,238,231
203,73,194,237,228
204,73,194,240,230
205,73,195,238,229
206,73,190,231,223
207,73,203,243,235
208,73,199,236,229
209,73,202,237,231
210,73,199,230,225
211,73,194,219,216
212,73,218,236,236
353,73,206,227,230
354,73,211,235,237
355,73,194,222,223
356,73,219,253,252
357,73,190,229,226
358,73,197,238,234
359,73,196,238,234
360,73,197,238,234
361,73,197,236,233
362,73,196,230,229
363,73,208,238,238
364,73,205,229,231
539,73,211,237,236
540,73,201,231,229
541,73,199,235,231
542,73,196,237,231
543,73,194,237,230
544,73,196,237,233
545,73,196,237,233
546,73,197,236,233
547,73,199,235,233
548,73,199,235,233
549,73,199,235,233
550,73,199,235,233
551,73,197,236,233
552,73,194,235,231
553,73,203,244,240
554,73,194,235,231
555,73,194,235,231
556,73,194,233,230
557,73,204,240,238
558,73,201,235,234
706,73,190,210,211
707,73,200,228,229
708,73,200,234,233
709,73,199,238,235
710,73,195,235,234
711,73,192,232,231
712,73,198,234,234
713,73,199,229,231
714,73,214,238,240
899,73,186,207,210
900,73,196,224,225
901,73,201,235,234
902,73,199,240,236
903,73,192,234,230
904,73,196,238,234
905,73,196,238,234
906,73,196,237,233
907,73,196,235,232
908,73,196,235,232
909,73,195,234,231
910,73,194,233,230
911,73,193,232,229
912,73,205,237,232
913,73,206,235,231
10,74,202,228,225
11,74,203,235,232
12,74,199,235,231
13,74,204,243,238
14,74,175,216,210
15,74,190,231,225
16,74,198,222,224
194,74,198,227,223
195,74,191,231,223
196,74,204,247,238
197,74,201,244,235
198,74,199,239,231
199,74,202,234,229
200,74,203,234,229
201,74,202,234,229
202,74,201,238,231
203,74,193,236,227
204,74,194,240,230
205,74,195,241,231
206,74,192,233,225
207,74,197,237,229
208,74,198,238,230
209,74,203,238,232
210,74,202,233,228
211,74,196,221,218
212,74,219,239,238
353,74,201,222,225
354,74,205,231,232
355,74,200,230,230
356,74,203,237,236
357,74,184,223,220
358,74,192,233,229
359,74,200,241,237
360,74,197,238,234
361,74,204,240,238
362,74,195,227,226
363,74,208,236,237
364,74,209,230,233
539,74,211,237,236
540,74,201,231,229
541,74,200,236,232
542,74,197,238,232
543,74,194,237,230
544,74,196,237,233
545,74,196,237,233
546,74,197,236,233
547,74,199,235,233
548,74,199,235,233
549,74,200,234,233
550,74,199,235,233
551,74,197,236,233
552,74,195,234,231
553,74,197,238,234
554,74,195,236,232
555,74,197,238,234
556,74,199,238,235
557,74,206,242,240
558,74,206,240,239
559,74,187,221,220
707,74,189,217,218
708,74,188,222,221
709,74,199,238,235
710,74,195,235,234
711,74,196,236,235
712,74,198,234,234
713,74,201,231,233
714,74,213,237,239
899,74,215,236,239
900,74,213,241,242
901,74,201,235,234
902,74,194,233,230
903,74,193,235,231
904,74,195,237,233
905,74,195,237,233
906,74,196,237,233
907,74,196,237,233
908,74,195,236,232
909,74,196,235,232
910,74,197,236,233
911,74,196,237,233
912,74,205,240,234
913,74,201,232,227
10,75,214,240,237
11,75,209,240,235
12,75,203,235,230
13,75,198,233,227
14,75,217,252,246
15,75,193,228,222
16,75,211,232,235
194,75,206,235,231
195,75,200,237,230
196,75,192,235,226
197,75,193,236,227
198,75,192,232,224
199,75,200,232,227
200,75,202,233,228
201,75,203,235,230
202,75,200,237,230
203,75,194,237,228
204,75,194,240,230
205,75,196,242,232
206,75,194,235,227
207,75,192,232,224
208,75,198,238,230
209,75,198,235,228
210,75,205,237,232
211,75,213,239,236
212,75,212,232,231
353,75,222,243,246
354,75,210,236,237
355,75,205,235,235
356,75,196,230,229
357,75,204,243,240
358,75,198,239,235
359,75,193,234,230
360,75,194,233,230
361,75,208,244,242
362,75,195,227,226
363,75,209,235,236
364,75,211,230,234
539,75,211,235,235
540,75,201,231,229
541,75,201,237,233
542,75,197,238,232
543,75,194,237,230
544,75,196,237,233
545,75,196,237,233
546,75,197,236,233
547,75,199,235,233
548,75,200,234,233
549,75,200,234,233
550,75,199,235,233
551,75,199,235,233
552,75,201,240,237
553,75,195,236,232
554,75,196,237,233
555,75,198,239,235
556,75,196,235,232
557,75,191,227,225
558,75,194,230,228
559,75,210,244,243
560,75,215,230,235
706,75,181,202,203
707,75,199,227,228
708,75,193,227,226
709,75,198,237,234
710,75,198,238,237
711,75,200,240,239
712,75,198,234,234
713,75,202,232,234
714,75,211,235,237
899,75,205,226,229
900,75,191,219,220
901,75,193,227,226
902,75,196,235,232
903,75,204,245,241
904,75,194,236,232
905,75,195,237,233
906,75,197,238,234
907,75,196,237,233
908,75,196,237,233
909,75,196,237,233
910,75,197,238,234
911,75,198,239,235
912,75,200,235,229
913,75,191,223,218
10,76,204,229,226
11,76,191,220,216
12,76,209,240,235
13,76,200,231,226
14,76,207,238,233
15,76,187,218,213
16,76,211,232,235
194,76,201,227,224
195,76,198,235,228
196,76,197,240,231
197,76,199,242,233
198,76,203,240,233
199,76,204,236,231
200,76,202,233,228
201,76,203,235,230
202,76,199,236,229
203,76,195,238,229
204,76,193,239,229
205,76,196,242,232
206,76,197,238,230
207,76,190,230,222
208,76,203,243,235
209,76,197,234,227
210,76,202,234,229
211,76,207,233,230
212,76,208,230,228
353,76,218,242,244
354,76,202,228,229
355,76,200,230,230
356,76,191,225,224
357,76,196,232,230
358,76,199,238,235
359,76,187,228,224
360,76,197,236,233
361,76,212,246,245
362,76,198,228,228
363,76,212,236,238
364,76,216,234,238
539,76,211,235,235
540,76,201,231,229
541,76,202,237,233
542,76,199,238,233
543,76,195,236,230
544,76,196,237,233
545,76,196,237,233
546,76,197,236,233
547,76,199,235,233
548,76,200,234,233
549,76,200,234,233
550,76,200,234,233
551,76,199,235,233
552,76,198,237,234
553,76,197,238,234
554,76,198,239,235
555,76,194,235,231
556,76,195,236,232
557,76,197,236,233
558,76,193,229,227
559,76,199,233,232
560,76,211,226,231
706,76,188,208,209
707,76,208,236,237
708,76,205,239,238
709,76,195,234,231
710,76,193,233,232
711,76,188,228,227
712,76,196,232,232
713,76,203,233,235
714,76,208,232,234
899,76,202,223,226
900,76,187,215,216
901,76,206,240,239
902,76,198,237,234
903,76,192,233,229
904,76,195,237,233
905,76,195,237,233
906,76,196,238,234
907,76,196,237,233
908,76,195,236,232
909,76,194,235,231
910,76,192,234,230
911,76,191,233,229
912,76,204,241,234
913,76,196,231,225
10,77,202,227,224
11,77,201,227,224
12,77,207,233,230
13,77,213,239,236
14,77,183,209,206
15,77,197,222,219
16,77,217,236,240
193,77,185,201,201
194,77,190,216,213
195,77,195,232,225
196,77,200,243,234
197,77,193,234,226
198,77,202,239,232
199,77,199,231,226
200,77,203,234,229
201,77,202,234,229
202,77,197,234,227
203,77,196,239,230
204,77,193,239,229
205,77,194,240,230
206,77,199,240,232
207,77,191,231,223
208,77,201,242,236
209,77,200,236,232
210,77,201,233,230
211,77,190,219,217
212,77,222,243,244
353,77,210,234,236
354,77,205,231,232
355,77,206,236,236
356,77,194,228,227
357,77,202,238,236
358,77,197,236,233
359,77,203,242,239
360,77,193,229,227
361,77,203,237,236
539,77,210,234,234
540,77,200,230,228
541,77,202,237,233
542,77,199,238,233
543,77,195,236,230
544,77,196,237,233
545,77,196,237,233
546,77,197,236,233
547,77,199,235,233
548,77,200,234,233
549,77,200,234,233
550,77,200,234,233
551,77,199,235,233
552,77,195,234,231
553,77,196,237,233
554,77,198,239,235
555,77,195,236,232
556,77,200,241,237
557,77,206,245,242
558,77,203,239,237
559,77,202,238,236
560,77,204,222,224
707,77,174,200,201
708,77,175,209,208
709,77,180,219,216
710,77,199,239,238
711,77,204,244,243
712,77,195,231,231
713,77,204,234,236
714,77,206,230,232
899,77,206,227,230
900,77,192,220,221
901,77,201,235,234
902,77,188,227,224
903,77,198,239,235
904,77,195,237,233
905,77,195,237,233
906,77,195,237,233
907,77,196,238,234
908,77,196,238,234
909,77,195,237,233
910,77,193,235,231
911,77,192,234,230
912,77,205,242,235
913,77,196,231,225
914,77,187,216,212
915,77,194,216,214
916,77,194,210,210
10,78,191,216,213
11,78,209,234,231
12,78,199,224,221
13,78,203,228,225
14,78,214,236,234
15,78,184,204,203
16,78,189,208,212
194,78,188,214,211
195,78,212,249,242
196,78,201,242,234
197,78,188,229,221
198,78,197,234,227
199,78,208,240,235
200,78,205,236,231
201,78,202,234,229
202,78,196,233,226
203,78,197,240,231
204,78,193,239,229
205,78,192,238,228
206,78,201,242,234
207,78,193,233,225
208,78,195,236,230
209,78,196,235,230
210,78,205,237,234
211,78,195,224,222
212,78,227,248,249
353,78,208,232,234
354,78,202,228,229
355,78,200,230,230
356,78,198,232,231
357,78,212,248,246
358,78,189,228,225
359,78,193,232,229
360,78,201,237,235
361,78,193,225,224
539,78,209,233,233
540,78,200,229,227
541,78,201,236,232
542,78,201,237,233
543,78,196,235,230
544,78,196,237,233
545,78,196,237,233
546,78,197,236,233
547,78,199,235,233
548,78,200,234,233
549,78,200,234,233
550,78,200,234,233
551,78,199,235,233
552,78,199,238,235
553,78,197,238,234
554,78,195,236,232
555,78,197,238,234
556,78,195,236,232
557,78,191,230,227
558,78,196,232,230
559,78,200,236,234
560,78,213,231,233
707,78,187,213,214
708,78,184,216,215
709,78,186,225,222
710,78,195,235,234
711,78,197,237,236
712,78,195,231,231
713,78,205,235,237
714,78,204,228,230
900,78,194,222,223
901,78,207,241,240
902,78,190,229,226
903,78,204,245,241
904,78,196,238,234
905,78,194,236,232
906,78,193,235,231
907,78,195,237,233
908,78,197,239,235
909,78,198,240,236
910,78,197,239,235
911,78,194,236,232
912,78,194,234,226
913,78,204,239,233
914,78,210,241,236
915,78,199,221,219
916,78,205,221,221
8,79,199,217,217
9,79,217,239,237
10,79,218,243,240
11,79,212,237,234
12,79,210,235,232
13,79,217,239,237
195,79,190,227,220
196,79,191,232,224
197,79,205,246,238
198,79,196,233,226
199,79,201,233,228
200,79,205,236,231
201,79,201,233,228
202,79,195,232,225
203,79,198,241,232
204,79,193,239,229
205,79,191,237,227
206,79,202,243,235
207,79,195,235,227
208,79,193,234,228
209,79,191,230,225
210,79,205,240,236
211,79,208,237,235
212,79,212,233,234
352,79,186,207,210
353,79,207,231,233
354,79,207,233,234
355,79,197,227,227
356,79,204,238,237
357,79,193,229,227
358,79,201,240,237
359,79,200,239,236
360,79,197,233,231
361,79,199,231,230
539,79,210,231,232
540,79,199,228,226
541,79,203,235,232
542,79,201,237,233
543,79,196,235,230
544,79,196,237,233
545,79,196,237,233
546,79,197,236,233
547,79,199,235,233
548,79,200,234,233
549,79,200,234,233
550,79,200,234,233
551,79,199,235,233
552,79,197,236,233
553,79,197,238,234
554,79,195,236,232
555,79,199,240,236
556,79,197,238,234
557,79,195,234,231
558,79,200,236,234
559,79,194,230,228
560,79,205,223,225
707,79,187,213,214
708,79,176,208,207
709,79,185,224,221
710,79,193,233,232
711,79,200,240,239
712,79,195,231,231
713,79,206,236,238
714,79,204,228,230
901,79,196,230,229
902,79,195,234,231
903,79,191,232,228
904,79,198,240,236
905,79,195,237,233
906,79,192,234,230
907,79,193,235,231
908,79,195,237,233
909,79,196,238,234
910,79,193,235,231
911,79,189,234,229
912,79,199,239,231
913,79,196,233,226
914,79,208,239,234
915,79,200,225,222
916,79,215,231,231
8,80,220,241,242
9,80,204,233,231
10,80,193,229,225
11,80,190,229,224
12,80,183,218,214
13,80,202,228,229
195,80,203,229,226
196,80,196,228,223
197,80,198,235,228
198,80,199,239,231
199,80,201,238,231
200,80,199,234,228
201,80,200,232,227
202,80,201,233,228
203,80,203,235,230
204,80,200,235,229
205,80,195,235,227
206,80,196,239,230
207,80,201,244,235
208,80,202,239,232
209,80,196,233,226
210,80,207,242,236
211,80,200,235,229
212,80,192,224,219
352,80,212,236,236
353,80,198,227,225
354,80,191,223,220
355,80,194,233,228
356,80,205,248,241
357,80,180,223,216
358,80,197,240,233
359,80,200,236,232
360,80,205,235,233
361,80,213,234,235
539,80,213,235,233
540,80,199,230,225
541,80,199,239,231
542,80,194,237,228
543,80,195,242,232
544,80,195,240,235
545,80,195,237,233
546,80,194,236,232
547,80,195,236,232
548,80,198,237,234
549,80,200,236,234
550,80,199,235,233
551,80,199,233,232
552,80,198,232,231
553,80,200,236,234
554,80,199,238,235
555,80,196,237,233
556,80,194,236,232
557,80,193,238,233
558,80,193,238,233
559,80,191,238,232
560,80,195,227,226
709,80,162,204,203
710,80,194,238,237
711,80,198,240,238
712,80,195,231,229
713,80,202,232,230
714,80,209,231,229
901,80,211,230,234
902,80,203,227,229
903,80,200,228,229
904,80,199,231,230
905,80,204,238,237
906,80,202,238,236
907,80,200,239,236
908,80,197,236,233
909,80,193,234,230
910,80,195,236,232
911,80,191,232,228
912,80,199,239,231
913,80,192,232,224
914,80,201,236,230
915,80,195,226,221
916,80,204,229,226
8,81,208,229,230
9,81,194,223,221
10,81,196,232,228
11,81,209,248,243
12,81,199,233,232
13,81,200,226,227
195,81,215,241,238
196,81,202,234,229
197,81,200,235,229
198,81,193,230,223
199,81,195,232,225
200,81,204,239,233
201,81,202,237,231
202,81,204,236,231
203,81,202,237,231
204,81,199,236,229
205,81,194,234,226
206,81,193,236,227
207,81,195,241,231
208,81,198,235,228
209,81,196,233,226
210,81,202,239,232
211,81,204,239,233
212,81,197,229,224
352,81,200,224,224
353,81,201,230,228
354,81,194,226,223
355,81,201,240,235
356,81,193,236,229
357,81,186,229,222
358,81,192,233,227
359,81,199,235,231
360,81,209,239,237
361,81,201,222,223
539,81,210,232,230
540,81,194,225,220
541,81,207,244,237
542,81,189,232,223
543,81,189,236,226
544,81,194,239,234
545,81,195,237,233
546,81,195,237,233
547,81,195,236,232
548,81,197,236,233
549,81,199,235,233
550,81,199,235,233
551,81,200,234,233
552,81,199,233,232
553,81,200,236,234
554,81,198,237,234
555,81,195,236,232
556,81,195,237,233
557,81,196,241,236
558,81,198,243,238
559,81,197,244,238
560,81,195,227,226
710,81,187,231,230
711,81,199,241,239
712,81,186,222,220
713,81,203,233,231
714,81,206,228,226
901,81,212,231,235
902,81,209,233,235
903,81,203,231,232
904,81,200,230,230
905,81,199,233,232
906,81,198,234,232
907,81,202,241,238
908,81,201,240,237
909,81,194,235,231
910,81,197,238,234
911,81,197,238,234
912,81,197,237,229
913,81,201,238,231
914,81,204,239,233
915,81,203,234,229
916,81,202,227,224
8,82,214,235,236
9,82,198,228,226
10,82,195,231,227
11,82,200,239,234
12,82,188,222,221
13,82,192,218,219
195,82,202,227,224
196,82,198,229,224
197,82,203,238,232
198,82,200,237,230
199,82,203,240,233
200,82,198,233,227
201,82,197,232,226
202,82,197,232,226
203,82,199,234,228
204,82,195,235,227
205,82,193,234,226
206,82,192,238,228
207,82,197,243,233
208,82,197,234,227
209,82,194,231,224
210,82,190,227,220
211,82,199,236,229
212,82,208,240,235
213,82,189,220,215
214,82,204,229,226
215,82,211,229,229
352,82,198,222,222
353,82,207,233,232
354,82,204,236,233
355,82,205,241,237
356,82,193,234,228
357,82,197,240,233
358,82,197,238,232
359,82,203,239,235
360,82,203,232,230
361,82,211,231,232
539,82,207,229,227
540,82,201,230,226
541,82,212,247,241
542,82,198,239,231
543,82,201,247,237
544,82,195,237,233
545,82,195,237,233
546,82,195,237,233
547,82,196,237,233
548,82,196,235,232
549,82,198,234,232
550,82,199,235,233
551,82,201,235,234
552,82,201,235,234
553,82,200,236,234
554,82,197,236,233
555,82,195,234,231
556,82,194,235,231
557,82,195,237,233
558,82,193,238,233
559,82,192,237,232
560,82,206,238,237
706,82,182,203,206
707,82,210,240,242
708,82,199,237,238
709,82,199,243,242
710,82,196,240,239
711,82,201,243,241
712,82,192,228,226
713,82,206,236,234
714,82,201,223,221
901,82,202,221,225
902,82,204,228,230
903,82,207,233,234
904,82,205,235,235
905,82,201,233,232
906,82,197,231,230
907,82,205,241,239
908,82,203,242,239
909,82,192,233,229
910,82,194,235,231
911,82,198,239,235
912,82,196,236,228
913,82,202,239,232
914,82,207,239,234
915,82,203,232,228
916,82,206,231,228
8,83,197,218,219
9,83,201,231,229
10,83,207,243,239
11,83,207,246,241
12,83,195,229,228
13,83,201,227,228
195,83,205,227,225
196,83,203,232,228
197,83,204,236,231
198,83,204,239,233
199,83,194,229,223
200,83,204,239,233
201,83,201,236,230
202,83,201,236,230
203,83,201,238,231
204,83,198,238,230
205,83,194,237,228
206,83,193,239,229
207,83,196,243,233
208,83,188,228,220
209,83,193,233,225
210,83,195,235,227
211,83,203,240,233
212,83,206,241,235
213,83,207,238,233
214,83,211,237,234
215,83,205,225,224
352,83,199,223,223
353,83,199,225,224
354,83,205,237,234
355,83,191,227,223
356,83,197,238,232
357,83,195,238,231
358,83,200,241,235
359,83,201,236,232
360,83,201,230,228
361,83,204,224,225
539,83,205,225,224
540,83,204,230,227
541,83,200,232,227
542,83,192,232,224
543,83,192,233,225
544,83,195,237,233
545,83,194,236,232
546,83,195,236,232
547,83,195,236,232
548,83,197,236,233
549,83,199,235,233
550,83,199,235,233
551,83,199,235,233
552,83,199,235,233
553,83,199,235,233
554,83,199,235,233
555,83,197,236,233
556,83,196,237,233
557,83,193,235,231
558,83,190,232,228
559,83,185,230,225
560,83,204,236,235
707,83,204,235,237
708,83,198,238,238
709,83,191,235,234
710,83,187,231,230
711,83,193,235,233
712,83,191,227,225
713,83,199,228,226
714,83,206,228,226
904,83,207,235,236
905,83,202,234,233
906,83,196,230,229
907,83,203,239,237
908,83,201,240,237
909,83,193,232,229
910,83,195,236,232
911,83,196,237,233
912,83,196,233,226
913,83,195,230,224
914,83,204,236,231
915,83,193,222,218
916,83,209,234,231
8,84,207,228,229
9,84,209,239,237
10,84,204,240,236
11,84,194,233,230
12,84,185,219,218
13,84,200,226,227
195,84,192,210,212
196,84,195,219,219
197,84,184,213,211
198,84,209,241,238
199,84,197,232,228
200,84,200,235,231
201,84,197,232,228
202,84,196,232,228
203,84,197,236,231
204,84,196,237,231
205,84,192,237,230
206,84,193,240,232
207,84,195,245,236
208,84,198,238,230
209,84,199,239,231
210,84,196,236,228
211,84,190,230,222
212,84,194,231,224
213,84,209,241,236
214,84,208,234,231
215,84,215,235,234
352,84,200,224,224
353,84,196,222,221
354,84,207,239,236
355,84,190,226,222
356,84,199,240,234
357,84,192,233,227
358,84,200,239,234
359,84,200,235,231
360,84,202,228,227
361,84,195,213,215
539,84,202,220,220
540,84,184,209,206
541,84,200,231,226
542,84,202,239,232
543,84,198,238,230
544,84,194,236,232
545,84,194,236,232
546,84,194,235,231
547,84,195,236,232
548,84,198,237,234
549,84,200,236,234
550,84,199,235,233
551,84,198,234,232
552,84,198,234,232
553,84,197,233,231
554,84,198,234,232
555,84,198,237,234
556,84,199,240,236
557,84,198,239,235
558,84,195,237,233
559,84,193,235,231
560,84,211,245,244
561,84,203,233,233
562,84,210,236,237
563,84,209,228,232
706,84,191,217,218
707,84,192,226,227
708,84,181,221,221
709,84,188,232,231
710,84,198,244,242
711,84,201,243,241
712,84,195,231,229
713,84,192,221,219
714,84,210,230,229
904,84,201,229,230
905,84,202,232,232
906,84,198,230,229
907,84,199,235,233
908,84,200,236,234
909,84,197,236,233
910,84,199,240,236
911,84,196,237,233
912,84,200,236,232
913,84,200,235,231
914,84,209,239,237
915,84,199,228,226
916,84,207,228,229
8,85,209,230,231
9,85,205,235,233
10,85,200,236,232
11,85,199,240,236
12,85,194,230,228
13,85,201,227,228
198,85,203,232,230
199,85,186,218,215
200,85,197,232,228
201,85,194,230,226
202,85,192,231,226
203,85,194,235,229
204,85,194,237,230
205,85,190,237,229
206,85,189,239,230
207,85,191,242,233
208,85,195,236,228
209,85,196,237,229
210,85,199,240,232
211,85,192,232,224
212,85,198,235,228
213,85,208,240,235
214,85,199,228,224
215,85,210,232,230
352,85,197,221,221
353,85,205,231,230
354,85,208,238,236
355,85,205,241,237
356,85,196,237,231
357,85,193,234,228
358,85,196,235,230
359,85,203,235,232
360,85,187,213,212
541,85,181,210,206
542,85,205,237,232
543,85,196,231,225
544,85,193,234,230
545,85,194,235,231
546,85,195,236,232
547,85,197,236,233
548,85,198,237,234
549,85,200,236,234
550,85,199,235,233
551,85,198,234,232
552,85,200,236,234
553,85,199,235,233
554,85,198,234,232
555,85,197,236,233
556,85,198,237,234
557,85,198,237,234
558,85,198,239,235
559,85,199,240,236
560,85,202,236,235
561,85,200,232,231
562,85,213,241,242
563,85,209,230,233
706,85,177,203,204
707,85,184,218,219
708,85,187,229,228
709,85,195,241,239
710,85,194,240,238
711,85,180,222,220
712,85,201,237,235
713,85,206,235,233
714,85,217,237,236
904,85,201,227,228
905,85,205,235,235
906,85,201,233,232
907,85,198,232,231
908,85,197,233,231
909,85,197,236,233
910,85,200,241,237
911,85,193,234,230
912,85,192,227,223
913,85,200,232,229
914,85,203,233,231
915,85,205,231,230
916,85,188,209,210
8,86,213,234,235
9,86,204,234,232
10,86,195,234,231
11,86,200,241,237
12,86,199,235,233
13,86,200,226,227
198,86,188,214,215
199,86,205,235,235
200,86,211,243,242
201,86,204,240,238
202,86,201,240,237
203,86,200,242,238
204,86,196,241,236
205,86,190,237,231
206,86,186,235,229
207,86,187,238,231
208,86,196,237,231
209,86,194,235,229
210,86,197,238,232
211,86,195,236,230
212,86,198,237,232
213,86,201,236,232
214,86,202,232,230
215,86,204,228,228
352,86,192,216,216
353,86,208,234,233
354,86,198,228,226
355,86,206,242,238
356,86,189,228,223
357,86,193,234,228
358,86,195,231,227
359,86,198,230,227
360,86,178,202,202
542,86,204,233,229
543,86,203,235,230
544,86,190,231,227
545,86,194,235,231
546,86,199,238,235
547,86,199,238,235
548,86,197,236,233
549,86,198,234,232
550,86,198,234,232
551,86,200,236,234
552,86,201,237,235
553,86,199,235,233
554,86,198,234,232
555,86,197,236,233
556,86,196,235,232
557,86,195,234,231
558,86,196,235,232
559,86,199,238,235
560,86,193,227,226
561,86,191,223,222
562,86,206,234,235
563,86,202,226,228
707,86,183,219,219
708,86,184,226,225
709,86,186,232,230
710,86,197,243,241
711,86,201,243,241
712,86,203,239,237
713,86,184,213,211
904,86,204,228,230
905,86,209,237,238
906,86,204,236,235
907,86,199,233,232
908,86,197,233,231
909,86,196,235,232
910,86,198,239,235
911,86,191,232,228
912,86,202,236,235
913,86,207,239,238
914,86,208,238,238
915,86,215,241,242
916,86,202,223,226
6,87,208,223,226
7,87,195,213,215
8,87,214,238,238
9,87,206,238,235
10,87,193,232,229
11,87,195,236,232
12,87,195,231,229
13,87,200,226,227
198,87,187,208,211
199,87,195,223,224
200,87,197,229,228
201,87,192,228,226
202,87,192,231,228
203,87,194,236,232
204,87,194,239,234
205,87,192,239,233
206,87,191,240,234
207,87,193,242,236
208,87,199,240,234
209,87,194,235,229
210,87,193,236,229
211,87,198,239,233
212,87,197,238,232
213,87,197,233,229
214,87,214,244,242
215,87,203,227,227
352,87,197,221,221
353,87,211,240,238
354,87,194,226,223
355,87,202,238,234
356,87,191,230,225
357,87,200,239,234
358,87,204,240,236
359,87,199,229,227
360,87,178,202,202
541,87,188,210,208
542,87,211,237,234
543,87,198,227,223
544,87,188,227,224
545,87,195,234,231
546,87,201,240,237
547,87,201,240,237
548,87,199,235,233
549,87,196,232,230
550,87,198,234,232
551,87,201,237,235
552,87,198,234,232
553,87,198,234,232
554,87,199,235,233
555,87,201,237,235
556,87,198,237,234
557,87,195,234,231
558,87,196,235,232
559,87,199,238,235
560,87,193,227,226
561,87,197,229,228
562,87,214,244,244
563,87,203,229,230
707,87,179,215,215
708,87,184,226,225
709,87,188,234,232
710,87,193,239,237
711,87,187,229,227
712,87,197,231,230
713,87,185,211,210
904,87,202,226,228
905,87,209,235,236
906,87,205,235,235
907,87,201,235,234
908,87,198,234,232
909,87,196,235,232
910,87,199,240,236
911,87,195,236,232
912,87,204,238,237
913,87,197,229,228
914,87,201,231,231
915,87,202,230,231
916,87,214,238,240
917,87,206,225,229
918,87,193,208,213
5,88,189,204,207
6,88,217,232,235
7,88,217,237,238
8,88,203,227,227
9,88,200,232,231
10,88,204,243,240
11,88,193,234,230
12,88,194,230,228
13,88,201,227,228
198,88,212,231,235
199,88,212,236,238
200,88,196,226,226
201,88,194,228,227
202,88,207,246,243
203,88,184,226,222
204,88,182,227,222
205,88,196,243,237
206,88,195,242,236
207,88,192,241,235
208,88,195,236,230
209,88,195,236,230
210,88,195,238,231
211,88,196,239,232
212,88,193,234,228
213,88,198,237,232
214,88,194,226,223
215,88,213,239,238
352,88,193,219,218
353,88,208,237,235
354,88,203,235,232
355,88,200,236,232
356,88,187,226,221
357,88,202,241,236
358,88,199,235,231
359,88,205,235,233
360,88,184,208,208
541,88,187,205,205
542,88,208,230,228
543,88,212,237,234
544,88,195,231,229
545,88,200,236,234
546,88,197,233,231
547,88,192,228,226
548,88,200,236,234
549,88,196,232,230
550,88,197,233,231
551,88,201,237,235
552,88,197,236,233
553,88,197,236,233
554,88,197,236,233
555,88,198,237,234
556,88,197,236,233
557,88,198,234,232
558,88,197,233,231
559,88,197,233,231
560,88,198,232,231
561,88,208,242,241
562,88,209,241,240
563,88,195,223,224
706,88,173,201,202
707,88,185,221,221
708,88,183,225,224
709,88,183,227,226
710,88,196,240,239
711,88,195,235,234
712,88,204,238,237
713,88,191,217,216
904,88,206,227,230
905,88,208,234,235
906,88,204,234,234
907,88,200,234,233
908,88,196,232,230
909,88,196,235,232
910,88,201,242,238
911,88,192,233,229
912,88,202,236,235
913,88,197,231,230
914,88,197,229,228
915,88,198,226,227
916,88,210,234,236
917,88,216,235,239
918,88,204,222,226
5,89,187,205,207
6,89,208,226,228
7,89,217,237,238
8,89,201,227,226
9,89,200,234,233
10,89,200,241,237
11,89,195,236,232
12,89,194,230,228
13,89,201,226,230
199,89,203,224,227
200,89,201,229,230
201,89,194,226,225
202,89,209,248,245
203,89,193,234,230
204,89,195,237,233
205,89,199,244,239
206,89,195,240,235
207,89,189,234,229
208,89,194,235,229
209,89,201,242,236
210,89,196,239,232
211,89,194,237,230
212,89,198,239,233
213,89,199,238,233
214,89,189,224,220
215,89,211,241,239
352,89,204,230,229
353,89,206,236,234
354,89,200,232,229
355,89,202,238,234
356,89,188,229,223
357,89,198,239,233
358,89,196,232,228
359,89,203,233,231
360,89,185,206,207
543,89,211,233,231
544,89,200,232,231
545,89,202,234,233
546,89,199,233,232
547,89,196,230,229
548,89,195,229,228
549,89,201,237,235
550,89,197,233,231
551,89,195,234,231
552,89,197,236,233
553,89,197,236,233
554,89,197,236,233
555,89,198,237,234
556,89,197,236,233
557,89,198,234,232
558,89,197,233,231
559,89,197,233,231
560,89,203,237,236
561,89,199,233,232
562,89,211,243,242
563,89,195,225,225
706,89,175,203,204
707,89,187,221,222
708,89,188,228,228
709,89,188,232,231
710,89,195,237,236
711,89,189,228,227
712,89,200,232,231
713,89,198,222,222
904,89,204,225,228
905,89,207,233,234
906,89,204,234,234
907,89,201,235,234
908,89,198,234,232
909,89,197,238,234
910,89,202,243,239
911,89,193,235,231
912,89,198,234,232
913,89,206,240,239
914,89,200,232,231
915,89,194,224,224
916,89,203,229,230
917,89,203,224,227
918,89,191,209,213
5,90,188,208,209
6,90,210,230,231
7,90,210,231,232
8,90,198,226,227
9,90,204,238,237
10,90,195,236,232
11,90,198,240,236
12,90,194,230,230
13,90,201,226,230
199,90,185,204,208
200,90,218,244,245
201,90,189,221,220
202,90,207,243,241
203,90,201,242,238
204,90,206,247,243
205,90,197,239,235
206,90,195,237,233
207,90,197,239,235
208,90,198,237,232
209,90,193,234,228
210,90,196,237,231
211,90,198,241,234
212,90,192,235,228
213,90,197,238,232
214,90,200,236,232
215,90,209,241,238
349,90,194,209,214
350,90,191,209,213
351,90,199,218,222
352,90,211,240,236
353,90,203,234,229
354,90,195,230,224
355,90,202,242,234
356,90,190,231,223
357,90,195,236,228
358,90,196,233,226
359,90,202,233,228
360,90,187,209,207
543,90,195,215,214
544,90,202,232,232
545,90,203,233,233
546,90,209,241,240
547,90,204,236,235
548,90,201,235,234
549,90,205,241,239
550,90,205,241,239
551,90,199,238,235
552,90,197,236,233
553,90,197,236,233
554,90,197,236,233
555,90,197,236,233
556,90,197,236,233
557,90,196,235,232
558,90,198,234,232
559,90,197,233,231
560,90,200,234,233
561,90,194,228,227
562,90,204,238,237
563,90,200,232,231
564,90,189,219,219
565,90,174,200,201
706,90,183,209,210
707,90,191,225,226
708,90,194,234,234
709,90,194,236,235
710,90,194,236,235
711,90,189,228,227
712,90,200,230,230
904,90,206,227,230
905,90,207,233,234
906,90,204,234,234
907,90,201,235,234
908,90,194,233,230
909,90,193,234,230
910,90,195,237,233
911,90,186,228,224
912,90,190,229,226
913,90,206,242,240
914,90,201,235,234
915,90,204,236,235
916,90,212,240,241
917,90,200,224,226
918,90,185,204,208
5,91,191,212,213
6,91,213,234,235
7,91,216,240,240
8,91,198,228,228
9,91,206,242,240
10,91,190,232,228
11,91,200,242,238
12,91,194,230,230
13,91,201,226,230
199,91,201,216,221
200,91,214,238,240
201,91,182,212,212
202,91,203,237,236
203,91,197,236,233
204,91,200,239,236
205,91,193,232,229
206,91,196,235,232
207,91,196,235,232
208,91,193,232,227
209,91,203,242,237
210,91,193,234,228
211,91,187,230,223
212,91,199,242,235
213,91,197,238,232
214,91,191,230,225
215,91,211,246,242
349,91,218,236,240
350,91,223,244,247
351,91,213,234,237
352,91,211,242,237
353,91,199,231,226
354,91,194,231,224
355,91,203,243,235
356,91,191,232,224
357,91,195,236,228
358,91,200,237,230
359,91,203,234,229
360,91,189,211,209
543,91,184,202,202
544,91,206,232,233
545,91,203,231,232
546,91,209,237,238
547,91,199,229,229
548,91,207,239,238
549,91,194,228,227
550,91,200,236,234
551,91,192,231,228
552,91,197,236,233
553,91,197,236,233
554,91,197,236,233
555,91,196,235,232
556,91,196,235,232
557,91,197,236,233
558,91,199,235,233
559,91,198,234,232
560,91,196,230,229
561,91,200,234,233
562,91,195,231,229
563,91,202,236,235
564,91,209,241,240
565,91,205,235,235
706,91,186,212,213
707,91,197,228,230
708,91,198,236,237
709,91,195,235,235
710,91,195,235,235
711,91,199,235,235
712,91,204,234,234
713,91,183,204,205
904,91,204,225,228
905,91,206,232,233
906,91,204,234,234
907,91,203,237,236
908,91,198,237,234
909,91,198,239,235
910,91,200,245,240
911,91,193,238,233
912,91,196,237,233
913,91,201,240,237
914,91,195,231,229
915,91,205,239,238
916,91,213,243,243
917,91,202,228,229
918,91,189,210,213
5,92,191,215,215
6,92,207,231,231
7,92,189,215,216
8,92,201,231,231
9,92,204,243,240
10,92,190,232,228
11,92,200,242,240
12,92,194,230,230
13,92,201,226,230
202,92,191,223,222
203,92,197,233,231
204,92,199,235,233
205,92,203,239,237
206,92,205,239,238
207,92,193,227,226
208,92,200,236,232
209,92,196,232,228
210,92,196,235,230
211,92,197,238,232
212,92,193,236,229
213,92,192,235,228
214,92,197,238,232
215,92,196,232,228
216,92,207,237,235
217,92,210,234,234
349,92,207,228,231
350,92,211,235,237
351,92,205,231,232
352,92,206,237,232
353,92,198,230,225
354,92,197,234,227
355,92,201,242,234
356,92,190,233,224
357,92,196,237,229
358,92,201,241,233
359,92,203,234,229
360,92,184,209,206
543,92,205,221,221
544,92,208,232,234
545,92,202,228,229
546,92,201,227,228
547,92,197,225,226
548,92,209,241,240
549,92,196,230,229
550,92,202,238,236
551,92,199,238,235
552,92,195,236,232
553,92,197,238,234
554,92,196,237,233
555,92,195,236,232
556,92,196,235,232
557,92,197,236,233
558,92,197,236,233
559,92,196,235,232
560,92,195,229,228
561,92,207,243,241
562,92,203,239,237
563,92,198,234,232
564,92,194,228,227
565,92,196,228,227
706,92,185,209,211
707,92,199,229,231
708,92,200,235,237
709,92,196,234,235
710,92,195,233,234
711,92,201,235,236
712,92,203,231,232
713,92,181,201,202
904,92,207,228,231
905,92,207,233,234
906,92,203,233,233
907,92,201,235,234
908,92,195,234,231
909,92,193,235,231
910,92,196,241,236
911,92,189,236,230
912,92,194,236,232
913,92,195,236,232
914,92,193,234,230
915,92,205,241,239
916,92,208,240,239
917,92,202,230,231
918,92,182,206,208
4,93,189,215,214
5,93,205,231,230
6,93,203,229,228
7,93,205,233,234
8,93,202,234,233
9,93,202,241,238
10,93,192,234,230
11,93,197,239,237
12,93,195,231,231
13,93,202,226,230
203,93,191,226,222
204,93,202,237,233
205,93,205,237,234
206,93,205,237,234
207,93,207,237,235
208,93,190,225,221
209,93,202,238,234
210,93,194,233,228
211,93,191,232,226
212,93,206,249,242
213,93,195,238,231
214,93,190,231,225
215,93,198,234,230
216,93,208,240,237
217,93,203,229,228
219,93,201,219,221
220,93,195,209,212
349,93,209,233,235
350,93,202,228,229
351,93,204,232,233
352,93,201,233,228
353,93,198,233,227
354,93,198,238,230
355,93,198,239,231
356,93,191,234,225
357,93,195,238,229
358,93,200,240,232
359,93,201,233,228
360,93,181,206,203
543,93,189,203,204
544,93,209,230,233
545,93,196,220,222
546,93,210,234,236
547,93,209,237,238
548,93,204,234,234
549,93,200,234,233
550,93,192,228,226
551,93,190,229,226
552,93,195,236,232
553,93,197,238,234
554,93,196,237,233
555,93,194,235,231
556,93,194,235,231
557,93,198,237,234
558,93,198,237,234
559,93,196,235,232
560,93,203,237,236
561,93,196,232,230
562,93,200,236,234
563,93,195,234,231
564,93,201,237,235
565,93,201,235,234
706,93,187,208,211
707,93,201,231,233
708,93,202,236,238
709,93,200,238,239
710,93,198,233,235
711,93,196,230,231
712,93,213,239,240
713,93,200,220,221
714,93,213,224,226
904,93,209,230,233
905,93,208,234,235
906,93,203,233,233
907,93,199,235,233
908,93,192,233,229
909,93,189,231,227
910,93,190,237,231
911,93,184,231,225
912,93,190,235,228
913,93,196,239,232
914,93,199,242,235
915,93,199,238,233
916,93,199,234,230
917,93,206,236,234
918,93,186,212,211
4,94,198,227,225
5,94,199,228,226
6,94,197,226,224
7,94,207,235,236
8,94,202,236,235
9,94,197,236,233
10,94,195,237,233
11,94,194,236,234
12,94,196,232,232
13,94,203,227,231
203,94,209,241,238
204,94,208,240,237
205,94,196,226,224
206,94,190,220,218
207,94,202,231,229
208,94,195,230,226
209,94,197,233,229
210,94,195,234,229
211,94,196,237,231
212,94,202,245,238
213,94,195,238,231
214,94,200,243,236
215,94,195,234,229
216,94,200,235,231
217,94,199,228,226
218,94,195,219,219
219,94,207,227,228
220,94,207,222,225
349,94,212,238,239
350,94,205,233,234
351,94,206,236,236
352,94,202,234,229
353,94,200,235,229
354,94,198,238,230
355,94,195,238,229
356,94,194,237,228
357,94,194,237,228
358,94,197,237,229
359,94,202,234,229
360,94,182,207,204
546,94,204,228,230
547,94,206,232,233
548,94,197,227,227
549,94,208,240,239
550,94,204,240,238
551,94,199,238,235
552,94,194,235,231
553,94,197,238,234
554,94,196,237,233
555,94,194,235,231
556,94,194,235,231
557,94,197,238,234
558,94,199,238,235
559,94,196,235,232
560,94,198,232,231
561,94,199,235,233
562,94,206,242,240
563,94,198,237,234
564,94,190,229,226
565,94,200,234,233
706,94,192,213,216
707,94,204,232,235
708,94,197,231,233
709,94,203,238,240
710,94,202,237,239
711,94,194,225,227
712,94,214,240,241
713,94,184,202,204
904,94,205,226,229
905,94,205,231,232
906,94,202,234,233
907,94,203,239,237
908,94,198,239,235
909,94,196,241,236
910,94,201,248,242
911,94,194,243,237
912,94,196,243,235
913,94,195,240,233
914,94,194,237,230
915,94,186,227,221
916,94,190,226,222
917,94,201,233,230
918,94,199,228,226
4,95,214,243,241
5,95,212,241,239
6,95,197,226,224
7,95,202,232,232
8,95,202,236,235
9,95,192,233,229
10,95,195,240,237
11,95,191,233,231
12,95,197,233,233
13,95,204,228,232
203,95,201,233,230
204,95,197,229,226
205,95,205,235,233
206,95,208,237,235
207,95,218,244,243
208,95,203,238,234
209,95,208,243,239
210,95,196,235,230
211,95,191,232,226
212,95,202,245,238
213,95,192,235,228
214,95,197,240,233
215,95,197,236,231
216,95,203,238,234
217,95,221,251,249
218,95,197,221,221
219,95,200,220,221
220,95,191,209,211
349,95,200,226,227
350,95,205,235,235
351,95,202,232,232
352,95,201,236,230
353,95,198,235,228
354,95,195,235,227
355,95,193,236,227
356,95,197,240,231
357,95,193,236,227
358,95,195,235,227
359,95,203,235,230
360,95,181,206,203
546,95,212,236,238
547,95,202,228,229
548,95,194,224,224
549,95,199,231,230
550,95,204,240,238
551,95,193,232,229
552,95,194,235,231
553,95,197,238,234
554,95,195,237,233
555,95,193,234,230
556,95,194,235,231
557,95,197,238,234
558,95,199,238,235
559,95,196,235,232
560,95,201,235,234
561,95,204,240,238
562,95,190,229,226
563,95,201,240,237
564,95,198,237,234
565,95,198,234,232
566,95,193,223,223
567,95,204,228,230
568,95,198,213,218
706,95,198,217,221
707,95,204,232,235
708,95,190,221,224
709,95,199,234,236
710,95,202,237,239
711,95,193,224,226
712,95,202,228,229
713,95,191,209,211
904,95,208,229,232
905,95,207,233,234
906,95,202,234,233
907,95,202,238,236
908,95,195,236,232
909,95,189,234,229
910,95,191,238,232
911,95,183,232,226
912,95,184,231,223
913,95,182,229,221
914,95,188,233,226
915,95,194,235,229
916,95,202,238,234
917,95,198,230,227
918,95,199,228,226
919,95,203,227,227
920,95,220,240,241
921,95,193,207,210
4,96,207,244,236
5,96,189,226,218
6,96,201,236,230
7,96,202,237,233
8,96,200,236,234
9,96,196,235,234
10,96,196,236,236
11,96,195,235,235
12,96,198,229,231
13,96,200,221,226
203,96,204,219,224
204,96,211,230,234
205,96,201,222,225
206,96,207,231,233
207,96,208,234,235
208,96,193,224,226
209,96,207,238,240
210,96,211,247,247
211,96,190,230,229
212,96,195,240,237
213,96,196,242,239
214,96,182,231,227
215,96,192,241,237
216,96,190,236,233
217,96,183,225,223
218,96,170,206,206
219,96,181,211,213
220,96,205,226,231
349,96,207,239,238
350,96,199,233,232
351,96,202,236,235
352,96,193,236,227
353,96,195,238,229
354,96,197,240,231
355,96,196,239,230
356,96,196,237,229
357,96,197,237,229
358,96,200,235,229
359,96,204,233,229
360,96,185,207,205
546,96,206,224,228
547,96,205,229,231
548,96,212,244,243
549,96,208,244,242
550,96,189,230,226
551,96,190,232,228
552,96,192,234,230
553,96,187,229,225
554,96,197,238,234
555,96,195,234,231
556,96,198,237,234
557,96,200,239,236
558,96,193,232,229
559,96,197,236,233
560,96,202,234,233
561,96,202,236,235
562,96,202,238,236
563,96,198,237,234
564,96,195,236,232
565,96,203,242,239
706,96,190,216,217
707,96,194,226,225
708,96,189,228,225
709,96,198,240,236
710,96,200,245,240
711,96,189,231,227
712,96,187,226,223
713,96,178,210,209
904,96,207,231,233
905,96,207,235,236
906,96,196,230,229
907,96,199,235,233
908,96,193,232,229
909,96,202,241,238
910,96,190,229,226
911,96,206,245,242
912,96,202,243,239
913,96,197,238,234
914,96,207,246,243
915,96,207,241,240
916,96,200,232,231
917,96,202,232,232
918,96,207,235,236
919,96,205,233,234
920,96,207,233,234
921,96,177,201,203
3,97,178,210,205
4,97,199,236,228
5,97,188,225,217
6,97,198,233,227
7,97,196,231,227
8,97,200,236,234
9,97,196,235,234
10,97,196,236,236
11,97,196,236,236
12,97,198,229,231
13,97,200,221,226
207,97,178,202,204
208,97,189,219,221
209,97,196,227,229
210,97,202,236,237
211,97,189,228,227
212,97,191,233,231
213,97,194,240,237
214,97,188,237,233
215,97,196,245,241
216,97,184,230,227
217,97,192,234,232
218,97,188,224,224
219,97,192,222,224
220,97,195,219,223
349,97,205,237,236
350,97,200,234,233
351,97,197,231,230
352,97,195,236,228
353,97,194,237,228
354,97,194,237,228
355,97,194,237,228
356,97,195,236,228
357,97,197,237,229
358,97,201,236,230
359,97,205,234,230
360,97,182,204,202
548,97,200,230,230
549,97,180,216,214
550,97,198,237,234
551,97,198,239,235
552,97,193,234,230
553,97,196,237,233
554,97,198,237,234
555,97,195,234,231
556,97,194,233,230
557,97,197,233,231
558,97,199,235,233
559,97,199,235,233
560,97,203,235,234
561,97,198,232,231
562,97,197,233,231
563,97,199,238,235
564,97,194,235,231
565,97,194,233,230
566,97,173,207,206
567,97,186,214,215
568,97,198,219,222
706,97,192,218,219
707,97,198,230,229
708,97,214,253,250
709,97,191,233,229
710,97,188,233,228
711,97,194,236,232
712,97,191,230,227
713,97,174,204,204
904,97,209,230,233
905,97,207,235,236
906,97,199,231,230
907,97,201,235,234
908,97,197,233,231
909,97,199,235,233
910,97,199,235,233
911,97,195,231,229
912,97,196,237,233
913,97,199,238,235
914,97,192,228,226
915,97,200,234,233
916,97,209,241,240
917,97,201,231,231
918,97,186,216,216
919,97,204,232,233
920,97,209,237,238
921,97,196,222,223
1,98,221,241,242
2,98,212,241,237
3,98,198,233,227
4,98,197,234,226
5,98,199,236,228
6,98,203,240,233
7,98,202,237,233
8,98,199,235,233
9,98,194,234,233
10,98,195,237,236
11,98,196,236,236
12,98,196,230,231
13,98,199,220,225
208,98,222,250,253
209,98,203,233,235
210,98,201,232,234
211,98,203,239,239
212,98,201,241,240
213,98,193,238,235
214,98,189,235,232
215,98,193,242,238
216,98,206,252,249
217,98,194,236,234
218,98,201,240,239
219,98,202,233,235
220,98,177,201,205
349,98,200,232,231
350,98,203,235,234
351,98,203,237,236
352,98,197,238,230
353,98,194,237,228
354,98,193,236,227
355,98,194,237,228
356,98,197,238,230
357,98,199,239,231
358,98,202,234,229
359,98,203,232,228
360,98,183,205,203
548,98,201,229,230
549,98,192,224,223
550,98,198,234,232
551,98,196,235,232
552,98,199,238,235
553,98,202,241,238
554,98,195,234,231
555,98,200,236,234
556,98,197,233,231
557,98,193,229,227
558,98,200,236,234
559,98,199,235,233
560,98,202,236,235
561,98,201,237,235
562,98,199,238,235
563,98,204,245,241
564,98,201,242,238
565,98,191,232,228
566,98,190,226,224
567,98,205,235,235
568,98,205,226,229
705,98,206,230,232
706,98,206,234,235
707,98,195,227,226
708,98,207,246,243
709,98,177,218,214
710,98,189,231,227
711,98,218,255,255
712,98,200,234,233
713,98,178,206,207
904,98,211,230,234
905,98,210,236,237
906,98,205,233,234
907,98,205,237,236
908,98,200,232,231
909,98,197,229,228
910,98,207,239,238
911,98,193,225,224
912,98,187,226,223
913,98,194,230,228
914,98,194,230,228
915,98,194,228,227
916,98,203,235,234
917,98,217,249,248
918,98,216,248,247
919,98,204,236,235
920,98,186,216,216
1,99,207,228,229
2,99,206,235,231
3,99,190,225,219
4,99,189,229,220
5,99,197,237,228
6,99,196,233,226
7,99,196,232,228
8,99,198,234,232
9,99,193,233,232
10,99,195,237,236
11,99,197,237,237
12,99,197,231,232
13,99,196,220,224
208,99,209,235,236
209,99,202,230,231
210,99,204,234,234
211,99,205,239,238
212,99,198,237,234
213,99,190,232,228
214,99,192,239,233
215,99,192,239,233
216,99,191,238,232
217,99,176,218,214
218,99,182,221,218
219,99,196,228,227
220,99,210,238,239
221,99,193,214,217
348,99,208,236,237
349,99,213,243,243
350,99,198,230,229
351,99,197,229,228
352,99,196,237,229
353,99,195,236,228
354,99,194,237,228
355,99,197,238,230
356,99,198,239,231
357,99,200,237,230
358,99,201,233,228
359,99,205,231,228
360,99,182,202,201
548,99,211,235,235
549,99,198,228,226
550,99,192,227,223
551,99,193,229,225
552,99,205,241,237
553,99,202,238,234
554,99,192,227,223
555,99,202,237,233
556,99,200,235,231
557,99,195,231,227
558,99,197,233,229
559,99,199,235,231
560,99,197,233,231
561,99,201,237,235
562,99,190,231,227
563,99,190,232,228
564,99,194,236,232
565,99,195,236,232
566,99,203,242,239
567,99,204,236,235
568,99,214,240,241
569,99,195,213,217
705,99,214,240,241
706,99,213,243,243
707,99,195,229,228
708,99,202,238,236
709,99,193,232,229
710,99,193,232,229
711,99,195,231,229
712,99,192,224,223
713,99,174,200,201
904,99,208,226,230
905,99,210,231,234
906,99,206,232,233
907,99,207,235,236
908,99,205,233,234
909,99,203,231,232
910,99,204,232,233
911,99,206,232,233
912,99,196,230,229
913,99,210,244,243
914,99,207,241,240
915,99,193,225,224
916,99,201,233,232
917,99,193,227,226
918,99,194,228,227
919,99,191,225,224
920,99,208,242,241
921,99,219,251,250
922,99,186,216,216
0,100,185,203,207
1,100,202,226,226
2,100,203,234,229
3,100,202,239,232
4,100,201,243,233
5,100,204,244,235
6,100,199,236,229
7,100,202,238,234
8,100,198,234,232
9,100,193,233,232
10,100,195,237,236
11,100,197,237,237
12,100,197,231,232
13,100,196,220,224
209,100,197,221,223
210,100,210,236,237
211,100,192,224,223
212,100,195,231,229
213,100,198,239,235
214,100,202,247,242
215,100,181,226,221
216,100,202,247,242
217,100,186,228,224
218,100,209,248,245
219,100,208,242,241
220,100,184,214,214
221,100,202,228,229
347,100,179,203,205
348,100,193,219,220
349,100,195,225,225
350,100,204,234,234
351,100,207,239,238
352,100,194,235,229
353,100,193,234,228
354,100,195,236,230
355,100,197,238,232
356,100,198,237,232
357,100,199,235,231
358,100,205,235,233
359,100,212,236,236
360,100,183,201,203
551,100,184,216,213
552,100,199,231,228
553,100,200,232,229
554,100,193,225,222
555,100,202,234,231
556,100,199,231,228
557,100,200,235,231
558,100,199,234,230
559,100,199,234,230
560,100,197,236,233
561,100,204,243,240
562,100,195,236,232
563,100,196,238,234
564,100,198,240,236
565,100,197,239,235
566,100,201,240,237
567,100,187,221,220
568,100,198,226,227
569,100,203,224,227
705,100,198,226,227
706,100,202,234,233
707,100,195,229,228
708,100,200,236,234
709,100,204,240,238
710,100,204,240,238
711,100,176,208,207
712,100,189,217,218
904,100,191,204,210
905,100,198,216,220
906,100,207,228,231
907,100,217,238,241
908,100,211,232,235
909,100,189,210,213
913,100,190,220,220
914,100,203,233,233
915,100,197,229,228
916,100,190,222,221
917,100,208,242,241
918,100,211,247,245
919,100,183,222,219
920,100,193,232,229
921,100,189,225,223
922,100,202,236,235
923,100,174,202,203
0,101,207,226,230
1,101,199,223,223
2,101,201,233,228
3,101,202,242,234
4,101,194,236,226
5,101,193,235,225
6,101,195,235,227
7,101,201,237,233
8,101,197,236,233
9,101,193,233,232
10,101,195,237,236
11,101,197,239,238
12,101,197,231,232
13,101,195,219,223
209,101,183,202,206
210,101,205,229,231
211,101,189,217,218
212,101,206,238,237
213,101,186,222,220
214,101,196,237,233
215,101,193,235,231
216,101,183,228,223
217,101,189,231,227
218,101,195,236,232
219,101,194,230,228
220,101,192,224,223
221,101,182,210,211
347,101,186,207,210
348,101,198,224,225
349,101,204,232,233
350,101,207,237,237
351,101,192,222,222
352,101,196,237,231
353,101,195,236,230
354,101,196,237,231
355,101,198,239,233
356,101,199,238,233
357,101,201,236,232
358,101,207,237,235
359,101,216,240,240
360,101,190,208,210
551,101,196,222,221
552,101,180,209,207
553,101,192,221,219
554,101,184,213,211
555,101,206,235,233
556,101,203,233,231
557,101,201,233,230
558,101,200,232,229
559,101,191,226,222
560,101,198,237,234
561,101,198,239,235
562,101,191,233,229
563,101,199,241,237
564,101,192,237,232
565,101,189,231,227
566,101,190,231,227
567,101,182,218,216
568,101,210,240,240
569,101,197,221,223
705,101,206,238,237
706,101,190,224,223
707,101,195,229,228
708,101,204,240,238
709,101,193,227,226
710,101,192,224,223
905,101,191,204,210
906,101,192,210,214
907,101,196,214,218
908,101,182,200,204
913,101,181,207,208
914,101,207,235,236
915,101,204,234,234
916,101,187,219,218
917,101,208,244,242
918,101,196,237,233
919,101,203,245,241
920,101,194,236,232
921,101,195,236,232
922,101,178,217,214
923,101,196,228,227
924,101,211,235,237
925,101,214,232,236
0,102,206,227,230
1,102,198,224,223
2,102,198,233,227
3,102,196,236,228
4,102,188,231,221
5,102,189,231,221
6,102,196,236,228
7,102,201,237,233
8,102,198,237,234
9,102,193,233,232
10,102,195,237,236
11,102,197,239,238
12,102,197,231,232
13,102,195,219,223
212,102,218,246,247
213,102,200,234,233
214,102,197,236,233
215,102,199,240,236
216,102,204,246,242
217,102,198,240,236
218,102,204,245,241
219,102,209,245,243
220,102,194,228,227
221,102,187,217,217
222,102,196,224,225
347,102,184,205,208
348,102,194,220,221
349,102,196,224,225
350,102,206,236,236
351,102,205,235,235
352,102,198,239,235
353,102,197,238,234
354,102,198,239,235
355,102,201,240,237
356,102,201,237,235
357,102,198,230,229
358,102,197,225,226
359,102,203,224,227
556,102,205,231,228
557,102,197,226,222
558,102,210,241,236
559,102,199,231,226
560,102,209,248,245
561,102,201,242,238
562,102,192,233,229
563,102,200,242,238
564,102,193,235,231
565,102,201,243,239
566,102,208,249,245
567,102,211,250,247
568,102,203,235,234
569,102,192,220,221
570,102,204,225,228
699,102,186,207,210
700,102,180,204,206
702,102,180,204,206
704,102,185,219,218
705,102,213,247,246
706,102,191,227,225
707,102,197,233,231
708,102,213,247,246
709,102,197,229,228
915,102,211,239,240
916,102,201,233,232
917,102,201,237,235
918,102,195,236,232
919,102,192,237,232
920,102,189,236,230
921,102,195,240,235
922,102,196,237,233
923,102,193,229,227
924,102,204,232,233
925,102,219,238,242
0,103,211,235,237
1,103,205,234,232
2,103,203,238,232
3,103,196,237,229
4,103,194,237,227
5,103,194,237,227
6,103,197,237,229
7,103,198,234,230
8,103,198,237,234
9,103,194,234,233
10,103,196,238,237
11,103,197,239,238
12,103,197,231,232
13,103,195,219,223
212,103,215,241,242
213,103,188,218,218
214,103,182,216,215
215,103,194,233,230
216,103,196,237,233
217,103,188,229,225
218,103,189,230,226
219,103,200,239,236
220,103,201,235,234
221,103,207,239,238
222,103,205,235,235
223,103,208,238,238
224,103,225,240,245
347,103,180,201,204
348,103,210,236,237
349,103,204,232,233
350,103,200,230,230
351,103,200,230,230
352,103,197,238,234
353,103,195,236,232
354,103,198,237,234
355,103,201,240,237
356,103,200,234,233
357,103,191,221,221
358,103,182,208,209
359,103,181,200,204
556,103,222,247,244
557,103,192,218,215
558,103,204,233,229
559,103,191,220,216
560,103,195,234,231
561,103,194,233,230
562,103,192,233,229
563,103,205,246,242
564,103,192,234,230
565,103,200,242,238
566,103,189,230,226
567,103,181,220,217
568,103,201,237,235
569,103,200,230,230
570,103,201,227,228
697,103,196,215,219
698,103,203,227,229
699,103,201,227,228
700,103,195,223,224
701,103,209,237,238
702,103,216,244,245
703,103,203,231,232
704,103,207,246,243
705,103,198,237,234
706,103,196,235,232
707,103,188,224,222
708,103,194,228,227
709,103,200,230,230
915,103,212,238,239
916,103,204,234,234
917,103,177,213,211
918,103,198,240,236
919,103,192,239,233
920,103,191,240,234
921,103,188,237,231
922,103,186,231,226
923,103,195,234,231
924,103,200,230,230
925,103,204,228,230
0,104,208,234,235
1,104,204,234,232
2,104,200,237,230
3,104,202,245,236
4,104,194,237,227
5,104,195,238,228
6,104,195,235,227
7,104,199,235,231
8,104,196,235,232
9,104,195,235,234
10,104,195,237,236
11,104,200,240,240
12,104,196,230,231
13,104,190,214,218
212,104,193,214,217
213,104,210,236,237
214,104,201,233,232
215,104,215,249,248
216,104,204,243,240
217,104,201,240,237
218,104,195,234,231
219,104,199,235,233
220,104,195,231,229
221,104,206,240,239
222,104,196,228,227
223,104,204,236,235
224,104,216,234,238
348,104,195,221,222
349,104,208,236,237
350,104,207,237,237
351,104,199,229,229
352,104,199,240,236
353,104,194,235,231
354,104,190,229,226
355,104,203,239,237
356,104,195,229,228
357,104,179,209,209
556,104,204,224,223
557,104,195,217,215
558,104,204,229,226
559,104,194,220,217
560,104,202,238,236
561,104,197,233,231
562,104,194,233,230
563,104,213,252,249
564,104,192,233,229
565,104,185,226,222
566,104,194,235,231
567,104,195,236,232
568,104,209,248,245
569,104,201,235,234
697,104,191,212,215
698,104,197,223,224
699,104,200,228,229
700,104,202,232,232
701,104,201,231,231
702,104,202,232,232
703,104,203,233,233
704,104,204,245,241
705,104,193,234,230
706,104,203,242,239
707,104,207,243,241
708,104,196,230,229
709,104,201,231,231
915,104,214,238,240
916,104,207,237,237
917,104,207,243,241
918,104,190,232,228
919,104,193,240,234
920,104,190,239,233
921,104,189,238,232
922,104,189,236,230
923,104,194,235,231
924,104,200,232,231
925,104,207,233,234
0,105,203,229,230
1,105,201,231,229
2,105,196,233,226
3,105,201,244,235
4,105,189,235,224
5,105,196,239,229
6,105,195,235,227
7,105,200,236,232
8,105,204,240,238
9,105,196,236,235
10,105,194,236,235
11,105,197,237,237
12,105,195,229,230
13,105,192,216,220
213,105,192,216,218
214,105,204,232,233
215,105,189,221,220
216,105,198,232,231
217,105,194,230,228
218,105,208,244,242
219,105,205,241,239
220,105,202,236,235
221,105,201,235,234
222,105,199,231,230
223,105,208,240,239
224,105,209,228,232
225,105,182,200,204
347,105,179,205,206
348,105,199,227,228
349,105,196,226,226
350,105,207,237,237
351,105,208,240,239
352,105,197,238,234
353,105,201,240,237
354,105,195,234,231
355,105,203,239,237
356,105,204,236,235
357,105,185,213,214
560,105,193,225,224
561,105,200,232,231
562,105,190,224,223
563,105,210,244,243
564,105,199,235,233
565,105,198,237,234
566,105,204,243,240
567,105,191,230,227
568,105,195,234,231
569,105,203,239,237
570,105,195,227,226
699,105,188,220,219
700,105,202,234,233
701,105,200,234,233
702,105,203,237,236
703,105,209,243,242
704,105,194,235,231
705,105,188,229,225
706,105,197,238,234
707,105,205,241,239
708,105,199,233,232
709,105,206,234,235
915,105,202,223,226
916,105,194,222,223
917,105,211,245,244
918,105,196,237,233
919,105,195,240,235
920,105,191,240,234
921,105,193,242,236
922,105,192,239,233
923,105,195,236,232
924,105,196,230,229
925,105,202,228,229
0,106,204,232,233
1,106,204,236,233
2,106,195,235,227
3,106,203,246,237
4,106,188,234,223
5,106,198,241,231
6,106,195,235,227
7,106,200,236,232
8,106,197,233,231
9,106,195,234,233
10,106,203,243,243
11,106,200,240,240
12,106,192,226,227
13,106,188,212,216
214,106,213,239,240
215,106,198,226,227
216,106,203,235,234
217,106,193,227,226
218,106,206,240,239
219,106,198,232,231
220,106,203,237,236
221,106,201,233,232
222,106,202,234,233
223,106,207,239,238
224,106,204,225,228
347,106,174,202,203
348,106,203,233,233
349,106,202,234,233
350,106,204,236,235
351,106,205,237,236
352,106,198,237,234
353,106,194,233,230
354,106,190,229,226
355,106,203,237,236
356,106,208,240,239
357,106,194,220,221
560,106,184,212,213
561,106,213,241,242
562,106,192,220,221
563,106,202,232,232
564,106,208,240,239
565,106,205,239,238
566,106,196,232,230
567,106,191,230,227
568,106,181,222,218
569,106,188,227,224
570,106,193,229,227
571,106,193,225,224
572,106,196,222,223
573,106,193,212,216
699,106,169,201,200
700,106,186,220,219
701,106,192,228,226
702,106,198,234,232
703,106,206,242,240
704,106,190,232,228
705,106,189,230,226
706,106,194,235,231
707,106,198,234,232
708,106,197,231,230
709,106,202,230,231
915,106,213,232,236
916,106,199,223,225
917,106,202,234,233
918,106,188,227,224
919,106,197,239,235
920,106,188,235,229
921,106,192,239,233
922,106,191,236,231
923,106,195,236,232
924,106,199,233,232
925,106,199,227,228
0,107,206,234,235
1,107,207,239,236
2,107,197,237,229
3,107,205,248,239
4,107,188,234,223
5,107,199,242,232
6,107,195,235,227
7,107,201,236,232
8,107,205,241,239
9,107,197,236,235
10,107,201,241,241
11,107,198,236,237
12,107,197,228,230
13,107,199,220,225
214,107,210,231,232
215,107,215,241,240
216,107,200,229,227
217,107,207,237,235
218,107,204,236,233
219,107,197,229,226
220,107,202,234,231
221,107,201,233,230
222,107,202,232,230
223,107,206,236,234
224,107,219,240,243
347,107,172,202,202
348,107,194,226,225
349,107,207,241,240
350,107,194,228,227
351,107,194,228,227
352,107,197,236,233
353,107,188,227,224
354,107,196,232,230
355,107,210,244,243
356,107,199,229,229
560,107,179,203,205
561,107,218,242,244
562,107,214,238,240
563,107,208,234,235
564,107,195,223,224
565,107,196,226,226
566,107,197,231,230
567,107,210,249,246
568,107,195,236,232
569,107,205,246,242
570,107,195,234,231
571,107,194,228,227
572,107,211,239,240
573,107,206,227,230
574,107,198,213,218
697,107,201,227,228
698,107,208,238,238
699,107,208,242,241
700,107,208,244,242
701,107,203,242,239
702,107,196,235,232
703,107,187,226,223
704,107,201,243,239
705,107,202,243,239
706,107,200,241,237
707,107,200,236,234
708,107,202,236,235
709,107,206,234,235
915,107,214,232,236
916,107,194,215,218
917,107,209,237,238
918,107,208,242,241
919,107,191,232,228
920,107,191,236,231
921,107,195,240,235
922,107,191,236,231
923,107,197,238,234
924,107,201,235,234
925,107,197,227,227
0,108,201,229,230
1,108,202,234,231
2,108,194,234,226
3,108,200,243,234
4,108,187,233,222
5,108,199,241,231
6,108,199,236,229
7,108,201,236,232
8,108,204,238,237
9,108,199,235,235
10,108,200,238,239
11,108,194,232,233
12,108,191,222,224
13,108,192,213,218
217,108,207,236,234
218,108,208,238,236
219,108,206,236,234
220,108,203,233,231
221,108,201,231,229
222,108,198,228,226
223,108,208,238,236
224,108,214,238,240
347,108,193,223,223
348,108,191,225,224
349,108,202,236,235
350,108,195,231,229
351,108,201,237,235
352,108,204,243,240
353,108,196,235,232
354,108,197,233,231
355,108,202,236,235
356,108,195,225,225
357,108,177,201,203
562,108,213,231,235
563,108,214,233,237
564,108,204,225,228
565,108,213,239,240
566,108,204,236,235
567,108,194,230,228
568,108,182,223,219
569,108,200,242,238
570,108,199,240,236
571,108,186,222,220
572,108,205,235,235
573,108,205,229,231
574,108,216,234,238
697,108,198,224,225
698,108,200,232,231
699,108,190,224,223
700,108,187,223,221
701,108,194,233,230
702,108,202,241,238
703,108,200,239,236
704,108,194,235,231
705,108,196,237,233
706,108,194,233,230
707,108,192,228,226
708,108,197,231,230
709,108,202,230,231
918,108,207,239,238
919,108,200,236,234
920,108,190,231,227
921,108,195,237,233
922,108,191,233,229
923,108,196,235,232
924,108,201,235,234
925,108,202,232,232
926,108,183,209,210
0,109,201,231,231
1,109,201,233,230
2,109,197,237,229
3,109,197,240,231
4,109,190,233,223
5,109,196,238,228
6,109,199,236,229
7,109,199,234,230
8,109,198,232,231
9,109,196,232,232
10,109,196,234,235
11,109,205,240,242
12,109,199,230,232
13,109,189,210,215
218,109,203,232,230
219,109,202,231,229
220,109,204,233,231
221,109,203,232,230
222,109,199,228,226
223,109,209,238,236
224,109,209,233,235
344,109,209,227,231
345,109,208,232,234
346,109,202,230,231
347,109,203,235,234
348,109,201,237,235
349,109,196,232,230
350,109,199,238,235
351,109,201,240,237
352,109,194,233,228
353,109,203,242,237
354,109,199,235,231
355,109,203,235,232
356,109,210,239,237
564,109,203,222,226
565,109,213,237,239
566,109,198,228,228
567,109,194,230,228
568,109,190,231,227
569,109,187,229,225
570,109,196,238,234
571,109,194,233,230
572,109,207,239,238
573,109,214,240,241
574,109,214,233,237
697,109,194,220,221
698,109,201,233,232
699,109,201,237,235
700,109,199,238,235
701,109,198,237,234
702,109,197,236,233
703,109,194,233,230
704,109,194,235,231
705,109,198,239,235
706,109,199,238,235
707,109,198,234,232
708,109,204,238,237
709,109,207,237,237
918,109,220,248,249
919,109,190,224,223
920,109,189,228,225
921,109,197,238,234
922,109,193,234,230
923,109,196,235,232
924,109,200,234,233
925,109,205,235,235
926,109,214,240,241
927,109,203,227,229
0,110,205,235,235
1,110,203,235,232
2,110,202,242,234
3,110,196,239,230
4,110,194,237,227
5,110,194,236,226
6,110,201,238,231
7,110,200,232,229
8,110,212,244,243
9,110,196,232,232
10,110,184,222,223
11,110,209,244,246
12,110,204,234,236
218,110,202,228,227
219,110,194,220,219
220,110,209,235,234
221,110,201,227,226
222,110,203,229,228
223,110,209,235,234
224,110,196,222,223
344,110,207,226,230
345,110,208,234,235
346,110,206,236,236
347,110,192,226,225
348,110,201,237,235
349,110,191,230,227
350,110,196,235,232
351,110,192,231,228
352,110,198,237,232
353,110,204,243,238
354,110,195,231,227
355,110,195,227,224
356,110,208,237,235
565,110,192,213,216
566,110,202,230,231
567,110,199,233,232
568,110,208,249,245
569,110,189,231,227
570,110,191,233,229
571,110,197,236,233
572,110,201,235,234
573,110,204,230,231
574,110,206,225,229
697,110,194,220,221
698,110,197,229,228
699,110,199,235,233
700,110,198,237,234
701,110,195,234,231
702,110,196,235,232
703,110,197,236,233
704,110,194,235,231
705,110,197,236,233
706,110,198,237,234
707,110,197,233,231
708,110,200,234,233
709,110,204,234,234
918,110,207,233,234
919,110,188,220,219
920,110,204,240,238
921,110,206,245,242
922,110,198,237,234
923,110,202,238,236
924,110,201,235,234
925,110,197,227,227
926,110,210,236,237
927,110,214,238,240
0,111,203,233,233
1,111,200,232,229
2,111,202,242,234
3,111,193,236,227
4,111,196,239,229
5,111,194,236,226
6,111,204,241,234
7,111,202,234,231
8,111,204,236,235
9,111,197,231,232
10,111,186,224,225
11,111,201,236,238
218,111,216,240,240
219,111,198,224,223
220,111,216,242,241
221,111,193,219,218
222,111,202,228,227
223,111,209,235,234
224,111,197,223,224
225,111,188,212,214
344,111,200,219,223
345,111,209,235,236
346,111,206,238,237
347,111,198,232,231
348,111,199,238,235
349,111,196,235,232
350,111,196,237,233
351,111,200,241,237
352,111,196,235,230
353,111,200,239,234
354,111,201,237,233
355,111,203,235,232
356,111,208,237,235
566,111,195,221,222
567,111,200,234,233
568,111,193,234,230
569,111,198,240,236
570,111,196,238,234
571,111,197,238,234
572,111,203,237,236
573,111,200,226,227
574,111,218,237,241
697,111,192,220,221
698,111,199,231,230
699,111,199,235,233
700,111,197,236,233
701,111,196,235,232
702,111,196,237,233
703,111,196,237,233
704,111,198,237,234
705,111,197,236,233
706,111,198,237,234
707,111,197,233,231
708,111,199,233,232
709,111,205,235,235
918,111,210,234,236
919,111,206,236,236
920,111,202,236,235
921,111,202,238,236
922,111,192,231,228
923,111,204,240,238
924,111,207,241,240
925,111,197,227,227
926,111,202,228,229
927,111,204,230,231
0,112,198,235,227
1,112,201,238,230
2,112,196,236,227
3,112,194,235,227
4,112,195,241,231
5,112,187,234,226
6,112,191,238,230
7,112,191,238,232
8,112,191,236,231
9,112,192,232,231
10,112,205,241,241
11,112,206,235,239
218,112,213,216,225
219,112,207,211,222
220,112,190,200,209
221,112,206,227,232
222,112,201,232,235
223,112,193,233,233
224,112,197,229,228
225,112,185,213,214
344,112,189,219,219
345,112,201,235,234
346,112,195,234,231
347,112,196,235,230
348,112,202,241,236
349,112,198,237,232
350,112,202,238,234
351,112,201,236,232
352,112,198,234,232
353,112,204,240,238
354,112,199,233,232
355,112,202,232,232
356,112,209,235,236
566,112,202,217,222
567,112,199,225,226
568,112,196,232,230
569,112,194,236,232
570,112,192,239,233
571,112,191,236,231
572,112,200,236,234
573,112,203,231,232
574,112,210,229,235
697,112,200,219,223
698,112,203,227,229
699,112,207,235,236
700,112,201,233,232
701,112,200,234,233
702,112,197,233,231
703,112,199,235,233
704,112,193,240,234
705,112,190,237,231
706,112,191,236,231
707,112,200,241,237
708,112,198,234,232
709,112,201,233,232
918,112,213,232,236
919,112,207,231,233
920,112,201,227,228
921,112,204,234,236
922,112,198,232,233
923,112,203,239,239
924,112,200,240,240
925,112,199,241,240
926,112,203,245,244
927,112,189,233,234
0,113,197,234,226
1,113,200,237,229
2,113,199,239,230
3,113,198,239,231
4,113,198,241,232
5,113,189,234,227
6,113,191,236,229
7,113,196,241,236
8,113,195,237,233
9,113,201,240,239
10,113,204,238,239
11,113,211,239,243
221,113,204,225,230
222,113,199,230,233
223,113,196,234,235
224,113,204,236,235
225,113,180,208,209
344,113,199,229,229
345,113,207,241,240
346,113,198,237,234
347,113,196,235,230
348,113,198,237,232
349,113,194,233,228
350,113,198,234,230
351,113,198,233,229
352,113,198,234,232
353,113,204,240,238
354,113,199,233,232
355,113,202,232,232
356,113,209,235,236
566,113,215,230,235
567,113,208,234,235
568,113,197,231,230
569,113,190,232,228
570,113,190,235,230
571,113,192,234,230
572,113,201,237,235
573,113,208,236,237
574,113,206,225,231
697,113,199,218,222
698,113,202,226,228
699,113,207,235,236
700,113,201,233,232
701,113,201,235,234
702,113,198,234,232
703,113,200,236,234
704,113,196,241,236
705,113,195,240,235
706,113,194,236,232
707,113,194,235,231
708,113,199,235,233
709,113,206,236,236
918,113,207,226,230
919,113,199,220,223
920,113,207,233,234
921,113,217,247,247
922,113,205,239,240
923,113,188,224,224
924,113,193,233,233
925,113,201,243,242
926,113,195,239,238
927,113,195,239,238
928,113,185,220,222
929,113,170,204,205
930,113,172,200,203
0,114,201,238,231
1,114,199,239,231
2,114,198,238,230
3,114,193,234,226
4,114,194,235,227
5,114,192,233,227
6,114,192,233,227
7,114,205,246,242
8,114,196,232,230
9,114,190,224,225
221,114,216,237,242
222,114,201,232,234
223,114,198,237,236
224,114,205,239,238
225,114,188,218,218
226,114,196,220,222
343,114,197,221,223
344,114,200,230,230
345,114,205,239,238
346,114,198,237,234
347,114,195,236,230
348,114,198,237,232
349,114,196,235,230
350,114,199,235,231
351,114,199,234,230
352,114,198,234,232
353,114,204,240,238
354,114,199,233,232
355,114,202,232,232
356,114,209,235,236
566,114,222,237,242
567,114,199,223,225
568,114,199,233,232
569,114,192,233,229
570,114,193,238,233
571,114,192,234,230
572,114,194,230,228
573,114,206,234,235
574,114,210,229,235
697,114,199,218,222
698,114,202,226,228
699,114,205,235,235
700,114,200,232,231
701,114,201,235,234
702,114,198,234,232
703,114,200,236,234
704,114,197,239,235
705,114,190,231,227
706,114,203,242,239
707,114,204,240,238
708,114,194,226,225
709,114,206,232,233
918,114,231,249,253
919,114,219,240,243
920,114,197,223,224
921,114,199,229,229
922,114,204,238,237
923,114,195,231,231
924,114,193,233,232
925,114,194,236,235
926,114,186,230,229
927,114,201,247,245
928,114,191,227,227
929,114,193,224,226
930,114,191,219,222
0,115,193,233,225
1,115,197,237,229
2,115,200,240,232
3,115,197,236,231
4,115,204,243,238
5,115,203,239,235
6,115,196,232,228
7,115,207,241,240
8,115,197,227,227
9,115,188,216,217
221,115,212,231,237
222,115,196,227,229
223,115,191,230,229
224,115,196,232,230
225,115,179,213,212
343,115,193,219,220
344,115,196,226,226
345,115,197,233,231
346,115,197,236,233
347,115,197,238,232
348,115,199,238,233
349,115,199,238,233
350,115,201,237,233
351,115,201,236,232
352,115,196,235,232
353,115,204,240,238
354,115,199,233,232
355,115,202,232,232
356,115,209,235,236
566,115,220,233,239
567,115,213,234,237
568,115,195,227,226
569,115,192,231,228
570,115,197,239,235
571,115,199,240,236
572,115,194,230,228
573,115,203,231,232
574,115,205,226,231
697,115,199,219,220
698,115,202,228,227
699,115,205,235,233
700,115,200,232,229
701,115,202,237,233
702,115,198,234,230
703,115,199,235,231
704,115,192,231,228
705,115,202,238,236
706,115,203,237,236
707,115,201,233,232
708,115,208,236,237
709,115,212,236,238
918,115,195,210,213
919,115,217,237,238
920,115,208,232,232
921,115,190,218,219
922,115,205,237,236
923,115,212,248,246
924,115,195,235,234
925,115,189,231,229
926,115,186,231,228
927,115,182,228,226
928,115,194,228,229
929,115,193,224,226
930,115,198,223,227
0,116,198,239,233
1,116,198,239,233
2,116,197,236,231
3,116,192,228,224
4,116,206,241,237
5,116,197,229,226
6,116,193,223,223
7,116,205,231,232
8,116,200,224,226
9,116,209,230,233
10,116,206,224,228
11,116,211,226,233
221,116,215,234,238
222,116,207,237,237
223,116,203,239,239
224,116,200,241,237
225,116,203,239,237
226,116,209,239,239
227,116,207,231,233
228,116,207,222,227
229,116,207,216,223
343,116,199,225,226
344,116,199,231,230
345,116,196,232,230
346,116,198,237,234
347,116,197,238,232
348,116,197,236,231
349,116,198,237,232
350,116,199,235,231
351,116,198,233,229
352,116,196,235,232
353,116,204,240,238
354,116,199,233,232
355,116,201,233,232
356,116,209,235,236
566,116,202,213,219
567,116,190,209,213
568,116,193,223,223
569,116,197,233,231
570,116,193,234,230
571,116,199,238,235
572,116,196,230,229
573,116,205,233,234
574,116,208,229,234
697,116,201,221,222
698,116,203,229,228
699,116,205,235,233
700,116,198,233,229
701,116,200,236,232
702,116,198,234,230
703,116,196,235,230
704,116,208,240,239
705,116,201,233,232
706,116,194,224,224
707,116,207,233,234
708,116,206,227,230
709,116,212,230,234
920,116,227,251,251
921,116,206,235,233
922,116,195,227,224
923,116,195,231,229
924,116,188,229,225
925,116,194,239,236
926,116,205,251,248
927,116,186,235,231
928,116,181,215,216
0,117,196,239,232
1,117,195,236,230
2,117,194,233,228
3,117,189,225,221
4,117,202,234,233
221,117,213,232,236
222,117,204,234,234
223,117,200,236,234
224,117,201,243,239
225,117,192,231,228
226,117,199,233,232
227,117,203,231,232
228,117,204,223,227
229,117,213,226,232
343,117,201,227,228
344,117,205,237,236
345,117,196,232,230
346,117,197,238,234
347,117,195,236,230
348,117,193,232,227
349,117,196,235,230
350,117,198,234,230
351,117,199,234,230
352,117,196,235,232
353,117,202,241,238
354,117,198,234,232
355,117,201,233,232
356,117,207,235,236
569,117,181,215,214
570,117,188,227,224
571,117,200,239,236
572,117,195,229,228
573,117,202,230,231
574,117,209,233,237
697,117,201,221,222
698,117,203,229,228
699,117,205,235,233
700,117,197,232,228
701,117,201,237,233
702,117,198,234,230
703,117,196,235,230
704,117,202,230,231
705,117,214,242,243
919,117,188,206,206
920,117,202,224,222
921,117,208,234,231
922,117,197,229,226
923,117,204,240,236
924,117,208,249,245
925,117,195,240,235
926,117,195,242,236
927,117,191,240,236
928,117,187,218,220
929,117,184,214,216
930,117,198,222,226
0,118,195,240,235
1,118,196,238,234
2,118,200,239,236
3,118,193,227,226
4,118,180,210,210
221,118,214,232,234
222,118,205,233,234
223,118,201,235,234
224,118,193,238,233
225,118,196,237,233
226,118,195,231,229
227,118,202,232,232
228,118,201,225,227
229,118,203,221,225
343,118,194,220,221
344,118,206,238,237
345,118,192,231,228
346,118,197,238,234
347,118,195,236,230
348,118,191,232,226
349,118,198,237,232
350,118,200,236,232
351,118,201,236,232
352,118,196,235,232
353,118,202,241,238
354,118,198,234,232
355,118,201,233,232
356,118,207,235,236
570,118,184,218,217
571,118,207,243,241
572,118,199,233,232
573,118,200,230,230
574,118,206,231,235
697,118,201,221,220
698,118,203,229,226
699,118,204,235,230
700,118,197,232,226
701,118,201,238,231
702,118,197,237,229
703,118,196,236,228
704,118,201,227,228
705,118,178,202,204
919,118,202,218,218
920,118,211,231,230
921,118,212,238,235
922,118,202,233,228
923,118,197,233,229
924,118,194,235,229
925,118,178,223,218
926,118,181,228,222
927,118,201,250,244
928,118,204,236,235
929,118,192,222,222
930,118,197,221,223
0,119,192,239,233
1,119,192,234,230
2,119,200,239,236
3,119,199,233,232
4,119,185,211,212
221,119,210,228,230
222,119,207,236,234
223,119,200,234,233
224,119,192,237,232
225,119,200,242,238
226,119,195,234,231
227,119,197,231,230
228,119,200,228,229
229,119,203,224,227
343,119,193,221,222
344,119,203,237,236
345,119,191,230,227
346,119,199,240,236
347,119,198,239,233
348,119,193,234,228
349,119,199,238,233
350,119,199,235,231
351,119,199,234,230
352,119,195,236,232
353,119,202,241,238
354,119,198,234,232
355,119,201,233,232
356,119,207,235,236
570,119,179,211,210
571,119,201,235,234
572,119,199,233,232
573,119,210,240,240
574,119,220,248,251
697,119,200,220,219
698,119,203,229,226
699,119,203,235,230
700,119,197,232,226
701,119,200,240,232
702,119,198,238,230
703,119,197,237,229
704,119,217,238,241
705,119,197,216,220
920,119,208,227,225
921,119,203,228,225
922,119,210,241,236
923,119,203,238,232
924,119,195,236,230
925,119,196,241,234
926,119,189,236,228
927,119,186,235,229
928,119,210,242,241
929,119,199,229,229
930,119,207,233,234
0,120,195,242,236
1,120,184,229,224
2,120,189,228,225
3,120,198,230,229
4,120,196,222,223
221,120,215,230,233
222,120,208,234,233
223,120,203,235,232
224,120,194,239,234
225,120,193,238,233
226,120,197,238,234
227,120,199,235,233
228,120,201,231,231
229,120,205,231,232
343,120,194,222,223
344,120,203,237,236
345,120,193,232,229
346,120,199,240,236
347,120,193,234,228
348,120,194,235,229
349,120,195,234,229
350,120,201,236,232
351,120,200,235,231
352,120,195,236,232
353,120,202,241,238
354,120,198,234,232
355,120,199,233,232
356,120,207,235,236
571,120,208,240,239
572,120,191,225,224
573,120,193,225,224
574,120,204,234,236
697,120,199,221,219
698,120,202,231,227
699,120,202,234,229
700,120,196,233,226
701,120,198,238,230
702,120,192,232,224
703,120,198,239,231
704,120,214,233,237
705,120,185,203,207
922,120,204,233,229
923,120,204,236,231
924,120,187,227,219
925,120,197,240,233
926,120,202,247,240
927,120,181,228,220
928,120,196,230,229
929,120,212,242,242
930,120,206,232,233
0,121,196,243,237
1,121,193,238,233
2,121,198,239,235
3,121,195,227,226
4,121,184,208,210
221,121,210,225,228
222,121,204,230,229
223,121,204,236,233
224,121,193,238,233
225,121,194,239,234
226,121,195,236,232
227,121,196,235,232
228,121,200,232,231
229,121,205,233,234
343,121,194,224,224
344,121,204,238,237
345,121,193,234,230
346,121,198,240,236
347,121,192,235,228
348,121,195,236,230
349,121,196,235,230
350,121,201,236,232
351,121,200,235,231
352,121,195,236,232
353,121,201,242,238
354,121,196,235,232
355,121,199,233,232
356,121,206,236,236
571,121,198,230,229
572,121,190,224,223
573,121,205,239,238
574,121,208,242,243
575,121,197,228,230
576,121,207,228,231
577,121,201,222,225
697,121,200,222,220
698,121,203,232,228
699,121,203,235,230
700,121,197,234,227
701,121,200,240,232
702,121,193,234,226
703,121,199,240,232
704,121,203,222,226
923,121,192,223,218
924,121,203,240,233
925,121,211,252,246
926,121,202,245,238
927,121,174,219,212
928,121,198,233,229
929,121,200,232,229
930,121,199,228,226
0,122,185,234,228
1,122,193,238,233
2,122,204,245,241
3,122,199,231,230
4,122,184,208,210
221,122,221,236,239
222,122,209,233,233
223,122,205,235,235
224,122,195,237,233
225,122,198,240,236
226,122,194,235,231
227,122,198,237,234
228,122,200,234,233
229,122,208,236,237
343,122,195,225,225
344,122,204,240,238
345,122,194,235,231
346,122,199,241,237
347,122,192,235,228
348,122,195,236,230
349,122,196,235,230
350,122,201,236,232
351,122,199,234,230
352,122,194,236,232
353,122,201,242,238
354,122,196,235,232
355,122,199,233,232
356,122,206,236,236
571,122,214,246,245
572,122,185,219,218
573,122,192,228,226
574,122,185,221,221
575,122,207,243,243
576,122,213,241,242
577,122,229,255,255
578,122,185,209,211
697,122,199,221,219
698,122,202,231,227
699,122,202,234,229
700,122,196,233,226
701,122,199,239,231
702,122,192,233,225
703,122,197,238,230
704,122,212,233,236
705,122,192,210,214
923,122,216,245,241
924,122,193,228,222
925,122,188,227,222
926,122,201,242,236
927,122,191,234,227
928,122,199,235,231
929,122,195,230,226
930,122,200,230,228
0,123,185,232,226
1,123,189,234,229
2,123,201,242,238
3,123,201,233,232
4,123,192,216,218
221,123,212,226,229
222,123,212,236,238
223,123,199,229,229
224,123,192,233,229
225,123,195,236,232
226,123,191,232,228
227,123,198,237,234
228,123,201,235,234
229,123,208,238,238
343,123,196,226,226
344,123,205,241,239
345,123,194,235,231
346,123,199,241,237
347,123,192,235,228
348,123,196,237,231
349,123,197,236,231
350,123,201,236,232
351,123,199,234,230
352,123,194,236,232
353,123,201,242,238
354,123,196,235,232
355,123,198,234,232
356,123,206,236,236
571,123,203,233,233
572,123,196,230,229
573,123,207,246,243
574,123,195,235,234
575,123,194,234,233
576,123,181,213,212
577,123,208,240,239
578,123,194,222,223
579,123,205,231,232
697,123,199,221,219
698,123,202,231,227
699,123,199,234,228
700,123,196,233,226
701,123,199,240,232
702,123,192,233,225
703,123,195,238,229
704,123,212,236,238
705,123,186,205,209
923,123,185,211,208
924,123,210,241,236
925,123,198,233,229
926,123,191,230,225
927,123,205,244,239
928,123,202,241,236
929,123,204,240,236
930,123,199,231,228
931,123,208,234,233
932,123,201,221,222
0,124,198,245,239
1,124,192,237,232
2,124,196,237,233
3,124,195,227,226
4,124,187,213,214
221,124,214,228,231
222,124,209,230,233
223,124,196,224,225
224,124,192,231,228
225,124,192,231,228
226,124,190,229,226
227,124,195,234,231
228,124,198,232,231
229,124,205,235,235
343,124,196,228,227
344,124,205,241,239
345,124,194,235,231
346,124,198,240,236
347,124,192,235,228
348,124,196,237,231
349,124,197,236,231
350,124,201,236,232
351,124,201,233,230
352,124,194,236,232
353,124,200,242,238
354,124,196,235,232
355,124,198,234,232
356,124,206,236,236
571,124,178,208,208
572,124,168,204,202
573,124,176,217,213
574,124,190,232,230
575,124,204,246,244
576,124,189,225,223
577,124,208,244,242
578,124,197,229,228
579,124,211,241,241
697,124,201,223,221
698,124,203,232,228
699,124,200,235,229
700,124,195,235,227
701,124,201,242,234
702,124,193,236,227
703,124,196,239,230
704,124,198,224,225
705,124,182,203,206
924,124,189,218,216
925,124,203,235,232
926,124,202,237,233
927,124,200,236,232
928,124,179,222,215
929,124,193,232,227
930,124,198,233,229
931,124,206,235,233
932,124,206,227,228
0,125,199,246,238
1,125,193,238,231
2,125,195,236,230
3,125,190,225,221
4,125,182,208,209
223,125,206,234,235
224,125,201,237,235
225,125,192,231,228
226,125,195,234,231
227,125,198,234,232
228,125,197,231,230
229,125,200,230,230
343,125,196,228,227
344,125,202,241,238
345,125,192,234,230
346,125,197,239,235
347,125,192,235,228
348,125,196,237,231
349,125,197,236,231
350,125,201,236,232
351,125,201,233,230
352,125,194,236,232
353,125,200,242,238
354,125,195,236,232
355,125,198,234,232
356,125,206,236,236
571,125,197,227,227
572,125,198,234,232
573,125,190,231,227
574,125,179,224,221
575,125,190,236,233
576,125,198,239,235
577,125,188,227,224
578,125,199,235,233
579,125,201,233,232
697,125,200,221,222
698,125,202,231,229
699,125,199,234,230
700,125,194,233,228
701,125,201,242,236
702,125,193,236,229
703,125,195,238,231
704,125,208,236,237
705,125,185,209,211
924,125,213,239,238
925,125,208,238,236
926,125,192,224,221
927,125,200,234,233
928,125,196,242,232
929,125,197,238,230
930,125,203,240,233
931,125,194,224,222
932,125,215,239,239
0,126,193,240,232
1,126,192,237,230
2,126,196,237,231
3,126,186,221,217
4,126,175,204,202
223,126,193,221,222
224,126,192,228,226
225,126,183,219,217
226,126,199,235,233
227,126,200,236,234
228,126,201,235,234
229,126,198,228,228
343,126,196,228,227
344,126,202,241,238
345,126,191,233,229
346,126,194,239,234
347,126,191,234,227
348,126,196,237,231
349,126,198,237,232
350,126,202,237,233
351,126,201,233,230
352,126,194,236,232
353,126,200,242,238
354,126,195,236,232
355,126,198,234,232
356,126,205,237,236
571,126,198,228,228
572,126,194,230,228
573,126,187,229,225
574,126,181,227,224
575,126,205,251,248
576,126,205,247,243
577,126,191,233,229
578,126,210,249,246
579,126,190,224,223
580,126,206,236,236
581,126,198,224,225
582,126,207,226,230
697,126,200,221,222
698,126,200,230,228
699,126,197,232,228
700,126,193,232,227
701,126,200,241,235
702,126,192,235,228
703,126,193,236,229
704,126,204,234,234
705,126,184,210,211
924,126,198,222,222
925,126,202,231,229
926,126,206,236,236
927,126,192,224,223
928,126,201,247,237
929,126,195,238,229
930,126,194,234,226
931,126,194,226,221
932,126,209,235,234
933,126,201,221,222
934,126,205,220,223
0,127,195,242,234
1,127,195,240,233
2,127,194,235,229
3,127,179,214,210
224,127,169,203,202
226,127,192,228,226
227,127,199,235,233
228,127,204,238,237
229,127,199,229,229
343,127,196,228,227
344,127,201,240,237
345,127,190,232,228
346,127,193,238,233
347,127,190,233,226
348,127,196,237,231
349,127,198,237,232
350,127,202,237,233
351,127,201,233,230
352,127,192,237,232
353,127,200,242,238
354,127,195,236,232
355,127,198,234,232
356,127,205,237,236
571,127,174,204,204
572,127,173,209,207
573,127,181,223,219
574,127,181,227,224
575,127,186,235,231
576,127,192,237,232
577,127,198,240,236
578,127,195,236,232
579,127,201,237,235
580,127,198,230,229
581,127,216,242,243
582,127,213,234,237
583,127,185,200,205
697,127,199,223,223
698,127,202,232,230
699,127,198,233,229
700,127,194,233,228
701,127,202,243,237
702,127,193,236,229
703,127,194,237,230
704,127,202,232,232
705,127,188,214,215
924,127,217,238,239
925,127,219,245,244
926,127,217,247,247
927,127,187,217,217
928,127,198,245,235
929,127,199,242,233
930,127,189,229,221
931,127,211,243,238
932,127,203,229,228
933,127,216,237,238
934,127,224,242,244
935,127,202,216,219
0,128,191,236,231
1,128,199,241,237
2,128,195,234,231
3,128,176,208,207
226,128,209,237,240
227,128,211,242,244
228,128,198,232,231
229,128,205,237,234
343,128,197,227,227
344,128,205,241,239
345,128,188,229,225
346,128,199,241,237
347,128,188,233,228
348,128,194,236,232
349,128,197,238,234
350,128,195,234,231
351,128,201,237,235
352,128,193,238,233
353,128,199,241,237
354,128,196,235,232
355,128,202,234,233
356,128,209,235,236
574,128,180,206,207
575,128,194,222,223
576,128,190,229,226
577,128,193,234,230
578,128,205,246,242
579,128,195,236,232
580,128,191,232,228
581,128,184,223,220
582,128,182,216,215
583,128,209,239,239
584,128,205,229,231
697,128,199,221,219
698,128,202,231,227
699,128,202,234,229
700,128,197,232,226
701,128,205,242,235
702,128,196,236,228
703,128,196,236,228
704,128,205,233,234
705,128,188,209,212
927,128,197,213,213
928,128,192,231,228
929,128,198,234,232
930,128,202,238,236
931,128,214,250,248
932,128,190,224,223
933,128,197,229,228
934,128,197,227,227
935,128,188,214,215
0,129,194,239,234
1,129,197,239,235
2,129,197,236,233
3,129,184,216,215
4,129,176,200,202
226,129,183,211,214
227,129,200,231,233
228,129,212,246,245
229,129,197,229,226
343,129,195,225,225
344,129,205,241,239
345,129,189,230,226
346,129,199,241,237
347,129,191,233,229
348,129,194,236,232
349,129,197,238,234
350,129,196,235,232
351,129,201,237,235
352,129,190,235,230
353,129,199,241,237
354,129,195,234,231
355,129,200,232,231
356,129,208,234,235
575,129,183,209,210
576,129,193,232,229
577,129,195,234,231
578,129,192,231,228
579,129,194,235,231
580,129,194,235,231
581,129,206,245,242
582,129,205,239,238
583,129,201,231,231
584,129,202,228,229
585,129,203,222,226
586,129,224,239,244
587,129,211,224,230
697,129,199,221,219
698,129,202,231,227
699,129,202,234,229
700,129,197,232,226
701,129,205,242,235
702,129,196,236,228
703,129,196,236,228
704,129,204,232,233
705,129,188,209,212
927,129,206,222,222
928,129,204,240,238
929,129,201,235,234
930,129,203,237,236
931,129,198,232,231
932,129,185,219,218
933,129,206,238,237
934,129,205,235,235
935,129,184,212,213
0,130,193,238,233
1,130,191,233,229
2,130,196,235,232
3,130,192,224,223
4,130,180,204,206
228,130,199,233,232
229,130,199,235,231
230,130,175,207,204
343,130,195,223,224
344,130,204,238,237
345,130,190,231,227
346,130,198,240,236
347,130,192,234,230
348,130,194,236,232
349,130,197,238,234
350,130,196,235,232
351,130,200,236,234
352,130,192,237,232
353,130,203,245,241
354,130,198,237,234
355,130,202,234,233
356,130,211,237,238
576,130,198,232,231
577,130,201,237,235
578,130,190,226,224
579,130,194,233,230
580,130,199,238,235
581,130,197,236,233
582,130,202,238,236
583,130,197,229,228
584,130,205,233,234
585,130,204,228,230
586,130,216,235,239
587,130,221,239,243
697,130,199,221,219
698,130,202,231,227
699,130,202,234,229
700,130,197,232,226
701,130,205,242,235
702,130,196,236,228
703,130,196,236,228
704,130,204,232,233
705,130,188,209,212
927,130,209,223,224
928,130,208,240,239
929,130,192,224,223
930,130,200,232,231
931,130,203,235,234
932,130,202,236,235
933,130,202,236,235
934,130,202,234,233
935,130,194,224,224
0,131,198,243,238
1,131,190,232,228
2,131,200,239,236
3,131,203,235,234
4,131,190,214,216
228,131,195,231,229
229,131,195,234,229
230,131,203,239,235
231,131,180,210,208
343,131,194,222,223
344,131,202,236,235
345,131,193,232,229
346,131,197,239,235
347,131,194,236,232
348,131,194,235,231
349,131,198,237,234
350,131,198,234,232
351,131,199,235,233
352,131,190,235,230
353,131,201,243,239
354,131,195,234,231
355,131,198,230,229
356,131,209,235,236
576,131,203,233,233
577,131,208,240,239
578,131,196,230,229
579,131,190,226,224
580,131,200,239,236
581,131,187,226,223
582,131,195,234,231
583,131,202,238,236
584,131,210,242,241
585,131,186,214,215
586,131,197,221,223
587,131,219,240,243
588,131,206,225,229
697,131,199,221,219
698,131,202,231,227
699,131,202,234,229
700,131,197,232,226
701,131,205,242,235
702,131,196,236,228
703,131,196,236,228
704,131,204,233,231
705,131,189,210,211
928,131,182,208,207
929,131,200,229,227
930,131,209,238,236
931,131,203,233,231
932,131,205,237,234
933,131,185,220,216
934,131,193,228,224
935,131,193,228,224
936,131,182,214,211
0,132,196,241,236
1,132,189,231,227
2,132,200,239,236
3,132,205,237,236
4,132,192,216,218
226,132,202,226,230
227,132,197,229,228
228,132,206,245,242
229,132,193,234,228
230,132,189,230,224
231,132,211,247,243
232,132,208,238,236
233,132,199,220,221
234,132,200,215,218
343,132,196,222,223
344,132,200,234,233
345,132,194,233,230
346,132,196,237,233
347,132,196,237,233
348,132,192,233,229
349,132,197,236,233
350,132,198,234,232
351,132,199,233,232
352,132,196,238,234
353,132,202,243,239
354,132,197,233,231
355,132,200,232,231
356,132,211,237,238
576,132,209,233,235
577,132,198,224,225
578,132,196,226,226
579,132,207,241,240
580,132,202,238,236
581,132,197,236,233
582,132,189,230,226
583,132,187,226,223
584,132,212,248,246
585,132,204,236,235
586,132,199,229,229
587,132,203,231,232
588,132,215,241,242
589,132,187,213,214
590,132,189,213,215
591,132,217,241,243
697,132,199,221,219
698,132,202,231,227
699,132,202,234,229
700,132,197,232,226
701,132,205,242,235
702,132,196,236,228
703,132,196,236,228
704,132,204,233,231
705,132,189,210,211
929,132,222,243,244
930,132,201,225,225
931,132,188,217,215
932,132,211,243,240
933,132,201,236,232
934,132,206,242,238
935,132,179,215,211
936,132,193,228,224
937,132,218,250,247
938,132,187,213,212
939,132,211,232,233
0,133,193,238,233
1,133,190,232,228
2,133,198,237,234
3,133,201,233,232
4,133,190,214,216
226,133,210,234,236
227,133,192,222,222
228,133,191,230,227
229,133,192,235,228
230,133,187,230,223
231,133,196,237,231
232,133,196,231,227
233,133,202,231,229
234,133,200,221,222
235,133,189,204,209
343,133,197,223,224
344,133,200,232,231
345,133,198,234,232
346,133,195,236,232
347,133,198,239,235
348,133,193,232,229
349,133,199,235,233
350,133,200,234,233
351,133,198,232,231
352,133,198,240,236
353,133,201,242,238
354,133,199,235,233
355,133,204,236,235
356,133,210,236,237
579,133,213,243,243
580,133,196,230,229
581,133,199,238,235
582,133,191,232,228
583,133,191,232,228
584,133,193,232,229
585,133,186,222,220
586,133,203,237,236
587,133,204,236,235
588,133,200,230,230
589,133,199,229,229
590,133,202,232,232
591,133,201,231,231
592,133,208,232,232
697,133,199,221,219
698,133,202,231,227
699,133,202,234,229
700,133,197,232,226
701,133,205,242,235
702,133,196,236,228
703,133,196,236,228
704,133,204,233,231
705,133,190,211,212
932,133,198,228,226
933,133,186,221,217
934,133,198,237,232
935,133,193,232,227
936,133,218,255,252
937,133,204,239,235
938,133,179,209,207
939,133,201,225,225
0,134,196,241,236
1,134,198,240,236
2,134,203,242,239
3,134,200,232,231
4,134,192,216,218
226,134,209,230,233
227,134,201,231,231
228,134,200,236,234
229,134,199,242,235
230,134,203,248,241
231,134,181,226,219
232,134,191,230,225
233,134,202,237,233
234,134,214,240,241
235,134,209,228,232
343,134,198,224,225
344,134,200,232,231
345,134,200,236,234
346,134,196,235,232
347,134,200,241,237
348,134,193,232,229
349,134,200,236,234
350,134,201,235,234
351,134,200,232,231
352,134,192,234,230
353,134,193,234,230
354,134,197,233,231
355,134,203,233,233
356,134,202,226,228
579,134,211,237,238
580,134,206,238,237
581,134,195,231,229
582,134,193,234,230
583,134,198,239,235
584,134,204,245,241
585,134,192,231,228
586,134,212,248,246
587,134,201,237,235
588,134,190,224,223
589,134,205,239,238
590,134,192,226,225
591,134,197,231,230
592,134,201,229,230
593,134,192,218,219
697,134,199,221,219
698,134,202,231,227
699,134,202,234,229
700,134,197,232,226
701,134,205,242,235
702,134,196,236,228
703,134,196,236,228
704,134,204,233,229
705,134,190,212,210
932,134,218,247,243
933,134,203,235,230
934,134,195,232,225
935,134,190,231,223
936,134,179,219,211
937,134,187,224,217
938,134,212,244,239
939,134,227,253,250
0,135,191,236,231
1,135,197,239,235
2,135,199,238,235
3,135,192,224,223
4,135,187,211,213
226,135,207,226,230
227,135,204,230,231
228,135,202,236,235
229,135,180,221,215
230,135,200,245,238
231,135,199,244,237
232,135,191,234,227
233,135,191,227,223
234,135,202,232,232
235,135,207,231,233
343,135,201,225,227
344,135,201,231,231
345,135,201,237,235
346,135,197,236,233
347,135,203,242,239
348,135,194,233,230
349,135,201,237,235
350,135,202,236,235
351,135,201,233,232
352,135,194,235,231
353,135,195,234,231
354,135,202,238,236
355,135,209,239,239
356,135,202,226,228
579,135,180,201,204
580,135,208,236,237
581,135,189,223,222
582,135,197,236,233
583,135,189,230,226
584,135,187,228,224
585,135,203,242,239
586,135,191,230,227
587,135,185,224,221
588,135,193,232,229
589,135,198,237,234
590,135,194,233,230
591,135,200,239,236
592,135,194,226,225
593,135,203,231,232
594,135,188,212,214
595,135,219,237,241
596,135,214,223,230
697,135,199,221,219
698,135,202,231,227
699,135,202,234,229
700,135,197,232,226
701,135,205,242,235
702,135,196,236,228
703,135,196,236,228
704,135,203,232,228
705,135,190,212,210
932,135,197,222,219
933,135,194,225,220
934,135,202,237,231
935,135,209,249,241
936,135,203,243,235
937,135,197,234,227
938,135,195,230,224
939,135,196,225,221
940,135,193,215,213
941,135,205,223,223
0,136,192,237,232
1,136,197,239,235
2,136,192,231,228
3,136,176,208,207
226,136,193,208,213
227,136,207,231,233
228,136,203,235,232
229,136,214,253,248
230,136,201,242,236
231,136,190,233,226
232,136,191,232,226
233,136,200,239,234
234,136,201,233,232
235,136,203,231,232
236,136,190,211,216
343,136,197,221,223
344,136,196,226,226
345,136,197,233,231
346,136,193,232,229
347,136,207,246,243
348,136,191,230,227
349,136,198,234,232
350,136,203,237,236
351,136,205,237,236
352,136,185,226,222
353,136,203,242,239
354,136,197,231,230
355,136,189,219,219
580,136,191,215,217
581,136,206,236,236
582,136,185,219,218
583,136,213,249,247
584,136,198,237,234
585,136,209,248,245
586,136,184,223,220
587,136,203,242,239
588,136,210,249,246
589,136,183,224,220
590,136,197,238,234
591,136,189,231,227
592,136,212,244,243
593,136,173,203,203
697,136,200,222,220
698,136,202,231,227
699,136,203,235,230
700,136,195,230,224
701,136,201,238,231
702,136,196,236,228
703,136,188,228,220
704,136,200,229,225
705,136,190,212,210
933,136,216,242,239
934,136,195,226,221
935,136,194,229,223
936,136,206,243,236
937,136,198,233,227
938,136,215,247,242
939,136,204,233,229
940,136,210,235,232
941,136,208,228,227
942,136,182,200,200
0,137,191,236,231
1,137,194,236,232
2,137,189,228,225
3,137,177,209,208
226,137,189,202,208
227,137,212,231,235
228,137,196,222,221
229,137,183,215,212
230,137,187,223,219
231,137,200,239,234
232,137,192,231,226
233,137,197,233,229
234,137,196,231,227
235,137,207,237,237
236,137,210,236,237
237,137,220,241,244
238,137,215,234,240
343,137,199,223,225
344,137,206,236,236
345,137,202,238,236
346,137,195,234,231
347,137,204,243,240
348,137,192,231,228
349,137,204,240,238
350,137,201,235,234
351,137,199,231,230
352,137,200,241,237
353,137,199,238,235
354,137,198,232,231
355,137,198,226,227
581,137,199,225,226
582,137,205,235,235
583,137,207,239,238
584,137,190,222,221
585,137,208,242,241
586,137,189,223,222
587,137,199,235,233
588,137,197,236,233
589,137,186,227,223
590,137,201,243,239
591,137,192,234,230
592,137,217,251,250
593,137,174,206,205
697,137,199,221,219
698,137,202,231,227
699,137,204,236,231
700,137,196,231,225
701,137,202,239,232
702,137,197,237,229
703,137,190,230,222
704,137,207,236,232
705,137,185,207,205
933,137,216,236,235
934,137,217,242,239
935,137,208,237,233
936,137,204,235,230
937,137,191,222,217
938,137,198,229,224
939,137,200,229,225
940,137,212,238,235
941,137,211,236,233
942,137,209,231,229
943,137,228,248,247
944,137,218,232,235
0,138,194,239,234
1,138,198,240,236
2,138,200,239,236
3,138,197,229,228
4,138,186,210,212
228,138,210,230,231
229,138,206,232,231
230,138,206,236,234
231,138,203,235,230
232,138,211,246,240
233,138,201,236,232
234,138,204,236,233
235,138,198,230,227
236,138,187,216,214
237,138,202,228,229
238,138,192,216,218
343,138,207,231,233
344,138,204,234,234
345,138,203,239,237
346,138,201,240,237
347,138,203,242,239
348,138,187,226,223
349,138,200,236,234
350,138,197,231,230
351,138,202,234,233
352,138,188,227,224
353,138,202,238,236
354,138,205,239,238
355,138,210,238,239
585,138,201,229,230
586,138,207,237,237
587,138,201,233,232
588,138,203,239,237
589,138,190,229,226
590,138,188,229,225
591,138,191,233,229
592,138,194,230,228
593,138,196,228,227
594,138,188,216,217
595,138,224,245,248
596,138,208,226,230
697,138,199,221,219
698,138,202,231,227
699,138,204,236,231
700,138,196,231,225
701,138,203,240,233
702,138,198,238,230
703,138,191,231,223
704,138,201,230,226
705,138,189,211,209
937,138,201,227,224
938,138,213,239,236
939,138,185,211,208
940,138,211,237,234
941,138,211,237,234
942,138,190,216,213
943,138,187,213,210
944,138,207,225,227
945,138,203,221,223
946,138,214,232,234
952,138,202,211,216
953,138,220,227,233
954,138,228,233,239
0,139,192,237,232
1,139,196,238,234
2,139,201,240,237
3,139,204,236,235
4,139,194,218,220
231,139,200,225,222
232,139,200,229,225
233,139,192,223,218
234,139,211,243,238
235,139,210,242,237
236,139,201,233,230
237,139,202,232,230
238,139,207,237,235
239,139,185,215,213
343,139,202,228,229
344,139,205,237,236
345,139,200,236,234
346,139,195,234,231
347,139,201,240,237
348,139,193,232,229
349,139,207,243,241
350,139,199,233,232
351,139,206,238,237
352,139,199,238,235
353,139,192,228,226
354,139,196,228,227
355,139,204,232,233
586,139,181,205,207
587,139,173,201,202
588,139,200,232,231
589,139,223,255,255
590,139,200,239,236
591,139,186,227,223
592,139,187,223,221
593,139,220,254,253
594,139,193,223,223
595,139,199,225,226
596,139,221,242,245
697,139,199,221,219
698,139,202,231,227
699,139,204,236,231
700,139,196,231,225
701,139,202,239,232
702,139,198,238,230
703,139,190,230,222
704,139,193,222,218
705,139,197,219,217
938,139,227,249,247
939,139,201,226,223
940,139,209,235,232
941,139,198,227,223
942,139,199,230,225
943,139,213,244,239
944,139,218,242,242
945,139,206,230,230
946,139,183,207,207
0,140,194,239,234
1,140,193,235,231
2,140,195,234,231
3,140,197,229,228
4,140,188,212,214
231,140,185,203,203
232,140,205,227,224
233,140,182,209,204
235,140,197,229,224
236,140,192,227,221
237,140,192,227,221
238,140,206,241,235
239,140,188,223,217
240,140,211,237,238
241,140,217,243,244
242,140,205,226,229
243,140,210,229,233
343,140,191,217,218
344,140,194,226,225
345,140,195,231,229
346,140,192,231,228
347,140,199,240,236
348,140,189,228,225
349,140,196,232,230
350,140,194,228,227
351,140,210,242,241
352,140,198,237,234
353,140,201,237,235
354,140,199,231,230
355,140,206,234,235
589,140,172,204,203
590,140,198,234,232
591,140,187,226,223
592,140,197,236,233
593,140,194,230,228
594,140,205,239,238
595,140,212,242,242
596,140,188,214,215
597,140,201,225,227
598,140,209,230,233
599,140,199,220,223
600,140,214,235,238
601,140,192,213,216
697,140,200,222,220
698,140,202,231,227
699,140,204,236,231
700,140,195,230,224
701,140,201,238,231
702,140,196,236,228
703,140,189,229,221
704,140,201,230,226
938,140,187,203,203
939,140,193,215,213
940,140,186,212,209
941,140,204,235,230
942,140,201,236,230
943,140,202,239,232
944,140,185,217,214
945,140,202,232,230
946,140,206,236,234
947,140,200,229,227
948,140,210,239,237
949,140,207,233,232
950,140,207,231,231
0,141,197,242,237
1,141,195,237,233
2,141,198,237,234
3,141,201,233,232
4,141,192,216,218
236,141,197,232,225
237,141,199,239,230
238,141,198,238,229
239,141,194,236,226
240,141,192,222,222
241,141,199,227,228
242,141,204,230,231
243,141,208,229,232
344,141,197,229,228
345,141,205,241,239
346,141,195,236,232
347,141,205,246,242
348,141,197,236,233
349,141,200,236,234
350,141,200,234,233
351,141,210,244,243
352,141,199,238,235
353,141,201,237,235
354,141,190,222,221
355,141,203,231,232
356,141,198,219,222
592,141,170,211,205
593,141,190,231,225
594,141,194,230,226
595,141,196,231,227
596,141,201,233,230
597,141,197,227,225
598,141,202,231,229
599,141,203,232,230
600,141,198,227,225
601,141,210,240,238
602,141,191,220,218
603,141,180,209,207
604,141,192,216,216
605,141,190,211,212
606,141,199,219,220
697,141,200,222,220
698,141,202,231,227
699,141,203,235,230
700,141,195,230,224
701,141,201,238,231
702,141,196,236,228
703,141,188,228,220
941,141,203,235,232
942,141,198,234,230
943,141,197,236,231
944,141,187,226,221
945,141,191,230,225
946,141,193,229,225
947,141,193,229,225
948,141,211,246,242
949,141,198,230,227
950,141,207,237,235
951,141,197,226,224
952,141,193,219,218
953,141,197,221,221
954,141,207,228,229
955,141,184,204,205
0,142,192,237,232
1,142,193,235,231
2,142,198,237,234
3,142,203,235,234
4,142,194,218,220
235,142,177,208,200
236,142,201,238,230
237,142,202,244,234
238,142,188,231,221
239,142,195,238,228
240,142,206,238,237
241,142,208,238,238
242,142,206,234,235
243,142,192,216,218
344,142,193,225,224
345,142,199,238,235
346,142,175,216,212
347,142,190,231,227
348,142,195,236,232
349,142,201,240,237
350,142,198,234,232
351,142,188,222,221
352,142,195,234,231
353,142,190,226,224
354,142,203,235,234
355,142,214,240,241
590,142,170,202,201
592,142,170,213,206
593,142,198,241,234
594,142,190,231,225
595,142,187,223,219
596,142,205,241,237
597,142,200,235,231
598,142,197,232,228
599,142,196,231,227
600,142,204,239,235
601,142,199,234,230
602,142,198,233,229
603,142,206,238,235
604,142,213,243,241
605,142,201,227,226
606,142,205,229,229
607,142,180,201,202
697,142,199,221,219
698,142,202,231,227
699,142,204,236,231
700,142,195,230,224
701,142,202,239,232
702,142,197,237,229
703,142,189,229,221
941,142,200,235,231
942,142,185,224,219
943,142,196,239,232
944,142,186,229,222
945,142,194,237,230
946,142,194,237,230
947,142,191,232,226
948,142,206,245,240
949,142,194,230,226
950,142,196,231,227
951,142,215,247,244
952,142,210,240,238
953,142,204,233,231
954,142,211,237,236
955,142,196,220,220
0,143,195,240,235
1,143,195,237,233
2,143,197,236,233
3,143,200,232,231
4,143,191,215,217
236,143,177,215,204
237,143,200,242,230
238,143,191,237,224
239,143,184,230,217
240,143,199,233,232
241,143,203,235,234
242,143,199,227,228
243,143,198,222,224
344,143,180,212,211
345,143,211,250,247
346,143,194,235,231
347,143,202,243,239
348,143,192,233,229
349,143,195,234,231
350,143,207,243,241
351,143,203,237,236
352,143,201,240,237
353,143,204,240,238
354,143,188,220,219
355,143,208,234,235
590,143,186,218,217
591,143,184,218,217
592,143,175,220,213
593,143,189,232,225
594,143,203,244,238
595,143,202,241,236
596,143,187,226,221
597,143,198,234,230
598,143,199,235,231
599,143,201,240,235
600,143,196,235,230
601,143,192,231,226
602,143,194,233,228
603,143,208,244,240
604,143,200,232,229
605,143,198,228,226
606,143,202,228,227
607,143,176,200,200
697,143,199,221,219
698,143,202,231,227
699,143,204,236,231
700,143,196,231,225
701,143,203,240,233
702,143,198,238,230
703,143,191,231,223
942,143,193,234,228
943,143,199,244,237
944,143,193,240,232
945,143,192,239,231
946,143,193,238,231
947,143,194,237,230
948,143,188,231,224
949,143,194,235,229
950,143,199,238,233
951,143,196,232,228
952,143,199,231,228
953,143,200,230,228
954,143,210,239,237
955,143,206,232,231
956,143,211,235,235
957,143,206,230,230
958,143,207,228,229
0,144,193,240,234
1,144,198,243,238
2,144,194,235,231
3,144,201,235,234
4,144,194,220,221
237,144,193,216,210
238,144,202,227,223
239,144,204,229,226
240,144,199,234,230
241,144,184,220,216
242,144,189,225,221
243,144,201,240,237
344,144,206,236,236
345,144,198,234,232
346,144,194,235,231
347,144,197,238,234
348,144,197,238,234
349,144,191,232,228
350,144,186,225,222
351,144,187,223,221
352,144,187,229,225
353,144,201,242,238
354,144,188,222,221
355,144,205,231,232
594,144,183,202,206
595,144,208,227,231
596,144,208,229,232
597,144,214,235,238
598,144,205,229,231
599,144,208,234,235
600,144,211,239,240
601,144,208,236,237
602,144,201,231,231
603,144,201,233,232
604,144,198,230,229
605,144,206,240,239
606,144,202,236,235
607,144,196,230,229
697,144,194,219,216
698,144,201,230,226
699,144,202,234,229
700,144,199,234,228
701,144,199,234,228
702,144,198,233,227
703,144,193,228,222
704,144,177,208,203
943,144,201,212,214
944,144,208,232,232
945,144,199,223,223
946,144,199,225,224
947,144,205,231,230
948,144,222,251,249
949,144,200,230,228
950,144,201,236,232
951,144,204,239,235
952,144,195,231,227
953,144,198,237,232
954,144,191,230,225
955,144,193,232,227
956,144,204,243,238
957,144,209,248,243
958,144,203,242,237
959,144,185,224,219
0,145,192,239,233
1,145,199,244,239
2,145,197,238,234
3,145,201,235,234
4,145,194,220,221
237,145,206,227,222
238,145,212,234,231
239,145,199,224,221
240,145,210,245,241
241,145,195,230,226
242,145,192,228,224
243,145,207,243,239
244,145,193,232,229
245,145,187,223,221
344,145,192,222,222
345,145,195,231,229
346,145,197,238,234
347,145,196,237,233
348,145,196,237,233
349,145,200,241,237
350,145,208,247,244
351,145,214,250,248
352,145,201,243,239
353,145,204,243,240
354,145,198,232,231
355,145,195,221,222
599,145,197,221,223
600,145,212,238,239
601,145,194,220,221
602,145,206,234,235
603,145,202,232,232
604,145,197,227,227
605,145,209,241,240
606,145,189,221,220
607,145,204,236,235
608,145,185,215,217
609,145,211,239,242
610,145,208,236,239
611,145,196,221,225
697,145,196,221,218
698,145,203,232,228
699,145,201,233,228
700,145,198,233,227
701,145,201,236,230
702,145,201,236,230
703,145,192,227,221
704,145,205,236,231
705,145,201,223,221
945,145,192,213,214
946,145,208,232,232
947,145,200,226,225
948,145,200,229,227
949,145,196,226,224
950,145,195,227,224
951,145,203,238,234
952,145,203,239,235
953,145,203,239,235
954,145,199,238,233
955,145,193,232,227
956,145,190,229,224
957,145,189,228,223
958,145,186,225,220
959,145,184,223,218
960,145,213,244,239
961,145,194,225,220
962,145,220,249,245
963,145,202,227,224
0,146,196,243,237
1,146,196,241,236
2,146,194,235,231
3,146,198,232,231
4,146,190,216,217
237,146,190,209,205
238,146,195,215,213
239,146,195,215,214
240,146,216,246,244
241,146,209,241,238
242,146,203,235,232
243,146,204,239,235
244,146,198,234,230
245,146,202,238,236
246,146,185,219,218
247,146,202,232,232
248,146,209,235,236
249,146,207,226,230
344,146,187,217,217
345,146,198,234,232
346,146,203,244,240
347,146,195,236,232
348,146,188,229,225
349,146,190,231,227
350,146,190,229,226
351,146,188,224,222
352,146,188,230,226
353,146,188,227,224
354,146,203,237,236
355,146,212,238,239
356,146,212,231,235
599,146,182,201,205
600,146,214,235,238
601,146,198,219,222
602,146,197,221,223
603,146,209,235,236
604,146,207,233,234
605,146,202,230,231
606,146,197,225,226
607,146,214,242,243
608,146,201,229,232
609,146,202,230,233
610,146,193,221,224
611,146,207,232,236
612,146,192,216,218
613,146,207,228,231
614,146,202,221,225
697,146,197,222,219
698,146,205,234,230
699,146,201,233,228
700,146,198,233,227
701,146,204,239,233
702,146,203,238,232
703,146,192,227,221
704,146,196,227,222
705,146,193,215,213
946,146,198,218,219
947,146,205,226,227
948,146,202,226,226
949,146,196,222,221
950,146,206,236,234
951,146,192,224,221
952,146,199,234,230
953,146,196,231,227
954,146,201,237,233
955,146,204,240,236
956,146,202,238,234
957,146,201,237,233
958,146,203,239,235
959,146,207,243,239
960,146,207,239,234
961,146,179,211,206
962,146,198,229,224
963,146,202,228,225
964,146,200,222,220
0,147,197,244,238
1,147,190,235,230
2,147,191,232,228
3,147,199,233,232
4,147,188,214,215
240,147,193,219,218
241,147,200,229,227
242,147,203,233,231
243,147,203,235,232
244,147,200,235,231
245,147,194,229,225
246,147,193,228,224
247,147,212,244,243
248,147,207,235,236
249,147,217,241,243
250,147,189,208,212
344,147,196,226,226
345,147,199,235,233
346,147,197,238,234
347,147,190,231,227
348,147,192,233,229
349,147,202,243,239
350,147,208,247,244
351,147,207,243,241
352,147,188,230,226
353,147,191,230,227
354,147,198,230,229
355,147,197,223,224
607,147,196,220,222
608,147,206,232,233
609,147,198,224,225
610,147,207,233,234
611,147,217,243,244
612,147,190,216,217
613,147,209,235,236
614,147,204,228,230
615,147,202,226,228
697,147,196,221,218
698,147,204,233,229
699,147,202,234,229
700,147,199,234,228
701,147,203,238,232
702,147,202,237,231
703,147,191,226,220
950,147,195,221,220
951,147,214,243,241
952,147,209,239,237
953,147,204,236,233
954,147,196,231,227
955,147,204,239,235
956,147,202,237,233
957,147,195,231,227
958,147,198,234,230
959,147,190,226,222
960,147,204,239,233
961,147,205,240,234
962,147,191,223,218
963,147,201,230,226
964,147,204,230,227
965,147,192,214,212
0,148,193,240,234
1,148,190,235,230
2,148,194,235,231
3,148,193,227,226
4,148,180,206,207
241,148,187,211,211
242,148,202,228,227
243,148,195,224,222
244,148,201,231,229
245,148,197,229,226
246,148,198,233,229
247,148,208,240,237
248,148,187,217,217
249,148,199,227,228
250,148,211,235,237
251,148,204,225,228
252,148,206,224,228
343,148,194,218,220
344,148,195,225,225
345,148,197,233,231
346,148,198,239,235
347,148,198,239,235
348,148,200,241,237
349,148,199,240,236
350,148,193,232,229
351,148,186,222,220
352,148,197,238,234
353,148,204,243,240
354,148,205,237,236
355,148,208,234,235
608,148,209,235,234
609,148,208,234,233
610,148,204,230,229
611,148,210,239,237
612,148,192,221,219
613,148,208,236,237
614,148,194,222,223
615,148,209,237,238
616,148,204,230,231
697,148,194,218,218
698,148,202,231,229
699,148,203,235,232
700,148,200,235,231
701,148,200,235,231
702,148,199,234,230
703,148,192,227,223
952,148,201,227,226
953,148,208,237,235
954,148,193,223,221
955,148,201,233,230
956,148,203,235,232
957,148,196,231,227
958,148,210,245,241
959,148,197,232,228
960,148,187,223,219
961,148,209,245,241
962,148,195,230,226
963,148,200,232,229
964,148,202,232,230
965,148,197,223,222
966,148,211,235,235
967,148,220,241,242
0,149,192,239,233
1,149,195,240,235
2,149,195,236,232
3,149,172,206,205
242,149,221,241,242
243,149,212,236,236
244,149,206,232,231
245,149,198,228,226
246,149,200,232,229
247,149,205,240,236
248,149,199,233,232
249,149,195,227,226
250,149,207,237,237
251,149,194,220,221
252,149,218,239,242
253,149,197,216,220
344,149,202,232,232
345,149,198,234,232
346,149,195,236,232
347,149,194,235,231
348,149,194,235,231
349,149,196,237,233
350,149,199,238,235
351,149,203,239,237
352,149,200,241,237
353,149,197,236,233
354,149,196,228,227
355,149,202,228,229
608,149,180,204,204
609,149,217,241,241
610,149,197,223,222
611,149,205,234,232
612,149,197,227,225
613,149,206,236,234
614,149,202,234,231
615,149,201,233,230
616,149,194,226,223
617,149,191,221,221
618,149,192,220,221
619,149,192,216,218
620,149,194,215,218
621,149,196,215,219
697,149,194,218,218
698,149,201,230,228
699,149,204,236,233
700,149,200,235,231
701,149,199,234,230
702,149,198,233,229
703,149,192,227,223
952,149,197,218,219
953,149,216,240,240
954,149,202,228,227
955,149,204,233,231
956,149,206,236,234
957,149,202,232,230
958,149,212,244,241
959,149,201,233,230
960,149,194,233,228
961,149,196,232,228
962,149,206,242,238
963,149,197,232,228
964,149,215,247,244
965,149,193,223,221
966,149,205,234,232
967,149,197,226,224
968,149,205,231,230
969,149,188,214,213
970,149,183,209,208
971,149,192,218,217
972,149,194,220,219
973,149,186,212,211
974,149,175,204,202
976,149,186,204,208
0,150,193,240,234
1,150,195,240,235
2,150,194,235,231
245,150,216,242,241
246,150,206,236,234
247,150,190,222,219
248,150,203,238,234
249,150,199,233,232
250,150,204,238,237
251,150,188,220,219
252,150,218,246,247
253,150,202,226,228
254,150,203,224,227
344,150,199,229,229
345,150,198,234,232
346,150,197,238,234
347,150,198,239,235
348,150,197,238,234
349,150,196,237,233
350,150,194,233,230
351,150,193,229,227
352,150,196,237,233
353,150,196,232,230
354,150,210,242,241
355,150,210,234,236
609,150,217,239,237
610,150,194,219,216
611,150,205,231,228
612,150,200,231,226
613,150,201,233,230
614,150,198,233,229
615,150,187,222,218
616,150,210,245,241
617,150,203,238,234
618,150,202,234,233
619,150,198,226,227
620,150,201,227,228
621,150,204,228,230
697,150,195,219,221
698,150,202,230,231
699,150,202,234,233
700,150,199,233,232
701,150,200,234,233
702,150,200,234,233
703,150,193,227,226
704,150,172,200,201
957,150,194,223,221
958,150,198,227,225
959,150,197,226,224
960,150,197,236,233
961,150,188,224,222
962,150,207,243,241
963,150,189,223,222
964,150,208,242,241
965,150,198,230,229
966,150,204,236,235
967,150,208,240,239
968,150,202,232,232
969,150,199,231,230
970,150,202,234,233
971,150,205,237,236
972,150,200,234,233
973,150,195,229,228
974,150,191,225,224
975,150,185,219,218
976,150,193,217,219
977,150,176,200,202
0,151,191,238,232
1,151,189,234,229
2,151,197,238,234
3,151,181,215,214
245,151,179,200,201
246,151,196,222,221
247,151,206,236,234
248,151,200,235,231
249,151,204,240,238
250,151,195,231,229
251,151,183,217,216
252,151,204,236,235
253,151,198,226,227
254,151,213,239,240
343,151,203,227,229
344,151,208,238,238
345,151,202,238,236
346,151,194,235,231
347,151,191,232,228
348,151,194,235,231
349,151,199,240,236
350,151,198,237,234
351,151,195,231,229
352,151,205,244,241
353,151,192,228,226
354,151,207,237,237
355,151,203,227,229
609,151,182,202,201
610,151,183,205,203
611,151,201,226,223
612,151,196,225,221
613,151,196,228,223
614,151,196,231,227
615,151,208,244,240
616,151,203,239,235
617,151,192,228,224
618,151,194,229,225
619,151,195,227,226
620,151,201,229,230
621,151,207,233,234
697,151,197,221,223
698,151,204,232,233
699,151,200,232,231
700,151,197,231,230
701,151,203,237,236
702,151,203,237,236
703,151,193,227,226
704,151,188,214,215
957,151,179,203,203
958,151,181,207,206
959,151,191,217,216
960,151,211,247,245
961,151,205,241,239
962,151,208,242,241
963,151,191,225,224
964,151,202,236,235
965,151,207,241,240
966,151,196,230,229
967,151,199,233,232
968,151,202,236,235
969,151,194,228,227
970,151,193,229,227
971,151,197,233,231
972,151,194,233,230
973,151,193,234,230
974,151,197,238,234
975,151,200,241,237
976,151,205,235,235
977,151,187,217,217
0,152,189,236,230
1,152,195,240,235
2,152,204,245,241
3,152,189,223,222
4,152,178,204,205
246,152,208,229,230
247,152,190,219,217
248,152,196,228,225
249,152,208,244,240
250,152,200,239,236
251,152,185,224,221
252,152,209,245,243
253,152,209,241,240
254,152,193,223,225
343,152,207,231,233
344,152,193,223,223
345,152,204,240,238
346,152,204,245,241
347,152,199,240,236
348,152,193,234,230
349,152,191,232,228
350,152,196,235,232
351,152,193,229,227
352,152,203,242,239
353,152,199,235,233
354,152,202,232,232
355,152,206,230,232
612,152,195,221,218
613,152,210,239,235
614,152,190,222,217
615,152,191,226,222
616,152,195,230,226
617,152,202,237,233
618,152,200,235,231
619,152,207,239,236
620,152,203,233,233
621,152,200,228,229
622,152,195,221,222
623,152,195,219,221
624,152,181,201,202
697,152,195,219,221
698,152,203,231,232
699,152,203,235,234
700,152,197,231,230
701,152,197,231,230
702,152,201,235,234
703,152,199,233,232
960,152,202,234,233
961,152,195,227,226
962,152,202,234,233
963,152,201,233,232
964,152,194,226,225
965,152,197,231,230
966,152,198,232,231
967,152,201,235,234
968,152,199,235,233
969,152,202,238,236
970,152,193,232,229
971,152,194,235,231
972,152,196,237,233
973,152,197,239,235
974,152,192,234,230
975,152,197,242,237
976,152,196,232,230
977,152,207,241,240
978,152,181,213,212
0,153,186,233,227
1,153,193,238,233
2,153,204,245,241
3,153,199,233,232
4,153,190,216,217
249,153,179,215,211
250,153,202,241,238
251,153,196,237,233
252,153,200,239,236
253,153,195,231,229
254,153,206,237,239
343,153,204,228,230
344,153,197,227,227
345,153,198,234,232
346,153,191,232,228
347,153,191,232,228
348,153,195,236,232
349,153,198,239,235
350,153,202,241,238
351,153,196,232,230
352,153,196,235,232
353,153,196,230,229
354,153,203,233,233
355,153,211,232,235
613,153,203,228,225
614,153,213,242,238
615,153,206,237,232
616,153,203,234,229
617,153,196,226,224
618,153,203,233,231
619,153,203,233,231
620,153,201,230,228
621,153,203,229,228
622,153,192,218,217
623,153,204,228,228
624,153,219,248,246
697,153,196,220,222
698,153,203,231,232
699,153,203,235,234
700,153,198,232,231
701,153,198,232,231
702,153,200,234,233
703,153,198,232,231
960,153,211,239,240
961,153,199,227,228
962,153,201,229,230
963,153,213,243,243
964,153,210,240,240
965,153,208,238,238
966,153,217,249,248
967,153,195,229,228
968,153,203,237,236
969,153,190,226,224
970,153,198,237,234
971,153,200,241,237
972,153,200,242,238
973,153,199,241,237
974,153,196,241,236
975,153,191,236,231
976,153,194,235,231
977,153,190,229,226
978,153,207,243,241
0,154,194,241,235
1,154,195,240,235
2,154,197,238,234
3,154,202,236,235
4,154,195,221,222
250,154,191,230,227
251,154,193,234,230
252,154,192,233,229
253,154,187,226,223
254,154,190,226,226
255,154,194,228,229
256,154,201,222,225
257,154,201,222,225
258,154,193,212,216
259,154,195,210,215
343,154,200,224,226
344,154,208,238,238
345,154,199,235,233
346,154,187,228,224
347,154,191,232,228
348,154,199,240,236
349,154,202,243,239
350,154,201,240,237
351,154,192,228,226
352,154,205,241,239
353,154,201,235,234
354,154,205,233,234
355,154,208,229,232
613,154,189,209,208
614,154,198,220,218
615,154,190,215,212
616,154,199,224,221
617,154,205,231,228
618,154,211,237,234
619,154,206,232,231
620,154,210,234,234
621,154,216,240,240
622,154,208,232,232
623,154,197,221,221
624,154,208,243,239
625,154,185,220,216
626,154,200,232,229
627,154,192,224,221
628,154,197,229,226
629,154,195,225,223
697,154,195,219,221
698,154,202,230,231
699,154,203,235,234
700,154,199,233,232
701,154,199,233,232
702,154,200,234,233
703,154,195,229,228
960,154,217,238,241
961,154,210,231,234
962,154,211,235,237
963,154,202,226,228
964,154,200,226,227
965,154,196,222,223
966,154,208,236,237
967,154,206,236,236
968,154,200,232,231
969,154,205,239,238
970,154,193,229,227
971,154,199,238,235
972,154,183,224,220
973,154,195,237,233
974,154,187,229,225
975,154,197,242,237
976,154,193,235,231
977,154,180,221,217
978,154,208,247,244
979,154,189,225,223
980,154,188,222,221
981,154,207,237,237
982,154,205,231,232
983,154,203,227,229
0,155,196,243,237
1,155,192,237,232
2,155,187,228,224
3,155,197,231,230
4,155,191,217,218
249,155,174,204,202
250,155,210,246,244
251,155,202,243,239
252,155,195,236,232
253,155,197,236,233
254,155,186,225,224
255,155,211,247,247
256,155,193,221,222
257,155,207,233,234
258,155,202,226,228
259,155,212,233,236
344,155,198,228,228
345,155,204,240,238
346,155,204,245,241
347,155,204,245,241
348,155,194,235,231
349,155,185,226,222
350,155,193,232,229
351,155,199,235,233
352,155,198,234,232
353,155,196,230,229
354,155,204,232,233
355,155,211,232,235
617,155,193,211,211
618,155,205,225,224
619,155,211,231,230
620,155,211,231,230
621,155,208,228,227
622,155,219,239,238
623,155,199,219,218
624,155,196,231,227
625,155,189,225,221
626,155,210,246,242
627,155,205,241,237
628,155,195,231,227
629,155,211,247,243
630,155,189,224,220
631,155,196,228,225
632,155,187,216,214
633,155,176,200,200
697,155,195,219,221
698,155,201,229,230
699,155,202,234,233
700,155,199,233,232
701,155,200,234,233
702,155,199,233,232
703,155,192,226,225
965,155,217,238,241
966,155,198,222,224
967,155,202,228,229
968,155,199,229,229
969,155,216,248,247
970,155,217,251,250
971,155,193,229,227
972,155,199,238,235
973,155,194,233,230
974,155,191,232,228
975,155,196,237,233
976,155,204,246,242
977,155,183,225,221
978,155,197,238,234
979,155,186,225,222
980,155,202,238,236
981,155,200,234,233
982,155,195,227,226
983,155,204,234,234
984,155,176,204,205
988,155,176,200,202
0,156,195,242,236
1,156,194,239,234
2,156,191,232,228
3,156,202,236,235
4,156,195,221,222
250,156,202,236,235
251,156,192,231,228
252,156,190,231,227
253,156,204,244,243
254,156,190,229,228
255,156,214,253,252
256,156,184,216,215
257,156,209,241,240
258,156,204,236,235
259,156,195,225,225
260,156,198,226,227
261,156,192,218,219
344,156,204,234,234
345,156,196,232,230
346,156,187,228,224
347,156,195,236,232
348,156,202,243,239
349,156,198,239,235
350,156,195,234,231
351,156,189,225,223
352,156,205,241,239
353,156,200,234,233
354,156,203,231,232
355,156,207,228,231
621,156,198,214,213
622,156,212,228,227
623,156,210,229,227
624,156,206,238,235
625,156,191,226,222
626,156,191,227,223
627,156,200,239,234
628,156,189,228,223
629,156,198,239,233
630,156,198,239,233
631,156,190,229,224
632,156,190,225,221
633,156,207,236,234
697,156,195,219,221
698,156,201,229,230
699,156,201,233,232
700,156,199,233,232
701,156,200,234,233
702,156,199,233,232
703,156,190,224,223
969,156,174,202,203
970,156,202,232,232
971,156,197,229,228
972,156,195,229,228
973,156,201,237,235
974,156,198,234,232
975,156,205,241,239
976,156,203,244,240
977,156,184,225,221
978,156,195,236,232
979,156,196,237,233
980,156,202,241,238
981,156,189,228,225
982,156,195,234,231
983,156,195,231,229
984,156,206,240,239
985,156,209,241,240
986,156,193,225,224
987,156,203,233,233
988,156,223,251,252
989,156,204,230,231
990,156,210,236,237
991,156,216,242,243
0,157,195,242,236
1,157,196,241,236
2,157,196,237,233
3,157,196,230,229
4,157,188,214,215
250,157,201,231,231
251,157,197,233,231
252,157,195,236,232
253,157,205,245,244
254,157,196,235,234
255,157,208,247,246
256,157,183,222,219
257,157,202,241,238
258,157,202,238,236
259,157,187,223,221
260,157,182,216,215
261,157,167,201,200
262,157,184,216,215
263,157,192,220,221
264,157,210,236,237
265,157,202,226,228
266,157,222,243,246
343,157,213,237,239
344,157,196,226,226
345,157,197,233,231
346,157,194,235,231
347,157,197,238,234
348,157,195,236,232
349,157,191,232,228
350,157,197,236,233
351,157,200,236,234
352,157,207,243,241
353,157,204,236,235
354,157,205,233,234
355,157,207,228,231
621,157,208,220,220
622,157,207,221,221
623,157,226,240,240
624,157,205,235,233
625,157,198,228,226
626,157,191,226,222
627,157,203,239,235
628,157,207,248,242
629,157,186,229,222
630,157,186,229,222
631,157,202,245,238
632,157,197,236,231
633,157,202,237,233
634,157,195,224,222
635,157,193,213,214
697,157,195,219,219
698,157,202,231,229
699,157,202,234,231
700,157,199,234,230
701,157,201,236,232
702,157,200,235,231
703,157,191,226,222
969,157,202,226,226
970,157,187,213,212
971,157,203,232,230
972,157,197,227,225
973,157,202,234,231
974,157,208,240,237
975,157,192,227,223
976,157,189,228,225
977,157,196,235,232
978,157,197,236,233
979,157,192,233,229
980,157,200,241,237
981,157,191,232,228
982,157,199,240,236
983,157,197,238,234
984,157,192,233,229
985,157,201,240,237
986,157,187,223,221
987,157,198,232,231
988,157,208,240,239
989,157,201,231,231
990,157,190,218,219
991,157,203,231,232
992,157,207,226,230
0,158,191,238,232
1,158,193,238,233
2,158,191,232,228
3,158,175,209,208
250,158,203,233,233
251,158,198,234,232
252,158,184,223,220
253,158,183,223,222
254,158,192,232,231
255,158,193,232,231
256,158,202,244,240
257,158,192,234,230
258,158,183,225,221
259,158,193,235,231
260,158,206,247,243
261,158,191,232,228
262,158,195,234,231
263,158,193,229,227
264,158,202,234,233
265,158,184,214,214
266,158,197,223,224
343,158,208,232,234
344,158,201,231,231
345,158,200,236,234
346,158,194,235,231
347,158,196,237,233
348,158,197,238,234
349,158,196,237,233
350,158,199,238,235
351,158,197,233,231
352,158,186,222,220
353,158,193,225,224
354,158,207,235,236
355,158,218,239,242
621,158,215,225,224
626,158,199,229,227
627,158,190,225,221
628,158,190,229,224
629,158,197,240,233
630,158,194,239,232
631,158,197,242,235
632,158,198,241,234
633,158,201,240,235
634,158,199,229,227
635,158,183,204,205
697,158,197,221,221
698,158,204,233,231
699,158,203,235,232
700,158,199,234,230
701,158,202,237,233
702,158,202,237,233
703,158,194,229,225
970,158,182,206,206
971,158,215,241,240
972,158,200,229,227
973,158,193,223,221
974,158,191,221,219
975,158,211,241,239
976,158,192,226,225
977,158,203,239,237
978,158,201,237,235
979,158,189,228,225
980,158,194,235,231
981,158,189,231,227
982,158,185,227,223
983,158,190,232,228
984,158,192,234,230
985,158,204,245,241
986,158,198,237,234
987,158,199,235,233
988,158,196,230,229
989,158,204,236,235
990,158,200,230,230
991,158,201,231,231
992,158,208,229,232
993,158,186,205,209
0,159,192,239,233
1,159,196,241,236
2,159,197,238,234
3,159,172,206,205
250,159,182,210,211
251,159,177,211,210
252,159,174,213,210
253,159,184,224,223
254,159,201,241,240
255,159,177,216,215
256,159,183,228,223
257,159,189,234,229
258,159,192,237,232
259,159,194,239,234
260,159,198,243,238
261,159,174,216,212
262,159,188,230,226
263,159,201,242,238
264,159,205,241,239
265,159,203,237,236
266,159,211,241,241
343,159,213,237,239
344,159,197,227,227
345,159,199,235,233
346,159,196,237,233
347,159,197,238,234
348,159,196,237,233
349,159,194,235,231
350,159,198,237,234
351,159,196,232,230
352,159,203,239,237
353,159,205,237,236
354,159,210,238,239
355,159,211,230,234
627,159,217,252,248
628,159,193,232,227
629,159,182,225,218
630,159,197,242,235
631,159,184,231,223
632,159,183,228,221
633,159,199,238,233
634,159,206,238,235
635,159,197,221,221
697,159,198,222,222
698,159,205,234,232
699,159,204,236,233
700,159,200,235,231
701,159,203,238,234
702,159,204,239,235
703,159,196,231,227
971,159,182,206,206
972,159,193,219,218
973,159,190,219,217
974,159,177,206,204
975,159,220,249,247
976,159,190,224,223
977,159,177,211,210
978,159,199,235,233
979,159,205,244,241
980,159,192,233,229
981,159,201,243,239
982,159,198,243,238
983,159,191,236,231
984,159,193,238,233
985,159,194,236,232
986,159,193,234,230
987,159,195,234,231
988,159,199,235,233
989,159,199,231,230
990,159,215,247,246
991,159,200,230,230
992,159,209,230,233
995,159,183,201,205
0,160,198,243,238
1,160,199,241,237
2,160,200,239,236
3,160,191,223,222
4,160,183,207,209
254,160,203,212,219
256,160,180,210,212
257,160,173,204,206
258,160,178,214,214
259,160,197,237,236
260,160,199,244,241
261,160,202,248,245
262,160,183,232,228
263,160,185,231,228
264,160,190,235,232
265,160,184,226,224
266,160,205,244,243
267,160,204,240,240
268,160,175,211,209
269,160,199,233,232
270,160,179,213,212
271,160,204,238,237
272,160,192,227,229
273,160,210,246,246
274,160,200,236,236
275,160,200,239,236
276,160,181,220,217
343,160,211,237,238
344,160,196,230,229
345,160,198,237,234
346,160,195,237,233
347,160,197,239,235
348,160,196,238,234
349,160,196,237,233
350,160,200,239,236
351,160,199,235,233
352,160,208,238,238
353,160,203,231,232
354,160,203,227,229
355,160,208,226,230
628,160,206,225,229
629,160,207,231,233
630,160,192,220,221
631,160,201,231,231
632,160,206,238,237
633,160,193,225,222
634,160,198,228,226
635,160,209,239,237
636,160,195,221,220
637,160,206,230,230
638,160,210,235,232
639,160,207,229,227
697,160,200,221,224
698,160,204,230,231
699,160,207,235,238
700,160,198,228,230
701,160,200,231,233
702,160,195,226,229
703,160,189,220,223
976,160,200,221,226
977,160,205,226,231
978,160,223,248,252
979,160,197,227,229
980,160,186,220,221
981,160,193,229,229
982,160,195,234,233
983,160,196,236,235
984,160,196,236,235
985,160,193,233,232
986,160,190,232,230
987,160,194,236,234
988,160,195,240,237
989,160,194,240,237
990,160,187,236,232
991,160,177,228,223
992,160,212,246,247
993,160,207,241,242
994,160,190,221,223
995,160,208,236,239
996,160,226,251,255
997,160,207,228,233
0,161,195,240,235
1,161,194,236,232
2,161,201,240,237
3,161,201,233,232
4,161,191,215,217
258,161,173,204,206
259,161,193,229,229
260,161,192,231,230
261,161,197,239,235
262,161,198,240,236
263,161,204,246,242
264,161,200,241,237
265,161,188,227,224
266,161,196,232,230
267,161,202,236,235
268,161,195,229,228
269,161,210,244,243
270,161,205,239,238
271,161,207,241,240
272,161,192,226,228
273,161,203,237,238
274,161,195,231,231
275,161,217,253,251
276,161,210,249,246
343,161,211,237,238
344,161,196,230,229
345,161,198,237,234
346,161,193,235,231
347,161,193,235,231
348,161,191,233,229
349,161,189,230,226
350,161,193,232,229
351,161,191,227,225
352,161,201,231,231
353,161,195,223,224
354,161,224,245,248
355,161,220,238,242
630,161,220,244,246
631,161,196,224,225
632,161,209,239,239
633,161,205,235,233
634,161,204,234,232
635,161,208,238,236
636,161,203,232,230
637,161,211,237,236
638,161,207,233,232
639,161,207,233,230
697,161,199,220,223
698,161,202,228,229
699,161,203,233,235
700,161,193,224,226
701,161,194,225,227
702,161,186,217,220
703,161,177,211,213
979,161,203,231,234
980,161,206,237,239
981,161,206,240,241
982,161,199,235,235
983,161,191,230,229
984,161,189,228,227
985,161,198,237,236
986,161,204,243,242
987,161,198,238,237
988,161,187,229,227
989,161,191,236,233
990,161,199,245,242
991,161,190,236,233
992,161,194,230,230
993,161,205,239,240
994,161,197,231,232
995,161,196,226,228
996,161,203,231,234
997,161,199,223,227
0,162,194,239,234
1,162,192,234,230
2,162,204,243,240
3,162,210,242,241
4,162,197,221,223
260,162,180,210,210
261,162,183,215,212
263,162,194,226,223
264,162,211,243,240
265,162,207,237,235
266,162,202,232,230
267,162,205,235,233
268,162,202,232,230
269,162,192,222,222
270,162,206,238,237
271,162,202,234,233
272,162,192,223,225
273,162,205,239,240
274,162,189,223,224
275,162,191,227,225
276,162,204,240,238
278,162,174,210,206
279,162,170,207,200
280,162,178,210,205
281,162,200,229,225
282,162,183,208,205
343,162,209,237,238
344,162,196,230,229
345,162,199,238,235
346,162,196,238,234
347,162,199,241,237
348,162,199,241,237
349,162,199,240,236
350,162,204,243,240
351,162,204,240,238
352,162,225,255,255
630,162,182,202,203
631,162,184,208,208
632,162,199,225,224
633,162,181,210,208
634,162,190,220,218
635,162,207,237,235
636,162,203,233,231
637,162,208,238,236
638,162,202,232,230
639,162,197,227,225
697,162,199,220,223
698,162,202,228,229
699,162,203,233,235
700,162,194,225,227
701,162,193,227,228
702,162,184,218,220
703,162,174,208,210
979,162,206,227,232
980,162,216,241,245
981,162,196,226,228
982,162,208,239,241
983,162,202,233,235
984,162,204,235,237
985,162,198,229,231
986,162,193,227,228
987,162,199,233,234
988,162,195,234,233
989,162,195,235,234
990,162,197,239,237
991,162,184,226,224
992,162,194,233,232
993,162,198,237,236
994,162,202,238,238
995,162,199,233,234
996,162,201,231,233
997,162,190,218,221
0,163,194,239,234
1,163,193,235,231
2,163,202,241,238
3,163,203,235,234
4,163,190,214,216
262,163,194,216,213
263,163,183,203,201
264,163,201,221,219
265,163,214,234,232
266,163,201,221,219
267,163,202,224,222
268,163,213,237,237
269,163,201,227,226
270,163,209,237,238
271,163,202,232,232
272,163,203,233,235
273,163,210,240,242
274,163,204,236,235
275,163,196,230,229
276,163,195,231,229
277,163,196,232,228
278,163,186,222,218
279,163,190,227,220
280,163,196,231,225
281,163,206,237,232
282,163,214,243,239
283,163,205,229,229
284,163,211,229,231
285,163,216,231,234
343,163,209,237,238
344,163,194,228,227
345,163,196,235,232
346,163,192,234,230
347,163,193,235,231
348,163,192,233,229
349,163,190,231,227
350,163,194,233,230
351,163,193,229,227
352,163,186,214,215
632,163,223,244,245
633,163,227,253,252
634,163,206,236,234
635,163,183,215,212
636,163,197,229,226
637,163,207,242,238
638,163,194,229,225
639,163,203,239,235
640,163,218,247,243
641,163,189,215,212
642,163,213,239,236
643,163,215,240,237
644,163,211,233,231
697,163,199,220,223
698,163,201,229,230
699,163,206,236,238
700,163,197,231,232
701,163,202,236,237
702,163,194,229,231
703,163,185,220,222
980,163,196,215,219
981,163,216,240,242
982,163,197,223,224
983,163,203,229,230
984,163,196,222,223
985,163,200,226,227
986,163,193,221,222
987,163,199,229,229
988,163,204,236,235
989,163,200,234,233
990,163,206,242,240
991,163,207,243,241
992,163,198,239,235
993,163,191,230,227
994,163,190,229,226
995,163,196,232,230
996,163,208,242,241
997,163,206,238,237
998,163,209,239,239
999,163,198,224,225
1000,163,208,232,234
1001,163,212,231,235
1002,163,186,201,206
0,164,192,237,232
1,164,195,237,233
2,164,197,236,233
3,164,185,217,216
265,164,212,221,218
266,164,220,231,227
267,164,210,225,222
268,164,214,232,232
269,164,213,234,235
270,164,205,229,231
271,164,200,226,227
272,164,216,241,245
273,164,195,223,224
274,164,200,230,230
275,164,204,236,235
276,164,199,234,230
277,164,195,230,226
278,164,194,230,226
279,164,212,249,242
280,164,200,237,230
281,164,190,225,219
282,164,203,234,229
283,164,206,235,233
284,164,209,233,233
285,164,212,232,233
343,164,209,237,238
344,164,198,232,231
345,164,200,239,236
346,164,198,239,235
347,164,198,240,236
348,164,197,238,234
349,164,196,235,232
350,164,201,237,235
351,164,198,234,232
352,164,201,227,228
637,164,169,205,203
638,164,167,206,203
639,164,193,234,230
640,164,204,234,232
641,164,196,225,223
642,164,206,235,233
643,164,191,220,218
644,164,210,236,235
697,164,200,221,224
698,164,202,230,231
699,164,205,236,238
700,164,200,234,235
701,164,207,243,243
702,164,201,239,240
703,164,194,232,233
984,164,192,212,213
985,164,223,243,244
986,164,212,233,234
987,164,200,221,222
988,164,201,227,226
989,164,196,225,223
990,164,199,229,227
991,164,202,232,230
992,164,193,234,228
993,164,200,241,235
994,164,195,234,229
995,164,187,226,221
996,164,200,236,232
997,164,192,228,224
998,164,198,233,229
999,164,204,236,233
1000,164,195,224,222
1001,164,215,239,239
1002,164,210,231,232
0,165,193,238,233
1,165,197,239,235
2,165,195,234,231
3,165,179,211,210
269,165,187,201,202
270,165,204,222,224
271,165,214,235,238
274,165,211,237,238
275,165,198,226,227
276,165,199,229,227
277,165,210,242,239
278,165,212,247,243
279,165,182,218,214
280,165,192,229,222
281,165,204,239,233
282,165,198,233,229
283,165,203,233,231
284,165,205,234,232
285,165,192,218,217
343,165,209,237,238
344,165,192,226,225
345,165,195,234,231
346,165,193,234,230
347,165,195,237,233
348,165,196,237,233
349,165,196,235,232
350,165,203,239,237
351,165,200,236,234
352,165,213,237,239
639,165,180,220,219
640,165,201,231,229
641,165,205,235,233
642,165,204,234,232
643,165,193,223,221
644,165,209,239,237
645,165,195,225,223
646,165,218,247,245
647,165,203,229,228
648,165,220,244,244
649,165,192,213,214
697,165,198,222,224
698,165,200,230,230
699,165,201,235,236
700,165,195,231,231
701,165,202,241,240
702,165,201,239,240
703,165,193,233,233
987,165,192,210,212
988,165,213,233,234
989,165,206,227,228
990,165,208,232,232
991,165,216,242,241
992,165,184,220,216
993,165,200,239,234
994,165,197,236,231
995,165,195,234,229
996,165,208,247,242
997,165,196,235,230
998,165,191,227,223
999,165,197,232,228
1000,165,203,235,232
1001,165,205,235,233
1002,165,200,226,225
1003,165,204,225,226
1004,165,213,233,234
1005,165,222,237,240
1006,165,225,239,242
0,166,195,240,235
1,166,196,238,234
2,166,198,237,234
3,166,190,222,221
4,166,180,204,206
270,166,194,205,209
271,166,207,222,227
274,166,180,201,202
275,166,218,242,242
276,166,201,230,228
277,166,197,227,225
278,166,183,215,212
279,166,200,235,231
280,166,202,238,234
281,166,205,241,237
282,166,187,223,219
283,166,192,227,223
284,166,212,244,241
285,166,199,229,227
343,166,209,237,238
344,166,198,232,231
345,166,200,239,236
346,166,196,237,233
347,166,196,238,234
348,166,195,236,232
349,166,193,232,229
350,166,198,234,232
351,166,196,230,229
352,166,214,235,238
637,166,167,201,202
638,166,167,206,205
639,166,201,240,239
640,166,188,218,218
641,166,194,224,224
642,166,203,235,234
643,166,204,236,235
644,166,202,236,235
645,166,193,227,226
646,166,207,241,240
647,166,184,216,215
648,166,192,222,222
649,166,189,215,216
697,166,199,223,225
698,166,201,231,231
699,166,200,234,235
700,166,190,229,228
701,166,198,238,237
702,166,197,237,237
703,166,192,232,232
988,166,215,231,231
989,166,224,242,242
990,166,216,236,235
991,166,198,220,218
992,166,204,236,231
993,166,204,236,231
994,166,186,221,215
995,166,191,226,220
996,166,201,238,231
997,166,197,234,227
998,166,192,232,224
999,166,203,240,233
1000,166,211,248,241
1001,166,205,240,234
1002,166,200,231,226
1003,166,206,235,231
1004,166,202,227,224
1005,166,202,224,222
1006,166,199,219,218
0,167,193,238,233
1,167,191,233,229
2,167,199,238,235
3,167,201,233,232
4,167,191,215,217
277,167,217,246,244
278,167,191,221,219
279,167,210,242,239
280,167,206,241,237
281,167,186,222,218
282,167,204,240,236
283,167,205,241,237
284,167,195,230,226
285,167,192,227,223
286,167,188,220,217
343,167,209,237,238
344,167,194,228,227
345,167,196,235,232
346,167,195,236,232
347,167,196,238,234
348,167,196,237,233
349,167,196,235,232
350,167,202,238,236
351,167,200,234,233
352,167,213,232,236
639,167,193,227,228
640,167,211,241,241
641,167,197,227,227
642,167,207,239,238
643,167,202,234,233
644,167,195,229,228
645,167,198,234,232
646,167,187,223,221
647,167,201,237,235
648,167,199,233,232
649,167,200,230,230
697,167,200,224,226
698,167,203,233,233
699,167,201,237,237
700,167,191,230,229
701,167,198,238,237
702,167,197,239,238
703,167,192,234,233
992,167,224,249,246
993,167,217,243,240
994,167,195,224,220
995,167,200,231,226
996,167,204,236,231
997,167,209,244,238
998,167,202,239,232
999,167,194,231,224
1000,167,183,220,213
1001,167,181,218,211
1002,167,195,230,224
1003,167,195,227,222
1004,167,204,235,230
1005,167,204,233,229
1006,167,211,237,234
1007,167,183,209,206
0,168,188,233,228
1,168,190,232,228
2,168,201,240,237
3,168,203,235,234
4,168,193,217,219
277,168,192,216,216
278,168,201,227,226
279,168,204,234,232
280,168,193,225,222
281,168,192,227,223
282,168,200,235,231
283,168,203,238,234
284,168,199,234,230
285,168,203,238,234
286,168,200,232,229
343,168,208,236,237
344,168,196,230,229
345,168,195,234,231
346,168,196,237,233
347,168,198,239,235
348,168,196,237,233
349,168,197,236,233
350,168,200,236,234
351,168,197,231,230
352,168,215,233,237
640,168,186,212,213
641,168,207,235,236
642,168,191,221,221
643,168,203,235,234
644,168,198,232,231
645,168,204,240,238
646,168,193,229,227
647,168,211,247,245
648,168,207,243,241
649,168,202,236,235
650,168,195,225,225
651,168,212,238,239
652,168,202,223,226
653,168,215,234,238
697,168,194,220,221
698,168,200,232,231
699,168,199,235,235
700,168,195,235,234
701,168,189,231,229
702,168,182,224,223
703,168,184,228,227
993,168,195,213,213
994,168,217,237,236
995,168,212,234,232
996,168,192,218,215
997,168,198,227,223
998,168,206,238,233
999,168,198,233,227
1000,168,202,237,231
1001,168,201,238,231
1002,168,209,246,239
1003,168,200,235,229
1004,168,197,232,226
1005,168,202,234,229
1006,168,190,222,217
1007,168,198,229,224
1008,168,212,238,235
1009,168,212,237,234
1010,168,208,233,230
1011,168,211,233,231
0,169,195,240,235
1,169,195,237,233
2,169,203,242,239
3,169,201,233,232
4,169,190,214,216
279,169,202,228,227
280,169,224,253,251
281,169,204,234,232
282,169,202,234,231
283,169,195,227,224
284,169,191,223,220
285,169,196,228,225
286,169,219,251,248
287,169,190,222,217
343,169,208,236,237
344,169,194,228,227
345,169,195,234,231
346,169,193,234,230
347,169,195,236,232
348,169,195,236,232
349,169,196,235,232
350,169,201,237,235
351,169,202,236,235
352,169,217,235,239
641,169,197,221,223
642,169,193,219,220
643,169,203,231,232
644,169,209,239,239
645,169,191,225,224
646,169,187,221,220
647,169,194,230,228
648,169,180,216,214
649,169,197,231,230
650,169,204,236,235
651,169,210,238,239
652,169,198,224,225
653,169,212,236,238
654,169,196,217,220
697,169,195,221,222
698,169,204,236,235
699,169,199,235,235
700,169,192,232,231
701,169,190,232,230
702,169,172,216,215
703,169,173,217,216
994,169,221,235,236
995,169,214,230,230
996,169,207,227,226
997,169,204,226,224
998,169,205,231,228
999,169,198,227,223
1000,169,198,229,224
1001,169,208,240,235
1002,169,197,232,226
1003,169,184,219,213
1004,169,205,240,234
1005,169,201,236,230
1006,169,210,245,239
1007,169,196,231,225
1008,169,198,229,224
1009,169,201,232,227
1010,169,199,228,224
1011,169,211,240,236
0,170,191,236,231
1,170,193,235,231
2,170,198,237,234
3,170,191,223,222
4,170,182,206,208
283,170,198,227,225
284,170,218,247,245
285,170,193,222,220
286,170,208,237,233
287,170,202,231,227
288,170,178,223,218
289,170,195,240,235
290,170,200,242,238
291,170,175,216,212
292,170,171,210,207
293,170,190,226,224
294,170,195,227,226
343,170,208,236,237
344,170,198,232,231
345,170,201,240,237
346,170,196,237,233
347,170,197,238,234
348,170,196,237,233
349,170,195,231,229
350,170,199,233,232
351,170,200,234,233
352,170,217,232,237
641,170,198,217,221
642,170,209,230,233
643,170,210,234,236
644,170,208,234,235
645,170,202,232,232
646,170,212,244,243
647,170,215,249,248
648,170,194,228,227
649,170,201,235,234
650,170,201,233,232
651,170,199,229,229
652,170,192,222,222
653,170,211,239,240
654,170,206,232,233
655,170,203,229,230
656,170,223,237,240
657,170,187,201,204
697,170,194,220,221
698,170,204,236,235
699,170,199,238,237
700,170,188,228,227
701,170,185,227,225
702,170,159,203,202
703,170,164,208,207
1001,170,175,204,200
1002,170,200,231,226
1003,170,204,235,230
1004,170,196,228,223
1005,170,196,231,225
1006,170,199,234,228
1007,170,202,237,231
1008,170,187,222,216
1009,170,201,233,228
1010,170,199,231,226
1011,170,213,244,239
1012,170,202,233,228
1013,170,214,243,239
1014,170,210,235,232
1015,170,199,221,219
1016,170,191,211,210
0,171,190,235,230
1,171,193,235,231
2,171,189,228,225
3,171,171,203,202
284,171,209,233,233
285,171,214,239,236
286,171,187,212,209
287,171,216,241,238
288,171,205,247,243
289,171,204,246,242
290,171,194,236,232
291,171,189,231,227
292,171,193,235,231
293,171,188,229,225
294,171,203,239,237
295,171,178,210,209
343,171,208,236,237
344,171,190,224,223
345,171,198,237,234
346,171,194,235,231
347,171,198,239,235
348,171,200,239,236
349,171,197,233,231
350,171,202,236,235
351,171,203,237,236
352,171,217,232,237
641,171,202,215,221
642,171,201,216,221
643,171,215,233,237
644,171,206,227,230
645,171,216,240,242
646,171,204,232,233
647,171,192,222,222
648,171,193,225,224
649,171,206,238,237
650,171,202,234,233
651,171,199,231,230
652,171,198,230,229
653,171,213,245,244
654,171,207,237,237
655,171,193,223,223
656,171,213,234,235
657,171,202,223,224
658,171,198,218,219
659,171,214,234,235
660,171,212,230,232
661,171,208,223,226
697,171,190,216,217
698,171,200,232,231
699,171,200,239,238
700,171,189,229,228
701,171,182,224,222
703,171,168,212,211
1002,171,206,228,226
1003,171,223,249,246
1004,171,214,243,239
1005,171,194,223,219
1006,171,190,221,216
1007,171,212,243,238
1008,171,198,230,225
1009,171,213,245,240
1010,171,204,236,231
1011,171,199,231,226
1012,171,194,225,220
1013,171,200,231,226
1014,171,202,231,227
1015,171,201,227,224
1016,171,213,238,235
1017,171,198,220,218
1018,171,205,225,224
1019,171,182,200,200
0,172,199,244,239
1,172,200,242,238
2,172,189,228,225
287,172,214,232,232
288,172,199,235,235
289,172,191,227,227
290,172,199,238,237
291,172,196,236,235
292,172,203,245,243
293,172,188,230,228
294,172,197,239,237
295,172,187,226,225
296,172,206,240,241
297,172,178,208,210
343,172,208,236,237
344,172,191,225,224
345,172,199,238,235
346,172,193,234,230
347,172,197,238,234
348,172,198,237,234
349,172,195,231,229
350,172,202,236,235
351,172,198,230,229
352,172,213,228,233
649,172,195,225,225
650,172,201,233,232
651,172,195,229,228
652,172,196,230,229
653,172,195,229,228
654,172,197,231,230
655,172,191,227,225
656,172,204,234,232
657,172,207,237,235
658,172,194,224,222
659,172,201,230,228
660,172,193,219,218
661,172,200,224,224
662,172,203,224,225
663,172,184,204,205
664,172,189,207,209
665,172,192,206,209
697,172,191,217,218
698,172,202,234,233
699,172,199,238,237
700,172,191,231,230
701,172,185,227,225
702,172,161,205,204
703,172,167,211,210
1006,172,191,216,213
1007,172,211,237,234
1008,172,193,224,219
1009,172,204,235,230
1010,172,196,227,222
1011,172,199,230,225
1012,172,207,238,233
1013,172,205,237,232
1014,172,197,228,223
1015,172,192,223,218
1016,172,213,244,239
1017,172,201,230,226
1018,172,199,228,224
1019,172,202,228,225
1021,172,187,212,209
1022,172,185,207,205
0,173,196,241,236
1,173,199,241,237
2,173,196,235,232
3,173,178,210,209
287,173,215,229,230
288,173,204,232,235
289,173,195,225,227
290,173,223,254,255
291,173,197,233,233
292,173,189,229,228
293,173,190,232,230
294,173,189,234,231
295,173,196,241,238
296,173,191,233,231
297,173,196,235,234
298,173,187,218,220
299,173,184,208,212
343,173,208,236,237
344,173,197,231,230
345,173,203,242,239
346,173,194,235,231
347,173,197,238,234
348,173,195,234,231
349,173,196,232,230
350,173,206,240,239
351,173,190,222,221
352,173,225,240,245
649,173,212,241,239
650,173,211,243,240
651,173,198,233,229
652,173,209,245,241
653,173,193,232,227
654,173,196,235,230
655,173,204,245,239
656,173,195,236,230
657,173,186,227,221
658,173,192,231,226
659,173,204,240,236
660,173,205,240,236
661,173,206,238,235
662,173,203,233,231
663,173,199,228,226
664,173,203,227,227
665,173,200,221,222
666,173,200,220,221
697,173,197,223,224
698,173,207,239,238
699,173,197,233,233
700,173,190,230,229
701,173,182,224,222
702,173,165,209,208
1008,173,198,224,221
1009,173,209,235,232
1010,173,197,226,222
1011,173,199,228,224
1012,173,204,235,230
1013,173,205,237,232
1014,173,202,234,229
1015,173,204,239,233
1016,173,201,236,230
1017,173,198,233,227
1018,173,198,233,227
1019,173,204,239,233
1020,173,192,227,221
1021,173,204,239,233
1022,173,196,231,225
1023,173,198,230,225
0,174,189,234,229
1,174,190,232,228
2,174,197,236,233
3,174,196,228,227
4,174,189,213,215
287,174,217,227,229
288,174,211,230,236
289,174,195,216,221
290,174,201,226,230
291,174,201,232,234
292,174,199,235,235
293,174,204,246,244
294,174,191,237,234
295,174,189,235,232
296,174,189,235,232
297,174,187,232,229
298,174,184,223,222
299,174,182,213,215
343,174,208,236,237
344,174,193,225,224
345,174,196,235,232
346,174,191,232,228
347,174,198,239,235
348,174,196,235,232
349,174,202,238,236
350,174,214,248,247
351,174,185,217,216
352,174,206,221,226
649,174,187,213,212
650,174,196,226,224
651,174,192,227,223
652,174,202,241,236
653,174,190,231,225
654,174,191,234,227
655,174,196,239,232
656,174,189,239,230
657,174,182,229,221
658,174,206,253,245
659,174,202,247,240
660,174,196,239,232
661,174,202,243,237
662,174,188,224,220
663,174,201,236,232
664,174,215,245,243
665,174,203,232,230
666,174,196,220,220
697,174,196,222,223
698,174,204,236,235
699,174,196,232,232
700,174,196,236,235
701,174,176,218,216
702,174,170,214,213
703,174,157,201,200
1008,174,196,218,216
1009,174,220,245,242
1010,174,214,239,236
1011,174,209,235,232
1012,174,199,228,224
1013,174,199,231,226
1014,174,193,228,222
1015,174,195,232,225
1016,174,203,243,235
1017,174,199,240,232
1018,174,199,240,232
1019,174,204,245,237
1020,174,187,230,221
1021,174,194,237,228
1022,174,183,226,217
1023,174,182,225,216
1024,174,201,233,228
0,175,195,240,235
1,175,186,228,224
2,175,191,230,227
3,175,196,228,227
4,175,189,213,215
291,175,186,214,217
292,175,198,234,234
293,175,194,236,234
294,175,193,239,236
295,175,189,238,234
296,175,188,237,233
297,175,183,229,226
298,175,186,228,226
299,175,203,239,239
343,175,208,236,237
344,175,197,229,228
345,175,200,239,236
346,175,195,236,232
347,175,201,242,238
348,175,193,232,229
349,175,196,232,230
350,175,203,237,236
650,175,177,207,205
651,175,198,233,229
652,175,192,231,226
653,175,186,227,221
654,175,198,241,234
655,175,193,238,231
656,175,182,235,225
657,175,195,246,237
658,175,195,246,237
659,175,191,241,232
660,175,184,231,223
661,175,194,239,232
662,175,197,238,232
663,175,195,234,229
664,175,192,227,223
665,175,207,237,235
666,175,207,236,234
697,175,190,216,217
698,175,196,228,227
699,175,201,237,237
700,175,208,248,247
701,175,176,218,216
702,175,184,226,225
703,175,178,222,221
1013,175,207,238,233
1014,175,209,244,238
1015,175,194,231,224
1016,175,187,228,220
1017,175,185,228,219
1018,175,191,237,227
1019,175,202,248,238
1020,175,187,234,224
1021,175,203,250,240
1022,175,196,243,233
1023,175,188,235,225
1024,175,211,251,243
0,176,206,247,243
1,176,201,240,237
2,176,195,231,229
3,176,201,231,231
4,176,190,214,216
291,176,202,213,219
292,176,216,234,238
293,176,205,226,229
294,176,212,238,239
295,176,188,218,218
296,176,200,234,233
297,176,192,228,226
298,176,202,241,238
299,176,203,242,239
300,176,191,230,227
301,176,206,245,242
302,176,207,246,243
303,176,192,231,228
343,176,211,235,235
344,176,199,231,228
345,176,200,236,232
346,176,195,236,230
347,176,196,235,232
348,176,200,236,234
349,176,200,231,233
350,176,193,218,222
651,176,183,202,208
652,176,181,206,210
653,176,206,236,238
654,176,193,227,228
655,176,193,227,228
656,176,196,238,234
657,176,192,234,230
658,176,201,242,238
659,176,200,241,237
660,176,193,232,229
661,176,204,243,240
662,176,209,250,246
663,176,194,235,231
664,176,179,220,216
665,176,185,226,222
666,176,193,232,229
667,176,190,226,224
668,176,190,222,221
669,176,203,231,232
670,176,196,220,222
697,176,198,228,228
698,176,193,229,227
699,176,195,235,234
700,176,200,242,240
701,176,185,227,225
702,176,191,233,232
703,176,175,217,216
1013,176,196,210,211
1014,176,186,202,202
1015,176,208,228,227
1016,176,225,247,245
1017,176,217,242,239
1018,176,202,231,227
1019,176,207,238,233
1020,176,193,225,220
1021,176,205,237,232
1022,176,201,236,230
1023,176,204,239,233
1024,176,191,232,224
0,177,198,239,235
1,177,197,236,233
2,177,195,229,228
3,177,184,214,214
291,177,201,212,218
292,177,206,221,226
293,177,206,225,229
294,177,202,226,228
295,177,197,225,226
296,177,192,222,222
297,177,193,225,224
298,177,191,225,224
299,177,200,234,233
300,177,194,230,228
301,177,192,228,226
302,177,192,228,226
303,177,202,238,236
304,177,207,226,230
305,177,201,220,224
306,177,204,222,226
307,177,214,232,236
308,177,206,224,228
309,177,190,205,210
343,177,211,235,235
344,177,195,227,224
345,177,196,235,230
346,177,192,233,227
347,177,195,236,232
348,177,202,238,236
349,177,203,234,236
350,177,202,230,233
655,177,194,225,227
656,177,194,233,230
657,177,197,236,233
658,177,189,225,223
659,177,193,229,227
660,177,197,233,231
661,177,188,224,222
662,177,191,230,227
663,177,196,237,233
664,177,207,248,244
665,177,209,250,246
666,177,193,234,230
667,177,201,237,235
668,177,203,237,236
669,177,210,240,240
670,177,202,228,229
671,177,209,235,236
672,177,203,221,221
697,177,205,233,234
698,177,198,232,231
699,177,181,220,219
700,177,191,231,230
701,177,180,222,220
702,177,169,211,210
703,177,165,207,206
1016,177,199,219,218
1017,177,195,217,215
1018,177,196,221,218
1019,177,222,248,245
1020,177,215,244,240
1021,177,198,229,224
1022,177,203,234,229
1023,177,189,221,216
1024,177,195,235,227
0,178,190,231,227
1,178,183,222,219
2,178,200,234,233
3,178,202,232,232
4,178,187,211,213
296,178,225,249,251
297,178,201,229,230
298,178,199,227,228
299,178,208,238,238
300,178,206,236,236
301,178,206,238,237
302,178,203,235,234
303,178,197,229,228
304,178,205,229,231
305,178,211,235,237
306,178,217,241,243
307,178,209,233,235
308,178,194,215,218
309,178,197,218,221
310,178,197,216,220
343,178,208,234,233
344,178,195,230,226
345,178,200,239,234
346,178,191,234,227
347,178,196,238,234
348,178,199,238,235
349,178,200,234,235
350,178,206,236,238
656,178,190,220,220
657,178,196,226,226
658,178,193,223,223
659,178,206,236,236
660,178,206,236,236
661,178,200,232,231
662,178,205,239,238
663,178,186,222,220
664,178,191,230,227
665,178,181,222,218
666,178,186,227,223
667,178,204,243,240
668,178,201,237,235
669,178,196,230,229
670,178,196,226,226
671,178,199,229,229
672,178,219,241,239
697,178,187,213,214
698,178,200,232,231
699,178,207,243,243
700,178,188,227,226
701,178,178,218,217
702,178,167,209,208
1022,178,220,246,243
1023,178,209,235,232
1024,178,209,241,236
0,179,197,238,234
1,179,188,227,224
2,179,209,243,242
3,179,201,229,230
4,179,180,201,204
296,179,207,225,229
297,179,212,231,235
298,179,213,234,237
299,179,196,220,222
300,179,204,230,231
301,179,198,224,225
302,179,203,229,230
303,179,198,226,227
304,179,199,229,229
305,179,189,219,219
306,179,204,234,234
307,179,205,235,235
308,179,209,239,239
309,179,209,237,238
310,179,185,213,214
343,179,209,235,234
344,179,196,231,227
345,179,201,242,236
346,179,193,236,229
347,179,197,239,235
348,179,195,236,232
349,179,195,231,231
350,179,203,234,236
658,179,194,213,217
659,179,215,236,239
660,179,215,236,239
661,179,212,238,239
662,179,212,240,241
663,179,187,219,218
664,179,215,251,249
665,179,196,237,233
666,179,205,246,242
667,179,195,236,232
668,179,192,233,229
669,179,187,226,223
670,179,203,239,237
671,179,192,226,225
672,179,207,236,232
673,179,210,239,235
674,179,218,247,243
675,179,206,235,231
695,179,200,209,214
696,179,220,235,238
697,179,193,214,217
698,179,215,243,244
699,179,208,242,243
700,179,181,220,219
701,179,184,224,223
702,179,160,200,200
703,179,166,208,207
1022,179,213,231,231
1023,179,210,230,229
1024,179,200,226,223
0,180,185,224,221
1,180,211,247,245
2,180,196,230,229
302,180,213,234,237
303,180,214,235,238
304,180,202,234,233
305,180,202,236,235
306,180,205,239,238
307,180,195,229,228
308,180,197,231,230
309,180,194,228,227
310,180,205,239,238
311,180,186,218,217
312,180,196,226,226
313,180,209,237,238
314,180,192,216,218
315,180,205,226,229
316,180,221,239,243
317,180,214,229,234
343,180,209,238,236
344,180,192,228,224
345,180,196,237,231
346,180,192,237,230
347,180,196,241,236
348,180,194,236,232
349,180,195,234,233
350,180,201,235,236
664,180,183,217,216
665,180,191,230,227
666,180,197,238,234
667,180,180,222,218
668,180,199,241,237
669,180,200,241,237
670,180,204,243,240
671,180,195,234,231
672,180,201,233,230
673,180,198,230,227
674,180,195,230,226
675,180,200,235,231
676,180,205,240,236
677,180,204,236,233
678,180,216,245,243
679,180,205,229,229
680,180,212,232,233
697,180,212,231,235
698,180,190,216,217
699,180,196,227,229
700,180,212,248,248
701,180,177,216,215
702,180,170,210,210
0,181,195,234,231
1,181,194,230,228
2,181,199,231,230
302,181,211,229,233
303,181,209,227,231
304,181,198,230,229
305,181,209,243,242
306,181,195,229,228
307,181,196,232,230
308,181,205,241,239
309,181,195,234,231
310,181,205,244,241
311,181,187,226,223
312,181,202,238,236
313,181,195,229,228
314,181,201,231,231
315,181,194,220,221
316,181,211,232,235
317,181,207,226,230
318,181,190,208,212
343,181,206,235,233
344,181,194,230,226
345,181,193,234,228
346,181,195,240,233
347,181,196,241,236
348,181,193,235,231
349,181,199,238,237
350,181,200,234,235
664,181,180,210,210
665,181,186,220,219
666,181,186,225,222
667,181,187,228,224
668,181,189,230,226
669,181,202,243,239
670,181,201,240,237
671,181,192,231,228
672,181,203,238,234
673,181,214,249,245
674,181,210,246,242
675,181,187,226,221
676,181,201,240,235
677,181,193,232,227
678,181,196,231,227
679,181,195,225,223
680,181,196,222,221
697,181,212,230,234
698,181,210,236,237
699,181,198,229,231
700,181,200,236,236
701,181,177,216,215
702,181,164,204,204
703,181,161,203,202
0,182,211,250,247
1,182,195,231,229
2,182,207,239,238
3,182,195,221,222
302,182,197,210,216
303,182,200,215,220
304,182,176,206,206
305,182,183,213,213
306,182,190,222,221
307,182,204,238,237
308,182,193,229,227
309,182,189,228,225
310,182,201,240,237
311,182,194,235,231
312,182,199,238,235
313,182,205,241,239
314,182,204,238,237
315,182,199,229,229
316,182,209,235,236
317,182,205,229,231
343,182,199,228,226
344,182,203,238,234
345,182,193,234,228
346,182,200,245,238
347,182,194,239,234
348,182,189,231,227
349,182,201,240,239
350,182,196,230,231
665,182,171,201,201
666,182,183,217,216
667,182,201,237,235
668,182,188,227,224
669,182,203,242,239
670,182,203,239,237
671,182,188,224,222
672,182,190,222,221
673,182,197,231,230
674,182,194,230,228
675,182,189,228,225
676,182,203,244,240
677,182,195,236,232
678,182,196,235,232
679,182,190,226,224
680,182,212,244,243
681,182,204,230,231
682,182,179,200,203
697,182,183,201,205
698,182,204,230,231
699,182,211,242,244
700,182,192,228,228
701,182,177,217,216
702,182,176,218,217
0,183,197,236,233
1,183,196,232,230
2,183,182,214,213
307,183,208,236,237
308,183,197,229,228
309,183,200,234,233
310,183,189,225,223
311,183,188,227,224
312,183,198,237,234
313,183,184,223,220
314,183,206,242,240
315,183,195,227,226
316,183,203,233,233
317,183,202,230,231
318,183,209,235,236
343,183,197,223,222
344,183,207,242,238
345,183,192,231,226
346,183,203,246,239
347,183,193,235,231
348,183,187,228,224
349,183,205,241,241
350,183,197,228,230
664,183,198,219,222
665,183,197,223,224
666,183,184,214,214
667,183,170,202,201
668,183,174,206,205
669,183,186,218,217
670,183,196,228,227
671,183,201,231,231
672,183,206,234,235
673,183,204,234,234
674,183,193,227,226
675,183,202,238,236
676,183,197,238,234
677,183,188,229,225
678,183,198,239,235
679,183,192,231,228
680,183,195,231,229
681,183,201,231,231
682,183,197,223,224
685,183,182,201,205
686,183,183,201,205
689,183,187,202,207
697,183,194,213,217
698,183,207,235,236
699,183,197,228,230
700,183,198,237,236
701,183,203,243,242
702,183,192,234,233
703,183,171,215,214
0,184,196,235,232
1,184,206,242,240
2,184,219,251,250
309,184,192,220,221
310,184,205,237,236
311,184,202,236,235
312,184,213,249,247
313,184,197,233,231
314,184,208,242,241
315,184,194,228,227
316,184,204,236,235
317,184,210,240,240
318,184,199,227,228
319,184,208,236,237
343,184,205,231,230
344,184,196,228,225
345,184,190,229,224
346,184,196,237,231
347,184,199,240,236
348,184,194,233,230
349,184,190,224,225
350,184,201,231,233
671,184,186,210,212
672,184,206,227,230
673,184,204,228,230
674,184,191,219,220
675,184,195,227,226
676,184,207,243,241
677,184,207,246,243
678,184,197,238,234
679,184,204,245,241
680,184,195,234,231
681,184,205,239,238
682,184,202,232,232
683,184,202,230,231
684,184,212,238,239
685,184,200,226,227
686,184,204,230,231
687,184,204,228,230
688,184,209,230,233
689,184,220,239,243
697,184,197,221,223
698,184,199,229,229
699,184,199,233,234
700,184,195,234,233
701,184,175,217,215
702,184,162,206,205
0,185,187,226,223
1,185,194,230,228
2,185,205,237,236
310,185,182,206,208
311,185,185,213,214
312,185,176,206,206
314,185,205,237,236
315,185,199,231,230
316,185,198,230,229
317,185,201,231,231
318,185,209,239,239
319,185,203,233,233
320,185,209,241,240
321,185,191,223,222
322,185,206,236,236
323,185,201,231,231
324,185,177,205,206
340,185,192,203,207
341,185,193,208,211
342,185,190,210,211
343,185,212,238,237
344,185,203,235,232
345,185,196,235,230
346,185,196,237,231
347,185,197,236,233
348,185,195,231,229
349,185,190,221,223
350,185,196,224,227
673,185,204,222,226
674,185,200,221,224
675,185,189,215,216
676,185,179,211,210
677,185,174,210,208
678,185,178,217,214
679,185,205,244,241
680,185,200,236,234
681,185,205,241,239
682,185,201,235,234
683,185,197,229,228
684,185,206,238,237
685,185,195,227,226
686,185,205,237,236
687,185,208,240,239
688,185,202,230,231
689,185,210,236,237
697,185,193,221,222
698,185,197,229,228
699,185,204,240,240
700,185,188,228,227
0,186,208,247,244
1,186,207,243,241
2,186,194,226,225
3,186,176,204,205
314,186,181,209,210
315,186,204,232,233
316,186,203,231,232
317,186,193,223,223
318,186,202,232,232
319,186,191,221,221
320,186,192,228,226
321,186,207,241,240
322,186,217,251,250
323,186,204,238,237
324,186,203,235,234
325,186,171,201,201
343,186,206,235,233
344,186,205,240,236
345,186,202,241,236
346,186,197,238,232
347,186,196,235,232
348,186,200,236,234
349,186,195,226,228
350,186,198,226,229
677,186,180,210,210
678,186,195,229,228
679,186,197,231,230
680,186,186,220,219
681,186,195,229,228
682,186,196,230,229
683,186,186,220,219
684,186,206,240,239
685,186,203,237,236
686,186,202,238,236
687,186,186,222,220
688,186,196,228,227
689,186,209,239,239
690,186,181,209,210
692,186,182,203,206
693,186,181,202,203
697,186,190,222,221
698,186,212,246,245
699,186,202,241,240
700,186,193,233,232
0,187,196,235,232
1,187,197,233,231
2,187,179,213,212
3,187,177,205,206
319,187,218,246,247
320,187,196,232,230
321,187,189,225,223
322,187,194,228,227
323,187,183,217,216
324,187,192,226,225
325,187,196,228,227
326,187,195,227,226
327,187,202,232,232
328,187,201,229,230
329,187,206,234,235
330,187,201,227,228
331,187,204,230,231
332,187,205,229,231
333,187,201,225,227
334,187,199,223,225
335,187,186,210,212
336,187,201,229,230
343,187,190,220,218
344,187,199,235,231
345,187,199,238,233
346,187,193,234,228
347,187,191,230,227
348,187,199,235,233
349,187,194,225,227
350,187,198,223,227
678,187,190,218,219
679,187,196,226,226
680,187,206,236,236
681,187,213,245,244
682,187,215,247,246
683,187,193,225,224
684,187,198,232,231
685,187,190,226,224
686,187,204,243,240
687,187,209,248,245
688,187,201,235,234
689,187,204,236,235
690,187,196,226,226
691,187,190,218,219
692,187,208,234,235
693,187,211,237,236
694,187,206,232,231
697,187,189,223,222
698,187,210,246,244
699,187,190,229,228
700,187,189,228,227
701,187,196,235,234
702,187,180,218,219
0,188,199,240,236
1,188,193,232,229
2,188,190,224,223
319,188,199,223,225
320,188,210,242,241
321,188,189,221,220
322,188,212,244,243
323,188,208,240,239
324,188,202,234,233
325,188,209,241,240
326,188,201,233,232
327,188,195,227,226
328,188,196,228,227
329,188,203,235,234
330,188,201,233,232
331,188,206,238,237
332,188,204,236,235
333,188,196,228,227
334,188,200,232,231
335,188,194,226,225
336,188,191,227,225
340,188,213,242,240
341,188,200,229,227
342,188,192,224,221
343,188,212,247,243
344,188,196,235,230
345,188,199,242,235
346,188,195,238,231
347,188,192,233,229
348,188,199,235,233
349,188,194,225,227
350,188,194,222,225
678,188,177,201,203
679,188,198,224,225
680,188,210,236,237
681,188,196,224,225
682,188,197,225,226
683,188,198,228,228
684,188,216,248,247
685,188,198,234,232
686,188,193,232,229
687,188,198,237,234
688,188,202,238,236
689,188,196,230,229
690,188,205,237,236
691,188,218,248,248
692,188,204,234,234
693,188,194,223,221
694,188,196,226,224
695,188,197,229,226
696,188,200,235,231
697,188,198,234,232
698,188,200,236,234
699,188,195,231,231
700,188,189,225,225
701,188,191,225,226
702,188,192,223,226
703,188,184,215,218
0,189,170,211,207
2,189,178,212,211
319,189,224,243,247
320,189,201,227,228
321,189,187,213,214
322,189,210,238,239
323,189,207,235,236
324,189,192,220,221
325,189,201,231,231
326,189,202,234,233
327,189,200,232,231
328,189,198,232,231
329,189,195,231,229
330,189,191,227,225
331,189,195,234,231
332,189,199,238,235
333,189,197,236,233
334,189,193,234,230
335,189,187,228,224
336,189,190,232,228
337,189,189,230,226
339,189,183,219,215
340,189,217,252,248
341,189,193,228,224
342,189,194,230,226
343,189,192,231,226
344,189,193,236,229
345,189,195,240,233
346,189,194,239,232
347,189,194,236,232
348,189,198,237,234
349,189,194,228,229
350,189,198,226,229
679,189,193,213,214
680,189,203,224,225
681,189,201,225,225
682,189,206,230,230
683,189,200,229,227
684,189,206,236,234
685,189,196,231,227
686,189,194,230,226
687,189,204,243,238
688,189,202,238,236
689,189,196,230,229
690,189,192,226,225
691,189,206,238,237
692,189,200,232,231
693,189,206,238,235
694,189,199,231,228
695,189,213,248,244
696,189,200,236,232
697,189,199,235,233
698,189,202,238,236
699,189,206,242,242
700,189,203,237,238
701,189,177,207,209
0,190,175,216,212
320,190,181,202,205
321,190,181,202,205
322,190,181,202,205
323,190,194,218,220
324,190,206,232,233
325,190,200,228,229
326,190,196,226,226
327,190,198,230,229
328,190,203,237,236
329,190,196,235,232
330,190,195,236,232
331,190,192,234,230
332,190,195,240,235
333,190,201,246,241
334,190,194,241,235
335,190,190,237,231
336,190,177,226,220
337,190,193,240,234
338,190,187,232,225
339,190,195,236,230
340,190,184,223,218
341,190,196,235,230
342,190,206,247,241
343,190,193,236,229
344,190,187,234,226
345,190,187,234,226
346,190,189,236,228
347,190,190,235,230
348,190,195,236,232
349,190,196,230,231
350,190,201,231,233
683,190,176,200,200
684,190,174,203,201
687,190,171,207,203
688,190,195,229,228
689,190,202,236,235
690,190,192,226,225
691,190,192,224,223
692,190,191,223,222
693,190,202,234,231
694,190,197,232,228
695,190,198,234,230
696,190,191,227,223
697,190,199,235,233
698,190,190,226,224
699,190,186,220,221
700,190,202,233,235
701,190,189,217,220
702,190,180,203,209
324,191,199,223,225
325,191,196,222,223
326,191,187,217,217
327,191,194,226,225
328,191,182,218,216
329,191,190,229,226
330,191,200,242,238
331,191,186,231,226
332,191,178,225,219
333,191,186,235,229
334,191,188,237,231
335,191,195,246,239
336,191,183,236,228
337,191,193,244,237
338,191,196,243,235
339,191,190,235,228
340,191,187,230,223
341,191,201,242,236
342,191,194,237,230
343,191,193,238,231
344,191,198,245,237
345,191,191,241,232
346,191,192,242,233
347,191,196,243,237
348,191,201,242,238
349,191,203,239,239
350,191,209,239,241
688,191,194,228,227
689,191,204,238,237
690,191,201,233,232
691,191,210,242,241
692,191,207,239,238
693,191,199,231,228
694,191,202,237,233
695,191,200,236,232
696,191,198,234,230
697,191,208,244,242
698,191,207,243,241
699,191,206,240,241
700,191,211,241,243
701,191,191,216,220
702,191,191,211,218
0,192,185,206,209
1,192,193,214,217
2,192,198,216,220
330,192,203,227,229
331,192,212,238,239
332,192,200,228,229
333,192,210,240,240
334,192,197,229,228
335,192,195,227,226
336,192,207,236,234
337,192,207,236,234
338,192,188,217,215
339,192,201,230,226
340,192,214,243,239
341,192,199,230,225
342,192,197,228,223
343,192,199,230,225
344,192,212,243,238
345,192,202,234,229
346,192,203,235,232
347,192,204,236,233
348,192,203,235,232
349,192,208,240,239
350,192,202,236,235
692,192,184,205,208
693,192,211,235,235
694,192,198,222,222
695,192,205,229,229
696,192,202,223,224
697,192,202,223,226
698,192,195,214,218
699,192,214,233,239
700,192,210,229,235
0,193,202,223,226
1,193,195,214,218
2,193,192,210,214
331,193,197,218,221
332,193,195,219,221
333,193,204,230,231
334,193,195,221,222
335,193,190,218,219
336,193,200,226,225
337,193,199,225,224
338,193,201,227,226
339,193,224,250,247
340,193,218,244,241
341,193,190,216,213
342,193,201,230,226
343,193,208,237,233
344,193,203,232,228
345,193,200,229,225
346,193,205,235,233
347,193,203,233,231
348,193,185,215,213
693,193,198,219,220
694,193,199,220,221
695,193,199,220,221
696,193,191,211,212
697,193,194,213,217
698,193,193,211,215
699,193,209,226,233
700,193,191,208,215
338,194,204,225,226
339,194,212,234,232
340,194,207,229,227
341,194,222,244,242
342,194,215,237,235
343,194,202,227,224
344,194,201,226,223
345,194,206,231,228
346,194,208,234,233
347,194,188,214,213
