x,y,r,g,b
1569,94,1,0,249
1570,94,4,1,255
1571,94,0,0,247
1572,94,4,3,255
1573,94,0,4,236
1574,94,2,2,255
1575,94,0,1,254
1568,95,6,0,255
1569,95,0,0,246
1570,95,2,0,254
1571,95,4,3,255
1572,95,1,2,250
1573,95,1,1,255
1574,95,0,0,250
1575,95,0,3,255
1576,95,7,0,242
1577,95,15,0,255
94,96,11,0,247
95,96,3,0,252
96,96,0,1,250
97,96,1,4,255
98,96,0,0,245
99,96,13,0,255
100,96,18,0,252
1567,96,0,0,252
1568,96,0,0,254
1569,96,0,0,254
1570,96,0,0,254
1571,96,0,0,254
1572,96,0,0,254
1573,96,0,0,254
1574,96,0,0,254
1575,96,0,0,254
1576,96,0,3,255
1577,96,0,1,254
1578,96,3,1,250
1579,96,11,0,255
66,97,13,0,255
67,97,4,3,255
68,97,0,0,241
69,97,0,0,243
70,97,3,6,255
71,97,1,1,249
72,97,1,0,239
73,97,9,5,252
74,97,0,0,250
75,97,8,0,254
78,97,9,0,254
79,97,2,0,245
80,97,2,0,254
81,97,2,0,254
82,97,2,0,254
83,97,2,0,254
84,97,2,0,254
85,97,2,0,254
86,97,2,0,254
87,97,2,0,254
91,97,8,3,253
92,97,0,3,255
93,97,0,0,252
94,97,2,7,255
95,97,0,0,249
96,97,0,0,232
97,97,2,2,255
98,97,2,2,255
99,97,1,5,252
100,97,2,6,255
101,97,0,6,242
102,97,0,1,253
103,97,0,0,248
104,97,2,0,254
105,97,2,0,254
106,97,2,0,254
107,97,2,0,254
108,97,2,0,254
109,97,2,0,254
110,97,2,0,254
111,97,2,0,254
112,97,16,2,255
1566,97,13,0,244
1567,97,0,0,250
1568,97,0,0,254
1569,97,0,0,254
1570,97,0,0,254
1571,97,0,0,254
1572,97,0,0,254
1573,97,0,0,254
1574,97,0,0,254
1575,97,0,0,254
1576,97,4,4,255
1577,97,0,0,240
1578,97,1,0,251
1579,97,0,0,237
1580,97,8,0,242
1581,97,19,0,254
1584,97,2,0,254
1585,97,2,0,254
1586,97,2,0,254
1587,97,2,0,254
1588,97,2,0,254
1589,97,2,0,254
1590,97,2,0,254
1591,97,2,0,254
1592,97,0,6,249
1593,97,0,0,248
1594,97,5,11,255
1595,97,1,0,251
1596,97,10,0,250
65,98,17,0,255
66,98,0,0,249
67,98,1,4,255
68,98,0,6,255
69,98,0,3,241
70,98,0,0,253
71,98,4,0,254
72,98,1,9,255
73,98,0,4,255
74,98,0,4,246
75,98,0,5,238
76,98,0,0,246
77,98,2,1,255
78,98,0,2,249
79,98,0,2,254
80,98,0,1,254
81,98,0,1,254
82,98,0,1,254
83,98,0,1,254
84,98,0,1,254
85,98,0,1,254
86,98,0,1,254
87,98,0,1,254
88,98,0,0,247
89,98,5,2,255
90,98,0,0,247
91,98,0,0,252
92,98,0,0,253
93,98,0,0,253
94,98,2,2,255
95,98,2,1,252
96,98,2,2,250
97,98,2,2,255
98,98,2,2,255
99,98,0,0,247
100,98,0,5,246
101,98,0,4,255
102,98,0,4,235
103,98,0,7,255
104,98,0,1,254
105,98,0,1,254
106,98,0,1,254
107,98,0,1,254
108,98,0,1,254
109,98,0,1,254
110,98,0,1,254
111,98,0,1,254
112,98,3,4,252
113,98,2,2,255
114,98,0,0,248
115,98,0,0,248
116,98,6,0,255
117,98,20,0,255
1566,98,1,0,250
1567,98,0,0,251
1568,98,0,0,254
1569,98,0,0,254
1570,98,0,0,254
1571,98,0,0,254
1572,98,0,0,254
1573,98,0,0,254
1574,98,0,0,254
1575,98,0,0,254
1576,98,0,0,243
1577,98,2,1,255
1578,98,3,3,255
1579,98,0,3,255
1580,98,2,5,255
1581,98,0,0,252
1582,98,0,0,250
1583,98,3,1,250
1584,98,0,1,254
1585,98,0,1,254
1586,98,0,1,254
1587,98,0,1,254
1588,98,0,1,254
1589,98,0,1,254
1590,98,0,1,254
1591,98,0,1,254
1592,98,0,3,255
1593,98,0,2,252
1594,98,0,0,252
1595,98,0,2,240
1596,98,2,2,255
1597,98,7,0,254
1598,98,8,0,250
64,99,3,7,254
65,99,0,0,252
66,99,0,0,250
67,99,6,6,254
68,99,4,1,255
69,99,0,0,250
70,99,6,0,255
71,99,6,0,255
72,99,0,0,244
73,99,1,4,255
74,99,0,0,245
75,99,0,0,250
76,99,3,2,254
77,99,2,0,247
78,99,0,0,253
79,99,1,1,255
80,99,0,2,255
81,99,0,2,255
82,99,0,2,255
83,99,0,2,255
84,99,0,2,255
85,99,0,2,255
86,99,0,2,255
87,99,0,2,255
88,99,0,9,255
89,99,6,9,255
90,99,7,2,244
91,99,6,0,242
92,99,13,0,255
93,99,5,0,255
94,99,0,3,255
95,99,0,0,249
96,99,3,3,255
97,99,0,0,251
98,99,1,0,252
99,99,7,4,255
100,99,1,0,251
101,99,7,0,254
102,99,4,0,248
103,99,7,0,254
104,99,0,2,255
105,99,0,2,255
106,99,0,2,255
107,99,0,2,255
108,99,0,2,255
109,99,0,2,255
110,99,0,2,255
111,99,0,2,255
112,99,0,0,247
113,99,0,5,246
114,99,0,1,254
115,99,0,0,248
116,99,0,0,252
117,99,4,3,255
118,99,0,0,253
119,99,0,0,253
1565,99,8,0,245
1566,99,1,1,255
1567,99,0,7,255
1568,99,0,0,254
1569,99,0,0,254
1570,99,0,0,254
1571,99,0,0,254
1572,99,0,0,254
1573,99,0,0,254
1574,99,0,0,254
1575,99,0,0,254
1576,99,4,5,246
1577,99,0,0,253
1578,99,0,0,251
1579,99,0,1,243
1580,99,0,0,252
1581,99,0,8,255
1582,99,0,0,238
1583,99,0,0,251
1584,99,0,2,255
1585,99,0,2,255
1586,99,0,2,255
1587,99,0,2,255
1588,99,0,2,255
1589,99,0,2,255
1590,99,0,2,255
1591,99,0,2,255
1592,99,10,3,254
1593,99,6,3,242
1594,99,5,4,255
1595,99,0,0,252
1596,99,4,5,245
1597,99,6,3,255
1598,99,5,0,254
1599,99,9,0,255
63,100,10,0,253
64,100,3,6,255
65,100,0,0,251
66,100,0,0,249
67,100,0,0,254
68,100,0,1,254
69,100,0,0,252
70,100,0,5,255
71,100,0,2,253
72,100,0,0,254
73,100,1,2,253
74,100,3,3,255
75,100,0,0,251
76,100,6,6,255
77,100,0,0,253
78,100,4,3,255
79,100,5,3,252
80,100,0,0,253
81,100,0,0,253
82,100,0,0,253
83,100,0,0,253
84,100,0,0,253
85,100,0,0,253
86,100,0,0,253
87,100,0,0,253
88,100,4,0,245
89,100,7,0,254
90,100,1,0,251
91,100,4,3,245
92,100,3,3,255
93,100,3,4,252
94,100,0,0,250
95,100,3,5,248
96,100,0,0,252
97,100,4,4,255
98,100,0,0,250
99,100,5,6,247
100,100,1,0,254
101,100,1,1,247
102,100,4,3,255
103,100,3,2,253
104,100,0,0,253
105,100,0,0,253
106,100,0,0,253
107,100,0,0,253
108,100,0,0,253
109,100,0,0,253
110,100,0,0,253
111,100,0,0,253
112,100,4,0,249
113,100,0,0,248
114,100,7,0,255
115,100,3,0,245
116,100,10,6,251
117,100,4,3,255
118,100,0,0,247
119,100,0,3,255
120,100,11,0,254
121,100,10,0,246
1565,100,2,0,247
1566,100,0,0,250
1567,100,0,4,249
1568,100,0,0,254
1569,100,0,0,254
1570,100,0,0,254
1571,100,0,0,254
1572,100,0,0,254
1573,100,0,0,254
1574,100,0,0,254
1575,100,0,0,254
1576,100,2,2,255
1577,100,0,0,253
1578,100,0,0,251
1579,100,0,0,254
1580,100,1,2,253
1581,100,2,2,255
1582,100,0,2,255
1583,100,0,0,252
1584,100,0,0,253
1585,100,0,0,253
1586,100,0,0,253
1587,100,0,0,253
1588,100,0,0,253
1589,100,0,0,253
1590,100,0,0,253
1591,100,0,0,253
1592,100,0,0,251
1593,100,0,3,254
1594,100,0,0,243
1595,100,0,5,255
1596,100,0,0,243
1597,100,0,0,249
1598,100,2,2,255
1599,100,3,2,254
1600,100,0,0,246
63,101,4,0,251
64,101,5,0,250
65,101,14,4,255
66,101,0,0,235
67,101,2,6,255
68,101,0,0,250
69,101,0,5,255
70,101,0,3,255
71,101,1,5,250
72,101,3,2,254
73,101,1,0,253
74,101,0,0,247
75,101,3,3,255
76,101,0,0,246
77,101,0,3,255
78,101,0,0,250
79,101,3,0,251
80,101,4,0,252
81,101,4,0,252
82,101,4,0,252
83,101,4,0,252
84,101,4,0,252
85,101,4,0,252
86,101,4,0,252
87,101,4,0,252
88,101,0,1,254
89,101,0,3,255
90,101,0,0,232
91,101,0,5,247
92,101,0,3,255
93,101,0,0,244
94,101,8,2,255
95,101,8,0,255
96,101,0,1,246
97,101,0,1,238
98,101,0,0,244
99,101,1,1,255
100,101,0,1,254
101,101,4,7,255
102,101,0,0,251
103,101,0,0,248
104,101,4,0,252
105,101,4,0,252
106,101,4,0,252
107,101,4,0,252
108,101,4,0,252
109,101,4,0,252
110,101,4,0,252
111,101,4,0,252
112,101,10,0,255
113,101,3,0,253
114,101,2,2,255
115,101,0,2,235
116,101,0,4,255
117,101,0,0,250
118,101,0,0,240
119,101,7,0,254
120,101,0,6,255
121,101,0,0,253
122,101,6,0,255
123,101,10,0,248
1564,101,10,0,252
1565,101,2,0,239
1566,101,1,10,255
1567,101,0,2,255
1568,101,0,0,254
1569,101,0,0,254
1570,101,0,0,254
1571,101,0,0,254
1572,101,0,0,254
1573,101,0,0,254
1574,101,0,0,254
1575,101,0,0,254
1576,101,0,3,255
1577,101,2,2,255
1578,101,1,1,249
1579,101,6,4,255
1580,101,4,0,251
1581,101,2,0,252
1582,101,3,2,246
1583,101,0,0,249
1584,101,4,0,252
1585,101,4,0,252
1586,101,4,0,252
1587,101,4,0,252
1588,101,4,0,252
1589,101,4,0,252
1590,101,4,0,252
1591,101,4,0,252
1592,101,0,0,252
1593,101,1,1,247
1594,101,6,8,249
1595,101,0,2,255
1596,101,0,0,250
1597,101,0,4,255
1598,101,0,3,241
1599,101,0,3,248
1600,101,10,2,255
63,102,0,1,254
64,102,0,0,252
65,102,0,1,251
66,102,0,0,251
67,102,0,2,254
68,102,0,6,245
69,102,0,0,251
70,102,0,0,247
71,102,4,1,254
72,102,7,4,255
73,102,3,0,253
74,102,3,0,250
75,102,2,1,252
76,102,0,1,247
77,102,6,11,255
78,102,0,0,253
79,102,9,0,255
80,102,1,1,255
81,102,1,1,255
82,102,1,1,255
83,102,1,1,255
84,102,1,1,255
85,102,1,1,255
86,102,1,1,255
87,102,1,1,255
88,102,0,3,245
89,102,0,0,246
90,102,4,8,255
91,102,1,1,255
92,102,0,0,250
93,102,0,0,252
94,102,0,0,252
95,102,0,8,247
96,102,0,0,251
97,102,5,6,254
98,102,4,4,255
99,102,0,0,253
100,102,0,0,239
101,102,0,0,249
102,102,7,4,255
103,102,0,0,246
104,102,1,1,255
105,102,1,1,255
106,102,1,1,255
107,102,1,1,255
108,102,1,1,255
109,102,1,1,255
110,102,1,1,255
111,102,1,1,255
112,102,0,6,254
113,102,0,1,251
114,102,2,7,255
115,102,1,0,252
116,102,6,3,255
117,102,0,1,242
118,102,1,6,255
119,102,0,4,253
120,102,0,4,246
121,102,0,3,241
122,102,0,4,255
123,102,0,0,247
124,102,12,2,255
1564,102,0,0,250
1565,102,2,0,252
1566,102,0,1,254
1567,102,0,0,249
1568,102,0,0,254
1569,102,0,0,254
1570,102,0,0,254
1571,102,0,0,254
1572,102,0,0,254
1573,102,0,0,254
1574,102,0,0,254
1575,102,0,0,254
1576,102,0,0,247
1577,102,1,4,255
1578,102,1,1,249
1579,102,0,0,249
1580,102,13,7,255
1581,102,0,0,249
1582,102,2,1,252
1583,102,3,3,247
1584,102,1,1,255
1585,102,1,1,255
1586,102,1,1,255
1587,102,1,1,255
1588,102,1,1,255
1589,102,1,1,255
1590,102,1,1,255
1591,102,1,1,255
1592,102,0,0,254
1593,102,0,0,243
1594,102,3,3,251
1595,102,4,3,255
1596,102,2,2,250
1597,102,3,2,255
1598,102,3,2,255
1599,102,4,4,248
1600,102,0,2,250
1601,102,5,0,255
1608,102,0,1,250
1609,102,4,4,255
1610,102,7,0,255
1611,102,13,0,255
63,103,0,3,254
64,103,0,5,255
65,103,0,0,254
66,103,5,5,243
67,103,9,1,255
68,103,7,0,254
69,103,2,0,248
70,103,0,0,253
71,103,0,0,254
72,103,0,0,250
73,103,3,4,255
74,103,0,0,251
75,103,0,4,255
76,103,0,4,251
77,103,0,5,254
78,103,0,0,249
79,103,0,0,252
80,103,0,0,253
81,103,0,0,253
82,103,0,0,253
83,103,0,0,253
84,103,0,0,253
85,103,0,0,253
86,103,0,0,253
87,103,0,0,253
88,103,1,0,254
89,103,4,3,255
90,103,0,0,253
91,103,0,0,251
92,103,0,0,248
93,103,6,6,255
94,103,0,0,253
95,103,0,0,252
96,103,0,0,251
97,103,4,4,255
98,103,0,0,252
99,103,1,4,255
100,103,0,0,250
101,103,0,6,242
102,103,0,3,255
103,103,2,7,255
104,103,0,0,253
105,103,0,0,253
106,103,0,0,253
107,103,0,0,253
108,103,0,0,253
109,103,0,0,253
110,103,0,0,253
111,103,0,0,253
112,103,0,0,236
113,103,6,7,255
114,103,0,0,253
115,103,0,0,250
116,103,0,4,243
117,103,0,2,255
118,103,0,0,248
119,103,0,0,253
120,103,6,3,255
121,103,0,0,252
122,103,0,2,254
123,103,0,5,255
124,103,0,0,253
125,103,6,1,244
126,103,14,0,252
1563,103,2,0,252
1564,103,4,2,249
1565,103,0,3,255
1566,103,6,0,253
1567,103,1,0,244
1568,103,0,0,254
1569,103,0,0,254
1570,103,0,0,254
1571,103,0,0,254
1572,103,0,0,254
1573,103,0,0,254
1574,103,0,0,254
1575,103,0,0,254
1576,103,0,6,248
1577,103,0,3,255
1578,103,0,0,249
1579,103,3,0,253
1580,103,0,0,249
1581,103,5,5,251
1582,103,0,0,250
1583,103,0,4,253
1584,103,0,0,253
1585,103,0,0,253
1586,103,0,0,253
1587,103,0,0,253
1588,103,0,0,253
1589,103,0,0,253
1590,103,0,0,253
1591,103,0,0,253
1592,103,4,3,255
1593,103,1,0,254
1594,103,1,0,254
1595,103,1,0,254
1596,103,0,0,249
1597,103,0,0,236
1598,103,4,4,255
1599,103,0,0,252
1600,103,5,0,252
1601,103,0,4,250
1602,103,15,1,255
1604,103,1,0,250
1605,103,0,5,247
1606,103,0,7,255
1607,103,5,0,253
1608,103,1,0,254
1609,103,2,1,255
1610,103,4,3,255
1611,103,0,0,244
1612,103,6,5,255
1613,103,1,0,251
1614,103,4,1,255
1615,103,4,1,255
1616,103,11,0,244
1619,103,10,0,243
1620,103,6,0,253
1621,103,8,3,246
1622,103,5,0,253
1623,103,5,3,254
1624,103,0,1,252
1625,103,0,4,255
1626,103,2,0,249
1627,103,9,0,254
1649,103,16,0,254
1650,103,0,0,228
1651,103,0,4,253
1652,103,0,8,255
1653,103,4,0,249
63,104,1,1,255
64,104,11,0,255
65,104,3,0,241
66,104,2,2,255
67,104,0,1,249
68,104,0,7,248
69,104,1,1,255
70,104,2,0,249
71,104,10,0,255
72,104,0,0,252
73,104,2,6,253
74,104,0,0,252
75,104,2,5,255
76,104,4,5,255
77,104,0,0,254
78,104,0,0,249
79,104,3,4,255
80,104,0,0,252
81,104,1,5,252
82,104,0,0,247
83,104,2,3,254
84,104,0,0,252
85,104,3,3,255
86,104,0,0,251
87,104,2,3,254
88,104,0,1,251
89,104,0,0,252
90,104,4,7,244
91,104,1,1,255
92,104,0,2,255
93,104,0,0,249
94,104,0,6,243
95,104,0,5,255
96,104,4,2,253
97,104,2,2,240
98,104,0,0,253
99,104,0,0,248
100,104,0,0,239
101,104,5,4,255
102,104,0,0,254
103,104,0,0,250
104,104,1,0,251
105,104,2,1,255
106,104,0,0,249
107,104,0,3,245
108,104,0,5,255
109,104,4,4,255
110,104,1,0,244
111,104,1,0,251
112,104,0,0,248
113,104,2,6,251
114,104,2,1,253
115,104,7,1,255
116,104,8,0,255
117,104,5,0,255
118,104,0,0,252
119,104,1,3,246
120,104,0,0,254
121,104,0,0,254
122,104,0,0,254
123,104,0,0,254
124,104,0,0,254
125,104,0,0,254
126,104,0,0,254
127,104,0,0,254
1562,104,10,0,255
1563,104,0,0,253
1564,104,0,3,255
1565,104,0,0,248
1566,104,5,4,255
1567,104,4,0,253
1568,104,1,3,246
1569,104,0,0,252
1570,104,5,0,255
1571,104,8,0,255
1572,104,7,1,255
1573,104,2,1,253
1574,104,2,6,251
1575,104,0,0,248
1576,104,0,0,246
1577,104,1,1,255
1578,104,0,0,251
1579,104,3,4,255
1580,104,0,0,253
1581,104,0,0,236
1582,104,5,4,255
1583,104,3,2,255
1584,104,0,0,254
1585,104,0,0,254
1586,104,0,0,254
1587,104,0,0,254
1588,104,0,0,254
1589,104,0,0,254
1590,104,0,0,254
1591,104,0,0,254
1592,104,0,0,254
1593,104,0,0,254
1594,104,0,0,254
1595,104,0,0,254
1596,104,0,0,254
1597,104,0,0,254
1598,104,0,0,254
1599,104,0,0,254
1600,104,0,0,254
1601,104,0,0,254
1602,104,0,0,254
1603,104,0,0,254
1604,104,0,0,254
1605,104,0,0,254
1606,104,0,0,254
1607,104,0,0,254
1608,104,0,0,254
1609,104,0,0,254
1610,104,0,0,254
1611,104,0,0,254
1612,104,0,0,254
1613,104,0,0,254
1614,104,0,0,254
1615,104,0,0,254
1616,104,0,0,254
1617,104,0,0,254
1618,104,0,0,254
1619,104,0,0,254
1620,104,0,0,254
1621,104,0,0,254
1622,104,0,0,254
1623,104,0,0,254
1624,104,0,0,250
1625,104,0,3,255
1626,104,0,2,251
1627,104,0,0,247
1628,104,8,2,255
1629,104,11,0,254
1647,104,5,0,254
1648,104,0,0,254
1649,104,0,0,254
1650,104,0,0,254
1651,104,0,0,254
1652,104,0,0,254
1653,104,0,0,254
1654,104,0,0,254
1655,104,0,0,254
63,105,2,1,243
64,105,0,4,253
65,105,0,0,252
66,105,0,1,254
67,105,0,2,238
68,105,0,0,250
69,105,3,5,250
70,105,0,0,252
71,105,0,0,245
72,105,0,0,251
73,105,0,2,253
74,105,0,1,237
75,105,0,0,248
76,105,1,1,255
77,105,0,0,252
78,105,0,0,251
79,105,0,0,239
80,105,2,0,251
81,105,6,3,255
82,105,0,0,251
83,105,1,0,253
84,105,3,4,244
85,105,1,1,255
86,105,0,0,248
87,105,1,2,252
88,105,2,2,255
89,105,0,0,252
90,105,0,0,249
91,105,0,0,249
92,105,7,6,255
93,105,0,0,253
94,105,3,2,254
95,105,0,0,251
96,105,0,0,249
97,105,3,3,255
98,105,0,0,251
99,105,0,3,255
100,105,0,0,251
101,105,3,7,255
102,105,0,0,252
103,105,0,0,250
104,105,8,2,255
105,105,0,0,251
106,105,3,2,255
107,105,1,1,255
108,105,0,0,239
109,105,4,4,248
110,105,3,0,251
111,105,8,0,253
112,105,4,7,255
113,105,0,0,246
114,105,2,0,254
115,105,0,0,235
116,105,1,0,251
117,105,4,3,255
118,105,0,2,249
119,105,0,1,253
120,105,0,0,254
121,105,0,0,254
122,105,0,0,254
123,105,0,0,254
124,105,0,0,254
125,105,0,0,254
126,105,0,0,254
127,105,0,0,254
128,105,2,0,254
129,105,2,0,254
130,105,2,0,254
131,105,2,0,254
132,105,2,0,254
133,105,2,0,254
134,105,2,0,254
135,105,2,0,254
136,105,4,0,246
1501,105,10,0,250
1502,105,4,1,255
1503,105,0,0,253
1504,105,2,1,252
1505,105,0,2,254
1506,105,0,2,246
1507,105,3,0,244
1548,105,10,0,255
1549,105,3,0,255
1550,105,0,5,255
1551,105,0,3,250
1552,105,0,6,255
1553,105,0,0,250
1554,105,0,0,252
1555,105,6,0,252
1556,105,11,0,241
1562,105,7,0,252
1563,105,0,0,253
1564,105,0,2,252
1565,105,0,3,255
1566,105,0,0,249
1567,105,7,1,255
1568,105,0,1,253
1569,105,0,2,249
1570,105,4,3,255
1571,105,1,0,251
1572,105,0,0,235
1573,105,2,0,254
1574,105,0,0,246
1575,105,4,7,255
1576,105,2,2,255
1577,105,0,0,253
1578,105,0,0,250
1579,105,0,2,247
1580,105,7,7,255
1581,105,0,0,248
1582,105,0,0,249
1583,105,2,1,255
1584,105,0,0,254
1585,105,0,0,254
1586,105,0,0,254
1587,105,0,0,254
1588,105,0,0,254
1589,105,0,0,254
1590,105,0,0,254
1591,105,0,0,254
1592,105,0,0,254
1593,105,0,0,254
1594,105,0,0,254
1595,105,0,0,254
1596,105,0,0,254
1597,105,0,0,254
1598,105,0,0,254
1599,105,0,0,254
1600,105,0,0,254
1601,105,0,0,254
1602,105,0,0,254
1603,105,0,0,254
1604,105,0,0,254
1605,105,0,0,254
1606,105,0,0,254
1607,105,0,0,254
1608,105,0,0,254
1609,105,0,0,254
1610,105,0,0,254
1611,105,0,0,254
1612,105,0,0,254
1613,105,0,0,254
1614,105,0,0,254
1615,105,0,0,254
1616,105,0,0,254
1617,105,0,0,254
1618,105,0,0,254
1619,105,0,0,254
1620,105,0,0,254
1621,105,0,0,254
1622,105,0,0,254
1623,105,0,0,254
1624,105,3,5,240
1625,105,3,3,255
1626,105,0,3,240
1627,105,1,1,255
1628,105,3,2,255
1629,105,1,0,250
1630,105,10,0,248
1631,105,6,0,249
1632,105,0,3,255
1633,105,0,1,253
1634,105,1,1,255
1635,105,1,0,244
1644,105,6,0,251
1645,105,0,1,251
1646,105,0,0,251
1647,105,0,0,248
1648,105,0,0,254
1649,105,0,0,254
1650,105,0,0,254
1651,105,0,0,254
1652,105,0,0,254
1653,105,0,0,254
1654,105,0,0,254
1655,105,0,0,254
1656,105,16,0,252
63,106,4,0,251
64,106,0,1,252
65,106,0,4,255
66,106,0,1,253
67,106,0,0,253
68,106,3,7,254
69,106,0,1,253
70,106,0,3,245
71,106,0,11,255
72,106,2,0,236
73,106,7,1,255
74,106,7,1,255
75,106,1,0,242
76,106,7,1,255
77,106,0,0,250
78,106,10,4,255
79,106,6,0,255
80,106,0,0,250
81,106,5,0,255
82,106,8,2,255
83,106,0,0,249
84,106,0,0,252
85,106,2,2,255
86,106,5,5,255
87,106,1,0,254
88,106,0,0,254
89,106,5,7,252
90,106,2,1,255
91,106,0,0,253
92,106,3,1,250
93,106,5,0,255
94,106,1,0,250
95,106,9,0,255
96,106,8,7,255
97,106,0,0,250
98,106,5,4,255
99,106,2,3,253
100,106,0,0,251
101,106,0,0,253
102,106,1,3,244
103,106,2,2,255
104,106,0,2,242
105,106,0,0,253
106,106,0,4,254
107,106,0,0,251
108,106,0,1,254
109,106,2,1,253
110,106,0,0,252
111,106,8,2,255
112,106,0,0,252
113,106,4,3,255
114,106,1,0,254
115,106,0,0,252
116,106,3,3,255
117,106,0,2,254
118,106,0,1,253
119,106,0,6,253
120,106,0,0,254
121,106,0,0,254
122,106,0,0,254
123,106,0,0,254
124,106,0,0,254
125,106,0,0,254
126,106,0,0,254
127,106,0,0,254
128,106,0,1,254
129,106,0,1,254
130,106,0,1,254
131,106,0,1,254
132,106,0,1,254
133,106,0,1,254
134,106,0,1,254
135,106,0,1,254
136,106,0,5,255
137,106,2,1,255
138,106,11,0,253
157,106,12,0,250
158,106,2,2,255
159,106,0,4,255
160,106,0,4,255
161,106,2,0,254
162,106,11,0,251
1479,106,6,0,251
1480,106,0,0,253
1481,106,0,0,253
1482,106,0,0,253
1483,106,0,0,253
1484,106,0,0,253
1485,106,0,0,253
1486,106,0,0,253
1487,106,0,0,253
1488,106,6,0,252
1499,106,9,3,249
1500,106,1,4,255
1501,106,0,0,251
1502,106,0,0,236
1503,106,0,8,241
1504,106,0,5,255
1505,106,0,2,239
1506,106,0,0,246
1507,106,0,0,248
1508,106,3,6,255
1509,106,3,0,249
1541,106,9,0,238
1542,106,2,2,255
1543,106,0,6,255
1544,106,0,1,246
1545,106,3,3,255
1546,106,1,0,254
1547,106,3,2,255
1548,106,4,3,245
1549,106,5,4,248
1550,106,4,0,251
1551,106,8,2,255
1552,106,0,0,246
1553,106,6,5,255
1554,106,0,0,249
1555,106,4,6,239
1556,106,1,2,243
1557,106,0,0,240
1558,106,3,3,255
1559,106,5,6,255
1560,106,11,0,255
1561,106,6,0,244
1562,106,8,2,255
1563,106,1,0,254
1564,106,1,1,255
1565,106,0,0,245
1566,106,2,2,255
1567,106,0,4,236
1568,106,0,6,253
1569,106,0,1,253
1570,106,0,2,254
1571,106,3,3,255
1572,106,0,0,252
1573,106,1,0,254
1574,106,4,3,255
1575,106,0,0,252
1576,106,0,0,243
1577,106,0,0,252
1578,106,4,4,255
1579,106,0,0,253
1580,106,0,0,252
1581,106,1,1,255
1582,106,0,0,246
1583,106,0,2,241
1584,106,0,0,254
1585,106,0,0,254
1586,106,0,0,254
1587,106,0,0,254
1588,106,0,0,254
1589,106,0,0,254
1590,106,0,0,254
1591,106,0,0,254
1592,106,0,0,254
1593,106,0,0,254
1594,106,0,0,254
1595,106,0,0,254
1596,106,0,0,254
1597,106,0,0,254
1598,106,0,0,254
1599,106,0,0,254
1600,106,0,0,254
1601,106,0,0,254
1602,106,0,0,254
1603,106,0,0,254
1604,106,0,0,254
1605,106,0,0,254
1606,106,0,0,254
1607,106,0,0,254
1608,106,0,0,254
1609,106,0,0,254
1610,106,0,0,254
1611,106,0,0,254
1612,106,0,0,254
1613,106,0,0,254
1614,106,0,0,254
1615,106,0,0,254
1616,106,0,0,254
1617,106,0,0,254
1618,106,0,0,254
1619,106,0,0,254
1620,106,0,0,254
1621,106,0,0,254
1622,106,0,0,254
1623,106,0,0,254
1624,106,2,0,251
1625,106,0,0,246
1626,106,5,4,255
1627,106,2,2,255
1628,106,0,2,247
1629,106,0,5,235
1630,106,4,4,255
1631,106,3,3,247
1632,106,0,0,242
1633,106,2,4,245
1634,106,0,5,255
1635,106,0,8,255
1636,106,0,4,253
1637,106,8,0,254
1643,106,16,2,255
1644,106,0,0,249
1645,106,5,6,255
1646,106,1,4,255
1647,106,0,3,253
1648,106,0,0,254
1649,106,0,0,254
1650,106,0,0,254
1651,106,0,0,254
1652,106,0,0,254
1653,106,0,0,254
1654,106,0,0,254
1655,106,0,0,254
1656,106,6,0,249
1657,106,8,0,246
64,107,1,2,243
65,107,0,0,250
66,107,4,1,255
67,107,6,4,255
68,107,3,0,253
69,107,1,0,251
70,107,3,0,252
71,107,2,0,251
72,107,1,2,253
73,107,0,0,250
74,107,0,2,244
75,107,0,0,253
76,107,0,0,252
77,107,1,4,255
78,107,3,6,255
79,107,0,0,252
80,107,0,6,254
81,107,0,0,252
82,107,4,4,252
83,107,3,2,255
84,107,0,0,250
85,107,0,0,252
86,107,3,5,246
87,107,0,0,251
88,107,3,2,255
89,107,0,0,253
90,107,0,0,251
91,107,3,5,250
92,107,0,0,246
93,107,3,2,255
94,107,5,2,255
95,107,3,0,253
96,107,0,0,247
97,107,0,0,242
98,107,3,3,255
99,107,0,0,251
100,107,0,3,252
101,107,0,1,254
102,107,0,0,253
103,107,0,0,252
104,107,0,0,252
105,107,2,3,241
106,107,0,0,252
107,107,0,4,243
108,107,0,2,253
109,107,0,6,249
110,107,0,4,253
111,107,0,9,241
112,107,0,2,255
113,107,0,0,245
114,107,0,3,255
115,107,0,0,250
116,107,0,4,244
117,107,0,0,244
118,107,1,6,255
119,107,0,0,250
120,107,0,0,254
121,107,0,0,254
122,107,0,0,254
123,107,0,0,254
124,107,0,0,254
125,107,0,0,254
126,107,0,0,254
127,107,0,0,254
128,107,0,2,255
129,107,0,2,255
130,107,0,2,255
131,107,0,2,255
132,107,0,2,255
133,107,0,2,255
134,107,0,2,255
135,107,0,2,255
136,107,0,0,251
137,107,0,0,249
138,107,0,0,251
139,107,5,0,247
155,107,12,0,255
156,107,2,1,255
157,107,0,0,240
158,107,5,8,255
159,107,2,4,245
160,107,7,6,250
161,107,0,0,243
162,107,0,3,255
163,107,0,0,251
164,107,6,5,255
165,107,3,0,245
1477,107,19,0,255
1478,107,1,0,254
1479,107,11,3,247
1480,107,1,1,255
1481,107,1,1,255
1482,107,1,1,255
1483,107,1,1,255
1484,107,1,1,255
1485,107,1,1,255
1486,107,1,1,255
1487,107,1,1,255
1488,107,0,0,247
1489,107,14,0,254
1497,107,5,0,254
1498,107,0,0,250
1499,107,0,0,250
1500,107,0,3,244
1501,107,0,6,242
1502,107,0,6,255
1503,107,14,2,255
1504,107,8,0,254
1505,107,10,0,254
1506,107,7,2,245
1507,107,3,6,255
1508,107,0,5,252
1509,107,0,2,255
1510,107,7,0,245
1538,107,0,0,236
1539,107,0,6,255
1540,107,0,5,255
1541,107,0,5,255
1542,107,0,1,253
1543,107,2,4,236
1544,107,1,2,253
1545,107,0,0,254
1546,107,2,2,255
1547,107,0,0,253
1548,107,1,0,254
1549,107,0,0,246
1550,107,1,0,253
1551,107,0,0,252
1552,107,0,0,251
1553,107,1,1,255
1554,107,3,3,255
1555,107,1,1,255
1556,107,1,1,247
1557,107,0,0,252
1558,107,6,5,255
1559,107,0,0,249
1560,107,0,0,254
1561,107,0,0,253
1562,107,0,0,253
1563,107,0,0,252
1564,107,0,0,253
1565,107,1,1,255
1566,107,0,0,251
1567,107,0,1,250
1568,107,0,0,250
1569,107,1,6,255
1570,107,0,0,244
1571,107,0,4,244
1572,107,0,0,250
1573,107,0,3,255
1574,107,0,0,245
1575,107,0,2,255
1576,107,7,6,255
1577,107,3,2,255
1578,107,1,3,238
1579,107,4,3,254
1580,107,5,4,255
1581,107,4,4,255
1582,107,4,4,255
1583,107,0,0,253
1584,107,0,0,254
1585,107,0,0,254
1586,107,0,0,254
1587,107,0,0,254
1588,107,0,0,254
1589,107,0,0,254
1590,107,0,0,254
1591,107,0,0,254
1592,107,0,0,254
1593,107,0,0,254
1594,107,0,0,254
1595,107,0,0,254
1596,107,0,0,254
1597,107,0,0,254
1598,107,0,0,254
1599,107,0,0,254
1600,107,0,0,254
1601,107,0,0,254
1602,107,0,0,254
1603,107,0,0,254
1604,107,0,0,254
1605,107,0,0,254
1606,107,0,0,254
1607,107,0,0,254
1608,107,0,0,254
1609,107,0,0,254
1610,107,0,0,254
1611,107,0,0,254
1612,107,0,0,254
1613,107,0,0,254
1614,107,0,0,254
1615,107,0,0,254
1616,107,0,0,254
1617,107,0,0,254
1618,107,0,0,254
1619,107,0,0,254
1620,107,0,0,254
1621,107,0,0,254
1622,107,0,0,254
1623,107,0,0,254
1624,107,3,0,255
1625,107,4,3,247
1626,107,0,0,253
1627,107,0,5,245
1628,107,0,1,254
1629,107,0,1,253
1630,107,0,3,253
1631,107,0,3,241
1632,107,2,1,242
1633,107,0,2,249
1634,107,0,0,244
1635,107,0,1,253
1636,107,0,0,248
1637,107,14,0,254
1642,107,4,2,235
1643,107,0,0,245
1644,107,0,0,250
1645,107,3,0,252
1646,107,5,1,248
1647,107,1,0,253
1648,107,0,0,254
1649,107,0,0,254
1650,107,0,0,254
1651,107,0,0,254
1652,107,0,0,254
1653,107,0,0,254
1654,107,0,0,254
1655,107,0,0,254
1656,107,0,4,249
1657,107,5,4,255
65,108,19,0,255
66,108,9,0,244
67,108,0,0,249
68,108,0,0,252
69,108,0,4,255
70,108,0,4,253
71,108,2,7,255
72,108,2,2,255
73,108,6,6,255
74,108,0,0,254
75,108,0,1,250
76,108,6,9,255
77,108,0,0,249
78,108,0,0,240
79,108,0,0,248
80,108,0,5,243
81,108,0,1,253
82,108,0,0,246
83,108,0,3,250
84,108,0,2,254
85,108,0,4,255
86,108,0,0,248
87,108,7,0,255
88,108,1,0,253
89,108,1,0,251
90,108,5,9,254
91,108,0,2,254
92,108,0,1,246
93,108,0,2,254
94,108,0,3,255
95,108,0,0,250
96,108,0,0,253
97,108,4,3,255
98,108,4,3,255
99,108,1,0,252
100,108,0,0,237
101,108,9,9,255
102,108,0,0,245
103,108,0,0,250
104,108,6,3,255
105,108,4,1,255
106,108,2,0,251
107,108,2,0,251
108,108,6,3,255
109,108,0,0,253
110,108,6,5,255
111,108,0,0,250
112,108,0,3,241
113,108,0,3,253
114,108,0,1,253
115,108,0,1,254
116,108,0,5,245
117,108,0,0,253
118,108,4,3,247
119,108,3,0,255
120,108,0,0,254
121,108,0,0,254
122,108,0,0,254
123,108,0,0,254
124,108,0,0,254
125,108,0,0,254
126,108,0,0,254
127,108,0,0,254
128,108,0,0,253
129,108,0,0,253
130,108,0,0,253
131,108,0,0,253
132,108,0,0,253
133,108,0,0,253
134,108,0,0,253
135,108,0,0,253
136,108,2,2,255
137,108,4,1,255
138,108,4,0,254
139,108,1,0,254
140,108,1,1,255
141,108,4,0,242
154,108,10,0,251
155,108,2,5,255
156,108,0,1,252
157,108,0,0,249
158,108,9,1,255
159,108,7,0,245
160,108,0,0,245
161,108,2,1,255
162,108,3,0,255
163,108,8,5,255
164,108,6,5,247
165,108,0,0,249
166,108,0,2,251
167,108,0,4,255
1477,108,8,0,249
1478,108,0,4,255
1479,108,1,0,253
1480,108,0,0,253
1481,108,0,0,253
1482,108,0,0,253
1483,108,0,0,253
1484,108,0,0,253
1485,108,0,0,253
1486,108,0,0,253
1487,108,0,0,253
1488,108,0,4,254
1489,108,4,8,253
1490,108,8,0,255
1491,108,15,0,244
1496,108,0,5,255
1497,108,1,0,248
1498,108,4,1,255
1499,108,0,0,252
1500,108,2,7,255
1501,108,5,0,243
1502,108,8,0,255
1503,108,0,0,251
1504,108,7,0,254
1505,108,0,0,253
1506,108,0,3,253
1507,108,0,7,251
1508,108,0,0,243
1509,108,4,0,245
1510,108,4,0,249
1511,108,4,3,255
1537,108,16,2,255
1538,108,0,0,249
1539,108,0,2,254
1540,108,4,4,255
1541,108,0,0,242
1542,108,0,0,248
1543,108,0,0,249
1544,108,0,1,253
1545,108,0,0,251
1546,108,0,3,254
1547,108,4,3,255
1548,108,0,0,252
1549,108,3,0,253
1550,108,7,0,255
1551,108,7,0,255
1552,108,7,8,240
1553,108,3,0,255
1554,108,0,0,252
1555,108,2,1,255
1556,108,4,3,255
1557,108,3,5,240
1558,108,0,0,254
1559,108,0,1,252
1560,108,0,2,250
1561,108,0,1,253
1562,108,3,3,255
1563,108,2,1,255
1564,108,3,4,242
1565,108,2,1,253
1566,108,0,5,244
1567,108,0,3,255
1568,108,3,0,255
1569,108,4,3,247
1570,108,0,0,253
1571,108,0,5,245
1572,108,0,1,254
1573,108,0,1,253
1574,108,0,3,253
1575,108,0,3,241
1576,108,0,0,250
1577,108,4,1,255
1578,108,2,1,255
1579,108,0,0,239
1580,108,7,6,255
1581,108,0,0,254
1582,108,0,0,248
1583,108,1,2,253
1584,108,0,0,254
1585,108,0,0,254
1586,108,0,0,254
1587,108,0,0,254
1588,108,0,0,254
1589,108,0,0,254
1590,108,0,0,254
1591,108,0,0,254
1592,108,0,0,254
1593,108,0,0,254
1594,108,0,0,254
1595,108,0,0,254
1596,108,0,0,254
1597,108,0,0,254
1598,108,0,0,254
1599,108,0,0,254
1600,108,0,0,254
1601,108,0,0,254
1602,108,0,0,254
1603,108,0,0,254
1604,108,0,0,254
1605,108,0,0,254
1606,108,0,0,254
1607,108,0,0,254
1608,108,0,0,254
1609,108,0,0,254
1610,108,0,0,254
1611,108,0,0,254
1612,108,0,0,254
1613,108,0,0,254
1614,108,0,0,254
1615,108,0,0,254
1616,108,0,0,254
1617,108,0,0,254
1618,108,0,0,254
1619,108,0,0,254
1620,108,0,0,254
1621,108,0,0,254
1622,108,0,0,254
1623,108,0,0,254
1624,108,0,0,250
1625,108,1,6,255
1626,108,0,0,244
1627,108,0,4,244
1628,108,0,0,250
1629,108,0,3,255
1630,108,0,0,245
1631,108,0,2,255
1632,108,6,0,253
1633,108,7,1,255
1634,108,0,0,250
1635,108,2,2,255
1636,108,0,3,255
1637,108,5,5,253
1638,108,3,0,255
1639,108,6,0,248
1640,108,0,2,247
1641,108,0,2,253
1642,108,4,3,255
1643,108,0,2,255
1644,108,0,3,254
1645,108,0,5,255
1646,108,0,0,239
1647,108,5,0,252
1648,108,0,0,254
1649,108,0,0,254
1650,108,0,0,254
1651,108,0,0,254
1652,108,0,0,254
1653,108,0,0,254
1654,108,0,0,254
1655,108,0,0,254
1656,108,0,0,244
1657,108,0,0,251
67,109,3,0,249
68,109,6,5,255
69,109,4,4,255
70,109,0,0,249
71,109,0,0,251
72,109,0,0,251
73,109,2,1,255
74,109,0,0,237
75,109,0,1,251
76,109,0,4,251
77,109,0,0,244
78,109,0,4,255
79,109,0,1,253
80,109,0,2,254
81,109,0,0,252
82,109,9,0,247
83,109,6,0,255
84,109,0,3,255
85,109,0,0,245
86,109,0,4,238
87,109,8,0,255
88,109,6,3,255
89,109,0,0,250
90,109,0,1,245
91,109,0,2,254
92,109,0,4,255
93,109,0,2,241
94,109,2,2,255
95,109,9,6,255
96,109,5,5,243
98,109,8,5,255
99,109,4,1,255
100,109,0,0,244
101,109,1,1,247
102,109,4,3,255
103,109,2,2,250
104,109,0,2,255
105,109,0,0,246
106,109,5,5,253
107,109,0,0,245
108,109,4,3,247
109,109,0,0,250
110,109,5,4,255
111,109,5,5,255
112,109,3,3,247
113,109,4,4,255
114,109,0,5,235
115,109,0,2,247
116,109,2,2,255
117,109,5,4,255
118,109,0,0,246
119,109,2,0,251
120,109,0,0,254
121,109,0,0,254
122,109,0,0,254
123,109,0,0,254
124,109,0,0,254
125,109,0,0,254
126,109,0,0,254
127,109,0,0,254
128,109,4,0,252
129,109,4,0,252
130,109,4,0,252
131,109,4,0,252
132,109,4,0,252
133,109,4,0,252
134,109,4,0,252
135,109,4,0,252
136,109,3,0,255
137,109,0,1,241
138,109,0,0,246
139,109,0,0,253
140,109,0,0,251
141,109,2,1,255
142,109,9,2,255
143,109,3,0,248
153,109,11,0,251
154,109,6,0,255
155,109,0,0,252
156,109,1,12,252
157,109,0,0,249
158,109,3,6,255
159,109,0,0,244
160,109,3,0,255
161,109,5,3,254
162,109,0,0,253
163,109,0,0,244
164,109,2,1,252
165,109,4,1,254
166,109,3,0,253
167,109,4,0,253
168,109,9,0,249
1476,109,10,0,251
1477,109,0,0,240
1478,109,0,0,246
1479,109,0,3,255
1480,109,0,0,254
1481,109,0,0,254
1482,109,0,0,254
1483,109,0,0,254
1484,109,0,0,254
1485,109,0,0,254
1486,109,0,0,254
1487,109,0,0,254
1488,109,0,2,254
1489,109,0,3,255
1490,109,0,2,248
1491,109,1,6,255
1492,109,0,1,250
1493,109,0,0,251
1494,109,0,3,254
1495,109,3,7,254
1496,109,4,0,253
1497,109,0,0,245
1498,109,0,2,251
1499,109,7,1,255
1500,109,5,0,255
1501,109,0,0,250
1502,109,0,0,241
1503,109,9,1,255
1504,109,0,2,244
1505,109,0,1,253
1506,109,0,4,235
1507,109,0,0,252
1508,109,2,2,255
1509,109,2,3,241
1510,109,0,0,244
1511,109,1,5,254
1512,109,10,0,253
1537,109,7,0,247
1538,109,0,0,252
1539,109,2,7,255
1540,109,0,4,245
1541,109,0,1,253
1542,109,3,2,255
1543,109,10,0,245
1544,109,4,4,250
1545,109,0,0,252
1546,109,0,0,252
1547,109,2,7,246
1548,109,0,0,250
1549,109,0,5,249
1550,109,0,5,254
1551,109,0,0,251
1552,109,0,4,255
1553,109,0,3,249
1554,109,0,0,240
1555,109,1,6,255
1556,109,0,0,250
1557,109,0,0,251
1558,109,3,2,255
1559,109,2,0,254
1560,109,0,0,248
1561,109,0,3,255
1562,109,0,0,245
1563,109,0,0,253
1564,109,0,0,252
1565,109,0,0,249
1566,109,2,3,254
1567,109,3,4,255
1568,109,2,0,251
1569,109,0,0,246
1570,109,5,4,255
1571,109,2,2,255
1572,109,0,2,247
1573,109,0,5,235
1574,109,4,4,255
1575,109,3,3,247
1576,109,5,0,255
1577,109,4,4,242
1578,109,0,0,250
1579,109,1,0,254
1580,109,0,0,237
1581,109,0,0,252
1582,109,0,0,250
1583,109,1,2,252
1584,109,0,0,254
1585,109,0,0,254
1586,109,0,0,254
1587,109,0,0,254
1588,109,0,0,254
1589,109,0,0,254
1590,109,0,0,254
1591,109,0,0,254
1592,109,0,0,254
1593,109,0,0,254
1594,109,0,0,254
1595,109,0,0,254
1596,109,0,0,254
1597,109,0,0,254
1598,109,0,0,254
1599,109,0,0,254
1600,109,0,0,254
1601,109,0,0,254
1602,109,0,0,254
1603,109,0,0,254
1604,109,0,0,254
1605,109,0,0,254
1606,109,0,0,254
1607,109,0,0,254
1608,109,0,0,254
1609,109,0,0,254
1610,109,0,0,254
1611,109,0,0,254
1612,109,0,0,254
1613,109,0,0,254
1614,109,0,0,254
1615,109,0,0,254
1616,109,0,0,254
1617,109,0,0,254
1618,109,0,0,254
1619,109,0,0,254
1620,109,0,0,254
1621,109,0,0,254
1622,109,0,0,254
1623,109,0,0,254
1624,109,0,6,253
1625,109,0,1,253
1626,109,0,2,254
1627,109,3,3,255
1628,109,0,0,252
1629,109,1,0,254
1630,109,4,3,255
1631,109,0,0,252
1632,109,0,6,255
1633,109,0,0,246
1634,109,4,9,248
1635,109,0,0,252
1636,109,3,6,231
1637,109,1,0,254
1638,109,1,1,255
1639,109,0,1,254
1640,109,0,2,254
1641,109,1,6,248
1642,109,0,0,233
1643,109,7,4,255
1644,109,0,0,252
1645,109,0,1,252
1646,109,0,4,255
1647,109,0,7,250
1648,109,0,0,254
1649,109,0,0,254
1650,109,0,0,254
1651,109,0,0,254
1652,109,0,0,254
1653,109,0,0,254
1654,109,0,0,254
1655,109,0,0,254
1656,109,0,4,255
1657,109,0,2,250
73,110,1,0,248
74,110,7,0,255
75,110,0,0,246
76,110,4,1,255
77,110,2,2,236
78,110,3,2,255
79,110,0,0,253
80,110,16,0,249
83,110,10,0,250
84,110,5,3,254
85,110,0,7,243
86,110,0,0,249
87,110,0,0,251
88,110,0,0,252
89,110,0,0,240
90,110,4,7,255
91,110,0,3,248
92,110,0,0,251
93,110,10,0,255
94,110,13,0,250
110,110,15,0,255
111,110,1,0,236
112,110,6,0,249
113,110,10,0,248
114,110,1,0,250
115,110,3,2,255
116,110,1,1,255
117,110,0,3,240
118,110,3,3,255
119,110,3,5,240
120,110,0,0,254
121,110,0,0,254
122,110,0,0,254
123,110,0,0,254
124,110,0,0,254
125,110,0,0,254
126,110,0,0,254
127,110,0,0,254
128,110,1,1,255
129,110,1,1,255
130,110,1,1,255
131,110,1,1,255
132,110,1,1,255
133,110,1,1,255
134,110,1,1,255
135,110,1,1,255
136,110,5,0,240
137,110,0,0,252
138,110,0,8,255
139,110,0,7,245
140,110,6,0,255
141,110,3,0,248
142,110,4,1,255
143,110,0,2,254
144,110,18,0,255
152,110,0,5,255
153,110,0,3,239
154,110,0,5,254
155,110,0,0,250
156,110,0,4,255
157,110,0,0,253
158,110,1,1,255
159,110,6,6,252
160,110,2,8,254
161,110,0,0,248
162,110,13,5,255
163,110,12,0,255
164,110,8,0,254
165,110,7,1,255
166,110,0,0,231
167,110,0,5,255
168,110,3,1,250
169,110,9,0,255
1476,110,0,0,254
1477,110,0,3,255
1478,110,2,1,245
1479,110,0,1,244
1480,110,0,1,252
1481,110,0,1,252
1482,110,0,1,252
1483,110,0,1,252
1484,110,0,1,252
1485,110,0,1,252
1486,110,0,1,252
1487,110,0,1,252
1488,110,0,3,250
1489,110,0,0,245
1490,110,0,3,255
1491,110,0,1,254
1492,110,0,0,238
1493,110,4,4,255
1494,110,1,0,252
1495,110,0,0,246
1496,110,8,2,255
1497,110,5,0,252
1498,110,0,0,249
1499,110,0,1,252
1500,110,0,6,240
1501,110,2,2,255
1502,110,0,0,252
1503,110,0,0,250
1504,110,2,5,255
1505,110,6,0,255
1506,110,5,0,251
1507,110,9,4,246
1508,110,0,0,251
1509,110,0,0,251
1510,110,0,0,254
1511,110,4,0,253
1512,110,0,8,255
1513,110,0,0,244
1514,110,5,0,251
1536,110,0,6,250
1537,110,0,4,244
1538,110,5,6,255
1539,110,1,0,245
1540,110,8,0,255
1541,110,0,0,254
1542,110,0,3,254
1543,110,2,1,255
1544,110,0,0,251
1545,110,1,1,255
1546,110,0,0,251
1547,110,0,2,255
1548,110,0,0,250
1549,110,0,4,253
1550,110,0,0,248
1551,110,0,5,251
1552,110,0,0,253
1553,110,0,3,255
1554,110,0,0,252
1555,110,3,6,255
1556,110,0,1,254
1557,110,1,6,248
1558,110,0,2,255
1559,110,0,1,248
1560,110,2,1,255
1561,110,0,0,251
1562,110,2,2,255
1563,110,0,0,252
1564,110,4,8,253
1565,110,1,1,255
1566,110,1,0,252
1567,110,0,0,250
1568,110,3,5,240
1569,110,3,3,255
1570,110,0,3,240
1571,110,1,1,255
1572,110,3,2,255
1573,110,1,0,250
1574,110,10,0,248
1575,110,6,0,249
1576,110,3,0,253
1577,110,4,0,251
1578,110,0,0,236
1579,110,5,2,255
1580,110,8,7,255
1581,110,2,3,253
1582,110,0,0,251
1583,110,0,0,250
1584,110,0,0,254
1585,110,0,0,254
1586,110,0,0,254
1587,110,0,0,254
1588,110,0,0,254
1589,110,0,0,254
1590,110,0,0,254
1591,110,0,0,254
1592,110,0,0,254
1593,110,0,0,254
1594,110,0,0,254
1595,110,0,0,254
1596,110,0,0,254
1597,110,0,0,254
1598,110,0,0,254
1599,110,0,0,254
1600,110,0,0,254
1601,110,0,0,254
1602,110,0,0,254
1603,110,0,0,254
1604,110,0,0,254
1605,110,0,0,254
1606,110,0,0,254
1607,110,0,0,254
1608,110,0,0,254
1609,110,0,0,254
1610,110,0,0,254
1611,110,0,0,254
1612,110,0,0,254
1613,110,0,0,254
1614,110,0,0,254
1615,110,0,0,254
1616,110,0,0,254
1617,110,0,0,254
1618,110,0,0,254
1619,110,0,0,254
1620,110,0,0,254
1621,110,0,0,254
1622,110,0,0,254
1623,110,0,0,254
1624,110,0,1,253
1625,110,0,2,249
1626,110,4,3,255
1627,110,1,0,251
1628,110,0,0,235
1629,110,2,0,254
1630,110,0,0,246
1631,110,4,7,255
1632,110,0,5,255
1633,110,1,6,255
1634,110,0,0,246
1635,110,2,0,252
1636,110,3,0,253
1637,110,0,0,251
1638,110,1,0,254
1639,110,0,0,232
1640,110,6,0,253
1641,110,4,1,255
1642,110,0,0,249
1643,110,3,0,255
1644,110,12,0,255
1645,110,6,0,252
1646,110,0,0,251
1647,110,0,4,254
1648,110,0,0,254
1649,110,0,0,254
1650,110,0,0,254
1651,110,0,0,254
1652,110,0,0,254
1653,110,0,0,254
1654,110,0,0,254
1655,110,0,0,254
1656,110,0,0,252
1657,110,0,1,250
84,111,6,0,253
85,111,0,1,253
86,111,0,4,255
87,111,3,2,253
88,111,1,1,255
89,111,0,0,249
90,111,1,1,255
91,111,0,0,253
92,111,7,0,248
114,111,11,0,254
115,111,8,2,255
116,111,0,0,247
117,111,0,2,251
118,111,0,3,255
119,111,0,0,250
120,111,0,0,254
121,111,0,0,254
122,111,0,0,254
123,111,0,0,254
124,111,0,0,254
125,111,0,0,254
126,111,0,0,254
127,111,0,0,254
128,111,0,0,253
129,111,0,0,253
130,111,0,0,253
131,111,0,0,253
132,111,0,0,253
133,111,0,0,253
134,111,0,0,253
135,111,0,0,253
136,111,0,1,254
137,111,3,4,254
138,111,0,0,249
139,111,0,0,248
140,111,0,8,251
141,111,0,5,240
142,111,3,2,255
143,111,4,0,253
144,111,0,0,246
145,111,2,0,245
146,111,16,0,255
151,111,13,0,253
152,111,1,0,253
153,111,3,0,255
154,111,0,0,246
155,111,1,2,252
156,111,2,2,255
157,111,0,0,235
158,111,0,0,251
159,111,1,1,255
160,111,0,0,253
161,111,0,0,246
162,111,0,4,252
163,111,0,4,254
164,111,0,1,251
165,111,0,0,249
166,111,0,2,247
167,111,4,1,255
168,111,2,7,255
169,111,1,0,246
170,111,10,0,245
1475,111,5,0,254
1476,111,0,0,251
1477,111,0,2,247
1478,111,0,7,255
1479,111,0,0,252
1480,111,1,0,254
1481,111,1,0,254
1482,111,1,0,254
1483,111,1,0,254
1484,111,1,0,254
1485,111,1,0,254
1486,111,1,0,254
1487,111,1,0,254
1488,111,1,4,255
1489,111,0,0,251
1490,111,7,6,255
1491,111,0,0,222
1492,111,6,3,255
1493,111,5,2,255
1494,111,0,0,253
1495,111,0,0,250
1496,111,0,2,251
1497,111,2,11,255
1498,111,0,0,243
1499,111,5,0,252
1500,111,15,5,255
1501,111,0,0,247
1502,111,0,6,255
1503,111,0,3,254
1504,111,0,0,252
1505,111,1,4,255
1506,111,0,0,246
1507,111,0,5,251
1508,111,1,0,254
1509,111,6,0,255
1510,111,12,4,255
1511,111,0,0,243
1512,111,2,1,255
1513,111,0,2,255
1514,111,0,6,252
1515,111,0,3,243
1516,111,1,6,255
1517,111,0,0,241
1518,111,9,0,251
1536,111,6,6,255
1537,111,0,0,251
1538,111,2,0,243
1539,111,7,0,254
1540,111,1,1,255
1541,111,0,2,238
1542,111,0,8,255
1543,111,0,0,252
1544,111,4,1,255
1545,111,3,0,255
1546,111,3,0,255
1547,111,0,0,252
1548,111,5,3,250
1549,111,2,0,254
1550,111,2,0,254
1551,111,2,0,254
1552,111,1,0,247
1553,111,8,1,254
1554,111,6,0,255
1555,111,0,0,250
1556,111,5,2,255
1557,111,1,0,254
1558,111,0,0,248
1559,111,0,0,249
1560,111,5,0,252
1561,111,7,1,255
1562,111,0,2,245
1563,111,0,0,252
1564,111,1,4,255
1565,111,1,4,243
1566,111,0,0,253
1567,111,6,1,251
1568,111,0,0,250
1569,111,0,3,255
1570,111,0,2,251
1571,111,0,0,247
1572,111,8,2,255
1573,111,11,0,254
1577,111,3,0,253
1578,111,6,1,253
1579,111,0,0,252
1580,111,3,2,255
1581,111,0,0,239
1582,111,3,3,255
1583,111,0,0,253
1584,111,0,0,254
1585,111,0,0,254
1586,111,0,0,254
1587,111,0,0,254
1588,111,0,0,254
1589,111,0,0,254
1590,111,0,0,254
1591,111,0,0,254
1592,111,0,0,254
1593,111,0,0,254
1594,111,0,0,254
1595,111,0,0,254
1596,111,0,0,254
1597,111,0,0,254
1598,111,0,0,254
1599,111,0,0,254
1600,111,0,0,254
1601,111,0,0,254
1602,111,0,0,254
1603,111,0,0,254
1604,111,0,0,254
1605,111,0,0,254
1606,111,0,0,254
1607,111,0,0,254
1608,111,0,0,254
1609,111,0,0,254
1610,111,0,0,254
1611,111,0,0,254
1612,111,0,0,254
1613,111,0,0,254
1614,111,0,0,254
1615,111,0,0,254
1616,111,0,0,254
1617,111,0,0,254
1618,111,0,0,254
1619,111,0,0,254
1620,111,0,0,254
1621,111,0,0,254
1622,111,0,0,254
1623,111,0,0,254
1624,111,1,3,246
1625,111,0,0,252
1626,111,5,0,255
1627,111,8,0,255
1628,111,7,1,255
1629,111,2,1,253
1630,111,2,6,251
1631,111,0,0,248
1632,111,0,0,252
1633,111,0,0,241
1634,111,4,3,255
1635,111,0,0,241
1636,111,0,3,255
1637,111,0,1,253
1638,111,0,3,254
1639,111,0,7,255
1640,111,0,0,252
1641,111,0,3,252
1642,111,3,2,246
1643,111,0,0,249
1644,111,0,0,251
1645,111,0,3,245
1646,111,0,0,253
1647,111,3,0,255
1648,111,0,0,254
1649,111,0,0,254
1650,111,0,0,254
1651,111,0,0,254
1652,111,0,0,254
1653,111,0,0,254
1654,111,0,0,254
1655,111,0,0,254
1656,111,9,0,255
1657,111,0,0,254
86,112,15,0,255
87,112,7,0,242
88,112,7,0,242
89,112,15,0,255
115,112,0,0,246
116,112,7,9,252
117,112,0,0,252
118,112,0,0,253
119,112,2,1,252
120,112,4,0,247
121,112,10,7,255
122,112,0,0,249
123,112,0,0,245
124,112,1,1,255
125,112,1,1,255
126,112,2,1,255
127,112,0,0,239
128,112,11,4,255
129,112,0,0,252
130,112,4,4,255
131,112,0,2,238
132,112,0,1,253
133,112,0,1,241
134,112,4,3,255
135,112,2,0,254
136,112,0,0,254
137,112,0,0,254
138,112,0,0,254
139,112,0,0,254
140,112,0,0,254
141,112,0,0,254
142,112,0,0,254
143,112,0,0,254
144,112,0,0,254
145,112,0,0,254
146,112,0,0,254
147,112,0,0,254
148,112,0,0,254
149,112,0,0,254
150,112,0,0,254
151,112,0,0,254
152,112,0,0,254
153,112,0,0,254
154,112,0,0,254
155,112,0,0,254
156,112,0,0,254
157,112,0,0,254
158,112,0,0,254
159,112,0,0,254
160,112,0,0,254
161,112,0,0,254
162,112,0,0,254
163,112,0,0,254
164,112,0,0,254
165,112,0,0,254
166,112,0,0,254
167,112,0,0,254
168,112,0,3,253
169,112,0,5,255
170,112,4,1,255
171,112,9,0,252
1474,112,4,0,253
1475,112,1,6,255
1476,112,0,1,253
1477,112,2,2,255
1478,112,0,0,245
1479,112,6,6,254
1480,112,0,0,254
1481,112,0,0,254
1482,112,0,0,254
1483,112,0,0,254
1484,112,0,0,254
1485,112,0,0,254
1486,112,0,0,254
1487,112,0,0,254
1488,112,0,0,254
1489,112,0,0,254
1490,112,0,0,254
1491,112,0,0,254
1492,112,0,0,254
1493,112,0,0,254
1494,112,0,0,254
1495,112,0,0,254
1496,112,0,0,254
1497,112,0,0,254
1498,112,0,0,254
1499,112,0,0,254
1500,112,0,0,254
1501,112,0,0,254
1502,112,0,0,254
1503,112,0,0,254
1504,112,0,0,254
1505,112,0,0,254
1506,112,0,0,254
1507,112,0,0,254
1508,112,0,0,254
1509,112,0,0,254
1510,112,0,0,254
1511,112,0,0,254
1512,112,0,0,254
1513,112,0,0,254
1514,112,0,0,254
1515,112,0,0,254
1516,112,0,0,254
1517,112,0,0,254
1518,112,0,0,254
1519,112,0,0,254
1520,112,2,1,255
1521,112,10,0,255
1536,112,0,0,254
1537,112,0,0,254
1538,112,0,0,254
1539,112,0,0,254
1540,112,0,0,254
1541,112,0,0,254
1542,112,0,0,254
1543,112,0,0,254
1544,112,2,1,255
1545,112,6,5,255
1546,112,0,0,237
1547,112,0,0,254
1548,112,2,3,254
1549,112,0,0,250
1550,112,1,1,255
1551,112,0,0,247
1552,112,0,0,254
1553,112,0,0,254
1554,112,0,0,254
1555,112,0,0,254
1556,112,0,0,254
1557,112,0,0,254
1558,112,0,0,254
1559,112,0,0,254
1560,112,1,3,246
1561,112,0,0,252
1562,112,5,0,255
1563,112,8,0,255
1564,112,7,1,255
1565,112,2,1,253
1566,112,2,6,251
1567,112,0,0,248
1568,112,5,5,253
1569,112,0,0,253
1570,112,0,0,250
1571,112,0,0,250
1572,112,4,0,254
1580,112,9,0,248
1581,112,6,1,253
1582,112,0,0,243
1583,112,0,9,255
1584,112,6,5,255
1585,112,0,0,250
1586,112,4,4,255
1587,112,0,2,247
1588,112,1,4,255
1589,112,0,3,255
1590,112,0,2,254
1591,112,0,2,251
1592,112,0,4,255
1593,112,0,0,253
1594,112,3,0,252
1595,112,10,2,255
1596,112,0,0,254
1597,112,0,1,253
1598,112,4,4,255
1599,112,3,0,244
1600,112,4,3,255
1601,112,1,0,254
1602,112,1,0,254
1603,112,1,0,254
1604,112,0,0,249
1605,112,0,0,236
1606,112,4,4,255
1607,112,0,0,252
1608,112,2,6,255
1609,112,0,0,252
1610,112,0,0,253
1611,112,0,0,246
1612,112,0,5,244
1613,112,0,2,254
1614,112,2,7,255
1615,112,0,0,250
1616,112,0,2,250
1617,112,0,4,255
1618,112,0,0,251
1619,112,0,2,239
1620,112,0,0,248
1621,112,1,2,253
1622,112,1,1,255
1623,112,1,0,252
1624,112,0,0,253
1625,112,0,2,250
1626,112,0,9,255
1627,112,0,1,247
1628,112,4,1,255
1629,112,3,0,252
1630,112,6,5,249
1631,112,0,0,238
1632,112,0,0,254
1633,112,0,0,254
1634,112,0,0,254
1635,112,0,0,254
1636,112,0,0,254
1637,112,0,0,254
1638,112,0,0,254
1639,112,0,0,254
1640,112,0,0,254
1641,112,0,0,254
1642,112,0,0,254
1643,112,0,0,254
1644,112,0,0,254
1645,112,0,0,254
1646,112,0,0,254
1647,112,0,0,254
1648,112,0,1,252
1649,112,0,0,253
1650,112,1,1,255
1651,112,2,1,255
1652,112,0,0,246
1653,112,0,0,250
1654,112,0,0,253
1655,112,3,4,254
1656,112,0,8,255
1657,112,4,0,251
117,113,11,0,253
118,113,7,0,255
119,113,0,0,248
120,113,0,0,249
121,113,4,5,255
122,113,0,0,246
123,113,0,0,248
124,113,5,4,246
125,113,2,0,251
126,113,7,4,255
127,113,0,0,248
128,113,0,0,249
129,113,2,0,251
130,113,0,0,249
131,113,1,4,255
132,113,0,2,255
133,113,0,0,246
134,113,4,1,255
135,113,1,0,231
136,113,0,0,254
137,113,0,0,254
138,113,0,0,254
139,113,0,0,254
140,113,0,0,254
141,113,0,0,254
142,113,0,0,254
143,113,0,0,254
144,113,0,0,254
145,113,0,0,254
146,113,0,0,254
147,113,0,0,254
148,113,0,0,254
149,113,0,0,254
150,113,0,0,254
151,113,0,0,254
152,113,0,0,254
153,113,0,0,254
154,113,0,0,254
155,113,0,0,254
156,113,0,0,254
157,113,0,0,254
158,113,0,0,254
159,113,0,0,254
160,113,0,0,254
161,113,0,0,254
162,113,0,0,254
163,113,0,0,254
164,113,0,0,254
165,113,0,0,254
166,113,0,0,254
167,113,0,0,254
168,113,1,0,239
169,113,7,6,255
170,113,0,0,244
171,113,0,3,245
172,113,8,0,255
1473,113,12,0,238
1474,113,6,2,247
1475,113,0,2,255
1476,113,0,2,249
1477,113,0,0,251
1478,113,6,5,255
1479,113,0,0,254
1480,113,0,0,254
1481,113,0,0,254
1482,113,0,0,254
1483,113,0,0,254
1484,113,0,0,254
1485,113,0,0,254
1486,113,0,0,254
1487,113,0,0,254
1488,113,0,0,254
1489,113,0,0,254
1490,113,0,0,254
1491,113,0,0,254
1492,113,0,0,254
1493,113,0,0,254
1494,113,0,0,254
1495,113,0,0,254
1496,113,0,0,254
1497,113,0,0,254
1498,113,0,0,254
1499,113,0,0,254
1500,113,0,0,254
1501,113,0,0,254
1502,113,0,0,254
1503,113,0,0,254
1504,113,0,0,254
1505,113,0,0,254
1506,113,0,0,254
1507,113,0,0,254
1508,113,0,0,254
1509,113,0,0,254
1510,113,0,0,254
1511,113,0,0,254
1512,113,0,0,254
1513,113,0,0,254
1514,113,0,0,254
1515,113,0,0,254
1516,113,0,0,254
1517,113,0,0,254
1518,113,0,0,254
1519,113,0,0,254
1520,113,14,0,254
1521,113,7,0,252
1522,113,0,0,253
1523,113,0,7,253
1524,113,0,3,255
1525,113,5,0,250
1536,113,0,0,254
1537,113,0,0,254
1538,113,0,0,254
1539,113,0,0,254
1540,113,0,0,254
1541,113,0,0,254
1542,113,0,0,254
1543,113,0,0,254
1544,113,4,3,255
1545,113,0,0,248
1546,113,0,0,245
1547,113,6,6,255
1548,113,1,3,248
1549,113,0,0,253
1550,113,0,0,254
1551,113,0,0,254
1552,113,0,0,254
1553,113,0,0,254
1554,113,0,0,254
1555,113,0,0,254
1556,113,0,0,254
1557,113,0,0,254
1558,113,0,0,254
1559,113,0,0,254
1560,113,0,1,253
1561,113,0,2,249
1562,113,4,3,255
1563,113,1,0,251
1564,113,0,0,235
1565,113,2,0,254
1566,113,0,0,246
1567,113,4,7,255
1568,113,1,1,255
1569,113,0,0,249
1570,113,0,2,254
1571,113,6,6,255
1572,113,8,0,240
1582,113,12,0,252
1583,113,4,0,251
1584,113,2,1,252
1585,113,0,0,247
1586,113,4,3,255
1587,113,0,0,249
1588,113,3,6,255
1589,113,0,1,254
1590,113,0,0,242
1591,113,2,7,255
1592,113,2,2,255
1593,113,0,0,246
1594,113,4,3,255
1595,113,0,2,247
1596,113,0,0,244
1597,113,0,6,255
1598,113,0,0,243
1599,113,0,2,255
1600,113,0,0,254
1601,113,0,0,243
1602,113,3,3,251
1603,113,4,3,255
1604,113,2,2,250
1605,113,3,2,255
1606,113,3,2,255
1607,113,4,4,248
1608,113,1,0,252
1609,113,0,0,252
1610,113,6,5,255
1611,113,3,2,255
1612,113,0,0,251
1613,113,9,9,255
1614,113,0,0,253
1615,113,3,6,241
1616,113,4,4,240
1617,113,2,0,252
1618,113,11,10,255
1619,113,0,0,254
1620,113,0,0,253
1621,113,4,7,255
1622,113,0,0,250
1623,113,0,4,248
1624,113,5,0,247
1625,113,6,0,255
1626,113,2,1,255
1627,113,3,3,255
1628,113,4,1,255
1629,113,0,0,244
1630,113,0,4,255
1631,113,0,6,255
1632,113,0,0,254
1633,113,0,0,254
1634,113,0,0,254
1635,113,0,0,254
1636,113,0,0,254
1637,113,0,0,254
1638,113,0,0,254
1639,113,0,0,254
1640,113,0,0,254
1641,113,0,0,254
1642,113,0,0,254
1643,113,0,0,254
1644,113,0,0,254
1645,113,0,0,254
1646,113,0,0,254
1647,113,0,0,254
1648,113,0,0,254
1649,113,4,5,255
1650,113,0,0,245
1651,113,0,0,248
1652,113,0,0,252
1653,113,5,5,255
1654,113,0,1,238
1655,113,0,0,251
1656,113,0,2,250
1657,113,10,0,250
119,114,14,0,255
120,114,1,1,255
121,114,0,0,251
122,114,3,3,255
123,114,6,6,255
124,114,0,1,254
125,114,0,3,255
126,114,0,5,243
127,114,0,5,255
128,114,0,0,252
129,114,0,0,253
130,114,2,6,255
131,114,0,0,253
132,114,3,4,254
133,114,1,0,253
134,114,7,0,255
135,114,12,2,255
136,114,0,0,254
137,114,0,0,254
138,114,0,0,254
139,114,0,0,254
140,114,0,0,254
141,114,0,0,254
142,114,0,0,254
143,114,0,0,254
144,114,0,0,254
145,114,0,0,254
146,114,0,0,254
147,114,0,0,254
148,114,0,0,254
149,114,0,0,254
150,114,0,0,254
151,114,0,0,254
152,114,0,0,254
153,114,0,0,254
154,114,0,0,254
155,114,0,0,254
156,114,0,0,254
157,114,0,0,254
158,114,0,0,254
159,114,0,0,254
160,114,0,0,254
161,114,0,0,254
162,114,0,0,254
163,114,0,0,254
164,114,0,0,254
165,114,0,0,254
166,114,0,0,254
167,114,0,0,254
168,114,10,0,249
169,114,5,2,255
170,114,0,4,255
171,114,0,8,255
172,114,0,0,252
173,114,8,0,254
1472,114,7,0,250
1473,114,9,0,249
1474,114,0,0,235
1475,114,0,1,251
1476,114,2,2,255
1477,114,1,0,254
1478,114,0,1,246
1479,114,0,2,244
1480,114,0,0,254
1481,114,0,0,254
1482,114,0,0,254
1483,114,0,0,254
1484,114,0,0,254
1485,114,0,0,254
1486,114,0,0,254
1487,114,0,0,254
1488,114,0,0,254
1489,114,0,0,254
1490,114,0,0,254
1491,114,0,0,254
1492,114,0,0,254
1493,114,0,0,254
1494,114,0,0,254
1495,114,0,0,254
1496,114,0,0,254
1497,114,0,0,254
1498,114,0,0,254
1499,114,0,0,254
1500,114,0,0,254
1501,114,0,0,254
1502,114,0,0,254
1503,114,0,0,254
1504,114,0,0,254
1505,114,0,0,254
1506,114,0,0,254
1507,114,0,0,254
1508,114,0,0,254
1509,114,0,0,254
1510,114,0,0,254
1511,114,0,0,254
1512,114,0,0,254
1513,114,0,0,254
1514,114,0,0,254
1515,114,0,0,254
1516,114,0,0,254
1517,114,0,0,254
1518,114,0,0,254
1519,114,0,0,254
1520,114,0,4,235
1521,114,0,7,255
1522,114,0,0,241
1523,114,5,4,255
1524,114,8,2,255
1525,114,6,0,255
1526,114,4,3,247
1527,114,0,0,253
1535,114,8,0,237
1536,114,0,0,254
1537,114,0,0,254
1538,114,0,0,254
1539,114,0,0,254
1540,114,0,0,254
1541,114,0,0,254
1542,114,0,0,254
1543,114,0,0,254
1544,114,0,0,238
1545,114,0,0,247
1546,114,4,4,255
1547,114,0,0,254
1548,114,0,0,252
1549,114,2,2,255
1550,114,0,0,251
1551,114,0,2,245
1552,114,0,0,254
1553,114,0,0,254
1554,114,0,0,254
1555,114,0,0,254
1556,114,0,0,254
1557,114,0,0,254
1558,114,0,0,254
1559,114,0,0,254
1560,114,0,6,253
1561,114,0,1,253
1562,114,0,2,254
1563,114,3,3,255
1564,114,0,0,252
1565,114,1,0,254
1566,114,4,3,255
1567,114,0,0,252
1568,114,0,0,252
1569,114,0,3,255
1570,114,3,3,255
1571,114,10,0,248
1591,114,19,0,239
1592,114,7,0,255
1593,114,5,6,246
1594,114,4,10,255
1595,114,0,3,255
1596,114,0,0,244
1597,114,4,3,255
1598,114,0,0,252
1599,114,0,0,241
1600,114,0,0,252
1601,114,1,1,247
1602,114,6,8,249
1603,114,0,2,255
1604,114,0,0,250
1605,114,0,4,255
1606,114,0,3,241
1607,114,0,3,248
1608,114,1,0,254
1609,114,2,1,255
1610,114,0,0,242
1611,114,3,3,249
1612,114,0,0,253
1613,114,0,0,251
1614,114,0,0,251
1615,114,0,0,252
1616,114,5,0,251
1617,114,8,0,254
1618,114,3,0,245
1619,114,8,0,255
1620,114,2,0,252
1621,114,1,0,253
1622,114,0,0,252
1623,114,1,1,255
1624,114,3,1,250
1625,114,0,0,252
1626,114,0,0,246
1627,114,0,0,251
1628,114,5,0,255
1629,114,0,0,245
1630,114,8,4,251
1631,114,0,0,253
1632,114,0,0,254
1633,114,0,0,254
1634,114,0,0,254
1635,114,0,0,254
1636,114,0,0,254
1637,114,0,0,254
1638,114,0,0,254
1639,114,0,0,254
1640,114,0,0,254
1641,114,0,0,254
1642,114,0,0,254
1643,114,0,0,254
1644,114,0,0,254
1645,114,0,0,254
1646,114,0,0,254
1647,114,0,0,254
1648,114,1,0,254
1649,114,0,0,250
1650,114,3,3,255
1651,114,1,5,236
1652,114,5,5,255
1653,114,1,1,255
1654,114,0,0,249
1655,114,2,2,255
1656,114,2,0,250
120,115,1,0,252
121,115,0,0,250
122,115,0,2,241
123,115,0,0,251
124,115,0,1,252
125,115,1,6,255
126,115,0,0,253
127,115,0,0,239
128,115,3,0,255
129,115,2,0,247
130,115,0,0,253
131,115,2,5,255
132,115,0,0,249
133,115,0,1,250
134,115,0,2,253
135,115,0,0,247
136,115,0,0,254
137,115,0,0,254
138,115,0,0,254
139,115,0,0,254
140,115,0,0,254
141,115,0,0,254
142,115,0,0,254
143,115,0,0,254
144,115,0,0,254
145,115,0,0,254
146,115,0,0,254
147,115,0,0,254
148,115,0,0,254
149,115,0,0,254
150,115,0,0,254
151,115,0,0,254
152,115,0,0,254
153,115,0,0,254
154,115,0,0,254
155,115,0,0,254
156,115,0,0,254
157,115,0,0,254
158,115,0,0,254
159,115,0,0,254
160,115,0,0,254
161,115,0,0,254
162,115,0,0,254
163,115,0,0,254
164,115,0,0,254
165,115,0,0,254
166,115,0,0,254
167,115,0,0,254
168,115,0,0,249
169,115,0,0,254
170,115,0,2,245
171,115,0,0,252
172,115,0,0,237
173,115,10,2,255
174,115,6,0,245
175,115,11,0,255
176,115,0,6,246
177,115,0,2,254
178,115,0,0,245
179,115,4,0,247
180,115,10,0,249
181,115,14,0,254
1470,115,0,0,247
1471,115,0,0,249
1472,115,6,6,255
1473,115,3,3,255
1474,115,0,0,248
1475,115,7,6,255
1476,115,3,2,255
1477,115,0,1,242
1478,115,4,7,255
1479,115,0,4,255
1480,115,0,0,254
1481,115,0,0,254
1482,115,0,0,254
1483,115,0,0,254
1484,115,0,0,254
1485,115,0,0,254
1486,115,0,0,254
1487,115,0,0,254
1488,115,0,0,254
1489,115,0,0,254
1490,115,0,0,254
1491,115,0,0,254
1492,115,0,0,254
1493,115,0,0,254
1494,115,0,0,254
1495,115,0,0,254
1496,115,0,0,254
1497,115,0,0,254
1498,115,0,0,254
1499,115,0,0,254
1500,115,0,0,254
1501,115,0,0,254
1502,115,0,0,254
1503,115,0,0,254
1504,115,0,0,254
1505,115,0,0,254
1506,115,0,0,254
1507,115,0,0,254
1508,115,0,0,254
1509,115,0,0,254
1510,115,0,0,254
1511,115,0,0,254
1512,115,0,0,254
1513,115,0,0,254
1514,115,0,0,254
1515,115,0,0,254
1516,115,0,0,254
1517,115,0,0,254
1518,115,0,0,254
1519,115,0,0,254
1520,115,0,7,248
1521,115,0,1,252
1522,115,3,0,255
1523,115,5,0,252
1524,115,4,0,251
1525,115,3,0,250
1526,115,2,4,249
1527,115,1,6,255
1528,115,8,0,255
1535,115,4,0,254
1536,115,0,0,254
1537,115,0,0,254
1538,115,0,0,254
1539,115,0,0,254
1540,115,0,0,254
1541,115,0,0,254
1542,115,0,0,254
1543,115,0,0,254
1544,115,0,0,254
1545,115,4,4,255
1546,115,3,3,255
1547,115,4,3,255
1548,115,4,3,254
1549,115,2,4,239
1550,115,3,2,255
1551,115,6,5,255
1552,115,0,0,254
1553,115,0,0,254
1554,115,0,0,254
1555,115,0,0,254
1556,115,0,0,254
1557,115,0,0,254
1558,115,0,0,254
1559,115,0,0,254
1560,115,0,0,250
1561,115,1,6,255
1562,115,0,0,244
1563,115,0,4,244
1564,115,0,0,250
1565,115,0,3,255
1566,115,0,0,245
1567,115,0,2,255
1568,115,0,4,255
1569,115,0,0,243
1570,115,6,0,255
1593,115,11,0,248
1594,115,0,0,252
1595,115,0,1,253
1596,115,0,0,245
1597,115,2,0,254
1598,115,2,0,254
1599,115,5,4,255
1600,115,0,0,251
1601,115,0,3,254
1602,115,0,0,243
1603,115,0,5,255
1604,115,0,0,243
1605,115,0,0,249
1606,115,2,2,255
1607,115,3,2,254
1608,115,0,0,251
1609,115,2,6,251
1610,115,0,1,251
1611,115,0,0,247
1612,115,1,0,253
1613,115,5,1,248
1614,115,3,0,252
1615,115,7,0,254
1616,115,1,2,253
1617,115,4,3,255
1618,115,3,4,244
1619,115,0,0,253
1620,115,0,0,251
1621,115,2,1,255
1622,115,1,0,254
1623,115,0,0,252
1624,115,2,1,253
1625,115,0,0,252
1626,115,0,0,253
1627,115,0,0,254
1628,115,3,3,255
1629,115,0,0,253
1630,115,0,3,255
1631,115,1,7,243
1632,115,0,0,254
1633,115,0,0,254
1634,115,0,0,254
1635,115,0,0,254
1636,115,0,0,254
1637,115,0,0,254
1638,115,0,0,254
1639,115,0,0,254
1640,115,0,0,254
1641,115,0,0,254
1642,115,0,0,254
1643,115,0,0,254
1644,115,0,0,254
1645,115,0,0,254
1646,115,0,0,254
1647,115,0,0,254
1648,115,1,0,254
1649,115,1,1,255
1650,115,0,2,245
1651,115,0,0,250
1652,115,0,2,255
1653,115,0,2,234
1654,115,4,2,249
1655,115,5,2,255
1656,115,11,0,248
122,116,9,0,251
123,116,3,0,253
124,116,0,0,243
125,116,3,3,255
126,116,3,2,246
127,116,8,0,255
128,116,0,3,249
129,116,0,1,253
130,116,0,1,245
131,116,3,6,255
132,116,0,0,246
133,116,1,6,255
134,116,0,0,252
135,116,0,2,254
136,116,0,0,254
137,116,0,0,254
138,116,0,0,254
139,116,0,0,254
140,116,0,0,254
141,116,0,0,254
142,116,0,0,254
143,116,0,0,254
144,116,0,0,254
145,116,0,0,254
146,116,0,0,254
147,116,0,0,254
148,116,0,0,254
149,116,0,0,254
150,116,0,0,254
151,116,0,0,254
152,116,0,0,254
153,116,0,0,254
154,116,0,0,254
155,116,0,0,254
156,116,0,0,254
157,116,0,0,254
158,116,0,0,254
159,116,0,0,254
160,116,0,0,254
161,116,0,0,254
162,116,0,0,254
163,116,0,0,254
164,116,0,0,254
165,116,0,0,254
166,116,0,0,254
167,116,0,0,254
168,116,0,0,250
169,116,0,0,253
170,116,2,1,255
171,116,9,5,250
172,116,2,0,243
173,116,1,0,253
174,116,0,0,248
175,116,0,5,249
176,116,0,0,246
177,116,2,0,254
178,116,5,2,255
179,116,3,2,255
180,116,5,5,255
181,116,2,3,254
182,116,0,0,253
183,116,0,0,253
184,116,1,0,254
185,116,1,0,254
186,116,1,0,254
187,116,1,0,254
188,116,1,0,254
189,116,1,0,254
190,116,1,0,254
191,116,1,0,254
192,116,1,0,254
193,116,1,0,254
194,116,1,0,254
195,116,1,0,254
196,116,1,0,254
197,116,1,0,254
198,116,1,0,254
199,116,1,0,254
200,116,1,0,254
201,116,1,0,254
202,116,1,0,254
203,116,1,0,254
204,116,1,0,254
205,116,1,0,254
206,116,1,0,254
207,116,1,0,254
208,116,0,0,251
209,116,4,3,255
210,116,11,0,251
1469,116,12,0,243
1470,116,7,6,255
1471,116,0,4,251
1472,116,0,2,253
1473,116,0,4,246
1474,116,2,2,255
1475,116,4,3,255
1476,116,0,0,243
1477,116,0,0,243
1478,116,0,1,254
1479,116,0,1,250
1480,116,0,0,254
1481,116,0,0,254
1482,116,0,0,254
1483,116,0,0,254
1484,116,0,0,254
1485,116,0,0,254
1486,116,0,0,254
1487,116,0,0,254
1488,116,0,0,254
1489,116,0,0,254
1490,116,0,0,254
1491,116,0,0,254
1492,116,0,0,254
1493,116,0,0,254
1494,116,0,0,254
1495,116,0,0,254
1496,116,0,0,254
1497,116,0,0,254
1498,116,0,0,254
1499,116,0,0,254
1500,116,0,0,254
1501,116,0,0,254
1502,116,0,0,254
1503,116,0,0,254
1504,116,0,0,254
1505,116,0,0,254
1506,116,0,0,254
1507,116,0,0,254
1508,116,0,0,254
1509,116,0,0,254
1510,116,0,0,254
1511,116,0,0,254
1512,116,0,0,254
1513,116,0,0,254
1514,116,0,0,254
1515,116,0,0,254
1516,116,0,0,254
1517,116,0,0,254
1518,116,0,0,254
1519,116,0,0,254
1520,116,10,0,255
1521,116,3,0,241
1522,116,3,0,255
1523,116,0,0,250
1524,116,0,0,252
1525,116,4,3,255
1526,116,0,0,249
1527,116,4,0,248
1528,116,0,1,253
1529,116,17,0,254
1534,116,8,0,245
1535,116,0,9,255
1536,116,0,0,254
1537,116,0,0,254
1538,116,0,0,254
1539,116,0,0,254
1540,116,0,0,254
1541,116,0,0,254
1542,116,0,0,254
1543,116,0,0,254
1544,116,2,3,254
1545,116,0,0,248
1546,116,0,0,253
1547,116,6,5,255
1548,116,0,0,239
1549,116,3,2,255
1550,116,5,2,255
1551,116,0,0,249
1552,116,0,0,254
1553,116,0,0,254
1554,116,0,0,254
1555,116,0,0,254
1556,116,0,0,254
1557,116,0,0,254
1558,116,0,0,254
1559,116,0,0,254
1560,116,3,0,255
1561,116,4,3,247
1562,116,0,0,253
1563,116,0,5,245
1564,116,0,1,254
1565,116,0,1,253
1566,116,0,3,253
1567,116,0,3,241
1568,116,4,4,255
1569,116,5,4,255
1570,116,20,2,255
1593,116,16,0,255
1594,116,1,0,253
1595,116,0,4,255
1596,116,1,3,246
1597,116,4,1,254
1598,116,1,0,253
1599,116,1,1,255
1600,116,10,3,254
1601,116,6,3,242
1602,116,5,4,255
1603,116,0,0,252
1604,116,4,5,245
1605,116,6,3,255
1606,116,5,0,254
1607,116,9,0,255
1612,116,5,0,245
1613,116,4,1,242
1614,116,5,8,255
1615,116,0,0,251
1616,116,0,0,253
1617,116,2,5,255
1618,116,0,0,244
1619,116,0,0,249
1620,116,0,0,249
1621,116,1,8,247
1622,116,1,8,255
1623,116,0,2,248
1624,116,0,2,252
1625,116,0,4,255
1626,116,0,2,247
1627,116,3,6,255
1628,116,0,0,239
1629,116,0,2,255
1630,116,3,8,250
1631,116,0,0,249
1632,116,0,0,254
1633,116,0,0,254
1634,116,0,0,254
1635,116,0,0,254
1636,116,0,0,254
1637,116,0,0,254
1638,116,0,0,254
1639,116,0,0,254
1640,116,0,0,254
1641,116,0,0,254
1642,116,0,0,254
1643,116,0,0,254
1644,116,0,0,254
1645,116,0,0,254
1646,116,0,0,254
1647,116,0,0,254
1648,116,0,0,247
1649,116,0,0,245
1650,116,4,4,255
1651,116,0,1,254
1652,116,0,0,250
1653,116,4,0,254
1654,116,9,0,255
1655,116,6,0,244
123,117,4,0,248
124,117,0,0,251
125,117,0,1,253
126,117,4,4,255
127,117,4,2,253
128,117,0,0,250
129,117,3,2,243
130,117,3,0,253
131,117,0,0,247
132,117,4,0,252
133,117,0,0,251
134,117,0,0,254
135,117,2,5,255
136,117,0,0,254
137,117,0,0,254
138,117,0,0,254
139,117,0,0,254
140,117,0,0,254
141,117,0,0,254
142,117,0,0,254
143,117,0,0,254
144,117,0,0,254
145,117,0,0,254
146,117,0,0,254
147,117,0,0,254
148,117,0,0,254
149,117,0,0,254
150,117,0,0,254
151,117,0,0,254
152,117,0,0,254
153,117,0,0,254
154,117,0,0,254
155,117,0,0,254
156,117,0,0,254
157,117,0,0,254
158,117,0,0,254
159,117,0,0,254
160,117,0,0,254
161,117,0,0,254
162,117,0,0,254
163,117,0,0,254
164,117,0,0,254
165,117,0,0,254
166,117,0,0,254
167,117,0,0,254
168,117,0,0,253
169,117,2,4,249
170,117,0,0,252
171,117,0,0,250
172,117,1,1,255
173,117,0,0,244
174,117,0,0,247
175,117,0,4,253
176,117,0,5,255
177,117,0,6,255
178,117,0,5,248
179,117,0,0,253
180,117,0,0,243
181,117,0,0,248
182,117,4,0,245
183,117,4,0,253
184,117,0,2,255
185,117,0,2,255
186,117,0,2,255
187,117,0,2,255
188,117,0,2,255
189,117,0,2,255
190,117,0,2,255
191,117,0,2,255
192,117,0,2,255
193,117,0,2,255
194,117,0,2,255
195,117,0,2,255
196,117,0,2,255
197,117,0,2,255
198,117,0,2,255
199,117,0,2,255
200,117,0,2,255
201,117,0,2,255
202,117,0,2,255
203,117,0,2,255
204,117,0,2,255
205,117,0,2,255
206,117,0,2,255
207,117,0,2,255
208,117,6,0,255
209,117,5,0,255
210,117,2,0,249
211,117,4,0,253
212,117,5,0,248
1441,117,3,0,250
1442,117,6,1,244
1443,117,0,0,238
1444,117,8,2,255
1445,117,2,0,240
1446,117,0,0,251
1447,117,0,0,245
1452,117,13,0,255
1453,117,0,1,251
1454,117,0,3,240
1455,117,4,1,255
1456,117,0,3,255
1457,117,0,2,221
1458,117,4,0,251
1467,117,8,0,253
1468,117,2,0,254
1469,117,2,2,255
1470,117,1,1,255
1471,117,0,0,253
1472,117,0,0,251
1473,117,1,6,255
1474,117,0,0,248
1475,117,3,3,247
1476,117,0,3,245
1477,117,0,5,244
1478,117,0,0,253
1479,117,0,0,247
1480,117,0,0,254
1481,117,0,0,254
1482,117,0,0,254
1483,117,0,0,254
1484,117,0,0,254
1485,117,0,0,254
1486,117,0,0,254
1487,117,0,0,254
1488,117,0,0,254
1489,117,0,0,254
1490,117,0,0,254
1491,117,0,0,254
1492,117,0,0,254
1493,117,0,0,254
1494,117,0,0,254
1495,117,0,0,254
1496,117,0,0,254
1497,117,0,0,254
1498,117,0,0,254
1499,117,0,0,254
1500,117,0,0,254
1501,117,0,0,254
1502,117,0,0,254
1503,117,0,0,254
1504,117,0,0,254
1505,117,0,0,254
1506,117,0,0,254
1507,117,0,0,254
1508,117,0,0,254
1509,117,0,0,254
1510,117,0,0,254
1511,117,0,0,254
1512,117,0,0,254
1513,117,0,0,254
1514,117,0,0,254
1515,117,0,0,254
1516,117,0,0,254
1517,117,0,0,254
1518,117,0,0,254
1519,117,0,0,254
1520,117,5,6,255
1521,117,1,3,246
1522,117,0,0,253
1523,117,0,0,253
1524,117,1,1,255
1525,117,0,3,254
1526,117,0,3,255
1527,117,0,1,250
1528,117,0,8,244
1529,117,0,0,251
1530,117,8,5,255
1531,117,0,0,252
1532,117,0,0,250
1533,117,9,6,255
1534,117,0,1,254
1535,117,0,7,250
1536,117,0,0,254
1537,117,0,0,254
1538,117,0,0,254
1539,117,0,0,254
1540,117,0,0,254
1541,117,0,0,254
1542,117,0,0,254
1543,117,0,0,254
1544,117,0,0,250
1545,117,0,0,251
1546,117,1,1,255
1547,117,0,0,238
1548,117,0,0,253
1549,117,0,0,247
1550,117,3,3,241
1551,117,7,1,255
1552,117,0,0,254
1553,117,0,0,254
1554,117,0,0,254
1555,117,0,0,254
1556,117,0,0,254
1557,117,0,0,254
1558,117,0,0,254
1559,117,0,0,254
1560,117,2,0,251
1561,117,0,0,246
1562,117,5,4,255
1563,117,2,2,255
1564,117,0,2,247
1565,117,0,5,235
1566,117,4,4,255
1567,117,3,3,247
1568,117,0,0,242
1569,117,8,0,239
1594,117,9,0,254
1595,117,3,2,246
1596,117,1,1,255
1597,117,2,6,255
1598,117,0,8,255
1599,117,0,0,248
1600,117,0,3,255
1601,117,0,2,252
1602,117,0,0,252
1603,117,0,2,240
1604,117,2,2,255
1605,117,7,0,254
1606,117,8,0,250
1615,117,22,0,255
1616,117,0,3,255
1617,117,0,0,250
1618,117,2,0,252
1619,117,10,0,250
1623,117,25,0,253
1624,117,0,0,252
1625,117,2,2,255
1626,117,0,0,241
1627,117,6,5,249
1628,117,0,0,236
1629,117,0,0,251
1630,117,3,0,255
1631,117,0,0,248
1632,117,0,0,254
1633,117,0,0,254
1634,117,0,0,254
1635,117,0,0,254
1636,117,0,0,254
1637,117,0,0,254
1638,117,0,0,254
1639,117,0,0,254
1640,117,0,0,254
1641,117,0,0,254
1642,117,0,0,254
1643,117,0,0,254
1644,117,0,0,254
1645,117,0,0,254
1646,117,0,0,254
1647,117,0,0,254
1648,117,0,0,250
1649,117,4,4,255
1650,117,2,2,255
1651,117,0,1,252
1652,117,5,0,255
1653,117,9,0,240
132,118,11,0,246
133,118,4,1,242
134,118,0,1,250
135,118,0,8,255
136,118,0,0,254
137,118,0,0,254
138,118,0,0,254
139,118,0,0,254
140,118,0,0,254
141,118,0,0,254
142,118,0,0,254
143,118,0,0,254
144,118,0,0,254
145,118,0,0,254
146,118,0,0,254
147,118,0,0,254
148,118,0,0,254
149,118,0,0,254
150,118,0,0,254
151,118,0,0,254
152,118,0,0,254
153,118,0,0,254
154,118,0,0,254
155,118,0,0,254
156,118,0,0,254
157,118,0,0,254
158,118,0,0,254
159,118,0,0,254
160,118,0,0,254
161,118,0,0,254
162,118,0,0,254
163,118,0,0,254
164,118,0,0,254
165,118,0,0,254
166,118,0,0,254
167,118,0,0,254
168,118,3,0,255
169,118,4,3,255
170,118,1,1,255
171,118,0,5,255
172,118,0,4,255
173,118,0,4,242
174,118,2,5,255
175,118,3,4,252
176,118,0,3,253
177,118,0,0,245
178,118,0,1,252
179,118,2,2,255
180,118,0,0,247
181,118,5,4,255
182,118,5,4,255
183,118,3,0,255
184,118,0,0,253
185,118,0,0,253
186,118,0,0,253
187,118,0,0,253
188,118,0,0,253
189,118,0,0,253
190,118,0,0,253
191,118,0,0,253
192,118,0,0,253
193,118,0,0,253
194,118,0,0,253
195,118,0,0,253
196,118,0,0,253
197,118,0,0,253
198,118,0,0,253
199,118,0,0,253
200,118,0,0,253
201,118,0,0,253
202,118,0,0,253
203,118,0,0,253
204,118,0,0,253
205,118,0,0,253
206,118,0,0,253
207,118,0,0,253
208,118,7,0,254
209,118,6,4,255
210,118,2,7,255
211,118,0,2,240
212,118,0,2,255
213,118,7,0,252
1440,118,0,0,239
1441,118,5,2,255
1442,118,3,0,255
1443,118,0,0,248
1444,118,4,4,255
1445,118,0,0,249
1446,118,4,7,255
1447,118,0,1,254
1448,118,7,0,250
1451,118,12,0,254
1452,118,0,0,248
1453,118,0,2,247
1454,118,0,1,240
1455,118,3,0,255
1456,118,0,0,253
1457,118,0,1,251
1458,118,1,1,255
1459,118,1,3,248
1460,118,0,0,249
1461,118,6,5,255
1462,118,4,1,255
1463,118,1,0,251
1464,118,3,0,253
1465,118,6,4,253
1466,118,1,0,253
1467,118,0,0,249
1468,118,0,0,252
1469,118,2,6,255
1470,118,0,5,238
1471,118,0,3,255
1472,118,0,1,250
1473,118,0,0,251
1474,118,6,4,253
1475,118,1,1,255
1476,118,0,0,250
1477,118,0,2,254
1478,118,0,0,254
1479,118,8,2,255
1480,118,0,0,254
1481,118,0,0,254
1482,118,0,0,254
1483,118,0,0,254
1484,118,0,0,254
1485,118,0,0,254
1486,118,0,0,254
1487,118,0,0,254
1488,118,0,0,254
1489,118,0,0,254
1490,118,0,0,254
1491,118,0,0,254
1492,118,0,0,254
1493,118,0,0,254
1494,118,0,0,254
1495,118,0,0,254
1496,118,0,0,254
1497,118,0,0,254
1498,118,0,0,254
1499,118,0,0,254
1500,118,0,0,254
1501,118,0,0,254
1502,118,0,0,254
1503,118,0,0,254
1504,118,0,0,254
1505,118,0,0,254
1506,118,0,0,254
1507,118,0,0,254
1508,118,0,0,254
1509,118,0,0,254
1510,118,0,0,254
1511,118,0,0,254
1512,118,0,0,254
1513,118,0,0,254
1514,118,0,0,254
1515,118,0,0,254
1516,118,0,0,254
1517,118,0,0,254
1518,118,0,0,254
1519,118,0,0,254
1520,118,0,0,250
1521,118,0,0,252
1522,118,0,4,243
1523,118,0,6,255
1524,118,0,0,249
1525,118,0,4,242
1526,118,0,0,251
1527,118,2,2,250
1528,118,0,0,244
1529,118,0,0,249
1530,118,0,0,243
1531,118,0,4,255
1532,118,0,3,255
1533,118,0,0,251
1534,118,0,0,253
1535,118,0,0,253
1536,118,0,0,254
1537,118,0,0,254
1538,118,0,0,254
1539,118,0,0,254
1540,118,0,0,254
1541,118,0,0,254
1542,118,0,0,254
1543,118,0,0,254
1544,118,0,0,252
1545,118,0,0,250
1546,118,0,1,251
1547,118,6,5,255
1548,118,6,3,255
1549,118,3,3,239
1550,118,5,0,252
1551,118,0,0,250
1552,118,0,0,254
1553,118,0,0,254
1554,118,0,0,254
1555,118,0,0,254
1556,118,0,0,254
1557,118,0,0,254
1558,118,0,0,254
1559,118,0,0,254
1560,118,3,5,240
1561,118,3,3,255
1562,118,0,3,240
1563,118,1,1,255
1564,118,3,2,255
1565,118,1,0,250
1566,118,10,0,248
1567,118,6,0,249
1568,118,6,0,251
1596,118,8,0,253
1597,118,0,0,251
1598,118,0,1,251
1599,118,0,6,255
1600,118,0,6,249
1601,118,0,0,248
1602,118,5,11,255
1603,118,1,0,251
1604,118,10,0,250
1627,118,10,0,246
1628,118,6,0,255
1629,118,0,5,254
1630,118,0,1,252
1631,118,0,6,252
1632,118,0,0,254
1633,118,0,0,254
1634,118,0,0,254
1635,118,0,0,254
1636,118,0,0,254
1637,118,0,0,254
1638,118,0,0,254
1639,118,0,0,254
1640,118,0,0,254
1641,118,0,0,254
1642,118,0,0,254
1643,118,0,0,254
1644,118,0,0,254
1645,118,0,0,254
1646,118,0,0,254
1647,118,0,0,254
1648,118,1,0,254
1649,118,0,2,237
1650,118,0,0,250
1651,118,3,0,255
1652,118,8,0,254
134,119,12,0,254
135,119,11,0,255
136,119,0,0,254
137,119,0,0,254
138,119,0,0,254
139,119,0,0,254
140,119,0,0,254
141,119,0,0,254
142,119,0,0,254
143,119,0,0,254
144,119,0,0,254
145,119,0,0,254
146,119,0,0,254
147,119,0,0,254
148,119,0,0,254
149,119,0,0,254
150,119,0,0,254
151,119,0,0,254
152,119,0,0,254
153,119,0,0,254
154,119,0,0,254
155,119,0,0,254
156,119,0,0,254
157,119,0,0,254
158,119,0,0,254
159,119,0,0,254
160,119,0,0,254
161,119,0,0,254
162,119,0,0,254
163,119,0,0,254
164,119,0,0,254
165,119,0,0,254
166,119,0,0,254
167,119,0,0,254
168,119,0,0,243
169,119,1,2,252
170,119,1,2,253
171,119,0,0,249
172,119,0,0,251
173,119,0,1,250
174,119,1,4,255
175,119,0,0,251
176,119,2,0,254
177,119,3,2,246
178,119,4,3,255
179,119,2,3,243
180,119,0,0,253
181,119,0,1,254
182,119,0,0,250
183,119,0,2,248
184,119,2,1,255
185,119,2,1,255
186,119,2,1,255
187,119,2,1,255
188,119,2,1,255
189,119,2,1,255
190,119,2,1,255
191,119,2,1,255
192,119,2,1,255
193,119,2,1,255
194,119,2,1,255
195,119,2,1,255
196,119,2,1,255
197,119,2,1,255
198,119,2,1,255
199,119,2,1,255
200,119,2,1,255
201,119,2,1,255
202,119,2,1,255
203,119,2,1,255
204,119,2,1,255
205,119,2,1,255
206,119,2,1,255
207,119,2,1,255
208,119,0,2,244
209,119,0,1,248
210,119,0,0,253
211,119,2,1,255
212,119,8,5,255
213,119,0,0,248
214,119,0,0,254
215,119,0,2,244
1434,119,16,0,255
1435,119,13,2,255
1436,119,1,1,239
1437,119,1,4,243
1438,119,2,3,254
1439,119,0,0,246
1440,119,3,2,255
1441,119,1,1,255
1442,119,0,1,249
1443,119,0,0,252
1444,119,0,3,255
1445,119,0,0,251
1446,119,0,7,255
1447,119,0,0,248
1448,119,0,4,250
1449,119,5,0,250
1450,119,7,0,245
1451,119,6,0,255
1452,119,0,6,249
1453,119,0,5,254
1454,119,0,0,251
1455,119,6,0,255
1456,119,5,2,255
1457,119,0,0,248
1458,119,6,5,255
1459,119,0,0,253
1460,119,0,1,252
1461,119,3,5,250
1462,119,0,1,252
1463,119,0,0,252
1464,119,3,2,255
1465,119,0,0,239
1466,119,0,3,255
1467,119,0,0,250
1468,119,2,5,255
1469,119,0,0,248
1470,119,4,0,254
1471,119,6,0,250
1472,119,5,5,253
1473,119,4,0,254
1474,119,3,0,246
1475,119,3,3,255
1476,119,0,2,248
1477,119,0,0,248
1478,119,3,5,250
1479,119,10,0,255
1480,119,0,0,254
1481,119,0,0,254
1482,119,0,0,254
1483,119,0,0,254
1484,119,0,0,254
1485,119,0,0,254
1486,119,0,0,254
1487,119,0,0,254
1488,119,0,0,254
1489,119,0,0,254
1490,119,0,0,254
1491,119,0,0,254
1492,119,0,0,254
1493,119,0,0,254
1494,119,0,0,254
1495,119,0,0,254
1496,119,0,0,254
1497,119,0,0,254
1498,119,0,0,254
1499,119,0,0,254
1500,119,0,0,254
1501,119,0,0,254
1502,119,0,0,254
1503,119,0,0,254
1504,119,0,0,254
1505,119,0,0,254
1506,119,0,0,254
1507,119,0,0,254
1508,119,0,0,254
1509,119,0,0,254
1510,119,0,0,254
1511,119,0,0,254
1512,119,0,0,254
1513,119,0,0,254
1514,119,0,0,254
1515,119,0,0,254
1516,119,0,0,254
1517,119,0,0,254
1518,119,0,0,254
1519,119,0,0,254
1520,119,0,1,254
1521,119,0,0,252
1522,119,1,0,254
1523,119,7,1,255
1524,119,3,0,253
1525,119,2,0,254
1526,119,3,2,255
1527,119,0,0,252
1528,119,2,1,255
1529,119,7,7,255
1530,119,0,1,248
1531,119,0,0,249
1532,119,2,1,255
1533,119,0,0,254
1534,119,1,0,254
1535,119,0,0,250
1536,119,0,0,254
1537,119,0,0,254
1538,119,0,0,254
1539,119,0,0,254
1540,119,0,0,254
1541,119,0,0,254
1542,119,0,0,254
1543,119,0,0,254
1544,119,0,0,252
1545,119,4,4,255
1546,119,0,0,240
1547,119,4,3,255
1548,119,0,0,251
1549,119,5,0,252
1550,119,3,0,253
1552,119,0,0,254
1553,119,0,0,254
1554,119,0,0,254
1555,119,0,0,254
1556,119,0,0,254
1557,119,0,0,254
1558,119,0,0,254
1559,119,0,0,254
1560,119,0,0,250
1561,119,0,3,255
1562,119,0,2,251
1563,119,0,0,247
1564,119,8,2,255
1565,119,11,0,254
1628,119,8,0,253
1629,119,5,5,255
1630,119,0,4,248
1631,119,0,0,253
1632,119,0,0,254
1633,119,0,0,254
1634,119,0,0,254
1635,119,0,0,254
1636,119,0,0,254
1637,119,0,0,254
1638,119,0,0,254
1639,119,0,0,254
1640,119,0,0,254
1641,119,0,0,254
1642,119,0,0,254
1643,119,0,0,254
1644,119,0,0,254
1645,119,0,0,254
1646,119,0,0,254
1647,119,0,0,254
1648,119,3,3,255
1649,119,0,0,246
1650,119,3,4,254
1651,119,6,3,255
1652,119,6,0,248
136,120,0,0,249
137,120,0,0,245
138,120,1,0,254
139,120,0,4,253
140,120,0,8,254
141,120,0,4,255
142,120,0,0,250
143,120,6,0,250
144,120,4,0,253
145,120,7,1,255
146,120,1,0,253
147,120,1,1,245
148,120,0,3,255
149,120,0,4,255
150,120,0,0,252
151,120,0,3,255
152,120,1,0,251
153,120,4,0,251
154,120,0,0,252
155,120,3,2,255
156,120,0,0,248
157,120,0,4,253
158,120,0,2,251
159,120,0,1,253
160,120,4,0,251
161,120,0,4,250
162,120,8,5,255
163,120,0,1,254
164,120,0,0,247
165,120,3,3,255
166,120,3,0,253
167,120,4,1,255
168,120,0,0,248
169,120,2,6,251
170,120,2,1,253
171,120,7,1,255
172,120,8,0,255
173,120,5,0,255
174,120,0,0,252
175,120,1,3,246
176,120,0,0,254
177,120,0,0,254
178,120,0,0,254
179,120,0,0,254
180,120,0,0,254
181,120,0,0,254
182,120,0,0,254
183,120,0,0,254
184,120,0,0,254
185,120,0,0,254
186,120,0,0,254
187,120,0,0,254
188,120,0,0,254
189,120,0,0,254
190,120,0,0,254
191,120,0,0,254
192,120,0,0,254
193,120,0,0,254
194,120,0,0,254
195,120,0,0,254
196,120,0,0,254
197,120,0,0,254
198,120,0,0,254
199,120,0,0,254
200,120,0,0,254
201,120,0,0,254
202,120,0,0,254
203,120,0,0,254
204,120,0,0,254
205,120,0,0,254
206,120,0,0,254
207,120,0,0,254
208,120,0,0,254
209,120,0,0,254
210,120,0,0,254
211,120,0,0,254
212,120,0,0,254
213,120,0,0,254
214,120,0,0,254
215,120,0,0,254
216,120,0,4,255
1432,120,0,0,254
1433,120,0,0,254
1434,120,0,0,254
1435,120,0,0,254
1436,120,0,0,254
1437,120,0,0,254
1438,120,0,0,254
1439,120,0,0,254
1440,120,0,0,254
1441,120,0,0,254
1442,120,0,0,254
1443,120,0,0,254
1444,120,0,0,254
1445,120,0,0,254
1446,120,0,0,254
1447,120,0,0,254
1448,120,0,0,254
1449,120,0,0,254
1450,120,0,0,254
1451,120,0,0,254
1452,120,0,0,254
1453,120,0,0,254
1454,120,0,0,254
1455,120,0,0,254
1456,120,0,0,254
1457,120,0,0,254
1458,120,0,0,254
1459,120,0,0,254
1460,120,0,0,254
1461,120,0,0,254
1462,120,0,0,254
1463,120,0,0,254
1464,120,0,0,254
1465,120,0,0,254
1466,120,0,0,254
1467,120,0,0,254
1468,120,0,0,254
1469,120,0,0,254
1470,120,0,0,254
1471,120,0,0,254
1472,120,5,0,254
1473,120,0,0,250
1474,120,0,0,251
1475,120,0,4,239
1476,120,0,7,255
1477,120,0,3,254
1478,120,0,8,251
1479,120,0,0,249
1480,120,13,1,255
1481,120,3,0,250
1482,120,6,3,255
1483,120,4,4,255
1484,120,0,1,246
1485,120,0,1,253
1486,120,0,3,243
1487,120,0,0,253
1488,120,5,0,255
1489,120,0,0,252
1490,120,0,5,249
1491,120,0,0,242
1492,120,1,4,255
1493,120,0,2,255
1494,120,0,0,243
1495,120,0,2,254
1496,120,9,2,255
1497,120,3,0,244
1498,120,0,0,251
1499,120,0,0,253
1500,120,1,4,255
1501,120,0,0,253
1502,120,0,1,254
1503,120,0,2,255
1504,120,0,0,252
1505,120,3,0,239
1506,120,3,0,253
1507,120,8,1,255
1508,120,3,0,253
1509,120,6,5,255
1510,120,0,0,248
1511,120,2,5,255
1512,120,0,5,255
1513,120,0,0,252
1514,120,7,1,255
1515,120,2,0,247
1516,120,0,0,253
1517,120,0,0,254
1518,120,0,0,249
1519,120,10,0,255
1520,120,4,4,255
1521,120,0,0,239
1522,120,1,1,255
1523,120,0,0,248
1524,120,0,1,246
1525,120,4,4,255
1526,120,0,0,245
1527,120,1,0,252
1528,120,0,0,254
1529,120,0,0,254
1530,120,0,0,254
1531,120,0,0,254
1532,120,0,0,254
1533,120,0,0,254
1534,120,0,0,254
1535,120,0,0,254
1536,120,0,0,254
1537,120,0,0,254
1538,120,0,0,254
1539,120,0,0,254
1540,120,0,0,254
1541,120,0,0,254
1542,120,0,0,254
1543,120,0,0,254
1544,120,12,0,250
1545,120,0,6,252
1546,120,3,0,249
1547,120,9,0,255
1548,120,11,1,255
1553,120,14,0,254
1554,120,9,2,238
1555,120,4,5,246
1556,120,0,0,252
1557,120,0,0,253
1558,120,0,0,250
1559,120,6,0,255
1560,120,0,5,254
1561,120,0,8,255
1562,120,0,0,242
1563,120,3,0,250
1564,120,20,0,248
1630,120,15,0,255
1631,120,7,0,242
1632,120,0,0,254
1633,120,0,0,254
1634,120,0,0,254
1635,120,0,0,254
1636,120,0,0,254
1637,120,0,0,254
1638,120,0,0,254
1639,120,0,0,254
1640,120,0,0,252
1641,120,2,7,255
1642,120,0,3,249
1643,120,0,0,251
1644,120,0,0,253
1645,120,0,0,253
1646,120,5,4,255
1647,120,0,0,252
1648,120,0,2,254
1649,120,0,3,234
1650,120,4,0,251
137,121,11,0,247
138,121,0,3,249
139,121,0,2,254
140,121,0,0,250
141,121,5,5,255
142,121,1,1,255
143,121,3,0,253
144,121,2,3,253
145,121,0,0,254
146,121,0,1,249
147,121,0,0,247
148,121,5,4,255
149,121,0,0,249
150,121,8,5,255
151,121,4,1,255
152,121,7,0,255
153,121,4,9,249
154,121,3,3,255
155,121,2,3,253
156,121,0,4,255
157,121,4,4,255
158,121,10,0,255
159,121,1,0,240
162,121,0,7,254
163,121,0,0,236
164,121,5,0,254
165,121,0,0,251
166,121,1,4,255
167,121,0,2,244
168,121,4,7,255
169,121,0,0,246
170,121,2,0,254
171,121,0,0,235
172,121,1,0,251
173,121,4,3,255
174,121,0,2,249
175,121,0,1,253
176,121,0,0,254
177,121,0,0,254
178,121,0,0,254
179,121,0,0,254
180,121,0,0,254
181,121,0,0,254
182,121,0,0,254
183,121,0,0,254
184,121,0,0,254
185,121,0,0,254
186,121,0,0,254
187,121,0,0,254
188,121,0,0,254
189,121,0,0,254
190,121,0,0,254
191,121,0,0,254
192,121,0,0,254
193,121,0,0,254
194,121,0,0,254
195,121,0,0,254
196,121,0,0,254
197,121,0,0,254
198,121,0,0,254
199,121,0,0,254
200,121,0,0,254
201,121,0,0,254
202,121,0,0,254
203,121,0,0,254
204,121,0,0,254
205,121,0,0,254
206,121,0,0,254
207,121,0,0,254
208,121,0,0,254
209,121,0,0,254
210,121,0,0,254
211,121,0,0,254
212,121,0,0,254
213,121,0,0,254
214,121,0,0,254
215,121,0,0,254
216,121,11,0,254
217,121,0,6,255
1431,121,16,0,255
1432,121,0,0,254
1433,121,0,0,254
1434,121,0,0,254
1435,121,0,0,254
1436,121,0,0,254
1437,121,0,0,254
1438,121,0,0,254
1439,121,0,0,254
1440,121,0,0,254
1441,121,0,0,254
1442,121,0,0,254
1443,121,0,0,254
1444,121,0,0,254
1445,121,0,0,254
1446,121,0,0,254
1447,121,0,0,254
1448,121,0,0,254
1449,121,0,0,254
1450,121,0,0,254
1451,121,0,0,254
1452,121,0,0,254
1453,121,0,0,254
1454,121,0,0,254
1455,121,0,0,254
1456,121,0,0,254
1457,121,0,0,254
1458,121,0,0,254
1459,121,0,0,254
1460,121,0,0,254
1461,121,0,0,254
1462,121,0,0,254
1463,121,0,0,254
1464,121,0,0,254
1465,121,0,0,254
1466,121,0,0,254
1467,121,0,0,254
1468,121,0,0,254
1469,121,0,0,254
1470,121,0,0,254
1471,121,0,0,254
1472,121,3,4,242
1473,121,2,1,255
1474,121,5,5,255
1475,121,0,0,250
1476,121,0,0,251
1477,121,4,4,248
1478,121,6,5,255
1479,121,0,0,250
1480,121,0,3,248
1481,121,0,3,242
1482,121,4,9,255
1483,121,0,0,248
1484,121,6,3,255
1485,121,0,0,246
1486,121,0,1,251
1487,121,0,3,255
1488,121,0,2,253
1489,121,1,4,255
1490,121,7,1,255
1491,121,8,2,250
1492,121,1,0,253
1493,121,0,0,243
1494,121,6,3,255
1495,121,7,1,255
1496,121,1,0,251
1497,121,3,4,245
1498,121,0,2,255
1499,121,0,0,252
1500,121,0,0,252
1501,121,12,0,255
1502,121,9,0,245
1504,121,1,0,252
1505,121,2,2,255
1506,121,0,0,249
1507,121,0,0,244
1508,121,0,2,255
1509,121,0,4,255
1510,121,0,0,251
1511,121,0,0,251
1512,121,2,0,254
1513,121,0,2,253
1514,121,0,3,252
1515,121,1,4,241
1516,121,5,0,242
1517,121,7,0,254
1518,121,2,2,255
1519,121,0,5,247
1520,121,0,0,248
1521,121,1,1,255
1522,121,9,9,255
1523,121,0,0,244
1524,121,3,3,255
1525,121,5,6,255
1526,121,0,0,249
1527,121,0,0,252
1528,121,0,0,254
1529,121,0,0,254
1530,121,0,0,254
1531,121,0,0,254
1532,121,0,0,254
1533,121,0,0,254
1534,121,0,0,254
1535,121,0,0,254
1536,121,0,0,254
1537,121,0,0,254
1538,121,0,0,254
1539,121,0,0,254
1540,121,0,0,254
1541,121,0,0,254
1542,121,0,0,254
1543,121,0,0,254
1544,121,4,0,247
1545,121,0,0,251
1546,121,11,0,254
1555,121,4,0,249
1556,121,9,6,255
1557,121,0,0,254
1558,121,0,0,238
1559,121,5,5,255
1560,121,0,0,237
1561,121,0,0,252
1562,121,6,3,255
1563,121,13,1,247
1632,121,0,0,251
1633,121,0,0,251
1634,121,0,0,251
1635,121,0,0,251
1636,121,0,0,251
1637,121,0,0,251
1638,121,0,0,251
1639,121,0,0,251
1640,121,17,0,249
139,122,12,2,249
140,122,0,0,241
141,122,2,0,236
142,122,4,0,254
143,122,0,0,252
144,122,0,2,251
145,122,0,1,253
146,122,0,2,254
147,122,4,7,255
148,122,0,0,247
149,122,0,0,248
150,122,3,1,248
151,122,0,0,249
152,122,0,0,252
153,122,3,1,248
154,122,0,2,238
155,122,0,7,255
156,122,3,0,253
157,122,9,0,255
158,122,5,0,250
163,122,2,1,253
164,122,5,0,255
165,122,2,2,240
166,122,0,0,250
167,122,0,0,254
168,122,0,0,252
169,122,4,3,255
170,122,1,0,254
171,122,0,0,252
172,122,3,3,255
173,122,0,2,254
174,122,0,1,253
175,122,0,6,253
176,122,0,0,254
177,122,0,0,254
178,122,0,0,254
179,122,0,0,254
180,122,0,0,254
181,122,0,0,254
182,122,0,0,254
183,122,0,0,254
184,122,0,0,254
185,122,0,0,254
186,122,0,0,254
187,122,0,0,254
188,122,0,0,254
189,122,0,0,254
190,122,0,0,254
191,122,0,0,254
192,122,0,0,254
193,122,0,0,254
194,122,0,0,254
195,122,0,0,254
196,122,0,0,254
197,122,0,0,254
198,122,0,0,254
199,122,0,0,254
200,122,0,0,254
201,122,0,0,254
202,122,0,0,254
203,122,0,0,254
204,122,0,0,254
205,122,0,0,254
206,122,0,0,254
207,122,0,0,254
208,122,0,0,254
209,122,0,0,254
210,122,0,0,254
211,122,0,0,254
212,122,0,0,254
213,122,0,0,254
214,122,0,0,254
215,122,0,0,254
216,122,0,0,246
217,122,6,0,249
218,122,0,8,255
1429,122,6,0,253
1430,122,1,0,254
1431,122,1,0,252
1432,122,0,0,254
1433,122,0,0,254
1434,122,0,0,254
1435,122,0,0,254
1436,122,0,0,254
1437,122,0,0,254
1438,122,0,0,254
1439,122,0,0,254
1440,122,0,0,254
1441,122,0,0,254
1442,122,0,0,254
1443,122,0,0,254
1444,122,0,0,254
1445,122,0,0,254
1446,122,0,0,254
1447,122,0,0,254
1448,122,0,0,254
1449,122,0,0,254
1450,122,0,0,254
1451,122,0,0,254
1452,122,0,0,254
1453,122,0,0,254
1454,122,0,0,254
1455,122,0,0,254
1456,122,0,0,254
1457,122,0,0,254
1458,122,0,0,254
1459,122,0,0,254
1460,122,0,0,254
1461,122,0,0,254
1462,122,0,0,254
1463,122,0,0,254
1464,122,0,0,254
1465,122,0,0,254
1466,122,0,0,254
1467,122,0,0,254
1468,122,0,0,254
1469,122,0,0,254
1470,122,0,0,254
1471,122,0,0,254
1472,122,0,0,250
1473,122,0,2,247
1474,122,1,0,252
1475,122,3,0,253
1476,122,5,0,247
1477,122,0,0,237
1478,122,9,1,255
1479,122,8,0,255
1480,122,0,5,255
1481,122,0,0,252
1482,122,7,0,249
1487,122,15,0,235
1488,122,0,0,253
1489,122,0,0,250
1490,122,2,0,246
1491,122,5,2,255
1492,122,3,6,255
1493,122,0,3,255
1494,122,0,0,248
1495,122,7,0,251
1496,122,0,1,246
1497,122,3,2,255
1498,122,8,0,251
1506,122,5,0,246
1507,122,3,6,255
1508,122,0,5,255
1509,122,0,0,250
1510,122,0,0,246
1511,122,2,6,255
1512,122,0,0,250
1513,122,0,0,252
1514,122,0,0,252
1515,122,12,9,255
1516,122,0,0,251
1517,122,1,2,252
1518,122,0,0,251
1519,122,0,4,253
1520,122,2,3,253
1521,122,0,0,235
1522,122,0,0,249
1523,122,0,0,252
1524,122,0,0,251
1525,122,0,0,250
1526,122,4,4,255
1527,122,0,0,250
1528,122,0,0,254
1529,122,0,0,254
1530,122,0,0,254
1531,122,0,0,254
1532,122,0,0,254
1533,122,0,0,254
1534,122,0,0,254
1535,122,0,0,254
1536,122,0,0,254
1537,122,0,0,254
1538,122,0,0,254
1539,122,0,0,254
1540,122,0,0,254
1541,122,0,0,254
1542,122,0,0,254
1543,122,0,0,254
1544,122,0,3,255
1545,122,3,5,250
141,123,8,1,252
142,123,0,0,251
143,123,6,0,253
144,123,3,0,251
145,123,7,1,255
146,123,4,0,254
147,123,1,0,242
148,123,7,4,255
149,123,4,2,249
150,123,0,0,246
151,123,2,1,255
152,123,1,4,255
153,123,0,4,250
154,123,0,0,240
155,123,9,0,255
156,123,3,2,246
157,123,13,0,252
164,123,0,1,252
165,123,0,4,254
166,123,6,0,255
167,123,2,0,248
168,123,0,2,255
169,123,0,0,245
170,123,0,3,255
171,123,0,0,250
172,123,0,4,244
173,123,0,0,244
174,123,1,6,255
175,123,0,0,250
176,123,0,0,254
177,123,0,0,254
178,123,0,0,254
179,123,0,0,254
180,123,0,0,254
181,123,0,0,254
182,123,0,0,254
183,123,0,0,254
184,123,0,0,254
185,123,0,0,254
186,123,0,0,254
187,123,0,0,254
188,123,0,0,254
189,123,0,0,254
190,123,0,0,254
191,123,0,0,254
192,123,0,0,254
193,123,0,0,254
194,123,0,0,254
195,123,0,0,254
196,123,0,0,254
197,123,0,0,254
198,123,0,0,254
199,123,0,0,254
200,123,0,0,254
201,123,0,0,254
202,123,0,0,254
203,123,0,0,254
204,123,0,0,254
205,123,0,0,254
206,123,0,0,254
207,123,0,0,254
208,123,0,0,254
209,123,0,0,254
210,123,0,0,254
211,123,0,0,254
212,123,0,0,254
213,123,0,0,254
214,123,0,0,254
215,123,0,0,254
216,123,2,3,253
217,123,3,4,254
218,123,4,0,246
219,123,0,5,255
1428,123,10,0,250
1429,123,0,0,252
1430,123,0,4,249
1431,123,0,1,250
1432,123,0,0,254
1433,123,0,0,254
1434,123,0,0,254
1435,123,0,0,254
1436,123,0,0,254
1437,123,0,0,254
1438,123,0,0,254
1439,123,0,0,254
1440,123,0,0,254
1441,123,0,0,254
1442,123,0,0,254
1443,123,0,0,254
1444,123,0,0,254
1445,123,0,0,254
1446,123,0,0,254
1447,123,0,0,254
1448,123,0,0,254
1449,123,0,0,254
1450,123,0,0,254
1451,123,0,0,254
1452,123,0,0,254
1453,123,0,0,254
1454,123,0,0,254
1455,123,0,0,254
1456,123,0,0,254
1457,123,0,0,254
1458,123,0,0,254
1459,123,0,0,254
1460,123,0,0,254
1461,123,0,0,254
1462,123,0,0,254
1463,123,0,0,254
1464,123,0,0,254
1465,123,0,0,254
1466,123,0,0,254
1467,123,0,0,254
1468,123,0,0,254
1469,123,0,0,254
1470,123,0,0,254
1471,123,0,0,254
1472,123,0,0,249
1473,123,5,8,255
1474,123,0,0,253
1475,123,3,0,250
1476,123,8,2,255
1477,123,0,0,238
1478,123,1,0,253
1479,123,0,0,253
1480,123,0,2,247
1481,123,10,0,255
1489,123,12,0,254
1490,123,0,9,251
1491,123,0,1,249
1492,123,2,7,255
1493,123,1,0,247
1494,123,2,3,243
1495,123,0,3,255
1496,123,6,0,251
1509,123,16,0,253
1510,123,3,0,253
1511,123,0,1,253
1512,123,1,8,244
1513,123,1,0,254
1514,123,2,0,247
1515,123,2,1,255
1516,123,0,0,246
1517,123,0,2,254
1518,123,1,0,254
1519,123,10,0,255
1520,123,4,5,245
1521,123,5,4,255
1522,123,0,0,250
1523,123,10,9,255
1524,123,0,0,252
1525,123,4,4,255
1526,123,5,5,255
1527,123,0,0,254
1528,123,0,0,254
1529,123,0,0,254
1530,123,0,0,254
1531,123,0,0,254
1532,123,0,0,254
1533,123,0,0,254
1534,123,0,0,254
1535,123,0,0,254
1536,123,0,0,254
1537,123,0,0,254
1538,123,0,0,254
1539,123,0,0,254
1540,123,0,0,254
1541,123,0,0,254
1542,123,0,0,254
1543,123,0,0,254
1544,123,0,0,250
1545,123,9,0,254
143,124,1,0,254
144,124,0,4,253
145,124,0,2,253
146,124,0,0,252
147,124,0,2,249
148,124,0,1,254
149,124,2,5,255
150,124,0,3,237
151,124,1,1,255
152,124,0,4,251
153,124,7,1,255
154,124,1,0,250
155,124,17,6,250
165,124,0,2,250
166,124,0,0,238
167,124,9,1,255
168,124,0,3,241
169,124,0,3,253
170,124,0,1,253
171,124,0,1,254
172,124,0,5,245
173,124,0,0,253
174,124,4,3,247
175,124,3,0,255
176,124,0,0,254
177,124,0,0,254
178,124,0,0,254
179,124,0,0,254
180,124,0,0,254
181,124,0,0,254
182,124,0,0,254
183,124,0,0,254
184,124,0,0,254
185,124,0,0,254
186,124,0,0,254
187,124,0,0,254
188,124,0,0,254
189,124,0,0,254
190,124,0,0,254
191,124,0,0,254
192,124,0,0,254
193,124,0,0,254
194,124,0,0,254
195,124,0,0,254
196,124,0,0,254
197,124,0,0,254
198,124,0,0,254
199,124,0,0,254
200,124,0,0,254
201,124,0,0,254
202,124,0,0,254
203,124,0,0,254
204,124,0,0,254
205,124,0,0,254
206,124,0,0,254
207,124,0,0,254
208,124,0,0,254
209,124,0,0,254
210,124,0,0,254
211,124,0,0,254
212,124,0,0,254
213,124,0,0,254
214,124,0,0,254
215,124,0,0,254
216,124,3,2,255
217,124,0,0,253
218,124,0,4,250
219,124,0,0,249
220,124,0,9,255
1427,124,17,6,255
1428,124,0,1,253
1429,124,3,11,244
1430,124,0,0,247
1431,124,2,0,254
1432,124,0,0,254
1433,124,0,0,254
1434,124,0,0,254
1435,124,0,0,254
1436,124,0,0,254
1437,124,0,0,254
1438,124,0,0,254
1439,124,0,0,254
1440,124,0,0,254
1441,124,0,0,254
1442,124,0,0,254
1443,124,0,0,254
1444,124,0,0,254
1445,124,0,0,254
1446,124,0,0,254
1447,124,0,0,254
1448,124,0,0,254
1449,124,0,0,254
1450,124,0,0,254
1451,124,0,0,254
1452,124,0,0,254
1453,124,0,0,254
1454,124,0,0,254
1455,124,0,0,254
1456,124,0,0,254
1457,124,0,0,254
1458,124,0,0,254
1459,124,0,0,254
1460,124,0,0,254
1461,124,0,0,254
1462,124,0,0,254
1463,124,0,0,254
1464,124,0,0,254
1465,124,0,0,254
1466,124,0,0,254
1467,124,0,0,254
1468,124,0,0,254
1469,124,0,0,254
1470,124,0,0,254
1471,124,0,0,254
1472,124,0,3,255
1473,124,1,5,254
1474,124,0,0,250
1475,124,9,9,255
1476,124,1,3,246
1477,124,1,4,255
1478,124,0,2,251
1479,124,0,2,254
1480,124,11,0,248
1491,124,15,0,246
1492,124,0,2,254
1493,124,0,1,252
1494,124,8,0,252
1513,124,12,0,249
1514,124,3,2,254
1515,124,0,0,248
1516,124,2,5,255
1517,124,3,2,255
1518,124,0,0,244
1519,124,0,1,248
1520,124,2,0,254
1521,124,0,0,245
1522,124,4,3,255
1523,124,1,1,249
1524,124,0,0,250
1525,124,0,0,243
1526,124,0,0,252
1527,124,6,6,255
1528,124,0,0,254
1529,124,0,0,254
1530,124,0,0,254
1531,124,0,0,254
1532,124,0,0,254
1533,124,0,0,254
1534,124,0,0,254
1535,124,0,0,254
1536,124,0,0,254
1537,124,0,0,254
1538,124,0,0,254
1539,124,0,0,254
1540,124,0,0,254
1541,124,0,0,254
1542,124,0,0,254
1543,124,0,0,254
1544,124,3,2,255
150,125,8,0,254
151,125,2,0,240
152,125,6,0,253
153,125,1,0,251
166,125,0,5,255
167,125,0,6,245
168,125,3,3,247
169,125,4,4,255
170,125,0,5,235
171,125,0,2,247
172,125,2,2,255
173,125,5,4,255
174,125,0,0,246
175,125,2,0,251
176,125,0,0,254
177,125,0,0,254
178,125,0,0,254
179,125,0,0,254
180,125,0,0,254
181,125,0,0,254
182,125,0,0,254
183,125,0,0,254
184,125,0,0,254
185,125,0,0,254
186,125,0,0,254
187,125,0,0,254
188,125,0,0,254
189,125,0,0,254
190,125,0,0,254
191,125,0,0,254
192,125,0,0,254
193,125,0,0,254
194,125,0,0,254
195,125,0,0,254
196,125,0,0,254
197,125,0,0,254
198,125,0,0,254
199,125,0,0,254
200,125,0,0,254
201,125,0,0,254
202,125,0,0,254
203,125,0,0,254
204,125,0,0,254
205,125,0,0,254
206,125,0,0,254
207,125,0,0,254
208,125,0,0,254
209,125,0,0,254
210,125,0,0,254
211,125,0,0,254
212,125,0,0,254
213,125,0,0,254
214,125,0,0,254
215,125,0,0,254
216,125,2,0,249
217,125,2,6,255
218,125,0,4,255
219,125,0,0,248
220,125,4,0,244
221,125,0,7,255
1411,125,6,0,248
1412,125,8,0,243
1413,125,0,0,248
1414,125,0,3,239
1415,125,0,3,254
1416,125,6,0,255
1417,125,0,2,247
1418,125,0,0,245
1419,125,0,2,251
1420,125,0,5,255
1421,125,12,0,255
1427,125,0,4,255
1428,125,0,5,255
1429,125,2,3,251
1430,125,8,5,255
1431,125,7,0,255
1432,125,0,0,254
1433,125,0,0,254
1434,125,0,0,254
1435,125,0,0,254
1436,125,0,0,254
1437,125,0,0,254
1438,125,0,0,254
1439,125,0,0,254
1440,125,0,0,254
1441,125,0,0,254
1442,125,0,0,254
1443,125,0,0,254
1444,125,0,0,254
1445,125,0,0,254
1446,125,0,0,254
1447,125,0,0,254
1448,125,0,0,254
1449,125,0,0,254
1450,125,0,0,254
1451,125,0,0,254
1452,125,0,0,254
1453,125,0,0,254
1454,125,0,0,254
1455,125,0,0,254
1456,125,0,0,254
1457,125,0,0,254
1458,125,0,0,254
1459,125,0,0,254
1460,125,0,0,254
1461,125,0,0,254
1462,125,0,0,254
1463,125,0,0,254
1464,125,0,0,254
1465,125,0,0,254
1466,125,0,0,254
1467,125,0,0,254
1468,125,0,0,254
1469,125,0,0,254
1470,125,0,0,254
1471,125,0,0,254
1472,125,1,0,254
1473,125,0,0,248
1474,125,2,6,253
1475,125,0,1,253
1476,125,0,0,247
1477,125,0,0,246
1478,125,4,1,255
1479,125,2,0,247
1515,125,7,0,252
1516,125,0,0,253
1517,125,1,6,255
1518,125,0,7,246
1519,125,0,3,254
1520,125,4,0,254
1521,125,3,0,255
1522,125,0,0,241
1523,125,3,2,255
1524,125,0,0,234
1525,125,3,3,255
1526,125,0,0,250
1527,125,0,0,250
1528,125,0,0,254
1529,125,0,0,254
1530,125,0,0,254
1531,125,0,0,254
1532,125,0,0,254
1533,125,0,0,254
1534,125,0,0,254
1535,125,0,0,254
1536,125,0,0,254
1537,125,0,0,254
1538,125,0,0,254
1539,125,0,0,254
1540,125,0,0,254
1541,125,0,0,254
1542,125,0,0,254
1543,125,0,0,254
1544,125,0,0,252
167,126,2,2,255
168,126,6,0,249
169,126,10,0,248
170,126,1,0,250
171,126,3,2,255
172,126,1,1,255
173,126,0,3,240
174,126,3,3,255
175,126,3,5,240
176,126,0,0,254
177,126,0,0,254
178,126,0,0,254
179,126,0,0,254
180,126,0,0,254
181,126,0,0,254
182,126,0,0,254
183,126,0,0,254
184,126,0,0,254
185,126,0,0,254
186,126,0,0,254
187,126,0,0,254
188,126,0,0,254
189,126,0,0,254
190,126,0,0,254
191,126,0,0,254
192,126,0,0,254
193,126,0,0,254
194,126,0,0,254
195,126,0,0,254
196,126,0,0,254
197,126,0,0,254
198,126,0,0,254
199,126,0,0,254
200,126,0,0,254
201,126,0,0,254
202,126,0,0,254
203,126,0,0,254
204,126,0,0,254
205,126,0,0,254
206,126,0,0,254
207,126,0,0,254
208,126,0,0,254
209,126,0,0,254
210,126,0,0,254
211,126,0,0,254
212,126,0,0,254
213,126,0,0,254
214,126,0,0,254
215,126,0,0,254
216,126,1,1,255
217,126,0,0,249
218,126,3,4,255
219,126,1,4,255
220,126,3,4,252
221,126,5,0,247
222,126,0,7,255
1409,126,7,0,253
1410,126,0,0,235
1411,126,0,7,237
1412,126,2,7,255
1413,126,0,0,253
1414,126,0,0,253
1415,126,0,0,251
1416,126,7,1,255
1417,126,2,1,255
1418,126,0,3,249
1419,126,0,4,255
1420,126,2,5,255
1421,126,1,0,236
1422,126,22,0,255
1426,126,9,0,252
1427,126,0,0,251
1428,126,1,0,254
1429,126,0,0,246
1430,126,0,3,243
1431,126,4,0,254
1432,126,0,0,254
1433,126,0,0,254
1434,126,0,0,254
1435,126,0,0,254
1436,126,0,0,254
1437,126,0,0,254
1438,126,0,0,254
1439,126,0,0,254
1440,126,0,0,254
1441,126,0,0,254
1442,126,0,0,254
1443,126,0,0,254
1444,126,0,0,254
1445,126,0,0,254
1446,126,0,0,254
1447,126,0,0,254
1448,126,0,0,254
1449,126,0,0,254
1450,126,0,0,254
1451,126,0,0,254
1452,126,0,0,254
1453,126,0,0,254
1454,126,0,0,254
1455,126,0,0,254
1456,126,0,0,254
1457,126,0,0,254
1458,126,0,0,254
1459,126,0,0,254
1460,126,0,0,254
1461,126,0,0,254
1462,126,0,0,254
1463,126,0,0,254
1464,126,0,0,254
1465,126,0,0,254
1466,126,0,0,254
1467,126,0,0,254
1468,126,0,0,254
1469,126,0,0,254
1470,126,0,0,254
1471,126,0,0,254
1472,126,0,0,239
1473,126,1,1,255
1474,126,0,1,247
1475,126,0,1,245
1476,126,0,0,250
1477,126,8,0,254
1516,126,10,0,253
1517,126,3,3,255
1518,126,0,0,251
1519,126,2,1,255
1520,126,1,0,244
1521,126,2,0,252
1522,126,1,0,253
1523,126,4,1,254
1524,126,1,1,249
1525,126,5,5,255
1526,126,2,2,255
1527,126,1,4,243
1528,126,0,0,254
1529,126,0,0,254
1530,126,0,0,254
1531,126,0,0,254
1532,126,0,0,254
1533,126,0,0,254
1534,126,0,0,254
1535,126,0,0,254
1536,126,0,0,254
1537,126,0,0,254
1538,126,0,0,254
1539,126,0,0,254
1540,126,0,0,254
1541,126,0,0,254
1542,126,0,0,254
1543,126,0,0,254
1544,126,6,6,255
170,127,11,0,254
171,127,8,2,255
172,127,0,0,247
173,127,0,2,251
174,127,0,3,255
175,127,0,0,250
176,127,0,0,254
177,127,0,0,254
178,127,0,0,254
179,127,0,0,254
180,127,0,0,254
181,127,0,0,254
182,127,0,0,254
183,127,0,0,254
184,127,0,0,254
185,127,0,0,254
186,127,0,0,254
187,127,0,0,254
188,127,0,0,254
189,127,0,0,254
190,127,0,0,254
191,127,0,0,254
192,127,0,0,254
193,127,0,0,254
194,127,0,0,254
195,127,0,0,254
196,127,0,0,254
197,127,0,0,254
198,127,0,0,254
199,127,0,0,254
200,127,0,0,254
201,127,0,0,254
202,127,0,0,254
203,127,0,0,254
204,127,0,0,254
205,127,0,0,254
206,127,0,0,254
207,127,0,0,254
208,127,0,0,254
209,127,0,0,254
210,127,0,0,254
211,127,0,0,254
212,127,0,0,254
213,127,0,0,254
214,127,0,0,254
215,127,0,0,254
216,127,0,0,252
217,127,2,2,255
218,127,0,0,245
219,127,4,3,255
220,127,0,0,250
221,127,0,0,252
222,127,9,0,252
223,127,0,6,255
1409,127,9,0,252
1410,127,0,0,250
1411,127,0,4,255
1412,127,2,1,255
1413,127,7,1,255
1414,127,4,0,247
1415,127,6,5,249
1416,127,0,2,255
1417,127,0,2,255
1418,127,0,0,251
1419,127,1,1,255
1420,127,1,1,255
1421,127,0,0,250
1422,127,0,2,254
1423,127,1,9,255
1426,127,7,2,245
1427,127,0,0,251
1428,127,13,0,251
1429,127,2,2,255
1430,127,0,1,250
1431,127,0,1,242
1432,127,0,0,254
1433,127,0,0,254
1434,127,0,0,254
1435,127,0,0,254
1436,127,0,0,254
1437,127,0,0,254
1438,127,0,0,254
1439,127,0,0,254
1440,127,0,0,254
1441,127,0,0,254
1442,127,0,0,254
1443,127,0,0,254
1444,127,0,0,254
1445,127,0,0,254
1446,127,0,0,254
1447,127,0,0,254
1448,127,0,0,254
1449,127,0,0,254
1450,127,0,0,254
1451,127,0,0,254
1452,127,0,0,254
1453,127,0,0,254
1454,127,0,0,254
1455,127,0,0,254
1456,127,0,0,254
1457,127,0,0,254
1458,127,0,0,254
1459,127,0,0,254
1460,127,0,0,254
1461,127,0,0,254
1462,127,0,0,254
1463,127,0,0,254
1464,127,0,0,254
1465,127,0,0,254
1466,127,0,0,254
1467,127,0,0,254
1468,127,0,0,254
1469,127,0,0,254
1470,127,0,0,254
1471,127,0,0,254
1472,127,6,0,255
1473,127,1,0,254
1474,127,1,6,255
1475,127,0,0,247
1476,127,6,0,246
1518,127,8,0,253
1519,127,0,0,252
1520,127,7,3,250
1522,127,8,2,255
1523,127,5,2,255
1524,127,0,0,249
1525,127,0,0,250
1526,127,0,0,253
1527,127,0,0,251
1528,127,0,0,254
1529,127,0,0,254
1530,127,0,0,254
1531,127,0,0,254
1532,127,0,0,254
1533,127,0,0,254
1534,127,0,0,254
1535,127,0,0,254
1536,127,0,0,254
1537,127,0,0,254
1538,127,0,0,254
1539,127,0,0,254
1540,127,0,0,254
1541,127,0,0,254
1542,127,0,0,254
1543,127,0,0,254
1544,127,0,4,253
179,128,12,0,254
180,128,6,0,252
181,128,0,0,245
182,128,0,6,251
183,128,0,3,249
184,128,0,0,254
185,128,0,0,254
186,128,0,0,254
187,128,0,0,254
188,128,0,0,254
189,128,0,0,254
190,128,0,0,254
191,128,0,0,254
192,128,0,0,254
193,128,0,0,254
194,128,0,0,254
195,128,0,0,254
196,128,0,0,254
197,128,0,0,254
198,128,0,0,254
199,128,0,0,254
200,128,0,2,252
201,128,0,3,252
202,128,2,1,255
203,128,0,0,244
204,128,2,1,255
205,128,0,3,255
206,128,0,0,239
207,128,0,7,255
208,128,0,4,255
209,128,5,0,255
210,128,1,0,251
211,128,0,6,243
212,128,0,4,255
213,128,8,3,255
214,128,0,0,249
215,128,4,6,241
216,128,0,0,254
217,128,0,0,254
218,128,0,0,254
219,128,0,0,254
220,128,0,0,254
221,128,0,0,254
222,128,0,0,254
223,128,0,0,254
224,128,14,0,252
228,128,10,1,248
229,128,0,0,253
230,128,1,0,250
231,128,14,0,254
232,128,0,2,254
233,128,8,0,254
1408,128,0,0,254
1409,128,0,0,254
1410,128,0,0,254
1411,128,0,0,254
1412,128,0,0,254
1413,128,0,0,254
1414,128,0,0,254
1415,128,0,0,254
1416,128,0,0,254
1417,128,0,0,254
1418,128,0,0,254
1419,128,0,0,254
1420,128,0,0,254
1421,128,0,0,254
1422,128,0,0,254
1423,128,0,0,254
1424,128,0,0,254
1425,128,0,0,254
1426,128,0,0,254
1427,128,0,0,254
1428,128,0,0,254
1429,128,0,0,254
1430,128,0,0,254
1431,128,0,0,254
1432,128,5,0,254
1433,128,0,0,250
1434,128,0,0,251
1435,128,0,4,239
1436,128,0,7,255
1437,128,0,3,254
1438,128,0,8,251
1439,128,0,0,249
1440,128,0,4,255
1441,128,0,3,255
1442,128,0,0,243
1443,128,0,1,253
1444,128,1,7,253
1445,128,0,4,255
1446,128,0,0,252
1447,128,0,1,254
1448,128,0,0,253
1449,128,0,1,254
1450,128,3,6,255
1451,128,5,7,248
1452,128,0,0,236
1453,128,0,0,254
1454,128,0,0,253
1455,128,1,2,252
1456,128,3,0,255
1457,128,1,0,241
1458,128,5,2,255
1459,128,5,4,255
1460,128,0,0,246
1461,128,2,1,255
1462,128,0,0,253
1463,128,1,0,254
1464,128,0,4,250
1465,128,0,3,255
1466,128,0,1,246
1467,128,0,0,250
1468,128,8,5,255
1469,128,1,0,252
1470,128,0,0,252
1471,128,0,4,237
1472,128,0,3,252
1473,128,0,2,254
1474,128,0,0,248
1475,128,8,0,255
1522,128,7,0,253
1523,128,1,0,254
1524,128,3,4,255
1525,128,0,0,240
1526,128,9,3,255
1527,128,0,0,250
1528,128,4,0,254
1529,128,4,0,254
1530,128,4,0,254
1531,128,4,0,254
1532,128,4,0,254
1533,128,4,0,254
1534,128,4,0,254
1535,128,4,0,254
1536,128,2,5,255
1537,128,0,0,248
1538,128,0,0,247
1539,128,0,0,250
1540,128,0,1,251
1541,128,5,4,255
1542,128,4,0,247
1543,128,3,0,252
1544,128,9,0,244
206,129,12,0,255
207,129,0,0,240
208,129,6,3,255
209,129,0,2,247
210,129,1,4,255
211,129,0,0,246
212,129,2,0,254
213,129,0,0,252
214,129,0,3,242
215,129,0,0,253
216,129,0,0,254
217,129,0,0,254
218,129,0,0,254
219,129,0,0,254
220,129,0,0,254
221,129,0,0,254
222,129,0,0,254
223,129,0,0,254
224,129,6,7,255
225,129,6,0,255
226,129,9,0,255
227,129,0,0,237
228,129,0,3,243
229,129,0,5,254
230,129,0,5,255
231,129,0,5,247
232,129,0,4,254
233,129,0,0,248
234,129,11,3,255
235,129,12,0,249
1408,129,0,0,254
1409,129,0,0,254
1410,129,0,0,254
1411,129,0,0,254
1412,129,0,0,254
1413,129,0,0,254
1414,129,0,0,254
1415,129,0,0,254
1416,129,0,0,254
1417,129,0,0,254
1418,129,0,0,254
1419,129,0,0,254
1420,129,0,0,254
1421,129,0,0,254
1422,129,0,0,254
1423,129,0,0,254
1424,129,0,0,254
1425,129,0,0,254
1426,129,0,0,254
1427,129,0,0,254
1428,129,0,0,254
1429,129,0,0,254
1430,129,0,0,254
1431,129,0,0,254
1432,129,3,4,242
1433,129,2,1,255
1434,129,5,5,255
1435,129,0,0,250
1436,129,0,0,251
1437,129,4,4,248
1438,129,6,5,255
1439,129,0,0,250
1440,129,0,0,249
1441,129,7,1,255
1442,129,4,0,254
1443,129,5,0,253
1444,129,4,0,254
1445,129,7,0,253
1446,129,3,0,240
1447,129,4,0,253
1448,129,1,5,254
1449,129,0,0,249
1450,129,0,0,252
1451,129,0,3,252
1452,129,0,1,252
1453,129,1,1,255
1454,129,4,4,255
1455,129,1,1,255
1456,129,0,1,252
1457,129,0,0,250
1458,129,3,4,254
1459,129,0,0,251
1460,129,3,3,255
1461,129,2,1,255
1462,129,2,1,255
1463,129,4,3,255
1464,129,8,0,255
1465,129,9,3,255
1466,129,0,0,248
1467,129,5,4,246
1468,129,3,0,255
1469,129,0,0,244
1470,129,7,4,255
1471,129,6,0,255
1472,129,2,0,254
1473,129,2,0,254
1474,129,8,3,253
1475,129,6,0,242
1524,129,3,0,252
1525,129,0,1,253
1526,129,0,2,254
1527,129,1,0,254
1528,129,0,3,255
1529,129,0,3,255
1530,129,0,3,255
1531,129,0,3,255
1532,129,0,3,255
1533,129,0,3,255
1534,129,0,3,255
1535,129,0,3,255
1536,129,2,2,255
1537,129,6,5,255
1538,129,0,0,252
1539,129,4,1,255
1540,129,0,0,250
1541,129,3,3,255
1542,129,0,1,250
1543,129,0,4,255
1544,129,14,0,255
208,130,7,0,243
209,130,0,0,249
210,130,0,4,240
211,130,7,1,255
212,130,8,0,249
213,130,0,0,240
214,130,0,2,254
215,130,0,2,249
216,130,0,0,254
217,130,0,0,254
218,130,0,0,254
219,130,0,0,254
220,130,0,0,254
221,130,0,0,254
222,130,0,0,254
223,130,0,0,254
224,130,0,0,248
225,130,0,0,251
226,130,1,10,239
227,130,0,3,255
228,130,0,2,254
229,130,0,2,254
230,130,0,2,254
231,130,0,6,249
232,130,0,0,252
233,130,0,8,249
234,130,0,7,255
235,130,0,3,255
236,130,9,0,245
1407,130,13,0,255
1408,130,0,0,254
1409,130,0,0,254
1410,130,0,0,254
1411,130,0,0,254
1412,130,0,0,254
1413,130,0,0,254
1414,130,0,0,254
1415,130,0,0,254
1416,130,0,0,254
1417,130,0,0,254
1418,130,0,0,254
1419,130,0,0,254
1420,130,0,0,254
1421,130,0,0,254
1422,130,0,0,254
1423,130,0,0,254
1424,130,0,0,254
1425,130,0,0,254
1426,130,0,0,254
1427,130,0,0,254
1428,130,0,0,254
1429,130,0,0,254
1430,130,0,0,254
1431,130,0,0,254
1432,130,0,0,250
1433,130,0,2,247
1434,130,1,0,252
1435,130,3,0,253
1436,130,5,0,247
1437,130,0,0,237
1438,130,9,1,255
1439,130,8,0,255
1440,130,0,9,248
1441,130,0,0,250
1442,130,8,5,255
1443,130,4,0,248
1444,130,0,0,248
1445,130,4,0,254
1446,130,2,2,255
1447,130,0,2,244
1448,130,0,0,249
1449,130,0,0,249
1450,130,0,3,250
1451,130,4,7,255
1452,130,3,6,255
1453,130,1,4,243
1454,130,0,0,254
1455,130,2,3,254
1456,130,0,0,254
1457,130,0,1,246
1458,130,0,0,254
1459,130,2,5,255
1460,130,0,0,239
1461,130,0,0,235
1462,130,0,5,255
1463,130,0,2,252
1464,130,0,0,244
1465,130,4,0,254
1466,130,2,2,255
1467,130,0,0,251
1468,130,0,3,255
1469,130,0,5,255
1470,130,0,0,253
1471,130,3,0,255
1472,130,16,0,255
1473,130,9,0,248
1526,130,4,0,253
1527,130,0,3,240
1528,130,0,0,252
1529,130,0,0,252
1530,130,0,0,252
1531,130,0,0,252
1532,130,0,0,252
1533,130,0,0,252
1534,130,0,0,252
1535,130,0,0,252
1536,130,0,0,252
1537,130,0,0,245
1538,130,0,0,253
1539,130,0,3,255
1540,130,10,10,255
1541,130,0,0,248
1542,130,2,2,248
1543,130,2,1,255
209,131,14,4,255
210,131,0,0,248
211,131,0,0,251
212,131,8,2,255
213,131,0,0,240
214,131,1,4,255
215,131,0,3,255
216,131,0,0,254
217,131,0,0,254
218,131,0,0,254
219,131,0,0,254
220,131,0,0,254
221,131,0,0,254
222,131,0,0,254
223,131,0,0,254
224,131,6,0,255
225,131,0,0,250
226,131,0,3,254
227,131,0,0,250
228,131,8,0,255
229,131,4,0,249
230,131,5,0,254
231,131,2,2,248
232,131,8,0,254
233,131,0,0,248
234,131,0,7,237
235,131,0,10,255
236,131,0,0,249
237,131,10,0,246
1407,131,10,0,255
1408,131,0,0,254
1409,131,0,0,254
1410,131,0,0,254
1411,131,0,0,254
1412,131,0,0,254
1413,131,0,0,254
1414,131,0,0,254
1415,131,0,0,254
1416,131,0,0,254
1417,131,0,0,254
1418,131,0,0,254
1419,131,0,0,254
1420,131,0,0,254
1421,131,0,0,254
1422,131,0,0,254
1423,131,0,0,254
1424,131,0,0,254
1425,131,0,0,254
1426,131,0,0,254
1427,131,0,0,254
1428,131,0,0,254
1429,131,0,0,254
1430,131,0,0,254
1431,131,0,0,254
1432,131,0,0,249
1433,131,5,8,255
1434,131,0,0,253
1435,131,3,0,250
1436,131,8,2,255
1437,131,0,0,238
1438,131,1,0,253
1439,131,0,0,253
1440,131,0,0,251
1441,131,1,2,250
1442,131,2,3,251
1443,131,0,0,241
1444,131,0,0,241
1445,131,2,2,248
1446,131,0,0,250
1447,131,5,4,255
1448,131,3,3,255
1449,131,2,2,255
1450,131,0,0,250
1451,131,0,0,251
1452,131,0,0,252
1453,131,0,0,247
1454,131,0,0,252
1455,131,0,0,247
1456,131,0,2,247
1457,131,0,0,252
1458,131,2,2,255
1459,131,0,0,254
1460,131,5,4,255
1461,131,0,0,253
1462,131,0,0,251
1463,131,0,0,247
1464,131,0,15,255
1465,131,0,2,252
1466,131,0,4,255
1467,131,0,0,251
1468,131,10,0,250
1526,131,14,0,246
1527,131,0,0,254
1528,131,1,1,255
1529,131,1,1,255
1530,131,1,1,255
1531,131,1,1,255
1532,131,1,1,255
1533,131,1,1,255
1534,131,1,1,255
1535,131,1,1,255
1536,131,0,0,248
1537,131,1,7,253
1538,131,0,4,253
1539,131,0,3,252
1540,131,0,5,255
1541,131,0,0,231
1542,131,12,0,252
210,132,12,3,254
211,132,0,0,252
212,132,0,2,250
213,132,1,0,251
214,132,3,0,250
215,132,1,3,246
216,132,0,0,254
217,132,0,0,254
218,132,0,0,254
219,132,0,0,254
220,132,0,0,254
221,132,0,0,254
222,132,0,0,254
223,132,0,0,254
224,132,2,0,251
225,132,0,3,247
226,132,0,4,255
227,132,0,3,255
228,132,5,0,255
229,132,11,0,255
230,132,6,1,253
231,132,1,5,250
232,132,2,5,240
233,132,1,1,255
234,132,0,1,253
235,132,0,1,252
236,132,0,0,248
237,132,11,1,255
1406,132,14,0,255
1407,132,0,3,244
1408,132,0,0,254
1409,132,0,0,254
1410,132,0,0,254
1411,132,0,0,254
1412,132,0,0,254
1413,132,0,0,254
1414,132,0,0,254
1415,132,0,0,254
1416,132,0,0,254
1417,132,0,0,254
1418,132,0,0,254
1419,132,0,0,254
1420,132,0,0,254
1421,132,0,0,254
1422,132,0,0,254
1423,132,0,0,254
1424,132,0,0,254
1425,132,0,0,254
1426,132,0,0,254
1427,132,0,0,254
1428,132,0,0,254
1429,132,0,0,254
1430,132,0,0,254
1431,132,0,0,254
1432,132,0,3,255
1433,132,1,5,254
1434,132,0,0,250
1435,132,9,9,255
1436,132,1,3,246
1437,132,1,4,255
1438,132,0,2,251
1439,132,0,2,254
1440,132,0,2,254
1441,132,2,0,248
1447,132,1,4,255
1448,132,1,0,251
1449,132,10,2,255
1450,132,0,0,224
1451,132,8,0,255
1452,132,6,0,252
1453,132,9,0,255
1454,132,8,0,250
1458,132,12,0,252
1459,132,10,0,252
1460,132,4,0,254
1461,132,1,3,244
1462,132,0,8,245
1463,132,0,4,255
1464,132,0,0,248
1465,132,0,0,253
1466,132,7,1,249
1467,132,17,0,255
1528,132,0,0,254
1529,132,0,0,254
1530,132,0,0,254
1531,132,0,0,254
1532,132,0,0,254
1533,132,0,0,254
1534,132,0,0,254
1535,132,0,0,254
1536,132,9,1,245
1537,132,2,0,254
1538,132,0,4,243
1539,132,0,3,249
1540,132,3,6,255
1541,132,5,0,251
211,133,7,7,253
212,133,0,0,250
213,133,0,0,244
214,133,10,0,255
215,133,0,0,249
216,133,0,0,254
217,133,0,0,254
218,133,0,0,254
219,133,0,0,254
220,133,0,0,254
221,133,0,0,254
222,133,0,0,254
223,133,0,0,254
224,133,3,2,255
225,133,1,6,255
226,133,0,0,246
227,133,0,0,252
228,133,2,1,242
229,133,0,0,238
230,133,4,2,249
231,133,0,0,251
232,133,0,0,251
233,133,4,0,254
234,133,5,0,254
235,133,7,6,255
236,133,0,2,248
237,133,0,0,254
238,133,14,0,254
1385,133,13,0,246
1386,133,3,0,255
1387,133,0,3,246
1388,133,0,3,246
1389,133,3,0,255
1390,133,13,0,246
1399,133,12,0,255
1400,133,1,0,254
1401,133,0,1,243
1402,133,0,1,236
1403,133,0,4,243
1404,133,9,3,255
1405,133,3,0,253
1406,133,0,6,255
1407,133,0,7,248
1408,133,0,0,254
1409,133,0,0,254
1410,133,0,0,254
1411,133,0,0,254
1412,133,0,0,254
1413,133,0,0,254
1414,133,0,0,254
1415,133,0,0,254
1416,133,0,0,254
1417,133,0,0,254
1418,133,0,0,254
1419,133,0,0,254
1420,133,0,0,254
1421,133,0,0,254
1422,133,0,0,254
1423,133,0,0,254
1424,133,0,0,254
1425,133,0,0,254
1426,133,0,0,254
1427,133,0,0,254
1428,133,0,0,254
1429,133,0,0,254
1430,133,0,0,254
1431,133,0,0,254
1432,133,1,0,254
1433,133,0,0,248
1434,133,2,6,253
1435,133,0,1,253
1436,133,0,0,247
1437,133,0,0,246
1438,133,4,1,255
1439,133,2,0,247
1460,133,15,0,255
1461,133,9,0,255
1462,133,0,0,242
1463,133,2,3,251
1464,133,0,3,245
1465,133,0,0,252
1466,133,7,0,250
212,134,13,3,255
213,134,0,0,251
214,134,0,0,247
215,134,7,1,255
216,134,0,0,254
217,134,0,0,254
218,134,0,0,254
219,134,0,0,254
220,134,0,0,254
221,134,0,0,254
222,134,0,0,254
223,134,0,0,254
224,134,0,0,249
225,134,2,2,255
226,134,2,5,255
227,134,0,0,253
228,134,0,0,246
229,134,6,3,255
230,134,0,0,252
231,134,0,2,243
232,134,3,0,240
233,134,3,0,252
234,134,5,0,254
235,134,8,5,255
236,134,0,0,254
237,134,0,1,233
238,134,4,4,255
239,134,0,0,238
1382,134,11,0,251
1383,134,5,0,252
1384,134,0,0,254
1385,134,0,0,251
1386,134,0,1,254
1387,134,0,2,247
1388,134,0,2,247
1389,134,0,1,254
1390,134,0,0,251
1391,134,0,0,254
1398,134,7,0,253
1399,134,3,2,255
1400,134,7,0,255
1401,134,9,3,255
1402,134,0,0,251
1403,134,0,0,248
1404,134,3,0,255
1405,134,4,1,254
1406,134,0,0,252
1407,134,0,5,255
1408,134,0,0,254
1409,134,0,0,254
1410,134,0,0,254
1411,134,0,0,254
1412,134,0,0,254
1413,134,0,0,254
1414,134,0,0,254
1415,134,0,0,254
1416,134,0,0,254
1417,134,0,0,254
1418,134,0,0,254
1419,134,0,0,254
1420,134,0,0,254
1421,134,0,0,254
1422,134,0,0,254
1423,134,0,0,254
1424,134,0,0,254
1425,134,0,0,254
1426,134,0,0,254
1427,134,0,0,254
1428,134,0,0,254
1429,134,0,0,254
1430,134,0,0,254
1431,134,0,0,254
1432,134,0,0,239
1433,134,1,1,255
1434,134,0,1,247
1435,134,0,1,245
1436,134,0,0,250
1437,134,8,0,254
213,135,0,2,238
214,135,0,6,251
215,135,5,0,255
216,135,0,0,254
217,135,0,0,254
218,135,0,0,254
219,135,0,0,254
220,135,0,0,254
221,135,0,0,254
222,135,0,0,254
223,135,0,0,254
224,135,2,6,255
225,135,0,0,247
226,135,5,5,255
227,135,0,0,250
228,135,1,4,255
229,135,2,7,255
230,135,0,0,251
231,135,0,0,253
232,135,0,0,253
233,135,0,3,249
234,135,0,5,255
235,135,0,0,243
236,135,8,3,245
237,135,7,0,255
238,135,0,0,251
239,135,0,9,255
240,135,0,0,254
241,135,0,0,254
242,135,0,0,254
243,135,0,0,254
244,135,0,0,254
245,135,0,0,254
246,135,0,0,254
247,135,0,0,254
248,135,25,0,254
1362,135,16,0,255
1363,135,13,2,255
1364,135,1,1,239
1365,135,1,4,243
1366,135,2,3,254
1367,135,0,0,246
1368,135,0,0,246
1369,135,2,3,254
1370,135,1,4,243
1371,135,1,1,239
1372,135,13,2,255
1373,135,16,0,255
1380,135,9,0,248
1381,135,6,1,253
1382,135,0,0,243
1383,135,0,9,255
1384,135,5,0,255
1385,135,5,2,255
1386,135,0,0,253
1387,135,0,2,251
1388,135,0,2,251
1389,135,0,0,253
1390,135,5,2,255
1391,135,5,0,255
1392,135,0,3,248
1393,135,3,3,255
1394,135,0,0,239
1395,135,4,1,255
1396,135,1,0,253
1397,135,0,0,251
1398,135,0,2,255
1399,135,0,4,242
1400,135,0,0,249
1401,135,0,5,255
1402,135,0,4,255
1403,135,0,1,253
1404,135,0,0,250
1405,135,1,1,255
1406,135,3,0,253
1407,135,7,0,254
1408,135,0,0,254
1409,135,0,0,254
1410,135,0,0,254
1411,135,0,0,254
1412,135,0,0,254
1413,135,0,0,254
1414,135,0,0,254
1415,135,0,0,254
1416,135,0,0,254
1417,135,0,0,254
1418,135,0,0,254
1419,135,0,0,254
1420,135,0,0,254
1421,135,0,0,254
1422,135,0,0,254
1423,135,0,0,254
1424,135,0,0,254
1425,135,0,0,254
1426,135,0,0,254
1427,135,0,0,254
1428,135,0,0,254
1429,135,0,0,254
1430,135,0,0,254
1431,135,0,0,254
1432,135,6,0,255
1433,135,1,0,254
1434,135,1,6,255
1435,135,0,0,247
1436,135,6,0,246
214,136,4,0,251
215,136,0,8,255
216,136,5,0,253
217,136,0,0,252
218,136,0,5,255
219,136,0,0,251
220,136,0,3,239
221,136,0,1,253
222,136,3,3,255
223,136,1,0,251
224,136,0,5,255
225,136,0,0,251
226,136,8,1,254
227,136,6,3,255
228,136,0,2,247
229,136,0,0,251
230,136,0,3,245
231,136,5,2,255
232,136,0,0,254
233,136,0,0,254
234,136,0,0,254
235,136,0,0,254
236,136,0,0,254
237,136,0,0,254
238,136,0,0,254
239,136,0,0,254
240,136,0,0,254
241,136,0,0,254
242,136,0,0,254
243,136,0,0,254
244,136,0,0,254
245,136,0,0,254
246,136,0,0,254
247,136,0,0,254
248,136,3,0,250
249,136,5,0,255
250,136,10,0,255
1359,136,0,0,252
1360,136,0,0,254
1361,136,0,0,254
1362,136,0,0,254
1363,136,0,0,254
1364,136,0,0,254
1365,136,0,0,254
1366,136,0,0,254
1367,136,0,0,254
1368,136,0,0,254
1369,136,0,0,254
1370,136,0,0,254
1371,136,0,0,254
1372,136,0,0,254
1373,136,0,0,254
1374,136,0,0,254
1375,136,0,0,254
1376,136,7,0,250
1379,136,7,0,251
1380,136,2,0,252
1381,136,3,2,254
1382,136,0,0,254
1383,136,2,2,255
1384,136,0,0,254
1385,136,0,0,254
1386,136,0,0,254
1387,136,0,0,254
1388,136,0,0,254
1389,136,0,0,254
1390,136,0,0,254
1391,136,0,0,254
1392,136,0,0,254
1393,136,0,0,254
1394,136,0,0,254
1395,136,0,0,254
1396,136,0,0,254
1397,136,0,0,254
1398,136,0,0,254
1399,136,0,0,254
1400,136,0,0,254
1401,136,0,0,254
1402,136,0,0,254
1403,136,0,0,254
1404,136,0,0,254
1405,136,0,0,254
1406,136,0,0,254
1407,136,0,0,254
1408,136,10,0,255
1409,136,4,6,251
1410,136,0,0,247
1411,136,0,3,249
1412,136,2,2,255
1413,136,4,0,247
1414,136,3,0,253
1415,136,5,5,253
1416,136,5,5,253
1417,136,4,0,254
1418,136,3,0,246
1419,136,3,3,255
1420,136,0,2,248
1421,136,0,0,248
1422,136,3,5,250
1423,136,10,0,255
1424,136,0,0,250
1425,136,2,3,253
1426,136,1,0,254
1427,136,0,0,253
1428,136,3,2,255
1429,136,1,0,254
1430,136,2,1,255
1431,136,0,0,247
1432,136,0,0,251
1433,136,0,4,255
1434,136,4,5,253
1435,136,11,0,254
214,137,10,0,250
215,137,0,2,250
216,137,0,5,255
217,137,1,1,255
218,137,2,0,252
219,137,13,1,255
220,137,10,0,255
221,137,6,0,255
222,137,1,1,255
223,137,0,0,251
224,137,0,0,244
225,137,0,0,249
226,137,8,1,254
227,137,4,0,253
228,137,0,0,250
229,137,0,0,253
230,137,0,0,252
231,137,4,2,253
232,137,0,0,254
233,137,0,0,254
234,137,0,0,254
235,137,0,0,254
236,137,0,0,254
237,137,0,0,254
238,137,0,0,254
239,137,0,0,254
240,137,0,0,254
241,137,0,0,254
242,137,0,0,254
243,137,0,0,254
244,137,0,0,254
245,137,0,0,254
246,137,0,0,254
247,137,0,0,254
248,137,5,0,254
249,137,1,5,254
250,137,0,0,247
251,137,5,0,248
1357,137,5,0,251
1358,137,0,4,247
1359,137,12,0,250
1360,137,0,0,254
1361,137,0,0,254
1362,137,0,0,254
1363,137,0,0,254
1364,137,0,0,254
1365,137,0,0,254
1366,137,0,0,254
1367,137,0,0,254
1368,137,0,0,254
1369,137,0,0,254
1370,137,0,0,254
1371,137,0,0,254
1372,137,0,0,254
1373,137,0,0,254
1374,137,0,0,254
1375,137,0,0,254
1376,137,9,0,253
1377,137,4,0,251
1378,137,6,2,239
1379,137,8,2,255
1380,137,1,0,251
1381,137,0,0,250
1382,137,0,2,245
1383,137,1,1,255
1384,137,0,0,254
1385,137,0,0,254
1386,137,0,0,254
1387,137,0,0,254
1388,137,0,0,254
1389,137,0,0,254
1390,137,0,0,254
1391,137,0,0,254
1392,137,0,0,254
1393,137,0,0,254
1394,137,0,0,254
1395,137,0,0,254
1396,137,0,0,254
1397,137,0,0,254
1398,137,0,0,254
1399,137,0,0,254
1400,137,0,0,254
1401,137,0,0,254
1402,137,0,0,254
1403,137,0,0,254
1404,137,0,0,254
1405,137,0,0,254
1406,137,0,0,254
1407,137,0,0,254
1408,137,9,3,255
1409,137,0,0,253
1410,137,0,5,255
1411,137,0,0,247
1412,137,4,4,255
1413,137,4,2,251
1414,137,0,0,253
1415,137,0,0,249
1416,137,0,1,250
1417,137,0,0,251
1418,137,6,4,253
1419,137,1,1,255
1420,137,0,0,250
1421,137,0,2,254
1422,137,0,0,254
1423,137,8,2,255
1424,137,1,3,248
1425,137,4,4,255
1426,137,0,0,250
1427,137,8,7,255
1428,137,0,0,242
1429,137,0,3,235
1430,137,0,0,254
1431,137,0,0,253
1432,137,0,4,255
1433,137,3,2,255
1434,137,6,0,250
215,138,2,0,250
216,138,3,0,251
217,138,1,0,251
218,138,0,0,250
219,138,3,3,255
220,138,0,0,249
221,138,0,2,231
222,138,0,0,250
223,138,5,4,255
224,138,0,1,249
225,138,7,7,255
226,138,0,0,247
227,138,0,3,249
228,138,0,3,247
229,138,0,6,241
230,138,2,1,255
231,138,4,0,251
232,138,0,0,254
233,138,0,0,254
234,138,0,0,254
235,138,0,0,254
236,138,0,0,254
237,138,0,0,254
238,138,0,0,254
239,138,0,0,254
240,138,0,0,254
241,138,0,0,254
242,138,0,0,254
243,138,0,0,254
244,138,0,0,254
245,138,0,0,254
246,138,0,0,254
247,138,0,0,254
248,138,1,4,255
249,138,0,0,250
250,138,0,8,243
251,138,5,2,255
1356,138,6,0,255
1357,138,0,1,250
1358,138,4,4,255
1359,138,1,3,246
1360,138,0,0,254
1361,138,0,0,254
1362,138,0,0,254
1363,138,0,0,254
1364,138,0,0,254
1365,138,0,0,254
1366,138,0,0,254
1367,138,0,0,254
1368,138,0,0,254
1369,138,0,0,254
1370,138,0,0,254
1371,138,0,0,254
1372,138,0,0,254
1373,138,0,0,254
1374,138,0,0,254
1375,138,0,0,254
1376,138,4,3,255
1377,138,0,0,251
1378,138,0,0,244
1379,138,5,4,255
1380,138,0,0,243
1381,138,4,3,255
1382,138,3,5,250
1383,138,0,0,250
1384,138,0,0,254
1385,138,0,0,254
1386,138,0,0,254
1387,138,0,0,254
1388,138,0,0,254
1389,138,0,0,254
1390,138,0,0,254
1391,138,0,0,254
1392,138,0,0,254
1393,138,0,0,254
1394,138,0,0,254
1395,138,0,0,254
1396,138,0,0,254
1397,138,0,0,254
1398,138,0,0,254
1399,138,0,0,254
1400,138,0,0,254
1401,138,0,0,254
1402,138,0,0,254
1403,138,0,0,254
1404,138,0,0,254
1405,138,0,0,254
1406,138,0,0,254
1407,138,0,0,254
1408,138,0,0,247
1409,138,0,1,254
1410,138,0,3,242
1411,138,1,6,248
1412,138,1,1,245
1413,138,0,0,251
1414,138,0,5,255
1415,138,0,0,251
1416,138,0,0,251
1417,138,1,6,255
1418,138,0,0,248
1419,138,3,3,247
1420,138,0,3,245
1421,138,0,5,244
1422,138,0,0,253
1423,138,0,0,247
1424,138,1,0,254
1425,138,0,0,244
1426,138,0,0,232
1427,138,0,2,255
1428,138,0,3,255
1429,138,0,3,252
1430,138,0,1,254
1431,138,1,4,255
1432,138,3,6,243
1433,138,4,0,244
215,139,11,0,248
216,139,0,0,249
217,139,0,5,244
218,139,0,0,237
219,139,4,4,255
220,139,8,7,255
221,139,0,0,251
222,139,1,4,255
223,139,0,0,234
224,139,0,0,252
225,139,1,2,250
226,139,5,6,255
227,139,5,8,255
228,139,0,0,250
229,139,1,3,246
230,139,1,0,254
231,139,0,0,247
232,139,0,0,254
233,139,0,0,254
234,139,0,0,254
235,139,0,0,254
236,139,0,0,254
237,139,0,0,254
238,139,0,0,254
239,139,0,0,254
240,139,0,0,254
241,139,0,0,254
242,139,0,0,254
243,139,0,0,254
244,139,0,0,254
245,139,0,0,254
246,139,0,0,254
247,139,0,0,254
248,139,0,2,248
249,139,1,7,243
250,139,7,0,254
251,139,7,1,247
252,139,0,0,253
253,139,0,0,249
1355,139,7,4,243
1356,139,0,5,255
1357,139,1,1,247
1358,139,1,4,255
1359,139,0,1,240
1360,139,0,0,254
1361,139,0,0,254
1362,139,0,0,254
1363,139,0,0,254
1364,139,0,0,254
1365,139,0,0,254
1366,139,0,0,254
1367,139,0,0,254
1368,139,0,0,254
1369,139,0,0,254
1370,139,0,0,254
1371,139,0,0,254
1372,139,0,0,254
1373,139,0,0,254
1374,139,0,0,254
1375,139,0,0,254
1376,139,0,4,255
1377,139,0,1,253
1378,139,2,5,255
1379,139,0,0,251
1380,139,0,2,243
1381,139,1,1,255
1382,139,7,6,255
1383,139,0,0,242
1384,139,0,0,254
1385,139,0,0,254
1386,139,0,0,254
1387,139,0,0,254
1388,139,0,0,254
1389,139,0,0,254
1390,139,0,0,254
1391,139,0,0,254
1392,139,0,0,254
1393,139,0,0,254
1394,139,0,0,254
1395,139,0,0,254
1396,139,0,0,254
1397,139,0,0,254
1398,139,0,0,254
1399,139,0,0,254
1400,139,0,0,254
1401,139,0,0,254
1402,139,0,0,254
1403,139,0,0,254
1404,139,0,0,254
1405,139,0,0,254
1406,139,0,0,254
1407,139,0,0,254
1408,139,0,1,250
1409,139,0,0,253
1410,139,0,1,244
1411,139,0,0,242
1412,139,5,4,255
1413,139,1,1,255
1414,139,0,4,246
1415,139,0,1,252
1416,139,0,2,253
1417,139,0,4,246
1418,139,2,2,255
1419,139,4,3,255
1420,139,0,0,243
1421,139,0,0,243
1422,139,0,1,254
1423,139,0,1,250
1424,139,0,0,253
1425,139,8,7,255
1426,139,1,4,255
1427,139,0,1,250
1428,139,0,4,255
1429,139,0,0,253
1430,139,0,0,235
1431,139,4,4,255
1432,139,13,0,255
217,140,19,0,255
218,140,2,0,242
219,140,0,2,255
220,140,0,0,248
221,140,0,3,254
222,140,0,3,248
223,140,5,2,255
224,140,1,6,255
225,140,0,0,253
226,140,1,0,250
227,140,14,0,248
228,140,11,0,254
229,140,5,0,249
230,140,3,3,255
231,140,0,3,254
232,140,0,0,254
233,140,0,0,254
234,140,0,0,254
235,140,0,0,254
236,140,0,0,254
237,140,0,0,254
238,140,0,0,254
239,140,0,0,254
240,140,0,0,254
241,140,0,0,254
242,140,0,0,254
243,140,0,0,254
244,140,0,0,254
245,140,0,0,254
246,140,0,0,254
247,140,0,0,254
248,140,0,3,252
249,140,5,0,253
250,140,9,0,254
251,140,0,0,243
252,140,2,11,255
253,140,0,6,254
254,140,1,0,250
1332,140,0,0,253
1333,140,0,5,251
1334,140,0,4,254
1335,140,0,6,245
1336,140,13,0,255
1337,140,13,0,252
1354,140,0,0,248
1355,140,2,3,253
1356,140,0,0,250
1357,140,0,0,253
1358,140,0,1,240
1359,140,0,4,255
1360,140,0,0,254
1361,140,0,0,254
1362,140,0,0,254
1363,140,0,0,254
1364,140,0,0,254
1365,140,0,0,254
1366,140,0,0,254
1367,140,0,0,254
1368,140,0,0,254
1369,140,0,0,254
1370,140,0,0,254
1371,140,0,0,254
1372,140,0,0,254
1373,140,0,0,254
1374,140,0,0,254
1375,140,0,0,254
1376,140,0,0,252
1377,140,0,2,251
1378,140,0,2,241
1379,140,0,0,252
1380,140,0,1,254
1381,140,0,0,252
1382,140,0,0,242
1383,140,1,0,254
1384,140,0,0,254
1385,140,0,0,254
1386,140,0,0,254
1387,140,0,0,254
1388,140,0,0,254
1389,140,0,0,254
1390,140,0,0,254
1391,140,0,0,254
1392,140,0,0,254
1393,140,0,0,254
1394,140,0,0,254
1395,140,0,0,254
1396,140,0,0,254
1397,140,0,0,254
1398,140,0,0,254
1399,140,0,0,254
1400,140,0,0,254
1401,140,0,0,254
1402,140,0,0,254
1403,140,0,0,254
1404,140,0,0,254
1405,140,0,0,254
1406,140,0,0,254
1407,140,0,0,254
1408,140,0,4,255
1409,140,4,7,255
1410,140,1,2,243
1411,140,2,1,255
1412,140,8,7,255
1413,140,0,0,247
1414,140,4,4,255
1415,140,5,5,255
1416,140,6,6,255
1417,140,3,3,255
1418,140,0,0,248
1419,140,7,6,255
1420,140,3,2,255
1421,140,0,1,242
1422,140,4,7,255
1423,140,0,4,255
1424,140,3,2,255
1425,140,0,0,243
1426,140,1,4,255
1427,140,2,7,255
1428,140,0,3,255
1429,140,1,0,254
1430,140,2,0,247
1431,140,5,0,254
222,141,2,0,241
223,141,0,2,254
224,141,7,0,253
225,141,8,2,255
226,141,0,0,231
227,141,0,2,254
228,141,0,3,255
229,141,0,1,254
230,141,0,3,252
231,141,0,8,244
232,141,0,0,254
233,141,0,0,254
234,141,0,0,254
235,141,0,0,254
236,141,0,0,254
237,141,0,0,254
238,141,0,0,254
239,141,0,0,254
240,141,0,0,254
241,141,0,0,254
242,141,0,0,254
243,141,0,0,254
244,141,0,0,254
245,141,0,0,254
246,141,0,0,254
247,141,0,0,254
248,141,3,0,253
249,141,2,0,254
250,141,3,3,255
251,141,1,4,255
252,141,0,0,250
253,141,3,3,255
254,141,0,0,240
255,141,0,0,253
1331,141,13,0,255
1332,141,0,0,236
1333,141,1,2,253
1334,141,0,0,251
1335,141,0,0,251
1336,141,0,1,251
1337,141,0,1,252
1338,141,1,0,244
1339,141,13,0,255
1353,141,0,1,253
1354,141,0,7,252
1355,141,6,0,253
1356,141,3,3,251
1357,141,1,0,254
1358,141,8,2,255
1359,141,0,1,254
1360,141,0,0,254
1361,141,0,0,254
1362,141,0,0,254
1363,141,0,0,254
1364,141,0,0,254
1365,141,0,0,254
1366,141,0,0,254
1367,141,0,0,254
1368,141,0,0,254
1369,141,0,0,254
1370,141,0,0,254
1371,141,0,0,254
1372,141,0,0,254
1373,141,0,0,254
1374,141,0,0,254
1375,141,0,0,254
1376,141,0,2,254
1377,141,0,3,255
1378,141,2,6,255
1379,141,0,3,254
1380,141,0,0,251
1381,141,0,0,252
1382,141,0,0,254
1383,141,0,1,244
1384,141,0,0,254
1385,141,0,0,254
1386,141,0,0,254
1387,141,0,0,254
1388,141,0,0,254
1389,141,0,0,254
1390,141,0,0,254
1391,141,0,0,254
1392,141,0,0,254
1393,141,0,0,254
1394,141,0,0,254
1395,141,0,0,254
1396,141,0,0,254
1397,141,0,0,254
1398,141,0,0,254
1399,141,0,0,254
1400,141,0,0,254
1401,141,0,0,254
1402,141,0,0,254
1403,141,0,0,254
1404,141,0,0,254
1405,141,0,0,254
1406,141,0,0,254
1407,141,0,0,254
1408,141,0,1,243
1409,141,0,2,247
1410,141,0,0,252
1411,141,5,5,255
1412,141,0,0,249
1413,141,0,0,237
1414,141,7,0,247
1415,141,7,0,250
1416,141,7,0,250
1417,141,9,0,249
1418,141,0,0,235
1419,141,0,1,251
1420,141,2,2,255
1421,141,1,0,254
1422,141,0,1,246
1423,141,0,2,244
1424,141,6,6,250
1425,141,0,0,243
1426,141,0,1,254
1427,141,0,0,251
1428,141,0,0,249
1429,141,6,0,255
1430,141,6,0,242
225,142,13,0,237
226,142,2,1,245
227,142,0,6,255
228,142,0,6,252
229,142,0,0,249
230,142,7,6,255
231,142,0,0,251
232,142,0,0,254
233,142,0,0,254
234,142,0,0,254
235,142,0,0,254
236,142,0,0,254
237,142,0,0,254
238,142,0,0,254
239,142,0,0,254
240,142,0,0,254
241,142,0,0,254
242,142,0,0,254
243,142,0,0,254
244,142,0,0,254
245,142,0,0,254
246,142,0,0,254
247,142,0,0,254
248,142,0,1,242
249,142,3,3,255
250,142,0,0,247
251,142,1,3,248
252,142,3,0,253
253,142,7,1,255
254,142,1,2,253
255,142,0,4,253
256,142,3,0,250
257,142,9,0,240
1330,142,5,0,250
1331,142,2,0,249
1332,142,3,3,251
1333,142,5,4,255
1334,142,0,0,243
1335,142,3,4,255
1336,142,12,6,255
1337,142,2,0,252
1338,142,3,0,253
1339,142,3,0,248
1340,142,0,0,251
1341,142,6,3,255
1342,142,3,1,248
1343,142,0,0,251
1344,142,13,2,246
1345,142,10,0,252
1352,142,0,0,249
1353,142,12,0,255
1354,142,3,4,255
1355,142,0,0,250
1356,142,3,0,253
1357,142,5,0,250
1358,142,0,1,253
1359,142,6,6,244
1360,142,0,0,254
1361,142,0,0,254
1362,142,0,0,254
1363,142,0,0,254
1364,142,0,0,254
1365,142,0,0,254
1366,142,0,0,254
1367,142,0,0,254
1368,142,0,0,254
1369,142,0,0,254
1370,142,0,0,254
1371,142,0,0,254
1372,142,0,0,254
1373,142,0,0,254
1374,142,0,0,254
1375,142,0,0,254
1376,142,0,0,241
1377,142,0,0,250
1378,142,1,0,252
1379,142,0,1,244
1380,142,3,3,255
1381,142,0,0,249
1382,142,0,1,251
1383,142,4,4,255
1384,142,0,0,254
1385,142,0,0,254
1386,142,0,0,254
1387,142,0,0,254
1388,142,0,0,254
1389,142,0,0,254
1390,142,0,0,254
1391,142,0,0,254
1392,142,0,0,254
1393,142,0,0,254
1394,142,0,0,254
1395,142,0,0,254
1396,142,0,0,254
1397,142,0,0,254
1398,142,0,0,254
1399,142,0,0,254
1400,142,0,0,254
1401,142,0,0,254
1402,142,0,0,254
1403,142,0,0,254
1404,142,0,0,254
1405,142,0,0,254
1406,142,0,0,254
1407,142,0,0,254
1408,142,1,1,255
1409,142,4,3,255
1410,142,0,0,253
1411,142,0,0,246
1412,142,2,5,255
1413,142,3,0,244
1414,142,14,0,240
1417,142,12,0,238
1418,142,6,2,247
1419,142,0,2,255
1420,142,0,2,249
1421,142,0,0,251
1422,142,6,5,255
1423,142,0,0,254
1424,142,0,0,251
1425,142,0,0,253
1426,142,1,4,255
1427,142,1,5,237
1428,142,5,0,252
1429,142,5,0,243
1430,142,23,0,255
230,143,1,0,246
231,143,4,4,255
232,143,0,0,254
233,143,0,0,254
234,143,0,0,254
235,143,0,0,254
236,143,0,0,254
237,143,0,0,254
238,143,0,0,254
239,143,0,0,254
240,143,0,0,254
241,143,0,0,254
242,143,0,0,254
243,143,0,0,254
244,143,0,0,254
245,143,0,0,254
246,143,0,0,254
247,143,0,0,254
248,143,0,6,255
249,143,0,1,251
250,143,2,0,252
251,143,9,2,255
252,143,2,0,254
253,143,0,3,245
254,143,0,0,251
255,143,1,0,254
256,143,0,4,253
257,143,2,6,253
258,143,12,0,254
1329,143,11,0,240
1330,143,4,2,251
1331,143,0,2,255
1332,143,2,1,253
1333,143,5,0,253
1334,143,1,0,253
1335,143,0,1,254
1336,143,0,1,249
1337,143,0,0,250
1338,143,0,10,255
1339,143,0,0,247
1340,143,3,8,255
1341,143,0,0,252
1342,143,0,0,245
1343,143,2,1,252
1344,143,0,4,246
1345,143,0,0,252
1346,143,3,0,253
1347,143,17,0,255
1351,143,5,0,246
1352,143,3,8,255
1353,143,0,0,245
1354,143,9,0,255
1355,143,10,0,255
1356,143,0,1,253
1357,143,0,2,248
1358,143,4,4,252
1359,143,0,0,250
1360,143,0,0,254
1361,143,0,0,254
1362,143,0,0,254
1363,143,0,0,254
1364,143,0,0,254
1365,143,0,0,254
1366,143,0,0,254
1367,143,0,0,254
1368,143,0,0,254
1369,143,0,0,254
1370,143,0,0,254
1371,143,0,0,254
1372,143,0,0,254
1373,143,0,0,254
1374,143,0,0,254
1375,143,0,0,254
1376,143,6,0,255
1377,143,5,0,255
1378,143,3,0,255
1379,143,2,1,255
1380,143,2,1,255
1381,143,0,2,245
1382,143,0,2,242
1383,143,0,2,255
1384,143,0,0,254
1385,143,0,0,254
1386,143,0,0,254
1387,143,0,0,254
1388,143,0,0,254
1389,143,0,0,254
1390,143,0,0,254
1391,143,0,0,254
1392,143,0,0,254
1393,143,0,0,254
1394,143,0,0,254
1395,143,0,0,254
1396,143,0,0,254
1397,143,0,0,254
1398,143,0,0,254
1399,143,0,0,254
1400,143,0,0,254
1401,143,0,0,254
1402,143,0,0,254
1403,143,0,0,254
1404,143,0,0,254
1405,143,0,0,254
1406,143,0,0,254
1407,143,0,0,254
1408,143,5,5,253
1409,143,0,0,245
1410,143,1,1,255
1411,143,0,2,254
1412,143,0,5,255
1413,143,5,0,254
1418,143,4,0,253
1419,143,1,6,255
1420,143,0,1,253
1421,143,2,2,255
1422,143,0,0,245
1423,143,6,6,254
1424,143,0,0,253
1425,143,2,4,249
1426,143,0,1,254
1427,143,0,0,254
1428,143,8,1,255
231,144,25,0,254
232,144,0,0,249
233,144,7,6,255
234,144,0,0,252
235,144,0,1,254
236,144,0,5,247
237,144,0,0,253
238,144,0,0,249
239,144,0,0,245
240,144,2,0,247
241,144,5,2,255
242,144,0,0,252
243,144,0,1,241
244,144,4,3,255
245,144,2,1,255
246,144,4,3,255
247,144,0,0,249
248,144,0,0,254
249,144,0,0,254
250,144,0,0,254
251,144,0,0,254
252,144,0,0,254
253,144,0,0,254
254,144,0,0,254
255,144,0,0,254
256,144,6,0,255
257,144,1,0,254
258,144,1,6,255
259,144,0,0,247
260,144,6,0,246
1328,144,0,0,254
1329,144,0,0,254
1330,144,0,0,254
1331,144,0,0,254
1332,144,0,0,254
1333,144,0,0,254
1334,144,0,0,254
1335,144,0,0,254
1336,144,0,0,254
1337,144,0,0,254
1338,144,0,0,254
1339,144,0,0,254
1340,144,0,0,254
1341,144,0,0,254
1342,144,0,0,254
1343,144,0,0,254
1344,144,0,0,253
1345,144,2,2,250
1346,144,3,2,254
1347,144,0,0,251
1349,144,2,1,255
1350,144,0,0,242
1351,144,2,1,255
1352,144,0,0,254
1353,144,0,0,254
1354,144,0,0,254
1355,144,0,0,254
1356,144,0,0,254
1357,144,0,0,254
1358,144,0,0,254
1359,144,0,0,254
1360,144,0,0,249
1361,144,0,3,245
1362,144,0,0,252
1363,144,0,0,253
1364,144,0,7,255
1365,144,0,1,239
1366,144,0,1,253
1367,144,0,6,253
1368,144,0,0,250
1369,144,3,2,255
1370,144,0,0,252
1371,144,0,1,253
1372,144,4,9,255
1373,144,0,1,253
1374,144,0,0,250
1375,144,6,6,255
1376,144,0,0,253
1377,144,0,0,253
1378,144,0,0,253
1379,144,0,0,253
1380,144,0,0,253
1381,144,0,0,253
1382,144,0,0,253
1383,144,0,0,253
1384,144,0,0,252
1385,144,0,2,237
1386,144,0,0,248
1387,144,4,1,255
1388,144,0,0,249
1389,144,0,7,255
1390,144,0,2,254
1391,144,0,1,244
1392,144,2,1,255
1393,144,6,5,255
1394,144,0,0,237
1395,144,0,0,254
1396,144,2,3,254
1397,144,0,0,250
1398,144,1,1,255
1399,144,0,0,247
1400,144,7,0,254
1401,144,3,0,253
1402,144,1,1,255
1403,144,0,0,250
1404,144,0,1,253
1405,144,0,4,255
1406,144,0,5,255
1407,144,0,0,249
1408,144,0,5,245
1409,144,0,2,254
1410,144,4,0,251
1411,144,17,0,255
1421,144,4,0,253
1422,144,0,3,232
1423,144,0,2,254
1424,144,7,0,242
1425,144,15,0,255
232,145,0,0,253
233,145,0,0,253
234,145,0,0,243
235,145,9,6,255
236,145,0,0,251
237,145,0,0,250
238,145,6,9,255
239,145,0,3,252
240,145,0,0,247
241,145,0,0,245
242,145,6,9,255
243,145,0,0,251
244,145,0,0,252
245,145,0,3,237
246,145,1,0,254
247,145,2,0,254
248,145,0,0,254
249,145,0,0,254
250,145,0,0,254
251,145,0,0,254
252,145,0,0,254
253,145,0,0,254
254,145,0,0,254
255,145,0,0,254
256,145,0,0,239
257,145,1,1,255
258,145,0,1,247
259,145,0,1,245
260,145,0,0,250
261,145,8,0,254
1325,145,1,0,251
1326,145,0,6,234
1327,145,0,3,255
1328,145,0,0,254
1329,145,0,0,254
1330,145,0,0,254
1331,145,0,0,254
1332,145,0,0,254
1333,145,0,0,254
1334,145,0,0,254
1335,145,0,0,254
1336,145,0,0,254
1337,145,0,0,254
1338,145,0,0,254
1339,145,0,0,254
1340,145,0,0,254
1341,145,0,0,254
1342,145,0,0,254
1343,145,0,0,254
1344,145,4,3,255
1345,145,3,2,253
1346,145,0,0,245
1347,145,0,0,251
1348,145,0,0,251
1349,145,2,1,255
1350,145,0,1,236
1351,145,7,6,255
1352,145,0,0,254
1353,145,0,0,254
1354,145,0,0,254
1355,145,0,0,254
1356,145,0,0,254
1357,145,0,0,254
1358,145,0,0,254
1359,145,0,0,254
1360,145,1,1,255
1361,145,0,1,241
1362,145,6,6,255
1363,145,7,4,255
1364,145,0,0,251
1365,145,9,6,245
1366,145,7,0,254
1367,145,4,0,253
1368,145,0,4,255
1369,145,0,1,251
1370,145,4,4,252
1371,145,6,0,248
1372,145,5,0,252
1373,145,1,0,251
1374,145,0,0,253
1375,145,0,0,246
1376,145,1,1,255
1377,145,1,1,255
1378,145,1,1,255
1379,145,1,1,255
1380,145,1,1,255
1381,145,1,1,255
1382,145,1,1,255
1383,145,1,1,255
1384,145,0,2,254
1385,145,3,3,255
1386,145,0,0,248
1387,145,5,6,246
1388,145,0,3,255
1389,145,0,0,251
1390,145,0,0,245
1391,145,2,1,255
1392,145,4,3,255
1393,145,0,0,248
1394,145,0,0,245
1395,145,6,6,255
1396,145,1,3,248
1397,145,0,0,253
1398,145,0,0,254
1399,145,0,0,254
1400,145,0,5,255
1401,145,0,0,252
1402,145,4,1,254
1403,145,3,0,255
1404,145,0,0,248
1405,145,0,0,251
1406,145,9,3,255
1407,145,7,0,255
1408,145,0,0,253
1409,145,5,1,248
1410,145,14,0,251
234,146,12,2,255
235,146,0,0,240
236,146,0,2,253
237,146,0,2,254
238,146,0,3,248
239,146,2,2,250
240,146,0,5,255
241,146,0,5,247
242,146,0,0,253
243,146,2,2,255
244,146,0,2,237
245,146,0,2,255
246,146,0,2,255
247,146,0,3,255
248,146,0,0,254
249,146,0,0,254
250,146,0,0,254
251,146,0,0,254
252,146,0,0,254
253,146,0,0,254
254,146,0,0,254
255,146,0,0,254
256,146,1,0,254
257,146,0,0,248
258,146,2,6,253
259,146,0,1,253
260,146,0,0,247
261,146,0,0,246
262,146,4,1,255
263,146,2,0,247
1318,146,1,0,251
1319,146,6,0,253
1320,146,10,8,255
1321,146,0,0,242
1322,146,4,1,255
1323,146,0,0,251
1324,146,2,0,254
1325,146,7,1,255
1326,146,1,0,242
1327,146,0,0,249
1328,146,0,0,254
1329,146,0,0,254
1330,146,0,0,254
1331,146,0,0,254
1332,146,0,0,254
1333,146,0,0,254
1334,146,0,0,254
1335,146,0,0,254
1336,146,0,0,254
1337,146,0,0,254
1338,146,0,0,254
1339,146,0,0,254
1340,146,0,0,254
1341,146,0,0,254
1342,146,0,0,254
1343,146,0,0,254
1344,146,0,0,253
1345,146,0,0,250
1346,146,4,5,243
1347,146,2,1,255
1348,146,3,2,255
1349,146,0,0,248
1350,146,0,0,251
1351,146,0,0,238
1352,146,0,0,254
1353,146,0,0,254
1354,146,0,0,254
1355,146,0,0,254
1356,146,0,0,254
1357,146,0,0,254
1358,146,0,0,254
1359,146,0,0,254
1360,146,1,4,243
1361,146,10,10,255
1362,146,0,0,246
1363,146,0,0,250
1364,146,0,0,237
1365,146,11,1,255
1366,146,7,0,254
1367,146,9,1,255
1368,146,6,0,246
1369,146,7,1,255
1370,146,0,0,251
1371,146,0,4,242
1372,146,0,0,250
1373,146,3,6,255
1374,146,1,0,253
1375,146,6,0,252
1376,146,4,0,252
1377,146,4,0,252
1378,146,4,0,252
1379,146,4,0,252
1380,146,4,0,252
1381,146,4,0,252
1382,146,4,0,252
1383,146,4,0,252
1384,146,0,0,252
1385,146,3,5,250
1386,146,4,3,255
1387,146,0,0,251
1388,146,0,2,251
1389,146,0,1,254
1390,146,1,1,247
1391,146,5,0,255
1392,146,0,0,238
1393,146,0,0,247
1394,146,4,4,255
1395,146,0,0,254
1396,146,0,0,252
1397,146,2,2,255
1398,146,0,0,251
1399,146,0,2,245
1400,146,0,7,248
1401,146,0,6,255
1402,146,3,0,253
1403,146,9,3,255
1404,146,0,4,243
1405,146,0,1,236
1406,146,0,1,243
1407,146,1,0,254
1408,146,15,0,246
235,147,6,0,247
236,147,3,2,255
237,147,0,0,253
238,147,2,1,255
239,147,0,0,250
240,147,0,1,252
241,147,0,0,246
242,147,1,1,245
243,147,8,2,255
244,147,5,0,255
245,147,2,2,255
246,147,0,0,250
247,147,0,1,242
248,147,0,0,254
249,147,0,0,254
250,147,0,0,254
251,147,0,0,254
252,147,0,0,254
253,147,0,0,254
254,147,0,0,254
255,147,0,0,254
256,147,0,3,255
257,147,1,5,254
258,147,0,0,250
259,147,9,9,255
260,147,1,3,246
261,147,1,4,255
262,147,0,2,251
263,147,0,2,254
264,147,12,1,255
265,147,11,0,251
1316,147,17,6,250
1317,147,1,0,250
1318,147,7,1,255
1319,147,0,4,251
1320,147,7,1,255
1321,147,2,0,254
1322,147,1,0,253
1323,147,2,0,254
1324,147,2,1,255
1325,147,5,4,255
1326,147,0,0,251
1327,147,7,6,255
1328,147,0,0,254
1329,147,0,0,254
1330,147,0,0,254
1331,147,0,0,254
1332,147,0,0,254
1333,147,0,0,254
1334,147,0,0,254
1335,147,0,0,254
1336,147,0,0,254
1337,147,0,0,254
1338,147,0,0,254
1339,147,0,0,254
1340,147,0,0,254
1341,147,0,0,254
1342,147,0,0,254
1343,147,0,0,254
1344,147,0,0,238
1345,147,0,0,246
1346,147,5,4,255
1347,147,2,1,255
1348,147,0,0,244
1349,147,0,0,245
1350,147,3,2,255
1351,147,5,4,255
1352,147,0,0,254
1353,147,0,0,254
1354,147,0,0,254
1355,147,0,0,254
1356,147,0,0,254
1357,147,0,0,254
1358,147,0,0,254
1359,147,0,0,254
1360,147,0,0,240
1361,147,2,1,255
1362,147,0,4,248
1363,147,0,3,255
1364,147,1,0,253
1365,147,0,0,248
1366,147,0,4,250
1367,147,0,1,253
1368,147,0,0,252
1369,147,0,0,251
1370,147,1,0,251
1371,147,4,3,244
1372,147,0,0,249
1373,147,8,8,255
1374,147,0,0,238
1375,147,0,0,251
1376,147,0,0,253
1377,147,0,0,253
1378,147,0,0,253
1379,147,0,0,253
1380,147,0,0,253
1381,147,0,0,253
1382,147,0,0,253
1383,147,0,0,253
1384,147,0,0,254
1385,147,3,3,255
1386,147,0,0,253
1387,147,0,1,240
1388,147,0,5,247
1389,147,2,2,255
1390,147,3,1,250
1391,147,7,1,255
1392,147,0,0,254
1393,147,4,4,255
1394,147,3,3,255
1395,147,4,3,255
1396,147,4,3,254
1397,147,2,4,239
1398,147,3,2,255
1399,147,6,5,255
1400,147,0,3,244
1401,147,14,0,255
238,148,7,0,245
239,148,1,0,251
240,148,6,0,255
241,148,7,0,255
242,148,0,0,249
243,148,4,2,249
244,148,3,2,255
245,148,0,0,251
246,148,0,1,250
247,148,0,4,255
248,148,0,0,254
249,148,0,0,254
250,148,0,0,254
251,148,0,0,254
252,148,0,0,254
253,148,0,0,254
254,148,0,0,254
255,148,0,0,254
256,148,0,0,249
257,148,5,8,255
258,148,0,0,253
259,148,3,0,250
260,148,8,2,255
261,148,0,0,238
262,148,1,0,253
263,148,0,0,253
264,148,0,6,248
265,148,0,0,253
266,148,11,0,255
1314,148,13,0,252
1315,148,3,2,246
1316,148,9,0,255
1317,148,0,0,240
1318,148,0,4,250
1319,148,1,4,255
1320,148,0,0,251
1321,148,2,2,246
1322,148,5,7,239
1323,148,2,2,250
1324,148,1,0,250
1325,148,2,0,254
1326,148,4,3,245
1327,148,4,1,255
1328,148,0,0,254
1329,148,0,0,254
1330,148,0,0,254
1331,148,0,0,254
1332,148,0,0,254
1333,148,0,0,254
1334,148,0,0,254
1335,148,0,0,254
1336,148,0,0,254
1337,148,0,0,254
1338,148,0,0,254
1339,148,0,0,254
1340,148,0,0,254
1341,148,0,0,254
1342,148,0,0,254
1343,148,0,0,254
1344,148,5,4,255
1345,148,6,7,248
1346,148,0,0,253
1347,148,2,1,255
1348,148,5,4,255
1349,148,7,6,255
1350,148,0,0,250
1351,148,3,2,255
1352,148,0,0,254
1353,148,0,0,254
1354,148,0,0,254
1355,148,0,0,254
1356,148,0,0,254
1357,148,0,0,254
1358,148,0,0,254
1359,148,0,0,254
1360,148,2,1,255
1361,148,4,1,255
1362,148,0,0,251
1363,148,0,4,242
1364,148,13,0,255
1366,148,5,2,255
1367,148,1,0,248
1368,148,6,6,255
1369,148,0,0,249
1370,148,2,1,255
1371,148,4,1,255
1372,148,8,6,255
1373,148,3,3,249
1374,148,1,4,255
1375,148,0,1,254
1376,148,0,2,255
1377,148,0,2,255
1378,148,0,2,255
1379,148,0,2,255
1380,148,0,2,255
1381,148,0,2,255
1382,148,0,2,255
1383,148,0,2,255
1384,148,5,0,255
1385,148,1,0,252
1386,148,2,6,253
1387,148,2,5,255
1388,148,0,0,248
1389,148,0,0,250
1390,148,0,0,243
1391,148,5,0,255
1392,148,2,3,254
1393,148,0,0,248
1394,148,0,0,253
1395,148,6,5,255
1396,148,0,0,239
1397,148,3,2,255
1398,148,5,2,255
1399,148,0,0,249
1400,148,10,0,255
242,149,11,0,242
243,149,0,0,253
244,149,0,2,246
245,149,2,5,255
246,149,7,4,255
247,149,1,0,239
248,149,0,0,254
249,149,0,0,254
250,149,0,0,254
251,149,0,0,254
252,149,0,0,254
253,149,0,0,254
254,149,0,0,254
255,149,0,0,254
256,149,0,0,250
257,149,0,2,247
258,149,1,0,252
259,149,3,0,253
260,149,5,0,247
261,149,0,0,237
262,149,9,1,255
263,149,8,0,255
264,149,0,0,250
265,149,0,7,255
266,149,0,0,254
267,149,9,0,254
1313,149,5,0,250
1314,149,9,0,255
1315,149,3,0,253
1316,149,0,7,255
1317,149,0,2,238
1318,149,3,1,248
1319,149,0,0,252
1320,149,0,0,248
1321,149,0,0,252
1322,149,3,3,255
1323,149,0,0,248
1324,149,0,5,251
1325,149,0,4,253
1326,149,0,0,247
1327,149,0,2,249
1328,149,0,0,254
1329,149,0,0,254
1330,149,0,0,254
1331,149,0,0,254
1332,149,0,0,254
1333,149,0,0,254
1334,149,0,0,254
1335,149,0,0,254
1336,149,0,0,254
1337,149,0,0,254
1338,149,0,0,254
1339,149,0,0,254
1340,149,0,0,254
1341,149,0,0,254
1342,149,0,0,254
1343,149,0,0,254
1344,149,1,1,255
1345,149,3,3,255
1346,149,0,0,245
1347,149,0,0,253
1348,149,0,2,228
1349,149,0,0,248
1350,149,3,3,255
1351,149,0,0,251
1352,149,0,0,254
1353,149,0,0,254
1354,149,0,0,254
1355,149,0,0,254
1356,149,0,0,254
1357,149,0,0,254
1358,149,0,0,254
1359,149,0,0,254
1360,149,0,0,251
1361,149,8,3,255
1362,149,0,0,252
1363,149,3,2,255
1370,149,11,0,233
1371,149,6,0,255
1372,149,0,0,248
1373,149,0,1,253
1374,149,0,0,249
1375,149,1,4,255
1376,149,0,1,254
1377,149,0,1,254
1378,149,0,1,254
1379,149,0,1,254
1380,149,0,1,254
1381,149,0,1,254
1382,149,0,1,254
1383,149,0,1,254
1384,149,15,0,255
1385,149,1,0,250
1386,149,0,3,235
1387,149,0,0,252
1388,149,0,0,247
1389,149,0,0,252
1390,149,5,2,255
1391,149,4,3,255
1392,149,0,0,250
1393,149,0,0,251
1394,149,1,1,255
1395,149,0,0,238
1396,149,0,0,253
1397,149,0,0,247
1398,149,3,3,241
1399,149,7,1,255
1400,149,13,0,255
243,150,11,0,253
244,150,7,0,252
245,150,0,0,250
246,150,1,0,241
247,150,4,1,255
248,150,0,0,254
249,150,0,0,254
250,150,0,0,254
251,150,0,0,254
252,150,0,0,254
253,150,0,0,254
254,150,0,0,254
255,150,0,0,254
256,150,3,4,242
257,150,2,1,255
258,150,5,5,255
259,150,0,0,250
260,150,0,0,251
261,150,4,4,248
262,150,6,5,255
263,150,0,0,250
264,150,4,3,255
265,150,0,0,250
266,150,0,0,251
267,150,7,5,255
1295,150,15,0,255
1296,150,0,0,251
1297,150,0,0,251
1298,150,0,0,251
1299,150,0,0,251
1300,150,0,0,251
1301,150,0,0,251
1302,150,0,0,251
1303,150,0,0,251
1304,150,0,0,252
1305,150,0,0,241
1306,150,4,4,255
1307,150,6,0,255
1308,150,6,0,250
1311,150,17,0,254
1312,150,1,0,240
1313,150,10,0,255
1314,150,4,4,255
1315,150,0,4,255
1316,150,2,3,253
1317,150,3,3,255
1318,150,4,9,249
1319,150,7,0,255
1320,150,0,4,253
1321,150,0,1,250
1322,150,1,4,255
1323,150,0,0,250
1324,150,0,3,248
1325,150,0,0,252
1326,150,0,2,251
1327,150,0,2,255
1328,150,0,0,254
1329,150,0,0,254
1330,150,0,0,254
1331,150,0,0,254
1332,150,0,0,254
1333,150,0,0,254
1334,150,0,0,254
1335,150,0,0,254
1336,150,0,0,254
1337,150,0,0,254
1338,150,0,0,254
1339,150,0,0,254
1340,150,0,0,254
1341,150,0,0,254
1342,150,0,0,254
1343,150,0,0,254
1344,150,2,3,254
1345,150,0,0,248
1346,150,0,0,251
1347,150,2,2,255
1348,150,2,2,255
1349,150,0,2,247
1350,150,0,0,248
1351,150,5,5,255
1352,150,0,0,254
1353,150,0,0,254
1354,150,0,0,254
1355,150,0,0,254
1356,150,0,0,254
1357,150,0,0,254
1358,150,0,0,254
1359,150,0,0,254
1360,150,0,4,249
1361,150,3,0,249
1362,150,0,0,250
1363,150,2,0,254
1373,150,16,0,255
1374,150,0,0,245
1375,150,0,0,249
1376,150,2,0,254
1377,150,2,0,254
1378,150,2,0,254
1379,150,2,0,254
1380,150,2,0,254
1381,150,2,0,254
1382,150,2,0,254
1383,150,2,0,254
1385,150,8,0,246
1386,150,3,2,255
1387,150,0,5,255
1388,150,0,0,242
1389,150,6,6,255
1390,150,0,0,250
1391,150,0,2,244
1392,150,0,0,252
1393,150,0,0,250
1394,150,0,1,251
1395,150,6,5,255
1396,150,6,3,255
1397,150,3,3,239
1398,150,5,0,252
1399,150,0,0,250
245,151,9,0,247
246,151,0,0,251
247,151,0,5,255
248,151,0,0,254
249,151,0,0,254
250,151,0,0,254
251,151,0,0,254
252,151,0,0,254
253,151,0,0,254
254,151,0,0,254
255,151,0,0,254
256,151,5,0,254
257,151,0,0,250
258,151,0,0,251
259,151,0,4,239
260,151,0,7,255
261,151,0,3,254
262,151,0,8,251
263,151,0,0,249
264,151,9,0,248
265,151,3,2,255
266,151,0,0,250
267,151,1,4,255
268,151,6,0,252
1293,151,13,0,253
1294,151,3,0,237
1295,151,0,2,253
1296,151,0,0,254
1297,151,0,0,254
1298,151,0,0,254
1299,151,0,0,254
1300,151,0,0,254
1301,151,0,0,254
1302,151,0,0,254
1303,151,0,0,254
1304,151,5,4,246
1305,151,2,1,255
1306,151,0,0,251
1307,151,0,0,249
1308,151,5,5,255
1309,151,1,4,241
1310,151,0,0,249
1311,151,0,0,254
1312,151,0,1,253
1313,151,0,2,251
1314,151,0,4,253
1315,151,0,0,248
1316,151,3,2,255
1317,151,0,0,252
1318,151,4,0,251
1319,151,1,0,251
1320,151,1,4,255
1321,151,0,0,251
1322,151,0,0,252
1323,151,4,3,255
1324,151,0,0,251
1325,151,4,0,247
1326,151,5,0,255
1327,151,9,2,255
1328,151,0,0,254
1329,151,0,0,254
1330,151,0,0,254
1331,151,0,0,254
1332,151,0,0,254
1333,151,0,0,254
1334,151,0,0,254
1335,151,0,0,254
1336,151,0,0,254
1337,151,0,0,254
1338,151,0,0,254
1339,151,0,0,254
1340,151,0,0,254
1341,151,0,0,254
1342,151,0,0,254
1343,151,0,0,254
1344,151,1,1,255
1345,151,0,0,249
1346,151,0,0,253
1347,151,4,5,255
1348,151,0,0,249
1349,151,7,7,255
1350,151,0,0,241
1351,151,1,2,252
1352,151,0,0,254
1353,151,0,0,254
1354,151,0,0,254
1355,151,0,0,254
1356,151,0,0,254
1357,151,0,0,254
1358,151,0,0,254
1359,151,0,0,254
1360,151,0,0,253
1361,151,6,0,255
1362,151,0,6,255
1363,151,0,3,240
1385,151,9,0,252
1386,151,4,3,255
1387,151,0,0,242
1388,151,0,1,254
1389,151,0,0,253
1390,151,0,3,255
1391,151,0,3,251
1392,151,0,0,252
1393,151,4,4,255
1394,151,0,0,240
1395,151,4,3,255
1396,151,0,0,251
1397,151,5,0,252
1398,151,3,0,253
245,152,12,0,252
246,152,3,0,237
247,152,0,3,254
248,152,8,0,255
249,152,0,0,251
250,152,0,3,255
251,152,0,4,255
252,152,0,1,251
253,152,5,0,255
254,152,1,0,251
255,152,0,1,242
256,152,0,0,248
257,152,2,6,251
258,152,2,1,253
259,152,7,1,255
260,152,8,0,255
261,152,5,0,255
262,152,0,0,252
263,152,1,3,246
264,152,0,0,254
265,152,0,0,254
266,152,0,0,254
267,152,0,0,254
268,152,0,0,254
269,152,0,0,254
270,152,0,0,254
271,152,0,0,254
1291,152,7,0,248
1292,152,0,0,253
1293,152,1,1,255
1294,152,0,0,249
1295,152,1,1,255
1296,152,0,0,254
1297,152,0,0,254
1298,152,0,0,254
1299,152,0,0,254
1300,152,0,0,254
1301,152,0,0,254
1302,152,0,0,254
1303,152,0,0,254
1304,152,0,0,254
1305,152,0,0,254
1306,152,0,0,254
1307,152,0,0,254
1308,152,0,0,254
1309,152,0,0,254
1310,152,0,0,254
1311,152,0,0,254
1312,152,0,0,254
1313,152,0,0,254
1314,152,0,0,254
1315,152,0,0,254
1316,152,0,0,254
1317,152,0,0,254
1318,152,0,0,254
1319,152,0,0,254
1320,152,0,0,254
1321,152,0,0,254
1322,152,0,0,254
1323,152,0,0,254
1324,152,0,0,254
1325,152,0,0,254
1326,152,0,0,254
1327,152,0,0,254
1328,152,0,5,255
1329,152,0,1,240
1330,152,0,6,252
1331,152,0,1,253
1332,152,0,2,255
1333,152,0,0,250
1334,152,6,0,255
1335,152,10,3,254
1336,152,0,0,251
1337,152,0,0,252
1338,152,0,2,255
1339,152,3,6,255
1340,152,0,0,249
1341,152,5,5,251
1342,152,3,0,255
1343,152,1,0,249
1344,152,1,0,254
1345,152,1,0,254
1346,152,1,0,254
1347,152,1,0,254
1348,152,1,0,254
1349,152,1,0,254
1350,152,1,0,254
1351,152,1,0,254
1352,152,0,4,250
1353,152,0,4,255
1354,152,2,1,242
1355,152,9,1,255
1356,152,6,0,255
1357,152,0,0,249
1358,152,0,2,255
1359,152,0,6,251
1360,152,0,3,255
1361,152,0,5,250
1362,152,0,1,241
1363,152,11,2,253
1385,152,11,0,240
1386,152,4,2,251
1387,152,0,2,255
1388,152,2,1,253
1389,152,5,0,253
1390,152,1,0,253
1391,152,0,1,254
1392,152,3,0,241
1393,152,4,3,254
1394,152,0,5,255
1395,152,0,4,255
1396,152,0,0,253
1397,152,13,0,254
247,153,14,0,255
248,153,0,1,250
249,153,0,3,255
250,153,5,2,243
251,153,6,0,243
252,153,5,4,255
253,153,0,4,251
254,153,0,3,255
255,153,4,0,253
256,153,4,7,255
257,153,0,0,246
258,153,2,0,254
259,153,0,0,235
260,153,1,0,251
261,153,4,3,255
262,153,0,2,249
263,153,0,1,253
264,153,0,0,254
265,153,0,0,254
266,153,0,0,254
267,153,0,0,254
268,153,0,0,254
269,153,0,0,254
270,153,0,0,254
271,153,0,0,254
272,153,5,0,251
273,153,4,0,253
1289,153,13,0,250
1290,153,10,0,255
1291,153,0,0,251
1292,153,0,3,248
1293,153,4,7,255
1294,153,0,0,240
1295,153,0,0,252
1296,153,0,0,254
1297,153,0,0,254
1298,153,0,0,254
1299,153,0,0,254
1300,153,0,0,254
1301,153,0,0,254
1302,153,0,0,254
1303,153,0,0,254
1304,153,0,0,254
1305,153,0,0,254
1306,153,0,0,254
1307,153,0,0,254
1308,153,0,0,254
1309,153,0,0,254
1310,153,0,0,254
1311,153,0,0,254
1312,153,0,0,254
1313,153,0,0,254
1314,153,0,0,254
1315,153,0,0,254
1316,153,0,0,254
1317,153,0,0,254
1318,153,0,0,254
1319,153,0,0,254
1320,153,0,0,254
1321,153,0,0,254
1322,153,0,0,254
1323,153,0,0,254
1324,153,0,0,254
1325,153,0,0,254
1326,153,0,0,254
1327,153,0,0,254
1328,153,0,3,254
1329,153,0,0,252
1330,153,0,0,244
1331,153,10,0,255
1332,153,12,0,255
1333,153,3,0,253
1334,153,0,4,255
1335,153,0,2,248
1336,153,0,2,252
1337,153,0,6,253
1338,153,0,0,239
1339,153,0,0,252
1340,153,0,0,251
1341,153,0,0,250
1342,153,0,2,244
1343,153,1,6,255
1344,153,0,1,252
1345,153,0,1,252
1346,153,0,1,252
1347,153,0,1,252
1348,153,0,1,252
1349,153,0,1,252
1350,153,0,1,252
1351,153,0,1,252
1352,153,0,0,249
1353,153,1,4,255
1354,153,0,0,250
1355,153,0,0,246
1356,153,2,3,244
1357,153,0,0,253
1358,153,0,0,252
1359,153,0,0,249
1360,153,0,0,252
1361,153,0,0,250
1362,153,6,0,254
1386,153,5,0,250
1387,153,2,0,249
1388,153,3,3,251
1389,153,5,4,255
1390,153,0,0,243
1391,153,3,4,255
1392,153,1,3,248
1393,153,0,3,255
1394,153,0,0,248
1395,153,0,0,240
1396,153,9,0,245
248,154,2,2,255
249,154,4,0,239
250,154,2,0,249
251,154,0,1,253
252,154,0,0,252
253,154,6,0,255
254,154,2,0,254
255,154,0,2,253
256,154,0,0,252
257,154,4,3,255
258,154,1,0,254
259,154,0,0,252
260,154,3,3,255
261,154,0,2,254
262,154,0,1,253
263,154,0,6,253
264,154,0,0,254
265,154,0,0,254
266,154,0,0,254
267,154,0,0,254
268,154,0,0,254
269,154,0,0,254
270,154,0,0,254
271,154,0,0,254
272,154,2,7,255
273,154,0,1,241
274,154,0,0,243
1288,154,9,6,255
1289,154,2,2,255
1290,154,0,2,241
1291,154,0,4,255
1292,154,0,2,254
1293,154,0,1,245
1294,154,0,0,250
1295,154,6,3,255
1296,154,0,0,254
1297,154,0,0,254
1298,154,0,0,254
1299,154,0,0,254
1300,154,0,0,254
1301,154,0,0,254
1302,154,0,0,254
1303,154,0,0,254
1304,154,0,0,254
1305,154,0,0,254
1306,154,0,0,254
1307,154,0,0,254
1308,154,0,0,254
1309,154,0,0,254
1310,154,0,0,254
1311,154,0,0,254
1312,154,0,0,254
1313,154,0,0,254
1314,154,0,0,254
1315,154,0,0,254
1316,154,0,0,254
1317,154,0,0,254
1318,154,0,0,254
1319,154,0,0,254
1320,154,0,0,254
1321,154,0,0,254
1322,154,0,0,254
1323,154,0,0,254
1324,154,0,0,254
1325,154,0,0,254
1326,154,0,0,254
1327,154,0,0,254
1328,154,5,1,248
1329,154,9,6,255
1330,154,0,0,253
1331,154,0,1,246
1332,154,0,1,254
1333,154,0,0,233
1334,154,0,0,252
1335,154,2,0,254
1336,154,12,0,254
1337,154,11,1,255
1338,154,6,3,255
1339,154,0,2,255
1340,154,0,1,253
1341,154,1,4,255
1342,154,2,0,249
1343,154,1,0,251
1344,154,0,0,254
1345,154,0,0,254
1346,154,0,0,254
1347,154,0,0,254
1348,154,0,0,254
1349,154,0,0,254
1350,154,0,0,254
1351,154,0,0,254
1352,154,5,4,255
1353,154,0,0,251
1354,154,0,0,251
1355,154,0,2,255
1356,154,3,6,255
1357,154,1,2,252
1358,154,5,2,255
1359,154,5,0,253
1360,154,0,0,250
1361,154,8,0,255
1362,154,22,0,255
1387,154,13,0,255
1388,154,0,0,236
1389,154,1,2,253
1390,154,0,0,251
1391,154,0,0,251
1392,154,0,0,250
1393,154,0,0,251
1394,154,1,1,245
1395,154,8,0,255
1396,154,9,0,252
249,155,8,0,244
250,155,0,1,244
251,155,0,3,250
252,155,0,0,254
253,155,3,10,255
254,155,0,1,244
255,155,4,2,251
256,155,0,2,255
257,155,0,0,245
258,155,0,3,255
259,155,0,0,250
260,155,0,4,244
261,155,0,0,244
262,155,1,6,255
263,155,0,0,250
264,155,0,0,254
265,155,0,0,254
266,155,0,0,254
267,155,0,0,254
268,155,0,0,254
269,155,0,0,254
270,155,0,0,254
271,155,0,0,254
272,155,5,0,253
273,155,0,0,252
274,155,5,4,255
1288,155,0,0,250
1289,155,0,3,255
1290,155,0,2,254
1291,155,0,1,246
1292,155,0,2,254
1293,155,5,9,254
1294,155,1,0,251
1295,155,1,0,253
1296,155,0,0,254
1297,155,0,0,254
1298,155,0,0,254
1299,155,0,0,254
1300,155,0,0,254
1301,155,0,0,254
1302,155,0,0,254
1303,155,0,0,254
1304,155,0,0,254
1305,155,0,0,254
1306,155,0,0,254
1307,155,0,0,254
1308,155,0,0,254
1309,155,0,0,254
1310,155,0,0,254
1311,155,0,0,254
1312,155,0,0,254
1313,155,0,0,254
1314,155,0,0,254
1315,155,0,0,254
1316,155,0,0,254
1317,155,0,0,254
1318,155,0,0,254
1319,155,0,0,254
1320,155,0,0,254
1321,155,0,0,254
1322,155,0,0,254
1323,155,0,0,254
1324,155,0,0,254
1325,155,0,0,254
1326,155,0,0,254
1327,155,0,0,254
1328,155,1,0,252
1329,155,2,1,255
1330,155,0,0,251
1331,155,1,0,254
1332,155,0,0,252
1333,155,0,3,255
1334,155,0,2,254
1335,155,0,5,244
1336,155,0,1,253
1337,155,0,2,241
1338,155,7,3,248
1339,155,0,0,245
1340,155,7,0,253
1341,155,3,2,253
1342,155,0,0,252
1343,155,0,8,255
1344,155,0,0,253
1345,155,0,0,253
1346,155,0,0,253
1347,155,0,0,253
1348,155,0,0,253
1349,155,0,0,253
1350,155,0,0,253
1351,155,0,0,253
1352,155,5,0,250
1353,155,1,0,251
1354,155,2,0,249
1355,155,3,4,255
1356,155,0,0,240
1357,155,0,0,250
1358,155,0,6,255
1359,155,0,5,255
1360,155,15,2,255
1388,155,0,0,253
1389,155,0,5,251
1390,155,0,4,254
1391,155,0,6,245
1392,155,0,0,253
1393,155,6,5,255
1394,155,10,0,255
251,156,6,2,247
252,156,0,0,250
253,156,0,0,247
254,156,1,0,253
255,156,0,0,250
256,156,0,3,241
257,156,0,3,253
258,156,0,1,253
259,156,0,1,254
260,156,0,5,245
261,156,0,0,253
262,156,4,3,247
263,156,3,0,255
264,156,0,0,254
265,156,0,0,254
266,156,0,0,254
267,156,0,0,254
268,156,0,0,254
269,156,0,0,254
270,156,0,0,254
271,156,0,0,254
272,156,6,0,253
273,156,1,0,253
274,156,5,6,255
1287,156,3,0,243
1288,156,3,0,253
1289,156,5,2,255
1290,156,3,2,255
1291,156,0,0,246
1292,156,3,5,250
1293,156,0,0,251
1294,156,0,0,253
1295,156,3,2,255
1296,156,0,0,254
1297,156,0,0,254
1298,156,0,0,254
1299,156,0,0,254
1300,156,0,0,254
1301,156,0,0,254
1302,156,0,0,254
1303,156,0,0,254
1304,156,0,0,254
1305,156,0,0,254
1306,156,0,0,254
1307,156,0,0,254
1308,156,0,0,254
1309,156,0,0,254
1310,156,0,0,254
1311,156,0,0,254
1312,156,0,0,254
1313,156,0,0,254
1314,156,0,0,254
1315,156,0,0,254
1316,156,0,0,254
1317,156,0,0,254
1318,156,0,0,254
1319,156,0,0,254
1320,156,0,0,254
1321,156,0,0,254
1322,156,0,0,254
1323,156,0,0,254
1324,156,0,0,254
1325,156,0,0,254
1326,156,0,0,254
1327,156,0,0,254
1328,156,3,0,250
1329,156,6,3,255
1330,156,0,1,235
1331,156,0,0,248
1332,156,0,4,250
1333,156,0,2,251
1334,156,4,3,255
1335,156,0,0,246
1339,156,14,1,254
1340,156,5,0,250
1341,156,2,1,255
1342,156,0,0,251
1343,156,1,0,253
1344,156,1,1,255
1345,156,1,1,255
1346,156,1,1,255
1347,156,1,1,255
1348,156,1,1,255
1349,156,1,1,255
1350,156,1,1,255
1351,156,1,1,255
1352,156,0,0,253
1353,156,6,1,241
1354,156,19,0,255
253,157,9,3,249
254,157,0,0,249
255,157,5,0,253
256,157,3,3,247
257,157,4,4,255
258,157,0,5,235
259,157,0,2,247
260,157,2,2,255
261,157,5,4,255
262,157,0,0,246
263,157,2,0,251
264,157,0,0,254
265,157,0,0,254
266,157,0,0,254
267,157,0,0,254
268,157,0,0,254
269,157,0,0,254
270,157,0,0,254
271,157,0,0,254
272,157,0,2,247
273,157,0,0,248
274,157,0,0,247
275,157,9,0,255
1285,157,14,0,240
1286,157,11,1,255
1287,157,5,4,255
1288,157,9,0,255
1289,157,1,0,250
1290,157,5,0,255
1291,157,3,1,250
1292,157,0,0,253
1293,157,2,1,255
1294,157,5,7,252
1295,157,0,0,254
1296,157,0,0,254
1297,157,0,0,254
1298,157,0,0,254
1299,157,0,0,254
1300,157,0,0,254
1301,157,0,0,254
1302,157,0,0,254
1303,157,0,0,254
1304,157,0,0,254
1305,157,0,0,254
1306,157,0,0,254
1307,157,0,0,254
1308,157,0,0,254
1309,157,0,0,254
1310,157,0,0,254
1311,157,0,0,254
1312,157,0,0,254
1313,157,0,0,254
1314,157,0,0,254
1315,157,0,0,254
1316,157,0,0,254
1317,157,0,0,254
1318,157,0,0,254
1319,157,0,0,254
1320,157,0,0,254
1321,157,0,0,254
1322,157,0,0,254
1323,157,0,0,254
1324,157,0,0,254
1325,157,0,0,254
1326,157,0,0,254
1327,157,0,0,254
1328,157,6,3,255
1329,157,0,1,235
1330,157,0,2,252
1331,157,0,13,255
1332,157,0,2,253
1333,157,15,1,255
1341,157,4,0,249
1342,157,0,1,254
1343,157,0,6,245
1344,157,0,0,253
1345,157,0,0,253
1346,157,0,0,253
1347,157,0,0,253
1348,157,0,0,253
1349,157,0,0,253
1350,157,0,0,253
1351,157,0,0,253
1352,157,10,0,255
255,158,2,0,234
256,158,6,0,249
257,158,10,0,248
258,158,1,0,250
259,158,3,2,255
260,158,1,1,255
261,158,0,3,240
262,158,3,3,255
263,158,3,5,240
264,158,0,0,254
265,158,0,0,254
266,158,0,0,254
267,158,0,0,254
268,158,0,0,254
269,158,0,0,254
270,158,0,0,254
271,158,0,0,254
272,158,0,0,254
273,158,0,3,245
274,158,0,0,251
275,158,0,7,255
1284,158,18,0,255
1285,158,5,2,255
1286,158,0,0,250
1287,158,0,0,248
1288,158,0,0,251
1289,158,3,2,254
1290,158,0,0,253
1291,158,7,6,255
1292,158,0,0,249
1293,158,0,0,249
1294,158,0,0,252
1295,158,2,2,255
1296,158,0,0,254
1297,158,0,0,254
1298,158,0,0,254
1299,158,0,0,254
1300,158,0,0,254
1301,158,0,0,254
1302,158,0,0,254
1303,158,0,0,254
1304,158,0,0,254
1305,158,0,0,254
1306,158,0,0,254
1307,158,0,0,254
1308,158,0,0,254
1309,158,0,0,254
1310,158,0,0,254
1311,158,0,0,254
1312,158,0,0,254
1313,158,0,0,254
1314,158,0,0,254
1315,158,0,0,254
1316,158,0,0,254
1317,158,0,0,254
1318,158,0,0,254
1319,158,0,0,254
1320,158,0,0,254
1321,158,0,0,254
1322,158,0,0,254
1323,158,0,0,254
1324,158,0,0,254
1325,158,0,0,254
1326,158,0,0,254
1327,158,0,0,254
1328,158,0,4,245
1329,158,3,6,255
1330,158,7,0,253
258,159,11,0,254
259,159,8,2,255
260,159,0,0,247
261,159,0,2,251
262,159,0,3,255
263,159,0,0,250
264,159,0,0,254
265,159,0,0,254
266,159,0,0,254
267,159,0,0,254
268,159,0,0,254
269,159,0,0,254
270,159,0,0,254
271,159,0,0,254
272,159,13,0,254
273,159,5,0,255
274,159,7,0,254
275,159,0,2,251
1284,159,0,0,252
1285,159,0,7,251
1286,159,0,3,255
1287,159,0,0,250
1288,159,0,5,255
1289,159,0,6,243
1290,159,0,0,249
1291,159,0,2,255
1292,159,1,1,255
1293,159,4,7,244
1294,159,0,0,252
1295,159,0,1,251
1296,159,0,0,254
1297,159,0,0,254
1298,159,0,0,254
1299,159,0,0,254
1300,159,0,0,254
1301,159,0,0,254
1302,159,0,0,254
1303,159,0,0,254
1304,159,0,0,254
1305,159,0,0,254
1306,159,0,0,254
1307,159,0,0,254
1308,159,0,0,254
1309,159,0,0,254
1310,159,0,0,254
1311,159,0,0,254
1312,159,0,0,254
1313,159,0,0,254
1314,159,0,0,254
1315,159,0,0,254
1316,159,0,0,254
1317,159,0,0,254
1318,159,0,0,254
1319,159,0,0,254
1320,159,0,0,254
1321,159,0,0,254
1322,159,0,0,254
1323,159,0,0,254
1324,159,0,0,254
1325,159,0,0,254
1326,159,0,0,254
1327,159,0,0,254
1328,159,15,0,253
259,160,0,3,255
260,160,0,5,255
261,160,0,5,255
262,160,0,1,253
263,160,2,0,247
264,160,0,0,254
265,160,0,0,254
266,160,0,0,254
267,160,0,0,254
268,160,0,0,254
269,160,0,0,254
270,160,0,0,254
271,160,0,0,254
272,160,0,0,250
273,160,0,3,255
274,160,0,2,251
275,160,0,0,247
276,160,8,2,255
277,160,11,0,254
1242,160,11,0,254
1243,160,8,2,255
1244,160,0,0,247
1245,160,0,2,251
1246,160,0,3,255
1247,160,0,0,250
1268,160,13,0,255
1269,160,5,0,255
1270,160,2,5,255
1271,160,0,2,254
1272,160,11,0,255
1273,160,12,0,254
1283,160,6,0,246
1284,160,0,0,247
1285,160,1,6,255
1286,160,1,0,254
1287,160,6,0,255
1288,160,0,0,254
1289,160,0,0,254
1290,160,0,0,254
1291,160,0,0,254
1292,160,0,0,254
1293,160,0,0,254
1294,160,0,0,254
1295,160,0,0,254
1296,160,10,0,254
1297,160,0,0,250
1298,160,0,7,255
1299,160,3,4,252
1300,160,0,3,254
1301,160,0,0,241
1302,160,3,0,255
1303,160,0,5,254
1304,160,1,0,254
1305,160,1,1,247
1306,160,0,2,237
1307,160,0,0,250
1308,160,0,0,254
1309,160,0,0,251
1310,160,0,2,247
1311,160,2,6,255
1312,160,0,0,250
1313,160,0,3,245
1314,160,0,4,255
1315,160,0,0,233
1316,160,9,2,255
1317,160,13,5,246
1318,160,3,2,254
1319,160,0,0,250
1320,160,2,0,252
1321,160,0,0,253
1322,160,0,2,242
1323,160,3,8,255
1324,160,0,1,250
1325,160,0,0,250
1326,160,6,3,255
1327,160,1,0,248
259,161,3,0,246
260,161,1,0,251
261,161,0,0,250
262,161,0,2,254
263,161,3,1,250
264,161,0,0,254
265,161,0,0,254
266,161,0,0,254
267,161,0,0,254
268,161,0,0,254
269,161,0,0,254
270,161,0,0,254
271,161,0,0,254
272,161,3,5,240
273,161,3,3,255
274,161,0,3,240
275,161,1,1,255
276,161,3,2,255
277,161,1,0,250
278,161,10,0,248
279,161,6,0,249
1240,161,6,0,249
1241,161,10,0,248
1242,161,1,0,250
1243,161,3,2,255
1244,161,1,1,255
1245,161,0,3,240
1246,161,3,3,255
1247,161,3,5,240
1248,161,13,5,255
1261,161,11,0,253
1262,161,0,0,248
1263,161,0,1,248
1264,161,0,0,251
1265,161,3,3,255
1266,161,0,0,253
1267,161,0,0,251
1268,161,0,2,245
1269,161,0,0,250
1270,161,0,0,247
1271,161,0,0,253
1272,161,0,8,255
1273,161,0,1,250
1274,161,4,1,242
1275,161,11,0,246
1282,161,8,0,254
1283,161,0,0,250
1284,161,0,1,245
1285,161,0,1,247
1286,161,1,1,255
1287,161,0,0,239
1288,161,0,0,254
1289,161,0,0,254
1290,161,0,0,254
1291,161,0,0,254
1292,161,0,0,254
1293,161,0,0,254
1294,161,0,0,254
1295,161,0,0,254
1296,161,1,1,255
1297,161,0,7,244
1298,161,0,0,247
1299,161,3,5,250
1300,161,0,3,245
1301,161,0,2,255
1302,161,6,5,255
1303,161,0,1,254
1304,161,9,8,255
1305,161,0,0,247
1306,161,2,2,255
1307,161,0,0,251
1308,161,1,4,255
1309,161,3,6,255
1310,161,0,0,246
1311,161,0,0,250
1312,161,2,0,254
1313,161,6,0,255
1314,161,1,0,253
1315,161,4,3,255
1316,161,0,0,252
1317,161,0,0,249
1318,161,0,0,250
1319,161,0,1,254
1320,161,0,2,254
1321,161,0,1,253
1322,161,0,5,255
1323,161,0,0,242
1324,161,5,0,251
1325,161,14,0,255
260,162,13,0,244
261,162,3,0,253
262,162,0,4,255
263,162,5,2,255
264,162,0,0,254
265,162,0,0,254
266,162,0,0,254
267,162,0,0,254
268,162,0,0,254
269,162,0,0,254
270,162,0,0,254
271,162,0,0,254
272,162,2,0,251
273,162,0,0,246
274,162,5,4,255
275,162,2,2,255
276,162,0,2,247
277,162,0,5,235
278,162,4,4,255
279,162,3,3,247
280,162,0,0,247
281,162,9,1,255
1238,162,13,3,255
1239,162,6,0,255
1240,162,3,3,247
1241,162,4,4,255
1242,162,0,5,235
1243,162,0,2,247
1244,162,2,2,255
1245,162,5,4,255
1246,162,0,0,246
1247,162,2,0,251
1248,162,0,2,255
1249,162,9,0,255
1259,162,1,0,248
1260,162,0,0,254
1261,162,0,0,251
1262,162,1,4,255
1263,162,0,0,252
1264,162,0,4,255
1265,162,0,2,251
1266,162,0,8,255
1267,162,0,5,255
1268,162,0,4,240
1269,162,0,0,252
1270,162,5,4,255
1271,162,3,2,254
1272,162,2,5,255
1273,162,0,0,254
1274,162,0,0,251
1275,162,4,0,252
1276,162,0,0,247
1277,162,3,0,253
1278,162,3,2,243
1279,162,0,0,250
1280,162,2,0,247
1281,162,4,1,255
1282,162,0,0,246
1283,162,0,0,247
1284,162,0,1,253
1285,162,2,6,253
1286,162,0,0,248
1287,162,1,0,254
1288,162,0,0,254
1289,162,0,0,254
1290,162,0,0,254
1291,162,0,0,254
1292,162,0,0,254
1293,162,0,0,254
1294,162,0,0,254
1295,162,0,0,254
1296,162,0,0,252
1297,162,0,0,251
1298,162,5,4,255
1299,162,0,0,253
1300,162,0,0,251
1301,162,0,0,254
1302,162,0,4,254
1303,162,3,4,245
1304,162,0,0,244
1305,162,2,1,253
1306,162,5,4,255
1307,162,0,0,250
1308,162,3,3,249
1309,162,0,0,246
1310,162,5,4,255
1311,162,1,0,254
1312,162,0,8,254
1313,162,0,0,252
1314,162,0,1,249
1315,162,0,3,255
1316,162,0,5,255
1317,162,0,2,254
1318,162,8,0,252
261,163,18,2,255
262,163,0,1,241
263,163,3,0,255
264,163,0,0,254
265,163,0,0,254
266,163,0,0,254
267,163,0,0,254
268,163,0,0,254
269,163,0,0,254
270,163,0,0,254
271,163,0,0,254
272,163,3,0,255
273,163,4,3,247
274,163,0,0,253
275,163,0,5,245
276,163,0,1,254
277,163,0,1,253
278,163,0,3,253
279,163,0,3,241
280,163,0,1,250
281,163,0,0,245
1237,163,0,7,250
1238,163,2,0,254
1239,163,0,0,250
1240,163,0,3,241
1241,163,0,3,253
1242,163,0,1,253
1243,163,0,1,254
1244,163,0,5,245
1245,163,0,0,253
1246,163,4,3,247
1247,163,3,0,255
1248,163,0,1,235
1249,163,0,6,249
1250,163,0,0,251
1251,163,0,0,251
1252,163,0,0,251
1253,163,0,0,250
1254,163,2,1,255
1255,163,0,0,252
1256,163,0,2,247
1257,163,3,3,255
1258,163,0,0,246
1259,163,6,3,255
1260,163,2,0,254
1261,163,0,0,244
1262,163,5,6,255
1263,163,1,6,246
1264,163,7,0,254
1265,163,7,0,254
1266,163,0,0,248
1267,163,3,0,244
1268,163,0,0,252
1269,163,4,4,252
1270,163,0,0,248
1271,163,0,0,251
1272,163,0,2,254
1273,163,0,0,252
1274,163,1,6,255
1275,163,0,0,246
1276,163,3,6,255
1277,163,0,1,245
1278,163,0,1,253
1279,163,0,3,249
1280,163,0,2,254
1281,163,0,2,251
1282,163,1,4,255
1283,163,1,3,246
1284,163,9,9,255
1285,163,0,0,250
1286,163,1,5,254
1287,163,0,3,255
1288,163,0,0,254
1289,163,0,0,254
1290,163,0,0,254
1291,163,0,0,254
1292,163,0,0,254
1293,163,0,0,254
1294,163,0,0,254
1295,163,0,0,254
1296,163,5,0,253
1297,163,5,0,246
1298,163,1,4,255
1299,163,0,0,247
1300,163,10,0,252
1301,163,9,0,243
1302,163,0,2,246
1303,163,0,0,252
1304,163,0,3,255
1305,163,0,0,247
1306,163,0,0,251
1307,163,0,0,247
1308,163,2,2,255
1309,163,0,0,252
1310,163,5,4,255
1311,163,4,4,252
1312,163,3,0,255
1313,163,1,0,242
1314,163,5,0,255
1315,163,0,0,249
1316,163,1,0,251
1317,163,8,0,242
262,164,0,5,255
263,164,5,4,255
264,164,0,0,254
265,164,0,0,254
266,164,0,0,254
267,164,0,0,254
268,164,0,0,254
269,164,0,0,254
270,164,0,0,254
271,164,0,0,254
272,164,0,0,250
273,164,1,6,255
274,164,0,0,244
275,164,0,4,244
276,164,0,0,250
277,164,0,3,255
278,164,0,0,245
279,164,0,2,255
280,164,0,5,255
281,164,4,4,255
282,164,11,0,248
1235,164,5,0,250
1236,164,0,2,254
1237,164,1,0,249
1238,164,0,1,235
1239,164,0,0,252
1240,164,0,2,255
1241,164,0,0,245
1242,164,0,3,255
1243,164,0,0,250
1244,164,0,4,244
1245,164,0,0,244
1246,164,1,6,255
1247,164,0,0,250
1248,164,10,1,248
1249,164,4,0,254
1250,164,0,0,252
1251,164,0,0,251
1252,164,0,7,255
1253,164,0,1,253
1254,164,0,5,254
1255,164,4,5,253
1256,164,3,7,254
1257,164,0,0,250
1258,164,3,2,254
1259,164,0,0,249
1260,164,1,0,251
1261,164,4,3,255
1262,164,0,0,253
1263,164,0,0,250
1264,164,0,0,252
1265,164,0,0,253
1266,164,0,0,251
1267,164,2,1,255
1268,164,0,0,248
1269,164,3,3,249
1270,164,2,1,252
1271,164,3,2,255
1272,164,0,0,247
1273,164,0,2,253
1274,164,0,1,250
1275,164,0,0,249
1276,164,2,5,255
1277,164,0,0,253
1278,164,2,0,247
1279,164,3,0,255
1280,164,0,0,253
1281,164,1,0,253
1282,164,0,0,238
1283,164,8,2,255
1284,164,3,0,250
1285,164,0,0,253
1286,164,5,8,255
1287,164,0,0,249
1288,164,0,0,254
1289,164,0,0,254
1290,164,0,0,254
1291,164,0,0,254
1292,164,0,0,254
1293,164,0,0,254
1294,164,0,0,254
1295,164,0,0,254
1296,164,5,0,255
1297,164,0,0,243
1298,164,0,4,253
1299,164,0,3,249
1302,164,6,0,247
1303,164,4,0,253
1304,164,2,7,255
1305,164,0,2,254
1306,164,0,0,248
1307,164,5,7,252
1308,164,0,0,251
1309,164,0,0,233
1310,164,5,0,255
1311,164,7,0,253
1312,164,3,0,255
1313,164,0,4,244
1314,164,0,4,255
1315,164,4,9,249
1316,164,13,0,255
262,165,0,2,254
263,165,0,0,241
264,165,0,0,254
265,165,0,0,254
266,165,0,0,254
267,165,0,0,254
268,165,0,0,254
269,165,0,0,254
270,165,0,0,254
271,165,0,0,254
272,165,0,6,253
273,165,0,1,253
274,165,0,2,254
275,165,3,3,255
276,165,0,0,252
277,165,1,0,254
278,165,4,3,255
279,165,0,0,252
280,165,0,0,244
281,165,2,0,252
282,165,10,0,250
1234,165,0,0,236
1235,165,9,8,255
1236,165,0,0,252
1237,165,0,1,253
1238,165,9,3,255
1239,165,0,4,248
1240,165,0,0,252
1241,165,4,3,255
1242,165,1,0,254
1243,165,0,0,252
1244,165,3,3,255
1245,165,0,2,254
1246,165,0,1,253
1247,165,0,6,253
1248,165,5,2,255
1249,165,0,0,252
1250,165,7,6,255
1251,165,1,5,237
1252,165,6,6,255
1253,165,1,0,252
1254,165,0,0,247
1255,165,1,0,254
1256,165,6,0,251
1257,165,8,4,251
1258,165,0,0,253
1259,165,0,8,255
1260,165,0,4,243
1261,165,0,0,252
1262,165,0,0,248
1263,165,9,2,255
1264,165,0,2,251
1265,165,1,5,252
1266,165,0,1,246
1267,165,1,4,255
1268,165,0,0,248
1269,165,1,1,255
1270,165,0,0,252
1271,165,1,0,254
1272,165,12,2,255
1273,165,7,0,255
1274,165,1,0,253
1275,165,3,4,254
1276,165,0,0,253
1277,165,2,6,255
1278,165,0,0,253
1279,165,0,0,252
1280,165,8,0,255
1281,165,9,1,255
1282,165,0,0,237
1283,165,5,0,247
1284,165,3,0,253
1285,165,1,0,252
1286,165,0,2,247
1287,165,0,0,250
1288,165,0,0,254
1289,165,0,0,254
1290,165,0,0,254
1291,165,0,0,254
1292,165,0,0,254
1293,165,0,0,254
1294,165,0,0,254
1295,165,0,0,254
1296,165,0,1,253
1297,165,0,1,252
1298,165,0,10,245
1299,165,2,0,247
1309,165,5,0,252
1310,165,0,2,221
1311,165,3,3,255
1312,165,3,0,249
1313,165,0,0,252
1314,165,0,5,247
1315,165,0,0,242
262,166,5,5,249
263,166,0,0,252
264,166,0,0,254
265,166,0,0,254
266,166,0,0,254
267,166,0,0,254
268,166,0,0,254
269,166,0,0,254
270,166,0,0,254
271,166,0,0,254
272,166,0,1,253
273,166,0,2,249
274,166,4,3,255
275,166,1,0,251
276,166,0,0,235
277,166,2,0,254
278,166,0,0,246
279,166,4,7,255
280,166,0,3,255
281,166,0,3,255
282,166,0,0,238
283,166,4,3,255
284,166,0,0,244
285,166,0,0,253
286,166,0,4,255
287,166,0,0,247
288,166,4,0,251
289,166,12,0,252
1233,166,0,0,250
1234,166,0,2,255
1235,166,0,0,250
1236,166,4,0,254
1237,166,0,0,241
1238,166,0,6,255
1239,166,0,0,253
1240,166,4,7,255
1241,166,0,0,246
1242,166,2,0,254
1243,166,0,0,235
1244,166,1,0,251
1245,166,4,3,255
1246,166,0,2,249
1247,166,0,1,253
1248,166,0,2,254
1249,166,0,0,242
1250,166,4,4,255
1251,166,0,0,246
1252,166,5,0,255
1253,166,0,0,252
1254,166,4,2,251
1255,166,2,1,255
1256,166,0,5,255
1257,166,0,3,244
1258,166,5,4,255
1259,166,4,0,253
1260,166,2,0,251
1261,166,6,5,249
1262,166,0,0,254
1263,166,2,7,255
1264,166,4,3,255
1265,166,0,0,250
1266,166,2,1,255
1267,166,2,2,250
1268,166,0,0,254
1269,166,0,1,249
1270,166,4,4,255
1271,166,0,0,251
1272,166,1,0,231
1273,166,4,1,255
1274,166,0,0,246
1275,166,0,2,255
1276,166,1,4,255
1277,166,0,0,249
1278,166,2,0,251
1279,166,0,0,249
1280,166,0,0,250
1281,166,6,5,255
1282,166,4,4,248
1283,166,0,0,251
1284,166,0,0,250
1285,166,5,5,255
1286,166,2,1,255
1287,166,3,4,242
1288,166,0,0,254
1289,166,0,0,254
1290,166,0,0,254
1291,166,0,0,254
1292,166,0,0,254
1293,166,0,0,254
1294,166,0,0,254
1295,166,0,0,254
1296,166,0,5,255
1297,166,0,1,245
1298,166,7,0,254
262,167,5,2,255
263,167,0,0,252
264,167,0,0,254
265,167,0,0,254
266,167,0,0,254
267,167,0,0,254
268,167,0,0,254
269,167,0,0,254
270,167,0,0,254
271,167,0,0,254
272,167,1,3,246
273,167,0,0,252
274,167,5,0,255
275,167,8,0,255
276,167,7,1,255
277,167,2,1,253
278,167,2,6,251
279,167,0,0,248
280,167,0,0,252
281,167,3,2,254
282,167,3,2,255
283,167,2,0,254
284,167,3,2,255
285,167,2,2,248
286,167,3,2,255
287,167,0,1,239
288,167,0,9,255
289,167,0,0,243
290,167,6,1,253
291,167,9,0,248
996,167,9,0,254
997,167,2,0,249
998,167,0,4,255
999,167,0,1,252
1000,167,0,3,255
1001,167,0,0,229
1002,167,7,0,255
1232,167,0,5,252
1233,167,1,0,250
1234,167,8,0,253
1235,167,6,4,253
1236,167,0,5,255
1237,167,0,1,253
1238,167,1,1,247
1239,167,0,0,252
1240,167,0,0,248
1241,167,2,6,251
1242,167,2,1,253
1243,167,7,1,255
1244,167,8,0,255
1245,167,5,0,255
1246,167,0,0,252
1247,167,1,3,246
1248,167,0,0,236
1249,167,3,6,255
1250,167,0,3,254
1251,167,0,0,250
1252,167,0,3,243
1253,167,1,4,255
1254,167,0,0,247
1255,167,1,1,255
1256,167,3,0,255
1257,167,0,0,249
1258,167,0,0,253
1259,167,0,2,244
1260,167,0,4,255
1261,167,0,2,254
1262,167,0,3,245
1263,167,0,0,246
1264,167,0,2,254
1265,167,0,4,253
1266,167,0,2,252
1267,167,2,7,255
1268,167,0,0,250
1269,167,1,1,255
1270,167,1,0,254
1271,167,2,1,253
1272,167,2,0,254
1273,167,4,3,255
1274,167,0,1,241
1275,167,0,1,253
1276,167,0,2,238
1277,167,4,4,255
1278,167,0,0,252
1279,167,11,4,255
1280,167,0,0,249
1281,167,0,8,251
1282,167,0,3,254
1283,167,0,7,255
1284,167,0,4,239
1285,167,0,0,251
1286,167,0,0,250
1287,167,5,0,254
1288,167,0,0,254
1289,167,0,0,254
1290,167,0,0,254
1291,167,0,0,254
1292,167,0,0,254
1293,167,0,0,254
1294,167,0,0,254
1295,167,0,0,254
1296,167,7,1,255
1297,167,5,0,252
263,168,9,0,244
264,168,0,2,248
265,168,0,0,250
266,168,0,1,254
267,168,0,0,253
268,168,2,3,243
269,168,4,3,255
270,168,3,2,246
271,168,2,0,254
272,168,0,0,246
273,168,1,1,255
274,168,0,0,251
275,168,3,4,255
276,168,0,0,253
277,168,0,0,236
278,168,5,4,255
279,168,3,2,255
280,168,0,0,254
281,168,0,0,254
282,168,0,0,254
283,168,0,0,254
284,168,0,0,254
285,168,0,0,254
286,168,0,0,254
287,168,0,0,254
288,168,7,2,254
289,168,0,0,247
290,168,2,2,255
291,168,3,4,242
292,168,9,0,255
994,168,11,0,254
995,168,8,2,255
996,168,0,0,247
997,168,0,2,251
998,168,0,3,255
999,168,0,0,250
1000,168,0,0,250
1001,168,0,0,251
1002,168,0,0,252
1003,168,6,4,255
1004,168,0,0,243
1231,168,10,0,253
1232,168,0,0,254
1233,168,0,0,254
1234,168,0,0,254
1235,168,0,0,254
1236,168,0,0,254
1237,168,0,0,254
1238,168,0,0,254
1239,168,0,0,254
1240,168,0,0,254
1241,168,0,0,254
1242,168,0,0,254
1243,168,0,0,254
1244,168,0,0,254
1245,168,0,0,254
1246,168,0,0,254
1247,168,0,0,254
1248,168,0,0,254
1249,168,0,0,254
1250,168,0,0,254
1251,168,0,0,254
1252,168,0,0,254
1253,168,0,0,254
1254,168,0,0,254
1255,168,0,0,254
1256,168,0,0,254
1257,168,0,0,254
1258,168,0,0,254
1259,168,0,0,254
1260,168,0,0,254
1261,168,0,0,254
1262,168,0,0,254
1263,168,0,0,254
1264,168,0,0,254
1265,168,0,0,254
1266,168,0,0,254
1267,168,0,0,254
1268,168,0,0,254
1269,168,0,0,254
1270,168,0,0,254
1271,168,0,0,254
1272,168,1,6,255
1273,168,1,6,255
1274,168,0,3,239
1275,168,0,0,250
1276,168,2,5,255
1277,168,0,0,250
1278,168,6,6,255
1279,168,0,0,250
1280,168,10,0,255
1281,168,4,6,251
1282,168,0,0,247
1283,168,0,3,249
1284,168,2,2,255
1285,168,4,0,247
1286,168,3,0,253
1287,168,5,5,253
1288,168,5,3,237
1289,168,0,0,253
1290,168,2,5,255
1291,168,0,0,250
1292,168,0,1,253
1293,168,0,4,255
1294,168,1,5,252
1295,168,8,2,255
1296,168,24,0,253
263,169,14,0,255
264,169,3,0,255
265,169,5,4,255
266,169,5,4,255
267,169,0,0,247
268,169,2,2,255
269,169,0,1,252
270,169,0,0,245
271,169,0,3,253
272,169,2,2,255
273,169,0,0,253
274,169,0,0,250
275,169,0,2,247
276,169,7,7,255
277,169,0,0,248
278,169,0,0,249
279,169,2,1,255
280,169,0,0,254
281,169,0,0,254
282,169,0,0,254
283,169,0,0,254
284,169,0,0,254
285,169,0,0,254
286,169,0,0,254
287,169,0,0,254
288,169,0,0,252
289,169,4,3,254
290,169,0,0,253
291,169,0,0,243
292,169,4,0,254
293,169,15,0,255
992,169,6,0,249
993,169,10,0,248
994,169,1,0,250
995,169,3,2,255
996,169,1,1,255
997,169,0,3,240
998,169,3,3,255
999,169,3,5,240
1000,169,0,0,251
1001,169,6,6,255
1002,169,0,1,254
1003,169,7,6,255
1004,169,6,0,241
1227,169,10,0,253
1228,169,1,0,249
1229,169,1,1,255
1230,169,0,1,241
1231,169,0,2,254
1232,169,0,0,254
1233,169,0,0,254
1234,169,0,0,254
1235,169,0,0,254
1236,169,0,0,254
1237,169,0,0,254
1238,169,0,0,254
1239,169,0,0,254
1240,169,0,0,254
1241,169,0,0,254
1242,169,0,0,254
1243,169,0,0,254
1244,169,0,0,254
1245,169,0,0,254
1246,169,0,0,254
1247,169,0,0,254
1248,169,0,0,254
1249,169,0,0,254
1250,169,0,0,254
1251,169,0,0,254
1252,169,0,0,254
1253,169,0,0,254
1254,169,0,0,254
1255,169,0,0,254
1256,169,0,0,254
1257,169,0,0,254
1258,169,0,0,254
1259,169,0,0,254
1260,169,0,0,254
1261,169,0,0,254
1262,169,0,0,254
1263,169,0,0,254
1264,169,0,0,254
1265,169,0,0,254
1266,169,0,0,254
1267,169,0,0,254
1268,169,0,0,254
1269,169,0,0,254
1270,169,0,0,254
1271,169,0,0,254
1272,169,0,0,246
1273,169,6,3,255
1274,169,0,0,250
1275,169,0,0,239
1276,169,0,0,253
1277,169,5,5,255
1278,169,4,5,253
1279,169,0,0,251
1280,169,9,3,255
1281,169,0,0,253
1282,169,0,5,255
1283,169,0,0,247
1284,169,4,4,255
1285,169,4,2,251
1286,169,0,0,253
1287,169,0,0,249
1288,169,1,0,248
1289,169,5,4,255
1290,169,0,4,255
1291,169,0,0,246
1292,169,9,0,255
264,170,4,0,253
265,170,4,0,245
266,170,0,0,248
267,170,0,0,243
268,170,0,0,253
269,170,0,5,248
270,170,0,6,255
271,170,0,5,255
272,170,0,0,243
273,170,0,0,252
274,170,4,4,255
275,170,0,0,253
276,170,0,0,252
277,170,1,1,255
278,170,0,0,246
279,170,0,2,241
280,170,0,0,254
281,170,0,0,254
282,170,0,0,254
283,170,0,0,254
284,170,0,0,254
285,170,0,0,254
286,170,0,0,254
287,170,0,0,254
288,170,0,3,240
289,170,1,0,254
290,170,2,1,255
291,170,0,0,242
292,170,6,9,255
293,170,6,0,250
991,170,7,0,255
992,170,3,3,247
993,170,4,4,255
994,170,0,5,235
995,170,0,2,247
996,170,2,2,255
997,170,5,4,255
998,170,0,0,246
999,170,2,0,251
1000,170,1,0,254
1001,170,0,1,249
1002,170,1,4,255
1003,170,0,1,238
1004,170,0,0,248
1005,170,9,0,255
1006,170,12,0,245
1225,170,10,0,253
1226,170,5,2,255
1227,170,0,3,244
1228,170,0,13,246
1229,170,0,5,247
1230,170,0,5,251
1231,170,0,0,248
1232,170,0,0,254
1233,170,0,0,254
1234,170,0,0,254
1235,170,0,0,254
1236,170,0,0,254
1237,170,0,0,254
1238,170,0,0,254
1239,170,0,0,254
1240,170,0,0,254
1241,170,0,0,254
1242,170,0,0,254
1243,170,0,0,254
1244,170,0,0,254
1245,170,0,0,254
1246,170,0,0,254
1247,170,0,0,254
1248,170,0,0,254
1249,170,0,0,254
1250,170,0,0,254
1251,170,0,0,254
1252,170,0,0,254
1253,170,0,0,254
1254,170,0,0,254
1255,170,0,0,254
1256,170,0,0,254
1257,170,0,0,254
1258,170,0,0,254
1259,170,0,0,254
1260,170,0,0,254
1261,170,0,0,254
1262,170,0,0,254
1263,170,0,0,254
1264,170,0,0,254
1265,170,0,0,254
1266,170,0,0,254
1267,170,0,0,254
1268,170,0,0,254
1269,170,0,0,254
1270,170,0,0,254
1271,170,0,0,254
1272,170,0,0,249
1273,170,0,0,249
1274,170,6,9,255
1275,170,0,0,253
1276,170,0,0,254
1277,170,0,0,246
1278,170,0,0,235
1279,170,1,3,248
1280,170,0,0,247
1281,170,0,1,254
1282,170,0,3,242
1283,170,1,6,248
1284,170,1,1,245
1285,170,0,0,251
1286,170,0,5,255
1287,170,0,0,251
1288,170,14,0,255
1289,170,0,5,255
1290,170,0,2,237
1291,170,9,0,255
264,171,0,0,253
265,171,0,0,253
266,171,2,3,254
267,171,5,5,255
268,171,3,2,255
269,171,5,2,255
270,171,2,0,254
271,171,0,0,246
272,171,7,6,255
273,171,3,2,255
274,171,1,3,238
275,171,4,3,254
276,171,5,4,255
277,171,4,4,255
278,171,4,4,255
279,171,0,0,253
280,171,0,0,254
281,171,0,0,254
282,171,0,0,254
283,171,0,0,254
284,171,0,0,254
285,171,0,0,254
286,171,0,0,254
287,171,0,0,254
288,171,0,4,255
289,171,0,0,253
290,171,9,7,255
291,171,0,0,252
292,171,0,3,253
293,171,1,0,254
990,171,3,0,253
991,171,0,2,245
992,171,0,3,241
993,171,0,3,253
994,171,0,1,253
995,171,0,1,254
996,171,0,5,245
997,171,0,0,253
998,171,4,3,247
999,171,3,0,255
1000,171,4,3,255
1001,171,0,0,247
1002,171,2,5,255
1003,171,0,0,247
1004,171,6,6,255
1005,171,5,2,255
1006,171,6,0,251
1007,171,4,0,250
1008,171,0,5,247
1009,171,0,0,240
1010,171,18,0,255
1216,171,0,0,252
1217,171,0,0,245
1218,171,1,8,246
1219,171,0,0,252
1220,171,6,0,234
1224,171,0,3,255
1225,171,0,0,248
1226,171,0,0,253
1227,171,0,0,244
1228,171,2,0,254
1229,171,3,0,253
1230,171,8,3,255
1231,171,6,2,245
1232,171,0,0,254
1233,171,0,0,254
1234,171,0,0,254
1235,171,0,0,254
1236,171,0,0,254
1237,171,0,0,254
1238,171,0,0,254
1239,171,0,0,254
1240,171,0,0,254
1241,171,0,0,254
1242,171,0,0,254
1243,171,0,0,254
1244,171,0,0,254
1245,171,0,0,254
1246,171,0,0,254
1247,171,0,0,254
1248,171,0,0,254
1249,171,0,0,254
1250,171,0,0,254
1251,171,0,0,254
1252,171,0,0,254
1253,171,0,0,254
1254,171,0,0,254
1255,171,0,0,254
1256,171,0,0,254
1257,171,0,0,254
1258,171,0,0,254
1259,171,0,0,254
1260,171,0,0,254
1261,171,0,0,254
1262,171,0,0,254
1263,171,0,0,254
1264,171,0,0,254
1265,171,0,0,254
1266,171,0,0,254
1267,171,0,0,254
1268,171,0,0,254
1269,171,0,0,254
1270,171,0,0,254
1271,171,0,0,254
1272,171,3,2,253
1273,171,2,1,255
1274,171,2,2,248
1275,171,0,0,253
1276,171,4,5,246
1277,171,1,2,252
1278,171,2,2,255
1279,171,0,0,253
1280,171,0,1,250
1281,171,0,0,253
1282,171,0,1,244
1283,171,0,0,242
1284,171,5,4,255
1285,171,1,1,255
1286,171,0,4,246
1287,171,0,1,252
1288,171,0,0,248
1289,171,0,0,238
1290,171,8,2,255
1291,171,4,0,253
266,172,14,0,254
267,172,10,0,249
268,172,4,0,247
269,172,0,0,245
270,172,0,2,254
271,172,0,6,246
272,172,0,0,250
273,172,4,1,255
274,172,2,1,255
275,172,0,0,239
276,172,7,6,255
277,172,0,0,254
278,172,0,0,248
279,172,1,2,253
280,172,0,0,254
281,172,0,0,254
282,172,0,0,254
283,172,0,0,254
284,172,0,0,254
285,172,0,0,254
286,172,0,0,254
287,172,0,0,254
288,172,0,1,253
289,172,0,0,246
290,172,0,0,244
291,172,0,3,242
292,172,0,3,252
293,172,0,0,252
974,172,9,0,249
975,172,2,0,250
976,172,1,0,254
977,172,1,0,254
978,172,1,0,254
979,172,1,0,254
980,172,1,0,254
981,172,1,0,254
982,172,1,0,254
983,172,1,0,254
989,172,10,1,248
990,172,3,8,255
991,172,0,1,253
992,172,0,2,255
993,172,0,0,245
994,172,0,3,255
995,172,0,0,250
996,172,0,4,244
997,172,0,0,244
998,172,1,6,255
999,172,0,0,250
1000,172,0,0,250
1001,172,1,1,249
1002,172,0,0,253
1003,172,0,0,249
1004,172,0,5,245
1005,172,0,0,253
1006,172,0,0,253
1007,172,4,3,255
1008,172,3,0,255
1009,172,0,1,251
1010,172,1,10,253
1011,172,0,0,252
1012,172,2,3,244
1013,172,7,0,249
1209,172,2,0,249
1210,172,2,0,254
1211,172,2,0,252
1212,172,5,4,255
1213,172,0,0,225
1214,172,6,5,255
1215,172,0,0,250
1216,172,0,0,253
1217,172,0,0,245
1218,172,0,2,254
1219,172,0,4,246
1220,172,4,3,255
1221,172,8,0,254
1222,172,12,0,250
1224,172,0,2,253
1225,172,3,6,255
1226,172,0,0,251
1227,172,12,2,255
1228,172,11,1,255
1229,172,0,0,250
1230,172,2,2,255
1231,172,0,3,240
1232,172,0,0,254
1233,172,0,0,254
1234,172,0,0,254
1235,172,0,0,254
1236,172,0,0,254
1237,172,0,0,254
1238,172,0,0,254
1239,172,0,0,254
1240,172,0,0,254
1241,172,0,0,254
1242,172,0,0,254
1243,172,0,0,254
1244,172,0,0,254
1245,172,0,0,254
1246,172,0,0,254
1247,172,0,0,254
1248,172,0,0,254
1249,172,0,0,254
1250,172,0,0,254
1251,172,0,0,254
1252,172,0,0,254
1253,172,0,0,254
1254,172,0,0,254
1255,172,0,0,254
1256,172,0,0,254
1257,172,0,0,254
1258,172,0,0,254
1259,172,0,0,254
1260,172,0,0,254
1261,172,0,0,254
1262,172,0,0,254
1263,172,0,0,254
1264,172,0,0,254
1265,172,0,0,254
1266,172,0,0,254
1267,172,0,0,254
1268,172,0,0,254
1269,172,0,0,254
1270,172,0,0,254
1271,172,0,0,254
1272,172,7,0,254
1273,172,5,0,249
1274,172,6,0,253
1275,172,1,0,251
1276,172,7,4,255
1277,172,0,0,250
1278,172,0,0,253
1279,172,3,3,255
1280,172,0,4,255
1281,172,4,7,255
1282,172,1,2,243
1283,172,2,1,255
1284,172,8,7,255
1285,172,0,0,247
1286,172,4,4,255
1287,172,5,5,255
1288,172,0,6,246
1289,172,0,2,252
1290,172,12,2,249
272,173,5,0,255
273,173,4,4,242
274,173,0,0,250
275,173,1,0,254
276,173,0,0,237
277,173,0,0,252
278,173,0,0,250
279,173,1,2,252
280,173,0,0,254
281,173,0,0,254
282,173,0,0,254
283,173,0,0,254
284,173,0,0,254
285,173,0,0,254
286,173,0,0,254
287,173,0,0,254
288,173,0,4,255
289,173,3,2,255
290,173,0,0,245
291,173,0,5,244
292,173,0,1,252
293,173,0,0,247
294,173,10,0,244
973,173,10,0,253
974,173,0,0,246
975,173,0,8,255
976,173,0,2,255
977,173,0,2,255
978,173,0,2,255
979,173,0,2,255
980,173,0,2,255
981,173,0,2,255
982,173,0,2,255
983,173,0,2,255
984,173,0,0,252
985,173,5,0,252
988,173,14,6,255
989,173,0,0,247
990,173,3,0,250
991,173,2,0,249
992,173,0,0,252
993,173,4,3,255
994,173,1,0,254
995,173,0,0,252
996,173,3,3,255
997,173,0,2,254
998,173,0,1,253
999,173,0,6,253
1000,173,3,2,254
1001,173,3,2,255
1002,173,0,0,253
1003,173,5,5,255
1004,173,0,0,241
1005,173,0,0,250
1006,173,0,3,255
1007,173,0,0,250
1008,173,0,3,255
1009,173,0,0,240
1010,173,1,0,248
1011,173,2,0,252
1012,173,6,0,255
1013,173,7,6,255
1014,173,0,0,248
1015,173,0,5,255
1207,173,9,0,249
1208,173,0,0,251
1209,173,0,1,251
1210,173,0,0,248
1211,173,0,0,253
1212,173,5,8,255
1213,173,0,0,246
1214,173,0,1,250
1215,173,2,6,253
1216,173,3,2,255
1217,173,3,9,241
1218,173,0,6,255
1219,173,0,1,252
1220,173,0,2,250
1221,173,0,0,253
1222,173,0,0,252
1223,173,6,2,249
1224,173,0,2,239
1225,173,0,0,253
1226,173,0,0,231
1227,173,1,1,255
1228,173,0,0,253
1229,173,0,3,249
1230,173,1,8,255
1231,173,0,0,249
1232,173,0,0,254
1233,173,0,0,254
1234,173,0,0,254
1235,173,0,0,254
1236,173,0,0,254
1237,173,0,0,254
1238,173,0,0,254
1239,173,0,0,254
1240,173,0,0,254
1241,173,0,0,254
1242,173,0,0,254
1243,173,0,0,254
1244,173,0,0,254
1245,173,0,0,254
1246,173,0,0,254
1247,173,0,0,254
1248,173,0,0,254
1249,173,0,0,254
1250,173,0,0,254
1251,173,0,0,254
1252,173,0,0,254
1253,173,0,0,254
1254,173,0,0,254
1255,173,0,0,254
1256,173,0,0,254
1257,173,0,0,254
1258,173,0,0,254
1259,173,0,0,254
1260,173,0,0,254
1261,173,0,0,254
1262,173,0,0,254
1263,173,0,0,254
1264,173,0,0,254
1265,173,0,0,254
1266,173,0,0,254
1267,173,0,0,254
1268,173,0,0,254
1269,173,0,0,254
1270,173,0,0,254
1271,173,0,0,254
1272,173,0,6,255
1273,173,0,6,237
1274,173,0,1,252
1275,173,0,6,247
1276,173,0,0,248
1277,173,0,0,254
1278,173,5,5,255
1279,173,1,1,249
1280,173,0,1,243
1281,173,0,2,247
1282,173,0,0,252
1283,173,5,5,255
1284,173,0,0,249
1285,173,0,0,237
1286,173,7,0,247
1287,173,7,0,250
1288,173,1,4,255
272,174,3,0,253
273,174,4,0,251
274,174,0,0,236
275,174,5,2,255
276,174,8,7,255
277,174,2,3,253
278,174,0,0,251
279,174,0,0,250
280,174,0,0,254
281,174,0,0,254
282,174,0,0,254
283,174,0,0,254
284,174,0,0,254
285,174,0,0,254
286,174,0,0,254
287,174,0,0,254
288,174,5,6,255
289,174,0,0,231
290,174,0,0,253
291,174,2,2,255
292,174,3,6,255
293,174,2,2,255
294,174,4,0,251
295,174,8,0,245
972,174,8,0,242
973,174,5,0,250
974,174,0,0,254
975,174,0,1,254
976,174,0,0,253
977,174,0,0,253
978,174,0,0,253
979,174,0,0,253
980,174,0,0,253
981,174,0,0,253
982,174,0,0,253
983,174,0,0,253
984,174,0,10,253
985,174,5,0,252
986,174,10,2,246
987,174,0,0,244
988,174,6,0,253
989,174,4,3,255
990,174,0,6,254
991,174,8,0,249
992,174,4,7,255
993,174,0,0,246
994,174,2,0,254
995,174,0,0,235
996,174,1,0,251
997,174,4,3,255
998,174,0,2,249
999,174,0,1,253
1000,174,2,1,253
1001,174,7,6,255
1002,174,0,0,249
1003,174,0,0,250
1004,174,5,4,255
1005,174,1,2,253
1006,174,1,1,255
1007,174,0,0,248
1008,174,0,3,254
1009,174,0,4,253
1010,174,4,7,255
1011,174,4,4,255
1012,174,5,6,247
1013,174,0,0,251
1014,174,0,0,253
1015,174,0,3,255
1016,174,17,0,249
1024,174,0,0,251
1025,174,0,0,251
1026,174,0,0,251
1027,174,0,0,251
1028,174,0,0,251
1029,174,0,0,251
1030,174,0,0,251
1031,174,0,0,251
1032,174,0,2,254
1033,174,0,1,253
1034,174,0,5,255
1035,174,0,0,242
1036,174,5,0,251
1037,174,14,0,255
1206,174,9,0,255
1207,174,3,1,250
1208,174,3,4,254
1209,174,0,1,236
1210,174,0,0,253
1211,174,1,1,255
1212,174,0,0,250
1213,174,4,7,255
1214,174,0,0,250
1215,174,0,0,243
1216,174,3,0,245
1217,174,1,0,251
1218,174,0,0,249
1219,174,2,0,254
1220,174,1,1,245
1221,174,1,0,254
1222,174,6,5,255
1223,174,0,0,253
1224,174,3,4,255
1225,174,1,4,255
1226,174,1,6,255
1227,174,0,0,245
1228,174,1,6,255
1229,174,0,1,254
1230,174,0,0,252
1231,174,0,0,247
1232,174,0,0,254
1233,174,0,0,254
1234,174,0,0,254
1235,174,0,0,254
1236,174,0,0,254
1237,174,0,0,254
1238,174,0,0,254
1239,174,0,0,254
1240,174,0,0,254
1241,174,0,0,254
1242,174,0,0,254
1243,174,0,0,254
1244,174,0,0,254
1245,174,0,0,254
1246,174,0,0,254
1247,174,0,0,254
1248,174,0,0,254
1249,174,0,0,254
1250,174,0,0,254
1251,174,0,0,254
1252,174,0,0,254
1253,174,0,0,254
1254,174,0,0,254
1255,174,0,0,254
1256,174,0,0,254
1257,174,0,0,254
1258,174,0,0,254
1259,174,0,0,254
1260,174,0,0,254
1261,174,0,0,254
1262,174,0,0,254
1263,174,0,0,254
1264,174,0,0,254
1265,174,0,0,254
1266,174,0,0,254
1267,174,0,0,254
1268,174,0,0,254
1269,174,0,0,254
1270,174,0,0,254
1271,174,0,0,254
1272,174,0,0,248
1273,174,0,2,254
1274,174,0,6,242
1275,174,2,6,255
1276,174,2,6,253
1277,174,1,1,255
1278,174,2,2,255
1279,174,0,0,232
1280,174,1,1,255
1281,174,4,3,255
1282,174,0,0,253
1283,174,0,0,246
1284,174,2,5,255
1285,174,3,0,244
1286,174,14,0,240
273,175,3,0,253
274,175,6,1,253
275,175,0,0,252
276,175,3,2,255
277,175,0,0,239
278,175,3,3,255
279,175,0,0,253
280,175,0,0,254
281,175,0,0,254
282,175,0,0,254
283,175,0,0,254
284,175,0,0,254
285,175,0,0,254
286,175,0,0,254
287,175,0,0,254
288,175,0,0,253
289,175,2,2,255
290,175,0,0,248
291,175,0,0,251
292,175,0,0,251
293,175,6,3,255
294,175,2,1,255
295,175,0,4,253
296,175,25,0,254
971,175,8,0,255
972,175,0,0,249
973,175,1,1,247
974,175,8,2,255
975,175,3,0,252
976,175,2,1,255
977,175,2,1,255
978,175,2,1,255
979,175,2,1,255
980,175,2,1,255
981,175,2,1,255
982,175,2,1,255
983,175,2,1,255
984,175,0,0,246
985,175,0,1,250
986,175,0,1,248
987,175,5,4,255
988,175,0,2,255
989,175,0,4,251
990,175,2,2,255
991,175,0,0,250
992,175,0,0,248
993,175,2,6,251
994,175,2,1,253
995,175,7,1,255
996,175,8,0,255
997,175,5,0,255
998,175,0,0,252
999,175,1,3,246
1000,175,0,0,241
1001,175,0,0,251
1002,175,1,0,254
1003,175,4,3,255
1004,175,2,1,255
1005,175,0,0,247
1006,175,2,4,247
1007,175,1,1,255
1008,175,1,0,253
1009,175,2,1,255
1010,175,0,0,253
1011,175,0,0,242
1012,175,0,0,250
1013,175,0,0,238
1014,175,2,2,255
1015,175,0,0,247
1016,175,0,0,252
1017,175,2,7,255
1018,175,0,3,249
1019,175,0,0,251
1020,175,0,0,253
1021,175,0,0,253
1022,175,5,4,255
1023,175,0,0,252
1024,175,0,0,254
1025,175,0,0,254
1026,175,0,0,254
1027,175,0,0,254
1028,175,0,0,254
1029,175,0,0,254
1030,175,0,0,254
1031,175,0,0,254
1032,175,2,0,252
1033,175,0,0,253
1034,175,0,2,242
1035,175,3,8,255
1036,175,0,1,250
1037,175,0,0,250
1038,175,6,3,255
1039,175,1,0,248
1205,175,10,0,245
1206,175,1,0,246
1207,175,2,7,255
1208,175,1,0,253
1209,175,5,2,255
1210,175,2,3,235
1211,175,3,3,247
1212,175,3,2,255
1213,175,0,0,251
1214,175,2,1,255
1215,175,2,1,255
1216,175,1,6,255
1217,175,0,1,253
1218,175,2,6,255
1219,175,5,8,243
1220,175,0,0,252
1221,175,0,0,253
1222,175,0,2,251
1223,175,0,4,250
1224,175,0,0,252
1225,175,2,0,247
1226,175,2,0,252
1227,175,6,3,255
1228,175,3,1,250
1229,175,3,0,255
1230,175,5,0,253
1231,175,8,2,255
1232,175,0,0,254
1233,175,0,0,254
1234,175,0,0,254
1235,175,0,0,254
1236,175,0,0,254
1237,175,0,0,254
1238,175,0,0,254
1239,175,0,0,254
1240,175,0,0,254
1241,175,0,0,254
1242,175,0,0,254
1243,175,0,0,254
1244,175,0,0,254
1245,175,0,0,254
1246,175,0,0,254
1247,175,0,0,254
1248,175,0,0,254
1249,175,0,0,254
1250,175,0,0,254
1251,175,0,0,254
1252,175,0,0,254
1253,175,0,0,254
1254,175,0,0,254
1255,175,0,0,254
1256,175,0,0,254
1257,175,0,0,254
1258,175,0,0,254
1259,175,0,0,254
1260,175,0,0,254
1261,175,0,0,254
1262,175,0,0,254
1263,175,0,0,254
1264,175,0,0,254
1265,175,0,0,254
1266,175,0,0,254
1267,175,0,0,254
1268,175,0,0,254
1269,175,0,0,254
1270,175,0,0,254
1271,175,0,0,254
1275,175,17,0,251
1276,175,12,0,255
1277,175,0,0,247
1278,175,0,1,252
1279,175,0,2,251
1280,175,5,5,253
1281,175,0,0,245
1282,175,1,1,255
1283,175,0,2,254
1284,175,0,5,255
1285,175,5,0,254
273,176,11,0,251
274,176,0,0,253
275,176,0,4,250
276,176,0,4,233
277,176,0,0,252
278,176,0,0,254
279,176,0,1,246
280,176,5,5,253
281,176,4,0,254
282,176,3,0,246
283,176,3,3,255
284,176,0,2,248
285,176,0,0,248
286,176,3,5,250
287,176,10,0,255
288,176,0,0,254
289,176,0,0,254
290,176,0,0,254
291,176,0,0,254
292,176,0,0,254
293,176,0,0,254
294,176,0,0,254
295,176,0,0,254
296,176,0,0,254
297,176,0,0,251
970,176,4,0,253
971,176,1,6,255
972,176,0,1,253
973,176,2,2,255
974,176,0,0,245
975,176,6,6,254
976,176,0,0,254
977,176,0,0,254
978,176,0,0,254
979,176,0,0,254
980,176,0,0,254
981,176,0,0,254
982,176,0,0,254
983,176,0,0,254
984,176,0,0,254
985,176,0,0,254
986,176,0,0,254
987,176,0,0,254
988,176,0,0,254
989,176,0,0,254
990,176,0,0,254
991,176,0,0,254
992,176,2,1,255
993,176,6,5,255
994,176,0,0,237
995,176,0,0,254
996,176,2,3,254
997,176,0,0,250
998,176,1,1,255
999,176,0,0,247
1000,176,0,0,246
1001,176,1,1,255
1002,176,0,0,251
1003,176,3,4,255
1004,176,0,0,253
1005,176,0,0,236
1006,176,5,4,255
1007,176,3,2,255
1008,176,0,0,254
1009,176,0,0,254
1010,176,0,0,254
1011,176,0,0,254
1012,176,0,0,254
1013,176,0,0,254
1014,176,0,0,254
1015,176,0,0,254
1016,176,0,0,254
1017,176,0,0,254
1018,176,0,0,254
1019,176,0,0,254
1020,176,0,0,254
1021,176,0,0,254
1022,176,0,0,254
1023,176,0,0,254
1024,176,0,0,254
1025,176,0,0,254
1026,176,0,0,254
1027,176,0,0,254
1028,176,0,0,254
1029,176,0,0,254
1030,176,0,0,254
1031,176,0,0,254
1032,176,0,0,254
1033,176,0,0,254
1034,176,0,0,254
1035,176,0,0,254
1036,176,0,0,254
1037,176,0,0,254
1038,176,0,0,254
1039,176,0,0,254
1040,176,1,0,254
1041,176,16,0,255
1205,176,8,0,253
1206,176,4,0,234
1207,176,2,0,254
1208,176,0,0,254
1209,176,0,0,254
1210,176,0,0,254
1211,176,0,0,254
1212,176,0,0,254
1213,176,0,0,254
1214,176,0,0,254
1215,176,0,0,254
1216,176,0,0,254
1217,176,0,0,254
1218,176,0,0,254
1219,176,0,0,254
1220,176,0,0,254
1221,176,0,0,254
1222,176,0,0,254
1223,176,0,0,254
1224,176,0,0,254
1225,176,0,0,254
1226,176,0,0,254
1227,176,0,0,254
1228,176,0,0,254
1229,176,0,0,254
1230,176,0,0,254
1231,176,0,0,254
1232,176,0,4,255
1233,176,0,0,252
1234,176,0,5,255
1235,176,0,5,255
1236,176,0,2,254
1237,176,0,2,254
1238,176,0,6,241
1239,176,0,3,251
1240,176,0,1,244
1241,176,0,0,252
1242,176,0,8,255
1243,176,2,7,249
1244,176,5,2,255
1245,176,2,0,250
1246,176,2,1,253
1247,176,0,0,251
1248,176,0,0,249
1249,176,0,2,255
1250,176,3,3,255
1251,176,2,4,245
1252,176,0,0,251
1253,176,8,5,255
1254,176,1,0,246
1255,176,2,0,252
1256,176,0,0,252
1257,176,2,7,255
1258,176,0,3,249
1259,176,0,0,251
1260,176,0,0,253
1261,176,0,0,253
1262,176,5,4,255
1263,176,0,0,252
1264,176,0,0,246
1265,176,2,3,254
1266,176,1,4,243
1267,176,1,1,239
1268,176,13,2,255
1269,176,16,0,255
274,177,10,0,253
275,177,0,0,253
276,177,2,7,255
277,177,3,3,255
278,177,3,0,251
279,177,12,2,255
280,177,0,1,250
281,177,0,0,251
282,177,6,4,253
283,177,1,1,255
284,177,0,0,250
285,177,0,2,254
286,177,0,0,254
287,177,8,2,255
288,177,0,0,254
289,177,0,0,254
290,177,0,0,254
291,177,0,0,254
292,177,0,0,254
293,177,0,0,254
294,177,0,0,254
295,177,0,0,254
296,177,0,0,254
297,177,0,0,251
969,177,12,0,238
970,177,6,2,247
971,177,0,2,255
972,177,0,2,249
973,177,0,0,251
974,177,6,5,255
975,177,0,0,254
976,177,0,0,254
977,177,0,0,254
978,177,0,0,254
979,177,0,0,254
980,177,0,0,254
981,177,0,0,254
982,177,0,0,254
983,177,0,0,254
984,177,0,0,254
985,177,0,0,254
986,177,0,0,254
987,177,0,0,254
988,177,0,0,254
989,177,0,0,254
990,177,0,0,254
991,177,0,0,254
992,177,4,3,255
993,177,0,0,248
994,177,0,0,245
995,177,6,6,255
996,177,1,3,248
997,177,0,0,253
998,177,0,0,254
999,177,0,0,254
1000,177,2,2,255
1001,177,0,0,253
1002,177,0,0,250
1003,177,0,2,247
1004,177,7,7,255
1005,177,0,0,248
1006,177,0,0,249
1007,177,2,1,255
1008,177,0,0,254
1009,177,0,0,254
1010,177,0,0,254
1011,177,0,0,254
1012,177,0,0,254
1013,177,0,0,254
1014,177,0,0,254
1015,177,0,0,254
1016,177,0,0,254
1017,177,0,0,254
1018,177,0,0,254
1019,177,0,0,254
1020,177,0,0,254
1021,177,0,0,254
1022,177,0,0,254
1023,177,0,0,254
1024,177,0,0,254
1025,177,0,0,254
1026,177,0,0,254
1027,177,0,0,254
1028,177,0,0,254
1029,177,0,0,254
1030,177,0,0,254
1031,177,0,0,254
1032,177,0,0,254
1033,177,0,0,254
1034,177,0,0,254
1035,177,0,0,254
1036,177,0,0,254
1037,177,0,0,254
1038,177,0,0,254
1039,177,0,0,254
1040,177,2,0,247
1041,177,0,0,253
1042,177,12,1,255
1183,177,2,0,234
1184,177,0,0,253
1185,177,0,0,253
1186,177,3,4,252
1187,177,0,0,238
1188,177,8,0,247
1189,177,16,0,255
1200,177,2,7,255
1201,177,0,5,230
1202,177,0,4,240
1203,177,0,0,250
1204,177,0,0,251
1205,177,0,0,253
1206,177,3,2,255
1207,177,5,4,255
1208,177,0,0,254
1209,177,0,0,254
1210,177,0,0,254
1211,177,0,0,254
1212,177,0,0,254
1213,177,0,0,254
1214,177,0,0,254
1215,177,0,0,254
1216,177,0,0,254
1217,177,0,0,254
1218,177,0,0,254
1219,177,0,0,254
1220,177,0,0,254
1221,177,0,0,254
1222,177,0,0,254
1223,177,0,0,254
1224,177,0,0,254
1225,177,0,0,254
1226,177,0,0,254
1227,177,0,0,254
1228,177,0,0,254
1229,177,0,0,254
1230,177,0,0,254
1231,177,0,0,254
1232,177,4,3,255
1233,177,0,0,247
1234,177,0,0,248
1235,177,6,3,255
1236,177,0,0,252
1237,177,5,0,252
1238,177,0,0,247
1239,177,7,1,255
1240,177,2,1,255
1241,177,5,4,255
1242,177,0,0,246
1243,177,7,0,250
1247,177,12,0,251
1248,177,2,5,255
1249,177,0,0,247
1250,177,1,2,252
1251,177,0,0,239
1252,177,0,0,253
1253,177,6,3,255
1255,177,7,3,250
1256,177,17,0,249
275,178,11,0,255
276,178,0,0,244
277,178,1,4,255
278,178,3,0,255
279,178,4,0,250
280,178,0,0,251
281,178,1,6,255
282,178,0,0,248
283,178,3,3,247
284,178,0,3,245
285,178,0,5,244
286,178,0,0,253
287,178,0,0,247
288,178,0,0,254
289,178,0,0,254
290,178,0,0,254
291,178,0,0,254
292,178,0,0,254
293,178,0,0,254
294,178,0,0,254
295,178,0,0,254
296,178,0,0,254
297,178,0,0,251
968,178,7,0,250
969,178,9,0,249
970,178,0,0,235
971,178,0,1,251
972,178,2,2,255
973,178,1,0,254
974,178,0,1,246
975,178,0,2,244
976,178,0,0,254
977,178,0,0,254
978,178,0,0,254
979,178,0,0,254
980,178,0,0,254
981,178,0,0,254
982,178,0,0,254
983,178,0,0,254
984,178,0,0,254
985,178,0,0,254
986,178,0,0,254
987,178,0,0,254
988,178,0,0,254
989,178,0,0,254
990,178,0,0,254
991,178,0,0,254
992,178,0,0,238
993,178,0,0,247
994,178,4,4,255
995,178,0,0,254
996,178,0,0,252
997,178,2,2,255
998,178,0,0,251
999,178,0,2,245
1000,178,0,0,243
1001,178,0,0,252
1002,178,4,4,255
1003,178,0,0,253
1004,178,0,0,252
1005,178,1,1,255
1006,178,0,0,246
1007,178,0,2,241
1008,178,0,0,254
1009,178,0,0,254
1010,178,0,0,254
1011,178,0,0,254
1012,178,0,0,254
1013,178,0,0,254
1014,178,0,0,254
1015,178,0,0,254
1016,178,0,0,254
1017,178,0,0,254
1018,178,0,0,254
1019,178,0,0,254
1020,178,0,0,254
1021,178,0,0,254
1022,178,0,0,254
1023,178,0,0,254
1024,178,0,0,254
1025,178,0,0,254
1026,178,0,0,254
1027,178,0,0,254
1028,178,0,0,254
1029,178,0,0,254
1030,178,0,0,254
1031,178,0,0,254
1032,178,0,0,254
1033,178,0,0,254
1034,178,0,0,254
1035,178,0,0,254
1036,178,0,0,254
1037,178,0,0,254
1038,178,0,0,254
1039,178,0,0,254
1040,178,0,0,254
1041,178,0,3,250
1042,178,1,4,255
1181,178,9,3,249
1182,178,0,0,249
1183,178,5,0,253
1184,178,0,1,242
1185,178,1,4,255
1186,178,0,0,250
1187,178,2,9,255
1188,178,0,1,253
1189,178,0,9,250
1190,178,0,0,241
1191,178,0,0,243
1199,178,9,0,251
1200,178,0,0,252
1201,178,0,0,246
1202,178,0,2,244
1203,178,5,7,250
1204,178,0,0,251
1205,178,3,3,241
1206,178,3,0,253
1207,178,3,0,236
1208,178,0,0,254
1209,178,0,0,254
1210,178,0,0,254
1211,178,0,0,254
1212,178,0,0,254
1213,178,0,0,254
1214,178,0,0,254
1215,178,0,0,254
1216,178,0,0,254
1217,178,0,0,254
1218,178,0,0,254
1219,178,0,0,254
1220,178,0,0,254
1221,178,0,0,254
1222,178,0,0,254
1223,178,0,0,254
1224,178,0,0,254
1225,178,0,0,254
1226,178,0,0,254
1227,178,0,0,254
1228,178,0,0,254
1229,178,0,0,254
1230,178,0,0,254
1231,178,0,0,254
1232,178,0,0,254
1233,178,4,4,255
1234,178,0,0,252
1235,178,0,0,245
1236,178,0,6,240
1237,178,0,2,249
1238,178,0,0,253
1239,178,0,3,255
1240,178,0,0,251
1241,178,3,0,255
1242,178,5,0,250
275,179,20,0,255
276,179,2,0,252
277,179,0,1,253
278,179,1,6,255
279,179,1,1,249
280,179,0,2,253
281,179,0,4,246
282,179,2,2,255
283,179,4,3,255
284,179,0,0,243
285,179,0,0,243
286,179,0,1,254
287,179,0,1,250
288,179,0,0,254
289,179,0,0,254
290,179,0,0,254
291,179,0,0,254
292,179,0,0,254
293,179,0,0,254
294,179,0,0,254
295,179,0,0,254
296,179,0,0,254
297,179,0,0,251
967,179,10,0,252
968,179,6,6,255
969,179,3,3,255
970,179,0,0,248
971,179,7,6,255
972,179,3,2,255
973,179,0,1,242
974,179,4,7,255
975,179,0,4,255
976,179,0,0,254
977,179,0,0,254
978,179,0,0,254
979,179,0,0,254
980,179,0,0,254
981,179,0,0,254
982,179,0,0,254
983,179,0,0,254
984,179,0,0,254
985,179,0,0,254
986,179,0,0,254
987,179,0,0,254
988,179,0,0,254
989,179,0,0,254
990,179,0,0,254
991,179,0,0,254
992,179,0,0,254
993,179,4,4,255
994,179,3,3,255
995,179,4,3,255
996,179,4,3,254
997,179,2,4,239
998,179,3,2,255
999,179,6,5,255
1000,179,7,6,255
1001,179,3,2,255
1002,179,1,3,238
1003,179,4,3,254
1004,179,5,4,255
1005,179,4,4,255
1006,179,4,4,255
1007,179,0,0,253
1008,179,0,0,254
1009,179,0,0,254
1010,179,0,0,254
1011,179,0,0,254
1012,179,0,0,254
1013,179,0,0,254
1014,179,0,0,254
1015,179,0,0,254
1016,179,0,0,254
1017,179,0,0,254
1018,179,0,0,254
1019,179,0,0,254
1020,179,0,0,254
1021,179,0,0,254
1022,179,0,0,254
1023,179,0,0,254
1024,179,0,0,254
1025,179,0,0,254
1026,179,0,0,254
1027,179,0,0,254
1028,179,0,0,254
1029,179,0,0,254
1030,179,0,0,254
1031,179,0,0,254
1032,179,0,0,254
1033,179,0,0,254
1034,179,0,0,254
1035,179,0,0,254
1036,179,0,0,254
1037,179,0,0,254
1038,179,0,0,254
1039,179,0,0,254
1040,179,0,2,251
1041,179,0,0,247
1042,179,0,0,242
1043,179,7,1,255
1053,179,9,0,255
1054,179,0,0,225
1055,179,1,0,254
1056,179,0,3,253
1057,179,0,4,255
1058,179,0,3,252
1059,179,9,0,255
1103,179,1,0,250
1104,179,0,0,249
1105,179,0,0,252
1106,179,8,2,248
1107,179,9,0,250
1154,179,5,0,251
1155,179,3,6,255
1156,179,0,3,249
1157,179,0,3,245
1158,179,2,0,254
1159,179,9,0,249
1160,179,9,1,245
1161,179,2,0,254
1162,179,0,4,243
1163,179,0,3,249
1164,179,3,6,255
1165,179,5,0,251
1179,179,6,2,247
1180,179,0,0,250
1181,179,0,0,247
1182,179,1,0,253
1183,179,0,0,250
1184,179,0,0,250
1185,179,0,0,245
1186,179,0,0,254
1187,179,0,0,254
1188,179,0,0,243
1189,179,3,2,255
1190,179,0,0,246
1191,179,5,4,255
1192,179,11,1,255
1198,179,0,0,252
1199,179,2,1,242
1200,179,2,0,247
1201,179,6,0,255
1202,179,5,2,255
1203,179,0,0,249
1204,179,3,4,252
1205,179,0,1,254
1206,179,0,2,254
1207,179,0,3,255
1208,179,0,0,254
1209,179,0,0,254
1210,179,0,0,254
1211,179,0,0,254
1212,179,0,0,254
1213,179,0,0,254
1214,179,0,0,254
1215,179,0,0,254
1216,179,0,0,254
1217,179,0,0,254
1218,179,0,0,254
1219,179,0,0,254
1220,179,0,0,254
1221,179,0,0,254
1222,179,0,0,254
1223,179,0,0,254
1224,179,0,0,254
1225,179,0,0,254
1226,179,0,0,254
1227,179,0,0,254
1228,179,0,0,254
1229,179,0,0,254
1230,179,0,0,254
1231,179,0,0,254
1232,179,0,4,255
1233,179,0,1,237
1234,179,2,5,255
1235,179,1,2,250
1236,179,0,0,252
1237,179,4,0,254
1238,179,4,0,251
1239,179,6,0,252
1240,179,0,3,255
1241,179,0,0,250
1242,179,10,0,242
277,180,3,0,249
278,180,8,7,255
279,180,0,0,249
280,180,6,6,255
281,180,3,3,255
282,180,0,0,248
283,180,7,6,255
284,180,3,2,255
285,180,0,1,242
286,180,4,7,255
287,180,0,4,255
288,180,0,0,254
289,180,0,0,254
290,180,0,0,254
291,180,0,0,254
292,180,0,0,254
293,180,0,0,254
294,180,0,0,254
295,180,0,0,254
296,180,0,0,254
297,180,0,0,251
967,180,8,0,255
968,180,0,2,253
969,180,0,4,246
970,180,2,2,255
971,180,4,3,255
972,180,0,0,243
973,180,0,0,243
974,180,0,1,254
975,180,0,1,250
976,180,0,0,254
977,180,0,0,254
978,180,0,0,254
979,180,0,0,254
980,180,0,0,254
981,180,0,0,254
982,180,0,0,254
983,180,0,0,254
984,180,0,0,254
985,180,0,0,254
986,180,0,0,254
987,180,0,0,254
988,180,0,0,254
989,180,0,0,254
990,180,0,0,254
991,180,0,0,254
992,180,2,3,254
993,180,0,0,248
994,180,0,0,253
995,180,6,5,255
996,180,0,0,239
997,180,3,2,255
998,180,5,2,255
999,180,0,0,249
1000,180,0,0,250
1001,180,4,1,255
1002,180,2,1,255
1003,180,0,0,239
1004,180,7,6,255
1005,180,0,0,254
1006,180,0,0,248
1007,180,1,2,253
1008,180,0,0,254
1009,180,0,0,254
1010,180,0,0,254
1011,180,0,0,254
1012,180,0,0,254
1013,180,0,0,254
1014,180,0,0,254
1015,180,0,0,254
1016,180,0,0,254
1017,180,0,0,254
1018,180,0,0,254
1019,180,0,0,254
1020,180,0,0,254
1021,180,0,0,254
1022,180,0,0,254
1023,180,0,0,254
1024,180,0,0,254
1025,180,0,0,254
1026,180,0,0,254
1027,180,0,0,254
1028,180,0,0,254
1029,180,0,0,254
1030,180,0,0,254
1031,180,0,0,254
1032,180,0,0,254
1033,180,0,0,254
1034,180,0,0,254
1035,180,0,0,254
1036,180,0,0,254
1037,180,0,0,254
1038,180,0,0,254
1039,180,0,0,254
1040,180,1,0,254
1041,180,6,5,255
1042,180,0,0,251
1043,180,2,2,255
1044,180,16,0,255
1047,180,2,0,244
1048,180,3,3,249
1049,180,0,0,244
1050,180,4,3,255
1051,180,0,0,253
1052,180,3,5,250
1053,180,0,0,253
1054,180,0,0,248
1055,180,0,0,250
1056,180,0,0,248
1057,180,1,4,255
1058,180,2,0,233
1059,180,8,0,255
1060,180,2,1,253
1061,180,0,0,243
1062,180,12,0,255
1099,180,10,0,252
1100,180,0,3,250
1101,180,0,1,251
1102,180,0,1,243
1103,180,4,0,253
1104,180,0,3,248
1105,180,0,3,255
1106,180,0,0,249
1107,180,4,0,253
1108,180,15,0,255
1109,180,18,0,254
1128,180,0,0,251
1129,180,6,5,255
1130,180,0,0,224
1131,180,4,3,255
1132,180,2,0,252
1133,180,3,0,255
1134,180,3,1,250
1153,180,12,0,252
1154,180,0,0,229
1155,180,0,5,255
1156,180,0,3,252
1157,180,0,4,253
1158,180,1,6,255
1159,180,0,0,251
1160,180,0,0,248
1161,180,1,7,253
1162,180,0,4,253
1163,180,0,3,252
1164,180,0,5,255
1165,180,0,0,231
1166,180,12,0,252
1177,180,8,0,244
1178,180,0,1,244
1179,180,0,3,250
1180,180,0,0,254
1181,180,3,10,255
1182,180,0,1,244
1183,180,4,2,251
1184,180,0,9,246
1185,180,0,3,254
1186,180,0,5,254
1187,180,1,1,255
1188,180,4,2,249
1189,180,5,0,255
1190,180,7,1,247
1191,180,5,0,254
1192,180,7,0,254
1193,180,9,6,255
1196,180,11,0,253
1197,180,10,0,255
1198,180,4,0,249
1199,180,0,10,255
1200,180,1,5,254
1201,180,0,1,246
1202,180,0,2,255
1203,180,0,0,252
1204,180,0,3,255
1205,180,0,2,254
1206,180,0,3,245
1207,180,0,1,253
1208,180,0,0,254
1209,180,0,0,254
1210,180,0,0,254
1211,180,0,0,254
1212,180,0,0,254
1213,180,0,0,254
1214,180,0,0,254
1215,180,0,0,254
1216,180,0,0,254
1217,180,0,0,254
1218,180,0,0,254
1219,180,0,0,254
1220,180,0,0,254
1221,180,0,0,254
1222,180,0,0,254
1223,180,0,0,254
1224,180,0,0,254
1225,180,0,0,254
1226,180,0,0,254
1227,180,0,0,254
1228,180,0,0,254
1229,180,0,0,254
1230,180,0,0,254
1231,180,0,0,254
1232,180,0,0,250
1233,180,8,2,255
1234,180,1,0,253
1235,180,1,0,254
1236,180,0,1,246
1237,180,0,2,252
1238,180,0,3,255
1239,180,0,5,248
1240,180,2,0,249
1241,180,5,0,247
279,181,12,0,250
280,181,7,0,250
281,181,9,0,249
282,181,0,0,235
283,181,0,1,251
284,181,2,2,255
285,181,1,0,254
286,181,0,1,246
287,181,0,2,244
288,181,0,0,254
289,181,0,0,254
290,181,0,0,254
291,181,0,0,254
292,181,0,0,254
293,181,0,0,254
294,181,0,0,254
295,181,0,0,254
296,181,0,0,254
297,181,0,0,251
967,181,0,0,245
968,181,0,0,251
969,181,1,6,255
970,181,0,0,248
971,181,3,3,247
972,181,0,3,245
973,181,0,5,244
974,181,0,0,253
975,181,0,0,247
976,181,0,0,254
977,181,0,0,254
978,181,0,0,254
979,181,0,0,254
980,181,0,0,254
981,181,0,0,254
982,181,0,0,254
983,181,0,0,254
984,181,0,0,254
985,181,0,0,254
986,181,0,0,254
987,181,0,0,254
988,181,0,0,254
989,181,0,0,254
990,181,0,0,254
991,181,0,0,254
992,181,0,0,250
993,181,0,0,251
994,181,1,1,255
995,181,0,0,238
996,181,0,0,253
997,181,0,0,247
998,181,3,3,241
999,181,7,1,255
1000,181,5,0,255
1001,181,4,4,242
1002,181,0,0,250
1003,181,1,0,254
1004,181,0,0,237
1005,181,0,0,252
1006,181,0,0,250
1007,181,1,2,252
1008,181,0,0,254
1009,181,0,0,254
1010,181,0,0,254
1011,181,0,0,254
1012,181,0,0,254
1013,181,0,0,254
1014,181,0,0,254
1015,181,0,0,254
1016,181,0,0,254
1017,181,0,0,254
1018,181,0,0,254
1019,181,0,0,254
1020,181,0,0,254
1021,181,0,0,254
1022,181,0,0,254
1023,181,0,0,254
1024,181,0,0,254
1025,181,0,0,254
1026,181,0,0,254
1027,181,0,0,254
1028,181,0,0,254
1029,181,0,0,254
1030,181,0,0,254
1031,181,0,0,254
1032,181,0,0,254
1033,181,0,0,254
1034,181,0,0,254
1035,181,0,0,254
1036,181,0,0,254
1037,181,0,0,254
1038,181,0,0,254
1039,181,0,0,254
1040,181,13,0,255
1041,181,0,2,253
1042,181,0,0,251
1043,181,3,0,253
1044,181,14,0,250
1045,181,6,0,250
1046,181,0,0,252
1047,181,5,2,255
1048,181,7,1,255
1049,181,0,0,241
1050,181,0,0,233
1051,181,0,0,252
1052,181,0,0,251
1053,181,0,0,252
1054,181,1,6,245
1055,181,4,7,255
1056,181,8,0,255
1057,181,1,1,255
1058,181,0,0,239
1059,181,7,10,255
1060,181,2,0,252
1061,181,4,0,251
1062,181,4,0,252
1063,181,0,0,253
1097,181,9,0,251
1098,181,0,0,234
1099,181,0,0,251
1100,181,0,3,255
1101,181,3,2,255
1102,181,0,0,252
1103,181,0,6,252
1104,181,0,5,254
1105,181,0,3,255
1106,181,0,4,255
1107,181,0,0,250
1108,181,0,5,255
1109,181,0,5,255
1110,181,0,0,243
1111,181,0,2,254
1127,181,14,0,255
1128,181,0,4,251
1129,181,0,2,251
1130,181,0,0,249
1131,181,6,9,255
1132,181,0,0,251
1133,181,0,0,245
1134,181,0,1,251
1135,181,0,0,253
1152,181,2,1,255
1153,181,2,1,252
1154,181,0,0,249
1155,181,10,10,255
1156,181,0,3,254
1157,181,0,0,253
1158,181,0,0,241
1159,181,0,0,249
1160,181,0,0,252
1161,181,0,0,245
1162,181,0,0,253
1163,181,0,3,255
1164,181,10,10,255
1165,181,0,0,248
1166,181,2,2,248
1167,181,2,1,255
1176,181,2,2,255
1177,181,4,0,239
1178,181,2,0,249
1179,181,0,1,253
1180,181,0,0,252
1181,181,6,0,255
1182,181,2,0,254
1183,181,0,2,253
1184,181,2,0,254
1185,181,2,0,251
1186,181,0,0,251
1187,181,4,3,247
1188,181,1,0,253
1189,181,0,0,252
1190,181,0,3,253
1191,181,0,0,249
1192,181,0,0,253
1193,181,9,0,255
1194,181,0,0,244
1195,181,3,10,255
1196,181,5,0,255
1197,181,0,2,247
1198,181,0,0,249
1199,181,0,0,249
1200,181,0,0,253
1201,181,4,4,255
1202,181,3,2,255
1203,181,1,2,240
1204,181,2,2,246
1205,181,0,0,242
1206,181,6,5,255
1207,181,3,2,255
1208,181,0,0,254
1209,181,0,0,254
1210,181,0,0,254
1211,181,0,0,254
1212,181,0,0,254
1213,181,0,0,254
1214,181,0,0,254
1215,181,0,0,254
1216,181,0,0,254
1217,181,0,0,254
1218,181,0,0,254
1219,181,0,0,254
1220,181,0,0,254
1221,181,0,0,254
1222,181,0,0,254
1223,181,0,0,254
1224,181,0,0,254
1225,181,0,0,254
1226,181,0,0,254
1227,181,0,0,254
1228,181,0,0,254
1229,181,0,0,254
1230,181,0,0,254
1231,181,0,0,254
1232,181,2,2,240
1233,181,9,6,255
1234,181,0,0,251
1235,181,6,5,255
1236,181,3,3,255
1237,181,0,4,236
1238,181,0,0,250
1239,181,0,0,252
281,182,12,0,238
282,182,6,2,247
283,182,0,2,255
284,182,0,2,249
285,182,0,0,251
286,182,6,5,255
287,182,0,0,254
288,182,0,0,254
289,182,0,0,254
290,182,0,0,254
291,182,0,0,254
292,182,0,0,254
293,182,0,0,254
294,182,0,0,254
295,182,0,0,254
296,182,0,0,254
297,182,0,0,251
967,182,0,1,247
968,182,0,1,250
969,182,0,0,251
970,182,6,4,253
971,182,1,1,255
972,182,0,0,250
973,182,0,2,254
974,182,0,0,254
975,182,8,2,255
976,182,0,0,254
977,182,0,0,254
978,182,0,0,254
979,182,0,0,254
980,182,0,0,254
981,182,0,0,254
982,182,0,0,254
983,182,0,0,254
984,182,0,0,254
985,182,0,0,254
986,182,0,0,254
987,182,0,0,254
988,182,0,0,254
989,182,0,0,254
990,182,0,0,254
991,182,0,0,254
992,182,0,0,252
993,182,0,0,250
994,182,0,1,251
995,182,6,5,255
996,182,6,3,255
997,182,3,3,239
998,182,5,0,252
999,182,0,0,250
1000,182,3,0,253
1001,182,4,0,251
1002,182,0,0,236
1003,182,5,2,255
1004,182,8,7,255
1005,182,2,3,253
1006,182,0,0,251
1007,182,0,0,250
1008,182,0,0,254
1009,182,0,0,254
1010,182,0,0,254
1011,182,0,0,254
1012,182,0,0,254
1013,182,0,0,254
1014,182,0,0,254
1015,182,0,0,254
1016,182,0,0,254
1017,182,0,0,254
1018,182,0,0,254
1019,182,0,0,254
1020,182,0,0,254
1021,182,0,0,254
1022,182,0,0,254
1023,182,0,0,254
1024,182,0,0,254
1025,182,0,0,254
1026,182,0,0,254
1027,182,0,0,254
1028,182,0,0,254
1029,182,0,0,254
1030,182,0,0,254
1031,182,0,0,254
1032,182,0,0,254
1033,182,0,0,254
1034,182,0,0,254
1035,182,0,0,254
1036,182,0,0,254
1037,182,0,0,254
1038,182,0,0,254
1039,182,0,0,254
1040,182,6,0,255
1041,182,0,1,251
1042,182,2,10,255
1043,182,0,0,242
1044,182,4,0,254
1045,182,0,1,251
1046,182,3,6,255
1047,182,0,0,250
1048,182,5,0,255
1049,182,0,0,250
1050,182,4,0,254
1051,182,4,0,251
1052,182,8,2,255
1053,182,3,0,252
1054,182,7,0,255
1055,182,4,0,241
1056,182,0,5,247
1057,182,0,1,249
1058,182,9,3,255
1059,182,0,0,252
1060,182,4,4,255
1061,182,3,3,255
1062,182,0,0,240
1063,182,7,0,252
1064,182,0,0,240
1065,182,12,0,255
1073,182,21,0,254
1074,182,0,0,226
1075,182,0,0,252
1076,182,0,4,255
1077,182,5,0,251
1094,182,9,0,240
1095,182,3,0,250
1096,182,0,3,251
1097,182,0,1,253
1098,182,4,1,255
1099,182,3,0,249
1100,182,0,0,247
1101,182,0,2,239
1102,182,7,7,255
1103,182,0,0,243
1104,182,0,0,249
1105,182,0,0,249
1106,182,0,2,239
1107,182,1,0,254
1108,182,4,3,255
1109,182,0,0,252
1110,182,8,5,255
1111,182,2,1,245
1112,182,14,0,255
1126,182,11,0,253
1127,182,0,0,254
1128,182,0,1,246
1129,182,0,0,249
1130,182,2,5,255
1131,182,0,0,248
1132,182,2,2,255
1133,182,1,1,255
1134,182,0,1,236
1135,182,0,1,251
1136,182,2,5,255
1137,182,6,0,247
1152,182,0,4,255
1153,182,0,1,253
1154,182,3,3,255
1155,182,0,0,250
1156,182,4,1,255
1157,182,0,0,252
1158,182,6,5,255
1159,182,2,3,251
1160,182,2,2,255
1161,182,6,5,255
1162,182,0,0,252
1163,182,4,1,255
1164,182,0,0,250
1165,182,3,3,255
1166,182,0,1,250
1167,182,0,4,255
1170,182,14,0,255
1171,182,5,0,251
1172,182,0,0,242
1173,182,0,5,255
1174,182,0,1,253
1175,182,0,2,254
1176,182,0,1,250
1177,182,0,3,255
1178,182,5,2,243
1179,182,6,0,243
1180,182,5,4,255
1181,182,0,4,251
1182,182,0,3,255
1183,182,4,0,253
1184,182,0,0,243
1185,182,6,6,254
1186,182,4,0,247
1187,182,5,1,248
1188,182,10,4,255
1189,182,1,0,253
1190,182,3,3,255
1191,182,0,2,255
1192,182,0,0,249
1193,182,0,0,252
1194,182,0,0,252
1195,182,0,1,239
1196,182,0,4,255
1197,182,0,0,246
1198,182,10,4,255
1199,182,4,4,255
1200,182,0,0,253
1201,182,0,0,248
1202,182,0,0,240
1203,182,0,0,253
1204,182,1,4,255
1205,182,0,4,255
1206,182,0,0,239
1207,182,3,8,255
1208,182,0,0,254
1209,182,0,0,254
1210,182,0,0,254
1211,182,0,0,254
1212,182,0,0,254
1213,182,0,0,254
1214,182,0,0,254
1215,182,0,0,254
1216,182,0,0,254
1217,182,0,0,254
1218,182,0,0,254
1219,182,0,0,254
1220,182,0,0,254
1221,182,0,0,254
1222,182,0,0,254
1223,182,0,0,254
1224,182,0,0,254
1225,182,0,0,254
1226,182,0,0,254
1227,182,0,0,254
1228,182,0,0,254
1229,182,0,0,254
1230,182,0,0,254
1231,182,0,0,254
1232,182,0,3,253
1233,182,0,0,240
1234,182,0,0,252
1235,182,4,0,249
282,183,4,0,253
283,183,1,6,255
284,183,0,1,253
285,183,2,2,255
286,183,0,0,245
287,183,6,6,254
288,183,0,0,254
289,183,0,0,254
290,183,0,0,254
291,183,0,0,254
292,183,0,0,254
293,183,0,0,254
294,183,0,0,254
295,183,0,0,254
296,183,0,0,254
297,183,0,0,251
967,183,0,2,253
968,183,5,5,253
969,183,4,0,254
970,183,3,0,246
971,183,3,3,255
972,183,0,2,248
973,183,0,0,248
974,183,3,5,250
975,183,10,0,255
976,183,0,0,254
977,183,0,0,254
978,183,0,0,254
979,183,0,0,254
980,183,0,0,254
981,183,0,0,254
982,183,0,0,254
983,183,0,0,254
984,183,0,0,254
985,183,0,0,254
986,183,0,0,254
987,183,0,0,254
988,183,0,0,254
989,183,0,0,254
990,183,0,0,254
991,183,0,0,254
992,183,0,0,252
993,183,4,4,255
994,183,0,0,240
995,183,4,3,255
996,183,0,0,251
997,183,5,0,252
998,183,3,0,253
1001,183,3,0,253
1002,183,6,1,253
1003,183,0,0,252
1004,183,3,2,255
1005,183,0,0,239
1006,183,3,3,255
1007,183,0,0,253
1008,183,0,0,254
1009,183,0,0,254
1010,183,0,0,254
1011,183,0,0,254
1012,183,0,0,254
1013,183,0,0,254
1014,183,0,0,254
1015,183,0,0,254
1016,183,0,0,254
1017,183,0,0,254
1018,183,0,0,254
1019,183,0,0,254
1020,183,0,0,254
1021,183,0,0,254
1022,183,0,0,254
1023,183,0,0,254
1024,183,0,0,254
1025,183,0,0,254
1026,183,0,0,254
1027,183,0,0,254
1028,183,0,0,254
1029,183,0,0,254
1030,183,0,0,254
1031,183,0,0,254
1032,183,0,0,254
1033,183,0,0,254
1034,183,0,0,254
1035,183,0,0,254
1036,183,0,0,254
1037,183,0,0,254
1038,183,0,0,254
1039,183,0,0,254
1040,183,0,1,251
1041,183,0,1,251
1042,183,0,0,253
1043,183,0,0,250
1044,183,0,4,255
1045,183,0,0,240
1046,183,6,0,255
1047,183,2,2,255
1048,183,0,1,241
1049,183,2,7,255
1050,183,0,3,255
1051,183,0,0,249
1052,183,2,7,255
1053,183,0,1,253
1054,183,0,2,254
1055,183,0,0,252
1056,183,0,0,249
1057,183,3,2,255
1058,183,0,0,246
1059,183,0,3,255
1060,183,0,1,252
1061,183,0,0,239
1062,183,0,2,254
1063,183,0,4,255
1064,183,0,7,255
1065,183,0,0,239
1066,183,0,3,255
1067,183,2,1,255
1068,183,0,0,244
1069,183,2,1,255
1070,183,0,3,252
1071,183,0,2,252
1072,183,0,4,255
1073,183,0,1,253
1074,183,0,0,251
1075,183,7,6,250
1076,183,4,0,254
1077,183,2,0,252
1078,183,0,0,249
1079,183,4,4,255
1093,183,12,0,254
1094,183,2,6,253
1095,183,0,4,253
1096,183,2,2,250
1097,183,3,4,255
1098,183,0,0,253
1099,183,0,0,252
1100,183,5,4,255
1101,183,0,0,254
1102,183,0,4,249
1103,183,0,0,250
1104,183,5,4,255
1105,183,8,7,255
1106,183,0,0,245
1107,183,2,2,248
1108,183,1,0,254
1109,183,1,0,254
1110,183,0,0,253
1111,183,0,0,246
1112,183,0,3,254
1113,183,3,0,237
1114,183,12,0,252
1126,183,3,0,243
1127,183,0,5,244
1128,183,1,0,254
1129,183,2,1,255
1130,183,0,0,252
1131,183,3,2,255
1132,183,3,3,247
1133,183,1,2,234
1134,183,5,2,255
1135,183,2,0,254
1136,183,4,0,253
1137,183,4,1,255
1138,183,0,0,252
1139,183,1,4,255
1140,183,3,0,255
1141,183,16,0,255
1151,183,26,0,255
1152,183,3,0,252
1153,183,4,0,243
1154,183,5,4,255
1155,183,0,1,249
1156,183,0,0,250
1157,183,0,0,248
1158,183,0,0,251
1159,183,2,5,255
1160,183,2,5,255
1161,183,0,0,248
1162,183,0,0,247
1163,183,0,0,250
1164,183,0,1,251
1165,183,5,4,255
1166,183,4,0,247
1167,183,3,0,252
1168,183,1,0,248
1169,183,6,3,255
1170,183,0,0,250
1171,183,0,1,250
1172,183,3,8,255
1173,183,0,2,242
1174,183,0,0,253
1175,183,2,0,252
1176,183,8,0,255
1177,183,0,0,251
1178,183,0,3,255
1179,183,0,4,255
1180,183,0,1,251
1181,183,5,0,255
1182,183,1,0,251
1183,183,0,1,242
1184,183,0,1,253
1185,183,0,0,251
1186,183,3,3,255
1187,183,0,0,252
1188,183,0,0,250
1189,183,0,0,249
1190,183,0,2,254
1191,183,0,7,249
1192,183,0,5,254
1193,183,0,6,255
1194,183,2,1,255
1195,183,5,0,252
1196,183,8,0,251
1197,183,7,1,247
1198,183,0,4,251
1199,183,0,0,249
1200,183,6,7,255
1201,183,0,0,247
1202,183,6,5,255
1203,183,0,0,245
1204,183,4,3,255
1205,183,3,2,255
1206,183,0,0,247
1207,183,0,0,252
1208,183,0,0,254
1209,183,0,0,254
1210,183,0,0,254
1211,183,0,0,254
1212,183,0,0,254
1213,183,0,0,254
1214,183,0,0,254
1215,183,0,0,254
1216,183,0,0,254
1217,183,0,0,254
1218,183,0,0,254
1219,183,0,0,254
1220,183,0,0,254
1221,183,0,0,254
1222,183,0,0,254
1223,183,0,0,254
1224,183,0,0,254
1225,183,0,0,254
1226,183,0,0,254
1227,183,0,0,254
1228,183,0,0,254
1229,183,0,0,254
1230,183,0,0,254
1231,183,0,0,254
1232,183,1,4,255
1233,183,0,2,237
1234,183,10,1,252
283,184,0,0,249
284,184,6,3,255
285,184,0,0,253
286,184,6,4,255
287,184,0,0,250
288,184,0,0,254
289,184,0,0,254
290,184,0,0,254
291,184,0,0,254
292,184,0,0,254
293,184,0,0,254
294,184,0,0,254
295,184,0,0,254
296,184,0,5,247
297,184,4,0,253
298,184,0,4,254
967,184,10,0,253
968,184,0,0,254
969,184,0,0,254
970,184,0,0,254
971,184,0,0,254
972,184,0,0,254
973,184,0,0,254
974,184,0,0,254
975,184,0,0,254
976,184,2,1,255
977,184,0,0,252
978,184,2,1,253
979,184,4,0,254
980,184,0,2,254
981,184,0,0,253
982,184,4,3,255
983,184,0,0,254
984,184,2,1,255
985,184,2,1,255
986,184,2,1,255
987,184,2,1,255
988,184,2,1,255
989,184,2,1,255
990,184,2,1,255
991,184,2,1,255
992,184,8,2,255
993,184,0,1,249
994,184,0,0,242
995,184,0,3,255
996,184,0,0,250
997,184,17,0,255
1005,184,12,0,252
1006,184,3,0,237
1007,184,0,3,254
1008,184,3,0,255
1009,184,0,3,253
1010,184,0,3,248
1011,184,0,5,255
1012,184,0,0,252
1013,184,0,1,254
1014,184,1,4,255
1015,184,2,4,249
1016,184,0,5,250
1017,184,4,3,255
1018,184,5,0,250
1019,184,4,0,253
1020,184,0,0,251
1021,184,0,4,253
1022,184,0,0,250
1023,184,2,3,254
1024,184,10,0,255
1025,184,2,0,249
1026,184,1,1,255
1027,184,0,7,248
1028,184,0,1,249
1029,184,2,2,255
1030,184,3,0,241
1031,184,11,0,255
1032,184,0,0,253
1033,184,1,0,251
1034,184,3,0,253
1035,184,2,2,255
1036,184,0,2,253
1037,184,0,11,251
1038,184,0,0,250
1039,184,13,4,251
1040,184,0,0,254
1041,184,0,0,254
1042,184,0,0,254
1043,184,0,0,254
1044,184,0,0,254
1045,184,0,0,254
1046,184,0,0,254
1047,184,0,0,254
1048,184,0,0,254
1049,184,0,0,254
1050,184,0,0,254
1051,184,0,0,254
1052,184,0,0,254
1053,184,0,0,254
1054,184,0,0,254
1055,184,0,0,254
1056,184,0,0,254
1057,184,0,0,254
1058,184,0,0,254
1059,184,0,0,254
1060,184,0,0,254
1061,184,0,0,254
1062,184,0,0,254
1063,184,0,0,254
1064,184,0,0,254
1065,184,0,0,254
1066,184,0,0,254
1067,184,0,0,254
1068,184,0,0,254
1069,184,0,0,254
1070,184,0,0,254
1071,184,0,0,254
1072,184,0,0,254
1073,184,0,0,254
1074,184,0,0,254
1075,184,0,0,254
1076,184,0,0,254
1077,184,0,0,254
1078,184,0,0,254
1079,184,0,0,254
1080,184,0,7,244
1081,184,1,0,253
1092,184,10,0,250
1093,184,1,2,252
1094,184,0,4,255
1095,184,0,0,252
1096,184,0,0,254
1097,184,0,0,254
1098,184,0,0,254
1099,184,0,0,254
1100,184,0,0,254
1101,184,0,0,254
1102,184,0,0,254
1103,184,0,0,254
1104,184,0,0,254
1105,184,0,0,254
1106,184,0,0,254
1107,184,0,0,254
1108,184,0,0,254
1109,184,0,0,254
1110,184,0,0,254
1111,184,0,0,254
1112,184,0,0,252
1113,184,2,0,252
1114,184,14,0,253
1125,184,10,4,255
1126,184,0,2,251
1127,184,0,7,247
1128,184,0,0,254
1129,184,0,0,254
1130,184,0,0,254
1131,184,0,0,254
1132,184,0,0,254
1133,184,0,0,254
1134,184,0,0,254
1135,184,0,0,254
1136,184,0,0,254
1137,184,0,0,254
1138,184,0,0,254
1139,184,0,0,254
1140,184,0,0,254
1141,184,0,0,254
1142,184,0,0,254
1143,184,0,0,254
1149,184,1,0,253
1150,184,0,3,235
1151,184,2,1,255
1152,184,0,0,254
1153,184,0,0,254
1154,184,0,0,254
1155,184,0,0,254
1156,184,0,0,254
1157,184,0,0,254
1158,184,0,0,254
1159,184,0,0,254
1160,184,0,0,254
1161,184,0,0,254
1162,184,0,0,254
1163,184,0,0,254
1164,184,0,0,254
1165,184,0,0,254
1166,184,0,0,254
1167,184,0,0,254
1168,184,0,0,254
1169,184,0,0,254
1170,184,0,0,254
1171,184,0,0,254
1172,184,0,0,254
1173,184,0,0,254
1174,184,0,0,254
1175,184,0,0,254
1176,184,0,0,254
1177,184,0,0,254
1178,184,0,0,254
1179,184,0,0,254
1180,184,0,0,254
1181,184,0,0,254
1182,184,0,0,254
1183,184,0,0,254
1184,184,0,0,254
1185,184,0,0,254
1186,184,0,0,254
1187,184,0,0,254
1188,184,0,0,254
1189,184,0,0,254
1190,184,0,0,254
1191,184,0,0,254
1192,184,0,0,254
1193,184,0,0,254
1194,184,0,0,254
1195,184,0,0,254
1196,184,0,0,254
1197,184,0,0,254
1198,184,0,0,254
1199,184,0,0,254
1200,184,0,0,254
1201,184,0,0,254
1202,184,0,0,254
1203,184,0,0,254
1204,184,0,0,254
1205,184,0,0,254
1206,184,0,0,254
1207,184,0,0,254
1208,184,0,1,253
1209,184,0,0,251
1210,184,3,3,255
1211,184,0,0,252
1212,184,0,0,250
1213,184,0,0,249
1214,184,0,2,254
1215,184,0,7,249
1216,184,0,1,251
1217,184,3,3,255
1218,184,4,3,255
1219,184,1,0,254
1220,184,1,4,255
1221,184,0,3,254
1222,184,1,8,255
1223,184,0,1,252
1224,184,5,4,255
1225,184,8,7,255
1226,184,0,0,245
1227,184,2,2,248
1228,184,1,0,254
1229,184,1,0,254
1230,184,0,0,253
1231,184,0,0,246
1232,184,0,4,253
1233,184,2,6,253
1234,184,12,0,254
285,185,1,1,255
286,185,3,0,252
287,185,0,6,243
288,185,0,0,254
289,185,0,0,254
290,185,0,0,254
291,185,0,0,254
292,185,0,0,254
293,185,0,0,254
294,185,0,0,254
295,185,0,0,254
296,185,0,4,243
297,185,3,0,249
298,185,0,2,254
963,185,10,0,253
964,185,1,0,249
965,185,1,1,255
966,185,0,1,241
967,185,0,2,254
968,185,0,0,254
969,185,0,0,254
970,185,0,0,254
971,185,0,0,254
972,185,0,0,254
973,185,0,0,254
974,185,0,0,254
975,185,0,0,254
976,185,0,0,253
977,185,0,0,254
978,185,0,0,245
979,185,0,0,252
980,185,0,4,249
981,185,2,2,255
982,185,1,1,249
983,185,1,2,253
984,185,0,0,253
985,185,0,0,253
986,185,0,0,253
987,185,0,0,253
988,185,0,0,253
989,185,0,0,253
990,185,0,0,253
991,185,0,0,253
992,185,0,0,251
993,185,5,4,255
994,185,0,3,255
995,185,0,1,254
996,185,1,0,249
997,185,16,0,247
1007,185,14,0,255
1008,185,0,5,251
1009,185,3,2,255
1010,185,4,0,250
1011,185,0,0,248
1012,185,0,2,254
1013,185,2,6,251
1014,185,0,0,250
1015,185,0,0,250
1016,185,0,1,250
1017,185,5,2,255
1018,185,0,0,247
1019,185,11,1,255
1020,185,3,0,255
1021,185,3,3,255
1022,185,3,4,255
1023,185,0,0,248
1024,185,0,0,245
1025,185,0,0,252
1026,185,3,5,250
1027,185,0,0,250
1028,185,0,2,238
1029,185,0,1,254
1030,185,0,0,252
1031,185,0,4,253
1032,185,0,4,255
1033,185,3,4,254
1034,185,2,1,243
1035,185,2,0,254
1036,185,0,0,247
1037,185,0,0,250
1038,185,0,0,243
1039,185,0,0,252
1040,185,0,0,254
1041,185,0,0,254
1042,185,0,0,254
1043,185,0,0,254
1044,185,0,0,254
1045,185,0,0,254
1046,185,0,0,254
1047,185,0,0,254
1048,185,0,0,254
1049,185,0,0,254
1050,185,0,0,254
1051,185,0,0,254
1052,185,0,0,254
1053,185,0,0,254
1054,185,0,0,254
1055,185,0,0,254
1056,185,0,0,254
1057,185,0,0,254
1058,185,0,0,254
1059,185,0,0,254
1060,185,0,0,254
1061,185,0,0,254
1062,185,0,0,254
1063,185,0,0,254
1064,185,0,0,254
1065,185,0,0,254
1066,185,0,0,254
1067,185,0,0,254
1068,185,0,0,254
1069,185,0,0,254
1070,185,0,0,254
1071,185,0,0,254
1072,185,0,0,254
1073,185,0,0,254
1074,185,0,0,254
1075,185,0,0,254
1076,185,0,0,254
1077,185,0,0,254
1078,185,0,0,254
1079,185,0,0,254
1080,185,1,6,255
1081,185,6,0,254
1082,185,7,0,252
1083,185,12,0,252
1092,185,18,3,254
1093,185,4,0,254
1094,185,2,1,255
1095,185,5,3,254
1096,185,0,0,254
1097,185,0,0,254
1098,185,0,0,254
1099,185,0,0,254
1100,185,0,0,254
1101,185,0,0,254
1102,185,0,0,254
1103,185,0,0,254
1104,185,0,0,254
1105,185,0,0,254
1106,185,0,0,254
1107,185,0,0,254
1108,185,0,0,254
1109,185,0,0,254
1110,185,0,0,254
1111,185,0,0,254
1112,185,0,0,244
1113,185,0,0,251
1114,185,4,0,253
1115,185,11,0,234
1125,185,6,0,240
1126,185,0,4,255
1127,185,0,0,253
1128,185,0,0,254
1129,185,0,0,254
1130,185,0,0,254
1131,185,0,0,254
1132,185,0,0,254
1133,185,0,0,254
1134,185,0,0,254
1135,185,0,0,254
1136,185,0,0,254
1137,185,0,0,254
1138,185,0,0,254
1139,185,0,0,254
1140,185,0,0,254
1141,185,0,0,254
1142,185,0,0,254
1143,185,0,0,254
1144,185,11,0,255
1148,185,12,0,255
1149,185,0,0,245
1150,185,0,1,254
1151,185,3,1,250
1152,185,0,0,254
1153,185,0,0,254
1154,185,0,0,254
1155,185,0,0,254
1156,185,0,0,254
1157,185,0,0,254
1158,185,0,0,254
1159,185,0,0,254
1160,185,0,0,254
1161,185,0,0,254
1162,185,0,0,254
1163,185,0,0,254
1164,185,0,0,254
1165,185,0,0,254
1166,185,0,0,254
1167,185,0,0,254
1168,185,0,0,254
1169,185,0,0,254
1170,185,0,0,254
1171,185,0,0,254
1172,185,0,0,254
1173,185,0,0,254
1174,185,0,0,254
1175,185,0,0,254
1176,185,0,0,254
1177,185,0,0,254
1178,185,0,0,254
1179,185,0,0,254
1180,185,0,0,254
1181,185,0,0,254
1182,185,0,0,254
1183,185,0,0,254
1184,185,0,0,254
1185,185,0,0,254
1186,185,0,0,254
1187,185,0,0,254
1188,185,0,0,254
1189,185,0,0,254
1190,185,0,0,254
1191,185,0,0,254
1192,185,0,0,254
1193,185,0,0,254
1194,185,0,0,254
1195,185,0,0,254
1196,185,0,0,254
1197,185,0,0,254
1198,185,0,0,254
1199,185,0,0,254
1200,185,0,0,254
1201,185,0,0,254
1202,185,0,0,254
1203,185,0,0,254
1204,185,0,0,254
1205,185,0,0,254
1206,185,0,0,254
1207,185,0,0,254
1208,185,0,0,243
1209,185,6,6,254
1210,185,4,0,247
1211,185,5,1,248
1212,185,10,4,255
1213,185,1,0,253
1214,185,3,3,255
1215,185,0,2,255
1216,185,0,0,251
1217,185,0,0,248
1218,185,0,1,254
1219,185,0,1,252
1220,185,1,0,251
1221,185,4,0,249
1222,185,6,0,255
1223,185,0,0,243
1224,185,0,0,249
1225,185,0,0,249
1226,185,0,2,239
1227,185,1,0,254
1228,185,4,3,255
1229,185,0,0,252
1230,185,8,5,255
1231,185,2,1,245
1232,185,3,0,250
1233,185,9,0,240
285,186,0,0,248
286,186,11,0,255
287,186,0,1,252
288,186,0,0,254
289,186,0,0,254
290,186,0,0,254
291,186,0,0,254
292,186,0,0,254
293,186,0,0,254
294,186,0,0,254
295,186,0,0,254
296,186,0,0,251
297,186,5,0,255
298,186,2,0,254
299,186,11,0,240
961,186,10,0,253
962,186,5,2,255
963,186,0,3,244
964,186,0,13,246
965,186,0,5,247
966,186,0,5,251
967,186,0,0,248
968,186,0,0,254
969,186,0,0,254
970,186,0,0,254
971,186,0,0,254
972,186,0,0,254
973,186,0,0,254
974,186,0,0,254
975,186,0,0,254
976,186,1,0,252
977,186,0,1,251
978,186,3,3,255
979,186,0,1,252
980,186,1,0,253
981,186,0,0,246
982,186,1,0,254
983,186,0,0,254
984,186,0,2,255
985,186,0,2,255
986,186,0,2,255
987,186,0,2,255
988,186,0,2,255
989,186,0,2,255
990,186,0,2,255
991,186,0,2,255
992,186,0,3,252
993,186,0,2,250
994,186,0,1,251
995,186,0,0,249
996,186,11,0,254
1009,186,10,0,252
1010,186,0,3,252
1011,186,2,4,249
1012,186,0,0,250
1013,186,2,3,254
1014,186,1,1,255
1015,186,5,0,254
1016,186,0,2,254
1017,186,3,3,255
1018,186,0,0,251
1019,186,9,7,255
1020,186,0,0,250
1021,186,0,2,255
1022,186,0,1,252
1023,186,0,0,251
1024,186,0,11,255
1025,186,0,3,245
1026,186,0,1,253
1027,186,3,7,254
1028,186,0,0,253
1029,186,0,1,253
1030,186,0,4,255
1031,186,0,1,252
1032,186,0,0,246
1033,186,0,4,255
1034,186,2,3,254
1035,186,5,2,255
1036,186,7,0,254
1037,186,5,0,255
1038,186,0,0,253
1039,186,0,7,254
1040,186,0,0,254
1041,186,0,0,254
1042,186,0,0,254
1043,186,0,0,254
1044,186,0,0,254
1045,186,0,0,254
1046,186,0,0,254
1047,186,0,0,254
1048,186,0,0,254
1049,186,0,0,254
1050,186,0,0,254
1051,186,0,0,254
1052,186,0,0,254
1053,186,0,0,254
1054,186,0,0,254
1055,186,0,0,254
1056,186,0,0,254
1057,186,0,0,254
1058,186,0,0,254
1059,186,0,0,254
1060,186,0,0,254
1061,186,0,0,254
1062,186,0,0,254
1063,186,0,0,254
1064,186,0,0,254
1065,186,0,0,254
1066,186,0,0,254
1067,186,0,0,254
1068,186,0,0,254
1069,186,0,0,254
1070,186,0,0,254
1071,186,0,0,254
1072,186,0,0,254
1073,186,0,0,254
1074,186,0,0,254
1075,186,0,0,254
1076,186,0,0,254
1077,186,0,0,254
1078,186,0,0,254
1079,186,0,0,254
1080,186,0,0,252
1081,186,2,0,252
1082,186,0,0,250
1083,186,2,5,255
1084,186,16,0,252
1087,186,0,0,250
1088,186,0,2,254
1089,186,0,1,254
1090,186,1,1,255
1091,186,0,0,250
1092,186,0,4,251
1093,186,0,0,251
1094,186,0,0,252
1095,186,0,0,252
1096,186,0,0,254
1097,186,0,0,254
1098,186,0,0,254
1099,186,0,0,254
1100,186,0,0,254
1101,186,0,0,254
1102,186,0,0,254
1103,186,0,0,254
1104,186,0,0,254
1105,186,0,0,254
1106,186,0,0,254
1107,186,0,0,254
1108,186,0,0,254
1109,186,0,0,254
1110,186,0,0,254
1111,186,0,0,254
1112,186,0,4,249
1113,186,0,0,251
1114,186,6,9,255
1115,186,8,7,255
1116,186,3,0,249
1125,186,11,3,247
1126,186,2,2,255
1127,186,2,0,252
1128,186,0,0,254
1129,186,0,0,254
1130,186,0,0,254
1131,186,0,0,254
1132,186,0,0,254
1133,186,0,0,254
1134,186,0,0,254
1135,186,0,0,254
1136,186,0,0,254
1137,186,0,0,254
1138,186,0,0,254
1139,186,0,0,254
1140,186,0,0,254
1141,186,0,0,254
1142,186,0,0,254
1143,186,0,0,254
1144,186,0,4,246
1145,186,5,3,252
1146,186,12,0,255
1147,186,17,3,255
1148,186,0,0,241
1149,186,4,9,255
1150,186,1,6,248
1151,186,0,0,248
1152,186,0,0,254
1153,186,0,0,254
1154,186,0,0,254
1155,186,0,0,254
1156,186,0,0,254
1157,186,0,0,254
1158,186,0,0,254
1159,186,0,0,254
1160,186,0,0,254
1161,186,0,0,254
1162,186,0,0,254
1163,186,0,0,254
1164,186,0,0,254
1165,186,0,0,254
1166,186,0,0,254
1167,186,0,0,254
1168,186,0,0,254
1169,186,0,0,254
1170,186,0,0,254
1171,186,0,0,254
1172,186,0,0,254
1173,186,0,0,254
1174,186,0,0,254
1175,186,0,0,254
1176,186,0,0,254
1177,186,0,0,254
1178,186,0,0,254
1179,186,0,0,254
1180,186,0,0,254
1181,186,0,0,254
1182,186,0,0,254
1183,186,0,0,254
1184,186,0,0,254
1185,186,0,0,254
1186,186,0,0,254
1187,186,0,0,254
1188,186,0,0,254
1189,186,0,0,254
1190,186,0,0,254
1191,186,0,0,254
1192,186,0,0,254
1193,186,0,0,254
1194,186,0,0,254
1195,186,0,0,254
1196,186,0,0,254
1197,186,0,0,254
1198,186,0,0,254
1199,186,0,0,254
1200,186,0,0,254
1201,186,0,0,254
1202,186,0,0,254
1203,186,0,0,254
1204,186,0,0,254
1205,186,0,0,254
1206,186,0,0,254
1207,186,0,0,254
1208,186,2,0,254
1209,186,2,0,251
1210,186,0,0,251
1211,186,4,3,247
1212,186,1,0,253
1213,186,0,0,252
1214,186,0,3,253
1215,186,0,0,249
1216,186,2,2,255
1217,186,5,1,246
1218,186,0,0,249
1219,186,0,0,242
1220,186,0,0,245
1221,186,10,0,255
1222,186,8,0,255
1223,186,0,7,255
1224,186,0,5,254
1225,186,0,3,255
1226,186,0,4,255
1227,186,0,0,250
1228,186,0,5,255
1229,186,0,5,255
1230,186,0,0,243
1231,186,0,2,254
285,187,0,0,246
286,187,10,4,255
287,187,0,0,252
288,187,0,0,254
289,187,0,0,254
290,187,0,0,254
291,187,0,0,254
292,187,0,0,254
293,187,0,0,254
294,187,0,0,254
295,187,0,0,254
296,187,0,0,252
297,187,7,4,255
298,187,2,0,248
299,187,0,0,252
300,187,8,0,255
960,187,0,3,255
961,187,0,0,248
962,187,0,0,253
963,187,0,0,244
964,187,2,0,254
965,187,3,0,253
966,187,8,3,255
967,187,6,2,245
968,187,0,0,254
969,187,0,0,254
970,187,0,0,254
971,187,0,0,254
972,187,0,0,254
973,187,0,0,254
974,187,0,0,254
975,187,0,0,254
976,187,2,0,252
977,187,0,0,253
978,187,0,3,255
979,187,0,0,250
980,187,4,1,255
981,187,0,0,250
982,187,0,3,245
983,187,0,3,253
984,187,1,0,254
985,187,1,0,254
986,187,1,0,254
987,187,1,0,254
988,187,1,0,254
989,187,1,0,254
990,187,1,0,254
991,187,1,0,254
992,187,0,0,250
993,187,8,2,255
994,187,10,0,255
1011,187,2,0,252
1012,187,0,2,253
1013,187,2,2,255
1014,187,0,0,242
1015,187,0,3,254
1016,187,0,1,252
1017,187,0,1,250
1018,187,0,5,253
1019,187,0,0,249
1020,187,0,7,255
1021,187,0,0,252
1022,187,0,2,254
1023,187,0,5,246
1024,187,2,0,251
1025,187,3,0,252
1026,187,1,0,251
1027,187,3,0,253
1028,187,6,4,255
1029,187,4,1,255
1030,187,0,0,250
1031,187,1,2,243
1032,187,8,1,254
1033,187,0,0,244
1034,187,0,2,254
1035,187,0,0,253
1036,187,6,2,249
1037,187,4,0,251
1038,187,0,0,251
1039,187,0,2,253
1040,187,0,0,254
1041,187,0,0,254
1042,187,0,0,254
1043,187,0,0,254
1044,187,0,0,254
1045,187,0,0,254
1046,187,0,0,254
1047,187,0,0,254
1048,187,0,0,254
1049,187,0,0,254
1050,187,0,0,254
1051,187,0,0,254
1052,187,0,0,254
1053,187,0,0,254
1054,187,0,0,254
1055,187,0,0,254
1056,187,0,0,254
1057,187,0,0,254
1058,187,0,0,254
1059,187,0,0,254
1060,187,0,0,254
1061,187,0,0,254
1062,187,0,0,254
1063,187,0,0,254
1064,187,0,0,254
1065,187,0,0,254
1066,187,0,0,254
1067,187,0,0,254
1068,187,0,0,254
1069,187,0,0,254
1070,187,0,0,254
1071,187,0,0,254
1072,187,0,0,254
1073,187,0,0,254
1074,187,0,0,254
1075,187,0,0,254
1076,187,0,0,254
1077,187,0,0,254
1078,187,0,0,254
1079,187,0,0,254
1080,187,4,1,255
1081,187,5,4,255
1082,187,0,0,251
1083,187,0,3,245
1084,187,4,0,249
1086,187,16,0,255
1087,187,0,4,253
1088,187,0,0,251
1089,187,0,1,253
1090,187,0,3,253
1091,187,0,0,248
1092,187,0,3,255
1093,187,0,0,252
1094,187,0,1,252
1095,187,0,4,249
1096,187,0,0,254
1097,187,0,0,254
1098,187,0,0,254
1099,187,0,0,254
1100,187,0,0,254
1101,187,0,0,254
1102,187,0,0,254
1103,187,0,0,254
1104,187,0,0,254
1105,187,0,0,254
1106,187,0,0,254
1107,187,0,0,254
1108,187,0,0,254
1109,187,0,0,254
1110,187,0,0,254
1111,187,0,0,254
1112,187,0,0,254
1113,187,0,2,255
1114,187,0,1,250
1115,187,0,0,245
1116,187,0,0,253
1117,187,10,0,253
1121,187,8,0,248
1122,187,6,0,250
1123,187,9,0,254
1124,187,8,0,255
1125,187,2,5,255
1126,187,0,0,250
1127,187,0,0,249
1128,187,0,0,254
1129,187,0,0,254
1130,187,0,0,254
1131,187,0,0,254
1132,187,0,0,254
1133,187,0,0,254
1134,187,0,0,254
1135,187,0,0,254
1136,187,0,0,254
1137,187,0,0,254
1138,187,0,0,254
1139,187,0,0,254
1140,187,0,0,254
1141,187,0,0,254
1142,187,0,0,254
1143,187,0,0,254
1144,187,0,5,254
1145,187,1,4,255
1146,187,0,0,245
1147,187,5,0,255
1148,187,1,3,248
1149,187,0,1,253
1150,187,0,0,243
1151,187,2,3,253
1152,187,0,0,254
1153,187,0,0,254
1154,187,0,0,254
1155,187,0,0,254
1156,187,0,0,254
1157,187,0,0,254
1158,187,0,0,254
1159,187,0,0,254
1160,187,0,0,254
1161,187,0,0,254
1162,187,0,0,254
1163,187,0,0,254
1164,187,0,0,254
1165,187,0,0,254
1166,187,0,0,254
1167,187,0,0,254
1168,187,0,0,254
1169,187,0,0,254
1170,187,0,0,254
1171,187,0,0,254
1172,187,0,0,254
1173,187,0,0,254
1174,187,0,0,254
1175,187,0,0,254
1176,187,0,0,254
1177,187,0,0,254
1178,187,0,0,254
1179,187,0,0,254
1180,187,0,0,254
1181,187,0,0,254
1182,187,0,0,254
1183,187,0,0,254
1184,187,0,0,254
1185,187,0,0,254
1186,187,0,0,254
1187,187,0,0,254
1188,187,0,0,254
1189,187,0,0,254
1190,187,0,0,254
1191,187,0,0,254
1192,187,0,0,254
1193,187,0,0,254
1194,187,0,0,254
1195,187,0,0,254
1196,187,0,0,254
1197,187,0,0,254
1198,187,0,0,254
1199,187,0,0,254
1200,187,0,0,254
1201,187,0,0,254
1202,187,0,0,254
1203,187,0,0,254
1204,187,0,0,254
1205,187,0,0,254
1206,187,0,0,254
1207,187,0,0,254
1208,187,0,9,246
1209,187,0,3,254
1210,187,0,5,254
1211,187,1,1,255
1212,187,4,2,249
1213,187,5,0,255
1214,187,7,1,247
1215,187,5,0,254
1216,187,3,3,249
1219,187,11,0,242
1220,187,0,2,253
1221,187,0,4,255
1222,187,0,0,241
1223,187,0,0,248
1224,187,0,3,248
1225,187,0,3,255
1226,187,0,0,249
1227,187,4,0,253
1228,187,15,0,255
1229,187,18,0,254
285,188,9,0,247
286,188,0,1,244
287,188,0,3,255
288,188,0,0,254
289,188,0,0,254
290,188,0,0,254
291,188,0,0,254
292,188,0,0,254
293,188,0,0,254
294,188,0,0,254
295,188,0,0,254
296,188,0,0,243
297,188,2,1,255
298,188,6,0,255
299,188,0,3,251
300,188,2,0,249
959,188,6,0,237
960,188,0,2,253
961,188,3,6,255
962,188,0,0,251
963,188,12,2,255
964,188,11,1,255
965,188,0,0,250
966,188,2,2,255
967,188,0,3,240
968,188,0,0,254
969,188,0,0,254
970,188,0,0,254
971,188,0,0,254
972,188,0,0,254
973,188,0,0,254
974,188,0,0,254
975,188,0,0,254
976,188,0,4,255
977,188,1,4,243
978,188,0,0,249
979,188,4,1,255
1013,188,3,0,251
1014,188,0,7,255
1015,188,0,2,246
1016,188,0,0,251
1017,188,2,1,255
1018,188,1,1,255
1019,188,0,0,252
1020,188,4,3,255
1021,188,8,5,255
1022,188,1,0,249
1023,188,7,4,255
1024,188,2,7,255
1025,188,0,4,253
1026,188,0,4,255
1027,188,0,0,252
1028,188,0,0,249
1029,188,9,0,244
1030,188,19,0,255
1033,188,12,0,255
1034,188,4,7,244
1035,188,0,0,250
1036,188,2,2,255
1037,188,4,1,255
1038,188,1,0,253
1039,188,1,1,255
1040,188,0,0,254
1041,188,0,0,254
1042,188,0,0,254
1043,188,0,0,254
1044,188,0,0,254
1045,188,0,0,254
1046,188,0,0,254
1047,188,0,0,254
1048,188,0,0,254
1049,188,0,0,254
1050,188,0,0,254
1051,188,0,0,254
1052,188,0,0,254
1053,188,0,0,254
1054,188,0,0,254
1055,188,0,0,254
1056,188,0,0,254
1057,188,0,0,254
1058,188,0,0,254
1059,188,0,0,254
1060,188,0,0,254
1061,188,0,0,254
1062,188,0,0,254
1063,188,0,0,254
1064,188,0,0,254
1065,188,0,0,254
1066,188,0,0,254
1067,188,0,0,254
1068,188,0,0,254
1069,188,0,0,254
1070,188,0,0,254
1071,188,0,0,254
1072,188,0,0,254
1073,188,0,0,254
1074,188,0,0,254
1075,188,0,0,254
1076,188,0,0,254
1077,188,0,0,254
1078,188,0,0,254
1079,188,0,0,254
1080,188,0,0,251
1081,188,1,6,255
1082,188,0,6,244
1083,188,1,4,255
1084,188,7,1,255
1085,188,7,0,251
1086,188,2,2,255
1087,188,0,2,251
1088,188,6,0,255
1089,188,4,0,254
1090,188,3,0,253
1091,188,3,0,242
1092,188,6,0,255
1093,188,5,0,255
1094,188,2,0,254
1095,188,1,0,253
1096,188,0,0,254
1097,188,0,0,254
1098,188,0,0,254
1099,188,0,0,254
1100,188,0,0,254
1101,188,0,0,254
1102,188,0,0,254
1103,188,0,0,254
1104,188,0,0,254
1105,188,0,0,254
1106,188,0,0,254
1107,188,0,0,254
1108,188,0,0,254
1109,188,0,0,254
1110,188,0,0,254
1111,188,0,0,254
1112,188,2,2,250
1113,188,0,0,244
1114,188,7,7,255
1115,188,0,0,254
1116,188,7,6,255
1117,188,0,0,249
1118,188,3,0,238
1119,188,10,2,246
1120,188,0,0,252
1121,188,0,1,253
1122,188,0,9,239
1123,188,0,4,255
1124,188,0,2,244
1125,188,0,0,251
1126,188,0,6,242
1127,188,1,0,253
1128,188,0,0,254
1129,188,0,0,254
1130,188,0,0,254
1131,188,0,0,254
1132,188,0,0,254
1133,188,0,0,254
1134,188,0,0,254
1135,188,0,0,254
1136,188,0,0,254
1137,188,0,0,254
1138,188,0,0,254
1139,188,0,0,254
1140,188,0,0,254
1141,188,0,0,254
1142,188,0,0,254
1143,188,0,0,254
1144,188,0,0,246
1145,188,0,0,252
1146,188,6,0,252
1147,188,5,0,255
1148,188,2,2,255
1149,188,0,3,253
1150,188,0,3,255
1151,188,1,4,255
1152,188,0,0,254
1153,188,0,0,254
1154,188,0,0,254
1155,188,0,0,254
1156,188,0,0,254
1157,188,0,0,254
1158,188,0,0,254
1159,188,0,0,254
1160,188,0,0,254
1161,188,0,0,254
1162,188,0,0,254
1163,188,0,0,254
1164,188,0,0,254
1165,188,0,0,254
1166,188,0,0,254
1167,188,0,0,254
1168,188,0,0,254
1169,188,0,0,254
1170,188,0,0,254
1171,188,0,0,254
1172,188,0,0,254
1173,188,0,0,254
1174,188,0,0,254
1175,188,0,0,254
1176,188,0,0,254
1177,188,0,0,254
1178,188,0,0,254
1179,188,0,0,254
1180,188,0,0,254
1181,188,0,0,254
1182,188,0,0,254
1183,188,0,0,254
1184,188,0,0,254
1185,188,0,0,254
1186,188,0,0,254
1187,188,0,0,254
1188,188,0,0,254
1189,188,0,0,254
1190,188,0,0,254
1191,188,0,0,254
1192,188,0,0,254
1193,188,0,0,254
1194,188,0,0,254
1195,188,0,0,254
1196,188,0,0,254
1197,188,0,0,254
1198,188,0,0,254
1199,188,0,0,254
1200,188,0,0,254
1201,188,0,0,254
1202,188,0,0,254
1203,188,0,0,254
1204,188,0,0,254
1205,188,0,0,254
1206,188,0,0,254
1207,188,0,0,254
1208,188,0,0,250
1209,188,0,0,245
1210,188,0,0,254
1211,188,0,0,254
1212,188,0,0,243
1213,188,3,2,255
1214,188,0,0,246
1215,188,5,4,255
1223,188,1,1,255
1224,188,0,0,249
1225,188,0,0,252
1226,188,8,2,248
1227,188,9,0,250
286,189,0,2,251
287,189,1,10,255
288,189,0,0,254
289,189,0,0,254
290,189,0,0,254
291,189,0,0,254
292,189,0,0,254
293,189,0,0,254
294,189,0,0,254
295,189,0,0,254
296,189,0,1,252
297,189,0,2,226
298,189,4,1,255
299,189,0,1,253
300,189,6,0,255
301,189,12,0,255
958,189,7,3,248
959,189,0,2,255
960,189,0,2,239
961,189,0,0,253
962,189,0,0,231
963,189,1,1,255
964,189,0,0,253
965,189,0,3,249
966,189,1,8,255
967,189,0,0,249
968,189,0,0,254
969,189,0,0,254
970,189,0,0,254
971,189,0,0,254
972,189,0,0,254
973,189,0,0,254
974,189,0,0,254
975,189,0,0,254
976,189,1,1,255
977,189,0,0,254
978,189,0,0,246
979,189,0,0,251
1015,189,0,0,245
1016,189,3,2,243
1017,189,1,1,255
1018,189,0,2,251
1019,189,3,8,255
1020,189,1,0,254
1021,189,4,1,255
1022,189,3,0,251
1023,189,0,0,249
1024,189,0,0,251
1025,189,0,0,249
1026,189,4,4,255
1027,189,6,5,255
1028,189,3,0,249
1034,189,5,0,242
1035,189,0,3,238
1036,189,0,2,255
1037,189,1,2,252
1038,189,0,1,241
1039,189,4,1,255
1040,189,0,0,254
1041,189,0,0,254
1042,189,0,0,254
1043,189,0,0,254
1044,189,0,0,254
1045,189,0,0,254
1046,189,0,0,254
1047,189,0,0,254
1048,189,0,0,254
1049,189,0,0,254
1050,189,0,0,254
1051,189,0,0,254
1052,189,0,0,254
1053,189,0,0,254
1054,189,0,0,254
1055,189,0,0,254
1056,189,0,0,254
1057,189,0,0,254
1058,189,0,0,254
1059,189,0,0,254
1060,189,0,0,254
1061,189,0,0,254
1062,189,0,0,254
1063,189,0,0,254
1064,189,0,0,254
1065,189,0,0,254
1066,189,0,0,254
1067,189,0,0,254
1068,189,0,0,254
1069,189,0,0,254
1070,189,0,0,254
1071,189,0,0,254
1072,189,0,0,254
1073,189,0,0,254
1074,189,0,0,254
1075,189,0,0,254
1076,189,0,0,254
1077,189,0,0,254
1078,189,0,0,254
1079,189,0,0,254
1080,189,0,0,246
1081,189,0,5,255
1082,189,0,2,236
1083,189,2,1,252
1084,189,0,0,248
1085,189,0,0,252
1086,189,0,5,248
1087,189,2,1,255
1088,189,0,0,253
1089,189,0,1,254
1090,189,0,3,249
1091,189,3,6,255
1092,189,0,0,250
1093,189,3,0,255
1094,189,3,2,254
1095,189,2,4,247
1096,189,0,0,254
1097,189,0,0,254
1098,189,0,0,254
1099,189,0,0,254
1100,189,0,0,254
1101,189,0,0,254
1102,189,0,0,254
1103,189,0,0,254
1104,189,0,0,254
1105,189,0,0,254
1106,189,0,0,254
1107,189,0,0,254
1108,189,0,0,254
1109,189,0,0,254
1110,189,0,0,254
1111,189,0,0,254
1112,189,1,0,252
1113,189,4,3,255
1114,189,0,0,238
1115,189,5,0,255
1116,189,1,0,253
1117,189,0,0,253
1118,189,0,5,251
1119,189,0,1,253
1120,189,0,8,251
1121,189,0,2,250
1122,189,0,0,251
1123,189,0,0,250
1124,189,0,2,255
1125,189,2,1,255
1126,189,1,0,246
1127,189,8,2,250
1128,189,0,0,254
1129,189,0,0,254
1130,189,0,0,254
1131,189,0,0,254
1132,189,0,0,254
1133,189,0,0,254
1134,189,0,0,254
1135,189,0,0,254
1136,189,0,0,254
1137,189,0,0,254
1138,189,0,0,254
1139,189,0,0,254
1140,189,0,0,254
1141,189,0,0,254
1142,189,0,0,254
1143,189,0,0,254
1144,189,3,0,253
1145,189,2,0,251
1146,189,6,0,248
1147,189,2,0,252
1148,189,3,2,255
1149,189,0,0,251
1150,189,0,2,255
1151,189,0,0,253
1152,189,0,0,254
1153,189,0,0,254
1154,189,0,0,254
1155,189,0,0,254
1156,189,0,0,254
1157,189,0,0,254
1158,189,0,0,254
1159,189,0,0,254
1160,189,0,0,254
1161,189,0,0,254
1162,189,0,0,254
1163,189,0,0,254
1164,189,0,0,254
1165,189,0,0,254
1166,189,0,0,254
1167,189,0,0,254
1168,189,0,0,254
1169,189,0,0,254
1170,189,0,0,254
1171,189,0,0,254
1172,189,0,0,254
1173,189,0,0,254
1174,189,0,0,254
1175,189,0,0,254
1176,189,0,0,254
1177,189,0,0,254
1178,189,0,0,254
1179,189,0,0,254
1180,189,0,0,254
1181,189,0,0,254
1182,189,0,0,254
1183,189,0,0,254
1184,189,0,0,254
1185,189,0,0,254
1186,189,0,0,254
1187,189,0,0,254
1188,189,0,0,254
1189,189,0,0,254
1190,189,0,0,254
1191,189,0,0,254
1192,189,0,0,254
1193,189,0,0,254
1194,189,0,0,254
1195,189,0,0,254
1196,189,0,0,254
1197,189,0,0,254
1198,189,0,0,254
1199,189,0,0,254
1200,189,0,0,254
1201,189,0,0,254
1202,189,0,0,254
1203,189,0,0,254
1204,189,0,0,254
1205,189,0,0,254
1206,189,0,0,254
1207,189,0,0,254
1208,189,0,1,242
1209,189,1,4,255
1210,189,0,0,250
1211,189,2,9,255
1212,189,0,1,253
1213,189,0,9,250
1214,189,0,0,241
1215,189,0,0,243
286,190,11,0,251
287,190,1,2,250
288,190,0,0,254
289,190,0,0,254
290,190,0,0,254
291,190,0,0,254
292,190,0,0,254
293,190,0,0,254
294,190,0,0,254
295,190,0,0,254
296,190,0,5,254
297,190,3,3,255
298,190,0,4,255
299,190,1,1,255
300,190,6,0,238
301,190,0,0,236
955,190,16,0,255
956,190,10,0,255
957,190,2,0,254
958,190,0,0,253
959,190,0,1,253
960,190,3,4,255
961,190,1,4,255
962,190,1,6,255
963,190,0,0,245
964,190,1,6,255
965,190,0,1,254
966,190,0,0,252
967,190,0,0,247
968,190,0,0,254
969,190,0,0,254
970,190,0,0,254
971,190,0,0,254
972,190,0,0,254
973,190,0,0,254
974,190,0,0,254
975,190,0,0,254
976,190,1,1,255
977,190,1,1,249
978,190,3,2,255
979,190,0,3,252
1018,190,18,0,254
1019,190,12,0,233
1035,190,14,1,255
1036,190,0,0,247
1037,190,0,5,255
1038,190,1,5,254
1039,190,0,0,248
1040,190,0,0,254
1041,190,0,0,254
1042,190,0,0,254
1043,190,0,0,254
1044,190,0,0,254
1045,190,0,0,254
1046,190,0,0,254
1047,190,0,0,254
1048,190,0,0,254
1049,190,0,0,254
1050,190,0,0,254
1051,190,0,0,254
1052,190,0,0,254
1053,190,0,0,254
1054,190,0,0,254
1055,190,0,0,254
1056,190,0,0,254
1057,190,0,0,254
1058,190,0,0,254
1059,190,0,0,254
1060,190,0,0,254
1061,190,0,0,254
1062,190,0,0,254
1063,190,0,0,254
1064,190,0,0,254
1065,190,0,0,254
1066,190,0,0,254
1067,190,0,0,254
1068,190,0,0,254
1069,190,0,0,254
1070,190,0,0,254
1071,190,0,0,254
1072,190,0,0,254
1073,190,0,0,254
1074,190,0,0,254
1075,190,0,0,254
1076,190,0,0,254
1077,190,0,0,254
1078,190,0,0,254
1079,190,0,0,254
1080,190,1,1,255
1081,190,2,1,255
1082,190,0,0,251
1083,190,0,2,255
1084,190,0,1,252
1085,190,1,1,247
1086,190,1,1,247
1087,190,3,6,255
1088,190,10,0,251
1089,190,3,0,253
1090,190,0,0,252
1091,190,0,0,235
1092,190,3,2,255
1093,190,2,2,250
1094,190,0,2,254
1095,190,0,1,251
1096,190,0,0,254
1097,190,0,0,254
1098,190,0,0,254
1099,190,0,0,254
1100,190,0,0,254
1101,190,0,0,254
1102,190,0,0,254
1103,190,0,0,254
1104,190,0,0,254
1105,190,0,0,254
1106,190,0,0,254
1107,190,0,0,254
1108,190,0,0,254
1109,190,0,0,254
1110,190,0,0,254
1111,190,0,0,254
1112,190,0,0,254
1113,190,7,6,255
1114,190,0,0,243
1115,190,1,0,250
1116,190,6,3,255
1117,190,3,4,254
1118,190,0,2,248
1119,190,0,0,250
1120,190,0,0,249
1121,190,7,7,255
1122,190,0,0,246
1123,190,0,0,248
1124,190,7,6,255
1125,190,0,0,244
1126,190,2,0,254
1127,190,1,1,255
1128,190,0,0,254
1129,190,0,0,254
1130,190,0,0,254
1131,190,0,0,254
1132,190,0,0,254
1133,190,0,0,254
1134,190,0,0,254
1135,190,0,0,254
1136,190,0,0,254
1137,190,0,0,254
1138,190,0,0,254
1139,190,0,0,254
1140,190,0,0,254
1141,190,0,0,254
1142,190,0,0,254
1143,190,0,0,254
1144,190,0,0,253
1145,190,5,4,255
1146,190,4,3,255
1147,190,0,0,250
1148,190,0,0,251
1149,190,1,3,246
1150,190,0,0,246
1151,190,2,2,248
1152,190,0,0,254
1153,190,0,0,254
1154,190,0,0,254
1155,190,0,0,254
1156,190,0,0,254
1157,190,0,0,254
1158,190,0,0,254
1159,190,0,0,254
1160,190,0,0,254
1161,190,0,0,254
1162,190,0,0,254
1163,190,0,0,254
1164,190,0,0,254
1165,190,0,0,254
1166,190,0,0,254
1167,190,0,0,254
1168,190,0,0,254
1169,190,0,0,254
1170,190,0,0,254
1171,190,0,0,254
1172,190,0,0,254
1173,190,0,0,254
1174,190,0,0,254
1175,190,0,0,254
1176,190,0,0,254
1177,190,0,0,254
1178,190,0,0,254
1179,190,0,0,254
1180,190,0,0,254
1181,190,0,0,254
1182,190,0,0,254
1183,190,0,0,254
1184,190,0,0,254
1185,190,0,0,254
1186,190,0,0,254
1187,190,0,0,254
1188,190,0,0,254
1189,190,0,0,254
1190,190,0,0,254
1191,190,0,0,254
1192,190,0,0,254
1193,190,0,0,254
1194,190,0,0,254
1195,190,0,0,254
1196,190,0,0,254
1197,190,0,0,254
1198,190,0,0,254
1199,190,0,0,254
1200,190,0,0,254
1201,190,0,0,254
1202,190,0,0,254
1203,190,0,0,254
1204,190,0,0,254
1205,190,0,0,254
1206,190,0,0,254
1207,190,0,0,254
1208,190,0,0,253
1209,190,0,0,253
1210,190,3,4,252
1211,190,0,0,238
1212,190,8,0,247
1213,190,16,0,255
287,191,7,0,247
288,191,0,0,254
289,191,0,0,254
290,191,0,0,254
291,191,0,0,254
292,191,0,0,254
293,191,0,0,254
294,191,0,0,254
295,191,0,0,254
296,191,0,2,253
297,191,0,0,252
298,191,0,1,245
299,191,2,0,252
300,191,16,0,255
301,191,0,4,255
953,191,14,0,255
954,191,7,2,252
955,191,0,0,243
956,191,0,4,250
957,191,0,0,253
958,191,0,0,244
959,191,14,4,255
960,191,0,0,252
961,191,2,0,247
962,191,2,0,252
963,191,6,3,255
964,191,3,1,250
965,191,3,0,255
966,191,5,0,253
967,191,8,2,255
968,191,0,0,254
969,191,0,0,254
970,191,0,0,254
971,191,0,0,254
972,191,0,0,254
973,191,0,0,254
974,191,0,0,254
975,191,0,0,254
976,191,0,0,254
977,191,3,3,251
978,191,0,0,252
979,191,0,1,251
1036,191,4,0,253
1037,191,0,0,249
1038,191,0,4,255
1039,191,0,0,254
1040,191,0,0,254
1041,191,0,0,254
1042,191,0,0,254
1043,191,0,0,254
1044,191,0,0,254
1045,191,0,0,254
1046,191,0,0,254
1047,191,0,0,254
1048,191,0,0,254
1049,191,0,0,254
1050,191,0,0,254
1051,191,0,0,254
1052,191,0,0,254
1053,191,0,0,254
1054,191,0,0,254
1055,191,0,0,254
1056,191,0,0,254
1057,191,0,0,254
1058,191,0,0,254
1059,191,0,0,254
1060,191,0,0,254
1061,191,0,0,254
1062,191,0,0,254
1063,191,0,0,254
1064,191,0,0,254
1065,191,0,0,254
1066,191,0,0,254
1067,191,0,0,254
1068,191,0,0,254
1069,191,0,0,254
1070,191,0,0,254
1071,191,0,0,254
1072,191,0,0,254
1073,191,0,0,254
1074,191,0,0,254
1075,191,0,0,254
1076,191,0,0,254
1077,191,0,0,254
1078,191,0,0,254
1079,191,0,0,254
1080,191,1,1,255
1081,191,5,0,254
1082,191,2,1,255
1083,191,0,2,251
1084,191,2,9,245
1085,191,9,0,252
1086,191,9,0,255
1087,191,0,0,249
1088,191,0,0,253
1089,191,0,4,253
1090,191,0,4,253
1091,191,0,0,252
1092,191,4,3,247
1093,191,4,0,253
1094,191,1,0,253
1095,191,0,3,250
1096,191,0,0,254
1097,191,0,0,254
1098,191,0,0,254
1099,191,0,0,254
1100,191,0,0,254
1101,191,0,0,254
1102,191,0,0,254
1103,191,0,0,254
1104,191,0,0,254
1105,191,0,0,254
1106,191,0,0,254
1107,191,0,0,254
1108,191,0,0,254
1109,191,0,0,254
1110,191,0,0,254
1111,191,0,0,254
1112,191,0,0,250
1113,191,0,2,255
1114,191,3,4,252
1115,191,0,0,249
1116,191,1,0,251
1117,191,0,0,253
1118,191,2,1,255
1119,191,4,3,255
1120,191,0,0,251
1121,191,4,1,254
1122,191,3,0,253
1123,191,4,3,255
1124,191,0,0,254
1125,191,0,3,242
1126,191,0,3,255
1127,191,0,7,255
1128,191,0,0,254
1129,191,0,0,254
1130,191,0,0,254
1131,191,0,0,254
1132,191,0,0,254
1133,191,0,0,254
1134,191,0,0,254
1135,191,0,0,254
1136,191,0,0,254
1137,191,0,0,254
1138,191,0,0,254
1139,191,0,0,254
1140,191,0,0,254
1141,191,0,0,254
1142,191,0,0,254
1143,191,0,0,254
1144,191,0,3,252
1145,191,0,1,253
1146,191,0,4,255
1147,191,0,1,250
1148,191,0,3,243
1149,191,1,0,254
1150,191,5,2,255
1151,191,1,0,253
1152,191,0,0,254
1153,191,0,0,254
1154,191,0,0,254
1155,191,0,0,254
1156,191,0,0,254
1157,191,0,0,254
1158,191,0,0,254
1159,191,0,0,254
1160,191,0,0,254
1161,191,0,0,254
1162,191,0,0,254
1163,191,0,0,254
1164,191,0,0,254
1165,191,0,0,254
1166,191,0,0,254
1167,191,0,0,254
1168,191,0,0,254
1169,191,0,0,254
1170,191,0,0,254
1171,191,0,0,254
1172,191,0,0,254
1173,191,0,0,254
1174,191,0,0,254
1175,191,0,0,254
1176,191,0,0,254
1177,191,0,0,254
1178,191,0,0,254
1179,191,0,0,254
1180,191,0,0,254
1181,191,0,0,254
1182,191,0,0,254
1183,191,0,0,254
1184,191,0,0,254
1185,191,0,0,254
1186,191,0,0,254
1187,191,0,0,254
1188,191,0,0,254
1189,191,0,0,254
1190,191,0,0,254
1191,191,0,0,254
1192,191,0,0,254
1193,191,0,0,254
1194,191,0,0,254
1195,191,0,0,254
1196,191,0,0,254
1197,191,0,0,254
1198,191,0,0,254
1199,191,0,0,254
1200,191,0,0,254
1201,191,0,0,254
1202,191,0,0,254
1203,191,0,0,254
1204,191,0,0,254
1205,191,0,0,254
1206,191,0,0,254
1207,191,0,0,254
288,192,5,0,251
289,192,0,8,254
290,192,0,0,252
291,192,6,3,255
292,192,0,0,250
293,192,1,0,254
294,192,0,0,250
295,192,5,0,254
296,192,0,0,251
297,192,6,6,255
298,192,0,0,238
299,192,5,4,255
300,192,0,0,252
301,192,2,0,249
302,192,5,0,255
953,192,5,0,255
954,192,3,0,250
955,192,1,0,253
956,192,4,3,255
957,192,0,0,237
958,192,6,6,255
959,192,0,0,252
960,192,0,0,254
961,192,0,0,254
962,192,0,0,254
963,192,0,0,254
964,192,0,0,254
965,192,0,0,254
966,192,0,0,254
967,192,0,0,254
968,192,0,2,254
969,192,0,3,255
970,192,0,0,251
971,192,8,3,253
972,192,5,0,255
973,192,1,2,242
974,192,0,0,251
975,192,0,4,255
976,192,0,0,246
977,192,0,0,248
978,192,0,4,255
979,192,14,2,255
1036,192,17,0,255
1037,192,4,0,251
1038,192,0,2,254
1039,192,0,5,245
1040,192,0,1,251
1041,192,0,0,253
1042,192,2,2,255
1043,192,0,0,237
1044,192,5,7,248
1045,192,1,4,255
1046,192,0,1,254
1047,192,0,1,254
1048,192,1,2,250
1049,192,0,0,252
1050,192,0,3,254
1051,192,0,0,244
1052,192,6,3,255
1053,192,4,0,253
1054,192,1,0,252
1055,192,0,3,255
1056,192,4,0,254
1057,192,1,0,253
1058,192,1,0,251
1059,192,0,0,250
1060,192,0,0,250
1061,192,0,0,254
1062,192,0,0,250
1063,192,1,1,247
1064,192,0,4,255
1065,192,0,0,252
1066,192,0,1,253
1067,192,0,0,250
1068,192,0,0,250
1069,192,0,1,253
1070,192,0,0,252
1071,192,0,4,255
1072,192,0,4,255
1073,192,0,0,249
1074,192,0,0,250
1075,192,1,0,254
1076,192,3,2,255
1077,192,0,3,255
1078,192,0,0,241
1079,192,0,0,250
1080,192,0,0,254
1081,192,0,0,254
1082,192,0,0,254
1083,192,0,0,254
1084,192,0,0,254
1085,192,0,0,254
1086,192,0,0,254
1087,192,0,0,254
1088,192,0,0,254
1089,192,0,0,254
1090,192,0,0,254
1091,192,0,0,254
1092,192,0,0,254
1093,192,0,0,254
1094,192,0,0,254
1095,192,0,0,254
1096,192,0,0,252
1097,192,0,0,250
1098,192,0,1,251
1099,192,3,3,255
1100,192,5,0,253
1101,192,3,0,252
1102,192,10,7,255
1103,192,0,0,247
1104,192,9,3,255
1105,192,0,0,249
1106,192,5,0,255
1107,192,0,0,252
1108,192,0,0,251
1109,192,4,3,255
1110,192,1,1,247
1111,192,3,2,255
1112,192,0,0,254
1113,192,0,0,254
1114,192,0,0,254
1115,192,0,0,254
1116,192,0,0,254
1117,192,0,0,254
1118,192,0,0,254
1119,192,0,0,254
1120,192,0,0,254
1121,192,0,0,254
1122,192,0,0,254
1123,192,0,0,254
1124,192,0,0,254
1125,192,0,0,254
1126,192,0,0,254
1127,192,0,0,254
1128,192,1,8,255
1129,192,0,0,240
1130,192,7,7,255
1131,192,1,0,246
1132,192,2,1,255
1133,192,2,2,255
1134,192,0,0,249
1135,192,0,0,252
1136,192,0,0,253
1137,192,0,0,253
1138,192,0,0,253
1139,192,0,0,253
1140,192,0,0,253
1141,192,0,0,253
1142,192,0,0,253
1143,192,0,0,253
1144,192,0,0,254
1145,192,0,0,254
1146,192,0,0,254
1147,192,0,0,254
1148,192,0,0,254
1149,192,0,0,254
1150,192,0,0,254
1151,192,0,0,254
1152,192,1,3,246
1153,192,0,0,252
1154,192,5,0,255
1155,192,8,0,255
1156,192,7,1,255
1157,192,2,1,253
1158,192,2,6,251
1159,192,0,0,248
1160,192,5,5,253
1161,192,4,0,254
1162,192,3,0,246
1163,192,3,3,255
1164,192,0,2,248
1165,192,0,0,248
1166,192,3,5,250
1167,192,10,0,255
1168,192,5,0,254
1169,192,0,0,250
1170,192,0,0,251
1171,192,0,4,239
1172,192,0,7,255
1173,192,0,3,254
1174,192,0,8,251
1175,192,0,0,249
1176,192,0,0,251
1177,192,0,8,255
1178,192,0,0,229
1179,192,5,4,255
1180,192,0,0,247
1181,192,1,0,253
1182,192,4,1,255
1183,192,0,1,241
1184,192,0,5,236
1185,192,0,1,254
1186,192,0,0,253
1187,192,4,3,255
1188,192,0,0,245
1189,192,1,1,247
1190,192,0,0,253
1191,192,0,3,245
1192,192,5,8,255
1193,192,0,1,252
1194,192,0,0,248
1195,192,0,2,255
1196,192,3,3,255
1197,192,0,0,243
1198,192,11,3,255
1199,192,2,0,249
1200,192,0,7,252
1201,192,3,5,248
1202,192,0,0,249
1203,192,6,0,255
1204,192,0,0,252
1205,192,0,1,252
288,193,10,0,255
289,193,0,5,255
290,193,0,2,235
291,193,0,0,249
292,193,2,5,255
293,193,0,0,247
294,193,4,4,255
295,193,5,0,255
296,193,0,0,252
297,193,0,0,250
298,193,0,1,251
299,193,6,5,255
300,193,6,3,255
301,193,3,3,239
302,193,4,0,251
303,193,1,0,251
952,193,3,0,253
953,193,4,0,251
954,193,1,1,237
955,193,4,1,255
956,193,8,7,255
957,193,3,4,254
958,193,0,0,250
959,193,0,0,250
960,193,0,0,254
961,193,0,0,254
962,193,0,0,254
963,193,0,0,254
964,193,0,0,254
965,193,0,0,254
966,193,0,0,254
967,193,0,0,254
968,193,4,1,255
969,193,1,0,251
970,193,0,0,251
971,193,0,3,255
972,193,0,4,253
973,193,0,0,251
974,193,0,2,247
975,193,1,0,254
976,193,8,7,255
977,193,0,0,245
978,193,1,1,239
1037,193,14,0,251
1038,193,5,1,248
1039,193,0,0,253
1040,193,3,3,255
1041,193,3,3,255
1042,193,0,0,252
1043,193,0,0,250
1044,193,0,4,253
1045,193,0,2,255
1046,193,0,0,250
1047,193,0,3,252
1048,193,8,0,252
1049,193,4,0,254
1050,193,0,1,254
1051,193,0,1,253
1052,193,0,4,238
1053,193,3,3,255
1054,193,0,0,252
1055,193,0,2,255
1056,193,3,3,239
1057,193,8,5,255
1058,193,0,0,251
1059,193,4,1,255
1060,193,4,3,245
1061,193,5,5,253
1062,193,5,7,250
1063,193,0,0,254
1064,193,2,1,255
1065,193,4,4,250
1066,193,3,1,252
1067,193,3,0,255
1068,193,3,0,255
1069,193,3,1,252
1070,193,4,4,250
1071,193,2,1,255
1072,193,9,0,255
1073,193,8,0,254
1074,193,8,0,253
1075,193,16,6,255
1076,193,0,0,247
1077,193,0,0,252
1078,193,7,7,255
1079,193,0,1,254
1080,193,0,0,254
1081,193,0,0,254
1082,193,0,0,254
1083,193,0,0,254
1084,193,0,0,254
1085,193,0,0,254
1086,193,0,0,254
1087,193,0,0,254
1088,193,0,0,254
1089,193,0,0,254
1090,193,0,0,254
1091,193,0,0,254
1092,193,0,0,254
1093,193,0,0,254
1094,193,0,0,254
1095,193,0,0,254
1096,193,0,4,247
1097,193,1,4,255
1098,193,5,0,254
1099,193,10,4,252
1100,193,0,0,253
1101,193,0,0,244
1102,193,2,5,255
1103,193,7,5,255
1104,193,0,0,249
1105,193,2,2,255
1106,193,0,4,246
1107,193,0,5,246
1108,193,0,1,253
1109,193,0,0,252
1110,193,1,0,254
1111,193,4,3,255
1112,193,0,0,254
1113,193,0,0,254
1114,193,0,0,254
1115,193,0,0,254
1116,193,0,0,254
1117,193,0,0,254
1118,193,0,0,254
1119,193,0,0,254
1120,193,0,0,254
1121,193,0,0,254
1122,193,0,0,254
1123,193,0,0,254
1124,193,0,0,254
1125,193,0,0,254
1126,193,0,0,254
1127,193,0,0,254
1128,193,1,0,247
1129,193,5,2,255
1130,193,0,0,242
1131,193,0,0,253
1132,193,0,2,254
1133,193,0,0,249
1134,193,0,0,253
1135,193,4,2,253
1136,193,1,1,255
1137,193,1,1,255
1138,193,1,1,255
1139,193,1,1,255
1140,193,1,1,255
1141,193,1,1,255
1142,193,1,1,255
1143,193,1,1,255
1144,193,0,0,254
1145,193,0,0,254
1146,193,0,0,254
1147,193,0,0,254
1148,193,0,0,254
1149,193,0,0,254
1150,193,0,0,254
1151,193,0,0,254
1152,193,0,1,253
1153,193,0,2,249
1154,193,4,3,255
1155,193,1,0,251
1156,193,0,0,235
1157,193,2,0,254
1158,193,0,0,246
1159,193,4,7,255
1160,193,0,1,250
1161,193,0,0,251
1162,193,6,4,253
1163,193,1,1,255
1164,193,0,0,250
1165,193,0,2,254
1166,193,0,0,254
1167,193,8,2,255
1168,193,3,4,242
1169,193,2,1,255
1170,193,5,5,255
1171,193,0,0,250
1172,193,0,0,251
1173,193,4,4,248
1174,193,6,5,255
1175,193,0,0,250
1176,193,0,3,245
1177,193,3,6,255
1178,193,2,5,255
1179,193,0,0,253
1180,193,1,4,255
1181,193,1,5,250
1182,193,4,4,255
1183,193,1,2,252
1187,193,5,0,252
1188,193,0,0,250
1189,193,0,1,253
1190,193,0,0,250
1191,193,0,5,255
1192,193,0,0,249
1193,193,0,0,245
1194,193,3,2,253
1195,193,0,0,241
1196,193,2,0,254
1197,193,5,5,253
1198,193,0,0,241
1199,193,0,2,254
1200,193,0,0,253
1201,193,8,0,253
1202,193,0,0,253
1203,193,3,0,255
1204,193,2,2,246
1205,193,4,0,254
289,194,3,7,252
290,194,4,1,255
291,194,5,4,246
292,194,0,2,254
293,194,1,2,253
294,194,0,1,237
295,194,0,0,252
296,194,0,1,251
297,194,0,0,248
298,194,4,4,255
299,194,0,0,237
300,194,0,0,251
301,194,0,0,250
302,194,1,1,239
303,194,9,3,255
304,194,0,1,250
952,194,6,0,255
953,194,1,1,239
954,194,0,0,252
955,194,0,0,253
956,194,0,0,236
957,194,1,1,255
958,194,0,0,248
959,194,3,4,254
960,194,0,0,254
961,194,0,0,254
962,194,0,0,254
963,194,0,0,254
964,194,0,0,254
965,194,0,0,254
966,194,0,0,254
967,194,0,0,254
968,194,3,0,253
969,194,0,0,251
970,194,0,0,241
971,194,0,4,241
972,194,0,0,250
973,194,0,1,253
974,194,6,6,255
975,194,0,0,247
976,194,0,0,253
977,194,6,0,255
978,194,13,0,255
1039,194,15,0,246
1040,194,0,0,251
1041,194,0,0,254
1042,194,4,7,246
1043,194,5,8,255
1044,194,2,5,255
1045,194,0,0,247
1046,194,0,0,249
1047,194,0,0,251
1048,194,0,3,255
1049,194,0,0,251
1050,194,8,0,253
1051,194,10,0,255
1052,194,6,0,253
1053,194,1,0,242
1054,194,2,2,255
1055,194,0,0,249
1056,194,0,1,251
1057,194,0,7,241
1058,194,0,0,252
1059,194,4,4,255
1060,194,0,0,253
1061,194,0,0,244
1062,194,0,0,250
1063,194,0,5,251
1064,194,0,3,255
1065,194,0,0,248
1066,194,1,0,253
1067,194,5,0,255
1068,194,5,0,255
1069,194,1,0,253
1070,194,0,0,248
1071,194,0,3,255
1072,194,0,6,252
1073,194,0,4,245
1074,194,1,8,255
1075,194,0,0,235
1076,194,0,1,254
1077,194,1,0,254
1078,194,4,0,251
1079,194,8,4,241
1080,194,0,0,254
1081,194,0,0,254
1082,194,0,0,254
1083,194,0,0,254
1084,194,0,0,254
1085,194,0,0,254
1086,194,0,0,254
1087,194,0,0,254
1088,194,0,0,254
1089,194,0,0,254
1090,194,0,0,254
1091,194,0,0,254
1092,194,0,0,254
1093,194,0,0,254
1094,194,0,0,254
1095,194,0,0,254
1096,194,0,5,255
1097,194,0,5,243
1098,194,0,0,248
1099,194,2,1,255
1100,194,2,0,252
1101,194,0,0,252
1102,194,0,1,233
1103,194,0,0,252
1106,194,7,0,249
1107,194,0,0,254
1108,194,1,1,255
1109,194,3,2,255
1110,194,0,0,253
1111,194,0,0,248
1112,194,0,0,254
1113,194,0,0,254
1114,194,0,0,254
1115,194,0,0,254
1116,194,0,0,254
1117,194,0,0,254
1118,194,0,0,254
1119,194,0,0,254
1120,194,0,0,254
1121,194,0,0,254
1122,194,0,0,254
1123,194,0,0,254
1124,194,0,0,254
1125,194,0,0,254
1126,194,0,0,254
1127,194,0,0,254
1128,194,5,0,249
1129,194,2,0,252
1130,194,4,3,255
1131,194,0,1,237
1132,194,0,2,255
1133,194,0,0,254
1134,194,9,6,255
1135,194,1,0,240
1136,194,4,0,252
1137,194,4,0,252
1138,194,4,0,252
1139,194,4,0,252
1140,194,4,0,252
1141,194,4,0,252
1142,194,4,0,252
1143,194,4,0,252
1144,194,0,0,254
1145,194,0,0,254
1146,194,0,0,254
1147,194,0,0,254
1148,194,0,0,254
1149,194,0,0,254
1150,194,0,0,254
1151,194,0,0,254
1152,194,0,6,253
1153,194,0,1,253
1154,194,0,2,254
1155,194,3,3,255
1156,194,0,0,252
1157,194,1,0,254
1158,194,4,3,255
1159,194,0,0,252
1160,194,0,0,251
1161,194,1,6,255
1162,194,0,0,248
1163,194,3,3,247
1164,194,0,3,245
1165,194,0,5,244
1166,194,0,0,253
1167,194,0,0,247
1168,194,0,0,250
1169,194,0,2,247
1170,194,1,0,252
1171,194,3,0,253
1172,194,5,0,247
1173,194,0,0,237
1174,194,9,1,255
1175,194,8,0,255
1176,194,1,0,250
1177,194,1,0,244
1178,194,0,0,245
1179,194,3,2,255
1180,194,3,0,253
1181,194,5,0,247
1182,194,8,0,251
1189,194,18,0,255
1190,194,7,0,251
1191,194,5,2,255
1192,194,3,6,255
1193,194,0,2,255
1194,194,0,1,254
1195,194,0,0,229
1196,194,0,2,249
1197,194,0,0,249
1198,194,2,5,255
1199,194,0,0,250
1200,194,0,0,253
1201,194,0,0,251
1202,194,0,11,255
1203,194,0,1,252
1204,194,0,0,249
1205,194,6,0,252
289,195,3,0,255
290,195,1,0,251
291,195,0,0,240
292,195,0,4,255
293,195,3,3,255
294,195,3,8,255
295,195,0,2,244
296,195,3,4,255
297,195,0,0,246
298,195,0,0,254
299,195,6,5,255
300,195,0,0,239
301,195,4,3,255
302,195,3,0,255
303,195,0,0,250
304,195,0,0,249
305,195,2,2,248
306,195,18,0,255
951,195,10,0,255
952,195,0,0,251
953,195,3,0,255
954,195,3,2,255
955,195,0,0,238
956,195,6,5,255
957,195,2,2,255
958,195,0,0,246
959,195,2,3,254
960,195,0,0,254
961,195,0,0,254
962,195,0,0,254
963,195,0,0,254
964,195,0,0,254
965,195,0,0,254
966,195,0,0,254
967,195,0,0,254
968,195,2,6,255
969,195,0,1,252
970,195,1,0,254
971,195,0,0,251
972,195,7,8,249
973,195,0,0,250
974,195,2,2,255
975,195,1,4,255
976,195,4,3,255
977,195,14,0,255
1040,195,0,0,248
1041,195,0,0,252
1042,195,0,0,245
1043,195,0,0,251
1044,195,0,0,252
1045,195,0,0,251
1046,195,2,2,255
1047,195,2,2,255
1048,195,0,5,255
1049,195,0,0,249
1050,195,0,0,253
1051,195,0,2,245
1052,195,0,3,255
1053,195,1,1,249
1054,195,8,0,248
1061,195,9,0,241
1062,195,4,3,255
1063,195,0,6,255
1064,195,9,0,255
1065,195,4,0,254
1066,195,0,4,255
1067,195,0,10,246
1068,195,0,10,246
1069,195,0,4,255
1070,195,4,0,254
1071,195,9,0,255
1072,195,1,0,253
1073,195,0,0,251
1074,195,2,4,245
1075,195,0,0,252
1076,195,0,3,255
1077,195,0,0,254
1078,195,5,3,254
1079,195,2,0,252
1080,195,0,0,254
1081,195,0,0,254
1082,195,0,0,254
1083,195,0,0,254
1084,195,0,0,254
1085,195,0,0,254
1086,195,0,0,254
1087,195,0,0,254
1088,195,0,0,254
1089,195,0,0,254
1090,195,0,0,254
1091,195,0,0,254
1092,195,0,0,254
1093,195,0,0,254
1094,195,0,0,254
1095,195,0,0,254
1096,195,4,0,254
1097,195,0,0,250
1098,195,0,7,255
1099,195,0,4,249
1100,195,3,3,251
1101,195,11,4,255
1102,195,0,0,250
1103,195,2,5,255
1106,195,0,0,252
1107,195,0,0,237
1108,195,1,7,253
1109,195,4,4,255
1110,195,0,2,243
1111,195,0,4,255
1112,195,0,0,254
1113,195,0,0,254
1114,195,0,0,254
1115,195,0,0,254
1116,195,0,0,254
1117,195,0,0,254
1118,195,0,0,254
1119,195,0,0,254
1120,195,0,0,254
1121,195,0,0,254
1122,195,0,0,254
1123,195,0,0,254
1124,195,0,0,254
1125,195,0,0,254
1126,195,0,0,254
1127,195,0,0,254
1128,195,0,3,255
1129,195,0,1,254
1130,195,2,1,255
1131,195,1,0,239
1132,195,4,0,254
1133,195,0,0,251
1134,195,0,2,255
1135,195,0,6,252
1136,195,0,0,253
1137,195,0,0,253
1138,195,0,0,253
1139,195,0,0,253
1140,195,0,0,253
1141,195,0,0,253
1142,195,0,0,253
1143,195,0,0,253
1144,195,0,0,254
1145,195,0,0,254
1146,195,0,0,254
1147,195,0,0,254
1148,195,0,0,254
1149,195,0,0,254
1150,195,0,0,254
1151,195,0,0,254
1152,195,0,0,250
1153,195,1,6,255
1154,195,0,0,244
1155,195,0,4,244
1156,195,0,0,250
1157,195,0,3,255
1158,195,0,0,245
1159,195,0,2,255
1160,195,0,2,253
1161,195,0,4,246
1162,195,2,2,255
1163,195,4,3,255
1164,195,0,0,243
1165,195,0,0,243
1166,195,0,1,254
1167,195,0,1,250
1168,195,0,0,249
1169,195,5,8,255
1170,195,0,0,253
1171,195,3,0,250
1172,195,8,2,255
1173,195,0,0,238
1174,195,1,0,253
1175,195,0,0,253
1176,195,6,3,255
1177,195,0,0,252
1178,195,0,2,253
1179,195,5,6,255
1180,195,2,0,252
1181,195,7,0,249
1194,195,11,0,248
1195,195,2,1,255
1196,195,0,4,255
1197,195,0,1,252
1198,195,1,4,255
1199,195,0,1,239
1200,195,5,1,248
1201,195,2,0,254
1202,195,0,2,253
1203,195,13,14,252
1204,195,12,0,254
289,196,1,0,237
290,196,4,3,247
291,196,4,3,255
292,196,0,0,250
293,196,0,0,246
294,196,0,1,253
295,196,0,0,249
296,196,0,0,253
297,196,5,5,255
298,196,1,1,255
299,196,5,4,255
300,196,5,4,255
301,196,0,2,237
302,196,4,3,255
303,196,5,4,255
304,196,2,0,254
305,196,0,3,255
306,196,0,0,253
307,196,12,0,252
950,196,8,0,242
951,196,0,0,250
952,196,6,5,255
953,196,4,3,255
954,196,0,1,236
955,196,4,3,254
956,196,5,4,255
957,196,2,2,255
958,196,6,6,255
959,196,0,0,252
960,196,0,0,254
961,196,0,0,254
962,196,0,0,254
963,196,0,0,254
964,196,0,0,254
965,196,0,0,254
966,196,0,0,254
967,196,0,0,254
968,196,0,4,253
969,196,0,0,251
970,196,0,0,244
971,196,4,1,255
972,196,4,1,255
973,196,5,0,252
974,196,4,0,253
975,196,7,0,253
976,196,4,0,250
1041,196,8,0,250
1042,196,8,0,255
1043,196,5,0,251
1044,196,9,1,255
1045,196,0,0,226
1046,196,10,2,255
1047,196,0,0,250
1048,196,5,0,244
1062,196,10,0,252
1063,196,4,0,248
1064,196,0,0,253
1065,196,3,3,251
1066,196,0,0,252
1067,196,0,0,250
1068,196,0,0,250
1069,196,0,0,252
1070,196,3,3,251
1071,196,0,0,253
1072,196,3,3,255
1073,196,0,0,230
1074,196,2,5,255
1075,196,0,3,255
1076,196,0,3,242
1077,196,0,0,253
1078,196,0,0,240
1079,196,0,0,253
1080,196,0,0,254
1081,196,0,0,254
1082,196,0,0,254
1083,196,0,0,254
1084,196,0,0,254
1085,196,0,0,254
1086,196,0,0,254
1087,196,0,0,254
1088,196,0,0,254
1089,196,0,0,254
1090,196,0,0,254
1091,196,0,0,254
1092,196,0,0,254
1093,196,0,0,254
1094,196,0,0,254
1095,196,0,0,254
1096,196,2,1,255
1097,196,4,2,253
1098,196,0,0,245
1099,196,1,4,255
1100,196,0,4,255
1101,196,0,1,254
1102,196,9,0,251
1106,196,3,0,246
1107,196,5,5,255
1108,196,0,0,253
1109,196,0,1,254
1110,196,0,0,250
1111,196,0,5,238
1112,196,0,0,254
1113,196,0,0,254
1114,196,0,0,254
1115,196,0,0,254
1116,196,0,0,254
1117,196,0,0,254
1118,196,0,0,254
1119,196,0,0,254
1120,196,0,0,254
1121,196,0,0,254
1122,196,0,0,254
1123,196,0,0,254
1124,196,0,0,254
1125,196,0,0,254
1126,196,0,0,254
1127,196,0,0,254
1128,196,0,0,241
1129,196,0,8,255
1130,196,2,7,246
1131,196,3,2,255
1132,196,3,2,246
1133,196,6,3,255
1134,196,0,0,254
1135,196,0,1,254
1136,196,0,2,255
1137,196,0,2,255
1138,196,0,2,255
1139,196,0,2,255
1140,196,0,2,255
1141,196,0,2,255
1142,196,0,2,255
1143,196,0,2,255
1144,196,0,0,254
1145,196,0,0,254
1146,196,0,0,254
1147,196,0,0,254
1148,196,0,0,254
1149,196,0,0,254
1150,196,0,0,254
1151,196,0,0,254
1152,196,3,0,255
1153,196,4,3,247
1154,196,0,0,253
1155,196,0,5,245
1156,196,0,1,254
1157,196,0,1,253
1158,196,0,3,253
1159,196,0,3,241
1160,196,6,6,255
1161,196,3,3,255
1162,196,0,0,248
1163,196,7,6,255
1164,196,3,2,255
1165,196,0,1,242
1166,196,4,7,255
1167,196,0,4,255
1168,196,0,3,255
1169,196,1,5,254
1170,196,0,0,250
1171,196,9,9,255
1172,196,1,3,246
1173,196,1,4,255
1174,196,0,2,251
1175,196,0,2,254
1176,196,3,2,255
1177,196,0,0,253
1178,196,0,0,250
1179,196,0,7,246
1180,196,0,0,253
1181,196,6,0,247
1195,196,4,3,255
1196,196,0,5,253
1197,196,0,0,245
1198,196,6,6,255
1199,196,4,0,249
1200,196,0,0,253
1201,196,1,1,247
1202,196,0,0,253
1203,196,8,0,250
289,197,2,0,252
290,197,0,0,249
291,197,4,5,253
292,197,0,0,253
293,197,1,0,253
294,197,0,1,254
295,197,0,2,249
296,197,0,0,237
297,197,0,0,249
298,197,1,1,255
299,197,1,1,255
300,197,0,0,253
301,197,0,0,253
302,197,0,0,254
303,197,0,1,244
304,197,3,0,255
305,197,0,0,252
306,197,0,5,237
307,197,0,5,255
308,197,12,0,255
949,197,10,0,253
950,197,4,0,252
951,197,3,4,255
952,197,0,0,242
953,197,1,1,255
954,197,2,2,255
955,197,1,1,255
956,197,0,0,253
957,197,0,0,252
958,197,0,0,249
959,197,0,0,239
960,197,0,0,254
961,197,0,0,254
962,197,0,0,254
963,197,0,0,254
964,197,0,0,254
965,197,0,0,254
966,197,0,0,254
967,197,0,0,254
968,197,5,0,254
969,197,4,3,255
970,197,0,1,237
971,197,5,10,255
972,197,0,0,252
973,197,5,0,249
974,197,14,0,253
1063,197,14,0,253
1064,197,0,5,242
1065,197,0,1,253
1066,197,2,5,255
1067,197,0,1,240
1068,197,0,1,240
1069,197,2,5,255
1070,197,0,1,253
1071,197,0,5,242
1076,197,11,0,247
1077,197,11,5,251
1078,197,0,3,255
1079,197,0,8,252
1080,197,0,0,254
1081,197,0,0,254
1082,197,0,0,254
1083,197,0,0,254
1084,197,0,0,254
1085,197,0,0,254
1086,197,0,0,254
1087,197,0,0,254
1088,197,0,0,254
1089,197,0,0,254
1090,197,0,0,254
1091,197,0,0,254
1092,197,0,0,254
1093,197,0,0,254
1094,197,0,0,254
1095,197,0,0,254
1096,197,5,0,255
1097,197,2,0,243
1098,197,0,0,244
1099,197,8,5,255
1100,197,0,0,248
1101,197,13,0,255
1107,197,14,0,255
1108,197,0,0,246
1109,197,0,1,240
1110,197,0,3,255
1111,197,0,2,255
1112,197,0,0,254
1113,197,0,0,254
1114,197,0,0,254
1115,197,0,0,254
1116,197,0,0,254
1117,197,0,0,254
1118,197,0,0,254
1119,197,0,0,254
1120,197,0,0,254
1121,197,0,0,254
1122,197,0,0,254
1123,197,0,0,254
1124,197,0,0,254
1125,197,0,0,254
1126,197,0,0,254
1127,197,0,0,254
1128,197,0,0,252
1129,197,0,6,248
1130,197,0,2,254
1131,197,0,0,246
1132,197,2,3,241
1133,197,3,0,252
1135,197,13,0,253
1136,197,0,1,254
1137,197,0,1,254
1138,197,0,1,254
1139,197,0,1,254
1140,197,0,1,254
1141,197,0,1,254
1142,197,0,1,254
1143,197,0,1,254
1144,197,0,0,254
1145,197,0,0,254
1146,197,0,0,254
1147,197,0,0,254
1148,197,0,0,254
1149,197,0,0,254
1150,197,0,0,254
1151,197,0,0,254
1152,197,2,0,251
1153,197,0,0,246
1154,197,5,4,255
1155,197,2,2,255
1156,197,0,2,247
1157,197,0,5,235
1158,197,4,4,255
1159,197,3,3,247
1160,197,7,0,250
1161,197,9,0,249
1162,197,0,0,235
1163,197,0,1,251
1164,197,2,2,255
1165,197,1,0,254
1166,197,0,1,246
1167,197,0,2,244
1168,197,1,0,254
1169,197,0,0,248
1170,197,2,6,253
1171,197,0,1,253
1172,197,0,0,247
1173,197,0,0,246
1174,197,4,1,255
1175,197,2,0,247
1176,197,0,5,254
1177,197,0,0,235
1178,197,0,0,254
1179,197,5,0,252
1196,197,14,0,255
1197,197,7,1,255
1198,197,2,7,246
1199,197,0,0,248
1200,197,0,2,251
1201,197,3,0,251
1202,197,8,1,252
289,198,2,0,241
290,198,4,4,255
291,198,0,0,252
292,198,0,0,240
293,198,7,0,254
294,198,3,2,255
295,198,1,0,251
296,198,4,3,255
297,198,0,0,249
298,198,0,0,245
299,198,6,6,255
300,198,1,3,248
301,198,0,0,252
302,198,0,0,254
303,198,0,0,254
304,198,0,0,252
305,198,6,3,255
306,198,0,1,254
307,198,0,3,254
308,198,0,0,248
948,198,14,0,254
949,198,1,0,254
950,198,0,0,250
951,198,6,3,255
952,198,2,2,255
953,198,0,0,254
954,198,0,0,249
955,198,0,2,247
956,198,7,7,255
957,198,0,0,247
958,198,0,0,249
959,198,2,1,255
960,198,0,0,254
961,198,0,0,254
962,198,0,0,254
963,198,0,0,254
964,198,0,0,254
965,198,0,0,254
966,198,0,0,254
967,198,0,0,254
968,198,1,0,237
969,198,4,3,255
970,198,1,5,254
971,198,0,0,242
972,198,0,0,250
973,198,10,0,250
1065,198,12,0,252
1066,198,2,1,255
1067,198,0,6,250
1068,198,0,6,250
1069,198,2,1,255
1070,198,12,0,252
1077,198,10,0,236
1078,198,0,0,250
1079,198,0,0,248
1080,198,0,0,254
1081,198,0,0,254
1082,198,0,0,254
1083,198,0,0,254
1084,198,0,0,254
1085,198,0,0,254
1086,198,0,0,254
1087,198,0,0,254
1088,198,0,0,254
1089,198,0,0,254
1090,198,0,0,254
1091,198,0,0,254
1092,198,0,0,254
1093,198,0,0,254
1094,198,0,0,254
1095,198,0,0,254
1096,198,3,0,249
1097,198,0,0,252
1098,198,2,0,251
1099,198,15,0,255
1107,198,10,0,250
1108,198,2,1,255
1109,198,0,0,252
1110,198,0,3,254
1111,198,0,0,250
1112,198,0,0,254
1113,198,0,0,254
1114,198,0,0,254
1115,198,0,0,254
1116,198,0,0,254
1117,198,0,0,254
1118,198,0,0,254
1119,198,0,0,254
1120,198,0,0,254
1121,198,0,0,254
1122,198,0,0,254
1123,198,0,0,254
1124,198,0,0,254
1125,198,0,0,254
1126,198,0,0,254
1127,198,0,0,254
1128,198,3,3,247
1129,198,0,0,237
1130,198,0,0,240
1131,198,5,0,254
1132,198,15,0,255
1136,198,2,0,254
1137,198,2,0,254
1138,198,2,0,254
1139,198,2,0,254
1140,198,2,0,254
1141,198,2,0,254
1142,198,2,0,254
1143,198,2,0,254
1144,198,0,0,254
1145,198,0,0,254
1146,198,0,0,254
1147,198,0,0,254
1148,198,0,0,254
1149,198,0,0,254
1150,198,0,0,254
1151,198,0,0,254
1152,198,3,5,240
1153,198,3,3,255
1154,198,0,3,240
1155,198,1,1,255
1156,198,3,2,255
1157,198,1,0,250
1158,198,10,0,248
1159,198,6,0,249
1161,198,12,0,238
1162,198,6,2,247
1163,198,0,2,255
1164,198,0,2,249
1165,198,0,0,251
1166,198,6,5,255
1167,198,0,0,254
1168,198,0,0,239
1169,198,1,1,255
1170,198,0,1,247
1171,198,0,1,245
1172,198,0,0,250
1173,198,8,0,254
289,199,3,0,255
290,199,3,6,255
291,199,0,3,241
292,199,2,6,253
293,199,2,0,249
294,199,4,0,249
295,199,3,0,255
296,199,3,2,255
297,199,3,2,255
298,199,0,1,240
299,199,0,0,253
300,199,1,2,253
301,199,0,0,252
302,199,0,0,253
303,199,0,0,248
304,199,0,1,251
305,199,0,0,251
306,199,1,1,255
307,199,1,0,251
308,199,6,3,255
309,199,1,0,246
948,199,2,0,252
949,199,0,3,254
950,199,3,6,255
951,199,1,0,245
952,199,0,0,247
953,199,0,0,253
954,199,0,0,253
955,199,2,3,254
956,199,0,0,252
957,199,0,0,239
958,199,3,2,255
959,199,3,2,255
960,199,0,0,254
961,199,0,0,254
962,199,0,0,254
963,199,0,0,254
964,199,0,0,254
965,199,0,0,254
966,199,0,0,254
967,199,0,0,254
968,199,0,4,255
969,199,0,0,253
970,199,2,1,255
971,199,7,1,247
1078,199,7,0,254
1079,199,4,4,255
1080,199,0,0,254
1081,199,0,0,254
1082,199,0,0,254
1083,199,0,0,254
1084,199,0,0,254
1085,199,0,0,254
1086,199,0,0,254
1087,199,0,0,254
1088,199,0,0,254
1089,199,0,0,254
1090,199,0,0,254
1091,199,0,0,254
1092,199,0,0,254
1093,199,0,0,254
1094,199,0,0,254
1095,199,0,0,254
1096,199,0,7,255
1097,199,6,3,255
1108,199,10,4,250
1109,199,0,1,252
1110,199,0,4,253
1111,199,4,0,254
1112,199,0,0,254
1113,199,0,0,254
1114,199,0,0,254
1115,199,0,0,254
1116,199,0,0,254
1117,199,0,0,254
1118,199,0,0,254
1119,199,0,0,254
1120,199,0,0,254
1121,199,0,0,254
1122,199,0,0,254
1123,199,0,0,254
1124,199,0,0,254
1125,199,0,0,254
1126,199,0,0,254
1127,199,0,0,254
1128,199,0,1,254
1129,199,5,2,255
1130,199,14,0,255
1144,199,0,0,254
1145,199,0,0,254
1146,199,0,0,254
1147,199,0,0,254
1148,199,0,0,254
1149,199,0,0,254
1150,199,0,0,254
1151,199,0,0,254
1152,199,0,0,250
1153,199,0,3,255
1154,199,0,2,251
1155,199,0,0,247
1156,199,8,2,255
1157,199,11,0,254
1162,199,4,0,253
1163,199,1,6,255
1164,199,0,1,253
1165,199,2,2,255
1166,199,0,0,245
1167,199,6,6,254
1168,199,6,0,255
1169,199,1,0,254
1170,199,1,6,255
1171,199,0,0,247
1172,199,6,0,246
289,200,6,0,255
290,200,0,0,252
291,200,0,0,249
292,200,4,1,255
293,200,3,0,252
294,200,4,3,255
295,200,0,2,248
296,200,0,0,246
297,200,1,1,255
298,200,0,0,251
299,200,3,4,255
300,200,0,0,253
301,200,0,0,236
302,200,5,4,255
303,200,3,2,255
304,200,0,0,251
305,200,6,6,255
306,200,0,0,238
307,200,5,4,255
308,200,0,0,252
309,200,2,0,249
310,200,5,0,255
948,200,0,0,249
949,200,1,0,252
950,200,0,2,254
951,200,2,0,245
952,200,0,0,254
953,200,0,0,254
954,200,0,0,254
955,200,0,0,254
956,200,0,0,254
957,200,0,0,254
958,200,0,0,254
959,200,0,0,254
960,200,5,0,255
961,200,0,4,249
962,200,0,2,251
963,200,0,4,255
964,200,0,0,245
965,200,0,4,255
966,200,4,0,245
1079,200,25,0,254
1080,200,0,0,249
1081,200,0,0,254
1082,200,2,0,252
1083,200,11,1,255
1084,200,5,0,254
1085,200,5,4,255
1086,200,0,2,254
1087,200,0,4,252
1088,200,4,0,253
1089,200,3,2,244
1090,200,0,1,254
1091,200,0,3,255
1092,200,0,3,255
1093,200,3,4,255
1094,200,5,0,255
1095,200,6,0,249
1108,200,9,0,248
1109,200,6,1,253
1110,200,0,0,243
1111,200,0,9,255
1112,200,0,0,253
1113,200,4,4,255
1114,200,0,0,243
1115,200,4,3,255
1116,200,3,0,255
1117,200,0,0,252
1118,200,4,1,255
1119,200,6,5,246
1120,200,4,1,254
1121,200,3,0,255
1122,200,0,0,249
1123,200,6,3,255
1124,200,1,0,253
1125,200,0,0,253
1126,200,7,6,255
1127,200,1,1,247
1148,200,9,0,254
1149,200,2,0,249
1150,200,0,4,255
1151,200,0,1,252
1152,200,0,4,247
1153,200,0,6,253
1154,200,0,0,241
1155,200,6,0,255
1156,200,12,0,249
290,201,4,0,254
291,201,2,5,255
292,201,0,5,255
293,201,2,3,253
294,201,0,0,249
295,201,3,2,255
296,201,2,2,255
297,201,0,0,253
298,201,0,0,250
299,201,0,2,247
300,201,7,7,255
301,201,0,0,248
302,201,0,0,249
303,201,2,1,255
304,201,0,0,252
305,201,0,0,250
306,201,0,1,251
307,201,6,5,255
308,201,6,3,255
309,201,3,3,239
310,201,4,0,251
311,201,1,0,251
948,201,6,5,255
949,201,5,0,255
950,201,0,1,249
951,201,3,6,255
952,201,0,0,254
953,201,0,0,254
954,201,0,0,254
955,201,0,0,254
956,201,0,0,254
957,201,0,0,254
958,201,0,0,254
959,201,0,0,254
960,201,4,4,255
961,201,5,0,251
962,201,0,4,255
963,201,0,0,245
964,201,0,0,248
965,201,2,0,250
1080,201,9,0,253
1081,201,8,0,255
1082,201,0,0,240
1083,201,0,0,239
1084,201,4,3,255
1085,201,3,3,249
1086,201,0,0,249
1087,201,0,0,250
1088,201,0,4,237
1089,201,7,7,255
1090,201,9,0,254
1091,201,10,0,250
1110,201,12,0,252
1111,201,4,0,251
1112,201,1,1,255
1113,201,0,0,253
1114,201,0,1,246
1115,201,0,0,252
1116,201,2,5,255
1117,201,0,0,246
1118,201,0,0,251
1119,201,0,2,254
1120,201,0,4,255
1121,201,0,0,249
1122,201,3,1,248
1123,201,1,0,245
291,202,4,1,254
292,202,0,2,247
293,202,0,5,255
294,202,2,6,253
295,202,3,0,253
296,202,0,0,243
297,202,0,0,252
298,202,4,4,255
299,202,0,0,253
300,202,0,0,252
301,202,1,1,255
302,202,0,0,246
303,202,0,2,241
304,202,0,1,251
305,202,0,0,248
306,202,4,4,255
307,202,0,0,237
308,202,0,0,251
309,202,0,0,250
310,202,1,1,239
311,202,9,3,255
312,202,9,0,254
948,202,0,0,236
949,202,3,0,248
950,202,3,3,255
951,202,0,1,253
952,202,0,0,254
953,202,0,0,254
954,202,0,0,254
955,202,0,0,254
956,202,0,0,254
957,202,0,0,254
958,202,0,0,254
959,202,0,0,254
960,202,0,0,253
961,202,2,0,245
962,202,10,4,255
963,202,0,2,255
964,202,6,0,253
1082,202,12,0,255
1083,202,0,0,252
1084,202,0,0,237
1085,202,0,2,254
1086,202,2,3,254
1087,202,3,0,253
1088,202,0,0,251
1089,202,0,0,253
1090,202,9,0,238
1115,202,12,0,242
1116,202,10,0,255
1117,202,0,0,253
1118,202,0,3,255
1119,202,0,5,249
1120,202,12,0,255
1121,202,15,0,255
292,203,0,0,250
293,203,0,7,247
294,203,0,0,252
295,203,3,0,255
296,203,7,6,255
297,203,3,2,255
298,203,1,3,238
299,203,4,3,254
300,203,5,4,255
301,203,4,4,255
302,203,4,4,255
303,203,0,0,253
304,203,3,4,255
305,203,0,0,246
306,203,0,0,254
307,203,6,5,255
308,203,0,0,239
309,203,4,3,255
310,203,3,0,255
311,203,0,0,250
312,203,0,0,251
946,203,5,0,254
947,203,7,0,255
948,203,0,6,255
949,203,1,0,245
950,203,9,3,255
951,203,2,1,242
952,203,0,0,254
953,203,0,0,254
954,203,0,0,254
955,203,0,0,254
956,203,0,0,254
957,203,0,0,254
958,203,0,0,254
959,203,0,0,254
960,203,1,1,245
961,203,0,0,252
962,203,3,0,251
963,203,0,0,251
964,203,10,0,247
1083,203,8,5,255
1084,203,0,2,238
1085,203,0,2,254
1086,203,2,1,255
1087,203,3,0,248
1088,203,0,2,254
1089,203,0,0,250
293,204,4,1,255
294,204,2,5,255
295,204,0,3,250
296,204,0,0,250
297,204,4,1,255
298,204,2,1,255
299,204,0,0,239
300,204,7,6,255
301,204,0,0,254
302,204,0,0,248
303,204,1,2,253
304,204,0,0,253
305,204,5,5,255
306,204,1,1,255
307,204,5,4,255
308,204,5,4,255
309,204,0,2,237
310,204,4,3,255
311,204,5,4,255
312,204,0,8,250
313,204,16,0,255
945,204,17,0,255
946,204,0,0,249
947,204,0,1,254
948,204,0,8,252
949,204,2,0,241
950,204,7,0,251
951,204,2,1,255
952,204,0,0,254
953,204,0,0,254
954,204,0,0,254
955,204,0,0,254
956,204,0,0,254
957,204,0,0,254
958,204,0,0,254
959,204,0,0,254
960,204,0,0,254
961,204,0,4,246
962,204,0,3,252
963,204,11,0,255
294,205,4,0,254
295,205,0,0,242
296,205,5,0,255
297,205,4,4,242
298,205,0,0,250
299,205,1,0,254
300,205,0,0,237
301,205,0,0,252
302,205,0,0,250
303,205,1,2,252
304,205,0,0,237
305,205,0,0,249
306,205,1,1,255
307,205,1,1,255
308,205,0,0,253
309,205,0,0,253
310,205,0,0,254
311,205,0,1,244
312,205,0,0,252
313,205,0,0,238
944,205,11,0,253
945,205,0,0,249
946,205,0,0,245
947,205,9,6,255
948,205,3,3,255
949,205,1,0,251
950,205,0,0,243
951,205,0,3,254
952,205,0,0,254
953,205,0,0,254
954,205,0,0,254
955,205,0,0,254
956,205,0,0,254
957,205,0,0,254
958,205,0,0,254
959,205,0,0,254
960,205,7,4,255
961,205,0,2,244
962,205,0,1,242
963,205,22,0,255
295,206,8,2,255
296,206,3,0,253
297,206,4,0,251
298,206,0,0,236
299,206,5,2,255
300,206,8,7,255
301,206,2,3,253
302,206,0,0,251
303,206,0,0,250
304,206,4,3,255
305,206,0,0,249
306,206,0,0,245
307,206,6,6,255
308,206,1,3,248
309,206,0,0,252
310,206,0,0,254
311,206,0,0,254
312,206,0,4,251
313,206,0,0,249
943,206,14,0,255
944,206,4,4,252
945,206,0,5,255
946,206,2,1,255
947,206,8,2,255
948,206,0,0,249
949,206,3,2,253
950,206,4,3,255
951,206,0,8,252
952,206,0,0,254
953,206,0,0,254
954,206,0,0,254
955,206,0,0,254
956,206,0,0,254
957,206,0,0,254
958,206,0,0,254
959,206,0,0,254
960,206,5,0,251
961,206,7,1,255
297,207,3,0,253
298,207,6,1,253
299,207,0,0,252
300,207,3,2,255
301,207,0,0,239
302,207,3,3,255
303,207,0,0,253
304,207,3,2,255
305,207,3,2,255
306,207,0,1,240
307,207,0,0,253
308,207,1,2,253
309,207,0,0,252
310,207,0,0,253
311,207,0,0,248
312,207,4,4,252
313,207,7,1,255
314,207,2,0,254
943,207,9,0,244
944,207,4,3,255
945,207,0,2,241
946,207,0,0,248
947,207,0,0,244
948,207,0,0,252
949,207,0,7,255
950,207,0,0,251
951,207,0,0,251
952,207,0,0,254
953,207,0,0,254
954,207,0,0,254
955,207,0,0,254
956,207,0,0,254
957,207,0,0,254
958,207,0,0,254
959,207,0,0,254
960,207,4,0,253
299,208,2,0,252
300,208,5,0,249
301,208,6,1,253
302,208,0,8,251
303,208,5,0,245
304,208,0,0,254
305,208,0,0,254
306,208,0,0,254
307,208,0,0,254
308,208,0,0,254
309,208,0,0,254
310,208,0,0,254
311,208,0,0,254
312,208,5,4,255
313,208,1,1,255
314,208,0,1,242
942,208,6,2,245
943,208,0,0,252
944,208,0,0,254
945,208,0,0,254
946,208,0,0,254
947,208,0,0,254
948,208,0,0,254
949,208,0,0,254
950,208,0,0,254
951,208,0,0,254
952,208,3,0,252
953,208,2,0,254
954,208,0,0,250
955,208,0,4,250
956,208,1,4,255
957,208,0,0,245
958,208,1,0,246
959,208,6,0,255
960,208,0,3,254
301,209,0,2,255
302,209,0,0,251
303,209,0,0,253
304,209,0,0,254
305,209,0,0,254
306,209,0,0,254
307,209,0,0,254
308,209,0,0,254
309,209,0,0,254
310,209,0,0,254
311,209,0,0,254
312,209,0,0,252
313,209,0,0,236
314,209,5,0,250
315,209,13,0,254
941,209,11,0,253
942,209,0,1,253
943,209,2,2,238
944,209,0,0,254
945,209,0,0,254
946,209,0,0,254
947,209,0,0,254
948,209,0,0,254
949,209,0,0,254
950,209,0,0,254
951,209,0,0,254
952,209,0,4,250
953,209,0,4,243
954,209,0,0,248
955,209,2,1,255
956,209,4,3,255
957,209,0,0,252
958,209,0,2,254
959,209,0,3,248
960,209,0,1,254
301,210,6,0,255
302,210,0,5,255
303,210,0,1,254
304,210,0,0,254
305,210,0,0,254
306,210,0,0,254
307,210,0,0,254
308,210,0,0,254
309,210,0,0,254
310,210,0,0,254
311,210,0,0,254
312,210,0,0,251
313,210,0,2,255
314,210,6,0,255
315,210,1,0,244
941,210,0,0,241
942,210,0,2,251
943,210,8,5,255
944,210,0,0,254
945,210,0,0,254
946,210,0,0,254
947,210,0,0,254
948,210,0,0,254
949,210,0,0,254
950,210,0,0,254
951,210,0,0,254
952,210,0,0,249
953,210,6,5,255
954,210,0,0,253
955,210,1,1,255
956,210,0,2,244
957,210,0,5,255
958,210,0,0,247
959,210,0,3,255
960,210,4,0,251
302,211,0,0,253
303,211,0,0,252
304,211,0,0,254
305,211,0,0,254
306,211,0,0,254
307,211,0,0,254
308,211,0,0,254
309,211,0,0,254
310,211,0,0,254
311,211,0,0,254
312,211,0,5,255
313,211,4,0,254
314,211,0,3,254
315,211,2,0,254
316,211,1,2,234
941,211,0,0,251
942,211,0,2,251
943,211,1,0,253
944,211,0,0,254
945,211,0,0,254
946,211,0,0,254
947,211,0,0,254
948,211,0,0,254
949,211,0,0,254
950,211,0,0,254
951,211,0,0,254
952,211,0,0,247
953,211,7,1,255
954,211,5,0,252
955,211,8,3,243
956,211,10,7,255
957,211,0,0,250
958,211,2,1,253
959,211,5,0,255
960,211,10,0,253
302,212,10,0,252
303,212,1,1,255
304,212,0,0,254
305,212,0,0,254
306,212,0,0,254
307,212,0,0,254
308,212,0,0,254
309,212,0,0,254
310,212,0,0,254
311,212,0,0,254
312,212,0,1,247
313,212,4,0,254
314,212,0,1,253
315,212,0,0,252
316,212,0,0,249
939,212,15,0,255
940,212,0,1,251
941,212,0,1,251
942,212,3,4,255
943,212,3,0,255
944,212,0,0,254
945,212,0,0,254
946,212,0,0,254
947,212,0,0,254
948,212,0,0,254
949,212,0,0,254
950,212,0,0,254
951,212,0,0,254
952,212,0,12,255
953,212,0,1,254
954,212,1,0,234
955,212,11,0,255
956,212,4,0,254
957,212,0,0,244
958,212,2,2,255
959,212,1,0,254
303,213,0,0,251
304,213,0,0,254
305,213,0,0,254
306,213,0,0,254
307,213,0,0,254
308,213,0,0,254
309,213,0,0,254
310,213,0,0,254
311,213,0,0,254
312,213,0,3,255
313,213,0,2,255
314,213,4,0,245
315,213,0,5,255
316,213,6,0,255
317,213,0,0,248
938,213,19,0,254
939,213,0,0,249
940,213,0,3,250
941,213,1,4,255
942,213,3,0,249
943,213,0,0,252
944,213,0,0,254
945,213,0,0,254
946,213,0,0,254
947,213,0,0,254
948,213,0,0,254
949,213,0,0,254
950,213,0,0,254
951,213,0,0,254
952,213,0,4,255
953,213,0,0,253
954,213,0,0,240
955,213,0,5,240
956,213,0,8,255
957,213,0,5,241
958,213,7,0,243
303,214,1,5,254
304,214,0,0,254
305,214,0,0,254
306,214,0,0,254
307,214,0,0,254
308,214,0,0,254
309,214,0,0,254
310,214,0,0,254
311,214,0,0,254
312,214,0,0,251
313,214,0,4,255
314,214,6,0,255
315,214,0,0,247
316,214,7,0,255
317,214,0,0,252
318,214,12,0,255
937,214,12,0,255
938,214,0,0,253
939,214,6,6,255
940,214,0,0,246
941,214,2,2,255
942,214,7,0,253
943,214,0,0,252
944,214,0,0,254
945,214,0,0,254
946,214,0,0,254
947,214,0,0,254
948,214,0,0,254
949,214,0,0,254
950,214,0,0,254
951,214,0,0,254
952,214,0,0,253
953,214,3,0,253
954,214,14,6,255
955,214,0,0,251
956,214,0,0,248
957,214,3,0,250
303,215,1,2,242
304,215,0,0,254
305,215,0,0,254
306,215,0,0,254
307,215,0,0,254
308,215,0,0,254
309,215,0,0,254
310,215,0,0,254
311,215,0,0,254
312,215,0,4,251
313,215,1,1,255
314,215,0,0,252
315,215,9,0,249
316,215,0,0,252
317,215,6,6,255
318,215,0,0,248
319,215,17,0,253
937,215,1,3,244
938,215,0,3,253
939,215,6,0,255
940,215,3,0,253
941,215,4,4,255
942,215,1,0,252
943,215,0,3,245
944,215,0,0,254
945,215,0,0,254
946,215,0,0,254
947,215,0,0,254
948,215,0,0,254
949,215,0,0,254
950,215,0,0,254
951,215,0,0,254
952,215,0,5,248
953,215,3,0,239
304,216,0,3,255
305,216,0,5,255
306,216,1,4,255
307,216,0,0,248
308,216,1,4,255
309,216,0,0,250
310,216,0,0,245
311,216,4,1,255
312,216,0,0,254
313,216,0,0,254
314,216,0,0,254
315,216,0,0,254
316,216,0,0,254
317,216,0,0,254
318,216,0,0,254
319,216,0,0,254
937,216,1,0,254
938,216,0,3,252
939,216,2,0,254
940,216,5,0,252
941,216,0,0,247
942,216,0,0,248
943,216,5,6,255
944,216,1,3,246
945,216,0,0,252
946,216,5,0,255
947,216,8,0,255
948,216,7,1,255
949,216,2,1,253
950,216,2,6,251
951,216,0,0,248
952,216,0,0,254
953,216,0,0,245
304,217,6,0,252
305,217,1,0,248
306,217,0,0,247
307,217,0,1,253
308,217,0,0,247
309,217,2,2,255
310,217,1,1,249
311,217,4,3,255
312,217,0,0,254
313,217,0,0,254
314,217,0,0,254
315,217,0,0,254
316,217,0,0,254
317,217,0,0,254
318,217,0,0,254
319,217,0,0,254
320,217,16,0,255
937,217,0,0,253
938,217,0,4,237
939,217,4,3,247
940,217,10,4,255
941,217,0,0,252
942,217,3,3,255
943,217,0,0,253
944,217,0,1,253
945,217,0,2,249
946,217,4,3,255
947,217,1,0,251
948,217,0,0,235
949,217,2,0,254
950,217,0,0,246
951,217,4,7,255
952,217,0,0,253
953,217,0,0,250
305,218,8,0,253
306,218,1,1,255
307,218,0,7,237
308,218,0,2,254
309,218,0,0,249
310,218,0,0,248
311,218,0,0,252
312,218,0,0,254
313,218,0,0,254
314,218,0,0,254
315,218,0,0,254
316,218,0,0,254
317,218,0,0,254
318,218,0,0,254
319,218,0,0,254
320,218,2,1,245
937,218,1,4,239
938,218,0,4,255
939,218,1,0,248
940,218,0,0,240
941,218,5,5,255
942,218,0,0,251
943,218,4,6,249
944,218,0,6,253
945,218,0,1,253
946,218,0,2,254
947,218,3,3,255
948,218,0,0,252
949,218,1,0,254
950,218,4,3,255
951,218,0,0,252
952,218,5,5,255
953,218,1,0,239
306,219,3,0,255
307,219,0,5,255
308,219,0,0,246
309,219,5,4,255
310,219,3,3,255
311,219,0,1,248
312,219,0,0,254
313,219,0,0,254
314,219,0,0,254
315,219,0,0,254
316,219,0,0,254
317,219,0,0,254
318,219,0,0,254
319,219,0,0,254
320,219,0,0,249
936,219,15,0,253
937,219,0,0,254
938,219,0,8,251
939,219,0,0,251
940,219,3,2,255
941,219,3,3,255
942,219,0,0,236
943,219,0,0,245
944,219,0,0,250
945,219,1,6,255
946,219,0,0,244
947,219,0,4,244
948,219,0,0,250
949,219,0,3,255
950,219,0,0,245
951,219,0,2,255
952,219,0,0,246
953,219,11,0,255
306,220,2,0,238
307,220,4,3,255
308,220,0,0,253
309,220,4,6,247
310,220,0,0,251
311,220,0,5,245
312,220,0,0,254
313,220,0,0,254
314,220,0,0,254
315,220,0,0,254
316,220,0,0,254
317,220,0,0,254
318,220,0,0,254
319,220,0,0,254
320,220,0,2,254
321,220,8,0,255
935,220,19,0,255
936,220,13,0,255
937,220,0,3,254
938,220,0,0,249
939,220,4,1,255
940,220,4,6,247
941,220,2,2,255
942,220,0,0,251
943,220,1,6,255
944,220,3,0,255
945,220,4,3,247
946,220,0,0,253
947,220,0,5,245
948,220,0,1,254
949,220,0,1,253
950,220,0,3,253
951,220,0,3,241
952,220,8,0,255
307,221,9,0,254
308,221,4,3,255
309,221,0,2,255
310,221,0,2,255
311,221,0,0,251
312,221,0,0,254
313,221,0,0,254
314,221,0,0,254
315,221,0,0,254
316,221,0,0,254
317,221,0,0,254
318,221,0,0,254
319,221,0,0,254
320,221,0,0,249
321,221,0,0,253
322,221,7,0,253
934,221,12,0,252
935,221,3,0,248
936,221,0,0,243
937,221,0,2,255
938,221,3,3,255
939,221,0,0,250
940,221,0,0,249
941,221,0,0,246
942,221,6,3,255
943,221,0,2,254
944,221,2,0,251
945,221,0,0,246
946,221,5,4,255
947,221,2,2,255
948,221,0,2,247
949,221,0,5,235
950,221,4,4,255
951,221,3,3,247
952,221,9,0,252
308,222,0,0,250
309,222,0,3,255
310,222,0,0,251
311,222,3,0,255
312,222,0,0,254
313,222,0,0,254
314,222,0,0,254
315,222,0,0,254
316,222,0,0,254
317,222,0,0,254
318,222,0,0,254
319,222,0,0,254
320,222,6,3,255
321,222,0,0,252
322,222,0,4,255
323,222,13,0,248
934,222,6,0,254
935,222,0,3,255
936,222,1,2,250
937,222,0,5,255
938,222,2,1,252
939,222,0,0,252
940,222,3,8,255
941,222,0,1,239
942,222,8,2,255
943,222,0,4,255
944,222,3,5,240
945,222,3,3,255
946,222,0,3,240
947,222,1,1,255
948,222,3,2,255
949,222,1,0,250
950,222,10,0,248
951,222,6,0,249
308,223,2,0,240
309,223,0,5,255
310,223,0,0,252
311,223,5,0,254
312,223,0,0,254
313,223,0,0,254
314,223,0,0,254
315,223,0,0,254
316,223,0,0,254
317,223,0,0,254
318,223,0,0,254
319,223,0,0,254
320,223,0,0,248
321,223,6,7,255
322,223,0,5,255
323,223,6,0,255
933,223,16,0,247
934,223,0,0,253
935,223,0,5,241
936,223,0,0,252
937,223,0,3,236
938,223,1,0,250
939,223,6,5,255
940,223,0,0,251
941,223,0,0,244
942,223,5,0,253
943,223,0,0,250
944,223,0,0,250
945,223,0,3,255
946,223,0,2,251
947,223,0,0,247
948,223,8,2,255
949,223,11,0,254
308,224,4,0,254
309,224,11,5,255
310,224,0,0,241
311,224,0,6,255
312,224,0,0,254
313,224,0,0,254
314,224,0,0,254
315,224,0,0,254
316,224,0,0,254
317,224,0,0,254
318,224,0,0,254
319,224,0,0,254
320,224,2,0,245
321,224,0,4,255
322,224,2,2,255
323,224,0,5,251
933,224,0,3,255
934,224,0,2,235
935,224,0,2,253
936,224,0,0,254
937,224,0,0,254
938,224,0,0,254
939,224,0,0,254
940,224,0,0,254
941,224,0,0,254
942,224,0,0,254
943,224,0,0,254
944,224,0,6,255
945,224,8,0,255
946,224,6,0,246
947,224,0,4,255
948,224,0,8,247
308,225,0,0,248
309,225,0,0,246
310,225,4,1,255
311,225,0,0,252
312,225,0,0,254
313,225,0,0,254
314,225,0,0,254
315,225,0,0,254
316,225,0,0,254
317,225,0,0,254
318,225,0,0,254
319,225,0,0,254
320,225,4,0,254
321,225,0,2,252
322,225,0,3,242
323,225,0,0,241
324,225,13,0,248
932,225,4,0,248
933,225,6,1,253
934,225,0,3,255
935,225,0,0,252
936,225,0,0,254
937,225,0,0,254
938,225,0,0,254
939,225,0,0,254
940,225,0,0,254
941,225,0,0,254
942,225,0,0,254
943,225,0,0,254
944,225,0,0,243
945,225,2,0,251
946,225,1,6,255
947,225,0,0,252
948,225,12,0,251
308,226,0,0,248
309,226,0,4,255
310,226,1,1,249
311,226,5,6,255
312,226,0,0,254
313,226,0,0,254
314,226,0,0,254
315,226,0,0,254
316,226,0,0,254
317,226,0,0,254
318,226,0,0,254
319,226,0,0,254
320,226,0,0,252
321,226,5,5,255
322,226,0,0,249
323,226,3,0,253
324,226,5,0,254
932,226,0,3,255
933,226,3,0,249
934,226,4,4,252
935,226,0,0,250
936,226,0,0,254
937,226,0,0,254
938,226,0,0,254
939,226,0,0,254
940,226,0,0,254
941,226,0,0,254
942,226,0,0,254
943,226,0,0,254
944,226,5,0,249
945,226,0,0,246
946,226,0,7,255
947,226,2,0,240
308,227,0,2,254
309,227,0,3,252
310,227,0,1,249
311,227,0,0,247
312,227,0,0,254
313,227,0,0,254
314,227,0,0,254
315,227,0,0,254
316,227,0,0,254
317,227,0,0,254
318,227,0,0,254
319,227,0,0,254
320,227,5,4,255
321,227,6,4,253
322,227,0,2,252
323,227,5,0,255
324,227,0,2,243
931,227,4,2,249
932,227,1,0,251
933,227,0,0,248
934,227,14,2,255
935,227,0,0,245
936,227,0,0,254
937,227,0,0,254
938,227,0,0,254
939,227,0,0,254
940,227,0,0,254
941,227,0,0,254
942,227,0,0,254
943,227,0,0,254
944,227,6,0,255
945,227,0,7,251
946,227,4,0,254
308,228,1,0,254
309,228,1,4,255
310,228,0,0,238
311,228,6,0,255
312,228,0,0,254
313,228,0,0,254
314,228,0,0,254
315,228,0,0,254
316,228,0,0,254
317,228,0,0,254
318,228,0,0,254
319,228,0,0,254
320,228,0,0,250
321,228,1,0,240
322,228,0,2,252
323,228,3,1,250
324,228,0,0,251
931,228,0,2,253
932,228,6,7,255
933,228,0,1,252
934,228,8,0,255
935,228,4,3,255
936,228,0,0,254
937,228,0,0,254
938,228,0,0,254
939,228,0,0,254
940,228,0,0,254
941,228,0,0,254
942,228,0,0,254
943,228,0,0,254
944,228,0,0,238
945,228,5,0,254
308,229,9,0,252
309,229,3,0,238
310,229,0,0,250
311,229,5,5,253
312,229,0,0,254
313,229,0,0,254
314,229,0,0,254
315,229,0,0,254
316,229,0,0,254
317,229,0,0,254
318,229,0,0,254
319,229,0,0,254
320,229,4,1,255
321,229,0,0,252
322,229,0,1,250
323,229,3,3,255
324,229,0,2,254
930,229,3,0,250
931,229,2,1,255
932,229,0,1,237
933,229,6,2,245
934,229,1,4,255
935,229,0,0,240
936,229,0,0,254
937,229,0,0,254
938,229,0,0,254
939,229,0,0,254
940,229,0,0,254
941,229,0,0,254
942,229,0,0,254
943,229,0,0,254
944,229,0,5,255
309,230,21,0,255
310,230,2,2,250
311,230,0,0,252
312,230,0,0,254
313,230,0,0,254
314,230,0,0,254
315,230,0,0,254
316,230,0,0,254
317,230,0,0,254
318,230,0,0,254
319,230,0,0,254
320,230,0,0,246
321,230,6,6,255
322,230,0,0,237
323,230,0,6,255
324,230,0,2,255
930,230,1,0,253
931,230,0,0,249
932,230,0,3,255
933,230,0,0,250
934,230,0,12,255
935,230,6,0,255
936,230,0,0,254
937,230,0,0,254
938,230,0,0,254
939,230,0,0,254
940,230,0,0,254
941,230,0,0,254
942,230,0,0,254
943,230,0,0,254
944,230,4,0,251
310,231,0,0,250
311,231,0,6,255
312,231,0,0,254
313,231,0,0,254
314,231,0,0,254
315,231,0,0,254
316,231,0,0,254
317,231,0,0,254
318,231,0,0,254
319,231,0,0,254
320,231,3,0,255
321,231,1,5,254
322,231,4,0,254
323,231,0,9,254
324,231,0,0,243
325,231,16,0,252
930,231,4,0,250
931,231,1,9,255
932,231,10,0,253
933,231,0,3,251
934,231,0,1,252
935,231,1,0,248
936,231,0,0,254
937,231,0,0,254
938,231,0,0,254
939,231,0,0,254
940,231,0,0,254
941,231,0,0,254
942,231,0,0,254
943,231,0,0,254
311,232,0,1,246
312,232,0,0,254
313,232,0,0,254
314,232,0,0,254
315,232,0,0,254
316,232,0,0,254
317,232,0,0,254
318,232,0,0,254
319,232,0,0,254
320,232,0,0,251
321,232,6,6,255
322,232,0,0,238
323,232,5,4,255
324,232,0,0,252
325,232,2,0,249
326,232,5,0,255
929,232,4,3,255
930,232,0,3,255
931,232,0,0,239
932,232,5,5,251
933,232,3,2,255
934,232,0,0,251
935,232,8,5,255
936,232,1,2,252
937,232,0,0,244
938,232,2,2,255
939,232,1,1,255
940,232,0,3,255
941,232,5,0,254
942,232,0,2,252
943,232,20,0,255
311,233,1,1,255
312,233,0,0,254
313,233,0,0,254
314,233,0,0,254
315,233,0,0,254
316,233,0,0,254
317,233,0,0,254
318,233,0,0,254
319,233,0,0,254
320,233,0,0,252
321,233,0,0,250
322,233,0,1,251
323,233,6,5,255
324,233,6,3,255
325,233,3,3,239
326,233,4,0,251
327,233,1,0,251
929,233,0,0,243
930,233,0,0,249
931,233,2,1,253
932,233,0,0,246
933,233,5,4,255
934,233,0,0,249
935,233,0,0,248
936,233,0,0,254
937,233,6,3,255
938,233,0,0,251
939,233,0,0,236
940,233,0,0,252
941,233,5,0,255
942,233,0,6,249
311,234,0,0,248
312,234,0,0,254
313,234,0,0,254
314,234,0,0,254
315,234,0,0,254
316,234,0,0,254
317,234,0,0,254
318,234,0,0,254
319,234,0,0,254
320,234,0,1,251
321,234,0,0,248
322,234,4,4,255
323,234,0,0,237
324,234,0,0,251
325,234,0,0,250
326,234,1,1,239
327,234,9,3,255
929,234,2,3,243
930,234,0,0,249
931,234,5,4,255
932,234,2,2,255
933,234,3,2,255
934,234,0,0,246
935,234,5,5,249
936,234,1,0,254
937,234,5,4,255
938,234,0,1,238
939,234,7,7,255
940,234,0,4,249
941,234,0,0,244
942,234,8,7,255
311,235,5,1,248
312,235,0,0,254
313,235,0,0,254
314,235,0,0,254
315,235,0,0,254
316,235,0,0,254
317,235,0,0,254
318,235,0,0,254
319,235,0,0,254
320,235,3,4,255
321,235,0,0,246
322,235,0,0,254
323,235,6,5,255
324,235,0,0,239
325,235,4,3,255
326,235,3,0,255
327,235,0,0,250
929,235,0,0,253
930,235,2,4,245
931,235,0,0,249
932,235,0,0,253
933,235,0,1,242
934,235,0,3,255
935,235,0,0,250
936,235,2,3,244
937,235,0,0,249
938,235,0,0,249
939,235,0,0,252
940,235,1,1,255
941,235,5,2,255
942,235,9,0,252
311,236,10,0,249
312,236,0,0,254
313,236,0,0,254
314,236,0,0,254
315,236,0,0,254
316,236,0,0,254
317,236,0,0,254
318,236,0,0,254
319,236,0,0,254
320,236,0,0,253
321,236,5,5,255
322,236,1,1,255
323,236,5,4,255
324,236,5,4,255
325,236,0,2,237
326,236,4,3,255
327,236,5,4,255
929,236,0,0,254
930,236,0,0,248
931,236,3,3,255
932,236,0,2,251
933,236,0,0,243
934,236,5,5,255
935,236,5,5,255
936,236,1,0,253
937,236,0,1,254
938,236,0,0,239
939,236,0,0,245
940,236,6,6,255
941,236,0,0,246
311,237,20,0,255
312,237,0,0,254
313,237,0,0,254
314,237,0,0,254
315,237,0,0,254
316,237,0,0,254
317,237,0,0,254
318,237,0,0,254
319,237,0,0,254
320,237,0,0,237
321,237,0,0,249
322,237,1,1,255
323,237,1,1,255
324,237,0,0,253
325,237,0,0,253
326,237,0,0,254
327,237,0,1,244
928,237,6,0,249
929,237,0,1,254
930,237,5,2,243
931,237,3,3,255
932,237,0,7,255
933,237,0,0,244
934,237,0,0,254
935,237,0,0,253
936,237,4,0,254
937,237,2,7,255
938,237,0,0,251
939,237,4,3,255
940,237,1,0,254
941,237,1,2,250
312,238,0,0,254
313,238,0,0,254
314,238,0,0,254
315,238,0,0,254
316,238,0,0,254
317,238,0,0,254
318,238,0,0,254
319,238,0,0,254
320,238,4,3,255
321,238,0,0,249
322,238,0,0,245
323,238,6,6,255
324,238,1,3,248
325,238,0,0,252
326,238,0,0,254
327,238,0,0,254
927,238,5,0,250
928,238,10,2,246
929,238,0,2,255
930,238,4,0,253
931,238,0,0,251
932,238,0,3,237
933,238,7,4,255
934,238,0,0,246
935,238,0,4,240
936,238,7,1,255
937,238,0,1,253
938,238,1,5,250
939,238,0,0,250
940,238,3,2,244
941,238,0,2,255
312,239,0,0,254
313,239,0,0,254
314,239,0,0,254
315,239,0,0,254
316,239,0,0,254
317,239,0,0,254
318,239,0,0,254
319,239,0,0,254
320,239,3,2,255
321,239,3,2,255
322,239,0,1,240
323,239,0,0,253
324,239,1,2,253
325,239,0,0,252
326,239,0,0,253
327,239,0,0,248
926,239,10,0,255
927,239,0,0,252
928,239,4,0,254
929,239,0,3,252
930,239,6,2,236
931,239,1,2,252
932,239,0,4,254
933,239,6,3,255
934,239,5,4,255
935,239,0,0,252
936,239,2,0,249
937,239,0,0,246
938,239,3,6,255
939,239,4,4,250
940,239,2,0,254
941,239,0,0,251
313,240,8,4,247
314,240,1,5,252
315,240,0,0,246
316,240,7,0,251
317,240,8,7,255
318,240,0,0,252
319,240,0,0,243
320,240,0,0,254
321,240,0,0,254
322,240,0,0,254
323,240,0,0,254
324,240,0,0,254
325,240,0,0,254
326,240,0,0,254
327,240,0,0,254
926,240,5,0,254
927,240,0,3,255
928,240,0,0,254
929,240,0,0,254
930,240,0,0,254
931,240,0,0,254
932,240,0,0,254
933,240,0,0,254
934,240,0,0,254
935,240,0,0,254
936,240,0,4,248
937,240,0,0,251
938,240,2,1,255
939,240,2,3,253
940,240,0,0,253
941,240,0,1,250
314,241,7,0,254
315,241,0,1,253
316,241,2,0,252
317,241,0,0,250
318,241,0,0,235
319,241,9,9,255
320,241,0,0,254
321,241,0,0,254
322,241,0,0,254
323,241,0,0,254
324,241,0,0,254
325,241,0,0,254
326,241,0,0,254
327,241,0,0,254
925,241,11,0,253
926,241,1,0,244
927,241,1,6,255
928,241,0,0,254
929,241,0,0,254
930,241,0,0,254
931,241,0,0,254
932,241,0,0,254
933,241,0,0,254
934,241,0,0,254
935,241,0,0,254
936,241,0,0,251
937,241,5,2,255
938,241,0,0,245
939,241,0,0,248
940,241,1,1,255
941,241,0,5,255
315,242,0,0,253
316,242,1,1,255
317,242,6,8,251
318,242,4,4,255
319,242,0,0,245
320,242,0,0,254
321,242,0,0,254
322,242,0,0,254
323,242,0,0,254
324,242,0,0,254
325,242,0,0,254
326,242,0,0,254
327,242,0,0,254
923,242,6,0,246
924,242,5,2,255
925,242,1,1,255
926,242,0,0,246
927,242,0,3,255
928,242,0,0,254
929,242,0,0,254
930,242,0,0,254
931,242,0,0,254
932,242,0,0,254
933,242,0,0,254
934,242,0,0,254
935,242,0,0,254
936,242,0,1,254
937,242,2,0,254
938,242,0,0,253
939,242,2,3,244
940,242,2,5,255
941,242,1,7,251
315,243,0,0,247
316,243,0,0,252
317,243,0,1,240
318,243,0,0,248
319,243,0,0,251
320,243,0,0,254
321,243,0,0,254
322,243,0,0,254
323,243,0,0,254
324,243,0,0,254
325,243,0,0,254
326,243,0,0,254
327,243,0,0,254
922,243,8,0,250
923,243,5,4,255
924,243,0,3,255
925,243,0,1,242
926,243,0,2,254
927,243,0,1,248
928,243,0,0,254
929,243,0,0,254
930,243,0,0,254
931,243,0,0,254
932,243,0,0,254
933,243,0,0,254
934,243,0,0,254
935,243,0,0,254
936,243,0,0,254
937,243,7,7,255
938,243,0,0,241
939,243,3,2,255
940,243,0,0,253
941,243,5,2,255
315,244,0,0,251
316,244,0,9,255
317,244,1,1,255
318,244,7,4,255
319,244,0,0,251
320,244,0,0,254
321,244,0,0,254
322,244,0,0,254
323,244,0,0,254
324,244,0,0,254
325,244,0,0,254
326,244,0,0,254
327,244,0,0,254
920,244,3,0,247
921,244,0,0,250
922,244,2,1,255
923,244,0,0,252
924,244,0,0,247
925,244,0,2,255
926,244,0,1,246
927,244,1,2,253
928,244,0,0,254
929,244,0,0,254
930,244,0,0,254
931,244,0,0,254
932,244,0,0,254
933,244,0,0,254
934,244,0,0,254
935,244,0,0,254
936,244,0,0,251
937,244,0,0,251
938,244,0,4,255
939,244,0,0,250
940,244,1,4,255
941,244,8,0,254
315,245,5,3,250
316,245,0,1,253
317,245,0,0,250
318,245,3,1,252
319,245,0,0,254
320,245,0,0,254
321,245,0,0,254
322,245,0,0,254
323,245,0,0,254
324,245,0,0,254
325,245,0,0,254
326,245,0,0,254
327,245,0,0,254
919,245,14,0,254
920,245,0,5,255
921,245,0,3,255
922,245,0,1,254
923,245,5,8,247
924,245,6,6,252
925,245,0,0,249
926,245,4,3,255
927,245,0,0,251
928,245,0,0,254
929,245,0,0,254
930,245,0,0,254
931,245,0,0,254
932,245,0,0,254
933,245,0,0,254
934,245,0,0,254
935,245,0,0,254
936,245,2,0,252
937,245,5,7,248
938,245,1,6,255
939,245,0,0,252
940,245,0,0,248
941,245,9,0,249
315,246,0,0,252
316,246,0,3,255
317,246,1,0,254
318,246,2,0,247
319,246,0,2,244
320,246,0,0,254
321,246,0,0,254
322,246,0,0,254
323,246,0,0,254
324,246,0,0,254
325,246,0,0,254
326,246,0,0,254
327,246,0,0,254
919,246,3,0,249
920,246,0,0,246
921,246,0,2,251
922,246,1,4,255
923,246,0,0,252
924,246,1,1,255
925,246,0,0,245
926,246,1,1,249
927,246,0,0,253
928,246,0,0,254
929,246,0,0,254
930,246,0,0,254
931,246,0,0,254
932,246,0,0,254
933,246,0,0,254
934,246,0,0,254
935,246,0,0,254
936,246,7,0,251
937,246,0,0,244
938,246,0,3,255
939,246,7,1,255
940,246,0,3,255
315,247,0,0,251
316,247,3,5,250
317,247,5,2,255
318,247,0,0,249
319,247,0,3,255
320,247,0,0,254
321,247,0,0,254
322,247,0,0,254
323,247,0,0,254
324,247,0,0,254
325,247,0,0,254
326,247,0,0,254
327,247,0,0,254
918,247,12,0,254
919,247,3,5,250
920,247,6,0,255
921,247,3,0,253
922,247,0,0,252
923,247,0,3,243
924,247,0,1,252
925,247,0,3,255
926,247,2,1,252
927,247,3,1,252
928,247,0,0,254
929,247,0,0,254
930,247,0,0,254
931,247,0,0,254
932,247,0,0,254
933,247,0,0,254
934,247,0,0,254
935,247,0,0,254
936,247,3,0,252
937,247,0,1,251
938,247,0,3,255
939,247,3,0,248
940,247,0,4,254
315,248,0,0,245
316,248,6,3,255
317,248,1,4,255
318,248,0,1,252
319,248,2,1,242
320,248,0,0,254
321,248,0,0,254
322,248,0,0,254
323,248,0,0,254
324,248,0,0,254
325,248,0,0,254
326,248,0,0,254
327,248,0,0,254
328,248,11,0,255
918,248,0,0,247
919,248,0,0,252
920,248,0,0,254
921,248,0,0,254
922,248,0,0,254
923,248,0,0,254
924,248,0,0,254
925,248,0,0,254
926,248,0,0,254
927,248,0,0,254
928,248,0,0,249
929,248,4,3,255
930,248,2,1,255
931,248,4,3,255
932,248,0,1,241
933,248,0,0,252
934,248,5,2,255
935,248,2,0,247
936,248,0,5,241
937,248,0,0,253
938,248,16,0,247
315,249,1,0,244
316,249,0,0,247
317,249,0,0,238
318,249,1,6,255
319,249,1,0,254
320,249,0,0,254
321,249,0,0,254
322,249,0,0,254
323,249,0,0,254
324,249,0,0,254
325,249,0,0,254
326,249,0,0,254
327,249,0,0,254
328,249,5,0,238
918,249,4,1,255
919,249,1,1,255
920,249,0,0,254
921,249,0,0,254
922,249,0,0,254
923,249,0,0,254
924,249,0,0,254
925,249,0,0,254
926,249,0,0,254
927,249,0,0,254
928,249,2,0,254
929,249,1,0,254
930,249,0,3,237
931,249,0,0,252
932,249,0,0,251
933,249,6,9,255
934,249,0,0,245
935,249,0,0,247
936,249,0,3,255
937,249,6,0,254
315,250,15,0,254
316,250,1,9,255
317,250,2,0,254
318,250,3,6,255
319,250,0,2,255
320,250,0,0,254
321,250,0,0,254
322,250,0,0,254
323,250,0,0,254
324,250,0,0,254
325,250,0,0,254
326,250,0,0,254
327,250,0,0,254
328,250,3,0,243
329,250,6,3,255
918,250,7,4,255
919,250,2,3,254
920,250,0,0,254
921,250,0,0,254
922,250,0,0,254
923,250,0,0,254
924,250,0,0,254
925,250,0,0,254
926,250,0,0,254
927,250,0,0,254
928,250,0,3,255
929,250,0,2,255
930,250,0,2,255
931,250,0,2,237
932,250,2,2,255
933,250,0,0,253
934,250,0,5,247
935,250,0,5,255
936,250,3,0,248
937,250,12,0,252
316,251,0,0,252
317,251,5,0,255
318,251,6,5,255
319,251,0,0,239
320,251,0,0,254
321,251,0,0,254
322,251,0,0,254
323,251,0,0,254
324,251,0,0,254
325,251,0,0,254
326,251,0,0,254
327,251,0,0,254
328,251,0,0,248
329,251,0,1,253
918,251,0,0,250
919,251,1,1,255
920,251,0,0,254
921,251,0,0,254
922,251,0,0,254
923,251,0,0,254
924,251,0,0,254
925,251,0,0,254
926,251,0,0,254
927,251,0,0,254
928,251,0,1,242
929,251,0,0,250
930,251,2,2,255
931,251,5,0,255
932,251,8,2,255
933,251,1,1,245
934,251,0,0,246
935,251,0,1,252
936,251,19,0,255
316,252,1,2,240
317,252,3,0,253
318,252,5,6,247
319,252,0,0,244
320,252,0,0,254
321,252,0,0,254
322,252,0,0,254
323,252,0,0,254
324,252,0,0,254
325,252,0,0,254
326,252,0,0,254
327,252,0,0,254
328,252,0,5,255
329,252,4,1,255
330,252,6,7,247
918,252,3,3,247
919,252,0,0,252
920,252,0,0,254
921,252,0,0,254
922,252,0,0,254
923,252,0,0,254
924,252,0,0,254
925,252,0,0,254
926,252,0,0,254
927,252,0,0,254
928,252,0,4,255
929,252,0,1,250
930,252,0,0,251
931,252,3,2,255
932,252,4,2,249
933,252,0,0,249
934,252,7,0,255
935,252,6,0,255
316,253,9,0,248
317,253,7,6,255
318,253,0,0,247
319,253,0,4,236
320,253,0,0,254
321,253,0,0,254
322,253,0,0,254
323,253,0,0,254
324,253,0,0,254
325,253,0,0,254
326,253,0,0,254
327,253,0,0,254
328,253,0,0,251
329,253,5,5,241
330,253,1,4,255
917,253,4,0,251
918,253,1,1,255
919,253,6,5,255
920,253,0,0,254
921,253,0,0,254
922,253,0,0,254
923,253,0,0,254
924,253,0,0,254
925,253,0,0,254
926,253,0,0,254
927,253,0,0,254
928,253,1,0,239
929,253,7,4,255
930,253,2,5,255
931,253,0,2,246
932,253,0,0,253
933,253,11,0,242
317,254,0,0,249
318,254,0,2,255
319,254,0,0,251
320,254,0,0,254
321,254,0,0,254
322,254,0,0,254
323,254,0,0,254
324,254,0,0,254
325,254,0,0,254
326,254,0,0,254
327,254,0,0,254
328,254,0,0,250
329,254,0,0,247
330,254,11,1,255
331,254,0,0,249
917,254,0,2,227
918,254,0,0,250
919,254,0,0,245
920,254,0,0,254
921,254,0,0,254
922,254,0,0,254
923,254,0,0,254
924,254,0,0,254
925,254,0,0,254
926,254,0,0,254
927,254,0,0,254
928,254,4,1,255
929,254,1,0,241
930,254,0,0,250
931,254,7,0,252
932,254,11,0,253
317,255,0,3,255
318,255,0,5,255
319,255,0,0,253
320,255,0,0,254
321,255,0,0,254
322,255,0,0,254
323,255,0,0,254
324,255,0,0,254
325,255,0,0,254
326,255,0,0,254
327,255,0,0,254
328,255,1,0,254
329,255,0,0,253
330,255,4,0,252
331,255,3,0,255
332,255,8,0,255
917,255,2,2,255
918,255,0,0,252
919,255,4,3,255
920,255,0,0,254
921,255,0,0,254
922,255,0,0,254
923,255,0,0,254
924,255,0,0,254
925,255,0,0,254
926,255,0,0,254
927,255,0,0,254
928,255,0,5,255
929,255,0,0,251
930,255,9,0,247
318,256,4,0,251
319,256,0,8,255
320,256,5,5,253
321,256,4,0,254
322,256,3,0,246
323,256,3,3,255
324,256,0,2,248
325,256,0,0,248
326,256,3,5,250
327,256,10,0,255
328,256,0,6,255
329,256,3,0,252
330,256,3,0,249
331,256,0,6,254
332,256,4,1,254
916,256,0,3,255
917,256,4,0,253
918,256,0,4,255
919,256,3,2,255
920,256,0,0,254
921,256,0,0,254
922,256,0,0,254
923,256,0,0,254
924,256,0,0,254
925,256,0,0,254
926,256,0,0,254
927,256,0,0,254
928,256,2,2,246
929,256,0,5,255
318,257,10,0,250
319,257,0,2,250
320,257,0,1,250
321,257,0,0,251
322,257,6,4,253
323,257,1,1,255
324,257,0,0,250
325,257,0,2,254
326,257,0,0,254
327,257,8,2,255
328,257,0,1,254
329,257,0,2,247
330,257,5,8,255
331,257,0,0,250
332,257,0,0,249
333,257,15,0,254
916,257,0,1,248
917,257,4,0,254
918,257,0,0,239
919,257,0,0,254
920,257,0,0,254
921,257,0,0,254
922,257,0,0,254
923,257,0,0,254
924,257,0,0,254
925,257,0,0,254
926,257,0,0,254
927,257,0,0,254
928,257,0,0,253
929,257,4,0,254
319,258,2,0,250
320,258,0,0,251
321,258,1,6,255
322,258,0,0,248
323,258,3,3,247
324,258,0,3,245
325,258,0,5,244
326,258,0,0,253
327,258,0,0,247
328,258,1,0,243
329,258,0,0,250
330,258,0,2,252
331,258,8,0,255
332,258,13,2,255
333,258,0,0,242
334,258,9,0,254
915,258,3,0,244
916,258,0,0,248
917,258,4,2,253
918,258,4,0,254
919,258,0,0,250
920,258,0,0,254
921,258,0,0,254
922,258,0,0,254
923,258,0,0,254
924,258,0,0,254
925,258,0,0,254
926,258,0,0,254
927,258,0,0,254
928,258,0,3,255
929,258,16,0,248
319,259,11,0,248
320,259,0,2,253
321,259,0,4,246
322,259,2,2,255
323,259,4,3,255
324,259,0,0,243
325,259,0,0,243
326,259,0,1,254
327,259,0,1,250
328,259,11,1,255
329,259,0,8,248
330,259,0,0,250
331,259,6,1,253
332,259,4,0,253
333,259,0,0,250
334,259,0,0,251
915,259,6,5,255
916,259,6,5,246
917,259,1,1,249
918,259,8,0,254
919,259,0,2,244
920,259,0,0,254
921,259,0,0,254
922,259,0,0,254
923,259,0,0,254
924,259,0,0,254
925,259,0,0,254
926,259,0,0,254
927,259,0,0,254
928,259,0,0,252
320,260,6,6,255
321,260,3,3,255
322,260,0,0,248
323,260,7,6,255
324,260,3,2,255
325,260,0,1,242
326,260,4,7,255
327,260,0,4,255
328,260,1,2,242
329,260,7,7,255
330,260,0,0,241
331,260,0,0,253
332,260,7,7,255
333,260,4,4,255
334,260,2,3,244
335,260,3,0,248
915,260,0,0,250
916,260,8,2,255
917,260,0,0,246
918,260,14,2,255
919,260,0,2,253
920,260,0,0,254
921,260,0,0,254
922,260,0,0,254
923,260,0,0,254
924,260,0,0,254
925,260,0,0,254
926,260,0,0,254
927,260,0,0,254
928,260,12,6,255
320,261,7,0,250
321,261,9,0,249
322,261,0,0,235
323,261,0,1,251
324,261,2,2,255
325,261,1,0,254
326,261,0,1,246
327,261,0,2,244
328,261,0,2,249
329,261,0,0,251
330,261,0,0,247
331,261,0,2,254
332,261,0,0,244
333,261,1,0,242
334,261,3,1,252
335,261,0,3,255
914,261,11,0,249
915,261,0,4,255
916,261,5,2,255
917,261,0,0,254
918,261,11,5,255
919,261,0,1,253
920,261,0,0,254
921,261,0,0,254
922,261,0,0,254
923,261,0,0,254
924,261,0,0,254
925,261,0,0,254
926,261,0,0,254
927,261,0,0,254
928,261,6,0,248
321,262,12,0,238
322,262,6,2,247
323,262,0,2,255
324,262,0,2,249
325,262,0,0,251
326,262,6,5,255
327,262,0,0,254
328,262,0,3,255
329,262,5,3,252
330,262,0,0,249
331,262,0,0,249
332,262,0,1,254
333,262,4,1,255
334,262,4,1,255
335,262,0,2,253
914,262,3,0,255
915,262,0,0,243
916,262,0,0,251
917,262,2,1,252
918,262,0,0,245
919,262,0,0,248
920,262,0,0,254
921,262,0,0,254
922,262,0,0,254
923,262,0,0,254
924,262,0,0,254
925,262,0,0,254
926,262,0,0,254
927,262,0,0,254
322,263,4,0,253
323,263,1,6,255
324,263,0,1,253
325,263,2,2,255
326,263,0,0,245
327,263,6,6,254
328,263,2,2,255
329,263,0,0,245
330,263,3,3,249
331,263,6,3,255
332,263,2,0,254
333,263,4,3,255
334,263,0,0,235
335,263,2,1,255
336,263,25,0,254
914,263,0,4,255
915,263,8,5,246
916,263,0,0,247
917,263,3,2,255
918,263,0,6,254
919,263,1,0,253
920,263,0,0,254
921,263,0,0,254
922,263,0,0,254
923,263,0,0,254
924,263,0,0,254
925,263,0,0,254
926,263,0,0,254
927,263,0,0,254
322,264,13,0,251
323,264,0,3,239
324,264,2,1,255
325,264,2,7,255
326,264,1,2,232
327,264,2,0,254
328,264,0,0,254
329,264,0,0,254
330,264,0,0,254
331,264,0,0,254
332,264,0,0,254
333,264,0,0,254
334,264,0,0,254
335,264,0,0,254
336,264,0,3,255
913,264,1,0,254
914,264,0,3,252
915,264,2,0,254
916,264,5,0,252
917,264,0,0,247
918,264,0,0,248
919,264,5,6,255
920,264,0,3,252
921,264,8,0,240
922,264,0,3,245
923,264,3,2,255
924,264,9,0,255
925,264,0,0,252
926,264,0,0,252
927,264,11,2,249
323,265,13,7,255
324,265,2,0,252
325,265,0,0,248
326,265,1,0,253
327,265,0,0,253
328,265,0,0,254
329,265,0,0,254
330,265,0,0,254
331,265,0,0,254
332,265,0,0,254
333,265,0,0,254
334,265,0,0,254
335,265,0,0,254
336,265,0,0,254
913,265,0,0,253
914,265,0,4,237
915,265,4,3,247
916,265,10,4,255
917,265,0,0,252
918,265,3,3,255
919,265,0,0,253
920,265,0,1,253
921,265,3,2,255
922,265,6,4,253
923,265,0,0,252
924,265,0,0,245
925,265,0,0,245
926,265,0,1,254
324,266,6,1,253
325,266,0,0,250
326,266,7,6,255
327,266,0,3,255
328,266,0,0,254
329,266,0,0,254
330,266,0,0,254
331,266,0,0,254
332,266,0,0,254
333,266,0,0,254
334,266,0,0,254
335,266,0,0,254
336,266,6,5,255
337,266,11,0,251
913,266,1,4,239
914,266,0,4,255
915,266,1,0,248
916,266,0,0,240
917,266,5,5,255
918,266,0,0,251
919,266,4,6,249
920,266,3,2,255
921,266,1,6,255
922,266,2,0,244
923,266,2,5,255
924,266,0,0,250
925,266,3,7,252
926,266,0,0,252
324,267,0,5,251
325,267,0,0,243
326,267,0,0,250
327,267,0,0,237
328,267,0,0,254
329,267,0,0,254
330,267,0,0,254
331,267,0,0,254
332,267,0,0,254
333,267,0,0,254
334,267,0,0,254
335,267,0,0,254
336,267,0,0,241
337,267,2,0,251
912,267,15,0,253
913,267,0,0,254
914,267,0,8,251
915,267,0,0,251
916,267,3,2,255
917,267,3,3,255
918,267,0,0,236
919,267,0,0,245
920,267,6,0,255
921,267,0,2,242
922,267,1,0,251
923,267,4,5,253
924,267,0,9,254
925,267,0,4,255
926,267,1,0,230
324,268,0,0,247
325,268,0,4,255
326,268,0,4,255
327,268,0,3,252
328,268,0,0,254
329,268,0,0,254
330,268,0,0,254
331,268,0,0,254
332,268,0,0,254
333,268,0,0,254
334,268,0,0,254
335,268,0,0,254
336,268,3,3,255
337,268,0,0,250
912,268,13,0,255
913,268,0,3,254
914,268,0,0,249
915,268,4,1,255
916,268,4,6,247
917,268,2,2,255
918,268,0,0,251
919,268,1,6,255
920,268,4,3,245
921,268,0,0,247
922,268,1,4,255
923,268,0,0,247
924,268,0,0,246
925,268,0,2,254
324,269,6,4,251
325,269,0,0,249
326,269,0,5,255
327,269,1,1,255
328,269,0,0,254
329,269,0,0,254
330,269,0,0,254
331,269,0,0,254
332,269,0,0,254
333,269,0,0,254
334,269,0,0,254
335,269,0,0,254
336,269,3,6,255
337,269,4,4,255
338,269,15,0,254
912,269,0,0,243
913,269,0,2,255
914,269,3,3,255
915,269,0,0,250
916,269,0,0,249
917,269,0,0,246
918,269,6,3,255
919,269,0,2,254
920,269,0,0,252
921,269,6,0,255
922,269,0,2,254
923,269,5,4,255
924,269,3,6,255
925,269,6,1,253
325,270,5,2,255
326,270,0,0,245
327,270,5,6,254
328,270,0,0,254
329,270,0,0,254
330,270,0,0,254
331,270,0,0,254
332,270,0,0,254
333,270,0,0,254
334,270,0,0,254
335,270,0,0,254
336,270,0,2,248
337,270,0,1,252
338,270,1,0,248
911,270,14,0,255
912,270,1,2,250
913,270,0,5,255
914,270,2,1,252
915,270,0,0,252
916,270,3,8,255
917,270,0,1,239
918,270,8,2,255
919,270,0,4,255
920,270,2,1,255
921,270,8,8,254
922,270,0,0,241
923,270,0,1,250
924,270,0,1,252
325,271,10,0,250
326,271,0,0,251
327,271,1,2,252
328,271,0,0,254
329,271,0,0,254
330,271,0,0,254
331,271,0,0,254
332,271,0,0,254
333,271,0,0,254
334,271,0,0,254
335,271,0,0,254
336,271,0,3,254
337,271,0,1,242
338,271,0,0,246
911,271,9,0,244
912,271,0,0,252
913,271,0,3,236
914,271,1,0,250
915,271,6,5,255
916,271,0,0,251
917,271,0,0,244
918,271,5,0,253
919,271,0,0,250
920,271,0,0,244
921,271,0,2,248
922,271,5,0,252
923,271,0,4,255
924,271,3,6,255
325,272,20,0,238
326,272,0,5,255
327,272,0,3,252
328,272,0,0,254
329,272,0,0,254
330,272,0,0,254
331,272,0,0,254
332,272,0,0,254
333,272,0,0,254
334,272,0,0,254
335,272,0,0,254
336,272,2,0,254
337,272,0,0,243
338,272,0,0,253
911,272,7,2,252
912,272,0,0,254
913,272,0,0,254
914,272,0,0,254
915,272,0,0,254
916,272,0,0,254
917,272,0,0,254
918,272,0,0,254
919,272,0,0,254
920,272,0,0,250
921,272,0,5,255
922,272,0,0,249
923,272,4,6,251
924,272,24,0,252
326,273,0,4,246
327,273,0,0,252
328,273,0,0,254
329,273,0,0,254
330,273,0,0,254
331,273,0,0,254
332,273,0,0,254
333,273,0,0,254
334,273,0,0,254
335,273,0,0,254
336,273,7,4,255
337,273,0,3,238
338,273,0,0,254
339,273,0,0,252
910,273,3,0,253
911,273,0,0,246
912,273,0,0,254
913,273,0,0,254
914,273,0,0,254
915,273,0,0,254
916,273,0,0,254
917,273,0,0,254
918,273,0,0,254
919,273,0,0,254
920,273,0,0,234
921,273,0,1,253
922,273,0,3,255
923,273,3,4,254
326,274,0,0,251
327,274,0,4,255
328,274,0,0,254
329,274,0,0,254
330,274,0,0,254
331,274,0,0,254
332,274,0,0,254
333,274,0,0,254
334,274,0,0,254
335,274,0,0,254
336,274,0,0,235
337,274,0,0,253
338,274,0,0,247
339,274,4,1,255
910,274,4,1,255
911,274,1,0,253
912,274,0,0,254
913,274,0,0,254
914,274,0,0,254
915,274,0,0,254
916,274,0,0,254
917,274,0,0,254
918,274,0,0,254
919,274,0,0,254
920,274,1,3,248
921,274,0,4,255
922,274,0,0,252
923,274,0,0,253
326,275,3,6,255
327,275,3,6,255
328,275,0,0,254
329,275,0,0,254
330,275,0,0,254
331,275,0,0,254
332,275,0,0,254
333,275,0,0,254
334,275,0,0,254
335,275,0,0,254
336,275,4,3,255
337,275,3,3,255
338,275,0,0,241
339,275,0,0,246
910,275,0,0,248
911,275,1,0,254
912,275,0,0,254
913,275,0,0,254
914,275,0,0,254
915,275,0,0,254
916,275,0,0,254
917,275,0,0,254
918,275,0,0,254
919,275,0,0,254
920,275,6,6,255
921,275,0,2,255
922,275,0,0,240
923,275,0,0,251
326,276,0,1,252
327,276,0,0,248
328,276,0,0,254
329,276,0,0,254
330,276,0,0,254
331,276,0,0,254
332,276,0,0,254
333,276,0,0,254
334,276,0,0,254
335,276,0,0,254
336,276,2,1,255
337,276,0,1,252
338,276,3,6,255
339,276,6,5,255
910,276,6,5,255
911,276,2,4,247
912,276,0,0,254
913,276,0,0,254
914,276,0,0,254
915,276,0,0,254
916,276,0,0,254
917,276,0,0,254
918,276,0,0,254
919,276,0,0,254
920,276,0,0,248
921,276,0,0,252
922,276,0,1,241
923,276,1,0,254
326,277,3,2,255
327,277,3,3,255
328,277,0,0,254
329,277,0,0,254
330,277,0,0,254
331,277,0,0,254
332,277,0,0,254
333,277,0,0,254
334,277,0,0,254
335,277,0,0,254
336,277,0,0,250
337,277,2,5,255
338,277,0,0,247
339,277,0,2,231
910,277,0,1,238
911,277,2,3,254
912,277,0,0,254
913,277,0,0,254
914,277,0,0,254
915,277,0,0,254
916,277,0,0,254
917,277,0,0,254
918,277,0,0,254
919,277,0,0,254
920,277,0,0,248
921,277,0,3,254
922,277,0,1,254
923,277,3,2,255
326,278,0,0,244
327,278,0,0,252
328,278,0,0,254
329,278,0,0,254
330,278,0,0,254
331,278,0,0,254
332,278,0,0,254
333,278,0,0,254
334,278,0,0,254
335,278,0,0,254
336,278,5,4,255
337,278,0,0,249
338,278,0,1,246
339,278,3,2,255
910,278,2,2,255
911,278,0,0,248
912,278,0,0,254
913,278,0,0,254
914,278,0,0,254
915,278,0,0,254
916,278,0,0,254
917,278,0,0,254
918,278,0,0,254
919,278,0,0,254
920,278,0,0,250
921,278,6,10,255
922,278,0,3,248
923,278,0,0,250
326,279,1,1,249
327,279,5,4,255
328,279,0,0,254
329,279,0,0,254
330,279,0,0,254
331,279,0,0,254
332,279,0,0,254
333,279,0,0,254
334,279,0,0,254
335,279,0,0,254
336,279,1,1,249
337,279,0,0,245
338,279,4,7,255
339,279,0,0,250
910,279,0,1,241
911,279,2,5,255
912,279,0,0,254
913,279,0,0,254
914,279,0,0,254
915,279,0,0,254
916,279,0,0,254
917,279,0,0,254
918,279,0,0,254
919,279,0,0,254
920,279,0,0,251
921,279,2,2,255
922,279,0,5,247
923,279,0,0,250
326,280,0,0,251
327,280,0,0,254
328,280,0,0,254
329,280,0,0,254
330,280,0,0,254
331,280,0,0,254
332,280,0,0,254
333,280,0,0,254
334,280,0,0,254
335,280,0,0,254
336,280,2,1,255
337,280,0,0,253
338,280,0,2,255
339,280,1,0,254
910,280,0,3,255
911,280,0,0,250
912,280,0,0,254
913,280,0,0,254
914,280,0,0,254
915,280,0,0,254
916,280,0,0,254
917,280,0,0,254
918,280,0,0,254
919,280,0,0,254
920,280,0,0,248
921,280,0,0,247
922,280,1,4,255
923,280,0,0,251
326,281,0,0,251
327,281,0,0,254
328,281,0,0,254
329,281,0,0,254
330,281,0,0,254
331,281,0,0,254
332,281,0,0,254
333,281,0,0,254
334,281,0,0,254
335,281,0,0,254
336,281,2,1,255
337,281,0,0,253
338,281,0,2,255
339,281,1,0,254
909,281,3,0,248
910,281,0,3,255
911,281,0,0,252
912,281,0,0,254
913,281,0,0,254
914,281,0,0,254
915,281,0,0,254
916,281,0,0,254
917,281,0,0,254
918,281,0,0,254
919,281,0,0,254
920,281,5,4,255
921,281,0,0,249
922,281,0,2,247
923,281,3,2,255
326,282,0,0,251
327,282,0,0,254
328,282,0,0,254
329,282,0,0,254
330,282,0,0,254
331,282,0,0,254
332,282,0,0,254
333,282,0,0,254
334,282,0,0,254
335,282,0,0,254
336,282,2,1,255
337,282,0,0,253
338,282,0,2,255
339,282,1,0,254
908,282,10,0,241
909,282,5,0,252
910,282,0,3,250
911,282,7,1,255
912,282,0,0,254
913,282,0,0,254
914,282,0,0,254
915,282,0,0,254
916,282,0,0,254
917,282,0,0,254
918,282,0,0,254
919,282,0,0,254
920,282,0,0,251
921,282,0,3,255
922,282,0,0,249
923,282,0,0,229
326,283,0,0,251
327,283,0,0,254
328,283,0,0,254
329,283,0,0,254
330,283,0,0,254
331,283,0,0,254
332,283,0,0,254
333,283,0,0,254
334,283,0,0,254
335,283,0,0,254
336,283,2,1,255
337,283,0,0,253
338,283,0,2,255
339,283,1,0,254
907,283,7,0,253
908,283,2,1,255
909,283,0,0,252
910,283,5,7,250
911,283,4,0,254
912,283,0,0,254
913,283,0,0,254
914,283,0,0,254
915,283,0,0,254
916,283,0,0,254
917,283,0,0,254
918,283,0,0,254
919,283,0,0,254
920,283,3,2,255
921,283,0,0,250
922,283,5,8,255
923,283,5,4,255
326,284,0,0,251
327,284,0,0,254
328,284,0,0,254
329,284,0,0,254
330,284,0,0,254
331,284,0,0,254
332,284,0,0,254
333,284,0,0,254
334,284,0,0,254
335,284,0,0,254
336,284,2,1,255
337,284,0,0,253
338,284,0,2,255
339,284,1,0,254
907,284,3,2,255
908,284,0,1,253
909,284,0,5,251
910,284,0,0,253
911,284,0,0,249
912,284,0,0,254
913,284,0,0,254
914,284,0,0,254
915,284,0,0,254
916,284,0,0,254
917,284,0,0,254
918,284,0,0,254
919,284,0,0,254
920,284,4,3,255
921,284,5,5,255
922,284,0,0,240
923,284,0,0,247
326,285,0,0,251
327,285,0,0,254
328,285,0,0,254
329,285,0,0,254
330,285,0,0,254
331,285,0,0,254
332,285,0,0,254
333,285,0,0,254
334,285,0,0,254
335,285,0,0,254
336,285,2,1,255
337,285,0,0,253
338,285,0,2,255
339,285,1,0,254
907,285,0,0,252
908,285,0,0,251
909,285,0,0,251
910,285,2,0,254
911,285,1,1,255
912,285,0,0,254
913,285,0,0,254
914,285,0,0,254
915,285,0,0,254
916,285,0,0,254
917,285,0,0,254
918,285,0,0,254
919,285,0,0,254
920,285,0,0,233
921,285,2,2,255
922,285,0,0,244
923,285,5,2,255
326,286,0,0,251
327,286,0,0,254
328,286,0,0,254
329,286,0,0,254
330,286,0,0,254
331,286,0,0,254
332,286,0,0,254
333,286,0,0,254
334,286,0,0,254
335,286,0,0,254
336,286,2,1,255
337,286,0,0,253
338,286,0,2,255
339,286,1,0,254
907,286,0,0,249
908,286,6,8,253
909,286,4,7,255
910,286,0,0,239
911,286,4,8,255
912,286,0,0,254
913,286,0,0,254
914,286,0,0,254
915,286,0,0,254
916,286,0,0,254
917,286,0,0,254
918,286,0,0,254
919,286,0,0,254
920,286,7,4,255
921,286,0,3,238
922,286,0,0,253
923,286,0,0,252
326,287,0,0,251
327,287,0,0,254
328,287,0,0,254
329,287,0,0,254
330,287,0,0,254
331,287,0,0,254
332,287,0,0,254
333,287,0,0,254
334,287,0,0,254
335,287,0,0,254
336,287,2,1,255
337,287,0,0,253
338,287,0,2,255
339,287,1,0,254
907,287,0,2,255
908,287,0,0,253
909,287,3,4,255
910,287,4,0,253
911,287,0,0,252
912,287,0,0,254
913,287,0,0,254
914,287,0,0,254
915,287,0,0,254
916,287,0,0,254
917,287,0,0,254
918,287,0,0,254
919,287,0,0,254
920,287,3,0,255
921,287,0,0,241
922,287,2,2,255
326,288,0,0,251
327,288,0,0,254
328,288,0,0,254
329,288,0,0,254
330,288,0,0,254
331,288,0,0,254
332,288,0,0,254
333,288,0,0,254
334,288,0,0,254
335,288,0,0,254
336,288,0,2,254
337,288,7,0,251
338,288,1,0,254
339,288,0,4,247
907,288,0,0,252
908,288,3,2,255
909,288,0,0,240
910,288,9,8,255
911,288,0,1,252
912,288,0,0,254
913,288,0,0,254
914,288,0,0,254
915,288,0,0,254
916,288,0,0,254
917,288,0,0,254
918,288,0,0,254
919,288,0,0,254
920,288,0,2,255
921,288,0,4,254
922,288,2,3,254
326,289,0,0,251
327,289,0,0,254
328,289,0,0,254
329,289,0,0,254
330,289,0,0,254
331,289,0,0,254
332,289,0,0,254
333,289,0,0,254
334,289,0,0,254
335,289,0,0,254
336,289,0,2,255
337,289,5,0,255
338,289,5,6,246
339,289,0,6,255
907,289,0,0,245
908,289,3,3,255
909,289,1,5,254
910,289,0,0,242
911,289,0,0,251
912,289,0,0,254
913,289,0,0,254
914,289,0,0,254
915,289,0,0,254
916,289,0,0,254
917,289,0,0,254
918,289,0,0,254
919,289,0,0,254
920,289,0,0,252
921,289,2,2,250
922,289,5,0,251
326,290,0,0,251
327,290,0,0,254
328,290,0,0,254
329,290,0,0,254
330,290,0,0,254
331,290,0,0,254
332,290,0,0,254
333,290,0,0,254
334,290,0,0,254
335,290,0,0,254
336,290,0,1,249
337,290,0,0,251
338,290,0,0,249
339,290,1,2,253
907,290,0,0,249
908,290,0,0,249
909,290,2,7,255
910,290,4,0,254
911,290,0,3,243
912,290,0,0,254
913,290,0,0,254
914,290,0,0,254
915,290,0,0,254
916,290,0,0,254
917,290,0,0,254
918,290,0,0,254
919,290,0,0,254
920,290,5,0,255
921,290,8,0,248
326,291,0,0,251
327,291,0,0,254
328,291,0,0,254
329,291,0,0,254
330,291,0,0,254
331,291,0,0,254
332,291,0,0,254
333,291,0,0,254
334,291,0,0,254
335,291,0,0,254
336,291,0,0,249
337,291,0,0,252
338,291,5,4,255
339,291,6,0,255
340,291,15,3,255
907,291,1,5,254
908,291,0,5,247
909,291,0,0,252
910,291,3,0,253
911,291,0,0,254
912,291,0,0,254
913,291,0,0,254
914,291,0,0,254
915,291,0,0,254
916,291,0,0,254
917,291,0,0,254
918,291,0,0,254
919,291,0,0,254
920,291,15,0,255
326,292,0,0,251
327,292,0,0,254
328,292,0,0,254
329,292,0,0,254
330,292,0,0,254
331,292,0,0,254
332,292,0,0,254
333,292,0,0,254
334,292,0,0,254
335,292,0,0,254
336,292,3,2,255
337,292,0,0,242
338,292,0,0,254
339,292,7,0,255
340,292,0,0,233
341,292,9,0,249
907,292,0,0,253
908,292,0,0,239
909,292,0,5,255
910,292,3,0,253
911,292,1,1,255
912,292,0,0,254
913,292,0,0,254
914,292,0,0,254
915,292,0,0,254
916,292,0,0,254
917,292,0,0,254
918,292,0,0,254
919,292,0,0,254
326,293,0,0,251
327,293,0,0,254
328,293,0,0,254
329,293,0,0,254
330,293,0,0,254
331,293,0,0,254
332,293,0,0,254
333,293,0,0,254
334,293,0,0,254
335,293,0,0,254
336,293,5,5,255
337,293,0,0,247
338,293,0,4,248
339,293,3,0,241
340,293,0,1,254
341,293,5,0,255
342,293,14,0,255
906,293,14,8,255
907,293,1,0,253
908,293,2,0,254
909,293,0,0,251
910,293,3,0,255
911,293,0,0,240
912,293,0,0,254
913,293,0,0,254
914,293,0,0,254
915,293,0,0,254
916,293,0,0,254
917,293,0,0,254
918,293,0,0,254
919,293,0,0,254
326,294,0,0,251
327,294,0,0,254
328,294,0,0,254
329,294,0,0,254
330,294,0,0,254
331,294,0,0,254
332,294,0,0,254
333,294,0,0,254
334,294,0,0,254
335,294,0,0,254
336,294,0,0,242
337,294,4,0,253
338,294,0,8,255
339,294,5,4,255
340,294,0,0,246
341,294,0,3,248
342,294,1,0,254
904,294,12,0,255
905,294,6,0,250
906,294,0,0,234
907,294,0,0,249
908,294,3,0,252
909,294,0,0,248
910,294,0,0,250
911,294,0,0,251
912,294,0,0,254
913,294,0,0,254
914,294,0,0,254
915,294,0,0,254
916,294,0,0,254
917,294,0,0,254
918,294,0,0,254
919,294,0,0,254
326,295,0,0,251
327,295,0,0,254
328,295,0,0,254
329,295,0,0,254
330,295,0,0,254
331,295,0,0,254
332,295,0,0,254
333,295,0,0,254
334,295,0,0,254
335,295,0,0,254
336,295,0,3,250
337,295,9,0,255
338,295,0,9,255
339,295,0,0,248
340,295,0,3,242
341,295,0,0,252
342,295,0,1,253
904,295,0,0,247
905,295,0,0,251
906,295,0,7,253
907,295,10,5,248
908,295,15,5,255
909,295,0,0,252
910,295,3,2,255
911,295,0,5,255
912,295,0,0,254
913,295,0,0,254
914,295,0,0,254
915,295,0,0,254
916,295,0,0,254
917,295,0,0,254
918,295,0,0,254
919,295,0,0,254
326,296,3,1,235
327,296,0,0,253
328,296,5,5,253
329,296,4,0,254
330,296,3,0,246
331,296,3,3,255
332,296,0,2,248
333,296,0,0,248
334,296,3,5,250
335,296,10,0,255
336,296,0,0,251
337,296,0,2,255
338,296,2,0,254
339,296,0,0,253
340,296,1,1,255
341,296,0,2,254
342,296,1,0,254
903,296,0,5,255
904,296,0,0,254
905,296,0,0,254
906,296,0,0,254
907,296,0,0,254
908,296,0,0,254
909,296,0,0,254
910,296,0,0,254
911,296,0,0,254
912,296,1,2,250
913,296,0,0,253
914,296,3,2,255
915,296,2,1,255
916,296,3,0,255
917,296,4,1,255
918,296,2,1,255
919,296,0,0,253
326,297,11,0,255
327,297,0,1,252
328,297,0,1,250
329,297,0,0,251
330,297,6,4,253
331,297,1,1,255
332,297,0,0,250
333,297,0,2,254
334,297,0,0,254
335,297,8,2,255
336,297,0,0,251
337,297,0,2,255
338,297,2,0,254
339,297,0,0,253
340,297,1,1,255
341,297,0,2,254
342,297,1,0,254
903,297,0,2,254
904,297,0,0,254
905,297,0,0,254
906,297,0,0,254
907,297,0,0,254
908,297,0,0,254
909,297,0,0,254
910,297,0,0,254
911,297,0,0,254
912,297,0,0,243
913,297,1,1,255
914,297,5,4,255
915,297,0,0,251
916,297,2,2,248
917,297,0,0,246
918,297,0,2,241
919,297,0,0,254
327,298,0,3,255
328,298,0,0,251
329,298,1,6,255
330,298,0,0,248
331,298,3,3,247
332,298,0,3,245
333,298,0,5,244
334,298,0,0,253
335,298,0,0,247
336,298,0,0,251
337,298,0,2,255
338,298,2,0,254
339,298,0,0,253
340,298,1,1,255
341,298,0,2,254
342,298,1,0,254
903,298,0,0,243
904,298,0,0,254
905,298,0,0,254
906,298,0,0,254
907,298,0,0,254
908,298,0,0,254
909,298,0,0,254
910,298,0,0,254
911,298,0,0,254
912,298,2,4,245
913,298,0,0,249
914,298,3,2,255
915,298,0,0,253
916,298,6,9,255
917,298,0,3,245
918,298,2,5,255
919,298,0,0,254
327,299,4,3,255
328,299,0,2,253
329,299,0,4,246
330,299,2,2,255
331,299,4,3,255
332,299,0,0,243
333,299,0,0,243
334,299,0,1,254
335,299,0,1,250
336,299,0,0,251
337,299,0,2,255
338,299,2,0,254
339,299,0,0,253
340,299,1,1,255
341,299,0,2,254
342,299,1,0,254
903,299,5,2,255
904,299,0,0,254
905,299,0,0,254
906,299,0,0,254
907,299,0,0,254
908,299,0,0,254
909,299,0,0,254
910,299,0,0,254
911,299,0,0,254
912,299,3,3,255
913,299,0,0,251
914,299,0,0,252
915,299,1,3,244
916,299,0,0,250
917,299,0,6,255
918,299,0,0,242
919,299,3,2,255
327,300,9,0,255
328,300,6,6,255
329,300,3,3,255
330,300,0,0,248
331,300,7,6,255
332,300,3,2,255
333,300,0,1,242
334,300,4,7,255
335,300,0,4,255
336,300,0,0,251
337,300,0,2,255
338,300,2,0,254
339,300,0,0,253
340,300,1,1,255
341,300,0,2,254
342,300,1,0,254
903,300,0,0,251
904,300,0,0,254
905,300,0,0,254
906,300,0,0,254
907,300,0,0,254
908,300,0,0,254
909,300,0,0,254
910,300,0,0,254
911,300,0,0,254
912,300,0,0,253
913,300,7,6,255
914,300,2,0,254
915,300,0,0,249
916,300,0,1,236
917,300,0,4,255
918,300,0,0,250
919,300,6,0,249
328,301,7,0,250
329,301,9,0,249
330,301,0,0,235
331,301,0,1,251
332,301,2,2,255
333,301,1,0,254
334,301,0,1,246
335,301,0,2,244
336,301,0,0,251
337,301,0,2,255
338,301,2,0,254
339,301,0,0,253
340,301,1,1,255
341,301,0,2,254
342,301,1,0,254
903,301,2,0,254
904,301,0,0,254
905,301,0,0,254
906,301,0,0,254
907,301,0,0,254
908,301,0,0,254
909,301,0,0,254
910,301,0,0,254
911,301,0,0,254
912,301,0,0,250
913,301,0,0,252
914,301,5,0,255
915,301,5,4,255
916,301,0,0,251
917,301,0,0,249
918,301,11,1,255
329,302,12,0,238
330,302,6,2,247
331,302,0,2,255
332,302,0,2,249
333,302,0,0,251
334,302,6,5,255
335,302,0,0,254
336,302,0,0,251
337,302,0,2,255
338,302,2,0,254
339,302,0,0,253
340,302,1,1,255
341,302,0,2,254
342,302,1,0,254
902,302,6,0,253
903,302,1,0,253
904,302,0,0,254
905,302,0,0,254
906,302,0,0,254
907,302,0,0,254
908,302,0,0,254
909,302,0,0,254
910,302,0,0,254
911,302,0,0,254
912,302,0,5,251
913,302,2,1,253
914,302,2,0,251
915,302,3,2,246
916,302,0,3,255
917,302,4,3,255
918,302,13,0,253
330,303,4,0,253
331,303,1,6,255
332,303,0,1,253
333,303,2,2,255
334,303,0,0,245
335,303,6,6,254
336,303,0,0,251
337,303,0,2,255
338,303,2,0,254
339,303,0,0,253
340,303,1,1,255
341,303,0,2,254
342,303,1,0,254
901,303,6,0,246
902,303,2,5,255
903,303,1,1,245
904,303,0,0,254
905,303,0,0,254
906,303,0,0,254
907,303,0,0,254
908,303,0,0,254
909,303,0,0,254
910,303,0,0,254
911,303,0,0,254
912,303,0,4,255
913,303,0,0,252
914,303,9,0,255
915,303,1,0,251
916,303,2,3,254
917,303,7,1,255
330,304,0,0,253
331,304,1,1,255
332,304,0,0,253
333,304,0,0,254
334,304,0,1,252
335,304,1,0,254
336,304,0,0,251
337,304,0,2,255
338,304,2,0,254
339,304,0,0,253
340,304,1,1,255
341,304,0,2,254
342,304,1,0,254
900,304,0,5,251
901,304,2,2,255
902,304,0,4,255
903,304,2,0,245
904,304,0,0,254
905,304,0,0,254
906,304,0,0,254
907,304,0,0,254
908,304,0,0,254
909,304,0,0,254
910,304,0,0,254
911,304,0,0,254
912,304,2,0,251
913,304,6,0,255
914,304,0,3,253
915,304,4,4,255
916,304,9,0,245
330,305,0,0,253
331,305,1,1,255
332,305,0,0,253
333,305,0,0,254
334,305,0,1,252
335,305,1,0,254
336,305,0,0,251
337,305,0,2,255
338,305,2,0,254
339,305,0,0,253
340,305,1,1,255
341,305,0,2,254
342,305,1,0,254
899,305,13,0,248
900,305,0,0,241
901,305,0,3,242
902,305,0,2,252
903,305,4,0,254
904,305,0,0,254
905,305,0,0,254
906,305,0,0,254
907,305,0,0,254
908,305,0,0,254
909,305,0,0,254
910,305,0,0,254
911,305,0,0,254
912,305,0,1,254
913,305,0,0,252
914,305,0,1,252
915,305,0,0,251
330,306,0,0,253
331,306,1,1,255
332,306,0,0,253
333,306,0,0,254
334,306,0,1,252
335,306,1,0,254
336,306,0,0,251
337,306,0,2,255
338,306,2,0,254
339,306,0,0,253
340,306,1,1,255
341,306,0,2,254
342,306,1,0,254
899,306,5,0,254
900,306,3,0,253
901,306,0,0,249
902,306,5,5,255
903,306,0,0,252
904,306,0,0,254
905,306,0,0,254
906,306,0,0,254
907,306,0,0,254
908,306,0,0,254
909,306,0,0,254
910,306,0,0,254
911,306,0,0,254
912,306,0,0,251
913,306,0,3,255
914,306,6,0,253
915,306,1,0,253
330,307,0,0,253
331,307,1,1,255
332,307,0,0,253
333,307,0,0,254
334,307,0,1,252
335,307,1,0,254
336,307,0,0,251
337,307,0,2,255
338,307,2,0,254
339,307,0,0,253
340,307,1,1,255
341,307,0,2,254
342,307,1,0,254
899,307,0,2,243
900,307,5,0,255
901,307,0,2,252
902,307,6,4,253
903,307,5,4,255
904,307,0,0,254
905,307,0,0,254
906,307,0,0,254
907,307,0,0,254
908,307,0,0,254
909,307,0,0,254
910,307,0,0,254
911,307,0,0,254
912,307,0,1,246
913,307,0,2,254
914,307,8,0,254
915,307,0,0,245
330,308,0,0,253
331,308,1,1,255
332,308,0,0,253
333,308,0,0,254
334,308,0,1,252
335,308,1,0,254
336,308,0,0,251
337,308,0,2,255
338,308,2,0,254
339,308,0,0,253
340,308,1,1,255
341,308,0,2,254
342,308,1,0,254
899,308,0,0,251
900,308,3,1,250
901,308,0,2,252
902,308,1,0,240
903,308,0,0,250
904,308,0,0,254
905,308,0,0,254
906,308,0,0,254
907,308,0,0,254
908,308,0,0,254
909,308,0,0,254
910,308,0,0,254
911,308,0,0,254
912,308,5,2,255
913,308,0,1,237
914,308,9,0,255
915,308,0,5,255
330,309,0,0,253
331,309,1,1,255
332,309,0,0,253
333,309,0,0,254
334,309,0,1,252
335,309,1,0,254
336,309,0,0,251
337,309,0,2,255
338,309,2,0,254
339,309,0,0,253
340,309,1,1,255
341,309,0,2,254
342,309,1,0,254
899,309,0,2,254
900,309,3,3,255
901,309,0,1,250
902,309,0,0,252
903,309,4,1,255
904,309,0,0,254
905,309,0,0,254
906,309,0,0,254
907,309,0,0,254
908,309,0,0,254
909,309,0,0,254
910,309,0,0,254
911,309,0,0,254
912,309,2,0,254
913,309,5,4,255
914,309,3,0,245
915,309,0,0,243
330,310,0,0,253
331,310,1,1,255
332,310,0,0,253
333,310,0,0,254
334,310,0,1,252
335,310,1,0,254
336,310,0,0,251
337,310,0,2,255
338,310,2,0,254
339,310,0,0,253
340,310,1,1,255
341,310,0,2,254
342,310,1,0,254
899,310,0,2,255
900,310,0,6,255
901,310,0,0,237
902,310,6,6,255
903,310,0,0,246
904,310,0,0,254
905,310,0,0,254
906,310,0,0,254
907,310,0,0,254
908,310,0,0,254
909,310,0,0,254
910,310,0,0,254
911,310,0,0,254
912,310,0,1,250
913,310,0,0,251
914,310,5,0,255
915,310,9,0,252
330,311,0,0,253
331,311,1,1,255
332,311,0,0,253
333,311,0,0,254
334,311,0,1,252
335,311,1,0,254
336,311,0,0,251
337,311,0,2,255
338,311,2,0,254
339,311,0,0,253
340,311,1,1,255
341,311,0,2,254
342,311,1,0,254
898,311,16,0,252
899,311,0,0,243
900,311,0,9,254
901,311,4,0,254
902,311,1,5,254
903,311,3,0,255
904,311,0,0,254
905,311,0,0,254
906,311,0,0,254
907,311,0,0,254
908,311,0,0,254
909,311,0,0,254
910,311,0,0,254
911,311,0,0,254
912,311,0,6,255
913,311,3,0,255
914,311,0,0,249
330,312,0,1,238
331,312,0,1,252
332,312,2,5,255
333,312,0,1,249
334,312,2,2,255
335,312,0,0,251
336,312,0,2,254
337,312,5,2,255
338,312,0,1,251
339,312,0,0,250
340,312,8,0,254
341,312,0,4,255
342,312,0,2,251
898,312,7,2,254
899,312,0,6,243
900,312,5,0,254
901,312,7,0,245
902,312,0,4,255
903,312,0,0,253
904,312,7,1,255
905,312,2,7,255
906,312,0,0,244
907,312,4,3,255
908,312,0,3,249
909,312,0,3,255
910,312,0,0,240
911,312,0,7,248
912,312,0,2,253
913,312,3,0,237
914,312,13,0,253
330,313,2,2,255
331,313,0,0,252
332,313,0,0,247
333,313,0,0,248
334,313,5,5,255
335,313,0,0,248
336,313,0,4,250
337,313,0,0,251
338,313,1,7,249
339,313,0,0,252
340,313,5,0,252
341,313,0,1,253
342,313,0,3,255
898,313,1,0,253
899,313,0,0,250
900,313,0,0,236
901,313,7,1,255
902,313,1,5,252
903,313,0,1,252
904,313,2,0,250
905,313,0,3,243
906,313,0,0,243
907,313,1,0,254
908,313,0,4,255
909,313,0,0,253
910,313,0,0,252
911,313,1,0,253
912,313,15,0,255
330,314,0,1,241
331,314,3,3,255
332,314,0,0,248
333,314,4,4,255
334,314,0,0,245
335,314,2,1,255
336,314,0,0,252
337,314,2,1,255
338,314,0,1,248
339,314,0,0,252
340,314,2,0,251
341,314,1,9,255
342,314,0,0,252
897,314,11,0,255
898,314,0,0,250
899,314,7,4,255
900,314,4,2,251
901,314,0,0,246
902,314,0,0,236
903,314,3,3,255
904,314,1,0,253
905,314,0,0,251
906,314,0,5,255
907,314,4,4,255
908,314,7,2,254
909,314,3,8,255
910,314,0,0,250
911,314,16,0,255
330,315,9,8,255
331,315,3,3,251
332,315,0,2,251
333,315,4,4,255
334,315,0,1,250
335,315,5,4,255
336,315,3,8,255
337,315,3,2,254
338,315,1,1,255
339,315,0,0,253
340,315,3,0,242
341,315,0,4,255
342,315,0,0,252
897,315,4,3,255
898,315,0,3,249
899,315,6,0,241
900,315,4,4,252
901,315,0,0,241
902,315,5,4,255
903,315,6,5,255
904,315,0,0,244
905,315,6,5,255
906,315,0,1,253
907,315,0,0,247
908,315,10,0,255
909,315,0,1,253
910,315,0,2,254
330,316,2,1,243
331,316,8,7,255
332,316,0,0,253
333,316,0,0,253
334,316,0,3,248
335,316,2,1,255
336,316,0,0,247
337,316,0,0,252
338,316,0,0,248
339,316,2,2,250
340,316,0,0,252
341,316,0,4,246
342,316,0,0,250
343,316,12,0,255
897,316,0,2,254
898,316,0,1,253
899,316,10,0,255
900,316,0,0,247
901,316,0,1,253
902,316,6,5,255
903,316,0,0,244
904,316,6,5,255
905,316,5,4,255
906,316,0,0,241
907,316,4,4,252
908,316,6,0,241
909,316,0,3,249
910,316,4,3,255
330,317,3,2,244
331,317,0,0,251
332,317,0,0,253
333,317,2,2,255
334,317,0,0,244
335,317,1,2,242
336,317,1,4,255
337,317,0,0,246
338,317,2,1,255
339,317,3,3,249
340,317,1,2,252
341,317,0,0,251
342,317,1,0,254
343,317,6,0,255
896,317,16,0,255
897,317,0,0,250
898,317,3,8,255
899,317,7,2,254
900,317,4,4,255
901,317,0,5,255
902,317,0,0,251
903,317,1,0,253
904,317,3,3,255
905,317,0,0,236
906,317,0,0,246
907,317,4,2,251
908,317,7,4,255
909,317,0,0,250
910,317,11,0,255
330,318,4,0,254
331,318,0,0,235
332,318,3,4,255
333,318,3,3,255
334,318,0,2,255
335,318,0,1,242
336,318,0,0,254
337,318,4,4,255
338,318,0,0,251
339,318,3,2,255
340,318,0,1,248
341,318,5,4,255
342,318,0,0,247
343,318,0,3,255
896,318,1,0,253
897,318,0,0,252
898,318,0,0,253
899,318,0,4,255
900,318,1,0,254
901,318,0,0,243
902,318,0,3,243
903,318,2,0,250
904,318,0,1,252
905,318,1,5,252
906,318,7,1,255
907,318,0,0,236
908,318,0,0,250
909,318,1,0,253
331,319,5,2,255
332,319,0,0,247
333,319,0,0,251
334,319,0,2,255
335,319,1,3,248
336,319,1,1,255
337,319,0,0,252
338,319,3,0,253
339,319,2,1,255
340,319,0,0,249
341,319,3,3,251
342,319,0,0,252
343,319,0,3,255
896,319,0,7,248
897,319,0,0,240
898,319,0,3,255
899,319,0,3,249
900,319,4,3,255
901,319,0,0,244
902,319,2,7,255
903,319,7,1,255
904,319,0,0,253
905,319,0,4,255
906,319,7,0,245
907,319,5,0,254
908,319,0,6,243
909,319,7,2,254
331,320,0,1,252
332,320,7,0,254
333,320,1,0,248
334,320,6,3,255
335,320,0,3,255
336,320,0,0,254
337,320,0,0,254
338,320,0,0,254
339,320,0,0,254
340,320,0,0,254
341,320,0,0,254
342,320,0,0,254
343,320,0,0,254
895,320,0,1,254
896,320,0,0,254
897,320,0,0,254
898,320,0,0,254
899,320,0,0,254
900,320,0,0,254
901,320,0,0,254
902,320,0,0,254
903,320,0,0,254
904,320,0,0,252
905,320,0,2,239
906,320,9,3,255
907,320,2,2,255
908,320,0,0,251
909,320,21,0,240
331,321,0,3,255
332,321,2,0,250
333,321,0,0,250
334,321,0,0,251
335,321,0,4,255
336,321,0,0,254
337,321,0,0,254
338,321,0,0,254
339,321,0,0,254
340,321,0,0,254
341,321,0,0,254
342,321,0,0,254
343,321,0,0,254
344,321,14,0,254
895,321,0,1,254
896,321,0,0,254
897,321,0,0,254
898,321,0,0,254
899,321,0,0,254
900,321,0,0,254
901,321,0,0,254
902,321,0,0,254
903,321,0,0,254
904,321,0,0,254
905,321,0,0,249
906,321,2,0,252
907,321,0,0,250
908,321,0,7,255
331,322,1,0,253
332,322,7,2,254
333,322,3,0,253
334,322,3,0,255
335,322,0,3,255
336,322,0,0,254
337,322,0,0,254
338,322,0,0,254
339,322,0,0,254
340,322,0,0,254
341,322,0,0,254
342,322,0,0,254
343,322,0,0,254
344,322,4,0,251
895,322,0,1,254
896,322,0,0,254
897,322,0,0,254
898,322,0,0,254
899,322,0,0,254
900,322,0,0,254
901,322,0,0,254
902,322,0,0,254
903,322,0,0,254
904,322,0,0,253
905,322,6,6,255
906,322,3,0,253
907,322,0,2,247
908,322,0,6,252
331,323,7,0,252
332,323,0,0,243
333,323,0,0,250
334,323,1,1,249
335,323,0,0,253
336,323,0,0,254
337,323,0,0,254
338,323,0,0,254
339,323,0,0,254
340,323,0,0,254
341,323,0,0,254
342,323,0,0,254
343,323,0,0,254
344,323,5,6,254
895,323,0,1,254
896,323,0,0,254
897,323,0,0,254
898,323,0,0,254
899,323,0,0,254
900,323,0,0,254
901,323,0,0,254
902,323,0,0,254
903,323,0,0,254
904,323,0,0,249
905,323,0,0,253
906,323,7,1,255
907,323,1,0,254
908,323,0,0,245
332,324,7,4,255
333,324,1,1,255
334,324,2,2,255
335,324,1,3,248
336,324,0,0,254
337,324,0,0,254
338,324,0,0,254
339,324,0,0,254
340,324,0,0,254
341,324,0,0,254
342,324,0,0,254
343,324,0,0,254
344,324,0,0,249
895,324,0,1,254
896,324,0,0,254
897,324,0,0,254
898,324,0,0,254
899,324,0,0,254
900,324,0,0,254
901,324,0,0,254
902,324,0,0,254
903,324,0,0,254
904,324,0,0,237
905,324,1,1,255
906,324,1,0,251
907,324,0,0,253
908,324,0,0,252
332,325,0,0,249
333,325,0,0,253
334,325,0,2,253
335,325,0,0,252
336,325,0,0,254
337,325,0,0,254
338,325,0,0,254
339,325,0,0,254
340,325,0,0,254
341,325,0,0,254
342,325,0,0,254
343,325,0,0,254
344,325,0,3,255
895,325,0,1,254
896,325,0,0,254
897,325,0,0,254
898,325,0,0,254
899,325,0,0,254
900,325,0,0,254
901,325,0,0,254
902,325,0,0,254
903,325,0,0,254
904,325,0,1,246
905,325,7,7,255
906,325,1,0,251
907,325,5,4,255
908,325,0,0,245
332,326,3,2,254
333,326,0,3,255
334,326,2,5,255
335,326,0,0,252
336,326,0,0,254
337,326,0,0,254
338,326,0,0,254
339,326,0,0,254
340,326,0,0,254
341,326,0,0,254
342,326,0,0,254
343,326,0,0,254
344,326,0,1,254
345,326,7,0,245
895,326,0,1,254
896,326,0,0,254
897,326,0,0,254
898,326,0,0,254
899,326,0,0,254
900,326,0,0,254
901,326,0,0,254
902,326,0,0,254
903,326,0,0,254
904,326,3,7,254
905,326,0,0,248
906,326,8,2,255
907,326,6,5,255
908,326,0,4,255
332,327,0,0,250
333,327,0,5,255
334,327,0,0,252
335,327,0,0,253
336,327,0,0,254
337,327,0,0,254
338,327,0,0,254
339,327,0,0,254
340,327,0,0,254
341,327,0,0,254
342,327,0,0,254
343,327,0,0,254
344,327,0,0,252
345,327,2,2,255
895,327,0,1,254
896,327,0,0,254
897,327,0,0,254
898,327,0,0,254
899,327,0,0,254
900,327,0,0,254
901,327,0,0,254
902,327,0,0,254
903,327,0,0,254
904,327,0,4,251
905,327,0,0,245
906,327,5,0,255
907,327,0,0,246
908,327,0,1,254
332,328,17,0,254
333,328,0,0,253
334,328,0,5,251
335,328,0,0,252
336,328,0,0,254
337,328,0,0,254
338,328,0,0,254
339,328,0,0,254
340,328,0,0,254
341,328,0,0,254
342,328,0,0,254
343,328,0,0,254
344,328,5,2,255
345,328,0,0,243
895,328,0,0,253
896,328,0,0,254
897,328,0,0,254
898,328,0,0,254
899,328,0,0,254
900,328,0,0,254
901,328,0,0,254
902,328,0,0,254
903,328,0,0,254
904,328,2,0,254
905,328,1,1,255
906,328,0,0,252
907,328,0,2,255
908,328,0,1,254
333,329,2,1,255
334,329,0,0,240
335,329,0,2,255
336,329,0,0,254
337,329,0,0,254
338,329,0,0,254
339,329,0,0,254
340,329,0,0,254
341,329,0,0,254
342,329,0,0,254
343,329,0,0,254
344,329,0,0,249
345,329,0,4,246
895,329,0,1,254
896,329,0,0,254
897,329,0,0,254
898,329,0,0,254
899,329,0,0,254
900,329,0,0,254
901,329,0,0,254
902,329,0,0,254
903,329,0,0,254
904,329,2,0,254
905,329,1,1,255
906,329,0,0,252
907,329,0,2,255
908,329,0,1,254
333,330,5,4,255
334,330,5,4,255
335,330,0,0,245
336,330,0,0,254
337,330,0,0,254
338,330,0,0,254
339,330,0,0,254
340,330,0,0,254
341,330,0,0,254
342,330,0,0,254
343,330,0,0,254
344,330,5,4,255
345,330,0,0,253
346,330,13,0,249
895,330,0,5,244
896,330,0,0,254
897,330,0,0,254
898,330,0,0,254
899,330,0,0,254
900,330,0,0,254
901,330,0,0,254
902,330,0,0,254
903,330,0,0,254
904,330,2,0,254
905,330,1,1,255
906,330,0,0,252
907,330,0,2,255
908,330,0,1,254
333,331,5,0,255
334,331,5,0,252
335,331,0,0,244
336,331,0,0,254
337,331,0,0,254
338,331,0,0,254
339,331,0,0,254
340,331,0,0,254
341,331,0,0,254
342,331,0,0,254
343,331,0,0,254
344,331,0,0,241
345,331,3,3,255
346,331,12,0,252
895,331,0,3,255
896,331,0,0,254
897,331,0,0,254
898,331,0,0,254
899,331,0,0,254
900,331,0,0,254
901,331,0,0,254
902,331,0,0,254
903,331,0,0,254
904,331,2,0,254
905,331,1,1,255
906,331,0,0,252
907,331,0,2,255
908,331,0,1,254
333,332,4,0,247
334,332,4,0,251
335,332,0,4,253
336,332,0,0,254
337,332,0,0,254
338,332,0,0,254
339,332,0,0,254
340,332,0,0,254
341,332,0,0,254
342,332,0,0,254
343,332,0,0,254
344,332,4,4,255
345,332,0,1,252
346,332,10,0,254
895,332,0,5,244
896,332,0,0,254
897,332,0,0,254
898,332,0,0,254
899,332,0,0,254
900,332,0,0,254
901,332,0,0,254
902,332,0,0,254
903,332,0,0,254
904,332,2,0,254
905,332,1,1,255
906,332,0,0,252
907,332,0,2,255
908,332,0,1,254
334,333,6,3,255
335,333,0,0,249
336,333,0,0,254
337,333,0,0,254
338,333,0,0,254
339,333,0,0,254
340,333,0,0,254
341,333,0,0,254
342,333,0,0,254
343,333,0,0,254
344,333,0,4,253
345,333,0,0,246
346,333,5,5,251
895,333,0,0,252
896,333,0,0,254
897,333,0,0,254
898,333,0,0,254
899,333,0,0,254
900,333,0,0,254
901,333,0,0,254
902,333,0,0,254
903,333,0,0,254
904,333,2,0,254
905,333,1,1,255
906,333,0,0,252
907,333,0,2,255
908,333,0,1,254
334,334,2,2,248
335,334,0,0,253
336,334,0,0,254
337,334,0,0,254
338,334,0,0,254
339,334,0,0,254
340,334,0,0,254
341,334,0,0,254
342,334,0,0,254
343,334,0,0,254
344,334,0,2,255
345,334,6,5,255
346,334,0,3,255
893,334,7,0,253
894,334,5,0,254
895,334,2,1,255
896,334,0,0,254
897,334,0,0,254
898,334,0,0,254
899,334,0,0,254
900,334,0,0,254
901,334,0,0,254
902,334,0,0,254
903,334,0,0,254
904,334,2,0,254
905,334,1,1,255
906,334,0,0,252
907,334,0,2,255
908,334,0,1,254
334,335,1,1,255
335,335,5,5,249
336,335,0,0,254
337,335,0,0,254
338,335,0,0,254
339,335,0,0,254
340,335,0,0,254
341,335,0,0,254
342,335,0,0,254
343,335,0,0,254
344,335,0,0,250
345,335,1,0,254
346,335,0,0,248
893,335,0,4,255
894,335,0,5,255
895,335,1,0,253
896,335,0,0,254
897,335,0,0,254
898,335,0,0,254
899,335,0,0,254
900,335,0,0,254
901,335,0,0,254
902,335,0,0,254
903,335,0,0,254
904,335,2,0,254
905,335,1,1,255
906,335,0,0,252
907,335,0,2,255
908,335,0,1,254
334,336,0,0,251
335,336,0,0,254
336,336,0,0,254
337,336,0,0,254
338,336,0,0,254
339,336,0,0,254
340,336,0,0,254
341,336,0,0,254
342,336,0,0,254
343,336,0,0,254
344,336,2,0,254
345,336,0,2,255
346,336,0,0,253
892,336,1,0,254
893,336,0,2,255
894,336,0,0,253
895,336,2,1,255
896,336,0,0,254
897,336,0,0,254
898,336,0,0,254
899,336,0,0,254
900,336,0,0,254
901,336,0,0,254
902,336,0,0,254
903,336,0,0,254
904,336,0,0,249
905,336,0,1,252
906,336,9,3,255
907,336,0,2,250
908,336,2,1,255
334,337,0,0,251
335,337,0,0,254
336,337,0,0,254
337,337,0,0,254
338,337,0,0,254
339,337,0,0,254
340,337,0,0,254
341,337,0,0,254
342,337,0,0,254
343,337,0,0,254
344,337,2,0,254
345,337,0,2,255
346,337,0,0,253
892,337,1,0,254
893,337,0,2,255
894,337,0,0,253
895,337,2,1,255
896,337,0,0,254
897,337,0,0,254
898,337,0,0,254
899,337,0,0,254
900,337,0,0,254
901,337,0,0,254
902,337,0,0,254
903,337,0,0,254
904,337,5,5,255
905,337,2,0,252
906,337,0,3,255
907,337,0,1,253
908,337,0,0,250
334,338,0,0,251
335,338,0,0,254
336,338,0,0,254
337,338,0,0,254
338,338,0,0,254
339,338,0,0,254
340,338,0,0,254
341,338,0,0,254
342,338,0,0,254
343,338,0,0,254
344,338,2,0,254
345,338,0,2,255
346,338,0,0,253
892,338,1,0,254
893,338,0,2,255
894,338,0,0,253
895,338,2,1,255
896,338,0,0,254
897,338,0,0,254
898,338,0,0,254
899,338,0,0,254
900,338,0,0,254
901,338,0,0,254
902,338,0,0,254
903,338,0,0,254
904,338,0,0,241
905,338,10,2,255
906,338,0,0,244
907,338,5,2,241
908,338,0,4,251
334,339,0,0,251
335,339,0,0,254
336,339,0,0,254
337,339,0,0,254
338,339,0,0,254
339,339,0,0,254
340,339,0,0,254
341,339,0,0,254
342,339,0,0,254
343,339,0,0,254
344,339,2,0,254
345,339,0,2,255
346,339,0,0,253
892,339,1,0,254
893,339,0,2,255
894,339,0,0,253
895,339,2,1,255
896,339,0,0,254
897,339,0,0,254
898,339,0,0,254
899,339,0,0,254
900,339,0,0,254
901,339,0,0,254
902,339,0,0,254
903,339,0,0,254
904,339,0,3,255
905,339,4,1,255
906,339,3,6,255
907,339,7,0,255
908,339,11,0,255
334,340,0,0,251
335,340,0,0,254
336,340,0,0,254
337,340,0,0,254
338,340,0,0,254
339,340,0,0,254
340,340,0,0,254
341,340,0,0,254
342,340,0,0,254
343,340,0,0,254
344,340,2,0,254
345,340,0,2,255
346,340,0,0,253
892,340,1,0,254
893,340,0,2,255
894,340,0,0,253
895,340,2,1,255
896,340,0,0,254
897,340,0,0,254
898,340,0,0,254
899,340,0,0,254
900,340,0,0,254
901,340,0,0,254
902,340,0,0,254
903,340,0,0,254
904,340,0,0,251
905,340,3,6,255
906,340,2,0,252
907,340,2,0,251
334,341,0,0,251
335,341,0,0,254
336,341,0,0,254
337,341,0,0,254
338,341,0,0,254
339,341,0,0,254
340,341,0,0,254
341,341,0,0,254
342,341,0,0,254
343,341,0,0,254
344,341,2,0,254
345,341,0,2,255
346,341,0,0,253
892,341,1,0,254
893,341,0,2,255
894,341,0,0,253
895,341,2,1,255
896,341,0,0,254
897,341,0,0,254
898,341,0,0,254
899,341,0,0,254
900,341,0,0,254
901,341,0,0,254
902,341,0,0,254
903,341,0,0,254
904,341,0,0,240
905,341,0,4,255
906,341,5,0,252
907,341,4,0,247
334,342,0,0,251
335,342,0,0,254
336,342,0,0,254
337,342,0,0,254
338,342,0,0,254
339,342,0,0,254
340,342,0,0,254
341,342,0,0,254
342,342,0,0,254
343,342,0,0,254
344,342,2,0,254
345,342,0,2,255
346,342,0,0,253
892,342,1,0,254
893,342,0,2,255
894,342,0,0,253
895,342,2,1,255
896,342,0,0,254
897,342,0,0,254
898,342,0,0,254
899,342,0,0,254
900,342,0,0,254
901,342,0,0,254
902,342,0,0,254
903,342,0,0,254
904,342,0,2,255
905,342,0,4,240
906,342,1,0,248
907,342,13,0,255
334,343,0,0,251
335,343,0,0,254
336,343,0,0,254
337,343,0,0,254
338,343,0,0,254
339,343,0,0,254
340,343,0,0,254
341,343,0,0,254
342,343,0,0,254
343,343,0,0,254
344,343,2,0,254
345,343,0,2,255
346,343,0,0,253
892,343,1,0,254
893,343,0,2,255
894,343,0,0,253
895,343,2,1,255
896,343,0,0,254
897,343,0,0,254
898,343,0,0,254
899,343,0,0,254
900,343,0,0,254
901,343,0,0,254
902,343,0,0,254
903,343,0,0,254
904,343,0,2,255
905,343,0,0,237
906,343,0,3,255
334,344,0,0,251
335,344,0,0,254
336,344,0,0,254
337,344,0,0,254
338,344,0,0,254
339,344,0,0,254
340,344,0,0,254
341,344,0,0,254
342,344,0,0,254
343,344,0,0,254
344,344,2,0,254
345,344,0,2,255
346,344,0,0,253
892,344,1,0,254
893,344,0,2,255
894,344,0,0,253
895,344,2,1,255
896,344,0,0,254
897,344,0,0,254
898,344,0,0,254
899,344,0,0,254
900,344,0,0,254
901,344,0,0,254
902,344,0,0,254
903,344,0,0,254
904,344,0,1,252
905,344,25,0,243
334,345,0,0,251
335,345,0,0,254
336,345,0,0,254
337,345,0,0,254
338,345,0,0,254
339,345,0,0,254
340,345,0,0,254
341,345,0,0,254
342,345,0,0,254
343,345,0,0,254
344,345,2,0,254
345,345,0,2,255
346,345,0,0,253
892,345,1,0,254
893,345,0,2,255
894,345,0,0,253
895,345,2,1,255
896,345,0,0,254
897,345,0,0,254
898,345,0,0,254
899,345,0,0,254
900,345,0,0,254
901,345,0,0,254
902,345,0,0,254
903,345,0,0,254
904,345,0,6,255
334,346,0,0,251
335,346,0,0,254
336,346,0,0,254
337,346,0,0,254
338,346,0,0,254
339,346,0,0,254
340,346,0,0,254
341,346,0,0,254
342,346,0,0,254
343,346,0,0,254
344,346,2,0,254
345,346,0,2,255
346,346,0,0,253
892,346,1,0,254
893,346,0,2,255
894,346,0,0,253
895,346,2,1,255
896,346,0,0,254
897,346,0,0,254
898,346,0,0,254
899,346,0,0,254
900,346,0,0,254
901,346,0,0,254
902,346,0,0,254
903,346,0,0,254
904,346,0,5,246
334,347,0,0,251
335,347,0,0,254
336,347,0,0,254
337,347,0,0,254
338,347,0,0,254
339,347,0,0,254
340,347,0,0,254
341,347,0,0,254
342,347,0,0,254
343,347,0,0,254
344,347,2,0,254
345,347,0,2,255
346,347,0,0,253
892,347,1,0,254
893,347,0,2,255
894,347,0,0,253
895,347,2,1,255
896,347,0,0,254
897,347,0,0,254
898,347,0,0,254
899,347,0,0,254
900,347,0,0,254
901,347,0,0,254
902,347,0,0,254
903,347,0,0,254
904,347,0,2,252
334,348,0,0,251
335,348,0,0,254
336,348,0,0,254
337,348,0,0,254
338,348,0,0,254
339,348,0,0,254
340,348,0,0,254
341,348,0,0,254
342,348,0,0,254
343,348,0,0,254
344,348,2,0,254
345,348,0,2,255
346,348,0,0,253
892,348,1,0,254
893,348,0,2,255
894,348,0,0,253
895,348,2,1,255
896,348,0,0,254
897,348,0,0,254
898,348,0,0,254
899,348,0,0,254
900,348,0,0,254
901,348,0,0,254
902,348,0,0,254
903,348,0,0,254
904,348,0,0,252
334,349,0,0,251
335,349,0,0,254
336,349,0,0,254
337,349,0,0,254
338,349,0,0,254
339,349,0,0,254
340,349,0,0,254
341,349,0,0,254
342,349,0,0,254
343,349,0,0,254
344,349,2,0,254
345,349,0,2,255
346,349,0,0,253
892,349,1,0,254
893,349,0,2,255
894,349,0,0,253
895,349,2,1,255
896,349,0,0,254
897,349,0,0,254
898,349,0,0,254
899,349,0,0,254
900,349,0,0,254
901,349,0,0,254
902,349,0,0,254
903,349,0,0,254
904,349,0,0,252
334,350,0,0,251
335,350,0,0,254
336,350,0,0,254
337,350,0,0,254
338,350,0,0,254
339,350,0,0,254
340,350,0,0,254
341,350,0,0,254
342,350,0,0,254
343,350,0,0,254
344,350,2,0,254
345,350,0,2,255
346,350,0,0,253
892,350,1,0,254
893,350,0,2,255
894,350,0,0,253
895,350,2,1,255
896,350,0,0,254
897,350,0,0,254
898,350,0,0,254
899,350,0,0,254
900,350,0,0,254
901,350,0,0,254
902,350,0,0,254
903,350,0,0,254
904,350,6,6,255
334,351,0,0,251
335,351,0,0,254
336,351,0,0,254
337,351,0,0,254
338,351,0,0,254
339,351,0,0,254
340,351,0,0,254
341,351,0,0,254
342,351,0,0,254
343,351,0,0,254
344,351,2,0,254
345,351,0,2,255
346,351,0,0,253
892,351,1,0,254
893,351,0,2,255
894,351,0,0,253
895,351,2,1,255
896,351,0,0,254
897,351,0,0,254
898,351,0,0,254
899,351,0,0,254
900,351,0,0,254
901,351,0,0,254
902,351,0,0,254
903,351,0,0,254
904,351,0,0,250
334,352,0,0,251
335,352,0,0,254
336,352,0,0,254
337,352,0,0,254
338,352,0,0,254
339,352,0,0,254
340,352,0,0,254
341,352,0,0,254
342,352,0,0,254
343,352,0,0,254
344,352,1,0,254
345,352,9,0,251
346,352,0,1,253
892,352,0,0,243
893,352,1,4,255
894,352,0,1,254
895,352,3,0,255
896,352,0,0,254
897,352,0,0,254
898,352,0,0,254
899,352,0,0,254
900,352,0,0,254
901,352,0,0,254
902,352,0,0,254
903,352,0,0,254
904,352,0,1,246
334,353,0,0,251
335,353,0,0,254
336,353,0,0,254
337,353,0,0,254
338,353,0,0,254
339,353,0,0,254
340,353,0,0,254
341,353,0,0,254
342,353,0,0,254
343,353,0,0,254
344,353,0,4,247
345,353,4,0,253
346,353,3,4,252
892,353,3,6,255
893,353,0,0,252
894,353,5,4,255
895,353,0,0,242
896,353,0,0,254
897,353,0,0,254
898,353,0,0,254
899,353,0,0,254
900,353,0,0,254
901,353,0,0,254
902,353,0,0,254
903,353,0,0,254
904,353,1,1,255
334,354,0,0,251
335,354,0,0,254
336,354,0,0,254
337,354,0,0,254
338,354,0,0,254
339,354,0,0,254
340,354,0,0,254
341,354,0,0,254
342,354,0,0,254
343,354,0,0,254
344,354,0,2,252
345,354,5,2,255
346,354,1,2,240
892,354,0,0,246
893,354,0,6,252
894,354,0,0,247
895,354,0,2,248
896,354,0,0,254
897,354,0,0,254
898,354,0,0,254
899,354,0,0,254
900,354,0,0,254
901,354,0,0,254
902,354,0,0,254
903,354,0,0,254
904,354,0,0,248
334,355,0,0,251
335,355,0,0,254
336,355,0,0,254
337,355,0,0,254
338,355,0,0,254
339,355,0,0,254
340,355,0,0,254
341,355,0,0,254
342,355,0,0,254
343,355,0,0,254
344,355,0,5,255
345,355,3,0,255
346,355,0,0,238
891,355,6,0,255
892,355,3,2,255
893,355,0,6,245
894,355,9,0,255
895,355,0,1,240
896,355,0,0,254
897,355,0,0,254
898,355,0,0,254
899,355,0,0,254
900,355,0,0,254
901,355,0,0,254
902,355,0,0,254
903,355,0,0,254
904,355,5,1,248
334,356,0,0,251
335,356,0,0,254
336,356,0,0,254
337,356,0,0,254
338,356,0,0,254
339,356,0,0,254
340,356,0,0,254
341,356,0,0,254
342,356,0,0,254
343,356,0,0,254
344,356,1,0,254
345,356,3,1,250
346,356,0,5,255
347,356,7,0,250
348,356,21,0,255
891,356,0,0,242
892,356,2,1,255
893,356,0,1,253
894,356,5,0,252
895,356,1,6,255
896,356,0,0,254
897,356,0,0,254
898,356,0,0,254
899,356,0,0,254
900,356,0,0,254
901,356,0,0,254
902,356,0,0,254
903,356,0,0,254
904,356,10,0,249
334,357,0,0,251
335,357,0,0,254
336,357,0,0,254
337,357,0,0,254
338,357,0,0,254
339,357,0,0,254
340,357,0,0,254
341,357,0,0,254
342,357,0,0,254
343,357,0,0,254
344,357,11,5,255
345,357,0,0,246
346,357,0,2,242
347,357,5,2,255
348,357,6,0,255
349,357,4,0,244
891,357,0,1,252
892,357,0,0,253
893,357,0,3,255
894,357,7,6,255
895,357,0,0,243
896,357,0,0,254
897,357,0,0,254
898,357,0,0,254
899,357,0,0,254
900,357,0,0,254
901,357,0,0,254
902,357,0,0,254
903,357,0,0,254
904,357,20,0,255
334,358,0,0,251
335,358,0,0,254
336,358,0,0,254
337,358,0,0,254
338,358,0,0,254
339,358,0,0,254
340,358,0,0,254
341,358,0,0,254
342,358,0,0,254
343,358,0,0,254
344,358,0,0,244
345,358,6,5,255
346,358,0,10,246
347,358,0,0,252
348,358,4,4,255
349,358,0,0,251
890,358,8,0,251
891,358,0,0,252
892,358,0,3,254
893,358,4,3,255
894,358,0,3,249
895,358,9,3,255
896,358,0,0,254
897,358,0,0,254
898,358,0,0,254
899,358,0,0,254
900,358,0,0,254
901,358,0,0,254
902,358,0,0,254
903,358,0,0,254
334,359,0,0,251
335,359,0,0,254
336,359,0,0,254
337,359,0,0,254
338,359,0,0,254
339,359,0,0,254
340,359,0,0,254
341,359,0,0,254
342,359,0,0,254
343,359,0,0,254
344,359,0,0,250
345,359,4,4,255
346,359,0,0,245
347,359,0,0,251
348,359,2,1,255
349,359,0,5,255
350,359,10,0,243
890,359,8,2,255
891,359,6,2,247
892,359,0,0,252
893,359,0,0,227
894,359,0,4,253
895,359,7,0,254
896,359,0,0,254
897,359,0,0,254
898,359,0,0,254
899,359,0,0,254
900,359,0,0,254
901,359,0,0,254
902,359,0,0,254
903,359,0,0,254
334,360,0,0,245
335,360,0,0,254
336,360,0,0,248
337,360,2,6,251
338,360,2,1,253
339,360,7,1,255
340,360,8,0,255
341,360,5,0,255
342,360,0,0,252
343,360,1,3,246
344,360,0,0,251
345,360,0,2,255
346,360,2,0,254
347,360,0,0,253
348,360,1,1,255
349,360,0,2,254
350,360,1,0,254
890,360,0,0,252
891,360,0,6,255
892,360,4,0,254
893,360,0,0,252
894,360,2,1,252
895,360,0,0,252
896,360,0,0,253
897,360,0,7,249
898,360,10,0,255
899,360,5,3,250
900,360,0,0,249
901,360,1,2,253
902,360,0,0,250
903,360,0,0,251
334,361,0,0,250
335,361,0,0,253
336,361,4,7,255
337,361,0,0,246
338,361,2,0,254
339,361,0,0,235
340,361,1,0,251
341,361,4,3,255
342,361,0,2,249
343,361,0,1,253
344,361,0,0,251
345,361,0,2,255
346,361,2,0,254
347,361,0,0,253
348,361,1,1,255
349,361,0,2,254
350,361,1,0,254
890,361,4,2,253
891,361,0,2,253
892,361,0,0,247
893,361,0,3,248
894,361,0,0,252
895,361,4,3,255
896,361,0,0,244
897,361,0,2,249
898,361,9,1,255
899,361,0,0,248
900,361,0,6,253
901,361,1,1,255
902,361,6,5,255
903,361,10,0,255
334,362,1,0,239
335,362,5,5,255
336,362,0,0,252
337,362,4,3,255
338,362,1,0,254
339,362,0,0,252
340,362,3,3,255
341,362,0,2,254
342,362,0,1,253
343,362,0,6,253
344,362,0,0,251
345,362,0,2,255
346,362,2,0,254
347,362,0,0,253
348,362,1,1,255
349,362,0,2,254
350,362,1,0,254
889,362,6,0,243
890,362,6,0,255
891,362,5,0,255
892,362,5,5,255
893,362,3,4,254
894,362,0,3,249
895,362,1,0,251
896,362,5,4,255
897,362,0,2,252
898,362,0,0,243
899,362,4,3,254
900,362,5,2,255
901,362,0,1,252
902,362,0,0,250
334,363,11,0,255
335,363,0,0,246
336,363,0,2,255
337,363,0,0,245
338,363,0,3,255
339,363,0,0,250
340,363,0,4,244
341,363,0,0,244
342,363,1,6,255
343,363,0,0,250
344,363,0,0,251
345,363,0,2,255
346,363,2,0,254
347,363,0,0,253
348,363,1,1,255
349,363,0,2,254
350,363,1,0,254
889,363,0,3,253
890,363,7,2,254
891,363,3,0,250
892,363,0,0,251
893,363,0,0,254
894,363,0,0,251
895,363,2,0,254
896,363,0,0,253
897,363,0,0,252
898,363,0,2,254
899,363,3,3,255
900,363,13,1,255
901,363,0,0,253
902,363,0,1,254
335,364,8,0,255
336,364,0,3,241
337,364,0,3,253
338,364,0,1,253
339,364,0,1,254
340,364,0,5,245
341,364,0,0,253
342,364,4,3,247
343,364,3,0,255
344,364,0,0,251
345,364,0,2,255
346,364,2,0,254
347,364,0,0,253
348,364,1,1,255
349,364,0,2,254
350,364,1,0,254
889,364,0,5,255
890,364,8,5,255
891,364,6,0,253
892,364,0,1,248
893,364,1,1,247
894,364,0,5,246
895,364,5,2,255
896,364,0,0,250
897,364,3,2,255
898,364,0,2,251
899,364,4,4,248
900,364,4,0,240
901,364,0,0,251
902,364,9,3,255
335,365,9,0,252
336,365,3,3,247
337,365,4,4,255
338,365,0,5,235
339,365,0,2,247
340,365,2,2,255
341,365,5,4,255
342,365,0,0,246
343,365,2,0,251
344,365,0,0,251
345,365,0,2,255
346,365,2,0,254
347,365,0,0,253
348,365,1,1,255
349,365,0,2,254
350,365,1,0,254
889,365,0,2,255
890,365,0,0,241
891,365,1,0,253
892,365,2,1,255
893,365,0,0,253
894,365,0,4,235
895,365,3,2,255
896,365,0,0,246
897,365,5,4,255
898,365,0,1,230
899,365,3,0,255
900,365,9,1,245
901,365,0,0,247
336,366,6,0,249
337,366,10,0,248
338,366,1,0,250
339,366,3,2,255
340,366,1,1,255
341,366,0,3,240
342,366,3,3,255
343,366,3,5,240
344,366,0,0,251
345,366,0,2,255
346,366,2,0,254
347,366,0,0,253
348,366,1,1,255
349,366,0,2,254
350,366,1,0,254
888,366,10,0,255
889,366,7,0,252
890,366,0,5,255
891,366,0,3,248
892,366,4,0,248
893,366,2,1,253
894,366,0,0,253
895,366,0,0,251
896,366,4,7,255
897,366,0,0,249
898,366,0,2,251
899,366,1,0,251
900,366,8,7,255
901,366,6,0,255
338,367,11,0,254
339,367,8,2,255
340,367,0,0,247
341,367,0,2,251
342,367,0,3,255
343,367,0,0,250
344,367,0,0,251
345,367,0,2,255
346,367,2,0,254
347,367,0,0,253
348,367,1,1,255
349,367,0,2,254
350,367,1,0,254
888,367,1,0,254
889,367,14,0,254
890,367,0,3,242
891,367,0,6,255
892,367,9,0,255
893,367,5,7,248
894,367,0,0,250
895,367,0,2,252
896,367,0,0,253
897,367,0,1,246
898,367,0,2,255
899,367,0,0,244
900,367,5,10,255
901,367,1,0,247
338,368,0,0,253
339,368,1,1,255
340,368,0,0,253
341,368,0,0,254
342,368,0,1,252
343,368,1,0,254
344,368,0,0,251
345,368,0,2,255
346,368,2,0,254
347,368,0,0,253
348,368,1,1,255
349,368,0,2,254
350,368,1,0,254
888,368,0,0,254
889,368,0,0,254
890,368,0,0,254
891,368,0,0,254
892,368,0,0,254
893,368,0,0,254
894,368,0,0,254
895,368,0,0,254
896,368,0,0,252
897,368,0,3,235
898,368,0,0,253
899,368,6,0,251
900,368,0,0,250
901,368,24,0,255
338,369,0,0,253
339,369,1,1,255
340,369,0,0,253
341,369,0,0,254
342,369,0,1,252
343,369,1,0,254
344,369,0,0,251
345,369,0,2,255
346,369,2,0,254
347,369,0,0,253
348,369,1,1,255
349,369,0,2,254
350,369,1,0,254
887,369,13,0,255
888,369,0,0,254
889,369,0,0,254
890,369,0,0,254
891,369,0,0,254
892,369,0,0,254
893,369,0,0,254
894,369,0,0,254
895,369,0,0,254
896,369,1,5,250
897,369,0,0,253
898,369,0,0,253
899,369,6,0,253
900,369,7,7,255
338,370,0,0,253
339,370,1,1,255
340,370,0,0,253
341,370,0,0,254
342,370,0,1,252
343,370,1,0,254
344,370,0,0,251
345,370,0,2,255
346,370,2,0,254
347,370,0,0,253
348,370,1,1,255
349,370,0,2,254
350,370,1,0,254
887,370,8,0,247
888,370,0,0,254
889,370,0,0,254
890,370,0,0,254
891,370,0,0,254
892,370,0,0,254
893,370,0,0,254
894,370,0,0,254
895,370,0,0,254
896,370,0,1,254
897,370,10,13,255
898,370,0,0,249
899,370,4,0,241
900,370,5,2,239
338,371,0,0,253
339,371,1,1,255
340,371,0,0,253
341,371,0,0,254
342,371,0,1,252
343,371,1,0,254
344,371,0,0,251
345,371,0,2,255
346,371,2,0,254
347,371,0,0,253
348,371,1,1,255
349,371,0,2,254
350,371,1,0,254
887,371,8,1,254
888,371,0,0,254
889,371,0,0,254
890,371,0,0,254
891,371,0,0,254
892,371,0,0,254
893,371,0,0,254
894,371,0,0,254
895,371,0,0,254
896,371,0,1,250
897,371,0,0,252
898,371,0,0,251
899,371,4,0,254
900,371,8,0,250
338,372,0,0,253
339,372,1,1,255
340,372,0,0,253
341,372,0,0,254
342,372,0,1,252
343,372,1,0,254
344,372,0,0,251
345,372,0,2,255
346,372,2,0,254
347,372,0,0,253
348,372,1,1,255
349,372,0,2,254
350,372,1,0,254
887,372,0,0,249
888,372,0,0,254
889,372,0,0,254
890,372,0,0,254
891,372,0,0,254
892,372,0,0,254
893,372,0,0,254
894,372,0,0,254
895,372,0,0,254
896,372,0,0,243
897,372,4,4,255
898,372,0,1,251
899,372,0,0,251
338,373,0,0,253
339,373,1,1,255
340,373,0,0,253
341,373,0,0,254
342,373,0,1,252
343,373,1,0,254
344,373,0,0,251
345,373,0,2,255
346,373,2,0,254
347,373,0,0,253
348,373,1,1,255
349,373,0,2,254
350,373,1,0,254
886,373,8,0,255
887,373,0,0,254
888,373,0,0,254
889,373,0,0,254
890,373,0,0,254
891,373,0,0,254
892,373,0,0,254
893,373,0,0,254
894,373,0,0,254
895,373,0,0,254
896,373,0,0,252
897,373,5,4,255
898,373,0,0,240
899,373,5,5,255
338,374,0,0,253
339,374,1,1,255
340,374,0,0,253
341,374,0,0,254
342,374,0,1,252
343,374,1,0,254
344,374,0,0,251
345,374,0,2,255
346,374,2,0,254
347,374,0,0,253
348,374,1,1,255
349,374,0,2,254
350,374,1,0,254
886,374,3,1,252
887,374,0,0,250
888,374,0,0,254
889,374,0,0,254
890,374,0,0,254
891,374,0,0,254
892,374,0,0,254
893,374,0,0,254
894,374,0,0,254
895,374,0,0,254
896,374,0,3,255
897,374,0,0,248
898,374,1,1,247
899,374,0,3,250
338,375,0,0,253
339,375,1,1,255
340,375,0,0,253
341,375,0,0,254
342,375,0,1,252
343,375,1,0,254
344,375,0,0,251
345,375,0,2,255
346,375,2,0,254
347,375,0,0,253
348,375,1,1,255
349,375,0,2,254
350,375,1,0,254
886,375,4,4,255
887,375,0,4,255
888,375,0,0,254
889,375,0,0,254
890,375,0,0,254
891,375,0,0,254
892,375,0,0,254
893,375,0,0,254
894,375,0,0,254
895,375,0,0,254
896,375,0,3,254
897,375,2,1,255
898,375,4,3,255
899,375,0,0,250
338,376,0,0,253
339,376,1,1,255
340,376,0,0,253
341,376,0,0,254
342,376,0,1,252
343,376,1,0,254
344,376,3,0,255
345,376,4,0,249
346,376,2,0,249
347,376,2,6,253
348,376,0,3,241
349,376,3,6,255
350,376,3,0,255
886,376,3,4,245
887,376,0,0,251
888,376,0,0,254
889,376,0,0,254
890,376,0,0,254
891,376,0,0,254
892,376,0,0,254
893,376,0,0,254
894,376,0,0,254
895,376,0,0,254
896,376,0,0,252
897,376,0,5,251
898,376,0,0,253
899,376,17,0,254
338,377,0,0,253
339,377,1,1,255
340,377,0,0,253
341,377,0,0,254
342,377,0,1,252
343,377,1,0,254
344,377,1,0,251
345,377,3,2,255
346,377,7,0,254
347,377,0,0,240
348,377,0,0,252
349,377,4,4,255
350,377,2,0,241
864,377,2,0,254
865,377,2,0,254
866,377,2,0,254
867,377,2,0,254
868,377,2,0,254
869,377,2,0,254
870,377,2,0,254
871,377,2,0,254
872,377,0,6,250
873,377,2,1,255
874,377,12,0,252
877,377,12,0,252
878,377,2,1,255
879,377,0,6,250
880,377,0,2,251
881,377,1,0,253
886,377,4,3,255
887,377,0,0,250
888,377,0,0,254
889,377,0,0,254
890,377,0,0,254
891,377,0,0,254
892,377,0,0,254
893,377,0,0,254
894,377,0,0,254
895,377,0,0,254
896,377,0,2,255
897,377,0,0,240
898,377,2,1,255
338,378,0,0,253
339,378,1,1,255
340,378,0,0,253
341,378,0,0,254
342,378,0,1,252
343,378,1,0,254
344,378,0,2,249
345,378,0,1,254
346,378,1,0,253
347,378,0,0,253
348,378,4,5,253
349,378,0,0,249
350,378,2,0,252
863,378,10,0,251
864,378,0,1,254
865,378,0,1,254
866,378,0,1,254
867,378,0,1,254
868,378,0,1,254
869,378,0,1,254
870,378,0,1,254
871,378,0,1,254
872,378,0,1,240
873,378,2,5,255
874,378,0,1,253
875,378,0,5,242
876,378,0,5,242
877,378,0,1,253
878,378,2,5,255
879,378,0,1,240
880,378,0,8,255
881,378,0,5,241
882,378,5,0,252
883,378,4,0,238
885,378,16,0,254
886,378,0,0,248
887,378,6,0,255
888,378,0,0,254
889,378,0,0,254
890,378,0,0,254
891,378,0,0,254
892,378,0,0,254
893,378,0,0,254
894,378,0,0,254
895,378,0,0,254
896,378,0,0,245
897,378,5,4,255
898,378,5,4,255
338,379,0,0,253
339,379,1,1,255
340,379,0,0,253
341,379,0,0,254
342,379,0,1,252
343,379,1,0,254
344,379,0,0,249
345,379,0,1,253
346,379,0,0,246
347,379,0,0,250
348,379,4,3,255
349,379,4,3,247
350,379,1,0,237
862,379,15,0,255
863,379,0,3,255
864,379,0,2,255
865,379,0,2,255
866,379,0,2,255
867,379,0,2,255
868,379,0,2,255
869,379,0,2,255
870,379,0,2,255
871,379,0,2,255
872,379,0,0,250
873,379,0,0,252
874,379,3,3,251
875,379,0,0,253
876,379,0,0,253
877,379,3,3,251
878,379,0,0,252
879,379,0,0,250
880,379,3,0,252
881,379,1,0,254
882,379,0,1,254
883,379,0,9,255
884,379,0,6,255
885,379,0,1,252
886,379,0,0,252
887,379,16,6,255
888,379,0,0,254
889,379,0,0,254
890,379,0,0,254
891,379,0,0,254
892,379,0,0,254
893,379,0,0,254
894,379,0,0,254
895,379,0,0,254
896,379,0,0,244
897,379,5,0,252
898,379,5,0,255
338,380,0,0,253
339,380,1,1,255
340,380,0,0,253
341,380,0,0,254
342,380,0,1,252
343,380,1,0,254
344,380,0,2,244
345,380,3,8,255
346,380,3,3,255
347,380,0,4,255
348,380,0,0,240
349,380,1,0,251
350,380,3,0,255
862,380,12,2,255
863,380,0,2,252
864,380,0,0,253
865,380,0,0,253
866,380,0,0,253
867,380,0,0,253
868,380,0,0,253
869,380,0,0,253
870,380,0,0,253
871,380,0,0,253
872,380,0,10,246
873,380,0,4,255
874,380,4,0,254
875,380,9,0,255
876,380,9,0,255
877,380,4,0,254
878,380,0,4,255
879,380,0,10,246
880,380,3,2,246
881,380,5,0,255
882,380,3,0,255
883,380,3,3,241
884,380,6,5,255
885,380,0,0,253
886,380,0,0,239
887,380,0,4,253
888,380,0,0,254
889,380,0,0,254
890,380,0,0,254
891,380,0,0,254
892,380,0,0,254
893,380,0,0,254
894,380,0,0,254
895,380,0,0,254
896,380,0,4,253
897,380,4,0,251
898,380,4,0,247
338,381,0,0,253
339,381,1,1,255
340,381,0,0,253
341,381,0,0,254
342,381,0,1,252
343,381,1,0,254
344,381,0,0,252
345,381,0,1,237
346,381,1,2,253
347,381,0,2,254
348,381,5,4,246
349,381,4,1,255
350,381,3,7,252
862,381,4,1,255
863,381,0,2,253
864,381,4,0,252
865,381,4,0,252
866,381,4,0,252
867,381,4,0,252
868,381,4,0,252
869,381,4,0,252
870,381,4,0,252
871,381,4,0,252
872,381,5,0,255
873,381,1,0,253
874,381,0,0,248
875,381,0,3,255
876,381,0,3,255
877,381,0,0,248
878,381,1,0,253
879,381,5,0,255
880,381,0,1,253
881,381,0,0,251
882,381,4,3,255
883,381,7,0,254
884,381,5,0,249
885,381,9,8,255
886,381,0,0,247
887,381,0,0,248
888,381,0,0,254
889,381,0,0,254
890,381,0,0,254
891,381,0,0,254
892,381,0,0,254
893,381,0,0,254
894,381,0,0,254
895,381,0,0,254
896,381,0,0,249
897,381,6,3,255
338,382,0,0,253
339,382,1,1,255
340,382,0,0,253
341,382,0,0,254
342,382,0,1,252
343,382,1,0,254
344,382,5,0,255
345,382,4,4,255
346,382,0,0,247
347,382,2,5,255
348,382,0,0,249
349,382,0,2,235
350,382,0,5,255
351,382,10,0,255
861,382,8,0,251
862,382,1,0,252
863,382,5,5,255
864,382,1,1,255
865,382,1,1,255
866,382,1,1,255
867,382,1,1,255
868,382,1,1,255
869,382,1,1,255
870,382,1,1,255
871,382,1,1,255
872,382,3,0,255
873,382,3,1,252
874,382,4,4,250
875,382,2,1,255
876,382,2,1,255
877,382,4,4,250
878,382,3,1,252
879,382,3,0,255
880,382,0,4,246
881,382,0,0,239
882,382,0,0,251
883,382,1,1,255
884,382,0,0,247
885,382,0,0,253
886,382,7,0,247
887,382,7,4,255
888,382,0,0,254
889,382,0,0,254
890,382,0,0,254
891,382,0,0,254
892,382,0,0,254
893,382,0,0,254
894,382,0,0,254
895,382,0,0,254
896,382,0,0,253
897,382,2,2,248
338,383,0,0,253
339,383,1,1,255
340,383,0,0,253
341,383,0,0,254
342,383,0,1,252
343,383,1,0,254
344,383,5,0,254
345,383,0,0,250
346,383,1,0,254
347,383,0,0,250
348,383,6,3,255
349,383,0,0,252
350,383,0,8,254
351,383,5,0,251
352,383,25,0,254
861,383,8,0,255
862,383,0,0,250
863,383,3,0,244
864,383,0,0,253
865,383,0,0,253
866,383,0,0,253
867,383,0,0,253
868,383,0,0,253
869,383,0,0,253
870,383,0,0,253
871,383,0,0,253
872,383,0,0,250
873,383,0,1,253
874,383,0,0,252
875,383,0,4,255
876,383,0,4,255
877,383,0,0,252
878,383,0,1,253
879,383,0,0,250
880,383,0,6,255
881,383,2,1,255
882,383,0,4,255
883,383,0,0,253
884,383,5,4,255
885,383,0,4,238
886,383,0,0,251
887,383,0,5,255
888,383,0,0,254
889,383,0,0,254
890,383,0,0,254
891,383,0,0,254
892,383,0,0,254
893,383,0,0,254
894,383,0,0,254
895,383,0,0,254
896,383,5,5,249
897,383,1,1,255
338,384,0,0,253
339,384,1,1,255
340,384,0,0,253
341,384,0,0,254
342,384,0,1,252
343,384,1,0,254
344,384,0,0,254
345,384,0,0,254
346,384,0,0,254
347,384,0,0,254
348,384,0,0,254
349,384,0,0,254
350,384,0,0,254
351,384,0,0,254
352,384,5,2,255
353,384,0,0,243
861,384,0,0,251
862,384,0,0,251
863,384,0,1,254
864,384,0,0,254
865,384,0,0,254
866,384,0,0,254
867,384,0,0,254
868,384,0,0,254
869,384,0,0,254
870,384,0,0,254
871,384,0,0,254
872,384,0,0,254
873,384,0,0,254
874,384,0,0,254
875,384,0,0,254
876,384,0,0,254
877,384,0,0,254
878,384,0,0,254
879,384,0,0,254
880,384,0,0,254
881,384,0,0,254
882,384,0,0,254
883,384,0,0,254
884,384,0,0,254
885,384,0,0,254
886,384,0,0,254
887,384,0,0,254
888,384,0,2,254
889,384,0,3,255
890,384,0,0,251
891,384,8,3,253
892,384,5,0,255
893,384,1,2,242
894,384,0,0,251
895,384,0,4,255
896,384,0,0,248
897,384,23,0,255
338,385,0,0,253
339,385,1,1,255
340,385,0,0,253
341,385,0,0,254
342,385,0,1,252
343,385,1,0,254
344,385,0,0,254
345,385,0,0,254
346,385,0,0,254
347,385,0,0,254
348,385,0,0,254
349,385,0,0,254
350,385,0,0,254
351,385,0,0,254
352,385,0,0,249
353,385,0,4,246
861,385,0,0,253
862,385,0,0,251
863,385,4,3,255
864,385,0,0,254
865,385,0,0,254
866,385,0,0,254
867,385,0,0,254
868,385,0,0,254
869,385,0,0,254
870,385,0,0,254
871,385,0,0,254
872,385,0,0,254
873,385,0,0,254
874,385,0,0,254
875,385,0,0,254
876,385,0,0,254
877,385,0,0,254
878,385,0,0,254
879,385,0,0,254
880,385,0,0,254
881,385,0,0,254
882,385,0,0,254
883,385,0,0,254
884,385,0,0,254
885,385,0,0,254
886,385,0,0,254
887,385,0,0,254
888,385,4,1,255
889,385,1,0,251
890,385,0,0,251
891,385,0,3,255
892,385,0,4,253
893,385,0,0,251
894,385,0,2,247
895,385,1,0,254
896,385,9,3,255
338,386,0,0,253
339,386,1,1,255
340,386,0,0,253
341,386,0,0,254
342,386,0,1,252
343,386,1,0,254
344,386,0,0,254
345,386,0,0,254
346,386,0,0,254
347,386,0,0,254
348,386,0,0,254
349,386,0,0,254
350,386,0,0,254
351,386,0,0,254
352,386,5,4,255
353,386,0,0,253
354,386,13,0,249
861,386,0,0,244
862,386,7,4,255
863,386,4,0,254
864,386,0,0,254
865,386,0,0,254
866,386,0,0,254
867,386,0,0,254
868,386,0,0,254
869,386,0,0,254
870,386,0,0,254
871,386,0,0,254
872,386,0,0,254
873,386,0,0,254
874,386,0,0,254
875,386,0,0,254
876,386,0,0,254
877,386,0,0,254
878,386,0,0,254
879,386,0,0,254
880,386,0,0,254
881,386,0,0,254
882,386,0,0,254
883,386,0,0,254
884,386,0,0,254
885,386,0,0,254
886,386,0,0,254
887,386,0,0,254
888,386,3,0,253
889,386,0,0,251
890,386,0,0,241
891,386,0,4,241
892,386,0,0,250
893,386,0,1,253
894,386,6,6,255
895,386,0,0,247
896,386,5,0,237
338,387,0,0,253
339,387,1,1,255
340,387,0,0,253
341,387,0,0,254
342,387,0,1,252
343,387,1,0,254
344,387,0,0,254
345,387,0,0,254
346,387,0,0,254
347,387,0,0,254
348,387,0,0,254
349,387,0,0,254
350,387,0,0,254
351,387,0,0,254
352,387,0,0,241
353,387,3,3,255
354,387,12,0,252
861,387,4,1,255
862,387,1,1,247
863,387,4,3,255
864,387,0,0,254
865,387,0,0,254
866,387,0,0,254
867,387,0,0,254
868,387,0,0,254
869,387,0,0,254
870,387,0,0,254
871,387,0,0,254
872,387,0,0,254
873,387,0,0,254
874,387,0,0,254
875,387,0,0,254
876,387,0,0,254
877,387,0,0,254
878,387,0,0,254
879,387,0,0,254
880,387,0,0,254
881,387,0,0,254
882,387,0,0,254
883,387,0,0,254
884,387,0,0,254
885,387,0,0,254
886,387,0,0,254
887,387,0,0,254
888,387,2,6,255
889,387,0,1,252
890,387,1,0,254
891,387,0,0,251
892,387,7,8,249
893,387,0,0,250
894,387,2,2,255
895,387,1,4,255
896,387,11,0,253
338,388,0,0,253
339,388,1,1,255
340,388,0,0,253
341,388,0,0,254
342,388,0,1,252
343,388,1,0,254
344,388,0,0,254
345,388,0,0,254
346,388,0,0,254
347,388,0,0,254
348,388,0,0,254
349,388,0,0,254
350,388,0,0,254
351,388,0,0,254
352,388,4,4,255
353,388,0,1,252
354,388,10,0,254
861,388,5,0,255
862,388,2,2,255
863,388,0,1,247
864,388,0,0,254
865,388,0,0,254
866,388,0,0,254
867,388,0,0,254
868,388,0,0,254
869,388,0,0,254
870,388,0,0,254
871,388,0,0,254
872,388,0,0,254
873,388,0,0,254
874,388,0,0,254
875,388,0,0,254
876,388,0,0,254
877,388,0,0,254
878,388,0,0,254
879,388,0,0,254
880,388,0,0,254
881,388,0,0,254
882,388,0,0,254
883,388,0,0,254
884,388,0,0,254
885,388,0,0,254
886,388,0,0,254
887,388,0,0,254
888,388,0,4,253
889,388,0,0,251
890,388,0,0,244
891,388,4,1,255
892,388,4,1,255
893,388,5,0,252
894,388,4,0,253
895,388,7,0,253
338,389,0,0,253
339,389,1,1,255
340,389,0,0,253
341,389,0,0,254
342,389,0,1,252
343,389,1,0,254
344,389,0,0,254
345,389,0,0,254
346,389,0,0,254
347,389,0,0,254
348,389,0,0,254
349,389,0,0,254
350,389,0,0,254
351,389,0,0,254
352,389,0,4,253
353,389,0,0,246
354,389,5,5,251
861,389,0,0,250
862,389,0,2,255
863,389,0,0,251
864,389,0,0,254
865,389,0,0,254
866,389,0,0,254
867,389,0,0,254
868,389,0,0,254
869,389,0,0,254
870,389,0,0,254
871,389,0,0,254
872,389,0,0,254
873,389,0,0,254
874,389,0,0,254
875,389,0,0,254
876,389,0,0,254
877,389,0,0,254
878,389,0,0,254
879,389,0,0,254
880,389,0,0,254
881,389,0,0,254
882,389,0,0,254
883,389,0,0,254
884,389,0,0,254
885,389,0,0,254
886,389,0,0,254
887,389,0,0,254
888,389,5,0,254
889,389,4,3,255
890,389,0,1,237
891,389,5,10,255
892,389,0,0,252
893,389,5,0,249
894,389,14,0,253
338,390,0,0,253
339,390,1,1,255
340,390,0,0,253
341,390,0,0,254
342,390,0,1,252
343,390,1,0,254
344,390,0,0,254
345,390,0,0,254
346,390,0,0,254
347,390,0,0,254
348,390,0,0,254
349,390,0,0,254
350,390,0,0,254
351,390,0,0,254
352,390,0,2,255
353,390,6,5,255
354,390,0,3,255
861,390,0,0,251
862,390,0,2,251
863,390,6,3,255
864,390,0,0,254
865,390,0,0,254
866,390,0,0,254
867,390,0,0,254
868,390,0,0,254
869,390,0,0,254
870,390,0,0,254
871,390,0,0,254
872,390,0,0,254
873,390,0,0,254
874,390,0,0,254
875,390,0,0,254
876,390,0,0,254
877,390,0,0,254
878,390,0,0,254
879,390,0,0,254
880,390,0,0,254
881,390,0,0,254
882,390,0,0,254
883,390,0,0,254
884,390,0,0,254
885,390,0,0,254
886,390,0,0,254
887,390,0,0,254
888,390,1,0,237
889,390,4,3,255
890,390,1,5,254
891,390,0,0,242
892,390,0,0,250
893,390,10,0,250
338,391,0,0,253
339,391,1,1,255
340,391,0,0,253
341,391,0,0,254
342,391,0,1,252
343,391,1,0,254
344,391,0,0,254
345,391,0,0,254
346,391,0,0,254
347,391,0,0,254
348,391,0,0,254
349,391,0,0,254
350,391,0,0,254
351,391,0,0,254
352,391,0,0,250
353,391,1,0,254
354,391,0,0,248
859,391,9,0,249
860,391,10,0,253
861,391,0,9,255
862,391,0,0,250
863,391,7,0,251
864,391,0,0,254
865,391,0,0,254
866,391,0,0,254
867,391,0,0,254
868,391,0,0,254
869,391,0,0,254
870,391,0,0,254
871,391,0,0,254
872,391,0,0,254
873,391,0,0,254
874,391,0,0,254
875,391,0,0,254
876,391,0,0,254
877,391,0,0,254
878,391,0,0,254
879,391,0,0,254
880,391,0,0,254
881,391,0,0,254
882,391,0,0,254
883,391,0,0,254
884,391,0,0,254
885,391,0,0,254
886,391,0,0,254
887,391,0,0,254
888,391,0,4,255
889,391,0,0,253
890,391,2,1,255
891,391,7,1,247
339,392,11,1,248
340,392,0,0,245
341,392,2,3,253
342,392,0,1,251
343,392,9,0,252
344,392,0,0,254
345,392,0,0,254
346,392,0,0,254
347,392,0,0,254
348,392,0,0,254
349,392,0,0,254
350,392,0,0,254
351,392,0,0,254
352,392,2,0,254
353,392,0,2,255
354,392,0,0,253
859,392,5,2,255
860,392,0,0,247
861,392,0,0,251
862,392,0,2,255
863,392,1,3,248
864,392,0,0,254
865,392,0,0,254
866,392,0,0,254
867,392,0,0,254
868,392,0,0,254
869,392,0,0,254
870,392,0,0,254
871,392,0,0,254
872,392,0,1,254
873,392,0,0,251
874,392,0,5,255
875,392,16,0,255
876,392,3,3,255
877,392,0,1,253
878,392,0,4,246
879,392,0,0,250
880,392,0,0,254
881,392,0,0,254
882,392,0,0,254
883,392,0,0,254
884,392,0,0,254
885,392,0,0,254
886,392,0,0,254
887,392,0,0,254
888,392,0,2,254
889,392,0,3,234
890,392,4,0,251
340,393,12,0,250
341,393,14,0,255
342,393,0,2,250
343,393,10,4,250
344,393,0,0,254
345,393,0,0,254
346,393,0,0,254
347,393,0,0,254
348,393,0,0,254
349,393,0,0,254
350,393,0,0,254
351,393,0,0,254
352,393,2,0,254
353,393,0,2,255
354,393,0,0,253
858,393,4,0,254
859,393,0,0,235
860,393,3,4,255
861,393,3,3,255
862,393,0,2,255
863,393,0,1,242
864,393,0,0,254
865,393,0,0,254
866,393,0,0,254
867,393,0,0,254
868,393,0,0,254
869,393,0,0,254
870,393,0,0,254
871,393,0,0,254
872,393,4,0,254
873,393,0,0,249
874,393,0,3,253
876,393,8,0,255
877,393,0,0,252
878,393,0,0,249
879,393,2,8,250
880,393,0,0,251
881,393,0,0,251
882,393,0,0,251
883,393,0,0,251
884,393,0,0,251
885,393,0,0,251
886,393,0,0,251
887,393,0,0,251
342,394,5,5,255
343,394,0,0,250
344,394,0,0,254
345,394,0,0,254
346,394,0,0,254
347,394,0,0,254
348,394,0,0,254
349,394,0,0,254
350,394,0,0,254
351,394,0,0,254
352,394,2,0,254
353,394,0,2,255
354,394,0,0,253
858,394,3,2,244
859,394,0,0,251
860,394,0,0,253
861,394,2,2,255
862,394,0,0,244
863,394,1,2,242
864,394,0,0,254
865,394,0,0,254
866,394,0,0,254
867,394,0,0,254
868,394,0,0,254
869,394,0,0,254
870,394,0,0,254
871,394,0,0,254
872,394,0,2,246
873,394,0,6,255
874,394,0,3,255
342,395,1,0,254
343,395,0,3,254
344,395,0,0,254
345,395,0,0,254
346,395,0,0,254
347,395,0,0,254
348,395,0,0,254
349,395,0,0,254
350,395,0,0,254
351,395,0,0,254
352,395,2,0,254
353,395,0,2,255
354,395,0,0,253
858,395,2,1,243
859,395,8,7,255
860,395,0,0,253
861,395,0,0,253
862,395,0,3,248
863,395,2,1,255
864,395,0,0,254
865,395,0,0,254
866,395,0,0,254
867,395,0,0,254
868,395,0,0,254
869,395,0,0,254
870,395,0,0,254
871,395,0,0,254
872,395,7,0,244
873,395,4,3,255
874,395,2,0,244
342,396,2,2,255
343,396,0,4,254
344,396,0,0,254
345,396,0,0,254
346,396,0,0,254
347,396,0,0,254
348,396,0,0,254
349,396,0,0,254
350,396,0,0,254
351,396,0,0,254
352,396,2,0,254
353,396,0,2,255
354,396,0,0,253
858,396,9,8,255
859,396,3,3,251
860,396,0,2,251
861,396,4,4,255
862,396,0,1,250
863,396,5,4,255
864,396,0,0,254
865,396,0,0,254
866,396,0,0,254
867,396,0,0,254
868,396,0,0,254
869,396,0,0,254
870,396,0,0,254
871,396,0,0,254
872,396,0,0,251
873,396,0,5,247
874,396,7,0,253
342,397,0,0,253
343,397,0,0,251
344,397,0,0,254
345,397,0,0,254
346,397,0,0,254
347,397,0,0,254
348,397,0,0,254
349,397,0,0,254
350,397,0,0,254
351,397,0,0,254
352,397,2,0,254
353,397,0,2,255
354,397,0,0,253
858,397,0,1,241
859,397,3,3,255
860,397,0,0,248
861,397,4,4,255
862,397,0,0,245
863,397,2,1,255
864,397,0,0,254
865,397,0,0,254
866,397,0,0,254
867,397,0,0,254
868,397,0,0,254
869,397,0,0,254
870,397,0,0,254
871,397,0,0,254
872,397,6,0,253
873,397,2,2,255
342,398,5,4,255
343,398,0,0,242
344,398,0,0,254
345,398,0,0,254
346,398,0,0,254
347,398,0,0,254
348,398,0,0,254
349,398,0,0,254
350,398,0,0,254
351,398,0,0,254
352,398,2,0,254
353,398,0,2,255
354,398,0,0,253
858,398,2,2,255
859,398,0,0,252
860,398,0,0,247
861,398,0,0,248
862,398,5,5,255
863,398,0,0,248
864,398,0,0,254
865,398,0,0,254
866,398,0,0,254
867,398,0,0,254
868,398,0,0,254
869,398,0,0,254
870,398,0,0,254
871,398,0,0,254
872,398,0,0,249
873,398,0,2,251
342,399,2,0,254
343,399,4,3,255
344,399,0,0,254
345,399,0,0,254
346,399,0,0,254
347,399,0,0,254
348,399,0,0,254
349,399,0,0,254
350,399,0,0,254
351,399,0,0,254
352,399,2,0,254
353,399,0,2,255
354,399,0,0,253
858,399,0,1,238
859,399,0,1,252
860,399,2,5,255
861,399,0,1,249
862,399,2,2,255
863,399,0,0,251
864,399,0,0,254
865,399,0,0,254
866,399,0,0,254
867,399,0,0,254
868,399,0,0,254
869,399,0,0,254
870,399,0,0,254
871,399,0,0,254
872,399,5,6,255
873,399,2,3,251
342,400,0,0,251
343,400,0,0,254
344,400,0,0,254
345,400,0,0,254
346,400,0,0,254
347,400,0,0,254
348,400,0,0,254
349,400,0,0,254
350,400,0,0,254
351,400,0,0,254
352,400,2,0,254
353,400,0,2,255
354,400,0,0,253
858,400,0,0,253
859,400,1,1,255
860,400,0,0,253
861,400,0,0,254
862,400,0,1,252
863,400,1,0,254
864,400,5,0,254
865,400,0,0,250
866,400,1,0,254
867,400,0,0,250
868,400,6,3,255
869,400,0,0,252
870,400,0,8,254
871,400,5,0,251
872,400,24,0,253
342,401,0,0,251
343,401,0,0,254
344,401,0,0,254
345,401,0,0,254
346,401,0,0,254
347,401,0,0,254
348,401,0,0,254
349,401,0,0,254
350,401,0,0,254
351,401,0,0,254
352,401,2,0,254
353,401,0,2,255
354,401,0,0,253
858,401,0,0,253
859,401,1,1,255
860,401,0,0,253
861,401,0,0,254
862,401,0,1,252
863,401,1,0,254
864,401,5,0,255
865,401,4,4,255
866,401,0,0,247
867,401,2,5,255
868,401,0,0,249
869,401,0,2,235
870,401,0,5,255
871,401,10,0,255
342,402,0,0,251
343,402,0,0,254
344,402,0,0,254
345,402,0,0,254
346,402,0,0,254
347,402,0,0,254
348,402,0,0,254
349,402,0,0,254
350,402,0,0,254
351,402,0,0,254
352,402,2,0,254
353,402,0,2,255
354,402,0,0,253
858,402,0,0,253
859,402,1,1,255
860,402,0,0,253
861,402,0,0,254
862,402,0,1,252
863,402,1,0,254
864,402,0,0,252
865,402,0,1,237
866,402,1,2,253
867,402,0,2,254
868,402,5,4,246
869,402,4,1,255
870,402,3,7,252
342,403,0,0,251
343,403,0,0,254
344,403,0,0,254
345,403,0,0,254
346,403,0,0,254
347,403,0,0,254
348,403,0,0,254
349,403,0,0,254
350,403,0,0,254
351,403,0,0,254
352,403,2,0,254
353,403,0,2,255
354,403,0,0,253
858,403,0,0,253
859,403,1,1,255
860,403,0,0,253
861,403,0,0,254
862,403,0,1,252
863,403,1,0,254
864,403,0,2,244
865,403,3,8,255
866,403,3,3,255
867,403,0,4,255
868,403,0,0,240
869,403,1,0,251
870,403,3,0,255
342,404,0,0,251
343,404,0,0,254
344,404,0,0,254
345,404,0,0,254
346,404,0,0,254
347,404,0,0,254
348,404,0,0,254
349,404,0,0,254
350,404,0,0,254
351,404,0,0,254
352,404,2,0,254
353,404,0,2,255
354,404,0,0,253
858,404,0,0,253
859,404,1,1,255
860,404,0,0,253
861,404,0,0,254
862,404,0,1,252
863,404,1,0,254
864,404,0,0,249
865,404,0,1,253
866,404,0,0,246
867,404,0,0,250
868,404,4,3,255
869,404,4,3,247
870,404,1,0,237
342,405,0,0,251
343,405,0,0,254
344,405,0,0,254
345,405,0,0,254
346,405,0,0,254
347,405,0,0,254
348,405,0,0,254
349,405,0,0,254
350,405,0,0,254
351,405,0,0,254
352,405,2,0,254
353,405,0,2,255
354,405,0,0,253
858,405,0,0,253
859,405,1,1,255
860,405,0,0,253
861,405,0,0,254
862,405,0,1,252
863,405,1,0,254
864,405,0,2,249
865,405,0,1,254
866,405,1,0,253
867,405,0,0,253
868,405,4,5,253
869,405,0,0,249
870,405,2,0,252
342,406,0,0,251
343,406,0,0,254
344,406,0,0,254
345,406,0,0,254
346,406,0,0,254
347,406,0,0,254
348,406,0,0,254
349,406,0,0,254
350,406,0,0,254
351,406,0,0,254
352,406,2,0,254
353,406,0,2,255
354,406,0,0,253
858,406,0,0,253
859,406,1,1,255
860,406,0,0,253
861,406,0,0,254
862,406,0,1,252
863,406,1,0,254
864,406,1,0,251
865,406,3,2,255
866,406,7,0,254
867,406,0,0,240
868,406,0,0,252
869,406,4,4,255
870,406,2,0,241
342,407,0,0,251
343,407,0,0,254
344,407,0,0,254
345,407,0,0,254
346,407,0,0,254
347,407,0,0,254
348,407,0,0,254
349,407,0,0,254
350,407,0,0,254
351,407,0,0,254
352,407,2,0,254
353,407,0,2,255
354,407,0,0,253
858,407,0,0,253
859,407,1,1,255
860,407,0,0,253
861,407,0,0,254
862,407,0,1,252
863,407,1,0,254
864,407,3,0,255
865,407,4,0,249
866,407,2,0,249
867,407,2,6,253
868,407,0,3,241
869,407,3,6,255
870,407,3,0,255
342,408,0,0,251
343,408,0,0,254
344,408,0,0,254
345,408,0,0,254
346,408,0,0,254
347,408,0,0,254
348,408,0,0,254
349,408,0,0,254
350,408,0,0,254
351,408,0,0,254
352,408,2,0,254
353,408,0,2,255
354,408,0,0,253
858,408,11,0,254
859,408,8,2,255
860,408,0,0,247
861,408,0,2,251
862,408,0,3,255
863,408,0,0,250
864,408,0,0,251
865,408,0,2,255
866,408,2,0,254
867,408,0,0,253
868,408,1,1,255
869,408,0,2,254
870,408,1,0,254
342,409,0,0,251
343,409,0,0,254
344,409,0,0,254
345,409,0,0,254
346,409,0,0,254
347,409,0,0,254
348,409,0,0,254
349,409,0,0,254
350,409,0,0,254
351,409,0,0,254
352,409,2,0,254
353,409,0,2,255
354,409,0,0,253
856,409,6,0,249
857,409,10,0,248
858,409,1,0,250
859,409,3,2,255
860,409,1,1,255
861,409,0,3,240
862,409,3,3,255
863,409,3,5,240
864,409,0,0,251
865,409,0,2,255
866,409,2,0,254
867,409,0,0,253
868,409,1,1,255
869,409,0,2,254
870,409,1,0,254
342,410,0,0,251
343,410,0,0,254
344,410,0,0,254
345,410,0,0,254
346,410,0,0,254
347,410,0,0,254
348,410,0,0,254
349,410,0,0,254
350,410,0,0,254
351,410,0,0,254
352,410,2,0,254
353,410,0,2,255
354,410,0,0,253
855,410,9,0,252
856,410,3,3,247
857,410,4,4,255
858,410,0,5,235
859,410,0,2,247
860,410,2,2,255
861,410,5,4,255
862,410,0,0,246
863,410,2,0,251
864,410,0,0,251
865,410,0,2,255
866,410,2,0,254
867,410,0,0,253
868,410,1,1,255
869,410,0,2,254
870,410,1,0,254
342,411,0,0,251
343,411,0,0,254
344,411,0,0,254
345,411,0,0,254
346,411,0,0,254
347,411,0,0,254
348,411,0,0,254
349,411,0,0,254
350,411,0,0,254
351,411,0,0,254
352,411,2,0,254
353,411,0,2,255
354,411,0,0,253
855,411,8,0,255
856,411,0,3,241
857,411,0,3,253
858,411,0,1,253
859,411,0,1,254
860,411,0,5,245
861,411,0,0,253
862,411,4,3,247
863,411,3,0,255
864,411,0,0,251
865,411,0,2,255
866,411,2,0,254
867,411,0,0,253
868,411,1,1,255
869,411,0,2,254
870,411,1,0,254
342,412,0,0,251
343,412,0,0,254
344,412,0,0,254
345,412,0,0,254
346,412,0,0,254
347,412,0,0,254
348,412,0,0,254
349,412,0,0,254
350,412,0,0,254
351,412,0,0,254
352,412,2,0,254
353,412,0,2,255
354,412,0,0,253
854,412,11,0,255
855,412,0,0,246
856,412,0,2,255
857,412,0,0,245
858,412,0,3,255
859,412,0,0,250
860,412,0,4,244
861,412,0,0,244
862,412,1,6,255
863,412,0,0,250
864,412,0,0,251
865,412,0,2,255
866,412,2,0,254
867,412,0,0,253
868,412,1,1,255
869,412,0,2,254
870,412,1,0,254
342,413,0,0,251
343,413,0,0,254
344,413,0,0,254
345,413,0,0,254
346,413,0,0,254
347,413,0,0,254
348,413,0,0,254
349,413,0,0,254
350,413,0,0,254
351,413,0,0,254
352,413,2,0,254
353,413,0,2,255
354,413,0,0,253
854,413,1,0,239
855,413,5,5,255
856,413,0,0,252
857,413,4,3,255
858,413,1,0,254
859,413,0,0,252
860,413,3,3,255
861,413,0,2,254
862,413,0,1,253
863,413,0,6,253
864,413,0,0,251
865,413,0,2,255
866,413,2,0,254
867,413,0,0,253
868,413,1,1,255
869,413,0,2,254
870,413,1,0,254
342,414,0,0,251
343,414,0,0,254
344,414,0,0,254
345,414,0,0,254
346,414,0,0,254
347,414,0,0,254
348,414,0,0,254
349,414,0,0,254
350,414,0,0,254
351,414,0,0,254
352,414,2,0,254
353,414,0,2,255
354,414,0,0,253
854,414,0,0,250
855,414,0,0,253
856,414,4,7,255
857,414,0,0,246
858,414,2,0,254
859,414,0,0,235
860,414,1,0,251
861,414,4,3,255
862,414,0,2,249
863,414,0,1,253
864,414,0,0,251
865,414,0,2,255
866,414,2,0,254
867,414,0,0,253
868,414,1,1,255
869,414,0,2,254
870,414,1,0,254
342,415,0,0,251
343,415,0,0,254
344,415,0,0,254
345,415,0,0,254
346,415,0,0,254
347,415,0,0,254
348,415,0,0,254
349,415,0,0,254
350,415,0,0,254
351,415,0,0,254
352,415,2,0,254
353,415,0,2,255
354,415,0,0,253
854,415,0,0,245
855,415,0,0,254
856,415,0,0,248
857,415,2,6,251
858,415,2,1,253
859,415,7,1,255
860,415,8,0,255
861,415,5,0,255
862,415,0,0,252
863,415,1,3,246
864,415,0,0,251
865,415,0,2,255
866,415,2,0,254
867,415,0,0,253
868,415,1,1,255
869,415,0,2,254
870,415,1,0,254
342,416,0,0,251
343,416,0,0,254
344,416,0,0,254
345,416,0,0,254
346,416,0,0,254
347,416,0,0,254
348,416,0,0,254
349,416,0,0,254
350,416,0,0,254
351,416,0,0,254
352,416,3,0,252
353,416,0,1,251
354,416,0,3,255
355,416,3,0,248
356,416,0,4,254
854,416,0,0,251
855,416,0,0,254
856,416,0,0,254
857,416,0,0,254
858,416,0,0,254
859,416,0,0,254
860,416,0,0,254
861,416,0,0,254
862,416,0,0,254
863,416,0,0,254
864,416,5,0,255
865,416,0,0,252
866,416,5,0,255
867,416,0,0,252
868,416,6,5,247
869,416,0,7,249
870,416,8,0,253
342,417,0,0,251
343,417,0,0,254
344,417,0,0,254
345,417,0,0,254
346,417,0,0,254
347,417,0,0,254
348,417,0,0,254
349,417,0,0,254
350,417,0,0,254
351,417,0,0,254
352,417,7,0,251
353,417,0,0,244
354,417,0,3,255
355,417,7,1,255
356,417,0,3,255
854,417,0,0,251
855,417,0,0,254
856,417,0,0,254
857,417,0,0,254
858,417,0,0,254
859,417,0,0,254
860,417,0,0,254
861,417,0,0,254
862,417,0,0,254
863,417,0,0,254
864,417,10,0,255
865,417,0,1,243
866,417,0,0,254
867,417,0,4,252
868,417,0,0,249
869,417,0,6,255
342,418,0,0,251
343,418,0,0,254
344,418,0,0,254
345,418,0,0,254
346,418,0,0,254
347,418,0,0,254
348,418,0,0,254
349,418,0,0,254
350,418,0,0,254
351,418,0,0,254
352,418,2,0,252
353,418,5,7,248
354,418,1,6,255
355,418,0,0,252
356,418,0,0,248
357,418,9,0,249
854,418,0,0,251
855,418,0,0,254
856,418,0,0,254
857,418,0,0,254
858,418,0,0,254
859,418,0,0,254
860,418,0,0,254
861,418,0,0,254
862,418,0,0,254
863,418,0,0,254
864,418,5,0,249
865,418,0,0,254
866,418,2,8,254
867,418,0,12,255
868,418,6,5,255
869,418,9,0,255
342,419,0,0,251
343,419,0,0,254
344,419,0,0,254
345,419,0,0,254
346,419,0,0,254
347,419,0,0,254
348,419,0,0,254
349,419,0,0,254
350,419,0,0,254
351,419,0,0,254
352,419,0,0,251
353,419,0,0,251
354,419,0,4,255
355,419,0,0,250
356,419,1,4,255
357,419,8,0,254
854,419,0,0,251
855,419,0,0,254
856,419,0,0,254
857,419,0,0,254
858,419,0,0,254
859,419,0,0,254
860,419,0,0,254
861,419,0,0,254
862,419,0,0,254
863,419,0,0,254
864,419,0,0,252
865,419,0,3,255
866,419,0,0,249
867,419,0,2,252
868,419,12,0,255
342,420,0,0,251
343,420,0,0,254
344,420,0,0,254
345,420,0,0,254
346,420,0,0,254
347,420,0,0,254
348,420,0,0,254
349,420,0,0,254
350,420,0,0,254
351,420,0,0,254
352,420,0,0,254
353,420,7,7,255
354,420,0,0,241
355,420,3,2,255
356,420,0,0,253
357,420,5,2,255
854,420,0,0,251
855,420,0,0,254
856,420,0,0,254
857,420,0,0,254
858,420,0,0,254
859,420,0,0,254
860,420,0,0,254
861,420,0,0,254
862,420,0,0,254
863,420,0,0,254
864,420,0,1,253
865,420,0,0,244
866,420,0,0,252
867,420,10,0,248
342,421,0,0,251
343,421,0,0,254
344,421,0,0,254
345,421,0,0,254
346,421,0,0,254
347,421,0,0,254
348,421,0,0,254
349,421,0,0,254
350,421,0,0,254
351,421,0,0,254
352,421,0,1,254
353,421,2,0,254
354,421,0,0,253
355,421,2,3,244
356,421,2,5,255
357,421,1,7,251
854,421,0,0,251
855,421,0,0,254
856,421,0,0,254
857,421,0,0,254
858,421,0,0,254
859,421,0,0,254
860,421,0,0,254
861,421,0,0,254
862,421,0,0,254
863,421,0,0,254
864,421,0,4,255
865,421,0,0,252
866,421,0,0,250
342,422,0,0,251
343,422,0,0,254
344,422,0,0,254
345,422,0,0,254
346,422,0,0,254
347,422,0,0,254
348,422,0,0,254
349,422,0,0,254
350,422,0,0,254
351,422,0,0,254
352,422,0,0,251
353,422,5,2,255
354,422,0,0,245
355,422,0,0,248
356,422,1,1,255
357,422,0,5,255
854,422,0,0,251
855,422,0,0,254
856,422,0,0,254
857,422,0,0,254
858,422,0,0,254
859,422,0,0,254
860,422,0,0,254
861,422,0,0,254
862,422,0,0,254
863,422,0,0,254
864,422,0,0,254
865,422,0,0,246
866,422,11,6,249
342,423,0,0,251
343,423,0,0,254
344,423,0,0,254
345,423,0,0,254
346,423,0,0,254
347,423,0,0,254
348,423,0,0,254
349,423,0,0,254
350,423,0,0,254
351,423,0,0,254
352,423,0,4,248
353,423,0,0,251
354,423,2,1,255
355,423,2,3,253
356,423,0,0,253
357,423,0,1,250
854,423,0,0,251
855,423,0,0,254
856,423,0,0,254
857,423,0,0,254
858,423,0,0,254
859,423,0,0,254
860,423,0,0,254
861,423,0,0,254
862,423,0,0,254
863,423,0,0,254
864,423,7,0,255
865,423,4,0,245
866,423,3,0,252
342,424,10,0,255
343,424,0,0,252
344,424,4,0,254
345,424,0,3,252
346,424,6,2,236
347,424,1,2,252
348,424,0,4,254
349,424,6,3,255
350,424,5,4,255
351,424,0,0,252
352,424,1,0,254
353,424,0,1,252
354,424,0,0,254
355,424,0,0,253
356,424,1,1,255
357,424,0,0,253
854,424,0,0,251
855,424,0,0,254
856,424,0,0,254
857,424,0,0,254
858,424,0,0,254
859,424,0,0,254
860,424,0,0,254
861,424,0,0,254
862,424,0,0,254
863,424,0,0,254
864,424,2,0,254
865,424,0,2,255
866,424,0,0,253
343,425,5,0,250
344,425,10,2,246
345,425,0,2,255
346,425,4,0,253
347,425,0,0,251
348,425,0,3,237
349,425,7,4,255
350,425,0,0,246
351,425,0,4,240
352,425,1,0,254
353,425,0,1,252
354,425,0,0,254
355,425,0,0,253
356,425,1,1,255
357,425,0,0,253
854,425,0,0,251
855,425,0,0,254
856,425,0,0,254
857,425,0,0,254
858,425,0,0,254
859,425,0,0,254
860,425,0,0,254
861,425,0,0,254
862,425,0,0,254
863,425,0,0,254
864,425,2,0,254
865,425,0,2,255
866,425,0,0,253
344,426,6,0,249
345,426,0,1,254
346,426,5,2,243
347,426,3,3,255
348,426,0,7,255
349,426,0,0,244
350,426,0,0,254
351,426,0,0,253
352,426,1,0,254
353,426,0,1,252
354,426,0,0,254
355,426,0,0,253
356,426,1,1,255
357,426,0,0,253
854,426,0,0,251
855,426,0,0,254
856,426,0,0,254
857,426,0,0,254
858,426,0,0,254
859,426,0,0,254
860,426,0,0,254
861,426,0,0,254
862,426,0,0,254
863,426,0,0,254
864,426,2,0,254
865,426,0,2,255
866,426,0,0,253
345,427,0,0,254
346,427,0,0,248
347,427,3,3,255
348,427,0,2,251
349,427,0,0,243
350,427,5,5,255
351,427,5,5,255
352,427,1,0,254
353,427,0,1,252
354,427,0,0,254
355,427,0,0,253
356,427,1,1,255
357,427,0,0,253
854,427,0,0,251
855,427,0,0,254
856,427,0,0,254
857,427,0,0,254
858,427,0,0,254
859,427,0,0,254
860,427,0,0,254
861,427,0,0,254
862,427,0,0,254
863,427,0,0,254
864,427,2,0,254
865,427,0,2,255
866,427,0,0,253
345,428,0,0,253
346,428,2,4,245
347,428,0,0,249
348,428,0,0,253
349,428,0,1,242
350,428,0,3,255
351,428,0,0,250
352,428,1,0,254
353,428,0,1,252
354,428,0,0,254
355,428,0,0,253
356,428,1,1,255
357,428,0,0,253
854,428,0,0,251
855,428,0,0,254
856,428,0,0,254
857,428,0,0,254
858,428,0,0,254
859,428,0,0,254
860,428,0,0,254
861,428,0,0,254
862,428,0,0,254
863,428,0,0,254
864,428,2,0,254
865,428,0,2,255
866,428,0,0,253
345,429,2,3,243
346,429,0,0,249
347,429,5,4,255
348,429,2,2,255
349,429,3,2,255
350,429,0,0,246
351,429,5,5,249
352,429,1,0,254
353,429,0,1,252
354,429,0,0,254
355,429,0,0,253
356,429,1,1,255
357,429,0,0,253
854,429,0,0,251
855,429,0,0,254
856,429,0,0,254
857,429,0,0,254
858,429,0,0,254
859,429,0,0,254
860,429,0,0,254
861,429,0,0,254
862,429,0,0,254
863,429,0,0,254
864,429,2,0,254
865,429,0,2,255
866,429,0,0,253
345,430,0,0,243
346,430,0,0,249
347,430,2,1,253
348,430,0,0,246
349,430,5,4,255
350,430,0,0,249
351,430,0,0,248
352,430,1,0,254
353,430,0,1,252
354,430,0,0,254
355,430,0,0,253
356,430,1,1,255
357,430,0,0,253
854,430,0,0,251
855,430,0,0,254
856,430,0,0,254
857,430,0,0,254
858,430,0,0,254
859,430,0,0,254
860,430,0,0,254
861,430,0,0,254
862,430,0,0,254
863,430,0,0,254
864,430,2,0,254
865,430,0,2,255
866,430,0,0,253
345,431,4,3,255
346,431,0,3,255
347,431,0,0,239
348,431,5,5,251
349,431,3,2,255
350,431,0,0,251
351,431,8,5,255
352,431,1,0,254
353,431,0,1,252
354,431,0,0,254
355,431,0,0,253
356,431,1,1,255
357,431,0,0,253
854,431,0,0,251
855,431,0,0,254
856,431,0,0,254
857,431,0,0,254
858,431,0,0,254
859,431,0,0,254
860,431,0,0,254
861,431,0,0,254
862,431,0,0,254
863,431,0,0,254
864,431,2,0,254
865,431,0,2,255
866,431,0,0,253
345,432,1,0,254
346,432,0,2,254
347,432,1,1,255
348,432,0,0,253
349,432,2,0,254
350,432,0,2,255
351,432,0,0,251
352,432,1,0,254
353,432,0,1,252
354,432,0,0,254
355,432,0,0,253
356,432,1,1,255
357,432,0,0,253
854,432,0,0,251
855,432,0,0,254
856,432,0,0,254
857,432,0,0,254
858,432,0,0,254
859,432,0,0,254
860,432,0,0,254
861,432,0,0,254
862,432,0,0,254
863,432,0,0,254
864,432,2,0,254
865,432,0,2,255
866,432,0,0,253
345,433,1,0,254
346,433,0,2,254
347,433,1,1,255
348,433,0,0,253
349,433,2,0,254
350,433,0,2,255
351,433,0,0,251
352,433,1,0,254
353,433,0,1,252
354,433,0,0,254
355,433,0,0,253
356,433,1,1,255
357,433,0,0,253
854,433,0,0,251
855,433,0,0,254
856,433,0,0,254
857,433,0,0,254
858,433,0,0,254
859,433,0,0,254
860,433,0,0,254
861,433,0,0,254
862,433,0,0,254
863,433,0,0,254
864,433,2,0,254
865,433,0,2,255
866,433,0,0,253
345,434,1,0,254
346,434,0,2,254
347,434,1,1,255
348,434,0,0,253
349,434,2,0,254
350,434,0,2,255
351,434,0,0,251
352,434,1,0,254
353,434,0,1,252
354,434,0,0,254
355,434,0,0,253
356,434,1,1,255
357,434,0,0,253
854,434,0,0,251
855,434,0,0,254
856,434,0,0,254
857,434,0,0,254
858,434,0,0,254
859,434,0,0,254
860,434,0,0,254
861,434,0,0,254
862,434,0,0,254
863,434,0,0,254
864,434,2,0,254
865,434,0,2,255
866,434,0,0,253
345,435,1,0,254
346,435,0,2,254
347,435,1,1,255
348,435,0,0,253
349,435,2,0,254
350,435,0,2,255
351,435,0,0,251
352,435,1,0,254
353,435,0,1,252
354,435,0,0,254
355,435,0,0,253
356,435,1,1,255
357,435,0,0,253
854,435,0,0,251
855,435,0,0,254
856,435,0,0,254
857,435,0,0,254
858,435,0,0,254
859,435,0,0,254
860,435,0,0,254
861,435,0,0,254
862,435,0,0,254
863,435,0,0,254
864,435,2,0,254
865,435,0,2,255
866,435,0,0,253
345,436,1,0,254
346,436,0,2,254
347,436,1,1,255
348,436,0,0,253
349,436,2,0,254
350,436,0,2,255
351,436,0,0,251
352,436,1,0,254
353,436,0,1,252
354,436,0,0,254
355,436,0,0,253
356,436,1,1,255
357,436,0,0,253
854,436,0,0,251
855,436,0,0,254
856,436,0,0,254
857,436,0,0,254
858,436,0,0,254
859,436,0,0,254
860,436,0,0,254
861,436,0,0,254
862,436,0,0,254
863,436,0,0,254
864,436,2,0,254
865,436,0,2,255
866,436,0,0,253
345,437,1,0,254
346,437,0,2,254
347,437,1,1,255
348,437,0,0,253
349,437,2,0,254
350,437,0,2,255
351,437,0,0,251
352,437,1,0,254
353,437,0,1,252
354,437,0,0,254
355,437,0,0,253
356,437,1,1,255
357,437,0,0,253
854,437,0,0,251
855,437,0,0,254
856,437,0,0,254
857,437,0,0,254
858,437,0,0,254
859,437,0,0,254
860,437,0,0,254
861,437,0,0,254
862,437,0,0,254
863,437,0,0,254
864,437,2,0,254
865,437,0,2,255
866,437,0,0,253
345,438,1,0,254
346,438,0,2,254
347,438,1,1,255
348,438,0,0,253
349,438,2,0,254
350,438,0,2,255
351,438,0,0,251
352,438,1,0,254
353,438,0,1,252
354,438,0,0,254
355,438,0,0,253
356,438,1,1,255
357,438,0,0,253
854,438,0,0,251
855,438,0,0,254
856,438,0,0,254
857,438,0,0,254
858,438,0,0,254
859,438,0,0,254
860,438,0,0,254
861,438,0,0,254
862,438,0,0,254
863,438,0,0,254
864,438,2,0,254
865,438,0,2,255
866,438,0,0,253
345,439,1,0,254
346,439,0,2,254
347,439,1,1,255
348,439,0,0,253
349,439,2,0,254
350,439,0,2,255
351,439,0,0,251
352,439,1,0,254
353,439,0,1,252
354,439,0,0,254
355,439,0,0,253
356,439,1,1,255
357,439,0,0,253
854,439,0,0,251
855,439,0,0,254
856,439,0,0,254
857,439,0,0,254
858,439,0,0,254
859,439,0,0,254
860,439,0,0,254
861,439,0,0,254
862,439,0,0,254
863,439,0,0,254
864,439,2,0,254
865,439,0,2,255
866,439,0,0,253
345,440,1,0,254
346,440,0,2,254
347,440,1,1,255
348,440,0,0,253
349,440,2,0,254
350,440,0,2,255
351,440,0,0,251
352,440,1,0,254
353,440,0,1,254
354,440,0,0,252
355,440,0,1,254
356,440,8,7,255
357,440,2,2,238
854,440,0,0,251
855,440,0,0,254
856,440,0,0,254
857,440,0,0,254
858,440,0,0,254
859,440,0,0,254
860,440,0,0,254
861,440,0,0,254
862,440,0,0,254
863,440,0,0,254
864,440,2,0,254
865,440,0,2,255
866,440,0,0,253
345,441,1,0,254
346,441,0,2,254
347,441,1,1,255
348,441,0,0,253
349,441,2,0,254
350,441,0,2,255
351,441,0,0,251
352,441,4,3,254
353,441,1,5,254
354,441,0,0,251
355,441,0,0,247
356,441,9,8,255
357,441,0,0,232
854,441,0,0,251
855,441,0,0,254
856,441,0,0,254
857,441,0,0,254
858,441,0,0,254
859,441,0,0,254
860,441,0,0,254
861,441,0,0,254
862,441,0,0,254
863,441,0,0,254
864,441,2,0,254
865,441,0,2,255
866,441,0,0,253
345,442,1,0,254
346,442,0,2,254
347,442,1,1,255
348,442,0,0,253
349,442,2,0,254
350,442,0,2,255
351,442,0,0,251
352,442,6,7,247
353,442,0,0,248
354,442,6,6,255
355,442,0,1,254
356,442,3,2,255
357,442,5,2,255
854,442,0,0,251
855,442,0,0,254
856,442,0,0,254
857,442,0,0,254
858,442,0,0,254
859,442,0,0,254
860,442,0,0,254
861,442,0,0,254
862,442,0,0,254
863,442,0,0,254
864,442,2,0,254
865,442,0,2,255
866,442,0,0,253
345,443,1,0,254
346,443,0,2,254
347,443,1,1,255
348,443,0,0,253
349,443,2,0,254
350,443,0,2,255
351,443,0,0,251
352,443,1,0,254
353,443,0,0,247
354,443,0,0,252
355,443,0,5,241
356,443,0,0,246
357,443,4,3,255
854,443,0,0,251
855,443,0,0,254
856,443,0,0,254
857,443,0,0,254
858,443,0,0,254
859,443,0,0,254
860,443,0,0,254
861,443,0,0,254
862,443,0,0,254
863,443,0,0,254
864,443,2,0,254
865,443,0,2,255
866,443,0,0,253
345,444,1,0,254
346,444,0,2,254
347,444,1,1,255
348,444,0,0,253
349,444,2,0,254
350,444,0,2,255
351,444,0,0,251
352,444,0,0,248
353,444,0,0,254
354,444,6,6,255
355,444,0,5,247
356,444,1,1,255
357,444,0,0,252
854,444,0,0,251
855,444,0,0,254
856,444,0,0,254
857,444,0,0,254
858,444,0,0,254
859,444,0,0,254
860,444,0,0,254
861,444,0,0,254
862,444,0,0,254
863,444,0,0,254
864,444,2,0,254
865,444,0,2,255
866,444,0,0,253
345,445,1,0,254
346,445,0,2,254
347,445,1,1,255
348,445,0,0,253
349,445,2,0,254
350,445,0,2,255
351,445,0,0,251
352,445,6,4,255
353,445,0,0,253
354,445,0,0,248
355,445,0,3,255
356,445,0,0,253
357,445,5,5,255
854,445,0,0,251
855,445,0,0,254
856,445,0,0,254
857,445,0,0,254
858,445,0,0,254
859,445,0,0,254
860,445,0,0,254
861,445,0,0,254
862,445,0,0,254
863,445,0,0,254
864,445,2,0,254
865,445,0,2,255
866,445,0,0,253
345,446,1,0,254
346,446,0,2,254
347,446,1,1,255
348,446,0,0,253
349,446,2,0,254
350,446,0,2,255
351,446,0,0,251
352,446,1,0,253
353,446,0,0,245
354,446,0,0,235
355,446,0,0,253
356,446,0,0,253
357,446,2,2,255
854,446,0,0,251
855,446,0,0,254
856,446,0,0,254
857,446,0,0,254
858,446,0,0,254
859,446,0,0,254
860,446,0,0,254
861,446,0,0,254
862,446,0,0,254
863,446,0,0,254
864,446,2,0,254
865,446,0,2,255
866,446,0,0,253
345,447,1,0,254
346,447,0,2,254
347,447,1,1,255
348,447,0,0,253
349,447,2,0,254
350,447,0,2,255
351,447,0,0,251
352,447,5,2,255
353,447,0,0,253
354,447,4,4,255
355,447,0,3,255
356,447,0,0,252
357,447,0,0,242
358,447,25,0,242
854,447,0,0,251
855,447,0,0,254
856,447,0,0,254
857,447,0,0,254
858,447,0,0,254
859,447,0,0,254
860,447,0,0,254
861,447,0,0,254
862,447,0,0,254
863,447,0,0,254
864,447,2,0,254
865,447,0,2,255
866,447,0,0,253
345,448,0,0,252
346,448,8,1,252
347,448,0,0,251
348,448,5,2,255
349,448,0,0,253
350,448,1,0,254
351,448,0,2,253
352,448,4,5,255
353,448,0,0,248
354,448,0,0,248
355,448,6,1,253
356,448,2,0,254
357,448,0,2,251
358,448,1,0,254
853,448,0,0,253
854,448,0,2,255
855,448,2,0,254
856,448,0,0,254
857,448,0,0,254
858,448,0,0,254
859,448,0,0,254
860,448,0,0,254
861,448,0,0,254
862,448,0,0,254
863,448,0,0,254
864,448,4,3,255
865,448,0,0,253
866,448,1,1,255
345,449,1,0,253
346,449,7,7,255
347,449,0,0,250
348,449,3,2,255
349,449,0,0,249
350,449,0,0,252
351,449,0,1,254
352,449,1,1,255
353,449,3,3,255
354,449,0,0,249
355,449,9,3,255
356,449,5,4,248
357,449,0,7,240
358,449,0,0,254
853,449,0,0,253
854,449,0,2,255
855,449,2,0,254
856,449,0,0,254
857,449,0,0,254
858,449,0,0,254
859,449,0,0,254
860,449,0,0,254
861,449,0,0,254
862,449,0,0,254
863,449,0,0,254
864,449,0,0,245
865,449,0,0,249
866,449,2,4,229
346,450,0,0,252
347,450,5,0,255
348,450,0,0,249
349,450,0,1,252
350,450,3,0,253
351,450,0,0,252
352,450,2,4,247
353,450,0,0,252
354,450,8,8,255
355,450,0,0,242
356,450,0,0,247
357,450,0,1,252
358,450,1,4,239
853,450,0,0,253
854,450,0,2,255
855,450,2,0,254
856,450,0,0,254
857,450,0,0,254
858,450,0,0,254
859,450,0,0,254
860,450,0,0,254
861,450,0,0,254
862,450,0,0,254
863,450,0,0,254
864,450,6,5,255
865,450,3,3,255
866,450,2,0,249
346,451,0,7,253
347,451,2,0,245
348,451,3,9,253
349,451,2,2,255
350,451,2,0,254
351,451,0,1,253
352,451,0,0,246
353,451,0,0,236
354,451,2,2,255
355,451,3,2,255
356,451,0,0,252
357,451,0,9,252
358,451,1,1,255
359,451,14,0,252
853,451,0,0,253
854,451,0,2,255
855,451,2,0,254
856,451,0,0,254
857,451,0,0,254
858,451,0,0,254
859,451,0,0,254
860,451,0,0,254
861,451,0,0,254
862,451,0,0,254
863,451,0,0,254
864,451,0,0,252
865,451,3,3,247
346,452,0,0,249
347,452,14,2,255
348,452,0,0,249
349,452,0,0,253
350,452,0,0,250
351,452,0,4,254
352,452,2,7,255
353,452,0,0,251
354,452,1,1,255
355,452,3,5,246
356,452,5,2,255
357,452,0,0,251
358,452,0,3,254
359,452,13,0,255
853,452,0,0,253
854,452,0,2,255
855,452,2,0,254
856,452,0,0,254
857,452,0,0,254
858,452,0,0,254
859,452,0,0,254
860,452,0,0,254
861,452,0,0,254
862,452,0,0,254
863,452,0,0,254
864,452,1,1,255
865,452,0,0,249
346,453,12,0,252
347,453,6,3,255
348,453,0,1,250
349,453,0,0,253
350,453,0,2,244
351,453,0,0,253
352,453,0,0,251
353,453,7,4,255
354,453,0,0,249
355,453,0,1,250
356,453,0,0,249
357,453,0,0,254
358,453,0,2,255
359,453,2,0,245
853,453,0,0,253
854,453,0,2,255
855,453,2,0,254
856,453,0,0,254
857,453,0,0,254
858,453,0,0,254
859,453,0,0,254
860,453,0,0,254
861,453,0,0,254
862,453,0,0,254
863,453,0,0,254
864,453,2,3,254
865,453,9,6,255
347,454,0,0,239
348,454,6,5,255
349,454,3,2,255
350,454,0,0,252
351,454,0,4,249
352,454,1,6,255
353,454,8,2,255
354,454,0,0,236
355,454,2,7,255
356,454,1,0,254
357,454,5,4,255
358,454,1,6,255
359,454,0,0,247
853,454,0,0,253
854,454,0,2,255
855,454,2,0,254
856,454,0,0,254
857,454,0,0,254
858,454,0,0,254
859,454,0,0,254
860,454,0,0,254
861,454,0,0,254
862,454,0,0,254
863,454,0,0,254
864,454,1,1,255
865,454,3,0,255
347,455,0,4,251
348,455,0,0,252
349,455,1,0,251
350,455,0,3,254
351,455,0,0,252
352,455,0,0,249
353,455,6,0,254
354,455,0,0,245
355,455,0,0,252
356,455,5,4,255
357,455,0,0,249
358,455,0,3,236
359,455,0,0,253
853,455,0,0,253
854,455,0,2,255
855,455,2,0,254
856,455,0,0,254
857,455,0,0,254
858,455,0,0,254
859,455,0,0,254
860,455,0,0,254
861,455,0,0,254
862,455,0,0,254
863,455,0,0,254
864,455,0,0,252
865,455,0,0,247
347,456,0,1,251
348,456,1,0,254
349,456,0,3,253
350,456,4,0,249
351,456,3,2,255
352,456,0,0,254
353,456,0,0,254
354,456,0,0,254
355,456,0,0,254
356,456,0,0,254
357,456,0,0,254
358,456,0,0,254
359,456,0,0,254
360,456,0,0,246
376,456,0,0,254
377,456,0,0,254
378,456,0,0,254
379,456,0,0,254
380,456,0,0,254
381,456,0,0,254
382,456,0,0,254
383,456,0,0,254
853,456,4,0,251
854,456,0,7,255
855,456,3,0,253
856,456,0,0,254
857,456,0,0,254
858,456,0,0,254
859,456,0,0,254
860,456,0,0,254
861,456,0,0,254
862,456,0,0,254
863,456,0,0,254
864,456,0,0,254
865,456,0,0,251
347,457,0,0,251
348,457,1,3,248
349,457,0,4,250
350,457,0,0,249
351,457,1,0,254
352,457,0,0,254
353,457,0,0,254
354,457,0,0,254
355,457,0,0,254
356,457,0,0,254
357,457,0,0,254
358,457,0,0,254
359,457,0,0,254
360,457,0,3,255
371,457,4,1,254
372,457,0,5,255
373,457,0,2,254
374,457,2,5,255
375,457,0,0,235
376,457,0,0,254
377,457,0,0,254
378,457,0,0,254
379,457,0,0,254
380,457,0,0,254
381,457,0,0,254
382,457,0,0,254
383,457,0,0,254
384,457,3,0,248
385,457,6,0,249
853,457,0,0,250
854,457,0,2,248
855,457,2,0,252
856,457,0,0,254
857,457,0,0,254
858,457,0,0,254
859,457,0,0,254
860,457,0,0,254
861,457,0,0,254
862,457,0,0,254
863,457,0,0,254
864,457,0,0,254
865,457,0,0,251
347,458,12,0,252
348,458,0,2,253
349,458,6,5,255
350,458,0,1,251
351,458,1,0,251
352,458,0,0,254
353,458,0,0,254
354,458,0,0,254
355,458,0,0,254
356,458,0,0,254
357,458,0,0,254
358,458,0,0,254
359,458,0,0,254
360,458,0,6,254
362,458,11,1,255
363,458,5,5,255
364,458,1,0,251
365,458,0,8,227
366,458,0,1,250
367,458,0,3,252
370,458,8,0,246
371,458,0,5,255
372,458,0,1,247
373,458,0,5,255
374,458,0,0,253
375,458,5,0,255
376,458,0,0,254
377,458,0,0,254
378,458,0,0,254
379,458,0,0,254
380,458,0,0,254
381,458,0,0,254
382,458,0,0,254
383,458,0,0,254
384,458,0,8,255
385,458,1,3,246
386,458,12,0,255
853,458,2,0,254
854,458,0,9,250
855,458,0,0,250
856,458,0,0,254
857,458,0,0,254
858,458,0,0,254
859,458,0,0,254
860,458,0,0,254
861,458,0,0,254
862,458,0,0,254
863,458,0,0,254
864,458,0,0,254
865,458,0,0,251
348,459,0,0,234
349,459,6,0,255
350,459,0,1,253
351,459,7,6,250
352,459,0,0,254
353,459,0,0,254
354,459,0,0,254
355,459,0,0,254
356,459,0,0,254
357,459,0,0,254
358,459,0,0,254
359,459,0,0,254
360,459,0,0,251
361,459,11,0,247
362,459,5,2,255
363,459,0,3,255
364,459,1,1,249
365,459,0,0,253
366,459,2,0,254
367,459,3,6,255
368,459,10,0,255
369,459,2,0,251
370,459,5,2,255
371,459,0,0,251
372,459,1,2,243
373,459,6,4,255
374,459,7,1,255
375,459,2,0,251
376,459,0,0,254
377,459,0,0,254
378,459,0,0,254
379,459,0,0,254
380,459,0,0,254
381,459,0,0,254
382,459,0,0,254
383,459,0,0,254
384,459,1,4,255
385,459,0,0,253
386,459,0,0,251
387,459,4,0,251
388,459,12,0,244
853,459,2,0,251
854,459,0,5,255
855,459,0,0,250
856,459,0,0,254
857,459,0,0,254
858,459,0,0,254
859,459,0,0,254
860,459,0,0,254
861,459,0,0,254
862,459,0,0,254
863,459,0,0,254
864,459,0,0,254
865,459,0,0,251
348,460,5,2,255
349,460,2,0,250
350,460,0,6,243
351,460,0,0,249
352,460,0,0,254
353,460,0,0,254
354,460,0,0,254
355,460,0,0,254
356,460,0,0,254
357,460,0,0,254
358,460,0,0,254
359,460,0,0,254
360,460,0,0,250
361,460,4,0,250
362,460,0,2,241
363,460,0,0,241
364,460,0,0,252
365,460,6,5,255
366,460,4,0,253
367,460,0,0,248
368,460,0,3,254
369,460,0,1,253
370,460,0,0,251
371,460,8,9,241
372,460,1,0,253
373,460,5,5,255
374,460,0,0,250
375,460,0,3,254
376,460,0,0,254
377,460,0,0,254
378,460,0,0,254
379,460,0,0,254
380,460,0,0,254
381,460,0,0,254
382,460,0,0,254
383,460,0,0,254
384,460,4,0,253
385,460,0,0,242
386,460,0,4,245
387,460,0,8,255
388,460,0,0,249
389,460,10,0,255
852,460,11,0,254
853,460,0,0,252
854,460,0,5,244
855,460,1,1,249
856,460,0,0,254
857,460,0,0,254
858,460,0,0,254
859,460,0,0,254
860,460,0,0,254
861,460,0,0,254
862,460,0,0,254
863,460,0,0,254
864,460,0,0,254
865,460,0,0,251
348,461,9,0,254
349,461,0,0,248
350,461,2,7,255
351,461,0,0,252
352,461,0,0,254
353,461,0,0,254
354,461,0,0,254
355,461,0,0,254
356,461,0,0,254
357,461,0,0,254
358,461,0,0,254
359,461,0,0,254
360,461,10,3,255
361,461,3,0,255
362,461,1,4,255
363,461,4,4,255
364,461,0,0,252
365,461,0,0,251
366,461,3,2,243
367,461,7,8,255
368,461,1,1,255
369,461,4,5,255
370,461,0,0,247
371,461,3,2,255
372,461,0,0,252
373,461,1,1,255
374,461,0,0,250
375,461,3,3,255
376,461,0,0,254
377,461,0,0,254
378,461,0,0,254
379,461,0,0,254
380,461,0,0,254
381,461,0,0,254
382,461,0,0,254
383,461,0,0,254
384,461,6,1,253
385,461,6,5,255
386,461,0,0,242
387,461,0,0,246
388,461,0,3,250
389,461,2,1,255
390,461,7,0,254
391,461,7,0,252
852,461,6,0,255
853,461,0,0,244
854,461,0,0,253
855,461,2,2,248
856,461,0,0,254
857,461,0,0,254
858,461,0,0,254
859,461,0,0,254
860,461,0,0,254
861,461,0,0,254
862,461,0,0,254
863,461,0,0,254
864,461,0,0,254
865,461,0,0,251
348,462,17,0,255
349,462,0,3,255
350,462,0,1,246
351,462,0,0,253
352,462,0,0,254
353,462,0,0,254
354,462,0,0,254
355,462,0,0,254
356,462,0,0,254
357,462,0,0,254
358,462,0,0,254
359,462,0,0,254
360,462,0,0,245
361,462,0,5,254
362,462,0,6,252
363,462,0,2,253
364,462,4,1,255
365,462,5,0,254
366,462,4,0,254
367,462,2,1,255
368,462,0,1,254
369,462,0,3,249
370,462,0,4,243
371,462,0,3,249
372,462,0,0,251
373,462,0,0,243
374,462,0,0,253
375,462,0,0,241
376,462,0,0,254
377,462,0,0,254
378,462,0,0,254
379,462,0,0,254
380,462,0,0,254
381,462,0,0,254
382,462,0,0,254
383,462,0,0,254
384,462,0,0,252
385,462,0,1,236
386,462,5,4,255
387,462,3,3,251
388,462,3,2,255
389,462,2,1,253
390,462,0,0,240
391,462,0,3,255
392,462,3,0,250
393,462,9,0,240
852,462,1,4,255
853,462,2,3,251
854,462,6,5,255
855,462,0,0,252
856,462,0,0,254
857,462,0,0,254
858,462,0,0,254
859,462,0,0,254
860,462,0,0,254
861,462,0,0,254
862,462,0,0,254
863,462,0,0,254
864,462,0,0,254
865,462,0,0,251
349,463,0,0,234
350,463,7,6,255
351,463,0,0,252
352,463,0,0,254
353,463,0,0,254
354,463,0,0,254
355,463,0,0,254
356,463,0,0,254
357,463,0,0,254
358,463,0,0,254
359,463,0,0,254
360,463,9,0,251
361,463,0,1,253
362,463,0,0,253
363,463,5,0,252
364,463,4,0,246
365,463,0,0,252
366,463,0,5,255
367,463,0,4,239
368,463,0,0,248
369,463,8,5,255
370,463,4,2,253
371,463,0,0,251
372,463,5,5,253
373,463,2,2,255
374,463,2,3,254
375,463,4,4,255
376,463,0,0,254
377,463,0,0,254
378,463,0,0,254
379,463,0,0,254
380,463,0,0,254
381,463,0,0,254
382,463,0,0,254
383,463,0,0,254
384,463,0,0,252
385,463,0,3,255
386,463,1,2,253
387,463,0,0,251
388,463,1,0,254
389,463,0,0,253
390,463,0,0,254
391,463,0,1,250
392,463,0,4,253
393,463,2,6,253
394,463,12,0,254
852,463,0,3,255
853,463,0,0,252
854,463,1,1,247
855,463,0,0,251
856,463,0,0,254
857,463,0,0,254
858,463,0,0,254
859,463,0,0,254
860,463,0,0,254
861,463,0,0,254
862,463,0,0,254
863,463,0,0,254
864,463,0,0,254
865,463,0,0,251
349,464,0,2,254
350,464,0,0,249
351,464,7,0,243
352,464,0,0,246
353,464,1,1,255
354,464,0,0,251
355,464,3,4,255
356,464,0,0,253
357,464,0,0,236
358,464,5,4,255
359,464,3,2,255
360,464,0,0,254
361,464,0,0,254
362,464,0,0,254
363,464,0,0,254
364,464,0,0,254
365,464,0,0,254
366,464,0,0,254
367,464,0,0,254
368,464,0,0,254
369,464,0,0,254
370,464,0,0,254
371,464,0,0,254
372,464,0,0,254
373,464,0,0,254
374,464,0,0,254
375,464,0,0,254
376,464,0,0,246
377,464,1,1,255
378,464,0,0,251
379,464,3,4,255
380,464,0,0,253
381,464,0,0,236
382,464,5,4,255
383,464,3,2,255
384,464,0,0,254
385,464,0,0,254
386,464,0,0,254
387,464,0,0,254
388,464,0,0,254
389,464,0,0,254
390,464,0,0,254
391,464,0,0,254
392,464,0,6,255
393,464,4,0,242
394,464,4,0,254
852,464,1,0,254
853,464,0,2,255
854,464,0,0,253
855,464,2,1,255
856,464,0,0,254
857,464,0,0,254
858,464,0,0,254
859,464,0,0,254
860,464,0,0,254
861,464,0,0,254
862,464,0,0,254
863,464,0,0,254
864,464,0,1,254
349,465,2,7,255
350,465,0,0,248
351,465,8,6,255
352,465,2,2,255
353,465,0,0,253
354,465,0,0,250
355,465,0,2,247
356,465,7,7,255
357,465,0,0,248
358,465,0,0,249
359,465,2,1,255
360,465,0,0,254
361,465,0,0,254
362,465,0,0,254
363,465,0,0,254
364,465,0,0,254
365,465,0,0,254
366,465,0,0,254
367,465,0,0,254
368,465,0,0,254
369,465,0,0,254
370,465,0,0,254
371,465,0,0,254
372,465,0,0,254
373,465,0,0,254
374,465,0,0,254
375,465,0,0,254
376,465,2,2,255
377,465,0,0,253
378,465,0,0,250
379,465,0,2,247
380,465,7,7,255
381,465,0,0,248
382,465,0,0,249
383,465,2,1,255
384,465,0,0,254
385,465,0,0,254
386,465,0,0,254
387,465,0,0,254
388,465,0,0,254
389,465,0,0,254
390,465,0,0,254
391,465,0,0,254
392,465,0,3,252
393,465,0,0,252
394,465,2,8,254
395,465,4,0,253
852,465,1,0,254
853,465,0,2,255
854,465,0,0,253
855,465,2,1,255
856,465,0,0,254
857,465,0,0,254
858,465,0,0,254
859,465,0,0,254
860,465,0,0,254
861,465,0,0,254
862,465,0,0,254
863,465,0,0,254
864,465,0,1,254
349,466,3,2,255
350,466,0,1,243
351,466,1,4,255
352,466,0,0,243
353,466,0,0,252
354,466,4,4,255
355,466,0,0,253
356,466,0,0,252
357,466,1,1,255
358,466,0,0,246
359,466,0,2,241
360,466,0,0,254
361,466,0,0,254
362,466,0,0,254
363,466,0,0,254
364,466,0,0,254
365,466,0,0,254
366,466,0,0,254
367,466,0,0,254
368,466,0,0,254
369,466,0,0,254
370,466,0,0,254
371,466,0,0,254
372,466,0,0,254
373,466,0,0,254
374,466,0,0,254
375,466,0,0,254
376,466,0,0,243
377,466,0,0,252
378,466,4,4,255
379,466,0,0,253
380,466,0,0,252
381,466,1,1,255
382,466,0,0,246
383,466,0,2,241
384,466,0,0,254
385,466,0,0,254
386,466,0,0,254
387,466,0,0,254
388,466,0,0,254
389,466,0,0,254
390,466,0,0,254
391,466,0,0,254
392,466,4,0,254
393,466,0,2,251
394,466,0,0,246
395,466,0,6,255
852,466,1,0,254
853,466,0,2,255
854,466,0,0,253
855,466,2,1,255
856,466,0,0,254
857,466,0,0,254
858,466,0,0,254
859,466,0,0,254
860,466,0,0,254
861,466,0,0,254
862,466,0,0,254
863,466,0,0,254
864,466,0,1,254
349,467,3,0,247
350,467,7,6,255
351,467,0,2,254
352,467,7,6,255
353,467,3,2,255
354,467,1,3,238
355,467,4,3,254
356,467,5,4,255
357,467,4,4,255
358,467,4,4,255
359,467,0,0,253
360,467,0,0,254
361,467,0,0,254
362,467,0,0,254
363,467,0,0,254
364,467,0,0,254
365,467,0,0,254
366,467,0,0,254
367,467,0,0,254
368,467,0,0,254
369,467,0,0,254
370,467,0,0,254
371,467,0,0,254
372,467,0,0,254
373,467,0,0,254
374,467,0,0,254
375,467,0,0,254
376,467,7,6,255
377,467,3,2,255
378,467,1,3,238
379,467,4,3,254
380,467,5,4,255
381,467,4,4,255
382,467,4,4,255
383,467,0,0,253
384,467,0,0,254
385,467,0,0,254
386,467,0,0,254
387,467,0,0,254
388,467,0,0,254
389,467,0,0,254
390,467,0,0,254
391,467,0,0,254
392,467,8,0,248
393,467,0,0,252
394,467,1,1,255
395,467,1,3,246
852,467,1,0,254
853,467,0,2,255
854,467,0,0,253
855,467,2,1,255
856,467,0,0,254
857,467,0,0,254
858,467,0,0,254
859,467,0,0,254
860,467,0,0,254
861,467,0,0,254
862,467,0,0,254
863,467,0,0,254
864,467,0,1,254
350,468,4,0,234
351,468,0,0,249
352,468,0,0,250
353,468,4,1,255
354,468,2,1,255
355,468,0,0,239
356,468,7,6,255
357,468,0,0,254
358,468,0,0,248
359,468,1,2,253
360,468,0,0,254
361,468,0,0,254
362,468,0,0,254
363,468,0,0,254
364,468,0,0,254
365,468,0,0,254
366,468,0,0,254
367,468,0,0,254
368,468,0,0,254
369,468,0,0,254
370,468,0,0,254
371,468,0,0,254
372,468,0,0,254
373,468,0,0,254
374,468,0,0,254
375,468,0,0,254
376,468,0,0,250
377,468,4,1,255
378,468,2,1,255
379,468,0,0,239
380,468,7,6,255
381,468,0,0,254
382,468,0,0,248
383,468,1,2,253
384,468,0,0,254
385,468,0,0,254
386,468,0,0,254
387,468,0,0,254
388,468,0,0,254
389,468,0,0,254
390,468,0,0,254
391,468,0,0,254
392,468,2,0,247
393,468,13,0,255
394,468,0,0,252
395,468,10,0,255
396,468,11,0,253
852,468,1,0,254
853,468,0,2,255
854,468,0,0,253
855,468,2,1,255
856,468,0,0,254
857,468,0,0,254
858,468,0,0,254
859,468,0,0,254
860,468,0,0,254
861,468,0,0,254
862,468,0,0,254
863,468,0,0,254
864,468,0,1,254
351,469,10,0,253
352,469,5,0,255
353,469,4,4,242
354,469,0,0,250
355,469,1,0,254
356,469,0,0,237
357,469,0,0,252
358,469,0,0,250
359,469,1,2,252
360,469,0,0,254
361,469,0,0,254
362,469,0,0,254
363,469,0,0,254
364,469,0,0,254
365,469,0,0,254
366,469,0,0,254
367,469,0,0,254
368,469,0,0,254
369,469,0,0,254
370,469,0,0,254
371,469,0,0,254
372,469,0,0,254
373,469,0,0,254
374,469,0,0,254
375,469,0,0,254
376,469,5,0,255
377,469,4,4,242
378,469,0,0,250
379,469,1,0,254
380,469,0,0,237
381,469,0,0,252
382,469,0,0,250
383,469,1,2,252
384,469,0,0,254
385,469,0,0,254
386,469,0,0,254
387,469,0,0,254
388,469,0,0,254
389,469,0,0,254
390,469,0,0,254
391,469,0,0,254
392,469,0,7,255
393,469,7,0,255
394,469,0,0,236
395,469,7,1,255
396,469,0,3,242
397,469,4,0,237
398,469,10,4,255
852,469,1,0,254
853,469,0,2,255
854,469,0,0,253
855,469,2,1,255
856,469,0,0,254
857,469,0,0,254
858,469,0,0,254
859,469,0,0,254
860,469,0,0,254
861,469,0,0,254
862,469,0,0,254
863,469,0,0,254
864,469,0,1,254
352,470,3,0,253
353,470,4,0,251
354,470,0,0,236
355,470,5,2,255
356,470,8,7,255
357,470,2,3,253
358,470,0,0,251
359,470,0,0,250
360,470,0,0,254
361,470,0,0,254
362,470,0,0,254
363,470,0,0,254
364,470,0,0,254
365,470,0,0,254
366,470,0,0,254
367,470,0,0,254
368,470,0,0,254
369,470,0,0,254
370,470,0,0,254
371,470,0,0,254
372,470,0,0,254
373,470,0,0,254
374,470,0,0,254
375,470,0,0,254
376,470,3,0,253
377,470,4,0,251
378,470,0,0,236
379,470,5,2,255
380,470,8,7,255
381,470,2,3,253
382,470,0,0,251
383,470,0,0,250
384,470,0,0,254
385,470,0,0,254
386,470,0,0,254
387,470,0,0,254
388,470,0,0,254
389,470,0,0,254
390,470,0,0,254
391,470,0,0,254
392,470,0,1,249
393,470,0,0,253
394,470,0,0,233
395,470,0,4,254
396,470,0,1,243
397,470,1,1,255
398,470,0,2,254
399,470,0,0,246
400,470,6,0,251
852,470,1,0,254
853,470,0,2,255
854,470,0,0,253
855,470,2,1,255
856,470,0,0,254
857,470,0,0,254
858,470,0,0,254
859,470,0,0,254
860,470,0,0,254
861,470,0,0,254
862,470,0,0,254
863,470,0,0,254
864,470,0,1,254
353,471,3,0,253
354,471,6,1,253
355,471,0,0,252
356,471,3,2,255
357,471,0,0,239
358,471,3,3,255
359,471,0,0,253
360,471,0,0,254
361,471,0,0,254
362,471,0,0,254
363,471,0,0,254
364,471,0,0,254
365,471,0,0,254
366,471,0,0,254
367,471,0,0,254
368,471,0,0,254
369,471,0,0,254
370,471,0,0,254
371,471,0,0,254
372,471,0,0,254
373,471,0,0,254
374,471,0,0,254
375,471,0,0,254
377,471,3,0,253
378,471,6,1,253
379,471,0,0,252
380,471,3,2,255
381,471,0,0,239
382,471,3,3,255
383,471,0,0,253
384,471,0,0,254
385,471,0,0,254
386,471,0,0,254
387,471,0,0,254
388,471,0,0,254
389,471,0,0,254
390,471,0,0,254
391,471,0,0,254
392,471,7,0,255
393,471,0,2,237
394,471,1,0,254
395,471,0,9,255
396,471,9,0,251
397,471,5,2,255
398,471,1,2,250
399,471,0,3,255
400,471,0,0,252
401,471,10,0,255
852,471,1,0,254
853,471,0,2,255
854,471,0,0,253
855,471,2,1,255
856,471,0,0,254
857,471,0,0,254
858,471,0,0,254
859,471,0,0,254
860,471,0,0,254
861,471,0,0,254
862,471,0,0,254
863,471,0,0,254
864,471,0,1,254
354,472,13,0,255
355,472,0,0,247
356,472,0,3,255
357,472,4,7,255
358,472,3,0,248
359,472,9,0,253
360,472,0,1,242
361,472,0,7,255
362,472,0,0,250
363,472,0,2,254
364,472,0,0,251
365,472,0,0,253
366,472,0,0,250
367,472,3,3,255
368,472,2,0,252
369,472,0,0,253
370,472,0,2,242
371,472,3,8,255
372,472,0,1,250
373,472,0,0,250
374,472,6,3,255
375,472,1,0,248
378,472,4,0,251
379,472,0,6,254
380,472,0,2,251
381,472,3,1,250
382,472,0,0,253
383,472,5,0,253
384,472,0,0,246
385,472,1,1,255
386,472,0,0,251
387,472,3,4,255
388,472,0,0,253
389,472,0,0,236
390,472,5,4,255
391,472,3,2,255
392,472,0,0,254
393,472,0,0,254
394,472,0,0,254
395,472,0,0,254
396,472,0,0,254
397,472,0,0,254
398,472,0,0,254
399,472,0,0,254
400,472,7,1,255
401,472,0,0,251
402,472,0,4,249
851,472,0,1,254
852,472,0,2,255
853,472,0,0,252
854,472,1,1,255
855,472,2,0,254
856,472,0,0,254
857,472,0,0,254
858,472,0,0,254
859,472,0,0,254
860,472,0,0,254
861,472,0,0,254
862,472,0,0,254
863,472,0,0,254
864,472,0,3,254
355,473,4,0,237
356,473,4,5,255
357,473,0,1,240
358,473,0,0,254
359,473,0,0,250
360,473,9,6,255
361,473,0,0,251
362,473,3,3,251
363,473,0,0,245
364,473,0,0,252
365,473,6,6,255
366,473,0,0,251
367,473,0,1,254
368,473,0,2,254
369,473,0,1,253
370,473,0,5,255
371,473,0,0,242
372,473,5,0,251
373,473,14,0,255
379,473,0,0,245
380,473,5,0,254
381,473,7,0,254
382,473,0,1,250
383,473,0,3,250
384,473,2,2,255
385,473,0,0,253
386,473,0,0,250
387,473,0,2,247
388,473,7,7,255
389,473,0,0,248
390,473,0,0,249
391,473,2,1,255
392,473,0,0,254
393,473,0,0,254
394,473,0,0,254
395,473,0,0,254
396,473,0,0,254
397,473,0,0,254
398,473,0,0,254
399,473,0,0,254
400,473,3,0,253
401,473,0,1,249
402,473,0,0,250
851,473,0,1,254
852,473,0,2,255
853,473,0,0,252
854,473,1,1,255
855,473,2,0,254
856,473,0,0,254
857,473,0,0,254
858,473,0,0,254
859,473,0,0,254
860,473,0,0,254
861,473,0,0,254
862,473,0,0,254
863,473,0,0,254
864,473,0,1,254
356,474,5,0,243
357,474,2,2,255
358,474,2,7,255
359,474,0,1,243
360,474,6,0,237
361,474,11,0,254
383,474,14,4,249
384,474,0,0,243
385,474,0,0,252
386,474,4,4,255
387,474,0,0,253
388,474,0,0,252
389,474,1,1,255
390,474,0,0,246
391,474,0,2,241
392,474,0,0,254
393,474,0,0,254
394,474,0,0,254
395,474,0,0,254
396,474,0,0,254
397,474,0,0,254
398,474,0,0,254
399,474,0,0,254
400,474,1,3,244
401,474,0,0,246
402,474,10,7,255
403,474,7,0,253
851,474,0,1,254
852,474,0,2,255
853,474,0,0,252
854,474,1,1,255
855,474,2,0,254
856,474,0,0,254
857,474,0,0,254
858,474,0,0,254
859,474,0,0,254
860,474,0,0,254
861,474,0,0,254
862,474,0,0,254
863,474,0,0,254
864,474,4,0,251
383,475,1,0,248
384,475,7,6,255
385,475,3,2,255
386,475,1,3,238
387,475,4,3,254
388,475,5,4,255
389,475,4,4,255
390,475,4,4,255
391,475,0,0,253
392,475,0,0,254
393,475,0,0,254
394,475,0,0,254
395,475,0,0,254
396,475,0,0,254
397,475,0,0,254
398,475,0,0,254
399,475,0,0,254
400,475,2,7,255
401,475,3,0,253
402,475,5,1,248
403,475,0,1,254
851,475,0,1,254
852,475,0,2,255
853,475,0,0,252
854,475,1,1,255
855,475,2,0,254
856,475,0,0,254
857,475,0,0,254
858,475,0,0,254
859,475,0,0,254
860,475,0,0,254
861,475,0,0,254
862,475,0,0,254
863,475,0,0,254
864,475,10,0,253
383,476,8,0,254
384,476,0,0,250
385,476,4,1,255
386,476,2,1,255
387,476,0,0,239
388,476,7,6,255
389,476,0,0,254
390,476,0,0,248
391,476,1,2,253
392,476,0,0,254
393,476,0,0,254
394,476,0,0,254
395,476,0,0,254
396,476,0,0,254
397,476,0,0,254
398,476,0,0,254
399,476,0,0,254
400,476,0,0,249
401,476,4,0,253
402,476,0,0,247
403,476,0,0,237
851,476,0,1,254
852,476,0,2,255
853,476,0,0,252
854,476,1,1,255
855,476,2,0,254
856,476,0,0,254
857,476,0,0,254
858,476,0,0,254
859,476,0,0,254
860,476,0,0,254
861,476,0,0,254
862,476,0,0,254
863,476,0,0,254
384,477,5,0,255
385,477,4,4,242
386,477,0,0,250
387,477,1,0,254
388,477,0,0,237
389,477,0,0,252
390,477,0,0,250
391,477,1,2,252
392,477,0,0,254
393,477,0,0,254
394,477,0,0,254
395,477,0,0,254
396,477,0,0,254
397,477,0,0,254
398,477,0,0,254
399,477,0,0,254
400,477,0,6,254
401,477,4,0,254
402,477,4,1,255
403,477,0,6,252
851,477,0,1,254
852,477,0,2,255
853,477,0,0,252
854,477,1,1,255
855,477,2,0,254
856,477,0,0,254
857,477,0,0,254
858,477,0,0,254
859,477,0,0,254
860,477,0,0,254
861,477,0,0,254
862,477,0,0,254
863,477,0,0,254
384,478,3,0,253
385,478,4,0,251
386,478,0,0,236
387,478,5,2,255
388,478,8,7,255
389,478,2,3,253
390,478,0,0,251
391,478,0,0,250
392,478,0,0,254
393,478,0,0,254
394,478,0,0,254
395,478,0,0,254
396,478,0,0,254
397,478,0,0,254
398,478,0,0,254
399,478,0,0,254
400,478,0,0,252
401,478,3,2,246
402,478,0,0,252
403,478,0,0,248
851,478,0,1,254
852,478,0,2,255
853,478,0,0,252
854,478,1,1,255
855,478,2,0,254
856,478,0,0,254
857,478,0,0,254
858,478,0,0,254
859,478,0,0,254
860,478,0,0,254
861,478,0,0,254
862,478,0,0,254
863,478,0,0,254
385,479,3,0,253
386,479,6,1,253
387,479,0,0,252
388,479,3,2,255
389,479,0,0,239
390,479,3,3,255
391,479,0,0,253
392,479,0,0,254
393,479,0,0,254
394,479,0,0,254
395,479,0,0,254
396,479,0,0,254
397,479,0,0,254
398,479,0,0,254
399,479,0,0,254
400,479,3,8,255
401,479,0,0,248
402,479,0,1,240
403,479,12,2,255
404,479,4,0,249
851,479,0,1,254
852,479,0,2,255
853,479,0,0,252
854,479,1,1,255
855,479,2,0,254
856,479,0,0,254
857,479,0,0,254
858,479,0,0,254
859,479,0,0,254
860,479,0,0,254
861,479,0,0,254
862,479,0,0,254
863,479,0,0,254
387,480,11,0,251
388,480,0,0,249
389,480,2,1,255
390,480,2,0,233
391,480,0,6,254
392,480,0,0,254
393,480,0,0,254
394,480,0,0,254
395,480,0,0,254
396,480,0,0,254
397,480,0,0,254
398,480,0,0,254
399,480,0,0,254
400,480,0,0,251
401,480,6,6,255
402,480,0,0,238
403,480,5,4,255
404,480,0,0,252
405,480,2,0,249
406,480,5,0,255
851,480,4,9,255
852,480,0,0,252
853,480,3,3,247
854,480,5,6,254
855,480,2,1,255
856,480,0,0,254
857,480,0,0,254
858,480,0,0,254
859,480,0,0,254
860,480,0,0,254
861,480,0,0,254
862,480,0,0,254
863,480,0,0,254
390,481,19,0,255
391,481,0,0,251
392,481,0,0,254
393,481,0,0,254
394,481,0,0,254
395,481,0,0,254
396,481,0,0,254
397,481,0,0,254
398,481,0,0,254
399,481,0,0,254
400,481,0,0,252
401,481,0,0,250
402,481,0,1,251
403,481,6,5,255
404,481,6,3,255
405,481,3,3,239
406,481,4,0,251
407,481,1,0,251
851,481,0,0,250
852,481,0,0,249
853,481,0,0,248
854,481,0,0,247
855,481,1,0,251
856,481,0,0,254
857,481,0,0,254
858,481,0,0,254
859,481,0,0,254
860,481,0,0,254
861,481,0,0,254
862,481,0,0,254
863,481,0,0,254
391,482,4,3,255
392,482,0,0,254
393,482,0,0,254
394,482,0,0,254
395,482,0,0,254
396,482,0,0,254
397,482,0,0,254
398,482,0,0,254
399,482,0,0,254
400,482,0,1,251
401,482,0,0,248
402,482,4,4,255
403,482,0,0,237
404,482,0,0,251
405,482,0,0,250
406,482,1,1,239
407,482,9,3,255
408,482,9,0,253
409,482,14,0,254
851,482,0,1,254
852,482,0,0,251
853,482,7,6,255
854,482,0,0,254
855,482,0,1,236
856,482,0,0,254
857,482,0,0,254
858,482,0,0,254
859,482,0,0,254
860,482,0,0,254
861,482,0,0,254
862,482,0,0,254
863,482,0,0,254
391,483,4,1,255
392,483,0,0,254
393,483,0,0,254
394,483,0,0,254
395,483,0,0,254
396,483,0,0,254
397,483,0,0,254
398,483,0,0,254
399,483,0,0,254
400,483,3,4,255
401,483,0,0,246
402,483,0,0,254
403,483,6,5,255
404,483,0,0,239
405,483,4,3,255
406,483,3,0,255
407,483,0,0,250
408,483,1,4,255
409,483,1,0,253
851,483,4,4,252
852,483,0,0,250
853,483,0,0,245
854,483,0,0,253
855,483,1,1,247
856,483,0,0,254
857,483,0,0,254
858,483,0,0,254
859,483,0,0,254
860,483,0,0,254
861,483,0,0,254
862,483,0,0,254
863,483,0,0,254
391,484,2,1,255
392,484,0,0,254
393,484,0,0,254
394,484,0,0,254
395,484,0,0,254
396,484,0,0,254
397,484,0,0,254
398,484,0,0,254
399,484,0,0,254
400,484,0,0,253
401,484,5,5,255
402,484,1,1,255
403,484,5,4,255
404,484,5,4,255
405,484,0,2,237
406,484,4,3,255
407,484,5,4,255
408,484,0,0,249
409,484,3,8,255
410,484,21,0,255
851,484,0,0,251
852,484,7,6,255
853,484,0,0,248
854,484,3,6,255
855,484,0,0,252
856,484,0,0,254
857,484,0,0,254
858,484,0,0,254
859,484,0,0,254
860,484,0,0,254
861,484,0,0,254
862,484,0,0,254
863,484,0,0,254
391,485,0,0,251
392,485,0,0,254
393,485,0,0,254
394,485,0,0,254
395,485,0,0,254
396,485,0,0,254
397,485,0,0,254
398,485,0,0,254
399,485,0,0,254
400,485,0,0,237
401,485,0,0,249
402,485,1,1,255
403,485,1,1,255
404,485,0,0,253
405,485,0,0,253
406,485,0,0,254
407,485,0,1,244
408,485,0,4,249
409,485,1,8,244
410,485,5,0,250
850,485,2,0,249
851,485,2,0,238
852,485,0,0,250
853,485,0,0,250
854,485,1,6,255
855,485,0,0,251
856,485,0,0,254
857,485,0,0,254
858,485,0,0,254
859,485,0,0,254
860,485,0,0,254
861,485,0,0,254
862,485,0,0,254
863,485,0,0,254
391,486,8,0,251
392,486,0,0,254
393,486,0,0,254
394,486,0,0,254
395,486,0,0,254
396,486,0,0,254
397,486,0,0,254
398,486,0,0,254
399,486,0,0,254
400,486,4,3,255
401,486,0,0,249
402,486,0,0,245
403,486,6,6,255
404,486,1,3,248
405,486,0,0,252
406,486,0,0,254
407,486,0,0,254
408,486,0,0,247
409,486,2,2,255
410,486,0,1,240
411,486,9,0,254
850,486,3,5,227
851,486,3,0,252
852,486,6,5,255
853,486,3,3,255
854,486,0,0,247
855,486,0,1,251
856,486,0,0,254
857,486,0,0,254
858,486,0,0,254
859,486,0,0,254
860,486,0,0,254
861,486,0,0,254
862,486,0,0,254
863,486,0,0,254
392,487,0,0,254
393,487,0,0,254
394,487,0,0,254
395,487,0,0,254
396,487,0,0,254
397,487,0,0,254
398,487,0,0,254
399,487,0,0,254
400,487,3,2,255
401,487,3,2,255
402,487,0,1,240
403,487,0,0,253
404,487,1,2,253
405,487,0,0,252
406,487,0,0,253
407,487,0,0,248
408,487,1,0,254
409,487,2,0,254
410,487,0,6,248
411,487,1,0,254
850,487,2,2,255
851,487,10,0,255
852,487,3,1,248
853,487,3,3,255
854,487,0,0,243
855,487,5,7,250
856,487,0,0,254
857,487,0,0,254
858,487,0,0,254
859,487,0,0,254
860,487,0,0,254
861,487,0,0,254
862,487,0,0,254
863,487,0,0,254
393,488,13,0,255
394,488,0,2,250
395,488,0,0,250
396,488,2,2,255
397,488,0,1,253
398,488,0,0,245
399,488,10,0,255
400,488,0,0,246
401,488,1,1,255
402,488,0,0,251
403,488,3,4,255
404,488,0,0,253
405,488,0,0,236
406,488,5,4,255
407,488,3,2,255
408,488,0,0,253
409,488,0,0,252
410,488,10,0,254
411,488,1,2,253
850,488,0,0,253
851,488,1,1,255
852,488,0,0,253
853,488,0,0,254
854,488,0,1,252
855,488,1,0,254
856,488,0,0,251
857,488,0,2,255
858,488,2,0,254
859,488,0,0,253
860,488,1,1,255
861,488,0,2,254
862,488,1,0,254
395,489,10,0,253
396,489,0,1,251
397,489,0,8,249
398,489,3,6,255
399,489,0,0,251
400,489,2,2,255
401,489,0,0,253
402,489,0,0,250
403,489,0,2,247
404,489,7,7,255
405,489,0,0,248
406,489,0,0,249
407,489,2,1,255
408,489,0,2,255
409,489,1,0,241
410,489,6,5,255
411,489,4,1,255
412,489,8,0,248
850,489,0,0,253
851,489,1,1,255
852,489,0,0,253
853,489,0,0,254
854,489,0,1,252
855,489,1,0,254
856,489,0,0,251
857,489,0,2,255
858,489,2,0,254
859,489,0,0,253
860,489,1,1,255
861,489,0,2,254
862,489,1,0,254
397,490,0,0,252
398,490,0,1,246
399,490,7,3,246
400,490,0,0,243
401,490,0,0,252
402,490,4,4,255
403,490,0,0,253
404,490,0,0,252
405,490,1,1,255
406,490,0,0,246
407,490,0,2,241
408,490,1,5,254
409,490,0,0,249
410,490,0,8,248
411,490,1,0,251
412,490,1,0,253
850,490,0,0,253
851,490,1,1,255
852,490,0,0,253
853,490,0,0,254
854,490,0,1,252
855,490,1,0,254
856,490,0,0,251
857,490,0,2,255
858,490,2,0,254
859,490,0,0,253
860,490,1,1,255
861,490,0,2,254
862,490,1,0,254
399,491,1,0,254
400,491,7,6,255
401,491,3,2,255
402,491,1,3,238
403,491,4,3,254
404,491,5,4,255
405,491,4,4,255
406,491,4,4,255
407,491,0,0,253
408,491,2,2,255
409,491,1,0,254
410,491,0,1,251
411,491,0,0,251
412,491,3,3,255
850,491,0,0,253
851,491,1,1,255
852,491,0,0,253
853,491,0,0,254
854,491,0,1,252
855,491,1,0,254
856,491,0,0,251
857,491,0,2,255
858,491,2,0,254
859,491,0,0,253
860,491,1,1,255
861,491,0,2,254
862,491,1,0,254
399,492,11,0,254
400,492,0,0,250
401,492,4,1,255
402,492,2,1,255
403,492,0,0,239
404,492,7,6,255
405,492,0,0,254
406,492,0,0,248
407,492,1,2,253
408,492,1,0,248
409,492,0,1,253
410,492,0,0,253
411,492,0,7,255
412,492,1,0,236
413,492,3,0,250
850,492,0,0,253
851,492,1,1,255
852,492,0,0,253
853,492,0,0,254
854,492,0,1,252
855,492,1,0,254
856,492,0,0,251
857,492,0,2,255
858,492,2,0,254
859,492,0,0,253
860,492,1,1,255
861,492,0,2,254
862,492,1,0,254
400,493,5,0,255
401,493,4,4,242
402,493,0,0,250
403,493,1,0,254
404,493,0,0,237
405,493,0,0,252
406,493,0,0,250
407,493,1,2,252
408,493,4,1,255
409,493,0,4,236
410,493,3,2,255
411,493,0,8,244
412,493,6,0,253
413,493,0,0,253
850,493,0,0,253
851,493,1,1,255
852,493,0,0,253
853,493,0,0,254
854,493,0,1,252
855,493,1,0,254
856,493,0,0,251
857,493,0,2,255
858,493,2,0,254
859,493,0,0,253
860,493,1,1,255
861,493,0,2,254
862,493,1,0,254
400,494,3,0,253
401,494,4,0,251
402,494,0,0,236
403,494,5,2,255
404,494,8,7,255
405,494,2,3,253
406,494,0,0,251
407,494,0,0,250
408,494,0,0,252
409,494,0,1,253
410,494,1,1,255
411,494,3,0,253
412,494,9,3,255
413,494,0,0,253
414,494,4,0,253
850,494,0,0,253
851,494,1,1,255
852,494,0,0,253
853,494,0,0,254
854,494,0,1,252
855,494,1,0,254
856,494,0,0,251
857,494,0,2,255
858,494,2,0,254
859,494,0,0,253
860,494,1,1,255
861,494,0,2,254
862,494,1,0,254
401,495,3,0,253
402,495,6,1,253
403,495,0,0,252
404,495,3,2,255
405,495,0,0,239
406,495,3,3,255
407,495,0,0,253
408,495,0,0,245
409,495,0,0,254
410,495,0,4,248
411,495,7,0,249
412,495,3,6,255
413,495,0,0,252
414,495,0,4,248
415,495,17,0,255
850,495,0,0,253
851,495,1,1,255
852,495,0,0,253
853,495,0,0,254
854,495,0,1,252
855,495,1,0,254
856,495,0,0,251
857,495,0,2,255
858,495,2,0,254
859,495,0,0,253
860,495,1,1,255
861,495,0,2,254
862,495,1,0,254
401,496,3,0,240
402,496,2,2,255
403,496,1,0,254
404,496,0,8,237
405,496,8,2,255
406,496,9,0,255
407,496,0,0,250
408,496,0,0,254
409,496,0,0,254
410,496,0,0,254
411,496,0,0,254
412,496,0,0,254
413,496,0,0,254
414,496,0,0,254
415,496,0,0,254
416,496,8,0,255
850,496,8,7,255
851,496,0,0,246
852,496,2,2,255
853,496,2,0,254
854,496,0,0,245
855,496,0,0,250
856,496,0,0,251
857,496,0,2,255
858,496,2,0,254
859,496,0,0,253
860,496,1,1,255
861,496,0,2,254
862,496,1,0,254
401,497,12,0,255
402,497,7,6,255
403,497,7,6,255
404,497,0,1,250
405,497,2,0,254
406,497,3,0,252
407,497,1,0,241
408,497,0,0,254
409,497,0,0,254
410,497,0,0,254
411,497,0,0,254
412,497,0,0,254
413,497,0,0,254
414,497,0,0,254
415,497,0,0,254
416,497,1,0,251
417,497,8,0,251
850,497,5,4,255
851,497,2,3,254
852,497,1,1,255
853,497,5,2,255
854,497,0,0,252
855,497,0,0,254
856,497,0,0,251
857,497,0,2,255
858,497,2,0,254
859,497,0,0,253
860,497,1,1,255
861,497,0,2,254
862,497,1,0,254
402,498,0,0,250
403,498,0,0,249
404,498,0,9,248
405,498,1,1,255
406,498,3,1,252
407,498,5,6,255
408,498,0,0,254
409,498,0,0,254
410,498,0,0,254
411,498,0,0,254
412,498,0,0,254
413,498,0,0,254
414,498,0,0,254
415,498,0,0,254
416,498,4,7,255
417,498,3,0,249
850,498,0,0,242
851,498,2,2,255
852,498,0,2,234
853,498,0,0,250
854,498,6,11,253
855,498,0,0,251
856,498,0,0,251
857,498,0,2,255
858,498,2,0,254
859,498,0,0,253
860,498,1,1,255
861,498,0,2,254
862,498,1,0,254
402,499,4,2,249
403,499,5,2,255
404,499,0,7,255
405,499,0,0,251
406,499,0,0,245
407,499,0,3,252
408,499,0,0,254
409,499,0,0,254
410,499,0,0,254
411,499,0,0,254
412,499,0,0,254
413,499,0,0,254
414,499,0,0,254
415,499,0,0,254
416,499,0,4,250
417,499,0,0,251
418,499,13,1,251
849,499,14,0,249
850,499,0,0,246
851,499,3,5,250
852,499,2,2,255
853,499,0,0,250
854,499,0,2,255
855,499,3,3,249
856,499,0,0,251
857,499,0,2,255
858,499,2,0,254
859,499,0,0,253
860,499,1,1,255
861,499,0,2,254
862,499,1,0,254
402,500,0,0,249
403,500,0,0,247
404,500,0,3,244
405,500,0,0,251
406,500,1,1,255
407,500,0,4,246
408,500,0,0,254
409,500,0,0,254
410,500,0,0,254
411,500,0,0,254
412,500,0,0,254
413,500,0,0,254
414,500,0,0,254
415,500,0,0,254
416,500,0,3,254
417,500,0,2,255
418,500,0,0,240
849,500,10,0,255
850,500,1,3,236
851,500,0,0,254
852,500,2,1,255
853,500,2,5,255
854,500,3,3,255
855,500,0,0,252
856,500,0,0,251
857,500,0,2,255
858,500,2,0,254
859,500,0,0,253
860,500,1,1,255
861,500,0,2,254
862,500,1,0,254
402,501,7,7,255
403,501,2,0,251
404,501,0,0,253
405,501,0,4,254
406,501,2,2,255
407,501,0,0,248
408,501,0,0,254
409,501,0,0,254
410,501,0,0,254
411,501,0,0,254
412,501,0,0,254
413,501,0,0,254
414,501,0,0,254
415,501,0,0,254
416,501,0,0,251
417,501,6,6,255
418,501,1,8,247
849,501,0,0,252
850,501,0,0,250
851,501,4,4,255
852,501,0,0,253
853,501,0,0,242
854,501,0,0,251
855,501,5,0,253
856,501,0,0,251
857,501,0,2,255
858,501,2,0,254
859,501,0,0,253
860,501,1,1,255
861,501,0,2,254
862,501,1,0,254
402,502,0,0,245
403,502,5,4,255
404,502,0,1,241
405,502,0,0,251
406,502,3,0,255
407,502,1,0,254
408,502,0,0,254
409,502,0,0,254
410,502,0,0,254
411,502,0,0,254
412,502,0,0,254
413,502,0,0,254
414,502,0,0,254
415,502,0,0,254
416,502,4,6,241
417,502,0,0,252
418,502,0,1,244
849,502,0,3,255
850,502,6,3,255
851,502,0,0,250
852,502,4,3,255
853,502,0,3,249
854,502,0,0,254
855,502,10,5,245
856,502,0,0,251
857,502,0,2,255
858,502,2,0,254
859,502,0,0,253
860,502,1,1,255
861,502,0,2,254
862,502,1,0,254
402,503,0,1,254
403,503,6,5,255
404,503,0,0,251
405,503,0,5,247
406,503,2,0,254
407,503,5,0,255
408,503,0,0,254
409,503,0,0,254
410,503,0,0,254
411,503,0,0,254
412,503,0,0,254
413,503,0,0,254
414,503,0,0,254
415,503,0,0,254
416,503,3,0,253
417,503,6,0,255
418,503,0,2,253
849,503,0,1,251
850,503,0,0,249
851,503,0,0,250
852,503,5,8,237
853,503,0,4,255
854,503,1,1,255
855,503,0,0,246
856,503,0,0,251
857,503,0,2,255
858,503,2,0,254
859,503,0,0,253
860,503,1,1,255
861,503,0,2,254
862,503,1,0,254
403,504,2,3,243
404,504,9,0,255
405,504,4,5,253
406,504,1,6,255
407,504,2,0,252
408,504,0,0,254
409,504,0,0,254
410,504,0,0,254
411,504,0,0,254
412,504,0,0,254
413,504,0,0,254
414,504,0,0,254
415,504,0,0,254
416,504,0,0,248
417,504,0,9,255
418,504,2,0,239
419,504,0,2,255
420,504,3,6,255
849,504,1,0,254
850,504,0,2,254
851,504,1,1,255
852,504,0,0,253
853,504,2,0,254
854,504,0,2,255
855,504,0,0,251
856,504,1,0,254
857,504,0,1,252
858,504,0,0,254
859,504,0,0,253
860,504,1,1,255
861,504,0,0,253
403,505,4,0,251
404,505,6,0,248
405,505,3,0,241
406,505,0,5,244
407,505,0,0,241
408,505,0,0,254
409,505,0,0,254
410,505,0,0,254
411,505,0,0,254
412,505,0,0,254
413,505,0,0,254
414,505,0,0,254
415,505,0,0,254
416,505,2,1,255
417,505,0,4,254
418,505,5,0,252
419,505,2,3,253
420,505,0,0,245
849,505,1,0,254
850,505,0,2,254
851,505,1,1,255
852,505,0,0,253
853,505,2,0,254
854,505,0,2,255
855,505,0,0,251
856,505,1,0,254
857,505,0,1,252
858,505,0,0,254
859,505,0,0,253
860,505,1,1,255
861,505,0,0,253
405,506,11,0,253
406,506,0,2,255
407,506,4,5,253
408,506,0,0,254
409,506,0,0,254
410,506,0,0,254
411,506,0,0,254
412,506,0,0,254
413,506,0,0,254
414,506,0,0,254
415,506,0,0,254
416,506,0,0,250
417,506,3,2,254
418,506,0,0,251
419,506,4,3,255
420,506,2,1,255
421,506,12,0,235
849,506,1,0,254
850,506,0,2,254
851,506,1,1,255
852,506,0,0,253
853,506,2,0,254
854,506,0,2,255
855,506,0,0,251
856,506,1,0,254
857,506,0,1,252
858,506,0,0,254
859,506,0,0,253
860,506,1,1,255
861,506,0,0,253
406,507,3,6,243
407,507,0,0,250
408,507,0,0,254
409,507,0,0,254
410,507,0,0,254
411,507,0,0,254
412,507,0,0,254
413,507,0,0,254
414,507,0,0,254
415,507,0,0,254
416,507,0,5,255
417,507,4,0,246
418,507,0,3,247
419,507,2,1,243
420,507,0,0,252
421,507,8,0,255
849,507,1,0,254
850,507,0,2,254
851,507,1,1,255
852,507,0,0,253
853,507,2,0,254
854,507,0,2,255
855,507,0,0,251
856,507,1,0,254
857,507,0,1,252
858,507,0,0,254
859,507,0,0,253
860,507,1,1,255
861,507,0,0,253
406,508,0,0,251
407,508,0,0,252
408,508,0,0,254
409,508,0,0,254
410,508,0,0,254
411,508,0,0,254
412,508,0,0,254
413,508,0,0,254
414,508,0,0,254
415,508,0,0,254
416,508,1,7,253
417,508,4,0,251
418,508,0,0,252
419,508,0,0,252
420,508,8,6,255
421,508,0,0,250
849,508,1,0,254
850,508,0,2,254
851,508,1,1,255
852,508,0,0,253
853,508,2,0,254
854,508,0,2,255
855,508,0,0,251
856,508,1,0,254
857,508,0,1,252
858,508,0,0,254
859,508,0,0,253
860,508,1,1,255
861,508,0,0,253
406,509,6,5,255
407,509,0,3,255
408,509,0,0,254
409,509,0,0,254
410,509,0,0,254
411,509,0,0,254
412,509,0,0,254
413,509,0,0,254
414,509,0,0,254
415,509,0,0,254
416,509,0,1,253
417,509,4,0,252
418,509,1,4,255
419,509,6,6,255
420,509,1,0,251
421,509,0,3,255
422,509,12,0,255
849,509,1,0,254
850,509,0,2,254
851,509,1,1,255
852,509,0,0,253
853,509,2,0,254
854,509,0,2,255
855,509,0,0,251
856,509,1,0,254
857,509,0,1,252
858,509,0,0,254
859,509,0,0,253
860,509,1,1,255
861,509,0,0,253
406,510,7,6,255
407,510,0,0,253
408,510,0,0,254
409,510,0,0,254
410,510,0,0,254
411,510,0,0,254
412,510,0,0,254
413,510,0,0,254
414,510,0,0,254
415,510,0,0,254
416,510,0,0,251
417,510,0,0,253
418,510,0,0,247
419,510,0,2,244
420,510,2,2,255
421,510,0,2,253
422,510,0,0,240
849,510,1,0,254
850,510,0,2,254
851,510,1,1,255
852,510,0,0,253
853,510,2,0,254
854,510,0,2,255
855,510,0,0,251
856,510,1,0,254
857,510,0,1,252
858,510,0,0,254
859,510,0,0,253
860,510,1,1,255
861,510,0,0,253
406,511,0,0,248
407,511,0,0,252
408,511,0,0,254
409,511,0,0,254
410,511,0,0,254
411,511,0,0,254
412,511,0,0,254
413,511,0,0,254
414,511,0,0,254
415,511,0,0,254
416,511,4,4,255
417,511,0,3,248
418,511,1,0,236
419,511,0,4,255
420,511,0,0,251
421,511,1,4,255
422,511,0,2,246
849,511,1,0,254
850,511,0,2,254
851,511,1,1,255
852,511,0,0,253
853,511,2,0,254
854,511,0,2,255
855,511,0,0,251
856,511,1,0,254
857,511,0,1,252
858,511,0,0,254
859,511,0,0,253
860,511,1,1,255
861,511,0,0,253
406,512,10,0,255
407,512,0,0,252
408,512,4,0,254
409,512,0,3,252
410,512,6,2,236
411,512,1,2,252
412,512,0,4,254
413,512,6,3,255
414,512,5,4,255
415,512,0,0,252
416,512,0,3,251
417,512,0,3,255
418,512,0,0,253
419,512,0,1,254
420,512,0,0,242
421,512,4,3,255
422,512,9,0,252
849,512,0,2,251
850,512,0,4,255
851,512,8,0,254
852,512,0,0,250
853,512,0,1,251
854,512,5,2,255
855,512,0,2,254
856,512,1,0,254
857,512,0,1,252
858,512,0,0,254
859,512,0,0,253
860,512,1,1,255
861,512,0,0,253
407,513,5,0,250
408,513,10,2,246
409,513,0,2,255
410,513,4,0,253
411,513,0,0,251
412,513,0,3,237
413,513,7,4,255
414,513,0,0,246
415,513,0,4,240
416,513,0,2,244
417,513,0,0,250
418,513,6,6,255
419,513,0,0,242
420,513,0,5,255
421,513,3,2,255
422,513,8,0,246
849,513,0,3,255
850,513,0,1,253
851,513,5,0,252
852,513,0,0,252
853,513,1,7,249
854,513,0,0,251
855,513,0,4,250
856,513,1,0,254
857,513,0,1,252
858,513,0,0,254
859,513,0,0,253
860,513,1,1,255
861,513,0,0,253
408,514,6,0,249
409,514,0,1,254
410,514,5,2,243
411,514,3,3,255
412,514,0,7,255
413,514,0,0,244
414,514,0,0,254
415,514,0,0,253
416,514,4,3,255
417,514,5,2,255
418,514,0,0,252
419,514,0,0,247
420,514,0,0,252
421,514,0,3,235
422,514,1,0,250
423,514,15,0,255
849,514,0,0,252
850,514,1,9,255
851,514,2,0,251
852,514,0,0,252
853,514,0,1,248
854,514,2,1,255
855,514,0,0,252
856,514,1,0,254
857,514,0,1,252
858,514,0,0,254
859,514,0,0,253
860,514,1,1,255
861,514,0,0,253
409,515,0,0,254
410,515,0,0,248
411,515,3,3,255
412,515,0,2,251
413,515,0,0,243
414,515,5,5,255
415,515,5,5,255
416,515,5,0,255
417,515,0,0,243
418,515,0,0,250
419,515,0,0,248
420,515,2,5,255
421,515,2,6,253
422,515,1,0,252
423,515,5,0,255
424,515,5,0,248
849,515,0,0,252
850,515,0,4,255
851,515,3,0,242
852,515,0,0,253
853,515,1,1,255
854,515,3,2,254
855,515,3,8,255
856,515,1,0,254
857,515,0,1,252
858,515,0,0,254
859,515,0,0,253
860,515,1,1,255
861,515,0,0,253
409,516,0,0,253
410,516,2,4,245
411,516,0,0,249
412,516,0,0,253
413,516,0,1,242
414,516,0,3,255
415,516,0,0,250
416,516,7,1,255
417,516,3,1,250
418,516,2,2,255
419,516,0,5,247
420,516,0,1,240
421,516,0,0,253
422,516,3,3,255
423,516,0,0,254
424,516,8,7,255
425,516,16,0,255
848,516,12,0,255
849,516,0,0,250
850,516,0,4,246
851,516,0,0,252
852,516,2,2,250
853,516,0,0,248
854,516,0,0,252
855,516,0,0,247
856,516,1,0,254
857,516,0,1,252
858,516,0,0,254
859,516,0,0,253
860,516,1,1,255
861,516,0,0,253
409,517,2,3,243
410,517,0,0,249
411,517,5,4,255
412,517,2,2,255
413,517,3,2,255
414,517,0,0,246
415,517,5,5,249
416,517,5,0,255
417,517,1,1,247
418,517,0,1,254
419,517,0,2,251
420,517,0,0,251
421,517,4,3,255
422,517,3,5,250
423,517,0,0,252
424,517,0,0,251
425,517,10,0,255
848,517,6,0,255
849,517,1,0,254
850,517,0,0,251
851,517,1,2,252
852,517,3,3,249
853,517,2,1,255
854,517,0,0,246
855,517,1,4,255
856,517,1,0,254
857,517,0,1,252
858,517,0,0,254
859,517,0,0,253
860,517,1,1,255
861,517,0,0,253
409,518,0,0,243
410,518,0,0,249
411,518,2,1,253
412,518,0,0,246
413,518,5,4,255
414,518,0,0,249
415,518,0,0,248
416,518,2,1,255
417,518,0,0,245
418,518,0,0,251
419,518,0,3,255
420,518,5,6,246
421,518,0,0,248
422,518,3,3,255
423,518,0,2,254
424,518,0,0,247
425,518,13,6,255
848,518,0,3,255
849,518,0,0,247
850,518,5,4,255
851,518,0,1,248
852,518,3,2,255
853,518,0,0,251
854,518,4,4,255
855,518,0,0,254
856,518,1,0,254
857,518,0,1,252
858,518,0,0,254
859,518,0,0,253
860,518,1,1,255
861,518,0,0,253
409,519,4,3,255
410,519,0,3,255
411,519,0,0,239
412,519,5,5,251
413,519,3,2,255
414,519,0,0,251
415,519,8,5,255
416,519,0,1,244
417,519,0,2,254
418,519,0,7,255
419,519,0,0,249
420,519,4,1,255
421,519,0,0,248
422,519,0,2,237
423,519,0,0,252
424,519,0,4,254
425,519,0,0,247
426,519,16,0,255
848,519,0,3,255
849,519,0,0,252
850,519,3,3,251
851,519,0,0,249
852,519,2,1,255
853,519,3,0,253
854,519,0,0,252
855,519,1,1,255
856,519,1,0,254
857,519,0,1,252
858,519,0,0,254
859,519,0,0,253
860,519,1,1,255
861,519,0,0,253
409,520,0,0,246
410,520,0,7,255
411,520,0,0,248
412,520,0,3,245
413,520,0,1,251
414,520,7,0,254
415,520,0,1,253
416,520,0,0,254
417,520,0,0,254
418,520,0,0,254
419,520,0,0,254
420,520,0,0,254
421,520,0,0,254
422,520,0,0,254
423,520,0,0,254
424,520,0,0,253
425,520,0,5,255
426,520,0,3,255
848,520,0,0,254
849,520,0,0,254
850,520,0,0,254
851,520,0,0,254
852,520,0,0,254
853,520,0,0,254
854,520,0,0,254
855,520,0,0,254
856,520,2,0,254
857,520,1,1,255
858,520,0,0,252
859,520,0,2,255
860,520,0,1,254
410,521,3,2,255
411,521,9,2,255
412,521,0,0,251
413,521,0,5,255
414,521,0,0,243
415,521,0,2,255
416,521,0,0,254
417,521,0,0,254
418,521,0,0,254
419,521,0,0,254
420,521,0,0,254
421,521,0,0,254
422,521,0,0,254
423,521,0,0,254
424,521,0,0,251
425,521,0,2,255
426,521,0,0,249
848,521,0,0,254
849,521,0,0,254
850,521,0,0,254
851,521,0,0,254
852,521,0,0,254
853,521,0,0,254
854,521,0,0,254
855,521,0,0,254
856,521,2,0,254
857,521,1,1,255
858,521,0,0,252
859,521,0,2,255
860,521,0,1,254
410,522,8,0,255
411,522,5,2,255
412,522,0,0,247
413,522,0,6,254
414,522,5,5,251
415,522,3,0,248
416,522,0,0,254
417,522,0,0,254
418,522,0,0,254
419,522,0,0,254
420,522,0,0,254
421,522,0,0,254
422,522,0,0,254
423,522,0,0,254
424,522,0,4,236
425,522,0,0,247
426,522,7,6,255
427,522,9,0,248
848,522,0,0,254
849,522,0,0,254
850,522,0,0,254
851,522,0,0,254
852,522,0,0,254
853,522,0,0,254
854,522,0,0,254
855,522,0,0,254
856,522,2,0,254
857,522,1,1,255
858,522,0,0,252
859,522,0,2,255
860,522,0,1,254
410,523,3,0,252
411,523,0,3,255
412,523,3,2,255
413,523,0,6,255
414,523,0,2,254
415,523,10,2,243
416,523,0,0,254
417,523,0,0,254
418,523,0,0,254
419,523,0,0,254
420,523,0,0,254
421,523,0,0,254
422,523,0,0,254
423,523,0,0,254
424,523,0,0,244
425,523,5,6,247
426,523,3,0,253
427,523,1,2,240
848,523,0,0,254
849,523,0,0,254
850,523,0,0,254
851,523,0,0,254
852,523,0,0,254
853,523,0,0,254
854,523,0,0,254
855,523,0,0,254
856,523,2,0,254
857,523,1,1,255
858,523,0,0,252
859,523,0,2,255
860,523,0,1,254
411,524,6,0,253
412,524,4,0,244
413,524,2,7,255
414,524,0,0,252
415,524,0,0,251
416,524,0,0,254
417,524,0,0,254
418,524,0,0,254
419,524,0,0,254
420,524,0,0,254
421,524,0,0,254
422,524,0,0,254
423,524,0,0,254
424,524,0,0,239
425,524,6,5,255
426,524,5,0,255
427,524,0,0,252
848,524,0,0,254
849,524,0,0,254
850,524,0,0,254
851,524,0,0,254
852,524,0,0,254
853,524,0,0,254
854,524,0,0,254
855,524,0,0,254
856,524,2,0,254
857,524,1,1,255
858,524,0,0,252
859,524,0,2,255
860,524,0,1,254
413,525,10,0,249
414,525,16,0,255
415,525,1,0,253
416,525,0,0,254
417,525,0,0,254
418,525,0,0,254
419,525,0,0,254
420,525,0,0,254
421,525,0,0,254
422,525,0,0,254
423,525,0,0,254
424,525,0,2,255
425,525,3,6,255
426,525,2,0,254
427,525,1,9,255
428,525,15,0,254
848,525,0,0,254
849,525,0,0,254
850,525,0,0,254
851,525,0,0,254
852,525,0,0,254
853,525,0,0,254
854,525,0,0,254
855,525,0,0,254
856,525,2,0,254
857,525,1,1,255
858,525,0,0,252
859,525,0,2,255
860,525,0,1,254
415,526,2,0,254
416,526,0,0,254
417,526,0,0,254
418,526,0,0,254
419,526,0,0,254
420,526,0,0,254
421,526,0,0,254
422,526,0,0,254
423,526,0,0,254
424,526,1,0,254
425,526,1,6,255
426,526,0,0,238
427,526,0,0,247
428,526,1,0,244
848,526,0,0,254
849,526,0,0,254
850,526,0,0,254
851,526,0,0,254
852,526,0,0,254
853,526,0,0,254
854,526,0,0,254
855,526,0,0,254
856,526,2,0,254
857,526,1,1,255
858,526,0,0,252
859,526,0,2,255
860,526,0,1,254
415,527,0,11,255
416,527,0,0,254
417,527,0,0,254
418,527,0,0,254
419,527,0,0,254
420,527,0,0,254
421,527,0,0,254
422,527,0,0,254
423,527,0,0,254
424,527,2,1,242
425,527,0,1,252
426,527,1,4,255
427,527,6,3,255
428,527,0,0,245
848,527,0,0,254
849,527,0,0,254
850,527,0,0,254
851,527,0,0,254
852,527,0,0,254
853,527,0,0,254
854,527,0,0,254
855,527,0,0,254
856,527,2,0,254
857,527,1,1,255
858,527,0,0,252
859,527,0,2,255
860,527,0,1,254
416,528,0,7,248
417,528,0,0,240
418,528,0,3,255
419,528,0,3,249
420,528,4,3,255
421,528,0,0,244
422,528,2,7,255
423,528,7,1,255
424,528,0,5,249
425,528,0,1,251
426,528,0,0,252
427,528,0,2,248
428,528,0,0,249
429,528,3,0,255
848,528,0,0,254
849,528,0,0,254
850,528,0,0,254
851,528,0,0,254
852,528,0,0,254
853,528,0,0,254
854,528,0,0,254
855,528,0,0,254
856,528,2,0,254
857,528,1,1,255
858,528,0,0,252
859,528,0,2,255
860,528,0,1,254
416,529,1,0,253
417,529,0,0,252
418,529,0,0,253
419,529,0,4,255
420,529,1,0,254
421,529,0,0,243
422,529,0,3,243
423,529,2,0,250
424,529,0,0,252
425,529,2,1,253
426,529,0,0,242
427,529,2,5,255
428,529,0,0,238
429,529,2,1,255
848,529,0,0,254
849,529,0,0,254
850,529,0,0,254
851,529,0,0,254
852,529,0,0,254
853,529,0,0,254
854,529,0,0,254
855,529,0,0,254
856,529,2,0,254
857,529,1,1,255
858,529,0,0,252
859,529,0,2,255
860,529,0,1,254
416,530,16,0,255
417,530,0,0,250
418,530,3,8,255
419,530,7,2,254
420,530,4,4,255
421,530,0,5,255
422,530,0,0,251
423,530,1,0,253
424,530,3,2,253
425,530,5,0,255
426,530,0,0,249
427,530,0,0,253
428,530,0,6,255
429,530,0,0,254
430,530,15,0,250
848,530,0,0,254
849,530,0,0,254
850,530,0,0,254
851,530,0,0,254
852,530,0,0,254
853,530,0,0,254
854,530,0,0,254
855,530,0,0,254
856,530,2,0,254
857,530,1,1,255
858,530,0,0,252
859,530,0,2,255
860,530,0,1,254
417,531,0,2,254
418,531,0,1,253
419,531,10,0,255
420,531,0,0,247
421,531,0,1,253
422,531,6,5,255
423,531,0,0,244
424,531,0,0,247
425,531,13,7,255
426,531,7,1,255
427,531,2,2,255
428,531,0,2,254
429,531,2,5,255
430,531,6,0,241
848,531,0,0,254
849,531,0,0,254
850,531,0,0,254
851,531,0,0,254
852,531,0,0,254
853,531,0,0,254
854,531,0,0,254
855,531,0,0,254
856,531,2,0,254
857,531,1,1,255
858,531,0,0,252
859,531,0,2,255
860,531,0,1,254
417,532,4,3,255
418,532,0,3,249
419,532,6,0,241
420,532,4,4,252
421,532,0,0,241
422,532,5,4,255
423,532,6,5,255
424,532,7,5,255
425,532,0,0,246
426,532,8,2,255
427,532,0,0,250
428,532,0,3,245
429,532,0,0,252
430,532,3,2,246
431,532,8,0,254
847,532,10,0,253
848,532,0,0,254
849,532,0,0,254
850,532,0,0,254
851,532,0,0,254
852,532,0,0,254
853,532,0,0,254
854,532,0,0,254
855,532,0,0,254
856,532,2,0,254
857,532,1,1,255
858,532,0,0,252
859,532,0,2,255
860,532,0,1,254
417,533,11,0,255
418,533,0,0,250
419,533,7,4,255
420,533,4,2,251
421,533,0,0,246
422,533,0,0,236
423,533,3,3,255
424,533,0,0,245
425,533,0,0,249
426,533,4,3,255
427,533,0,0,244
428,533,0,2,255
429,533,0,1,254
430,533,5,4,255
431,533,1,0,246
432,533,2,0,249
847,533,4,0,251
848,533,0,0,254
849,533,0,0,254
850,533,0,0,254
851,533,0,0,254
852,533,0,0,254
853,533,0,0,254
854,533,0,0,254
855,533,0,0,254
856,533,2,0,254
857,533,1,1,255
858,533,0,0,252
859,533,0,2,255
860,533,0,1,254
418,534,1,0,253
419,534,0,0,250
420,534,0,0,236
421,534,7,1,255
422,534,1,5,252
423,534,0,1,252
424,534,0,3,254
425,534,0,1,254
426,534,6,6,255
427,534,2,1,255
428,534,0,0,247
429,534,0,0,254
430,534,0,0,242
431,534,1,1,255
432,534,5,4,246
847,534,0,1,254
848,534,0,0,254
849,534,0,0,254
850,534,0,0,254
851,534,0,0,254
852,534,0,0,254
853,534,0,0,254
854,534,0,0,254
855,534,0,0,254
856,534,2,0,254
857,534,1,1,255
858,534,0,0,252
859,534,0,2,255
860,534,0,1,254
418,535,7,2,254
419,535,0,6,243
420,535,5,0,254
421,535,7,0,245
422,535,0,4,255
423,535,0,0,253
424,535,0,4,248
425,535,0,0,252
426,535,0,0,251
427,535,4,4,255
428,535,3,4,242
429,535,0,0,244
430,535,0,0,253
431,535,0,3,255
432,535,0,0,254
847,535,0,3,254
848,535,0,0,254
849,535,0,0,254
850,535,0,0,254
851,535,0,0,254
852,535,0,0,254
853,535,0,0,254
854,535,0,0,254
855,535,0,0,254
856,535,2,0,254
857,535,1,1,255
858,535,0,0,252
859,535,0,2,255
860,535,0,1,254
419,536,6,0,250
420,536,1,1,255
421,536,2,1,252
422,536,0,0,253
423,536,0,1,254
424,536,0,0,254
425,536,0,0,254
426,536,0,0,254
427,536,0,0,254
428,536,0,0,254
429,536,0,0,254
430,536,0,0,254
431,536,0,0,254
432,536,0,0,254
433,536,0,0,251
847,536,0,1,254
848,536,0,0,254
849,536,0,0,254
850,536,0,0,254
851,536,0,0,254
852,536,0,0,254
853,536,0,0,254
854,536,0,0,254
855,536,0,0,254
856,536,2,1,255
857,536,0,0,253
858,536,0,2,255
859,536,1,0,254
419,537,5,0,252
420,537,7,4,255
421,537,2,1,252
422,537,0,0,254
423,537,0,2,253
424,537,0,0,254
425,537,0,0,254
426,537,0,0,254
427,537,0,0,254
428,537,0,0,254
429,537,0,0,254
430,537,0,0,254
431,537,0,0,254
432,537,0,0,254
433,537,0,0,251
847,537,0,1,254
848,537,0,0,254
849,537,0,0,254
850,537,0,0,254
851,537,0,0,254
852,537,0,0,254
853,537,0,0,254
854,537,0,0,254
855,537,0,0,254
856,537,2,1,255
857,537,0,0,253
858,537,0,2,255
859,537,1,0,254
420,538,6,0,253
421,538,0,0,249
422,538,2,2,255
423,538,0,1,252
424,538,0,0,254
425,538,0,0,254
426,538,0,0,254
427,538,0,0,254
428,538,0,0,254
429,538,0,0,254
430,538,0,0,254
431,538,0,0,254
432,538,0,0,254
433,538,0,0,251
847,538,0,1,254
848,538,0,0,254
849,538,0,0,254
850,538,0,0,254
851,538,0,0,254
852,538,0,0,254
853,538,0,0,254
854,538,0,0,254
855,538,0,0,254
856,538,2,1,255
857,538,0,0,253
858,538,0,2,255
859,538,1,0,254
420,539,8,0,248
421,539,2,1,255
422,539,3,3,255
423,539,0,0,252
424,539,0,0,254
425,539,0,0,254
426,539,0,0,254
427,539,0,0,254
428,539,0,0,254
429,539,0,0,254
430,539,0,0,254
431,539,0,0,254
432,539,0,0,254
433,539,0,0,251
847,539,0,1,254
848,539,0,0,254
849,539,0,0,254
850,539,0,0,254
851,539,0,0,254
852,539,0,0,254
853,539,0,0,254
854,539,0,0,254
855,539,0,0,254
856,539,2,1,255
857,539,0,0,253
858,539,0,2,255
859,539,1,0,254
421,540,0,0,252
422,540,1,0,252
423,540,0,1,254
424,540,0,0,254
425,540,0,0,254
426,540,0,0,254
427,540,0,0,254
428,540,0,0,254
429,540,0,0,254
430,540,0,0,254
431,540,0,0,254
432,540,0,0,254
433,540,0,0,251
847,540,0,1,254
848,540,0,0,254
849,540,0,0,254
850,540,0,0,254
851,540,0,0,254
852,540,0,0,254
853,540,0,0,254
854,540,0,0,254
855,540,0,0,254
856,540,2,1,255
857,540,0,0,253
858,540,0,2,255
859,540,1,0,254
421,541,6,6,255
422,541,0,0,252
423,541,0,0,239
424,541,0,0,254
425,541,0,0,254
426,541,0,0,254
427,541,0,0,254
428,541,0,0,254
429,541,0,0,254
430,541,0,0,254
431,541,0,0,254
432,541,0,0,254
433,541,0,0,251
847,541,0,1,254
848,541,0,0,254
849,541,0,0,254
850,541,0,0,254
851,541,0,0,254
852,541,0,0,254
853,541,0,0,254
854,541,0,0,254
855,541,0,0,254
856,541,2,1,255
857,541,0,0,253
858,541,0,2,255
859,541,1,0,254
421,542,0,0,250
422,542,1,0,254
423,542,0,3,255
424,542,0,0,254
425,542,0,0,254
426,542,0,0,254
427,542,0,0,254
428,542,0,0,254
429,542,0,0,254
430,542,0,0,254
431,542,0,0,254
432,542,0,0,254
433,542,0,0,251
847,542,0,1,254
848,542,0,0,254
849,542,0,0,254
850,542,0,0,254
851,542,0,0,254
852,542,0,0,254
853,542,0,0,254
854,542,0,0,254
855,542,0,0,254
856,542,2,1,255
857,542,0,0,253
858,542,0,2,255
859,542,1,0,254
421,543,0,1,249
422,543,0,0,252
423,543,0,3,243
424,543,0,0,254
425,543,0,0,254
426,543,0,0,254
427,543,0,0,254
428,543,0,0,254
429,543,0,0,254
430,543,0,0,254
431,543,0,0,254
432,543,0,0,254
433,543,0,0,251
847,543,0,1,254
848,543,0,0,254
849,543,0,0,254
850,543,0,0,254
851,543,0,0,254
852,543,0,0,254
853,543,0,0,254
854,543,0,0,254
855,543,0,0,254
856,543,2,1,255
857,543,0,0,253
858,543,0,2,255
859,543,1,0,254
421,544,0,0,253
422,544,0,2,255
423,544,2,0,254
424,544,0,0,254
425,544,0,0,254
426,544,0,0,254
427,544,0,0,254
428,544,0,0,254
429,544,0,0,254
430,544,0,0,254
431,544,0,0,254
432,544,0,0,254
433,544,0,0,251
847,544,0,0,254
848,544,0,0,254
849,544,0,0,254
850,544,0,0,254
851,544,0,0,254
852,544,0,0,254
853,544,0,0,254
854,544,0,0,254
855,544,0,0,254
856,544,2,1,255
857,544,0,0,253
858,544,0,2,255
859,544,1,0,254
421,545,0,0,253
422,545,0,2,255
423,545,2,0,254
424,545,0,0,254
425,545,0,0,254
426,545,0,0,254
427,545,0,0,254
428,545,0,0,254
429,545,0,0,254
430,545,0,0,254
431,545,0,0,254
432,545,0,0,254
433,545,0,0,251
847,545,0,0,248
848,545,0,0,254
849,545,0,0,254
850,545,0,0,254
851,545,0,0,254
852,545,0,0,254
853,545,0,0,254
854,545,0,0,254
855,545,0,0,254
856,545,2,1,255
857,545,0,0,253
858,545,0,2,255
859,545,1,0,254
421,546,0,0,253
422,546,0,2,255
423,546,2,0,254
424,546,0,0,254
425,546,0,0,254
426,546,0,0,254
427,546,0,0,254
428,546,0,0,254
429,546,0,0,254
430,546,0,0,254
431,546,0,0,254
432,546,0,0,254
433,546,0,0,251
847,546,0,0,251
848,546,0,0,254
849,546,0,0,254
850,546,0,0,254
851,546,0,0,254
852,546,0,0,254
853,546,0,0,254
854,546,0,0,254
855,546,0,0,254
856,546,2,1,255
857,546,0,0,253
858,546,0,2,255
859,546,1,0,254
421,547,0,0,253
422,547,0,2,255
423,547,2,0,254
424,547,0,0,254
425,547,0,0,254
426,547,0,0,254
427,547,0,0,254
428,547,0,0,254
429,547,0,0,254
430,547,0,0,254
431,547,0,0,254
432,547,0,0,254
433,547,0,0,251
847,547,3,0,255
848,547,0,0,254
849,547,0,0,254
850,547,0,0,254
851,547,0,0,254
852,547,0,0,254
853,547,0,0,254
854,547,0,0,254
855,547,0,0,254
856,547,2,1,255
857,547,0,0,253
858,547,0,2,255
859,547,1,0,254
421,548,0,0,253
422,548,0,2,255
423,548,2,0,254
424,548,0,0,254
425,548,0,0,254
426,548,0,0,254
427,548,0,0,254
428,548,0,0,254
429,548,0,0,254
430,548,0,0,254
431,548,0,0,254
432,548,0,0,254
433,548,0,0,251
847,548,8,2,255
848,548,0,0,254
849,548,0,0,254
850,548,0,0,254
851,548,0,0,254
852,548,0,0,254
853,548,0,0,254
854,548,0,0,254
855,548,0,0,254
856,548,2,1,255
857,548,0,0,253
858,548,0,2,255
859,548,1,0,254
421,549,0,0,253
422,549,0,2,255
423,549,2,0,254
424,549,0,0,254
425,549,0,0,254
426,549,0,0,254
427,549,0,0,254
428,549,0,0,254
429,549,0,0,254
430,549,0,0,254
431,549,0,0,254
432,549,0,0,254
433,549,0,0,251
846,549,6,0,255
847,549,0,0,245
848,549,0,0,254
849,549,0,0,254
850,549,0,0,254
851,549,0,0,254
852,549,0,0,254
853,549,0,0,254
854,549,0,0,254
855,549,0,0,254
856,549,2,1,255
857,549,0,0,253
858,549,0,2,255
859,549,1,0,254
421,550,0,0,253
422,550,0,2,255
423,550,2,0,254
424,550,0,0,254
425,550,0,0,254
426,550,0,0,254
427,550,0,0,254
428,550,0,0,254
429,550,0,0,254
430,550,0,0,254
431,550,0,0,254
432,550,0,0,254
433,550,0,0,251
846,550,2,6,237
847,550,8,0,255
848,550,0,0,254
849,550,0,0,254
850,550,0,0,254
851,550,0,0,254
852,550,0,0,254
853,550,0,0,254
854,550,0,0,254
855,550,0,0,254
856,550,2,1,255
857,550,0,0,253
858,550,0,2,255
859,550,1,0,254
421,551,0,0,253
422,551,0,2,255
423,551,2,0,254
424,551,0,0,254
425,551,0,0,254
426,551,0,0,254
427,551,0,0,254
428,551,0,0,254
429,551,0,0,254
430,551,0,0,254
431,551,0,0,254
432,551,0,0,254
433,551,0,0,251
846,551,0,4,255
847,551,7,0,247
848,551,0,0,254
849,551,0,0,254
850,551,0,0,254
851,551,0,0,254
852,551,0,0,254
853,551,0,0,254
854,551,0,0,254
855,551,0,0,254
856,551,2,1,255
857,551,0,0,253
858,551,0,2,255
859,551,1,0,254
421,552,0,2,253
422,552,0,3,255
423,552,6,5,247
424,552,0,0,254
425,552,0,0,254
426,552,0,0,254
427,552,0,0,254
428,552,0,0,254
429,552,0,0,254
430,552,0,0,254
431,552,0,0,254
432,552,1,0,253
433,552,3,2,254
846,552,0,0,251
847,552,0,0,254
848,552,0,0,254
849,552,0,0,254
850,552,0,0,254
851,552,0,0,254
852,552,0,0,254
853,552,0,0,254
854,552,0,0,254
855,552,0,0,254
856,552,2,1,255
857,552,0,0,253
858,552,0,2,255
859,552,1,0,254
421,553,0,2,254
422,553,0,0,252
423,553,2,0,252
424,553,0,0,254
425,553,0,0,254
426,553,0,0,254
427,553,0,0,254
428,553,0,0,254
429,553,0,0,254
430,553,0,0,254
431,553,0,0,254
432,553,0,0,236
433,553,2,2,255
846,553,0,0,251
847,553,0,0,254
848,553,0,0,254
849,553,0,0,254
850,553,0,0,254
851,553,0,0,254
852,553,0,0,254
853,553,0,0,254
854,553,0,0,254
855,553,0,0,254
856,553,2,1,255
857,553,0,0,253
858,553,0,2,255
859,553,1,0,254
421,554,3,0,255
422,554,0,0,244
423,554,1,0,254
424,554,0,0,254
425,554,0,0,254
426,554,0,0,254
427,554,0,0,254
428,554,0,0,254
429,554,0,0,254
430,554,0,0,254
431,554,0,0,254
432,554,5,0,255
433,554,0,0,249
434,554,5,0,249
846,554,0,0,251
847,554,0,0,254
848,554,0,0,254
849,554,0,0,254
850,554,0,0,254
851,554,0,0,254
852,554,0,0,254
853,554,0,0,254
854,554,0,0,254
855,554,0,0,254
856,554,2,1,255
857,554,0,0,253
858,554,0,2,255
859,554,1,0,254
421,555,9,0,255
422,555,2,5,255
423,555,2,2,250
424,555,0,0,254
425,555,0,0,254
426,555,0,0,254
427,555,0,0,254
428,555,0,0,254
429,555,0,0,254
430,555,0,0,254
431,555,0,0,254
432,555,9,4,255
433,555,0,0,241
434,555,5,8,255
846,555,0,0,251
847,555,0,0,254
848,555,0,0,254
849,555,0,0,254
850,555,0,0,254
851,555,0,0,254
852,555,0,0,254
853,555,0,0,254
854,555,0,0,254
855,555,0,0,254
856,555,2,1,255
857,555,0,0,253
858,555,0,2,255
859,555,1,0,254
421,556,13,0,249
422,556,0,0,252
423,556,4,3,255
424,556,0,0,254
425,556,0,0,254
426,556,0,0,254
427,556,0,0,254
428,556,0,0,254
429,556,0,0,254
430,556,0,0,254
431,556,0,0,254
432,556,0,0,248
433,556,0,0,253
434,556,0,9,255
846,556,0,0,251
847,556,0,0,254
848,556,0,0,254
849,556,0,0,254
850,556,0,0,254
851,556,0,0,254
852,556,0,0,254
853,556,0,0,254
854,556,0,0,254
855,556,0,0,254
856,556,2,1,255
857,556,0,0,253
858,556,0,2,255
859,556,1,0,254
422,557,0,0,248
423,557,0,0,248
424,557,0,0,254
425,557,0,0,254
426,557,0,0,254
427,557,0,0,254
428,557,0,0,254
429,557,0,0,254
430,557,0,0,254
431,557,0,0,254
432,557,7,6,255
433,557,2,5,255
434,557,0,0,250
435,557,11,0,248
846,557,0,0,251
847,557,0,0,254
848,557,0,0,254
849,557,0,0,254
850,557,0,0,254
851,557,0,0,254
852,557,0,0,254
853,557,0,0,254
854,557,0,0,254
855,557,0,0,254
856,557,2,1,255
857,557,0,0,253
858,557,0,2,255
859,557,1,0,254
422,558,2,2,255
423,558,4,4,255
424,558,0,0,254
425,558,0,0,254
426,558,0,0,254
427,558,0,0,254
428,558,0,0,254
429,558,0,0,254
430,558,0,0,254
431,558,0,0,254
432,558,0,1,248
433,558,0,0,249
434,558,0,0,245
435,558,6,0,255
846,558,0,0,251
847,558,0,0,254
848,558,0,0,254
849,558,0,0,254
850,558,0,0,254
851,558,0,0,254
852,558,0,0,254
853,558,0,0,254
854,558,0,0,254
855,558,0,0,254
856,558,2,1,255
857,558,0,0,253
858,558,0,2,255
859,558,1,0,254
422,559,0,1,252
423,559,0,0,251
424,559,0,0,254
425,559,0,0,254
426,559,0,0,254
427,559,0,0,254
428,559,0,0,254
429,559,0,0,254
430,559,0,0,254
431,559,0,0,254
432,559,0,5,255
433,559,0,1,253
434,559,2,4,249
435,559,0,4,255
846,559,0,0,251
847,559,0,0,254
848,559,0,0,254
849,559,0,0,254
850,559,0,0,254
851,559,0,0,254
852,559,0,0,254
853,559,0,0,254
854,559,0,0,254
855,559,0,0,254
856,559,2,1,255
857,559,0,0,253
858,559,0,2,255
859,559,1,0,254
423,560,1,1,255
424,560,0,0,252
425,560,0,2,237
426,560,0,0,248
427,560,4,1,255
428,560,0,0,249
429,560,0,7,255
430,560,0,2,254
431,560,0,1,244
432,560,1,1,255
433,560,0,0,249
434,560,2,2,255
435,560,0,0,253
436,560,6,0,247
846,560,0,0,251
847,560,0,0,254
848,560,0,0,254
849,560,0,0,254
850,560,0,0,254
851,560,0,0,254
852,560,0,0,254
853,560,0,0,254
854,560,0,0,254
855,560,0,0,254
856,560,2,1,255
857,560,0,0,253
858,560,0,2,255
859,560,1,0,254
423,561,2,1,243
424,561,0,2,254
425,561,3,3,255
426,561,0,0,248
427,561,5,6,246
428,561,0,3,255
429,561,0,0,251
430,561,0,0,245
431,561,2,1,255
432,561,2,0,254
433,561,0,0,239
434,561,2,5,255
435,561,0,2,247
436,561,0,0,252
437,561,11,1,255
438,561,14,0,251
846,561,0,0,251
847,561,0,0,254
848,561,0,0,254
849,561,0,0,254
850,561,0,0,254
851,561,0,0,254
852,561,0,0,254
853,561,0,0,254
854,561,0,0,254
855,561,0,0,254
856,561,2,1,255
857,561,0,0,253
858,561,0,2,255
859,561,1,0,254
423,562,4,0,251
424,562,0,0,252
425,562,3,5,250
426,562,4,3,255
427,562,0,0,251
428,562,0,2,251
429,562,0,1,254
430,562,1,1,247
431,562,5,0,255
432,562,4,1,255
433,562,0,0,250
434,562,0,3,247
435,562,0,3,255
436,562,0,2,253
437,562,0,0,238
438,562,1,1,255
439,562,11,8,255
440,562,4,1,255
846,562,0,0,251
847,562,0,0,254
848,562,0,0,254
849,562,0,0,254
850,562,0,0,254
851,562,0,0,254
852,562,0,0,254
853,562,0,0,254
854,562,0,0,254
855,562,0,0,254
856,562,2,1,255
857,562,0,0,253
858,562,0,2,255
859,562,1,0,254
424,563,0,0,254
425,563,3,3,255
426,563,0,0,253
427,563,0,1,240
428,563,0,5,247
429,563,2,2,255
430,563,3,1,250
431,563,7,1,255
432,563,3,0,255
433,563,1,0,251
434,563,2,6,251
435,563,0,0,252
436,563,0,3,248
437,563,0,5,255
438,563,0,3,255
439,563,0,0,247
440,563,0,1,244
441,563,4,0,251
442,563,22,0,255
846,563,0,0,251
847,563,0,0,254
848,563,0,0,254
849,563,0,0,254
850,563,0,0,254
851,563,0,0,254
852,563,0,0,254
853,563,0,0,254
854,563,0,0,254
855,563,0,0,254
856,563,2,1,255
857,563,0,0,253
858,563,0,2,255
859,563,1,0,254
424,564,5,0,255
425,564,1,0,252
426,564,2,6,253
427,564,2,5,255
428,564,0,0,248
429,564,0,0,250
430,564,0,0,243
431,564,5,0,255
432,564,0,0,253
433,564,1,0,254
434,564,0,0,254
435,564,4,6,251
436,564,0,0,244
437,564,0,0,253
438,564,4,1,254
439,564,5,0,255
440,564,0,6,255
441,564,2,1,255
442,564,4,0,239
443,564,7,0,250
846,564,0,0,251
847,564,0,0,254
848,564,0,0,254
849,564,0,0,254
850,564,0,0,254
851,564,0,0,254
852,564,0,0,254
853,564,0,0,254
854,564,0,0,254
855,564,0,0,254
856,564,2,1,255
857,564,0,0,253
858,564,0,2,255
859,564,1,0,254
424,565,15,0,255
425,565,1,0,250
426,565,0,3,235
427,565,0,0,252
428,565,0,0,247
429,565,0,0,252
430,565,5,2,255
431,565,4,3,255
432,565,2,2,255
433,565,5,7,252
434,565,0,0,253
435,565,0,0,252
436,565,5,3,252
437,565,7,1,255
438,565,2,0,251
439,565,7,0,254
440,565,0,0,246
441,565,0,0,249
442,565,3,2,255
443,565,0,0,251
444,565,7,0,252
846,565,0,0,251
847,565,0,0,254
848,565,0,0,254
849,565,0,0,254
850,565,0,0,254
851,565,0,0,254
852,565,0,0,254
853,565,0,0,254
854,565,0,0,254
855,565,0,0,254
856,565,2,1,255
857,565,0,0,253
858,565,0,2,255
859,565,1,0,254
425,566,8,0,246
426,566,3,2,255
427,566,0,5,255
428,566,0,0,242
429,566,6,6,255
430,566,0,0,250
431,566,0,2,244
432,566,0,0,254
433,566,0,0,252
434,566,0,0,251
435,566,0,0,250
436,566,6,5,255
437,566,0,0,251
438,566,3,2,254
439,566,0,0,253
440,566,3,2,255
441,566,3,10,255
442,566,2,3,254
443,566,0,5,254
444,566,9,0,255
846,566,0,0,251
847,566,0,0,254
848,566,0,0,254
849,566,0,0,254
850,566,0,0,254
851,566,0,0,254
852,566,0,0,254
853,566,0,0,254
854,566,0,0,254
855,566,0,0,254
856,566,2,1,255
857,566,0,0,253
858,566,0,2,255
859,566,1,0,254
425,567,9,0,252
426,567,4,3,255
427,567,0,0,242
428,567,0,1,254
429,567,0,0,253
430,567,0,3,255
431,567,0,3,251
432,567,1,2,252
433,567,0,0,252
434,567,3,6,243
435,567,1,1,255
436,567,0,2,255
437,567,0,0,250
438,567,0,6,243
439,567,0,5,255
440,567,0,0,239
441,567,0,3,255
442,567,0,0,252
443,567,0,3,255
444,567,5,0,251
846,567,0,0,251
847,567,0,0,254
848,567,0,0,254
849,567,0,0,254
850,567,0,0,254
851,567,0,0,254
852,567,0,0,254
853,567,0,0,254
854,567,0,0,254
855,567,0,0,254
856,567,2,1,255
857,567,0,0,253
858,567,0,2,255
859,567,1,0,254
426,568,1,4,255
427,568,0,4,248
428,568,5,0,255
429,568,0,0,250
430,568,11,0,255
431,568,0,4,255
432,568,0,0,254
433,568,0,0,254
434,568,0,0,254
435,568,0,0,254
436,568,0,0,254
437,568,0,0,254
438,568,0,0,254
439,568,0,0,254
440,568,0,3,255
441,568,0,0,249
442,568,5,2,255
443,568,3,5,250
444,568,0,0,251
846,568,0,0,251
847,568,0,0,254
848,568,0,0,254
849,568,0,0,254
850,568,0,0,254
851,568,0,0,254
852,568,0,0,254
853,568,0,0,254
854,568,0,0,254
855,568,0,0,254
856,568,2,1,255
857,568,0,0,253
858,568,0,2,255
859,568,1,0,254
426,569,0,0,236
427,569,0,0,250
428,569,0,2,255
429,569,0,0,249
430,569,4,1,255
431,569,0,0,250
432,569,0,0,254
433,569,0,0,254
434,569,0,0,254
435,569,0,0,254
436,569,0,0,254
437,569,0,0,254
438,569,0,0,254
439,569,0,0,254
440,569,0,2,244
441,569,2,0,247
442,569,1,0,254
443,569,0,3,255
444,569,0,0,252
846,569,0,0,251
847,569,0,0,254
848,569,0,0,254
849,569,0,0,254
850,569,0,0,254
851,569,0,0,254
852,569,0,0,254
853,569,0,0,254
854,569,0,0,254
855,569,0,0,254
856,569,2,1,255
857,569,0,0,253
858,569,0,2,255
859,569,1,0,254
428,570,4,1,255
429,570,0,9,255
430,570,0,5,255
431,570,0,2,242
432,570,0,0,254
433,570,0,0,254
434,570,0,0,254
435,570,0,0,254
436,570,0,0,254
437,570,0,0,254
438,570,0,0,254
439,570,0,0,254
440,570,0,0,254
441,570,3,1,252
442,570,0,0,250
443,570,0,1,253
444,570,5,3,250
846,570,0,0,251
847,570,0,0,254
848,570,0,0,254
849,570,0,0,254
850,570,0,0,254
851,570,0,0,254
852,570,0,0,254
853,570,0,0,254
854,570,0,0,254
855,570,0,0,254
856,570,2,1,255
857,570,0,0,253
858,570,0,2,255
859,570,1,0,254
429,571,0,0,249
430,571,1,0,254
431,571,6,0,255
432,571,0,0,254
433,571,0,0,254
434,571,0,0,254
435,571,0,0,254
436,571,0,0,254
437,571,0,0,254
438,571,0,0,254
439,571,0,0,254
440,571,0,0,251
441,571,7,4,255
442,571,1,1,255
443,571,0,9,255
444,571,0,0,251
846,571,0,0,251
847,571,0,0,254
848,571,0,0,254
849,571,0,0,254
850,571,0,0,254
851,571,0,0,254
852,571,0,0,254
853,571,0,0,254
854,571,0,0,254
855,571,0,0,254
856,571,2,1,255
857,571,0,0,253
858,571,0,2,255
859,571,1,0,254
429,572,11,0,254
430,572,0,0,253
431,572,0,0,251
432,572,0,0,254
433,572,0,0,254
434,572,0,0,254
435,572,0,0,254
436,572,0,0,254
437,572,0,0,254
438,572,0,0,254
439,572,0,0,254
440,572,0,0,251
441,572,0,0,248
442,572,0,1,240
443,572,0,0,252
444,572,0,0,247
846,572,0,0,251
847,572,0,0,254
848,572,0,0,254
849,572,0,0,254
850,572,0,0,254
851,572,0,0,254
852,572,0,0,254
853,572,0,0,254
854,572,0,0,254
855,572,0,0,254
856,572,2,1,255
857,572,0,0,253
858,572,0,2,255
859,572,1,0,254
430,573,11,0,254
431,573,1,2,243
432,573,0,0,254
433,573,0,0,254
434,573,0,0,254
435,573,0,0,254
436,573,0,0,254
437,573,0,0,254
438,573,0,0,254
439,573,0,0,254
440,573,0,0,245
441,573,4,4,255
442,573,6,8,251
443,573,1,1,255
444,573,0,0,253
846,573,0,0,251
847,573,0,0,254
848,573,0,0,254
849,573,0,0,254
850,573,0,0,254
851,573,0,0,254
852,573,0,0,254
853,573,0,0,254
854,573,0,0,254
855,573,0,0,254
856,573,2,1,255
857,573,0,0,253
858,573,0,2,255
859,573,1,0,254
432,574,0,0,254
433,574,0,0,254
434,574,0,0,254
435,574,0,0,254
436,574,0,0,254
437,574,0,0,254
438,574,0,0,254
439,574,0,0,254
440,574,9,9,255
441,574,0,0,235
442,574,0,0,250
443,574,2,0,252
444,574,0,1,253
445,574,7,0,254
846,574,0,0,251
847,574,0,0,254
848,574,0,0,254
849,574,0,0,254
850,574,0,0,254
851,574,0,0,254
852,574,0,0,254
853,574,0,0,254
854,574,0,0,254
855,574,0,0,254
856,574,2,1,255
857,574,0,0,253
858,574,0,2,255
859,574,1,0,254
432,575,0,0,254
433,575,0,0,254
434,575,0,0,254
435,575,0,0,254
436,575,0,0,254
437,575,0,0,254
438,575,0,0,254
439,575,0,0,254
440,575,0,0,243
441,575,0,0,252
442,575,8,7,255
443,575,7,0,251
444,575,0,0,246
445,575,1,5,252
446,575,8,4,247
846,575,0,0,251
847,575,0,0,254
848,575,0,0,254
849,575,0,0,254
850,575,0,0,254
851,575,0,0,254
852,575,0,0,254
853,575,0,0,254
854,575,0,0,254
855,575,0,0,254
856,575,2,1,255
857,575,0,0,253
858,575,0,2,255
859,575,1,0,254
432,576,0,0,246
433,576,1,1,255
434,576,0,0,251
435,576,3,4,255
436,576,0,0,253
437,576,0,0,236
438,576,5,4,255
439,576,3,2,255
440,576,0,0,254
441,576,0,0,254
442,576,0,0,254
443,576,0,0,254
444,576,0,0,254
445,576,0,0,254
446,576,0,0,254
447,576,0,0,254
846,576,0,0,251
847,576,0,0,254
848,576,0,0,254
849,576,0,0,254
850,576,0,0,254
851,576,0,0,254
852,576,0,0,254
853,576,0,0,254
854,576,0,0,254
855,576,0,0,254
856,576,2,1,255
857,576,0,0,253
858,576,0,2,255
859,576,1,0,254
432,577,2,2,255
433,577,0,0,253
434,577,0,0,250
435,577,0,2,247
436,577,7,7,255
437,577,0,0,248
438,577,0,0,249
439,577,2,1,255
440,577,0,0,254
441,577,0,0,254
442,577,0,0,254
443,577,0,0,254
444,577,0,0,254
445,577,0,0,254
446,577,0,0,254
447,577,0,0,254
448,577,6,0,252
846,577,0,0,251
847,577,0,0,254
848,577,0,0,254
849,577,0,0,254
850,577,0,0,254
851,577,0,0,254
852,577,0,0,254
853,577,0,0,254
854,577,0,0,254
855,577,0,0,254
856,577,2,1,255
857,577,0,0,253
858,577,0,2,255
859,577,1,0,254
432,578,0,0,243
433,578,0,0,252
434,578,4,4,255
435,578,0,0,253
436,578,0,0,252
437,578,1,1,255
438,578,0,0,246
439,578,0,2,241
440,578,0,0,254
441,578,0,0,254
442,578,0,0,254
443,578,0,0,254
444,578,0,0,254
445,578,0,0,254
446,578,0,0,254
447,578,0,0,254
448,578,9,0,255
846,578,0,0,251
847,578,0,0,254
848,578,0,0,254
849,578,0,0,254
850,578,0,0,254
851,578,0,0,254
852,578,0,0,254
853,578,0,0,254
854,578,0,0,254
855,578,0,0,254
856,578,2,1,255
857,578,0,0,253
858,578,0,2,255
859,578,1,0,254
432,579,7,6,255
433,579,3,2,255
434,579,1,3,238
435,579,4,3,254
436,579,5,4,255
437,579,4,4,255
438,579,4,4,255
439,579,0,0,253
440,579,0,0,254
441,579,0,0,254
442,579,0,0,254
443,579,0,0,254
444,579,0,0,254
445,579,0,0,254
446,579,0,0,254
447,579,0,0,254
448,579,3,0,250
846,579,0,0,251
847,579,0,0,254
848,579,0,0,254
849,579,0,0,254
850,579,0,0,254
851,579,0,0,254
852,579,0,0,254
853,579,0,0,254
854,579,0,0,254
855,579,0,0,254
856,579,2,1,255
857,579,0,0,253
858,579,0,2,255
859,579,1,0,254
432,580,0,0,250
433,580,4,1,255
434,580,2,1,255
435,580,0,0,239
436,580,7,6,255
437,580,0,0,254
438,580,0,0,248
439,580,1,2,253
440,580,0,0,254
441,580,0,0,254
442,580,0,0,254
443,580,0,0,254
444,580,0,0,254
445,580,0,0,254
446,580,0,0,254
447,580,0,0,254
448,580,10,2,255
846,580,0,0,251
847,580,0,0,254
848,580,0,0,254
849,580,0,0,254
850,580,0,0,254
851,580,0,0,254
852,580,0,0,254
853,580,0,0,254
854,580,0,0,254
855,580,0,0,254
856,580,2,1,255
857,580,0,0,253
858,580,0,2,255
859,580,1,0,254
432,581,5,0,255
433,581,4,4,242
434,581,0,0,250
435,581,1,0,254
436,581,0,0,237
437,581,0,0,252
438,581,0,0,250
439,581,1,2,252
440,581,0,0,254
441,581,0,0,254
442,581,0,0,254
443,581,0,0,254
444,581,0,0,254
445,581,0,0,254
446,581,0,0,254
447,581,0,0,254
448,581,0,0,241
846,581,0,0,251
847,581,0,0,254
848,581,0,0,254
849,581,0,0,254
850,581,0,0,254
851,581,0,0,254
852,581,0,0,254
853,581,0,0,254
854,581,0,0,254
855,581,0,0,254
856,581,2,1,255
857,581,0,0,253
858,581,0,2,255
859,581,1,0,254
432,582,3,0,253
433,582,4,0,251
434,582,0,0,236
435,582,5,2,255
436,582,8,7,255
437,582,2,3,253
438,582,0,0,251
439,582,0,0,250
440,582,0,0,254
441,582,0,0,254
442,582,0,0,254
443,582,0,0,254
444,582,0,0,254
445,582,0,0,254
446,582,0,0,254
447,582,0,0,254
448,582,4,1,255
846,582,0,0,251
847,582,0,0,254
848,582,0,0,254
849,582,0,0,254
850,582,0,0,254
851,582,0,0,254
852,582,0,0,254
853,582,0,0,254
854,582,0,0,254
855,582,0,0,254
856,582,2,1,255
857,582,0,0,253
858,582,0,2,255
859,582,1,0,254
433,583,3,0,253
434,583,6,1,253
435,583,0,0,252
436,583,3,2,255
437,583,0,0,239
438,583,3,3,255
439,583,0,0,253
440,583,0,0,254
441,583,0,0,254
442,583,0,0,254
443,583,0,0,254
444,583,0,0,254
445,583,0,0,254
446,583,0,0,254
447,583,0,0,254
448,583,0,0,247
846,583,0,0,251
847,583,0,0,254
848,583,0,0,254
849,583,0,0,254
850,583,0,0,254
851,583,0,0,254
852,583,0,0,254
853,583,0,0,254
854,583,0,0,254
855,583,0,0,254
856,583,2,1,255
857,583,0,0,253
858,583,0,2,255
859,583,1,0,254
434,584,7,0,253
435,584,0,0,245
436,584,0,4,255
437,584,8,5,255
438,584,0,0,241
439,584,0,0,250
440,584,0,0,254
441,584,0,0,254
442,584,0,0,254
443,584,0,0,254
444,584,0,0,254
445,584,0,0,254
446,584,0,0,254
447,584,0,0,254
448,584,3,0,249
846,584,0,0,251
847,584,0,0,254
848,584,0,0,254
849,584,0,0,254
850,584,0,0,254
851,584,0,0,254
852,584,0,0,254
853,584,0,0,254
854,584,0,0,254
855,584,0,0,254
856,584,2,1,255
857,584,0,0,253
858,584,0,2,255
859,584,1,0,254
435,585,8,0,252
436,585,0,0,245
437,585,3,0,255
438,585,0,5,255
439,585,0,0,249
440,585,0,0,254
441,585,0,0,254
442,585,0,0,254
443,585,0,0,254
444,585,0,0,254
445,585,0,0,254
446,585,0,0,254
447,585,0,0,254
448,585,0,0,247
846,585,0,0,251
847,585,0,0,254
848,585,0,0,254
849,585,0,0,254
850,585,0,0,254
851,585,0,0,254
852,585,0,0,254
853,585,0,0,254
854,585,0,0,254
855,585,0,0,254
856,585,2,1,255
857,585,0,0,253
858,585,0,2,255
859,585,1,0,254
436,586,6,3,255
437,586,0,0,250
438,586,1,6,255
439,586,3,2,255
440,586,0,0,254
441,586,0,0,254
442,586,0,0,254
443,586,0,0,254
444,586,0,0,254
445,586,0,0,254
446,586,0,0,254
447,586,0,0,254
448,586,1,1,255
846,586,0,0,251
847,586,0,0,254
848,586,0,0,254
849,586,0,0,254
850,586,0,0,254
851,586,0,0,254
852,586,0,0,254
853,586,0,0,254
854,586,0,0,254
855,586,0,0,254
856,586,2,1,255
857,586,0,0,253
858,586,0,2,255
859,586,1,0,254
436,587,0,0,240
437,587,0,0,230
438,587,0,3,255
439,587,0,0,235
440,587,0,0,254
441,587,0,0,254
442,587,0,0,254
443,587,0,0,254
444,587,0,0,254
445,587,0,0,254
446,587,0,0,254
447,587,0,0,254
448,587,0,0,252
449,587,2,0,249
846,587,0,0,251
847,587,0,0,254
848,587,0,0,254
849,587,0,0,254
850,587,0,0,254
851,587,0,0,254
852,587,0,0,254
853,587,0,0,254
854,587,0,0,254
855,587,0,0,254
856,587,2,1,255
857,587,0,0,253
858,587,0,2,255
859,587,1,0,254
436,588,8,2,255
437,588,0,0,254
438,588,2,1,255
439,588,1,0,253
440,588,0,0,254
441,588,0,0,254
442,588,0,0,254
443,588,0,0,254
444,588,0,0,254
445,588,0,0,254
446,588,0,0,254
447,588,0,0,254
448,588,0,0,249
449,588,1,0,254
450,588,12,0,250
846,588,0,0,251
847,588,0,0,254
848,588,0,0,254
849,588,0,0,254
850,588,0,0,254
851,588,0,0,254
852,588,0,0,254
853,588,0,0,254
854,588,0,0,254
855,588,0,0,254
856,588,2,1,255
857,588,0,0,253
858,588,0,2,255
859,588,1,0,254
436,589,6,5,255
437,589,0,3,242
438,589,6,3,255
439,589,2,2,255
440,589,0,0,254
441,589,0,0,254
442,589,0,0,254
443,589,0,0,254
444,589,0,0,254
445,589,0,0,254
446,589,0,0,254
447,589,0,0,254
448,589,3,9,255
449,589,4,0,248
450,589,9,10,251
451,589,1,0,253
846,589,0,0,251
847,589,0,0,254
848,589,0,0,254
849,589,0,0,254
850,589,0,0,254
851,589,0,0,254
852,589,0,0,254
853,589,0,0,254
854,589,0,0,254
855,589,0,0,254
856,589,2,1,255
857,589,0,0,253
858,589,0,2,255
859,589,1,0,254
436,590,0,0,251
437,590,0,2,247
438,590,2,0,250
439,590,0,1,250
440,590,0,0,254
441,590,0,0,254
442,590,0,0,254
443,590,0,0,254
444,590,0,0,254
445,590,0,0,254
446,590,0,0,254
447,590,0,0,254
448,590,0,0,252
449,590,7,0,253
450,590,2,9,255
451,590,0,2,251
846,590,0,0,251
847,590,0,0,254
848,590,0,0,254
849,590,0,0,254
850,590,0,0,254
851,590,0,0,254
852,590,0,0,254
853,590,0,0,254
854,590,0,0,254
855,590,0,0,254
856,590,2,1,255
857,590,0,0,253
858,590,0,2,255
859,590,1,0,254
436,591,0,0,248
437,591,4,4,255
438,591,5,0,255
439,591,0,2,254
440,591,0,0,254
441,591,0,0,254
442,591,0,0,254
443,591,0,0,254
444,591,0,0,254
445,591,0,0,254
446,591,0,0,254
447,591,0,0,254
448,591,2,0,254
449,591,2,1,255
450,591,0,2,254
451,591,0,2,251
452,591,9,1,255
846,591,0,0,251
847,591,0,0,254
848,591,0,0,254
849,591,0,0,254
850,591,0,0,254
851,591,0,0,254
852,591,0,0,254
853,591,0,0,254
854,591,0,0,254
855,591,0,0,254
856,591,2,1,255
857,591,0,0,253
858,591,0,2,255
859,591,1,0,254
436,592,0,0,248
437,592,0,7,237
438,592,0,6,254
439,592,0,5,255
440,592,0,0,254
441,592,0,0,254
442,592,0,0,254
443,592,0,0,254
444,592,0,0,254
445,592,0,0,254
446,592,0,0,254
447,592,0,0,254
448,592,0,4,251
449,592,0,0,245
450,592,5,0,255
451,592,0,0,246
452,592,0,1,254
846,592,0,0,251
847,592,0,0,254
848,592,0,0,254
849,592,0,0,254
850,592,0,0,254
851,592,0,0,254
852,592,0,0,254
853,592,0,0,254
854,592,0,0,254
855,592,0,0,254
856,592,2,1,255
857,592,0,0,253
858,592,0,2,255
859,592,1,0,254
436,593,3,3,255
437,593,0,1,248
438,593,0,1,254
439,593,0,0,252
440,593,0,0,254
441,593,0,0,254
442,593,0,0,254
443,593,0,0,254
444,593,0,0,254
445,593,0,0,254
446,593,0,0,254
447,593,0,0,254
448,593,3,7,254
449,593,0,0,248
450,593,8,2,255
451,593,6,5,255
452,593,0,4,255
846,593,0,0,251
847,593,0,0,254
848,593,0,0,254
849,593,0,0,254
850,593,0,0,254
851,593,0,0,254
852,593,0,0,254
853,593,0,0,254
854,593,0,0,254
855,593,0,0,254
856,593,2,1,255
857,593,0,0,253
858,593,0,2,255
859,593,1,0,254
436,594,0,0,248
437,594,0,0,251
438,594,0,0,240
439,594,11,1,255
440,594,0,0,254
441,594,0,0,254
442,594,0,0,254
443,594,0,0,254
444,594,0,0,254
445,594,0,0,254
446,594,0,0,254
447,594,0,0,254
448,594,0,1,246
449,594,7,7,255
450,594,1,0,251
451,594,5,4,255
452,594,0,0,245
846,594,0,0,251
847,594,0,0,254
848,594,0,0,254
849,594,0,0,254
850,594,0,0,254
851,594,0,0,254
852,594,0,0,254
853,594,0,0,254
854,594,0,0,254
855,594,0,0,254
856,594,2,1,255
857,594,0,0,253
858,594,0,2,255
859,594,1,0,254
436,595,12,5,255
437,595,6,5,255
438,595,2,0,254
439,595,1,0,254
440,595,0,0,254
441,595,0,0,254
442,595,0,0,254
443,595,0,0,254
444,595,0,0,254
445,595,0,0,254
446,595,0,0,254
447,595,0,0,254
448,595,0,0,237
449,595,1,1,255
450,595,1,0,251
451,595,0,0,253
452,595,0,0,252
846,595,0,0,251
847,595,0,0,254
848,595,0,0,254
849,595,0,0,254
850,595,0,0,254
851,595,0,0,254
852,595,0,0,254
853,595,0,0,254
854,595,0,0,254
855,595,0,0,254
856,595,2,1,255
857,595,0,0,253
858,595,0,2,255
859,595,1,0,254
437,596,3,0,243
438,596,0,0,251
439,596,0,5,255
440,596,0,0,254
441,596,0,0,254
442,596,0,0,254
443,596,0,0,254
444,596,0,0,254
445,596,0,0,254
446,596,0,0,254
447,596,0,0,254
448,596,0,0,249
449,596,0,0,253
450,596,7,1,255
451,596,1,0,254
452,596,0,0,245
846,596,0,0,251
847,596,0,0,254
848,596,0,0,254
849,596,0,0,254
850,596,0,0,254
851,596,0,0,254
852,596,0,0,254
853,596,0,0,254
854,596,0,0,254
855,596,0,0,254
856,596,2,1,255
857,596,0,0,253
858,596,0,2,255
859,596,1,0,254
437,597,10,0,252
438,597,7,0,248
439,597,0,3,252
440,597,0,0,254
441,597,0,0,254
442,597,0,0,254
443,597,0,0,254
444,597,0,0,254
445,597,0,0,254
446,597,0,0,254
447,597,0,0,254
448,597,0,0,253
449,597,6,6,255
450,597,3,0,253
451,597,0,2,247
452,597,0,6,252
846,597,0,0,251
847,597,0,0,254
848,597,0,0,254
849,597,0,0,254
850,597,0,0,254
851,597,0,0,254
852,597,0,0,254
853,597,0,0,254
854,597,0,0,254
855,597,0,0,254
856,597,2,1,255
857,597,0,0,253
858,597,0,2,255
859,597,1,0,254
439,598,11,0,255
440,598,0,0,254
441,598,0,0,254
442,598,0,0,254
443,598,0,0,254
444,598,0,0,254
445,598,0,0,254
446,598,0,0,254
447,598,0,0,254
448,598,0,0,254
449,598,0,0,249
450,598,2,0,252
451,598,0,0,250
452,598,0,7,255
846,598,0,0,251
847,598,0,0,254
848,598,0,0,254
849,598,0,0,254
850,598,0,0,254
851,598,0,0,254
852,598,0,0,254
853,598,0,0,254
854,598,0,0,254
855,598,0,0,254
856,598,2,1,255
857,598,0,0,253
858,598,0,2,255
859,598,1,0,254
440,599,0,0,254
441,599,0,0,254
442,599,0,0,254
443,599,0,0,254
444,599,0,0,254
445,599,0,0,254
446,599,0,0,254
447,599,0,0,254
448,599,0,0,252
449,599,0,2,239
450,599,9,3,255
451,599,2,2,255
452,599,0,0,251
453,599,21,0,240
846,599,0,0,251
847,599,0,0,254
848,599,0,0,254
849,599,0,0,254
850,599,0,0,254
851,599,0,0,254
852,599,0,0,254
853,599,0,0,254
854,599,0,0,254
855,599,0,0,254
856,599,2,1,255
857,599,0,0,253
858,599,0,2,255
859,599,1,0,254
440,600,2,1,255
441,600,0,0,235
442,600,4,3,255
443,600,2,0,254
444,600,6,3,255
445,600,3,3,249
446,600,0,0,245
447,600,2,2,255
448,600,0,4,255
449,600,0,0,252
450,600,9,0,255
451,600,1,0,251
452,600,2,3,254
453,600,7,1,255
846,600,0,0,251
847,600,0,0,254
848,600,0,0,254
849,600,0,0,254
850,600,0,0,254
851,600,0,0,254
852,600,0,0,254
853,600,0,0,254
854,600,0,0,254
855,600,0,0,254
856,600,2,1,255
857,600,0,0,253
858,600,0,2,255
859,600,1,0,254
440,601,0,2,253
441,601,4,1,255
442,601,4,1,255
443,601,0,1,254
444,601,0,0,249
445,601,0,0,249
446,601,5,3,252
447,601,0,3,255
448,601,0,5,251
449,601,2,1,253
450,601,2,0,251
451,601,3,2,246
452,601,0,3,255
453,601,4,3,255
454,601,13,0,253
846,601,0,0,251
847,601,0,0,254
848,601,0,0,254
849,601,0,0,254
850,601,0,0,254
851,601,0,0,254
852,601,0,0,254
853,601,0,0,254
854,601,0,0,254
855,601,0,0,254
856,601,2,1,255
857,601,0,0,253
858,601,0,2,255
859,601,1,0,254
440,602,0,3,255
441,602,3,1,252
442,602,1,0,242
443,602,0,0,244
444,602,0,2,254
445,602,0,0,247
446,602,0,0,251
447,602,0,2,249
448,602,0,0,250
449,602,0,0,252
450,602,5,0,255
451,602,5,4,255
452,602,0,0,251
453,602,0,0,249
454,602,11,1,255
846,602,0,0,251
847,602,0,0,254
848,602,0,0,254
849,602,0,0,254
850,602,0,0,254
851,602,0,0,254
852,602,0,0,254
853,602,0,0,254
854,602,0,0,254
855,602,0,0,254
856,602,2,1,255
857,602,0,0,253
858,602,0,2,255
859,602,1,0,254
440,603,3,0,248
441,603,2,3,244
442,603,4,4,255
443,603,7,7,255
444,603,0,0,253
445,603,0,0,241
446,603,7,7,255
447,603,1,2,242
448,603,0,0,253
449,603,7,6,255
450,603,2,0,254
451,603,0,0,249
452,603,0,1,236
453,603,0,4,255
454,603,0,0,250
455,603,6,0,249
846,603,0,0,251
847,603,0,0,254
848,603,0,0,254
849,603,0,0,254
850,603,0,0,254
851,603,0,0,254
852,603,0,0,254
853,603,0,0,254
854,603,0,0,254
855,603,0,0,254
856,603,2,1,255
857,603,0,0,253
858,603,0,2,255
859,603,1,0,254
441,604,0,0,251
442,604,0,0,250
443,604,4,0,253
444,604,6,1,253
445,604,0,0,250
446,604,0,8,248
447,604,11,1,255
448,604,3,3,255
449,604,0,0,251
450,604,0,0,252
451,604,1,3,244
452,604,0,0,250
453,604,0,6,255
454,604,0,0,242
455,604,3,2,255
846,604,0,0,251
847,604,0,0,254
848,604,0,0,254
849,604,0,0,254
850,604,0,0,254
851,604,0,0,254
852,604,0,0,254
853,604,0,0,254
854,604,0,0,254
855,604,0,0,254
856,604,2,1,255
857,604,0,0,253
858,604,0,2,255
859,604,1,0,254
441,605,9,0,254
442,605,0,0,242
443,605,13,2,255
444,605,8,0,255
445,605,0,2,252
446,605,0,0,250
447,605,1,0,243
448,605,2,4,245
449,605,0,0,249
450,605,3,2,255
451,605,0,0,253
452,605,6,9,255
453,605,0,3,245
454,605,2,5,255
455,605,0,0,254
456,605,14,0,255
846,605,0,0,251
847,605,0,0,254
848,605,0,0,254
849,605,0,0,254
850,605,0,0,254
851,605,0,0,254
852,605,0,0,254
853,605,0,0,254
854,605,0,0,254
855,605,0,0,254
856,605,2,1,255
857,605,0,0,253
858,605,0,2,255
859,605,1,0,254
442,606,15,0,254
443,606,0,0,249
444,606,0,0,250
445,606,5,8,255
446,606,0,2,247
447,606,0,1,254
448,606,0,0,243
449,606,1,1,255
450,606,5,4,255
451,606,0,0,251
452,606,2,2,248
453,606,0,0,246
454,606,0,2,241
455,606,0,0,254
456,606,0,0,254
457,606,11,0,253
846,606,0,0,251
847,606,0,0,254
848,606,0,0,254
849,606,0,0,254
850,606,0,0,254
851,606,0,0,254
852,606,0,0,254
853,606,0,0,254
854,606,0,0,254
855,606,0,0,254
856,606,2,1,255
857,606,0,0,253
858,606,0,2,255
859,606,1,0,254
443,607,4,1,254
444,607,0,6,254
445,607,3,0,249
446,607,3,0,252
447,607,0,6,255
448,607,1,2,250
449,607,0,0,253
450,607,3,2,255
451,607,2,1,255
452,607,3,0,255
453,607,4,1,255
454,607,2,1,255
455,607,0,0,253
456,607,0,5,244
457,607,3,0,243
846,607,0,0,251
847,607,0,0,254
848,607,0,0,254
849,607,0,0,254
850,607,0,0,254
851,607,0,0,254
852,607,0,0,254
853,607,0,0,254
854,607,0,0,254
855,607,0,0,254
856,607,2,1,255
857,607,0,0,253
858,607,0,2,255
859,607,1,0,254
443,608,3,0,255
444,608,0,0,248
445,608,0,2,253
446,608,7,0,254
447,608,4,4,240
448,608,0,0,254
449,608,0,0,254
450,608,0,0,254
451,608,0,0,254
452,608,0,0,254
453,608,0,0,254
454,608,0,0,254
455,608,0,0,254
456,608,0,1,254
457,608,0,1,250
458,608,7,1,247
846,608,0,0,251
847,608,0,0,254
848,608,0,0,254
849,608,0,0,254
850,608,0,0,254
851,608,0,0,254
852,608,0,0,254
853,608,0,0,254
854,608,0,0,254
855,608,0,0,254
856,608,2,1,255
857,608,0,0,253
858,608,0,2,255
859,608,1,0,254
444,609,3,8,255
445,609,5,3,252
446,609,0,0,250
447,609,0,0,251
448,609,0,0,254
449,609,0,0,254
450,609,0,0,254
451,609,0,0,254
452,609,0,0,254
453,609,0,0,254
454,609,0,0,254
455,609,0,0,254
456,609,0,2,253
457,609,0,2,255
458,609,0,0,249
846,609,0,0,251
847,609,0,0,254
848,609,0,0,254
849,609,0,0,254
850,609,0,0,254
851,609,0,0,254
852,609,0,0,254
853,609,0,0,254
854,609,0,0,254
855,609,0,0,254
856,609,2,1,255
857,609,0,0,253
858,609,0,2,255
859,609,1,0,254
444,610,7,0,254
445,610,3,0,253
446,610,0,6,246
447,610,3,3,255
448,610,0,0,254
449,610,0,0,254
450,610,0,0,254
451,610,0,0,254
452,610,0,0,254
453,610,0,0,254
454,610,0,0,254
455,610,0,0,254
456,610,0,0,250
457,610,0,0,236
458,610,8,0,255
459,610,15,0,255
846,610,0,0,251
847,610,0,0,254
848,610,0,0,254
849,610,0,0,254
850,610,0,0,254
851,610,0,0,254
852,610,0,0,254
853,610,0,0,254
854,610,0,0,254
855,610,0,0,254
856,610,2,1,255
857,610,0,0,253
858,610,0,2,255
859,610,1,0,254
445,611,7,6,255
446,611,0,0,250
447,611,0,1,240
448,611,0,0,254
449,611,0,0,254
450,611,0,0,254
451,611,0,0,254
452,611,0,0,254
453,611,0,0,254
454,611,0,0,254
455,611,0,0,254
456,611,0,0,253
457,611,3,4,254
458,611,0,0,249
459,611,9,0,254
846,611,0,0,251
847,611,0,0,254
848,611,0,0,254
849,611,0,0,254
850,611,0,0,254
851,611,0,0,254
852,611,0,0,254
853,611,0,0,254
854,611,0,0,254
855,611,0,0,254
856,611,2,1,255
857,611,0,0,253
858,611,0,2,255
859,611,1,0,254
445,612,10,0,255
446,612,0,0,246
447,612,0,6,252
448,612,0,0,254
449,612,0,0,254
450,612,0,0,254
451,612,0,0,254
452,612,0,0,254
453,612,0,0,254
454,612,0,0,254
455,612,0,0,254
456,612,0,5,247
457,612,1,0,254
458,612,5,0,255
459,612,6,0,254
846,612,0,0,251
847,612,0,0,254
848,612,0,0,254
849,612,0,0,254
850,612,0,0,254
851,612,0,0,254
852,612,0,0,254
853,612,0,0,254
854,612,0,0,254
855,612,0,0,254
856,612,2,1,255
857,612,0,0,253
858,612,0,2,255
859,612,1,0,254
446,613,9,1,255
447,613,2,0,254
448,613,0,0,254
449,613,0,0,254
450,613,0,0,254
451,613,0,0,254
452,613,0,0,254
453,613,0,0,254
454,613,0,0,254
455,613,0,0,254
456,613,0,0,242
457,613,5,4,255
458,613,4,0,252
459,613,0,0,251
846,613,0,0,251
847,613,0,0,254
848,613,0,0,254
849,613,0,0,254
850,613,0,0,254
851,613,0,0,254
852,613,0,0,254
853,613,0,0,254
854,613,0,0,254
855,613,0,0,254
856,613,2,1,255
857,613,0,0,253
858,613,0,2,255
859,613,1,0,254
447,614,4,0,233
448,614,0,0,254
449,614,0,0,254
450,614,0,0,254
451,614,0,0,254
452,614,0,0,254
453,614,0,0,254
454,614,0,0,254
455,614,0,0,254
456,614,3,8,255
457,614,1,0,254
458,614,3,0,241
459,614,0,4,255
846,614,0,0,251
847,614,0,0,254
848,614,0,0,254
849,614,0,0,254
850,614,0,0,254
851,614,0,0,254
852,614,0,0,254
853,614,0,0,254
854,614,0,0,254
855,614,0,0,254
856,614,2,1,255
857,614,0,0,253
858,614,0,2,255
859,614,1,0,254
447,615,5,0,252
448,615,0,0,254
449,615,0,0,254
450,615,0,0,254
451,615,0,0,254
452,615,0,0,254
453,615,0,0,254
454,615,0,0,254
455,615,0,0,254
456,615,0,0,249
457,615,1,0,253
458,615,3,0,251
459,615,0,2,251
846,615,0,0,251
847,615,0,0,254
848,615,0,0,254
849,615,0,0,254
850,615,0,0,254
851,615,0,0,254
852,615,0,0,254
853,615,0,0,254
854,615,0,0,254
855,615,0,0,254
856,615,2,1,255
857,615,0,0,253
858,615,0,2,255
859,615,1,0,254
447,616,0,1,254
448,616,0,0,254
449,616,0,0,254
450,616,0,0,254
451,616,0,0,254
452,616,0,0,254
453,616,0,0,254
454,616,0,0,254
455,616,0,0,254
456,616,0,2,254
457,616,2,5,255
458,616,5,0,255
459,616,13,0,255
846,616,6,6,255
847,616,0,4,250
848,616,0,0,254
849,616,0,0,254
850,616,0,0,254
851,616,0,0,254
852,616,0,0,254
853,616,0,0,254
854,616,0,0,254
855,616,0,0,254
856,616,2,1,255
857,616,0,0,253
858,616,0,2,255
859,616,1,0,254
447,617,0,1,254
448,617,0,0,254
449,617,0,0,254
450,617,0,0,254
451,617,0,0,254
452,617,0,0,254
453,617,0,0,254
454,617,0,0,254
455,617,0,0,254
456,617,0,0,253
457,617,0,0,247
458,617,0,0,250
459,617,0,2,245
460,617,0,0,251
461,617,0,0,253
462,617,3,3,255
463,617,0,0,251
846,617,0,0,253
847,617,0,1,252
848,617,0,0,254
849,617,0,0,254
850,617,0,0,254
851,617,0,0,254
852,617,0,0,254
853,617,0,0,254
854,617,0,0,254
855,617,0,0,254
856,617,2,1,255
857,617,0,0,253
858,617,0,2,255
859,617,1,0,254
447,618,0,1,254
448,618,0,0,254
449,618,0,0,254
450,618,0,0,254
451,618,0,0,254
452,618,0,0,254
453,618,0,0,254
454,618,0,0,254
455,618,0,0,254
456,618,3,2,254
457,618,5,4,255
458,618,0,0,252
459,618,0,4,240
460,618,0,5,255
461,618,0,8,255
462,618,0,2,251
463,618,0,4,255
464,618,1,2,253
845,618,13,0,252
846,618,0,1,243
847,618,3,3,255
848,618,0,0,254
849,618,0,0,254
850,618,0,0,254
851,618,0,0,254
852,618,0,0,254
853,618,0,0,254
854,618,0,0,254
855,618,0,0,254
856,618,2,1,255
857,618,0,0,253
858,618,0,2,255
859,618,1,0,254
447,619,0,1,254
448,619,0,0,254
449,619,0,0,254
450,619,0,0,254
451,619,0,0,254
452,619,0,0,254
453,619,0,0,254
454,619,0,0,254
455,619,0,0,254
456,619,0,0,251
457,619,0,0,248
458,619,4,4,252
459,619,0,0,252
460,619,3,0,244
461,619,0,0,248
462,619,7,0,254
463,619,7,0,254
464,619,0,2,251
465,619,10,2,255
844,619,2,0,249
845,619,0,0,250
846,619,0,0,253
847,619,4,1,242
848,619,0,0,254
849,619,0,0,254
850,619,0,0,254
851,619,0,0,254
852,619,0,0,254
853,619,0,0,254
854,619,0,0,254
855,619,0,0,254
856,619,2,1,255
857,619,0,0,253
858,619,0,2,255
859,619,1,0,254
447,620,0,1,254
448,620,0,0,254
449,620,0,0,254
450,620,0,0,254
451,620,0,0,254
452,620,0,0,254
453,620,0,0,254
454,620,0,0,254
455,620,0,0,254
456,620,3,2,255
457,620,2,1,252
458,620,3,3,249
459,620,0,0,248
460,620,2,1,255
461,620,0,0,251
462,620,0,0,253
463,620,0,0,252
464,620,0,0,244
465,620,1,4,255
466,620,0,0,250
467,620,5,0,249
843,620,4,0,237
844,620,0,3,252
845,620,0,0,253
846,620,0,0,254
847,620,7,1,255
848,620,0,0,254
849,620,0,0,254
850,620,0,0,254
851,620,0,0,254
852,620,0,0,254
853,620,0,0,254
854,620,0,0,254
855,620,0,0,254
856,620,2,1,255
857,620,0,0,253
858,620,0,2,255
859,620,1,0,254
447,621,0,1,254
448,621,0,0,254
449,621,0,0,254
450,621,0,0,254
451,621,0,0,254
452,621,0,0,254
453,621,0,0,254
454,621,0,0,254
455,621,0,0,254
456,621,1,0,254
457,621,0,0,252
458,621,1,1,255
459,621,0,0,248
460,621,1,4,255
461,621,0,1,246
462,621,1,5,252
463,621,0,2,251
464,621,5,0,252
465,621,1,4,255
466,621,0,5,238
467,621,0,3,255
468,621,17,0,255
843,621,5,2,255
844,621,0,3,245
845,621,0,3,255
846,621,0,0,253
847,621,0,0,253
848,621,0,0,254
849,621,0,0,254
850,621,0,0,254
851,621,0,0,254
852,621,0,0,254
853,621,0,0,254
854,621,0,0,254
855,621,0,0,254
856,621,2,1,255
857,621,0,0,253
858,621,0,2,255
859,621,1,0,254
447,622,0,1,254
448,622,0,0,254
449,622,0,0,254
450,622,0,0,254
451,622,0,0,254
452,622,0,0,254
453,622,0,0,254
454,622,0,0,254
455,622,0,0,254
456,622,0,0,251
457,622,4,4,255
458,622,0,1,249
459,622,0,0,254
460,622,2,2,250
461,622,2,1,255
462,622,0,0,250
463,622,4,3,255
464,622,0,3,248
465,622,2,2,255
466,622,2,1,253
467,622,0,0,253
468,622,0,0,250
469,622,6,0,253
843,622,2,2,255
844,622,0,5,255
845,622,4,4,252
846,622,10,7,255
847,622,0,0,252
848,622,0,0,254
849,622,0,0,254
850,622,0,0,254
851,622,0,0,254
852,622,0,0,254
853,622,0,0,254
854,622,0,0,254
855,622,0,0,254
856,622,2,1,255
857,622,0,0,253
858,622,0,2,255
859,622,1,0,254
447,623,0,1,254
448,623,0,0,254
449,623,0,0,254
450,623,0,0,254
451,623,0,0,254
452,623,0,0,254
453,623,0,0,254
454,623,0,0,254
455,623,0,0,254
456,623,2,1,253
457,623,1,0,254
458,623,1,1,255
459,623,0,0,250
460,623,2,7,255
461,623,0,2,252
462,623,0,4,253
463,623,0,2,254
464,623,0,0,250
465,623,1,1,255
466,623,0,3,254
467,623,0,5,251
468,623,0,2,249
469,623,5,0,249
470,623,14,0,252
843,623,0,0,251
844,623,0,0,251
845,623,3,0,247
846,623,4,0,254
847,623,0,0,249
848,623,0,0,254
849,623,0,0,254
850,623,0,0,254
851,623,0,0,254
852,623,0,0,254
853,623,0,0,254
854,623,0,0,254
855,623,0,0,254
856,623,2,1,255
857,623,0,0,253
858,623,0,2,255
859,623,1,0,254
447,624,1,1,255
448,624,0,0,252
449,624,4,4,255
450,624,0,0,236
451,624,0,0,249
452,624,1,0,254
453,624,1,0,254
454,624,1,0,254
455,624,4,3,255
456,624,0,0,246
457,624,1,1,255
458,624,0,0,251
459,624,3,4,255
460,624,0,0,253
461,624,0,0,236
462,624,5,4,255
463,624,3,2,255
464,624,0,0,251
465,624,0,2,255
466,624,2,0,254
467,624,0,0,253
468,624,1,1,255
469,624,0,2,254
470,624,1,0,254
843,624,0,1,254
844,624,0,2,255
845,624,0,0,252
846,624,1,1,255
847,624,2,0,254
848,624,0,0,254
849,624,0,0,254
850,624,0,0,254
851,624,0,0,254
852,624,0,0,254
853,624,0,0,254
854,624,0,0,254
855,624,0,0,254
856,624,0,2,251
857,624,0,2,249
858,624,0,2,253
859,624,7,0,253
447,625,2,1,243
448,625,4,4,248
449,625,3,2,255
450,625,3,2,255
451,625,2,2,250
452,625,4,3,255
453,625,3,3,251
454,625,0,0,243
455,625,0,0,254
456,625,2,2,255
457,625,0,0,253
458,625,0,0,250
459,625,0,2,247
460,625,7,7,255
461,625,0,0,248
462,625,0,0,249
463,625,2,1,255
464,625,0,0,251
465,625,0,2,255
466,625,2,0,254
467,625,0,0,253
468,625,1,1,255
469,625,0,2,254
470,625,1,0,254
843,625,0,1,254
844,625,0,2,255
845,625,0,0,252
846,625,1,1,255
847,625,2,0,254
848,625,0,0,254
849,625,0,0,254
850,625,0,0,254
851,625,0,0,254
852,625,0,0,254
853,625,0,0,254
854,625,0,0,254
855,625,0,0,254
856,625,3,0,252
857,625,8,5,255
858,625,6,0,252
447,626,4,0,251
448,626,0,3,248
449,626,0,3,241
450,626,0,4,255
451,626,0,0,250
452,626,0,2,255
453,626,6,8,249
454,626,1,1,247
455,626,0,0,252
456,626,0,0,243
457,626,0,0,252
458,626,4,4,255
459,626,0,0,253
460,626,0,0,252
461,626,1,1,255
462,626,0,0,246
463,626,0,2,241
464,626,0,0,251
465,626,0,2,255
466,626,2,0,254
467,626,0,0,253
468,626,1,1,255
469,626,0,2,254
470,626,1,0,254
843,626,0,1,254
844,626,0,2,255
845,626,0,0,252
846,626,1,1,255
847,626,2,0,254
848,626,0,0,254
849,626,0,0,254
850,626,0,0,254
851,626,0,0,254
852,626,0,0,254
853,626,0,0,254
854,626,0,0,254
855,626,0,0,254
856,626,5,0,255
857,626,3,1,235
858,626,12,0,255
448,627,3,2,254
449,627,2,2,255
450,627,0,0,249
451,627,0,0,243
452,627,0,5,255
453,627,0,0,243
454,627,0,3,254
455,627,0,0,251
456,627,7,6,255
457,627,3,2,255
458,627,1,3,238
459,627,4,3,254
460,627,5,4,255
461,627,4,4,255
462,627,4,4,255
463,627,0,0,253
464,627,0,0,251
465,627,0,2,255
466,627,2,0,254
467,627,0,0,253
468,627,1,1,255
469,627,0,2,254
470,627,1,0,254
843,627,0,1,254
844,627,0,2,255
845,627,0,0,252
846,627,1,1,255
847,627,2,0,254
848,627,0,0,254
849,627,0,0,254
850,627,0,0,254
851,627,0,0,254
852,627,0,0,254
853,627,0,0,254
854,627,0,0,254
855,627,0,0,254
856,627,0,0,251
857,627,0,3,255
858,627,8,0,244
448,628,9,0,255
449,628,5,0,254
450,628,6,3,255
451,628,4,5,245
452,628,0,0,252
453,628,5,4,255
454,628,6,3,242
455,628,10,3,254
456,628,0,0,250
457,628,4,1,255
458,628,2,1,255
459,628,0,0,239
460,628,7,6,255
461,628,0,0,254
462,628,0,0,248
463,628,1,2,253
464,628,0,0,251
465,628,0,2,255
466,628,2,0,254
467,628,0,0,253
468,628,1,1,255
469,628,0,2,254
470,628,1,0,254
843,628,0,1,254
844,628,0,2,255
845,628,0,0,252
846,628,1,1,255
847,628,2,0,254
848,628,0,0,254
849,628,0,0,254
850,628,0,0,254
851,628,0,0,254
852,628,0,0,254
853,628,0,0,254
854,628,0,0,254
855,628,0,0,254
856,628,6,5,255
857,628,0,0,247
449,629,8,0,250
450,629,7,0,254
451,629,2,2,255
452,629,0,2,240
453,629,0,0,252
454,629,0,2,252
455,629,0,3,255
456,629,5,0,255
457,629,4,4,242
458,629,0,0,250
459,629,1,0,254
460,629,0,0,237
461,629,0,0,252
462,629,0,0,250
463,629,1,2,252
464,629,0,0,251
465,629,0,2,255
466,629,2,0,254
467,629,0,0,253
468,629,1,1,255
469,629,0,2,254
470,629,1,0,254
843,629,0,1,254
844,629,0,2,255
845,629,0,0,252
846,629,1,1,255
847,629,2,0,254
848,629,0,0,254
849,629,0,0,254
850,629,0,0,254
851,629,0,0,254
852,629,0,0,254
853,629,0,0,254
854,629,0,0,254
855,629,0,0,254
451,630,10,0,250
452,630,1,0,251
453,630,5,11,255
454,630,0,0,248
455,630,0,6,249
456,630,3,0,253
457,630,4,0,251
458,630,0,0,236
459,630,5,2,255
460,630,8,7,255
461,630,2,3,253
462,630,0,0,251
463,630,0,0,250
464,630,0,0,251
465,630,0,2,255
466,630,2,0,254
467,630,0,0,253
468,630,1,1,255
469,630,0,2,254
470,630,1,0,254
843,630,0,1,254
844,630,0,2,255
845,630,0,0,252
846,630,1,1,255
847,630,2,0,254
848,630,0,0,254
849,630,0,0,254
850,630,0,0,254
851,630,0,0,254
852,630,0,0,254
853,630,0,0,254
854,630,0,0,254
855,630,0,0,254
457,631,3,0,253
458,631,6,1,253
459,631,0,0,252
460,631,3,2,255
461,631,0,0,239
462,631,3,3,255
463,631,0,0,253
464,631,0,0,251
465,631,0,2,255
466,631,2,0,254
467,631,0,0,253
468,631,1,1,255
469,631,0,2,254
470,631,1,0,254
843,631,0,1,254
844,631,0,2,255
845,631,0,0,252
846,631,1,1,255
847,631,2,0,254
848,631,0,0,254
849,631,0,0,254
850,631,0,0,254
851,631,0,0,254
852,631,0,0,254
853,631,0,0,254
854,631,0,0,254
855,631,0,0,254
458,632,0,0,253
459,632,1,1,255
460,632,0,0,253
461,632,0,0,254
462,632,0,1,252
463,632,1,0,254
464,632,0,0,254
465,632,0,0,254
466,632,0,0,254
467,632,0,0,254
468,632,0,0,254
469,632,0,0,254
470,632,0,0,254
471,632,0,0,254
843,632,0,1,254
844,632,0,2,255
845,632,0,0,252
846,632,1,1,255
847,632,2,0,254
848,632,0,0,254
849,632,0,0,254
850,632,0,0,254
851,632,0,0,254
852,632,0,0,254
853,632,0,0,254
854,632,0,0,254
855,632,0,0,254
458,633,0,0,253
459,633,1,1,255
460,633,0,0,253
461,633,0,0,254
462,633,0,1,252
463,633,1,0,254
464,633,0,0,254
465,633,0,0,254
466,633,0,0,254
467,633,0,0,254
468,633,0,0,254
469,633,0,0,254
470,633,0,0,254
471,633,0,0,254
472,633,0,2,255
473,633,8,3,253
474,633,14,0,254
843,633,0,1,254
844,633,0,2,255
845,633,0,0,252
846,633,1,1,255
847,633,2,0,254
848,633,0,0,254
849,633,0,0,254
850,633,0,0,254
851,633,0,0,254
852,633,0,0,254
853,633,0,0,254
854,633,0,0,254
855,633,0,0,254
458,634,0,0,253
459,634,1,1,255
460,634,0,0,253
461,634,0,0,254
462,634,0,1,252
463,634,1,0,254
464,634,0,0,254
465,634,0,0,254
466,634,0,0,254
467,634,0,0,254
468,634,0,0,254
469,634,0,0,254
470,634,0,0,254
471,634,0,0,254
472,634,0,1,253
473,634,0,1,241
474,634,0,0,252
475,634,5,2,255
476,634,9,0,241
843,634,0,1,254
844,634,0,2,255
845,634,0,0,252
846,634,1,1,255
847,634,2,0,254
848,634,0,0,254
849,634,0,0,254
850,634,0,0,254
851,634,0,0,254
852,634,0,0,254
853,634,0,0,254
854,634,0,0,254
855,634,0,0,254
458,635,0,0,253
459,635,1,1,255
460,635,0,0,253
461,635,0,0,254
462,635,0,1,252
463,635,1,0,254
464,635,0,0,254
465,635,0,0,254
466,635,0,0,254
467,635,0,0,254
468,635,0,0,254
469,635,0,0,254
470,635,0,0,254
471,635,0,0,254
472,635,2,2,255
473,635,0,3,249
474,635,0,2,253
475,635,0,10,255
476,635,0,3,254
477,635,10,2,245
843,635,0,1,254
844,635,0,2,255
845,635,0,0,252
846,635,1,1,255
847,635,2,0,254
848,635,0,0,254
849,635,0,0,254
850,635,0,0,254
851,635,0,0,254
852,635,0,0,254
853,635,0,0,254
854,635,0,0,254
855,635,0,0,254
458,636,0,0,253
459,636,1,1,255
460,636,0,0,253
461,636,0,0,254
462,636,0,1,252
463,636,1,0,254
464,636,0,0,254
465,636,0,0,254
466,636,0,0,254
467,636,0,0,254
468,636,0,0,254
469,636,0,0,254
470,636,0,0,254
471,636,0,0,254
472,636,0,4,235
473,636,1,1,255
474,636,2,0,254
475,636,0,0,247
476,636,0,1,238
477,636,5,0,243
843,636,0,1,254
844,636,0,2,255
845,636,0,0,252
846,636,1,1,255
847,636,2,0,254
848,636,0,0,254
849,636,0,0,254
850,636,0,0,254
851,636,0,0,254
852,636,0,0,254
853,636,0,0,254
854,636,0,0,254
855,636,0,0,254
458,637,0,0,253
459,637,1,1,255
460,637,0,0,253
461,637,0,0,254
462,637,0,1,252
463,637,1,0,254
464,637,0,0,254
465,637,0,0,254
466,637,0,0,254
467,637,0,0,254
468,637,0,0,254
469,637,0,0,254
470,637,0,0,254
471,637,0,0,254
472,637,3,0,244
473,637,6,0,253
474,637,9,0,255
475,637,4,3,254
476,637,0,6,245
477,637,0,0,249
478,637,12,0,255
843,637,0,1,254
844,637,0,2,255
845,637,0,0,252
846,637,1,1,255
847,637,2,0,254
848,637,0,0,254
849,637,0,0,254
850,637,0,0,254
851,637,0,0,254
852,637,0,0,254
853,637,0,0,254
854,637,0,0,254
855,637,0,0,254
458,638,0,0,253
459,638,1,1,255
460,638,0,0,253
461,638,0,0,254
462,638,0,1,252
463,638,1,0,254
464,638,0,0,254
465,638,0,0,254
466,638,0,0,254
467,638,0,0,254
468,638,0,0,254
469,638,0,0,254
470,638,0,0,254
471,638,0,0,254
472,638,2,3,254
473,638,0,0,244
474,638,0,0,252
475,638,0,1,238
476,638,0,6,255
477,638,1,4,255
478,638,14,0,241
843,638,0,1,254
844,638,0,2,255
845,638,0,0,252
846,638,1,1,255
847,638,2,0,254
848,638,0,0,254
849,638,0,0,254
850,638,0,0,254
851,638,0,0,254
852,638,0,0,254
853,638,0,0,254
854,638,0,0,254
855,638,0,0,254
458,639,0,0,253
459,639,1,1,255
460,639,0,0,253
461,639,0,0,254
462,639,0,1,252
463,639,1,0,254
464,639,0,0,254
465,639,0,0,254
466,639,0,0,254
467,639,0,0,254
468,639,0,0,254
469,639,0,0,254
470,639,0,0,254
471,639,0,0,254
472,639,0,3,253
473,639,6,0,255
474,639,12,0,255
475,639,9,1,255
476,639,0,3,252
477,639,0,3,252
478,639,1,4,255
479,639,5,0,252
843,639,0,1,254
844,639,0,2,255
845,639,0,0,252
846,639,1,1,255
847,639,2,0,254
848,639,0,0,254
849,639,0,0,254
850,639,0,0,254
851,639,0,0,254
852,639,0,0,254
853,639,0,0,254
854,639,0,0,254
855,639,0,0,254
459,640,9,4,246
460,640,0,5,254
461,640,0,1,254
462,640,0,0,251
463,640,1,0,253
464,640,0,0,254
465,640,0,0,254
466,640,0,0,254
467,640,0,0,254
468,640,0,0,254
469,640,0,0,254
470,640,0,0,254
471,640,0,0,254
472,640,0,0,254
473,640,0,0,254
474,640,0,0,254
475,640,0,0,254
476,640,0,0,254
477,640,0,0,254
478,640,0,0,254
479,640,0,0,254
843,640,0,1,254
844,640,0,2,255
845,640,0,0,252
846,640,1,1,255
847,640,2,0,254
848,640,0,0,254
849,640,0,0,254
850,640,0,0,254
851,640,0,0,254
852,640,0,0,254
853,640,0,0,254
854,640,0,0,254
855,640,0,0,254
459,641,3,0,252
460,641,0,0,250
461,641,4,4,255
462,641,1,5,250
463,641,5,0,250
464,641,0,0,254
465,641,0,0,254
466,641,0,0,254
467,641,0,0,254
468,641,0,0,254
469,641,0,0,254
470,641,0,0,254
471,641,0,0,254
472,641,0,0,254
473,641,0,0,254
474,641,0,0,254
475,641,0,0,254
476,641,0,0,254
477,641,0,0,254
478,641,0,0,254
479,641,0,0,254
480,641,10,0,252
843,641,0,1,254
844,641,0,2,255
845,641,0,0,252
846,641,1,1,255
847,641,2,0,254
848,641,0,0,254
849,641,0,0,254
850,641,0,0,254
851,641,0,0,254
852,641,0,0,254
853,641,0,0,254
854,641,0,0,254
855,641,0,0,254
459,642,6,0,250
460,642,0,4,244
461,642,3,0,255
462,642,0,0,251
463,642,2,0,249
464,642,0,0,254
465,642,0,0,254
466,642,0,0,254
467,642,0,0,254
468,642,0,0,254
469,642,0,0,254
470,642,0,0,254
471,642,0,0,254
472,642,0,0,254
473,642,0,0,254
474,642,0,0,254
475,642,0,0,254
476,642,0,0,254
477,642,0,0,254
478,642,0,0,254
479,642,0,0,254
480,642,0,0,245
843,642,0,1,254
844,642,0,2,255
845,642,0,0,252
846,642,1,1,255
847,642,2,0,254
848,642,0,0,254
849,642,0,0,254
850,642,0,0,254
851,642,0,0,254
852,642,0,0,254
853,642,0,0,254
854,642,0,0,254
855,642,0,0,254
460,643,8,0,253
461,643,15,0,255
462,643,0,0,251
463,643,0,0,251
464,643,0,0,254
465,643,0,0,254
466,643,0,0,254
467,643,0,0,254
468,643,0,0,254
469,643,0,0,254
470,643,0,0,254
471,643,0,0,254
472,643,0,0,254
473,643,0,0,254
474,643,0,0,254
475,643,0,0,254
476,643,0,0,254
477,643,0,0,254
478,643,0,0,254
479,643,0,0,254
480,643,0,7,246
843,643,0,1,254
844,643,0,2,255
845,643,0,0,252
846,643,1,1,255
847,643,2,0,254
848,643,0,0,254
849,643,0,0,254
850,643,0,0,254
851,643,0,0,254
852,643,0,0,254
853,643,0,0,254
854,643,0,0,254
855,643,0,0,254
462,644,4,0,254
463,644,0,4,250
464,644,0,0,254
465,644,0,0,254
466,644,0,0,254
467,644,0,0,254
468,644,0,0,254
469,644,0,0,254
470,644,0,0,254
471,644,0,0,254
472,644,0,0,254
473,644,0,0,254
474,644,0,0,254
475,644,0,0,254
476,644,0,0,254
477,644,0,0,254
478,644,0,0,254
479,644,0,0,254
480,644,0,2,252
481,644,6,0,245
843,644,0,1,254
844,644,0,2,255
845,644,0,0,252
846,644,1,1,255
847,644,2,0,254
848,644,0,0,254
849,644,0,0,254
850,644,0,0,254
851,644,0,0,254
852,644,0,0,254
853,644,0,0,254
854,644,0,0,254
855,644,0,0,254
462,645,6,0,240
463,645,2,2,255
464,645,0,0,254
465,645,0,0,254
466,645,0,0,254
467,645,0,0,254
468,645,0,0,254
469,645,0,0,254
470,645,0,0,254
471,645,0,0,254
472,645,0,0,254
473,645,0,0,254
474,645,0,0,254
475,645,0,0,254
476,645,0,0,254
477,645,0,0,254
478,645,0,0,254
479,645,0,0,254
480,645,0,0,247
481,645,0,4,253
843,645,0,1,254
844,645,0,2,255
845,645,0,0,252
846,645,1,1,255
847,645,2,0,254
848,645,0,0,254
849,645,0,0,254
850,645,0,0,254
851,645,0,0,254
852,645,0,0,254
853,645,0,0,254
854,645,0,0,254
855,645,0,0,254
463,646,14,0,255
464,646,0,0,254
465,646,0,0,254
466,646,0,0,254
467,646,0,0,254
468,646,0,0,254
469,646,0,0,254
470,646,0,0,254
471,646,0,0,254
472,646,0,0,254
473,646,0,0,254
474,646,0,0,254
475,646,0,0,254
476,646,0,0,254
477,646,0,0,254
478,646,0,0,254
479,646,0,0,254
480,646,8,2,255
481,646,0,4,241
482,646,12,0,255
843,646,0,1,254
844,646,0,2,255
845,646,0,0,252
846,646,1,1,255
847,646,2,0,254
848,646,0,0,254
849,646,0,0,254
850,646,0,0,254
851,646,0,0,254
852,646,0,0,254
853,646,0,0,254
854,646,0,0,254
855,646,0,0,254
464,647,0,0,254
465,647,0,0,254
466,647,0,0,254
467,647,0,0,254
468,647,0,0,254
469,647,0,0,254
470,647,0,0,254
471,647,0,0,254
472,647,0,0,254
473,647,0,0,254
474,647,0,0,254
475,647,0,0,254
476,647,0,0,254
477,647,0,0,254
478,647,0,0,254
479,647,0,0,254
480,647,7,0,244
481,647,0,5,255
482,647,0,5,255
843,647,0,1,254
844,647,0,2,255
845,647,0,0,252
846,647,1,1,255
847,647,2,0,254
848,647,0,0,254
849,647,0,0,254
850,647,0,0,254
851,647,0,0,254
852,647,0,0,254
853,647,0,0,254
854,647,0,0,254
855,647,0,0,254
465,648,0,3,255
466,648,0,0,251
467,648,5,2,255
468,648,0,7,255
469,648,0,0,242
470,648,0,6,239
471,648,0,0,251
472,648,0,0,254
473,648,0,0,254
474,648,0,0,254
475,648,0,0,254
476,648,0,0,254
477,648,0,0,254
478,648,0,0,254
479,648,0,0,254
480,648,0,3,255
481,648,0,3,255
482,648,0,0,253
843,648,1,5,254
844,648,3,0,252
845,648,0,0,249
846,648,1,5,252
847,648,4,0,253
848,648,0,0,254
849,648,0,0,254
850,648,0,0,254
851,648,0,0,254
852,648,0,0,254
853,648,0,0,254
854,648,0,0,254
855,648,0,0,254
468,649,7,0,247
469,649,0,3,248
470,649,0,2,252
471,649,6,5,255
472,649,0,0,254
473,649,0,0,254
474,649,0,0,254
475,649,0,0,254
476,649,0,0,254
477,649,0,0,254
478,649,0,0,254
479,649,0,0,254
480,649,4,3,254
481,649,5,4,246
482,649,7,4,255
843,649,0,1,254
844,649,8,0,255
845,649,0,5,255
846,649,0,0,249
847,649,6,0,255
848,649,0,0,254
849,649,0,0,254
850,649,0,0,254
851,649,0,0,254
852,649,0,0,254
853,649,0,0,254
854,649,0,0,254
855,649,0,0,254
470,650,10,0,255
471,650,11,0,255
472,650,0,0,254
473,650,0,0,254
474,650,0,0,254
475,650,0,0,254
476,650,0,0,254
477,650,0,0,254
478,650,0,0,254
479,650,0,0,254
480,650,0,0,246
481,650,0,0,247
482,650,0,1,252
483,650,10,0,255
843,650,0,0,251
844,650,3,0,253
845,650,0,1,253
846,650,1,3,246
847,650,2,0,254
848,650,0,0,254
849,650,0,0,254
850,650,0,0,254
851,650,0,0,254
852,650,0,0,254
853,650,0,0,254
854,650,0,0,254
855,650,0,0,254
470,651,1,0,246
471,651,0,2,254
472,651,0,0,254
473,651,0,0,254
474,651,0,0,254
475,651,0,0,254
476,651,0,0,254
477,651,0,0,254
478,651,0,0,254
479,651,0,0,254
480,651,2,0,254
481,651,2,1,255
482,651,2,4,249
483,651,1,1,255
843,651,0,4,251
844,651,2,0,247
845,651,1,4,255
846,651,0,0,248
847,651,0,0,244
848,651,0,0,254
849,651,0,0,254
850,651,0,0,254
851,651,0,0,254
852,651,0,0,254
853,651,0,0,254
854,651,0,0,254
855,651,0,0,254
470,652,2,2,255
471,652,0,0,251
472,652,0,0,254
473,652,0,0,254
474,652,0,0,254
475,652,0,0,254
476,652,0,0,254
477,652,0,0,254
478,652,0,0,254
479,652,0,0,254
480,652,14,0,255
481,652,9,0,255
482,652,0,0,249
483,652,0,8,241
843,652,0,0,253
844,652,6,3,255
845,652,0,0,248
846,652,4,3,255
847,652,3,3,255
848,652,0,0,254
849,652,0,0,254
850,652,0,0,254
851,652,0,0,254
852,652,0,0,254
853,652,0,0,254
854,652,0,0,254
855,652,0,0,254
471,653,11,0,253
472,653,0,0,254
473,653,0,0,254
474,653,0,0,254
475,653,0,0,254
476,653,0,0,254
477,653,0,0,254
478,653,0,0,254
479,653,0,0,254
480,653,0,1,253
481,653,0,2,244
482,653,2,7,255
483,653,0,0,249
484,653,19,0,255
843,653,5,5,255
844,653,4,2,249
845,653,0,0,249
846,653,0,0,250
847,653,0,3,255
848,653,0,0,254
849,653,0,0,254
850,653,0,0,254
851,653,0,0,254
852,653,0,0,254
853,653,0,0,254
854,653,0,0,254
855,653,0,0,254
471,654,0,0,250
472,654,0,0,254
473,654,0,0,254
474,654,0,0,254
475,654,0,0,254
476,654,0,0,254
477,654,0,0,254
478,654,0,0,254
479,654,0,0,254
480,654,0,2,254
481,654,0,2,251
482,654,1,1,255
483,654,1,1,255
484,654,0,0,253
842,654,7,0,253
843,654,1,4,241
844,654,0,0,246
845,654,0,0,245
846,654,10,7,255
847,654,0,0,252
848,654,0,0,254
849,654,0,0,254
850,654,0,0,254
851,654,0,0,254
852,654,0,0,254
853,654,0,0,254
854,654,0,0,254
855,654,0,0,254
471,655,0,0,254
472,655,0,0,254
473,655,0,0,254
474,655,0,0,254
475,655,0,0,254
476,655,0,0,254
477,655,0,0,254
478,655,0,0,254
479,655,0,0,254
480,655,6,0,253
481,655,6,3,255
482,655,4,0,243
483,655,0,0,249
484,655,0,19,253
485,655,3,0,252
486,655,1,0,248
487,655,0,1,249
488,655,7,0,242
489,655,15,0,255
842,655,3,0,245
843,655,0,0,254
844,655,2,1,255
845,655,0,0,249
846,655,2,0,254
847,655,0,3,255
848,655,0,0,254
849,655,0,0,254
850,655,0,0,254
851,655,0,0,254
852,655,0,0,254
853,655,0,0,254
854,655,0,0,254
855,655,0,0,254
472,656,2,3,254
473,656,0,3,255
474,656,0,4,255
475,656,0,0,251
476,656,1,0,250
477,656,0,1,237
478,656,0,0,251
479,656,2,0,251
480,656,0,0,254
481,656,0,0,254
482,656,0,0,254
483,656,0,0,254
484,656,0,0,254
485,656,0,0,254
486,656,0,0,254
487,656,0,0,254
488,656,9,2,255
489,656,0,4,252
490,656,0,0,253
491,656,6,0,248
842,656,8,7,255
843,656,0,0,246
844,656,2,2,255
845,656,2,0,254
846,656,0,0,245
847,656,0,0,250
848,656,1,0,254
849,656,0,2,250
850,656,6,0,242
851,656,0,0,253
852,656,0,9,250
853,656,3,2,255
854,656,0,0,249
855,656,13,0,255
472,657,0,0,251
473,657,0,0,252
474,657,0,4,255
475,657,0,0,243
476,657,3,2,246
477,657,3,6,255
478,657,0,0,252
479,657,4,3,255
480,657,0,0,254
481,657,0,0,254
482,657,0,0,254
483,657,0,0,254
484,657,0,0,254
485,657,0,0,254
486,657,0,0,254
487,657,0,0,254
488,657,0,0,244
489,657,0,2,254
490,657,0,3,250
491,657,3,0,252
492,657,18,2,255
842,657,5,4,255
843,657,2,3,254
844,657,1,1,255
845,657,5,2,255
846,657,0,0,252
847,657,0,0,254
848,657,3,2,255
849,657,3,6,255
850,657,4,0,254
851,657,0,2,254
852,657,0,0,242
853,657,2,2,250
854,657,0,0,246
472,658,6,0,252
473,658,0,0,242
474,658,0,3,242
475,658,4,3,254
476,658,3,1,252
477,658,0,0,253
478,658,0,1,254
479,658,0,0,250
480,658,0,0,254
481,658,0,0,254
482,658,0,0,254
483,658,0,0,254
484,658,0,0,254
485,658,0,0,254
486,658,0,0,254
487,658,0,0,254
488,658,8,5,255
489,658,0,0,251
490,658,0,1,253
491,658,5,2,255
492,658,2,0,247
842,658,0,0,242
843,658,2,2,255
844,658,0,2,234
845,658,0,0,250
846,658,6,11,253
847,658,0,0,251
848,658,3,2,255
849,658,0,0,248
850,658,0,1,248
851,658,0,5,255
852,658,5,2,255
853,658,3,3,255
854,658,0,2,254
472,659,15,0,255
473,659,1,0,253
474,659,0,0,245
475,659,7,6,255
476,659,3,0,253
477,659,0,0,250
478,659,4,7,255
479,659,7,8,255
480,659,0,0,254
481,659,0,0,254
482,659,0,0,254
483,659,0,0,254
484,659,0,0,254
485,659,0,0,254
486,659,0,0,254
487,659,0,0,254
488,659,0,0,248
489,659,0,3,233
490,659,0,4,255
491,659,7,6,255
492,659,2,0,252
493,659,8,0,243
841,659,14,0,249
842,659,0,0,246
843,659,3,5,250
844,659,2,2,255
845,659,0,0,250
846,659,0,2,255
847,659,3,3,249
848,659,2,3,243
849,659,0,0,248
850,659,0,0,251
851,659,0,1,249
852,659,12,2,246
853,659,0,0,250
854,659,0,0,250
473,660,8,0,255
474,660,0,3,255
475,660,4,3,254
476,660,2,0,252
477,660,0,1,241
478,660,0,1,250
479,660,0,0,254
480,660,0,0,254
481,660,0,0,254
482,660,0,0,254
483,660,0,0,254
484,660,0,0,254
485,660,0,0,254
486,660,0,0,254
487,660,0,0,254
488,660,3,6,243
489,660,0,1,254
490,660,0,7,255
491,660,0,0,250
492,660,0,1,252
493,660,9,0,255
841,660,10,0,255
842,660,1,3,236
843,660,0,0,254
844,660,2,1,255
845,660,2,5,255
846,660,3,3,255
847,660,0,0,252
848,660,0,0,241
849,660,7,1,255
850,660,0,4,254
851,660,0,5,246
852,660,9,0,254
853,660,0,1,254
854,660,5,4,255
473,661,8,0,243
474,661,0,0,244
475,661,0,0,252
476,661,2,0,240
477,661,0,0,247
478,661,5,6,254
479,661,0,0,251
480,661,0,0,254
481,661,0,0,254
482,661,0,0,254
483,661,0,0,254
484,661,0,0,254
485,661,0,0,254
486,661,0,0,254
487,661,0,0,254
488,661,1,1,255
489,661,5,3,252
490,661,0,2,253
491,661,0,0,253
492,661,0,3,255
493,661,6,3,255
841,661,0,0,252
842,661,0,0,250
843,661,4,4,255
844,661,0,0,253
845,661,0,0,242
846,661,0,0,251
847,661,5,0,253
848,661,1,2,250
849,661,9,1,255
850,661,0,7,243
851,661,0,5,255
852,661,6,1,243
853,661,0,0,248
854,661,10,0,253
473,662,12,0,252
474,662,1,4,255
475,662,0,0,253
476,662,9,3,255
477,662,2,0,249
478,662,1,1,255
479,662,0,2,238
480,662,0,0,254
481,662,0,0,254
482,662,0,0,254
483,662,0,0,254
484,662,0,0,254
485,662,0,0,254
486,662,0,0,254
487,662,0,0,254
488,662,0,0,251
489,662,4,0,253
490,662,0,4,241
491,662,0,0,247
492,662,0,3,255
493,662,0,0,254
841,662,0,3,255
842,662,6,3,255
843,662,0,0,250
844,662,4,3,255
845,662,0,3,249
846,662,0,0,254
847,662,10,5,245
848,662,0,0,250
849,662,12,6,255
850,662,0,0,248
851,662,0,0,244
852,662,1,4,243
853,662,0,0,250
474,663,0,1,254
475,663,0,0,254
476,663,4,0,251
477,663,3,0,253
478,663,3,4,252
479,663,0,1,253
480,663,0,0,254
481,663,0,0,254
482,663,0,0,254
483,663,0,0,254
484,663,0,0,254
485,663,0,0,254
486,663,0,0,254
487,663,0,0,254
488,663,5,2,255
489,663,4,0,243
490,663,2,9,255
491,663,4,0,254
492,663,1,4,255
493,663,0,0,252
841,663,0,1,251
842,663,0,0,249
843,663,0,0,250
844,663,5,8,237
845,663,0,4,255
846,663,1,1,255
847,663,0,0,246
848,663,0,0,254
849,663,0,0,246
850,663,0,4,255
851,663,0,3,255
852,663,0,0,252
853,663,2,0,252
474,664,6,0,252
475,664,3,8,255
476,664,0,0,246
477,664,0,7,255
478,664,0,0,245
479,664,1,0,253
480,664,0,3,255
481,664,0,0,252
482,664,3,3,251
483,664,0,0,249
484,664,2,1,255
485,664,3,0,253
486,664,0,0,252
487,664,1,1,255
488,664,0,0,254
489,664,0,0,254
490,664,0,0,254
491,664,0,0,254
492,664,0,0,254
493,664,0,0,254
494,664,0,0,254
495,664,0,0,254
496,664,7,0,250
499,664,7,0,251
500,664,2,0,252
501,664,3,2,254
502,664,0,0,254
503,664,2,2,255
504,664,2,1,255
505,664,7,4,255
840,664,0,0,254
841,664,0,0,254
842,664,0,0,254
843,664,0,0,254
844,664,0,0,254
845,664,0,0,254
846,664,0,0,254
847,664,0,0,254
848,664,4,6,249
849,664,0,0,244
850,664,2,2,255
851,664,4,2,249
852,664,9,0,254
853,664,3,3,255
475,665,4,0,246
476,665,10,2,255
477,665,6,5,255
478,665,1,1,255
479,665,6,8,249
480,665,0,3,255
481,665,0,0,247
482,665,5,4,255
483,665,0,1,248
484,665,3,2,255
485,665,0,0,251
486,665,4,4,255
487,665,0,0,254
488,665,0,0,254
489,665,0,0,254
490,665,0,0,254
491,665,0,0,254
492,665,0,0,254
493,665,0,0,254
494,665,0,0,254
495,665,0,0,254
496,665,9,0,253
497,665,4,0,251
498,665,6,2,239
499,665,8,2,255
500,665,1,0,251
501,665,0,0,250
502,665,0,2,245
503,665,1,1,255
504,665,0,0,253
505,665,2,0,247
506,665,17,0,255
840,665,0,0,254
841,665,0,0,254
842,665,0,0,254
843,665,0,0,254
844,665,0,0,254
845,665,0,0,254
846,665,0,0,254
847,665,0,0,254
848,665,1,2,252
849,665,0,0,245
850,665,5,5,255
851,665,4,3,255
852,665,6,0,255
853,665,1,3,225
476,666,15,0,243
477,666,3,0,243
478,666,0,4,255
479,666,0,0,245
480,666,6,0,255
481,666,1,0,254
482,666,0,0,251
483,666,1,2,252
484,666,3,3,249
485,666,2,1,255
486,666,0,0,246
487,666,1,4,255
488,666,0,0,254
489,666,0,0,254
490,666,0,0,254
491,666,0,0,254
492,666,0,0,254
493,666,0,0,254
494,666,0,0,254
495,666,0,0,254
496,666,4,3,255
497,666,0,0,251
498,666,0,0,244
499,666,5,4,255
500,666,0,0,243
501,666,4,3,255
502,666,3,5,250
503,666,0,0,250
504,666,0,0,234
505,666,1,0,254
506,666,7,0,255
507,666,9,0,252
840,666,0,0,254
841,666,0,0,254
842,666,0,0,254
843,666,0,0,254
844,666,0,0,254
845,666,0,0,254
846,666,0,0,254
847,666,0,0,254
848,666,0,0,251
849,666,3,8,255
850,666,0,0,247
851,666,0,0,252
852,666,0,0,235
853,666,5,0,252
477,667,16,0,249
478,667,7,0,253
479,667,0,0,252
480,667,12,0,255
481,667,0,0,250
482,667,0,4,246
483,667,0,0,252
484,667,2,2,250
485,667,0,0,248
486,667,0,0,252
487,667,0,0,247
488,667,0,0,254
489,667,0,0,254
490,667,0,0,254
491,667,0,0,254
492,667,0,0,254
493,667,0,0,254
494,667,0,0,254
495,667,0,0,254
496,667,0,4,255
497,667,0,1,253
498,667,2,5,255
499,667,0,0,251
500,667,0,2,243
501,667,1,1,255
502,667,7,6,255
503,667,0,0,242
504,667,0,4,255
505,667,2,1,255
506,667,0,1,248
507,667,0,3,238
508,667,12,0,255
840,667,0,0,254
841,667,0,0,254
842,667,0,0,254
843,667,0,0,254
844,667,0,0,254
845,667,0,0,254
846,667,0,0,254
847,667,0,0,254
848,667,0,0,253
849,667,3,6,255
850,667,1,1,249
851,667,6,5,255
852,667,0,0,252
481,668,0,0,252
482,668,0,4,255
483,668,3,0,242
484,668,0,0,253
485,668,1,1,255
486,668,3,2,254
487,668,3,8,255
488,668,0,0,254
489,668,0,0,254
490,668,0,0,254
491,668,0,0,254
492,668,0,0,254
493,668,0,0,254
494,668,0,0,254
495,668,0,0,254
496,668,0,0,252
497,668,0,2,251
498,668,0,2,241
499,668,0,0,252
500,668,0,1,254
501,668,0,0,252
502,668,0,0,242
503,668,1,0,254
504,668,0,2,250
505,668,3,2,255
506,668,0,4,237
507,668,0,10,255
508,668,2,0,254
840,668,0,0,254
841,668,0,0,254
842,668,0,0,254
843,668,0,0,254
844,668,0,0,254
845,668,0,0,254
846,668,0,0,254
847,668,0,0,254
848,668,1,1,247
849,668,0,0,253
850,668,0,0,246
851,668,0,0,249
852,668,5,5,253
481,669,0,0,252
482,669,1,9,255
483,669,2,0,251
484,669,0,0,252
485,669,0,1,248
486,669,2,1,255
487,669,0,0,252
488,669,0,0,254
489,669,0,0,254
490,669,0,0,254
491,669,0,0,254
492,669,0,0,254
493,669,0,0,254
494,669,0,0,254
495,669,0,0,254
496,669,0,2,254
497,669,0,3,255
498,669,2,6,255
499,669,0,3,254
500,669,0,0,251
501,669,0,0,252
502,669,0,0,254
503,669,0,1,244
504,669,0,1,253
505,669,3,1,250
506,669,0,0,253
507,669,0,3,252
508,669,0,0,244
839,669,4,0,251
840,669,0,0,254
841,669,0,0,254
842,669,0,0,254
843,669,0,0,254
844,669,0,0,254
845,669,0,0,254
846,669,0,0,254
847,669,0,0,254
848,669,0,0,235
849,669,2,2,255
850,669,5,4,255
851,669,0,0,254
852,669,0,0,251
481,670,0,3,255
482,670,0,1,253
483,670,5,0,252
484,670,0,0,252
485,670,1,7,249
486,670,0,0,251
487,670,0,4,250
488,670,0,0,254
489,670,0,0,254
490,670,0,0,254
491,670,0,0,254
492,670,0,0,254
493,670,0,0,254
494,670,0,0,254
495,670,0,0,254
496,670,0,0,241
497,670,0,0,250
498,670,1,0,252
499,670,0,1,244
500,670,3,3,255
501,670,0,0,249
502,670,0,1,251
503,670,4,4,255
504,670,0,4,255
505,670,6,1,253
506,670,5,0,255
507,670,0,2,251
508,670,4,3,255
839,670,2,1,243
840,670,0,0,254
841,670,0,0,254
842,670,0,0,254
843,670,0,0,254
844,670,0,0,254
845,670,0,0,254
846,670,0,0,254
847,670,0,0,254
848,670,1,0,251
849,670,0,0,246
850,670,3,3,251
851,670,0,0,247
852,670,0,1,253
481,671,0,2,251
482,671,0,4,255
483,671,8,0,254
484,671,0,0,250
485,671,0,1,251
486,671,5,2,255
487,671,0,2,254
488,671,0,0,254
489,671,0,0,254
490,671,0,0,254
491,671,0,0,254
492,671,0,0,254
493,671,0,0,254
494,671,0,0,254
495,671,0,0,254
496,671,6,0,255
497,671,5,0,255
498,671,3,0,255
499,671,2,1,255
500,671,2,1,255
501,671,0,2,245
502,671,0,2,242
503,671,0,2,255
504,671,0,3,250
505,671,3,0,253
506,671,3,0,249
507,671,3,1,252
508,671,0,0,241
509,671,18,0,255
839,671,1,1,255
840,671,0,0,254
841,671,0,0,254
842,671,0,0,254
843,671,0,0,254
844,671,0,0,254
845,671,0,0,254
846,671,0,0,254
847,671,0,0,254
848,671,2,1,255
849,671,6,7,255
850,671,2,2,246
851,671,0,1,254
852,671,3,8,255
481,672,1,0,253
482,672,2,1,255
483,672,4,0,254
484,672,0,0,254
485,672,0,2,243
486,672,0,3,254
487,672,7,0,254
488,672,0,0,254
489,672,0,0,254
490,672,0,0,254
491,672,0,0,254
492,672,0,0,254
493,672,0,0,254
494,672,0,0,254
495,672,0,0,254
496,672,0,0,254
497,672,0,0,254
498,672,0,0,254
499,672,0,0,254
500,672,0,0,254
501,672,0,0,254
502,672,0,0,254
503,672,0,0,254
504,672,0,0,251
505,672,6,6,255
506,672,0,0,238
507,672,5,4,255
508,672,0,0,252
509,672,2,0,249
510,672,5,0,255
839,672,2,0,249
840,672,0,0,254
841,672,0,0,254
842,672,0,0,254
843,672,0,0,254
844,672,0,0,254
845,672,0,0,254
846,672,0,0,254
847,672,0,0,254
848,672,0,1,254
849,672,3,0,240
850,672,0,0,251
851,672,0,1,251
481,673,2,2,248
482,673,0,4,246
483,673,2,2,248
484,673,0,0,235
485,673,0,2,255
486,673,0,6,252
487,673,0,0,252
488,673,0,0,254
489,673,0,0,254
490,673,0,0,254
491,673,0,0,254
492,673,0,0,254
493,673,0,0,254
494,673,0,0,254
495,673,0,0,254
496,673,0,0,254
497,673,0,0,254
498,673,0,0,254
499,673,0,0,254
500,673,0,0,254
501,673,0,0,254
502,673,0,0,254
503,673,0,0,254
504,673,0,0,252
505,673,0,0,250
506,673,0,1,251
507,673,6,5,255
508,673,6,3,255
509,673,3,3,239
510,673,4,0,251
511,673,1,0,251
839,673,5,2,255
840,673,0,0,254
841,673,0,0,254
842,673,0,0,254
843,673,0,0,254
844,673,0,0,254
845,673,0,0,254
846,673,0,0,254
847,673,0,0,254
848,673,5,8,255
849,673,1,0,244
850,673,4,5,255
851,673,0,3,244
481,674,0,0,252
482,674,0,9,252
483,674,0,5,239
484,674,2,2,255
485,674,0,0,249
486,674,0,3,252
487,674,0,0,254
488,674,0,0,254
489,674,0,0,254
490,674,0,0,254
491,674,0,0,254
492,674,0,0,254
493,674,0,0,254
494,674,0,0,254
495,674,0,0,254
496,674,0,0,254
497,674,0,0,254
498,674,0,0,254
499,674,0,0,254
500,674,0,0,254
501,674,0,0,254
502,674,0,0,254
503,674,0,0,254
504,674,0,1,251
505,674,0,0,248
506,674,4,4,255
507,674,0,0,237
508,674,0,0,251
509,674,0,0,250
510,674,1,1,239
511,674,9,3,255
512,674,20,0,255
838,674,12,0,254
839,674,0,1,252
840,674,0,0,254
841,674,0,0,254
842,674,0,0,254
843,674,0,0,254
844,674,0,0,254
845,674,0,0,254
846,674,0,0,254
847,674,0,0,254
848,674,0,0,252
849,674,0,0,251
850,674,3,4,255
851,674,0,0,246
481,675,0,1,242
482,675,0,7,246
483,675,0,0,244
484,675,0,1,249
485,675,3,0,252
486,675,0,0,254
487,675,0,0,253
488,675,0,0,254
489,675,0,0,254
490,675,0,0,254
491,675,0,0,254
492,675,0,0,254
493,675,0,0,254
494,675,0,0,254
495,675,0,0,254
496,675,0,0,254
497,675,0,0,254
498,675,0,0,254
499,675,0,0,254
500,675,0,0,254
501,675,0,0,254
502,675,0,0,254
503,675,0,0,254
504,675,3,4,255
505,675,0,0,246
506,675,0,0,254
507,675,6,5,255
508,675,0,0,239
509,675,4,3,255
510,675,3,0,255
511,675,0,0,250
512,675,10,0,249
838,675,5,0,249
839,675,0,2,251
840,675,0,0,254
841,675,0,0,254
842,675,0,0,254
843,675,0,0,254
844,675,0,0,254
845,675,0,0,254
846,675,0,0,254
847,675,0,0,254
848,675,2,4,247
849,675,0,0,249
850,675,0,0,250
851,675,11,0,255
481,676,7,0,254
482,676,2,1,255
483,676,0,1,254
484,676,4,7,255
485,676,5,0,249
486,676,3,2,255
487,676,0,0,253
488,676,0,0,254
489,676,0,0,254
490,676,0,0,254
491,676,0,0,254
492,676,0,0,254
493,676,0,0,254
494,676,0,0,254
495,676,0,0,254
496,676,0,0,254
497,676,0,0,254
498,676,0,0,254
499,676,0,0,254
500,676,0,0,254
501,676,0,0,254
502,676,0,0,254
503,676,0,0,254
504,676,0,0,253
505,676,5,5,255
506,676,1,1,255
507,676,5,4,255
508,676,5,4,255
509,676,0,2,237
510,676,4,3,255
511,676,5,4,255
512,676,5,1,248
838,676,0,2,245
839,676,0,5,255
840,676,0,0,254
841,676,0,0,254
842,676,0,0,254
843,676,0,0,254
844,676,0,0,254
845,676,0,0,254
846,676,0,0,254
847,676,0,0,254
848,676,2,2,255
849,676,7,7,255
850,676,0,0,240
851,676,14,0,245
482,677,5,0,242
483,677,4,0,254
484,677,0,3,255
485,677,8,2,255
486,677,1,1,249
487,677,4,4,255
488,677,0,0,254
489,677,0,0,254
490,677,0,0,254
491,677,0,0,254
492,677,0,0,254
493,677,0,0,254
494,677,0,0,254
495,677,0,0,254
496,677,0,0,254
497,677,0,0,254
498,677,0,0,254
499,677,0,0,254
500,677,0,0,254
501,677,0,0,254
502,677,0,0,254
503,677,0,0,254
504,677,0,0,237
505,677,0,0,249
506,677,1,1,255
507,677,1,1,255
508,677,0,0,253
509,677,0,0,253
510,677,0,0,254
511,677,0,1,244
512,677,0,0,248
838,677,2,7,255
839,677,0,3,245
840,677,0,0,254
841,677,0,0,254
842,677,0,0,254
843,677,0,0,254
844,677,0,0,254
845,677,0,0,254
846,677,0,0,254
847,677,0,0,254
848,677,0,0,244
849,677,0,3,255
850,677,0,0,250
483,678,11,0,255
484,678,0,1,253
485,678,0,0,237
486,678,0,0,252
487,678,0,0,250
488,678,0,0,254
489,678,0,0,254
490,678,0,0,254
491,678,0,0,254
492,678,0,0,254
493,678,0,0,254
494,678,0,0,254
495,678,0,0,254
496,678,0,0,254
497,678,0,0,254
498,678,0,0,254
499,678,0,0,254
500,678,0,0,254
501,678,0,0,254
502,678,0,0,254
503,678,0,0,254
504,678,4,3,255
505,678,0,0,249
506,678,0,0,245
507,678,6,6,255
508,678,1,3,248
509,678,0,0,252
510,678,0,0,254
511,678,0,0,254
512,678,1,1,255
838,678,0,0,252
839,678,0,0,253
840,678,0,0,254
841,678,0,0,254
842,678,0,0,254
843,678,0,0,254
844,678,0,0,254
845,678,0,0,254
846,678,0,0,254
847,678,0,0,254
848,678,6,5,255
849,678,0,0,236
850,678,6,5,255
484,679,0,2,248
485,679,0,0,253
486,679,3,2,255
487,679,6,1,253
488,679,0,0,254
489,679,0,0,254
490,679,0,0,254
491,679,0,0,254
492,679,0,0,254
493,679,0,0,254
494,679,0,0,254
495,679,0,0,254
496,679,0,0,254
497,679,0,0,254
498,679,0,0,254
499,679,0,0,254
500,679,0,0,254
501,679,0,0,254
502,679,0,0,254
503,679,0,0,254
504,679,3,2,255
505,679,3,2,255
506,679,0,1,240
507,679,0,0,253
508,679,1,2,253
509,679,0,0,252
510,679,0,0,253
511,679,0,0,248
512,679,0,1,246
838,679,0,0,252
839,679,4,1,255
840,679,0,0,254
841,679,0,0,254
842,679,0,0,254
843,679,0,0,254
844,679,0,0,254
845,679,0,0,254
846,679,0,0,254
847,679,0,0,254
848,679,0,0,246
849,679,0,0,249
850,679,0,0,251
485,680,10,0,245
486,680,1,0,246
487,680,2,7,255
488,680,0,0,253
489,680,7,1,255
490,680,6,0,252
491,680,1,0,248
492,680,8,2,248
493,680,1,0,253
494,680,1,2,243
495,680,2,2,255
496,680,6,0,255
497,680,0,1,250
498,680,2,5,255
499,680,0,0,252
500,680,0,4,255
501,680,0,0,251
502,680,6,0,236
503,680,2,0,251
504,680,0,0,254
505,680,0,0,254
506,680,0,0,254
507,680,0,0,254
508,680,0,0,254
509,680,0,0,254
510,680,0,0,254
511,680,0,0,254
512,680,2,2,255
837,680,0,3,255
838,680,1,1,255
839,680,3,3,255
840,680,0,0,254
841,680,0,0,254
842,680,0,0,254
843,680,0,0,254
844,680,0,0,254
845,680,0,0,254
846,680,0,0,254
847,680,0,0,254
848,680,4,3,255
849,680,0,0,253
850,680,1,1,255
486,681,9,0,255
487,681,3,1,250
488,681,0,1,246
489,681,0,4,255
490,681,0,3,247
491,681,1,1,255
492,681,0,0,249
493,681,12,9,255
494,681,0,0,249
495,681,0,3,249
497,681,2,0,247
498,681,12,2,255
499,681,2,0,249
500,681,0,3,255
501,681,0,3,247
502,681,8,5,255
503,681,4,4,255
504,681,0,0,254
505,681,0,0,254
506,681,0,0,254
507,681,0,0,254
508,681,0,0,254
509,681,0,0,254
510,681,0,0,254
511,681,0,0,254
512,681,0,0,252
837,681,0,2,255
838,681,0,0,253
839,681,0,0,241
840,681,0,0,254
841,681,0,0,254
842,681,0,0,254
843,681,0,0,254
844,681,0,0,254
845,681,0,0,254
846,681,0,0,254
847,681,0,0,254
848,681,0,0,245
849,681,0,0,249
850,681,2,4,229
487,682,9,0,249
488,682,0,4,253
489,682,0,0,247
490,682,0,1,253
491,682,0,8,255
492,682,0,1,247
493,682,0,1,231
494,682,14,0,252
499,682,11,0,244
500,682,0,2,244
501,682,0,4,255
502,682,0,0,252
503,682,0,0,252
504,682,0,0,254
505,682,0,0,254
506,682,0,0,254
507,682,0,0,254
508,682,0,0,254
509,682,0,0,254
510,682,0,0,254
511,682,0,0,254
512,682,3,0,245
837,682,0,1,254
838,682,0,0,247
839,682,5,8,255
840,682,0,0,254
841,682,0,0,254
842,682,0,0,254
843,682,0,0,254
844,682,0,0,254
845,682,0,0,254
846,682,0,0,254
847,682,0,0,254
848,682,6,5,255
849,682,3,3,255
850,682,2,0,249
489,683,10,0,253
490,683,0,0,246
491,683,5,10,255
492,683,7,0,253
500,683,0,0,253
501,683,0,2,253
502,683,0,1,254
503,683,0,3,240
504,683,0,0,254
505,683,0,0,254
506,683,0,0,254
507,683,0,0,254
508,683,0,0,254
509,683,0,0,254
510,683,0,0,254
511,683,0,0,254
512,683,0,3,242
513,683,5,0,249
514,683,2,0,252
515,683,0,0,249
516,683,3,0,255
517,683,10,2,246
837,683,0,1,248
838,683,1,1,245
839,683,0,0,253
840,683,0,0,254
841,683,0,0,254
842,683,0,0,254
843,683,0,0,254
844,683,0,0,254
845,683,0,0,254
846,683,0,0,254
847,683,0,0,254
848,683,0,0,252
849,683,3,3,247
500,684,0,0,252
501,684,0,0,251
502,684,3,2,255
503,684,5,4,255
504,684,0,0,254
505,684,0,0,254
506,684,0,0,254
507,684,0,0,254
508,684,0,0,254
509,684,0,0,254
510,684,0,0,254
511,684,0,0,254
512,684,2,1,255
513,684,3,0,253
514,684,0,3,255
515,684,0,3,243
516,684,0,4,253
517,684,0,0,247
518,684,11,0,249
837,684,3,7,255
838,684,0,0,251
839,684,0,3,252
840,684,0,0,254
841,684,0,0,254
842,684,0,0,254
843,684,0,0,254
844,684,0,0,254
845,684,0,0,254
846,684,0,0,254
847,684,0,0,254
848,684,1,1,255
849,684,0,0,249
500,685,7,7,251
501,685,6,0,254
502,685,0,0,249
503,685,6,0,250
504,685,0,0,254
505,685,0,0,254
506,685,0,0,254
507,685,0,0,254
508,685,0,0,254
509,685,0,0,254
510,685,0,0,254
511,685,0,0,254
512,685,0,0,247
513,685,0,1,247
514,685,1,14,243
515,685,0,0,251
516,685,0,0,252
517,685,0,5,255
518,685,0,6,255
519,685,3,0,243
837,685,0,2,238
838,685,5,2,255
839,685,0,3,254
840,685,0,0,254
841,685,0,0,254
842,685,0,0,254
843,685,0,0,254
844,685,0,0,254
845,685,0,0,254
846,685,0,0,254
847,685,0,0,254
848,685,2,3,254
849,685,9,6,255
500,686,0,0,251
501,686,2,0,254
502,686,0,4,242
503,686,2,0,254
504,686,0,0,254
505,686,0,0,254
506,686,0,0,254
507,686,0,0,254
508,686,0,0,254
509,686,0,0,254
510,686,0,0,254
511,686,0,0,254
512,686,3,0,253
513,686,1,0,253
514,686,0,0,251
515,686,5,0,252
516,686,13,0,254
517,686,0,0,243
518,686,0,6,255
519,686,8,0,255
836,686,10,0,253
837,686,2,7,255
838,686,3,0,244
839,686,0,0,251
840,686,0,0,254
841,686,0,0,254
842,686,0,0,254
843,686,0,0,254
844,686,0,0,254
845,686,0,0,254
846,686,0,0,254
847,686,0,0,254
848,686,1,1,255
849,686,3,0,255
500,687,0,2,245
501,687,0,0,250
502,687,0,8,255
503,687,0,2,251
504,687,0,0,254
505,687,0,0,254
506,687,0,0,254
507,687,0,0,254
508,687,0,0,254
509,687,0,0,254
510,687,0,0,254
511,687,0,0,254
512,687,9,0,255
513,687,4,3,255
514,687,0,4,255
515,687,0,1,243
516,687,4,1,255
517,687,0,4,254
518,687,0,0,249
519,687,4,2,251
836,687,10,0,255
837,687,0,0,252
838,687,5,0,255
839,687,0,2,247
840,687,0,0,254
841,687,0,0,254
842,687,0,0,254
843,687,0,0,254
844,687,0,0,254
845,687,0,0,254
846,687,0,0,254
847,687,0,0,254
848,687,0,0,252
849,687,0,0,247
500,688,0,0,251
501,688,1,4,255
502,688,0,0,247
503,688,0,0,248
504,688,0,0,254
505,688,0,0,254
506,688,0,0,254
507,688,0,0,254
508,688,0,0,254
509,688,0,0,254
510,688,0,0,254
511,688,0,0,254
512,688,0,0,254
513,688,0,0,254
514,688,0,0,254
515,688,0,0,254
516,688,0,0,254
517,688,0,0,254
518,688,0,0,254
519,688,0,0,254
836,688,0,0,250
837,688,0,5,255
838,688,0,0,252
839,688,0,0,253
840,688,0,0,254
841,688,0,0,254
842,688,0,0,254
843,688,0,0,254
844,688,0,0,254
845,688,0,0,254
846,688,0,0,254
847,688,0,0,254
848,688,0,4,245
849,688,22,0,255
500,689,3,2,255
501,689,0,2,247
502,689,0,0,249
503,689,5,4,255
504,689,0,0,254
505,689,0,0,254
506,689,0,0,254
507,689,0,0,254
508,689,0,0,254
509,689,0,0,254
510,689,0,0,254
511,689,0,0,254
512,689,0,0,254
513,689,0,0,254
514,689,0,0,254
515,689,0,0,254
516,689,0,0,254
517,689,0,0,254
518,689,0,0,254
519,689,0,0,254
836,689,3,2,254
837,689,0,3,255
838,689,2,5,255
839,689,0,0,252
840,689,0,0,254
841,689,0,0,254
842,689,0,0,254
843,689,0,0,254
844,689,0,0,254
845,689,0,0,254
846,689,0,0,254
847,689,0,0,254
848,689,2,7,255
500,690,0,0,229
501,690,0,0,249
502,690,0,3,255
503,690,0,0,251
504,690,0,0,254
505,690,0,0,254
506,690,0,0,254
507,690,0,0,254
508,690,0,0,254
509,690,0,0,254
510,690,0,0,254
511,690,0,0,254
512,690,0,0,254
513,690,0,0,254
514,690,0,0,254
515,690,0,0,254
516,690,0,0,254
517,690,0,0,254
518,690,0,0,254
519,690,0,0,254
525,690,3,0,250
526,690,2,5,224
527,690,2,2,255
528,690,0,0,249
529,690,11,0,249
836,690,0,0,249
837,690,0,0,253
838,690,0,2,253
839,690,0,0,252
840,690,0,0,254
841,690,0,0,254
842,690,0,0,254
843,690,0,0,254
844,690,0,0,254
845,690,0,0,254
846,690,0,0,254
847,690,0,0,254
848,690,1,0,251
500,691,5,4,255
501,691,5,8,255
502,691,0,0,250
503,691,3,2,255
504,691,0,0,254
505,691,0,0,254
506,691,0,0,254
507,691,0,0,254
508,691,0,0,254
509,691,0,0,254
510,691,0,0,254
511,691,0,0,254
512,691,0,0,254
513,691,0,0,254
514,691,0,0,254
515,691,0,0,254
516,691,0,0,254
517,691,0,0,254
518,691,0,0,254
519,691,0,0,254
520,691,3,8,255
521,691,0,0,251
522,691,0,0,251
523,691,4,6,251
524,691,0,0,250
525,691,0,0,236
526,691,2,0,252
527,691,8,1,254
528,691,6,0,255
529,691,2,0,254
530,691,1,0,250
531,691,4,0,254
532,691,11,0,249
836,691,7,4,255
837,691,1,1,255
838,691,2,2,255
839,691,1,3,248
840,691,0,0,254
841,691,0,0,254
842,691,0,0,254
843,691,0,0,254
844,691,0,0,254
845,691,0,0,254
846,691,0,0,254
847,691,0,0,254
848,691,6,0,255
500,692,0,0,247
501,692,0,0,240
502,692,5,5,255
503,692,4,3,255
504,692,0,0,254
505,692,0,0,254
506,692,0,0,254
507,692,0,0,254
508,692,0,0,254
509,692,0,0,254
510,692,0,0,254
511,692,0,0,254
512,692,0,0,254
513,692,0,0,254
514,692,0,0,254
515,692,0,0,254
516,692,0,0,254
517,692,0,0,254
518,692,0,0,254
519,692,0,0,254
520,692,0,2,254
521,692,0,0,250
522,692,0,0,248
523,692,0,1,249
524,692,3,3,255
525,692,0,0,249
526,692,7,6,255
527,692,3,3,251
528,692,3,0,252
529,692,0,0,248
530,692,0,9,241
531,692,0,9,244
532,692,0,0,251
533,692,10,0,253
835,692,7,0,252
836,692,0,0,243
837,692,0,0,250
838,692,1,1,249
839,692,0,0,253
840,692,0,0,254
841,692,0,0,254
842,692,0,0,254
843,692,0,0,254
844,692,0,0,254
845,692,0,0,254
846,692,0,0,254
847,692,0,0,254
848,692,1,1,237
500,693,5,2,255
501,693,0,0,244
502,693,2,2,255
503,693,0,0,233
504,693,0,0,254
505,693,0,0,254
506,693,0,0,254
507,693,0,0,254
508,693,0,0,254
509,693,0,0,254
510,693,0,0,254
511,693,0,0,254
512,693,0,0,254
513,693,0,0,254
514,693,0,0,254
515,693,0,0,254
516,693,0,0,254
517,693,0,0,254
518,693,0,0,254
519,693,0,0,254
520,693,1,1,245
521,693,0,0,251
522,693,8,7,255
523,693,0,0,249
524,693,2,2,248
525,693,1,1,249
526,693,3,2,255
527,693,2,1,255
528,693,8,7,255
529,693,0,0,251
530,693,0,3,255
531,693,0,1,252
532,693,0,1,254
533,693,6,0,255
534,693,13,0,253
835,693,1,0,253
836,693,7,2,254
837,693,3,0,253
838,693,3,0,255
839,693,0,3,255
840,693,0,0,254
841,693,0,0,254
842,693,0,0,254
843,693,0,0,254
844,693,0,0,254
845,693,0,0,254
846,693,0,0,254
847,693,0,0,254
848,693,5,2,243
500,694,0,0,252
501,694,0,0,253
502,694,0,3,238
503,694,7,4,255
504,694,0,0,254
505,694,0,0,254
506,694,0,0,254
507,694,0,0,254
508,694,0,0,254
509,694,0,0,254
510,694,0,0,254
511,694,0,0,254
512,694,0,0,254
513,694,0,0,254
514,694,0,0,254
515,694,0,0,254
516,694,0,0,254
517,694,0,0,254
518,694,0,0,254
519,694,0,0,254
520,694,8,7,255
521,694,0,0,249
522,694,0,0,254
523,694,0,0,252
524,694,1,4,255
525,694,1,4,255
526,694,0,0,247
527,694,0,0,249
528,694,1,1,245
529,694,0,0,252
530,694,0,0,251
531,694,0,0,249
532,694,0,0,254
533,694,7,6,255
534,694,0,0,245
535,694,7,4,255
835,694,0,3,255
836,694,2,0,250
837,694,0,0,250
838,694,0,0,251
839,694,0,4,255
840,694,0,0,254
841,694,0,0,254
842,694,0,0,254
843,694,0,0,254
844,694,0,0,254
845,694,0,0,254
846,694,0,0,254
847,694,0,0,254
848,694,4,0,244
501,695,2,2,255
502,695,0,0,241
503,695,3,0,255
504,695,0,0,254
505,695,0,0,254
506,695,0,0,254
507,695,0,0,254
508,695,0,0,254
509,695,0,0,254
510,695,0,0,254
511,695,0,0,254
512,695,0,0,254
513,695,0,0,254
514,695,0,0,254
515,695,0,0,254
516,695,0,0,254
517,695,0,0,254
518,695,0,0,254
519,695,0,0,254
520,695,1,0,254
521,695,1,1,247
522,695,0,2,237
523,695,0,0,250
524,695,0,0,254
525,695,0,0,251
526,695,0,1,246
527,695,3,7,255
528,695,3,0,252
529,695,11,7,254
530,695,2,0,247
531,695,0,0,254
532,695,0,0,250
533,695,0,5,255
534,695,0,1,253
535,695,0,0,243
536,695,0,1,252
537,695,0,4,255
538,695,2,0,249
539,695,9,0,254
835,695,0,1,252
836,695,7,0,254
837,695,1,0,248
838,695,6,3,255
839,695,0,3,255
840,695,0,0,254
841,695,0,0,254
842,695,0,0,254
843,695,0,0,254
844,695,0,0,254
845,695,0,0,254
846,695,0,0,254
847,695,0,0,254
502,696,10,0,255
503,696,0,0,252
504,696,0,0,252
505,696,3,3,251
506,696,7,1,255
507,696,5,0,252
508,696,3,2,255
509,696,0,0,250
510,696,0,3,255
511,696,0,0,251
512,696,0,0,254
513,696,0,0,254
514,696,0,0,254
515,696,0,0,254
516,696,0,0,254
517,696,0,0,254
518,696,0,0,254
519,696,0,0,254
520,696,0,0,254
521,696,0,0,254
522,696,0,0,254
523,696,0,0,254
524,696,0,0,254
525,696,0,0,254
526,696,0,0,254
527,696,0,0,254
528,696,0,0,254
529,696,0,0,254
530,696,0,0,254
531,696,0,0,254
532,696,0,0,254
533,696,0,0,254
534,696,0,0,254
535,696,0,0,254
536,696,0,6,255
537,696,3,0,252
538,696,3,0,249
539,696,0,6,254
540,696,4,1,254
835,696,0,0,251
836,696,3,5,250
837,696,5,2,255
838,696,0,0,249
839,696,0,3,255
840,696,0,0,254
841,696,0,0,254
842,696,0,0,254
843,696,0,0,254
844,696,0,0,254
845,696,0,0,254
846,696,0,0,254
847,696,0,0,254
503,697,5,0,250
504,697,0,3,239
505,697,2,0,254
506,697,4,0,246
507,697,3,0,252
508,697,0,0,248
509,697,0,1,253
510,697,0,1,254
511,697,7,6,247
512,697,0,0,254
513,697,0,0,254
514,697,0,0,254
515,697,0,0,254
516,697,0,0,254
517,697,0,0,254
518,697,0,0,254
519,697,0,0,254
520,697,0,0,254
521,697,0,0,254
522,697,0,0,254
523,697,0,0,254
524,697,0,0,254
525,697,0,0,254
526,697,0,0,254
527,697,0,0,254
528,697,0,0,254
529,697,0,0,254
530,697,0,0,254
531,697,0,0,254
532,697,0,0,254
533,697,0,0,254
534,697,0,0,254
535,697,0,0,254
536,697,0,1,254
537,697,0,2,247
538,697,5,8,255
539,697,0,0,250
540,697,0,0,249
541,697,15,0,254
835,697,0,0,252
836,697,0,3,255
837,697,1,0,254
838,697,2,0,247
839,697,0,2,244
840,697,0,0,254
841,697,0,0,254
842,697,0,0,254
843,697,0,0,254
844,697,0,0,254
845,697,0,0,254
846,697,0,0,254
847,697,0,0,254
505,698,9,0,254
506,698,0,3,255
507,698,0,1,253
508,698,2,0,251
509,698,12,3,254
510,698,0,0,248
511,698,0,3,255
512,698,0,0,254
513,698,0,0,254
514,698,0,0,254
515,698,0,0,254
516,698,0,0,254
517,698,0,0,254
518,698,0,0,254
519,698,0,0,254
520,698,0,0,254
521,698,0,0,254
522,698,0,0,254
523,698,0,0,254
524,698,0,0,254
525,698,0,0,254
526,698,0,0,254
527,698,0,0,254
528,698,0,0,254
529,698,0,0,254
530,698,0,0,254
531,698,0,0,254
532,698,0,0,254
533,698,0,0,254
534,698,0,0,254
535,698,0,0,254
536,698,1,0,243
537,698,0,0,250
538,698,0,2,252
539,698,8,0,255
540,698,13,2,255
541,698,0,0,242
542,698,9,0,254
835,698,5,3,250
836,698,0,1,253
837,698,0,0,250
838,698,3,1,252
839,698,0,0,254
840,698,0,0,254
841,698,0,0,254
842,698,0,0,254
843,698,0,0,254
844,698,0,0,254
845,698,0,0,254
846,698,0,0,254
847,698,0,0,254
506,699,0,0,248
507,699,0,2,247
508,699,1,4,255
509,699,5,0,255
510,699,5,2,255
511,699,0,4,243
512,699,0,0,254
513,699,0,0,254
514,699,0,0,254
515,699,0,0,254
516,699,0,0,254
517,699,0,0,254
518,699,0,0,254
519,699,0,0,254
520,699,0,0,254
521,699,0,0,254
522,699,0,0,254
523,699,0,0,254
524,699,0,0,254
525,699,0,0,254
526,699,0,0,254
527,699,0,0,254
528,699,0,0,254
529,699,0,0,254
530,699,0,0,254
531,699,0,0,254
532,699,0,0,254
533,699,0,0,254
534,699,0,0,254
535,699,0,0,254
536,699,11,1,255
537,699,0,8,248
538,699,0,0,250
539,699,6,1,253
540,699,4,0,253
541,699,0,0,250
542,699,0,0,251
835,699,0,0,251
836,699,0,9,255
837,699,1,1,255
838,699,7,4,255
839,699,0,0,251
840,699,0,0,254
841,699,0,0,254
842,699,0,0,254
843,699,0,0,254
844,699,0,0,254
845,699,0,0,254
846,699,0,0,254
847,699,0,0,254
508,700,0,0,252
509,700,0,3,252
510,700,0,0,252
511,700,0,0,249
512,700,0,0,254
513,700,0,0,254
514,700,0,0,254
515,700,0,0,254
516,700,0,0,254
517,700,0,0,254
518,700,0,0,254
519,700,0,0,254
520,700,0,0,254
521,700,0,0,254
522,700,0,0,254
523,700,0,0,254
524,700,0,0,254
525,700,0,0,254
526,700,0,0,254
527,700,0,0,254
528,700,0,0,254
529,700,0,0,254
530,700,0,0,254
531,700,0,0,254
532,700,0,0,254
533,700,0,0,254
534,700,0,0,254
535,700,0,0,254
536,700,1,2,242
537,700,7,7,255
538,700,0,0,241
539,700,0,0,253
540,700,7,7,255
541,700,4,4,255
542,700,2,3,244
543,700,3,0,248
544,700,19,0,255
835,700,0,0,247
836,700,0,0,252
837,700,0,1,240
838,700,0,0,248
839,700,0,0,251
840,700,0,0,254
841,700,0,0,254
842,700,0,0,254
843,700,0,0,254
844,700,0,0,254
845,700,0,0,254
846,700,0,0,254
847,700,0,0,254
509,701,6,0,255
510,701,0,2,241
511,701,0,3,255
512,701,0,0,254
513,701,0,0,254
514,701,0,0,254
515,701,0,0,254
516,701,0,0,254
517,701,0,0,254
518,701,0,0,254
519,701,0,0,254
520,701,0,0,254
521,701,0,0,254
522,701,0,0,254
523,701,0,0,254
524,701,0,0,254
525,701,0,0,254
526,701,0,0,254
527,701,0,0,254
528,701,0,0,254
529,701,0,0,254
530,701,0,0,254
531,701,0,0,254
532,701,0,0,254
533,701,0,0,254
534,701,0,0,254
535,701,0,0,254
536,701,0,2,249
537,701,0,0,251
538,701,0,0,247
539,701,0,2,254
540,701,0,0,244
541,701,1,0,242
542,701,3,1,252
543,701,0,3,255
544,701,3,0,248
545,701,12,0,252
835,701,0,0,253
836,701,1,1,255
837,701,6,8,251
838,701,4,4,255
839,701,0,0,245
840,701,0,0,254
841,701,0,0,254
842,701,0,0,254
843,701,0,0,254
844,701,0,0,254
845,701,0,0,254
846,701,0,0,254
847,701,0,0,254
510,702,15,0,246
511,702,3,2,255
512,702,0,0,254
513,702,0,0,254
514,702,0,0,254
515,702,0,0,254
516,702,0,0,254
517,702,0,0,254
518,702,0,0,254
519,702,0,0,254
520,702,0,0,254
521,702,0,0,254
522,702,0,0,254
523,702,0,0,254
524,702,0,0,254
525,702,0,0,254
526,702,0,0,254
527,702,0,0,254
528,702,0,0,254
529,702,0,0,254
530,702,0,0,254
531,702,0,0,254
532,702,0,0,254
533,702,0,0,254
534,702,0,0,254
535,702,0,0,254
536,702,0,3,255
537,702,5,3,252
538,702,0,0,249
539,702,0,0,249
540,702,0,1,254
541,702,4,1,255
542,702,4,1,255
543,702,0,2,253
544,702,0,3,255
545,702,6,0,254
834,702,7,0,254
835,702,0,1,253
836,702,2,0,252
837,702,0,0,250
838,702,0,0,235
839,702,9,9,255
840,702,0,0,254
841,702,0,0,254
842,702,0,0,254
843,702,0,0,254
844,702,0,0,254
845,702,0,0,254
846,702,0,0,254
847,702,0,0,254
512,703,0,0,254
513,703,0,0,254
514,703,0,0,254
515,703,0,0,254
516,703,0,0,254
517,703,0,0,254
518,703,0,0,254
519,703,0,0,254
520,703,0,0,254
521,703,0,0,254
522,703,0,0,254
523,703,0,0,254
524,703,0,0,254
525,703,0,0,254
526,703,0,0,254
527,703,0,0,254
528,703,0,0,254
529,703,0,0,254
530,703,0,0,254
531,703,0,0,254
532,703,0,0,254
533,703,0,0,254
534,703,0,0,254
535,703,0,0,254
536,703,2,2,255
537,703,0,0,245
538,703,3,3,249
539,703,6,3,255
540,703,2,0,254
541,703,4,3,255
542,703,0,0,235
543,703,2,1,255
544,703,0,5,241
545,703,0,0,253
546,703,16,0,247
833,703,8,4,247
834,703,1,5,252
835,703,0,0,246
836,703,7,0,251
837,703,8,7,255
838,703,0,0,252
839,703,0,0,243
840,703,0,0,254
841,703,0,0,254
842,703,0,0,254
843,703,0,0,254
844,703,0,0,254
845,703,0,0,254
846,703,0,0,254
847,703,0,0,254
515,704,6,0,252
516,704,3,2,255
517,704,1,3,248
518,704,6,5,255
519,704,0,0,249
520,704,2,0,254
521,704,2,0,254
522,704,0,0,252
523,704,2,0,254
524,704,2,1,253
525,704,1,0,252
526,704,0,0,251
527,704,4,3,255
528,704,0,4,252
529,704,0,4,253
530,704,0,2,254
531,704,0,2,250
532,704,0,0,250
533,704,0,2,255
534,704,1,0,253
535,704,3,0,253
536,704,0,0,254
537,704,0,0,254
538,704,0,0,254
539,704,0,0,254
540,704,0,0,254
541,704,0,0,254
542,704,0,0,254
543,704,0,0,254
544,704,3,0,252
545,704,0,4,253
546,704,6,0,249
832,704,0,0,254
833,704,0,0,254
834,704,0,0,254
835,704,0,0,254
836,704,0,0,254
837,704,0,0,254
838,704,0,0,254
839,704,0,0,254
840,704,2,1,255
841,704,6,5,255
842,704,0,0,237
843,704,0,0,254
844,704,2,3,254
845,704,0,0,250
846,704,1,1,255
847,704,0,0,247
516,705,12,0,253
517,705,5,0,255
518,705,0,0,249
519,705,0,0,251
520,705,0,5,240
521,705,0,4,252
522,705,1,6,255
523,705,0,0,252
524,705,0,2,255
525,705,0,1,251
526,705,5,8,247
527,705,0,0,252
528,705,0,0,249
529,705,0,1,252
530,705,2,5,255
531,705,0,3,242
532,705,6,5,255
533,705,0,0,248
534,705,2,4,249
535,705,0,0,253
536,705,0,0,254
537,705,0,0,254
538,705,0,0,254
539,705,0,0,254
540,705,0,0,254
541,705,0,0,254
542,705,0,0,254
543,705,0,0,254
544,705,4,5,255
545,705,2,0,254
546,705,8,0,253
832,705,0,0,254
833,705,0,0,254
834,705,0,0,254
835,705,0,0,254
836,705,0,0,254
837,705,0,0,254
838,705,0,0,254
839,705,0,0,254
840,705,4,3,255
841,705,0,0,248
842,705,0,0,245
843,705,6,6,255
844,705,1,3,248
845,705,0,0,253
846,705,0,0,254
847,705,0,0,254
517,706,13,0,255
518,706,1,0,242
519,706,0,3,249
520,706,0,2,254
521,706,0,4,248
522,706,0,0,242
523,706,2,0,254
524,706,2,0,239
526,706,13,0,255
527,706,6,0,249
528,706,12,0,255
529,706,2,0,251
530,706,2,1,255
531,706,2,1,255
532,706,0,0,246
533,706,4,0,243
534,706,0,5,241
535,706,0,6,255
536,706,0,0,254
537,706,0,0,254
538,706,0,0,254
539,706,0,0,254
540,706,0,0,254
541,706,0,0,254
542,706,0,0,254
543,706,0,0,254
544,706,0,3,249
545,706,5,0,252
546,706,3,0,255
547,706,1,0,233
831,706,20,0,255
832,706,0,0,254
833,706,0,0,254
834,706,0,0,254
835,706,0,0,254
836,706,0,0,254
837,706,0,0,254
838,706,0,0,254
839,706,0,0,254
840,706,0,0,238
841,706,0,0,247
842,706,4,4,255
843,706,0,0,254
844,706,0,0,252
845,706,2,2,255
846,706,0,0,251
847,706,0,2,245
519,707,15,3,255
520,707,5,2,255
521,707,6,0,255
522,707,5,0,250
530,707,5,0,255
531,707,0,0,248
532,707,6,3,255
533,707,0,0,250
534,707,0,0,250
535,707,0,4,255
536,707,0,0,254
537,707,0,0,254
538,707,0,0,254
539,707,0,0,254
540,707,0,0,254
541,707,0,0,254
542,707,0,0,254
543,707,0,0,254
544,707,0,1,253
545,707,9,3,255
546,707,0,0,254
547,707,0,1,254
831,707,10,0,249
832,707,0,0,254
833,707,0,0,254
834,707,0,0,254
835,707,0,0,254
836,707,0,0,254
837,707,0,0,254
838,707,0,0,254
839,707,0,0,254
840,707,0,0,254
841,707,4,4,255
842,707,3,3,255
843,707,4,3,255
844,707,4,3,254
845,707,2,4,239
846,707,3,2,255
847,707,6,5,255
530,708,10,0,250
531,708,2,1,255
532,708,3,5,246
533,708,2,1,252
534,708,2,1,255
535,708,4,4,255
536,708,0,0,254
537,708,0,0,254
538,708,0,0,254
539,708,0,0,254
540,708,0,0,254
541,708,0,0,254
542,708,0,0,254
543,708,0,0,254
544,708,0,0,254
545,708,0,5,246
546,708,0,0,251
547,708,0,0,253
548,708,4,0,249
831,708,5,1,248
832,708,0,0,254
833,708,0,0,254
834,708,0,0,254
835,708,0,0,254
836,708,0,0,254
837,708,0,0,254
838,708,0,0,254
839,708,0,0,254
840,708,2,3,254
841,708,0,0,248
842,708,0,0,253
843,708,6,5,255
844,708,0,0,239
845,708,3,2,255
846,708,5,2,255
847,708,0,0,249
531,709,3,0,250
532,709,3,4,252
533,709,0,3,255
534,709,3,3,251
535,709,1,0,251
536,709,0,0,254
537,709,0,0,254
538,709,0,0,254
539,709,0,0,254
540,709,0,0,254
541,709,0,0,254
542,709,0,0,254
543,709,0,0,254
544,709,0,0,244
545,709,0,5,255
546,709,2,2,250
547,709,9,3,255
548,709,0,0,252
549,709,13,0,253
831,709,0,0,248
832,709,0,0,254
833,709,0,0,254
834,709,0,0,254
835,709,0,0,254
836,709,0,0,254
837,709,0,0,254
838,709,0,0,254
839,709,0,0,254
840,709,0,0,250
841,709,0,0,251
842,709,1,1,255
843,709,0,0,238
844,709,0,0,253
845,709,0,0,247
846,709,3,3,241
847,709,7,1,255
532,710,2,0,249
533,710,0,0,247
534,710,4,4,255
535,710,7,3,250
536,710,0,0,254
537,710,0,0,254
538,710,0,0,254
539,710,0,0,254
540,710,0,0,254
541,710,0,0,254
542,710,0,0,254
543,710,0,0,254
544,710,2,1,253
545,710,0,3,255
546,710,1,2,242
547,710,0,0,253
548,710,0,0,242
549,710,1,0,254
831,710,1,1,255
832,710,0,0,254
833,710,0,0,254
834,710,0,0,254
835,710,0,0,254
836,710,0,0,254
837,710,0,0,254
838,710,0,0,254
839,710,0,0,254
840,710,0,0,252
841,710,0,0,250
842,710,0,1,251
843,710,6,5,255
844,710,6,3,255
845,710,3,3,239
846,710,5,0,252
847,710,0,0,250
533,711,2,3,254
534,711,0,0,252
535,711,0,0,252
536,711,0,0,254
537,711,0,0,254
538,711,0,0,254
539,711,0,0,254
540,711,0,0,254
541,711,0,0,254
542,711,0,0,254
543,711,0,0,254
544,711,0,1,254
545,711,7,0,254
546,711,0,0,253
547,711,1,6,248
548,711,1,0,254
549,711,0,5,253
550,711,3,0,236
831,711,0,1,246
832,711,0,0,254
833,711,0,0,254
834,711,0,0,254
835,711,0,0,254
836,711,0,0,254
837,711,0,0,254
838,711,0,0,254
839,711,0,0,254
840,711,0,0,252
841,711,4,4,255
842,711,0,0,240
843,711,4,3,255
844,711,0,0,251
845,711,5,0,252
846,711,3,0,253
536,712,0,0,253
537,712,1,1,255
538,712,0,0,251
539,712,0,1,252
540,712,2,2,255
541,712,3,7,254
542,712,0,0,248
543,712,3,2,255
544,712,0,0,254
545,712,0,0,254
546,712,0,0,254
547,712,0,0,254
548,712,0,0,254
549,712,0,0,254
550,712,0,0,254
551,712,0,0,254
552,712,5,0,251
553,712,2,0,252
554,712,7,1,255
830,712,0,0,250
831,712,0,6,255
832,712,0,0,254
833,712,0,0,254
834,712,0,0,254
835,712,0,0,254
836,712,0,0,254
837,712,0,0,254
838,712,0,0,254
839,712,0,0,254
840,712,0,2,251
841,712,3,0,255
842,712,0,1,251
843,712,0,4,232
844,712,3,3,255
845,712,5,1,246
846,712,10,0,242
536,713,5,0,247
537,713,0,1,254
538,713,0,6,255
539,713,0,0,248
540,713,1,0,251
541,713,0,0,243
542,713,0,2,254
543,713,4,0,253
544,713,0,0,254
545,713,0,0,254
546,713,0,0,254
547,713,0,0,254
548,713,0,0,254
549,713,0,0,254
550,713,0,0,254
551,713,0,0,254
552,713,7,12,255
553,713,0,0,246
554,713,0,0,250
555,713,0,0,246
556,713,10,0,255
559,713,9,0,254
560,713,2,0,254
561,713,2,0,254
562,713,2,0,254
563,713,2,0,254
564,713,2,0,254
565,713,2,0,254
566,713,2,0,254
567,713,2,0,254
568,713,0,1,253
569,713,15,9,255
829,713,21,0,255
830,713,2,1,255
831,713,0,0,250
832,713,0,0,254
833,713,0,0,254
834,713,0,0,254
835,713,0,0,254
836,713,0,0,254
837,713,0,0,254
838,713,0,0,254
839,713,0,0,254
840,713,4,4,255
841,713,0,0,241
842,713,3,0,255
843,713,6,5,255
844,713,7,0,253
537,714,0,0,253
538,714,0,10,255
539,714,5,4,255
540,714,3,0,253
541,714,0,4,252
542,714,1,6,255
543,714,6,0,252
544,714,0,0,254
545,714,0,0,254
546,714,0,0,254
547,714,0,0,254
548,714,0,0,254
549,714,0,0,254
550,714,0,0,254
551,714,0,0,254
552,714,0,0,249
553,714,0,0,250
554,714,1,11,246
555,714,0,2,255
556,714,2,1,255
557,714,3,2,255
558,714,3,6,255
559,714,0,0,251
560,714,0,1,254
561,714,0,1,254
562,714,0,1,254
563,714,0,1,254
564,714,0,1,254
565,714,0,1,254
566,714,0,1,254
567,714,0,1,254
568,714,0,0,252
569,714,0,0,247
570,714,4,7,246
571,714,10,0,255
575,714,7,0,252
576,714,0,0,253
577,714,0,0,253
578,714,0,0,253
579,714,0,0,253
580,714,0,0,253
581,714,0,0,253
582,714,0,0,253
583,714,0,0,253
584,714,0,3,248
585,714,6,3,255
586,714,9,0,254
828,714,9,0,252
829,714,3,0,239
830,714,0,0,247
831,714,5,4,255
832,714,0,0,254
833,714,0,0,254
834,714,0,0,254
835,714,0,0,254
836,714,0,0,254
837,714,0,0,254
838,714,0,0,254
839,714,0,0,254
840,714,8,0,255
841,714,5,0,254
842,714,3,4,245
843,714,0,0,247
537,715,9,0,252
538,715,0,1,245
539,715,0,2,247
540,715,0,0,253
541,715,0,0,250
542,715,1,4,243
543,715,2,0,252
544,715,0,0,254
545,715,0,0,254
546,715,0,0,254
547,715,0,0,254
548,715,0,0,254
549,715,0,0,254
550,715,0,0,254
551,715,0,0,254
552,715,11,1,255
553,715,0,1,254
554,715,0,6,248
555,715,0,0,250
556,715,9,3,255
557,715,0,1,253
558,715,0,4,252
559,715,0,0,247
560,715,0,2,255
561,715,0,2,255
562,715,0,2,255
563,715,0,2,255
564,715,0,2,255
565,715,0,2,255
566,715,0,2,255
567,715,0,2,255
568,715,1,1,255
569,715,4,6,251
570,715,8,0,255
571,715,0,0,249
573,715,4,0,253
574,715,5,0,255
575,715,0,1,251
576,715,1,1,255
577,715,1,1,255
578,715,1,1,255
579,715,1,1,255
580,715,1,1,255
581,715,1,1,255
582,715,1,1,255
583,715,1,1,255
584,715,0,2,254
585,715,0,0,252
586,715,5,5,255
587,715,1,0,246
588,715,11,0,254
828,715,1,1,249
829,715,1,4,255
830,715,0,0,245
831,715,6,0,254
832,715,0,0,254
833,715,0,0,254
834,715,0,0,254
835,715,0,0,254
836,715,0,0,254
837,715,0,0,254
838,715,0,0,254
839,715,0,0,254
840,715,9,1,255
841,715,0,0,251
842,715,0,1,254
843,715,0,0,248
538,716,13,1,247
539,716,0,0,247
540,716,0,6,255
541,716,12,4,255
542,716,5,0,243
543,716,0,4,243
544,716,0,0,254
545,716,0,0,254
546,716,0,0,254
547,716,0,0,254
548,716,0,0,254
549,716,0,0,254
550,716,0,0,254
551,716,0,0,254
552,716,0,3,249
553,716,8,1,252
554,716,6,0,255
555,716,0,0,250
556,716,0,4,249
557,716,9,1,255
558,716,8,0,255
559,716,1,2,242
560,716,0,0,253
561,716,0,0,253
562,716,0,0,253
563,716,0,0,253
564,716,0,0,253
565,716,0,0,253
566,716,0,0,253
567,716,0,0,253
568,716,0,0,245
569,716,0,0,253
570,716,4,0,233
571,716,1,4,255
572,716,0,5,251
573,716,0,1,250
574,716,0,2,255
575,716,2,0,240
576,716,0,0,253
577,716,0,0,253
578,716,0,0,253
579,716,0,0,253
580,716,0,0,253
581,716,0,0,253
582,716,0,0,253
583,716,0,0,253
584,716,8,0,246
585,716,0,0,243
586,716,0,2,255
587,716,0,3,254
588,716,0,6,243
589,716,2,0,254
590,716,6,0,246
828,716,0,2,254
829,716,0,3,254
830,716,0,3,242
831,716,0,0,247
832,716,0,0,254
833,716,0,0,254
834,716,0,0,254
835,716,0,0,254
836,716,0,0,254
837,716,0,0,254
838,716,0,0,254
839,716,0,0,254
840,716,4,1,255
841,716,0,5,246
842,716,0,1,252
843,716,0,2,254
539,717,2,1,255
540,717,0,2,244
541,717,1,0,245
542,717,9,0,255
543,717,0,5,255
544,717,0,0,254
545,717,0,0,254
546,717,0,0,254
547,717,0,0,254
548,717,0,0,254
549,717,0,0,254
550,717,0,0,254
551,717,0,0,254
552,717,0,0,251
553,717,0,3,255
554,717,0,0,248
555,717,0,1,236
556,717,0,0,246
557,717,0,0,247
558,717,6,5,255
559,717,0,0,250
560,717,4,0,252
561,717,4,0,252
562,717,4,0,252
563,717,4,0,252
564,717,4,0,252
565,717,4,0,252
566,717,4,0,252
567,717,4,0,252
568,717,2,1,243
569,717,0,0,252
570,717,2,4,249
571,717,0,7,255
572,717,0,3,253
573,717,0,0,245
574,717,3,2,255
575,717,5,2,255
576,717,0,0,254
577,717,0,0,254
578,717,0,0,254
579,717,0,0,254
580,717,0,0,254
581,717,0,0,254
582,717,0,0,254
583,717,0,0,254
584,717,9,1,255
585,717,0,0,246
586,717,0,3,254
587,717,0,0,248
588,717,0,1,249
589,717,1,1,255
590,717,10,0,235
828,717,0,0,248
829,717,0,4,255
830,717,1,0,254
831,717,5,7,252
832,717,0,0,254
833,717,0,0,254
834,717,0,0,254
835,717,0,0,254
836,717,0,0,254
837,717,0,0,254
838,717,0,0,254
839,717,0,0,254
840,717,0,0,250
841,717,0,5,252
842,717,0,3,255
843,717,0,5,246
539,718,11,0,251
540,718,1,4,255
541,718,1,2,253
542,718,0,0,251
543,718,0,0,251
544,718,0,0,254
545,718,0,0,254
546,718,0,0,254
547,718,0,0,254
548,718,0,0,254
549,718,0,0,254
550,718,0,0,254
551,718,0,0,254
552,718,0,0,245
553,718,0,1,250
554,718,2,6,255
555,718,3,0,253
556,718,1,0,254
557,718,0,9,252
558,718,0,7,253
559,718,10,2,255
560,718,1,1,255
561,718,1,1,255
562,718,1,1,255
563,718,1,1,255
564,718,1,1,255
565,718,1,1,255
566,718,1,1,255
567,718,1,1,255
568,718,1,4,241
569,718,2,0,254
570,718,8,0,251
571,718,0,0,250
572,718,0,0,251
573,718,0,8,255
574,718,0,3,252
575,718,3,0,239
576,718,0,1,252
577,718,0,1,252
578,718,0,1,252
579,718,0,1,252
580,718,0,1,252
581,718,0,1,252
582,718,0,1,252
583,718,0,1,252
584,718,3,0,248
585,718,0,0,253
586,718,0,1,248
587,718,0,6,241
588,718,0,7,246
589,718,0,0,249
590,718,7,4,255
591,718,5,0,254
828,718,0,0,251
829,718,0,0,246
830,718,4,1,255
831,718,0,0,252
832,718,0,0,254
833,718,0,0,254
834,718,0,0,254
835,718,0,0,254
836,718,0,0,254
837,718,0,0,254
838,718,0,0,254
839,718,0,0,254
840,718,0,0,254
841,718,0,4,253
842,718,6,2,249
843,718,0,4,253
540,719,3,0,241
541,719,0,0,250
542,719,0,2,254
543,719,4,3,255
544,719,0,0,254
545,719,0,0,254
546,719,0,0,254
547,719,0,0,254
548,719,0,0,254
549,719,0,0,254
550,719,0,0,254
551,719,0,0,254
552,719,5,4,255
553,719,3,0,249
554,719,14,0,255
555,719,6,3,255
556,719,0,0,248
557,719,0,5,255
558,719,0,0,243
559,719,0,1,254
560,719,0,0,253
561,719,0,0,253
562,719,0,0,253
563,719,0,0,253
564,719,0,0,253
565,719,0,0,253
566,719,0,0,253
567,719,0,0,253
568,719,5,0,254
569,719,0,2,254
570,719,0,1,252
571,719,0,2,255
572,719,16,0,255
573,719,8,0,253
574,719,4,0,253
575,719,0,6,252
576,719,1,0,254
577,719,1,0,254
578,719,1,0,254
579,719,1,0,254
580,719,1,0,254
581,719,1,0,254
582,719,1,0,254
583,719,1,0,254
584,719,0,4,243
585,719,0,1,254
586,719,3,2,255
587,719,3,0,255
588,719,3,0,244
589,719,0,0,252
590,719,1,1,249
591,719,3,3,255
828,719,4,0,254
829,719,11,5,255
830,719,0,0,243
831,719,0,6,255
832,719,0,0,254
833,719,0,0,254
834,719,0,0,254
835,719,0,0,254
836,719,0,0,254
837,719,0,0,254
838,719,0,0,254
839,719,0,0,254
840,719,1,0,251
841,719,0,0,252
842,719,9,0,254
843,719,4,1,255
541,720,2,3,254
542,720,0,4,254
543,720,0,2,255
544,720,3,3,255
545,720,0,0,250
546,720,4,3,254
547,720,4,3,255
548,720,0,0,252
549,720,0,0,251
550,720,1,2,253
551,720,0,0,254
552,720,0,0,254
553,720,0,0,254
554,720,0,0,254
555,720,0,0,254
556,720,0,0,254
557,720,0,0,254
558,720,0,0,254
559,720,0,0,254
560,720,0,0,254
561,720,0,0,254
562,720,0,0,254
563,720,0,0,254
564,720,0,0,254
565,720,0,0,254
566,720,0,0,254
567,720,0,0,254
568,720,0,0,254
569,720,0,0,254
570,720,0,0,254
571,720,0,0,254
572,720,0,0,254
573,720,0,0,254
574,720,0,0,254
575,720,0,0,254
576,720,0,0,254
577,720,0,0,254
578,720,0,0,254
579,720,0,0,254
580,720,0,0,254
581,720,0,0,254
582,720,0,0,254
583,720,0,0,254
584,720,0,0,254
585,720,0,0,254
586,720,0,0,254
587,720,0,0,254
588,720,0,0,254
589,720,0,0,254
590,720,0,0,254
591,720,0,0,254
828,720,1,0,254
829,720,0,2,255
830,720,0,0,253
831,720,2,1,255
832,720,0,0,254
833,720,0,0,254
834,720,0,0,254
835,720,0,0,254
836,720,0,0,254
837,720,0,0,254
838,720,0,0,254
839,720,0,0,254
840,720,0,2,252
841,720,3,6,255
842,720,0,0,239
843,720,19,2,255
541,721,5,0,251
542,721,2,2,250
543,721,0,0,252
544,721,0,1,250
545,721,0,0,249
546,721,0,0,251
547,721,1,3,246
548,721,2,4,247
549,721,1,0,254
550,721,6,6,255
551,721,1,2,252
552,721,0,0,254
553,721,0,0,254
554,721,0,0,254
555,721,0,0,254
556,721,0,0,254
557,721,0,0,254
558,721,0,0,254
559,721,0,0,254
560,721,0,0,254
561,721,0,0,254
562,721,0,0,254
563,721,0,0,254
564,721,0,0,254
565,721,0,0,254
566,721,0,0,254
567,721,0,0,254
568,721,0,0,254
569,721,0,0,254
570,721,0,0,254
571,721,0,0,254
572,721,0,0,254
573,721,0,0,254
574,721,0,0,254
575,721,0,0,254
576,721,0,0,254
577,721,0,0,254
578,721,0,0,254
579,721,0,0,254
580,721,0,0,254
581,721,0,0,254
582,721,0,0,254
583,721,0,0,254
584,721,0,0,254
585,721,0,0,254
586,721,0,0,254
587,721,0,0,254
588,721,0,0,254
589,721,0,0,254
590,721,0,0,254
591,721,0,0,254
592,721,5,2,255
828,721,1,0,254
829,721,0,2,255
830,721,0,0,253
831,721,2,1,255
832,721,0,0,254
833,721,0,0,254
834,721,0,0,254
835,721,0,0,254
836,721,0,0,254
837,721,0,0,254
838,721,0,0,254
839,721,0,0,254
840,721,0,0,250
841,721,2,0,252
842,721,0,0,252
542,722,8,0,248
543,722,5,0,255
544,722,0,2,253
545,722,0,2,255
546,722,0,1,254
547,722,0,3,250
548,722,0,2,255
549,722,1,2,252
550,722,0,0,249
551,722,0,0,249
552,722,0,0,254
553,722,0,0,254
554,722,0,0,254
555,722,0,0,254
556,722,0,0,254
557,722,0,0,254
558,722,0,0,254
559,722,0,0,254
560,722,0,0,254
561,722,0,0,254
562,722,0,0,254
563,722,0,0,254
564,722,0,0,254
565,722,0,0,254
566,722,0,0,254
567,722,0,0,254
568,722,0,0,254
569,722,0,0,254
570,722,0,0,254
571,722,0,0,254
572,722,0,0,254
573,722,0,0,254
574,722,0,0,254
575,722,0,0,254
576,722,0,0,254
577,722,0,0,254
578,722,0,0,254
579,722,0,0,254
580,722,0,0,254
581,722,0,0,254
582,722,0,0,254
583,722,0,0,254
584,722,0,0,254
585,722,0,0,254
586,722,0,0,254
587,722,0,0,254
588,722,0,0,254
589,722,0,0,254
590,722,0,0,254
591,722,0,0,254
592,722,13,0,252
828,722,1,0,254
829,722,0,2,255
830,722,0,0,253
831,722,2,1,255
832,722,0,0,254
833,722,0,0,254
834,722,0,0,254
835,722,0,0,254
836,722,0,0,254
837,722,0,0,254
838,722,0,0,254
839,722,0,0,254
840,722,0,4,255
841,722,15,0,252
842,722,16,0,255
543,723,15,0,255
544,723,0,0,250
545,723,3,4,252
546,723,0,3,250
547,723,0,0,252
548,723,0,0,238
549,723,0,0,252
550,723,3,5,248
551,723,0,0,253
552,723,0,0,254
553,723,0,0,254
554,723,0,0,254
555,723,0,0,254
556,723,0,0,254
557,723,0,0,254
558,723,0,0,254
559,723,0,0,254
560,723,0,0,254
561,723,0,0,254
562,723,0,0,254
563,723,0,0,254
564,723,0,0,254
565,723,0,0,254
566,723,0,0,254
567,723,0,0,254
568,723,0,0,254
569,723,0,0,254
570,723,0,0,254
571,723,0,0,254
572,723,0,0,254
573,723,0,0,254
574,723,0,0,254
575,723,0,0,254
576,723,0,0,254
577,723,0,0,254
578,723,0,0,254
579,723,0,0,254
580,723,0,0,254
581,723,0,0,254
582,723,0,0,254
583,723,0,0,254
584,723,0,0,254
585,723,0,0,254
586,723,0,0,254
587,723,0,0,254
588,723,0,0,254
589,723,0,0,254
590,723,0,0,254
591,723,0,0,254
592,723,0,2,253
593,723,8,0,254
603,723,0,3,255
604,723,0,4,250
605,723,0,0,246
828,723,1,0,254
829,723,0,2,255
830,723,0,0,253
831,723,2,1,255
832,723,0,0,254
833,723,0,0,254
834,723,0,0,254
835,723,0,0,254
836,723,0,0,254
837,723,0,0,254
838,723,0,0,254
839,723,0,0,254
840,723,3,5,250
544,724,12,2,246
545,724,2,0,251
546,724,5,2,255
547,724,1,1,255
548,724,0,0,253
549,724,0,4,251
550,724,2,4,247
551,724,2,1,255
552,724,0,0,254
553,724,0,0,254
554,724,0,0,254
555,724,0,0,254
556,724,0,0,254
557,724,0,0,254
558,724,0,0,254
559,724,0,0,254
560,724,0,0,254
561,724,0,0,254
562,724,0,0,254
563,724,0,0,254
564,724,0,0,254
565,724,0,0,254
566,724,0,0,254
567,724,0,0,254
568,724,0,0,254
569,724,0,0,254
570,724,0,0,254
571,724,0,0,254
572,724,0,0,254
573,724,0,0,254
574,724,0,0,254
575,724,0,0,254
576,724,0,0,254
577,724,0,0,254
578,724,0,0,254
579,724,0,0,254
580,724,0,0,254
581,724,0,0,254
582,724,0,0,254
583,724,0,0,254
584,724,0,0,254
585,724,0,0,254
586,724,0,0,254
587,724,0,0,254
588,724,0,0,254
589,724,0,0,254
590,724,0,0,254
591,724,0,0,254
592,724,0,0,252
593,724,0,0,251
594,724,2,5,255
595,724,0,0,251
596,724,10,0,255
600,724,0,1,230
601,724,0,0,240
602,724,0,0,253
603,724,0,0,251
604,724,5,4,255
605,724,0,0,247
606,724,6,7,255
607,724,0,0,252
828,724,1,0,254
829,724,0,2,255
830,724,0,0,253
831,724,2,1,255
832,724,0,0,254
833,724,0,0,254
834,724,0,0,254
835,724,0,0,254
836,724,0,0,254
837,724,0,0,254
838,724,0,0,254
839,724,0,0,254
840,724,0,0,250
545,725,13,0,250
546,725,10,0,254
547,725,5,2,255
548,725,0,2,249
549,725,0,1,254
550,725,0,0,252
551,725,3,3,255
552,725,0,0,254
553,725,0,0,254
554,725,0,0,254
555,725,0,0,254
556,725,0,0,254
557,725,0,0,254
558,725,0,0,254
559,725,0,0,254
560,725,0,0,254
561,725,0,0,254
562,725,0,0,254
563,725,0,0,254
564,725,0,0,254
565,725,0,0,254
566,725,0,0,254
567,725,0,0,254
568,725,0,0,254
569,725,0,0,254
570,725,0,0,254
571,725,0,0,254
572,725,0,0,254
573,725,0,0,254
574,725,0,0,254
575,725,0,0,254
576,725,0,0,254
577,725,0,0,254
578,725,0,0,254
579,725,0,0,254
580,725,0,0,254
581,725,0,0,254
582,725,0,0,254
583,725,0,0,254
584,725,0,0,254
585,725,0,0,254
586,725,0,0,254
587,725,0,0,254
588,725,0,0,254
589,725,0,0,254
590,725,0,0,254
591,725,0,0,254
592,725,0,4,250
593,725,0,3,255
594,725,0,0,251
595,725,0,0,237
596,725,0,3,243
597,725,8,2,255
598,725,3,2,253
599,725,0,0,249
600,725,8,0,255
601,725,7,1,255
602,725,0,0,254
603,725,1,6,255
604,725,0,4,237
605,725,0,0,250
606,725,5,2,255
607,725,0,0,243
608,725,9,0,249
828,725,1,0,254
829,725,0,2,255
830,725,0,0,253
831,725,2,1,255
832,725,0,0,254
833,725,0,0,254
834,725,0,0,254
835,725,0,0,254
836,725,0,0,254
837,725,0,0,254
838,725,0,0,254
839,725,0,0,254
840,725,0,0,241
546,726,14,0,254
547,726,4,0,253
548,726,2,4,247
549,726,0,0,253
550,726,0,0,249
551,726,0,0,250
552,726,0,0,254
553,726,0,0,254
554,726,0,0,254
555,726,0,0,254
556,726,0,0,254
557,726,0,0,254
558,726,0,0,254
559,726,0,0,254
560,726,0,0,254
561,726,0,0,254
562,726,0,0,254
563,726,0,0,254
564,726,0,0,254
565,726,0,0,254
566,726,0,0,254
567,726,0,0,254
568,726,0,0,254
569,726,0,0,254
570,726,0,0,254
571,726,0,0,254
572,726,0,0,254
573,726,0,0,254
574,726,0,0,254
575,726,0,0,254
576,726,0,0,254
577,726,0,0,254
578,726,0,0,254
579,726,0,0,254
580,726,0,0,254
581,726,0,0,254
582,726,0,0,254
583,726,0,0,254
584,726,0,0,254
585,726,0,0,254
586,726,0,0,254
587,726,0,0,254
588,726,0,0,254
589,726,0,0,254
590,726,0,0,254
591,726,0,0,254
592,726,0,0,242
593,726,0,0,245
594,726,0,11,251
595,726,0,7,255
596,726,0,5,254
597,726,0,2,245
598,726,0,0,245
599,726,0,1,252
600,726,7,0,255
601,726,7,0,255
602,726,5,0,249
603,726,3,0,252
604,726,1,0,251
605,726,5,0,255
606,726,4,0,251
607,726,2,0,254
608,726,3,1,250
609,726,9,0,255
828,726,1,0,254
829,726,0,2,255
830,726,0,0,253
831,726,2,1,255
832,726,0,0,254
833,726,0,0,254
834,726,0,0,254
835,726,0,0,254
836,726,0,0,254
837,726,0,0,254
838,726,0,0,254
839,726,0,0,254
840,726,0,0,250
547,727,11,1,248
548,727,0,0,251
549,727,1,5,252
550,727,0,0,248
551,727,1,4,255
552,727,0,0,254
553,727,0,0,254
554,727,0,0,254
555,727,0,0,254
556,727,0,0,254
557,727,0,0,254
558,727,0,0,254
559,727,0,0,254
560,727,0,0,254
561,727,0,0,254
562,727,0,0,254
563,727,0,0,254
564,727,0,0,254
565,727,0,0,254
566,727,0,0,254
567,727,0,0,254
568,727,0,0,254
569,727,0,0,254
570,727,0,0,254
571,727,0,0,254
572,727,0,0,254
573,727,0,0,254
574,727,0,0,254
575,727,0,0,254
576,727,0,0,254
577,727,0,0,254
578,727,0,0,254
579,727,0,0,254
580,727,0,0,254
581,727,0,0,254
582,727,0,0,254
583,727,0,0,254
584,727,0,0,254
585,727,0,0,254
586,727,0,0,254
587,727,0,0,254
588,727,0,0,254
589,727,0,0,254
590,727,0,0,254
591,727,0,0,254
592,727,2,5,255
593,727,0,0,246
594,727,4,3,255
595,727,3,3,241
596,727,7,0,253
597,727,19,1,255
598,727,5,0,245
599,727,0,5,255
600,727,0,2,248
601,727,0,0,252
602,727,0,0,252
603,727,0,3,255
604,727,0,2,248
605,727,0,3,253
606,727,0,4,245
607,727,0,6,255
608,727,2,7,255
609,727,1,0,246
610,727,10,0,245
622,727,15,0,255
623,727,7,0,242
624,727,0,1,252
625,727,0,4,255
626,727,2,0,249
627,727,9,0,254
828,727,1,0,254
829,727,0,2,255
830,727,0,0,253
831,727,2,1,255
832,727,0,0,254
833,727,0,0,254
834,727,0,0,254
835,727,0,0,254
836,727,0,0,254
837,727,0,0,254
838,727,0,0,254
839,727,0,0,254
840,727,2,0,254
549,728,10,0,245
550,728,1,0,246
551,728,2,7,255
552,728,0,0,252
553,728,3,8,255
554,728,0,0,244
555,728,0,4,251
556,728,0,0,251
557,728,0,3,254
558,728,0,0,249
559,728,0,3,255
560,728,0,0,249
561,728,0,4,255
562,728,0,6,250
563,728,0,5,251
564,728,0,0,251
565,728,15,3,255
566,728,3,0,252
567,728,0,0,252
568,728,0,0,252
569,728,2,1,255
570,728,0,0,250
571,728,0,3,245
572,728,0,2,254
573,728,1,6,255
574,728,0,2,248
575,728,0,3,255
576,728,2,0,249
577,728,0,10,255
578,728,0,5,251
579,728,0,1,249
580,728,1,0,252
581,728,5,0,252
582,728,8,0,250
583,728,0,2,253
584,728,0,4,255
585,728,0,0,251
586,728,0,1,241
587,728,6,0,255
588,728,7,2,252
589,728,1,0,252
590,728,0,2,255
591,728,0,3,255
592,728,0,0,254
593,728,0,0,254
594,728,0,0,254
595,728,0,0,254
596,728,0,0,254
597,728,0,0,254
598,728,0,0,254
599,728,0,0,254
600,728,0,0,254
601,728,0,0,254
602,728,0,0,254
603,728,0,0,254
604,728,0,0,254
605,728,0,0,254
606,728,0,0,254
607,728,0,0,254
608,728,0,7,243
609,728,0,0,250
610,728,12,0,255
619,728,6,0,246
620,728,0,0,247
621,728,1,6,255
622,728,1,0,254
623,728,6,0,255
624,728,0,0,251
625,728,6,6,255
626,728,0,0,238
627,728,5,4,255
628,728,0,0,252
629,728,2,0,249
630,728,5,0,255
828,728,0,1,248
829,728,1,0,254
830,728,0,1,254
831,728,6,0,242
832,728,0,0,254
833,728,0,0,254
834,728,0,0,254
835,728,0,0,254
836,728,0,0,254
837,728,0,0,254
838,728,0,0,254
839,728,0,0,254
840,728,0,1,254
550,729,9,0,255
551,729,3,1,250
552,729,0,0,250
553,729,2,1,255
554,729,4,3,255
555,729,4,3,255
556,729,2,3,253
557,729,0,0,235
558,729,2,2,255
559,729,0,0,251
560,729,10,2,255
564,729,5,0,236
565,729,0,5,255
566,729,0,4,246
567,729,0,3,245
568,729,0,0,248
569,729,2,6,255
570,729,0,3,255
571,729,4,4,255
572,729,0,0,246
573,729,1,0,253
574,729,2,0,252
575,729,8,2,255
576,729,3,3,247
577,729,0,0,245
578,729,2,4,247
579,729,12,4,255
582,729,8,2,255
583,729,7,6,247
584,729,2,1,255
585,729,0,0,245
586,729,0,0,253
587,729,0,2,251
588,729,1,6,255
589,729,0,0,249
590,729,3,2,253
591,729,3,0,255
592,729,0,0,254
593,729,0,0,254
594,729,0,0,254
595,729,0,0,254
596,729,0,0,254
597,729,0,0,254
598,729,0,0,254
599,729,0,0,254
600,729,0,0,254
601,729,0,0,254
602,729,0,0,254
603,729,0,0,254
604,729,0,0,254
605,729,0,0,254
606,729,0,0,254
607,729,0,0,254
608,729,0,0,250
609,729,11,3,255
610,729,5,0,235
618,729,8,0,254
619,729,0,0,250
620,729,0,1,245
621,729,0,1,247
622,729,1,1,255
623,729,0,0,239
624,729,0,0,252
625,729,0,0,250
626,729,0,1,251
627,729,6,5,255
628,729,6,3,255
629,729,3,3,239
630,729,4,0,251
631,729,1,0,251
828,729,2,2,255
829,729,3,0,255
830,729,0,0,252
831,729,3,2,255
832,729,0,0,254
833,729,0,0,254
834,729,0,0,254
835,729,0,0,254
836,729,0,0,254
837,729,0,0,254
838,729,0,0,254
839,729,0,0,254
840,729,0,1,254
551,730,9,0,249
552,730,3,0,248
553,730,3,0,237
554,730,4,0,249
555,730,5,0,254
556,730,1,0,250
557,730,7,0,255
558,730,0,0,249
559,730,7,0,251
566,730,4,0,250
567,730,0,8,254
568,730,2,5,255
569,730,0,2,251
570,730,0,1,252
571,730,2,2,255
572,730,0,0,250
573,730,2,0,254
574,730,4,0,254
575,730,0,0,250
576,730,6,3,255
577,730,2,0,254
578,730,13,0,255
582,730,10,0,252
583,730,0,2,248
584,730,0,0,247
585,730,8,8,255
586,730,0,0,251
587,730,0,1,253
588,730,0,1,238
589,730,0,0,244
590,730,0,0,249
591,730,3,0,253
592,730,0,0,254
593,730,0,0,254
594,730,0,0,254
595,730,0,0,254
596,730,0,0,254
597,730,0,0,254
598,730,0,0,254
599,730,0,0,254
600,730,0,0,254
601,730,0,0,254
602,730,0,0,254
603,730,0,0,254
604,730,0,0,254
605,730,0,0,254
606,730,0,0,254
607,730,0,0,254
608,730,0,1,250
609,730,0,1,254
610,730,1,0,254
611,730,7,4,255
612,730,3,2,255
613,730,0,1,250
614,730,0,5,238
615,730,0,3,252
616,730,2,0,247
617,730,4,1,255
618,730,0,0,246
619,730,0,0,247
620,730,0,1,253
621,730,2,6,253
622,730,0,0,248
623,730,1,0,254
624,730,0,1,251
625,730,0,0,248
626,730,4,4,255
627,730,0,0,237
628,730,0,0,251
629,730,0,0,250
630,730,1,1,239
631,730,9,3,255
632,730,0,0,247
828,730,5,0,255
829,730,4,0,251
830,730,0,4,246
831,730,0,0,252
832,730,0,0,254
833,730,0,0,254
834,730,0,0,254
835,730,0,0,254
836,730,0,0,254
837,730,0,0,254
838,730,0,0,254
839,730,0,0,254
840,730,0,1,254
552,731,0,4,253
553,731,0,2,254
554,731,0,0,252
555,731,4,0,254
556,731,11,0,255
557,731,14,0,254
568,731,2,1,255
569,731,1,0,251
570,731,0,0,248
571,731,6,3,255
572,731,0,0,244
573,731,7,1,255
574,731,5,0,253
575,731,4,0,249
576,731,14,0,255
577,731,1,0,250
583,731,2,0,252
584,731,1,4,255
585,731,1,1,255
586,731,0,0,251
587,731,5,6,247
588,731,0,0,252
589,731,0,0,253
590,731,1,2,253
591,731,1,5,254
592,731,0,0,254
593,731,0,0,254
594,731,0,0,254
595,731,0,0,254
596,731,0,0,254
597,731,0,0,254
598,731,0,0,254
599,731,0,0,254
600,731,0,0,254
601,731,0,0,254
602,731,0,0,254
603,731,0,0,254
604,731,0,0,254
605,731,0,0,254
606,731,0,0,254
607,731,0,0,254
608,731,1,1,255
609,731,5,4,255
610,731,0,0,248
611,731,3,0,253
612,731,9,3,255
613,731,1,0,254
614,731,0,0,253
615,731,0,4,255
616,731,0,2,254
617,731,0,2,251
618,731,1,4,255
619,731,1,3,246
620,731,9,9,255
621,731,0,0,250
622,731,1,5,254
623,731,0,3,255
624,731,3,4,255
625,731,0,0,246
626,731,0,0,254
627,731,6,5,255
628,731,0,0,239
629,731,4,3,255
630,731,3,0,255
631,731,0,0,250
632,731,0,3,248
633,731,8,0,255
828,731,0,0,252
829,731,4,1,255
830,731,0,2,247
831,731,0,1,254
832,731,0,0,254
833,731,0,0,254
834,731,0,0,254
835,731,0,0,254
836,731,0,0,254
837,731,0,0,254
838,731,0,0,254
839,731,0,0,254
840,731,0,1,254
572,732,8,0,253
573,732,0,0,251
574,732,0,2,254
575,732,0,2,253
584,732,7,0,253
585,732,3,0,252
586,732,6,1,253
587,732,3,0,255
588,732,6,3,255
589,732,0,0,243
590,732,0,1,252
591,732,0,4,253
592,732,0,0,254
593,732,0,0,254
594,732,0,0,254
595,732,0,0,254
596,732,0,0,254
597,732,0,0,254
598,732,0,0,254
599,732,0,0,254
600,732,0,0,254
601,732,0,0,254
602,732,0,0,254
603,732,0,0,254
604,732,0,0,254
605,732,0,0,254
606,732,0,0,254
607,732,0,0,254
608,732,0,0,246
609,732,0,0,252
610,732,3,2,255
611,732,0,0,249
612,732,5,2,255
613,732,1,0,253
614,732,1,0,254
615,732,0,4,236
616,732,0,0,253
617,732,1,0,253
618,732,0,0,238
619,732,8,2,255
620,732,3,0,250
621,732,0,0,253
622,732,5,8,255
623,732,0,0,249
624,732,0,0,253
625,732,5,5,255
626,732,1,1,255
627,732,5,4,255
628,732,5,4,255
629,732,0,2,237
630,732,4,3,255
631,732,5,4,255
632,732,0,0,248
633,732,2,0,254
634,732,11,0,255
827,732,19,0,255
828,732,0,0,252
829,732,0,1,254
830,732,0,0,250
831,732,6,4,253
832,732,0,0,254
833,732,0,0,254
834,732,0,0,254
835,732,0,0,254
836,732,0,0,254
837,732,0,0,254
838,732,0,0,254
839,732,0,0,254
840,732,0,1,254
585,733,15,0,254
586,733,2,0,246
587,733,1,1,255
588,733,3,8,255
589,733,0,3,239
590,733,2,1,255
591,733,5,0,254
592,733,0,0,254
593,733,0,0,254
594,733,0,0,254
595,733,0,0,254
596,733,0,0,254
597,733,0,0,254
598,733,0,0,254
599,733,0,0,254
600,733,0,0,254
601,733,0,0,254
602,733,0,0,254
603,733,0,0,254
604,733,0,0,254
605,733,0,0,254
606,733,0,0,254
607,733,0,0,254
608,733,2,0,254
609,733,4,0,251
610,733,5,0,252
611,733,1,0,251
612,733,0,0,251
613,733,1,1,247
614,733,3,2,255
615,733,0,0,246
616,733,8,0,255
617,733,9,1,255
618,733,0,0,237
619,733,5,0,247
620,733,3,0,253
621,733,1,0,252
622,733,0,2,247
623,733,0,0,250
624,733,0,0,237
625,733,0,0,249
626,733,1,1,255
627,733,1,1,255
628,733,0,0,253
629,733,0,0,253
630,733,0,0,254
631,733,0,1,244
632,733,6,0,255
633,733,0,1,254
634,733,0,1,234
635,733,10,0,255
639,733,14,2,255
640,733,0,3,255
641,733,0,0,252
642,733,1,0,253
643,733,11,1,246
826,733,7,0,248
827,733,1,0,250
828,733,0,13,240
829,733,0,3,255
830,733,4,0,254
831,733,3,0,253
832,733,0,0,254
833,733,0,0,254
834,733,0,0,254
835,733,0,0,254
836,733,0,0,254
837,733,0,0,254
838,733,0,0,254
839,733,0,0,254
840,733,0,1,254
586,734,12,0,252
587,734,0,0,247
588,734,0,3,245
589,734,0,2,251
590,734,5,4,255
591,734,0,0,236
592,734,0,0,254
593,734,0,0,254
594,734,0,0,254
595,734,0,0,254
596,734,0,0,254
597,734,0,0,254
598,734,0,0,254
599,734,0,0,254
600,734,0,0,254
601,734,0,0,254
602,734,0,0,254
603,734,0,0,254
604,734,0,0,254
605,734,0,0,254
606,734,0,0,254
607,734,0,0,254
608,734,0,7,254
609,734,0,0,247
610,734,0,7,255
611,734,0,4,253
612,734,0,0,254
613,734,0,0,253
614,734,5,0,255
615,734,8,2,255
616,734,0,0,250
617,734,6,5,255
618,734,4,4,248
619,734,0,0,251
620,734,0,0,250
621,734,5,5,255
622,734,2,1,255
623,734,3,4,242
624,734,4,3,255
625,734,0,0,249
626,734,0,0,245
627,734,6,6,255
628,734,1,3,248
629,734,0,0,252
630,734,0,0,254
631,734,0,0,254
632,734,0,0,242
633,734,0,0,246
634,734,0,10,255
635,734,0,0,245
636,734,2,0,250
637,734,8,0,255
638,734,0,0,241
639,734,0,1,253
640,734,0,0,254
641,734,0,3,255
642,734,0,7,229
643,734,0,0,246
644,734,5,4,255
645,734,7,0,245
825,734,7,0,248
826,734,4,0,251
827,734,6,5,255
828,734,0,4,255
829,734,0,4,255
830,734,0,0,248
831,734,0,0,251
832,734,0,0,254
833,734,0,0,254
834,734,0,0,254
835,734,0,0,254
836,734,0,0,254
837,734,0,0,254
838,734,0,0,254
839,734,0,0,254
840,734,0,1,254
588,735,5,0,245
589,735,3,2,255
590,735,0,0,252
591,735,0,4,255
592,735,0,0,254
593,735,0,0,254
594,735,0,0,254
595,735,0,0,254
596,735,0,0,254
597,735,0,0,254
598,735,0,0,254
599,735,0,0,254
600,735,0,0,254
601,735,0,0,254
602,735,0,0,254
603,735,0,0,254
604,735,0,0,254
605,735,0,0,254
606,735,0,0,254
607,735,0,0,254
608,735,1,0,253
609,735,1,0,254
610,735,0,0,250
611,735,0,2,251
612,735,0,0,250
613,735,0,4,253
614,735,0,3,245
615,735,0,0,253
616,735,0,0,249
617,735,0,8,251
618,735,0,3,254
619,735,0,7,255
620,735,0,4,239
621,735,0,0,251
622,735,0,0,250
623,735,5,0,254
624,735,3,2,255
625,735,3,2,255
626,735,0,1,240
627,735,0,0,253
628,735,1,2,253
629,735,0,0,252
630,735,0,0,253
631,735,0,0,248
632,735,4,0,253
633,735,9,1,255
634,735,7,1,255
635,735,0,0,253
636,735,3,8,255
637,735,0,3,247
638,735,0,2,255
639,735,2,3,253
640,735,11,0,255
641,735,3,0,253
642,735,0,4,255
643,735,0,2,253
644,735,0,2,245
645,735,3,1,250
646,735,9,0,246
824,735,8,0,245
825,735,7,6,255
826,735,1,0,248
827,735,0,0,252
828,735,0,1,250
829,735,0,5,255
830,735,4,3,244
831,735,0,3,255
832,735,0,0,254
833,735,0,0,254
834,735,0,0,254
835,735,0,0,254
836,735,0,0,254
837,735,0,0,254
838,735,0,0,254
839,735,0,0,254
840,735,0,1,254
590,736,0,0,245
591,736,0,0,254
592,736,0,0,248
593,736,2,6,251
594,736,2,1,253
595,736,7,1,255
596,736,8,0,255
597,736,5,0,255
598,736,0,0,252
599,736,1,3,246
600,736,0,0,253
601,736,3,0,255
602,736,5,0,240
603,736,10,0,255
604,736,3,0,252
605,736,0,0,251
606,736,4,4,255
607,736,0,1,253
608,736,0,0,254
609,736,0,0,254
610,736,0,0,254
611,736,0,0,254
612,736,0,0,254
613,736,0,0,254
614,736,0,0,254
615,736,0,0,254
616,736,0,0,254
617,736,0,0,254
618,736,0,0,254
619,736,0,0,254
620,736,0,0,254
621,736,0,0,254
622,736,0,0,254
623,736,0,0,254
624,736,0,0,254
625,736,0,0,254
626,736,0,0,254
627,736,0,0,254
628,736,0,0,254
629,736,0,0,254
630,736,0,0,254
631,736,0,0,254
632,736,0,0,254
633,736,0,0,254
634,736,0,0,254
635,736,0,0,254
636,736,0,0,254
637,736,0,0,254
638,736,0,0,254
639,736,0,0,254
640,736,0,0,254
641,736,0,0,254
642,736,0,0,254
643,736,0,0,254
644,736,0,0,254
645,736,0,0,254
646,736,0,0,254
647,736,0,0,254
824,736,0,0,254
825,736,0,0,254
826,736,0,0,254
827,736,0,0,254
828,736,0,0,254
829,736,0,0,254
830,736,0,0,254
831,736,0,0,254
832,736,2,1,255
833,736,6,5,255
834,736,0,0,237
835,736,0,0,254
836,736,2,3,254
837,736,0,0,250
838,736,1,1,255
839,736,0,0,247
840,736,0,3,254
590,737,0,0,250
591,737,0,0,253
592,737,4,7,255
593,737,0,0,246
594,737,2,0,254
595,737,0,0,235
596,737,1,0,251
597,737,4,3,255
598,737,0,2,249
599,737,0,1,253
600,737,0,0,252
601,737,1,4,255
602,737,2,3,253
603,737,0,0,251
604,737,0,0,242
605,737,3,6,255
606,737,0,5,255
607,737,0,1,250
608,737,0,0,254
609,737,0,0,254
610,737,0,0,254
611,737,0,0,254
612,737,0,0,254
613,737,0,0,254
614,737,0,0,254
615,737,0,0,254
616,737,0,0,254
617,737,0,0,254
618,737,0,0,254
619,737,0,0,254
620,737,0,0,254
621,737,0,0,254
622,737,0,0,254
623,737,0,0,254
624,737,0,0,254
625,737,0,0,254
626,737,0,0,254
627,737,0,0,254
628,737,0,0,254
629,737,0,0,254
630,737,0,0,254
631,737,0,0,254
632,737,0,0,254
633,737,0,0,254
634,737,0,0,254
635,737,0,0,254
636,737,0,0,254
637,737,0,0,254
638,737,0,0,254
639,737,0,0,254
640,737,0,0,254
641,737,0,0,254
642,737,0,0,254
643,737,0,0,254
644,737,0,0,254
645,737,0,0,254
646,737,0,0,254
647,737,0,0,254
824,737,0,0,254
825,737,0,0,254
826,737,0,0,254
827,737,0,0,254
828,737,0,0,254
829,737,0,0,254
830,737,0,0,254
831,737,0,0,254
832,737,4,3,255
833,737,0,0,248
834,737,0,0,245
835,737,6,6,255
836,737,1,3,248
837,737,0,0,253
838,737,0,0,254
839,737,0,0,254
840,737,0,1,254
590,738,1,0,239
591,738,5,5,255
592,738,0,0,252
593,738,4,3,255
594,738,1,0,254
595,738,0,0,252
596,738,3,3,255
597,738,0,2,254
598,738,0,1,253
599,738,0,6,253
600,738,0,3,245
601,738,0,0,239
602,738,0,4,254
603,738,0,0,252
604,738,0,5,255
605,738,0,0,250
606,738,1,3,246
607,738,0,0,252
608,738,0,0,254
609,738,0,0,254
610,738,0,0,254
611,738,0,0,254
612,738,0,0,254
613,738,0,0,254
614,738,0,0,254
615,738,0,0,254
616,738,0,0,254
617,738,0,0,254
618,738,0,0,254
619,738,0,0,254
620,738,0,0,254
621,738,0,0,254
622,738,0,0,254
623,738,0,0,254
624,738,0,0,254
625,738,0,0,254
626,738,0,0,254
627,738,0,0,254
628,738,0,0,254
629,738,0,0,254
630,738,0,0,254
631,738,0,0,254
632,738,0,0,254
633,738,0,0,254
634,738,0,0,254
635,738,0,0,254
636,738,0,0,254
637,738,0,0,254
638,738,0,0,254
639,738,0,0,254
640,738,0,0,254
641,738,0,0,254
642,738,0,0,254
643,738,0,0,254
644,738,0,0,254
645,738,0,0,254
646,738,0,0,254
647,738,0,0,254
655,738,0,0,246
656,738,0,1,244
657,738,3,2,255
658,738,0,1,239
659,738,9,8,255
660,738,1,0,241
661,738,3,3,241
662,738,5,0,255
824,738,0,0,254
825,738,0,0,254
826,738,0,0,254
827,738,0,0,254
828,738,0,0,254
829,738,0,0,254
830,738,0,0,254
831,738,0,0,254
832,738,0,0,238
833,738,0,0,247
834,738,4,4,255
835,738,0,0,254
836,738,0,0,252
837,738,2,2,255
838,738,0,0,251
839,738,0,2,245
840,738,4,0,251
590,739,11,0,255
591,739,0,0,246
592,739,0,2,255
593,739,0,0,245
594,739,0,3,255
595,739,0,0,250
596,739,0,4,244
597,739,0,0,244
598,739,1,6,255
599,739,0,0,250
600,739,0,0,253
601,739,1,0,254
602,739,2,5,255
603,739,0,0,252
604,739,0,3,255
605,739,0,0,246
606,739,5,0,253
607,739,6,2,239
608,739,0,0,254
609,739,0,0,254
610,739,0,0,254
611,739,0,0,254
612,739,0,0,254
613,739,0,0,254
614,739,0,0,254
615,739,0,0,254
616,739,0,0,254
617,739,0,0,254
618,739,0,0,254
619,739,0,0,254
620,739,0,0,254
621,739,0,0,254
622,739,0,0,254
623,739,0,0,254
624,739,0,0,254
625,739,0,0,254
626,739,0,0,254
627,739,0,0,254
628,739,0,0,254
629,739,0,0,254
630,739,0,0,254
631,739,0,0,254
632,739,0,0,254
633,739,0,0,254
634,739,0,0,254
635,739,0,0,254
636,739,0,0,254
637,739,0,0,254
638,739,0,0,254
639,739,0,0,254
640,739,0,0,254
641,739,0,0,254
642,739,0,0,254
643,739,0,0,254
644,739,0,0,254
645,739,0,0,254
646,739,0,0,254
647,739,0,0,254
648,739,1,0,254
653,739,10,2,255
654,739,0,0,251
655,739,0,0,252
656,739,1,2,253
657,739,0,0,250
658,739,4,4,255
659,739,3,4,255
660,739,6,5,255
661,739,0,0,251
662,739,0,0,238
663,739,4,1,255
664,739,13,0,255
824,739,0,0,254
825,739,0,0,254
826,739,0,0,254
827,739,0,0,254
828,739,0,0,254
829,739,0,0,254
830,739,0,0,254
831,739,0,0,254
832,739,0,0,254
833,739,4,4,255
834,739,3,3,255
835,739,4,3,255
836,739,4,3,254
837,739,2,4,239
838,739,3,2,255
839,739,6,5,255
840,739,10,0,253
591,740,8,0,255
592,740,0,3,241
593,740,0,3,253
594,740,0,1,253
595,740,0,1,254
596,740,0,5,245
597,740,0,0,253
598,740,4,3,247
599,740,3,0,255
600,740,6,5,255
601,740,2,1,255
602,740,2,5,244
603,740,0,0,232
604,740,3,3,255
605,740,0,0,252
606,740,0,0,250
607,740,7,4,255
608,740,0,0,254
609,740,0,0,254
610,740,0,0,254
611,740,0,0,254
612,740,0,0,254
613,740,0,0,254
614,740,0,0,254
615,740,0,0,254
616,740,0,0,254
617,740,0,0,254
618,740,0,0,254
619,740,0,0,254
620,740,0,0,254
621,740,0,0,254
622,740,0,0,254
623,740,0,0,254
624,740,0,0,254
625,740,0,0,254
626,740,0,0,254
627,740,0,0,254
628,740,0,0,254
629,740,0,0,254
630,740,0,0,254
631,740,0,0,254
632,740,0,0,254
633,740,0,0,254
634,740,0,0,254
635,740,0,0,254
636,740,0,0,254
637,740,0,0,254
638,740,0,0,254
639,740,0,0,254
640,740,0,0,254
641,740,0,0,254
642,740,0,0,254
643,740,0,0,254
644,740,0,0,254
645,740,0,0,254
646,740,0,0,254
647,740,0,0,254
648,740,0,3,255
651,740,5,1,248
652,740,0,5,252
653,740,0,0,241
654,740,1,0,239
655,740,4,7,255
656,740,1,4,255
657,740,0,0,247
658,740,0,0,250
659,740,0,3,252
660,740,0,1,254
661,740,0,0,253
662,740,0,2,255
663,740,0,0,250
664,740,0,0,246
665,740,8,0,249
824,740,0,0,254
825,740,0,0,254
826,740,0,0,254
827,740,0,0,254
828,740,0,0,254
829,740,0,0,254
830,740,0,0,254
831,740,0,0,254
832,740,2,3,254
833,740,0,0,248
834,740,0,0,253
835,740,6,5,255
836,740,0,0,239
837,740,3,2,255
838,740,5,2,255
839,740,0,0,249
591,741,9,0,252
592,741,3,3,247
593,741,4,4,255
594,741,0,5,235
595,741,0,2,247
596,741,2,2,255
597,741,5,4,255
598,741,0,0,246
599,741,2,0,251
600,741,4,4,250
601,741,0,0,244
602,741,4,0,254
603,741,6,0,255
604,741,0,0,247
605,741,9,9,255
606,741,0,2,244
607,741,0,0,248
608,741,0,0,254
609,741,0,0,254
610,741,0,0,254
611,741,0,0,254
612,741,0,0,254
613,741,0,0,254
614,741,0,0,254
615,741,0,0,254
616,741,0,0,254
617,741,0,0,254
618,741,0,0,254
619,741,0,0,254
620,741,0,0,254
621,741,0,0,254
622,741,0,0,254
623,741,0,0,254
624,741,0,0,254
625,741,0,0,254
626,741,0,0,254
627,741,0,0,254
628,741,0,0,254
629,741,0,0,254
630,741,0,0,254
631,741,0,0,254
632,741,0,0,254
633,741,0,0,254
634,741,0,0,254
635,741,0,0,254
636,741,0,0,254
637,741,0,0,254
638,741,0,0,254
639,741,0,0,254
640,741,0,0,254
641,741,0,0,254
642,741,0,0,254
643,741,0,0,254
644,741,0,0,254
645,741,0,0,254
646,741,0,0,254
647,741,0,0,254
648,741,11,0,241
649,741,3,0,255
650,741,0,5,253
651,741,0,2,253
652,741,0,1,236
653,741,10,6,253
654,741,0,1,254
655,741,0,8,255
656,741,0,0,254
657,741,1,1,255
658,741,3,3,255
659,741,0,0,253
660,741,0,0,253
661,741,2,2,255
662,741,0,1,251
663,741,1,3,248
664,741,3,3,255
665,741,4,0,249
666,741,17,0,245
824,741,0,0,254
825,741,0,0,254
826,741,0,0,254
827,741,0,0,254
828,741,0,0,254
829,741,0,0,254
830,741,0,0,254
831,741,0,0,254
832,741,0,0,250
833,741,0,0,251
834,741,1,1,255
835,741,0,0,238
836,741,0,0,253
837,741,0,0,247
838,741,3,3,241
839,741,7,1,255
592,742,6,0,249
593,742,10,0,248
594,742,1,0,250
595,742,3,2,255
596,742,1,1,255
597,742,0,3,240
598,742,3,3,255
599,742,3,5,240
600,742,10,0,253
605,742,6,0,249
606,742,3,0,253
607,742,0,0,243
608,742,0,0,254
609,742,0,0,254
610,742,0,0,254
611,742,0,0,254
612,742,0,0,254
613,742,0,0,254
614,742,0,0,254
615,742,0,0,254
616,742,0,0,254
617,742,0,0,254
618,742,0,0,254
619,742,0,0,254
620,742,0,0,254
621,742,0,0,254
622,742,0,0,254
623,742,0,0,254
624,742,0,0,254
625,742,0,0,254
626,742,0,0,254
627,742,0,0,254
628,742,0,0,254
629,742,0,0,254
630,742,0,0,254
631,742,0,0,254
632,742,0,0,254
633,742,0,0,254
634,742,0,0,254
635,742,0,0,254
636,742,0,0,254
637,742,0,0,254
638,742,0,0,254
639,742,0,0,254
640,742,0,0,254
641,742,0,0,254
642,742,0,0,254
643,742,0,0,254
644,742,0,0,254
645,742,0,0,254
646,742,0,0,254
647,742,0,0,254
648,742,0,8,255
649,742,2,2,255
650,742,0,0,248
651,742,5,4,255
652,742,0,0,252
653,742,7,0,245
654,742,0,0,252
655,742,0,8,255
656,742,1,1,255
657,742,4,4,255
658,742,0,0,247
659,742,0,3,252
660,742,0,4,249
661,742,0,0,239
662,742,0,3,254
663,742,0,0,252
664,742,0,0,251
665,742,3,8,255
666,742,1,0,248
824,742,0,0,254
825,742,0,0,254
826,742,0,0,254
827,742,0,0,254
828,742,0,0,254
829,742,0,0,254
830,742,0,0,254
831,742,0,0,254
832,742,0,0,252
833,742,0,0,250
834,742,0,1,251
835,742,6,5,255
836,742,6,3,255
837,742,3,3,239
838,742,5,0,252
839,742,0,0,250
594,743,11,0,254
595,743,8,2,255
596,743,0,0,247
597,743,0,2,251
598,743,0,3,255
599,743,0,0,250
607,743,12,0,255
608,743,0,0,254
609,743,0,0,254
610,743,0,0,254
611,743,0,0,254
612,743,0,0,254
613,743,0,0,254
614,743,0,0,254
615,743,0,0,254
616,743,0,0,254
617,743,0,0,254
618,743,0,0,254
619,743,0,0,254
620,743,0,0,254
621,743,0,0,254
622,743,0,0,254
623,743,0,0,254
624,743,0,0,254
625,743,0,0,254
626,743,0,0,254
627,743,0,0,254
628,743,0,0,254
629,743,0,0,254
630,743,0,0,254
631,743,0,0,254
632,743,0,0,254
633,743,0,0,254
634,743,0,0,254
635,743,0,0,254
636,743,0,0,254
637,743,0,0,254
638,743,0,0,254
639,743,0,0,254
640,743,0,0,254
641,743,0,0,254
642,743,0,0,254
643,743,0,0,254
644,743,0,0,254
645,743,0,0,254
646,743,0,0,254
647,743,0,0,254
648,743,0,0,246
649,743,2,12,249
650,743,0,0,252
651,743,2,1,255
652,743,5,0,254
653,743,7,0,255
654,743,0,0,248
655,743,8,0,247
656,743,0,0,247
657,743,0,0,241
658,743,1,0,252
659,743,6,5,255
660,743,0,0,253
661,743,0,0,244
662,743,2,1,252
663,743,2,1,255
664,743,0,0,245
665,743,0,6,255
666,743,0,0,252
824,743,0,0,254
825,743,0,0,254
826,743,0,0,254
827,743,0,0,254
828,743,0,0,254
829,743,0,0,254
830,743,0,0,254
831,743,0,0,254
832,743,0,0,252
833,743,4,4,255
834,743,0,0,240
835,743,4,3,255
836,743,0,0,251
837,743,5,0,252
838,743,3,0,253
608,744,0,0,254
609,744,0,0,252
610,744,3,1,252
611,744,6,3,255
612,744,3,1,248
613,744,5,4,255
614,744,0,0,250
615,744,0,0,253
616,744,5,2,255
617,744,3,3,251
618,744,0,2,255
619,744,0,0,250
620,744,3,9,255
621,744,0,0,243
622,744,6,3,255
623,744,5,0,255
624,744,0,0,254
625,744,0,0,253
626,744,0,5,255
627,744,0,2,238
628,744,0,0,252
629,744,0,1,252
630,744,0,1,246
631,744,9,0,255
632,744,5,6,255
633,744,0,0,252
634,744,4,4,252
635,744,0,0,250
636,744,5,4,255
637,744,1,0,254
638,744,2,0,247
639,744,0,0,251
640,744,0,0,254
641,744,0,0,254
642,744,0,0,254
643,744,0,0,254
644,744,0,0,254
645,744,0,0,254
646,744,0,0,254
647,744,0,0,254
648,744,0,0,254
649,744,0,0,254
650,744,0,0,254
651,744,0,0,254
652,744,0,0,254
653,744,0,0,254
654,744,0,0,254
655,744,0,0,254
656,744,0,0,254
657,744,0,0,254
658,744,0,0,254
659,744,0,0,254
660,744,0,0,254
661,744,0,0,254
662,744,0,0,254
663,744,0,0,254
664,744,0,4,246
665,744,1,1,239
666,744,11,0,251
824,744,0,0,254
825,744,0,0,254
826,744,0,0,254
827,744,0,0,254
828,744,0,0,254
829,744,0,0,254
830,744,0,0,254
831,744,0,0,254
832,744,2,0,254
833,744,1,1,255
834,744,0,0,252
835,744,0,2,255
836,744,0,1,254
610,745,16,0,255
611,745,12,0,255
612,745,0,0,245
613,745,0,0,241
614,745,0,0,250
615,745,8,6,255
616,745,0,0,249
617,745,0,0,248
618,745,7,6,255
619,745,0,0,246
620,745,6,0,255
621,745,0,0,249
622,745,0,0,250
623,745,0,4,250
624,745,2,1,252
625,745,2,0,252
626,745,0,0,233
627,745,0,3,255
628,745,5,2,255
629,745,0,0,248
630,745,0,12,254
631,745,0,0,251
632,745,0,0,253
633,745,0,0,248
634,745,0,0,246
635,745,0,0,253
636,745,0,3,255
637,745,0,5,255
638,745,0,0,243
639,745,3,8,255
640,745,0,0,254
641,745,0,0,254
642,745,0,0,254
643,745,0,0,254
644,745,0,0,254
645,745,0,0,254
646,745,0,0,254
647,745,0,0,254
648,745,0,0,254
649,745,0,0,254
650,745,0,0,254
651,745,0,0,254
652,745,0,0,254
653,745,0,0,254
654,745,0,0,254
655,745,0,0,254
656,745,0,0,254
657,745,0,0,254
658,745,0,0,254
659,745,0,0,254
660,745,0,0,254
661,745,0,0,254
662,745,0,0,254
663,745,0,0,254
664,745,2,1,253
665,745,4,3,255
666,745,8,1,252
824,745,0,0,254
825,745,0,0,254
826,745,0,0,254
827,745,0,0,254
828,745,0,0,254
829,745,0,0,254
830,745,0,0,254
831,745,0,0,254
832,745,2,0,254
833,745,1,1,255
834,745,0,0,252
835,745,0,2,255
836,745,0,1,254
615,746,10,0,252
616,746,2,7,255
617,746,0,0,253
618,746,0,0,241
619,746,4,1,255
620,746,1,0,246
621,746,1,0,251
622,746,0,0,244
623,746,1,4,255
624,746,9,0,255
627,746,6,0,255
628,746,8,0,246
629,746,12,0,254
630,746,9,6,255
631,746,0,4,248
632,746,0,0,254
633,746,2,2,255
634,746,6,5,255
635,746,0,1,241
636,746,0,0,244
637,746,0,0,246
638,746,3,2,254
639,746,4,3,255
640,746,0,0,254
641,746,0,0,254
642,746,0,0,254
643,746,0,0,254
644,746,0,0,254
645,746,0,0,254
646,746,0,0,254
647,746,0,0,254
648,746,0,0,254
649,746,0,0,254
650,746,0,0,254
651,746,0,0,254
652,746,0,0,254
653,746,0,0,254
654,746,0,0,254
655,746,0,0,254
656,746,0,0,254
657,746,0,0,254
658,746,0,0,254
659,746,0,0,254
660,746,0,0,254
661,746,0,0,254
662,746,0,0,254
663,746,0,0,254
664,746,5,0,251
665,746,0,0,249
666,746,0,4,255
667,746,10,0,255
824,746,0,0,254
825,746,0,0,254
826,746,0,0,254
827,746,0,0,254
828,746,0,0,254
829,746,0,0,254
830,746,0,0,254
831,746,0,0,254
832,746,2,0,254
833,746,1,1,255
834,746,0,0,252
835,746,0,2,255
836,746,0,1,254
617,747,22,0,255
618,747,0,0,221
619,747,0,5,253
620,747,0,4,255
621,747,3,0,252
629,747,2,0,246
630,747,0,2,252
631,747,1,0,254
632,747,1,5,252
633,747,0,0,249
634,747,0,3,255
635,747,0,0,252
636,747,0,3,255
637,747,0,4,255
638,747,0,3,241
639,747,0,2,254
640,747,0,0,254
641,747,0,0,254
642,747,0,0,254
643,747,0,0,254
644,747,0,0,254
645,747,0,0,254
646,747,0,0,254
647,747,0,0,254
648,747,0,0,254
649,747,0,0,254
650,747,0,0,254
651,747,0,0,254
652,747,0,0,254
653,747,0,0,254
654,747,0,0,254
655,747,0,0,254
656,747,0,0,254
657,747,0,0,254
658,747,0,0,254
659,747,0,0,254
660,747,0,0,254
661,747,0,0,254
662,747,0,0,254
663,747,0,0,254
664,747,0,0,249
665,747,0,0,250
666,747,1,6,255
667,747,4,1,254
668,747,19,0,255
824,747,0,0,254
825,747,0,0,254
826,747,0,0,254
827,747,0,0,254
828,747,0,0,254
829,747,0,0,254
830,747,0,0,254
831,747,0,0,254
832,747,2,0,254
833,747,1,1,255
834,747,0,0,252
835,747,0,2,255
836,747,0,1,254
629,748,16,4,255
630,748,0,5,255
631,748,3,3,249
632,748,1,0,248
633,748,7,1,255
634,748,3,0,255
635,748,0,0,250
636,748,4,4,255
637,748,0,0,252
638,748,0,4,255
639,748,0,2,252
640,748,0,0,254
641,748,0,0,254
642,748,0,0,254
643,748,0,0,254
644,748,0,0,254
645,748,0,0,254
646,748,0,0,254
647,748,0,0,254
648,748,0,0,254
649,748,0,0,254
650,748,0,0,254
651,748,0,0,254
652,748,0,0,254
653,748,0,0,254
654,748,0,0,254
655,748,0,0,254
656,748,0,0,254
657,748,0,0,254
658,748,0,0,254
659,748,0,0,254
660,748,0,0,254
661,748,0,0,254
662,748,0,0,254
663,748,0,0,254
664,748,0,3,252
665,748,3,3,255
666,748,0,0,251
667,748,0,0,247
668,748,4,3,245
669,748,10,0,253
824,748,0,0,254
825,748,0,0,254
826,748,0,0,254
827,748,0,0,254
828,748,0,0,254
829,748,0,0,254
830,748,0,0,254
831,748,0,0,254
832,748,2,0,254
833,748,1,1,255
834,748,0,0,252
835,748,0,2,255
836,748,0,1,254
630,749,14,0,250
631,749,5,0,255
632,749,0,0,251
633,749,0,0,248
634,749,0,0,241
635,749,6,8,249
636,749,0,0,252
637,749,0,0,236
638,749,6,0,255
639,749,2,0,235
640,749,0,0,254
641,749,0,0,254
642,749,0,0,254
643,749,0,0,254
644,749,0,0,254
645,749,0,0,254
646,749,0,0,254
647,749,0,0,254
648,749,0,0,254
649,749,0,0,254
650,749,0,0,254
651,749,0,0,254
652,749,0,0,254
653,749,0,0,254
654,749,0,0,254
655,749,0,0,254
656,749,0,0,254
657,749,0,0,254
658,749,0,0,254
659,749,0,0,254
660,749,0,0,254
661,749,0,0,254
662,749,0,0,254
663,749,0,0,254
664,749,0,8,255
665,749,0,0,246
666,749,7,0,249
667,749,7,1,255
668,749,0,5,247
669,749,0,0,251
670,749,7,0,250
824,749,0,0,254
825,749,0,0,254
826,749,0,0,254
827,749,0,0,254
828,749,0,0,254
829,749,0,0,254
830,749,0,0,254
831,749,0,0,254
832,749,2,0,254
833,749,1,1,255
834,749,0,0,252
835,749,0,2,255
836,749,0,1,254
632,750,2,7,255
633,750,0,5,234
634,750,0,4,234
635,750,0,0,252
636,750,0,0,251
637,750,0,0,253
638,750,3,2,255
639,750,5,4,255
640,750,0,0,254
641,750,0,0,254
642,750,0,0,254
643,750,0,0,254
644,750,0,0,254
645,750,0,0,254
646,750,0,0,254
647,750,0,0,254
648,750,0,0,254
649,750,0,0,254
650,750,0,0,254
651,750,0,0,254
652,750,0,0,254
653,750,0,0,254
654,750,0,0,254
655,750,0,0,254
656,750,0,0,254
657,750,0,0,254
658,750,0,0,254
659,750,0,0,254
660,750,0,0,254
661,750,0,0,254
662,750,0,0,254
663,750,0,0,254
664,750,0,2,248
665,750,2,2,255
666,750,2,0,243
667,750,0,0,252
668,750,0,0,249
669,750,4,9,255
670,750,3,0,255
671,750,8,0,252
824,750,0,0,254
825,750,0,0,254
826,750,0,0,254
827,750,0,0,254
828,750,0,0,254
829,750,0,0,254
830,750,0,0,254
831,750,0,0,254
832,750,2,0,254
833,750,1,1,255
834,750,0,0,252
835,750,0,2,255
836,750,0,1,254
637,751,11,0,255
638,751,1,0,232
639,751,3,0,255
640,751,0,0,254
641,751,0,0,254
642,751,0,0,254
643,751,0,0,254
644,751,0,0,254
645,751,0,0,254
646,751,0,0,254
647,751,0,0,254
648,751,0,0,254
649,751,0,0,254
650,751,0,0,254
651,751,0,0,254
652,751,0,0,254
653,751,0,0,254
654,751,0,0,254
655,751,0,0,254
656,751,0,0,254
657,751,0,0,254
658,751,0,0,254
659,751,0,0,254
660,751,0,0,254
661,751,0,0,254
662,751,0,0,254
663,751,0,0,254
664,751,3,2,255
665,751,0,0,250
666,751,4,8,255
667,751,0,0,250
668,751,3,2,255
669,751,0,0,253
670,751,3,6,255
671,751,0,0,251
672,751,25,0,254
823,751,26,0,255
824,751,0,0,254
825,751,0,0,254
826,751,0,0,254
827,751,0,0,254
828,751,0,0,254
829,751,0,0,254
830,751,0,0,254
831,751,0,0,254
832,751,2,0,254
833,751,1,1,255
834,751,0,0,252
835,751,0,2,255
836,751,0,1,254
639,752,25,0,254
640,752,0,2,252
641,752,0,3,252
642,752,2,1,255
643,752,0,0,244
644,752,2,1,255
645,752,0,3,255
646,752,0,0,239
647,752,0,7,255
648,752,6,3,255
649,752,0,0,246
650,752,5,4,255
651,752,1,1,245
652,752,1,1,255
653,752,2,2,255
654,752,0,3,255
655,752,0,0,250
656,752,0,3,242
657,752,3,2,255
658,752,5,0,254
659,752,0,0,251
660,752,0,2,254
661,752,0,8,255
662,752,0,2,241
663,752,3,3,255
664,752,0,0,254
665,752,0,0,254
666,752,0,0,254
667,752,0,0,254
668,752,0,0,254
669,752,0,0,254
670,752,0,0,254
671,752,0,0,254
672,752,3,0,250
673,752,11,0,255
823,752,0,4,253
824,752,0,0,254
825,752,0,0,254
826,752,0,0,254
827,752,0,0,254
828,752,0,0,254
829,752,0,0,254
830,752,0,0,254
831,752,0,0,254
832,752,3,2,255
833,752,0,3,255
834,752,0,0,251
835,752,1,3,246
836,752,0,0,253
646,753,12,0,255
647,753,0,0,240
648,753,0,0,242
649,753,1,6,246
650,753,0,0,252
651,753,0,3,255
652,753,2,3,251
653,753,0,0,248
654,753,4,3,255
655,753,2,1,253
656,753,1,0,241
657,753,0,0,253
658,753,0,0,252
659,753,0,1,248
660,753,3,3,255
661,753,1,0,252
662,753,1,0,254
663,753,0,0,247
664,753,0,0,254
665,753,0,0,254
666,753,0,0,254
667,753,0,0,254
668,753,0,0,254
669,753,0,0,254
670,753,0,0,254
671,753,0,0,254
672,753,0,10,255
673,753,0,3,254
674,753,2,8,244
675,753,0,0,248
676,753,4,1,242
677,753,5,0,255
678,753,0,0,241
679,753,1,0,253
680,753,0,5,255
681,753,0,0,247
822,753,23,0,255
823,753,0,0,246
824,753,0,0,254
825,753,0,0,254
826,753,0,0,254
827,753,0,0,254
828,753,0,0,254
829,753,0,0,254
830,753,0,0,254
831,753,0,0,254
832,753,1,1,245
833,753,0,2,244
834,753,0,4,250
835,753,0,0,249
836,753,11,0,255
650,754,12,0,250
651,754,13,0,253
652,754,7,1,247
653,754,3,6,245
654,754,0,5,255
655,754,0,0,245
656,754,13,0,253
657,754,8,4,249
658,754,0,2,254
659,754,0,4,254
660,754,0,0,249
661,754,5,0,240
662,754,4,0,249
663,754,8,8,255
664,754,0,0,254
665,754,0,0,254
666,754,0,0,254
667,754,0,0,254
668,754,0,0,254
669,754,0,0,254
670,754,0,0,254
671,754,0,0,254
672,754,0,0,253
673,754,0,0,235
674,754,3,0,255
675,754,3,0,255
676,754,1,0,241
677,754,0,0,246
678,754,5,8,255
679,754,1,6,255
680,754,0,0,248
681,754,3,6,255
682,754,5,0,254
683,754,10,0,252
700,754,7,0,252
701,754,0,0,239
702,754,0,4,255
703,754,0,11,255
704,754,1,0,246
705,754,4,3,247
706,754,5,0,255
707,754,2,0,249
708,754,13,0,255
822,754,10,2,255
823,754,3,3,251
824,754,0,0,254
825,754,0,0,254
826,754,0,0,254
827,754,0,0,254
828,754,0,0,254
829,754,0,0,254
830,754,0,0,254
831,754,0,0,254
832,754,4,1,255
833,754,1,0,253
834,754,0,2,251
835,754,0,0,249
658,755,8,0,255
659,755,7,4,255
660,755,0,0,247
661,755,5,0,253
662,755,2,0,254
663,755,0,0,248
664,755,0,0,254
665,755,0,0,254
666,755,0,0,254
667,755,0,0,254
668,755,0,0,254
669,755,0,0,254
670,755,0,0,254
671,755,0,0,254
672,755,6,0,255
673,755,4,0,254
674,755,6,2,249
675,755,3,2,246
676,755,1,0,254
677,755,2,3,251
678,755,0,0,253
679,755,0,4,240
680,755,4,0,248
681,755,5,4,255
682,755,0,5,255
683,755,0,1,253
684,755,0,0,245
698,755,6,0,249
699,755,5,4,255
700,755,0,1,253
701,755,0,4,248
702,755,0,0,253
703,755,4,0,237
704,755,5,6,254
705,755,0,2,254
706,755,0,0,244
707,755,0,3,254
708,755,3,0,251
709,755,13,0,255
821,755,7,0,249
822,755,0,5,254
823,755,1,0,253
824,755,0,0,254
825,755,0,0,254
826,755,0,0,254
827,755,0,0,254
828,755,0,0,254
829,755,0,0,254
830,755,0,0,254
831,755,0,0,254
832,755,0,0,238
833,755,3,0,236
834,755,0,5,255
835,755,0,0,252
659,756,17,0,255
660,756,3,0,255
661,756,0,5,255
662,756,0,0,248
663,756,4,4,252
664,756,0,0,254
665,756,0,0,254
666,756,0,0,254
667,756,0,0,254
668,756,0,0,254
669,756,0,0,254
670,756,0,0,254
671,756,0,0,254
672,756,0,0,246
673,756,4,7,255
674,756,0,0,250
675,756,1,4,255
676,756,0,0,252
677,756,1,4,255
678,756,0,0,243
679,756,2,2,255
680,756,7,0,253
681,756,7,0,255
682,756,2,1,255
683,756,0,5,237
684,756,0,4,255
685,756,0,1,253
686,756,0,2,248
687,756,0,0,250
697,756,16,0,254
698,756,2,0,249
699,756,0,0,250
700,756,0,6,255
701,756,0,0,238
702,756,8,0,255
703,756,7,0,252
704,756,0,0,249
705,756,4,2,253
706,756,7,7,255
707,756,0,4,246
708,756,1,0,254
709,756,6,0,252
710,756,12,0,242
821,756,2,0,251
822,756,0,5,251
823,756,4,1,255
824,756,0,0,254
825,756,0,0,254
826,756,0,0,254
827,756,0,0,254
828,756,0,0,254
829,756,0,0,254
830,756,0,0,254
831,756,0,0,254
832,756,5,2,255
833,756,7,0,255
834,756,1,4,255
835,756,8,0,255
660,757,11,0,255
661,757,0,0,251
662,757,2,8,254
663,757,0,0,253
664,757,0,0,254
665,757,0,0,254
666,757,0,0,254
667,757,0,0,254
668,757,0,0,254
669,757,0,0,254
670,757,0,0,254
671,757,0,0,254
672,757,1,2,252
673,757,0,0,250
674,757,0,0,253
675,757,0,2,255
676,757,0,0,243
677,757,1,0,253
678,757,6,0,253
679,757,4,0,251
680,757,0,3,242
681,757,0,0,252
682,757,0,0,250
683,757,5,5,241
684,757,0,0,238
685,757,1,0,254
686,757,6,6,255
687,757,0,0,251
688,757,15,0,255
689,757,11,0,250
696,757,2,2,255
697,757,0,0,253
698,757,0,2,251
699,757,5,10,255
700,757,2,7,255
701,757,0,0,251
702,757,0,3,239
703,757,0,0,251
704,757,3,2,255
705,757,0,0,241
706,757,0,2,254
707,757,0,1,252
708,757,0,5,254
709,757,0,3,245
710,757,1,1,255
711,757,7,5,255
821,757,5,4,255
822,757,0,0,249
823,757,0,0,246
824,757,0,0,254
825,757,0,0,254
826,757,0,0,254
827,757,0,0,254
828,757,0,0,254
829,757,0,0,254
830,757,0,0,254
831,757,0,0,254
832,757,6,3,255
833,757,0,0,250
834,757,2,0,249
661,758,5,0,236
662,758,5,2,255
663,758,2,5,255
664,758,0,0,254
665,758,0,0,254
666,758,0,0,254
667,758,0,0,254
668,758,0,0,254
669,758,0,0,254
670,758,0,0,254
671,758,0,0,254
672,758,0,0,245
673,758,3,6,255
674,758,0,3,247
675,758,2,9,255
676,758,0,3,255
677,758,0,0,252
678,758,2,1,255
679,758,3,1,248
680,758,5,0,254
681,758,6,0,255
682,758,3,0,250
683,758,0,0,251
684,758,2,0,252
685,758,1,1,245
686,758,3,2,255
687,758,0,0,250
688,758,9,9,255
689,758,0,0,247
690,758,0,2,249
691,758,6,0,250
696,758,0,2,242
697,758,0,0,253
698,758,3,4,245
699,758,0,0,251
700,758,0,0,251
701,758,0,0,250
702,758,0,4,254
703,758,0,3,255
704,758,0,0,253
705,758,1,0,254
706,758,3,4,254
707,758,0,0,237
708,758,0,2,255
709,758,0,3,255
710,758,0,0,251
711,758,0,2,251
820,758,6,0,242
821,758,0,0,244
822,758,0,0,250
823,758,3,6,255
824,758,0,0,254
825,758,0,0,254
826,758,0,0,254
827,758,0,0,254
828,758,0,0,254
829,758,0,0,254
830,758,0,0,254
831,758,0,0,254
832,758,2,0,254
833,758,0,0,254
834,758,8,0,250
662,759,7,0,253
663,759,0,0,251
664,759,0,0,254
665,759,0,0,254
666,759,0,0,254
667,759,0,0,254
668,759,0,0,254
669,759,0,0,254
670,759,0,0,254
671,759,0,0,254
672,759,11,1,255
673,759,1,0,250
674,759,0,0,253
675,759,0,0,246
676,759,0,0,248
677,759,0,2,247
678,759,4,3,255
679,759,1,0,253
680,759,0,3,248
681,759,0,5,255
682,759,0,1,242
683,759,5,2,255
684,759,8,2,255
685,759,0,0,248
686,759,0,3,254
687,759,0,4,254
688,759,2,0,245
689,759,0,5,255
690,759,0,6,245
691,759,0,0,253
692,759,15,0,254
695,759,12,0,253
696,759,0,0,254
697,759,0,5,244
698,759,0,3,255
699,759,0,0,248
700,759,4,5,253
701,759,1,0,252
702,759,0,0,251
703,759,7,1,255
704,759,0,0,252
705,759,4,5,246
706,759,0,0,252
707,759,3,0,255
708,759,4,3,247
709,759,3,4,244
710,759,0,0,253
711,759,0,0,251
712,759,25,0,254
820,759,2,3,253
821,759,2,2,255
822,759,14,4,255
823,759,0,0,248
824,759,0,0,254
825,759,0,0,254
826,759,0,0,254
827,759,0,0,254
828,759,0,0,254
829,759,0,0,254
830,759,0,0,254
831,759,0,0,254
832,759,0,0,247
833,759,1,7,251
663,760,9,0,244
664,760,0,2,254
665,760,0,5,248
666,760,1,0,253
667,760,0,0,248
668,760,0,4,243
669,760,3,0,253
670,760,0,4,255
671,760,0,0,249
672,760,0,0,254
673,760,0,0,254
674,760,0,0,254
675,760,0,0,254
676,760,0,0,254
677,760,0,0,254
678,760,0,0,254
679,760,0,0,254
680,760,0,0,254
681,760,0,0,254
682,760,0,0,254
683,760,0,0,254
684,760,0,0,254
685,760,0,0,254
686,760,0,0,254
687,760,0,0,254
688,760,0,5,255
689,760,0,0,248
690,760,8,0,249
691,760,6,7,255
692,760,0,5,254
695,760,0,0,253
696,760,0,0,254
697,760,0,0,254
698,760,0,0,254
699,760,0,0,254
700,760,0,0,254
701,760,0,0,254
702,760,0,0,254
703,760,0,0,254
704,760,0,0,254
705,760,0,0,254
706,760,0,0,254
707,760,0,0,254
708,760,0,0,254
709,760,0,0,254
710,760,0,0,254
711,760,0,0,254
712,760,0,0,248
819,760,4,1,255
820,760,0,4,243
821,760,14,0,255
822,760,0,0,249
823,760,0,6,255
824,760,0,1,244
825,760,0,2,254
826,760,0,7,255
827,760,0,0,249
828,760,4,1,255
829,760,0,0,248
830,760,0,2,237
831,760,0,0,252
832,760,0,8,255
833,760,4,0,251
663,761,14,0,255
664,761,0,4,246
665,761,0,3,254
666,761,0,0,252
667,761,0,5,247
668,761,5,5,255
669,761,9,5,248
670,761,0,3,255
671,761,4,4,248
672,761,0,0,254
673,761,0,0,254
674,761,0,0,254
675,761,0,0,254
676,761,0,0,254
677,761,0,0,254
678,761,0,0,254
679,761,0,0,254
680,761,0,0,254
681,761,0,0,254
682,761,0,0,254
683,761,0,0,254
684,761,0,0,254
685,761,0,0,254
686,761,0,0,254
687,761,0,0,254
688,761,0,3,255
689,761,0,4,253
690,761,11,3,255
691,761,0,0,246
692,761,0,0,250
693,761,20,0,255
695,761,0,5,244
696,761,0,0,254
697,761,0,0,254
698,761,0,0,254
699,761,0,0,254
700,761,0,0,254
701,761,0,0,254
702,761,0,0,254
703,761,0,0,254
704,761,0,0,254
705,761,0,0,254
706,761,0,0,254
707,761,0,0,254
708,761,0,0,254
709,761,0,0,254
710,761,0,0,254
711,761,0,0,254
712,761,0,9,255
713,761,7,0,246
819,761,1,0,250
820,761,1,4,255
821,761,0,0,250
822,761,3,0,250
823,761,0,4,251
824,761,2,1,255
825,761,0,0,245
826,761,0,0,251
827,761,0,3,255
828,761,5,6,246
829,761,0,0,248
830,761,3,3,255
831,761,0,2,254
832,761,0,2,250
833,761,10,0,250
664,762,11,3,255
665,762,2,2,255
666,762,0,0,253
667,762,1,4,255
668,762,0,0,251
669,762,0,0,240
670,762,0,5,241
671,762,0,0,252
672,762,0,0,254
673,762,0,0,254
674,762,0,0,254
675,762,0,0,254
676,762,0,0,254
677,762,0,0,254
678,762,0,0,254
679,762,0,0,254
680,762,0,0,254
681,762,0,0,254
682,762,0,0,254
683,762,0,0,254
684,762,0,0,254
685,762,0,0,254
686,762,0,0,254
687,762,0,0,254
688,762,1,1,249
689,762,0,0,251
690,762,0,0,236
691,762,1,0,253
692,762,0,3,249
693,762,5,0,248
694,762,16,0,255
695,762,0,2,246
696,762,0,0,254
697,762,0,0,254
698,762,0,0,254
699,762,0,0,254
700,762,0,0,254
701,762,0,0,254
702,762,0,0,254
703,762,0,0,254
704,762,0,0,254
705,762,0,0,254
706,762,0,0,254
707,762,0,0,254
708,762,0,0,254
709,762,0,0,254
710,762,0,0,254
711,762,0,0,254
712,762,7,3,246
713,762,0,0,252
818,762,0,0,250
819,762,1,0,252
820,762,6,4,255
821,762,2,6,255
822,762,10,0,255
823,762,0,3,255
824,762,5,0,255
825,762,1,1,247
826,762,0,1,254
827,762,0,2,251
828,762,0,0,251
829,762,4,3,255
830,762,3,5,250
831,762,0,0,252
832,762,2,0,250
664,763,9,0,251
665,763,9,1,255
666,763,0,0,238
667,763,0,2,242
668,763,2,2,255
669,763,3,0,255
670,763,0,0,254
671,763,4,4,255
672,763,0,0,254
673,763,0,0,254
674,763,0,0,254
675,763,0,0,254
676,763,0,0,254
677,763,0,0,254
678,763,0,0,254
679,763,0,0,254
680,763,0,0,254
681,763,0,0,254
682,763,0,0,254
683,763,0,0,254
684,763,0,0,254
685,763,0,0,254
686,763,0,0,254
687,763,0,0,254
688,763,8,2,255
689,763,0,6,255
690,763,3,3,255
691,763,1,0,253
692,763,0,7,245
693,763,0,2,255
694,763,7,4,255
695,763,0,4,254
696,763,0,0,254
697,763,0,0,254
698,763,0,0,254
699,763,0,0,254
700,763,0,0,254
701,763,0,0,254
702,763,0,0,254
703,763,0,0,254
704,763,0,0,254
705,763,0,0,254
706,763,0,0,254
707,763,0,0,254
708,763,0,0,254
709,763,0,0,254
710,763,0,0,254
711,763,0,0,254
712,763,3,0,252
713,763,2,2,255
818,763,0,5,250
819,763,0,3,255
820,763,4,0,254
821,763,4,5,255
822,763,4,0,254
823,763,0,0,250
824,763,7,1,255
825,763,3,1,250
826,763,2,2,255
827,763,0,5,247
828,763,0,1,240
829,763,0,0,253
830,763,3,3,255
831,763,0,0,254
832,763,11,0,248
665,764,10,0,247
666,764,0,0,240
667,764,3,6,255
668,764,0,0,254
669,764,0,0,253
670,764,7,4,255
671,764,0,0,248
672,764,0,0,254
673,764,0,0,254
674,764,0,0,254
675,764,0,0,254
676,764,0,0,254
677,764,0,0,254
678,764,0,0,254
679,764,0,0,254
680,764,0,0,254
681,764,0,0,254
682,764,0,0,254
683,764,0,0,254
684,764,0,0,254
685,764,0,0,254
686,764,0,0,254
687,764,0,0,254
688,764,2,0,249
689,764,2,9,247
690,764,0,0,247
691,764,2,0,254
692,764,0,3,255
693,764,0,6,255
694,764,0,0,246
695,764,0,0,247
696,764,0,0,254
697,764,0,0,254
698,764,0,0,254
699,764,0,0,254
700,764,0,0,254
701,764,0,0,254
702,764,0,0,254
703,764,0,0,254
704,764,0,0,254
705,764,0,0,254
706,764,0,0,254
707,764,0,0,254
708,764,0,0,254
709,764,0,0,254
710,764,0,0,254
711,764,0,0,254
712,764,0,4,251
713,764,0,0,254
714,764,6,0,254
817,764,9,1,255
818,764,0,3,252
819,764,0,0,237
820,764,4,1,255
821,764,3,0,253
822,764,0,2,254
823,764,7,3,248
824,764,5,0,255
825,764,0,0,243
826,764,0,0,250
827,764,0,0,248
828,764,2,5,255
829,764,2,6,253
830,764,1,0,252
831,764,5,0,255
666,765,0,0,234
667,765,2,6,251
668,765,0,0,252
669,765,0,0,246
670,765,8,2,255
671,765,0,3,255
672,765,0,0,254
673,765,0,0,254
674,765,0,0,254
675,765,0,0,254
676,765,0,0,254
677,765,0,0,254
678,765,0,0,254
679,765,0,0,254
680,765,0,0,254
681,765,0,0,254
682,765,0,0,254
683,765,0,0,254
684,765,0,0,254
685,765,0,0,254
686,765,0,0,254
687,765,0,0,254
688,765,0,0,241
689,765,0,0,250
690,765,5,4,255
691,765,3,2,255
692,765,0,0,245
693,765,0,4,242
694,765,0,2,254
695,765,3,2,255
696,765,0,0,254
697,765,0,0,254
698,765,0,0,254
699,765,0,0,254
700,765,0,0,254
701,765,0,0,254
702,765,0,0,254
703,765,0,0,254
704,765,0,0,254
705,765,0,0,254
706,765,0,0,254
707,765,0,0,254
708,765,0,0,254
709,765,0,0,254
710,765,0,0,254
711,765,0,0,254
712,765,0,0,249
713,765,4,0,249
714,765,0,1,253
817,765,0,5,241
818,765,0,3,254
819,765,1,7,251
820,765,0,0,251
821,765,10,3,255
822,765,0,0,249
823,765,2,0,252
824,765,4,3,255
825,765,5,2,255
826,765,0,0,252
827,765,0,0,247
828,765,0,0,252
829,765,0,3,235
830,765,1,0,250
831,765,15,0,255
666,766,7,6,255
667,766,0,1,253
668,766,0,0,251
669,766,0,0,251
670,766,3,0,252
671,766,0,5,254
672,766,0,0,254
673,766,0,0,254
674,766,0,0,254
675,766,0,0,254
676,766,0,0,254
677,766,0,0,254
678,766,0,0,254
679,766,0,0,254
680,766,0,0,254
681,766,0,0,254
682,766,0,0,254
683,766,0,0,254
684,766,0,0,254
685,766,0,0,254
686,766,0,0,254
687,766,0,0,254
688,766,0,2,254
689,766,0,0,246
690,766,5,2,255
691,766,0,0,254
692,766,0,0,253
693,766,0,2,254
694,766,2,5,255
695,766,4,0,249
696,766,0,0,254
697,766,0,0,254
698,766,0,0,254
699,766,0,0,254
700,766,0,0,254
701,766,0,0,254
702,766,0,0,254
703,766,0,0,254
704,766,0,0,254
705,766,0,0,254
706,766,0,0,254
707,766,0,0,254
708,766,0,0,254
709,766,0,0,254
710,766,0,0,254
711,766,0,0,254
712,766,2,1,253
713,766,3,0,255
714,766,4,1,255
816,766,6,0,250
817,766,0,1,254
818,766,0,5,244
819,766,0,0,252
820,766,0,0,244
821,766,1,0,254
822,766,0,4,254
823,766,2,4,247
824,766,0,2,244
825,766,0,0,250
826,766,6,6,255
827,766,0,0,242
828,766,0,5,255
829,766,3,2,255
830,766,8,0,246
666,767,0,0,253
667,767,0,1,253
668,767,4,3,255
669,767,2,3,254
670,767,4,0,249
671,767,0,0,251
672,767,0,0,254
673,767,0,0,254
674,767,0,0,254
675,767,0,0,254
676,767,0,0,254
677,767,0,0,254
678,767,0,0,254
679,767,0,0,254
680,767,0,0,254
681,767,0,0,254
682,767,0,0,254
683,767,0,0,254
684,767,0,0,254
685,767,0,0,254
686,767,0,0,254
687,767,0,0,254
688,767,0,4,254
689,767,4,0,249
690,767,10,3,254
691,767,0,0,252
692,767,0,2,249
693,767,4,4,255
694,767,0,0,251
695,767,3,0,252
696,767,0,0,254
697,767,0,0,254
698,767,0,0,254
699,767,0,0,254
700,767,0,0,254
701,767,0,0,254
702,767,0,0,254
703,767,0,0,254
704,767,0,0,254
705,767,0,0,254
706,767,0,0,254
707,767,0,0,254
708,767,0,0,254
709,767,0,0,254
710,767,0,0,254
711,767,0,0,254
712,767,0,0,245
713,767,0,8,255
714,767,5,0,254
715,767,3,0,253
816,767,0,6,255
817,767,0,0,248
818,767,0,4,255
819,767,8,1,255
820,767,4,0,254
821,767,0,2,253
822,767,4,2,253
823,767,0,0,252
824,767,0,3,251
825,767,0,3,255
826,767,0,0,253
827,767,0,1,254
828,767,0,0,242
829,767,4,3,255
830,767,9,0,252
667,768,4,1,255
668,768,0,7,243
669,768,0,4,255
670,768,4,1,255
671,768,2,0,246
672,768,0,0,250
673,768,0,3,255
674,768,2,2,255
675,768,1,1,255
676,768,1,1,245
677,768,5,4,255
678,768,0,0,246
679,768,6,3,255
680,768,8,0,242
682,768,3,0,249
683,768,0,0,252
684,768,0,6,246
685,768,7,6,255
686,768,0,2,253
687,768,3,0,247
688,768,0,0,254
689,768,0,0,254
690,768,0,0,254
691,768,0,0,254
692,768,0,0,254
693,768,0,0,254
694,768,0,0,254
695,768,0,0,254
696,768,0,0,254
697,768,0,0,254
698,768,0,0,254
699,768,0,0,254
700,768,0,0,254
701,768,0,0,254
702,768,0,0,254
703,768,0,0,254
704,768,0,0,254
705,768,0,0,254
706,768,0,0,254
707,768,0,0,254
708,768,0,0,254
709,768,0,0,254
710,768,0,0,254
711,768,0,0,254
712,768,0,2,254
713,768,2,5,255
714,768,5,0,255
715,768,13,0,255
720,768,3,0,252
721,768,11,0,247
816,768,0,0,254
817,768,0,0,254
818,768,0,0,254
819,768,0,0,254
820,768,0,0,254
821,768,0,0,254
822,768,0,0,254
823,768,0,0,254
824,768,0,3,255
825,768,2,0,254
826,768,0,0,249
827,768,2,1,255
828,768,0,0,254
829,768,3,0,245
668,769,15,0,255
669,769,2,0,251
670,769,0,2,251
671,769,0,7,240
672,769,2,1,253
673,769,4,3,255
674,769,0,0,248
675,769,2,3,251
676,769,0,3,255
677,769,0,0,252
678,769,1,6,246
679,769,0,0,242
683,769,0,0,251
684,769,0,0,245
685,769,3,2,255
686,769,5,2,243
687,769,7,0,251
688,769,0,0,254
689,769,0,0,254
690,769,0,0,254
691,769,0,0,254
692,769,0,0,254
693,769,0,0,254
694,769,0,0,254
695,769,0,0,254
696,769,0,0,254
697,769,0,0,254
698,769,0,0,254
699,769,0,0,254
700,769,0,0,254
701,769,0,0,254
702,769,0,0,254
703,769,0,0,254
704,769,0,0,254
705,769,0,0,254
706,769,0,0,254
707,769,0,0,254
708,769,0,0,254
709,769,0,0,254
710,769,0,0,254
711,769,0,0,254
712,769,0,0,253
713,769,0,0,247
714,769,0,0,250
715,769,0,2,245
716,769,0,0,251
717,769,0,0,253
718,769,3,3,255
719,769,0,0,251
720,769,0,0,249
721,769,2,7,255
722,769,0,0,252
723,769,0,3,255
724,769,8,3,253
816,769,0,0,254
817,769,0,0,254
818,769,0,0,254
819,769,0,0,254
820,769,0,0,254
821,769,0,0,254
822,769,0,0,254
823,769,0,0,254
824,769,0,0,252
825,769,10,7,255
826,769,0,0,245
827,769,0,0,246
828,769,1,4,241
829,769,7,0,253
670,770,10,2,255
671,770,0,1,254
672,770,0,0,245
673,770,0,5,255
674,770,3,6,245
675,770,7,1,247
676,770,13,0,253
677,770,12,0,250
683,770,3,0,250
684,770,2,1,255
685,770,0,5,251
686,770,1,0,251
687,770,0,4,255
688,770,0,0,254
689,770,0,0,254
690,770,0,0,254
691,770,0,0,254
692,770,0,0,254
693,770,0,0,254
694,770,0,0,254
695,770,0,0,254
696,770,0,0,254
697,770,0,0,254
698,770,0,0,254
699,770,0,0,254
700,770,0,0,254
701,770,0,0,254
702,770,0,0,254
703,770,0,0,254
704,770,0,0,254
705,770,0,0,254
706,770,0,0,254
707,770,0,0,254
708,770,0,0,254
709,770,0,0,254
710,770,0,0,254
711,770,0,0,254
712,770,3,2,254
713,770,5,4,255
714,770,0,0,252
715,770,0,4,240
716,770,0,5,255
717,770,0,8,255
718,770,0,2,251
719,770,0,4,255
720,770,2,1,252
721,770,2,2,255
722,770,0,0,253
723,770,0,0,253
724,770,0,0,252
725,770,0,0,247
726,770,5,2,255
727,770,0,0,247
728,770,3,0,250
729,770,0,0,239
730,770,9,9,255
815,770,7,0,255
816,770,0,0,254
817,770,0,0,254
818,770,0,0,254
819,770,0,0,254
820,770,0,0,254
821,770,0,0,254
822,770,0,0,254
823,770,0,0,254
824,770,0,3,255
825,770,0,0,250
826,770,0,0,249
827,770,4,2,249
828,770,5,5,255
684,771,6,0,253
685,771,4,7,255
686,771,11,0,250
687,771,0,0,249
688,771,0,0,254
689,771,0,0,254
690,771,0,0,254
691,771,0,0,254
692,771,0,0,254
693,771,0,0,254
694,771,0,0,254
695,771,0,0,254
696,771,0,0,254
697,771,0,0,254
698,771,0,0,254
699,771,0,0,254
700,771,0,0,254
701,771,0,0,254
702,771,0,0,254
703,771,0,0,254
704,771,0,0,254
705,771,0,0,254
706,771,0,0,254
707,771,0,0,254
708,771,0,0,254
709,771,0,0,254
710,771,0,0,254
711,771,0,0,254
712,771,0,0,251
713,771,0,0,248
714,771,4,4,252
715,771,0,0,252
716,771,3,0,244
717,771,0,0,248
718,771,7,0,254
719,771,7,0,254
720,771,0,0,249
721,771,0,3,255
722,771,5,0,255
723,771,13,0,255
724,771,6,0,242
725,771,7,2,244
726,771,6,9,255
727,771,0,9,255
728,771,0,0,248
729,771,0,0,244
730,771,3,3,255
731,771,0,0,249
732,771,19,1,255
814,771,11,0,253
815,771,0,3,248
816,771,0,0,254
817,771,0,0,254
818,771,0,0,254
819,771,0,0,254
820,771,0,0,254
821,771,0,0,254
822,771,0,0,254
823,771,0,0,254
824,771,3,3,255
825,771,4,3,255
826,771,0,0,248
827,771,6,3,255
828,771,0,0,253
684,772,3,0,248
685,772,4,0,250
686,772,4,1,255
687,772,0,0,250
688,772,0,0,254
689,772,0,0,254
690,772,0,0,254
691,772,0,0,254
692,772,0,0,254
693,772,0,0,254
694,772,0,0,254
695,772,0,0,254
696,772,0,0,254
697,772,0,0,254
698,772,0,0,254
699,772,0,0,254
700,772,0,0,254
701,772,0,0,254
702,772,0,0,254
703,772,0,0,254
704,772,0,0,254
705,772,0,0,254
706,772,0,0,254
707,772,0,0,254
708,772,0,0,254
709,772,0,0,254
710,772,0,0,254
711,772,0,0,254
712,772,3,2,255
713,772,2,1,252
714,772,3,3,249
715,772,0,0,248
716,772,2,1,255
717,772,0,0,251
718,772,0,0,253
719,772,0,0,252
720,772,3,5,248
721,772,0,0,250
722,772,3,4,252
723,772,3,3,255
724,772,4,3,245
725,772,1,0,251
726,772,7,0,254
727,772,4,0,245
728,772,16,8,255
729,772,11,0,247
730,772,4,0,251
731,772,1,8,255
732,772,0,3,253
733,772,6,0,253
813,772,8,0,251
814,772,0,0,252
815,772,0,0,251
816,772,0,0,254
817,772,0,0,254
818,772,0,0,254
819,772,0,0,254
820,772,0,0,254
821,772,0,0,254
822,772,0,0,254
823,772,0,0,254
824,772,0,0,244
825,772,0,0,248
826,772,1,4,255
827,772,2,0,247
828,772,0,4,251
684,773,6,0,248
685,773,8,2,255
686,773,0,9,251
687,773,0,4,255
688,773,0,0,254
689,773,0,0,254
690,773,0,0,254
691,773,0,0,254
692,773,0,0,254
693,773,0,0,254
694,773,0,0,254
695,773,0,0,254
696,773,0,0,254
697,773,0,0,254
698,773,0,0,254
699,773,0,0,254
700,773,0,0,254
701,773,0,0,254
702,773,0,0,254
703,773,0,0,254
704,773,0,0,254
705,773,0,0,254
706,773,0,0,254
707,773,0,0,254
708,773,0,0,254
709,773,0,0,254
710,773,0,0,254
711,773,0,0,254
712,773,1,0,254
713,773,0,0,252
714,773,1,1,255
715,773,0,0,248
716,773,1,4,255
717,773,0,1,246
718,773,1,5,252
719,773,0,2,251
720,773,8,0,255
721,773,8,2,255
722,773,0,0,244
723,773,0,3,255
724,773,0,5,247
725,773,0,0,232
726,773,0,3,255
727,773,0,1,254
728,773,0,4,248
729,773,0,0,252
730,773,1,0,254
731,773,1,0,246
732,773,0,6,255
733,773,0,8,246
734,773,5,2,255
813,773,1,0,253
814,773,0,8,255
815,773,5,2,255
816,773,0,0,254
817,773,0,0,254
818,773,0,0,254
819,773,0,0,254
820,773,0,0,254
821,773,0,0,254
822,773,0,0,254
823,773,0,0,254
824,773,2,0,254
825,773,1,3,246
826,773,0,1,253
827,773,3,0,253
828,773,0,0,251
685,774,5,0,252
686,774,0,2,254
687,774,4,0,253
688,774,0,0,254
689,774,0,0,254
690,774,0,0,254
691,774,0,0,254
692,774,0,0,254
693,774,0,0,254
694,774,0,0,254
695,774,0,0,254
696,774,0,0,254
697,774,0,0,254
698,774,0,0,254
699,774,0,0,254
700,774,0,0,254
701,774,0,0,254
702,774,0,0,254
703,774,0,0,254
704,774,0,0,254
705,774,0,0,254
706,774,0,0,254
707,774,0,0,254
708,774,0,0,254
709,774,0,0,254
710,774,0,0,254
711,774,0,0,254
712,774,0,0,251
713,774,4,4,255
714,774,0,1,249
715,774,0,0,254
716,774,2,2,250
717,774,2,1,255
718,774,0,0,250
719,774,4,3,255
720,774,0,8,247
721,774,0,0,252
722,774,0,0,252
723,774,0,0,250
724,774,1,1,255
725,774,4,8,255
726,774,0,0,246
727,774,0,3,245
728,774,4,0,254
729,774,0,0,253
730,774,0,4,254
731,774,0,0,243
732,774,0,5,255
733,774,0,2,254
734,774,12,0,255
813,774,3,3,255
814,774,0,1,253
815,774,0,0,232
816,774,0,0,254
817,774,0,0,254
818,774,0,0,254
819,774,0,0,254
820,774,0,0,254
821,774,0,0,254
822,774,0,0,254
823,774,0,0,254
824,774,6,0,255
825,774,0,0,249
826,774,0,5,255
827,774,8,0,255
828,774,0,1,254
685,775,2,5,240
686,775,0,3,242
687,775,2,0,254
688,775,0,0,254
689,775,0,0,254
690,775,0,0,254
691,775,0,0,254
692,775,0,0,254
693,775,0,0,254
694,775,0,0,254
695,775,0,0,254
696,775,0,0,254
697,775,0,0,254
698,775,0,0,254
699,775,0,0,254
700,775,0,0,254
701,775,0,0,254
702,775,0,0,254
703,775,0,0,254
704,775,0,0,254
705,775,0,0,254
706,775,0,0,254
707,775,0,0,254
708,775,0,0,254
709,775,0,0,254
710,775,0,0,254
711,775,0,0,254
712,775,2,1,253
713,775,1,0,254
714,775,1,1,255
715,775,0,0,250
716,775,2,7,255
717,775,0,2,252
718,775,0,4,253
719,775,0,2,254
720,775,0,0,252
721,775,0,0,253
722,775,6,6,255
723,775,0,0,248
724,775,0,0,251
725,775,0,0,253
726,775,4,3,255
727,775,1,0,254
728,775,0,6,251
729,775,0,3,255
730,775,0,0,253
731,775,1,2,250
732,775,4,3,247
733,775,9,0,255
734,775,0,0,238
735,775,0,3,248
736,775,7,0,242
737,775,15,0,255
751,775,26,0,255
752,775,0,0,254
753,775,0,0,254
754,775,0,0,254
755,775,0,0,254
756,775,0,0,254
757,775,0,0,254
758,775,0,0,254
759,775,0,0,254
760,775,7,0,242
761,775,15,0,255
812,775,8,0,253
813,775,0,0,252
814,775,1,6,246
815,775,1,0,254
816,775,0,0,254
817,775,0,0,254
818,775,0,0,254
819,775,0,0,254
820,775,0,0,254
821,775,0,0,254
822,775,0,0,254
823,775,0,0,254
824,775,4,0,253
825,775,1,5,252
826,775,0,0,249
827,775,3,0,252
828,775,1,5,254
686,776,10,0,255
687,776,0,0,252
688,776,3,2,255
689,776,2,2,255
690,776,0,0,248
691,776,0,0,252
692,776,0,3,255
693,776,0,0,251
694,776,1,8,255
695,776,0,0,248
696,776,0,3,255
697,776,0,0,252
698,776,1,4,255
699,776,5,3,250
700,776,0,0,247
701,776,0,2,254
702,776,5,0,249
703,776,0,2,254
704,776,0,0,254
705,776,0,0,254
706,776,0,0,254
707,776,0,0,254
708,776,0,0,254
709,776,0,0,254
710,776,0,0,254
711,776,0,0,254
712,776,0,0,254
713,776,0,0,254
714,776,0,0,254
715,776,0,0,254
716,776,0,0,254
717,776,0,0,254
718,776,0,0,254
719,776,0,0,254
720,776,0,0,248
721,776,2,6,251
722,776,2,1,253
723,776,7,1,255
724,776,8,0,255
725,776,5,0,255
726,776,0,0,252
727,776,1,3,246
728,776,0,0,254
729,776,0,0,254
730,776,0,0,254
731,776,0,0,254
732,776,0,0,254
733,776,0,0,254
734,776,0,0,254
735,776,0,0,254
736,776,0,0,254
737,776,0,4,255
738,776,0,0,249
739,776,4,0,253
750,776,0,0,251
751,776,1,4,255
752,776,0,0,254
753,776,0,0,254
754,776,0,0,254
755,776,0,0,254
756,776,0,0,254
757,776,0,0,254
758,776,0,0,254
759,776,0,0,254
760,776,0,3,242
761,776,0,0,253
762,776,1,0,254
763,776,8,0,255
810,776,11,0,254
811,776,8,2,255
812,776,0,0,247
813,776,0,2,251
814,776,0,3,255
815,776,0,0,250
816,776,0,0,254
817,776,0,0,254
818,776,0,0,254
819,776,0,0,254
820,776,0,0,254
821,776,0,0,254
822,776,0,0,254
823,776,0,0,254
824,776,2,1,252
825,776,6,0,255
826,776,0,1,254
827,776,6,6,255
828,776,0,0,243
687,777,5,0,250
688,777,0,0,240
689,777,4,1,255
690,777,5,2,255
691,777,0,0,247
692,777,3,3,255
693,777,0,1,251
694,777,3,6,255
695,777,0,1,254
696,777,0,5,253
697,777,0,1,241
698,777,0,0,243
699,777,5,0,252
700,777,10,3,254
701,777,13,0,255
703,777,3,5,250
704,777,0,0,254
705,777,0,0,254
706,777,0,0,254
707,777,0,0,254
708,777,0,0,254
709,777,0,0,254
710,777,0,0,254
711,777,0,0,254
712,777,0,0,254
713,777,0,0,254
714,777,0,0,254
715,777,0,0,254
716,777,0,0,254
717,777,0,0,254
718,777,0,0,254
719,777,0,0,254
720,777,4,7,255
721,777,0,0,246
722,777,2,0,254
723,777,0,0,235
724,777,1,0,251
725,777,4,3,255
726,777,0,2,249
727,777,0,1,253
728,777,0,0,254
729,777,0,0,254
730,777,0,0,254
731,777,0,0,254
732,777,0,0,254
733,777,0,0,254
734,777,0,0,254
735,777,0,0,254
736,777,0,0,248
737,777,1,5,254
738,777,0,5,255
739,777,0,0,247
740,777,14,1,255
749,777,16,3,255
750,777,0,5,241
751,777,0,0,254
752,777,0,0,254
753,777,0,0,254
754,777,0,0,254
755,777,0,0,254
756,777,0,0,254
757,777,0,0,254
758,777,0,0,254
759,777,0,0,254
760,777,0,0,252
761,777,0,0,248
762,777,3,4,252
763,777,2,0,254
764,777,5,0,244
808,777,6,0,249
809,777,10,0,248
810,777,1,0,250
811,777,3,2,255
812,777,1,1,255
813,777,0,3,240
814,777,3,3,255
815,777,3,5,240
816,777,0,0,254
817,777,0,0,254
818,777,0,0,254
819,777,0,0,254
820,777,0,0,254
821,777,0,0,254
822,777,0,0,254
823,777,0,0,254
824,777,3,8,255
825,777,0,0,244
826,777,1,1,255
827,777,0,0,249
828,777,0,2,255
689,778,5,0,252
690,778,4,0,242
691,778,1,0,239
692,778,9,3,255
693,778,0,0,238
694,778,1,0,253
695,778,0,0,244
696,778,12,0,247
703,778,0,0,243
704,778,0,0,254
705,778,0,0,254
706,778,0,0,254
707,778,0,0,254
708,778,0,0,254
709,778,0,0,254
710,778,0,0,254
711,778,0,0,254
712,778,0,0,254
713,778,0,0,254
714,778,0,0,254
715,778,0,0,254
716,778,0,0,254
717,778,0,0,254
718,778,0,0,254
719,778,0,0,254
720,778,0,0,252
721,778,4,3,255
722,778,1,0,254
723,778,0,0,252
724,778,3,3,255
725,778,0,2,254
726,778,0,1,253
727,778,0,6,253
728,778,0,0,254
729,778,0,0,254
730,778,0,0,254
731,778,0,0,254
732,778,0,0,254
733,778,0,0,254
734,778,0,0,254
735,778,0,0,254
736,778,4,1,255
737,778,0,1,241
738,778,1,2,252
739,778,0,2,255
740,778,0,3,238
741,778,5,0,242
749,778,2,0,252
750,778,0,3,245
751,778,6,0,252
752,778,0,0,254
753,778,0,0,254
754,778,0,0,254
755,778,0,0,254
756,778,0,0,254
757,778,0,0,254
758,778,0,0,254
759,778,0,0,254
760,778,8,5,255
761,778,3,3,249
762,778,0,0,252
763,778,1,2,253
764,778,4,2,253
765,778,11,0,255
766,778,9,0,251
794,778,3,0,253
795,778,0,11,255
796,778,0,6,252
797,778,0,0,225
798,778,25,0,255
806,778,0,0,245
807,778,2,0,252
808,778,3,3,247
809,778,4,4,255
810,778,0,5,235
811,778,0,2,247
812,778,2,2,255
813,778,5,4,255
814,778,0,0,246
815,778,2,0,251
816,778,0,0,254
817,778,0,0,254
818,778,0,0,254
819,778,0,0,254
820,778,0,0,254
821,778,0,0,254
822,778,0,0,254
823,778,0,0,254
824,778,0,4,246
825,778,9,0,255
826,778,0,0,247
827,778,0,1,252
828,778,7,7,255
703,779,0,8,253
704,779,0,0,254
705,779,0,0,254
706,779,0,0,254
707,779,0,0,254
708,779,0,0,254
709,779,0,0,254
710,779,0,0,254
711,779,0,0,254
712,779,0,0,254
713,779,0,0,254
714,779,0,0,254
715,779,0,0,254
716,779,0,0,254
717,779,0,0,254
718,779,0,0,254
719,779,0,0,254
720,779,0,2,255
721,779,0,0,245
722,779,0,3,255
723,779,0,0,250
724,779,0,4,244
725,779,0,0,244
726,779,1,6,255
727,779,0,0,250
728,779,0,0,254
729,779,0,0,254
730,779,0,0,254
731,779,0,0,254
732,779,0,0,254
733,779,0,0,254
734,779,0,0,254
735,779,0,0,254
736,779,1,1,255
737,779,1,0,253
738,779,4,1,255
739,779,2,2,255
740,779,0,0,250
741,779,4,7,244
742,779,12,0,255
749,779,5,2,255
750,779,0,0,251
751,779,14,2,255
752,779,0,0,254
753,779,0,0,254
754,779,0,0,254
755,779,0,0,254
756,779,0,0,254
757,779,0,0,254
758,779,0,0,254
759,779,0,0,254
760,779,2,0,252
761,779,1,0,252
762,779,1,1,255
763,779,0,2,254
764,779,0,0,248
765,779,3,3,255
766,779,0,0,251
767,779,7,2,252
768,779,12,1,255
769,779,11,0,251
792,779,0,9,253
793,779,0,0,252
794,779,0,0,245
795,779,7,4,255
796,779,4,2,251
797,779,4,4,255
798,779,0,0,237
799,779,0,6,252
800,779,0,0,245
805,779,0,3,254
806,779,4,0,254
807,779,2,1,255
808,779,0,3,241
809,779,0,3,253
810,779,0,1,253
811,779,0,1,254
812,779,0,5,245
813,779,0,0,253
814,779,4,3,247
815,779,3,0,255
816,779,0,0,254
817,779,0,0,254
818,779,0,0,254
819,779,0,0,254
820,779,0,0,254
821,779,0,0,254
822,779,0,0,254
823,779,0,0,254
824,779,0,4,252
825,779,4,1,255
826,779,2,7,255
827,779,0,0,251
828,779,6,0,244
703,780,0,3,255
704,780,0,0,254
705,780,0,0,254
706,780,0,0,254
707,780,0,0,254
708,780,0,0,254
709,780,0,0,254
710,780,0,0,254
711,780,0,0,254
712,780,0,0,254
713,780,0,0,254
714,780,0,0,254
715,780,0,0,254
716,780,0,0,254
717,780,0,0,254
718,780,0,0,254
719,780,0,0,254
720,780,0,3,241
721,780,0,3,253
722,780,0,1,253
723,780,0,1,254
724,780,0,5,245
725,780,0,0,253
726,780,4,3,247
727,780,3,0,255
728,780,0,0,254
729,780,0,0,254
730,780,0,0,254
731,780,0,0,254
732,780,0,0,254
733,780,0,0,254
734,780,0,0,254
735,780,0,0,254
736,780,0,2,253
737,780,0,0,251
738,780,4,0,251
739,780,6,2,249
740,780,0,0,253
741,780,0,2,254
742,780,0,0,244
743,780,8,1,254
744,780,12,1,253
748,780,5,2,255
749,780,0,0,252
750,780,0,0,248
751,780,0,2,255
752,780,0,0,254
753,780,0,0,254
754,780,0,0,254
755,780,0,0,254
756,780,0,0,254
757,780,0,0,254
758,780,0,0,254
759,780,0,0,254
760,780,0,0,252
761,780,3,2,255
762,780,0,0,249
763,780,0,3,255
764,780,0,2,245
765,780,0,2,239
766,780,0,6,252
767,780,0,4,255
768,780,0,6,248
769,780,0,0,253
770,780,11,0,255
791,780,11,0,248
792,780,1,0,254
793,780,0,0,250
794,780,1,0,254
795,780,0,0,253
796,780,4,5,245
797,780,0,0,251
798,780,0,0,254
799,780,4,4,255
800,780,0,2,254
801,780,4,0,253
804,780,5,2,255
805,780,0,0,250
806,780,0,6,255
807,780,13,0,255
808,780,0,2,255
809,780,0,0,245
810,780,0,3,255
811,780,0,0,250
812,780,0,4,244
813,780,0,0,244
814,780,1,6,255
815,780,0,0,250
816,780,0,0,254
817,780,0,0,254
818,780,0,0,254
819,780,0,0,254
820,780,0,0,254
821,780,0,0,254
822,780,0,0,254
823,780,0,0,254
824,780,0,0,252
825,780,0,1,254
826,780,0,1,241
827,780,19,0,255
703,781,5,0,255
704,781,0,0,254
705,781,0,0,254
706,781,0,0,254
707,781,0,0,254
708,781,0,0,254
709,781,0,0,254
710,781,0,0,254
711,781,0,0,254
712,781,0,0,254
713,781,0,0,254
714,781,0,0,254
715,781,0,0,254
716,781,0,0,254
717,781,0,0,254
718,781,0,0,254
719,781,0,0,254
720,781,3,3,247
721,781,4,4,255
722,781,0,5,235
723,781,0,2,247
724,781,2,2,255
725,781,5,4,255
726,781,0,0,246
727,781,2,0,251
728,781,0,0,254
729,781,0,0,254
730,781,0,0,254
731,781,0,0,254
732,781,0,0,254
733,781,0,0,254
734,781,0,0,254
735,781,0,0,254
736,781,0,7,254
737,781,0,0,253
738,781,5,0,255
739,781,7,0,254
740,781,5,2,255
741,781,2,3,254
742,781,0,4,255
743,781,0,0,246
744,781,4,3,255
745,781,13,0,249
748,781,0,0,246
749,781,6,5,255
750,781,11,1,255
751,781,0,2,248
752,781,0,0,254
753,781,0,0,254
754,781,0,0,254
755,781,0,0,254
756,781,0,0,254
757,781,0,0,254
758,781,0,0,254
759,781,0,0,254
760,781,0,0,251
761,781,5,6,246
762,781,3,3,255
763,781,0,1,254
764,781,0,0,250
765,781,1,7,251
766,781,0,0,248
767,781,0,2,252
768,781,0,0,250
769,781,0,7,255
770,781,0,0,254
771,781,9,0,254
791,781,2,0,250
792,781,7,0,253
793,781,4,0,253
794,781,5,0,254
795,781,4,0,253
796,781,0,0,248
797,781,0,0,249
798,781,9,4,254
799,781,0,0,248
800,781,0,0,253
801,781,7,0,247
802,781,4,4,255
803,781,8,0,255
804,781,9,0,255
805,781,2,7,246
806,781,3,0,250
807,781,1,2,253
808,781,0,0,252
809,781,4,3,255
810,781,1,0,254
811,781,0,0,252
812,781,3,3,255
813,781,0,2,254
814,781,0,1,253
815,781,0,6,253
816,781,0,0,254
817,781,0,0,254
818,781,0,0,254
819,781,0,0,254
820,781,0,0,254
821,781,0,0,254
822,781,0,0,254
823,781,0,0,254
824,781,1,0,254
825,781,0,0,251
826,781,6,0,255
703,782,1,0,250
704,782,0,0,254
705,782,0,0,254
706,782,0,0,254
707,782,0,0,254
708,782,0,0,254
709,782,0,0,254
710,782,0,0,254
711,782,0,0,254
712,782,0,0,254
713,782,0,0,254
714,782,0,0,254
715,782,0,0,254
716,782,0,0,254
717,782,0,0,254
718,782,0,0,254
719,782,0,0,254
720,782,6,0,249
721,782,10,0,248
722,782,1,0,250
723,782,3,2,255
724,782,1,1,255
725,782,0,3,240
726,782,3,3,255
727,782,3,5,240
728,782,0,0,254
729,782,0,0,254
730,782,0,0,254
731,782,0,0,254
732,782,0,0,254
733,782,0,0,254
734,782,0,0,254
735,782,0,0,254
736,782,0,0,252
737,782,0,0,243
738,782,0,0,250
739,782,0,0,247
740,782,2,0,254
741,782,2,1,243
742,782,3,4,254
743,782,0,4,255
744,782,0,0,250
745,782,6,0,251
747,782,16,0,255
748,782,0,0,251
749,782,3,1,252
750,782,7,0,252
751,782,0,0,243
752,782,0,0,254
753,782,0,0,254
754,782,0,0,254
755,782,0,0,254
756,782,0,0,254
757,782,0,0,254
758,782,0,0,254
759,782,0,0,254
760,782,0,1,249
761,782,0,0,250
762,782,3,2,255
763,782,8,10,245
764,782,0,0,250
765,782,2,1,255
766,782,2,1,253
767,782,3,2,254
768,782,4,3,255
769,782,0,0,250
770,782,0,0,251
771,782,7,5,255
790,782,10,0,250
791,782,0,2,250
792,782,2,1,255
793,782,6,6,255
794,782,0,0,249
795,782,8,8,255
796,782,2,2,255
797,782,3,4,255
798,782,0,2,247
799,782,0,3,255
800,782,1,0,250
801,782,0,0,252
802,782,2,1,255
803,782,2,5,255
804,782,1,0,251
805,782,4,0,251
806,782,0,3,245
807,782,0,0,245
808,782,4,7,255
809,782,0,0,246
810,782,2,0,254
811,782,0,0,235
812,782,1,0,251
813,782,4,3,255
814,782,0,2,249
815,782,0,1,253
816,782,0,0,254
817,782,0,0,254
818,782,0,0,254
819,782,0,0,254
820,782,0,0,254
821,782,0,0,254
822,782,0,0,254
823,782,0,0,254
824,782,3,5,250
825,782,10,0,248
704,783,0,0,254
705,783,0,0,254
706,783,0,0,254
707,783,0,0,254
708,783,0,0,254
709,783,0,0,254
710,783,0,0,254
711,783,0,0,254
712,783,0,0,254
713,783,0,0,254
714,783,0,0,254
715,783,0,0,254
716,783,0,0,254
717,783,0,0,254
718,783,0,0,254
719,783,0,0,254
722,783,11,0,254
723,783,8,2,255
724,783,0,0,247
725,783,0,2,251
726,783,0,3,255
727,783,0,0,250
728,783,0,0,254
729,783,0,0,254
730,783,0,0,254
731,783,0,0,254
732,783,0,0,254
733,783,0,0,254
734,783,0,0,254
735,783,0,0,254
736,783,13,4,251
737,783,0,0,250
738,783,0,11,251
739,783,0,2,253
740,783,2,2,255
741,783,3,0,253
742,783,1,0,251
743,783,0,0,253
744,783,0,2,255
745,783,3,13,255
746,783,1,0,251
747,783,4,0,253
748,783,0,1,252
749,783,0,4,241
750,783,4,3,255
751,783,0,3,255
752,783,0,0,254
753,783,0,0,254
754,783,0,0,254
755,783,0,0,254
756,783,0,0,254
757,783,0,0,254
758,783,0,0,254
759,783,0,0,254
760,783,0,2,255
761,783,3,3,255
762,783,0,1,241
763,783,0,0,251
764,783,4,0,252
765,783,1,0,251
766,783,9,2,253
767,783,5,0,255
768,783,9,0,248
769,783,3,2,255
770,783,0,0,250
771,783,1,4,255
772,783,6,0,252
790,783,4,0,251
791,783,0,8,255
792,783,0,1,254
793,783,0,4,240
794,783,0,0,242
795,783,0,4,255
796,783,0,3,252
797,783,0,1,247
798,783,0,3,255
799,783,0,0,252
800,783,0,3,252
801,783,3,2,255
802,783,3,0,243
803,783,1,0,248
804,783,5,4,255
805,783,0,7,255
806,783,0,3,254
807,783,0,5,255
808,783,0,0,248
809,783,2,6,251
810,783,2,1,253
811,783,7,1,255
812,783,8,0,255
813,783,5,0,255
814,783,0,0,252
815,783,1,3,246
816,783,0,0,254
817,783,0,0,254
818,783,0,0,254
819,783,0,0,254
820,783,0,0,254
821,783,0,0,254
822,783,0,0,254
823,783,0,0,254
824,783,0,0,252
704,784,5,3,252
705,784,5,2,255
706,784,4,0,254
707,784,6,3,255
708,784,0,0,252
709,784,0,0,247
710,784,0,0,245
711,784,1,6,255
712,784,0,2,252
713,784,4,0,247
714,784,9,0,255
715,784,0,0,248
716,784,0,3,255
717,784,3,8,255
718,784,5,0,250
723,784,6,0,252
724,784,3,2,255
725,784,1,3,248
726,784,6,5,255
727,784,0,0,249
728,784,3,0,253
729,784,6,0,255
730,784,0,0,251
731,784,9,8,255
732,784,0,0,249
733,784,0,4,255
734,784,0,3,251
735,784,0,2,253
736,784,0,0,254
737,784,0,0,254
738,784,0,0,254
739,784,0,0,254
740,784,0,0,254
741,784,0,0,254
742,784,0,0,254
743,784,0,0,254
744,784,0,0,254
745,784,0,0,254
746,784,0,0,254
747,784,0,0,254
748,784,0,0,254
749,784,0,0,254
750,784,0,0,254
751,784,0,0,254
752,784,2,1,255
753,784,6,5,255
754,784,0,0,237
755,784,0,0,254
756,784,2,3,254
757,784,0,0,250
758,784,1,1,255
759,784,0,0,247
760,784,0,0,254
761,784,0,0,254
762,784,0,0,254
763,784,0,0,254
764,784,0,0,254
765,784,0,0,254
766,784,0,0,254
767,784,0,0,254
768,784,6,0,255
769,784,1,0,254
770,784,1,6,255
771,784,0,0,247
772,784,6,0,246
789,784,8,0,255
790,784,1,6,255
791,784,0,2,248
792,784,0,0,254
793,784,0,0,254
794,784,0,0,254
795,784,0,0,254
796,784,0,0,254
797,784,0,0,254
798,784,0,0,254
799,784,0,0,254
800,784,0,0,254
801,784,0,0,254
802,784,0,0,254
803,784,0,0,254
804,784,0,0,254
805,784,0,0,254
806,784,0,0,254
807,784,0,0,254
808,784,0,0,254
809,784,0,0,254
810,784,0,0,254
811,784,0,0,254
812,784,0,0,254
813,784,0,0,254
814,784,0,0,254
815,784,0,0,254
816,784,0,5,255
817,784,0,0,250
818,784,5,5,255
819,784,0,4,253
820,784,0,1,253
821,784,0,0,252
822,784,3,3,241
823,784,0,0,251
824,784,9,0,244
705,785,15,0,252
706,785,0,0,245
707,785,0,0,253
708,785,0,7,255
709,785,0,1,240
710,785,7,0,255
711,785,7,0,252
712,785,0,1,253
713,785,3,2,255
714,785,9,6,255
715,785,1,0,254
716,785,0,1,246
717,785,0,0,247
718,785,17,0,255
724,785,12,0,253
725,785,5,0,255
726,785,0,0,249
727,785,0,0,251
728,785,0,3,255
729,785,0,0,244
730,785,0,0,250
731,785,5,2,255
732,785,5,3,252
733,785,3,2,255
734,785,2,5,255
735,785,0,3,249
736,785,0,0,254
737,785,0,0,254
738,785,0,0,254
739,785,0,0,254
740,785,0,0,254
741,785,0,0,254
742,785,0,0,254
743,785,0,0,254
744,785,0,0,254
745,785,0,0,254
746,785,0,0,254
747,785,0,0,254
748,785,0,0,254
749,785,0,0,254
750,785,0,0,254
751,785,0,0,254
752,785,4,3,255
753,785,0,0,248
754,785,0,0,245
755,785,6,6,255
756,785,1,3,248
757,785,0,0,253
758,785,0,0,254
759,785,0,0,254
760,785,0,0,254
761,785,0,0,254
762,785,0,0,254
763,785,0,0,254
764,785,0,0,254
765,785,0,0,254
766,785,0,0,254
767,785,0,0,254
768,785,0,0,239
769,785,1,1,255
770,785,0,1,247
771,785,0,1,245
772,785,0,0,250
773,785,8,0,254
789,785,7,0,252
790,785,11,7,254
791,785,2,0,251
792,785,0,0,254
793,785,0,0,254
794,785,0,0,254
795,785,0,0,254
796,785,0,0,254
797,785,0,0,254
798,785,0,0,254
799,785,0,0,254
800,785,0,0,254
801,785,0,0,254
802,785,0,0,254
803,785,0,0,254
804,785,0,0,254
805,785,0,0,254
806,785,0,0,254
807,785,0,0,254
808,785,0,0,254
809,785,0,0,254
810,785,0,0,254
811,785,0,0,254
812,785,0,0,254
813,785,0,0,254
814,785,0,0,254
815,785,0,0,254
816,785,7,0,255
817,785,1,0,250
818,785,1,1,247
819,785,0,0,247
820,785,0,2,254
821,785,4,4,255
822,785,1,0,250
823,785,7,4,255
824,785,14,0,255
706,786,3,0,248
707,786,0,4,255
708,786,0,4,253
709,786,0,4,255
710,786,0,0,248
711,786,7,0,252
712,786,0,0,238
713,786,0,0,253
714,786,0,0,251
715,786,0,0,240
716,786,12,5,255
717,786,11,0,242
725,786,13,0,255
726,786,1,0,242
727,786,0,3,249
728,786,0,5,252
729,786,0,8,247
730,786,0,0,250
731,786,0,0,251
732,786,7,2,252
733,786,0,0,248
734,786,0,0,252
735,786,0,0,253
736,786,0,0,254
737,786,0,0,254
738,786,0,0,254
739,786,0,0,254
740,786,0,0,254
741,786,0,0,254
742,786,0,0,254
743,786,0,0,254
744,786,0,0,254
745,786,0,0,254
746,786,0,0,254
747,786,0,0,254
748,786,0,0,254
749,786,0,0,254
750,786,0,0,254
751,786,0,0,254
752,786,0,0,238
753,786,0,0,247
754,786,4,4,255
755,786,0,0,254
756,786,0,0,252
757,786,2,2,255
758,786,0,0,251
759,786,0,2,245
760,786,0,0,254
761,786,0,0,254
762,786,0,0,254
763,786,0,0,254
764,786,0,0,254
765,786,0,0,254
766,786,0,0,254
767,786,0,0,254
768,786,1,0,254
769,786,0,0,248
770,786,2,6,253
771,786,0,1,253
772,786,0,0,247
773,786,0,0,246
774,786,4,1,255
775,786,2,0,247
776,786,0,11,255
777,786,0,4,255
778,786,0,0,237
779,786,7,0,252
788,786,3,0,242
789,786,0,0,251
790,786,0,2,244
791,786,0,0,248
792,786,0,0,254
793,786,0,0,254
794,786,0,0,254
795,786,0,0,254
796,786,0,0,254
797,786,0,0,254
798,786,0,0,254
799,786,0,0,254
800,786,0,0,254
801,786,0,0,254
802,786,0,0,254
803,786,0,0,254
804,786,0,0,254
805,786,0,0,254
806,786,0,0,254
807,786,0,0,254
808,786,0,0,254
809,786,0,0,254
810,786,0,0,254
811,786,0,0,254
812,786,0,0,254
813,786,0,0,254
814,786,0,0,254
815,786,0,0,254
816,786,6,0,255
817,786,0,0,238
818,786,0,3,255
819,786,0,5,253
820,786,0,1,252
821,786,0,3,235
822,786,0,0,244
823,786,4,0,251
708,787,13,5,248
709,787,1,0,254
710,787,0,2,252
711,787,0,6,255
712,787,4,4,248
713,787,0,0,247
714,787,0,3,255
715,787,8,0,255
727,787,15,3,255
728,787,5,0,250
729,787,4,1,255
730,787,0,0,250
731,787,0,0,253
732,787,4,4,255
733,787,0,0,237
734,787,2,0,254
735,787,2,0,252
736,787,0,0,254
737,787,0,0,254
738,787,0,0,254
739,787,0,0,254
740,787,0,0,254
741,787,0,0,254
742,787,0,0,254
743,787,0,0,254
744,787,0,0,254
745,787,0,0,254
746,787,0,0,254
747,787,0,0,254
748,787,0,0,254
749,787,0,0,254
750,787,0,0,254
751,787,0,0,254
752,787,0,0,254
753,787,4,4,255
754,787,3,3,255
755,787,4,3,255
756,787,4,3,254
757,787,2,4,239
758,787,3,2,255
759,787,6,5,255
760,787,0,0,254
761,787,0,0,254
762,787,0,0,254
763,787,0,0,254
764,787,0,0,254
765,787,0,0,254
766,787,0,0,254
767,787,0,0,254
768,787,0,3,255
769,787,1,5,254
770,787,0,0,250
771,787,9,9,255
772,787,1,3,246
773,787,1,4,255
774,787,0,2,251
775,787,0,2,254
776,787,4,0,242
777,787,0,0,253
778,787,0,3,252
779,787,0,1,253
780,787,5,4,255
781,787,6,0,249
788,787,10,4,255
789,787,3,0,252
790,787,6,0,255
791,787,7,0,255
792,787,0,0,254
793,787,0,0,254
794,787,0,0,254
795,787,0,0,254
796,787,0,0,254
797,787,0,0,254
798,787,0,0,254
799,787,0,0,254
800,787,0,0,254
801,787,0,0,254
802,787,0,0,254
803,787,0,0,254
804,787,0,0,254
805,787,0,0,254
806,787,0,0,254
807,787,0,0,254
808,787,0,0,254
809,787,0,0,254
810,787,0,0,254
811,787,0,0,254
812,787,0,0,254
813,787,0,0,254
814,787,0,0,254
815,787,0,0,254
816,787,2,3,253
817,787,0,4,255
818,787,4,5,255
819,787,0,0,247
820,787,9,1,255
821,787,1,0,254
822,787,5,0,254
729,788,15,0,242
730,788,11,0,254
731,788,4,3,255
732,788,0,1,253
733,788,0,3,255
734,788,0,2,245
735,788,0,0,236
736,788,0,0,254
737,788,0,0,254
738,788,0,0,254
739,788,0,0,254
740,788,0,0,254
741,788,0,0,254
742,788,0,0,254
743,788,0,0,254
744,788,0,0,254
745,788,0,0,254
746,788,0,0,254
747,788,0,0,254
748,788,0,0,254
749,788,0,0,254
750,788,0,0,254
751,788,0,0,254
752,788,2,3,254
753,788,0,0,248
754,788,0,0,253
755,788,6,5,255
756,788,0,0,239
757,788,3,2,255
758,788,5,2,255
759,788,0,0,249
760,788,0,0,254
761,788,0,0,254
762,788,0,0,254
763,788,0,0,254
764,788,0,0,254
765,788,0,0,254
766,788,0,0,254
767,788,0,0,254
768,788,0,0,249
769,788,5,8,255
770,788,0,0,253
771,788,3,0,250
772,788,8,2,255
773,788,0,0,238
774,788,1,0,253
775,788,0,0,253
776,788,7,0,252
777,788,8,1,255
778,788,0,0,234
779,788,0,6,255
780,788,0,0,250
781,788,2,0,249
782,788,16,0,254
788,788,0,3,253
789,788,3,3,255
790,788,0,0,251
791,788,0,2,242
792,788,0,0,254
793,788,0,0,254
794,788,0,0,254
795,788,0,0,254
796,788,0,0,254
797,788,0,0,254
798,788,0,0,254
799,788,0,0,254
800,788,0,0,254
801,788,0,0,254
802,788,0,0,254
803,788,0,0,254
804,788,0,0,254
805,788,0,0,254
806,788,0,0,254
807,788,0,0,254
808,788,0,0,254
809,788,0,0,254
810,788,0,0,254
811,788,0,0,254
812,788,0,0,254
813,788,0,0,254
814,788,0,0,254
815,788,0,0,254
816,788,0,2,255
817,788,3,2,244
818,788,13,0,252
731,789,8,0,250
732,789,4,3,255
733,789,0,0,243
734,789,5,8,255
735,789,1,1,255
736,789,0,0,254
737,789,0,0,254
738,789,0,0,254
739,789,0,0,254
740,789,0,0,254
741,789,0,0,254
742,789,0,0,254
743,789,0,0,254
744,789,0,0,254
745,789,0,0,254
746,789,0,0,254
747,789,0,0,254
748,789,0,0,254
749,789,0,0,254
750,789,0,0,254
751,789,0,0,254
752,789,0,0,250
753,789,0,0,251
754,789,1,1,255
755,789,0,0,238
756,789,0,0,253
757,789,0,0,247
758,789,3,3,241
759,789,7,1,255
760,789,0,0,254
761,789,0,0,254
762,789,0,0,254
763,789,0,0,254
764,789,0,0,254
765,789,0,0,254
766,789,0,0,254
767,789,0,0,254
768,789,0,0,250
769,789,0,2,247
770,789,1,0,252
771,789,3,0,253
772,789,5,0,247
773,789,0,0,237
774,789,9,1,255
775,789,8,0,255
776,789,0,0,253
777,789,0,2,242
778,789,0,0,251
779,789,2,7,255
780,789,5,10,255
781,789,0,2,247
782,789,0,0,251
783,789,2,2,255
784,789,0,3,252
785,789,4,5,255
786,789,6,1,251
787,789,6,0,250
788,789,0,2,253
789,789,0,3,249
790,789,0,0,252
791,789,0,0,250
792,789,0,0,254
793,789,0,0,254
794,789,0,0,254
795,789,0,0,254
796,789,0,0,254
797,789,0,0,254
798,789,0,0,254
799,789,0,0,254
800,789,0,0,254
801,789,0,0,254
802,789,0,0,254
803,789,0,0,254
804,789,0,0,254
805,789,0,0,254
806,789,0,0,254
807,789,0,0,254
808,789,0,0,254
809,789,0,0,254
810,789,0,0,254
811,789,0,0,254
812,789,0,0,254
813,789,0,0,254
814,789,0,0,254
815,789,0,0,254
816,789,0,0,250
817,789,3,0,252
732,790,15,0,255
733,790,9,5,248
734,790,0,0,251
735,790,0,4,255
736,790,0,0,254
737,790,0,0,254
738,790,0,0,254
739,790,0,0,254
740,790,0,0,254
741,790,0,0,254
742,790,0,0,254
743,790,0,0,254
744,790,0,0,254
745,790,0,0,254
746,790,0,0,254
747,790,0,0,254
748,790,0,0,254
749,790,0,0,254
750,790,0,0,254
751,790,0,0,254
752,790,0,0,252
753,790,0,0,250
754,790,0,1,251
755,790,6,5,255
756,790,6,3,255
757,790,3,3,239
758,790,5,0,252
759,790,0,0,250
760,790,0,0,254
761,790,0,0,254
762,790,0,0,254
763,790,0,0,254
764,790,0,0,254
765,790,0,0,254
766,790,0,0,254
767,790,0,0,254
768,790,3,4,242
769,790,2,1,255
770,790,5,5,255
771,790,0,0,250
772,790,0,0,251
773,790,4,4,248
774,790,6,5,255
775,790,0,0,250
776,790,0,3,255
777,790,0,4,253
778,790,0,0,250
779,790,0,0,251
780,790,0,0,251
781,790,3,3,247
782,790,0,0,253
783,790,0,2,244
784,790,1,5,254
785,790,0,0,251
786,790,5,0,255
787,790,0,0,252
788,790,8,2,255
789,790,0,3,254
790,790,0,0,254
791,790,8,2,255
792,790,0,0,254
793,790,0,0,254
794,790,0,0,254
795,790,0,0,254
796,790,0,0,254
797,790,0,0,254
798,790,0,0,254
799,790,0,0,254
800,790,0,0,254
801,790,0,0,254
802,790,0,0,254
803,790,0,0,254
804,790,0,0,254
805,790,0,0,254
806,790,0,0,254
807,790,0,0,254
808,790,0,0,254
809,790,0,0,254
810,790,0,0,254
811,790,0,0,254
812,790,0,0,254
813,790,0,0,254
814,790,0,0,254
815,790,0,0,254
816,790,0,6,255
817,790,7,0,243
733,791,10,0,253
734,791,0,0,249
735,791,0,10,254
736,791,0,0,254
737,791,0,0,254
738,791,0,0,254
739,791,0,0,254
740,791,0,0,254
741,791,0,0,254
742,791,0,0,254
743,791,0,0,254
744,791,0,0,254
745,791,0,0,254
746,791,0,0,254
747,791,0,0,254
748,791,0,0,254
749,791,0,0,254
750,791,0,0,254
751,791,0,0,254
752,791,0,0,252
753,791,4,4,255
754,791,0,0,240
755,791,4,3,255
756,791,0,0,251
757,791,5,0,252
758,791,3,0,253
760,791,0,0,254
761,791,0,0,254
762,791,0,0,254
763,791,0,0,254
764,791,0,0,254
765,791,0,0,254
766,791,0,0,254
767,791,0,0,254
768,791,5,0,254
769,791,0,0,250
770,791,0,0,251
771,791,0,4,239
772,791,0,7,255
773,791,0,3,254
774,791,0,8,251
775,791,0,0,249
776,791,7,1,255
777,791,0,0,251
778,791,1,0,254
779,791,4,5,255
780,791,0,0,248
781,791,0,3,255
782,791,0,5,244
783,791,0,0,254
784,791,0,0,252
785,791,4,1,255
786,791,0,0,249
787,791,0,10,250
788,791,4,0,249
789,791,0,5,255
790,791,0,0,253
791,791,1,0,254
792,791,0,0,254
793,791,0,0,254
794,791,0,0,254
795,791,0,0,254
796,791,0,0,254
797,791,0,0,254
798,791,0,0,254
799,791,0,0,254
800,791,0,0,254
801,791,0,0,254
802,791,0,0,254
803,791,0,0,254
804,791,0,0,254
805,791,0,0,254
806,791,0,0,254
807,791,0,0,254
808,791,0,0,254
809,791,0,0,254
810,791,0,0,254
811,791,0,0,254
812,791,0,0,254
813,791,0,0,254
814,791,0,0,254
815,791,0,0,254
816,791,6,1,253
734,792,3,0,243
735,792,0,5,244
736,792,0,2,239
737,792,0,0,253
738,792,8,5,255
739,792,3,0,253
740,792,0,0,252
741,792,0,0,252
742,792,0,1,246
743,792,0,2,255
744,792,0,0,254
745,792,0,0,254
746,792,0,0,254
747,792,0,0,254
748,792,0,0,254
749,792,0,0,254
750,792,0,0,254
751,792,0,0,254
752,792,0,1,254
753,792,6,1,251
754,792,0,2,255
755,792,3,0,250
756,792,2,0,247
757,792,4,0,243
760,792,0,0,247
761,792,2,1,255
762,792,1,0,254
763,792,3,2,255
764,792,0,0,253
765,792,1,0,254
766,792,2,3,253
767,792,0,0,250
768,792,0,0,254
769,792,0,0,254
770,792,0,0,254
771,792,0,0,254
772,792,0,0,254
773,792,0,0,254
774,792,0,0,254
775,792,0,0,254
776,792,0,0,254
777,792,0,0,254
778,792,0,0,254
779,792,0,0,254
780,792,0,0,254
781,792,0,0,254
782,792,0,0,254
783,792,0,0,254
784,792,0,0,254
785,792,0,0,254
786,792,0,0,254
787,792,0,0,254
788,792,0,0,254
789,792,0,0,254
790,792,0,0,254
791,792,0,0,254
792,792,2,1,255
793,792,6,5,255
794,792,0,0,237
795,792,0,0,254
796,792,2,3,254
797,792,0,0,250
798,792,1,1,255
799,792,0,0,247
800,792,0,0,254
801,792,0,0,254
802,792,0,0,254
803,792,0,0,254
804,792,0,0,254
805,792,0,0,254
806,792,0,0,254
807,792,0,0,254
808,792,0,0,250
809,792,6,5,255
810,792,8,2,255
811,792,3,0,253
812,792,6,5,249
813,792,1,1,255
814,792,0,3,250
815,792,0,0,253
816,792,24,0,253
734,793,11,0,253
735,793,0,0,254
736,793,0,0,254
737,793,0,0,250
738,793,2,1,252
739,793,1,0,252
740,793,1,0,254
741,793,5,6,244
742,793,0,0,248
743,793,4,4,255
744,793,0,0,254
745,793,0,0,254
746,793,0,0,254
747,793,0,0,254
748,793,0,0,254
749,793,0,0,254
750,793,0,0,254
751,793,0,0,254
752,793,0,4,243
753,793,0,0,248
754,793,12,0,252
760,793,0,0,253
761,793,0,0,254
762,793,0,3,235
763,793,0,0,242
764,793,8,7,255
765,793,0,0,250
766,793,4,4,255
767,793,1,3,248
768,793,0,0,254
769,793,0,0,254
770,793,0,0,254
771,793,0,0,254
772,793,0,0,254
773,793,0,0,254
774,793,0,0,254
775,793,0,0,254
776,793,0,0,254
777,793,0,0,254
778,793,0,0,254
779,793,0,0,254
780,793,0,0,254
781,793,0,0,254
782,793,0,0,254
783,793,0,0,254
784,793,0,0,254
785,793,0,0,254
786,793,0,0,254
787,793,0,0,254
788,793,0,0,254
789,793,0,0,254
790,793,0,0,254
791,793,0,0,254
792,793,4,3,255
793,793,0,0,248
794,793,0,0,245
795,793,6,6,255
796,793,1,3,248
797,793,0,0,253
798,793,0,0,254
799,793,0,0,254
800,793,0,0,254
801,793,0,0,254
802,793,0,0,254
803,793,0,0,254
804,793,0,0,254
805,793,0,0,254
806,793,0,0,254
807,793,0,0,254
808,793,5,0,254
809,793,0,0,250
810,793,0,6,252
811,793,0,1,253
812,793,0,0,249
813,793,0,0,246
814,793,0,4,253
815,793,0,3,255
735,794,14,0,255
736,794,0,0,252
737,794,2,3,254
738,794,0,0,252
739,794,2,2,255
740,794,0,0,252
741,794,4,4,255
742,794,2,1,255
743,794,0,0,235
744,794,0,0,254
745,794,0,0,254
746,794,0,0,254
747,794,0,0,254
748,794,0,0,254
749,794,0,0,254
750,794,0,0,254
751,794,0,0,254
752,794,0,0,247
753,794,5,4,255
760,794,1,4,255
761,794,0,1,254
762,794,0,3,252
763,794,0,3,255
764,794,0,2,255
765,794,0,0,232
766,794,0,0,244
767,794,1,0,254
768,794,0,0,254
769,794,0,0,254
770,794,0,0,254
771,794,0,0,254
772,794,0,0,254
773,794,0,0,254
774,794,0,0,254
775,794,0,0,254
776,794,0,0,254
777,794,0,0,254
778,794,0,0,254
779,794,0,0,254
780,794,0,0,254
781,794,0,0,254
782,794,0,0,254
783,794,0,0,254
784,794,0,0,254
785,794,0,0,254
786,794,0,0,254
787,794,0,0,254
788,794,0,0,254
789,794,0,0,254
790,794,0,0,254
791,794,0,0,254
792,794,0,0,238
793,794,0,0,247
794,794,4,4,255
795,794,0,0,254
796,794,0,0,252
797,794,2,2,255
798,794,0,0,251
799,794,0,2,245
800,794,0,0,254
801,794,0,0,254
802,794,0,0,254
803,794,0,0,254
804,794,0,0,254
805,794,0,0,254
806,794,0,0,254
807,794,0,0,254
808,794,0,6,254
809,794,0,0,251
810,794,1,1,247
811,794,0,0,251
812,794,4,3,255
813,794,6,0,255
736,795,11,3,255
737,795,2,0,254
738,795,0,0,254
739,795,0,0,251
740,795,0,2,254
741,795,0,0,252
742,795,9,11,246
743,795,1,0,253
744,795,0,0,254
745,795,0,0,254
746,795,0,0,254
747,795,0,0,254
748,795,0,0,254
749,795,0,0,254
750,795,0,0,254
751,795,0,0,254
752,795,4,0,253
753,795,6,3,255
760,795,4,4,255
761,795,0,0,235
762,795,0,0,253
763,795,0,4,255
764,795,0,1,250
765,795,1,4,255
766,795,8,7,255
767,795,0,0,253
768,795,0,0,254
769,795,0,0,254
770,795,0,0,254
771,795,0,0,254
772,795,0,0,254
773,795,0,0,254
774,795,0,0,254
775,795,0,0,254
776,795,0,0,254
777,795,0,0,254
778,795,0,0,254
779,795,0,0,254
780,795,0,0,254
781,795,0,0,254
782,795,0,0,254
783,795,0,0,254
784,795,0,0,254
785,795,0,0,254
786,795,0,0,254
787,795,0,0,254
788,795,0,0,254
789,795,0,0,254
790,795,0,0,254
791,795,0,0,254
792,795,0,0,254
793,795,4,4,255
794,795,3,3,255
795,795,4,3,255
796,795,4,3,254
797,795,2,4,239
798,795,3,2,255
799,795,6,5,255
800,795,0,0,254
801,795,0,0,254
802,795,0,0,254
803,795,0,0,254
804,795,0,0,254
805,795,0,0,254
806,795,0,0,254
807,795,0,0,254
808,795,6,3,255
809,795,0,0,252
810,795,1,1,255
811,795,5,0,242
737,796,4,0,243
738,796,6,4,253
739,796,0,0,252
740,796,0,5,248
741,796,0,0,250
742,796,0,0,250
743,796,1,0,249
744,796,0,0,254
745,796,0,0,254
746,796,0,0,254
747,796,0,0,254
748,796,0,0,254
749,796,0,0,254
750,796,0,0,254
751,796,0,0,254
752,796,6,0,255
753,796,1,0,254
760,796,5,0,254
761,796,2,0,247
762,796,1,0,254
763,796,0,3,255
764,796,2,7,255
765,796,1,4,255
766,796,0,0,243
767,796,3,2,255
768,796,0,0,254
769,796,0,0,254
770,796,0,0,254
771,796,0,0,254
772,796,0,0,254
773,796,0,0,254
774,796,0,0,254
775,796,0,0,254
776,796,0,0,254
777,796,0,0,254
778,796,0,0,254
779,796,0,0,254
780,796,0,0,254
781,796,0,0,254
782,796,0,0,254
783,796,0,0,254
784,796,0,0,254
785,796,0,0,254
786,796,0,0,254
787,796,0,0,254
788,796,0,0,254
789,796,0,0,254
790,796,0,0,254
791,796,0,0,254
792,796,2,3,254
793,796,0,0,248
794,796,0,0,253
795,796,6,5,255
796,796,0,0,239
797,796,3,2,255
798,796,5,2,255
799,796,0,0,249
800,796,0,0,254
801,796,0,0,254
802,796,0,0,254
803,796,0,0,254
804,796,0,0,254
805,796,0,0,254
806,796,0,0,254
807,796,0,0,254
808,796,0,0,252
809,796,8,0,248
738,797,10,0,255
739,797,0,0,254
740,797,0,1,238
741,797,1,7,249
742,797,2,1,255
743,797,3,0,253
744,797,0,0,254
745,797,0,0,254
746,797,0,0,254
747,797,0,0,254
748,797,0,0,254
749,797,0,0,254
750,797,0,0,254
751,797,0,0,254
752,797,5,4,255
753,797,2,0,251
761,797,6,0,242
762,797,6,0,255
763,797,0,0,249
764,797,0,0,251
765,797,0,1,254
766,797,0,0,243
767,797,6,6,250
768,797,0,0,254
769,797,0,0,254
770,797,0,0,254
771,797,0,0,254
772,797,0,0,254
773,797,0,0,254
774,797,0,0,254
775,797,0,0,254
776,797,0,0,254
777,797,0,0,254
778,797,0,0,254
779,797,0,0,254
780,797,0,0,254
781,797,0,0,254
782,797,0,0,254
783,797,0,0,254
784,797,0,0,254
785,797,0,0,254
786,797,0,0,254
787,797,0,0,254
788,797,0,0,254
789,797,0,0,254
790,797,0,0,254
791,797,0,0,254
792,797,0,0,250
793,797,0,0,251
794,797,1,1,255
795,797,0,0,238
796,797,0,0,253
797,797,0,0,247
798,797,3,3,241
799,797,7,1,255
800,797,0,0,254
801,797,0,0,254
802,797,0,0,254
803,797,0,0,254
804,797,0,0,254
805,797,0,0,254
806,797,0,0,254
807,797,0,0,254
808,797,7,0,251
809,797,4,0,251
738,798,9,0,251
739,798,1,0,253
740,798,0,6,252
741,798,0,0,248
742,798,2,1,255
743,798,7,0,253
744,798,0,0,254
745,798,0,0,254
746,798,0,0,254
747,798,0,0,254
748,798,0,0,254
749,798,0,0,254
750,798,0,0,254
751,798,0,0,254
752,798,10,0,255
761,798,23,0,255
762,798,5,0,243
763,798,5,0,252
764,798,1,5,237
765,798,1,4,255
766,798,0,0,253
767,798,0,0,251
768,798,0,0,254
769,798,0,0,254
770,798,0,0,254
771,798,0,0,254
772,798,0,0,254
773,798,0,0,254
774,798,0,0,254
775,798,0,0,254
776,798,0,0,254
777,798,0,0,254
778,798,0,0,254
779,798,0,0,254
780,798,0,0,254
781,798,0,0,254
782,798,0,0,254
783,798,0,0,254
784,798,0,0,254
785,798,0,0,254
786,798,0,0,254
787,798,0,0,254
788,798,0,0,254
789,798,0,0,254
790,798,0,0,254
791,798,0,0,254
792,798,0,0,252
793,798,0,0,250
794,798,0,1,251
795,798,6,5,255
796,798,6,3,255
797,798,3,3,239
798,798,5,0,252
799,798,0,0,250
800,798,0,0,254
801,798,0,0,254
802,798,0,0,254
803,798,0,0,254
804,798,0,0,254
805,798,0,0,254
806,798,0,0,254
807,798,0,0,254
808,798,4,0,253
739,799,7,2,252
740,799,0,3,255
741,799,0,2,254
742,799,2,1,253
743,799,6,0,255
744,799,0,0,254
745,799,0,0,254
746,799,0,0,254
747,799,0,0,254
748,799,0,0,254
749,799,0,0,254
750,799,0,0,254
751,799,0,0,254
763,799,8,1,255
764,799,0,0,254
765,799,0,1,254
766,799,2,4,249
767,799,0,0,253
768,799,0,0,254
769,799,0,0,254
770,799,0,0,254
771,799,0,0,254
772,799,0,0,254
773,799,0,0,254
774,799,0,0,254
775,799,0,0,254
776,799,0,0,254
777,799,0,0,254
778,799,0,0,254
779,799,0,0,254
780,799,0,0,254
781,799,0,0,254
782,799,0,0,254
783,799,0,0,254
784,799,0,0,254
785,799,0,0,254
786,799,0,0,254
787,799,0,0,254
788,799,0,0,254
789,799,0,0,254
790,799,0,0,254
791,799,0,0,254
792,799,0,0,252
793,799,4,4,255
794,799,0,0,240
795,799,4,3,255
796,799,0,0,251
797,799,5,0,252
798,799,3,0,253
800,799,0,0,254
801,799,0,0,254
802,799,0,0,254
803,799,0,0,254
804,799,0,0,254
805,799,0,0,254
806,799,0,0,254
807,799,0,0,254
740,800,9,0,254
741,800,2,0,249
742,800,0,4,255
743,800,0,1,252
744,800,1,0,251
745,800,11,3,255
746,800,0,0,237
747,800,11,1,255
748,800,5,0,251
749,800,6,0,249
750,800,10,0,255
766,800,10,0,255
767,800,0,0,252
768,800,0,0,254
769,800,0,0,254
770,800,0,0,254
771,800,0,0,254
772,800,0,0,254
773,800,0,0,254
774,800,0,0,254
775,800,0,0,254
776,800,1,0,251
777,800,10,0,251
778,800,13,0,255
779,800,10,0,255
780,800,0,0,248
781,800,1,8,246
782,800,0,0,252
783,800,5,0,255
784,800,0,0,246
785,800,1,1,255
786,800,0,0,251
787,800,3,4,255
788,800,0,0,253
789,800,0,0,236
790,800,5,4,255
791,800,3,2,255
792,800,7,0,254
793,800,0,3,254
794,800,0,2,243
795,800,0,0,254
796,800,4,0,254
797,800,2,1,255
798,800,1,0,253
767,801,5,0,250
768,801,0,0,251
769,801,0,0,251
770,801,0,0,251
771,801,0,0,251
772,801,0,0,251
773,801,0,0,251
774,801,0,0,251
775,801,0,0,251
776,801,0,0,251
779,801,9,1,255
780,801,0,7,254
781,801,0,6,255
782,801,5,0,250
783,801,8,0,255
784,801,2,2,255
785,801,0,0,253
786,801,0,0,250
787,801,0,2,247
788,801,7,7,255
789,801,0,0,248
790,801,0,0,249
791,801,2,1,255
792,801,0,0,252
793,801,0,6,252
794,801,0,2,255
795,801,0,0,235
796,801,2,2,248
797,801,0,4,246
798,801,2,2,248
779,802,0,0,252
780,802,0,1,252
781,802,3,0,255
782,802,2,0,243
783,802,0,0,251
784,802,0,0,243
785,802,0,0,252
786,802,4,4,255
787,802,0,0,253
788,802,0,0,252
789,802,1,1,255
790,802,0,0,246
791,802,0,2,241
792,802,0,0,254
793,802,0,3,252
794,802,0,0,249
795,802,2,2,255
796,802,0,5,239
797,802,0,9,252
798,802,0,0,252
780,803,10,2,255
781,803,0,2,238
782,803,0,7,255
783,803,3,0,252
784,803,7,6,255
785,803,3,2,255
786,803,1,3,238
787,803,4,3,254
788,803,5,4,255
789,803,4,4,255
790,803,4,4,255
791,803,0,0,253
792,803,0,0,253
793,803,0,0,254
794,803,3,0,252
795,803,0,1,249
796,803,0,0,244
797,803,0,7,246
798,803,0,1,242
781,804,5,4,255
782,804,0,2,254
783,804,7,0,255
784,804,0,0,250
785,804,4,1,255
786,804,2,1,255
787,804,0,0,239
788,804,7,6,255
789,804,0,0,254
790,804,0,0,248
791,804,1,2,253
792,804,0,0,253
793,804,3,2,255
794,804,5,0,249
795,804,4,7,255
796,804,0,1,254
797,804,2,1,255
798,804,7,0,254
782,805,7,0,249
783,805,1,1,247
784,805,5,0,255
785,805,4,4,242
786,805,0,0,250
787,805,1,0,254
788,805,0,0,237
789,805,0,0,252
790,805,0,0,250
791,805,1,2,252
792,805,4,4,255
793,805,1,1,249
794,805,8,2,255
795,805,0,3,255
796,805,4,0,254
797,805,5,0,242
784,806,3,0,253
785,806,4,0,251
786,806,0,0,236
787,806,5,2,255
788,806,8,7,255
789,806,2,3,253
790,806,0,0,251
791,806,0,0,250
792,806,0,0,250
793,806,0,0,252
794,806,0,0,237
795,806,0,1,253
796,806,11,0,255
785,807,3,0,253
786,807,6,1,253
787,807,0,0,252
788,807,3,2,255
789,807,0,0,239
790,807,3,3,255
791,807,0,0,253
792,807,6,1,253
793,807,3,2,255
794,807,0,0,253
795,807,0,2,248
