0.00855172815538901	-0.0230591004811936	0.0252882967691676	-0.00797418212419574	0.00285991909994278	-0.027412145896417
0.00803949966474017	-0.0362057941104415	0.0330702886526434	0.000850275661920851	0.00740660605192321	-0.0115109664073509
0.00775126219607367	-0.035662530824403	0.0202844416755932	0.0122253461854973	-0.00575245172053837	0.03155401747241
0.00464995254904821	-0.0339803509817739	0.0355524461258819	0.0051006438909313	0.0354938100410923	-0.0506664007470057
3.5409079146041e-20	1.962260324863e-18	2.36727207451539e-17	2.56716856011785e-17	-4.14143721808039e-17	-1.02976476659435e-17
1.75698166671444e-18	-1.60172764169462e-17	4.82241172999562e-17	-1.48170212676966e-16	1.35111438566451e-17	6.31162161185371e-17
0.00935457069206252	-0.00420641330031541	-0.00504332729926654	-0.00535176320224146	0.0243172441100273	-0.00846177968594328
0.00119936298282589	0.00211887639623891	-0.0355907062702593	-0.0270460487179144	-0.0506417474366163	-0.0599932933793771
0.00705329831770788	-0.00661370893736293	0.00116411486560136	0.0562030737581724	-0.00212914985437342	0.0237176156846386
0.00798696803336589	-0.0197743608775157	0.031971665552331	-0.000185059995447271	0.00202948029996743	0.0485880989864278
0.00987563673285177	0.0159578327759632	-0.0311689396343625	0.0030397734305313	0.00890335719312703	0.00739503026175609
0.00854384052291324	-0.0190148246656029	0.0302387158097219	0.00463040509662421	0.00432588827921673	0.0436900833286771
0.0121071966242971	-0.00561077466685764	-0.0109391651199768	0.00829348371179175	-0.0335670291459895	-0.00814406358728177
0.0128791418230535	-0.00554724614368922	-0.00593383951928168	-0.00405280262026091	-0.00906990654859477	-0.0112846930581244
0.0126857901869842	0.00379717049783062	-0.00407416418855551	-0.00852410552285934	-0.0123502341576519	-0.00355597243260681
0.0124328425518565	0.0127979675192962	-0.00644661542129909	0.0221437235458264	0.0184010169017387	0.000882380357922856
0.0118263102558602	0.0122170829407644	-0.000767796925683045	0.0299348296301249	0.0170745129139386	0.00266000560489439
0.0131441791715803	0.00134906330416801	-0.0145994499048503	-0.00621043015111815	-0.00215975848729464	0.00225797298839471
0.0106411347433941	-0.0145401541027835	0.00218647750007115	0.00958436505354638	-0.0133181095521078	0.00455636234728972
0.0127579727049463	-0.0050074556352357	-0.0057428415942377	-0.0100105894835618	-0.00333697750292005	0.0137498759139934
0.013004734059978	0.00734298904445619	0.00128022652125295	-0.00371066950832019	-0.018393032634229	0.0109907481365391
0.0108776245575777	-0.0400045889591673	-0.0229962536388386	0.00318320260290914	-0.0337180071279313	0.0292697567320123
0.0119052627631371	0.00503125650273608	0.00646740144250458	0.0078356895101348	-0.0163564958134521	0.00303299676914812
0.0127869941771061	-0.00429631745553805	-0.00354043644247065	-0.0119024340557541	0.00988331927251847	-0.00320050461733063
0.0106733783567015	-0.0087004020788089	0.0167529374334547	0.0017916477222462	0.00986866888278495	0.0302126539309692
0.0136610726124042	0.000151796542369154	-0.0150632457860426	0.00769152676471232	0.0024363534986731	-0.0141850067552518
0.013097208334898	0.000800797271657187	-0.0093983790296557	0.00154540037146206	0.00303288728678075	-0.00715018864397446
0.0137712958419895	0.00458842118574923	-0.0142844893827105	0.00653287551189537	0.00484324512577801	-0.00716791192874458
0.0145233130854539	0.000912891963503532	-0.0162848863580826	0.000730662392287559	0.0109010807175736	-0.008031150064944
0.0140538658106935	0.00256020784230271	-0.0162873018781941	0.00708783511199873	-4.55178739266534e-05	-0.00184283315539881
0.0144102177672971	-0.000142680548886574	-0.0192236893675811	0.00316868277165584	0.00730027117722369	-0.00805587272298379
0.0142094992808477	-0.000532772821012265	-0.0131390686247866	-0.00653712865955971	0.00462346480557682	0.00195680605696588
0.0128442994847549	-0.00113465158811478	-0.001284194198237	0.000608406843327205	0.00534938788868454	-0.00434073778124288
0.0123515786645421	0.000913409731531473	-0.00442515540326319	-0.00992409880675408	0.00149190212917131	0.00839350181361451
0.012338372235629	-0.000330186346269707	-0.00216908461131988	-0.00874545204801343	-0.00027098423248401	0.0063407496605026
0.0134293759219529	-0.00199121407321168	-0.00927956746494955	-0.00215348560159156	-0.00897794908228577	0.00219064876926907
0.0124488815031766	0.0142689715312443	0.000383076223991935	-0.00794290936692829	0.0132111614236683	0.0134955201144133
0.0128441824067033	0.0103251648880567	-0.0158518490036473	0.0118414348071261	0.00154757444198636	-0.00566404470565825
0.0126049653571856	-0.00399894528741896	-0.0103690293948381	0.00116720363557126	-0.0143468863279672	0.0105082766736566
0.0101973200335134	-0.0236459081935502	0.0238293832071623	-0.0101545864158197	0.000651326790607662	0.00866355204513404
0.0114779764259826	0.000196161852770853	0.00232263179675474	-0.00682047592320701	-0.0151486950128522	-0.0114025733281822
0.0117038095369379	-0.00228630409031399	0.000347858774576239	-0.0143795302437374	-0.0085073790305863	-0.00770396585208894
0.0123556544463711	0.0156554492649162	0.00781021032971111	0.00482966196042218	0.0063864212312064	-0.0122687702759106
0.0124268825239427	0.0186892819789357	0.00971760325510484	0.00414911580966954	-0.0130072301487571	-0.0113778152264571
0.0132041073090627	-0.00776953709582023	-0.0113457096617234	-0.000214348414210199	-0.00585328234353535	-0.00825422721439685
0.0133743477494418	-0.00571570161445448	-0.00933528658557495	-0.0052381149044399	-0.00130920785870208	-0.00171030637182853
0.013898027183282	-0.00123020628551132	-0.0115379570898252	0.00594751435809788	-0.00218479834601926	-0.00704508157510974
0.0131777414120432	0.00481195520315769	-0.00538992818961412	0.00770730842092677	0.00832512600814533	-0.0103292750735406
0.01253293949271	-0.00521274463387089	-0.0129516071500616	-0.00254346156835641	0.005310733182664	0.00130924942727759
0.0101095812673333	-0.0162232442211364	0.0141619773349313	-0.00140355702558762	0.000200315940235015	0.0188519254469322
0.0135028722178643	-0.00956449471744032	-0.0120821220391578	0.00428317569798493	0.00711039183589186	0.0102695861695663
0.0134345623019705	-0.015249047690964	-0.0147238800936441	0.0106778915742313	-0.00283266162873099	0.00569344154385733
0.0119724270878453	0.00612727400023037	-0.000564642295928292	-0.0112729991982905	0.00690331572011719	-0.0114887965550882
0.0121210569157537	-0.0230783516730144	-0.0164676145487424	-0.00922696212471443	-0.0144251875673312	0.0228377516643596
0.0135791242875902	-0.0010965455506818	-0.00604894634054555	0.00863757553038115	0.00289106692861475	0.00704100360735511
0.00964996739749461	-0.0283774796569613	0.0236517297692605	-0.00698724521604672	0.0136694077039703	-0.025612949358854
0.0131828385667679	-0.00230450707452743	-0.0105768687918971	-0.000852397283018354	0.00892058422570155	-0.00738217021324264
0.0112114611205784	0.0306536918803039	0.0225770547199145	0.0154092140380146	0.00300609651793962	-0.00791520110102203
0.0124370053039666	0.000558024299664978	-0.00200000909435582	-0.00798541709934373	0.000703777164121618	-0.00272384513506867
0.0126279594662572	-0.00253066957186799	0.0117882183006934	-0.0152297838580157	0.00144444963629121	-0.0229794276164315
0.0133650313922252	0.0029210134770378	-0.00808041445041734	0.00803935671981476	0.00593117538399967	-0.0158930213586045
0.0133007231436094	-0.00671006502062962	-0.0119375016580215	0.00136078625022899	-0.00219452706350173	-0.0126610004582449
0.0128562748782204	0.0100116867233504	-0.000520250168167021	-0.00472393922537872	-0.00201211077857022	-0.0123471331390703
0.012825104372492	0.0108471026404156	-0.000476100536195842	-0.00717153996772537	0.000266816104111866	-0.00821323466244437
0.0126669143065686	0.0121401147403808	0.00436880508720466	5.79253902893203e-05	0.00901371991762701	-0.000378782051915749
0.0109839469105855	-0.00527075592602225	-0.00519682008035552	0.0179993034181526	-0.0102567713137145	0.00745852460302568
0.0107750745098343	-0.00770457260826194	0.0100287010407206	-0.0211394684842673	-0.0131863503615743	0.0219265695962699
0.0105273726212906	-6.00953636829167e-05	0.014898736186952	0.00429153424952611	0.00620285946036771	0.0341173895825307
0.0130182710309374	-0.00281102845664743	-0.00484375964945582	-0.00851934570858824	0.0103338541004888	0.00661363987876615
0.012953617943941	-0.00265724406051358	-0.0033883483882631	-0.00712635160077281	0.0101671592269161	0.00593578872885799
0.0143892309955806	-0.00502784223113085	-0.0113853368753376	-0.00415289919500437	0.00761052963907024	0.00337486310698357
0.0133928291681095	-0.00161044628970684	-0.00915982310562863	-0.00853452885804633	0.00487326469177153	0.00345791158467682
0.0128361558832967	0.00131367560408959	-0.00247407641547823	0.00581547442032357	0.00863963937998334	-0.00434283310952091
0.0112256601581611	0.0198464793515288	0.0130589289449127	-0.00913542735986754	-0.0204732123975028	0.0189981373899758
0.0135868387730584	0.00264543636497448	-0.0109066310082588	-0.00957637093117848	0.00743684324803924	-0.00981903732387325
0.0140532062294618	-0.00639000634464258	-0.0112802806265446	0.00294269165262872	0.00670122252229596	-0.00581152780848662
0.0141226522420425	-0.00702994299811969	-0.0114696613304387	0.00164957833222002	0.00651891038156179	-0.00850965991770667
0.0136695711992455	-0.00538244068827078	-0.0120309421699994	0.000173318230466771	-0.00407268752686664	0.000432585448948278
0.0125799179026306	0.000226036650997043	0.00494028307106614	-0.0239608348648702	-0.0103008915583343	-0.00828174491777506
0.0111465348484613	-0.0117853466431359	0.00425702819100493	-0.0268129670893025	-0.0155401648203703	0.00767772928471981
0.0105680064227624	-0.00177799240720757	0.0189018197142784	-0.0140643677541516	-0.017190371142559	0.00917941105834625
0.0122911252877222	0.0106897475299148	0.00263334798026207	-0.0108408979362376	-0.00159707257407268	0.00483798164581381
0.0134470609725148	0.00146953011837073	0.000217096546130818	0.00391188318402304	0.00230361389058769	0.00869114049137932
0.0126456446423328	-0.00593615588227693	0.00296897967756815	-0.0190937482138292	-0.00837498964830539	0.00520141037712417
0.012795965617855	0.00219844128349539	0.00266925730363678	0.00587986958159907	-0.00143187277414099	0.00710677214691863
0.0132529150923306	-0.00116405956499936	-0.00378165477557129	0.00460350597939251	0.00124348524808557	-0.000664668446797109
0.0135370403103932	0.0049560553961843	-0.00293364285069174	-0.00409111669420833	0.00139344846293613	0.00333210796722025
0.0122155682900823	-0.000111010752457206	0.00927109559656044	-0.0342031336069673	0.000839690739537137	0.000906433312453271
0.0120855710199836	0.00957606505349053	0.0187718392582993	-0.0182976842558194	0.011996864686631	0.0200426771149638
0.0120956318794842	0.00688828657388206	0.0116615531916549	-0.0171098399243673	0.000662864751411476	-0.00465715119979777
0.0127899665086917	0.00851769730526115	0.00114048171094661	-0.00496723849395221	0.00517828352045661	0.00406094032680088
0.0127704696070825	0.00147008158890901	0.00591097170792455	-0.00134276287847467	0.000274233958051233	-0.00373632832406285
0.0136449594327119	-0.00323560742291154	-0.00779626419908457	-0.00525450588692094	0.00081606920718007	0.000614729130915806
0.0136697826759456	-0.00308907543070931	-0.00839960567595707	0.00065683566681829	0.00370170425235669	0.0016030083848746
0.0107180127903957	-0.0113315768023352	0.0136618953846043	-0.0104611642195409	-0.00916500142515433	-0.00579287110142873
0.013777231709402	0.00124565329337734	-0.0030729257187141	-0.00418102828866172	0.00176858175395154	0.00146600642560672
0.0127526928527145	-0.00898689495348537	-0.000856653332240223	0.000881593898368145	0.00776941281241289	-0.00262870975509134
0.0107890836147359	-0.009499602954633	0.020716100108954	-0.00409941975187859	0.0148816672638189	0.00275494751742133
0.0103570715179886	-0.0138327852150588	0.023863497297563	-0.0080906959740046	0.0182489545228194	-0.00224564467918608
0.00948657465432834	-0.0106137824813079	0.0282874889853243	0.0243545440117313	0.0220878369466212	0.00879782330969403
0.00987075697540042	-0.0149644806427281	0.0216404713831018	0.037067788244601	0.0207251222840522	0.000153318994372931
0.0114169280427036	-0.00535357105562261	0.0141254276763321	0.00604860044087598	0.0101592865289167	0.0179982463543296
0.00513151601200689	-0.100889895992278	0.00547207283619354	-0.0162201003858672	-0.0341519269497686	0.0297563278142338
0.00918567707773436	-0.0097733761362193	0.0147279109304701	0.0109294568344646	0.00517697290121908	0.00749421974054673
0.0123268659124331	-0.00343699749661622	-0.00783459689223101	0.00260856472539027	-0.00559800539616204	0.00834589060842326
0	0	0	0	0	0
0.00932975025916692	-0.0161110001172966	0.0232453174706647	0.0184185632796375	-0.0240166445169998	-0.00404023002741038
0.00954435319118573	0.0108233999585334	-0.00245591328237971	0.0218872020504288	-0.00740799132101291	-0.00873732233864223
0.00748168552263766	-0.0357528569948828	0.0335225032359713	0.0247668306404602	0.0272432719278066	-0.0319979649756265
0.00967705095570343	-0.013842650918382	0.0160928291257091	-0.00490927444347133	0.00975042723333908	0.00237049628385901
0.0118640673283065	0.00333024276802711	0.00172175940747795	0.00205217340090314	-0.0161238468393571	-0.00462263790191984
0.0119770034027022	-0.00553717443545231	-0.000336851237986293	-0.00228013736808047	0.0021108799474076	-0.00471555394627953
0.0105683792961867	-0.00763361311424844	0.0191101891607837	0.013894797317634	-0.0176484313103527	0.0166820480069339
0.0106728492326038	0.00642059816803342	0.00740892206724877	-0.00725584931336304	-0.0135033311677225	0.00349446740362711
0.0119547831003487	0.000558323869255065	0.0061541642994575	0.001377635583616	-0.00410191928026121	-0.00583876552577833
0.00985686656186492	-0.0122357694018651	0.019524941573752	0.000781249219261665	0.0180780203359105	0.0133341949149063
0.00850862147187789	-0.0403105349937851	0.0276789647441844	0.02019647139839	-7.98859941335429e-05	-0.0153749439340232
0.00956254971213682	-0.035735552110953	0.0266268390643617	0.0146609751570873	-0.0175039612919232	-0.00591707400082329
0.00941594157595979	-0.0301244050256987	0.0255126838907598	0.00755039159156022	0.00407193573449596	-0.00147321263558387
0.00994772249027496	-0.0306552932469715	0.0243235145844894	0.00867864449523384	-0.00916344784163039	0.00512849185946615
0.0116543989838055	0.00556233178233942	0.0204990745984262	-0.0139670853650433	-0.0138819245989863	-0.00272613409425669
0.00926326207281804	-0.0403819559386474	0.026829187578068	0.0199814967763203	0.00813705362501885	0.014768067130771
0.00761974883484261	-0.0345873683418692	0.0294093680124185	0.038489386751584	-0.0173288379625805	0.0281137722162833
0.00878277613024081	-0.0333036027626923	0.0199841827499663	0.0325755284670026	-0.00453960145690159	0.0127103110951946
0.0112220158586664	-0.00853807088872486	0.00427317736653267	0.00581641337181709	-0.0121635271158108	0.00940795343423735
0.0125957156197042	0.00520400677005883	-0.00650907420970316	0.00244466192895404	-0.0012659312579336	-0.0145664843545079
0.0114968515001595	-0.00283175609701845	0.00791859146680729	-0.000112736538753937	0.00791769348454515	0.00118889425069019
0.0124304450176375	-0.00153899229083844	-0.00564777555490284	0.00993674024692398	0.0005283911916698	-0.00545267869946126
0.0130353490123132	-0.00170181863901137	-0.00879719121739319	-0.0035928654508654	0.011141724558816	-0.00223515437225181
0.0126273580092777	0.00445278501447871	-0.00412831397351123	0.000133881042055556	0.00140786444209458	-0.00711704021553854
0.0139223713490612	-0.00305521865099403	-0.0120775188764158	0.00989887139421624	0.0144836636836779	-0.00768453745753065
0.0131098587806881	-0.00798551591425187	-0.0108428181469415	0.0070115344310909	-0.0109595193108529	-0.0100454481878208
0.0128269581314594	-0.00775824332962684	-0.0158734744926056	0.0153274123540842	-0.00713307728175093	-0.0107618646958154
0.0113252065574185	0.00904584645207037	0.0105311251292249	-0.0057258679485908	-0.019236608378955	0.0103642782780036
0.0119995730020186	0.000596851113997452	0.00438429563915691	-0.00714625350352211	-0.00734968910248753	0.00178249347671795
0.0114339942183035	0.00148372480372129	0.00897303102219209	0.000457656521427268	0.00135967680255264	0.00645966116072468
0.0124188672042456	0.00595420616129488	0.00304097010429031	-0.00518877993139026	0.00425677607449874	-0.0156319302882479
0.0101315585464392	-0.00737437343829895	0.0264119666210451	-0.00572269089538703	0.012274284792882	0.03847140332054
0.0111603213481135	-0.00359601185355746	0.0103979403229705	-0.00439633673790566	0.0157152804451316	0.0173025450016722
0.0100743181439671	-0.010803223785032	0.0310738064798981	-0.00855288448634893	0.0209003518723068	0.0369111293012217
0.0128693793019007	0.0159087048169726	-0.00268383700802565	0.00752208968786603	0.0105783667768026	0.0197813880327396
0.010577882504062	0.0136886413716034	0.0156035575794045	-0.000597365601177078	0.0122482458558052	0.0186207278683203
0.0134765869361081	-0.0044814137256299	-0.010987396875035	0.000185337925682321	-0.00780496897378028	-0.00642648192511034
0.0131929351279727	-0.00755022191914413	0.00188480762830511	-0.00585299450585232	-0.0017934907512232	0.00647300654904743
0.0133790584715045	0.00145114967354946	-0.00757040713634478	0.0040754835717552	0.00629558376395716	0.011164712460313
0.0138697956670595	0.00168932428595329	-0.0084820251905345	-0.0117571767093405	-0.000636841885445133	-0.00158950907610916
0.0134169783612603	-0.00223479176095556	-0.00590674861571626	-0.00652270939486802	-0.000849408829714753	0.00594178716690601
0.0125025502677687	0.0323356564720237	0.0118266266160888	-0.00520731287214426	-0.0036628608248677	0.00587477922578646
0.0111070007953032	-0.00853349789826461	0.00342245409354882	0.00982515097999147	-0.00279281874818744	-0.025681216715904
0.0124280973508838	-0.00138615969267631	0.00511236338570063	-0.0224547753513803	0.000266612531892627	-0.00229966833628954
0.0129479208571998	0.00865414731998363	-0.00110929724043791	-0.00601774772345803	-0.00133702146550108	-0.00287435393139951
0.0128173004178392	0.00990456950682018	0.00141848076975614	-0.00936724902290819	0.0218435480396923	0.0102256669756742
0.0127442723918632	0.0109387918549187	0.00500009175431169	-0.00487915310512356	0.016777018582825	0.0117970939170188
0.0112689721451888	0.0254310977275766	0.0265022563507183	0.00083620780923883	-0.0133783053981124	-0.0161864435683618
0.0139472953923974	-0.00908699377945777	-0.00651233292542325	-0.00428310095922263	0.000934143938189064	0.00184594010902272
0.0121947048270361	0.00883887750072707	0.00637946869499092	-0.0134790695898272	0.00578577239902041	0.0116012482858671
0.0122002488352471	-0.0206785680762467	-0.0155636723587137	-0.0124874193511459	-0.0164886171147685	0.0303977762295358
0.00956356653050127	-0.0304057976069738	0.023729585129201	-0.00644013449654018	-0.0047357806707621	-0.0306336594325198
0.0124927906788144	0.0213290686383071	0.0123785490131712	0.00118448398508684	0.0200079286854518	0.00400202585633692
0.00935262001883877	-0.0206313670069165	0.0133365176543503	0.0116077091536392	-0.0403987158281585	0.0128372198488287
0.0116979795724296	0.00937891368456789	0.00891549566753425	0.00216718205402272	-0.00193887583524289	0.0278090005230977
0.0119707686433601	0.0125297748412104	0.0110887492440788	0.0026647681281367	-0.00541480184328648	0.0200022460035419
0.0124082184486903	0.0283983201530654	0.0209149985474051	-0.00207103387977909	-0.0145853730278162	0.0138826828090763
0.0120066251011389	0.0274193684739455	0.0214863615439458	-0.0012292640476802	-0.0119411047892656	0.0171100288191882
0.0123629588939374	0.0226979925615407	0.00442980300754657	0.0124906957641556	0.0216532649670725	0.00476415541007831
0.0126140288765027	0.0193039942278304	0.00178683118503995	-0.00143090894744853	0.0222933365239132	-0.00683066399067061
0.0118140461348041	0.0107249892480496	0.000849205502583869	-0.00117740591672977	0.0244448562067144	-0.000307147666476538
0.0118380068264949	0.0106376321290057	0.00168774583549195	-0.00210419696881369	0.0236992868253137	-0.000559567441827759
0.0108588682562492	-0.00883540773084563	0.0215413314628533	-0.0165525269247842	0.0144097873493649	0.00138995858117224
0.012304519929973	0.00730016102192627	0.00872640356739695	0.00196756544244335	0.0125140803973395	0.0099285265562735
0.0122774591263728	-0.0113588155942351	-0.00583000116289575	0.0046052631135543	-0.0157811846540196	0.0225958477750124
0.0124656738488852	0.00296244241090435	0.00585098108455809	-0.00208495305414024	-0.0172530526682058	-0.00570673067898562
0.0124280657856304	0.00406380416900246	0.0106287132918759	-0.0105713565915758	-0.0192742365134223	-0.00483199185515249
0.0113540251601664	-0.0266642282811825	-0.0147500103220028	0.00234502451952599	-0.0274414465621464	0.00622864893895865
0.0122373715878571	0.00276472798924492	0.00316716625960519	-0.013635493023008	0.0101927968733065	0.00219282245848403
0.00876849485649598	-0.0391867608984962	0.0288994492736307	-0.00507789048690436	-0.00108438090748762	0.00673667282529013
0.0126953160134026	0.010862564978027	0.00854057454849397	-0.00749235862655806	0.0109136228735701	-0.000101117215625833
0.0126037379540093	0.00576147754309567	0.00175396679559848	-0.00472961871913758	0.00271174922478215	-0.00561676120468503
0.0144008611782681	0.00345241137879646	-0.0182729955228773	0.0108164931804891	0.0139142430462519	-0.00304803636590355
0.0142341291878998	0.00137011605174652	-0.0135355899724868	0.00864611827427504	0.00671916219539547	0.00182282883138122
0.0131030694329387	-0.00130352852628368	-0.0112838318304375	-0.00398839406461987	0.00563867282987001	-0.0167956113823968
0.0128048845512001	0.00640444113062725	-0.0102673001740499	0.00398672499453756	0.0114659595928792	-0.00201237137748628
0.0126052036739449	-0.00148813909558665	0.000468590970132229	0.00298459370632815	-0.00202220653498519	-0.00633388019938524
0.0105690002919875	0.00333624745614872	0.00901249312328015	0.0301074644768509	0.028526240684665	-0.00456100716443635
0.0117294450483101	0.0285429352073705	-0.000528197154594937	0.0361898295470666	0.0177279534006232	-0.0176245686423976
0.00929551471021921	-0.0424596031349543	0.0186172038025378	-0.0253027222575829	-0.0246916714249074	-0.0261397510413287
0.0123306967752954	0.00482757248391455	-0.0063942194091227	-0.000476840152222701	-0.00892673006374022	0.00547391237786932
0.0119180153299283	-0.000574152384807198	-0.00543800249825839	0.000891317626730133	0.00730632922413851	0.00790497805334908
0.0122226655627962	-0.0099843660839384	-0.00302753206420763	-0.00747276453795716	-0.00820765264909785	0.00992569473241094
0.0139176754999616	-0.00210283358584253	-0.0121502932485336	0.00752436023662814	0.00742677533596749	0.00183276568602121
0.011946360344753	-0.000201209112815761	-0.00615488848216071	-0.00327942134163299	0.00547112452324977	-0.0101429438375995
0.0122107870448619	-0.0109727506693567	-0.00749823213219877	-0.00232761629222464	0.00116855818353787	0.0118880689167102
0.0116522753798723	0.0105470534895739	0.0113687353746944	-0.00060851566753588	-0.0255791901495049	-0.00156085288367201
0.0123710282402093	0.000747178902407765	-0.00615290375588215	-0.00814422250085667	0.00703624310479909	0.0104343828364266
0.00790038512109074	-0.0205578860925772	0.0432226179994946	0.02006580669858	0.0497314983679596	0.0461011667711375
0.0114616369257312	0.00613520731154324	0.00902343877640175	-0.00977790760839797	0.00734590634704326	0.00828366838415066
0.0118981320114077	0.00967744866772998	0.00709340060940801	0.0189312404321412	-0.0148670500018822	0.00504125689662294
0.0126925725246642	0.00100153608990534	-0.00881902770298676	-0.00652545659288296	-0.00160618093997459	0.000285233415113021
0.0120797337583976	-0.0131087457695405	-0.00516823361994619	0.00533170478002341	-0.00507479134397464	-0.00224727642139642
0.0123001377458095	-0.0258078220018668	-0.0112437876943614	0.00223157675834282	-0.0071969710185117	0.0239617841884012
0.0108873391563067	0.0322076404443694	0.0258056432117997	0.0389965185931269	0.00514698578304219	0.00456778548149585
0.0108630027300169	0.0314824215986578	0.0153656419861579	0.0401201772720114	0.0118201258702353	0.000643306518830934
0.0130645713928889	0.00562382344022024	-0.0119322283979774	0.00351136919626843	-0.00832971424078763	-0.0131043788684781
0.0126623657024284	0.00677341833163818	-0.00347816292276253	-0.0161502927729726	-0.0194441888584916	0.00211140943368429
0.0109331539891665	-0.0103004494029995	0.00225730567319728	-0.0092335902059528	0.0109445438001172	0.00207232115996383
0.0111324056562847	0.00844311486451367	0.0106268427203462	0.000393058237415841	-0.0133578698289503	0.0194230361617454
0.0123562752340009	-0.000728092762027025	0.00208568429696966	-0.00681291671445169	0.00985544969536849	-0.0163381046009639
0.012382901655459	0.00130768795477234	-0.00960751005711467	0.0101927877396518	-0.00147286952413878	0.00654902170868887
0.0107521085717769	-0.00645861409498629	0.0133731617830639	-0.00366347669260667	0.0104973521176812	0.0144035815322978
0.0113985728579839	-0.0124286394643068	0.00817095280716243	-0.000491561468166113	-0.00335828289444472	-0.000428141282462024
0.0120783118630084	0.00521891380899653	0.00719756972379197	-0.020421347474576	0.00475370212081028	0.000942650945829581
0.0113609932340982	-0.00714107155745202	-0.00936962540230553	-0.00144165669488988	0.0114855463750317	0.0123272877790386
0.0123548556122443	0.0125948231752836	0.00585454739455857	0.0039643656971353	0.0077127954017491	0.0111751281757587
0.0120491142622239	0.0289313703399683	0.000581055939637014	0.013406175150914	-0.0082762275972686	-0.00471521945365468
0.0123245422107406	0.0324378752457382	0.00735986678441184	0.00119004593622386	-0.00729271894815911	-0.00504524557140791
0.0134398426519656	0.00827809328988522	-0.00354239394911433	0.0014475375311702	0.00358761379814125	-0.0100729989725707
0.0129577255596859	0.00108730397602299	0.00111604888727454	-0.0109855954615235	0.0119341773067247	-0.00769028609502992
0.0116360205715361	0.0055011832842068	0.0148650021859067	0.0180321845672813	0.0189850304380101	0.000803164805237405
0.0122900538796019	0.0108363653583724	0.0029846634464667	-0.00372071096830374	0.00112428154610516	0.000762210761117908
0.0137868703669706	0.00133211918957979	-0.0119465086440363	-0.00704818383574916	0.000785330618595156	-0.00501406552799918
0.012641999797675	0.00961737435916066	-0.00124644937066093	-0.00962961436402814	0.00847814572239326	0.00931655769315108
0.0125892234379944	0.00998322502868511	0.00326386483980697	-0.0097662483154516	0.0122515405105851	0.010079222201842
0.0139389327424969	0.00164585650710982	-0.0105981837782147	-0.00437514023280898	-0.0053863395940616	-0.00691575921892106
0.0122519842848197	0.00848355673921663	-0.00788130539330491	0.0102990281352108	0.0209428119226341	0.0152150582764502
0.0124985008468003	0.00116695844328399	-0.00166660011152888	-0.0071294621206524	0.000324740412400522	0.011011100667296
0.0129057721765621	0.00722050426550243	-0.000722271531224516	0.000842741715961548	0.0115037071623729	0.0146903353454727
0.0120713635518756	0.000831506188137274	0.000607480397903394	-0.0123616896614602	-0.0192201009962377	0.00940544724721876
0.0113501259846039	0.0024581195108558	0.0155036487575841	0.00158528693799548	0.0194601405258093	0.0060315159913782
0.0115197334480885	-0.0139132156988902	-0.00816542432635211	0.0136862524387657	-0.00587795489174488	0.00533310611577127
0.0117424695724719	0.0025505432291613	0.0104826236617043	-0.014309733356825	-0.00819317243031542	0.0179037677401098
0.0107280100474852	0.00207114358618556	0.0139631116148699	-0.00568996032299491	0.0074732175103735	0.0125367252978704
0.0128963224226398	0.000436603652048947	0.000753940956741288	-0.00597135796239606	0.00866764939027869	0.00737558073734037
0.0119714011905443	0.00735364821157393	0.00304313357369743	-0.00859501428168949	-0.00384671307670813	0.00250010398475472
0.0134927155078953	0.000264005137277512	-0.0139479125054499	0.00608038350154922	-0.000798091419369101	-0.00157029227252678
0.0139636269460123	-0.00129613498919317	-0.0154465166670098	0.0026407769299068	0.00582079162580345	0.00188187657146279
0.0134894469362609	-0.00345422301819093	-0.00468643164963411	0.000730881611860535	0.000493938199141624	0.00156715104584821
0.013329425269752	0.0057430327712987	-0.0157033235190027	-0.00900538384510603	0.00714042183655342	0.00318308918693239
0.0130984914969264	-0.00259334078976432	-0.00915577548970524	-0.0124492875317768	0.0112126903991656	0.00088070702759157
0.0137513495085607	-0.00344278355825145	-0.0016425652398268	0.00770646626085306	-0.00685549095667365	-0.00784752968055978
0.0119178919870287	0.0196301399167684	0.016470918081363	0.00998291214392129	0.0102539006560404	-0.000121198343357587
0.0137870773828358	-0.000365441283041477	-0.00681468710749657	-0.00122335337722164	0.00310021611022752	0.0081796058908073
0.012833663238903	-0.00605693791367639	-0.00693003969909096	-0.00114793354751836	0.00258078414253701	-0.00391868669416978
0.0132696583404778	-0.00877112830324723	-0.0117506333595029	0.00509166042516933	-0.0129509730949152	0.0091309378125912
0.0120630936410441	0.0051348804037366	-0.0135588837879152	-0.0202546959237766	-0.0116134547955756	0.00375074053653397
0.0123864574623575	0.0177932210064696	0.00864025045455996	0.00274224668877651	-0.00128228255111818	0.000354674068521952
0.0121138939346295	0.00322748401703134	0.0020944011801444	-0.0268024984923421	0.00367983101264422	0.010422929942711
0.0116451856765587	-0.0116189470358981	7.97575588560272e-05	-0.00793978612295748	0.00400074315793777	0.00977526898989127
0.0125290121945028	-0.00169580185904354	-0.005040662369602	-0.00621206205954075	0.0107609454391966	0.00553524613929019
0.0127282906500474	-0.00796857015674991	-0.0144414905941805	0.00608542702190784	-0.0137262957323294	-0.00028408174065064
0.0120846121614863	0.00358662583659378	0.00921124969417566	-0.0384443214090929	0.00356173960330887	-0.0251479523400685
0.0131348212694202	0.000231078747627352	-0.00917446946024962	-0.00154171345248786	0.00755162258796922	-0.000804525319594216
0.0133238777491479	-0.00185873545535612	-0.0169809164370968	0.0105232943266482	0.0174259738549631	-0.00437766682813483
0.0138465616633591	-0.000738409798814967	-0.0108416519988679	-0.00330950985490086	0.00877757156204246	0.00455352381556329
0.0122984941619145	0.0193104894128976	-0.0016795294901329	-0.00853448039427031	-0.0440138286606553	0.0032622228813246
0.0112507041298975	0.00822932020103584	0.0117517747675783	-0.0173060167235069	-0.0194925547137343	-0.0227949307729806
0.0131878832408426	0.00149014524466754	-0.00334457572335194	-0.0144087497617167	-0.00217951534688609	-0.00327373624042998
0.0123293020110463	0.00166452954709796	0.00483147578673666	-0.00119098924614142	-0.00668097356181607	0.0063169036891227
0.0124384017728295	0.00108345870855531	-0.00634894897558668	-0.00500161627083495	-0.00259095743916433	-0.00573126571259816
0.0119410185797113	-0.000333959888801298	-0.00786666911422066	0.00391639629889742	-0.000445656553295962	-0.00341842343993455
0.0124629081682349	0.00344574127428232	0.00413243281147898	-0.00258317456250667	-0.000622291030232691	-0.00546838635318357
0.0095282773147774	-0.0214766534831938	0.0189319938135606	-0.0018611398173703	-0.0135001323390617	0.0117391901881487
0.00816033148331813	-0.033025968796352	0.0354098329954124	0.00148085682282816	-0.025834244624582	-0.0254663100553719
0.00821076627407051	-0.0313349598684228	0.0477868597482262	0.0229260170659126	-0.00734111210434513	0.0473132280070345
0.0115797480112971	0.0183474820875287	0.0279828117498259	-0.0242890737694733	0.0257798390573476	0.00568389465746758
0.01370105083801	-0.00423783013053215	-0.0164645443037074	0.00470120769151613	0.0126617624733365	-0.00827703623569474
0.0124127380319729	0.0138173359690489	0.00951811955529958	3.61402708168885e-05	-0.0158052273884939	-0.00137226314353595
0.012095527694522	-1.22917610675313e-05	-0.00548692465433458	7.82880487851475e-05	-6.63480757457785e-05	0.00789413506168482
0.0134602438067461	0.0157060387457664	-0.00488993464152802	0.0124701395576492	0.000675421778738547	-0.00435012006109873
0.0131403769937247	-0.0138309120221987	-0.00454171438650522	-0.00108610819875918	-0.00394071910370705	0.0191077683240923
0.0125771843493455	-0.0149685695827352	-0.0117602251772618	0.00417711261042111	-0.00333784780017214	0.0144754202530432
0.0130726246942587	0.00874795892116997	-0.00318003047280123	-0.00276040384284722	0.00153419043332485	-0.00142764505980692
0.0130338816208287	0.0108136418596347	0.00975808982908794	-0.0114435186092044	0.0062889991521113	-0.00222635005562075
0.0124319421758581	0.0104128029071505	0.00468877421597109	0.0033859469532921	0.00176403542414934	-0.00660302374315119
0.012332447866589	0.0239143462678226	0.0140899479262682	-0.00570437776778916	0.00777201687765126	0.00614699009009111
0.0111492127739111	-0.0222486470239596	0.00296336317624461	-0.0147641762401341	-0.00294234086407246	-0.0154963342374735
0.0117911604898467	-0.0105809049344545	0.0142209172228408	-0.0421809358268544	-0.0021688187672944	-0.00977546196527711
0.0120593801250994	0.017763022115709	0.00934184976850557	0.0121506216521627	0.0131060181918375	0.00834514864314602
0.0131139023634238	0.0117333377436083	0.0024019722173243	-0.0121855974971621	-0.00956882941028682	-0.00345518562551808
0.0126113784359359	0.00213642570840056	0.00645069425022416	-0.00950959507252436	0.00778775229935324	0.00108815672941415
0.0122431015719252	-0.00720661438102601	-0.00318183185643136	-0.00778208972285955	-0.000312223949348483	-0.00227647550285781
0.0122000817058534	-0.0204269293511749	-0.000717218095949684	-0.00357537013394046	0.00132220808783089	-0.0107811614981566
0.0130523196079652	-0.00467483392032257	0.00328928417747429	-0.0106973695452709	0.00300493507594281	0.00204089047505164
0.0129215805738765	-0.00101594311283773	-0.00499138443031206	0.0126608931889454	0.00151696099349652	0.000396935038343886
0.0130731622644535	0.00269461431314992	-0.0134275363813718	-0.0055100393513118	-0.00552759822451213	-0.00897522356425796
0.0131318355979063	0.00788251719252193	-0.00952808729772917	0.00686728639979965	-0.0103339003730508	-0.00801013686168576
0.0133103490342218	-0.00642456987409188	-0.0202154047068119	0.00722648423076818	0.00473876240046168	-0.00859972775489775
0.0131631510692479	-0.00174261184866464	-0.00568437399082104	-0.00559056634698044	0.0145792457716027	-0.00176362100006217
0.00874146060610972	-0.0221388612738457	0.0440967332743543	-0.0105313189584987	0.0415662488801904	-0.00391092847209421
0.0124424976300503	-0.00690434672511441	-0.0178194221687426	0.0175243421180292	0.000333826562058261	-0.00345485060492895
0.0123978849164762	-0.00757456187616353	-0.016855309470672	0.019666870387662	0.000291501337481752	-0.00705434342862599
0.0124495169967718	0.0327091093248069	0.0227042400984188	-0.00381804053850055	-0.00903827107945184	0.000986871602477922
0.0122868944404419	-0.00398997222592385	-0.00632095574242506	-0.00213135145115337	-0.0125183487101057	0.0114521970068385
0.0120856543215661	-0.00140073510213611	0.00119640285582921	-0.0266904199133959	-0.0060639528043004	0.013066935283639
0.0124726866567555	-0.00354477290771298	0.000621213229033855	-0.0277128622034383	-0.00477898076750195	-9.51898043119351e-05
0.0124304735879331	-0.00652151374918722	0.00710278706366449	-0.0239565177119872	-0.00187606301709303	0.0244979076365486
0.0126283611910617	-0.0124819513608259	-0.0184089022573773	-0.00771453316965559	-0.0127564892503349	0.0140584330442138
0.0113006393941595	-0.00362858694033171	0.00215414932740256	0.00822240154007569	-0.0244548530313564	-0.00596224544314964
0.0130334914811326	0.00735688515144634	0.00182960426747112	0.00367507110833652	0.00679126056925059	0.000916285021204542
0.0121847985748917	-0.0184325433056052	-0.0126077742271111	-0.00553434356627787	-0.00910455992817972	0.00582279220969363
0.0132006939974836	-0.00116808591666885	-0.0132187336878005	0.00566526742337297	0.00717599786238687	0.0054643621159241
0.0130954848798496	-0.00452063880418184	-0.0130761068427042	-0.00716578737474037	0.0122378593451191	0.0110928567488193
0.0127603205766842	0.005625521555409	-0.0046426581747932	-0.00103884046888503	-0.000576522981155419	0.0117884648516046
0.0129698710082034	0.00194885807698449	-0.00554673804040786	0.00500658953998374	0.00886903422405204	0.0072316973139019
0.0128305256731255	0.0104438610740041	0.00896512525729925	-0.00109196351133225	-0.00819290525962177	-0.00315778863906927
0.0121357809821513	-0.00767868400209894	-0.00078842204746514	0.00109002323745811	-0.00339283582238993	0.0235376578474323
0.0130614339701507	0.00270826149317949	-0.000818223008584837	-0.0058545560816137	0.0033599504309761	0.00710013765561824
0.0131802290527663	0.00678739122154489	-0.00580432441189073	0.00380329306953918	0.0169673088906727	-0.0049604818640942
0.0137877660752604	0.0060476513109038	-0.00160480061268785	-0.00742381001206992	-0.00146406574776542	0.0125642417424388
0.0113054112561372	0.0107357812321676	0.015193749761338	-0.00275985178379107	0.0129341658702494	0.00674678117105887
0.00898241415068863	-0.0170341263153224	0.0398331840342427	0.00565882900030274	-0.00825196897071792	0.00329343723611311
0.0117191019292238	0.00804134822446736	0.00525198156490139	0.00686554727224891	0.0114422795575819	0.0103279937219677
0.0120696890720639	0.00376708560140271	0.00128227977888225	-0.00309400236510879	0.0033992140482096	0.0091182956507243
0.0107325432440576	-0.0192008562377934	0.0115636294102735	-0.0101643744212187	0.00285408874401726	-0.0147018256160475
0.0117733274678834	0.00266435799401894	0.00261084509243179	0.00196551005462399	-0.0184464599970763	0.000364617173414541
0.0113905696791029	0.00463234404490048	-0.00260392418762898	0.0216418837064626	-0.00931443304941322	0.00656577369846006
0.0118994000255494	-0.00313457959425596	0.00155311956307885	-0.0341233331803421	-0.0184700226302396	0.0113217765422021
0.0122612599804922	-0.0178305076887988	-0.0131617008393967	0.00842865464128833	0.00662989257822645	0.00461090266518771
0.0120853141376209	-0.022569173035028	-0.0088354903519196	-0.0164616057020881	0.00287222277520842	0.0104168785674794
0.0113517980005263	-0.00794856428274797	0.0134894911611969	-0.0111616983441069	0.0157907692783768	0.0173962685238543
0.0123347220402834	-0.00977252822513299	-0.0125381113934865	0.000390660793959741	0.00230296883023058	0.00268692145921711
0.0131005451176039	-0.00129018610663441	0.00210112982695824	-0.0115380083845979	0.00340653866285566	-0.00781192501624273
0.0113760514806502	-0.00571899919801535	0.00683793830123156	0.00377188117216896	-0.00232093646129587	0.00829169958056723
0.0119015410273823	-0.0204203475821886	-0.0150744555996289	0.000649912542013627	-0.00215972484736827	0.00238580948007644
0.0104326443558794	-0.00141960542552051	0.00529229962905944	0.001439315018858	0.0145306437450514	4.78892633763769e-05
0.0119856883111488	0.0211200144207334	0.0137771065465914	-0.00218301371147981	0.0140341093603126	0.0140613684427231
0.0126910312573078	0.0221081902039282	0.0177121602866496	-0.0132241651087666	0.0079925835424772	-0.0129827192127164
0.0131256540633025	0.00309129738987138	0.0045035300884182	-0.0195727262078829	0.00796454087377878	-0.0137657981613964
0.0124367243366637	-0.00555662581616596	0.01087417348789	-0.00445155875740033	0.00399412079070513	-0.0104498108014063
0.0130478028239589	0.00513334308306506	-0.00255565024113605	0.00549209008925147	-0.00114500424591997	0.00719624744795509
0.0128083415078749	0.00364910983354374	-0.00834392999784577	0.0067092790405664	-0.0110732779836637	0.00755877070073554
0.0120841193381451	0.0240093701634113	0.0242903427622465	0.00230535587190249	0.00595301197819271	0.00211107100174981
0.0119066162218683	0.0299585655087153	0.0163032155810595	0.0115070947959398	-0.0298007735268853	0.0075504700583162
0.0090624415168091	0.00615340503042404	0.0440183960367404	0.000449817845802979	-0.0204456780704821	-0.00139300198437167
0.0123171573079649	-0.00515735104417705	0.00556948282936831	-0.0163492341213262	0.00149416801285072	-0.00876155674267818
0.0112678762876169	-0.00312689426832531	0.00510477625678867	-0.000552904460488108	-0.00207386508887514	-0.00431954927410663
0.0128398726786133	-0.00114026807317256	-0.00308022817598857	0.00216164942292492	0.000989111522813877	-0.00112969029195672
0.0114468625010905	-0.00376407649431507	0.0226082814501961	-0.0220800257051024	-0.0398027707086447	-0.0273207558662349
0.0110749921544182	-0.014720226516259	0.0207176853962874	-0.0171624364874159	0.0068697643729815	0.0249378817473864
0.0125297193335795	-0.00143766568253186	-0.00446746530412779	-0.00670364776868003	-0.000615482541548803	0.0101845482969828
0.0124564430908032	0.00125487465735297	-0.00290182430775789	-0.00603442028209759	0.00845347228686766	0.00856871313148029
0.0128809745717115	0.0142360497781607	0.000995242082714779	-0.00216665214272616	-0.00598778938179649	-0.00408757081492843
0.0111281521467494	0.00204281247579519	0.00818632313743364	-0.0139006786767409	-0.00932445740417658	0.00645279227363694
0.0130657799065563	-0.00180683191309662	-0.00472854726092388	0.000311072533848135	-0.00163432147259286	0.000897585831712702
0.0123965106861141	-0.00176163489323432	-0.0136796239982119	0.0143466213953307	-0.000148484635016741	0.00741226181252626
0.0125675478159557	0.0064003754978651	-0.000927433431180483	-0.00329893408584335	0.00524219088350996	-0.0124102179343254
0.0132425949954199	0.000740906523406999	-0.0107175028118147	-0.00191836807092337	-0.00576388460534954	0.00973464225551667
0.012916793347611	-0.0151742891333804	-0.0114031130711726	-0.00198649204042251	-0.0013504889726625	0.00696183241745544
0.0128013902754928	-0.00867020171443066	-0.00641055406032722	-0.00273601210975109	-0.0112697619750847	0.00477502569417558
0.0096711148889378	-0.0156145320899452	0.0315425882137302	-0.00483941067481006	0.0115335300152647	-0.0141295893855303
0.0132410071843506	0.00109005032341659	-0.0130917649822253	0.0099999886411934	-0.00741792216228358	-0.000118002295673582
0.01358645615358	-0.00121263197688201	-0.00852267376890102	0.00138058610385806	0.00052478584224559	-0.00849308649306562
0.013088484626353	-0.000867398592648561	-0.0101759904274325	0.000535904608372068	0.0102075009003668	0.00306092519736569
0.012035552079082	0.0150228368888455	0.00742390473467448	-0.00799235855864104	0.020692349952876	0.0129097634271497
0.0119795300190692	0.0149054868841956	0.00682799709436073	-0.00811732058216461	0.0184178413893538	0.0128730974034537
0.0120233869005723	0.00363543686316775	-0.00912235390093399	0.0144487654967852	0.00480852404941319	0.0217555955825025
0.0135338404738008	0.0171450499331148	0.00357408677607799	-0.0178622602709334	0.0101892033172398	0.00817278592306252
0.0123081255899866	0.00318875658293077	-0.000375294916012719	-0.00842577709852529	-0.00945006116948316	0.00206075059731378
0.0124284204704372	-0.00210374403339243	-0.00480320154912691	0.000118075031090185	-0.00681185383577425	0.00475258735742083
0.0125540914368534	0.00159007510625097	4.17153123382225e-05	-0.00752848728447609	0.0137036388140344	0.0113613447688783
0.013047991688335	-0.00886584755094283	-0.00157397281195973	0.0105954254286856	0.00389667672138759	-0.00123575610007238
0.0132350742006971	-0.00679778052172574	-0.00191559540474856	0.00322347689903649	-0.000647097393667397	-0.00108836843971916
0.0137776417734353	-0.00233697080022406	-0.00943441406439754	0.00444671906496465	0.000984670427868016	0.0140951975920671
0.0135304154501094	-0.00121613299702502	-0.0111824202374801	-0.00667926473585317	-0.0023081747440761	0.0148088061733796
0.0125459620761597	0.0077429368085953	-0.0103497601302373	0.00231231957545407	0.00202911889066977	-0.00188249031833959
0.0127498589370444	0.00705745656568183	-0.00633688208490763	-0.00247833960250666	0.00212915560286728	0.00328243108232886
0.0109602539977598	0.015026652472457	0.00951996133628993	0.0291390389651888	-0.0140798548704149	-0.00332575005797178
0.0130480060283217	0.00639248548722026	-0.00557275797479586	0.0026706995537145	0.00406203378008641	-0.00836985371483334
0.0113927514400663	0.00336440349959238	0.0200010899145768	-0.0181566079359645	0.00283803970128261	0.00556599453504321
0.0124343870495969	-0.0120688511416094	-0.021664719115846	0.0155441159765349	-0.00947677164904294	-0.000455070174645408
0.0116180623870857	0.00845372373383726	0.0164084877151973	0.0114656457792549	0.0121595921026429	-0.00266831342497845
0.0127437146898463	-0.00398440383752345	0.00139960155015118	-0.00153924799772905	0.000893508945323815	0.000854112955806698
0.013100763081504	0.00776057462234922	-0.00644671167512891	-0.0110062346365919	-0.0215681588952266	-0.00262461635808433
0.0123782389134481	0.0146826706334771	0.0185939384080174	-0.00564541908463093	-0.00709275722355389	-0.00188369829440674
0.0125291133310932	0.0142063900683744	0.0159814002592114	-0.00426758374723728	-0.00520803720035017	-0.00249636136523046
0.0104026678225143	-0.0182892775077484	0.0202934349476241	-0.00147602530155953	0.0166585138185983	-0.0075466555592734
0.0133974241951282	0.00543279052994672	0.000788481874947383	0.00182959061541669	-0.0126747057741011	0.00262305457895518
0.0133144110666823	0.00370919397196783	-0.000110587615632627	0.00280979462935579	-0.00865778831620086	0.00189074998658912
0.0127704825943919	-0.00265019297076197	-0.00266185646629213	-0.00132144564687025	-0.000918885383471809	-0.00867017018004188
0.0128141366008878	-0.0155613784060144	-0.00904958097101838	-0.0191252528834016	-0.00439833163877811	0.00432314431713542
0.011649994108672	-0.0120426152920603	-0.0218218559282236	-0.00368594618600106	-0.00305339013190856	0.00500889243748383
0.0117217880979042	-0.0105534242662977	-0.0214425344264937	0.00247314315630513	-0.000563611099736141	0.00669952518648226
0.0128310566748259	0.00544317978618702	-0.00101466514071107	-0.0058558593764828	-0.00263607851772766	-0.00417835791645751
0.0126861141743982	-0.0131982285667139	-0.0141295861710034	-0.000745268746269357	-0.00774496284946782	0.0138327743675677
0.0126489827478677	0.00661678231683287	0.000179600001180332	-0.00293260481681696	-0.00561864178612461	-0.00449203757693416
0.0123576976332256	-0.000725406276336384	0.00715705909605622	-0.00268279849713455	0.0092488722049373	0.0143581074071446
0.0130641153145919	-0.000295948419939404	-0.00269863579902409	0.00672840208448422	-0.000849459801027755	0.00721066823303844
0.0121668058451869	-0.00238991717261088	0.00155834929182698	-0.00152491600334834	0.00298162071441109	-0.00663903604372719
0.0114726484338649	-0.0245709179979378	-0.00669521595511716	-0.0118502037672222	-0.00649751683459222	0.0241119833534825
0.0129938171477341	0.000456775593971301	0.00272896016490827	-0.00586220116264413	0.00173689130931424	0.00684634723607786
0.0123326252832882	0.00115156089618922	-0.00223745146080543	-0.00427923600689731	0.000780845452287138	0.00635870438543429
0.0130743564156597	0.00517424323520812	-0.00536466565060578	0.018269772912489	0.00404815702350186	0.00914602561108128
0.0133761236468417	0.00194726005107384	-0.00605315065883728	0.00334443071113428	0.00986240757060389	-0.00717408469904643
0.0134505373136284	-0.00455527026095155	-0.00886659714599524	-0.000721014522048079	-0.00140764744446747	-0.0021705746057148
0.0118241563278018	-0.0175677778992638	-0.00107626261100058	0.00859172105330555	-0.00676433895948685	-0.00893548793220068
0.0123618492967076	-0.00827078362607351	-0.0151953432239623	-0.00479999397204176	-0.0069894454125978	0.00830811012446554
0.0111113999661997	-0.00101650388941966	0.0115365970473974	-0.00216250552867895	0.00836049274702314	0.0170454225050615
0.0116572146381145	0.0154128984236521	0.0164974912024623	0.0219291539505709	0.0172986883064935	0.00725840499451313
0.011973616255544	-0.00971565010836668	0.0018049777444323	0.00470171969623824	0.00366776485320151	-0.00762299311209294
0.0118833809992413	0.0217160463550324	0.0123195736985306	0.0218136002242017	-0.00369488927722856	0.00140060587976333
0.011425246617631	0.0136334031605824	0.0125184150588644	0.00221990540826599	0.00928780367222512	0.00124144750738402
0.0120403531297808	0.000921961091342749	4.22198522888589e-05	0.0059068148262995	0.00961832992151804	-0.00185255061222729
0.011912271230899	0.00282059293838596	5.17683728105713e-05	0.0033709121603703	-0.00156670058183863	-0.0156552869930967
0.0128150713232032	0.00266653309920009	-0.000304027932495709	-0.00769208350785665	0.00848922644080798	0.0127384699122431
0.0132140615310932	-0.00061061789410729	-0.00493545519658444	0.00127812296073144	-0.00989128858179009	0.0159700663777005
0.0103824354469106	-0.0055861910346901	0.00138730715995143	0.00980870218595692	-0.0117646250479661	-0.0106303937805769
0.0133018924544058	-0.0115137269052567	-0.0197557091971902	-0.00975351166165168	-0.000219320353792421	0.00517917871329406
0.0125737458695536	-0.0020857118026632	0.00221333108990742	-0.00107316344780293	-0.00918993404112788	-0.00512278486159163
0.012238714481023	-0.00263034299527392	-0.00686724899519999	-0.0163155580694667	-0.00268261784520358	0.0105806087320782
0.0128643009549283	0.00703967866382399	-0.00402677657267222	-0.0136944862175549	0.00130921864771095	-0.0120413903634205
0.0121294568621226	-0.00695138016175687	0.00352837441957929	-0.00621706993660813	0.0140000754654714	0.0175402030356034
0.01241265206177	0.0229793865171285	0.0101970201754549	0.00931065657203138	0.0109157586760249	-0.00615925872841112
0.0121197087289227	0.0184340905771466	-0.00524462158124612	0.0158968949698645	0.0192546778520933	-0.0167694958499754
0.0115108658594813	-0.00486895452014471	0.0120111967635244	-0.00242880969415079	0.0163260446673401	0.000554558225016574
0.0117306612743375	-0.00323044010977408	0.00810108301153111	-0.00837034717931256	-0.00410292182674841	-0.00320263194748383
0.0120406667383266	-0.00554931925125365	0.0120677133480657	0.00706242985443328	0.0186923230435266	0.00139933004583257
0.0123342625584474	-0.00753055145178934	0.00764028591142488	0.00229739497149395	0.00316279750927045	-0.000153495467809672
0.0121615231941937	0.00139867977889439	0.00296963404760805	-0.0061471996438899	0.00305044022891164	-0.00837104564186565
0.0123400580154047	-0.00292336298230383	8.16683664302299e-05	0.00103413573221405	0.00149628582160792	-0.00544195940328938
0.0116771081622078	0.00670247639705512	0.0114949185139619	-0.00954058919961028	0.00655371093430099	-0.00847205462224586
0.0103427922161937	-0.0164881313721286	0.0261848347981739	-0.0147599357224355	-0.00831860188550979	-0.0446598572105684
0.0130532178989728	0.00351429234486774	0.000443964224485853	-0.00337960351276204	0.000448163176556911	0.00737719736756498
0.0118279003239921	0.00862254513370462	0.0048937871067061	0.0040232096492606	-0.00757166950647372	-0.0023341450453568
0.012551726366976	0.000564670042169694	0.00302270866942216	0.00754747826531735	0.00128344726713951	-0.00717860166794258
0.0129951110935676	-0.00237709438492655	-0.00796256127903429	0.0145535588993948	0.0110339210159413	-0.00018736374174246
0.0137464612301695	-0.00177587351074482	-0.0103910730026834	0.00716261124045477	0.00552204179588558	0.00571366662147274
0.0139979143613876	0.00160169083048094	-0.0118324782335359	0.00174210182184297	0.000347301033844181	-0.00877542893343436
0.0117471567475603	-0.0152546818632219	-0.0206541890510333	0.00702507376196782	-0.0405893221494581	-0.0010105504817345
0.0129602158662591	-0.00251241992456324	-0.00167133008113959	-0.019209374676764	0.00655674109863966	-0.00601048781620024
0.0119942837746599	0.000844343107185686	0.00170655528330398	0.0149500290299767	-0.00654507549853749	0.0108293601563322
0.0123358852110728	0.0240059567342668	0.0175398754058964	-0.000599820878091939	-0.0291361205809128	-0.0198294236031868
0.013510505216682	0.00409363524155057	-0.00886211031583737	-0.00636237705183286	0.00544716942367743	-0.00011991540166862
0.0106733425263632	-0.00515056068039123	0.0173088846072136	-0.00943400538564809	0.00988480760809735	-0.0111576562055372
0.0130055212824511	0.0121275783181377	0.000665747585244232	-0.00857916245048429	-0.00216163968345779	0.00478160152182357
0.0127816004303776	0.00318128169502278	-0.00397690784009606	0.0102366161227138	0.00580525859138794	0.00229328470293334
0.0122015397030518	-0.00389180147341297	-0.00153525807301288	-0.00790732797119608	-0.00134655979122513	-0.00101141129737116
0.0118741426373369	-0.00721649990781257	-0.000930069467280156	-0.00488417529374384	-0.00188111100384158	-0.000474613930891157
0.0127526997575998	0.00679333332900546	-0.00987789951197073	0.00362539953975616	0.00352112195273532	-0.0035719377794526
0.009288282862552	-0.0102027608467255	0.0213550830425634	0.0321487108879133	-0.0232925287930252	0.0110913423698969
0.0122900604262687	0.0252447790139767	0.00516007283041717	-0.0108778067243735	0.00616350612683247	0.00840515735839009
0.0112544369622324	0.0117314595653924	0.0124799685409183	-0.00503768758578715	-0.00788659274207217	1.59991640778148e-05
0.0108239117277455	0.000306770980381506	0.00458100391544194	0.0167623417103892	0.00911680251846793	0.00847394342083646
0.0122828457481685	-0.0124915885282874	-0.00886382852504383	-0.0122313486178635	0.00693391592387712	0.0104848023239492
0.0109818308602637	-0.000694938563176261	0.0069937920670381	0.00556902894957944	-0.00567332426072301	-0.0268466706543036
0.0127284130344649	-0.0073428271153313	0.00036272580164742	-0.0165065617186803	0.0200850622775963	-0.0128477716662848
0.0119948205180765	-0.00769654530207142	0.00347357021639501	3.84078161743249e-05	0.000768166428215569	-0.0245029322238511
0.0121293155665887	0.00771595200556222	0.00568134593816905	0.000510383245314223	0.00898873595756978	-0.000492061657969482
0.0124317542898065	0.0091094251301814	0.00508510355726113	-0.00266645709971711	-0.0172855778087136	0.0293495884340099
0.012240708302932	0.0305415337543285	0.0237937878754722	-0.00147595304398166	-0.00744707252268515	0.00013650999759638
0.0115793700465139	0.0186955673727597	0.0224116671245943	0.000718289808378502	-0.0234159389476139	0.0101024839486721
0.0130741605182738	0.0324308982870503	0.0194935633526972	-0.00771636332156859	-0.0172273079458987	0.0149160287479348
0.013150186569679	0.0332845738567525	0.0174745203045193	-0.00943348231599168	-0.0155313794848289	0.0121076397249571
0.0128096784819386	0.000616882750594252	0.00272777818453285	-0.0043086296264708	0.00113452092485047	-0.0175482454451317
0.0133601647593812	9.4204089578556e-05	-0.00598198727227284	-0.000820250744480147	-0.0143098439996947	-0.0143270217767406
0.0132974800371586	-0.00155201947433966	-0.00434306618414947	-0.00424692256863803	0.0103917738519366	-0.00725110984497104
0.0129774376269632	0.00497014784512771	0.00347792792545492	-0.00462961945509302	0.00804380747624288	-0.00269924587427395
0.0127492001351799	0.000743950155835654	-0.0104464247129293	-0.000313289245305583	-5.18318340989706e-05	-0.00416647676053104
0.0127410185140005	0.000945545511939774	-0.0114445522038948	0.0158144919092651	0.00468220575168981	0.00923213193045214
0.012845796158052	0.00197343414804229	-0.0110724728770118	0.0144649168338761	0.00298360619443487	0.00914008994484675
0.00849829673993285	-0.0398601823916554	0.0534402424796015	-0.0170654282110207	0.017560005214587	0.0253088186698868
0.0115858388285475	-0.00166448600928348	0.000437636484656002	0.000992577168477882	-0.0107683552701576	-0.00559184049229028
0.0120225231882226	-0.00364184712294474	0.00342317982350412	-0.020095261130329	0.000987181146451915	-0.000637372195226228
0.012794747532638	0.00199144817215256	-0.00132904096418539	0.000292882400791237	0.00294171818458773	0.00101555026365973
0.0115694269259827	0.00502017630500323	0.00542501891881392	0.0180954515936915	-0.0211870306573768	0.000620763162901546
0.0123964068529288	-0.00245527001248776	-0.0041896975502179	-0.00137786147331287	-0.0248673154670061	-0.0019345118369612
0.0110246845068195	-0.0142079450018654	0.00604706746890844	0.0370979094687729	0.0070951778581259	-0.00241059649803964
0.0122135492604659	0.0187565885530694	-0.00448418749321638	-0.00926798638512671	0.00614952285878226	0.00385892027812673
0.0107104688112791	-0.012676285857825	0.00300947242869075	-0.00675039854439904	0.00395225974711713	-0.0182322835762429
0.0130362417045046	-0.00623874771467133	-0.00762388456915959	-0.00451515584533782	0.0191213546798894	0.00494897390982971
0.013180978352958	0.00313434567493992	-0.00275803010353777	-0.0148233485612706	0.00232212092781983	0.000667093771464989
0.0132038304460752	0.00200265232759159	-0.00235714599226738	-0.0141220537141108	0.00240063086613814	-0.000918458017375498
0.0130239937533514	-0.00272234506141677	-0.00353786407514928	-0.00486074858178834	-0.000219102918133641	-0.0128968362460983
0.0123976239088073	-0.00459931325031682	-0.0145106036898319	0.014869799515866	0.0127738556103666	0.00209611639111374
0.012170161792508	-0.0237678328049964	-0.0107025153991795	0.00341407226090692	0.00321822415184601	-0.0071098291186044
0.0133620974486122	0.0043635872091916	-0.00260861503991666	-0.00624238916815861	0.00646166936310998	-0.00230975596197496
0.0130010860338715	0.00687768112806034	-0.00309107471986579	-0.00197020759618112	-0.00571535473804777	-0.011031603260433
0.0121692199058118	-0.00608060884894219	-0.0108540390599748	-0.00354113896767998	0.00122387685862028	0.00243400089898637
0.0116043556059253	0.0063852429126738	0.00271436157628093	0.0109050147350949	0.0102922868634908	0.0187153258560651
0.0114494034888519	-0.0145664637265049	-0.00640168636175713	0.00260266816957254	0.00135447904411921	0.0161727674968496
0.0131134252096203	0.00467383955759383	-0.0103259553236948	0.0126451807542435	-0.00758106668727439	-0.00530370477568257
0.0136755143858265	-0.00199699020690349	-0.00595936463816417	0.00246271734255484	-0.00407702406400202	-0.012487791802629
0.0135647506257809	-0.00264870777525499	-0.00987654070625812	0.00815181928955041	0.00141683431579007	-0.0107244080756508
0.0131417864250791	-0.00596953769264442	-0.0132435823390976	0.00194429254009233	0.0111369216639399	-0.00894124488917478
0.0105182646477592	-0.00315574001643325	0.014089019027718	0.0141334362648601	-0.00662412673370218	0.0129734465080532
0.0132925202426722	0.00700576988797309	0.00424261151238132	-0.00647926340757299	0.0166983981163584	-0.00215761857909857
0.0132714454652134	-0.00244758182215295	-0.00942919668711884	-0.00092226676343878	0.00440150533516291	-0.0111906899632726
0.011342193211492	-0.0154794079508035	-0.00199168858915311	0.00192937860889849	-0.00696900725580593	-0.019845877523344
0.0114737973602822	-0.00228237996598925	0.000146183409991674	0.0150176851159627	-0.0139860827302949	0.0106164385951784
0.0133370465722588	-0.00697507644302266	-0.0115710724956046	0.00253862359762092	0.00655478867713607	0.00179847695290418
0.0109925028591101	0.00297574601051975	-0.00127290109174741	0.0185139556832389	0.0122055055187636	0.00550172077573214
0.0132805824684117	-0.00495332194815563	-0.0139240085642753	0.00620838021078668	0.00413077796514904	-0.00570533885159449
0.012759837361589	-0.00159857294961257	-0.00983551440366154	0.00566613824513638	0.000830769539972584	0.00128272905948249
0.00873625868409108	-0.0367023519461555	0.0283533643510638	0.0655685192628286	0.0138968362602514	0.00256916813206255
0.0135510204360969	-0.00139132008594782	-0.00581999292671976	0.00963740514053562	0.00376821949760843	-0.00473608594199814
0.0133262587873202	-0.00011965574649408	0.00115261820193569	0.00342929542587402	0.0104574645525726	-0.00713435246392343
0.0125181697128225	-0.011182100388188	-0.00751961080304295	0.00703236041156295	-0.00912324790553529	0.00815256872025735
0.0122921379828655	-0.00743108013761148	-0.0114179902637157	-0.00275412840297231	-0.0329978945338144	-0.0118195415349094
0.0124061940050968	-0.00485977021234159	-0.0103099966314524	-0.000810286706306684	-0.031763698472833	-0.0129393014752187
0.0126232384907947	0.0108683186312893	-0.00128190582226549	0.00482597120154783	-0.00323239699959159	0.00647547147830802
0.0133029890565761	0.005432951725424	-0.00848384142742052	0.00535222469914106	-0.015664350941929	-0.0028791225955254
0.0129161129563765	0.00375998325786776	-0.00757793080512189	0.00754550792078922	-0.027568004163964	-0.0123789565897556
0.0132306872162757	0.00372906135814559	-0.0135721358811399	0.00668126180746907	0.0120649487247378	-0.00388748060593881
0.0116747618572597	0.00187354894158004	0.00518937904099817	-0.00514253974376001	-0.0225120458485469	0.00747584808607437
0.0131406818400555	0.00280848828475006	-0.00990746919853615	0.00279106390199788	-0.0100636464689277	-0.0038001989691321
0.0124705464381798	-0.0028930488343391	0.00182611051558435	-0.00976991377847335	0.0235496325122291	-0.008485059352127
0.0125675040085669	0.00142852758681114	-0.00245282170257792	0.00164992917110124	0.00314489368522486	-0.00875680836209129
0.0130240802435661	0.017887914747443	0.00833519127696534	-0.0014084867610455	0.0115993347434182	0.00436988836751
0.012764250568267	0.00392249639323775	0.000350510416933357	0.00404345474338254	0.000645127014356775	-0.00933834777781933
0.0130184980463141	-0.00220117813969833	-0.0148150572313352	0.000463169278384371	0.0104474233590347	0.00237807771275246
0.0134723849936243	-0.00723254911070261	-0.0102414976893733	0.016504767246272	0.0151732865793258	0.000125950840213608
0.0127331624508101	0.00261987183706608	-0.00894322277125541	0.011599242578459	0.0166841759489065	0.000893531039520929
0.0131866968296049	0.000754572788007408	-0.00433173585454707	0.00212181595685161	0.00566986052188009	-0.0181927316745103
0.0139346904921638	-0.00252645043596708	-0.0102839173385929	0.0138874656013377	0.00494552329629729	-0.00195586238196079
0.0131947572227231	5.0269879549097e-05	-0.00728215858519118	-0.0124022891885789	0.0172136748875536	-0.00821471655372363
0.0134130051131661	-0.00289327434506446	-0.00871908940204802	-0.000666086939368821	0.00960899400101997	-0.00310623382726542
0.0115225583102176	0.0144209084892475	0.0144261039184294	0.0141229094667617	-0.00550682048223222	-0.00288781271373035
0.0123055760905229	0.00728833258605666	-0.000284546949857753	0.00649724324896679	0.0132684464075386	-0.00757452341433341
0.013384947887258	0.0196703252492536	0.00170130352168396	0.00444962744244451	0.00669258733308398	0.00294122483772104
0.0126418948095415	0.00190144100037501	-0.00708000078332605	0.00960006529870692	0.0155120848950485	0.00409026711769067
0.0125797786931745	0.00175646219278298	-0.00706052385957619	-0.0080930312355493	0.00572535360313887	0.00128675066841566
0.0128243141289541	0.0054120105365539	0.000412988670255663	-0.000728010476061944	-0.00272991997731864	-0.00385399632350097
0.0133364110895879	0.00106755814367685	-0.00389599322098173	0.00496957703568314	0.00376447938286292	0.0158872480489175
0.0130399063419771	0.000595102986024193	-0.00980736554494263	0.0104602049139753	-0.00800307976768476	-0.0117980595733205
0.0129632344128135	-0.00313025355564137	-0.0082778883802687	0.00217234736224411	-0.0076224746145923	0.00316193003984399
0.0139399067600524	-0.00901506923165913	-0.0192931255825427	0.00146635680394853	0.00255411827848105	-0.010069810453091
0.0129832732733014	-0.00132928779230357	-0.00865982380020022	-0.00644680795917382	-0.0069985195312596	-0.00531286371584232
0.0119655119623949	-0.00151640471649711	-0.00809253177974316	0.0215753805564627	0.00256935534367578	-0.00363046186556248
0.01310872998327	-0.00041492862738217	-0.0114852159142457	0.0014163419925509	0.00974399812065117	0.00435033753919887
0.0133207375539034	-0.00761817278309721	-0.00721828654168264	0.0025327227876788	0.0115447515340032	-0.00549917511603829
0.0130922926990984	0.00182342798996629	-0.0134613583678543	0.00305101683168686	0.000532920807381278	-0.00370336802074635
0.0139222987499514	0.00167743170035716	-0.0100885443711541	0.00786455162876105	0.0174906541091354	0.00481275250866786
0.0142528606950109	0.00411138900443586	-0.0186031293971086	0.00840418187006134	0.0185391189681934	-0.000110989726357355
0.0133770234082722	0.00129067838442084	-0.0125866615222592	0.000450794252172405	0.0227385127701551	-0.00443663041393537
0.0126143592289466	0.00147176512166757	0.00101044141165431	0.00533181966358492	0.00694803830490872	-0.0201253619144671
0.013362566521585	-0.00333540138508934	-0.00625582957477355	0.00331342557337009	-0.00891810234104296	0.00284293188108245
0.0121231807329508	0.0203545803688412	-0.00125544449929837	0.0266550368573354	0.00723761660558423	-0.0190108966301761
0.0124832097176226	0.0109748911727555	0.0038051352250962	0.0020722031477504	0.0286922467805286	-0.00758730123083923
0.0134981306074965	0.00321281866173793	-0.00504190255203281	-0.0113925156189496	0.00189066792942366	0.00492370854135517
0.0135700064527941	-0.0109086283398461	-0.0135442169855047	0.00122355440317142	0.00747909957465483	-0.000900501978068886
0.0132603478922306	-0.00690017639696106	-0.0116283237710521	0.0160309967553042	0.00342547554037453	-0.00166536383785803
0.0129683164954759	-0.00118694287638087	-0.00828177403210637	0.0184079225461773	0.0010854660981396	-0.00886215336854427
0.0137370944450328	-0.00217965980356414	-0.0118352821734083	0.0149951534589275	0.000457355379982454	-0.00110059596995926
0.0131974036486797	-0.00270681580839691	-0.00932746626225834	0.000682997279198546	0.00478952396262464	0.00819888960960732
0.013431425007945	-0.00216953372221654	-0.0118724932499627	-0.00377412890057642	0.00614074774871518	-0.020707815720415
0.0130743799125394	0.00609754143716675	-0.00409552952368798	-0.00538434210798779	0.00923506490369005	-0.0101055351697864
0.0132735941890727	-0.00486789804941741	-0.0132498594953575	-0.0127497382794933	0.00760486988979221	-0.0118518764310338
0.0130780009877695	0.00291376354454101	-0.0012842792018279	-0.0050386759626454	-0.00260743054070799	-0.00830313212362539
0.0129385759585413	0.00364540270523068	-0.00123081782298611	-0.00428592731733922	-0.00674716269836322	-0.00646764463939469
0.0128052337397399	0.00329080949488992	-0.00607129658133802	0.0029899795973018	0.00376892783713314	-0.00455193558041703
0.0131598235828245	-0.0100990027065515	-0.0168015070481237	0.00509149245003795	0.00608099756039599	0.00310593805419749
0.0126146391891035	0.00432759361248108	0.00530842076742448	0.00471717979711376	0.00182207591476008	0.000543538504079053
0.0124332952366646	0.00439723084475149	0.00615715190934424	0.00118096245800476	0.00187941672859796	-0.00460651145419946
0.0118749530335039	0.0074288117686603	0.00200415293246428	0.00693956151241176	0.00406089420986619	-0.0164319765940955
0.0120093843764939	-0.00151110522194969	0.00250176835311561	-0.00228415616705038	0.00666781273976058	0.00722264380517497
0.0124789630160962	-0.0257954253268185	-0.0158275605046278	-0.00872507302271969	-0.0397094842672082	0.00371034227143932
0.0114877751597191	0.000945363444013763	0.00109454552495436	0.000404304067729199	0.0108453081480344	0.0118133694010536
0.0123412880187731	-0.00474621830453068	0.000593895828349858	-0.00420372984988322	0.00262660295241311	-0.0175012041760449
0.0126083393928702	-0.000921064774283773	-0.00958702495428235	0.0121225663640289	-0.00630575791060383	0.000306705009046705
0.0125109978244576	-0.0026052887619267	-0.00675135215546104	0.0116468230125933	-0.0106436930684464	0.00167597247017524
0.0131548956040373	-0.000536031299775881	-0.00474779103112386	0.0047315893996097	-0.00870940284424722	-0.00578276291997533
0.013165606615611	0.00878671251855377	-0.0124542522666828	0.0117655207362041	0.0107807062023303	0.000312894150129905
0.0121873462307022	0.00873186371519509	0.00567054860730957	0.0154942257752189	-0.00526174031603156	0.0050474824185916
0.0131144822214899	0.0103656206602373	0.00051520494112984	-0.00332459458887962	0.00305088782238073	0.00029296094780343
0.0123886523261896	-0.00183680623264195	-0.000584956739887851	0.00140843239523753	0.000914225889190632	-0.00454237291530994
0.0109990444197098	-0.000840286450321841	0.0245856381922298	-0.00691325753164491	-0.000504061078159837	0.000195041039542249
0.0113385203620013	0.00321318879169554	-0.00888744431280349	0.0107406128843715	-0.0267185507166199	-0.00345002520772734
0.0131766369490587	-0.0135118933622938	-0.00348363890997492	-0.0212288096784713	-0.000819744894471759	-0.0107498455063655
0.0124214121766979	-0.0163530405012806	0.00169964532656337	-0.0258707180639872	-0.0223341143661059	-0.0144389441035798
0.0139960822316254	-0.00597937012743719	0.00367743162549926	-0.0196310018958953	-0.0129918963132452	0.00259103787520684
0.0130399838355791	-0.011814271703178	0.00531895443632006	-0.0265556971999862	-0.0116058140838397	-0.00305158250549596
0.0135152602326658	-0.0116904577876778	-0.00348870053865728	-0.0383206128135896	-0.022338895296437	0.00591331392857829
0.00963685212045163	-0.010550188842998	0.00814230954643717	0.038898287621018	-0.010802069719771	0.0037276440933626
0.00994594776412697	-0.0106999361756223	0.00525970247578282	0.0364031494926013	0.00103661163021627	0.00548867376159463
0.0110114132512215	-0.00505550790766271	0.00631258758852603	0.00642801748955824	-0.0115491792570988	-0.00510993873946487
0.00779072827234715	-0.0429055919312195	0.026523497114741	0.0475628850323918	0.0126391950297538	-0.00873323035334551
0.00904613890434983	-0.0198394525064826	0.0249505085198446	0.035174743380823	-0.0131878837365287	-0.0130736152902229
0.00879320261555816	-0.0388709673358432	0.016995384512736	0.0499905132885971	0.0225787707076086	0.00898569529157887
0.0121012889047067	-0.00246946017424747	-0.00898562169564546	0.00824140027049479	0.000649771156642635	-0.0184667210306984
0.0108095123025303	-0.0140268860723762	0.00370848789007857	0.00779084587733579	0.00976541169827591	0.0192775939595976
0.00548873689253094	-0.0841568596338355	0.0625977264171018	0.0273498786438431	-0.0215476702028887	-0.0400941007286818
0.0100396656006582	-0.0123129156328224	0.0161005817877157	0.00949737610839376	-0.0277978708101084	0.000967767811802237
0.00804568741481048	-0.0155148449132471	0.0437103899373275	0.00185807451227155	-0.0418767961728847	-0.00747926727519004
0.0113314667908634	-0.00347947577625876	0.00373869092928065	-0.00376036039874592	-0.00480264777297683	-0.0057780252313444
0.012834424764185	-0.00449151831853792	0.00124844090919457	-0.0179755893335526	-0.0207777517289733	-0.00177421668610325
0.0123068971714023	0.0264494583538081	0.0137106866591509	0.00576609345258299	0.00870976418575326	0.0119225702584705
0.0122444832102371	0.022427262294335	0.0186683424277454	-0.00837996812815154	-0.0158938091606149	-0.00522659367700245
0.0120791654732243	0.0236589562222118	0.0144470380339852	-0.00710148483774696	-0.00862028848012698	0.00131335887360343
0.0126558383013058	-0.00437071082850572	0.00173325516537785	-0.0159702460389675	-0.0173091339744136	0.00513530449138306
0.012445889046279	-0.00304109914809645	-0.00239974345240452	-0.0224302162306022	-0.0143513672177511	0.0274761985064977
0.0134007888569278	0.00397386203010542	-0.00164601505495632	-0.0142916244931562	0.00983965353285811	-0.00875384590960748
0.0131812270397845	0.00151845897187974	0.00244049911242544	0.00173453172151986	-0.00460808729957341	0.000996854493579427
0.012940964092143	0.00846725833504222	-0.00155318224588773	-0.0137684152116747	0.00516213798022083	-0.00387316436493134
0.0117379987505343	0.0221565539409133	0.00780287140866586	0.0184423388868374	-0.00607416988346287	-0.0161525372397965
0.0137074928120423	-0.00275642660972977	-0.0130836512840865	-0.00338468438188704	-0.00209310358453007	-0.00214212853250205
0.0137363102558276	-0.00229335166129351	-0.0127036576010098	-0.00373108124541775	-0.00290833280390812	-0.00807327463852112
0.0133552694154386	0.0101020905355614	-0.0011622877828184	0.0126832889365996	0.000132398677035646	-0.00183606493247586
0.013664624292599	-0.00528601934638206	-0.0146439461328492	0.000528065647407888	0.00287349865001827	-0.00216071616629452
0.0119538800305972	-0.0174525058577065	-0.0161827726522069	0.000952553024682729	-0.0168819683612023	0.00403030329192109
0.00929504972198574	-0.0321579843841096	0.0080048381703819	-0.00244048569670562	0.0118109985677681	0.00555806975118861
0.0135058695258864	-0.00215598508653719	-0.00391628530797189	-0.00374995740168719	0.0115545527812744	0.0104670955998547
0.012816951039358	0.00192003637909017	-0.00215191446073846	0.00354342411193165	0.000166162065912032	0.000723044864684436
0.0129367404359335	0.00146779546151851	-0.000991151603140946	0.00270152903606602	-0.000959320888276123	-0.00248544813018365
0.0133175367915358	0.0026913783881521	-0.00955024718938301	-0.00223661834355313	-0.0113454171542182	0.00587140646229897
0.0123239275167878	0.0146325485270625	-0.00328014117218542	-0.0102802704899479	-0.0186666692859857	0.00677193736500598
0.00945292145109103	0.00308662478874808	0.000732247295065909	0.0108101757365806	-0.0303010170356124	0.00170824433642972
0.0104406995883345	-0.0133314668193576	-0.0195383039358495	-0.0078143861826351	-0.0355155779856724	0.00626638201441035
0.0112926588484107	-0.0137535348431746	-0.0093848742952171	-0.00776964377459392	-0.0328182867970856	0.000547346121336176
0.0121310647707457	-0.0165287546692848	-0.0082451662115184	-0.0141166347202799	-0.000662172285063046	0.0136145478698581
0.0130764101088481	-0.00204172442033433	-0.00306505119421855	-0.00510184382665799	0.00663816050656973	0.00895333082028809
0.0116582319998466	0.0356531429438457	0.0207828604488936	0.00386680222480228	-0.0220447610335456	-0.00247618626271522
0.00993705694932144	0.0559145101287577	0.00630486641938144	0.0604905004040071	-0.0238603893084079	-0.0237559926086624
0.0136812467575134	-0.00823047579881856	-0.0155882254474846	-0.0168087717559984	0.00761846294641563	-0.00400475928803493
0.013326056879303	-0.00238244250014496	-0.0136770265506008	0.000983737174710182	-0.00255344531976365	0.0211110156839877
0.0140205716119317	-0.00091768589593508	-0.0103388173077715	0.00438874845753128	0.00217573181620563	-0.00940716354261618
0.0137886832152888	-0.00234809653410557	-0.0127685671215836	0.00893505442567819	0.00553108354694436	0.000557331598479509
0.0130742183640637	0.0133901346815048	-0.00477553707796247	-0.00120243910818548	0.0139274596607462	-0.00291453668988064
0.0130276505054666	0.0107173952841752	-0.00275922878472586	-0.00225941614143222	0.0033311170857274	-0.00444419562491574
0.0134368379447812	0.00670924043924246	0.00640495664340043	-0.0118677722417269	0.00383818118784742	0.000870526677308957
0.0136040930043721	-0.00173621647045687	-0.00757862267051993	0.000929966534988595	-0.000814325640218449	-0.00610313524107095
0.0118887637700295	-0.00024601552444894	0.00922687759530645	-0.0114947199533846	0.00768092231795718	0.00762072606728267
0.0119673307856897	-0.00944136601407322	0.00925255655128117	-0.0406599042281631	0.00304692242675078	-0.0194276260511185
0.0116334497538358	0.00184385111323865	0.0208907379743799	0.00440221737165252	-0.0132584618798219	0.00902923372308247
0.0128749960613492	-0.000681441417858213	-0.0037612573072155	0.00459167614390725	-0.0164388574882233	-0.00111360361582297
0.0120247151361279	-0.00445897037632355	-0.00398815502973	-0.0076277499982001	0.00616316211788229	0.00717220872285801
0.0125009821907976	0.00124497062840327	-0.0028578608958332	-0.00816906004588847	0.0012258707518786	0.0112778355597011
0.01094247793436	-0.00518321923157793	0.00834676079757083	0.000866576188759456	0.00564587359792167	0.00271183153575495
0.0121361380166793	-0.00558326102469128	-0.000520613540300173	0.0158422620894952	0.00875684067149012	-0.00134810603735512
0.0145019074912777	-0.00049193443734508	-0.0192650468867327	0.00733820704447047	-0.00267110489842794	-0.00474863473264817
0.0131145488971672	-0.00167862774512774	-0.0132536315032597	-0.0034304694529951	0.00929162053637016	0.0102518817538277
0.0135022471348996	0.00449589870762289	-0.00645381674553421	0.000482718962375605	-0.00575551298953233	0.00313905030081053
0.0129045997882086	-0.00521068869526412	0.00354513604795643	-0.000443446185531842	0.012733791132635	0.000913297265703342
0.0124853063981328	-0.00691228911319645	-0.014193557636371	0.0012505551161162	-0.0268965324237024	-0.000449685141344056
0.0127572623023099	0.0115882060964273	0.000645868275516626	-0.0115159216660217	-0.0155071654100511	-0.0117011801144889
0.0127163644879522	0.00942833427642126	-0.000483088463172587	-0.0106390917224782	-0.00746696765443975	-0.0135164541858366
0.0128422443730614	0.0056565532493116	-0.0062760896989185	0.00589901777202075	0.00930619651761831	-0.000534419461902453
0.01327449112837	0.00180332528483	-0.0158799767836292	-0.00592679239112263	-0.000238884639355554	0.0163101240186897
0.0134318464438641	0.00289831569783586	-0.00477586163862896	-0.00131367717637331	0.00363815211236757	-0.002765712085213
0.0134440818647781	0.00297520029420867	-0.00811810544680349	-0.00458533045444701	0.00286654621524866	0.00324154754224777
0.0135568388464284	0.0076000296505896	-0.00889255270708737	0.000648271363094633	-0.00264138072279101	-0.0118741391245765
0.013089567194469	-0.00323302467596389	-0.0126404380365152	-0.00714194129772441	0.0142849511392962	0.00970027643990825
0.0127517647155165	0.00701754698173654	-0.00155105371282972	-0.0124018927945917	0.0141340213394406	0.00281157216665485
0.0131309878429745	0.00166330928098765	-0.00765762879530674	-0.00519700324922941	0.00413984920092588	-0.00126381788794125
0.0130281410035187	-0.00196598062305075	-0.00498748961419795	-0.010684613829194	0.00061557869484084	-0.00522128362764801
0.0118740207253468	-0.000756931801499713	0.0152601555780132	-0.0292153897319779	0.00353146833957876	0.0149296492814749
0.0112470010922739	-0.00417825934273345	0.010765401511686	0.00619825195197845	-0.000683468940216658	0.0146962466422234
0.01219927041821	0.00119911687057803	0.0159605342631518	-0.013526148169288	0.0112256563752313	-0.00372252681316073
0.0131073904165152	-0.000895697946952138	0.00336238435390286	-0.0072849269358681	0.00551850104170484	0.00657873254685038
0.0126015722995136	-0.00662183230665138	-0.0101796795129041	-0.0179406899795237	-0.00725227109534053	0.00446267777557642
0.0114465323361111	-0.00840671258166906	-0.00651954384198148	-0.0144724655422088	-0.0113411135995821	0.0137725184483656
0.0137679943263525	0.00523831371922067	-0.013409604042101	0.0125227416386601	-0.000961559978864069	0.001462480695224
0.0136180652572326	0.00583839486404633	-0.00477615621113777	-0.000802012272979631	0.00845296826882511	0.00532574082552614
0.0120216895400797	0.000338092252554964	0.004989528079787	0.0131740653179038	-0.0167022681102092	-0.00569231435751958
0.0126047549408611	-0.00386021891940998	-0.00406754045654243	0.005220966538507	0.00169440660675634	0.00815487918683712
0.0093673961523145	-0.0403534508706125	0.0209365188120182	-0.0134383863674357	-0.00878410052491775	-0.0577200667415255
0.0124524683863203	-0.00246536680167921	-0.009115537821393	-0.0127600816982128	-0.00472593334441333	0.0122185545001673
0.0127583947714229	-0.00363682422693006	-0.00951011360571225	-0.0119172615027792	-0.00807740082293307	-0.00926346763445125
0.00997605080037523	-0.00778924248369101	0.0155549470506544	-0.0161255055102373	0.00418887593443302	-0.0127178648992606
0.0123571616814303	-0.00322478495838388	-0.00990665043560268	-0.00899365077203484	-0.00805285277729583	0.00593116756455034
0.0130106282482611	0.00683320696897489	0.000213642879546602	0.000538725629719395	0.000269223507214407	-0.0040208707432987
0.0119067156612434	0.0130914492941267	-0.00111239547205863	0.0099552423952914	0.0191335607743667	-0.00349061966681432
0.0130859709280733	0.00142178220649014	-0.00295016906773751	0.000581475062137471	0.000618846018393233	-0.00233658756779406
0.00936924850554897	-0.0100361239258044	-0.00119347831433563	-0.00267202467094182	0.0195427116814848	-0.00262560307404774
0.0117211453730193	-0.00316831048114056	0.00935992933637848	0.000596769837399231	0.00814016574408654	0.00757749558142488
0.0137395861942956	-0.000423963100333257	-0.0105487595239757	0.0022284436905201	0.00683104465146398	0.00017717224852407
0.0133894385877256	0.0115833892080337	-0.00147621894901448	0.00610396683847698	-0.0131876778134198	-0.002743474052559
0.013179244653432	0.0131010171057057	-0.00206648497540497	0.00668420303084306	-0.0187618222867871	-0.00336483448554455
0.0128063432446758	0.00609391688645434	-0.00118328255585826	0.00475633772105945	-0.00575843649831216	-0.00798783287815343
0.012511640969559	-0.00342559000956477	0.00578213215182349	8.72180515020301e-05	-0.023271114639365	0.0132075842317742
0.0131040429157758	-0.00563887216400356	-0.011438919606908	-0.0105849672500054	-0.00102764847955216	0.00838133203514214
0.0129704361876113	-0.000812905616766506	-0.00756156339350833	-0.00516566017204035	0.000432280785395517	0.0169251430251462
0.0126493162010043	-0.00521227979824704	-0.012199980880373	-0.00425759356034819	-0.00692739007412642	-0.000966467970993063
0.0123351964406259	-0.00107993423049294	-0.00383944239158054	-0.0155316957140306	-0.00526677556835308	0.0200177914938523
0.0126040552313226	-0.00620744452205145	-0.00298717136891755	-0.00816606404096883	0.0026289755094248	0.0105204041248533
0.0114640615447854	0.00701394361687243	-0.00141856853486333	0.00340151733026398	0.0108835623651093	0.0165975367644233
0.0125889047717414	0.00596086069009478	0.00287495576163646	0.0072737242341969	-0.00125298988177164	-0.0180154253497859
0.012481159708012	0.0101161238680369	0.01282680440574	-0.00795051192456455	-0.0014295652340091	-0.0175346441722602
0.0129628927258171	0.000980601162556164	-0.0087632731515572	0.00593948965187131	0.00011954661845166	0.00149571475690614
0.0127098410772695	-0.00575492543107012	-0.0037887049604636	-0.000167943069944668	-0.000932016985689062	-0.00235426638221701
0.0120028633801688	0.0132760831889231	0.0043922843380097	0.0027462091714529	-0.00218414973541926	-0.00834558798735757
0.0123388868070872	0.0246385445368631	0.015099229335714	0.0167038668273236	-0.00838961818109165	0.00781787722294426
0.0127114734054838	0.00527945608000262	0.00234275214442065	0.00858100340428305	-0.0133091692025369	-0.0123576065429019
0.0127042071095469	0.0018635148770762	-0.00402372437702766	-0.00652416524509238	0.00209716194751939	-0.00265589327954104
0.0126312067645486	0.00839953262527077	0.00469129294482289	-0.0118820094004502	0.0241777240570421	-0.00306564223511397
0.0126586328125659	0.00753667417368083	0.00543791868056615	-0.00598438624984988	-0.00512217835068996	0.012932335576949
0.0129919562048648	0.00244194543873335	-0.000899379727658657	-0.00591376750703761	0.00540943801082264	0.0170258008582963
0.0129056265623726	0.00227594313459099	-0.00185515287079807	-0.00632484924983475	0.00680585704589359	-0.00813465623268293
0.011784612771895	-0.00600832595827415	-0.0044221899230246	0.000631537518409564	-0.000221703509530395	-0.0188252655676449
0.0116527663934543	-0.00748125863031666	-0.00421428025332877	0.00349859889783662	0.000975047547272932	-0.016122542929329
0.0108817420222557	-0.00890056321578705	0.00498442432797756	0.0112049386227554	0.00798679272313945	0.0111642115523644
0.00596597133744589	-0.075521490693795	0.0606465339893484	0.0162516765296714	-0.0248984742064592	-0.0461440252550361
0.0106605148661601	-0.0112857887256594	0.020167978406579	-0.00664647304734279	-0.0157622287758422	0.00715460923023516
0.0125376288039831	0.00261116843224367	-0.00509847988730921	0.0023437001227431	0.000363491059973465	0.00213013047410198
0.0131218511392385	0.0157628591908304	0.00241775998548196	-0.0140012578153148	0.00106671783189556	0.00320186811750158
0.0129444394442987	0.0088996235328895	0.00331877145343063	-0.0149518704784811	0.00270352321203085	0.00402344201230774
0.00896819507992802	-0.00819746717549634	0.048672928108632	0.0142050604161192	0.00669594600410604	0.0381562993914607
0.0129670679603678	0.00420012262622859	-0.00229452367090189	-0.00771206396371116	0.0117937653426763	0.00346671615831817
0.0130205850166457	-0.0038050192611286	-0.00493021082154114	0.00930326760826865	0.00564321134675006	-0.0040805378361033
0.0116762694897718	0.0176885984317556	-0.00309443772307775	0.016387830670718	0.00926426236213553	-0.00396529248111831
0.0118309149230321	0.0178651928079297	-0.00629834084448948	0.0119585985235947	0.011872870229641	-0.00563462838758089
0.011951259509709	0.0042472463661399	-0.00401135659009681	0.00599841819920522	0.00421025226193434	-0.00300785935769732
0.0119282248716831	0.00391763864336222	-0.00734427280809047	0.00258084476542406	0.00403580903387	-0.00234650797733836
0.00953558474424069	-0.0298738785889203	0.0116144130544201	0.0218167980213375	-0.0153011677456502	-0.00299436206902771
0.011539281912004	0.00495457499958392	-0.00625983905399996	0.00276336407912087	0.013473325389138	0.0134332283461104
0.0130034768489443	0.00649036004106868	-0.00694727017242781	0.00195631108066333	-0.0129879054865408	0.0140079228597476
0.0131644841320098	0.00779352467950742	-0.00697708399223867	-0.00147856577339324	-0.00104801022839515	-0.00650172430022853
0.0127102978005147	-0.0016797791618823	-0.00609302747363104	0.00380389237840615	0.00336556485462625	-0.00437593141532366
0.0117238443547641	0.0261139217704238	0.00638194535483789	0.0130803675822451	0.0203309117720402	-0.00849719339480034
0.0124901773333783	0.00922260567814619	-0.000165211184585012	0.00539267183283357	0.00274098494394828	0.00211898721843291
0.0125916291135682	0.00719779574639704	-0.0112272222814587	-0.00255500358991641	-0.0270581551257659	0.00447232480088988
0.012431202801725	-0.0144911080946781	-0.0226595313450584	0.00932421559109586	-0.0121505768139874	0.00741709921753259
0.0126319296247084	0.0283699802396394	0.0160445334027174	-0.0105779959848425	-0.0346321176957277	-0.00488016349770243
0.0126167045364434	0.0288757936666872	0.0161076467216268	-0.0110338014058628	-0.0341931326652401	-0.00496668962936677
0.00986804314375287	-0.0077491876084226	0.0217502919304067	-0.0348875387506863	0.00033699117908116	-0.00289716556714302
0.0132247895752992	0.00320709565487928	-0.0124872482126604	0.00788476175308669	-0.00674042503237018	-0.00385560766036922
0.0124209289429143	-0.00310509085060789	0.00250745794870852	-0.0122137214604668	0.0142531706284224	-0.00263407543818134
0.0132865177999224	0.000410652050977735	-0.0157803960647804	0.00119588437827357	-0.00384382864343113	-0.0122249081617382
0.0103702780469007	-0.00474166666677327	0.0352845844391761	-0.0241878408765944	-0.011393300943495	0.00204511054015612
0.0133341643418009	0.00514654834413012	-0.00135373017806189	-0.000741728877835112	-0.0128843115915837	0.000128569494517667
0.0115134964888023	0.0200693924746901	0.0143810411508958	0.0233280370570339	0.00545269366181698	0.00728604820324647
0.0107007848511354	-0.00686271871666693	0.00286743717991246	0.00821804030343569	-0.0189075044551964	0.0132609776088595
0.0128588650500618	-0.00923706685850509	-0.00876137407120653	-0.00430893864598335	-0.0066895187374671	-0.00682854262313667
0.012959375812611	-0.0105048319777393	-0.0148811612880679	-0.00893559868974648	0.000980662007811464	0.0064873036423716
0.0131855167912557	-0.011361521714867	-0.0116679347399235	0.000869584829145891	0.00143954300469056	0.0124054846941936
0.013792862187431	-0.0039322775618614	-0.00796556106080322	0.00564447325198809	-0.00654514834359277	-0.00366986718873237
0.0126843168021737	-0.000330060283605251	-0.0105648221241944	0.00459332835692016	0.00929077834493135	0.0101556366773934
0.0136310250687654	-0.00324015124626245	-0.0136377380078765	0.00411708250190882	0.00438688969324587	0.00966911329524421
0.0138674125948747	-0.000714174258199306	-0.00977066969202373	-0.00166452157442659	0.00308161350547629	-0.00175519485324189
0.0120106080684103	-0.0120080046837652	-0.00887015643171104	0.0112917119150323	-0.0103370358322276	0.00317785124972323
0.00877825690006496	-0.0227472679480659	0.0244049941818766	0.0253298867106877	0.00749645081304785	0.0154733767350628
0.013559560101283	-0.0046515457094718	-0.0162395296578363	0.00479672448537565	0.00866897564365133	0.00573169014805531
0.0118695581211936	0.0128147392669946	0.00723768918696532	-0.0112465426240141	0.0015802323977431	0.00970886938540768
0.0129686309414018	0.00812552106825663	0.00436999756812191	-0.0128335487045646	0.00106200118308749	0.00683842800143645
0.0134937108005972	0.00990252656180613	-0.000391209583714782	-0.0129631229547557	0.0029745390428669	0.00578319297447037
0.0125638838624909	0.0205758397401574	0.00302504139971019	0.00526597551223391	0.0137646757407107	-0.000282361682670745
0.0126216595827101	0.0177506969913938	0.0168162526029729	-0.0207047308222886	0.00990758964609815	-0.0121927134015971
0.0127484175093662	0.013078116431166	0.0131067208296164	-0.0202240728373465	0.0187774466999343	-0.00631910384011199
0.0128301008920918	0.00826966692096102	0.00122748376372743	-0.00837153279851891	0.00277258975038313	0.0112864766132177
0.011288520345278	0.00766879763014579	0.00653699858867235	0.0168367404389263	-0.0230722189141944	-0.0246165544693099
0.0119885547275687	-0.0188961984921905	-0.0128149203399757	-0.00332329709494125	-0.0152814536148194	0.00640490572942022
0.0127061596463155	0.0100114039023817	0.00213313068126832	-0.00720143482300213	-0.00473285169011244	0.0139656464479174
0.0122068436450342	0.00898758895416572	0.00933325531035941	-0.00952763774661322	0.00232233467216583	0.0123839677020582
0.0131531650882788	-0.00186835480699315	-0.00857751839758962	0.00370238359080497	0.00437822607025117	-0.00239552574812829
0.0126005199160245	0.00106812399156384	-0.00694432475998267	0.0130285399441575	-0.00287165645278534	-2.42493714343811e-05
0.0125834254390833	0.00401278710330341	-0.00708772278276578	0.00589330816533913	0.00744399635511268	0.0118915462628704
0.011301814694215	-0.00365461743567924	-0.00154578252979594	0.0127716265152583	0.0028591058365893	0.00839273486073989
0.0128787991553563	-0.00496244538214444	-0.00457626085005018	0.00536607577151038	0.00419079316661713	0.00145432349479305
0.00986194832929079	-0.0163446986579405	0.0120731069464713	0.0163548232429218	-0.0113992406863187	-0.0148670345186492
0.0136771771690982	0.0026772394648913	-0.0124403793367568	0.012011433018651	0.00350046722614509	0.00572800337721986
0.00933169791697067	-0.0132190849448203	0.0317510421773631	0.00181287509308867	-0.0118197172673694	0.0283020663571808
0.00885262109585496	-0.0256293302229416	0.0425122336284752	0.00291708742296733	-0.0201512075932642	0.00937321065367471
0.0113101128290567	-0.0135548345920713	0.00253352457633827	-0.0083534117661059	-0.000811552018006281	-0.00345758775209292
0.00934043469746543	-0.0178168484029334	0.0158214660377316	0.0142448000099958	-0.0145158878933844	0.00404996078996224
0.00871564250438028	-0.0264072455584365	0.00268878939225862	0.0214185426996174	-0.0136448523105295	-0.0104407904533629
0.0070993549750846	-0.026872409008259	0.0271246351446076	0.0345036924375287	-0.00951025580386917	0.0248746328485829
0	0	0	0	0	0
0.00499988165372126	-0.0251950187371719	0.0220970665420675	0.0268221057161454	0.0388308621884275	0.0734441442212139
0.00343803041025954	0.0355920703573579	0.00464427879720139	0.0208705624097191	-0.0550879945804722	-0.0810052996768514
0.00757682179183827	-0.0532896441544252	0.0407567864706005	0.0325988278292467	0.0405372016563396	0.0274933220718129
0.0106822560392941	-0.00576821222951792	0.0236074835254831	-0.00470882083921366	0.0114545910853332	-0.0119715393907022
0.00927391803952694	-0.021235047744108	0.0109861257475093	0.0389340526700521	0.0411853196552225	0.0204965925941393
0.0101560028368071	-0.0167285768957008	0.0311098934298047	0.00315495079833468	-0.00456589243023801	0.0157366535621175
0.0125273276262362	0.00230303079053507	-0.00305349623757822	0.00236787884908916	-0.00349795034892891	0.017234412897387
0.00894433070870639	-0.0586359113545451	0.0183513155000961	0.0113503488245608	-0.00481457059223421	-0.0560982575734008
0.0142756331745043	-0.00872321495784053	-0.0236107477023812	0.00922180326073774	0.00431379370540882	0.00791449030908581
0.0116984987843319	-0.00594813013740733	0.005166082885545	-0.00198509451068936	0.00663652721856489	0.0145166600205
0.0117180584559913	-0.00449048305261592	0.00332987370859002	-0.00511393037861877	0.00820482487142112	0.0129358484045336
0.0108020241493485	-0.00676999451602828	0.00114289798896578	0.00124904893836594	-0.0046958443745638	-0.0259873978923468
0.0129605165367469	-0.00201346711819945	0.00131660031731898	0.00331685764771415	-0.000563547015569776	-0.00965231691971755
0.0128672131732356	-0.00503937549477015	-0.000499341592166175	0.00268861382154822	0.00861671617677301	-0.0100920960012945
0.00932839101872676	-0.0177862450096053	0.0350290309769693	-0.0143368111203057	0.0310869010244689	0.0156198089579219
0.0133846627445485	-0.00547462647219782	-0.0122837468508875	0.00584187007453759	-0.00278060905222861	0.000647638814815884
0.0137412083045018	-0.000883100010349796	-0.00816890501364391	0.00146962222948552	0.0158085323443995	-0.00155915570971879
0.0123417588417433	0.00100391751119068	0.00368451184877216	-0.00730909049626688	0.00835291168470577	-0.00122130705704517
0.0116667656376534	-0.0012676881495507	0.00245878127764517	-0.00679923678104272	-0.00738764731672233	-0.012662109702635
0.0133804588382972	-0.000134379452355914	-0.00919812104551953	0.00440384659887556	-0.00768960530605829	0.00656348483384441
0.0132593828592976	-0.00560865954917384	-0.0142425990877744	0.00574161277438983	0.0012437623620975	-0.00109111243039674
0.0121742991968413	-0.00691021688506134	0.00575195955363514	-0.00379961511516415	-0.000566551771431795	-0.022236172167787
0.0131519636187523	0.010166485490491	-0.00291701898257617	0.00188521007408099	0.00690553820962728	-0.00946139601341412
0.0119572375869478	0.00128023689365111	0.00521450508859112	0.00288864140076907	0.000144499080746142	0.020481480924498
0.0116125934497913	0.0362124532576274	0.0264140561106463	0.0010018904040814	-0.0093804512086521	0.0156264592990443
0.0101007886226225	-0.0159471920294892	0.0247749076281426	0.00207923732338643	0.0102128273569331	0.0322607586556845
0.011334603096022	-0.00607691876896082	0.00333857257020977	0.00498930119400382	-0.0081295920225702	0.00507323085088257
0.0122395068594458	-0.00453995202370899	0.00284586792535689	-0.000321761573911738	0.00131600746549034	0.00909531390602407
0.0125364237124825	0.00335291531100811	-0.00210392381525346	-0.00687197075580352	0.0206430954498572	-0.00190103674339585
0.0116448086476693	-0.001528132427433	0.00583778779073325	-0.0188706636314527	0.00477833025957908	0.0133956570034421
0.0106704872922612	-0.0134929458082778	0.0238245608984384	-0.00299008292729508	0.000411632553266333	-0.00985236197712694
0.0119545392448834	-0.0048351004406201	-0.0205956786178932	0.0114686249287153	0.0111111583159243	-0.00155660450063209
0.0107481075296247	-0.0417974248629236	-0.0414861028465433	0.0118699461850745	-0.0334263049626937	0.0464589101582695
0.0127410949942719	0.00129433064742981	0.00593502452264645	0.00451731094367425	-0.00239551583737655	-0.00270939005466795
0.0123914511600771	0.00863236968459723	0.00713633542846537	-0.00369929508866046	-0.0177389488059701	-0.0119462372567763
0.0106762382316715	-0.00688330502260395	-0.0141766907645301	0.0074089621192439	0.0104294257508156	0.00861682293141484
0.0124590172834134	0.00141796673795305	0.00673626254614639	-0.00381625609646065	0.00526370650959792	-0.0108000107997259
0.0126149188644839	0.000382525921622056	-0.0069935863502293	-0.000546475961612585	-0.00395721725847027	0.00693091481603642
0.0129804350689494	-0.0127710980623638	-0.011347163547059	0.0124774099168721	-0.00654656179408025	-0.0130101304623952
0.0122828049386391	-0.0326876976713936	-0.0243762675984512	-0.00624685387734532	-0.0195046690613889	0.00585165217420298
0.0114569440156952	0.00896325328185653	-0.0268838117544677	0.021834729731937	0.018587138332461	0.0085269361853058
0.0129613537277945	0.000934587865044786	-0.00344908493262895	-0.00402058277638874	0.00743953167518384	0.0102875221274716
0.0127962493875652	-0.00577900213038631	0.00455168330166161	-0.0166537711975112	-0.00949819573406442	-0.00256735243328523
0.012622555409157	0.00545975249797509	-0.00644019489079587	-0.00677692836783662	0.0206260290051366	-0.00231883715580691
0.0127348901803297	0.00663565203533842	0.0114267015622787	0.00777990452036648	0.0020209115927068	-0.000110820480739148
0.0124794404996103	0.025689727017817	0.0110741539695151	0.00800650480939361	0.0101094660615016	-0.00316936038613667
0.0123400044748846	0.00262938041962526	-0.00950802766031519	0.0116404560521812	0.00479379133048197	-0.00818050383733145
0.0128608817073385	-0.00264867266576399	-0.00197977861139866	-0.00497220806269578	0.00285896221971982	0.0071289431487693
0.0129838865286902	0.00332238216090648	-0.00510950818014376	0.0182691345287551	-0.000609449640073872	0.0015779801075389
0.0125677004570012	-0.0108502140397215	-0.00294234460643489	-0.0197063780077368	-0.00217719923892696	-0.0110447045709946
0.0130459740098813	0.00507819076404091	-0.00829612126686294	0.00962907336998422	0.00611435713876222	-0.00407908115528769
0.0129556986242128	0.00566809013196155	-0.00540038726346507	-0.00422437029390827	-0.00231598664317157	-0.00589807869590315
0.0113282491313572	0.0214170544837119	0.0113554742897079	0.00468993540802115	0.0118473194958501	0.020299589829085
0.0122565933678211	-0.00694915479483137	0.00207066481666865	-0.00069161977454689	0.0106301228633288	-0.013362769153793
0.0118294076523302	-0.0156823114738956	-0.00820542288980061	-0.00398046915350804	0.00330116494014132	-0.0171234076655302
0.0128874875195861	0.0185572011519435	0.00287400226790169	-0.026343898114283	0.00596061088932674	-0.0127900646095142
0.0131398394763838	-0.0093091853416544	-0.0159852392150274	-0.0050538060128035	-0.00559027304018754	-0.0030320054478416
0.0132156182452811	-0.0102148329531122	-0.0155047406930195	0.00571321826393674	-0.00191553440182757	-0.00753654960746784
0.0128371933031614	-0.00240021616643683	-0.00759276364189849	0.00216427655439652	0.00398339510833062	0.00332015287488494
0.0126409863516297	0.000398966944338952	-0.00227915053057616	-0.00403188525747148	0.000440323009281133	-0.00626801959895331
0.0121398364921518	0.00403834357594229	-0.0013744528002122	0.000446903698088804	-0.0224765937094144	-0.00426291466796659
0.0125272006367056	0.0160532023406416	0.0130248801224253	-0.00660269728789741	-0.00311926577683447	0.00744135566197992
0.0102338586195166	-0.0051691653136829	0.0466086963228768	-0.0247612417080993	0.00133173244937698	0.0467065082163251
0.0129807492367366	-0.00163374054697713	-0.00658524049690595	0.0112217555480532	0.0133240778258732	-0.00658790490749548
0.0128891186961524	0.00154921122493027	0.00543997971577945	0.00258025397363814	0.00709321770106256	0.002954933349341
0.010702556849508	-0.00337285942315684	-0.00320267679744573	0.00255372651354489	-0.00141674941508381	-0.00904060667567589
0.011586491107745	0.0166470308764488	0.0112800396930714	0.0308729540542788	0.0104771629504659	0.00175788812074633
0.00867445234756609	-0.0195046380388337	0.0219787308839331	0.0231896192427876	0.0180472891684915	0.021117166486625
0.0115118854687086	0.0146357990634908	0.00102348370301511	0.00991089309654021	0.00245449083027092	-0.013548316975594
0.0116647475557664	0.0145444731451686	0.00322792710878834	0.00368669149526159	0.00895234222060035	0.000591068503862445
0.012659285560874	0.0258073237092188	0.00434267944538143	0.00841554841967638	-0.0141457026800311	0.00267786694025864
0.0125716432158261	-0.0144279750193935	-0.0041221439197072	-0.0167361247065367	-0.0206053479020295	-0.00922359518157781
0.0128419522754123	0.0118326774482337	-0.0149527220988807	0.00475190241324739	-6.77945078233003e-06	-0.00138840613141422
0.0139360376218649	-0.00838602894710216	-0.0197282544740707	0.00878798206464082	-0.00281718004338762	-0.0114581190171658
0.0138605788869046	0.00565244678800506	-0.0113964250941956	0.00485709255212436	0.013261419796159	-0.00234362816166939
0.0130447752261718	0.00789364836517467	-0.00915522699541358	-0.0059793773309004	0.00348757066626884	-0.0125937563800788
0.0131426812451096	0.00398779953014561	-0.00771541745782044	0.00670837763704335	0.00237882113830113	-0.0048874796060004
0.0136088810979913	-0.000687266087192552	-0.00811037831696009	0.00609649548830444	5.73642364256298e-05	-0.00240532900969542
0.0133614088320987	-0.000458702877433943	-0.00955141819568661	0.00237009025242841	0.0112832575487113	-0.00619982121087283
0.0130618622831782	0.00218921473046544	-0.00381844257460682	0.00494385691942061	0.00593603873322857	-0.00257684508678485
0.0128923107957157	-0.00232683289440456	0.00202354432081932	-0.00918786377765658	0.00565826649474949	-0.0180319987171759
0.0133766113888455	-0.00311714170052745	-0.00764077370492439	-0.0045183631363832	-0.00505871855817895	0.000632211773089424
0.0110139847664696	-0.0152022164501627	-0.00146753320435503	-0.016460690732715	0.00506366885255976	-0.00140950114583517
0.0127208441090566	0.00951805537553844	-0.00543982311423674	0.00420554432900914	0.00312099805325484	-0.00268669687902649
0.0125041901222093	0.00842866243528165	0.000718396601309081	-0.00842376465847929	-0.00319824849714878	0.0114918088924899
0.0118427339915906	-0.0130544241427085	-0.0200916090780325	-0.00414190959980416	-0.0422647627259348	0.0116277926511838
0.0133162588193006	0.00431350255063231	-0.00780426237229101	0.0105256832586187	0.00250958765193386	0.00437464436567897
0.0123695422250828	0.0158348726768883	0.00493410513132889	0.0164590316976264	0.0217950125630739	-0.00197470255320234
0.0130478263470563	0.00824926255927641	0.00418431669598668	0.0107272741985033	0.0127210714892031	-0.00410134931948352
0.0135706486943672	0.00293248613804746	-0.00666831489807505	0.010590593324851	0.00806567909172137	-0.00200309787364427
0.0118148089723618	-0.00238955960299646	0.00573037973450865	-0.0120608156087268	0.0128157937373757	-0.00189021946213582
0.0118676242082484	-0.00213457486561181	0.0041140058249748	-0.014735645587091	0.0123470603671144	-0.000942606948360343
0.0122016318680495	-0.00337724725014721	0.00564580745546874	-0.00426891338897119	0.012942867799669	-0.0193856405348438
0.0126684290940482	-0.00267477995073345	0.00217936138538085	-0.0015865535039914	-0.00316505850693445	-0.0187337254239381
0.0130998651458367	0.00573717897726941	-0.000359199462264899	0.00512645429045969	-0.00122844000265468	-0.010408319337131
0.012536025961937	-0.00858394199411536	-0.000508073980003835	-0.0037225399923569	-0.00472295429068169	-0.00619823616031294
0.0124276683620681	-0.00445200710395888	0.00253947149409212	-0.00404920138224309	0.00685404894618652	-0.0153919465803039
0.0126105521825574	0.00504681561450725	-0.00538774482401513	0.000435573959711091	0.0180840520957207	-0.00846548138422481
0.0113129921113851	-0.00748823102056704	0.0118751018123495	0.000207514161982769	0.00540028978022289	0.0120121695341189
0.0105535646676121	-0.00316262472632334	0.017913677430003	0.014592226134402	0.000577170971625541	-0.00328880863294364
0.0124250328645289	-0.000375732349467802	0.00476689192931081	0.00132686209053775	0.00623677890962815	-0.00432039997278375
0.0120046780033209	-0.000458826214378821	0.000553202264302071	-0.0186754909094683	-0.00657704527524434	0.00548291792910214
0.00998248973477996	-0.0204488615997239	0.0119799957110448	0.00604293991180873	0.0177646679109086	-0.0254900465775262
0.00945353334356352	-0.0120002160596843	0.0151767809458287	0.0132158344730364	0.00981853588803488	0.000182877043507235
0.0119923749110849	0.0179787054603052	0.006872164978551	0.0312751011984904	-0.0137466298077304	-0.0171661259777097
0.0120251535171071	0.0173453873215087	0.00503152315469392	0.0321909565448579	-0.0106502612128054	-0.0155094515368027
0.0124673799403677	0.00428614461563671	0.000549477207376952	0.00244490731894064	0.0197096305036313	0.00362031116060949
0.0121697876293177	0.01706488585244	-0.00331221089075086	0.0194271402003661	0.0180875431995528	0.00170990273460938
0.013264479720858	-0.00595011886419115	-0.0178496256511825	0.00542247455774514	-0.0128035925029123	-1.89345184189078e-05
0.0112313236284391	0.0132276925326054	0.0209522501067184	0.0253723100623907	-0.00098634796738206	0.00168210192446072
0.0126763334517562	0.00579503998977437	0.00739891623607374	-0.0124312288932377	0.00298633886649817	0.00298110882212198
0.0117179925427153	-0.00615983875410283	0.0141491545304722	-0.00943919348024527	0.00281083300516413	0.00388435274670018
0.0125041642009258	0.00392370848089203	0.00610684443566248	0.00473992313339238	-0.00874259043366059	0.0114948660889647
0.0133376200086513	-3.00504930947126e-06	-0.0114560865471913	0.00335864635729484	0.00581795687178206	-0.00454605932693133
0.0123806169233224	0.00999359174429072	-0.00968603053773654	0.000904135343646376	0.00055501627731472	-0.0104415183861887
0.0134602410889315	-0.0076737486532809	-0.0137431242391933	-0.00966897107426929	0.00285590284333865	3.66040623061246e-05
0.0129472377184137	-0.00171776229017465	-0.0108440275334663	0.00174221087449198	-0.000145828464267482	-0.012717343563299
0.0103092005104029	-0.0015434330876422	0.0208610437545517	0.00502132497011809	-0.0324450876290417	0.00442690558967436
0.0117583582107289	-0.0101167485190684	0.00611664211535209	4.51406541588598e-06	0.00629869398146494	0.00989424356925347
0.0131634159026391	0.00101985927768277	0.00155461310415315	-0.00188779481136149	0.0116034211491105	-0.00866587390018838
0.012783643179255	-0.00983788171475514	-0.0123348697133875	-0.00569387030030105	-0.00951732832034185	0.0037013662130767
0.0123098262915027	0.0281479873424877	0.015551844468572	0.0160781710683461	-0.0119768465824224	0.00246318715513153
0.0120442297166836	-0.00124462500048472	0.00307334752113823	-0.00822402489003851	0.00190411197738332	0.0187708798440603
0.0120148754090872	0.0150157473241207	0.00787877462640594	0.0220894106512283	-0.0124982107325692	-0.00671339042415247
0.011501490380559	0.0205452985158461	0.0145197070143707	0.0138182833714873	-0.017167608552517	-0.00498225902531393
0.0109375167718309	-0.00900198816038239	0.00750821414949025	0.014543221679184	0.0103803911461388	0.0116466764438051
0.0125953982194142	0.00426164327280758	-0.0026139128588607	-0.0126195874080395	0.00307246960417387	0.0109258457807267
0.0132594522270957	0.00232792133509485	-0.00647992870540402	0.00348946018093607	-0.000836473062555264	-0.00557162117261479
0.0127387335248701	-0.0220110837417624	-0.0147830622635968	-0.00626419978272145	-0.00538639645493201	0.0150856554722957
0.012010908061216	0.0422482934553019	0.0161665100366339	-0.00451467531809229	-0.0127426344669172	0.0138672465238529
0.0108816742541853	-0.00698779867942192	0.00759119768628414	0.0266047769817001	0.000573636980893012	0.00789641369051133
0.0133123527354817	0.00132706255983017	-0.00371200421150479	-0.00216644798202367	-0.000423750585066931	-0.0141468264155164
0.0120385200631338	0.00325120327611812	0.00876271914076765	-0.016802580229231	-0.00305663738286106	-0.00334211036158054
0.0129148295076303	-0.000474647444311587	-0.0074568451113682	-0.00687447620594699	-0.00582393668817514	-0.000759246308959964
0.0129387983198788	-0.0125014800274559	-0.0124712846543628	0.00439784931388387	0.00505087662162824	-0.01968712391087
0.0122032382128501	-0.0149929502838608	-0.0119206591667627	-0.00565714588470547	-0.0116643287553177	0.00406808165809057
0.0113958950125212	0.00349978636001262	0.017041974872365	-0.0227432750795276	0.00209709887500199	-0.000339802760991795
0.010467989978183	0.015271107657136	0.011285989726189	0.0161343705782763	-0.0378662801970034	-0.00544505049871854
0.0117070011220387	0.00367352124564221	0.00468341760696752	0.0068842132958449	0.0137160600458777	-0.0222834006553207
0.0130916195858906	0.00819641963489072	-0.00448563103133867	-0.0121297057706226	0.000132208578360047	-0.00740287365161511
0.0142155952180201	0.000322335777611394	-0.00838102113403771	0.00492700878329836	-0.000346604896564162	-0.00454111104071275
0.0141023900324764	0.0013456194099575	-0.0123966811609084	0.00707137985329624	-0.00519260572409265	-0.00502725610108387
0.0120687692069496	0.00904537727489369	0.00931165566798574	-0.00452736267093789	0.0167987291662188	-0.00947486017968693
0.0119235554479407	-0.000121481119396511	0.0125147777059099	0.00496168022053186	-0.00877075094018686	-0.00359179349956466
0.0127998789381855	0.00201857101711753	-0.0095061326275739	0.000947623552696072	-0.00031943542959714	0.00663268099841851
0.0103115133735953	-0.0142067584176554	0.0318163784147285	-0.0269907164661395	0.0132252917730667	-0.0205956425518836
0.0120823140618563	3.87688013613001e-05	0.00648489762498432	0.0110969880906062	0.0106838133493775	0.0053308888248762
0.0129820212279028	-0.00443388011547092	-0.00463962468002135	-0.00881784236139682	-0.011849584350673	-0.00165642502560303
0.0123740824451747	0.0109345530966063	0.00523988539091494	0.00524231692025918	0.00695319222829723	-0.0115333250203149
0.0127458429417939	0.00610729104986393	-0.00173415537311814	0.0140631744787491	0.00761603057040601	-0.0128905821333571
0.0110112614156717	-0.0299239897299836	-0.00784976166164012	0.0130004348520615	-0.00246582515199673	-0.00307153929341299
0.013206494063079	-0.0023592751581376	-0.00756552498988142	0.0035479745591107	0.0143881732997035	-0.0105240028614908
0.0133932353330056	0.00102497071039323	-0.0132435663666926	0.000445435355419525	0.0122390434657817	-0.00209081330092661
0.0136372621875482	-0.0018762157408022	-0.00854325813400285	0.0118511961991116	-0.0108771634325016	-0.00757254165838871
0.0126561163887626	-0.00560109307242794	-0.00116274715139783	-0.0061154772006595	-0.0121987983498384	-0.00525504930905009
0.0125618209368185	0.000580779853490533	0.00786130711830164	-0.00860332560353423	0.000205853931142806	0.00954320105068214
0.0134851407749596	-0.00828360669282954	-0.0131779413175316	0.0019489694443498	0.00319184113053358	-0.0126009064264835
0.0133446626559409	-0.00380674678982282	-0.00902376112509625	-0.00843507517751284	-0.000231913529517217	-0.00319789095104343
0.0131105320034437	0.00175352328181773	0.000933139372419254	0.0063528929928067	0.0121699816141315	-0.0109473296928731
0.0120051066100806	-0.00658551662796716	0.00466974741772527	-0.0278422901652646	-0.0103329838734064	0.00853572583895949
0.013247245522861	5.83435549914666e-05	-0.00451726758428662	-0.000963288612246793	-0.00128555433515685	-0.00304365628427088
0.0128817765131241	0.000173535488594183	-0.00768746545012187	-0.00400555678439826	-0.00435527700836722	-0.00716838590278876
0.0127111162632055	-3.91997777295561e-05	-0.00929819471724878	0.00650274134626862	0.0124436085411122	-0.0174572673804331
0.01304342306344	-0.00101489373163263	0.000772691292394393	-0.00469745357523728	-0.00748873384938571	0.0046097815302015
0.0125297553635099	0.00596422135517912	0.0163243182937929	-0.0149952785176068	0.010700796923301	0.0152355647787812
0.0125378213529671	0.00599371775396249	0.0158568391221867	-0.014781418218769	0.0104889652742965	0.0139341276221928
0.0118173570496047	0.00500865698591831	-0.00311167030799488	0.0139842529659333	0.0147953967154563	-0.00253528666809736
0.0118962187023156	0.00617860769152217	-0.00459409775706606	0.0148054431878357	0.0142336309479808	-0.000678789519300852
0.0137797840763962	0.00830532340472707	-0.0146631953940276	0.00463449923548946	-0.000558001512193097	0.00568261237372646
0.0134185060843545	1.86996069744851e-05	-0.0128903131528784	0.0100892589225596	-0.0101167806756562	-0.00571007232118152
0.0133576969734283	-0.00229256597508319	-0.00775622542173379	0.00128515224015534	-0.00015714534091218	-0.0108929966725357
0.013332300011854	-0.00201215473926217	-0.00566394072581887	0.00171003386081369	0.00193948855457033	-0.00550017788345549
0.0113132348301012	-0.00378872045589189	0.0145965378424679	0.00292109588966108	0.00814681424697383	0.0114498542929792
0.012264093356739	0.00876569229033686	0.000790635723137296	0.00566716420501951	0.0105885392729669	-0.00389953270791167
0.0127684932618426	-0.00682873908457536	-0.00916919557951705	0.00553662572144123	0.00630593843326732	-0.000589349841729953
0.011880964791697	0.00502745689387493	0.00450335459822888	-0.0117011242138838	0.0131312753578721	-0.000910924363717007
0.0103152277968999	-0.00626669314444343	0.0183307479265492	-0.010638664011265	0.0072556722146858	-0.00095485755094467
0.0121604949690438	0.00693945567489798	-0.000968070542475385	0.00386659964018731	0.00214202260677608	0.00842836740534737
0.0117675043229385	0.010464170111289	0.0104637624531288	-0.00150528256756188	-0.00716849454443464	0.0102350446682191
0.0111829229019151	0.00764696288967445	0.0200538317763756	-0.0175299222072574	0.0102541690797796	0.0184819455817089
0.0126810524434553	0.0248429872836239	0.0170906961903847	-0.0106499943231746	0.00725961795912644	0.0136109766213055
0.0119820074621698	0.0283561245990057	0.0157833976911064	0.00637692408331773	-0.0112692639151482	-0.00759189751998788
0.0133117325450407	0.00210357356007612	-0.0114132717063588	-0.00452806461418747	0.00302680560066842	-0.0137339486201578
0.0116975548097769	0.00847930998725833	0.00831076667820111	-0.0297284706130227	-0.0143533903174384	0.00362476128474012
0.0131209608567381	-0.00946892993359618	-0.0151142870906739	-0.00194331888394121	-0.011368401649758	-0.00147412511699083
0.0133040084774668	0.0026533636192364	-0.00379444507631755	-0.00666848119783447	0.00902715297008026	-0.00141365269207004
0.0120952995844405	0.00276042671015847	0.00351963026869163	0.00041068957841563	-0.0203373653354327	0.0073375797703016
0.0120864690624481	0.0346155598189335	0.0155381382107825	0.0127479478941595	-0.018122994032617	0.0121358126602021
0.012351514936233	0.0116902072531011	0.00682552928879914	-0.000733232914118497	-0.00169102602971231	0.00379901763825199
0.0123581469804233	0.00617411931424441	0.00120685366479438	0.00410859816038803	-0.013678425630129	-0.0194656122569846
0.0121884960218437	-0.00792107808549864	-0.00980761854913213	0.00121665572156327	0.00169764014963787	-0.0133916576159791
0.0116551808973529	-0.00738875005268779	-0.005393832472703	-0.000878470260730703	-0.00440521887962751	-0.00996106140604958
0.0116467055405121	-0.00822085298861181	-0.00215849243971338	-0.00019455780942599	-0.00385545715503833	-0.00714779125004993
0.0135417911583841	0.000746643989436855	-0.00312392358681394	-0.00320231785325806	-0.000791840294627123	0.0150913140334078
0.0134234021752457	-4.56682314279042e-05	-0.00174250964819986	-0.00254154435550278	0.000465062716730231	0.00780619688543299
0.0144997482151166	0.003362619528393	-0.00451942881602038	0.00121523649796414	0.00240523980189377	-0.00601651089742571
0.0137383628942699	-0.000481824630740305	-0.00255373585811262	-0.0167334024569376	0.00124457690177172	-0.0106799339711415
0.0131958306398404	0.00719319201349915	-0.0128689657549755	-0.00854231367117159	-0.0021247925522241	-0.0106123080346829
0.0119941394351646	0.00432603404720243	0.00145975543942923	-0.0238110810924192	0.0151165560186824	0.0157871905281317
0.0114755538695474	0.022133774622892	0.0225765499909563	0.00761638719245585	0.0178858367055154	-0.0124802815973244
0.0116483678046518	0.0204778724328922	0.0255774085255702	0.00963740059378857	0.0083532725134377	-0.0102579539014782
0.01280041188848	0.0324701716212761	0.0218967594607308	0.000125363390190709	-0.0114754474348372	-0.00359232964319963
0.0122950323666784	0.0292205128649367	0.0103901081579487	0.023467431857961	-0.0483396383408837	-0.011496481598837
0.0139249075529104	-0.000282174780124011	-0.00628072547291181	0.00684104093087613	0.00397095881103147	0.00126441566310742
0.013811868796446	0.000227182700604867	-0.00953686943488146	-0.00457581194408374	0.0111522956386115	0.00246607704017384
0.0131972185438523	0.00541521914636027	-0.00738595592532782	0.00344483460771935	-0.00758735973369533	-0.00437873251012563
0.0125192244893317	0.00459178633842561	-0.00524541488372148	0.00731127154758762	-0.00381493893395149	-0.0167429306394742
0.0128076335748306	0.013170103657309	0.00858996015872063	-0.00105003090667504	-0.0131274696192118	0.00635821968280692
0.0131561909493786	0.000660169306330726	0.00156871458502997	-0.00243115027411619	0.00575333430756147	0.00252965092425433
0.0118332192815191	0.00896465608700889	-0.00204553374619873	0.0061382038304313	-0.0112689247509815	0.00219863002445063
0.012788821439718	0.00484005315388582	0.00442156971359162	-0.0107456272623001	0.012675986806624	0.0059874237509816
0.0122752150411599	0.0295526105724573	-0.000117679572979952	0.00655274375078077	-0.00570945187053589	0.0020016485634235
0.0106446492211138	-0.0129710272114072	0.00954902222068499	0.0017549172178414	0.0181118717991882	-0.0304245356610913
0.0132044882116115	-0.00250029935003997	-0.00431379444475429	0.00314727339594821	-0.0063577265028197	-0.0129609829571415
0.013938778472155	-0.00122762064972295	-0.0127167461091133	0.00215561227083459	0.00760972316556848	-0.00111778800460277
0.0126711396035532	0.00708621749950553	0.00596291016842913	-0.00348837414418549	0.00292512486593682	0.0168499852826382
0.0130223976065719	-0.00752050634397685	-0.00808091686212265	-0.0116408391989746	0.00683393188803784	0.00592457112831824
0.012296269021174	0.00785866108398332	-0.00615289059047098	-0.000630049099689991	0.00474719656070477	0.00468349270353416
0.0127406437270266	-0.00273292055770287	-0.0103807347771102	0.00340557353005556	0.00297735601631115	-0.00622122779958457
0.0116683636708487	-0.00629431790582348	0.00750369843663229	0.00907611746430491	0.00734854814938988	0.0199135282323703
0.0131119656897581	0.00749032796879194	0.00305983847223219	-0.000475247472048944	0.00884553941954963	0.00341273013609739
0.0131609422714687	0.00341565616118403	-0.0111643278293463	0.00372541710009844	0.0133484567571763	0.00278255757742881
0.0134054932377456	0.00295009179231149	-0.00850781028757724	0.00109072799681475	0.014572158865207	0.00413027761034623
0.012713689977768	0.010036253767051	-0.000540281624335705	-0.0161655011144892	0.00931421863483906	0.0137382937958
0.00906271200391178	-0.0253337085905768	0.0257809650594061	0.0176441699721464	-0.00128324145374847	-0.0129532179551311
0.0118771285461971	-0.00272657219828499	0.00794974148784841	-0.000171823093366388	0.00375801532313978	-0.0202942056802668
0.0117873811157963	0.00271371502956112	0.00580945618252283	0.00943634731557961	-0.00237355413250611	0.00210837532283724
0.0120267373071183	0.00964656500905867	0.00439814641753165	-0.00241652290889069	-0.00158062517999369	0.00168897661912738
0.0117462349331471	0.00566805249389324	0.0108401833669256	-0.00647458828164752	-0.00532500237714791	0.00293412471628041
0.0116338837909082	0.0167815956154374	0.0103930048060537	-0.00673310590044985	0.00702374232736879	0.00342978853106548
0.0116182754214509	0.0159276355824864	0.00919627100516971	-0.00349749897859113	0.00700361742095078	0.00138388842773138
0.0118049283797859	0.00997865454210122	0.00300046026087412	0.0205753529709127	-0.00821362482246331	0.00160966094354254
0.0129066147079602	0.00137238632062038	-0.00612432886826779	0.0052637065230393	0.00165968056490786	-0.0215503843548682
0.0127888647538495	-0.00547580628275087	-0.00615002958048468	-0.00319485157823528	-0.0168977603406696	0.00882859667016716
0.0117856386218374	-0.00812399105100402	-0.00295304251997421	0.00329013585968434	-0.00225633344328691	0.0101924153409432
0.0130308759568756	-0.0087567757997619	-0.0131741331179788	-0.00806376243665203	-0.0192927371029548	0.0112477629561479
0.0127827681188199	-0.00492421386425702	-0.00900291390300299	-0.00390393995379711	-0.0309040212886514	0.00900981985472168
0.0121219447833974	0.000141188316156444	-0.00118182085779847	-0.00701129187598049	0.0147955817556068	0.0022401390776681
0.00941026966742134	-0.0255868047226892	0.0289979259162172	-0.0182731961836762	-0.031044787842797	0.0197563300276796
0.0130463070899728	-0.00332679919289476	-0.00509634641598309	-0.0233571473169304	-0.0134767233484327	0.00453652970216473
0.0132030903262679	-0.00112860822246578	-0.00459734619648405	-0.0230015848341304	-0.013796999685602	0.0128026159759689
0.0118647229171434	-0.0325871175483002	-0.0170279330028394	-0.0086200691149679	-0.0215687973099332	0.0367169298217922
0.0118677955845444	-0.0328701261944751	-0.0181423441564091	-0.00901429074448165	-0.0222929998086388	0.0320018070448534
0.0127910876451608	-0.00937920775502869	-0.00691013068250779	-0.0108880792798114	0.00182859050933227	0.00383703655181501
0.0124771308933454	-0.00827404273154104	-0.016841673406786	0.0160059942041266	-0.0039656509991598	0.0115140020156992
0.0124148239901572	-0.0216139518683679	-0.018037287354817	-0.00746325113451234	-0.011264805225223	-0.00365732082528391
0.0122502852257196	-0.000327606118003905	0.00285742580986636	-0.0290357522350511	0.00166939634102644	0.0163093378590747
0.0125267049459392	-0.00404495712577909	-0.000951724619077394	-0.00598932752801368	0.00134580248492158	-0.00188148130586467
0.00923836717448224	-0.0395189527200179	0.0182576388889869	-0.0203078425949386	-0.00106828808108631	0.00409091843702549
0.0121588911742394	0.00530806072386799	0.00295596201678769	0.00120098006758209	0.00976314165513277	0.00593950188188965
0.010309148858607	0.0474051028059798	0.0363031175402116	0.0283266405921084	-0.0499535817744576	-0.00452865353915334
0.0132025055867432	0.00678662114126653	-0.00767737274254574	-0.00758928315577004	0.0107093097984692	-0.000283984033853096
0.0136034979655793	0.0134312709066074	0.00782225043692587	-0.0126528921535049	-0.00363087287945885	0.0184924734448251
0.0126935589815849	0.000286271257440059	0.00726195640569433	-0.0235682833537768	0.0137355695846935	0.0166589192047375
0.012595059496178	0.000717772356365404	0.00744586125783466	-0.0234270921328904	0.00999628383238863	0.0150864998739855
0.0115656479905267	0.0101861179684973	0.02564855163142	0.00197281477135701	-0.0205839024158939	0.0293418638777024
0.0129524232341994	0.0046114903712665	0.00192287777585242	-0.00947813152178263	0.0204408418134414	0.0199692754207262
0.0099926537176341	-0.0233562304758447	0.00277611437000576	0.0444966766242706	0.00973990406992531	0.0188654482517764
0.0122196302577136	0.00419406528993454	0.00375985115188478	-0.0132558858331645	-0.00230477508506969	0.0150685783403655
0.0121082785649916	0.0017041479527757	0.00452601740616271	0.00691001693795293	-0.0101183998674279	0.000443202135100221
0.0120919786078627	-0.00145641690209875	0.00225968569925993	-0.0144178884341332	0.0219207253243925	-0.00128322497530003
0.0131772375236846	-0.0040459089251869	-0.00300958911932938	-0.0180950152334411	0.0025625523269825	-0.00539974012190456
0.0108784449135297	-0.00668724157769272	0.0215262201142199	-0.0297660011680644	-0.0189467544027039	0.0139158127307482
0.0131402320438077	0.00210462591434213	0.000114422970390131	-0.0180334793030472	0.00286831700321032	0.00816311392443521
0.0127508578464817	0.00586140821646918	0.00511727006111181	-0.0061016290796888	0.0167378917036115	-0.0033012980446502
0.0116513379837727	-0.00418615820566188	-0.00478901970557246	-0.0169164454354508	0.00436213848215174	-0.017248444766618
0.0126512467069775	0.0218942999948234	0.000300895363020386	0.00512741937818666	0.0114727987588217	0.0117736746472
0.0132704517001683	-0.0121004803037819	-0.00762017534308848	-0.00268182502803201	-0.00426196944930872	0.00610467088402423
0.013232825831426	-0.0131245331412863	-0.00858753372926722	-0.00554373065418753	-0.00248124579082219	0.0067607369256893
0.012565997029877	0.00432614693092873	0.00424636288022721	-0.004939780438687	-0.00849831714123942	0.00167669083751273
0.0121645658246486	0.00954536371104789	0.00338305401083266	0.00212673974362558	-0.0402716554619636	-0.00355273750843314
0.0125993031797563	0.00766330972283582	0.00300415160942125	-0.00366829529569619	0.0137477357095204	0.00452497449540241
0.0130216008855714	0.00272641646151678	-0.00467664938470837	-0.00228427439782267	0.00848930915289567	-0.00646068627399016
0.0126964735696351	-0.000336959971376085	-0.00103571088117848	-0.000550196907133224	-0.00377630060325571	0.00581316907626923
0.0116827927434199	-0.00438054156586113	0.00636533107921518	-0.0223695652785	-0.00331892263746689	0.00845831564685856
0.0126171821385417	-0.0029782973455159	-0.00849525762942245	0.00120459270975633	0.00532298662925022	-0.027706619439456
0.0129153332010852	2.42415168270468e-05	-0.0107298086143095	0.00144362724519221	0.000488903711090883	-0.0245620917875169
0.0123624707600686	0.0273558753585835	0.0124220972653257	-0.00372897927402287	0.00624283676790532	-0.000962787316499563
0.0131380037522547	0.00340844325112005	-0.00197671979384258	-0.0094794458524367	-0.0101923088539592	-0.00175590695687216
0.0135022726628703	-0.00114914968309278	-0.00394206368213741	-0.00701784383734292	0.0115696481066339	0.00784882134787413
0.0133225260577105	-0.00465811370015212	-0.00668857567060771	0.00173579825959834	0.0176594994549196	0.0058106724108438
0.0138313318190316	-0.00353998435969074	-0.0109280509265416	-0.000960249900876765	0.0191079087965566	-0.000799222727810761
0.0132879712928992	-0.0108097056436915	-0.00918241998012046	0.00227157270642844	0.00187194046799223	-0.000289984947715407
0.0124669517774668	0.00244797564817131	-0.0113093742022136	0.00552321820157218	0.00248303701419448	-0.0160429319156776
0.0125639716344867	-0.0113170196522145	-0.0123108754814997	-0.0153740172817141	-0.00761552295674018	0.00403065578397876
0.0135170440088892	0.00196289361453644	-0.00119107350681491	-0.00277579765261907	0.000684745553678362	-0.0098904269710657
0.0123508891176123	0.00839068031014906	0.00809752740663901	0.00317926395804996	0.0142216142327702	-0.00366654338625722
0.0110656251281417	0.0099044375619978	0.0211675645554801	0.0182357959999614	0.030689139803832	-0.00229966886560864
0.0124563249469071	-0.00534727517323287	0.00188939394919653	-0.0191419244392339	-0.00775661943047701	0.0298449958417464
0.0111754526351571	0.0133475327585097	0.0238960085382484	-0.00293419939051193	0.0201734680624962	0.00644755322007974
0.0083468623360723	-0.0468027866778781	0.0778511227118779	-0.0515825052114415	0.0244817585451326	-0.0768724046391803
0.0128657132100917	0.0288420210122479	0.0175633176010783	0.00977125499807606	-0.00673593809270219	0.00134999301509729
0.0128284277454612	0.00733219868244787	-0.0070276569100187	0.00687440907792247	0.000102026690576589	-0.00763326146426123
0.0118725748468512	-0.00263278157161457	-3.50163218427245e-05	-0.0275720226164207	0.00375956704761424	0.0274745686264661
0.0126311259335716	0.00365043218915606	0.00734314624353864	-0.00177902024059928	-0.00351693894331881	0.0163712054176301
0.0126411563410385	0.00443058929700077	0.00666797348539874	-0.002245337311703	-0.00353542774642128	0.00951726761924718
0.0120055931561465	0.00738754700956868	-0.00240273982207488	0.0107456298496601	-0.0133980896530936	0.00740987076003147
0.0126071248424343	-0.0037124750252813	-0.0142285030425989	0.0075482900433511	-0.0103872031886912	0.00828272683222143
0.0131285464546461	-0.01455291464275	-0.0177817949508627	-0.0174125268719824	-0.0233710815873578	0.0240469227159757
0.0109682317560319	-0.0143378274842742	-0.00334017865120216	-0.0052123182897664	-0.0147764305427154	-0.0115085397669166
0.0122220845685787	0.00188444192759844	0.00989468553813115	0.00802390450711626	-0.00547531944733305	0.00718368428653688
0.0104277567382599	-0.00623118039907396	-0.00720711222831064	-0.00495457619620409	0.0156229131206131	0.00913498021244875
0.0089323611928309	-0.00674032190197388	0.00435166906544899	0.0232859773395882	-0.0211967531024805	0.0310194204575088
0.0120816936435961	0.00677884022555663	0.00993711009331693	0.00511683363117321	0.00641670513211255	-0.00714578207798206
0.00710683877056108	-0.00662402443361144	-0.00724245521401439	0.0104371412548582	-0.006600202394457	-0.00203254600180844
0.00939451894522363	0.0167580709463934	-0.0184047903999048	0.00247010467050756	0.0174302213516759	-0.00519868403302171
0.00433718708862658	-0.00622762818626931	-0.0124868492695195	0.00315598863528794	0.0569062384664663	0.111273874888534
0.00446768353306273	-0.0203077534571873	-0.00678657889527763	0.00894716561338479	0.0176251959191594	0.0677477861655752
0.0117711476181587	-0.00354568830464925	-0.00514754952355306	0.003010481540048	-0.00162627288334185	0.00828135163967207
0.0124170872719915	-0.00325768453493336	0.00794449719714202	-0.0161457701411759	-0.00444560529276862	0.0133440804957392
0.0119289622513839	0.0035149322668492	0.00882109949918292	-0.00925221111339366	0.0093693369544929	-0.00720956153618193
0.0112941502536944	-0.00490749527996973	0.0173454664222439	-0.00184075401674716	0.00684060879118872	0.0126809525295544
0.0111824155224841	0.000944983875703911	0.0113902727395019	-0.00126595658091913	-0.0152224489956948	-0.00405114813019686
0.0125293629077657	0.0163518087756814	0.00483910179411559	0.00937810232140229	-0.000410638420569893	-0.0152787919995436
0.0107804926631996	-0.0213384125694061	0.00544518812242532	-0.00958784790881694	0.00486709125941883	-0.0274343632056926
0.0117037591821548	0.00118651974990583	-0.00441444818900792	0.000742686594886839	0.0113174552744204	0.00682761923890323
0.012340269963624	0.00144540647470524	0.01116133189766	-0.0091027761868775	-0.0123916395510011	-0.00843891636268906
0.012214049112499	0.00446525546011269	0.00628518790605498	-0.00916642333524953	-0.00124901527907714	0.0028142664851974
0.0126186107841148	0.00495134707323273	0.00336629450801923	-0.0165498502565113	-0.00302160748026782	0.00830876981429721
0.0120992776843403	0.00392185191891986	0.00429334329941443	0.00184352603976537	-0.0108771657868096	0.00917334988270511
0.0124656766154913	0.00678413486952229	-0.000476597248245498	-0.0117568254610042	0.00319511623229903	0.0155746412453051
0.0123896554919298	0.00400591497902513	0.00206888632170798	-0.00989197880723843	0.0058480330851006	0.00636486844750047
0.0128852653176679	-0.000695904581001406	-0.0185595991911522	0.00549546496761365	0.00429795824890882	-0.00146332700253999
0.0127452267419273	-0.011718385316283	-0.0133954214426096	0.0109608857885095	8.24668706034713e-05	-0.00838859827683679
0.0132342098777429	0.00317582346848658	-0.00707213813429846	-0.00393494022324977	0.00627384966730856	0.0113446734240291
0.0138248218235831	-0.00318176062971005	-0.00765752136805571	-0.000776383766801401	-0.0016286096045278	-0.00341577956776381
0.0123969573201563	0.00453774807084184	-0.00151617020740612	-0.00842966969435803	0.0059671178770678	-0.00530822120578502
0.0122407363410294	0.000670673480855697	-0.00494714469515553	0.0115017100813324	-0.0117510681327995	-0.0077174458367718
0.0115610849454968	0.030520538097234	0.0164261272229147	0.0211302346216367	0.00528833791599563	-0.0161490757774007
0.0128496577794657	0.00342238254991813	0.000848722033906752	-0.00310948329919865	0.00685848283848729	0.00130902418623177
0.0124396766294391	0.00377281388539678	0.0034298282682813	-0.00267903282960018	-0.0156456905327198	0.00192775584907087
0.0103276184335132	-0.00577883176121435	0.0326346404507004	-0.0142421955121798	-0.00172424876806081	-0.0358904769939722
0.0120302454998528	0.0302109456634312	0.0218066049693112	-0.00208287068257011	-0.000367311459750348	0.00421722867632275
0.0125085363175921	-0.00247979487345977	-0.00740239434076558	0.00344013720514192	0.0054468878820324	-0.000929919436044492
0.0136168127241589	-0.00280616757854338	-0.0110482049172594	0.0129790664946663	0.00544687170213353	-0.00129463371623991
0.0130961506261972	-0.00686836282206924	-0.00423994890572471	-0.00302525138027028	0.00803338854005342	-0.003260050646583
0.012933508936592	-0.00589845322449446	-0.00190138650793784	0.00282921759761372	0.00389068826471553	-0.00536257558827845
0.0121033331774525	-0.0139367435273298	0.000873404510696954	-0.000262311648872296	-0.000213918959882936	0.00462948960625061
0.0127448723109934	-0.0257692034680518	-0.0166596166044275	-0.0233643613861092	1.69649630940051e-05	0.000213579441208826
0.0123285664708008	-0.00368851393986088	-0.00732563801286289	0.00081094240963563	-0.0127989761502264	0.0317167511237614
0.0128892562389959	-0.00240487444761792	-0.00921544394582803	0.00156969231913267	0.00166452917627825	0.00226565986023886
0.0124323129055468	-0.00211493854501135	-0.0146926266829169	-0.00701302980200657	0.00952169537810621	-0.0136414653709263
0.012162300244847	-0.00308807708437191	0.00236544545300178	-0.0199176980045471	-0.023023911346085	0.000585565772844553
0.0124691557193613	0.0130510290616476	0.000857699701026274	0.0129086248142179	0.0103172329660099	0.0013696708208906
0.0119333257111394	-0.000298774331102456	-0.00141918603096386	0.0115065271316563	0.000283298848640247	-0.00151675783848402
0.0123578434931326	-0.00785393298165655	-0.0149448775568861	0.0160629166624456	0.00120110912485903	-0.0285183117855503
0.0135337363541615	0.00556061279741306	-0.0095390045871869	0.0108757003485893	0.00245948600555388	-0.0051359220927838
0.0131142886806391	0.00078504801131131	-0.00775797610218492	0.0147126164956058	-0.00103061046507752	0.0084892355325485
0.0137730084636888	-0.000672775218886249	-0.0135996038098068	0.00128449848367747	0.0131027734430683	0.0049535895559737
0.0133755951189485	-0.0011563064310275	-0.00927163915258286	0.000264383982684007	0.00831679514989074	0.0120737734368594
0.0126682086064312	0.0050233817688809	-0.00628011803597548	0.0063396008175184	-0.00422262024899909	-0.0214089326623901
0.0131221799500332	0.00450944027405287	-0.0104952268933684	0.00197257554473432	0.00729837165830458	-0.0092681323490501
0.0111685320523256	0.017673125186151	0.0134544011084542	0.00866038878768009	0.00473126020343922	0.00874552458414289
0.0129182883535654	-0.012927501444623	-0.0103305470882339	0.00305258108371233	0.00790299962011892	-0.00234324644879386
0.0127272922510745	-0.0133463017070744	-0.0142051319045564	0.00826689507642393	0.00423185332320307	-0.00891562872242716
0.0128163491258213	0.00721430547422315	-0.0100193555962764	0.00258931105208818	-0.00915816626459581	-0.0121701025174833
0.0112293015362206	0.0121932136757168	0.0318769868810261	0.0206751159901646	0.0163899832090832	0.0121127015639325
0.0123245736722491	0.00686186086600884	0.0032827757311216	-0.0054956798137674	-0.0116085479948342	0.00443659331137397
0.0124801726029975	-0.00311666887371547	5.52960127477445e-05	0.00361118216893338	-0.00983424770794944	0.0163145124883089
0.0124706615805164	0.00222242567760636	0.00149473738588523	-0.0147996075977914	0.0083027418281825	0.00277092203137919
0.0119232605966098	0.0233757008868317	0.0144151323785132	0.00628647099043153	0.0142199943761529	-0.0098984537536443
0.0113817886891492	0.0173294877998426	0.00650883583790404	0.00503161184491952	-0.0212674780612249	-0.00189887315794627
0.0112140807835285	0.00358546102667845	0.0266384619535114	-0.0290192976925672	-0.0067892044239296	0.00366594308165482
0.00852278903269915	-0.0164597856378642	0.00608183280677044	0.00495368676852715	-0.0173146084805841	0.00321483098130252
0.0106386973568201	-0.0312831928927752	-0.0188298408589782	-0.0158800716555215	-0.016939784402258	0.00388342203069778
0.0109538200967891	-0.0138130661659375	0.0112015054319577	-0.0115128015246132	-0.0169594533892502	-0.0197045745539607
0.0109630790822352	-0.00665725837699211	0.0115903374448811	-0.0248777337899515	0.0135790805898672	0.0107944690504526
0.0119686772357651	0.00847134705292865	0.00230951245317283	-0.000483517614777681	-0.00597257290832553	-0.00419516376580584
0.0124296457625566	-0.000832704544690392	-0.000966146794237816	-0.00400932507497567	-0.0241401062072376	-0.0155021557242543
0.00955986821467212	-0.0100497077929576	0.0320777219151688	-0.00357787942606941	-0.0332167981939467	-0.00111449203879513
0.0111897571805181	0.0245910077014235	0.0198527138230366	0.0301220260528645	0.013221971846973	-0.00395417572195799
0.0127512705026791	-0.00116147152222765	-0.00895479863130517	0.00987093808978407	0.00295953056420528	0.000563732249680633
0.0128097117303553	-0.00171272780634731	-0.00900141551668511	0.0105210445324979	0.00231516697647616	0.000731518720984815
0.0127656622684893	0.000679685709085829	-0.00237313783404772	0.00703811766688952	0.00199532427292761	-0.00699792720500193
0.0131397951042152	-0.00234500448454056	-0.0108382852952609	0.00533003962683673	0.00581203558574567	0.0170030455981995
0.012831850199998	-0.00235519357759771	-0.00792581340066176	9.90325091938839e-05	0.00735950957203057	0.020687279448297
0.0137037105948926	-0.00759179324639419	-0.00856277781816705	0.00341728670273492	0.00355761933468874	-0.00204770533556825
0.0134810790497087	-0.000225117672401898	-0.0118270470030617	0.00808153837463042	0.012348036830467	-0.0150844462088657
0.0132256412292911	-0.00263822964168102	-0.0101015799738314	0.0162385875188604	0.0141705924513954	0.00516002100322823
0.0125603226090351	0.0073996060391783	-0.0032776829582494	0.0114179954516094	0.0124637526628185	-0.00309732575173809
0.0129157849122986	-0.00875101343982194	-0.00817605600955324	0.00429272101701668	0.00963879552092359	-0.0147927491432389
0.0131062118935659	-0.0130662419179414	-0.00782788103046961	-0.000646384790709708	0.00968234674575534	-0.0212669330237087
0.0112263161202701	0.00141696064066008	0.00438019277417686	-0.0289029078462571	-0.000135594356005364	-0.00147134403459965
0.0128485314675776	-0.00134408909279362	-0.00971403792488287	-0.00181105233586539	0.00381705357440808	0.00392897462277349
0.0135298756795067	0.00113897113086422	-0.0111057651866865	0.00128745608596073	-0.00263586451760146	-0.000218254649786166
0.0128635350117522	0.00295816851478694	-0.00664867990466012	-0.0076127548783703	0.00655001826515116	-0.00467738193692746
0.0129566525605787	-0.00536491383900559	-0.0109957349443764	0.00794916554078417	-0.00105092342440753	-0.0191786592964561
0.013102483506868	-0.00161409081464164	-0.00586874044522785	0.0106327484611571	0.00844409538506077	0.00475366970120528
0.0112842058220157	0.00490266569752388	0.0129421043446103	0.0138850268645696	-0.0250208718441502	0.013710909439
0.0121588589338746	0.002333271110207	0.00279918033714931	0.0049806273345318	0.0253771136608594	0.00711636091711648
0.0129732536777395	0.00298011650945874	-0.00240032262609481	-0.0171593909201391	-0.000137187658900475	-0.00201589672194861
0.0109507213716509	0.0111262328263328	0.0181288621128849	0.0171757098358799	0.0155722736621327	0.0056194474283924
0.0116468154789742	0.0169814299762452	0.0191447721269317	0.00807980074352087	0.00863154150380037	0.0146532003063037
0.0115486519710337	-0.00594895272626185	0.00294999682818628	-0.0290370735683713	0.0145565384205696	0.00919785467637902
0.0127368445089267	0.00478042297751635	-0.00522288541669522	0.0056849511828244	0.000538401750629815	-0.00584666806533797
0.0135954396254359	-0.00252688958187323	-0.0126774264399159	0.00826730674193958	-0.00363085541910752	-0.00802338136715266
0.0137006614770062	-0.00554838230454658	-0.00448994933400813	0.0054355163403482	-0.00464164598622111	-0.00439341386780924
0.0141514388899581	0.00616950162972257	-0.00795236816778503	0.00467379954533978	0.00306925615917144	0.00922842326309344
0.0135144053006239	0.0157021669866198	-0.00156184225594076	-0.000624546117695293	-0.00749271306779688	-0.000149091264008696
0.0133323917218349	0.00102115810020969	-0.00438601597578404	0.010507114245242	0.00750061623652196	-0.00583334580314202
0.0113618015316258	-0.000187625245382659	-2.43498183733655e-05	-0.00259141837346569	-0.0261902472752876	0.00396916020370444
0.0124310186223454	0.000884395523944574	0.00827342349087256	-0.00114034538447876	-0.00757684505055241	-0.00510554791408808
0.0128961080482331	0.00337842407596778	-0.00961113296993747	0.00306592310384581	0.0012352408305903	-0.00438717910398
0.0127254557742358	0.00155577751882654	-0.00145840414910566	0.0257550412672611	0.00425286604506061	0.000685947375972945
0.00999780853990983	0.00326633816669658	0.0123521397447593	0.0109608701033388	0.0169218284388783	0.00481706975564419
0.0135835103545294	0.00323333291074522	-0.0051177484264057	0.00143308306018298	0.000793403667129324	0.00246614674063345
0.0137125714155772	-0.00210503705343447	-0.0104174734689708	0.00775197220811217	0.011153028327525	-0.00234477419765803
0.0128988556894063	-0.0017108495120784	-0.00646048753490429	0.00259329656770394	0.00100504438996595	0.00684671098736366
0.0130259413771293	0.00374649130033702	-0.0145371461708291	0.000546038034216531	0.00748752757747115	-0.00767765350087387
0.0131577565901298	0.00400358789136165	-0.0108729047080829	0.0152387011895165	0.00411932249286473	-0.00376301218873326
0.0124058137239494	0.00397093927781279	-0.0013043939253922	0.0104809142918743	-0.00616729011177644	-0.0174131314926065
0.0133700045147347	-0.00353838425070138	-0.00450450654212911	-0.00304651512379905	0.0124445958192996	-0.00304462599777263
0.0132321140654107	0.00386902459473506	-0.00185189897354852	0.00204028579401786	-0.00223042710126747	-0.0036609404077769
0.0132567980997438	0.00330260050300963	-0.00774555651306584	0.0246141471754928	-0.00406719893901577	-0.00275064390864694
0.0108579072657209	-0.0102052030714107	0.0109397874891304	0.00877577149890519	-0.0105920645454568	-0.0209278195551766
0.01328717944386	0.002854635953402	-0.0062705704960339	-0.00488218159700844	0.000614343634998339	-0.00901765098728675
0.0116235283726737	-0.0152901157562752	0.00136859451810224	0.00667342436738145	-0.00348425217517379	0.0106821697975094
0.0129392635063756	-0.00352391823712055	-0.00715196409792295	0.0239268086971868	-0.00619973473618086	-0.0192815971214206
0.0128209797218656	-0.00928014537158659	-0.0158117877813708	-0.00757644808149424	0.00577162582162689	-0.00352126981336228
0.0111696436047983	-0.00573582893825522	0.0036571180639282	-0.00833874416705351	-0.00808797892381658	0.0295838708915503
0.0123642528875082	-0.0101925348466534	-0.00660161823221083	-0.000324239593864177	-0.0143314463761094	0.00892904287261796
0.0142907573281289	-0.00249099205237894	-0.0107224424526705	0.0111246132623939	0.00184864663803165	-0.0106858951985789
0.0121586969265314	0.00446540782867444	0.00371684675793605	0.0144982741420493	-0.0134858066986127	-0.012231123716163
0.0119781087646753	0.00452823997783998	0.00207442653002733	-0.00481474435749624	-0.00821451346770167	0.0214989548340436
0.0123473544594287	-0.0138548690033808	-0.0184518785269936	-0.0206502372947132	-0.00867851380425928	0.00615848869078665
0.0121651361259034	-0.0139702607010905	-0.0137056436512332	-0.0097675491285985	-0.0137105884421948	-0.00271777408734981
0.0122862939501468	-0.0147619058199802	-0.0189913660649166	-0.0247454783056834	-0.00929171712957745	0.00843752659433266
0.0124208811858283	0.0065596552180032	-0.0180984454107363	0.00419148837957214	-0.00284589863914961	0.0102061134796535
0.0132786744954492	0.0105575543679058	-0.00973303431476963	0.0086438302229256	-0.00494956946440978	-0.00288823972612876
0.0129432569785663	-0.00289617159475438	-0.0018429183896029	-0.0030040323095723	-0.00463896406761087	-0.00571018951902643
0.0134976561266114	-0.00019100020851753	-0.00887870028599207	0.00910653431152783	0.0136095995206882	-0.00732171315515923
0.0122322579977034	0.0128757498678062	0.00348899153603203	0.0156654730840849	-0.0121809327038586	-0.0182217969318895
0.0134064693788493	-0.00745276983542022	-0.0109554932144044	0.00637670033368233	0.00681478306086373	-0.010964180735082
0.013515229901873	-0.00392252141799258	-0.014028150169771	0.00355278459233225	0.0133643561058955	-0.0107122548271148
0.0130107334034656	-0.00750019688649598	-0.00432217976686289	0.00508073975847134	0.0105818308213852	-0.0219840238407268
0.0115419463013596	0.01562970457035	0.00947595798017392	0.0260335694764148	0.00182097882107672	-0.0157506023291356
0.0128728009750108	-0.0086296880596481	-0.00897852024807917	0.000724328591195834	0.00296454161952236	0.00466021478139644
0.0136006572375082	-0.000461320761043284	-0.00737391030529656	0.00852802186071977	-0.00106460057426033	-0.011645747878774
0.0130253445467036	-0.00295575122881388	-0.00879383229918328	-0.0028438288455334	0.00840926489576143	-0.00709260121494801
0.0114117590130966	-0.00896392719888924	0.00242757951651797	-0.00625955171985942	-0.0126446624966323	-0.0053082895824681
0.0130796469875039	-0.00129980909166172	-0.000289541825666802	-0.00217205779167436	-0.000244257983403221	0.00271312585286369
0.0127127685906012	0.00515857409145846	0.000726868259222517	-0.00481343973285541	0.0223652129398866	0.00845412011792528
0.0115355463781508	-0.0312635635604942	-0.0155754383084555	-0.0216363313170179	-0.00198705163187048	0.0124051100974366
0.0131098783850614	0.0157232299721266	0.00537772715566962	0.0081858286406415	-0.00580648497368577	-0.00544418626238469
0.0132266887511109	-0.000364907049282641	-0.0123323187539984	-0.000174561377371214	-0.00418800736006442	0.00304595595249922
0.0136062031496227	0.00603573473177905	-0.00678288889453843	-0.00234789439123418	0.0128017753439539	-0.012823698412658
0.0122600769272166	-0.00914539836878533	8.64599930496918e-05	0.0126410532510877	-0.000565638888943971	0.00940585126080564
0.0122427962656027	-0.00854958547217932	-0.000397060038631573	0.00606127195259551	0.00485931593364171	0.00247052725486321
0.0125597462607464	0.00349653160830961	0.00341959971936843	-0.0131188639544217	0.00296524239826034	0.0107373986608695
0.012616626040996	-0.00678061319760175	-0.00288815064911184	-0.0299033516548007	0.00213120401916919	0.00159874888928505
0.012625954665441	-0.00225665294466736	-0.00654033571045334	0.00728324344690046	-0.00710260129563491	0.00287686389546349
0.0130640771015319	0.00154871350994385	-0.00623703199076039	0.0144303285405853	-0.00582517563409473	0.00272443890920415
0.0127510654048097	0.00460918463856872	-0.00483815388235025	0.00190199842506354	0.00164025416895778	-0.00120919617338881
0.0125224961739261	-0.00654111479039543	-0.00851948444759432	-0.00803807252689726	0.0130799524309154	-0.0073207387756195
0.0127816842570793	0.000766401398442971	-0.00298542828690699	-0.00154400719437797	-0.00759077093237038	-0.00167796823524549
0.012614260071847	0.00166827391349639	0.00619881571415886	-0.000738462956863189	-0.0120020883730149	-0.00380811946399
0.0132761296467427	-0.00133077209277113	-0.0052066039440544	0.000928367198744272	0.0160090300186142	-0.00721951929900478
0.0114911168608472	0.0121740850784898	0.0227292366214236	0.0102995003353913	-0.0179033028496452	-0.00579288592611625
0.0118011995100624	0.021546936318778	0.00925937463203652	0.0231996921391392	-0.013587924025982	0.00380648912768011
0.0124816089509768	0.00654996582834019	0.00188441768917409	0.00367699858800249	-0.00700921138587474	-0.0135531622199705
0.0125983032210524	0.00188081801714857	-0.00223763535182572	0.0109363136948392	0.00709671573710031	-0.0160547475601863
0.0130998717997985	0.0087815927635981	-0.00263210825711244	-0.00414210738169025	0.0122056167616467	0.0201332896415017
0.0115061364749918	-0.0147079344548179	-0.0052973848468572	-0.0125611683026643	0.0103666666764961	-0.00687392933458653
0.0132219488575131	-0.00564614970585035	-0.00456562422652002	0.00147467157112803	0.00573811564490526	0.00864240213792063
0.0120693746509258	0.0105682046211868	0.0116235023439854	0.00813474283690491	0.0132334255921339	-0.00630718728095366
0.0127135577576559	0.00146297339943628	-0.00113001253449909	0.0142481977367551	0.000831814573841075	0.00323480618702971
0.0134857693865047	0.00212428741765918	-0.00767636412125463	0.00251741076973024	-0.00642531355006542	-0.0126111417491785
0.0134573405313541	0.000848916199991812	-0.00494172490042264	0.00274505150786686	-0.00399719122260481	-0.0165769223295287
0.0128455379999485	0.00351661364238829	-0.00410953720578364	-0.00867367977194489	0.0144465741283374	-0.00430076466935162
0.0123536243912992	0.0176697560739173	0.00432415336974557	0.00292316579946847	-0.0169598012143422	-0.0111120823959254
0.0131519986682349	0.00790369988246725	-0.000784074144518645	0.0106075204379377	-0.00812323984409723	-0.00228234836827616
0.0133022006618788	-0.0133483967975822	-0.0154213841864805	0.00157513786122279	0.00512211272359641	-0.00218104432802021
0.0129609679598615	-0.0128638789859574	-0.00580471947425962	-0.00259685223729313	0.0132121023471263	-0.0162854761957913
0.0129200115519476	-0.000310917605992058	-0.00191381456127359	0.00621915766278145	0.0187718523971653	-0.0117721705243896
0.00976176052521967	-0.0147872495678783	0.00760941346768064	0.0149404802156831	-0.00942468528507786	0.0423214366393305
0.013624255925656	-0.00127270605244277	-0.00962884329634035	-0.00386855971690569	-0.00994466319868198	-0.00503431682057374
0.013726490773161	-0.00297826740334669	-0.0108229500599436	0.000383157214202925	0.0122849310283728	-0.00173244595514086
0.0135632528010275	-0.00230796795146721	-0.00920803057739238	0.00192897442155793	-0.00180224700153835	0.010040357353018
0.0135593069525879	-0.00263634280394127	-0.00909737865585723	0.00126685101424625	-0.00189265891250471	0.00925623464426155
0.0135350140115033	-0.00964497092012454	-0.00952434671047296	0.00961600833043643	0.00213423311140035	0.00383133259833836
0.0137621266286271	-0.00151372657451488	-0.0119799602740487	0.000831906320492645	0.00204875355054121	-0.00451550198190954
0.0117063818798346	-0.00105663515236533	0.00434077287860292	-0.00117569313405865	0.011128275427814	0.000321817720417217
0.0116005912411476	-0.00436327839379403	-0.00130884396894431	0.0140901241776134	0.0228566320343568	0.0037182434312103
0.0123433227758566	0.00128411270231896	-0.0131326453202206	-0.0031371376077101	-0.000931858272277353	-0.0146934866840172
0.0129497783571078	-0.00456103829021274	-0.00211322664364612	0.00107876850850184	0.00904107781037724	0.0013044667731013
0.0123130208467891	-0.00396817098110732	0.00453174688087903	-0.00668732719349608	0.0143670228116306	-0.00277138922883547
0.0124889739137891	0.0134640471941615	0.00605750798770512	0.00453132804559075	-0.0048643014779329	-0.00426068245015261
0.0124065580446631	0.00779104361256875	-0.00374506681092102	0.000803983673394397	-0.0122992085503852	-0.00908066636128909
0.0114611743366227	0.00934830536439628	0.00466247683990815	0.00717094119788782	0.00646038382260254	0.00151046148144901
0.0131393041105636	-0.00323611885769259	-0.0175341115460306	-0.0147775533876344	-0.0153008209909609	0.00930491093977914
0.0115393898914682	-0.0105303693906509	-0.0239956242057227	0.00525456536694483	-0.0106527423254734	0.00690977366278522
0.0104238334058941	-0.00481750240465865	0.0161435481791063	-0.0241578475982455	-0.0157130077808722	0.0252659919413692
0.0134022166171609	0.00142114894960199	-0.0110502881661603	-0.0032053450605036	0.0207315977292735	0.00642901728999434
0.0123321879810498	-0.00346813022270248	-0.00583007747318185	0.01384872933762	-0.000406402729104771	0.00286767558917791
0.0127391627573156	-0.00240244930921575	0.00280424751997694	-0.00585924778909596	-0.00557621463355756	-0.0081267760566257
0.0130064852473132	0.00115226244773232	-0.0123311038164137	-0.000531719537200894	-0.00301277234385146	-0.019330371151171
0.0139142468841083	0.00499148757742048	-0.0050948790338459	-0.00258128341890406	-0.0034298910321308	-0.0187204873941448
0.0104281306045391	0.00701221148696746	0.00887609404385244	0.0239403358333654	0.0196063127779597	0.0430274402669625
0.0118691581380302	-0.00241846283603395	0.000882944352213075	0.00499254086875286	-0.00195418110035582	-0.0101602760684042
0.0137537242038375	0.00214456518815166	-0.00720043667992891	0.00612509176914511	0.00398764178692228	0.00349976983385228
0.0128083993172455	-0.00464613397133896	-0.0149073237528666	0.00907457927314321	0.0118681556667191	-0.0106390715131298
0.0122128477075748	0.00637091400335327	0.00237919438474081	-0.0032020748033989	0.00729813193132488	-0.00513499365669845
0.0122371502822392	0.00051268910202194	0.00310454167930394	0.0103806572456006	-0.0260608985698455	-0.0266949738981262
0.0130006921319441	0.00128427223941302	-0.00755362073328231	0.00296633752860337	-0.00149446758320584	-0.00823874073168292
0.0135894909880465	0.00106563632046738	-0.0078329492700736	0.00666959695875482	-0.00565464570478678	0.0040236399967155
0.0123140169166746	-0.00211151562927818	-0.0011093250107887	-0.0106411787314062	-0.00481682974962197	0.00223053946941676
0.01289499209235	-0.00856637126675202	-0.0144801237905122	0.000919633509123989	-0.0048422753324971	-0.00529742373891058
0.011088743199258	0.014301806690099	0.00739384509097777	0.00732146205208757	-0.0268683860441834	-0.00520339991686711
0.0118329277836108	-0.00930759426730795	-0.00265180878789201	0.00759999674201362	-0.00203441504754294	0.0129060075445251
0.012731790676228	0.0139233882558546	-0.00288144185020328	0.00794653031543256	0.00986249814264173	0.00497749297224408
0.0134194653614133	-0.00426200794074079	-0.00407631011969164	-0.00294693240614663	0.0176598697248953	-0.00680615081759135
0.0132142588756077	-0.00459649185943315	-0.0131604225990153	0.00180424421766901	0.00561244507392647	-9.81737753654637e-05
0.0132629678311012	0.000870454450540452	-0.00532109418511138	-0.0072710259661826	0.000285881620174433	0.00557074999584086
0.0122526415279442	-0.00155149415243977	-0.00811751706853699	0.0024373916438045	0.0138712952455152	-0.00583757437888906
0.0131891074895825	-0.00203756565461569	-0.00190721365963469	0.00748373844433238	0.0024212734076691	0.00159407969025771
0.0132784296980328	0.00577317405322043	-0.00581595025801293	0.00225264631561137	-0.00851228051814041	-0.0101112853189006
0.0130742342030081	0.00167604979348159	-0.00844238689144653	0.000114292718561505	0.000287334723004432	-0.00751587278789714
0.0131987152677984	0.00198761574027336	-0.00726180643395342	-0.00440129780975715	-0.000657658162642605	-0.0018531326282852
0.0121611698136936	0.000204959347401869	-0.00316709461160197	0.00852105479771699	0.0111931907589383	0.00182691721030462
0.0129302024515497	-0.00296189072436787	-0.0110542350810644	0.0166747793536572	0.00656375110297085	-0.0279433955525653
0.0126790374605444	0.000599376330394562	0.00057846860540157	0.00224925144636241	-0.00576452814754859	-0.0182270771805452
0.0131378796625876	-0.0110261406795278	-0.0194693755542738	0.0106726403443055	0.000304989350474703	0.00337911582625502
0.0117880902751825	-0.00759201198237771	0.00182082516414981	-0.0204494675976102	-0.0019725317086497	-0.0188789552425417
0.011034378470945	-0.00622527583850956	0.00604096990037951	-0.0162013915515883	-0.00692231869267532	0.0118845349765339
0.0128136715538516	-0.00342845618120774	-0.00153614338059268	0.00117150704002631	-0.0019370812091311	0.00275634424090984
0.013564991705258	0.00653617263616301	0.00327086257743521	0.00269161390333903	0.0126108268880334	0.00360733717409073
0.0124556166172712	-0.00511281650136653	0.0064182138655794	0.00239296643736547	0.00506486368364012	-0.00713594729419167
0.0122870738275442	-0.00291273019550506	0.0048057844263486	0.00355118887886411	0.0103648931069569	-0.0100591207730064
0.012390922297866	-0.00196054091877804	-0.00790924678311915	0.00951181976167492	0.00337361059892205	0.00319054525987796
0.0124381291662167	0.00710708434871587	-0.00545906985414011	0.0112708126667311	-0.0301754098598386	0.00158446530702101
0.0125509789837222	-0.0037389842494457	0.000765193638800257	-0.00532781007280413	0.00827333116993198	-0.00107287567691324
0.0124529305777229	-0.0174152174475724	-0.015988694866609	-0.000605709852089095	-0.000654344384485054	0.0077036366938773
0.0111052592989352	-0.0322142701232782	-0.017193952206222	0.0246671094854765	-0.0215437104770303	0.00266152056795257
0.0113927084843658	0.00962196552556431	0.0191653842633901	-0.00262352533773326	0.0200492315363141	0.00774491669587011
0.0121512416560034	-0.0089562901496114	-0.00931566216493365	-0.00807176531805342	-0.015225262968315	-0.00927396310836036
0.0101680127110336	-0.0149423393870568	0.0108679607641901	0.0190499948908917	0.04743197593847	0.00904402170971209
0.0137209732054258	0.00127625761474885	-0.00988453300984821	0.0116221855024088	-0.0121870263759431	-0.0139997370658181
0.0114596278416236	0.0022731173462705	0.0078181635090536	-0.0190533084486473	0.01920060538946	-0.0104521756256289
0.0122765134659621	-0.000428230473500769	-0.00499960133068458	0.000597027468906931	0.00655706460988006	0.0121765650287407
0.0120543289829692	-0.00288290917354464	-0.00295604439880954	-0.0153795095264433	-0.00443056237379806	0.0100129794020954
0.0128991842967598	0.0019512017244026	-0.00667090601619658	0.0016728424008532	-0.00411273332806068	-0.0148863848261269
0.012922616575819	-0.00228385671129327	0.000223415191852561	-0.00284772560856697	-0.00805035827942834	0.0136604748310985
0.0117604027458783	0.00542032107427408	0.00239411059453795	0.00645634552868918	0.024035882272601	-0.016028782171213
0.0119451868172715	0.00175138899203539	0.0149944754098073	-0.00141328412708264	0.0190586566507101	-0.00881365614582146
0.0122848664737425	0.00944355550309144	0.00919651660125099	-0.0164058138623269	-0.00615399765760971	0.00546701896368113
0.0124255825867851	-0.00484540990251325	-0.00581695841716867	-0.00386858251703184	-0.00408845023897567	0.00302509926125961
0.0124337711047392	-0.00322125988375814	-0.010587925186221	0.00232291779950001	-0.000100869784923008	0.00145071435370675
0.0112917064091728	-0.0062666215473768	0.0209487831055984	-0.0155518563792485	-0.00784887279533782	-0.0130235295168918
0.0123519917335479	-0.00570222863043334	-0.0103068808583118	-0.002314908965902	0.00436603974851049	0.0179458539617526
0.00985976621322027	0.00368174509603435	0.0234649801409158	0.0223949737637931	-0.023726830387862	0.0134382939793452
0.011287987538691	0.00666934248556401	0.0153967941232349	-0.0133633092321692	0.011193752005673	0.0172743067912169
0.00934017334333141	-0.011881781896793	0.00812021372903605	0.0138845919676045	0.000770985658092328	0.0339899231161581
0.0117907143739227	-0.00753131599165524	-0.0101930664434056	0.00979458592110355	-0.0200070378752825	-0.000775855962178864
0.010611944028599	-0.0089162364674472	0.0182554075028603	-0.0014217763142427	0.00966091071951468	0.00813306156205151
0.0120308733367614	-0.00931348433280012	-0.000333871458152159	-0.0145567307890338	0.00872112209364486	0.00732562668873506
0.0121449216988553	0.000823826276198458	-0.00125049349991544	-0.0110347970896079	-0.00176717617346804	0.00902309413322496
0.0109718087489532	0.00747560473269058	0.00665231166290456	-0.013776868616615	-0.00514622933281049	-0.0100280841229281
0.0125470265457856	0.0103729330332503	-0.0077788145856971	-0.00392924726358992	-0.00108404248944135	0.00808310381106915
0.0140123470608494	-0.00181336435099337	-0.0103362318671083	0.00497788915528326	0.00174635401111697	-0.00183043477223819
0.0127456125917652	0.00344362736774986	-0.00314426274523256	0.00542333575777226	-0.00124030519992741	0.00572916134906402
0.0121211237638283	-0.00988253878752724	-0.00197836512763265	-0.0047574768303695	0.00318200527480713	0.0179042775712837
0.00941664723052892	-0.0262986518844819	-0.001556177538582	0.0413690655374614	-0.00750801117671116	0.00607230096658778
0.0132362657094379	0.00208840435081192	-0.0159803066855946	-0.00784705907897159	-0.0031916645309653	-0.0018940034346274
0.0133847930418456	0.00172104021468303	-0.0119589185103821	-0.0014815755200328	0.000735155369528062	0.00316758977918791
0.0129732985920185	0.00219865973474033	0.00249992188061275	0.00352217060937208	0.00345463064968438	-0.0156341802622768
0.0133143998426439	-0.00296688777920872	-0.0155654251075579	0.0106018033649589	0.00714652125380619	-0.00550804097146702
0.0131461005298774	-0.00378460747806571	-0.0145630815881289	0.00850682627143291	-0.000232410619958012	-0.00739424145516305
0.0126361690122558	-0.00354527428006498	-0.005246198893897	0.000267338911651669	-0.00420036582945549	-0.00481817639047266
0.012576891304055	0.00168024915019122	-0.00176516193075487	-0.00541719678290113	0.00508479626523481	0.00282455997353293
0.0105270619909412	0.00416257477403119	0.0272025665671219	-0.0184454077198662	-0.00342547416892981	0.00902833087451767
0.0128592993292214	0.00128767355788642	-0.0129494051376615	-0.0016687866773467	0.00867405644271802	0.00946564834934251
0.012611164077976	0.0065221381895712	0.0022007232787891	-0.00511873440380156	0.0120788390030094	0.00285262641246316
0.0127686202993641	0.00343154689875348	0.00244049251157839	0.00132423959352414	0.000582019079469662	0.0103975297530606
0.0114611262738391	0.0134358615112749	0.00739176896032503	0.00714784815459675	-0.000118937076753171	0.0168755527224953
0.0134756785645857	0.005805674651975	-0.0018171084417369	-0.00794306435220019	-0.00579022108181576	-0.012173234288269
0.0108294562828491	0.0141328660752189	0.0185524089204646	0.0200824255534219	0.0162539413306827	0.0029117621723512
0.0120985290191267	0.0174540450842503	0.012497783629438	0.00249933630769048	0.010628903050186	-0.0117964019424739
0.0132089377451614	0.00404982019715171	-0.00152230900485638	-0.00355295760286605	0.0148431225271785	0.00118080250184692
0.0130254596025783	-0.00141385809901259	-0.00877000774153348	0.0165799631715111	0.000368815878504312	-0.000719263321859479
0.0132262460710016	0.000497335702450169	-0.00672252849297123	0.00469948589287757	0.0154007073483541	-0.00833702080265839
0.0127205878546795	-0.0022548482998515	-0.00666595810455961	-0.013623394475974	0.013722328765888	-0.0065205563375551
0.0101009804818929	-0.0169717305349956	0.0222972603271194	0.00392586274850652	0.00967678775727295	0.0160449129262221
0.012786923405763	-0.00431575891869934	-0.0154502225116417	0.00696385946537039	-0.00102036093030694	-0.0123234612676771
0.0128424195539822	-0.0073103295287209	-0.00543566750745295	-0.0125548031034815	0.00214716694036472	-0.00312832632447725
0.0133240878250865	-0.000679386413205846	-0.010677537769166	0.0121359861662379	0.00306326212461902	-0.00211841589290369
0.0112964915619441	0.00859101811908304	0.0309325360612492	-0.0316271406697457	0.02563689152502	-0.0024339960179263
0.0119349881346125	0.00201102968923855	0.00675643700841994	-0.0117671211349888	0.00280801835791334	0.00621796163451469
0.0125573192988197	0.0013809935706875	-0.00395492636930809	0.0135968881693702	-0.00287476644280188	0.00596888102836948
0.0127423386944619	0.0150741131745083	0.00837295889766677	0.0179910274993637	0.0120178596320221	0.00722687943126253
0.0113819524388977	-0.00576109403176972	0.00569468280260122	-0.000779125745828676	-0.0159411149295381	0.0036645029399858
0.013111460483725	-0.00307988128844425	-0.000418595411850191	-0.000405701021999125	0.000942639996141748	0.00227359082019802
0.0133798727695281	-0.0089704106105171	-0.0171941422124272	0.00203428696950064	-0.00497638553595359	0.00950678150790233
0.0127195074525722	-0.000645800070102134	-0.00749526489132023	0.00444039740102692	0.0184498869273993	-0.00067670843747949
0.0118420689506784	-0.00548838390284336	-0.000650899501768832	0.0110097570692024	-0.00513240925925506	0.00568798328099942
0.012925551552607	-0.00962409248302001	-0.00202646446509076	0.00530984045579958	-0.00663901834902095	-0.00191637332661751
0.0129491129348222	-0.00453470822421659	-0.0117666421568314	-0.00340289394130406	-0.00577592431672152	-0.0074971305312906
0.0137643436612568	-0.0067887991798301	-0.00496986267174685	0.00363384699451448	-0.00427635675843718	-0.000227941167676375
0.0132561807361337	-0.00573695717164655	-0.00722915706506317	0.00500958318758266	0.00510419065412543	0.00294008321972961
0.0131242624961415	-0.00442081968863488	-0.00748403467239579	0.00639666199352126	0.0112093200478902	0.00242574602043093
0.0122557142171967	0.00841578022388912	-0.00315962913701814	0.0129307091000186	0.0131531000082597	0.00168143809118797
0.0132956514172716	0.00143409897625862	-0.00374566025881124	-0.00451181094634422	0.00107643169066229	-0.0132855201959848
0.0128845431858291	0.000768498550267843	-0.00847959421711234	-0.00308348725062967	-0.017801596582198	-0.0109816253594205
0.012751732311553	-0.000709448483414723	-0.00615159622477504	0.00578194812537701	-0.00964590517789	0.0131415262215907
0.0118713435971863	0.0208148351881272	0.0172928966866199	0.0105777942489674	0.0232344114748247	0.00296742412281804
0.0126991437562082	0.00605755538888179	0.00198966490016769	-0.000447947969122834	0.0123229599049616	-0.00428167090092718
0.0124557411115059	-4.1328898661827e-05	-0.00276735629705535	-0.0138915066971266	0.00763099730462996	0.000628897423273567
0.0106899233047165	0.00130643912761874	0.0190835249479137	0.00135990519966678	0.00386182801035148	-7.29367557744747e-05
0.0124096780887979	-0.0117106853968973	-0.00310679244128155	0.00361049599016602	0.00754295025163994	-0.00402842710464855
0.0129971176071587	-0.0070343266349716	-0.0135325072927588	0.0155866712837634	0.00104185924745315	0.00937339247548988
0.0128122064501436	-0.00486314039922885	-0.0130887481475462	-0.00897835753410778	0.00156291545931475	0.00481267098422256
0.0129416180635636	-0.00240631513894879	0.00266246766698482	0.00384580724075199	0.00775016369960991	-0.0110970129956999
0.0136748115551673	0.00214233361548536	-0.0127798787892596	0.0130706607046522	-0.00085280277129422	-0.00384280759110029
0.0122253132859276	-0.00408718803090296	-0.00172691547857315	-0.000727525668665826	0.00110216930819535	-0.0162011439011538
0.0126232482073037	0.00387926734561332	-0.00227510967416954	-0.0260377714144884	0.00614033675428612	0.00579679134444641
0.0125761893416199	-0.00733445828118735	-0.00696515964639186	0.000531216555686152	0.00162897648836557	0.00224456416093078
0.0131772410756878	0.00145936468197195	-0.00747187675726989	0.00541732504393587	0.00844239228697741	-0.00186317730866327
0.0134097621403613	-5.32376463160348e-05	-0.0114286585762062	0.00534504483204917	-0.00285723586957143	-0.00790484027964568
0.0133309167174144	0.00634037611365903	-0.00759388649992652	-0.00105830303022435	0.00980810462465745	0.000465052591011558
0.0126902224945291	0.0116815037958593	0.00640050193990014	-0.00155840914567474	0.013740626548043	0.00641698417818844
0.0120193842504762	-0.000698395662353599	0.00858259871186323	-0.00587421894284723	0.0162816031331487	0.00635776115128422
0.0127668661846828	0.0111861986275534	-0.00179030632903679	-0.00158813320501164	0.00591350182706478	-0.0256762434200647
0.00880916413736891	-0.0337009062463234	0.0197864093216581	-0.00908681057065187	0.0227844658259406	-0.00395351861361701
0.0116936143397726	0.000294568181916395	-0.00353468118919708	0.00163651098987346	0.0115384885779002	-0.00193819331300941
0.00972947044780502	-0.00118617032397955	0.0365116122548084	-0.0115966877576847	0.00576603226904879	0.0221433763864607
0.0083937379147303	-0.019462968351812	0.0403048336298618	0.00197826494551346	-0.0191399337643936	-0.0272139679297773
0.0122732564819061	0.00837246875687953	0.0129638717625376	0.00875921908221374	-0.0109214437084382	0.00348714182600672
0.0129080402965856	0.00735662450974875	-0.00481768760136304	-0.000947892036086701	-0.00272711094192759	0.0125889633630676
0.0125449955270782	0.0150999917925003	0.0141750542213369	-0.00808356592850698	0.00219649234320405	0.000753627828199693
0.0128330954469441	0.00859305494351583	-0.004799743556491	0.000522066168936089	-0.00513444629683449	0.00050229040537557
0.0126965639130807	-0.00195115983985247	-0.00495265566926554	-0.00325924395544445	0.00916858740012578	-0.000364173678945811
0.0119049293828037	0.00563593785040776	0.000920029616033852	-0.00591540078277599	-0.0094403096947536	0.00829519199829832
0.0127348288018036	0.00671886757003817	0.00591810482683217	-0.00534031683831488	0.00721921228117051	-0.00399891712324509
0.0123613215532801	0.00834546051678486	0.0107812528069096	-0.0170439140663643	0.00987857430084581	0.0188090437311237
0.0131944989759416	-0.00132407014149978	-0.00305344612140156	-0.00950239961356198	-0.0118476375653979	-0.012815743204721
0.0120781457787115	0.00291668776913838	0.0106841173590339	-0.00972346975124623	-0.00126759218282148	0.0022030366702864
0.0120088913307006	-0.00172712259448609	-0.00098864615139177	-0.0184529408914276	0.0034939232641593	-0.0193786122882867
0.0120248720279465	-0.0033984299508349	0.00183517152711545	-0.0179493900380119	0.00211614661332742	-0.0230206998810261
0.0129823532156836	-0.0122898675311311	-0.0152352388391009	-0.00819398274193645	0.00466409783259571	0.000857802935553718
0.0117783111305409	-0.0211953327473065	-0.0158011685055746	0.00309960796407422	-0.0248277152849553	0.0098432404879685
0.00943856235347073	-0.0262559277272108	0.0332023146266081	0.0106169248249451	0.0139636666260868	-0.0181686354258751
0.00941992510221436	-0.0278373563088398	0.0348825862015519	0.00808896703971033	0.0156217894275362	-0.0362097004703059
0.0112025893502618	0.00689685180593757	0.0120462335856533	0.00046998859792669	0.0150431705009546	0.00868277051804244
0.0131884780484384	0.00778518723373162	-0.00682536020228842	-0.0124058389700521	-9.60041784370723e-05	0.00614323156392882
0.0126700580499744	-0.00288502656347893	-0.00489241479702654	0.0105878676152027	0.00073467795741751	0.00340576978401038
0.0130899203048271	-0.00136739211047908	-0.0145677606640338	-0.00172596400165961	0.00191721093689278	0.00891847473479327
0.0126004337589994	0.0110204181172765	-0.0048592230507879	-0.005004968861797	0.000664638805241045	-0.00151700638197128
0.0113911138610617	0.0197214354449235	0.00757425459452216	0.00535555767213246	-0.00465910242873686	0.000146582294443229
0.0123804153840847	-0.00464310049985279	-0.00357979748832448	0.00158306358970613	0.00240015824499394	-0.00202490805024725
0.0126684358191651	-0.00190584661947494	-0.00636668545289037	-0.00153272860678062	0.00933754991560183	-0.0145505469980014
0.0123212866536114	-0.010278558682984	-0.00344395399563107	-0.00207631515701206	0.000308306439452363	-0.00317797103517144
0.012973718965978	-0.0127501347062502	-0.016471509090874	0.00953433348271463	-0.0112157607565269	0.00694956965706234
0.0124869340267394	-0.00182633714483134	-0.00653859969911855	-0.00644126025000852	0.00808419607884454	0.0136842891889049
0.0128024530779452	-0.0117708460446192	-0.013009525054799	-0.000192803020305958	0.00623558203614819	-0.00697254795843857
0.0129756702907469	-0.00376426454978442	-0.00652444061066235	-0.00130809330820571	0.00657003603748281	0.0103194728331044
0.0125503848732352	0.00287548701224685	-0.00338136026753778	0.00735156886456508	-0.00369911682646186	-0.0113301701449185
0.0121799335495356	0.00481397310221059	0.00733888808080055	-0.00285650153447423	-0.0170192307310725	0.00207383258419982
0.0107838892459751	-0.0091636051510816	0.0046004888811108	0.0252084238847563	0.000429068163773445	-0.008652270415964
0.0118454684602763	-0.00547114451789104	0.00395741574849881	-0.0111363020596697	0.00130266712501263	0.00305532301932068
0.0126487270275773	0.00185634218119954	0.0012477479167319	-0.00817857710560968	0.0127834551911868	-0.00872534948377097
0.0124843140562062	-0.000229966737657483	-0.00191628500908773	-0.0167664403180077	0.00341243319529632	0.00714382543078613
0.0136677472041897	-0.0045270128972926	-0.0046513631895334	-0.00759272207442309	0.00368240011012104	-0.00721183057621374
0.0122076237900255	0.00153141022310652	-0.00116838782572129	-0.000503455016944404	0.00790004675604747	0.00213133928222396
0.0124288279897531	0.00232330663842095	-0.00427640664666042	-0.0167864153186788	0.00474467979103455	-0.00306474821260631
0.0129901292830861	-0.0282012842930558	-0.0261930938930612	0.00577334618798491	-0.00703449729121598	0.00472283413388071
0.0111532013563489	-0.021065139246544	0.00296446145957451	-0.00216651506514967	-0.00785864941405144	0.00484964073080203
0.0105133626465168	0.000687657393727369	0.025168146695117	0.0144522632152731	0.0141502093260566	0.01621548224642
0.0125091136859035	0.00681897341365415	-0.0129186474986158	-0.00293920574451672	0.0162456877313062	-0.000846874384235103
0.0120972319967994	0.0302080998099598	0.0178821062943503	0.00163944823158148	0.00452944859576226	0.00236952469877298
0.0119627789446636	0.00856024073422921	0.00179766810955715	0.000348863937871126	-0.000675706912167596	-0.00327259770416134
0.00931689160233908	0.00426081787924273	0.0315341352616338	-0.0230696738616339	-0.0150776817512071	-0.0366637668747277
0.0134712909885021	0.0131842098428723	0.000996630512105426	0.00302075352091851	-0.00675096006556657	-0.000808236364417109
0.012772925851192	-0.00615248579848263	0.00399539128695412	-0.0045497404424756	0.00465412192162341	0.00868648585751709
0.01370080945995	0.000141603315429957	-0.0132308100537688	0.00420573445708066	0.00281666716367486	0.00352925045353883
0.0128609373388157	-0.00454062387706894	-0.0040506526518529	0.00795875524577406	0.00168462243213146	-0.000507355921771362
0.0124379093877714	0.0025541177545973	-0.00517279141367722	-0.00407086772076056	-0.0040946980362378	-0.00435522516821951
0.0122752376779395	0.00272408732160485	-0.00342025820364598	-0.00255874958180025	0.00365875963953776	0.00477472998229624
0.0128466085343721	0.00407806805165407	-0.00102663941648322	0.00386695489291128	0.00739245466444083	0.0115525548805438
0.0130595952937882	-0.00109799095078373	-0.00240703179814875	-0.000423702652832908	0.00942178459199518	-0.0103048863347851
0.0123907800543476	-0.00215577569798518	0.00415647088512242	0.000131943387074195	-0.00593743835991917	-0.00989367755311885
0.012713016103567	-0.00260712881178207	-0.0100514390948146	-0.00287328351450574	-0.00864562784128977	0.0153607996214244
0.0123041149818566	0.00808492565338248	0.0111135996404474	0.00651933395299284	0.00851868446255771	-0.0119488468532252
0.0113989442281871	-0.01291896488914	0.0081598065382315	-0.00249255951568027	0.0173005516781643	-0.011718562656173
0.0126059797744215	0.00506339048263938	-0.00689941411023601	0.0051775025587096	-0.00656368216554007	0.00339183506327599
0.0119901755019199	0.0309922654414203	0.0119670217832311	0.0341325782135308	-0.01521878136965	-0.00978796745440768
0.0123371478825708	0.0257983191765507	0.0060943188016321	0.0119735333016128	-0.011288401306798	0.0102686530743305
0.0129002897552899	0.000585738618264709	-0.00662361367527176	-0.00274183270634964	-0.00346685305247426	0.00234405593223748
0.0119890309893394	-0.00676647610361694	-0.0074847971597638	0.00897179830400261	0.00317680101573544	-0.00242092644459546
0.00890442166735586	-0.0279877315207637	0.0184289221437924	0.0278625762409207	-0.00333994685266071	0.0182179807339772
0.0100778563986768	-0.0109485103958796	0.00279361732511619	-0.0048898525426391	-0.0042802563593679	0.0081723738748243
0.0123349488978985	-0.000134514488956374	0.00196139235298878	-0.0032103184565539	-0.0200610885310757	0.00694521080199182
0.0123021730357621	-0.000564514342502182	0.00131416718177799	-0.00254548013356996	-0.0193201972633421	0.00610783208692215
0.0112992799999546	-0.0136164075002349	0.000397143119833502	0.00347274294745809	0.00942295393656522	0.0267504138166665
0.00926595701402218	-0.0338543482476452	0.0302342011478631	-0.00332438625195928	-0.0199576756592743	-0.0287742689817881
0.0126339354627776	0.00131702192759867	-0.00516246463805316	0.000577228622149282	0.00428608525133271	-0.00969201218147006
0.0125673102460122	0.00812898029511443	-0.000755205952880163	-0.0119701207071227	-0.003102141373044	0.00261307202049076
0.0132085844062732	-0.00120904861140067	-0.00671971287123054	-0.00212957251430542	0.0069238756260933	-0.000589931128089358
0.0132685141777099	0.00589208439538521	-0.00679311248691721	-0.00669279561686496	0.00488252013647144	-0.0112286059176705
0.0127059644415608	0.00232781875563371	-0.00496049426755885	0.00225921743144212	-0.00955925272018163	0.0143962504079113
0.0114714956606324	0.0170749894245635	0.0116156023310071	0.0102110978084591	0.00742951479967169	-0.0144696091368738
0.0107836871044886	0.00121742001017607	0.032582554757579	-0.00497440273261139	0.00924225275400275	0.0107464826807455
0.012258987315184	0.00454689949832924	-0.00188198526011869	0.0070250701406939	-0.0112741673947335	-0.0041802924597742
0.0132935349903567	0.00155234545382429	-0.00760268816895222	-0.00981737947646637	0.00127873246102944	0.00791031654357279
0.0129493997777552	0.00348169420344774	-0.000902389357724469	-0.0100986750249437	-0.00154292424328611	-0.0212228229879614
0.0130013440129969	0.0278273755624988	0.0110428897578266	0.00146609324247378	-0.0161555693161604	9.48483236368879e-05
0.0114219941073833	0.025718871727779	0.0150855616443372	-0.000532172744661587	0.00612994297374562	-0.00872668803115773
0.0135851342968422	0.00741755239029806	-0.00783806030028233	0.0015027362689797	0.00628179356286226	-0.00679314247830621
0.0122533551959811	-0.00192997693142739	-0.0109561442714015	-0.00532242718672384	0.00737527244157262	-0.0110242225717059
0.0134214821945864	-0.00348477788168617	-0.00577338745979304	0.00275831563432474	0.0107751604001616	-0.00418458382671471
0.0130460989176024	0.00582286250498739	-0.0113339391592715	0.0114738281523532	0.00727543810248303	-0.0047016717138173
0.0132314755952012	-0.00382744961092052	-0.00137087804537144	-0.00283403219493915	0.00808319626611275	-0.00735346200515864
0.0134933429737927	-0.00313177554687356	-0.00619531201838513	0.00593755365690115	-0.000993993999062622	-0.000735876700692159
0.0137070979110284	-0.00886232872108735	-0.0143937423439783	-0.000229153090108271	-0.00353683398037774	-0.00695405424909048
0.0105161715346672	-0.000575795128605124	0.0110717388854107	0.000992221505128501	-0.00745841468385262	-0.0205784922403754
0.0123967731993606	-0.00128106660728502	0.00235850730205502	0.00477712632346633	-0.016763078209735	0.00646219701920756
0.0135724485020065	-0.00583044781566938	-0.00834028838362627	-0.00250964165019206	0.01167206127454	-0.0050758319412247
0.0126079843124599	0.0162164862639743	0.0136511102725586	0.00293381803905237	0.00494793079071692	0.00693994544712884
0.0136782632136936	-0.00156876868762996	-0.0116988849576565	0.00490063479511103	0.000894931812010887	0.00062273303423531
0.0135043277332477	-0.00156988244793288	-0.0139877585309887	0.00893152760685899	-0.000612899029500614	0.00243204185501911
0.0130936791423373	0.00866138766749085	-0.000387772334559877	-0.0036480329006513	-0.000745927604851035	-0.0056532218695354
0.0128420743252531	0.00708959379281267	0.00733333561239315	-0.00325858195127686	-0.00599549744986692	-0.0212555101730229
0.0132227091772182	0.00322264122905679	-0.0105440868451288	0.0109838398499891	0.00340633576049497	-0.00540596861277419
0.0132095896309132	-0.0134583267827488	-0.0202737971209761	-0.00499021960998623	-0.00355134774001029	-0.00314627257353032
0.013473101260552	-0.00320323269474206	-0.0156225256989276	-0.00937467757910596	0.00129526726495812	-0.0111886159375877
0.0132682527704954	0.00927896306011456	-0.00438191714798097	-0.00680841600232968	0.00370682049406448	-0.00478536578876015
0.0126144732481081	-0.00716538292023291	-0.00949134114978636	0.0157024804210138	0.00322378274860531	-0.00734182191521763
0.0130442387609917	-0.00989412862837877	-0.0134661589036726	0.00311283659536505	-0.00217119611311401	-0.00399112856618986
0.0121506591016365	0.000293416536728141	0.0150834657523244	-0.00580058536033492	0.0128725215104252	-0.00297302766010234
0.0125267924505757	0.0184153186581088	0.0076733742437104	0.00266755936075106	-0.00195091306294005	0.0149857047629826
0.00815338988335056	-0.0451341636108681	0.0225007628338143	0.0228553579070901	-0.0234635838786579	-0.00151757073302621
0.0129078021121354	-0.00188439042330271	-0.012519808440968	-0.0163596818651436	-0.00344398720360704	0.00590666544338024
0.0111981918714527	0.00678121696883405	0.00797219472078665	0.000729344444515569	0.00209981947481397	0.0203298929079117
0.00905426415703813	-0.0278837895886707	0.0282110772703967	-0.0128778585651355	-0.0064485403505141	0.0164092980612059
0.0100514628071253	-0.0141437087983534	0.0239088644761144	0.0153865871303318	-0.00643517913916359	-0.0163092643717364
0.0122893267126679	0.0324330467100697	0.0149860920942762	0.0202887895779936	-0.0261988285938447	0.0110746161658973
0.0130491326415745	0.00588203570255347	-0.00194561671523398	-0.00427482083706445	0.00907070921560231	0.00880980598949523
0.0113490115275579	0.0228229271226949	0.0174153335080066	0.0256468525700673	0.00602400694823732	-0.00985434704701165
0.0121013155162699	0.0247490096451312	0.0125498627120956	0.014697609446704	-0.00779532951659189	-0.00439644683584612
0.0120689299626084	-0.00333850349045648	0.0026011179397225	-0.0068968177878696	0.0031333244478196	0.00417174018642048
0.0121471005289195	-0.0116911778411967	-0.00427742042423674	-0.000799563457168492	-0.0115981243753124	0.00205679651241074
0.0131253801033647	0.00139107150698328	-0.00449293891412254	-0.00322682578655094	-0.0140744278717872	-0.0126906729047369
0.0130949352900821	0.0109839092114485	-0.00637877951684423	0.00914536952254514	0.0119194271827167	0.00208205223232634
0.0132839301171051	0.00113488368923317	-0.00236054472849964	0.00377939897169387	-0.00395960367635713	-0.00195468843672555
0.0132216015248927	4.84194829376209e-05	-0.00157070159101479	0.00382970962259351	-0.00414566250185773	-0.00506875221294294
0.0124402653970718	0.000104544235864549	0.00790454444371232	-0.0052135695362762	0.00716384484515588	0.00741733848274818
0.0133740137056332	-0.00262288037003935	-0.0103351985835854	-0.0038091471566324	0.00582782444091341	-0.0153781151493719
0.0133507232494422	0.00342727834516607	-0.00441377897890169	0.0019304076799024	-0.00996541437307313	-0.0194532699906868
0.0130679070637803	0.00253718817716954	-0.00686560749998345	-0.00182374814884846	0.00664139032722924	-0.00492655286391844
0.0128008117198988	0.0063282241232265	-0.0166449844143103	0.00730013175941115	0.00201402200488413	0.000173266492434566
0.0117726743943653	0.00101291935903134	-0.0166270235062266	0.0206274789601682	-0.00485271931171089	0.00533335324538591
0.0126938035668753	0.0056493740754438	-0.00831671968344532	0.0100666813110586	-0.0135750677395588	0.00696406556730479
0.0126041248577006	0.00445641552991057	0.0117284125550588	-0.000168024063201266	0.0115499976176033	0.00384751384660089
0.0116932631176301	0.00725620042588574	0.00925257095011135	0.00420430875180931	-0.0104407380190189	-0.00104170625391382
0.00748473524878151	-0.0390240140501455	0.0495483113442649	0.00921493691659673	0.0166467918907179	0.0981975665736042
0.0117973272485933	0.0260089629580107	0.00246332014917782	0.0204443449304072	0.015699243207121	-0.00768748542487345
0.012171904542704	-0.00613422804335624	-0.000866429188257067	-0.00469925755083006	0.0127492220429896	0.00750085908978456
0.0110291446808489	-0.0076429126089455	0.0206732109373268	-0.0123373960371175	0.0127636397186248	-0.0122326093903157
0.0129046608940433	-0.0061652242042647	-0.00478319693147788	0.00176630504814437	0.0108181950430533	-0.0052425980376899
0.0117288909903382	-0.00516632291999863	0.0143623838025693	-0.0138322009777616	0.0126059286641017	-0.00967122930158829
0.0128811985263263	-0.00896260255957133	-0.00991657635475906	-0.00970529157802172	0.00262786026130099	-0.0123942539871541
0.0120773568356009	0.0266035333748109	0.00980351996434168	0.00553419059002248	-0.0193125295504501	0.00968850054709842
0.0134013648009826	0.00866255129848464	-0.00794339867324445	0.00826145826239165	0.00382776984529837	-0.0178145802131752
0.0127366800107669	0.00109162332997894	-0.0131317333209039	-0.00644992691234977	0.0199787304029051	-0.0130951750951198
0.0137847807672093	-0.00273517802748461	-0.00778127310454474	0.00180206431522742	-0.00425589091844431	-0.011311333339969
0.0134803632373469	-0.00167402175463943	-0.013294540594912	0.00374545406566455	0.00366357224229453	-0.000391633069793992
0.0126464490688889	0.0036151251855149	-0.00658242964127963	0.00789500359006309	-0.0283745792429177	0.00629469872756467
0.0128913360480746	0.0105777759669472	-0.0140662367805908	0.00374732701521938	0.00894840221107263	-0.000725409094349013
0.0134788832779666	-0.00411018026992744	-0.0154978423360244	-0.0060855651516919	-0.00261493796152957	0.00168326821741164
0.0126402878008814	-0.00270656829222712	0.000479201008439433	-0.0145139104032531	0.0185779186323231	-0.00208424667747233
0.0137431484357335	0.00281555333214112	-0.00693812963560903	-0.00491993925081243	-0.00482367132481352	-0.015768906862728
0.0129391891765182	0.00648504561111597	-0.00592795581693719	0.00772557936651503	0.012977208865064	-0.00351457362017599
0.0130849350677257	0.00928777947827856	-0.00238471375623815	0.00719169510801587	-0.000931063000857487	-0.00598621760904642
0.0126919700839413	-0.00827835215720224	0.000573508830029844	0.0139906647841924	0.0103130828490245	-0.0114675131626894
0.0128616639419555	-0.00481345334520353	-0.00291720733706569	0.00679887130645047	0.00717003094987468	-0.0212515499999841
0.0130760684230488	0.00523661094906239	-0.00837622361620896	0.00560123651010334	-0.00646695179096935	-0.000487319186760537
0.00844151737260524	-0.00938116030506971	0.0307928194616144	0.0249332353136005	-0.0180645082622629	-0.0182971428143561
0.0106028202878191	-0.00479304782201528	0.014753331293018	-8.97356751998098e-05	0.00727479774838679	-0.00270029886166294
0.0123388084882283	0.0151615111002795	0.012358960742223	-0.00112472881082987	-0.00027501723818829	0.010904354859858
0.0126471303013021	-0.00586052829228677	-0.00340226295641515	-0.00466783441635167	-0.00844136440812978	0.00578694122602653
0.0113238662955476	0.0160638215686209	0.0039995772759683	0.0209494428817584	-0.00839607308488787	0.0119681632373646
0.0116910418310313	0.0130464264367179	0.00321139619887694	0.0228542796134089	-0.0101155305508728	0.008007274890236
0.0135369777573096	0.00123910667226552	-0.00846232978264005	0.00611808761896254	0.0223879375911447	-0.00205676391762968
0.0133982021260273	-0.00836664950990263	-0.00352452234116104	0.00276811741714362	0.0126953231229341	0.00997464265051947
0.0129305174234191	0.00236917778748318	-0.00679057734108214	0.00609432012254892	-0.0114056257470708	0.00251617628375688
0.0117016368500092	0.0190080481623273	0.00402064635031584	0.0119236513678338	0.00431527707371776	-0.0030912447905522
0.0116559311571937	0.00484548322583571	0.0100941013997357	-0.0114479356897472	-0.0195323994222931	0.00713942913476638
0.00999973750809094	-0.000511544043782613	0.0288616998700883	-0.0211458263612057	0.00943879369079428	0.0193693636534997
0.0128844592254674	8.7876183893487e-05	-0.00975015610496449	0.00143317259934596	-0.000865491338992549	0.000826191681385995
0.012770377027993	0.0227650981645215	0.0172752982794421	0.00659039466450531	5.28799480030272e-05	0.0115835412942583
0.00973693154898229	-0.0128846217707425	0.0352645787451088	-0.0266309971640115	-0.0118673854315258	-0.00807032882114436
0.0127302990103046	0.0136130503147811	0.00917376522239818	0.00633421742757849	-0.0113488896282477	-0.00344851926429693
0.0132255243885645	0.00803728984337677	-0.00546297157383621	-0.00747142911433543	-0.00361847249607694	0.00255024058763928
0.00947242965256609	-0.015566184367356	0.034131000580307	0.0128421760813438	0.0147348872860212	0.023068149107238
0.0125205374131248	-0.00317263594717554	-0.00694070985272265	-0.0188407081966642	-0.00239179125199168	0.00867035785710094
0.0125627913385507	-0.00164394177197203	-0.000168485917086114	0.0122740194791088	-0.0107387355529553	0.00213295435453576
0.0122131084312518	-0.00361088693517172	0.00944899179729028	-0.0197983655218277	-0.00167350077401457	0.000539021213404502
0.0114023875381317	0.00961529502921746	0.0100192571387081	0.0127545488506672	-0.0128933973018301	-1.0308560167112e-05
0.0114784267661992	0.0101389222722047	0.00792703300273796	0.0161067430729222	-0.00430180718637216	0.00365934846372054
0.00844634243247252	-0.0161901148509822	0.0302092819855718	0.0233980749430638	-0.0285585412905797	-0.00277584263465085
0.013029063965157	0.00574618106179678	-0.0018333991064816	-0.00410222206690687	-0.00126845862642871	0.00381542966195
0.0135930105152492	-0.00265284026935762	-0.0104316062265887	0.00344483484364593	0.00631818990064249	-0.00263063858424816
0.0131027313522865	-0.0137892949685309	-0.015034882712847	-0.013025980401848	0.00287679843615999	0.0171604522199601
0.0137227074791147	-0.00059981171081773	-0.0112866591415463	-0.00213828301796271	0.00551732819263257	0.00416654984069076
0.0128359006061824	0.0158651230526908	0.00387624459721172	0.00495029273073175	-0.015497227064686	-0.014250209849487
0.0119337572425352	-0.00196226143301946	0.00315237571572805	-0.0126953748653789	-0.00944588004008994	-0.0102816453905113
0.0139364684563318	-0.00577826811487825	-0.00890924797108288	-0.0209796629480741	-0.00395430381527284	3.75258166288601e-05
0.0119720663696511	-0.00159603988446924	0.00353315032109667	-0.0203770794193176	-0.0289074567719455	-0.0176451181282652
0.0112732951439634	0.00331347103143282	0.000755054906395164	-0.0071359220146532	0.0056586233289146	0.00641164108406964
0.0112561929500429	-0.0153371999793011	0.00398475589777719	0.0221263763475562	-0.00730178700395325	-0.0150265122201844
0.0120645964197046	-0.00211535041055069	0.00284257648806467	0.00637144235246694	0.00272816919329346	-0.00157525667464876
0.0121422699605371	-0.00229846472180599	0.00225612070087617	0.00346907954932863	0.00782873140077886	-0.00310785005934751
0.00861826226903299	-0.0332702584837214	0.0184824806608637	0.0096813188848318	0.00795548861976017	0.0305795416792584
0.010221869451766	-0.00886009145424422	0.016126603187341	-0.0055704738362042	0.00841757193370516	0.00973823511437667
0.0128723607672353	0.0205065381359296	0.0025364224068564	0.00135667430799684	-0.00333566321846846	0.0155737552912285
0.0112996505627626	0.0088777782096475	0.0181966500809244	0.0143099401795213	-0.00564361045196472	-0.0108686566865274
0.0111954862300678	0.00965680822826708	0.0170230145921924	0.00440336768809574	0.00357248402555603	-0.00664923941504287
0.01032118758191	-0.00664697189798814	-0.0123290047688601	0.0175549284453635	-0.0111887996874737	-0.00692281073784985
0.00916862387351951	-0.0208731548713391	0.00730287773993327	0.00549135051066161	0.0103191398998114	0.00808972947946003
0.007940557080896	-0.0256271584329184	0.0230708713443237	-0.0166908488740549	-0.00238471274200759	-0.0262384257660436
0.0128143571225465	0.0137502656899855	-0.00358100259311264	0.00814603840772809	0.0054754036260821	0.00831689257000917
0.0127303463080998	0.0148063018975962	0.000526470533255528	0.0174641262793703	0.00968627260026625	0.0183206345146719
0.0108297950452727	-0.000191350352895056	0.0141199808468756	-0.0109141390109577	0.0114502095017299	0.0138051314101993
0.0133505006375631	-0.00391296356118576	-0.00901437035357211	-0.00846287751991767	0.0103846684057666	-0.0122407475389813
0.0127404513959533	0.00346065056440918	6.03808689015918e-05	-0.00125552921561205	-0.00634755585827163	0.0105493596431877
0.0124732517325714	0.00786849230844809	0.00291041247818608	-0.00739285306563325	-0.00078317727050734	0.0176507747356264
0.0132997633320231	6.86612941974921e-05	-0.00112890474445199	0.000485664469775393	-0.00274254735031249	-0.00942349695838707
0.0129724462351414	-0.00613700202313219	-0.00428318980257316	-0.000647481745486007	0.00591733077450934	0.00117959858666199
0.00734938773443971	-0.0551448164848008	0.053749681843388	-0.0146399355081122	0.00663350677371842	-0.0882988540964536
0.0118082961463344	0.000992677251757765	0.00525564242159	0.00394535149153357	-0.00270172831535458	0.00573865414338024
0.0124541135139193	-0.0160845626394774	-0.0107835605710562	-0.000309045784122874	-0.0114268259402633	0.00377645173578711
0.00974947277138542	-0.0188165406209565	0.0408606173564529	-0.0162541369199444	0.00511012506053045	0.0202813301897772
0.0128185202603457	0.00712220521224542	-0.00701340272564563	0.00185711435549502	-0.00506333381454145	-0.00157099486916188
0.0116653177812437	-0.0068495021734905	0.00355016485315267	0.0106050294495885	0.0156987781342178	0.00118544383695032
0.0102203795773407	-0.00954150505299472	0.0178129374309255	0.0209562705862739	0.0102444670068403	0.000435018538978007
0.0118198308524284	4.87933052114968e-06	0.00645239969275354	-0.0171422378241708	0.00399458562350865	-0.00840927353477975
0.00842521877128798	-0.0202855941678266	-0.00309373869570797	0.0141794213164922	0.0114815102692271	0.0229166369379293
0.00775313064035387	-0.0283244156725899	0.0409156581158129	0.0374380084726158	-0.0206264500363955	-0.00665244766762607
0.0084576860602213	-0.0466127796134403	0.00597596595968612	0.0696273335087382	-0.0375053109104394	0.00441709284583915
0.0118773427164919	-0.00503205771614887	0.0223973158586841	-0.00407107740906289	0.00373001415401446	-0.00581510554616524
0.00915286566208646	-0.0290326347113805	0.0263542299458459	0.00668790884295434	0.00133228691548987	0.00289794673514649
0.0120024504538092	-0.00587524466895445	0.0114238245161209	-0.00426379027914388	-0.000671062628786354	0.000211342443850608
0.0094717847083481	-0.0277419792909811	0.0290818547231697	0.00971056928078556	-0.00723546486239389	-0.00349656303965038
0.0115548886318842	-0.00514256417592782	0.0109334209735024	0.00660937052113519	-0.00173819394497778	-0.0067507102068604
0.0115548886318842	-0.00514256417592782	0.0109334209735024	0.00660937052113519	-0.00173819394497778	-0.0067507102068604
0.0114638306513289	-0.00390692634856055	0.0117579497557663	0.00355787490984537	0.00250163487921668	-0.0059562465782319
0.0113751154215815	0.000999040612343726	0.0226334312792273	-0.0179244776383566	-0.00923045340746696	-0.0118298497514852
0.00976615023140111	-0.0186000757013813	0.0222482440586364	0.0195148077855592	0.00906548838230649	-0.0217516657468871
0.0123266214629751	0.000573523553091998	-0.00349818550505809	-0.0200002446953474	-0.00533059676205118	-0.00292246622648097
0.0132332248346402	0.00819632735587491	0.00652482824857686	-0.00823391771543185	-0.00384098462561782	0.00628645446324442
0.0125744642043813	0.0131116949671835	-0.00146925246217375	0.00514610808171962	-0.00983773305574698	0.00592500689681151
0.0109649027676007	-0.0143325084777609	0.00409551377966472	-0.0111740683024197	-0.00432622946490736	0.0125067565630621
0.00871504520489892	-0.0338997447883079	0.0175221285955828	-0.00716577184233861	0.0098906576002709	-0.0344155571960251
0.0141289361392027	-0.0021778353540727	-0.0105350930122111	-0.00439839726250384	0.00209886998757388	0.0102676520531625
0.0131493302231376	4.86259786896918e-07	-0.00872784620148062	-0.00307820226407764	0.00115034377575989	0.00173171068048043
0.0142179852069438	-0.00069316103843923	-0.00991722138713051	-0.00395770908200243	7.77794727757563e-05	0.00893921707660999
0.0114420101691186	-0.00103391947742887	0.00393197787332134	0.00400538874487543	-0.0146540553454295	0.0141120930451213
0.0125441873835613	-0.00701821285916128	0.0034550112977068	0.012051155257662	0.00688978086677321	0.000435699359965611
0.0119992993111457	0.0110409321818788	0.0101753188436073	-0.00500125048875044	0.00228909717087486	0.00998275853035696
0.0136560654292399	-5.87636974748208e-05	-0.00614310675756693	-0.00393681034271852	0.00284930251676267	-0.00202278775756439
0.0121248164475224	0.00172722029668919	0.0111176591421406	-0.00423467604082519	0.00114905781791508	0.00442233087329654
0.0115102992699855	-0.0221996229286369	-0.0170868741394887	-0.0111371769803637	-0.0117493680201972	0.0178072946862426
0.0123396755266367	0.012229381519526	0.00226164977232749	0.0133763393447865	-0.0152571241475389	0.0018306696672678
0.0127124695547488	0.0089702780628365	-0.000946559766331434	0.0110859415465894	-0.0134148998203458	0.00464831925704033
0.0120798557530254	0.00165268372818316	-0.00267923953777551	-0.00541114995727836	0.00429999415694671	0.0216070305439938
0.0124957275452459	-0.0163885750704731	-0.00857121659204881	-0.00114982210847906	0.000615498501678755	0.0122429320716191
0.0130502735321623	-0.00510529769381815	-0.00445161382446265	-0.0153308274706576	0.00145408646695012	0.0218895597946215
0.0117410161431386	0.00989800180549296	0.0281927011787877	-0.0114148051263895	0.00952867424682185	-0.00461756677041494
0.0129743309820845	0.0368752302732212	0.013516284106427	1.21303767610255e-05	-0.0139337434817842	0.00868146452529133
0.0130295315181153	0.0371749365648757	0.0137379371635008	-0.000740657192689839	-0.0177866340256178	0.00859510373292408
0.0134120643138415	0.0029689282045495	-0.00028597890283169	-0.00854620063312979	0.00849505774229274	0.0118411842930221
0.0133936195414587	0.00168469048717749	0.00160755154358024	-0.0136830802712773	0.00206522956010159	-0.00877843451202573
0.01317791589499	0.00421524427473073	-0.00867181056051857	0.00396874253735594	-0.00271716594830125	-0.00469980490551396
0.00928724706296314	-0.0162963382980298	0.034216954801271	0.00665721193071314	0.0151634672669045	0.0168112825715967
0.0133456440832569	0.0106596897847706	-0.00102176888337166	-0.0118682496631024	0.00441102361802505	0.0117162750618981
0.0123741446210695	-0.00382575650699348	-0.0104555763980534	-0.00564486588071744	-0.00787434509083629	0.0023188998902873
0.0119439991224798	0.00975492645939285	-0.000796214885172643	0.0147951461302666	0.0192735502664924	0.00317925210367127
0.0118106817535708	0.00620635304728981	0.00410520477862585	-0.0121335242493356	-0.00620760677042111	0.0072844206755778
0.0130933522462694	-0.00491157078959308	-0.00724136800602422	3.61064463099674e-05	0.00726586533472669	-0.00643136495838134
0.011849543029303	-0.0166789404868909	-0.0135332321087339	0.0224271217427866	0.00157697250896242	-0.00451281182027482
0.0112369146272153	-0.0248797422058767	-0.0210527037590631	0.0264528478821894	0.00945206943516976	0.00602772961044769
0.0133287459399736	5.6868350661117e-05	-0.00951689822874999	-0.00501214105017305	0.0103712681448508	-0.00501142138313049
0.0117359862104962	0.0157958417406818	0.0265148079297082	-0.00634778732786788	0.0219390807874453	0.0150091197175588
0.0122142655548139	-0.0268586387920835	-0.0207489561246762	-0.00727387444869605	-0.0258456093021905	0.0116181844036571
0.0110573921753753	0.000345779100780921	0.0248581190353062	-0.0187753542955409	0.0217527682174679	0.00413745317740153
0.0103843610756855	-0.0194268799100011	0.000876799466231244	0.0227018860691393	-0.0142811346265888	0.0132100083267748
0.0118288135267973	0.000943511072291041	-0.000684382761075989	0.0186552405824693	0.0151601300833002	0.00878449878633073
0.0123541305692729	0.0126065659602883	0.00594555069988689	0.00896281529841471	0.00238158254306183	-0.00443383197843935
0.0130248633257296	0.00843448316772699	-0.00447037853083808	0.00323214714926049	0.00573357548557385	-0.005381282921858
0.0108332836971873	-0.0110158871153798	0.00845421000989862	-0.00133691454698642	0.00339771073760291	-0.0162665237114263
0.0121001523658083	-0.000371768427343903	0.00360503388892975	0.00150776258252251	0.00528894618244856	-0.00254573399962444
0.0101539757712169	-0.0143204615965683	0.0125616932083121	0.00532866768972839	0.0114378052768711	-0.00855674786783648
0.0107591460766439	-0.00329205943772817	0.0152695483616703	0.00526246914360583	0.01272457489629	-0.00934157667473543
0.012538380683322	0.0197990295984166	0.0105267678377222	-0.00654722136029801	-0.000392555863386213	0.0169424501127211
0.0126636868894269	0.0200343059826941	0.0100339490055168	-0.00551136080480576	-0.00259538447122592	0.0143509846573279
0.0130421392361599	-0.000668852051233624	0.00120999539601213	-0.0019517995069981	-0.0120646809694315	-0.00209889590684059
0.0127679129541032	-0.00458577097976443	-0.00541360726115449	-0.011895865045664	0.0027661051178287	0.0280867173873363
0.0131842657130727	-0.00455646792977336	-0.011012845219127	0.0119273235471371	0.000229895043031605	-0.00429558292664137
0.0131702713817569	0.00877238114559405	-0.00204330715753446	-0.0104120266072877	0.0186217768593259	0.0180138068109426
0.0119963637447306	-0.00133596377445337	0.00519712195128074	-0.02397587354242	0.00722819729867186	-0.00312537458863407
0.0124983553849449	0.0159900757676453	0.00832906872459149	0.00492523754141085	-0.0161282515962429	0.00257752720944597
0.0120542382383575	0.0256597326533147	0.0140252779422777	0.00702119286537073	-0.00473746432735686	0.0180412813436614
0.0121205612135192	-0.0015595153754586	0.00114709573567081	-0.000338330704102976	-0.00100049612140068	-0.000870085967344414
0.0122479051063251	-0.00953035820566848	-0.00759417081856626	-0.0103232554402475	-0.00510541585743064	-0.0222372860474818
0.0134934103992377	0.00517057363766194	0.00105514012599657	0.00737601626737527	-0.0118856878899754	-0.00580383390053172
0.0130904984315561	0.00965560415959362	0.00175816784542492	-0.0018944376335287	-0.0120349365605977	-0.00890990625463261
0.0126569434488607	0.00713002171192886	-0.010074736300471	6.72102190068505e-05	0.0031326928903235	-0.00160167982922709
0.0136053720892195	0.00356908626969687	-0.0124951347827244	-0.00019840331089363	0.00458678137704641	0.00552144473724795
0.0119201639794333	0.00370998892856169	0.0213415323262662	-0.02294583561215	0.0175705905156169	0.0259224360260623
0.0120264107461565	-0.00626170048028865	-0.0152648383141669	0.00858037014298257	-0.00860062979119685	0.0010424306391368
0.0129607885626174	0.0116215182728421	-0.00248561027352829	0.00918351422985459	0.0120677129407962	0.0106265649080985
0.0127959765654165	0.00574993184303942	-0.00184830471738499	-0.0174690242116806	0.0193545493973709	0.00190586421927374
0.0130142060669762	0.00433290751709858	-0.00240344773427883	-0.00511193212440294	0.00797110274283207	0.00324428951001265
0.0126366364138438	0.0131268057315922	0.00249499859282513	-0.0026892235612385	0.00977650963186411	0.00412625834454985
0.00894652158610261	0.000273266530896994	0.0076592732532097	0.01801005443388	-0.00377693750477224	0.0284677468243774
0.011601122806982	0.00592295390794872	0.00284744722605007	-0.00917234780536221	0.00912513531849366	-0.00882858569265388
0.0123316976028884	0.0036916374915231	0.000904033848594195	0.00189122770867414	0.00479591464597983	-0.00996906005123111
0.0111404319927715	-0.00893677099475214	-0.00170825953467773	0.00494207848280645	-0.00171432568032842	-0.00313091672923025
0.012303593885626	-0.00657071278742341	-0.0010242102183259	0.00198043584645546	0.00497392374508417	0.0133545177505626
0.0121945281900906	-0.0205278421877702	-0.00533031221750977	-0.00873947117726819	-0.0347684897087639	0.0186111936205589
0.0123849607293813	-0.0238070249841207	-0.0207101680180032	-0.0155675092847373	-0.0315446611071589	-0.000943331309982661
0.0118858736768844	-0.0030903478721589	0.0107923688579598	-0.0136531839316284	0.0124989314689695	-0.0255993592877255
0.0117741984457029	-0.00267291737115271	0.00490961195551075	0.0069201665032681	0.00970341256427451	-0.0198078214773653
0.0106335444232758	-0.00183394287909257	0.00632554885586639	0.00855310354904148	-0.00754679268099565	-0.0218211382230816
0.011019915670992	-0.0103181454376908	0.00363282893535133	0.028512033168618	0.0112037513779086	-0.000259905043974442
0.0117913125768451	-0.0100203956285936	-0.00718559037020644	0.0270793905657192	0.00491703727339175	-0.0045481283507113
0.0122549951964893	0.00676632749365132	0.00976486086387053	-0.029067996086051	0.00339127362290781	-0.00520964263553633
0.0129812942693454	0.0119470754426295	-0.00343682126939711	-0.00507257065321578	-0.000504310134977611	-0.00166530037286716
0.0134511418994695	-0.005074302257984	-0.00669070856143692	-0.00602975297550295	-0.0054042685198243	0.0116893758392286
0.0125330656111493	-0.00532830135791369	0.000484296925087046	-0.00484712970557165	-0.00307420608832954	0.00396646376857969
0.0120351195802792	0.00217722827970871	0.00854732429846041	-0.00508689722142047	0.00997051457206458	0.0247343263381512
0.011212780018278	-0.00296188943901182	0.0191660890934055	-0.00628086509877008	-0.00776437350476864	-0.0219840176972859
0.0120514144174326	0.0111563259559734	0.00820732535716801	-0.0198146618141088	0.0132813719588657	0.0100087105087133
0.0137331403969265	0.00105934448839288	-0.00691500954724403	-0.00496637810208687	-0.00347797145880941	-0.0050347465357812
0.0122848603290592	-0.00380994261103947	-0.00245710440971307	-0.000785172587548455	-0.00246597821441409	-0.00242394837260054
0.0123379638177737	-0.00611975116036992	0.0032370755607921	-0.00501170315155943	0.000248463601602708	-0.00199499828739154
0.0129194455171213	-0.00975598757881777	-0.00264967505318917	0.00701622782228094	0.00328298853217832	0.00340499784047183
0.0132722078250478	0.00556727991004476	0.00230696083943299	-0.00825067779291268	0.00351185540183735	0.00153885760447431
0.0114538539271212	0.0252369992526437	0.019899862123172	0.021042691497875	0.00513986450805337	0.00120431783715964
0.0139482263353324	-0.0111303977223295	-0.0155241322728937	0.00081004896106821	-0.0021054892249021	-0.00487742170468087
0.0142667709248468	-0.00880799530809293	-0.0112014876177213	-0.000341602740716583	0.000560419689703658	-0.00754970038341338
0.0130681518455752	0.00801095813976518	-0.00323494265953967	-0.0020657730788403	-0.00451415295139754	-0.00137709078996577
0.013081310914481	-0.00222276683939428	-0.00382027937797612	-0.00407621491187519	0.00906598846816115	0.00135761409327593
0.0129600448379245	0.00826294397501831	0.00725238498461039	0.00569850212321805	0.00370503609235772	-0.000665201491412634
0.0130974813510585	0.000898068657034487	0.000342129638604884	-0.013301036778083	-0.00211184031302564	-0.00371293528457284
0.0115732728350666	-0.00817332404610518	-0.00649464215360548	-0.0149736878521356	0.018386143193472	0.0191943447897829
0.0134961889858717	-0.00386474377624181	-0.0057780951301079	-0.00925528720986279	-0.0103459915306032	0.0208087865693656
0.0128018197036322	0.00068749789359529	0.00184605948342865	-0.00540211761437205	-0.00047454422024687	-0.00367140347479032
0.012734583049983	-0.0038027245382051	-0.00232410264211216	0.0102456397217765	-5.35447960356558e-05	0.00362673269249758
0.0118241569151214	-0.0172468197271353	-0.0145460450601032	0.016609036432393	-0.0190989085196095	0.0118943127028973
0.0120578817770738	-0.0185284413116244	-0.013946684329101	0.0104519585421911	-0.0166056956110002	0.0161469493863889
0.012770843190665	-0.000484996744192871	-0.00546255575171862	-0.0129047861415552	-0.0065396469950628	0.0033188134410113
0.0126103973624107	0.00177242080983156	-0.0025646431012427	-0.0111974172448101	0.00228677757953646	0.0115331849695267
0.0118880101998722	-0.000933746554838267	-9.13251683843453e-05	-0.00702917962861025	-0.00389539310865476	0.00453926461905787
0.0126216523822204	0.00389962522656515	0.000235142674781707	-0.020474346392313	0.00439454326565286	0.016210382550498
0.0136929167917077	0.0091560704528339	-0.00793835099705789	0.00606180019600961	0.000875875257358654	-0.00738892410139631
0.0131396685518366	-0.00413093753463858	-0.00811156035572732	-0.00126264243809298	0.00566847691323422	-0.00428057983034215
0.0129002063299107	0.00332887341800236	-0.00169850538852625	0.000502057582949172	-0.0104654324870602	0.00563161082569475
0.0128589438917784	0.00540927085090417	-0.00645781832399474	-0.00027892120491245	-0.00341134671024888	0.00424208815872743
0.0124500416591315	-0.00672855467770889	0.00484461854687166	-0.00934262205674787	0.00182227214733431	-0.0123745338112083
0.0118117217819541	-0.00599495524133983	0.00537684403054262	-0.00425521264277827	0.0093297815145309	0.00751221662201311
0.0128582685717121	-0.0037685427931183	-0.0108582552738206	-0.00728956823493651	0.00852620635456565	0.0100293529804982
0.0124104851899386	0.0147530245218607	0.0109537594542068	0.00318370935371949	0.000150501897712048	0.00574020524266844
0.0121336517423915	0.00414850884838509	0.0087777051736689	-0.00309613698844819	-0.0275971339631138	0.010977597630809
0.0128148326823694	0.00164304618257046	-0.0083520990571399	0.00214757474502498	-0.0150587015919555	-0.0106656502446481
0.0108157996731404	-0.00915729451301913	-0.00487022494983029	0.0263033440822721	0.0215327290331395	0.0141282881022847
0.0129457398543369	-0.00665417511181435	-0.00939137401705763	0.00341939904349083	-0.0091976598367539	0.00574198654678379
0.0129700995089531	-0.00730159997457605	-0.0165633681628803	-0.00362007680145984	-0.0144006304636044	0.0201357353952336
0.0128208573656619	-0.00253839497337537	-0.00650963095163264	-0.00823565321643949	-0.00739135320212735	-0.00817502776907773
0.0131294780058129	-0.000890412792773365	-0.00669739581683354	-0.00573586419378738	-0.0100990093261802	-0.00329511209797939
0.0124081533171821	0.00376255205244093	-0.0147683436423844	0.00348946534318991	0.0030149343152292	-0.00496753492313352
0.0123198793030871	0.0069258183263539	-0.0106265578280519	0.0345462560855222	-0.0207091991171748	0.0112092005367939
0.0112791284060953	-0.0116768772452949	-0.00535736948621589	0.0199006436549697	-0.00692427574765633	-0.00057793006988162
0.0131790364745827	0.015674169682388	-0.00194015334520102	0.0193912271175283	0.010298485924953	-0.00192392734874251
0.0108818295378142	0.012868157883591	0.00382619762922346	0.0248140925604819	-0.00248015108990639	0.0232796176069768
0.0129099047602401	0.0116552616192553	-0.0131169581207547	-0.000260475219568411	0.0153131672244037	0.00335487272381744
0.0121821602134307	0.00379102791121283	0.00800066201387514	0.0010191843279433	0.0146503747464829	0.00536943902075987
0.0121061345374056	-0.00618138526229201	0.00499281688869214	-0.00265978842621898	-0.0122722631478041	0.00882941360874422
0.0120258134207767	-0.0064015391506492	0.00397643878619949	-0.00204988383480894	-0.0141927397509099	0.00838481730956463
0.0128593410126341	0.00719766542022822	-0.0151859089849926	-0.00115049312094022	0.00505478880799519	-0.00789828013703683
0.0135173959190383	0.00296388773959268	-0.00199180914738723	0.00205579012465667	5.19944343741257e-05	-0.0170280650945462
0.0126222745552347	-0.00450505788192815	-0.00482226619542664	0.00472947408950585	0.000228071841079416	0.00910856671492065
0.0122408292287097	0.0239781676895568	0.00384587537927471	-0.00108325781383986	-0.0125307023108957	-0.0022320115175168
0.0113979113981236	-0.0145022064162889	-0.00907842071225976	0.0141379326925531	0.0025427268505372	0.000839687332339383
0.0109251131860314	-0.00494309803144026	0.0147308550562745	-0.0113959014571362	0.0212705375248463	-0.0114576828737738
0.0116991742125961	0.00768075551872986	0.00996614482253699	0.0111954352335881	0.0118849813176499	-0.00420719072032576
0.0122560371505816	-0.0130322596254258	-0.0108568761127208	0.00307789392279576	0.00513213725985878	0.00402694158261707
0.0108374555350235	-0.00528183587747902	0.009441574282682	0.00606507479980015	-0.000408386776073162	0.0396611258454619
0.0121623043366403	-0.00087599862994848	0.00302326419593881	-0.01227565959321	0.00185010192240768	0.00865394404397748
0.0130172623619737	-0.000416161103470935	-0.00821663323270169	0.000796525843773529	0.008100170918934	0.00380857665726817
0.0126994928970415	0.00122129239817146	-0.00547724188582343	0.0126342741708865	0.0066892864802259	0.00184496336684917
0.012303167228272	0.00902603021145993	0.00187375392656624	-0.00057829504319329	0.00841002601111428	0.0270806727069769
0.0135367349173703	-0.00444837715974378	-0.00520349284052539	-0.00578173412885656	0.00897043948938691	-0.00647263996173453
0.01301997180398	-0.00709840784013053	-0.00792508904774961	0.0128775253504508	-0.00846308894756977	-0.00595603775362917
0.0118510954784047	0.0213787814755587	0.00465897511792004	-0.011238920942121	0.00502468068775992	-0.00229261484987858
0.0122637670538096	-0.00372628868027918	-0.00815469509085626	-0.00587463758802501	-0.00464127284326734	-0.0168104834902097
0.0118366641788346	-0.00479858395827345	-0.00612454036885982	0.00100153458099279	-0.0189908453012111	-0.0139290216863204
0.0126348176489476	-0.0281384032141355	-0.0152598911657187	-0.0118672009547252	-0.00263135999075099	0.00794658087435282
0.0124229247676174	0.0151442046100267	0.00527463447831722	0.00302234001502469	-0.0251532013377873	-0.00267822826104186
0.0123077009987738	0.00392382136469599	0.00163844663184878	-0.00184703977553448	0.00590609108383145	0.000769825152833279
0.0121970668649384	0.0183393184876827	0.0136922941660159	-0.0147751687543924	0.00549690041130854	0.00237518972106741
0.0124560861021514	-0.00145246447707875	-0.00775835690034984	-0.000114287460463392	0.00171285689596263	-0.00207750513525869
0.0131413598046173	-0.0113951620608979	-0.00830827129787274	-0.00428840834024839	0.00641896213176645	0.02527464056822
0.0125956561798312	-0.00194323576022307	-0.00780295161716956	-0.0156877124380081	-0.00697214273046752	0.008477817442461
0.0106851832506164	-0.00164177753072041	0.0287820815878648	-0.0223940184360789	0.0122652916830036	-0.0142116112355527
0.00995210152836382	-0.024525489039702	0.0142121603172287	0.0210700274132582	-0.0139010374143705	0.0273782641634442
0.0131838548643228	0.00604633151134609	-0.010534810694019	-7.36520087539841e-06	-0.01142020507162	-0.00586518442107235
0.0110663322385922	-0.00620139984134177	0.00206465119865938	0.0203993372259366	-0.00515024055373809	-0.00139448035065215
0.0127049196033598	0.00257487637113149	-0.00369457726980148	-0.0182885348250085	-0.00999256679890382	-2.86039689552939e-05
0.0128998416797537	0.00900218353062957	0.00440410000090835	0.00208177918273415	-0.0177043676988874	0.00117227682544483
0.0131191462950708	-0.00201702033727135	-0.00345821082198323	-0.00445269408388987	0.0026292873773936	0.00386844659186435
0.0129795277494631	-0.00123492911119136	-0.00912751954439575	-0.0166534484289264	0.0142213715680726	-0.00527940326228014
0.0118438357146198	-0.0133283042135811	0.0113528152147574	-0.0377079445396159	0.00351602317509912	0.00573340422688646
0.0116484452818467	-0.0155809432835764	0.0127677641940499	-0.0343151891717499	-0.00020207154735556	-0.00152851194376854
0.0115233578519593	-0.0117796789568953	0.0102979805561851	-0.0276124124566565	-0.0102902138322448	0.0140617755493235
0.0118530824164534	0.00986968620181541	0.00184176749193264	-0.0264312189027279	-0.00966525798543493	0.0196283549660502
0.0130209819887546	0.00342503180407645	-0.00395241603889782	-0.0123182267804387	0.00939693514610388	0.0159826762787719
0.012794666685621	0.00288186268851429	-0.003601738119801	-0.00566069457252942	0.0069886258815748	0.0066114838642071
0.0114931393503515	-0.00390166823560441	0.0139796386060435	-0.0199724659749651	-0.0188469981640614	0.00274702474872535
0.0131554504091287	0.00373208076563906	-0.00910879525271764	0.00568516064158316	0.0127653594751957	0.00481933219471443
0.0129767018617071	0.0103080239050269	-0.00434837512947556	0.00873958764730578	-0.00194948486072579	0.00392869466102546
0.0110783047841723	-0.00843952646198823	0.00686155128500961	-0.000385520821076683	0.0129755126304582	-0.0100166547601388
0.0126654033531171	0.0291472179784274	0.0141124532674377	0.00218667924891177	-0.00403535405718485	0.00623901280190924
0.0136926008387213	-0.000415304065758311	-0.0122707633557621	-0.0125368572684567	0.00289980013340263	-0.00609808284963678
0.0136692515524132	0.00803465455157266	-0.00597758511500295	0.00419576256703622	0.010106354774288	0.0103799635704501
0.012369023479512	-0.0011999793179046	0.000148355760511793	-0.00299428921319149	-0.00688950343428015	-0.0168802796250812
0.013255046621257	-0.00215484054101443	-0.00830771866823206	-0.000970114697839301	0.00773471309414124	-0.005749453037981
0.0118348103099214	0.0020381983970611	0.00310687008014873	-0.00140290809581654	0.0184628759591822	0.00247242767663938
0.0132512133442363	-0.00395257843208838	-0.00911206594131626	0.00441217197184927	0.00591220639199511	-0.00241122941914211
0.0109112953447198	-0.00971058207232937	0.0156493901728289	-0.0148815492600167	0.0232590190950879	0.00218317391005246
0.0140773077703579	-0.00454268300941352	-0.00779679979752185	0.00378139074013954	0.00221184293715463	0.00553412305141947
0.01280341253731	-0.00325183713367226	-0.00852420303649823	-0.0173728432198892	-0.0084441405564436	-0.00239749236091879
0.0127946678279416	-0.00327836441971987	-0.00848470684114857	-0.0174456644387635	-0.0103341013474415	-0.00467276389248205
0.0122765536177274	-0.00019369441487893	-0.00273721008478351	0.0135658226198432	-0.00719568370590837	0.00418059158583801
0.0118849763616202	0.0209265218710573	0.00772776634563782	0.00962710349042489	0.00232597937101643	0.00681570297486026
0.012249495498662	-0.00324825581800226	0.00321062039297525	-0.00479595303243826	0.00390887526827442	0.0013965302448387
0.0128932108302215	-0.00405002928329217	-0.00635477088090628	-0.0071161862820114	0.00211068994237314	0.00983354506749743
0.011526753176701	-0.000377449113696181	0.00476201139709068	0.0131027625882637	-0.0122579694965346	-0.00197141281263314
0.00997597327667403	-0.000824438767241289	0.0151734112162111	0.0131516727558541	0.0235742761044703	0.0356873089441098
0.012167169570535	0.0168145491657536	0.00324433849717302	0.00318469570288013	0.0076167188496365	0.0071745060219945
0.0133887183705093	-0.000591770144634084	-0.011597957117123	-0.0101325282882277	0.0122360041436614	-0.0121317069645627
0.0110242913659637	-0.0100193287240574	-0.00208806896240332	-0.000679200184271161	0.00802353121011042	0.00325012512333046
0.0121100105861042	-0.00549965388608841	0.00144923892478532	-0.0231227417566164	-0.013165487907007	-0.00771168767101654
0.0130217433647102	-0.00458154361841852	0.000324880307166645	-0.000362828075326701	0.00412430739892241	0.00372982320060439
0.012574504003789	0.0231022043640504	0.0105278193042406	-0.0125416858569522	-0.0010230534438262	0.0279993589545777
0.0122339430786863	-0.00382952683712318	0.00531168633141919	-0.00237872463400143	0.000582615676778153	0.00128094447650154
0.0126266573771501	0.0123509784469091	0.00332622489821227	0.000241588446042851	-0.0123507928106771	0.00472461623315174
0.0125228654025044	0.0145084840444325	0.00505288043408545	-0.00778715339524311	-0.00983027959314427	-0.00939291870228564
0.0120709369020885	0.0139985406407094	0.00992306077700366	-0.00957437404206227	-0.0220372116802677	-0.018932246095651
0.0116714124803334	0.00858168402814643	-0.00193591463420632	0.0172914996692828	-0.0311777484753248	0.00757239726725987
0.0103897860912545	-0.0137807510424139	-0.00508162479205109	0.0278219029487668	-0.0134551236596949	-0.0221318805992685
0.0134867466960108	0.012998841489753	0.00178734422843637	-0.00168739647817904	-0.00423094315670597	0.0135890073991081
0.0131303199927605	0.00176926214283066	0.000146243566198899	0.00186858740898763	-0.00679790931943154	0.00625835925444396
0.0138783720595596	0.00560477587085981	-0.011759750239966	-0.00231734867536701	0.00630366568138456	0.00660436187288819
0.0123536020937066	-0.00324445246281709	-0.00837151826407368	-0.00651463046981939	-0.00875462688713919	-0.00261001445799042
0.0114454186204792	-0.00717435379839022	0.0018449975700879	-0.00613139822524943	0.00193590583500209	0.0235455764483027
0.00991439355927212	-0.0183091783030044	-0.009593486767584	0.0416654533690229	-0.0210796888271978	-0.00230958581168119
0.0127716262824657	-0.000778354005489478	-0.0106298758620179	-0.0123108301722107	0.00725615757739819	-0.00886019203034165
0.0129489284783992	-0.000423067806687407	-0.00740616873622054	-0.0106074306880514	0.00693434669295742	-0.00916259019044564
0.012915661298053	0.00546577974926813	0.000386729802673739	0.0115051812413769	-0.0021182196378763	-0.00728025122026997
0.0132325873662046	-0.00013488431912062	-0.0103414680056381	0.00697829199455777	0.00308190265991712	-0.00337026411935857
0.0130692441916509	0.00579044105102784	-0.00442567310437197	0.00113690588293122	0.000949769616981149	0.00679292372003106
0.0122805976259332	0.0310630524292876	0.0204958140009208	-0.000369034347223024	-0.0141122455864804	0.00540119592175131
0.0135548846489781	-0.00440437979861111	-0.0114420253875364	-0.00468774590826534	0.000429191117401652	-0.0145803658949323
0.0126320000354435	-0.0133344814854757	-0.00187812189184536	-0.00337180391802451	0.0031200257340087	-0.0111566719804764
0.0121475393125422	0.00585586984371322	-0.00395322717599498	-0.00870381686031587	-0.0140594742538714	-0.0101192493945398
0.0114926184065822	-0.0159408492501505	-0.00360428979817248	0.0159136851682213	0.0027825007885909	0.0229913536573242
0.0126712981886326	-0.00429100538084646	-0.00515974474520275	-0.000476847539370591	0.00177433526016618	-0.0102369501179455
0.0128136864659223	-0.00434793834452916	-0.00501135471052308	-0.00152307345961616	0.00292592882143679	-0.0118040755834632
0.0118179622083263	0.015437105677164	0.0174224109569943	0.0252025351039487	-0.00340625331328116	-0.0135495191343384
0.0114187470336532	-0.00344606679857142	0.01167572473103	-0.0182475407010494	0.00730865384372881	0.0233719875361243
0.0121584615189085	-0.00966286372818755	0.00039864088432773	0.0105794177004463	0.00594403574322612	0.00278933183897148
0.0126219525672723	0.00371960183313047	0.00397075489764945	-0.005056780311397	0.00116249290084714	-0.00402949886308599
0.0117372519112094	-0.00545239350978358	0.00665606025865351	0.0143573495658848	0.0143515715735703	-0.0134139508701987
0.0121010696384389	0.00373656322042292	0.0174908945186828	-0.00352418035256594	0.0187362272081484	0.0105514097841044
0.0132665552535859	0.0086209710249029	0.00977281742077949	0.00970748414277933	-0.0178743232951305	0.0111537700843641
0.0131224101147402	0.00655646444323602	0.0136391056052708	-0.00235563534922776	0.0014476739796972	0.0127413679429416
0.0123030165172407	-0.000391717556047995	0.00686417050875576	-0.0073159675947143	0.013012671347986	-0.0145793183081713
0.0132263539474235	-0.00560725065614319	-0.0174757366780007	0.00334028193187963	-0.0225014064223588	0.00322291550351251
0.013305659633833	-0.00340198531417477	-0.00859561434036261	-0.000234365855627512	-0.0123752782697054	0.0109090975364617
0.013178815594769	-0.000406624634551892	-0.00860830583517686	-0.00515181587573021	-0.0103665148737707	0.0165654068223577
0.0141235062093135	-0.00718553518352361	-0.0132268772179041	-0.0168125984210339	0.00310379942158449	-0.00518606319707612
0.0125758797256091	0.00868515502717284	0.00187274771266037	-0.0102476049839978	-0.00417082670337375	-0.00850955157616171
0.0120384683720594	-0.0040414985490848	0.000463185977668003	0.00311795943090351	0.00590383459863202	-0.00755413778163717
0.0114402077276362	-0.00211027236912313	0.00868030899340666	-0.00977115469883581	-0.00633771639727053	0.00467757817887568
0.0114744754124411	0.00241483740227213	0.00151696945375753	-0.00766422513816916	-0.023926577505959	0.000976979661205519
0.0116465609578289	0.0248372739173586	0.0209687723376283	0.0164831742160417	0.00671554916838173	0.014067924640697
0.0117049031456939	0.0170823636352812	0.0160020950699661	0.0191280677463835	-0.0101874358985744	-0.00820741324040852
0.0140869165149164	-0.00987260004492523	-0.0111196054188855	-0.00468298141870801	0.0020402495666923	-0.000642997989654875
0.010970645081253	-0.00919923633892308	0.0137003408467808	-0.00206043666951107	-0.00651324699689263	-0.000934478824270016
0.0127883188669565	0.00725166636625561	-0.00372429222736573	0.00833952144745409	0.00354652522160102	0.00558886738673379
0.0114327642645629	0.0353007832024315	0.0222964606560197	0.0104438909208832	0.0107676364192524	0.00925124870085198
0.012923054977586	0.00102698500732726	-0.00813288585048077	-0.00447322381786191	0.0217402590014224	-0.00544618029864605
0.0131435764192704	0.00422733846825031	-0.00772720946966759	-0.000845024424751732	-0.00352670638580464	0.00410964547548297
0.0110527287684353	-0.00731325405784589	0.0189276690317418	-0.026979958447524	0.0114462452605547	0.0101830761584
0.012900046336344	0.0081708835149793	0.00123681304844329	-0.0212333411087114	-0.00452249842311471	0.00298503496230381
0.0132371267415501	0.00221815575684372	-0.00827351081729918	-0.0117063755215554	-0.00408081663908386	0.00123639062154403
0.0133821328749479	-0.00402064428076131	-0.0131613537869959	-0.00657483814962134	-0.00189324858549833	-0.00138528449285085
0.0126343350588361	0.0183105543717608	0.00433188537626916	-0.00213645125744929	0.0102918750276492	-0.00547621954286344
0.0128356897445196	0.0191182423588466	0.00706732451052417	-0.00519413861129534	0.00979906451394604	-0.000790560311078158
0.0118018964261436	0.00139639056758979	-0.00109398087046966	-0.00478519917937251	-0.00427337352429725	0.00656812050046959
0.0131103966855474	0.00123695109662682	-0.0114300716192729	0.00978325016334469	-0.0122583231528088	-0.00906054016660276
0.0129850002509655	0.00338254930390932	-0.00823070970793763	0.00874075598804104	0.00233564574419813	-0.00232857833762314
0.0128840289785807	-0.00231891787501149	-0.0047069333714664	0.0185966323930492	-0.0111044920927964	0.00350666692357947
0.0131436910426087	-0.00829714341156573	-0.00718603402192182	-8.72175398485414e-05	-0.0098346513624007	-0.0104892804930873
0.013302908596549	-0.00165435125579837	-0.00790180848325706	-0.00560804748385294	-0.00180152587885315	-0.00130271286486574
0.0138128619178668	-0.00510883725305239	-0.00881997278429745	0.00375168483415872	0.006800484869601	-0.00779372830305254
0.0131318245860568	0.00588447614288833	-0.00368954579070432	-0.00151813588244885	0.0059047731012069	0.00759476773104126
0.0128813867566318	-0.00128050662147345	-0.0115495966927453	0.00163653231418561	0.00890103571448732	-0.00277707263289116
0.0115922402156514	-0.00232034645469953	-0.00356084918223838	0.0108691640699123	-0.00920102358891135	-0.00668887509867045
0.0128945527463962	0.00245330303668747	-0.00300470428105558	0.00936711915477586	0.00625525709266067	0.00118134679697401
0.0123237548844927	0.0112713283305756	-0.00010799772099188	-0.00790740499611625	0.0115067431649384	-0.00549620984626609
0.0124682471068876	0.0103925156891784	-0.00456964810059285	-0.00664448887144902	0.0181067101881559	-0.0207325155504103
0.00920989421462417	-0.024745254548037	0.0444867353011372	-0.0319988800418408	-0.00922051769419258	-0.034597854017709
0.0131813251248089	0.00154456444502801	-0.0035323438802907	-0.00484142176266565	0.00924972565301743	-0.0102712999009617
0.0129928487953564	-0.000536765416172731	-0.0110238663884662	0.00115188783464943	-0.00431601290465734	0.00873554709870996
0.0130236187914825	0.00324219061518213	-0.00737272201812771	0.00440704106756266	0.0129723862780559	0.00256785173131124
0.0112640445258006	-0.00420430113151698	-0.0120304258892412	0.00963800607548244	0.00238203978089071	0.0139281809367018
0.0106692210586224	-0.0139303690136495	0.00225806041752955	-0.00832041158313934	0.0128866004451669	0.0228120002218718
0.0117241406247199	-0.00604778886973757	-0.0101051459109327	0.00847885909698825	-0.00138518442043298	0.00389752227198685
0.0112281034496248	-0.00315716323186845	-0.0108155883450978	0.00837992578840644	0.00447932632920592	0.011670938990794
0.0132269255166426	0.00219157529020816	0.0047860847113119	-0.0193033932329916	0.00448491318512488	-0.00450189945369331
0.0127618645041691	0.0158962965944924	0.0102015949517475	-0.000424353435575227	0.0019431884470754	-0.000583436922154402
0.0134571190431413	0.0048668058387549	-0.00480494183420783	0.00123909138260633	0.00488647502717787	-0.0140419876747028
0.0137732814725929	0.00584121574120306	-0.00282757927707968	-0.00380366989401227	0.00641467068766225	0.00157113018753009
0.0122849483523434	-0.00429870923042669	-0.0116670177061024	0.00425592230403803	0.00198723991884598	0.00179190342637047
0.0113093081963652	-0.0131483481979502	-0.0148536338930513	0.0043721544633482	-0.00494676858076347	0.0155743890806235
0.0124287500955191	0.0073449117401704	-0.00615921981754197	0.0117207526756369	-0.0191511440435492	-0.00440683580496942
0.0129572382099002	-0.00483224851342805	-0.00675643645790415	0.000963796892443178	0.000945198843506394	-0.0031339925407915
0.0124158734218889	0.0101925074419481	0.0100952438647068	-0.0272292270756013	0.022391119175279	0.00670753693093152
0.012940556455066	0.00320265583850215	0.000555488619478838	0.00409718011217391	-0.0083850876434692	0.00155271484618128
0.012241468825286	0.0165913249067127	0.00154098358877127	-0.000838718517026737	7.58097902018129e-05	0.00407960546219092
0.0118995800431327	-0.00856360210784685	-0.00515314791577704	-0.00183155372635733	0.00678216970522785	0.0106447105874192
0.0117914023347174	-0.00779852830949373	0.00192148216454144	-0.00308061776836379	0.0051470724985582	0.0134568981987236
0.012513723738153	-0.000279508205214583	-0.000648404300698426	0.00919071784360566	-0.0255402476046112	-0.00598099803057649
0.0126319144049133	0.000831850551360401	0.00242627805795465	-0.000190773155147855	0.00831265758195113	-0.00504105792899977
0.0113640364405222	0.00778090264211533	-0.0138738385424447	0.0281341624918643	0.00746883458499178	0.000456015066055086
0.0133879513842636	-0.000863200683825987	-0.00618580381676295	-0.0075453155628906	0.00305795077788547	-0.00280509473602004
0.0131342481947779	0.00615562275995188	-0.000219294537280037	0.0125760448451171	-0.000661053518334965	-0.00866906086334463
0.0129793652855218	-0.00247267209187077	-0.00235555989996424	0.000534245860621952	0.00769441391890535	-0.0216628272907548
0.0135255492822154	0.000176151944171846	-0.010845367480619	-0.000484970453954537	0.00216455879230974	0.00235798175828599
0.0134218232771372	-0.000287148510806735	-0.0110526435950837	0.0016997557444989	-0.00634274419123498	0.00346687664645881
0.0125666442046413	0.00160771489862785	-0.00873059330562458	-0.00185454099622075	-0.0103187428971097	-0.0025028067595439
0.01127672660094	-0.00309990150535841	-0.00401779811120551	0.00300265512364181	0.000805057971812084	0.00579875172354095
0.0117351261963023	-0.000632863410799929	0.0138701740842252	-0.0227413971100267	0.0045509814148059	0.0137676203581005
0.0116526119745846	0.00467361046246396	0.0125975656878884	-0.00924697087296186	-0.0013377192600494	-0.00200628678127496
0.0109707477621632	-0.0163103773392827	-0.00132524755703433	0.00426415379647093	0.00806124861524172	-0.00825480208529493
0.0134247290464172	2.83905809633368e-05	-0.00764027106980155	-0.0125228988734635	-0.0139407645475205	0.00560222790038843
0.0120271004157517	-0.00233813538632399	-0.00172248906628812	0.00639175894719528	0.0110555014576299	0.00103057508125797
0.0126379409169404	0.0070152739500153	-0.00427775657496162	-0.00607942009840787	0.00514549198463256	-0.00196871930460972
0.0125514161327775	0.00721730184070985	-0.00562349506255335	-0.00322086119143941	0.00727840383891867	-0.0039480170274332
0.013105655737314	-0.00642717115089667	-0.00718515366070878	0.00189445567197262	0.00976677329684503	-0.00546675347026
0.0136574048676712	-0.00498729689899013	-0.00863026774669028	0.00993883533314564	0.00828588323925908	0.000305765515880341
0.0136286364121501	0.00170550901865393	-0.00227660287397245	-0.00305059738072638	0.00513533612753955	-0.00208612375468534
0.0116806841019336	-0.00406263364572154	-0.00678349297490848	0.00271443794358041	0.00379891468308819	0.00049910905188501
0.0123767949582905	-0.00751622462831709	0.00270365889460163	0.0091493339742979	-0.00136145795526286	0.00184797966067746
0.0129650534648747	0.0026570580249627	0.00310518429655989	-0.0223157350240166	0.0034002292924169	-0.00292399843342342
0.011978902332379	-0.00269016719617633	-0.000193518889971029	-0.00297548721981755	0.0121991594911935	-0.00203911851507419
0.0110416928673639	-0.00587229864234846	0.0017791615898622	-0.0192026570575921	-0.00618764195507544	-0.00881870833618529
0.0110735257977135	-0.0127604225698686	0.0182095332135774	-0.00518514848633185	-0.000749266395939902	0.0110397427547927
0.0117163167137944	-0.0056394135449912	0.0192344079681543	-0.0114632829093252	0.00519339189720811	0.00252163092296717
0.0113679708690477	-0.0136768678598172	0.0142215721884219	0.000696718327970476	0.00909266355123714	-0.000601273901674233
0.00902716796335754	-0.0321022527594178	0.0275958766209926	0.00474539082719309	0.000203240360044256	0.0123005665774634
0.0089913134279683	-0.0251519459931609	0.0294804108792648	0.0164514035567896	-0.00648387998647452	-0.0131449878639531
0.00942011548726833	-0.0275977118269122	0.0252463474529989	0.00729520346113058	0.0100569254795238	-0.00341794869578498
0.0097253572667303	-0.0254196347118768	0.032363238311044	0.019403916838849	-0.00863337452600838	0.000251159150042674
0.0119157682783615	-0.00593249908142203	0.00400569571538062	-0.00486799003125716	0.0118793430222709	0.00219644330246363
0.010761840663337	-0.005144574138793	0.0189560818470196	0.00185370388962946	0.0115655085079054	0.00308135436636205
0.0123551263065913	-0.000292866869101527	0.0236350933231094	-0.011856691201138	-0.000741380131156062	-0.0129049904777208
0.00774500195475119	-0.0534055953755114	0.0729034923623866	-0.023573827840591	0.00968965574770752	-0.0997990239660167
0.0103996143508539	-0.0159163685372941	0.0251116289368898	-0.0200459231908556	0.00385034942183377	-0.0148800694688019
0.0112422646860819	-0.00748264652058819	0.00750646960487394	0.0132322064210231	-0.00531188486009127	0.0076873889401009
0.012750056472992	0.0147862922135079	0.00282002419423156	-0.0222936047574834	-0.0101557708277346	0.00294709505439757
0.012499982719832	0.00831115631944142	0.000444833263565725	-0.0121798924290233	0.0042843074687754	0.00732310791771362
0.0136413403082468	-0.00840940325653021	-0.0275351264880957	0.00692419995194213	0.0031610057379348	0.0108441551303852
0.0135518682299504	0.00232395108699856	-0.010468774438967	1.66702492584209e-05	-0.0145669844136218	-0.0031614052872125
0.00893945497633359	-0.0074890800818446	0.0165743806628717	0.0322269758626306	0.00823276176414428	-0.00388643519665923
0.00971966055264282	0.00346266410893485	0.0180948118741891	0.0191351334837702	-0.0420591305943682	0.0125182426696568
0.0125559369916997	-0.0140588047190484	0.0102849716556753	-0.0275202848319423	0.00472063841329444	-0.00020511150980872
0.00848525527699096	-0.0265761061016758	0.0459016502801952	0.0121914290523666	-0.0138351751892345	0.0266017500298963
0.00966758204057835	-0.0228110571728837	0.0226255611072009	0.00390532493908868	-0.00766917658099686	0.00429074057661487
0.0132514508750181	-0.00345882168884039	-0.00937454320785952	0.00983718275314205	-0.00410885057844189	-0.0111986454179628
0.0136504888664469	-0.00430628751138771	-0.012195101835519	0.00631621303187989	0.000999199070635259	0.00719861959665716
0.0136258866664696	0.000463477828730564	-0.0145074149889955	-0.00198964113903256	-0.00920621299326446	-0.00642113424989927
0.0127783117531255	-0.00649543193428458	-0.0103032882247092	0.0134486662613152	0.000717431130917509	-0.0120686106741523
0.0140546814106646	0.00500052505198177	-0.00998659156257755	-0.00106872231579809	0.00372159498710005	0.00641469721598663
0.0141354381284984	0.00147182166114747	-0.0096638695580205	0.000452141438237966	0.00755654245297482	0.000320453449265632
0.0137480962996201	-0.00302068816969745	-0.0163626021978157	0.00794529276341554	0.0049075535865159	-0.00196502045691604
0.0140876593965589	-0.0087184158621841	-0.0168534925895843	0.00429663923054826	-0.00245693377308071	-0.00685557134544293
0.0137726798061575	-0.00377775817461036	-0.0122044898289075	0.00208978599616503	-0.00350293576865535	-0.00675720906525637
0.00847707423963204	-0.0384110603456808	0.0337050430620582	0.0203537086952455	0.0218059891675275	-0.0283508857577435
0.0126061843250391	0.000111637015783981	-0.00630900930177997	-0.00423663364926705	0.00256539061340534	-0.0191235514070701
0.0125015925411359	0.0120013006472397	0.00307049185138756	-0.0151416717964611	-0.00858503333280494	-0.00419714194306244
0.0112409349959064	0.00416613217777407	0.0126610830432214	-0.00977003310831229	-0.0130126008994418	0.00343958243589494
0.0119823691395007	0.000580904868348233	0.00157067771869762	-0.00198163858650581	-0.00234956038276668	0.0162037334966278
0.0121321016164916	0.0017292753485596	-0.00211807319678063	0.000807711407948019	0.00039689294965187	0.0159410340564563
0.0124743875908355	0.0300618254260222	0.0167556751755388	0.00630041359575583	-0.010382285503016	0.0220661018893446
0.0129220093055479	-0.00122856119701595	-0.00288983392509075	-0.000684125421080838	0.00919795983671181	-0.00742273330574137
0.0131993919327682	-0.000296953036240648	-0.0116895444866257	-0.00126240969438682	0.00447587072809937	-0.00493608700869892
0.0113549865007892	0.00215082546656872	0.0206667367367928	-0.00590103695505223	0.000992110139558116	0.0100382909577473
0.0122662702796647	0.0113702453112971	0.00809371477501671	-0.0135486150594276	0.0033723824209256	0.00448374954505756
0.00999504674132241	-0.00885305814086834	0.0181129704597779	-0.0204257498357141	0.0054439761729062	0.0474569385840796
0.013655831246182	-0.00495770719257582	-0.00979752090688373	-0.0117491371341777	-0.00618576521160342	-0.00568087862805512
0.0140094310334837	-0.00241159876507583	-0.0146465860951508	-0.000546590640787252	0.00931668390658233	-0.0128754330587462
0.0132958370049271	0.0087426287004936	-0.0050349609261092	-0.000647772560248414	0.00884530336136369	-0.005630430187408
0.014046076623904	0.00209625511666582	-0.013101913498425	0.0106418256061779	0.00558383712491671	-0.0063707944239977
0.0120106336280272	0.00424509560409959	0.0108382618903902	0.00918874988205254	-0.0257221703982572	-0.00977160207128594
0.0133431811530966	0.00246345482293834	-0.00237728807027446	0.00142208191543059	-0.00607671623326574	0.0166521229842672
0.0120446161723911	-0.0115266901178242	-0.00811376463457491	0.00583914864539849	-0.00158991739810123	-0.0267520299625396
0.0111216916930495	0.0156184549513247	0.0132556547332171	0.0280831578519434	0.00207129090685221	0.00538815956561147
0.0122370367979943	0.0179770054389249	-0.000460836093389371	0.00449607219563032	0.00369208700366719	0.0185957570565427
0.00899730701250524	-0.0200695692093583	0.0183896045710499	-0.00995719134209614	-0.0122478214731016	0.00143687895112333
0.0109234722893573	-0.0235742988642595	-0.0123629653034899	-0.00025542375627643	0.0138247306543265	-0.00870253085144472
0.0129439021805112	-0.00212810885127595	0.00107209176931229	0.00112524435120619	-0.0114348922555991	-0.00551023945127204
0.0128103944935218	-0.00126730735999325	-0.0104966007507501	0.00439468188313103	0.0017160245439056	0.000304560451005684
0.0131592799210233	-0.000618296380110936	-0.00243761854124488	-0.018170760788725	-0.000921979999817514	0.0045156213652167
0.0130431079525686	0.004671284682679	-0.00777073170473497	-0.0116360341890634	0.00661786871079861	0.00681926771207386
0.0129034710001434	0.0103463319682839	0.000469473331861794	-0.00189267595274147	0.00850403969913636	0.00868754869798291
0.0134102081010342	-0.00756128799156474	-0.0125692246613462	-0.0034665532264625	-0.0112824790808708	-0.0105734465433255
0.00814226686609335	-0.0173029317970966	0.011738625253816	0.0299351661676062	-0.0191971794012677	0.0129228905682642
0.010380697898142	-0.0315343379739463	0.0127353857256473	0.00837919162435161	-0.00426531798708077	0.015517129589718
0.0113124794605984	-0.0315939864676781	0.0045789343033238	0.00113371633848192	0.00341799414023565	0.00415455251858073
0.00994466872501567	-0.018713392001553	0.039247761489308	-0.0150955439653783	-0.00439915221132176	-0.0122470532550773
0.0128295154843641	-0.00220958366241284	0.00187937412607405	-0.00448995784148136	0.00204272456834405	0.00742951868025261
0.0125555650145599	-0.00399935978162386	0.00179785750139618	-0.0102730544812832	0.00842113227770308	0.0099604493778636
0.0124615307517337	-0.00058243484181325	0.00362285832936026	0.00612439230802085	-0.00237190509531848	-0.00257867426543067
0.0134627243594098	-0.00573205620943976	-0.00989200568178355	-0.00907287899837739	0.00701958224058452	0.000972609071911662
0.0123335561627768	0.00241236060629974	0.00411813941304263	-0.00831936637931308	0.00445214517623714	-0.00182126781627942
0.013740017169306	0.00309286716113053	-0.00906441762298908	0.001601953458346	-0.000208327186916485	-0.0043738113546143
0.0137852481894103	0.00764397091939261	-0.0099070694435352	-0.00758794458314304	0.0041345052449004	-0.00715870822315214
0.0123120594775848	0.00150298949088702	0.00604155019505134	-0.0198984875070458	-0.00456486656345504	0.00169198580651526
0.0125605406932862	-0.0099142156819343	-0.0122630999935479	0.00357939758293855	0.0145115750685125	-0.00794831207110011
0.0127660344483637	-0.004054526507891	-0.00400292116909617	0.00175122932459944	0.00758921283003136	0.00842093209484784
0.0137982793930844	0.00113354710384979	-0.00882606969582023	0.00679362281220354	-0.00404599448139312	-0.0120385531230977
0.0105257439683953	-0.0118397231354074	0.0169750258298408	-0.00419259721226122	0.0130813350666262	0.0219212487732504
0.012831154653887	0.0127583192873879	-0.00329780806272721	-0.000721887177097819	0.00629132816902621	-0.010297948458537
0.0121588120147392	0.0203701320013587	0.00847892395985942	-0.0156689190211321	0.00691705353463576	0.00266434606629488
0.0123251025582346	0.00769734950945306	0.00315861224204871	0.00399491758118074	0.0143808739671587	0.00940799894805936
0.0120432187939375	-0.000456267712295126	-0.00718968569745376	-0.00312874670495519	-0.0147025979583236	-0.0148107699601373
0.0137777463388919	-0.0133105195536147	-0.0177050020250475	-0.0156244305785444	-0.00149052824254012	0.0064081727502816
0.0129448277315736	-0.00370528068719314	0.000340468414205233	-0.0115149573763383	-0.00862891583484279	-0.00464889152454578
0.0123181172725755	-0.00800883661981318	0.0015178619864098	-0.0166154353284523	0.00399750995515463	-0.0138540567920907
0.0121308559203192	-0.00419456948770199	-0.00704077239796237	-0.000249992409714975	0.0206995298409761	-8.21266188004779e-06
0.0130379827753137	0.000265446746088011	-0.00348444322665571	0.000709419544376584	-0.0105871810687345	0.00017909864035968
0.0131744943354306	-0.00762131395305188	-0.010512156540626	-0.00172708725143011	-0.00611808493745583	-0.0145502445676642
0.0124418280579476	0.000311557284702268	0.00752441427852002	-0.00927066064666341	0.0178301170448346	0.00104695923158919
0.0111733831570109	-0.00713689792616458	0.0128437773531825	-0.0152524372795718	0.0232359843677063	0.0110872198263207
0.0130316026131149	-0.00434485387655729	-0.0100435066108388	-0.00482551462551218	-0.00620751521904336	-0.00200204947568198
0.0122413202228272	-0.000470854453049004	0.0112029323570896	-0.0190740561481068	-0.00432438674946751	0.00195841957017913
0.0130949719318005	0.00185073021597957	0.00342372231135388	-0.0131742588970757	0.00355178640048952	-0.00410541870518901
0.0132326462069902	0.00306941040258157	-0.000390128191377316	-0.0115275320488082	0.00475677969428589	0.0121725067564827
0.0133269537905745	0.00363098130312692	-0.000957844822511475	-0.0141803747036258	-0.00113279720166082	0.0124772103157099
0.0134970051757486	0.00369141427730159	-0.00656658665712159	-0.00239758652768264	-0.0123311405815232	0.00460149226299094
0.0131766503640535	-0.0156154641529763	-0.0174901997582593	-0.0127628115727619	0.00237077304646736	0.000647808131777611
0.0126145064125586	-0.0160386492948837	-0.00787249307862908	-0.018176834269385	-0.0216765288876959	0.00853110093510433
0.0130045918915681	-0.000526207563589004	0.00527339379695379	-0.0118350954004222	0.00716120998200063	0.00256875542850779
0.00768417137374023	0.0024493130843669	0.0347028011187923	0.043872431250114	-0.165526401208742	-0.00688774656127445
0.0116351236237439	0.0109804452994902	0.0109626013328868	-0.00051619605437559	-0.01390687034142	-0.0129121291110251
0.0116895894947862	-0.00743280114907462	0.00208064647748312	-0.0105476060977488	-0.00908577451142365	-0.0110126075879965
0.0132097828224924	0.00740169202556253	-0.00263409621807054	-0.00290219182886035	0.00791597475685794	0.0129740289757441
0.0127978157348216	-0.000311460069127345	0.00128385207469419	-0.00738144339349981	-0.0101427876916579	0.00771602844073051
0.011643455043441	0.00397550935514498	-0.000653124968208898	-0.0206857362944623	0.00651627126093686	0.00254199456726155
0.0118391508638105	-0.00464275076243677	-0.00255330282969702	0.0210562133284386	-0.00377398571906573	-0.00269089824794368
0.0123194283076147	0.00143710475826679	-0.00553262811952378	0.00655707957207437	-0.00675947926710972	-0.00820477818872745
0.0133456801192666	0.00503327312625263	0.00227460073805619	-0.0153735895522932	-0.00437674379642007	0.00249399339373023
0.011793909081905	0.00124816960387062	0.00684352880632281	-0.028402295213337	-0.0125042524454414	0.00942495333925551
0.0134465912575832	-0.000407597325389819	0.0028569339236814	-0.0178301482298064	-0.000385227995599041	0.015919348125736
0.0121071843236352	0.00274708883844008	0.0116351799718682	-0.00273597192768673	-0.00716171195232252	-0.014835059521631
0.0129969639254904	0.00529220952385445	-0.00290520188184181	-0.00398297630973565	0.00238059278132541	-0.00949063987549282
0.0118768500923326	0.0110036986944141	0.0133075816728805	-0.00341220068108646	0.00352049955377241	-0.00134275939647739
0.0134343087066165	0.00470085438438262	-0.00954889580221001	-0.0125991185118525	0.00242625018581372	-0.00254799375736004
0.0113530573708363	0.0152124148016733	0.000724829021774117	0.00606431179351864	-0.014076669394738	0.00817286296593739
0.00949923134484554	-0.00402802207428207	0.02719338177764	0.0279095728477649	0.0443686827974265	0.0201517552063186
0.0124199354626872	0.0246987784607605	0.0113397101837356	0.00912968753292403	0.00655868138388086	0.00880539884802965
0.0124021977913531	0.0241506521122807	0.0108635866292092	0.00997154351141383	0.0065360500715308	0.00927641386193698
0.0096864947931633	-0.00166328910607183	0.0129918376787671	-0.0121711310683542	-0.0214229533828693	-0.00137801506692885
0.0127392845091174	0.0216423010227873	0.00667212514001998	-0.0114105208488903	-0.0226205438907392	-0.0164661898309971
0.0126286906591285	0.0213550883218384	0.00469965636917512	-0.0106819636726073	-0.0195969672169954	-0.0175711481679328
0.0125477042731074	-0.00117498732360756	-0.00301883571775604	-0.00851883532208982	-0.00480203232406978	0.0130189764263725
0.0134113911983147	0.00431004085576435	-0.00968850362595382	-0.000114919561204055	0.00963852433278997	-0.00749626449954671
0.010761667671408	-0.00261434333804423	0.0162281886814014	-0.00976478677733948	-0.00195257445762781	-0.00948673776816985
0.0128382394015734	0.00734075972930926	-0.00303623709951478	-0.00162885361648322	-0.0072192050336299	-0.00487292700508977
0.0130297001371566	-0.00103322990343742	-0.00123926112983208	-0.00325608082182397	-0.0189831818055551	-0.00756385488709899
0.0128033066464559	-0.0023779502746422	-0.00737201471050938	0.00598680813666685	-0.0174364041399342	-0.00523381096856639
0.0121641215845525	-0.00735251596380278	0.000354470811721795	-0.010205487184664	0.0150545731724439	-0.0311974357286055
0.0134392704157734	-0.00864245885035088	0.00422867851563377	-0.00736805052753328	-0.0033696717808755	-0.00538390401112403
0.0133059733405659	-0.0082075361457098	-0.00571044728530595	0.0137023173823135	-0.00390209606302984	-0.00228480837119679
0.0134752018457736	0.00134032974915813	-0.0130817679714598	0.00187994661342245	-0.00182686553385588	-0.00830004289710587
0.0125593421328381	-0.0065861478548928	-0.0179534352462092	0.00578367405729351	-0.00269223222614567	0.00139090454819821
0.0132172592416587	-0.00405170724843355	-0.0143401474359999	-0.00272107437736331	0.00119202822623707	-0.00559776725568046
0.0136477766091571	0.00286650555396132	-0.0146361801869344	0.00500509918381957	-0.0057583932277181	-0.0191203594999897
0.0134507572498024	0.00111631479638023	-0.0118980230181298	-0.00580503314661092	-0.00553585665088392	-0.00704709512165733
0.0133989340141762	0.00394338139576454	-0.013325919938514	0.0024966110535442	0.0133293628289458	0.00513842962442823
0.013326366121628	-0.00827197920428202	-0.00770989398448429	-0.0191948184829994	0.00231639603658115	0.0105588226248364
0.0135561221369965	0.000413153760265979	-0.0112638940048148	-0.0129853337993592	-0.00704190163892463	-0.00255986401655762
0.0121139887426893	0.000693051300876804	0.0090304654832077	-0.0154298855426964	-0.00423727013313273	-0.0159962384810624
0.0137757738413729	0.00272038711222152	-0.0116797799788246	0.00590063325708514	-0.00652244246769401	0.000399442291706406
0.0105790840871559	-0.0179216436695423	0.015892135696577	-0.0149904194439854	-0.0448428307584259	0.00469753704733886
0.0125192234797154	-0.0143204053343271	-0.018984433466076	-0.0018437339901989	-0.0093272922563001	0.0120203905563143
0.0119361236595559	0.000281141203731566	0.00185396538539767	-0.00565019767953353	-0.00811844506077426	-0.00250621338069257
0.0115671415127867	0.0110089590482984	0.00561054947018371	-0.000518193140411762	0.00662370906521642	0.00187269941935922
0.0117888875200784	0.0093963723098486	0.00642137407020144	0.000876299868182452	-0.00486496703804161	-0.00647273214996479
0.00791386383582781	-0.0559297836422257	0.0340257887566194	0.0644613364066308	-0.00745499418149877	0.00813068348830205
0.00948686703675994	-0.0259663799260727	0.0339019516679701	0.024203584502415	0.0132080505518585	-0.0157715929375153
0.00878893257663067	-0.0366117282962907	0.0038983808152542	0.0123087858871116	0.011201710805457	0.00449750207994941
0.00885067054955491	-0.0264961680379821	0.018991447532922	0.0367810492379581	0.0360439164327109	-0.0102884214793737
0.00756314844595114	-0.0717898218214566	0.0185994606570821	0.0702532345419065	0.0367416989134012	-0.06765757784106
0.0112938409792298	-0.0198088893681131	0.0075128971472562	-0.00581689328717633	0.0108528037578876	0.0318047941643861
0.00934180402293467	-0.0312421299671213	0.0118469877426578	0.0613227040902847	0.0180779562056604	0.0145048718072501
0.0066514970411837	-0.0188954283624067	0.00539357690723859	0.0945826729791455	0.0637360947474128	0.00730258193181454
0.013354801248969	-0.00244653943402519	-0.00390554192112206	-0.00200093942822678	0.0124709693178552	-0.00936303529039584
0.0122479221220504	0.0119932155864605	-0.00242681822594747	0.00413147559056687	0.0134454572066997	-0.0143443992118242
0.0100610067597372	-0.00201832943098074	0.0122543160418064	0.00436716162610915	0.0315592046810975	-0.0141376839258907
0.0125169888304925	0.0064445780576281	-0.005535128443583	-0.00172104222737005	0.00161700835458247	-0.000415307120423757
0.0125173197980338	0.00187958983878985	-0.016303156950402	0.00993999916784034	-0.0111771561020407	-0.00316193287756174
0.0126205586452544	0.00193265753071657	-0.00979577317826069	0.00311225950260715	-0.0154311304741952	-0.00637433454958755
0.0101250629682588	-0.020722533351494	0.00545228208955056	0.00942377449089586	-0.0146982969758758	0.0151956735549541
0.0113729714904184	-0.0191384833253851	0.00254157915606183	-0.00300379935708958	-0.00816999708887967	0.0157948619251639
0.00983048561471327	-0.0260478078955418	0.0176013179599832	0.0246797574224766	0.0154886021907695	0.0134819503563618
0.0127139997459709	-0.000587779014332312	-0.0143458519629188	-0.00159048312118587	0.00706230956073088	0.00329081256696189
0.0133022606188519	-0.000963168579859338	-0.0126064106943041	0.00666920297060685	0.00886914937584597	-0.0097699890809437
0.0129514746306322	0.00447807204744462	-0.00111290493746623	0.00664567033494662	0.0058687784556423	-0.00279829756452591
0.0132356201910523	0.00528683451401815	-0.00806707705161821	-0.000965195274238122	0.0109248802202899	-0.00881228937847217
0.0128415461685657	-0.00344114815532568	-0.00989458545883565	0.00559904204322341	0.00284321641285694	0.00149660026636235
0.0137700637320306	0.00535859306150396	-0.0131461889264639	0.00798977931777012	0.00335129806735852	-0.00243785537490209
0.0129662666834926	-0.00754607222971538	-0.0139401965242989	-0.00838308412893755	0.00230319351228361	0.0142565176994186
0.0128081620715002	-0.00252941272992542	-0.00628818594754312	0.00941830957846476	-0.0082533285165822	0.0194572532006934
0.0131886535529744	0.000374849311557264	-0.00484903078334551	0.00921626756092244	0.00627087061323321	-4.04451543112479e-05
0.0114097934996398	0.00236347771119249	0.000903171152182464	-0.00201834738000755	0.0059233972057061	0.0126335136090042
0.0114516451458143	0.00376166776865888	-0.00239966166990519	-0.00309927643640607	0.0105791155507975	0.00801184003671323
0.0129974990637891	-0.00408813246705154	-0.00740017316693745	0.00853886866890011	0.00263254866883798	0.00247056462389679
0.013963509892821	0.0160022957751967	-0.00528107914933315	0.00483132258179808	-0.00615454105188485	-0.016152057603074
0.0142726389090506	0.00496884828196398	-0.0101277093713854	0.0132728640237983	0.00719799365479925	0.00636203590650565
0.0135475380076805	0.0155031671217193	-0.00102162339843151	0.00133629537787823	-0.0114961971578896	-0.0230761793723415
0.0134921256962048	-0.00704676169523454	-0.0124143111595633	0.00674483076475834	0.0129856734843957	0.00249642447742951
0.0134440290657843	0.000941731712436232	-0.012525053591084	0.00625726835684996	0.00549812455151225	-0.0004505008800258
0.0137072487314855	-0.00227749896629938	-0.0115866339192887	-0.0055606966150198	0.000675941788153111	-0.00871043403075664
0.0138167080305821	0.00169703170716506	-0.00619260104507755	0.00832670560755269	0.00485831428067054	0.00151760909969403
0.011370078674373	-0.0261376423210887	0.001038045221892	-0.0178073700700999	-0.0214719598215459	0.0117079217763157
0.0117271770828658	-0.00501716396312056	-0.00173971079307016	0.006903731802641	-0.0203590139651615	0.00831567783936246
0.0130282281062098	-0.0156756654014635	-0.00807413661092201	-4.50200832148363e-05	0.000598567878234087	0.00966177679198109
0.0133308138255701	-0.000694232702725674	0.00167847171245498	-0.0101476122150728	0.00599035638703825	0.00174588957254991
0.013515042927112	0.00139478374715923	0.00118756400549094	-0.00819244912740029	-0.00104090214410054	-0.00491248286507864
0.0129438670000818	0.0120750837506771	0.00154867824822146	-0.00305237384597945	0.000279371320523247	-0.0158984602185733
0.0129456325944929	-0.00138491236104205	-0.00828589751474883	0.00845376966867226	0.00770352058291189	0.00160369216229985
0.012718203605476	-0.00155556056333972	0.00190001381124206	-0.00731947980849725	0.00310256117615924	-0.017575765804818
0.0126500247053225	0.00455238759759038	-0.00204515675412084	0.00629626631100013	-0.00771217631124491	-0.0136195156194477
0.0135695478147099	-0.000154410552882386	-0.0125423680250201	0.00859186564994642	0.0129420934128663	0.00837166444382587
0.013491238078511	0.00102442093328471	-0.00535226677585026	-0.00400617107389705	0.0165539010898399	0.00543705884395216
0.0128533101688361	-0.00927239699598436	-0.00626304175193842	0.00234047118904262	-0.00308914406457203	-0.00706716265911709
0.0123470623312187	-0.00338597339025555	-0.00411291058757995	0.000991924039750062	0.00253593926442226	-0.0056298030973226
0.0118294682788359	0.00266462481151906	-0.00455844528191192	-0.00176104405763401	0.0117266264345479	0.0128456455567683
0.0116482695004631	0.000767146972676392	-0.00322794573720731	0.00920321585065702	0.0104344578619839	0.00309511122617822
0.012587059763929	0.00899686360289444	-0.00418457902291286	0.00872452765681474	0.0278488711310563	-0.00142770697478731
0.00931209205470861	-0.041083270061673	0.0254339494361026	0.0044638440849678	0.0191862495579298	0.017702751589154
0.0133232155697892	-0.00358545586926165	-0.00124462139242851	0.00633334343999154	0.00452438418764353	-0.00751943749000848
0.0128066425186627	0.00202931149329883	0.000351760658223123	-0.00467718614615632	0.00678149097795123	-0.00903295775409273
0.0114907637840361	0.00441776061922144	0.0170345710537003	-0.0162517857942478	0.00828765337179301	0.0140860359530096
0.00973854848868606	-0.0166552254075383	0.0112207073450871	-0.0116629577675443	-0.00645352889503253	0.0103173912294333
0.00919851664286704	-0.0212948233417103	0.0475251108700176	0.0194473429835206	0.023014413368692	0.014716178667731
0.0126227647496486	-0.00290566399411618	-0.0160743272627702	0.000467309847041507	0.000300732022039902	0.00958874689856838
0.0121788711842939	0.00693834186974701	-0.00189206600334102	-0.0188342131408171	0.00615027499102553	0.0111178572626012
0.0121523705872785	-0.00678193992381492	0.00805090264908274	-0.0110687204113635	-0.00155400348283406	0.00454608891057254
0.0118645091654989	-0.0358538817541067	-0.0320405351871156	0.0415896738188212	-0.0115642951544287	0.0157693469273624
0.0135226054387562	0.00156690111329325	-0.0090059339611159	0.0030659695253335	0.00401942692439665	0.00679116374463276
0.0134306895289422	0.00479820713647645	-0.00543470600967842	-0.004011727810619	0.00564390710936059	-0.000584760539460414
0.0130627528586684	0.0152320093532524	-0.00229354038842503	-0.00833121690575686	0.0207946669132965	0.00414991472038378
0.0122836943691199	0.00452142271452691	-0.00023963201813492	0.0103494390376359	0.0103833059675419	-0.00452048197856874
0.0121716842684865	0.00122578750510458	0.0111275570369744	-0.0208794854237145	-0.00968213183480321	0.00556117973201038
0.0123059769245547	0.0110094019509419	-0.00685178524129153	-0.016015948229161	0.011273741043481	0.0112876776974803
0.0126225005025004	0.00667339636973344	-0.0093738623634048	-0.0152879276823819	-0.00121978206194236	0.0095398906420177
0.012792322309942	0.00227711451085345	-0.000308492722925631	0.00227211295053148	0.00306080825102888	0.0117744815202529
0.0123182111396854	-0.00364683608002586	-0.00290620792638557	0.00332401567076341	-0.00582284905150348	0.00866337842272349
0.0125431166412308	0.009671406379583	0.00330526127969501	-0.00436188148533803	0.0147644604885239	0.001647773124819
0.012383573420826	-0.00628401965519658	-0.0125400901139684	0.00659403694608377	-0.0118500515060519	-0.0271614393553185
0.0131196993026755	0.0010032593095016	-0.00904498780499428	7.14173784877488e-05	0.00272035062560726	-0.0114042340145698
0.00906491144391686	-0.0195422751623373	0.0216051579050523	-0.00390640055392572	0.01895556528879	-0.00895255413888712
0.00871636833439298	-0.00779808165730592	0.0363437731468241	-0.00462148145588738	-0.00573159227684484	0.0255666344796328
0.013194448803516	-0.00540011325741202	-0.0100810759528146	-0.00544682170678814	0.00952210504954211	-0.00514990474099516
0.0121546924636161	-0.00698428431553773	-0.00129290586863695	-0.002794936471333	-0.0110983423175715	0.00371125197590661
0.0119232570604494	0.0221192973109304	0.00826971602212044	0.00231117501072796	0.00865628998411132	-0.00352036969882562
0.00933443564877347	-0.0102507932283754	0.0249186970893851	0.0290834287512469	0.0159937080127811	0.0122229116933897
0.00890050889578255	-0.0109115472960459	0.0213909367054722	0.0200700476064451	0.00211885966648569	-0.00137591814369889
0.012501731410446	0.00417487372426767	0.00140650329765158	0.00618491269683045	-0.027281229534758	0.00545094801884348
0.0135694725276223	0.00609213394505643	-0.00111137575428481	-0.00697961720233698	0.00194558010265132	0.0133067511070863
0.0134986550483479	0.00107408922495513	-0.00688056104708785	0.00108515247657127	0.000832493423717056	-0.00269326704188353
0.0129643780256797	-0.00350647277472434	-0.0181819739813421	0.0103008094985318	-0.0168466074981042	-0.00954548380146313
0.0116923871584864	0.0177988365888938	0.0165995377314847	0.0084078791384445	0.00140014447295891	0.0289242801134987
0.0120775268036613	0.0103559956454965	0.00458341515812715	0.0122593105714042	0.000402892337849913	0.0230912124621639
0.0121633130885821	-0.000531126458337921	-0.00037008941944192	0.00272243005229594	0.000718483988638717	0.00697279331426855
0.0122091595143707	-0.0140563210469229	-0.0102421900984627	0.020385792647459	-0.0297392315671455	0.00728663652788857
0.0120396952858915	-0.00288163990598824	0.00792738612369846	-0.0100409085882124	0.0186436559857031	-0.00167128537968592
0.0117851996168356	0.00142603703191598	0.00487175225978618	-0.00763994629812874	0.0124317384270555	0.00640381261806387
0.0133245457674914	0.00127570015198189	-0.00478651319653524	-0.00506865532332921	0.0174446006414099	0.0132750678151237
0.0122790640586468	-0.000962988843025392	0.0034069226362824	-0.0117248635484532	-0.00307624981050292	-0.0119572797850574
0.0127659313258258	-0.00219204917158679	0.000451814460220048	-0.00867782161486917	-0.00112490399617432	0.00306688972451107
0.0132128009889183	-0.00252577820326696	9.041623503448e-05	-0.00393169868706077	0.0106652673656339	-0.0015926067146865
0.0118373613845614	0.0065924799243227	0.00990031578285595	-0.0106810830341222	-0.00391694136869606	0.0207781356483783
0.0128780670103699	-0.000586606815735021	-0.00742452628309944	-0.00914785615012967	-0.00167935083829248	0.0103902483852903
0.0123722403596969	0.0167402950939379	0.00947862627410995	0.0219962615700974	-0.00648714837522752	0.00171100934508277
0.0114855871001272	-0.00776788689790935	0.000953500943887412	0.022102203564926	-0.0192718251682495	-0.00644347832585629
0.0119602766868095	0.0141424100517763	0.0101339489982608	0.0103419784578603	-0.00973011691855221	-0.00478046617948777
0.0091634480952942	-0.02866787837578	0.0148117465488976	0.00731903661216382	-0.00165844644189625	0.00869845573703993
0.0125374150114014	0.00430432269897972	0.00219262492351605	0.000891601334988028	-0.00953458277324682	0.00739491533869336
0.0129408705276428	0.00694329789647175	-0.00575850493063938	-0.0129878315442094	0.00192911821286173	-0.0111951166505287
0.0111953428819304	0.00494967210038157	0.0204314310491125	0.000282353692756527	-0.00351735085814759	0.023633505889234
0.0137804342155977	0.00425366187318615	-0.00551037322797205	-1.90872734831884e-05	-0.00584647162759807	-0.00473559559697963
0.0119813733764459	0.0097037902922681	0.00401063792032898	-0.00226254592039495	-0.00578698018378999	-0.000901187277946509
0.0099182816670712	-0.00518231576847083	-0.00379691728249431	-0.00429066988280561	-0.0297198618478866	0.00525583994898969
0.0128534580503504	-0.00388225863726493	-0.00229040878418236	-0.00831947753383085	0.00786049275370694	0.00204809124782941
0.0134980487434775	-0.0050216362883927	-0.00635048115705244	6.26409563448348e-05	-0.00274048306793702	0.0053109792946853
0.013101702698715	-0.00173844027210416	-0.00549120772862914	-0.00167086999976621	-0.0011926673818061	0.00577032120517563
0.0090125941436811	-0.0304119575145117	0.0327270232326365	-0.0184489397809586	-0.0140440542373091	-0.0379949244402955
0.00977543717379586	0.00476110845766562	0.0210459611644918	0.0348101328663737	0.00776803902713638	-0.00201805564089905
0.0123400978686929	-0.0209734328188931	-0.0208214359482048	0.000500758771655729	-0.0202284131203706	0.0117333936056316
0.0130165390624444	0.00515727604615924	-0.00901977056950557	-0.0057162540697908	-0.00062599171983412	-0.0121012125515452
0.0135244129667435	-0.00869548707444644	-0.0125382392160594	0.00829744061399316	0.0112813664663179	-0.00593578397011258
0.0131777065640125	-0.00657211152332309	-0.0097479877842379	0.00307652780784764	0.00381684320920267	0.00117547545537974
0.0112077584190976	-0.0046581128093284	0.0150599953198906	-0.0154434337435291	0.0195260775366911	0.032824795244214
0.0131349197982461	-0.00263157314806419	-0.00838295771476243	-0.00210309954608486	0.014266795782744	0.00392195571160159
0.0134322074384367	0.00182112703639209	-0.00579209896765583	-0.00558744578741932	0.00732365698469675	-0.000673705755648042
0.0136742464943165	0.00198932719149852	-0.010698937906472	-0.00193699804531647	0.00493807938604907	-0.00248004532914631
0.0128335114503146	0.00918513016763443	-0.00033099274626896	0.00900700188123387	-0.000122714471962776	-0.0181058204373499
0.0111036199139829	0.0464152344548917	0.0303171799609754	0.0147498908994956	-0.037085754510369	-0.0222424893309319
0.0133152449989085	0.00143864268338597	-0.0103781271346144	-0.00697772064778763	-0.0131795442763898	0.000800407170818284
0.0127747004535255	0.00786581658974621	-0.0062893848236477	0.00400829453570372	0.00976041913126088	-0.00422987543835826
0.0132184589875585	-0.000563220416939987	-0.0113823976096042	0.00387834473704603	0.0114600864248028	-0.000541149642387738
0.0137201313279881	-0.00180296677159866	-0.0126667738680476	0.000976410234556048	0.0123968613207431	-0.00708890676558256
0.0138970911053594	-0.0033155302344971	-0.0175022825427414	-0.00100157562289786	0.0141965958302765	-0.0075302050086647
0.0130638261973291	-0.00466246567230601	-0.0126636435181333	0.00900459834179508	-0.010514201701284	0.00407252461586648
0.0131463358084865	0.00124732167870343	-0.00486205458911704	0.006914555981194	-0.00161397175272161	-0.0132277438135781
0.0126433792147433	0.000571564019360189	-0.00760604060347923	0.00538482677626515	-0.00209571852743456	-0.010738993409542
0.0102476468616815	-0.0108512725270345	0.0122299339861811	0.0335011785139362	-0.0316337067219358	-0.019749399433995
0.0119950854533536	0.0134144843726915	0.00282681893696947	-0.00533198434094681	0.00833715688615211	0.00867755102586606
0.0135251976868214	0.0039091401817596	-0.00490850081759544	0.000892678840134113	0.00962170849296379	-0.00307966695842365
0.0123965572918399	0.0299064935352356	0.0100408252262414	-0.00198778996621505	-0.000651817541439762	-0.0020572182758135
0.0129552617856496	0.00322233003192972	-0.00559789322992407	0.00377009373118042	0.00583945174529531	-0.00592459176143992
0.0134844988164058	0.00149123420770981	-0.0104380990092218	0.00200346757999551	-0.00765888495912546	-0.000810060775555105
0.00850769043234485	-0.0369408022201336	0.0526018566136619	-0.00396251141397364	0.00502209393768041	-0.000431502737161627
0.0137351835550329	-0.000816119052077343	-0.00295510699604674	0.00788961848135804	-0.00640824518792113	-0.0112382027860554
0.0140924276944236	0.000951092988759729	-0.00956238625581296	0.00366209552131076	0.00557234814533665	-0.00946237218651683
0.0134865570574699	-0.00243611226236227	-0.00195632557776785	-0.00105861571715829	-0.00523893342042469	0.00492392545396705
0.0138324229338755	0.0011031144210143	-0.0174030758999141	0.00955980828190164	-0.000241404186299158	0.00114930915027541
0.0132751673546884	0.0103721331333612	-0.003427924355919	-0.00807115512656065	0.000852018261771633	0.00263392885300598
0.0134462364042989	0.00751366937827151	0.000746644722703843	-0.00884609205683126	0.0101674632276111	0.000606280661846456
0.0124280260415393	0.00174990918193715	-0.00326399895721162	0.00302147099695923	-0.00995001965538075	0.00024411668389472
0.0136780571513402	-0.00362679019850985	-0.00937938106851866	0.00525421707821494	-0.00525144405840417	0.0060013828692451
0.0119655423024155	0.0266051258625631	0.0239882495069091	0.0121924426340217	-0.0255205372533749	-0.000599083374125728
0.0125464150543187	0.028864083406395	0.0183173374210528	0.00489038063779068	-0.011268451031314	0.000567990906876428
0.0127154874187508	0.00592873066705803	-0.0030455542133546	-0.00116510926200711	0.014134250743437	-0.00258614585663104
0.0136503361763454	-0.00820873333798938	-0.0120190845121191	-0.000313528837083786	-0.00540194819111768	-0.00643329908967803
0.011166213135223	0.0255228916177751	0.0320702997963495	0.0328491403366435	0.0234788217406367	0.0118740347105476
0.0124517133127915	0.0132347369158766	0.00137125276813888	0.000723266684526327	-0.00541029326291844	0.00388011221073243
0.0126032497531185	-0.00184658589013064	-0.00831425260998255	-0.00573423970156771	-0.00820699597231494	0.00702352606110835
0.0122264369054221	-0.00142326255123389	0.00126981420523698	-0.0218009785978197	0.00186926480755547	-0.0084786865547767
0.0120597109857188	-0.00636842269417979	-0.00107201626279804	0.003506194832122	-0.00392266234686614	-0.00922686927993062
0.0131162737960796	0.00483554226677666	-0.0104531598529154	0.00330004573167474	0.00236041500708805	0.0141955712230251
0.0134750303430689	0.00964517928710129	-0.00766365986048677	0.00516372421287193	-0.016250962376203	-0.00964301142300982
0.013253024361711	-0.00234069732335892	-0.00878859266137156	-0.00207395301066926	0.0114173980691989	-0.00180762797459009
0.0129505509623936	0.00451088921565136	0.0049130417313894	0.00483734290246689	0.00282275857715547	-0.0016945742897034
0.0122814492706783	0.0177434399104273	-0.000817658638309344	-0.00436078920857361	0.0150185464946521	-0.0064593755377506
0.0133923255791459	-0.000711853212889716	-0.00476641894554635	0.000457399372534046	-0.00312227243039535	-0.00814658844212804
0.0144446635320209	-0.00537698836652687	-0.0130807337891683	0.00795377757227382	0.0082424358110919	-0.00316183081717662
0.0143891431934234	-0.00285091695249968	-0.017423738282607	0.00246199051759267	0.0120466930110824	-0.0020237818264785
0.013276668794301	0.00436642830686578	-0.00610184408772064	-0.000638666809863543	0.00126036047268832	0.00246322224611533
0.0141382681345776	0.00403413294981585	-0.00925382782630144	-0.00293193232378419	0.00638512967039709	0.00377271605087033
0.0118778677504967	0.0070122571693358	0.00791972483795507	-0.00231092930416034	0.00213432540973023	-0.00126923963309499
0.0126827119444476	-0.00829653644202941	-0.00227509819827302	-0.01082392146175	0.00130624296129465	0.0125132557576789
0.00947671355539925	-0.0246823003897286	0.0176461362904514	-0.00628549783491323	0.0145458343940569	-0.021266382661272
0.0109898124859086	0.0119597229970384	0.0232154556193971	-0.00531184612642291	-0.0341919562776535	-0.00607812399735371
0.0118037129787533	0.00221976453867589	0.00287419203692225	-0.00100789264240756	0.00824217239568277	-0.00724397439186153
0.013496408349805	0.00281934018637636	0.00434317011902257	0.00601026469979285	0.00476159295342321	-0.0144703107312316
0.0124996000256666	0.0130691199087586	0.000708267935367994	0.00407948552385384	0.00544152084334393	-0.00584956366879366
0.0136520193017024	-0.00374184613899179	-0.0122891788908243	0.000364319688986017	-0.00534198279615141	-0.00834883728241074
0.0108473518923223	0.00608983086037034	0.0237811034811236	-0.0199801998405735	0.0380897430484889	-0.00494460872901946
0.00996916115322364	-0.0260971419023532	0.0203798461429597	0.00520350016996939	-0.000250644174327229	-0.0159683305381593
0.0130747018807571	-0.00167451294998614	-0.00808115540261442	0.000931975381314897	-0.00709073702802041	0.00592694429887474
0.0125820507611701	0.00244936049576223	-0.0099262878716025	0.010822097074478	0.00424880463226716	0.000873760945275043
0.0129595009122944	-0.000820249928091255	-0.0012143930940861	-0.00722846200167411	-0.00890203168535514	0.00682824919570991
0.0124822053150953	-0.00199845138388091	-0.0016081990750997	0.00385784188891973	0.0214425963387683	0.00559230552837655
0.0136024331550551	0.00092716956389898	-0.0101369236040393	0.00666255811874386	0.00627874162913152	-0.0102996628196019
0.0133713182769162	0.00649121137896097	-0.00212343374032529	-0.00236864410438572	-0.0145173880314265	-0.00776652398744534
0.0110695006498959	-0.00135210127350762	0.00597501446869737	0.0192653484508938	0.0208348100281865	-0.00825920331727095
0.0129255904570507	0.0068096020389422	-0.00879929582097271	0.00673596212737292	-0.00600455238796872	0.000599334681382398
0.0128926292198601	-0.00414634442126836	-0.00108133799123235	-0.00395405935939683	-0.0209946160980786	-0.0122156980492028
0.0121499667150274	-0.00856436597120244	-0.00844118653360081	-0.00598813847367898	0.00543966083360628	0.00343793676221499
0.0139249590130766	-0.0021018448563946	-0.00942261502708158	0.0134077881006005	0.016199280315516	-0.0053203855665032
0.0137211397724024	-0.00127099556004412	-0.0111672793776204	0.00462688933033929	0.00649453146091083	-0.00459630612030529
0.0120360843306568	-0.00571858936580443	-0.000520045231283031	-0.0043759262841235	-0.00719467494955443	-0.00927411854391254
0.0126316759994652	-0.00762959261338608	0.000866134000309196	-0.00464809331600758	0.00361241959402887	0.0124460383726144
0.0114319039731379	-0.0106951638792184	0.000832024774343353	0.00623641057904891	0.0118160548940253	-0.00242174385490297
0.012947370301798	-0.0115200175804581	-0.0120022790600794	0.00670052751033939	-0.0128047821988126	-0.0132944669158961
0.0137598450474285	0.000504584785352359	-0.00877458757415381	-0.00197959056932629	-0.00253605673823063	0.0113012441059201
0.0116464319888999	0.0261498564848237	0.00639575964167768	0.0365666701652906	-0.00882743169637365	-0.00883715776298526
0.0124375570827715	0.0137359795705411	0.00924516067236174	-0.00235670726871364	0.0075456771003214	-0.0146732919691056
0.0117738087373132	0.0274535198067206	0.0256382938049673	0.00353022453261287	-0.00585656736549547	0.00715791423741777
0.0123856412239066	-0.00127323889044126	0.00878525081094308	-0.00521370644875275	0.0153736948990061	-0.0115094304980885
0.0130935241724927	-0.00317479871605076	-0.00552731227663642	-0.00337114194409226	0.00364073131992975	-0.0104310260187431
0.0131881755550063	-0.00198987127151763	5.52789684049877e-05	-0.0104062655163351	0.00565622716018778	-0.00933396759171318
0.00995012257237535	-0.00684907768831796	0.0164067000502575	0.0071120193212403	0.0110270571345998	-0.0224133343579
0.0111018265220074	-0.00457858960877533	0.0295735024788371	-0.00366790772855904	0.0114279373997069	0.0257920405522827
0.0131652496139283	0.00393289009481707	9.47608864588769e-05	-0.00411224356846643	0.0113384332233735	-0.00616239557771182
0.0131233946093453	0.00329421234761281	-0.00493275842958617	-0.0197088899228341	0.005538121593706	-0.00112453502190289
0.0129835933979394	0.00620875000554824	-0.00416310266480877	-0.00899239220208362	0.00340332998557073	-0.00268878550110546
0.0137170097063627	0.00177732702056451	-0.00802082035196079	0.0076867117971667	0.00154751538227239	-0.00616955439167317
0.0125849126066119	0.00203251572443174	-0.00526502018218241	-0.000949624529730347	-0.00784068608646967	-0.0018838971007756
0.0124777454709941	0.000766993532593125	-0.00738741432624851	-0.00579623443420337	0.00737414339203964	-0.00646148502971865
0.012909367732463	0.00699371143587125	0.000494664175833325	-0.0017832576093251	0.011921961548667	-0.00222119671275586
0.0127532660311085	-0.0052670263331682	-0.000398879035774183	-0.019281208993572	0.011070539177359	-0.0142044014618671
0.0105054651561598	-0.00350988108043399	0.00619086374032919	-0.0298912848234946	0.00513980345067299	0.0281159662738119
0.0131089186223059	0.000219363793230676	-0.00167572681796206	0.00191998167517831	-0.0177912611860041	0.00724615665615247
0.0124470493305877	0.000501857880268018	0.00688456463000364	0.00911700735138831	-0.00724870775353363	-0.000720460062267299
0.0129391410643508	-0.00556310534445522	-0.00156649303801637	0.00384136782206514	0.00783042939951788	-0.00676866759560675
0.0131060388115985	-0.00910917608847866	-0.00874966456830905	-0.00897027377148206	-0.0298047993078798	0.000612680232978712
0.0118326190117582	-0.00664800196784871	0.0132910672025292	-0.00234549663283718	0.00169694739749316	0.000424597153612974
0.0128437156505636	8.10572577720405e-05	-0.00740852159579034	-0.00750663069463572	0.00767518924007218	-0.00696934905428356
0.0126189714576877	-0.00284696627867286	-0.00775899925643883	0.0171589753488964	-0.00384497793951414	0.00771977487314972
0.0126832891201158	-0.000179609823030472	-0.0042141122471976	-0.00402055899098523	0.00484825408968627	-0.00690479068567649
0.0128652623849332	0.0049306363046252	0.000901792022631615	-0.00074043327140652	0.000331075343810486	-0.00207097157713764
0.0131918562292369	-0.00305520441888128	-0.0126496532793707	0.000855591733132638	-0.000301058217328383	0.00148608637326752
0.0113867983828194	-0.00545701937872646	0.0103432833317453	-0.00690290292219447	0.00562200054745062	0.0129390332343182
0.0122188485610836	0.00239293486223163	-0.00181480922327556	0.000713963003091552	-0.000459920987281013	0.0147028998838215
0.0139695271286799	-0.00156558180786545	-0.0136477189615077	-0.00656316705390677	0.0174994835192222	-0.01243883429716
0.0127714529858059	0.00172240083839562	-0.0118776190521608	-0.00594523032403154	-0.00710536141985042	0.00369410892834981
0.0127978251591151	0.00270882349776027	0.002534648936374	-0.0116553960003816	-0.00487196358918208	-0.0043434598938071
0.0130635749114668	-0.00745519047842222	-0.0106383261364852	-0.0107388993952089	-0.00487740622538234	4.31044684076876e-05
0.012477190951852	0.000579386560873413	-0.0027096166283267	0.00751505195539514	-0.00374256125488041	0.00210521671778106
0.0130155775577774	0.00305410648128786	-0.00136940289888377	-4.02994391885078e-05	-0.0050657144310821	0.00394404203012385
0.0119679100493432	0.00966930286063743	0.00480739594158427	-0.00623131261282411	0.0105670371519787	0.0086448234646535
0.0115794029708393	-0.00325894026158923	0.0134535433189025	-0.0206778681935123	-0.00802191220839043	0.0151785654427356
0.0131528229964313	-6.19609976260907e-05	-0.000767359520412672	-0.0145679377455574	-0.00900563899481925	0.00261984074306643
0.0130089854154815	0.000569269902241881	0.00151822731172537	-0.0169289649618274	-0.0135454859712318	-0.000508084406343913
0.0131162617780725	0.000899232070242133	-0.000697633767382703	-0.0132768646952394	-0.00787778092553024	0.00412673082136589
0.01314746807974	0.00990943782860501	-0.00317719333591269	-0.0108397029620311	-0.00720492543901238	-0.0018014799178645
0.0118140715577363	0.00219970231491268	0.00562399117184537	-0.0165155508990127	-0.00944717708077076	0.0095052455705261
0.0123634840450979	-0.00176475986522641	-0.00343456807728762	-0.0127242234489759	-0.0233510519742231	0.000632076517203262
0.0122765423638297	-0.0198020261902436	-0.00933632590886561	-0.020176696659784	-0.0300057453379961	0.0115384966928724
0.011852687812376	-0.00182478165527303	0.00124294710351112	-0.0202507644095028	2.82306776486314e-05	0.018869648025929
0.0130746315975104	-0.00420310865574018	-0.00832077041507114	-0.017307943584888	-0.0093047524313339	0.0103933198892124
0.0108261993037217	-0.00778700263824928	-0.0151582399802767	0.000908266603899689	0.0104524543254773	0.0117948770662057
0.0109854015700917	-0.00610492098241019	0.00516521083315573	0.0179801424093586	0.0122583138098315	0.0211522002656824
0.0126577381140236	0.00331006747809005	-0.00763777614011068	0.000766835019171045	-0.00734619698452622	-0.00209272546630973
0.0131952840882009	0.0299623460914327	0.0111349590720646	0.0097583156406368	-0.000569060403364284	0.00368048157353415
0.0128637051520898	0.0280876742079403	0.0172853667227004	0.00835332167327327	-0.00846858132543436	0.00948523258736972
0.0116174752797716	0.0238045810185591	0.0121498676636781	0.0234810636021417	-0.00794669469721208	0.00624130050617998
0.0117904846587026	-0.00143023624041956	0.00285395708380276	0.000240875031474091	-0.00874149621783924	-0.0111401318912958
0.0129542426655512	-0.00653305121514714	0.000234188876306492	-0.0128729571646122	0.00322956217564492	-0.00310572407604962
0.012662417974192	0.00708466563783539	0.00673453375296883	-0.00670742207563299	0.000553990432680612	0.0042037687142386
0.0136026945045629	0.000492577986125169	-0.0107812415022195	0.005560640798681	0.00193353366486967	-0.000896634595252611
0.0133724310034914	-0.00143627931020029	-0.0116987420065566	0.00791496970983799	0.0082458890989537	-0.00115789231930539
0.0127098990726416	-0.000119332194199726	-0.00588428830787705	0.000447432040155834	-0.0092966096463559	-0.0100043588050062
0.0127195586772307	0.000658818343279766	-0.00390512117340417	-0.0124545970588578	0.00292403756870656	-0.00470625190962836
0.0121335403824727	-0.00627624349400766	0.00369398852862707	-0.020589359846053	-0.00186171890790132	-0.00463630125046631
0.0135888319973891	0.00463344383732782	-0.00884644029746077	-0.000770494956893821	-0.00121372879486149	-0.0115256321975747
0.0135278608816056	0.000283108623882258	-0.00865621488826364	-0.00509866028031474	0.0093223450211714	-0.00877810730794957
0.0136342064076942	-0.0064396664982698	-0.00891133953053944	-0.00296856652104546	0.000738156661872744	-0.00502417769503747
0.0134864178336318	-0.0123677950867271	-0.00865544489286579	0.00533518164719186	0.00202322266363332	-0.00435413999073351
0.0136237277675291	0.0064705233199358	-0.00144691017296467	0.00996414550132866	3.83297564394108e-05	-0.00731812233371427
0.0108281820230292	4.95617916966527e-05	0.000195932118475881	0.0175326191262932	-0.0368509584507379	0.0121398208631269
0.0112287122114058	0.00929266649037584	0.00345021538344153	0.00347137994702581	-0.0162236360657149	0.00159401451040187
0.0109207560562999	-0.00575730734917036	0.00765509194533714	-0.00720590284751482	0.00422892437936405	0.00268306560994669
0.0132555402542384	0.00938967818271611	-0.000326654348041231	-0.00959780764215872	0.00200888339295285	0.00796930109669913
0.0128632374101819	0.0183713135371759	0.021310452029762	-0.0236834646143773	0.00991603226689103	-0.00381564395957878
0.013455186666979	-0.00177253963147285	-0.00730151193714158	-0.0018026593522306	-0.00970341278340157	0.00764863437462952
0.0138667325097445	-0.0118637161995874	-0.0177648961012521	0.000164290034208816	0.00169356528363784	-0.0111021728332777
0.0123791440785752	0.00607374771089762	0.001122540750782	-0.000523055591659466	0.00576191937302976	0.00408000073390484
0.0108640206533793	-0.00257491904588917	0.0312014467699987	-0.0115290425997015	-0.00879740275568943	0.00170825536129404
0.0111956762762494	-0.0417014734798846	-0.019850242911828	0.0268118381910831	-0.0208735323699675	0.00964812678273085
0.0093816857726856	-0.0367510540156904	-0.00431591024868094	0.033692169948172	-0.0244415203910494	0.0249616115793105
0.0114349584594949	-0.0126876944511181	-0.0116655640995013	0.00681867187685174	-0.0150159504973773	0.0166450227405221
0.0115136441378903	-0.0110674409414862	-0.0106388534055911	0.00583516465767416	-0.0143826780447023	0.0138980232241925
0.0113331109102971	0.00740457690441007	-0.00152625117281469	-0.00198193292728049	-0.00803657216860799	0.00147086461407259
0.0129594726651881	0.000894997015747755	-0.00137890114908057	-0.0155273529882481	-0.00097347929456306	0.00313010359487336
0.0128858407911058	0.00906631096646888	0.00756563457480154	-0.0259165258013269	0.00788925220907466	0.000133659890845537
0.0134764288899562	-0.00488968458447433	-0.00416333007671128	-0.00699185040157976	-0.00295154238655426	-0.00128610991488829
0.0116068690443377	-0.0029659331388645	0.0128973602861092	-0.00475325957504818	-0.010971320316163	-0.0107165200662173
0.012735168270182	0.00304245447153715	0.00100318501003046	-0.00954681796156354	0.0209852577999513	0.00321005682621892
0.013544444051152	0.00549693485463151	-0.000351970448195334	-0.000676794627049119	0.000708932408682565	0.00356074586206473
0.0126503213864984	0.00286283612615385	0.00812669589250053	0.0022209308392834	0.00312512214073959	0.0131424583098586
0.0132996265613751	0.00602681709738369	-0.00248902848621053	-0.00281185132732592	0.0046857181206636	-0.0133051715773536
0.013349388892706	0.00199613029826031	-0.00293276316918029	-0.00229306983115032	-0.00364796346507396	-0.00569870729289931
0.0132617338657991	0.00242664700187491	-0.0082641941412227	-0.00957280149414958	0.00865497258911579	-0.00526014880966922
0.0127366587724867	0.00184887020771958	0.00316340233691252	-0.00633913272719923	0.00785340611675717	0.0171111539692474
0.0129883991712651	-0.0145480233668597	-0.0123653574861713	-0.0200470106749706	-0.000610268591868666	0.00634115459511728
0.012727710040879	-0.00192901157284062	-0.00255221425702068	-0.00579280433414033	0.0055858827048827	0.000899286600223271
0.0131193348900846	-0.00378134704096109	-0.00667496204547543	-0.00346261420985514	0.00527374889283763	0.00157849626813515
0.0116943580006923	-0.0161501845591594	0.00898470411724157	-0.0179814205771599	0.00604991031178701	0.013377722262725
0.0132453516010371	0.00287171770502168	0.00826681491032268	-0.00725213067877536	0.0023523804940186	-0.00524240407061452
0.0132632528459818	-0.00208585027044243	-0.00513684432723353	-0.0132946800281431	0.0108333402645509	-0.00784007719414372
0.0120944493483432	-0.00196129117823247	-0.0030750951928522	-0.0153277164669716	0.0130704258413802	-0.008382376542959
0.0132657578750972	-0.00848551041201469	-0.00801900733582797	7.34016649050924e-05	0.00855508885212801	-0.00806436202783739
0.0132246705239742	-0.0109356096716616	-0.00983677354356226	0.00303380976403672	-0.000889222598251038	-0.0102796279115219
0.012075572127639	0.00573446244479054	0.00762274781089969	-0.000853991560948673	-0.00166414706674646	0.0122539821294129
0.0117208562115078	0.00654190032232133	0.00385912222941939	-0.00456810892044635	-0.0182584079636028	0.00645290929586268
0.0142205358827699	-0.00874553157889637	-0.0160174801715043	-0.0121384863484118	0.00191209358301774	0.00396990698699243
0.0131238167565372	0.012738514241001	0.000825249151884451	-0.0108972695469531	0.00220963917850815	0.010933340408005
0.0121336261682015	0.00431405789512699	0.00754084616788799	-0.00241739403795034	-0.00260339553956461	0.00629975610576262
0.0136600863837223	-0.000515328275734917	0.000361802271746018	-0.0151540120153988	0.00072343003506586	-0.00528105932002187
0.0139062398290957	0.00163968089308104	-0.00581251518158498	-0.00765378460089964	0.00033320844855676	-0.00496364613033103
0.0123283533431149	0.00440073419554239	-0.00147385305969062	0.00609330911163585	0.000380958103234687	0.00660169446171571
0.0118048112223633	-3.5263056465118e-06	-0.00975750234275962	0.0148507839593328	-0.0196750781963022	-0.00164350590296817
0.0118437360716639	-0.00581627185388756	-0.00425188136654146	0.00306193084832895	-0.0242583032214789	-0.0116836077234854
0.0128678052133562	0.0324290032504594	0.0143241072170266	-0.00815845488143322	-0.00907372024641837	0.018259499852132
0.0135226357575196	0.00538674109270798	-0.00315401806533743	-0.0125832843069976	0.0013610510419168	0.00737334288453919
0.0138682499359409	-0.00137571973295826	-0.0143458604206381	-0.00260738175384778	0.00768424764946909	-0.00329097182341924
0.0128373713114089	-0.0050577439484402	-0.00852087807909152	0.0108071780300583	-0.00616020846530916	-0.000873634415288069
0.0131012556732928	-0.00426769443441841	-0.00586400014636627	0.00647420443763882	-0.0103462357741601	0.00751098917992371
0.0110288553449654	0.000268146732399493	-0.00485632718571459	-0.00353567761702539	-0.0208635412969159	0.0294297644025635
0.0117508090256221	0.00646855985534127	0.0021704200611153	0.00115515688408551	-0.0213704881845598	0.00637259401044168
0.0131527254992375	0.00374937426275223	-0.00790828834259007	0.0112811373823655	-0.00663487461838499	-0.00532103491325532
0.0105945963967553	0.0118023180228314	0.0223562296929683	0.00762769714484326	0.00490612143987378	-0.000809797607851419
0.0120889404166845	0.00300019983026689	0.0126935129696976	0.000221230719967848	-0.00581689163549559	-0.0113620772534163
0.0116022733600972	0.00531851138234336	0.0153566043769064	-0.00037884875889432	0.0106710506049234	0.00668188878194961
0.0120850992539993	0.00374241966611923	0.000960184314848005	0.00995669068489909	-0.00477475944886991	0.00691857778685928
0.0121475284392936	0.0119770227957807	0.00113838320312536	-0.011805722600542	0.0129407577788993	0.000450147670991387
0.0118772890239071	0.0146645367554471	0.0118068042825289	-0.0121251388213559	0.0159292946995493	0.0314249725596475
0.0130240839404795	-0.00129922005887693	0.00523307409073154	-0.0104985744603366	0.000714936979231224	-0.0115520927800427
0.013047970302844	0.00567576365927886	0.00661470216681473	-0.00741526982170675	0.00572541571985084	-0.00956165151312634
0.0115907373832332	-0.00771411690028942	0.0110141259636047	-0.0125539414563872	-0.00382760833745178	-0.001853413267361
0.0129877700041388	0.000242897665434704	-0.00581155660037683	-0.00119101741185855	-0.0124020122497656	0.0105916558139655
0.0136747273086042	-0.0139124954551176	-0.0118490658517565	-0.0227159713282404	0.00100236775919332	-0.00296468861542226
0.0124736932908843	-0.00589020260350143	-0.0123344024241732	-0.0125277538227867	-0.0122741711223365	0.000859220718836076
0.0126177082285397	-0.00841620990884983	-0.00621647897791674	-0.00508387294009107	-0.0107851389905124	0.0117796790143929
0.0128110589265461	-0.00734181393957985	-0.00174892812243345	-1.26888216577001e-05	0.00603614941025868	-0.00100791470043837
0.0119754537499223	-0.00382580423056127	0.00325160016723391	0.00703068246812606	0.0154924788748079	0.0169292266610932
0.0130264518360454	0.00131260321039008	-0.00137406671280689	-0.00723686710234173	0.00165318276269303	0.00518801006405478
0.0132083575150417	0.00172191894642527	-0.00900716537119235	0.00799075959751807	0.00445409197013923	0.00640201188573148
0.0123135646786	-0.0020399385915294	-0.00410978792406178	0.00581681506295121	-0.0149024430932861	0.000283993592551069
0.0108290808730045	-0.0199435028211389	0.000281842253196316	0.019258796278734	0.0042289928025474	0.00303764711685323
0.0124703705939302	-0.0165409381195029	-1.06833932548307e-05	0.00163061780258519	0.00258008888754116	0.0133748176813685
0.0122077744217302	-0.0134962787884836	-0.0106080265694484	0.00594840309135404	-0.0103937151350552	-0.00192648884861135
0.0118077619788211	0.0315710715400763	0.0146155406417694	0.00533347675809299	-0.0213466405053248	-1.80857728101667e-05
0.0123189975977996	0.015912548783609	0.00416722736655633	0.00835016705704047	0.0122109560226582	0.0160532304414302
0.011230183761657	0.0028699062986783	2.19678241012919e-07	0.00788806430239051	-0.0152030030366109	-0.012179922932628
0.0129332635094851	0.00448223227659086	-0.00515655982060433	0.00594499151502767	0.00958138683691542	-0.00786832632670891
0.0138589825037767	-0.000364756584982957	-0.0060743175880538	-0.00192321825874888	0.00121904434815661	0.00215083721951393
0.0111655295135342	-0.00904537675508599	-0.00146248946022711	0.0177920079772204	0.0116274364451109	0.0200808029886212
0.0129249804053952	-0.00778690737161003	-0.00704833626900336	0.0073357119367201	0.00750175428864126	0.00247944580659543
0.0129889841926372	0.00964826428509025	-0.00305901796744241	0.00357917438085057	0.00364954026971706	0.010152005686997
0.0127247901105569	0.00337645156393413	-0.00764561666551902	0.00506997560323604	-0.00465613283570734	-0.000708719229582593
0.0130524916617245	0.0167371518806933	0.0065029868271706	-0.0123435176275908	0.00831732727590958	0.00658967490126869
0.0125510918185544	0.00989964729204982	-0.0055778068361664	0.0121038921349829	-0.00517445658958765	-0.00406468560319151
0.0120824491585081	0.0140951720248849	0.00763809462719505	0.0101073189741603	-0.00499595025351554	-0.0116558050935665
0.0109628948561975	-0.0112985825868409	0.0124016576398395	-0.00112398430996805	0.0104256771565549	0.0165233592706761
0.0120783304576891	-0.0230308016818211	-0.01330498384657	-0.0140380752752829	-0.0256749157108838	0.0161118930851018
0.0127407106955793	0.0068983715134566	0.00971793851558241	-0.00135440974415061	0.00801941030248703	0.0152273878030736
0.0122314800151823	-0.0318449085971642	-0.0224862648594794	-0.00319157222387217	-0.0155645265026616	0.028418311499736
0.0128260587465972	0.0022983031985914	0.00126248088153872	0.00203952376233387	-0.00137682779029192	-0.00303358297963899
0.0127579268052158	-0.00743995575264527	-0.00737053439969473	-0.00664012137590588	-0.000130182236968555	0.00181886009198539
0.0129312723906917	-0.000971988782311821	-0.00869344475353044	0.00321117052078598	-0.000366154894488768	-0.00827108342525853
0.013095446686808	0.00448919006516518	-0.0042206836473956	-0.0081136332725614	0.023816802706919	-0.00574032285227036
0.0125589332723141	-0.00472114287990835	-0.000194010716317868	-0.00872480573589108	0.0184133110679608	0.00100421388827143
0.0109915886381774	-0.00822346776562228	0.020410537882393	-0.0113447088358368	0.00645471849445365	-0.0181541593923099
0.0135766865129518	-0.00120106103304535	-0.00802316416871658	-0.00465719408410259	0.0119576536133951	-0.0026126829366587
0.0135706643804848	0.00677760337352908	-0.00629596541446993	0.00531893617428865	0.000132493680820111	-0.00284876840316629
0.0126616081916685	-0.00551683343782444	-0.00656471051853563	0.00335087279078065	-0.00290537276298702	-0.00619054783154099
0.0122494201490447	0.0151806732242795	0.0128249675181803	0.00991078154852912	-0.0110783481107912	-0.0180929689284274
0.0114290396417313	0.0264844821855441	0.00483413372838792	0.0212256902783377	-0.00144144559530461	0.0221442154637323
0.0126134383890791	0.00260506572961796	0.00604781169357839	-0.00925631818785452	-0.0164710380756321	0.00658561055017477
0.0129015219095801	0.0220633489508964	0.00923253540422167	0.00624099094320533	-0.00750031327382365	-0.0161366842179474
0.0134729851025226	0.0142107123565756	0.00283577937387096	0.00173023950535225	-0.00454449215863599	0.00433809598292445
0.0121507832094695	0.0107824700523516	0.00504953197304181	0.00668100608544603	-0.00634799969450646	-0.0091007531938715
0.0120045838931015	0.0172734833052533	0.00370574089483556	-0.00164578291316544	0.0127729171869423	0.00529583274919585
0.00966731859420561	0.000906591928402038	0.0301649635020394	-0.0163704493078028	0.0063576304447832	-0.0178553667791492
0.0108019757836964	-0.0246847000192804	-0.0190383900262707	0.00596894682792625	-0.00340455578823691	0.0322895142775493
0.0122951772626087	-0.0022545532297065	0.00234712032576942	-0.00484692599373254	0.000872787810083129	0.0330330736477317
0.0128645836677061	-0.0177092612449361	-0.0257845217030603	0.0155372141036689	-0.00890023181548927	-0.00758718059880597
0.0123111598973167	0.00373051607854839	0.00467947837564548	0.0044928581048826	-0.00517757761259381	-0.0213950204280529
0.0120980310884742	0.00774032821298812	0.00190259235509789	0.01453433393617	-0.000589697795471089	-0.0155339888965412
0.0133242884538518	-0.00261784906894572	-0.0121271092117739	0.0095206433037117	-0.00467438093399976	-0.00663606172241052
0.0127042863921502	0.00936935036676319	-0.000938644363440289	-0.00141875784266794	0.00377114720276843	-0.0110172586971161
0.0128359704815762	0.00284852821889637	0.00207601091396385	0.000838752316303452	0.00869785796724077	0.00588720539904474
0.0126872678519588	0.013911696160737	0.00287261479643481	-0.00519804142530076	-0.000391071989714379	0.00112089859823891
0.0135833525531794	0.00551159383398196	-0.00886627672715912	-0.0100801476301096	0.00617526220562586	0.0079974789613845
0.0133226794563069	0.00368357747104128	-0.00967136220147477	-0.00758864213975313	0.0110526956374834	0.0118034954419739
0.0127938465792272	0.00932838197174886	0.00203508407418525	0.00494018872528585	-0.00315883219357487	0.00191179501096448
0.0128184128786404	-0.00022746351723903	0.00296115763800291	-0.00597923918032176	0.0143711204220969	0.0065639042126362
0.013219811865267	0.00389098581931497	-0.0056130447952568	0.00683775632239664	-0.00353737849524852	-0.00354995066231522
0.0135091581694026	-0.0050043977804435	-0.00962487248927562	-0.00100645258211721	0.00198420375790534	-0.00856281390246392
0.0138432744989556	-0.0019124555878653	-0.0092158868485516	0.00119628543347757	-0.00702699176231235	-0.0081785789198853
0.0123533105827838	0.0035577023043051	-0.0033946252600384	-0.00148840516218004	-0.00131229713573227	-0.00990282727276085
0.011665149123373	0.0278126149609186	0.0125102531001585	0.0397411123179719	-0.00204474059949185	-0.0133764019690225
0.0128979990181208	0.000634727615301004	-0.00510522764627021	-0.00298647871718979	-0.0071874970827026	-0.0021742399145985
0.0130024278000174	-0.00324214801030088	-0.00439182891378742	-0.000369312139608655	0.00392268510001667	-0.0105705377828298
0.0121082291894296	-0.00134354579438016	0.000675146389377189	0.00732456268131271	-0.0103830201367869	-0.00758769020301606
0.0114405315705487	-0.00232369336988727	-0.0087598041369277	-0.0179163249617798	-0.00982718828871304	-0.00285848293678699
0.0123575957629829	-0.0099320476329677	0.000725769653361831	-0.0135359919917563	0.00674932835658475	-0.011323721823874
0.0106419953217422	-0.0201404975544854	0.0102909977468461	-0.0230663784375384	0.00128807920209139	-0.00193742692952369
0.0122136522555577	0.000993831165443993	-0.00570901364997932	0.00567136431977337	0.000502542755544078	-0.00614867597548016
0.0136433894814575	-0.00146986210900257	-0.00565546911371219	-0.00770344146801854	0.000429237978506229	0.00172650520279574
0.0124995118610417	-0.00409385908206069	-0.0098734453501563	-0.00468230534170094	-0.0123252384909996	0.0137834147881675
0.0124392153308716	0.00268094262406518	-0.00376277540965151	-0.00347657407996456	-0.00142075122103762	0.00851236832890773
0.0125612328019514	0.0111228113803197	-0.00654991350734309	-0.00958932368153457	-0.00955020682442477	0.00565909038108255
0.0109177677348764	-0.00213392331960858	0.0183459139367404	-0.00703547177421856	-0.0120863499097239	0.0207599561515358
0.0125977033695265	0.00952079048774613	-0.00690962128921127	-0.00427475045246209	-0.00913095149822907	0.00197978142917301
0.012713481121039	0.00166305326511227	-0.0145156690968154	-0.00866784470842823	0.00300654283342794	0.00924947552615134
0.0128646502710031	0.0196647825662613	0.0145612201615054	0.00334751446541344	-0.0117441692528741	0.00132471134304454
0.012276744601714	0.00636037102381139	-0.00208491172587375	-0.00555907503091241	-0.00670207633283123	-0.0107560293796266
0.0123961289842317	0.00998646087092761	-0.000849751459584115	-0.00258426708286452	0.00480015889209725	0.00726444706535717
0.013705751157428	0.00305754294586813	-0.012175164430068	0.00113530071141887	0.0109904794526883	-0.00440060705447041
0.0111856898081548	-0.0135575245893488	9.32741729094454e-05	0.00251978106865313	0.000265054371966049	-0.014310506754366
0.0128633370178209	-0.0060331344238451	-0.0112092731996784	-0.0123626381844178	-0.000744817908295716	-0.00223193410501179
0.0134260257236163	-0.00554593439416826	-0.00782438758046033	-0.00339638642471664	0.00878117249712984	0.00663420042132228
0.0114470313328887	0.0260053663548432	0.0148090065545342	0.00623256025531483	0.00124857012722742	0.000284648135846733
0.0128614326137732	0.0113290005911581	-0.00669506722635302	-0.00613148650928963	0.0110381786836623	-0.0132608729077047
0.0123976833092863	0.000257323582725127	-0.00626832603150903	0.0123945306830574	0.00550082318705033	-0.00601949729915355
0.0138471795426343	0.00161080292131678	-0.0153514953024816	0.00257924292097899	0.0064405440213092	0.00681048307512072
0.0134219550137847	-0.0044714470494448	-0.00955737186336085	-0.00242662805812999	-0.000953077560260522	-0.00111851562745088
0.0116312121870508	0.0194557791983287	0.0134513920655608	0.0132860258138417	-0.0415830258796179	-0.00786535698923549
0.0126775514777889	0.00483034749779253	0.00900905428051995	0.00749420161916651	0.0112532106297571	-0.00241505519793946
0.0125251796645083	-0.0292451155177342	-0.0240530655688583	-0.00768886514973937	-0.00212165907445831	0.00853701590044887
0.0126592604650569	-0.00215074212670942	-0.00179625030140477	0.0015534695836975	0.000484824348050759	0.00876453411313171
0.0137619251813673	0.00360777280500021	-0.0122266732713815	-0.00101667709687187	0.00499229531592824	-0.00166827032268328
0.0136664235226984	0.00565600370529345	-0.00897813534196033	0.00253562284848009	-0.00177469617178689	-0.00194548532509655
0.0126253073971654	-0.00345129829426127	-0.00330325718797631	-0.000179066660942744	0.0128624667315241	-0.000478529206703065
0.0130583400056633	0.00500812323164258	-0.00550826870059693	-0.0102267094652333	-0.0269931839470322	0.00321457824177192
0.0118949477982665	0.00350117119652447	0.00682016203309384	-0.0183907156354474	0.00927029516908579	0.00159994687669528
0.0119147323757443	0.00336118822191081	0.00854802953468398	-0.0212614197849057	0.0101431765975547	0.00361084170761832
0.00943284421888714	-0.0171020331805818	0.0101725315766039	-0.0159832297032575	0.0195694484663588	-0.0406770451921999
0.00946528503958319	-0.022878664753698	0.0233274738670797	-0.0356138458445879	0.0259834222773732	-0.0597740189321988
0.0117439354601233	0.000291469157192329	0.0127716113056485	-0.00632507335893724	0.00244936782152616	-0.0293416039652818
0.0118774757251735	-0.0113501013043135	0.01063203298366	0.00228354236154982	0.00297301136672349	0.0145028300698241
0.0123778271654196	-0.0155052228553538	-0.0130600870736549	-0.010994028001775	-0.011960509414898	0.00578626497141377
0.0121338805947711	-0.00171413145751307	-0.00177889678667947	-0.00852042549768017	-0.0064062943990873	-0.0194786489163266
0.0127425331249232	-0.00398324577702956	-0.00887124326170058	-0.0063012199289957	-0.0157102648695528	0.0118612561634247
0.0114125654343091	0.0134290530315453	0.0214087260938671	0.0180178233961301	-0.0086484900000117	-0.0164057742363745
0.0130017742937166	-0.00236185143355567	-0.00680419435438889	-0.00803424049155405	-0.00758449079582071	-0.00777131918741287
0.0118747990492746	-0.00404620752848278	0.00195437137630911	-0.0112968394301796	0.00729184457067033	7.0283518958904e-05
0.0123714558418672	0.0144032799813543	0.0149263851527389	0.00305989400104297	-0.0153238478802559	0.00875354127496995
0.0116918605207814	0.0255680038222515	0.0186615510663316	0.00456211888091121	-0.00955222354670371	0.0159157575235643
0.0127377379126907	-0.00904100244423019	-0.00430444603444911	-0.0100940919816552	0.0179937580914721	-0.00463879531453938
0.013362471141048	0.000886476661577715	-0.00946676670416772	0.00045068662957936	0.00478188648484061	-0.00974807538357898
0.0110626529053811	-0.00300132151016575	0.0247724738952833	-0.00329834047410373	0.00882562150564699	0.0109623263927685
0.0119985163731447	0.0131393333244261	0.0271844372286167	-0.0217831740396169	0.0192129466883076	-0.00773515398210161
0.0128828679705423	0.0131977147524015	0.00644717344032894	-0.0218690910522902	0.0214277767631287	-0.010185879179952
0.0127765284947665	-0.00504287327554325	-0.0163102368253563	0.0188418669980153	0.00556207087587837	-0.00501625907383042
0.0128680805812409	0.00703445834828938	-0.00463501827722422	0.0101864869554429	-0.0122679204080624	-0.00177954485384468
0.0126492953778148	5.46028196965686e-05	-0.0020759681365196	0.00491201442671478	0.0128900090503533	-0.000547707817248711
0.0121996703887539	-6.02909888561293e-05	-0.00616574561206978	-0.00270992894052392	0.00198949219587061	0.0126300076678958
0.0122480158694867	0.0153300828503748	0.00936874869379912	-0.000836516894728935	0.0163606637583824	0.0229470801284488
0.0107335788719644	0.0357980108665397	0.0243137108045145	0.0394318328077437	-0.020063967495796	-0.00163648580123163
0.0105770275362437	0.0160329352759868	0.0306721362169863	0.0189734696137023	0.00962399347539077	-0.00346533732420532
0.0118103234467974	0.0015917289246195	0.00580743244541557	-0.0265721433794188	0.0103696787680472	0.0210633770255634
0.013155322098909	-0.0118709771691635	-0.0135602616700671	-0.0117041576460836	-0.00852468433225784	-0.00821040770084328
0.0132024293875867	0.014045256837888	0.00531438548626991	0.00752573962347638	0.0138688533053522	-0.0134579007051498
0.0133795250170579	0.000821261324167682	-0.00213979653362918	0.00338906461097418	-0.00624930202250656	0.000581102485822974
0.0107278413257553	-0.00283770067937684	-0.00549237505755419	0.0278942068984727	0.00563017930001787	-0.0195489110343709
0.0128197769921112	0.00527229276852673	-0.0100679343371322	0.0061350705991111	-0.00646070487252863	-0.0158070532797728
0.0129463869418771	0.0025740982547122	-0.00107507443948792	0.000990985635837608	-0.0081769967822544	-0.00511265692672404
0.0125925781145589	0.000348745932999631	-0.000705918975915871	-0.0102109160182681	0.0117127349185545	0.0176289165300757
0.0131101951606411	0.00215426353619397	-0.00751995416803431	0.00268011173516126	-0.0139450325377082	-0.000767735591774555
0.0128935658464621	0.00423901779039572	-0.00430736724875092	-0.0115310218870736	-2.07060304483983e-05	-0.0104787757640689
0.0118995981476513	0.0161806974406122	0.000741128689740896	0.00306592453938928	-0.0270923289487133	-0.0109707818350492
0.0126772340409381	-0.000661420651702267	0.0067234588066439	0.000495905402621318	-0.0029696622281491	0.00565113211704658
0.0134684766623671	-0.00486128619891265	-0.0100676415114285	-0.00405825054736922	-0.0138968761152838	-0.00623196517842494
0.0126453339597136	0.00967109303580446	0.00031763525692909	-0.0126519346291545	0.00434418010152779	-0.00496125929086506
0.0122463391718042	0.0240369525560062	0.0130647893831462	0.0202268955237399	-0.0307978991341373	-0.0191864115152426
0.0129057479087263	-0.0206446049603041	-0.0214342853595321	-0.0119968200186007	-0.015614068268222	0.000860712577277425
0.0130498303651095	-0.0157958134790742	-0.0140689819823775	-0.0165700508763297	-0.00899988392735912	0.0219012665876227
0.011144557984067	-0.000131030910335073	-0.00618258607557562	0.0127231740864375	-0.008430797209772	0.0134556552209923
0.0118013573187308	-0.0104594922679449	-0.0102087430068763	0.00552171859109493	0.00224028228938017	-0.00584346233738782
0.0116859844459025	0.0100890379915187	0.00867627601503949	-0.00975698804946301	0.0148660598047945	-0.0022013641733775
0.0123219286046324	-0.0055586336214414	-0.00202030990107011	0.00725338351443856	0.00178824120403729	0.00681976324974223
0.0129870658486205	0.00376031549990316	-0.00583308064766382	-0.00236170189195057	0.0068539305503032	0.00365237476890698
0.0106132236794577	-0.0125361670847982	-0.000518554849517686	-0.00192105581920325	0.00653465205970342	-0.00423231888637796
0.0136722733854576	-0.000120514757274731	-0.00559749424451411	0.00040431050600603	0.015161756391409	0.00376075682541209
0.0121200301704527	-0.000527592399179772	0.00377740903620304	-0.0132764548583022	-0.00606376923636001	0.00353943299418544
0.0135349189660006	0.00143215732590625	-0.00730315661867456	-0.00639735294881778	-0.00839103577466103	-0.0129859259812409
0.0121033193614383	-0.00992501165563811	-0.00420032570799481	-0.0087992028607851	0.00370484509137033	0.016983315521482
0.0130079576920275	0.0167486931217702	-0.000554692476922174	0.00530244724773551	0.004261169083595	0.00453663446173989
0.0130257259312843	0.00217551537138295	-0.00705097241272	0.00980181777166298	-0.0159651611200916	0.00256582685463295
0.0116320443850961	0.014649253635501	0.00654613329781422	0.0137707878384416	0.00392560402307222	0.00506226782117738
0.0123036022305071	0.00241892858968991	-0.00049566146696753	-0.0107406644889305	0.0101676081501804	0.00256184659283663
0.012087964051773	-0.00583668364068126	0.00155562569805348	0.00271837835610516	-0.00459813322358234	-0.0198851090472706
0.0113560081622271	-0.0109738335921853	0.00409722523804319	-0.00097406316953934	0.000424237570949881	0.00322833874084384
0.0119780507167279	0.0176725291642082	0.0194636768719479	-0.0186608540093458	0.00755568143074416	-0.000905407985937219
0.0111369289325547	0.00560800042071024	0.0260369896553975	-0.0293655485882235	-0.0206333092226253	0.0200353639059527
0.0129733201318785	0.00277590153732877	0.00118091352736912	-0.00765197716111889	-0.00667541067403241	-0.00103687602169642
0.0117161137764039	-0.0135528245807069	0.00569698977331991	-0.0250280430623201	-0.00369063139751821	-0.0158671242957809
0.0120984009222961	0.0146152174174324	0.0161549034800834	-0.000693081706961568	-0.00196589053749148	-0.00672074613918076
0.012417854793677	0.00415980741972861	-0.00331270551729097	-0.000635253869669646	-0.0048101199369918	-0.010681732672077
0.0135196077900508	0.00787763866627404	-0.00750470068480752	0.00144814570926365	0.0106726173154772	0.0118750094097522
0.0128751172656963	0.0113256859022701	-0.00213899316711146	-0.0033669815567852	0.00597145625023047	-0.0031179967242787
0.0127430800696249	0.00195633995073492	-0.00423261027821728	0.00418259415304364	-0.0115357743105663	0.0130441504540794
0.0119863381040167	0.0170215719738622	0.00426415432085767	-0.00688299904864062	-0.00793252420186998	0.00126749883824382
0.0132401769975739	-0.00346664490991535	-0.00827818499811997	-0.0128538215372693	0.0109066919372218	0.0050381440369691
0.0135519766239069	-0.00243704922523634	-0.00884275449571819	0.000359463574399583	-0.0109775041069749	0.00603624559090091
0.0125148609748154	-0.00832565726729605	-0.0161480571709563	0.00164270621624169	0.0031998500549747	0.00190678457746881
0.0124834696433502	0.00380355355574783	-0.00190773331741558	-0.0187289061009808	0.00583672593810869	-0.0021122002103102
0.0103539213445369	-0.0140288737900541	0.0148167185525187	-0.0242391456573268	-0.01055312946408	0.00205580128932718
0.0125056947616677	-0.0238453582637084	-0.0138117820769724	-0.0273123098151038	-0.0167656747979315	-0.00733690090614462
0.0125795293762221	-0.00137458448329446	-0.00906568538763387	0.00529786769466826	-0.00183898316490706	0.0146011959429001
0.012881724401346	0.00925449649976535	0.0067501458683387	-0.0106570605950354	0.0173159842263205	-0.00480891038881099
0.0124819861772263	0.0118135502314416	0.00994554694508999	-0.0263822096335102	0.0180161761727103	0.00294948658873563
0.0130693028261394	-0.017165345689064	-0.013323176399204	-0.000145294312855962	0.00996741787393191	-0.0025730516458387
0.0126138846606674	0.0158998830372013	0.00473848352132784	-0.00511373484263308	0.0139558975029363	0.00510165112083604
0.0123284637353281	0.00488320082771182	-0.00489313998858989	0.0187331998433174	0.0106743764720695	0.00519415660558012
0.013087643914223	-0.00391750369105562	-0.0137525234539603	0.00745410588365134	-0.00642182020352366	-0.00487935197556475
0.0113251623964769	-0.0062143972766882	0.0158604232278448	0.0154822367125156	0.0168721703312776	-0.0072648360536541
0.0125639701087166	0.0168853646311253	0.00613701983583331	0.000570108116572368	0.00313181502023999	0.00537600688815471
0.0124914185644037	-0.00198760413155302	-0.00795193907967792	-0.00311744825269195	0.018206663204358	-0.0149474880870492
0.013422523898094	0.00362160086857124	-0.00669673586427808	0.00333222674299829	0.00218993670230233	0.000300605288808493
0.0138555780283354	0.00199935987476664	-0.0119977506223087	-0.00118791431877035	0.0152187206453219	0.00711695271890166
0.012125975976943	0.000318144753983079	-0.00583787453003838	0.00308877086855953	-0.00123081725901669	0.00156415810571918
0.0107672273221335	-0.0149468723258933	0.0134806135334901	-0.016617329662699	0.0136739330850713	0.000713481178325653
0.0129593897679099	0.00421259246031981	-0.00460215862340768	0.000866417529385818	-0.0015209744295973	-0.0141182590925188
0.0127664769061491	0.00290169799955465	-0.00240918857113126	-0.00740939551197413	-0.0128192318199364	-0.00290330052588782
0.0127846095419197	-0.00215321686731495	-0.0095434376707681	0.0148860393980179	-0.0110751507259421	-0.00635232447744087
0.0127946033070103	-0.0115826301300156	-0.0102314157931053	-0.00595327494212801	-0.00176026892934396	-0.00173936309381555
0.00995012040166312	-0.0156303625168135	0.0244921426997404	0.00352410629039196	0.0292763391986169	0.0013256619950143
0.0110281847395909	-0.0033618902024261	0.00334555136325641	0.00330310151922038	-0.0273759977385543	0.00948101638355327
0.00987774089156182	-0.041935330012411	0.00972742442282583	0.0190127868533221	0.0171594143878595	0.00439499542089495
0.0133299409479552	0.00524513977749749	-0.0120844908364917	0.002713478624058	0.00133566645977365	0.00266101096972012
0.00874333033111157	-0.0269844156204118	0.017801314652101	0.00953911542970691	0.0136059417542124	0.0275301374089887
0.00823428548237173	-0.0273464271719075	0.0304398375790732	0.0283786812673866	0.018827928253574	0.0140491187449171
0.011194006726454	0.0218658456519534	0.017455002588582	-0.00146065055631419	0.002443721549228	0.00190586203668834
0.0120884818937667	-0.0142874826738884	-0.0120214200574413	0.0166726067333643	0.00818599619299629	-0.0107476540700455
0.0130632788774095	-0.00338233336420007	-0.00894175966292381	0.000220907533803702	0.00110521566311564	0.0074275701287659
0.0144526010744005	-0.00308428574044475	-0.00902119249392626	-0.00306635041093685	0.000369666968471734	-0.0082684552623091
0.0127741452285069	0.00385732722023308	-0.00150187507836171	-0.00149474107210454	-0.01408637215865	-0.00982272777341985
0.0117423290412292	0.00265768095525633	-0.0124962932901071	0.00173235834239305	0.00254752564951483	-0.00432676279592972
0.0130060711773811	-0.00899878999784925	-0.013768038914982	0.00445083047334996	0.00991303470849318	-0.00865845026503044
0.0123721717647197	-0.00711197003065599	-0.000124767371563367	0.00965455423899945	0.00435805834932844	-0.0155417756406108
0.0120517230318811	-0.0141981651827302	0.00266211346155367	-0.000759574978836122	-0.00674219181591038	0.016428108205824
0.0124790186646107	-0.00163483105583077	0.00345854620723332	-0.0141981135833627	0.0168460313074892	0.016799772996718
0.01277132670913	0.00409879560847795	-0.00520317127754121	0.019719307298232	0.00317397408862998	0.000382308935397846
0.0123335990992315	0.00339914218135734	-0.00110413115508308	-0.00389119208439122	0.00251675396985944	-0.00379791291762899
0.0115417622861716	-0.00357557597262885	0.00290507182095824	0.00530420370123201	-0.0202074664349715	-0.0113467804363305
0.0124229783171069	0.00115696005635615	0.0100293267362457	-0.0226189834644268	0.0228448751964937	0.0075371217429364
0.0124716724278476	0.00162250608879443	0.00959634604284475	-0.0245893843884054	0.0196858132146452	0.00828353673205587
0.0120007444730888	-0.0225195986311224	-0.022956246158116	-0.000905423918792727	-0.00884122947346467	0.0167601949667261
0.0123630043139818	-0.0156707167118307	-0.00643451547733388	-0.016573217317762	-0.0155603928815095	0.000368505034846511
0.0119436874267637	0.024933737641006	0.00461135927165256	0.0325849408592349	0.00694432389483355	-0.000772479448160843
0.0128879666022785	0.00140213757900806	-0.00604537028295348	-0.00128541029724169	0.0163287917674399	-0.00597563210020984
0.0115144042682523	-0.0343906103774943	-0.0106172440413159	0.011230265921309	-0.00804525802150004	0.00468401176623662
0.011362021669827	-0.0224853496608886	-0.0129011271818342	0.023134941942803	-0.000928099533686367	0.0112717028795366
0.0105389599937058	-0.0212462263987479	0.0113708459748055	-0.0157883757326035	0.0114410425204001	0.0249134786410724
0.0121113562623948	-0.00161805426335292	-0.00217280739881861	0.00446570607024288	-0.0102185253283792	-0.0140719647999516
0.0126992841830151	0.0209908062335115	0.00236722927821947	0.00616551371183892	0.00464968223186968	0.00797971509400921
0.0124703061983748	0.00647473195562732	0.00815936465579457	-0.00462190661300297	-0.0155225122613481	0.0137958719838516
0.0131202954989543	0.00536062260881637	-0.00120986602079829	-0.00513576295443388	-0.00119827174979997	0.00563351545101905
0.0132832712591572	-0.00733033327050775	-0.00694631131078316	-0.0165111918607926	-0.00669308981684085	-0.00249499586788327
0.0119873437850975	-0.00898849371020878	-0.00837059102287953	0.000509297011820903	0.000507115939862009	-0.00200441190545616
0.0116405721214677	-0.0146275922698841	-0.00693443191716183	-0.0246273821298305	0.00986407797455059	0.0248950852668311
0.0127420826784873	-0.000114230397847654	-0.00224389330227531	0.0064287562934851	-0.00805239661424215	-0.00828913670571771
0.0124539082840052	0.00659449061929291	0.000124160558467827	0.014525787603875	-0.0205911016370873	-0.00756662858977792
0.0112242871444537	-0.00624740603347735	0.014555726238735	-0.0138928990144111	-5.30252836638502e-05	-0.017305788808078
0.011879688309984	0.0101422062804892	0.00290973505301328	0.00421111719435311	0.00755165216440864	0.00245265341807885
0.0131714573655627	-0.00582605620297424	-0.012571142434868	0.00640378792629894	0.0139509653766229	-0.00105394289673992
0.0134212225729068	0.00418511781016993	-0.0136658670574169	0.00222456307699175	-0.00169635093441105	-0.026897266313569
0.013133015217038	-0.00462306200335892	-0.0131688008104129	-0.00613056216619095	0.000337564672167779	-0.00266933790058628
0.00929237156553578	-0.00666211793273072	0.036454300890521	0.0331359097215715	0.00547142584486099	-0.0272601787274915
0.0105979050626226	0.0182612672003879	0.0153279057247412	0.0268753091683682	-0.0102661765576477	-0.0306857108678453
0.0114550249306499	-0.0114850243865844	0.000283579952145663	0.00256832252360507	-0.0134003799027368	-0.00781526135607754
0.0128170766791278	0.0031204693754819	-0.00609801010936892	-0.0103175563496118	-0.00243187833309373	-0.00905056607736443
0.0126940286123109	0.00444332262260851	-0.00769622339921853	-0.00754285237012465	-0.00388673337342058	-0.00976293090968711
0.0125548799419606	-0.00549566400367177	-0.0112732087778656	0.0073430892957804	0.000145086908582074	-0.0107594511685228
0.0116496514840169	-0.000202930215583058	0.0037397746067152	-0.0161135432886602	-0.00542773108816268	0.00248122958642553
0.0116801547414041	0.000281438848269141	0.0040702084057176	-0.0138712888010988	-0.00293988795004644	0.0052013870070258
0.0124755760278646	-0.00267952323679815	-0.00690174708191662	-0.00505437126388963	0.00357650997938079	-0.00837797758621091
0.0124875565101077	0.00216717913003491	0.000741053902162103	0.0196965089909012	0.00992241078762058	-0.0220394938226227
0.0136347482763054	-0.00330576655700212	-0.0117351883577115	0.0167602036937639	0.0129801936248618	-0.00741488335323715
0.0133611209054578	-0.00347874019669813	-0.0073604591551308	0.00301378031453741	0.0146062697390288	-0.0204889532379002
0.0139089730992226	0.00168592862202803	-0.0110768797874596	0.00842686007381363	0.00126010224495601	-0.00876613147956553
0.0132794048005223	-0.00130363468515907	0.000410583305437414	0.00372269259621067	0.00924442335295336	-0.0219249285549767
0.0136204298421882	0.00459681751713755	-0.00459297360973808	0.00194189656598125	0.00512670857293806	-0.0121513822042298
0.0134458463938571	-0.00175753903366715	-0.00581545400280504	0.00126289672927108	0.00935493250312453	-0.00855047964907516
0.0124152278144363	0.0189250639646952	0.0294976097644639	-0.0309738365052039	0.0125724774743712	0.00548162041683478
0.0106502225813591	0.0204271414586713	0.00456949572662717	0.0414063394806337	0.0208005460086747	0.00570454673135909
0.0127670403836869	-0.00431690791380972	-0.0050456152283356	-9.58237571046733e-05	0.006676201679603	0.00404459741256957
0.0126456335453288	0.0117320590410397	-0.00382669623661362	-0.00274510506567031	0.00399493692749718	-0.0125128678941119
0.0111346883162199	0.0283174683264801	0.0297453531852291	0.0277055293633279	0.0020854188795147	0.0190224751984306
0.0126623773564982	-0.0060078712332317	-0.0118985018154557	0.0174994805405762	-0.00896255041064353	0.00487072974220193
0.0117636607532695	0.0185140367260384	0.0117608435565648	-0.00142038541103066	0.000919512276565036	0.00666368882889538
0.0134439899188064	-0.00105450013164347	-0.00509895924669121	0.00213323029194737	-0.00432697586713233	-0.00299469946814333
0.0106531155705642	-0.0108578730646256	0.0105466130291986	0.00100604816850235	-0.0105922295137771	0.00925505274693198
0.0129071816603732	-0.00375595175358997	-0.00844255931658214	0.00104446883438541	-0.00606186997630893	0.0112830276432119
0.0121141912121934	-0.0112956465077301	0.00246224582619589	-0.0258804372132745	-0.0153358186629416	-0.00613415459862825
0.0116438590973618	-0.00666189343623496	0.00170285395120517	-0.0248443980105948	0.00304014235125705	0.00902077756618696
0.0118063918121275	-0.0160427708498892	0.012331855887694	-0.0195921470707939	-0.00058712498270322	-0.0160672185006978
0.0129331072804105	-0.012864163210721	0.003079766368478	-0.0266544512278686	-0.0161480454610541	-0.00526067512445722
0.0111819069728419	-0.0116885391804767	0.00443537892013875	0.0164167513423406	0.013177962436811	0.00302287183456307
0.0111952263533296	-0.0119445675461596	0.00434913394734575	0.0153093786942097	0.0111872206972936	0.00210337050533419
0.0123364776928256	-0.00827755469282605	0.00732234842386648	-0.0132256443755054	0.00829253584662123	-0.00471613540264285
0.0129573450316998	0.00865923424166417	0.0162295412436815	-0.0131124475655013	-0.00395492620613204	-0.0144256763129993
0.00910511029509312	-0.0301983044062727	0.0258466978590137	0.0160967310242312	0.0171214252286755	0.0125323891802019
0.00928752628279565	-0.0232644833649583	0.0149109951149321	0.00879100457743648	-0.00545451567958379	-0.00169541574916856
0.0112891778997105	-0.00950987225950352	0.00681277722125348	0.00170691728572962	0.0019479686727069	0.00307586711479328
0.00929992713611013	-0.0311501940035146	0.0223876467209555	0.0108452671585135	0.00241326125914641	-0.00760807960407878
0.0114416476719353	0.00598888815302276	0.0177401830953354	-0.0124281611063874	-0.00566609428709625	-0.000250276668782867
0.00690915257966312	-0.0374930334007602	0.0428750366165623	0.0607933938845498	-0.000334974817617555	0.0237631382433398
0.00973597571879667	0.0143047738749337	0.0104220204992732	-0.00218747950798284	0.00157253830930498	0.0119441856833705
0	0	0	0	0	0
0	0	0	0	0	0
0.00893487891805512	-0.034480370562789	0.0144411609045722	0.0256327315736891	-0.00655849441023358	-0.0119783805819085
0.00752666280309674	-0.0206916377837569	0.0180555647219189	-0.00632189903512605	0.00775976929236968	0.0272743819343028
0.0104057513642166	-0.0223844389799555	0.00668829494861581	0.0112752324429531	0.000813275230693964	0.0186508357656497
0.0100258879273479	-0.0109303071313879	0.0134568456485229	0.00690418583274528	0.00435540093050655	-0.00339164437279169
0.0112393690532814	-0.00260998248190599	0.00705983728746021	-0.0200071072077197	0.0108211988260842	0.0102800651380055
0.0094741284141506	-0.0373563751880244	-0.0110697954548513	-0.000956671647876097	-0.028839825249598	-0.00447829040571523
0.0140840218841088	0.00423435251958358	-0.00887230194817952	0.00693410825195722	0.00492908723091781	0.00500727223418529
0.0133419242245203	0.013141645567352	-0.00296415604031429	0.0177008143793706	-0.00276560514481443	0.00122942857185824
0.0130641984418456	-0.00330165774001401	9.46547187564931e-05	0.00928307735902461	-0.00211462775399431	-0.000441656487914503
0.0129863797959441	0.00388653577810712	-0.00131085927114551	-0.00327965951849649	-0.00420916359807881	0.000347144282586488
0.0129319280732364	0.00315898997355882	-0.00239369553648265	-0.0048658262528761	-0.0051167744256476	0.00249867164837654
0.013698482751364	-0.00489382865426494	-0.0138186124956813	-0.00407415331847469	0.000205447759588807	-0.00618219088772289
0.0109087468613819	-0.0130788275100694	0.0123999152206147	-0.00220577695003321	-0.00526593591624408	0.0011806670955029
0.0118982528738648	-0.00631241088015011	-0.00792653270952545	-0.00979553845574031	-0.00259237920970791	0.01555000930843
0.0122931608941492	0.0386214549782238	0.0241730648166832	0.00778158408813549	-0.0208566355241721	-0.00184569256790159
0.0125727697441815	-0.0109240610316492	-0.0152752725190717	-0.00635397829749772	0.00351074939216869	0.00747665289583317
0.0130110179841095	0.00226319442147059	0.00370432764485684	-0.00540714714306094	0.0106772712339788	0.0204229926027765
0.0139024628232388	-0.010561764253654	-0.0186849138637478	-0.00148418309465491	-0.000804869518982256	-0.00032404404125812
0.01127208255506	0.00313812347699953	0.00535915430745151	-0.0189724427530679	-0.00661790185034511	-0.0131659877222003
0.0131507034389394	0.0102008886663601	0.00575844772306962	-0.000318531880718682	0.00780011526455462	-0.00897075821106684
0.0120046192792062	-0.0102225065466509	-0.00409942630135842	0.00242793989864977	-0.00458780982984228	0.0152315798358939
0.0122369672067401	0.00140768595473136	0.00376269382755847	-0.00640817914519943	0.00608254932444542	-0.024264448231415
0.0127080296611376	0.00758327202579454	0.00508554565972604	0.00243775985646983	0.00397964940032264	-0.00198089008132028
0.0131111919441145	0.00348000294674547	-0.00400779299203825	-0.000154634855749843	-0.00639812457532183	0.00745739455358788
0.0112994698090279	-0.00630229253924993	0.00439875812679448	-0.0193245945880099	-0.00388127753469763	0.00426610152773753
0.0133375214671319	-0.0029881769933687	-0.003752923576824	-0.00728851108002811	-0.00572255986805919	-0.00989903381843779
0.0110747277776446	-0.00925306747349217	0.00338097243818354	0.00517336760907802	0.00433296338871775	0.00335448364932938
0.0125429910119755	-0.00275904271136138	-0.00915420917393198	-0.0330117191098314	0.00699004147796577	0.00951478775952646
0.0128289903304911	-0.00216211129631971	-0.000543473756560249	-0.00399989135006559	0.000644786587262851	-0.018681610321631
0.0118533302208145	-0.00872788887483457	0.022742751285886	-0.0308118315082698	0.00466756332104526	-0.010184257614708
0.0134056490760336	-0.00411031230691428	-0.00888891568688067	-0.000446957714185277	0.00171790189807122	-0.0133018659461323
0.0144767789432932	0.00857270008310637	-0.00763660271883759	-0.00300220439202223	-0.00602536657762901	-0.00638770332556604
0.0122410977959616	0.00843888566348292	0.00173616475887825	-0.00507015694488642	0.00239971838623238	-0.00619577309257365
0.0131462992820851	0.00349967370517585	0.00121089666760327	-0.0146322605438602	0.004893298747428	-0.00510340569982029
0.0136310656663055	-0.000564494289008377	-0.0146392344148684	0.0112355003875001	-0.0131750871719929	-0.00495765603884222
0.0125770338520529	0.0344860045721319	0.0216169457174086	-0.00272342258852039	-0.0103853692869427	-0.00450890323846924
0.0134436102097324	0.00172116130340734	-0.0074477963227681	0.000363657129605414	-0.00258837872583144	-0.00506974278795218
0.011888641699195	0.00837894024391476	0.0114207775168798	-0.00752651000407097	0.000314198715535422	-0.0173426464443252
0.00943123635926415	-0.016257478989893	0.0119095094238359	-0.00563183332177008	-0.00585260131692413	-0.0213739212592944
0.0125124321669552	0.0271986319748845	0.0126462258026972	0.0158948251579011	0.00108573699747557	0.0106353799778457
0.0114226999050578	-0.00484120400843331	0.00217574286344849	-0.0189417261462177	-0.0130733983617291	0.0133282576404143
0.0127369014048762	0.00298615203529454	0.000632440148161854	-0.00471428063811944	0.0154897299852029	0.00177031398926536
0.00952244555063849	-0.0237213647120312	0.00150626764037463	0.0100293063944412	-0.0090800989022249	-0.0112554061598095
0.0134554532043674	0.0110023604850574	0.00385553853736453	0.00302227384243617	0.0121213631907166	0.00204574025700248
0.0113246856384276	-0.000850278022650818	0.0275376904542596	-0.0101105140426934	0.0114678212768077	0.0080090275749865
0.0136037653377501	0.00533421187434291	-0.00289392148623322	-0.000967955865152602	0.0126856971524972	0.00537009718905786
0.013428604901308	0.004948023094077	-0.00166356593531298	-0.00710107604220598	-0.00387054960488917	-0.00967106809702648
0.0129276365908901	0.00863318864316599	0.000599690064206221	-0.00593491587667508	0.00127311919807445	-0.00547908596733078
0.0126011865574036	0.0122369585406337	-0.0018080043000224	0.00203304084710836	-0.00601945489891522	0.00573206464460485
0.0125148687505242	-0.000763922197298927	0.00172770056224164	-0.0189855835628495	0.0127605481516408	-0.00699569157929887
0.0132456345371473	0.00416760111034392	-0.00461809345786445	-0.00878634721015794	0.00304618113742035	-0.005066975736723
0.0128721756509427	0.0289592434348852	0.010020791598944	0.00611478728828357	-0.00418638414537323	0.0192894407172186
0.012990472496803	-0.00259791162591733	-0.00561433152243459	-0.00468726284264714	0.00466676474744154	-0.00558602091161493
0.0135749042722744	-0.00630813920469906	-0.00780496624617994	-0.0200447644968285	-0.00281756778458002	0.0032565131143675
0.0129910119943028	0.000145346789142976	-0.00336949476774008	-0.0108260913822956	-0.0154052633085301	0.000867645834532214
0.0132259506094442	0.00302900782898924	0.00339342035969254	-0.00160736275599223	-0.00289469645827443	-0.00669844224488839
0.012634741977922	-0.00859115774850146	-0.00181958798983511	-0.015795899676807	-0.00356885324158764	0.00600724981081754
0.0127644197954965	0.00337325613000561	-0.00051197345119146	-0.0161098890367684	0.00614450016874443	0.00216526963368452
0.0133405078058055	0.00379958033941705	-0.00509911744913048	0.00583525104744533	-0.00170799076630837	-0.0114358323625205
0.0126481329691822	0.00990149674643349	0.0102001727324604	-0.00638806402498531	0.00985696318509974	-0.00128565162050076
0.0128951867180024	-0.00195697784477226	-0.00617051868151725	0.00591654259157151	0.00560286198619411	-0.0125811717202428
0.0120258924662832	0.00147120489414915	-0.00559651805516318	0.0221637266223718	-0.02946833422248	0.000696514555533367
0.0127787256360449	-0.0148292002890224	-0.0188847775403697	-0.00926125371238388	-0.0042406655917374	0.00777657356338606
0.0122878286113644	0.00120033315309986	-0.00137006064089907	-0.000270820103270151	0.00374469991769812	-0.00102322385989398
0.0122604228036486	0.0356624991694336	0.0268753149861284	-0.00713510310797939	-0.0258795964288487	0.00562005815746249
0.0128979308364029	-0.010507133403059	-0.00835741254786072	-0.00089997702723146	-0.00554635935406882	0.0015568391482576
0.0133298477426249	-0.00311908651982333	0.000478614162278959	-0.00422199986884582	-0.0059080909355796	-0.0109917176741925
0.0122031096081773	0.00225604127585534	-0.00469145703803973	-0.0015478644389234	-0.01127315560749	-0.0136473410180498
0.00938652777994671	-0.011056166168931	0.0391948564638715	0.0109470760100797	-0.0024810603437893	-0.005955410063695
0.0110580195634943	0.00722223656987437	0.00581153043198274	0.00349507652927703	-0.00213030137421807	-0.00092922567237598
0.0124168982258071	-0.0160464849344747	0.0013987033729574	-0.0178023067492689	-0.00348781775562679	-0.00367862106603728
0.0127003751878114	-0.000978712835470172	-0.00238553436846279	-0.0252473555176557	0.00292335522431549	0.00532624592221069
0.0130200827988035	0.000370289497878787	0.00329526330394508	3.22728794887677e-05	-0.0172610368068712	0.000255491961284939
0.0129154039584262	0.0226601666390801	0.00323907136587231	0.0038609351066654	-0.0124138192525187	-0.00233729979527194
0.01173105432467	0.0267680222468099	0.0155893351408739	0.000378315286723133	0.0157594629725909	0.0108394127726475
0.0107564621468503	0.0191133374378279	0.0325955269441712	-0.00488326139041379	-0.00869827234113179	0.00694171117396672
0.0100258706599183	0.000416413551675906	0.0212303547841695	0.0110982983675803	-0.0284002912024783	0.00472311236995348
0.0100855045943119	-0.0173426047310388	0.00384877457461198	0.00954319333752451	0.0186674879948155	-0.0128242095841474
0.00988660147714132	-0.0143522063261747	-0.00148401786865364	0.00748214218770718	0.00457164093723463	-0.0174578810875872
0.0123071964895621	0.00312792242980585	0.00461465360141261	-0.0130243937179874	0.00810988308616707	-0.00308864282040885
0.0136504736867687	0.00503809055039225	-1.60874566479264e-05	0.00197374466448423	0.00693931303974279	-0.0174200213031078
0.0125557372189519	0.00771288394128168	0.00848472992253857	-0.000386753449262167	0.0134761344448534	-0.00341204316623915
0.0128775241524077	0.00412862060303239	-0.000805839340516955	-0.00413130152399923	0.0160721034329313	-0.00460305612990346
0.0126847757411126	-0.000747539724774963	-0.000999481262381805	-0.00774550345427004	0.00027795191424461	0.00291880810482321
0.0132283469998689	-0.00361799345493651	-0.0150273750338641	-0.0120328768490959	0.00676282518793714	-0.00700664396897602
0.013430245579526	-0.00182988245720386	-0.0123071680269871	-0.0101385117314789	0.00164996315730757	-0.00419227080723412
0.0133310262410392	-0.000293548139198093	-0.00902130377038527	0.00690051773327017	0.0175776936361074	0.00776103960822671
0.0125474370360128	0.00277402488637144	-0.00250732449307009	0.0012784972631762	-0.00921210411510084	-0.0069639978939989
0.0115048836846499	0.00394956324484275	-0.00733180389616965	0.00747837766249833	0.00909258275774996	-0.0233359737238201
0.0121751524829424	0.00878893545205498	-0.00083049962134802	0.00862817142376257	0.0057728295052007	-0.0104960208365268
0.0118675140049992	0.00709111632755398	-0.00168956861852501	0.0092497734329724	0.00982359203508608	-0.0138865807697336
0.00909342437361711	-0.0123185584992393	0.0187955656008677	0.0161840616254576	-0.0825180844664972	0.0315264841966909
0.0101397893819956	-0.0142265277126182	0.0177769711624149	-0.00109401323667915	-0.0169257408082422	0.0448082494860172
0.0127491402099989	0.00180572398734979	-0.0125554262162277	-0.00958215986750795	0.015336592424971	-0.00464225735927364
0.0103732775713627	-0.00426282899661641	0.0112843895645312	-0.00401378967231633	-0.00870542289147191	0.0143240451770031
0.0132530417920753	0.00728034738207581	-0.0027283230946399	0.00469886434919089	0.00703606610361087	0.00648070254934014
0.0130256607211752	-0.00176835715953577	-0.00837712313775067	-0.000109301379080483	0.0043420082889345	0.019074269066183
0.0128862406073361	-0.00509448110077918	-0.00834991039565328	0.00450895930151971	0.0140493034818651	0.00468846900379613
0.0132680356791636	0.00130514598585689	-0.00904144349533064	0.00283211116766447	0.0145332904130278	-0.0080284460689721
0.0120148302860744	0.00781517017291669	-0.000477209965997659	0.01317305826856	-0.00587247227031865	0.00867460965542114
0.0116362412858677	0.0138060516076541	0.0191960310618701	0.0248403730989334	0.00181784845303612	-0.00419481268834524
0.0135367932405206	0.00156335104458295	-0.00462549482275984	0.0101453808528968	0.00782401410030676	-0.00449595466493106
0.0129574659596578	0.00272736269286262	-0.00117757224174043	-0.00140944203505844	0.00484958893341798	-0.00249133258919991
0.0117479152211265	-0.00124154624468712	0.0187495783931052	-0.0334383483338625	0.00642162883599356	0.011401757786223
0.0135352282061285	0.000587199910755087	-0.00382010678763396	-0.00194971243327029	0.0124794572146231	-0.00355411035150866
0.0124976718928937	0.00138428060843498	0.000207558907447456	0.000321844627245901	0.00736671418449813	-0.012427168252646
0.0123370103866335	0.0141301715103113	-0.00370836369036448	0.00349068031548928	-0.00364049363295543	-0.00395052917677831
0.0117798946633218	-0.0145748767012336	-0.00610313920198761	0.00146631745064454	0.0118789334563493	-0.0051280664734793
0.0104589919925007	0.00128118812292827	0.00429692104809633	0.00561568272366234	0.00126481190980618	-0.000717118789742696
0.0112528629245437	0.0147855168464935	0.0211698157019203	0.0033295006261456	0.000841047271156334	0.00426718326170366
0.0110541975845259	0.000913604889705923	0.0270933713780239	-0.0373258335649187	0.000365041045824626	0.0118191892789517
0.0118737952950381	0.000306532837395556	0.0161078004444622	-0.026272543751854	0.0022536623377993	0.00890210359513892
0.012466170667763	0.00441688815645538	0.00984467673799609	-0.0130063009871468	0.00862753570252937	0.00490201139066856
0.0128564332952171	-0.00693360147698715	-0.00262697268788281	-0.0111276583831038	-0.00718274789198885	0.00133108205617584
0.0112642811936129	0.0195969404869074	0.0310349140717094	0.018099937847069	0.0120358903213931	-0.00511952323839934
0.0142805471730382	-0.00151901689710431	-0.0111924254705119	-0.00205992013807882	-0.00160511705709882	-0.00356757076796816
0.0143255161409524	-0.00207758955681437	-0.0112675380666395	-1.2687182693193e-05	-0.00170455538877671	-0.00294818396122993
0.0143386198270718	-0.00237555873515171	-0.0112026760082355	-0.000653422407650365	-0.00129540149683087	-0.00305664927487066
0.0132251731419653	-0.00125704107524655	-0.00448178348862402	-0.000626626696572069	0.000674727764614225	0.000363643820862562
0.0142559979800738	-0.00301073175165997	-0.0113736476289031	0.00609112464213627	-0.00300301881359371	-0.00189503404159598
0.0143199589445782	-0.00271466432060638	-0.0115016826060848	0.00465223459974121	-0.00415876404168087	-0.000495489155276568
0.0143247654531282	-0.00347471643746642	-0.0112348784280727	0.0055075658140465	-0.00340690730342483	-0.000778578644224189
0.0139673891629716	0.00511062657865676	-0.0126774664687185	0.00771206787405393	-0.00245425240730153	-0.00408865528584319
0.0127020592409358	0.00219676274778022	0.000965225535539333	-0.00224229377073183	-0.000950558465353448	-0.00838313662107074
0.0132794553755202	0.00330430740264372	0.000355081716064059	-0.0143756407591163	-0.00326975111782408	0.00168617979365414
0.0133858634124481	0.00899313633955413	-0.00623022131448318	-0.00505124545931859	-0.00647371730010788	-0.00595635808724491
0.0138604832666082	0.00482918618350602	-0.0129482477467406	-0.00309101547666722	0.00528586449818898	-0.00485834881601537
0.0141824640434906	-0.00407444720569041	-0.0140232699429079	0.00437050306105249	0.010045881977682	-0.00917528904076277
0.0109652995892198	-0.0174957843567599	0.0116516624776779	-0.0233643427767782	-0.00574204479243142	-0.00277337521756434
0.0123233524115418	0.00869320069262349	0.0105183991510094	0.000890815918393361	-0.00275960845998258	-0.000424424585286084
0.012543185736799	0.00881652360717366	0.00185888442079809	-0.00554772589782412	-0.00185163386869501	-0.00362333362637563
0.00970900513069088	-0.0272250731802434	0.0280642093267536	-0.00984479940326254	-0.00303862573777743	-0.0304473219872572
0.0122095517972764	0.0181092113428568	0.00342873041347412	0.0161524921508087	0.00624188190832318	0.00303278930209681
0.0110350282298257	0.0165926077372203	0.0218693409156644	0.0134455079962078	-0.0113331708008456	0.00232696129997969
0.0108553595665849	0.014875726383231	0.0240395092589657	0.0353558846855187	0.0238924803327784	0.0108170823345946
0.00970011201028867	0.00368462687481178	0.0225033556615505	0.0354376610338882	0.0216753882903896	0.00432229813537971
0.0128296585052032	0.00408072884279817	0.00136734101857406	-0.00518118978402754	-0.00506545937798699	0.00364069616797133
0.0126278100528584	0.0197933053148073	0.00406641250822459	0.0241636211170289	-0.000995375008215662	-0.00301860619639373
0.0109848938096949	0.00467750976502733	0.00867532098057779	-0.0166531918385108	-0.0196054914972289	0.0132143163987477
0.011554306762812	0.0230734201888887	0.0150318424834526	0.00662425420976362	-0.0112295177516863	0.0166568595477202
0.0091366689235841	-0.002278165899456	0.0205315378866593	0.0204079342565975	0.000380310191485845	0.0404274427481552
0.0116870536880759	-0.0009379015568994	0.000668436515185993	0.00291260909181915	-0.00688431756658451	-0.00793543870730886
0.013004349951968	0.00780621473599257	-0.00481070489263186	0.00370141323563462	0.0033417918357702	0.00233905760451879
0.013045743883079	0.00688469892980078	-0.00361624570921689	0.00549949961628756	0.00128667183132602	0.00278277187471952
0.0130618328238813	0.0259215303365133	-0.00273247562405037	0.00970777984156949	0.00929630773199158	0.00633478369570988
0.0131116109303473	0.00523906230438978	-0.00611131996422703	-0.00338416943894508	-0.00925551319904196	0.00490728565519882
0.0131440453391736	0.00437742809494604	-0.00706465247036227	-0.000892862744499548	-0.00763490519096934	-0.00114187039262111
0.0112804900912118	-0.0117538608081716	-0.0135113210748283	0.0330211604435725	-0.00169761213394331	-0.0094126094762239
0.0134178058349413	-0.00446326686667172	-0.0138901041151208	0.0101818936302832	0.0034526292032908	0.00438035067467092
0.0125238502224854	-0.00428267033007885	-0.0180591033791923	0.00191212534316282	-0.00658246756038414	0.00397538470865722
0.0136371200677613	-0.0031282596010089	-0.00817898496914324	0.00666380127130341	0.0090225313315172	-0.00140272262416694
0.011722746541375	0.00937175537905353	0.0133673518332918	0.00248614226020176	0.0134450015086997	0.0243942097371471
0.0130685633739489	0.0073139156634746	-0.000831458522935764	0.00133598323493618	0.00869945140967337	0.00436465050990048
0.0124808613384435	0.00367945409794051	0.00407608770361218	-0.0119361892634622	0.0174079290911737	-0.00849032909070284
0.0104267017431801	0.00546404197570255	0.00900022568942188	0.0134332137892065	-0.0139457495489785	0.00999961523179102
0.0129194443710901	-0.0046654456115165	-0.0114287512016442	0.00474529341923754	0.00808361753741776	0.00695976832420368
0.0124058621960261	0.0112993159350318	0.00463135359469193	0.0227567128576175	-0.00900842538694743	-0.00864817952825075
0.0125922555727512	-0.00709124520389776	-0.0174453485672856	-0.00133871260668431	-0.0140088838254214	0.00256124347568818
0.0133104600443431	-0.000274579755782508	-0.00567570709305524	-0.000210519709288247	-0.00375946714301679	0.00732093039543782
0.012694326584849	0.00665642624254896	0.00311722098751126	-0.00459218411952922	-0.0129312320624029	-0.00295224314869832
0.0120973690208626	0.0103970915709226	0.008409759018984	0.0078334745022909	-0.019243414245205	-0.0185631838283995
0.0118108693969613	0.00831272035352535	0.00930515051299326	-0.00948209137900817	-0.0127485817280169	0.0182811265599996
0.0114642442775733	-0.0152805309449165	0.0033983489472531	0.00327905071728742	-0.0124487192230338	-0.02287518586474
0.0120303982392814	-0.018233323146634	0.000324035522164268	-0.00492061848840904	-0.0110280316080263	-0.0114508436943162
0.0115579449462144	0.0223524363751718	-0.000891060740615155	0.00362982842346083	-0.00304219656980159	-0.00504252696374392
0.0118112633936053	0.0231324111970126	0.0165355109946974	-0.00396534654960392	0.0310154937690683	-0.00108098495924043
0.0114143406178354	0.0101076192429097	0.00443559778967833	0.0104967688597784	-0.02018202055071	0.00795123402135306
0.0135217777806105	-0.00123716547790433	-0.00513879907234112	-0.00051514077558487	0.00305372464818841	-0.0127584087745209
0.00998115767149685	0.00249902519490137	0.018181199051963	0.0274943984792974	0.0116219072890598	-0.00919360487033462
0.00827552521121148	-0.0289844038492098	0.0259736802047899	0.0259372740679243	0.00771482889382892	0.00989222255811701
0.00837386214397452	-0.0322818648677448	0.029315553058583	0.0583460194849173	-0.00375048016649725	-0.0550205085871821
0.0084462835395489	-0.0331650018936364	0.0302346323042669	0.0581214112133422	-0.00589746988647143	-0.0524457602699882
0.0117354184507288	-0.0306201239545517	-0.023619821530863	0.00179646310525951	-0.0168187026429356	0.0201754886126868
0.0138199748503805	-0.00276324758713726	-0.00910548118099927	-0.00576101711143589	-0.00077792345436073	0.0148660116885254
0.012688923247867	-0.000175047153585734	-0.000993297774836081	-0.000913117574989565	-0.00827148708042473	-0.00497409093449887
0.0126454181229266	0.00787320087041942	-0.00451938557489988	-0.00108266345310908	-0.00361290014419117	0.0125247672132344
0.0133422002444406	0.00422038186697414	-0.00890077706516206	0.00354580548556889	0.0013287744467213	-0.0119282020419857
0.0143833176879053	0.00309441334621044	-0.0142975755477914	0.0058682144716813	0.0081007615078846	0.00288702596562647
0.0124798188418858	0.00518457113450227	0.00558878498357633	-0.0102849955662583	-0.00623511177451484	-0.00181665556732601
0.0127115434431399	0.00594476815356801	-0.00544159665635768	-0.0276412314428917	0.0112927502092163	-0.00469764543871674
0.0126236096343231	-0.0109273939356854	-0.00501699964566168	-0.00571524402731554	0.0110216340863645	0.000781452149725885
0.0139241088026216	-0.00381780368052493	-0.0142309608910149	0.00639257872417686	0.00802393945923449	-0.00158931189150529
0.0131563917964449	-0.00094993920178756	-0.0079168461717002	0.00119708510572333	-0.00934792866526162	-0.00835727823948414
0.0131914523318444	-0.000462423414960982	-0.00447126117798464	0.00734410594294659	-0.00410882210749536	-0.00224256669344125
0.0134033083531255	-0.00930829819809765	-0.0054614435148064	0.0019995819681462	-0.0129313816722297	-0.0082763970030006
0.013517476667073	0.000859144853831563	-0.00736986564000155	-0.00275540024872563	0.010944158731923	-0.00864066734840757
0.0127717891838644	-0.00838902426267263	-0.00468992877400605	-0.0270174793106196	0.00672688717490542	0.00262179767930979
0.0133406961737174	0.00488823284442432	-0.00147607285872449	0.00208172403277001	0.00159820004465263	0.00562588307344424
0.0132200949962831	-0.00750736490103953	-0.0150828032792045	0.000600733598234214	0.00755500362930674	-0.00653801247230324
0.0129531135571728	-0.0071724846570673	-0.00711516529096618	-0.00466076475199084	-0.00243898118199473	0.0038962416555231
0.0128299267220924	-0.000276545983858123	-0.00659915788195387	-0.00783854290403677	0.00331949295598752	0.00246209709272382
0.0139257559623965	-0.00261729739275955	-0.0134542928469532	-0.00837905676216617	0.00807928921782953	0.00636280699609304
0.0123481995499776	-0.0030300469420702	0.00315645773254339	-0.00420868816967964	0.00834331825775087	0.0225567676286963
0.013875856588272	-0.00262444289576375	-0.0130289807612397	0.00584398594956515	0.00558204223671768	-0.00262958026043999
0.0133307491645912	-0.000397854725517311	-0.00921339311143801	0.00530105916962976	0.00481965797803138	-0.00690917624614613
0.0132346689858295	-0.00368321154329025	-0.000709644567161489	0.00374344440793734	0.0147244963768512	0.003945779354235
0.0136966467864965	0.000294135863366712	-0.0129308745803577	0.00538239693982853	0.00261237139141447	-0.0034154092076415
0.0134306475587703	-0.00368192683663237	-0.00802871505656831	-0.00221647689057316	0.0119240249775112	0.00555516204752695
0.0127595843565337	0.0098999427694252	0.000506702539889814	0.00950105625566509	0.00682942927787987	-0.00245694017085647
0.0127191702134167	-0.00288678334462624	0.00291870501823956	0.001985872044483	0.00665958534110579	-0.00545258282080154
0.00922995825448687	-0.0213005793619174	0.012672396761009	0.0298231106948957	-0.0212319620202335	0.0222887979927888
0.0121981624466584	-0.000635331734080983	0.00466587782402193	-0.00225287437416072	-0.00316831196176393	-0.00512653097320323
0.0118809013751112	0.000544469531355332	-0.0012932913504822	0.0187694948136702	0.00723374261804256	0.00273160645343906
0.011260752547792	0.000871669152357844	0.0104477867078968	-0.0165578495326753	-0.0136150767493835	0.027856973433773
0.0129143989978668	0.0184756424878172	0.00421627985523261	0.00530009933627214	0.00996615136188677	0.00281090507068142
0.0134609235028498	-0.00557894718638811	-0.00583018285935366	-0.00320589949605908	-0.00110118483550295	0.00707633838921972
0.00838426884634698	-0.0411647883526769	0.0594583429828332	-0.0344543888804662	0.00390877491303021	-0.121315005896713
0.0137228994712114	0.00142837068801718	-0.00705690182872139	0.00250742333770185	0.00559179627721836	-0.00994452710802127
0.0136741294123147	0.000715675146226635	-0.00816710458420187	-0.00222053893920786	0.00233296490161797	-0.0157791274346995
0.0132088459169883	0.00225290802299417	-0.0100785491119842	0.00650240357498898	0.0102632218227386	-0.00567913812681853
0.0135474055741807	-0.00838648383435411	-0.0130836844012623	0.0114729120782849	0.00519947930435558	-0.00204706327589936
0.0130370623325936	-0.00141083201497864	-0.00597639274638576	-0.00488429019860893	0.00107916424982275	0.00629444163658191
0.0127961155093737	0.00243868985383138	-0.00774147652361145	0.000943750278197771	-0.00461374646147029	0.00301391003252554
0.0115601200621911	-0.000551353131942855	0.00145838999603686	-0.00597072953282668	0.00330328440499762	0.0334565674166327
0.0108648453091321	-0.00972915626061527	0.000431048631294814	0.00466707235306976	0.00301096307856194	0.0194446912446062
0.010322384792482	-0.0424955400404492	-0.0143127809106537	0.0202834562433559	-0.000444003513597419	0.00204847037985425
0.0101155867974004	-0.0197482304747871	0.0199340165308611	-0.0128444970443215	-0.0137400379465538	0.0161596900265286
0.0118001079430725	-0.0129461541209589	-0.0124515515616372	0.0083860725855176	-0.00917510950230355	0.0173192593533011
0.0107815355494637	-0.0194827600867562	0.000394709976900794	0.0212000015448565	-0.026023558295825	0.0206483352144295
0.0119128931880223	-0.019229640849401	-0.015799867639823	0.0117312147339613	-0.00407883196693328	0.0197756043924016
0.0123682469998042	-0.00945910468818019	-0.0137262313325075	-0.00349445308183416	0.000649176625693806	0.0130982707292799
0.0110604107368181	-0.00380716470992602	0.0205113486086588	-0.00322064380879059	-0.0021436886457409	0.015481180280041
0.0110365056059909	-0.00505703907095762	0.029413295351869	-0.0293231468236349	0.00936865379662229	-0.0395462186354072
0.0118948453663687	-0.00542768219932377	0.0138019050708928	-0.00973244782090492	0.00532258738411349	-0.000142612168132493
0.012038523016381	0.0188201532850876	0.0165910317274135	0.00280127217257827	0.00435473393061951	-0.00728245128986393
0.0118767123523475	0.00965576942487084	0.0137562509672727	-0.0100736963565995	0.00107819119267707	-0.0230073616335516
0.0116169357896378	0.00584453066827952	0.00257407353633437	0.00535401059120671	0.00352106707533326	0.010298795736039
0.0110520114167811	-0.00456832680041743	0.0146617999083629	-0.00625423881963829	-0.00337167683372184	0.00985478684537839
0.0129230340220216	0.0011530909750311	-0.00404364289302665	0.000380013406255698	0.0128814798563583	-0.00632334564218141
0.0124015308616697	0.0112252084161178	0.0126698364565005	0.0173378649911662	0.000159328110442971	-0.00862393885561122
0.01174876441078	0.0173593599966816	0.0181086437451388	-0.0148801654244965	-0.0196702520333244	-0.00781198030747314
0.0130057902055447	-0.00616513186016829	-0.012778660844201	0.017353122812459	-0.0118013451350902	-0.0046235202021152
0.0123682226792623	0.00212452195636783	0.000330732885650128	0.00597564208209311	0.0041123763178565	-0.00187518100307751
0.0114823378658973	-0.0119136264722324	-0.00273570635110138	0.00613970306205205	-0.00514200796517971	0.00780873635595098
0.00943645012600253	-0.0260740008970403	0.0356716292602911	-0.0165809284642882	0.0146935451177661	-0.0314964409926107
0.011439395886537	0.00540585543054888	0.00761735111877855	0.00315550755387548	0.00338492125912235	0.00707905209886827
0.0136247557059484	0.0030780260154808	-0.00984050060417488	-0.000561600946462885	0.000758640336479663	4.8367405007819e-07
0.0134773770172607	0.00290331834129489	-0.0122118899284915	0.00388534623837116	0.00284291245449336	-0.00821176363498492
0.0138387222724464	-0.00114986021297577	-0.0150542205553864	0.00741970907154029	0.0124326741095242	-0.00633057886304607
0.0124325232199686	0.000966359971583022	0.00353397139214656	-0.00501994142297116	0.00513900089908163	0.0136920335982141
0.0135854268574519	-0.00540739857545818	-0.00835791881646954	-0.000705383364218174	-0.0126946574688728	0.00467726998736454
0.0104534143529231	-0.0237396536962693	0.0142284879860631	0.0177619146768807	-0.00348452803093865	0.0111189473042491
0.0137228397454638	-0.000297311616282832	-0.00743431781578322	0.00261773986102743	-0.00789320980607036	0.000285950326716144
0.0115165417842658	0.0099001668461372	0.0107825755027503	-0.00381388113731549	-0.00888069399999623	0.000815482932594182
0.0123797898890194	-0.000603141935910824	0.00129309749567369	-0.0129195992067867	-0.00194567104359951	0.00259871806722454
0.013751816413006	-0.00220159702825626	-0.0143360025924831	-0.00177021229936578	0.00522387201496201	-0.0123485720597452
0.0123433617868927	0.00234516859958012	0.00416360881998236	0.00692825061719221	-0.0166661086549122	-0.00396210799703875
0.0123525128182407	0.00293470210910641	0.00450488466374378	0.00734075371840117	-0.0159851868907042	-0.00460700997529697
0.0137013838819202	0.00352114880454094	-0.00816325399633449	0.00143738573887387	0.0114023242326146	-0.0028194526442506
0.0134832963563067	0.00183864833805507	-0.00725129169198722	0.00658406789394503	0.010711078739484	-0.0065784096344493
0.0136519045562636	-0.00187459982816707	-0.00759659481549708	-0.000635372615542845	-0.00115233695361021	0.00369996354377897
0.0131050545562112	0.0125470243085317	-0.00196961791548038	0.0129045063591454	-0.00298335153291785	-0.00747244712113761
0.0117418135989304	0.0267100223370528	0.00835691059442829	0.015110686252911	0.0333456863315068	0.00945767464489598
0.0116389418554582	-0.0121149862007454	-0.00219027803684393	-0.0023037480968726	-0.0291823937625787	0.0123020314518866
0.0120684211856575	-0.0043196897956592	0.00531194810940696	-0.0165573525961016	-0.0026833642744167	0.0140536686355029
0.0106581965263162	-0.00342111793125111	0.00799419185449513	0.00210425887204276	-0.00565750572427533	-0.000149871123074879
0.0132029870590569	0.00100926156611075	0.00188656844915758	-0.0137397495502691	-0.0122316059300991	0.00307817946828933
0.0131709224408114	0.00478788232358355	-0.00484613137092766	-0.00992521410377177	0.00217593798554722	0.0127071263468173
0.0133132166216328	0.00496101419761243	-0.00458904833864293	-0.0153422085017611	0.000602614473777151	0.0173234890593079
0.0122162655118589	0.00692078288762094	0.00879833964351423	-0.00528233212102737	-0.000399455834139449	0.00902039464239257
0.0127098196377081	0.00408951162021361	-0.0025124861656536	-0.0104551970469312	0.00732780568674798	-0.00443499545944226
0.0122245844542127	0.0033449661583848	-0.000963595805705454	0.00812720682133513	-0.00901618895740784	0.0130570448449881
0.0118743659222054	-0.0051662662572953	0.0030145806505456	0.0137103297680609	-0.0133416851850863	-0.0061702740993271
0.0144417226018216	0.00119488946216023	-0.0054516839781863	0.0036943390348409	0.0056482372300185	0.00337402355326319
0.0111951210410734	-0.00718982941822243	-0.00218134173303648	-0.000648806414272706	0.0149878159538429	-0.0113897833663999
0.0114742706062716	-0.000285701712389664	0.00705121315302013	0.00840839441985427	0.0139514831102452	-0.00930869436965924
0.0121672002627106	-0.00250010976677325	-0.00711692875725034	-0.0175043337818637	-0.000312708582694491	0.00242910425775151
0.013371254234795	0.000315464869387649	-0.0141355265330685	0.000836405704025217	0.0070825201007027	-0.0143222704140981
0.0108239021692683	0.00757191515064978	0.026216463803961	-0.0190750632026628	-0.0140616321712518	0.0324640158090522
0.0108142303831572	0.0141620770081862	0.0179700224491167	0.000111056331216927	-0.0157802623266676	0.0139304628327544
0.00929567727106021	-0.0185589748159607	0.0145480575620497	0.0386393130744014	-0.022184963195918	0.00530350537232002
0.0114597349656048	-0.00357996985008037	0.00543610742104374	0.00833862100523986	0.0165710935143137	0.00905661098224848
0.0129620982539878	-0.00347077815281892	-0.00501611150023748	-0.0023749068824502	0.00749136653158659	-0.00222702989659082
0.0132048260230172	0.00168934818640817	-0.00797296663761382	0.0065507798460075	-0.00179803770541307	-0.00410939063947675
0.0130264862281751	-0.000234855392315056	-0.00123708983359667	-0.00527013630627605	0.00124471085324212	0.00504537348339562
0.0105266927888782	-0.0069466108171143	0.0125226628129574	-0.0143457862484461	0.00943660122110904	0.000821270812870292
0.011625864393414	-0.00983263655195164	-0.00048730116459273	-0.00723083024208965	-0.0103182021463059	0.0137428387520859
0.0132923728662154	-7.77089627313213e-05	-0.00278994259612193	0.00662089038717816	0.00590078377817459	0.00283468913655439
0.0133737100282517	-0.000684885688027139	-0.00479763181147279	0.0051129770362033	0.0035181979953345	0.000520973434911033
0.0126417789435654	0.020799888298667	-0.00234746496376239	-0.00456604376753622	-0.000754672670613794	0.000886528579513059
0.0125876346546002	-0.00135220976303512	-0.00605841261827063	0.0035161197505694	-0.0123178832384799	0.00508257881632449
0.012587019872324	-0.00449210243847697	-0.00301342741253492	-0.000255310507838706	-0.0153329497506892	0.00410350786501172
0.0122278734830234	-0.00100670703266258	-0.0122158112209389	-0.00605550167784736	-0.0310148596704537	0.00841705210110225
0.0120620909120774	0.0349382136063027	0.00961262223531491	0.0218136348705459	-0.0152594701035076	-0.0147601247667264
0.0118322286955172	0.0129364793346026	0.0121925121104749	0.017274047116552	0.0194843754905704	-0.0155212740738972
0.0134374814187818	-0.00329303737919471	-0.0124540827599258	0.000940767860186459	-0.0027793934597846	0.00296901991280862
0.0122654711970066	0.000150993130283628	0.00225816883307391	-0.0112522348581776	0.00437024824223741	0.0126445190514178
0.0131282347695558	0.00458263159002921	-0.00962325512096898	-0.0157082380477542	0.00490494027299378	0.00238461291563151
0.012966416462293	0.0123141680103259	0.00106667272549886	-0.011360230798376	-0.00723273372199592	0.00335597875257568
0.0129923843184784	0.00862794221855683	0.00357814152340677	0.0103200746635962	0.00232458524017416	0.00375860244969822
0.0128314849321953	0.0020362159148811	-0.00781664150714266	0.00241613313454392	-0.000702160375022959	0.00118010193354359
0.012450010542411	0.0172326029297411	0.0129953191630964	0.00339711696800486	0.0171294354853483	0.00629656850621438
0.0139266800775725	0.00770497088443832	0.00114677277265674	-0.00302180067989263	0.00444670879383609	0.00141116516635427
0.012180295650825	0.0124221703201443	0.00735899945886144	0.000378314734996595	-1.16057267629094e-05	-0.00929744308785617
0.0116371937855226	0.00371450974904545	0.0124666485386787	-0.00962950627199349	0.0128486713429715	0.0185494505402699
0.0128818126690182	-0.0017193482103146	-0.00119628240109229	0.0118266121282163	0.0037504217339081	-0.000557366876484219
0.0128081589818123	0.00093849943210538	-0.00492422579433563	0.00501796605756811	0.00863659924352186	-0.0023567695593141
0.0138078085862486	-0.00894726117118675	-0.0132673100744643	0.0143821930803912	0.00660122026801776	-0.00823856938339046
0.0108796834847216	-0.00368401786545071	0.0180273824428624	0.0165834057423855	0.0156201241022015	0.0118927060043871
0.00915436900069831	-0.020409197653845	0.0174383068546502	0.0212978254000635	0.00124787635736224	0.000851842212922041
0.00741436970263177	-0.0231989779881446	0.0458216701582247	0.0228248630082151	0.0268554296885892	0.0058228854961694
0.0102755624563116	-0.0165560486631492	0.0131927264830801	0.00334232735392478	0.00963792285676003	-0.0160555706453086
0.00984035630580092	-0.0228960709938724	0.00211971461538192	0.02718519921953	0.0113699040715821	0.0167673960400345
0.0111392860839202	-0.0086859526698602	0.0138311354148411	-0.00112650712837749	0.0098087068841458	-0.00166418307155281
0.0103812073705789	-0.0204147077799927	0.0231883497742297	-0.00455986162993889	0.0226505913947538	-0.0159928216844668
0.0120096358350651	0.00240570020356715	-2.52024323208664e-05	0.00132861651865021	-0.014193988033564	-0.00708614466797897
0.0119364957048077	-0.00753150417119847	-0.00131751044416248	0.00634483559185884	0.000244276969986954	-0.00196949702849657
0.010492397398826	-0.00456029116488374	0.0255724205840145	0.00893535532525024	-0.00962656297216569	0.0232037120269802
0.011122819577274	0.0025516767523908	0.0106920099997792	-0.00808525958365475	-0.000384727204519217	0.0121800784301151
0.0119817019157312	-0.000214372087691676	0.00530265032747284	-7.51235961351203e-06	-0.0063469400484657	-0.0103539392965424
0.0122484399419825	-0.0129592222084067	0.0216608548288587	0.0101366571968012	0.0169609192296419	-0.00918533927746547
0.0108638024542366	-0.0367182210122789	0.018496185735105	0.0474521010323482	0.00616591914707678	0.0172013941011485
0.0116451024470541	-0.00922177053684215	0.0210375473930801	-0.00692036067961107	0.00217531777806009	0.0134402862824992
0.0091671651878601	-0.0322161463240087	0.033097863430854	0.0120240232014864	0.0111722557353257	0.00903066970727992
0.00994624673061923	-0.0260971306658614	0.0281149979292833	0.0152486207348072	0.00567423875388471	0.00615540212996994
0.00926918828970506	-0.024504698982982	0.0236644680897262	0.00497884596022294	-0.0140036796678046	-0.00742213344792857
0.0115938191458684	0.0039768202446825	0.017136348474939	-0.0137738596850206	-0.00668743991145942	-0.00988666208934483
0.00970313936985213	-0.0258122889520292	0.0318060431271945	-0.00411442251423226	0.00393079426794868	-0.00943522145549702
0.0088831783844932	-0.0264260018383688	0.00520328320464774	0.0116984773933013	-0.00252602951309885	0.0200920496456038
0.011390717863604	-0.00182317260540661	0.0132279073951217	-0.00164412161372066	0.000557875261594741	-0.0180837121259838
0.0113720286148989	-0.0212921627798222	-0.00532048242192944	-0.0194879419931434	-0.00782928681744373	0.00697960644747536
0.0113831411920665	-0.0207749542263076	-0.0058132809071226	-0.0188539198741631	-0.00898680463391001	0.00863205484624053
0.00984007684285761	-0.0194751835212219	0.0226478961368251	0.019006430840976	0.0107362734032119	0.0282600107491437
0.0108969285771302	-0.0073491227634276	0.014293648321552	-0.00543327570049926	-0.00930251498929007	-0.00479237002477293
0.0107891032274922	-0.0113197044702548	0.0130680551410103	0.000847197360210899	0.0284947888026395	0.00655666997010199
0.0125871633249205	-0.00179677739470491	0.00406797826163566	-0.00183466000836477	0.0125998427255032	0.001404478720413
0.0104445184394684	-0.0133523907813924	0.00326949568479108	-0.0231500078262759	-0.0300730466491212	-0.0126672697719308
0.0126099349366968	-0.00544020897909988	-0.00891874514943095	-0.0154007278477824	0.00643363975559723	0.00608343371964773
0.0118188643411606	0.00276575954627133	0.00300339246161189	-0.00337887571848848	0.0126023801537821	0.00476120944025232
0.0109353548874853	-0.041190774144862	-0.0281505745028343	0.0416718466068208	-0.0100919318119404	0.0184635450596973
0.0108551837125784	-0.00069723014545212	0.00503107202177197	-0.00820565776323469	0.00108404286975548	-0.0142646152027347
0.0119700621346009	-0.0128849177065032	-0.0128298739035672	0.00594554969385176	0.0158482757864938	-0.00429312399348223
0.0140471598874462	-0.00868166024407755	-0.0175683765575271	0.0019216224790859	0.00626138036732956	-0.00844302233124041
0.014054318666666	-0.00889892593191738	-0.0175004713665397	0.0023119635870782	0.00652433979195946	-0.00856710540751519
0.0138517781073714	-0.00441856843116251	-0.0159666668085171	-0.00158864041327543	0.0065574069681432	-0.0027528599431721
0.0140057846314725	-0.00232826877654092	-0.0172518256820103	-0.0014862653431381	0.00351106263574299	-0.0163236886453419
0.0117031055995808	-0.0198968811439228	-0.00968291364648912	0.00150677955902266	-0.027167892105065	-0.00168669819000062
0.0127271397413386	-0.0023198453089964	-0.00785531263957878	-0.0124797236425229	-0.00236187313471372	0.0118817894076781
0.01274928578762	0.00505689828786526	0.00817618336079674	-0.015527619626248	0.0173792392917286	0.0142290650230349
0.0133643274549035	-0.00514676734869204	-0.0181542584878793	-0.00120945075688045	-0.00370696094287247	-0.00547227039608178
0.0126407576651309	0.00371710242035152	0.00409944397147698	-0.00942562439644956	0.00191364268510839	0.00878034141335659
0.0126714037291991	0.000356822983633609	-0.00337762284636012	0.00383599198561077	0.00597519653061714	-0.00652472045637211
0.0118486159736236	-0.00237047665710503	0.00390609209887173	0.00802542635445488	-0.018808002549621	0.00273597338214665
0.0111592227359891	-0.0104633846552801	0.00893469797271686	0.00728868002626613	-0.0177077643706797	-0.00458586204695999
0.0126366893960579	0.00327949655144749	-0.00214258322395071	0.00202180710746262	-0.0126495729213243	-0.00917973521601589
0.0119349917834919	0.00400406837639272	-0.00723496290424004	-1.68806302932121e-05	-0.00427775113883196	0.00883217773727527
0.0108067172982342	0.0162156146015879	0.0361203164753855	-0.0231513587659471	-0.0027831946809327	0.00411338338574331
0.0121098136131731	-0.002226716887376	0.00521746543133259	-0.0168209308914265	-0.0199463885560082	-0.0105249034897097
0.0135898136965082	0.00839043657977271	-0.00657388598587025	-0.0122240801193454	0.00200075086443443	-0.0203155887874997
0.0129468721450918	0.00593620608458527	-0.0065518643405223	0.0029129702647032	-0.00493659081967479	-0.0138286338901696
0.0129777594225487	0.0047326207683044	-0.00539717364706777	0.00246396495342502	-0.00725472151840915	-0.0152545834385368
0.0119395415105494	-0.00984792719742225	0.00346875511609902	-0.0171589216674558	-0.0234447621989309	-0.0207144549739122
0.0124132967506254	-0.00778882966728672	0.00208341182439786	-0.0193124402240236	-0.0213734808190503	-0.021568661547593
0.0119415280324538	-0.00933782716439789	-0.00589487676263223	0.00463379930644005	-0.00685558017773916	-0.00963680054202781
0.0126324665503032	-0.0103170061343778	-0.00553046972492774	-0.0112126875231698	0.00947655078186074	0.00163687905053752
0.0128326694417339	-0.00364325007821405	0.000435549072750248	-0.00104847612392082	0.00470408341049415	-0.0110811856300845
0.0132681948025211	-0.0106083845194954	-0.00657305296811343	-0.0132821092380852	0.0105740039247546	0.00562228157079457
0.0127378903264304	0.00961322161508689	0.00280058517092769	-0.00705636211575515	-0.0087169338872995	0.0026974123548569
0.013174095184751	0.00919835893084395	0.00455549733579869	0.00161481644667186	-1.83436146933107e-05	0.00599297643872143
0.0133314783025733	0.00344342944185934	-0.00257325046219698	-0.0017911340623111	0.00755559770863079	0.00512772590629882
0.0127402887234907	0.0290413867484792	0.0129403280072892	-0.000590527826321133	-0.0103756611651179	0.00703366499408252
0.0118214880332625	0.00328913634952853	0.00540581596067974	-0.00897453306585954	0.000431627101072949	0.00457694430213887
0.0123246300786168	0.00701040308721604	0.0023989842814181	-0.0087379712642637	-0.0117958295827078	0.00564462754793507
0.0123870441094147	0.00992695221299557	0.00576031627621624	0.0055533601113607	0.018939424239685	0.00657243310787114
0.0130999283399109	0.00252299850362518	-0.00458122837445436	-0.00357102362709709	-0.00614121060949727	-0.00122776861207294
0.0129860867870893	0.00223181615357678	-0.00615756896716096	0.00466917954644934	0.0104116361538152	0.0145832769852621
0.0116881492298617	0.0157178795442247	0.0015804534349027	0.0263473330887236	0.0179690697050664	-0.00574487691713921
0.0117749333380707	0.00691644401763174	0.0122495458766008	0.00536176220055522	-0.0298975190067181	-0.0170193796005002
0.0130812352578403	-0.00996379843456785	-0.00633733907655324	0.00311768975366241	-0.00485793643121002	0.0104069376708021
0.0126438602142823	-0.0172362773884539	-0.0163328027559352	0.0147529138103993	0.00154376935531922	0.0239551693127786
0.01252209354485	-0.00658645700526889	0.00332398487754741	-0.0252904602112413	-0.00412012233355069	0.00213795499093133
0.0124090234738732	-0.00467002955500571	-0.0075297863657316	0.00786440663607321	-0.0204375572421819	-0.00385989166387933
0.0119781609092492	0.00338158065377539	0.0100656703706491	-0.0119913163921158	0.0118331335156012	-0.000994697281397024
0.0124850135648743	-0.00482982279253185	-0.012276683666814	0.0107294669264485	0.00191635941577135	0.011297759442461
0.00948804710805783	-0.00785699913283757	0.0124765854749	-0.0012421440387156	-0.0192040743980163	0.0391414932179786
0.012025926258022	0.0131268493063421	0.0208334735252783	-0.000867067391798745	0.00710147963494081	-0.00413250424571335
0.0118621619292521	0.00787104713365398	0.0047810817400189	-0.0034789678364295	-0.00283803765053072	-0.000414527221094604
0.0131248156264767	0.00209285509078786	0.000670835068800976	9.46603460161011e-05	0.00400433389188559	0.0040646093650675
0.00821866791638958	-0.0503703414721528	0.0120147582997588	-0.0060589736093653	-0.0180350027748117	0.0508977835226811
0.0121066628697262	0.00310501474177931	-0.00154343584904475	0.0242739684580114	-0.00354952091905761	0.00908901132022052
0.0121748406110785	-0.00255802613225082	-0.00385902007057764	0.00554813954134082	0.0131478840571603	0.00807350514318651
0.0117818729554998	-0.0141572597546736	-0.0179508268581972	-0.00618903399927312	0.00137382570331465	0.0174379896014015
0.012807072513032	-0.00132911298741523	-0.000817722302931928	0.00414522669668116	0.0108665973509201	0.00293547704867319
0.0100752162873811	-0.0208111141346349	0.0172203099558569	-0.00511629460413941	-0.0181152998209598	0.01116962225899
0.0124842904207023	-0.00130051246090209	-0.00229349131599848	0.00931448419699964	0.0153514138778264	-0.0095999768793976
0.0128288506559558	0.00568976889823884	-0.0084067357893334	-0.00202602212279216	0.00925254472415666	-0.00351558703229461
0.0129735819109067	0.00670444553331257	0.0110076906805894	-0.000544662912525668	0.00580541686076727	-0.0104353461605156
0.0127571211885228	-0.0119211642846012	-0.0127011489265356	-0.00523706307810951	-0.0178771332853021	0.00983765745656104
0.0122344910471076	0.000259583079134563	-0.00130835638975945	-0.000551229845493752	0.0162981595780001	0.00401185502765883
0.0123727079829284	-0.00300965876020955	-0.014303019041156	-0.0109745287610703	-0.00348036070419902	0.010682702498877
0.00841051079343386	-0.0299080879783216	0.0788763457006817	-0.00950158109706616	0.0496974282116596	0.0880788519296377
0.0120675942925232	0.00158071866258632	-0.000717004514253478	0.0101084895974627	0.00855777722572768	-0.00296407085109729
0.0122826888384541	0.00782471650294941	0.000685846708507014	0.000882420457353098	0.0053788645817159	0.000352320000983753
0.0127650969272048	0.00564493825384569	0.00131131094363736	-0.00231460260897375	-0.0148353642390712	0.000334591644330882
0.00994398281870036	-0.00510976633678271	0.0363361880512808	-0.0203380085088646	0.00288342677163595	0.0262928524268958
0.0128894769297274	-0.0116171423570411	-0.00426148234077468	-0.0225903847344887	-0.00484008119438621	0.0132347960609465
0.0110958587276531	-0.0247753684001478	-0.00209805685946026	-0.00369312220411343	0.00588568739497819	-0.0126197177256858
0.0112022825914507	-0.0257874925876734	-0.00178181791198668	-0.0080196672119143	0.00262313326914309	-0.017572003361497
0.0100413630065258	-0.0220406421081793	-0.00166205282842126	0.00199686623814232	-0.0126936554852842	0.00459640518337907
0.0134288153807107	-0.00634357877095042	-0.0095050842408362	0.00224416034977582	-0.00213355937170152	0.00258650243708314
0.0125498817924192	0.0056725925289726	-0.00447050841222148	-0.00344556130046171	-0.0102064222314434	0.00171308134379644
0.0120513866222221	0.00912897904998414	0.0072620251627886	0.00462416318390802	-0.013281553585701	-0.0133935026939774
0.0137954899210316	0.00269255051767044	-0.0116297700276383	0.000902727665518496	-0.0034806849537534	-0.0164410227515953
0.0126637984049188	0.0134645705975134	-0.0061513340325851	0.00870009265487284	0.0146405211940906	0.00255490336929229
0.0132168724456526	0.00901586831246158	-0.00438112654723286	0.00682353152832691	0.00315334251412301	-0.00495679797998182
0.01333199529312	0.000727503247019199	-0.00160047908584048	-0.00287326823116391	0.00888378146034068	-0.0046163732708154
0.0115591767499106	0.0260959221496266	0.0217854663701502	0.0312482332762718	-0.0136122481192953	0.00669409118143972
0.0125008419928211	0.00872548999584559	0.00019304295675717	0.00192528276150528	0.00800750745946228	-0.0157733148801333
0.0126416174754397	-0.00535586356009578	-0.0166153402614814	-0.0183377435458416	0.00316838887049114	-0.00346100968835787
0.0138619181344402	-0.00239227772557059	-0.00654670087378403	-0.00715450399082264	0.000700740306239173	0.00153822724546899
0.0138652166508135	-0.00982880737747437	-0.0149486936580695	0.00209661121180386	0.00322614955516273	0.00156720001475513
0.01324726129059	-0.0113138379551838	-0.0110333904015261	0.00997046642743201	-0.00193667565210872	0.000241049316461846
0.0128014450731986	0.0036324046457311	0.0074371591748874	-0.0142237876537391	0.0168838436979112	0.00590830355915714
0.0131489682138657	-0.000863095848928317	-0.00593164349175597	-0.0181250908922283	0.00564568429922642	-0.00891096487101637
0.0127382191690614	-0.00389638462951852	-0.0118751380791724	-0.00516930301886571	-0.00111248190201689	0.00211847066110531
0.00934112976222582	-0.0180410129287665	0.0301042596500876	0.0136058203057444	-0.000209444850329153	0.00789749790842426
0.0120038707977315	0.0260073223539702	0.0153653934793241	0.0194079357903944	-0.0111288024429363	0.0124327824453185
0.0118835652572758	0.0248637901918232	0.0134096014602217	-0.00595586269513831	0.0192917839287103	0.00679461167996412
0.0125327422674602	-0.00271427156919783	-0.00396086894320432	-0.00390793071841218	-0.0130789149741795	0.0152570086369404
0.0125957807506068	-0.00139483775367257	-0.00883306388358569	-0.00294478688542117	-0.0115078051628702	0.0175268291519005
0.013032218628883	-0.00362333210471292	0.00310065894217103	-0.0172337044163191	-0.0165772333637847	-0.00196664075570945
0.0128739222509341	0.00596092423684771	0.00165618731666451	-0.00986694560561247	-0.00599803218530902	0.00717965084436952
0.0100192526274062	0.00317682594924696	0.0268970949603462	-0.00310687737612691	-0.0161889017982734	0.0178083460858393
0.00981635561934596	-0.0129796356911963	0.0141144045079058	0.00225386614288947	-0.0120714907370411	-0.00246081137334055
0.00965227244436177	-0.0117376985790752	0.0401161166479893	-0.0112002448810282	0.0263353356681848	0.00841604702182193
0.0136369238771027	0.000703034737393188	-0.00596157204332731	-0.00527173347614816	-0.00204268429265986	-0.00463514056892154
0.0124785809622544	0.0122690140313528	0.010497305505917	-0.0189643952522481	-0.00102343233153215	0.0106078507977066
0.0119532103779033	0.0269696858635559	0.02134185162531	0.0043222373473189	-0.0199114788077592	0.00573374938436046
0.00897298176255406	-0.00129146943109463	0.0492272784483501	0.0104962924957551	-0.00447487739992213	0.0213539554995381
0.0130356312789668	-0.006781816820292	-0.00292345974829937	-0.00106400392349527	0.0070133150023402	0.0107475823732412
0.0133859003383206	-0.00243712324652373	-0.00451801322596128	0.013724958876686	0.000295230863866145	-0.000695125199243055
0.0132584589716205	-0.00234156382742982	-0.00188161836566702	0.00879279762353353	-0.00372466053955586	-4.90347424612704e-05
0.0125760036525119	-0.00297788090738375	-0.00214827287122398	0.00609121405416289	-0.0013354904838711	0.00600193215770845
0.0126439626218433	-0.00478281719447176	-0.00191163090616982	0.00740870651633776	-0.00384735892127847	0.00483431704125647
0.0123175606933546	0.0118520643083381	0.003701192458705	0.0137718804674291	0.00335696321239159	-0.00776278585165167
0.0125516086674052	0.00314371670810311	0.00219400488839428	-0.0186411277015139	0.0194560221278143	0.0164075352300488
0.0128436868554334	-0.0025678995872578	-0.00193987374394152	-0.00317591380959156	-0.00428822001080957	0.0142689701763477
0.0129152990739425	0.0120277013883518	0.00170508373479827	-0.0102043509921167	-0.00259866739255382	0.0225301332294149
0.0128364053122625	-0.00543402769767356	-0.00121272917585606	-0.0113909794294173	-0.00301611751709727	0.004880754364849
0.0127203355626631	0.00766845664530519	-0.0054995264776189	-0.00628424947157977	0.00457055544051001	-0.00451061194454473
0.0138497996513645	0.00233002973888708	-0.00697588055059682	-0.00687792624294266	0.000810313740045705	0.000421536646751153
0.0125199119811187	-0.0192412392150433	0.000787901847439424	-0.0411009942643987	-0.0295001436755542	0.0411383396663066
0.0130560963296161	-0.00542208076345139	-0.0135269527293253	0.00557474603910664	-0.00273663027298983	-0.000928717205146467
0.0103844177554943	-0.0229461697587508	0.000841512582913894	0.00962687496937925	-0.0118927256460301	0.0274780497080388
0.0122026309267858	-0.0184420758936359	-0.0270865328212851	0.0144926198514095	-0.00498786097066093	0.00733690315198075
0.0127224137355167	0.00967770324134668	0.000218471473004902	0.00273576415877377	-0.00971946138819083	0.00521521778986044
0.0123468957687726	0.039414198005948	0.0185680546250879	0.00541546960125815	-0.0139088703254416	0.011419346179107
0.0139330973886189	0.00771867603316265	-0.00760287302566283	0.00640870944464678	0.00374785846162864	0.00474198173605543
0.0131403459366642	0.00243579721599026	-0.00730934172220127	0.00354135317685808	-0.0124120106733668	0.00213414699095352
0.0133309264811552	-0.00208166284867212	-0.00235682611444123	-0.00928878859650599	0.00688357134850408	-0.00411169908364373
0.0132019026380302	0.00440273610384959	-0.00496198021674054	-0.000324998352327835	-0.00233307485173571	-0.00826148963465446
0.0103495175784122	0.024940606831465	0.0289384504150024	0.000545781570490359	0.00934744387785734	0.0112241117939505
0.0105747550496258	0.0166048156669847	0.0243142992123914	-0.00644711666782949	0.0223023025026847	-0.00450233988636788
0.0118619699852149	0.000337495934082864	0.000688696463332697	0.00546381892740111	0.00496550437959976	-0.00480923488008495
0.0120072973888565	0.0107589716833513	0.00391473469128224	-0.00411149993690687	-0.00572086519389036	0.00688108034306783
0.0141063232296263	-0.00574963369862464	-0.00645650814644434	-0.00200887374686514	0.0150973323091801	-0.00632525781297298
0.0132329113466474	-0.00171512864160302	-0.000162309072670256	0.00102903550928824	0.00129397024760334	-0.022120047259739
0.0130837695667371	0.00384825711458905	-0.00539854286076871	0.00258390996758989	0.00398510535173432	-0.00242094834055743
0.0131718909137534	-0.00423085521182082	-0.0139678526289331	0.00637331513531965	-0.0108916142394168	-0.00484561629467148
0.0135587366463578	-0.00306170542482708	-0.0143226332884245	-0.00758093771935846	-0.00173896354113217	-0.00591984852701312
0.014461916878295	0.000238577656840563	-0.0138258240585863	0.00892921529659837	0.0083818673985214	-0.013603474681437
0.0138220553233877	-0.00179369932273347	-0.014276173506859	0.0107041357100996	0.0118164202572177	-0.00734593492288338
0.0116788892325684	-0.00183514018794127	0.00309394327927448	-0.00284055154394143	0.0143506865658415	-0.00586219051078836
0.0132373822112741	-0.00755246341276245	-0.00199019010578221	0.00588053805288067	-0.00280451073734553	-0.00430822344412201
0.0122575529006229	-0.00727708707327355	0.00255061738465071	-0.00440532673701434	-0.00535512881880816	0.0078501135143325
0.0118738572342356	0.00246603266839891	0.00704376732025722	0.00114379091635274	0.0193228169079283	-0.00672904504031958
0.0127287095645758	-0.00362372175478156	-0.00209615443334863	-0.00114831507851429	-0.0126175848075096	-0.00702662206383945
0.011863798559868	-0.0101663018172742	-0.012150107878374	-0.00077008329431398	-0.000220391165691658	-0.000964478110732576
0.00902773590940754	-0.0215068167071136	0.00804479497222428	0.0169454626924331	0.011883705274129	-0.00273424910488158
0.0121440518895084	-0.0013017632001718	-0.0017217800428044	-0.000977574391238216	-0.00572242992351086	0.00141962185816141
0.00844773587852894	-0.0241599619391182	0.0208964652436123	0.0290660027516851	-0.0208334379380004	0.0149508585085526
0.0123114662074342	0.00742935724035994	-0.000694695318684613	0.00507395385376481	0.00419133835784173	0.0010880272788675
0.012310809236551	0.00829014303703905	0.00073286118031251	0.00439369083609806	0.000634998637807815	-0.000232551734411128
0.0110500746699993	-0.00630560646774845	-0.00160241889554152	0.0121738253321416	0.00190121353675746	-0.000107742771975487
0.0121717586073357	-0.000922272250855213	-0.0116624983825451	0.0168173922767678	0.00126425805016093	0.00464047757098015
0.0133155758194976	0.000681448808973242	-0.00521775902548874	0.0101579915937555	0.00748753875814059	0.00689099180681267
0.0118680758065692	-0.0025944353974602	0.00799459786924467	-0.0313048767584747	-0.0297534611657288	0.0151537952692501
0.00953507639665014	-0.0315645593204983	0.0252853279378215	-0.00652670726888266	-0.0104299289063075	-0.0160303262507225
0.0132270057376905	0.00444754895763416	9.29385064801968e-05	-0.00759625527267114	0.00450431601870692	0.00903828260843508
0.0131889806645223	0.00674572662166635	-0.00423554988396206	-0.00526923052308807	-0.00364494516159068	0.00342293305911704
0.0128623946504927	0.00700434600987965	-0.00189886469620034	-0.0106820483650366	0.00839148824467122	-0.00485368791833302
0.0125258913823092	0.00476965822959383	0.00831558415102884	0.000697501948527788	0.00945198441470407	-0.0138139622418108
0.0119051799605431	-0.000463032137120047	0.0112785933588908	-0.002566211738345	0.013530937650824	-0.00826574707273863
0.00976941264173162	-0.0251526036419548	0.0106583431719465	-0.00681887561812306	-0.0195639500299766	-0.0151547244190777
0.012279785820541	0.00159035452777804	-7.00021765353603e-05	0.016955899524207	0.0114747355289077	0.00975337701584527
0.0109933443911885	0.000858183380714105	0.0105458038082407	0.0211966136698541	0.0107808390950767	-0.0135396712525868
0.0110148831713207	-0.00225493492326998	0.0252846045832901	0.00922077236285983	0.0051367817963341	-0.0203865834783569
0.0132831482667613	-0.00335943315142424	-0.00667877328374521	-0.00735864447674094	-0.00840151403448236	0.00651437143369503
0.0129698256533795	0.00995150995058014	-0.00492768536038598	-0.0132844248174675	-0.0110673542521848	-0.000935381981239488
0.0129537375114918	0.000783078413075029	-0.00258899521716356	0.00437801406898975	-0.00190272912709145	-0.000824981515932464
0.0140658020652924	-0.00098363727268617	-0.0129877445020729	-0.00226183514580392	0.00532059876766922	-0.0167779083457823
0.0130592417882569	-0.000398700351682952	-0.00650714532128256	-0.000789627429630971	0.00539766506161524	0.00818664370021023
0.0126589572266453	-0.00643000660295101	-0.000756641414157436	0.00539573522448872	0.0048792602631201	-0.00959395738432774
0.0105655428181047	-0.0122287162687073	-0.00464257691729654	0.0106028686848211	-0.00499130080489018	0.00315852171045052
0.0109267178954925	-0.0146455169221664	-0.00162635108674039	0.0153358958812893	-0.000211578895809125	0.00273154454792611
0.0119597669270627	-0.00347033091751006	0.0091197865583433	-0.0172818991359458	-0.0011419733665328	0.00599320674391547
0.0132058995675846	0.00116115666722781	0.000500489297496343	-0.0214004849147086	-0.00170422724546694	-0.000762936978560997
0.0120951489563476	-0.00877024737732288	-0.00424697230465018	-0.00982836114191245	0.0100564831255176	-0.000597373529681912
0.013038125564264	0.00647424706528723	-0.00521001046681779	0.00845296424536266	0.0042560697644985	9.53556054885617e-05
0.0136012823971412	-0.00940197223256938	-0.0141920760418686	-0.00100923358404509	0.00223359300837193	-0.00135111303427203
0.0137193247320704	-0.00816728344854464	-0.0122245533529984	-0.0024106631783698	0.0032915407512054	-0.0037634713804217
0.0136455190758937	0.00223441863714396	-0.00667853654384472	-0.00122948803518902	0.00108929989547306	0.000624830991723332
0.0128452033690021	0.00696605030976702	0.00238657646581107	0.00697772408104187	0.00689615991434677	-0.00654479261658227
0.0125947935470205	0.00775728644348235	0.00427459145734751	0.00935097232645555	0.0165492183942126	-0.00606812541131912
0.0125891014335141	0.00166194241124885	-0.000308961758823222	-0.0128584998208119	-0.00056147609313859	-0.00113985266867981
0.0134379214319412	-0.00384738781108911	-0.00601804123009035	-0.00712689578970106	0.00723490460948988	0.00350749047816662
0.0125176243076587	0.00311443378991247	-0.000226597486880906	-0.0118060680210335	0.00180665766406562	-0.00779281243177677
0.0131393667809784	0.000746608911154288	-0.000736370629583475	-0.00756490795187507	0.00732919571380876	-0.00963985407509615
0.0128584380067011	-0.00645259562026007	-0.00599890960304706	-0.0118927706684318	0.0161761996358418	-0.00921513479160466
0.0140637758062606	-0.00135567509003482	-0.00993471787591115	-0.00174137320928741	-0.00103150654188056	-0.00314832572443634
0.0131143549301282	-0.00343892475716596	-0.00325716577932131	-0.000290808276055144	-0.00152484227348726	-0.00149872893071835
0.0127709265304883	-0.00597055628206072	-0.00437970946028928	-0.00343369022057925	0.0123016810282141	-0.00390098740321749
0.0136292258899517	-0.000174738805104474	-0.0112359088940146	-0.00800446974950184	-0.000621998856714354	0.00683787339114295
0.0130062647390096	-0.00379729284991062	-0.00973321851589452	-0.0124155526847609	-0.0134281175686829	0.00728726114570704
0.0133202115330116	0.000480603555660646	-0.00138514647592804	-0.00372137190993974	0.00322291822306959	-0.00315098786890281
0.0132649384649009	0.00186292530937522	0.00101332695271206	-0.00389977333576202	-0.00204868522461925	-0.00560514153046764
0.0122903627939132	0.00200203403251986	-0.00364281450481312	0.00613124151851731	-0.0156953482840838	-0.00296689467774974
0.0129524735874579	0.0101293339021606	-0.00657056142207083	-0.00228888545736619	-0.00624471771476234	-0.0122864154119879
0.0125659999096257	0.0194395697434748	0.00579523419508425	0.0164583739269327	0.0117189493088641	-0.00917626021985447
0.00891703015101446	-0.00689142481804447	-0.000956062553114278	-0.0101184151313252	-0.0167650276897286	0.00721599145731217
0.0123991503119565	-0.0129284738695043	0.00240264557328221	-0.0155184277819455	0.0120885095065316	0.00888257696076532
0.01266234893025	-0.00549175452674249	-0.00858276783639972	-0.00461524697307657	0.00374798720786699	-0.0117136627220195
0.0114973537693194	-0.00743541755274461	0.00788784219765309	-0.0111561566589647	-0.0083613296740023	-0.0149719768533323
0.0114737452868627	-0.0211407348992636	-0.0131728344602101	0.0165656088572795	-0.0238980448374336	-0.000240826530915429
0.0121457004494833	-0.0104879574157966	-0.0151319550070792	-0.00782188751378447	-0.0238712669830035	0.0048290031578283
0.0125092986618138	0.00282665861215033	0.00712711128424807	-0.0117778109110674	-0.00230770519374931	-0.00194998679022278
0.0110825409929277	-0.0081087645298295	0.00888917027048974	-0.014355153115677	0.00185129189120857	0.00796790029991935
0.00896019670797336	-0.0400360015134874	0.0356645405646855	0.00216627950239547	0.0117992475574413	-0.00695793898248661
0.0116915975731546	-0.0111748874125282	0.00226943982218355	-0.0145140562360403	-0.0166927252213009	0.0268006968883649
0.00793155299630906	-0.032049147868376	0.0162538492549654	0.0538477093270816	-0.00553447623923233	0.00642351186763121
0.0119406289429175	-0.00257129326031029	0.00695596690844731	-0.00362015938923012	0.00272193660404716	-0.000857337542783413
0.0120251580545745	0.00670211649198946	0.000696475826491826	-0.00856266209565008	-0.00967267484361995	-0.00631615964736925
0.0133814222626405	-0.00387875320781427	-0.0105471685810383	-0.00426702669920062	0.00125337752922368	-8.13149617618371e-05
0.0133497256064922	-0.0019655938317334	-0.00509249202961424	-0.00313190949708797	0.0126069089308563	-0.00194119741625067
0.0132458670861751	0.00525246657216497	-0.0020208778579726	-0.00733740607114958	-0.00636910972616696	-0.00224613143192438
0.00998455960616909	-0.0122511124238103	0.0399992199984725	5.78045632722299e-05	-0.0261385030438546	0.0242973193989448
0.0133600671360315	-0.010417488985927	-0.00253490950247869	-0.00397312797694425	0.00129314651494334	-0.0320055324481372
0.0136644244084916	-0.00444780147533755	-0.00725232431577163	-0.00187337095476503	0.00461381517685432	-0.000854150837476108
0.012512997079011	0.0222093917436028	0.0151166648762732	0.0159981762375396	-0.00881593020829833	-0.00148433968536566
0.0112538583709193	0.00799594939291067	0.00900259167844799	-0.00720316844992881	-0.000299403251439942	0.001439503887434
0.0106765855019787	0.00778509214207783	0.0264720528478981	0.00143200677770195	-0.0199820042342751	0.00987525301279756
0.0131900717160553	0.00330554270681485	-0.00377425594715992	0.00375299821254279	-0.0196305799111202	-0.0048562231764619
0.0138654835156964	-0.00602720242609165	-0.00898660531401495	-0.00625563840163498	0.0122072360123659	-0.000921893157476537
0.011073872015723	-0.0138491116188341	0.00959987370117374	-0.0023716828347729	0.0177038309903929	-0.0184355153243339
0.0134803668386767	0.0137662738448433	-0.000905471771398464	0.000505764658854668	-0.00452502033685236	-0.00828564414922098
0.01371152940628	0.0024496610016895	-0.0090842914799835	-0.00164484391569611	0.00606666365565887	0.00598443246718274
0.0113934959855118	0.0145640995335202	0.00244481630186185	-0.0105016470071622	-0.00621800187343494	-0.00407792914597547
0.012831532811944	0.00730123023386714	0.000840251086514495	-0.0106247150963105	-0.00383823069600388	-0.0119606174050714
0.0111896743149984	-0.00679692336955095	0.00142138097970855	-0.0124674671083327	0.00721026852923671	0.00532725879101207
0.0130175452664034	-0.00895642244842841	-0.0171313633671254	0.00980916954214605	-0.022654673791596	0.00841082948493936
0.0130084073247512	-0.00918312517990061	-0.0154449964062743	0.00825386457888226	-0.0240944452738514	0.00697513524366657
0.0131617481553185	-0.0137899321563035	-0.0192066480675805	-0.00483796130308396	-0.012197413422701	0.00849306601680463
0.0134498025511524	0.00301479500739108	-0.0138947421215103	0.00955915936935489	-0.0193993173471177	0.0103101450830962
0.0113915629302766	-0.0144271975411762	0.0039271035754254	-0.0111696661768857	0.0155123357887922	-0.0208264701617332
0.00809990422137006	-0.0462472823640666	0.0433628149681016	0.0332505473551532	0.00596879944198428	0.0349429106814413
0.0105941267322286	-0.0128439645976407	0.0167905071056161	0.0109485110500683	0.00342125429338759	-0.00996381470389152
0.0139840730607931	0.00724010125583553	-0.00605966534582121	0.000210941695765854	-0.000554416902106	-0.00714830068315795
0.0115173489953481	0.00586752708627096	0.01813954290812	-0.0146515406475336	-0.00631839937856461	-0.00156480297725512
0.00978236497563626	-0.0278222102588149	0.0274563291218283	0.00197064644790653	0.00119878321004138	-0.00182601028370725
0.0087677586909563	-0.0297919502360211	0.0147578821841591	0.0309516422188469	0.00340203741220267	0.00089615521091079
0.00733999326888398	-0.0598549089716339	0.0412601910211789	0.00928037168827567	-0.00985963515962332	-0.0652370310384364
0.0071076038752537	-0.0736347470603851	0.040398015994451	-0.0122714168917671	-0.00383648562200066	-0.0914525076383956
0.0113319242951053	0.000118041936352983	0.0131939492982996	-0.00537905043306651	0.00688590890470293	-0.0141308460070148
0.0113197063051187	-0.0163030009880915	-0.000188847573456331	-0.0199052230389083	-0.00556730797474879	0.0101346921603795
0.0113253946375907	-0.0157856055916545	-0.000508971703695198	-0.0192179029829429	-0.00659536240632059	0.0117734039420215
0.00875784598647098	-0.032517074237232	0.0282885526894425	0.0105772140868411	-0.0465079658477391	-0.0201985549080444
0.0103611670030816	-0.0223419052465889	0.0048393223902633	0.00512887445997169	0.00453619021880401	0.00985899194977131
0.0121625348887817	-0.00288771756451611	-0.00657258320749257	-0.0028222872368992	0.00118902722850181	0.0126979522383624
0.0112456239234868	-0.0276016852222601	-0.00341024261966443	0.00495253207636079	0.0185592643020695	-0.0228969620536449
0.0108002325454393	-0.00840625014188733	0.0132778819038434	-0.00502217691842212	0.00814310542028609	0.0135563894321726
0.0112417001478388	-0.0141901453303648	0.00675585264262617	-0.00871562107942651	-0.00264968809193361	-0.0131510844136473
0.0106925993542015	-0.0196423699972597	0.0217771101450501	-0.0135540445094328	0.0261099873588427	-0.0155160166695207
0.0105667784802866	0.00669085565081479	-0.00109548579709129	0.0280672703737705	-0.0186340745551312	0.00288373468619795
0.0124198187765458	0.00157961783983663	0.00464243955029285	0.00866400797202358	-0.00529951510905193	-0.00794969865473522
0.0122827696112517	-0.00615812341843309	-0.00256727412818368	0.0100333900104764	-0.0168407627063354	0.00449292095413336
0.0125208785094428	0.0072084048590086	-0.00178898079886829	-0.00290320651236284	0.0171991424585523	0.00120794049969813
0.0126330210465705	0.0153954717735502	0.00649284650309611	0.000248934350935223	-0.0224074318444474	-0.00265428196967601
0.0128735738592247	0.00315531349939448	0.00139685952771136	-0.00132712724909402	-0.00474851862498676	-0.0055436085437869
0.0145686306774861	0.00119390987111983	-0.0178992463217483	0.00559116007700697	-0.00662214547069734	-0.0104472862309977
0.00916219193133951	-0.0240178763612141	0.0255365369203001	-0.000181563089882396	0.0352647607152986	-0.00399542291790744
0.0130859883505263	-0.00669824195199299	-0.0101723607077621	0.00343359010891332	0.00742187480134761	-0.00923459871984472
0.0131933855273405	-0.00430633003968268	-0.0120410001186877	0.0098604316853548	0.0119264851636214	-0.0123342106049568
0.0109561397777511	-0.0142592254782989	0.0252166674751936	-0.0418723131132158	0.0128046671480687	-0.0141945319055182
0.0123787267738372	0.00561781942546137	0.0107707244100437	-0.0182985354546051	0.00377902515122294	-0.00418873406961737
0.0118351338284533	0.0150719028639127	0.00623321377386438	0.0313834253326201	-0.0193987132902349	-0.0205477611127456
0.0112318790664852	0.003080442938965	0.00524577503154331	0.0158660780805057	-0.00693114945509569	0.0189289557101603
0.0111316367767852	0.0179098023550974	0.00308284238618228	0.016535806199228	0.00472887040015476	-0.0117867991508291
0.0132120258845404	0.00251621246683619	-0.00201140046047621	-0.00148221464394047	0.0142400087437997	0.00178113618447563
0.00829171414830281	-0.0487331235996847	0.0520140830357126	-0.013794501084669	0.00108574624782452	-0.0105810751249702
0.0117541792299901	-0.00764136350479695	0.00377499442551411	-0.000774455061827682	0.0134320333199398	-0.00629905986502951
0.0116490115881576	0.0112935288875626	0.0193276221679642	-0.00979182018336514	-0.0254067658720057	-0.00758403336234056
0.0121396204406292	0.0101234886472588	0.0103969510507999	-0.00887114672610729	-0.0176333787544025	-0.024103235592735
0.0122993661214445	0.0103711155755366	-0.000266056992042419	0.000830749061191032	-0.0106207933626559	-0.0233667941339303
0.0116614011226214	0.00686251697350966	-0.00381211728272052	-0.00301574591793933	6.8230333960822e-05	0.00463984806304833
0.0127866021009389	0.0285841605438041	0.0178184819119007	0.0102865825783337	-0.014493826975321	-0.00466259402190269
0.0116746955665016	0.0363602589430458	0.0194919724592306	0.0051732529965126	-0.0131327968677445	0.00962999527530636
0.0123559777921864	0.0328371576140666	0.0265089457844285	-0.00612035336662592	-0.0108294652478308	0.0339437058689333
0.0115704324635505	0.0207539280088269	0.0177695467487602	-0.0101523521852289	-0.00280589443246536	0.00299924363075862
0.0116541370665603	-0.000774951980487562	0.0155588864746531	-0.0218322343678056	-0.0159839855717344	0.00863162452497484
0.0124602325619078	0.0118119198830885	0.0137676293772434	0.0052802985561626	0.00605471131065883	0.0142080127284283
0.0116881242161912	-0.00623762489840133	-0.0115903136000649	0.00429991226528464	-0.0043854568817238	0.00654814300912387
0.0121688653526766	0.00769013148564702	0.00782223987192066	-0.0101570143505427	0.0127460063382809	0.00597802670356972
0.0126353774682724	0.0142655642430394	-0.00327981723665237	-0.0135044238894695	-0.00679437075386177	-0.00619361715035743
0.0113194970705891	-0.00450520725974668	0.00527589054597739	-0.0126976891309783	0.000235835194390153	-0.02745898822976
0.012059769601172	-0.00436705385649966	0.00406749011816025	-0.00997919140883455	-0.00152889829782506	-0.0208041881019857
0.0131931653048145	-0.00762418213327235	-0.00705143668770986	0.00863508526436265	0.000138159984521549	0.00565891022911644
0.0129190018573816	0.000554971998674319	-0.010666664279317	-0.00339543297866519	-0.00787307683927059	0.00608797351665459
0.0123699179804548	0.00135357513356232	-8.25080467301161e-06	-0.00750447033276603	-0.00418249909339068	-1.5047881922383e-07
0.0123750765669789	0.0225630829545138	0.0112116354790083	0.00394596254212762	0.0127585203111639	0.0104739976306254
0.0129953764042379	0.00954687517625793	0.00388299638836306	-0.0163435435568626	-0.00582573281125199	-0.00264293542456381
0.00915113997419777	-0.0146949754254179	0.0477192944094108	-0.0253592516788891	0.0123198366862498	-0.009333683205149
0.0124727792047772	0.0224602896603594	0.0206084518665196	-0.00664008263141919	-0.0101326166687305	0.00739895640390102
0.012285737650569	-0.00716526859580202	0.00745928688377968	-0.01148677549068	-0.00693999048736973	0.0195579026910772
0.0132187165348833	-0.0149212782126994	-0.0114330354259584	-0.017891414590595	-0.00289201783952151	-0.00230172090823775
0.0116565790201609	-0.0038176015421786	0.0167015874259356	-0.0253669847317271	0.00762642870962838	0.00919229378012529
0.0123169343147205	0.00609203261204377	0.00302198783456012	0.00695104115047974	-0.00879335723144726	-0.00440678124895859
0.00994159572593508	-0.00929115079065511	0.0364051986179873	0.00865116394806214	0.00722757952366937	0.0350011214806015
0.0125933176535072	0.00516621708994253	0.000942125875319612	-0.0196146057397165	-0.0115527442229169	0.0069097639436
0.0131511233784975	-0.00189189569561946	-0.00816170672909064	0.00107707512299772	-0.0180270566329605	0.00423998855364446
0.012302593283526	-0.00753022330984135	-0.0174623445914607	-0.0170929615401437	-0.00230346412071538	-0.0117335132893183
0.0130309892294861	0.00945373676299491	-0.00243655048114929	-0.00243546085199406	0.0130197783992693	0.00652494389005304
0.0119640755442365	-0.0333626242057874	-0.0234277444816585	-0.00294991819673786	-0.0208937596529849	0.0171263030100195
0.0118278593744389	-0.0224974965617139	-0.013087830524573	0.00133473808724757	-0.0135519227679767	0.00372560228774571
0.0125582034302978	0.00975240949777657	0.00920553202822234	-0.00433482415543567	-0.00721077216577443	0.0033118640983022
0.0134924590683157	0.00476045085381394	-0.0150826861317447	-0.00812170149154719	-0.0162275355864956	-0.000136190744261764
0.0136177611480159	-0.000685079638573148	-0.00637234406257373	-0.00444042220153031	0.0109482492022398	-0.00255292156580926
0.0115657287562477	0.00264629706010138	0.00770053987274498	-0.00251922151117626	-0.0140197924322545	0.000155354680359543
0.0121866069372022	0.00262345754016205	0.0185797318185293	-0.0224858832938383	0.0148405530369567	-0.00912152244046426
0.0124599980272683	0.00559160532832624	-0.00250452724689616	0.0152584264017871	-0.00502046648530118	-0.00529304217647004
0.0108933316924105	0.0100845166325065	0.00154577719001884	0.00016102488196856	0.0118279850123622	-0.017751099097254
0.0125338569354111	0.0101266094045897	0.00548916272956628	-0.00468182506596963	0.00216786205676566	-0.000884738537776169
0.0122819048610215	0.00275372636430847	-0.0054284336672005	0.00854362209396141	0.00797745733239869	-0.0010586164357724
0.0121711018183739	0.000196884359741663	-0.00710719223591872	-0.00207962726637224	-0.0106711674315047	0.00467073426008464
0.0111935187808933	-0.0148669354998261	-0.000803196882212731	-0.0276795540089626	-0.0307125620873969	-0.00627199861963288
0.0104267936322326	-0.00213312799976412	0.018486638137898	0.0128107848694853	-0.0288522763399798	-0.0019457761255847
0.0124485658233093	-0.00477083796959197	-0.000307309567881654	0.00380534731354517	-0.00593620666303165	0.0144677550856382
0.0123120088330172	0.00198840891004462	-0.00322709220226504	0.00467139540726718	-0.010557590792128	0.00963746526443699
0.012530596924028	0.007971630097331	0.0060446590274068	0.00266603755213552	-0.0133263767022772	-0.000680941956699435
0.011226283025755	0.0247495287469737	0.0126904790178832	0.0257877608148371	0.0167665434287617	-0.00812439862917199
0.0136514588683808	-0.000533237313734878	-0.0113682350391382	-0.00188728820454426	0.00144320104503291	-0.00821966581368048
0.0128451115556053	-0.000338969664957125	-0.0126414723090515	0.000500742411468049	0.0115772188325811	-0.000177807650964628
0.012024650099874	0.00678821621290706	0.00200971891378015	0.000958475045690604	0.00683254228443684	-0.00106031160648357
0.0124016549253938	-0.0151832105541366	-0.0141438580872423	0.00605196850922274	-0.0127623533040009	0.0132579137625693
0.0131262723062374	0.00602122752607601	0.00326669098898027	-0.00602839847344407	3.08349007840524e-05	0.00620966487286227
0.0132214181834569	-0.0126879119540082	-0.0036775052064637	-0.0078502749699682	-0.000943202394690251	0.000747911693020909
0.0130983698781665	-0.0111726828219965	-0.00581836817190032	-0.000979460744500229	-0.00585016650090216	-0.00400675500085438
0.0123646985275706	0.00107904812228175	-0.00649577877471481	-0.00154278403387338	0.0129254252871779	0.0130739485381372
0.0131129755083041	0.000119047783797144	-0.00991594321950052	-0.00439795549037743	-0.00529965728534399	-0.00621528255195174
0.011204016203026	0.0119949392519428	0.0175798166425276	0.0079988597276416	-0.00154194962964717	0.00177357111100698
0.0121351697454319	-0.0203417417363492	-0.0151649116761968	-0.00567500232206944	-0.00551666546390911	0.0261847580844899
0.0117596028532238	-0.00911079852841182	-0.00601074250004991	0.000990224139747151	-0.00831605401622401	0.0129489551106821
0.0124750175953338	0.0289646602718462	0.0199409844556981	0.00443066809938263	-0.00958059103033961	0.0205421993460765
0.0115727151285408	0.00683136828936228	0.0104175578941402	0.0016386103118026	0.00323887885660165	0.00306974805026301
0.0116932683678791	0.00653912454314333	0.00860901100967989	0.00329396823901887	0.00405706871228076	-0.000978672399218947
0.0112331314980002	-0.0160448759682454	0.00921495185077135	-0.0155220638924467	0.0151939320995463	0.00329089302253777
0.0115900608506653	0.0120832527286618	0.00610385495635884	-0.0140310120503282	0.00888285379410179	0.00712268421940265
0.0129062998041665	-0.00566949729783815	-0.00639308093453782	0.00697454689398763	0.000641360124649089	-0.00271036056979603
0.0130668291201969	-0.00241513234080493	-0.014098969748758	0.000576969692782882	0.0133878475541294	0.00319565985245681
0.0112689390980794	0.00633298096842225	0.00461834404261376	0.0254041674970962	0.0125852690994379	-0.00123094340302704
0.0125114075942946	0.00018734580314904	0.00180421768407207	0.00349964014146545	0.0208718980489183	-0.00257417982927705
0.013036385815548	-0.000298233648638256	-0.00544877360810495	0.00210182947654603	-0.0117545278063137	0.000267548288841721
0.0133219218556369	-0.00314052898331343	-0.00757026757999815	0.0061190607320158	-0.00507261169439701	-0.0028522307447704
0.0122954899055653	-0.00329808007671919	-0.0101980038788887	0.00930210707897347	-0.00605028480280979	0.00804177479009987
0.012598180033674	0.00265009799610804	0.00121499584707422	-0.013349058329521	0.00252595293298112	-0.0146370891029692
0.0118081778463142	0.000185420073312621	0.00871045845696707	-0.0117468813653332	0.0133755877731557	-0.00659722320621059
0.0126545132730848	0.00729818208996515	-0.000111125424428474	0.0226274409036293	0.0116475648607734	-0.000402168888813437
0.00966288701988429	-0.0243667007829277	0.025461371705371	0.00185701693826889	0.00530710405369105	0.0184079604273777
0.0118967946304729	0.0226299482645944	0.0226790094888775	0.00711406337255042	0.0106594198468025	0.00917026005290981
0.0113424925755229	0.037198074887851	0.0305478985425564	0.00987370416937941	-0.0135834625168579	-0.00807460811693043
0.0129616825759225	0.0151835081686472	-0.00382094982268548	-0.00884561695433088	0.00134406481837948	0.0140555516571757
0.0109454662403323	0.010293371329006	0.000999967265244228	-0.0130133678252462	-0.00638100020935845	-0.000858087602070829
0.0124282784597306	0.0149848823307787	0.00520835527790197	-0.0129633454894221	0.00878744521877865	0.0113027749789278
0.0122386112343977	0.0151912374388167	0.010894536851652	-0.0151009237004019	0.00620545338629531	0.0225425962926098
0.0124327479869959	-0.000674042704248172	0.00220881508778372	-0.00608010581147053	-0.00986269593920112	-0.000902410944668275
0.0123435082192589	0.00992860333752071	0.00922898020862257	0.0221384936832169	0.0037606009810373	0.00985278185076987
0.0109139423134096	-0.0142044837505296	-0.00404391686481737	0.000983407525172299	-0.0329336283400867	0.00876385199219988
0.0125486594376488	0.00261252367050479	-0.00559543389219747	0.0121136633539024	-0.00259161401615678	0.015444780199485
0.0118496233766718	0.00909828874063433	0.00373214685499695	-0.0131733136662875	0.0044417413326355	-0.015197502445345
0.012853259224155	0.0165844189497865	-0.00413201060144445	-0.0074064279625371	-0.0155697530270652	-0.002934427968143
0.0118642246735562	0.021574282622768	0.00968638462295599	0.030067366661791	-0.00415399097293423	0.00306874093128315
0.00943482702598422	-0.029614799154737	0.00571779534435431	-0.00585770246539605	0.000684284714082971	0.0147319746677532
0.0131068626776697	-0.00201689789118391	0.00488737686285913	-0.0174933143650252	0.0131822215082314	-0.00333499611709906
0.0108772917655465	-0.0176909240998855	-0.000948177292754702	-0.0119567089410277	-0.0291889723389215	0.00842158675509131
0.00975554148811065	-0.0137724392499354	0.0123295961782574	0.00545458817146396	-0.00855524028889342	0.0261684271963044
0.0119863563972939	0.00490415229222627	0.00547360781428415	0.00607751997233978	0.00318654786919143	0.0038530864275227
0.0119678334138926	-0.00395583164997845	-0.00350440447011346	-0.0158759700945594	-0.0187814783453272	-0.00596671978716213
0.0122411219736343	0.00800524760278907	0.011135939103812	-0.0239315080997969	0.00528542113671712	-0.00599811949499068
0.0129856019721072	6.76411365009265e-05	-0.0068418591851434	-0.00221350234987589	-0.00346120695050313	-0.00672214620622339
0.0137690314726026	0.000272499617954304	-0.0160850541075188	0.00289285555901589	0.00571188323069682	-0.0218686441079087
0.0131786758364729	0.00182553541531976	-0.00377174798475804	0.00120477948178062	-0.0139185767822765	-0.00982557129668847
0.0104966830931203	0.00656541747796186	0.0112326802892854	-0.00122737394368423	0.0152104390318729	0.0126716373116381
0.0127312662158206	2.49218605622853e-05	-0.00322866744854978	-0.00743964093690406	-0.00219154180239468	0.00209763726015409
0.0132429694511498	-0.00194523546053227	-0.00584818584194766	0.00155650634923939	0.00106654017577182	0.00566239381333881
0.0138018567019137	0.000121245580175955	-0.00195270447222421	-0.00204916752689493	0.0061749732714382	-0.00649709725229772
0.0131693001582593	0.00258072663273733	-0.0168282612800117	0.00697816087068875	-0.00818284621653619	0.00585927271763963
0.0129733198880308	0.00145384791751808	-0.00142312930242692	-0.0100514271097789	0.00174187758967466	-0.00238721149836276
0.0118068522538499	-0.00801105216409903	0.00838054837407454	-0.00863077913667716	0.00393027055687304	-0.0215280357697605
0.012494163114836	0.000324254696948042	0.00724742311265907	-0.00790926595161415	-0.00363802340932338	0.00486851738684719
0.0125198317973593	0.00222605840491418	-0.00627111041388104	0.00756808609152458	0.00641924000194327	-0.00972742347210572
0.00895078169830219	-0.0508848013331132	0.0125466452774966	0.0401364750354467	0.0193779093608952	0.00591289858559701
0.0110914270511465	0.00529885263412983	0.0234165556463347	0.0268055917777351	-0.0251335516699927	-0.0170151360727068
0.0131418741726147	0.000151012730107477	-0.00932981764268778	0.0112318581551094	-0.00456432001040735	-0.0196766550966248
0.0130659268538252	-0.00188959719809519	-0.0108770883489405	0.00903376064567679	0.00249271211570368	-0.013682770443602
0.013176427897329	-0.00435152642158304	-0.00840891256568037	-7.2425853668964e-05	0.00636887116217059	0.00332421660277344
0.0124910482397419	0.0038141126021269	-0.00167451560256392	0.00845749527995486	0.00452562194114683	-0.0204008777176434
0.0106675976750392	-0.00366103170026755	-0.00634008971916827	0.0382869284323159	0.00578205882131461	0.00530161419963823
0.0130872807371121	-0.00520258030075457	-0.00551589039354645	-0.0114968503444788	0.0161961672228204	-0.00223459066110975
0.0133489719862489	0.00593755186550078	-0.00774779746704446	0.00870590793927118	0.00423950017764091	0.0119540080034203
0.0123120730125984	0.00479455523977004	0.00368904840204882	-0.00302035194357237	0.0077990552648134	-0.0056926601974437
0.0122203299442086	-0.00470238819117574	-0.00830977186330723	0.0158733327477862	0.0050268729014957	-0.00635108575784206
0.0103304736598779	-0.0102844246942623	0.0222581784732426	0.0125076568379016	-0.0152508560395817	0.0230574437932882
0.0122994048050328	0.0136763063406168	0.0113676255228658	0.000329661974388983	0.00213714296095716	0.0104120650327349
0.0118521619993268	-0.0118773022211888	-0.00130319614964671	-0.00501358371220117	0.00543751099058176	-0.005309248712034
0.0109531338422143	-0.013121453346984	0.0194155448467841	-0.01466400246725	0.00496395788426732	-0.0131355951608915
0.0121168636698773	0.0113428610109513	0.011230636573345	-0.00661274522507772	0.0125261348899363	0.00555259165243343
0.00954662401346425	-0.0265240227747853	0.0231574010006139	0.0204028386549658	-0.0114596687322342	-0.00223979946756359
0.0119970814456532	0.00140565780738227	-0.00278314781322983	-0.0105395877851662	0.00688490493381035	0.00578628033971082
0.0127381646826851	-0.000434849035681849	-0.00414294415270314	-0.0159096884948507	0.0132673669444261	-0.019953180608982
0.0130014445637521	-0.00182887905608579	-0.0020147560206743	-0.0112124494898546	0.00885214940026336	-0.0172684049771628
0.0127676899797868	0.00130362457012072	0.00168201756490605	0.0128492460499704	0.00748286353844757	-0.00833792201697124
0.0126840116170305	-0.0146526315490369	-0.0141262205699385	-0.00464188439546179	0.00344790959978785	0.0163978751470764
0.0109229397014427	0.0172815475202742	0.0324623835793584	0.000581317914017174	0.0328522299879016	0.0327084188908258
0.0136773815991202	-0.00482844825025355	-0.011299714957982	0.000761735178748884	-0.00144012266271385	6.50163983998146e-05
0.0125665549515992	-0.00516078581834918	-0.00483143389374176	-0.00983174861583257	-0.00468001121743448	0.00173482763749153
0.0133609627847149	-0.0146002879300086	-0.0186708867413716	-0.00382761223709648	0.00166343727998225	0.0256650289240497
0.0122964581944752	0.00517100412329926	-0.00674965436722542	-0.00571394955636998	0.0153506784693903	-0.000289125479821781
0.0136479764619625	0.00388952258014321	-0.0108126825602417	0.0021961863697309	0.00114826057875537	0.0100866265829643
0.0132428141072091	-0.00559351444850493	-0.0106556796953951	0.00843740580750008	0.004966721296998	0.000338089684860573
0.0133683770187083	-0.00576711095762872	-0.0132463905189756	0.00422694469370618	0.0118851363721992	-0.00339347470081641
0.0134103121693245	-0.000660793102041639	-0.0193857937863508	-0.00572830249942787	0.000732588434369857	-0.0161809342581947
0.0127097375822409	-0.000234332120607755	-0.0131480152960537	0.0128412937250603	0.0151996413613875	0.00583995938305365
0.0119581870401918	-0.00553124283891292	-0.00502356131788562	0.00525314061573673	0.00486879460235671	0.00530385154898952
0.0133981786946885	-0.00717557865894621	-0.0117761342310352	-0.00774524939250221	-0.00207555186507439	-0.0045415048892321
0.0138274661091423	0.00535889541224418	-0.00810233262933499	0.0100154898395066	0.000174140091639957	-0.0107044165520185
0.0136989456888139	-0.00879292903833375	-0.00914930711188192	0.004235136254015	-0.00340572072978433	0.0100345337429349
0.012755938547432	-0.00152401128454117	-0.0201656913995449	0.00907277065348131	0.0108861614044238	0.00621143218294512
0.0129116554206803	-0.00466433445079276	-0.0184970784853924	0.00805884504394436	0.0089392250872248	0.00794701584644492
0.0137380339858829	0.00167227345805718	-0.00345141501970515	0.00637827916718233	0.0094139431769348	-0.00393503922894491
0.0123275302449151	-0.000669708721529579	0.0125311362776494	0.011601373968103	-0.0180476097959202	0.00773644126924346
0.0125194389391896	-0.011105954543283	-0.00832850611721521	-0.00851897208243773	-0.00326617935779387	-0.00372086929441145
0.0132654155322515	-0.00762566315617035	-0.00419475451201465	-0.00453067275984562	-0.00675245760302217	-0.00631056511032987
0.0116631988601607	-0.0162392597476017	-0.00664484754201935	0.00475673114336986	0.00614625034164504	-0.0145755874841422
0.0118455360617623	0.0184503165116949	0.000817536857434988	0.0237423914808934	-0.0118434717537823	-0.000950032443069538
0.0141237464201741	-0.00295090759792973	-0.0143161066221528	0.00935389943434645	0.0116835925541208	-0.00340642075349117
0.0134518775207936	-0.00568834935433378	-0.0110195877160066	-0.00696362785616295	-0.00963919799374432	0.000947097250255292
0.0127877319227434	-0.0118937315954215	-0.0076740720687264	-0.000645394222164005	0.00507391129668566	-0.014540624195748
0.0136352498642736	0.00074249319199828	-0.0127567240554324	0.00947024169028298	0.0143537223298117	0.00112376805578635
0.0128460083339014	0.000364333382837627	-0.00659865874705119	0.00156984378248811	0.0153178114116916	-0.00759264353720933
0.0129207046540419	-0.0305481206822596	-0.0345715055685184	0.0127011473950551	-0.0173181865353211	0.0268282764871383
0.0121275649906819	0.0118914510626848	-0.00262171930504459	0.00421247227431333	-0.00264058093434345	0.0127966577689326
0.0104559869844957	0.017004740966109	0.0042889828770702	0.0295442665108959	-0.00766644926041421	-0.0102378869633361
0.0130814021963873	0.00281499853875025	-0.00615204373319264	-0.00500663766986498	0.0185663158084858	0.0112180286194718
0.0128442767746361	-0.00501443977735466	-0.00413312414870643	0.0028770126350344	0.0142799636693946	-0.0221208957681705
0.0121743561100311	-0.00355688914081449	0.00886760319351287	-0.00628101634576344	0.000557568687637749	-0.00289851536540974
0.0122454239000066	0.0103367500394516	-0.00139278931396176	-0.00480339404930062	0.00716297855338803	0.0177091306160723
0.0134668573273686	-0.00271111746183053	-0.00680815930919018	-0.000760556780445561	-0.00226239003114837	-0.00215458869868375
0.0128779979447259	-0.00562801032293451	-0.00442833245688134	-0.00883369646815894	0.00286482718512738	0.0207284786336646
0.013876978922679	0.0014876602252736	-0.0080369723931785	0.00308815012260078	-0.00232134767087694	-0.00632296188326726
0.0125758008172729	-0.00406203090529001	0.00617682432053997	-0.0154448120565767	1.38290534341771e-05	0.000175504075137544
0.0111000618008331	0.0122708929944791	0.0187961469912623	0.0189284619680546	0.0128219283285605	0.0204464308788769
0.00964624259495316	-0.0158641600545354	0.0505452696523465	-0.00895241695127462	0.00539993766874405	0.0281113642971051
0.012912982663308	0.000164283776140708	-0.00846742785973427	-0.00854165932643633	0.0089568314196205	0.0115327132354362
0.0129129691420865	-0.00256977196355373	-0.010770167155844	-0.001993632533353	0.00834715329603711	0.00382794389228364
0.0125132235539224	-0.00484940418785268	-0.00336601427541361	0.00359400981269624	0.00355027699913873	-0.000287733646313145
0.0115288181584967	-0.00871246397931265	-0.000806170904875361	0.00487025778904631	0.016026004599523	0.00774015318441055
0.0122452450097726	0.00189359525361452	-0.00474331674645547	-0.013975578426526	-0.00599108813132373	-0.00603255966056686
0.0121696009569211	0.00227572436785455	-0.0116074532511467	0.00034944570472868	0.00601943431592973	-0.00281781798142353
0.0103921187829505	-0.00679743995005154	0.0192271650708153	0.00397570711328462	0.00563030979044907	-0.00818965294425269
0.0131051397013256	0.00254916203227895	0.00178534805228405	0.0146429942348946	0.00871548854332742	-0.00308015585546644
0.0123430809642127	-0.0054204466635047	-0.00260917584824258	0.0050141379452697	0.00701674866763818	-0.00982649272202941
0.0137832246139762	-0.00179808459701281	-0.00235254221204425	0.00365237713315824	0.00966244528417175	-0.00295053305099443
0.0136075513233999	0.000882578029091471	0.00248887151047051	-0.00405482755290224	0.00284797661689511	0.00412359720331872
0.0127127201347515	-0.00935207983358999	0.00131248591542197	-0.0173807739014842	-0.00133329630063591	-0.00784382870196214
0.00863928932206209	-0.0252787226859288	0.0344603544177583	0.00325461576370139	-0.00713550998204379	-0.0225245627224793
0.0119690211937281	0.00332802344859551	0.00699796696167137	-0.019096397334366	-0.00373207434493926	-0.0083909139717509
0.0118563192410195	-0.000525323189983103	-0.00173692077237478	0.0042207753998144	-0.00196353474331576	0.00125412193854855
0.0112873514966167	-0.0107362433103744	0.0065924469779933	-0.00704162971469989	-0.00821619172645153	0.0216400276962646
0.0132448998471856	0.00666056997159225	-0.00792197145907809	-0.00182305667914022	0.00116090935579565	-0.00315400049522783
0.0130266325692115	-0.00418300592932227	-0.00451137186106725	0.0102232528521469	0.00886900679030021	0.000174830412727486
0.0133719740438377	-0.0012462527972148	0.00119060144117836	-0.00408355226736758	0.00387464676741594	-0.0181471463472994
0.0123629966039408	0.0165475454456079	0.0162486900951739	0.00529812086944683	0.00773294383135954	0.017067772822995
0.0123542865438806	0.010667715527526	0.000752808712247071	0.00394223501402276	0.0146895697730145	-0.0118123203063287
0.0101478912472422	-0.0086955878252407	0.0170693440229716	0.00487623042031527	0.0150961347764493	-0.017322732261784
0.012533782984795	0.011581798452532	0.00512820698080914	-0.00888353921930435	-0.00475477992727492	-0.00302315486601506
0.00980386184932881	-0.00604971222391526	0.0427287816053124	-0.00685294039229857	-0.0147853969467807	0.00865038110328932
0.0114539928779327	0.00789560900093848	0.00522137004287696	-0.0137366077592863	0.0151624679157578	0.0251083225601347
0.0131291004203381	-0.00900043119856519	-0.00361251568902937	-0.00852882756557053	0.000921990925410504	-0.000148147353074155
0.0135796273190291	0.00254964734478516	0.00141492363146846	-0.0043364102984838	-0.00277791985261936	-0.00861014788355218
0.013404812796064	-0.00633264344084337	-0.00448863986118606	0.00227620288126956	0.00485545065227429	0.000737815915539342
0.0128069084284195	-0.00332228073837588	0.00135149022477194	-0.0148147057111222	0.00241819178387934	-0.00327135329273834
0.012707748098	-0.00768576839346091	-0.0087676970455427	-0.00412672756878151	-0.0147123055146389	-0.00636863743300108
0.0132612038076534	-0.000469753528744912	-0.00469680409164942	-0.0256344826491382	0.00581639975561741	-0.00465847363023537
0.0120977162757389	0.0175123622084543	0.0251889161444168	0.00283540221962085	0.0182442431501313	0.00158005080399305
0.0122472549646457	0.00268948049570065	0.013894304842609	0.000636917545291829	0.00233249999789872	-0.00773815841431009
0.0125965272145347	-0.00490927713514392	-0.000895705829143126	0.00964679750781737	0.0109440982835722	0.00712635005839211
0.0121782402436481	0.00278593465141586	0.000186854986249429	-0.0148358089540252	0.00810234786437258	-0.00226024170164913
0.0102597860458901	-0.00840265292202197	-0.005223039335974	0.0350269077566981	-0.0187854430718239	0.0407640713165687
0.0118156449433212	-0.0101441964935642	0.0036160635565383	-0.0162413090779224	-0.00176145805511139	0.0108419123478864
0.0117733391367969	0.00987311736406252	0.0176368329465046	-0.00797819192262498	0.0305949437755969	0.0124071974389065
0.0134310494476968	-0.0134355326733666	-0.0148062412637148	-0.00717525202172092	-0.0113461460407728	-0.00784883575874842
0.0122699947558756	-0.00126674139071124	-0.00445292127407212	-0.00490772936052356	-0.0116253566884386	-0.0148660263601632
0.0125207676358668	-0.000726100217395992	-0.00811833476485452	-0.00509784178940679	-0.003386894548834	0.00320568220484024
0.0133860560754253	-0.00552769418028562	-0.00512671224920647	0.00790543948410258	0.0104883222522931	-0.00991669755440754
0.0134085746145396	-0.000545726495231699	-0.00765491618884078	-0.00519887696853113	0.00506263056548093	-0.0122541928508951
0.0138748965841608	-0.00254338385580009	-0.0096300039775714	-0.00208369793335421	-0.00543567262347038	-0.00374585235637298
0.0138319786632502	-0.00417858987267968	-0.0122754773154254	0.000390525991066436	-0.00353126875425794	-0.00260368341940385
0.0114330670017398	0.00729472043793583	0.0180884760211498	-0.000431020434063825	0.0176341249163394	0.0246573668625808
0.011909885249546	-0.00202989669012512	-1.7603416337034e-05	-0.00699789064480383	0.00284386079720996	0.0218070632589606
0.0133538716953512	0.00726670431353978	-0.00653088761910802	0.0115196002128686	0.00481409410454322	-0.0117947026718618
0.0142823117100537	0.00201029852783041	-0.0103297550920253	0.00217729181192446	0.00943929137993475	-0.00327749797764785
0.0139884900524891	0.00338819729766628	-0.0150054696959604	0.00144609346447039	0.00541044616990341	-0.0019003460009083
0.0129812760008927	-0.00796974037557725	-0.0113077543964127	0.00625951634995538	0.0080879178388042	0.00105072481731501
0.0112026275937863	0.00411757843900955	0.0175584365454629	-0.0305424303234112	-0.0116063277163425	-0.000606469598572981
0.0128445891222746	-0.0109320564596774	0.000741739189593606	-0.0124020059609351	0.00863963309217721	-0.00143399531603892
0.0131458919067711	-0.00135478275241998	-0.00659434024188838	-0.00919048288721975	-0.00323309901211926	0.0056613425158795
0.0130578358112823	0.000760459210063756	-0.00736211023503597	-0.0100560218073912	0.000367923003867004	0.00516372807626638
0.0129725979565339	-0.00268964451830158	-0.00922049013140531	-0.00420758335434996	0.00727093319172444	0.00334363555197516
0.0127280979382214	-0.00276025696494821	-0.0123451867087038	0.00330662210449503	0.0126500177747891	0.0045044120356964
0.0121936824389262	-0.00109209103206772	0.0102514316238278	-0.0380358917153055	0.00612967114202378	0.00195174874967066
0.0131708369661408	-0.00133765073346245	-0.0105167225042624	0.0119055556434807	0.0151043085107747	-0.0113045190549196
0.0131483937491193	-0.000460185677696616	-0.015303481581997	0.0182870172252365	-0.00172435603842835	-0.0115670741482992
0.0145234827687501	-0.00548844150904128	-0.0179533646945267	0.00385566717738502	0.00215865489031097	-0.00220414220661967
0.0143273115399998	-0.00876407203257656	-0.0202465697000157	0.0131766568538695	0.00346352995994621	-0.00377445521147913
0.0130942349715227	-0.00571308777649392	-0.00835036336520317	0.00116692557598015	0.00242583938582446	-0.0045615499169616
0.0123809465773079	-0.0137354338800726	-0.00661476961805676	0.00150110007194953	0.00329538790433565	0.00535205501618322
0.0124016601394125	-0.0139690376160493	-0.00734086100106676	0.00145271932209642	0.00391525304344624	0.00545318401166872
0.0134980471201924	-0.0119163840344273	-0.0215014331500433	0.00170190871309979	0.00894585808168098	-0.00360053974807621
0.0132168433516136	-0.0131445550762538	-0.0211614396366863	-0.00575700762007496	0.00444296055791632	-0.00364461279866664
0.0137816515214055	-0.00754351972966588	-0.018315943701785	0.005151014878091	0.00721485696616593	-0.00178493232744593
0.0118654914723636	0.0266318877447404	0.00769288373761944	0.0239667074672426	-0.0137213214658194	0.0147438985877798
0.0127726450168101	0.0127434960468716	0.00364378686540829	-0.00155899585104061	-0.0104275780434936	-0.0126715164658562
0.0119783943164298	-0.0035778221466615	0.00871687636851205	-0.00699977292722997	0.00654508532521697	-0.0153884721435524
0.013728525333399	-0.0130702197645873	-0.0156339014772523	0.00853327729403313	0.00166069110997179	0.00437930337076665
0.0125286570868925	0.00760883294878196	-0.00861917514620432	-0.00211308113674006	-0.0104713604585598	-0.000190096266373327
0.0129798928209161	0.0050288224108941	-0.00729990585843843	0.00232382996622457	-0.00187658047841246	0.0168192764904663
0.0110805832247731	0.000632744171637367	-0.000269321901908114	0.00829915595685914	0.000424489896224994	-0.00878325152584037
0.0116838340392799	0.00213439007096045	0.00543309651908418	-0.0107743240969696	-0.000741368814824757	0.00406205487274411
0.0131004241920116	-0.00088155496788132	-0.00745985961845121	0.00214424701597708	-0.00465686072432179	0.000392857978356252
0.0125814832167169	0.000978188895067489	-0.00474903436838074	0.00360776539908173	-0.00853937720509832	-0.00583028752643018
0.0129402345033524	0.00210686962245299	0.00704202728103602	-0.00539372579603363	-0.00587095333695879	0.00359854888254926
0.0123609435777515	0.00241358846557068	-0.00233982112960892	-0.0065038646598677	0.00732293773861205	0.00254986046407926
0.0127127040766606	0.0037832528618688	0.00126390291637873	0.00553196037188504	0.0123876017778954	0.00510895793486787
0.010665861429497	0.0118538041842367	0.0305729842592175	-0.00755938612745079	0.000169349575737963	0.0143613952344839
0.0121975707277517	0.0124666831787792	0.00144312378323712	-9.7434970829777e-05	-0.000786540096223309	-0.00278858745562882
0.0120407267190843	-0.0036172920544718	0.000188983232733022	0.0126953169209068	0.00388457338509928	-0.0124131276034244
0.0124498488332522	0.00320675964888283	0.00152710200279096	-0.0121550708743572	0.00132939304324924	-0.00253930949512671
0.0132874639814123	0.000143403333094478	-0.00893159865409048	-6.85711401046023e-05	0.00657587295115576	-0.00813680750370509
0.0129892876595832	-0.0108693543704292	-0.01040622564182	-0.0112890141200664	-0.00125874695247701	0.00350480540873017
0.0127464684563899	0.00860747166275334	-0.00129085521925651	0.00357454120977172	0.00233432663922551	0.0111417858850865
0.0125647725784246	-0.00606157677165015	-0.00815949007952231	-0.00279646614999245	0.0121077089503031	-0.0210775645088709
0.0131797963273629	-0.00179697852292328	-0.00867840785472456	-0.00756102793674002	0.00447336915898698	0.00137086003632315
0.0124706983075427	0.0231732705018946	0.0105319668264702	0.0128692263896699	0.0153093058556041	0.0119288303686568
0.0127609186762018	0.0107086484405926	0.00424647167083794	0.0037424773798587	0.00850561219047647	0.00393885025010085
0.012745109562922	-0.00173191121691358	-0.00415226569464806	-0.0147619731195127	-0.00582062120110513	-0.00544050248072772
0.0122457108530551	-0.000537309639406211	0.00196853756123739	0.00775862411577242	-0.0144621517825595	-0.0119631750990275
0.0130904453590207	-0.000262704025017328	-0.00739776721868983	0.0134687297874991	0.0130072626174175	-0.00216418289822435
0.0134027253375096	-0.000950060728007014	-0.00442835222397164	0.00734029731044168	0.00269543013157287	0.00417071147656652
0.0134834375554771	0.000190916150541397	-0.00637514262413003	-0.0039912131501282	0.00858985610102301	-0.000771472685877411
0.0120093855661744	0.0156954449498972	0.00362740454120006	0.0114978144195651	-0.00358960340183952	0.00766549951830666
0.0122525168430582	0.0175821015267131	0.0027815406858957	0.0140425683165355	-0.0037809349416149	0.00528968810555183
0.0126696380416159	0.0122763855102603	0.00375681703339251	0.00328352497791722	0.00657957202444136	0.00399527391855269
0.013972083072183	0.0035479087700874	-0.0125896239105751	-0.00215047283969794	-0.00267286621114424	-0.00115895760069714
0.0138516338103	0.00175601245998357	-0.0140380798874734	-0.00547292293946237	0.000335873360349199	-0.00263290103153731
0.0134755018765785	0.00519389326376927	-0.00569342184204358	0.00713196652051123	0.00230639095844653	0.00479599868240451
0.0120858112268981	-0.00383757328628886	-0.000750694751802824	-0.0041899296293898	0.0066532801762574	-0.00972935387182736
0.01333360278848	0.0150163764951946	0.0112396479364624	-0.0206555446696556	-0.000177237098351677	0.00303052938128866
0.012652014332196	0.00759050891625611	0.00292517652095165	-0.00386018017103452	-0.0199099207920249	-0.00401588338577767
0.0118471578047938	-0.00830936277951998	-0.0118809621217801	0.00659061882072019	-0.0104977021930208	0.00338448708620427
0.0131802659583718	-0.00199226800432419	-0.0113297817116071	-0.0138854646993371	0.00162750532090145	-0.00850984351605809
0.0131215941069315	0.0100001255359974	0.00045679308656141	-0.00301421209508692	-0.00465679465478834	0.00124230909569856
0.0127417216162519	-0.00694100741263255	-0.0080204922805192	0.00233978994585555	0.0181286280710543	0.0021315959163685
0.013102063945646	-0.00354712089760156	-0.00611364135075484	-0.00374780423681754	-0.00187563870471618	-0.0099417567925856
0.0135271266018348	-0.0041802995618123	-0.00855366705031499	-0.0053148509519208	-0.0049291659571766	0.00283701369217088
0.012161042856658	-0.000933176615879674	-0.00490366392603567	0.00322536739242587	-2.3185308818373e-05	0.00287835854637562
0.0110113170081121	-0.00887552521246671	0.0142126425548654	-0.00772591491980464	0.00112430573264106	0.00537667437356561
0.0131787131802485	-0.00334226915907687	-0.000603752704917347	-0.00101445736096287	0.00489800041827312	-0.0179613903650921
0.0133384400897541	0.00249815519028106	0.000370898553729939	-0.0140890020550597	0.00817439891663778	-0.0179944725111261
0.0121101638960465	-0.00304707879760553	0.00413334437949502	0.00313289168702328	-0.0131102391606449	-0.00394296932347001
0.0117810339732553	-0.0110191336369174	0.00491730205803085	-0.00882208028538798	0.0125192435461028	0.0129776880733692
0.0118288793673421	-0.00014100320657078	0.0195917975248098	-0.0393810539858914	0.000215492191124191	-0.025955305277999
0.0132587641815302	0.00757950881530966	0.0091252573983145	0.00194350798139113	-0.00562525167740149	0.00532292520970575
0.0119939059585766	-0.0123196696528966	-0.00486187589953968	-0.0029447525505835	0.00406689152521957	-0.00240706830617362
0.0127764494555116	0.0273638898960144	0.0136042638642223	0.00551194121630048	-0.0120607851231996	-0.00586485404335029
0.0132099304431446	-0.0058849844798535	-0.00704774620898941	-0.00782202949207825	0.00748577134650032	0.00259495902875138
0.0125438694190853	-0.00747837439854482	-0.00306564693909484	-0.00849861286206412	0.010727582091846	0.00828557943208792
0.0116164662930535	0.0154151229332866	0.0192011656593015	0.00222800018013508	-0.0291442133104253	0.0119929436583542
0.0137986998604052	0.00273356696249757	-0.00718090072414761	-0.00470251487874907	-0.00168467005847007	0.00839652043075088
0.0130450517644779	-0.0021582896754184	-0.00637138408028139	-0.0112142558517423	-0.0100090741270762	0.00276622873487362
0.0136597680455805	-0.00511427550730742	-0.0138711100571772	-0.00173397321275889	0.00338046298111565	-0.00752772981980537
0.0137024940922726	0.00273273522456126	-0.0036437951473946	-0.00672512848697458	0.00121160868226737	0.00180677463158284
0.0143739975962816	-0.000212658344328129	-0.0150264445943286	-0.00112219827761927	-0.00211901339743106	-0.0052345986482844
0.0129904135584596	-0.000189154492362521	-0.006024908028637	-0.0013225338739381	0.00708457911334028	0.00856396889219464
0.0125319045789544	0.0129834580473253	0.0118501907985673	-0.00401491066156813	-0.00616948851008762	0.000323005284598415
0.0114486272597726	-0.0050648315938761	-0.00220528477276238	-0.0163820773430906	0.0144278479832432	-0.00591706352534576
0.0134158989990944	0.00175857423837317	-0.0127672676129999	-0.00278104840218099	-0.00646177739627754	-0.00381652804674587
0.00955644296178898	-0.012607031784901	0.0301697204256193	-0.00509263596992553	-0.0163770048648304	-0.0126694732161419
0.0129199155868149	0.00129301812175406	-0.00520202653373783	0.000129541008729282	-0.0062890292539721	-0.00505037787478167
0.0136976250801646	-0.00329937682208304	-0.016259162238359	0.00153037858148665	0.0125184320424304	-0.00424581332406503
0.013425330274079	0.00661388590952216	-0.00842724296679309	0.00704327521234302	-0.00952708699883667	-0.00140396727742241
0.0118951696284452	-0.00468792936685511	0.00361658682799701	-0.0116821416494361	-0.0095435214534745	0.00266773545344195
0.0134738515114607	0.00461974125452791	-0.0136838216977352	0.0128309529295109	0.0122041927595224	-0.0105557360726088
0.0116747164871559	0.000537656323014031	0.00131901553827049	0.0142953250943127	0.00454658037848766	0.00661533105522232
0.0130540251793472	0.00597594469972217	-0.0102730599895064	-0.00310049337640285	0.0107860432798084	0.0164823927028331
0.0106267186071329	-0.00964970422981481	0.0110081977169072	0.0167622980648433	0.00975299211326311	0.00545979644793495
0.0128888115341982	0.00125460488684375	-0.0080420744713404	-0.0124477164275534	-0.00754590367174645	-0.0035499077411669
0.00883248378166982	-0.0218734028812634	0.0157564138789011	0.0222712133001518	0.0217205316549977	-0.0174806859493691
0.0126217092318323	0.0015723575303295	-0.00509966738380697	-0.00256486640820397	-0.00237516659400862	-0.00264975059159752
0.0128582003622783	-0.00641077003761123	-0.00966780536978635	0.00503269821922566	-0.0119267552444231	0.0136330496282286
0.0125243387121066	0.000474997891062269	-0.00387926399058811	0.00332942437180943	-0.00262511753219519	0.000582287695925898
0.0122450316424071	0.0108394155734077	0.00555155402171614	-0.00708946481476145	0.0030603985293927	0.00492925919864646
0.0113622182402101	-0.0039149364493488	0.0209844890789563	-0.0128351203367798	-0.00294182327998999	-0.011552810837847
0.0119501624998224	-0.00188216676880075	0.013599969483768	-0.0161821003987392	-0.000566514183674976	-0.0130234739869487
0.0122777140069934	0.00467214017013396	-0.0099063509736817	0.011211163037546	0.00474822455340399	0.00132688010929029
0.0118391467042994	0.0257936575411408	0.0106646350812216	0.00628466906454703	-0.0025479454112565	0.00404670065029633
0.0116031294827059	0.0180194648635115	0.0156581189701759	-0.0047081277259109	-0.000920491630212229	-0.0014868116531353
0.0127868292179158	0.00201273035157118	-0.0120044755022258	0.00580152547015737	0.00994596609530616	0.0010969879162757
0.0131651387288454	-0.00455111916602458	-0.00793485346579304	0.0035797654786604	-0.00892215057327071	-0.00233821351364692
0.0110030065954269	-0.0125469168594238	-0.0010282024864729	0.0179732870334189	0.00152082382972621	0.0160537801938517
0.0109354168602772	-0.00825478333754668	-0.00787449027626493	0.0254098711510123	-0.0112994773905098	0.00564793129487804
0.0127228392452288	0.0022750791918669	0.00428582468460761	0.0034354846268486	0.00768858285347059	0.0119412185190978
0.0132901288267188	4.86484790457141e-06	-0.00282220048722504	0.0030453600326327	-0.00228613509840727	0.00129882611420196
0.01249043464065	0.00219766537189324	-0.00703433054899862	-0.0198145499898168	0.0113032954715093	0.00870357804525117
0.0122378040460024	0.00966098051088094	0.0108704698999744	-0.00885752274714955	0.00156168916781768	-0.00532184570768801
0.0129997373119346	-0.00436871760855686	-0.00921426977198524	0.0113857751642977	-0.000428000167817411	-0.00268374627328516
0.0122518799459171	0.000513403009952185	-0.000377432145853077	-0.0135062314855838	-0.00426519965816946	-0.00808365733425572
0.0139013409725225	-0.000425900767401215	-0.00524108899557303	0.00397302920509735	0.00697646568106906	0.0140419647689771
0.0132951398979632	-0.000977028171222091	-0.00997503036631647	0.0064009406229238	-0.000385115330685924	-0.00576760289191164
0.013245987620489	-0.00093633211699678	-0.00793655130301146	0.016582382936597	0.00208616963402036	-0.00396205990388656
0.0126197573459552	0.00710710509461118	-0.00197025620214239	0.011182421038435	-0.0177659256826225	-0.0056011713921238
0.0128339944166863	0.000118604078737413	-0.00598406676109358	-0.00375261533378421	0.00281420218599441	0.00168525256231936
0.0132368144128482	0.000505922417173755	-0.00574299366469719	-0.00363133611947928	0.0111860124802669	-0.00442597639182023
0.0143127459003826	-2.22705028005267e-05	-0.00849566605459498	0.00325710880380876	0.00719652384816186	0.00417894053498175
0.0109569537543896	-0.00296004102127429	0.02170262041972	-0.0353179672524241	0.00528313512029508	0.00283805529444882
0.0134750673375724	-0.00184513533345189	-0.0048560714277025	-0.0093183113408845	0.00694590376169876	-0.0165777708271999
0.0135550330744706	-0.00480913720965216	-0.0153122302810681	0.00708615712205962	0.00448962661149734	0.00703813262853822
0.0126937196095566	0.0030996987641063	0.00472819857181476	-0.0092011070968445	0.000848962365639314	0.00218669963564333
0.0126575781805303	0.00386177407437041	0.001105242474886	0.0013805948345163	-0.00411860313045608	0.00540427501758507
0.00922027075048396	-0.00347603826509227	0.0532868076965113	-0.000137469137030124	0.040002793181622	0.0367753724116936
0.0106829648643153	0.0124552745729788	0.0246174591034155	-0.00685466888145214	-0.00840395776205932	0.0242675348088801
0.0107298871592206	0.0160046065568701	0.0293012538270912	-0.0069877255070542	-0.022071907400587	0.0110050409018115
0.0125366122782338	-0.0144442743854484	-0.0140701857293432	-0.00370347667105286	-0.00211759780206292	-0.00115717237927774
0.0113101125316402	-9.90079860672408e-05	-0.000506832941370032	-0.00745883183757576	0.00993547399916512	0.0299276682138766
0.00916801117987901	-0.0165470137878887	0.0109113442337952	0.0146609183403686	0.00181298652518489	0.0142317295612316
0.00834349324247981	-0.0389163077154101	0.0406466591728155	0.00735902255512632	-0.00382555802946999	-0.00546710512601773
0.0132472098018135	-0.00277955199783264	-0.00580723118069471	-0.00761208753530052	0.00563890301739244	0.0300988382592911
0.0101601415221135	-0.019227300279552	0.0321029021290563	-0.0113102410605714	-0.0309767324813919	0.00895931210895903
0.00881240433062467	-0.0318434008789722	0.0372660040551514	-0.00309220221897026	-0.00325703012353324	-0.00832181698924914
0.0130543936309514	0.00319547465700429	-0.00970940492506291	0.000850692092572075	-0.00808047646507931	-0.00278981387077221
0.0100322223780412	-0.0132967747670457	0.00280671117391001	0.0277210727324395	-0.00267340564748992	0.0176101472119666
0.0148397750780173	-0.0105419011998493	-0.0223091744742694	0.00571685199418748	0.000644447842203941	0.00370808400326836
0.0120109352161353	-0.00250669207449781	0.00519242467643772	-0.00351672497392437	0.00218484070789046	0.0120418777817848
0.00889992735849547	-0.0475967306372217	0.0149106316511565	0.0188845879436777	0.011805180018934	0.00889858771169548
0.0121273842447779	-0.00850856885939413	-0.00715867376237498	-0.00623999418341942	-0.00503891192754739	0.000648845769160941
0.010617499255209	-0.0146602560299109	0.0196810680947147	-0.00996504767389499	0.00708872885739201	-0.040903222035186
0.0106180680306287	-0.00332961565486022	0.00859567294978341	0.00432616676113981	-0.00695267861220977	-0.00704263111578949
0.00786996941730927	-0.0537059431175048	0.0293174717563089	0.0254506465441766	0.0127535253113667	-0.0357868689312399
0.0088441639948091	-0.0384456909176496	0.0515151037388214	0.036893032747817	-0.00368161067182024	-0.0185716634071304
0.00803277191769943	-0.0401876189358859	0.0197439879653043	0.0266627918994827	-0.0112276340460038	-0.0246654255194279
0.00761374866859198	-0.044440414029923	0.0481294928040863	0.0162713913158506	-0.0177983932986625	0.0604927608459201
0.0129327752836274	0.00239508640084643	-0.00058257834553838	0.00292101060542308	0.00180738453888036	-0.00448927975816075
0.0131341438652629	0.00233600832960722	-0.00457638265462508	0.0072475690767226	-0.00523651754727287	-0.0024202272216365
0.00962415355952629	-0.0291963225213053	0.025729633979165	0.0239620170471736	0.00752227858982094	-0.0359718034235427
0.0135195650825237	0.00334267900519265	-0.00356984374248293	0.00376092143383646	-8.58354852062079e-07	0.00371764059408438
0.0104558965171123	-0.00335639637674249	0.0281712233135148	-0.0233335800847701	-0.0170034844028683	0.0330536909837559
0.0116130494019299	-0.00852051510750092	0.00429429508240659	-0.02593539883523	-0.0143758382670055	0.0102332078894681
0.0127173950558726	0.0108981317349472	-0.00177072441743991	0.00264603806885513	0.0134568027624355	-0.0251359096255957
0.0141893525542552	-0.00270024584811035	-0.01490871824969	-0.000689392748186475	0.00371316856125397	-0.00667924034710334
0.0140241905220131	-0.0036769218135339	-0.011921505492558	0.00643008704980168	0.0071584474244511	0.00706768940213639
0.0130542409796274	-0.00776697601645231	-0.00282276375812876	-0.00701828685039837	-0.0011784357979006	0.00332800089943317
0.0133515166771347	0.00422578970696054	0.000604376400962266	-0.00131254727227248	0.0152095199638947	-0.00381867568458056
0.0134891433063564	0.00558502612394518	-0.00930278836365472	0.0014040966950778	-0.0150912934516319	-0.0107231941497136
0.0128650084746095	-0.00446359733719239	-0.00528958568744923	-0.00989616700626024	-0.00746112584941938	-0.0032941206306866
0.0128954282715397	0.00654124911435949	-0.00487100617483741	-0.00299282983723836	0.0104418072998573	-0.00848621131281342
0.0136154508953128	0.00685377668739358	-0.00254786744190191	-0.00879060677633854	0.00219568882139204	-0.00322701716134602
0.0133954786358383	0.00371776114941137	-0.005665206409736	0.00251733222046111	-0.00580117730681288	-0.00130558799674991
0.0130078412474794	0.00116752622415677	-0.000428473049776782	0.00251159821176908	0.00817518927435188	0.00840269914613673
0.0128910700315326	0.00334390715063257	-0.00355886093949557	0.00458917149503696	0.0129471737486492	-0.00124278471900287
0.0122628400301743	-0.00673851935945553	0.00111389305916646	-0.0148217746499672	-0.00119244946449642	0.0145169828333047
0.0131628896800023	0.00128670289963358	-0.00602284273340176	-0.000362291358792437	0.00391676935615536	-0.012378103926452
0.00883333741310046	-0.0368073892221168	0.0129231985194793	-0.0348380145297172	-0.0309304582887626	-0.00884742312307178
0.0126074357021353	0.00169111926671706	-0.00298546922992956	-0.0131815179711866	-0.000764266443234995	0.0134008474355627
0.0128647930047191	0.00426332523662132	-0.00793413453832952	-0.00626464490381208	0.0115931427412812	0.00535422505990991
0.0133975883502947	-0.00370038869453981	-0.012308318667703	-0.00509793913342213	0.000452274891774957	-0.00176897566459223
0.0132606982662699	0.00739044513507055	-0.00243724016212522	-0.00396347049345475	-0.00592584564354247	0.00294964603509105
0.013168107549942	-0.016715634047872	-0.0092618667699046	-0.00219144017052063	-0.000768749067509897	0.00742322222878655
0.0123528745047631	-0.00781491839152795	0.00432777052850171	-0.00761132337446485	0.000740110839609216	0.00885008956244158
0.0128359673548089	-0.00935850412199052	-0.00248250413985095	-0.0109979120814623	-0.00365699491392791	0.00641716804629217
0.014010731821609	-0.00237487819783897	-0.0100961658037361	0.0104004914626838	0.00135883570889967	0.0105039262737919
0.0122696295170565	0.0145699633386113	0.00614567715751113	0.0235460694783767	-0.00385004886476593	-0.00510074559996216
0.0127504557094639	0.00633815612496812	0.00133522476607221	-0.0130911335532391	-0.00812580724110425	0.00331736649421842
0.0125399773680208	-0.00731755541176433	-0.0113817107274648	0.0108246478020092	-0.00712971523618335	0.00658956513428352
0.0127738559784256	-0.0160408373165523	-0.021462098319666	-0.0052349990990864	-0.0184875177877608	0.00511520735130911
0.0122615615541117	-0.0288119299504538	-0.0295890668151156	-0.000684706255193459	-0.00295212714044517	0.0027734076531352
0.0123536016626359	-0.00226415206273136	-0.011633699364963	0.0170320700482037	-0.00640411876253286	-0.00203122755615593
0.011768159895065	0.00671087764253254	-0.00916746731434146	0.0162533371323663	-0.0134464930541034	0.00216506069026073
0.0127165795633144	0.00946798298055239	0.00163768150425536	-0.00897463783036635	-0.00462914822818484	-0.015326349926162
0.0109986170249935	-0.0103973912086655	0.00747255869681753	-0.00594897234434335	-0.00836741972411063	-0.00714239070812921
0.0129182012464992	0.00681029768156033	0.00019344593447517	-0.0148416316266017	-0.0104943090222592	0.00237657629743351
0.0105006373994108	-0.00192573676691943	0.0243309367383021	-0.0151610541782978	-0.0127467415867793	-0.0210254489365825
0.0126906415499285	0.0106120364188258	0.00306460598135947	0.0122432988623967	0.00846237869170857	0.00423280039672286
0.0125542835482604	0.0351330897387557	0.00951405434746493	0.00213379181113199	-0.0140697786929802	-0.00319938945952251
0.0118128716001383	-0.00843729292996317	-0.00198702900837945	0.00336570516055134	-2.90183813693948e-05	0.00343764717160938
0.0139719049087804	0.00635564333499103	-0.0127383684291334	-0.00034620103455874	0.00128664226279643	-0.00320902204623374
0.0142222696884392	0.00430971336312195	-0.0120691605817018	0.00275633180948684	2.31215603604816e-05	-0.00237751216653111
0.0133707588317428	0.00214158318467716	-0.00316213921808492	-0.00158535042530066	-0.00845229019135591	0.00197125307475156
0.0130951450808802	-0.00109442697045101	-0.00315532853172369	0.00568750113933117	-0.00923192439378689	-0.00553298566059946
0.0129416013415801	0.00431989017193236	-0.00269995512729357	-0.00935860009975473	0.0132695320112427	0.00225098701877403
0.0130143512973704	0.00501419945132334	-0.00273599349512306	-0.00451258172840458	0.013323304902569	0.00742963799968035
0.0112429390873866	0.0259389844041419	0.0167746012039409	0.0187977838124158	0.0272250931856845	0.0150147856510441
0.0125426839621719	-0.0117530203886301	-0.00538704840222549	-0.00041177830599349	-0.0103267398588747	-0.00302948744620937
0.0128726459636636	-0.00397022311716965	-0.00196345536158393	-0.00238165433975658	-0.007938277313249	0.00450584862705913
0.00964348913729635	-0.0222687441132149	0.0448743323540078	-0.0154698067848709	-0.0202778229060947	0.0257906025340968
0.0128283098402202	-0.0108806800164169	-0.00986290283827279	-0.00476480713516753	-0.00665519879822484	0.00963622000675858
0.0134045292418222	-0.00478924190481678	-0.0127463956911635	0.00908635929181427	0.00459602291222893	0.00905060018120946
0.0123741056421231	0.00189341610824807	-0.00478751687148092	-0.00105855737699302	0.0128203086093071	-0.00956612711302387
0.011795827087274	-0.00215449910423773	-0.00151293409724277	-0.000216550157682724	0.0147914879927169	-0.00487556768709881
0.0115236011988701	0.000706126205974127	0.00207381761407418	-0.0266639533598305	-0.0145719735490927	-0.00375814189071059
0.0121302769936149	-0.00463520418289846	0.000380819960201958	0.0104031980053277	-0.000804338148000619	-0.00336255458135337
0.0110932194720412	-0.00537734395150626	-0.000112470475808067	-0.000456598007444091	0.0117405772948519	0.0174701888920853
0.0129926220381566	-0.00353471973861386	-0.00694974418249793	-0.000178345955559567	-0.00331927787022587	0.00324368675538287
0.0120475649472098	-0.0085515621584166	-0.00318722428958788	0.00498490994635968	0.00352618697506986	-0.00670418104043138
0.0120913683327767	-0.00806787525071442	0.00191918337470048	-0.00774072175295383	-0.0175213209433962	-0.000715220352327833
0.0126430300539036	0.00517141623086096	-0.0033345820001124	-0.00779947960702158	-0.00779812107329904	0.0014131691236812
0.0133034293321078	0.0039171738414248	-0.00165997311150744	-0.0127259218362	0.00928165963984319	-0.00581941892945125
0.0136922943054479	0.0024669766067258	-0.00653745099129149	-0.00514919948070666	-0.00265132737068146	0.0029750720578072
0.0123771745129386	0.0261990852999052	0.00940435135521586	0.0170417676110387	-0.01016396280091	0.00320026992952461
0.012805562912372	0.0252425951881811	0.00813171098340124	0.00341813542852453	-0.00386697874938271	0.00813513674116624
0.0129919611987802	0.00400875396119085	-0.00149742173124759	-0.00688725108413217	0.00300763898419953	0.000679118960803279
0.0130501395450736	0.00930241625593312	0.000750366708518285	-0.00287389127880361	0.00197758143474118	0.00412784192065389
0.0124064633291387	-0.00363215880026219	0.0118564976335839	-0.0172174399621496	0.00850377043159992	0.00780687999535236
0.0130178032435771	-0.00126386630095	-0.0124609861141207	-0.0098708682095514	-0.00184437507278783	0.00591188492993203
0.0139699077261607	-0.0155675579608473	-0.0175660988079159	-0.00418544272449	-0.0113357670201968	0.00499572282605349
0.0129763627261715	-0.00650505646461096	-0.00981680972046406	0.00159891606233237	0.000562602002575668	-0.00792673255392916
0.013063060012612	-0.00628388555011282	-0.00742687909861973	0.0127175548787899	0.00163963848531205	-0.0135098002211042
0.0123387269191071	-0.00575907679814514	-0.00825285729328534	-0.0223708964824176	-0.0241169885050734	0.00713982823456816
0.0128953040567419	-0.00058935696575835	-0.00166301804525472	-0.0153339772868741	-0.0086890870826443	0.000490712442440521
0.0129229591095123	-0.00174081775462501	-0.0107265546631108	-0.00373841280204858	-0.00738148054076005	-0.00059212895740297
0.0131893354831008	0.00414788200537713	-0.00404053102471	-0.00136035809310498	-0.0147115563417866	0.00298032022893766
0.0112476271098326	0.00634233854352491	0.00473891031673388	-0.0142147259208805	-0.0144297069103191	0.00178441811265219
0.0118382332773452	0.0133448801757365	0.00880645910501869	0.0055329962195388	0.000890414612181936	-0.00355231787145646
0.0113621621412746	0.0153799475582273	0.0175800988390597	0.0331656963476407	0.0013889827984078	-0.0251479298841292
0.0131332791735031	-0.00801630671194082	-0.0133205278464049	-0.0145759174350689	-0.011888183499224	0.0247499883255363
0.0127405170336479	-0.00122503010677339	-0.00594891596260438	-0.00994516380794333	-0.0102659328797276	-0.00412041099156793
0.0126185317269754	-0.0113985104414914	-0.0104771664617523	0.0018943105396608	0.00131649430186139	-0.0138533406809263
0.0133649439453892	0.00626746798332571	-0.00900173773984816	0.00968994183982882	-0.00737621733744554	-0.0158931475209555
0.0136716853090627	0.000526182911637745	-0.00974615989129794	0.00405663367520839	0.0105901825303095	-0.00332397836108997
0.0134994851446933	-0.00271180946227157	-0.0122332497737885	0.00398398911219142	0.0123911785639964	-0.00224195845104529
0.0138440868769573	-0.000950906506355566	-0.009150176520253	0.00308444001801338	0.00191920059513449	-0.00222647694449484
0.0106770129697794	-0.0198225070877312	0.00819220841745634	-0.00555618352924866	-0.00106732299465881	0.00286062459750955
0.0127421120977319	-0.00361536535946798	-0.0139482290185992	0.013513595923039	-0.0032479987274713	-0.00255943139515059
0.0123878636467821	-0.00475682510296006	-0.00590825337797247	0.00120586793612745	-0.0044062338490471	0.00343660861528046
0.0125005061696415	-0.00580797913874065	0.000146649734261403	-0.00358861813470882	0.000590754399411777	-0.0103249617932865
0.0134057348689402	0.00112813791015372	-0.00889981335481829	0.0051469808535526	-0.00320356150997381	-0.00906683290723553
0.013963913246967	0.000112459133602247	-0.0073422961360201	0.00618151890361279	-0.00167011578206847	-0.00105105424420378
0.0119650229225815	0.00803130452164617	0.00424580421690062	-0.00651165067086587	-0.00605256145476963	-0.0214595223143313
0.0120886057125727	-0.00446240799204792	-0.00322479003740119	0.0115995457460005	0.00212207112891885	0.00944203357682457
0.0122489444536746	0.0140224085270735	0.00986657809794387	-0.0101082236679588	0.00360682868782893	-0.000603512439020911
0.0122369393008631	-0.00451930145877244	-0.00125793579769141	-0.00812763101960337	-0.00408820512051746	0.00377890886073147
0.0120284499380915	-0.00878264239023138	-0.000723264098648993	-0.00842165452003536	-0.0103279077432377	0.00540967497000449
0.0123771287912752	0.0199264278582738	0.00696565626690337	0.000528232523932419	-0.019094568645422	-0.00339312168994868
0.0136397772429616	0.00189474198597851	-0.00992852274727404	-0.000101670062843903	-0.0180417665452938	0.00194807257905071
0.0126833840882437	0.00345568647241996	0.00350597064567356	-3.70053434472198e-05	-0.0203815582457612	0.00410144414964722
0.012735668734289	0.00407752358168676	-0.00802730854642766	0.00345850791430891	0.0114005090527411	0.00483780662926107
0.0129769648974413	-0.00519045568559864	-0.0120710556306619	-0.000360488657393361	0.00871353745362643	0.00109043544020923
0.0121176942701372	0.00674053459125364	-0.00213338797147998	0.0093668312210576	0.00727041112482204	-0.0250517006290655
0.0129540832099858	0.00417412379968387	-0.00299594629806144	-0.00517670040045666	0.00579874505514702	-0.00054581642802451
0.0128481448802831	0.00257755039548862	-0.00359205786340562	-0.00653763886579788	0.00095550215162205	-0.00501306571944558
0.0128321250199875	-0.0140802580274099	-0.00654283138716413	-0.00514814943501273	-0.00962721056341188	-0.00764443427720559
0.012981536423091	-0.000194047424335799	-0.0026462886516816	-0.00453411970117974	-0.00560926061426049	0.012867441970348
0.0123641093050932	-0.00457726263763372	-0.000435418353309608	-0.00819168932561057	-0.00983247979115194	0.0131675630666028
0.013472989433958	0.00406789740682162	-0.00560767023739514	-0.00455166643730733	0.0121559414978338	-0.00665180636776039
0.0111648987950741	0.0160776375605756	0.0147888680844666	-0.024255488394803	-0.0463458656258348	-0.00355704102050443
0.0118445448602905	0.00157100991547895	0.000594867199251269	-0.00452602162939587	0.0129353317008881	-0.0146033780146319
0.00942796118703409	-0.0274787723104036	0.0223446397405585	0.00758898146740123	-0.023518599521791	0.0128483626284344
0.0122052104465982	0.00637914416445356	0.00347815385208392	0.00403911785858805	-0.0165030213477847	-0.0149822826106475
0.0113226280774292	0.0017920936485071	-0.0022815868265947	0.00605713101563971	-0.0458813121428158	0.00549478096192431
0.0113461643229704	-0.00429178922779959	0.0093497923930283	0.00391998835648185	-0.00830768023947439	0.0112484626266413
0.0128375114065162	-0.0131350855481732	-0.00726742698209484	-0.00312834288619696	-0.00370326953410273	0.0139489645243093
0.0122447454352189	-0.00420825015233458	-0.00694065993491828	-0.00357443360600839	0.00505975203829994	-0.00111564334181092
0.0130006656383142	0.00201124564485944	-0.00881740801705117	0.00524900396031951	0.0154683696490547	0.0056874316965234
0.0129442922262902	-0.00967235341461586	-0.00570535308611015	-0.00831630052762062	-0.00828633733874112	-0.00253918324097049
0.0127174308287513	0.00676816388712132	-0.00310328644424163	-0.00666677695046945	-0.0206986538604511	-0.0181563336810783
0.0123579316454523	0.00363515221083793	0.00873923443433381	-0.00995881972177854	-0.00635990771215204	-0.0181316869558986
0.0114074211397694	-0.015354882670252	-0.00271574861034751	-0.0228440382640865	-0.0185868348300443	-0.0204603041027507
0.0120466998492192	-0.00690958997721075	-0.00781376412950449	-0.0169240525547713	-0.0132277582308095	-0.00810021796132545
0.0116587457835221	-0.00422474892557759	-0.000776195912143843	-0.011544618080227	0.00992358067919771	0.0252399106839579
0.0121491021938499	-0.0049552961745088	-0.00400214695225235	0.00493563283015851	-0.003279772892665	0.0203130828195489
0.00925524634724097	-0.00218595386217799	0.0357444308372093	0.0022879293975132	0.0169508056659001	0.0112567837217994
0.0120966262789524	0.0223761421292538	0.0063315909135148	0.0126895404648272	0.0229774726226932	-0.01332185770246
0.0124012500579045	0.0132735578041867	0.00553830827174879	-0.00495339841802795	-0.0301464974559405	-0.00996342900476918
0.00891165530629261	-0.035006030961974	0.0137758423779669	0.0250997170507861	0.0043391580505907	-0.0149417393497509
0.0115494607183608	-0.0122999984148484	-0.0075544532619975	0.0124106514766167	0.0130858388812428	-0.00869682311059649
0.0129673388492931	-0.00906165709800388	-0.0106972337103292	-0.00335540164442862	-0.0036375585772033	-0.00460712897969936
0.0128370266726677	-0.00750294048142408	-0.0106164401365565	-0.0037260976305898	-0.00640776314680223	-0.00265212937733246
0.0127297233103065	0.0021430870684469	0.00538115346012125	-0.00974753404379453	0.00380734366860508	0.0115806869618527
0.0127540117305995	0.00192273040947001	0.00590224122041908	-0.0113086110591231	0.00713724959436336	0.0152066702013588
0.0124592926005165	-0.0121411005692614	-0.00276358592306542	-0.00950949448900852	-0.0293404261435962	0.00837592812586171
0.0132421126009708	-0.00366814206778173	-0.00612206321654024	-0.000147177537532573	-0.0126318119190991	-0.00601696636574862
0.0137412871171174	-0.00424382205812543	-0.00691716592191237	-0.00440199681880344	-0.00241282370430224	-0.00608199429778152
0.012827042438262	0.00639117590250906	-0.00418679239036886	0.011145525237487	-0.00353058123875219	0.00231691507260326
0.0127292069291572	0.0038804224651271	-0.00125441941169174	-0.00619244865185575	0.00589154012888313	-0.00355119945984904
0.0129245358703428	-0.000428399210986075	-0.00274990154997604	0.0077124984501991	0.0125826549707653	-0.0139599106186348
0.0134424656971214	0.000413194222153745	-0.00499790399820829	0.0055076431001461	0.00282328691830581	0.0015750956309964
0.0112446067312184	-0.0180081342444639	-0.0153383856857619	-0.00225202329791893	0.0112958783520227	0.015852164417944
0.0113764313634792	-0.0160838611989202	-0.0104439543135769	0.000289767384760218	-0.000942661910759538	-0.00560112950506393
0.0119768899323205	-0.000759515732320005	-0.0127693512442012	0.0136721767741381	0.00155660167389086	-0.00532861051923913
0.0101747858444801	-0.0123918613531558	0.000511756194295767	0.000217538275387833	0.0230849726686195	0.0259528403879117
0.0124385456338492	0.0164050819934456	0.00610206213934923	0.00549816175061924	-0.000992896695141975	-0.0107636768036754
0.0117841522000689	0.0205626255117694	0.0177118489230707	0.00372040903933746	-0.0102626788619813	-0.0229407206894654
0.0125205494611784	-0.00276817865478414	0.00675044187665618	-0.00166899551060905	0.00691235718236397	0.000205984972422967
0.0128061310743904	0.00471524539509273	0.00128288628141813	0.0121195721514622	-0.000406838156343908	-0.00689441698764596
0.011417309600878	0.00913298505692273	0.0124278429484644	0.0452200623113325	0.00150170781496324	0.0011764137456925
0.0128577942296081	0.00385745228085526	0.000176036394845138	0.00102220620225482	-0.00565393438815273	-0.00325987566960267
0.0122107977556094	0.00338868959646285	-0.000853202948208077	-0.00454552415943487	-0.00901363612903602	-0.016226652431626
0.0121757167690695	0.0040771797666367	-0.00350567975001508	-0.00634766968501284	-0.00464613819327407	-0.0131486064229599
0.0120082162211359	0.00337291024605264	-0.00617471080591799	-0.000201714469144032	0.000123812169294189	-0.0124816582563247
0.0129456756231742	0.00236315639585036	-0.00289313548335709	0.00115422733878662	0.00784352348339534	0.000475115710357854
0.0110152238836488	0.00815033340144439	0.00749582275775348	0.00271897047505397	0.0107515617078133	-0.00610341283896002
0.0106147452398211	-0.00255092588473447	0.0153788243581863	0.000696520493911137	-0.0311444769315802	-0.0186151221308651
0.00998503645038666	-0.0187272072584789	0.0256450530401403	-0.0019356760171995	-0.00313533226068825	-0.020866599456529
0.0122979050346643	0.000296218070947252	0.0101667323945273	-0.00508580051731266	0.00055896058824262	0.0185917117734152
0.0117930391735642	0.00160217453610104	0.0210878278089604	0.00110478318915499	-0.0118984652778665	-0.0120773998220084
0.011783841568558	0.00125761832248683	0.00373300188567218	-0.00273267009158499	0.0130918624009659	-0.0192332923859429
0.0125256506410312	-0.00066636147287771	-0.00336660534993102	-0.0175363038101301	-0.0135154195213932	0.0146521992050313
0.0127799669796255	-0.00501179233063946	-0.00580800701280628	-0.0013452241615108	-0.00306493526041614	0.00474144054423959
0.0130469707529328	-0.00266582845030686	-0.00393077114448669	-0.00656217443728553	-0.000255198219170595	0.00783488823875554
0.0126151971751861	-0.00303881357841687	-0.013487811285913	0.000221178040131211	-0.0120085404553547	0.0012265849384878
0.0130620655896171	0.00208264879436303	-0.00879866335228733	-0.00152108430511085	0.00424855746138385	0.00978164338188308
0.0108614730847538	-0.033560413996027	-0.0143585208291614	0.0186552081784389	-0.00682219046964055	0.0143273339727679
0.0126979076056787	-0.00594609597878129	-0.0100311498192288	-0.00414569098692192	-0.00477595724783629	0.00262993897415163
0.0126146935838133	0.00299418119516265	0.00312229197775812	-0.00390671829737768	0.00748809720024844	-0.00158910259633098
0.0133017782892716	-0.00368052604905735	-0.00347936601924906	-0.00846599288755965	-0.00414723563618122	-0.0120797726169055
0.0129435421792605	0.00859562101347759	0.00245533395485391	-0.00113686300706019	-0.00717817475015963	0.00480798592680476
0.0127092628293415	0.00511407759911198	0.00831059188356216	0.00292397324869795	-0.0155878623798728	0.00962373621741032
0.0123384517632521	0.00382952848731586	-0.00290156031001969	0.003457309548562	-0.012769159849794	0.00120428467552845
0.0130630056433395	0.0108787136914779	-0.00399869789252558	0.00740886560274656	-0.000270290342439745	-0.0072341376453927
0.0129388929357238	0.00869342193162898	-0.00237553822405454	0.00617391118731692	0.00152644855897667	-0.00462513761201229
0.0122579327895003	0.00995297241880523	0.00160822711006077	0.00737403828524367	0.00319213650034898	0.00233949154592567
0.0131913698234533	0.00893504236994451	-0.00380673914179179	0.00677839249446707	0.00111483489984035	-0.00194185678597609
0.0114699161273475	0.0105193860172091	0.00911905160587452	-0.0119561525933595	0.000864269021530912	0.00479385134851243
0.0114911055289538	-0.00941842985675171	-0.00654562358455453	0.0211609608801108	0.0126665385779174	-0.0156475633306724
0.012599064146777	0.0107493584393224	-0.00375523764014061	0.0175844143572255	-0.00905935446325305	0.00857961044418208
0.0122483808049354	-0.0054331745093915	-0.00489370974690042	-0.00714914855248422	-0.00695430083673518	0.0155274638507019
0.0125070315708772	0.0016255123375995	-0.000215013745465897	0.00287644278002766	0.00495859320144884	0.00978683687048911
0.0132019901022372	0.00480279670268277	-0.0069867171549579	-0.00427706564961657	0.00585640850424083	-0.0106190120020518
0.0122478464596721	0.00265771352287366	-0.00472324042853805	-0.00712218886553776	-0.00620968871553926	-0.00246272608176347
0.0124591483293765	-0.00199127291328228	0.00174013629264915	-0.0198154523512887	0.0132077868708097	0.00385439032525513
0.0112291962798097	0.00814143316392012	0.00603714278576171	-0.000782964182813297	-0.00936108826988888	0.00767795328097012
0.0105777312267422	-0.0262621546296192	0.00102074652975366	0.0257699808361603	0.00489961894469921	-0.0122161148784036
0.0117693948661719	-0.00980707524256499	0.00307855531405543	-0.000353541029150211	0.0146696299359772	-0.00871824596007824
0.0117480343041994	0.00129357758589435	-0.00130572370892038	-0.0111448353221846	0.00369769419577644	-0.00497933054989807
0.0131985769651894	0.00633190948202735	-0.00403490535145505	0.00133887378572975	0.00405328141287465	-0.00100735753641296
0.0127805038590728	0.00386228902454571	-0.0137357327259577	0.0114943875789167	0.0033347424992329	-0.000692190940825734
0.0124419241359106	0.00343985072584483	-0.00100977092048564	-0.0105601118995858	0.00282488875887519	-0.00523114685640646
0.0125322504675024	0.00674190261094756	0.000273903249247336	-0.00558697473505872	0.0103566465964751	0.000167277522348089
0.0116551407922196	-0.0174156306216626	-0.00194753210015028	-0.0294982305546867	-0.0194995363369421	0.0151040414622914
0.0119410325488298	-0.00765837771168767	0.00360724786835205	-0.0206377278096339	0.00233721103366914	-0.00517650242046907
0.0121090417598884	-0.00518475393433732	0.00427751459696755	-0.0197397754626623	0.00562311546063598	-0.00136411580933059
0.0128597931842056	-0.00555850282663658	-0.00923793679580922	-0.0129214966440423	0.00668530921877317	-0.010470043415382
0.0119079839646435	-0.0105947452194441	0.00560139334831746	-0.0124365571799757	0.016814434236977	-0.0143235894119855
0.0128661676016062	0.00450772542246076	-0.00337823202006167	-0.00107770739945956	0.0139026422098837	-0.00691281183533806
0.0134741153374768	-0.00993362055205973	-0.0111866349031922	-0.00288811788233101	0.00758584500769015	-0.0116941782381291
0.0106321447000607	-0.017720982950753	-0.0091762723236037	0.00416812218234778	0.0142445577822462	-0.000523753213249728
0.00981923232961325	-0.0055254228935031	-0.0076366407712554	0.0424149946206178	-0.0112533116112494	0.00170810652808009
0.0126430904124126	0.014059721462016	0.00256816891246553	0.00409358028875579	-0.0140854705404252	-0.00282665729645913
0.0125398172669193	0.0062614767954598	0.0025901716780773	-0.00614824342941629	0.000590870604658293	-0.00148014283149301
0.0120297314290505	0.00531766052574291	0.00665658968119266	0.00518758200554788	0.0122975961048229	-0.00953011962801733
0.0134988875224193	-0.0139479101433647	-0.0119193809387753	-0.00788112889389849	0.00813518188349599	0.00151836249468923
0.0132269175641795	-0.00142213381347648	-0.00716304340254774	0.000704114474537637	-0.00178198207222325	-0.00939890627381864
0.0120578443527569	0.0214395921400995	0.0142694986707962	-0.00160316430618051	-0.00184719223247356	0.00714982179676058
0.0120777136080254	0.023319378099865	0.0138557497763324	-0.00416387491166327	-0.00361809558976139	0.0108698276410663
0.0127668385880162	0.000697296192367448	-0.00416209174239414	-0.00694363026425412	-0.00387247581995257	0.00344528719520075
0.0128615737875428	-0.0010585745034598	-0.00568496771875248	-0.00407420491502641	0.00755253679606491	-0.00338492493686997
0.011894224124095	0.0191068891235284	0.00973756869898874	-0.00528515075914734	0.0127331568044773	0.0116977042238707
0.0132371035438622	0.00447718408275507	0.00264984646089095	-0.00189930376459064	0.0064566048854552	0.0040934011145325
0.0137636829117617	-0.00588670493416454	-0.00910221898478074	0.005494525929063	0.000272643646931578	-0.00403620204344636
0.0127885462370291	0.00144071210801974	-0.00800133892844816	0.00518773617026974	0.00761256873478064	-0.000703910362478912
0.0136366680271047	0.00221973200773363	-0.00633898792067232	0.00628598822498749	0.00449628634612568	-0.0044067968699839
0.0134850570037014	-0.00021070659600907	-0.0103218040053269	0.000778024290565042	0.00654857404596763	0.00226553220856417
0.0129276862242795	0.00205222398264591	0.00323230065825201	-0.0126424134379768	-0.0198977986928672	0.00886613267668604
0.0118838625149863	-0.00770816370472471	0.00224450579738818	0.0126721909110268	0.0182158637621657	-0.000414944901845299
0.0127240924277915	0.0239950778382247	0.00292144095046448	0.0183291860531488	-0.00782836993549083	-0.00853086447887519
0.0132892632507726	-0.00505355743268999	-0.0111278478689568	-0.00560497388722199	0.00109851947164062	0.00343905267286439
0.0133780668918648	-0.00041548038664614	-0.00236588831030311	-0.00866465682507608	0.000271952268875234	-0.00555653510057385
0.0137320216298745	-0.00505845171063758	-0.00697417017867287	0.00496438310104407	0.0157976545526043	-0.0172280265601708
0.0127906853022351	0.00387285251363493	-0.00262710795284209	-0.00194589477991314	-0.0224934631068117	-0.00342153957112281
0.0117432955871101	0.0309938258722003	0.00784408548968324	0.0352254184010555	-0.00631120728493994	0.0145648879945037
0.0117269085416673	0.00107343070282648	-0.000747932226032443	0.00300144288598739	0.0146899444260578	0.0128718255433757
0.0105234101638967	-0.0211217289807553	0.00788109483714609	-0.00628668395549275	0.00489492827377882	0.0159616543858076
0.0127781011225932	0.0219464543162178	0.0118575406971788	-0.00196005377149099	-0.00191803238633398	0.00113153919320036
0.0114526979748811	0.0327692502412342	0.0290469665922138	-0.012993220892488	-0.00727002425977996	0.0300512487819115
0.013165247871139	-0.00164375782788303	-0.0137111871537432	0.00783670711582129	-0.00150668989785654	-0.000412319506350606
0.0122959094980894	0.011698204884168	0.00750260123557057	0.00772578071895032	-0.0191360747196145	-0.0103951291417988
0.0114304621600528	0.00633366851340915	0.0199319194352166	-0.0299290957992544	0.0219852843556228	0.0263851566373966
0.0133816836232546	-0.00190489730275442	-0.00866827102491521	-0.00383916067568049	-0.00307301620046705	-0.0113659104281843
0.0124428682772962	0.0110781663757523	-0.00610460603421579	0.00351934626711997	-0.0131441769773736	-0.011942925517363
0.012502952956084	0.000115941099094532	0.00422640674473213	-0.0208659147220675	-0.000919085873934605	0.000339323469378196
0.0125662045199536	-0.00148512256099516	0.000924065888136473	-0.0105845830292537	-0.0077080863960946	-0.00718529435352327
0.011059912995992	-0.0169651240680978	0.0125015907115075	-0.0232252547407381	-0.00848043047859402	0.00191137860336636
0.0127134093423907	-0.00512028128829138	0.000780625854569882	-0.00625982598391319	0.0102161935171557	0.00623210271898461
0.0125515358963419	-0.000444506564712541	0.00335862380865066	-0.00796282540433149	-0.00748111527426988	-0.0110277887001615
0.0135366647119628	0.00159786517014369	-0.0109156899993321	-0.00301180724833916	0.00283252680206127	0.00260201802702263
0.0129338439354577	0.00173428565021997	-0.00495934931756032	0.00353928687922498	0.00598121655683174	-0.00463890922223464
0.0127729821355216	-0.00111682115959411	0.00244560935850453	-0.00558592236893657	-0.00977147293517829	-0.0244954307420417
0.0115141768634144	-0.0463002891271515	-0.0201068869167154	0.020858353082442	-0.00330288971510618	0.0341577628149259
0.0120797445049302	0.00168038241777367	0.00106063405277465	0.00201005604916743	-0.0134190480020451	0.00832101979682276
0.0119036506218189	-0.025810144866159	-0.0151354466278485	-0.0116990842064291	-0.0298714536546881	0.0211310879476017
0.0131244277942716	-0.000718018338612407	-0.00921894141173648	0.00787561711619669	0.000703763381790744	-0.0104943495729772
0.0127435158796642	-0.00290566772207143	0.00728455863951879	-0.0161302654049772	0.0148475154463595	0.0037808657971209
0.0123641983644948	-0.00334173567673452	0.00397294749683334	0.000194168820112804	-0.0082078239360107	-0.0113120855915654
0.0125347993123025	0.0053876797599055	0.00291670875851183	0.00306546964541982	0.00262214857757511	-0.00377606382154211
0.0123408330264151	0.00771352312438964	0.0138049493210034	-0.0352561366380448	0.00773754373217734	-0.001238114847443
0.0133444789853372	-0.00289233127259169	-0.0108044439268161	0.00569331573867783	-0.00620584030174563	-0.00787672543805474
0.0130530471445617	0.000198660794311496	-0.012621591417434	0.00500330554873098	0.0176978504173385	0.0109838035054155
0.013149273652738	0.00421240420835439	-0.00524254148017886	0.00651529215784221	0.00898261318812848	0.00473192338999756
0.0141309653990506	-0.00890692858478466	-0.0176735437377279	0.00716345089500065	0.00520560542966314	0.00836757710719701
0.0138781064190195	-0.0001340082713101	-0.00809712662649209	0.0103661668532262	0.0045285630445621	-0.00994131175264657
0.0130300749447158	-0.00113153315262107	-0.00581068830167897	-0.00726305631222766	-0.000233515821597976	-0.0224375786816148
0.012955472287415	-0.000117968270502492	-0.00673127029210279	0.00446006862777038	0.00257874666928047	-0.0226266526780433
0.0123660906247285	0.0121551790435612	0.00871588504485456	0.0318224683850341	0.015386223157875	-0.00544896533257492
0.0120518433938731	0.0169864739338453	0.00461855027138589	0.0134932273496655	0.00331173939436603	0.00300612854683779
0.0123921829483997	1.73823906020507e-05	0.000354554078137662	0.00948273234908742	0.0125622412657181	-0.025352975808787
0.0132480528551118	0.00124647303863361	-0.00824586111522175	0.00497988026507021	0.00441953951448927	-0.00474965648371803
0.0119113072080529	-0.000522545675854463	-0.00360519209889637	-0.00342158691788308	-0.016534563544755	-0.0059841991721252
0.0136385644525294	-0.00348583597699726	-0.0121204916181681	-0.00289145358531418	0.0200558424654766	-0.00286495209650203
0.0130741511487397	0.0119507214241608	-0.0110315512921241	0.00516727921001833	-0.00926868610991794	-0.00140750098693022
0.013435955924777	0.000871005601538005	-0.00704305559116783	-0.0031704708448973	-0.00269361544784971	0.0071178222160357
0.0131667227808815	0.00101046616490063	-0.00820890722923706	-0.00230196621141813	-0.00569584111074622	0.0102201708532938
0.0134663868584909	0.0045875729823265	-0.00284444307167774	0.00193145466576705	0.00418938477283883	0.00750025551575178
0.0136777677079057	0.00555856655572439	-0.00768314911986598	0.00227911174670448	0.00209338346541411	0.011354684598396
0.0121211637104455	-0.00335046224798983	-0.00208402031205826	-0.0032324123386499	-0.00436940978415268	0.0177812347143215
0.012863907954824	-0.00230830565455807	-0.0019562422858825	-0.00381900072181421	-0.0028585335267833	0.0121803368489176
0.0128598451905346	0.0033295889459946	0.00166997745351554	0.00662702744227532	-0.0027573360233185	-0.016789316367843
0.013022232793517	0.00172970372085931	-0.00322936095734995	-0.00369794823546388	-0.000996408963659697	-0.0059018467160478
0.0124238159822922	0.00647289183389405	0.0089248976377298	-0.0207088150801923	0.00933108858679549	0.00969259294335141
0.0122599318143122	-0.00597575206255814	-0.00890090062125354	-0.00590516992079642	0.00134959117200895	0.0085434581262293
0.0113345604423356	0.00464530760641905	-0.00937728313361287	0.0253401582684309	-0.0122618674612248	0.00728920445713288
0.0112791671547894	0.00719161020422565	-0.00570451025321572	0.0200331007844913	-0.0163295549682872	0.00564556803612058
0.00903730220467442	-0.00117609804491006	0.0251438794197718	-0.0134595844809111	0.0033133597619453	-0.0190717916967939
0.0124451082765765	0.00846270154810051	-0.00283693383957611	0.00402621077899703	-0.00551516381824283	-0.0147520870016874
0.0115180079223985	0.00392101843205735	0.00816268263405228	0.00658178262303179	0.016575295198424	0.010188638375524
0.0129647318145843	0.00509656017430547	-0.00350803288258769	-0.00155213129322953	0.0190315328350542	-0.00430010606740368
0.0130910273239707	-0.00944184149010536	-0.0153642004470612	5.96878136863064e-05	0.00834308537891578	0.00471298293042075
0.00992821443193668	-0.0165642063173828	0.017240432701586	-0.00497793788626501	0.00288957505138457	0.00365862915676347
0.0124405276874131	0.00496732472275871	-0.00502862859575335	-0.00608208177382422	0.00302557681670824	0.00408607964562092
0.0118974993469057	-0.017556509484685	-0.00964594269120623	0.0190090603168833	0.00750206791341427	0.00527121099256882
0.0129732263614755	-0.00174502693357283	-0.00929787961109341	-0.0100100500557515	0.0288451065022777	-0.0077901888426663
0.0131812601675514	-0.000984617202345494	-0.0110285491767205	0.00878032232277502	-0.00179202396443631	-0.00383598601563973
0.0145975174225816	0.0010989372109652	-0.0173198516349119	0.0161148374758303	0.00502850245564332	-0.00350210254002883
0.0105444795625406	-0.00785387743554614	0.0180067897662603	-0.00946845849518261	0.00361890595717978	0.0100371651695032
0.0125908770787732	0.00127903431715386	-0.00328886134961147	0.00554724724531653	-0.00184880442053869	0.00227964324630407
0.0121328702987954	0.00898382575827118	-0.00222240104007959	-0.00160333887712775	-0.0039393692662561	0.0208796197126316
0.0110254490705273	0.0135009642465893	0.0077530608973912	0.0299654775077268	0.0218904863107358	-0.00341536780318635
0.011907033117709	0.0321989216071754	0.0259766139161091	0.00028019081796787	-0.029320429843257	-0.00857758670428971
0.0129626494286412	-0.0146733788670314	-0.0133555522204006	-0.00659156381886114	0.0125545165022416	-0.000812860861604182
0.0118677642035353	0.0151313874345707	0.0136314549229565	-0.00510845431100801	0.013346131399266	-0.00363597229811125
0.0124774696559543	0.0107041451641796	0.0008829834273249	0.00109798167166344	0.0107557868741239	-0.0196299553736605
0.0130907477313957	0.00144927112141867	-0.0171579791357446	0.01318076161689	0.00628452550034206	0.0101551919913268
0.0127962258616908	0.0045339213523622	0.00162611318729356	-0.0021992013962728	-0.000535803184312763	0.0205040435705352
0.0126236875868899	0.0116480795940554	0.0034180086391155	0.0174121880332514	-0.012196476915862	-0.00898157217993899
0.012455564639938	-0.00139757317006793	0.00527018717675194	0.0044767230244221	-0.00385241434300224	-0.00243298195635716
0.0129133390878884	-0.00227091260749467	-0.00598383899803219	0.00207636701224209	-0.000170169508148427	0.000289199432218849
0.0123836806525786	-0.00156221965785722	-0.00155686189116544	-0.00383349448780453	0.00625211258394372	-0.00553522661821678
0.0129868551616855	-0.0237699180296376	-0.0169259747584926	0.00269867554455659	0.00169528009858178	0.00454777437331437
0.0125997373654112	0.0144100891484874	0.0047521640620076	0.00252971711110807	-0.0296259243403987	-0.00681247545986063
0.0118112132994106	0.00553523854542629	-0.00914355758027759	0.020185284935455	-0.00442818160146185	-0.0156971700887829
0.0137944811950104	-0.00587424594195688	-0.0101187873834626	0.000253655672745073	0.00527030961890039	-0.00230109510057074
0.0125323981369675	0.00452763418188933	-0.00534222215543852	0.0222388723504499	0.000753117432765462	0.00120789447337855
0.0120751307000637	0.00878481038093584	0.00527464541821332	0.000862356122164834	0.0027014791254757	-0.0240234651193722
0.0123021520942405	0.00529974375846485	-0.00243990762653748	0.00453825528466837	-0.000797511197224219	-0.0141992051960536
0.0123246685364336	-0.00228840282579004	0.00200684772551358	0.00328051699872882	-0.00890077966531002	-0.00594767881041203
0.0117386754183367	-0.00415879504635338	-0.00694998288148074	0.0103732443501253	-0.00888786560130439	0.0114135313280401
0.0123951351875797	-0.00296964353294411	0.000898278610478163	0.00223213832698128	-0.00649426425970917	-0.00349817890285634
0.0132122939224677	-0.0101418398519708	-0.0212174718523516	-0.00305176039913584	0.0031176601628805	0.0198869521180306
0.0116343020305417	-0.0062896222576321	-0.00113863436169384	-0.00425963520323262	-0.0089540635704851	-0.00946363188839255
0.0130760783009872	0.00234347153545219	-0.00834265676063367	0.018288093236026	0.0104701078789392	0.00125898344406888
0.0126334741161825	0.0170987109641966	-0.00278473536409203	0.0117304209926212	-0.00429505019717448	-0.0170864119672842
0.0131534475080978	0.0103783250997849	-0.0072777574910696	0.00881343240902655	-0.0276001679255423	-0.0117126949822685
0.0116762610904595	0.0218828808477093	0.00594703941812902	0.0154541783822589	0.0261326311302054	-0.00748777217525151
0.013027790295325	0.00375947343450177	0.00176899722921093	0.00288162364114032	0.00219836834821509	-0.0155086749079161
0.0127901247337903	-0.00855996895625872	-0.0101599461535084	-0.00355327797205521	0.000523227751435603	0.0117832567069842
0.0138102315521821	0.00257499142011092	-0.00918091958435155	0.00797933156988853	0.00917905266022464	-0.00458322440155091
0.0135057934283359	0.00181304751006916	-0.00503515575551463	0.00163635632078747	0.00586727393046047	0.0024889015895544
0.0130569181713711	-0.00203993260756237	-0.0089367348873767	0.00330411315870141	0.0134010411432045	-0.010461065254602
0.0133099650940375	-0.00133413311614505	-0.00159717655522634	0.00983484373549184	0.0172714333944654	0.00337701285575164
0.0130660295814216	0.00428738520753803	-0.0105832644029171	0.00299356896713158	0.0087444140649089	0.00244932083647481
0.0124736782392871	-0.000588878527291557	-0.00541684560804492	-0.00194549693959371	0.000445402882634147	-0.0164977085084639
0.0117808492410687	0.00440541942197461	0.00566915126742096	-0.0220195753059519	0.0105421578124924	-0.00171672491882077
0.0123187062942294	-0.0154727722653513	-0.00706867986443627	-0.0210896220286759	-0.0282948463714534	-0.00183530200852042
0.0118505818545511	0.0131235532934657	0.00210710916579785	0.0263547274379254	0.00966298788094611	-0.00557433835148021
0.0118761031603122	-0.0118984544518862	-0.0060553664921347	0.00487482416626833	0.0175730229912964	0.0177634993964059
0.0117772198020779	0.0303317169754748	0.000625811797281876	0.0163932968231251	-0.0201668478393741	-0.00798490745504342
0.0116350919209601	-0.00537311647460307	0.00229702187436756	-0.00769977966016163	0.0115839071938046	0.00151540695993626
0.0137066056588103	-0.00317731611406946	-0.0169901576217616	0.00225780930986326	0.00939037985715412	5.29095729798167e-05
0.0126513609267702	0.00500488929820591	-0.00473909744098166	0.00158790949188634	-0.0100146372330466	-0.00515080148857324
0.0116280363388443	0.00083996387015074	-0.00398839502069894	0.0476259483995323	-0.0120269241026438	0.000393471652564022
0.0109015169676407	-0.0148718196517366	0.00641873876203933	0.00593548295210544	-0.0137560633493834	-0.00847196296652564
0.0102393664970315	0.000948668017591496	0.000487224487509451	0.0262623322664507	0.00688115647585772	0.00908156798595733
0.0126087359253364	0.0080242444318871	0.00275514204483698	-0.010862424058095	0.00962879020743204	0.00153877853676185
0.0124461028125947	0.00455551524399043	-0.00351394523876919	0.000149541829649581	-0.00468011070600299	-0.00484073232712133
0.00881238626620785	-0.0375368206426482	0.0232285882686287	0.0810415243543984	0.00178563676444927	-0.0201559036664129
0.00967572479031289	-0.00868506618128236	0.0288382173732364	0.0215194196749933	-0.0330363936311743	-0.00831626610416196
0.00919954895483876	-0.0299347183219334	0.0204880564296709	0.0279727543709889	-0.0599744560739798	-0.00179325991180352
0.00804344820592148	-0.0232078768299343	0.0227214816478853	0.00464739343101525	-0.00584506233347611	0.00998370593292847
0.00978375089120019	-0.0135886663584873	0.0276237550801399	0.0125827650846066	0.00786294937795161	0.04197560539662
0.0103974086135138	-0.00554290851584966	0.0156055715899846	-0.00226230523686517	0.000837236164019632	-0.00168184870298339
0.00974035394758266	-0.0349419472767108	0.0294557512370366	0.00694675052013725	0.0222895758122694	-0.0110166349288238
0.00918856392370392	-0.0441576395058542	0.0310422031176764	0.0318592598310144	-0.0133138570662697	-0.0299166170950601
0.0103073407746495	-0.00238174023846898	0.0169009494653705	0.00307273878429908	-0.00639108477646815	-0.00609584144802613
0.0095352818007359	-0.03366350855458	0.0276650861450778	0.00564687023847334	0.0140564609371868	-0.00308116745532294
0.00651119854706307	-0.0586605423504597	0.0247278435031941	-0.0214702921949496	-0.00799964139524797	-0.0252581745706308
0.00835402498938636	-0.0176831189644079	0.00690006587517971	0.00106158255286866	-0.0319987936926346	0.0253961502358292
0	0	0	0	0	0
0.0112118810193093	-0.0001119687735827	0.0114095810400368	0.00486615505394985	0.00799649894539257	0.0135800645119176
0.0123791747861634	-0.00260789882217452	0.00628846954944482	0.000897848979953794	0.0100356006954468	0.0111010605915513
0.0121351209033957	0.00595778144374529	0.000844913544872143	0.00662168065003045	-0.00507802120284012	0.00281229119652766
0.0128527615455704	0.00480929163079114	-0.01292311663619	0.0284422250675267	-0.0103006659756563	-0.00699897398622068
0.0121919437291056	0.00916567338806288	0.00325550610309419	0.00041344678764693	-0.00677238179429671	0.00622799653026826
0.0121401956291674	0.00212256627832718	0.0114896635602016	-0.0212782423655182	0.00832602323439916	-0.00443135698328558
0.0117722240004836	-0.011038637799393	-0.0138004625923206	0.0301243037012899	-0.0194669327107538	-0.00163849450884426
0.00961525808414732	-0.026904788775074	0.0236721265862814	-0.00356727324545011	-0.0163238925749232	-0.0367446128625204
0.0130938156654068	-0.00629774339729535	-0.0031116207416146	0.00641137414991709	0.00452306870238499	-0.00511077953338685
0.0128736229501099	8.7362678512124e-05	-0.0052666222044013	-0.000381541419544675	0.00158844879718254	-0.0107460444019358
0.0129284472392285	-0.000237334326363265	-0.00688025187490967	0.00227832256215384	0.00179022049005639	-0.0121717778494409
0.012703734787965	0.0100345622163305	-0.00450899668103004	0.00650114054276198	0.00738917645141408	0.000459135388351782
0.0127013210324288	-0.00768152744097276	-0.00288472822748523	0.00645526796366031	0.00598413018150704	0.00532435252974654
0.013438582555522	-0.00385606998328905	-0.00815582697157985	0.00273447854094607	-0.00683848831704451	-0.00396680277891169
0.012001920364598	0.00553014890913406	0.00286954742722984	0.0031651425287782	-0.0167717836113972	-8.20520661643141e-05
0.0113621988719089	-0.0156690190913746	-0.0112864992321819	0.0131467857946707	-0.00765376735462877	0.0297931062593365
0.00982724510410526	-0.0134740366031649	0.0163509470123226	0.0160181784585126	-0.00463948459702494	0.040952967163708
0.0119765566739724	0.0404824549704685	0.0256349635949145	0.00521165950681697	-0.0113128739405524	0.00335039880427176
0.0120603269828327	0.0397120424209967	0.0286902742048202	0.00564728674502805	-0.0119868881723049	-0.00237947081622537
0.012442147547936	-0.00234178047198523	0.00567706667819955	-0.0158857759072423	0.000286445507112253	0.00121851766095863
0.0130636667267027	0.000184902411729612	-0.00131986664180919	0.00911276514641183	0.00162314802954859	-0.00588683951647496
0.0128931496856834	-0.0082243321875558	-0.0181848218169351	-0.007661740431948	-0.00551788577401702	0.00866033587637201
0.0126413505849389	-0.00890967249988049	-0.00462521404196701	0.000502122794172292	-0.00818807393952605	0.0250595283210451
0.0109736809085508	-0.0118554885908432	0.00602372405575977	0.00887662592978079	-0.018322377574977	-0.0204601339755801
0.0128001588219982	0.00965503819321509	-0.0075206090435928	0.0023939197182366	0.00675434701212407	-0.000984673572120074
0.0115669910737461	0.00839667613796862	-0.00508244249552445	0.00551371591167259	0.00206504390038901	-0.00838004546612791
0.0128839319136879	0.00674605037611989	0.00628042748682923	-0.0131288866719884	0.00227521852505939	-0.00143842128836819
0.0125168479843208	0.000844351747846719	0.000381563729506769	0.0150478161426336	0.0100027044001351	-0.0063164566271152
0.0111442851399967	0.0137254751800366	0.0123744825127633	0.020794314004477	0.0115969284264933	0.0109346247291602
0.0127972235978723	0.0098691283103863	-0.000871614830274081	-0.00240698664847885	0.000315973843014465	0.00941639692095695
0.0130242582347459	-0.000429391606446542	-0.00260776672374018	0.000251201541896556	0.00610940498131514	0.00853832371541177
0.0115786518509985	0.00183588928099992	0.00491737055241261	0.00770186641295929	0.0102003310992538	0.00315487176209209
0.00807532590085096	0.010830526627891	0.0631204588122159	0.0141473053618474	-0.142766329574096	-0.0444037496797864
0.0121688040235103	0.0106826068220215	-0.00772869004331178	-0.00402286452609464	0.00597209805668203	0.00811578620033124
0.0113769801546651	-0.00461262687646654	0.00147415102004047	-0.00184652265737023	0.0101580660292709	0.0117937441018472
0.0118875040248873	0.00193214649761023	0.00115729808884593	0.000628533011357864	-0.0114534751795134	-0.00792227893047458
0.0121083229453452	-0.0214714895168816	-0.00310328128853885	0.00437165830875522	-0.0199343379768828	0.017052723901904
0.0126255607082235	0.00719567401560129	-0.00132252145285643	-0.00888956448402522	-0.00130987301307916	-0.0103208569657425
0.0122140453892025	-0.00089927789860733	0.0034499799135785	-0.012779872296547	0.000229597957072622	-0.0148615174984377
0.0126581977185543	0.00544508626336472	0.00229665871075066	-0.00536989775614587	-0.0217120107943969	0.00163722808126303
0.0127559418061333	0.00466854299795265	0.00177231293623164	-0.00134375816579422	0.012902175011994	-0.00120033252286116
0.0117954940257571	-0.00369551046542293	0.00729672977378424	-0.02938424727455	0.0113822541319345	-0.00562089617861765
0.00936880382028317	-0.0235312296170469	0.0204191130948863	-0.00591047557872305	0.0166160387128099	-0.00361934326244964
0.0120711772541263	0.000158920467282893	0.00619217783524659	-0.0109759864071918	0.0117716055381389	0.00952454276965687
0.00961870284102571	-0.00697873484203834	0.0290141592526795	-0.00282998907928841	-0.0147737886118139	0.00276836070707788
0.0124339524482705	0.010805719294118	-0.00383858078090738	0.0107765443607598	-0.0180661834384746	-0.00137659867099382
0.0119551736568689	0.0140542747977787	0.0081960978475993	-0.00502785734835226	0.00549934406528024	0.016715700490477
0.0131201252893982	-0.0128166322356271	-0.013173045601849	-0.0049342707075369	0.00683830723591045	0.0197227484338062
0.0136144664779357	0.0040766830512544	-0.00628632421497023	0.00306492385518014	-0.00294671494726661	-0.010274158071559
0.0114982017445873	-0.00175540713989514	0.00215661973662168	-0.00372747529692179	-0.00435950463457032	0.00656065702235343
0.012083505462735	0.0142750577269981	0.00149737781258008	-0.0198250169628514	0.000141767620639575	-0.00944004689069846
0.0118769850469216	0.0139980740706994	0.0155813205588029	0.006209290687777	-0.00414100710151607	-0.00918179071985514
0.0131063854699881	0.00819251778671687	-0.000234638585012586	-0.00464436673221709	-0.00357802594440023	0.0122359624329864
0.0130570351100576	-0.0056616499050541	-0.0095093743324498	-0.00307210909433598	-0.000957773555803937	0.0125096832481477
0.011465585557719	0.0250281165988684	0.0130728730439924	0.0383664589877869	0.0155445334901442	-0.00504187789957144
0.0131030660513306	-0.00254482317177435	-0.00342497981983545	0.00429246096743644	-0.000120084127244931	-0.00155241058792486
0.0132749567407372	-0.00391913361557269	-0.00108857081851204	0.00535250079334948	-0.0147145971677342	-0.0141017056008027
0.0132321565105232	-0.00312090977310693	-0.00279398906815818	0.00413542408483732	-0.0196761808700281	-0.00990460287767842
0.0108011651273889	-0.00499189294081178	0.00701690059181404	0.0127222927678404	0.0036392578134648	0.000201423387013987
0.0124584074959138	0.00233843997963359	-0.0115949006973854	0.0174405875766866	0.0116937633830686	-0.0121141625743727
0.0132464481575817	-0.00425514069907648	-0.00101810371435656	-0.0119224038460082	0.00778305076772469	-0.0221324480464491
0.0130047954428909	-0.00263955938588864	-0.00379654070819619	-0.0135943752706327	-0.00533504992410555	0.00101373613909132
0.0135957903886975	-0.00693333570446419	-0.00393197331417565	-0.016423330074878	0.00351271490883978	0.00234507484303792
0.0134002646995268	-0.00279896409361159	-0.00534088266418255	-0.0023580426277193	0.00830793273275825	0.00869971604561756
0.0124295358485202	0.0187945011154733	0.00952774436814342	0.00532707902088166	0.00917536923246162	-0.000277612431750175
0.0115082062686326	0.0123707201289809	0.01213213540105	0.0134657138132788	0.0262375856474406	0.0111246413638918
0.0127846696684831	0.00290524858555883	0.00254207343160313	-0.000560590777965224	-0.000654107642206525	-0.00590937433919349
0.0136977418540101	0.00149637922627459	-0.011508820227223	-0.0174150876412748	-0.00436159543721349	0.00168674911682466
0.0123732092299728	0.00148224885669903	-0.000944404387701997	-0.000613158962303342	-0.0249551600136113	0.00754295218474613
0.0130978508469556	0.0100966635368593	-0.00119364451080758	-0.00454564769813741	-0.00124722786205588	-0.00292923630810233
0.0134108425370732	0.00635576384988915	0.00374038014363548	-0.0114929337163101	-0.00978927206028715	-0.00682483967188907
0.0121947311026275	0.0253881948655362	0.00732669395589916	0.0131201087728	-0.00300554957221042	-0.0201396735249495
0.0131168496151295	-0.00270825698804624	-0.00380888397097606	-0.00233655579955308	0.00719900471213619	-0.00425331643648338
0.0123453790888666	-0.00557880017303331	-0.00787253557464523	-0.00585719874045499	0.0064120599191057	0.0144584345846142
0.00916120683395064	-0.0257874778218465	0.0408544188467638	0.0183845310566711	0.0155938624512393	0.00874861283131995
0.0122809176679238	-0.00772543493496423	-0.00381926872241265	0.0032829387145693	-0.00503724244682317	0.0025844824688817
0.0127426214360921	0.00519813648722014	-0.00404544557925262	0.0110049195073529	0.00024222141881883	-0.0024632405802605
0.0132035606306298	0.00411675732976211	-0.00235959944729621	0.00267492690187064	0.0150613483247905	0.00577045985936385
0.0131029105159655	0.00365231927643877	-0.00223263406257599	0.00764528923728954	0.00633866800867765	-0.00330044525972278
0.0129887010985029	0.00856328376165293	0.00463994932950459	0.00912859687173329	-0.0116994882623509	0.0002454249000254
0.0127613701705035	0.0173614581207345	-0.00533855813155828	-0.004923816768614	0.0113149660205135	-0.000995804657404594
0.0125549785187104	0.00918701602488926	0.000510591100653073	-0.0125540515869877	-0.00788523806105808	0.0136238195597802
0.0131163650133701	-0.00517971366035705	-0.00726265979291948	-0.000671397006647518	0.00687688543979908	-0.014960328336537
0.0132342340152814	-0.0058243202459906	-0.00377643598768757	-0.000792804492939234	0.0166867764446376	-0.00399702718755155
0.0126300926494422	0.00535147417587568	-0.00175167131936693	0.00303736152246275	0.00436467182096968	-0.00221597282554607
0.0113170349577241	0.00745879173849726	0.00667494010112364	0.011157324617902	0.00327971755023498	0.0186564010320884
0.0125245261685294	0.00514938700282657	-0.000506245771876475	-0.0145248829067071	-0.00702923436596114	-0.0115949444448676
0.0124579452808247	-0.00326595405617727	-0.00185442771449731	-0.0129580706455301	-0.00390884412022671	-0.000238533530009979
0.0121279034518376	0.0119747459609243	0.00190808980034868	-0.0114861581342197	0.0141014741327921	-0.00238041491378037
0.0125236971318998	0.00407907620688014	0.00402951011477274	-0.0176637241995761	-0.0132130300733453	0.00175703672612526
0.0133773474216616	-0.000675788478197492	-0.0116648277161675	-0.00688598781851282	-0.00590941722188881	0.00872415017368822
0.0127090813945037	0.0314887394770283	0.0232500790537591	0.00201438435366887	-0.0146846323322047	0.0137759455765059
0.0125029260174737	0.00526829370354338	-0.0046334789872425	0.00422098722942415	-0.00932016886681785	0.0177130299549909
0.0108290948240961	-0.00427681021326256	0.0158179674230518	-0.0166549062431947	-0.0177171962662646	-0.0133625713275627
0.0118671094008999	-0.00345271101999858	0.00487143194554937	-0.00931378911708941	-0.0150065810882584	0.00541244797654741
0.0122063520057791	0.00329357808340059	-0.00227906305335485	0.00391572789195018	0.0139575641623697	-0.00292101325941647
0.0126260273656546	0.00272356660913251	0.000803578983054552	-0.00413483845242897	0.000229506937119178	-0.00437449600197579
0.0135637361746361	0.0016334222639197	-0.00251121157164957	-0.00154876088179605	-9.46446301405962e-05	-0.004086296636484
0.0122481259785535	-0.00541854383717505	7.87190435380179e-05	-0.0181934556464644	0.00609159762818302	0.00473335834856681
0.0134935232513691	0.00399372773849766	-0.00837647742286263	0.00236032305206883	0.00329629433780469	-0.00144858194142257
0.0118724834200271	-0.00531000875111143	0.0125440394250126	-0.0241088208669975	-0.00254483696070997	-0.016173178478075
0.0132428055743507	-0.00424826799914652	-0.00614844297066095	-0.00437287522736712	-0.003265069508935	0.00774173189758344
0.0112349081937368	0.00594734419231523	0.00739628586476175	-0.0153666430677095	-0.0164179283066823	-0.00590540022155142
0.0141012841237517	-0.00520223123136086	-0.00567174898689135	0.00222379815953954	0.00829265864533934	-0.00589510288914186
0.0119895435552051	0.00208838187754815	-0.00143874824611687	-0.0104667093095488	0.00433130499229156	0.0120669756481162
0.0133126622563238	7.74221238414373e-05	-0.00990577955925772	0.000645399742915021	-0.0190024105852118	0.0161005636568074
0.0122554974639097	-0.00343468907081718	-0.00255610131552488	-0.005830483868318	0.0118858517110019	-0.0134616091610942
0.0115348234931056	-0.00559023222114239	0.00630822911532927	-0.0128377161816788	-0.0279419393549185	0.016378550390219
0.010297280910775	-0.00608470247421852	0.0324443655790773	-0.0188104952761327	0.00766306881373592	-0.00365780889014637
0.0113873628970972	-0.0028309290844143	0.02286050737983	0.00114315803844567	0.011496582436325	-0.00342195722013703
0.011707876355111	0.0300862083658023	0.0224906919019366	-0.00318987991873577	-0.00723423936269676	0.0272716802113052
0.0114526403405214	-0.00698151428788684	0.00945131994922749	-0.0416471683308548	-0.00143129250899426	0.00862533146449031
0.0129143436208667	0.00319103169339939	-0.00770030479690187	-0.00585434312363585	-0.0187902092334079	0.0244152947984923
0.0126723946418198	0.0187144279296393	0.00566848817199516	0.000103010056300164	-0.0044078799665517	0.00345719571467615
0.0129293841962909	0.0148569344583641	-0.00394965223029218	-0.0105334280956141	-0.00532780362943302	-0.012201832401648
0.0130850722570234	-0.0129692835015739	-0.00328322480577821	-0.00224154937094174	-0.00474436992781156	-0.00246092189164141
0.0082730484084674	-0.0313159740015927	0.022024186930064	0.0211607353161841	0.0184433074423734	0.00751753075984068
0.0121155000240455	0.0104381358036856	0.0054847093326855	0.00838673149947224	-0.0219937706007002	-2.05871200936337e-05
0.0124976171329877	0.00447810821915105	-0.00715476757579676	0.00223624837364066	-0.0141728533269307	-0.000631892441308337
0.0129810830560385	0.015702506171872	0.000364963114988926	0.00192191383245275	0.00540151517730009	-0.014058130634965
0.0129842779870729	-0.00392012185671795	0.00201263136571238	0.00762596154805179	-0.00419384622098282	-0.0127466464232672
0.0122613544973581	0.0257693581826154	0.00243035192279184	0.00562774989543499	-0.00934158033758484	0.00202123665922973
0.0123818788172988	0.0288971389640362	0.00990065319550013	-0.00309920396288828	0.0132162639927699	-0.0195391370106271
0.0112123609249438	0.024643920603774	0.0195044115668126	0.00398440253003344	-0.00113111086340222	0.00763373015121104
0.0103492683918032	0.0156934257206757	0.0243216441214151	-0.00159415270242803	0.00113016041234315	0.00155293583272045
0.0121014562199376	-0.00167652355427379	-0.00871582461894787	0.0225896315305678	0.0222621109271134	-0.0100814888055251
0.0122953080350602	-0.00270406572477628	-0.00813850860127232	0.0201908927198004	0.0306789722329587	-0.0153026723644632
0.0128302721760488	0.00330137733465647	-0.00447661436217592	-0.00136671297913458	-0.00136334140078849	-0.0094344531023062
0.0130035572861492	-0.00175972544985959	-0.0111219194095495	0.008540086721625	-0.00101144210211222	-0.0131667215932984
0.0129721875493054	-0.00221358019606309	-0.0101037314908453	0.00400314192716698	0.00354699583647482	-0.0154186032068704
0.0116869949834564	0.014318024765108	0.00352608391702868	0.00722656977047576	0.00459916720331839	-0.00510896269978482
0.0129591640090986	0.00142054583803184	-0.00871702595022529	-0.0197339948239402	0.00419407093484858	-0.0051247837198381
0.0141191333302268	-0.00914576122087239	-0.0138090156646599	-0.0102424184746348	0.00810369442149294	-0.00804435565590822
0.0129374493877116	0.00564475245949298	0.00119353156834637	0.00744876906340976	-0.0163794563942827	-0.0137360263137352
0.0129570840329619	0.000292978671111477	-0.00455749905293382	0.00277583753843169	-0.0019649699248793	-0.0141428541109776
0.0123388061631049	0.0248203320581989	0.0072641069827636	0.0402752129767374	0.0211516858495834	0.00149962625162936
0.0112616801913626	0.0128935843782478	0.000837740285339334	0.0257246780101727	0.00257565690596125	0.0217937590154641
0.0114535721884896	0.00829321813862341	0.00379806970292104	0.0135371728327772	0.000459411115532088	0.00283021548051745
0.0122270487570668	0.0174372988430987	0.0124602868357096	-0.00501429906051342	-0.00932076751249206	-0.00589518058191077
0.0133366885567845	-0.00139106553883482	-0.0133077751436335	0.00757111516366489	0.00205345204252312	-0.00835483212477367
0.0131463387540135	0.00219228061371744	8.45985045404749e-05	-0.0100888550627113	0.0147371171287421	-0.00995316980872429
0.0134664105601552	0.00183887495678452	-0.00408240596883642	-0.0101220603466938	0.00328831010392929	-0.00931000887486213
0.0131678200301447	-0.00513577402392368	-0.00884953131530996	0.00244842521993347	0.00323849984602315	-0.00533218195753159
0.00946897095171374	-0.036105449661546	0.0191802663982858	0.0255333471805385	0.00215640132369881	0.0101378670173971
0.01249125627001	-0.00130214833393406	-0.00183644092973505	-0.0104111176739142	0.00661665695669511	-0.00487886224102327
0.0119655722285531	0.0102950069047624	0.00551413354533839	0.00556766900898019	0.0104052847513574	0.000101831197318439
0.0118488292495734	0.0129520465335528	0.0224056263063068	-0.0196661065259445	0.00911526781749213	-0.00783214791016958
0.0132583925211514	0.00213060345830493	-0.00937706466239726	-0.00114422915870387	0.00649034480219625	0.00420215970354209
0.0130720232732379	0.00509436713801941	-0.00835393456679055	0.00879710656039354	0.0157307649977207	-0.00629696671938277
0.0131567731528743	-0.0022675367960269	-0.0110062861519736	0.0171239889617401	0.000692355490165927	-0.00631412658370419
0.0142822536677797	0.00227438037239561	-0.0156856434738717	0.0149479336907765	0.00627104031270702	-0.00330041028611216
0.0128848678539374	-0.00340980748867776	-0.00627514391901995	-0.00571612802636751	0.00147425751475661	-0.0013748718868284
0.0136500539234562	0.00309272727990773	-0.00612426412046261	-0.0024669058397925	0.00588973827129072	-0.00663690007111821
0.0131072914921139	-0.00678121465341567	-0.00717949869960728	0.000154269746802269	0.0113430521032359	0.0229547885615076
0.0128644773616659	0.00375270205135613	-0.000134206068760607	-0.00650606921397877	-0.000967467487209477	0.0030089150245057
0.0123641697354235	-0.0044969184141826	-0.011691792852629	-0.00114788280506927	-0.0101731290944298	-0.00677318879560852
0.0125492233958767	-0.00401396908094584	-0.0067527178515645	-0.00249459889227842	-0.0135111298810227	0.0210084278541652
0.0123139226287585	0.00200395817702715	-0.00448523238740035	-0.00389314034946953	0.00312472504022115	-0.0209042903481265
0.0110762735228197	-0.00698180495856913	0.0210455196023694	0.00292663856964808	0.0244397867608874	-0.00285416088698766
0.0133498097424567	-0.00866893123440116	-0.00585042051211959	0.00608096485179865	-0.00800483461306478	-0.00581469951909032
0.0129133516976765	0.00297605035005679	-0.0048764904556917	0.0002001908438191	0.0114724353951098	-0.0135886473701845
0.0138433814672195	-0.00421357723656537	-0.0140847775504321	0.00765277282807726	0.00345916373647227	-0.00461329646312767
0.0121717179475437	-0.00198545006796334	-0.00143870376043765	-0.0066278294075171	0.00680977871169165	-0.00716907267078499
0.0129415448146482	-0.00515276769014976	-0.00926273528252516	-0.00414107087799802	0.00248810618493633	-0.00470707904553976
0.0105502718729592	-0.0215379149544011	0.0214022518991093	-0.0266742386087098	0.0162482094732713	0.000908976587053053
0.013322546134653	0.00242131924136184	-0.00976077156674141	-0.0139427549245506	-0.00226424811295914	-0.00522371360221458
0.0117765725073854	-0.00381400067400047	0.013447022388892	-0.0184967216216429	-0.0105477891201335	0.00777163641474799
0.0118627667249262	0.0107956567910849	0.0195310886675295	-0.0352144407415358	-0.0323660524988429	0.0109144742192481
0.0142959059414771	-0.00404245068760867	-0.0188819101847006	0.00792242147196724	0.0135047144680124	-0.00308692377419077
0.0115505681518761	0.027747146674254	0.024896514460996	0.0170970642506802	0.00917667510051861	0.00665381064256475
0.0120554727077631	0.00870988124961109	-0.00487227148955106	0.00331225718361836	-0.00628004693316563	0.00156062750925279
0.0112723073872851	-0.0186757808596735	-0.010416068273489	0.0146226120252797	-0.0179577103807177	0.00114664557378648
0.0126479726625565	-0.0240067412175685	-0.0171562999518422	-0.0182224469135435	-0.0167227624499196	0.0311407703336284
0.0130451654767015	0.00396621174773959	-0.0044696682799635	-0.00808305277339345	0.011061172428887	0.00463290527935877
0.011257355249972	-0.00367199327654488	0.00571768665068116	-7.79132068208493e-05	0.0102700085803011	0.0140845320666365
0.00902453715368023	-0.0176847000654528	-0.00356579358347654	0.0191915491297417	-0.0346783637666156	0.0097370194997912
0.0122580640296602	0.00333890386188282	0.00488280209758829	0.00108940233826984	-0.00103269639602944	0.0076624723909203
0.0133133476792515	0.00194872420972056	0.000426396469550035	-0.0044576135098067	0.00651944075162481	0.00921938854826846
0.0127195396349616	-0.00427420995227642	-0.00329702084209108	-0.000945661714017927	-0.00240970743448894	0.00626007477114875
0.012119944978584	0.00478066759037878	0.00589634334540642	0.00756064423182167	-0.0302266347580669	0.00392410909980575
0.0136781703383924	0.00259739678436482	-0.00807762915785363	0.00337626467198816	0.0123064899342175	-0.00075563523920621
0.0134573050125945	-0.00713405778537751	-0.0156678637190545	-0.000944755939704225	0.0115566677220753	-0.00429695347022043
0.0139105378187042	-0.00397432991307777	-0.0173900873787882	-0.00157673158645896	0.00962571021530644	-0.000494969087663812
0.0129589841833581	-0.00406060225644229	-0.0125055748262397	-0.0121652309267768	-0.00133383780457454	0.00247473861467522
0.0127984224607309	-0.00732731589325255	-0.0133298842477985	-0.0101977120721534	-0.00358620102283015	-0.00337417486273888
0.0113407353012727	0.00544302254919636	0.0129890395506448	-0.00595577882249575	0.000622514162685582	-0.00152810755805629
0.0137505317596681	-0.0133068689841657	-0.0219537450075351	0.0136397370157997	0.00601093246798276	0.0107406317231353
0.0136346296815831	0.00328893727598695	-0.0127744690603299	-0.0032690681274685	0.00116728623380642	0.00344317237048137
0.0135759097415214	0.00184867900327674	-0.0194117478781985	-0.00157335395270912	0.00129084264006878	-0.0013588562036465
0.00918116772910856	-0.0353899792655316	0.0464520076813788	-0.00863485210920214	0.00235693387493853	-0.0350843887592676
0.0128810295228918	-0.00494799407173642	0.000549885466173879	-0.00999127358072686	-0.00131097298317051	-0.00191276071956442
0.0139484443109577	-0.00137386467992233	-0.00892034971100315	0.00735423758951521	-0.000294178858472003	-0.00329434836667013
0.0140142842296279	-0.00110907303965505	-0.00881605669513669	0.00975831651691197	-0.00199278484873956	-0.00197676425947713
0.0124358487132347	0.0134870921732965	0.00353215054853836	0.0135477902696021	0.00923413586905347	0.000246348926056257
0.0129365937916794	0.00814469162479418	0.00778920747786673	0.00260036026471148	-0.00637048362364977	-0.00264724427313248
0.0109602459840742	-0.0110125091530484	0.00906218060827473	0.0190697769822591	-0.00679704026663347	-0.0115789398929667
0.0127318815475093	-0.00203412508745904	0.00877949054470439	-0.00407689062474708	-0.00806369217136746	0.00628470930011725
0.0130684184889467	-0.00302381251307845	0.00272837098670792	-0.0114662446040784	-0.00291937172123726	-0.00632197661404513
0.0121327707937342	0.0118186732992766	0.0195004584272717	-0.0141714229052584	-0.00924230813232728	0.00734863856119723
0.0134087038306151	0.00616945069734311	-0.00696742452152656	-0.0047023408337736	-0.0019649012158888	0.0109427485924898
0.0143958249308618	-0.00632158229673234	-0.0162580892241355	-0.00567408116297358	-0.00450904542735307	0.00254318518221008
0.0129406085040613	-0.0123585134223751	-0.010970267315881	-0.00769610915678249	0.00378342228956779	0.00968280971037495
0.0133947776728268	0.00304074309729121	-0.00534720780819968	-0.00800385659325738	0.0020915979696533	-0.00096934412589013
0.0129097859518956	0.00797025860777949	-0.00367544889865113	-0.00774938434648192	-0.00936453340735571	-0.0212246283570486
0.0127255545721401	0.00590379810340907	-0.00302336940871115	-0.00625405279607495	-0.00903540182744192	-0.0131802477590654
0.0124325782701214	0.00467640259632044	0.00406809683282456	-0.00343615954536233	-0.00390267432198509	-0.00261157878411526
0.0124775552422277	0.00246020689840697	-0.0183545344892576	-0.00402772306301328	-0.015855747951599	0.00273336228207446
0.0131310944472631	0.00339909879462555	-0.00256637281069927	0.00137366116759818	0.0013178119442108	-0.00185249842611539
0.0136145210776482	0.00123409092001338	-0.0078176697440761	-0.00725434784539339	0.00369627918190548	-0.0126215736887012
0.0135716524233627	0.00141524286147069	-0.00887811343862192	-0.00541197355329583	0.00342270202685333	-0.0133848289868098
0.0129717705077689	0.00313181609600636	-0.00366692787511873	0.00175120225808261	-0.00022332621764781	-0.00842965275880962
0.0129199165680819	0.00203475566897475	-0.00304746104653721	-0.00241506313436209	-0.00175470251115283	-0.0103060978305802
0.0136665516259069	0.00207529127960826	-0.00763773572447712	0.00772562969800583	-0.00586045019554501	-0.00987487386552652
0.013204602672817	-0.001508972453293	-0.0123218928473762	0.0017149164848821	0.00133384260929913	-0.00458519633147104
0.0121244822031421	-0.0344281415446006	-0.0253290894899021	0.00178236132092542	-0.0267711037579083	0.0109253485070811
0.0121115398071616	0.0144069209657965	-0.00313226660795334	0.00785039285144479	-0.0193872363458341	-0.00264094970663961
0.0126041784767877	0.015806078696223	-0.00115923309651141	0.00430876523183052	-0.0180726680531762	-0.000272482646050958
0.0123516783509515	-0.0103216753989943	-0.00488844542410389	-0.0065049739813623	0.00309452003129709	0.000612736987738439
0.0126729986653504	-0.000968335892714279	-0.00279890233213247	0.00137563925507677	-0.00520109468401984	0.000645924235836672
0.0118598897967082	0.000526112090185187	0.000466211417652278	-0.0100204798621573	-0.00471946270117088	0.00187718342622065
0.0129425486743169	-0.00415432927983257	-0.00802731508319471	-0.0240096035966818	-0.0193707910937009	0.0206844010605548
0.0184466929576571	-0.0293440738655352	0.0175844255135077	0.00831480191957776	0.00312612990109279	0.00398229760800152
0.0207658080962378	-0.00762578185864164	0.00455764721468218	-0.0123072660795618	-0.000601984887730164	0.00830797021073331
0.020775555918741	-0.00517910681741336	0.00786773206369791	-0.0178083301032318	0.00106870389273219	0.0102397550495182
0.0181965446071348	-0.0254352050199978	0.0248404113274798	-0.0029894457257409	-0.000638462788013301	0.005766014033576
0.0183830997544935	-0.0209011382454042	0.0208868975622066	0.000350986998740205	0.00354403702085695	0.0134904373371117
0.0181158207383101	-0.0285395002030525	0.0199749323013025	0.0050968437467018	0.00218580993207768	0.00872103811666413
0.0190019393322469	-0.00242066198336513	0.0184084126916726	-0.00581345462124685	6.22776668566423e-05	0.00597344742717465
0.0116209534084422	0.00465230291822027	0.00447189358231038	-0.0191329770708704	0.00248437100597718	0.00506773657362795
0.0131444604715603	-0.00504789791022651	0.00569289937777875	0.0021572925249687	-0.00287285601694686	0.00458728912178354
0.0136527404480204	-0.00659248991333286	0.00782022558887513	0.00596749425709216	-0.00160266518953435	0.00601461552458505
0.0115829107022065	0.00609245546053546	-0.00113807324719137	-0.0252378219687553	0.00281024023196892	-0.00175019663714284
0.0115530563787721	-0.00625796651899019	0.00255771395809086	-0.0112591103602291	-0.00142365008878004	0.00260196329574275
0.0136907575798607	-0.00656466842512002	0.00759258855199389	0.00691768393833492	-0.0049976950242885	0.0091714199559736
0.0136285995129439	-0.00678150244017372	0.00781612075823986	0.00722770691148017	-0.00611661574715389	0.00899686092907657
0.0116213498451582	0.00511916847239458	0.00371736781590089	-0.0201981991269595	0.00191602164164638	0.00347066852751921
0.0132029369292479	-0.00532373705737236	0.00914231497990715	-0.000167833477148355	-0.00210415794053894	0.0061436567642534
0.0136215324656177	-0.00700500392824188	0.00990819443632674	0.00468206117546718	-0.00237336841626344	0.00643613606879795
0.0115671959805389	0.00356377242686727	0.00515459533584842	-0.0240262744154464	0.00792023696625601	0.00733074544834766
0.0132211303041017	-0.00378794880137587	0.00487775443639708	-0.000402580052344507	-0.00634223155209447	0.00987527934052763
0.0149274509282304	-0.0162192016347112	0.0170823833137892	-0.00305981938660643	0.00265837731980246	0.00209187276204116
0.0155297506636276	-0.0266750810246828	0.0209706273390084	0.0030440366101765	0.00327710869314907	0.00888661141613904
0.0130803959238022	0.00504911524549901	-0.00458280970754603	0.0172601294656876	-0.0200451391150394	0.00465291414347208
0.0129003255019454	0.00865328595866239	-0.00177697254555016	0.0166148900254737	-0.0215286576855495	0.00627385447033123
0.0127952069322736	-0.013321128858006	-0.00498082001457112	-0.0047566843311359	-0.00806148135278824	0.00651825358329958
0.0133601189660424	0.000540775675022751	-0.0115781283778594	-0.00361786092602542	0.00251453111037389	-0.00129974042414292
0.0130174754551085	0.00247623567336367	-0.00125357226447412	0.00274087286906435	-0.00459871568704568	0.00213221266202446
0.0142092404700117	0.00361481562048646	-0.012044194545484	0.00372389164938298	0.00642778759454088	-0.00882366431749303
0.0123188079955781	0.000116182359557892	-0.00293898268136148	0.00030855321482093	-0.00578483921939087	-0.0178226015363193
0.0120897995989123	0.000106826400488757	0.000868685375068747	0.00458914220406417	-0.00189059658504919	-0.0114912510912279
0.0136548396930922	-0.00320611603121452	-0.017597916706477	0.000235450364264767	-0.000488332931098413	-0.0010407588485201
0.0137073420764585	-0.00186325915330664	-0.0155645505854858	0.00194394022253348	-0.00298008103843342	-0.00116570441372294
0.0117493295788668	0.0198050999970425	-0.00021443554093054	-0.0102239701790807	0.00102884835932994	-0.00407839961730235
0.0126763944537267	0.00466940574412029	-0.00522464299291347	-0.00673643511412147	-0.0192028609043449	-0.00122094162084779
0.0116989193575819	-0.0224610249274979	-0.00198551237897693	-0.0116772283099898	-0.0248770885273693	-0.00581428493944217
0.0122365552079719	0.0257424526072586	0.00977889731682158	-0.000587979044146292	0.0176432836853258	-0.00238087472037601
0.0112668253035314	0.00670833022402157	0.0118819806149915	-0.0218453405316135	0.000580165164306412	-0.025782440706718
0.010735446442838	-0.00704550932259028	0.00141264245109187	-0.0179120220722965	0.00722685720377946	0.0231064450730682
0.0132401921502572	-0.00611827565396049	-0.0136236412956908	-0.0122374341437672	0.00102436684167391	0.00491900632587983
0.0113384759205294	0.00767352870162826	0.0132968362829284	-0.0172525111300149	0.00397916300578186	-0.00558842705378968
0.0112269019786481	0.0358105842928765	0.0144581554677665	0.00128576681869706	-0.00508056010401691	-0.0024909535799314
0.0124218584600006	-0.00571070122293882	0.00164034724513742	-0.0082409804140742	0.0168984483562708	-0.00723296761155816
0.0125580427821058	-0.00184641664506151	0.00174406140346874	0.00149374113774228	0.0038901589464221	-0.00342674567188787
0.0106346463824323	-0.0132298457434964	0.0116027326830343	-0.00583705288222088	-0.0159779790607879	0.0124766738911485
0.00906096323396295	-0.02104002746416	0.0293576139256068	-0.010206382226031	-0.0279818939012088	-0.0127645329947186
0.0113717066849951	0.0310644026695837	0.0280903567278262	0.00376212304513677	-0.0564076781424583	-0.00968856682457746
0.0126278892694917	0.0228553942147379	0.0147449218438498	0.00268845616972183	0.00145540296825882	-0.000896896857690924
0.0131106906069811	0.00390322336955367	-0.000103288400206141	-0.000398553948916101	0.00132301124546887	-0.00190775814727839
0.0131931195580761	0.00155350704720531	-0.0107263505621691	-0.0019662898596441	-0.00208848308211144	0.00111654927126249
0.012620264155571	-0.00843690079518651	-0.00446040379412285	-0.00912998561686107	0.0055547955168016	-0.00178080320669308
0.0121500989772428	-0.00365362854327126	-0.00556412054985989	-0.0109988261764393	0.000665035869559026	0.0104722752823348
0.0132093867606033	0.00392060539076939	-0.00733372497689969	-0.00160614833277884	-0.00900235269428307	-0.0143711660027049
0.0127084420296328	0.00422435453611241	-0.00346999668227564	0.00794997491845327	0.00737556430800958	-0.00133071240879691
0.0132918650049933	0.00314677143486728	-0.00722817243090739	9.61255651200105e-05	-0.00616373771451772	0.00302072852391215
0.0130054698816467	8.27797452418785e-05	-0.00213071632568536	-0.00551588421086399	0.00547968799852858	0.00810625186335712
0.0130305815221066	0.00693937514030092	0.00195185721731391	0.00766571903732903	-0.00061433926207256	-0.000557388928625159
0.0120531954026074	0.0188449275567705	0.0106155675772025	0.0108665511580283	0.0100066281502846	-0.00901409645808096
0.0114501793925345	0.0344345533420398	0.0159762610761984	0.011671749649594	0.00318069420809404	-0.0179640671248415
0.00883680241366063	-0.0102196789668454	0.0337622819731905	-0.019857670795388	0.00680959486116184	0.0137430685216284
0.0130345712418611	0.00727475058622738	-0.00605496909166121	-0.000793804114134845	-0.0192474360131304	-0.00359621561705106
0.0127485935277754	0.00622013536337817	-0.0037106852875465	0.00698015546150213	-0.0126878026181881	0.00258032968649204
0.0133611221848543	-0.00318268096554081	-0.01308920423514	-0.00304248704603801	0.00769944433065224	0.00250011332179967
0.0121972603574133	-0.00403459165483323	-0.0108618867913559	0.00121161942317106	0.00975026574892669	-0.00385862652751768
0.0132485917991259	0.00527714434739699	-0.00459607585674464	-0.00474212821197309	0.00533139715889827	-0.00199180572672951
0.0133729353368995	-0.000938126657217117	-0.0117215769018198	-0.00397329898655737	0.00758855245203817	-0.000569229076695976
0.0131065945639046	-0.00386629454760228	-0.0112396641295644	0.0115948664776192	-0.000635565305543788	-0.0095094225768966
0.0119926244089822	0.00360655226496834	0.00754196564266883	-0.0244599558123593	0.00133997514049121	-0.00301711926054665
0.0132823838368603	-0.00460004044562415	-0.0105821057603505	0.00956842118666803	0.00309621589976729	0.00325907696235994
0.0103519016495706	-0.0229766468050698	0.0019948938718115	0.00794489148193053	0.00301310964262945	-0.00709851139915898
0.0129923422165263	0.000961489273181549	0.00752125823481082	-0.00725087152425237	0.00534709673560557	-0.00377439049297835
0.0128718122044023	0.00215818633910368	-0.00722953875827771	0.00586477333504417	0.0121088477632262	0.00178791099577488
0.0123103576825216	-0.00575999670176799	-0.0121244694305832	0.00826774964780632	-0.00145852628818698	0.000884347958766047
0.0114791986848935	0.00718885794952364	0.0086449834621112	-0.00998084524815748	-0.0133147575518868	-0.0218888878731017
0.011128207395655	-0.00744346266629438	0.0125928590274091	0.00184173531271066	0.00662511581320696	-0.0182455382663317
0.0115226946566768	-0.00311645788599033	0.0125585751687886	0.00168985682619286	0.0225447627537532	0.00897474812205718
0.0126482230115518	0.00193643205974734	0.00528773348834807	-0.00377113049799699	0.00500860285557742	0.0042149559751957
0.0126832858311723	-0.00294688146132038	-0.00635261278616505	0.0152773318785242	-0.00415969062455746	0.00342453441743586
0.0122106620640349	-0.00401784057368089	0.00359679427170788	0.0115958355301773	-0.0151061710451663	-0.00705219630844925
0.013500182953057	-0.0169581166245799	-0.0211355175196047	0.00380149176974991	-0.00935862337570024	-0.00253175037202813
0.0123889614338061	-0.0066845604714628	-0.0134194783617228	-0.00327147402345744	-0.0170467297164473	0.00449780892965442
0.0125420195100561	-0.00274780428364471	-0.00482815389255772	0.00221801615328901	-0.00647492295974663	0.00729626954394908
0.0121622897849756	0.00802299171754059	-0.000412580062074994	0.000133262155282027	0.00094435794161613	-0.0119880503854024
0.0120570954838901	0.0264605026790207	0.0101327865703882	0.0116139456888486	-0.00347179260353316	-0.0171296924781602
0.0105133632433768	0.00419041329174995	0.0201791106499873	-0.00385151550670087	-0.00819346799120341	0.00175125456138314
0.0112440504491869	0.000216274902377298	0.00570741755943295	-0.00531484017814865	0.0109771248863961	0.0112050997969839
0.0109949574919736	0.00815925124020144	0.0119328702013069	0.00761809858115853	0.0134143169344104	0.0326201286194199
0.0118203945275073	-0.00671310568558076	0.00161206298439973	-0.00835762104183844	-0.0136137435669813	-0.00237552060801196
0.0122176731169687	0.00744661791327117	0.00236799470746685	0.00581295381822749	0.00524384548010703	0.00682204165281129
0.0122374908225532	0.00249583124327685	-0.00241029885673381	0.00164925378174365	-0.0186671792152621	-0.0265267655476558
0.0117404919781901	-0.0155531167652195	-0.0123339388466322	0.00175627596391196	-0.0229601608577623	0.00484242613570593
0.0119340209958595	0.0127295032758298	0.0159131673745556	-0.0191733876263183	-0.00341172063936655	0.000309271886888542
0.0118876908734244	0.0126579749665722	0.0140014823572122	-0.0238934458376401	-0.0018190580449697	-0.000455468744400028
0.0126136897051694	0.000798652189533174	-0.00367819781125632	0.00303886939408474	0.00494647802991499	0.00468462476678681
0.012971811372813	0.00101610818810016	-0.0046907522098473	-0.000948831147868004	1.79251543348437e-05	0.00197025219651962
0.0120672167691101	0.00150074624860527	-0.00928087757813875	-0.0182022879018831	0.00920972422097301	0.00390266354317779
0.012178252292489	0.00522849761547555	0.0103842510041153	-0.0183741845945563	-0.0063305239888862	0.0103170886568342
0.0108001721828631	-0.00795491973181234	-0.00209030939980829	0.0175066803572005	0.0195151816642192	0.00522930483035471
0.00919697345375126	-0.0152130546549366	0.00317431334431997	0.0248615075778677	0.0307256616643131	0.0110931442401626
0.0112717813734388	0.0107495611938924	0.0199733161078381	0.00177661858865212	0.0110681361070031	0.0188360906048558
0.0132351944522778	-0.00477977641824738	-0.0143795760400926	-0.000916417817417615	-0.00474006831761796	-0.00412389563456232
0.0136240604489881	-0.00893574814338415	-0.013283004441976	-0.00206531218948834	0.00300388044009694	-0.00568844946445353
0.0141648194633443	-0.00444613580755572	-0.0099617503913326	-0.00289327344124074	0.0035352842356122	-0.00206621998287769
0.0132176917265565	0.00212087222099732	-0.00751876279188324	0.00417173764882896	-0.00505635162785807	-0.000502992568555462
0.0137587184955772	0.00152360713098783	-0.010573345567154	0.00164338094861145	-0.00185752626499605	7.03391818263756e-05
0.01283617948769	0.00497594964200633	-0.00527138222266408	0.00366509948444184	0.00693728995757782	-0.0116807497567209
0.0137565050129022	0.0121495508885496	-0.009509634125676	-0.0056342120761393	0.0137375000500361	0.00613481291063325
0.0137260164680214	0.0100295616726581	-0.00761256761951688	-0.00336815689117681	0.0142532639339597	0.00952283967035846
0.0136484969681605	0.00910759095891212	-0.00630948034118062	-0.00301213762771589	0.0108186139702513	0.0161127949264353
0.0126950846746775	0.0145666566072683	-0.0046607873388387	0.00368685930425156	-0.00188187503549511	0.00304339980958173
0.0131800345172251	0.00997169605115474	-0.00944051576707479	-0.0046182174946167	-0.00620039953619935	-0.00252645342374569
0.0113576392434505	0.0311051389939016	0.0133780809021926	0.00259903892278464	0.00363643247515638	0.00364866331818584
0.0121093120697177	0.00112405369980229	0.0114533188631021	-0.0131943211290067	-0.00755064612505253	-0.0117054688664859
0.0127722317263899	-0.0141129301200989	-0.0101235466237902	-0.00412138531266905	-0.0127166482501746	0.0159382665077032
0.0126360771729842	-0.0150394346989436	-0.00858171018911611	-0.00609120439869676	-0.0119946432107231	0.0151056074400994
0.0134225328529051	0.00162853873363132	-0.00809333903658054	-0.00121607008891498	0.0061041024415118	-0.0162427601264935
0.0128612917738838	-0.0140723401802074	-0.00755228664316092	0.0148011499303749	0.0034700341825333	-0.0203665992459532
0.0114115326605911	-0.011390150808268	-0.00533948961765428	0.0151043933370289	0.001045855430549	-0.0169449689253626
0.0113501079394616	-0.00884873909964289	0.00337319957556697	0.00824874961813677	0.0121157205961317	0.0291663635674926
0.0131530119701486	-0.00242864779385895	-7.15331107345703e-05	-0.00334252355243135	0.00201915355859735	-0.00211130334529533
0.0133674102859245	-0.00979264611281479	-0.00854941772511832	-0.0164597733488335	-0.0039878402137829	0.004493147050692
0.0122643988253109	-0.00292516600824118	-0.00666071635139309	-0.00293906883352011	-0.0163322058999998	-0.00955251569408654
0.0122527488743055	0.00080345310218215	-0.00189385238443882	0.00849957841489473	-0.00433101003801582	-0.00395800173837676
0.0127904256226537	-0.000438391594875469	-0.00169472014091564	-0.00873174630338453	0.00636416012068553	0.011508976624558
0.0128515559858362	-0.00132090285616644	-0.0030578947184013	-0.00756091382581616	0.00767128096348503	0.0121769299010595
0.0129620722876207	0.0185987544771841	0.000998634481633576	0.00140550105854868	-0.021787663063723	0.00797075268979671
0.0087522260833922	-0.0258744426220328	0.0402171017716901	0.0305060819218503	-0.0072712976774793	0.0230479883016932
0.0115965764553175	0.0307113913568284	0.0192005613129047	0.00227437380886885	0.00692789638097963	-0.000359239549685558
0.00964445097422884	0.014251415039928	0.0462578187726998	-0.0222729472821376	-0.0105391447297542	-0.0127650424230738
0.0126387211474937	0.00356369755482819	0.00355900761144864	0.011748034611634	-0.0042326012215802	0.00767736315562286
0.0132227113669882	-0.00427627119060703	-0.00387785315324487	-0.0120092535154409	0.00216621311328707	0.0086463470445839
0.0119870130526961	-0.00675699454446821	-0.00939393535071634	-0.00430683130995357	-0.0131323001070848	-0.00139955754610666
0.0126313835933969	-0.000140414060326173	-0.00372328100486286	-0.00105226424347174	-0.00926260436526046	-0.00604239321527636
0.012081057606173	-0.018597061995048	-0.0171526229604538	0.0084665597449011	0.00314982407505532	0.0164581830968705
0.0122340502653838	-0.0173878416943336	-0.020930167888776	0.00543799978927725	-0.00630241689637439	0.00594039644427489
0.0126123512960335	-0.00185417135747406	0.00169952364945524	0.0074637017100689	-0.0143950127238868	0.00907049647795375
0.0128911555709793	0.0117424739015812	0.00130338680404148	-0.00713613541874376	0.00649064413739743	0.000871180327215652
0.0123714093886054	-0.00562615653692821	-0.00310388087087161	-0.000788609196160161	-0.0107472624987911	-0.0190232167588616
0.0118241102122861	0.00614449191765187	0.0111498998268581	0.00173964882900635	-0.034869726083839	-0.0133585760953998
0.0123361346269184	-0.00197979445955919	-0.00583316295769179	0.00340088195736326	-0.00629094402404393	0.00545267570295646
0.0113566090853155	0.0167094492777579	0.0152728333700611	0.0152355663635851	0.0192700958366054	-0.00187030053049763
0.0123956690484027	-0.00460023872431235	-0.000972234544339068	-0.00207733413852059	0.00769199402284928	-0.000579617341830593
0.0133776155401879	0.00878911850087934	-0.014544471904649	0.0109646555964451	0.00326182105923792	-0.00154590210552504
0.00991480053585531	-0.0122115709564819	-0.00981351646428923	0.000174446646794805	0.0130913521653094	0.0034396042688766
0.0125782862562453	0.00424089974734711	-0.012793136764673	-0.0011352939095974	0.00115248918396639	0.00367466383322049
0.0125782862562453	0.00424089974734711	-0.012793136764673	-0.0011352939095974	0.00115248918396639	0.00367466383322049
0.013234858777919	-0.00472820819996101	-0.00661016919883509	-0.0186145523201346	-0.00933039275238655	-0.00522076459718571
0.0132028738290669	0.00107908111031545	-0.0114243487269942	-0.00493573165063393	-0.00526942680176436	0.00317264264407262
0.0121144384681417	-0.0152219832752863	0.000677810171908695	0.00250315145276583	-0.00159367100788312	0.0022445378143807
0.0124208269578529	0.00422003014294385	-0.000214945616271168	-0.00524380427993027	0.0100588001973884	0.00244885621378134
0.010714371008709	-0.0104486384562379	0.00419852163710074	0.020883652095265	0.0187932986033292	0.0106089498742836
0.0112905078030719	-0.0079982472818472	0.0102185146167092	0.00183044408737773	0.00667624222312515	0.0249516664249502
0.0109951782187096	-0.0186699176572148	0.00355019029789023	0.00809221979279358	0.0158815435699119	-0.0139518783153223
0.0115692430257772	0.010806821359758	0.0219791468047102	-0.00198870129812604	0.0158261457098071	0.00246255973170338
0.0124171180854393	0.0187544724295461	0.0165426201326567	0.000783900438059948	0.00282032857656424	0.0174925739364283
0.0135187211529079	0.00485814038361105	-0.00633283514331989	-0.00587653136994176	-0.00389546667814129	-0.00635098043810124
0.0139520302904497	-0.000928917319717256	-0.0124209387684547	-0.000580086647419517	0.00478585081214813	-0.0057912762791481
0.0133451267178124	-0.00888067734654768	-0.0110055652515863	-0.000889997303617198	-0.0171483964660224	0.0155903711074302
0.0128464481646138	0.0142235116825725	-0.00541671112272921	0.00510265012115404	0.00100408131280981	0.000446773423385674
0.0125563484473562	0.00976985265319414	0.0059351036615311	-0.00828817153755575	-0.00600269168703441	0.00884126005302432
0.0106792158077431	0.0168486611424049	0.0149979773922224	0.00578144581040897	0.00516488060028927	0.0148817916768653
0.0140041579337195	0.00724741587854437	-0.0101159129145459	-0.00254279386033502	-0.00327488160938277	0.0104765517863182
0.01386765279617	0.00293108368739505	-0.0107885949570706	0.0014106039881758	-0.00528114229253257	0.00851810600154225
0.0114631467860661	0.00262197867512971	0.00324584064190702	0.00139682506608783	-0.0213045460682806	-0.0131312037252621
0.0123903994428971	-0.00373185092662073	-0.0196142624115899	0.0102281378749357	-0.000593389153612009	-0.00630085135521536
0.0126983761755202	0.000418515488069183	-0.00452785294449114	-0.00797549089076834	-0.00551893444274835	0.0115223225958397
0.0133095720753681	0.00218610117507762	-0.0034098049073826	-0.0138301475414412	-0.00332604330510554	0.00498058612046918
0.0115140219075546	-0.0235415399119846	-0.0116395535341489	0.0151008298989425	-0.0144516947661344	0.0217306405260954
0.0119034178435937	0.00383638900998324	0.00353976651397336	-0.0087103549979949	0.0251603266761812	0.0174252543843239
0.0121231687044019	0.00516763824012489	0.000797043702471058	0.00255309129602001	-0.024267460883078	-0.0136559834943678
0.0115509272618002	-0.00699500022248839	-0.00878479530789646	0.01018208500058	-0.0179327461860742	0.00409054731575764
0.012473262462811	0.00367727024445919	-0.00482512244246603	0.00294954156047263	-0.0174334586927692	-0.00626026430248748
0.012187357919546	-0.00889126794388912	0.00100024881050656	-0.00640508270905168	0.00546070902761535	0.00416652671139088
0.0128505368997443	0.00527307366877074	0.000601924303453129	-0.006883344987325	-0.00223562115086709	0.00444334343229886
0.0123923382879628	0.0010532096209206	0.00506589565676764	-0.00722568491347014	-0.00159033521839408	-0.00884164240657488
0.0124409499429437	0.000214432581128584	-0.000870145531523468	0.00195769866788392	0.00126144203436104	0.00206642338915515
0.0131697160099422	-0.00602556206719543	-0.00646328777412264	-0.00223676816110258	-0.000352436479145257	-0.000775176995414256
0.0105164602137707	-0.0059931133137029	0.0128966814641865	0.0184058255912774	-0.0182276636488769	0.00613159149187902
0.0121856629816744	-4.0909104496353e-05	0.00469874591319522	0.00333935752101398	-0.0178172984687887	0.00296004943404564
0.012929356306173	0.000394396794108262	-0.00740538012193717	-0.0104172475080559	-0.00460124887717279	-0.00294220955733874
0.010268783512889	-0.0113530915470481	0.0247624402158416	-0.0267349899409123	-0.0134160002736766	0.0121945014232352
0.0128497639527168	-0.0220597419466535	-0.0208575086729505	-0.00414167442846152	-0.0186660900081469	0.00162165256796181
0.0132691624983331	0.00410621320904317	-0.000631452870703585	0.000409682871857468	0.00776390208300268	-0.00406433610290589
0.0113925903493768	-0.00379648658356362	0.0208816694900622	-0.0311338606470161	-0.00727913025452983	0.00904648125548552
0.0118511406801244	0.00499048037909332	0.0147129833448852	-0.0340021780250384	0.0164498720339656	-0.00491951787797012
0.0129736005671014	-0.00274044809443688	-0.00330313412721535	-0.00583472779770149	0.0023892712965998	0.00326771311645052
0.0119990318758385	-0.000571866762020809	0.00387210017415034	-0.00743578293086769	0.0131583127950782	-0.0178981379844892
0.0116021594985343	-0.00864340428980818	0.0171017763111606	-0.0288786532859785	0.0168819732464637	0.019202857659384
0.0129580054249166	0.00662762611930896	-0.00327631635585888	-0.0019309096220094	0.00313465949764825	-0.00632316767775576
0.0135199609171351	0.000514351925533224	-0.0109370564226411	-0.00217787369706678	0.0139187165453186	-0.0116529027922172
0.0135717374862088	0.00106038285731085	-0.00712762031798707	0.00187236771908132	0.0152467861031741	0.00069291871074234
0.0129419479488871	-0.00210844183937115	-0.00452154503595417	0.00426480225042657	0.00804144110036926	0.00331945912843933
0.0129896962284951	-0.00259967105478852	-0.00379502912017292	0.00298621268336044	0.00958308279956497	0.0071604784833132
0.0103305367371416	0.00342723874137049	0.0300129560849252	-0.00321424391152074	-0.00489371332819069	-0.00521866436010799
0.0128892151930755	-0.00521080982000743	-0.000479779468927512	0.00225465374463397	0.000612625865416749	0.00417543754183457
0.0109420469325818	0.0109984782480769	0.00339898147021442	0.0147330828361788	0.0201940628546542	0.0108238624167969
0.0129771672679748	0.0123217742136025	-6.01209091263917e-05	-0.00719825227084944	-0.00653353318827378	0.0108609541436656
0.0116291825737063	-0.00937360252905473	-0.000494183356185317	-0.0102927559371199	-0.0260798870574587	0.00226893295599831
0.0119292605412052	-0.00263598204194926	0.00570783620285101	-0.00613473400945848	-0.0116324833978722	0.00165071507631105
0.0112005509244754	-0.00312512432830436	0.00449905388533408	0.00167152403392866	0.014905199384896	-0.00969797057639103
0.0121000236338001	-0.00375288711117854	0.00239449174491717	-0.0072013974829806	-0.0120884648105525	0.000559669185893585
0.0110612384125429	0.0122694047874143	0.0294689232385349	-0.0280667651493309	0.00235914391807741	0.026872428052905
0.0122816044976152	0.0139510318918968	0.0214109830162027	-0.0124350076785726	-0.019791101649624	-0.0217987777245258
0.0122580739501894	0.0141230340256502	0.00229232104626763	0.0136776122802905	-0.00492544927197097	-0.00893578435308862
0.0130204405620393	0.0143781270889118	-0.00533711473990625	-0.00942554202703247	0.0114092789673503	0.00905231652667143
0.0128442996464903	0.00937715517553076	-0.00431450035960006	0.00346455567643799	-0.0129467624165579	0.0131007644221228
0.0117084989325983	0.00710211084184125	0.00394342120281564	0.0117774901485794	0.00676176058201912	-0.00925385559490854
0.0122133856554149	-0.00504108482298198	-0.0108470771192304	-0.00550704984175955	-0.00567456376049145	-0.010178049096589
0.0101424168775517	-0.00229019409705983	0.0184022672850501	-0.0067870443085706	0.0212614320529564	0.0577224430586321
0.0118444795978978	0.0249070876229527	0.0242388528232716	-0.00434472962718249	0.0139064991508706	0.00884503902818383
0.0120251704325433	0.0326406428769017	0.0239139784570494	0.0032943635202506	-0.00450094648274689	0.015858513637028
0.0100970019105003	-0.015386231337731	0.0186303122139593	0.00750817794639057	0.011405184483794	0.0175027452732111
0.0117396525753759	0.0233083262016646	0.0247228562642588	-0.0146982754951816	-0.0152586947448214	-0.00594705342920841
0.00840227060367472	-0.0309755046693419	0.0379335270554149	0.0410011967790103	-0.00246299670939104	-0.07426970755836
0.00951654862506656	-0.0303438395947859	0.0216403191770598	0.0235414474551971	0.019175494247189	-0.00646870547918096
0.0110250187926887	0.0134084320464172	0.0187462175995021	0.0221600412908419	-0.023995897877139	0.00923188489766035
0.0133249897497588	-0.015784748829849	-0.0166721324430608	-0.00599215735091749	-0.0036274426485969	0.00606293295179388
0.0123642455526458	-0.0132435902965322	-0.00185162968305119	0.0198244616448149	-0.0141809066376066	0.0246840222629118
0.013055666367883	0.00660997191881814	-0.0124173201858633	0.00872514450472816	-0.00828454382357249	0.00570295415614177
0.0111299460627287	-0.00912234275283951	-0.00350977324892271	0.0147993763431685	-0.0195894596785183	-0.0143211683931097
0.0139302502268616	-0.00135816289208904	-0.0120055432125676	-0.0107569549796759	-0.00118140883250131	0.00804274481675335
0.0140120584657192	-0.00178022743102124	-0.0113604643748436	-0.0124602771547275	-0.00338582307242233	0.0143148285052446
0.0136583475377302	0.00142636659411258	-0.0105203602383323	-0.00179155933647803	0.00223461452462866	-0.0043108111649846
0.013212594769609	0.00290934944073218	-0.0121775938663264	0.0014790899993727	0.00980388977798104	-0.0087081711743454
0.0133812282120984	-0.00417023149946197	-0.0110541554564443	0.00955756250592424	-0.0151880507952113	0.00769749377261835
0.0118223389497975	0.00083147323561849	0.00345177342469677	0.0136406454932083	-0.00105083996687714	-0.0015261376343284
0.0130305553503657	0.00987958425571664	0.000332405748672757	-0.0141141236190048	0.0105197076062713	-0.0067880284027515
0.0115515056587445	0.0222062296586603	0.0208797714655967	-0.00414403357043521	-0.00246785013573489	0.000594064053294203
0.012601648501023	-0.0182093188633479	-0.0208784102525276	-0.00959256350708941	-0.0142474753365295	0.0186239784642045
0.0125160283273944	0.00390093262824792	-0.00301005241589528	0.00643037807101508	0.00448973550680037	0.00150374482025614
0.00996303482510024	-0.00255337359052276	0.0133538620590658	-0.0219451795069002	-0.0100951912335391	0.00526235040221386
0.0127894649553591	0.000655452954595492	0.000948947151172609	-0.00504592713253213	0.00920475005473796	0.0124518878948421
0.0130714619235748	-0.00259960500810849	-0.00652942197358047	0.0034151605863279	0.0094616975232284	-0.0107233526459475
0.0135918325430208	-0.001997173920799	-0.0138014803103866	0.00876938859027596	0.0145138452802622	-0.0096272945718103
0.0145005563906071	-0.000988312141049722	-0.0159634337099135	0.00320280571250332	0.00684541933358603	-0.00664617051394444
0.0134699197026436	6.49875238265081e-05	-0.00854972117861127	-0.00384916663670834	-0.00329297123091553	-0.0136777517330175
0.0124019595272546	-0.000667522402162739	-0.00169816616328104	0.00336463293451685	-0.012420447514225	-0.00132111767878982
0.0123652539181385	0.0220597677333368	0.0148701178653709	0.0178491889546236	-0.00566817508739611	-0.00411814566055848
0.01299743725101	0.00696394167178236	-0.00424742790261549	0.00824442030530559	0.00316750490175842	0.00869183780991801
0.0134995111584634	0.00849213718981086	0.00517295214368036	0.00765677923167181	0.00544182185495261	-0.0032294337019399
0.0132243079845372	0.0104519426238178	0.000949103816614802	0.00374154863429631	0.0111013880509608	-0.00714441061510394
0.0128937056902268	0.00878264549005591	0.00350348203463877	0.00767897094263863	0.0165762168466069	-0.00973586619197186
0.0125664102939204	0.0172895109628836	0.0113591386672252	0.00696601164281763	0.00949235841334924	-0.0117979901886725
0.0131752653229735	0.000650812081957449	-0.0173412826805612	0.00869406512294553	0.0130919636705161	-3.89515525323937e-05
0.0132547750513658	-0.000899583349318489	-0.0129578507659939	0.0140134150432495	0.00384623350981329	0.00242406733093754
0.0136880982154793	-0.00446048282891784	-0.0132892297030341	0.00363369698300638	0.00487635799147887	-0.00515130780225612
0.0123786142972909	0.00582285255815771	-0.00786675273243644	0.00413298419407734	-0.00727934737060555	0.00235591118312245
0.0119021969857381	0.0227608100213837	0.0204478624420755	-0.00765551232936791	-0.0010057528495236	-0.00493718809473892
0.0115705349686623	-0.00226225596513102	0.00932633740732292	0.0123496854256177	-0.00129932598667187	0.00588237280880813
0.011528384976275	0.00263097351435316	0.00156591875290714	-0.00578453861994941	0.00723400672770449	0.00680046396056264
0.0115894531648637	0.00596976313093798	0.00157281380930326	-0.00592204432285844	0.00937617437141972	0.0121354539816332
0.0127805044474104	0.00152409668307775	-0.0123831514808901	-0.0152800166516109	-0.0173438687797141	0.00252495479700347
0.0136187410822849	-0.00801283703004684	-0.0154244576335386	0.00230829732746017	0.00191378876014415	0.00098978096535483
0.0128353559030289	-0.000607973475578473	-0.00473253750376797	-0.000958926771571025	-0.00177418389020652	-0.000261292080444252
0.0128229970314378	0.00133573634131111	-0.000140241483788157	-0.0038758969048434	-0.0107738299352605	0.0087568559152849
0.0124079408892979	-0.00338777477263829	-0.00526338493174864	0.00338726872067995	0.00460822131447329	-0.00015700447023379
0.0125773032981758	-0.00163082665192781	-0.00529562259838602	0.00354219425987629	0.000577385201610563	-0.00309817491141783
0.0129476805333492	0.00143026088803696	-0.00669931319844247	-0.00419510841251796	-0.00475507601879981	-0.00330346141527213
0.0131780880113361	-0.000205603885359412	-0.00514091535266295	-0.00843746760082583	0.000141144210407273	0.000369429094892585
0.0125129348465333	-0.00419341199902941	-0.00198242538749954	-0.0134347612263955	-0.00149066855451831	-0.0139774860420896
0.0117494045969655	0.00719207442249908	0.00547937845217889	0.0116120862808175	0.0012861089062224	-0.00122842751952284
0.0124868557264668	0.00622628215406646	0.00551569880134053	-0.0109863471140952	0.00375037544181641	-0.0116921482861178
0.0130530009837981	-0.000456268925840722	-0.00279378717108825	-0.00877432765413957	0.00519274516230113	-0.00278388568998438
0.0120984776552289	0.00732840308205625	0.00606745291938951	0.00441762387580506	0.00159979970217949	0.00200144571010979
0.0119659917916052	0.0340602030114506	0.0242381993977343	-0.000681026497757089	-0.0383832089130032	-0.00899329628854968
0.0137460271858587	0.0074147424897271	-0.00987792993002188	-0.00533062374010191	0.00149937323401421	-0.000348896074376819
0.0120259592810933	0.00741890630854486	0.0145510499760183	0.000809596786611084	-0.00880406479901991	-0.00893385914871669
0.0119041956679591	0.0215882626048218	0.0132248913451998	-0.0179613823873349	0.0274346825756149	0.0243310483576318
0.0135301114747366	0.00143366426565887	-0.00658182404571278	-0.0084008532547357	-0.000895367983377312	0.000380236050874885
0.0134351075132838	-0.00134721879801143	0.00065437026874598	-0.0173415020387775	0.0046473604312605	-0.0266153900996223
0.0124516377731275	-0.00184798019268974	0.00133689203593809	-0.0183736937503943	-0.00397824769512506	-0.0125241111502125
0.0130999458035074	0.000390786867807083	0.00938591773609445	-0.0261128367363264	0.00857243215028371	0.0045929625534389
0.0121533659248564	0.00273316548039125	0.00160992187862043	-0.00933696733605976	-0.0143130527314163	0.0025790312438816
0.0125047068129116	0.00897096850491862	-0.0038645489958716	0.00955129782082201	-0.0112279437453237	0.000433928267945431
0.0129023138692064	-0.000559603088990578	-0.00731287509879638	0.00233634809906304	-0.00794001104949013	-0.00878630446428239
0.0106830962425891	0.0100108813508648	0.026582682605153	0.00600165559943399	0.0100503006040603	0.018871067758476
0.0109569239687138	0.0103613029135963	0.0101838894225392	-0.0038421023006266	0.00390528205376503	-0.00549283665323999
0.0122791097525969	0.0134003285196144	0.000770566564206077	0.0122024800218668	-0.00662479438054542	-0.00531719420749139
0.0114666570048116	0.033851061837004	0.0250841661247671	0.0027746937657075	0.00898811301055487	-0.0131978415247811
0.0124655694265588	0.0163847204633213	0.0124039072379411	-0.00263757435529944	0.00274670128100481	0.0091606669384811
0.0104555839809442	-0.00892776384676193	0.0281455523435565	-0.0142353264104202	-0.00193214433612502	-0.0214265076125123
0.0132962086199728	7.85455260995764e-06	-0.00631174793501172	-0.000818288987896143	0.0105081423504378	-0.00389463761828552
0.0127456199945343	0.00503812342545113	0.00982500893566378	0.0113278671006738	0.00533214168915053	0.003627356776098
0.0120355540900355	0.0182387253595206	0.0080140198781289	-0.00674772404343746	-0.00132643298662503	-0.004863512984674
0.0113573404823197	-0.00956553113929707	-0.0136972071776743	0.0258472352216595	0.0189154854885242	0.00488808760389236
0.0119328654479418	0.0116147832040491	0.0101104852856757	0.0126956504895615	0.00687749188666995	-0.0039481836301873
0.012084127953098	-0.00030596670256725	0.00138167464370617	0.00619555761079052	-0.0298849641159312	0.019815410563724
0.011727168637132	0.00995186051469122	0.00883254568462771	0.0272223288998102	0.000616619025500379	-0.00796465515958892
0.012467846658961	0.00495633678910453	-0.00364131372868234	-0.00458915808638117	0.00946703015975539	-0.00539162423082572
0.0121669164468958	-0.00548193479990476	-0.00112012110761712	-0.00192517011827922	-0.00916542510438767	0.0133096391789669
0.0123283403165435	0.00419892634497711	0.00813013133041758	0.00101281205749889	0.00870783308848742	0.0026499060944555
0.00946980149994459	0.00911871451495161	0.0381899915882423	-0.00129447720077185	-0.00133118022268046	0.0313099340654938
0.0102274974917535	0.00260610078005472	0.0250150006234031	-0.00642090923422904	0.0261370965277843	-0.0452725330080726
0.0113966858130763	0.0105009064793626	0.0117955047073019	0.00729955837592414	0.000995699718310979	-0.0173066804621001
0.0104922364603326	-0.00799542385085131	-0.0018400555863958	0.017621128113864	-0.004575943382539	0.00616496922838604
0.0112548397808693	-0.0121359524968409	-0.00993805263899394	0.0057116270569214	-0.00109180803480192	0.00692498691951535
0.0119114094157374	-0.00995789516592638	0.000616205588230766	-0.00766283867382826	0.000565494260264735	-0.00846870521854176
0.0121923806701971	0.00342334932166221	0.00844093606910425	-0.0110926088167971	0.00431879895573371	-0.0169017926700426
0.0123709074568601	0.00342919783363853	-0.0010475766266727	0.00806428655242604	-0.000790695225999453	-0.00424441009659926
0.0121428291295886	0.00747909428030131	-0.00427815578720302	0.0134350362265671	0.00825978157848866	-0.00369544022769157
0.0131272645576941	0.000256008850992414	-0.0092837784865623	0.0055330449659128	-0.0160964075586308	-0.00466656118578253
0.0130216348144654	0.00575051963862156	-0.00395027766871634	-0.00869371565927321	-0.000123728763340195	-6.49450948255779e-05
0.0127984375426537	-0.00580282702963334	-0.0064648372255507	0.00100422639360128	0.00811956115799846	0.00167092913642957
0.0132037634796697	0.000330661649863292	-0.0031861674254532	-0.000832646992558092	-0.00303408772382075	-0.0082400545777118
0.0134570728993823	-0.00405536157708295	-0.00576336132927019	0.0061973679531326	0.00111869726818928	-0.00521838980929098
0.0137208252319391	-0.00218473319537408	-0.0136519888387971	0.00607786378086092	0.00479726532528946	0.000292003614235658
0.013357126903295	0.000174606608961097	-0.00722652727821686	0.00720892162722507	0.00833734140354472	-0.00513775888064569
0.0125010644635732	0.0032136981922952	0.00758008692160215	-0.0111538658822321	-2.31532209904652e-05	-0.00717202497097943
0.0124959898347437	0.00299122901593653	0.00804628923747009	-0.0115149962161325	0.000399739208857757	-0.00808544491469404
0.0128130827529262	-0.00223769765220309	-0.0108103280543367	0.00468178734158632	0.00190653839452829	-0.00486005721826291
0.0136053898257787	0.0063760908495127	-0.00808539341156073	0.010724879854341	0.00760600098044236	-0.01880132414206
0.0133309650378803	6.19007260049586e-05	-0.0124610044675386	0.0146475068875388	0.00342434586766312	-0.00703738795184507
0.0130169744172954	0.0113587254858944	0.00682431482581147	-0.00734826050822433	0.00681409951168051	-0.00481129927915532
0.0119447060216869	0.0163482469174469	0.00668087449024174	0.0118430261333635	-0.0216215639973638	-0.004214972273189
0.0119510538193733	0.0131180433410514	0.00792437863900987	0.00938047178454065	0.00289152102709768	-0.00377554213849185
0.0130838873409508	-0.00408600478206256	-0.0172848534126968	0.00186059238486439	-0.00184962575648696	-0.00128808380819472
0.0124949318331753	-0.00282946545515089	-0.00793168070373917	-0.0134120963616858	0.00977452080298313	0.011406940515308
0.0102764657425352	-0.0334423308854005	-0.021045770796188	0.00223065521037343	-0.00582148186863798	0.0171441721709202
0.0106259116190161	-0.0285785773023454	-0.0202249713500661	0.00764176837173523	-0.00361390447656468	0.0133657599475398
0.00940345366220837	-0.0453718008588278	0.0397297800514822	-0.0134732441484359	0.0199070309827074	-0.048263715338406
0.0125172221829909	0.0101621195246192	0.0085034721026461	0.00849971202042478	-6.64356617003912e-05	0.00281961541684531
0.0124868348006035	-0.00522434684438189	-0.00163099390626722	0.00109055004419519	0.0097674573306547	-0.00949603321803503
0.0120201542356007	0.0410838552683642	0.0112386519113028	0.0068441703084197	-0.0189758737811535	0.0276009156935458
0.0123737748810407	-0.0116293613738654	-0.00311030950321668	-0.00341952459803335	0.00233415141295905	0.00234078990139401
0.012665031152306	0.00331174508826898	-0.00590153888090608	0.00450363182499628	0.0102542048024479	-0.00296705342250192
0.00902524827568754	-0.0295245970832657	0.018781377151716	0.00926814267411412	0.00261659167620949	0.0350302590363615
0.0105038824763039	0.00114436134044359	0.0179243721390869	0.00130104317469915	0.0103691504749901	-0.00489515369762182
0.0118928147137705	-0.00769454708239531	0.000469711038497565	0.012037697802229	0.0020699539445619	0.00785516246521662
0.0127205859530033	0.00289629280149456	0.00239659690518057	0.000724636127010756	0.00913189877411088	0.00284631867836439
0.0123389707921792	0.0199159529262926	0.0175710599482796	0.00951798060771996	-0.00967192006447183	0.0151068071969997
0.0117638045845238	0.0169496451025785	0.0109787358079514	0.0187099233142011	0.0224060605614471	-0.00426344342595733
0.0121141468444225	-0.00668185698353921	-0.000525090871130875	0.0106327574659578	-0.00731165905920237	-0.00124252902415222
0.012853521816386	0.0053683111033467	-0.00427015067047569	0.00621058438043812	0.00947753854975765	-0.00866115460639984
0.0107310646711718	-0.00763016085665171	0.0220582692973917	-0.0313891084473856	0.00317996065949237	0.0121325183757632
0.013331287487111	-0.00659374829129683	0.00170770382541302	0.00975524670072531	0.00401892719294449	-0.0174581572782324
0.011929971162844	-0.0145766857445103	-0.00261158773133626	-0.00216625862284269	-0.0086529276615683	0.00852871285371396
0.0116047264930242	0.00294685413636963	-0.00267263603490546	-0.00635822638220049	-0.00156748017761243	-0.00557039359609967
0.0122589902266472	0.000421961976997546	-0.00529506560859337	-0.00812246237720592	-0.0044827577531191	-0.0103286021169772
0.0127956832269967	0.00396914777456897	-0.00161515206234975	-0.00825408939070947	-0.00655085490877549	0.00630436035758017
0.0127270401524553	0.00209288004726279	0.00348171682208616	-0.0111992408495378	-0.00908240990678895	-0.0152432299869732
0.0129693971583979	-0.00275416119812776	-0.0106583026104252	-0.00920353520939724	0.00724348079551881	-0.00666218020037953
0.0107932583000483	-0.00405841512325439	-0.00421105236108685	0.0144778624313908	-0.000430892650791331	0.0118904501747452
0.00900020065528677	-0.0345118681962375	0.00793295929977805	0.0316879203548479	0.000809762421447572	0.00262364494104667
0.0114780823260435	1.06516185783456e-05	0.0260074189292082	0.000783505377919425	0.00581836049816573	0.00978336670745397
0.0113727355716822	-0.00374970597682127	0.0123312181878841	0.0118605232088849	-0.0151576099495736	-0.00661281085188718
0.011489578467687	-0.00738400639028716	0.0134345668585925	0.0100953420785443	-0.00536717530487244	-0.00927499432948476
0.011359789538952	-0.0103172915189194	0.0192453514929382	0.00978702409641029	0.00583060939510752	0.00478842136116468
0.0114041592538131	-0.00850692326724713	0.0199755364977452	0.00753360438483302	0.00305134284371033	0.0102011616954478
0.00914788395030276	-0.0270216589196319	0.0221984502331085	0.00457950964342672	-0.00860657051327079	-0.0138829530781154
0.00833694169176718	-0.045386357558858	0.0505809779849077	0.0414358113046958	0.0238292412815525	-0.00586133492235222
0.0119319790822561	-0.0047398646453845	0.0197077668410277	-0.00695906234388158	-0.00167916085404748	-0.00586800239951281
0.00912263692042099	-0.0263718022866157	0.029416159301039	0.0094454231672521	-0.00153845413071454	-0.0149873377786376
0.0114950432932021	0.00599623656268776	0.01619580602583	-0.0121273692534819	-0.00512777986846712	0.00164755464383153
0.00935458985812773	-0.0276743366399119	0.0252367650805125	0.00253550621990891	-0.000473525017486453	-0.00818547031952824
0.00923450739696204	-0.0213951823893173	0.0275592956428666	0.0137158485711028	-0.00066994136959573	0.0043620456659549
0.0104386320899664	-0.00662256979672298	0.0145697130503592	-0.0034815195847465	-0.00720727030950347	-0.0112813609723063
0.0113485880065597	-0.0131593359864634	0.000919567611954089	0.00577912348549286	-0.00115375110383062	0.0132450769729702
0.0127418372445642	0.00566444719588937	-0.0041893913448137	0.0180590091802303	0.00528992228286734	0.00645350127835078
0.0129904036073793	0.00480504823550253	-0.00454287381094811	0.00613677518161483	0.00977388124132367	-0.00651525613204057
0.0126246128430726	-0.0202506230888914	-0.019353497348715	0.00461249944114776	-0.0112671984139231	0.00960378168831492
0.0131680210908141	0.00167507865672919	-0.00126932677403496	-0.0108914988951165	-0.00151232833930638	-0.013622446724372
0.0114534457020069	-0.00520398920302676	-0.00160465314395842	0.00169765066335445	-0.00553545223111343	-0.0152176418970217
0.0118407982183419	0.0142499808572801	0.00758272334269727	0.0202361197747773	-0.00561382292306084	-0.00360112705065185
0.0120842684391058	0.00339589059990019	0.00597792820991264	-0.01019655495318	-0.00696120129539203	0.0124592848627707
0.0113338129870642	0.00272888333558702	0.0264302846736472	-0.0100850182174279	0.000670945679205544	-0.00162550280882558
0.0110329979928208	0.0118785541028592	0.00599772841124362	0.00784787598906772	-0.00806120740984513	-0.010126569899053
0.0116700430617617	0.00660497921314215	0.0109261953198243	0.00773641735714539	0.00217529953895447	0.0144861688588028
0.0131607893185721	0.00456001442687583	-0.00272474296626265	-0.0170389237204581	-0.0157201626205863	0.000976266860385637
0.0129338259621365	0.000423063134881595	-0.0087541090564942	0.0222684726137044	-0.00652565331110254	-0.00145989199642697
0.0138655081837852	0.00340831997645539	-0.0118546154110121	-0.00454750420352285	0.000139489608771295	-0.00519795001421155
0.0115104891335124	0.00151924800648015	0.00904795109552465	-0.0116260174049178	-0.00411789344575257	-0.00140249831789913
0.00865498404601752	-0.0360852629882159	0.0340275705702181	0.000371184760469927	-0.0155205976146565	-0.0109678033409139
0.0124575394860045	0.00582070951514405	0.00360940339379967	0.00386316744411847	0.00610882492256204	0.0025886085605529
0.0129708174075203	0.00783051205455455	-0.00187289987547565	-0.00176655654690779	0.00244760658568762	-0.00638573057171295
0.0132982508004399	0.00412862552833545	-0.00924723637093192	0.0111492596976482	-0.00484444281296832	-0.00858758410636747
0.0122699789543611	0.0130547230739115	-0.00173218595769407	0.00274405297072174	-0.00873722229127687	-0.00593029659755648
0.0131013009780304	-0.000147976578263575	-0.0116888118391509	-0.00471756206061075	0.00696174233496972	-0.0033726702558283
0.013027169751278	-0.000392532261388783	0.00122739875628553	-0.00616290138660739	0.00478807317237145	-0.00107678601991773
0.0122062199196353	-0.0132277085800387	-0.00651045781663306	-0.020884624474802	-0.00825890839842741	0.00660126216675921
0.0114014872826296	-0.00893349887296614	0.00345612367830496	-0.0240025591108712	-0.00981480048717187	-0.00220323776212781
0.0114042460221543	0.00735765076095167	0.0117409287451109	0.0125957674837694	0.016565648275804	0.00748034869332753
0.0122960994344168	0.00261620044211281	0.00616192301469322	-0.00352948247455379	-0.00389127842557317	-0.0123001450157222
0.0108529633003701	-0.00667842109214981	0.010002736034325	-0.00832259471764289	-0.0188683089114222	-0.0167206681491851
0.0127720785089968	0.00176730593705449	-0.00230541930288694	0.00466176591586847	0.00397608791298401	-0.00428315427781227
0.0127285442776094	0.00592669192655224	0.00268710202040645	0.00375824487212302	-0.0260734139852493	0.0074349982610335
0.0128134997976406	0.00548249060612503	0.00140021222449513	-0.00957527955124086	-0.00765133775714915	0.00196719258026831
0.0119368731607477	0.00893831437969827	-0.00142170120798055	-0.00791239038689796	-0.0165174256301767	-0.0234498113877853
0.00909446012849622	0.00243842946727002	0.0452573100296186	-0.0119187875609677	-0.00182779337800861	-0.00604051635139888
0.0101849573215669	-0.0157500665727921	0.00664483955239397	-0.0118540816437762	0.0072528637531438	-0.00574279730990416
0.0100943734973471	-0.0171859307716155	0.0280187750413107	-0.0106349446738728	0.00832872620568769	-0.00834134619057767
0.0101570177951082	-0.0287486004489322	-0.00515791800101265	-0.0143979071312975	-0.0196801765403095	-0.00723282565086523
0.00972780484265999	-0.0275716618138792	0.0171804083997643	0.0363763393293373	0.0317342318631275	0.0101449559572558
0.0125113375300742	0.00879219462614715	-0.000827250884408267	-0.00363678628124234	-0.00764312859030833	-0.00181317830822836
0.0135193163987437	0.00884791474258935	-0.0075402657702132	0.00752908289538185	0.00274020215871845	-0.00970446853364744
0.0124482653348402	0.00608614597755493	0.00155819876807241	-0.0035946702455065	-0.00478096933902133	-0.0117310569337735
0.0124482307438945	0.00659015643181096	-0.00287996470423463	-0.00266720649548303	-0.00944926845015566	-0.00573297880699208
0.013576234339252	-0.00358266776864098	-0.00836443931698853	0.0058754122998857	0.00448126286182342	-0.0014562449865368
0.0131487771070858	0.00919696828922393	-0.000448249486282656	0.00590424048130737	-0.00344934956665309	-0.000328854845104685
0.0133088202294982	-0.00898083057044574	-0.00558538967372812	0.00134097362786563	0.0010678381814963	0.0018268526662147
0.0118255095363328	0.0206476219494402	0.0112288977039895	0.0228335668146154	-0.00869264455866003	-0.0121214997165111
0.0132356106641011	-0.00123193370059864	-0.00272904685054127	0.00274961180510889	-0.0101681503295287	-0.00419909149198045
0.0114501083688345	0.00557415562105765	0.0277589518837939	-0.0186396464390684	-0.0202969445191172	-0.00314054214566126
0.0111576159098756	0.000736546412698311	0.00935141125443054	-0.0149338743640561	-0.039575886219923	-0.0130710564927554
0.0113989966162889	-0.0162199597188915	-0.00497815013584253	-0.034564078090561	-0.0126194102968511	0.00323241765199283
0.0132945968343129	0.00556240261638072	-0.0122548705720065	-0.00376143883727597	-0.00864193048293512	-0.00639127561034408
0.0127891985440754	0.00857129827129373	0.00255055532017463	-0.00272596917104576	-0.0221058590110832	-0.00871582013372094
0.0125818124062515	0.00757811453154619	-0.00175782640003983	0.00384831176956941	0.0030960679990378	0.00312712717858402
0.0109006188191588	-0.0154854120577675	0.0095107228243645	-0.0061249629483751	-0.00960683247397908	-0.00637011134524427
0.0118188229889978	-0.0141180859964557	0.00248861543746928	0.00159556800293814	-0.0113575929329576	0.0147101085513762
0.0112043156824185	-0.0177483032009637	0.0113844724845044	-0.00930078798071604	-0.0115803903969337	0.0062312270802976
0.0120361847158442	0.0184375641413396	0.00280576507134642	0.0109805747797809	0.00762417209562111	-0.00605480282664319
0.0131790917478202	-0.00965634691213732	-0.00408744706573132	-0.00873066255727705	-0.00100194691341469	-0.00690821913034657
0.0129226670894852	0.0052077985780768	-0.00114219612590286	-0.0020873614196366	0.00378061013731056	0.00740331793408276
0.0130091930866708	0.00660353709702672	-0.00990924036260477	0.00971441473916407	0.014450204926748	-0.0186271043062097
0.0141322338624423	-0.00785792818030852	-0.0192793400641261	-0.00170648121861406	0.00488611235223737	0.0030913221127892
0.0132183463981748	0.00264378371636938	-0.00484791099887786	-0.00673168396176593	0.000988880131957006	-0.00196390236875406
0.0140398099497493	-0.00245819676361943	-0.00945020082437357	0.0120818702741397	-0.00144014063979278	-0.00162441685265526
0.0132746155397222	0.00364164672887929	-0.0113995724581995	0.00367562004328082	0.00638514985124319	-0.00469952575447739
0.0122077630030533	-0.00144701969185698	0.00784065688147069	-0.0154329946089205	0.00482609484892804	0.0145246505725424
0.0128266171607595	0.00501804343439979	-0.000684547753625642	-0.00378158474207671	-0.000361728810338495	0.00741783757706545
0.0126689471343288	0.0307955732400435	0.0191639590989711	-0.00165797619141612	-0.00962570782542005	-0.00440205275966558
0.0129516575591941	-0.00658564055609963	-0.00753358595356175	-0.000798193500427459	0.000408925171321292	0.0151066838647342
0.013000831587359	-0.00127524270632039	-0.0110063535540193	0.000894840992820995	0.00741915870469327	-0.00180907227912376
0.0129251331685237	-0.00258367496253052	-0.00654286323344869	-0.00799418814187261	0.00360146592508672	-0.00599068745871114
0.0121524632865015	-0.000165794450444123	0.0056107476944295	-0.0141045430929464	-0.0140547899799903	-0.00275521379262806
0.0129165881802353	0.00289507985239006	-0.00085558531002198	-0.00734647613039039	-0.0068270441955213	0.00334626269615025
0.0127518071828411	0.00112162302144653	0.00052115595812629	0.00421431290192126	0.00285227211096242	0.00999385209972886
0.0117927562797552	-0.000903866247535121	-0.00101774203606791	0.00308586342729688	0.0217991280005569	0.00299433801145928
0.0127966844440904	0.000986518756054551	-0.00725356755298892	-0.000420226747029462	0.00901504151838481	0.00339779524558341
0.0123083119894005	0.00187530245524114	-0.00141897006928379	-0.00536984111273167	0.00206175918160282	0.00674663407404952
0.0118775890510425	0.0243847736104405	0.00939251944862507	0.00504445370748338	-0.0106046983284196	-0.00641087123809761
0.0133234390952543	-0.00111605365847576	-0.00162771232761775	0.00155129549167085	-0.00697056159923359	-0.00297342000536435
0.0132065639142716	-0.00371584846311263	-0.00372526953170285	-0.00994871664117646	-0.00240527338113596	0.00733341366673045
0.012917952314904	0.00595514694033825	0.000631707152953732	-0.00785611555090087	0.0037367482342512	-0.0014782375366775
0.012499166376899	0.0049078995799843	0.0103164036822674	-0.0202160295377459	0.00881497551308465	0.00457174318034134
0.0107382727123429	-0.00375082032053861	0.0113975325988948	-0.0015105326656339	0.00375397122854464	0.0223612620924004
0.0120211362108048	0.00316341634345015	-0.00519743038476027	-0.00602633653655989	0.0028250696003052	0.00620904524340891
0.0129068089289384	-0.000254965292728793	-0.00656904868379524	0.00307197667939681	-0.0122273623520066	0.00317315645026206
0.0128894507603668	-0.000819597536147571	-0.00703700968834321	0.00400688417346449	-0.0124180747194471	0.00396543183919193
0.0119438513671425	0.0136148672186013	0.00602513791687317	-0.00821794392115264	0.00321047122816364	-0.00563640747598884
0.0126635235007701	0.0133622787541186	0.0039675341288863	0.015721404102546	0.00172990794480209	0.00510463786664211
0.0120855873674748	-0.014398805222206	-0.00589492898156449	-0.026446307969181	0.00171308487077894	0.0176915980893767
0.0123251306501634	-0.00057174261172455	0.00197145088678705	-0.0124017180542421	-0.0184331881932508	0.0169691975641939
0.0108982691177509	-0.00304865867921425	0.012169947836159	-0.00844412881283432	-0.0299439928416009	-0.020470684490281
0.0118957479039598	-0.00371601676124724	0.0219062119649336	-0.0297263199071642	0.00394002404273757	0.00532272229458791
0.0130607134591709	0.00987332541240791	-0.00846831128626099	-0.0181775634350929	0.00116760217750744	0.00250563450849343
0.0138571172244423	0.0017923689275787	-0.0133081958524073	0.00108366031806844	0.00632128490548167	-0.00132254489941304
0.0130316005850257	-0.00200984066212876	-0.0110783411996692	-0.00614485771253497	-0.00308990434110262	-0.0129823237580705
0.0126256734246986	0.00272553781359462	-0.001569181037541	-0.00986461648264995	-0.0225578103442433	-0.00717236610886149
0.0121802415265058	-0.002322550088011	-0.000447448826929221	0.00517846586547895	-0.00253720740413008	0.0224638526080158
0.0109033574214068	-0.00942005374900434	-0.0071905033260388	0.0272169731479823	-0.00181714837465321	0.0109994817232577
0.0136757576821994	0.00223947027415632	0.000386373422962404	-0.00339201062812998	0.00420209826273175	0.00143619077294037
0.0105475261820296	0.0210497010519172	0.0162960058439795	0.0282330563094227	-0.0240587990076419	-0.0102864085634386
0.0119962217633854	-0.031399573033964	-0.0274605501242401	0.0114180733086046	-0.00834205679461231	0.00231696395238003
0.0133186710341463	0.00485497038835821	-0.00435616865124742	-0.00444072347078277	0.0110396901161732	0.00073028355916048
0.0118833598423036	0.00488863238865912	0.0169233102306252	-0.0115572096763018	0.0112130031074902	0.0237052666733507
0.0129008221787923	0.00310730784731238	-0.00131058948157373	-0.00476805985102886	-0.0129884307217622	0.00730138172857573
0.0128196213303614	0.00507642924262773	0.00215281235552115	-0.00416487330508923	-0.00677607383990704	0.0124723346791068
0.0121670408738366	0.00672599567035494	-0.00414575867535777	0.0161356463610411	0.00262355817955887	0.00238497952556846
0.0126578017764985	-0.00281444202542073	-0.00445915211861355	-0.00414739583851654	0.0205648293801762	0.0189901717112463
0.0125943078581911	-0.00397729729677382	-0.00684623341465864	-0.00313258532255036	0.0175076696444146	0.0181474017604612
0.0136890357990193	0.00196260551050083	-0.00818300996144455	-0.00837188814460612	0.0072663669718449	-0.00320372412734456
0.0129932463693675	0.00159109276602546	-0.00345895809822962	0.00521934973519258	0.00547310854957996	0.00076707086942235
0.0130234799081751	0.00152452823716603	-0.00353503608933065	0.00633672499289128	0.00466298026767069	0.00185560277949732
0.0130407355653099	-0.0061567655753012	-0.00409632927021013	-0.0149012338605155	0.00764105606811446	0.0121549883305755
0.0129959304709345	-0.000107335173998137	-0.0146318546231042	-0.00515876129911694	-0.00790950482746813	0.00020439479008437
0.00958425929565481	-0.0216963909430769	0.0373044319206173	-0.0276863349393252	-0.0225835733441536	0.00833704047703657
0.0120584464133887	-0.00952446650432461	0.00967800750461702	-0.0327977876806069	-0.000400381238498851	0.00367737667951365
0.0125199876927363	0.0345095281470522	0.0176045069107916	0.00900677836921799	-0.0263936316547547	-0.00536367656994213
0.0123038627433344	0.0069953178113121	0.00481533907238007	-0.00584774049502327	0.00988144404743684	0.00612064326215909
0.0129283211674193	0.0268043946897749	0.0112729836120981	-0.00825041233584078	-0.00155441488766974	0.0018217544696079
0.0123262790132857	0.00165753146145713	-0.00286139837288706	-0.00921518600312681	0.0069313561602564	0.00490926497920084
0.0128105506152272	0.00679514034159814	0.00473155942705195	0.00141041150786899	0.00986969932606985	-0.00266868267729597
0.0127559055857425	0.0014846262512714	-0.0010174984620315	-0.0124157438219199	-0.0169867993383985	0.00689840193123285
0.0139425071330472	-0.00467346005031872	-0.00870362292565911	-0.00178310662434787	0.0037708407066756	-0.0130545116377869
0.0124690339771743	0.00294056019210294	0.00350160312125888	0.00274145657705569	0.00418212085245681	-0.00025945085549317
0.0124328493865809	0.0134939964266956	-0.00337605873700341	0.010384848582512	0.0150223776120671	0.0106928445552582
0.0123892309808973	-0.00114883314562684	-0.00534373085537249	-0.0084614342104367	-0.00846917292473824	0.00169192122507347
0.012545695543151	0.00385465028013403	-0.000585716700066514	-0.00744831347380635	0.00973748273002694	0.0163303691010297
0.0126419379299468	0.00333831610156643	0.00160945494579042	-0.00492952212572895	0.00603073264924235	0.0103834700257338
0.0126130016309082	0.00798799697369593	0.00368230765631628	0.00136292183615825	0.000770570438261883	0.00222701387015299
0.0128487769816694	-0.00185662170256765	-0.0077794927920648	-0.00323564067752732	0.0138678320323252	0.000854085868304398
0.0102797016353509	-0.00124486244866993	0.0351222072813227	-0.0143485822501352	-0.000119891336117443	-0.000636189098887133
0.011011140817571	-0.00407375923574813	0.0155247368331696	-0.013687122920001	-0.00825013578918191	0.00640753260731049
0.0126756422577375	0.00357663772966037	0.00240047747165918	-0.0070799986261566	0.00341202296151259	0.00867233078163463
0.0124700354708495	-0.00168445605951303	0.00332522935456439	0.0023438468007147	0.000154239750087849	-0.00814785027290923
0.00867922431563718	-0.0114741492339209	0.0529443379242959	-0.0239264997928789	-0.02882591908965	0.027343873303397
0.0108556943645324	-0.0208197930668153	0.0172879942819119	-0.0116374472753803	0.00331297725917187	0.00318924707939366
0.0126362661829352	0.0023752205638351	-0.00961551754793003	-0.008371842411661	-0.00704636704244534	-0.0125097883947479
0.0124836121523214	-0.00116043568545559	0.00435623138066172	-0.00835569514129065	0.00610113178438463	-0.00538001493798233
0.0117737935784329	-0.00832121240030693	4.5112137783361e-05	0.00991185070041036	0.0160247471571316	0.00985341612776345
0.0128655255865569	0.00492015149919536	-0.00229997208573736	0.00901260592346169	0.00172635660978917	0.0158376088812963
0.0135222842245504	0.00126206936778877	-0.0105248937191477	0.00231701825804488	0.00556600728970522	-0.00865922771063189
0.013211472635644	0.00685322098590567	-0.00969623080758062	0.00065375401703526	0.014282274337798	-0.00130511776357167
0.0133399255132818	-0.005674202542953	-0.00874625392441618	-0.00975789397640304	-0.00822982521218055	-0.00566068443162189
0.0133194853076364	-0.00892593973111801	-0.00736699100160711	0.00248479130908694	0.00186554978392321	0.00853409567076525
0.0128748010356254	-0.0130732252449372	-0.000265522869117968	-0.00684900033205886	0.00586891780986646	0.0106298780522028
0.0119960033269233	-0.00301853235806075	-0.000259063150767599	-0.0128584851907685	-0.0101781150786425	0.00525282256925065
0.0118024598202488	-0.00752139002465138	0.0121827834018508	-0.010845163337421	0.00445799344939071	0.00729598396231014
0.0114972076458716	-0.00893917211781608	0.0115487005446769	-0.00264326277538149	-0.00445604000983848	0.00250758751034078
0.0115200694222093	0.0037562445970992	0.00784768561070673	0.00333896659802739	-0.0333989540012893	-0.00509064162278097
0.0116212974244769	0.00692661089626257	0.00972627077605392	-0.0208027366967083	-0.0124068462879055	0.0106270062764151
0.0128347264773717	-0.00153163824766971	-0.00527466977094067	-0.0040790586481557	-0.0121053441150049	-0.00268439547521933
0.0128714256242769	-0.000298939853855461	0.00753348614388001	-0.0108871678869591	0.0024848297552045	-0.0222987624534415
0.0129570910405065	-0.00946348767915427	-0.00553260298740758	-0.00966821338684006	-0.00927930134879419	0.0125107117304668
0.0104219393119232	-0.0124665010601012	0.0089376232771154	0.00489461285258818	-0.01775952119598	0.00682854466784042
0.0119593328920448	-0.0118149095726057	-0.00140658202860282	-0.00195565505438674	0.00820031152284863	-0.00581794834548847
0.0122274563867958	-0.0142265892056205	-0.00405570157661105	0.0031296230628818	0.0032561425770198	-0.00849936454376205
0.0118189590286604	0.00359261601510885	0.011970468177898	-0.0186133425818732	-0.000568913972548073	-0.000186817392803516
0.0116057220881587	0.000452114789449678	0.0191305135342316	-0.000275309316292034	0.00374102958972386	-0.0052325684939632
0.0100275842661326	0.00425169510785275	0.0204254144596938	0.0483786665075272	-0.0288719858011582	-0.00345972492586243
0.0123332998213411	0.00749178827937177	0.00882802341467864	-0.00810297143324057	-0.00338784779396165	-0.00328511583452205
0.0129442808978512	0.0118569876947859	0.000787191619673563	-0.0121236697875018	0.0182433729686026	-0.0112563030274939
0.0130180908346482	0.0100486680693418	0.00278167718899623	-0.0105211352981272	0.0162941397985346	-0.00964699628638351
0.0114011965784971	0.00493777675209353	0.0176247182442559	-0.014075563562542	-0.0101656155657803	0.00129515949030708
0.0121984869308941	0.0125618977839881	-0.000932097835200676	-0.000392709929468401	0.0215607595125354	-0.0029661804298752
0.0128730306096208	-0.000205367464760606	-0.004696366943693	0.00620576216301454	0.011961351360815	-0.0021116108246887
0.013623829115447	0.0031737255635994	-0.0030750252489715	0.00906753112817028	0.00322899814460189	-0.0119244250210554
0.0110860521179944	-0.016964811395553	-0.00837837567405551	-0.000209873886396865	-0.00892134596968382	0.00461478154616544
0.00888299264438053	-0.0553035452276038	-0.000575568931542151	0.062259328721578	-0.023205755853943	0.0279474569569112
0.0127370160815858	0.00387996716547985	-0.00259129623797654	-0.00255508944345847	0.0188881393440037	0.0167195635143688
0.013031149319912	-0.00090333591278917	-0.0104384096548627	0.000167958753816254	0.0155982145593998	-0.00568582776335783
0.0133355475405032	0.00402724936305502	-0.0022275168528182	-0.00693113265039662	0.0213829448243662	-0.00327687307877808
0.0133606670340111	0.00500451192899927	-0.0029756997539864	-0.0102282915639882	0.0177289110720731	-0.00745806786650743
0.0143599278660906	-0.00336429131603677	-0.011272711826203	0.00780538994948832	0.00893762888903487	0.000874283509477623
0.0128463199905258	-0.000223018578541284	0.00121524104071962	-0.0104432940694629	0.00806436312080747	-0.00897850060149232
0.0135308744532911	-0.00772460979028912	-0.00912841723610661	0.00350330698180903	0.00318509468369667	-0.00491204497304526
0.0133755716795739	3.93018454140351e-06	-0.00413263544277453	0.000935591137292951	-0.0032519223133477	-0.00482687884112267
0.0126103227517683	-0.00622782739646128	-0.00942033778517642	0.00553675503735222	-0.0141512925206003	-0.0104329944296823
0.0130021820719656	-0.00119488013475538	-0.0093143148937027	0.0024319521101617	0.00292806765655434	0.00371825141175179
0.0135749451672891	-0.0125508305781459	-0.00537869842792962	0.00112443473431145	-0.00542792675304671	-0.000423304908627054
0.0139819700015453	0.00223941471620769	-0.011581564189726	0.00485162712539417	0.010101731304522	-0.00421018310252892
0.0130238937829323	-0.0126212868459661	-0.0123061844406118	-0.00459159362390359	-0.0133491900937528	-0.00777888703148744
0.012443767317707	-0.00996927179641038	-0.0121517501375753	-0.00167981275904689	-0.0192982045413881	-0.00843795996166063
0.0114192373842984	-0.0162868663488835	-0.00188589812513446	0.0157280361219358	-0.000587788940846027	-0.0127086977880328
0.0119869870200342	0.00277677682397095	0.0153405226555593	-0.00907335995559186	0.0215504475053467	0.036746803604198
0.0128908747069491	0.00954432430999348	0.00585585918956417	0.000159370402681192	-0.0102229176817792	0.0151123309603793
0.0130649940947491	-0.0013758926263834	-0.0136491047073607	0.00498320095598502	0.00749432091391128	-0.0208403640638063
0.0128053830204169	0.0049470245259809	-8.23687212690284e-05	-0.00109720119870598	0.012063396674729	0.0102605727643823
0.0123504834298691	0.000992249953400358	-0.00166387605986256	0.0115961944146559	-3.8290381321384e-06	-0.00569803969456831
0.0125224825682417	0.000545598835595518	5.8233349422082e-05	0.00506423824892549	-0.00468976024879777	-0.00153319060197041
0.0128374051897525	0.00148046645917582	-0.0119932506614958	0.019923522978626	0.0130878828139473	0.00788987658236748
0.0131250926951256	0.00713538558427358	-0.00128458183971043	-0.00435528420233947	0.0015653319273059	-0.00213777726065579
0.0118737222887249	-0.00998996425347715	0.000544158073846064	0.000834224080529244	0.0135091799920026	0.0187438792490236
0.0136360840238305	-0.00488386617602046	-0.00647827775443533	-0.0101447083848325	-0.00312113427514005	-0.00264861942693571
0.0118961118125631	0.0100741179443358	0.00700055130922239	-0.00563382818921791	0.00144299667119803	-0.00390155126644876
0.0122297157344406	0.00155809789681603	-0.00589442751442607	0.00978093939146928	0.000412964454599166	-0.0144096587376395
0.0129039187961708	0.00237972311775548	-0.000326728103922981	-0.0114271043455006	-0.0173486550418762	0.00211415434936796
0.0110165523507756	0.000247724978547071	-0.000336717325413054	-0.00373721501953337	-0.00598815093173898	0.0154143765301535
0.012775393027224	0.000179196031078773	-0.00527071570787641	-0.00442660782799152	0.00412341626641167	-0.00504057021224508
0.0125729941836357	-0.00119365669891364	-0.00330466112245149	-0.00801377161548259	-0.019632409729773	0.00158859504024764
0.0108534894852493	0.025259810612126	0.022123224336708	0.00712701562625897	0.0247821440128817	0.01509142587703
0.0127392674980384	0.00302007162334465	-0.00431096089997014	-0.0102268405890363	0.00902661118982056	-0.0159599563376127
0.00979871499296173	-0.0343485820549016	0.0461129117528874	-0.0134337465501444	0.0185886803961917	-0.0541996553571232
0.0130119479557019	-0.0158793507893928	-0.00952734416113726	-0.00864597961920049	-0.0130709147466555	0.0139084057121756
0.0123173544599499	-0.00181321163299737	-0.00440320761468547	-0.00208652678594238	0.00804687155739233	-0.00347654659546256
0.012262178097723	0.00454559143049858	-0.00649853181748026	0.011062244206616	-0.0122311902070084	-0.00996015728938123
0.0129090421515646	-0.000781435886362454	-0.0117003905919727	0.00504930372842945	-0.00345883670567963	0.016458340201579
0.0110182866422197	-0.00393780394258391	0.00149755581363976	0.0065002833469867	-0.00777289817791859	-0.00622777088296643
0.0109696360338324	-0.00270374857056927	0.0130073077325069	-0.00148810943234616	-0.0414410655032415	0.00342109128898019
0.0127535970337754	0.00190954496546363	0.00457504649298073	0.0066503799914288	6.77275510882704e-05	-0.00139728224881669
0.0131277443216057	0.00270148653077328	-0.00906361650429892	0.00285011488633848	-0.00442801377301745	0.00523924975596762
0.0126413626844041	0.00251603986824381	-0.00107953483200856	0.00025990130364572	0.00459388020075652	-0.00181845460660525
0.0133219836071524	0.00572089848371315	-0.00748417861275916	0.00857495294375673	-0.0037146962564611	-0.0171082823846507
0.0128167569238763	0.000762033440578959	-0.0073527982010493	-0.00476441147502444	0.0102596337679302	0.00357091030262801
0.0114801765381106	-0.0024200727869756	-0.00123352158137154	-0.00287480664151853	-0.00799387565777179	0.00968891460833577
0.012871400113402	0.00105772309568975	-0.00651159935207989	-0.00517341656821508	0.00945331460604517	-0.00279001500363361
0.0133801753674168	-0.00152412658560273	-0.0137411907683999	0.00471870424949875	0.00534612483501311	-0.00927089609364273
0.0136592896826854	-0.00184710182669445	-0.0125380438923902	0.00764922272020403	0.0022557444282893	-0.000351245464078886
0.0122605076589362	-0.00317342968944011	-0.0152723139640846	0.00127985284211935	-0.00345977871148067	-0.00533138159924848
0.0110379885037025	0.0181449766505924	0.00304078038188731	0.0127013273358373	-0.0122990086440372	0.00910440113547683
0.0114726485859938	0.000467022143462181	-0.00888665395745794	0.00904576573348357	0.00298965831097788	0.00716557463213631
0.0124076241810445	-0.0129099549643002	-0.00161896432730776	-0.0122397381963849	-0.00827345623669657	0.00681467322581033
0.0118108791742961	-0.0129670202322057	-0.0106334073297953	-0.00262356452374645	-0.0059877483821204	0.0287844192170115
0.0132217829904235	0.00713150124889884	0.00250851211529618	-0.000380715184927119	-0.00506249597434678	-0.000907389595619056
0.012526015590148	0.00350836356791433	-0.00619860883468977	-0.00634152225719835	0.000547102957007454	0.00488197164001333
0.0126719006896558	0.00432836317887456	-0.00288575968568772	0.00317403968744265	0.000391806247617894	-0.00337670095593658
0.00989381722941925	-0.0188448875076923	0.0282583965152192	0.0116226436763978	0.0169690330409774	-0.01426494132522
0.0109029210500798	0.0023661159724788	0.0077584602289202	-0.0169605159175997	-0.0260329898614098	0.0019952258126711
0.0128735026749339	8.34928627564489e-05	0.00298661438909999	0.00864800722679742	-0.00885849082993524	0.00843518167883247
0.0122825657850361	0.00735330537959847	0.0157358230087209	-0.0189867650613405	-0.0130201028543945	0.00902283297939211
0.0123852310020004	0.00725144524740101	0.0134480198209176	-0.00471974102570953	-0.0011025830304796	-0.000632321725291101
0.0130331512001131	0.00522304378078762	-0.00353315518777259	0.00600044085783006	-0.00387801841458752	-0.00504250419055759
0.0122537612826166	-0.000675003496696677	0.00497663830815908	-0.00880052815196312	-0.00494179618995935	0.000319262748841931
0.00876691083399334	-0.0153723861994935	0.045376357573768	-0.0105170408700928	0.0455814038825395	0.00190422222509586
0.0123070036180042	0.0052033290787808	-0.00269331406590948	0.00734743554520485	-0.0100027353265594	0.00723013964146084
0.0115645051033583	-0.0131543456445344	-0.0049996905909926	-0.00806956620536582	-0.0195609088879995	-0.00245328968741216
0.00976723404454629	-0.00827733576817708	0.042481291615282	-0.00575879143026847	-0.0072372058299783	0.0435915352013698
0.0124002303539158	-0.00497087631180449	-0.0084127420543548	-0.000492429605357591	-0.0183533812244715	0.00110472192117623
0.0140616117709033	0.000692029497431575	-0.0114225173011729	-0.000787306627837653	-0.00129613055368849	0.0119624135117289
0.00890395628159263	-0.0277114693379491	0.0492000260147007	-0.0185170910639894	0.00960058404021689	-0.0169995955838241
0.0129724142153212	0.00546031433182391	-0.00992180117967985	0.00221620549859356	0.00372940428047378	0.00520576287359035
0.0136073330449165	0.00282355909286721	-0.0196868841818569	-0.00052552960511066	0.00381967278331539	-0.00152152569348394
0.0135137272357092	-0.00878582905074617	-0.0122383774441929	0.0039789839979273	-0.00240727786452577	0.00160186676512824
0.0125311952023594	0.00268307126039401	-0.00750328186028375	8.73651953694765e-05	0.0022981540831323	0.0114848207734188
0.0130642940818671	-0.00382987705343567	0.00121669046738336	-0.00111624669406413	0.00811404670125937	0.00154189783137381
0.0116342040670725	0.0201973446028095	0.00936375618805095	-0.00371010830331305	0.0247870103266117	-0.00250571760816292
0.0123701695170719	-0.0046406269954134	-0.0046906634325899	-0.0106463846869593	-0.00717505949675944	-0.00714841864084334
0.0124519037198079	0.00400461938973017	-0.0087584395391114	0.0202246689898203	-0.0246759817984863	0.00194665708572085
0.0106154563640768	-0.0146565591177852	0.0169792268715773	0.00377005261858133	-0.00760279808855758	0.00323059201818787
0.0131184237806886	0.00127390572004991	-0.00336465866024494	-0.00565303154181094	0.00204833092370896	0.00149210986304305
0.013406351395031	0.00660214870865689	-0.0181665029758746	0.00417552192182448	0.00639087243365967	-0.00255692553075658
0.0129071457787012	0.00231964999352331	-0.00855690393753628	-0.00171778674433039	0.0109294967950806	0.00906365829264861
0.0124830208186674	0.00164799186879424	-0.012284163592442	0.00719706294759101	-0.00089945224506385	-0.0132228885806857
0.0108727845387488	-0.0112937138657081	0.0162005807913278	0.00556097130019855	0.0224973927082121	0.00759627036648619
0.0121095729448057	-0.00966961519147793	-0.00843853298907056	0.0148437855390928	-0.00866720247853318	0.0120102394636332
0.00937565953388233	-0.00678850764971313	0.0367893138465931	0.0148488208240664	-0.00196126851325827	-0.00728098078793639
0.0127106306532745	-0.00430766793480055	-0.00493644227833866	-0.0153703406964925	0.00835109668219057	0.00113230277237995
0.0120129371385569	-0.0287807763900632	-0.0157946081319439	-0.00374344933917377	-0.0140224357859055	0.00977536511571464
0.0109830003428132	-0.0337562484125393	-0.00905819768635219	-0.0272206044952724	-0.00534157336436365	-0.00545631924477124
0.0120733525060605	-0.000136818311136944	0.00329666924780097	0.00483772095901502	-0.0117725310384917	0.00592368333600598
0.0122485604234127	-0.0219959978349179	-0.0200132467218953	-0.00906259240632149	-0.0156532104761898	0.0184010314042463
0.0123361866242048	0.00568928687741889	1.84376449318544e-05	0.0140845790600568	-0.0114226450333112	0.0036511101706835
0.0122265360046729	-0.0148027538576268	0.00745615587120556	-0.0109732699741801	0.00903737540410684	0.00666662728502759
0.0122642593285358	-0.0144656844971966	-0.00118885980615801	-0.0135932051898759	-0.00528909945755875	0.00348782003364032
0.0138783076834616	0.000433933059957421	-0.00816896523226884	0.000678235263711829	0.0026985708994925	-0.00313613553185559
0.013770946386073	-0.000804582468330506	-0.00658029153436407	-0.000591708429187345	0.00278468744438836	-0.00116109142272375
0.0143581000903995	-0.00499048373048467	-0.0185521219414733	0.00387361261933399	-0.000535960642721091	-0.00579367097068653
0.0133089411425654	-0.010635127602659	-0.0122273085271828	-0.0081666712861326	0.00385284814584713	-0.00711444347541596
0.0131126012726414	-0.000912018262198368	-0.00930825216090471	0.00657566071777832	0.00558644414617985	-0.0125651294481133
0.0112779868875033	0.0354437160628739	0.00761841925671663	-0.00538494364170229	-0.00341021960463379	0.00827451702212185
0.0113925295469018	0.00182333661015007	0.0207762242670149	0.00195778232706682	7.90264282387364e-05	-0.00912813127994005
0.0124848528000389	-0.00785974179832592	-0.0115791523955001	-0.00903951255627683	-0.0143701651818446	0.012785946371531
0.0126850122679375	-0.00321735276170224	-0.00311448626787974	-0.000786349019964645	-0.00521546229450286	0.00861599721604834
0.00870526197753998	-0.014519900447781	0.0194045735736767	0.0269853570863727	0.0153073167862689	0.0324015532692207
0.0136834609978284	-0.00189476905211156	-0.0150764286550403	0.00890786865065393	-0.00365652638184431	-0.00787513626148077
0.0133528523712625	0.0063157406476247	0.00423221431253552	-0.00581167822610957	0.00565011300407247	-0.0119834680709135
0.0107114820352034	0.00645288294509719	0.0281548007105798	-0.0292197078774609	-0.0485277369071008	-0.0268774758284432
0.0121755502776052	-0.0175784749904627	-0.00712161380891413	0.0111027704444862	0.00712183994922566	-0.00545229176383053
0.0119424323483876	0.0136306185413638	0.00729790574609083	0.00459292227690157	-0.000989356356457707	0.00945391426714497
0.0119761352273755	-0.0116277884871998	-0.0049084058060866	-0.00167721361967014	-0.00479819639564532	0.00699820432260588
0.0116004594062029	-0.00296183029351628	0.00219067402987436	0.00255748163577784	0.00234425900741031	0.00314996546696782
0.0125616344451519	-0.00442194536745384	-0.0117247577115171	0.00249585852485115	0.00405711883609585	-0.0132896016946013
0.0112402472590225	0.00586602643884165	0.0170613104891927	0.00454825158718786	0.0107218156614328	-0.00661943858471258
0.0117304765438611	0.00655410721281064	0.00470956405382704	0.0148381927863417	0.0137148564916568	0.00120294178564994
0.0124524443668581	0.00289718917204156	0.000173234416235855	0.00874060097086709	-0.0053128796467044	0.00400543238368874
0.0136318217052491	-0.000769215697016657	-0.009712095989183	-0.00323115230340008	0.00789663551220871	-0.00939545055552486
0.0119715137231765	0.0256736910415433	0.00892754324075934	0.0197578578671277	0.010865451587403	0.00432043363253633
0.0128569526720316	0.011511223522689	-0.00636036510802084	0.00393212462813984	-0.0126655169440593	-0.000410942737522733
0.010507096851622	-0.0151122888838417	0.00553581361034689	-0.00779753293717943	0.00290594653421147	0.0129293343407263
0.0119865880040283	0.00572712516764125	0.00941979464526231	0.00100435076067723	-0.0140860119766618	0.00149142466891108
0.0132713118482018	0.00294772493797979	-0.00915598536337695	-0.00125157291571724	-0.00667411496704127	0.00363737750122764
0.0128333047996076	0.000460852911061354	-0.00801820272777432	0.00349684736612836	-0.00609477142021997	0.0048915693754291
0.0115068734114248	-0.00856912034299553	0.00111633518988204	-0.00504207647174655	0.00487294837544588	0.0250587453553732
0.013150174139998	0.00252407734246233	-0.00304359780099263	-0.00137526979790024	-0.00933129804720968	0.000900169784897721
0.0131459989645076	0.00362022178610847	-0.00123727901295531	0.00252550953122635	-0.0127012992065038	0.0145655596567651
0.013243640760441	0.00315569260531757	-0.0020829807112713	0.00119453345951051	-0.0101582069718374	0.0149206362493626
0.0125207668579236	-0.00842478226939611	-0.00361307450833942	-0.0108424319755439	0.00132759141619386	0.00079607136858081
0.0100548596241883	-0.00611146158104642	0.0564483129139023	-0.0411167647738667	0.00734858225526815	-0.0134221733260458
0.0107887362889996	-0.000144585525121642	0.032045116072149	-0.0119417840984837	0.0166208044445227	-0.0131177454499719
0.0126547253827558	0.0325799527375588	0.020424184844552	0.000946086274315444	-0.0324437150342672	0.00117367553359847
0.0121723305350386	0.0257524236795449	0.0141296512169236	0.00899465666745721	0.0142305000622271	0.00615625637953728
0.0110002443146218	-0.0167905028132822	0.0330443643279061	-0.0296560559858433	-0.000186311635326423	-0.00134422494626725
0.0118016597278485	0.00136284238333458	0.00798551062070392	-0.0144691535173786	-0.0121993926734274	0.0043096400897254
0.0119650394989	0.0161880584071235	0.0172280844463321	0.00486156879168796	0.00779839029502601	0.00353553583351719
0.0115152249265722	0.00456031892623746	-0.0158504948345357	0.0109957382966591	0.0149440944693588	-0.000203959820701268
0.010630768889036	-0.00315344189591338	0.00147986732878535	0.00456683699834527	0.00114078967132578	0.00900859079206642
0.0133486486892519	0.00778652492108687	-0.00725044197221381	8.24549672905506e-06	0.0109251843303849	-0.00631948727729225
0.0143076271075797	-0.00425537419676887	-0.0124811196983939	-0.00157755820740003	-0.00600705832363408	-0.00746061627063753
0.0143155143978961	-0.00399416231291547	-0.020850929520456	0.00430729311320985	-0.00316479867087381	-0.00285443652123664
0.0134014767076556	-0.00201984235347543	-0.009175109629315	-0.00399891493754349	-0.00138007665714441	-0.000722188792419571
0.0128659122123714	0.00352571641891856	-0.00938084407041647	-0.0134692851688499	0.0160220757175258	-0.00408276579813176
0.0109172017654277	0.000614339103402061	0.00882158185367842	-0.00692477332637765	-0.00198064712120123	0.00782490588820622
0.0138672243822291	-0.000835125553574055	-0.00687569268560733	0.00877600355829579	-0.0067077851545988	-0.00652038666119251
0.00898689900976212	-0.0299372987622072	0.0283830388747768	0.0034951432801783	0.0151989365034019	0.0234749680764799
0.013709597421722	-0.00103461218366043	-0.00937654315983157	0.000706243519204692	0.00405734259100795	-0.0117880547228152
0.0131157823087619	-0.0037259882587293	-0.00354828660639012	0.00394984232218764	-0.00636882238957112	0.00339868940018731
0.0131889692605104	-0.00413642383487111	-0.0052508651561934	0.00513523481388848	0.00844540953215214	-0.000310866125883573
0.0128407776861322	-0.00651185105122558	-0.0118046268767157	0.00765498742562361	-0.0165460180712692	0.0107611632899995
0.0128725833834206	-0.00654683206589324	-0.00791304373979623	-0.00202875466206098	-0.0187581242114127	0.00308165199584641
0.0128492170715309	-0.00520904168947674	-0.012235319888943	0.00752965420417622	-0.0197510738266253	0.00775394226316502
0.0135815855114846	-0.0123381545227552	-0.0138638777778401	-0.000511974384172942	-0.00258457497314335	-0.00780235799925839
0.012906080875653	-0.00283821716755037	-0.00885839689996517	0.00549673587036769	0.010814552863275	-0.006769750032664
0.013284449381674	0.00159764376772834	0.00197469548813357	0.00842513942043055	0.00719883732673609	0.00481721302914206
0.0125146108641332	0.000114593974709852	-0.00014024301941612	-0.00564102021001094	0.0107677593431812	-0.00121905208676613
0.0128018907668665	0.0022098104605049	-0.0042398442567085	-0.0103728041626663	-0.00812721213808006	-0.00183421553647101
0.0137270532935312	-0.00706057382414246	-0.0202716663556811	0.0072455988542801	-0.00580109939639422	0.00403125731957554
0.0131001716056477	0.00660555790418944	-0.00659081693661513	-0.0104692368542903	0.00229709135846695	-0.0104752239201758
0.0134301864371927	0.0053890239511154	-0.000789089050878728	-0.0105112679437214	0.00111790830129371	-0.00979333357451659
0.0134235499735894	0.00457983836796228	-0.00208885343626323	0.00655261543374118	-0.000845622636734685	-0.0099750299721516
0.0136449856529922	-0.00956050456882548	-0.00971969942841355	0.00585007347881679	0.00369912105568213	0.0107250781315487
0.0129309850535404	-0.00565655682258234	-0.0076617116786563	-0.00529782715112275	-0.00135339888279932	0.00935095915462629
0.011976422172486	0.00974892723192147	0.00609351357219294	-0.00549347623216245	-0.0209510197992177	-0.0084468448036889
0.0132123224715091	0.00526363170410038	-0.00390040226698098	0.00388210934746192	-0.00321731643984377	0.00815720752274119
0.00968818435907843	-0.0200378343971608	0.0202350293603099	0.00237437985986046	-0.0340184867202191	-0.0078009167352009
0.0117648571350103	-0.0170696125846972	0.00387407575226451	-0.0142054229820708	-0.013139890390928	-0.00911072072973826
0.0118017408660686	-0.0153009127514987	0.0111314718818674	-0.0230202819464945	-0.00960473920547216	-0.0135849151176879
0.0133962157274412	-0.00903141173123782	-0.00757631443856679	-0.0145528281536909	0.00227213229528875	-0.00173368636838673
0.0134418757635747	-0.00875329778337062	-0.00799304500268058	-0.015999528205005	0.00149285068528545	-0.00680584865988444
0.0132253779874066	-0.00834141986140447	-0.0180628304577005	0.0114904995399817	-0.00342421192110964	-0.000917620957321383
0.0136314849539047	-0.000816242466886653	-0.00982689136738533	0.012199191162454	-0.00573224370463254	0.00758733950072649
0.0119236335691978	0.00753301881099031	0.0143044000298663	-0.0126133410547522	0.00409798844110408	-0.0178976917874226
0.0122864318441877	-0.00119028701127732	0.000897057415088707	0.00440655981286393	0.00211823952299152	0.0209587546495896
0.0118812150319988	-0.00570491774724234	-0.00379176116072615	-0.0315488951061295	-0.00222538720205877	0.0144488656365501
0.0130585549440404	0.00129981133875786	-0.0081774361179874	-6.11410221228806e-05	0.0126009137413045	0.00590973442554876
0.0123742455493195	0.00226067654139102	-0.00367141752057769	0.0202724967440547	0.00482814544727116	0.00470953318768279
0.0118082429799167	0.00589131936676933	0.00183662559618073	0.0182026643304321	-0.00538071208646754	0.012120025423713
0.0120241554831154	-0.00457943401937734	-0.00733466599029395	0.0319068593097896	0.00952747665837594	0.00364464700531644
0.0120585878983069	0.00243243295823782	-0.001336499906452	0.0040218794835964	-0.0132601468953449	0.0115901848869596
0.0113091348087763	0.00190648112224265	0.00999277104642594	0.00678941197896288	0.0106600957495282	0.0294646307392845
0.0120531981780309	0.0129296599278902	0.0096790738752921	0.016955486522017	0.00642232658577099	0.0110693276882729
0.0112866062439942	-0.00267289121775725	-0.00726279476037175	0.0114170081680247	0.00537081788172909	0.000264021720821499
0.0112216767311953	-0.00489484265548211	0.0236791696647449	-0.0109006729880876	0.0264878006695488	0.0232614171255044
0.0119088635621713	-0.00462827173085991	0.00536293868009248	-0.00645861409592205	0.00734717814945716	-0.0258680442863157
0.0142206496181839	-0.00328547321922455	-0.00940259579652594	-0.00565199933381572	0.00768997585909657	-0.0129497637252117
0.0119837888939303	-0.00462703861164385	0.00746349259472246	-0.0171727835524102	-0.000693721888981687	0.00407464506908459
0.0116745230653083	-0.00837012551582243	-0.00299231606732395	-0.00425431167484253	-0.00128851995820059	0.00982696800742631
0.0134356600642494	-2.57253645980318e-05	-0.00695823005953204	0.00328824189026544	0.0150334216672586	0.00296781371745705
0.0128538956036709	0.00589922346032015	0.00652526902895961	-0.0128617350713281	-0.00501443034685558	-0.0123842903453761
0.0122823497129073	0.0297463772682033	0.0200742267407199	0.00223638306585384	-0.00346756237959159	-0.0120324691519507
0.00958405467920651	0.00486517781101159	0.0364808635708827	0.000930348248969651	-0.0285309093668897	0.0171801026535962
0.0119660101993994	-0.0113062650431006	-0.00784925006730412	-0.00770047767449802	-0.00468375871611747	0.00826906583892036
0.0105921519970118	-0.00176720745396854	0.00423288004063156	-0.0120037348431307	-0.0238725105022748	-0.00257260732193254
0.0132706134635831	0.0109432741932038	-0.0119095206041381	-0.00699519238799532	-0.0180217304946435	0.0102514126838438
0.0129505858626111	-0.0212291811868426	-0.0131438024682323	-0.0193476203620903	-0.0128433587068646	0.0347639099500328
0.0133169710468874	-0.00112592001539433	-0.0101028834921307	-0.00264361252189875	-0.00231924719121728	-0.0055094603372857
0.0115366187953014	0.00278435092184009	0.00378259503296133	-0.00507701249325901	0.0134703902643586	0.00452210953017375
0.0128562575757237	-0.00121982512301512	-0.00301082515618683	-0.0135931369455253	-0.00144098903166969	-0.00609435472279107
0.0124305043301608	0.00535651660058895	0.00206542779886986	-0.00100917363473545	-0.0189976709308623	0.00677019447633616
0.0131775675082158	0.000181154246410376	-0.00800025841279578	0.00274263324434373	-0.000656018893746329	0.00777890451932407
0.0128251391908327	0.00963078491151331	0.00297603335958719	0.0025386397078963	-0.0124543559989593	-0.0093609330362426
0.0129241346047729	-0.000996575439868506	-0.000573585561731298	-0.00750614586469646	0.0011307290730293	-0.004547749005511
0.0125277938155752	-0.00791410729522641	-0.00854957068595078	-0.00374690453349492	0.013323352923985	-0.00533891122566861
0.0129236023515557	0.00136634599291152	-0.00285540773372721	-0.00135172106475088	-0.00494273143366623	-0.00111851329276174
0.0137352479042065	-0.013353102331405	-0.0129416612559872	-0.0181222448887585	-0.00915613580273889	0.0150469057042564
0.0115390050035646	-0.0076216427564485	0.0137834391153781	-0.00348461398861496	0.0110785195626333	0.013965039667525
0.0133058774481473	-0.0040305938007122	-0.000741901223460081	0.00576098311369092	-0.00161183214060842	-0.00314742231109293
0.0127961319236026	-0.00109043115594117	-0.00691013905878916	0.00235944827381883	0.000326850936902605	-0.00619998252058149
0.0115695661326422	-0.0136806834487733	-0.00177990721662111	0.00829148699661617	0.0028648648091991	0.000917961245710489
0.0130078215978348	-0.00440762947628452	-0.0130214791285615	0.00935994818206524	-0.00443549343563109	8.82605389781006e-05
0.0135011805358085	0.00599612509368038	-0.00847077729185139	0.00893267089506487	0.00226671318268826	-0.00641052817498941
0.0135050575493463	0.00578106051179017	-0.0127632437700513	0.00550710152580684	4.29261763539583e-05	-0.00389703885397768
0.0121429277812719	1.57385678290121e-05	0.00121127623575075	0.00149933659230013	-0.00699452087042993	-0.00705309431051508
0.0125853706224022	0.000546982918730231	0.00644426393831253	-0.00125252452512546	-0.00279842446098259	0.00886026099917344
0.0120972067588115	0.0108273470799289	0.00371468657790558	0.00747652709422725	-0.00156293673902448	-0.00644315576095046
0.0115225650029953	0.0199112976628429	-0.00366453198582835	0.050730282536398	-0.0020758509529098	-0.00705827779790791
0.0135221180244926	-0.00239297648880884	-0.00947251359583981	0.0140261447450973	0.00990759869766947	-0.000349963879554575
0.0133884966551326	-0.00141068580761704	-0.0121254824273178	-0.00364283223622545	0.0221478842143127	-0.00335724238950215
0.0134243970141983	-0.00131015269448763	-0.0119695042034246	0.000825026816446486	0.00235433385529163	-0.0149104257053643
0.0134136619327196	-0.0063263947531644	-0.0107333826288331	0.0156403108989429	0.0151079787942876	-0.00994399883323474
0.013644517019836	0.00374586750571865	-0.0141227751396512	0.00828630310129812	0.00649782952081209	-0.00438896815799076
0.0127912242020369	0.00373035535520544	-0.00735081931160558	0.00583511650303455	0.0174865025374254	0.00102487787184467
0.0139476734003378	0.000572224815365021	-0.0115597739783618	0.0026976314386646	0.00967903379316816	-0.0107681456538045
0.0133929348467289	-0.000323695677894273	-0.00982381890583416	0.00424904523366142	0.0111222443544729	-0.0121626195230613
0.00897145012803975	-0.0307292802104245	0.0257466175332627	0.0234885097048379	-0.0106606864523677	0.0066199020365706
0.0126761399600451	0.00125722851048646	-0.00681179176609813	0.00767114229570093	-0.0146803365902514	0.0103441479072196
0.0127739448169068	-0.00994196154073263	-0.0130388880591531	0.00724774040318047	-0.00422300597425188	-0.00686644501618233
0.0115331984762597	0.0293537741163771	0.0150784869378526	0.019739945895955	-0.00792070362145373	0.00153102660316207
0.0122916500155813	0.0336468779823064	0.009517879980259	-0.00805914668068322	0.00384279236107898	0.00202084764048853
0.0121894645079394	-0.00755417215319036	-0.00150205490979732	-0.0122040799621318	0.0126956031742346	-0.00552594814162147
0.0130749181475541	-0.00460566321281906	-0.0043126174598572	0.00396293732259062	0.00273218799674537	0.00501314459915364
0.0127460814433368	-0.00420209937664705	-0.0128855748940676	0.0158174467429338	-0.00767941036731058	0.00533335180372831
0.0130683424579463	0.00371942116640317	-0.00179635097484573	0.00269892195564858	0.0103423118666764	-0.0080300992530855
0.0135296448996989	-0.00155784907251807	-0.00935129382582996	0.00952633255806692	0.0025360378257939	-0.00129357446606398
0.0137357259696248	0.00296867283356721	-0.00681052672076679	0.00364716296929528	-0.000108722196436609	-0.0209579753512521
0.0131577047396428	0.00934230480152399	-0.00156266857423521	0.00124082730655638	-0.00416641655518599	0.00593869484306995
0.0129485826082932	0.00585501257891912	-0.00352964964037066	-0.00209108630874916	-0.0067190130334358	-0.0163854442749613
0.0128564840840628	-0.00055462732797639	-0.00058575005859287	0.00831675114634398	0.00670644918576189	0.00400655715669
0.0116245692181297	0.0211834975168577	0.00191899133421579	0.021599365241895	0.0101469256298083	-0.012937906005312
0.0113438993383985	-0.00673218880039152	0.00422750643874845	0.00721478646999192	-0.0046046605897887	-0.0126114586034521
0.0131375014038891	0.0135294952768558	-0.00496178033651306	0.0110166187421262	-0.0101812695947838	0.00176279472065395
0.0116155962107954	0.0145705400307808	0.0258602254132782	-0.0002979489113747	0.0142226217514234	-0.000884399090077304
0.0106828381825109	0.00473908867161765	0.0234029265606243	0.00550745748513689	0.0185061526711486	0.01285351819852
0.0108041989629701	-0.00117449928242547	0.00962583376614067	-0.00960088785105163	0.0228452629910142	0.0213380095459516
0.011403350667491	0.00344117140763852	0.0110224788970275	0.0196411054665448	0.00241654112538157	-0.00774056496794385
0.0113201196314962	-0.00922544868631279	-0.0213895098635791	0.0278320935985706	-0.00332275875722801	-0.0169545474107107
0.0137865539687786	-0.00491614859196933	-0.0051852262451569	5.01285380224979e-05	0.006472161387769	0.00318538965383432
0.0118685363975296	-0.00818322689271388	-0.0138546896014838	0.0145028132902195	0.0101080846457469	0.00327525321887062
0.0118908177159898	0.00412466677074116	0.00970857298537265	-0.00160597487131085	0.00599575921349228	0.0117659737540347
0.0100695029390053	-0.013675271758791	0.026525676656653	0.0110933055498338	-0.0159732603079348	-0.00940495329222259
0.0123990468276534	-0.0104289242816291	-0.00363827422600906	-0.0197738464187986	-0.00675081983320056	-0.00584088323702754
0.0119013990260894	-0.00333198239021133	-0.0118464278571724	0.0247122831855595	-0.0168472619638238	0.0178398312929816
0.00949772736770509	-0.00190957531080314	0.0215003632316656	-0.0137372822841847	-0.0296613435038952	-0.0118939098805956
0.0123498766406092	-0.00463459897585441	-0.00538316379903738	0.00579844232608684	-0.0135490861712513	0.00786739468401643
0.0125088060653106	-0.00651415062205381	-0.0065524097660168	0.00726645665035244	-0.010885554409867	0.00862714146324491
0.012759455790759	0.00474689206897147	-0.00166092205784192	-0.00131585117718015	-0.0099513183176004	-0.002109207821051
0.0126578967469768	0.00239368013901993	-0.00391330044307996	-0.00492945366397437	-0.00678594324404816	-0.000477138209413847
0.0137030723815454	-0.0100014164206166	-0.012892320766374	-0.00151304265742837	-0.00807548892162953	-0.00142326017122963
0.0128557099720204	-0.00483999914023806	-0.0129788251777786	0.00140699061068081	0.0096988292412699	-0.00663801653298912
0.0126414694206517	0.00284683111858579	-0.00606613369820711	-0.00746450355055069	-0.00543808078917313	0.000222673831286218
0.0121580395494826	0.0113934200531071	0.0105063674667862	0.0212603722915365	-0.0025604107037642	-0.00992580402596532
0.0127328132502645	0.0231503847765933	0.00933996757393274	-0.0123901073372242	-0.00071784670784288	-0.00857250944947499
0.0126646494878882	-0.0036309734829473	-0.00640446990302157	-0.00675268913837541	-0.00813214678002992	-0.00374970451057049
0.0132698064151543	-0.00492321828969342	-0.0117808750346105	-0.00563897651463659	0.00326333545759999	-0.00318031426803918
0.0123561703349442	0.00570266498406936	-0.00946252990606269	-0.00636023170164441	0.00231129354106228	0.00546258080843798
0.0130509876684888	0.00369593398165018	-0.00506860948971811	0.00318912138379962	0.00828327226768773	-0.00342812667418005
0.0116826831785006	0.00505709146986641	0.00222276498227164	0.00598045443334777	0.013476173144581	-0.00201725776067133
0.0123917547275549	-0.00290631350554041	-0.00208577704743202	0.00665628259590093	0.0095480280052465	-0.00415316442780692
0.0131688732308369	-0.00624876204792937	-0.0123149753201842	0.0032199361738943	-0.0136421854111661	-0.00670836549151854
0.0126026902099624	-0.00156366550038105	-0.000475782850091576	0.00494353394217545	-0.00101090875406337	-0.0138749755067495
0.0130804739926356	0.00449062448469798	-0.0050154422853946	0.0126571772456952	0.00288878323285859	0.00117881206443656
0.0129187012965712	0.00291310532523085	-0.0101501342754455	-0.0108591147928797	0.00571650571500618	0.00223765427535284
0.013507438027665	0.00193672562846085	-0.00812150140280283	0.00273947484908195	0.000142670759747525	-0.00321888631768871
0.0120044229147146	0.0146317483556382	-0.00268133090400645	0.00582496684373458	-0.00628185038789595	-0.00411424489861945
0.0121376956224738	0.0126942473650835	-0.00127354979142383	0.00678685210718016	-0.00413508504493212	-0.00634842659371047
0.0103746394159436	-0.024327743966556	0.00474584803563986	-0.00666967045547237	0.000936205262677941	0.0158678119993331
0.0125009990453466	-0.00383531008365102	0.00686920751527292	-0.00914637198430055	-0.00773710843456488	0.00660550556811989
0.0127727475947877	-0.00294722073731303	-0.000825874053069514	-0.00821635401416598	0.0146407256658464	0.00537478603768111
0.0130642148057575	0.00568487107906773	0.00353412396097238	-0.0154554328294594	-0.011085409130593	-0.0176619360631952
0.0129458070453358	0.00404839357241355	-0.0082255121489716	-0.0113335540848975	0.00278847141974242	-0.00840611551823398
0.0130456076446819	0.00814057160363092	0.000858303564095887	0.00294269000685417	-0.00919893403328069	-0.00832993279116724
0.0132669170831758	-0.0120183589673702	-0.0097702353336003	0.00334327844998179	0.00865280108495411	-0.00753695341221914
0.00889328292932092	-0.0312246124838027	0.0310057843296778	0.00058758048102836	0.00584527264400477	0.0132695420656087
0.012287674648486	-0.0102215130774257	0.00420071064752545	-0.0309929453024257	-0.0147175135530827	0.00427409855481761
0.0121615631271588	-0.00258991450517759	-0.013692521891781	0.00858712569273703	0.00561648922567334	0.012937793173556
0.0128412082015293	0.00344243476099166	-0.00501680549897906	-0.0119397032027161	0.000843057020081521	-0.0048169041311907
0.0132543517699574	0.00641233864897443	-0.00312664601010578	-0.0175694591647366	-0.00156281347390852	-0.0121996440331464
0.0133062544501428	-0.00686764613439419	-0.0142946487671884	0.00561541370752704	-0.00460845873176655	-0.00147428258412969
0.0128044379625251	0.00433672152115286	0.000135989689083869	-0.00434949879828461	0.0074519216391911	0.0117470422516907
0.0131767688029012	-0.00017161283371739	-0.00931194976606457	0.00668069872086809	-0.00109291844480813	0.00547713438289183
0.0140482212194118	-0.00255862854488213	-0.0124612026128851	0.00570395603539127	0.000431207310600046	-0.00478220521653789
0.0134529633319419	0.00361208316599282	-0.0128744588322786	-0.00475238009721992	0.0182935886908808	-0.000573970362481813
0.0132779530826694	-0.00778818994186326	-0.00334245668223388	0.0165646719873544	0.00504343271901685	0.00522744077413535
0.0110685931339725	0.0311625092023663	0.0164625747986155	0.0347062931387402	0.00199735844444718	-0.00523381508505149
0.0109350679065383	0.0265133136739127	0.0174420591191689	0.0355387239922446	0.00226465329523791	-0.0031071761389441
0.0119630770855675	0.0056440550723504	0.00247076654263627	-0.00263604334042682	-0.0273822207968509	0.000739226963486338
0.0121198323049328	0.0100945333109442	0.00494076377902272	-0.0079717701837888	0.0055324526148803	0.00628542499257735
0.0135408103453755	-0.0053461170891317	-0.014713214130189	0.00280723963839555	0.00272710474494402	-0.0126288893599857
0.0135532698467691	-0.007323739457237	-0.0119008786497394	-0.000887989176861777	0.00903431486872843	-0.00993674181245484
0.0115505405842533	0.00680522167846442	0.0175940305556554	-0.0264112491835901	-0.00503071008023863	0.00034118254250007
0.0126065411125802	0.00589756855968285	0.00248494223565457	-0.0184094205717489	0.0202362554165137	-0.00489790166676117
0.0116255410986209	0.0151015107592297	0.0137473141386672	0.00476267234369797	-0.018287155691451	0.0320306226873246
0.0131087803928066	-0.0117232859183071	-0.0137560896065178	-0.0114960536487513	-0.01391524306074	0.00167764389037513
0.0129972820646397	-0.00103267567371312	-0.0151882443275466	0.00462603378112921	0.00443667943789103	0.000407369266952063
0.0129660484548184	-0.00822390303455429	-0.00731872475455714	0.00511444289872747	0.00565219481024562	-0.00887485317073454
0.012481083690977	0.0131038048214061	0.000552585019160382	0.00854893426064045	-0.0019631403925367	-0.00484975285856182
0.0120709644634718	0.00998159146184937	-0.00483678242723938	0.00809325403262112	0.0249634346577359	-0.00138823685707605
0.0136131790155588	-0.000290913860298984	-0.00963820895938701	-0.00797116162628418	0.00136799500285856	-0.00996255482696023
0.0122671988399079	-0.00234754543503927	0.00226196422804215	-0.00222092870443721	-0.0088629203521098	0.0143993679531107
0.0127766269759926	-0.0207088445128975	-0.0142473594383059	-0.00441328104978823	-0.0137329235543325	0.00358319217905654
0.0103900837381775	0.000287291955024875	0.0155054758713933	0.0130408455185011	-0.000458864339264551	-0.0182239741118861
0.0114733633163195	0.0112157970698678	0.0109060543780729	0.00730563553022071	-0.0111461343303025	-0.0221577714604449
0.0101566831399918	0.00119086519200475	0.0244124247310126	0.0284053029590887	0.0171210875687568	-0.00368151648482786
0.0115955872502949	0.00526459114101823	0.00027411186166356	0.00862069416166053	-0.0125466693304718	0.00070687606010581
0.0109984223564593	0.0178937174882857	0.0287230869451467	-0.0248585901917424	0.00391589742740313	0.00604944658971409
0.0100007378171347	-0.0154725097896016	0.038742136823487	-0.0276214524485481	-0.00930888674729702	0.0037001683273433
0.0127891740730223	0.0163582580072171	0.0111554828598037	0.00903047093874296	0.00952047936334896	-0.000759039255245488
0.0121034068294803	0.0243378307861554	0.00948464716910761	0.00551380568904035	0.0014153307671717	0.00824520365593574
0.0118992656146827	0.0168677787356823	0.00808095115471568	-0.00327457554328293	0.00145923566678569	0.00224601434756881
0.0126415193444362	0.000831081797367289	-0.00359885295714381	-0.00131809166945182	-0.0140160368869984	0.00341416463028522
0.0137159348455489	0.0117624443818399	-0.00244765296959945	0.00652359418583278	0.00257412854415001	-0.00268822064447594
0.012206205929989	-0.00296975023215438	-0.00906791782551504	0.00795684568301384	-0.0158208232455471	0.00379867269751021
0.0133888455709505	0.000516627249835647	-0.00303981620344705	-0.0076273872462613	-0.00323151925448139	0.0232958174897137
0.0122998831872513	-0.0181784121684218	-0.00945820526620271	-0.015484520618648	-0.0113317230792374	-0.0174082825044612
0.0122473078885829	0.000566678983229899	-0.00792137979787722	0.00641105223656824	0.00265762596101527	0.00818850899918196
0.0118152955407548	-0.00337763170838831	-0.00172125810232543	0.0148391004004732	-0.00349850322198259	0.00172872227584398
0.00983491476315109	-0.0107858562203245	0.0305787086561009	0.0154831385638745	0.0040762121124591	0.0257692121604957
0.00932418028165605	-0.0255146734144257	0.0256783827373321	-0.00760499682725311	-0.0149942388794698	0.00084366268192685
0.00920755593630905	-0.0221456438490094	0.0130433196857134	-0.00784869744086457	-0.00574711174556558	0.013964495905705
0.0119786701223556	0.0100673166912025	0.0173729684702431	-0.00530928245900333	0.0161783459699956	0.0174995521205123
0.0112800472593221	0.00762588572777727	0.0214541862225952	-0.00101280366754843	0.0245182128539202	0.0203952733907283
0.0118893040596824	0.00941857310791322	0.0117711048987294	-0.00428961221546586	0.0142620349071156	0.0104149631033228
0.0131124261247492	0.00668091003458098	-0.00187985466236052	0.00294098071391668	-0.012054125563213	-0.0023591891124413
0.0122374399690049	-0.010030030523041	-0.0142832408109205	0.0178948013652406	-0.00564589711124239	0.00505137085079261
0.0116210330908612	-0.00554918352723007	-0.000804817325273814	-0.00816187821486533	0.000145952437210436	0.019194888237346
0.00919664779514305	-0.0252754843258646	0.019764386571599	0.0324294270829753	0.000357751351189838	0.0105993999823615
0.00777427407867531	-0.0394718840407548	0.0337551820700813	0.0354468283441298	0.0164621974075936	-0.0174367987570338
0.00838686665334439	-0.0358900721436368	0.0325761512022697	0.0388257871383217	-0.0228530407003744	0.0100806387527538
0.0120022750131639	0.00678160971383332	0.0103057923782772	-0.0137427230364449	-0.00131624704251686	-0.00316902829410365
0.00944388793794074	-0.0304695907420947	0.0288564182354056	0.00996423783046779	0.00891494649742285	-0.0168656723264335
0.00898398423713426	-0.030780889087452	0.0236801790974779	0.0172344320521365	0.00571979472733815	0.00325459974103152
0.00928956231581942	-0.04292773360229	0.028904834637997	0.0618141971947679	0.0341523443683415	0.00658208165839179
0.00822397904612004	-0.0421548208600517	0.0436588149621435	0.0400757913495211	0.00940840508660189	0.00112821290146222
0.0108117602420677	-0.00587404466443341	0.0178241434470411	-0.00385476178800538	0.00426614374012497	0.00919553288779551
0.0113531031878636	-0.00375173584143894	0.00772541295219346	0.0183354440997601	0.000307935550258714	0.00817195976361795
0.0126914192201438	0.0156722738411297	0.00184559315460792	-0.0225468373188625	-0.0133761816029748	-0.000338310797602176
0.0124745863274739	0.00376906382396365	-0.0016875521046905	-0.0141299165421634	-0.000362328559101073	0.0080734299469419
0.0137943155110535	-0.0075893477146935	-0.0237128012224483	0.0116068806672039	0.00237243113640882	0.0155421714050124
0.013188846077419	-0.00186469118646415	-0.00616738584590383	0.00896876405905247	-0.00620277880074519	-0.0175573267076904
0.0127895910228809	-0.000419382086989475	-0.00758066211952916	-0.00141348173069378	0.00271632212272917	-0.014888202778109
0.0119369030114737	0.00215114986107954	0.00824601888402287	0.000186149015536899	0.00292914485582644	0.00147246076175869
0.0129395929032895	0.00374162034075721	-0.00692191548458419	0.00453577156937806	0.00546922161009429	0.00643593585259903
0.0102216387170066	-0.0209198794858139	0.00844404784136288	0.023223607178665	-0.00156235492910341	-0.00603772549458802
0.0138949190443502	-0.001132045603104	-0.0124779840645725	0.00551070243550431	0.00804692538799861	-0.00937704099466629
0.0145424916914307	0.000425528923287252	-0.0162857348719997	0.00550835893593347	0.00867440067439521	-0.00448664367561378
0.0145724811748816	-0.00086101958100058	-0.0153814090175462	0.00583893042619671	0.00587771164527148	-0.00600781341373934
0.0134157219518044	0.00319382764414147	-0.00843229480529215	0.00520159749396032	-0.000394188753040862	0.00429916932268978
0.0127903251232537	0.00562862575597194	-0.0063768701357484	-0.00754379193146274	0.00792948819390508	-0.00842934914234477
0.0133643217978998	-0.00631022988536475	-0.0162649218040284	0.00620439115796827	0.0123649132725309	0.00567817464362033
0.0130562153242738	-0.00426773891320669	-0.0115456079303067	-0.00961626021279248	-0.00203795774891855	0.00155550163629559
0.011598629477471	-0.00460551766958835	0.00536574008874247	0.0088225748531906	0.0198561174677548	-0.000864336364943491
0.0103671086091842	-0.00476444278892099	0.00681254134227098	0.0252991701540824	0.0111027044763424	0.0102926642257526
0.013121376726566	-0.00301196859404108	-0.00611891975925101	0.00911568244870826	0.00775897775394404	-0.00656829010649736
0.0141666530715121	-0.00416880069125324	-0.0152584449883568	0.0101315877957373	0.0103997400064447	-0.0107463229502434
0.0133613119068744	-0.00266914702011095	-0.014219568915841	-0.000938025906679206	0.00713665829164901	-0.00829985988348414
0.0141871641030432	-0.0100161660941014	-0.0147064963494244	0.0142223949805333	0.00278391213024679	-0.0109214664730133
0.0117925809951376	0.00528050451023841	0.00647952802898779	0.00683868083117927	-0.0173794644003866	-0.0267447373876609
0.0124631412982765	-0.0060082276380163	0.00131158395799602	-0.0149464248411518	-0.0145104617048164	-0.00352734934667209
0.0131962909610848	0.00370548800355801	-0.00877371636642325	0.0120901394746865	0.00542869269590283	-0.0106308498569058
0.0129705196936817	0.00492140257513033	-0.00140463398540358	-0.0142479403145357	0.00130083070053408	-0.000230050567515171
0.0118154480323391	-0.00804151668358317	0.00689945814935191	-0.0143101442078524	-0.0141544616698823	-0.00216344306914488
0.0116894224758353	0.0153439030208126	0.0150558953569109	0.0130697992667717	0.00701929369075472	-0.0160731988437573
0.013421632017858	-0.00365568324802917	-0.00716569511393881	0.000261383348510774	-0.0091430568922951	0.00840921637751829
0.0133450730815214	-0.00220896639146099	-0.00876077254240889	-0.00112522141467539	-0.00752088382734858	0.00519132521849397
0.0118479649846426	-0.00904876745542588	-0.00847958915213069	0.000350421325096022	-0.0167219822729824	-0.000784445047473259
0.0122330061200612	-0.00205259032168782	-0.00109923320474096	-0.00985354464870493	-0.016957676770845	0.0222892634997711
0.00918765525044828	-0.0267270678986729	0.0290691388415928	-0.00348896480254204	-0.0141516811864019	0.0341088458112632
0.0119988030455134	0.0265853464533703	0.0106095543852892	0.00892351642237914	-0.0108803483908379	-0.0076084812810671
0.011322532015983	0.0189548330930006	0.0196672337850134	-0.00711848162631564	-0.00979645908685454	-0.0066425942317245
0.00977505893422881	-0.0215343101560524	0.0396623096368936	-0.0591039567732045	0.0118315707422226	-0.0582913220285282
0.0113319022556352	0.00474011947997102	0.00787854963399383	0.0055656606120723	0.0131558317163241	-0.0152278366627071
0.0124610662411503	0.00661398345111851	0.0122747572273411	-0.0180673733449126	0.001862609190348	0.00591491953967344
0.0133296537859624	0.000881836136122942	-0.00502034095776318	0.000766432925455389	0.00487726338999533	0.00453926230970953
0.0133188422590169	0.000684067407805254	-0.0048087361235076	0.00115802172748326	0.00530841335460795	0.00361460197710774
0.0131525938947784	-0.0018222123133569	-0.00681843878954432	0.00713144250464521	0.00388804461021626	0.000668849981645665
0.013651217183205	0.00112880260957484	-0.00940130036658603	0.00220699649915035	-0.00615672530075802	-0.00933900250233538
0.0136407370739796	-0.00417958710083036	-0.0116237186608752	-0.00745751972832812	0.00448761217849866	-0.00041930101417487
0.013438525710256	0.00427316220844514	-0.00589011291797921	-8.75239963282382e-05	0.0193933434647865	-0.000812683719241064
0.013173830559867	-0.000313616855048061	-0.00798671394546009	-0.00290659677833402	-0.0102017194087079	-0.0127533587042151
0.0124966337481928	0.00619130941302959	0.00327307989775896	-0.0118403639864026	-0.0129487716800563	-0.00454177058013817
0.0124924472938615	-0.0106983697996257	0.000511100135397537	-0.0138046986185154	-0.00473699278197328	0.00480740059175619
0.0129734838993196	0.00152231981939814	0.00093756214111732	-0.0105386901618441	-0.00105954718441335	-0.00677124365697761
0.0118931638084163	-0.00817368228624106	0.00540063822472087	-0.0175572088446406	0.00773829502578168	-0.00938950806070078
0.0136091026047647	0.00175730910216184	-0.0128309911110228	0.00638617063224065	-0.0016819312732921	0.00597160048635869
0.0111326422481346	-0.0106302812291216	0.00055245092456954	-0.00838767058556468	-0.00568832001535049	-0.0233086841952679
0.0117928550182327	-0.00155000417314507	0.00319904944314885	0.00512265006536785	0.0164131140076993	-0.0166207433209231
0.0129053475439615	0.0180239564516264	0.00661329907029404	0.00406197523596047	-0.00605160104825441	0.00176394544483823
0.0126012216634496	0.01933725774224	0.0111628209156716	-0.000995517831751908	-0.0152067368482752	-0.00844158458169422
0.0127657355688462	0.0226515153578608	0.00972984515913785	-0.00545464056191981	-0.0111741084955571	-0.00331262155359447
0.012191024052817	0.00316666281953419	-0.00321531420557684	0.0193792426839288	-0.0190333217364793	-0.0071566710726542
0.0109073947543226	-0.00336659485652165	0.0214282550449636	0.0125785492526047	0.000796437577613834	0.0263790892156859
0.0127425788818492	-0.00426700512622941	-0.0040962118870149	-0.0118223895509919	-0.00537532184620738	-0.00492830328894909
0.011710722449366	-0.00105963530673475	-0.00447492024834467	0.000724738251190655	-0.0233766823668663	-0.00911691698846464
0.01198812134541	0.0101972265734261	0.00615947589789	0.00278328296513966	-0.012576141215004	0.00598219328788974
0.0107807780341469	-0.00388366113533328	0.00215814726659674	-0.000978855081883022	0.00169761312403515	0.0104342844342487
0.0127036916596501	-0.0062259823338427	-0.0118897695749984	0.0115333215208856	0.00334829979955541	0.00939343680327179
0.0120442937133669	0.00275179216986424	0.00541905836076969	-0.0117648677505491	-0.00952140206191288	-0.00430572050164609
0.0119886543131088	0.00511692782885117	0.00693007093307481	0.00717038590419752	-0.0159442390697135	-0.00230295752999374
0.0126487835926014	-0.00306677132011604	-0.00852423004346885	0.00742918842840818	-0.00120856984735133	0.0113915139152987
0.011433436346367	-0.00486101443472858	0.00565901090187811	-0.000169125895676313	0.00819282827795512	-0.00327511667911133
0.0124917022541043	-0.000288878815257165	-0.00708607896242761	0.00730564979830609	0.00766396510055399	0.00096550433143124
0.0118073931943903	0.00266254884672916	-0.00853940954095208	0.00778916088749581	0.00887004631571978	0.000625378855175418
0.0118299521704003	0.0113196474565128	-0.00338191406695396	0.00677879198728915	0.00959959721660027	0.00732844201989866
0.012299475551903	-0.000178625404703862	0.00401057789983223	0.00283756566613003	0.00305289729206845	0.00184445319220685
0.0103250576843488	-0.0144361278420722	0.0112290677285638	0.00293449493170854	0.00791811444724007	0.0146699229800901
0.0134367013883879	-0.00146209800819366	-0.0128479372614618	-0.00201967027805948	0.0104299049104079	-0.00639776459902284
0.0118953510299287	-0.00552012937802868	-0.00569545031636261	0.0210129166733392	0.0110141412990231	0.0120401577348349
0.0127778261609019	-0.00262029688023878	0.00354498489656746	-0.010670572899597	0.0186166511268864	-0.0182253538858168
0.0119366990595345	-0.0040310623458844	0.00473350820092386	-0.0164307591795295	0.000642177587117002	-0.00861094619229705
0.0135372725436866	-0.000929853115110518	-0.00673675443004028	-0.000898783871414328	0.00429795027126311	-0.0115241518360998
0.0136864743725877	-0.00139099444321737	-0.0113956912268113	0.00409283949278357	0.0020653759253073	-0.0130751976468709
0.00856284839708962	-0.0317467594593885	0.0225086779020068	0.047407172363215	0.0159471982194912	-0.000666554918928108
0.0126686746791963	-0.00286290610340962	-0.0100359783401163	0.00570753936468965	0.0126940716451368	-0.00245507923893732
0.0132981212073455	-0.0011705820434787	-0.00826509999060147	-0.00231388429490298	0.0105908534215375	-0.0134754004654033
0.0123035871945552	0.0110328026826016	-0.00737381399295591	0.0209275662212341	0.0135984931353333	0.00133112296188847
0.0120894905639816	0.00470157027508173	0.00310827468454512	0.00296461150600189	0.0140045995208261	0.00687768043190676
0.012124056615291	0.00527306864720664	0.00249410218796482	0.00561857846747756	0.0132473931723299	0.00652646283322119
0.0140319308759215	-0.0022458278897597	-0.0106884995200015	0.00243389780357154	0.00697811227919157	-0.0137261974621753
0.0127651378392952	0.00361247645343728	-0.0106649633380447	0.00191698739435257	-0.00593843376837821	-0.0040295903080384
0.0129869429489349	0.000113146633632803	-0.00921595025957501	0.00932289925844162	-0.00705581130777341	-0.0209429392283463
0.0137122101066931	-0.000892880883348933	-0.0139535934046272	-0.000661360230892939	0.00360843984499489	-0.00794578901764227
0.0139907030112701	-0.00659408775385983	-0.0136508649811503	0.00615635279150323	0.00486173069427027	0.000894083030998503
0.0110653648840757	0.0285239227739076	0.00836262800843889	0.0178815822210623	0.012210011451114	-0.0159545990747935
0.0115035560229359	0.0204753849580158	0.00833996906587123	0.0137491529138183	0.00437341932383701	-0.00336899558155646
0.0127686039620222	0.00147902124973348	-0.000561512440710558	-0.00078308329469028	-0.015597598929143	-0.00218403733012321
0.0122674618673387	0.00502757006186003	0.0011306283165825	-0.000232615886020287	0.000445515738500824	0.0135522763157796
0.0125688432241789	0.0117110379736126	0.000399740155579823	0.0138579449823281	-0.0142937108936761	-0.00239153906723214
0.0126889606872808	-0.00232193876816166	-0.0043655503040405	-0.0107709301906558	0.0145372199403689	0.000309086287208871
0.0119241604325026	-0.00933637418355724	-0.00529068339583721	-0.0025828340283283	0.00102420247667871	0.00811243909583512
0.0117736519257167	0.00270428943475241	0.00308308559658695	-0.0357763583125734	-0.0159609874583536	-0.0225742567478939
0.0128095198979335	0.00812971721214321	-0.01074058300606	0.0333907984303449	0.0123468950636216	-0.0119053627249635
0.0127373468192485	-0.0021624034294258	-0.0128764833135575	0.0150355052797688	0.00901199188915467	-0.0118733287693404
0.0127298805535497	0.000723480035316585	-0.000995397192140062	0.00914857464466241	-0.0121600921678028	-0.0147662541823378
0.012506753020743	-0.0164395504015494	-0.0116593103597116	0.012577031092868	-0.00906333480223082	-0.00930556044879844
0.0128829367628954	-0.001906682470738	-0.00338677827675436	0.0134183994084531	-0.00525029675133137	-0.011676002150591
0.00813611587642533	-0.0217927294881222	0.0453123772354348	0.0503077345643281	0.0256236288754279	0.0123372696711508
0.010541079397484	-0.00777519401110334	0.0196926006988464	0.0257874144793842	0.0313041655112816	0.000264486126712329
0.0121448510453318	0.00255676651745796	0.0113610397752235	-0.00338307839467998	-0.0105955319007762	0.0024618431913311
0.0112960300303322	0.0213022838104513	0.00662490471297388	0.00987759355915854	-0.0196923028064772	-0.0138646802343638
0.0112650817301354	0.00630595377522159	-0.0134460888129002	0.00566797722990502	0.00586559330337433	-0.00590690772424678
0.0119480229106907	-0.00862619221105091	-0.00639164349046966	0.00560709331783519	0.00830318119204871	-0.00278729368580277
0.0112233672234487	0.010041363489446	0.00212888403158137	0.000755057352951869	0.00125839262846022	0.00796761311564052
0.0114785941283423	0.00940017028862781	0.000474420350115088	0.00498399654464595	0.00423946203649147	0.00917939803754827
0.0127455512056019	0.00732394351204083	-0.00774539460299544	0.0120151272567341	0.00310391836043462	-0.0114485314695746
0.013183240266698	0.00541206577673768	-0.00497711925414039	0.00939315470173872	0.0104604864148341	-0.00183025102036846
0.0128366782154923	-0.00265389142573244	-0.00246149141517199	-0.00722702920882873	0.000991673557053349	-0.00267339358733829
0.0130585407272575	0.00225367843656705	-0.0110830395978039	0.00946187318471427	-0.0043907481572935	0.00214906346163385
0.0131445282590601	-0.00662024589837946	-0.0191117520304664	0.0102515397511151	-0.00908820137580541	-0.00193449172939531
0.0130206325181688	0.000852727849327705	-0.00453072612428316	-0.000243578759161385	0.000718161748836255	0.00235632420697834
0.0109797019625532	0.00629358224742523	0.00604916986448668	0.0121908290064015	0.0110734157271791	0.0107485678109168
0.0132243239937144	0.00462872958513883	-0.0111782796226352	0.00491578529454359	-0.00630628025547185	-0.00281375932861745
0.0123349046959721	-0.00312120783966302	-0.00334051009237456	0.00195240738381067	-0.0265345305034868	-0.0032444153848335
0.0129948416431324	0.0062205277323927	-0.000138715401000557	9.24947319649824e-05	-0.00802058521764305	-0.0134786851263354
0.0127191842803551	0.00212318913664622	0.00225131157291127	-0.00454989533042636	0.00207278754214051	-0.0136125326370145
0.0124553862963733	0.00856139729069772	-0.000954620459631716	0.00265684875694472	0.00598493608374458	-0.0151604188780006
0.0136267001061194	0.00152933801065835	-0.0131632141480522	0.00686949324088565	0.00280239497393116	-0.00363136707214973
0.012152156452795	-0.0109762759975246	0.00135830138559467	0.00684372803744064	0.00175760082050139	-0.0142323906628508
0.0135534723941543	0.00764226964781841	-0.0132390258942152	0.002080536717139	-0.00878439952041047	-0.0275683502098077
0.0125980672461094	-0.0065348394069784	-0.00954047124362668	0.0116923134669023	-0.00161450541957666	0.00311540028184821
0.0120782293756598	0.0230455913343135	0.00164805313513803	0.0114374284835195	0.0273726631582465	0.00742974231115736
0.0103038165514327	0.0131454155621228	0.0215814690050657	0.0119687992031349	0.00279442224260494	0.0045810917894759
0.0121810486847677	0.0222709036872465	0.0108809445184987	-0.00714417100482543	0.0139433955684153	-0.0032061998459227
0.0130275511036288	-0.00871031581087124	-0.0140198383588627	-0.0113177372350356	0.00160306427184247	-0.0155297717480581
0.0123935050035768	0.013384102786685	0.00896196185073133	-0.00165077323997759	0.00502244835854405	0.00151879114130071
0.0124335648216235	0.00583344220435499	-0.00199946479386882	-0.00935366493510528	-0.00127606754980398	0.00974388972055316
0.0107465922289371	0.00307911713400343	0.00641110972738657	0.0138354755166964	0.00473613263288757	0.0329620214312923
0.00952690663980374	-0.0187977160914682	0.00301628586164319	0.0397380338033633	0.000600881122284988	-0.00895644590492306
0.0124474641895245	-0.0189748990421054	-0.0165882916147645	0.00140677053096938	0.00263032704475252	0.0107475558130429
0.0127310755237479	-0.0198911736940723	-0.0121146552650675	0.0109290067195021	0.00790221334626121	0.00499413450617822
0.0117048641529392	0.00904605655246862	0.0138032138924712	0.0073738878627742	0.0243915241823471	-0.00243961943572442
0.0128337261183885	-0.0229044686408885	-0.0190053587443033	-0.000513311157475617	-0.0101848860732733	-0.000225764036029971
0.0128606954941887	0.00806402492540842	-0.00166011479394542	0.00161576928597308	-0.00527645173818469	-0.0237657304670167
0.0122399656064363	0.0037128581971318	0.00405882211612179	0.00640515708400449	-0.00632091505265314	-0.0247872524150525
0.0125416775266472	0.000317927693250676	-0.00299778461995352	-0.00151136143343422	-0.000607433907373777	-0.00979776538811158
0.0102312884073998	-0.00917684319148868	0.0108888506394557	-0.00513426255399545	0.00877452486996837	0.00499613437714027
0.00904374333160601	-0.0329937119908209	0.0183187780814051	-0.0265769650760966	-0.0186419255187259	-0.0201394944465341
0.0115778267989393	-0.0276078697485473	-0.00396551230200223	-0.00613090591496285	-0.0150779548868983	0.0170374863981037
0.0127278160666552	-0.0025865367923596	-0.00675950727407835	-0.00465769127984625	-0.000167059685470252	0.00763376617358504
0.0123038854268472	0.00393513691250538	0.00289768536288244	-0.00765720459810222	-0.00548716405159601	-0.000700748498674914
0.0118466792036648	-0.00301430380608303	8.82537588691376e-05	0.0135659010247773	0.018147827030206	0.00950129887826957
0.0125406961386061	0.00511051877997271	0.000415837366151878	-0.00520817186549687	0.00378381807259235	0.000670649795635958
0.0127509847804702	0.0149353165649962	-0.005457659351367	0.00831906886950303	-0.00465319528755376	-0.00715526231385487
0.0120482964395069	0.00260276300740277	0.00693213972023219	-0.00514765605063503	0.0016544920960997	-0.0058534627372996
0.0127372240234833	0.00511000435329223	0.0119091868932162	0.00551349407507404	-0.00880145841982185	-0.0040501998902151
0.012483391852969	0.00518853887961812	-0.00502124140477204	0.00518442040702609	-0.00348780178859504	0.00884440169103674
0.0127114912949939	-0.00478314017923031	-0.004669891121989	-0.00707118918071855	-0.00072874865878942	-0.00279061805488661
0.0122751871986013	-0.00502042619666234	-0.00956148227841599	0.000714054394060038	-0.00124337253404204	0.00234567718309741
0.0125084760699932	-0.00190693807606536	0.00149845338946359	-0.00262210230703184	-0.0136442321382748	0.00927398692949459
0.0110798637918068	0.0180237222537535	0.0158212953249292	-0.00606638575445075	-0.00737387666064689	-0.00713394294273911
0.0122531768351748	0.0115463712991139	0.00466899492462035	-0.0082673773380689	-0.0134004747054824	-0.0107693226106152
0.0118944152789546	0.000944337467577038	-0.00799252340659711	0.00798794407776628	-0.0149988301135572	-0.0030013778460895
0.0110025335482329	-0.000375309663421371	-0.00358050402544933	-0.00208022039207911	-0.0227464543132793	-0.0222346125622885
0.0129483184751734	0.034588519722837	0.011910911664401	0.0181887584369058	-0.0151988150599815	-0.00195654018045712
0.0126049281318606	0.00166794735121955	0.00137189187605112	-0.0123155220297431	0.0150919503427235	0.00191290365196027
0.01270272472881	0.0030655769018554	-0.00835070774767365	0.00957744238267236	0.00811952173980363	0.00186955648388478
0.0114763878245284	0.0220783015611455	0.0188840423547225	0.0165148711620754	0.0131472787549205	0.0197933921674786
0.011368274678949	0.013426509345523	0.0229886162601458	0.00276616589906306	0.0235917228254418	0.0252590669261918
0.0120841584793316	-0.0187553474911772	-0.0125363673579811	-0.0303643390310692	-0.0199036780014505	0.0175388100280322
0.0132607907552042	0.00273623184851344	0.00044773074293771	-0.00796093376244159	0.00155360665160251	-0.00629640973861304
0.00912612136411922	-0.035969460493276	0.0309523889937075	0.00659290727300564	-0.025188569741792	0.0185087863107438
0.00930956263586099	-0.0265841032179705	0.0302469824048448	0.0265079133021368	-0.0329981276793449	0.0232972475136978
0.0122660040365712	0.00743667569207666	0.00203903779766106	-0.0170590570058636	-0.0101104964081821	-0.0130405712467341
0.0131209965488623	-0.000702960072026238	-0.00509465014726309	0.00236676060639366	0.00401984579480807	0.00105441299112913
0.0122484905616633	0.00426534127550349	-0.00218881972830032	-0.0152661025248171	-0.0135698016819747	0.00206531197014352
0.0125323471142782	0.00260543802078307	0.00461253014842712	-0.0106855776734534	0.0127338246748405	0.00273359984131481
0.013260258143958	0.00218503493634389	-0.00504214619695571	0.00414460120744454	0.00490173792573403	-0.000279345342664692
0.0125677484162103	0.00406511457225639	0.00746643100484387	-0.00185399965126734	-0.000868057320746478	-0.00651935932487168
0.0125039723773761	0.0108673862195802	0.00109966294273847	0.0200864892106298	-0.00152813275235441	0.000360709221652857
0.0126486019508841	0.0308725307583543	0.0130688213013224	0.0206831987348359	0.000961376655517245	0.0199850594025811
0.0127378951474373	0.0321649735129372	0.0143745344433206	-0.00379547501702269	-0.00527161209078594	-0.00222132436423255
0.0128026508953787	0.00400178882527315	0.00579323809956819	-0.0073782268000345	0.0179779454012666	-0.00217516874402637
0.0124662880894421	-0.00801321901949373	-0.00279404887117112	-0.0212244874754867	-0.00491247614310746	0.0020607771289257
0.012616905830685	0.000656420672030247	-0.00209865632988986	-0.00211888461795153	-0.0203177181267779	0.00796480062400745
0.0130295742247386	0.0109463279473604	0.00124918456769361	-0.00605018902921252	0.00629320786127524	0.0139993720189908
0.0130393123721061	0.010641393197992	0.00156414850565033	-0.00634949473838878	0.00407464624022678	0.0132394431018712
0.012316279777204	-0.00362820630975773	0.00669659605023053	-0.00665807117379899	-0.00541962758335512	-0.00918719882655378
0.0122100620195238	0.0116330428005507	-0.00052279029383177	-0.00279237055791775	0.0104146828989215	0.00557851607035995
0.0123166075953073	0.01197396135973	0.00191714202150182	-0.00477604731393756	-0.0173702320549829	-0.00287993328007711
0.0133309340804895	0.00136060161223285	0.00062813067490675	-0.00907921013598387	-0.00698951703737029	-0.0102796555167752
0.0135316982434878	0.000605031433565082	-0.0001995335328955	0.00605524054380581	0.0039051674790535	0.00630853342301508
0.0121232920703444	0.0099057438960763	0.015607532502033	0.00739822435827368	-0.00749778719462013	0.00442190819213759
0.0124784007675268	0.00436487764823177	0.00420374410730653	-0.00963877722358368	0.00628363192734213	0.0159882126519279
0.011144191092571	0.0146160616519193	-0.00643380078256933	0.0202854895929124	-0.0350181988970662	0.0100185669892863
0.0127796006963954	0.011252053309846	0.00638507928107893	-0.0121850286365291	0.00272544435548683	-0.00109870833693905
0.0128525144899771	0.00361729159962611	-0.00684327509406577	0.0169325649232162	0.00734263832937965	0.0203323852153431
0.0123738265608223	0.00751569751353174	-0.00458618718958742	0.0133349282520384	-0.00860814172395639	-0.010859390429531
0.0129808311639518	0.00718028502763775	-0.00236806724546255	0.00689756555896639	-0.00872240907177157	-0.00646923287726386
0.0128312622142399	0.00493106816432648	-0.0136143590552954	0.0197287898329008	-0.00925815580144792	-0.000204107501460792
0.013306091250541	-0.00236903374567394	-0.00666925376220959	-0.0121936616398313	-0.0039295377946804	-0.00053033100858118
0.00931363135704428	-0.0138726400807348	0.0220008171030287	-0.0149526860671718	-0.00749663293784724	-0.013609443230374
0.0126160158576982	-0.013548698975779	-0.0134435554431279	0.0199912024554824	-0.0247498508130598	0.00241806621168721
0.013053542321936	-0.00472471153155688	-0.00754279029707656	0.0141114036897913	-0.00369345894879984	-0.00240107703481543
0.00996377156739128	0.0233563631696948	0.024892713840108	0.0298900122836375	-0.00139869524651128	-0.00394674724320922
0.00818140426905848	-0.0450476166245233	0.0623758106931151	-0.0338474165972148	0.0453477094193391	-0.127690450012003
0.0126532752946031	0.0018568589976612	-0.00330857195835054	-0.00162484667641688	-0.00555132131317119	0.0161384262397985
0.0140967325263492	0.00648039180624408	-0.0168885443034889	0.00434060143239203	0.015750798860936	-0.0134114084929668
0.0126755239174599	-0.0135512498302641	-0.00843077370626302	-0.0140658003199053	0.00671750295978004	-0.00479192944108818
0.0132489055703341	-0.000290931486855702	-0.00294795790796185	-0.00430162068537566	0.00285674978830621	-0.00165067878996894
0.0133037504688146	0.00267535522015434	0.000301706620279552	0.00200428429654666	0.00133572374600258	-0.00339981962968826
0.0128493545548667	-0.00283142149107753	-0.0108681078384716	-0.00776990992922921	0.0152804753783601	-0.00529178309294475
0.0116211089281522	-0.0146034070977392	-0.0216052217391572	0.00256257530828533	-0.000495661545068434	0.00276489458674975
0.0127071523586967	6.57478570741917e-05	-0.0141006930118889	0.0194066998823002	-0.0210800445159541	0.00488696484310545
0.0121605335002673	0.0223354565793388	0.00744151915702276	0.0230078716476649	0.00573856900154027	0.00131306689656882
0.0125602544862162	-0.00483000659294891	-0.00643333451661132	0.00620442070399939	-0.00321430744330176	-0.010120347310706
0.013034078225659	-0.00100284111562354	-0.00997349048362575	0.0105052426786368	-0.00947365870232806	-0.00840974193680272
0.0111459111002844	-0.0019620818571702	0.00857229913430306	0.00595465064977322	0.0233587312742924	-0.000839908771225509
0.0133692853900254	0.00613747859200871	-0.0065093634305558	0.00432990941909439	-0.00454267104812152	0.00451817887393637
0.01266047772264	0.00116416534173983	-0.00644472883019323	0.0168604603673275	0.0094208114186897	0.00687097141633994
0.0131067063246895	0.00302605430404757	-0.0124159203585304	0.000951872157420449	-0.00787359488060997	-0.016540292591849
0.011945283979673	-0.00355558018312978	0.000447716999312649	0.00899659199573938	-0.00623681489418467	0.0108548158499063
0.0120769730658531	-0.00376522187843934	0.00612872151392352	0.00616908557876104	0.00856307382312226	0.00193157186367818
0.0109663142504691	0.0243424954677327	0.0202661683718893	0.0318040349108166	0.00192748709854628	-0.000309477476693474
0.0120981727110176	0.0160992043966421	0.00584002576613614	0.0145956400806575	0.00482089131124938	-0.0110767878579787
0.0130718384280956	-0.00788416240013073	-0.0120850901167122	0.0049758383371993	-0.00375117452995039	0.00241365915822503
0.012478207527386	0.00408499207992416	-0.00393134383123103	-0.00147322277318488	0.00321877515070963	-0.00464678869944086
0.0115227420285214	0.00579470286525584	0.0184832264536375	0.00727900270355262	0.00761975901179785	0.00780065451066203
0.0117540103452959	0.0141076119392257	0.0154100964172839	0.0218045045213256	-0.00412641514463056	0.0187098494965571
0.0116468875850044	-0.00517580391768999	0.00969520793106587	0.00547486944442677	-0.0319458288075535	0.0208276087982281
0.0128825734106084	-0.0120792203179422	-0.0130978013860111	0.00214358308024906	-0.0172815554013036	-0.00283371519353856
0.0127660821071733	0.008563509512521	-0.00577223956430324	0.00519124678658258	0.00626413142483446	0.00280496448445263
0.0127054079220703	-0.00526804631673163	-0.0266712045043443	0.00393613461738146	-0.00871108917315474	0.0187222125796769
0.0118054711272646	0.0295762080659844	0.0163886587493505	0.0181542432905411	0.00119075094356451	0.00745075810174158
0.00844996952702523	-0.0479586985517649	0.0388696784445874	0.0196267881037493	0.0329216675137735	-0.0210039548786004
0.0105123475539253	0.0387505453223029	0.0341022166573549	0.052840017205462	-0.0233270635240786	0.0145565383279405
0.0115519840526206	0.00435350569673981	-0.0156712005075264	0.00676135490881147	-0.00012424879861793	-0.00230822218389086
0.0111899223271939	0.0230496303343251	0.030428992290665	0.0219157429717966	0.0161438054766955	0.0145299774300094
0.0107589180702956	-0.0120972523337747	0.021793147845812	-0.0175183770464778	0.0190456150091025	-0.0240653072804206
0.0124257492444594	0.00557853257385968	0.00692072591157685	-0.000509909832984636	0.00554120113933088	-0.00531634633273931
0.0125095825160719	0.00178846771798921	-0.00203958085040918	0.00586691436578378	0.00520087876212544	-0.014680329477444
0.0125756712450968	-0.00236522230376043	-0.004538362783822	0.00366827079936032	-0.00850975703204668	-0.00129088250205045
0.0124354766608234	-0.000688909860166421	-0.00495537462488199	-0.000790652933806183	-0.0113551081406178	-0.000338270546112322
0.0128848842694402	-0.000334499995200593	-0.0101068124139932	0.00454684772714686	0.00671948806581736	-0.0018877714995598
0.011510145209349	0.00447716893019104	0.0118082418127437	-7.22059504165173e-05	-0.00339240869364738	0.0125320745478544
0.0133125630510488	0.00954576275775157	0.00101861921571912	0.00288092907551394	2.68850278214898e-05	0.0124853837732467
0.0121437511323571	0.00125976957960544	0.0118422885561246	-0.0162148256062141	0.00904546631002694	-0.0025924052953524
0.0128907000268512	0.00936449081481127	0.00131107592284677	-0.00544232952879531	-0.0134630933228939	-0.00458265877702157
0.0131472163218402	-0.0105752397965066	-0.0162432643814286	-0.0130601441770962	0.00182248845101043	-0.0279431531928837
0.0134202065819097	0.000167543284842915	-0.00598184094872873	0.000241020586112274	0.00264256897047494	0.00484915533713515
0.0119687802532617	-0.00850712497882881	-0.00466659157403003	-0.00439515988871238	-0.012859883832458	-0.0125654292242908
0.0118331218493665	-0.00789081921066133	-0.00426701303364709	-0.00808292626919946	-0.01615170561459	-0.0128796070726071
0.0124976945801074	0.00462006055033038	0.00467197583445565	-0.0100098636521602	-0.0180040639822423	0.0065202072010434
0.012486912050397	-0.000374811501537461	0.00394823052141824	-0.0238564899029269	0.0170866077914137	0.0183083646154702
0.0125000315200707	0.0262793848743086	0.0212848687622351	-0.0138876016632	0.00661037268142114	-0.00899764333145261
0.0116114338460311	0.0101062030379016	0.00705890823785179	0.00486527622764162	0.014078499528158	0.0196051652269968
0.0131221870383214	0.00448899431701065	-0.00236110198444381	0.00153469567204979	-0.0112867241981937	-0.00275933763699144
0.0129066636548706	-0.00284848480935843	-0.00783110398191307	-0.0040475801394348	-0.00780020923870336	-0.00456454930535044
0.0113349990931467	-0.009698427093059	0.00552404258821046	0.0024941796978539	-0.0215925960804671	0.0145536242573607
0.012562258195095	0.00231301909331553	1.67394562199368e-05	0.000197139389158069	-0.0062439512763421	-0.0114795715244243
0.0123532245886491	0.00547912131436993	0.00533169036665599	-0.00423528180911262	0.00499615279455827	-0.00770057586005776
0.0107401967326856	-0.00374263319086578	0.0147722638097628	-0.00768370643713638	-0.00415962653650872	0.00758883205559706
0.0119442025107186	0.00729832133489758	0.00333178946322449	-0.00124723374470193	-0.00735285668567931	-0.011460745843396
0.00757234597350412	-0.0462413904166397	0.0332725968586691	-0.000386957038599797	-0.0279455856160881	-0.0327873806812095
0.0138230199709323	0.00260410476443179	-0.00521784214310383	0.00630563050511698	0.0066439512236985	-0.012108353276778
0.0121545041723637	0.0034657239701611	0.00575033610143576	0.0146488159333438	0.018340938573364	-0.000118221884946827
0.0121831713475829	-0.00508204868092409	-0.00247288989662225	0.00464216617833591	0.000632163882873646	-0.0119029987530052
0.0131696242713785	0.0025173119714777	0.00445599805693928	0.0022089228599876	-0.0086709306150042	-0.00200320532922277
0.0110299922205231	-0.00888842844770107	0.00541547360123568	-0.0346032952247262	-0.00381010988989772	-0.0228352752799886
0.0118866699110374	-0.00395078822855108	-0.00819670253535446	-0.000619668591370901	0.00249333785547571	0.00828791684066553
0.0123308804908811	0.00177404551330126	0.00314169258937387	0.00432172250923028	0.015042987278769	-0.00519232976256384
0.0121373885422608	-0.000451778508465831	0.00662037627690826	-0.0107662442407503	-0.00738526027808686	0.00570050661292235
0.0114978741414337	0.0107410462569594	0.000852768585973163	0.00126639646115062	0.00186709149045928	-0.00245263628288838
0.0130463270256031	-0.0104275252876327	-0.00389210810338134	-0.0046684513158646	0.00162097392557888	-0.0043827509653461
0.0121315652951976	-0.00100055581128479	-0.00519935331724219	0.0116976457150509	-0.0117500642774449	-0.0140374468412768
0.0117580003840771	0.00827735176877622	0.0104539576445307	0.0140216017633783	-0.00196462994743374	-0.0189394380731683
0.0125997027943286	0.0033818290483068	0.00274171799476725	-0.0148327013075019	0.00756552964881324	-0.0162659505320249
0.0137156112300816	0.00353807529934917	-0.0118949187189823	-0.000866162380981398	-0.000435305337611288	-0.0114950069186366
0.0130010685982944	0.00131641511458226	5.56093714771666e-05	-0.0161131653996734	-0.00878864623524976	-0.0109995667259582
0.0135780770634511	-0.00259265967840359	-0.00374065844038149	-0.014788230061133	0.00163275873898204	0.000430490311473961
0.0128706439430686	0.0087149652210323	-0.00234747562742377	-0.00272974648423563	-0.00872487177457594	-0.00371475165829568
0.0124207495633347	0.0337391687219829	0.0236805991915487	-0.00941979786032786	-0.0124956745875426	-0.00283398606920211
0.0122445062938821	0.00619392426004307	-0.000710023650383574	-0.00168671901536752	-0.00211420447819508	0.0183906052301862
0.0116779009798082	0.00525343900807536	-0.00792117306215835	0.00961023005486671	0.00587363842492788	0.0100987904414918
0.0118867386671411	0.0341223453077206	0.0115334659073211	0.000902230320317696	-0.0106218503182451	-0.00179978017402982
0.011644903443442	0.0417082114822154	0.0228130484606841	0.00228506843041205	-0.0309222584957418	-0.00447644873751366
0.0106171319087147	0.0165754422011187	0.00678281527666494	-0.00453434567964627	-0.00106053834210784	0.0063389459122008
0.0109182548647796	0.0105036865989049	0.0103682459096588	0.0204546180587058	0.0228916750113546	0.00611061025410657
0.0120188987289552	0.00249225779617709	-0.00359548990968164	0.0126343294848627	0.00410627174266004	-0.0222344973394427
0.0140606841663195	0.00424156609538715	-0.0126002350269239	0.00481819440165544	0.00237960624433243	-0.0063459987924495
0.0110954513331822	0.0327978466880631	0.00787546358905833	0.0295593321596264	0.0173073527253073	-0.000654739645519035
0.0110044359449094	0.0200903804216855	0.0108701379183117	0.0382653111331131	0.000585131819294137	-0.00810866137549954
0.0133153926912394	0.000348229873080537	-0.0116047187718304	0.0053570509993813	-0.00253184418603357	-0.000952055462505986
0.0125372594638637	-0.00541249316474899	-0.00269015015060164	0.00550703863335115	-0.0114165731325002	-0.00011372041510218
0.012537574776414	-0.00613978485114881	-0.00339118276789754	0.00482435374443999	-0.0130340156036987	0.000477732511124315
0.012249275885665	0.00476915043545108	-0.00504451514510194	0.0131777119687744	-0.00974893682299941	-0.0149076056082158
0.012793045448299	-0.0135068450779446	-0.0145901107131306	-0.0142211193457728	-0.00345159190177129	0.00921144511071394
0.0134969776897593	0.00336591254500744	-0.00933338404781521	-0.0019898852696651	0.00880505061116102	0.0112652207760079
0.0122975858713168	0.00881392547376428	-0.00328542502957492	0.0033855840815406	0.00918185888613963	0.00692356143829631
0.0133319535646035	0.00544408686854553	-0.0067253017615643	-0.00815416890260403	-0.000133603002499076	-0.000418359452513113
0.0131416177706426	-0.00316976002802716	-0.00644232400266953	0.0213007533079183	0.001200315194821	-0.00212638285514209
0.0124755495985724	0.000296240919897303	-0.00581562100690861	0.00345660092267372	0.00934834028304404	0.0121795454854394
0.0127041467878489	-0.00394576230986905	0.0050643880427487	-0.0038296308734655	0.00146257952208744	0.00450780769891191
0.0138132643704379	0.00103260079707127	-0.0109652967958524	0.00666205776883432	-0.00073745648687426	-0.0116241339539726
0.0130094389130462	0.00712175250483258	-0.0120719471920596	-0.0109562269176567	0.0137749788735789	0.00530287267557893
0.0132361183306869	-0.00112748549100614	-0.00567988287748147	-0.00681165767555977	-0.00100147300608937	-0.00472006718735177
0.0133649312255506	-0.00717481956340228	-0.00818653293917968	-0.0015650564007926	-0.0211961775983803	0.00378423108538417
0.012835449950282	0.00612326515772014	0.00486337566828051	-0.00712829254960011	0.00234190711097839	0.000791405438255891
0.0117944994824656	-0.00742482708204998	0.0021193281045137	-0.0207022526683968	-0.0116522277581964	0.0107097030341299
0.01100089873441	-0.0128909477764803	0.0061714749160399	-0.00138053395604493	0.0001257564349426	-0.0142560528130668
0.0112512692261731	-0.00937112333805227	0.00454320149551368	0.0232002000827987	-0.00615487997092567	-0.00365524266817141
0.0134049366699959	0.00545115154491336	-0.00848011192902957	0.00209177131708361	0.00195033658226067	-0.0144650354606878
0.0134736707683918	0.00576690008045034	-0.00683250327328112	0.000617010373414909	-0.00692831068148819	-0.00608452380358492
0.0121230953718332	0.00594233268066169	0.00414783865695897	-0.00239266979727998	-0.0211645155388019	-0.00858860690660902
0.0128230727639179	0.00427079632647772	0.00354821323182078	-0.000325848733700631	0.0021548974444665	0.00252044029143933
0.0132273428827126	0.000858330755710181	-0.0118932500680662	0.00027722519309635	-0.00808268563489234	0.00697964927761846
0.0118062303296856	0.00668866931865239	0.00595065601047263	-0.00337730347284963	-0.00554557089917042	0.00333821509764763
0.0127546199602771	0.0053246827955282	0.00146383835840219	-0.0105690280145621	-0.00259548635568613	0.00516049252366594
0.00969373695639711	-0.0158556339144469	0.0262835399040031	0.0198529808066213	-0.025055091046843	0.03650491443022
0.00986750911482814	-0.0281316958216948	0.0236322967179959	-0.0238096202580321	0.0137011619912211	-0.0412539663241759
0.0125917576404433	0.00454891802753248	0.00914738147391159	-0.00404078561727983	0.00110244596515207	0.00533948584721823
0.0142507946327524	-0.0049125680105152	-0.0094518927842745	-0.000841392827250916	0.00149100441539886	-0.00378184775540235
0.0142836422081572	-0.00506959947507866	-0.0107221507228792	0.00395549204558269	-0.000462200534143655	-0.00766811575632717
0.0123576144086384	0.00464272668103189	0.0112133582463154	-0.00853420598401109	0.0063447857851474	0.0030004648339164
0.0122093377318236	0.0029808639825827	0.0041356605409562	0.00189015698684003	-0.00108814526904022	-0.00260499141414575
0.0136379792907369	0.00192857964583038	-0.00371085362327834	0.000792304049377732	-0.00590465806764657	-0.00971773280057093
0.0130150689358571	-0.00590790222068495	-0.00780598899284927	0.00343791915336748	-0.00287322246028125	0.00206826768974626
0.0129572032493924	-0.00382633133147498	-0.00475457035518189	-0.0158582786858046	-0.00362346852970834	-0.0059620727008115
0.0132587176452287	0.0125556802637063	4.44744539625334e-05	-0.00953195937282854	0.00556587668364636	-0.00824700694611881
0.0128033452399015	0.00608543014973763	0.0064529229673361	0.00390852010909842	-0.000597300349066315	-0.00511041236923694
0.0127632460080926	0.00559672228038977	-0.000285347553066125	0.00799201740658323	-0.00711605987781954	-0.0111115197734399
0.0131012488026822	0.0123758090199653	0.00645862289920244	-0.00653423338002253	0.00476537210613833	-0.00378761628997755
0.0130320552285782	0.00471826827808689	0.000104289065194327	-0.0141843558203255	0.00709865481591258	-0.028021649494997
0.0133948351068276	-0.000159355573852016	-0.00613238767728754	-0.00919717912609262	0.0111618269168051	-0.00779946033046153
0.00927215928270847	-0.0241565467097038	0.0294489067966478	-0.00570697664312762	0.0380620165126204	0.0214455782247296
0.00848456997952518	-0.0471637134801863	0.0125762106808326	-0.000170301043955622	-0.0164475438583752	0.0410670043387296
0.00985833383618293	-0.000116744944739554	0.0214383977706657	-0.000104728538849201	0.0187475676583348	-0.00198108185305763
0.0130726964477175	0.00592526449921554	-0.000114113397504684	-0.00883011710528918	0.0109868354837185	0.00368811174670461
0.0120959250877487	-0.0321896909123965	-0.0160950189556014	-0.00771352811657441	-0.0230592640912754	0.0168069135704308
0.0115726757103482	-0.0137554835534687	-0.0171760614651289	0.0166437432981865	-0.0141165724770713	0.00463537709649774
0.00910119194268336	-0.0347528681673865	0.0485594693992955	-0.00891350383053365	0.0102783809637565	-0.0257122236515796
0.0115821728800062	-0.00900462981725972	0.00394084916309992	0.00955079070645728	-0.0101551964333173	0.00241748643896739
0.0121773681190968	6.65792428064687e-05	0.00475379370898182	-0.00623003291614119	0.00787965681366675	-0.0170377526293084
0.012898301576238	0.0107451517838479	-0.0063972601614549	0.00661082167478087	-0.0134039506847486	-0.00493222785296293
0.0136782232640137	-0.00883343451580703	-0.00883716273078026	-0.0090441530814488	0.00820921335936673	0.00550991146695835
0.0120816479598927	-0.00345502879627127	0.00476863135673568	-0.00496842384328211	-0.00122177428151141	0.00321334620218452
0.0118560449788799	0.00699372572842628	0.00189713650571126	-0.0221833844672074	0.0181938760567811	-0.00142455360507017
0.0133395884147307	0.00643392704819373	-0.00582176364851491	0.00306184095596205	-0.00820491608144833	-0.00613216206962898
0.0128033776688307	0.000932176323211845	0.0062583457955143	-0.0018151455825472	-0.00529994337068157	-0.0108590875787097
0.0126724482048493	0.0052098227684953	0.00263400832014879	-0.000465596412614513	0.00865508305131558	-0.0088295845680401
0.0129779296950665	-0.000662870011129639	-0.00813123008919971	-0.0117074965891722	-0.00076364464160557	0.00508883808314016
0.0112947824790102	0.0274133412338581	0.0159365110910409	0.00458457751311067	-0.000772291046766892	0.000366833843046645
0.0119934999891348	0.011805700179091	0.0102466293603231	-0.00516456555851166	-0.0112432743565137	-0.00688442973560232
0.0120838755779127	-0.0167379007206039	-0.0103866377231297	-0.0184663200091906	-0.0184444782725691	0.0123065795760469
0.0115277986000754	-0.0171224794147062	-0.00481269193841383	-0.0156254360236441	-0.0173650994948033	-0.00784199183064339
0.0125310459129516	-0.0108294638201947	-0.0108427490476684	-0.0205580858566556	-0.0220434257207717	-0.00970156172591748
0.0128676989381894	0.00838945169357753	-0.00111683785011925	0.00352733090465234	0.00816237441806798	0.0114739807987486
0.0135590508003048	-0.00595438115494756	-0.0177573262809963	-0.00838507791148656	-0.0201788900029251	-0.00119543558895463
0.0120198099596865	0.00648391901580089	0.000339496554662224	0.00672225153326675	0.00511711938278066	0.0220784902610327
0.0133168363061695	0.0053621867777223	0.000273313573619408	-0.00618110837450064	-0.014288682255964	-0.00349065998863705
0.0132942598949989	0.00387550272195627	-0.00245346284289591	-0.00242969648240079	-0.0147956225402569	-0.00427417907010488
0.0133327922386658	0.000459434653930306	-0.00747546593950995	-0.0022837457978331	-0.00480340726584263	-0.00877834235865555
0.0134131313067944	-0.00114429083672682	-0.00577842221503924	-0.00395511195008033	0.000652131714861544	-0.00539270941515439
0.00966807927800764	-0.00685121138106183	0.0237882833770782	-0.0338288441405672	0.00316445363323348	0.00453397604114418
0.0133214272809958	-0.00202383994709062	-0.00434995963217006	0.00352021472479439	0.00140789505351912	-0.00604687263194798
0.0128069841694457	0.00942994371773985	-0.00718163554606557	-0.00547602921102648	0.00510110198001979	-0.00697594995276384
0.0119485485692367	0.0170956317382922	0.00218503225509223	0.0193956520903661	0.00490636632462561	-0.0159431666234407
0.0119727058416617	0.0155983795741772	0.00467251554704515	0.00039984369917041	-0.0135021573745952	-0.00331339505164198
0.0106916859193926	0.00212132371347067	0.0221786099721905	-0.016042053467484	0.00836753657037859	-0.0102287145010054
0.0115417850129137	0.017841712556406	0.00620124828984003	-5.11056912724083e-05	-0.000165463141982357	0.000740913314406906
0.0101972488603277	-0.00895464435196405	0.0243747895043069	0.000431119921687911	-0.00187031141788741	-0.035736028877988
0.0113874257149853	-0.00922149749216085	-0.00993930720059107	0.00879090240795278	0.0182619669579926	-0.00138780297341611
0.0108187510705401	0.00364918782149383	0.013189761329063	0.0062469961252696	0.010664915249978	-0.00403612660012931
0.0121331935238896	-0.0144889212025161	-0.00353011044965006	0.00388188712445808	0.00557700722509955	0.00957836941941197
0.012999073959585	0.000838964586132416	-0.00429144661670863	0.00293628431346066	0.0074881855123262	-0.00948801565234192
0.0129870310207366	-0.00173440762031689	-0.00496001898238438	0.00256776126541229	0.0032038024712131	-0.00092963676260691
0.0133044261583425	-0.00414986199126031	-0.00892851924807756	0.0110430292481698	0.0060591474380688	-0.000317948256218196
0.0129176269120139	-0.00324982511088851	-0.0101830389221843	-0.00268575600155137	0.0142585664115693	-0.00868659230718246
0.0131724951263287	0.00464959436820002	-0.00447395549810873	0.00756523961291648	-0.0025367701980545	-0.0100744136418853
0.012132406825458	-0.00277840712245617	0.000881069840489333	0.00442959772897353	-0.008453090164014	0.0142185171259795
0.0126715194526755	0.00765902282203713	0.0039341653251953	0.00959343974824309	0.00256829986274292	0.00500637377033953
0.0124945411601133	0.00663618091655684	-0.0014569811922725	0.0140575071258899	0.00442822881354667	-0.00184791478745626
0.0124396676837308	-0.00503920939176728	-0.00416823097111979	0.00200863862658914	0.00441040134983996	0.00581761714440848
0.0126754795545251	0.00457419238106035	-0.00194290280369741	0.00138535747134906	0.00559969542691076	-0.00892495861557108
0.0137576005596831	-0.00577813355283296	-0.0114999191811538	-0.0114077399018979	0.00163284683360889	-0.0019443146005215
0.012086250623978	0.00549729196444924	0.0116647160666703	0.00139705375792778	0.0093825677425213	0.0136419029722727
0.0134328496510413	-0.0059895879260119	-0.00651018410222167	-0.00115794060976618	0.0169306158625332	-0.0123364343380898
0.0136122203587582	0.00111511495224416	-0.00968390605374331	0.0144390634156045	0.0077800011774703	-0.00271038249909585
0.0138227911485349	0.00184293030899691	-0.009831819252935	0.0043187259425069	0.00293071528258158	-0.00504500098489886
0.0117948855997526	-0.00698152494525982	-0.00174959961502795	-0.000414026702662273	0.00173479904742901	0.028942399336631
0.0134972211867976	-0.00655370378011288	-0.0068694990812403	-0.00520776352735361	-0.00350193321203808	-0.00773515866238631
0.0131879802225867	-0.000554214044997718	-0.00387546872087271	-0.00712200682562613	-0.00365737045330762	0.00666109167474418
0.0135862278271015	-0.00462395287951562	-0.00548448412174892	-0.0162676779415898	0.0211933375682582	0.014038083772668
0.012918220490403	0.00506408774675324	-0.00677775921975639	0.00310959731292748	-0.0110329507800918	-0.00256848657516192
0.0125537114503685	0.014317229272816	0.00185447077320534	0.0195344546896466	-0.0169851987905268	-0.023692174278145
0.0127281744994169	0.00672236415302083	0.0023965187845098	-0.00258998621719407	-0.000697981439381005	0.000610703351627333
0.0126532772380056	0.00730655282382293	0.00342172262700527	0.000664135492544916	0.00163301164081916	-0.00258243195013692
0.0133268618040747	0.00026833038804356	-0.00161405452027691	0.00391829419317545	0.0064345022536724	-0.0134199080460239
0.0111363831001439	-0.00327468787307775	0.0098162404479645	-0.00713524135475327	-0.00754603247318357	0.00740763138653938
0.0124196719236409	0.0125394361919394	0.00681146739714297	-0.0100779826524139	-0.00190097253465472	-0.00411179613748413
0.0130473244375106	-0.00342614468318073	-0.00508650010894361	-0.00436995369790613	0.00829015794044389	-0.0232303071174686
0.0132338719998019	0.000735688704544026	-0.00537611621683676	-0.00899533321705034	-0.000538704194588521	-0.0153099298852469
0.0105291238908471	0.00483333410832503	0.0305739587638953	-0.00777016578777227	0.0131172568857043	0.0106035126555706
0.0131065662529934	0.0011460097343452	-0.00147047234346067	0.00228152146890982	-0.00166462884385506	0.00375968631822274
0.0134383381834885	0.00757304825645663	-0.00950867171803701	-0.00107242526799328	-0.00436133858434631	-0.0131815192113067
0.0110726226643641	-0.00943804105196222	0.0152088636615221	-0.0108683110567033	0.00389921518087067	-0.000286635542369101
0.0129389968220352	-0.00312605093888031	-0.0110087301146427	0.0136843359316329	-0.00952090915799167	0.0222452970871263
0.0123335081720936	0.00846022173631061	-0.00111910876343671	0.00863933446289827	-0.00158872882376444	0.0128623550350742
0.0127276292122399	0.00445819337521362	0.000379797258868713	0.00105321065903173	0.000976869494691801	0.00407869164202361
0.0119653427920571	0.0333676353626041	0.0109153968032658	0.0213405674039789	-0.0105082640652181	-0.028868879809317
0.0118478120734939	0.0137703965305242	0.00420776840013243	-0.00681506946180679	0.0156348853621872	0.00611859420562868
0.0127241352956125	0.00275991592925136	-0.000510918036473212	0.00871633264791757	0.00470729701619475	-0.00352018668713296
0.011204933324475	-0.0127885456320948	-0.0107285275650069	-0.00133587089916584	0.0197655187340917	-0.0139349314874509
0.0115688993031512	-0.00926641593873111	-0.00583137229354554	0.0131017179328962	0.0104265277308263	0.00551392736214672
0.0126677007655483	0.0048565193065855	0.00232598666731781	-0.00808002340033866	-0.00511742822298237	0.00956732798229523
0.0132906636470971	0.000456362802574599	-0.00773485925401134	0.00388673673890235	0.000638573520063723	0.000590112342774027
0.0139671535559871	0.00144903206558513	-0.0113878583935469	0.00878679933936592	0.00530615830972758	-0.0146937587944921
0.0125705101841073	-0.000679583932075027	-0.00958763771256161	0.000137002502193447	0.00181602590831426	-0.00901046016143576
0.00839120544034174	-0.068956768322585	0.0512081763048221	-0.0412209034053551	0.00907602868477133	-0.0920702716819348
0.012764625710803	0.0130995076167252	-0.00767285105843995	0.0131809011050459	0.00603031500280169	0.00542218142896881
0.0110381502154054	-0.0159686428227319	-0.00479213505092244	0.0104569417026977	-0.000229996059857931	-0.013305893600338
0.00843826865425982	-0.0336521975640046	0.0445868075145163	0.0150280233486884	0.0154763846999727	-0.0556612320954177
0.0127254257017272	-0.00269406791885223	-0.00573670669662402	-0.0047699492816191	0.0114468590040496	0.01648190244758
0.0110340390952975	-0.0145259124469093	-0.00129442007240841	0.0182699433545767	0.0221499825642302	-0.000781892666175883
0.0122563943200589	-0.00145012919462821	0.000607616119037268	0.0114808254351622	0.00679341741495444	0.00846685720220244
0.0115276886461034	-0.0102064466307799	0.000659418644744973	0.00860960382963104	-0.00652347798175295	0.0176009777583503
0.00739197942642559	-0.000433096527404577	0.0303161750585935	-0.024638770268722	-0.0252424425326862	-0.00754684644269307
0	0	0	0	0	0
0.00658119556054649	-0.0583130582960396	0.0139632602676578	-0.0390379031493347	-0.0248514815193644	0.0389112569695751
0.00942004544981651	0.000974940577223801	-0.00837925981977017	-0.0114710630615819	0.00394821830751045	0.0313812147334253
0	0	0	0	0	0
0.0103690803589477	-0.00471735965239115	0.00936009202506753	0.0158871896789817	-0.00543576778428597	0.0029016065129898
0.00748829450381141	-0.0652116259942098	0.0111987288927261	0.021710917781295	0.029277449012131	0.0413099003540995
0.00871611604183056	-0.0405637288288143	0.0321063302621869	0.0528562100089325	-0.00171509801894031	-0.0309342662760935
0.00688530940433595	-0.0474416590800141	0.0439806456940846	0.0870115057325413	0.0312965833150112	0.0126641388223272
0.0087806085449157	-0.0351635361996956	0.0237619632604066	0.0327119108566082	-0.0393724693101895	0.0141286649140471
0.0060892700800587	-0.0139605272330891	0.0595128080043556	0.0786802055006815	-0.131279662729654	0.0241278925771968
0.00869678839438031	-0.0258981406179086	0.0205887832627211	0.0313390974350152	0.0161536746475359	-0.0081006435315078
0.0105501633951235	-0.0121172382076014	0.0129797093667116	0.0157100574075456	0.00959737714375416	-0.00905795141055911
0.0119297378626726	0.00485428755686564	-0.000345679944782209	0.00625467386733383	-0.00743941576515389	0.00674854710069549
0.0128582493792686	0.00617125390935801	-0.00355333811142536	-0.0004047151631626	0.00277902645612063	0.00881738660479052
0.0104009954921245	-0.00654263522806243	0.0112504988517915	0.0136335597637261	-0.0153759069437779	0.00166528434096595
0.00819608465540646	-0.0336297164599056	0.0200567827975839	0.0317505605940719	0.0101593265319857	0.0160999600716653
0.0129056324511554	0.00244058760244957	-0.00741040878629462	0.00983678523099876	0.0121348496324258	-0.0111290241941202
0.0135513232692022	0.00324887296904833	-0.00647536124260954	-0.00149077954384391	0.00177245801675916	0.0159435038541476
0.0125249811250334	-0.00542498365522018	-0.000943667615487321	-0.00831141536144153	0.00753622634315478	0.00549037235581134
0.0119822987147234	-0.00499043396222021	-0.00304808935594704	6.66582192254716e-05	-0.00526190953985243	0.0128501130388015
0.0116996603829534	-0.0165322567774792	-0.0058824391331221	-0.0185927205588314	0.00559289128206764	-0.000251829046278603
0.00867410646615832	-0.0422060018396112	0.0429008251125716	-0.0129223616544011	-0.0177297309434669	-0.0715062465638981
0.0125097491504546	0.0038173111786906	-0.0072912919562474	0.00464822843353743	-0.00466844194210302	-0.00488396367858872
0.010022370142499	-0.0261773926373753	0.0140380431541378	0.0132967897829473	0.0101302149289673	-0.00674679084676504
0.0107270511319883	-0.0161362554699349	0.0106754531268199	0.012604150822552	0.00553694506686959	-0.0185343396958892
0.0103691664511119	-0.00808152272531575	0.0228057807322228	-0.00864804386795131	0.0127349927643718	0.00636992914797933
0.0111777275051569	-0.0159996149235706	-0.00453788912617776	0.020255196571933	-0.0230151757591625	0.00549781955705875
0.0107907124862112	0.00386883455720699	0.0130643688375453	-0.00547783948716676	-0.00732810696836389	0.0122017621896825
0.0129805637628133	0.00623254493341766	-0.00320717674939932	0.00932728389942983	-0.00610573363473513	-0.00317455617821238
0.0135274921091464	0.00159325745422743	-0.00201987770156013	0.0100304984485366	-0.00802049911304854	-0.00151576552168867
0.0128817137038489	-0.00795380141145053	-0.0198787482673764	0.0145309428736219	0.00169514430320667	0.0125788524209277
0.0130531461050061	-0.00506617479276077	-0.00935510485263623	0.00664086879447754	-0.00115119582725935	0.00447315210192047
0.0124163346705465	-0.000179151284567479	0.00510843791860843	0.00240077417547401	0.0160864623642556	0.00464745730842002
0.0109398349371327	0.0148098094218004	0.00640185282566526	0.00432314246168396	0.00639428935322096	0.00380291523293005
0.0135415730049343	-0.0150275965906022	-0.0114737216900752	-0.00971245751847431	-0.00231515665036909	-0.00930625523834229
0.0131677767679797	0.00163106099569643	-0.000415729503249548	0.00574926220078275	0.00530100452836985	-0.00328876724002357
0.0125109421764312	0.00264303488743138	0.000101961519947491	0.00418097085069544	0.00764572423143152	-0.0115875029054964
0.0098605547183244	-0.0340971493015432	0.0104409397329942	-0.00828283843129723	-0.0125608171557847	0.00144063477915501
0.0125265282827704	0.0187085747285367	0.00372098363557015	-0.00209187118761901	0.00193827728678574	-0.00995680011992157
0.0130392391357965	0.00394501492289931	-0.00103595914180712	0.00767131023520746	0.00333762882971585	-0.00816905776440589
0.0131803998282219	0.00328761185243372	-0.00333840420158522	0.00510164735415296	0.0068248379373683	2.07364274298254e-05
0.0117290072465252	0.0224225260771717	0.0129829498408148	0.00182649805767819	0.0118480217175728	0.011008443949067
0.0123985025575521	0.0132740694431758	-0.0054851122279065	-0.00211973826279952	0.00497717907326089	-0.0179315055539348
0.013006194078533	0.00355838446433289	-0.00296747081125875	-0.00501481014720847	0.000254119518109641	0.00119368078318626
0.0129995516589253	0.0038460772173742	-0.00331257564339872	-0.00433357405245441	0.000225718482655748	0.00135842090304564
0.0118649077368966	-0.00119165727918683	-0.00460269317810724	-0.00653635669537292	-0.0106895517812608	-0.0151590858689914
0.0117746484922057	-0.00666275498463128	0.00464439764653365	-0.00148555750991757	0.00574024979606626	0.00727546404120111
0.0126385075604852	0.00922436004794987	0.00108548711296968	-0.00720386490093741	0.015301159051511	0.00676474943242556
0.0127961944061735	-0.0071929298010086	-0.007288464036447	-0.0101918662286858	0.00469578819680422	0.0105295130852264
0.0129423647533782	0.0127853679446946	0.00278521050597703	0.00687401823437151	0.0208809634191655	0.00919402066254242
0.0127030409879258	0.0196189947883675	0.0183682206067609	-0.00432956504545177	-0.00317259239549299	0.0088684650207652
0.0121439776188435	-0.0246903613522776	-0.0169682181149428	-0.0128785312199884	-0.0196131764555158	0.027324507150811
0.0120643487255658	0.0103824163458771	-0.00163671425757258	0.0117380758439424	0.0137286503130598	-0.0031414696622777
0.0116845307162544	0.0230815303618985	0.0114144610852489	0.0274965581938949	0.019407656695206	-0.0106182821490476
0.01148640182421	0.00673000973828659	-0.00664644742733545	0.00962394726200131	0.00757680676996938	0.0120820789268463
0.013101416909838	-0.00570088788583373	-0.000209482323302615	0.00659309016009897	-0.000392035104444834	0.00172239502015029
0.0123374972922389	0.0347953114662581	0.0157405383462439	0.00868973543980782	-0.0216311946082607	0.00793894770238442
0.0120048109245454	0.0404601823513545	0.0264093396961989	-0.00361823070436274	0.0113279616949803	0.0267490887689512
0.0126435387805897	0.00742727256932542	-0.000398633501857443	-0.00111497809521273	-0.000334148396050143	0.00379093290107372
0.0135091589733313	0.00775755562711824	-0.00481930890734887	-1.03518208246353e-05	-0.0054363185191675	0.00109039957880933
0.012342763134983	-0.00983275738141784	0.000624423482600355	-0.00716073631635245	0.00112820752687458	-0.00698884036053129
0.0110294341781673	-0.0102234333544411	0.0176222928213348	-0.00578722062031964	0.00566351010515982	0.00526146344180549
0.0129952673910076	0.00695132877185374	0.0094191676629579	-0.00197200344631375	-0.0266073120144212	-0.0221158882361834
0.0122283353175285	-0.00796495043402217	0.000654422579643779	0.00329206247257622	-0.0222166126474076	-0.00667323224887658
0.0123219495863318	-0.00750148692780655	0.00495431988747144	-0.00332428363689854	-0.0124688125589285	-0.00288999113992144
0.012724696554596	0.00349248102278782	0.00136146228723551	-0.00129611220059562	-0.012589754639101	-0.000831268407507913
0.0138340864219021	-0.00769580062459045	-0.0139631611597048	0.00362979354615111	0.0118390304399682	-0.00795712776864769
0.0116144591858184	-0.0177346912317779	-0.00758716993089896	0.0160818531447176	0.00649310800702167	-0.00865470161982643
0.00993001187260902	0.00135941361226784	0.0128935714592162	-0.0166391568047902	0.00180113152547902	-0.00961986725821366
0.0122905583107288	0.00830555776413759	0.00734310490539477	-0.0155894186366419	0.00353004698899035	0.0362612500369829
0.0125550407905377	-0.00317949822562277	-0.000127203300541658	0.00172055659944692	-0.00464009127209059	0.0193321183458212
0.0105796922941693	-0.00982922735251312	0.0194897196795435	-0.0062184624370364	-0.00138817313822917	0.0209998186915954
0.0105174642246695	-0.000674383572801391	0.0275875488769143	-0.02264223195088	0.000313227775542894	-0.0025205323701896
0.00979085247691045	-0.0130072985789919	0.0240863271423944	0.00416710602651187	-0.0126311233604756	0.0200928909845004
0.0123626708580925	0.00979673040591161	0.00421621655764961	-0.00957347450810465	0.000262183493486369	0.00351748214686173
0.0128372154861478	-0.00163987640421688	0.00156130741730281	-0.00836554236598252	-0.00502887193050301	0.00729518491680577
0.0134524994305547	0.00382266197327844	-0.0122031123680879	0.000948310605538297	0.00330663002039481	0.00623856483370834
0.0118896832174825	-0.00156703925645257	0.0023171442424556	-0.00399667898780268	-0.00721845482056941	0.00635816870872071
0.00908083955501808	-0.0233963936647008	0.0293525329325856	0.0126790218941304	-0.0165694099848328	-0.0061298979784562
0.0139076016239659	0.00515658656757284	-0.00578356075547111	-0.00312169465278654	0.00811539653052012	0.00667821610971542
0.0142083213802638	0.00899648918611612	-0.0054453503420025	0.00177422262795658	-3.54774954120149e-05	0.0046161909510608
0.0125057985835705	0.0029977801478746	0.00424214397141691	-0.000413211321826006	0.00286107125849422	-0.0151209691066173
0.0129554311393429	-0.0151445996355231	-0.0114241609956675	-0.00423995584829614	-0.00782532527769444	-0.00928173015573724
0.0134586867740726	-0.00320557709008746	-0.013629559938613	0.00499728689053184	0.000727227277449276	0.00349256577890786
0.0134859396603148	-0.00118001784699821	-0.00750862817241654	-0.00961135872218895	0.00416794016820312	-0.0166081598620768
0.0134069580778203	-0.00148754185891493	-0.00771893431866632	-0.00669093837244548	0.00461740758690509	-0.0138151971032662
0.0125388577116408	0.0171550728774013	-0.00939874833045681	0.00710411653208487	-0.00657763423987771	-0.00578030333465347
0.012062653959894	-0.015247150193836	-0.00144314841679368	-0.0077969690038859	0.00227681263790251	0.00465225928673243
0.0130967903327527	-0.00425289877526223	-0.00720528348976252	-0.0164597081707458	-0.00500015136554659	-0.00989738916753525
0.0131180856245628	0.00695524714395381	-0.011282382279467	-0.00679027523591595	-0.000477527181607672	-0.00464558796765918
0.0135269344371537	-0.00262682238039745	-0.0207144975089463	0.00930055573010974	-0.00464881031776584	0.00187292616458992
0.0127503231192047	-0.00454829568733835	-0.00988934228552896	0.00543138185042974	0.00298231242563905	0.000280807261645116
0.0129602964494645	-0.00294018928277092	-0.0047845562791341	-0.00393809120563747	-0.00626254683069657	-0.00197773825518986
0.0118850069140822	0.013029250319869	0.0264349771018065	-0.0342452080207187	0.00221140487305197	0.0170962422227813
0.0119479048829604	0.0120277810456253	0.0217175149543742	-0.0272148513605112	0.00208880058740305	0.0258161708835373
0.0111947886167549	-0.0106130580204166	-0.00508862791804289	0.0106253760927831	-0.0064984008779097	0.00364518496478452
0.0124822709466567	-0.0063736293080887	-0.000523111019636413	-0.00346961130893219	-0.0178361978841142	0.00461334476761504
0.0124639616899239	-0.0079311085217531	-0.0190848136981957	-0.006426764207423	-0.0182258323096692	0.0173078387986902
0.010582587192584	-0.0112969935682588	0.0218998597691189	-0.0308822248086244	-0.00239504826770513	-0.00127238491190333
0.0136768258211587	-0.00628054208755663	-0.00788119781970634	-0.00668580238085307	0.0101670646277993	-0.0124733005833544
0.0124950783945898	-0.00115411726474858	-0.00383747555861634	-0.0180212936407737	-0.00104046572839692	-0.00386485295042781
0.0126874136729284	0.0132471996491038	0.00631096685618996	0.0126646174443688	-0.00129033322196475	-0.0160955279293509
0.012862918059911	0.0139550589041582	0.0108562864526036	0.0134441315644326	-0.00143677115364368	-0.00795849029616477
0.0131421695898581	0.002550059266788	-0.00490531256342045	0.00925774207486772	-0.0099543621335587	-0.0137032854438059
0.0132131897769574	-0.00902075571140872	-0.00697043872010586	-0.00372569330312854	-0.00440690817934737	-0.00268927677707731
0.0113616575123298	0.0343383409639258	0.0163056942438208	0.0166669927166907	-0.00963493945701527	-0.0189672459333229
0.0121948569518814	0.00761829004587056	0.00706903773527247	0.0112171274035987	0.00395158327392622	0.00928197302029812
0.0143172838998749	-0.00268012372670692	-0.0111830314563142	-0.000507381418697634	0.00335401044963097	-0.00622603158829631
0.0139601027942816	-0.00371724076057421	-0.013035226977478	0.00140980593390185	-0.0117603244773312	-0.0137970709828457
0.013465007228779	5.47694548322141e-05	-0.00436196853743664	0.0161688437094897	-0.00687973567766981	-0.0110191693040681
0.0137998709722718	-0.0123086637616868	-0.0115983136772504	0.00159939015140705	0.00118333804189898	-0.00903242078131095
0.0131489838215731	0.00284839282055682	-0.0089527117302656	-0.0124760322124435	0.0163237504070426	0.00637867689816332
0.0131910603899114	0.00296821664949974	-0.00740136819259965	-0.00614898231974701	9.55339608150511e-05	-0.00338265907367749
0.0140409008679844	0.00812931636316966	-0.00740187038213533	-0.00943766164392611	0.000150782971670103	-0.00359750041623737
0.0140276202933289	0.00921036518091725	-0.00728859132593228	-0.00486425472062758	-0.00362728328314276	-0.00553584749237899
0.0113081307528874	0.00541753265515236	0.0177934561774252	-0.00387116479164701	-0.00634176480699193	0.0130465534961327
0.0129497016716258	-0.0131189194280525	-0.0134631275298719	0.00126867035013598	0.0012487876867326	0.00634626962066104
0.0130985176248047	0.0034865339012735	-0.000202307143069866	0.00227608971188246	-0.00174467000063193	-0.00721791669588203
0.0137846696514855	-0.00170545276496913	-0.0131267221201751	-0.00404133109831758	0.0128800112881483	0.00239116161047936
0.0130371933509327	-0.000311186304102939	-0.00342075474656073	-0.00958997377820195	0.00939873355782122	-0.010178817472821
0.0131742900822348	0.0102694135679562	0.00599901342248953	0.00121881003124815	-0.00569307697651482	-0.00497390480766139
0.0128702465418569	-0.0125191267600559	-0.018544585269163	0.00601807538799747	-0.00991290331549267	0.0164907238454548
0.0128884827306609	-0.00434208178204556	0.00134312576993814	-0.00897607239638802	0.00486368110234551	0.000265345854050427
0.0131265988174323	0.00787254944952847	-0.00637834873205128	0.00635864258275382	-0.0113804002539083	0.00856713991925999
0.0129037333148757	-0.00276156097191928	-0.00845258846150286	0.0025324005630677	-0.00525138768371118	-0.0141788321756544
0.0128253848184563	-0.00024141282567388	-0.00562912092981064	-0.00931972149091793	0.0118198639745515	0.00764075728200339
0.0133541742990135	0.00237965643216232	-0.0119839136704458	0.0143262160967696	0.00269545578313473	-0.00613458475760912
0.0121782889913742	0.014550027760194	0.000195333164143866	0.00276856385363009	-0.00210475156185409	0.0036306093274684
0.012596059883931	-0.00623263812607627	-0.00370331306076082	-0.0150920331677698	0.00775679628575424	0.00691541052930339
0.0125118224183918	-0.0106767653499132	-0.00514494686238601	-0.00970706772112583	0.0117091473408138	0.00293430123616808
0.0126995181441887	0.010281056608459	0.000974150598103669	0.00307410115811221	0.00962080298581106	0.00177089748599866
0.0124897221772324	0.0137531520040234	-0.000366235255246619	-0.00990762646293456	-0.00171341068397872	-0.00110638918528006
0.00927910292069749	-0.0274444829568897	0.0156276903003751	-0.00797149355781885	-0.0197235383192318	-0.0182698407615032
0.0136206469696822	-0.00562599865132989	-0.00642904257969504	-0.00726618733311583	0.00559733984863645	-0.00766299352896887
0.0121855768897887	-0.0113549079997466	-0.0093864223334981	-0.0187071316756098	0.00487499768331155	0.00293504444687877
0.00987509715812408	-0.0140530463841703	0.0210531943315822	0.0390958356923223	0.018370257595141	-0.00915922915136233
0.0111882837053604	-0.00388203746720296	0.00827548685927142	0.000300171633624856	-0.00128239012148541	0.0182800243273276
0.0119245872287106	0.00460334709304622	0.000338446903770578	0.0102120146281755	0.0173304071768724	0.0120902317125492
0.0127106891914987	-0.0010281067219612	-0.0105703724191694	0.00760806772974658	0.00729698612308336	-0.00893341686499503
0.0139399884298455	0.0002244875505985	-0.00926010686649281	-0.000229257951127448	0.00215179944117432	-0.00920192907209155
0.014306611262075	0.003318982484584	-0.0101645448500639	-0.00634440170431373	0.00604794832159027	-0.00729558661916904
0.0113015090648438	0.0193168582889057	0.0116618648070934	0.0207932661963471	0.00801424987736903	-0.00545422760294576
0.0124284759134573	0.0270297042396461	0.0123144290314715	-0.00344534427752615	0.00257447964246864	0.00283394629906219
0.0121284334262394	0.0230095694975025	0.0189425960211893	0.0063446662162241	0.00468360008743081	0.00844922098001074
0.0108041907010421	-0.00370493577163117	0.0131037611526458	-0.00550085175987135	-0.0154078362644226	0.0221116569624419
0.0136284791698017	0.00387728932942942	-0.00731072001184759	-0.0146526538581279	-0.00772262371800597	0.018850996852644
0.0109492170115001	0.00482512999799904	0.0194219030184756	-0.0147265508546546	0.0123994772016875	0.015742284903038
0.0123660339268397	0.0104574992151189	-0.00412830800558593	-0.0033838299103755	0.00393327977366567	0.0151468290908647
0.0102634861669304	-0.0210578560427249	0.0248057776216686	-0.0188516164293553	0.00700253958665541	0.0166365109459621
0.0128211888845026	-0.00155355384027763	-0.00347375909106711	-0.000340008151187065	0.0114706724255126	0.0108207875397752
0.0138403570677716	-0.00128061302938756	-0.0131773572016644	-0.00457910891106562	0.0134590395782983	0.00157215293317666
0.013010976301258	-0.014577572951176	-0.0161356378148394	-0.00820624731222476	-0.00483653810061293	0.00396978346208655
0.0129561953913669	0.00617803823774927	0.00727767650446504	-0.00582069974684254	-0.0157027504959847	-0.0119546155924445
0.0127090115171348	0.00174783391746353	0.0104414915609795	-0.0170436413653986	0.0122403066043432	-0.0118625102115607
0.0111700848317543	-0.000236759265963569	0.00802411278115219	-0.00799464004041008	0.0184041289702368	0.0153165711419776
0.0126387360813701	0.0117756452053815	0.00475652135056557	-0.013357755846153	0.00570044466895074	-0.0139792948249419
0.0123045553391159	0.0144699699185305	0.00817312590497465	-0.00412156669493257	-0.00317393070808525	0.00193047315163276
0.0135653163176835	-0.0023074387122433	-0.00856789892313379	-0.0029376530325407	0.00311232454270009	0.00565697048868515
0.0133144389390774	-0.00122323321822577	-0.00710771479951774	-0.00710742986669249	0.0185377663278122	0.00188080235194335
0.0118162838437617	-0.0039756935849634	-5.10484673764832e-05	0.00448533469265429	-0.000878037304093545	-0.0167416025382885
0.0130652662951721	0.00186336203351743	-0.00644211726884307	-0.00202937845407932	-1.8977452690334e-05	0.00276041763733789
0.0136204777174014	0.00658854527785453	-0.000623227494434944	0.0144929580852037	0.00910620371335987	-0.00250159865731452
0.0128811984369638	0.0129103103867681	0.0037408272596456	0.0055381008289936	0.00671218800761987	-0.00941722837625215
0.0127165056855737	0.00541094733555543	0.00177192062758732	0.00898653150198433	-0.00735844567359865	0.00142118430099946
0.0119502233700188	-0.01244407523041	-0.00114119834215108	-0.00415536304187245	0.00833509000991853	0.0036196131442926
0.0133928152040509	0.00072145065141071	-0.00977942936308241	-0.00367141963270856	0.00131983714705113	0.00299363707626524
0.0132361566652412	-0.00588762104589192	-0.00870792504336433	-0.00068999339732416	0.00832142811478262	-0.00017039737451217
0.0113036873061032	-0.0142201674979121	0.0215039391202868	-0.0335075049532592	-0.00577886831360855	0.0024016206561894
0.0120351137072714	-0.00951638394707078	-0.00741361961942102	-0.00624712729077395	-0.0126707746154135	0.0223743350763556
0.0115415841049898	0.00284815416612011	0.0153836853574297	0.0179169721470553	-0.00141516580980911	0.00260927746165691
0.00929247113434601	-0.0218367380310291	0.0224672311841524	0.00227260342035221	0.0137631303939026	-0.0167084169767579
0.0125032844714039	7.0240488751516e-05	-0.00319816608099749	-0.00826374936934352	0.00905188478462552	-0.00584137852953501
0.00925149751684064	-0.0197508040727363	0.0328891711794874	-0.00199559164344962	0.0234177070399444	-0.0369716518142116
0.0121508034019468	-0.00335877927610581	0.00215774844499243	-0.0107013487114869	-0.0215883866128349	-0.0155774181874252
0.012141416909734	-0.00712633308034233	-0.00475176156097392	0.00204972427679543	0.00277600579440623	-0.00453911249919031
0.0119639243099037	-0.00468497028336352	-0.0028066770171956	-0.000540441252944722	0.00354731339815664	-0.00599228359722592
0.0115501211552432	0.0227055587457052	0.0216330154442786	0.0171637149686693	0.00913580456381181	0.00937920870370738
0.0133091247305749	-0.00389671304672051	-0.00200748311518693	-0.00111872547839938	-0.00198256271690734	0.0023834196803107
0.0133519531143235	-0.00783873483221704	-0.0102060236210989	-0.0114712430613804	0.00535790515100252	-0.000620798549979734
0.0114622615741085	-0.0166166295520417	0.0138108568069036	-0.0333412847483619	0.000197570664890499	-0.00931296239780601
0.0113190044780665	0.00355285215004594	0.00295615503551692	-0.00492223034403497	-0.0108562109714526	-0.0159771370171714
0.0126527263832733	0.00493627937197083	-0.0015952942143612	-0.00745049521149365	0.0141256053376877	0.0177789680145467
0.0114619816512751	0.00329513870864606	0.0116278815551626	-0.00966486642066465	-0.0281871887947338	0.0178145028962778
0.0132101362351323	-0.00200765622852541	-0.000760815232503809	-0.0113757611138582	0.00768185123220633	0.00415316795208552
0.01326050478442	0.00500653963260042	0.000841771244911509	0.00342529055557629	-0.00214215920505828	-0.00270460791371403
0.013517246318575	0.00453596465619631	-0.00408472192554239	-0.00111047398682132	-0.00273013372153158	0.00182030178962468
0.0123704102604186	0.0111357260345061	0.0121239378428807	-0.00409588404230648	0.00839417952658219	0.00819484546373974
0.0126437855407955	-0.00171444034016033	0.00354961291766628	-0.00539395657286282	0.00087044299959374	0.00557092245725997
0.0124833343088815	-0.00359904956630727	0.00551811598212006	-0.00927295977255642	0.00256941053692521	0.0138002103927778
0.0119079180755116	0.0129550442278081	0.00340613086817979	0.0206649312974615	0.016209077943834	-0.00612179917880031
0.01264929880085	6.86381836247053e-05	-0.00841600699532495	-0.00557952494255787	0.0101911762778744	-0.0139266821528123
0.0125812745243784	0.0088668506299784	0.0117393989107335	0.0146570557917424	0.00633953036726662	0.00904809050153345
0.0133495613834849	-0.0019385564260445	-0.0118098337646304	-0.00642978889966502	0.00143480842661899	-0.00566698844198866
0.0128148960933991	0.000922772740228681	-0.00721497346381851	0.00363699556769429	0.00625976890403326	0.00351278214781733
0.013123614669791	0.00624024725040814	-0.0144606120396471	0.00711875324770639	0.000306763766937064	-0.0114406448985301
0.00941957989076337	-0.0117658099712444	0.0206664879360629	-0.00795706088108806	0.0131592658278004	0.0119174098389952
0.0085027943730266	-0.0376756508117604	0.0408441772569239	0.00928330455276941	0.011289746083929	-0.00577132005611323
0.0107979274092917	-0.00697533706210217	0.015003216520265	-0.00693634667444563	-0.0059878460860084	-0.00383376175482333
0.011515039211739	-0.00104133047493621	0.00374681556795253	0.0113148237713089	-0.00353810073479408	0.0059945715119803
0.0129561152083379	0.00203658950428879	-0.0133317036993958	0.00665923892671894	0.00822533847504423	-0.0125919064768192
0.0127006862471255	0.00793333876925126	0.00284549025598053	0.00356622564279696	0.018522271159042	0.00308029484013584
0.0126896975468496	0.00825265511267893	0.00298299307485987	0.00331436535627912	0.0189660636830523	0.00357890864303771
0.01216638927547	-0.00210470530733878	-0.00339474519656571	-0.00623279325284989	0.00324462118766311	0.00280193099330589
0.0115173664735161	-0.00532771933517789	0.0148740887221711	-0.013686113640839	0.0123003142163096	-0.00832825742843028
0.0131572385277762	0.00469263953362694	0.00245348950385344	-0.0163860403685461	0.000869344063788272	0.0139052725086851
0.0131886079772376	0.00242301673918979	0.000293092725368177	-0.00598957611878512	0.00143258923695337	-0.00442260304811383
0.0127775730235641	-0.0100307031698194	-0.0126809192556646	-0.0090554817950238	-0.00777748884301468	0.00787636265636437
0.0103183082336802	-0.0196375518343108	-0.00482296918027822	0.0204165255371462	-0.00609217760626754	0.00886062419847695
0.013698357608579	-0.00159839832869139	-0.0165261582455793	0.00736703299758578	0.00477628583670801	-0.00378411033337869
0.0120679345365495	-0.0091603735299325	-0.00567523541013416	0.00642025925033358	0.00541322644417254	0.0114492273145973
0.00978588723768233	-0.0189071642857868	0.0218320786395125	0.0105869681728887	0.00224028670648799	-0.00923130112900143
0.013785969059935	0.00021261403905994	-0.0124267969109241	-0.00199082083916501	0.000685417222483876	-0.0106748853774235
0.0129201486279229	-0.00243851845946996	-0.00941033064300317	-0.00170496743530396	0.00304178983043173	-0.00254769629419211
0.0118792162218045	-0.00672472668939814	-0.00302545026011105	-0.00514002380286938	0.00767355698021883	-0.000622920513240066
0.0124635545379392	-0.0076951183090278	0.00236293437464991	-0.00957727644762917	0.00959177283838279	-0.00466224530758201
0.0119006693796671	-0.00424287155583675	0.0113148597708042	-0.0173174012267859	0.0135921520799404	0.0132845897788181
0.0130363115776976	-0.0108928447763289	-0.0154797589840992	0.00640412006094565	-0.00137282357295722	-0.00454643656908517
0.0107215490727738	-0.0250982337319927	-0.0087767305436644	0.0265994425348459	-0.0333637772131739	-0.0050065719419374
0.00873705029556967	-0.0317616975960754	0.00254211963300653	0.0309055039990309	-0.0224268201207366	0.000296502488213675
0.0118236086533433	0.0142423694288723	0.00728975643435917	-0.0050035739283579	-0.0157187160102607	-0.00475234454399283
0.0110751114902259	-0.00108401682669198	-0.00539971070125485	0.00676411409588127	-0.00362249328128503	-0.00903928189248546
0.0108405587989601	0.000675472294886209	-0.00179634459882195	-0.00556176667621377	-0.0141109979911232	0.00302462855500023
0.012489766117921	0.00613352982266376	0.0137473694688711	-0.0128835044934576	0.0158334734678928	0.00723651050712586
0.0114252901289108	0.0102980564620803	-0.00193181873869389	0.022696083126542	-0.00722612844265115	-0.00163215754130254
0.00964486171332855	-0.0269214732952111	0.0118152616653053	0.031482822414154	0.017339484214183	0.0335297593661079
0.0117207834146191	-0.011425584550027	0.00194249229705161	0.00243884874189895	-0.0156669945139582	0.00579704183332029
0.0120374656453323	-0.00733029294863812	-0.00369165934503159	0.0162268618062288	-0.0234098312924877	0.0247860726431445
0.0133036201796665	0.00296603401369093	-0.00357497071316236	0.0111999699041478	-0.00862229463384523	0.00049805466842032
0.0127854327636204	0.00285855290101724	0.00156294301895858	0.00174284741081583	-0.0192996851110423	-0.00183322554629588
0.0128714291458137	0.00667529876320582	-0.0106023704439914	-0.0228309337679985	0.00763936325360039	-0.00616927484921165
0.0128725360590368	0.000186494940363433	-0.0155073043625253	-0.00135830594329544	0.00365377281081636	-0.00268696965366713
0.0118871356977402	0.0216443688068529	0.0128248378763392	-0.0104812374445312	-0.0102561535449998	-0.00155586131686401
0.0127110308378966	-0.0129609640413521	-0.00862440121255791	-0.00895335706597369	-0.00198520187125845	0.00518848781354675
0.0121602828532879	0.00685445378702961	-0.00459844821247475	0.00806392542266561	0.0114850811448852	-0.00851835770452023
0.0123122573036418	-0.00194422674228701	-0.00291303890963344	-0.00195155663423693	0.00228257660281215	0.00305637860127415
0.013998611922528	0.00287657643079659	-0.0118130322097591	0.00141153403149451	0.00325744835706493	-0.00764312596669946
0.0118223477630174	0.00338178680849295	0.00355910791274425	-0.0118880514419432	0.0189415290413803	-0.000731997297805178
0.0110421045409588	-0.00455855357241282	-0.000584516532645419	0.0117369146250775	0.0311248231428754	-0.00624571471674534
0.0125090343609712	0.00723654897262295	-0.00125108600596899	-0.00259529466894034	0.0183717851256703	-0.00687740595748109
0.00938850418497641	-0.0188145250788974	0.0238466369020027	-0.00783396271666216	-0.00543106050632891	-0.0195675999885756
0.011808930094976	0.0188380944709508	-0.00142682585760429	0.00718255220757368	0.0319798600453064	-0.00532051395958772
0.0108992315966442	0.0178173802613997	0.0068317269573341	0.00846815778590208	0.0392596619369625	0.00424466931541674
0.0123614638684947	-0.00174008627343056	-0.00415096883690061	0.0091522291834332	-0.0112108546530785	-0.0144357258599722
0.0108626717501645	-0.0129998019650236	0.0015162346727271	-0.0150790654342033	-0.00839711435921223	0.000247291784365755
0.013230414875016	-0.0148002703504856	-0.0203868234859682	0.00127157207331828	-0.00877115330562769	0.00418769978746324
0.013312207863683	-0.0115775464059838	-0.0182129723496402	-0.00213967815617286	-0.0049144699047917	0.0114776652927612
0.0117354279518306	0.0287370841310414	0.0157585132265221	0.0046341456935558	-0.0038539872432236	0.00439657464076092
0.0127353251037065	0.00179748158278637	-0.00305009080898677	-0.00496154697908153	0.0104830105881159	0.00585579197714386
0.0118525656624685	-0.000871502237325014	0.013268643059627	-0.00956165621510782	0.00278752521228456	-0.0153783668535108
0.0111639965754433	-0.00136062701091333	0.0257556063248833	-0.0249365866354681	0.017340107844178	0.028507087604831
0.0129915140726055	0.0048479522135765	0.00199307045087844	-0.00575340928651384	0.0056519271957625	0.00463264015896136
0.0125060895525896	0.00477284324852092	0.00811333565407214	-0.009269850050663	-0.000583671588986884	-0.00207985134338233
0.011130550187371	-0.000974212515831211	0.0170155776963696	0.00991900336255848	-0.00791342841937892	0.00922869731370804
0.0114935464382574	0.00594320621851586	0.00729571023306825	-0.000130164650219111	-0.00334980373716278	0.00269338519088259
0.0126946153492829	0.00668701732248693	0.00510663725199755	-0.0232944733341374	0.00316168483642735	0.00688876135868716
0.010697351133369	0.00354540544717118	0.00734319489005917	-0.012138658688218	-0.0473445885242876	0.0189934598464073
0.0128339461426288	0.0109079600606452	-0.00419256327647408	-0.00416300796475157	-0.00459992475782287	-0.00038239119363727
0.0127481347914154	0.00328373781270039	0.00117741332366558	0.00410116003898149	-0.00309657874359509	-0.00939633930379367
0.0130919843748876	-0.00622451759069078	-0.00879464324146913	0.00255614227184535	-0.000342502576688737	0.00670566941340926
0.0128558522175412	-0.00424587941250645	-0.00570414893859267	0.000529127110206947	0.00234719653613103	0.0065521252353656
0.0128899182520996	-0.00692364922841958	-0.00896609196194868	-0.00361821662564546	-0.0176745688892816	0.00261224173318614
0.0126951738857401	-0.00587786184767281	-0.000992243833105854	-0.00802057922049155	0.00112407518953921	-0.0100324131570806
0.0116427137918019	-0.00531067521492462	-0.00203553924967694	-0.00974725354871125	-0.0105705974355928	-0.00473149352391417
0.0107121143295837	0.0229468798337128	0.0176689628769961	0.0012532673072859	-0.0792104768546418	-0.0227008378498054
0.0106097235984243	-0.00512451560592555	0.00769595736575572	-0.00937627789725291	-0.0150678503639832	0.0189063269137655
0.0115879583415056	0.00438102324311527	0.00978751044308757	-0.0115973918233233	-0.010137321851926	0.0129441127350995
0.0121866114029598	-0.00475958503563325	0.00626396422054285	-0.0180460181753035	-0.00896047437565747	0.00454778913881202
0.0122516072144563	-0.00366556098252547	0.00344369154475478	-0.0121913974575093	-0.017995091711511	0.01573161804965
0.0130771916937686	0.00198452145684251	-0.00274531161661872	-0.00623329680411246	-0.000241877912260627	0.0088664381072573
0.0132420741258445	-0.00238979878468979	-0.00381353748152536	0.00417409947182805	-0.0064156738037307	-0.00238812645870887
0.0121498051882299	0.00561155009332948	0.00703588645279825	0.0137023977940158	0.0112189788143389	-0.0180198378045811
0.0121720934622323	0.00450352762705258	0.00709615481849152	0.0130004120236746	0.0131014480816074	-0.0205934617791517
0.0137687746973236	-0.00166044432340857	-0.00841492208003135	-0.000321324724965641	-0.00373508123561937	-0.0265778141370667
0.0137035057816557	-0.00480605470559185	-0.0109299876541035	0.00098908128415038	0.00532925365152497	-0.0195494848826732
0.0124819617184792	0.00393121780961409	-0.00138534371534203	-0.00170034098603857	-0.00700105200491357	0.0159987079116423
0.0128600641890385	-0.00268337183903471	-0.00742068312681798	-0.0126455680175851	-0.0104310603831874	0.0114510861428925
0.0132935166579911	-0.00431302305666949	-0.00626768899492487	-0.0102104632834756	-0.00806083072150452	0.0151464994361174
0.0131056566058591	-0.00236173579128483	-0.00945224102681137	-0.00778970584042018	-0.00213736706003709	0.0159921241206072
0.0129923195435364	0.00337264928409317	-0.00750518774415596	-0.00261468241517883	0.00792412999784881	0.0036126225140789
0.0125191550377941	-0.00401449593296621	-0.00762412557916019	-0.0123389131610056	-0.0206157470219342	-0.0092539322054169
0.0130683036177058	-0.00123894676669554	0.00156855967767483	-0.000495849770092989	0.00745252730639832	-0.00586883160131963
0.0100795030184943	0.00279629988091115	0.0339721728273679	-0.00368097610717397	-0.0505761912820296	0.0107904819430368
0.0132202433942441	-0.00320244113569142	-0.00705492810129734	-0.00248585916941204	-0.0123533308184493	-0.00109262770617433
0.0115900547822816	0.0215373992397843	0.0169979907799165	0.00461236397985365	0.00071808247175351	0.00331069026306371
0.0137277570012035	0.00157955829632848	-0.0105573571164748	0.0159076974019657	-0.00672380331276499	-0.000446173062118947
0.0129713114245335	-0.00178581391560557	-0.00870196953207076	-0.00242359972897404	0.00749527705765144	-0.0168708737997158
0.0125464692348339	0.00199789476120638	0.00104757858047759	0.00211256837268834	0.00311946226905319	0.00344840052574856
0.0121662087596213	0.0292641418745842	0.00641449113031314	0.0112326183268908	-0.00396949797849886	0.00956500131963455
0.0106207788911082	-0.0133873190840148	-0.00252131339491143	0.0321491718916835	-0.00174067341211702	0.0201198061757491
0.0133778312091356	-0.00632164614783828	0.00110899569774152	0.00353453182350635	0.0121995996610305	0.00556927079189777
0.0115380890475834	0.0155486499649679	0.00689203257613805	0.0121969739677639	0.0187524623465834	0.00374453814646221
0.0130306673906532	0.00585911339642692	-0.00899292697479284	-0.00343929011344071	-0.00525363719238325	-0.0139226895470356
0.0117067678219487	-0.0284594377585703	-0.0202815480659898	0.0148499418838843	0.00651678559541575	-0.0136116762174324
0.0125580428009386	0.0168110222579815	0.000464162753839438	0.0119888001338399	0.0226102038974741	0.0103154113809202
0.0120205967709609	0.000146307010251335	0.0106729525625328	0.00104665713992496	-0.0306822237859329	-0.000817416705732328
0.0126415409134151	0.00714037315828615	-0.010211093622314	-0.00327747474313709	0.011491164251944	-0.0079914172344436
0.0127839963061377	0.00374448452443005	0.00314087971267696	0.00358250240676584	0.00868835066670932	0.00620182265285879
0.0128284795757648	0.00359986667515104	0.00317893599172397	0.00148111896471363	0.00966653691170292	0.00877335148292378
0.0121170418368638	0.00770337555883646	-0.00429684516589279	-0.00190930084640342	0.0068824557321028	0.0090593242651964
0.0118206280288437	-0.00131075226772251	-0.00769689089862586	0.0150277869337967	0.0111227725022142	-0.00048055083292413
0.0120061479561309	0.030836731956223	0.00866831070074902	0.0182028828640405	0.00389504013450178	0.00215573857203568
0.0112109281165356	-0.0121736956881752	0.00360261714058013	0.0262617074689515	-0.00623510210658936	-0.0134421260347334
0.0130214395664864	0.00352824251204178	-0.00258814741217774	-0.00932649717119435	-0.00896189164809921	-0.0049131536697269
0.0145607604736151	-0.00344716970188916	-0.0112814209211922	0.00608227081510377	0.00926857467170778	-0.000505951287476026
0.0135651015864384	0.000897685064349038	-0.0169316532258375	0.0156276902602288	0.00116226274656437	-0.0175551158516451
0.0132858316994858	0.00665525822911654	-0.00762642232236782	0.00437473821888988	-0.00072664389630296	-0.00763281659950785
0.0127907630987286	-0.0106286669278995	-0.013900117357094	0.000336238871612662	-0.00713600934165113	-0.00228173363543296
0.0122027879511275	-0.00557869009315408	0.00199004137781731	-0.00836162192067209	0.00364367989282142	0.0111572703329864
0.0134815589463978	0.00106568924958162	-0.00457245059303128	0.00465789655632253	0.00725820973304093	-0.00690467739166215
0.0116574490496404	0.00910852988283443	0.00358791410647397	0.0160527306889363	0.0141344809248853	-0.00479063226600066
0.0125261995232723	0.00569399415197795	-3.58048442230636e-05	-0.00208676078918504	-0.0101313240667866	0.0198643107785482
0.0129734533637772	-0.00421716587768497	-0.00663113793424351	0.00567731557633655	-0.000417937107877216	-0.0233849228112607
0.0120079544428137	0.0137566642157479	0.00593244820279859	0.0187002943974489	-0.00516129737465471	0.00176538888462607
0.0127485389862322	0.00322547185022204	-0.00188146377130469	-0.00278469123847972	0.0012900425787112	-0.020676144509472
0.0106744866278028	-0.0141187049947235	0.00651020431653473	-0.00694107308875713	0.0138137815910499	0.00312497112279372
0.0115394100796207	-0.000900932858851219	0.0150630584054931	-0.00424656337418208	0.00701087443234018	-0.0124779626279951
0.012564184309465	0.00211018765730972	0.00200969637122242	0.00577875789722143	0.00204331850522803	0.00869692118633591
0.0135594257434241	-0.00386794334804907	-0.00894531850023284	0.00529126694927487	-0.00745421582584501	-0.00550824830917453
0.0128849702739164	0.00107941977724	-0.00851008389982951	0.00442080120513086	-0.00314489827487389	0.00932479834402602
0.0119662606255902	-0.00442937953315944	0.00450057176015426	-0.00280888413626253	-0.011288720883128	-0.00712473318113865
0.0117204486703853	-0.00433227056390825	0.0184113583894488	-0.0171234516787275	0.0177361608323594	-0.00849204053380695
0.0129710574144241	0.00363998383081221	-0.00584685514896186	-0.00452064750377104	0.00269162188369384	0.00420179819587226
0.0127394784715888	0.00190253822488602	-0.00608910440656893	0.0156712513225441	0.00683897439384139	-0.000686940698471883
0.0125565519683244	0.00512494570062975	-0.00935330621921171	-0.003532946886766	0.00199512762202384	-0.00473286181917917
0.0130764020350631	0.000766640957850468	-0.0010147935563342	-0.00958497316505116	-0.0081135661193326	0.00132831075917738
0.0122386195159762	-0.00844447097165347	-0.00220358942698512	-0.00346629334377609	-0.0116221075847655	0.0121151629359154
0.0132133089868511	0.0158877860077258	0.00469958793253574	0.00707380056465869	-0.00677593341493953	-8.07009322602017e-05
0.0128023407482114	-0.00412204978460814	-0.00733493680833613	-0.0209181133735667	0.0057860051147681	0.0128786423649745
0.0117176651445992	-0.00435440499157834	0.0019670860488689	-0.00550470007058947	-0.011543303033608	0.0141394534590944
0.0114911500061208	-0.00403355562776	0.00419635835108418	0.00490853234699867	-0.000902833334975563	0.0198538434259506
0.0119318235316541	-0.00667742760757878	0.0035427589409902	0.000246317627906458	-0.00467202770483428	0.00016519770745684
0.0124299630329182	-0.00442758469300205	-0.0132919074672395	0.00171578783007564	0.011908486542365	0.000116990619714731
0.011505109873498	0.00246788982824592	-0.00437224560269637	0.00156324023278224	-0.000169573817194531	0.003622467352991
0.011780368038836	0.00852690668445215	-0.00271322724352857	0.00550907939109248	0.00172301667259863	-0.0170926505220521
0.0122287695021804	0.00298642114916887	-0.00842717426359553	0.0104883072751425	0.00233556358491467	-0.000172630893352989
0.0124959765113727	-0.00294900734964779	0.000392669990614467	-0.0117147040368613	-0.0068562251964562	-0.00707101791391886
0.0124863694244432	0.00191539366450095	-0.00109412077926092	-0.00279779967196269	-0.00239947303238688	0.00437553058341183
0.0122605112121554	0.0100462846750284	-0.000398000142040088	-0.00811431709375312	-0.00226911228353317	-0.000981398176013791
0.0120335817104827	0.028533327417338	0.0157149192807974	0.0140639455471976	0.016269775162162	0.00941786424726195
0.0121862614957848	0.0269648468232226	0.0109229819942942	0.0113480334027911	0.0142232348657888	0.00819072498186186
0.0119815968911912	-0.00251255666070257	0.00492304054546356	-0.00282846777612982	-3.81378711801741e-05	0.00150638260884586
0.0120334264996545	-0.00160360876753553	0.0040019046962765	0.000270267892252606	-0.00472823343425169	0.0119183411027797
0.0138457050321661	0.00194988008473895	-0.0102989799609076	0.00505409849883181	0.00110539554788944	-0.0147334215395932
0.0139380595227898	0.000268872134888693	-0.013551434959432	0.0080616373623145	-0.00458012891537761	-0.00416548101116676
0.0117414922080743	0.0152836994511037	0.0120514592322896	-0.0014688712230745	0.0109508111697563	-0.00202322227337797
0.0117323747227763	-0.00663018059188488	0.00219826959260604	0.0137604246914864	0.00305848104623292	0.0161597396108167
0.0107780256657096	0.00469349444303722	0.0322372796213111	-0.0164546268516474	0.00193894771678301	-0.00934425854537276
0.0131782449660948	0.00447282811447296	-0.00791996662082324	0.0158283326711043	0.00933634560402779	-0.00485408229860241
0.01262590457967	-0.0121555546592235	-0.0196093858740649	0.0144386343982932	-0.0129429007672958	0.00842468942119163
0.0124473403007891	0.00429343460748927	-0.00654394679160615	0.0157089600061181	-0.0157960075962624	-0.00240782014942151
0.012890264908567	0.0057019633346752	-0.0110486932944344	0.0120636491132505	-0.0135632688997973	0.00535510194240975
0.0129896019335961	-0.00329708843249713	-0.0109249044789031	-0.0064421839602948	-0.0137961625546919	-0.00478358718459271
0.0133349943343138	0.00526287954860881	-0.00262682034009621	0.000629566381971617	0.00718195305249152	-0.000948950604847613
0.0121452499410085	0.00356573770843831	0.00296679608268257	0.00296696873033417	-0.0120981535913005	-0.00454943554553961
0.0104918539629534	-0.00702749156747679	-0.00750153129085829	0.0202125617740487	-0.00643556839946827	0.0269693017136485
0.00968349178935329	-0.00430589840743808	0.0296491055170104	-0.00306943634210956	-0.0105741917068978	-0.00963098783708738
0.0106887144626604	0.00148378153025436	0.0130479521715765	0.0107380701771624	-0.0171866313672744	0.00725377270009326
0.0106187901387818	0.00938975134528322	0.0229525295435422	0.00581996054130695	-0.00386579769171597	-0.00330352506649823
0.0140585452559071	0.0035498407994995	-0.0109255371662924	0.0082107831915685	-0.000574789817904982	0.00207977417795304
0.0143215211290707	0.000730733476107686	-0.0110566616500401	0.00297252523134102	0.00083506931658231	-0.00132658973826591
0.0132556829533129	-0.000264756549667915	-0.00133833207668269	0.00413469356202587	0.00361996151371951	-0.0131265507488289
0.0135785815232386	0.00181744150200925	-0.00881009760684073	0.0106806032873329	0.01433622507043	-0.00433080371615756
0.0133773269755054	-0.00257210006024525	-0.00777893245248228	0.00683373459618383	0.0139254295397857	-0.0162348459987504
0.0136286621983357	0.00876377145206494	-0.010124659330865	0.00487257079987689	-0.0137287432423678	-0.0129517964716909
0.0122204349908875	0.00799961057746808	0.00512857270512185	0.00578612338089819	0.0107536059954085	-0.00683526276008913
0.00844477287361164	-0.0171877705868439	0.0587149964246999	0.012670300158621	-0.0496852048245246	0.0407332933362032
0.00816378903814517	0.0117012175979059	0.0296916388465235	0.0295103080475534	-0.17449089584663	-0.00709612619054503
0.0129358921798835	-0.00157937549230086	-0.00664300488876309	0.0108252221044241	-0.000369854733115536	-0.0168026946941528
0.0132980383735113	3.61469379260805e-05	-0.00796169134111104	0.0055756564947894	0.000651816074760603	-0.00558181671008881
0.0126506795185146	-0.0202003320463831	-0.015265680208023	-0.0134197358465713	-0.00035611498735364	0.0095972030392307
0.0128615385908128	-0.00358779270806655	-0.00585269182426717	-0.000815392921012663	0.00413731648791316	-0.0123268054877008
0.0128796542812229	-0.0101532511865031	-0.00791464742622491	0.00260622454983513	-0.00754051709881943	0.00735357277171673
0.0130410739344968	-0.00801491066649079	-0.0112756427548516	-0.00845154016754619	-0.000160814627814768	0.00444261064257559
0.0117686996164071	0.00789584897712438	0.00122852169452491	0.00381539776767404	-0.0077928901217688	-0.0128383610757875
0.0115159947774842	-0.011213507984095	0.00329881286054399	-0.0181089736102408	-0.00860152904117153	-0.0300436937634575
0.0125151823555358	-0.0111696692423845	-0.0071297187742208	0.012504759656435	0.00532909964009365	0.00864674103513734
0.0117369863855901	-0.0246594801097146	-0.0317747656574874	0.0313686806347132	0.0168691168993128	-0.00814109372129919
0.0125858809694321	-0.00515714034969233	-0.00979427577833782	-0.0052205070076633	0.0138989902424351	-0.0188131456979854
0.0103002446429746	0.0134280347032814	0.0347338489088831	0.0282206823110624	-0.0806720736030953	0.00339245830526651
0.0112490962679019	0.0180847847313285	0.0239679007658955	0.0224135283168626	-0.0377057667290046	0.00406738422662561
0.0125899601399611	0.00376845705608422	0.00566652687453453	0.00573956611000205	0.000748019381349151	0.0069031145543814
0.0121788632236779	-0.0247819453247154	-0.0206220043824493	-0.00680985804495549	-0.0169173648568333	0.0106960183715666
0.0118408306740616	-0.0307110357199906	-0.0190313837793129	0.0106316444180309	-0.00362244764151531	0.0148133734011053
0.0130461555927414	-0.00472820526110049	-0.00351442849331629	0.00166483482654006	0.000988440637925958	0.0131286550044967
0.012746573258406	-8.42346120090084e-06	-0.0030324563866185	-0.00190884215296708	-0.025499131949214	0.0050342045651227
0.0118336516082445	0.00600882817637641	-0.00296475777986702	-0.00179033932303468	0.0239969376947895	0.00408725417538696
0.0135756840052809	0.00350223123180715	-0.00634964468744973	-0.00253078123220216	0.00296802582628373	0.00096036993988516
0.0112568922479993	-0.00455582033514352	-0.00393220458679691	0.00695563694752331	-0.0158598299178824	-5.11481876245773e-05
0.0130518218835029	-0.00118902394245538	-0.00553172592062577	0.0074859908710607	0.00557966171993913	-0.00127526977094696
0.0138463453734545	0.000947225965025336	-0.0151350035238665	0.0122439344670864	0.00532415028757973	-0.00484954031066127
0.0117791782950893	-0.00491053327551223	0.00213725761248931	0.0129781222192914	0.00340131707304501	-0.00129103007056169
0.0127042952958502	-0.000583248946171703	-0.0104589599980588	0.0109541832479611	-0.00990028264885855	-0.00733105528194225
0.0126313169342842	-0.00495091205732642	-0.00492216016798235	0.000204083441019264	-0.00964433293303978	-0.0136324030116228
0.0122515903437897	0.00106906038414498	0.00234191098508101	0.0100487715438082	-0.0291120654144419	-0.0271368416497208
0.0125980788814618	0.000753888819745844	0.00429154013519261	0.000123952147092121	-0.00431792002553642	-0.0151620788144329
0.0129563699932215	0.00667264759691877	-0.00149688001401706	-0.00326317047497486	0.00748703194768673	-0.00718899111761696
0.011181423615785	0.00196854034415304	0.00885907880438219	-0.0260431847463242	0.0222511589766334	-0.0166242604520349
0.0108655295471944	-0.00298569584481395	0.0251058244948171	-0.0109482649656571	0.0175253383766905	-0.00797561424355325
0.0101118149912404	-0.0148496081222873	0.0337052870571811	0.00584918913494697	0.0481383922691683	-0.00200879822310525
0.0125595969357021	0.00816896663576637	0.00398156976107162	0.00124282288545261	0.0196479519526498	0.00544453937829353
0.0124577920759474	0.0148936604577002	0.00237416888647525	0.0110428451644141	-0.0152357730173297	-0.0123010294981183
0.0116929150026345	0.0154871925632195	0.00309701543044475	0.0118990303736889	-0.0116945378615603	-0.0105175400745356
0.0115438311536743	0.00926529170645627	-0.00343730283820381	0.00231335865902622	-0.000501482191350238	-0.00606872759607033
0.0111061054475644	0.0161407571383462	0.0135570605316658	0.0274519632938288	0.0142619247803159	-0.0114199035891279
0.0110719027058889	0.018897190668343	0.0146093179255569	0.0259785295556237	0.00850778875923017	-0.0111196315437907
0.0116668206444391	0.0121105465011921	0.0155153311016144	0.0108946736180844	0.00897080902944876	-0.00868294028130236
0.0124143389470878	-0.00473450653304694	-0.0126577462980768	0.00788491302250025	0.00361872087169536	-0.00211603016016849
0.0130974219098035	0.000691833119908931	-0.00243447933061631	0.0036095619242913	0.00742403224991004	-0.0129494491271496
0.0119359364400712	0.0166964287267753	-0.000187746583142877	0.0110439423090635	0.0142649538023446	-0.0128504793587334
0.0134671737856421	0.0020664759004053	0.00137732124216295	-0.00088680953266497	0.00501576429071889	0.00595903382655466
0.012945784489147	-0.00513563255006947	-0.00109205412721483	-0.000614377363062214	-0.00605419883763452	-0.0151820229179518
0.0122516449412843	0.00606824374975136	-0.00253674422877655	0.00779018996744846	-0.00461922958413031	-0.0116333699475105
0.0115384660979321	-0.00721033712186222	-0.0045715296241698	0.0266240072043554	-0.00763509113664098	0.0203148432915799
0.012882729123979	-0.022216915198417	-0.019403176475693	0.00281393482482543	-0.0132525032214108	0.000823832191642623
0.012881102870968	-0.0062677807533202	-0.00196404135376772	-0.00633151011751723	0.0128410997243661	0.00600853220980841
0.0129653429252374	0.00235585538975891	-0.00530104600789465	-0.00791741116534516	-0.002920598940515	-0.000290699185508586
0.00780616536383005	-0.0376670634502459	0.0100225985636955	0.0911122612667556	-0.00629296218933155	-0.000363351167669414
0.0134078776517553	0.00504650988289858	-0.00597811237066925	-0.00833504436630158	-0.00139957544611819	0.00708678870385152
0.0131534649096362	0.00201690209723591	-0.00939228060489432	-0.00665133648041295	-0.0051505534913336	-0.000430909079566056
0.0139603823502871	0.000569670343114664	-0.00779311365785149	0.00598109846510781	-0.00321908285849185	-0.00972572519091541
0.0131193771135831	0.00327120570106764	0.000372272319499738	0.0064006130272306	0.00732768948576231	0.000644252062871057
0.0121975419899086	-0.00694909114986767	0.00194070372007512	-0.00156266906455381	0.00334554452369664	-0.000304126808713374
0.0127607185127449	0.019080355951336	0.00824097312468041	-0.00171780884230498	0.00979193836375959	-0.015413679720722
0.011835972431029	0.0119905719101884	0.00937133310571868	0.00924317760410834	-0.0055906730815071	-0.00344296330732125
0.0132368146088783	-0.00141814509579198	-0.0154525730124516	0.0111568962255573	0.000254181820955771	0.00137828838555525
0.0135459686133921	-0.000589692160458359	-0.00696305786760513	-0.0117594483915063	0.00194283892005893	0.0026275448694987
0.0137681925806626	-0.00419981706663141	-0.0107523538966576	-0.00209909985612706	0.000848901344872863	0.00561198928280164
0.0116721709765844	8.68888051450594e-05	-0.0113418329602523	0.0207036556596734	0.000224264626191911	-0.0143861494633233
0.0117207595133806	-0.0165186578457228	-0.00728755886149153	0.00796763608909496	-0.0119032433646558	0.00623252687177663
0.0127437944964001	0.0142286911925059	-0.00302223843087252	0.004787382277022	-0.00467612566641305	-3.61360133427574e-05
0.0107665954024535	-0.00890283466438372	0.0189727718674047	-0.0107404758936165	-0.0046810426426666	0.00821696146552922
0.0127568699850977	0.00192256937625581	0.000764930458782683	-0.00215809154084406	-0.00188016389865528	-0.0235516323284281
0.012598988174914	0.0156855082722947	0.00478248942793103	0.00363991012166389	-0.0135545676221802	-0.0143675386116991
0.0129841976422077	0.0182190740070197	0.0156224898103228	-0.00914405235812511	-0.00795519709350673	-0.00902095402010294
0.0107662431418032	0.0130838629555087	0.0147343070510508	0.0133724957447039	-0.0141282615569977	0.0160167737391492
0.0125886922087491	0.00361636984098928	0.0107646699147089	0.00439749649832932	-0.00249632704436879	0.0107789376693485
0.0131577962828608	0.00802998946653304	-0.00691675166877516	0.00391256362580369	-0.00796878722791742	0.00717970915021953
0.0127168194256768	0.00878486339886881	-0.00149528854738542	0.0051372071680885	-1.26997743796846e-05	0.00356874632503688
0.012717013825494	0.00326418509646966	0.000839430618343325	0.00186410823559888	0.000541862964823844	0.00284138615506324
0.0120755227171279	-0.000369741854335856	0.00462581386261684	0.00611053456141786	0.0110083314191552	-0.00183952711862418
0.0115877158469678	-0.0163175545414073	0.00126653690712191	-0.00237802296482811	-0.000944499355111248	-0.0182283305475835
0.0128424212116554	0.012432077802228	0.00533506533511853	0.0041456640838999	0.0100387745179746	-0.00454201071995548
0.0126209056693908	0.00160390709252629	-0.00561423242995074	-0.00768396208160061	0.00532258058676226	-0.00914384150113669
0.0133557317274346	0.000375421949773306	-0.0159355182172812	0.000196129574988842	-0.000322219436046837	-0.006889640004471
0.0129298385807911	0.00322594416398014	0.00307828374972153	-0.00505996749183308	0.00779212477639754	-0.00897067802012453
0.0102684237074262	-0.0143053316418457	0.0148856879648226	-0.0193710436394516	0.010624342548297	0.0149788695468315
0.0102417260593485	-0.0152774989735539	0.0140571962184297	-0.0155334859781607	0.0100689676684078	0.0128238777041494
0.0135478292127166	-0.0025133392703418	-0.00946201834725459	0.000708629009496147	0.0120947454831295	9.08021021663512e-05
0.013677299172164	-0.00157927364756451	-0.00733320275857013	-0.000642060054147554	0.012811707024691	-0.00884079001639368
0.0132407558390136	0.00437732463552472	-0.0051265247291649	0.0137737405676008	0.0023358365354593	-0.00755969288886184
0.0129610092560827	0.0064401665709752	0.0010568029153522	-0.00386725223057085	0.00583768740817459	-0.00831465003263696
0.013166695270598	0.00410477851005281	-0.00595338510981816	0.00809341703676207	0.0142024296386006	-0.00787471021138385
0.0120033731870399	0.00106435045894132	-0.0008593975501672	0.00225037169789443	0.0127827511278452	-0.0183191484528543
0.0112295222805855	-0.0109517999167627	-0.00264183492793341	0.014312358808488	0.00819113927167905	-0.0202331712687599
0.0137074183614008	0.00115771364770277	-0.0148870630015783	0.00943111117162176	0.00952240818461756	-0.0155552622842316
0.013707060369354	0.00251528562663868	-0.0161652316226839	0.000936807205529281	0.0104119878598506	-0.00817984903772917
0.0140359185910077	-0.00295452347342925	-0.0135946788841266	0.0116078997934916	0.00684008473455835	-0.02698866838627
0.0131411821199576	0.00649410831620757	-0.0103070174051115	-0.00181955345622596	0.00707353180981055	-0.00143872789324635
0.0123425427322593	0.0181568862127655	0.00262518557812643	0.00838908856940309	0.0101676115140929	-0.00200347539347721
0.0129299438599097	0.000545785140765719	-0.00494718466779942	-0.00698712120559758	-0.00715426855690774	0.00724562291228114
0.0125337134422571	0.00547763210721099	-0.000361964847870753	0.000928652187402217	0.0160951951623846	-0.00238269241107983
0.0126963849877504	0.00126332552933319	-0.00215027299017363	0.00505431184489888	0.00488818920485506	-0.000763578936810085
0.012974679337419	0.0040592351317534	-0.0083594081693878	0.00407356431968986	-0.00242929367359712	-0.0152253288707158
0.0139300352321031	-0.00130762368881061	-0.014721153969174	0.00684861441141097	-0.00283052630754456	-0.00383096581258996
0.0134576817565134	0.000790892468806529	-0.0102033128899264	-0.00254200054529276	-0.00279893438278571	-0.00220681634425873
0.0120503890328628	-0.00453770315611727	-0.00128106170075448	0.0127594759358317	-0.00345840474982205	0.0144147811992522
0.0109020156206464	-0.0175077914252887	-0.0124893328259089	0.0244318452527855	0.016061166039371	0.00130578420320477
0.0117204139056277	0.00137672789297873	0.00328252331234854	0.000260726946815374	-0.0131026592087937	-0.0166626174465096
0.0119238815154639	0.0137487454123347	0.00218888814048925	0.00302523058333614	-0.00818122529086999	-0.0158959047258228
0.0130723567987376	0.00497666605660455	-0.00488341138433482	0.00836788574069346	0.00359107976111023	-0.00928651418788093
0.0120527739744743	0.0253374186736517	0.0207730360003848	0.0194907956329326	0.00851652984574231	0.00892423089145518
0.010383978045132	-0.00930671404936657	0.00934318814393633	-0.00277483377088383	-0.0251084918445267	0.0250188709520543
0.0140803039362236	-0.00156901012141175	-0.0162813542809999	0.00600409733980746	0.00561555213380725	-0.00484703801060103
0.013248949817429	-0.00437984486487888	-0.00734758791402693	0.00472160639631278	0.00813856758772494	-0.00547073032687261
0.0121679017188925	0.0107173668336824	0.00403107174104381	-0.0126250331799272	-0.00794307426111662	-0.0133075845115027
0.0126498341457508	0.0154807391861773	0.0016467065845384	-0.0169582229908119	-0.00980900813274097	-0.00965226402998416
0.0131246515729511	-0.00307679497708131	-0.00099780346216065	0.00940410494523079	-0.00372497194323369	-0.00115567350932732
0.0123840476557816	0.00106549340811178	0.00110671899818001	0.0111746435166261	0.000249346078970362	-0.00364695551005611
0.0129121721665611	0.00392249214180438	0.00194636250177945	0.0039442600687604	-0.00443996371527468	0.0107325941633467
0.0125984840635208	0.00743262968228741	0.000294129092835915	0.00367406377327703	0.0178382121063976	-0.0136032159916054
0.0125308061138882	0.00867472063327438	-0.000556537682854069	0.00341201862013968	0.0122805927739563	-0.0140826880210379
0.0120185872783889	0.0209301358537576	0.0128338058874206	-4.63508047892128e-05	-0.0181143017657885	-0.0115072962246742
0.0118923433048797	-0.00507582412360684	0.00873914125488454	-0.0142291486547494	-0.00408197910175744	0.0185862262177935
0.0148203100901662	-0.0110438065529951	-0.010466384366907	-0.0116977553509221	-0.00175380603434618	0.00789869250205832
0.0131489360339485	-0.00350365922028051	0.00196367220801368	-0.00312036488951021	-0.00298550284256608	0.00376118692248128
0.0109262613391196	0.0280829089799031	0.0184193184524492	0.0282421516012464	-0.0287025844217761	-0.0353098205395794
0.0111342598034488	-0.00849428698182867	0.0157811556664509	-0.0270458608857958	-0.0180187595326873	0.00693662721093021
0.0122684676937654	-0.00656496043189374	-0.00153965191045467	-0.0157977259168687	-0.00723891337091329	0.0090075218006002
0.0119696035410062	0.00221525293229485	0.00660339436190305	-0.0121214626293701	0.00256626662139855	-0.00766809983871178
0.0125700570140715	0.00143343421253039	-0.00751445791273565	0.00606918973644076	0.0119951354936093	-0.00641800732242536
0.013347634618505	-0.000171045578272969	-0.00778116816039083	-0.0259036204290464	0.00242675622700769	-0.0067496067750029
0.0124980492710581	0.0455614224312013	0.02034853417098	0.00307245231581952	-0.0321101455651942	-0.00261660606490368
0.0111602140613456	0.0155264499416184	0.0149212004265398	0.0173567157439728	0.00170673316962841	-0.0214914585162425
0.0121261386564271	0.0207732056561023	0.0107673126723411	0.00999304344908325	0.0171724572812921	-0.00791602116464948
0.0134298125668907	0.00323345291972573	-0.010401318863732	-0.00782483273231347	0.00795403604282417	-0.00453447888545437
0.0140925297109684	-0.00173065001776523	-0.0123117963780993	-0.00442431476536734	0.00970629772903324	-0.00371710184527367
0.012689398812423	0.00994163394539304	0.00766754986856372	0.00225365344793426	-0.0176245015368906	0.00576063809615491
0.0107512839265731	0.00381385442356101	0.0121710632140547	0.00968449839925881	-0.0177392592924831	0.00594080954968238
0.0129933546206544	-0.00934319063598773	-0.0126739192063386	-0.00993057705229116	-0.00376019599691971	-0.0132463646371694
0.0128157803181025	0.00802927924537986	0.00182769997127634	-0.0137592942497974	0.0084517006872079	0.0137347626399947
0.010425123388292	-0.00940411982834038	0.0079051151930725	0.0196927833941796	0.0138941644838461	0.00400429092950243
0.0118999168223378	0.00570640865626176	0.0142539258507159	-0.0114113545356635	-0.0118011857116384	-0.00933334800231963
0.0114944736652102	0.00343014101868423	0.0125533852281444	-0.0191508414857407	0.0031675336793	0.0133739085589945
0.0118291990847031	0.015055920707538	0.0143689928013305	-0.00254644943048104	-0.0011721741587003	0.00761207152892494
0.0126007400849749	0.00399701136642079	-0.0076822519344954	-0.00743770980608579	-0.00118060260278041	-0.0173206279465464
0.0128873228709865	-0.00511667152818788	-0.00264520462511521	-0.00207651980190365	0.00736856928965907	-0.0224295974760856
0.01270057095264	0.00304108008075813	0.00550780782325885	-0.00702997627590557	0.0100990498143435	-0.0197267477552397
0.010257925408074	-0.0152786907510085	0.00896652154285377	0.0382599031609233	0.00701387465982692	0.0151574166932457
0.0115037426290492	0.00502622295416362	0.00473960255070294	0.0182690870462449	-0.019423898080199	0.00284578210341072
0.0123439019246457	-0.00840769432963249	0.000835935118431829	-0.000999131011033048	0.00425899511576303	-0.00891658847140567
0.0111994889337578	0.030188829057389	0.0229280282864944	0.00830744492693569	0.0251017298510994	0.00791905174032511
0.0110183624126139	0.0329645599473751	0.0210138349819963	0.00883041178312492	0.0208493484439226	0.000824539146955701
0.0118952798209413	0.00974805924829156	0.00873039559531984	0.00315392345315845	0.0080473674278085	-0.0014217923499958
0.0121703358958724	0.029077878603268	0.0173330259648799	-0.00066139196855158	-0.00154287359483804	0.0193770863254812
0.0100512458646362	-0.020933480866024	0.00173216479550185	-0.00675580551562048	-0.00416429895044448	-0.00554552499391795
0.00979275438808305	-0.0210658663184785	0.00927100941491937	-0.00997066093123635	-0.00334639679208179	-0.00864623382937818
0.0120230812322848	0.00334820726000895	0.00853515678384003	0.0034195673849896	0.0203688628063436	-0.00880580661404308
0.0119943013427165	0.0036877085069794	0.0107402682007448	0.00171772099197293	0.0157050631145571	-0.00609955081030438
0.0134071455749008	0.00129142777197534	-0.00440056245706295	-0.0131170690272135	0.0181158130437532	-0.00827047925932203
0.0119627945146816	-0.00646813646573456	-0.00586282457386108	-0.00205120364616363	0.00184826065974056	-0.000696735410999458
0.011677367448236	-0.00705320170169052	-0.0137946389283166	0.00469600678014397	0.00528078076125419	0.00794110117008821
0.0114981402983445	-0.0180486166855944	-0.013450403241133	0.0166080116883596	-0.00347341530462143	0.00103605059599253
0.0115167599285459	-0.0125642495509213	-0.0147260674935296	0.0184253328556	0.00122731128464514	0.00406160637233017
0.0125474241632333	0.00266200756879138	0.00176355243444731	-0.00540578911382519	-0.0137419460582227	0.00463681860842986
0.0121067509443943	-0.00497094492126286	0.00625914876310995	-0.00909288319321887	-0.0178353047389857	-0.00592976889525735
0.012792041808546	0.010025018942619	-0.000100953879914964	-0.0126734037378752	0.00112172907186851	-0.00657936075078402
0.0128168057879335	0.00827122985726685	-0.00164035586940813	-0.0087821719067537	-0.0133041438423843	-0.00983694176454703
0.0122054127006523	-0.00361907643806435	-0.00546028907578594	0.0140110655954795	-0.00212612239960619	-0.0059535591572304
0.00986504463817771	-0.00113322037778041	0.010412215756802	-0.00888516771437704	-0.0252040667429665	0.0165127315100889
0.012461095568114	0.00338834698202446	0.0114438911262539	-0.00599818000625657	0.00376211627876718	0.00017983238564519
0.0135116068738189	-0.000212408362145249	-0.0111857503885617	0.0112342095581068	0.00608024065227558	0.006134615643322
0.0115759819074498	-0.0155671465418452	-0.0296265383129066	0.0160910907738747	-0.0136563576010635	0.0260694499710504
0.0140140947199218	-0.00616003943620999	-0.0103069057812393	-0.00298119800614395	0.0100238444644621	-0.00796533924039204
0.0139600516484478	-0.00915496955535006	-0.0105695666707589	-0.0050553681596889	0.00740752840164139	-0.0106419322170823
0.0125270710564027	-0.00482803363909015	-0.00241514072948026	-0.00283135355563778	0.00341481790579293	-0.0020728367451396
0.012114646265411	0.00468480720373956	0.00515732492373717	-0.000709180735412599	-0.018991879264001	-0.00705108857220387
0.011953168817129	0.00275506851097493	0.00151742861711241	0.0062866696721975	-0.0158677463076071	0.000670829518545998
0.0137375567627563	-0.00309538444645301	-0.0113291569829269	0.00706703331717741	0.0051164177078058	0.0015682197809625
0.0134159960078113	-0.00122067640023582	-0.0136938008552451	0.0131309596826902	0.00842302912186424	-0.00486784495119724
0.0127011841810921	0.0133473214614904	0.0034630701636468	0.00136162479873149	-0.00135880746048433	0.00312595184950948
0.00833091798530238	-0.0337037164762196	0.0285188590400579	0.0138218303902084	0.0282191850959186	-0.0233611206597544
0.0142476356115673	-0.0043970420207455	-0.0185540536389865	0.00338571592681229	0.00248848425058478	-0.00641971928815215
0.0121015661223577	0.0152288166623591	0.00471503500602712	-0.000326975156369849	0.00258888039412955	0.00505384738007879
0.0108496007964566	0.0114847783075458	0.0168082470314463	0.0426788743499601	0.0131011551200216	-0.00903407225056558
0.0104927907429818	-0.0202307017665752	0.0125879121397519	-0.00182469573017496	0.0150806882668292	0.00104095893774459
0.0120346673756508	0.0205324346205858	0.0116852996710672	0.0137188456796747	0.0188927195671945	-0.00731641975268903
0.0121849869479414	0.0127465245466563	0.0107932060408813	0.0205047695024695	0.00220616447745678	-0.0106603587998223
0.0124070606240853	0.00677909697129811	3.7704095872572e-05	0.00947228168402333	-0.00494912907460048	-0.0156770410060481
0.0117519917878005	-0.00456220243352828	-0.00211690252086292	0.00621240619421091	-0.0118401281138386	0.0129144451471169
0.0126395642290691	0.00973239598536468	-0.00945177249013962	0.00108591143920199	-0.0125057520040524	-0.00549503162404302
0.0122277668586667	0.000927195475078473	0.00691223716856544	0.00148376738199661	0.00535681824759637	0.00847402738510072
0.0121217229588435	0.0058216593632426	0.00436677765580833	-0.00179322808527669	0.0122364952092657	0.00437967719184267
0.0122189855434651	-0.00628672707611366	-0.00768032151208556	-0.00520372764993605	-0.00379290739742915	0.00658012283483789
0.0101829105832902	-0.0230284844218533	-0.0164495105647338	0.00866315139813589	0.0304343460531507	0.0282036663970818
0.0135755119120801	0.000245527360979902	-0.0133704827782887	0.0106770712973212	0.00956174409534224	-0.00445472859040408
0.0129006684662194	0.00135207625507137	-0.0148084170318584	0.013036898158519	-0.000909311675312216	0.00940006811770937
0.0105175582868786	-0.0187572061954534	0.0110286622988856	0.00199719456111893	0.017668393648103	-0.0160453155020191
0.0130521523910314	-0.00871073173890908	-0.0109850999309868	-0.00129958268802587	0.00170624885647921	-0.000671130547362981
0.0124381149793086	-0.00416633720767438	-0.00517089604288247	0.00968965303427633	-0.00958480265148043	0.00282450744837218
0.0127404756942574	0.0052049151921874	-0.00394640654418623	0.00285014687954528	-0.00605977049943117	-0.00467079013166208
0.0110488949774619	-0.00478719588286811	-0.00553045812395069	0.0114250424308054	-0.0131652379168682	-0.00197780278673189
0.0130111666668675	-0.0110863233055906	-0.0104693270687479	-0.0107988253774439	-0.00353203439443596	0.00340317147781735
0.0136791373001319	-0.00123432722029984	-0.00632005852952119	0.00683367816934219	0.013742915232696	0.00240960300325168
0.0133712656343634	-0.000325889049380684	-0.00706949632232301	0.000892804271317668	0.00908835965035935	-0.00494777857644747
0.0128614528830166	0.0186753573101193	0.000749399577724771	0.0122044069719981	-0.00638053758311777	0.00568168793941173
0.0117576842416571	0.0161566094853622	-0.000229403369017944	0.0258655839550219	-1.46129605179842e-05	-0.00349008684233156
0.011565927183178	0.0157781692888612	0.0188713927130122	0.0243126321220989	-0.0120591933249723	-0.00825936052102077
0.0130641260867625	0.00168837688695338	-0.00442532281598535	0.00128701656446793	-0.00415803551029556	0.012021731577788
0.0134153593242689	-0.0052565308527645	-0.00675018469238258	-0.00237968457467531	0.00795888818535769	0.00510942771567288
0.0132053720781599	-0.00246733004516035	-0.00978154393839253	0.00700595660357073	0.0113932860544781	-0.0090850080590157
0.010484902183534	-0.00210957589835096	0.0232255767240341	0.0136590149650709	0.00119352922815747	0.0166653285590349
0.0130635021245355	-0.000749035031129676	-0.0103532840116402	0.0104940520307382	0.01272793034395	-0.00473928019311631
0.0125018799596591	0.00546025794565843	0.0068361194216986	0.00358385056316794	-0.0049594801829263	0.0100148630768153
0.0130994084701383	-0.00623039649323733	-0.00344329037474829	0.00300794765894692	0.00144999186565686	-0.0089297681846225
0.0118142734887123	0.0434356444343249	0.0350549983546415	0.0101765110376984	-0.0218387721196041	-0.0057081313736253
0.0106177196813582	0.00187632048961863	0.0209142265509614	0.0196822724051455	0.0148578841618368	0.0191054026234176
0.0132458687526336	0.00246198895375478	-0.00411913543771207	-0.00702957728143244	0.0171041375594733	0.0012616177146678
0.0115806634237992	0.00533126997805798	0.0160610921660377	-0.0214475309316286	0.00783188692980238	0.0165740044562826
0.0120701545910693	0.00670667554178455	0.0110169233368279	-0.023962664922258	0.00377420745922935	-0.000340306498017179
0.0105402764358557	-0.0210294675726286	0.000971774877816493	0.00452937034565905	0.002104477863655	0.0283869966491868
0.0116181460281173	0.00611145789526551	0.0101427113283615	-0.00750806879570266	-0.0284650346869906	-0.00761688702378027
0.00978908259742168	-0.0307023867778279	0.0115046548944558	-0.00980377847617134	-0.0140192894087923	-0.00560210585683019
0.0127438651720647	-0.00190974981045619	0.0053330445033852	-0.0262292507156303	0.0083439787649228	-0.0190755746010886
0.00877164333014717	-0.0130466777551255	0.0393343538457203	0.0204621379878636	0.0185750194471227	0.0350474983308669
0.00885575842814668	-0.0183563044835183	0.0518088970819023	-0.0145071252042848	0.03306141537951	-0.00892434406131844
0.0125120206494518	0.000516701732053888	-0.00957545930507922	0.00582071037320577	0.00629463527974677	-0.00664303500820591
0.0133502951408348	0.00325223885778487	-0.00654566529121794	-0.0105384386302523	0.00828960364103584	-0.00325835496127361
0.0100472147759154	-0.00954343437731107	0.0213598388813653	-0.00588664575553929	0.0144313225371725	0.0223956190406963
0.0127014797489742	0.00704243730731173	-0.00413047714079924	0.00416464183056199	-0.0117895603817718	-0.00872179544611037
0.013548983286667	-0.00209666385538492	-0.0121801284300851	-0.00348141010012006	-2.62808046528375e-05	0.00949667214736485
0.00946954135407618	-0.0254882444648823	0.0297350575095571	0.00344568669672438	0.000419114802102828	0.000719628824949617
0.00924312689190977	-0.0194428507168924	0.0249623732600796	0.00559552642649206	0.018672816695904	-0.0214386576321694
0.0133295950403876	0.00263712738307689	-0.00602530379656236	0.000288629976508529	-0.00785388994319651	0.000436977711637593
0.0122560890527479	-0.00651376893598012	0.00386490025268085	-0.0196482847318587	-0.00521629934223954	-0.0103256294633801
0.00990034587382904	-0.00199850431438997	0.0246024046424415	0.0359076003953924	-0.00925232263228134	0.00368904842967438
0.0113055329995674	-0.0158175349693433	-0.00547771422891441	0.0147828799675526	-0.00286935532842339	0.00856173379395778
0.0127047825859025	0.00671316878786571	0.00464299330985756	0.0195720585791097	0.0194568537321561	0.0116985404419312
0.0125909920010593	0.0049633108072743	0.00540849173861663	-0.00300468353999892	0.00314959646650158	0.00102242864450006
0.0125477242112738	-0.0121830463781991	-0.0141348421809091	0.0110947476172132	-0.0129246961015263	0.0143615943403795
0.0123443060881621	-0.0199505791946605	-0.0154321364172369	0.00424711145384507	-0.0101447561222756	-0.00352998586251103
0.0107349480867391	-0.0105460366975277	0.00613669182632425	-0.00552190950394756	0.00494258278332038	0.0196413196322182
0.00743944829414769	-0.0235951964231987	0.0321263719709875	0.0146558252235899	0.012531219458462	0.00652895837063584
0.00750798241684229	-0.0277150927031071	0.0459999948070593	0.00498942405783546	0.0238523356482662	0.0375338837402968
0.0119454693449909	-0.00570894546167934	0.0182509736091776	-0.00640275638916144	-0.0021399177517156	-0.00145185020475439
0.00913901520054384	-0.0249063530793927	0.0288186578095283	0.00637638132857025	-0.00260932628016653	0.00633572156635588
0.0119775542247955	0.00788451165353974	0.0126348114031098	-0.0124012780766734	-0.00566969644295446	-0.00944411638128649
0.00981582263249	-0.0248672950926485	0.0199827450134394	0.0133262002040369	0.000888224647558711	-0.0085971222624324
0.00906499918912798	-0.0270432620706521	0.0267977459972535	0.00747111675779389	0.00881974716559753	0.00314610440026847
0.00894915382645624	-0.036868102577182	0.0193712781991234	0.0133507192427853	0.0136504065814861	0.00490976933061123
0.0128084626402085	-0.0104200858697154	-0.00782068362645699	0.00920672788585232	0.00763647266215094	0.0111253284078284
0.0131043164623256	-0.00384595397534676	-0.0149854158455353	0.00756961535177039	0.00168712276328004	0.00694784011069328
0.011932609883226	0.00496577641555643	0.00204497166699909	0.0002492076031694	-0.00204220523636283	0.00865065934529883
0.00924930039468445	-0.0359032979570009	0.00739339735421533	-0.0167112237979212	-0.00252338203518325	0.0255052553234013
0.0109024995127039	-0.017582814395424	0.00201349406969708	0.0246789130481349	0.00785239871030256	-0.00423383945456719
0.0109458133587221	0.00587327039610565	0.0240081985256363	0.00131419532769277	-0.0329940761111587	-0.00640898132223082
0.0116336055858787	0.00772924201377411	0.00804791702781561	-0.00186220121590589	0.0225338961866166	-0.00137924658361934
0.0086403696990911	-0.00816458244609627	0.0315573024722863	0.0580281081911186	-0.0507612192519273	0.00737918334370146
0.0132497101507807	0.00948202581964237	-0.00341830442844487	-0.00752204966333786	0.00134110476392295	-0.00208087309014926
0.0135175959814347	0.00477977294863607	-0.00752371110184697	-0.0038300817485076	0.00564621531820909	-0.00628213799976303
0.0127147274783183	0.00141442642703353	-0.00356327775809747	-0.00402098031056535	-0.00175677733194714	0.00197559933984223
0.0129912768280465	-0.00147509684457943	-0.00333935177160655	0.00139432080483157	0.00230747784604494	-0.00332535047379703
0.0118555511804208	-0.00303557661006234	0.00641250226750609	-0.0105863922126079	0.00124747262383336	0.013131393425681
0.0108885313410046	0.017785286621786	0.0165728589226526	0.0158942374240632	0.0258278787635155	-0.0054018333251409
0.0114280748392631	-0.0035381192234478	0.0119602157100646	0.0086000137840171	0.0154533648173443	0.00902563492845561
0.0135846306023185	-0.00387993531129621	-0.0109137014757765	0.00770742430226723	-0.0179601547405297	-0.000847787600963116
0.0122698605753713	0.00910285865654141	0.00104819600565611	-0.0126732564944043	0.00302193845043253	0.000709598044728576
0.0127242010785805	0.00196741214118722	0.00460343003423646	-0.013925131424376	-0.000589423132907756	0.00757497868613675
0.0125059421678736	0.00512837297466225	0.0017548535678106	-0.00964524370790306	-0.0104814434452709	-0.00835241436607151
0.0124537301586828	0.00664466053266212	-0.000493064906556506	-0.0105536419042927	-0.00897282856438524	-0.00664883619052227
0.0126591817697468	0.00454275939890871	-0.00374441407618399	-0.0109881129536947	0.00417633403120715	-0.00176671051701426
0.0128736148352625	-0.00246759542235	-0.000233997261777214	-0.00952855469158363	0.00823230138454573	3.93766603109461e-05
0.0140608609000221	-0.00461195943086434	-0.0183766155495952	0.00912499745293046	0.0108756688570963	0.00075781289438289
0.0129406397222216	-0.00266857847381852	-0.00426829557822567	-0.0162175236739009	-0.00721750959860137	-0.0043930978097216
0.0122090780653691	-0.000479383750511641	0.0114555087822857	-0.0125060488590937	-0.0110003800075797	-0.00191162108121729
0.0122693332252157	0.00524573296819216	0.00713765831497011	0.00513391490484072	-0.0126354534201279	-0.0049052739400814
0.0129915263648567	-0.00227535033836909	0.000345801613998123	-0.00750313471674372	0.00270938532577096	-0.000949195201665019
0.0130077873611888	0.0129847696256688	-0.0125998689943841	0.0111344077593956	0.00516429780419812	-0.0140314601612385
0.0132061864291523	0.0125976762842485	-0.011572138928844	0.0125227731186344	0.00198874192975503	-0.0150172884416827
0.013783351374369	0.00334440191778137	-0.00548137865762539	-0.00393633350513131	0.00522749615133119	-0.00476862627109925
0.0130624857399388	0.0317598852278297	0.0194019383191554	0.00410035505143925	-0.00481357973770821	0.0264052529805412
0.0130237504175226	0.0303637691821911	0.0129995439798395	-0.00605610878730818	0.00967161756520065	0.0202934898106591
0.0128492917754085	-0.00967561187760333	-0.0043861822261276	-0.00778582708653535	0.0109433012910951	-0.0145321632629137
0.012202365740998	-0.00853345533634278	-0.00608444005268857	-0.00631002667927712	-0.00520510160250642	-0.0033615143664777
0.0132524871694412	-0.00118218374464154	-0.00693022076984159	0.001295398680078	0.000703514564802128	-0.0106824489779712
0.0124819426001983	0.0077861333883154	0.012958160167397	-0.00389216153949242	0.00720091048013963	0.00443589664307478
0.0128248949027408	0.0284733998336439	0.0161958377566545	-0.0216680067932164	0.00975128075457632	-0.00110049468770624
0.0137553291750212	0.0131626931159262	-0.00598741678744309	-0.00114104546163958	0.00683039181683567	-0.00721107992138981
0.0128343178438963	0.00254221392559725	-0.00713902568944345	-0.000777128100877881	0.00749583683724205	-0.0104573948813588
0.0116215804326733	0.000274920852591242	-0.000909492202917465	0.00555500809516916	-0.0257687250644977	0.011846916273712
0.0123669988563164	0.00711368897857496	0.016470096902518	0.00629214595001676	-0.00605907236488748	0.00216229603568888
0.0114609839170902	-0.0149363481977899	-0.0123205437767432	0.0122980934588303	0.000318511307675529	-0.00703781839943042
0.0124704969760688	-2.82966756298408e-05	-0.0159910384749909	0.00464825230706925	0.00431309353419302	-0.00551833226411421
0.012081583367626	0.017463564937527	0.0183590672892903	-0.00909870711112094	0.0222420571233699	0.00150810981647788
0.0116478164711203	0.023001289223033	0.0160608239881521	0.00198882009991392	-0.0106341044105553	-0.0110632095233407
0.0133130517486951	-0.00321987827353238	-0.00696707870657206	0.00919017981460892	-0.00322128888398027	0.00507715204134389
0.0119003587142118	0.00258181699066514	0.00170513805693952	-8.62380926162673e-05	-0.0141109276810247	-0.00902839532792163
0.0138173277021661	-0.00280832920078967	-0.0195257941707504	-0.00402256467657632	2.90135487222226e-05	0.00116748716079972
0.0132535698173807	0.0104106938453473	-0.000982895987211585	-0.0013931978535502	0.00559023444594568	0.00864766038058665
0.0133872689044969	0.0126328019483452	-0.0042508382557798	-0.00654009345700228	0.00381358261705635	0.00058513749292978
0.012435591809587	0.00191001440733631	0.00165653079537704	-0.00231622574224936	0.00804375739123153	-0.00586620435538037
0.0116306383443976	-0.0193638160549101	0.000925044588032685	-0.0167304146924255	-0.00749845423181658	0.0161683843452995
0.0127539559641955	0.0137690445056184	-0.00721250627870371	0.008097924121465	-0.00505525784613605	0.00778807231515401
0.0124008463222286	-0.00911808750576566	-0.00125158157560907	-0.00134382901018205	-0.00792037257748182	-0.00429064947769109
0.0126726189678202	0.0123134566134149	0.000334873939816701	-0.00409192439918959	0.0114116835412341	-0.0044003627967379
0.0125901801728466	0.0204572625375836	0.00467138730521145	0.012428823529557	0.00331929698618801	-0.00706208885375623
0.0128009455569724	-0.00337583452433035	-0.00513214962408534	-0.00751034232913707	0.013668278613798	0.00334437495576055
0.0132882961203613	-0.00585913223925515	-0.00928066028522338	-0.00693833569807233	0.0161275022160377	-0.00234282271557043
0.012999978623266	-0.0164094861549496	-0.0152563945796657	0.00606653407865649	-0.00831209790244967	0.00455819442176557
0.011986452619091	-0.00150709434673963	-0.00709666388099358	0.000451621638426291	-0.0322969561917614	-0.00649352463537104
0.00986638618959311	-0.0203835075923377	0.0148749446962957	-0.0222645227495092	0.00745644353250215	0.0264076322380585
0.0119318324114684	0.00234111672571969	0.00300369910392796	-0.00391749381561421	0.00297027170510188	0.00548381121173977
0.0123162907927807	0.025990933364717	0.010196279075707	0.00557372317741509	-0.00143248599496745	0.00687034210340456
0.012934068042871	-0.000368382487492856	-0.00849627319015841	0.00297034670093961	-0.00135735871135943	9.92744841100284e-06
0.0123533550617432	-0.00393334628584545	-7.57302549680423e-05	0.0026086350784442	0.0104025251140322	0.0168629594288249
0.0120859112783905	0.0262560915140623	0.00262943450039012	0.0144100385207872	-0.00550738579763715	-0.00430318033757867
0.013515395151018	0.00218449630360662	-0.00980299765899687	0.00905227763121223	-0.00112068401734757	-0.00817565687886877
0.0125023310724012	-0.000760768021687872	-0.00495483220656098	0.00196643435314164	0.00756530361042231	-0.00420558367815184
0.0125135000248617	-0.00780973814293252	-0.00772899405575853	0.00385982245510972	-0.0173035134339675	-0.028145112613314
0.0128730234037023	0.00397875685343355	-3.93377215931147e-05	-0.000987583113670201	0.00653127244238504	0.00752358675789158
0.0108712643193583	0.0268801986133497	0.0302747980976674	0.0021919617908051	-0.0265191161340506	-0.0150710637069017
0.0114332254658622	0.0384686420951354	0.0244740750844939	0.0458875426155164	-0.0203666042776203	0.00352266506325544
0.0117335096190112	0.00881449433353354	-0.00129269632338347	0.00419899061802779	0.00850430676165471	0.0107599887188398
0.0124187410725249	0.00517508837263436	0.00922926920329394	-0.0102557335472474	-0.0153618460560339	0.0100479682299199
0.0126629573809768	0.00676251350277405	-0.00261822763958973	-0.0083147919863297	-0.00362535667114359	0.0034836452018353
0.0124485834728497	0.00980953218250898	0.00780997531862577	-0.0160265169667176	0.013820060375422	-0.000647163918150733
0.0126551040677494	0.0050590292381589	0.00643732796107137	-0.0181095755271197	-0.00307140982604646	0.00735339958393846
0.0125238649022192	0.00871962549658763	0.00316768494403585	-0.001349406412923	0.0147879650202688	0.00103021971499307
0.0125784248661298	0.0111376862804581	0.00980667280047534	0.000331947060648326	0.0150869906667369	0.00593807224316827
0.0120952602161348	-0.0170413517579219	-0.0131880601246785	-0.010690159007556	-0.0240283839719124	0.00978573168271886
0.0117941597952998	0.0252189590650676	-0.00435002468756917	-0.032675381499449	0.0191529742182247	0.0157079424818336
0.0105764828498016	-0.0362565903253771	0.00277333867629009	0.000275042711302732	0.00525847670011095	-0.025187156755516
0.0110545209591558	-0.0360826405741874	-0.013899797469568	-0.0220988043711275	-0.00558788326836173	0.00750220903375857
0.0119478807359419	0.014239169120183	0.0197888928640123	-0.0128183038830959	0.00567777776625168	-0.0088558522872682
0.0117497698300887	0.0356441794006435	0.0275689918518222	-0.0157992271998629	0.00298138755401728	0.0206916926033803
0.0110105944165935	-0.0205893554768851	0.00944270375320146	0.0120700475268853	0.0159563122449005	0.010975447136211
0.0129965969301747	-0.00278319504557036	-0.000404419747934983	0.00801459419556037	0.00440092357097332	0.00581164806196663
0.0134455946204098	0.00383625429228495	-0.00992190337526716	0.00483978123893665	-0.000888890192940709	-0.0186453031228817
0.0124854920903384	-0.0115709496550768	-0.00541071273128111	-0.00661755599462121	0.00533187831783448	0.00912443625206216
0.012290939730357	-0.00377838095937712	-0.00635431557317454	0.0150922067549276	0.00499646971300585	-0.0102271527843607
0.0116626992149671	-0.00271554591887328	0.00493286741196188	-0.000127037321137977	-0.00328534446516943	0.0264825797488772
0.0129038886213334	-0.00137586721691822	-0.00535487930161812	-0.00132935801971003	0.00672414152726501	0.00217354970420702
0.0115072793224943	0.00419142172388691	0.015082231706443	0.0136486453191821	-0.0165750620517322	0.0322101059652015
0.011836710664515	-0.00495101351002024	0.00121257053844252	0.0161030794391956	-0.00683781679916996	-0.010907839549919
0.00938272686363259	-0.0301161413228593	0.027013650784414	-0.0168105636403188	0.0125948986777081	0.0160752521577756
0.012221449499711	0.00398436983410671	-0.00574062833557789	0.00788855911996625	-0.0161708964731904	0.000751879931446161
0.0127469130145393	0.00476178821389414	0.000905470505091088	0.0173975706117045	0.00301722222197685	0.00662641838472743
0.0128602898767351	-0.0165330383150954	-0.0129345748891702	-0.00153003091787397	-0.0354464370900542	0.00448753472015824
0.0129587058178235	-0.0179578955415129	-0.014013109321701	-0.00498944139907002	-0.0279434168574412	0.00631786757499713
0.0125947144468033	-0.00079018860449553	0.00402878200140718	0.00163283090230105	0.0173845687871799	0.00295392106748782
0.0137784953921304	0.00340095554901007	-0.00947742642476192	0.0101831216763772	0.00523278147844751	-0.000693100908637962
0.0121799028006496	0.0149855267087587	0.0141650358884382	0.017132179094995	2.27489288574427e-05	-0.00178833545424407
0.0132488673777618	0.00960023356632023	-0.00490462603464465	-0.000891283015550099	0.00585977976966418	0.0130759147265298
0.0125616805406197	0.00353460827130599	-0.001740385690607	0.00120945067482984	0.00974353286425491	0.00277897558659581
0.0132630862765237	0.000974861425312488	-0.0053604222369687	0.00854954600451269	0.00925737595920309	-0.00385983480615529
0.0123372637389965	0.00831915111869524	0.00388934726317773	0.0178171582087807	-0.016803563749056	-0.0105871432709073
0.0126932458248151	0.00394076256286077	0.00295282836227895	0.00151431208584733	-0.00901770842387866	-0.00830373515394677
0.0127695037084651	-0.00582663262286062	-0.00235604338163687	0.00923297267855811	0.0090745525195421	-0.00801841410275149
0.0127323145681523	0.0055008430398806	-0.00375263906061079	-6.99654424538149e-05	-0.00119717251521593	-0.00222677358031249
0.0126026761068339	0.00772627946168622	-0.0019490811138863	0.0032010062995081	-0.00943770453548022	0.00589720119851359
0.0131112173528083	-0.00208405540718011	-0.00636433299370155	0.00150628109410023	0.00312277769365895	-0.0124118667941214
0.0127364213789657	-0.000660000472286708	0.00198322010376698	-0.00848474676744725	0.00479995572476774	-0.000673432718911587
0.0127754035286157	0.00640911800740742	-0.0126058680824427	0.00707656663879444	0.00245811472262059	0.0145757514285611
0.0135268067258351	-0.0229692590268791	-0.0283339045250593	0.00660392161284478	-0.00865636299860383	0.00737717729767704
0.0124363831553015	-0.0137505800967398	-0.0148478841081826	0.0146959301151884	-0.00580632467688011	-5.45700520759797e-05
0.0127823476685241	0.00643135174533733	-0.0088446373974278	0.00487689718888636	-0.0147127026745599	-0.00291964848322015
0.0133135636187861	0.000917482991709574	-0.00667202841338148	0.00967011335676575	-0.00728967767838314	-0.00697741279183082
0.0132723881996841	-0.00177477727749241	-0.0106578357799534	-0.000546600413954732	0.0127807318720378	-0.00929072115260029
0.0130996229758757	-0.0132564200044512	-0.0203391195351763	0.0164619636583708	0.00409492657153684	0.0158781999466895
0.00837222832332127	-0.0115203373525264	0.0282691558533318	0.0449349598256678	0.0390903798831755	-0.0185673943955941
0.0121701007493562	-0.00912060634525132	-0.00136764853734877	0.00783806886879212	-0.0113382144634581	0.0049316620103165
0.0118268722228364	-0.00528249982837948	0.00760508197736168	-0.0186349899091112	-0.00382086999690035	-0.00184934099406272
0.012012812898269	-0.00452523323326076	0.00260326862464754	-0.000836710922407915	-0.0200778614490655	0.00599382100033963
0.0121232484918112	-0.00163460230728388	-0.0067018672828116	0.00545318832641891	0.013854184140009	-0.0119063650685655
0.0119339380789001	0.0139957237378955	0.00919138616039324	0.0153833242040528	0.00522912290756814	-0.00150501568457129
0.012249483519338	0.0124810846898037	-0.00543044717154809	-0.00157474879995893	-0.0154480858970558	0.000632140410538199
0.0129408480385542	0.00616641768245673	0.000819542855900668	0.0134635128425647	-0.00239011328348038	-0.00994413113025478
0.011925579178476	0.0079254571823321	0.00278819208962495	0.0124344260107396	0.00251535178966919	-0.00751939205218573
0.0124890236332231	0.00828689893840703	0.000754506618154479	-0.021000622053254	-0.00628114975828217	0.0121879640077425
0.0131515910330582	0.0100976171847474	0.0013394880115861	-0.0140634527524913	0.0113797758349823	-0.011620744692611
0.0112198625615854	-0.0181026422942771	-0.00445913751132308	-0.0222243057212346	-0.0143860786498878	-0.00643711472620286
0.0108642141252095	0.00309246385183811	0.0191540630991463	-0.032962928822303	-0.002638330776267	0.00865808896719445
0.0110636580521104	-0.00343060658449996	0.0192050281179732	-0.0174574884223853	0.000996500069632244	0.00603306879553043
0.0123451730488538	-0.00469314042190085	-0.00774531242359783	-0.00693884858456131	0.00121602981323457	0.0172378221761387
0.0130534462432656	0.00144311817736005	-0.00672512963754225	0.00283470860982934	-0.00848415699230101	-0.0143886754813269
0.0133609476153909	0.00348743966095968	0.00109172245720864	-0.0112794267875537	-0.0166257366700303	0.000167301928711479
0.0123229138750725	0.000412228978254059	0.00018410041045647	0.00254883270224913	-0.00330855555020074	0.00476836100332378
0.013237821344365	-0.00373839210890081	-0.00750701888161083	0.00645828437941806	0.00959180060284419	0.00880372795677798
0.0111677977330979	-0.0263046265618601	-0.01428823407309	0.0248878013347896	-0.0115424795080471	0.0174846984192389
0.0109890758372907	0.014172872179999	-0.00138664670628406	-0.000205180791632549	0.015855282103342	-0.00963703013083966
0.0121024850781959	0.00992625914359311	-0.00403233477192607	-0.0148370414502434	-0.00591194461512813	0.0158842913205351
0.0120510746952975	0.00265723107383074	0.00529018811638299	-0.0016610046510987	0.0129393915874993	0.00989538698892832
0.0125540735193627	0.0362590192945248	0.0251381587439263	-0.00562309499163254	-0.0253556999321657	0.0137220834463307
0.0113581460246762	0.0160300888761328	0.0146694373675201	-0.027565670492185	-0.0148700278934619	-0.00319539638740378
0.0124405216857101	-0.00123077190245457	0.010038108270586	0.00415147865013171	0.00429953171613115	0.00545494885661788
0.0131501574718514	-0.00253412461167475	-0.00361047940158154	0.000719633679517147	0.00119585576526918	0.000285892862327191
0.0125226771548591	-0.0037741338527413	0.00877531743725613	-0.00446599864404736	0.00851500155267752	0.0114517964552327
0.0126667491146562	0.00281555225063525	-0.00429261157689432	0.00115658299703991	0.00423957562959796	0.014273670013132
0.0137974474621983	-0.00478564141355037	-0.0117749431398752	-0.00174950442428202	0.0124156278381439	0.00723764078288048
0.0137657700085936	-0.00396859889916057	-0.0111546010921327	-0.000645721701490283	0.00941831339811085	0.0067076887275296
0.0103142916764686	-0.00090986299999712	-0.000910369784289775	0.00608693624849491	-0.0147146465299835	0.00515168845492391
0.0116962567024136	-0.0104987717384771	0.0156767465071355	-0.012153445305516	0.007129537586021	0.00584735763680795
0.0122623594516617	-0.00740215330071215	0.0046272257704367	-0.024087868708444	-0.0147768537404444	0.0156159286052843
0.0128115813237784	-0.00213133582731953	-0.00257205441715708	0.00568433291043241	-0.00556074146436904	-0.00701802826094428
0.0131771621754648	-0.00338713658418114	-0.011405610418785	0.00109896322543919	-0.00454163902582437	0.000566610442561824
0.0122777518449723	0.0462697918248601	0.0222429515062046	0.0162449643756107	-0.0418487604937802	0.00842535221088308
0.0116461776261312	-0.0108502660044126	-0.00944162479680258	0.00165985222114851	0.0192025860808871	0.00350900068650681
0.0125066037895743	0.008228437081036	-0.00962840695112451	-0.0041593722601682	0.00214532892083629	-0.0085881633217352
0.0134313650661038	0.00381144043523776	-0.00573569445768234	-0.000801807800971924	-0.00483160440721059	-0.0149155170777007
0.011695948229768	0.000837592523850711	-0.00283786889348456	-0.0161315212439599	-0.0102680430774238	0.00493757143092082
0.0117146107834658	0.0198643839933369	0.0185939529715481	0.0195725766650299	0.0286255445310638	0.0300702605519305
0.0125758365752071	0.000683616099161898	-0.00922309866985528	-0.00685100932808901	0.0162768292895471	0.00155504350744097
0.0128738032825842	-0.00996626340872087	-0.00277995803541988	-0.0175447626771834	0.0105814263083094	-0.00125268509475979
0.0125693920436869	-0.0113584394620855	-0.0018330909050507	-0.00732598382388104	-0.00216287837072381	0.00946581495148671
0.01338582909374	0.00264291428012441	-0.00999512682073633	0.00281323254172685	0.0017890108753006	0.000560743790739998
0.0107883829409119	-0.00449865523951146	0.020661267368834	0.0192325583517414	-0.0246238506516971	-0.0139542785753477
0.0122697672366339	-0.00288984325357332	0.00145697561405483	0.0065908337637363	0.0167247319579244	-0.00892467290612581
0.0100322705593659	-0.00505539333999249	0.0295138557257214	0.0120420645100737	0.000668469102274111	-0.00249769446999562
0.0112570116479396	-0.00360270197764144	-0.0106843840650327	0.0171135117364262	-0.00987118468117998	0.00784395187082767
0.0121543605675802	-0.00242186841401925	0.00807848529120353	0.00850910245456375	-0.00141491898930374	-0.00467479285241163
0.0126479206136293	0.00471715280383101	-0.00918951220152278	0.0118236606776266	0.000269226913997228	-0.0105243493051907
0.0117740322894118	-0.00486363722884006	0.00563260852268003	-0.00539560123579234	0.000237799512271159	3.31022360307714e-05
0.0120710683177899	-0.00055143029397646	-0.000125056704732887	-0.00260136805362874	0.000760047530673652	0.0142358869079853
0.0111177315177313	-0.000879888477796956	0.00742701581329174	-0.0176860795988123	0.00204185718084429	0.004696681045381
0.0130231087256214	-0.0184910582818106	-0.0199906192467881	0.00272214093352315	-0.000488457308073369	0.0067353360110785
0.0125910511597536	0.00957144440070617	0.00283663650252449	-0.00268457275853925	0.00825869303681829	0.00143810302327656
0.0092497408877401	-0.0246059989615304	0.0151571829429753	0.0376270855982187	-0.020172127892294	0.049049161911999
0.0139534058479485	-0.00351747239096819	-0.00892111189780752	0.00484365315113558	0.00679187890462679	8.28791681558704e-05
0.0129358252066614	-0.00341436515271585	-0.0119854668004533	-0.00573075916523128	0.000724890249193072	-0.0096226096917861
0.0128512190714657	0.00679700072750768	-0.00655280800315394	0.0137471835225541	0.0104668546100958	-0.00733267354496385
0.0133596956975741	-0.00355463991806627	0.00283982705440095	0.00144436502206048	0.0116720378193781	0.0075410160419917
0.0129436961637925	0.00741239246067291	-0.00573237990615963	0.0183902588294481	-0.00464568974146028	-0.00568318881956904
0.0130625015347001	0.00699709823655869	0.00255233250524224	0.00536811203541194	0.0128261951987492	-0.00450757959956318
0.0135780567206742	-0.00628662670108438	-0.00849745239636628	-0.0024948514149672	0.00168418472638282	-0.00788340403578058
0.0123251014858996	0.00262472663617548	0.00887759180304533	-0.0179795889992167	0.0170975516657155	-0.0107909448816679
0.0129439700438638	0.0123792051389993	-0.0077110129860212	0.00496264732874484	0.00204008483708297	-0.0151770843291654
0.0130247251513056	0.0125405133715916	-0.00412176256252862	0.0070128365492198	-0.00234166074684995	-0.00382020095925126
0.0128601259522201	0.00750185306628873	-0.00879146529525199	0.00158529355013876	-0.00443189650629956	-0.00985975151463242
0.0141492367966745	-5.20837413615935e-05	-0.0178253957946416	-0.00426048448106922	0.0109239425435001	-0.00261031119837761
0.0140712001828665	-0.000410839280187257	-0.0205767552843804	0.00275634875415777	0.0136283162853066	-0.00288102828012853
0.0139983140703184	4.62096909922089e-06	-0.0148926039454004	0.00126098256575576	0.0109697244578149	0.000218596661488015
0.012570397449318	0.00444085156293265	-0.00264231694286291	-0.00735158523772133	-0.00918844387732743	-0.00345683350499427
0.0134986863886541	-0.0040478313671228	-0.0103619776834223	0.0100563228061738	-0.0130789022332676	-0.00297573706872731
0.0125864750875337	-0.000973157591344537	-0.0188229800945032	0.0108048583628404	0.000703015183532108	-0.0159386608046011
0.0125384693462791	0.0119284183385565	0.00305939193731824	0.00421296750262086	-0.00618220567166433	0.00155557383921254
0.0117348628618805	0.0351164612492262	0.0168633910359781	0.0348598359827491	-0.00151135491758497	-0.000924722241564771
0.0133546017659681	-0.0104725839754681	-0.0150924695373631	0.00542856522927775	0.00591078169856609	0.00250768450268484
0.013879796879079	0.00420432211672646	-0.00645192351311975	-0.00581635004200227	-0.00285138081727746	0.00112612759727219
0.0121328535988385	0.0242307638519998	0.0183372089335823	-0.00577036586720541	0.00154107904402526	-0.0113229518133161
0.0120349861292395	-0.00400775282867822	-0.00539336027486521	0.00674894000689811	0.00817536372204188	0.0107723673260525
0.0130896302451236	0.00393804385216084	-0.00407256970141758	-0.0127057143197289	0.0130173909628671	0.00803031054583833
0.0128606247559559	-0.00475267932055258	-0.0069524386820962	-0.00942901877398078	-0.00334134881090861	-0.00527501599326237
0.0117549089630038	0.00712306012765422	0.015773995037241	0.0065522080816782	0.013543600567713	-0.0164427738846239
0.011995473530448	0.0044572528371311	0.000185490945451232	-0.00313328797395373	-0.000534588087784971	0.00138721105042237
0.0130071135618947	-0.00590741977375976	-0.00396895958781074	-0.00025785551106996	0.000472166724942451	0.0102004772462049
0.0140629096117869	-0.00171833978561312	-0.00713183368669706	-0.00440047281305638	0.00793100612841076	-0.00238497642186466
0.0103087082125958	-0.00281655120102452	0.00928893523837361	0.00180075973873434	0.0115117449029893	0.00166231348915596
0.0113202376736152	0.0309006580956016	0.0179648982294194	0.00110651807183954	-0.0450012200017461	-0.0189899265222158
0.0115808905666772	0.0167583485351604	0.023461331969148	-0.00322344858122812	-0.0242147955669465	-0.0121273970607194
0.0124737535893614	0.0257614420656082	0.0154817387424777	0.00132330359963572	-0.00192152724115526	0.00312569605115925
0.0134277356083042	0.00323850621154265	0.00501328876963102	-0.0159998642660445	-0.0091993358807059	-0.00392880945288867
0.0130199847392663	0.00712968170620147	0.000155907097834652	-0.00783966395500593	0.00460732039656787	-0.00016453657112046
0.0123541581384396	-0.00012233968884706	0.00404446479740857	-0.00455716618496777	0.0220746402457939	0.0140175936904679
0.0124523206285132	-0.0040937062937956	-0.00859138058891385	-0.00742022590685451	0.00283239559614841	0.022581678334546
0.0130178252304739	0.00127756948582044	-0.00194210567698684	-0.00585898671389704	-0.00290912168006528	-0.00188892671765797
0.0131778176818246	0.00489488807357712	-0.00200383910094918	-0.00400431399956842	0.00429058506420645	-0.0011039811502668
0.0136407159493167	0.00468623301120921	-0.0106968477037079	-0.00244329362529605	0.00533139794276968	0.0113911740396004
0.0131203698150258	0.00244746985697598	0.000504392160729279	0.00287317941112888	-0.0136801690292215	0.00256815224903672
0.0132337290354946	-0.00897432212034452	-0.00628965749388644	-0.000390685362088286	-0.00236653411555868	-0.00548468696479835
0.013548314256815	0.00618749270079679	-0.00655037787348161	0.0142169178424023	-0.0099254215420955	0.00545102892068861
0.0115739264875601	0.0219120743847775	0.0183955410439584	7.22716288558767e-05	0.0245438459565824	0.0130257732762559
0.0125387049754654	0.00171495877813363	-0.000352535822368214	-0.00922198133957854	0.00951256309090961	0.00438239540416672
0.0120085291412436	0.00548291419300952	-0.000983407525194702	-0.0123921166333357	0.00266542611915863	0.00480044722562296
0.0133722702465256	-0.00368285769631955	-0.00842767139380896	0.00796351390731256	0.00389853668099719	0.00704073883065613
0.0130996591949809	0.00169997641714213	-0.00773583602490477	-0.00333351862058532	-0.000176858265750208	-0.000229646936417978
0.0121704150255058	0.00751151557878503	0.00117870784645993	-0.0129957674417812	-0.0268799091503172	-0.0115237461117738
0.00797501516876166	-0.0176728228096587	0.0498418614090689	-0.037348469021907	0.0260181523560081	-0.0173027218834243
0.0131301493009646	-0.00479640818752435	-0.00644186635163878	-0.000130966907453837	-0.00173604053373185	-0.00262214592092856
0.0127725976519984	-0.00309322036815885	0.00125982371937254	-0.00742032728199298	-0.0144045219231939	0.00866616116463355
0.0136696899093887	-0.00116360516332482	-0.0172603875289436	-0.00507183533390572	0.00312957499820412	0.00294033989971864
0.0103701061693895	-0.00273242314235889	0.0214737143451412	-0.00332486920024126	0.0244140969789846	0.0189827263428682
0.0120699367133961	0.00521279497691587	-0.00199023051954822	-0.00416681593928033	-0.00492801843979444	-0.0134818547355205
0.0127453219280311	0.00854920401424552	0.00673521862621411	-0.0214517215935679	-0.000488565081370363	0.00959350287284257
0.0124716689774891	0.00684090561931826	0.00542667823936866	-0.0126203557769457	-0.00389278641778151	0.00678961222535087
0.0119326598980693	-0.0172313077139689	-0.000314873962748067	-0.0331781721612582	0.00639839816704308	0.000383587986936102
0.0120370231351307	0.00552990277398991	0.00857765464846357	-0.00634018437073842	-0.0146036295216359	-0.00763667989078178
0.0118462627507399	0.0159595356230833	3.96405514740961e-05	0.00496855876607019	0.00500178157968947	0.000171830073817283
0.0131931417818656	-0.00550752183484786	-0.00266564820539153	-0.00971018199588133	0.0148735789575505	0.00380181530971651
0.0115579371682807	0.00260852854978221	0.00651768151853463	-0.00392938036214361	0.00561499699169662	-0.013987838790756
0.0129072739756894	-0.0013305917727541	-0.00700735154130391	0.00313462763660187	-0.00144244955181912	0.00250820073950127
0.0137483072042287	-0.00496360532325864	-0.0119010551810313	-0.0030660206817281	0.00300603889356454	-0.00239845147782152
0.0128809765629936	0.00393987331292902	-0.00461833979100886	0.0063217724139162	0.0177897506042008	0.000576535899347096
0.0122568509070118	0.00188462050814734	0.00349834632676789	-0.00571435490152821	0.00424825269911312	0.00838008022932921
0.0128371859629835	-0.00563282939309343	-0.00823355558312755	-0.00360742620888087	0.0106909545585081	-0.00150451979464073
0.0114055630997148	0.00201248725857594	0.00642017223668555	0.00953828927501936	0.0089772765302797	-0.00823322482365901
0.0120900454829836	0.0185341597718296	0.00540498242918981	0.0185122305715789	0.00611013594585754	-0.00582349457993353
0.0128277833989224	0.00241864288243473	-0.00700903445978582	-0.00273080255506298	0.00783113909314826	0.00617643150126182
0.00857085216027955	-0.0559720545209701	0.0597521547263125	-0.0337586815354279	0.0275961246432256	-0.109114911102634
0.0128953643783512	0.00076146682749074	-0.000961209924295839	0.000276169608238877	0.00614608728826668	-0.013314296998637
0.0127412339577002	-0.000929131997275646	0.00458276048469792	-0.0011496584781833	-0.00599204785426373	-0.0104772398827146
0.0127273298609445	-0.00172203253709141	0.00204682849299515	-0.0018116447915263	-0.0070477843374329	-0.0134851834604809
0.0129075675501014	0.00507316966343826	-0.000926451412882867	0.00100339729852635	0.0208202983489141	-0.010773077119519
0.0125150368842458	-0.00395547807005201	-0.00836577376765216	0.00865317367096992	-0.00983308186361494	-0.0112841138365402
0.0123835455728223	-0.00393739436754989	-0.00794157220444703	0.00418718957387269	-0.00951446731296801	-0.0129527664297619
0.013311442457832	0.00374249502883087	-0.00187043748510238	-0.00923807943961628	0.0133031863557936	-0.0151806169695397
0.0135003480190642	0.0015671616173513	-0.00627867926738993	-0.00423568663199112	0.0183401686414672	-0.00668128525864085
0.0122695410753108	-0.0078900669014722	-0.00587249950278462	0.0225913027265053	0.00957784167158704	-0.000914901140804854
0.0131931419004294	0.0052695859166607	-0.00453991569825511	0.000742192959664076	-0.00604757714670461	-0.0113790695091748
0.013772681528722	0.00645492265967385	-0.00805057134648415	-0.00762046707783869	0.00184325557912276	-0.00322324026270616
0.012182218709358	0.00981253418850348	-0.00585005127654151	-0.00776628986039701	0.0182367779626745	0.0103961943212948
0.013194057174048	0.00204783858310956	-0.013295769517457	0.0123548105407264	-0.00158045846669232	-0.00293046129844568
0.0128369509082236	-0.00177325014278094	-0.0102765585780053	-0.00858368177092659	0.0011672307780968	0.00247456781839844
0.0125897094979014	-0.00388816098072356	-0.0082827549617281	-0.000973257898482256	-0.00675161535898438	0.00731806527860339
0.0121093919799064	0.00866874990802523	-0.00494347635197353	-0.0168026230688842	0.00375529837639075	-0.00211486285430643
0.0109125363468428	-0.0175271571353496	-0.00520858541394678	-0.00482999414279929	0.00656510829617904	-0.0168408159672797
0.0121429797532058	-0.00716945464233658	-0.00687950616682738	-0.00498124229046839	0.00220062828143152	-0.0156620262106219
0.0131762503771333	0.00610307354295239	-0.00094803924854471	-0.00514851887558616	0.017860980507003	0.00967220871472483
0.0127230515961248	0.000225829684016629	0.00109794238498406	-0.00200050696757937	0.00631455815722763	0.00048798853471353
0.0106402343303734	-0.0129150789157562	0.00793648168472359	0.0190093510589222	0.0201346750970769	0.00233488483977448
0.0130002947872949	-0.00131053304231559	-0.00423259692390903	0.00812489222847921	0.00704894381755549	-0.00164601821320385
0.0128288787807485	0.00809348567362146	0.00473615147114129	-0.00677107798706487	-0.00882325526362429	-0.00291040016050612
0.013604163007915	-0.00119085072144499	0.00146672476249153	-0.00956199862363585	0.0131445129956177	0.00117395359131795
0.0113162498140914	-0.013843193422026	-0.0242230564145913	0.0347257853570022	0.00535286316649572	0.00729497748121498
0.0120197669579042	-0.000733182934219662	0.000547887003201384	-0.00254828468894454	0.00426503784991534	0.0128249555784903
0.0118888955278175	-0.00778454117345042	-0.00760433886721156	-0.00277570552774172	-0.00621383223441375	-0.025395555748616
0.0131300076777607	-0.0022892006785739	-0.00871987622562185	-0.00909960756901595	-0.00568177558041768	-0.00703438933424819
0.0128775191500078	0.0010898085052305	-0.00501642007341493	-0.00126157442527895	-0.00267499898073217	-0.000687030814706275
0.0112591391495712	0.0192667717381653	0.0170216826504802	0.0320761569721032	-0.0249941579198192	-0.0120021195409328
0.0134059078123229	-0.00229060596919291	-0.00302874627584581	0.0121313619733258	-0.00376401001959151	-8.99227309079562e-06
0.0132791148157383	-0.00259428807884564	-0.000775134959046666	-0.00839511280428764	0.00101538835253144	0.00447260025066763
0.0130012400138479	0.00426594810463566	-0.00963736351565082	0.0105232412455018	-0.00877720992343765	9.09942014052111e-05
0.0133428900487527	0.00242860961508348	-0.0062004764818494	-0.00473338110013745	-0.0024323326552262	0.00173006430895056
0.0137026350057886	-0.00160766341726798	-0.0114705564569287	-0.0170138459243382	0.00700368704502822	0.00923779109844682
0.014512797218455	0.000361791054568227	-0.0121043008947997	0.00123656530655106	0.0106980123576375	-0.00577865122725994
0.0132269244848763	-0.00398623517704071	-0.0125693159853754	-0.00566736655634961	0.00373688042781231	0.00399222904416931
0.0120196380454605	-0.0239696509243476	-0.00712023481025072	-0.0136486285424299	-0.0175048593483635	0.0376148115959767
0.0136110063319399	-0.0175363559794108	-0.0213703624437661	-0.0136707205496351	-0.0182904556351072	0.00663655435733838
0.0134748144201349	0.00360006009103665	-0.00568428768119055	-0.00955372348274104	-0.00859072792512809	-0.00384237249119377
0.0131718381280483	0.00431012417697313	0.00102422110256143	-0.00536236849453643	0.00488793484705595	0.00694548410988832
0.0124307691118401	-0.021059456853361	0.000195637068093843	-0.00943808512954621	0.00778769436763476	0.0315174404615476
0.0122857582159571	-0.00950429066563893	-0.00250078199852434	-0.0102219928673729	-0.0102784910838182	0.00245702343504814
0.0133401630992973	0.00138127270949816	-0.00938980578558062	-0.00391219858630811	0.0165177893765325	-0.00476701078292952
0.0136632364617386	0.00154137839494146	-0.0051486056419783	-0.000653621019744328	0.00119054743631282	-0.00428825748476719
0.0121706986064388	0.0124545593076091	-0.000668138372151426	-0.0245342981569371	-0.00260498250368136	-0.0110194964906304
0.0123713275718138	-0.00637727752265564	-0.00674218371100944	-0.00193684238571803	-0.00578926013381642	0.00345680114702468
0.0124163741235631	-0.0191746822355046	-0.0105583379501886	-0.0074069136773616	-0.0149198234713357	0.0147389195831031
0.0121302078044379	-0.00079740046136422	-0.00631735088117745	0.0189300382385287	0.00678015694121886	-0.00384801863411038
0.0125089871000005	-8.61029544528052e-05	-0.00294813498790313	-0.00405503529576572	-0.0020568395885904	-0.0144061490100903
0.0123530554218074	0.005317066457016	0.00590824552023181	0.0164450844563784	0.00949700298791718	-0.00367318124039893
0.0118936376722944	0.0379286805064386	0.0221741608990228	0.00295584411029753	-0.00153914125068171	0.00948971637673111
0.0133893594227041	0.00440844094132318	-0.00242511672773628	-0.0144061700524931	-0.00390563016666934	0.0167092471672052
0.0132593233520013	0.00419737512076657	0.00106232767180571	-0.0148429217974427	-0.00848125938869366	0.0158089703689321
0.0115851295313057	-0.00471314222116458	0.013804978982974	-0.013352994137131	0.00483389467269192	-0.00379064065921494
0.0107964276782027	-0.0181798551160296	-0.00142482274378212	0.00145755030571365	0.00943836123557066	-0.00261777692667782
0.00976126403327401	-0.0214641216401739	-0.00466382224229732	0.0207693852406746	-0.00303074442368794	0.0189971883037274
0.0119312240613409	-0.00994458353358718	0.00263575505075145	-0.00172006675329741	0.0111650799310998	0.00857231952732126
0.0118856884785457	0.0190452051671647	0.0210184649149082	0.00119016369828688	-0.0225819087385769	-0.00955274475780936
0.0115569998649867	0.0212820056712502	0.0138921744756173	0.0144607595708476	-0.0437144091665079	0.00438854139432758
0.0121524880969615	0.007571953775181	0.00411777641467389	-0.0117505328889736	-0.0114568646696582	-0.00611326104463644
0.0118724619254307	0.00548557419837394	0.00892126798856823	-0.00815470873488156	0.00958003235943727	-0.00945181542681168
0.0131631497122348	0.00233175738999491	-0.00733106670504245	-0.0037528629238296	0.0161088250488436	-0.0190605335861044
0.0129078039204373	-0.000711804328141471	0.00123003915489588	-0.0112750871356355	-0.00464827424353161	0.00731288814418808
0.0124315781974049	0.000506061442218189	0.00424446690288729	-0.00272569842510133	0.00360391096079348	0.00956017931625479
0.0132359242131705	0.00440901213324107	-0.0022317770723815	-0.00913279426647212	-0.00229457959521224	-0.00311157938914276
0.0133541515937975	0.00226214415494793	-0.00328634341820589	-0.0043644621585276	0.0116648258364998	-0.00870020545992749
0.0120052439141092	0.00358537404916838	0.00487198795162588	-0.0168322010652545	0.00394678283676289	-0.00152788201040122
0.0131323734490686	-0.0140629849118725	-0.0204206917160447	0.000620764470112545	-0.00408719108605817	-0.000801385708518911
0.0135189882024518	-0.00750768795490286	-0.011948430483351	-0.00332153014526987	-0.00999099979414085	0.00339957891210887
0.00942360456458585	-0.0424448527391573	0.0159834551224443	-0.0166580832279285	0.0140641275477478	0.0184359015424808
0.0133868985279164	-0.0015922145167513	-0.00974587173345925	0.00114927805094711	0.00660091410535154	-0.0128859733460648
0.0125874752161688	0.00291587263564925	-0.000146816049514169	-0.00235961621298997	-0.0128116181220798	0.00344869715569295
0.0129938642216057	0.0011357166485495	-0.00331814436094028	-0.0282263766863573	-0.0113186755573228	0.00250081157222591
0.0132692349132263	0.000819874832876167	-0.00258409950013989	0.0069249975578597	0.00408488858862349	0.0050205046947131
0.0132659592994596	0.00273243173080252	-0.00472990010834089	0.00624404500184783	-0.00611453674260446	0.00247809942195877
0.013228698192957	0.0147315418710323	0.00331388941056036	-0.0112201399405499	0.019541141000389	-0.00547845593167124
0.0125561079430441	0.00943477958684039	0.0132873927120138	-0.00607040215011294	-0.00789143485839523	0.00363157263600981
0.0118071065906821	-0.0106320808414785	-0.00109456455383143	-0.0077433786125915	-0.0117026681693677	-0.00202988807023215
0.0117015705477704	-0.00304488857465446	0.00536805364709434	-0.000571046035256124	0.00330527533942658	0.0194399045895377
0.0109983058061118	0.000340752474829898	-0.00592169808450736	0.0324840538153033	0.0190831508041309	-0.0138550546257017
0.0105020084378754	-0.00372466946371174	0.027394514976471	0.0119350378139866	0.0377305145478903	0.0167998230875974
0.0128409149873498	-0.00851939281972212	-0.0100018471966731	0.00558803370416897	0.0140706984647444	0.00322994214517867
0.01284955964568	-0.00315058497454172	-0.00770008380675505	-0.00277915531972993	0.0104751856730126	-0.00255299177056122
0.0125640814657001	0.00703639123817412	-0.00736351346038119	-0.0132619215204364	0.00562608937618677	0.00145061029010432
0.0123098534006889	0.0122910890608449	0.00446608669680997	0.0041512276103861	0.00596333198149069	0.00337047894143228
0.0126987298096566	-0.00130910203620652	-9.88672164853736e-05	-0.0146169180416868	0.0102996740305731	-0.00432820872702614
0.00846514695029816	-0.026989268000458	0.0344470138330481	-0.0173454218408435	-0.029819695069416	-0.00859987064543
0.0116823651301004	0.0194633549351467	0.0272966643970334	-0.00693781713085017	-0.00706012412907073	-4.93931962429854e-05
0.0130399510187468	0.00388774176083823	-0.00473650774609902	0.00684363902519489	0.00218653626160573	-0.00711043961536942
0.0129171017193526	0.00343642308991447	-0.00365880719914487	0.00783985570842814	-0.00130457788758956	-0.01412247342019
0.0122436116358333	-0.00935902314782874	-0.000716121561741841	-0.0233562268831225	0.00611397253026237	-0.00760717011191987
0.0132410523512233	0.0116296333136877	-0.0091838017419652	0.00812472316420613	0.00383272750851887	-0.00394004918321744
0.0129749534175565	-0.00466646981344634	-0.00689119508308844	-0.000116726466849976	0.00881512963982681	-0.0064128182344529
0.0133006079415912	-0.00186828016617673	-0.0136933689755441	-0.00593024843495498	-0.00593177498329941	0.010583395084817
0.0131693968846535	-0.00152595157414884	-0.0106897918960365	-0.00576421676991798	-0.0033468475014787	0.0153068316236634
0.0123436264939078	0.000359477497479749	-0.00349716371743923	-0.00494465891193523	-0.00236577457517419	0.00179475538957162
0.0110769520445366	-0.00473274949597116	-0.00121292820152802	0.00247735511626674	0.00255188036112594	0.00760215825250444
0.012478226172281	0.00233629106116854	-0.00742181344157596	-0.00993102110674263	-0.00487212750900981	-2.15300105852706e-05
0.0130982589279998	0.000355368086826365	-0.00355213671772047	0.0070096535687672	0.0188605788515256	-0.00344542773220937
0.0126260284843759	0.00976804528170272	-0.00332632345038462	0.0110994486601474	0.0101023202388143	0.00845352916247586
0.0114544074001301	0.000707889590525374	0.0131816793550335	-0.0231644675787021	0.0184530952468198	-0.00350122694483307
0.0133510915062555	0.00319893996641373	-0.00617835080171219	0.001471713654057	0.00965616429420335	-0.0130227555913286
0.0109393896710017	-0.0226346939484663	0.0154081163186078	-0.0244248756808963	-0.000615197884925001	-0.00543488895302579
0.0117955886528655	0.0119658989979898	0.00598532752765692	-0.011263149443518	0.0131156781453511	-0.00217990704765431
0.0111370807993921	-0.00346338814053122	0.00115483475912792	0.00128204120996773	-0.00449038396794606	4.86152769797561e-05
0.0112811936343373	0.0122854836110408	0.0176541751725546	0.013376284059068	0.0045775576616231	0.031003102646773
0.012323881975289	-0.00992642668086606	-0.00926291527793057	0.00499726266009295	0.0169645669847538	0.0120364836787282
0.0115202246179068	-0.0140163280957594	-0.0113223804818014	0.00175115122853282	0.021689971795814	0.0178818348465195
0.0124238608778068	-0.00882658633405695	-0.00711661529056052	0.0117099069732465	0.00874523202681628	0.000533975233991783
0.0127084898252579	-0.00717108306178591	-0.0029648115859915	-0.011800171821091	0.0137035493491459	-0.00580927739295307
0.0128962571620631	0.00364950455653377	-0.00722720969798965	-0.0168633186575172	0.0043999376731408	0.000557724445201402
0.0129807579679599	-0.00218901551475444	-0.00236012635477665	-0.0114701448379704	0.0110238379498876	0.00232195361816785
0.0129359209678118	0.00795906653622159	-0.00426965251810639	0.00538303673261412	-0.0138251687334298	-0.0152266691010826
0.0129053566911728	0.00879173082189574	-0.00618832421602298	-0.00115594262152053	0.00371393932752597	-0.0141553620480727
0.0126302097847216	-0.00299175524448408	-0.00389086760018858	-0.00925899748523804	0.00779297207893296	0.00301175761057249
0.012291934409876	-0.00155274585414738	0.00254177150678217	-0.00295076914664575	0.00602160140569987	0.00698426302087302
0.0124412443579927	0.00705949767234262	0.000293388424319214	-0.0122421030192406	0.00804369580963502	-0.00308988634650545
0.0129308395156089	0.0120647459479591	-0.00043423983202348	-0.0124693883559021	0.00861059077789517	0.00130836099625254
0.0110573940022301	0.00128945389735495	0.00291516265483047	-0.00161312579038843	-0.00198298774092698	0.00631275053935506
0.0126336631271509	0.00821934762185618	-0.0029123615117695	-0.0110255652433468	0.00430352463225237	0.00768214081533052
0.0127601700604838	0.00723175236900107	-0.00309994756895684	-0.014549836280662	0.00621598242132041	0.00226288421290506
0.0127072122936315	0.00194002726535947	-0.00692200295224111	-0.00918220900947584	0.00164127027924664	0.017316831841521
0.0111355847967495	-0.00447401246895197	0.0261755423522962	0.0122355052753492	-0.0260333785205064	0.0224907858815948
0.012425712593259	0.00722059458022995	0.00432706244910039	-0.00952074168373699	0.0151378765396709	0.00693850331618497
0.0112118676587236	0.0191652355755273	0.025984319247226	0.00237859999157275	0.00342493958239952	-0.00191207385608261
0.0137766409779598	-8.47841175079102e-05	-0.00957394893076669	0.00506577562444462	-0.000328298663235371	0.000340366656604438
0.0137497731990347	0.000550645893938408	-0.0125856881351414	0.00425316318222606	-0.0016533384438149	-0.00905095310772384
0.0137394800127225	0.00317638911567296	-0.0137158878956672	0.00418194967418935	0.00232804814437883	-0.0126608213093021
0.0141784706737771	0.00224375129180981	-0.0127589642323487	0.010090777889932	-0.00218310115977389	-0.0105488535473309
0.0134363586185578	-0.00214843354260944	-0.0136378790683238	0.00479742857945607	0.00625065007925344	-0.00662534836268626
0.0130859966805314	0.000112768831944378	-0.00288245699389973	0.00708265392970005	-0.00128612349827961	0.00441432804109514
0.00813631392467686	-0.0477102256483566	0.0264385101028718	0.052379085494123	0.0463730387768346	-0.00882864012425302
0.0130770780054196	0.00903467507295464	-0.00962615292963583	0.00885907714304186	0.016524981727766	-0.00365296602219708
0.0128787134544914	-0.00132005669667464	-0.00798998510733984	0.00421506686802909	-0.00763690722559594	-0.0124549586807313
0.0135911700125304	-0.00392673189983511	-0.0146510657150523	0.00117783441296838	0.00278828086942584	-0.00991186273718798
0.0135879527100219	-0.00376535792586332	-0.0142775107448142	0.00114397284518796	0.00297059981442327	-0.0096076828442841
0.0140732056165078	0.00349239033962973	-0.0148342393291188	-0.00210815075715653	0.0134664748755065	-0.0084838336110319
0.0140837220800687	0.00250008984965176	-0.0190653215697419	5.61825117282445e-05	0.00462713314249203	-0.0112012568613606
0.012975820791357	0.00245168239184044	-0.010721686780084	-0.00748411365993347	0.00398436781934052	-0.0118013483093676
0.0132280034510008	-0.0025660855561852	-0.0100004152733121	0.00381898026926749	-0.00279772422872164	-0.0104671251546136
0.0128908762303798	-0.00206908083864671	-0.00297939526290545	0.0159922779119675	-0.00449523141020037	-0.00436912867053491
0.0130002754821085	-0.00624279090989721	-0.0136887529769041	0.0130001832642635	-0.00700982560631343	0.000519195196265843
0.0137445019912804	0.00622865678000333	-0.00761798837137961	-0.00647566158229854	0.0173012450752667	0.00741417554162671
0.0137020675329814	0.00444217102107212	-0.0039201718788955	-3.72227918689653e-06	0.00598633509360987	0.00555949991099751
0.012380144370436	0.00833640603646983	0.00594006628805624	0.00366475424432083	-0.0164051357676442	0.00497583002296636
0.0109193359452204	0.0110323904025048	0.0248232938632222	0.00991381473752491	-0.00398829971257703	-0.00225701850035491
0.0127813476537629	0.00114620605827007	-0.00367893882629745	-0.00320703719725527	-0.0106709208909389	0.00610175982754077
0.0115186508860629	-0.00719086706747376	0.00954531187555598	0.0204993104273061	0.00403858786346163	-0.0179790771305696
0.0123687772567928	-0.00112764788166276	-0.00699946641168568	-0.0062679702348074	0.00298095600111516	-0.0038271199003875
0.013306998778481	0.00300692504951781	0.00597266051950714	-0.00825940712067406	0.00439731655722066	0.00558318990530137
0.0136116759395973	0.00220072629788671	-0.00496933804285357	-0.00226091145420313	0.00302337966846479	-0.00267097000322162
0.0126417994732216	-0.00666104887616765	-0.00374051344370205	-0.00216666944142965	-0.00930117456079687	0.0199720873085506
0.0120801251280585	-0.00731338263176021	-0.00128142032419159	0.0112421348722014	-0.00198630087836029	-0.0126831314420644
0.0132466142677462	-0.00107756618177065	-0.0112093406185559	-0.0021797135034812	-0.0016404914475445	-0.00556476057514056
0.0118605116892164	0.02431247715828	0.00421673489284539	0.0137687414951158	-0.00321797635600093	-0.0263314737579963
0.0127365453919239	-0.000275334395189366	-0.0048784714528908	-0.00454954310592808	-0.00320162009833286	-0.00232228306881804
0.0111213040257526	0.0112095447333174	0.00900104725693429	0.012136657965888	0.024372640950483	-0.0257102207231167
0.0122572696144046	0.0127517261123385	0.0160314811131351	-0.000172391562819531	0.00508199876511858	0.00208113607838904
0.0122232135158176	0.0127670506012366	0.00605464194553243	0.00883454466748713	-0.000736410820792994	0.00521607282119082
0.0127951046762235	-0.00717369996400674	-0.00705164835031153	0.00187538666474238	0.00197215527257209	0.0144649751173421
0.0128712514564422	0.00306170007715696	-0.000230964353293719	0.0134665063294724	0.0062833856047867	-0.00288742204716324
0.0102195998677499	-0.0138914993776306	0.0190790214525026	-0.00525843227218919	0.0013723591893727	0.00145555398218734
0.0126865962233798	-0.00118633511388801	-0.00607465763049555	0.00838903415502648	0.00470155741532895	0.0210221999644098
0.0112281979578182	-0.0106979436529281	0.012592122096158	-0.0142885686692283	0.000943734213710805	-0.00752306397123411
0.0121201302359603	0.00169116036136932	0.00246385265480101	-0.0269419348246602	0.00802279715149796	-0.00125959809283768
0.0122590271980819	-0.0012684017218445	0.00966965019638738	-0.00990156870083408	-0.00691424514288757	0.00344504062197178
0.0130837098715515	0.00108774448962428	0.0026016886865592	0.0111928131739273	0.00173059839993654	0.00518155669779697
0.0127723912267612	-0.000115062993310141	0.0006621715073881	-0.00213586152720714	0.00836632601883785	-0.0172183000896124
0.0120702030728834	0.000382472566521667	0.00471150763667911	0.00159399858531552	0.00796518166637039	-0.025785833395606
0.0126523653402631	0.00595548132321259	0.00454637221881837	-0.00404624961946746	0.00890716271733057	-0.00830785498275179
0.0105312822030289	-0.014162900414599	0.00528929216604163	-0.0162054036168759	0.0174502798231477	0.0218567890492208
0.0126667234484695	-0.0096572476170542	-0.0167606131653033	-0.00386195987539989	0.00664527750698824	-0.00151793033687333
0.0131666691483469	0.0061665789814298	-0.00101439471028289	-0.0104244102148893	-0.00215503469013995	-0.00335162152412225
0.0130136634577571	0.00763747347295171	-0.00959829315808091	-0.00387120924415536	-0.0133231147679671	-0.00426711460636135
0.00966527883447575	0.00519275085127826	0.0314825903950069	-0.0279089299036695	0.00311272351335622	0.0274402712538947
0.0132820228128967	0.0065960408345338	0.00300733241749628	-0.00609215393749941	-0.00868398507809235	0.011183582783535
0.0128368567069985	0.0263102893721808	0.0091448524531863	-0.00137093140568629	-0.00764192179018416	-0.00378658178978559
0.0131277571688863	-0.00321963487667107	-0.00847199418568816	-0.00637249512665543	0.00288738930838667	-0.00522917961064727
0.0132170740269807	0.00623191027434377	-0.000871943653785516	-0.00540604371273216	-0.00990393962413213	-0.00943158045062042
0.0138575234121063	0.00634855739700176	-0.00883388313703991	-0.00187487881331465	-0.0110802894123042	0.00905701636986867
0.0127933746456238	-0.00656875770069267	0.00358500513231542	-0.0158713122189681	0.014715054840288	0.0115010439431821
0.0114515037367962	0.00948406364331588	0.0162544700711864	-0.00269670440017397	0.00679136861755838	-0.00258610580400708
0.0120074616548463	-0.00217261941696036	0.000484407858236493	-0.00456314384805868	0.00550367845910873	-0.00168672655886653
0.0117520830775675	0.00283269252126769	0.0124654226631643	-0.0207600156666518	-0.0172826801851691	-0.0270011441326195
0.0132848021293216	0.00248941128242383	6.520475186538e-05	-0.00495042946651296	0.00542665551446767	0.00179727145477263
0.0126898172811137	0.00274487543920114	-0.00645298001833261	0.00117568183888626	0.00530313555832448	-0.00856067806307359
0.0124238216510447	0.00241503378584022	-0.00373805344079433	-0.0134916938121113	-0.00921048696631873	0.001915118057246
0.0119026179332173	0.0137788311817188	0.00555523490281183	0.00070641677039534	-0.00233122068282066	0.00534107612229903
0.0118341343075415	0.0154353280906324	0.000691246919673547	0.00655313877903369	-0.00168558361259025	0.0105240091958428
0.0113393642112777	0.0243621896022802	0.0193549021788847	0.0047211323206056	0.0181257439873742	-0.000984146756232311
0.0133545637628497	-0.00282855526932705	-0.0105374735793738	0.00946740806474823	-0.00225526602861053	-0.000774608177890344
0.0126652319575403	0.00131092466618267	-0.00890035871410998	0.000285915568330155	0.00560791040947343	-0.00317959947119374
0.0103359481739028	0.00173518644571182	0.0208740590986462	0.00417287188499174	0.00995919067086042	0.0287894397417707
0.0135670463940468	0.000743154101260819	-0.00787456946635803	0.00100519655211057	0.00200805604019609	0.00360571725534232
0.0122473501456926	-0.00155654080777027	-0.00171461191876426	0.0120958099290255	-0.00363291022249658	0.00922315179873015
0.0107325644213656	-0.00229037830518348	0.00940975580550898	-0.00422988302310119	-0.00529992124573816	0.0128802145403642
0.0119704840686803	-0.0104045425235006	-0.00545522070510433	-0.0238753970545963	-0.017859753947046	0.0262720251578898
0.0119200803121475	-0.0261591538380242	-0.0304502726659437	0.0137170594273248	-0.00436962222439858	0.0199067685012469
0.012829930754387	0.0116825599982987	0.00386164149423119	0.0112147463079511	-0.00360768919098842	-0.00343973552243976
0.0137193814588567	0.0116409746776606	0.000824194484539607	0.00997689860956239	-0.00934727036480042	-0.00140861024935537
0.0137166154248246	0.00770696391243873	-0.0039630119483551	0.00567203311863581	-0.00718085773053118	-0.00490222556787592
0.0127242562132502	-0.0146615145639774	-0.00361536589984227	-0.00852080164651125	0.00416091736045866	9.37098033146977e-05
0.0132726341291741	-0.00106796776195822	-0.0141181018376361	-0.00552473828616392	0.00442822603168344	0.00753798876024121
0.0111515432962083	-0.00322298216583736	0.00168979353851874	0.00174091177138909	-0.00673091652155101	-0.0010824067911627
0.0123235301460147	-0.0201959690964206	-0.0157081367003968	0.00304377768456979	-0.0221025901329942	0.0131874056558096
0.012355619810171	0.0161378880134029	0.00687957115405351	-0.0219701093632029	0.019468706675462	0.00488526537411621
0.0109907574795077	-0.013419339493594	0.0022529327170747	0.00569226358064335	0.00641323860118321	-0.00730865084376992
0.0116435274168885	-0.0228861937686201	-0.0043526012922597	-0.0281108284556163	-0.0440239734688629	0.00247156340584166
0.0111874216540673	-0.024336706606337	-0.0132947439828761	-0.0172746292195558	-0.0288053257147613	0.0268795245458032
0.00950580820853716	-0.00223639010192738	0.0301823164606423	-0.0215506452203201	-0.0202384601391833	-0.00682597320612629
0.0118956073528741	0.00076989499300783	0.010211443189661	0.0110349240347846	0.00775978292608462	0.0146733010001082
0.0131057463463061	-0.000633457578623585	-0.00449089088762262	0.00758579179513273	-0.00410428003744474	-0.00826942194141936
0.011994542083286	0.0197291402209621	0.00304401037468596	0.0145940226382778	0.028602984277346	-0.00481746153235431
0.0124908029282438	-0.0081888021052933	-0.000935734812191019	0.011206215502784	0.0089866964503111	-0.00494832744474332
0.0112668528788988	0.00101555040894825	0.0111767646053404	-0.0138809303214152	0.0159965831123695	0.0227104104484033
0.0129761366465625	0.00218028118659814	-0.00685238767135972	-0.00711571387160839	0.00168637257377633	0.00106497648328645
0.013173575318393	0.0068875120753069	-0.0102312529790864	0.0108511216532842	-0.0101623139095126	-0.00432604030214991
0.0130915521026808	0.0100630169563845	-0.00950255629330905	0.00641216662678474	-0.0108291621437183	0.00146513461606776
0.0135472371083848	0.00534982167666386	-0.00880596207889332	0.0155762154170836	0.00497480837856506	0.00217472514285187
0.0129074304816214	0.0123927201142977	-0.00119125586586302	-0.00757447425480157	-0.00404300855036232	-0.000817637532337518
0.0129726241303596	0.0131922008347772	-0.00417345324221218	-0.000824215015227995	-0.00296718014186814	0.00468320010124673
0.0129890232561543	0.0130602268006514	-0.00445237757950545	-0.00125376470089623	-0.00146930059060597	0.00490855468301817
0.0130446328542113	0.0126825775422488	-0.00362866613195711	-4.53579129021157e-05	-0.00243636968758927	0.00296626600870626
0.012735606092835	0.00787958725313708	-0.000676378739099007	-0.0112149507723668	0.00227237798604369	0.00905024375376252
0.012527797122595	0.00122269307263069	-0.00702226751078624	-0.00119770047289369	-0.00907533509620297	0.0259742298367929
0.0119169412529911	0.00376199278881529	0.00470288280696727	0.00626215523815411	-0.0149048657292014	-0.0161820213544469
0.0113231952718202	0.0152852021310332	0.0084752235924853	0.00701966488671285	-0.0475537029005672	-0.00311715481392221
0.0111742355033698	-0.00471642927909701	0.0268857845467976	-0.0267235352310688	0.012751403811775	-0.00873362202662482
0.0137262667807742	0.00351519877636455	-0.00650299976641588	5.24892653224552e-05	0.00117983161637944	-0.0162921306693472
0.0134057712088429	0.000207429484844228	-0.00751690540633624	-0.00847999629359038	0.00933009574725067	-0.00737896143568068
0.0132953027635599	-0.000803705013787268	-0.00844721195186252	-0.00144134063592773	0.00805011244363851	-0.00796803008425979
0.0131587245435918	-0.000100521540331179	-0.00755427292458563	0.00541665544391081	0.000258759461425694	0.00343284661847071
0.0132163409486508	-0.000440042568134303	-0.00923732807321689	0.00842610075169634	0.00526459478001562	-0.0225912936040454
0.0128797116676781	-0.00305322751555346	-0.00793955707258793	0.000490614237706845	0.00976907494277389	-0.00496596045072171
0.0137961381764043	-0.00446755945589944	-0.019708679167891	0.0131701989466234	0.0111979932777891	-0.00989086934355289
0.0123679494356045	0.0124509187970501	0.00928361790297153	-0.00917160450137213	0.00579436804626204	0.0268629969629059
0.0114542685783647	-0.0297416953067059	-0.00598989704857693	-0.0219789682483813	-0.0206710629583667	0.0140343317215475
0.013367802688165	-0.00561217706900261	-0.0099448165651581	0.000977266292403803	0.00083302329398224	-0.00363889194281435
0.0133186937278891	0.00131266112888192	-0.0110536817392562	0.0112314367641037	-0.00589496360291097	-0.014668576432124
0.01237376050178	0.00946160433220744	0.00172201606318007	-0.00384596245565234	0.00925585679360973	0.00748583503683325
0.0126267862532476	-0.00731987498151084	-0.00326132447054009	0.0101371191141498	0.00820609744262469	0.019830372276068
0.0125999476622979	0.00102456026433027	-0.0105597442379949	0.00390669407451861	0.00774615242216699	-0.000597664958502932
0.0121973599720205	0.0192274801605279	0.0127974561789797	0.00407538838384113	0.0111560891536411	0.00503054697941539
0.0125186137238195	-0.00888868565237617	-0.00306251720007597	-0.0242739347692965	0.00505248018319451	0.00457771517279548
0.0100870641795132	-0.0040910100775274	0.010810318994308	-0.000617222392255534	0.00964889707407151	0.0131911830407925
0.0129961242804155	-0.00191849544113086	-0.00702475434448683	0.000682272074383599	-0.00221262486233226	-0.00525358972440908
0.0090287112974721	-0.0252789004895609	0.0467995259797992	0.0128603716153888	0.015172588258867	0.00486920285654202
0.0115447456859104	-0.00718045567861482	0.00934179530298192	-0.00528996008097465	-0.00739192554654941	-0.0128416905276434
0.013414084480188	-0.00442422376000766	-0.00768698262296059	-0.000726972438595572	0.00251705405602498	-0.0182161119540895
0.0125275798855874	0.00184891542714594	0.00667017145681083	0.00687400727061448	-0.000374479885804467	-0.000696465623010994
0.0128104233586245	0.00298276838236843	0.00253530270696849	0.0053729464898173	-0.00218025749203696	-0.0113355580117719
0.0123609180665698	0.00148980356071898	0.000117868847730646	-0.00251314461041634	-0.00569326534590262	-0.00442520859391548
0.0124631774961155	-0.00435966129433087	-0.010938852468761	0.0179444913471065	-0.00800244919421453	0.00441064830331699
0.0112303244822683	0.00397996004366515	0.00716730849301353	0.00744452692880892	-0.0236496115762117	0.00768107939073522
0.0133922286413759	0.00834687042576415	0.0128118341745297	-0.01171065353736	-0.00722382018480527	-0.00747585253981865
0.0115218022434352	-0.0108554187277123	0.0156619201845039	0.00754643037360749	-0.00788504231483559	-0.00715870123633031
0.012046054977575	-0.00949316551307705	0.00317128888220094	-0.00169174953079559	-0.000691924526038416	-0.000441261854497974
0.00922242424247858	-0.0256124944551419	0.0236335540509825	0.00177978269018569	-0.0130133929508615	-0.0113814859179831
