ID,Symbol,GeneTitle,Loading,p value
YPL223C,GRE1,Genes de Respuesta a Estres (spanish for stress responsive genes),0.0937465597745123,0.02457
YBL075C,SSA3,Stress-Seventy subfamily A,0.0773994715680099,0.14525
YPL276W,NA,NA,0.0757347602190875,0.04203
YNL014W,HEF3,Homolog of EF-3,0.0738625655835299,0.0451
YBR117C,TKL2,TransKetoLase,0.0669586305616351,0.22347
YPL036W,PMA2,Plasma Membrane ATPase,0.0631886836700075,0.026
YMR175W,SIP18,Salt Induced Protein,0.0629809901208366,0.2381
YBR116C,NA,NA,0.0628509800638609,0.23866
YNR067C,DSE4,Daughter Specific Expression,0.0614342178850589,0.21621
YOR388C,FDH1,Formate DeHydrogenase,0.0611669895138549,0.05646
YHR143W,DSE2,Daughter Specific Expression,0.0584834419284038,0.16486
YGR088W,CTT1,CaTalase T,0.0577283322765808,0.29763
YLR286C,CTS1,ChiTinaSe,0.0575566159884788,0.22116
YNL327W,EGT2,Early G1 Transcript,0.0568140888097667,0.30194
YMR303C,ADH2,Alcohol DeHydrogenase,0.0551192240063044,0.10228
YBR054W,YRO2,NA,0.0540799750990665,0.18994
YDL223C,HBT1,HuB1 Target,0.0532294766525342,0.25626
YOR338W,NA,NA,0.0531774528187838,0.02949
YDL222C,FMP45,Found in Mitochondrial Proteome,0.0507952451334368,0.21572
YDR070C,FMP16,Found in Mitochondrial Proteome,0.0493268094850842,0.15267
YGR256W,GND2,6-phosphoGlucoNateDehydrogenase,0.048401684412732,0.13553
YMR118C,SHH3,SDH3 Homolog,0.0483453502745124,0.11349
YIL160C,POT1,Peroxisomal Oxoacyl Thiolase,0.0478144709825562,0.05211
YER096W,SHC1,Sporulation-specific Homolog of CSD4,0.0470124906949964,0.01328
YJL045W,SDH9,Succinate DeHydrogenase,0.0465548140471681,0.16743
YGR236C,SPG1,Stationary Phase Gene,0.0453073613083799,0.19216
YGR043C,NQM1,Non-Quiescent Mutant,0.0450860164217926,0.03982
YNL065W,AQR1,Acids Quinidine Resistance,0.0445058987824685,0.0598
YBR116C,NA,NA,0.043445436261701303,0.32257
YNL066W,SUN4,Sim1 Uth1 Nca3,0.0434364449983926,0.18238
YMR174C,PAI3,Proteinase A Inhibitor,0.0430603213854728,0.11444
YDR256C,CTA1,CaTalase A,0.0428674168317221,0.10794
YGL028C,SCW11,Soluble Cell Wall protein,0.0425699502549657,0.14111
YKL163W,PIR3,Protein containing Internal Repeats,0.0423317670745142,0.04425
YNL112W,DBP2,Dead Box Protein,0.0421180323234723,0.03443
YDR055W,PST1,Protoplasts-SecreTed,0.0421041946086583,0.31306
YER124C,DSE1,Daughter Specific Expression,0.0415282836345961,0.09495
YGR280C,PXR1,PinX1-Related gene,0.0410956253263489,0.2138
YGR159C,NSR1,NA,0.0410343330503102,0.17804
YKL164C,PIR1,Protein containing Internal Repeats,0.0407211647372799,0.36066
YER062C,GPP2,Glycerol-3-Phosphate Phosphatase,0.0404231327194403,0.04289
YMR107W,SPG4,Stationary Phase Gene,0.0403605115147298,0.04789
YNL112W,DBP2,Dead Box Protein,0.0399427363091393,0.03149
YKL187C,FAT3,FATty acid transporter 3,0.0398679484459219,0.02993
YCL036W,GFD2,Great for Full DEAD box protein activity,0.0391883294267652,0.02823
YIL053W,GPP1,Glycerol-3-Phosphate Phosphatase,0.0389386783285958,0.07068
YFL014W,HSP12,Heat Shock Protein,0.0387842454767116,0.08541
YOL151W,GRE2,Genes de Respuesta a Estres (stress responsive genes),0.0387254784006492,0.06624
YCR021C,HSP30,Heat Shock Protein,0.0386966429372237,0.29879
YLR074C,BUD20,BUD site selection,0.038554762178995,0.03514
YML128C,MSC1,Meiotic Sister-Chromatid recombination,0.0383966024158509,0.05509
YCR010C,ADY2,Accumulation of DYads,0.0375667177847064,0.16983
YKR009C,FOX2,Fatty acid OXidation,0.0373812711022385,0.16148
YBL039C,URA7,URAcil requiring,0.037215113801637,0.00953
YNL141W,AAH1,Adenine AminoHydrolase,0.0371026549796025,0.07302
YKL107W,NA,NA,0.0370995016611379,0.14091
YGL120C,PRP43,Pre-mRNA Processing,0.0368679550761246,0.02129
YGR248W,SOL4,Suppressor Of Los1-1,0.0362199930322629,0.11817
YGL029W,CGR1,Coiled-coil Growth-Regulated,0.0359684092520774,0.01603
YNL195C,NA,NA,0.0359595857900701,0.31947
YMR244W,NA,NA,0.0359293215421753,0.05189
YAL059W,ECM1,ExtraCellular Mutant,0.0359185169255294,0.01596
YDR384C,ATO3,Ammonia (Ammonium) Transport Outward,0.0359057783061034,0.10068
YBR105C,VID24,Vacuolar Import and Degradation,0.0354391121823986,0.08746
YHR066W,SSF1,Suppressor of ste4 (Four),0.0353470578533198,0.04189
YAL054C,ACS1,Acetyl CoA Synthetase,0.0353451123172938,0.1447
YMR323W,ERR3,Enolase-Related Repeat,0.0352885636010985,0.03606
YOR306C,MCH5,MonoCarboxylate transporter Homolog,0.0348472222781221,0.13064
YJR047C,ANB1,ANaeroBically induced,0.0345563628479826,0.06248
YPL092W,SSU1,Sensitive to SUlfite,0.0344306352280323,0.04509
YHR092C,HXT4,HeXose Transporter,0.0341275185151266,0.07531
YCR072C,RSA4,RiboSome Assembly,0.0337290022545273,0.03464
YDL039C,PRM7,Pheromone-Regulated Membrane protein,0.0334886856572861,0.08906
YKL078W,DHR2,DEAH-box RNA helicase,0.0333793862238939,0.02489
YBL054W,TOD6,Twin Of Dot6p,0.0332922024676834,0.05907
YLR346C,CIS1,CItrinin Sensitive knockout,0.0332824488937233,0.08908
YDL085W,NDE2,"NADH Dehydrogenase, External",0.0331895862845904,0.02384
YPL212C,PUS1,PseudoUridine Synthase,0.0330819024206313,0.22866
YDL204W,RTN2,ReTiculoN-like,0.0329416655358674,0.34735
YJL033W,HCA4,Helicase CA,0.0327863709456707,0.02116
YOR328W,PDR10,Pleiotropic Drug Resistance,0.0326053496788349,0.12787
YGR211W,ZPR1,Zinc finger PRotein,0.0324584031575723,0.2141
YNL009W,IDP3,"Isocitrate Dehydrogenase, NADP-dependent",0.0321512486565491,0.081
YOR264W,DSE3,Daughter Specific Expression,0.0319080046712877,0.31955
YIL096C,BMT5,Base Methyltransferase of Twenty five S rRNA 5,0.0317618851937375,0.01372
YGR245C,SDA1,Severe Depolymerization of Actin,0.0317333066942953,0.00537
YPL093W,NOG1,NucleOlar G-protein,0.0316417972977315,0.04363
YNR053C,NOG2,NucleOlar G-protein,0.0315571453659056,0.25011
YLR164W,SHH4,SDH4 Homolog,0.0315021768797935,0.08481
YHR096C,HXT5,HeXose Transporter,0.031435513453847,0.08633
YBR247C,ENP1,Essential Nuclear Protein,0.0313383849772733,0.03606
YMR239C,RNT1,RNase Three,0.0312819216437608,0.01449
YDR398W,UTP5,U Three Protein,0.0312668616992156,0.0322
YML093W,UTP14,U Three Protein,0.0312137390348354,0.00895
YKR024C,DBP7,Dead Box Protein,0.031131281365343,0.08469
YKR081C,RPF2,Ribosome Production Factor,0.0310193466817636,0.02489
YGL184C,STR3,Sulfur TRansfer,0.0309324157332277,0.13177
YOR272W,YTM1,NA,0.0308930416542324,0.02809
YDR465C,RMT2,aRginine MeThyltransferase,0.0308220613657948,0.03377
YKL009W,MRT4,mRNA Turnover 4,0.0306430668034021,0.23723
YMR322C,SNO4,SNZ proximal Open reading frame,0.0306365979820135,0.0888
YDR101C,ARX1,Associated with Ribosomal eXport complex,0.0304845402440839,0.01735
YIR026C,YVH1,Yeast vaccinia virus VH1 Homolog,0.0304707575856276,0.02648
YNR053C,NOG2,NucleOlar G-protein,0.0304317993022011,0.17136
YDL037C,BSC1,Bypass of Stop Codon,0.0302579085396295,0.08131
YNL160W,YGP1,Yeast GlycoProtein,0.0302104099532997,0.3373
YLL008W,DRS1,Deficiency of Ribosomal Subunits,0.0301996712516921,0.02117
YGR145W,ENP2,Essential Nuclear Protein,0.0301293341515015,0.02509
YDR034W-B,NA,NA,0.0300343721797834,0.05531
YDL063C,SYO1,SYnchronized impOrt or SYmpOrtin,0.0298771116082779,0.01014
YOR302W,NA,NA,0.0298008869311048,0.1382
YNL194C,NA,NA,0.0297773297605626,0.0519
YOL124C,TRM11,TRna Methyltransferase,0.0297294678056091,0.02654
YBR155W,CNS1,CyclophiliN Seven suppressor,0.0296612890490247,0.01017
YLR073C,RFU1,Regulator of Free Ubiquitin chains,0.0296470978748478,0.02679
YPL043W,NOP4,NucleOlar Protein,0.0296155701869238,0.14942
YPL171C,OYE3,Old Yellow Enzyme,0.0294310947127718,0.1036
YER103W,SSA4,Stress-Seventy subfamily A,0.0294143534976251,0.26754
YMR169C,ALD3,ALdehyde Dehydrogenase,0.029378397337886,0.09545
YMR169C,ALD3,ALdehyde Dehydrogenase,0.0293315601000258,0.14086
YBR141C,BMT2,Base MethylTransferase of 25S RNA,0.0293100848122278,0.06644
YBR142W,MAK5,MAintenance of Killer,0.0292901850258973,0.01192
YGR079W,NA,NA,0.0292644953980285,0.05265
YDL060W,TSR1,Twenty S rRNA accumulation,0.0292498117594205,0.01568
YLR196W,PWP1,Periodic tryptophan (W) Protein,0.0292391540507345,0.09235
YER069W,ARG56,ARGinine requiring,0.0291732330487373,0.21927
YKR056W,TRM2,tRNA Methyltransferase,0.0290241557492408,0.06365
YJL198W,PHO90,PHOsphate metabolism,0.0289455207035681,0.03908
YHR052W,CIC1,Core Interacting Component,0.028925944532565,0.18845
YBR169C,SSE2,Stress Seventy subfamily E,0.0288949998709407,0.32324
YPL147W,PXA1,PeroXisomal ABC-transporter,0.0288645559867353,0.13752
YBL028C,NA,NA,0.0288377130796593,0.02038
YMR049C,ERB1,Eukaryotic Ribosome Biogenesis,0.0287905539583593,0.00989
YDL218W,NA,NA,0.0287120296751053,0.0675
YNL248C,RPA49,RNA Polymerase A,0.0287082652324768,0.02586
YBR267W,REI1,REquired for Isotropic bud growth,0.0286784460701463,0.06393
YLR237W,THI7,THIamine metabolism,0.0286399720584357,0.11579
YKL029C,MAE1,MAlic Enzyme,0.0286062814877608,0.1371
YPL012W,RRP12,Ribosomal RNA Processing,0.0285940839205567,0.04265
YAL025C,MAK16,MAintenance of Killer,0.0285750742776578,0.04474
YGL078C,DBP3,Dead Box Protein,0.0285546448800797,0.03591
YHR170W,NMD3,Nonsense-Mediated mRNA Decay,0.0285209706607938,0.02432
YGR087C,PDC6,Pyruvate DeCarboxylase,0.0284468741893719,0.05111
YDR021W,FAL1,eukaryotic translation initiation factor Four A Like,0.0284404515653571,0.02361
YGR187C,HGH1,HmG1/2 Homolog,0.0284153830850667,0.15811
YFR032C,RRT5,Regulator of rDNA Transcription,0.0282286226468438,0.07944
YPR144C,NOC4,NucleOlar Complex associated,0.0281720489401114,0.12195
YNL110C,NOP15,NucleOlar Protein,0.0281192073127718,0.15573
YER126C,NSA2,Nop Seven Associated,0.0280777172851728,0.08563
YPR010C,RPA135,RNA Polymerase A,0.0280673488377625,0.07619
YBR158W,AMN1,Antagonist of Mitotic exit Network,0.0280480019856533,0.27688
YPR112C,MRD1,Multiple RNA-binding domain,0.0280240704260558,0.01055
YDR299W,BFR2,BreFeldin A Resistance,0.0279592733248527,0.04962
YHR126C,ANS1,NA,0.027866664289973,0.10052
YGR055W,MUP1,Methionine UPtake,0.0278289805994841,0.13164
YNL075W,IMP4,Interacting with Mpp10p,0.0277748363642278,0.1044
YHR197W,RIX1,RIbosome eXport,0.02764981184505,0.01611
YLL028W,TPO1,Transporter of POlyamines,0.0276156571481304,0.01915
YOR294W,RRS1,Regulator of Ribosome Synthesis,0.0274973624516743,0.12686
YBR072W,HSP26,Heat Shock Protein,0.0274877979866986,0.30623
YIL127C,RRT14,Regulator of rDNA Transcription,0.0274672631383052,0.03787
YJL122W,ALB1,Arx1 Little Brother,0.0273850874492632,0.15879
YNL113W,RPC19,RNA Polymerase C,0.0273555499963622,0.1816
YOR287C,RRP36,Ribosomal RNA Processing,0.0273356110269414,0.0462
YKL143W,LTV1,Low Temperature Viability,0.0273199889961023,0.02204
YLR222C,UTP13,U Three Protein,0.0273050763512537,0.06371
YDR533C,HSP31,Heat-Shock Protein,0.0272761247529802,0.14076
YJL148W,RPA34,RNA Polymerase A,0.0272395238436156,0.1598
YDL153C,SAS10,Something About Silencing,0.0272384941394125,0.02443
YER036C,ARB1,ATP-binding cassette protein involved in Ribosome Biogenesis,0.0271944479154804,0.03079
YER169W,RPH1,Regulator of PHR1,0.0270474374410269,0.03565
YKR099W,BAS1,BASal,0.0270337130206673,0.01811
YER121W,NA,NA,0.0268141071219199,0.07822
YHR148W,IMP3,Interacting with Mpp10p,0.026782445472324,0.06814
YOR340C,RPA43,RNA Polymerase A,0.0267445323618862,0.02294
YNL062C,GCD10,General Control Derepressed,0.0267131725148912,0.02266
YOR359W,VTS1,VTi1-2 Suppressor,0.0266600978349591,0.28179
YCL054W,SPB1,Suppressor of PaB1 mutant,0.0266114967060404,0.0394
YMR131C,RRB1,Regulator of Ribosome Biogenesis,0.0265962359550598,0.02679
YDR496C,PUF6,PUmilio-homology domain Family,0.0265857691618746,0.02735
YAL036C,RBG1,RiBosome interacting Gtpase,0.0265657640885476,0.08053
YLR223C,IFH1,Interacts with Fork Head,0.026528000987465,0.03135
YOR161C,PNS1,pH Nine Sensitive,0.0265242602100315,0.04748
YOL144W,NOP8,NucleOlar Protein,0.026470397521617,0.02336
YIL091C,UTP25,U Three Protein,0.0264145603047366,0.01378
YMR128W,ECM16,ExtraCellular Mutant,0.0263529959802706,0.01132
YIR038C,GTT1,GlutaThione Transferase,0.0263484588081859,0.02461
YLR063W,BMT6,Base Methyltransferase of Twenty five S rRNA 6,0.0263382375636787,0.04509
YCR047C,BUD23,BUD site selection,0.0262246118144662,0.1801
YBR034C,HMT1,HnRNP MethylTransferase,0.0261923431193936,0.10143
YDL148C,NOP14,NucleOlar Protein,0.0261764270331832,0.04467
YER127W,LCP5,Lethal with Conditional Pap1,0.0260828730260494,0.12004
YOR004W,UTP23,U Three-associated Protein,0.0260570138144816,0.05261
YLL034C,RIX7,RIbosome eXport,0.0260470189101579,0.02331
YLR009W,RLP24,Ribosomal-Like Protein,0.0259839363514079,0.2123
YML113W,DAT1,DATin,0.0259405880216359,0.09781
YPL186C,UIP4,Ulp1 Interacting Protein,0.0257884153430865,0.03588
YNL002C,RLP7,Ribosomal-Like Protein,0.0257614982791506,0.26637
YOL140W,ARG8,ARGinine requiring,0.025760770013472,0.17874
YCR057C,PWP2,Periodic tryptophan (W) Protein,0.0257448985751433,0.06157
YDR111C,ALT2,ALanine Transaminase,0.0257350760082816,0.28642
YHR169W,DBP8,Dead Box Protein,0.0257340287818781,0.07563
YBL093C,ROX3,Regulation by OXygen,0.0256742090155149,0.03742
YNL182C,IPI3,Involved in Processing ITS2,0.0256733096055711,0.05606
YNL191W,DUG3,Deficient in Utilization of Glutathione,0.025662559706209,0.05744
YOL080C,REX4,Rna EXonuclease,0.0256541132353578,0.05873
YGR103W,NOP7,NucleOlar Protein,0.0256419301091927,0.02961
YOL150C,NA,NA,0.0256091152861272,0.07506
YER073W,ALD5,ALdehyde Dehydrogenase,0.0255017498520147,0.0897
YOR303W,CPA1,Carbamyl Phosphate synthetase A,0.025368464181328,0.06351
YPL217C,BMS1,BMh Sensitive,0.0253426579150466,0.01848
YIL019W,FAF1,Forty (40) S Assembly Factor,0.0252314918122186,0.01404
YJR063W,RPA12,RNA Polymerase A,0.0251873967481397,0.28432
YBL042C,FUI1,5-FlUorourIdine resistance,0.0251732341753677,0.03015
YPL211W,NIP7,Nuclear ImPort,0.0251233453549818,0.02386
YHR088W,RPF1,Ribosome Production Factor,0.0250725400869695,0.02296
YKR076W,ECM4,ExtraCellular Mutant,0.0250325041191658,0.07239
YLL011W,SOF1,Suppressor Of Fibrillarin,0.0250252574470029,0.26686
YDR083W,RRP8,Ribosomal RNA Processing,0.0249976172968833,0.02553
YPL226W,NEW1,Nu+,0.0249550889739217,0.0517
YHR085W,IPI1,Involved in Processing ITS2,0.0249432663888017,0.14107
YOL077C,BRX1,Xenopus laevis Brix (Biogenesis of Ribosomes in Xenopus) homolog,0.0247921480914555,0.18975
YMR093W,UTP15,U Three Protein,0.0247228212060389,0.30798
YOR360C,PDE2,PhosphoDiEsterase,0.0246199902320948,0.1474
YOR145C,PNO1,Partner of NOb1,0.0246182138189412,0.06419
YGL205W,POX1,NA,0.0245968951587159,0.25717
YJL069C,UTP18,U Three Protein,0.0245790476331413,0.14838
YNL132W,KRE33,Killer toxin REsistant,0.0245084939608454,0.02624
YNL061W,NOP2,NucleOlar Protein,0.024503210133016,0.08889
YGL121C,GPG1,G Protein Gamma,0.0244835254087207,0.10888
YLR276C,DBP9,Dead Box Protein,0.0244353565442363,0.04386
YDR324C,UTP4,U Three Protein,0.0244118750735895,0.01714
YKL172W,EBP2,EBNA1-binding protein (homolog),0.0241954630014667,0.10306
YOR051C,ETT1,Enhancer of Translation Termination 1,0.0241890660233517,0.14905
YIR012W,SQT1,Suppressor of QSR1 Truncations,0.0241831190592512,0.03194
YOL041C,NOP12,NucleOlar Protein,0.0241598791782596,0.04469
YLR284C,ECI1,Enoyl-CoA Isomerase,0.0238727668201257,0.11979
YPL126W,NAN1,Net1 Associated Nuclear protein,0.02384632694056,0.01526
YER002W,NOP16,NucleOlar Protein,0.0238151215736419,0.23201
YBR222C,PCS60,Peroxisomal CoA-dependent Synthetase,0.0237820709063961,0.19113
YHR069C,RRP4,Ribosomal RNA Processing,0.0236973206349878,0.02975
YML056C,IMD4,IMP Dehydrogenase,0.0236201277477934,0.15314
YGR044C,RME1,Regulator of MEiosis,0.0236056314752664,0.18026
YBR046C,ZTA1,ZeTA-crystallin,0.0234593717922452,0.04995
YDR060W,MAK21,MAintenance of Killer,0.0234542858234661,0.0138
YCL037C,SRO9,Suppressor of rho3,0.0234150630242075,0.12766
YER006W,NUG1,NUclear GTPase,0.0233584272315641,0.0506
YLR409C,UTP21,U Three Protein,0.0233161413948132,0.02193
YDR087C,RRP1,Ribosomal RNA Processing,0.023259857455472,0.02654
YGR128C,UTP8,U Three Protein,0.0231794876027991,0.14008
YJL050W,MTR4,Mrna TRansport,0.023176985577125,0.01448
YGL255W,ZRT1,Zinc-Regulated Transporter,0.0230932684714332,0.06313
YOR389W,NA,NA,0.0230579224639104,0.06398
YMR229C,RRP5,Ribosomal RNA Processing,0.0230066272285729,0.08192
YML131W,NA,NA,0.0229980312363399,0.06631
YJL109C,UTP10,U Three Protein,0.0229909015557792,0.03768
YJR070C,LIA1,Ligand of eIF5A,0.0229334085926615,0.03549
YKR049C,FMP46,Found in Mitochondrial Proteome,0.0227959862763968,0.03902
YJL078C,PRY3,Pathogen Related in Yeast,0.0227818020306385,0.28884
YDR449C,UTP6,U Three Protein,0.0227491057320939,0.19124
YHR070W,TRM5,tRNA Methyltransferase,0.0227458519223429,0.03536
YPL146C,NOP53,NucleOlar Protein,0.0227023697229506,0.05053
YHR196W,UTP9,U Three Protein,0.0226737876781086,0.18089
YDR527W,RBA50,RNA polymerase II (B) Associated protein,0.0226492015601685,0.05997
YJL116C,NCA3,Nuclear Control of ATPase,0.0226486382561985,0.13633
YMR290C,HAS1,Helicase Associated with Set1,0.0226009038516609,0.03918
YNL013C,NA,NA,0.0224964123053415,0.07768
YBR026C,ETR1,2-Enoyl Thioester Reductase,0.0224453470484853,0.06062
YER082C,UTP7,U Three Protein,0.0224381404899304,0.04613
YJL010C,NOP9,NucleOlar Protein,0.022428076675465,0.06148
YDL031W,DBP10,Dead Box Protein,0.0223588485733592,0.01823
YNL308C,KRI1,KRR1-Interacting protein,0.0222925492001126,0.09631
YOL010W,RCL1,Rna 3'-terminal phosphate Cyclase Like,0.0222755510863228,0.2878
YDR165W,TRM82,Transfer RNA Methyltransferase,0.0222348380718627,0.09533
YPL239W,YAR1,Yeast Ankyrin Repeat,0.0222182219046089,0.07203
YPR001W,CIT3,CITrate synthase,0.0222119349371054,0.25181
YKL082C,RRP14,Ribosomal RNA Processing,0.0221882955186906,0.26343
YDL179W,PCL9,Pho85 CycLin,0.0221528578885248,0.36003
YPL277C,NA,NA,0.0221497341241498,0.08704
YPL183C,RTT10,Regulator of Ty1 Transposition,0.0221067972813186,0.03525
YOL083W,ATG34,AuTophaGy related,0.0220565191569396,0.05491
YJL144W,ROQ1,Regulator Of Quality control,0.0219607335786887,0.27745
YKL099C,UTP11,U Three Protein,0.0219075957812042,0.01891
YKR025W,RPC37,RNA Polymerase C,0.0219001057019865,0.06894
YBR067C,TIP1,Temperature shock-Inducible Protein,0.0218900470105314,0.07498
YLR401C,DUS3,DihydroUridine Synthase,0.0218710929955069,0.10299
YIL079C,AIR1,Arginine methyltransferase-Interacting RING finger protein,0.0218660387904846,0.06538
YBR114W,RAD16,RADiation sensitive,0.021859342965735,0.08474
YOR078W,BUD21,BUD site selection,0.0218381398330741,0.03801
YNL202W,SPS19,SPorulation-Specific,0.0218332023082647,0.05339
YMR011W,HXT2,HeXose Transporter,0.021787415388008,0.23788
YBR047W,FMP23,Found in Mitochondrial Proteome,0.0217360675745381,0.1283
YKL185W,ASH1,Asymmetric Synthesis of HO,0.0217314755316626,0.38319
YML056C,IMD4,IMP Dehydrogenase,0.0217000055002551,0.15147
YBL071C,NA,NA,0.0216769311529896,0.04063
YHR137W,ARO9,AROmatic amino acid requiring,0.0216085777657971,0.28355
YPL266W,DIM1,DIMethylase,0.0215659372725676,0.0279
YML130C,ERO1,ER Oxidation or Endoplasmic Reticulum Oxidoreductin,0.0215267654193,0.10828
YDR184C,ATC1,Aip Three Complex,0.0214885159710535,0.21246
YIL114C,POR2,PORin,0.0214681859286611,0.0458
YGR160W,NA,NA,0.0214555177589945,0.08079
YOR337W,TEA1,Ty Enhancer Activator,0.0214400811862221,0.08445
YGR283C,NA,NA,0.0214085796895447,0.09705
YNL124W,NAF1,Nuclear Assembly Factor,0.0214078779462302,0.05444
YBR238C,NA,NA,0.0214028936526901,0.11351
YNR027W,BUD17,BUD site selection,0.0213956812974946,0.0312
YML043C,RRN11,Regulation of RNA polymerase I,0.0213879695338435,0.13146
YEL026W,SNU13,Small NUclear ribonucleoprotein associated,0.0212842670182484,0.25522
YLR017W,MEU1,Multicopy Enhancer of UAS2,0.0210828860406221,0.01838
YHR040W,BCD1,Box C/D snoRNA accumulation,0.0210688818917164,0.02017
YPL030W,TRM44,TRna Methyltransferase,0.0210172280161274,0.22196
YNL270C,ALP1,NA,0.0210136413671605,0.12396
YJL159W,HSP150,Heat Shock Protein,0.0209893389208568,0.38295
YKR092C,SRP40,Serine Rich Protein,0.0209662463793712,0.2782
YKR041W,NA,NA,0.0209171026603953,0.07432
YNR054C,ESF2,Eighteen S rRNA Factor 2,0.0209102744776782,0.10125
YNL163C,RIA1,RIbosome Assembly,0.0208199217186379,0.06534
YML125C,PGA3,Processing of Gas1p and ALP,0.0208101236619346,0.07371
YOR206W,NOC2,NucleOlar Complex associated,0.0207733073978753,0.03012
YFL023W,BUD27,BUD site selection,0.0207715360939436,0.04311
YNL078W,NIS1,Neck protein Interacting with Septins,0.0207446311021286,0.1982
YLR014C,PPR1,Pyrimidine Pathway Regulation,0.020725188703556,0.01669
YLR051C,FCF2,Faf1p Copurifying Factor,0.0207210918627359,0.0783
YOR374W,ALD4,ALdehyde Dehydrogenase,0.0207120491840039,0.23949
YIL104C,SHQ1,Small nucleolar RNAs of the box H/ACA family Quantitative accumulation,0.020685234359279,0.08593
YOR044W,IRC23,Increased Recombination Centers,0.0206411809173162,0.27033
YLR336C,SGD1,Suppressor of Glycerol Defect,0.0205370973249187,0.03921
YLR129W,DIP2,DOM34 Interacting Protein,0.0205338373575982,0.04113
YOR095C,RKI1,Ribose-5-phosphate Ketol-Isomerase,0.0203964908363817,0.23095
YNL175C,NOP13,NucleOlar Protein,0.0203442883456447,0.07081
YIL124W,AYR1,1-AcyldihYdroxyacetone-phosphate Reductase,0.0203307997180678,0.09861
YGR258C,RAD2,RADiation sensitivity,0.0203047206326441,0.05679
YOR107W,RGS2,Regulator of heterotrimeric G protein Signaling,0.0202828969667066,0.13824
YPR137W,RRP9,Ribosomal RNA Processing,0.0202438718418521,0.2981
YKR060W,UTP30,U Three Protein,0.0201893649289777,0.11389
YDL208W,NHP2,Non-Histone Protein,0.020173694330252,0.14194
YDR223W,CRF1,Co-Repressor with FHL1,0.0201052452240794,0.25977
YDL062W,NA,NA,0.0200921995188508,0.09896
YNL335W,DDI3,DNA Damage Inducible,0.0200281071549567,0.30069
YNR012W,URK1,URidine Kinase,0.0200262767895905,0.01312
YMR217W,GUA1,GUanine Auxotroph,0.0199337861614258,0.17289
YOR317W,FAA1,Fatty Acid Activation,0.0198905555934197,0.07959
YGL099W,LSG1,Large-Subunit Gtpase,0.0198800887129389,0.05343
YDL167C,NRP1,N (asparagine)-Rich Protein,0.0198296517624602,0.05626
YOR341W,RPA190,RNA Polymerase A,0.0197542479685255,0.07157
YMR014W,BUD22,BUD site selection,0.0197525064839418,0.07717
YMR310C,NA,NA,0.0197182331175463,0.23421
YFL007W,BLM10,BLeoMycin resistance,0.0196561570438647,0.09798
YKL191W,DPH2,DiPHthamide,0.0196380563644425,0.03418
YGR142W,BTN2,BaTteN disease,0.0196324944410134,0.36486
YLR449W,FPR4,FKBP Proline Rotamase (isomerase),0.0195759147649916,0.1109
YLR109W,AHP1,Alkyl HydroPeroxide reductase,0.0194840636936052,0.12011
YOR309C,NA,NA,0.0194682846165248,0.36414
YOR252W,TMA16,Translation Machinery Associated,0.0194370121279009,0.04403
YPL158C,AIM44,Altered Inheritance rate of Mitochondria,0.0193702372029473,0.40236
YLR407W,NA,NA,0.0193200931057603,0.20291
YOL154W,ZPS1,Zinc- and pH-regulated Surface protein,0.019313637866675,0.06707
YPR110C,RPC40,RNA Polymerase C,0.0193114943590867,0.03001
YGR052W,FMP48,Found in Mitochondrial Proteome,0.0192832781827522,0.1031
YLR002C,NOC3,NucleOlar Complex associated,0.0192350920044332,0.01825
YDL150W,RPC53,RNA Polymerase C,0.0192260892940958,0.17462
YPR065W,ROX1,Regulation by OXygen,0.0192115369849351,0.346
YEL020C,PXP1,PeroXisomal Protein,0.019177632361998,0.1106
YGL111W,NSA1,Nop Seven Associated,0.0191656696302265,0.03262
YLR287C,NA,NA,0.0191524548837896,0.04744
YER015W,FAA2,Fatty Acid Activation,0.0191214069614485,0.19814
YGR123C,PPT1,Protein Phosphatase T,0.0190985388629513,0.01498
YLR068W,FYV7,Function required for Yeast Viability,0.0190859658836345,0.04445
YML108W,NA,NA,0.0190845618945241,0.03622
YOR119C,RIO1,RIght Open reading frame,0.0190187774423598,0.03989
YGR175C,ERG1,ERGosterol biosynthesis,0.0189881628896149,0.01984
YNR038W,DBP6,Dead Box Protein,0.0188836507552115,0.02303
YOL136C,PFK27,6-PhosphoFructo-2-Kinase,0.0188684366597464,0.23914
YLR186W,EMG1,Essential for Mitotic Growth,0.0188197646464697,0.30471
YDR508C,GNP1,GlutamiNe Permease,0.0188160692029764,0.1521
YGL171W,ROK1,Rescuer Of Kem1,0.0187769457525196,0.01773
YDL213C,NOP6,NucleOlar Protein,0.0187332222462965,0.05219
YKR063C,LAS1,Lethal in the Absence of SSD1-v,0.0187268102558353,0.05442
YHR087W,RTC3,Restriction of Telomere Capping,0.0187113378766102,0.39337
YCR016W,NA,NA,0.0186915337954897,0.0389
YLR256W,HAP1,Heme Activator Protein,0.0186815576459504,0.3065
YJL212C,OPT1,OligoPeptide Transporter,0.0185373091459627,0.06518
YOR310C,NOP58,NucleOlar Protein of 58 kDa,0.0185119354206378,0.14108
YGR090W,UTP22,U Three Protein,0.0184927637659203,0.07561
YER037W,PHM8,PHosphate Metabolism,0.0184738297658376,0.01845
YDL014W,NOP1,NucleOlar Protein,0.0184711873416707,0.22831
YLR435W,TSR2,Twenty S rRNA accumulation,0.0184343461019488,0.03409
YJR041C,URB2,Unhealthy Ribosome Biogenesis,0.0184237448580657,0.03257
YJR002W,MPP10,M Phase Phosphoproteins,0.0183471598034809,0.0196
YMR181C,NA,NA,0.0183302415034565,0.08693
YER035W,EDC2,Enhancer of mRNA DeCapping,0.0182876155502894,0.15204
YBR065C,ECM2,ExtraCellular Mutant,0.0182830846785811,0.02609
YDR156W,RPA14,RNA Polymerase A,0.0182769151504406,0.25919
YPR143W,RRP15,Ribosomal RNA Processing,0.0182276228717223,0.11108
YML082W,NA,NA,0.0181728138312991,0.22743
YOL084W,PHM7,PHosphate Metabolism,0.0181624168336867,0.0716
YOL141W,PPM2,Protein Phosphatase Methyltransferase,0.0181470464146753,0.06837
YHR007C,ERG11,ERGosterol biosynthesis,0.0180679417398056,0.09771
YER137C,NA,NA,0.0180336137201569,0.04612
YDR222W,NA,NA,0.0180300455420224,0.07818
YBR271W,EFM2,Elongation Factor Methyltransferase,0.0179953092460847,0.05136
YJL191W,RPS14B,Ribosomal Protein of the Small subunit,0.0179569677147938,0.22381
YDL201W,TRM8,Transfer RNA Methyltransferase,0.0179377130035825,0.23351
YBR157C,ICS2,Increased Copper Sensitivity,0.0179374712472904,0.08955
YDR120C,TRM1,tRNA Methyltransferase,0.0179314476381542,0.06496
YKL026C,GPX1,Glutathione PeroXidase,0.01790374530792,0.02645
YHR032W,ERC1,Ethionine Resistance Conferring,0.0178627035801389,0.03585
YER150W,SPI1,Stationary Phase Induced,0.0178270473812108,0.37469
YOR389W,NA,NA,0.0177751309004699,0.11815
YGR095C,RRP46,Ribosomal RNA Processing,0.0177666052979642,0.0841
YMR269W,TMA23,Translation Machinery Associated,0.0176934442087745,0.05942
YOR101W,RAS1,homologous to RAS proto-oncogene,0.0176767408645299,0.06528
YGR173W,RBG2,RiBosome interacting Gtpase,0.0176606750159469,0.05885
YDR361C,BCP1,NA,0.0175606865181624,0.02461
YCL059C,KRR1,contains KRR-R motif,0.0175382258065227,0.01935
YHR046C,INM1,INositol Monophosphatase,0.0175189412734347,0.08261
YOR309C,NA,NA,0.0175172785368635,0.1603
YLR243W,GPN3,Gly-Pro-Asn (N) motif,0.0174822183728439,0.16327
YNL119W,NCS2,Needs Cla4 to Survive,0.017470360630838,0.21695
YLL035W,GRC3,NA,0.0174082849675009,0.03958
YPL177C,CUP9,NA,0.0173745131632527,0.3335
YJR094C,IME1,Inducer of MEiosis,0.0173611349692972,0.3351
YNR024W,MPP6,M-Phase Phosphoprotein 6 homolog,0.0173393751479657,0.14226
YBL004W,UTP20,U Three Protein,0.0172535894829429,0.04933
YGR060W,ERG25,ERGosterol biosynthesis,0.0172275652906015,0.18815
YOR001W,RRP6,Ribosomal RNA Processing,0.017197805925808,0.03098
YDR161W,ACL4,Assembly Chaperone of RpL4,0.0171863400584049,0.01878
YDR037W,KRS1,Lysyl (K) tRNA Synthetase,0.0171804332206231,0.079
YOR283W,NA,NA,0.0171685361983719,0.03531
YOR047C,STD1,Suppressor of Tbp Deletion,0.0170682251421397,0.27436
YPR127W,NA,NA,0.0170112293840636,0.1822
YER049W,TPA1,Termination and PolyAdenylation,0.0169524556583822,0.02812
YML080W,DUS1,DihydroUridine Synthase,0.0168995486186583,0.20497
YKL050C,NA,NA,0.0168915094648456,0.06439
YML121W,GTR1,GTp binding protein Resemblance,0.0168669011673194,0.11063
YHR071W,PCL5,Pho85 CycLin,0.0168622219742037,0.15017
YLR022C,SDO1,NA,0.0167892192400332,0.09163
YPL250C,ATG41,AuTophaGy related,0.0167781145848771,0.29832
YOR355W,GDS1,NA,0.0167730274805658,0.363
YOR056C,NOB1,Nin1 (One) Binding protein,0.0167207623807848,0.24836
YBL024W,NCL1,NuCLear protein,0.0167000665231352,0.14902
YJR111C,PXP2,PeroXisomal Protein,0.0166821230416007,0.18804
YPL117C,IDI1,Isopentenyl Diphosphate Isomerase,0.0166518680766758,0.10581
YMR147W,LDO45,Lipid Droplet Organization protein of 45 Kda,0.0166450442355727,0.14183
YLR175W,CBF5,Centromere Binding Factor,0.0166159423102874,0.14931
YMR182C,RGM1,NA,0.0165953559057017,0.08443
YDR262W,NA,NA,0.0165302590343726,0.07055
YOR091W,TMA46,Translation Machinery Associated,0.0165097932228571,0.11045
YER110C,KAP123,KAryoPherin,0.0164965086197557,0.05841
YDR075W,PPH3,Protein PHosphatase,0.0164512460177641,0.06242
YPL193W,RSA1,RiboSome Assembly,0.0164479534250857,0.08025
YER068C-A,NA,NA,0.0164405140187268,0.0553
YJL098W,SAP185,Sit4 Associated Protein,0.016427594114193,0.04741
YCR051W,NA,NA,0.0163660066147637,0.06065
YNL111C,CYB5,CYtochrome B,0.0162840728194314,0.13499
YHR143W-A,RPC10,RNA Polymerase C,0.0162594366238971,0.06906
YLL056C,NA,NA,0.0162175934419863,0.05522
YPL068C,NA,NA,0.0162136863375716,0.19605
YER054C,GIP2,Glc7-Interacting Protein,0.0162107828739581,0.24217
YBR064W,NA,NA,0.0161867119572318,0.10766
YKL106W,AAT1,Aspartate AminoTransferase,0.016155957442128,0.09189
YFR001W,LOC1,LOCalization of mRNA,0.0161194349931237,0.05885
YAL038W,CDC19,Cell Division Cycle,0.0161139075989243,0.13277
YIL057C,RGI2,Respiratory growth induced,0.0160915686969734,0.29012
YOR006C,TSR3,Twenty S rRNA accumulation,0.0160797466105976,0.02654
YMR250W,GAD1,GlutAmate Decarboxylase,0.0160649493482117,0.20064
YMR148W,LDO16,LD Organization protein of 16kD,0.0160291869636438,0.07215
YML014W,TRM9,TRna Methyltransferase,0.0159916572823202,0.21708
YEL038W,UTR4,Unidentified TRanscript,0.0159757223007313,0.08632
YIR037W,HYR1,HYdroperoxide Resistance,0.0159643894098852,0.24208
YOR243C,PUS7,PseudoUridine Synthase,0.0158805701304472,0.02779
YBR154C,RPB5,RNA Polymerase B,0.015843066404508,0.09368
YGR081C,SLX9,NA,0.015825319263269,0.10936
YOL022C,TSR4,Twenty S rRNA accumulation,0.0158251907675895,0.02285
YIR036C,IRC24,Increased Recombination Centers,0.0157948061283521,0.12263
YHL011C,PRS3,PhosphoRibosylpyrophosphate Synthetase,0.0157901759762736,0.05941
YML018C,NA,NA,0.0157666209817199,0.40918
YJL026W,RNR2,RiboNucleotide Reductase,0.0157438959837961,0.07731
YOL059W,GPD2,Glycerol-3-Phosphate Dehydrogenase,0.0157165622882573,0.04675
YPL130W,SPO19,SPOrulation,0.0157165227846652,0.07717
YLR007W,NSE1,Non-SMC Element,0.0156948071518849,0.03173
YNL186W,UBP10,UBiquitin-specific Protease,0.0156477205418666,0.18636
YLR244C,MAP1,Methionine AminoPeptidase,0.0156471105011456,0.21577
YER086W,ILV1,IsoLeucine-plus-Valine requiring,0.0156313892554867,0.0576
YBR084W,MIS1,MItochondrial C1-tetrahydrofolate Synthase,0.0156255269886122,0.05439
YDL168W,SFA1,Sensitive to FormAldehyde,0.0155549054418707,0.07833
YIL130W,ASG1,Activator of Stress Genes,0.0155526945210817,0.24166
YER056C,FCY2,FluoroCYtosine resistance,0.0155140956299184,0.18005
YGL156W,AMS1,Alpha-MannoSidase,0.0154550888619714,0.22077
YNL114C,NA,NA,0.0154425496903992,0.07004
YDR091C,RLI1,RNase L Inhibitor,0.0154362587355351,0.10596
YER056C,FCY2,FluoroCYtosine resistance,0.0154171164437757,0.23136
YNL023C,FAP1,FKBP12-Associated Protein,0.0153967392107382,0.0381
YMR173W,DDR48,DNA Damage Responsive,0.0153856684067572,0.26026
YPL044C,NA,NA,0.0153812423478742,0.11349
YIL136W,OM45,Outer Membrane,0.0153709326863681,0.17385
YDL051W,LHP1,La-Homologous Protein,0.0153614597192961,0.249
YBR208C,DUR12,Degradation of URea,0.0153320531232304,0.22229
YDR077W,SED1,Suppression of Exponential Defect,0.0153195592366787,0.14338
YGR251W,NOP19,NucleOlar Protein,0.0152821304717186,0.02887
YPL157W,TGS1,TrimethylGuanosine Synthase,0.0152767581168591,0.29839
YKL021C,MAK11,MAintenance of Killer,0.0152759143874292,0.08284
YPR151C,SUE1,NA,0.0152424514908514,0.27045
YHR079C-A,SAE3,Sporulation in the Absence of spo Eleven,0.0152198052137478,0.12076
YNL064C,YDJ1,Yeast dnaJ,0.0151772759113071,0.20143
YBR241C,VVS1,Vacuolar protein Vital for Stress response,0.0151701748858148,0.26726
YHR079C-A,SAE3,Sporulation in the Absence of spo Eleven,0.0151682374655091,0.1203
YCR083W,TRX3,ThioRedoXin,0.0151664104379303,0.05002
YJR056C,NA,NA,0.0151355628145592,0.06371
YOR186W,NA,NA,0.0151327442997424,0.13735
YDL170W,UGA3,Utilization of GAba,0.0150753256115524,0.16361
YGR200C,ELP2,ELongator Protein,0.0150507930138005,0.01165
YOR309C,NA,NA,0.0150441318570792,0.15265
YKL014C,URB1,Unhealthy Ribosome Biogenesis,0.0150423987120666,0.11814
YPL033C,SRL4,Suppressor of Rad53 null Lethality or Suppressor of Rad53 and Lcd1,0.0150275863912907,0.16242
YDR412W,RRP17,Ribosomal RNA Processing,0.0150216739749444,0.21108
YJR046W,TAH11,Topo-A Hypersensitive,0.0149881798786151,0.05983
YPL106C,SSE1,Stress Seventy subfamily E,0.0149841637717957,0.10079
YDR035W,ARO3,AROmatic amino acid requiring,0.0149805775461014,0.23513
YOL155C,HPF1,Haze Protective Factor,0.0149757993621053,0.12765
YJL125C,GCD14,General Control Nonderepressible,0.0149315780519333,0.11178
YNL207W,RIO2,RIght Open reading frame,0.0148775013343721,0.02844
YPL086C,ELP3,ELongator Protein,0.0148181773273646,0.05772
YDL129W,NA,NA,0.014806544329134,0.04633
YKR039W,GAP1,General Amino acid Permease,0.0148002519899623,0.17738
YBR104W,YMC2,Yeast Mitochondrial Carrier,0.01477864456485,0.13895
YGR066C,GID10,Glucose Induced Degradation deficient,0.0147621554712892,0.09772
YPR048W,TAH18,Top1T722A mutant Hypersensitive,0.0147483175241086,0.02445
YPL038W,MET31,METhionine requiring,0.0147241687223591,0.05943
YKL055C,OAR1,3-Oxoacyl-[Acyl-carrier-protein] Reductase,0.0147075895563524,0.05036
YDR006C,SOK1,Suppressor Of Kinase,0.0147018295936638,0.05585
YMR069W,NAT4,N-AcetylTransferase,0.0146996865620854,0.04217
YOL081W,IRA2,Inhibitory Regulator of the RAS-cAMP pathway,0.0146842119685344,0.23437
YDR043C,NRG1,Negative Regulator of Glucose-repressed genes,0.0145831936353518,0.06616
YOL125W,TRM13,TRna Methyltransferase,0.0145270601148982,0.07315
YBL067C,UBP13,UBiquitin-specific Protease,0.0145201182708821,0.05012
YPL119C,DBP1,Dead Box Protein,0.0145094876343072,0.24972
YDR030C,RAD28,RADiation sensitive,0.0144786379315203,0.0563
YIL066C,RNR3,RiboNucleotide Reductase,0.0144371809709875,0.065
YMR018W,PEX9,PEroXin,0.0144269820900275,0.29495
YHR065C,RRP3,Ribosomal RNA Processing,0.0144268305118868,0.25133
YLR178C,TFS1,cdc Twenty-Five Suppressor,0.0144060704413792,0.25796
YJL089W,SIP4,SNF1-Interacting Protein,0.0144047238834401,0.31645
YJL084C,ALY2,Arrestin-Like Yeast protein,0.0143672255627905,0.0381
YNL268W,LYP1,LYsine-specific Permease,0.0143577480636046,0.07155
YJL025W,RRN7,Regulation of RNA polymerase I,0.0143539011521451,0.11336
YBL069W,AST1,ATPase STabilizing,0.0143363961408688,0.30212
YBL049W,MOH1,NA,0.0143223188954915,0.35196
YIL045W,PIG2,Protein Interacting with Gsy2p,0.0142679129804297,0.26664
YDR365C,ESF1,Eighteen S rRNA Factor,0.0142613583678926,0.32356
YGR281W,YOR1,Yeast Oligomycin Resistance,0.0142478576678574,0.11722
YBL069W,AST1,ATPase STabilizing,0.0142395524246459,0.20091
YMR034C,RCH1,Regulator of Calcium Homeostasis,0.0142276802511069,0.08575
YOR013W,IRC11,Increased Recombination Centers,0.0142160666806882,0.1943
YIL020C,HIS6,HIStidine requiring,0.0142034921571287,0.02489
YJR055W,HIT1,HIgh Temperature growth,0.0141838051479485,0.02995
YLR356W,ATG33,AuTophaGy related,0.0141453318682359,0.27668
YOL079W,NA,NA,0.0141333538451614,0.13244
YGL144C,ROG1,Revertant Of Glycogen synthase kinase mutation,0.0141031019457696,0.17776
YMR038C,CCS1,Copper Chaperone for SOD1,0.0141001205405993,0.09369
YBR063C,NA,NA,0.0140820055145355,0.05278
YJR072C,NPA3,Nucleolar Preribosomal Associated,0.0140722279993291,0.29591
YPL222W,FMP40,Found in Mitochondrial Proteome,0.0140158088408155,0.09508
YJR097W,JJJ3,J-protein (Type III),0.0139267530503433,0.03372
YCR035C,RRP43,Ribosomal RNA Processing,0.0139220633248944,0.28373
YHR070C-A,NA,NA,0.0139202300681979,0.13572
YNR026C,SEC12,SECretory,0.0139086703927917,0.09158
YNL256W,FOL1,FOLic acid synthesis,0.0139043612674735,0.04572
YKR036C,CAF4,CCR4 Associated Factor,0.0138906253079349,0.04605
YBL081W,NA,NA,0.0138420735863251,0.27634
YPL052W,OAZ1,Ornithine decarboxylase AntiZyme,0.0138232822354342,0.30926
YNL282W,POP3,Processing Of Precursor RNAs,0.0138160332403739,0.17098
YJL011C,RPC17,RNA Polymerase C,0.0138037887269438,0.25544
YMR036C,MIH1,Mitotic Inducer Homolog,0.0137357366644461,0.35219
YDR321W,ASP1,ASParaginase,0.0137231495911998,0.0669
YIL055C,NA,NA,0.0136927373393806,0.07488
YIL003W,CFD1,Cytosolic Fe-S cluster Deficient,0.0136728546686831,0.10102
YHR139C,SPS100,SPorulation Specific,0.013654148123693,0.09078
YML116W,ATR1,AminoTriazole Resistance,0.0135874912376125,0.2637
YOR229W,WTM2,WD repeat containing Transcriptional Modulator,0.0135436026863183,0.07662
YNL299W,TRF5,Topoisomerase one-Related Function,0.01353418181945,0.15042
YLR297W,NA,NA,0.0134789769365778,0.31715
YER004W,FMP52,Found in Mitochondrial Proteome,0.0134682732172682,0.28138
YFL013W-A,NA,NA,0.0134606976533528,0.26212
YLR224W,UCC1,Ubiquitination of Citrate synthase in the glyoxylate Cycle,0.013446440263427,0.05617
YOL155C,HPF1,Haze Protective Factor,0.0134353942414391,0.11806
YNL240C,NAR1,Nuclear Architecture Related,0.0134117053793746,0.06259
YPL159C,PET20,PETite colonies,0.0134070623592079,0.05909
YLR221C,RSA3,RiboSome Assembly,0.0133850567906491,0.05248
YJL048C,UBX6,UBiquitin regulatory X,0.0133660787878925,0.09635
YFR036W,CDC26,Cell Division Cycle,0.0133143586886615,0.05155
YLR254C,NDL1,NuDeL homolog,0.0133084417251229,0.34749
YOR108W,LEU9,LEUcine biosynthesis,0.0133069588352448,0.06905
YGL026C,TRP5,TRyPtophan,0.0132921856772231,0.09423
YLR438W,CAR2,Catabolism of ARginine,0.0132898618196732,0.23179
YNL201C,PSY2,Platinum SensitivitY,0.0132847271027649,0.11864
YPR136C,NA,NA,0.0132809306253417,0.17245
YPR149W,NCE102,NonClassical Export,0.0132722678662053,0.19616
YLR062C,BUD28,BUD site selection,0.0132447290797991,0.14085
YJR096W,NA,NA,0.0132386337982129,0.15429
YDR157W,NA,NA,0.0132197124972101,0.08413
YOR154W,SLP1,SUN-Like Protein,0.0131048099878822,0.04972
YPR169W,JIP5,Jumonji domain Interacting Protein,0.0130937758799525,0.02082
YOR116C,RPO31,RNA POlymerase,0.0130276714841189,0.07386
YHR179W,OYE2,Old Yellow Enzyme,0.0130262662866819,0.26339
YMR090W,NA,NA,0.012998867443079,0.34123
YBR069C,TAT1,Tyrosine and tryptophan Amino acid Transporter,0.0129985986316084,0.1104
YKL125W,RRN3,Regulation of RNA polymerase I,0.0129931077372793,0.33677
YCR048W,ARE1,Acyl-coenzyme A: cholesterol acyl transferase-Related Enzyme,0.0129659874935844,0.07898
YFL013W-A,NA,NA,0.0129512901450936,0.27685
YBR061C,TRM7,Transfer RNA Methyltransferase,0.0129445476883407,0.11856
YBR045C,GIP1,Glc7-Interacting Protein,0.012905701546932,0.37812
YOR028C,CIN5,Chromosome INstability,0.0128717958085649,0.33081
YLR198C,NA,NA,0.0128705897466075,0.13403
YOR012W,NA,NA,0.0128648747651302,0.17135
YIL090W,ICE2,Inheritance of Cortical ER,0.0128592480737268,0.16664
YHR089C,GAR1,Glycine Arginine Rich,0.0128543708499002,0.21385
YDR045C,RPC11,RNA Polymerase C,0.0128374006966094,0.34728
YFL021W,GAT1,NA,0.0128299620790797,0.34927
YDL112W,TRM3,Transfer RNA Methyltransferase,0.0128261064683424,0.10211
YMR100W,MUB1,MUlti Budding,0.0128227407179394,0.28871
YNL227C,JJJ1,J-protein (Type III),0.012808816286017,0.03325
YOR210W,RPB10,RNA Polymerase B,0.0127941876906113,0.04515
YNR003C,RPC34,RNA Polymerase C,0.0127916636202063,0.11149
YJR109C,CPA2,Carbamyl Phosphate synthetase A,0.0127903359515468,0.21251
YLR003C,CMS1,Complementation of Mcm-10 Suppressor,0.0127803910788345,0.08384
YOR207C,RET1,Reduced Efficiency of Termination,0.0127648844344556,0.15096
YHR206W,SKN7,Suppressor of Kre Null,0.0127313183397467,0.16216
YLR197W,NOP56,NucleOlar Protein of 56.8 kDa,0.0127293389752353,0.14238
YOR342C,NA,NA,0.0127199699004598,0.36857
YER034W,NA,NA,0.0126878086983925,0.11589
YNL200C,NNR1,Nicotinamide Nucleotide Repair,0.012676474398356,0.36713
YJL088W,ARG3,ARGinine requiring,0.0126611957301456,0.36144
YBR002C,RER2,Retention in the Endoplasmic Reticulum,0.0126529390822213,0.37019
YIL103W,DPH1,DiPHthamide biosynthesis,0.0126258469087435,0.26276
YOR236W,DFR1,DihydroFolate Reductase,0.0126177201749685,0.05649
YHR138C,NA,NA,0.0126073904583906,0.18575
YDL111C,RRP42,Ribosomal RNA Processing,0.0125387349861431,0.28383
YGR143W,SKN1,Suppressor of Kre Null,0.0125220583727702,0.07166
YPR190C,RPC82,RNA Polymerase C,0.0125194344575018,0.40559
YFL034C-A,RPL22B,Ribosomal Protein of the Large subunit,0.0125122045537786,0.38773
YEL046C,GLY1,GLYcine requiring,0.0125058722672032,0.26574
YGR180C,RNR4,RiboNucleotide Reductase,0.0125023585216879,0.07177
YNL313C,EMW1,Essential for Maintenance of the cell Wall,0.0125006508327453,0.03992
YPR116W,RRG8,Required for Respiratory Growth,0.012498154581073,0.10876
YNL095C,NA,NA,0.0124861381242894,0.04445
YPR152C,URN1,"U2-U5-U6 snRNP, RES complex, and NTC interacting protein",0.0124846863564424,0.13132
YNL221C,POP1,Processing Of Precursor RNAs,0.0124627043595721,0.21134
YNL180C,RHO5,Ras HOmolog,0.0124581543516409,0.05058
YBR257W,POP4,Processing Of Precursor RNAs,0.012420625445349,0.16553
YOR203W,NA,NA,0.0124098631216976,0.26069
YOR012W,NA,NA,0.0123969269929535,0.11185
YNL245C,CWC25,Complexed With Cef1p,0.0123803636391072,0.05384
YPL089C,RLM1,Resistance to Lethality of MKK1P386 overexpression,0.01237851597008,0.39399
YLR397C,AFG2,ATPase Family Gene,0.0123748803540799,0.08506
YEL048C,TCA17,TRAPP Complex Associated protein,0.0123683553810769,0.03454
YOL093W,TRM10,Transfer RNA Methyltransferase,0.0123399749689809,0.05808
YCR024C-A,PMP1,Plasma Membrane Proteolipid,0.0123333905470651,0.04664
YPL188W,POS5,PerOxide Sensitive,0.0123237885132269,0.3605
YNL151C,RPC31,RNA Polymerase C,0.0123233389396492,0.24524
YGR161C,RTS3,NA,0.0123127659797439,0.37635
YEL032W,MCM3,MiniChromosome Maintenance,0.0122934240259388,0.38007
YPL108W,NA,NA,0.012292450839792,0.02682
YKR026C,GCN3,General Control Nonderepressible,0.0122717940677981,0.31634
YER084W,NA,NA,0.0122623336769313,0.12485
YBR286W,APE3,AminoPEptidase,0.0122609489412943,0.0551
YPL198W,RPL7B,Ribosomal Protein of the Large subunit,0.0122553347412538,0.36843
YDR364C,CDC40,Cell Division Cycle,0.012254843874583,0.02083
YDR171W,HSP42,Heat Shock Protein,0.0122473558915027,0.34166
YDL036C,PUS9,PseudoUridine Synthase,0.0122263674967314,0.10231
YOR011W,AUS1,ABC protein involved in Uptake of Sterols,0.012204199953988,0.03457
YJR016C,ILV3,IsoLeucine-plus-Valine requiring,0.0121985758769818,0.1794
YPL198W,RPL7B,Ribosomal Protein of the Large subunit,0.0121781931576925,0.38064
YLR413W,INA1,INdicator of Abscission,0.0121440729868816,0.2944
YBR008C,FLR1,FLuconazole Resistance,0.0121330858560106,0.11904000000000001
YHR150W,PEX28,PEroXisome related,0.0121128486057732,0.0444
YGL240W,DOC1,Destruction Of Cyclin B,0.0121119789426396,0.05582
YER052C,HOM3,HOMoserine requiring,0.0121106263385116,0.34158
YEL019C,MMS21,Methyl MethaneSulfonate sensitivity,0.0120579293658378,0.06688
YAL034C,FUN19,Function Unknown Now,0.0119947267355008,0.2888
YOR040W,GLO4,GLyOxalase,0.011985509336911,0.11872
YDR110W,FOB1,FOrk Blocking less,0.0119686510817156,0.24728
YNL050C,NA,NA,0.0119537074994268,0.34768
YOR062C,NA,NA,0.0118839755116094,0.31101
YGL081W,NA,NA,0.0118696797113925,0.10861
YLR446W,NA,NA,0.0118556880023194,0.29921
YHL039W,EFM1,Elongation Factor Methyltransferase,0.0118469406693547,0.10501
YER167W,BCK2,Bypass of C Kinase,0.011830431629616,0.06742
YER165W,PAB1,Poly(A) Binding protein,0.0118231607330884,0.06197
YBL101C,ECM21,ExtraCellular Mutant,0.0118174044906742,0.09048
YDR478W,SNM1,Suppressor of Nuclear Mitochondrial endoribonuclease,0.0117620422558635,0.1342
YCL031C,RRP7,Ribosomal RNA Processing,0.0117543526119152,0.35608
YNL164C,IBD2,Inhibition of Bud Division 2,0.0117517224703494,0.30868
YKL216W,URA1,URAcil requiring,0.0117420717657298,0.21091
YNL234W,NA,NA,0.0117384335815987,0.11733
YER028C,MIG3,Multicopy Inhibitor of Growth,0.0117239880498526,0.05042
YLR258W,GSY2,Glycogen SYnthase,0.0117227760428682,0.35635
YIL110W,HPM1,Histidine Protein Methyltransferase,0.0117162234609897,0.12922
YJL044C,GYP6,Gtpase-activating protein of Ypt6 Protein,0.0117156930670509,0.28686
YOL131W,NA,NA,0.0117101091581616,0.08264
YGR078C,PAC10,Perish in the Absence of Cin8p,0.0116944031524514,0.24045
YGL007W,BRP1,NA,0.011677630308058,0.21064
YER006C-A,NA,NA,0.0116752872810779,0.15235
YKL074C,MUD2,Mutant U1 Die,0.0116751469663628,0.18478
YKL027W,TCD2,tRNA ThreonylCarbamoyladenosine Dehydratase,0.0116585108301299,0.18059
YNL115C,NA,NA,0.0116380807366331,0.22754
YPR193C,HPA2,Histone and other Protein Acetyltransferase,0.0116197274149775,0.28841
YIL113W,SDP1,Stress-inducible Dual specificity Phosphatase,0.0116118359170743,0.07995
YLR384C,IKI3,Insensitive to KIller toxin,0.0115051400008727,0.02676
YGL215W,CLG1,Cyclin-Like Gene,0.0114871414934732,0.39031
YGR158C,MTR3,MRNA TRansport,0.0114731546117374,0.2823
YPR016C,TIF6,Translation Initiation Factor,0.0114692226311082,0.06799
YLR323C,CWC24,Complexed With Cef1p,0.0114661804131774,0.02122
YDR033W,MRH1,Membrane protein Related to Hsp30p,0.0114433051162986,0.37282
YBL048W,RRT1,Regulator of rDNA Transcription,0.0114070280451218,0.30496
YOR077W,RTS2,NA,0.0114066747733153,0.07492
YGR068C,ART5,Arrestin-Related Trafficking adaptors,0.0114045168531737,0.08586
YGR191W,HIP1,HIstidine Permease,0.0113989155854509,0.09608
YMR173W-A,NA,NA,0.0113986668344881,0.28183
YHR207C,SET5,SET domain-containing,0.0113896753043536,0.18747
YGL180W,ATG1,AuTophaGy related,0.0113872591243268,0.24213
YGL096W,TOS8,Target Of Sbf,0.0113851283711909,0.3906
YDR345C,HXT3,HeXose Transporter,0.011380925156141,0.08207
YHR151C,MTC6,Maintenance of Telomere Capping,0.0113542332886674,0.14488
YDR059C,UBC5,UBiquitin-Conjugating,0.011344523019412,0.09676
YLR061W,RPL22A,Ribosomal Protein of the Large subunit,0.0113412868154246,0.32463
YMR246W,FAA4,Fatty Acid Activation,0.0113412354287914,0.27814
YDR339C,FCF1,Faf1p Copurifying Factor,0.011339756964787,0.28333
YBL073W,NA,NA,0.0113381575105,0.1156
YIR011C,STS1,Sec Twenty-three Suppressor 1,0.0113275786922442,0.24692
YGR083C,GCD2,General Control Derepressed,0.011293755403455,0.2103
YLR130C,ZRT2,Zinc-Regulated Transporter,0.011291894741509,0.11934
YGL017W,ATE1,Arginyl-tRNA-protein transfErase,0.0112850941512012,0.18914
YKR071C,DRE2,Derepressed for Ribosomal protein S14 Expression,0.011283051579385,0.0892
YCR063W,BUD31,BUD site selection,0.0112689376153337,0.06699
YGR264C,MES1,MEthionyl-tRNA Synthetase,0.0112214180024317,0.15456
YJL210W,PEX2,PEroXin,0.0111925221924616,0.10917
YHR081W,LRP1,Like RrP6,0.0111496382719476,0.08158
YOR263C,NA,NA,0.011136990547614,0.24235
YIL092W,NA,NA,0.0111363824277398,0.0393
YLL018C-A,COX19,Cytochrome c OXidase,0.0111217647250305,0.0754
YLR226W,BUR2,Bypass UAS Requirement,0.0110981204911048,0.27478
YLR096W,KIN2,KINase,0.011087061596138,0.05693
YMR268C,PRP24,Pre-mRNA Processing,0.0110760972362732,0.03462
YFL002C,SPB4,Suppressor of PAB1,0.011029784621595,0.03366
YMR251W,GTO3,Glutathione Transferase Omega-like,0.0110047904250265,0.18083
YBR005W,RCR1,Resistance to Congo Red,0.0109804313279591,0.13174
YHR020W,NA,NA,0.0109469787867961,0.24177
YKR072C,SIS2,SIt4 Suppressor,0.0109461440492329,0.35869
YOR027W,STI1,STress Inducible,0.0109370967752764,0.30583
YNL174W,NA,NA,0.0109290613666982,0.14567
YLR018C,POM34,POre Membrane,0.0109028859184007,0.06998
YOR048C,RAT1,Ribonucleic Acid Trafficking,0.0108980313279377,0.02669
YDL186W,NA,NA,0.0108697890134651,0.09697
YLR107W,REX3,Rna EXonuclease,0.0108655938326137,0.14591
YGR190C,NA,NA,0.010834401510175,0.14688
YMR193C-A,NA,NA,0.0108334367648756,0.0688
YBR291C,CTP1,Citrate Transport Protein,0.0108266190686874,0.25728
YNL123W,NMA111,Nuclear Mediator of Apoptosis,0.0108181326204238,0.04571
YCR054C,CTR86,Copper TRansport protein,0.0107974568232947,0.18016
YBL014C,RRN6,Regulation of RNA polymerase I,0.0107631267632029,0.06633
YOR255W,OSW1,Outer Spore Wall,0.0107174627984271,0.14081
YOR202W,HIS3,HIStidine,0.0107129659782237,0.2373
YER106W,MAM1,Monopolar microtubule Attachment during Meiosis I,0.010701144434089,0.1176
YML005W,TRM12,TRna Methyltransferase,0.010699404107046,0.0494
YNR046W,TRM112,TRna Methyltransferase,0.0106945155222759,0.07631
YLR116W,MSL5,Mud Synthetic-Lethal,0.0106707357150804,0.26789
YLR108C,NA,NA,0.0106693663873886,0.21077
YKR045C,NA,NA,0.0106443769450696,0.27075
YPR071W,NA,NA,0.0106443306637729,0.08457
YKL051W,SFK1,Suppressor of Four Kinase,0.0106341828779209,0.04312
YCR042C,TAF2,TATA binding protein-Associated Factor,0.0106317808597343,0.27963
YOR173W,DCS2,DeCapping Scavenger,0.0106035827446294,0.15413
YJR003C,MRX12,Mitochondrial oRganization of gene eXpression (MIOREX),0.0106007025379961,0.31569
YJL200C,ACO2,ACOnitase,0.0105903147111145,0.33173
YCR061W,TVS1,Transmembrane protein Vital for Stress response,0.0105741837251885,0.26186
YBR043C,QDR3,QuiniDine Resistance,0.0105499677454032,0.06321
YOR066W,MSA1,Mbf and Sbf Associated,0.0105392893513901,0.37403
YJL101C,GSH1,glutathione (GSH),0.010518833349696,0.20731
YNL254C,RTC4,Restriction of Telomere Capping,0.0105183212432057,0.03731
YMR309C,NIP1,Nuclear ImPort,0.0105169565909663,0.24504
YML042W,CAT2,Carnitine AcetylTransferase,0.0104992335374101,0.39608
YLR274W,MCM5,MiniChromosome Maintenance,0.0104876074843401,0.31477
YJR071W,NA,NA,0.0104857272695063,0.1308
YLR348C,DIC1,DIcarboxylate Carrier,0.0104641748784317,0.33778
YCR020C-A,MAK31,MAintenance of Killer,0.0104591995062291,0.29494
YDR395W,SXM1,Suppressor of mRNA eXport Mutant,0.0104534668536342,0.04146
YBR242W,NA,NA,0.0104301771732608,0.21361
YKL083W,NA,NA,0.0104180215675547,0.12333
YGR260W,TNA1,Transporter of Nicotinic Acid,0.0104133928081314,0.35217
YLR347C,KAP95,KAryoPherin,0.0104121981012984,0.09876
YLL058W,NA,NA,0.0104022608702343,0.06611
YIL133C,RPL16A,Ribosomal Protein of the Large subunit,0.010385573728745,0.30594
YHR174W,ENO2,ENOlase,0.010381802055171,0.20578
YGR127W,NA,NA,0.0103768809862745,0.26925
YDR218C,SPR28,SPorulation Regulated,0.0103719737030396,0.12263
YHL045W,NA,NA,0.0103493864382279,0.31825
YDR463W,STP1,Species-specific tRNA Processing,0.0103377983385199,0.17784
YOR307C,SLY41,Suppressor of Loss of Ypt1,0.0103129821395178,0.19417
YDR001C,NTH1,Neutral TreHalase,0.0102736399664237,0.09134
YOL092W,YPQ1,Yeast PQ-loop protein,0.0102684765223561,0.11184
YDR399W,HPT1,Hypoxanthine guanine PhosphoribosylTransferase,0.0102684159425892,0.25932
YGR033C,TIM21,Translocase of the Inner Mitochondrial membrane,0.0102656107257149,0.18243
YGR259C,NA,NA,0.0102645398677823,0.0903
YGR154C,GTO1,Glutathione Transferase Omega-like,0.0102482850811905,0.19956
YMR243C,ZRC1,Zinc Resistance Conferring,0.0102479324627754,0.09556
YDR207C,UME6,Unscheduled Meiotic gene Expression,0.0102476196652425,0.04813
YLL010C,PSR1,Plasma membrane Sodium Response,0.010226534815028,0.33444
YMR259C,TRM732,Transfer RNA Methyltransferase,0.0102226683559316,0.08377
YJR119C,JHD2,JmjC domain-containing Histone Demethylase,0.0102112818154517,0.03935
YMR041C,ARA2,ARAbinose,0.0102086290575348,0.29376
YIL064W,EFM4,Elongation Factor Methyltransferase,0.0101772657504695,0.07483
YDR260C,SWM1,Spore Wall Maturation,0.0101688150003037,0.25307
YOL130W,ALR1,ALuminum Resistance,0.0101583745878957,0.07197
YDR213W,UPC2,UPtake Control,0.0101516171532776,0.22538
YHL027W,RIM101,Regulator of IME2,0.0101394615212561,0.12238
YDR243C,PRP28,Pre-mRNA Processing,0.0101349158693871,0.10722
YIR031C,DAL7,Degradation of Allantoin,0.0101245946117229,0.16921
YDR420W,HKR1,Hansenula mrakii Killer toxin Resistant,0.0100946333396538,0.05451
YOR282W,NA,NA,0.0100883734855187,0.162
YBR249C,ARO4,AROmatic amino acid requiring,0.0100716661626518,0.27018
YGR072W,UPF3,UP Frameshift,0.0100699116855742,0.17758
YGL246C,RAI1,Rat1p Interacting Protein,0.0100540839926594,0.16934
YDR455C,NA,NA,0.0100446142747681,0.16061
YIL166C,SOA1,SulfOnAte transport,0.0100444737133502,0.12463
YDL209C,CWC2,Complexed With Cef1p,0.0100290558376947,0.2882
YLR215C,CDC123,Cell Division Cycle,0.0100190235365446,0.14738
YGR230W,BNS1,Bypasses Need for Spo12p,0.00998936436923616,0.31388
YBR231C,SWC5,SWr Complex,0.00998352901695355,0.17969
YKL173W,SNU114,Small NUclear ribonucleoprotein associated,0.00998278068468105,0.17905
YHR128W,FUR1,5-FluoroURidine resistant,0.00997034433960688,0.09905
YKL149C,DBR1,DeBRanching,0.00995187445223238,0.05142
YDL050C,NA,NA,0.00994048653765607,0.13475
YPL277C,NA,NA,0.0099235150132667,0.2204
YHR003C,TCD1,tRNA ThreonylCarbamoyladenosine Dehydratase,0.00991761634469303,0.34808
YBL078C,ATG8,AuTophaGy related,0.00991006465131704,0.20218
YNR063W,PUL4,PULcherrimin,0.00988965713199147,0.03385
YBR248C,HIS7,HIStidine requiring,0.00988904467569143,0.36664
YDR312W,SSF2,Suppressor of ste4 (Four),0.00988660639156301,0.03355
YMR300C,ADE4,ADEnine requiring,0.0098766471007079,0.38354
YOR168W,GLN4,GLutamiNe metabolism,0.00986128697383505,0.07953
YNL232W,CSL4,Cep1 Synthetic Lethal,0.00986077535551448,0.30594
YKR079C,TRZ1,tRNase Z,0.00985544985491354,0.10354
YDL043C,PRP11,Pre-mRNA Processing,0.00985251595290883,0.03319
YKR043C,SHB17,"SedoHeptulose 1,7-Bisphosphatase",0.00984523768515043,0.14303
YKR073C,NA,NA,0.00981655148231034,0.12416
YBR021W,FUR4,5-FlUoRouridine sensitivity,0.00981575283522658,0.34276
YDR020C,DAS2,Dst1-delta 6-Azauracil Sensitivity,0.00979927882591046,0.06575
YDR011W,SNQ2,Sensitivity to 4-NitroQuinoline-N-oxide,0.00977399314857209,0.3628
YPR153W,MAY24,genetic interaction profile similarity to MTC Annotated Yeast genes MTC2 and MTC4,0.00976728716119974,0.06742
YHL001W,RPL14B,Ribosomal Protein of the Large subunit,0.00976708116085627,0.14841
YDR413C,NA,NA,0.00976268660771139,0.14607
YJL193W,NA,NA,0.00974909263152628,0.39071
YHR006W,STP2,protein with similarity to Stp1p,0.00974639241771322,0.2937
YKL068W,NUP100,NUclear Pore,0.00974130550572174,0.06415
YLL045C,RPL8B,Ribosomal Protein of the Large subunit,0.00973710263845736,0.27062
YGR086C,PIL1,Phosphorylation Inhibited by Long chain bases,0.00972854646805293,0.21771
YGR003W,CUL3,CULlin,0.00972616951527376,0.07469
YBR180W,DTR1,DiTyRosine,0.00971880851943185,0.06822
YGR126W,NA,NA,0.00970580770705603,0.06274
YIR028W,DAL4,Degradation of Allantoin,0.0097042416252891,0.22272
YLL037W,NA,NA,0.00970094920347351,0.17225
YMR055C,BUB2,Budding Uninhibited by Benzimidazole,0.00969917594533917,0.27132
YPR037C,ERV2,Essential for Respiration and Viability,0.00969709948856845,0.37845
YBR101C,FES1,Factor Exchange for Ssa1p,0.00966612465310655,0.35759
YAL019W,FUN30,Function Unknown Now,0.00966360138940313,0.13107
YDL214C,PRR2,Pheromone Response Regulator,0.00965859486745407,0.38047
YAL053W,FLC2,FLavin Carrier,0.00964919621971635,0.07182
YKL008C,LAC1,Longevity-Assurance gene Cognate (LAG1 Cognate),0.00964809277475429,0.26808
YKL030W,NA,NA,0.00964660819524123,0.25682
YHL013C,OTU2,member of the Ovarian TUmor family,0.00964169431389105,0.10688
YOL021C,DIS3,homolog of S. pombe dis3 (chromosome DISjunction),0.00962808072353484,0.08081
YLR194C,NCW2,Novel Cell Wall protein,0.00962146029595451,0.42502
YPR192W,AQY1,AQuaporin from Yeast,0.0096130272658906,0.19767
YBR025C,OLA1,Obg-Like ATPase,0.00960763625309819,0.29459
YDL138W,RGT2,Restores Glucose Transport,0.00959121296545058,0.18086
YLR216C,CPR6,Cyclosporin-sensitive Proline Rotamase,0.00957696627197161,0.35114
YBR197C,NA,NA,0.0095692425693245,0.10065
YKL015W,PUT3,Proline UTilization,0.00956405394164831,0.31215
YDL123W,SNA4,Sensitivity to NA+,0.00954367532288941,0.10079
YOL142W,RRP40,Ribosomal RNA Processing,0.0095401474016352,0.3273
YKL071W,OSI1,Oxidative Stress Induced,0.0095153379304472,0.13868
YGL211W,NCS6,Needs Cla4 to Survive,0.00948452221066783,0.35106
YJR082C,EAF6,Esa1p-Associated Factor,0.00948355589712537,0.03539
YOR160W,MTR10,Mrna TRansport defective,0.00948116042315448,0.12183
YGR265W,NA,NA,0.00945534768505838,0.07102
YGR030C,POP6,Processing Of Precursor RNAs,0.0094405944033737,0.10842
YER085C,NA,NA,0.0094334114437128,0.10949
YJR124C,NA,NA,0.00941478260350405,0.17296
YDR280W,RRP45,Ribosomal RNA Processing,0.00937919233313598,0.35637
YLL012W,YEH1,Yeast steryl Ester Hydrolase,0.0093618837547711,0.3901
YPR006C,ICL2,IsoCitrate Lyase,0.00936065900617597,0.4459
YEL029C,BUD16,BUD site selection,0.00935529487572839,0.35842
YOR185C,GSP2,Genetic Suppressor of Prp20-1,0.00935142395773812,0.11835
YGL239C,NA,NA,0.00935061420804749,0.08524
YGR097W,ASK10,Activator of SKn7,0.00934940464895185,0.10199
YGL032C,AGA2,a-AGglutinin,0.00932877115507381,0.11549
YDR351W,SBE2,Suppressor of BEm4,0.00929806511184439,0.33559
YGR001C,EFM5,Elongation Factor Methyltransferase,0.0092933599401725,0.08772
YKL072W,STB6,Sin Three Binding protein,0.0092848718727769,0.06833
YGR162W,TIF4631,Translation Initiation Factor,0.00928000315822808,0.09003
YNL103W,MET4,METhionine requiring,0.00927150714296766,0.39189
YHL026C,NA,NA,0.00926586915145524,0.13464
YBL033C,RIB1,RIBoflavin biosynthesis,0.00926029076972763,0.17046
YOR344C,TYE7,Ty1-mediated Expression,0.00925127422355549,0.13291
YKR044W,UIP5,Ulp1 Interacting Protein,0.00923163396111172,0.25027
YGL102C,NA,NA,0.00922219508220797,0.21674
YMR042W,ARG80,ARGinine requiring,0.0091977068318379,0.12719
YER088C,DOT6,Disruptor Of Telomeric silencing,0.00917780976752498,0.20059
YGR093W,DRN1,Debranching enzyme-associated RiboNuclease,0.00915736756548443,0.06798
YHR015W,MIP6,Mex67-Interacting Protein,0.0091488228078018,0.04831
YKL156W,RPS27A,Ribosomal Protein of the Small subunit,0.00914653601771396,0.22097
YNR039C,ZRG17,Zinc Regulated Gene,0.00914516586600369,0.11881
YGL138C,NA,NA,0.00913191425369931,0.19846
YGR129W,SYF2,SYnthetic lethal with cdc40 (Forty),0.00913169679686656,0.17937
YHR146W,CRP1,Cruciform DNA-Recognizing Protein,0.00912215935778433,0.28588
YOR098C,NUP1,NUclear Pore,0.00911550451877203,0.2256
YNL068C,FKH2,ForK head Homolog,0.00908258738985432,0.06877
YNL022C,RCM1,NA,0.00906503074246577,0.05607
YKL181W,PRS1,PhosphoRibosylpyrophosphate Synthetase,0.0090623689634047,0.10498
YKL144C,RPC25,RNA Polymerase C,0.00905779586190771,0.14953
YIL117C,PRM5,Pheromone-Regulated Membrane protein,0.00905031368354062,0.27772
YLL060C,GTT2,GlutaThione Transferase,0.00904432436998468,0.1587
YJR052W,RAD7,RADiation sensitive,0.00902800895620641,0.20012
YIL150C,MCM10,MiniChromosome Maintenance,0.00902409043960245,0.0744
YPR085C,ASA1,AStra Associated protein,0.00901517202157038,0.14862
YNL187W,SWT21,Synthetic With Tgs1,0.00901483462621596,0.11674
YDR311W,TFB1,Transcription Factor B,0.00899113127834663,0.40772
YBR017C,KAP104,KAryoPherin,0.00899090635374824,0.36299
YJL189W,RPL39,Ribosomal Protein of the Large subunit,0.00898102986452307,0.31758
YNL250W,RAD50,RADiation sensitive,0.00895538964291131,0.08042
YLR406C,RPL31B,Ribosomal Protein of the Large subunit,0.00892813614942047,0.34587
YML088W,UFO1,UV-F-box-HO,0.00891924616026876,0.05266
YPR009W,SUT2,Sterol UpTake,0.0089099217404093,0.19074
YOR230W,WTM1,WD repeat containing Transcriptional Modulator,0.008905093666059,0.25895
YER090W,TRP2,TRyPtophan,0.0088939896253589,0.18215
YHL029C,OCA5,Oxidant-induced Cell-cycle Arrest,0.00887977925991025,0.15979
YPR128C,ANT1,Adenine Nucleotide Transporter,0.00886205299343828,0.0859
YJR132W,NMD5,Nonsense-Mediated mRNA Decay,0.00883555388878567,0.22989
YOR019W,NA,NA,0.00883141010027649,0.28928
YMR191W,SPG5,Stationary Phase Gene,0.00881609673446252,0.2688
YOR269W,PAC1,Perish in the Absence of Cin8p,0.00880575658359989,0.34266
YPR069C,SPE3,SPErmidine auxotroph,0.00878030957020467,0.12033
YLR419W,NA,NA,0.0087735478356107,0.05657
YMR308C,PSE1,Protein Secretion Enhancer,0.00876055435643774,0.27797
YBR115C,LYS2,LYSine requiring,0.00875839668627345,0.27745
YNL228W,NA,NA,0.00873107427432819,0.17712
YLR064W,PER33,"Pore and ER protein, 33 kDa",0.00872830599802358,0.18987
YDR380W,ARO10,AROmatic amino acid requiring,0.00871158515495413,0.31551
YDR186C,SND1,Srp-iNDependent targeting,0.0087115530318651,0.12671
YLL026W,HSP104,Heat Shock Protein,0.00870514804922649,0.39411
YNL280C,ERG24,ERGosterol biosynthesis,0.00867456048051145,0.20585
YNL190W,NA,NA,0.00867255375603548,0.14916
YDR119W,VBA4,Vacuolar Basic Amino acid transporter,0.00866966538551516,0.0383
YGR001C,EFM5,Elongation Factor Methyltransferase,0.00865287624871532,0.11282
YMR123W,PKR1,Pichia farinosa Killer toxin Resistance,0.0086518972400864,0.11658
YLR400W,NA,NA,0.0086462257911158,0.18857
YLR333C,RPS25B,Ribosomal Protein of the Small subunit,0.00864505819429863,0.17655
YFL001W,DEG1,DEpressed Growth rate,0.00864172005868874,0.31534
YHR062C,RPP1,Ribonuclease P Protein,0.00863043858533449,0.36313
YAR066W,NA,NA,0.00859823885699697,0.2359
YOR032C,HMS1,High-copy Mep Suppressor,0.00859483366967847,0.12663
YPR036W,VMA13,Vacuolar Membrane Atpase,0.008585079224883,0.05563
YPR014C,NA,NA,0.00857195176614821,0.11567
YML099C,ARG81,ARGinine requiring,0.00856867749040109,0.01675
YPL081W,RPS9A,Ribosomal Protein of the Small subunit,0.0085575801173125,0.42132
YBR227C,MCX1,Mitochondrial ClpX,0.00853152236552003,0.0467
YGR035C,NA,NA,0.00851412556746371,0.20152
YHR093W,AHT1,NA,0.00851317321820472,0.19718
YAL003W,EFB1,Elongation Factor Beta,0.00849223103309918,0.31387
YKL186C,MTR2,Mrna TRansport,0.00848669750152233,0.29125
YOL126C,MDH2,Malate DeHydrogenase,0.00847435219633797,0.31549
YMR108W,ILV2,IsoLeucine-plus-Valine requiring,0.00845307322103612,0.31233
YGL196W,DSD1,NA,0.00844961152628388,0.15757
YPR008W,HAA1,Homolog of Ace1 Activator,0.00843261918770979,0.07451
YHR063W-A,NA,NA,0.00842822714034264,0.08411
YEL054C,RPL12A,Ribosomal Protein of the Large subunit,0.00841806447897622,0.30032
YML075C,HMG1,3-Hydroxy-3-MethylGlutaryl-coenzyme a reductase,0.00841754381259551,0.19167
YOR327C,SNC2,Suppressor of the Null allele of CAP,0.00841301861831729,0.09364
YPR164W,MMS1,Methyl MethaneSulfonate sensitivity,0.00841050743892383,0.1257
YDL121C,EXP1,ER eXport of Pma1,0.00839769530434003,0.24567
YLR249W,YEF3,Yeast Elongation Factor,0.00838589506490923,0.405
YER060W,FCY21,FluoroCYtosine resistance,0.00837570449073777,0.25525
YGL045W,RIM8,Regulator of IME2,0.00837049761349737,0.28203
YDL122W,UBP1,UBiquitin-specific Protease,0.00835890643975309,0.04478
YDR191W,HST4,Homolog of SIR Two (SIR2),0.00834652334276851,0.40153
YLR251W,SYM1,Stress-inducible Yeast Mpv17,0.00834525797612071,0.21032
YLR142W,PUT1,Proline UTilization,0.00833720174426766,0.35781
YLR252W,NA,NA,0.008331896589028,0.16877
YDR198C,RKM2,Ribosomal protein lysine (K) Methyltransferase,0.00830907213071785,0.05898
YEL017C-A,PMP2,Plasma Membrane Proteolipid,0.00830877359256717,0.3219
YIL047C,SYG1,Suppressor of Yeast Gpa1,0.00828852023889076,0.15026
YOR183W,FYV12,Function required for Yeast Viability,0.0082803920195188,0.22693
YDR172W,SUP35,SUPpressor,0.00827260353841964,0.30265
YNL148C,ALF1,ALpha tubulin Folding,0.00826751650808915,0.15608
YNR011C,PRP2,Pre-mRNA Processing,0.00826657071124576,0.12976
YLL052C,AQY2,AQuaporin from Yeast,0.00826317029829416,0.34837
YNL318C,HXT14,HeXose Transporter,0.00825606126168795,0.1645
YGL147C,RPL9A,Ribosomal Protein of the Large subunit,0.00825037567488982,0.40366
YPR049C,ATG11,AuTophaGy related,0.00824800847822987,0.1102
YNR068C,NA,NA,0.00824620485022066,0.31882
YHL036W,MUP3,Methionine UPtake,0.00824295527097003,0.34572
YKL095W,YJU2,NA,0.00824169540862422,0.07885
YEL057C,SDD1,Suppressor of Degenerative Death,0.00823645105755162,0.19669
YLR016C,PML1,Pre-mRNA Leakage,0.00823336661908331,0.08376
YMR266W,RSN1,Rescue of Sro7 at high Nacl,0.00823108205263609,0.09366
YLR291C,GCD7,General Control Derepressed,0.00822851537412285,0.39265
YOR251C,TUM1,ThioUridine Modification,0.00822806621392434,0.09467
YGR273C,NA,NA,0.00821408799743994,0.13911
YNL001W,DOM34,Duplication Of Multilocus region,0.00821068460247516,0.05696
YML094W,GIM5,Gene Involved in Microtubule biogenesis,0.00820523588052138,0.15983
YCR061W,TVS1,Transmembrane protein Vital for Stress response,0.0081969106751506,0.30916
YNR013C,PHO91,PHOsphate metabolism,0.00819641267935296,0.08427
YBR250W,SPO23,SPOrulation,0.0081792435368689,0.05981
YPR138C,MEP3,NA,0.00816479081061239,0.37093
YHR201C,PPX1,NA,0.00814888484827519,0.33608
YMR080C,NAM7,Nuclear Accommodation of Mitochondria,0.00814216433055336,0.32553
YDL087C,LUC7,Lethal Unless Cap-binding complex is produced,0.00813110144385524,0.04578
YCR087C-A,NA,NA,0.00812912373460311,0.29076
YGL015C,BIL2,Bud6-interacting ligand 2,0.00812832783545233,0.12987
YMR185W,RTP1,Required for the nuclear Transport of RNA Pol II,0.00812697039037425,0.15235
YNL125C,ESBP6,NA,0.00811291916897089,0.17278
YKL174C,TPO5,Transporter of POlyamines,0.00809706869054365,0.10451
YBL068W,PRS4,PhosphoRibosylpyrophosphate Synthetase,0.0080949488437434,0.09933
YNL281W,HCH1,High-Copy Hsp90 suppressor,0.00809229009973372,0.28507
YNR025C,NA,NA,0.00808793135290142,0.13668
YBR161W,CSH1,CSG1/SUR1 Homolog,0.00808190761351869,0.16261
YBR295W,PCA1,P-type Cation-transporting ATPase,0.00807841460542186,0.21978
YGL157W,ARI1,"Aldehyde Reductase Intermediate, subclass of SDR",0.00806677621926312,0.11923
YPR168W,NUT2,Negative regulation of URS Two,0.00805445471665926,0.11691
YJR061W,MNN14,MaNNosyltransferase regulator,0.00804829830602152,0.0996
YER038C,KRE29,Killer toxin REsistant,0.0080449243169532,0.04557
YOR225W,NA,NA,0.00804028460035116,0.21009
YER159C,BUR6,Bypass UAS Requirement,0.00803967627349292,0.42904
YPR187W,RPO26,RNA POlymerase,0.00803667804087115,0.10674
YDR154C,NA,NA,0.00803525884720425,0.25066
YPR133C,SPN1,Suppresses Postrecruitment functions gene Number 1,0.00803104657778617,0.3894
YOR034C,AKR2,AnKyrin Repeat-containing protein,0.00801512888973676,0.16893
YOL045W,PSK2,Pas domain-containing Serine/threonine protein Kinase,0.00801481363322466,0.07983
YOL066C,RIB2,RIBoflavin biosynthesis,0.00801024213399331,0.19339
YGR269W,NA,NA,0.0080072689409523,0.10239
YCL050C,APA1,AP4A phosphorylase,0.00799595254997789,0.20778
YHR106W,TRR2,ThioRedoxin Reductase,0.00798985278370964,0.20624
YDR109C,NA,NA,0.00796639851892931,0.14749
YOL058W,ARG1,ARGinine requiring,0.00794395192048394,0.19442
YER099C,PRS2,PhosphoRibosylpyrophosphate Synthetase,0.00793622524249583,0.12591
YLL004W,ORC3,Origin Recognition Complex,0.00792625736695544,0.34351
YDR521W,NA,NA,0.00792187290501501,0.1453
YOL038C-A,NA,NA,0.00791897913259985,0.28857
YDR397C,NCB2,Negative Cofactor B,0.00791734663569824,0.1258
YLL044W,NA,NA,0.00790874971578889,0.27378
YLL038C,ENT4,Epsin N-Terminal homology,0.00790813821875381,0.06122
YER014W,HEM14,HEMe biosynthesis,0.0078994583176777,0.17265
YHR205W,SCH9,NA,0.00789909868714236,0.26063
YDR102C,NA,NA,0.0078914901539157,0.13814
YLR143W,DPH6,DiPHthamide biosynthesis,0.00787919469833413,0.08583
YER132C,PMD1,Paralog of MDS3,0.0078761215873053,0.09078
YDR509W,NA,NA,0.00787540161811631,0.15739
YCL002C,NA,NA,0.00787208726143093,0.07698
YPR158W,CUR1,Curing of [URe3],0.00784446305259106,0.42812
YAL028W,FRT2,Functionally Related to TCP1,0.00784426295980229,0.33649
YLR308W,CDA2,Chitin DeAcetylase,0.00784225347307221,0.20394
YOL054W,PSH1,Pob3/Spt16 Histone associated,0.00782372067258562,0.08572
YIR018W,YAP5,Yeast AP-1,0.00781300569387474,0.22416
YDR266C,HEL2,Histone E3 Ligase,0.00781276774691518,0.29027
YJL162C,JJJ2,J-protein (Type III),0.00780840343771104,0.08834
YOR180C,DCI1,"delta(3,5)-delta(2,4)-Dienoyl-CoA Isomerase",0.00780476628892319,0.37772
YKL205W,LOS1,Loss Of Suppression,0.00779921290868787,0.30092
YCR001W,NA,NA,0.00779879888291034,0.06148
YKL201C,MNN4,MaNNosyltransferase,0.00779150300673273,0.22441
YJR014W,TMA22,Translation Machinery Associated,0.00777682728289054,0.08588
YPR163C,TIF3,Translation Initiation Factor,0.00776495050998279,0.25115
YGL182C,NA,NA,0.00776020603937191,0.16192
YOR369C,RPS12,Ribosomal Protein of the Small subunit,0.00775734222092727,0.29835
YBR131W,CCZ1,Calcium Caffeine Zinc sensitivity,0.00775652009687827,0.19421
YPR161C,SGV1,Suppressor of Gpa1-Val50 mutation,0.00775436159521876,0.08152
YKL120W,OAC1,OxaloAcetate Carrier,0.00775046521136756,0.44896
YOR192C,THI72,THI7 homolog 2,0.00774696428645541,0.27844
YOL061W,PRS5,PhosphoRibosylpyrophosphate Synthetase,0.00774298091417875,0.08858
YMR325W,PAU19,seriPAUperin,0.00770490722051238,0.41243
YOR308C,SNU66,Small NUclear ribonucleoprotein associated,0.00770075473207723,0.32147
YLL061W,MMP1,S-MethylMethionine Permease,0.0076929332290092,0.24477
YGR201C,NA,NA,0.00769029126124403,0.10837
YIL099W,SGA1,Sporulation-specific GlycoAmylase,0.00768892543091018,0.20309
YDL124W,NA,NA,0.00768846364435602,0.22935
YLR245C,CDD1,CytiDine Deaminase,0.00768723088823222,0.09895
YBL036C,NA,NA,0.00766386351590729,0.13664
YGL177W,NA,NA,0.00765750134798843,0.20475
YLR316C,TAD3,tRNA-specific Adenosine Deaminase,0.00764399932384719,0.29182
YBR099C,NA,NA,0.00763898673939635,0.44294
YLL023C,POM33,"POre Membrane, 33 kDa",0.00763341476728171,0.35691
YGL169W,SUA5,Suppressor of Upstream AUG,0.0076274400431338,0.05692
YPR093C,ASR1,Alcohol Sensitive Ring/PHD finger,0.0076242327623249,0.26189
YPL082C,MOT1,Modifier of Transcription,0.00761890997306409,0.33412
YPL076W,GPI2,GlycosylPhosphatidylInositol anchor biosynthesis,0.00760852732717953,0.11574
YEL017C-A,PMP2,Plasma Membrane Proteolipid,0.00760154565037685,0.22482
YMR062C,ARG7,ARGinine requiring,0.00760061785855038,0.32679
YLR173W,TAG1,Termination of AutophaGy,0.00759966017558281,0.14679
YPR064W,NA,NA,0.00759137961524772,0.16638
YCL044C,MGR1,Mitochondrial Genome Required,0.00758882749511365,0.39437
YKL093W,MBR1,Mitochondrial Biogenesis Regulation,0.00758876568896187,0.27314
YIL087C,AIM19,Altered Inheritance rate of Mitochondria,0.00758737549058963,0.19021
YOR350C,MNE1,NA,0.00758386777000918,0.1006
YMR059W,SEN15,Splicing ENdonuclease,0.00757023234582162,0.28651
YBR270C,BIT2,Binding partner of Tor2p,0.00756923184742674,0.33257
YKL076C,PSY1,Platinum SensitivitY,0.00756730859865683,0.30631
YHL001W,RPL14B,Ribosomal Protein of the Large subunit,0.00754523974047436,0.2608
YHR064C,SSZ1,NA,0.00753872547984193,0.28753
YMR194W,RPL36A,Ribosomal Protein of the Large subunit,0.00753113758471252,0.33675
YPL197C,NA,NA,0.00752506580718343,0.3007
YPL064C,CWC27,Complexed With Cef1p,0.00752495495876533,0.16857
YPL175W,SPT14,SuPpressor of Ty,0.0075239759638708,0.29721
YPL229W,NA,NA,0.0075223108395289,0.34684
YNL108C,NA,NA,0.00751767942414683,0.05662
YDR048C,NA,NA,0.00750733628639056,0.19769
YBR057C,MUM2,MUddled Meiosis,0.00749191093742799,0.28988
YER128W,VFA1,Vps Four-Associated,0.00748964365314495,0.10932
YEL063C,CAN1,CANavanine resistance,0.00748422287613164,0.16408
YMR015C,ERG5,ERGosterol biosynthesis,0.00746743147861297,0.41539
YER116C,SLX8,Synthetic Lethal of unknown (X) function,0.00746387243902734,0.06785
YMR319C,FET4,FErrous Transport,0.00745652204152403,0.11003
YLR052W,IES3,Ino Eighty Subunit,0.0074499163260815,0.26566
YER140W,EMP65,ER Membrane Protein of 65 kDa,0.00744777075615499,0.08086
YDR363W,ESC2,Establishment of Silent Chromatin,0.00744303750483493,0.07192
YPR058W,YMC1,Yeast Mitochondrial Carrier,0.00744031712848813,0.29341
YBR182C,SMP1,Second MEF2-like Protein 1,0.00743896748496137,0.10967
YHL037C,NA,NA,0.00743090704419419,0.22596
YHR184W,SSP1,NA,0.00742434135665956,0.08972
YDR104C,SPO71,SPOrulation,0.00741874178546715,0.0983
YLR339C,NA,NA,0.00740931539686274,0.22412
YNL179C,NA,NA,0.00740914552344505,0.19955
YJR008W,MHO1,Memo HOmolog,0.00740064042973475,0.26035
YLR434C,NA,NA,0.0073853617597663,0.1603
YNR064C,NA,NA,0.00737612795617509,0.09205
YMR312W,ELP6,ELongator Protein,0.00737592727881497,0.12143
YOR273C,TPO4,Transporter of POlyamines,0.00736215077871493,0.45179
YLR318W,EST2,Ever Shorter Telomeres,0.00735793526824978,0.15993
YIL145C,PAN6,PANtothenate biosynthesis,0.00735574681943587,0.14842
YLR106C,REA1,Ribosome Export/Assembly,0.00733114133015369,0.18483
YPL081W,RPS9A,Ribosomal Protein of the Small subunit,0.00733067670412111,0.45314
YPR061C,JID1,DnaJ protein Involved in ER-associated Degradation,0.0073305127877289,0.17049
YBR239C,ERT1,Ethanol Regulated Transcription factor,0.00731674555266963,0.32128
YDL048C,STP4,protein with similarity to Stp1p,0.00731208852554428,0.23761
YGL133W,ITC1,Imitation switch Two Complex,0.00729685166300122,0.06735
YLR015W,BRE2,BREfeldin A sensitivity,0.0072957056407404,0.0855
YOR046C,DBP5,Dead Box Protein,0.00729047967036407,0.14984
YMR116C,ASC1,Absence of growth Suppressor of Cyp1,0.00728759810802282,0.30407
YDR461W,MFA1,Mating Factor A,0.00727997981238519,0.31675
YJL185C,ATG36,AuTophaGy related,0.00727189942488707,0.23241
YPR118W,MRI1,MethylthioRibose-1-phosphate Isomerase,0.00726678221136857,0.07277
YNL244C,SUI1,SUppressor of Initiator codon,0.00726424305811765,0.12063
YJL178C,ATG27,AuTophaGy related,0.00724341818952119,0.16095
YOR007C,SGT2,Small Glutamine-rich Tetratricopeptide repeat-containing protein,0.00723097609585915,0.2557
YPR062W,FCY1,FluoroCYtosine resistance,0.00722569241823358,0.22336
YGL076C,RPL7A,Ribosomal Protein of the Large subunit,0.00721643720750724,0.25793
YLR019W,PSR2,Plasma membrane Sodium Response,0.00720161293336499,0.12336
YGR057C,LST7,Lethal with Sec Thirteen,0.00718993390754049,0.1065
YKR105C,VBA5,Vacuolar Basic Amino acid transporter,0.00718468923547216,0.12762
YOR146W,NA,NA,0.00717088503027706,0.26841
YER114C,BOI2,Bem1 (One) Interacting protein,0.00716853952226654,0.19055
YMR138W,CIN4,Chromosome INstability,0.0071671955648567,0.19043
YPL273W,SAM4,S-AdenosylMethionine metabolism,0.00716635771356843,0.19662
YER139C,RTR1,Regulator of TRanscription,0.00715395976778326,0.16525
YGR096W,TPC1,Thiamine Pyrophosphate Carrier,0.0071453868044939,0.10541
YBL074C,AAR2,A1-Alpha2 Repression,0.00714048529123483,0.11226
YDL185W,VMA1,Vacuolar Membrane Atpase,0.00713932606571286,0.09543
YJL043W,NA,NA,0.00713352943916239,0.1556
YCR096C,HMRA2,Hidden Mat Right A,0.00713217810784293,0.17937
YOR215C,AIM41,Altered Inheritance of Mitochondria,0.00712437865132604,0.17531
YIL146C,ATG32,AuTophaGy related,0.00711628468758292,0.07441
YPL198W,RPL7B,Ribosomal Protein of the Large subunit,0.00711519756707814,0.22556
YDL152W,NA,NA,0.00710715845469613,0.17146
YJL135W,NA,NA,0.00710504324595513,0.17505
YPR076W,NA,NA,0.00710281342390115,0.20494
YNR032C-A,HUB1,Homologous to UBiquitin,0.0070987268719932,0.20724
YKL188C,PXA2,PeroXisomal ABC-transporter,0.00709738495052316,0.43203
YLR362W,STE11,STErile,0.00709257014159234,0.15627
YML006C,GIS4,GIg1-2 Suppressor,0.0070881228555494304,0.12851
YJR112W,NNF1,Necessary for Nuclear Function,0.00708450404722294,0.3681
YDR155C,CPR1,Cyclosporin A-sensitive Proline Rotamase,0.00708190203844266,0.32786
YDR368W,YPR1,Yeast Putative Reductase,0.00708138620082599,0.28191
YLR451W,LEU3,LEUcine biosynthesis,0.00707996103950276,0.3748
YDR313C,PIB1,PhosphatidylInositol(3)-phosphate Binding,0.00707962568295122,0.30199
YMR297W,PRC1,PRoteinase C,0.00707634995714549,0.17671
YGR146C,ECL1,Extends Chronological Lifespan,0.0070659249408183,0.22495
YPR044C,OPI11,OverProducer of Inositol,0.00706202651893797,0.17436
YER162C,RAD4,RADiation sensitive,0.00705803762444283,0.05771
YBR244W,GPX2,Glutathione PeroXidase,0.00704518538605448,0.13254
YNL271C,BNI1,Bud Neck Involved,0.00702817677888061,0.17495
YOR148C,SPP2,Suppressor of PrP,0.00700982861240454,0.12247
YHR156C,LIN1,LINk,0.007005747399062,0.14312
YLR406C,RPL31B,Ribosomal Protein of the Large subunit,0.00699194901837026,0.37505
YKR046C,PLN1,PeriLipiN,0.00699079323826424,0.15334
YOR260W,GCD1,General Control Derepressed,0.00697810719858118,0.36231
YLR070C,XYL2,NA,0.00697209965317601,0.35625
YMR271C,URA10,URAcil requiring,0.00697024072315905,0.21434
YDR206W,EBS1,Est1-like Bcy1 Suppressor,0.00696538160083981,0.33086
YIL085C,KTR7,Kre Two Related,0.00696503974086153,0.1842
YBR085C-A,NA,NA,0.00695943336493933,0.22988
YIL008W,URM1,Ubiquitin Related Modifier,0.00695930716461655,0.31131
YKR021W,ALY1,Arrestin-Like Yeast protein,0.00695374266789979,0.08083
YOL097C,WRS1,W (tryptophan) RS (tRNA synthetase),0.00694201638563001,0.18313
YJL038C,LOH1,Loss Of Heterozygosity,0.00694037280065031,0.13118
YMR189W,GCV2,GlyCine cleaVage,0.00692939039469856,0.18375
YJL127C,SPT10,SuPpressor of Ty,0.00692612255289724,0.08311
YLR312C,ATG39,AuTophaGy related,0.0069191537988055,0.16651
YBL029W,NA,NA,0.00691211920771729,0.26406
YDL117W,CYK3,CYtoKinesis,0.00690719699112375,0.42058
YOR319W,HSH49,Human Sap Homolog,0.00690215749714578,0.14421
YJR007W,SUI2,SUppressor of Initiator codon,0.00690031944155244,0.16722
YMR102C,LAF1,Lam2/Ltc4-Associated Factor,0.00689766552864219,0.24874
YIR016W,NA,NA,0.00689674271641241,0.23795
YNL032W,SIW14,Synthetic Interaction with Whi2,0.00689378499814149,0.28306
YPL136W,NA,NA,0.00689317409048635,0.22737
YNL134C,NA,NA,0.006890442574976,0.38278
YDR464W,SPP41,Suppressor of PrP4,0.00688676977354043,0.12894
YDL182W,LYS20,LYSine requiring,0.00688366286256513,0.4383
YPL249C-A,RPL36B,Ribosomal Protein of the Large subunit,0.00687600727330365,0.32422
YGL117W,NA,NA,0.00686847223416584,0.25988
YDR152W,GIR2,Genetically Interacts with Ribosomal genes,0.00685610926678231,0.41662
YPL009C,RQC2,Ribosome Quality control Complex,0.0068421136528096,0.32318
YKL076C,PSY1,Platinum SensitivitY,0.00683986753336796,0.25059
YKL162C-A,NA,NA,0.00683311272521886,0.11388
YPR145W,ASN1,ASparagiNe requiring,0.0068329043983587,0.2317
YLR273C,PIG1,Protein Interacting with Gsy2p,0.00683255474810259,0.40723
YOR226C,ISU2,IscU homolog,0.00682704147504317,0.41403
YBR186W,PCH2,Pachytene CHeckpoint,0.00682262383378725,0.08241
YDR310C,SUM1,SUppresor of Mar1-1,0.0068117400707024,0.35331
YBR143C,SUP45,SUPpressor,0.00680953943844688,0.13898
YGL243W,TAD1,tRNA-specific Adenosine Deaminase,0.00680035288025271,0.28133
YOL110W,SHR5,Suppressor of Hyperactive Ras,0.00679786040487632,0.13746
YML015C,TAF11,TATA binding protein-Associated Factor,0.00679421944110196,0.35114
YPL160W,CDC60,Cell Division Cycle,0.00678888046616876,0.16566
YOR339C,UBC11,UBiquitin Carrier,0.00678343995769903,0.1037
YLL045C,RPL8B,Ribosomal Protein of the Large subunit,0.00677551998532,0.31273
YMR296C,LCB1,Long-Chain Base,0.00677518666108341,0.30155
YAL061W,BDH2,NA,0.00675711266801167,0.4462
YGL149W,NA,NA,0.00675554759684482,0.14053
YKR050W,TRK2,TRansport of potassium (K),0.00673884404002111,0.09934
YCR064C,NA,NA,0.00673029459016446,0.22254
YML022W,APT1,Adenine PhosphoribosylTransferase,0.0067183841393645,0.33976
YOL104C,NDJ1,NonDisJunction,0.00671480860576092,0.2601
YGL058W,RAD6,RADiation sensitive,0.00671386254356343,0.27
YPL047W,SGF11,SaGa associated Factor 11kDa,0.0067076055561332,0.06346
YCR104W,PAU3,seriPAUperin family,0.00669783266701555,0.42675
YLR079W,SIC1,Substrate/Subunit Inhibitor of Cyclin-dependent protein kinase,0.00669626686332526,0.44024
YIL118W,RHO3,Ras HOmolog,0.0066954552256405,0.3351
YER091C-A,NA,NA,0.00668037107222129,0.27797
YCL025C,AGP1,high-Affinity Glutamine Permease,0.00665931037504868,0.37594
YDL199C,NA,NA,0.00665782311492925,0.36674
YDR151C,CTH1,Cysteine-Three-Histidine,0.00665726661213774,0.13686
YDL034W,NA,NA,0.00664010737207628,0.09472
YGR102C,GTF1,Glutaminyl Transamidase subunit F,0.00663897282714469,0.28516
YDR312W,SSF2,Suppressor of ste4 (Four),0.00663751107911658,0.09647
YEL045C,NA,NA,0.0066332877507333,0.24766
YMR211W,DML1,Drosophila melanogaster Misato-Like protein,0.0066223959354086304,0.27816
YLR298C,YHC1,Yeast Homolog of human U1C,0.00661584693189207,0.20791
YDR249C,NA,NA,0.00661369387315795,0.22501
YOR204W,DED1,Defines Essential Domain,0.00659751749214817,0.13667
YDR054C,CDC34,Cell Division Cycle,0.00659677938369811,0.13618
YIR034C,LYS1,LYSine requiring,0.00658715791324636,0.3724
YMR116C,ASC1,Absence of growth Suppressor of Cyp1,0.00658209986582975,0.36019
YJL083W,TAX4,NA,0.00658088382763844,0.14664
YPL004C,LSP1,Long chain bases Stimulate Phosphorylation,0.00658087394340221,0.25194
YGL059W,PKP2,Protein Kinase of PDH,0.00656232300887689,0.23937
YBR214W,SDS24,homolog of S. pombe SDS23,0.0065582010816964496,0.16518
YDL082W,RPL13A,Ribosomal Protein of the Large subunit,0.00655443312607135,0.38496
YOR268C,NA,NA,0.00655184734161313,0.3248
YLR232W,NA,NA,0.00654335915913593,0.17493
YPL162C,NA,NA,0.00653818050428811,0.32329
YDR514C,NA,NA,0.0065290976077329,0.40918
YLR264C-A,NA,NA,0.0065259783595621,0.2975
YNR069C,BSC5,Bypass of Stop Codon,0.00652007393856529,0.16565
YDR211W,GCD6,General Control Derepressed,0.00651590664467401,0.04254
YPR086W,SUA7,Suppressor of Upstream AUG,0.0065101687149715,0.17183
YLR402W,NA,NA,0.00650440379424409,0.15199
YIL142W,CCT2,Chaperonin Containing TCP-1,0.00650264728820537,0.13298
YGR059W,SPR3,SPorulation Regulated,0.00650262595934546,0.20264
YGL170C,SPO74,SPOrulation,0.00649248295654798,0.11729
YIL139C,REV7,REVersionless,0.00648409756619356,0.06601
YNL042W,BOP3,Bypass Of Pam1,0.00648032682088077,0.19183
YJL174W,KRE9,Killer toxin REsistant,0.00647956817694335,0.23868
YLR275W,SMD2,NA,0.00647948678399514,0.08804
YFL027C,GYP8,Gtpase-activating protein for Ypt Proteins,0.00646773866875042,0.07479
YGR118W,RPS23A,Ribosomal Protein of the Small subunit,0.00645124297716003,0.2569
YPL017C,IRC15,Increased Recombination Centers,0.00645049424872598,0.30629
YNL107W,YAF9,Yeast homolog of the human leukemogenic protein AF9,0.00644570468495599,0.08003
YJL086C,NA,NA,0.00644105843363636,0.17861
YEL036C,ANP1,ANP and osmotic sensitive,0.00643705960678351,0.22112
YOL119C,MCH4,MonoCarboxylate transporter Homolog,0.00643241390398201,0.38359
YGR036C,CAX4,CAlmodulin-dependent in cmd one two twenty-siX,0.00642980894051541,0.25703
YIL099W,SGA1,Sporulation-specific GlycoAmylase,0.00642566112870925,0.2555
YIL122W,POG1,Promoter Of Growth,0.00642305816413912,0.30986
YAL003W,EFB1,Elongation Factor Beta,0.00642058521203133,0.36958
YNR055C,HOL1,HistidinOl,0.00640994992059724,0.08196
YJR129C,EFM3,Elongation Factor Methyltransferase,0.00639921629499844,0.11064
YBR175W,SWD3,"Set1c, WD40 repeat protein",0.00638586717270179,0.2546
YEL039C,CYC7,CYtochrome C,0.00638568963653647,0.2099
YLR264W,RPS28B,Ribosomal Protein of the Small subunit,0.00636286749316316,0.28106
YER092W,IES5,Ino Eighty Subunit,0.00636259892905918,0.19884
YIL084C,SDS3,Suppressor of Defective Silencing,0.00635728821982777,0.08094
YER055C,HIS1,HIStidine,0.00635645727619891,0.37403
YBR228W,SLX1,Synthetic Lethal of unknown (X) function,0.00635576009303663,0.05036
YPL051W,ARL3,ADP-Ribosylation factor-Like,0.00634614475303916,0.30793
YHR097C,PAL2,Pears And Lemons,0.00632134650299094,0.28519
YGL122C,NAB2,Nuclear polyAdenylated RNA-Binding,0.00631383271989633,0.37025
YDL151C,BUD30,BUD site selection,0.00630004324859025,0.26263
YLR322W,VPS65,Vacuolar Protein Sorting,0.00629972345261597,0.23263
YHR053C,CUP1-1,"Cu, copper, CUPrum",0.00629817954469781,0.28523
YEL037C,RAD23,RADiation sensitive,0.00629567097363251,0.16185
YGR049W,SCM4,Suppressor of Cdc4 Mutation,0.00627922146632128,0.33333
YJL150W,NA,NA,0.00627810054389054,0.20574
YKL006W,RPL14A,Ribosomal Protein of the Large subunit,0.0062756215584344,0.38371
YKL198C,PTK1,Putative serine/Threonine protein Kinase,0.00627274875842453,0.28968
YJL061W,NUP82,NUclear Pore,0.00625810757667035,0.2265
YBR224W,NA,NA,0.0062550930646179,0.20644
YDR446W,ECM11,ExtraCellular Mutant,0.00624391050601702,0.26122
YJR150C,DAN1,Delayed ANaerobic,0.00622705926887052,0.2267
YCL046W,NA,NA,0.00622699435295351,0.20788
YBR261C,TAE1,Translation Associated Element,0.00622299576511539,0.11964
YLR334C,NA,NA,0.00621614965568252,0.1681
YGR214W,RPS0A,Ribosomal Protein of the Small subunit,0.00621398534643035,0.40545
YDR317W,HIM1,High Induced Mutagenesis,0.0062134383166406,0.2113
YER151C,UBP3,UBiquitin-specific Protease,0.00620310119796099,0.30842
YHR187W,IKI1,Insensitive to KIller toxin,0.00619965442268317,0.16518
YDL133W,SRF1,Spo14 Regulatory Factor,0.00619477113013945,0.1122
YBR187W,GDT1,Gcr1 Dependent Translation factor,0.00618981923605483,0.21974
YJR050W,ISY1,Interactor of SYf1p,0.00618021812803083,0.34205
YFL024C,EPL1,Enhancer of Polycomb Like,0.00617546257241614,0.4489
YGR091W,PRP31,Pre-mRNA Processing,0.0061741873005028,0.14753
YGR254W,ENO1,ENOlase,0.00617267262017977,0.33425
YJL170C,ASG7,a-Specific Gene,0.00616386684519533,0.16212
YKL004W,AUR1,AUreobasidin A Resistance,0.00616212497313102,0.16608
YMR110C,HFD1,Homolog of Fatty aldehyde Dehydrogenase,0.00615773357634543,0.37837
YHR049W,FSH1,Family of Serine Hydrolases,0.00615587514786077,0.30124
YDL166C,FAP7,Factor Activating Pos9,0.0061546578040756,0.17032
YDR103W,STE5,STErile,0.00614090492473245,0.14206
YPL202C,AFT2,Activator of Fe (iron) Transcription,0.00613921930881798,0.43305
YJL139C,YUR1,Yeast Unknown Reading frame,0.00613226892774089,0.16758
YKL139W,CTK1,Carboxy-Terminal domain Kinase,0.00611868239207813,0.29516
YGL131C,SNT2,NA,0.00611658025727504,0.26006
YLR333C,RPS25B,Ribosomal Protein of the Small subunit,0.00610195293450025,0.41359
YJL130C,URA2,URAcil requiring,0.00609974757103887,0.15019
YNR015W,SMM1,Suppressor of Mitochondrial Mutation,0.00608959504505382,0.26561
YCR100C,EMA35,Efficient Mitochondria targeting-Associated protein,0.00608084166778009,0.1789
YHR079C,IRE1,Inositol REquiring,0.00605849616071866,0.21571
YHR058C,MED6,MEDiator complex,0.0060581551124519,0.2068
YDR453C,TSA2,Thiol-Specific Antioxidant,0.00605083550648517,0.38188
YPL204W,HRR25,HO and Radiation Repair,0.00604931021737566,0.23406
YEL060C,PRB1,PRoteinase B,0.00604236729807802,0.31246
YPR162C,ORC4,Origin Recognition Complex,0.00603844786633489,0.09169
YNL210W,MER1,MEiotic Recombination,0.00602190330044075,0.22353
YDR291W,HRQ1,Homologous to RecQ protein,0.00601605344709056,0.27982
YBR030W,RKM3,Ribosomal lysine (K) Methyltransferase,0.00601503495981279,0.12088
YCR101C,NA,NA,0.00601007689536588,0.25168
YNR019W,ARE2,Acyl-coenzyme A: cholesterol acyl transferase-Related Enzyme,0.00600959886928066,0.38913
YDR525W-A,SNA2,Sensitivity to NA+,0.00600677426471446,0.18726
YEL041W,YEF1,NA,0.00600450192057051,0.41646
YPR186C,PZF1,Putative Zinc Finger,0.0060027244843976,0.20272
YDR326C,YSP2,Yeast Suicide Protein,0.00599895162638209,0.14977
YJR035W,RAD26,RADiation sensitive,0.00599834096876911,0.10981
YKL110C,KTI12,Kluveromyces lactis Toxin Insensitive,0.00599476894729248,0.29429
YOR291W,YPK9,Yeast ParK9,0.00599438326997067,0.15973
YLR057W,MNL2,MaNnosidase-Like protein,0.00599238348822935,0.36845
YNL096C,RPS7B,Ribosomal Protein of the Small subunit,0.00598343094426739,0.34541
YLR448W,RPL6B,Ribosomal Protein of the Large subunit,0.00597354055626274,0.40451
YOL047C,LDS2,Lipid Droplets in Sporulation,0.00597156018360107,0.22306
YDR257C,RKM4,Ribosomal lysine (K) Methyltransferase,0.00597091681593911,0.33167
YBR198C,TAF5,TATA binding protein-Associated Factor,0.00595438294143083,0.40671
YHR010W,RPL27A,Ribosomal Protein of the Large subunit,0.00595072849725427,0.40617
YJL087C,TRL1,tRNA Ligase,0.0059505328600725,0.36249
YML003W,NA,NA,0.00593525805030248,0.12669
YPL137C,GIP3,Glc7 Interacting Protein,0.00593332511488667,0.41665
YOR392W,NA,NA,0.00592931991873455,0.24058
YLR041W,NA,NA,0.00592346893476037,0.16008
YFL026W,STE2,STErile,0.00592302279249953,0.1182
YGL013C,PDR1,Pleiotropic Drug Resistance,0.0059188372944381,0.29551
YFL050C,ALR2,ALuminum Resistance,0.00591615718980184,0.09364
YML086C,ALO1,"D-Arabinono-1,4-Lactone Oxidase",0.0059006072524142,0.12486
YJR064W,CCT5,Chaperonin Containing TCP-1,0.00589710986819134,0.32823
YER061C,CEM1,Condensing Enzyme with Mitochondrial function,0.00589223332223915,0.30694
YPL046C,ELC1,ELongin C,0.0058872590626745,0.13388
YKR093W,PTR2,Peptide TRansport,0.00587814825892973,0.39771
YER007C-A,TMA20,Translation Machinery Associated,0.00587744491710698,0.09705
YER187W,NA,NA,0.00587671162366582,0.17973
YJL160C,PIR5,Protein with Internal Repeats,0.00586741986398028,0.15944
YER029C,SMB1,SmB/B' homolog,0.00586205882032041,0.34025
YMR265C,NA,NA,0.00585898726424555,0.07569
YHR031C,RRM3,rDNA Recombination Mutation,0.00585679796196501,0.17343
YOR224C,RPB8,RNA Polymerase B,0.00585103872127714,0.31791
YLR152C,NA,NA,0.00584711223785363,0.40052
YPR026W,ATH1,Acid TreHalase,0.00584708355275499,0.21922
YBR055C,PRP6,Pre-mRNA Processing,0.00584451172180121,0.28162
YGL201C,MCM6,MiniChromosome Maintenance,0.00584300700377392,0.19431
YMR121C,RPL15B,Ribosomal Protein of the Large subunit,0.00584068591337609,0.29068
YJL145W,SFH5,Sec Fourteen Homolog,0.00583858253153499,0.11823
YJL195C,NA,NA,0.00583675867877934,0.25417
YKL097C,NA,NA,0.00583670466524944,0.3078
YDR212W,TCP1,Tailless Complex Polypeptide,0.00582373413319564,0.15025
YOR323C,PRO2,PROline requiring,0.00582129973207195,0.26251
YNL133C,FYV6,Function required for Yeast Viability,0.00581770544733577,0.2376
YBR136W,MEC1,Mitosis Entry Checkpoint,0.00581665203353014,0.07204
YER083C,GET2,Guided Entry of Tail-anchored proteins,0.0058140167757326,0.3298
YDL020C,RPN4,Regulatory Particle Non-ATPase,0.0058110922499163,0.41464
YDL042C,SIR2,Silent Information Regulator,0.00580348227579366,0.2367
YOR096W,RPS7A,Ribosomal Protein of the Small subunit,0.00579892072967148,0.27009
YLL048C,YBT1,Yeast Bile Transporter,0.00579791970731861,0.27417
YLR355C,ILV5,IsoLeucine-plus-Valine requiring,0.00579730141431509,0.30055
YMR298W,LIP1,Lag1p/Lac1p Interacting Protein,0.00579304754235417,0.19002
YPL167C,REV3,REVersionless,0.00579157114663766,0.20792
YLR403W,SFP1,Split Finger Protein,0.00578638977680161,0.37016
YPL011C,TAF3,TATA binding protein-Associated Factor,0.00577438676782852,0.29674
YDL114W,NA,NA,0.00576800869854532,0.1507
YPR043W,RPL43A,Ribosomal Protein of the Large subunit,0.00576704757564139,0.43165
YGL103W,RPL28,Ribosomal Protein of the Large subunit,0.00575581950708423,0.40111
YDR203W,NA,NA,0.00575303509047636,0.19992
YPR041W,TIF5,Translation Initiation Factor,0.00574908907281224,0.3645
YHR134W,WSS1,Weak Suppressor of Smt3,0.0057386134824808,0.07874
YMR194W,RPL36A,Ribosomal Protein of the Large subunit,0.00573613343526181,0.40517
YDR346C,SVF1,SurVival Factor,0.00573603367537447,0.10932
YOL109W,ZEO1,ZEOcin resistance,0.00573537556362765,0.26424
YML098W,TAF13,TATA binding protein-Associated Factor,0.00572761989141431,0.16838
YDR466W,PKH3,Pkb-activating Kinase Homolog,0.00572539879741994,0.18174
YDR246W,TRS23,TRapp Subunit,0.00572220507448327,0.28669
YFR032C-A,RPL29,Ribosomal Protein of the Large subunit,0.00571671732133789,0.37529
YKR012C,NA,NA,0.0057134279335376,0.15266
YGL036W,NA,NA,0.0057058233000618,0.41962
YJR032W,CPR7,Cyclosporin-sensitive Proline Rotamase,0.00570568663172615,0.0826
YMR324C,NA,NA,0.00570356596656972,0.36074
YHR029C,YHI9,NA,0.00569022285355773,0.33613
YDR471W,RPL27B,Ribosomal Protein of the Large subunit,0.00568051486829461,0.33264
YDR053W,NA,NA,0.00568036346187168,0.21762
YDR341C,NA,NA,0.00567752656172973,0.29169
YOL094C,RFC4,Replication Factor C,0.0056487964526517704,0.34052
YMR227C,TAF7,TATA binding protein-Associated Factor,0.00564643949276226,0.36669
YBR056W,MRX18,Mitochondrial oRganization of gene eXpression (MIOREX),0.00564546710738492,0.2456
YDR154C,NA,NA,0.00564249880721201,0.2697
YDR472W,TRS31,TRapp Subunit,0.00563953121473516,0.29277
YLR412W,BER1,Benomyl REsistant 1,0.00563927515320275,0.26831
YDR417C,NA,NA,0.00563799752486726,0.18476
YOR234C,RPL33B,Ribosomal Protein of the Large subunit,0.00563296359845203,0.27779
YPL122C,TFB2,Transcription Factor B subunit 2,0.00563139301557162,0.36164
YNL260C,LTO1,required for biogenesis of the Large ribosomal subunit and initiation of Translation in Oxygen,0.00562857955230552,0.10649
YCR018C,SRD1,NA,0.00562426384163601,0.42097
YCR020W-B,HTL1,High-Temperature Lethal,0.00562288719095639,0.2895
YLR293C,GSP1,Genetic Suppressor of Prp20-1,0.00561280769481258,0.26633
YBR256C,RIB5,RIBoflavin biosynthesis,0.00561115327794339,0.16455
YOR060C,SLD7,Synthetic Lethality with Dpb11-24,0.00560780053354452,0.07896
YPR096C,NA,NA,0.00559832664308817,0.18412
YBR119W,MUD1,Mutant U1 Die,0.00559743294363749,0.2979
YER042W,MXR1,peptide Methionine sulfoXide Reductase,0.00559352773528457,0.20812
YOR378W,AMF1,AMmonium Facilitator,0.00558496681725546,0.13868
YDR374C,PHO92,PHOsphate metabolism,0.00558048044487957,0.1942
YOL046C,NA,NA,0.00557367299345438,0.25668
YER045C,ACA1,ATF/CREB Activator,0.00557315370631246,0.38339
YAR002W,NUP60,NUclear Pore,0.00556958687068387,0.17652
YGL148W,ARO2,AROmatic amino acid requiring,0.00556685145754207,0.3116
YOL065C,INP54,INositol polyphosphate 5-Phosphatase,0.00556338155325853,0.18288
YDR416W,SYF1,SYnthetic lethal with cdcForty,0.00556269237783241,0.07573
YOR182C,RPS30B,Ribosomal Protein of the Small subunit,0.00553119508507894,0.304
YPR043W,RPL43A,Ribosomal Protein of the Large subunit,0.00552295190599939,0.32809
YEL059C-A,SOM1,SOrting Mitochondrial,0.00552018754018379,0.33504
YLR010C,TEN1,TElomeric pathways with STn1,0.00551950064898708,0.14667
YPR080W,TEF1,Translation Elongation Factor,0.00551906085751463,0.27722
YPL101W,ELP4,ELongator Protein,0.00551466548467828,0.17431
YDR485C,VPS72,Vacuolar Protein Sorting,0.00551446198265275,0.28376
YKL198C,PTK1,Putative serine/Threonine protein Kinase,0.00551150394349739,0.28934
YDR396W,NA,NA,0.00551068520128945,0.12609
YLR264W,RPS28B,Ribosomal Protein of the Small subunit,0.00550712911730813,0.35496
YGL254W,FZF1,Five Zinc Fingers,0.00549687696126775,0.093410000000000007
YER075C,PTP3,Protein Tyrosine Phosphatase,0.0054786010664681,0.17024
YHR094C,HXT1,HeXose Transporter,0.00546854586668799,0.32025
YLR278C,NA,NA,0.00546412464285237,0.13291
YDL177C,NA,NA,0.00545447386750392,0.05806
YNL178W,RPS3,Ribosomal Protein of the Small subunit,0.00544264799830031,0.42498
YNR029C,NA,NA,0.00544157992457054,0.375
YKL151C,NNR2,Nicotinamide Nucleotide Repair,0.00543843730822697,0.24767
YCR066W,RAD18,RADiation sensitive,0.0054374014883276,0.34003
YMR316W,DIA1,Digs Into Agar,0.00542577293978233,0.26272
YDR179W-A,NVJ3,Nucleus-Vacuole Junction,0.0054191945634674,0.18112
YJL154C,VPS35,Vacuolar Protein Sorting,0.00541626731753395,0.31079
YDR180W,SCC2,Sister Chromatid Cohesion,0.00541597782554202,0.32968
YBR193C,MED8,MEDiator complex,0.00541446985856475,0.33913
YPR142C,NA,NA,0.00541388138674861,0.22537
YOR043W,WHI2,WHIskey,0.0054050556944556,0.18418
YKL006W,RPL14A,Ribosomal Protein of the Large subunit,0.00538975327126069,0.42152
YGL189C,RPS26A,Ribosomal Protein of the Small subunit,0.0053869052281046,0.36222
YJL034W,KAR2,KARyogamy,0.00538581045509072,0.41859
YDR357C,CNL1,CNo-Like,0.0053841753675035,0.16632
YLR138W,NHA1,Na+/H+ Antiporter,0.00537986434338615,0.04599
YJL197W,UBP12,UBiquitin-specific Protease,0.00537431188697298,0.25177
YLR031W,NA,NA,0.0053704160832336,0.22063
YLR065C,SND2,SRP-iNDependent targeting,0.00536936200560549,0.30675
YGR054W,NA,NA,0.00536828936918185,0.17951
YLR117C,CLF1,Crooked neck-Like Factor,0.00536488669240991,0.24669
YLR200W,YKE2,Yeast ortholog of mouse KE2,0.00535870234077402,0.12685
YJL111W,CCT7,Chaperonin Containing TCP-1,0.00535424323072527,0.27235
YNL261W,ORC5,Origin Recognition Complex,0.00535038130383396,0.32454
YML096W,NA,NA,0.00535010252882432,0.23976
YGL025C,PGD1,PolyGlutamine Domain,0.00533832276293758,0.36912
YOR371C,GPB1,NA,0.00533498423572508,0.19823
YER040W,GLN3,GLutamiNe metabolism,0.00532571331059601,0.31963
YLR399C,BDF1,BromoDomain Factor,0.00532230864273187,0.37497
YGR278W,CWC22,Complexed With Cef1p,0.00531678891530373,0.32753
YIL052C,RPL34B,Ribosomal Protein of the Large subunit,0.00530572146714691,0.35048
YLR199C,PBA1,Proteasome Biogenesis-Associated,0.00530544427262764,0.26919
YOR166C,SWT1,Synthetically lethal With Trex,0.00530351441159412,0.1237
YBR191W,RPL21A,Ribosomal Protein of the Large subunit,0.00530159466807799,0.41296
YKL197C,PEX1,PEroXin,0.00529959858473409,0.20524
YDR483W,KRE2,Killer toxin REsistant,0.0052990633252521,0.24716
YIL161W,NA,NA,0.00528342833571869,0.18885
YBR167C,POP7,Processing Of Precursor RNAs,0.00528272893098724,0.25711
YLL033W,IRC19,Increased Recombination Centers,0.00527371201514763,0.08759
YBR147W,RTC2,Restriction of Telomere Capping,0.00527119291057055,0.33216
YOR304W,ISW2,Imitation SWitch subfamily,0.00525432626022244,0.20958
YKR080W,MTD1,Methylene Tetrahydrafolate Dehydrogenase,0.00525378532459418,0.42686
YMR196W,NA,NA,0.00524992060242015,0.37421
YNL230C,ELA1,ELongin A,0.0052494191581907,0.38184
YPR197C,NA,NA,0.00524794983314099,0.23673
YBR109W-A,NA,NA,0.00524405840079055,0.17476
YMR070W,MOT3,Modifier of Transcription,0.00524384959457987,0.2172
YBR074W,PFF1,Protease in FXNA-related Family,0.00524124504115272,0.20965
YIL011W,TIR3,TIp1-Related,0.00523997489329418,0.32689
YKL224C,PAU16,seriPAUperin,0.0052348673150627,0.39169
YMR222C,FSH2,Family of Serine Hydrolases,0.00522695727292913,0.40534
YOR311C,DGK1,DiacylGlycerol Kinase,0.00522433988474295,0.37957
YIL086C,NA,NA,0.0052235524319756,0.28543
YGL178W,MPT5,Multicopy suppressor of Pop Two,0.00521914488759831,0.32753
YER013W,PRP22,Pre-mRNA Processing,0.00521860077930984,0.09318
YML023C,NSE5,Non-SMC Element 5,0.00521272530175673,0.34565
YFL003C,MSH4,MutS Homolog,0.00520330916177847,0.08479
YNL086W,SNN1,SNapiN,0.00520086680070075,0.25692
YKL182W,FAS1,Fatty Acid Synthetase,0.00519946924606194,0.24593
YBR085W,AAC3,ADP/ATP Carrier,0.00519706049857977,0.31098
YHR118C,ORC6,Origin Recognition Complex,0.00519338944946589,0.20082
YDR081C,PDC2,Pyruvate DeCarboxylase,0.00518801179708725,0.39194
YLR445W,GMC2,Grand Meiotic recombination Cluster,0.00518768670292232,0.19557
YLR048W,RPS0B,Ribosomal Protein of the Small subunit,0.00518667489252447,0.4147
YNL255C,GIS2,GIg Suppressor,0.00518663276881155,0.37838
YML107C,PML39,Pre-mRNA Leakage,0.00518604945492759,0.34371
YDL057W,NA,NA,0.00518218250783541,0.35729
YJL027C,NA,NA,0.00518105018907038,0.29084
YMR043W,MCM1,MiniChromosome Maintenance,0.00518014175276144,0.43914
YNL007C,SIS1,SIt4 Suppressor,0.00517277941495304,0.39264
YHR021C,RPS27B,Ribosomal Protein of the Small subunit,0.00516653236087511,0.43592
YPL148C,PPT2,Phosphopantetheine:Protein Transferase,0.00516639826815683,0.21094
YPL143W,RPL33A,Ribosomal Protein of the Large subunit,0.00516473070438231,0.38217
YLR288C,MEC3,Mitosis Entry Checkpoint,0.0051612213133207,0.34806
YIL071C,PCI8,Proteasome-COP9 signalosome (CSN)-eIF3,0.00515401868873302,0.17108
YNL017C,NA,NA,0.00514432050523624,0.22803
YDL023C,NA,NA,0.00514213374955798,0.32442
YHL042W,NA,NA,0.00514067594394384,0.20172
YDR520C,URC2,URacil Catabolism,0.00513630257945154,0.38637
YJL110C,GZF3,Gata Zinc Finger protein,0.0051345065689089,0.22965
YCR099C,NA,NA,0.00513378016685656,0.23417
YKR086W,PRP16,Pre-mRNA Processing,0.00511503034265425,0.10883
YOL013W-A,NA,NA,0.00511168112126633,0.26127
YBR032W,NA,NA,0.00510854646969093,0.25083
YOR394W,PAU21,seriPAUperin,0.00510567891010435,0.43929
YMR213W,CEF1,CErevisiae homolog of cdc Five,0.00510428422818538,0.3859
YLR406C,RPL31B,Ribosomal Protein of the Large subunit,0.00510130155201777,0.38801
YOR024W,NA,NA,0.00509109768169605,0.27656
YDR506C,GMC1,Grand Meiotic recombination Cluster,0.00508564491978114,0.2989
YJL188C,BUD19,BUD site selection,0.00508385817727839,0.28642
YBR280C,SAF1,SCF Associated Factor,0.00507674427018478,0.23049
YOL014W,NA,NA,0.00507182353318128,0.2408
YDR160W,SSY1,Sulfonylurea Sensitive on YPD,0.00506133772942355,0.06042
YKL114C,APN1,APurinic/apyrimidinic eNdonuclease,0.0050520499962226,0.38861
YHL007C,STE20,STErile,0.00504604020976788,0.1964
YDR531W,CAB1,Coenzyme A Biosynthesis,0.00504503266666525,0.32683
YDL081C,RPP1A,Ribosomal Protein P1 Alpha,0.0050448798792814,0.29542
YMR223W,UBP8,UBiquitin-specific processing Protease,0.00504234644191842,0.38682
YJL177W,RPL17B,Ribosomal Protein of the Large subunit,0.00503983972789753,0.38355
YPL189W,GUP2,Glycerol UPtake,0.00503959359142576,0.20229
YNR066C,NA,NA,0.00501196258814473,0.17211
YJL041W,NSP1,NucleoSkeletal-like Protein,0.00501079312447909,0.2219
YDL228C,NA,NA,0.00500826126632715,0.30198
YIL038C,NOT3,Negative On TATA,0.0050081998457642,0.27879
YCR028C,FEN2,FENpropimorph resistance,0.00500644924578521,0.11626
YER144C,UBP5,UBiquitin-specific Protease,0.00499752020727041,0.30091
YAL029C,MYO4,MYOsin,0.00499630242645587,0.24393
YLR321C,SFH1,Snf Five Homolog,0.00499194123098573,0.41509
YOR141C,ARP8,Actin-Related Protein,0.00498186984630728,0.12584
YER172C,BRR2,Bad Response to Refrigeration,0.00497493147194676,0.15865
YPL090C,RPS6A,Ribosomal Protein of the Small subunit,0.00497120819665046,0.3823
YIL066W-A,NA,NA,0.00496900628021049,0.27372
YKL005C,BYE1,BYpass of ESS1,0.00496548183710281,0.2599
YOR169C,NA,NA,0.00495892663062979,0.20077
YOR164C,GET4,Guided Entry Tail-anchored proteins,0.00495740075755448,0.25988
YJL024C,APS3,clathrin Associated Protein complex Small subunit,0.0049516671407105,0.09566
YNL328C,MDJ2,Mitochondrial DnaJ homolog,0.00494943311009645,0.17803
YGR195W,SKI6,SuperKIller,0.00493540808584644,0.39598
YLL053C,NA,NA,0.00493041568968814,0.41235
YER147C,SCC4,Sister Chromatid Cohesion,0.00492963102184021,0.11687
YKR082W,NUP133,NUclear Pore,0.00492940014441865,0.18359
YGR056W,RSC1,Remodel the Structure of Chromatin,0.0049286651893023,0.31483
YOR271C,FSF1,Fungal SideroFlexin 1,0.00490801589313886,0.28709
YLR172C,DPH5,DiPHthamide,0.00490677192688936,0.39882
YMR136W,GAT2,NA,0.00490402605001053,0.25493
YLR431C,ATG23,AuTophaGy related,0.00490236098690814,0.40143
YLR024C,UBR2,NA,0.0048982499267538,0.26563
YDR190C,RVB1,RuVB-like,0.00489588055025253,0.42795
YGR155W,CYS4,CYStathionine beta-synthase,0.00488486676839389,0.31234
YJR025C,BNA1,Biosynthesis of Nicotinic Acid,0.00488408571642113,0.32543
YOR235W,IRC13,Increased Recombination Centers,0.00487832489283847,0.33018
YOL039W,RPP2A,Ribosomal Protein P2 Alpha,0.00487679578569878,0.37799
YOR322C,LDB19,Low Dye Binding,0.00487584053844756,0.14251
YCR059C,YIH1,Yeast Impact Homolog,0.00487026206316115,0.22586
YDL182W,LYS20,LYSine requiring,0.00486242115483767,0.44928
YJR036C,HUL4,Hect Ubiquitin Ligase,0.00486085016298862,0.21478
YHR097C,PAL2,Pears And Lemons,0.00485979858817617,0.23271
YAL018C,LDS1,Lipid Droplets in Sporulation,0.00485973165048007,0.12479
YIR035C,NRE1,Novel REductase,0.00485486057646096,0.26722
YKL010C,UFD4,Ubiquitin Fusion Degradation protein,0.00484930628258824,0.14667
YOR096W,RPS7A,Ribosomal Protein of the Small subunit,0.00484901685189463,0.37079
YOR385W,NA,NA,0.00484507477639037,0.18963
YBL055C,NA,NA,0.0048336033848929,0.23636
YGL073W,HSF1,Heat Shock transcription Factor,0.0048284141460742,0.39258
YDL030W,PRP9,Pre-mRNA Processing,0.00482478501281031,0.237
YMR207C,HFA1,NA,0.00481222084293366,0.15499
YBL070C,NA,NA,0.00480951875852171,0.26667
YMR242C,RPL20A,Ribosomal Protein of the Large subunit,0.00479165711744466,0.39944
YGL154C,LYS5,LYSine requiring,0.0047916272526739,0.38594
YDR221W,GTB1,Glucosidase Two Beta-subunit,0.00478971026466697,0.19803
YAL058W,CNE1,CalNExin and calreticulin homolog,0.00478442072365461,0.05706
YOR212W,STE4,STErile,0.00478276520706272,0.20206
YDR370C,DXO1,Decapping eXOnuclease,0.00477605875302711,0.39793
YJL177W,RPL17B,Ribosomal Protein of the Large subunit,0.00477502931397162,0.43412
YMR230W,RPS10B,Ribosomal Protein of the Small subunit,0.00477416593160833,0.26838
YER010C,NA,NA,0.00477238259402096,0.25748
YNR060W,FRE4,Ferric REductase,0.00476631308875579,0.34162
YMR234W,RNH1,RNase H,0.00476322321166808,0.29435
YER056C-A,RPL34A,Ribosomal Protein of the Large subunit,0.0047605370901681,0.41754
YDR065W,RRG1,Required for Respiratory Growth,0.00475966301279369,0.17165
YOR134W,BAG7,NA,0.00475601291701785,0.31906
YDL061C,RPS29B,Ribosomal Protein of the Small subunit,0.00475585752663192,0.26797
YMR245W,NA,NA,0.00475366334766642,0.3311
YJL129C,TRK1,TRansport of potassium (K),0.00474817645596849,0.2302
YMR101C,SRT1,Suppressor of Rer-Two,0.00474710059925694,0.20477
YDR526C,NA,NA,0.00474335955357783,0.31795
YLR028C,ADE16,ADEnine,0.00474070361721889,0.29887
YGL035C,MIG1,Multicopy Inhibitor of GAL gene expression,0.00473384310295654,0.18659
YPL020C,ULP1,UbL-specific Protease,0.00472468585779848,0.26803
YLR441C,RPS1A,Ribosomal Protein of the Small subunit,0.00472414989194121,0.37358
YLR255C,NA,NA,0.00472353318591797,0.30086
YPL105C,SYH1,SmY2 Homolog,0.00471464029869573,0.41135
YML072C,TCB3,Three Calcium and lipid Binding domains (TriCalBins),0.00471302228346901,0.23308
YBR265W,TSC10,Temperature-sensitive Suppressors of Csg2 mutants,0.00470375378945682,0.39869
YLR263W,RED1,REDuctional division,0.00469980733742357,0.12599
YFR023W,PES4,Polymerase Epsilon Suppressor,0.00469910787233819,0.15474
YPL055C,LGE1,LarGE cells,0.00469762026600302,0.28599
YOR281C,PLP2,Phosducin-Like Protein,0.00469014755195097,0.24962
YMR137C,PSO2,PSOralen derivative sensitive,0.00468918184000698,0.28159
YGR148C,RPL24B,Ribosomal Protein of the Large subunit,0.00468889678869307,0.44101
YJL163C,NA,NA,0.00468480382508742,0.27034
YLR185W,RPL37A,Ribosomal Protein of the Large subunit,0.00468404840971844,0.44529
YBL076C,ILS1,IsoLeucine-tRNA Synthetase,0.00468387726974045,0.37267
YBR202W,MCM7,MiniChromosome Maintenance,0.0046777749337624,0.39992
YJR049C,UTR1,Unidentified TRanscript,0.00467374930155246,0.3087
YNL096C,RPS7B,Ribosomal Protein of the Small subunit,0.00467364382518455,0.32502
YNL017C,NA,NA,0.0046720280439632,0.25006
YKL079W,SMY1,Suppressor of MYo2-66,0.0046559726685844,0.36471
YKL006W,RPL14A,Ribosomal Protein of the Large subunit,0.00464702862677524,0.39192
YFL055W,AGP3,high-Affinity Glutamine Permease,0.00464143920602602,0.25194
YDR441C,APT2,Adenine PhosphoribosylTransferase,0.00464020989379337,0.06784
YJR128W,NA,NA,0.00462850565617258,0.22259
YJL186W,MNN5,MaNNosyltransferase,0.0046283154640131,0.27905
YNL069C,RPL16B,Ribosomal Protein of the Large subunit,0.00462398465523857,0.40502
YOL134C,NA,NA,0.00462315838182935,0.27073
YBR255W,MTC4,Maintenance of Telomere Capping,0.00462214789738483,0.31614
YLR219W,MSC3,Meiotic Sister-Chromatid recombination,0.00462130733549989,0.32538
YPL205C,NA,NA,0.00462067513678478,0.22965
YCR053W,THR4,THReonine requiring,0.00461711450502617,0.39453
YPR170C,NA,NA,0.00461576831511141,0.19969
YCR006C,NA,NA,0.00461123841930969,0.24164
YER074W,RPS24A,Ribosomal Protein of the Small subunit,0.00461087425699487,0.39719
YOL037C,NA,NA,0.00460382031591765,0.15727
YER041W,YEN1,NA,0.00460298458615576,0.09211
YGR285C,ZUO1,ZUOtin,0.0046025969953704,0.34441
YGR121C,MEP1,NA,0.00460223516658614,0.45284
YGR206W,MVB12,MultiVesicular Body sorting factor of 12 kilodaltons,0.0046018016551646,0.25409
YHR111W,UBA4,UBiquitin-Activating,0.00459738685738541,0.08491
YNL105W,RRT16,Regulator of rDNA Transcription,0.00459221449683352,0.25323
YLR344W,RPL26A,Ribosomal Protein of the Large subunit,0.00459089344623293,0.39689
YLR443W,ECM7,ExtraCellular Mutant,0.00459074591823591,0.35678
YOR167C,RPS28A,Ribosomal Protein of the Small subunit,0.00458847798419572,0.29412
YLR029C,RPL15A,Ribosomal Protein of the Large subunit,0.00458526245183262,0.39734
YPL080C,NA,NA,0.00458497897082032,0.27795
YCR014C,POL4,POLymerase,0.00457893443638692,0.14642
YDR153C,ENT5,Epsin N-Terminal homology,0.00457741756885638,0.36987
YOR258W,HNT3,Histidine triad NucleoTide-binding,0.0045739451773162,0.26918
YLR405W,DUS4,DihydroUridine Synthase,0.0045671765580445,0.35908
YNL317W,PFS2,Polyadenylation Factor Subunit,0.00456661504195899,0.33533
YGL183C,MND1,Meiotic Nuclear Divisions,0.00456519720099023,0.1352
YKL063C,NA,NA,0.00456511916535595,0.32038
YER184C,TOG1,Transcriptional regulator of Oleate utilization Genes,0.00456498668702619,0.16444
YPL025C,NA,NA,0.00454750621398468,0.23151
YKL075C,NA,NA,0.00454692366184829,0.27597
YLR048W,RPS0B,Ribosomal Protein of the Small subunit,0.00454576899981335,0.39001
YBR079C,RPG1,NA,0.00453913989009369,0.24562
YNL029C,KTR5,Kre Two Related,0.00453620361843057,0.16469
YNL162W,RPL42A,Ribosomal Protein of the Large subunit,0.00453386260572937,0.35528
YGL222C,EDC1,Enhancer of mRNA DeCapping,0.00453346200999457,0.28404
YJL047C,RTT101,Regulator of Ty1 Transposition,0.00453047046934878,0.09771
YNL153C,GIM3,Gene Involved in Microtubule biogenesis,0.00452893377148339,0.2478
YMR057C,NA,NA,0.00451939375137933,0.28544
YDL108W,KIN28,protein KINase,0.00451801734257821,0.31613
YPR097W,NA,NA,0.00451346088651947,0.17452
YML063W,RPS1B,Ribosomal Protein of the Small subunit,0.00451202854747224,0.40917
YJL177W,RPL17B,Ribosomal Protein of the Large subunit,0.00450819302935968,0.39676
YBR296C,PHO89,PHOsphate metabolism,0.00450725820373324,0.35102
YHR195W,NVJ1,Nucleus-Vacuole Junction,0.00450594149485332,0.33881
YBR102C,EXO84,EXOcyst,0.00449400822259537,0.21702
YBR229C,ROT2,Reversal Of Tor2 lethality,0.00449200105058149,0.16885
YLR227C,ADY4,Accumulation of DYads,0.00448590361308057,0.43429
YBL025W,RRN10,Regulation of RNA polymerase I,0.00448572243478228,0.31037
YIR033W,MGA2,Multicopy suppressor of GAm1 (snf2),0.00448550012349853,0.43104
YBR166C,TYR1,TYRosine,0.00448376415226835,0.12343
YPL192C,PRM3,Pheromone-Regulated Membrane protein,0.00447942731118273,0.25797
YGR254W,ENO1,ENOlase,0.00447778738177762,0.43294
YLL030C,RRT7,Regulator of rDNA Transcription,0.00447678824720661,0.20069
YKL060C,FBA1,"Fructose-1,6-Bisphosphate Aldolase",0.00447599998287336,0.21615
YDR217C,RAD9,RADiation sensitive,0.00447380684267322,0.23361
YLR076C,NA,NA,0.00447319925186251,0.33909
YLR047C,FRE8,NA,0.00446688087899362,0.14188
YNL017C,NA,NA,0.00446138233162328,0.25689
YPL095C,EEB1,Ethyl Ester Biosynthesis,0.00445103336421777,0.15043
YGL105W,ARC1,Aminoacyl-tRNA synthetase Cofactor,0.00444722075389607,0.1975
YLR211C,ATG38,AuTophaGy related,0.00444627212092672,0.27983
YNR010W,CSE2,Chromosome SEgregation,0.00444512909234436,0.34297
YKR019C,IRS4,Increased rDNA Silencing,0.00444348587814019,0.10854
YLR366W,NA,NA,0.0044397961718959,0.24664
YGR276C,RNH70,RNase H,0.00443906246335485,0.11962
YDR294C,DPL1,Dihydrosphingosine Phosphate Lyase,0.00443351565837424,0.18214
YOR162C,YRR1,Yeast Reveromycin-A Resistant,0.00442618079041382,0.43726
YHR077C,NMD2,Nonsense-mediated MRNA Decay,0.00442513055666911,0.37528
YNL004W,HRB1,Hypothetical RNA-Binding protein,0.00442101693645576,0.43729
YBR076W,ECM8,ExtraCellular Mutant,0.00441896153625488,0.35164
YDR242W,AMD2,AMiDase,0.00441441150966838,0.22465
YDL041W,NA,NA,0.00441387154527785,0.32221
YDR179C,CSN9,Cop9 SigNalosome subunit,0.00440700810383245,0.24307
YLR453C,RIF2,Rap1p-Interacting Factor,0.00440257951247277,0.10678
YAR018C,KIN3,protein KINase,0.00439566526346968,0.38742
YMR052C-A,NA,NA,0.00439152916092245,0.22412
YOL091W,SPO21,SPOrulation,0.00438919432336156,0.3163
YOR262W,GPN2,Gly-Pro-Asn (N) motif,0.00438690108731573,0.20272
YDL187C,NA,NA,0.00438462322387458,0.26793
YGR138C,TPO2,Transporter of POlyamines,0.00438216299584963,0.40336
YML046W,PRP39,Pre-mRNA Processing,0.00437399717026736,0.28995
YER185W,PUG1,Protoporphyrin Uptake Gene,0.00437286759946945,0.35012
YBR068C,BAP2,Branched-chain Amino acid Permease,0.00436968919542855,0.29755
YPR070W,MED1,MEDiator complex,0.0043662675343452,0.21552
YLL055W,YCT1,Yeast Cysteine Transporter,0.00436066931898485,0.44356
YOL006C,TOP1,TOPoisomerase,0.00435799701881818,0.41111
YGL014W,PUF4,PUmilio-homology domain Family,0.00435084410078377,0.35926
YDR336W,MRX8,Mitochondrial oRganization of gene eXpression (MIOREX),0.00434943173274873,0.33756
YGL030W,RPL30,Ribosomal Protein of the Large subunit,0.00434887720272249,0.38731
YDR418W,RPL12B,Ribosomal Protein of the Large subunit,0.00434887418145334,0.38793
YNL109W,NA,NA,0.00434381807470387,0.29981
YLR213C,CRR1,CRH-Related,0.00434171498873976,0.36763
YBR082C,UBC4,UBiquitin-Conjugating,0.00432669792696291,0.17472
YNL038W,GPI15,GlycosylPhosphatidylInositol anchor biosynthesis,0.00432215388204249,0.38491
YDL035C,GPR1,G-Protein coupled Receptor,0.00432108231896563,0.10353
YER007W,PAC2,Perish in the Absence of Cin8p,0.00431963654238037,0.08732
YDR049W,VMS1,VCP/Cdc48-associated Mitochondrial Stress-responsive,0.00431707928154585,0.38907
YHR025W,THR1,THReonine requiring,0.00431539708966043,0.31614
YOL067C,RTG1,ReTroGrade regulation,0.00431283432639399,0.30672
YBR023C,CHS3,CHitin Synthase-related,0.00429806824750366,0.39121
YIL009W,FAA3,Fatty Acid Activation,0.00429560133370133,0.19314
YIR005W,IST3,Increased Sodium Tolerance,0.00429458155343528,0.27345
YDL210W,UGA4,Utilization of GAba,0.0042922030881441,0.26358
YJL149W,DAS1,Dst1-delta 6-Azauracil Sensitivity,0.0042784974219518,0.16923
YIL030C,SSM4,Suppressor of mrna Stability Mutant,0.00427475338667295,0.24636
YLR048W,RPS0B,Ribosomal Protein of the Small subunit,0.00426179040043016,0.32444
YER176W,ECM32,ExtraCellular Mutant,0.00425908109342875,0.1827
YNR034W-A,EGO4,Exit from rapamycin-induced GrOwth arrest,0.00425261138009303,0.44867
YBR019C,GAL10,GALactose metabolism,0.00425026187221637,0.1368
YLR320W,MMS22,Methyl MethaneSulfonate sensitivity,0.00424748713879955,0.21238
YBL084C,CDC27,Cell Division Cycle,0.00424352144096361,0.44692
YPR102C,RPL11A,Ribosomal Protein of the Large subunit,0.00424277611570566,0.43136
YDR002W,YRB1,Yeast Ran Binder,0.00424127168662897,0.28677
YPL174C,NIP100,Nuclear ImPort,0.00424086407451267,0.09601
YDR418W,RPL12B,Ribosomal Protein of the Large subunit,0.00423377014070841,0.35007
YKR094C,RPL40B,Ribosomal Protein of the Large subunit,0.00423241009045522,0.38725
YIL046W,MET30,METhionine requiring,0.00422871530293278,0.40424
YOR370C,MRS6,Mitochondrial RNA Splicing,0.00422748287345348,0.33796
YPL039W,NA,NA,0.00421596925649451,0.10239
YPR172W,NA,NA,0.0042133944274018,0.2844
YKL183W,LOT5,LOw Temperature-responsive,0.00421300258443037,0.23838
YIL067C,NA,NA,0.00421272207136173,0.25642
YAR028W,NA,NA,0.00420871865721755,0.18169
YNL316C,PHA2,PHenylAlanine requiring,0.00420426777393993,0.36864
YOR118W,RTC5,Restriction of Telomere Capping,0.00419779452428863,0.23475
YOR071C,NRT1,Nicotinamide Riboside Transporter,0.00419438820134255,0.23176
YMR288W,HSH155,Human Sap Homolog,0.0041895381861738,0.2412
YMR214W,SCJ1,S. Cerevisiae DnaJ,0.00418910367713322,0.32462
YPR094W,RDS3,Regulator of Drug Sensitivity,0.00418618204919554,0.15989
YJL132W,NA,NA,0.00418616275704145,0.34957
YIR025W,MND2,Meiotic Nuclear Divisions,0.0041799702077414,0.2253
YCL067C,HMLALPHA2,Hidden Mat Left ALPHA,0.00416679518493044,0.40182
YHR010W,RPL27A,Ribosomal Protein of the Large subunit,0.00416450410302295,0.30555
YCL038C,ATG22,AuTophaGy related,0.00416334718272294,0.4336
YOR063W,RPL3,Ribosomal Protein of the Large subunit,0.00416206865694115,0.25371
YER038W-A,FMP49,Found in Mitochondrial Proteome,0.00415833183740305,0.21271
YIL165C,NA,NA,0.0041538227461723,0.2415
YGR085C,RPL11B,Ribosomal Protein of the Large subunit,0.00414648978429251,0.45655
YHL006W-A,NA,NA,0.0041445312026061,0.22166
YPL254W,HFI1,Histone H2A Functional Interactor,0.00414067844086408,0.39464
YNL158W,PGA1,Processing of Gas1p and ALP,0.00414045467231157,0.19184
YML105C,SEC65,SECretory,0.00413272467201401,0.20933
YNL276C,NA,NA,0.00412702648291487,0.34495
YEL030W,ECM10,ExtraCellular Mutant,0.00412280088753329,0.23842
YPL079W,RPL21B,Ribosomal Protein of the Large subunit,0.00412000362722205,0.38259
YLL036C,PRP19,Pre-RNA Processing,0.00411987394297648,0.3905
YGL150C,INO80,INOsitol requiring,0.00411884997800594,0.17442
YJR010C-A,SPC1,Signal Peptidase Complex,0.00411362686243438,0.25956
YDR139C,RUB1,Related to UBiquitin,0.00411315378651719,0.33296
YIL164C,NIT1,NITrilase superfamily,0.00410291689466808,0.26403
YOR167C,RPS28A,Ribosomal Protein of the Small subunit,0.00410176829074453,0.40792
YPL113C,NA,NA,0.00409955261660828,0.43537
YOR348C,PUT4,Proline UTilization,0.00409650905825773,0.46826
YML103C,NUP188,NUclear Pore,0.00409463447403595,0.25044
YCR095C,OCA4,Oxidant-induced Cell-cycle Arrest,0.00409423105690162,0.19193
YEL021W,URA3,URAcil requiring,0.00409352823082039,0.28894
YDR240C,SNU56,Small NUclear ribonucleoprotein associated,0.00409170209293335,0.29662
YKR062W,TFA2,"Transcription Factor a, subunit 2",0.00408524417177233,0.13511
YBR190W,NA,NA,0.00408479227641406,0.28991
YHR068W,DYS1,DeoxyhYpusine Synthase,0.00407990986090346,0.3433
YDL086W,NA,NA,0.00406648489780037,0.34441
YLR265C,NEJ1,Nonhomologous End-Joining defective,0.00406541493506013,0.18724
YJL016W,TPH3,Twin PH domain-3,0.00406268489825735,0.40951
YOL043C,NTG2,eNdonuclease Three-like Glycosylase,0.00405384576282847,0.14063
YPL069C,BTS1,Bet Two Suppressor,0.00404838566270396,0.22454
YNL024C,EFM6,Elongation Factor Methyltransferase,0.00404600884809414,0.33303
YBR189W,RPS9B,Ribosomal Protein of the Small subunit,0.00403794366542532,0.43645
YHR160C,PEX18,PEroXin,0.0040361081109498,0.29396
YDR491C,NA,NA,0.00403506005933003,0.19893
YML035C,AMD1,AMP Deaminase,0.00403305506693252,0.24628
YER064C,VHR2,VHt1 Regulator,0.00403251255425968,0.36908
YPR182W,SMX3,NA,0.00403199436279003,0.43975
YLR444C,NA,NA,0.00402979009639392,0.31676
YHR030C,SLT2,Suppressor of the LyTic phenotype,0.00402978331677733,0.40932
YNL080C,EOS1,ER-localized and Oxidants Sensitive,0.00402944056469774,0.15371
YHR049C-A,NA,NA,0.00402106314722735,0.23352
YER180C,ISC10,message Induced in Sporogenesis in S. Cerevisiae,0.00401634365722073,0.43753
YPL220W,RPL1A,Ribosomal Protein of the Large subunit,0.00401532239468996,0.32021
YOR304C-A,BIL1,Bud6-Interacting Ligand,0.00401347075735223,0.14143
YHR157W,REC104,RECombination,0.00400991504706615,0.20239
YLR242C,ARV1,ARE2 Required for Viability,0.00400951565525439,0.27144
YKR032W,NA,NA,0.00399784869670409,0.3307
YDL022W,GPD1,Glycerol-3-Phosphate Dehydrogenase,0.00399070651420909,0.39502
YJR145C,RPS4A,Ribosomal Protein of the Small subunit,0.0039885103016806,0.243
YGL238W,CSE1,Chromosome SEgregation,0.00398511289325233,0.22502
YMR009W,ADI1,Acireductone DIoxygenase,0.00398037098467085,0.41987
YCL001W-A,NA,NA,0.00397986944403276,0.21367
YCL065W,NA,NA,0.00397823177918992,0.39471
YLL018C,DPS1,NA,0.00397332616421361,0.25354
YKL154W,SRP102,Signal Recognition Particle,0.0039709647364034,0.37677
YPL022W,RAD1,RADiation sensitive,0.00397078781662508,0.1455
YOL078W,AVO1,Adheres VOraciously (to TOR2),0.00396519739200729,0.12685
YLR432W,IMD3,IMP Dehydrogenase,0.00396229827694725,0.41473
YPL237W,SUI3,SUppressor of Initiator codon,0.0039511318703646,0.2249
YOR152C,ATG40,AuTophaGy related,0.00394852553438465,0.34434
YGL079W,KXD1,KxDL homolog,0.0039391517189485,0.29265
YBR195C,MSI1,Multicopy Suppressor of IRA1,0.00393832580307459,0.43517
YDR003W,RCR2,Resistance to Congo Red,0.00393681337011889,0.33415
YNL128W,TEP1,TEnsin-like Phosphatase,0.00393589690398758,0.14505
YDL109C,NA,NA,0.00392030534870413,0.11535
YOR237W,HES1,Homologous to kES1,0.00392029851106964,0.25285
YDR026C,NSI1,NTS1 SIlencing protein 1,0.00391962265492658,0.29176
YLR075W,RPL10,Ribosomal Protein of the Large subunit,0.0039180398685351,0.38347
YBR203W,COS111,Ciclopirox Olamine Sensitive,0.00391435259204045,0.33484
YFL012W,NA,NA,0.0039036179888605,0.23404
YMR112C,MED11,MEDiator complex,0.00389298779307063,0.38574
YGR024C,THG1,tRNAHis Guanylyltransferase,0.00388789731301664,0.19189
YKL153W,NA,NA,0.00388412362560544,0.33129
YHR056W-A,NA,NA,0.00388188917591094,0.18926
YLR162W,NA,NA,0.00387867571779809,0.33366
YKL202W,NA,NA,0.0038769432588394,0.30278
YER131W,RPS26B,Ribosomal Protein of the Small subunit,0.00387627041588836,0.39339
YEL062W,NPR2,Nitrogen Permease Regulator,0.00387026787461732,0.35096
YCL011C,GBP2,G-strand Binding Protein,0.00386697075803482,0.18502
YLR044C,PDC1,Pyruvate DeCarboxylase,0.00386388423780405,0.36999
YKL176C,LST4,Lethal with Sec Thirteen,0.00386275310904996,0.33209
YOL133W,HRT1,High level expression Reduces Ty3 transposition,0.00385356483656177,0.19408
YMR143W,RPS16A,Ribosomal Protein of the Small subunit,0.00384485103059691,0.30192
YHR133C,NSG1,NA,0.00384103981677222,0.21115
YJL009W,NA,NA,0.00383557547804673,0.21622
YKL020C,SPT23,SuPpressor of Ty,0.00382973740184321,0.14429
YDR017C,KCS1,pKC1 Suppressor,0.00382780186032299,0.35058
YML073C,RPL6A,Ribosomal Protein of the Large subunit,0.00382249647152303,0.35961
YDR382W,RPP2B,Ribosomal Protein P2 Beta,0.00382046572345325,0.38422
YIL176C,PAU14,seriPAUperin,0.0038114210096682,0.29285
YBR095C,RXT2,NA,0.00380524550314767,0.26174
YJL039C,NUP192,NUclear Pore,0.00380481045488953,0.23646
YDL189W,RBS1,RNA-Binding Suppressor of PAS kinase,0.00379735300036292,0.43803
YDR340W,NA,NA,0.00379360939651719,0.24024
YJR126C,VPS70,Vacuolar Protein Sorting,0.00378653155892772,0.27682
YMR153C-A,NA,NA,0.00378581924322571,0.20396
YPR040W,TIP41,Tap42 Interacting Protein,0.00378214795007119,0.39975
YNL116W,DMA2,Defective in Mitotic Arrest,0.00378019516420004,0.35697
YIL105C,SLM1,Synthetic Lethal with Mss4,0.00377744011128619,0.31117
YPL026C,SKS1,Suppressor Kinase of SNF3,0.00377191542504944,0.381
YBR004C,GPI18,GlycosylPhosphatidylInositol,0.0037688998283357,0.11935
YOL115W,PAP2,Poly(A) Polymerase,0.00376672860046232,0.43329
YKL221W,MCH2,MonoCarboxylate permease Homologue,0.00376589456042374,0.30823
YIL032C,NA,NA,0.00376201618731926,0.33489
YAR042W,SWH1,NA,0.00376063534781081,0.16841
YBR217W,ATG12,AuTophaGy related,0.00375606551832683,0.26979
YLL059C,NA,NA,0.00375592068802752,0.22321
YDR214W,AHA1,Activator of Heat shock protein 90 ATPase,0.00375573554290822,0.43644
YEL033W,MTC7,Maintenance of Telomere Capping,0.00374874876109191,0.27039
YCR026C,NPP1,ecto-Nucleotide Pyrophosphatase/Phosphodiesterase,0.00374749980618708,0.34526
YGL076C,RPL7A,Ribosomal Protein of the Large subunit,0.00374460642284004,0.34959
YJR062C,NTA1,N-Terminal Amidase,0.00374043037872031,0.16845
YDL176W,IPF1,Involved in actin Patch Formation,0.00373499326860247,0.30333
YGL194C,HOS2,Hda One Similar,0.00373345951963695,0.31201
YHR022C,NA,NA,0.00373032363264467,0.30435
YBR153W,RIB7,RIBoflavin biosynthesis,0.00372733224723373,0.17965
YGR210C,NA,NA,0.00372626498540441,0.21622
YBR200W,BEM1,Bud EMergence,0.0037259593379129702,0.33496
YJL177W,RPL17B,Ribosomal Protein of the Large subunit,0.00372427162587169,0.44892
YOL051W,GAL11,GALactose metabolism,0.00372385055454018,0.32096
YAL035W,FUN12,Function Unknown Now,0.00371885939705167,0.28628
YOR254C,SEC63,SECretory,0.0037163396880278,0.37921
YHL043W,ECM34,ExtraCellular Mutant,0.00371411404914966,0.19193
YMR170C,ALD2,ALdehyde Dehydrogenase,0.00371291725170902,0.26843
YNR077C,NA,NA,0.00370487726156366,0.4236
YJR018W,NA,NA,0.00370033679680394,0.27012
YLR030W,NA,NA,0.0036974409638998,0.27379
YLR029C,RPL15A,Ribosomal Protein of the Large subunit,0.00369690506740336,0.44131
YHR034C,PIH1,Protein Interacting with Hsp90,0.00368601694256624,0.20716
YDL203C,ACK1,Activator of C Kinase 1,0.00368403713537346,0.337
YBL103C,RTG3,ReTroGrade regulation,0.00368204790369051,0.29405
YPL240C,HSP82,Heat Shock Protein,0.00368202350939967,0.46449
YDL032W,NA,NA,0.00367897167824849,0.22606
YGL086W,MAD1,Mitotic Arrest-Deficient,0.00367687771608559,0.32135
YGL047W,ALG13,Asparagine-Linked Glycosylation,0.00367541569876884,0.28169
YGR284C,ERV29,ER Vesicle,0.00367182936874664,0.35432
YMR135W-A,NA,NA,0.00366580540533357,0.35491
YDL013W,SLX5,Synthetic Lethal of unknown [X] function,0.00366425507423457,0.24845
YGR274C,TAF1,TATA binding protein-Associated Factor,0.00366315607459458,0.15157
YFL021C-A,NA,NA,0.00365190119119189,0.28792
YML002W,NA,NA,0.00364674464632155,0.30132
YOL036W,NA,NA,0.00364605839385564,0.35654
YKL028W,TFA1,"Transcription Factor a, subunit 1",0.00364598884645181,0.16686
YOR257W,CDC31,Cell Division Cycle,0.00363890578091312,0.37681
YDR064W,RPS13,Ribosomal Protein of the Small subunit,0.00363872952612791,0.43044
YIR023C-A,NA,NA,0.00363701481741081,0.36762
YLR302C,NA,NA,0.00363582318602594,0.26842
YPL138C,SPP1,"Set1c, Phd finger Protein",0.00363437551495816,0.3798
YNL092W,NA,NA,0.00363037876403221,0.3591
YMR079W,SEC14,SECretory,0.00362566280584467,0.38755
YGL056C,SDS23,homolog of S. pombe SDS23,0.0036246012395146302,0.28914
YPL169C,MEX67,Messenger RNA EXport factor of 67 kDa,0.00362398537373814,0.39872
YOR276W,CAF20,Cap Associated Factor,0.00361787572938355,0.37968
YMR159C,ATG16,AuTophaGy related,0.00361608641258012,0.28859
YAL049C,AIM2,Altered Inheritance rate of Mitochondria,0.00361303141527676,0.23209
YDR204W,COQ4,COenzyme Q,0.00361288544992857,0.23042
YOR335C,ALA1,ALAnyl-tRNA synthetase,0.00360844049928672,0.43518
YJL056C,ZAP1,Zinc-responsive Activator Protein,0.00360147134480078,0.29097
YIL115C,NUP159,NUclear Pore,0.00360008440843335,0.14488
YDR482C,CWC21,Complexed With Cef1p,0.00359727277097296,0.28088
YMR031C,EIS1,EISosome,0.00359003316561288,0.34409
YHL002C-A,NA,NA,0.00357719234935954,0.25393
YNL189W,SRP1,Suppressor of Rna Polymerase I,0.00357659567737962,0.32542
YEL055C,POL5,POLymerase,0.00357462679637559,0.33498
YBL079W,NUP170,NUclear Pore,0.00357204632817943,0.40322
YML062C,MFT1,Mitochondrial Fusion Targeting,0.00357154804388356,0.19343
YMR127C,SAS2,Something About Silencing,0.00355931957708572,0.39
YKL166C,TPK3,Takashi's Protein Kinase,0.00355615320765792,0.37209
YJL065C,DLS1,Dpb3-Like Subunit of ISW2/yCHRAC complex,0.00355595604599485,0.38164
YNL224C,SQS1,SQuelch of Splicing suppression,0.00354566817295134,0.08674
YJL008C,CCT8,Chaperonin Containing TCP-1,0.00354465344234639,0.15255
YJL138C,TIF2,Translation Initiation Factor,0.0035443793725038,0.31239
YLR338W,OPI9,OverProducer of Inositol,0.00354202181712935,0.33784
YDR123C,INO2,INOsitol requiring,0.0035334872030739,0.34754
YDR275W,BSC2,Bypass of Stop Codon,0.00352341794130121,0.29027
YBL001C,ECM15,ExtraCellular Mutant,0.0035224531484777,0.30801
YLL039C,UBI4,Ubiquitin,0.00351190139156424,0.34991
YGL090W,LIF1,Ligase Interacting Factor,0.00350928743946524,0.23887
YNL322C,KRE1,Killer toxin REsistant,0.00350905360857572,0.20235
YMR143W,RPS16A,Ribosomal Protein of the Small subunit,0.00350889082288046,0.38135
YMR125W,STO1,Suppressor of TOp1,0.00349304236669342,0.42165
YPR035W,GLN1,GLutamiNe metabolism,0.00348859876555602,0.35664
YIL126W,STH1,SNF Two Homolog,0.0034877970094867,0.17488
YBR263W,SHM1,Serine HydroxyMethyltransferase,0.00348358182461653,0.31832
YBR134W,NA,NA,0.00348143063671536,0.31974
YJL075C,APQ13,NA,0.00347406568994601,0.23931
YEL003W,GIM4,Gene Involved in Microtubule biogenesis,0.00346879914574356,0.25209
YOR140W,SFL1,Suppressor gene for FLocculation,0.003462667305741,0.2448
YDR140W,MTQ2,Methyltransferase,0.00346182935515238,0.17854
YML112W,CTK3,Carboxy-Terminal domain Kinase,0.00346037546192826,0.40029
YIL031W,ULP2,UbL-specific Protease,0.00345251314431224,0.28703
YOR277C,NA,NA,0.00345159921440267,0.3021
YGR006W,PRP18,Pre-mRNA Processing,0.00345077963218251,0.23713
YDL143W,CCT4,Chaperonin Containing TCP-1,0.00344786398718175,0.33712
YLL029W,FRA1,Fe Repressor of Activation,0.00344626317420195,0.28565
YEL049W,PAU2,seriPAUperin family,0.00344027036544787,0.28258
YDR360W,OPI7,OverProducer of Inositol,0.00343734762422391,0.31203
YCR015C,CTO1,Cold TOlerance,0.00343662527925826,0.27508
YOR270C,VPH1,Vacuolar pH,0.00343483679823213,0.26325
YDR422C,SIP1,SNF1-Interacting Protein,0.00342979042871048,0.264
YOR331C,NA,NA,0.00342753201607582,0.39909
YGR075C,PRP38,Pre-mRNA Processing,0.00342600339485077,0.19566
YOL135C,MED7,MEDiator complex,0.0034198079592979,0.42317
YLR147C,SMD3,NA,0.00341830967708358,0.21608
YGL190C,CDC55,Cell Division Cycle,0.00341475574476043,0.41536
YJL126W,NIT2,NITrilase superfamily,0.00341370413644424,0.26201
YGL189C,RPS26A,Ribosomal Protein of the Small subunit,0.00341135268509539,0.43511
YDR185C,UPS3,UnProceSsed,0.00341077030210193,0.37401
YFR029W,PTR3,Peptide TRansport,0.00340965960503602,0.18102
YMR326C,NA,NA,0.00340749966896566,0.31946
YPL133C,RDS2,Regulator of Drug Sensitivity,0.00340231204940401,0.29796
YKL056C,TMA19,Translation Machinery Associated,0.00340147328961216,0.45888
YLR441C,RPS1A,Ribosomal Protein of the Small subunit,0.00339154515714599,0.44701
YBR279W,PAF1,RNA Polymerase II Associated Factor,0.00338994379420203,0.34007
YPR102C,RPL11A,Ribosomal Protein of the Large subunit,0.00338898895820418,0.38783
YDR354W,TRP4,TRyPtophan,0.00338711595251644,0.34235
YNL067W,RPL9B,Ribosomal Protein of the Large subunit,0.00338562405819487,0.34618
YHL041W,NA,NA,0.0033839772197226,0.31087
YPL065W,VPS28,Vacuolar Protein Sorting,0.00337938043147983,0.31306
YMR068W,AVO2,Adheres VOraciously (to TOR2),0.00337251160074033,0.36374
YDR022C,ATG31,AuTophaGy related,0.00336200341409983,0.32386
YER156C,MYG1,NA,0.00336024489116025,0.2733
YGR217W,CCH1,Calcium Channel Homolog,0.00335843697055203,0.42076
YFR002W,NIC96,Nucleoporin-Interacting Component of 96 kDa,0.00335561396829395,0.39595
YJL136C,RPS21B,Ribosomal Protein of the Small subunit,0.00335374465107832,0.31995
YBR152W,SPP381,Suppressor of PrP38-1,0.00334898068543781,0.24605
YJR141W,IPA1,Important for cleavage and PolyAdenylation,0.00334590792040422,0.18437
YPL243W,SRP68,Signal Recognition Particle,0.00334266574127638,0.38974
YMR010W,ANY1,Antagonizes Neo1 Yeast phospholipid flippase,0.00334074656408853,0.45576
YML077W,BET5,Blocked Early in Transport,0.00332757720106074,0.36865
YMR294W,JNM1,Just Nuclear Migration,0.00332577285848678,0.1439
YER175C,TMT1,Trans-aconitate MethylTransferase,0.00331830304631458,0.31369
YOL075C,NA,NA,0.00331432789500712,0.28017
YML004C,GLO1,GLyOxalase,0.00331269177178817,0.365
YMR052W,FAR3,Factor ARrest,0.00331053725494357,0.20402
YBR058C,UBP14,UBiquitin-specific Protease,0.0033076326465977,0.23902
YDR195W,REF2,RNA End Formation,0.00330234533712142,0.377
YFL033C,RIM15,Regulator of IME2,0.00329449697689573,0.25822
YDR281C,PHM6,PHosphate Metabolism,0.0032923895569348,0.36855
YBR027C,NA,NA,0.00328682076637377,0.18778
YKL022C,CDC16,Cell Division Cycle,0.00328612031989275,0.39127
YOR298W,MUM3,MUddled Meiosis,0.00328081451820198,0.35616
YPL268W,PLC1,PhosphoLipase C,0.00327944614371713,0.17088
YIR014W,VLD1,Vacuole Localized Dsc protein,0.00327766632187675,0.35733
YGL123W,RPS2,Ribosomal Protein of the Small subunit,0.00327716581992783,0.44305
YML008C,ERG6,ERGosterol biosynthesis,0.00327638195580225,0.30191
YGR125W,VSB1,Vacuolar Storage of Basic amino acids,0.0032759733901228,0.44816
YOR139C,NA,NA,0.00327017651202656,0.35387
YHR075C,PPE1,Phosphoprotein Phosphatase methylEsterase,0.00326689339323984,0.39636
YDR239C,NA,NA,0.00325677927788339,0.41235
YIR009W,MSL1,MUD Synthetic Lethal,0.0032529237835175,0.35921
YFR031C-A,RPL2A,Ribosomal Protein of the Large subunit,0.00325111929573378,0.45527
YPR139C,LOA1,Lysophosphatidic acid: Oleoyl-CoA Acyltransferase,0.00324538789136604,0.22111
YDL015C,TSC13,Temperature-sensitive Suppressors of Csg2 mutants,0.00324518053941153,0.19897
YBL023C,MCM2,MiniChromosome Maintenance,0.00324493911844783,0.4057
YOR177C,MPC54,Meiotic Plaque Component,0.00324260196975836,0.36238
YBR215W,HPC2,Histone Periodic Control,0.00323363763756236,0.35766
YML037C,NA,NA,0.00323276700201568,0.21311
YFL017W-A,SMX2,NA,0.00323029151650001,0.26613
YPR111W,DBF20,DumbBell Forming,0.00322739780005143,0.19517
YNL120C,NA,NA,0.00322399071154309,0.2809
YHR048W,YHK8,NA,0.00322387165721729,0.22743
YDL235C,YPD1,tYrosine Phosphatase Dependent,0.00322374604659577,0.36133
YOR346W,REV1,REVersionless,0.0032197663772571,0.2773
YDR492W,IZH1,Implicated in Zinc Homeostasis,0.00321858318607463,0.47733
YER105C,NUP157,NUclear Pore,0.00321602297903099,0.2173
YLL051C,FRE6,Ferric REductase,0.00320053112043333,0.19283
YBR031W,RPL4A,Ribosomal Protein of the Large subunit,0.00320027358094852,0.3921
YJR153W,PGU1,PolyGalactUronase,0.00319925903604099,0.21233
YPR101W,SNT309,Synthetic lethal to prp NineTeen mutation,0.00319904554111083,0.45154
YMR106C,YKU80,Yeast KU protein,0.00319755862883235,0.28531
YCL076W,NA,NA,0.00319475108495303,0.32346
YDR432W,NPL3,Nuclear Protein Localization,0.00319167281734672,0.34746
YGR134W,CAF130,CCR4 Associated Factor,0.00319076795767731,0.19626
YNL302C,RPS19B,Ribosomal Protein of the Small subunit,0.00318653842722875,0.45026
YGL145W,TIP20,SEC20 (Twenty) Interacting Protein,0.00318556458912114,0.43905
YFL044C,OTU1,Ovarian TUmor,0.00317923866611769,0.30855
YDR499W,LCD1,"Lethal, Checkpoint-defective, DNA damage sensitive",0.00317577796188734,0.1837
YMR161W,HLJ1,HomoLogous to E. coli dnaJ protein,0.00317574300377937,0.11591
YLR118C,TML25,"acyl-protein Thioesterase with Multiple Localizations, protein of 25 kDa",0.00316874229466126,0.23878
YBR149W,ARA1,D-ARAbinose dehydrogenase,0.00316861909620758,0.3668
YKR095W,MLP1,Myosin-Like Protein,0.0031671448336523,0.37306
YBR140C,IRA1,Inhibitory Regulator of the RAS-cAMP pathway,0.00316665424709026,0.43295
YER153C,PET122,PETite colonies,0.00316441647804215,0.28529
YER100W,UBC6,UBiquitin-Conjugating,0.0031621467245398,0.39991
YOR361C,PRT1,PRoTein synthesis,0.00315772857522713,0.31144
YDR032C,PST2,Protoplasts-SecreTed,0.00315751311580646,0.40194
YLL015W,BPT1,Bile Pigment Transporter,0.00315412199116292,0.30804
YLR440C,SEC39,SECretory,0.00315125427852648,0.35879
YDL189W,RBS1,RNA-Binding Suppressor of PAS kinase,0.00314715147105871,0.39146
YER129W,SAK1,Snf1 Activating Kinase,0.00314547774570299,0.29914
YAL030W,SNC1,Suppressor of the Null allele of CAP,0.00313649882833044,0.31619
YPR038W,IRC16,Increased Recombination Centers,0.00313380713657015,0.35038
YJL179W,PFD1,PreFolDin,0.00313331434437676,0.29599
YJR106W,ECM27,ExtraCellular Mutant,0.00313026176471634,0.22893
YML007W,YAP1,Yeast AP-1,0.0031280984419197,0.27369
YGR045C,NA,NA,0.0031274893098715,0.37348
YGL247W,BRR6,Bad Response to Refrigeration,0.00312676652325682,0.42888
YGR214W,RPS0A,Ribosomal Protein of the Small subunit,0.0031157673976133,0.45373
YCR081W,SRB8,Suppressor of RNA polymerase B,0.00311275767267796,0.19584
YJL001W,PRE3,PRoteinase yscE,0.00311220995811816,0.39675
YLR093C,NYV1,New Yeast V-SNARE,0.00310705574512726,0.23444
YKR068C,BET3,Blocked Early in Transport,0.00310078608454724,0.38127
YGL044C,RNA15,poly(A) mRNA metabolism,0.00309728726226756,0.38466
YDR473C,PRP3,Pre-mRNA Processing,0.00309290130464812,0.319
YIL061C,SNP1,NA,0.00308881601285119,0.17843
YLR091W,GEP5,GEnetic interactors of Prohibitins,0.00307760507803256,0.19233
YJR136C,TTI2,Two Tel2-Interacting protein,0.0030720606527761,0.39676
YLR410W,VIP1,NA,0.0030599202524938,0.18055
YMR071C,TVP18,Tlg2-Vesicle Protein,0.00305935667535958,0.342
YMR053C,STB2,Sin Three Binding protein,0.0030522991547998,0.30572
YNR004W,SWM2,Synthetic With mud2-delta,0.00303605148631771,0.24619
YDR349C,YPS7,YaPSin,0.00303590899860901,0.21931
YIR015W,RPR2,RNase P Ribonucleoprotein,0.00303370857882853,0.30055
YKR106W,GEX2,Glutathione EXchanger,0.00302915126593897,0.19137
YDR461W,MFA1,Mating Factor A,0.00302702612079945,0.25541
YCR019W,MAK32,MAintenance of Killer,0.00302648463016088,0.3023
YBL006C,LDB7,Low Dye Binding,0.00302299975799041,0.17426
YGR119C,NUP57,NUclear Pore,0.00302222882433562,0.42132
YBR266C,SLM6,Synthetic Lethal with Mss4,0.00301927880719811,0.27408
YER047C,SAP1,Sin1 Associated Protein,0.00301886092165141,0.34342
YCL066W,HMLALPHA1,Hidden Mat Left ALPHA,0.00301874346545109,0.19174
YBR048W,RPS11B,Ribosomal Protein of the Small subunit,0.00301835908204852,0.4283
YHL015W,RPS20,Ribosomal Protein of the Small subunit,0.00301668687995476,0.43479
YKL033W,TTI1,Two Tel2-Interacting protein,0.00301397306408766,0.21283
YOL089C,HAL9,HALotolerance,0.00301390576828595,0.27993
YNL238W,KEX2,Killer EXpression defective,0.00301186705566294,0.42582
YNL076W,MKS1,Multicopy Kinase Suppressor,0.00300230618208502,0.20292
YOL044W,PEX15,PEroXisome related,0.00299875803911514,0.21444
YER060W-A,FCY22,FluoroCYtosine resistance,0.0029980702724437,0.3443
YLR319C,BUD6,BUD site selection,0.00298999128268878,0.35925
YML076C,WAR1,Weak Acid Resistance,0.00298886877306417,0.17635
YLR217W,NA,NA,0.00298691575128041,0.40123
YDR525W,API2,APIcal,0.00297697206720534,0.37878
YJL014W,CCT3,Chaperonin Containing TCP-1,0.00297660363709449,0.18066
YKL057C,NUP120,NUclear Pore,0.00297527618505605,0.29045
YHR057C,CPR2,Cyclosporin A-sensitive Proline Rotamase,0.00296751738563592,0.35856
YCR050C,NA,NA,0.0029637139266709602,0.33756
YIL101C,XBP1,XhoI site-Binding Protein,0.00296053721561312,0.37822
YGL043W,DST1,DNA Strand Transfer,0.00295906915058603,0.31724
YPL235W,RVB2,RuVB-like,0.00295694608608879,0.4288
YGR114C,NA,NA,0.00295642559805423,0.28763
YAL043C,PTA1,Pre-Trna Accumulation,0.00295499614852396,0.34917
YPR121W,THI22,THIamine metabolism,0.00295331817224948,0.43534
YER033C,ZRG8,Zinc Regulated Gene,0.00295249360962471,0.42514
YMR067C,UBX4,UBiquitin regulatory X,0.00295109585382005,0.41148
YBL092W,RPL32,Ribosomal Protein of the Large subunit,0.00295080555602694,0.3992
YAL037C-A,NA,NA,0.00294924616330526,0.35763
YOL025W,LAG2,Longevity Assurance Gene,0.00294589495042531,0.3897
YJR042W,NUP85,NUclear Pore,0.00293952522884306,0.31145
YDL134C,PPH21,Protein PHosphatase,0.00293938805412161,0.44013
YML024W,RPS17A,Ribosomal Protein of the Small subunit,0.00293827693145048,0.41573
YLR340W,RPP0,Ribosomal Protein P0,0.00293229715588939,0.41064
YBR060C,ORC2,Origin Recognition Complex,0.00292159400896473,0.27943
YHR105W,YPT35,NA,0.00291457217333553,0.31746
YNL326C,PFA3,Protein Fatty Acyltransferase,0.00290808319942766,0.41094
YMR230W,RPS10B,Ribosomal Protein of the Small subunit,0.00290637959789472,0.42143
YCR052W,RSC6,Remodel the Structure of Chromatin,0.00290579695899848,0.42363
YOR253W,NAT5,N-terminal AcetylTransferase,0.00290289074492284,0.31286
YGL244W,RTF1,Restores TBP Function,0.00289425108581191,0.4115
YNL311C,SKP2,homology with human SKP2,0.00289012166696138,0.30833
YHR102W,KIC1,Kinase that Interacts with Cdc31p,0.00288902944321923,0.31928
YDR067C,OCA6,Oxidant-induced Cell-cycle Arrest,0.00288207698022346,0.17831
YJR131W,MNS1,NA,0.0028819749537324,0.28563
YDL116W,NUP84,NUclear Pore,0.00288084531724989,0.44414
YCL010C,SGF29,SaGa associated Factor,0.00287931166940157,0.38306
YNL056W,OCA2,Oxidant-induced Cell cycle Arrest,0.00287350094382051,0.30812
YFL011W,HXT10,HeXose Transporter,0.0028727655646016,0.41807
YDR208W,MSS4,Multicopy Suppressor of Stt4 mutation,0.00287031531804211,0.22201
YJR075W,HOC1,Homologous to OCh1,0.00286685508032081,0.22291
YFL063W,NA,NA,0.00286174310691269,0.40413
YGR277C,CAB4,Coenzyme A Biosynthesis,0.00286027290620555,0.3337
YGL003C,CDH1,CDC20 Homolog,0.00285996494111557,0.24326
YJR130C,STR2,Sulfur TRansfer,0.00285859868071825,0.33574
YOR159C,SME1,Sm protein E,0.00285465704152566,0.31401
YHL012W,NA,NA,0.00285255254577911,0.20411
YPL170W,DAP1,DAmage resistance Protein,0.00285117535742633,0.42435
YPR039W,NA,NA,0.00285062707380374,0.34166
YIL060W,NA,NA,0.00285026255925556,0.24827
YEL008W,NA,NA,0.00284660107892255,0.36207
YBR094W,PBY1,P-BodY associated protein,0.0028459010805304,0.32098
YBL086C,NA,NA,0.00283860279163872,0.24181
YER005W,YND1,Yeast Nucleoside Diphosphatase,0.00283854400525465,0.35014
YOR289W,NA,NA,0.00283709214427354,0.39439
YLR267W,BOP2,Bypass Of Pam1,0.00283481868244097,0.44059
YNL155W,CUZ1,Cdc48-associated UBL/Zn-finger protein,0.00283167255381893,0.32285
YPR201W,ARR3,ARsenicals Resistance,0.00283022264585799,0.35196
YNL324W,NA,NA,0.00282943728590228,0.26652
YLR363C,NMD4,Nonsense-Mediated mRNA Decay,0.00282679949586591,0.39497
YDL131W,LYS21,LYSine,0.00282419427122596,0.45008
YIR041W,PAU15,seriPAUperin,0.00282394729136199,0.45517
YDR437W,GPI19,Glycosyl PhosphatidylInositol anchor biosynthesis,0.00282388708324411,0.34286
YGL085W,LCL3,Long Chronological Lifespan 3,0.00282124738949228,0.30913
YJL023C,PET130,PETite colonies,0.00281284141257252,0.22949
YKL132C,RMA1,Reduced Mating A,0.00281165325938725,0.3272
YCL009C,ILV6,IsoLeucine Valine,0.00281086299676902,0.26706
YJL128C,PBS2,Polymyxin B Sensitivity,0.00280768557039153,0.24939
YBR058C-A,TSC3,Temperature-sensitive Suppressors of Csg2 mutants,0.0028044726525266,0.33867
YDL215C,GDH2,Glutamate DeHydrogenase,0.0028043106369089,0.33629
YGR239C,PEX21,PEroXin,0.00279826414291388,0.45543
YDR139C,RUB1,Related to UBiquitin,0.00278811957457546,0.43438
YOR008C-A,NA,NA,0.00278794142413586,0.36289
YCL065W,NA,NA,0.00278779067105654,0.19992
YML095C,RAD10,RADiation sensitive,0.00278562945464368,0.19367
YDR004W,RAD57,RADiation sensitive,0.00278219782926269,0.34222
YOL098C,SDD3,Suppressor of Degenerative Death,0.0027767506926957,0.26401
YDR538W,PAD1,Phenylacrylic Acid Decarboxylase,0.00276856889819731,0.43759
YJR138W,IML1,Increased Minichromosome Loss,0.00276603770979204,0.25172
YGL054C,ERV14,ER Vesicle,0.00276423520345686,0.35734
YJR067C,YAE1,NA,0.00276308950757494,0.27535
YDR277C,MTH1,MSN Three Homolog,0.00275740893198793,0.37027
YPR038W,IRC16,Increased Recombination Centers,0.00275246837966043,0.25405
YJR161C,COS5,COnserved Sequence,0.00275189624966503,0.3581
YPR051W,MAK3,MAintenance of Killer,0.00274767881389609,0.2188
YML114C,TAF8,TATA binding protein-Associated Factor,0.00274296604321552,0.40093
YDR058C,TGL2,TriacylGlycerol Lipase,0.0027416958144005,0.37892
YOR030W,DFG16,Defective for Filamentous Growth,0.00273636844972712,0.40279
YOR057W,SGT1,Suppressor of G2 (Two) allele of skp1,0.00273564525831305,0.35843
YLR128W,DCN1,Defective in Cullin Neddylation,0.0027329680736934,0.22331
YBR266C,SLM6,Synthetic Lethal with Mss4,0.00273196193094986,0.22509
YAR060C,NA,NA,0.00271895489901946,0.29979
YOL099C,NA,NA,0.00271848046719738,0.43363
YIL071W-A,NA,NA,0.00271763473145462,0.29652
YCL016C,DCC1,Defective in sister Chromatid Cohesion,0.002717537462468,0.39342
YGR242W,NA,NA,0.00271510765144441,0.28848
YPL151C,PRP46,Pre-mRNA Processing,0.00271342437818687,0.35465
YPR104C,FHL1,Fork Head-Like,0.00271298688332485,0.42412
YHR013C,ARD1,ARrest Defective,0.00270402856255266,0.38107
YOR041C,NA,NA,0.00269898558104186,0.38485
YOL127W,RPL25,Ribosomal Protein of the Large subunit,0.00269529804714998,0.45348
YBR218C,PYC2,PYruvate Carboxylase,0.0026922226063639,0.45333
YGL080W,MPC1,Mitochondrial Pyruvate Carrier,0.00269146910869994,0.38674
YOR274W,MOD5,tRNA MODification,0.00268848618138137,0.43493
YJL001W,PRE3,PRoteinase yscE,0.0026883603566363,0.41292
YMR020W,FMS1,Fenpropimorph-resistance Multicopy Suppressor,0.00268795018303211,0.29881
YGR208W,SER2,SERine requiring,0.0026857574826431,0.4717
YDL200C,MGT1,O-6-MethylGuanine-DNA methylTransferase,0.0026825261939021,0.43514
YGR027C,RPS25A,Ribosomal Protein of the Small subunit,0.00268021257511862,0.44141
YFL062W,COS4,COnserved Sequence,0.00267828591624632,0.36489
YPL024W,RMI1,RecQ Mediated genome Instability,0.0026754534761613,0.33633
YJL175W,NA,NA,0.0026750683973333,0.31265
YDR314C,RAD34,Homologous to RAD4,0.00267088500375413,0.23612
YLR150W,STM1,Suppressor of ToM1,0.00266712384749915,0.3555
YLR460C,NA,NA,0.0026671165734655,0.25118
YLR385C,SWC7,SWr Complex,0.00266503592651908,0.31868
YJR019C,TES1,ThioESterase,0.0026552677158156,0.47673
YGL256W,ADH4,Alcohol DeHydrogenase,0.00264663311873794,0.16146
YDR369C,XRS2,X-Ray Sensitive,0.00264310621590895,0.23606
YLR166C,SEC10,SECretory,0.00264139062115705,0.3513
YBL018C,POP8,Processing Of Precursor RNAs,0.00264055436659496,0.43301
YPL107W,DPC25,Delta-Psi dependent mitochondrial import and Cleavage protein of ~25 kDa,0.00263603805432019,0.34297
YDR458C,HEH2,Helix-Extension-Helix domain,0.00262371815264945,0.44768
YNL292W,PUS4,PseudoUridine Synthase,0.00262356425729937,0.38822
YMR167W,MLH1,MutL Homolog,0.0026220430270528,0.18323
YEL034W,HYP2,HYPusine-containing protein,0.00262128732668211,0.46137
YDR121W,DPB4,DNA Polymerase B (II) subunit,0.0026166649421049,0.42827
YGL066W,SGF73,"SaGa associated Factor, 73 kDa",0.00261521413061486,0.42853
YOL100W,PKH2,Pkb-activating Kinase Homolog,0.00261064315969147,0.3626
YHL020C,OPI1,OverProducer of Inositol,0.00260840249758135,0.33257
YER171W,RAD3,RADiation sensitive,0.00260568606449017,0.35995
YKR064W,OAF3,Oleate Activated transcription Factor,0.00260434592895414,0.31349
YAL021C,CCR4,Carbon Catabolite Repression,0.00260151488955164,0.37774
YGR027C,RPS25A,Ribosomal Protein of the Small subunit,0.00259997620198948,0.39038
YKR061W,KTR2,Kre Two Related,0.00259925563829601,0.36186
YAL009W,SPO7,SPOrulation,0.00259856455046974,0.2003
YLR420W,URA4,URAcil requiring,0.00259380478365494,0.25851
YGL110C,CUE3,Coupling of Ubiquitin conjugation to ER degradation,0.00259196010028774,0.31888
YLR271W,CMG1,Cytoplasmic and Mitochondrial G-patch protein 1,0.00258810815814426,0.38082
YPL001W,HAT1,Histone AcetylTransferase,0.00258774338981816,0.31813
YHR021W-A,ECM12,ExtraCellular Mutant,0.00258669211321131,0.32768
YOR179C,SYC1,Similar to Ysh1 C-terminal,0.00258067711672041,0.41582
YMR063W,RIM9,Regulator of IME2,0.00258047315330674,0.24664
YJL161W,FMP33,Found in Mitochondrial Proteome,0.00258044448254256,0.40371
YOL020W,TAT2,Tryptophan Amino acid Transporter,0.00256920165282807,0.32357
YDR163W,CWC15,Complexed With Cef1p,0.00256408633244563,0.3645
YBR189W,RPS9B,Ribosomal Protein of the Small subunit,0.00256370333726603,0.47444
YGR133W,PEX4,PEroXin,0.00255857247989561,0.30785
YER056C-A,RPL34A,Ribosomal Protein of the Large subunit,0.00255579042259287,0.46586
YOR149C,SMP3,Stable Maintenance of pSRI,0.00255344525918468,0.23125
YGR009C,SEC9,SECretory,0.00253645196218689,0.25662
YGL031C,RPL24A,Ribosomal Protein of the Large subunit,0.0025339578688332,0.43678
YGR139W,NA,NA,0.00253382456555211,0.36509
YBR018C,GAL7,GALactose metabolism,0.00253001771140047,0.40993
YDL075W,RPL31A,Ribosomal Protein of the Large subunit,0.00252812737570397,0.40954
YIR013C,GAT4,NA,0.00252693123389494,0.3384
YKL175W,ZRT3,Zinc-Regulated Transporter,0.00252616573420259,0.29985
YOR209C,NPT1,Nicotinate PhosphoribosylTransferase,0.00252010827908707,0.29263
YLR430W,SEN1,Splicing ENdonuclease,0.00251547982673373,0.21922
YJR093C,FIP1,Factor Interacting with Poly(A) polymerase,0.00251546980731791,0.33611
YGR104C,SRB5,Suppressor of RNA polymerase B,0.00251265051116107,0.2721
YLR192C,HCR1,High-Copy suppressor of Rpg1,0.00251109242639594,0.36491
YJL146W,IDS2,IME2-Dependent Signaling,0.00250975358689866,0.42346
YOR390W,FEX1,NA,0.00250641682192851,0.47071
YMR197C,VTI1,Vps10 (Ten) Interacting,0.00250604387205143,0.43211
YDL073W,AHK1,Associated with HKr1,0.00250553759284502,0.22007
YLR225C,NA,NA,0.00250471680172662,0.37455
YDR241W,BUD26,BUD site selection,0.00250330676128831,0.2146
YGL249W,ZIP2,ZIPping up meiotic chromosomes,0.0025012924642416,0.22449
YDR232W,HEM1,HEMe biosynthesis,0.00249882300487622,0.38872
YLR125W,NA,NA,0.00249389200456595,0.18868
YPR007C,REC8,RECombination,0.00249376557675446,0.4214
YHL047C,ARN2,AFT1 ReguloN,0.00248867044586336,0.24763
YGR218W,CRM1,Chromosome Region Maintenance,0.00248384052240831,0.38739
YHR018C,ARG4,ARGinine requiring,0.00247880578689314,0.46355
YGR004W,PEX31,PEroXisome related,0.00247841619769343,0.27021
YIL159W,BNR1,BNi1 Related,0.00247823004382251,0.23812
YKL123W,NA,NA,0.0024703886172762,0.38608
YEL027W,VMA3,Vacuolar Membrane Atpase,0.00246436971967021,0.31465
YDR220C,NA,NA,0.00246356530362777,0.24872
YOL057W,NA,NA,0.0024621287008145102,0.21976
YIL073C,SPO22,SPOrulation,0.00246140079660212,0.36494
YPL042C,SSN3,Suppressor of SNf1,0.00246128123887592,0.30988
YBR188C,NTC20,Prp19p (NineTeen)-associated Complex,0.0024599223609106,0.27018
YML081W,TDA9,Topoisomerase I Damage Affected,0.00245925880403521,0.26141
YGL010W,MPO1,Metabolism of PHS to Odd-numbered fatty acids,0.00245913186973726,0.44965
YCR041W,NA,NA,0.00245664863342178,0.39507
YEL023C,NA,NA,0.00245333431224814,0.20458
YLL020C,NA,NA,0.00245077520007928,0.28876
YGL176C,NA,NA,0.0024498973634455,0.44381
YNL150W,NA,NA,0.002447682652855,0.33508
YGR022C,NA,NA,0.00244726767844539,0.39292
YBR196C,PGI1,PhosphoGlucoIsomerase,0.00244496334961015,0.41944
YNL246W,VPS75,Vacuolar Protein Sorting,0.00243809638696939,0.29973
YIL147C,SLN1,Synthetic Lethal of N-end rule,0.00243470324401416,0.23606
YBL027W,RPL19B,Ribosomal Protein of the Large subunit,0.00243114692428155,0.46493
YOL032W,OPI10,OverProducer of Inositol,0.00242816803254683,0.42696
YBR237W,PRP5,Pre-mRNA Processing,0.00242595886699137,0.36778
YGR074W,SMD1,snRNA Sm binding site protein D1,0.0024251577822886,0.35103
YDR051C,DET1,Decreased Ergosterol Transport,0.00242161690967137,0.3361
YDR132C,MRX16,Mitochondrial oRganization of gene eXpression (MIOREX),0.00242006654412622,0.26049
YNL067W,RPL9B,Ribosomal Protein of the Large subunit,0.00241896322297714,0.46583
YNL203C,NA,NA,0.00241548232770529,0.46367
YPL131W,RPL5,Ribosomal Protein of the Large subunit,0.0024146342157525,0.44641
YLR086W,SMC4,Structural Maintenance of Chromosomes,0.00238973940727813,0.26523
YDR166C,SEC5,SECretory,0.00238553944943783,0.44125
YLR450W,HMG2,3-Hydroxy-3-MethylGlutaryl-coenzyme a reductase,0.00238491837400045,0.44649
YMR129W,POM152,POre Membrane,0.00238312650335018,0.18366
YDR285W,ZIP1,molecular ZIPper,0.00238221158152978,0.30105
YKR022C,NTR2,NineTeen complex Related protein,0.00238031985226405,0.27317
YIL033C,BCY1,Bypass of CYclic-AMP requirement,0.00237723637654499,0.42595
YGR192C,TDH3,Triose-phosphate DeHydrogenase,0.00237632032539738,0.46664
YDR459C,PFA5,Protein Fatty Acyltransferase,0.00237370302085305,0.33158
YGL163C,RAD54,RADiation sensitive,0.00237030687013637,0.3499
YDL075W,RPL31A,Ribosomal Protein of the Large subunit,0.00236998386770598,0.37975
YLR071C,RGR1,Resistant to Glucose Repression,0.00236882302093445,0.44777
YGL132W,NA,NA,0.00236555710357627,0.33099
YMR153W,NUP53,NUclear Pore,0.00236388542842593,0.26659
YAL045C,NA,NA,0.00236279401291507,0.36769
YJR040W,GEF1,"Glycerol Ethanol, Ferric requiring",0.00236165502390821,0.36974
YPR179C,HDA3,Histone DeAcetylase,0.00235994942772306,0.43366
YJR053W,BFA1,Byr-Four-Alike,0.00235938129344799,0.3585
YGR275W,RTT102,Regulator of Ty1 Transposition,0.00235206421962264,0.27798
YGL141W,HUL5,Hect Ubiquitin Ligase,0.00235156688523775,0.28708
YDR445C,NA,NA,0.00235062194004223,0.36393
YPL111W,CAR1,Catabolism of ARginine,0.00234901314350175,0.4162
YBL005W,PDR3,Pleiotropic Drug Resistance,0.00234653912118451,0.34824
YIL016W,SNL1,Suppressor of Nup116-C Lethal,0.00234641311088772,0.24333
YNL091W,NST1,Negatively affects Salt Tolerance,0.00234483841164133,0.34421
YJL123C,MTC1,Maintenance of Telomere Capping,0.00234081048833031,0.38105
YBR212W,NGR1,Negative Growth Regulatory protein,0.00234032420046235,0.33664
YIL014W,MNT3,MaNnosylTransferase,0.00233847926359063,0.21422
YMR171C,EAR1,Endosomal Adaptor of Rsp5p,0.00233465175234952,0.36219
YGR226C,NA,NA,0.00232877166746548,0.19801
YOL138C,RTC1,Restriction of Telomere Capping,0.00232507737964804,0.37916
YLR055C,SPT8,SuPpressor of Ty,0.00232096130066401,0.36568
YNL012W,SPO1,SPOrulation,0.0023145804007462,0.34558
YDR288W,NSE3,Non SMC Element,0.00231217431481444,0.29859
YCL026C-A,FRM2,Fatty acid Repression Mutant,0.00230709071531781,0.29555
YDL191W,RPL35A,Ribosomal Protein of the Large subunit,0.00230447725734526,0.46679
YDR042C,NA,NA,0.00230314928368158,0.41652
YLR167W,RPS31,Ribosomal Protein of the Small subunit,0.00229990582099168,0.46634
YPL257W,NA,NA,0.0022981548026088,0.30196
YPL236C,ENV7,late ENdosome and Vacuole interface function,0.00228679856929352,0.33987
YHR014W,SPO13,SPOrulation,0.00228615728314214,0.31962
YDL074C,BRE1,BREfeldin A sensitivity,0.00228522490477697,0.38569
YOL072W,THP1,Tho2/Hpr1 Phenotype,0.00228510627474257,0.31028
YOR143C,THI80,THIamine metabolism,0.00228142181866118,0.38079
YMR291W,TDA1,Topoisomerase I Damage Affected,0.0022803320106979,0.45187
YAL011W,SWC3,SWr Complex,0.0022784158980667,0.26517
YPR173C,VPS4,Vacuolar Protein Sorting,0.00227766378495736,0.4202
YPL247C,NA,NA,0.00227599617852049,0.4156
YJL203W,PRP21,Pre-mRNA Processing,0.00227442194545266,0.3155
YKL131W,NA,NA,0.0022735154875482,0.38067
YML026C,RPS18B,Ribosomal Protein of the Small subunit,0.00227111917866853,0.45806
YLR119W,SRN2,"Suppressor of Rna mutations, Number 2",0.00226939667016258,0.32132
YKR091W,SRL3,Suppressor of rad53 Lethality,0.00226800956338881,0.47058
YPL077C,NA,NA,0.00226367744387213,0.32977
YCR068W,ATG15,AuTophaGy related,0.00226181178734344,0.32447
YMR152W,YIM1,NA,0.00225714818366593,0.35092
YNL264C,PDR17,Pleiotropic Drug Resistance,0.00225600621434028,0.45719
YEL028W,NA,NA,0.00224244208371315,0.37807
YKL122C,SRP21,Signal Recognition Particle,0.00224203150366334,0.37644
YGL114W,NA,NA,0.00224193041533372,0.42059
YDR269C,NA,NA,0.00223853592941841,0.42047
YGR010W,NMA2,Nicotinamide Mononucleotide Adenylyltransferase,0.00223730998600833,0.36632
YHR193C,EGD2,Enhancer of Gal4 DNA binding,0.00223407096415427,0.45814
YGL166W,CUP2,NA,0.00223337902832648,0.36525
YMR283C,RIT1,Ribosylation of Initiator tRNA,0.00223333353723212,0.23317
YDR448W,ADA2,transcriptional ADAptor,0.00222900436770156,0.36291
YBR090C,NA,NA,0.00222836980630004,0.36517
YPR132W,RPS23B,Ribosomal Protein of the Small subunit,0.00222685025969532,0.41982
YAL041W,CDC24,Cell Division Cycle,0.00222232951323087,0.42004
YGR114C,NA,NA,0.0022213994276403,0.35935
YOR089C,VPS21,Vacuolar Protein Sorting,0.00221314495007003,0.25494
YMR205C,PFK2,PhosphoFructoKinase,0.00221276346706296,0.45986
YDL231C,BRE4,BREfeldin A sensitivity,0.0022073950842386,0.40289
YGR077C,PEX8,PEroXin,0.00219613150715164,0.33995
YMR077C,VPS20,Vacuolar Protein Sorting,0.00219606010653392,0.43537
YPR078C,NA,NA,0.00219069227902099,0.36695
YOR009W,TIR4,TIp1-Related,0.00218358681193207,0.42948
YDL149W,ATG9,AuTophaGy related,0.00217904522547072,0.36236
YDR024W,FYV1,Function required for Yeast Viability,0.00217869880545794,0.37317
YFR005C,SAD1,SnRNP Assembly Defective,0.00217781774320487,0.33942
YHR192W,LNP1,LuNaPark family member,0.00217780439707746,0.36014
YIL149C,MLP2,Myosin-Like Protein,0.00217756485643904,0.31361
YKR058W,GLG1,Glycogenin-Like Gene,0.0021671476463698,0.44865
YBL106C,SRO77,Suppressor of rho3,0.00216409956502496,0.45552
YPL049C,DIG1,Down-regulator of Invasive Growth,0.00216166940590921,0.38429
YDL128W,VCX1,VaCuolar H+/Ca2+ eXchanger,0.00215840611405884,0.29914
YPL225W,NA,NA,0.00215308554721335,0.45611
YIL175W,NA,NA,0.00215173955406279,0.39999
YKL012W,PRP40,Pre-mRNA Processing,0.00214156529481464,0.2462
YMR111C,EUC1,Enriches Ubiquitin on Chromatin,0.00213668069715113,0.25704
YJL006C,CTK2,Carboxy-Terminal domain Kinase,0.00213650843206943,0.42785
YBL097W,BRN1,homolog of BaRreN,0.00213532877427402,0.3526
YNR005C,NA,NA,0.00213095702568013,0.29318
YCR087W,NA,NA,0.00212911768722068,0.36843
YCR018C-A,NA,NA,0.00212672297851062,0.3023
YHL009C,YAP3,Yeast AP-1,0.00212214178301925,0.26774
YKL070W,NA,NA,0.0021201662768314,0.31329
YOL070C,NBA1,Nap1p and Bud neck Associated,0.00211932301097361,0.42108
YMR218C,TRS130,TRapp Subunit,0.00211901969557351,0.2624
YGR089W,NNF2,NA,0.00211289003000924,0.4119
YKR023W,RQT4,Ribosome-Quality control Trigger factor,0.00211094938764,0.40642
YFR014C,CMK1,CalModulin dependent protein Kinase,0.00211062080886454,0.34909
YEL051W,VMA8,Vacuolar Membrane Atpase,0.00210878059541053,0.35224
YDL140C,RPO21,RNA POlymerase,0.00210613163675521,0.42485
YJR161C,COS5,COnserved Sequence,0.00210275813186467,0.38301
YDR359C,EAF1,Esa1p-Associated Factor,0.00209926085790829,0.45599
YMR005W,TAF4,TATA binding protein-Associated Factor,0.00209778753651407,0.2953
YPL176C,TRE1,Transferrin REceptor like,0.0020972182008134,0.33229
YIR032C,DAL3,Degradation of Allantoin,0.00209650552864546,0.48534
YGR185C,TYS1,TYrosyl-tRNA Synthetase,0.00209367720118379,0.36519
YEL059W,HHY1,Hypersensitivity to HYgromycin B,0.00208912660312035,0.3918
YKR028W,SAP190,Sit4 Associated Protein,0.00208872242021356,0.40186
YNL047C,SLM2,Synthetic Lethal with Mss4,0.00208869292722397,0.23407
YMR320W,NA,NA,0.00208831975614505,0.45004
YAL013W,DEP1,Disability in regulation of Expression of genes involved in Phospholipid biosynthesis,0.00208552990447414,0.35843
YGL074C,NA,NA,0.00208535782521933,0.32006
YIL143C,SSL2,Suppressor of Stem-Loop mutation,0.00208322453956115,0.41975
YDR428C,BNA7,Biosynthesis of NAD,0.00208249132509365,0.40959
YPL210C,SRP72,Signal Recognition Particle,0.00207784326895339,0.37283
YNL021W,HDA1,Histone DeAcetylase,0.00207544181520448,0.30936
YJL206C,NA,NA,0.00206663285460564,0.39212
YGR110W,CLD1,CardioLipin-specific Deacylase,0.00206230128794534,0.35578
YCL008C,STP22,STerile Pseudoreversion,0.00206227377432181,0.38233
YGL197W,MDS3,Mck1 Dosage Suppressor,0.00206147844184944,0.38169
YKL098W,MTC2,Maintenance of Telomere Capping,0.0020610724108034,0.31269
YGL159W,NA,NA,0.00205876640800321,0.3786
YMR165C,PAH1,Phosphatidic Acid phosphoHydrolase,0.00205295611275644,0.21331
YBR077C,SLM4,Synthetic Lethal with Mss4,0.00204930688075465,0.43308
YPL045W,VPS16,Vacuolar Protein Sorting,0.00204832877854726,0.19884
YJR123W,RPS5,Ribosomal Protein of the Small subunit,0.00204385901856516,0.46126
YOL120C,RPL18A,Ribosomal Protein of the Large subunit,0.00203778304827916,0.45253
YHR142W,CHS7,CHitin Synthase-related,0.00203632872829224,0.46759
YOL040C,RPS15,Ribosomal Protein of the Small subunit,0.00203619002732299,0.47132
YKR047W,NA,NA,0.00203222989145228,0.37413
YDR500C,RPL37B,Ribosomal Protein of the Large subunit,0.00203207232990715,0.4331
YLR368W,MDM30,Mitochondrial Distribution and Morphology,0.00203141741639869,0.40061
YHR072W,ERG7,ERGosterol biosynthesis,0.0020278658553269102,0.41161
YKL062W,MSN4,Multicopy suppressor of SNF1 mutation,0.00202329855744014,0.3829
YGR011W,NA,NA,0.00202263285303554,0.36024
YBR127C,VMA2,Vacuolar Membrane Atpase,0.0020207711631246,0.31841
YDR112W,IRC2,Increased Recombination Centers,0.00201936537718224,0.39807
YER165C-A,NA,NA,0.00201929616591497,0.33028
YLR141W,RRN5,Regulation of RNA polymerase I,0.00201726348300202,0.36324
YFL022C,FRS2,phenylalanyl (F)-tRNA Synthetase,0.00201706927028772,0.40639
YER115C,SPR6,SPorulation Regulated,0.00200396890587153,0.44728
YJL071W,ARG2,ARGinine requiring,0.0020027901630799,0.36911
YGL008C,PMA1,Plasma Membrane ATPase,0.00200275097170229,0.44482
YOR300W,NA,NA,0.00200242143231403,0.40891
YAL010C,MDM10,Mitochondrial Distribution and Morphology,0.00199218042114205,0.40036
YGR010W,NMA2,Nicotinamide Mononucleotide Adenylyltransferase,0.0019913875199247,0.15727
YGR058W,PEF1,Penta-EF-Hand protein,0.00198922226762475,0.40451
YPR111W,DBF20,DumbBell Forming,0.00198854624021459,0.33191
YML029W,USA1,U1-Snp1 Associating,0.00198031316918856,0.3628
YGR225W,AMA1,Activator of Meiotic APC/C,0.00198024674281647,0.37459
YHR036W,BRL1,BRr6 Like protein,0.00197886653541279,0.43873
YGR071C,ENV11,late ENdosome and Vacuole interface function,0.00196739687208039,0.44529
YMR212C,EFR3,PHO Eighty Five Requiring,0.00196545749389618,0.42765
YGL127C,SOH1,Suppressor Of Hpr1,0.00196519399708203,0.45404
YLR311C,NA,NA,0.0019647974821992,0.41173
YIL048W,NEO1,NEOmycin-resistance,0.00196287491105133,0.25189
YAL002W,VPS8,Vacuolar Protein Sorting,0.00196274167005162,0.43486
YMR260C,TIF11,Translation Initiation Factor,0.00196014578063046,0.45347
YGL037C,PNC1,Pyrazinamidase and NiCotinamidase,0.00196011142879667,0.42125
YCR068W,ATG15,AuTophaGy related,0.00195807877837818,0.33474
YPL200W,CSM4,Chromosome Segregation in Meiosis,0.00195622578367107,0.48014
YGR115C,NA,NA,0.00195354316988715,0.25927
YKR106W,GEX2,Glutathione EXchanger,0.00194986736505267,0.22877
YDR080W,VPS41,Vacuolar Protein Sorting,0.0019443501184878,0.3188
YGL258W,VEL1,VELum formation,0.00194244912533361,0.34334
YGR013W,SNU71,Small NUclear ribonucleoprotein associated,0.0019420169895896,0.22832
YDR528W,HLR1,Homolog of LRe1,0.00194179786602347,0.46924
YOR002W,ALG6,Asparagine-Linked Glycosylation,0.00193914003419511,0.3126
YHL046W-A,NA,NA,0.0019386401553312,0.25839
YKR096W,ESL2,EST/SMG-like,0.00193749196856314,0.31646
YLR418C,CDC73,Cell Division Cycle,0.00193552244313975,0.3704
YBR259W,NA,NA,0.0019319919205672,0.44712
YOR192C,THI72,THI7 homolog 2,0.00193181850649336,0.34755
YJL211C,NA,NA,0.00193152864942896,0.36028
YPL185W,NA,NA,0.00192937562590662,0.448
YDR320C,SWA2,Synthetic lethal With Arf1,0.00192760100051798,0.29062
YDL248W,COS7,COnserved Sequence,0.00192075181745073,0.36379
YPR131C,NAT3,N-terminal AcetylTransferase,0.00191729829518691,0.38325
YEL058W,PCM1,PhosphoaCetylglucosamine Mutase,0.00191606537175005,0.4322
YDR162C,NBP2,Nap1 Binding Protein,0.00191371076626931,0.2738
YDR338C,NA,NA,0.00191367693509918,0.45051
YJL156C,SSY5,Sulfonylurea Sensitive on YPD,0.00190435495702375,0.23058
YMR201C,RAD14,RADiation sensitive,0.00190196539100847,0.25426
YNL196C,SLZ1,NA,0.00190175249430045,0.4178
YJL153C,INO1,INOsitol requiring,0.00189941767919725,0.48781
YGR166W,TRS65,TRapp Subunit,0.00189836883028367,0.41741
YKR078W,NA,NA,0.00189819006714384,0.45187
YDR366C,MOR1,Mitochondrial mORphology affecting,0.00189284806693301,0.38776
YER030W,CHZ1,Chaperone for Htz1/H2A-H2B dimer,0.00189046445206205,0.4119
YML118W,NGL3,NA,0.00189039088806038,0.38132
YGR116W,SPT6,SuPpressor of Ty's,0.00188684849484905,0.35048
YEL018W,EAF5,Esa1p-Associated Factor,0.00188518238052466,0.45585
YAR014C,BUD14,BUD site selection,0.00188350393337307,0.39821
YMR313C,TGL3,TriacylGlycerol Lipase,0.00187440266384131,0.31472
YDR409W,SIZ1,SAP and mIZ-finger domain,0.00187275566603031,0.43553
YOR293W,RPS10A,Ribosomal Protein of the Small subunit,0.00187095323910541,0.46139
YJL194W,CDC6,Cell Division Cycle,0.00187091300433355,0.48452
YBR092C,PHO3,PHOsphate metabolism,0.00187044023180447,0.47697
YCR073C,SSK22,Suppressor of Sensor Kinase,0.00187019938308035,0.351
YLL016W,NA,NA,0.00186290219399418,0.25116
YNL211C,MRX7,Mitochondrial oRganization of gene eXpression (MIOREX),0.00185984067578363,0.33677
YLR020C,YEH2,Yeast steryl Ester Hydrolase,0.00185170872485153,0.40594
YKL222C,NA,NA,0.00184575250208178,0.28496
YNL199C,GCR2,GlyColysis Regulation,0.00184358041062518,0.44022
YDL188C,PPH22,Protein PHosphatase,0.00183632527737542,0.46341
YMR233W,TRI1,NA,0.00183554476052502,0.46068
YOR076C,SKI7,SuperKIller,0.00182754543744712,0.43115
YMR240C,CUS1,Cold sensitive U2 snRNA Suppressor,0.00182367602379056,0.35602
YNR051C,BRE5,BREfeldin A sensitivity,0.0018177065499621,0.47269
YML010W,SPT5,SuPpressor of Ty's,0.00181759145217187,0.29207
YAL030W,SNC1,Suppressor of the Null allele of CAP,0.00181539947291531,0.39708
YEL043W,GTA1,Golgi vesicle Trafficking Associated,0.00181374403604981,0.42944
YLR087C,CSF1,Cold Sensitive for Fermentation,0.001809837359205,0.40562
YIL089W,NA,NA,0.00180916984675546,0.43001
YLR035C,MLH2,MutL Homolog,0.00180815195773478,0.38357
YKR040C,NA,NA,0.00180317659710347,0.4638
YHR185C,PFS1,Prospore Formation at Spindles,0.00179750758143692,0.39493
YDR419W,RAD30,RADiation sensitive,0.00179521992622747,0.25695
YDL099W,BUG1,Binder of USO1 and GRH1,0.00179438339286707,0.35899
YGL165C,NA,NA,0.00179388697952322,0.35436
YPR157W,TDA6,Topoisomerase I Damage Affected,0.00179130638184504,0.44024
YPR059C,NA,NA,0.001791268433162,0.4308
YLL065W,NA,NA,0.00179109862850226,0.41224
YGL262W,NA,NA,0.0017862542633689,0.35189
YDL233W,MFG1,Morphogenetic regulator of Filamentous Growth,0.00178476585420015,0.27473
YPL074W,YTA6,Yeast Tat-binding Analog,0.00178291648268863,0.27758
YPR130C,NA,NA,0.00178088659074139,0.42473
YOR384W,FRE5,Ferric REductase,0.00177331270668,0.39455
YDL169C,UGX2,Unidentified Gene X,0.00177315549845383,0.4316
YML054C,CYB2,CYtochrome B,0.0017715685934123,0.48375
YJR068W,RFC2,Replication Factor C,0.00177012230800909,0.36603
YML097C,VPS9,Vacuolar Protein Sorting,0.00176486458326931,0.28783
YMR114C,NA,NA,0.0017617519754594,0.38293
YNL077W,APJ1,Anti-Prion DnaJ,0.00175618308226777,0.43207
YDR005C,MAF1,NA,0.0017530837273292,0.36934
YPL054W,LEE1,NA,0.00175047073288605,0.453
YOR379C,NA,NA,0.00175013129181088,0.19707
YCL008C,STP22,STerile Pseudoreversion,0.00174696173102812,0.42879
YKR075C,NA,NA,0.00174493039068415,0.48728
YDR306C,PFU1,"Pheromone, F-box, Ubiquitination",0.00174490102859066,0.39892
YOR214C,SPR2,SPorulation-Regulated,0.00174413389209995,0.38295
YMR238W,DFG5,Defective for Filamentous Growth,0.00174340865300482,0.39056
YGL128C,CWC23,Complexed With Cef1p,0.00174175678835696,0.41005
YHR005C,GPA1,G Protein Alpha subunit,0.00173965701964341,0.35729
YKL023W,SKA1,SKi Associated factor,0.00173841474914821,0.46152
YJR090C,GRR1,Glucose Repression-Resistant,0.00173557359361468,0.30087
YMR172W,HOT1,High-Osmolarity-induced Transcription,0.0017337834752889,0.23289
YNL165W,NA,NA,0.00173160419915326,0.45158
YKL006C-A,SFT1,Suppressor of sed Five Ts,0.00173109068365055,0.35255
YIL035C,CKA1,Casein Kinase Alpha subunit,0.00173055899449624,0.32497
YDL024C,DIA3,Digs Into Agar,0.00172933760703732,0.40876
YPL246C,RBD2,NA,0.00172874833675129,0.43517
YOL128C,YGK3,Yeast homolog of Glycogen synthase Kinase,0.00172823576642161,0.45039
YAR047C,NA,NA,0.00172704875795396,0.24463
YBL072C,RPS8A,Ribosomal Protein of the Small subunit,0.00172629199484476,0.46971
YMR176W,ECM5,ExtraCellular Mutant,0.00172411374252892,0.38837
YCL056C,PEX34,PEroXin,0.00172328329946159,0.44834
YDR323C,PEP7,carboxyPEPtidase Y-deficient,0.0017217389330428,0.26411
YDL139C,SCM3,Suppressor of Chromosome Missegregation,0.00172092164913818,0.37035
YJL190C,RPS22A,Ribosomal Protein of the Small subunit,0.0017148158668634,0.46103
YER051W,JHD1,JmjC domain-containing Histone Demethylase,0.00171467781337195,0.18628
YKL130C,SHE2,Swi5p-dependent HO Expression,0.00171067258676069,0.3139
YLR310C,CDC25,Cell Division Cycle,0.0017086550311337,0.35207
YDL016C,NA,NA,0.00170850535927974,0.32918
YDL001W,RMD1,Required for Meiotic nuclear Division,0.00170387306167915,0.25771
YLL063C,AYT1,AcetYlTransferase,0.00169171514942498,0.23302
YJR012C,NA,NA,0.00168720782387033,0.31294
YLR292C,SEC72,SECretory,0.00168713149003736,0.38535
YJL136C,RPS21B,Ribosomal Protein of the Small subunit,0.00168638239394057,0.46675
YCL023C,NA,NA,0.00168234949274829,0.42165
YOR005C,DNL4,DNA Ligase,0.00168031830721355,0.24578
YMR216C,SKY1,SRPK1-like Kinase in Yeast,0.00167928951960443,0.4224
YAL064W,NA,NA,0.00167500951898743,0.31414
YPL062W,NA,NA,0.001674211838957,0.39486
YDR327W,NA,NA,0.00167355489914819,0.35174
YJR108W,ABM1,Aberrant Microtubules,0.00167273782394551,0.36612
YER044C-A,MEI4,MEIosis-specific,0.00167185007302342,0.42178
YGL119W,COQ8,COenzyme Q,0.00167008766044629,0.38641
YIL100W,NA,NA,0.00166527948052858,0.42111
YGL112C,TAF6,TATA binding protein-Associated Factor,0.00166460090972501,0.4304
YBR172C,SMY2,Suppressor of MYo2-66,0.0016606500607406,0.47533
YGL140C,NA,NA,0.00165227169671024,0.4164
YLR387C,REH1,REI1 Homolog,0.00165208564609127,0.41865
YGR240C,PFK1,PhosphoFructoKinase,0.00165158850478477,0.47723
YDR544C,NA,NA,0.00164897377524145,0.33601
YKR101W,SIR1,Silent Information Regulator,0.00164888009668294,0.43389
YDL047W,SIT4,Suppressor of Initiation of Transcription,0.0016476712042312,0.36137
YCR097W,HMRA1,Hidden Mat Right A,0.00164367476763748,0.33496
YPR177C,NA,NA,0.00164361778683616,0.29461
YDL083C,RPS16B,Ribosomal Protein of the Small subunit,0.00164197703708407,0.45278
YPL238C,NA,NA,0.00164103007045315,0.42771
YMR164C,MSS11,Multicopy Suppressor of STA genes,0.00164036086870149,0.43712
YDR522C,SPS2,SPorulation Specific,0.00163817910513444,0.34117
YLR004C,THI73,THIamine regulon,0.00163774789386945,0.4881
YLR126C,NA,NA,0.00163348392723104,0.39073
YOL064C,MET22,METhionine requiring,0.00163278835860443,0.44697
YDR015C,NA,NA,0.00163156316998462,0.34992
YNL237W,YTP1,Yeast putative Transmembrane Protein,0.00163030347618047,0.36853
YLR033W,RSC58,Remodel the Structure of Chromatin,0.00162964877101199,0.3805
YPL120W,VPS30,Vacuolar Protein Sorting,0.00162939339303782,0.45663
YKR017C,HEL1,Histone E3 Ligase,0.00162336994682073,0.32124
YDL002C,NHP10,Non-Histone Protein,0.00162327595284076,0.28
YDR187C,NA,NA,0.00162172609966245,0.33184
YBL077W,NA,NA,0.00162153570933604,0.44097
YLR427W,MAG2,NA,0.00161511788030627,0.42489
YCR076C,FUB1,FUnction of Boundary,0.00161464548573753,0.41174
YIL120W,QDR1,QuiniDine Resistance,0.001613896393213,0.47081
YOL035C,NA,NA,0.00160562589968478,0.46418
YPR079W,MRL1,Mannose 6-phosphate Receptor Like,0.00160441327569116,0.38112
YDR272W,GLO2,GLyOxalase,0.00160313084634528,0.32186
YER044C-A,MEI4,MEIosis-specific,0.00160231516506261,0.42136
YPR199C,ARR1,ARsenicals Resistance,0.00160132325947081,0.40239
YLR094C,GIS3,GIg1-2 Suppressor,0.00159988758676627,0.34482
YML119W,NA,NA,0.00159763818197275,0.45242
YDL118W,NA,NA,0.00159413145052982,0.41683
YNR071C,NA,NA,0.00159323223806421,0.27004
YDL160C,DHH1,DEAD box Helicase Homolog,0.00159054559287419,0.3858
YDR352W,YPQ2,Yeast PQ-loop protein,0.00158651931387461,0.42348
YMR272C,SCS7,Suppressor of Ca2+ Sensitivity,0.00158594042953123,0.31335
YPL180W,TCO89,Tor Complex One,0.00158207712004628,0.35099
YGR250C,RIE1,Restoration of Impaired growths of ERMES-lacking cells,0.00158115556223233,0.45105
YJL001W,PRE3,PRoteinase yscE,0.00157620093866647,0.44411
YLR149C,GID11,Glucose Induced Degradation deficient,0.00157323049779573,0.41894
YBR225W,NA,NA,0.00156958138061688,0.31293
YNR030W,ALG12,Asparagine-Linked Glycosylation,0.00156727928892777,0.4099
YDL071C,NA,NA,0.00156400124698372,0.41609
YDR057W,YOS9,Yeast OS-9 homolog,0.00156191757690331,0.3161
YJL037W,IRC18,Increased Recombination Centers,0.0015495014091848,0.31834
YPL071C,NA,NA,0.00154157670216657,0.38844
YPR098C,TMH18,TMem205 Homolog of 18 kDa,0.0015391372660941,0.44699
YGR016W,NA,NA,0.00153479967664219,0.37082
YJL007C,NA,NA,0.00152665454969897,0.44124
YAL048C,GEM1,GTPase EF-hand protein of Mitochondria,0.00152558851657803,0.28827
YGR130C,NA,NA,0.00152553859920822,0.43916
YDR233C,RTN1,ReTiculoN-like,0.00152431202553637,0.44498
YJL032W,NA,NA,0.00152053448143912,0.40485
YHR139C-A,NA,NA,0.00151654920258985,0.45607
YDR467C,NA,NA,0.0015159154512063,0.34083
YDL110C,TMA17,Translation Machinery Associated,0.00151142207063824,0.41377
YJL165C,HAL5,HALotolerance,0.00150938600421256,0.25279
YOR279C,RFM1,Repression Factor of Middle sporulation element,0.00150929798751853,0.44055
YMR086W,SEG1,Stability of Eisosomes Guaranteed,0.00150166833830699,0.40607
YMR017W,SPO20,SPOrulation,0.001500575231002,0.46644
YLR325C,RPL38,Ribosomal Protein of the Large subunit,0.00149785896333655,0.4455
YOR061W,CKA2,Casein Kinase Alpha' subunit,0.00149638102457192,0.47603
YLR461W,PAU4,seriPAUperin family,0.00149399132812854,0.44156
YAL051W,OAF1,Oleate-Activated transcription Factor,0.00148800762969018,0.41687
YGL042C,NA,NA,0.0014878761980424,0.33265
YFR039C,OSW7,Outer Spore Wall,0.001486999976108,0.43974
YHR019C,DED81,Defines Essential Domain,0.00148347098327484,0.47076
YJL052W,TDH1,Triose-phosphate DeHydrogenase,0.00148315972883916,0.45746
YJL204C,RCY1,ReCYcling,0.00148135849341889,0.36629
YDR227W,SIR4,Silent Information Regulator,0.00148014664804021,0.30228
YLR013W,GAT3,NA,0.00147907476373985,0.43991
YMR278W,PRM15,Phospho Ribo Mutase,0.00147766366158228,0.42778
YDL046W,NPC2,Niemann Pick type C homolog,0.00147755624723052,0.431
YLR220W,CCC1,Cross-Complements Ca(2+) phenotype of csg1,0.0014765909664829,0.35347
YLR066W,SPC3,Signal Peptidase Complex,0.00147537506413084,0.40063
YBL046W,PSY4,Platinum SensitivitY,0.00147382940107271,0.42241
YGR184C,UBR1,NA,0.00146633740698256,0.42666
YDR029W,NA,NA,0.00146527578056296,0.33622
YER172C-A,NA,NA,0.00146429045377422,0.27179
YOR381W,FRE3,Ferric REductase,0.00146264251790971,0.34368
YLR442C,SIR3,Silent Information Regulator,0.00146160958900551,0.40962
YNL208W,NA,NA,0.00145934786047475,0.47444
YKL180W,RPL17A,Ribosomal Protein of the Large subunit,0.00145924645961591,0.45267
YPL274W,SAM3,S-AdenosylMethionine metabolism,0.00145620364749484,0.48194
YER181C,NA,NA,0.00145586394604506,0.43588
YJL219W,HXT9,HeXose Transporter,0.00145523613463412,0.38014
YBR240C,THI2,THIamine metabolism,0.00145209333396049,0.48903
YMR306C-A,NA,NA,0.00144983717011709,0.43279
YIL029C,EMA17,Efficient Mitochondria targeting-Associated protein,0.00144790179891249,0.42385
YMR247C,RKR1,RING domain mutant Killed by Rtf1 deletion,0.00144772568425948,0.45242
YGL024W,NA,NA,0.00144535961123575,0.42087
YLR088W,GAA1,GPI Anchor Attachment,0.00144403783652819,0.35166
YOL068C,HST1,Homolog of SIR Two (SIR2),0.00144308037935008,0.4183
YKL209C,STE6,STErile,0.00143974780033812,0.3276
YIL023C,YKE4,Yeast ortholog of mouse KE4,0.00143773706405813,0.3853
YKL211C,TRP3,TRyPtophan,0.00143674154401814,0.35773
YBL088C,TEL1,TELomere maintenance,0.00143058515411076,0.40335
YDL147W,RPN5,Regulatory Particle Non-ATPase,0.00143043141419227,0.47693
YCR106W,RDS1,Regulator of Drug Sensitivity,0.0014285140702479,0.24865
YOL145C,CTR9,Cln Three (CLN3) Requiring,0.00142542068986285,0.42233
YER022W,SRB4,Suppressor of RNA polymerase B,0.00142496464654298,0.46253
YIL040W,APQ12,APical growth revealed by Quantitative morphological analysis,0.0014235824326202,0.4113
YKL219W,COS9,COnserved Sequence,0.0014222285389699,0.39397
YDR034C,LYS14,LYSine requiring,0.00142107879068291,0.33015
YPR126C,NA,NA,0.00141948822770339,0.45456
YHR204W,MNL1,MaNnosidase-Like protein,0.00141899389387318,0.44894
YJL199C,MBB1,NA,0.00141720098800851,0.42044
YLR371W,ROM2,RhO1 Multicopy suppressor,0.00141699316633143,0.38939
YNL149C,PGA2,Processing of Gas1p and ALP,0.00141470791404543,0.35507
YBL104C,SEA4,SEh1-Associated,0.00141310182194639,0.43293
YAL014C,SYN8,SYNtaxin,0.00141063241710146,0.43031
YCR004C,YCP4,NA,0.00140843064944191,0.41066
YHL017W,NA,NA,0.00140641533608567,0.40903
YLR454W,FMP27,Found in Mitochondrial Proteome,0.00140625616804986,0.42018
YDL005C,MED2,MEDiator complex,0.00140600600294884,0.44748
YMR075W,RCO1,NA,0.00139517304390781,0.36914
YHR145C,NA,NA,0.00139323033121752,0.39513
YPL154C,PEP4,carboxyPEPtidase Y-deficient,0.00139270628471467,0.46567
YIR023W,DAL81,Degradation of Allantoin,0.00139194249563739,0.3553
YBR292C,NA,NA,0.00138886664336747,0.38498
YHL010C,ETP1,Ethanol Tolerance Protein,0.00138501046508183,0.38676
YMR130W,DPI35,Delta-Psi dependent mitochondrial Import protein of 35 kDa,0.00138407431615838,0.28315
YGL185C,NA,NA,0.00138383765104906,0.41804
YGL087C,MMS2,Methyl MethaneSulfonate sensitivity,0.00138291954055027,0.35028
YPL195W,APL5,clathrin Adaptor Protein complex Large chain,0.00137961247667362,0.45641
YMR142C,RPL13B,Ribosomal Protein of the Large subunit,0.00137569659751376,0.45955
YLR080W,EMP46,NA,0.00137367838968845,0.42173
YMR263W,SAP30,Sin3-Associated Polypeptide,0.00136992707418518,0.37385
YOR113W,AZF1,Asparagine-rich Zinc-Finger,0.00136847568104694,0.43007
YKL121W,DGR2,2-Deoxy-Glucose Resistant 2,0.00136157901583929,0.31308
YPL216W,NA,NA,0.00136148269303794,0.25275
YLR465C,BSC3,Bypass of Stop Codon,0.00135906978079088,0.28619
YPL085W,SEC16,SECretory,0.00135766773625429,0.41774
YDL054C,MCH1,MonoCarboxylate transporter Homolog,0.00135766723313136,0.45771
YGL257C,MNT2,MaNnosylTransferase,0.00135627215307025,0.32304
YOL076W,MDM20,Mitochondrial Distribution and Morphology,0.00135225008366855,0.39687
YOR244W,ESA1,NA,0.00134937329846041,0.40893
YER014C-A,BUD25,BUD site selection,0.00134788747384903,0.32449
YLL043W,FPS1,fdp1 Suppressor,0.00134451246791019,0.37472
YGL023C,PIB2,PhosphatidylInositol(3)-phosphate Binding,0.00133642959025903,0.39094
YNL294C,RIM21,Regulator of IME2,0.0013356283955692,0.41599
YOR293W,RPS10A,Ribosomal Protein of the Small subunit,0.0013341863567924,0.47848
YMR026C,PEX12,PEroXin,0.00133198309686087,0.46235
YCR093W,CDC39,Cell Division Cycle,0.0013314838041213,0.46187
YOR104W,PIN2,Psi+ INducibility,0.00132947592251266,0.31933
YLR425W,TUS1,TOR Unique function Suppressor,0.0013282775102216,0.38145
YOR151C,RPB2,RNA Polymerase B,0.00132704231178274,0.387
YLR277C,YSH1,Yeast Seventy-three Homolog,0.00132502943891388,0.45756
YDR537C,NA,NA,0.00132286057391416,0.37256
YEL053C,MAK10,MAintenance of Killer,0.00132148709342474,0.44552
YPL123C,RNY1,RiboNuclease from Yeast,0.00132004255363245,0.46469
YER133W,GLC7,GLyCogen,0.00131867634603933,0.35949
YPR122W,AXL1,AXiaL budding,0.00131664952770371,0.34995
YMR084W,NA,NA,0.00131142960037862,0.41257
YGL033W,HOP2,HOmologous Pairing,0.00131055186686362,0.35983
YER008C,SEC3,SECretory,0.00130006997201195,0.37472
YGR073C,NA,NA,0.00129153312053942,0.43319
YKR018C,NA,NA,0.00129152934030794,0.39262
YNL269W,BSC4,Bypass of Stop Codon,0.00129016442954949,0.42548
YER133W,GLC7,GLyCogen,0.00128795868110126,0.42345
YEL015W,EDC3,Enhancer of mRNA DeCapping,0.00128386960648456,0.31296
YIL151C,ESL1,EST/SMG-like,0.00128378791734182,0.4226
YGL258W,VEL1,VELum formation,0.00128036402586182,0.33327
YDR008C,NA,NA,0.00127957399873106,0.40301
YMR254C,NA,NA,0.00127932967787172,0.38465
YEL014C,NA,NA,0.00127441277045815,0.42633
YCL029C,BIK1,BIlateral Karyogamy defect,0.00126922423198278,0.38233
YKR055W,RHO4,Ras HOmolog,0.00126745808243092,0.36962
YLR235C,NA,NA,0.00126641033589271,0.29877
YFR034C,PHO4,PHOsphate metabolism,0.00126397592962913,0.39357
YBR006W,UGA2,Utilization of GAba,0.00126126578616781,0.40936
YPR188C,MLC2,Myo1p Light Chain,0.00126013339373367,0.46132
YGR041W,BUD9,BUD site selection,0.00125696672495294,0.4712
YNL249C,MPA43,Multicopy PDC1 Activator,0.00125651729353659,0.31345
YDL171C,GLT1,GLuTamate synthase,0.00125162616674063,0.43383
YBR226C,NA,NA,0.0012485267044924,0.36177
YAL066W,NA,NA,0.00124721051069951,0.39593
YGL218W,NA,NA,0.00124419495426686,0.37344
YGL011C,SCL1,Suppressor of Crl3 ts Lethality,0.00124252307326328,0.45899
YPL264C,NA,NA,0.00123807782026448,0.46044
YHR012W,VPS29,Vacuolar Protein Sorting,0.00123579303797013,0.30889
YCL075W,NA,NA,0.00123541104329643,0.37169
YAL067C,SEO1,Suppressor of sulfoxyde EthiOnine resistance,0.00123378265507082,0.31506
YMR124W,EPO1,Endoplasmic reticulum POlarization,0.00123289643587346,0.43911
YER123W,YCK3,Yeast Casein Kinase,0.00122428225566119,0.45806
YCL033C,MXR2,peptide Methionine sulfoXide Reductase,0.00122348983130515,0.42444
YJL223C,PAU1,seriPAUperin family,0.00122332980855358,0.38017
YGR019W,UGA1,Utilization of GAba,0.00122290310898688,0.41489
YBR042C,CST26,Chromosome STability,0.00120837777610128,0.43072
YDR442W,NA,NA,0.00120659684107797,0.40249
YLL019C,KNS1,Kinase Next to SPA2,0.00120440392801558,0.3977
YER021W,RPN3,Regulatory Particle Non-ATPase,0.00120352747584299,0.39593
YEL013W,VAC8,VACuole related,0.00120206475309854,0.31747
YJL076W,NET1,Nucleolar silencing Establishing factor and Telophase regulator,0.00119394003144505,0.36848
YCR069W,CPR4,Cyclosporin-sensitive Proline Rotamase,0.00119207651097682,0.40897
YIR017W-A,NA,NA,0.00118972824963007,0.46451
YMR231W,PEP5,carboxyPEPtidase Y-deficient,0.00118674886097148,0.40631
YEL010W,NA,NA,0.00118334229709882,0.45433
YAL004W,NA,NA,0.00118300006444636,0.45474
YFR009W,GCN20,General Control Nonderepressible,0.0011807770120046,0.45192
YGL006W-A,NA,NA,0.00117024664414799,0.4202
YGR268C,HUA1,NA,0.00116922353630259,0.40205
YOR008C,SLG1,Synthetic Lethal with Gap,0.00116466961683191,0.39297
YMR187C,NA,NA,0.00116427310268803,0.3483
YAL064C-A,TDA8,Topoisomerase I Damage Affected,0.00116412761274664,0.267
YOR305W,RRG7,Required for Respiratory Growth,0.00116380948148405,0.41301
YHR209W,CRG1,Cantharidin Resistance Gene,0.00116356081799905,0.47115
YPL058C,PDR12,Pleiotropic Drug Resistance,0.00115985948863024,0.48785
YPL233W,NSL1,Nnf1 Synthetic Lethal,0.00115778443933854,0.38238
YER019C-A,SBH2,Sec61 beta homolog 2,0.00115608847206217,0.45435
YDR114C,NA,NA,0.00115273593523529,0.44026
YER039C,HVG1,Homologous to VRG4,0.00115185521589612,0.42343
YOL139C,CDC33,Cell Division Cycle,0.00114691712654176,0.34702
YCL007C,NA,NA,0.00114531910586608,0.41584
YLR124W,NA,NA,0.00114512400503081,0.39158
YMR028W,TAP42,Two A phosphatase Associated Protein,0.00114024006501325,0.44777
YPR095C,SYT1,Suppressor of ypt3,0.00113979923842185,0.41396
YOR128C,ADE2,ADEnine requiring,0.00113611876100327,0.4877
YIL163C,NA,NA,0.00113589255893581,0.42974
YDR039C,ENA2,"Exitus NAtru (Latin, ""exit sodium"")",0.00113240859027637,0.42761
YLR246W,ERF2,Effect on Ras Function,0.00113141899160757,0.36553
YML010W,SPT5,SuPpressor of Ty's,0.00112867740130919,0.43243
YFR048W,RMD8,Required for Meiotic nuclear Division,0.00112431012334832,0.39062
YPL037C,EGD1,Enhancer of Gal4 DNA binding,0.00112359871919615,0.44281
YHR208W,BAT1,Branched-chain Amino acid Transaminase,0.00111721739440414,0.47165
YDR071C,PAA1,PolyAmine Acetyltransferase,0.00110671997447652,0.46308
YLR165C,PUS5,PseudoUridine Synthase,0.00110329148970494,0.45482
YIL041W,GVP36,Golgi Vesicle Protein,0.00110099111667169,0.39606
YLR380W,CSR1,Chs5 Spa2 Rescue,0.00109518763350021,0.46933
YLR463C,NA,NA,0.00109518548685594,0.45186
YDL172C,NA,NA,0.00109390978165554,0.41487
YJR084W,NA,NA,0.00109349335249004,0.44432
YBR174C,NA,NA,0.0010925677112024,0.42052
YDR088C,SLU7,Synergistic Lethal with U5 snRNA,0.00109132191531809,0.4257
YKL024C,URA6,URAcil requiring,0.00108299426652803,0.47904
YER188C-A,NA,NA,0.00108039292445088,0.43944
YDR498C,SEC20,SECretory,0.00107823853987143,0.3787
YJR094W-A,RPL43B,Ribosomal Protein of the Large subunit,0.00107236810376548,0.47865
YKL018W,SWD2,"Set1c, WD40 repeat protein",0.00107199989518338,0.36797
YDR489W,SLD5,Synthetic Lethality with Dpb11-1,0.00106037236829343,0.45982
YDR524C,AGE1,Arf Gap with Effector function(s),0.00105969344445468,0.46193
YOL166C,NA,NA,0.00105413857091296,0.37891
YMR044W,IOC4,Iswi One Complex,0.00105016746768556,0.45348
YDR128W,MTC5,Maintenance of Telomere Capping,0.00104888049278627,0.43726
YAL069W,NA,NA,0.0010481213979888,0.48132
YER119C-A,NA,NA,0.00104324319451994,0.42567
YGR164W,NA,NA,0.00104079058892376,0.4347
YPR089W,NA,NA,0.00104020622127961,0.46364
YDR513W,GRX2,GlutaRedoXin,0.00103941985161893,0.44044
YPR189W,SKI3,SuperKIller,0.00103869801290911,0.45272
YJL058C,BIT61,Binding partner of Tor2p,0.00103473747182288,0.38879
YPR054W,SMK1,NA,0.00103179706024348,0.34769
YNL296W,NA,NA,0.00102761469537454,0.29839
YDR333C,RQC1,Ribosome Quality Control,0.00102148387370504,0.46704
YGR196C,FYV8,Function required for Yeast Viability,0.00101180782229305,0.44836
YBR283C,SSH1,Sec Sixty-one Homolog,0.00100869988121855,0.40615
YER093C,TSC11,Temperature-sensitive Suppressors of Csg2 mutants,0.0010069210189805,0.42098
YJR024C,MDE1,Methylthioribulose-1-phosphate DEhydratase,0.00100431107901791,0.4626
YNR074C,AIF1,Apoptosis-Inducing Factor,9.9818735745299e-4,0.35546
YPL088W,NA,NA,9.9113678538239e-4,0.4693
YGR117C,NA,NA,9.8658425178259e-4,0.45724
YOR104W,PIN2,Psi+ INducibility,9.8496486836999e-4,0.33119
YBR273C,UBX7,UBiquitin regulatory X,9.832666416539e-4,0.44394
YKL031W,NA,NA,9.7831894006156e-4,0.42257
YKL217W,JEN1,NA,9.7667578488767e-4,0.4894
YPL179W,PPQ1,Protein Phosphatase Q,9.751909984249e-4,0.47627
YAR019C,CDC15,Cell Division Cycle,9.7463595368386e-4,0.41197
YMR031W-A,NA,NA,9.745664689019e-4,0.47136
YCR097W-A,NA,NA,9.7341217378562e-4,0.4683
YLR307W,CDA1,Chitin DeAcetylase,9.7306726795291e-4,0.45926
YGL051W,MST27,Multicopy suppressor of Sec Twenty one,9.6829474243474e-4,0.4531
YKR033C,NA,NA,9.6608787866136e-4,0.46339
YNL172W,APC1,Anaphase Promoting Complex subunit,9.6453420680958e-4,0.45764
YER149C,PEA2,PEAnut shmoo mutant,9.629062960922e-4,0.35381
YMR140W,SIP5,Snf1 Interacting Protein,9.6105072548834e-4,0.45397
YOL095C,HMI1,Helicase in MItochondria,9.5923647545142e-4,0.43018
YOR068C,VAM10,VAcuolar Morphogenesis,9.5900878733738e-4,0.38156
YLR145W,RMP1,RNase MRP Protein,9.5536691442978e-4,0.47073
YOL103W,ITR2,myo-Inositol TRansporter,9.5014984702739e-4,0.45355
YBL013W,FMT1,Formyl-Methionyl-tRNA Transformylase,9.4988791369716e-4,0.39283
YKL210W,UBA1,UBiquitin Activating,9.4969119234091e-4,0.43907
YJL029C,VPS53,Vacuolar Protein Sorting,9.489719070297e-4,0.47144
YHL023C,NPR3,Nitrogen Permease Regulator,9.4738033858341e-4,0.36963
YNL267W,PIK1,Phosphatidyl Inositol Kinase,9.4609719542889e-4,0.48639
YBR062C,NA,NA,9.4271306884081e-4,0.43149
YLR305C,STT4,STaurosporine and Temperature sensitive,9.4074613969837e-4,0.37651
YML060W,OGG1,8-OxoGuanine Glycosylase/lyase,9.394064727497e-4,0.42161
YEL044W,IES6,Ino Eighty Subunit,9.3684907059921e-4,0.4389
YDR066C,RTR2,Regulator of TRanscription,9.3487188680947e-4,0.43801
YJR147W,HMS2,High-copy Mep Suppressor,9.323466817897e-4,0.44042
YER164W,CHD1,"Chromatin organization modifier, Helicase, and DNA-binding domains",9.3152448123078e-4,0.46101
YHL046C,PAU13,seriPAUperin,9.251986337378e-4,0.4569
YPL023C,MET12,METhionine requiring,9.2380636506182e-4,0.39075
YJL151C,SNA3,Sensitivity to NA+,9.2309783715777e-4,0.4659
YDR248C,NA,NA,9.1936698821957e-4,0.48544
YNL337W,NA,NA,9.155220356167e-4,0.46918
YLL017W,NA,NA,9.1340673053483e-4,0.42298
YLR235C,NA,NA,9.1195970061765e-4,0.35587
YGL091C,NBP35,Nucleotide Binding Protein,9.1151511060667e-4,0.4629
YAL040C,CLN3,CycLiN,9.0874773069336e-4,0.47718
YPR088C,SRP54,Signal Recognition Particle 54-kD subunit,9.083215712134e-4,0.39364
YMR321C,NA,NA,9.0751877493874e-4,0.4745
YNL301C,RPL18B,Ribosomal Protein of the Large subunit,9.0695364744984e-4,0.48194
YDR245W,MNN10,MaNNosyltransferase,9.0634752179056e-4,0.3639
YOR049C,RSB1,Resistance to Sphingoid long-chain Base,9.044369925061e-4,0.42004
YDR038C,ENA5,"Exitus NAtru (Latin, ""exit sodium"")",9.001008631555e-4,0.45323
YOR380W,RDR1,Repressor of Drug Resistance,8.9878778448568e-4,0.48262
YLR025W,SNF7,Sucrose NonFermenting,8.9719498798529e-4,0.461
YKL048C,ELM1,ELongated Morphology,8.9292015389651e-4,0.423
YEL005C,VAB2,VAc8p Binding,8.9173767135641e-4,0.42157
YNL027W,CRZ1,Calcineurin-Responsive Zinc finger,8.8618285980083e-4,0.42235
YOR345C,NA,NA,8.8426163012951e-4,0.4569
YDL078C,MDH3,Malate DeHydrogenase,8.8359934289924e-4,0.44314
YJL141C,YAK1,Yet Another Kinase,8.7867874551447e-4,0.43286
YKL052C,ASK1,Associated with Spindles and Kinetochores,8.7775537822466e-4,0.45968
YIL155C,GUT2,Glycerol UTilization,8.7727402895685e-4,0.43325
YDR439W,LRS4,Loss of RDNA Silencing,8.7526114766593e-4,0.47286
YDL011C,NA,NA,8.7261828444017e-4,0.45881
YJL005W,CYR1,CYclic AMP Requirement,8.6444698157087e-4,0.43429
YNL054W,VAC7,VACuolar segregation,8.6427841592384e-4,0.34988
YDR192C,NUP42,NUclear Pore,8.6100939145538e-4,0.46486
YML071C,COG8,Conserved Oligomeric Golgi complex,8.6079331643678e-4,0.42378
YKL038W,RGT1,Restores Glucose Transport,8.5684662502275e-4,0.46542
YDR350C,ATP22,ATPase synthase,8.5321115347764e-4,0.45959
YDR012W,RPL4B,Ribosomal Protein of the Large subunit,8.4404689498304e-4,0.48124
YBL044W,NA,NA,8.4388469687659e-4,0.4584
YPL207W,TYW1,Trna-YW synthesizing protein,8.4333912917295e-4,0.45225
YDR014W,RAD61,RADiation sensitive,8.4258820800671e-4,0.41308
YPR019W,MCM4,MiniChromosome Maintenance,8.4162500864639e-4,0.43415
YNL286W,CUS2,Cold sensitive U2 snRNA Suppressor,8.3682326944893e-4,0.4176
YPR132W,RPS23B,Ribosomal Protein of the Small subunit,8.344007431107e-4,0.47495
YDR273W,DON1,DONut,8.3289888242891e-4,0.47869
YCL048W,SPS22,SPorulation Specific 2 too (2),8.2997191019875e-4,0.45279
YOR221C,MCT1,Malonyl-CoA:ACP Transferase,8.2880017368852e-4,0.44379
YOR157C,PUP1,PUtative Proteasome subunit,8.2737398275433e-4,0.4765
YMR235C,RNA1,rapid cessation of net RNA accumulation,8.2528558732723e-4,0.43716
YLR085C,ARP6,Actin-Related Protein,8.1409841497977e-4,0.41921
YJR157W,NA,NA,8.0573948613693e-4,0.46656
YNR047W,FPK1,FliPase Kinase 1,8.0005724029077e-4,0.45719
YPR171W,BSP1,Binding protein of Synaptojanin Polyphosphoinositide phosphatase domain,7.9102324599784e-4,0.43657
YDR328C,SKP1,Suppressor of Kinetochore Protein mutant,7.8955151622227e-4,0.45096
YNL247W,CRS1,"Cysteinyl-tRNA Synthetase, CysRS",7.8853824308912e-4,0.45519
YJL072C,PSF2,Partner of Sld Five,7.862749121556e-4,0.47171
YOR023C,AHC1,Ada Histone acetyltransferase complex Component,7.846702458299e-4,0.47567
YDR373W,FRQ1,FReQuenin homolog,7.7527534826378e-4,0.45843
YDR164C,SEC1,SECretory,7.7336516028928e-4,0.42235
YGR267C,FOL2,FOLic acid synthesis,7.7321235744229e-4,0.43699
YFR057W,NA,NA,7.7151733441084e-4,0.43319
YOL148C,SPT20,SuPpressor of Ty,7.7134359039567e-4,0.42605
YPR117W,NA,NA,7.7086392626956e-4,0.43429
YHR182W,RGD3,NA,7.6930990731027e-4,0.45492
YER148W,SPT15,SuPpressor of Ty insertions,7.6856266821993e-4,0.46693
YMR306W,FKS3,FK506 Sensitivity,7.6425451171887e-4,0.42533
YJR154W,NA,NA,7.640950233943e-4,0.48258
YFL028C,CAF16,CCR4 Associated Factor,7.6193497534139e-4,0.46681
YBR135W,CKS1,Cdc28 Kinase Subunit,7.5825877105668e-4,0.44927
YDR283C,GCN2,General Control Nonderepressible,7.5585057879605e-4,0.37681
YDR457W,TOM1,Temperature dependent Organization in Mitotic nucleus or Trigger Of Mitosis,7.5285681820223e-4,0.4637
YGL116W,CDC20,Cell Division Cycle,7.5121093691603e-4,0.46662
YDR082W,STN1,Suppressor of cdc ThirteeN,7.5091001407091e-4,0.48299
YCR027C,RHB1,RHeB homolog,7.4336869773771e-4,0.39999
YJL134W,LCB3,Long-Chain Base,7.4289871426293e-4,0.45334
YNL039W,BDP1,B Double Prime,7.4275134814964e-4,0.45815
YLR171W,NA,NA,7.4062712866578e-4,0.46304
YOR217W,RFC1,Replication Factor C,7.3799148948191e-4,0.44162
YDR142C,PEX7,PEroXin,7.3262566298554e-4,0.49
YDL159W,STE7,STErile,7.3189936249158e-4,0.47281
YFL049W,SWP82,SWi/snf-associated Protein,7.2941974717455e-4,0.3866
YOR014W,RTS1,Rox Three Suppressor,7.2650150770784e-4,0.44401
YER097W,NA,NA,7.2018784807236e-4,0.44263
YMR146C,TIF34,Translation Initiation Factor,7.1888252488021e-4,0.47236
YGL172W,NUP49,NUclear Pore,7.1722347998924e-4,0.39813
YKL225W,NA,NA,7.1122505510965e-4,0.43201
YDR126W,SWF1,Spore Wall Formation,7.08259295066e-4,0.43553
YER173W,RAD24,RADiation sensitive,7.0402175483156e-4,0.45415
YPL035C,NA,NA,7.038385269492e-4,0.45286
YLR082C,SRL2,Suppressor of Rad53 null Lethality,7.022464290692e-4,0.42461
YLR465C,BSC3,Bypass of Stop Codon,6.9890089624631e-4,0.45964
YFR004W,RPN11,Regulatory Particle Non-ATPase,6.9819135957213e-4,0.4708
YAR071W,PHO11,PHOsphate metabolism,6.9659402514526e-4,0.42143
YEL006W,YEA6,NA,6.9573123506247e-4,0.45151
YGL228W,SHE10,Sensitivity to High Expression,6.9572054907947e-4,0.44825
YAR061W,NA,NA,6.9548915797959e-4,0.42082
YMR162C,DNF3,Drs2 Neo1 Family,6.9298512759272e-4,0.43776
YGL130W,CEG1,Capping Enzyme Guanylyltransferase,6.9213744946355e-4,0.37901
YDR432W,NPL3,Nuclear Protein Localization,6.8780910426332e-4,0.49283
YDL163W,NA,NA,6.8574995137545e-4,0.37402
YBR015C,MNN2,MaNNosyltransferase,6.8557843504026e-4,0.49164
YGR271W,SLH1,SKI2-Like Helicase,6.8535550273841e-4,0.45086
YDL130W,RPP1B,Ribosomal Protein P1 Beta,6.8099409320562e-4,0.49435
YER079W,NA,NA,6.7682908452317e-4,0.45196
YDR278C,NA,NA,6.7533284224656e-4,0.46794
YOR365C,NA,NA,6.7346183045701e-4,0.46271
YLR426W,TDA5,Topoisomerase I Damage Affected,6.7332606049704e-4,0.44974
YDR188W,CCT6,Chaperonin Containing TCP-1,6.7271866459951e-4,0.46482
YJL220W,NA,NA,6.7081106215552e-4,0.38664
YCR092C,MSH3,MutS Homolog,6.6826557624475e-4,0.46968
YGR048W,UFD1,Ubiquitin Fusion Degradation protein,6.6783352039789e-4,0.47756
YBR163W,EXO5,EXOnuclease V,6.6605611996588e-4,0.47969
YLR001C,NA,NA,6.6135503241026e-4,0.47544
YDR085C,AFR1,Alpha-Factor Receptor regulator,6.6107453108208e-4,0.48535
YJL182C,NA,NA,6.5129652897178e-4,0.45813
YCL045C,EMC1,ER Membrane protein Complex,6.5007075433046e-4,0.46503
YPR154W,PIN3,Psi+ INducibility,6.4906701842351e-4,0.4881
YJR115W,NA,NA,6.479488277878e-4,0.4898
YAL026C,DRS2,Deficiency of Ribosomal Subunits,6.4542616283657e-4,0.44993
YOL026C,MIM1,Mitochondrial IMport,6.4466234863588e-4,0.46786
YDR076W,RAD55,RADiation sensitive,6.4117607079105e-4,0.46927
YDR141C,DOP1,homolog of A. nidulans DOPey,6.4095378277446e-4,0.48339
YFL019C,NA,NA,6.3935022000908e-4,0.4548
YOR067C,ALG8,Asparagine-Linked Glycosylation,6.3655573259383e-4,0.45874
YLR287C-A,RPS30A,Ribosomal Protein of the Small subunit,6.3580493456521e-4,0.49132
YMR117C,SPC24,Spindle Pole Component,6.2938821758229e-4,0.44483
YIR017C,MET28,METhionine,6.293097491151e-4,0.48877
YIL097W,FYV10,Function required for Yeast Viability,6.2926436912387e-4,0.45528
YMR021C,MAC1,Metal binding ACtivator,6.2854748909016e-4,0.42838
YCR094W,CDC50,Cell Division Cycle,6.2814638374526e-4,0.47767
YPL102C,NA,NA,6.2289612047341e-4,0.46018
YJR009C,TDH2,Triose-phosphate DeHydrogenase,6.2172002800386e-4,0.47286
YNL145W,MFA2,Mating Factor A,6.1791448922431e-4,0.48032
YML017W,PSP2,Polymerase SuPpressor,6.1654089989381e-4,0.48932
YOL063C,CRT10,Constitutive RNR Transcription regulators,6.1122354129781e-4,0.44297
YOR363C,PIP2,Peroxisome Induction Pathway,6.1052948907752e-4,0.47937
YHL048W,COS8,COnserved Sequence,6.090976885872e-4,0.45975
YJR117W,STE24,STErile,6.0649378870897e-4,0.48091
YML122C,NA,NA,6.0625398268523e-4,0.48256
YDR329C,PEX3,PEroXin,6.0597763429367e-4,0.44522
YOR191W,ULS1,Ubiquitin Ligase for SUMO conjugates,6.0512101561394e-4,0.46279
YBR165W,UBS1,UBiquitin-conjugating enzyme Suppressor,6.0189970989421e-4,0.47735
YAL069W,NA,NA,6.0059101028743e-4,0.46553
YNL198C,NA,NA,5.9953437619354e-4,0.4177
YDL070W,BDF2,BromoDomain Factor,5.9502192344722e-4,0.49013
YHR054C,NA,NA,5.886660713894e-4,0.47217
YLR301W,HRI1,HRr25 Interacting,5.8782624171602e-4,0.4866
YFR012W,DCV1,Demands Cdc28 kinase activity for Viability,5.8761200783534e-4,0.44482
YHR165C,PRP8,Pre-mRNA Processing,5.8426211275856e-4,0.45306
YGR212W,SLI1,Sphingosine-Like Immunosuppressant resistant gene,5.8281409247863e-4,0.44461
YPL184C,MRN1,Multicopy supressor of rsc nhp6,5.7680564324071e-4,0.48839
YML132W,COS3,COnserved Sequence,5.7221195328613e-4,0.47657
YOR295W,UAF30,Upstream Activation Factor subunit,5.7103224471516e-4,0.39395
YHL048W,COS8,COnserved Sequence,5.6312735181818e-4,0.46505
YDR108W,TRS85,TRapp Subunit,5.5914069435698e-4,0.47021
YBL087C,RPL23A,Ribosomal Protein of the Large subunit,5.5828619906439e-4,0.49451
YDL130W,RPP1B,Ribosomal Protein P1 Beta,5.5777920365899e-4,0.49374
YHR084W,STE12,STErile,5.500271972828e-4,0.47374
YML067C,ERV41,ER Vesicle,5.4983494718852e-4,0.48899
YBR301W,PAU24,seriPAUperin family,5.4819408829984e-4,0.4745
YKR051W,HFL1,Has Fused Lysosomes,5.4608033536757e-4,0.4367
YJL094C,KHA1,K/H ion Antiporter,5.4559327121809e-4,0.43602
YGL006W,PMC1,Plasma Membrane Calcium,5.4353772144138e-4,0.44698
YER046W-A,NA,NA,5.4220736914432e-4,0.46557
YNL161W,CBK1,Cell wall Biosynthesis Kinase,5.4209882841063e-4,0.48442
YJL147C,SMT1,Suppression of Mitochondrial Translation,5.4084695564003e-4,0.43502
YPL182C,NA,NA,5.399147015156e-4,0.46144
YMR007W,NA,NA,5.3863275864592e-4,0.46455
YNR034W,SOL1,Suppressor Of Los1-1,5.3699016488703e-4,0.48068
YLR102C,APC9,Anaphase Promoting Complex,5.3507910890477e-4,0.48471
YJL090C,DPB11,DNA Polymerase B (II),5.3256941710597e-4,0.47307
YFR055W,IRC7,Increased Recombination Centers,5.298376564676e-4,0.47711
YBR220C,NA,NA,5.2670376835022e-4,0.47921
YML064C,TEM1,TErmination of M phase,5.2421615888862e-4,0.46897
YML126C,ERG13,ERGosterol biosynthesis,5.2410095318334e-4,0.4793
YKR048C,NAP1,Nucleosome Assembly Protein,5.2317319862103e-4,0.46559
YLR127C,APC2,Anaphase Promoting Complex,5.2219884655556e-4,0.45825
YDR047W,HEM12,HEMe biosynthesis,5.2199399817082e-4,0.47019
YFL056C,NA,NA,5.1761439767452e-4,0.44129
YDR259C,YAP6,Yeast homolog of AP-1,5.1645116593041e-4,0.46605
YKL133C,RCI50,Respiratory Chain Interacting protein of ~50 kDa,5.1347719524963e-4,0.44867
YHR178W,STB5,Sin Three Binding protein,5.1139103685162e-4,0.45019
YPL149W,ATG5,AuTophaGy related,5.0959483483335e-4,0.46354
YDR379W,RGA2,Rho GTPase Activating Protein,4.9674546200692e-4,0.43174
YLR187W,SKG3,Suppressor of lethality of Kex2 Gas1 double null mutant,4.9620857669539e-4,0.4746
YPL100W,ATG21,AuTophaGy related,4.9494092055324e-4,0.45193
YIL135C,VHS2,Viable in a Hal3 Sit4 background,4.9395891149979e-4,0.4651
YBR223C,TDP1,Tyrosyl-DNA Phosphodiesterase,4.8954367821925e-4,0.4767
YCR105W,ADH7,Alcohol DeHydrogenase,4.8316312780759e-4,0.44812
YDL162C,NA,NA,4.8298869249337e-4,0.4685
YJR135C,MCM22,MiniChromosome Maintenance,4.810577506164e-4,0.42464
YMR085W,NA,NA,4.8018862129949e-4,0.46003
YMR095C,SNO1,SNZ proximal Open reading frame,4.7763732525166e-4,0.48852
YDR524C-A,NA,NA,4.7127811070738e-4,0.48742
YBR113W,NA,NA,4.695703168187e-4,0.47456
YAL020C,ATS1,Alpha Tubulin Suppressor,4.6941424478252e-4,0.46371
YPL084W,BRO1,BCK1-like Resistance to Osmotic shock,4.6878613725111e-4,0.46915
YCR032W,BPH1,Beige Protein Homolog,4.6860752528573e-4,0.44191
YBL053W,NA,NA,4.6359023060814e-4,0.47007
YIL107C,PFK26,6-PhosphoFructo-2-Kinase,4.5579741264867e-4,0.48519
YJR159W,SOR1,NA,4.475201049816e-4,0.48441
YMR177W,MMT1,Mitochondrial Metal Transporter,4.4710181649489e-4,0.48279
YAL047C,SPC72,Spindle Pole Component,4.3875404426333e-4,0.44244
YDR512C,EMI1,Early Meiotic Induction,4.3202790653323e-4,0.47452
YMR154C,RIM13,Regulator of IME2,4.2424388923417e-4,0.41843
YGL094C,PAN2,Poly(A)-binding protein-dependent poly(A) riboNuclease,4.2221643694719e-4,0.43885
YGR270W,YTA7,Yeast Tat-binding Analog,4.2175388174567e-4,0.47065
YML111W,BUL2,Binds Ubiquitin Ligase,4.2167751371861e-4,0.44468
YHL033C,RPL8A,Ribosomal Protein of the Large subunit,4.089839893417e-4,0.49708
YOR366W,NA,NA,3.97163912092e-4,0.48662
YDR271C,NA,NA,3.9371744019316e-4,0.46462
YLR285W,NNT1,Nicotinamide N-methylTransferase,3.9131604880336e-4,0.47523
YDL224C,WHI4,WHIskey,3.8899965006823e-4,0.46987
YIL148W,RPL40A,Ribosomal Protein of the Large subunit,3.8521482563775e-4,0.48267
YOR086C,TCB1,Three Calcium and lipid Binding domains (TriCalBins),3.7878070139083e-4,0.46564
YNL171C,NA,NA,3.7746166940686e-4,0.46828
YBR081C,SPT7,SuPpressor of Ty's,3.7729600267418e-4,0.49219
YNL094W,APP1,Actin Patch Protein,3.7597375465109e-4,0.48306
YKL152C,GPM1,Glycerate PhosphoMutase,3.7131361785749e-4,0.49526
YBR129C,OPY1,Overproduction-induced Pheromone-resistant Yeast,3.6521137645621e-4,0.4904
YIL028W,NA,NA,3.6415864549787e-4,0.48409
YIL001W,NA,NA,3.6243010252506e-4,0.4799
YOL028C,YAP7,Yeast AP-1,3.6211117666694e-4,0.47553
YNL288W,CAF40,CCR4 Associated Factor,3.6183027369754e-4,0.48603
YPL259C,APM1,clathrin Adaptor Protein complex Medium chain,3.5977975806175e-4,0.48386
YGR120C,COG2,Conserved Oligomeric Golgi complex,3.4645782187355e-4,0.46555
YCR060W,TAH1,Tpr-containing protein Associated with Hsp90,3.4356248401247e-4,0.48815
YDR410C,STE14,STErile,3.4175629674589e-4,0.48039
YIL119C,RPI1,Ras-cAMP Pathway Inhibitor,3.3881990609871e-4,0.48577
YDR145W,TAF12,TATA binding protein-Associated Factor,3.37452636515e-4,0.48985
YLR097C,HRT3,High level expression Reduces Ty3 transposition,3.3675283294086e-4,0.47022
YPL112C,PEX25,PEroXisome related,3.3481494336052e-4,0.49259
YDL115C,IWR1,Interacts With RNA polymerase II,3.2978770925791e-4,0.48865
YCL022C,NA,NA,3.2735763675064e-4,0.43689
YOR238W,NA,NA,3.2116103338761e-4,0.48891
YGL174W,BUD13,BUD site selection,3.1175252053713e-4,0.48188
YBR302C,COS2,COnserved Sequence,0.00031024985544095003,0.48594
YDR542W,PAU10,seriPAUperin,3.0859595478664e-4,0.48421
YDL196W,NA,NA,3.0548830556151e-4,0.48739
YAR069C,NA,NA,3.0406774355974e-4,0.46432
YLR081W,GAL2,GALactose metabolism,3.0351275768446e-4,0.48725
YBL019W,APN2,APurinic/apyrimidinic eNdonuclease,3.0196430365042e-4,0.49255
YJL022W,NA,NA,3.0171102098889e-4,0.48098
YAL068C,PAU8,seriPAUperin,2.8613955277745e-4,0.48998
YGL203C,KEX1,Killer EXpression defective,2.8123572110207e-4,0.47904
YNR006W,VPS27,Vacuolar Protein Sorting,2.7879904993624e-4,0.4863
YDR181C,SAS4,Something About Silencing,2.7675587184979e-4,0.46323
YPL018W,CTF19,Chromosome Transmission Fidelity,2.7427660286707e-4,0.48073
YDR193W,NA,NA,2.7348758208299e-4,0.48408
YOR053W,NA,NA,2.7124654831098e-4,0.49057
YDR196C,CAB5,NA,2.7058456878325e-4,0.49311
YER157W,COG3,Conserved Oligomeric Golgi complex,0.00026893389709136003,0.4894
YOR035C,SHE4,Swi5p-dependent HO Expression,2.6400468192264e-4,0.49425
YNL053W,MSG5,Multicopy Suppressor of GPA1,2.636661587935e-4,0.49103
YBR201W,DER1,Degradation in the Endoplasmic Reticulum,2.6270392945102e-4,0.49273
YPL114W,NA,NA,2.6210196567307e-4,0.48584
YBR031W,RPL4A,Ribosomal Protein of the Large subunit,2.5414950669396e-4,0.49352
YOR353C,SOG2,NA,2.537887664947e-4,0.49381
YKL094W,YJU3,NA,2.4867574402548e-4,0.49123
YPR050C,NA,NA,2.4813272724229e-4,0.48066
YHR181W,SVP26,Sed5 Vesicle Protein,2.4595150428615e-4,0.47579
YJR162C,NA,NA,2.389210075293e-4,0.49132
YDR543C,NA,NA,2.303743144374e-4,0.48593
YGR246C,BRF1,B-Related Factor,2.2558566297091e-4,0.49415
YMR180C,CTL1,Capping enzyme mRNA Triphosphatase-Like,2.2455807717177e-4,0.49281
YJR022W,LSM8,Like SM,2.183989711119e-4,0.49149
YDR019C,GCV1,GlyCine cleaVage,2.1725505498527e-4,0.49221
YJR089W,BIR1,Baculoviral IAP Repeat-containing protein,2.1495894135851e-4,0.48744
YHR090C,YNG2,Yeast iNG1 homolog,2.1430344864092e-4,0.48875999999999997
YKL124W,SSH4,Suppressor of SHr3 deletion,2.1418495222114e-4,0.49288
YBR171W,SEC66,SECretory,2.1370626819585e-4,0.49022
YJR038C,NA,NA,2.06185902137e-4,0.4908
YAL062W,GDH3,Glutamate DeHydrogenase,2.0199685912217e-4,0.49358
YOL085C,NA,NA,1.9602800803938e-4,0.49059
YKL059C,MPE1,Mutant PCF11 Extragenic suppressor,1.9422138522625e-4,0.49692
YNL325C,FIG4,Factor-Induced Gene,1.8807556279183e-4,0.4714
YPR200C,ARR2,ARsenicals Resistance,1.862347866956e-4,0.48995
YKL102C,NA,NA,1.8162441231886e-4,0.49137
YML132W,COS3,COnserved Sequence,1.7907139037712e-4,0.49193
YDL238C,GUD1,GUanine Deaminase,1.7840143571645e-4,0.49472
YNL147W,LSM7,Like SM,1.7768656296278e-4,0.49193
YOR222W,ODC2,OxoDicarboxylate Carrier,1.7447565490572e-4,0.49742
YHR080C,LAM4,Lipid transfer protein Anchored at Membrane contact sites,1.7299940637867e-4,0.4804
YKL190W,CNB1,CalciNeurin subunit B,1.6956201299101e-4,0.47548
YPR178W,PRP4,Pre-mRNA Processing,1.6759255830288e-4,0.4933
YLR375W,STP3,protein with similarity to Stp1p,0.00016579085795149001,0.49228
YOR324C,FRT1,Functionally Related to TCP1,1.6370425278357e-4,0.49511
YOR290C,SNF2,Sucrose NonFermenting,1.6336673930537e-4,0.49412
YNL205C,NA,NA,1.5913844853176e-4,0.4967
YHR047C,AAP1,Arginine/alanine AminoPeptidase,1.5594803144623e-4,0.49455
YBR106W,SND3,SRP-iNDependent targeting,1.5323692187181e-4,0.49218
YLR078C,BOS1,Bet One Suppressor,1.4993562598483e-4,0.4933
YKL064W,MNR2,MaNganese Resistance,1.4484328226425e-4,0.48875999999999997
YNL285W,NA,NA,1.4057586071763e-4,0.48767
YKL112W,ABF1,ARS-Binding Factor 1,1.3911853344531e-4,0.49665
YJL202C,NA,NA,0.00013667016670100001,0.48894
YLL005C,SPO75,SPOrulation,1.3527890629995e-4,0.49312
YBR290W,BSD2,Bypass Sod1p Defects,1.3520838329218e-4,0.49516
YMR219W,ESC1,Establishes Silent Chromatin,1.2287569996217e-4,0.48803
YKL203C,TOR2,Target Of Rapamycin,1.1978819161094e-4,0.49776
YOL082W,ATG19,AuTophaGy related,1.1684654556507e-4,0.49295
YGR266W,NA,NA,1.1290413307198e-4,0.49151
YML074C,FPR3,Fk 506-sensitive Proline Rotamase,1.1131370661604e-4,0.48941
YML070W,DAK1,DihydroxyAcetone Kinase,1.0316258532775e-4,0.49358
YNL118C,DCP2,mRNA DeCaPping,1.0293174500625e-4,0.4896
YGL104C,VPS73,Vacuolar Protein Sorting,1.0057081428941e-4,0.49487
YIR030C,DCG1,Dal80p-Controlled Gene,9.81129796969859e-5,0.49755
YIL027C,EMC5,ER Membrane protein Complex,9.62253026718604e-5,0.49746
YDR293C,SSD1,Suppressor of SIT4 Deletion,8.99701622808342e-5,0.49623
YBR020W,GAL1,GALactose metabolism,8.98802106137101e-5,0.48926
YCR007C,NA,NA,8.77896806719639e-5,0.48945
YCR049C,NA,NA,8.65436676276612e-5,0.49345
YDR486C,VPS60,Vacuolar Protein Sorting,8.4580479155447e-5,0.49315
YKL040C,NFU1,NifU-like protein,8.36890180428854e-5,0.48931
YPL232W,SSO1,Supressor of Sec One,8.16459591567167e-5,0.4971
YLL064C,PAU18,seriPAUperin,7.85282418384985e-5,0.49616
YOR241W,MET7,METhionine requiring,7.76149132620446e-5,0.49045
YOR126C,IAH1,Isoamyl Acetate-Hydrolyzing esterase,7.44194533879713e-5,0.49577
YAR053W,NA,NA,7.26158691219409e-5,0.49382
YPR045C,THP3,THO-related Protein,7.18344477489124e-5,0.49222
YDR429C,TIF35,Translation Initiation Factor,6.77171747996592e-5,0.49806
YLR115W,CFT2,Cleavage Factor Two,6.57272089433134e-5,0.49323
YKL086W,SRX1,SulfiRedoXin,6.55018092842168e-5,0.49908
YGL118C,NA,NA,6.50205864017768e-5,0.49359
YDR289C,RTT103,Regulator of Ty1 Transposition,6.11284959940342e-5,0.49634
YPL227C,ALG5,Asparagine-Linked Glycosylation,5.84217992673219e-5,0.49606
YNL140C,NA,NA,5.78848175924358e-5,0.49844
YPL166W,ATG29,AuTophaGy related,5.60534344358002e-5,0.49714
YKL124W,SSH4,Suppressor of SHr3 deletion,5.45251276151812e-5,0.49686
YJR054W,KCH1,Potassium (K) regulator of CcH1,5.43771954326169e-5,0.49707
YDR421W,ARO80,AROmatic amino acid requiring,5.22391816591157e-5,0.49434
YDL088C,ASM4,Anti-Suppressor in Multicopy,5.1348415560119e-5,0.49335
YPR034W,ARP7,Actin-Related Protein,4.24455428722557e-5,0.49539
YOR090C,PTC5,Phosphatase Two C,4.09144770209041e-5,0.49535
YER142C,MAG1,3-MethylAdenine DNA Glycosylase,4.07624310319789e-5,0.49907
YKL077W,PSG1,Pma1 Stabilization in the Golgi,3.7997121992552e-5,0.49988
YDL207W,GLE1,GLFG (glycine-leucine-phenylalanine-glycine) LEthal,3.55703266638799e-5,0.49354
YJR020W,NA,NA,3.32929019761976e-5,0.49883
YJL057C,IKS1,NA,1.45657558799147e-5,0.49972
YGL098W,USE1,Unconventional SNARE in the ER,1.17009736435255e-5,0.5011
YKL115C,NA,NA,1.04391286534773e-5,0.4978
YDR159W,SAC3,Suppressor of ACtin,9.94442907596748e-6,0.49776
YJR044C,VPS55,Vacuolar Protein Sorting,9.13587297651786e-6,0.49906
YDR301W,CFT1,Cleavage Factor Two,7.19184277221153e-6,0.50016
YOL161C,PAU20,seriPAUperin,6.35047837968354e-6,0.49837
YCL068C,NA,NA,3.53269806071513e-6,0.49842
YOL050C,NA,NA,2.2231224132522602e-06,0.49853
YBR274W,CHK1,CHeckpoint Kinase,1.13361056192259e-7,0.49903
YMR086C-A,NA,NA,-6.34906206106907e-7,0.49904
YGL126W,SCS3,Suppressor of Choline Sensitivity,-2.3410817915643e-6,0.50241
YMR025W,CSI1,Cop9 Signalosome Interactor,-5.49043577423346e-6,0.49911
YLR367W,RPS22B,Ribosomal Protein of the Small subunit,-6.92568478991365e-6,0.49817
YEL022W,GEA2,Guanine nucleotide Exchange on ARF,-7.37120993587461e-6,0.4987
YMR183C,SSO2,Supressor of Sec One,-8.95048405894839e-6,0.49925
YLR101C,NA,NA,-9.18564874406692e-6,0.49934
YDR158W,HOM2,HOMoserine requiring,-9.21826673040086e-6,0.49848
YKL041W,VPS24,Vacuolar Protein Sorting,-9.83584000068406e-6,0.49551
YML038C,YMD8,NA,-1.08155316464154e-5,0.50096
YER101C,AST2,ATPase STabilizing,-1.14862106243229e-5,0.49953
YBR230C,OM14,Outer Membrane Protein of 14 kDa,-1.73857528787142e-5,0.49796
YOR015W,NA,NA,-2.03842010834316e-5,0.49972
YLR043C,TRX1,ThioRedoXin,-2.64171842309543e-5,0.49974
YAL055W,PEX22,PEroXisome related,-2.79853658897615e-5,0.49717
YGL019W,CKB1,Casein Kinase Beta subunit,-3.27910987442982e-5,0.49533
YJR074W,MOG1,Multicopy suppressor Of ts Gsp1,-3.6309149855673e-5,0.49737
YDR176W,NGG1,NA,-3.66071182449643e-5,0.49813
YNL063W,MTQ1,Methyltransferase,-3.75995871387804e-5,0.49415
YOR351C,MEK1,MEiotic Kinase,-4.37171093469386e-5,0.49452
YER025W,GCD11,General Control Derepressed,-4.44203519585915e-5,0.49916
YHR202W,NA,NA,-4.6379814520648e-5,0.49704
YHR131W-A,NA,NA,-4.65737064813663e-5,0.49888
YBL094C,NA,NA,-4.98814409494032e-5,0.49444
YMR304W,UBP15,UBiquitin-specific Protease,-5.11437630197641e-5,0.49909
YLL020C,NA,NA,-5.18045278840263e-5,0.49935
YNL236W,SIN4,Switch INdependent,-5.74838081646972e-5,0.49762
YOR106W,VAM3,VAcuolar Morphogenesis,-5.76091055928e-5,0.49924
YCL074W,NA,NA,-6.17208921803495e-5,0.49233
YGR042W,MTE1,Mph1-associated TElomere maintenance protein,-6.33097953396779e-5,0.49136
YFL009W,CDC4,Cell Division Cycle,-6.46325958990317e-5,0.4969
YFR021W,ATG18,AuTophaGy related,-6.67269085936079e-5,0.49641
YGL164C,YRB30,Yeast Ran Binder,-6.69311188759088e-5,0.49416
YLR111W,NA,NA,-6.69393374039618e-5,0.49575
YIR002C,MPH1,Mutator PHenotype,-6.72115292651933e-5,0.49644
YOR133W,EFT1,Elongation Factor Two,-7.25050602767747e-5,0.49772
YOR156C,NFI1,Neck Filament Interacting,-7.66295138598851e-5,0.49658
YBR216C,YBP1,Yap1-Binding Protein,-8.12002498548916e-5,0.49004
YGR168C,PEX35,PEroXin,-8.15671243242872e-5,0.48621
YDR524C-A,NA,NA,-8.22057984217724e-5,0.49704
YLL031C,GPI13,GlycosylPhosphatidylInositol anchor biosynthesis,-8.52486137602514e-5,0.49707
YOR069W,VPS5,Vacuolar Protein Sorting,-8.61203152619703e-5,0.49058
YBR277C,NA,NA,-9.0705391365813e-5,0.49665
YGR063C,SPT4,SuPpressor of Ty's,-9.85677282791351e-5,0.49422
YMR091C,NPL6,Nuclear Protein Localization,-9.86536460329899e-5,0.49296
YDL248W,COS7,COnserved Sequence,-1.0084018754286e-4,0.49455
YDR460W,TFB3,Transcription Factor B subunit 3,-1.0248935543481e-4,0.48912
YPR103W,PRE2,PRoteinase yscE,-1.0253744340703e-4,0.49805
YHR119W,SET1,SET domain-containing,-1.0544550352991e-4,0.48693
YHR027C,RPN1,Regulatory Particle Non-ATPase,-1.0870848925125e-4,0.49102
YIL128W,MET18,METhionine requiring,-1.1703413267807e-4,0.49043
YOR332W,VMA4,Vacuolar Membrane Atpase,-1.2026943760058e-4,0.48674
YLR098C,CHA4,Catabolism of Hydroxy Amino acids,-1.2626553713767e-4,0.48594
YGR216C,GPI1,GlycosylPhosphatidylInositol anchoring biosynthesis,-1.2767479271536e-4,0.49577
YDR319C,YFT2,NA,-1.3053370393554e-4,0.48769
YCR045C,RRT12,Regulator of rDNA Transcription,-1.3319087906765e-4,0.48515
YBR170C,NPL4,Nuclear Protein Localization,-1.3367002013439e-4,0.48409
YBR288C,APM3,clathrin Adaptor Protein complex Medium chain,-1.3465468639718e-4,0.48709
YJL095W,BCK1,Bypass of C Kinase,-1.362290563806e-4,0.49461
YLR208W,SEC13,SECretory,-1.3630101535992e-4,0.47674
YDR297W,SUR2,SUppressor of Rvs161 and rvs167 mutations,-1.4021424924195e-4,0.49719
YDR252W,BTT1,BTf Three,-1.4141744464563e-4,0.48828
YNL319W,NA,NA,-1.4281427039026e-4,0.49343
YLR324W,PEX30,PEroXisome related,-1.4771536699073e-4,0.49744
YNL049C,SFB2,Sed Five Binding,-1.5755147649254e-4,0.48703
YJL081C,ARP4,Actin-Related Protein,-1.5833432024833e-4,0.48599
YJL136W-A,NA,NA,-1.6033433228395e-4,0.49305
YLR189C,ATG26,AuTophaGy related,-1.642235728652e-4,0.48473
YBR209W,NA,NA,-1.6506892491141e-4,0.49417
YKR074W,AIM29,Altered Inheritance rate of Mitochondria,-1.6602959887583e-4,0.49609
YBR254C,TRS20,TRapp Subunit,-1.6835918765466e-4,0.49457
YDR305C,HNT2,Histidine triad NucleoTide-binding,-1.7065771378765e-4,0.48146
YNL215W,IES2,Ino Eighty Subunit,-1.7084469457173e-4,0.48229
YPR031W,NTO1,NuA Three Orf,-1.74208636762e-4,0.48296
YPR156C,TPO3,Transporter of POlyamines,-1.8409479175468e-4,0.48668
YPR167C,MET16,METhionine requiring,-1.8452237724729e-4,0.49347
YOR233W,KIN4,KINase,-1.9215925197882e-4,0.4856
YKR096W,ESL2,EST/SMG-like,-1.9356606331415e-4,0.49011
YPR042C,PUF2,PUmilio-homology domain Family,-1.9407622783473e-4,0.48945
YPL050C,MNN9,MaNNosyltransferase,-1.9409051867029e-4,0.47312
YDR394W,RPT3,"Regulatory Particle Triple-A protein, or Regulatory Particle Triphosphatase",-1.9520416176157e-4,0.48529
YCR082W,AHC2,Ada Histone acetyltransferase complex Component,-1.9637209046584e-4,0.49421
YLR054C,OSW2,Outer Spore Wall,-1.9804411485318e-4,0.46155
YGL113W,SLD3,Synthetically Lethal with Dpb11-1,-1.9814721859594e-4,0.49159
YOR259C,RPT4,"Regulatory Particle Triple-A protein, or Regulatory Particle Triphosphatase",-2.0204848592456e-4,0.49306
YDR253C,MET32,METhionine requiring,-2.0828055032203e-4,0.48986
YDL096C,OPI6,OverProducer of Inositol,-2.1042773118101e-4,0.48126
YNR076W,PAU6,seriPAUperin family,-2.1699221804084e-4,0.49434
YLR260W,LCB5,Long-Chain Base,-2.1920801882321e-4,0.48565
YPR196W,NA,NA,-2.1925094866215e-4,0.48095
YPR180W,AOS1,Activation Of Smt3p,-2.1963008951657e-4,0.45534
YLR270W,DCS1,DeCapping Scavenger,-2.2175359321122e-4,0.48577
YLR148W,PEP3,carboxyPEPtidase Y-deficient,-2.2263929031068e-4,0.47897
YLR083C,EMP70,NA,-2.2368212338049e-4,0.48591
YCR038C,BUD5,BUD site selection,-2.2982189737737e-4,0.47019
YLR398C,SKI2,SuperKIller,-2.3099267553389e-4,0.49384
YBL065W,NA,NA,-2.3388089766758e-4,0.49137
YKR029C,SET3,SET domain-containing,-2.3836445874498e-4,0.4799
YHR144C,DCD1,dCMP Deaminase,-2.4148211954457e-4,0.49126
YDR433W,NA,NA,-2.4593808373721e-4,0.49209
YLR426W,TDA5,Topoisomerase I Damage Affected,-2.4671048347649e-4,0.48469
YPL060W,MFM1,Mrs2 Function Modulating factor,-2.4827102009018e-4,0.48533
YLR416C,NA,NA,-2.4895954557815e-4,0.48416
YPL109C,CQD1,CoQ Distribution,-2.497734593369e-4,0.48041
YHR078W,NA,NA,-2.5286885764091e-4,0.47781
YNL314W,DAL82,Degradation of Allantoin,-2.5756749720572e-4,0.45144
YIR027C,DAL1,Degradation of Allantoin,-2.5828768746196e-4,0.49403
YMR301C,ATM1,"ABC Transporter, Mitochondrial",-2.5918253814651e-4,0.47913
YLL020C,NA,NA,-2.6143113472433e-4,0.48712
YBL012C,NA,NA,-2.6377810592778e-4,0.47332
YLR290C,COQ11,COenzyme Q,-2.6399848085859e-4,0.48869
YMR186W,HSC82,NA,-2.691128143428e-4,0.48966
YGL232W,TAN1,Trna AcetylatioN,-2.7059350751511e-4,0.48563
YIL021W,RPB3,RNA Polymerase B,-2.7094115149326e-4,0.48923
YDR228C,PCF11,Protein 1 of Cleavage and polyadenylation Factor I,-2.7138634074263e-4,0.4805
YOR117W,RPT5,"Regulatory Particle Triple-A protein, or Regulatory Particle Triphosphatase",-2.7497128629232e-4,0.48379
YNL265C,IST1,Increased Sodium Tolerance,-2.7818563960254e-4,0.4915
YDR052C,DBF4,DumbBell Former,-2.815215282753e-4,0.49098
YMR200W,ROT1,Reversal Of Tor2 lethality,-2.8339454296787e-4,0.48768
YMR178W,FPY1,FAD PYrophosphatase,-2.8603957766957e-4,0.4894
YLR361C,DCR2,Dose-dependent Cell cycle Regulator,-2.878333474885e-4,0.46921
YNL057W,NA,NA,-2.9284981281073e-4,0.48778
YLR114C,AVL9,Apl2 Vps1 Lethal,-2.9428534646514e-4,0.45785
YPL041C,MRX11,Mitochondrial oRganization of gene eXpression (MIOREX),-2.9643686261934e-4,0.48513
YNL143C,NA,NA,-3.0064999025251e-4,0.47092
YER076C,NA,NA,-3.0131468351947e-4,0.47675
YBL061C,SKT5,NA,-3.031574848225e-4,0.46933
YDR540C,IRC4,Increased Recombination Centers,-3.0644213020539e-4,0.47782
YIL078W,THS1,THreonyl tRNA Synthetase,-3.0835223513795e-4,0.47376
YGR291C,NA,NA,-3.085823067475e-4,0.4812
YPL190C,NAB3,Nuclear polyAdenylated RNA-Binding,-3.1402847378105e-4,0.49594
YGL136C,MRM2,Mitochondrial rRNA Methyl transferase,-3.1408962329988e-4,0.42761
YDL221W,NA,NA,-3.1468393926282e-4,0.46185
YMR122C,NA,NA,-3.1617262877245e-4,0.47381
YPR077C,NA,NA,-3.1843139859974e-4,0.47631
YBR093C,PHO5,PHOsphate metabolism,-3.207929139239e-4,0.48142
YOL111C,MDY2,Mating-Deficient Yeast,-3.2205751472532e-4,0.46613
YGR203W,YCH1,Yeast Cdc25 Homolog,-3.2258025070019e-4,0.47996
YGL092W,NUP145,NUclear Pore,-3.2290066766514e-4,0.47454
YGL192W,IME4,Inducer of MEiosis,-3.2371573487188e-4,0.48149
YEL074W,NA,NA,-3.2421731659228e-4,0.48264
YHR152W,SPO12,SPOrulation,-3.2489691444636e-4,0.49702
YBL051C,PIN4,Psi+ INducibility,-3.2527249608185e-4,0.49634
YDR018C,NA,NA,-3.2546251416715e-4,0.49347
YIL037C,PRM2,Pheromone-Regulated Membrane protein,-3.2561065623967e-4,0.4788
YDR092W,UBC13,UBiquitin-Conjugating,-3.2611314338913e-4,0.48869
YLR236C,NA,NA,-3.3341352656589e-4,0.46361
YBR086C,IST2,Increased Sodium Tolerance,-3.3345071948307e-4,0.46288
YIL054W,NA,NA,-3.3379974571112e-4,0.48511
YLR379W,NA,NA,-3.3464685144723e-4,0.46243
YOL143C,RIB4,RIBoflavin biosynthesis,-3.3758192396757e-4,0.4864
YPL263C,KEL3,KELch,-3.3790513885056e-4,0.48127
YDR143C,SAN1,Sir Antagonist,-3.4069581479998e-4,0.49418
YKL190W,CNB1,CalciNeurin subunit B,-3.4349711806613e-4,0.46438
YDR535C,NA,NA,-3.4671805741636e-4,0.47859
YCL022C,NA,NA,-3.4849026158641e-4,0.44592
YGL202W,ARO8,AROmatic amino acid requiring,-3.5090893212524e-4,0.48937
YBR173C,UMP1,Ubiquitin-Mediated Proteolysis,-3.5272955504891e-4,0.48329
YMR192W,GYL1,GYp Like,-3.5737523421555e-4,0.46887
YDR401W,NA,NA,-3.5858237380175e-4,0.47432
YGR018C,NA,NA,-3.6129790333503e-4,0.46277
YKL214C,YRA2,Yeast RNA Annealing protein,-3.6487326520813e-4,0.43937
YKL161C,KDX1,Kinase Dead X-talker,-3.6963837724669e-4,0.45998
YPR106W,ISR1,Inhibition of Staurosporine Resistance,-3.7108503441743e-4,0.48808
YCR033W,SNT1,SaNT domains,-3.7293198732616e-4,0.45895
YJR127C,RSF2,ReSpiration Factor,-3.738482478766e-4,0.47692
YBL105C,PKC1,Protein Kinase C,-3.7468201613855e-4,0.45366
YHR045W,NA,NA,-3.8114998484518e-4,0.48106
YEL067C,NA,NA,-3.8222247907968e-4,0.4735
YGL223C,COG1,Conserved Oligomeric Golgi complex,-3.827555468073e-4,0.47659
YJR155W,AAD10,Aryl-Alcohol Dehydrogenase,-3.8682182525939e-4,0.49186
YMR284W,YKU70,Yeast KU protein,-3.8915753327869e-4,0.4751
YHR060W,VMA22,Vacuolar Membrane Atpase,-3.9161812873815e-4,0.47572
YGL108C,NA,NA,-3.9240967855037e-4,0.47643
YKL090W,CUE2,Coupling of Ubiquitin conjugation to ER degradation,-3.9329211492587e-4,0.46571
YKR094C,RPL40B,Ribosomal Protein of the Large subunit,-3.9345805886915e-4,0.49002
YPR198W,SGE1,Suppression of Gal11 Expression,-3.9389513689023e-4,0.47856
YLR250W,SSP120,Saccharomyces Secretory Protein,-3.9701090985307e-4,0.44464
YJR151C,DAN4,Delayed ANaerobic,-3.9918788621736e-4,0.45161
YBR220C,NA,NA,-4.0115900790268e-4,0.46147
YJL172W,CPS1,CarboxyPeptidase yscS,-4.0245479127885e-4,0.47183
YCR031C,RPS14A,Ribosomal Protein of the Small subunit,-4.0911563929814e-4,0.4935
YNL085W,MKT1,Maintenance of K2 Killer Toxin,-4.1237992028197e-4,0.47508
YDR295C,HDA2,Histone DeAcetylase,-4.1493557906341e-4,0.45439
YPL125W,KAP120,KAryoPherin,-4.1732915609975e-4,0.48373
YLR058C,SHM2,Serine HydroxyMethyltransferase,-4.2347269559899e-4,0.47858
YIL063C,YRB2,Yeast Ran Binder,-4.2480633785124e-4,0.47284
YGL109W,NA,NA,-4.2666529508184e-4,0.47441
YJL209W,CBP1,Cytochrome B mRNA Processing,-4.2732781068196e-4,0.47977
YPR046W,MCM16,MiniChromosome Maintenance,-4.2830190331232e-4,0.48724
YKR087C,OMA1,Overlapping activity with M-AAA protease,-4.2928790726825e-4,0.46559
YLR415C,NA,NA,-4.3247996828117e-4,0.45277
YAL032C,PRP45,Pre-mRNA Processing,-4.3464896682542e-4,0.45759
YKL206C,ADD66,Alpha1-proteinase inhibitor-Degradation Deficient,-4.3821341846404e-4,0.4906
YER120W,SCS2,Suppressor of Choline Sensitivity,-4.4022602519003e-4,0.45526
YBR124W,NA,NA,-4.4045935713107e-4,0.46874
YLR388W,RPS29A,Ribosomal Protein of the Small subunit,-4.4309372370765e-4,0.49108
YMR172C-A,NA,NA,-4.4320279918764e-4,0.46818
YHR132C,ECM14,ExtraCellular Mutant,-4.4663348129887e-4,0.47509
YOR055W,NA,NA,-4.4700871001879e-4,0.4691
YIL072W,HOP1,HOmolog Pairing,-4.4769446848597e-4,0.43989
YPL110C,GDE1,GlycerophosphoDiEsterase,-4.4835311545364e-4,0.4463
YOR349W,CIN1,Chromosome INstability,-4.5096987851977e-4,0.47596
YLR358C,NA,NA,-4.5315108256723e-4,0.48665
YOR318C,NA,NA,-4.5365831147478e-4,0.47047
YKR020W,VPS51,Vacuolar Protein Sorting,-4.5530283101998e-4,0.46252
YNL204C,SPS18,SPorulation-Specific,-4.6148559562179e-4,0.45508
YPL242C,IQG1,IQGAP-related protein,-4.628693649222e-4,0.48573
YOL164W,BDS1,Bacterially Derived Sulfatase,-4.6410858815539e-4,0.46576
YKL069W,NA,NA,-4.6756291430772e-4,0.48238
YPL021W,ECM23,ExtraCellular Mutant,-4.6756451833e-4,0.47894
YIL102C,NA,NA,-4.6982932409623e-4,0.46612
YLR136C,TIS11,similar to the mammalian TPA Induced Sequence gene family,-4.7204634941186e-4,0.48968
YMR168C,CEP3,CEntromere Protein,-4.7237466743559e-4,0.45951
YHR115C,DMA1,Defective in Mitotic Arrest,-4.7378317853973e-4,0.46439
YHL019C,APM2,clathrin Adaptor Protein complex Medium chain,-4.7572211325713e-4,0.47173
YNL106C,INP52,INositol polyphosphate 5-Phosphatase,-4.7724581320723e-4,0.45592
YDR541C,NA,NA,-4.7966270582572e-4,0.46233
YGR100W,MDR1,Mac1-Dependent Regulator,-4.8072619501998e-4,0.44028
YDR331W,GPI8,GlycosylPhosphatidylInositol anchor biosynthesis,-4.8085249473208e-4,0.42256
YCR077C,PAT1,Protein Associated with Topoisomerase II,-4.8331800572259e-4,0.49343
YCL032W,STE50,STErile,-4.8423485639275e-4,0.48348
YNL035C,NA,NA,-4.8796791540353e-4,0.4273
YDL091C,UBX3,UBiquitin regulatory X,-4.8874306069735e-4,0.47251
YHR082C,KSP1,Kinase Suppressing Prp20-10,-4.9380944225056e-4,0.46772
YOR296W,NA,NA,-4.9504626848216e-4,0.47003
YNL218W,MGS1,Maintenance of Genome Stability,-4.9711500870583e-4,0.43933
YMR099C,NA,NA,-5.0554842654747e-4,0.48054
YLR231C,BNA5,Biosynthesis of Nicotinic Acid,-5.0938385378168e-4,0.48659
YLR039C,RIC1,RIbosome Control,-5.1139909989271e-4,0.44856
YDL064W,UBC9,UBiquitin-Conjugating,-5.1812183183868e-4,0.48367
YPR015C,NA,NA,-5.1920789697329e-4,0.44767
YBL026W,LSM2,Like SM,-5.2178986204256e-4,0.43653
YPL244C,HUT1,Homolog of UDP-galactose Transporter,-5.227883136978e-4,0.46308
YDR095C,NA,NA,-5.2329873527991e-4,0.47555
YER135C,NA,NA,-5.2407147213241e-4,0.46841
YGL050W,TYW3,Trna-YW synthesizing protein,-5.3097570167293e-4,0.45705
YML065W,ORC1,Origin Recognition Complex,-5.3107262555456e-4,0.42514
YNL142W,MEP2,NA,-5.3858522252071e-4,0.49792
YNL127W,FAR11,Factor ARrest,-5.4277824789315e-4,0.47567
YJL015C,NA,NA,-5.4335119153476e-4,0.47497
YJL052W,TDH1,Triose-phosphate DeHydrogenase,-5.4450776754213e-4,0.48806
YOR171C,LCB4,Long-Chain Base,-5.4601610815633e-4,0.46967
YDR149C,NA,NA,-5.5728626247208e-4,0.43795
YJL142C,IRC9,Increased Recombination Centers,-5.6165151288568e-4,0.46992
YJR086W,STE18,STErile,-5.6223696936375e-4,0.4609
YBR201W,DER1,Degradation in the Endoplasmic Reticulum,-5.6276397565088e-4,0.46778
YJL085W,EXO70,EXOcyst,-5.7170919020467e-4,0.43453
YLR367W,RPS22B,Ribosomal Protein of the Small subunit,-5.7189699892224e-4,0.49153
YMR277W,FCP1,tfiiF-associating component of Ctd Phosphatase,-5.7505888828155e-4,0.48714
YCR037C,PHO87,PHOsphate metabolism,-5.7522038085536e-4,0.4524
YAR075W,NA,NA,-5.801274929844e-4,0.47686
YGL134W,PCL10,Pho85 CycLin,-5.8029438664651e-4,0.42168
YGL193C,NA,NA,-5.8366215190686e-4,0.40231
YMR141C,NA,NA,-5.8413185395085e-4,0.4623
YIL013C,PDR11,Pleiotropic Drug Resistance,-5.8472552057661e-4,0.45658
YLR269C,NA,NA,-5.8665074907072e-4,0.41857
YBR128C,ATG14,AuTophaGy related,-5.8954917364053e-4,0.46649
YBL108W,NA,NA,-5.9253192486133e-4,0.4532
YOR178C,GAC1,Glycogen ACcumulation,-5.946437127599e-4,0.46916
YMR253C,NA,NA,-5.9753272176028e-4,0.43282
YNR042W,NA,NA,-5.9967578412118e-4,0.39397
YOL132W,GAS4,Glycophospholipid-Anchored Surface protein,-6.0114209744346e-4,0.42458
YEL009C,GCN4,General Control Nonderepressible,-6.0212964173472e-4,0.43485
YGL214W,NA,NA,-6.0458518241518e-4,0.48115
YHL025W,SNF6,Sucrose NonFermenting,-6.0767629724472e-4,0.4685
YLR365W,NA,NA,-6.1046003678745e-4,0.47558
YDR332W,IRC3,Increased Recombination Centers,-6.1128230256942e-4,0.41238
YLR396C,VPS33,Vacuolar Protein Sorting,-6.141120505432e-4,0.46021
YLR210W,CLB4,CycLin B,-6.1500967515737e-4,0.47927
YGR051C,NA,NA,-6.1777249928354e-4,0.44716
YLR060W,FRS1,phenylalanyl (F)-tRNA Synthetase,-6.318370515755e-4,0.4887
YPR028W,YOP1,YIP One Partner,-6.3464710860804e-4,0.45019
YOR163W,DDP1,Diadenosine and Diphosphoinositol Polyphosphate phosphohydrolase,-6.3520379033765e-4,0.46725
YBL064C,PRX1,PeroxiRedoXin,-6.3670634131126e-4,0.47009
YHR140W,NA,NA,-6.3692433701562e-4,0.48203
YAL065C,NA,NA,-6.4050833377496e-4,0.47551
YMR285C,NGL2,NA,-6.4210929044333e-4,0.46241
YPL165C,SET6,SET domain-containing,-6.5171240726525e-4,0.46265
YIL112W,HOS4,Hda One Similar,-6.5294787424623e-4,0.38617
YGR209C,TRX2,ThioRedoXin,-6.5353727919074e-4,0.47423
YBR235W,VHC1,Vacuolar protein Homologous to CCC family,-6.5543191121851e-4,0.43143
YDR135C,YCF1,Yeast Cadmium Factor,-6.5556482277097e-4,0.49002
YOL048C,RRT8,Regulator of rDNA Transcription,-6.6401173054573e-4,0.48583
YLR214W,FRE1,Ferric REductase,-6.6666830164171e-4,0.40937
YLR437C,DIF1,Damage-regulated Import Facilitator,-6.6725806285098e-4,0.47826
YMR264W,CUE1,Coupling of Ubiquitin conjugation to ER degradation,-6.7667686671741e-4,0.44675
YNL028W,NA,NA,-6.8168480488912e-4,0.47642
YMR113W,FOL3,FOLic acid synthesis,-6.849839788448e-4,0.43296
YML079W,NA,NA,-6.8582117031588e-4,0.46881
YKR031C,SPO14,SPOrulation,-6.8645430357079e-4,0.45185
YER168C,CCA1,tRNA CCA-pyrophosphorylase,-6.8990137752684e-4,0.47764
YDR431W,NA,NA,-6.9856365735926e-4,0.44395
YKR066C,CCP1,Cytochrome c Peroxidase,-7.0037198329415e-4,0.47307
YFL040W,NA,NA,-7.0140788434779e-4,0.41623
YML041C,VPS71,Vacuolar Protein Sorting,-7.0476188882629e-4,0.40263
YNL336W,COS1,COnserved Sequence,-7.0625333776572e-4,0.4598
YGR186W,TFG1,Transcription Factor G,-7.258022690248e-4,0.43786
YLR280C,NA,NA,-7.3042748217976e-4,0.46972
YFL067W,NA,NA,-7.3148974449607e-4,0.4467
YOR072W,NA,NA,-7.3163693920992e-4,0.45789
YJR037W,NA,NA,-0.00073179094405739005,0.47733
YOR245C,DGA1,DiacylGlycerol Acyltransferase,-7.3282201776608e-4,0.40606
YAR068W,NA,NA,-7.3544429464478e-4,0.46598
YFL068W,NA,NA,-7.4334071137323e-4,0.44023
YDR519W,FPR2,FKBP Proline Rotamase,-7.4403076642578e-4,0.48598
YOR084W,LPX1,Lipase of PeroXisomes,-7.4512920036995e-4,0.48011
YPL150W,NA,NA,-7.4593098898717e-4,0.38531
YGL077C,HNM1,Hyper-resistance to Nitrogen Mustard,-7.5270657315651e-4,0.46823
YGR224W,AZR1,Acetic Acid and AZoles Resistance,-7.5292400826965e-4,0.45797
YNL239W,LAP3,Leucine AminoPeptidases,-7.6059493651202e-4,0.47255
YDR276C,PMP3,Plasma Membrane Proteolipid,-7.6187635186754e-4,0.4588
YBR109C,CMD1,CalMoDulin,-7.665481318817e-4,0.46523
YNL173C,MDG1,Multicopy suppressor of Defective G-protein,-7.695654803919e-4,0.4887
YPL048W,CAM1,Calcium And Membrane-binding protein,-7.7164486691625e-4,0.44883
YNL205C,NA,NA,-7.7303042470316e-4,0.45744
YDR074W,TPS2,Trehalose-6-Phosphate Synthase/phosphatase,-0.00077382737271980005,0.48256
YGL041C,NA,NA,-7.7501874733043e-4,0.45536
YLR282C,NA,NA,-7.7587960101077e-4,0.46014
YNL097C,PHO23,PHOsphate metabolism,-7.7673750393013e-4,0.46713
YOR081C,TGL5,TriacylGlycerol Lipase,-7.7710811766822e-4,0.37973
YJL064W,NA,NA,-7.7856048149434e-4,0.45173
YPL213W,LEA1,Looks Exceptionally like U2A,-7.7997990758786e-4,0.47186
YGL052W,NA,NA,-7.815477958318e-4,0.45775
YMR061W,RNA14,poly(A) mRNA metabolism,-7.8175405837599e-4,0.47976
YOR364W,NA,NA,-7.8521772565442e-4,0.46353
YDL097C,RPN6,Regulatory Particle Non-ATPase,-8.027760496286e-4,0.46365
YER031C,YPT31,Yeast Protein Two,-8.0548411939392e-4,0.46972
YJR011C,NA,NA,-8.0699327483862e-4,0.402
YJL133W,MRS3,Mitochondrial RNA Splicing,-8.0800793039133e-4,0.46437
YML068W,ITT1,Inhibitor of Translation Termination,-8.0926999723301e-4,0.42672
YOL159C,CSS3,Condition Specific Secretion,-8.0981327309967e-4,0.46542
YOR242C,SSP2,Sporulation SPecific,-8.1023550814988e-4,0.4325
YBL109W,NA,NA,-8.1591412496688e-4,0.48351
YER148W-A,NA,NA,-8.2219046117629e-4,0.46873
YLL027W,ISA1,Iron Sulfur Assembly,-8.22899960533e-4,0.46407
YGL251C,HFM1,Helicase Family Member,-8.2420434203224e-4,0.44711
YKR057W,RPS21A,Ribosomal Protein of the Small subunit,-8.2557314958977e-4,0.4803
YDL165W,CDC36,Cell Division Cycle,-8.2736961509109e-4,0.47585
YFL039C,ACT1,ACTin,-8.278185711456e-4,0.45335
YGL217C,NA,NA,-8.3037760696392e-4,0.4578
YGL245W,GUS1,GlUtamyl-tRNA Synthetase,-8.3754114742506e-4,0.48214
YOR333C,NA,NA,-8.3866538741686e-4,0.4172
YNR070W,PDR18,Pleiotropic Drug Resistance,-8.4110622389309e-4,0.42339
YML066C,SMA2,Spore Membrane Assembly,-8.4319772981905e-4,0.40153
YNL046W,NA,NA,-8.436409159626e-4,0.4195
YGR040W,KSS1,Kinase Suppressor of Sst2 mutations,-8.4690082399892e-4,0.40912
YFR035C,NA,NA,-8.4728477778805e-4,0.4015
YDR495C,VPS3,Vacuolar Protein Sorting,-8.4813957699004e-4,0.38674
YBR006W,UGA2,Utilization of GAba,-8.5261583770904e-4,0.47867
YKR089C,TGL4,TriacylGlycerol Lipase,-8.5379724277675e-4,0.47785
YCR013C,NA,NA,-8.5594534481927e-4,0.4668
YDL216C,RRI1,Regulator of Rub1 specific Isopeptidase,-8.6431393116532e-4,0.45034
YER039C-A,NA,NA,-8.6455832288433e-4,0.46613
YMR289W,ABZ2,para-AminoBenZoic acid (PABA) biosynthesis,-8.6725901729389e-4,0.44258
YHR129C,ARP1,Actin-Related Protein,-8.6771590023162e-4,0.46467
YOR094W,ARF3,ADP-Ribosylation Factor,-8.7057530650097e-4,0.44583
YNL159C,ASI2,Amino acid Sensor-Independent,-8.7058581264499e-4,0.41174
YOR102W,NA,NA,-8.761728789409e-4,0.43768
YGL212W,VAM7,VAcuolar Morphogenesis,-8.794619297277e-4,0.4152
YDR388W,RVS167,Reduced Viability on Starvation,-8.8407670531199e-4,0.45566
YML019W,OST6,OligoSaccharylTransferase,-8.8619817473574e-4,0.41683
YLL003W,SFI1,Suppressor of Fermentation Induced loss of stress resistance,-8.8777146604336e-4,0.41232
YDL212W,SHR3,Super high Histidine Resistant,-8.8926796567343e-4,0.48853
YLR140W,NA,NA,-8.9136551169281e-4,0.43457
YGR263C,SAY1,Steryl Acetyl hYdrolase,-8.9232146523509e-4,0.42055
YOR278W,HEM4,HEMe biosynthesis,-8.9267914005362e-4,0.32391
YCR012W,PGK1,3-PhosphoGlycerate Kinase,-8.9727622739421e-4,0.47886
YOR367W,SCP1,S. cerevisiae CalPonin,-0.00089836017298527005,0.45174
YHR039C,MSC7,Meiotic Sister-Chromatid recombination,-9.0365723625299e-4,0.44907
YMR255W,GFD1,Good For Dbp5p,-9.0465387875402e-4,0.46822
YMR299C,DYN3,DYNein,-9.0484169961432e-4,0.44649
YML089C,NA,NA,-9.0871336248345e-4,0.49491
YER057C,HMF1,Homologous Mmf1p Factor,-9.1770841103539e-4,0.45786
YGL220W,BOL2,BolA-like protein,-9.2272172484799e-4,0.47232
YPL094C,SEC62,SECretory,-9.2273980794703e-4,0.43761
YKL180W,RPL17A,Ribosomal Protein of the Large subunit,-9.2456555419052e-4,0.47187
YNL229C,URE2,UREidosuccinate transport,-9.2561302398763e-4,0.46556
YOR250C,CLP1,CLeavage/Polyadenylation factor Ia subunit,-9.2917707973492e-4,0.43751
YGR105W,VMA21,Vacuolar Membrane Atpase,-9.4175157426913e-4,0.43368
YPR077C,NA,NA,-9.4284101298592e-4,0.43566
YER158C,NA,NA,-9.437476906212e-4,0.43812
YPL027W,SMA1,Spore Membrane Assembly,-9.4612844653097e-4,0.46944
YLR046C,NA,NA,-9.508776817066e-4,0.39531
YDR334W,SWR1,SWi2/snf2-Related,-9.515602029635e-4,0.45773
YBR097W,VPS15,Vacuolar Protein Sorting,-9.634678335306e-4,0.45298
YNL040W,NA,NA,-0.00096724232416017005,0.47539
YDR202C,RAV2,Regulator of (H+)-ATPase in Vacuolar membrane,-9.8009344381853e-4,0.40063
YMR317W,NA,NA,-9.8377412094585e-4,0.44442
YPL066W,RGL1,Rho1 GEF Localizing,-9.8808733249196e-4,0.41152
YMR037C,MSN2,Multicopy suppressor of SNF1 mutation,-9.8841062818546e-4,0.37548
YDL234C,GYP7,Gtpase-activating protein for Ypt7 Protein,-9.9063866966203e-4,0.39203
YLR466W,YRF1-4,NA,-9.9350183132002e-4,0.41863
YHR191C,CTF8,Chromosome Transmission Fidelity,-9.9533610638037e-4,0.40464
YJL136W-A,NA,NA,-9.9557740531032e-4,0.45098
YIL132C,CSM2,Chromosome Segregation in Meiosis,-9.9717251447018e-4,0.45265
YAR023C,NA,NA,-9.9752172012206e-4,0.45057
YJR134C,SGM1,Slow growth on Galactose and Mannose,-0.00100009422706524,0.36146
YPL115C,BEM3,Bud EMergence,-0.00100106695291408,0.46245000000000003
YBR059C,AKL1,Ark family Kinase-Like protein,-0.00100128646208752,0.41092
YPL034W,NA,NA,-0.00100398362297007,0.43621
YLR262C-A,TMA7,Translation Machinery Associated,-0.00100510874318294,0.48141
YOR052C,TMC1,"Trivalent Metalloid sensitive, Cuz1-related protein",-0.0010052496256238,0.41149
YPR084W,NA,NA,-0.0010092528731592,0.4512
YJL030W,MAD2,Mitotic Arrest-Deficient,-0.00100941601954948,0.4307
YPL083C,SEN54,Splicing ENdonuclease,-0.00100994548998365,0.36881
YHR095W,NA,NA,-0.00101576961640081,0.47342
YLR238W,FAR10,Factor ARrest,-0.00101746555092095,0.40533
YLR146C,SPE4,SPErmidine auxotroph,-0.00102244685098836,0.43626
YDR403W,DIT1,DITyrosine,-0.00102389163059539,0.45124
YDR127W,ARO1,AROmatic amino acid requiring,-0.00102820245469285,0.44747
YPR087W,VPS69,Vacuolar Protein Sorting,-0.0010297232003457,0.46367
YFR008W,FAR7,Factor ARrest,-0.0010312485645405,0.41011
YJL152W,NA,NA,-0.00103448855194166,0.43685
YDL241W,NA,NA,-0.00103799770351373,0.421
YBR236C,ABD1,NA,-0.00104497500778281,0.38631
YHR155W,LAM1,Lipid transfer protein Anchored at Membrane contact sites,-0.00104510768502021,0.44838
YPL221W,FLC1,FLavin Carrier,-0.00104541104191533,0.46949
YER143W,DDI1,DNA Damage Inducible,-0.00105078462248425,0.41035
YGR025W,NA,NA,-0.00105193094039586,0.40626
YIL015W,BAR1,BARrier to the alpha factor response,-0.00105537394450059,0.36591
YDR229W,IVY1,Interacting with Vps33p and Ypt7p,-0.00105888167780782,0.46087
YDR469W,SDC1,"Set1c, homolog of Dpy30 from C.elegans",-0.00105904034074672,0.45407
YNR061C,NA,NA,-0.00106226777450336,0.38954
YKR014C,YPT52,Yeast Protein Two,-0.00106254733850793,0.35683
YIL116W,HIS5,HIStidine requiring,-0.00106396190544038,0.44965
YLR122C,NA,NA,-0.00106801576063401,0.41156
YJR060W,CBF1,Centromere Binding Factor,-0.00107598221323273,0.46029
YBR289W,SNF5,Sucrose NonFermenting,-0.0010855260551373,0.39964
YBR232C,NA,NA,-0.00108704152877234,0.43776
YOR316C,COT1,CObalt Toxicity,-0.00109322421935479,0.40877
YGR135W,PRE9,PRoteinase yscE,-0.00109495064369655,0.42557
YJR083C,ACF4,Assembly Complementing Factor,-0.00109812537965709,0.39162
YOL137W,BSC6,Bypass of Stop Codon,-0.0010997678039793,0.46476
YFL032W,NA,NA,-0.0011001596887012,0.43223
YNR065C,NA,NA,-0.00110022153877695,0.35237
YDR355C,NA,NA,-0.00110239096729999,0.43204
YLR241W,CSC1,Calcium permeable Stress-gated cation Channel,-0.00110498717679826,0.3634
YDR117C,TMA64,Translation Machinery Associated,-0.00111071498087271,0.38916
YKL073W,LHS1,Lumenal Hsp Seventy,-0.00111124324006084,0.40507
YDL007W,RPT2,"Regulatory Particle Triple-A protein, or Regulatory Particle Triphosphatase",-0.00111284208930445,0.46704
YMR135C,GID8,Glucose Induced Degradation deficient,-0.00112038876850458,0.43372
YOR256C,TRE2,Transferrrin REceptor like,-0.00112440382281859,0.42759
YIL109C,SEC24,SECretory,-0.00112558721179004,0.42637
YLL024C,SSA2,Stress-Seventy subfamily A,-0.00113008103426384,0.47244
YLR433C,CNA1,CalciNeurin A,-0.00113128742760034,0.43179
YNL275W,BOR1,BORon transporter,-0.00113291430520963,0.41813
YOR123C,LEO1,LEft Open reading frame,-0.00113996411895672,0.44158
YHR161C,YAP1801,Yeast Assembly Polypeptide,-0.00114077300675599,0.44709
YNL209W,SSB2,Stress-Seventy subfamily B,-0.00114953322224464,0.48682
YNL104C,LEU4,LEUcine biosynthesis,-0.00115029575787148,0.41438
YNL093W,YPT53,Yeast Protein Two,-0.00115154496227512,0.42541
YJL214W,HXT8,HeXose Transporter,-0.00115203304068162,0.39981
YOL056W,GPM3,Glycerate PhosphoMutase,-0.00117047914768307,0.43389
YLR404W,SEI1,SEIpin,-0.0011707909494878,0.38521
YDL220C,CDC13,Cell Division Cycle,-0.00117134140855202,0.40514
YLR005W,SSL1,Suppressor of Stem-Loop mutation,-0.00117249465695984,0.39609
YER011W,TIR1,TIp1-Related,-0.00117347362747203,0.46153
YJL207C,LAA1,Large AP-1 Accessory,-0.0011785026386193,0.46502
YGR047C,TFC4,Transcription Factor class C,-0.00118001691920645,0.4523
YLR135W,SLX4,Synthetic Lethal of unknown (X) function,-0.00118342291533992,0.43831
YHR189W,PTH1,Peptidyl-Trna Hydrolase,-0.0011840497731981,0.42796
YHR073W,OSH3,OxySterol binding protein Homolog,-0.00118437415212005,0.39224
YGR005C,TFG2,Transcription Factor G,-0.00119166410576787,0.36303
YNR062C,PUL3,PULcherrimin,-0.00119265492751662,0.36189
YMR094W,CTF13,Chromosome Transmission Fidelity,-0.00119333949393266,0.40729
YOR120W,GCY1,Galactose-inducible Crystallin-like Yeast protein,-0.00119594037373694,0.48633
YMR008C,PLB1,PhosphoLipase B,-0.00119596656600806,0.46302
YFR038W,IRC5,Increased Recombination Centers,-0.00119667948514044,0.40987
YMR156C,TPP1,Three Prime Phosphatase,-0.0012055084268901,0.45497
YLR011W,LOT6,LOw Temperature-responsive,-0.00120789878970071,0.37369
YGL153W,PEX14,PEroXisome related,-0.00121256511491601,0.44996
YEL042W,GDA1,Guanosine DiphosphatAse,-0.00121549894641649,0.43782
YDL154W,MSH5,MutS Homolog,-0.0012175441649847,0.3486
YOR218C,NA,NA,-0.00122330195208567,0.40553
YNL223W,ATG4,AuTophaGy related,-0.00122340346379562,0.3806
YGL209W,MIG2,Multicopy Inhibitor of GAL gene expression,-0.00123178143576932,0.45907
YDR183W,PLP1,Phosducin-Like Protein,-0.00123518246920377,0.3364
YIL012W,NA,NA,-0.00123612188558238,0.4247
YHR163W,SOL3,Suppressor Of Los1-1,-0.00123973387575421,0.48237
YAL022C,FUN26,Function Unknown Now,-0.00124329400455228,0.4089
YKR042W,UTH1,yoUTH,-0.00124428366361725,0.45998
YGL207W,SPT16,SuPpressor of Ty,-0.0012447340293776,0.43237
YDR443C,SSN2,Suppressor of SNf1,-0.00124850331244139,0.44039
YLR122C,NA,NA,-0.0012545594401659,0.37303
YER089C,PTC2,Phosphatase Two C,-0.0012554932475485,0.35583
YOR054C,VHS3,Viable in a Hal3 Sit4 background,-0.00125654724978257,0.39517
YDL144C,NA,NA,-0.00126073790319689,0.36616
YGL210W,YPT32,Yeast Protein Two,-0.00127125429143074,0.46923
YDR038C,ENA5,"Exitus NAtru (Latin, ""exit sodium"")",-0.00127163978030119,0.47428
YNL188W,KAR1,KARyogamy,-0.00127444311109671,0.46993
YKL084W,HOT13,Helper Of Tim,-0.00127547717936221,0.41708
YGL142C,GPI10,GlycosylPhosphatidylInositol anchor biosynthesis,-0.00127574430751164,0.35216
YNL025C,SSN8,Suppressor of SNf1,-0.00127850024326982,0.39687
YIR006C,PAN1,Poly(A)-binding protein-dependent poly(A) riboNuclease,-0.00129389386841095,0.42823
YPR032W,SRO7,Suppressor of rho3,-0.0012947756126958,0.40256
YGL005C,COG7,Conserved Oligomeric Golgi complex,-0.0012955824835294,0.39337
YBL083C,NA,NA,-0.00130406133759873,0.43693
YIL152W,NA,NA,-0.00130632441647477,0.39668
YDR205W,MSC2,Meiotic Sister-Chromatid recombination,-0.00132071360636449,0.47328
YGR031W,IMO32,Intermediate cleaved by Mitochondrial Octapeptidyl aminopeptidase,-0.00132387241028303,0.46941
YGR253C,PUP2,PUtative Proteasome subunit,-0.00132705120630568,0.41314
YDR046C,BAP3,Branched-chain Amino acid Permease,-0.00132837066515291,0.4029
YFL034W,MIL1,Medium adaptin-Interacting Ligand,-0.00132871496474722,0.23831
YER068W,MOT2,Modulator Of Transcription,-0.0013307511787255,0.3808
YBR300C,NA,NA,-0.00133078058730547,0.42012
YGL049C,TIF4632,Translation Initiation Factor,-0.00133159332130184,0.39243
YHR164C,DNA2,DNA synthesis defective,-0.00133412126431588,0.4004
YIL144W,NDC80,Nuclear Division Cycle,-0.00133568548928317,0.38683
YDR404C,RPB7,RNA Polymerase B,-0.00134104803531175,0.45683
YML115C,VAN1,VANadate resistance protein,-0.00134384590946443,0.32955
YIR022W,SEC11,SECretory,-0.00134986541648334,0.36247
YMR019W,STB4,Sin Three Binding protein,-0.00135098658375712,0.41008
YOR050C,NA,NA,-0.00135124448114983,0.31029
YIL153W,RRD1,Resistant to Rapamycin Deletion,-0.0013543525582073,0.48343
YER178W,PDA1,Pyruvate Dehydrogenase Alpha,-0.00135495458359738,0.42994
YOR383C,FIT3,Facilitator of Iron Transport,-0.00135839671231342,0.47844
YPL096W,PNG1,Peptide N-Glycanase,-0.00136402118071001,0.41888
YBL041W,PRE7,PRoteinase yscE,-0.00136597912993172,0.43757
YLR099C,ICT1,Increased Copper Tolerance,-0.00136880951683053,0.42047
YJL117W,PHO86,PHOsphate metabolism,-0.00136883750284655,0.38593
YPL142C,NA,NA,-0.00136934859929657,0.42866
YLR134W,PDC5,Pyruvate DeCarboxylase,-0.00137424990546734,0.44652
YKR100C,SKG1,Suppressor of lethality of Kex2 Gas1 double null mutant,-0.00137549271343791,0.45787
YHR124W,NDT80,Non-DiTyrosine,-0.00137648061043935,0.40436
YDR069C,DOA4,Degradation Of Alpha,-0.00137729402186985,0.30071
YOL102C,TPT1,tRNA 2'-PhosphoTransferase,-0.00137904731655387,0.36883
YMR072W,ABF2,ARS-Binding Factor,-0.00138111238038235,0.44736
YKL213C,DOA1,Degradation Of Alpha,-0.00138295080853457,0.4167
YIL042C,PKP1,Protein Kinase of PDH,-0.00138350826472227,0.41443
YLL040C,VPS13,Vacuolar Protein Sorting,-0.00138464767151608,0.43763
YBR246W,RRT2,Regulator of rDNA Transcription,-0.00138490195400509,0.42302
YHR199C,AIM46,Altered Inheritance rate of Mitochondria,-0.0013868242159069,0.366
YLR248W,RCK2,Radiation sensitivity Complementing Kinase,-0.00138998869250046,0.46687
YCR008W,SAT4,NA,-0.00139666447991027,0.44781
YLL057C,JLP1,dnaJ-Like Protein,-0.00140411515540967,0.43208
YLR335W,NUP2,NUclear Pore,-0.00140577445102671,0.31084
YDR137W,RGP1,Reduced Growth Phenotype,-0.00140808608800985,0.38711
YLR262C,YPT6,Yeast Protein Two,-0.00140919643243438,0.40908
YBR168W,PEX32,PEroXisome related,-0.00140982880601677,0.44694
YCR030C,SYP1,Suppressor of Yeast Profilin deletion,-0.00141679821840276,0.38077
YOR127W,RGA1,Rho GTPase Activating Protein,-0.00142070935479309,0.42402
YDL080C,THI3,THIamine metabolism,-0.00142260815549927,0.4023
YGL213C,SKI8,SuperKIller,-0.00142436006489706,0.44344
YHL048W,COS8,COnserved Sequence,-0.00142648224638014,0.44961
YGL234W,ADE57,ADEnine requiring,-0.00142753926987328,0.42001
YDL132W,CDC53,Cell Division Cycle,-0.0014282510306228,0.44375
YKL135C,APL2,clathrin Adaptor Protein complex Large chain,-0.00143075622056537,0.35997
YBL016W,FUS3,cell FUSion,-0.00143156548909618,0.41686
YLR424W,SPP382,Suppressor of PrP38 #2,-0.00143271687602319,0.45072
YJR137C,MET5,METhionine requiring,-0.00143743976542768,0.48494
YNL136W,EAF7,Esa1-Associated Factor,-0.00143902831002134,0.42333
YAR033W,MST28,Multicopy suppressor of Sec Twenty one,-0.00144219242901677,0.3891
YFR056C,NA,NA,-0.00144730243384348,0.42837
YHR171W,ATG7,AuTophaGy related,-0.00144849848822747,0.43419
YMR290W-A,NA,NA,-0.00145391903415664,0.42925
YKL104C,GFA1,Glutamine:Fructose-6-phosphate Amidotransferase,-0.00145398592719015,0.40976
YPR060C,ARO7,AROmatic amino acid requiring,-0.00145651351656453,0.44672
YOL162W,NA,NA,-0.00145857007619349,0.36444
YJL093C,TOK1,NA,-0.00146514441628665,0.37755
YHL044W,NA,NA,-0.00146774660348004,0.42171
YGL186C,TPN1,Transport of PyridoxiNe,-0.00147126624465014,0.46275
YLR156W,NA,NA,-0.00147166723006992,0.44542
YKR008W,RSC4,Remodel the Structure of Chromatin,-0.00147356264587786,0.3744
YOR170W,NA,NA,-0.00147970920353624,0.36471
YGL158W,RCK1,Radiation sensitivity Complementing Kinase,-0.00148268798076939,0.41207
YJL169W,NA,NA,-0.0014841994815392,0.40483
YDR330W,UBX5,UBiquitin regulatory X,-0.00148943367846643,0.39819
YMR224C,MRE11,Meiotic REcombination,-0.00149169473851162,0.3807
YAL016W,TPD3,tRNA Processing Deficient,-0.00149179631889267,0.33705
YLR343W,GAS2,Glycophospholipid-Anchored Surface protein,-0.00149272226171866,0.38636
YOR194C,TOA1,NA,-0.00149280536757548,0.45567
YKL145W,RPT1,"Regulatory Particle Triple-A protein, or Regulatory Particle Triphosphatase",-0.00149330170587193,0.41401
YDR131C,NA,NA,-0.00149779649315735,0.29961
YMR314W,PRE5,PRoteinase yscE,-0.00150279528897357,0.38881
YGR152C,RSR1,RaS-Related,-0.00151775184677505,0.43942
YMR186W,HSC82,NA,-0.00152686792145714,0.4334
YOR231W,MKK1,Mitogen-activated protein Kinase-Kinase,-0.0015273482777196,0.46267
YLR360W,VPS38,Vacuolar Protein Sorting,-0.00153033367085657,0.28553
YAL008W,FUN14,Function Unknown Now,-0.00153067240747218,0.42857
YGL199C,NA,NA,-0.00153342996134841,0.38283
YJR078W,BNA2,Biosynthesis of Nicotinic Acid,-0.00153455599186934,0.42979
YCL039W,GID7,Glucose Induced Degradation deficient,-0.00153957031303172,0.46344
YBL091C,MAP2,Methionine AminoPeptidase,-0.00153974241739645,0.34026
YPL135W,ISU1,IScU homolog,-0.00154267779471489,0.47748
YML106W,URA5,URAcil requiring,-0.00154440864664896,0.45596
YIL156W,UBP7,UBiquitin-specific Protease,-0.0015449130121193,0.24674
YBR040W,FIG1,Factor-Induced Gene,-0.00154831052869841,0.418
YBL096C,NA,NA,-0.00155223098737251,0.42326
YOR325W,NA,NA,-0.00155364363656957,0.40001
YOL163W,NA,NA,-0.00155854480310289,0.29996
YBR125C,PTC4,Phosphatase Two C,-0.00156112040066184,0.3395
YOR130C,ORT1,ORnithine Transporter,-0.00157435162551794,0.33964
YOL038W,PRE6,PRoteinase yscE,-0.00157466590260223,0.41799
YHR131C,NA,NA,-0.00157547959750425,0.41809
YKL159C,RCN1,Regulator of CalciNeurin,-0.00157621955928733,0.30776
YOR021C,SFM1,Spout Family Methyltransferase 1,-0.00157623978100908,0.47294
YHR125W,NA,NA,-0.00157865265710076,0.40206
YOL008W,COQ10,COenzyme Q,-0.00158445246556935,0.34897
YPR134W,MSS18,Mitochondrial Splicing System,-0.00158466744158554,0.33898
YDR007W,TRP1,TRyPtophan,-0.00158634064095792,0.47546
YBR281C,DUG2,Deficient in Utilization of Glutathione,-0.00158639752928064,0.37934
YOR216C,RUD3,Relieves Uso1-1 transport Defect,-0.00158681861464207,0.36283
YOR267C,HRK1,Hygromycin Resistance Kinase,-0.0015888418881037,0.40505
YOR199W,NA,NA,-0.00158951173349291,0.37355
YGR061C,ADE6,ADEnine requiring,-0.00159264190555332,0.45888
YDR425W,SNX41,Sorting NeXin,-0.00159476277128016,0.35603
YFR037C,RSC8,Remodel the Structure of Chromatin,-0.00159938934565797,0.32311
YDL008W,APC11,Anaphase Promoting Complex,-0.00159956152970921,0.45743
YNL226W,NA,NA,-0.00160031053034747,0.40042
YKL129C,MYO3,MYOsin,-0.00160126616880262,0.3554
YPL228W,CET1,Capping Enzyme Triphosphatase,-0.00160237544948323,0.43442
YDL098C,SNU23,Small NUclear ribonucleoprotein associated,-0.00160495934082687,0.35636
YNL303W,NA,NA,-0.00160594092396292,0.42599
YJL049W,CHM7,CHarged Multivesicular body protein,-0.00161342225860405,0.35062
YHR167W,THP2,THO2 - HPR1 Phenotype,-0.00161605669118042,0.34954
YLR169W,NA,NA,-0.00161763815026099,0.38207
YJL168C,SET2,SET domain-containing,-0.001619244212558,0.42471
YDR147W,EKI1,Ethanolamine KInase,-0.00162297399649763,0.33271
YER112W,LSM4,Like SM,-0.00162667011612726,0.46826
YGL075C,MPS2,MonoPolar Spindle,-0.00163269216161337,0.33673
YPR055W,SEC8,SECretory,-0.00163312386928236,0.27303
YJR079W,NA,NA,-0.00163318304387404,0.46686
YAR070C,NA,NA,-0.00163710991972255,0.39807
YIL036W,CST6,Chromosome STability,-0.00163857847681638,0.36949
YJL120W,NA,NA,-0.00164109387784591,0.39067
YER145C-A,NA,NA,-0.00164268102938958,0.40076
YDL058W,USO1,yUSOu - transport in Japanese,-0.00165331888901924,0.30292
YOR121C,NA,NA,-0.00166008758932314,0.37029
YGR020C,VMA7,Vacuolar Membrane Atpase,-0.00166379545477483,0.42246
YKL061W,BLI1,BLoc-1 Interactor,-0.00166411798801831,0.42453
YGR106C,VOA1,V0 Assembly protein,-0.00166530197776757,0.46643
YEL031W,SPF1,Sensitivity to Pichia Farinosa killer toxin,-0.00166958369494197,0.46162
YPL139C,UME1,Unscheduled Meiotic gene Expression,-0.0016771197318514,0.38029
YER072W,VTC1,Vacuolar Transporter Chaperone,-0.00167822926133191,0.44384
YML049C,RSE1,RNA Splicing and ER-to-Golgi transport,-0.00167856454757981,0.34165
YGR262C,BUD32,BUD site selection,-0.0016790211832487,0.32803
YDR287W,INM2,INositol Monophosphatase,-0.00168040065367501,0.25584
YMR006C,PLB2,PhosphoLipase B,-0.00168057867024543,0.47976
YPR075C,OPY2,Overproduction-induced Pheromone-resistant Yeast,-0.0016822825759768,0.37724
YOR039W,CKB2,Casein Kinase Beta' subunit,-0.00168612877385669,0.33221
YLR353W,BUD8,BUD site selection,-0.0016884172265218,0.3425
YPL191C,NA,NA,-0.00169487005398037,0.33442
YGL250W,RMR1,Reduced Meiotic Recombination,-0.00169579738376403,0.35551
YLR228C,ECM22,ExtraCellular Mutant,-0.0016971645456111,0.42583
YER130C,COM2,Cousin of Msn2,-0.00169902383545137,0.40822
YLR300W,EXG1,"EXo-1,3-beta-Glucanase",-0.00170173344816044,0.48292
YLR140W,NA,NA,-0.00170185634593181,0.38283
YCL051W,LRE1,Laminarase REsistance,-0.00170342068901937,0.34179
YDL056W,MBP1,MluI-box Binding Protein,-0.00171339853922387,0.30339
YLR357W,RSC2,Remodel the Structure of Chromatin,-0.00171463616604986,0.45888
YPR194C,OPT2,OligoPeptide Transporter,-0.00171954739058723,0.47145
YJR099W,YUH1,Yeast Ubiquitin Hydrolase,-0.00172125761489553,0.38899
YFL020C,PAU5,seriPAUperin family,-0.001732649184557,0.41206
YOR082C,NA,NA,-0.00174107823134383,0.36796
YNL156C,NSG2,NA,-0.00174195315807703,0.43534
YAR064W,NA,NA,-0.0017422963501164,0.41568
YGL139W,FLC3,FLavin Carrier,-0.00174327291905246,0.43919
YOR249C,APC5,Anaphase Promoting Complex,-0.00174612334023418,0.30565
YPR129W,SCD6,Suppressor of Clathrin Deficiency,-0.00174623800552168,0.4467
YKR005C,NA,NA,-0.00174813010353772,0.3177
YKL162C,NA,NA,-0.00175500693812491,0.36767
YEL004W,YEA4,NA,-0.0017592138813232,0.33662
YMR013C,SEC59,SECretory,-0.00176305625512006,0.4534
YPL005W,AEP3,ATPase ExPression,-0.00176458174410234,0.28272
YAL001C,TFC3,Transcription Factor class C,-0.00176739225033553,0.30701
YIL058W,NA,NA,-0.00176769728887691,0.38606
YEL066W,HPA3,Histone and other Protein Acetyltransferase,-0.00176937339699255,0.47592
YLR457C,NBP1,Nap1 Binding Protein,-0.0017704913426404,0.43251
YKL116C,PRR1,Pheromone Response Regulator,-0.00177218600750008,0.40489000000000003
YOR070C,GYP1,Gtpase-activating protein for YPt1p,-0.00177325718662925,0.36827
YNR018W,RCF2,Respiratory superComplex Factor,-0.00177701313398205,0.47171
YOL147C,PEX11,PEroXin,-0.00177915663594636,0.47617
YPL053C,KTR6,Kre Two Related,-0.00178684685498352,0.34795
YDR454C,GUK1,GUanylate Kinase,-0.00178919945122327,0.46145
YGL004C,RPN14,Regulatory Particle Non-ATPase,-0.00179187743350422,0.35987
YOR115C,TRS33,TRapp Subunit,-0.00179369263137856,0.33087
YLR144C,ACF2,Assembly Complementing Factor,-0.00180299319545894,0.391
YGR288W,MAL13,MALtose fermentation,-0.00180515309419382,0.35662
YLR240W,VPS34,Vacuolar Protein Sorting,-0.00180819875949265,0.30372
YLL006W,MMM1,Maintenance of Mitochondrial Morphology,-0.0018109065161558,0.42627
YER046W,SPO73,SPOrulation,-0.001813335517601,0.37875
YER066W,RRT13,Regulator of rDNA Transcription,-0.00182118138495326,0.33893
YKL080W,VMA5,Vacuolar Membrane Atpase,-0.00182219094143856,0.28819
YGL263W,COS12,COnserved Sequence,-0.00183127691127113,0.382
YER174C,GRX4,GlutaRedoXin,-0.00183363716473017,0.44807
YKL196C,YKT6,NA,-0.00183780886743449,0.40148
YJL035C,TAD2,tRNA-specific Adenosine Deaminase,-0.00183852894136579,0.39923
YBR199W,KTR4,Kre Two Related,-0.00183962107695246,0.32055
YGL221C,NIF3,Ngg1p-Interacting Factor,-0.00184745222105271,0.45573
YJL004C,SYS1,Suppressor of Ypt Six,-0.00184750533178556,0.32905
YFR006W,NA,NA,-0.00185288777200455,0.39106
YPL248C,GAL4,GALactose metabolism,-0.00185557042101023,0.29051
YIL002C,INP51,INositol polyphosphate 5-Phosphatase,-0.00185992779966347,0.30827
YJL099W,CHS6,CHitin Synthase-related,-0.0018600965513454401,0.26053
YBR184W,NA,NA,-0.00187293724446967,0.36871
YGL232W,TAN1,Trna AcetylatioN,-0.00187382212836023,0.3824
YDR383C,NKP1,Non-essential Kinetochore Protein,-0.00187480708374685,0.47271
YLR072W,LAM6,Lipid transfer protein Anchored at Membrane contact site,-0.00188241043489075,0.28055
YOL160W,NA,NA,-0.00188289628523217,0.36565
YCL041C,NA,NA,-0.00189934288040385,0.39642
YPR105C,COG4,Conserved Oligomeric Golgi complex,-0.00190113582355101,0.39372
YBL026W,LSM2,Like SM,-0.00190473819316211,0.37528
YMR039C,SUB1,SUppressor of TFIIB mutations,-0.0019149248027654,0.43111
YBR264C,YPT10,Yeast Protein Two,-0.00191883432054784,0.21584
YGL175C,SAE2,Sporulation in the Absence of spo Eleven,-0.00192076562148207,0.29068
YDR267C,CIA1,Cytosolic Iron-sulfur protein Assembly,-0.00193510243532907,0.23182
YGR050C,NA,NA,-0.00193548275014755,0.36226
YDL173W,PAR32,Phosphorylated After Rapamycin,-0.00194369747391124,0.3083
YKR088C,TVP38,Tlg2-Vesicle Protein,-0.00194373257289922,0.37925
YIL068W-A,NA,NA,-0.00195267087134639,0.41803
YDR532C,KRE28,NA,-0.00195449964678489,0.26956
YGL168W,HUR1,HydroxyUrea Resistance,-0.00196042101368442,0.33543
YDR372C,VPS74,Vacuolar Protein Sorting,-0.00196121624690282,0.27884
YLR337C,VRP1,VeRProlin,-0.00196631447781705,0.32302
YMR075C-A,NA,NA,-0.001966837118421,0.419
YJR033C,RAV1,Regulator of (H+)-ATPase in Vacuolar membrane,-0.00197195009874137,0.39113
YFR050C,PRE4,PRoteinase yscE,-0.00197458753471066,0.40456
YKL065C,YET1,Yeast Endoplasmic reticulum Transmembrane protein,-0.00198025859551794,0.43211
YKL140W,TGL1,TriGlyceride Lipase,-0.00198129651577343,0.39144
YML048W,GSF2,Glucose Signaling Factor,-0.00198232847887727,0.46484
YDL113C,ATG20,AuTophaGy related,-0.00198448025218143,0.39175
YFL013C,IES1,Ino Eighty Subunit,-0.00198608913981592,0.39133
YPL249C,GYP5,Gtpase-activating protein for Ypt Proteins,-0.00199125438664179,0.35349
YAR050W,FLO1,FLOcculation,-0.00199135685260774,0.36357
YDL076C,RXT3,NA,-0.00199282574291493,0.30164
YLR447C,VMA6,Vacuolar Membrane Atpase,-0.00199454266634046,0.39988
YNL235C,NA,NA,-0.00200246275134911,0.41623
YOR200W,NA,NA,-0.00200289739344869,0.4329
YDR392W,SPT3,SuPpressor of Ty's,-0.00200732745200708,0.39228
YGL034C,NA,NA,-0.00201600939500718,0.40565
YGR007W,ECT1,Ethanolamine-phosphate CytidylylTransferase,-0.00201997965392822,0.25213
YDL068W,NA,NA,-0.0020261623478162,0.39945
YEL047C,FRD1,Fumarate ReDuctase,-0.00202990069281919,0.41958
YGL233W,SEC15,SECretory,-0.00203153729922247,0.34504
YDR125C,ECM18,ExtraCellular Mutant,-0.00203303666679599,0.30431
YCR097W,HMRA1,Hidden Mat Right A,-0.0020372305496157,0.34697
YBR245C,ISW1,Imitation SWitch subfamily,-0.00203967448241878,0.34315
YKL142W,MRP8,Mitochondrial Ribosomal Protein,-0.00204289684729395,0.44733
YAL039C,CYC3,CYtochrome C,-0.00204574011556528,0.40144
YOR227W,HER1,Hmg2p ER Remodeling,-0.00205275472176374,0.45365
YKL168C,KKQ8,NA,-0.00205735114908693,0.38028
YER161C,SPT2,SuPpressor of Ty's,-0.00205853535438361,0.44097
YPL056C,LCL1,Long Chronological Lifespan,-0.0020608052094261,0.44523
YGL195W,GCN1,General Control Nonderepressible,-0.00206478425120425,0.34807
YNL157W,IGO1,Initiation of G zerO,-0.00207000712680153,0.34741
YFL042C,LAM5,Lipid transfer protein Anchored at Membrane contact site,-0.00207261408446059,0.36126
YPL261C,NA,NA,-0.00207533810580301,0.30115
YLL047W,NA,NA,-0.00207971641462622,0.40868
YML011C,RAD33,RADiation sensitive,-0.00208020318027228,0.33471
YPL075W,GCR1,GlyColysis Regulation,-0.00208156107297869,0.45279
YBR144C,NA,NA,-0.00208347423400271,0.37471
YAR029W,NA,NA,-0.00208716589630022,0.38413
YLR193C,UPS1,UnProceSsed,-0.00209196848276756,0.35268
YHR123W,EPT1,EthanolaminePhosphoTransferase,-0.00210066479977281,0.28447
YKR015C,NA,NA,-0.00211030642690324,0.32775
YGL155W,CDC43,Cell Division Cycle,-0.00211238956657422,0.18583
YGR015C,EAT1,Ethanol AcetylTransferase,-0.0021130707657929,0.30196
YLR006C,SSK1,Suppressor of Sensor Kinase,-0.00211790206832733,0.41597
YOR190W,SPR1,SPorulation Regulated,-0.00211862780988218,0.28244
YLR034C,SMF3,NA,-0.00212712404304202,0.44361
YGR177C,ATF2,AcetylTransFerase,-0.00213992724190146,0.34137
YOR029W,NA,NA,-0.00214469681449495,0.39244
YBR016W,NA,NA,-0.00214589618412048,0.37184
YLL046C,RNP1,RiboNucleoProtein,-0.00214879300042226,0.38892
YOR330C,MIP1,MItochondrial DNA Polymerase,-0.00215767652380105,0.30682
YOL146W,PSF3,Partner of Sld Five,-0.00216680950763097,0.42683
YGL100W,SEH1,SEc13 Homolog,-0.00216706564717114,0.24668
YJL142C,IRC9,Increased Recombination Centers,-0.00216786608742585,0.36689
YKL177W,NA,NA,-0.00217162355544387,0.37593
YHL006C,SHU1,Suppressor of HU sensitivity,-0.00217505563870431,0.3611
YLR455W,PDP3,PWWP Domain-containing Protein,-0.00217856574829534,0.44589
YOR172W,YRM1,Yeast Reveromycin resistance Modulator,-0.00218012421244662,0.32039
YJL031C,BET4,Blocked Early in Transport,-0.00218079676042319,0.4105
YMR316C-A,NA,NA,-0.0021842642686572002,0.37539
YNL259C,ATX1,AnTioXidant,-0.00219901924852642,0.39813
YGR141W,VPS62,Vacuolar Protein Sorting,-0.00220387581052182,0.39892
YIR008C,PRI1,DNA PRImase,-0.00220934420312674,0.24374
YDL092W,SRP14,Signal Recognition Particle,-0.00220937515886606,0.43571
YGR294W,PAU12,seriPAUperin,-0.00221515260349675,0.42928
YDR305C,HNT2,Histidine triad NucleoTide-binding,-0.00221620114435306,0.3153
YJR087W,NA,NA,-0.00222058646241857,0.31415
YDR274C,NA,NA,-0.00222141772763267,0.32974
YOL165C,AAD15,Aryl-Alcohol Dehydrogenase,-0.00222726877964618,0.40832
YML104C,MDM1,Mitochondrial Distribution and Morphology,-0.00223233901270041,0.34411
YHR114W,BZZ1,NA,-0.00223284650575938,0.21189
YOR298C-A,MBF1,Multiprotein Bridging Factor,-0.00223976429503329,0.43482
YDR290W,NA,NA,-0.00224061114541943,0.36978
YMR275C,BUL1,Binds Ubiquitin Ligase,-0.00224147930204511,0.43122
YPL070W,MUK1,coMpUtationally-linked to Kap95,-0.0022459153749643,0.25132
YDR390C,UBA2,UBiquitin Activating,-0.00225730687799691,0.25365
YHL022C,SPO11,SPOrulation,-0.00227843542945396,0.44202
YDR250C,NA,NA,-0.00228286841048218,0.30368
YOL034W,SMC5,Structural Maintenance of Chromosomes,-0.00229069652286821,0.26625
YOR129C,AFI1,ArF3-Interacting protein,-0.00229558260351734,0.44026
YIL034C,CAP2,CAPping,-0.00229900200077941,0.37569
YBR108W,AIM3,Altered Inheritance rate of Mitochondria,-0.00230276206163318,0.39746
YBL058W,SHP1,Suppressor of High-copy PP1,-0.00230698496613984,0.37399
YDL175C,AIR2,Arginine methyltransferase-Interacting RING finger protein,-0.00230869359061058,0.3937
YKR103W,NFT1,New Full-length MRP-type Transporter,-0.00231063151944287,0.34206
YDR325W,YCG1,Yeast Cap G,-0.00232420948334348,0.34393
YGR124W,ASN2,ASparagiNe requiring,-0.00232501796523983,0.43619
YCL005W,LDB16,Low Dye Binding,-0.00232643522872569,0.26699
YAR031W,PRM9,Pheromone-Regulated Membrane protein,-0.00233197565176649,0.364
YDR367W,KEI1,Kex2-cleavable protein Essential for Inositol phosphorylceramide synthesis,-0.00233467871221686,0.39785
YLR170C,APS1,clathrin Associated Protein complex Small subunit,-0.00233797013643909,0.42096
YFR043C,IRC6,Increased Recombination Centers,-0.0023392509239558,0.39879
YPL002C,SNF8,Sucrose NonFermenting,-0.00234220558743472,0.45166
YIL056W,VHR1,VHt1 Regulator,-0.00234245321831868,0.46743
YDR138W,HPR1,HyPerRecombination,-0.00234474124367898,0.31856
YGL152C,NA,NA,-0.0023465055027847,0.38893
YJR023C,NA,NA,-0.00235097864022365,0.40628
YGL095C,VPS45,Vacuolar Protein Sorting,-0.00235240684677008,0.23412
YLL032C,NA,NA,-0.00235508629541218,0.32619
YMR035W,IMP2,Inner Membrane Protease,-0.00235604753526822,0.41815
YNL277W,MET2,METhionine requiring,-0.00235666152426297,0.44704
YPL199C,NA,NA,-0.00235682012774343,0.40621
YJR146W,NA,NA,-0.00235948196654129,0.37845
YHR041C,SRB2,Suppressor of RNA polymerase B,-0.00235983151716593,0.44428
YBR293W,VBA2,Vacuolar Basic Amino acid transporter,-0.00237065528052925,0.20932
YDR315C,IPK1,Inositol Polyphosphate Kinase,-0.00237392578983636,0.33711
YBR148W,YSW1,NA,-0.00237623828393589,0.2874
YLR306W,UBC12,UBiquitin-Conjugating,-0.00237743032132421,0.23567
YNL051W,COG5,Conserved Oligomeric Golgi complex,-0.00237806563357854,0.26257
YJL002C,OST1,OligoSaccharylTransferase,-0.00237877153840729,0.28499
YDR236C,FMN1,FMN biosynthesis,-0.00238203350855434,0.25813
YLR317W,NA,NA,-0.0023872343630838,0.37463
YAR027W,UIP3,Ulp1 Interacting Protein,-0.0023878232540424,0.2729
YNL043C,NA,NA,-0.00239412690928324,0.32944
YKL179C,COY1,CASP Of Yeast,-0.00239425951486404,0.3249
YHR101C,BIG1,Bad In Glucose,-0.00239969088886747,0.39285
YBR107C,IML3,Increased Minichromosome Loss,-0.00240003544102559,0.26029
YCR009C,RVS161,Reduced Viability on Starvation,-0.00240910185842883,0.434
YMR126C,DLT1,Defect at Low Temperature,-0.00241076298932644,0.30761
YFR036W-A,NA,NA,-0.0024143189724953,0.2995
YER094C,PUP3,PUtative Proteasome subunit,-0.00241634005222635,0.35885
YLR421C,RPN13,Regulatory Particle Non-ATPase,-0.0024164917919333,0.394
YOR336W,KRE5,Killer toxin REsistant,-0.00242255044087947,0.43504
YPL129W,TAF14,TATA binding protein-Associated Factor,-0.00242537541255757,0.45936
YLR032W,RAD5,RADiation sensitive,-0.00242551737183247,0.33567
YJR088C,EMC2,ER Membrane protein Complex,-0.00242606759617979,0.37406
YGL088W,NA,NA,-0.00243790555748851,0.36241
YGR070W,ROM1,RhO1 Multicopy suppressor,-0.00244045716325565,0.44922
YIL095W,PRK1,p53 Regulatory Kinase,-0.00244271034350443,0.31131
YOR058C,ASE1,Anaphase Spindle Elongation,-0.00244785485803986,0.43772
YOR097C,NA,NA,-0.00244969115470499,0.38932
YOL152W,FRE7,Ferric REductase,-0.00245813452951501,0.29196
YGR046W,TAM41,Translocator Assembly and Maintenance,-0.00246064342184751,0.22226
YGR092W,DBF2,DumbBell Former,-0.00246288618767887,0.41186
YBR164C,ARL1,ADP-Ribosylation factor-Like,-0.0024676545715207,0.38576
YLR329W,REC102,RECombination,-0.00247232877390232,0.304
YDL156W,CMR1,Changed Mutation Rate,-0.00247296320107792,0.33636
YHR122W,CIA2,Cytosolic Iron-sulfur protein Assembly,-0.00247766064898734,0.43634
YGL231C,EMC4,ER Membrane protein Complex,-0.00247810809748397,0.30725
YCL042W,NA,NA,-0.00248217187745818,0.3394
YDL141W,BPL1,Biotin:apoProtein Ligase,-0.00248710470994503,0.28718
YDR427W,RPN9,Regulatory Particle Non-ATPase,-0.00249085501146876,0.28665
YIR004W,DJP1,DnaJ Protein,-0.00250894836144207,0.21531
YDL105W,NSE4,Non-SMC Element,-0.00251338517142639,0.34208
YOL060C,MAM3,NA,-0.00251451830038322,0.32385
YJL036W,SNX4,Sorting NeXin,-0.00252089978553874,0.32218
YGR255C,COQ6,COenzyme Q,-0.00252698593518675,0.39332
YDL125C,HNT1,Histidine triad NucleoTide-binding,-0.00252704477450402,0.37534
YJR021C,REC107,RECombination,-0.00252769537119028,0.25624
YML123C,PHO84,PHOsphate metabolism,-0.00253104856701585,0.3928
YMR209C,NA,NA,-0.00253838713246303,0.34229
YBR287W,NA,NA,-0.00254518186248461,0.46933
YKR084C,HBS1,Hsp70 subfamily B Suppressor,-0.00254550609980228,0.28743
YPL140C,MKK2,Mitogen-activated Kinase Kinase,-0.00254551941811245,0.41689
YOR372C,NDD1,Nuclear Division Defective,-0.0025488270523428,0.45067
YGL248W,PDE1,PhosphoDiEsterase,-0.00255057597837651,0.18929
YCL014W,BUD3,BUD site selection,-0.00255079584612736,0.31568
YPL061W,ALD6,ALdehyde Dehydrogenase,-0.00255708434645522,0.47232
YDR292C,SRP101,Signal Recognition Particle,-0.00255783258385702,0.38128
YJL012C,VTC4,Vacuolar Transporter Chaperone,-0.00256104793719083,0.35903
YGL261C,PAU11,seriPAUperin,-0.0025662977672195,0.41617
YML034W,SRC1,Spliced mRNA and Cell cycle regulated gene,-0.00257061785071226,0.2152
YOL001W,PHO80,PHOsphate metabolism,-0.00257084162329894,0.31903
YPR195C,NA,NA,-0.00258142944333303,0.30601
YJL028W,NA,NA,-0.00258152176048192,0.37284
YGL162W,SUT1,Sterol UpTake,-0.00258483731850341,0.47722
YOR280C,FSH3,Family of Serine Hydrolases,-0.00258567969211456,0.37468
YPR160W,GPH1,Glycogen PHosphorylase,-0.00258830025891293,0.40908
YDR424C,DYN2,DYNein,-0.00259080697035969,0.4358
YJL171C,TOH1,TOS One Homolog,-0.00259433740830528,0.39546
YNL074C,MLF3,Multicopy suppressor of LeFlunomide sensitivity,-0.00259594080447084,0.42516
YDL072C,YET3,Yeast Endoplasmic reticulum Transmembrane protein,-0.00259808865819075,0.40581
YGL260W,NA,NA,-0.00260730047492023,0.34275
YBR278W,DPB3,DNA Polymerase B (II) subunit,-0.00261054117958292,0.33869
YMR276W,DSK2,Dominant Suppressor of kar1,-0.00261711028058006,0.37101
YLR369W,SSQ1,Stress-Seventy subfamily Q,-0.00262052519600183,0.2116
YNL146W,NA,NA,-0.00263063283077993,0.22044
YGR176W,NA,NA,-0.00263133504145749,0.40721
YKL033W-A,NA,NA,-0.00263200462348433,0.27857
YGL070C,RPB9,RNA Polymerase B,-0.00263636793551074,0.40453
YGR136W,LSB1,Las Seventeen Binding protein,-0.00264862766589489,0.38804
YOR208W,PTP2,Protein Tyrosine Phosphatase,-0.00264913278725669,0.25942
YDR434W,GPI17,GlycosylPhosphatidylInositol anchor biosynthesis,-0.00265116507559738,0.37175
YDR415C,NA,NA,-0.00265526826699335,0.21596
YGR131W,FHN1,Functional Homolog of Nce102,-0.00266535865080629,0.29126
YML047C,PRM6,Pheromone-Regulated Membrane protein,-0.00266963203856038,0.43399
YJR043C,POL32,POLymerase,-0.00267530432377838,0.34022
YER104W,RTT105,Regulator of Ty1 Transposition,-0.00268176830427067,0.35367
YKL053W,NA,NA,-0.00268376410123747,0.34867
YGR069W,NA,NA,-0.00268604996943233,0.38901
YHR217C,NA,NA,-0.00268725779341324,0.42342
YML053C,NA,NA,-0.00268850379069135,0.45434
YDR378C,LSM6,Like SM,-0.00269124030434804,0.42989
YNR075W,COS10,COnserved Sequence,-0.00269581153697989,0.36858
YLL013C,PUF3,PUmilio-homology domain Family,-0.00269653053079063,0.38976
YKL049C,CSE4,Chromosome SEgregation,-0.00269698068363597,0.27556
YBL057C,PTH2,Peptidyl-Trna Hydrolase,-0.0027005750076686,0.25846
YPR056W,TFB4,Transcription Factor B subunit 4,-0.00270207381401977,0.26557
YPL008W,CHL1,CHromosome Loss,-0.00270818712202253,0.40763
YOR018W,ROD1,Resistance to O-Dinitrobenzene,-0.00270942671420243,0.4442
YIR020C,NA,NA,-0.00271318413019074,0.17708
YFL067W,NA,NA,-0.00271417671371571,0.37291
YKR030W,GMH1,Gea1-6 Membrane-associated High-copy suppressor,-0.00271656575218406,0.32064
YHR042W,NCP1,NADP-Cytochrome P450 reductase,-0.0027204895398381,0.33181
YJR069C,HAM1,6-n-HydroxylAMinopurine sensitive,-0.00272056259785437,0.42049
YOR285W,RDL1,RhoDanese-Like protein,-0.00272945865994256,0.44283
YKR004C,ECM9,ExtraCellular Mutant,-0.00273889053646383,0.38647
YDR475C,JIP4,Jumonji domain Interacting Protein,-0.00275052329595893,0.22634
YOR362C,PRE10,PRoteinase yscE,-0.00275202898784913,0.33436
YLR207W,HRD3,HMG-coA Reductase Degradation,-0.00275448657687517,0.23523
YDR371W,CTS2,ChiTinaSe,-0.00275916827514323,0.16895
YDR300C,PRO1,PROline requiring,-0.00277726894410839,0.32529
YJL176C,SWI3,SWItching deficient,-0.00277790957327614,0.2327
YBL062W,NA,NA,-0.00277818175647549,0.36751
YER183C,FAU1,Folinic Acid Utilization,-0.00278357751442822,0.36995
YDR086C,SSS1,Sec Sixty-one Suppressor,-0.00278827694697599,0.27739
YNL059C,ARP5,Actin-Related Protein,-0.00279346073746475,0.30472
YOR109W,INP53,INositol polyphosphate 5-Phosphatase,-0.00279541549661382,0.2882
YCL055W,KAR4,KARyogamy,-0.00279639927979894,0.4276
YIL171W,NA,NA,-0.00279691531102392,0.31946
YPL128C,TBF1,TTAGGG repeat-Binding Factor,-0.00279760095733358,0.36598
YOL042W,NGL1,NA,-0.00280575826551939,0.36332
YNL020C,ARK1,Actin Regulating Kinase,-0.00281032883934586,0.27873
YBR013C,NA,NA,-0.00281817656570671,0.23391
YEL002C,WBP1,Wheat germ agglutinin-Binding Protein,-0.00281921258435284,0.40744
YDL053C,PBP4,Pbp1p Binding Protein,-0.00281938967876671,0.3372
YML020W,NA,NA,-0.00281970559543473,0.21462
YNL297C,MON2,MONensin sensitivity,-0.00282097636026548,0.45274
YHL034C,SBP1,NA,-0.00282169657477238,0.38288
YHL016C,DUR3,Degradation of URea,-0.00282245261018077,0.47306
YJL215C,NA,NA,-0.00282941256555457,0.29612
YGL230C,NA,NA,-0.00283044373374762,0.24137
YHR100C,GEP4,GEnetic interactors of Prohibitins,-0.00283170091578598,0.26699
YBL008W,HIR1,HIstone Regulation,-0.00283471505487789,0.21477
YNL140C,NA,NA,-0.00283547457320298,0.3449
YML032C,RAD52,RADiation sensitive,-0.00283850388306233,0.33758
YOR110W,TFC7,NA,-0.00284238564694214,0.22244
YJR110W,YMR1,Yeast Myotubularin Related,-0.00284425251675807,0.23135
YDL100C,GET3,Guided Entry of Tail-anchored proteins,-0.00284608042519721,0.44339
YGR002C,SWC4,SWr Complex,-0.00285466629916404,0.17993
YKL047W,ANR2,Avl Nine Related family 2,-0.00285499276730348,0.33987
YFL046W,FMP32,Found in Mitochondrial Proteome,-0.00285650730948215,0.34674
YPR181C,SEC23,SECretory,-0.00285962061569577,0.26687
YOR010C,TIR2,TIp1-Related,-0.00286208609230525,0.38444
YOR083W,WHI5,WHIskey,-0.00287383947650315,0.38826
YGL124C,MON1,MONensin sensitivity,-0.00287428565115411,0.14216
YPL181W,CTI6,Cyc8-Tup1 Interacting protein,-0.00287796231211832,0.30416
YDL028C,MPS1,MonoPolar Spindle,-0.00287911038006466,0.3057
YGR137W,NA,NA,-0.0028798217391965,0.33962
YHR162W,MPC2,Mitochondrial Pyruvate Carrier,-0.00287987692975416,0.34259
YOR265W,RBL2,Rescues Beta-tubulin Lethality,-0.00288338351342346,0.40816
YKR038C,KAE1,Kinase-Associated Endopeptidase,-0.00288365476573519,0.3726
YPR012W,NA,NA,-0.00288582126384764,0.36187
YDR056C,EMC10,ER Membrane protein Complex,-0.00289496881811584,0.32844
YLR104W,LCL2,Long Chronological Lifespan 2,-0.00289510134948298,0.15673
YOR155C,ISN1,IMP-Specific 5'-Nucleotidase,-0.00289656615420026,0.39912
YPR107C,YTH1,Yeast THirty kDa Homolog,-0.00290553029163025,0.37486
YER113C,TMN3,TransMembrane Nine,-0.00290555962457302,0.42109
YOR246C,ENV9,late ENdosome and Vacuole interface function,-0.00290708812088007,0.35499000000000003
YGL083W,SCY1,NA,-0.00292284881745648,0.36353
YAL005C,SSA1,Stress-Seventy subfamily A,-0.00292351241664583,0.41238
YHL035C,VMR1,Vacuolar Multidrug Resistance,-0.0029279363807761,0.31897
YHR104W,GRE3,Genes de Respuesta a Estres (stress responsive genes),-0.0029307078404869,0.33414
YKL117W,SBA1,increased Sensitivity to Benzoquinone Ansamycins,-0.00293140300422631,0.31038
YLR345W,NA,NA,-0.00293549034561679,0.38853
YDR402C,DIT2,DITyrosine,-0.00294640378692829,0.34462
YJL042W,MHP1,MAP-Homologous Protein,-0.00295953907686159,0.21648
YLR105C,SEN2,Splicing ENdonuclease,-0.0029607508722379,0.24047
YGL060W,YBP2,Yap1-Binding Protein,-0.00296890639696651,0.35854
YPR053C,NA,NA,-0.00296895808054517,0.19691
YDL126C,CDC48,Cell Division Cycle,-0.00297989192959659,0.38194
YML031W,NDC1,Nuclear Division Cycle,-0.00298518678844567,0.15093
YJR091C,JSN1,Just Say No,-0.00299627324874715,0.23622
YAL056W,GPB2,NA,-0.00299706668302463,0.24351
YOL004W,SIN3,Switch INdependent,-0.00300002666727008,0.24507
YOR073W,SGO1,"ShuGOshin (Japanese for ""guardian spirit"")",-0.00300749861473391,0.32786
YJR073C,OPI3,OverProducer of Inositol,-0.00302059460639169,0.47619
YCL047C,POF1,Promoter Of Filamentation,-0.00302870489017998,0.39314
YKR034W,DAL80,Degradation of Allantoin,-0.00303190714666557,0.4616
YIR029W,DAL2,Degradation of Allantoin,-0.00304516103794144,0.47505
YLR422W,DCK1,DoCK1 homolog,-0.003045491513127,0.39392
YNL192W,CHS1,CHitin Synthase,-0.00304726533767218,0.45396
YIL106W,MOB1,Mps One Binder,-0.00304761540707727,0.39308
YKL025C,PAN3,Poly(A) Nuclease,-0.00305312267786799,0.40476
YBR272C,HSM3,enHanced Spontaneous Mutability,-0.0030581558894852,0.24859
YOL158C,ENB1,ENteroBactin,-0.00306065024302954,0.39417
YMR221C,FMP42,Found in Mitochondrial Proteome,-0.00306212552332432,0.40468
YLL042C,ATG10,AuTophaGy related,-0.00306544668473326,0.33349
YOR213C,SAS5,Something About Silencing,-0.00306862789695375,0.35806
YHR008C,SOD2,SuperOxide Dismutase,-0.00307549846495651,0.33524
YPR083W,MDM36,Mitochondrial Distribution and Morphology,-0.00308082463899917,0.31293
YBL007C,SLA1,Synthetic Lethal with ABP1,-0.00308463690261819,0.41639
YGR111W,NA,NA,-0.00308486615415655,0.21238
YNL170W,NA,NA,-0.00308937998498404,0.24462
YOR356W,CIR2,Changed Intracellular Redox state,-0.00309152140704932,0.43118
YKR010C,TOF2,TOpoisomerase I-interacting Factor,-0.0030974169818884,0.27283
YDR189W,SLY1,Suppressor of Loss of Ypt1,-0.00310274659288326,0.26376
YKL204W,EAP1,EIF4E-Associated Protein,-0.00310558671101037,0.36922
YGR198W,YPP1,alpha-sYnuclein Protective Protein,-0.0031057515159288,0.33308
YNR075W,COS10,COnserved Sequence,-0.00311618462095936,0.34844
YER095W,RAD51,RADiation sensitive,-0.00312003345949055,0.4044
YOR193W,PEX27,PEroXisome related,-0.00312361979255364,0.22502
YGL216W,KIP3,KInesin related Protein,-0.00312581843546124,0.3413
YNL274C,GOR1,GlyOxylate Reductase,-0.00313177488395615,0.44619
YFR022W,ROG3,Revertant Of Glycogen synthase kinase mutation,-0.00313431724985023,0.1978
YAL005C,SSA1,Stress-Seventy subfamily A,-0.00313750996142835,0.41618
YOL108C,INO4,INOsitol requiring,-0.00313879162771419,0.26682
YLR376C,PSY3,Platinum SensitivitY,-0.00314234562622424,0.26232
YHR200W,RPN10,Regulatory Particle Non-ATPase,-0.00314338090836626,0.26478
YPR017C,DSS4,Dominant Suppressor of Sec4,-0.00314807266122306,0.2629
YFR052W,RPN12,Regulatory Particle Non-ATPase,-0.00315278279100661,0.22107
YDR308C,SRB7,Suppressor of RNA polymerase B,-0.00316246388140843,0.24755
YGR290W,NA,NA,-0.00317072182033797,0.4531
YPR184W,GDB1,Glycogen DeBranching,-0.00317216716980441,0.44161
YDR230W,NA,NA,-0.00317334792636618,0.25411
YDR136C,VPS61,Vacuolar Protein Sorting,-0.003173496936996,0.25049
YHR180W,NA,NA,-0.0031775554674836,0.16918
YOR261C,RPN8,Regulatory Particle Non-ATPase,-0.00317993841126743,0.33533
YMR133W,REC114,RECombination,-0.00318111768983738,0.36281
YIL137C,TMA108,Translation Machinery Associated,-0.00318554263237672,0.2565
YOR022C,DDL1,DDHD Domain-containing Lipase,-0.00318812297589915,0.21571
YAL064W-B,NA,NA,-0.00318845241079196,0.26177
YIL077C,RCI37,Respiratory Chain Interacting protein of ~37 kDa,-0.00319069839031331,0.25324
YIL075C,RPN2,Regulatory Particle Non-ATPase,-0.00319669380622269,0.22837
YOR124C,UBP2,UBiquitin-specific Protease,-0.00319802012158868,0.41402
YOR080W,DIA2,Digs Into Agar,-0.00319886758309986,0.1883
YIL043C,CBR1,Cytochrome b Reductase,-0.00321374084590559,0.34534
YGR026W,NA,NA,-0.00321888520373424,0.35194
YMR134W,ERG29,ERGosterol biosynthesis,-0.00321904342915233,0.31079
YJR051W,OSM1,OSMotic sensitivity,-0.00322356805522227,0.24748
YFR047C,BNA6,Biosynthesis of Nicotinic Acid,-0.00322456552890358,0.28549
YDR168W,CDC37,Cell Division Cycle,-0.00322488586806482,0.39641
YKL184W,SPE1,SPErmidine auxotroph,-0.00323399247044008,0.34656
YGL151W,NUT1,Negative regulation of URS Two,-0.00323557641306433,0.24433
YMR047C,NUP116,NUclear Pore,-0.0032449209666483,0.42544
YMR258C,ROY1,Repressor Of Ypt52,-0.00324814258884186,0.37593
YGR094W,VAS1,VAlyl-tRNA Synthetase,-0.00324900759077948,0.29602
YNL257C,SIP3,SNF1-Interacting Protein,-0.00325089405766987,0.30935
YNR021W,NA,NA,-0.00325164279330096,0.20394
YGR289C,MAL11,MALtose fermentation,-0.00325197005476782,0.47607
YJL100W,LSB6,Las Seventeen Binding protein,-0.00325616185509088,0.29739
YOL118C,NA,NA,-0.00325897337289597,0.23216
YDL125C,HNT1,Histidine triad NucleoTide-binding,-0.00326020549033178,0.30925
YDL025C,RTK1,Ribosome biogenesis and TRNA synthetase-associated Kinase,-0.0032642301493232,0.29029
YPL194W,DDC1,DNA Damage Checkpoint,-0.00326567545733792,0.18256
YNL129W,NRK1,Nicotinamide Riboside Kinase,-0.00326933985339254,0.36223
YEL035C,UTR5,Unidentified TRanscript,-0.00327261679948385,0.33229
YML084W,NA,NA,-0.00327439030065502,0.3004
YGR136W,LSB1,Las Seventeen Binding protein,-0.00327620624072481,0.2558
YLL007C,LMO1,eLMO homolog,-0.00327669413542138,0.27919
YER012W,PRE1,PRoteinase yscE,-0.003279296154424,0.25275
YPR091C,NVJ2,Nucleus-Vacuole Junction,-0.00328605904541311,0.1894
YCL035C,GRX1,GlutaRedoXin,-0.00330460881933148,0.33631
YBR001C,NTH2,Neutral TreHalase,-0.0033131301065008,0.31193
YHR028C,DAP2,Dipeptidyl AminoPeptidase,-0.00331479408384071,0.43099
YKL007W,CAP1,CAPping,-0.00331635433646376,0.26569
YJL082W,IML2,Increased Minichromosome Loss,-0.00332217669352416,0.37873
YCL043C,PDI1,Protein Disulfide Isomerase,-0.0033268266730196,0.3878
YER059W,PCL6,Pho85 CycLin,-0.00333327448238197,0.3183
YIL007C,NAS2,Non-ATPase Subunit,-0.0033358554739537,0.30979
YNL041C,COG6,Conserved Oligomeric Golgi complex,-0.00334079762187904,0.18107
YKL033W-A,NA,NA,-0.0033417927984306702,0.30203
YMR004W,MVP1,Multi-copy suppressor of vps1,-0.0033432504515503,0.35174
YLL049W,LDB18,Low Dye Binding,-0.00334594993715569,0.36192
YJL019W,MPS3,MonoPolar Spindle,-0.00334761457108206,0.34874
YIL100C-A,NA,NA,-0.00334969318545611,0.4062
YPL253C,VIK1,Vegetative Interaction with Kar3p,-0.00335027342876719,0.39387
YBL060W,YEL1,Yeast EFA6-Like,-0.00335502486886273,0.31098
YFL038C,YPT1,Yeast Protein Two,-0.00335750077366009,0.1882
YOR195W,SLK19,Synthetic Lethal Kar3p,-0.00336892022205639,0.32929
YDR255C,RMD5,Required for Meiotic nuclear Division,-0.00336971715847463,0.25229
YER081W,SER3,SERine requiring,-0.00337118571590166,0.44667
YDR234W,LYS4,LYSine requiring,-0.00337435254501784,0.45633
YHL018W,MCO14,Mitochondrial Class One protein of 14 kDa,-0.00337465487760009,0.35924
YOL105C,WSC3,cell Wall integrity and Stress response Component,-0.00337549675776551,0.33866
YMR016C,SOK2,Suppressor Of Kinase,-0.00338354010789024,0.40332
YIL017C,VID28,Vacuolar Import and Degradation,-0.00338769185425993,0.29787
YLR036C,NA,NA,-0.00339270440858199,0.21561
YDR523C,SPS1,SPorulation Specific,-0.00340143128168164,0.16456
YCR011C,ADP1,ATP-Dependent Permease,-0.00340748632103378,0.33532
YNL219C,ALG9,Asparagine-Linked Glycosylation,-0.00340767051783935,0.24235
YIL005W,EPS1,ER-retained Pma1 Suppressing,-0.00340916168057365,0.26967
YPR148C,NA,NA,-0.00341027196404141,0.18458
YDR050C,TPI1,Triose-Phosphate Isomerase,-0.00341374137482691,0.43194
YNL339C,YRF1-6,NA,-0.00341702324506258,0.23296
YDL236W,PHO13,PHOsphate metabolism,-0.00341967006954874,0.33378
YJR140C,HIR3,HIstone Regulation,-0.00342380061093915,0.36872
YDR318W,MCM21,MiniChromosome Maintenance,-0.00342613772368919,0.19687
YFR028C,CDC14,Cell Division Cycle,-0.0034360449460648,0.34613
YBR090C,NA,NA,-0.00343729171504685,0.43886
YHR130C,NA,NA,-0.00343958775022587,0.3914
YPL006W,NCR1,Niemann-pick type C Related,-0.00344627598138084,0.24328
YPR150W,NA,NA,-0.00345005703461668,0.3295
YGR249W,MGA1,NA,-0.00345240824448758,0.29595
YLR328W,NMA1,Nicotinamide Mononucleotide Adenylyltransferase,-0.00345321075600398,0.40759
YJL106W,IME2,Inducer of MEiosis,-0.00345523343331155,0.28149
YNR008W,LRO1,Lecithin cholesterol acyl transferase Related Open reading frame,-0.00345719975624386,0.22042
YPL164C,MLH3,MutL Homolog,-0.00345771618943928,0.11877
YER136W,GDI1,GDP Dissociation Inhibitor,-0.00346323558154276,0.26276
YBR053C,NA,NA,-0.00347281045802643,0.41768
YBL026W,LSM2,Like SM,-0.0034755982885488,0.32555
YOL069W,NUF2,NUclear Filament-containing protein,-0.00347575827084946,0.36304
YJL080C,SCP160,S. cerevisiae protein involved in the Control of Ploidy,-0.00347636541905981,0.41685
YKL100C,YPF1,Yeast Presenilin-like Family 1,-0.0034871986953935,0.232
YBR126W-A,MEO1,Mini ER ORF,-0.00348928158094332,0.38977
YNL212W,VID27,Vacuolar Import and Degradation,-0.00348987001940824,0.25423
YEL074W,NA,NA,-0.0034915833787833,0.4058
YDR013W,PSF1,Partner of Sld Five,-0.00349745742025085,0.42981
YMR232W,FUS2,cell FUSion,-0.00350049800569557,0.25709
YDR129C,SAC6,Suppressor of ACtin,-0.00350922065591461,0.39065
YDR122W,KIN1,KINase,-0.00351080995637987,0.2562
YDL193W,NUS1,Nuclear Undecaprenyl pyrophosphate Synthase,-0.00351299832477313,0.1922
YDR199W,NA,NA,-0.00351436230210809,0.26215
YLR261C,VPS63,Vacuolar Protein Sorting,-0.00351463702764224,0.37672
YMR294W-A,NA,NA,-0.00351492908596258,0.19128
YER071C,TDA2,Topoisomerase I Damage Affected,-0.00351622543085767,0.18465
YPR072W,NOT5,Negative On TATA,-0.00352954559021298,0.42611
YOR075W,UFE1,Unknown Function Essential,-0.00353045485626206,0.21238
YER077C,MRX1,Mitochondrial oRganization of gene eXpression (MIOREX),-0.00353110702180723,0.2977
YDL227C,HO,HOmothallic switching endonuclease,-0.0035422661327745,0.4171
YPR068C,HOS1,Hda One Similar,-0.00354379960620576,0.20199
YLR438C-A,LSM3,Like SM,-0.00354935065211594,0.37349
YOR147W,MDM32,Mitochondrial Distribution and Morphology,-0.00355152756117438,0.22233
YPR108W,RPN7,Regulatory Particle Non-ATPase,-0.00355397781205459,0.31466
YDR105C,TMS1,NA,-0.00355850308958486,0.16275
YGR039W,NA,NA,-0.00355976440084617,0.2216
YOL101C,IZH4,Implicated in Zinc Homeostasis,-0.00356098524050316,0.47362
YDR481C,PHO8,PHOsphate metabolism,-0.00357369543563642,0.18205
YDL055C,PSA1,NA,-0.00357372302658367,0.44436
YCL004W,PGS1,PhosphatidylGlycerolphosphate Synthase,-0.00357751669846432,0.10602
YLL025W,PAU17,seriPAUperin,-0.00357792098079763,0.22722
YDR090C,ILT1,Ionic Liquid Tolerance,-0.00358185558782251,0.39682
YNL266W,NA,NA,-0.0035824250818915,0.42602
YGL048C,RPT6,"Regulatory Particle Triple-A protein, or Regulatory Particle Triphosphatase",-0.00358760068752732,0.21611
YJL192C,SOP4,Suppressor Of Pma1-7,-0.00359053409566468,0.197
YOR003W,YSP3,Yeast Subtilisin-like Protease III,-0.00359471546405959,0.43567
YHL030W,ECM29,ExtraCellular Mutant,-0.00360003898257762,0.33753
YDR124W,NA,NA,-0.00360413788023057,0.20245
YPR156C,TPO3,Transporter of POlyamines,-0.00360452767597975,0.33624
YLR095C,IOC2,Iswi One Complex,-0.00360514255131493,0.21642
YOR079C,ATX2,AnTioXidant,-0.00360710095695965,0.26358
YNL099C,OCA1,Oxidant-induced Cell-cycle Arrest,-0.00360799954523783,0.32232
YGR261C,APL6,clathrin Adaptor Protein complex Large chain,-0.0036150419470202,0.34325
YKL118W,NA,NA,-0.00362256715806182,0.30698
YHR166C,CDC23,Cell Division Cycle,-0.0036270712800933,0.14938
YPR022C,SDD4,Suppressor of Degenerative Death,-0.00362952084304622,0.30532
YER009W,NTF2,Nuclear Transport Factor,-0.00363319479005096,0.29184
YOR239W,ABP140,Actin Binding Protein,-0.00363397203650449,0.20034
YER177W,BMH1,Brain Modulosignalin Homolog,-0.00364189031528069,0.36507
YML092C,PRE8,PRoteinase yscE,-0.00364240487023957,0.28198
YHL002W,HSE1,"Has Symptoms of class E mutants; resembles Hbp, Stam and East",-0.00364596844614511,0.376
YBR087W,RFC5,Replication Factor C,-0.0036464567492989,0.27134
YBR035C,PDX3,PyriDoXine auxotrophy,-0.00364648407793856,0.15373
YDL083C,RPS16B,Ribosomal Protein of the Small subunit,-0.00364662834319273,0.41553
YBL089W,AVT5,Amino acid Vacuolar Transport,-0.00364722761704058,0.25039
YMR163C,INP2,INheritance of Peroxisomes,-0.0036485248192463,0.38142
YOR016C,ERP4,Emp24p/Erv25p Related Protein,-0.00365450254475952,0.16843
YEL065W,SIT1,Siderophore Iron Transport,-0.00365609763396547,0.45711
YGL146C,RRT6,Regulator of rDNA Transcription,-0.0036636976197003,0.22478
YJL020C,BBC1,Bni1 synthetic lethal and Bee1 (las17) Complex member,-0.0036750015302171,0.31871
YNL033W,NA,NA,-0.00368093193273922,0.31214
YML001W,YPT7,Yeast Protein Two,-0.00369007704744681,0.35493
YEL016C,NPP2,ecto-Nucleotide Pyrophosphatase/Phosphodiesterase,-0.00369342687842684,0.23217
YPL209C,IPL1,Increase in PLoidy,-0.00369716913896905,0.28379
YNL320W,NA,NA,-0.00370330812813345,0.284
YHR123W,EPT1,EthanolaminePhosphoTransferase,-0.00371955550529966,0.34354
YJR104C,SOD1,SuperOxide Dismutase,-0.00372008774806012,0.37868
YER155C,BEM2,Bud EMergence,-0.00372436188435946,0.3553
YKL019W,RAM2,RAS protein and A-factor Maturation,-0.00373064409262854,0.30366
YOL087C,DUF1,DUB-associated Factor 1,-0.00373255772157848,0.32044
YDR107C,TMN2,TransMembrane Nine,-0.00373407173241321,0.2545
YKR001C,VPS1,Vacuolar Protein Sorting,-0.00373464312238749,0.3255
YJL060W,BNA3,Biosynthesis of Nicotinic Acid,-0.00373720113708762,0.446
YOL009C,MDM12,Mitochondrial Distribution and Morphology,-0.00374440715515431,0.21197
YMR151W,YIM2,NA,-0.00374596881543338,0.3229
YLR205C,HMX1,HeMe oXygenase,-0.00374773012979053,0.45257
YNL152W,INN1,required for INgressioN,-0.00375451891683058,0.28492
YPR204W,NA,NA,-0.00375557777387854,0.30296
YNL087W,TCB2,Three Calcium and lipid Binding domains (TriCalBins),-0.00376844918833766,0.34679
YDR106W,ARP10,Actin-Related Protein,-0.00378299557810512,0.26153
YGR149W,GPC1,GlyceroPhosphoCholine acyltransferase,-0.00378315478185366,0.35348
YGL071W,AFT1,Activator of Ferrous Transport,-0.00378505688855602,0.23452
YKL103C,APE1,AminoPeptidase,-0.00379238291267019,0.41536
YJR144W,MGM101,Mitochondrial Genome Maintenance,-0.00379869681969456,0.35986
YIL108W,NA,NA,-0.00380295330782686,0.29086
YIL068C,SEC6,SECretory,-0.00380635697585337,0.28412
YOR092W,ECM3,ExtraCellular Mutant,-0.00380735732479268,0.44799
YOL073C,DSC2,Defective for SREBP Cleavage,-0.00380764628167235,0.25649
YMR109W,MYO5,MYOsin,-0.00380861185414016,0.27151
YHR101C,BIG1,Bad In Glucose,-0.00381366248070896,0.20354
YER179W,DMC1,Disrupted Meiotic cDNA,-0.00381421786979595,0.30967
YIL051C,MMF1,Mitochondrial Matrix Factor,-0.00381831080203487,0.17908
YIL171W,NA,NA,-0.00382135149126922,0.2542
YCR102W-A,NA,NA,-0.00382510799498628,0.36482
YLR350W,ORM2,NA,-0.00382588757520997,0.43274
YMR208W,ERG12,ERGosterol biosynthesis,-0.00382619384887794,0.37281
YJR031C,GEA1,Guanine nucleotide Exchange on ARF,-0.00382958987539801,0.25605
YAL044C,GCV3,GlyCine cleaVage,-0.00383468719160028,0.40869
YIL039W,TED1,Trafficking of Emp24p/Erv25p-dependent cargo Disrupted,-0.00383978856209327,0.3717
YGR178C,PBP1,Pab1p-Binding Protein,-0.00384676669452804,0.32287
YNL305C,BXI1,BaX Inhibitor,-0.00385486336595786,0.35795
YGR213C,RTA1,Resistance To 7-Aminocholesterol,-0.00385576360645099,0.19529
YFR010W,UBP6,UBiquitin-specific Protease,-0.00386870632861828,0.39837
YGR099W,TEL2,TELomere maintenance,-0.00386898508329628,0.2934
YER066W,RRT13,Regulator of rDNA Transcription,-0.003873495475195,0.36655
YJL019W,MPS3,MonoPolar Spindle,-0.00387800780846208,0.19542
YOR299W,BUD7,BUD site selection,-0.00388044963989511,0.27042
YDL006W,PTC1,Phosphatase type Two C,-0.00388065876688359,0.15976
YDR363W-A,SEM1,Suppressor of Exocyst Mutations,-0.00388562489388402,0.37674
YLR374C,NA,NA,-0.00388712335952608,0.31689
YBR194W,AIM4,Altered Inheritance rate of Mitochondria,-0.0038873313804595,0.20946
YCR089W,FIG2,Factor-Induced Gene,-0.00388747511304373,0.32809
YPR028W,YOP1,YIP One Partner,-0.00389291883077366,0.30501
YKL207W,EMC3,ER Membrane protein Complex,-0.00389503279930122,0.1
YAL033W,POP5,Processing Of Precursor RNAs,-0.00389833309583394,0.37583
YNR007C,ATG3,AuTophaGy related,-0.00390003783461984,0.24501
YLR392C,ART10,Arrestin-Related Trafficking adaptors,-0.00390213668767439,0.22701
YDR173C,ARG82,ARGinine requiring,-0.00390660216354289,0.43799
YPL272C,PBI1,PSTB2 Interacting protein 1,-0.00390849252839575,0.25269
YJR039W,MLO127,Mitochondrially LOcalized protein of 127 kDa,-0.00391000753108528,0.31669
YDR387C,CIN10,Chromosome INstability,-0.00391047939853852,0.09056
YPL231W,FAS2,Fatty Acid Synthetase,-0.00391396954287367,0.41636
YAR020C,PAU7,seriPAUperin family,-0.00391518831789092,0.23795
YCR091W,KIN82,protein KINase,-0.00391664712601139,0.25886
YKL032C,IXR1,Intrastrand cross (X)-link Recognition,-0.00392379797730219,0.43596
YJR105W,ADO1,ADenOsine kinase,-0.0039311856117843,0.44932
YDL155W,CLB3,CycLin B,-0.00393296894403707,0.21922
YDR235W,PRP42,Pre-mRNA Processing,-0.00393315210178687,0.15833
YKL105C,SEG2,Stability of Eisosomes Guaranteed,-0.00393467021868422,0.14838
YDR072C,IPT1,InositolPhosphoTransferase,-0.00393917254609726,0.4341
YBR111C,YSA1,NA,-0.00394079073770201,0.26189
YEL011W,GLC3,GLyCogen,-0.00394617007256472,0.40981
YGL020C,GET1,Guided Entry of Tail-anchored proteins,-0.00394629209279806,0.41367
YAL005C,SSA1,Stress-Seventy subfamily A,-0.00394740062555575,0.42121
YDL084W,SUB2,SUppressor of Brr1-1,-0.00394847670602934,0.21254
YGL016W,KAP122,KAryoPherin,-0.00395396267259684,0.30978
YCR085W,NA,NA,-0.00395783175225057,0.28344
YBR150C,TBS1,ThiaBendazole Sensitive,-0.00396064227308969,0.26321
YDR023W,SES1,SEryl-tRNA Synthetase,-0.00396290207132457,0.39948
YJR066W,TOR1,Target Of Rapamycin,-0.00396328937803276,0.31444
YCR090C,NA,NA,-0.00396845323531297,0.20625
YBR260C,RGD1,Related GAP Domain,-0.00396972408122067,0.25582
YOL029C,NA,NA,-0.00396993380966158,0.2213
YNR052C,POP2,PGK promoter directed OverProduction,-0.00397022122149471,0.12635
YJL140W,RPB4,RNA Polymerase B,-0.00397208015399723,0.24812
YBR126W-A,MEO1,Mini ER ORF,-0.00397396190330751,0.36932
YER179W,DMC1,Disrupted Meiotic cDNA,-0.00397765064626888,0.20858
YCR043C,NA,NA,-0.00397772014801981,0.31322
YOL088C,MPD2,Multicopy suppressor of PDI1 deletion,-0.00398656192705595,0.31631
YNL048W,ALG11,Asparagine-Linked Glycosylation,-0.00398983114160005,0.24067
YLR257W,NA,NA,-0.0039928910877166,0.2382
YMR119W-A,NA,NA,-0.00399883858152376,0.36856
YGR233C,PHO81,PHOsphate metabolism,-0.00400572907564688,0.42149
YPR174C,CSA1,Cdc5 SPB Anchor,-0.00401383744672564,0.24098
YOL149W,DCP1,mRNA DeCaPping,-0.00402009321836345,0.36363
YOL117W,RRI2,NA,-0.00402865303356631,0.25246
YDR335W,MSN5,Multicopy suppressor of SNf1 mutation,-0.00402913969217074,0.37121
YOR122C,PFY1,ProFilin of Yeast,-0.00403176886550758,0.31933
YLR466W,YRF1-4,NA,-0.00403585120305179,0.37734
YNR059W,MNT4,MaNnosylTransferase,-0.0040365175847204,0.09663
YKR035W-A,DID2,Doa4-Independent Degradation,-0.00404533841947771,0.30218
YNL287W,SEC21,SECretory,-0.00405167385907974,0.25738
YOR153W,PDR5,Pleiotropic Drug Resistance,-0.00405253692665613,0.46217
YCR098C,GIT1,GlycerophosphoInosiTol,-0.00405700167317917,0.12904
YLR423C,ATG17,AuTophaGy related,-0.00405824736151278,0.15955
YNL293W,MSB3,Multicopy Suppressor of Bud Emergence,-0.00406554215902354,0.12011
YDR391C,NA,NA,-0.00406716423814657,0.21178
YML013W,UBX2,UBiquitin regulatory X,-0.00407182889891173,0.30041
YDR436W,PPZ2,Protein Phosphatase Z,-0.00407693637650996,0.20499
YPL168W,MRX4,Mitochondrial oRganization of gene eXpression (MIOREX),-0.00407845491097986,0.291
YER107C,GLE2,GLFG LEthal,-0.0040820992958866,0.13386
YMR149W,SWP1,Suppressor of a WbP1 mutation,-0.00408231894507039,0.36393
YMR119W,ASI1,Amino acid Sensor-Independent,-0.00408257731336794,0.42889
YHR149C,SKG6,Suppressor of lethality of Kex2 Gas1 double null mutant,-0.00409045307342702,0.29841
YDR423C,CAD1,CADmium resistance,-0.00409387797698532,0.30479
YKL088W,CAB3,Coenzyme A Biosynthesis,-0.00409438428191286,0.32362
YLR181C,VTA1,VpsTwenty Associated,-0.00409531996041406,0.20919
YOL018C,TLG2,T-snare affecting a Late Golgi compartment,-0.00410003402668127,0.17559
YLR059C,REX2,Rna EXonuclease,-0.00410323586925215,0.33561
YDL102W,POL3,POLymerase,-0.00410596099040877,0.2092
YEL025C,NA,NA,-0.00411762675299309,0.21548
YGR023W,MTL1,Mid-Two Like,-0.00411800660910171,0.44408
YNR014W,NA,NA,-0.00412109055646356,0.3761
YAL001C,TFC3,Transcription Factor class C,-0.00412478981948319,0.20921
YCR028C-A,RIM1,Replication In Mitochondria,-0.00412619158056674,0.36657
YLR201C,COQ9,COenzyme Q,-0.00413674326731837,0.19705
YCL001W,RER1,Retention in the Endoplasmic Reticulum,-0.00414537811152187,0.44317
YPL161C,BEM4,Bud EMergence,-0.00415636999934068,0.17677
YGL167C,PMR1,Plasma Membrane ATPase Related,-0.00415887234057165,0.20273
YDR118W,APC4,Anaphase Promoting Complex,-0.00415943221120745,0.14472
YML090W,NA,NA,-0.00416151154995205,0.28789
YDL065C,PEX19,PEroXisome related,-0.00416520996874839,0.11805
YCR025C,NA,NA,-0.00416940547781285,0.20559
YGR080W,TWF1,TWinFilin,-0.00417301669219039,0.17543
YBR014C,GRX7,GlutaRedoXin,-0.0041752983436845,0.18204
YJR017C,ESS1,ESSential,-0.004176713534535,0.26297
YHR117W,TOM71,Translocase of the Outer Mitochondrial membrane,-0.00417688772399937,0.17227
YIL177C,NA,NA,-0.00418165399341008,0.25033
YAR033W,MST28,Multicopy suppressor of Sec Twenty one,-0.00418595646570538,0.25868
YBR253W,SRB6,Suppressor of RNA polymerase B,-0.00418705774170645,0.32088
YPL010W,RET3,RETrieval from ER,-0.00419424280167245,0.15447
YPL178W,CBC2,Cap Binding Complex,-0.00419539633092003,0.21484
YJL070C,NA,NA,-0.00419888982892996,0.20991
YOL116W,MSN1,Multicopy suppressor of SNF1 mutation,-0.00419976109126537,0.13395
YAR030C,NA,NA,-0.00420398023002093,0.26808
YNL015W,PBI2,Proteinase B Inhibitor,-0.00420740358737241,0.42323
YPR092W,NA,NA,-0.00421033156337423,0.26608
YLR299W,ECM38,ExtraCellular Mutant,-0.0042105274502773,0.33794
YHR186C,KOG1,Kontroller Of Growth,-0.00421565194575999,0.22185
YDR078C,SHU2,Suppressor of HydroxyUrea sensitivity,-0.00421989423630764,0.38127
YKL157W,APE2,AminoPEptidase,-0.00423790962745164,0.19565
YNR048W,NA,NA,-0.00423825138404285,0.16154
YFR013W,IOC3,Iswi One Complex,-0.00424316511790031,0.20789
YOR221C,MCT1,Malonyl-CoA:ACP Transferase,-0.00425061385616033,0.38364
YBR211C,AME1,Associated with Microtubules and Essential,-0.00425357951379087,0.24204
YGR227W,DIE2,Derepression of ITR1 Expression,-0.00425487381456206,0.21719
YDR200C,VPS64,Vacuolar Protein Sorting,-0.00425791505757325,0.15316
YDR426C,NA,NA,-0.00428670403721233,0.28453
YNR031C,SSK2,Suppressor of Sensor Kinase,-0.00428857628624843,0.22118
YNL135C,FPR1,Fk 506-sensitive Proline Rotamase,-0.00429520321217467,0.27319
YDL242W,NA,NA,-0.00430011798899258,0.22556
YKL017C,HCS1,dna HeliCaSe,-0.00430180583398749,0.27687
YJL155C,FBP26,Fructose BisPhosphatase,-0.00430348925937196,0.262
YGR237C,NA,NA,-0.00430588191136473,0.12378
YML058W-A,HUG1,NA,-0.00430636888879248,0.2429
YLR456W,NA,NA,-0.00430736688821913,0.34812
YBR276C,PPS1,Protein Phosphatase S phase,-0.00430777306035705,0.12551
YNR023W,SNF12,Sucrose NonFermenting,-0.00431601164464713,0.20328
YLR428C,NA,NA,-0.00432629439572189,0.25175
YLR021W,IRC25,Increased Recombination Centers,-0.00432950595699703,0.16724
YBL102W,SFT2,Suppressor of sed Five Ts,-0.00433301175219014,0.40605
YKR070W,NA,NA,-0.00433666124793849,0.31828
YGL173C,XRN1,eXoRiboNuclease,-0.00434129754648643,0.19086
YLR279W,NA,NA,-0.00434172677535674,0.28242
YGR223C,HSV2,Homologous with SVP1,-0.00434545508737976,0.40595
YOR184W,SER1,SERine requiring,-0.00434696201810485,0.42684
YKL160W,ELF1,ELongation Factor,-0.00434863165668319,0.39525
YDR169C,STB3,Sin Three Binding protein,-0.00435033235331943,0.14215
YLR026C,SED5,Suppressor of Erd2 Deletion,-0.00435386793402426,0.23215
YPL245W,NA,NA,-0.00435772586294308,0.32932
YDR182W,CDC1,Cell Division Cycle,-0.0043657483297833,0.10056
YML055W,SPC2,Signal Peptidase Complex,-0.00436581138107578,0.44411
YDR264C,AKR1,AnKyrin Repeat containing,-0.00436676280227685,0.11484
YOL013C,HRD1,HMG-coA Reductase Degradation,-0.00438467651467751,0.27898
YAL012W,CYS3,CYStathionine gamma-lyase,-0.00438952441773246,0.43596
YMR033W,ARP9,Actin-Related Protein,-0.00439208321542823,0.33281
YPR003C,NA,NA,-0.00439721749786749,0.11655
YLR266C,PDR8,Pleiotropic Drug Resistance,-0.00440159951911461,0.16649
YLL050C,COF1,COFilin,-0.00441045604360478,0.3893
YOR036W,PEP12,carboxyPEPtidase Y-deficient,-0.00442283424532137,0.13842
YKR035C,OPI8,OverProducer of Inositol,-0.00442438533120627,0.1753
YLR037C,PAU23,seriPAUperin family,-0.00443697074050549,0.26609
YLR247C,IRC20,Increased Recombination Centers,-0.00443917311975376,0.25603
YPR013C,CMR3,Changed Mutation Rate,-0.00444380170436875,0.3611
YJR102C,VPS25,Vacuolar Protein Sorting,-0.00444977944337685,0.30357
YOR137C,SIA1,Suppressor of eIF5A,-0.00445008251264746,0.23874
YIL154C,IMP21,Independent of Mitochondrial Particle,-0.00445008528709337,0.40456
YML117W,NAB6,Nucleic Acid Binding protein,-0.00445315314774408,0.29101
YPL019C,VTC3,Vacuolar Transporter Chaperone,-0.00445886293716387,0.30146
YJL119C,NA,NA,-0.00446216885768025,0.22
YGR017W,NA,NA,-0.00446559826250369,0.22119
YPR123C,NA,NA,-0.00447166776949749,0.32594
YNL253W,TEX1,TrEX component,-0.0044751490721903,0.14879
YNL045W,LAP2,Leucine AminoPeptidases,-0.0044875928561647,0.30604
YLR120C,YPS1,YaPSin,-0.00449022657006349,0.20689
YLL066C,NA,NA,-0.00449137855307421,0.32863
YDL184C,RPL41A,Ribosomal Protein of the Large subunit,-0.00449284764187011,0.25901
YKL128C,PMU1,PhosphoMUtase,-0.00449364057904351,0.40518
YOR138C,RUP1,Rsp5-Ubp2 interacting Protein,-0.00449399308301655,0.23164
YLR137W,RKM5,Ribosomal lysine (K) Methyltransferase 5,-0.0044946204637825,0.23268
YLR459W,GAB1,GPI and Actin Bar,-0.00449702087521891,0.34515
YDR244W,PEX5,PEroXin,-0.00449816038277624,0.43158
YDR534C,FIT1,Facilitator of Iron Transport,-0.00450072847773661,0.25387
YLR268W,SEC22,SECretory,-0.00450087884360209,0.19014
YDR484W,VPS52,Vacuolar Protein Sorting,-0.00450430326441725,0.10985
YKL223W,NA,NA,-0.00450493976486982,0.32274
YLR377C,FBP1,"Fructose-1,6-BisPhosphatase",-0.004510811072709,0.38432
YJL059W,YHC3,Yeast Homolog of human Cln3,-0.00451479418639275,0.30319
YNL301C,RPL18B,Ribosomal Protein of the Large subunit,-0.0045163164434554,0.35949
YLR341W,SPO77,SPOrulation,-0.00452820997335442,0.27462
YLR121C,YPS3,YaPSin,-0.00453144912305235,0.12874
YLR176C,RFX1,Regulatory Factor X,-0.00454058110630797,0.23753
YPL152W,RRD2,Resistant to Rapamycin Deletion,-0.00454110740227665,0.26018
YPR018W,RLF2,Rap1 protein Localization Factor,-0.00454443526283686,0.21184
YCL028W,RNQ1,Rich in asparagine (N) and glutamine (Q),-0.00454508357064641,0.12973
YHR035W,NEL1,Non-ERES Localized Sec23 homolog 1,-0.00455955191837334,0.16524
YOR064C,YNG1,Yeast iNG1 homolog,-0.00456157334049102,0.17261
YPL234C,VMA11,Vacuolar Membrane Atpase,-0.00456400967535059,0.4268
YMR184W,ADD37,Alpha1-proteinase inhibitor-Degradation Deficient,-0.00457087493248184,0.28352
YIL044C,AGE2,ArfGAP Effector,-0.00457653532414015,0.21611
YGL252C,RTG2,ReTroGrade regulation,-0.00457699193065588,0.19734
YPL269W,KAR9,KARyogamy,-0.00458023689720443,0.36867
YBR028C,YPK3,NA,-0.00458790874979997,0.17453
YBL020W,RFT1,Requiring Fifty-Three,-0.0045964946980381,0.14237
YMR270C,RRN9,Regulation of RNA polymerase I,-0.00460423319726759,0.15963
YBL082C,ALG3,Asparagine Linked Glycosylation,-0.0046087279940289,0.1847
YGL069C,NA,NA,-0.00461226971513439,0.31044
YPR125W,YLH47,Yeast LETM1 Homolog of 47 kD,-0.00461422449483735,0.23526
YBR011C,IPP1,Inorganic PyroPhosphatase,-0.00461633993741675,0.36047
YBR083W,TEC1,Transposon Enhancement Control,-0.00461948397405455,0.35251
YPL028W,ERG10,ERGosterol biosynthesis,-0.00462307843000832,0.22428
YPR025C,CCL1,NA,-0.00462411656953801,0.29128
YNL193W,NA,NA,-0.00463401935893524,0.12827
YAL031C,GIP4,Glc7 Interacting Protein,-0.00464680251515295,0.32462
YMR087W,PDL32,Protein of Dual Localization of 32 kDa,-0.00464724476134202,0.37085
YGR286C,BIO2,BIOtin,-0.00467263407968699,0.21255
YOL024W,NA,NA,-0.00467490148271979,0.29328
YML133C,NA,NA,-0.00467554536140138,0.28874
YGL235W,NA,NA,-0.00467991699633959,0.23742
YIL049W,DFG10,Defective for Filamentous Growth,-0.00469862594837997,0.18682000000000001
YMR273C,ZDS1,Zillion Different Screens,-0.00470024160732455,0.26708
YOR275C,RIM20,Regulator of IME2,-0.00471331602540641,0.18287
YDL161W,ENT1,Epsin N-Terminal homology,-0.00471450579425213,0.30595
YOL112W,MSB4,Multicopy Suppression of a Budding defect,-0.00472240164687447,0.1363
YIL004C,BET1,Blocked Early in Transport,-0.00472996710869452,0.32584
YDR302W,GPI11,GlycosylPhosphatidylInositol anchor biosynthesis,-0.0047367115511807,0.26031
YML061C,PIF1,Petite Integration Frequency,-0.00473808945065047,0.11626
YBL095W,MRX3,Mitochondrial oRganization of gene eXpression (MIOREX),-0.00474497588005097,0.4158
YGL055W,OLE1,OLEic acid requiring,-0.00475354504892731,0.26241
YLR174W,IDP2,"Isocitrate Dehydrogenase, NADP-specific",-0.00476062881358263,0.44557
YHR136C,SPL2,Suppressor of PLc1 deletion,-0.00476390101347786,0.34883
YDR062W,LCB2,Long-Chain Base,-0.00476423627190257,0.39416
YGL063W,PUS2,PseudoUridine Synthase,-0.00476881919499556,0.25979
YJR013W,GPI14,GlycosylPhosphatidylInositol anchor biosynthesis,-0.00477199045272165,0.2712
YER111C,SWI4,SWItching deficient,-0.00478262964835013,0.27649
YLR331C,JIP3,Jumonji domain Interacting Protein,-0.00478767632843343,0.26964
YOR189W,IES4,Ino Eighty Subunit,-0.00480835037004088,0.24584
YBR139W,ATG42,AuTophaGy,-0.00480835775930037,0.23581
YCR079W,PTC6,Phosphatase Two C,-0.00481008529417671,0.25102
YCL052C,PBN1,Protease B Non-derepressible,-0.00481260068722925,0.3567
YDR305C,HNT2,Histidine triad NucleoTide-binding,-0.00481777160562619,0.16507
YEL064C,AVT2,Amino acid Vacuolar Transport,-0.00481838599083371,0.21016
YLR467W,YRF1-5,NA,-0.00482038176491484,0.2366
YGR037C,ACB1,Acyl-CoA-Binding,-0.004835377719695,0.18664
YOR297C,TIM18,Translocase of the Inner Mitochondrial membrane,-0.00484214794713555,0.35691
YJR079W,NA,NA,-0.00485620835276768,0.21615
YGR156W,PTI1,PTa1p Interacting protein,-0.00485819804963187,0.22055
YMR251W-A,HOR7,HyperOsmolarity-Responsive,-0.00485837570595262,0.40968
YML036W,CGI121,homolog of human CGI-121,-0.00485882519509183,0.22002
YLR458W,NA,NA,-0.00486065920388603,0.29064
YMR311C,GLC8,GLyCogen,-0.00486351694837211,0.22348
YDR305C,HNT2,Histidine triad NucleoTide-binding,-0.00486377257936535,0.29489
YOR085W,OST3,OligoSaccharylTransferase,-0.00486545781948864,0.14138
YBL083C,NA,NA,-0.00487029713702678,0.34479
YLR040C,AFB1,A-Factor Barrier,-0.0048777658470792,0.30489
YJL184W,GON7,NA,-0.00487970187798574,0.36123
YNL154C,YCK2,Yeast Casein Kinase,-0.00488274129318242,0.24634
YHL003C,LAG1,Longevity Assurance Gene,-0.00489115299219385,0.26468
YBR219C,NA,NA,-0.00489409642318282,0.34183
YNL258C,DSL1,Dependence on SLy1-20,-0.00489462829770654,0.13503
YDR539W,FDC1,Ferulic acid DeCarboxylase,-0.00489618309806399,0.0832
YDR303C,RSC3,Remodel the Structure of Chromatin,-0.00489877077320615,0.13721
YDR098C,GRX3,GlutaRedoXin,-0.00490702168821343,0.37563
YOR103C,OST2,OligoSaccharylTransferase,-0.00490810242140113,0.36004
YKL189W,HYM1,NA,-0.00491593058016564,0.33971
YLR364W,GRX8,GlutaRedoXin,-0.00491691973439506,0.34213
YGR202C,PCT1,Phosphocholine CytidylylTransferase,-0.00492387267248382,0.07281
YBR121C,GRS1,Glycyl-tRNA Synthase,-0.00493132083037963,0.44668
YLR191W,PEX13,PEroXin,-0.00494081071524192,0.40962
YOR301W,RAX1,Revert to Axial,-0.00494578644619573,0.2375
YMR252C,MLO1,Mitochondrially LOcalized protein,-0.00495341013471284,0.21023
YML051W,GAL80,GALactose metabolism,-0.00495343652603635,0.31713
YPL208W,RKM1,Ribosomal lysine (K) Methyltransferase,-0.00495376927463479,0.16595
YFL010C,WWM1,WW domain containing protein interacting with Metacaspase,-0.00495826278633162,0.37644
YLR280C,NA,NA,-0.0049704575996155,0.43535
YLR233C,EST1,Ever Shorter Telomeres,-0.00497556585882285,0.17031
YFR003C,YPI1,Yeast Phosphatase Inhibitor,-0.00498472439431306,0.16617
YGR170W,PSD2,PhosphatidylSerine Decarboxylase,-0.00498844261809224,0.26845
YMR066W,SOV1,Synthesis Of Var,-0.00499062169346008,0.12331
YLL022C,HIF1,Hat1 Interacting Factor,-0.00499584503717805,0.16503
YLR230W,NA,NA,-0.00500025234660046,0.1556
YLR315W,NKP2,Non-essential Kinetochore Protein,-0.0050024536576821,0.08985
YPR099C,NA,NA,-0.00500335315424861,0.41324
YGR122W,NA,NA,-0.00501331154821382,0.27188
YGR197C,SNG1,NA,-0.00501681521233525,0.25078
YMR119W,ASI1,Amino acid Sensor-Independent,-0.00501683753335042,0.28454
YLR464W,NA,NA,-0.00502744860117622,0.22749
YPL196W,OXR1,OXidation Resistance,-0.00502788400602487,0.16074
YOL005C,RPB11,RNA Polymerase B,-0.00502858678468758,0.16523
YDL021W,GPM2,Glycerate PhosphoMutase,-0.00504607496553104,0.31615
YDR307W,PMT7,NA,-0.00505510371139828,0.26547
YFR017C,IGD1,Inhibitor of Glycogen Debranching,-0.00506508793721769,0.26303
YBR098W,MMS4,Methyl MethaneSulfonate sensitivity,-0.00507592356283795,0.12873
YKL011C,CCE1,Cruciform Cutting Endonuclease,-0.00507796544916708,0.14631
YOL015W,IRC10,Increased Recombination Centers,-0.00507851188439473,0.2283
YNR016C,ACC1,Acetyl-CoA Carboxylase,-0.00507890221022491,0.38719
YKL220C,FRE2,Ferric REductase,-0.00508222179513121,0.19242
YPR081C,GRS2,Glycyl-tRNA Synthase,-0.00508526893591872,0.18006
YBR110W,ALG1,Asparagine-Linked Glycosylation,-0.00509438918487907,0.13123
YHR120W,MSH1,MutS Homolog,-0.00510422335307701,0.12803
YOR314W,NA,NA,-0.00511098321102673,0.27899
YMR318C,ADH6,Alcohol DeHydrogenase,-0.00511362256932973,0.44911
YMR274C,RCE1,Ras and a-factor Converting Enzyme,-0.00512143436932573,0.24369
YIL177C,NA,NA,-0.00512411524446772,0.25003
YDR468C,TLG1,T-snare affecting a Late Golgi compartment,-0.00512863602899075,0.15129
YGR188C,BUB1,Budding Uninhibited by Benzimidazole,-0.00512936394367641,0.17021
YDR487C,RIB3,RIBoflavin biosynthesis,-0.00513688504372948,0.30573
YNR049C,MSO1,Multicopy suppressor of Sec One,-0.0051373577362024,0.26543
YNL034W,NA,NA,-0.00514991267173109,0.21856
YER188W,NA,NA,-0.0051541945530132,0.07984
YNL058C,NA,NA,-0.00515422748737413,0.41105
YJR021C,REC107,RECombination,-0.00515441053303876,0.25541
YER118C,SHO1,"Synthetic, High Osmolarity-sensitive",-0.00516440074107173,0.16842
YER063W,THO1,suppressor of the Transcriptional defect of Hpr1 by Overexpression,-0.00516731389706929,0.24454
YFR019W,FAB1,Forms Aploid and Binucleate cells,-0.00517653806094717,0.39971
YBR012C,NA,NA,-0.00518098350750632,0.1434
YMR030W,RSF1,ReSpiration Factor,-0.00518136595196239,0.35091
YBR056W-A,MNC1,MaNganese Chelating protein 1,-0.00518586539486483,0.23812
YOR197W,MCA1,MetaCAspase,-0.00519590881633256,0.13893
YGL002W,ERP6,Emp24p/Erv25p Related Protein,-0.00520170230421888,0.09132
YOR196C,LIP5,LIPoic acid,-0.00520391457411974,0.10664
YDL019C,OSH2,OxySterol binding protein Homolog,-0.0052074818349116,0.2611
YDR342C,HXT7,HeXose Transporter,-0.00520798670422531,0.26125
YHL030W-A,NA,NA,-0.00521026368140823,0.27789
YDR381W,YRA1,Yeast RNA Annealing protein,-0.00522249382321353,0.17394
YFR018C,NA,NA,-0.00522429514051215,0.17004
YDL239C,ADY3,Accumulation of DYads,-0.00522492076599318,0.22383
YAR031W,PRM9,Pheromone-Regulated Membrane protein,-0.00522602713461863,0.25257
YDL094C,NA,NA,-0.00522663722099388,0.22409
YLR352W,LUG1,Lets [URE3]/ure2 Grow,-0.00523027946658603,0.29275
YDR452W,PPN1,NA,-0.00523667752829804,0.14873
YKR104W,NA,NA,-0.00523885858154878,0.29515
YNL168C,FMP41,Found in Mitochondrial Proteome,-0.0052503223840723,0.21214
YNL176C,TDA7,Topoisomerase I Damage Affected,-0.00525062451268691,0.29896
YMR262W,NA,NA,-0.00525413484534706,0.32956
YGR247W,CPD1,Cyclic nucleotide PhosphoDiesterase,-0.00525546498829727,0.4379
YOR377W,ATF1,AcetylTransFerase,-0.00525620170500038,0.24628
YOR042W,CUE5,Coupling of Ubiquitin conjugation to ER degradation,-0.00526202823404851,0.19233
YOR181W,LAS17,NA,-0.0052680063032268,0.1477
YER152C,NA,NA,-0.00528033417056804,0.38504
YOR188W,MSB1,Multicopy Suppression of a Budding defect,-0.00529088365812822,0.14735
YPR063C,NA,NA,-0.00529943577689428,0.38139
YLR092W,SUL2,SULfate,-0.00530271103226167,0.45127
YER125W,RSP5,Reverses Spt- Phenotype,-0.00530630525244288,0.19043
YOR112W,CEX1,Cytoplasmic EXport protein,-0.00532151911349522,0.16818
YDL158C,NA,NA,-0.00532669485707363,0.35054
YCR073W-A,SOL2,Suppressor Of Los1-1,-0.00532845907473737,0.23953
YIR010W,DSN1,Dosage Suppressor of NNF1,-0.00533416234015816,0.24408
YJR015W,NA,NA,-0.00533589875283967,0.14708
YCL017C,NFS1,NiFS-like,-0.00534134582760432,0.36841
YGL237C,HAP2,Heme Activator Protein,-0.00536355801776641,0.13717
YLR123C,NA,NA,-0.00537266433496582,0.20838
YDL077C,VAM6,VAcuolar Morphogenesis,-0.00537744403369699,0.22203
YER166W,DNF1,Drs2 Neo1 Family,-0.00538412939656151,0.15362
YML100W-A,NA,NA,-0.00539803973419919,0.26519
YKR090W,PXL1,PaXillin-Like protein,-0.0054033827904176,0.29286
YMR279C,ATR2,AminoTriazole Resistance,-0.00540775614071252,0.16583
YGL057C,GEP7,GEnetic interactors of Prohibitins,-0.00541030796068473,0.29447
YOR174W,MED4,MEDiator complex,-0.00541692953488088,0.33609
YDR476C,NA,NA,-0.00542382122870293,0.13061
YKL108W,SLD2,Synthetically Lethal with Dpb11-1,-0.00542992420902354,0.20958
YDR488C,PAC11,Perish in the Absence of CIN8,-0.00543067366731989,0.3281
YMR226C,NA,NA,-0.00543238393132653,0.41186
YFL029C,CAK1,Cdk-Activating Kinase,-0.00543471582329356,0.13582
YNL216W,RAP1,Repressor/Activator site binding Protein,-0.00543605020193615,0.2204
YNL323W,LEM3,Ligand-Effect Modulator,-0.00543777948120407,0.29662
YLR389C,STE23,STErile,-0.00544172980940569,0.28425
YDR099W,BMH2,Brain Modulosignalin Homolog,-0.00544577900455858,0.19948
YMR316C-B,NA,NA,-0.00544761563272232,0.24233
YLR180W,SAM1,S-AdenosylMethionine requiring,-0.00546138508243059,0.43732
YBL010C,LAA2,Large Adaptin Accessory,-0.00546407476822472,0.1646
YDR505C,PSP1,Polymerase SuPpressor,-0.00546959202874717,0.11841
YDL190C,UFD2,Ubiquitin Fusion Degradation,-0.00547318308597966,0.27724
YHR026W,VMA16,Vacuolar Membrane Atpase,-0.00548298406744832,0.19138
YBL034C,STU1,Suppressor of TUbulin,-0.00548374409302035,0.15584
YDR358W,GGA1,"Golgi-localized, Gamma-adaptin ear homology, Arf-binding protein",-0.00549035928921596,0.38203
YFL047W,RGD2,RhoGAP domain,-0.00549319259878135,0.11589
YHR074W,QNS1,glutamine (Q) dependent Nad+ Synthetase,-0.00549707870402972,0.14184
YGL101W,YGK1,NA,-0.00550191902542529,0.3209
YLR436C,ECM30,ExtraCellular Mutant,-0.00551279881863548,0.17605
YLR281C,RSO55,mitochondrial protein Related to Spastic paraplegia with Optic atrophy and neuropathy SPG55,-0.00552872983274798,0.20422
YNL008C,ASI3,Amino acid Sensor-Independent,-0.00553629303657321,0.16971
YDR389W,SAC7,Suppressor of ACtin,-0.00554089592082483,0.34112
YFR016C,AIP5,Actin Interacting Protein,-0.00554203881867,0.12286
YAL024C,LTE1,Low Temperature Essential,-0.00554781053431886,0.21007
YDR170C,SEC7,SECretory,-0.00554893951964686,0.42448
YGR163W,GTR2,GTp binding protein Resemblance,-0.0055671005147213,0.07135
YMR096W,SNZ1,SNooZe,-0.00557937731823866,0.35348
YDL012C,NA,NA,-0.00558471759488887,0.10277
YFR040W,SAP155,Sit4 Associated Protein,-0.00559133693117965,0.40598
YKR007W,MEH1,Multicopy suppressor of Ers1 Hygromycin B sensitivity,-0.00560412066095441,0.15726
YGL018C,JAC1,J-type Accessory Chaperone,-0.00560480497710572,0.25788
YDR133C,NA,NA,-0.00560724513500493,0.42442
YPL270W,MDL2,MultiDrug resistance-Like,-0.00560782929717359,0.11762
YGR012W,MCY1,putative Mitochondrial CYsteine synthase,-0.00560869676498999,0.08098
YEL068C,NA,NA,-0.00561115593427385,0.17498
YDR219C,MFB1,Mitochondria-associated F-Box protein,-0.00561532825049747,0.14614
YJL121C,RPE1,Ribulose 5-Phosphate Epimerase,-0.00562694683704453,0.27334
YLR349W,NA,NA,-0.00564008207337983,0.23082
YBL047C,EDE1,EH Domains and Endocytosis,-0.00564085123277065,0.10328
YPL206C,PGC1,Phosphatidyl Glycerol phospholipase C,-0.00564098330621744,0.29
YNL101W,AVT4,Amino acid Vacuolar Transport,-0.00564298191465837,0.42721
YNL206C,RTT106,Regulator of Ty1 Transposition,-0.00565110586856618,0.14283
YPL144W,POC4,PrOteasome Chaperone,-0.00565652832347175,0.10771
YPR066W,UBA3,UBiquitin-like protein-Activating enzyme,-0.005661494674092,0.23622
YGR295C,COS6,COnserved Sequence,-0.00566548610478335,0.28743
YNL166C,BNI5,Bud Neck Involved,-0.00567610657223329,0.36064
YDR406W,PDR15,Pleiotropic Drug Resistance,-0.00567711855808393,0.29564
YBR213W,MET8,METhionine requiring,-0.00568029615840236,0.44157
YIR001C,SGN1,Slower Growth on Non-fermentable carbon sources,-0.00568611660035499,0.14404
YDL090C,RAM1,RAS protein and A-factor Maturation,-0.00569374606341535,0.26329
YDR133C,NA,NA,-0.00569778629334052,0.42068
YHR127W,NA,NA,-0.00569863980146838,0.14465
YPL201C,YIG1,Yeast protein Interacting with Glycerol 3-phosphatase,-0.00570557136812649,0.47391
YJR107W,LIH1,LIpase Homolog,-0.00570675066357383,0.24858
YPR073C,LTP1,Low molecular weight protein Tyrosine Phosphatase,-0.00570822653386311,0.23889
YDL040C,NAT1,N-terminal AcetylTransferase,-0.00570997192182279,0.19732
YNL242W,ATG2,AuTophaGy related,-0.00571235158138014,0.36149
YIL050W,PCL7,Pho85 CycLin,-0.0057200233655855396,0.28205
YDR130C,FIN1,Filaments In between Nuclei,-0.0057216954239586,0.24635
YJL157C,FAR1,Factor ARrest,-0.00572786441406985,0.33942
YBL052C,SAS3,Something About Silencing,-0.00575146519923553,0.1861
YPL141C,FRK1,Fatty acyl-CoA synthetase and RNA processing-associated Kinase,-0.00575723561173915,0.29967
YMR115W,MGR3,Mitochondrial Genome Required,-0.00575812434060393,0.19225
YLR467W,YRF1-5,NA,-0.00576452796319006,0.20282
YDR089W,VTC5,Vacuole Transporter Chaperone,-0.0057702368981512,0.22741
YHR067W,HTD2,Hydroxyacyl-Thioester Dehydratase,-0.00577884845745829,0.31327
YBR178W,NA,NA,-0.00578148389130352,0.27419
YDR490C,PKH1,Pkb-activating Kinase Homolog,-0.00578187202117414,0.13814
YJR098C,NA,NA,-0.00578786598044765,0.20844
YKR027W,BCH2,Bud7 and Chs6 Homolog,-0.00579210558669868,0.0706
YOR038C,HIR2,HIstone Regulation,-0.00579271459958793,0.22343
YGR172C,YIP1,Ypt-Interacting Protein,-0.00579738636762252,0.13177
YOL002C,IZH2,Implicated in Zinc Homeostasis,-0.00580112280945536,0.38698
YOR111W,NA,NA,-0.00581129020190606,0.12976
YHL024W,RIM4,Regulator of IME2,-0.00581820277723129,0.33273
YER122C,GLO3,GLyOxalase,-0.00582553481810041,0.31451
YIL129C,TAO3,Transcriptional Activator of OCH1,-0.00584103716114771,0.32936
YNL016W,PUB1,PolyUridylate Binding,-0.00585146700446625,0.31673
YNL291C,MID1,Mating pheromone-Induced Death,-0.00585167801214611,0.18024
YLR283W,PUT7,Proline UTilization,-0.0058525957589906,0.15179
YPR057W,BRR1,Bad Response to Refrigeration,-0.00585413646430065,0.1045
YMR065W,KAR5,KARyogamy,-0.00586929642157791,0.2468
YPR023C,EAF3,Esa1p-Associated Factor,-0.00587314019700226,0.28585
YML127W,RSC9,Remodel the Structure of Chromatin,-0.0058873902628155,0.27617
YFL004W,VTC2,Vacuolar Transporter Chaperone,-0.00588789628411463,0.30736
YBR258C,SHG1,"Set1c, Hypothetical G",-0.00588904803954243,0.07588
YPR115W,RGC1,Regulator of the Glycerol Channel,-0.00589807131260101,0.22431
YFL048C,EMP47,NA,-0.0059149918760212,0.38476
YKR077W,MSA2,Mbf and Sbf Associated,-0.00592593281028784,0.35979
YDR209C,NA,NA,-0.00592717231785493,0.21455
YAL042W,ERV46,ER Vesicle,-0.00593415220379819,0.15318
YGR241C,YAP1802,Yeast Assembly Polypeptide,-0.00594055016634099,0.31082
YIR007W,EGH1,Cryptococcus neoformans EGCrP2 Homolog,-0.00595007669826692,0.13917
YHR113W,APE4,NA,-0.00595340388530311,0.34971
YGR140W,CBF2,Centromere-Binding Factor,-0.00597138912306972,0.08548
YJR116W,TDA4,Topoisomerase I Damage Affected,-0.00597376336200585,0.07683
YEL072W,RMD6,Required for Meiotic nuclear Division,-0.00598026504296254,0.36648
YKL054C,DEF1,RNAPII DEgradation Factor,-0.00598606124938585,0.37256
YPL218W,SAR1,"Secretion-Associated, Ras-related",-0.00599051281448465,0.3047
YOL052C,SPE2,SPErmidine auxotroph,-0.00599568245074294,0.17669
YGR157W,CHO2,CHOline requiring,-0.00600243804412659,0.43914
YLL021W,SPA2,Spindle Pole Antigen,-0.00600607576577898,0.12227
YOR292C,NA,NA,-0.00601274096474172,0.17251
YDL045C,FAD1,FAD synthetase,-0.00601477600478258,0.21222
YLL054C,NA,NA,-0.00602267993514698,0.24695
YHR108W,GGA2,"Golgi-localized, Gamma-adaptin ear homology, Arf-binding protein",-0.00603424660043479,0.11764
YDR518W,EUG1,ER protein Unnecessary for Growth,-0.00604227918697941,0.25961
YDL217C,TIM22,Translocase of the Inner Mitochondrial membrane,-0.00604404724923758,0.14133
YIL074C,SER33,SERine requiring,-0.00605123372223725,0.21978
YCR028C-A,RIM1,Replication In Mitochondria,-0.00605187332673696,0.251
YBR066C,NRG2,Negative Regulator of Glucose-controlled genes,-0.00605330903940982,0.41453
YAR015W,ADE1,ADEnine requiring,-0.00606513162835463,0.30701
YNL088W,TOP2,TOPoisomerase,-0.00607703474288949,0.2346
YBR176W,ECM31,ExtraCellular Mutant,-0.00608361492092266,0.12318
YLR188W,MDL1,MultiDrug resistance-Like,-0.00608599794270412,0.11156
YDR073W,SNF11,Sucrose NonFermenting,-0.0060862028711182,0.38713
YLR272C,YCS4,Yeast Condensin Subunit,-0.00610037570019186,0.11165
YIL156W-A,NA,NA,-0.00610286649111806,0.26525
YDR440W,DOT1,Disruptor Of Telomeric silencing,-0.00611194657178397,0.12523
YNL329C,PEX6,PEroXin,-0.00611203199272017,0.10444
YGR153W,NA,NA,-0.006125355132113,0.11205
YML057W,CMP2,CalModulin binding Protein,-0.0061332629897753,0.28066
YMR160W,NA,NA,-0.00613421128592578,0.16996
YMR073C,IRC21,Increased Recombination Centers,-0.00613489215245415,0.32679
YDR356W,SPC110,Spindle Pole Component,-0.00613523215538737,0.08531
YDL142C,CRD1,CaRDiolipin synthase,-0.00614092516972573,0.13906
YML117W,NAB6,Nucleic Acid Binding protein,-0.0061426800914556,0.25337
YDR414C,ERD1,Endoplasmic reticulum Retention Defective,-0.00614370945913319,0.07561
YMR074C,SDD2,Suppressor of Degenerative Death,-0.00614456641371483,0.22857
YDL027C,MRX9,Mitochondrial oRganization of gene eXpression (MIOREX),-0.00614528052936485,0.12356
YGL241W,KAP114,KAryoPherin,-0.00615381372261031,0.18442
YBR103W,SIF2,Sir4p-Interacting Factor,-0.00616780384384004,0.28593
YEL007W,MIT1,Muc1 expressed Independent of TEC1,-0.00616903234056924,0.30556
YLR234W,TOP3,TOPoisomerase,-0.00617044767932645,0.14448
YOR334W,MRS2,Mitochondrial RNA Splicing,-0.00617573937792737,0.15172
YMR236W,TAF9,TATA binding protein-Associated Factor,-0.0061813804894339,0.253
YDR150W,NUM1,NUclear Migration,-0.00618869114898322,0.17544
YPL251W,NA,NA,-0.00619486951485121,0.19416
YBL066C,SEF1,Suppressor of Essential Function,-0.00619711377674968,0.09222
YDR477W,SNF1,Sucrose NonFermenting,-0.00620738884497335,0.29939
YKR002W,PAP1,Poly(A) Polymerase,-0.00621426467250847,0.23166
YDL206W,NA,NA,-0.00621600651421049,0.1412
YJR139C,HOM6,HOMoserine requiring,-0.00621998775272301,0.30546
YGL053W,PRM8,Pheromone-Regulated Membrane protein,-0.00622300607233428,0.09867
YPR185W,ATG13,AuTophaGy related,-0.00622895682409372,0.30869
YDR247W,VHS1,Viable in a Hal3 Sit4 background,-0.00624306647756244,0.19053
YOL003C,PFA4,Protein Fatty Acyltransferase,-0.00625483100425425,0.08803
YPL219W,PCL8,Pho85 CycLin,-0.00625964092288372,0.33161
YDL240W,LRG1,Lim-RhoGap homolog,-0.00626798620982243,0.14505
YPL091W,GLR1,GLutathione Reductase,-0.00628227714248843,0.31356
YDL226C,GCS1,Growth Cold Sensitive,-0.00628759129583927,0.11654
YPR082C,DIB1,S. pombe DIm1+ in Budding yeast,-0.00629423379617457,0.38422
YPL203W,TPK2,Takashi's Protein Kinase,-0.00629756926369469,0.15294
YPL057C,SUR1,SUppressor of Rvs161 and rvs167 mutations,-0.00630313579464909,0.21639
YDR362C,TFC6,Transcription Factor C,-0.00630824069802199,0.12101
YOR228C,MCP1,Mdm10 Complementing Protein,-0.00630867327673225,0.10831
YGL204C,NA,NA,-0.00631178153094518,0.25129
YMR092C,AIP1,Actin Interacting Protein,-0.00631425750027372,0.12889
YMR190C,SGS1,Slow Growth Suppressor,-0.00632385880963931,0.17
YJL225C,NA,NA,-0.00632582855846819,0.24621
YLR195C,NMT1,N-Myristoyl Transferase,-0.00633078829581332,0.16271
YIL025C,NA,NA,-0.00633477481327236,0.21331
YHR112C,NA,NA,-0.00633976062245599,0.409
YER098W,UBP9,UBiquitin-specific Protease,-0.00634436459772225,0.1378
YNL089C,NA,NA,-0.00634618905109242,0.19437
YFR044C,DUG1,Deficient in Utilization of Glutathione,-0.0063600517489928,0.22553
YER048C,CAJ1,NA,-0.0063628860843603,0.2879
YCR044C,PER1,protein Processing in the ER,-0.00637127059914502,0.15222
YHR210C,NA,NA,-0.00637171613083566,0.13423
YCR036W,RBK1,RiBoKinase,-0.00637532140144793,0.10751
YLR414C,PUN1,Plasma membrane protein Upregulated during Nitrogen stress,-0.00638435700272566,0.21781
YHR023W,MYO1,MYOsin,-0.00638667902179284,0.2858
YNL181W,PBR1,Potentiates Bioactive compound Response,-0.006413877012632,0.14379
YOR386W,PHR1,PHotoreactivation Repair deficient,-0.00641556260398775,0.24523
YGL097W,SRM1,Suppressor of Receptor Mutations,-0.00641670220807538,0.37922
YOR059C,LPL1,LD phospholipase,-0.00641998677860502,0.27526
YGR282C,BGL2,Beta-GLucanase,-0.00642137072202126,0.30888
YGR228W,NA,NA,-0.00642972737382989,0.22136
YBR233W,PBP2,Pbp1p Binding Protein,-0.00643975828144721,0.14036
YDL183C,MRX19,Mitochondrial oRganization of gene eXpression (MIOREX),-0.00644743284170087,0.18156
YGR252W,GCN5,General Control Nonderepressible,-0.0064567672232017,0.11689
YPR029C,APL4,clathrin Adaptor Protein complex Large chain,-0.00646000666067242,0.13134
YDL247W,MPH2,Maltose Permease Homolog,-0.00646189840487694,0.19128
YMR132C,JLP2,dnaJ-Like Protein,-0.00646663324232557,0.18045
YBL091C-A,SCS22,Suppressor of Choline Sensitivity,-0.00646771789703568,0.19146
YKL147C,NA,NA,-0.00647280213011552,0.17208
YGR122C-A,NA,NA,-0.00648028330460936,0.15206
YDR167W,TAF10,TATA binding protein-Associated Factor,-0.00648296711190482,0.40435
YJL013C,MAD3,Mitotic Arrest-Deficient,-0.00648686196802266,0.11602
YDR386W,MUS81,MMS and UV Sensitive,-0.00648963772594576,0.06421
YJR085C,TMH11,TMem14 Homolog of 11 kDa,-0.00649487568574941,0.13866
YJL053W,PEP8,carboxyPEPtidase Y-deficient,-0.00649683011851549,0.07852
YBR162W-A,YSY6,NA,-0.00650725026037094,0.13462
YMR204C,INP1,INheritance of Peroxisomes,-0.00650733081289401,0.15448
YLR378C,SEC61,SECretory,-0.00650760109783907,0.1758
YOR144C,ELG1,Enhanced Level of Genomic instability,-0.00651738834278816,0.15476
YDL017W,CDC7,Cell Division Cycle,-0.00652092881585086,0.11457
YGR107W,NA,NA,-0.00653622506429831,0.21205
YFL005W,SEC4,SECretory,-0.0065378918740353,0.29289
YMR104C,YPK2,Yeast Protein Kinase,-0.00654062238353056,0.26775
YDL106C,PHO2,PHOsphate metabolism,-0.00654552814360053,0.1868
YOR025W,HST3,Homolog of SIR Two (SIR2),-0.00655221123258455,0.23063
YPL145C,KES1,KrE11-1 Suppressor,-0.00655221231926047,0.10743
YKL212W,SAC1,Suppressor of ACtin,-0.00655908208967301,0.376
YJL222W,VTH2,Vps Ten Homolog,-0.00657370402006671,0.3047
YDR063W,AIM7,Altered Inheritance rate of Mitochondria,-0.00657429169001846,0.20792
YJR142W,NA,NA,-0.00658142629445063,0.10753
YLR154C,RNH203,RNase H,-0.00658656478648899,0.35001
YLR155C,ASP3-1,ASParaginase,-0.00659148650518681,0.41826
YJL077C,ICS3,Increased Copper Sensitivity,-0.00659273733429785,0.18737
YDL026W,NA,NA,-0.00660493575578557,0.21106
YOL027C,MDM38,Mitochondrial Distribution and Morphology,-0.00661149649058006,0.20476
YAL015C,NTG1,eNdonuclease Three-like Glycosylase,-0.00661713231065469,0.35124
YNR002C,ATO2,Ammonia (Ammonium) Transport Outward,-0.00663773216660246,0.44787
YNL225C,CNM67,Chaotic Nuclear Migration,-0.00664254459690592,0.10633
YCR084C,TUP1,dTMP-UPtake,-0.00664476635521958,0.21178
YDR215C,NA,NA,-0.00664686230260492,0.19096
YPL155C,KIP2,KInesin related Protein,-0.00665209494490812,0.20973
YDR028C,REG1,REsistance to Glucose repression,-0.00667950478778291,0.22691
YFR046C,CNN1,Co-purified with NNf1p,-0.00668538807729942,0.0512
YHR001W,OSH7,OxySterol binding protein Homolog,-0.00669342607534019,0.33063
YGL125W,MET13,METhionine requiring,-0.00670591883807094,0.29764
YLR373C,VID22,Vacuolar Import and Degradation,-0.00671066288326506,0.16391
YJL216C,IMA5,IsoMAltase,-0.00672090930512961,0.41454
YHR099W,TRA1,similar to human TRRAP,-0.00672451731571984,0.10179
YBR160W,CDC28,Cell Division Cycle,-0.00672854311508336,0.16425
YJR103W,URA8,URAcil requiring,-0.00672860861027621,0.27076
YBR183W,YPC1,Yeast Phyto-Ceramidase,-0.00673703234663511,0.40406
YDR279W,RNH202,RNase H,-0.00674088816351849,0.09299
YBR138C,NA,NA,-0.00674089647367156,0.18544
YHR004C,NEM1,Nuclear Envelope Morphology,-0.00675226694239051,0.10977
YDR238C,SEC26,SECretory,-0.00675333378928892,0.24887
YGR204W,ADE3,ADEnine requiring,-0.00675592167729864,0.37691
YEL056W,HAT2,Histone AcetylTransferase,-0.00676045183242911,0.32297
YMR220W,ERG8,ERGosterol biosynthesis,-0.00676531075650529,0.33467
YBL056W,PTC3,Phosphatase Two C,-0.00676577488007632,0.18077
YFR024C-A,LSB3,Las Seventeen Binding protein,-0.00676769883015777,0.13755
YDR044W,HEM13,HEMe biosynthesis,-0.00677269503587619,0.10639
YLR180W,SAM1,S-AdenosylMethionine requiring,-0.0067726997186037,0.45988
YER027C,GAL83,GALactose metabolism,-0.00678969145079569,0.08464
YHR158C,KEL1,KELch repeat,-0.00679685448297074,0.11111
YDR265W,PEX10,PEroXin,-0.00680137311980776,0.05285
YKL058W,TOA2,NA,-0.00680355755852688,0.34685
YGL206C,CHC1,Clathrin Heavy Chain,-0.00680951827546512,0.37361
YBR080C,SEC18,SECretory,-0.00681636630610153,0.29173
YCR022C,NA,NA,-0.00683285781521443,0.26119
YKL081W,TEF4,Translation Elongation Factor,-0.0068363807460669,0.28097
YKL193C,SDS22,homolog of S. pombe SDS22,-0.00683993227000267,0.13353
YDL146W,LDB17,Low Dye Binding,-0.00684002240201022,0.13507
YOR087W,YVC1,Yeast Vacuolar Conductance,-0.00684013036189868,0.06884
YBL098W,BNA4,Biosynthesis of Nicotinic Acid,-0.00685416883134716,0.1121
YJL062W,LAS21,Local Anestheticum Sensitive,-0.00685691011828718,0.22659
YLR309C,IMH1,shares with Integrins and Myosins significant Homology,-0.00685704391056144,0.15436
YDL069C,CBS1,Cytochrome B Synthesis,-0.00685739269805963,0.3254
YDR144C,MKC7,Multicopy suppressor of Kex2 Cold sensitivity,-0.0068591622793948304,0.16393
YJL105W,SET4,SET domain-containing,-0.00686258715995866,0.16704
YOR299W,BUD7,BUD site selection,-0.00687054632464381,0.19447
YHR177W,ROF1,Regulator Of Fluffy,-0.00687214859201972,0.11587
YPL121C,MEI5,MEIosis,-0.00687874891075171,0.22933
YOR352W,TFB6,NA,-0.00688997506386519,0.20788
YLR042C,NFG1,Negative regulator of the Filamentous Growth MAPK pathway,-0.00689197610134754,0.20518
YHR033W,NA,NA,-0.00689322806735176,0.40965
YCR017C,CWH43,Calcofluor White Hypersensitive,-0.0068978110738386,0.20106
YCL057W,PRD1,PRoteinase yscD,-0.00690852614164084,0.18975
YNL130C,CPT1,CholinePhosphoTransferase,-0.00691105701111533,0.3596
YIL111W,COX5B,Cytochrome c OXidase,-0.00691976530273173,0.14935
YAL037W,NA,NA,-0.00692261562628418,0.10384
YNR058W,BIO3,BIOtin,-0.00692473851585458,0.39954
YNR032W,PPG1,Protein Phosphatase involved in Glycogen accumulation,-0.00692566415687525,0.14063
YGR098C,ESP1,Extra Spindle Pole bodies,-0.0069331332640531,0.24825
YNL006W,LST8,Lethal with Sec Thirteen,-0.00696549686003165,0.35374
YIL131C,FKH1,ForK head Homolog,-0.00696878472401546,0.16867
YNL090W,RHO2,Ras HOmolog,-0.00697364203592999,0.31056
YIL010W,DOT5,Disruptor Of Telomeric silencing,-0.00697888551103635,0.22716
YMR292W,GOT1,GOlgi Transport,-0.00698476388782616,0.22317
YMR064W,AEP1,ATPase ExPression,-0.0069867592691148,0.09515
YGR169C,PUS6,PseudoUridine Synthase,-0.00698829524305621,0.20198
YNL197C,WHI3,WHIskey,-0.00698862071871987,0.17772
YFR030W,MET10,METhionine requiring,-0.00699456506865696,0.4229
YOL106W,NA,NA,-0.00699722627176551,0.08181
YLR056W,ERG3,ERGosterol biosynthesis,-0.00701723856880603,0.41806
YMR082C,NA,NA,-0.0070194549345508,0.23694
YOR368W,RAD17,RADiation sensitive,-0.00702617081820426,0.12611
YGL067W,NPY1,NADH PYrophosphatase,-0.0070417801514732,0.22059
YML100W,TSL1,Trehalose Synthase Long chain,-0.00704384898750296,0.36475
YFL053W,DAK2,DihydroxyAcetone Kinase,-0.00704648512633378,0.19826
YBR137W,NA,NA,-0.00704727270594957,0.27856
YGL198W,YIP4,Ypt-Interacting Protein,-0.00704927114586211,0.21676
YMR122W-A,NCW1,Novel Cell Wall protein,-0.00705290897949577,0.39598
YGL137W,SEC27,SECretory,-0.00706183424390148,0.15702
YIL009C-A,EST3,Ever Shorter Telomeres,-0.00706868114597528,0.36125
YDL194W,SNF3,Sucrose NonFermenting,-0.00707499437800319,0.16886
YFR054C,NA,NA,-0.00707641240660854,0.19259
YDL237W,AIM6,Altered Inheritance rate of Mitochondria,-0.00708484961618769,0.30999
YNR075W,COS10,COnserved Sequence,-0.00709114030436102,0.24351
YGL181W,GTS1,Glycine Threonine Serine repeat protein,-0.00709754742452364,0.10237
YHR190W,ERG9,ERGosterol biosynthesis,-0.00711323746847146,0.22975
YGR113W,DAM1,Duo1 And Mps1 interacting,-0.00711897561677388,0.07773
YBL017C,PEP1,carboxyPEPtidase Y-deficient,-0.00712258315100296,0.20323
YPL016W,SWI1,SWItching deficient,-0.00712374338309548,0.34773
YJL208C,NUC1,NUClease,-0.00713932630702279,0.211
YDR411C,DFM1,Der1-like Family Member,-0.0071521147865297,0.1743
YNL295W,MRX6,Mitochondrial oRganization of gene eXpression (MIOREX),-0.00716015662358091,0.08446
YDR510W,SMT3,Suppressor of Mif Two,-0.00716350122367406,0.14379
YIL094C,LYS12,LYSine requiring,-0.00716852463195209,0.42209
YMR194C-A,NA,NA,-0.00717527448460903,0.19969
YMR105C,PGM2,PhosphoGlucoMutase,-0.00718887552988314,0.18889
YMR155W,NA,NA,-0.00719467518799831,0.09081
YLR184W,NA,NA,-0.00719472660320979,0.23
YOR219C,STE13,STErile,-0.00719650636338449,0.11349
YKR083C,DAD2,Duo1 And Dam1 interacting,-0.0072081855208988,0.087790000000000007
YDL225W,SHS1,Seventh Homolog of Septin,-0.0072182529687286,0.15631
YNR035C,ARC35,ARp2/3 Complex subunit,-0.0072193456470405,0.0988
YNL231C,PDR16,Pleiotropic Drug Resistance,-0.00722780908829477,0.09927
YKL111C,NA,NA,-0.00722793368198523,0.20868
YMR198W,CIK1,Chromosome Instability and Karyogamy,-0.00723722481063048,0.13185
YAR003W,SWD1,"Set1c, WD40 repeat protein",-0.00723729897077642,0.08238
YLR417W,VPS36,Vacuolar Protein Sorting,-0.00724983337363647,0.05448
YOR220W,RCN2,Regulator of CalciNeurin,-0.00726707457226794,0.10238
YBR221C,PDB1,Pyruvate Dehydrogenase Beta subunit,-0.00727073086773073,0.37731
YKR052C,MRS4,Mitochondrial RNA Splicing,-0.00727328736209232,0.35243
YDL180W,NA,NA,-0.00728026006429652,0.15846
YNL011C,NA,NA,-0.00729821662896697,0.277
YML058W,SML1,Suppressor of Mec1 Lethality,-0.00730435717343935,0.31822
YPR135W,CTF4,Chromosome Transmission Fidelity,-0.00730583782543077,0.15866
YPR033C,HTS1,Histidine-Trna Synthetase,-0.00731617184608193,0.3465
YOR329C,SCD5,Suppressor of Clathrin Deficiency,-0.00731635506339001,0.13603
YNL304W,YPT11,Yeast Protein Two,-0.00734173858981096,0.10958
YGR293C,NA,NA,-0.007342278066232,0.23292
YHR002W,LEU5,LEUcine biosynthesis,-0.00734435376809266,0.23451
YAL017W,PSK1,Pas domain-containing Serine/threonine protein Kinase,-0.00734601240342398,0.11681
YNL290W,RFC3,Replication Factor C,-0.00734857173940186,0.12657
YNR075W,COS10,COnserved Sequence,-0.00735853699869995,0.22697
YHR107C,CDC12,Cell Division Cycle,-0.00736370573129869,0.11294
YBR123C,TFC1,Transcription Factor class C,-0.00736438005210066,0.23735
YML016C,PPZ1,Protein Phosphatase Z,-0.00736766949239592,0.11221
YBR022W,POA1,"Phosphatase Of ADP-ribose 1""-phosphate",-0.0073736683360174,0.08199
YDL049C,KNH1,Kre9(Nine) Homolog,-0.00738935016915239,0.39104
YNL309W,STB1,Sin Three Binding protein,-0.00739055366003818,0.13435
YOR087W,YVC1,Yeast Vacuolar Conductance,-0.0074063065992209,0.13387
YBL050W,SEC17,SECretory,-0.0074286363405777,0.18479
YPL230W,USV1,Up in StarVation,-0.00745109969122774,0.39721
YDR177W,UBC1,UBiquitin-Conjugating,-0.00746063860477043,0.4086
YGL160W,AIM14,Altered Inheritance rate of Mitochondria,-0.00747762172917927,0.12778
YDR407C,TRS120,TRapp Subunit,-0.00747762709809565,0.12899
YJL183W,MNN11,MaNNosyltransferase,-0.00747998621945961,0.26912
YDR536W,STL1,Sugar Transporter-Like protein,-0.00749038914344617,0.46356
YOL107W,NA,NA,-0.00749078397441165,0.19523
YGR008C,STF2,STabilizing Factor,-0.0075200535884782,0.21474
YGR235C,MIC26,MItochondrial contact site and Cristae organizing system,-0.00752158286695715,0.21467
YDR094W,NA,NA,-0.00753740194657728,0.26463
YJR058C,APS2,clathrin Associated Protein complex Small subunit,-0.00754426833285961,0.26362
YCL024W,KCC4,NA,-0.00754527796509301,0.1982
YHR135C,YCK1,Yeast Casein Kinase I homolog,-0.00754909832763288,0.10391
YNL214W,PEX17,PEroXisome related,-0.00755425628441709,0.2919
YLR100W,ERG27,ERGosterol biosynthesis,-0.00755721110347487,0.37945
YDL219W,DTD1,D-Tyr-tRNA(Tyr) Deacylase,-0.00756610648004104,0.32618
YGL259W,YPS5,YaPSin,-0.00757046858285056,0.2522
YNL167C,SKO1,Suppressor of Kinase Overexpression,-0.00757561988774724,0.10894
YGL106W,MLC1,Myosin Light Chain,-0.00758603991692562,0.32728
YOL011W,PLB3,PhosphoLipase B,-0.00758776470123647,0.31838
YJL107C,NA,NA,-0.00759199485101971,0.23763
YOR175C,ALE1,Acyltransferase for Lyso-phosphatidylEthanolamine,-0.00759763517672762,0.10353
YKL013C,ARC19,ARp2/3 Complex subunit,-0.00760995472545204,0.23116
YDL230W,PTP1,Protein Tyrosine Phosphatase,-0.00761034214531727,0.06819
YNL003C,PET8,PETite colonies,-0.00761095698406498,0.07321
YPL073C,NA,NA,-0.00761335463590376,0.18136
YDR270W,CCC2,Cross-Complements Ca(2+) phenotype of csg1,-0.0076186162122145,0.36898
YJL137C,GLG2,Glycogenin-Like Gene,-0.00762554427146731,0.11192
YKL002W,DID4,Doa4-Independent Degradation,-0.00765229448954733,0.14927
YCL064C,CHA1,Catabolism of Hydroxy Amino acids,-0.0076634987683177,0.17193
YDR456W,NHX1,Na+/H+ eXchanger,-0.00766392667041139,0.07567
YDR344C,NA,NA,-0.00766573593767321,0.22784
YAL063C,FLO9,FLOcculation,-0.00768737915547651,0.12367
YKR054C,DYN1,DYNein,-0.00768993355936331,0.2886
YMR040W,YET2,Yeast Endoplasmic reticulum Transmembrane protein,-0.00770498929293142,0.14741
YHR103W,SBE22,similar to SBE2,-0.00771758079992065,0.17917
YLR084C,RAX2,NA,-0.00774007393568068,0.285
YDR010C,NA,NA,-0.00774865232574398,0.15159
YDR503C,LPP1,Lipid Phosphate Phosphatase,-0.00775322680573764,0.13666
YHR218W,NA,NA,-0.00775452417351819,0.26946
YIL083C,CAB2,Coenzyme A Biosynthesis,-0.00776811025733274,0.42005
YKR102W,FLO10,FLOcculation,-0.00778213424907857,0.12007
YML083C,NA,NA,-0.00778551472332,0.15877
YJR148W,BAT2,Branched-chain Amino acid Transaminase,-0.00779383313075695,0.31568
YBR298C,MAL31,MALtose fermentation,-0.00779393879900501,0.3463
YPL003W,ULA1,Ubiquitin-Like protein Activation,-0.00780023026517448,0.21057
YDR479C,PEX29,PEroXisome related,-0.00780460017702831,0.13924
YGR151C,NA,NA,-0.00781154293838235,0.32289
YGR151C,NA,NA,-0.00782037522737234,0.30658
YBR130C,SHE3,Swi5p-dependent HO Expression,-0.00783410333880307,0.21458
YLR462W,NA,NA,-0.00785142733082307,0.19593
YPR183W,DPM1,Dolichol Phosphate Mannose synthase,-0.00787076135504164,0.10494
YNL298W,CLA4,CLn Activity dependant,-0.00787174375744136,0.31998
YBR049C,REB1,RNA polymerase I Enhancer Binding protein,-0.00787917478091799,0.3166
YOL049W,GSH2,Glutathione,-0.00788805773269753,0.08347
YPR165W,RHO1,Ras HOmolog,-0.0078916139287979,0.07152
YBR275C,RIF1,RAP1-Interacting Factor,-0.0078973179028537,0.09035
YCR086W,CSM1,Chromosome Segregation in Meiosis,-0.00790496880474953,0.13466
YDL243C,AAD4,Aryl-Alcohol Dehydrogenase,-0.00790600281345652,0.08241
YBR036C,CSG2,Calcium Sensitive Growth,-0.00792659088391824,0.12246
YPR109W,GLD1,Golgi/endosome Localized Dsc protein,-0.00792949381206871,0.22186
YOR211C,MGM1,Mitochondrial Genome Maintenance,-0.00793445902420751,0.16839
YER186C,NA,NA,-0.00793610471859667,0.10869
YKR053C,YSR3,Yeast Sphingolipid Resistance,-0.00793861374079788,0.24759
YPL153C,RAD53,RADiation sensitive,-0.0079512700245202,0.17554
YER146W,LSM5,Like SM,-0.00795398693636698,0.18614
YOR343C,NA,NA,-0.0079577307449513,0.19236
YMR122W-A,NCW1,Novel Cell Wall protein,-0.00795857560545183,0.40025
YJR057W,CDC8,Cell Division Cycle,-0.00798054137425603,0.09599
YKL178C,STE3,STErile,-0.00798149696369831,0.20871
YMR150C,IMP1,Inner Membrane Protease,-0.00798354659578661,0.31062
YOR165W,SEY1,Synthetic Enhancement of YOP1,-0.00800042903038433,0.06802
YDR282C,MRX10,Mitochondrial oRganization of gene eXpression (MIOREX),-0.00802843441376766,0.02952
YBR204C,LDH1,Lipid Droplet Hydrolase,-0.00804811506876105,0.07346
YDL119C,HEM25,HEMe synthesis by SLC25 family member,-0.00806006110686813,0.10402
YHR159W,TDA11,Topoisomerase I Damage Affected,-0.00806850733955049,0.11289
YKL089W,MIF2,MItotic Fidelity of chromosome transmission,-0.00807848627842189,0.15161
YER032W,FIR1,Factor Interacting with REF2,-0.00808255731136143,0.24838
YNL084C,END3,ENDocytosis defective,-0.00808743679353783,0.14155
YDL195W,SEC31,SECretory,-0.00809501700445039,0.29326
YBL112C,NA,NA,-0.00809706958673238,0.23916
YDL197C,ASF2,Anti-Silencing Function,-0.00809830533165165,0.17404
YBR112C,CYC8,CYtochrome C,-0.00810526409314554,0.1802
YBR234C,ARC40,ARp2/3 Complex subunit,-0.00810665108163542,0.12045
YBR126C,TPS1,Trehalose-6-Phosphate Synthase,-0.00810814509438876,0.13542
YDR068W,DOS2,NA,-0.00810959520540787,0.10797
YMR088C,VBA1,Vacuolar Basic Amino acid transporter,-0.00812426936994709,0.42196
YJL068C,NA,NA,-0.00814122960391759,0.12539
YOR387C,NA,NA,-0.00814201459231558,0.1915
YCL058C,FYV5,Function required for Yeast Viability,-0.00815009724156802,0.16383
YJL167W,ERG20,ERGosterol biosynthesis,-0.00816943273603078,0.15957
YCL030C,HIS4,HIStidine requiring,-0.00818369430782526,0.22206
YKL081W,TEF4,Translation Elongation Factor,-0.00818988895924932,0.12417
YIL062C,ARC15,ARp2/3 Complex subunit,-0.00819444952591377,0.22024
YJL073W,JEM1,DnaJ-like protein of the ER Membrane,-0.0081972112355879,0.0973
YHL032C,GUT1,Glycerol UTilization,-0.00820282231814187,0.42819
YIL024C,NA,NA,-0.00820891449189132,0.24208
YOR376W,NA,NA,-0.00821660293789995,0.18645
YOR320C,GNT1,GlcNAc Transferase,-0.00821815427706966,0.28781
YOR357C,SNX3,Sorting NeXin,-0.00823452440263664,0.14546
YPL156C,PRM4,Pheromone-Regulated Membrane protein,-0.00823694282419046,0.40351
YLR393W,ATP10,ATP synthase,-0.0082417831222791,0.12797
YML101C,CUE4,Coupling of Ubiquitin conjugation to ER degradation,-0.00824619273910468,0.0991
YHR044C,DOG1,DeOxyGlucose,-0.00825862970438955,0.19803
YER020W,GPA2,G Protein Alpha subunit,-0.00826093477956586,0.28304
YNL222W,SSU72,"Suppressor of SUa7, gene 2",-0.00827526737532902,0.15071
YJL225C,NA,NA,-0.00828419068981739,0.16869
YNL082W,PMS1,PostMeiotic Segregation,-0.00828491204863499,0.12951
YNL279W,PRM1,Pheromone-Regulated Membrane protein,-0.00829525833878998,0.1496
YER023W,PRO3,PROline requiring,-0.00829677587173086,0.17493
YFL031W,HAC1,Homologous to Atf/Creb1,-0.00829803981805006,0.37376
YNR056C,BIO5,BIOtin,-0.00830018311032495,0.42391
YPR146C,NA,NA,-0.00830903137518482,0.09291
YJL164C,TPK1,Takashi's Protein Kinase,-0.00831152076116697,0.16519
YLR132C,USB1,U Six Biogenesis,-0.00831260307665333,0.37288
YOR223W,DSC3,Defective for SREBP Cleavage,-0.00832605717577474,0.26085
YGR064W,NA,NA,-0.00833150725049894,0.21067
YDR009W,GAL3,GALactose metabolism,-0.00833948161007104,0.06982
YPL015C,HST2,Homolog of SIR Two (SIR2),-0.00834124425634788,0.18042
YNL263C,YIF1,YIP1-Interacting Factor,-0.00834623115913395,0.08813
YML021C,UNG1,Uracil DNA N-Glycosylase,-0.00836016383381891,0.08984
YDR353W,TRR1,ThioRedoxin Reductase,-0.00836105759718246,0.17794
YGR244C,LSC2,Ligase of Succinyl-CoA,-0.00837581815956056,0.38633
YDR197W,CBS2,Cytochrome B Synthesis,-0.00838260550042273,0.05665
YMR202W,ERG2,ERGosterol biosynthesis,-0.00838717567796311,0.39126
YBR071W,NA,NA,-0.00839346079282569,0.38706
YBR051W,NA,NA,-0.00840965420421989,0.17357
YDL157C,NA,NA,-0.00841059234777786,0.08613
YDR096W,GIS1,GIg1-2 Suppressor,-0.00841309359223143,0.11548
YGL188C,NA,NA,-0.00842886174351934,0.1805
YIR019C,FLO11,FLOcculation,-0.00843119108548528,0.16753
YNL272C,SEC2,SECretory,-0.0084331848036559,0.089
YNL010W,PYP1,PolYol Phosphatase,-0.00847136562336111,0.36256
YLR067C,PET309,PETite colonies,-0.00847571582384206,0.08335
YJL115W,ASF1,Anti-Silencing Function,-0.00851653652329434,0.20618
YMR097C,MTG1,MiTochondrial GTPase,-0.00852508206587087,0.05924
YJL097W,PHS1,PTPLA Homolog involved in Sphingolipid biosynthesis 1,-0.00852977762784095,0.16106
YGR053C,MCO32,Mitochondrial Class One protein of 32 kDa,-0.00853028986968615,0.13723
YKL036C,NA,NA,-0.00853131901278696,0.22187
YJL108C,PRM10,Pheromone-Regulated Membrane protein,-0.00854170000187683,0.31799
YJL055W,LOG1,LOnely Guy,-0.00855914973479653,0.14681
YHR083W,SAM35,Sorting and Assembly Machinery,-0.0085909913136325,0.04126
YMR027W,NA,NA,-0.00859315659245792,0.16071
YLR386W,VAC14,VACuole morphology and inheritance mutant,-0.00859731837366584,0.11153
YDR210W,NA,NA,-0.00859760626727927,0.36328
YER016W,BIM1,BInding to Microtubules,-0.00860019234641242,0.05553
YNR050C,LYS9,LYSine requiring,-0.00860538828706606,0.42632
YDR530C,APA2,AP4A phosphorylase,-0.00861617135515914,0.1668
YDR381W,YRA1,Yeast RNA Annealing protein,-0.00862415307478986,0.23694
YKL044W,MMO1,Mini Mitochondria ORF,-0.00863558092229285,0.27156
YOR099W,KTR1,Kre Two Related,-0.00863696998506703,0.13428
YJR065C,ARP3,Actin-Related Protein,-0.00863745833938111,0.1589
YJL124C,LSM1,Like SM,-0.00865268008450208,0.11889
YJR059W,PTK2,Putative serine/Threonine protein Kinase,-0.00866234995583094,0.22259
YPL099C,INA17,INner membrane Assembly 17 kDa,-0.00868729672954748,0.11789
YKL039W,PTM1,NA,-0.00869938422134295,0.05239
YHR017W,YSC83,NA,-0.00870567846956872,0.2128
YMR237W,BCH1,Bud7 and Chs6 Homolog,-0.00870588870925318,0.14077
YGL259W,YPS5,YaPSin,-0.00873506544195805,0.20775
YIR003W,AIM21,Altered Inheritance rate of Mitochondria,-0.00873701846276618,0.05128
YDL219W,DTD1,D-Tyr-tRNA(Tyr) Deacylase,-0.00874726056431039,0.28459
YEL061C,CIN8,Chromosome INstability,-0.00878580200215863,0.09991
YBR284W,NA,NA,-0.00878955378973733,0.21412
YCR067C,SED4,Suppressor of Erd2 Deletion,-0.0088219788561578,0.19539
YGL226C-A,OST5,OligoSaccharylTransferase,-0.00882706558465557,0.22879
YPR027C,NA,NA,-0.0088452558769061,0.14238
YKL119C,VPH2,Vacuolar pH,-0.00885002742706998,0.20752
YLR303W,MET17,METhionine requiring,-0.00885939015587026,0.37604
YKR003W,OSH6,OxySterol binding protein Homolog,-0.00886469040558308,0.09916
YLR206W,ENT2,Epsin N-Terminal homology,-0.00886756239331952,0.06621
YLR359W,ADE13,ADEnine requiring,-0.00886782379541432,0.21149
YDL033C,SLM3,Synthetic Lethal with Mss4,-0.00889242790800776,0.06572
YGL072C,NA,NA,-0.00890247670083937,0.15276
YNL217W,PPN2,NA,-0.0089025457158034,0.10178
YMR022W,UBC7,UBiquitin-Conjugating enzyme,-0.00891464594296636,0.20459
YBR133C,HSL7,Histone Synthetic Lethal,-0.00895495741362335,0.11491
YDL029W,ARP2,Actin-Related Protein,-0.00897225125820456,0.05127
YBR269C,SDH8,Succinate DeHydrogenase,-0.00897753677319748,0.15903
YHL038C,CBP2,Cytochrome B mRNA Processing,-0.00897774533059702,0.24556
YLR326W,NA,NA,-0.00898927853256484,0.12083
YKR037C,SPC34,Spindle Pole Component,-0.00899418072221069,0.09186
YPL007C,TFC8,Transcription Factor C,-0.00899701074292246,0.06838
YDR444W,NA,NA,-0.00900139881594357,0.10416
YNL079C,TPM1,TroPoMyosin,-0.00900181607910069,0.30329
YDR343C,HXT6,HeXose Transporter,-0.00901717097073312,0.13749
YML028W,TSA1,Thiol-Specific Antioxidant,-0.00901780749152915,0.22568
YGL065C,ALG2,Asparagine-Linked Glycosylation,-0.00902192077322383,0.03379
YKL091C,NA,NA,-0.00902317578260662,0.20654
YJR114W,NA,NA,-0.0090345560341109,0.20293
YDR501W,PLM2,PLasmid Maintenance,-0.00905512085105946,0.09288
YDL211C,NA,NA,-0.00906447176291112,0.05191
YDL093W,PMT5,Protein O-MannosylTransferase,-0.00909379778409513,0.21834
YDL127W,PCL2,Pho85 CycLin,-0.00909832592514666,0.2885
YGL227W,VID30,Vacuolar Import and Degradation,-0.0091032021067612209,0.11787
YOR313C,SPS4,SPorulation Specific trancript,-0.0091060832839049,0.17934
YOR026W,BUB3,Budding Uninhibited by Benzimidazole,-0.00911047352852831,0.24905
YGL224C,SDT1,Suppressor of Disruption of TFIIS,-0.00912973785205278,0.12842
YNL071W,LAT1,NA,-0.0091308424973229,0.13327
YDR504C,SPG3,Stationary Phase Gene,-0.00913570327023438,0.06315
YDR497C,ITR1,myo-Inositol TRansporter,-0.00913710780181937,0.38744
YFR027W,ECO1,Establishment of COhesion,-0.00914554846349608,0.08105
YBL063W,KIP1,KInesin related Protein,-0.00916379924479016,0.07883
YDL085C-A,NA,NA,-0.00916660672815171,0.2439
YJR160C,MPH3,Maltose Permease Homolog,-0.00917948193613179,0.18249
YIL009C-A,EST3,Ever Shorter Telomeres,-0.00917963895333264,0.39803
YNL233W,BNI4,Bud Neck Involved,-0.0091845315499261,0.10485
YLR330W,CHS5,CHitin Synthase-related,-0.00918565908672306,0.11762
YNL307C,MCK1,Meiosis and Centromere regulatory Kinase,-0.0091874723967752,0.09501
YGL093W,SPC105,Spindle Pole Component,-0.00920244246072751,0.10418
YHR188C,GPI16,GlycosylPhosphatidylInositol anchor biosynthesis,-0.00920373148424175,0.16546
YPR120C,CLB5,CycLin B,-0.00921579961780618,0.17289
YHL031C,GOS1,GOlgi Snare,-0.00922980940221243,0.24738
YIL138C,TPM2,TroPoMyosin,-0.00923519632616608,0.27958
YOR373W,NUD1,NA,-0.00923995579147139,0.0924
YKL171W,NNK1,Nitrogen Network Kinase,-0.00924848527663167,0.19747
YHL040C,ARN1,AFT1 ReguloN,-0.00925790975491577,0.39875
YNL044W,YIP3,Ypt-Interacting Protein,-0.00926993645200556,0.1714
YNR028W,CPR8,Cyclosporin-sensitive Proline Rotamase,-0.00927090690907758,0.18341
YML012W,ERV25,ER Vesicle,-0.00928343826960032,0.14459
YLR313C,SPH1,SPa2 Homolog,-0.00928546415280871,0.15286
YBL011W,SCT1,Suppressor of Choline-Transport mutants,-0.00932298358140622,0.20854
YPL031C,PHO85,PHOsphate metabolism,-0.00936904011833198,0.07199
YLR452C,SST2,SuperSensiTive,-0.00937251075716045,0.20423
YHR098C,SFB3,Sed Five Binding,-0.00938981128123263,0.08105
YNL117W,MLS1,MaLate Synthase,-0.00939168238627641,0.42409
YOR132W,VPS17,Vacuolar Protein Sorting,-0.00941996779180227,0.092
YIL088C,AVT7,Amino acid Vacuolar Transport,-0.00942483196114213,0.30078
YNL044W,YIP3,Ypt-Interacting Protein,-0.0094545604876955,0.25657
YER119C,AVT6,Amino acid Vacuolar Transport,-0.00946440757576357,0.13941
YFR041C,ERJ5,Endoplasmic Reticulum located J-protein,-0.00946776236432436,0.18324
YPL032C,SVL3,Styryl dye Vacuolar Localization,-0.00948618630601846,0.17397
YEL012W,UBC8,UBiquitin-Conjugating,-0.00949222298627774,0.19242
YGR193C,PDX1,Pyruvate Dehydrogenase complex protein X,-0.00949829443318006,0.06826
YJR120W,NA,NA,-0.00949881529546201,0.11729
YJL003W,COX16,Cytochrome c OXidase,-0.00950322782300746,0.10616
YBR210W,ERV15,ER Vesicle Protein,-0.00950885122699978,0.08425
YKL215C,OXP1,OXoProlinase,-0.00951315618639961,0.09217
YOL055C,THI20,THIamine metabolism,-0.00952535012552517,0.32505
YJR006W,POL31,POLymerase,-0.00954928810784025,0.09569
YGL061C,DUO1,Death Upon Overproduction,-0.00956064916712153,0.0657
YGL242C,NA,NA,-0.00956866476370377,0.07682
YBR252W,DUT1,DUTp pyrophosphatase,-0.00957458786257073,0.383
YNR057C,BIO4,BIOtin,-0.00961035145507348,0.39445
YEL001C,IRC22,Increased Recombination Centers,-0.00965443849015885,0.08937
YKR098C,UBP11,UBiquitin-specific Protease,-0.00967947741127138,0.20208
YPR176C,BET2,Blocked Early in Transport,-0.0096881997586919,0.09924
YNL126W,SPC98,Spindle Pole Component,-0.00970655043467712,0.15461
YLR408C,BLS1,BLoS1-homolog,-0.00972913515112209,0.16062
YLL014W,EMC6,ER Membrane protein Complex,-0.00974277667552489,0.33371
YJR125C,ENT3,Epsin N-Terminal homology,-0.00974648027993356,0.05728
YFR026C,ULI1,Upr-L-Inducible gene,-0.00976987932472882,0.05764
YGR287C,IMA1,IsoMAltase,-0.00977642661933987,0.09889
YDR225W,HTA1,Histone h Two A,-0.00977753865708369,0.25682
YIL134W,FLX1,FLavin eXchange,-0.00977990964716254,0.04862
YML109W,ZDS2,Zillion Different Screens,-0.00978280018486877,0.06787
YGR179C,OKP1,Outer Kinetochore Protein,-0.00978769590130682,0.06378
YPL224C,MMT2,Mitochondrial Metal Transporter,-0.00979194465386401,0.05189
YHR194W,MDM31,Mitochondrial Distribution and Morphology,-0.00986703913456071,0.06437
YJL201W,ECM25,ExtraCellular Mutant,-0.00987791307088847,0.13612
YML059C,NTE1,Neuropathy Target Esterase,-0.00988676644302692,0.17748
YCL061C,MRC1,Mediator of the Replication Checkpoint,-0.00988733119222034,0.10966
YOR205C,GEP3,GEnetic interactors of Prohibitins,-0.00989854804030553,0.08618
YMR056C,AAC1,ADP/ATP Carrier,-0.00990507924490903,0.13117
YOL016C,CMK2,CalModulin dependent protein Kinase,-0.00991745656545986,0.04252
YHR175W,CTR2,Copper TRansport,-0.0099291818891695,0.18531
YNL213C,RRG9,Required for Respiratory Growth,-0.00992924871772962,0.07072
YDL137W,ARF2,ADP-Ribosylation Factor,-0.0099409710690888,0.06729
YEL040W,UTR2,Unidentified TRanscript,-0.0099459003740592,0.23461
YER044C,ERG28,ERGosterol biosynthesis,-0.00994615392160777,0.15835
YBR207W,FTH1,FTR1 Homolog,-0.00995092074115344,0.0293
YML102W,CAC2,Chromatin Assembly Complex,-0.00996440544689694,0.14479
YPR124W,CTR1,Copper TRansport,-0.00996500608192042,0.06553
YFR031C,SMC2,Structural Maintenance of Chromosomes,-0.0099756347385126,0.07279
YMR029C,FAR8,Factor ARrest,-0.00997859677347566,0.20072
YDL059C,RAD59,RADiation sensitive,-0.00999103244429756,0.20542
YJR005W,APL1,clathrin Adaptor Protein complex Large chain,-0.00999375915883305,0.16367
YDL089W,NUR1,NUclear Rim1,-0.0100007791068097,0.12301
YLL067C,NA,NA,-0.0100084998867815,0.18902
YOR284W,HUA2,NA,-0.0100304207438255,0.18599
YOR321W,PMT3,Protein O-MannosylTransferase,-0.0100448075006659,0.12964
YLR381W,CTF3,Chromosome Transmission Fidelity,-0.0100541572433764,0.14781
YKL043W,PHD1,PseudoHyphal Determinant,-0.0100608015537028,0.27229
YCL042W,NA,NA,-0.0100672137743084,0.2658
YKL034W,TUL1,Transmembrane Ubiquitin Ligase,-0.0100684742648517,0.23002
YPR005C,HAL1,HALotolerance,-0.0100798344431116,0.26677
YMR281W,GPI12,GlycosylPhosphatidylInositol anchor biosynthesis,-0.010091167133407,0.24372
YBR029C,CDS1,CDP-Diacylglycerol Synthase,-0.010094226869316,0.24742
YER080W,AIM9,Altered Inheritance rate of Mitochondria,-0.0101130406432633,0.03766
YLR012C,NA,NA,-0.0101258640299189,0.19582
YGR229C,SMI1,Suppressor of MAR Inhibitor,-0.010133581585201,0.12421
YFL015C,NA,NA,-0.0101786068286735,0.2182
YCR034W,ELO2,fatty acid ELOngation,-0.0101990547729773,0.11177
YHR216W,IMD2,IMP Dehydrogenase,-0.0102130350908422,0.2364
YGL225W,VRG4,Vandate Resistance Glycosylation,-0.0102130412362363,0.1133
YHR110W,ERP5,Emp24p/Erv25p Related Protein,-0.0102156214187103,0.07591
YFL025C,BST1,Bypass of Sec Thirteen,-0.0102247060271586,0.14294
YBR177C,EHT1,Ethanol Hexanoyl Transferase,-0.0102467433986086,0.39074
YMR139W,RIM11,Regulator of IME2,-0.0102556251882961,0.11215
YDR435C,PPM1,Protein Phosphatase Methyltransferase,-0.0102655512613371,0.06323
YIL121W,QDR2,QuiniDine Resistance,-0.0102806687616024,0.3
YAL027W,SAW1,Single-strand Annealing Weakened,-0.0102828186406047,0.04195
YBR179C,FZO1,FuZzy Onions homolog,-0.0103151394654655,0.13175
YBR041W,FAT1,FATty acid transporter,-0.0103320686525485,0.07108
YCL063W,VAC17,VACuole related,-0.0103485044661249,0.18189
YKL092C,BUD2,BUD site selection,-0.010349403874234,0.11485
YJL054W,TIM54,Translocase of the Inner Mitochondrial membrane,-0.0103547294770856,0.10379
YPR159W,KRE6,Killer toxin REsistant,-0.0103661161520312,0.17149
YIR042C,NA,NA,-0.0103819251122735,0.05513
YOR093C,CMR2,Changed Mutation Rate,-0.0104345126396477,0.32337
YDR470C,UGO1,UGO (Japanese for fusion),-0.010443501224868,0.11336
YKL127W,PGM1,PhosphoGlucoMutase,-0.0104787895227157,0.3585
YNL330C,RPD3,Reduced Potassium Dependency,-0.0104795791503927,0.03143
YBR156C,SLI15,Synthetically Lethal with Ipl1,-0.0104881366122225,0.08792
YGL082W,NA,NA,-0.0105038214980217,0.144
YNL251C,NRD1,Nuclear pre-mRNA Down-regulation,-0.010507742512569,0.40524
YKL046C,DCW1,Defective Cell Wall,-0.0105185082208827,0.22288
YIL076W,SEC28,SECretory,-0.0105267015908175,0.13676
YML069W,POB3,POl1 Binding,-0.0105313636528262,0.10872
YGR167W,CLC1,Clathrin Light Chain,-0.0105321119293152,0.09346
YGR122C-A,NA,NA,-0.0105541121385563,0.0726
YCR075C,ERS1,ERd Suppressor,-0.0105626659443787,0.21492
YFL017C,GNA1,GlucosamiNe-6-phosphate Acetyltransferase,-0.0105739955517771,0.30992
YER048W-A,ISD11,"Iron-Sulfur protein biogenesis, Desulfurase-interacting protein",-0.0105996856220256,0.29336
YBL040C,ERD2,Endoplasmic reticulum Retention Defective,-0.0106124318790996,0.34856
YNR043W,MVD1,MeValonate pyrophosphate Decarboxylase,-0.0106149513631519,0.28523
YJL103C,GSM1,Glucose Starvation Modulator,-0.0106274759286966,0.10466
YGL179C,TOS3,Target Of Sbf,-0.0106373645243933,0.13923
YMR023C,MSS1,Mitochondrial Splicing System,-0.010662554971589,0.13696
YER091C,MET6,METhionine requiring,-0.0106659009704494,0.42149
YBL085W,BOI1,Bem1 (One) Interacting protein,-0.0106671820107077,0.08016
YER001W,MNN1,MaNNosyltransferase,-0.0106907592574719,0.16638
YKL136W,NA,NA,-0.010701397933418,0.13223
YBL031W,SHE1,Sensitivity to High Expression,-0.0107089458155198,0.12967
YBR159W,IFA38,NA,-0.0107262307070473,0.35778
YNL273W,TOF1,TOpoisomerase I-interacting Factor,-0.0107310367154184,0.13078
YMR256C,COX7,Cytochrome c OXidase,-0.0107329483866322,0.10035
YLR110C,CCW12,Covalently linked Cell Wall protein,-0.0107347816436121,0.12407
YOR347C,PYK2,PYruvate Kinase,-0.010768104687923,0.35969
YGL022W,STT3,STaurosporine and Temperature sensitive,-0.0107712675725412,0.06735
YBR285W,NA,NA,-0.0108037195629048,0.41528
YOL017W,ESC8,Establishes Silent Chromatin,-0.0108136086655023,0.1458
YOL062C,APM4,clathrin Adaptor Protein complex Medium chain,-0.0108538117846609,0.11384
YOL129W,VPS68,Vacuolar Protein Sorting,-0.010855563631602,0.1893
YNL310C,ZIM17,ZInc finger Motif protein of 17 kDa,-0.0108679658343516,0.06041
YPL260W,CUB1,Cu2+ suppressing and Bleomycin sensitive,-0.01087128389259,0.11875
YPL255W,BBP1,Bfr1 Binding Protein,-0.0108724198836462,0.1021
YIL065C,FIS1,mitochondrial FISsion,-0.0108879538279801,0.36579
YLR212C,TUB4,TUBulin,-0.0109044649897583,0.07239
YMR295C,NA,NA,-0.0109626409035647,0.07143
YLR429W,CRN1,CoRoNin,-0.010975117373399,0.07622
YCR023C,NA,NA,-0.0109751467204783,0.11269
YDR231C,COX20,Cytochrome c OXidase,-0.0109871192893436,0.32214
YHL028W,WSC4,cell Wall integrity and Stress response Component,-0.011006171774097,0.09831
YDR201W,SPC19,Spindle Pole Component,-0.0110067066572742,0.05013
YBR007C,DSF2,Deletion Suppressor of mptFive/pufFive mutation,-0.0110228384584788,0.04552
YPR052C,NHP6A,Non-Histone Protein,-0.0110328141793443,0.15949
YLR190W,MMR1,Mitochondrial Myo2p Receptor-related,-0.0110382153485745,0.28915
YDL232W,OST4,OligoSaccharylTransferase,-0.0110404267219065,0.20311
YCL027W,FUS1,cell FUSion,-0.0110439587167589,0.24543
YDL104C,QRI7,NA,-0.0110489072941797,0.13622
YMR103C,NA,NA,-0.0110606523300833,0.24062
YNL098C,RAS2,homologous to RAS proto-oncogene,-0.0110819749687641,0.32083
YDR408C,ADE8,ADEnine requiring,-0.0110903896239817,0.11754
YPR147C,NA,NA,-0.0111106891662705,0.1525
YMR261C,TPS3,Trehalose Phosphate Synthase,-0.01111794533321,0.25427
YPR140W,TAZ1,TAfaZzin,-0.0111445765898315,0.06537
YKL146W,AVT3,Amino acid Vacuolar Transport,-0.0111492148243912,0.29627
YLR370C,ARC18,ARp2/3 Complex subunit,-0.0111575511913631,0.06692
YDL009C,NA,NA,-0.0111607315731929,0.10554
YNL321W,VNX1,Vacuolar Na+/H+ eXchanger,-0.0111668968693785,0.09198
YLR261C,VPS63,Vacuolar Protein Sorting,-0.0111764399434737,0.14489
YOL031C,SIL1,Suppressor of the Ire1/Lhs1 double mutant,-0.0111814726847679,0.09036
YHR076W,PTC7,Phosphatase type Two C,-0.0111938405930737,0.07016
YDR084C,TVP23,Tlg2-Vesicle Protein,-0.0112282735258081,0.19206
YHL005C,NA,NA,-0.0112292467483517,0.13541
YIL141W,NA,NA,-0.0112360457149284,0.1223
YHR183W,GND1,6-phosphoGlucoNateDehydrogenase,-0.0112619506393088,0.33795
YMR001C,CDC5,Cell Division Cycle,-0.0112744945247144,0.29647
YOR033C,EXO1,EXOnuclease,-0.0112959077050156,0.15272
YGR032W,GSC2,Glucan Synthase of Cerevisiae,-0.0113019734616253,0.33782
YIL006W,YIA6,NA,-0.0113095306598093,0.03522
YLR179C,NA,NA,-0.0113208120661841,0.35829
YEL017W,GTT3,GlutaThione Transferase,-0.0113385767121292,0.12795
YGR147C,NAT2,N-terminal AcetylTransferase,-0.0113637837752693,0.17093
YPR155C,NCA2,Nuclear Control of ATPase,-0.0113960445466335,0.05942
YJL173C,RFA3,Replication Factor A,-0.0114373186006876,0.1975
YLR411W,CTR3,Copper TRansport,-0.0114633288961243,0.21925
YBR089W,NA,NA,-0.0114640182269877,0.1416
YBR145W,ADH5,Alcohol DeHydrogenase,-0.0114674810702259,0.11164
YNL220W,ADE12,ADEnine requiring,-0.011479598207198,0.35073
YOL122C,SMF1,Suppressor of Mitochondria import Function,-0.0114880479446875,0.05417
YDR400W,URH1,URidine Hydrolase,-0.0114990246385842,0.05061
YOR375C,GDH1,Glutamate DeHydrogenase,-0.0115116634021226,0.25381
YCL024W,KCC4,NA,-0.0115272731197167,0.13708
YLR131C,ACE2,Activator of CUP1 Expression,-0.0115505796580645,0.31032
YNL144C,NA,NA,-0.0115576023881117,0.31845
YGL161C,YIP5,Ypt-Interacting Protein,-0.0115966915288583,0.25441
YER134C,NA,NA,-0.0116280429763007,0.08405
YFR025C,HIS2,HIStidine requiring,-0.0116284437465513,0.0847
YPR024W,YME1,Yeast Mitochondrial Escape,-0.0116344827957565,0.07246
YNL036W,NCE103,NonClassical Export,-0.0116361968047227,0.11288
YDR254W,CHL4,CHromosome Loss,-0.0116436076830079,0.0576
YDR258C,HSP78,Heat Shock Protein,-0.0116501046868487,0.13133
YJR149W,NA,NA,-0.0116729842644036,0.35975
YBR073W,RDH54,RaD54 Homolog,-0.01167412109827,0.06368
YJL221C,IMA4,IsoMAltase,-0.0117082289463538,0.25539
YDR027C,VPS54,Vacuolar Protein Sorting,-0.0117088434165793,0.08237
YJL051W,IRC8,Increased Recombination Centers,-0.0117211474208629,0.37585
YMR244C-A,COA6,Cytochrome Oxidase Assembly,-0.0117557318623068,0.27383
YJR001W,AVT1,Amino acid Vacuolar Transport,-0.0117563714291775,0.24702
YGL039W,NA,NA,-0.0117710370328644,0.02877
YLL067C,NA,NA,-0.0118024381351229,0.21646
YBL059W,IAI11,Interactor of AIm11,-0.0118044951823773,0.05307
YLR050C,EMA19,Efficient Mitochondria targeting-Associated protein,-0.0118137546561905,0.28283
YOR176W,HEM15,HEMe biosynthesis,-0.0118445743106817,0.16873
YMR032W,HOF1,Homolog Of cdc Fifteen,-0.0118623805481527,0.3849
YJL166W,QCR8,ubiQuinol-cytochrome C oxidoReductase,-0.0118646959905888,0.07032
YKL096W,CWP1,Cell Wall Protein,-0.0118668896063953,0.30125
YLR395C,COX8,Cytochrome c OXidase,-0.0118671359656883,0.18977
YOR326W,MYO2,MYOsin,-0.0118692074460046,0.31195
YOL114C,PTH4,peptidyl tRNA hydrolase 4,-0.0118904222009858,0.14608
YLR023C,IZH3,Implicated in Zinc Homeostasis,-0.0119262880224521,0.2659
YPL214C,THI6,THIamine biosynthesis,-0.0119305762164265,0.12465
YPR030W,CSR2,Chs5 Spa2 Rescue,-0.0119512568883456,0.07365
YGL038C,OCH1,Outer CHain elongation,-0.012098337194623,0.10487
YMR195W,ICY1,Interacting with the CYtoskeleton,-0.0120991240228569,0.42613
YGL009C,LEU1,LEUcine biosynthesis,-0.0121099832794362,0.29096
YKL113C,RAD27,RADiation sensitive,-0.0121129229890185,0.10691
YLR351C,NIT3,NITrilase superfamily,-0.0121136332662759,0.2818
YLR332W,MID2,Mating pheromone-Induced Death,-0.0121683858649947,0.14099
YFL008W,SMC1,Stability of MiniChromosomes,-0.0121710870187036,0.06892
YLR139C,SLS1,Synthetic Lethal with SSM4,-0.0121808424697367,0.0739
YMR315W,NA,NA,-0.0121857498831281,0.28078
YKL001C,MET14,METhionine requiring,-0.0121872864243342,0.39719
YFL031W,HAC1,Homologous to Atf/Creb1,-0.0122040362350549,0.25316
YDL174C,DLD1,D-Lactate Dehydrogenase,-0.0122736370416006,0.34684
YPR196W,NA,NA,-0.0122914726961679,0.16384
YKL042W,SPC42,Spindle Pole Component,-0.0122944537604225,0.08541
YGL084C,GUP1,Glycerol UPtake,-0.012294470607895,0.05519
YGR219W,NA,NA,-0.0122959010199867,0.15683
YGR144W,THI4,THIamine metabolism,-0.0122977183330271,0.24777
YLR133W,CKI1,Choline KInase,-0.0123032010190098,0.39037
YCL034W,LSB5,Las Seventeen Binding protein,-0.0123190395827788,0.06243
YBR205W,KTR3,Kre Two Related,-0.0123397685998487,0.21192
YDR348C,PAL1,Pears And Lemons,-0.0123399496241807,0.08428
YMR120C,ADE17,ADEnine,-0.0123699539028274,0.25439
YBR192W,RIM2,Replication In Mitochondria,-0.0124022533582174,0.04418
YLR182W,SWI6,SWItching deficient,-0.0124406423243243,0.15511
YNR044W,AGA1,a-AGglutinin,-0.0124544968936629,0.35711
YCR065W,HCM1,High-Copy suppressor of Calmodulin,-0.0124577109833139,0.23856
YLR372W,ELO3,fatty acid ELOngation,-0.0124852295059157,0.23566
YLR053C,NA,NA,-0.012548226312229,0.41784
YHR086W,NAM8,Nuclear Accommodation of Mitochondria,-0.0125519704978175,0.04731
YJL079C,PRY1,Pathogen Related in Yeast,-0.0125568087729415,0.19538
YOR358W,HAP5,Heme Activator Protein,-0.0125812024929283,0.04262
YFR051C,RET2,RETrieval from ER,-0.0126059141963634,0.11468
YIR039C,YPS6,YaPSin,-0.0126371356445482,0.13123
YGR029W,ERV1,Essential for Respiration and Viability,-0.0126384471945054,0.10872
YDR036C,EHD3,NA,-0.0126616546843114,0.15979
YKL208W,CBT1,Cytochrome B Termination,-0.0126639750555956,0.28078
YDL145C,COP1,COat Protein,-0.0127028007772106,0.11883
YBL037W,APL3,clathrin Adaptor Protein complex Large chain,-0.0127233655644393,0.06024
YKL155C,RSM22,Ribosomal Small subunit of Mitochondria,-0.0128162422108764,0.04862
YHR061C,GIC1,GTPase Interactive Component,-0.0128262593049309,0.12177
YFL041W,FET5,FErrous Transport,-0.0128293188006292,0.12406
YBL009W,ALK2,NA,-0.0128558947764144,0.0238
YAR073W,IMD1,IMP Dehydrogenase,-0.0128563110345457,0.14612
YDL130W-A,STF1,STabilizing Factor,-0.0128739098412188,0.17891
YOR201C,MRM1,Mitochondrial rRNA Methyltransferase,-0.0129244334007402,0.04164
YHR168W,MTG2,MiTochondrial Gtpase 2,-0.0129759982085161,0.05446
YPR052C,NHP6A,Non-Histone Protein,-0.0129930313165489,0.15583
YCL040W,GLK1,GLucoKinase,-0.0130519164429506,0.21772
YER019W,ISC1,Inositol phosphoSphingolipid phospholipase C,-0.0130599425318406,0.02629
YPL063W,TIM50,Translocase of the Inner Mitochondrial membrane,-0.0130605014145593,0.13712
YNL183C,NPR1,Nitrogen Permease Reactivator,-0.0130627251967768,0.32657
YLR202C,NA,NA,-0.0130673950201142,0.21714
YHR063C,PAN5,PANtothenate biosynthesis,-0.0130940778582142,0.36183
YHR173C,NA,NA,-0.013097407284445,0.09945
YFL051C,NA,NA,-0.0131000301853488,0.10545
YDR517W,GRH1,GRasp65 (Golgi reassembly stacking protein of 65kD) Homolog,-0.0131418047487412,0.15878
YBR205W,KTR3,Kre Two Related,-0.0131454897805874,0.0322
YJL091C,GWT1,GPI-anchored Wall protein Transfer,-0.0131661489924293,0.07826
YLR202C,NA,NA,-0.0131830033510221,0.17301
YER145C,FTR1,Fe TRansporter,-0.0131889310453875,0.27568
YGR232W,NAS6,Non-ATPase Subunit 6,-0.0131894085966284,0.23993
YPL014W,CIP1,Cdk1 Interacting Protein,-0.0132080475943432,0.08925
YNL243W,SLA2,Synthetic Lethal with ABP1,-0.0132111263501309,0.04452
YMR257C,PET111,PETite colonies,-0.0132140023320233,0.0475
YLR027C,AAT2,Aspartate AminoTransferase,-0.0132532214953637,0.347
YFL031W,HAC1,Homologous to Atf/Creb1,-0.0132567834119305,0.15969
YPL116W,HOS3,Hda One Similar,-0.0132606140250706,0.10705
YJR076C,CDC11,Cell Division Cycle,-0.0132814126197375,0.07032
YHR154W,RTT107,Regulator of Ty1 Transposition,-0.0133171550983063,0.09737
YDL103C,QRI1,NA,-0.0133826744564882,0.06342
YFL031W,HAC1,Homologous to Atf/Creb1,-0.0133836005046046,0.34302
YJL067W,NA,NA,-0.0133888016198958,0.09404
YKL037W,AIM26,Altered Inheritance rate of Mitochondria,-0.0133999570486287,0.11966
YOL090W,MSH2,MutS Homolog,-0.0134261579269071,0.07681
YOR131C,NA,NA,-0.0134435824723154,0.04713
YBR206W,NA,NA,-0.0134607724947999,0.08808
YGR222W,PET54,PETite colonies,-0.0134637952505502,0.16197
YBL100C,NA,NA,-0.0134917087374305,0.05338
YIL141W,NA,NA,-0.0134937584529304,0.08297
YGR238C,KEL2,KELch repeat,-0.0135189552071543,0.02368
YGR029W,ERV1,Essential for Respiration and Viability,-0.0135228130963353,0.08425
YGR243W,MPC3,Mitochondrial Pyruvate Carrier,-0.0135258062714384,0.3705
YLR151C,PCD1,Peroxisomal Coenzyme A Diphosphatase,-0.0135436980803858,0.05557
YDR100W,TVP15,Tlg2-Vesicle Protein,-0.0135514246412234,0.3216
YJR118C,ILM1,Increased Loss of Mitochondrial DNA,-0.0135770858524751,0.04673
YLR354C,TAL1,TransALdolase,-0.0136490242767149,0.22769
YDR093W,DNF2,Drs2 Neo1 Family,-0.0136537638490981,0.11283
YMR304C-A,NA,NA,-0.0136551578479842,0.18979
YFL054C,AQY3,AQuaporin from Yeast,-0.0136695075558065,0.36466
YKL150W,MCR1,Mitochondrial NADH-Cytochrome b5 Reductase,-0.0137281133288916,0.09926
YKL126W,YPK1,Yeast Protein Kinase,-0.0137352977961037,0.05591
YCR088W,ABP1,Actin Binding Protein,-0.0137894505903981,0.08556
YKR069W,MET1,METhionine requiring,-0.0137945671933394,0.26729
YPL271W,ATP15,ATP synthase,-0.0137959318598002,0.21678
YPR114W,NA,NA,-0.0138028692366401,0.18033
YAR035W,YAT1,NA,-0.0138306442020371,0.224
YNR033W,ABZ1,para-AminoBenZoic acid (PABA) biosynthesis,-0.0138531085538081,0.06665
YJR100C,AIM25,Altered Inheritance of Mitochondria,-0.0138644126546576,0.06527
YOR037W,CYC2,CYtochrome C,-0.0139105177176278,0.04158
YOR114W,DPI34,Delta-Psi dependent mitochondrial Import protein of ~34 kDa,-0.0139191156432784,0.05164
YKL134C,OCT1,OCTapeptidyl aminopeptidase,-0.0139372904134014,0.02372
YBR096W,NA,NA,-0.0139605520674805,0.13074
YGR029W,ERV1,Essential for Respiration and Viability,-0.013974534290965,0.08044
YDR304C,CPR5,Cyclosporin-sensitive Proline Rotamase,-0.0139860761212552,0.12053
YNL331C,AAD14,Aryl-Alcohol Dehydrogenase,-0.0140047584847969,0.10704
YDL079C,MRK1,Mds1p Related Kinase,-0.0140151332647971,0.3851
YKR011C,NA,NA,-0.0140238687247827,0.14705
YOR142W,LSC1,Ligase of Succinyl-CoA,-0.0140285456789839,0.22289
YPR119W,CLB2,CycLin B,-0.0141020095488124,0.14432
YAR002C-A,ERP1,Emp24p/Erv25p Related Protein,-0.014131506854996,0.18214
YER043C,SAH1,S-Adenosyl-l-Homocysteine hydrolase,-0.0141678004598352,0.34425
YMR048W,CSM3,Chromosome Segregation in Meiosis,-0.0141801917855439,0.05482
YGL219C,MDM34,Mitochondrial Distribution and Morphology,-0.0141897702563948,0.03399
YFR042W,KEG1,Kre6-binding ER protein responsible for Glucan synthesis,-0.014216657630889,0.05367
YLR229C,CDC42,Cell Division Cycle,-0.0142182322167233,0.06839
YGL191W,COX13,Cytochrome c OXidase,-0.0142279887007758,0.10728
YBL035C,POL12,POLymerase,-0.0142282557124268,0.09799
YBR050C,REG2,REsistance to Glucose repression,-0.0142296903750854,0.06947
YOR288C,MPD1,Multicopy suppressor of PDI1 deletion,-0.0142484524945378,0.04035
YBR151W,APD1,Actin Patches Distal,-0.0142587078545856,0.02827
YDL044C,MTF2,Mitochondrial Transcription Factor,-0.0142665757563219,0.02234
YGR207C,CIR1,Changed Intracellular Redox state,-0.0143176114286329,0.05147
YOR125C,CAT5,CATabolite repression,-0.0143431214436375,0.21073
YDR251W,PAM1,Pp2A Multicopy suppressor,-0.0143651760039126,0.03847
YLR394W,CST9,Chromosome STability,-0.0143670001134244,0.08367
YMR282C,AEP2,ATPase ExPression,-0.0144246627336194,0.01965
YER078C,ICP55,Intermediate Cleaving Peptidase,-0.0144314092406976,0.10246
YMR083W,ADH3,Alcohol DeHydrogenase,-0.0144621878702793,0.37623
YDR515W,SLF1,SuLFide production,-0.014462246768946,0.04742
YGR189C,CRH1,Congo Red Hypersensitive,-0.0144780537083348,0.36052
YJL181W,RBH1,Ran Binding domain Homolog,-0.0144898993694959,0.05977
YHR009C,TDA3,Topoisomerase I Damage Affected,-0.0145074703366467,0.01582
YHR016C,YSC84,NA,-0.0145303102387719,0.05512
YCR002C,CDC10,Cell Division Cycle,-0.0145389940894157,0.04751
YMR302C,YME2,Yeast Mitochondrial Escape,-0.0145601517583253,0.05568
YAR007C,RFA1,Replication Factor A,-0.0145656016663487,0.08824
YHR037W,PUT2,Proline UTilization,-0.0145672089286928,0.29711
YNL072W,RNH201,RNase H,-0.0145701748906999,0.04524
YJR143C,PMT4,Protein O-MannosylTransferase,-0.0146010423928844,0.27676
YHL050C,NA,NA,-0.0146095925161616,0.12012
YPR002W,PDH1,prpD Homolog,-0.0146468330390046,0.41662
YAL023C,PMT2,Protein O-MannosylTransferase,-0.014691091789709,0.04876
YNL241C,ZWF1,ZWischenFerment,-0.0147132512509688,0.06037
YGR038W,ORM1,NA,-0.0147806188218697,0.07147
YER017C,AFG3,ATPase Family Gene,-0.0147857915838739,0.03021
YLR113W,HOG1,High Osmolarity Glycerol response,-0.0148016769508803,0.19371
YJL131C,AIM23,Altered Inheritance rate of Mitochondria,-0.014814586271142,0.02937
YJL217W,REE1,REgulation of Enolase,-0.0148234402589486,0.30167
YJR095W,SFC1,Succinate-Fumarate Carrier,-0.0148334557541689,0.36733
YLR383W,SMC6,Structural Maintenance of Chromosomes,-0.01484552734326,0.04884
YLR153C,ACS2,Acetyl CoA Synthetase,-0.0148578314562128,0.35305
YNL138W,SRV2,Suppressor of RasVal19,-0.0148705720694593,0.10775
YBR024W,SCO2,Suppressor of Cytochrome Oxidase deficiency,-0.0149440875809491,0.1109
YMR228W,MTF1,Mitochondrial Transcription Factor,-0.0149771512130582,0.02995
YMR054W,STV1,Similar To VPH1,-0.0149773101092304,0.08389
YJR152W,DAL5,Degradation of Allantoin,-0.0149852547469767,0.40336
YBR038W,CHS2,CHitin Synthase,-0.0150174818381642,0.36878
YPR021C,AGC1,Aspartate-Glutamate Carrier,-0.0150285617150041,0.03864
YHR050W,SMF2,Suppressor of Mitochondria import Function,-0.0150562177585454,0.05193
YAL034W-A,MTW1,Mis TWelve-like,-0.0150993034280411,0.0731
YDR284C,DPP1,Diacylglycerol Pyrophosphate Phosphatase,-0.0151212332152504,0.23035
YGR205W,TDA10,Topoisomerase I Damage Affected,-0.0151333881738731,0.13387
YPR141C,KAR3,KARyogamy,-0.0151437126534849,0.02729
YMR060C,SAM37,Sorting and Assembly Machinery,-0.0152311723956063,0.03267
YFL036W,RPO41,RNA POlymerase,-0.0152559420066005,0.05079
YLR327C,TMA10,Translation Machinery Associated,-0.0152755202877566,0.12241
YGR182C,NA,NA,-0.0152934212661006,0.09464
YGL027C,CWH41,Calcofluor White Hypersensitive,-0.015307780119368,0.08936
YFR020W,CSS2,Condition Specific Secretion,-0.0153268299408297,0.11065
YGL021W,ALK1,NA,-0.0153309320075803,0.30884
YBR091C,TIM12,Translocase of the Inner Membrane,-0.0153604608164904,0.06307
YLR209C,PNP1,purine nucleoside phosphorylase,-0.0153717994638783,0.02704
YDR502C,SAM2,S-AdenosylMethionine requiring,-0.0153910076599042,0.41337
YDR174W,HMO1,High MObility group (HMG) family,-0.0153965842870079,0.15482
YAR008W,SEN34,Splicing ENdonuclease,-0.0154072596738944,0.04552
YGL064C,MRH4,Mitochondrial RNA Helicase,-0.0154964135871479,0.05295
YDR377W,ATP17,ATP synthase,-0.0155297744876114,0.04512
YMR293C,HER2,Hmg2p ER Remodeling,-0.0155884237946698,0.05727
YDR263C,DIN7,DNA Damage INducible,-0.0155973341441582,0.0593
YJL118W,NA,NA,-0.0156220785838109,0.07864
YEL073C,NA,NA,-0.0156409786332894,0.05927
YDL135C,RDI1,Rho GDP Dissociation Inhibitor,-0.0156447254221016,0.05153
YLL062C,MHT1,S-Methylmethionine-Homocysteine methylTransferase,-0.015707354910475,0.16192
YLL067C,NA,NA,-0.0157266234602643,0.15429
YNL026W,SAM50,Sorting and Assembly Machinery,-0.0157800110438225,0.02635
YDL192W,ARF1,ADP-Ribosylation Factor,-0.0158010868933322,0.36584
YER066C-A,NA,NA,-0.0158153477275412,0.1421
YPR074C,TKL1,TransKetoLase,-0.0158432999252209,0.39778
YGR101W,PCP1,Processing of Cytochrome c Peroxidase,-0.0158668108938398,0.03725
YBR243C,ALG7,Asparagine-Linked Glycosylation,-0.0159061749169144,0.05642
YGR199W,PMT6,Protein O-MannosylTransferase,-0.0159211816273446,0.06073
YOR017W,PET127,PETite colonies,-0.0159284208316373,0.02849
YDR016C,DAD1,Duo1 And Dam1 interacting,-0.0159322332581686,0.06195
YPL124W,SPC29,Spindle Pole Component,-0.0159422988581249,0.07507
YHL014C,YLF2,NA,-0.0159491013193327,0.19735
YDR261C,EXG2,"EXo-1,3-beta-Glucanase",-0.0159720228167564,0.08174
YIR024C,INA22,INner membrane Assembly 22 kDa,-0.015976377951336,0.14893
YHL008C,NA,NA,-0.0159826661300845,0.35112
YLL067C,NA,NA,-0.0160630934980265,0.15225
YGR231C,PHB2,ProHiBitin,-0.0160964954940834,0.07525
YOL030W,GAS5,Glycophospholipid-Anchored Surface protein,-0.0161111666170436,0.14581
YNL278W,CAF120,CCR4 Associated Factor,-0.0161147677000007,0.03367
YNR041C,COQ2,COenzyme Q,-0.0161166341053585,0.16501
YMR098C,ATP25,ATPase,-0.0161396851602876,0.01867
YDL095W,PMT1,Protein O-MannosylTransferase,-0.0161699098858163,0.03759
YCL018W,LEU2,LEUcine biosynthesis,-0.0161791767858117,0.36417
YPL267W,ACM1,APC/C[Cdh1] Modulator,-0.0162364181560132,0.08416
YDR438W,THI74,THIamine regulon,-0.0162408473283307,0.02341
YOR198C,BFR1,BreFeldin A Resistance,-0.0162622930600189,0.04387
YMR081C,ISF1,Increasing Suppression Factor,-0.0163004147264124,0.09317
YNL055C,POR1,PORin,-0.0163141904594293,0.06111
YLR077W,FMP25,Found in Mitochondrial Proteome,-0.0163389704033591,0.06334
YDL205C,HEM3,HEMe biosynthesis,-0.0163489701391138,0.18923
YER024W,YAT2,NA,-0.0163902596929829,0.2929
YNR073C,MAN2,MANnitol dehydrogenase,-0.016397553165583,0.08788
YDR113C,PDS1,Precocious Dissociation of Sisters,-0.0164168036167724,0.03182
YKL101W,HSL1,Histone Synthetic Lethal,-0.016457266345493,0.08432
YLR089C,ALT1,ALanine Transaminase,-0.0164940156149323,0.07148
YIL059C,NA,NA,-0.0165419459710678,0.04425
YML078W,CPR3,Cyclosporin A-sensitive Proline Rotamase,-0.0165600279015583,0.06737
YLR038C,COX12,Cytochrome c OXidase,-0.0165682597272639,0.03165
YIL026C,IRR1,IRRegular cell behavior,-0.0166301571738463,0.04814
YGR150C,CCM1,COB and COX1 mRNA maturation,-0.0166556090523363,0.14315
YDR216W,ADR1,Alcohol Dehydrogenase II synthesis Regulator,-0.0166868128765331,0.2885
YKR067W,GPT2,Glycerol-3-Phosphate acylTransferase,-0.0167360281561873,0.14898
YGR132C,PHB1,ProHiBitin,-0.0167490350281586,0.04758
YER053C,PIC2,PI Carrier,-0.0167603640813798,0.03028
YBL107C,MIX23,Mitochondrial Intermembrane space CX(n)C motif protein,-0.0167881574995364,0.02062
YPL067C,HTC1,Histidine Triad with Channel,-0.016789798235379,0.09615
YPR175W,DPB2,DNA Polymerase B subunit 2,-0.0168277510383242,0.06963
YBR052C,RFS1,Rad55 (Fifty-five) Suppressor,-0.0168361064112004,0.03747
YGL001C,ERG26,ERGosterol biosynthesis,-0.0168773801478736,0.29132
YFL037W,TUB2,TUBulin,-0.0168904185241898,0.08708
YAL007C,ERP2,Emp24p/Erv25p Related Protein,-0.0169325199927522,0.06385
YDL010W,GRX6,GlutaRedoXin,-0.0169376028090508,0.07293
YPL078C,ATP4,ATP synthase,-0.0169679025083018,0.05586
YER067W,RGI1,Respiratory Growth Induced,-0.0169800530698967,0.2162
YER087C-A,NA,NA,-0.0170430083531964,0.09465
YLR294C,NA,NA,-0.0170439076571194,0.03869
YER067C-A,NA,NA,-0.0170814666310035,0.12511
YLR045C,STU2,Suppressor of TUbulin,-0.0171083385276156,0.0595
YPL241C,CIN2,Chromosome INstability,-0.0171258632561237,0.03105
YGL115W,SNF4,Sucrose NonFermenting,-0.0171717692412453,0.13572
YNL083W,SAL1,Suppressor of Aac2 Lethality,-0.0171989386231953,0.03733
YKL066W,NA,NA,-0.0172432122599551,0.07786
YMR078C,CTF18,Chromosome Transmission Fidelity,-0.0172673356239217,0.02453
YMR287C,DSS1,Deletion of SUV3 Supressor,-0.0173000827707325,0.02539
YLL002W,RTT109,Regulator of Ty1 Transposition,-0.0173035627252736,0.0374
YFL018C,LPD1,LiPoamide Dehydrogenase,-0.0173039260066426,0.02627
YDR286C,MGP12,Mitochondrial Glutaredoxin-like Protein of 12 kDa,-0.0173066432942553,0.21263
YFL052W,ZNF1,ZiNc Finger protein,-0.0173158001360138,0.23868
YDR031W,MIX14,Mitochondrial Intermembrane space CX(n)C motif protein,-0.0173183457072468,0.28901
YMR179W,SPT21,SuPpressor of Ty,-0.0173233192589775,0.05867
YGL187C,COX4,Cytochrome c OXidase,-0.0173410662217055,0.24168
YLR296W,NA,NA,-0.0174113967217107,0.10449
YNR017W,TIM23,Translocase of the Inner Mitochondrial membrane,-0.017453537309851,0.05463
YBL099W,ATP1,ATP synthase,-0.0174711497657137,0.0407
YML110C,COQ5,COenzyme Q,-0.0174820896212414,0.07014
YBR044C,TCM62,TriCarboxylic acid cycle Mutant,-0.0174873090080992,0.03288
YBR294W,SUL1,SULfate,-0.0175032616908902,0.21279
YLR314C,CDC3,Cell Division Cycle,-0.0175750091047635,0.11969
YOR100C,CRC1,CaRnitine Carrier,-0.017584711172156,0.43363
YOL113W,SKM1,STE20/PAK homologous Kinase related to Morphogenesis,-0.0175939742522124,0.02964
YDL101C,DUN1,DNA-damage UNinducible,-0.0175994698166569,0.03006
YMR241W,YHM2,Yeast suppressor of HM mutant,-0.0176316364745098,0.37584
YLR112W,NA,NA,-0.017653196908779,0.17581
YOL096C,COQ3,COenzyme Q,-0.0176533341040903,0.02832
YNL262W,POL2,POLymerase,-0.0177072164854425,0.04231
YKL016C,ATP7,ATP synthase,-0.0177252979462293,0.12218999999999999
YLR367W,RPS22B,Ribosomal Protein of the Small subunit,-0.0178568090462323,0.379
YDL181W,INH1,INHibitor (of F1F0-ATPase),-0.0178654616788014,0.2667
YPR004C,AIM45,Altered Inheritance rate of Mitochondria,-0.0178883174163111,0.03974
YER154W,OXA1,cytochrome OXidase Activity,-0.0178938057730293,0.0829
YFL016C,MDJ1,Mitochondrial DnaJ,-0.0179085679069385,0.05413
YHR172W,SPC97,Spindle Pole Component,-0.0179680679659407,0.03423
YDR093W,DNF2,Drs2 Neo1 Family,-0.0180218405187508,0.11574
YDL067C,COX9,Cytochrome c OXidase,-0.0180234978624508,0.30358
YGR257C,MTM1,Manganese Trafficking factor for Mitochondrial SOD2,-0.0180526103716334,0.09272
YMR280C,CAT8,CATabolite repression,-0.0180588248327292,0.06848
YBL021C,HAP3,Heme Activator Protein,-0.018105821389617,0.02512
YBR299W,MAL32,MALtose,-0.0181109723514643,0.12646
YNR045W,PET494,PETite colonies,-0.0181267569467372,0.03876
YDR226W,ADK1,ADenylate Kinase,-0.0181352254092824,0.25388
YPR067W,ISA2,Iron Sulfur Assembly,-0.0181409999315983,0.01777
YHR051W,COX6,Cytochrome c OXidase,-0.0181802986564876,0.05541
YDR146C,SWI5,SWItching deficient,-0.0181841747169497,0.22671
YDR376W,ARH1,Adrenodoxin Reductase Homolog,-0.0182299854892335,0.25975
YFR015C,GSY1,Glycogen SYnthase,-0.0182408338460836,0.24741
YMR225C,MRPL44,"Mitochondrial Ribosomal Protein, Large subunit",-0.0183092043943797,0.05054
YPL059W,GRX5,GlutaRedoXin,-0.0183302514389799,0.27387
YPL187W,MF(ALPHA)1,Mating Factor ALPHA,-0.0183350069853972,0.19241
YMR267W,PPA2,PyroPhosphatAse,-0.0183730425483349,0.04965
YPL029W,SUV3,SUppressor of Var1,-0.0184117233662004,0.02716
YOR382W,FIT2,Facilitator of Iron Transport,-0.0184227855018853,0.34749
YLR342W,FKS1,FK506 Sensitivity,-0.0184400216076162,0.35833
YKL218C,SRY1,Serine Racemase of Yeast,-0.0185042319234008,0.19056
YER141W,COX15,Cytochrome c OXidase,-0.01851536634717,0.19807
YGR109C,CLB6,CycLin B,-0.0185464326743053,0.10002
YJL046W,AIM22,Altered Inheritance rate of Mitochondria,-0.0185707117846971,0.05511
YLR008C,PAM18,Presequence translocase-Associated Motor,-0.01859719038884,0.16176
YGR171C,MSM1,"Mitochondrial aminoacyl-tRNA Synthetase, Methionine",-0.0186006542162866,0.02131
YGR279C,SCW4,Soluble Cell Wall protein,-0.0186684327361879,0.17482
YJL092W,SRS2,Suppressor of Rad Six,-0.0186699475297029,0.09033
YBR162C,TOS1,Target Of Sbf,-0.0186835155772582,0.12001
YHR001W-A,QCR10,ubiQuinol-cytochrome C oxidoReductase,-0.0187016666791449,0.1016
YDR224C,HTB1,Histone h Two B,-0.0187390760950082,0.09477
YOL007C,CSI2,Chitin Synthesis Involved,-0.0187568547768555,0.07869
YMR206W,NA,NA,-0.0188643816499829,0.09976
YDL178W,DLD2,D-Lactate Dehydrogenase,-0.0188772686964532,0.04463
YNL312W,RFA2,Replication Factor A,-0.0190228435497897,0.07242
YLR049C,MLO50,Mitochondrially LOcalized protein of 50 kDa,-0.0191368137261041,0.15888
YEL052W,AFG1,ATPase Family Gene,-0.0191649870254266,0.12516
YDR097C,MSH6,MutS Homolog,-0.0192174456210575,0.103
YCL049C,NA,NA,-0.0192458482646325,0.07023
YJR004C,SAG1,Sexual AGglutination,-0.0193144046339978,0.14416
YHR121W,LSM12,Like SM,-0.0193289196329957,0.03486
YOL012C,HTZ1,Histone Two A Z1,-0.0194570062650885,0.14142
YPL087W,YDC1,Yeast DihydroCeramidase,-0.0194682690074989,0.03679
YPL265W,DIP5,DIcarboxylic amino acid Permease,-0.0195342364115092,0.41414
YJR156C,THI11,THIamine metabolism,-0.0196339128703855,0.2977
YJL187C,SWE1,Saccharomyces WEe1,-0.0197493495930591,0.03504
YGL208W,SIP2,SNF1-Interacting Protein,-0.0197804378157261,0.04725
YLR177W,NA,NA,-0.0197953769907462,0.30743
YMR145C,NDE1,"NADH Dehydrogenase, External",-0.0198076510048346,0.2163
YNL052W,COX5A,Cytochrome c OXidase,-0.0198113487855305,0.2576
YPL256C,CLN2,CycLiN,-0.0198487081677391,0.10936
YJL112W,MDV1,Mitochondrial DiVision,-0.0199061646802605,0.17941
YML124C,TUB3,TUBulin,-0.019926690639744,0.23896
YAL046C,BOL3,BolA-like protein,-0.0199670791554632,0.06967
YER026C,CHO1,CHOline requiring,-0.0199740804549806,0.31972
YBR132C,AGP2,high-Affinity Glutamine Permease,-0.0200128629092468,0.12517
YDL164C,CDC9,Cell Division Cycle,-0.0201041201753252,0.03953
YDL052C,SLC1,SphingoLipid Compensation,-0.0201426422299108,0.06079
YNL122C,MRP35,Mitochondrial Ribosomal Protein,-0.0201460884996626,0.11672
YHR198C,AIM18,Altered Inheritance rate of Mitochondria,-0.0202044973092453,0.02431
YDL107W,MSS2,Mitochondrial Splicing,-0.0202183034018883,0.02537
YKL045W,PRI2,DNA PRImase,-0.0202298796555372,0.08749
YIL022W,TIM44,Translocase of the Inner Mitochondrial membrane,-0.0202379174359757,0.02399
YJL218W,NA,NA,-0.020315619134247,0.04471
YDL004W,ATP16,ATP synthase,-0.020333300270765,0.15194
YOR315W,SFG1,SuperFicial pseudohyphal Growth,-0.0204243923318652,0.37446
YDL079C,MRK1,Mds1p Related Kinase,-0.0204527562427586,0.39043
YFR045W,MRX20,Mitochondrial oRganization of gene eXpression (MIOREX),-0.0204639756130641,0.03099
YPL103C,FMP30,Found in Mitochondrial Proteome,-0.0205527938558778,0.2046
YOL019W,TOS7,Target Of Sbf,-0.0205550186152686,0.06806
YGL229C,SAP4,Sit4 Associated Protein,-0.0206137140344194,0.05193
YOR266W,PNT1,PeNTamidine resistance,-0.0206327617497275,0.0531
YGR183C,QCR9,ubiQuinol-cytochrome C oxidoReductase,-0.0206596779911564,0.03332
YGR221C,TOS2,Target Of Sbf,-0.0206609641031968,0.03458
YFL045C,SEC53,SECretory,-0.0207706897200229,0.03971
YGR234W,YHB1,Yeast flavoHemogloBin,-0.0207825164322434,0.20845
YKL169C,NA,NA,-0.0208621110270603,0.04935
YBL032W,HEK2,HEterogeneous nuclear rnp K-like gene,-0.0209691208833185,0.05756
YHR109W,CTM1,CyTochrome c Methyltransferase,-0.0210196124982034,0.01474
YOL123W,HRP1,Heterogenous nuclear RibonucleoProtein,-0.0210816147343598,0.32519
YDR298C,ATP5,ATP synthase,-0.0211571907357419,0.03105
YER018C,SPC25,Spindle Pole Component,-0.0211875680201093,0.01464
YMR089C,YTA12,Yeast Tat-binding Analog,-0.0213346825777111,0.15373
YBR070C,ALG14,Asparagine Linked Glycosylation,-0.021368965157856,0.04524
YML081C-A,ATP18,ATP synthase,-0.0213823122829284,0.05591
YHR153C,SPO16,SPOrulation,-0.021405560999645,0.06346
YKL035W,UGP1,UDP-glucose pyrophosphorylase,-0.0214400105415725,0.16153
YBR078W,ECM33,ExtraCellular Mutant,-0.021441504854883,0.28951
YGR062C,COX18,Cytochrome c OXidase,-0.0214458455602154,0.04096
YNL121C,TOM70,Translocase of the Outer Mitochondrial membrane,-0.0215335993306886,0.05542
YJL196C,ELO1,ELOngation defective,-0.0215534011909543,0.09006
YFR049W,YMR31,Yeast Mitochondrial Ribosomal protein,-0.0216044899520349,0.17839
YGR065C,VHT1,Vitamin H Transporter,-0.0216335206924219,0.15
YDR480W,DIG2,Down-regulator of Invasive Growth,-0.0216613449829618,0.02325
YMR215W,GAS3,Glycophospholipid-Anchored Surface protein,-0.0217104325669419,0.13685
YLR103C,CDC45,Cell Division Cycle,-0.0217116403459615,0.04744
YLR295C,ATP14,ATP synthase,-0.0217788346549048,0.04525
YHR091C,MSR1,Mitochondrial tRNA Synthetase aRginine,-0.0217991920996032,0.04843
YGR181W,TIM13,Translocase of the Inner Mitochondrial membrane,-0.0218222481773882,0.06306
YDL066W,IDP1,"Isocitrate Dehydrogenase, NADP-specific",-0.0218664072407165,0.22305
YDR079W,PET100,PETite colonies,-0.0218941484546401,0.04657
YEL020W-A,TIM9,Translocase of the Inner Mitochondrial membrane,-0.0219258033568275,0.33216
YJL143W,TIM17,Translocase of the Inner Mitochondrial membrane,-0.0219268238529658,0.15975
YIL140W,AXL2,AXiaL 2 bud site selection,-0.0219413440426971,0.04929
YGL200C,EMP24,EndoMembrane Protein,-0.0219427261514132,0.05686
YDL120W,YFH1,Yeast Frataxin Homolog,-0.0220357363075397,0.0194
YCR102C,NA,NA,-0.0220621089608872,0.07715
YNL131W,TOM22,Translocase of the Outer Mitochondrial membrane,-0.0220842118058312,0.05205
YNL169C,PSD1,PhosphatidylSerine Decarboxylase,-0.0221117102383859,0.04295
YNL100W,MIC27,MItochondrial contact site and Cristae organizing system,-0.0221783642508454,0.18229
YJL104W,PAM16,Presequence translocase-Associated Motor,-0.0222076775169427,0.20347
YJR135W-A,TIM8,Translocase of the Inner Mitochondrial membrane,-0.0222116788389732,0.21865
YML050W,AIM32,Altered Inheritance rate of Mitochondria,-0.0222564798378344,0.03189
YJR092W,BUD4,BUD site selection,-0.0222585701324943,0.27803
YBL080C,PET112,PETite colonies,-0.0223255984252238,0.01795
YPL072W,UBP16,UBiquitin-specific Protease,-0.0223678301427587,0.0474
YMR144W,FDO1,Forkhead one interacting protein involved in DOnor preference,-0.0223722506070437,0.03155
YOL071W,SDH5,Succinate DeHydrogenase,-0.0224245710365116,0.03737
YJR010W,MET3,METhionine requiring,-0.0224672048816269,0.34276
YOR074C,CDC21,Cell Division Cycle,-0.0224865260258174,0.03413
YDR393W,SHE9,Sensitivity to High Expression,-0.0224921289721118,0.0161
YKL141W,SDH3,Succinate DeHydrogenase,-0.0224996455045405,0.02534
YJR030C,RBH2,Ran Binding domain Homolog,-0.0225147782618759,0.05555
YKR065C,PAM17,Presequence translocase-Associated Motor,-0.0225284411529841,0.11888
YDR529C,QCR7,ubiQuinol-cytochrome C oxidoReductase,-0.0225380927432046,0.11632
YCR024C,SLM5,Synthetic Lethal with Mss4,-0.0225494798014634,0.02816
YBR039W,ATP3,ATP synthase,-0.0225692917011868,0.05065
YJR121W,ATP2,ATP synthase,-0.0225727066911739,0.05106
YMR002W,MIX17,Mitochondrial Intermembrane space CX(n)C motif protein,-0.0226601321161908,0.07667
YNL184C,NA,NA,-0.0226979893398032,0.05166
YJL102W,MEF2,Mitochondrial Elongation Factor,-0.0227011338643969,0.03057
YBL059W,IAI11,Interactor of AIm11,-0.0228587313132808,0.01645
YEL071W,DLD3,D-Lactate Dehydrogenase,-0.0228597376932439,0.24323
YBR078W,ECM33,ExtraCellular Mutant,-0.0229204987802846,0.2269
YPL098C,MGR2,Mitochondrial Genome Required,-0.0229610954962921,0.0503
YBL022C,PIM1,Proteolysis In Mitochondria,-0.0229826261376981,0.01846
YIL158W,AIM20,Altered Inheritance rate of Mitochondria,-0.0230078449945657,0.28333
YEL024W,RIP1,Rieske Iron-sulfur Protein,-0.0230923841679349,0.02529
YOR232W,MGE1,Mitochondrial GrpE,-0.0231115030664936,0.05166
YER093C-A,AIM11,Altered Inheritance rate of Mitochondria,-0.023124786776295,0.09091
YDL018C,ERP3,Emp24p/Erv25p Related Protein,-0.0231673042059874,0.026950000000000002
YDR309C,GIC2,GTPase Interactive Component,-0.0231827407159394,0.06896
YMR210W,MGL2,MonoacylGlycerol Lipase,-0.0232897743604431,0.27076
YMR076C,PDS5,Precocious Dissociation of Sisters,-0.0233019661461242,0.0507
YFL030W,AGX1,Alanine:Glyoxylate aminotrans(X)ferase,-0.0233024447970643,0.14124
YJL066C,MPM1,Mitochondrial Peculiar Membrane protein,-0.0233524060686983,0.04786
YGR112W,SHY1,SURF Homolog of Yeast,-0.0234610466355874,0.01598
YNL070W,TOM7,Translocase of the Outer Mitochondrial membrane,-0.0235375778551998,0.03645
YHR024C,MAS2,Mitochondrial ASsembly,-0.0235526858597711,0.03134
YPL252C,YAH1,Yeast Adrenodoxin Homolog,-0.0235839100258421,0.03561
YDR148C,KGD2,alpha-KetoGlutarate Dehydrogenase,-0.0235986702455846,0.03316
YPR011C,MRX21,Mitochondrial oRganization of gene eXpression (MIOREX),-0.023656395252824,0.14527
YLR289W,GUF1,Gtpase of Unknown Function,-0.0237414159536373,0.042659999999999997
YLR202C,NA,NA,-0.0237627173789006,0.11305
YLR239C,LIP2,LIPoyl ligase,-0.0238345393151928,0.11564
YER003C,PMI40,PhosphoMannose Isomerase,-0.0239341206608473,0.0397
YAL060W,BDH1,Butanediol DeHydrogenase,-0.0240243254618084,0.02855
YER065C,ICL1,IsoCitrate Lyase,-0.0240615582257876,0.08361
YBR251W,MRPS5,"Mitochondrial Ribosomal Protein, Small subunit",-0.0240647411921854,0.13535
YBL045C,COR1,CORe protein of QH2 cytochrome c reductase,-0.0240658020808362,0.02063
YBR297W,MAL33,MALtose,-0.024292137972871,0.07667
YDR322C-A,TIM11,Translocase of the Inner Mitochondrial membrane,-0.0243083090871688,0.18121
YPR020W,ATP20,ATP synthase,-0.0243229865690424,0.16776
YPL134C,ODC1,OxoDicarboxylate Carrier,-0.0243731652093942,0.13062000000000001
YGR028W,MSP1,Mitochondrial Sorting of Proteins,-0.0244377411535232,0.20392
YJR133W,XPT1,Xanthine Phosphoribosyl Transferase,-0.0244557946363722,0.33374
YIR021W,MRS1,Mitochondrial RNA Splicing,-0.0244932438132243,0.00719
YDL198C,GGC1,GDP/GTP Carrier,-0.0245836451685373,0.11602
YLR382C,NAM2,Nuclear Accommodation of Mitochondria,-0.0245978011359351,0.01222
YLL041C,SDH2,Succinate DeHydrogenase,-0.0245996221133192,0.067
YDR507C,GIN4,Growth Inhibitory,-0.0246097297251502,0.0266
YLL001W,DNM1,DyNaMin-related,-0.0246572906825318,0.02705
YBL090W,MRP21,Mitochondrial Ribosomal Protein,-0.0247614596337857,0.08898
YML030W,RCF1,Respiratory superComplex Factor,-0.0247837588497962,0.02495
YMR203W,TOM40,Translocase of the Outer Mitochondrial membrane,-0.0248363574018119,0.07791
YOL053W,AIM39,Altered Inheritance rate of Mitochondria,-0.0248630124928567,0.05219
YPL258C,THI21,THIamine metabolism,-0.024869100151681,0.02374
YMR012W,CLU1,CLUstered mitochondria,-0.0248981667299919,0.01692
YLR090W,XDJ1,NA,-0.0249298207736428,0.05987
YKL165C,MCD4,Morphogenesis Checkpoint Dependent,-0.0249847516437591,0.02067
YML091C,RPM2,RNase P Mitochondrial,-0.0250109586963447,0.07984
YNL334C,SNO2,SNZ proximal Open reading frame,-0.0250925493691186,0.18317
YBR033W,EDS1,Expression Dependent on Slt2,-0.0251121538832195,0.08637
YIL125W,KGD1,alpha-KetoGlutarate Dehydrogenase,-0.0251380677891407,0.03558
YMR307W,GAS1,Glycophospholipid-Anchored Surface protein,-0.0251454315364583,0.09523
YLR163C,MAS1,Mitochondrial ASsembly,-0.0251818738982885,0.05785
YBL043W,ECM13,ExtraCellular Mutant,-0.0253535545325649,0.20006
YPR113W,PIS1,Phosphatidyl Inositol Synthase,-0.0253567639213386,0.25741000000000003
YIL157C,COA1,Cytochrome Oxidase Assembly,-0.0256188220051082,0.02829
YDR405W,MRP20,Mitochondrial Ribosomal Protein,-0.0256268035630669,0.01018
YGL089C,MF(ALPHA)2,Mating Factor ALPHA,-0.0256923806410459,0.11734
YMR286W,MRPL33,"Mitochondrial Ribosomal Protein, Large subunit",-0.0256994825524034,0.07002
YBR088C,POL30,POLymerase,-0.0257564735499932,0.05723
YFR033C,QCR6,ubiQuinol-cytochrome C oxidoReductase,-0.0258303305906305,0.03548
YOR065W,CYT1,CYTochrome c1,-0.0258387705421111,0.06969
YER163C,GCG1,Gamma-glutamyl Cyclotransferase acting on Glutathione,-0.0259287569617235,0.04756
YOR135C,IRC14,NA,-0.0260781124530909,0.04391
YGR174C,CBP4,Cytochrome B mRNA Processing,-0.0262748823111955,0.02264
YBR010W,HHT1,Histone H Three,-0.0263240875225058,0.07527
YNR009W,NRM1,Negative Regulator of MBF targets,-0.0263626799929569,0.03855
YGL226W,MTC3,Maintenance of Telomere Capping,-0.0263659542767007,0.09805
YGR194C,XKS1,XyluloKinaSe,-0.0264659333734107,0.07396
YLR259C,HSP60,Heat Shock Protein,-0.0265091744388041,0.05042
YHR011W,DIA4,Digs Into Agar,-0.0265535952787349,0.0159
YDR061W,NA,NA,-0.0265669296511758,0.03619
YNR020C,ATP23,NA,-0.0266281412213261,0.00766
YGR014W,MSB2,Multicopy Suppression of a Budding defect,-0.0266964352668418,0.09056
YGL129C,RSM23,Ribosomal Small subunit of Mitochondria,-0.0267087685061073,0.16995
YJR045C,SSC1,Stress-Seventy subfamily C,-0.0267874064937697,0.04238
YBL030C,PET9,PETite,-0.0268307708904371,0.03028
YPL118W,MRP51,Mitochondrial Ribosomal Protein,-0.0268895622988498,0.04377
YGL062W,PYC1,PYruvate Carboxylase,-0.0269935904423775,0.11867
YER050C,RSM18,Ribosomal Small subunit of Mitochondria,-0.0270550592374723,0.04685
YPL127C,HHO1,Histone H One,-0.0270740665645286,0.06389
YFR007W,YFH7,NA,-0.0271332078659072,0.03405
YGL253W,HXK2,HeXoKinase,-0.0271969922088701,0.30206
YGR067C,NA,NA,-0.0272187492905071,0.38963
YJL074C,SMC3,Stability of MiniChromosomes,-0.0272647649518035,0.04469
YGL236C,MTO1,Mitochondrial Translation Optimization,-0.0272942219925051,0.20458
YNR040W,MRX15,Mitochondrial oRganization of gene eXpression (MIOREX),-0.0274278930025968,0.07996
YNL283C,WSC2,cell Wall integrity and Stress response Component,-0.0274775967566687,0.03377
YML025C,YML6,NA,-0.0275042550807373,0.02479
YHR005C-A,TIM10,Translocase of the Inner Membrane,-0.0275339616628895,0.17044
YGR108W,CLB1,CycLin B,-0.0275339660544468,0.09561
YPL262W,FUM1,FUMarase,-0.0275733172555615,0.03346
YPL132W,COX11,Cytochrome c OXidase,-0.0275895032940197,0.01699
YER182W,FMP10,Found in Mitochondrial Proteome,-0.0276077401830544,0.0984
YCL057C-A,MIC10,MItochondrial contact site and Cristae organizing system,-0.0277039210356646,0.06958
YBL038W,MRPL16,"Mitochondrial Ribosomal Protein, Large subunit",-0.0277829577275146,0.02158
YNL252C,MRPL17,"Mitochondrial Ribosomal Protein, Large subunit",-0.0279257521162797,0.03239
YKL167C,MRP49,Mitochondrial Ribosomal Protein,-0.0280308832168124,0.04487
YOR074C,CDC21,Cell Division Cycle,-0.0280499337934341,0.02912
YLR202C,NA,NA,-0.0280772494110839,0.03148
YCL057C-A,MIC10,MItochondrial contact site and Cristae organizing system,-0.028079781815714,0.06371
YPL013C,MRPS16,"Mitochondrial Ribosomal Protein, Small subunit",-0.0280823962877533,0.01767
YML052W,SUR7,SUppressor of Rvs167 mutation,-0.0281315755146855,0.13263
YHR176W,FMO1,Flavin containing MonoOxygenase,-0.0281521324814359,0.12534
YER093C-A,AIM11,Altered Inheritance rate of Mitochondria,-0.0281530302014647,0.05302
YML085C,TUB1,TUBulin,-0.0282348229590676,0.04088
YNL102W,POL1,POLymerase,-0.0283332221273647,0.02785
YKL192C,ACP1,Acyl Carrier Protein,-0.0283819661426164,0.03681
YOL086C,ADH1,Alcohol DeHydrogenase,-0.0284143574720084,0.06923
YJR080C,AIM24,Altered Inheritance rate of Mitochondria,-0.0284312038662478,0.0468
YDR511W,SDH7,Succinate DeHydrogenase,-0.0284338524951429,0.02501
YOR020C,HSP10,Heat Shock Protein,-0.0285180690927891,0.02884
YJR077C,MIR1,Mitochondrial Import Receptor,-0.0286028548506833,0.07617
YDR430C,CYM1,CYtosolic Metalloprotease,-0.0287999146940544,0.04727
YNL177C,MRPL22,"Mitochondrial Ribosomal Protein, Large subunit",-0.0289928684203634,0.0271
YJL213W,NA,NA,-0.029073749938650702,0.08767
YNL031C,HHT2,Histone H Three,-0.0290740479393947,0.03032
YOR158W,PET123,PETite colonies,-0.0291207428206162,0.12733
YLR304C,ACO1,ACOnitase,-0.0292370419453554,0.01541
YDL003W,MCD1,Mitotic Chromosome Determinant,-0.0292589276627274,0.04588
YJL180C,ATP12,ATP synthase,-0.0293141170485275,0.02352
YDR268W,MSW1,"Mitochondrial aminoacyl-tRNA Synthetase, tryptophan (W)",-0.0293409151498624,0.04805
YHR043C,DOG2,DeOxyGlucose,-0.0294709346690801,0.06804
YKR016W,MIC60,MItochondrial contact site and Cristae organizing system,-0.0295340552706387,0.15535
YMR166C,MME1,Mitochondrial Magnesium Exporter,-0.0295677332900763,0.09044
YPL215W,CBP3,Cytochrome B mRNA Processing,-0.0297176170554552,0.01858
YGR084C,MRP13,Mitochondrial Ribosomal Protein,-0.0297532819118713,0.07326
YNL081C,SWS2,Sick Without Securin,-0.0297869880359084,0.05766
YKL085W,MDH1,Malate DeHydrogenase,-0.0298382244144518,0.01705
YDR462W,MRPL28,"Mitochondrial Ribosomal Protein, Large subunit",-0.0298929614817522,0.09527
YFR011C,MIC19,MItochondrial contact site and Cristae organizing system,-0.0299109336305043,0.08539
YMR003W,AIM34,Altered Inheritance rate of Mitochondria,-0.0299161644119762,0.11437
YDR194C,MSS116,Mitochondrial Splicing System,-0.0299314472115307,0.25761
YKR097W,PCK1,Phosphoenolpyruvate CarboxyKinase,-0.0299988279704555,0.03962
YLR390W,ECM19,ExtraCellular Mutant,-0.0301088766588078,0.01337
YJR158W,HXT16,HeXose Transporter,-0.0301607151034565,0.02565
YGR215W,RSM27,Ribosomal Small subunit of Mitochondria,-0.0304610625086886,0.06745
YBL003C,HTA2,Histone h Two A,-0.0306684240082051,0.07531
YGR082W,TOM20,Translocase of the Outer Mitochondrial membrane,-0.0307891752303051,0.04502
YLR183C,TOS4,Target Of Sbf,-0.0308427810397853,0.02551
YOL023W,IFM1,Initiation Factor of Mitochondria,-0.0309067760673402,0.03647
YHR059W,FYV4,Function required for Yeast Viability,-0.0309703027853236,0.0872
YDR116C,MRPL1,"Mitochondrial Ribosomal Protein, Large subunit",-0.0311131489414219,0.03222
YJR122W,IBA57,Iron-sulfur cluster assembly factor for Biotin synthase and Aconitase-like mitochondrial proteins,-0.0311216573106169,0.04855
YBR003W,COQ1,COenzyme Q,-0.0311452055591726,0.02307
YPL183W-A,RTC6,Restriction of Telomere Capping,-0.031227425249474,0.02324
YDR516C,EMI2,Early Meiotic Induction,-0.0312891465485635,0.0683
YPL104W,MSD1,"Mitochondrial aminoacyl-tRNA Synthetase, Aspartate (D)",-0.0313102715414035,0.07239
YKL148C,SDH1,Succinate DeHydrogenase,-0.0313936956841949,0.02181
YPR191W,QCR2,QH2:cytochrome-C oxidoReductase,-0.0314147446351586,0.02553
YLR218C,COA4,Cytochrome Oxidase Assembly factor,-0.0314320834589324,0.11122
YCR005C,CIT2,CITrate synthase,-0.0315680419465387,0.26312
YHR147C,MRPL6,"Mitochondrial Ribosomal Protein, Large subunit",-0.031608812555341,0.04148
YER087W,AIM10,Altered Inheritance rate of Mitochondria,-0.0316196547615673,0.02797
YMR225C,MRPL44,"Mitochondrial Ribosomal Protein, Large subunit",-0.0316336331405529,0.22694
YLR203C,MSS51,Mitochondrial Splicing Suppressor,-0.0316340893926547,0.0528
YGL107C,RMD9,Required for Meiotic nuclear Division,-0.0316715848960202,0.06804
YBR262C,MIC12,MItochondrial contact site and Cristae organizing system,-0.0317806533649613,0.08397
YHR116W,COX23,Cytochrome OXidase,-0.0318426890058668,0.07742
YJR113C,RSM7,Ribosomal Small subunit of Mitochondria,-0.0320566855411287,0.04778
YPL040C,ISM1,Isoleucyl tRNA Synthetase of Mitochondria,-0.0321508544746795,0.02972
YPR100W,MRPL51,"Mitochondrial Ribosomal Protein, Large subunit",-0.0321663187293927,0.21101
YCR020C,PET18,PETite colonies,-0.0322797023417308,0.09809
YDL045W-A,MRP10,Mitochondrial Ribosomal Protein,-0.0322856485416473,0.08658
YNR022C,MRPL50,"Mitochondrial Ribosomal Protein, Large subunit",-0.0323379263071799,0.22732
YDR451C,YHP1,Yeast Homeo-Protein,-0.0323936795938824,0.07346
YDR178W,SDH4,Succinate DeHydrogenase,-0.0324767024726038,0.02283
YKL170W,MRPL38,"Mitochondrial Ribosomal Protein, Large subunit",-0.0324829934696924,0.00758
YNR036C,MRPS12,"Mitochondrial Ribosomal Protein, Small subunit",-0.0328454302347391,0.01296
YNL306W,MRPS18,"Mitochondrial Ribosomal Protein, Small subunit",-0.0328462893205222,0.06923
YPL097W,MSY1,"Mitochondrial aminoacyl-tRNA Synthetase, tyrosine (Y)",-0.0329000652686484,0.02356
YNR001C,CIT1,CITrate synthase,-0.0329293240266693,0.06983
YOR354C,MSC6,Meiotic Sister-Chromatid recombination,-0.0329439109402086,0.0097
YKL109W,HAP4,Heme Activator Protein,-0.0330725620334163,0.05027
YLR253W,CQD2,CoQ Distribution,-0.033094548105467,0.09398
YBR122C,MRPL36,"Mitochondrial Ribosomal Protein, Large subunit",-0.0331295388773778,0.23387
YGL040C,HEM2,HEMe biosynthesis,-0.0331316181362448,0.05264
YJR034W,PET191,PETite colonies,-0.0331343400889235,0.09204
YGR220C,MRPL9,"Mitochondrial Ribosomal Protein, Large subunit",-0.0337072966736786,0.08333
YCR046C,IMG1,Integrity of Mitochondrial Genome,-0.0338464680164988,0.07278
YNL185C,MRPL19,"Mitochondrial Ribosomal Protein, Large subunit",-0.0338730749763868,0.01011
YPR133W-A,TOM5,Translocase of the Outer Mitochondrial membrane,-0.0339754129721648,0.05843
YMR058W,FET3,FErrous Transport,-0.0340775180771734,0.34053
YOR286W,RDL2,RhoDanese-Like protein,-0.0341602145706934,0.06521
YKL194C,MST1,"Mitochondrial aminoacyl-tRNA Synthetase, Threonine",-0.0342159899996626,0.01985
YDR041W,RSM10,Ribosomal Small subunit of Mitochondria,-0.0342316873428544,0.0631
YIL093C,RSM25,Ribosomal Small subunit of Mitochondria,-0.0342434657584495,0.06746
YBR282W,MRPL27,"Mitochondrial Ribosomal Protein, Large subunit",-0.0342988847339649,0.22381
YKL003C,MRP17,Mitochondrial Ribosomal Protein,-0.0343163421547499,0.02888
YLR168C,UPS2,UnProceSsed,-0.0345476717902755,0.07782
YBR037C,SCO1,Suppressor of Cytochrome Oxidase deficiency,-0.0345923715414388,0.01164
YML027W,YOX1,Yeast homeobOX,-0.0346480373205922,0.04842
YNL030W,HHF2,Histone H Four,-0.034723743967332,0.05547
YDR375C,BCS1,ubiquinol-cytochrome c reductase (bc1) Synthesis,-0.0347488750081229,0.10231
YJL158C,CIS3,CIk1 Suppressing,-0.0348310438889331,0.25915
YMR188C,MRPS17,"Mitochondrial Ribosomal Protein, Small subunit",-0.0348690537657266,0.07072
YBR010W,HHT1,Histone H Three,-0.0349813842898136,0.07809
YKL067W,YNK1,Yeast Nucleoside diphosphate Kinase,-0.0349816944683278,0.04502
YER170W,ADK2,ADenylate Kinase,-0.0350189974069146,0.00392
YOL033W,MSE1,"Mitochondrial aminoacyl-tRNA Synthetase, Glutamate (E)",-0.035087864387058,0.01982
YCR071C,IMG2,Integrity of Mitochondrial Genome,-0.0351277359982324,0.0933
YML120C,NDI1,NADH Dehydrogenase Internal,-0.03532626444087,0.01773
YMR024W,MRPL3,"Mitochondrial Ribosomal Protein, Large subunit",-0.0353321212840633,0.03738
YLR204W,QRI5,Quasi-Renownless Information,-0.0355672895909732,0.01181
YNL005C,MRP7,Mitochondrial Ribosomal Protein,-0.0355679564458189,0.09107
YOR045W,TOM6,Translocase of the Outer Mitochondrial membrane,-0.0355871370339386,0.12218
YDR493W,MZM1,Mitochondrial Zinc Maintenance,-0.0356028351040624,0.01201
YGR076C,MRPL25,"Mitochondrial Ribosomal Protein, Large subunit",-0.0356444752435162,0.17667
YDR322W,MRPL35,"Mitochondrial Ribosomal Protein, Large subunit",-0.0358098267446441,0.00932
YDR494W,RSM28,Ribosomal Small subunit of Mitochondria,-0.0360425467431547,0.06785
YML129C,COX14,Cytochrome c OXidase,-0.0363795946424979,0.02
YJR101W,RSM26,Ribosomal Small subunit of Mitochondria,-0.0364586579347032,0.09442
YNL137C,NAM9,Nuclear Accommodation of Mitochondria,-0.0365571777992658,0.00997
YKL053C-A,MDM35,Mitochondrial Distribution and Morphology,-0.036642214915864,0.11316
YGL012W,ERG4,ERGosterol biosynthesis,-0.0367812712028765,0.20759
YDR337W,MRPS28,"Mitochondrial Ribosomal Protein, Small subunit",-0.036848691689059,0.06275
YGL143C,MRF1,Mitochondrial peptide chain Release Factor,-0.0369622260967895,0.01404
YHR038W,RRF1,Ribosome Recycling Factor,-0.0370257806707159,0.02218
YHL021C,AIM17,Altered Inheritance rate of Mitochondria,-0.0371230503556243,0.0406
YKL137W,CMC1,Cx9C Mitochondrial protein necessary for full assembly of Cytochrome c oxidase,-0.0373444925090102,0.08716
YGR165W,MRPS35,"Mitochondrial Ribosomal Protein, Small subunit",-0.0375143689814137,0.11965
YLR312W-A,MRPL15,"Mitochondrial Ribosomal Protein, Large subunit",-0.0376704130129107,0.03879
YIL098C,FMC1,Formation of Mitochondrial Complexes,-0.0379221582389499,0.04945
YDL202W,MRPL11,"Mitochondrial Ribosomal Protein, Large subunit",-0.0380942672805958,0.04499
YKL138C,MRPL31,"Mitochondrial Ribosomal Protein, Large subunit",-0.0385250465328415,0.06744
YGR021W,DPC29,Delta-Psi dependent mitochondrial import and Cleavage protein of ~29 kDa,-0.0385594712192416,0.04808
YFR053C,HXK1,HeXoKinase,-0.0386458045296752,0.00789
YNR037C,RSM19,Ribosomal Small subunit of Mitochondria,-0.038656698258066,0.05435
YPR166C,MRP2,Mitochondrial Ribosomal Protein,-0.0386611207857105,0.05211
YBR146W,MRPS9,"Mitochondrial Ribosomal Protein, Small subunit",-0.0390094076381401,0.05998
YBR268W,MRPL37,"Mitochondrial Ribosomal Protein, Large subunit",-0.0391122850030243,0.03919
YIL162W,SUC2,SUCrose,-0.0391316055297396,0.04762
YDR347W,MRP1,Mitochondrial Ribosomal Protein,-0.0392925074350857,0.03505
YMR158W,MRPS8,"Mitochondrial Ribosomal Protein, Small subunit",-0.039413325962475,0.0878
YHL004W,MRP4,Mitochondrial Ribosomal Protein,-0.0394577646700877,0.09829
YMR193W,MRPL24,"Mitochondrial Ribosomal Protein, Large subunit",-0.0395327336176115,0.046
YPL172C,COX10,Cytochrome c OXidase,-0.0395395934100938,0.0061
YEL050C,RML2,Ribosomal Mitochondrial Large,-0.0395425252363472,0.02727
YPL173W,MRPL40,"Mitochondrial Ribosomal Protein, Large subunit",-0.0399446784913461,0.01565
YPR047W,MSF1,"Mitochondrial aminoacyl-tRNA Synthetase, Phenylalanine (F)",-0.0400608871833281,0.06641
YDR175C,RSM24,Ribosomal Small subunit of Mitochondria,-0.0402553542316007,0.00982
YNL315C,ATP11,ATP synthase,-0.0402841074476877,0.09662
YKL195W,MIA40,Mitochondrial intermembrane space Import and Assembly,-0.0403583248177073,0.00451
YML009C,MRPL39,"Mitochondrial Ribosomal Protein, Large subunit",-0.040556088182026,0.1804
YOR150W,MRPL23,"Mitochondrial Ribosomal Protein, Large subunit",-0.0407704717155803,0.05626
YDR296W,MHR1,Mitochondrial Homologous Recombination,-0.0409439420187617,0.02722
YNL073W,MSK1,"Mitochondrial aminoacyl-tRNA Synthetase, lysine (K)",-0.0411158518942744,0.0638
YKR085C,MRPL20,"Mitochondrial Ribosomal Protein, Large subunit",-0.0417013480938297,0.20351
YBR185C,MBA1,Multi-copy Bypass of AFG3,-0.0417015494588862,0.23082
YDR316W,OMS1,OXA1 Multicopy Suppressor,-0.0417398827672584,0.02883
YMR157C,AIM36,Altered Inheritance rate of Mitochondria,-0.0420285327473561,0.10487
YCR003W,MRPL32,"Mitochondrial Ribosomal Protein, Large subunit",-0.0420341979693513,0.02676
YNL284C,MRPL10,"Mitochondrial Ribosomal Protein, Large subunit",-0.0421789361793699,0.031
YBR120C,CBP6,Cytochrome B Protein synthesis,-0.0421809897032924,0.10481
YKR006C,MRPL13,"Mitochondrial Ribosomal Protein, Large subunit",-0.0427331134196054,0.03819
YDR115W,MRX14,Mitochondrial oRganization of gene eXpression (MIOREX),-0.043552312397337103,0.00943
YJL096W,MRPL49,"Mitochondrial Ribosomal Protein, Large subunit",-0.0437707931448591,0.01563
YNL289W,PCL1,Pho85 CycLin,-0.0438871563934532,0.0545
YDR237W,MRPL7,"Mitochondrial Ribosomal Protein, Large subunit",-0.0439277324971577,0.02705
YKL087C,CYT2,CYTochrome-c1-heme-lyase,-0.0439482805494762,0.01728
YIL123W,SIM1,Start Independent of Mitosis,-0.0456979740479113,0.0402
YMR199W,CLN1,CycLiN,-0.0459057470913987,0.02819
YJL063C,MRPL8,"Mitochondrial Ribosomal Protein, Large subunit",-0.0463552861285987,0.02935
YMR305C,SCW10,Soluble Cell Wall protein,-0.0475245673770871,0.03336
YOR187W,TUF1,NA,-0.0476629327391564,0.01271
YNL037C,IDH1,Isocitrate DeHydrogenase,-0.0479363370713262,0.01974
YKR013W,PRY2,Pathogen Related in Yeast,-0.0485275261218079,0.0394
YOR136W,IDH2,Isocitrate DeHydrogenase,-0.0485771889970666,0.0618
YLR069C,MEF1,Mitochondrial Elongation Factor,-0.0485974823653907,0.02916
YLR439W,MRPL4,"Mitochondrial Ribosomal Protein, Large subunit",-0.0485980615604347,0.02254
YER070W,RNR1,RiboNucleotide Reductase,-0.0496288407268508,0.02749
YER058W,PET117,PETite colonies,-0.0498702381179734,0.02733
YPL163C,SVS1,Suppressor of Vanadate Sensitivity,-0.0501352252030668,0.02625
YML087C,AIM33,Altered Inheritance rate of Mitochondria,-0.0506714415769814,0.11287
YBL015W,ACH1,Acetyl CoA Hydrolase,-0.0506747212691001,0.04921
YLL009C,COX17,Cytochrome c OXidase,-0.0511524114869092,0.10453
YJR048W,CYC1,CYtochrome C,-0.052647059952172,0.04015
YGL068W,MNP1,Mitochondrial-Nucleoid Protein,-0.0529096475070393,0.0812
YIL070C,MAM33,Mitochondrial Acidic Matrix protein,-0.0565880625224708,0.02979
YOR248W,NA,NA,-0.0578254644928181,0.09629
YBL002W,HTB2,Histone h Two B,-0.0588184569351209,0.11029
YNL300W,TOS6,NA,-0.0595123808781494,0.01756
YNL333W,SNZ2,SNooZe,-0.0604496369931315,0.03467
YOR247W,SRL1,Suppressor of Rad53 null Lethality,-0.0644969624106826,0.04095
YOR247W,SRL1,Suppressor of Rad53 null Lethality,-0.0668070755993218,0.05119
