ID,Symbol,GeneTitle,Loading,p value
YDR256C,CTA1,CaTalase A,0.0716884048392515,0.08387
YCR010C,ADY2,Accumulation of DYads,0.0696067935384141,0.09151
YPL276W,NA,NA,0.0656025767003561,0.12259
YMR303C,ADH2,Alcohol DeHydrogenase,0.0653338289308536,0.10742
YGL205W,POX1,NA,0.0633619350679669,0.08289
YAL054C,ACS1,Acetyl CoA Synthetase,0.0631935312188861,0.0742
YKL187C,FAT3,FATty acid transporter 3,0.062315860668996,0.04908
YIL057C,RGI2,Respiratory growth induced,0.0621120099562041,0.04361
YIL160C,POT1,Peroxisomal Oxoacyl Thiolase,0.0607151730505055,0.07685
YPR001W,CIT3,CITrate synthase,0.0606324715646045,0.10016
YGR236C,SPG1,Stationary Phase Gene,0.0601413169960307,0.12682
YKR009C,FOX2,Fatty acid OXidation,0.0601356989700262,0.10086
YBR117C,TKL2,TransKetoLase,0.059345645375056,0.22297
YML042W,CAT2,Carnitine AcetylTransferase,0.0592229481414278,0.0689
YBR116C,NA,NA,0.0568955182374641,0.23492
YGR088W,CTT1,CaTalase T,0.0565238691315268,0.22089
YPR151C,SUE1,NA,0.055897150223259,0.06239
YPL147W,PXA1,PeroXisomal ABC-transporter,0.0558057098027628,0.06745
YOR388C,FDH1,Formate DeHydrogenase,0.0551328565039367,0.1237
YMR107W,SPG4,Stationary Phase Gene,0.0549838222762649,0.07002
YER121W,NA,NA,0.0549796701983392,0.05392
YPR006C,ICL2,IsoCitrate Lyase,0.0546294618763421,0.14811
YNL195C,NA,NA,0.0539177513597199,0.13427
YHR137W,ARO9,AROmatic amino acid requiring,0.0537947386358534,0.1142
YDL085W,NDE2,"NADH Dehydrogenase, External",0.0528206378554519,0.04329
YGR248W,SOL4,Suppressor Of Los1-1,0.0524676000181415,0.0869
YDL223C,HBT1,HuB1 Target,0.0520386446676183,0.21853
YDL222C,FMP45,Found in Mitochondrial Proteome,0.0514055722924068,0.21652
YDR384C,ATO3,Ammonia (Ammonium) Transport Outward,0.05027059488093,0.09295
YER054C,GIP2,Glc7-Interacting Protein,0.050129611205923,0.03123
YNL009W,IDP3,"Isocitrate Dehydrogenase, NADP-dependent",0.0501178703266927,0.0702
YNL194C,NA,NA,0.0497641544191302,0.05116
YML054C,CYB2,CYtochrome B,0.0496705405532427,0.05931
YDL204W,RTN2,ReTiculoN-like,0.0493784364113794,0.17353
YDL214C,PRR2,Pheromone Response Regulator,0.0491415778800805,0.05453
YPL201C,YIG1,Yeast protein Interacting with Glycerol 3-phosphatase,0.0488378043476708,0.18099
YMR175W,SIP18,Salt Induced Protein,0.0485491703025182,0.27638
YER015W,FAA2,Fatty Acid Activation,0.0483294257825023,0.08551
YKL164C,PIR1,Protein containing Internal Repeats,0.0465955022422187,0.21526
YGR043C,NQM1,Non-Quiescent Mutant,0.0465080147822162,0.12827
YLR284C,ECI1,Enoyl-CoA Isomerase,0.0464843464131396,0.07893
YNL014W,HEF3,Homolog of EF-3,0.0464358328207502,0.2632
YML128C,MSC1,Meiotic Sister-Chromatid recombination,0.0461920640828882,0.09837
YBR116C,NA,NA,0.0461861373280841,0.25568
YOL084W,PHM7,PHosphate Metabolism,0.0461747192508042,0.03199
YNL202W,SPS19,SPorulation-Specific,0.0457045598436303,0.04121
YKL188C,PXA2,PeroXisomal ABC-transporter,0.0456973720451224,0.08107
YMR323W,ERR3,Enolase-Related Repeat,0.0456388929934411,0.08267
YML100W,TSL1,Trehalose Synthase Long chain,0.0451033422196019,0.02263
YBL075C,SSA3,Stress-Seventy subfamily A,0.0445715898108612,0.32315
YOR348C,PUT4,Proline UTilization,0.0445366241617986,0.13698
YDR070C,FMP16,Found in Mitochondrial Proteome,0.044126671857639,0.1967
YHR087W,RTC3,Restriction of Telomere Capping,0.0437503383822209,0.17143
YDL110C,TMA17,Translation Machinery Associated,0.0423079028469785,0.01626
YOR374W,ALD4,ALdehyde Dehydrogenase,0.0419794681357654,0.09986
YOR173W,DCS2,DeCapping Scavenger,0.0417318089418475,0.01906
YOR273C,TPO4,Transporter of POlyamines,0.0413158322540941,0.1699
YKL217W,JEN1,NA,0.0410203839595727,0.04508
YIR016W,NA,NA,0.0409454440548715,0.02382
YGR052W,FMP48,Found in Mitochondrial Proteome,0.0407119487615789,0.06043
YLR258W,GSY2,Glycogen SYnthase,0.0406048004066892,0.03807
YAL061W,BDH2,NA,0.0402459866007534,0.10848
YFL014W,HSP12,Heat Shock Protein,0.0402285164791314,0.14041
YNR034W-A,EGO4,Exit from rapamycin-induced GrOwth arrest,0.0400557367432358,0.06245
YMR174C,PAI3,Proteinase A Inhibitor,0.0392943055140286,0.19664
YOR317W,FAA1,Fatty Acid Activation,0.0391300712678378,0.04903
YPR160W,GPH1,Glycogen PHosphorylase,0.0388004642917026,0.0434
YIL136W,OM45,Outer Membrane,0.038541413798142,0.0422
YPL223C,GRE1,Genes de Respuesta a Estres (spanish for stress responsive genes),0.038173403793269,0.32395
YKL026C,GPX1,Glutathione PeroXidase,0.0381520096832658,0.02529
YDR171W,HSP42,Heat Shock Protein,0.0379642485686145,0.07554
YGR127W,NA,NA,0.0378665115775399,0.02495
YLR178C,TFS1,cdc Twenty-Five Suppressor,0.0377712283151496,0.04621
YDR074W,TPS2,Trehalose-6-Phosphate Synthase/phosphatase,0.0374227302162492,0.03295
YMR322C,SNO4,SNZ proximal Open reading frame,0.0373929503046779,0.12224
YGR256W,GND2,6-phosphoGlucoNateDehydrogenase,0.0373896609163515,0.25284
YMR196W,NA,NA,0.0373887303107424,0.04792
YJR019C,TES1,ThioESterase,0.0373251441567805,0.16227
YIL124W,AYR1,1-AcyldihYdroxyacetone-phosphate Reductase,0.0373206545252317,0.05884
YGR008C,STF2,STabilizing Factor,0.0372858462077085,0.0335
YJR008W,MHO1,Memo HOmolog,0.0369407631648951,0.01817
YNL327W,EGT2,Early G1 Transcript,0.0366778864776265,0.30999
YMR169C,ALD3,ALdehyde Dehydrogenase,0.0366698367174661,0.13826
YIL101C,XBP1,XhoI site-Binding Protein,0.0363621368132514,0.0289
YPL004C,LSP1,Long chain bases Stimulate Phosphorylation,0.0361759160823312,0.01809
YLR070C,XYL2,NA,0.0356922601559042,0.01758
YLR149C,GID11,Glucose Induced Degradation deficient,0.0356842974096872,0.02544
YOR161C,PNS1,pH Nine Sensitive,0.0354612082045975,0.06514
YPR149W,NCE102,NonClassical Export,0.0353600431416634,0.04509
YAR035W,YAT1,NA,0.0352569232333196,0.07951
YPL186C,UIP4,Ulp1 Interacting Protein,0.0352451898360334,0.07011
YMR105C,PGM2,PhosphoGlucoMutase,0.0349911246353316,0.03279
YMR169C,ALD3,ALdehyde Dehydrogenase,0.0349416529470204,0.12583
YIL155C,GUT2,Glycerol UTilization,0.0348767805573783,0.02094
YDR223W,CRF1,Co-Repressor with FHL1,0.034835232427209,0.06785
YPL092W,SSU1,Sensitive to SUlfite,0.0347691111186509,0.09259
YOL126C,MDH2,Malate DeHydrogenase,0.0346324711829768,0.04741
YBR072W,HSP26,Heat Shock Protein,0.0346256704141684,0.20929
YPL113C,NA,NA,0.0345933650822807,0.04961
YML089C,NA,NA,0.0345883218381526,0.16918
YBR214W,SDS24,homolog of S. pombe SDS23,0.0345197667587621,0.0201
YNR002C,ATO2,Ammonia (Ammonium) Transport Outward,0.0344713054674861,0.10354
YEL057C,SDD1,Suppressor of Degenerative Death,0.0343085120626414,0.03701
YKL107W,NA,NA,0.0340208869130722,0.21201
YJL144W,ROQ1,Regulator Of Quality control,0.0337574049014404,0.17445
YBR169C,SSE2,Stress Seventy subfamily E,0.0337190595735595,0.24115
YPL230W,USV1,Up in StarVation,0.0337083657540155,0.10861
YBR126C,TPS1,Trehalose-6-Phosphate Synthase,0.033589478248942,0.02632
YHR096C,HXT5,HeXose Transporter,0.0334317737417134,0.1093
YKR076W,ECM4,ExtraCellular Mutant,0.0331245786168253,0.09448
YGR230W,BNS1,Bypasses Need for Spo12p,0.0330898286370464,0.09996
YGR067C,NA,NA,0.0330532726579504,0.30685
YKL091C,NA,NA,0.0328354388816046,0.03783
YER150W,SPI1,Stationary Phase Induced,0.0327249739556296,0.07994
YHL032C,GUT1,Glycerol UTilization,0.0326741350683491,0.10268
YLR205C,HMX1,HeMe oXygenase,0.0326215102646627,0.14817
YNL200C,NNR1,Nicotinamide Nucleotide Repair,0.0325445065668792,0.10381
YPR026W,ATH1,Acid TreHalase,0.0325135102740055,0.01962
YFR017C,IGD1,Inhibitor of Glycogen Debranching,0.0324489345299337,0.02898
YLR348C,DIC1,DIcarboxylate Carrier,0.0322076430134384,0.13715
YGR243W,MPC3,Mitochondrial Pyruvate Carrier,0.0321949496777698,0.11268
YKR067W,GPT2,Glycerol-3-Phosphate acylTransferase,0.0319998863034997,0.0821
YPR002W,PDH1,prpD Homolog,0.031789894318663,0.25495
YOR084W,LPX1,Lipase of PeroXisomes,0.0316432490728058,0.06064
YOL083W,ATG34,AuTophaGy related,0.031547613665534,0.07489
YMR031C,EIS1,EISosome,0.0314889488006263,0.02558
YPR184W,GDB1,Glycogen DeBranching,0.0312421990941036,0.03748
YJL163C,NA,NA,0.0312360602926651,0.04069
YJL089W,SIP4,SNF1-Interacting Protein,0.0311980287576375,0.0665
YGR086C,PIL1,Phosphorylation Inhibited by Long chain bases,0.0311479207539139,0.0335
YGL156W,AMS1,Alpha-MannoSidase,0.0311145664782605,0.08442
YFR015C,GSY1,Glycogen SYnthase,0.0310582280623849,0.16865
YKL151C,NNR2,Nicotinamide Nucleotide Repair,0.0308887452642455,0.04254
YBR280C,SAF1,SCF Associated Factor,0.0307879408978727,0.02789
YGL037C,PNC1,Pyrazinamidase and NiCotinamidase,0.0307793937112146,0.03771
YPL158C,AIM44,Altered Inheritance rate of Mitochondria,0.0307287598790008,0.19164
YJL164C,TPK1,Takashi's Protein Kinase,0.0305602280969812,0.04449
YBR230C,OM14,Outer Membrane Protein of 14 kDa,0.0305272717816972,0.01789
YGR044C,RME1,Regulator of MEiosis,0.0303998995117085,0.1566
YBR026C,ETR1,2-Enoyl Thioester Reductase,0.0303465688476351,0.08508
YJL045W,SDH9,Succinate DeHydrogenase,0.0303417600224157,0.30091
YJL217W,REE1,REgulation of Enolase,0.0303228618781856,0.18594
YEL011W,GLC3,GLyCogen,0.0302654496542123,0.05447
YCL040W,GLK1,GLucoKinase,0.0299098198742576,0.04731
YOR180C,DCI1,"delta(3,5)-delta(2,4)-Dienoyl-CoA Isomerase",0.029840572706684,0.06055
YNL160W,YGP1,Yeast GlycoProtein,0.0297885525771112,0.25489
YDR111C,ALT2,ALanine Transaminase,0.0295761795236947,0.16528
YLR174W,IDP2,"Isocitrate Dehydrogenase, NADP-specific",0.0294826880773047,0.08751
YIL107C,PFK26,6-PhosphoFructo-2-Kinase,0.0294816348591323,0.03532
YMR250W,GAD1,GlutAmate Decarboxylase,0.0293756504279038,0.1054
YGR146C,ECL1,Extends Chronological Lifespan,0.0292757447513772,0.04195
YJR096W,NA,NA,0.029221440106529,0.05531
YDR380W,ARO10,AROmatic amino acid requiring,0.0291193704498054,0.10323
YER024W,YAT2,NA,0.0291060413070097,0.14421
YLR109W,AHP1,Alkyl HydroPeroxide reductase,0.0290085517951177,0.09384
YPL036W,PMA2,Plasma Membrane ATPase,0.0289698478173184,0.30832
YLR312C,ATG39,AuTophaGy related,0.0289526110100733,0.03511
YLR327C,TMA10,Translation Machinery Associated,0.0289039471094468,0.07488
YBR285W,NA,NA,0.0288692511562837,0.16119
YNL115C,NA,NA,0.0287507857230672,0.07248
YOR120W,GCY1,Galactose-inducible Crystallin-like Yeast protein,0.0287214402424653,0.10802
YIL045W,PIG2,Protein Interacting with Gsy2p,0.0286910319338107,0.10837
YGR289C,MAL11,MALtose fermentation,0.0286720155085694,0.21285
YOL032W,OPI10,OverProducer of Inositol,0.0286261177361225,0.03876
YIR036C,IRC24,Increased Recombination Centers,0.0286251041338902,0.0705
YHR104W,GRE3,Genes de Respuesta a Estres (stress responsive genes),0.0284041304316384,0.03799
YJL048C,UBX6,UBiquitin regulatory X,0.0283203833535659,0.04799
YEL041W,YEF1,NA,0.0282968350725823,0.09931
YLR164W,SHH4,SDH4 Homolog,0.028140363482515,0.18431
YGR130C,NA,NA,0.0278907661469881,0.01223
YBR038W,CHS2,CHitin Synthase,0.02787483261778,0.2667
YMR110C,HFD1,Homolog of Fatty aldehyde Dehydrogenase,0.0278370945153928,0.06648
YBR149W,ARA1,D-ARAbinose dehydrogenase,0.0277699316815962,0.03734
YBR085C-A,NA,NA,0.0276620960612943,0.03295
YGR161C,RTS3,NA,0.027623996529604702,0.0939
YDR536W,STL1,Sugar Transporter-Like protein,0.0276042726377977,0.27642
YER103W,SSA4,Stress-Seventy subfamily A,0.027503148671949,0.26674
YJL153C,INO1,INOsitol requiring,0.0274912079844623,0.24241
YLR377C,FBP1,"Fructose-1,6-BisPhosphatase",0.0274224941942008,0.07799
YDR034W-B,NA,NA,0.0271760842956903,0.16622
YNR067C,DSE4,Daughter Specific Expression,0.0271433602550627,0.36436
YDR018C,NA,NA,0.0270906179342446,0.02093
YMR262W,NA,NA,0.0270750759662364,0.03208
YHR171W,ATG7,AuTophaGy related,0.0270684983429703,0.04793
YMR206W,NA,NA,0.0269465657140864,0.09625
YMR032W,HOF1,Homolog Of cdc Fifteen,0.02688396837319,0.2467
YML131W,NA,NA,0.0267287080470966,0.09589
YIR014W,VLD1,Vacuole Localized Dsc protein,0.0267224159988982,0.03028
YKR049C,FMP46,Found in Mitochondrial Proteome,0.0267184881437877,0.07218
YBR067C,TIP1,Temperature shock-Inducible Protein,0.0267096925367577,0.10413
YBR241C,VVS1,Vacuolar protein Vital for Stress response,0.0266221085900202,0.13422
YBR046C,ZTA1,ZeTA-crystallin,0.0266221055917573,0.09079
YNL173C,MDG1,Multicopy suppressor of Defective G-protein,0.0265945627822632,0.07574
YPL123C,RNY1,RiboNuclease from Yeast,0.0265677780284459,0.04834
YDR055W,PST1,Protoplasts-SecreTed,0.0265476560215503,0.30861
YKR058W,GLG1,Glycogenin-Like Gene,0.0265171328386655,0.03628
YMR118C,SHH3,SDH3 Homolog,0.0265027647707347,0.31426
YDR358W,GGA1,"Golgi-localized, Gamma-adaptin ear homology, Arf-binding protein",0.0264708281838007,0.04726
YBL078C,ATG8,AuTophaGy related,0.0264590433186056,0.03939
YIL113W,SDP1,Stress-inducible Dual specificity Phosphatase,0.02643703676401,0.04253
YMR297W,PRC1,PRoteinase C,0.0262524172013833,0.02942
YPL119C,DBP1,Dead Box Protein,0.0262410937933144,0.10672
YOR028C,CIN5,Chromosome INstability,0.0259812720076852,0.13252
YIL099W,SGA1,Sporulation-specific GlycoAmylase,0.0259298504504998,0.02293
YIL087C,AIM19,Altered Inheritance rate of Mitochondria,0.0258907526256217,0.03083
YLR438W,CAR2,Catabolism of ARginine,0.0258241201360174,0.13952
YOR100C,CRC1,CaRnitine Carrier,0.0257408319337309,0.33893
YGR142W,BTN2,BaTteN disease,0.025737299320976,0.26961
YDL022W,GPD1,Glycerol-3-Phosphate Dehydrogenase,0.0257308158333201,0.08479
YPL200W,CSM4,Chromosome Segregation in Meiosis,0.0256766591090928,0.13642
YOR185C,GSP2,Genetic Suppressor of Prp20-1,0.0256560972954668,0.04843
YGR205W,TDA10,Topoisomerase I Damage Affected,0.0255904103691458,0.08822
YBR056W,MRX18,Mitochondrial oRganization of gene eXpression (MIOREX),0.0255626756552772,0.04263
YJR094C,IME1,Inducer of MEiosis,0.0255581364910175,0.14824
YNL036W,NCE103,NonClassical Export,0.0254815058001862,0.05751
YPL203W,TPK2,Takashi's Protein Kinase,0.0254060536653463,0.03289
YNL270C,ALP1,NA,0.025315455631238,0.12807
YMR304W,UBP15,UBiquitin-specific Protease,0.0252866414154839,0.0447
YGL080W,MPC1,Mitochondrial Pyruvate Carrier,0.0252249402339103,0.06493
YOR383C,FIT3,Facilitator of Iron Transport,0.0250875103175292,0.11077
YLR108C,NA,NA,0.0250524647930517,0.08526
YOL154W,ZPS1,Zinc- and pH-regulated Surface protein,0.0250010038833775,0.08825
YMR103C,NA,NA,0.0249394219915414,0.07972
YBR045C,GIP1,Glc7-Interacting Protein,0.0248486183891952,0.13937
YPL054W,LEE1,NA,0.0248397583523048,0.0718
YLR270W,DCS1,DeCapping Scavenger,0.0248169466397722,0.025
YBR139W,ATG42,AuTophaGy,0.0247991449758291,0.03001
YLL026W,HSP104,Heat Shock Protein,0.0247660426118591,0.15444
YDL215C,GDH2,Glutamate DeHydrogenase,0.0246894554779551,0.0269
YHR140W,NA,NA,0.0246778956203153,0.04052
YMR325W,PAU19,seriPAUperin,0.0246662197241454,0.11313
YPL222W,FMP40,Found in Mitochondrial Proteome,0.0245466701305885,0.06055
YDL078C,MDH3,Malate DeHydrogenase,0.0245214905193904,0.03171
YOR328W,PDR10,Pleiotropic Drug Resistance,0.0245208561834298,0.25499
YNL274C,GOR1,GlyOxylate Reductase,0.0245062072305912,0.09486
YDL199C,NA,NA,0.0244805849778546,0.04171
YLR286C,CTS1,ChiTinaSe,0.0243272882801083,0.39347
YML004C,GLO1,GLyOxalase,0.024252138922372,0.03986
YLR345W,NA,NA,0.0242425438103962,0.04238
YDR077W,SED1,Suppression of Exponential Defect,0.0242086591111728,0.0939
YML075C,HMG1,3-Hydroxy-3-MethylGlutaryl-coenzyme a reductase,0.0242031265222687,0.05204
YDR204W,COQ4,COenzyme Q,0.0241789282024847,0.02611
YJR148W,BAT2,Branched-chain Amino acid Transaminase,0.0241694568636402,0.1192
YDL169C,UGX2,Unidentified Gene X,0.0241641435286133,0.06523
YDL174C,DLD1,D-Lactate Dehydrogenase,0.0241095991357574,0.20699
YBL064C,PRX1,PeroxiRedoXin,0.0240703809783652,0.03269
YIR041W,PAU15,seriPAUperin,0.0240151220618694,0.0908
YNL237W,YTP1,Yeast putative Transmembrane Protein,0.0239214745337097,0.03148
YOR215C,AIM41,Altered Inheritance of Mitochondria,0.0238968201395597,0.04517
YJR095W,SFC1,Succinate-Fumarate Carrier,0.0238470517572893,0.22483
YMR090W,NA,NA,0.0237154070371473,0.13587
YJL161W,FMP33,Found in Mitochondrial Proteome,0.0236834773284344,0.05101
YEL039C,CYC7,CYtochrome C,0.0236766654239995,0.0584
YGR247W,CPD1,Cyclic nucleotide PhosphoDiesterase,0.0235782450081463,0.14159
YDL179W,PCL9,Pho85 CycLin,0.0235515808340819,0.24746
YBR132C,AGP2,high-Affinity Glutamine Permease,0.0233470499491511,0.17187
YCR061W,TVS1,Transmembrane protein Vital for Stress response,0.0232596804178575,0.05669
YHR016C,YSC84,NA,0.02316208278398,0.06702
YOL155C,HPF1,Haze Protective Factor,0.0230520733175373,0.07903
YNL015W,PBI2,Proteinase B Inhibitor,0.0230445527189221,0.05627
YIL099W,SGA1,Sporulation-specific GlycoAmylase,0.0229783088998913,0.03375
YKL142W,MRP8,Mitochondrial Ribosomal Protein,0.0229747183532806,0.04294
YNL239W,LAP3,Leucine AminoPeptidases,0.0228883736196197,0.07191
YPL109C,CQD1,CoQ Distribution,0.0227900371493598,0.02687
YMR041C,ARA2,ARAbinose,0.022739510279294,0.06898
YGL010W,MPO1,Metabolism of PHS to Odd-numbered fatty acids,0.0227119648981586,0.07284
YDR085C,AFR1,Alpha-Factor Receptor regulator,0.0226723699867031,0.06615
YOR230W,WTM1,WD repeat containing Transcriptional Modulator,0.0226312921667401,0.08844
YFR053C,HXK1,HeXoKinase,0.0226118759689544,0.23337
YHL024W,RIM4,Regulator of IME2,0.02254905275598,0.09535
YHR106W,TRR2,ThioRedoxin Reductase,0.022485372298788,0.03846
YBR183W,YPC1,Yeast Phyto-Ceramidase,0.0224518119087811,0.09196
YLR356W,ATG33,AuTophaGy related,0.0224309182238463,0.12139
YAL028W,FRT2,Functionally Related to TCP1,0.0224210160154349,0.0424
YCR021C,HSP30,Heat Shock Protein,0.0223988046249267,0.38481
YGR254W,ENO1,ENOlase,0.022345637340071,0.1089
YOL151W,GRE2,Genes de Respuesta a Estres (stress responsive genes),0.0222953353433556,0.29534
YMR018W,PEX9,PEroXin,0.0222943816740414,0.14916
YCR061W,TVS1,Transmembrane protein Vital for Stress response,0.0222500997180649,0.04593
YOR264W,DSE3,Daughter Specific Expression,0.0222461905189403,0.31792
YOR178C,GAC1,Glycogen ACcumulation,0.0221712048151232,0.06991
YIL055C,NA,NA,0.0221710037909405,0.06745
YJL141C,YAK1,Yet Another Kinase,0.0221500091025533,0.03131
YLR251W,SYM1,Stress-inducible Yeast Mpv17,0.0221458989534777,0.04435
YPL240C,HSP82,Heat Shock Protein,0.0220569014131055,0.21323
YER004W,FMP52,Found in Mitochondrial Proteome,0.0219743452229059,0.10217
YLR311C,NA,NA,0.0219236884102718,0.06472
YPR182W,SMX3,NA,0.0219058094402788,0.06121
YDR513W,GRX2,GlutaRedoXin,0.0218961939726301,0.03398
YAL005C,SSA1,Stress-Seventy subfamily A,0.0218865012985669,0.13078
YOL110W,SHR5,Suppressor of Hyperactive Ras,0.0218777586514138,0.02317
YBR053C,NA,NA,0.0218706760929054,0.03954
YJR073C,OPI3,OverProducer of Inositol,0.0216544512482339,0.20809
YOR177C,MPC54,Meiotic Plaque Component,0.0216309658953662,0.04891
YFL013W-A,NA,NA,0.0216149752881793,0.17386
YCR004C,YCP4,NA,0.0216024078585997,0.04531
YOL048C,RRT8,Regulator of rDNA Transcription,0.0215861257475378,0.05122
YHL021C,AIM17,Altered Inheritance rate of Mitochondria,0.0215411974067924,0.26259
YNL098C,RAS2,homologous to RAS proto-oncogene,0.0214804783696705,0.16558
YPL277C,NA,NA,0.0214552779609715,0.12753
YKL100C,YPF1,Yeast Presenilin-like Family 1,0.0214544098097438,0.02685
YBR295W,PCA1,P-type Cation-transporting ATPase,0.0213941296111763,0.03595
YFL013W-A,NA,NA,0.0213502076683239,0.17644
YJR036C,HUL4,Hect Ubiquitin Ligase,0.0212832350482604,0.04879
YBR299W,MAL32,MALtose,0.0212529748210148,0.12152
YKL185W,ASH1,Asymmetric Synthesis of HO,0.0212524970325646,0.29277
YMR006C,PLB2,PhosphoLipase B,0.021226555692329,0.11839
YLR252W,NA,NA,0.0211516475268684,0.04125
YMR173W,DDR48,DNA Damage Responsive,0.0211125899261891,0.17871
YKL103C,APE1,AminoPeptidase,0.0210756355683606,0.0816
YOR227W,HER1,Hmg2p ER Remodeling,0.0210381957008109,0.05458
YJL057C,IKS1,NA,0.0210350198191507,0.03589
YHR161C,YAP1801,Yeast Assembly Polypeptide,0.0210308766387854,0.02461
YBR126W-A,MEO1,Mini ER ORF,0.0210283653806185,0.08382
YKL096W,CWP1,Cell Wall Protein,0.0210139513398116,0.18029
YHR097C,PAL2,Pears And Lemons,0.0209006643209493,0.06163
YJL066C,MPM1,Mitochondrial Peculiar Membrane protein,0.0207161567650422,0.13989
YPR150W,NA,NA,0.0206922811205787,0.0648
YEL060C,PRB1,PRoteinase B,0.0206742799884362,0.04367
YOL155C,HPF1,Haze Protective Factor,0.0206582616575618,0.08382
YDL019C,OSH2,OxySterol binding protein Homolog,0.0206260207725532,0.05593
YGR194C,XKS1,XyluloKinaSe,0.0205168876694628,0.2512
YOR134W,BAG7,NA,0.0205075170968074,0.07685
YKL224C,PAU16,seriPAUperin,0.020491392214418,0.11525
YGR053C,MCO32,Mitochondrial Class One protein of 32 kDa,0.0204408329307516,0.0599
YGL154C,LYS5,LYSine requiring,0.0204215958479608,0.11597
YGR244C,LSC2,Ligase of Succinyl-CoA,0.0204164750516383,0.16045
YKR046C,PLN1,PeriLipiN,0.0203847957184044,0.05393
YMR324C,NA,NA,0.0203716155624904,0.13834
YBR126W-A,MEO1,Mini ER ORF,0.0203402509507483,0.09382
YDL130W-A,STF1,STabilizing Factor,0.0203376434097473,0.07753
YLR151C,PCD1,Peroxisomal Coenzyme A Diphosphatase,0.0203348169864704,0.06609
YER053C,PIC2,PI Carrier,0.0202961126201328,0.08259
YOL147C,PEX11,PEroXin,0.0202893394088759,0.14545
YHR097C,PAL2,Pears And Lemons,0.0202819154150226,0.03966
YBR298C,MAL31,MALtose fermentation,0.0202636544312,0.10614
YBR158W,AMN1,Antagonist of Mitotic exit Network,0.02017687412765,0.32508
YKL035W,UGP1,UDP-glucose pyrophosphorylase,0.0201625027046944,0.21959
YHR008C,SOD2,SuperOxide Dismutase,0.0201052553836191,0.06406
YHR160C,PEX18,PEroXin,0.0201005146132005,0.06128
YKR075C,NA,NA,0.0200619884190521,0.31217
YBR269C,SDH8,Succinate DeHydrogenase,0.0199895941468037,0.04088
YJL210W,PEX2,PEroXin,0.0199571874407965,0.07434
YKL150W,MCR1,Mitochondrial NADH-Cytochrome b5 Reductase,0.0199371745025809,0.09381
YPL154C,PEP4,carboxyPEPtidase Y-deficient,0.0199226422209502,0.07094
YJL132W,NA,NA,0.019823112357992,0.0514
YIL158W,AIM20,Altered Inheritance rate of Mitochondria,0.0198216215008998,0.32234
YLL040C,VPS13,Vacuolar Protein Sorting,0.0198176452181444,0.08043
YPR193C,HPA2,Histone and other Protein Acetyltransferase,0.0197814190639894,0.11631
YER067C-A,NA,NA,0.0197452718297764,0.14971
YBR286W,APE3,AminoPEptidase,0.0197100685441986,0.05254
YLL023C,POM33,"POre Membrane, 33 kDa",0.0197020028318883,0.08494
YOR285W,RDL1,RhoDanese-Like protein,0.0196761908204109,0.06652
YMR104C,YPK2,Yeast Protein Kinase,0.0196136545597568,0.06305
YAL034C,FUN19,Function Unknown Now,0.0196088897434144,0.12489
YDR330W,UBX5,UBiquitin regulatory X,0.0195910133770102,0.04542
YOR142W,LSC1,Ligase of Succinyl-CoA,0.0195892856253602,0.17345
YML030W,RCF1,Respiratory superComplex Factor,0.0195518394585766,0.20602
YHR138C,NA,NA,0.0195082055438963,0.11026
YDR032C,PST2,Protoplasts-SecreTed,0.0194960436036009,0.07238
YOR054C,VHS3,Viable in a Hal3 Sit4 background,0.0194778247205927,0.02762
YPL135W,ISU1,IScU homolog,0.0194737105568494,0.11577
YOR289W,NA,NA,0.0194673832339674,0.07651
YHL045W,NA,NA,0.0194342375459814,0.18344
YAL005C,SSA1,Stress-Seventy subfamily A,0.0194049551858351,0.12414
YAL005C,SSA1,Stress-Seventy subfamily A,0.0193970494149669,0.11611
YOR027W,STI1,STress Inducible,0.01936937140175,0.20128
YLR219W,MSC3,Meiotic Sister-Chromatid recombination,0.0193430510312176,0.06318
YJL216C,IMA5,IsoMAltase,0.019280429767819,0.10394
YMR251W-A,HOR7,HyperOsmolarity-Responsive,0.0192385730136713,0.10278
YPR158W,CUR1,Curing of [URe3],0.0191581591989785,0.25037
YMR181C,NA,NA,0.0191494279710843,0.12648
YKL093W,MBR1,Mitochondrial Biogenesis Regulation,0.0191376969238673,0.09961
YBL067C,UBP13,UBiquitin-specific Protease,0.0190459297812113,0.07489
YMR053C,STB2,Sin Three Binding protein,0.0190446435109441,0.0543
YCL039W,GID7,Glucose Induced Degradation deficient,0.0190442508846876,0.0584
YGL028C,SCW11,Soluble Cell Wall protein,0.0190136798587933,0.36042
YDR525W-A,SNA2,Sensitivity to NA+,0.0190078907922515,0.04735
YDR146C,SWI5,SWItching deficient,0.018998093237857,0.25785
YAL049C,AIM2,Altered Inheritance rate of Mitochondria,0.0189716096712067,0.03264
YMR173W-A,NA,NA,0.0189591246322064,0.14697
YMR136W,GAT2,NA,0.0188694405886842,0.04143
YBR047W,FMP23,Found in Mitochondrial Proteome,0.0187715824496998,0.19398
YDR073W,SNF11,Sucrose NonFermenting,0.018738242842975,0.17946
YDL079C,MRK1,Mds1p Related Kinase,0.018706518862522,0.34955
YJL052W,TDH1,Triose-phosphate DeHydrogenase,0.0187028263153385,0.14925
YPL003W,ULA1,Ubiquitin-Like protein Activation,0.0186893760619564,0.08885
YJR149W,NA,NA,0.0186828086415621,0.11649
YER084W,NA,NA,0.018632862219619,0.09371
YIR038C,GTT1,GlutaThione Transferase,0.0186115183999542,0.2061
YLR454W,FMP27,Found in Mitochondrial Proteome,0.0185802774323854,0.0684
YIL033C,BCY1,Bypass of CYclic-AMP requirement,0.0185643291784084,0.04043
YDL124W,NA,NA,0.018555246009979,0.07195
YBR212W,NGR1,Negative Growth Regulatory protein,0.0185141085570535,0.03905
YKR093W,PTR2,Peptide TRansport,0.0185002482594976,0.21232
YJL137C,GLG2,Glycogenin-Like Gene,0.0184904988932762,0.05375
YMR036C,MIH1,Mitotic Inducer Homolog,0.018447096196304,0.15209
YOR152C,ATG40,AuTophaGy related,0.0184339661631314,0.04927
YDR059C,UBC5,UBiquitin-Conjugating,0.0183645953145657,0.06714
YCL042W,NA,NA,0.0182978683365914,0.16102
YLL039C,UBI4,Ubiquitin,0.0182938743000992,0.06352
YDR258C,HSP78,Heat Shock Protein,0.0182658880247442,0.10645
YPL171C,OYE3,Old Yellow Enzyme,0.0182030010968463,0.27866
YMR291W,TDA1,Topoisomerase I Damage Affected,0.018201773819033,0.08368
YKR091W,SRL3,Suppressor of rad53 Lethality,0.0181881496574712,0.21475
YCR104W,PAU3,seriPAUperin family,0.0181803626871969,0.11279
YFL011W,HXT10,HeXose Transporter,0.0181604208414529,0.12485
YPR098C,TMH18,TMem205 Homolog of 18 kDa,0.0181577030582362,0.06368
YDR214W,AHA1,Activator of Heat shock protein 90 ATPase,0.0181166589366616,0.19449
YMR315W,NA,NA,0.0180960088377814,0.15405
YNL125C,ESBP6,NA,0.0180897375552525,0.08201
YGL121C,GPG1,G Protein Gamma,0.0180783584195204,0.23597
YER067W,RGI1,Respiratory Growth Induced,0.0180647044235625,0.2392
YLR080W,EMP46,NA,0.0180618936770054,0.0714
YJL078C,PRY3,Pathogen Related in Yeast,0.0180428842097377,0.33053
YAL017W,PSK1,Pas domain-containing Serine/threonine protein Kinase,0.0180373798369609,0.05145
YGL227W,VID30,Vacuolar Import and Degradation,0.0179802438125453,0.07572
YBR090C,NA,NA,0.0178896405186469,0.13558
YJR104C,SOD1,SuperOxide Dismutase,0.017875738241291,0.07541
YFL007W,BLM10,BLeoMycin resistance,0.0178489220460354,0.19119
YHR075C,PPE1,Phosphoprotein Phosphatase methylEsterase,0.017790532731818,0.04705
YIL105C,SLM1,Synthetic Lethal with Mss4,0.0177669433173035,0.08365
YEL012W,UBC8,UBiquitin-Conjugating,0.0177280076075792,0.06425
YPL247C,NA,NA,0.0177188905031049,0.05814
YLR267W,BOP2,Bypass Of Pam1,0.0177136226342939,0.07446
YLR131C,ACE2,Activator of CUP1 Expression,0.0176864505930252,0.25662
YMR139W,RIM11,Regulator of IME2,0.017677831310823,0.05742
YHR143W,DSE2,Daughter Specific Expression,0.0176247898446525,0.41531
YBR054W,YRO2,NA,0.0176192685591534,0.41541
YDL046W,NPC2,Niemann Pick type C homolog,0.0175813717912372,0.0358
YIR039C,YPS6,YaPSin,0.0175461126247601,0.10593
YCR091W,KIN82,protein KINase,0.0175376385685583,0.06227
YJL199C,MBB1,NA,0.0175301648078662,0.06276
YAL060W,BDH1,Butanediol DeHydrogenase,0.0174989776112558,0.2253
YPR172W,NA,NA,0.0174385564852392,0.04271
YBR001C,NTH2,Neutral TreHalase,0.0174095951075161,0.05956
YOL082W,ATG19,AuTophaGy related,0.017309932036565098,0.05208
YGR250C,RIE1,Restoration of Impaired growths of ERMES-lacking cells,0.0172650641023962,0.07492
YIL100C-A,NA,NA,0.0172579628894057,0.13342
YBR071W,NA,NA,0.0172491619474608,0.17214
YDL238C,GUD1,GUanine Deaminase,0.0172484122084512,0.04639
YIL077C,RCI37,Respiratory Chain Interacting protein of ~37 kDa,0.0171947544459919,0.03856
YJR044C,VPS55,Vacuolar Protein Sorting,0.0171802723724031,0.053900000000000003
YOL150C,NA,NA,0.017174982030404,0.2431
YLR216C,CPR6,Cyclosporin-sensitive Proline Rotamase,0.0171739461256094,0.21858
YPR155C,NCA2,Nuclear Control of ATPase,0.0171377198732989,0.07007
YKR066C,CCP1,Cytochrome c Peroxidase,0.0170505401556535,0.08063
YJL185C,ATG36,AuTophaGy related,0.0169946413079045,0.07538
YBR128C,ATG14,AuTophaGy related,0.0169883120610647,0.06774
YDR100W,TVP15,Tlg2-Vesicle Protein,0.0169051259146241,0.168
YJL052W,TDH1,Triose-phosphate DeHydrogenase,0.0168583338527073,0.14364
YMR246W,FAA4,Fatty Acid Activation,0.016840802924001,0.11613
YOR363C,PIP2,Peroxisome Induction Pathway,0.0168266511819193,0.09672
YPL250C,ATG41,AuTophaGy related,0.016813105827034,0.30225
YGR174C,CBP4,Cytochrome B mRNA Processing,0.0168125687896143,0.26814
YGR154C,GTO1,Glutathione Transferase Omega-like,0.0167828713212795,0.09628
YGL250W,RMR1,Reduced Meiotic Recombination,0.0167647104237659,0.03742
YGL007W,BRP1,NA,0.0167192627704726,0.15883
YBL086C,NA,NA,0.0166936516811623,0.0372
YNL305C,BXI1,BaX Inhibitor,0.0166646331786028,0.0558
YDR343C,HXT6,HeXose Transporter,0.0166466243033338,0.08434
YKL065C,YET1,Yeast Endoplasmic reticulum Transmembrane protein,0.0166371637962518,0.05722
YOL071W,SDH5,Succinate DeHydrogenase,0.0166322930581998,0.17105
YGR019W,UGA1,Utilization of GAba,0.0166302956029283,0.06022
YLR352W,LUG1,Lets [URE3]/ure2 Grow,0.0166154401394115,0.06161
YMR017W,SPO20,SPOrulation,0.0165681031199648,0.04272
YBR018C,GAL7,GALactose metabolism,0.0165549832219997,0.12792
YBR006W,UGA2,Utilization of GAba,0.0165432547232556,0.05741
YGR149W,GPC1,GlyceroPhosphoCholine acyltransferase,0.0165164688999443,0.06479
YBR137W,NA,NA,0.0165020762638193,0.10634
YLR446W,NA,NA,0.0164943747446253,0.13872
YDR196C,CAB5,NA,0.0164941995647878,0.05344
YOL038C-A,NA,NA,0.0164920721814387,0.15125
YKL171W,NNK1,Nitrogen Network Kinase,0.0164751894103101,0.06538
YNR034W,SOL1,Suppressor Of Los1-1,0.0164567492496692,0.07652
YML008C,ERG6,ERGosterol biosynthesis,0.0164376210778602,0.05909
YMR114C,NA,NA,0.0164363740383464,0.02949
YBR006W,UGA2,Utilization of GAba,0.0163992851238388,0.09409
YNL078W,NIS1,Neck protein Interacting with Septins,0.0163933813771773,0.24928
YOR298C-A,MBF1,Multiprotein Bridging Factor,0.0163920410633018,0.14573
YMR031W-A,NA,NA,0.0163654466305643,0.12339
YLR152C,NA,NA,0.0163222557306841,0.14985
YDR246W,TRS23,TRapp Subunit,0.016322119565139,0.06284
YPL017C,IRC15,Increased Recombination Centers,0.0162855240337598,0.04392
YML110C,COQ5,COenzyme Q,0.0162672472597461,0.11929
YOR019W,NA,NA,0.0162531229961829,0.1309
YOR186W,NA,NA,0.0162018619171065,0.15296
YFL062W,COS4,COnserved Sequence,0.0161795034570437,0.07353
YML101C,CUE4,Coupling of Ubiquitin conjugation to ER degradation,0.0161548954153404,0.06278
YAL030W,SNC1,Suppressor of the Null allele of CAP,0.0161272764931155,0.05219
YCL033C,MXR2,peptide Methionine sulfoXide Reductase,0.0161106664442887,0.06949
YNL208W,NA,NA,0.0160765186671581,0.09766
YDR247W,VHS1,Viable in a Hal3 Sit4 background,0.0160741710671589,0.05788
YDR154C,NA,NA,0.0160151019304539,0.12944
YDR516C,EMI2,Early Meiotic Induction,0.0160101477562312,0.32255
YMR160W,NA,NA,0.0159785403013063,0.05231
YLR053C,NA,NA,0.0159727165686156,0.32635
YNL092W,NA,NA,0.0159572570082085,0.08926
YBL101C,ECM21,ExtraCellular Mutant,0.0159539602449476,0.09489
YDR003W,RCR2,Resistance to Congo Red,0.0159521808211939,0.04025
YDL020C,RPN4,Regulatory Particle Non-ATPase,0.0159392300442467,0.17993
YNL058C,NA,NA,0.0158910644034581,0.26182
YLR093C,NYV1,New Yeast V-SNARE,0.0158713323357842,0.03904
YKL163W,PIR3,Protein containing Internal Repeats,0.0158254687681999,0.34337
YNL013C,NA,NA,0.0158235357861154,0.19433
YCR030C,SYP1,Suppressor of Yeast Profilin deletion,0.015797537219853,0.04443
YOL060C,MAM3,NA,0.0157733791730262,0.06302
YMR245W,NA,NA,0.0156990752570711,0.11256
YDR512C,EMI1,Early Meiotic Induction,0.0156834248122486,0.03677
YDR329C,PEX3,PEroXin,0.0156645784657776,0.03657
YDL239C,ADY3,Accumulation of DYads,0.0156573588030857,0.06722
YJR115W,NA,NA,0.0156495871273727,0.16798
YGL209W,MIG2,Multicopy Inhibitor of GAL gene expression,0.0156462462370735,0.0732
YML028W,TSA1,Thiol-Specific Antioxidant,0.0155982149517109,0.07821
YDR154C,NA,NA,0.015567269240073,0.10047
YLR450W,HMG2,3-Hydroxy-3-MethylGlutaryl-coenzyme a reductase,0.0155651191263151,0.08508
YOR086C,TCB1,Three Calcium and lipid Binding domains (TriCalBins),0.0155599057798111,0.05417
YGL006W,PMC1,Plasma Membrane Calcium,0.0155545596084666,0.04588
YFR003C,YPI1,Yeast Phosphatase Inhibitor,0.0155491496429077,0.04606
YJR085C,TMH11,TMem14 Homolog of 11 kDa,0.0155284365683413,0.05245
YPL061W,ALD6,ALdehyde Dehydrogenase,0.0155207358474661,0.23282
YJL068C,NA,NA,0.015491480749095,0.06672
YOR228C,MCP1,Mdm10 Complementing Protein,0.0154611178722896,0.04974
YGL059W,PKP2,Protein Kinase of PDH,0.0154535151732877,0.07827
YAL030W,SNC1,Suppressor of the Null allele of CAP,0.0154472021054096,0.05111
YGL161C,YIP5,Ypt-Interacting Protein,0.0154390553942586,0.12108
YDR435C,PPM1,Protein Phosphatase Methyltransferase,0.015424212568231,0.05749
YDR294C,DPL1,Dihydrosphingosine Phosphate Lyase,0.0154062319581867,0.04983
YGR070W,ROM1,RhO1 Multicopy suppressor,0.0153472051879658,0.09159
YDR155C,CPR1,Cyclosporin A-sensitive Proline Rotamase,0.0153406903154033,0.16447
YNR001C,CIT1,CITrate synthase,0.0152895876946621,0.28428
YDR357C,CNL1,CNo-Like,0.0152667832982372,0.06458
YGL180W,ATG1,AuTophaGy related,0.0152562280741267,0.18966
YHR190W,ERG9,ERGosterol biosynthesis,0.0152211763760722,0.1133
YDL234C,GYP7,Gtpase-activating protein for Ypt7 Protein,0.0152114289501345,0.0322
YIL042C,PKP1,Protein Kinase of PDH,0.0152067762375194,0.07906
YMR197C,VTI1,Vps10 (Ten) Interacting,0.015200983767007,0.07185
YIL120W,QDR1,QuiniDine Resistance,0.0151868842069766,0.19298
YLR281C,RSO55,mitochondrial protein Related to Spastic paraplegia with Optic atrophy and neuropathy SPG55,0.0151670141725104,0.06074
YDL218W,NA,NA,0.0151168185246449,0.23557
YOL096C,COQ3,COenzyme Q,0.0150880075378092,0.17861
YER066W,RRT13,Regulator of rDNA Transcription,0.0150852956678963,0.07687
YGR254W,ENO1,ENOlase,0.0150726562793823,0.18455
YAL008W,FUN14,Function Unknown Now,0.0150664499529342,0.08612
YEL017W,GTT3,GlutaThione Transferase,0.0150536327917924,0.11894
YGL104C,VPS73,Vacuolar Protein Sorting,0.0150371683603119,0.07843
YOL065C,INP54,INositol polyphosphate 5-Phosphatase,0.0150296071864619,0.06622
YCR012W,PGK1,3-PhosphoGlycerate Kinase,0.0150286668471828,0.16138
YNL134C,NA,NA,0.015025354795581,0.26308
YPL257W,NA,NA,0.0150213621218531,0.04967
YBR076W,ECM8,ExtraCellular Mutant,0.0150096880556294,0.0902
YNL066W,SUN4,Sim1 Uth1 Nca3,0.0149842061848759,0.4033
YHR080C,LAM4,Lipid transfer protein Anchored at Membrane contact sites,0.0149818533598971,0.03113
YDR293C,SSD1,Suppressor of SIT4 Deletion,0.014926712675197,0.0577
YFL030W,AGX1,Alanine:Glyoxylate aminotrans(X)ferase,0.0149048271521122,0.26172
YMR030W,RSF1,ReSpiration Factor,0.0149018768390875,0.1072
YJL142C,IRC9,Increased Recombination Centers,0.0148972223439375,0.10945
YDR313C,PIB1,PhosphatidylInositol(3)-phosphate Binding,0.0148942499893269,0.1042
YDR202C,RAV2,Regulator of (H+)-ATPase in Vacuolar membrane,0.014881355526457,0.03815
YPR028W,YOP1,YIP One Partner,0.0148654875955017,0.05047
YNL117W,MLS1,MaLate Synthase,0.0148635893508637,0.28402
YOR042W,CUE5,Coupling of Ubiquitin conjugation to ER degradation,0.0148292686339421,0.04064
YLR218C,COA4,Cytochrome Oxidase Assembly factor,0.0148201429319783,0.34887
YLR349W,NA,NA,0.0148178430199979,0.10793
YDR122W,KIN1,KINase,0.0148175715006062,0.06838
YMR191W,SPG5,Stationary Phase Gene,0.0147989673548519,0.0895
YIL086C,NA,NA,0.01479864193264,0.10302
YOR386W,PHR1,PHotoreactivation Repair deficient,0.0147851021715154,0.08824
YER124C,DSE1,Daughter Specific Expression,0.0147352521769789,0.36315
YOR018W,ROD1,Resistance to O-Dinitrobenzene,0.0147282030217405,0.07399
YJL020C,BBC1,Bni1 synthetic lethal and Bee1 (las17) Complex member,0.0147117952854872,0.05689
YKL210W,UBA1,UBiquitin Activating,0.014675467721353,0.08204
YKL193C,SDS22,homolog of S. pombe SDS22,0.014671547998279,0.05858
YNL055C,POR1,PORin,0.0146505928842383,0.15863
YIL017C,VID28,Vacuolar Import and Degradation,0.0146269893728599,0.06875
YER119C,AVT6,Amino acid Vacuolar Transport,0.0146249480895169,0.08225
YLR399C,BDF1,BromoDomain Factor,0.0146029636159526,0.1436
YMR170C,ALD2,ALdehyde Dehydrogenase,0.0145949538891348,0.07154
YJR103W,URA8,URAcil requiring,0.0145551793904445,0.07633
YDL072C,YET3,Yeast Endoplasmic reticulum Transmembrane protein,0.0145399930359818,0.05913
YOL129W,VPS68,Vacuolar Protein Sorting,0.0145207269181998,0.14221
YDL123W,SNA4,Sensitivity to NA+,0.0145132484759488,0.08582
YOR223W,DSC3,Defective for SREBP Cleavage,0.0144931612274299,0.10208
YLR201C,COQ9,COenzyme Q,0.0144890342715251,0.05073
YOL026C,MIM1,Mitochondrial IMport,0.0144775591194174,0.06147
YMR271C,URA10,URAcil requiring,0.0144635236714889,0.08226
YBL065W,NA,NA,0.0144552465169402,0.13465
YDR306C,PFU1,"Pheromone, F-box, Ubiquitination",0.0144309998608495,0.05294
YFR044C,DUG1,Deficient in Utilization of Glutathione,0.01441767930089,0.09719
YFL054C,AQY3,AQuaporin from Yeast,0.0144009148092041,0.30168
YGL021W,ALK1,NA,0.0143988472979198,0.31927
YGR295C,COS6,COnserved Sequence,0.0143877472830424,0.10021
YDL181W,INH1,INHibitor (of F1F0-ATPase),0.0143738431542993,0.26419
YOR347C,PYK2,PYruvate Kinase,0.0143532993735485,0.20398
YHR209W,CRG1,Cantharidin Resistance Gene,0.0143496879594738,0.08929
YDR276C,PMP3,Plasma Membrane Proteolipid,0.0143277134169085,0.08301
YNR007C,ATG3,AuTophaGy related,0.0143263259326953,0.06817
YJL221C,IMA4,IsoMAltase,0.0143104799712966,0.19423
YGL116W,CDC20,Cell Division Cycle,0.0142917347162575,0.08323
YDR096W,GIS1,GIg1-2 Suppressor,0.0142871655512576,0.08677
YGL208W,SIP2,SNF1-Interacting Protein,0.0142867847440322,0.21946
YOR003W,YSP3,Yeast Subtilisin-like Protease III,0.0142815793162359,0.20228
YGR284C,ERV29,ER Vesicle,0.0142684878298623,0.12888
YHR202W,NA,NA,0.0142402998146475,0.07883
YHR139C-A,NA,NA,0.0142318074903225,0.17517
YMR152W,YIM1,NA,0.0141592678813817,0.04658
YGR203W,YCH1,Yeast Cdc25 Homolog,0.014149657900174,0.05872
YDR411C,DFM1,Der1-like Family Member,0.0141432587334677,0.09211
YDL023C,NA,NA,0.014135149112189,0.13664
YER096W,SHC1,Sporulation-specific Homolog of CSD4,0.0141312377458662,0.36687
YDL125C,HNT1,Histidine triad NucleoTide-binding,0.0141199681218139,0.06059
YJL067W,NA,NA,0.0141123967350512,0.13641
YJR059W,PTK2,Putative serine/Threonine protein Kinase,0.0141116930613553,0.12543
YPR127W,NA,NA,0.0141086197634273,0.20905
YMR140W,SIP5,Snf1 Interacting Protein,0.014107606553313,0.08724
YGR192C,TDH3,Triose-phosphate DeHydrogenase,0.0140922749938159,0.15143
YJR037W,NA,NA,0.01408544932388,0.13015
YJR039W,MLO127,Mitochondrially LOcalized protein of 127 kDa,0.0140318363380635,0.0612
YNL045W,LAP2,Leucine AminoPeptidases,0.014010874018221,0.09131
YDL125C,HNT1,Histidine triad NucleoTide-binding,0.0139934850055501,0.06203
YCR018C,SRD1,NA,0.0139725535402027,0.18692
YHR047C,AAP1,Arginine/alanine AminoPeptidase,0.0139633959485541,0.07356
YPL170W,DAP1,DAmage resistance Protein,0.0139451332343687,0.1764
YDR436W,PPZ2,Protein Phosphatase Z,0.0139239155272114,0.03802
YJL036W,SNX4,Sorting NeXin,0.0139195924253001,0.059
YKL149C,DBR1,DeBRanching,0.0139167122526351,0.07106
YML052W,SUR7,SUppressor of Rvs167 mutation,0.0139002851064559,0.33744
YDL079C,MRK1,Mds1p Related Kinase,0.0138950362401554,0.32162
YIL036W,CST6,Chromosome STability,0.0138837447602077,0.05653
YML126C,ERG13,ERGosterol biosynthesis,0.0138826420232512,0.09087
YHR152W,SPO12,SPOrulation,0.0138803543420943,0.2246
YIL097W,FYV10,Function required for Yeast Viability,0.0138743120893445,0.05372
YIR037W,HYR1,HYdroperoxide Resistance,0.0138670681235333,0.25426
YPL196W,OXR1,OXidation Resistance,0.0138659658480855,0.05983
YOL081W,IRA2,Inhibitory Regulator of the RAS-cAMP pathway,0.0138615124708827,0.23121
YDR368W,YPR1,Yeast Putative Reductase,0.013853000947043,0.1365
YBR043C,QDR3,QuiniDine Resistance,0.0138467246433165,0.08741
YLR290C,COQ11,COenzyme Q,0.0138407647610286,0.11889
YOR392W,NA,NA,0.0138163658559898,0.10457
YBR168W,PEX32,PEroXisome related,0.013803310693973,0.0976
YPR008W,HAA1,Homolog of Ace1 Activator,0.0137964783026494,0.06672
YDR342C,HXT7,HeXose Transporter,0.0137658433144473,0.11978
YLR297W,NA,NA,0.0137602533459626,0.24978
YOL123W,HRP1,Heterogenous nuclear RibonucleoProtein,0.0137447148706283,0.2465
YNR019W,ARE2,Acyl-coenzyme A: cholesterol acyl transferase-Related Enzyme,0.0137293891925488,0.15958
YMR186W,HSC82,NA,0.013725169229434,0.15347
YPL166W,ATG29,AuTophaGy related,0.013718310563628,0.0963
YHR150W,PEX28,PEroXisome related,0.0137130557002891,0.09054
YBR059C,AKL1,Ark family Kinase-Like protein,0.0137021602220449,0.05801
YMR148W,LDO16,LD Organization protein of 16kD,0.0137014434510559,0.14011
YBL102W,SFT2,Suppressor of sed Five Ts,0.013688576692434,0.1075
YLL041C,SDH2,Succinate DeHydrogenase,0.0136786329912905,0.25024
YKL124W,SSH4,Suppressor of SHr3 deletion,0.0136648741049985,0.06648
YFL042C,LAM5,Lipid transfer protein Anchored at Membrane contact site,0.0136518733163082,0.06243
YDL049C,KNH1,Kre9(Nine) Homolog,0.013635924346084,0.24694
YOR162C,YRR1,Yeast Reveromycin-A Resistant,0.0136357598998101,0.12907
YDL086W,NA,NA,0.0136300084259139,0.10206
YER026C,CHO1,CHOline requiring,0.0136163732518441,0.33541
YNL077W,APJ1,Anti-Prion DnaJ,0.0135821540525828,0.13238
YNL335W,DDI3,DNA Damage Inducible,0.0135049681032297,0.30095
YER141W,COX15,Cytochrome c OXidase,0.0135028656511348,0.28546
YCL038C,ATG22,AuTophaGy related,0.0135006188602769,0.16948
YGL053W,PRM8,Pheromone-Regulated Membrane protein,0.0134916085521616,0.05654
YJR126C,VPS70,Vacuolar Protein Sorting,0.0134885280705551,0.05895
YLR228C,ECM22,ExtraCellular Mutant,0.0134300353471066,0.08141
YGL081W,NA,NA,0.0134113443047139,0.11855
YJL155C,FBP26,Fructose BisPhosphatase,0.0134036568433621,0.05484
YOR220W,RCN2,Regulator of CalciNeurin,0.0134013446785085,0.07242
YIR017W-A,NA,NA,0.0133532024605215,0.18798
YER079W,NA,NA,0.0133507114204395,0.05433
YDR244W,PEX5,PEroXin,0.0133504412121177,0.23047
YKR018C,NA,NA,0.0133458948189019,0.0656
YPL152W,RRD2,Resistant to Rapamycin Deletion,0.0133403871361503,0.0522
YLR102C,APC9,Anaphase Promoting Complex,0.0133332652908488,0.04884
YBR050C,REG2,REsistance to Glucose repression,0.013281812005314,0.13039
YGR266W,NA,NA,0.0132716356736494,0.09442
YOR036W,PEP12,carboxyPEPtidase Y-deficient,0.0132409105610365,0.04738
YOL087C,DUF1,DUB-associated Factor 1,0.0132390031778263,0.08375
YJR020W,NA,NA,0.0132046496035991,0.1535
YER136W,GDI1,GDP Dissociation Inhibitor,0.0131988835935412,0.04999
YDR216W,ADR1,Alcohol Dehydrogenase II synthesis Regulator,0.0131974186663768,0.28652
YER044C,ERG28,ERGosterol biosynthesis,0.0131969065966515,0.12995
YCR079W,PTC6,Phosphatase Two C,0.013194483748548499,0.04254
YGL153W,PEX14,PEroXisome related,0.013184935641305,0.10478
YMR085W,NA,NA,0.0131693853192553,0.05798
YLL015W,BPT1,Bile Pigment Transporter,0.0131553340271579,0.07304
YER030W,CHZ1,Chaperone for Htz1/H2A-H2B dimer,0.0131510621909934,0.11107
YCR083W,TRX3,ThioRedoXin,0.0131060369487955,0.15825
YCR075C,ERS1,ERd Suppressor,0.0130995189685529,0.12035
YDR255C,RMD5,Required for Meiotic nuclear Division,0.0130979652115317,0.06823
YJL001W,PRE3,PRoteinase yscE,0.0130684196124521,0.12847
YNL007C,SIS1,SIt4 Suppressor,0.0130511445464149,0.25375
YKL086W,SRX1,SulfiRedoXin,0.0130481743361773,0.08699
YEL035C,UTR5,Unidentified TRanscript,0.0130421113060155,0.11571
YKL097C,NA,NA,0.0130112871424895,0.16625
YLR079W,SIC1,Substrate/Subunit Inhibitor of Cyclin-dependent protein kinase,0.0130017272515504,0.26364
YNL071W,LAT1,NA,0.0129872747870533,0.08145
YMR258C,ROY1,Repressor Of Ypt52,0.012986527064783,0.10411
YMR087W,PDL32,Protein of Dual Localization of 32 kDa,0.0129726566039129,0.08158
YIL153W,RRD1,Resistant to Rapamycin Deletion,0.0129353104732967,0.13231
YGL259W,YPS5,YaPSin,0.0129126993947786,0.14513
YPL277C,NA,NA,0.0129116496216417,0.17748
YJR099W,YUH1,Yeast Ubiquitin Hydrolase,0.0129094670909249,0.07599
YCR073W-A,SOL2,Suppressor Of Los1-1,0.0128997222176628,0.0794
YMR165C,PAH1,Phosphatidic Acid phosphoHydrolase,0.012890477432969,0.02739
YLR370C,ARC18,ARp2/3 Complex subunit,0.0128775686368828,0.12708
YNL321W,VNX1,Vacuolar Na+/H+ eXchanger,0.0128543692870389,0.14267
YDL021W,GPM2,Glycerate PhosphoMutase,0.0128076483265559,0.13862
YCR013C,NA,NA,0.0127903719208316,0.16286
YGR209C,TRX2,ThioRedoXin,0.012769115278561,0.07132
YKL050C,NA,NA,0.0127536252535968,0.17892
YOR268C,NA,NA,0.0127327741659248,0.19995
YLR346C,CIS1,CItrinin Sensitive knockout,0.0127270455735707,0.33239
YBR024W,SCO2,Suppressor of Cytochrome Oxidase deficiency,0.0127199962961099,0.238
YDL113C,ATG20,AuTophaGy related,0.0127091904521247,0.05856
YNL196C,SLZ1,NA,0.0126940448982042,0.09222
YER143W,DDI1,DNA Damage Inducible,0.0126765569740689,0.0611
YMR261C,TPS3,Trehalose Phosphate Synthase,0.0126755830804243,0.198
YDR173C,ARG82,ARGinine requiring,0.0126077853500768,0.17231
YER066C-A,NA,NA,0.0125999329770399,0.21283
YDR133C,NA,NA,0.0125942515225517,0.2573
YLR411W,CTR3,Copper TRansport,0.0125789666123154,0.16508
YIL059C,NA,NA,0.012572035778882,0.16223
YBR157C,ICS2,Increased Copper Sensitivity,0.0125684185796948,0.19814
YGR132C,PHB1,ProHiBitin,0.0125601777203576,0.23185
YDL137W,ARF2,ADP-Ribosylation Factor,0.0125408595624788,0.08958
YGR031W,IMO32,Intermediate cleaved by Mitochondrial Octapeptidyl aminopeptidase,0.0125404360242481,0.13025
YDR231C,COX20,Cytochrome c OXidase,0.012540108067629,0.21867
YGL196W,DSD1,NA,0.0125347698080601,0.11003
YHR195W,NVJ1,Nucleus-Vacuole Junction,0.0125157629366374,0.13161
YMR034C,RCH1,Regulator of Calcium Homeostasis,0.0124920689971513,0.12906
YMR284W,YKU70,Yeast KU protein,0.0124912573170155,0.0796
YOR387C,NA,NA,0.0124848358279387,0.14057
YDR490C,PKH1,Pkb-activating Kinase Homolog,0.0124748261065822,0.07421
YER039C,HVG1,Homologous to VRG4,0.0124637819705772,0.05107
YGR110W,CLD1,CardioLipin-specific Deacylase,0.0124633273200084,0.05647
YBL048W,RRT1,Regulator of rDNA Transcription,0.0124467310438877,0.28352
YPL165C,SET6,SET domain-containing,0.0124376959748866,0.09801
YLR354C,TAL1,TransALdolase,0.0124275100334305,0.20472
YNL180C,RHO5,Ras HOmolog,0.0124199646377812,0.12857
YHR105W,YPT35,NA,0.0124131442828182,0.06711
YKL141W,SDH3,Succinate DeHydrogenase,0.0123937408598596,0.19485
YAL056W,GPB2,NA,0.0123914938224736,0.05214
YDR016C,DAD1,Duo1 And Dam1 interacting,0.0123827919625655,0.14088
YMR119W,ASI1,Amino acid Sensor-Independent,0.0123680539269196,0.15368
YMR081C,ISF1,Increasing Suppression Factor,0.0123571832770775,0.18682000000000001
YJR065C,ARP3,Actin-Related Protein,0.0123529924971242,0.08707
YOR113W,AZF1,Asparagine-rich Zinc-Finger,0.0123407495417825,0.04688
YKL162C,NA,NA,0.012334292477313,0.04432
YDL027C,MRX9,Mitochondrial oRganization of gene eXpression (MIOREX),0.0123182888612139,0.07702
YDR534C,FIT1,Facilitator of Iron Transport,0.012290437677483,0.10393
YOR155C,ISN1,IMP-Specific 5'-Nucleotidase,0.0122892954385446,0.08719
YOR040W,GLO4,GLyOxalase,0.0122889346973071,0.14376
YLR422W,DCK1,DoCK1 homolog,0.012274865378974,0.11751
YHL030W-A,NA,NA,0.0122588409158333,0.14209
YGR045C,NA,NA,0.0122548717332541,0.1166
YPL185W,NA,NA,0.0122494583698378,0.13576
YIL062C,ARC15,ARp2/3 Complex subunit,0.0122453407498552,0.08449
YJL070C,NA,NA,0.0122191577810785,0.07881
YJR033C,RAV1,Regulator of (H+)-ATPase in Vacuolar membrane,0.0122136441483384,0.05559
YER039C-A,NA,NA,0.0121911994022609,0.07789
YEL008W,NA,NA,0.0121861552620432,0.07425
YJL059W,YHC3,Yeast Homolog of human Cln3,0.0121840275002972,0.08941
YBR209W,NA,NA,0.0121644109618473,0.14255
YBR203W,COS111,Ciclopirox Olamine Sensitive,0.0121559592509397,0.13814
YNL093W,YPT53,Yeast Protein Two,0.0121267409826058,0.09445
YCL035C,GRX1,GlutaRedoXin,0.0121201253388154,0.06373
YOR121C,NA,NA,0.0121182884717419,0.08495
YDR050C,TPI1,Triose-Phosphate Isomerase,0.0121034041624895,0.13563
YGL229C,SAP4,Sit4 Associated Protein,0.0120854724870075,0.22822
YNL012W,SPO1,SPOrulation,0.0120847598699845,0.06617
YOL088C,MPD2,Multicopy suppressor of PDI1 deletion,0.0120804168169377,0.05947
YPR154W,PIN3,Psi+ INducibility,0.0120783688319997,0.11437
YKL168C,KKQ8,NA,0.0120686965299215,0.07243
YKL117W,SBA1,increased Sensitivity to Benzoquinone Ansamycins,0.0120552084240397,0.10038
YDL132W,CDC53,Cell Division Cycle,0.0120488782504252,0.09992
YDR497C,ITR1,myo-Inositol TRansporter,0.0120412006611236,0.28578
YHR136C,SPL2,Suppressor of PLc1 deletion,0.0120298113065445,0.13444
YOL114C,PTH4,peptidyl tRNA hydrolase 4,0.0120292933453114,0.14111
YOR389W,NA,NA,0.0120169486461336,0.21903
YHR057C,CPR2,Cyclosporin A-sensitive Proline Rotamase,0.0120163863477513,0.08226
YPR028W,YOP1,YIP One Partner,0.0120137084676921,0.0406
YNL046W,NA,NA,0.0120062591561944,0.06595
YGR033C,TIM21,Translocase of the Inner Mitochondrial membrane,0.0119842433585186,0.12492
YGL096W,TOS8,Target Of Sbf,0.0119776490084174,0.29256
YKL124W,SSH4,Suppressor of SHr3 deletion,0.0119675783430981,0.07357
YER182W,FMP10,Found in Mitochondrial Proteome,0.0119601964686409,0.35374
YCR006C,NA,NA,0.0119510909949049,0.08236
YJL005W,CYR1,CYclic AMP Requirement,0.0119375107248503,0.07223
YCR011C,ADP1,ATP-Dependent Permease,0.0119333176903969,0.12255
YGR237C,NA,NA,0.0119160623188653,0.04481
YER142C,MAG1,3-MethylAdenine DNA Glycosylase,0.0119094657770073,0.13553
YLR259C,HSP60,Heat Shock Protein,0.0118834107622013,0.30882
YOL143C,RIB4,RIBoflavin biosynthesis,0.0118818622864478,0.13176
YDR453C,TSA2,Thiol-Specific Antioxidant,0.0118791611281291,0.099030000000000007
YLR177W,NA,NA,0.0118614578867365,0.35342
YBL047C,EDE1,EH Domains and Endocytosis,0.0118606546730081,0.06016
YER065C,ICL1,IsoCitrate Lyase,0.0118469412970444,0.30609
YCR088W,ABP1,Actin Binding Protein,0.0118440425956079,0.18324
YKL023W,SKA1,SKi Associated factor,0.0118256141131618,0.14498
YDL149W,ATG9,AuTophaGy related,0.0118041596575978,0.07585
YJR151C,DAN4,Delayed ANaerobic,0.011791561529927,0.0543
YHR146W,CRP1,Cruciform DNA-Recognizing Protein,0.0117879523376813,0.18837
YJL001W,PRE3,PRoteinase yscE,0.0117813293476749,0.17079
YBR108W,AIM3,Altered Inheritance rate of Mitochondria,0.0117734632930411,0.06191
YFL024C,EPL1,Enhancer of Polycomb Like,0.0117679112787094,0.24291
YOR176W,HEM15,HEMe biosynthesis,0.0117669951594695,0.17644
YKL129C,MYO3,MYOsin,0.0117609538711111,0.07274
YEL049W,PAU2,seriPAUperin family,0.0117521096157397,0.0864
YBR101C,FES1,Factor Exchange for Ssa1p,0.0117251441643649,0.31
YKL189W,HYM1,NA,0.0117043722394457,0.12356
YPL242C,IQG1,IQGAP-related protein,0.0116934389705264,0.18239
YKL197C,PEX1,PEroXin,0.0116404731019714,0.10624
YNL100W,MIC27,MItochondrial contact site and Cristae organizing system,0.011615099583154,0.35322
YJR038C,NA,NA,0.0115963427115362,0.14068
YNR036C,MRPS12,"Mitochondrial Ribosomal Protein, Small subunit",0.0115471129178084,0.35928
YMR311C,GLC8,GLyCogen,0.0115437641128734,0.10256
YDR328C,SKP1,Suppressor of Kinetochore Protein mutant,0.0115434680983685,0.05989
YBL001C,ECM15,ExtraCellular Mutant,0.011543036390333,0.0801
YMR084W,NA,NA,0.0115370953554908,0.10484
YFR050C,PRE4,PRoteinase yscE,0.0115327917347913,0.08715
YOL038W,PRE6,PRoteinase yscE,0.0115081020243846,0.12388
YBR204C,LDH1,Lipid Droplet Hydrolase,0.0114924766077717,0.08314
YGL032C,AGA2,a-AGglutinin,0.0114813616982318,0.11296
YKL218C,SRY1,Serine Racemase of Yeast,0.0114781510589114,0.28897
YBR062C,NA,NA,0.0114590493364232,0.07791
YBR097W,VPS15,Vacuolar Protein Sorting,0.0114328543537364,0.11615
YDR022C,ATG31,AuTophaGy related,0.011428651818026,0.06246
YPR103W,PRE2,PRoteinase yscE,0.0114149843865096,0.1243
YIR015W,RPR2,RNase P Ribonucleoprotein,0.0113952005018833,0.08618
YLR254C,NDL1,NuDeL homolog,0.0113936343708856,0.28419
YFL015C,NA,NA,0.0113501957158677,0.21031
YNL008C,ASI3,Amino acid Sensor-Independent,0.0113330496295837,0.09327
YIL024C,NA,NA,0.0113300697258973,0.13362
YPR192W,AQY1,AQuaporin from Yeast,0.0113284318701731,0.17727
YLR256W,HAP1,Heme Activator Protein,0.0113216200330324,0.35066
YOR062C,NA,NA,0.0112822866761545,0.26804
YKL036C,NA,NA,0.0112785227060763,0.1586
YHR139C,SPS100,SPorulation Specific,0.0112630207774846,0.16976
YDR063W,AIM7,Altered Inheritance rate of Mitochondria,0.0112625813414239,0.12304
YDR133C,NA,NA,0.0112531575629101,0.28149
YCL052C,PBN1,Protease B Non-derepressible,0.0112450386086184,0.11522
YNR056C,BIO5,BIOtin,0.0112446262579659,0.33427
YMR141C,NA,NA,0.0112404095741783,0.07872
YNL159C,ASI2,Amino acid Sensor-Independent,0.0112402300741793,0.05126
YDL142C,CRD1,CaRDiolipin synthase,0.0112263487847706,0.08485
YBR111C,YSA1,NA,0.0112041741684276,0.09948
YLR194C,NCW2,Novel Cell Wall protein,0.0111970060639593,0.33528
YPL006W,NCR1,Niemann-pick type C Related,0.0111945921733894,0.08941
YDR030C,RAD28,RADiation sensitive,0.0111929682259082,0.18241
YEL020C,PXP1,PeroXisomal Protein,0.0111876444576128,0.30314
YDR425W,SNX41,Sorting NeXin,0.0111746640269255,0.06312
YLR211C,ATG38,AuTophaGy related,0.0111674190013274,0.06895
YGR201C,NA,NA,0.011165821008378,0.10216
YMR072W,ABF2,ARS-Binding Factor,0.0111616972172359,0.13093
YLR324W,PEX30,PEroXisome related,0.0111598931197541,0.14239
YDR178W,SDH4,Succinate DeHydrogenase,0.0111571096248337,0.35172
YDR036C,EHD3,NA,0.0111457182038578,0.25322
YER094C,PUP3,PUtative Proteasome subunit,0.0111454439579353,0.07145
YAR027W,UIP3,Ulp1 Interacting Protein,0.0111427580865625,0.05436
YLR013W,GAT3,NA,0.0111422020059684,0.13773
YMR276W,DSK2,Dominant Suppressor of kar1,0.0111232366944509,0.10881
YMR251W,GTO3,Glutathione Transferase Omega-like,0.0111165608097656,0.17639
YOR292C,NA,NA,0.0111130845585049,0.10157
YDL071C,NA,NA,0.0110898373244308,0.1345
YMR256C,COX7,Cytochrome c OXidase,0.0110734750398339,0.11995
YOR324C,FRT1,Functionally Related to TCP1,0.0110708537911953,0.2138
YNL336W,COS1,COnserved Sequence,0.0110627905430466,0.1199
YKL198C,PTK1,Putative serine/Threonine protein Kinase,0.0110626898044634,0.12556
YBR221C,PDB1,Pyruvate Dehydrogenase Beta subunit,0.0110606958554333,0.19417
YBR099C,NA,NA,0.0110477609507013,0.33638
YER010C,NA,NA,0.0110468861694963,0.06196
YOR302W,NA,NA,0.0110432189877869,0.3885
YDL070W,BDF2,BromoDomain Factor,0.0110408610658206,0.17539
YJR091C,JSN1,Just Say No,0.0110238671776123,0.06695
YOL073C,DSC2,Defective for SREBP Cleavage,0.0109941046557218,0.07871
YGL047W,ALG13,Asparagine-Linked Glycosylation,0.0109938082285049,0.08165
YLR010C,TEN1,TElomeric pathways with STn1,0.0109653577322922,0.07901
YJL042W,MHP1,MAP-Homologous Protein,0.0109455263883481,0.0636
YBL049W,MOH1,NA,0.0109447396919187,0.3516
YMR119W,ASI1,Amino acid Sensor-Independent,0.0109409546246228,0.0959
YDR452W,PPN1,NA,0.0109276807409583,0.08459
YDL024C,DIA3,Digs Into Agar,0.0109102867577877,0.12334
YPL033C,SRL4,Suppressor of Rad53 null Lethality or Suppressor of Rad53 and Lcd1,0.010896540040332,0.25176
YDR262W,NA,NA,0.0108942237669055,0.2239
YDL091C,UBX3,UBiquitin regulatory X,0.0108757664425609,0.0687
YMR007W,NA,NA,0.0108736811099406,0.08474
YOR125C,CAT5,CATabolite repression,0.010841896973008,0.19737
YNL223W,ATG4,AuTophaGy related,0.0108380029353134,0.06816
YGR290W,NA,NA,0.0108172263502289,0.29909
YKL123W,NA,NA,0.0108098777777177,0.1453
YDR099W,BMH2,Brain Modulosignalin Homolog,0.0108045110973416,0.08298
YIL028W,NA,NA,0.0107966718489055,0.12383
YJR117W,STE24,STErile,0.0107935208486818,0.14935
YCR069W,CPR4,Cyclosporin-sensitive Proline Rotamase,0.0107892942718658,0.09813
YKL013C,ARC19,ARp2/3 Complex subunit,0.0107714289879314,0.1511
YLR304C,ACO1,ACOnitase,0.010768563451431,0.32619
YML072C,TCB3,Three Calcium and lipid Binding domains (TriCalBins),0.0107669560141484,0.12747
YMR029C,FAR8,Factor ARrest,0.0107483359359585,0.17396
YJL051W,IRC8,Increased Recombination Centers,0.010746552313577,0.38252
YGL259W,YPS5,YaPSin,0.0107430799243165,0.16377
YJL082W,IML2,Increased Minichromosome Loss,0.0107388860472234,0.11406
YGR281W,YOR1,Yeast Oligomycin Resistance,0.0107228881499793,0.23035
YGL197W,MDS3,Mck1 Dosage Suppressor,0.0107054371419727,0.07941
YOR065W,CYT1,CYTochrome c1,0.0106889289689385,0.35229
YKL133C,RCI50,Respiratory Chain Interacting protein of ~50 kDa,0.0106685173182341,0.06253
YDR269C,NA,NA,0.0106532237971725,0.18154
YOR122C,PFY1,ProFilin of Yeast,0.0106248735270655,0.07741
YBL058W,SHP1,Suppressor of High-copy PP1,0.0105889215848847,0.04958
YDL029W,ARP2,Actin-Related Protein,0.0105865641616644,0.09261
YBL007C,SLA1,Synthetic Lethal with ABP1,0.0105801490655371,0.12707
YMR186W,HSC82,NA,0.0105683383826627,0.1644
YLR190W,MMR1,Mitochondrial Myo2p Receptor-related,0.0105680598757442,0.32028
YGR231C,PHB2,ProHiBitin,0.0105312846177802,0.27377
YOL109W,ZEO1,ZEOcin resistance,0.010514118974363,0.16223
YDL197C,ASF2,Anti-Silencing Function,0.0104834225896492,0.14187
YDL054C,MCH1,MonoCarboxylate transporter Homolog,0.0104779140156096,0.1144
YGR069W,NA,NA,0.0104621727631059,0.14808
YDL206W,NA,NA,0.0104465274922803,0.08606
YHR113W,APE4,NA,0.0104406102838963,0.16376
YLR037C,PAU23,seriPAUperin family,0.0104320793233116,0.08481
YDR148C,KGD2,alpha-KetoGlutarate Dehydrogenase,0.0104092890605164,0.26973
YCR076C,FUB1,FUnction of Boundary,0.0104088689739061,0.06652
YPR115W,RGC1,Regulator of the Glycerol Channel,0.0104073256540934,0.09922
YGR232W,NAS6,Non-ATPase Subunit 6,0.0103998165611674,0.27937
YGL191W,COX13,Cytochrome c OXidase,0.0103961084352498,0.24627
YOR261C,RPN8,Regulatory Particle Non-ATPase,0.010393392814985,0.09716
YLR308W,CDA2,Chitin DeAcetylase,0.0103894644505295,0.15585
YKL140W,TGL1,TriGlyceride Lipase,0.0103877818596768,0.08038
YDR359C,EAF1,Esa1p-Associated Factor,0.0103702971978042,0.13576
YFR049W,YMR31,Yeast Mitochondrial Ribosomal protein,0.010358236231227,0.34449
YHR110W,ERP5,Emp24p/Erv25p Related Protein,0.0103258907689808,0.13658
YJL106W,IME2,Inducer of MEiosis,0.0103255274881743,0.12187
YNL179C,NA,NA,0.0103186904878014,0.13543
YKL067W,YNK1,Yeast Nucleoside diphosphate Kinase,0.0103006217505786,0.37039
YDR504C,SPG3,Stationary Phase Gene,0.0102975317976548,0.09726
YNL251C,NRD1,Nuclear pre-mRNA Down-regulation,0.0102954717716764,0.25218
YJL034W,KAR2,KARyogamy,0.0102666403765463,0.32194
YMR280C,CAT8,CATabolite repression,0.0102529383784748,0.27197
YKL121W,DGR2,2-Deoxy-Glucose Resistant 2,0.010249814073683,0.05011
YOR035C,SHE4,Swi5p-dependent HO Expression,0.0102427532713788,0.10336
YDR505C,PSP1,Polymerase SuPpressor,0.0102165224034065,0.0752
YJR125C,ENT3,Epsin N-Terminal homology,0.0102058464318514,0.14288
YJL001W,PRE3,PRoteinase yscE,0.0102041897241191,0.18267
YOR214C,SPR2,SPorulation-Regulated,0.0101898777503719,0.11592
YBR222C,PCS60,Peroxisomal CoA-dependent Synthetase,0.0101880902758991,0.38477
YLR137W,RKM5,Ribosomal lysine (K) Methyltransferase 5,0.0101628015178468,0.07698
YGR255C,COQ6,COenzyme Q,0.0101365660663466,0.14461
YKL198C,PTK1,Putative serine/Threonine protein Kinase,0.0101358260805104,0.08996
YPR185W,ATG13,AuTophaGy related,0.0101170996729258,0.14478
YER101C,AST2,ATPase STabilizing,0.0100848960362281,0.07612
YDR001C,NTH1,Neutral TreHalase,0.0100729431274093,0.1553
YML070W,DAK1,DihydroxyAcetone Kinase,0.0100673950813675,0.07535
YNL241C,ZWF1,ZWischenFerment,0.0100601487736118,0.19364
YBR138C,NA,NA,0.0100434289436228,0.14728
YKL152C,GPM1,Glycerate PhosphoMutase,0.010040074160093,0.21151
YDR106W,ARP10,Actin-Related Protein,0.0100002598097115,0.12562
YNL138W,SRV2,Suppressor of RasVal19,0.00999441384203088,0.25292
YMR180C,CTL1,Capping enzyme mRNA Triphosphatase-Like,0.00998536494389797,0.09624
YDR218C,SPR28,SPorulation Regulated,0.0099816033821008,0.18218
YLR280C,NA,NA,0.0099013388429358,0.32123
YER179W,DMC1,Disrupted Meiotic cDNA,0.00989704709296181,0.10045
YER179W,DMC1,Disrupted Meiotic cDNA,0.00988588152549049,0.09952
YAL062W,GDH3,Glutamate DeHydrogenase,0.00987447105856184,0.22558
YDR150W,NUM1,NUclear Migration,0.00985994750962083,0.121
YER035W,EDC2,Enhancer of mRNA DeCapping,0.00985646871605585,0.32963
YOR235W,IRC13,Increased Recombination Centers,0.00985645877102515,0.20319
YGL198W,YIP4,Ypt-Interacting Protein,0.00985483850348182,0.13169
YOR343C,NA,NA,0.0098210217987166,0.1263
YKL034W,TUL1,Transmembrane Ubiquitin Ligase,0.00981488667763378,0.25101
YLR273C,PIG1,Protein Interacting with Gsy2p,0.00979204159955625,0.26636
YDR406W,PDR15,Pleiotropic Drug Resistance,0.00978485351659877,0.2218
YCL034W,LSB5,Las Seventeen Binding protein,0.00978288084382516,0.20396
YMR135W-A,NA,NA,0.00977255886160406,0.19606
YBR284W,NA,NA,0.00973705674239853,0.13372
YKL145W,RPT1,"Regulatory Particle Triple-A protein, or Regulatory Particle Triphosphatase",0.00973650747758025,0.1031
YPL114W,NA,NA,0.00968168529616425,0.1442
YKR003W,OSH6,OxySterol binding protein Homolog,0.00965560612639898,0.14161
YPL028W,ERG10,ERGosterol biosynthesis,0.00964183246988176,0.07659
YMR302C,YME2,Yeast Mitochondrial Escape,0.0096323126955469,0.22453
YPL087W,YDC1,Yeast DihydroCeramidase,0.00963174764545472,0.28907
YLR271W,CMG1,Cytoplasmic and Mitochondrial G-patch protein 1,0.00963134396259085,0.07248
YKL153W,NA,NA,0.00962952506111834,0.18309
YIL007C,NAS2,Non-ATPase Subunit,0.00962872921657766,0.07339
YPL099C,INA17,INner membrane Assembly 17 kDa,0.00962812911997916,0.14981
YPR061C,JID1,DnaJ protein Involved in ER-associated Degradation,0.00962699936243818,0.14776
YGR122W,NA,NA,0.00962440166698395,0.17215
YAR031W,PRM9,Pheromone-Regulated Membrane protein,0.00962093276580212,0.14995
YJR108W,ABM1,Aberrant Microtubules,0.00960178929275688,0.10066
YNL307C,MCK1,Meiosis and Centromere regulatory Kinase,0.00959781201111756,0.16537
YLR038C,COX12,Cytochrome c OXidase,0.00959733391624924,0.22784
YBR278W,DPB3,DNA Polymerase B (II) subunit,0.00959379778103349,0.09121
YFL044C,OTU1,Ovarian TUmor,0.00958228718569159,0.10895
YOR329C,SCD5,Suppressor of Clathrin Deficiency,0.00958080467352039,0.09984
YER011W,TIR1,TIp1-Related,0.00957345296731058,0.15839
YMR099C,NA,NA,0.00956226315986649,0.07888
YJL142C,IRC9,Increased Recombination Centers,0.00956063826020798,0.14449
YOR157C,PUP1,PUtative Proteasome subunit,0.00955063853579764,0.18867
YMR147W,LDO45,Lipid Droplet Organization protein of 45 Kda,0.00954825448797585,0.23021
YOL085C,NA,NA,0.00954762572619819,0.16016
YOL113W,SKM1,STE20/PAK homologous Kinase related to Morphogenesis,0.00953801982448238,0.27067
YKR017C,HEL1,Histone E3 Ligase,0.00953231756092744,0.07148
YBR302C,COS2,COnserved Sequence,0.00952010278504192,0.12339
YPR119W,CLB2,CycLin B,0.00951619753844412,0.24917
YCL057W,PRD1,PRoteinase yscD,0.00949075476299086,0.1559
YIL083C,CAB2,Coenzyme A Biosynthesis,0.00948852860107011,0.30111
YER088C,DOT6,Disruptor Of Telomeric silencing,0.00947767120616434,0.2271
YKR014C,YPT52,Yeast Protein Two,0.0094687659324412,0.05936
YML132W,COS3,COnserved Sequence,0.00945872074961286,0.18406
YOL018C,TLG2,T-snare affecting a Late Golgi compartment,0.00944659700266334,0.08085
YOR362C,PRE10,PRoteinase yscE,0.00944078002003058,0.09288
YOR025W,HST3,Homolog of SIR Two (SIR2),0.00943335643343135,0.13425
YNL212W,VID27,Vacuolar Import and Degradation,0.00943252999030723,0.0847
YOL044W,PEX15,PEroXisome related,0.00943003394274403,0.05494
YGL035C,MIG1,Multicopy Inhibitor of GAL gene expression,0.00941142702756508,0.10669
YCR101C,NA,NA,0.00939648219811923,0.15707
YER152C,NA,NA,0.00939509429073744,0.19825
YPL018W,CTF19,Chromosome Transmission Fidelity,0.00938091154697977,0.08066
YHR018C,ARG4,ARGinine requiring,0.00937996254898037,0.20198
YMR133W,REC114,RECombination,0.00937776875594186,0.12762
YHL034C,SBP1,NA,0.00937346817355246,0.10612
YPR091C,NVJ2,Nucleus-Vacuole Junction,0.00937242619138125,0.05063
YOL100W,PKH2,Pkb-activating Kinase Homolog,0.00937239837929823,0.06911
YNL214W,PEX17,PEroXisome related,0.00936599218122796,0.19833
YFR024C-A,LSB3,Las Seventeen Binding protein,0.00936550668062147,0.1127
YLR001C,NA,NA,0.00935340522854361,0.0894
YER091C-A,NA,NA,0.00935241445733757,0.22662
YJL016W,TPH3,Twin PH domain-3,0.00934044397673428,0.22527
YOL013C,HRD1,HMG-coA Reductase Degradation,0.00933353621589935,0.11597
YLR206W,ENT2,Epsin N-Terminal homology,0.00931655616266733,0.10781
YDR031W,MIX14,Mitochondrial Intermembrane space CX(n)C motif protein,0.00931559972704794,0.35283
YGR287C,IMA1,IsoMAltase,0.00931327545308495,0.13795
YMR156C,TPP1,Three Prime Phosphatase,0.00930957934328747,0.16876
YLR255C,NA,NA,0.00930824942624423,0.17041
YAL016W,TPD3,tRNA Processing Deficient,0.00929799235488044,0.07049
YPL264C,NA,NA,0.00929122385433494,0.11389
YOR175C,ALE1,Acyltransferase for Lyso-phosphatidylEthanolamine,0.00928164231485164,0.1237
YJL015C,NA,NA,0.00927957403485232,0.18729
YJR061W,MNN14,MaNNosyltransferase regulator,0.00925541367265195,0.11152
YPL100W,ATG21,AuTophaGy related,0.00925377042228581,0.06551
YJR021C,REC107,RECombination,0.00923465514857027,0.08337
YNR035C,ARC35,ARp2/3 Complex subunit,0.00920826824091266,0.08771
YDR270W,CCC2,Cross-Complements Ca(2+) phenotype of csg1,0.00920787493243222,0.26474
YKL015W,PUT3,Proline UTilization,0.00919177884565305,0.23934
YDL248W,COS7,COnserved Sequence,0.00918451798748898,0.10129
YPL219W,PCL8,Pho85 CycLin,0.00918128940101073,0.16856
YCR100C,EMA35,Efficient Mitochondria targeting-Associated protein,0.00917754160315564,0.11625
YGR143W,SKN1,Suppressor of Kre Null,0.00917714725058657,0.21381
YPR052C,NHP6A,Non-Histone Protein,0.00916240866199606,0.2719
YJL151C,SNA3,Sensitivity to NA+,0.009155109852047,0.13475
YKL221W,MCH2,MonoCarboxylate permease Homologue,0.00915107932399804,0.124
YBL045C,COR1,CORe protein of QH2 cytochrome c reductase,0.00914175768963689,0.2921
YOR041C,NA,NA,0.00914022403363334,0.19673
YIL125W,KGD1,alpha-KetoGlutarate Dehydrogenase,0.00913605469620083,0.31135
YDR479C,PEX29,PEroXisome related,0.00913389545150728,0.10859
YGR108W,CLB1,CycLin B,0.00912616157466129,0.35406
YEL005C,VAB2,VAc8p Binding,0.00912506405485432,0.06637
YKL148C,SDH1,Succinate DeHydrogenase,0.00911824821704672,0.37734
YIL029C,EMA17,Efficient Mitochondria targeting-Associated protein,0.00909671901889323,0.13061
YKL213C,DOA1,Degradation Of Alpha,0.00907968433255269,0.10656
YDR388W,RVS167,Reduced Viability on Starvation,0.00907482657066488,0.09256
YDL188C,PPH22,Protein PHosphatase,0.00905681497931416,0.16468
YLR111W,NA,NA,0.0090538937064852,0.16875
YCR022C,NA,NA,0.00905154764583519,0.22889
YPL148C,PPT2,Phosphopantetheine:Protein Transferase,0.0090464830707835,0.08987
YDR319C,YFT2,NA,0.00904195044575556,0.0614
YMR244C-A,COA6,Cytochrome Oxidase Assembly,0.00903403066276544,0.33907
YLR392C,ART10,Arrestin-Related Trafficking adaptors,0.0090277580768854,0.08469
YER177W,BMH1,Brain Modulosignalin Homolog,0.00901738466423671,0.12522
YOL024W,NA,NA,0.00900156368071708,0.15841
YMR135C,GID8,Glucose Induced Degradation deficient,0.00900120282782892,0.0826
YLR431C,ATG23,AuTophaGy related,0.00899999334923549,0.18656
YGL006W-A,NA,NA,0.00898748090013405,0.14043
YOR052C,TMC1,"Trivalent Metalloid sensitive, Cuz1-related protein",0.00898193370434504,0.10267
YLR043C,TRX1,ThioRedoXin,0.00897210215570303,0.11219
YNL259C,ATX1,AnTioXidant,0.008968644953534,0.16461
YOR124C,UBP2,UBiquitin-specific Protease,0.00895320149259271,0.13859
YNR068C,NA,NA,0.00894417530834468,0.29898
YFL016C,MDJ1,Mitochondrial DnaJ,0.00893486104100168,0.2624
YGR041W,BUD9,BUD site selection,0.00892753749803354,0.31553
YNL156C,NSG2,NA,0.00892718253346878,0.16222
YML081C-A,ATP18,ATP synthase,0.00892254989409417,0.33881
YML007W,YAP1,Yeast AP-1,0.00889509207946175,0.11128
YHL044W,NA,NA,0.00889253124313643,0.14794
YMR009W,ADI1,Acireductone DIoxygenase,0.00889228988462624,0.1662
YCR099C,NA,NA,0.0088863827645109,0.12297
YGL011C,SCL1,Suppressor of Crl3 ts Lethality,0.00887929344913323,0.16436
YKL157W,APE2,AminoPEptidase,0.00887112829698784,0.11227
YLR189C,ATG26,AuTophaGy related,0.00886592199102017,0.06019
YMR279C,ATR2,AminoTriazole Resistance,0.00886539970624464,0.09425
YPL096W,PNG1,Peptide N-Glycanase,0.00886134438266323,0.0961
YNL104C,LEU4,LEUcine biosynthesis,0.00886015730361741,0.10456
YDR048C,NA,NA,0.00884590426216686,0.19411
YHL010C,ETP1,Ethanol Tolerance Protein,0.0088438238945144,0.09829
YBR177C,EHT1,Ethanol Hexanoyl Transferase,0.0088351893865483,0.35206
YER178W,PDA1,Pyruvate Dehydrogenase Alpha,0.0088176961212632,0.13193
YDL194W,SNF3,Sucrose NonFermenting,0.00881256336470542,0.16027
YBR234C,ARC40,ARp2/3 Complex subunit,0.0088070098055147,0.13569
YLR350W,ORM2,NA,0.00878837794869467,0.21659
YKL060C,FBA1,"Fructose-1,6-Bisphosphate Aldolase",0.00878259082400422,0.13139
YPL156C,PRM4,Pheromone-Regulated Membrane protein,0.00878255592986583,0.32909
YGR249W,MGA1,NA,0.00877360413628653,0.1586
YDL147W,RPN5,Regulatory Particle Non-ATPase,0.00875792645397669,0.23252
YBR225W,NA,NA,0.00875392499125285,0.05502
YIL041W,GVP36,Golgi Vesicle Protein,0.00874460998287532,0.10029
YGR011W,NA,NA,0.00873616602726483,0.10543
YDR402C,DIT2,DITyrosine,0.00872338836080808,0.13126
YAL027W,SAW1,Single-strand Annealing Weakened,0.00871753019560146,0.14783
YER066W,RRT13,Regulator of rDNA Transcription,0.0087079765068267,0.10884
YPL127C,HHO1,Histone H One,0.00870577733428504,0.31966
YLR423C,ATG17,AuTophaGy related,0.00870450655478955,0.0851
YDR284C,DPP1,Diacylglycerol Pyrophosphate Phosphatase,0.00870149157704478,0.27925
YLR241W,CSC1,Calcium permeable Stress-gated cation Channel,0.00869993508352813,0.07306
YML132W,COS3,COnserved Sequence,0.00868632343612478,0.17347
YHR159W,TDA11,Topoisomerase I Damage Affected,0.00868328473252122,0.14226
YIL157C,COA1,Cytochrome Oxidase Assembly,0.00867402633431374,0.37426
YJR021C,REC107,RECombination,0.00867095488350626,0.06635
YDL196W,NA,NA,0.00866636078130002,0.18173
YOR087W,YVC1,Yeast Vacuolar Conductance,0.00863767204680054,0.08504
YER135C,NA,NA,0.00862986808941567,0.10528
YBR052C,RFS1,Rad55 (Fifty-five) Suppressor,0.00862718658665536,0.29208
YGR131W,FHN1,Functional Homolog of Nce102,0.00862688374430772,0.11358
YGR010W,NMA2,Nicotinamide Mononucleotide Adenylyltransferase,0.00862589294841469,0.06582
YMR164C,MSS11,Multicopy Suppressor of STA genes,0.0086120017028096,0.10168
YGR253C,PUP2,PUtative Proteasome subunit,0.00861010631588849,0.15157
YPR005C,HAL1,HALotolerance,0.00859991082805949,0.15349
YKR051W,HFL1,Has Fused Lysosomes,0.00857938411318905,0.06875
YLR028C,ADE16,ADEnine,0.00857573329723643,0.14396
YMR194C-A,NA,NA,0.00857484562310168,0.18316
YHR198C,AIM18,Altered Inheritance rate of Mitochondria,0.00857322936968942,0.33946
YDR027C,VPS54,Vacuolar Protein Sorting,0.00857106993486645,0.21677
YNL275W,BOR1,BORon transporter,0.00856537752965951,0.0917
YDR084C,TVP23,Tlg2-Vesicle Protein,0.00856419378257548,0.20786
YHL030W,ECM29,ExtraCellular Mutant,0.00856260157306348,0.11706
YPR052C,NHP6A,Non-Histone Protein,0.00855947512771829,0.25293
YBR167C,POP7,Processing Of Precursor RNAs,0.00854518487880687,0.17495
YIL066C,RNR3,RiboNucleotide Reductase,0.00853617763409902,0.23256
YKL007W,CAP1,CAPping,0.00853325620859449,0.1264
YML083C,NA,NA,0.00852608697614236,0.18003
YJR156C,THI11,THIamine metabolism,0.00850438127047427,0.37468
YML034W,SRC1,Spliced mRNA and Cell cycle regulated gene,0.0084940962709543,0.06549
YJL003W,COX16,Cytochrome c OXidase,0.00849302649911572,0.16728
YJR025C,BNA1,Biosynthesis of Nicotinic Acid,0.00848876947636692,0.1467
YNR060W,FRE4,Ferric REductase,0.00847731098838418,0.11157
YLL020C,NA,NA,0.00847444658064149,0.1277
YMR100W,MUB1,MUlti Budding,0.00847136943491044,0.34496
YLL025W,PAU17,seriPAUperin,0.00842867899483807,0.08835
YBL106C,SRO77,Suppressor of rho3,0.0084275778858214,0.16172
YOR141C,ARP8,Actin-Related Protein,0.00842514910941689,0.1
YPR037C,ERV2,Essential for Respiration and Viability,0.00842132857609588,0.3364
YML092C,PRE8,PRoteinase yscE,0.00840952675716666,0.12656
YIL075C,RPN2,Regulatory Particle Non-ATPase,0.00840097398438464,0.09269
YMR150C,IMP1,Inner Membrane Protease,0.00839767573914846,0.24729
YKL094W,YJU3,NA,0.00838521777706602,0.07488
YBR094W,PBY1,P-BodY associated protein,0.0083770286902864,0.12068
YOL111C,MDY2,Mating-Deficient Yeast,0.00837094718232979,0.08797
YHR200W,RPN10,Regulatory Particle Non-ATPase,0.0083673265729056,0.10657
YOL105C,WSC3,cell Wall integrity and Stress response Component,0.0083579995466666,0.15788
YOR389W,NA,NA,0.00835640529476822,0.26171
YLL019C,KNS1,Kinase Next to SPA2,0.00834087722804598,0.1248
YFR052W,RPN12,Regulatory Particle Non-ATPase,0.00833421486607784,0.08851
YOR132W,VPS17,Vacuolar Protein Sorting,0.00833175107428577,0.15401
YFR045W,MRX20,Mitochondrial oRganization of gene eXpression (MIOREX),0.0083260282839206,0.28544
YPL141C,FRK1,Fatty acyl-CoA synthetase and RNA processing-associated Kinase,0.00830980176308168,0.21744
YOR163W,DDP1,Diadenosine and Diphosphoinositol Polyphosphate phosphohydrolase,0.00829163452967216,0.10439
YBR005W,RCR1,Resistance to Congo Red,0.00829159719818433,0.25124
YDL248W,COS7,COnserved Sequence,0.00828906817296726,0.1401
YBR051W,NA,NA,0.00828875972621133,0.19152
YJR114W,NA,NA,0.00828791079414111,0.21639
YJL211C,NA,NA,0.00827993399974225,0.10552
YLR362W,STE11,STErile,0.00827002094160332,0.14894
YDR506C,GMC1,Grand Meiotic recombination Cluster,0.00826992825124039,0.11981
YOR087W,YVC1,Yeast Vacuolar Conductance,0.00826186708575916,0.10678
YKL032C,IXR1,Intrastrand cross (X)-link Recognition,0.00825978249836915,0.18674
YOR356W,CIR2,Changed Intracellular Redox state,0.00825723917558909,0.20118
YDR230W,NA,NA,0.00824197998328395,0.11599
YPR148C,NA,NA,0.00824088626266016,0.0801
YOR138C,RUP1,Rsp5-Ubp2 interacting Protein,0.0082397878553914,0.10731
YMR252C,MLO1,Mitochondrially LOcalized protein,0.00823531905566212,0.14012
YDR277C,MTH1,MSN Three Homolog,0.00822031042097719,0.19508
YJL053W,PEP8,carboxyPEPtidase Y-deficient,0.00821838781623086,0.12149
YHR194W,MDM31,Mitochondrial Distribution and Morphology,0.00821201618799174,0.13576
YPL271W,ATP15,ATP synthase,0.00820969350927815,0.32886
YBR140C,IRA1,Inhibitory Regulator of the RAS-cAMP pathway,0.00820061493059834,0.20511
YDR229W,IVY1,Interacting with Vps33p and Ypt7p,0.00819893536469824,0.07317
YGR183C,QCR9,ubiQuinol-cytochrome C oxidoReductase,0.00819389906227738,0.3065
YOR055W,NA,NA,0.00819350713981383,0.15001
YGR223C,HSV2,Homologous with SVP1,0.00817468792588614,0.20303
YKL085W,MDH1,Malate DeHydrogenase,0.00817161597611988,0.33543
YOL165C,AAD15,Aryl-Alcohol Dehydrogenase,0.00815843052046845,0.20381
YJR146W,NA,NA,0.00815700870641579,0.16917
YHR022C,NA,NA,0.00815275964696918,0.18064
YLR031W,NA,NA,0.0081468655956641,0.16038
YML120C,NDI1,NADH Dehydrogenase Internal,0.00814166524677468,0.40416
YMR159C,ATG16,AuTophaGy related,0.00813694436137532,0.12624
YNR016C,ACC1,Acetyl-CoA Carboxylase,0.00812986120150994,0.21744
YGR167W,CLC1,Clathrin Light Chain,0.00812965360279241,0.14465
YHR116W,COX23,Cytochrome OXidase,0.00812116917480241,0.41836
YMR001C,CDC5,Cell Division Cycle,0.00811184306125829,0.37058
YDL126C,CDC48,Cell Division Cycle,0.00811007241365658,0.21054
YDL025C,RTK1,Ribosome biogenesis and TRNA synthetase-associated Kinase,0.0081060579826939,0.11227
YJR098C,NA,NA,0.00810084309684306,0.18255
YPR030W,CSR2,Chs5 Spa2 Rescue,0.00809713932107855,0.19826
YAL055W,PEX22,PEroXisome related,0.0080926835276729,0.11595
YLL050C,COF1,COFilin,0.00807572763571179,0.16897
YMR253C,NA,NA,0.0080727009244632,0.09302
YCR082W,AHC2,Ada Histone acetyltransferase complex Component,0.00806661955259301,0.12737
YDR327W,NA,NA,0.00806135175401922,0.10368
YGR077C,PEX8,PEroXin,0.00805887812127588,0.08788
YMR068W,AVO2,Adheres VOraciously (to TOR2),0.00805611581228423,0.09846
YAR018C,KIN3,protein KINase,0.00804779186900624,0.19865
YLR279W,NA,NA,0.00803515610107713,0.17094
YMR086W,SEG1,Stability of Eisosomes Guaranteed,0.00802747779584257,0.14771
YJR150C,DAN1,Delayed ANaerobic,0.00800611283777443,0.18149
YHR101C,BIG1,Bad In Glucose,0.00798761985574278,0.10412
YKL038W,RGT1,Restores Glucose Transport,0.00798586825303424,0.12253
YPL236C,ENV7,late ENdosome and Vacuole interface function,0.00796560556540399,0.10448
YLL020C,NA,NA,0.00796075454828768,0.1771
YDR466W,PKH3,Pkb-activating Kinase Homolog,0.00795957797450927,0.12535
YKL005C,BYE1,BYpass of ESS1,0.00795438173792462,0.11742
YGR010W,NMA2,Nicotinamide Mononucleotide Adenylyltransferase,0.00794792121497586,0.03609
YNL329C,PEX6,PEroXin,0.00794710378187837,0.10001
YGR112W,SHY1,SURF Homolog of Yeast,0.00793952706634892,0.32767
YOR009W,TIR4,TIp1-Related,0.00793788579927113,0.13853
YGR080W,TWF1,TWinFilin,0.00793644685626689,0.10006
YOL117W,RRI2,NA,0.00793284795470723,0.11439
YLR337C,VRP1,VeRProlin,0.00792399005803357,0.10816
YFR019W,FAB1,Forms Aploid and Binucleate cells,0.00789509406990077,0.20098
YOR090C,PTC5,Phosphatase Two C,0.0078850483695532,0.07363
YLR141W,RRN5,Regulation of RNA polymerase I,0.00788248327951992,0.09876
YOR002W,ALG6,Asparagine-Linked Glycosylation,0.007876628722479,0.10288
YPR106W,ISR1,Inhibition of Staurosporine Resistance,0.00787642619255832,0.19472
YDR477W,SNF1,Sucrose NonFermenting,0.00787390810666023,0.12967
YLR193C,UPS1,UnProceSsed,0.00787192967478357,0.11956
YDL216C,RRI1,Regulator of Rub1 specific Isopeptidase,0.0078630683662227,0.1244
YOR364W,NA,NA,0.00785358209272244,0.21782
YBR196C,PGI1,PhosphoGlucoIsomerase,0.00785233539691457,0.17112
YDL133W,SRF1,Spo14 Regulatory Factor,0.00784470188683619,0.11302
YOL089C,HAL9,HALotolerance,0.00783713559078754,0.13574
YFR008W,FAR7,Factor ARrest,0.00781966505031271,0.09628
YER095W,RAD51,RADiation sensitive,0.0078159752507316,0.1279
YER014W,HEM14,HEMe biosynthesis,0.00779470003074374,0.20209
YPL164C,MLH3,MutL Homolog,0.00778551865879628,0.05269
YBL095W,MRX3,Mitochondrial oRganization of gene eXpression (MIOREX),0.0077844294426632,0.33
YHR178W,STB5,Sin Three Binding protein,0.00778437294273607,0.09084
YKL209C,STE6,STErile,0.00778281456097232,0.08379
YJL206C,NA,NA,0.00777568083002193,0.10231
YER115C,SPR6,SPorulation Regulated,0.00776025758394301,0.16014
YPR081C,GRS2,Glycyl-tRNA Synthase,0.0077556835486966,0.13228
YJL004C,SYS1,Suppressor of Ypt Six,0.0077473825877599,0.11037
YNL057W,NA,NA,0.00774623250427606,0.22405
YHR082C,KSP1,Kinase Suppressing Prp20-10,0.00773765471009713,0.12808
YIL146C,ATG32,AuTophaGy related,0.00772674906777731,0.11128
YMR040W,YET2,Yeast Endoplasmic reticulum Transmembrane protein,0.007716597014629,0.16564
YDR443C,SSN2,Suppressor of SNf1,0.00770299280709703,0.09278
YHR017W,YSC83,NA,0.00769689040370414,0.22869
YNL135C,FPR1,Fk 506-sensitive Proline Rotamase,0.00769381797626828,0.12277
YCR023C,NA,NA,0.00769340245513863,0.23374
YHR004C,NEM1,Nuclear Envelope Morphology,0.00768391209136411,0.12295
YGL055W,OLE1,OLEic acid requiring,0.00767110458902523,0.18986
YKR089C,TGL4,TriacylGlycerol Lipase,0.00766997075787583,0.11167
YDR394W,RPT3,"Regulatory Particle Triple-A protein, or Regulatory Particle Triphosphatase",0.00766915347519568,0.12581
YDL115C,IWR1,Interacts With RNA polymerase II,0.00766005316937683,0.14645
YDR426C,NA,NA,0.0076587471433295,0.19959
YGR225W,AMA1,Activator of Meiotic APC/C,0.00765430351301066,0.14731
YLR030W,NA,NA,0.00764552074312823,0.1408
YLR417W,VPS36,Vacuolar Protein Sorting,0.00764159588684467,0.11361
YKR096W,ESL2,EST/SMG-like,0.00764100984039672,0.20793
YCL048W,SPS22,SPorulation Specific 2 too (2),0.00762983413453843,0.1267
YML058W,SML1,Suppressor of Mec1 Lethality,0.00762226906927597,0.30778
YOL053W,AIM39,Altered Inheritance rate of Mitochondria,0.00762198402680297,0.40022
YGR059W,SPR3,SPorulation Regulated,0.00760961168335032,0.16939
YKL182W,FAS1,Fatty Acid Synthetase,0.00760241975293966,0.19184
YBR016W,NA,NA,0.00759448593423233,0.1486
YFL018C,LPD1,LiPoamide Dehydrogenase,0.00759026478944877,0.27651
YGR197C,SNG1,NA,0.00758786085036217,0.11398
YJL166W,QCR8,ubiQuinol-cytochrome C oxidoReductase,0.00758748433669628,0.20988
YKR055W,RHO4,Ras HOmolog,0.00757728863975408,0.08571
YGR241C,YAP1802,Yeast Assembly Polypeptide,0.00757095703765692,0.29754
YDR424C,DYN2,DYNein,0.00757056851773796,0.17401
YOL016C,CMK2,CalModulin dependent protein Kinase,0.00757034095906448,0.14175
YBR090C,NA,NA,0.00756972027393549,0.17049
YIL089W,NA,NA,0.007556761194398,0.08026
YDR287W,INM2,INositol Monophosphatase,0.00753680410712405,0.05367
YHR001W-A,QCR10,ubiQuinol-cytochrome C oxidoReductase,0.00753418585843298,0.29996
YGR288W,MAL13,MALtose fermentation,0.00750804185271943,0.12359
YHR199C,AIM46,Altered Inheritance rate of Mitochondria,0.00750730059322103,0.10009
YGR026W,NA,NA,0.00748137291413348,0.20543
YKL195W,MIA40,Mitochondrial intermembrane space Import and Assembly,0.00748005898681193,0.42646
YKL002W,DID4,Doa4-Independent Degradation,0.00747735640539926,0.20605
YEL024W,RIP1,Rieske Iron-sulfur Protein,0.00747694646071347,0.35921
YLR181C,VTA1,VpsTwenty Associated,0.00746266259491625,0.10619
YGR180C,RNR4,RiboNucleotide Reductase,0.00745648314303233,0.21022
YOR352W,TFB6,NA,0.00745457466310687,0.16336
YOR380W,RDR1,Repressor of Drug Resistance,0.0074358246374985,0.26851
YIL065C,FIS1,mitochondrial FISsion,0.00742810989629678,0.34198
YML048W,GSF2,Glucose Signaling Factor,0.00742571610059707,0.28193
YJL083W,TAX4,NA,0.00742560246682724,0.13046
YKL064W,MNR2,MaNganese Resistance,0.00741860207150928,0.12577
YBR109C,CMD1,CalMoDulin,0.00740154397715191,0.09261
YJL023C,PET130,PETite colonies,0.0074009577798899,0.09753
YKL020C,SPT23,SuPpressor of Ty,0.00739366853338126,0.08655
YLR012C,NA,NA,0.00737897167178228,0.26793
YMR122C,NA,NA,0.00736862010835361,0.13673
YOR007C,SGT2,Small Glutamine-rich Tetratricopeptide repeat-containing protein,0.00735209031038547,0.27465
YGL228W,SHE10,Sensitivity to High Expression,0.00735134702746774,0.11575
YKR096W,ESL2,EST/SMG-like,0.00734589330163647,0.11753
YBL091C-A,SCS22,Suppressor of Choline Sensitivity,0.00734428239887123,0.10787
YIR007W,EGH1,Cryptococcus neoformans EGCrP2 Homolog,0.00733995885527798,0.15448
YDL045C,FAD1,FAD synthetase,0.00733423624560697,0.21911
YDL193W,NUS1,Nuclear Undecaprenyl pyrophosphate Synthase,0.00732767968719539,0.09649
YPL056C,LCL1,Long Chronological Lifespan,0.00732260730806173,0.235
YGL048C,RPT6,"Regulatory Particle Triple-A protein, or Regulatory Particle Triphosphatase",0.00732223311187767,0.12224
YNL116W,DMA2,Defective in Mitotic Arrest,0.00731023673896617,0.12712
YER181C,NA,NA,0.0072891028510213,0.23257
YKL105C,SEG2,Stability of Eisosomes Guaranteed,0.00727521674028948,0.09846
YGR157W,CHO2,CHOline requiring,0.0072750962059814,0.33159
YHR180W,NA,NA,0.00727357696451827,0.08358
YOR044W,IRC23,Increased Recombination Centers,0.00727241926508885,0.41131
YHR101C,BIG1,Bad In Glucose,0.00725725564784493,0.14605
YIL071W-A,NA,NA,0.007245601923699,0.13266
YDR525W,API2,APIcal,0.00723280614049883,0.2264
YHR027C,RPN1,Regulatory Particle Non-ATPase,0.00722895689523844,0.13275
YML013W,UBX2,UBiquitin regulatory X,0.00722447543952302,0.17086
YMR210W,MGL2,MonoacylGlycerol Lipase,0.0071969588756735,0.42145
YJL196C,ELO1,ELOngation defective,0.00719549193814539,0.39013
YPL231W,FAS2,Fatty Acid Synthetase,0.00718790184329749,0.24416
YOR303W,CPA1,Carbamyl Phosphate synthetase A,0.00717649156812605,0.3982
YBR161W,CSH1,CSG1/SUR1 Homolog,0.00717463133594039,0.23561000000000001
YDR105C,TMS1,NA,0.00717255581427336,0.09251
YAR020C,PAU7,seriPAUperin family,0.00717023578162731,0.13764
YNL242W,ATG2,AuTophaGy related,0.00716996377559352,0.25748
YMR151W,YIM2,NA,0.00716684777551678,0.19005
YIL034C,CAP2,CAPping,0.00716322649928523,0.1998
YBR256C,RIB5,RIBoflavin biosynthesis,0.00715226274065699,0.14169
YLL029W,FRA1,Fe Repressor of Activation,0.00715025168712726,0.13771
YOR290C,SNF2,Sucrose NonFermenting,0.00713943815297184,0.22982
YNL293W,MSB3,Multicopy Suppressor of Bud Emergence,0.00713408127326717,0.08704
YNL257C,SIP3,SNF1-Interacting Protein,0.00712882593445873,0.14305
YBR057C,MUM2,MUddled Meiosis,0.00712875227766422,0.20096
YGL141W,HUL5,Hect Ubiquitin Ligase,0.007128316609949,0.10798
YER125W,RSP5,Reverses Spt- Phenotype,0.00711451628429102,0.12091
YGL262W,NA,NA,0.00711365714445299,0.12669
YOL131W,NA,NA,0.00709657217966787,0.21562
YJR074W,MOG1,Multicopy suppressor Of ts Gsp1,0.00709284775834794,0.16291
YDR005C,MAF1,NA,0.00707392742507668,0.12289
YPL262W,FUM1,FUMarase,0.00707239498087796,0.40312
YMR052C-A,NA,NA,0.00706157555324935,0.15748
YPL015C,HST2,Homolog of SIR Two (SIR2),0.00706114606386337,0.27418
YIL152W,NA,NA,0.00705890997813014,0.0934
YNR061C,NA,NA,0.00705888151230342,0.11002
YNL003C,PET8,PETite colonies,0.00704971513720545,0.11223
YGR235C,MIC26,MItochondrial contact site and Cristae organizing system,0.00704886769421814,0.19651
YGR066C,GID10,Glucose Induced Degradation deficient,0.00704116180172018,0.32425
YGL152C,NA,NA,0.00704068461021249,0.22956
YGR111W,NA,NA,0.00703966467570546,0.07375
YGR268C,HUA1,NA,0.0070196477102852,0.12002
YPR049C,ATG11,AuTophaGy related,0.00701437436252506,0.16139
YGL160W,AIM14,Altered Inheritance rate of Mitochondria,0.00700814722920783,0.13034
YKR050W,TRK2,TRansport of potassium (K),0.00699846957458722,0.13762
YGL087C,MMS2,Methyl MethaneSulfonate sensitivity,0.00699146696982752,0.07411
YPR200C,ARR2,ARsenicals Resistance,0.00698566330371186,0.12144
YNR073C,MAN2,MANnitol dehydrogenase,0.00697431405711043,0.28376
YBR273C,UBX7,UBiquitin regulatory X,0.00696807621593221,0.08646
YJR107W,LIH1,LIpase Homolog,0.00694233667155994,0.1534
YDR168W,CDC37,Cell Division Cycle,0.00694076491226065,0.15903
YER159C,BUR6,Bypass UAS Requirement,0.00693900465046206,0.3845
YGL188C,NA,NA,0.00692917748536193,0.17838
YKL069W,NA,NA,0.00692441634836244,0.18317
YBL041W,PRE7,PRoteinase yscE,0.006904568845549,0.11147
YHR001W,OSH7,OxySterol binding protein Homolog,0.00689772066581652,0.22354
YPL120W,VPS30,Vacuolar Protein Sorting,0.00689660371992831,0.23461
YPR097W,NA,NA,0.00689144517930721,0.12738
YBR119W,MUD1,Mutant U1 Die,0.00688598489741796,0.2282
YPR066W,UBA3,UBiquitin-like protein-Activating enzyme,0.00688272911409238,0.15454
YGL190C,CDC55,Cell Division Cycle,0.00687366658758308,0.22174
YBR170C,NPL4,Nuclear Protein Localization,0.0068723955808354,0.099
YPL057C,SUR1,SUppressor of Rvs161 and rvs167 mutations,0.00687227947829827,0.17971
YMR226C,NA,NA,0.00687199055090881,0.29786
YNL280C,ERG24,ERGosterol biosynthesis,0.00686963926630391,0.26772
YDR305C,HNT2,Histidine triad NucleoTide-binding,0.00686741901136533,0.14135
YBR223C,TDP1,Tyrosyl-DNA Phosphodiesterase,0.00686654544576931,0.09893
YJL055W,LOG1,LOnely Guy,0.00686429812621666,0.14488
YGL036W,NA,NA,0.00685148379281113,0.30928
YOR365C,NA,NA,0.00684432470046242,0.15691
YJR092W,BUD4,BUD site selection,0.00682802709662186,0.43093
YGL073W,HSF1,Heat Shock transcription Factor,0.00680150943112924,0.29767
YNL031C,HHT2,Histone H Three,0.00679587035185746,0.37917
YHL048W,COS8,COnserved Sequence,0.00678781127246592,0.18477
YER080W,AIM9,Altered Inheritance rate of Mitochondria,0.00677737082332321,0.15746
YFR033C,QCR6,ubiQuinol-cytochrome C oxidoReductase,0.0067694486471014,0.38842
YBR077C,SLM4,Synthetic Lethal with Mss4,0.0067672419005579,0.16842
YDR129C,SAC6,Suppressor of ACtin,0.00675246803324392,0.24075
YOR059C,LPL1,LD phospholipase,0.00675062671628665,0.1742
YHL035C,VMR1,Vacuolar Multidrug Resistance,0.00674891719978796,0.17063999999999999
YLR140W,NA,NA,0.00674569852103199,0.16384
YBR229C,ROT2,Reversal Of Tor2 lethality,0.00674328870743373,0.08783
YPR025C,CCL1,NA,0.00673495066380239,0.18578
YDR535C,NA,NA,0.0067334849682197,0.15405
YNL203C,NA,NA,0.00673253925915934,0.2781
YDL018C,ERP3,Emp24p/Erv25p Related Protein,0.00673137445336653,0.32954
YFR010W,UBP6,UBiquitin-specific Protease,0.0067144000862461,0.24988
YOR376W,NA,NA,0.00671035177270928,0.25075
YFR006W,NA,NA,0.00670988862304963,0.14427
YLR240W,VPS34,Vacuolar Protein Sorting,0.00670634329332134,0.09776
YOL104C,NDJ1,NonDisJunction,0.00670604514561816,0.27115
YPL206C,PGC1,Phosphatidyl Glycerol phospholipase C,0.00670208995130765,0.16269
YKR102W,FLO10,FLOcculation,0.00670015644375915,0.18519
YOR251C,TUM1,ThioUridine Modification,0.00669442119459015,0.19232
YHL048W,COS8,COnserved Sequence,0.00669352941792663,0.17562
YOR255W,OSW1,Outer Spore Wall,0.0066841117551764,0.25058
YFR014C,CMK1,CalModulin dependent protein Kinase,0.00668136550463887,0.12838
YLR371W,ROM2,RhO1 Multicopy suppressor,0.00666750588666855,0.11339
YML057W,CMP2,CalModulin binding Protein,0.00666608154769787,0.24433
YGR051C,NA,NA,0.00666576512118577,0.14785
YER175C,TMT1,Trans-aconitate MethylTransferase,0.00666239988051111,0.16872
YBR151W,APD1,Actin Patches Distal,0.00665699168043804,0.26944
YGR141W,VPS62,Vacuolar Protein Sorting,0.00663951678134558,0.10888
YJL219W,HXT9,HeXose Transporter,0.0066342676501072,0.14419
YLL056C,NA,NA,0.00662581007469496,0.3296
YGR050C,NA,NA,0.00662446131564606,0.17747
YDR377W,ATP17,ATP synthase,0.00662108219750691,0.31296
YLR011W,LOT6,LOw Temperature-responsive,0.00662048290443956,0.09784
YOR366W,NA,NA,0.00661166072546027,0.26487
YGL237C,HAP2,Heme Activator Protein,0.00661121456512481,0.11704
YDR275W,BSC2,Bypass of Stop Codon,0.00660724519888544,0.17169
YDR307W,PMT7,NA,0.00660594650951571,0.22791
YPL260W,CUB1,Cu2+ suppressing and Bleomycin sensitive,0.00659064798555909,0.30108
YGR100W,MDR1,Mac1-Dependent Regulator,0.00658574878280394,0.09547
YML001W,YPT7,Yeast Protein Two,0.00658525008454932,0.12563
YJL094C,KHA1,K/H ion Antiporter,0.00657886516162916,0.0948
YLR036C,NA,NA,0.00657826101306805,0.13273
YFL029C,CAK1,Cdk-Activating Kinase,0.0065766470389676,0.12354
YJR161C,COS5,COnserved Sequence,0.00657508503600352,0.20683000000000001
YJL154C,VPS35,Vacuolar Protein Sorting,0.00657492434779513,0.19865
YGL117W,NA,NA,0.00657196438460356,0.28276
YOR208W,PTP2,Protein Tyrosine Phosphatase,0.00656208146518158,0.11446
YDL106C,PHO2,PHOsphate metabolism,0.00655860603793289,0.12426
YER012W,PRE1,PRoteinase yscE,0.00655466000981699,0.15052
YPL225W,NA,NA,0.00653940016513901,0.28505
YFL020C,PAU5,seriPAUperin family,0.00653665392987421,0.13164
YOL122C,SMF1,Suppressor of Mitochondria import Function,0.00653633968136055,0.23653
YDR254W,CHL4,CHromosome Loss,0.00653435814233414,0.21515
YIL071C,PCI8,Proteasome-COP9 signalosome (CSN)-eIF3,0.0065320576720407,0.15197
YPR108W,RPN7,Regulatory Particle Non-ATPase,0.00653106382936969,0.13687
YIL032C,NA,NA,0.00652126288344683,0.25879
YLR280C,NA,NA,0.00652091189216846,0.2429
YHR021W-A,ECM12,ExtraCellular Mutant,0.00651688691931754,0.17364
YAL001C,TFC3,Transcription Factor class C,0.0065107453263802,0.13571
YBR301W,PAU24,seriPAUperin family,0.00650888405420993,0.23567
YBR103W,SIF2,Sir4p-Interacting Factor,0.00649859686677607,0.22022
YBR178W,NA,NA,0.00648867495277015,0.26867
YOR117W,RPT5,"Regulatory Particle Triple-A protein, or Regulatory Particle Triphosphatase",0.00647841075721795,0.12753
YNL025C,SSN8,Suppressor of SNf1,0.00647302525123163,0.11084
YOL101C,IZH4,Implicated in Zinc Homeostasis,0.00646159262907744,0.41889
YJL172W,CPS1,CarboxyPeptidase yscS,0.00645809177058295,0.182
YML118W,NGL3,NA,0.00645516466285997,0.17618
YFL019C,NA,NA,0.00645297873353298,0.1695
YPR078C,NA,NA,0.00644585733421461,0.17829
YDR344C,NA,NA,0.00643505751110699,0.27427
YPL134C,ODC1,OxoDicarboxylate Carrier,0.00643501669971337,0.40936
YDL097C,RPN6,Regulatory Particle Non-ATPase,0.00643132728772774,0.15997
YDR470C,UGO1,UGO (Japanese for fusion),0.00641943748688123,0.1836
YHR053C,CUP1-1,"Cu, copper, CUPrum",0.00641926985315387,0.29767
YJL170C,ASG7,a-Specific Gene,0.00641806377842545,0.18994
YLR006C,SSK1,Suppressor of Sensor Kinase,0.00641558245637534,0.12316
YJL037W,IRC18,Increased Recombination Centers,0.00640154119251487,0.10249
YLR202C,NA,NA,0.00639709321001898,0.2767
YJL026W,RNR2,RiboNucleotide Reductase,0.00639440836123496,0.35127
YKR011C,NA,NA,0.00637157829441135,0.35303
YFL039C,ACT1,ACTin,0.00637138796984087,0.11226
YCR017C,CWH43,Calcofluor White Hypersensitive,0.00637116136763322,0.17815
YGR023W,MTL1,Mid-Two Like,0.00636469435749755,0.36063
YJL027C,NA,NA,0.00636114169821804,0.23534
YGL082W,NA,NA,0.00635219604796547,0.31676
YJR034W,PET191,PETite colonies,0.00635055738089547,0.44113
YJR035W,RAD26,RADiation sensitive,0.00634702809705177,0.13701
YFL033C,RIM15,Regulator of IME2,0.00634576821818432,0.1458
YER028C,MIG3,Multicopy Inhibitor of Growth,0.00634510065112278,0.25393
YKR031C,SPO14,SPOrulation,0.00634051576432232,0.18314
YER144C,UBP5,UBiquitin-specific Protease,0.00633396026996389,0.16167
YLR408C,BLS1,BLoS1-homolog,0.00632782082436716,0.26989
YDR252W,BTT1,BTf Three,0.00632376264627313,0.14565
YDR315C,IPK1,Inositol Polyphosphate Kinase,0.00631402326328661,0.11271
YFR018C,NA,NA,0.00631352140901826,0.16988
YNL130C,CPT1,CholinePhosphoTransferase,0.00631172397498679,0.23779
YMR011W,HXT2,HeXose Transporter,0.00630694090400653,0.38016
YGL056C,SDS23,homolog of S. pombe SDS23,0.006293659926528,0.21019
YGL206C,CHC1,Clathrin Heavy Chain,0.00628512663039927,0.33736
YJR102C,VPS25,Vacuolar Protein Sorting,0.00627772211381238,0.21332
YGL187C,COX4,Cytochrome c OXidase,0.00627499446225919,0.38149
YGR029W,ERV1,Essential for Respiration and Viability,0.0062597285509959,0.34354
YDR427W,RPN9,Regulatory Particle Non-ATPase,0.00625537679124229,0.1214
YML129C,COX14,Cytochrome c OXidase,0.00624493689648003,0.43899
YDR363W-A,SEM1,Suppressor of Exocyst Mutations,0.00623468594412405,0.20943
YPL016W,SWI1,SWItching deficient,0.00623338435308457,0.23437
YOR257W,CDC31,Cell Division Cycle,0.00622997619524589,0.3033
YIL100W,NA,NA,0.00622408713877443,0.22281
YIL162W,SUC2,SUCrose,0.00622223803836891,0.43799
YOR193W,PEX27,PEroXisome related,0.006215320498377,0.10692
YMR056C,AAC1,ADP/ATP Carrier,0.00620464444699674,0.30716
YER017C,AFG3,ATPase Family Gene,0.00619853064380786,0.3135
YER059W,PCL6,Pho85 CycLin,0.00619423525066393,0.2042
YKL146W,AVT3,Amino acid Vacuolar Transport,0.00619363079258118,0.33635
YKL204W,EAP1,EIF4E-Associated Protein,0.00619112740258935,0.14553
YNL285W,NA,NA,0.00619026758520554,0.17177
YGR048W,UFD1,Ubiquitin Fusion Degradation protein,0.00618436647273382,0.17398
YOR083W,WHI5,WHIskey,0.00618147875238002,0.18475
YPR003C,NA,NA,0.00616002455862246,0.11317
YOL070C,NBA1,Nap1p and Bud neck Associated,0.00615288623053784,0.13245
YBR272C,HSM3,enHanced Spontaneous Mutability,0.00615277564593208,0.10436
YER119C-A,NA,NA,0.00615221810627841,0.19015
YJL100W,LSB6,Las Seventeen Binding protein,0.00613977214633126,0.13963
YBL109W,NA,NA,0.00613541272202491,0.25887
YPR042C,PUF2,PUmilio-homology domain Family,0.00613098217067555,0.09647
YDR476C,NA,NA,0.00611980826116449,0.1556
YOL159C,CSS3,Condition Specific Secretion,0.00610117725523728,0.20148
YLR395C,COX8,Cytochrome c OXidase,0.00609562611155474,0.29642
YNL297C,MON2,MONensin sensitivity,0.00608525194961489,0.30953
YCL041C,NA,NA,0.00608485453571316,0.22547
YML049C,RSE1,RNA Splicing and ER-to-Golgi transport,0.00608444058102951,0.14491
YPR156C,TPO3,Transporter of POlyamines,0.00608007583359912,0.17838
YGR193C,PDX1,Pyruvate Dehydrogenase complex protein X,0.00607511483077596,0.1806
YLR120C,YPS1,YaPSin,0.00607419315880957,0.15951
YDR107C,TMN2,TransMembrane Nine,0.00606662163824396,0.17929
YJL103C,GSM1,Glucose Starvation Modulator,0.00606646154011674,0.25396
YDR225W,HTA1,Histone h Two A,0.00606322526770176,0.30557
YER034W,NA,NA,0.00606125100806842,0.33273
YOR082C,NA,NA,0.00606107335108456,0.178
YPL095C,EEB1,Ethyl Ester Biosynthesis,0.00605689408066595,0.11246
YLR072W,LAM6,Lipid transfer protein Anchored at Membrane contact site,0.00605682948398927,0.10780000000000001
YER093C-A,AIM11,Altered Inheritance rate of Mitochondria,0.0060452387458974,0.41694
YGR122C-A,NA,NA,0.00604004742939988,0.21134
YLL020C,NA,NA,0.00603584846497572,0.14261
YNR069C,BSC5,Bypass of Stop Codon,0.00602833142526973,0.19552
YGR092W,DBF2,DumbBell Former,0.00602307272665872,0.24562
YCL049C,NA,NA,0.00602000553272791,0.39674
YGR029W,ERV1,Essential for Respiration and Viability,0.00601973378489602,0.32737
YPL188W,POS5,PerOxide Sensitive,0.00600746930391432,0.3904
YGL002W,ERP6,Emp24p/Erv25p Related Protein,0.00600279598768239,0.13872
YKR012C,NA,NA,0.00600178041463016,0.17681
YMR232W,FUS2,cell FUSion,0.00600095722101793,0.17391
YKL147C,NA,NA,0.00599590743506753,0.20283
YEL067C,NA,NA,0.00599097711839815,0.12751
YMR057C,NA,NA,0.0059836738998237,0.22778
YHL020C,OPI1,OverProducer of Inositol,0.005979258113595,0.19728
YNL144C,NA,NA,0.00595918744056565,0.35768
YIL066W-A,NA,NA,0.00595603744493815,0.25379
YMR071C,TVP18,Tlg2-Vesicle Protein,0.00595112938134904,0.19052
YNL131W,TOM22,Translocase of the Outer Mitochondrial membrane,0.00594140139228438,0.38604
YIL072W,HOP1,HOmolog Pairing,0.00594054318922613,0.11013
YDL026W,NA,NA,0.0059361204695783,0.24909
YNL318C,HXT14,HeXose Transporter,0.00593276243312328,0.25139
YPR201W,ARR3,ARsenicals Resistance,0.00591454768551156,0.1542
YPL078C,ATP4,ATP synthase,0.00591250251503218,0.37582
YBL050W,SEC17,SECretory,0.0059104516669949,0.19276
YDR318W,MCM21,MiniChromosome Maintenance,0.00590289802232965,0.11542
YNL011C,NA,NA,0.00590030268063259,0.30631
YLR119W,SRN2,"Suppressor of Rna mutations, Number 2",0.0058997257458324,0.11902
YGL134W,PCL10,Pho85 CycLin,0.0058974013218607,0.09135
YKL066W,NA,NA,0.00589262212084093,0.31843
YKL126W,YPK1,Yeast Protein Kinase,0.00588732377352933,0.33868
YHL048W,COS8,COnserved Sequence,0.00587947139046054,0.22938
YLR081W,GAL2,GALactose metabolism,0.00587344359326254,0.15132
YHR051W,COX6,Cytochrome c OXidase,0.00585894326916062,0.34523
YHR035W,NEL1,Non-ERES Localized Sec23 homolog 1,0.00585295182561564,0.1249
YPR015C,NA,NA,0.00585228254393228,0.13271
YEL013W,VAC8,VACuole related,0.005842741785509,0.09382
YDR274C,NA,NA,0.00584179839065375,0.17146
YFR047C,BNA6,Biosynthesis of Nicotinic Acid,0.00583770733829085,0.13305
YDL007W,RPT2,"Regulatory Particle Triple-A protein, or Regulatory Particle Triphosphatase",0.00582354576263524,0.23793
YMR267W,PPA2,PyroPhosphatAse,0.00582115059170663,0.39029
YMR278W,PRM15,Phospho Ribo Mutase,0.00581889159110655,0.1613
YER048C,CAJ1,NA,0.00581556923399414,0.30879
YGL093W,SPC105,Spindle Pole Component,0.00580892966625547,0.20799
YDR305C,HNT2,Histidine triad NucleoTide-binding,0.00580853367453029,0.12443
YCR014C,POL4,POLymerase,0.00580648315452718,0.13084
YLR112W,NA,NA,0.0058024834119759,0.3999
YOR181W,LAS17,NA,0.00579970099999216,0.15037
YMR298W,LIP1,Lag1p/Lac1p Interacting Protein,0.00579773299413312,0.21209
YNL271C,BNI1,Bud Neck Involved,0.00579684200673523,0.21326
YLR117C,CLF1,Crooked neck-Like Factor,0.00578825856184889,0.15931
YER046W,SPO73,SPOrulation,0.00578541084002734,0.18575
YJR161C,COS5,COnserved Sequence,0.00577554025596639,0.21639
YMR025W,CSI1,Cop9 Signalosome Interactor,0.0057748865461126,0.11981
YOR020C,HSP10,Heat Shock Protein,0.00577024074958545,0.41102
YKL016C,ATP7,ATP synthase,0.00577000762522093,0.38011
YGR029W,ERV1,Essential for Respiration and Viability,0.00576186760094014,0.27722
YBL003C,HTA2,Histone h Two A,0.00575325178614957,0.40929
YOL133W,HRT1,High level expression Reduces Ty3 transposition,0.00574164232398155,0.13945
YLR436C,ECM30,ExtraCellular Mutant,0.00573984228365497,0.21753
YDL230W,PTP1,Protein Tyrosine Phosphatase,0.00573203956713238,0.20448
YJL032W,NA,NA,0.00572380401834805,0.22092
YLR421C,RPN13,Regulatory Particle Non-ATPase,0.00572288692746423,0.20491
YHR132C,ECM14,ExtraCellular Mutant,0.00570585646867872,0.15689
YDR403W,DIT1,DITyrosine,0.00570567445856995,0.14735
YEL033W,MTC7,Maintenance of Telomere Capping,0.00570443652275896,0.19123
YKL044W,MMO1,Mini Mitochondria ORF,0.00569925859380905,0.27087
YLR101C,NA,NA,0.00569866908964148,0.21033
YDL076C,RXT3,NA,0.00569403972361395,0.11
YHR033W,NA,NA,0.00569222139276798,0.3523
YJR083C,ACF4,Assembly Complementing Factor,0.00568949937302142,0.09792
YEL007W,MIT1,Muc1 expressed Independent of TEC1,0.00568550224232992,0.25507
YKL220C,FRE2,Ferric REductase,0.00568385567420002,0.19085
YLR154C,RNH203,RNase H,0.00567521579796754,0.28557
YER116C,SLX8,Synthetic Lethal of unknown (X) function,0.00567511001017972,0.18452
YLR140W,NA,NA,0.00567273653558249,0.19577
YKR098C,UBP11,UBiquitin-specific Protease,0.00566434437332746,0.27486
YOR097C,NA,NA,0.00566172343522196,0.12797
YJL028W,NA,NA,0.00565355541643762,0.25139
YPL110C,GDE1,GlycerophosphoDiEsterase,0.00565144847900763,0.09669
YDR369C,XRS2,X-Ray Sensitive,0.00564359225018113,0.12058
YOR327C,SNC2,Suppressor of the Null allele of CAP,0.00564349680964179,0.17434
YPR083W,MDM36,Mitochondrial Distribution and Morphology,0.00563622417335469,0.14114
YGL181W,GTS1,Glycine Threonine Serine repeat protein,0.00563592374811944,0.15197
YKL062W,MSN4,Multicopy suppressor of SNF1 mutation,0.00563350933269805,0.16474
YOR137C,SIA1,Suppressor of eIF5A,0.00562906019639464,0.20009
YCL008C,STP22,STerile Pseudoreversion,0.00562093387076576,0.16717
YJR130C,STR2,Sulfur TRansfer,0.00561968842965704,0.19743
YER153C,PET122,PETite colonies,0.00561694479790382,0.13383
YDR286C,MGP12,Mitochondrial Glutaredoxin-like Protein of 12 kDa,0.00561417992859389,0.4046
YNL328C,MDJ2,Mitochondrial DnaJ homolog,0.00561337969156797,0.15142
YHL002W,HSE1,"Has Symptoms of class E mutants; resembles Hbp, Stam and East",0.00560933293740079,0.14841
YBR173C,UMP1,Ubiquitin-Mediated Proteolysis,0.00560435636777028,0.14382
YPR093C,ASR1,Alcohol Sensitive Ring/PHD finger,0.0055965847656827,0.33769
YBR037C,SCO1,Suppressor of Cytochrome Oxidase deficiency,0.00559653284303125,0.42085
YER020W,GPA2,G Protein Alpha subunit,0.00559025118334009,0.27539
YOR029W,NA,NA,0.00558673030883504,0.25081
YLR128W,DCN1,Defective in Cullin Neddylation,0.00558538881165483,0.13195
YER104W,RTT105,Regulator of Ty1 Transposition,0.00558357732783219,0.10121
YEL030W,ECM10,ExtraCellular Mutant,0.00558275653625089,0.19356
YNL026W,SAM50,Sorting and Assembly Machinery,0.00558049685229457,0.33378
YDR533C,HSP31,Heat-Shock Protein,0.0055781885134598,0.42618
YMR314W,PRE5,PRoteinase yscE,0.00555417813145667,0.18897
YBR270C,BIT2,Binding partner of Tor2p,0.00554933386112745,0.30474
YDL233W,MFG1,Morphogenetic regulator of Filamentous Growth,0.00554194909965451,0.09458
YPL162C,NA,NA,0.00553580146088081,0.32699
YLR288C,MEC3,Mitosis Entry Checkpoint,0.00553408483707026,0.31042
YLR049C,MLO50,Mitochondrially LOcalized protein of 50 kDa,0.00553160013296343,0.35115
YLR330W,CHS5,CHitin Synthase-related,0.00553047630477377,0.21485
YOL025W,LAG2,Longevity Assurance Gene,0.00552506839352525,0.2085
YIR019C,FLO11,FLOcculation,0.00552482075771465,0.23159
YHR185C,PFS1,Prospore Formation at Spindles,0.00552302641644945,0.21887
YBR255W,MTC4,Maintenance of Telomere Capping,0.0055225563798357,0.26144
YKL106W,AAT1,Aspartate AminoTransferase,0.00551904556725734,0.31775
YNL192W,CHS1,CHitin Synthase,0.0055157203513881,0.33312
YBR226C,NA,NA,0.00551287397049911,0.13751
YJR142W,NA,NA,0.00550801325965395,0.19805
YGL173C,XRN1,eXoRiboNuclease,0.00550723405411522,0.18057
YDR272W,GLO2,GLyOxalase,0.00550125678366685,0.11227
YGL004C,RPN14,Regulatory Particle Non-ATPase,0.0054995243218974,0.15783
YOR126C,IAH1,Isoamyl Acetate-Hydrolyzing esterase,0.00549398614316206,0.2561
YLL028W,TPO1,Transporter of POlyamines,0.00547962822603172,0.37584
YHL018W,MCO14,Mitochondrial Class One protein of 14 kDa,0.0054784418503553,0.21141
YFL038C,YPT1,Yeast Protein Two,0.00547664105922526,0.11694
YGR122C-A,NA,NA,0.00547202264879775,0.21118
YGR168C,PEX35,PEroXin,0.00547012654326808,0.10903
YDR511W,SDH7,Succinate DeHydrogenase,0.00544622902472942,0.43262
YPL167C,REV3,REVersionless,0.00544558132185556,0.2443
YDR069C,DOA4,Degradation Of Alpha,0.00543756836137244,0.1055
YMR092C,AIP1,Actin Interacting Protein,0.00543602929389498,0.2127
YPR075C,OPY2,Overproduction-induced Pheromone-resistant Yeast,0.00543407860727224,0.17331
YPL084W,BRO1,BCK1-like Resistance to Osmotic shock,0.00542898332023012,0.11558
YPL021W,ECM23,ExtraCellular Mutant,0.00542669671179872,0.27229
YGR037C,ACB1,Acyl-CoA-Binding,0.00541552830099598,0.19909
YHR074W,QNS1,glutamine (Q) dependent Nad+ Synthetase,0.00539997506184354,0.17978
YLR124W,NA,NA,0.00539151299392455,0.14159
YPL031C,PHO85,PHOsphate metabolism,0.00537643858610601,0.28728
YIL111W,COX5B,Cytochrome c OXidase,0.00537153753615681,0.25723
YOR190W,SPR1,SPorulation Regulated,0.00536892726484719,0.145
YDR076W,RAD55,RADiation sensitive,0.0053628583830071,0.16512
YDR118W,APC4,Anaphase Promoting Complex,0.00535662103792562,0.14558
YBR217W,ATG12,AuTophaGy related,0.0053538148467498,0.11011
YPL062W,NA,NA,0.00535125088312248,0.23539
YLR097C,HRT3,High level expression Reduces Ty3 transposition,0.00535059175035608,0.10607
YGL084C,GUP1,Glycerol UPtake,0.00534552115609661,0.32237
YDR354W,TRP4,TRyPtophan,0.00533932577330527,0.18418
YPR128C,ANT1,Adenine Nucleotide Transporter,0.00533666142840727,0.22071
YMR027W,NA,NA,0.00533246924463547,0.29922
YLR094C,GIS3,GIg1-2 Suppressor,0.00532471900108069,0.16417
YLR329W,REC102,RECombination,0.00532333362718149,0.15806
YML079W,NA,NA,0.00532303816898246,0.19348
YPL191C,NA,NA,0.00532197696926331,0.12083
YDR334W,SWR1,SWi2/snf2-Related,0.00530803508659619,0.14434
YJL131C,AIM23,Altered Inheritance rate of Mitochondria,0.00530768922076063,0.34826
YPR064W,NA,NA,0.005303935721386,0.24634
YGR133W,PEX4,PEroXin,0.00530365700950213,0.14742
YKL127W,PGM1,PhosphoGlucoMutase,0.00529756017255506,0.3989
YLR039C,RIC1,RIbosome Control,0.00529654461783955,0.15602
YDR401W,NA,NA,0.00529572062481916,0.2465
YOR032C,HMS1,High-copy Mep Suppressor,0.00529154112120788,0.23953
YML085C,TUB1,TUBulin,0.00528936434209017,0.41834
YML100W-A,NA,NA,0.00528753872694526,0.25211
YDR169C,STB3,Sin Three Binding protein,0.00528472972501092,0.16068
YIR003W,AIM21,Altered Inheritance rate of Mitochondria,0.00527876239578693,0.24297
YLR460C,NA,NA,0.00527844923000928,0.15545
YOR070C,GYP1,Gtpase-activating protein for YPt1p,0.00527655886164622,0.11835
YML117W,NAB6,Nucleic Acid Binding protein,0.00526718459743108,0.2751
YJL084C,ALY2,Arrestin-Like Yeast protein,0.00526237675897561,0.26735
YMR201C,RAD14,RADiation sensitive,0.0052522572914052296,0.08819
YMR086C-A,NA,NA,0.00525178989204238,0.09928
YJR012C,NA,NA,0.00524649194250306,0.13214
YOR015W,NA,NA,0.00524540730116959,0.27105
YDR529C,QCR7,ubiQuinol-cytochrome C oxidoReductase,0.00523462939254063,0.41893
YKL043W,PHD1,PseudoHyphal Determinant,0.00523311476579846,0.2787
YNL157W,IGO1,Initiation of G zerO,0.00522770221258552,0.19181
YJL099W,CHS6,CHitin Synthase-related,0.00521225446781913,0.11555
YBL099W,ATP1,ATP synthase,0.00521031339492279,0.36358
YGR242W,NA,NA,0.00520445168413068,0.18958
YBR136W,MEC1,Mitosis Entry Checkpoint,0.00519043939269295,0.14104
YNR032C-A,HUB1,Homologous to UBiquitin,0.00517866334303354,0.2923
YAR023C,NA,NA,0.00517233663733844,0.1727
YHR189W,PTH1,Peptidyl-Trna Hydrolase,0.00514999975190196,0.14948
YKR070W,NA,NA,0.00514830664214407,0.15284
YMR115W,MGR3,Mitochondrial Genome Required,0.00513701643730343,0.26931
YLR265C,NEJ1,Nonhomologous End-Joining defective,0.00513342988174374,0.17591
YDR285W,ZIP1,molecular ZIPper,0.00513302243202842,0.14319
YDL117W,CYK3,CYtoKinesis,0.00511908742701943,0.38513
YEL038W,UTR4,Unidentified TRanscript,0.00510120746007889,0.33104
YEL059C-A,SOM1,SOrting Mitochondrial,0.00509435805928707,0.30304
YNL028W,NA,NA,0.00509118562711506,0.30523
YBL084C,CDC27,Cell Division Cycle,0.00508802787743457,0.3647
YPR007C,REC8,RECombination,0.00508493921661782,0.23693
YER188C-A,NA,NA,0.00508177125286826,0.21223
YIL129C,TAO3,Transcriptional Activator of OCH1,0.00508096725127023,0.30757
YDR166C,SEC5,SECretory,0.00507603198753681,0.27798
YJL160C,PIR5,Protein with Internal Repeats,0.00507258816036107,0.19138
YKL058W,TOA2,NA,0.00506673278529159,0.31432
YGR117C,NA,NA,0.00506380432790188,0.19142
YLR125W,NA,NA,0.00506160998034227,0.10992
YOL049W,GSH2,Glutathione,0.00505765065664276,0.18909
YNL314W,DAL82,Degradation of Allantoin,0.00505224675603125,0.0822
YKL161C,KDX1,Kinase Dead X-talker,0.00505124854949547,0.15705
YER037W,PHM8,PHosphate Metabolism,0.00504142988333236,0.37472
YHL006C,SHU1,Suppressor of HU sensitivity,0.00503194909786862,0.16931
YGR182C,NA,NA,0.00503039176739654,0.38097
YOR118W,RTC5,Restriction of Telomere Capping,0.00502781330462865,0.19917
YKL219W,COS9,COnserved Sequence,0.0050182799054567,0.19203
YMR122W-A,NCW1,Novel Cell Wall protein,0.00500528086962084,0.39165
YNL265C,IST1,Increased Sodium Tolerance,0.00500239805007003,0.2301
YGL251C,HFM1,Helicase Family Member,0.00499925510504401,0.16119
YPL249C,GYP5,Gtpase-activating protein for Ypt Proteins,0.00498741821025225,0.15528
YBL033C,RIB1,RIBoflavin biosynthesis,0.00496968044745584,0.32994
YBL080C,PET112,PETite colonies,0.00496343277125727,0.38204
YMR008C,PLB1,PhosphoLipase B,0.00496136004562511,0.29024
YLL016W,NA,NA,0.00496046936508805,0.10793
YKR052C,MRS4,Mitochondrial RNA Splicing,0.0049584734966949,0.36373
YML012W,ERV25,ER Vesicle,0.0049555919025063,0.2421
YLL049W,LDB18,Low Dye Binding,0.00494916547345659,0.25331
YOR259C,RPT4,"Regulatory Particle Triple-A protein, or Regulatory Particle Triphosphatase",0.00494713324293881,0.26952
YML053C,NA,NA,0.00493529689764565,0.36823
YAL032C,PRP45,Pre-mRNA Processing,0.00492154901266253,0.14068
YLR232W,NA,NA,0.00491914003060157,0.24038
YBR207W,FTH1,FTR1 Homolog,0.00491800412184065,0.24097
YPR134W,MSS18,Mitochondrial Splicing System,0.00491472888448235,0.13547
YCL008C,STP22,STerile Pseudoreversion,0.00490614649146916,0.20826
YJR010C-A,SPC1,Signal Peptidase Complex,0.00489521622203975,0.18569
YKL118W,NA,NA,0.00489297049057883,0.27217
YNL091W,NST1,Negatively affects Salt Tolerance,0.00488934460647132,0.19097
YAL010C,MDM10,Mitochondrial Distribution and Morphology,0.00488463622129129,0.14612
YBR264C,YPT10,Yeast Protein Two,0.00487209077204261,0.09982
YLR025W,SNF7,Sucrose NonFermenting,0.00487108083177543,0.19146
YLR136C,TIS11,similar to the mammalian TPA Induced Sequence gene family,0.00486835968602081,0.33427
YOR053W,NA,NA,0.00486512721347351,0.25402
YNR033W,ABZ1,para-AminoBenZoic acid (PABA) biosynthesis,0.00486224339530461,0.36971
YGL051W,MST27,Multicopy suppressor of Sec Twenty one,0.00484424567918713,0.26259
YOR384W,FRE5,Ferric REductase,0.00483509194122651,0.16781
YNL269W,BSC4,Bypass of Stop Codon,0.00482813896774834,0.26066
YKL136W,NA,NA,0.00481729149504241,0.29589
YDR290W,NA,NA,0.00481727236315941,0.26224
YJL167W,ERG20,ERGosterol biosynthesis,0.00481568171919502,0.31318
YAR070C,NA,NA,0.00481555219838533,0.24437
YMR109W,MYO5,MYOsin,0.00481279938641136,0.16213
YPL059W,GRX5,GlutaRedoXin,0.00479972444107284,0.40739
YAL069W,NA,NA,0.00479360153083943,0.32859
YBR235W,VHC1,Vacuolar protein Homologous to CCC family,0.00479359120478202,0.15272
YDR215C,NA,NA,0.00479270814711706,0.27577
YJR122W,IBA57,Iron-sulfur cluster assembly factor for Biotin synthase and Aconitase-like mitochondrial proteins,0.00479099810067195,0.44596
YDR456W,NHX1,Na+/H+ eXchanger,0.00478994116443184,0.21077
YDL173W,PAR32,Phosphorylated After Rapamycin,0.00478476562890958,0.13137
YFR004W,RPN11,Regulatory Particle Non-ATPase,0.00477712243480918,0.23339
YOL106W,NA,NA,0.00477569551282622,0.19017
YJL152W,NA,NA,0.00476425357047964,0.26512
YBR020W,GAL1,GALactose metabolism,0.00475878781570759,0.14711
YPL190C,NAB3,Nuclear polyAdenylated RNA-Binding,0.00475573894083725,0.34903
YGL179C,TOS3,Target Of Sbf,0.00475391153571927,0.31754
YGL126W,SCS3,Suppressor of Choline Sensitivity,0.0047471848755437,0.20831
YGL045W,RIM8,Regulator of IME2,0.00474127320704608,0.36717
YFL051C,NA,NA,0.00473987626818234,0.33183
YER048W-A,ISD11,"Iron-Sulfur protein biogenesis, Desulfurase-interacting protein",0.00473029187656734,0.40248
YDR499W,LCD1,"Lethal, Checkpoint-defective, DNA damage sensitive",0.0047220526768269,0.13858
YKR065C,PAM17,Presequence translocase-Associated Motor,0.00471424534772172,0.43769
YKR004C,ECM9,ExtraCellular Mutant,0.0047112732283131,0.25518
YMR183C,SSO2,Supressor of Sec One,0.00471041775799116,0.13211
YIL054W,NA,NA,0.00470475860788384,0.29617
YJR086W,STE18,STErile,0.00469934997992832,0.22243
YDR072C,IPT1,InositolPhosphoTransferase,0.00469413177330539,0.4033
YDR162C,NBP2,Nap1 Binding Protein,0.00469379689897336,0.12206
YPL027W,SMA1,Spore Membrane Assembly,0.00468695574233511,0.2038
YIR025W,MND2,Meiotic Nuclear Divisions,0.00468100076972395,0.22232
YDL090C,RAM1,RAS protein and A-factor Maturation,0.00467529862838204,0.24797
YHL028W,WSC4,cell Wall integrity and Stress response Component,0.00467499399364657,0.31548
YJL136W-A,NA,NA,0.00467446153025392,0.28022
YLR156W,NA,NA,0.00467250678036506,0.17204
YLR217W,NA,NA,0.00467201366477765,0.331
YKR005C,NA,NA,0.0046705388522774,0.15461
YIL006W,YIA6,NA,0.00466740698033533,0.30234
YOR114W,DPI34,Delta-Psi dependent mitochondrial Import protein of ~34 kDa,0.00466616792296085,0.29645
YPR039W,NA,NA,0.00466329222599094,0.26682
YJL117W,PHO86,PHOsphate metabolism,0.00465459048940546,0.12997
YJR157W,NA,NA,0.00465436889008751,0.32618
YOR282W,NA,NA,0.00464407826341909,0.32192
YGR224W,AZR1,Acetic Acid and AZoles Resistance,0.00463866645867716,0.20801
YDR305C,HNT2,Histidine triad NucleoTide-binding,0.00463858039751293,0.19258
YKR021W,ALY1,Arrestin-Like Yeast protein,0.004631755630429,0.19614
YJR087W,NA,NA,0.00462943630972538,0.20553
YIL058W,NA,NA,0.00462296954696088,0.22548
YDR199W,NA,NA,0.00461702680904881,0.20929
YNL051W,COG5,Conserved Oligomeric Golgi complex,0.00460484646850809,0.15675
YAR030C,NA,NA,0.00459587539584114,0.26416
YFL021C-A,NA,NA,0.00459477235953305,0.26118
YER021W,RPN3,Regulatory Particle Non-ATPase,0.00458495866542121,0.14115
YHL022C,SPO11,SPOrulation,0.00457517259709768,0.27874
YKL111C,NA,NA,0.00457323757326219,0.30569
YPL270W,MDL2,MultiDrug resistance-Like,0.00457057315449283,0.21018
YGR206W,MVB12,MultiVesicular Body sorting factor of 12 kilodaltons,0.00456558319959041,0.24621
YDR273W,DON1,DONut,0.00455505589262877,0.25426
YLL017W,NA,NA,0.00454968506779562,0.14915
YPR165W,RHO1,Ras HOmolog,0.00454264272434726,0.1901
YOL134C,NA,NA,0.00453313567746227,0.28923
YPR023C,EAF3,Esa1p-Associated Factor,0.00453248688372653,0.28321
YOR382W,FIT2,Facilitator of Iron Transport,0.00453042492070087,0.46282
YLR306W,UBC12,UBiquitin-Conjugating,0.00452659322099625,0.13342
YLR132C,USB1,U Six Biogenesis,0.00452419341959467,0.36621
YGL052W,NA,NA,0.00452173620009369,0.2226
YHL019C,APM2,clathrin Adaptor Protein complex Medium chain,0.00452081715452898,0.17237
YDR007W,TRP1,TRyPtophan,0.00451559479829197,0.37959
YAL031C,GIP4,Glc7 Interacting Protein,0.0045102446551408,0.24586
YGR212W,SLI1,Sphingosine-Like Immunosuppressant resistant gene,0.00450954133858845,0.14857
YLR302C,NA,NA,0.00450542012152791,0.24783
YNR045W,PET494,PETite colonies,0.0044994033715462,0.40581
YEL052W,AFG1,ATPase Family Gene,0.00449029465832651,0.43083
YLR294C,NA,NA,0.00448010828897274,0.35478
YCR038C,BUD5,BUD site selection,0.00447888062381552,0.1261
YDR142C,PEX7,PEroXin,0.00447574315083522,0.36870000000000003
YMR163C,INP2,INheritance of Peroxisomes,0.00447005460420515,0.20352
YKL037W,AIM26,Altered Inheritance rate of Mitochondria,0.00445976776325012,0.33981
YLR307W,CDA1,Chitin DeAcetylase,0.00445830922395834,0.18612
YGL074C,NA,NA,0.00445542378589601,0.19716
YLR250W,SSP120,Saccharomyces Secretory Protein,0.00445474187963825,0.11813
YHR091C,MSR1,Mitochondrial tRNA Synthetase aRginine,0.00445220977420113,0.42829
YKL186C,MTR2,Mrna TRansport,0.00444481159450607,0.38997
YKL052C,ASK1,Associated with Spindles and Kinetochores,0.00444377504187265,0.1532
YFL046W,FMP32,Found in Mitochondrial Proteome,0.00442049851168048,0.16342
YOR148C,SPP2,Suppressor of PrP,0.00441873312370681,0.20602
YBR145W,ADH5,Alcohol DeHydrogenase,0.00441524014411452,0.31274
YMR102C,LAF1,Lam2/Ltc4-Associated Factor,0.00441006613727709,0.26931
YKL206C,ADD66,Alpha1-proteinase inhibitor-Degradation Deficient,0.00440647233450558,0.25695
YIR022W,SEC11,SECretory,0.00440551328510711,0.18257
YJR109C,CPA2,Carbamyl Phosphate synthetase A,0.00440329262124071,0.40776
YNL079C,TPM1,TroPoMyosin,0.00440063176128422,0.38584
YKR104W,NA,NA,0.00439432702118141,0.21149
YDR405W,MRP20,Mitochondrial Ribosomal Protein,0.00439427889205893,0.43199
YMR237W,BCH1,Bud7 and Chs6 Homolog,0.00439369597008558,0.34542
YJL178C,ATG27,AuTophaGy related,0.00438563127497848,0.31285
YNL084C,END3,ENDocytosis defective,0.0043793714587825,0.32471
YOR275C,RIM20,Regulator of IME2,0.00436903018547248,0.24887
YDR486C,VPS60,Vacuolar Protein Sorting,0.00436897225798816,0.20977
YJR045C,SSC1,Stress-Seventy subfamily C,0.00436733648928064,0.42499
YGL003C,CDH1,CDC20 Homolog,0.004355634312128,0.17057
YCL032W,STE50,STErile,0.0043519089916943,0.27498
YOR245C,DGA1,DiacylGlycerol Acyltransferase,0.00434752304854485,0.15607
YNL165W,NA,NA,0.00434345869073147,0.28838
YGR042W,MTE1,Mph1-associated TElomere maintenance protein,0.00433593664665091,0.11813
YFR054C,NA,NA,0.00432353253373522,0.292
YJR136C,TTI2,Two Tel2-Interacting protein,0.00431989837084104,0.24422
YJL105W,SET4,SET domain-containing,0.0043196068675905,0.28062
YMR178W,FPY1,FAD PYrophosphatase,0.00431835685246193,0.17559
YJR049C,UTR1,Unidentified TRanscript,0.0043166648526775904,0.26215
YEL073C,NA,NA,0.00431492437097569,0.38637
YLR374C,NA,NA,0.00431390004695904,0.29249000000000003
YDR338C,NA,NA,0.00430573793926447,0.30412
YMR004W,MVP1,Multi-copy suppressor of vps1,0.00428508266488274,0.2617
YMR289W,ABZ2,para-AminoBenZoic acid (PABA) biosynthesis,0.00427915652546621,0.24032
YDR125C,ECM18,ExtraCellular Mutant,0.00427762640121426,0.15144
YOR008C-A,NA,NA,0.0042695327436314,0.30885
YPL065W,VPS28,Vacuolar Protein Sorting,0.00426844435647493,0.18208
YML002W,NA,NA,0.0042628671239337,0.27929
YDL119C,HEM25,HEMe synthesis by SLC25 family member,0.00424916049196599,0.322
YMR155W,NA,NA,0.00424400057921407,0.29007
YOR192C,THI72,THI7 homolog 2,0.00424032757962929,0.21455
YGL248W,PDE1,PhosphoDiEsterase,0.00423726928280366,0.13593
YOR072W,NA,NA,0.00422988134887744,0.19768
YHR034C,PIH1,Protein Interacting with Hsp90,0.00422967839056215,0.19422
YKR002W,PAP1,Poly(A) Polymerase,0.00422697549047036,0.19986
YJL043W,NA,NA,0.00422396994373903,0.26774
YNR030W,ALG12,Asparagine-Linked Glycosylation,0.00422320384255681,0.23837
YBL013W,FMT1,Formyl-Methionyl-tRNA Transformylase,0.00422220971704523,0.17639
YCR097W,HMRA1,Hidden Mat Right A,0.0042177634705775,0.23885
YLR353W,BUD8,BUD site selection,0.00421640775973111,0.16197
YOR377W,ATF1,AcetylTransFerase,0.00421628413027004,0.32077
YDR124W,NA,NA,0.00420599278320347,0.19128
YKL201C,MNN4,MaNNosyltransferase,0.0041989340650681,0.33592
YDR265W,PEX10,PEroXin,0.0041974966734213,0.18558
YDL160C,DHH1,DEAD box Helicase Homolog,0.00419673378064514,0.22709
YGR222W,PET54,PETite colonies,0.00418869749350438,0.35486
YHR125W,NA,NA,0.00417659751407036,0.26351
YOR164C,GET4,Guided Entry Tail-anchored proteins,0.00417439254054094,0.27252
YKR020W,VPS51,Vacuolar Protein Sorting,0.00416863845304343,0.1579
YLR202C,NA,NA,0.00416836174699571,0.33746
YLR208W,SEC13,SECretory,0.00416608500074517,0.11828
YOL015W,IRC10,Increased Recombination Centers,0.00416508635914064,0.27679
YBL044W,NA,NA,0.00416448273463203,0.30956
YKL162C-A,NA,NA,0.00415739524490347,0.24186
YKL169C,NA,NA,0.0041513083599401,0.38222
YBR027C,NA,NA,0.00414838774284013,0.16932
YDL144C,NA,NA,0.00414650695440736,0.18513
YOR014W,RTS1,Rox Three Suppressor,0.00414551566200806,0.11511
YAR031W,PRM9,Pheromone-Regulated Membrane protein,0.00414202290453717,0.24853
YPR099C,NA,NA,0.00413832682880144,0.39145
YOR355W,GDS1,NA,0.00413796690299608,0.4548
YMR122W-A,NCW1,Novel Cell Wall protein,0.00412471225723047,0.4022
YDR360W,OPI7,OverProducer of Inositol,0.00411820131944313,0.26264
YHR095W,NA,NA,0.00411683429312614,0.28112
YPL116W,HOS3,Hda One Similar,0.0041132819608142,0.34799
YOR034C,AKR2,AnKyrin Repeat-containing protein,0.00411111779047779,0.269
YKL215C,OXP1,OXoProlinase,0.00410793867311439,0.33
YNL034W,NA,NA,0.00410430881576346,0.2097
YDR182W,CDC1,Cell Division Cycle,0.00409833920131565,0.15097
YOR394W,PAU21,seriPAUperin,0.00409289806266004,0.36502
YIL138C,TPM2,TroPoMyosin,0.00408909117534458,0.40219
YDR078C,SHU2,Suppressor of HydroxyUrea sensitivity,0.00408560013117823,0.36462
YML117W,NAB6,Nucleic Acid Binding protein,0.00407819485400059,0.27799
YDR112W,IRC2,Increased Recombination Centers,0.00407483059571304,0.30523
YOR351C,MEK1,MEiotic Kinase,0.00407431238438921,0.21275
YFR021W,ATG18,AuTophaGy related,0.00407295950095216,0.22562
YBR086C,IST2,Increased Sodium Tolerance,0.00407245784604873,0.1547
YDL200C,MGT1,O-6-MethylGuanine-DNA methylTransferase,0.00407139885992757,0.22911
YDL008W,APC11,Anaphase Promoting Complex,0.00406661815566366,0.20325
YIL102C,NA,NA,0.00406036273837575,0.23641
YGL242C,NA,NA,0.00405981923770896,0.32436
YOL116W,MSN1,Multicopy suppressor of SNF1 mutation,0.00405969266736948,0.13694
YPL248C,GAL4,GALactose metabolism,0.00405812825804801,0.13068
YLR165C,PUS5,PseudoUridine Synthase,0.00405492074676877,0.21748
YDR181C,SAS4,Something About Silencing,0.00405314868571452,0.13811
YLL057C,JLP1,dnaJ-Like Protein,0.00405036908755502,0.24283
YJL093C,TOK1,NA,0.00404729719190363,0.13339
YOR010C,TIR2,TIp1-Related,0.00404260353247957,0.35741
YGR213C,RTA1,Resistance To 7-Aminocholesterol,0.00404225613068585,0.21634
YOR300W,NA,NA,0.00403375682101649,0.31578
YOR058C,ASE1,Anaphase Spindle Elongation,0.00403088508026525,0.37448
YPR014C,NA,NA,0.00402992353316928,0.28196
YGL017W,ATE1,Arginyl-tRNA-protein transfErase,0.00402858381630726,0.36961
YMR101C,SRT1,Suppressor of Rer-Two,0.00402669748701028,0.24213
YMR067C,UBX4,UBiquitin regulatory X,0.00400950605967955,0.29578
YMR184W,ADD37,Alpha1-proteinase inhibitor-Degradation Deficient,0.00400712042924351,0.22814
YDR305C,HNT2,Histidine triad NucleoTide-binding,0.00400323664690639,0.32142
YER188W,NA,NA,0.00399647094539643,0.17382
YBR148W,YSW1,NA,0.0039951163371652,0.21267
YJL064W,NA,NA,0.00398212694770802,0.29272
YPL193W,RSA1,RiboSome Assembly,0.00397853843472205,0.38687
YMR162C,DNF3,Drs2 Neo1 Family,0.00396500464615235,0.14477
YPL098C,MGR2,Mitochondrial Genome Required,0.0039567190987266,0.42722
YGL233W,SEC15,SECretory,0.00395451002614393,0.19383
YBR300C,NA,NA,0.00395241252063337,0.29662
YKL179C,COY1,CASP Of Yeast,0.00395196557973633,0.17589
YER173W,RAD24,RADiation sensitive,0.00394959539387417,0.17238
YAL004W,NA,NA,0.00394771568518684,0.23384
YJL022W,NA,NA,0.00393919326926835,0.31349
YHL027W,RIM101,Regulator of IME2,0.00392972840462152,0.32578
YHR114W,BZZ1,NA,0.00392860298774955,0.1371
YDR409W,SIZ1,SAP and mIZ-finger domain,0.00392626459048431,0.19207
YBR201W,DER1,Degradation in the Endoplasmic Reticulum,0.00392448459038781,0.26921
YFL026W,STE2,STErile,0.00392317340056678,0.23002
YBR199W,KTR4,Kre Two Related,0.00391676919218573,0.19601
YOL057W,NA,NA,0.00389906396465484,0.14807
YKL025C,PAN3,Poly(A) Nuclease,0.00389780517325129,0.33174
YHR002W,LEU5,LEUcine biosynthesis,0.00389749220249264,0.33031
YDR383C,NKP1,Non-essential Kinetochore Protein,0.00388202640231647,0.30644
YIL037C,PRM2,Pheromone-Regulated Membrane protein,0.0038750665198399,0.18816
YBR232C,NA,NA,0.00387187693112701,0.24795
YNL063W,MTQ1,Methyltransferase,0.0038643607672981,0.1362
YIL073C,SPO22,SPOrulation,0.0038612538657745,0.17694
YGR186W,TFG1,Transcription Factor G,0.00385685545539139,0.20227
YEL028W,NA,NA,0.00385456840299054,0.28183
YGL124C,MON1,MONensin sensitivity,0.00385347912520941,0.13019
YPL161C,BEM4,Bud EMergence,0.00384810368417565,0.18091
YHR155W,LAM1,Lipid transfer protein Anchored at Membrane contact sites,0.0038452463188912,0.21486
YML003W,NA,NA,0.00383266080675421,0.22956
YLR118C,TML25,"acyl-protein Thioesterase with Multiple Localizations, protein of 25 kDa",0.0038311515201033,0.20327
YDR538W,PAD1,Phenylacrylic Acid Decarboxylase,0.0038293367024393,0.29711
YML090W,NA,NA,0.00381724761819601,0.32214
YNL143C,NA,NA,0.00381219201628383,0.22544
YPR027C,NA,NA,0.00381172665688351,0.3251
YDR141C,DOP1,homolog of A. nidulans DOPey,0.00381006259509696,0.34939
YGR016W,NA,NA,0.0038013430656507,0.19323
YNL150W,NA,NA,0.00379373816174898,0.25227
YOR008C,SLG1,Synthetic Lethal with Gap,0.00379267255891543,0.16777
YDR136C,VPS61,Vacuolar Protein Sorting,0.00379003679380208,0.24013
YOR022C,DDL1,DDHD Domain-containing Lipase,0.00378517548011327,0.20691
YOR030W,DFG16,Defective for Filamentous Growth,0.00377807776623634,0.25048
YLR416C,NA,NA,0.00377753829110186,0.29755
YPL010W,RET3,RETrieval from ER,0.00377688354281268,0.20172
YBR147W,RTC2,Restriction of Telomere Capping,0.00377676293449104,0.38697
YDR197W,CBS2,Cytochrome B Synthesis,0.00377642845985276,0.30097
YDL183C,MRX19,Mitochondrial oRganization of gene eXpression (MIOREX),0.00377520567143764,0.32287
YAR050W,FLO1,FLOcculation,0.00377233581300892,0.2728
YGR107W,NA,NA,0.00376855918248861,0.31995
YDR373W,FRQ1,FReQuenin homolog,0.00376695916730833,0.31151
YLR425W,TUS1,TOR Unique function Suppressor,0.00375723721695119,0.14362
YDR010C,NA,NA,0.00375712212605653,0.31496
YPL234C,VMA11,Vacuolar Membrane Atpase,0.00375653020764656,0.39798
YDR054C,CDC34,Cell Division Cycle,0.00375157883508803,0.24085
YHR067W,HTD2,Hydroxyacyl-Thioester Dehydratase,0.00374936437620853,0.2943
YBR262C,MIC12,MItochondrial contact site and Cristae organizing system,0.00374920375675924,0.46366
YIL106W,MOB1,Mps One Binder,0.00374829733390895,0.2602
YER162C,RAD4,RADiation sensitive,0.00374566598511392,0.27248
YBR019C,GAL10,GALactose metabolism,0.00374245378887776,0.17526
YDR187C,NA,NA,0.00374241017665189,0.19908
YDL154W,MSH5,MutS Homolog,0.00374237094115174,0.17791
YLL059C,NA,NA,0.00373153634283291,0.24008
YGR038W,ORM1,NA,0.00373137527190981,0.40596
YHR083W,SAM35,Sorting and Assembly Machinery,0.00371774381845281,0.24822
YDR219C,MFB1,Mitochondria-associated F-Box protein,0.00371447453326741,0.18315
YJL149W,DAS1,Dst1-delta 6-Azauracil Sensitivity,0.00370637752958411,0.20338
YIL068C,SEC6,SECretory,0.00369979164805791,0.22203
YNL215W,IES2,Ino Eighty Subunit,0.00369641158032639,0.13797
YGR047C,TFC4,Transcription Factor class C,0.00369477477640388,0.28132
YOR005C,DNL4,DNA Ligase,0.00368796946499659,0.12525
YPL125W,KAP120,KAryoPherin,0.00368718952835561,0.24238
YFR057W,NA,NA,0.00368442966232314,0.22945
YCR051W,NA,NA,0.00366993299493767,0.3788
YNL222W,SSU72,"Suppressor of SUa7, gene 2",0.0036629822650218,0.32445
YOR373W,NUD1,NA,0.00365530919396899,0.31793
YGL182C,NA,NA,0.00365444896575799,0.3218
YKR103W,NFT1,New Full-length MRP-type Transporter,0.00365286757925459,0.21525
YBL108W,NA,NA,0.00365082302134778,0.27074
YLR266C,PDR8,Pleiotropic Drug Resistance,0.00364847386354716,0.21132
YPR164W,MMS1,Methyl MethaneSulfonate sensitivity,0.00364679054703791,0.33641
YGR184C,UBR1,NA,0.00363460345849204,0.271
YGR135W,PRE9,PRoteinase yscE,0.00363151268062038,0.18956
YDR203W,NA,NA,0.00362614274345589,0.30221
YDR371W,CTS2,ChiTinaSe,0.00362607244579297,0.16051
YPR156C,TPO3,Transporter of POlyamines,0.00360964235548415,0.29489
YJL077C,ICS3,Increased Copper Sensitivity,0.00360935821989937,0.26763
YIL013C,PDR11,Pleiotropic Drug Resistance,0.00360574590027764,0.13283
YNL304W,YPT11,Yeast Protein Two,0.00360467828521571,0.26543
YPR195C,NA,NA,0.00359796641678738,0.2209
YPL218W,SAR1,"Secretion-Associated, Ras-related",0.00359650077001639,0.3163
YKL116C,PRR1,Pheromone Response Regulator,0.00359351417278081,0.20232
YBL088C,TEL1,TELomere maintenance,0.0035845180314509,0.20027
YER170W,ADK2,ADenylate Kinase,0.00358023560171485,0.45834
YML032C,RAD52,RADiation sensitive,0.00357959295099094,0.21359
YGR269W,NA,NA,0.0035745740970924,0.28204
YLL032C,NA,NA,0.00357206337059925,0.2709
YBR193C,MED8,MEDiator complex,0.00357082920553756,0.36235
YFR022W,ROG3,Revertant Of Glycogen synthase kinase mutation,0.0035698449855395,0.20909
YKR001C,VPS1,Vacuolar Protein Sorting,0.00356423109737086,0.19933
YNL146W,NA,NA,0.00355855324526119,0.19801
YHR029C,YHI9,NA,0.00355388279035662,0.29624
YBR035C,PDX3,PyriDoXine auxotrophy,0.00355128463070747,0.1798
YKL051W,SFK1,Suppressor of Four Kinase,0.00354591370946129,0.30132
YER139C,RTR1,Regulator of TRanscription,0.00353861967950526,0.26129
YJR133W,XPT1,Xanthine Phosphoribosyl Transferase,0.00352120837807999,0.46589
YPL192C,PRM3,Pheromone-Regulated Membrane protein,0.00350473170205375,0.30992
YDR522C,SPS2,SPorulation Specific,0.00349841802023462,0.22584
YHR157W,REC104,RECombination,0.00349107707253672,0.24648
YNL246W,VPS75,Vacuolar Protein Sorting,0.00348632268224486,0.25182
YJL223C,PAU1,seriPAUperin family,0.00348339261010894,0.23048
YDR177W,UBC1,UBiquitin-Conjugating,0.00348171593181437,0.40095
YDL172C,NA,NA,0.003479401735012,0.27478
YLR035C,MLH2,MutL Homolog,0.00347431279703249,0.16579
YNL133C,FYV6,Function required for Yeast Viability,0.00346458719294532,0.2173
YER042W,MXR1,peptide Methionine sulfoXide Reductase,0.00346337198785643,0.31155
YGL118C,NA,NA,0.00346013434784436,0.27248
YBR277C,NA,NA,0.0034599805786632502,0.29503
YLR269C,NA,NA,0.00345904221923968,0.18105
YLR299W,ECM38,ExtraCellular Mutant,0.00345528542122375,0.35872
YDR004W,RAD57,RADiation sensitive,0.00344797831232095,0.23525
YCR068W,ATG15,AuTophaGy related,0.00344249298489337,0.2462
YDR201W,SPC19,Spindle Pole Component,0.0034397223772393,0.35837
YBR083W,TEC1,Transposon Enhancement Control,0.00343938280503515,0.39098
YBR290W,BSD2,Bypass Sod1p Defects,0.00343647563978145,0.3332
YER100W,UBC6,UBiquitin-Conjugating,0.00343514574087641,0.31476
YMR320W,NA,NA,0.00343460368390105,0.35015
YPR191W,QCR2,QH2:cytochrome-C oxidoReductase,0.003432418171838,0.44164
YGL066W,SGF73,"SaGa associated Factor, 73 kDa",0.00342961531361447,0.37194
YPR157W,TDA6,Topoisomerase I Damage Affected,0.00341963732846379,0.27185
YAL063C,FLO9,FLOcculation,0.00341949519452084,0.28664
YJR160C,MPH3,Maltose Permease Homolog,0.00341829703915071,0.39728
YGR246C,BRF1,B-Related Factor,0.003415038366172,0.33866
YGL158W,RCK1,Radiation sensitivity Complementing Kinase,0.0034135902047663,0.31732
YLL005C,SPO75,SPOrulation,0.00341043908433088,0.19833
YDL089W,NUR1,NUclear Rim1,0.00340621223077897,0.38789
YAR042W,SWH1,NA,0.0034026198721566602,0.21589
YCL044C,MGR1,Mitochondrial Genome Required,0.00339977731086809,0.4178
YPR045C,THP3,THO-related Protein,0.00339774682052888,0.20756
YMR281W,GPI12,GlycosylPhosphatidylInositol anchor biosynthesis,0.00339342440535844,0.40417
YNL171C,NA,NA,0.00338741049453704,0.23969
YCR068W,ATG15,AuTophaGy related,0.00338452438755755,0.24609
YBL098W,BNA4,Biosynthesis of Nicotinic Acid,0.0033826526056576,0.26257
YFL052W,ZNF1,ZiNc Finger protein,0.00338119091495442,0.43788
YBR201W,DER1,Degradation in the Endoplasmic Reticulum,0.00337898973599774,0.39664
YMR264W,CUE1,Coupling of Ubiquitin conjugation to ER degradation,0.00336764183177853,0.24323
YGR270W,YTA7,Yeast Tat-binding Analog,0.00335788160876714,0.13435
YGL192W,IME4,Inducer of MEiosis,0.00335677069861906,0.20177
YNL168C,FMP41,Found in Mitochondrial Proteome,0.00335579016203389,0.24651
YBR013C,NA,NA,0.00335474147187747,0.22735
YAL069W,NA,NA,0.00334922136303233,0.3188
YMR172C-A,NA,NA,0.00334569961534056,0.29126
YOR298W,MUM3,MUddled Meiosis,0.00334155172486046,0.30652
YGR025W,NA,NA,0.00334022297173287,0.25498
YBL053W,NA,NA,0.00333821409394703,0.31589
YEL068C,NA,NA,0.00333522247823724,0.32307
YOL058W,ARG1,ARGinine requiring,0.00332755130445173,0.35892
YDR056C,EMC10,ER Membrane protein Complex,0.00331889500840567,0.21081
YNL105W,RRT16,Regulator of rDNA Transcription,0.00331719344900638,0.32231
YNL322C,KRE1,Killer toxin REsistant,0.0033149221005351,0.2309
YLR204W,QRI5,Quasi-Renownless Information,0.00331327663113292,0.46626
YKL033W-A,NA,NA,0.00331179263841627,0.2297
YKR039W,GAP1,General Amino acid Permease,0.00330977381320477,0.40827
YLR295C,ATP14,ATP synthase,0.00330867152510055,0.44207
YPR053C,NA,NA,0.00330825639855002,0.20843
YKL135C,APL2,clathrin Adaptor Protein complex Large chain,0.00330576915359003,0.13959
YOR350C,MNE1,NA,0.00329993153905918,0.32572
YMR022W,UBC7,UBiquitin-Conjugating enzyme,0.00329796023837966,0.38349
YAL001C,TFC3,Transcription Factor class C,0.00329149584328265,0.20704
YEL044W,IES6,Ino Eighty Subunit,0.00327654989163503,0.20876
YLR091W,GEP5,GEnetic interactors of Prohibitins,0.00327307259870217,0.18911
YMR316C-A,NA,NA,0.00327115902706803,0.32348
YIL088C,AVT7,Amino acid Vacuolar Transport,0.00327033105100259,0.40369
YNL006W,LST8,Lethal with Sec Thirteen,0.00326772279196992,0.3497
YEL034W,HYP2,HYPusine-containing protein,0.00326714253033008,0.39395
YJL092W,SRS2,Suppressor of Rad Six,0.00326573576919682,0.42258
YJL214W,HXT8,HeXose Transporter,0.00326466203127573,0.21483
YJL146W,IDS2,IME2-Dependent Signaling,0.00326278586425638,0.32128
YMR313C,TGL3,TriacylGlycerol Lipase,0.00326208229870193,0.17292
YCR036W,RBK1,RiBoKinase,0.00326193296596195,0.26174
YOL050C,NA,NA,0.00325839012679176,0.34187
YCL055W,KAR4,KARyogamy,0.00325815275703375,0.36335
YPR092W,NA,NA,0.00325523985494112,0.3219
YIL115C,NUP159,NUclear Pore,0.00325453690815887,0.19866
YLR213C,CRR1,CRH-Related,0.00324897271516267,0.36016
YJR017C,ESS1,ESSential,0.00324178830999365,0.31635
YOL001W,PHO80,PHOsphate metabolism,0.00323954821625555,0.24244
YOL012C,HTZ1,Histone Two A Z1,0.00323774891130092,0.44629
YKL061W,BLI1,BLoc-1 Interactor,0.00323600946086482,0.24331
YOR358W,HAP5,Heme Activator Protein,0.0032356947481251698,0.36321
YOR367W,SCP1,S. cerevisiae CalPonin,0.00323029811126179,0.28781
YLR360W,VPS38,Vacuolar Protein Sorting,0.00322398958148461,0.15424
YNL052W,COX5A,Cytochrome c OXidase,0.00322389939565149,0.45104
YKL033W-A,NA,NA,0.00322035140555662,0.29962
YGR126W,NA,NA,0.00321955664844543,0.32337
YHR217C,NA,NA,0.0032185679230949,0.38643
YMR255W,GFD1,Good For Dbp5p,0.00321789724588742,0.28806
YGL138C,NA,NA,0.00321590893111758,0.37512
YPR046W,MCM16,MiniChromosome Maintenance,0.00320891608723727,0.29279
YNL086W,SNN1,SNapiN,0.0032081423991459,0.22723
YDL135C,RDI1,Rho GDP Dissociation Inhibitor,0.00320318235560253,0.40807
YMR154C,RIM13,Regulator of IME2,0.00319365706726888,0.13105
YNR047W,FPK1,FliPase Kinase 1,0.00318206464366285,0.19088
YIL049W,DFG10,Defective for Filamentous Growth,0.00317159488228413,0.22202
YDR323C,PEP7,carboxyPEPtidase Y-deficient,0.00317122054540402,0.14499
YBR098W,MMS4,Methyl MethaneSulfonate sensitivity,0.00316322028009112,0.25387
YHR174W,ENO2,ENOlase,0.00316036227205457,0.36523
YNL294C,RIM21,Regulator of IME2,0.00315646978945578,0.21469
YIL156W-A,NA,NA,0.00315064813446819,0.37678
YLL001W,DNM1,DyNaMin-related,0.00315038215834119,0.45072
YBL056W,PTC3,Phosphatase Two C,0.00314346011198652,0.28876
YOL063C,CRT10,Constitutive RNR Transcription regulators,0.00314019306660678,0.20479
YOL005C,RPB11,RNA Polymerase B,0.00313965841628244,0.27162
YLR247C,IRC20,Increased Recombination Centers,0.00313709589234985,0.33115
YDR009W,GAL3,GALactose metabolism,0.003134429886924,0.3056
YGR102C,GTF1,Glutaminyl Transamidase subunit F,0.0031319801563137,0.36637
YLR082C,SRL2,Suppressor of Rad53 null Lethality,0.00312753392485478,0.16017
YPR199C,ARR1,ARsenicals Resistance,0.00312157703551213,0.21841
YBR216C,YBP1,Yap1-Binding Protein,0.00311871038354947,0.1916
YIL109C,SEC24,SECretory,0.00311720803519184,0.19618
YLR428C,NA,NA,0.00311671022214016,0.32054
YDR251W,PAM1,Pp2A Multicopy suppressor,0.00311521212457575,0.38858
YLR133W,CKI1,Choline KInase,0.00309793684702861,0.44906
YPR130C,NA,NA,0.00309756713046754,0.36031
YGL142C,GPI10,GlycosylPhosphatidylInositol anchor biosynthesis,0.00309633274748088,0.20276
YNL149C,PGA2,Processing of Gas1p and ALP,0.00309383512358002,0.24208
YNL267W,PIK1,Phosphatidyl Inositol Kinase,0.003090039968196,0.41337
YLR282C,NA,NA,0.00308183795770163,0.35207
YGR015C,EAT1,Ethanol AcetylTransferase,0.00308062230081972,0.18226
YER068C-A,NA,NA,0.00307821598193053,0.39561
YML068W,ITT1,Inhibitor of Translation Termination,0.00307199973404709,0.23941
YDR539W,FDC1,Ferulic acid DeCarboxylase,0.00307173891047048,0.20531
YDR008C,NA,NA,0.00306995712424539,0.29775
YAL051W,OAF1,Oleate-Activated transcription Factor,0.00306127486104128,0.20388
YMR074C,SDD2,Suppressor of Degenerative Death,0.00306003935576365,0.30434
YDR283C,GCN2,General Control Nonderepressible,0.00305881408864929,0.16065
YCL042W,NA,NA,0.00305706542054769,0.31749
YML119W,NA,NA,0.00304547063889092,0.27339
YOR344C,TYE7,Ty1-mediated Expression,0.0030452661839012,0.32356
YDL120W,YFH1,Yeast Frataxin Homolog,0.00304408582938153,0.43308
YBR144C,NA,NA,0.00303950376925906,0.333
YDR128W,MTC5,Maintenance of Telomere Capping,0.00303869536364769,0.23716
YOL152W,FRE7,Ferric REductase,0.00303644957432698,0.27365
YOR256C,TRE2,Transferrrin REceptor like,0.00302140831556564,0.2269
YGL060W,YBP2,Yap1-Binding Protein,0.00301990470688597,0.25837
YPL075W,GCR1,GlyColysis Regulation,0.00301969778241913,0.3742
YFR043C,IRC6,Increased Recombination Centers,0.00301293098840084,0.29765
YLL064C,PAU18,seriPAUperin,0.00300876860047991,0.33056
YDR350C,ATP22,ATPase synthase,0.00300137262958393,0.22632
YBR012C,NA,NA,0.00299797605239718,0.24732
YLR315W,NKP2,Non-essential Kinetochore Protein,0.00299610465532147,0.24268
YIL011W,TIR3,TIp1-Related,0.00297936612187788,0.33908
YNL118C,DCP2,mRNA DeCaPping,0.00296784466667658,0.20788
YOR284W,HUA2,NA,0.00296640213771054,0.37422
YAR029W,NA,NA,0.00296467408678151,0.34351
YMR020W,FMS1,Fenpropimorph-resistance Multicopy Suppressor,0.00296117597758855,0.22161
YJL049W,CHM7,CHarged Multivesicular body protein,0.00295580756798072,0.21434
YDR386W,MUS81,MMS and UV Sensitive,0.00295358024082146,0.32
YGR238C,KEL2,KELch repeat,0.0029528974710913,0.40085
YNR064C,NA,NA,0.00295020254837362,0.33831
YDR304C,CPR5,Cyclosporin-sensitive Proline Rotamase,0.00294148004963584,0.43466
YDR332W,IRC3,Increased Recombination Centers,0.00293656919066891,0.18644
YAL014C,SYN8,SYNtaxin,0.00293547384405498,0.28196
YOR219C,STE13,STErile,0.00293492109270624,0.32764
YBR068C,BAP2,Branched-chain Amino acid Permease,0.00293279158187274,0.33167
YDR498C,SEC20,SECretory,0.00293219533054476,0.2184
YDL161W,ENT1,Epsin N-Terminal homology,0.0029240603980416,0.35231
YKL031W,NA,NA,0.00292151126945721,0.29672
YDR314C,RAD34,Homologous to RAD4,0.00291811767218082,0.23802
YNL281W,HCH1,High-Copy Hsp90 suppressor,0.00291797044187079,0.42334
YDR043C,NRG1,Negative Regulator of Glucose-repressed genes,0.00290620723876766,0.36758
YLR310C,CDC25,Cell Division Cycle,0.00290610180230773,0.19672
YIL122W,POG1,Promoter Of Growth,0.0028972425733489,0.34668
YLL047W,NA,NA,0.00289518662279184,0.38286
YOR045W,TOM6,Translocase of the Outer Mitochondrial membrane,0.00289383209178177,0.47474
YDR248C,NA,NA,0.00289339145715737,0.40606
YNL337W,NA,NA,0.00289313905649452,0.33438
YLR283W,PUT7,Proline UTilization,0.00289182635207466,0.30617
YBR224W,NA,NA,0.00289084087916951,0.32004
YGR196C,FYV8,Function required for Yeast Viability,0.00289007265450348,0.3379
YFL040W,NA,NA,0.00288867216665737,0.222
YNL266W,NA,NA,0.00288622573634581,0.39861
YGR073C,NA,NA,0.00288323945088537,0.36232
YKL104C,GFA1,Glutamine:Fructose-6-phosphate Amidotransferase,0.00287949077673513,0.30753
YGL170C,SPO74,SPOrulation,0.00287485314464501,0.29515
YOL107W,NA,NA,0.00287109854317335,0.31559
YLR248W,RCK2,Radiation sensitivity Complementing Kinase,0.00286433337549798,0.36409
YOR150W,MRPL23,"Mitochondrial Ribosomal Protein, Large subunit",0.00286200967239287,0.47607
YDL134C,PPH21,Protein PHosphatase,0.0028619898845974,0.38267
YPL070W,MUK1,coMpUtationally-linked to Kap95,0.00285821105896783,0.21408
YKL057C,NUP120,NUclear Pore,0.00285607945099355,0.30238
YDR011W,SNQ2,Sensitivity to 4-NitroQuinoline-N-oxide,0.00285163001837124,0.4538
YDL224C,WHI4,WHIskey,0.00285095746942674,0.25702
YLR202C,NA,NA,0.00285056154156679,0.41694
YJL123C,MTC1,Maintenance of Telomere Capping,0.00284375241262206,0.34909
YBR049C,REB1,RNA polymerase I Enhancer Binding protein,0.00284316355695308,0.32737
YDR485C,VPS72,Vacuolar Protein Sorting,0.00284029856679187,0.34633
YOR147W,MDM32,Mitochondrial Distribution and Morphology,0.00283837931995778,0.29815
YDR250C,NA,NA,0.00283617362961395,0.28285
YOR349W,CIN1,Chromosome INstability,0.00283498324893967,0.36586
YOR265W,RBL2,Rescues Beta-tubulin Lethality,0.00283337109165888,0.35694
YHR056W-A,NA,NA,0.00282411724471543,0.26989
YDR057W,YOS9,Yeast OS-9 homolog,0.00281907124182653,0.20782
YOR023C,AHC1,Ada Histone acetyltransferase complex Component,0.00281194838642717,0.32732
YLR115W,CFT2,Cleavage Factor Two,0.00281000432402126,0.27942
YIL068W-A,NA,NA,0.00280313265878334,0.38365
YLR427W,MAG2,NA,0.00279844738838121,0.33364
YER093C-A,AIM11,Altered Inheritance rate of Mitochondria,0.00279518105336209,0.46607
YKR029C,SET3,SET domain-containing,0.00279201782236359,0.28319
YHL012W,NA,NA,0.00279104740944126,0.23004
YML122C,NA,NA,0.00278953747406024,0.3364
YGR030C,POP6,Processing Of Precursor RNAs,0.00278809124296921,0.31868
YPR067W,ISA2,Iron Sulfur Assembly,0.00278690076600202,0.43553
YGL210W,YPT32,Yeast Protein Two,0.00278547983136312,0.37977
YDR092W,UBC13,UBiquitin-Conjugating,0.0027830649451278,0.31275
YNL167C,SKO1,Suppressor of Kinase Overexpression,0.00278092639535423,0.27052
YBL015W,ACH1,Acetyl CoA Hydrolase,0.002776306832421,0.47926
YDR028C,REG1,REsistance to Glucose repression,0.00277071640216746,0.29729
YLR087C,CSF1,Cold Sensitive for Fermentation,0.0027687764301356,0.23759
YLL007C,LMO1,eLMO homolog,0.00276104151396262,0.24213
YDR423C,CAD1,CADmium resistance,0.00275694948217232,0.26585
YJR121W,ATP2,ATP synthase,0.00275443376065828,0.45112
YNL027W,CRZ1,Calcineurin-Responsive Zinc finger,0.00275132000211469,0.27635
YHR037W,PUT2,Proline UTilization,0.0027487870976043,0.45313
YJR001W,AVT1,Amino acid Vacuolar Transport,0.00274058774273481,0.43226
YDL107W,MSS2,Mitochondrial Splicing,0.00273878234037908,0.43625
YLR123C,NA,NA,0.0027328501513958,0.32677
YFL063W,NA,NA,0.0027328283721537,0.31572
YDR517W,GRH1,GRasp65 (Golgi reassembly stacking protein of 65kD) Homolog,0.00273189597934891,0.42564
YOR267C,HRK1,Hygromycin Resistance Kinase,0.00273138384364217,0.30628
YHR048W,YHK8,NA,0.00272534712175518,0.27325
YLR415C,NA,NA,0.0027067510666981,0.25508
YDR481C,PHO8,PHOsphate metabolism,0.00270112853286277,0.25017
YGR049W,SCM4,Suppressor of Cdc4 Mutation,0.0026994706883938,0.38555
YDR320C,SWA2,Synthetic lethal With Arf1,0.00269621151319504,0.25324
YMR070W,MOT3,Modifier of Transcription,0.0026957946603676,0.29097
YKL190W,CNB1,CalciNeurin subunit B,0.00269410022865833,0.23145
YDL159W,STE7,STErile,0.00269377123388089,0.3079
YJL165C,HAL5,HALotolerance,0.00269003585247419,0.17057
YBR210W,ERV15,ER Vesicle Protein,0.00268794549814385,0.35523
YNL219C,ALG9,Asparagine-Linked Glycosylation,0.00267748289715074,0.22958
YER023W,PRO3,PROline requiring,0.00267708384914259,0.39764
YFR026C,ULI1,Upr-L-Inducible gene,0.00267627894642867,0.34818
YCR025C,NA,NA,0.0026742281078407,0.30664
YLR122C,NA,NA,0.00267089582652041,0.24697
YHR090C,YNG2,Yeast iNG1 homolog,0.0026661880742229,0.25377
YLR122C,NA,NA,0.00266380646617822,0.24799
YBR036C,CSG2,Calcium Sensitive Growth,0.00266315466208491,0.30675
YIL108W,NA,NA,0.00266087235183542,0.26643
YLR458W,NA,NA,0.00265853964020351,0.38313
YPL228W,CET1,Capping Enzyme Triphosphatase,0.00264865396911065,0.26553
YCL001W-A,NA,NA,0.00264828387455668,0.2885
YOR111W,NA,NA,0.00264388255429385,0.25986
YBR003W,COQ1,COenzyme Q,0.00263985074175861,0.46925
YJR106W,ECM27,ExtraCellular Mutant,0.00263835712883038,0.27577
YKL196C,YKT6,NA,0.00263671183717365,0.25542
YDL099W,BUG1,Binder of USO1 and GRH1,0.00263167634766396,0.30393
YOL099C,NA,NA,0.00262375555575905,0.4072
YCL004W,PGS1,PhosphatidylGlycerolphosphate Synthase,0.00261408207715926,0.21376
YPL005W,AEP3,ATPase ExPression,0.00260890628885621,0.17594
YER147C,SCC4,Sister Chromatid Cohesion,0.00260759635137765,0.27236
YGL034C,NA,NA,0.00260180963595021,0.38441
YGL132W,NA,NA,0.00259869054360899,0.32373
YPL073C,NA,NA,0.00259520205297614,0.37677
YLL024C,SSA2,Stress-Seventy subfamily A,0.00259215889225063,0.44354
YNL097C,PHO23,PHOsphate metabolism,0.0025917055827947,0.35136
YDL146W,LDB17,Low Dye Binding,0.00258668779510974,0.28616
YDR475C,JIP4,Jumonji domain Interacting Protein,0.00258432973015104,0.196
YDR366C,MOR1,Mitochondrial mORphology affecting,0.0025835190536481,0.3452
YBR150C,TBS1,ThiaBendazole Sensitive,0.00257043299253116,0.34284
YDR430C,CYM1,CYtosolic Metalloprotease,0.00256036267839482,0.46818
YOL047C,LDS2,Lipid Droplets in Sporulation,0.0025587067754419,0.37561
YAL009W,SPO7,SPOrulation,0.00255406993090582,0.22035
YNR077C,NA,NA,0.00254723026219568,0.35152
YJR023C,NA,NA,0.00253711277823317,0.38583
YGL033W,HOP2,HOmologous Pairing,0.00252818657201917,0.27763
YBR233W,PBP2,Pbp1p Binding Protein,0.00252074874211288,0.35633
YPL048W,CAM1,Calcium And Membrane-binding protein,0.0025205935371573,0.23706
YLR155C,ASP3-1,ASParaginase,0.00251915549448049,0.43966
YHL037C,NA,NA,0.00251874875638955,0.39293
YER033C,ZRG8,Zinc Regulated Gene,0.00250607376531681,0.38582
YML058W-A,HUG1,NA,0.00249602540916837,0.34665
YMR204C,INP1,INheritance of Peroxisomes,0.00249579522711375,0.29098
YNL319W,NA,NA,0.00249162130462132,0.37868
YER071C,TDA2,Topoisomerase I Damage Affected,0.00248667376188075,0.26546
YMR224C,MRE11,Meiotic REcombination,0.0024862218147791,0.27785
YDR531W,CAB1,Coenzyme A Biosynthesis,0.00248112288371695,0.34825
YGR282C,BGL2,Beta-GLucanase,0.0024792220452245,0.41406
YKR106W,GEX2,Glutathione EXchanger,0.00247699479885947,0.2431
YJL044C,GYP6,Gtpase-activating protein of Ypt6 Protein,0.00247124089870062,0.4339
YAL018C,LDS1,Lipid Droplets in Sporulation,0.00245725694148938,0.29369
YKL203C,TOR2,Target Of Rapamycin,0.00245646752541009,0.26222
YGL258W,VEL1,VELum formation,0.00245632830479281,0.22554
YAR033W,MST28,Multicopy suppressor of Sec Twenty one,0.00244688568308179,0.31574
YDR422C,SIP1,SNF1-Interacting Protein,0.0024338059344953,0.26158
YBL037W,APL3,clathrin Adaptor Protein complex Large chain,0.00242588981565366,0.4273
YMR112C,MED11,MEDiator complex,0.00242056420976699,0.3935
YPR111W,DBF20,DumbBell Forming,0.00242052962983825,0.22705
YBL022C,PIM1,Proteolysis In Mitochondria,0.00241779654775769,0.44175
YJL056C,ZAP1,Zinc-responsive Activator Protein,0.00241706282309298,0.3017
YJL081C,ARP4,Actin-Related Protein,0.00241360565393178,0.28616
YDR185C,UPS3,UnProceSsed,0.00241225723409368,0.38455
YDL128W,VCX1,VaCuolar H+/Ca2+ eXchanger,0.00241204314738195,0.29196
YLR169W,NA,NA,0.00240768185567954,0.24527
YOL158C,ENB1,ENteroBactin,0.00240753595749024,0.40475
YDR442W,NA,NA,0.00240237952607352,0.32883
YCL056C,PEX34,PEroXin,0.00240013956021182,0.34335
YKL010C,UFD4,Ubiquitin Fusion Degradation protein,0.0023971367893393402,0.30014
YJL136W-A,NA,NA,0.00238846591999219,0.38307
YLR202C,NA,NA,0.0023782555029145,0.46369
YDR221W,GTB1,Glucosidase Two Beta-subunit,0.00236876581680687,0.35363
YJL031C,BET4,Blocked Early in Transport,0.00236335171968703,0.32299
YDR271C,NA,NA,0.00236157787379246,0.31906
YIL112W,HOS4,Hda One Similar,0.00236059282710676,0.17235
YPL130W,SPO19,SPOrulation,0.00235901025076856,0.40877
YCL074W,NA,NA,0.00235584243069625,0.2756
YDR421W,ARO80,AROmatic amino acid requiring,0.0023513831028684,0.22054
YLL060C,GTT2,GlutaThione Transferase,0.00235063260223348,0.42394
YPR089W,NA,NA,0.00234623157532633,0.34072
YDR176W,NGG1,NA,0.00234406256738947,0.30995
YGL226W,MTC3,Maintenance of Telomere Capping,0.00234234522690004,0.46764
YER169W,RPH1,Regulator of PHR1,0.00233971323651997,0.45314
YOL161C,PAU20,seriPAUperin,0.00233747091535485,0.34435
YDR038C,ENA5,"Exitus NAtru (Latin, ""exit sodium"")",0.00232062954016347,0.384
YMR317W,NA,NA,0.00231764878377811,0.31435
YLR338W,OPI9,OverProducer of Inositol,0.00231420736310025,0.39525
YPR109W,GLD1,Golgi/endosome Localized Dsc protein,0.00231151338269146,0.41658
YJL029C,VPS53,Vacuolar Protein Sorting,0.0023080283919789,0.31902
YDR145W,TAF12,TATA binding protein-Associated Factor,0.00230630014745935,0.36181
YKL202W,NA,NA,0.00230453738310751,0.37275
YAR019C,CDC15,Cell Division Cycle,0.00230292867934113,0.30174
YJL140W,RPB4,RNA Polymerase B,0.00230192214330402,0.3157
YGL115W,SNF4,Sucrose NonFermenting,0.00229965321020449,0.46014
YIL166C,SOA1,SulfOnAte transport,0.00229766831118202,0.41182
YKR095W,MLP1,Myosin-Like Protein,0.00229727754233491,0.36139
YOL067C,RTG1,ReTroGrade regulation,0.00229519622110686,0.34376
YBR296C,PHO89,PHOsphate metabolism,0.0022926809988763,0.40774
YNR070W,PDR18,Pleiotropic Drug Resistance,0.002290951180341,0.31724
YDR241W,BUD26,BUD site selection,0.00228013201025337,0.25214
YOR099W,KTR1,Kre Two Related,0.00227751590434169,0.41218
YOL102C,TPT1,tRNA 2'-PhosphoTransferase,0.00227203256409363,0.29857
YER041W,YEN1,NA,0.00226849159917054,0.27033
YOR330C,MIP1,MItochondrial DNA Polymerase,0.00226845525530169,0.29809
YNR005C,NA,NA,0.00226119354735483,0.29753
YML069W,POB3,POl1 Binding,0.00225949847942672,0.37065
YKL175W,ZRT3,Zinc-Regulated Transporter,0.00225949758457237,0.30066
YDR451C,YHP1,Yeast Homeo-Protein,0.00225838922138412,0.45013
YCR032W,BPH1,Beige Protein Homolog,0.00225719182123372,0.25697
YLR199C,PBA1,Proteasome Biogenesis-Associated,0.0022563114601132,0.40676
YNL145W,MFA2,Mating Factor A,0.00225220452321055,0.40842
YGL023C,PIB2,PhosphatidylInositol(3)-phosphate Binding,0.00225013148795594,0.29843
YBL019W,APN2,APurinic/apyrimidinic eNdonuclease,0.00224829268969733,0.38621
YIR006C,PAN1,Poly(A)-binding protein-dependent poly(A) riboNuclease,0.0022453265868561,0.30507
YNL310C,ZIM17,ZInc finger Motif protein of 17 kDa,0.00224397290583546,0.39577
YHR158C,KEL1,KELch repeat,0.00223852591834354,0.31607
YJL126W,NIT2,NITrilase superfamily,0.00223784155654051,0.25176
YLR227C,ADY4,Accumulation of DYads,0.00223589865772514,0.42875
YGL240W,DOC1,Destruction Of Cyclin B,0.00223541135436938,0.39096
YAR071W,PHO11,PHOsphate metabolism,0.00223178514092469,0.25836
YBR044C,TCM62,TriCarboxylic acid cycle Mutant,0.00222300062454912,0.44394
YMR306C-A,NA,NA,0.00222299448710661,0.40005
YDR381W,YRA1,Yeast RNA Annealing protein,0.00221379574786464,0.37115
YOR357C,SNX3,Sorting NeXin,0.00221080003657662,0.38135
YFL053W,DAK2,DihydroxyAcetone Kinase,0.00220081629616614,0.39465
YGR024C,THG1,tRNAHis Guanylyltransferase,0.00219841788215409,0.32175
YLL009C,COX17,Cytochrome c OXidase,0.00219528287109495,0.48584
YJR120W,NA,NA,0.00219487408911287,0.38872
YCR073C,SSK22,Suppressor of Sensor Kinase,0.00219340987578075,0.30042
YHL046C,PAU13,seriPAUperin,0.00219304053891501,0.33199
YCL051W,LRE1,Laminarase REsistance,0.00218665444512042,0.20638
YPL194W,DDC1,DNA Damage Checkpoint,0.00218333917207543,0.28915
YJL013C,MAD3,Mitotic Arrest-Deficient,0.00218182994249144,0.37242
YMR176W,ECM5,ExtraCellular Mutant,0.00217963169185629,0.30054
YOR077W,RTS2,NA,0.00217764922606176,0.42383
YAL065C,NA,NA,0.00217324413504394,0.41175
YAL048C,GEM1,GTPase EF-hand protein of Mitochondria,0.00217053283125895,0.20088
YBR058C-A,TSC3,Temperature-sensitive Suppressors of Csg2 mutants,0.00216984019719543,0.31764
YLR442C,SIR3,Silent Information Regulator,0.00216764301581232,0.29488
YGR294W,PAU12,seriPAUperin,0.0021621333798599,0.41154
YDR467C,NA,NA,0.00215986160325202,0.27155
YGL166W,CUP2,NA,0.00215856979959509,0.29009
YLR153C,ACS2,Acetyl CoA Synthetase,0.00215180897072583,0.45976
YGL095C,VPS45,Vacuolar Protein Sorting,0.00215101941173778,0.21668
YDL243C,AAD4,Aryl-Alcohol Dehydrogenase,0.00214937976044931,0.35262
YGL176C,NA,NA,0.00214586335724044,0.41853
YOL148C,SPT20,SuPpressor of Ty,0.0021441879638089,0.22981
YKL170W,MRPL38,"Mitochondrial Ribosomal Protein, Large subunit",0.00214191920898372,0.4727
YBR095C,RXT2,NA,0.00213624699019982,0.36371
YER133W,GLC7,GLyCogen,0.00212959555377267,0.25247000000000003
YAR060C,NA,NA,0.00212745583942657,0.27082
YJL047C,RTT101,Regulator of Ty1 Transposition,0.00212353833255994,0.2654
YKL011C,CCE1,Cruciform Cutting Endonuclease,0.00212029269121571,0.35284
YJR060W,CBF1,Centromere Binding Factor,0.00211817728895347,0.35674
YBR250W,SPO23,SPOrulation,0.00211636463283809,0.347
YLL046C,RNP1,RiboNucleoProtein,0.00211301748735045,0.39577
YJR159W,SOR1,NA,0.00210925944635269,0.37544
YDR126W,SWF1,Spore Wall Formation,0.0021081079098896,0.29124
YCR097W-A,NA,NA,0.00210625822593752,0.35884
YBR056W-A,MNC1,MaNganese Chelating protein 1,0.00209755625403375,0.38583
YPL224C,MMT2,Mitochondrial Metal Transporter,0.00209551592205296,0.34798
YMR290W-A,NA,NA,0.00209355534533053,0.40335
YCL009C,ILV6,IsoLeucine Valine,0.00208800249983385,0.32622
YHR188C,GPI16,GlycosylPhosphatidylInositol anchor biosynthesis,0.00208681855849821,0.43544
YDR080W,VPS41,Vacuolar Protein Sorting,0.00208422614764843,0.31475
YER166W,DNF1,Drs2 Neo1 Family,0.00207957019790008,0.33818
YDR335W,MSN5,Multicopy suppressor of SNf1 mutation,0.00207277006460918,0.38042
YDR462W,MRPL28,"Mitochondrial Ribosomal Protein, Large subunit",0.00206629426621275,0.47642
YER111C,SWI4,SWItching deficient,0.00206169070381597,0.36963
YBR093C,PHO5,PHOsphate metabolism,0.00205890271362305,0.2881
YDR282C,MRX10,Mitochondrial oRganization of gene eXpression (MIOREX),0.00205150966396266,0.36697
YHR023W,MYO1,MYOsin,0.00204838355545848,0.43375
YBR125C,PTC4,Phosphatase Two C,0.00203961931357222,0.29993
YPR146C,NA,NA,0.00203959330040597,0.40193
YGL136C,MRM2,Mitochondrial rRNA Methyl transferase,0.0020302753699388,0.18052
YNL249C,MPA43,Multicopy PDC1 Activator,0.00203013025132674,0.23902
YJR116W,TDA4,Topoisomerase I Damage Affected,0.0020255813797222,0.35226
YMR207C,HFA1,NA,0.00202405454900237,0.29477
YLR231C,BNA5,Biosynthesis of Nicotinic Acid,0.00201502147001919,0.32607
YKL160W,ELF1,ELongation Factor,0.00201271924874833,0.40599
YDR519W,FPR2,FKBP Proline Rotamase,0.00200964294966682,0.39298
YLR064W,PER33,"Pore and ER protein, 33 kDa",0.00198663833036721,0.43594
YCR093W,CDC39,Cell Division Cycle,0.00198578891862171,0.3175
YPR117W,NA,NA,0.00198471435216949,0.26526
YKL222C,NA,NA,0.00198051440235715,0.24403
YLR373C,VID22,Vacuolar Import and Degradation,0.00197550838185449,0.40515
YDL009C,NA,NA,0.00197406198062799,0.42716
YOR244W,ESA1,NA,0.00197360630180174,0.28766
YGL230C,NA,NA,0.00197252812353435,0.30142
YGL106W,MLC1,Myosin Light Chain,0.00196237406917686,0.43492
YDL242W,NA,NA,0.00196062455632796,0.36249
YMR137C,PSO2,PSOralen derivative sensitive,0.00195667584823574,0.39546
YKR054C,DYN1,DYNein,0.00195644076660021,0.44757
YDR224C,HTB1,Histone h Two B,0.0019542477864981,0.44137
YEL009C,GCN4,General Control Nonderepressible,0.00194617327743849,0.30031
YPL138C,SPP1,"Set1c, Phd finger Protein",0.00194350687614687,0.40726
YBR274W,CHK1,CHeckpoint Kinase,0.00193167927631372,0.28699
YDR200C,VPS64,Vacuolar Protein Sorting,0.00193136222555217,0.33875
YNL243W,SLA2,Synthetic Lethal with ABP1,0.00192987634595544,0.43193
YBR231C,SWC5,SWr Complex,0.0019269820142139,0.44288
YBR289W,SNF5,Sucrose NonFermenting,0.00192465738816424,0.30396
YOR316C,COT1,CObalt Toxicity,0.0019230315387380101,0.33464
YHR135C,YCK1,Yeast Casein Kinase I homolog,0.00192144481868823,0.37895
YPR082C,DIB1,S. pombe DIm1+ in Budding yeast,0.00191843881730179,0.43985
YLR173W,TAG1,Termination of AutophaGy,0.00191750174228551,0.39908
YKL207W,EMC3,ER Membrane protein Complex,0.00191719030508656,0.28574
YLR396C,VPS33,Vacuolar Protein Sorting,0.00191548019458394,0.23009
YNL127W,FAR11,Factor ARrest,0.00190199425882672,0.34744
YIL002C,INP51,INositol polyphosphate 5-Phosphatase,0.00189893419564628,0.28157
YDR029W,NA,NA,0.00188938536795604,0.31232
YJR135C,MCM22,MiniChromosome Maintenance,0.00187657013432989,0.26055
YMR254C,NA,NA,0.00187636047033538,0.33604
YOL069W,NUF2,NUclear Filament-containing protein,0.00187350438880427,0.32041
YHR166C,CDC23,Cell Division Cycle,0.00186094411550404,0.30019
YGR258C,RAD2,RADiation sensitivity,0.00185499012321688,0.46208
YJR066W,TOR1,Target Of Rapamycin,0.00185085115155354,0.4215
YJL173C,RFA3,Replication Factor A,0.00184698349164416,0.43199
YPR038W,IRC16,Increased Recombination Centers,0.001845164307272,0.38834
YIL135C,VHS2,Viable in a Hal3 Sit4 background,0.00184395657021674,0.35308
YOL068C,HST1,Homolog of SIR Two (SIR2),0.00183896789156566,0.3358
YOL146W,PSF3,Partner of Sld Five,0.00182284301252179,0.42766
YMR299C,DYN3,DYNein,0.00182169991211327,0.31529
YBR127C,VMA2,Vacuolar Membrane Atpase,0.00181515156241638,0.27053
YMR047C,NUP116,NUclear Pore,0.00180255571760867,0.42672
YPR198W,SGE1,Suppression of Gal11 Expression,0.0018013805267176,0.36744
YPL121C,MEI5,MEIosis,0.00180019984972381,0.42271
YEL056W,HAT2,Histone AcetylTransferase,0.00179853749970588,0.39166
YNL172W,APC1,Anaphase Promoting Complex subunit,0.00179835982611357,0.38928
YLR236C,NA,NA,0.00179522537433324,0.32312
YBR297W,MAL33,MALtose,0.00178836136301261,0.46382
YLR220W,CCC1,Cross-Complements Ca(2+) phenotype of csg1,0.00178821611560216,0.33115
YMR097C,MTG1,MiTochondrial GTPase,0.00178480167939906,0.37313
YNL189W,SRP1,Suppressor of Rna Polymerase I,0.00178262905406594,0.33914
YGL005C,COG7,Conserved Oligomeric Golgi complex,0.00178203899603019,0.27014
YPL041C,MRX11,Mitochondrial oRganization of gene eXpression (MIOREX),0.0017810727921092,0.29501
YLR404W,SEI1,SEIpin,0.00177966302392981,0.31544
YDL129W,NA,NA,0.00177558146029574,0.42991
YIL023C,YKE4,Yeast ortholog of mouse KE4,0.0017622513679285,0.36776
YKR074W,AIM29,Altered Inheritance rate of Mitochondria,0.00176091108009859,0.40742
YER069W,ARG56,ARGinine requiring,0.00175925201299281,0.48679
YJR127C,RSF2,ReSpiration Factor,0.00175859548127348,0.3183
YDR220C,NA,NA,0.00175665102399571,0.32238
YCR007C,NA,NA,0.0017549054416185,0.29235
YDR397C,NCB2,Negative Cofactor B,0.00175472658940697,0.40858
YKR053C,YSR3,Yeast Sphingolipid Resistance,0.00175137799379796,0.44998
YMR209C,NA,NA,0.00174933700010274,0.38161
YPR129W,SCD6,Suppressor of Clathrin Deficiency,0.00174840625606253,0.34817
YCR094W,CDC50,Cell Division Cycle,0.00174603945272468,0.3457
YER038W-A,FMP49,Found in Mitochondrial Proteome,0.00174559179742047,0.36777
YGL247W,BRR6,Bad Response to Refrigeration,0.0017433835554526,0.43193
YLR207W,HRD3,HMG-coA Reductase Degradation,0.0017431923083089,0.29584
YCL010C,SGF29,SaGa associated Factor,0.00174308520448433,0.43183
YDR208W,MSS4,Multicopy Suppressor of Stt4 mutation,0.00174278960733916,0.32355
YLR182W,SWI6,SWItching deficient,0.00174062920114662,0.43776
YGR006W,PRP18,Pre-mRNA Processing,0.00173941733721198,0.37297
YLR461W,PAU4,seriPAUperin family,0.00173657069000386,0.4156
YOL119C,MCH4,MonoCarboxylate transporter Homolog,0.00173584374978948,0.46881
YJR009C,TDH2,Triose-phosphate DeHydrogenase,0.00172761000183063,0.42544
YLR378C,SEC61,SECretory,0.00172626162124879,0.38599
YLR261C,VPS63,Vacuolar Protein Sorting,0.00172620870807916,0.4263
YJR128W,NA,NA,0.00172503291798693,0.38318
YNL218W,MGS1,Maintenance of Genome Stability,0.00172410936149414,0.30818
YMR065W,KAR5,KARyogamy,0.00171903488514687,0.34783
YGL219C,MDM34,Mitochondrial Distribution and Morphology,0.00171784427488124,0.4253
YCR028C-A,RIM1,Replication In Mitochondria,0.0017165977269213001,0.43365
YDL004W,ATP16,ATP synthase,0.0017103945360208,0.47048
YMR077C,VPS20,Vacuolar Protein Sorting,0.00171014234315773,0.4026
YDR071C,PAA1,PolyAmine Acetyltransferase,0.00170804395931335,0.35149
YDR356W,SPC110,Spindle Pole Component,0.00170314077611004,0.35004
YLL030C,RRT7,Regulator of rDNA Transcription,0.00169848876766987,0.36475
YDL186W,NA,NA,0.00169499690550902,0.40979
YJL112W,MDV1,Mitochondrial DiVision,0.00169076648961632,0.47239
YPL149W,ATG5,AuTophaGy related,0.00168024269928498,0.38611
YOR026W,BUB3,Budding Uninhibited by Benzimidazole,0.00167909500609998,0.3885
YGL109W,NA,NA,0.00167544465550682,0.35173
YAL045C,NA,NA,0.00167280935857424,0.41005
YCR097W,HMRA1,Hidden Mat Right A,0.00167082760161012,0.27409
YLR414C,PUN1,Plasma membrane protein Upregulated during Nitrogen stress,0.00166833722247327,0.41945
YPL011C,TAF3,TATA binding protein-Associated Factor,0.00166706060659395,0.41591
YHR086W,NAM8,Nuclear Accommodation of Mitochondria,0.00166450741918663,0.41518
YMR316C-B,NA,NA,0.00165624288910967,0.39162
YOR076C,SKI7,SuperKIller,0.00165411127396629,0.42788
YBL100C,NA,NA,0.00165276230337294,0.42096
YCR024C-A,PMP1,Plasma Membrane Proteolipid,0.00164804681785047,0.40242
YER051W,JHD1,JmjC domain-containing Histone Demethylase,0.00164275108971698,0.22134
YPL060W,MFM1,Mrs2 Function Modulating factor,0.00163537848270513,0.38942
YLR100W,ERG27,ERGosterol biosynthesis,0.00162297805225181,0.44582
YNR049C,MSO1,Multicopy suppressor of Sec One,0.00161904012817479,0.37982
YHR117W,TOM71,Translocase of the Outer Mitochondrial membrane,0.00161855259057804,0.30103
YBR107C,IML3,Increased Minichromosome Loss,0.00161466019328769,0.35261
YPR047W,MSF1,"Mitochondrial aminoacyl-tRNA Synthetase, Phenylalanine (F)",0.00161418697724936,0.48676
YNL030W,HHF2,Histone H Four,0.00161204787605743,0.48014
YDL028C,MPS1,MonoPolar Spindle,0.00159323036188246,0.31312
YKL102C,NA,NA,0.00159095907220922,0.42805
YKL214C,YRA2,Yeast RNA Annealing protein,0.00158897855866943,0.27378
YNL272C,SEC2,SECretory,0.00158642891318805,0.40509
YAR061W,NA,NA,0.00158434438867972,0.34288
YGR113W,DAM1,Duo1 And Mps1 interacting,0.00158275112323229,0.4027
YDL168W,SFA1,Sensitive to FormAldehyde,0.00157891588870552,0.4653
YIL031W,ULP2,UbL-specific Protease,0.00157347465918695,0.36968
YKL040C,NFU1,NifU-like protein,0.00157116916906423,0.2935
YGR046W,TAM41,Translocator Assembly and Maintenance,0.00156723888888986,0.3195
YFL041W,FET5,FErrous Transport,0.00155439598950193,0.45443
YGL226C-A,OST5,OligoSaccharylTransferase,0.00155431471119607,0.45316
YGR226C,NA,NA,0.00155060123802175,0.28998
YLR148W,PEP3,carboxyPEPtidase Y-deficient,0.00154407757071416,0.29631
YAL002W,VPS8,Vacuolar Protein Sorting,0.00154340600876016,0.38745
YDL138W,RGT2,Restores Glucose Transport,0.00154231772459978,0.43029
YJL180C,ATP12,ATP synthase,0.00154212963812769,0.4794
YOR057W,SGT1,Suppressor of G2 (Two) allele of skp1,0.00154185363076222,0.38913
YMR119W-A,NA,NA,0.00153876070235931,0.44823
YKL137W,CMC1,Cx9C Mitochondrial protein necessary for full assembly of Cytochrome c oxidase,0.00153861192004873,0.4865
YHR164C,DNA2,DNA synthesis defective,0.00153089578754176,0.34336
YGL258W,VEL1,VELum formation,0.00152863465599676,0.32425
YCR041W,NA,NA,0.00152732143746226,0.3497
YOL072W,THP1,Tho2/Hpr1 Phenotype,0.00151697099491909,0.37919
YHR006W,STP2,protein with similarity to Stp1p,0.00151500700044668,0.4612
YMR306W,FKS3,FK506 Sensitivity,0.00151450029108049,0.36702
YOR231W,MKK1,Mitogen-activated protein Kinase-Kinase,0.00150431234405271,0.41164
YDR542W,PAU10,seriPAUperin,0.00149958294336841,0.35729
YKR106W,GEX2,Glutathione EXchanger,0.00149802010576229,0.2842
YMR002W,MIX17,Mitochondrial Intermembrane space CX(n)C motif protein,0.0014971778315421,0.477
YOR378W,AMF1,AMmonium Facilitator,0.00149445099491764,0.37672
YPL007C,TFC8,Transcription Factor C,0.00149430628084282,0.4307
YJL220W,NA,NA,0.00149405909624566,0.26954
YOR011W,AUS1,ABC protein involved in Uptake of Sterols,0.00149317101519217,0.43172
YPR180W,AOS1,Activation Of Smt3p,0.00149033471934592,0.20283
YIL027C,EMC5,ER Membrane protein Complex,0.00148487461894331,0.36198
YGL072C,NA,NA,0.00148468425533506,0.4277
YPL072W,UBP16,UBiquitin-specific Protease,0.0014733563813605,0.46516
YOL108C,INO4,INOsitol requiring,0.00146885727255062,0.37973
YJL225C,NA,NA,0.00146162575922584,0.42447
YER099C,PRS2,PhosphoRibosylpyrophosphate Synthetase,0.00145635409907918,0.43047
YMR075C-A,NA,NA,0.00145599474623395,0.43258
YBR159W,IFA38,NA,0.0014551858640543,0.47098
YMR219W,ESC1,Establishes Silent Chromatin,0.00145345318509238,0.36018
YCR050C,NA,NA,0.00145342033479719,0.41953
YOR313C,SPS4,SPorulation Specific trancript,0.00144916357732106,0.44312
YFL005W,SEC4,SECretory,0.00144830520818318,0.43141
YOR332W,VMA4,Vacuolar Membrane Atpase,0.00144614925528767,0.34323
YCL058C,FYV5,Function required for Yeast Viability,0.00144061218047409,0.42758
YBR039W,ATP3,ATP synthase,0.00144018960498168,0.47699
YOR250C,CLP1,CLeavage/Polyadenylation factor Ia subunit,0.00142864114419731,0.29895
YLR225C,NA,NA,0.00142717648130005,0.39849
YDR379W,RGA2,Rho GTPase Activating Protein,0.00141953120178958,0.32171
YAR033W,MST28,Multicopy suppressor of Sec Twenty one,0.00141402974257959,0.37725
YLR005W,SSL1,Suppressor of Stem-Loop mutation,0.00141401842561693,0.3697
YGL222C,EDC1,Enhancer of mRNA DeCapping,0.00141343920560415,0.37463
YFR007W,YFH7,NA,0.00140357251336809,0.48146
YDL034W,NA,NA,0.00140188699149571,0.38077
YNL148C,ALF1,ALpha tubulin Folding,0.00139891765635108,0.43563
YGR263C,SAY1,Steryl Acetyl hYdrolase,0.00139841338749003,0.31496
YDL171C,GLT1,GLuTamate synthase,0.00138397349153868,0.40606
YPR111W,DBF20,DumbBell Forming,0.00138289168616087,0.30557
YNL155W,CUZ1,Cdc48-associated UBL/Zn-finger protein,0.00138026464246477,0.34708
YHL047C,ARN2,AFT1 ReguloN,0.00137263853970792,0.33655
YJR113C,RSM7,Ribosomal Small subunit of Mitochondria,0.00136701105441336,0.48499
YMR125W,STO1,Suppressor of TOp1,0.00136578697002746,0.43954
YOL011W,PLB3,PhosphoLipase B,0.00136466912981241,0.43016
YIL051C,MMF1,Mitochondrial Matrix Factor,0.00136248767372132,0.34271
YOR333C,NA,NA,0.00136057842790865,0.36504
YFL017C,GNA1,GlucosamiNe-6-phosphate Acetyltransferase,0.00135479184357407,0.47365
YDR540C,IRC4,Increased Recombination Centers,0.0013501278088417,0.40417
YBR123C,TFC1,Transcription Factor class C,0.00134199537357429,0.44009
YKL190W,CNB1,CalciNeurin subunit B,0.00134101898150062,0.33327
YJR011C,NA,NA,0.00133768694434035,0.34594
YGR178C,PBP1,Pab1p-Binding Protein,0.00133039336783853,0.41435
YER133W,GLC7,GLyCogen,0.00131420567569826,0.38591
YEL023C,NA,NA,0.00131405923032743,0.34329
YNR059W,MNT4,MaNnosylTransferase,0.00131231125261043,0.34141
YNL253W,TEX1,TrEX component,0.00130966543050145,0.35725
YLL061W,MMP1,S-MethylMethionine Permease,0.00130578349913089,0.43527
YAL064W,NA,NA,0.00129793510654519,0.29245
YPR036W,VMA13,Vacuolar Membrane Atpase,0.00129626038953142,0.4257
YLR170C,APS1,clathrin Associated Protein complex Small subunit,0.00129516234181464,0.41505
YJL175W,NA,NA,0.00129156236576575,0.40688
YKR078W,NA,NA,0.0012859826181352,0.43835
YDL175C,AIR2,Arginine methyltransferase-Interacting RING finger protein,0.00128586535878968,0.37382
YNL080C,EOS1,ER-localized and Oxidants Sensitive,0.00128048857914885,0.36736
YNR076W,PAU6,seriPAUperin family,0.00127876100868436,0.41263
YDR236C,FMN1,FMN biosynthesis,0.00127731060000285,0.3655
YNL320W,NA,NA,0.0012722921713048,0.43153
YKL192C,ACP1,Acyl Carrier Protein,0.00127104589760041,0.48377
YBL094C,NA,NA,0.00126775557578721,0.27623
YBR081C,SPT7,SuPpressor of Ty's,0.00126387309473354,0.4489
YIL176C,PAU14,seriPAUperin,0.00126020464001125,0.41011
YDR015C,NA,NA,0.0012573376328991,0.32868000000000003
YOR192C,THI72,THI7 homolog 2,0.0012560072914924,0.46751
YKL006C-A,SFT1,Suppressor of sed Five Ts,0.00125584891378129,0.40183
YBR124W,NA,NA,0.00125225149107461,0.42026
YER027C,GAL83,GALactose metabolism,0.0012479888944756,0.39599
YER014C-A,BUD25,BUD site selection,0.00124783738406302,0.2703
YBR176W,ECM31,ExtraCellular Mutant,0.00124514741025723,0.41092
YFL013C,IES1,Ino Eighty Subunit,0.00124283654909077,0.3847
YJR162C,NA,NA,0.0012393783233322,0.40603
YJR084W,NA,NA,0.0012383378760526,0.39868
YOR093C,CMR2,Changed Mutation Rate,0.00123502821100828,0.45794
YPL066W,RGL1,Rho1 GEF Localizing,0.00123433231427657,0.36969
YKR064W,OAF3,Oleate Activated transcription Factor,0.001231267019962,0.38516
YPR147C,NA,NA,0.00122751126172021,0.46152
YDR288W,NSE3,Non SMC Element,0.00122622881180194,0.36353
YOL138C,RTC1,Restriction of Telomere Capping,0.00121576537124676,0.39273
YDR102C,NA,NA,0.00121178271155566,0.42854
YJL009W,NA,NA,0.00120723591690933,0.40024
YDL207W,GLE1,GLFG (glycine-leucine-phenylalanine-glycine) LEthal,0.0012034417162065,0.3247
YGL239C,NA,NA,0.00120265165584951,0.42551
YER167W,BCK2,Bypass of C Kinase,0.00120188060246007,0.45837
YNL017C,NA,NA,0.00120004549981143,0.42586
YPL261C,NA,NA,0.00119406381626195,0.38524
YLL042C,ATG10,AuTophaGy related,0.00117621105242,0.39822
YNR041C,COQ2,COenzyme Q,0.00117572146118094,0.47853
YJR138W,IML1,Increased Minichromosome Loss,0.00117488514930178,0.36947
YLL003W,SFI1,Suppressor of Fermentation Induced loss of stress resistance,0.00116687773851907,0.36597
YPL268W,PLC1,PhosphoLipase C,0.0011645946308871,0.37525
YLR034C,SMF3,NA,0.00116371189421326,0.41002
YPR178W,PRP4,Pre-mRNA Processing,0.00116365498796853,0.39817
YDR205W,MSC2,Meiotic Sister-Chromatid recombination,0.0011608911742326,0.4561
YPL180W,TCO89,Tor Complex One,0.00115977816210143,0.39566
YMR153C-A,NA,NA,0.00115730949312068,0.39423
YLR424W,SPP382,Suppressor of PrP38 #2,0.00115403832315275,0.36727
YPR135W,CTF4,Chromosome Transmission Fidelity,0.00115298244818945,0.42574
YJR141W,IPA1,Important for cleavage and PolyAdenylation,0.00115131019833821,0.37373
YCL065W,NA,NA,0.00114941772460077,0.35816
YKL119C,VPH2,Vacuolar pH,0.00114671788456397,0.46418
YBR179C,FZO1,FuZzy Onions homolog,0.0011447669218173,0.46421
YGR101W,PCP1,Processing of Cytochrome c Peroxidase,0.00114360407313688,0.46764
YGL207W,SPT16,SuPpressor of Ty,0.00113548910490935,0.39516
YGL249W,ZIP2,ZIPping up meiotic chromosomes,0.00113516264228016,0.36607
YPL107W,DPC25,Delta-Psi dependent mitochondrial import and Cleavage protein of ~25 kDa,0.00113515427398102,0.40955
YER106W,MAM1,Monopolar microtubule Attachment during Meiosis I,0.00112415392623413,0.46884
YHR079C-A,SAE3,Sporulation in the Absence of spo Eleven,0.0011186574805067,0.46125
YGR028W,MSP1,Mitochondrial Sorting of Proteins,0.00111621377837093,0.4845
YPR170C,NA,NA,0.00111523432148167,0.41344
YBL025W,RRN10,Regulation of RNA polymerase I,0.00111395894684313,0.40806
YGR202C,PCT1,Phosphocholine CytidylylTransferase,0.00110676232605536,0.39343
YLR465C,BSC3,Bypass of Stop Codon,0.00110590171789329,0.30162
YDL176W,IPF1,Involved in actin Patch Formation,0.00110443310026959,0.41809
YGR115C,NA,NA,0.00110227498733787,0.33676
YHL008C,NA,NA,0.00109710557184966,0.48343
YJR022W,LSM8,Like SM,0.00109194800012601,0.42347
YMR126C,DLT1,Defect at Low Temperature,0.00108685592146144,0.36339
YBR032W,NA,NA,0.00108584358992981,0.43892
YOR211C,MGM1,Mitochondrial Genome Maintenance,0.0010857617371899,0.45786
YAL066W,NA,NA,0.00108493657462178,0.38229
YHR145C,NA,NA,0.00108188011584318,0.41238
YKL070W,NA,NA,0.00107973996105294,0.36206
YDR389W,SAC7,Suppressor of ACtin,0.0010782170411081501,0.46739000000000003
YGL013C,PDR1,Pleiotropic Drug Resistance,0.00107334925783867,0.45607
YPR173C,VPS4,Vacuolar Protein Sorting,0.00107276579031574,0.44814
YNR032W,PPG1,Protein Phosphatase involved in Glycogen accumulation,0.00106793117180432,0.40216
YLR114C,AVL9,Apl2 Vps1 Lethal,0.00106686734913897,0.33974
YBR129C,OPY1,Overproduction-induced Pheromone-resistant Yeast,0.00106588320454746,0.4493
YDR510W,SMT3,Suppressor of Mif Two,0.00106112267707306,0.43612
YBL060W,YEL1,Yeast EFA6-Like,0.00105255513293147,0.37175
YOR318C,NA,NA,0.0010483284642578,0.43344
YFL068W,NA,NA,0.0010478965383251,0.39126
YMR037C,MSN2,Multicopy suppressor of SNF1 mutation,0.00103788265117241,0.36609
YOL166C,NA,NA,0.00103347508602637,0.34122
YHL046W-A,NA,NA,0.00103301460540044,0.35989
YPL150W,NA,NA,0.0010316167471667,0.2767
YFL004W,VTC2,Vacuolar Transporter Chaperone,0.00103068920708138,0.45633
YFL049W,SWP82,SWi/snf-associated Protein,0.0010195980735388,0.35711
YER165C-A,NA,NA,0.00101862156123975,0.41439
YDL006W,PTC1,Phosphatase type Two C,0.00101808271367589,0.39907
YGL252C,RTG2,ReTroGrade regulation,0.0010180616799143,0.42758
YLR085C,ARP6,Actin-Related Protein,0.00101741372048117,0.37488
YHL002C-A,NA,NA,0.00101617638728739,0.42618
YDL187C,NA,NA,0.00100873061596355,0.43721
YAL067C,SEO1,Suppressor of sulfoxyde EthiOnine resistance,0.00100746438726406,0.35625
YLR233C,EST1,Ever Shorter Telomeres,0.00100714968210706,0.43525
YPL064C,CWC27,Complexed With Cef1p,0.00100632980380659,0.4613
YNL122C,MRP35,Mitochondrial Ribosomal Protein,0.00100020516420537,0.48395
YPR177C,NA,NA,9.9772588681182e-4,0.34507
YIL056W,VHR1,VHt1 Regulator,9.9716545791477e-4,0.47468
YNL047C,SLM2,Synthetic Lethal with Mss4,9.9589935875045e-4,0.36567
YPR100W,MRPL51,"Mitochondrial Ribosomal Protein, Large subunit",9.9532152534753e-4,0.48953
YOR158W,PET123,PETite colonies,9.8544826096509e-4,0.48843
YOR075W,UFE1,Unknown Function Essential,9.7987531972683e-4,0.40171
YJR062C,NTA1,N-Terminal Amidase,9.7507900869094e-4,0.37829
YDR407C,TRS120,TRapp Subunit,9.7467028990227e-4,0.43699
YOR221C,MCT1,Malonyl-CoA:ACP Transferase,9.7363823121935e-4,0.39049
YDR378C,LSM6,Like SM,9.7151203036653e-4,0.41139
YMR064W,AEP1,ATPase ExPression,9.6544200480786e-4,0.43564
YLR387C,REH1,REI1 Homolog,9.6049671589508e-4,0.4537
YLR041W,NA,NA,9.6047034361792e-4,0.42919
YDL139C,SCM3,Suppressor of Chromosome Missegregation,9.5969842110005e-4,0.42938
YCL043C,PDI1,Protein Disulfide Isomerase,9.5958507647274e-4,0.45459
YNL324W,NA,NA,9.5862620402379e-4,0.41255
YML084W,NA,NA,9.5308573909421e-4,0.43973
YPR105C,COG4,Conserved Oligomeric Golgi complex,9.5181580584602e-4,0.42455
YLR386W,VAC14,VACuole morphology and inheritance mutant,9.4385297066839e-4,0.43089
YHR175W,CTR2,Copper TRansport,9.4058332282437e-4,0.4694
YHR147C,MRPL6,"Mitochondrial Ribosomal Protein, Large subunit",9.4044868491296e-4,0.48849
YLL006W,MMM1,Maintenance of Mitochondrial Morphology,9.3817870903737e-4,0.43357
YHR079C-A,SAE3,Sporulation in the Absence of spo Eleven,9.363072138464e-4,0.4689
YKL053C-A,MDM35,Mitochondrial Distribution and Morphology,9.3548329245593e-4,0.49027
YDL118W,NA,NA,9.2941355010251e-4,0.45159
YNL325C,FIG4,Factor-Induced Gene,9.2837649714665e-4,0.3501
YMR208W,ERG12,ERGosterol biosynthesis,9.2746662672792e-4,0.45868
YLL063C,AYT1,AcetYlTransferase,9.2664848501355e-4,0.33121
YPL184C,MRN1,Multicopy supressor of rsc nhp6,9.2194172644088e-4,0.45866
YGL257C,MNT2,MaNnosylTransferase,9.1951383306391e-4,0.33491
YDR387C,CIN10,Chromosome INstability,9.1793087323088e-4,0.38473
YLR086W,SMC4,Structural Maintenance of Chromosomes,9.1668815697309e-4,0.36808
YMR157C,AIM36,Altered Inheritance rate of Mitochondria,9.123669698977e-4,0.49295
YCR106W,RDS1,Regulator of Drug Sensitivity,9.1217096462716e-4,0.33505
YMR082C,NA,NA,9.0998157360375e-4,0.46323
YPR038W,IRC16,Increased Recombination Centers,9.0948332528847e-4,0.40922
YNL017C,NA,NA,9.0439295417135e-4,0.44372
YER120W,SCS2,Suppressor of Choline Sensitivity,9.0310065878816e-4,0.39745
YGL128C,CWC23,Complexed With Cef1p,9.0218783519524e-4,0.42633
YIR005W,IST3,Increased Sodium Tolerance,9.0111835457953e-4,0.42526
YAR007C,RFA1,Replication Factor A,8.9583476020943e-4,0.46286
YOL162W,NA,NA,8.9518674514731e-4,0.42293
YNR071C,NA,NA,8.9487907541657e-4,0.35983
YDR289C,RTT103,Regulator of Ty1 Transposition,8.8871281317959e-4,0.41908
YCL068C,NA,NA,8.8859609636059e-4,0.33934
YHR102W,KIC1,Kinase that Interacts with Cdc31p,8.8652426750783e-4,0.44061
YKR083C,DAD2,Duo1 And Dam1 interacting,8.8557618032526e-4,0.43202
YBR186W,PCH2,Pachytene CHeckpoint,8.8226542894033e-4,0.41967
YGL038C,OCH1,Outer CHain elongation,8.8031294091405e-4,0.46156
YGR189C,CRH1,Congo Red Hypersensitive,8.7589424372554e-4,0.48817
YDR461W,MFA1,Mating Factor A,8.7588419164692e-4,0.42266
YNL286W,CUS2,Cold sensitive U2 snRNA Suppressor,8.7216649337407e-4,0.36863
YPL052W,OAZ1,Ornithine decarboxylase AntiZyme,8.6845312834077e-4,0.49056
YKL039W,PTM1,NA,8.6707933748692e-4,0.44545
YDR188W,CCT6,Chaperonin Containing TCP-1,8.669161043525e-4,0.42561
YCL075W,NA,NA,8.6100825511754e-4,0.38862
YLL065W,NA,NA,8.554041581073e-4,0.39042
YNL193W,NA,NA,8.5368651155181e-4,0.43243
YER046W-A,NA,NA,8.5293115271978e-4,0.43323
YLR453C,RIF2,Rap1p-Interacting Factor,8.4458892096799e-4,0.42263
YIL139C,REV7,REVersionless,8.4389319798225e-4,0.41715
YIL012W,NA,NA,8.4267878708384e-4,0.44867
YDR131C,NA,NA,8.4210761333883e-4,0.38937
YOL163W,NA,NA,8.3390849784966e-4,0.39487
YHL042W,NA,NA,8.3169616360477e-4,0.43513
YGR293C,NA,NA,8.3022450452303e-4,0.46624
YNR004W,SWM2,Synthetic With mud2-delta,8.2619048296122e-4,0.42395
YOR024W,NA,NA,8.2613429119049e-4,0.45764
YAR047C,NA,NA,8.1793694114132e-4,0.34985
YPL002C,SNF8,Sucrose NonFermenting,8.109151077465e-4,0.46159
YKR035C,OPI8,OverProducer of Inositol,8.0243198734048e-4,0.4328
YDL114W,NA,NA,8.0202538554517e-4,0.44738
YDL053C,PBP4,Pbp1p Binding Protein,7.9982883215205e-4,0.4028
YLR298C,YHC1,Yeast Homolog of human U1C,7.9827664048679e-4,0.46413
YLR379W,NA,NA,7.9155246371272e-4,0.41967
YER172C-A,NA,NA,7.9135788499398e-4,0.36243
YIR020C,NA,NA,7.9065021562969e-4,0.4077
YPL024W,RMI1,RecQ Mediated genome Instability,7.8884276182953e-4,0.44054
YBL017C,PEP1,carboxyPEPtidase Y-deficient,7.880069396682e-4,0.44007
YLR363C,NMD4,Nonsense-Mediated mRNA Decay,7.8730784313782e-4,0.44481
YKR101W,SIR1,Silent Information Regulator,7.8517215744336e-4,0.46419
YPL253C,VIK1,Vegetative Interaction with Kar3p,7.8401486269216e-4,0.44295
YKL022C,CDC16,Cell Division Cycle,7.784433720912e-4,0.447
YPR107C,YTH1,Yeast THirty kDa Homolog,7.7786067555522e-4,0.43871
YIL050W,PCL7,Pho85 CycLin,7.7554175320217e-4,0.47094
YKL019W,RAM2,RAS protein and A-factor Maturation,7.754255069364e-4,0.44594
YDR104C,SPO71,SPOrulation,7.741928098347e-4,0.42594
YGL164C,YRB30,Yeast Ran Binder,7.7290863860905e-4,0.39032
YPR096C,NA,NA,7.7148139076669e-4,0.44782
YGL075C,MPS2,MonoPolar Spindle,7.6844475574767e-4,0.40659
YHL025W,SNF6,Sucrose NonFermenting,7.6309548705132e-4,0.44758
YHR181W,SVP26,Sed5 Vesicle Protein,7.5639464336506e-4,0.42583
YDR524C-A,NA,NA,7.5338352371613e-4,0.46428
YNL032W,SIW14,Synthetic Interaction with Whi2,7.5152068979968e-4,0.47779
YDR189W,SLY1,Suppressor of Loss of Ypt1,7.4631461759453e-4,0.40302
YLR235C,NA,NA,7.4434903507033e-4,0.36998
YJR082C,EAF6,Esa1p-Associated Factor,7.4284262238012e-4,0.45843
YGL151W,NUT1,Negative regulation of URS Two,7.4263630760631e-4,0.4326
YJR018W,NA,NA,7.4207816821322e-4,0.44503
YBR162C,TOS1,Target Of Sbf,7.3916556976347e-4,0.48121
YBR200W,BEM1,Bud EMergence,7.3621978458237e-4,0.41995
YBR165W,UBS1,UBiquitin-conjugating enzyme Suppressor,7.2836537777962e-4,0.43915
YOR258W,HNT3,Histidine triad NucleoTide-binding,7.209622688887e-4,0.467
YCL065W,NA,NA,7.1433425737225e-4,0.4558
YDR544C,NA,NA,7.1188032252064e-4,0.42892
YPR054W,SMK1,NA,7.0910645608481e-4,0.39213
YGR060W,ERG25,ERGosterol biosynthesis,7.0791087299182e-4,0.48227
YPL133C,RDS2,Regulator of Drug Sensitivity,7.0690596409841e-4,0.45395
YEL025C,NA,NA,7.0502452334942e-4,0.44846
YJR040W,GEF1,"Glycerol Ethanol, Ferric requiring",7.0330277802e-4,0.45452
YNR074C,AIF1,Apoptosis-Inducing Factor,7.0250588262823e-4,0.38842
YOR379C,NA,NA,7.0129493655096e-4,0.36277
YJL030W,MAD2,Mitotic Arrest-Deficient,7.0026382916759e-4,0.43185
YJL065C,DLS1,Dpb3-Like Subunit of ISW2/yCHRAC complex,6.9813690157772e-4,0.46746
YLR046C,NA,NA,6.935286772333e-4,0.40214
YER063W,THO1,suppressor of the Transcriptional defect of Hpr1 by Overexpression,6.9157764261321e-4,0.45534
YNL296W,NA,NA,6.9115960989841e-4,0.33326
YOL004W,SIN3,Switch INdependent,6.8991998547629e-4,0.42524
YOL051W,GAL11,GALactose metabolism,6.8697601198634e-4,0.45639
YPR118W,MRI1,MethylthioRibose-1-phosphate Isomerase,6.8619632439059e-4,0.43704
YHR028C,DAP2,Dipeptidyl AminoPeptidase,6.8501939909963e-4,0.47174
YCL022C,NA,NA,6.811962636277e-4,0.37495
YDL010W,GRX6,GlutaRedoXin,6.7385835597701e-4,0.48458
YDL065C,PEX19,PEroXisome related,6.7385379545954e-4,0.4328
YBR135W,CKS1,Cdc28 Kinase Subunit,6.717786829055e-4,0.41554
YMR061W,RNA14,poly(A) mRNA metabolism,6.7127391725144e-4,0.45058
YGL193C,NA,NA,6.6901044592054e-4,0.39793
YOR331C,NA,NA,6.6771370809094e-4,0.46848
YMR205C,PFK2,PhosphoFructoKinase,6.6399704478306e-4,0.46515
YOR325W,NA,NA,6.6033248410549e-4,0.45856
YLR463C,NA,NA,6.5861730614206e-4,0.42502
YMR145C,NDE1,"NADH Dehydrogenase, External",6.5737299552019e-4,0.48845
YIL025C,NA,NA,6.5455401238203e-4,0.46544
YMR182C,RGM1,NA,6.533915017227e-4,0.47704
YML029W,USA1,U1-Snp1 Associating,6.5089654488767e-4,0.40906
YPL243W,SRP68,Signal Recognition Particle,6.4778154973089e-4,0.44611
YOR170W,NA,NA,6.47504104821e-4,0.43905
YAL013W,DEP1,Disability in regulation of Expression of genes involved in Phospholipid biosynthesis,6.4609642233117e-4,0.4325
YLR162W,NA,NA,6.4287390432637e-4,0.47225
YIL026C,IRR1,IRRegular cell behavior,6.3904501384601e-4,0.47813
YBR010W,HHT1,Histone H Three,6.3867247464726e-4,0.49177
YCR095C,OCA4,Oxidant-induced Cell-cycle Arrest,6.2775313017946e-4,0.44557
YBR265W,TSC10,Temperature-sensitive Suppressors of Csg2 mutants,6.2533179194083e-4,0.48318
YCR042C,TAF2,TATA binding protein-Associated Factor,6.2408340513808e-4,0.48001
YMR063W,RIM9,Regulator of IME2,6.2043071702131e-4,0.44185
YKL132C,RMA1,Reduced Mating A,6.200331512278e-4,0.46207
YJR089W,BIR1,Baculoviral IAP Repeat-containing protein,6.1908956940617e-4,0.45416
YLR166C,SEC10,SECretory,6.1791834485807e-4,0.46096
YJL147C,SMT1,Suppression of Mitochondrial Translation,6.1683479173598e-4,0.40956
YIL143C,SSL2,Suppressor of Stem-Loop mutation,6.1288654278366e-4,0.44314
YGL091C,NBP35,Nucleotide Binding Protein,6.0908557392031e-4,0.45672
YMR043W,MCM1,MiniChromosome Maintenance,6.0750444219249e-4,0.48582
YMR054W,STV1,Similar To VPH1,5.9873052923957e-4,0.48624
YML064C,TEM1,TErmination of M phase,5.9802797134187e-4,0.42124
YGL221C,NIF3,Ngg1p-Interacting Factor,5.9028017044679e-4,0.47102
YLR066W,SPC3,Signal Peptidase Complex,5.8717452784056e-4,0.45657
YJR110W,YMR1,Yeast Myotubularin Related,5.8404225430809e-4,0.438
YNL250W,RAD50,RADiation sensitive,5.7979684463082e-4,0.47074
YDR149C,NA,NA,5.7905827743292e-4,0.43665
YDL163W,NA,NA,5.7879045654185e-4,0.38622
YEL004W,YEA4,NA,5.7639512068252e-4,0.43217
YAL064C-A,TDA8,Topoisomerase I Damage Affected,5.7383943465774e-4,0.37889
YPL174C,NIP100,Nuclear ImPort,5.6847855469458e-4,0.42479
YCL028W,RNQ1,Rich in asparagine (N) and glutamine (Q),5.6398465928987e-4,0.4434
YGL149W,NA,NA,5.5596680553864e-4,0.46169
YCL007C,NA,NA,5.4911940619255e-4,0.45784
YNR006W,VPS27,Vacuolar Protein Sorting,5.3613649362499e-4,0.42051
YGL167C,PMR1,Plasma Membrane ATPase Related,5.3494907809361e-4,0.45479
YBR276C,PPS1,Protein Phosphatase S phase,5.3147585782857e-4,0.43778
YDR537C,NA,NA,5.2535953601354e-4,0.44928
YDR137W,RGP1,Reduced Growth Phenotype,5.2512715680879e-4,0.45147
YKL012W,PRP40,Pre-mRNA Processing,5.2473876540125e-4,0.42624
YLR235C,NA,NA,5.2426624695366e-4,0.41103
YHR054C,NA,NA,5.2218822709893e-4,0.4789
YDR458C,HEH2,Helix-Extension-Helix domain,5.1907962721443e-4,0.47932
YJR056C,NA,NA,5.1039325350896e-4,0.48133
YNL089C,NA,NA,5.1011762499177e-4,0.46765
YDR355C,NA,NA,5.0731090480198e-4,0.46549
YLR390W,ECM19,ExtraCellular Mutant,5.0677515030873e-4,0.49246
YDR127W,ARO1,AROmatic amino acid requiring,5.0590157738359e-4,0.44428
YDL077C,VAM6,VAcuolar Morphogenesis,5.0432004787376e-4,0.47549
YDR195W,REF2,RNA End Formation,5.0428561622071e-4,0.47192
YOR339C,UBC11,UBiquitin Carrier,5.036819843941e-4,0.45918
YGR275W,RTT102,Regulator of Ty1 Transposition,5.014475780461e-4,0.44296
YOR068C,VAM10,VAcuolar Morphogenesis,4.9800625045078e-4,0.40415
YIL137C,TMA108,Translation Machinery Associated,4.9730150794098e-4,0.45974
YHR173C,NA,NA,4.9231237308086e-4,0.47907
YDR053W,NA,NA,4.9091712905331e-4,0.4734
YER184C,TOG1,Transcriptional regulator of Oleate utilization Genes,4.8972945898873e-4,0.45129
YLR465C,BSC3,Bypass of Stop Codon,4.8970043287008e-4,0.37853
YDR391C,NA,NA,4.8936168949343e-4,0.46212
YCR009C,RVS161,Reduced Viability on Starvation,4.8597747285022e-4,0.46665
YNL107W,YAF9,Yeast homolog of the human leukemogenic protein AF9,4.8438218457467e-4,0.44914
YPR050C,NA,NA,4.8146568373265e-4,0.45089
YHR094C,HXT1,HeXose Transporter,4.7913503374098e-4,0.45734
YHR192W,LNP1,LuNaPark family member,4.6844788800616e-4,0.46753
YNL317W,PFS2,Polyadenylation Factor Subunit,4.6320781924983e-4,0.47547
YLR447C,VMA6,Vacuolar Membrane Atpase,4.62740557122e-4,0.46383
YDR457W,TOM1,Temperature dependent Organization in Mitotic nucleus or Trigger Of Mitosis,4.5718917636757e-4,0.45405
YFL027C,GYP8,Gtpase-activating protein for Ypt Proteins,4.5306837266231e-4,0.47208
YOR191W,ULS1,Ubiquitin Ligase for SUMO conjugates,4.5210821951891e-4,0.44842
YPR188C,MLC2,Myo1p Light Chain,4.5176029197474e-4,0.47113
YHR050W,SMF2,Suppressor of Mitochondria import Function,4.476873331113e-4,0.48741
YFR027W,ECO1,Establishment of COhesion,4.4647513545204e-4,0.46895
YMR222C,FSH2,Family of Serine Hydrolases,4.4210240031116e-4,0.48682
YNR042W,NA,NA,4.4021695442476e-4,0.42453
YNR043W,MVD1,MeValonate pyrophosphate Decarboxylase,4.3859396415978e-4,0.48752
YPR076W,NA,NA,4.3842602999307e-4,0.47734
YFL008W,SMC1,Stability of MiniChromosomes,4.3760723880008e-4,0.4822
YNL081C,SWS2,Sick Without Securin,4.3381386158517e-4,0.49451
YHR111W,UBA4,UBiquitin-Activating,4.3275072880595e-4,0.451
YGL137W,SEC27,SECretory,4.3188319908172e-4,0.47754
YOL132W,GAS4,Glycophospholipid-Anchored Surface protein,4.2966903904567e-4,0.44673
YCR049C,NA,NA,4.2907116658698e-4,0.47798
YER076C,NA,NA,4.2687492732843e-4,0.46249
YDR260C,SWM1,Spore Wall Maturation,4.2648697975832e-4,0.49197
YLR456W,NA,NA,4.2414973591475e-4,0.47745
YHR191C,CTF8,Chromosome Transmission Fidelity,4.2150822495554e-4,0.461
YNL048W,ALG11,Asparagine-Linked Glycosylation,4.1986100447443e-4,0.4593
YNL017C,NA,NA,4.1835143013137e-4,0.47467
YDR543C,NA,NA,4.1031803672679e-4,0.45593
YGR139W,NA,NA,4.0607783600245e-4,0.47556
YDL221W,NA,NA,4.057543800553e-4,0.45335
YGR071C,ENV11,late ENdosome and Vacuole interface function,4.031263307152e-4,0.46553
YPL132W,COX11,Cytochrome c OXidase,4.0114633312609e-4,0.49395
YDL005C,MED2,MEDiator complex,3.9717165443552e-4,0.47301
YKR087C,OMA1,Overlapping activity with M-AAA protease,3.9422062453712e-4,0.45968
YAR069C,NA,NA,3.9323186243127e-4,0.4497
YLR203C,MSS51,Mitochondrial Splicing Suppressor,3.9051463967174e-4,0.49212
YML020W,NA,NA,3.8421429921117e-4,0.45187
YLR089C,ALT1,ALanine Transaminase,3.8088263519821e-4,0.48672
YCR018C-A,NA,NA,3.7385417741008e-4,0.45408
YNR028W,CPR8,Cyclosporin-sensitive Proline Rotamase,3.6953113778602e-4,0.48643
YLR054C,OSW2,Outer Spore Wall,3.6886387307394e-4,0.43507
YML050W,AIM32,Altered Inheritance rate of Mitochondria,3.6866738882863e-4,0.49415
YML041C,VPS71,Vacuolar Protein Sorting,3.6364396526049e-4,0.44742
YOL027C,MDM38,Mitochondrial Distribution and Morphology,3.6288010800208e-4,0.48457
YEL002C,WBP1,Wheat germ agglutinin-Binding Protein,3.6035005383631e-4,0.47495
YIL003W,CFD1,Cytosolic Fe-S cluster Deficient,3.5922038940515e-4,0.49191
YFL048C,EMP47,NA,3.5530716650603e-4,0.48788
YCL067C,HMLALPHA2,Hidden Mat Left ALPHA,3.5170565047962e-4,0.48639
YDL237W,AIM6,Altered Inheritance rate of Mitochondria,3.4529753946813e-4,0.48737
YPL117C,IDI1,Isopentenyl Diphosphate Isomerase,3.3879760905528e-4,0.49445
YHL041W,NA,NA,3.3439280438363e-4,0.47763
YKL225W,NA,NA,3.3097199967447e-4,0.45981
YDR461W,MFA1,Mating Factor A,3.2950421488235e-4,0.49026
YEL074W,NA,NA,3.2922372064873e-4,0.43853
YOR229W,WTM2,WD repeat containing Transcriptional Modulator,3.2714071874e-4,0.49027
YGL025C,PGD1,PolyGlutamine Domain,3.2673174665283e-4,0.48853
YLR246W,ERF2,Effect on Ras Function,3.2468421988052e-4,0.45318
YGL165C,NA,NA,3.2446512142099e-4,0.47281
YDR336W,MRX8,Mitochondrial oRganization of gene eXpression (MIOREX),3.2244277415064e-4,0.48605
YOR103C,OST2,OligoSaccharylTransferase,3.1988635834653e-4,0.48771
YCL022C,NA,NA,3.1536922771638e-4,0.43299
YOR321W,PMT3,Protein O-MannosylTransferase,3.1421254017691e-4,0.48515
YLR433C,CNA1,CalciNeurin A,3.1117690157577e-4,0.46556
YCR105W,ADH7,Alcohol DeHydrogenase,3.0954830463174e-4,0.45887
YOR050C,NA,NA,3.0946791980341e-4,0.45357
YKR015C,NA,NA,3.0544423666108e-4,0.47417
YOR139C,NA,NA,3.0050605619539e-4,0.48406
YLL031C,GPI13,GlycosylPhosphatidylInositol anchor biosynthesis,2.9238826830002e-4,0.47719
YMR190C,SGS1,Slow Growth Suppressor,2.896867631474e-4,0.48237
YJR134C,SGM1,Slow growth on Galactose and Mannose,2.896481767585e-4,0.44666
YDR108W,TRS85,TRapp Subunit,2.8065291781975e-4,0.47558
YJR050W,ISY1,Interactor of SYf1p,2.7943068155546e-4,0.4924
YDR524C-A,NA,NA,2.7918654263933e-4,0.48597
YER047C,SAP1,Sin1 Associated Protein,2.7440269761191e-4,0.47839
YNL312W,RFA2,Replication Factor A,2.7365639059598e-4,0.49054
YMR294W,JNM1,Just Nuclear Migration,2.719114933728e-4,0.46402
YOL003C,PFA4,Protein Fatty Acyltransferase,2.6810711316938e-4,0.47279
YGL146C,RRT6,Regulator of rDNA Transcription,2.6431955943931e-4,0.47489
YEL074W,NA,NA,2.5852940807117e-4,0.47769
YPR197C,NA,NA,2.472651667353e-4,0.48532
YGR018C,NA,NA,2.4680215117859e-4,0.47396
YBR089W,NA,NA,2.435844128162e-4,0.48792
YPL013C,MRPS16,"Mitochondrial Ribosomal Protein, Small subunit",0.00024057554856943001,0.49677
YBR194W,AIM4,Altered Inheritance rate of Mitochondria,2.399741663427e-4,0.47036
YKL047W,ANR2,Avl Nine Related family 2,2.3871837464507e-4,0.47438
YNL170W,NA,NA,2.3704791222392e-4,0.47416
YHR112C,NA,NA,2.3271720037296e-4,0.49096
YKL138C,MRPL31,"Mitochondrial Ribosomal Protein, Large subunit",2.3131399015126e-4,0.49791
YER057C,HMF1,Homologous Mmf1p Factor,2.304258509697e-4,0.48284
YLR098C,CHA4,Catabolism of Hydroxy Amino acids,2.2182057304601e-4,0.46765
YDR039C,ENA2,"Exitus NAtru (Latin, ""exit sodium"")",2.2152193561754e-4,0.47765
YNL183C,NPR1,Nitrogen Permease Reactivator,2.1702807534961e-4,0.4938
YLR050C,EMA19,Efficient Mitochondria targeting-Associated protein,2.1333452309801e-4,0.49381
YOR236W,DFR1,DihydroFolate Reductase,2.1294808765294e-4,0.48995
YPL118W,MRP51,Mitochondrial Ribosomal Protein,2.0817492729256e-4,0.49605
YLR381W,CTF3,Chromosome Transmission Fidelity,2.0665221873691e-4,0.49067
YNL106C,INP52,INositol polyphosphate 5-Phosphatase,2.0521380795453e-4,0.4788
YMR026C,PEX12,PEroXin,2.009000948288e-4,0.48818
YDR109C,NA,NA,2.0035149672421e-4,0.49385
YLR239C,LIP2,LIPoyl ligase,2.0010630407679e-4,0.49659
YCL014W,BUD3,BUD site selection,1.9072340973194e-4,0.48052
YGL235W,NA,NA,1.9032605095748e-4,0.48816
YDL240W,LRG1,Lim-RhoGap homolog,1.8310980676933e-4,0.48977
YGL041C,NA,NA,1.768252197271e-4,0.48034
YKR040C,NA,NA,1.7645237762337e-4,0.4965
YOR314W,NA,NA,1.7536910311839e-4,0.49045
YDR114C,NA,NA,1.7483366423397e-4,0.4914
YEL059W,HHY1,Hypersensitivity to HYgromycin B,1.7309368292219e-4,0.48387
YGR218W,CRM1,Chromosome Region Maintenance,1.7091488521387e-4,0.48154
YBR010W,HHT1,Histone H Three,1.7043194707503e-4,0.49705
YER078C,ICP55,Intermediate Cleaving Peptidase,1.6936370053367e-4,0.49558
YGR104C,SRB5,Suppressor of RNA polymerase B,1.6299563521822e-4,0.48355
YNL109W,NA,NA,1.6019150356967e-4,0.49321
YJR058C,APS2,clathrin Associated Protein complex Small subunit,1.5841861265873e-4,0.49143
YEL051W,VMA8,Vacuolar Membrane Atpase,1.5722738901315e-4,0.48241
YPR077C,NA,NA,1.5629896290008e-4,0.49028
YMR220W,ERG8,ERGosterol biosynthesis,1.4555884143653e-4,0.49347
YHR061C,GIC1,GTPase Interactive Component,1.4219163046796e-4,0.49366
YGL175C,SAE2,Sporulation in the Absence of spo Eleven,1.3999976790734e-4,0.48329
YDR487C,RIB3,RIBoflavin biosynthesis,1.3775132851279e-4,0.49211
YAR053W,NA,NA,1.3745484536091e-4,0.479
YNR031C,SSK2,Suppressor of Sensor Kinase,1.3301263015986e-4,0.49116
YLR214W,FRE1,Ferric REductase,1.2913820742941e-4,0.47897
YMR211W,DML1,Drosophila melanogaster Misato-Like protein,1.2885780345287e-4,0.49313
YHR124W,NDT80,Non-DiTyrosine,1.2641159343319e-4,0.49002
YMR225C,MRPL44,"Mitochondrial Ribosomal Protein, Large subunit",1.2537019317551e-4,0.49648
YLR077W,FMP25,Found in Mitochondrial Proteome,1.2449022172515e-4,0.49547
YOR291W,YPK9,Yeast ParK9,1.2260586416089e-4,0.49611
YCL017C,NFS1,NiFS-like,1.1850826146209e-4,0.49299
YPR024W,YME1,Yeast Mitochondrial Escape,1.1627186036945e-4,0.49511
YMR060C,SAM37,Sorting and Assembly Machinery,1.138710741063e-4,0.49752
YPL035C,NA,NA,1.1256137536145e-4,0.48827
YJR052W,RAD7,RADiation sensitive,1.1091054970512e-4,0.49851
YMR059W,SEN15,Splicing ENdonuclease,9.55714730834631e-5,0.49794
YGR170W,PSD2,PhosphatidylSerine Decarboxylase,9.50319004968389e-5,0.49364
YLL002W,RTT109,Regulator of Ty1 Transposition,9.43077569434199e-5,0.49839
YNL295W,MRX6,Mitochondrial oRganization of gene eXpression (MIOREX),8.73529572602671e-5,0.49371
YPR077C,NA,NA,8.28936323977948e-5,0.49354
YHR130C,NA,NA,8.19615448328322e-5,0.49668
YPL102C,NA,NA,7.86662458898053e-5,0.49273
YJR090C,GRR1,Glucose Repression-Resistant,7.52811210272006e-5,0.49119
YBR014C,GRX7,GlutaRedoXin,7.34805493057952e-5,0.49431
YMR035W,IMP2,Inner Membrane Protease,7.34766287588022e-5,0.49423
YLR127C,APC2,Anaphase Promoting Complex,7.03178631303613e-5,0.49026
YDL104C,QRI7,NA,7.01124111038712e-5,0.498
YJL159W,HSP150,Heat Shock Protein,6.25675260876308e-5,0.50201
YIL144W,NDC80,Nuclear Division Cycle,5.23859032045817e-5,0.49076
YOL043C,NTG2,eNdonuclease Three-like Glycosylase,4.9853219686505e-5,0.49852
YGL157W,ARI1,"Aldehyde Reductase Intermediate, subclass of SDR",4.60643336634837e-5,0.4968
YHR071W,PCL5,Pho85 CycLin,4.50338530896613e-5,0.50039
YER031C,YPT31,Yeast Protein Two,3.93149567899953e-5,0.49937
YDR530C,APA2,AP4A phosphorylase,3.4036590078005e-5,0.49797
YDL057W,NA,NA,2.96391835945108e-5,0.49768
YBL103C,RTG3,ReTroGrade regulation,2.92886881726792e-5,0.49909
YDL212W,SHR3,Super high Histidine Resistant,2.60478988040125e-5,0.49704
YMR062C,ARG7,ARGinine requiring,2.48327503585997e-5,0.50134
YIL149C,MLP2,Myosin-Like Protein,2.3332343280682e-5,0.49871
YHR073W,OSH3,OxySterol binding protein Homolog,2.28676797425298e-5,0.49858
YAL038W,CDC19,Cell Division Cycle,2.06085340205596e-5,0.49817
YDL100C,GET3,Guided Entry of Tail-anchored proteins,1.80227814919823e-5,0.49904
YDL165W,CDC36,Cell Division Cycle,1.78750690639735e-5,0.49853
YOR149C,SMP3,Stable Maintenance of pSRI,1.7080578468085e-5,0.49932
YDR163W,CWC15,Complexed With Cef1p,1.65019837215954e-5,0.50061
YBL063W,KIP1,KInesin related Protein,1.36265990875496e-5,0.4994
YER105C,NUP157,NUclear Pore,7.2434805017522e-6,0.49794
YIL119C,RPI1,Ras-cAMP Pathway Inhibitor,6.23712976925185e-6,0.49922
YJL097W,PHS1,PTPLA Homolog involved in Sphingolipid biosynthesis 1,1.90665704158811e-6,0.49912
YHR115C,DMA1,Defective in Mitotic Arrest,6.87018821761941e-7,0.49835
YPR140W,TAZ1,TAfaZzin,-4.99296648921125e-6,0.50139
YPR181C,SEC23,SECretory,-1.40417250049218e-5,0.49709
YIL156W,UBP7,UBiquitin-specific Protease,-1.41692737500349e-5,0.49769
YPL179W,PPQ1,Protein Phosphatase Q,-1.92913404532449e-5,0.49821
YOR197W,MCA1,MetaCAspase,-2.03511481982742e-5,0.50029
YOR249C,APC5,Anaphase Promoting Complex,-2.21100073906082e-5,0.49763
YLR419W,NA,NA,-2.43460459021048e-5,0.49779
YKR027W,BCH2,Bud7 and Chs6 Homolog,-3.09821687697811e-5,0.49702
YDR520C,URC2,URacil Catabolism,-3.43365021549516e-5,0.49779
YHR007C,ERG11,ERGosterol biosynthesis,-4.12427911917149e-5,0.49819
YAL041W,CDC24,Cell Division Cycle,-4.92341947941764e-5,0.49511
YIL001W,NA,NA,-4.99663817948547e-5,0.49371
YOR353C,SOG2,NA,-5.08521650411657e-5,0.49617
YDR484W,VPS52,Vacuolar Protein Sorting,-5.12414560696904e-5,0.49711
YLL043W,FPS1,fdp1 Suppressor,-5.7281733906984e-5,0.49594
YMR238W,DFG5,Defective for Filamentous Growth,-6.0485115084755e-5,0.49429
YMR200W,ROT1,Reversal Of Tor2 lethality,-6.38979549150943e-5,0.49256
YDR132C,MRX16,Mitochondrial oRganization of gene eXpression (MIOREX),-6.62101914421739e-5,0.49152
YPR101W,SNT309,Synthetic lethal to prp NineTeen mutation,-6.69289234940876e-5,0.49595
YDR431W,NA,NA,-6.74205700315041e-5,0.49428
YGR134W,CAF130,CCR4 Associated Factor,-7.09847561359111e-5,0.49021
YPL168W,MRX4,Mitochondrial oRganization of gene eXpression (MIOREX),-7.4313729245198e-5,0.49121
YDL035C,GPR1,G-Protein coupled Receptor,-7.7055646659010993e-05,0.48985
YER032W,FIR1,Factor Interacting with REF2,-8.04252789343802e-5,0.4938
YLR047C,FRE8,NA,-8.71184320081815e-5,0.48828
YPR179C,HDA3,Histone DeAcetylase,-8.80509728921315e-5,0.4907
YJR088C,EMC2,ER Membrane protein Complex,-8.82926018081222e-5,0.49538
YFR046C,CNN1,Co-purified with NNf1p,-9.01685888614672e-5,0.49187
YGR022C,NA,NA,-9.31988690441115e-5,0.49817
YDL247W,MPH2,Maltose Permease Homolog,-9.91939523259993e-5,0.4955
YKR035W-A,DID2,Doa4-Independent Degradation,-1.0379453423017e-4,0.49614
YPL269W,KAR9,KARyogamy,-1.0549312686688e-4,0.49208
YBR102C,EXO84,EXOcyst,-1.1007565606408e-4,0.48717
YLR242C,ARV1,ARE2 Required for Viability,-1.1379844090599e-4,0.48829
YJL182C,NA,NA,-1.1923901579037e-4,0.49634
YGR291C,NA,NA,-1.1989976284023e-4,0.49493
YJL088W,ARG3,ARGinine requiring,-1.2030793243578e-4,0.49704
YDR390C,UBA2,UBiquitin Activating,-1.2715405540037e-4,0.48662
YJL215C,NA,NA,-1.3486395021371e-4,0.48749
YGR114C,NA,NA,-1.3619036893151e-4,0.48847
YPR055W,SEC8,SECretory,-1.362692515632e-4,0.48344
YPR133C,SPN1,Suppresses Postrecruitment functions gene Number 1,-1.3923547293862e-4,0.49511
YPR095C,SYT1,Suppressor of ypt3,-1.4078376851133e-4,0.47857
YLR369W,SSQ1,Stress-Seventy subfamily Q,-1.4252617161861e-4,0.4758
YNL121C,TOM70,Translocase of the Outer Mitochondrial membrane,-1.4309407919746e-4,0.49768
YKL134C,OCT1,OCTapeptidyl aminopeptidase,-1.4340978078909e-4,0.49448
YBL012C,NA,NA,-1.4356054336422e-4,0.48955
YBL006C,LDB7,Low Dye Binding,-1.4457532315893e-4,0.48171
YBR040W,FIG1,Factor-Induced Gene,-1.468281298407e-4,0.48826
YKL041W,VPS24,Vacuolar Protein Sorting,-1.5043438681326e-4,0.47501
YPL136W,NA,NA,-1.5622299086148e-4,0.49199
YJR131W,MNS1,NA,-1.5668252499167e-4,0.48691
YGL185C,NA,NA,-1.6559803322234e-4,0.48634
YHL005C,NA,NA,-1.6780489860758e-4,0.49196
YLR382C,NAM2,Nuclear Accommodation of Mitochondria,-1.7166583537956e-4,0.49642
YLR361C,DCR2,Dose-dependent Cell cycle Regulator,-1.7304899755449e-4,0.46984
YBL105C,PKC1,Protein Kinase C,-1.8511466590275e-4,0.47323
YHR131C,NA,NA,-1.8582443709405e-4,0.48236
YPL077C,NA,NA,-1.8623532049534e-4,0.47478
YBR266C,SLM6,Synthetic Lethal with Mss4,-1.8933159239261e-4,0.48226
YOL036W,NA,NA,-1.9284521726361e-4,0.48807
YJL218W,NA,NA,-1.9750226894411e-4,0.49604
YNL161W,CBK1,Cell wall Biosynthesis Kinase,-1.9820073581198e-4,0.48739
YKR028W,SAP190,Sit4 Associated Protein,-2.0901428508407e-4,0.48529
YCR045C,RRT12,Regulator of rDNA Transcription,-2.0918026151032e-4,0.47658
YDR017C,KCS1,pKC1 Suppressor,-2.1638287419282e-4,0.48639
YPL051W,ARL3,ADP-Ribosylation factor-Like,-2.1720220997348e-4,0.48925
YAL064W-B,NA,NA,-2.1911908901588e-4,0.48408
YDR311W,TFB1,Transcription Factor B,-2.196021648941e-4,0.49370000000000003
YHR044C,DOG1,DeOxyGlucose,-2.2104967135846e-4,0.48851
YML098W,TAF13,TATA binding protein-Associated Factor,-2.2660575651273e-4,0.47923
YBR058C,UBP14,UBiquitin-specific Protease,-2.2935988813056e-4,0.47578
YER185W,PUG1,Protoporphyrin Uptake Gene,-2.3584199016592e-4,0.47773
YJR112W,NNF1,Necessary for Nuclear Function,-2.3592641731549e-4,0.49164
YGL212W,VAM7,VAcuolar Morphogenesis,-2.4222719895184e-4,0.47245
YDR363W,ESC2,Establishment of Silent Chromatin,-2.4465122337001e-4,0.48086
YGL204C,NA,NA,-2.500720866271e-4,0.49176
YFL034W,MIL1,Medium adaptin-Interacting Ligand,-2.5602661857565e-4,0.4511
YBR188C,NTC20,Prp19p (NineTeen)-associated Complex,-2.5728217949778e-4,0.4753
YBR113W,NA,NA,-2.5783372131335e-4,0.47713
YKL115C,NA,NA,-2.5882542761132e-4,0.47238
YBL059W,IAI11,Interactor of AIm11,-2.6267601691019e-4,0.48852
YNL240C,NAR1,Nuclear Architecture Related,-2.6377408222748e-4,0.48947
YFL037W,TUB2,TUBulin,-2.6623812905059e-4,0.49502
YBR237W,PRP5,Pre-mRNA Processing,-2.662595656853e-4,0.46325
YIL015W,BAR1,BARrier to the alpha factor response,-2.663495425878e-4,0.46681
YNL120C,NA,NA,-2.6793671626999e-4,0.47233
YBR279W,PAF1,RNA Polymerase II Associated Factor,-2.6881826104009e-4,0.47079
YDL190C,UFD2,Ubiquitin Fusion Degradation,-2.85983529438e-4,0.47507
YIL030C,SSM4,Suppressor of mrna Stability Mutant,-2.9308118358548e-4,0.48085
YGR171C,MSM1,"Mitochondrial aminoacyl-tRNA Synthetase, Methionine",-2.9413007263886e-4,0.49307
YMR293C,HER2,Hmg2p ER Remodeling,-2.9624094776672e-4,0.48961
YIL009W,FAA3,Fatty Acid Activation,-2.9725386890899e-4,0.47786
YAL039C,CYC3,CYtochrome C,-2.9795335030726e-4,0.48858
YFR039C,OSW7,Outer Spore Wall,-2.98758127784e-4,0.47006
YBR008C,FLR1,FLuconazole Resistance,-2.9993760923844e-4,0.48842
YIL060W,NA,NA,-3.0120403345528e-4,0.47329
YNL083W,SAL1,Suppressor of Aac2 Lethality,-0.00030864962594611003,0.49364
YNL264C,PDR17,Pleiotropic Drug Resistance,-3.1190270233821e-4,0.48492
YFL056C,NA,NA,-3.1261961209906e-4,0.44434
YER019C-A,SBH2,Sec61 beta homolog 2,-3.2498251699159e-4,0.46746
YCR067C,SED4,Suppressor of Erd2 Deletion,-3.2764106821881e-4,0.49026
YLR019W,PSR2,Plasma membrane Sodium Response,-3.2837636894802e-4,0.47484
YNL235C,NA,NA,-3.3422401164542e-4,0.48313
YGL261C,PAU11,seriPAUperin,-3.3560993961461e-4,0.48388
YBL011W,SCT1,Suppressor of Choline-Transport mutants,-3.3623718923158e-4,0.47721
YDR392W,SPT3,SuPpressor of Ty's,-3.3719683483591e-4,0.47751
YOR278W,HEM4,HEMe biosynthesis,-3.3775044175671e-4,0.43502999999999997
YLR088W,GAA1,GPI Anchor Attachment,-3.3914040323091e-4,0.45733
YLR444C,NA,NA,-3.3950612322802e-4,0.4823
YJR100C,AIM25,Altered Inheritance of Mitochondria,-3.4108484694933e-4,0.49238
YHR156C,LIN1,LINk,-3.4160722127803e-4,0.4763
YER112W,LSM4,Like SM,-3.5157686181274e-4,0.48259
YCR098C,GIT1,GlycerophosphoInosiTol,-3.5245516480105e-4,0.46326
YBR258C,SHG1,"Set1c, Hypothetical G",-3.5826873818495e-4,0.46249
YMR124W,EPO1,Endoplasmic reticulum POlarization,-3.6050130973741e-4,0.45812
YDR396W,NA,NA,-3.6140312625463e-4,0.47039
YML010W,SPT5,SuPpressor of Ty's,-3.7083271355775e-4,0.45915
YIL048W,NEO1,NEOmycin-resistance,-3.7086022181971e-4,0.4503
YJL184W,GON7,NA,-3.728594067095e-4,0.47641
YAL042W,ERV46,ER Vesicle,-3.8202992581706e-4,0.48144
YML017W,PSP2,Polymerase SuPpressor,-3.8608729837973e-4,0.48592
YFL067W,NA,NA,-3.8781910065901e-4,0.46634
YKR007W,MEH1,Multicopy suppressor of Ers1 Hygromycin B sensitivity,-3.8791183322841e-4,0.46134
YPR029C,APL4,clathrin Adaptor Protein complex Large chain,-3.8839223476974e-4,0.47878
YDR463W,STP1,Species-specific tRNA Processing,-3.8995763198871e-4,0.48324
YOR102W,NA,NA,-3.9475162909399e-4,0.46834
YGL079W,KXD1,KxDL homolog,-3.978514265362e-4,0.45915
YHR177W,ROF1,Regulator Of Fluffy,-4.0398725615851e-4,0.4698
YGR144W,THI4,THIamine metabolism,-4.0498917158898e-4,0.49064
YJL120W,NA,NA,-4.0519570738492e-4,0.46997
YLR457C,NBP1,Nap1 Binding Protein,-4.0762184756722e-4,0.46792
YBR253W,SRB6,Suppressor of RNA polymerase B,-4.1124163430396e-4,0.47024
YPL014W,CIP1,Cdk1 Interacting Protein,-4.1258994387141e-4,0.48886
YFL017W-A,SMX2,NA,-4.1563980759602e-4,0.46902
YCR085W,NA,NA,-4.1589874661347e-4,0.47516
YNL136W,EAF7,Esa1-Associated Factor,-4.1820104457227e-4,0.43474
YGR114C,NA,NA,-4.1950049431401e-4,0.46817
YDR082W,STN1,Suppressor of cdc ThirteeN,-4.2070740507374e-4,0.48202
YPR152C,URN1,"U2-U5-U6 snRNP, RES complex, and NTC interacting protein",-4.2300512712672e-4,0.48566
YKL173W,SNU114,Small NUclear ribonucleoprotein associated,-4.2308744808904e-4,0.47884
YNL126W,SPC98,Spindle Pole Component,-4.2499190687105e-4,0.47036
YPR079W,MRL1,Mannose 6-phosphate Receptor Like,-4.2966812664113e-4,0.4373
YOL160W,NA,NA,-4.2967148281019e-4,0.47102
YPR121W,THI22,THIamine metabolism,-4.3005800193443e-4,0.48631
YOR172W,YRM1,Yeast Reveromycin resistance Modulator,-4.3050738473655e-4,0.42595
YDR381W,YRA1,Yeast RNA Annealing protein,-4.3381337540443e-4,0.48613
YPL216W,NA,NA,-4.3382214595529e-4,0.41536
YMR286W,MRPL33,"Mitochondrial Ribosomal Protein, Large subunit",-4.4085992522023e-4,0.4956
YLR184W,NA,NA,-4.4406171150346e-4,0.48283
YLR466W,YRF1-4,NA,-4.5345676510716e-4,0.48243
YKL131W,NA,NA,-4.6088864744986e-4,0.47779
YDR278C,NA,NA,-4.633466971508e-4,0.47971
YPL046C,ELC1,ELongin C,-4.6340897776302e-4,0.47136
YJL091C,GWT1,GPI-anchored Wall protein Transfer,-4.6653175306523e-4,0.48527
YKR022C,NTR2,NineTeen complex Related protein,-4.7100032243034e-4,0.43664
YMR015C,ERG5,ERGosterol biosynthesis,-4.8232229686732e-4,0.49229
YOR064C,YNG1,Yeast iNG1 homolog,-4.857568601311e-4,0.4544
YOL037C,NA,NA,-4.8851700878628e-4,0.4559
YMR075W,RCO1,NA,-4.8860958349108e-4,0.43514
YGR075C,PRP38,Pre-mRNA Processing,-4.9317206889492e-4,0.45417
YNL278W,CAF120,CCR4 Associated Factor,-4.9429306342149e-4,0.48598
YHR163W,SOL3,Suppressor Of Los1-1,-4.9698562814546e-4,0.49042
YIL090W,ICE2,Inheritance of Cortical ER,-4.9949212420873e-4,0.48499
YOR069W,VPS5,Vacuolar Protein Sorting,-5.0583829688327e-4,0.41745
YIL010W,DOT5,Disruptor Of Telomeric silencing,-5.0781129902989e-4,0.48305
YCR096C,HMRA2,Hidden Mat Right A,-5.0835032391965e-4,0.47269
YER040W,GLN3,GLutamiNe metabolism,-5.1084727694154e-4,0.47429
YEL058W,PCM1,PhosphoaCetylglucosamine Mutase,-5.1100881769149e-4,0.44699
YHR210C,NA,NA,-5.2029596870068e-4,0.46677
YBR266C,SLM6,Synthetic Lethal with Mss4,-5.2661989447864e-4,0.43932
YOL009C,MDM12,Mitochondrial Distribution and Morphology,-5.3266815212924e-4,0.45864
YPL009C,RQC2,Ribosome Quality control Complex,-5.3462405052064e-4,0.47808
YCR086W,CSM1,Chromosome Segregation in Meiosis,-5.3598702611575e-4,0.45852
YDR242W,AMD2,AMiDase,-5.3795209840342e-4,0.46808
YPR168W,NUT2,Negative regulation of URS Two,-5.4146461702439e-4,0.46932
YOR270C,VPH1,Vacuolar pH,-5.4522376474769e-4,0.4549
YEL064C,AVT2,Amino acid Vacuolar Transport,-5.5055673430033e-4,0.46108
YDR375C,BCS1,ubiquinol-cytochrome c reductase (bc1) Synthesis,-5.5157870519294e-4,0.49598
YJL176C,SWI3,SWItching deficient,-5.6211940300235e-4,0.44464
YDR095C,NA,NA,-5.6324383514424e-4,0.47369
YDR067C,OCA6,Oxidant-induced Cell-cycle Arrest,-5.6468370639465e-4,0.42511
YGL024W,NA,NA,-5.7775784701551e-4,0.45527
YMR319C,FET4,FErrous Transport,-5.7879505213736e-4,0.46162
YLR351C,NIT3,NITrilase superfamily,-5.8560517368812e-4,0.48551
YNL258C,DSL1,Dependence on SLy1-20,-5.8563929887153e-4,0.44889
YOR131C,NA,NA,-5.8712761103579e-4,0.47971
YCR077C,PAT1,Protein Associated with Topoisomerase II,-5.8716984096912e-4,0.47813
YNL288W,CAF40,CCR4 Associated Factor,-5.9036023656512e-4,0.45404
YKL017C,HCS1,dna HeliCaSe,-5.9326111827691e-4,0.44965
YKR033C,NA,NA,-5.9529954792123e-4,0.47875
YMR149W,SWP1,Suppressor of a WbP1 mutation,-5.9543068481271e-4,0.45969
YDL016C,NA,NA,-5.9604340374341e-4,0.43927
YLR317W,NA,NA,-5.9751969831486e-4,0.46474
YDR228C,PCF11,Protein 1 of Cleavage and polyadenylation Factor I,-6.0166924340139e-4,0.43039
YMR326C,NA,NA,-6.0771016508547e-4,0.45274
YNR022C,MRPL50,"Mitochondrial Ribosomal Protein, Large subunit",-6.1599587354306e-4,0.49533
YOR049C,RSB1,Resistance to Sphingoid long-chain Base,-6.1640351181762e-4,0.42233
YPR196W,NA,NA,-6.1763466245895e-4,0.48765
YMR111C,EUC1,Enriches Ubiquitin on Chromatin,-6.1944893635479e-4,0.42132
YOR039W,CKB2,Casein Kinase Beta' subunit,-6.2674080861758e-4,0.43622
YGL254W,FZF1,Five Zinc Fingers,-6.297567727099e-4,0.45261
YMR265C,NA,NA,-6.3994480575974e-4,0.43044
YPR031W,NTO1,NuA Three Orf,-6.4745138383656e-4,0.43021
YPR019W,MCM4,MiniChromosome Maintenance,-6.5156871505305e-4,0.43496
YPL140C,MKK2,Mitogen-activated Kinase Kinase,-6.530193262389e-4,0.44086
YPL039W,NA,NA,-6.5445926438502e-4,0.41848
YLR376C,PSY3,Platinum SensitivitY,-6.5723296437337e-4,0.44809
YKL049C,CSE4,Chromosome SEgregation,-6.6120407402266e-4,0.43514
YKR019C,IRS4,Increased rDNA Silencing,-6.6176586518179e-4,0.42707
YFR023W,PES4,Polymerase Epsilon Suppressor,-6.6414204482929e-4,0.45662
YFL055W,AGP3,high-Affinity Glutamine Permease,-6.6475630430368e-4,0.45541
YOR371C,GPB1,NA,-6.6928794234801e-4,0.46222
YJL085W,EXO70,EXOcyst,-6.7056832551371e-4,0.41867
YOR071C,NRT1,Nicotinamide Riboside Transporter,-6.7081650262737e-4,0.45624
YBL091C,MAP2,Methionine AminoPeptidase,-6.7284175758016e-4,0.43127
YGL263W,COS12,COnserved Sequence,-6.728747669854e-4,0.45375
YPR072W,NOT5,Negative On TATA,-6.7347228712468e-4,0.46267
YNL287W,SEC21,SECretory,-6.7614213143863e-4,0.45831
YML104C,MDM1,Mitochondrial Distribution and Morphology,-6.7811527298916e-4,0.43113
YMR294W-A,NA,NA,-6.8056617796289e-4,0.42977
YPR051W,MAK3,MAintenance of Killer,-6.8427132874837e-4,0.4225
YGL101W,YGK1,NA,-6.8682219309559e-4,0.44834
YFR042W,KEG1,Kre6-binding ER protein responsible for Glucan synthesis,-6.8722496645139e-4,0.46895
YLR426W,TDA5,Topoisomerase I Damage Affected,-6.9437134901358e-4,0.40172
YOR089C,VPS21,Vacuolar Protein Sorting,-6.9562497645706e-4,0.41399
YPL074W,YTA6,Yeast Tat-binding Analog,-6.9683804150777e-4,0.40977
YGL241W,KAP114,KAryoPherin,-6.9898408644671e-4,0.45923
YAL011W,SWC3,SWr Complex,-6.9922866824295e-4,0.40834
YMR106C,YKU80,Yeast KU protein,-7.0194736745686e-4,0.45091
YDR179C,CSN9,Cop9 SigNalosome subunit,-7.0322104526399e-4,0.45556
YDR038C,ENA5,"Exitus NAtru (Latin, ""exit sodium"")",-7.0440763085482e-4,0.48158
YGL083W,SCY1,NA,-7.1656688142728e-4,0.42905
YCL066W,HMLALPHA1,Hidden Mat Left ALPHA,-7.2709280879185e-4,0.41869
YLR437C,DIF1,Damage-regulated Import Facilitator,-7.2783828106885e-4,0.47592
YDR473C,PRP3,Pre-mRNA Processing,-7.3076743154105e-4,0.45798
YGL015C,BIL2,Bud6-interacting ligand 2,-7.32753594254e-4,0.45805
YLR238W,FAR10,Factor ARrest,-7.3440692122146e-4,0.39765
YPL076W,GPI2,GlycosylPhosphatidylInositol anchor biosynthesis,-7.4352726646662e-4,0.46335
YDL195W,SEC31,SECretory,-7.4422987169647e-4,0.4773
YKR097W,PCK1,Phosphoenolpyruvate CarboxyKinase,-7.5036552791577e-4,0.48602
YBR218C,PYC2,PYruvate Carboxylase,-7.5106588758857e-4,0.47256
YNL041C,COG6,Conserved Oligomeric Golgi complex,-7.5868008094695e-4,0.4135
YKR088C,TVP38,Tlg2-Vesicle Protein,-7.5995541266531e-4,0.41139
YGL130W,CEG1,Capping Enzyme Guanylyltransferase,-7.6397442138907e-4,0.36512
YEL014C,NA,NA,-7.7399204574339e-4,0.40629
YDR495C,VPS3,Vacuolar Protein Sorting,-7.7516715558048e-4,0.39298
YNL103W,MET4,METhionine requiring,-7.7646357097557e-4,0.48486
YBR112C,CYC8,CYtochrome C,-7.803154576402e-4,0.45064
YHL017W,NA,NA,-7.8196180402231e-4,0.39829
YKR068C,BET3,Blocked Early in Transport,-7.9259281369579e-4,0.44635
YDR264C,AKR1,AnKyrin Repeat containing,-7.9565637288656e-4,0.41772
YML066C,SMA2,Spore Membrane Assembly,-7.9831849458064e-4,0.40298
YHR131W-A,NA,NA,-7.9855490546333e-4,0.43886
YNR062C,PUL3,PULcherrimin,-8.0167929669509e-4,0.40233
YPR032W,SRO7,Suppressor of rho3,-8.0254484435484e-4,0.43117
YCR066W,RAD18,RADiation sensitive,-8.0434123889431e-4,0.46199
YGL069C,NA,NA,-8.0496059250459e-4,0.46669
YGR116W,SPT6,SuPpressor of Ty's,-8.0942860331433e-4,0.43531
YKL059C,MPE1,Mutant PCF11 Extragenic suppressor,-8.1436567451106e-4,0.46545
YKR037C,SPC34,Spindle Pole Component,-8.1441640365284e-4,0.45091
YJL008C,CCT8,Chaperonin Containing TCP-1,-8.1779572136042e-4,0.41321
YBR260C,RGD1,Related GAP Domain,-8.2010420579371e-4,0.39276
YJR139C,HOM6,HOMoserine requiring,-8.20687897359e-4,0.47117
YJR046W,TAH11,Topo-A Hypersensitive,-8.2426609375885e-4,0.47751
YNL260C,LTO1,required for biogenesis of the Large ribosomal subunit and initiation of Translation in Oxygen,-8.312682593685e-4,0.42258
YCR019W,MAK32,MAintenance of Killer,-8.316472812776e-4,0.42476
YEL062W,NPR2,Nitrogen Permease Regulator,-8.3303844670329e-4,0.43985
YJR013W,GPI14,GlycosylPhosphatidylInositol anchor biosynthesis,-8.3496849517895e-4,0.39946
YIL154C,IMP21,Independent of Mitochondrial Particle,-8.3902119685124e-4,0.45571
YMR073C,IRC21,Increased Recombination Centers,-8.39631726152e-4,0.47607
YOL075C,NA,NA,-8.4448862027463e-4,0.41366000000000003
YDR130C,FIN1,Filaments In between Nuclei,-8.4538752075554e-4,0.45638
YHL038C,CBP2,Cytochrome B mRNA Processing,-8.5745100464569e-4,0.47311
YPL094C,SEC62,SECretory,-8.5903398054681e-4,0.39211
YDR317W,HIM1,High Induced Mutagenesis,-8.6071959580625e-4,0.45681
YOR104W,PIN2,Psi+ INducibility,-8.6591009756922e-4,0.34163
YKL084W,HOT13,Helper Of Tim,-8.6743991635761e-4,0.42768
YMR161W,HLJ1,HomoLogous to E. coli dnaJ protein,-8.6862166110873e-4,0.36874
YAR064W,NA,NA,-8.7117733280083e-4,0.45732
YLR262C,YPT6,Yeast Protein Two,-8.7220352369133e-4,0.43857
YNL330C,RPD3,Reduced Potassium Dependency,-8.7278413962681e-4,0.44008
YKR032W,NA,NA,-8.7279710279285e-4,0.46198
YAR028W,NA,NA,-8.7347960602392e-4,0.4179
YPL025C,NA,NA,-8.8537687005526e-4,0.44286
YDR160W,SSY1,Sulfonylurea Sensitive on YPD,-8.8995923418096e-4,0.39743
YCR028C-A,RIM1,Replication In Mitochondria,-8.9105391669986e-4,0.46708
YIR033W,MGA2,Multicopy suppressor of GAm1 (snf2),-8.937552941704e-4,0.47328
YNL164C,IBD2,Inhibition of Bud Division 2,-8.9672194148687e-4,0.48192
YFR035C,NA,NA,-8.989808405057e-4,0.38858
YNL279W,PRM1,Pheromone-Regulated Membrane protein,-9.0506108627641e-4,0.4518
YMR172W,HOT1,High-Osmolarity-induced Transcription,-9.0598485275894e-4,0.32613
YAL021C,CCR4,Carbon Catabolite Repression,-9.0637342189485e-4,0.43314
YNL043C,NA,NA,-9.0709896379619e-4,0.43652
YER007W,PAC2,Perish in the Absence of Cin8p,-9.0847317238947e-4,0.37752
YGR252W,GCN5,General Control Nonderepressible,-9.1305550957055e-4,0.44045
YOR372C,NDD1,Nuclear Division Defective,-9.2104164304283e-4,0.44922
YOL035C,NA,NA,-9.2493488145011e-4,0.4601
YHR030C,SLT2,Suppressor of the LyTic phenotype,-9.3053373343558e-4,0.47061
YBR211C,AME1,Associated with Microtubules and Essential,-9.3229498935173e-4,0.447
YLR191W,PEX13,PEroXin,-9.3325344998389e-4,0.47339
YKL130C,SHE2,Swi5p-dependent HO Expression,-9.3517008258229e-4,0.39285
YMR117C,SPC24,Spindle Pole Component,-9.3791309441099e-4,0.38229
YBR263W,SHM1,Serine HydroxyMethyltransferase,-9.4070710314373e-4,0.39137
YDL140C,RPO21,RNA POlymerase,-9.4727197731911e-4,0.44374
YGL168W,HUR1,HydroxyUrea Resistance,-9.4859793524377e-4,0.40196
YLR257W,NA,NA,-9.4923832487128e-4,0.42966
YEL037C,RAD23,RADiation sensitive,-9.5502937306605e-4,0.40944
YML095C,RAD10,RADiation sensitive,-9.6414217576834e-4,0.39095
YJL071W,ARG2,ARGinine requiring,-9.6514777141392e-4,0.43636
YDR351W,SBE2,Suppressor of BEm4,-9.6838812329437e-4,0.47345
YKL167C,MRP49,Mitochondrial Ribosomal Protein,-9.7591305472598e-4,0.48734
YEL066W,HPA3,Histone and other Protein Acetyltransferase,-9.7599252757338e-4,0.47176
YPR174C,CSA1,Cdc5 SPB Anchor,-9.7668849414063e-4,0.42723
YBR287W,NA,NA,-9.76888308696e-4,0.48151
YPL037C,EGD1,Enhancer of Gal4 DNA binding,-9.8240369646457e-4,0.40498
YOR085W,OST3,OligoSaccharylTransferase,-9.8504346732805e-4,0.42662
YGL218W,NA,NA,-9.8566230347462e-4,0.40388
YPR084W,NA,NA,-9.886537228791e-4,0.38235
YIR017C,MET28,METhionine,-9.893769763547e-4,0.47217
YGL094C,PAN2,Poly(A)-binding protein-dependent poly(A) riboNuclease,-9.9144137114924e-4,0.36123
YOL086C,ADH1,Alcohol DeHydrogenase,-9.9366057710735e-4,0.48943
YDR532C,KRE28,NA,-9.9514581898278e-4,0.35652
YLR275W,SMD2,NA,-0.00100132028086232,0.40337
YPR176C,BET2,Blocked Early in Transport,-0.00100348353956758,0.45839
YNL147W,LSM7,Like SM,-0.00100511830394151,0.43516
YDR052C,DBF4,DumbBell Former,-0.00100605669184213,0.40885
YKR100C,SKG1,Suppressor of lethality of Kex2 Gas1 double null mutant,-0.00102606851495393,0.40602
YIL043C,CBR1,Cytochrome b Reductase,-0.00102927990039628,0.41727
YIL171W,NA,NA,-0.00103036941166585,0.43165
YBL074C,AAR2,A1-Alpha2 Repression,-0.00103092187471563,0.43243
YIL047C,SYG1,Suppressor of Yeast Gpa1,-0.00103410165848087,0.42444
YLR110C,CCW12,Covalently linked Cell Wall protein,-0.00103560849285137,0.45621
YOR107W,RGS2,Regulator of heterotrimeric G protein Signaling,-0.00104384680857864,0.47662
YOR304C-A,BIL1,Bud6-Interacting Ligand,-0.00105188206466841,0.38329
YLR426W,TDA5,Topoisomerase I Damage Affected,-0.00105881761566235,0.37216
YBL052C,SAS3,Something About Silencing,-0.00106348130033913,0.40651
YIR035C,NRE1,Novel REductase,-0.00106474301760081,0.39314
YER145C-A,NA,NA,-0.00106991044251674,0.43116
YPL045W,VPS16,Vacuolar Protein Sorting,-0.00107748756225974,0.32773
YPL069C,BTS1,Bet Two Suppressor,-0.00108583619409766,0.36393
YLL058W,NA,NA,-0.00108852734457931,0.45141
YGR175C,ERG1,ERGosterol biosynthesis,-0.00109388416922433,0.47525
YER087W,AIM10,Altered Inheritance rate of Mitochondria,-0.00109759189403322,0.48711
YOR104W,PIN2,Psi+ INducibility,-0.00110004645641075,0.3541
YLL048C,YBT1,Yeast Bile Transporter,-0.00110566859510303,0.41211
YGL090W,LIF1,Ligase Interacting Factor,-0.0011083703830235,0.41554
YCR048W,ARE1,Acyl-coenzyme A: cholesterol acyl transferase-Related Enzyme,-0.00111271359159306,0.46968
YLR007W,NSE1,Non-SMC Element,-0.00111825161468224,0.45694
YHR076W,PTC7,Phosphatase type Two C,-0.00112065368125638,0.46005
YLR334C,NA,NA,-0.00112092742721901,0.42989
YKL076C,PSY1,Platinum SensitivitY,-0.00112103680525567,0.45929
YHR079C,IRE1,Inositol REquiring,-0.00112128082253957,0.42972
YGL145W,TIP20,SEC20 (Twenty) Interacting Protein,-0.00112188503740946,0.45292
YGR032W,GSC2,Glucan Synthase of Cerevisiae,-0.00112215821594255,0.48148
YER008C,SEC3,SECretory,-0.00112352649478867,0.27269
YML086C,ALO1,"D-Arabinono-1,4-Lactone Oxidase",-0.00112934334255316,0.42232
YPL034W,NA,NA,-0.00114638583486016,0.38206
YJL007C,NA,NA,-0.00114851039421731,0.45251
YMR094W,CTF13,Chromosome Transmission Fidelity,-0.00114880181196154,0.38975
YCR033W,SNT1,SaNT domains,-0.00115162390568915,0.35349
YKL071W,OSI1,Oxidative Stress Induced,-0.00115369139947101,0.45244
YBR041W,FAT1,FATty acid transporter,-0.00115611745208811,0.44177
YKL053W,NA,NA,-0.00116366440690887,0.42078
YDR455C,NA,NA,-0.00116890492511358,0.44832
YHR012W,VPS29,Vacuolar Protein Sorting,-0.00117158815058669,0.31554
YPR068C,HOS1,Hda One Similar,-0.00117199748794185,0.32658
YDL141W,BPL1,Biotin:apoProtein Ligase,-0.00117237340082461,0.40198
YDR263C,DIN7,DNA Damage INducible,-0.00117490923100833,0.4518
YGR105W,VMA21,Vacuolar Membrane Atpase,-0.00118125445758845,0.40017
YNL230C,ELA1,ELongin A,-0.00118211787628542,0.45521
YJL202C,NA,NA,-0.00118422032121212,0.3981
YJL102W,MEF2,Mitochondrial Elongation Factor,-0.0011864532170571,0.47971
YNL073W,MSK1,"Mitochondrial aminoacyl-tRNA Synthetase, lysine (K)",-0.00120321794193596,0.49115
YHR038W,RRF1,Ribosome Recycling Factor,-0.00120429394049481,0.48922
YML088W,UFO1,UV-F-box-HO,-0.00120466033673503,0.41583
YPR063C,NA,NA,-0.00120485668241269,0.46911
YGL194C,HOS2,Hda One Similar,-0.00120828830737656,0.39579
YGL245W,GUS1,GlUtamyl-tRNA Synthetase,-0.001208937297225,0.42248
YIL151C,ESL1,EST/SMG-like,-0.00121354771642486,0.34569
YLR027C,AAT2,Aspartate AminoTransferase,-0.00121612573565633,0.47353
YPL089C,RLM1,Resistance to Lethality of MKK1P386 overexpression,-0.00122218009476632,0.48165
YGR274C,TAF1,TATA binding protein-Associated Factor,-0.00122484171025925,0.39359
YMR089C,YTA12,Yeast Tat-binding Analog,-0.00122536854168884,0.48347
YOL054W,PSH1,Pob3/Spt16 Histone associated,-0.00122908265446477,0.44298
YDR480W,DIG2,Down-regulator of Invasive Growth,-0.00122951883750002,0.4535
YLL044W,NA,NA,-0.00123511588536653,0.46454
YNL224C,SQS1,SQuelch of Splicing suppression,-0.00123762083636669,0.32731
YDR340W,NA,NA,-0.00123811493934941,0.40774
YER129W,SAK1,Snf1 Activating Kinase,-0.00124389129097774,0.34782
YDL094C,NA,NA,-0.00124682117775942,0.42108
YHL023C,NPR3,Nitrogen Permease Regulator,-0.00124736170092784,0.28303
YOR288C,MPD1,Multicopy suppressor of PDI1 deletion,-0.00124988603100013,0.43611
YHR015W,MIP6,Mex67-Interacting Protein,-0.00125932447916675,0.43745
YDR494W,RSM28,Ribosomal Small subunit of Mitochondria,-0.00126122473404059,0.48982
YOR221C,MCT1,Malonyl-CoA:ACP Transferase,-0.0012641686540327,0.43231
YMR168C,CEP3,CEntromere Protein,-0.00126574378079143,0.36617
YOR073W,SGO1,"ShuGOshin (Japanese for ""guardian spirit"")",-0.00127564231586158,0.37766
YIL039W,TED1,Trafficking of Emp24p/Erv25p-dependent cargo Disrupted,-0.00127699961387173,0.41838
YJL041W,NSP1,NucleoSkeletal-like Protein,-0.00128099742417403,0.39646
YKL098W,MTC2,Maintenance of Telomere Capping,-0.00128418003717699,0.37394
YOR319W,HSH49,Human Sap Homolog,-0.00129042711068198,0.41197
YGL183C,MND1,Meiotic Nuclear Divisions,-0.00129237873378099,0.36806
YCL045C,EMC1,ER Membrane protein Complex,-0.00129524140034955,0.36408
YIL141W,NA,NA,-0.00129768095027218,0.44555
YJR053W,BFA1,Byr-Four-Alike,-0.00130599992872889,0.37271
YJR051W,OSM1,OSMotic sensitivity,-0.00130835494027091,0.32956
YEL010W,NA,NA,-0.00131562819148255,0.44984
YDL087C,LUC7,Lethal Unless Cap-binding complex is produced,-0.00131646683971169,0.39595
YJL006C,CTK2,Carboxy-Terminal domain Kinase,-0.00131790931672912,0.41756
YGL159W,NA,NA,-0.00131880509480712,0.3087
YFL003C,MSH4,MutS Homolog,-0.00132491740445712,0.36612
YKR030W,GMH1,Gea1-6 Membrane-associated High-copy suppressor,-0.00132723650534723,0.39871
YCL064C,CHA1,Catabolism of Hydroxy Amino acids,-0.00133360732306864,0.43436
YPL139C,UME1,Unscheduled Meiotic gene Expression,-0.00133566046237217,0.39875
YNL094W,APP1,Actin Patch Protein,-0.00133827188762762,0.39995000000000003
YIL046W,MET30,METhionine requiring,-0.00134433804064549,0.40053
YNL226W,NA,NA,-0.00134622574850781,0.41815
YBR070C,ALG14,Asparagine Linked Glycosylation,-0.00135071103157684,0.45249
YJR005W,APL1,clathrin Adaptor Protein complex Large chain,-0.00136579292811506,0.46181
YDL032W,NA,NA,-0.00136616476304725,0.38725
YMR213W,CEF1,CErevisiae homolog of cdc Five,-0.00137051342320158,0.4374
YLR099C,ICT1,Increased Copper Tolerance,-0.00137178983014119,0.36584
YIR001C,SGN1,Slower Growth on Non-fermentable carbon sources,-0.0013762016157281,0.42123
YGR156W,PTI1,PTa1p Interacting protein,-0.00137920223899749,0.40076
YOR156C,NFI1,Neck Filament Interacting,-0.0013857926772526,0.40578
YMR028W,TAP42,Two A phosphatase Associated Protein,-0.00138687476640746,0.37099
YKR047W,NA,NA,-0.00139454991728649,0.37939
YMR052W,FAR3,Factor ARrest,-0.00139675613843021,0.33893
YDR192C,NUP42,NUclear Pore,-0.0013981197771232,0.36052
YPR085C,ASA1,AStra Associated protein,-0.00140182209265971,0.44347
YKL090W,CUE2,Coupling of Ubiquitin conjugation to ER degradation,-0.00140345314053356,0.33712
YBL051C,PIN4,Psi+ INducibility,-0.00140345839393983,0.45206
YHR011W,DIA4,Digs Into Agar,-0.00140622013805176,0.47398
YFL067W,NA,NA,-0.00140961616842033,0.40176
YDL185W,VMA1,Vacuolar Membrane Atpase,-0.00141121059972165,0.38805
YPR040W,TIP41,Tap42 Interacting Protein,-0.0014112215414595,0.44818
YDR374C,PHO92,PHOsphate metabolism,-0.00141129014564832,0.41131
YOL059W,GPD2,Glycerol-3-Phosphate Dehydrogenase,-0.0014143611563283,0.45595
YIR002C,MPH1,Mutator PHenotype,-0.00141718309283386,0.38101
YDL058W,USO1,yUSOu - transport in Japanese,-0.00141768118654457,0.33394
YPL232W,SSO1,Supressor of Sec One,-0.00142160697128512,0.42475
YGR002C,SWC4,SWr Complex,-0.00142293054382906,0.29654
YNL054W,VAC7,VACuolar segregation,-0.00142378840769697,0.28054
YDR151C,CTH1,Cysteine-Three-Histidine,-0.00142438646292394,0.42671
YJL060W,BNA3,Biosynthesis of Nicotinic Acid,-0.00142872544970319,0.45043
YOL062C,APM4,clathrin Adaptor Protein complex Medium chain,-0.00143767860967971,0.45835
YPL178W,CBC2,Cap Binding Complex,-0.00144019803347481,0.40234
YPR122W,AXL1,AXiaL budding,-0.00144169966284104,0.30244
YDR186C,SND1,Srp-iNDependent targeting,-0.00145723611102392,0.42101
YPL019C,VTC3,Vacuolar Transporter Chaperone,-0.00145786017870754,0.43779
YDR086C,SSS1,Sec Sixty-one Suppressor,-0.00146432034984366,0.37889
YDR239C,NA,NA,-0.00146570006750271,0.44078
YMR203W,TOM40,Translocase of the Outer Mitochondrial membrane,-0.00146741133125937,0.4799
YOR237W,HES1,Homologous to kES1,-0.00146861372214732,0.38049
YDL177C,NA,NA,-0.00147159544969884,0.35699
YNL033W,NA,NA,-0.0014716807904820901,0.42427
YPL020C,ULP1,UbL-specific Protease,-0.00147185911108033,0.39406
YGL100W,SEH1,SEc13 Homolog,-0.00148255211652294,0.32822
YKL076C,PSY1,Platinum SensitivitY,-0.00149288872119706,0.45609
YBR292C,NA,NA,-0.0014932282800576,0.33638
YML107C,PML39,Pre-mRNA Leakage,-0.00149761580810137,0.43683
YOR336W,KRE5,Killer toxin REsistant,-0.00149786135423404,0.44851
YLR289W,GUF1,Gtpase of Unknown Function,-0.00150262302883529,0.47684
YNL176C,TDA7,Topoisomerase I Damage Affected,-0.00151876116603284,0.43638
YKL095W,YJU2,NA,-0.00152221821858603,0.41899
YBR251W,MRPS5,"Mitochondrial Ribosomal Protein, Small subunit",-0.00152342450160846,0.48123
YDL109C,NA,NA,-0.00153600681352331,0.31664
YBR110W,ALG1,Asparagine-Linked Glycosylation,-0.00154159228619741,0.36111
YPL008W,CHL1,CHromosome Loss,-0.00154224392378456,0.41422
YHR060W,VMA22,Vacuolar Membrane Atpase,-0.00154586724087199,0.3887
YBL085W,BOI1,Bem1 (One) Interacting protein,-0.00154966625968831,0.39349
YHL043W,ECM34,ExtraCellular Mutant,-0.0015498537673389,0.34836
YMR202W,ERG2,ERGosterol biosynthesis,-0.00155375414418173,0.4586
YNL158W,PGA1,Processing of Gas1p and ALP,-0.00155401003688099,0.39157
YLR464W,NA,NA,-0.00155501147869869,0.40392
YBR096W,NA,NA,-0.00155727241489908,0.46797
YLR234W,TOP3,TOPoisomerase,-0.00155871736001032,0.39823
YOL118C,NA,NA,-0.00156466153170619,0.36306
YMR021C,MAC1,Metal binding ACtivator,-0.00156503328679188,0.32859
YAL046C,BOL3,BolA-like protein,-0.00156663064220468,0.47567
YER097W,NA,NA,-0.00156907412479279,0.36118
YGR265W,NA,NA,-0.00157001232074118,0.40255
YAL037W,NA,NA,-0.00157281819941019,0.39388
YML076C,WAR1,Weak Acid Resistance,-0.00157938063167559,0.31139
YGL114W,NA,NA,-0.00158260929346902,0.41797
YKL194C,MST1,"Mitochondrial aminoacyl-tRNA Synthetase, Threonine",-0.00158405700352817,0.48321
YMR185W,RTP1,Required for the nuclear Transport of RNA Pol II,-0.0015854897611898,0.43255
YDR367W,KEI1,Kex2-cleavable protein Essential for Inositol phosphorylceramide synthesis,-0.0015870192223388,0.36128
YCR081W,SRB8,Suppressor of RNA polymerase B,-0.00159052955822407,0.31647
YPL001W,HAT1,Histone AcetylTransferase,-0.00159295159955307,0.38611
YOL008W,COQ10,COenzyme Q,-0.00159427714897605,0.30698
YNR039C,ZRG17,Zinc Regulated Gene,-0.00159544283979016,0.44171
YBR293W,VBA2,Vacuolar Basic Amino acid transporter,-0.00159582583785552,0.29406
YNL059C,ARP5,Actin-Related Protein,-0.0015971353738831,0.39014
YIL084C,SDS3,Suppressor of Defective Silencing,-0.00159713584989642,0.36943
YHL006W-A,NA,NA,-0.0015980177491597,0.36489
YGL150C,INO80,INOsitol requiring,-0.00159947201875467,0.35864
YDR014W,RAD61,RADiation sensitive,-0.00160060228918793,0.33129
YGR199W,PMT6,Protein O-MannosylTransferase,-0.00160198262100033,0.46129
YDR179W-A,NVJ3,Nucleus-Vacuole Junction,-0.00160217491302711,0.40819
YER161C,SPT2,SuPpressor of Ty's,-0.00160730906953993,0.36599
YJL062W,LAS21,Local Anestheticum Sensitive,-0.00160982777802245,0.35769
YGL223C,COG1,Conserved Oligomeric Golgi complex,-0.00161319009139452,0.29201
YLR268W,SEC22,SECretory,-0.00161846991315578,0.39461
YDR446W,ECM11,ExtraCellular Mutant,-0.00162026937991948,0.42768
YGR087C,PDC6,Pyruvate DeCarboxylase,-0.00162909468692325,0.46859
YLR260W,LCB5,Long-Chain Base,-0.00164112942360089,0.37661
YIL009C-A,EST3,Ever Shorter Telomeres,-0.00164335957604077,0.45483
YBR180W,DTR1,DiTyRosine,-0.00165511542286847,0.39276
YNR010W,CSE2,Chromosome SEgregation,-0.00165863753458099,0.40645
YJL058C,BIT61,Binding partner of Tor2p,-0.00165968245006274,0.33351
YCL046W,NA,NA,-0.0016618965053826,0.41241
YPR194C,OPT2,OligoPeptide Transporter,-0.00166485097752358,0.45759
YGL127C,SOH1,Suppressor Of Hpr1,-0.00166698870755795,0.40573
YPL151C,PRP46,Pre-mRNA Processing,-0.00167041756854321,0.35789
YGL199C,NA,NA,-0.00167182583301957,0.37941
YOR194C,TOA1,NA,-0.00167955646323604,0.41165
YKR072C,SIS2,SIt4 Suppressor,-0.00168271846943864,0.46411
YNR037C,RSM19,Ribosomal Small subunit of Mitochondria,-0.0016835306074276,0.4866
YLR126C,NA,NA,-0.00168566189582126,0.31322
YIR018W,YAP5,Yeast AP-1,-0.00168680756944956,0.44485
YEL047C,FRD1,Fumarate ReDuctase,-0.00168746158353173,0.35009
YPL124W,SPC29,Spindle Pole Component,-0.00168793405335182,0.4201
YAL015C,NTG1,eNdonuclease Three-like Glycosylase,-0.00168872834950401,0.46055
YKL112W,ABF1,ARS-Binding Factor 1,-0.00169044717040721,0.40732
YDL101C,DUN1,DNA-damage UNinducible,-0.00169427410101581,0.43489
YGL112C,TAF6,TATA binding protein-Associated Factor,-0.00170144358212252,0.38345
YHR009C,TDA3,Topoisomerase I Damage Affected,-0.00170172034889812,0.4394
YGL086W,MAD1,Mitotic Arrest-Deficient,-0.00170263227113989,0.34172
YLR015W,BRE2,BREfeldin A sensitivity,-0.00170285624863036,0.36068
YGL108C,NA,NA,-0.00170422760978391,0.34362
YDR164C,SEC1,SECretory,-0.00170466491831772,0.33537
YAL043C,PTA1,Pre-Trna Accumulation,-0.00170532364018352,0.36053
YPL104W,MSD1,"Mitochondrial aminoacyl-tRNA Synthetase, Aspartate (D)",-0.00170626331466989,0.48257
YGR056W,RSC1,Remodel the Structure of Chromatin,-0.00170868895003815,0.40128
YML010W,SPT5,SuPpressor of Ty's,-0.00171702790648563,0.36518
YJL127C,SPT10,SuPpressor of Ty,-0.00171789824893671,0.35167
YDL030W,PRP9,Pre-mRNA Processing,-0.00173062179442733,0.36553
YHR187W,IKI1,Insensitive to KIller toxin,-0.0017343123029224,0.39986
YLR116W,MSL5,Mud Synthetic-Lethal,-0.00173454689278698,0.44725
YBR244W,GPX2,Glutathione PeroXidase,-0.00173602382547415,0.38252
YMR066W,SOV1,Synthesis Of Var,-0.00173807086361714,0.3316
YHR078W,NA,NA,-0.001739750151049,0.32652
YJR079W,NA,NA,-0.00174965189727656,0.40632
YMR055C,BUB2,Budding Uninhibited by Benzimidazole,-0.00174976047108621,0.45394
YGR009C,SEC9,SECretory,-0.00175051046933749,0.31072
YER022W,SRB4,Suppressor of RNA polymerase B,-0.00175444425560221,0.40511
YOR296W,NA,NA,-0.00176000054449318,0.29806
YDR207C,UME6,Unscheduled Meiotic gene Expression,-0.00176661682457576,0.38662
YKL055C,OAR1,3-Oxoacyl-[Acyl-carrier-protein] Reductase,-0.00176977337400133,0.41714
YGR181W,TIM13,Translocase of the Inner Mitochondrial membrane,-0.00177344707773941,0.47348
YNR057C,BIO4,BIOtin,-0.00177544016672157,0.45494
YPR086W,SUA7,Suppressor of Upstream AUG,-0.00178080890941512,0.36714
YER180C,ISC10,message Induced in Sporogenesis in S. Cerevisiae,-0.00178736028638282,0.44178
YOR179C,SYC1,Similar to Ysh1 C-terminal,-0.00178857598225382,0.36435
YJR004C,SAG1,Sexual AGglutination,-0.00178923203554382,0.45154
YPR094W,RDS3,Regulator of Drug Sensitivity,-0.00179864178513322,0.33147
YLR261C,VPS63,Vacuolar Protein Sorting,-0.00180451112307971,0.43334
YER075C,PTP3,Protein Tyrosine Phosphatase,-0.00180635631971662,0.37641
YDL103C,QRI1,NA,-0.00181069754015209,0.44793
YFL012W,NA,NA,-0.00181792546870275,0.36848
YJR048W,CYC1,CYtochrome C,-0.00182246601789592,0.48749
YLR459W,GAB1,GPI and Actin Bar,-0.00182925919204783,0.38537
YMR019W,STB4,Sin Three Binding protein,-0.00183000790166377,0.30513
YGR074W,SMD1,snRNA Sm binding site protein D1,-0.00183065938192414,0.35825
YPL022W,RAD1,RADiation sensitive,-0.00184798927117811,0.32914
YBL031W,SHE1,Sensitivity to High Expression,-0.00185714934471719,0.39356
YPR166C,MRP2,Mitochondrial Ribosomal Protein,-0.00185739994446931,0.48359
YOR218C,NA,NA,-0.00186204397963327,0.36789
YIL063C,YRB2,Yeast Ran Binder,-0.0018646973412275,0.23862
YLR301W,HRI1,HRr25 Interacting,-0.00187694722060329,0.41583
YGR276C,RNH70,RNase H,-0.00188602074452908,0.29779
YJR076C,CDC11,Cell Division Cycle,-0.00188609679822065,0.44551
YKL125W,RRN3,Regulation of RNA polymerase I,-0.00188637817665467,0.46196
YIL009C-A,EST3,Ever Shorter Telomeres,-0.00188761639536576,0.46698
YPL182C,NA,NA,-0.00189039100760069,0.34048
YBR174C,NA,NA,-0.00189079489863069,0.36622
YGL213C,SKI8,SuperKIller,-0.00189121696555825,0.34877
YER123W,YCK3,Yeast Casein Kinase,-0.00189239428621931,0.31681
YGR216C,GPI1,GlycosylPhosphatidylInositol anchoring biosynthesis,-0.00189239817981436,0.36126
YHR026W,VMA16,Vacuolar Membrane Atpase,-0.00189336830053397,0.39505
YOL014W,NA,NA,-0.00189511912520138,0.39834
YDR445C,NA,NA,-0.00189530381315468,0.35882
YKL208W,CBT1,Cytochrome B Termination,-0.00189606356471668,0.466
YLR078C,BOS1,Bet One Suppressor,-0.00189706444532815,0.38683
YDR051C,DET1,Decreased Ergosterol Transport,-0.00190557460828361,0.37311
YHR165C,PRP8,Pre-mRNA Processing,-0.00191225124984906,0.34664
YGL058W,RAD6,RADiation sensitive,-0.00192134903802755,0.4058
YHR151C,MTC6,Maintenance of Telomere Capping,-0.00192669427255899,0.43142
YIL004C,BET1,Blocked Early in Transport,-0.00193073868993115,0.41891
YFR029W,PTR3,Peptide TRansport,-0.00193238321173923,0.27796
YML078W,CPR3,Cyclosporin A-sensitive Proline Rotamase,-0.00193918076259596,0.45387
YLL022C,HIF1,Hat1 Interacting Factor,-0.00194804254767555,0.33974
YGR136W,LSB1,Las Seventeen Binding protein,-0.0019481783482747,0.40173
YJR153W,PGU1,PolyGalactUronase,-0.00195063906655213,0.30682
YJL186W,MNN5,MaNNosyltransferase,-0.00195121826287789,0.33031
YGR164W,NA,NA,-0.00195265188265636,0.35178
YJL195C,NA,NA,-0.00195744545142936,0.39794
YPR196W,NA,NA,-0.00195925037696144,0.20362
YER038C,KRE29,Killer toxin REsistant,-0.00196922002379112,0.33778
YLR121C,YPS3,YaPSin,-0.00199195787026276,0.29898
YPL085W,SEC16,SECretory,-0.00199364460821795,0.29413
YML051W,GAL80,GALactose metabolism,-0.00199479926770741,0.33489
YNL228W,NA,NA,-0.00200332379932528,0.41599
YDL041W,NA,NA,-0.0020050253012655,0.41702
YDR438W,THI74,THIamine regulon,-0.00200871786461785,0.42997
YNL090W,RHO2,Ras HOmolog,-0.00200916832810175,0.41618
YBR197C,NA,NA,-0.00201026810526472,0.42558
YGR188C,BUB1,Budding Uninhibited by Benzimidazole,-0.00201443389703615,0.35737
YDR434W,GPI17,GlycosylPhosphatidylInositol anchor biosynthesis,-0.00201671714190356,0.37519
YBR190W,NA,NA,-0.00202790839960991,0.37978
YDR437W,GPI19,Glycosyl PhosphatidylInositol anchor biosynthesis,-0.0020340980446579,0.36534
YOR212W,STE4,STErile,-0.00203449071429022,0.33455
YHR108W,GGA2,"Golgi-localized, Gamma-adaptin ear homology, Arf-binding protein",-0.0020362199352675,0.34065
YDR227W,SIR4,Silent Information Regulator,-0.00204040488211634,0.2566
YGL139W,FLC3,FLavin Carrier,-0.00204179151920578,0.38026
YIR009W,MSL1,MUD Synthetic Lethal,-0.00204390639283485,0.37195
YBL032W,HEK2,HEterogeneous nuclear rnp K-like gene,-0.00205253814920691,0.4576
YMR171C,EAR1,Endosomal Adaptor of Rsp5p,-0.00205303839896021,0.27782
YGL231C,EMC4,ER Membrane protein Complex,-0.00205345963020143,0.31
YCR028C,FEN2,FENpropimorph resistance,-0.00205580564991296,0.2829
YDR417C,NA,NA,-0.00206488690074128,0.37286
YER050C,RSM18,Ribosomal Small subunit of Mitochondria,-0.00206503535167546,0.47453
YDR035W,ARO3,AROmatic amino acid requiring,-0.00207414047896939,0.46327
YNL111C,CYB5,CYtochrome B,-0.00207520001134816,0.44765
YGR098C,ESP1,Extra Spindle Pole bodies,-0.00207883799438566,0.39462
YPL091W,GLR1,GLutathione Reductase,-0.00207902041743715,0.41201
YLR171W,NA,NA,-0.00208089529955456,0.39621
YGL217C,NA,NA,-0.00208215494280616,0.38198
YDR460W,TFB3,Transcription Factor B subunit 3,-0.00208297912309809,0.28003
YBL073W,NA,NA,-0.00208521531659679,0.4046
YGR261C,APL6,clathrin Adaptor Protein complex Large chain,-0.00209004469162887,0.37571
YGR271W,SLH1,SKI2-Like Helicase,-0.00209088981241627,0.23906
YAL047C,SPC72,Spindle Pole Component,-0.0021005485279105,0.26461
YNL204C,SPS18,SPorulation-Specific,-0.00210346610357434,0.31604
YBR215W,HPC2,Histone Periodic Control,-0.00210464757892626,0.39388
YBL089W,AVT5,Amino acid Vacuolar Transport,-0.00210736338942542,0.25332
YKL087C,CYT2,CYTochrome-c1-heme-lyase,-0.00210987198231844,0.48404
YFR016C,AIP5,Actin Interacting Protein,-0.00211365362226223,0.31554
YDR243C,PRP28,Pre-mRNA Processing,-0.00211505696216195,0.37271
YMR257C,PET111,PETite colonies,-0.00211672547294383,0.39188
YDR419W,RAD30,RADiation sensitive,-0.00211913005117709,0.18975
YER107C,GLE2,GLFG LEthal,-0.00212403339723367,0.28415
YIL098C,FMC1,Formation of Mitochondrial Complexes,-0.00213033551667298,0.47941
YGL243W,TAD1,tRNA-specific Adenosine Deaminase,-0.0021320629196548,0.41828
YHR014W,SPO13,SPOrulation,-0.00213549611039671,0.31643
YHR134W,WSS1,Weak Suppressor of Smt3,-0.00213829054124293,0.35707
YML114C,TAF8,TATA binding protein-Associated Factor,-0.00214459107698478,0.33016
YGL018C,JAC1,J-type Accessory Chaperone,-0.00214577855349097,0.40902
YDR521W,NA,NA,-0.00214606727100034,0.37856
YPR204W,NA,NA,-0.00214794990713101,0.39011
YHL050C,NA,NA,-0.00215014582751351,0.42973
YLR445W,GMC2,Grand Meiotic recombination Cluster,-0.00215122721114471,0.35618
YKL176C,LST4,Lethal with Sec Thirteen,-0.00215270644801465,0.36794
YOR266W,PNT1,PeNTamidine resistance,-0.00215820270796265,0.46178
YOR263C,NA,NA,-0.00216135904619248,0.43564
YLR192C,HCR1,High-Copy suppressor of Rpg1,-0.00216526964821156,0.32881
YOR381W,FRE3,Ferric REductase,-0.00216588649477447,0.2882
YJR093C,FIP1,Factor Interacting with Poly(A) polymerase,-0.00216682075961507,0.29941
YGL039W,NA,NA,-0.00216738248377535,0.37167
YOL017W,ESC8,Establishes Silent Chromatin,-0.00217681808570295,0.40272
YBR198C,TAF5,TATA binding protein-Associated Factor,-0.00217766820309634,0.43492
YLL066C,NA,NA,-0.00217848692664609,0.41773
YDR491C,NA,NA,-0.0021788190518399,0.31825
YDL162C,NA,NA,-0.00218936559878423,0.36443
YLR163C,MAS1,Mitochondrial ASsembly,-0.00219264673754427,0.47202
YJR118C,ILM1,Increased Loss of Mitochondrial DNA,-0.0021969246587806,0.3947
YDL002C,NHP10,Non-Histone Protein,-0.00219874407926395,0.22513
YPL195W,APL5,clathrin Adaptor Protein complex Large chain,-0.00219909486573777,0.33466
YGR277C,CAB4,Coenzyme A Biosynthesis,-0.00220231016879324,0.36659
YER029C,SMB1,SmB/B' homolog,-0.00220821417173974,0.40045
YJR158W,HXT16,HeXose Transporter,-0.00220836033855933,0.45371
YIR024C,INA22,INner membrane Assembly 22 kDa,-0.00220945495443262,0.45487
YNL306W,MRPS18,"Mitochondrial Ribosomal Protein, Small subunit",-0.00222111981997573,0.47852
YBL066C,SEF1,Suppressor of Essential Function,-0.0022218676503807,0.32147
YMR130W,DPI35,Delta-Psi dependent mitochondrial Import protein of 35 kDa,-0.00222578997805797,0.18832
YLR438C-A,LSM3,Like SM,-0.0022275389942187,0.39549
YER058W,PET117,PETite colonies,-0.00222769841056589,0.48522
YGL172W,NUP49,NUclear Pore,-0.00222931829232301,0.20694
YMR295C,NA,NA,-0.00223343744877004,0.42224
YOR110W,TFC7,NA,-0.00223414341529236,0.21355
YOR037W,CYC2,CYtochrome C,-0.00223442370382137,0.39829
YMR113W,FOL3,FOLic acid synthesis,-0.0022381120535601,0.25799
YMR218C,TRS130,TRapp Subunit,-0.00224568292250579,0.25315
YPR021C,AGC1,Aspartate-Glutamate Carrier,-0.00224605505712741,0.43774
YER068W,MOT2,Modulator Of Transcription,-0.00224829137036758,0.23968
YFR040W,SAP155,Sit4 Associated Protein,-0.0022486527781107,0.4055
YER087C-A,NA,NA,-0.00225257196554849,0.43888
YNR066C,NA,NA,-0.00225285099051091,0.32824
YEL027W,VMA3,Vacuolar Membrane Atpase,-0.00225515396615082,0.29625
YDR115W,MRX14,Mitochondrial oRganization of gene eXpression (MIOREX),-0.00225724772225689,0.4806
YBL005W,PDR3,Pleiotropic Drug Resistance,-0.00226438837257599,0.33219
YOL164W,BDS1,Bacterially Derived Sulfatase,-0.00226890039576432,0.26449
YNL225C,CNM67,Chaotic Nuclear Migration,-0.00227437361499329,0.34489
YMR044W,IOC4,Iswi One Complex,-0.00227495483987979,0.31152
YPL259C,APM1,clathrin Adaptor Protein complex Medium chain,-0.00227610401370403,0.30283
YOR247W,SRL1,Suppressor of Rad53 null Lethality,-0.00227919793214586,0.48734
YKR073C,NA,NA,-0.00228694011714718,0.37705
YJR135W-A,TIM8,Translocase of the Inner Mitochondrial membrane,-0.00230154961763554,0.4731
YIR004W,DJP1,DnaJ Protein,-0.00230367448752796,0.24354
YGL113W,SLD3,Synthetically Lethal with Dpb11-1,-0.00230589760310978,0.2203
YLR385C,SWC7,SWr Complex,-0.00230837473265194,0.34472
YGR099W,TEL2,TELomere maintenance,-0.00231170107864228,0.32498
YKL003C,MRP17,Mitochondrial Ribosomal Protein,-0.00231242738551016,0.47636
YKL080W,VMA5,Vacuolar Membrane Atpase,-0.0023131470306486,0.25773
YNL339C,YRF1-6,NA,-0.00231419771062932,0.31172
YDL067C,COX9,Cytochrome c OXidase,-0.00231690060891289,0.46487
YDR322C-A,TIM11,Translocase of the Inner Mitochondrial membrane,-0.00231794231524265,0.46832
YML065W,ORC1,Origin Recognition Complex,-0.00232138199128412,0.24403
YGR096W,TPC1,Thiamine Pyrophosphate Carrier,-0.0023223863655484,0.36546
YMR236W,TAF9,TATA binding protein-Associated Factor,-0.00232334955489555,0.37126
YGL110C,CUE3,Coupling of Ubiquitin conjugation to ER degradation,-0.00232664995692937,0.27958
YOL042W,NGL1,NA,-0.0023281017092904,0.37793
YHL014C,YLF2,NA,-0.00233412946058283,0.45571
YDR362C,TFC6,Transcription Factor C,-0.00233884695625706,0.3132
YDR138W,HPR1,HyPerRecombination,-0.00234403157066435,0.22161
YGR039W,NA,NA,-0.0023447635083959,0.3059
YJR068W,RFC2,Replication Factor C,-0.00234617500277951,0.2432
YJL203W,PRP21,Pre-mRNA Processing,-0.00235047950395826,0.28242
YDR058C,TGL2,TriacylGlycerol Lipase,-0.0023548549017212,0.32594
YBR257W,POP4,Processing Of Precursor RNAs,-0.0023578706348018,0.44325
YML062C,MFT1,Mitochondrial Fusion Targeting,-0.00235932274064116,0.3206
YOR280C,FSH3,Family of Serine Hydrolases,-0.00236013588970446,0.36812
YGL200C,EMP24,EndoMembrane Protein,-0.00236365752493689,0.46007
YLR104W,LCL2,Long Chronological Lifespan 2,-0.00236548411698181,0.22806
YLR095C,IOC2,Iswi One Complex,-0.00236765056427381,0.28626
YMR134W,ERG29,ERGosterol biosynthesis,-0.00237044988133216,0.25305
YDR079W,PET100,PETite colonies,-0.00237197313523379,0.45648
YLR467W,YRF1-5,NA,-0.00237750913536409,0.36644
YIL005W,EPS1,ER-retained Pma1 Suppressing,-0.00237789991177727,0.29401
YMR023C,MSS1,Mitochondrial Splicing System,-0.00237941635603832,0.43013
YDL084W,SUB2,SUppressor of Brr1-1,-0.00238046263860917,0.28033
YER098W,UBP9,UBiquitin-specific Protease,-0.00238180963183228,0.31178
YDR159W,SAC3,Suppressor of ACtin,-0.00239044930310428,0.20009
YJR147W,HMS2,High-copy Mep Suppressor,-0.00239242218193533,0.35929
YFR037C,RSC8,Remodel the Structure of Chromatin,-0.00239593657032138,0.25364
YOR199W,NA,NA,-0.00240251122323371,0.32797
YLR319C,BUD6,BUD site selection,-0.00241581125693011,0.32576
YLR429W,CRN1,CoRoNin,-0.0024177064419432,0.39043
YKL008C,LAC1,Longevity-Assurance gene Cognate (LAG1 Cognate),-0.00242294916751072,0.42918
YDR147W,EKI1,Ethanolamine KInase,-0.002423855949,0.2594
YDR047W,HEM12,HEMe biosynthesis,-0.00242456508350593,0.36537
YMR098C,ATP25,ATPase,-0.0024280561096399,0.43305
YJR080C,AIM24,Altered Inheritance rate of Mitochondria,-0.00242936948188103,0.47283
YPL189W,GUP2,Glycerol UPtake,-0.00243971768662501,0.29599
YGL088W,NA,NA,-0.00244102815653189,0.35195
YOL046C,NA,NA,-0.00244580376230637,0.38586
YGR005C,TFG2,Transcription Factor G,-0.00245079833386161,0.25105
YMR080C,NAM7,Nuclear Accommodation of Mitochondria,-0.00245098672122393,0.41862
YGL220W,BOL2,BolA-like protein,-0.00245218596468603,0.31579
YLR328W,NMA1,Nicotinamide Mononucleotide Adenylyltransferase,-0.00245534584309363,0.42643
YJL204C,RCY1,ReCYcling,-0.0024556493031669,0.23002
YGR137W,NA,NA,-0.00246252434310277,0.3521
YNL064C,YDJ1,Yeast dnaJ,-0.00246271631366466,0.45281
YJL119C,NA,NA,-0.00246530425305445,0.32644
YCR020C-A,MAK31,MAintenance of Killer,-0.00247554081735463,0.36586
YMR233W,TRI1,NA,-0.00248285586744758,0.41359
YJR006W,POL31,POLymerase,-0.00248742389366213,0.33435
YPL071C,NA,NA,-0.00248863282908601,0.33572
YLR440C,SEC39,SECretory,-0.00248908499918644,0.38076
YGL260W,NA,NA,-0.0024916646612424,0.34544
YPL272C,PBI1,PSTB2 Interacting protein 1,-0.0024960209425013,0.33541
YHL031C,GOS1,GOlgi Snare,-0.00249779653508789,0.34789
YCR005C,CIT2,CITrate synthase,-0.00250146478719822,0.47994
YML037C,NA,NA,-0.00250699534442194,0.27353
YGL065C,ALG2,Asparagine-Linked Glycosylation,-0.00250736148233855,0.34901
YPL047W,SGF11,SaGa associated Factor 11kDa,-0.00250817204055398,0.27985
YBR228W,SLX1,Synthetic Lethal of unknown (X) function,-0.00251344765485304,0.30849
YDR370C,DXO1,Decapping eXOnuclease,-0.00251378902488707,0.41468
YDR301W,CFT1,Cleavage Factor Two,-0.00251983850169415,0.29954
YNL128W,TEP1,TEnsin-like Phosphatase,-0.00252258532222312,0.2631
YPL049C,DIG1,Down-regulator of Invasive Growth,-0.00252278738347618,0.28156
YIL126W,STH1,SNF Two Homolog,-0.00252568381354227,0.2073
YER083C,GET2,Guided Entry of Tail-anchored proteins,-0.00252739055625336,0.3367
YOL091W,SPO21,SPOrulation,-0.00252877458303014,0.31055
YOL034W,SMC5,Structural Maintenance of Chromosomes,-0.00252961592625295,0.26262
YMR231W,PEP5,carboxyPEPtidase Y-deficient,-0.00253777921392708,0.24197
YPL176C,TRE1,Transferrin REceptor like,-0.0025413183797261,0.2202
YDR193W,NA,NA,-0.002542324980858,0.36347
YOR200W,NA,NA,-0.00254641096408406,0.33169
YMR272C,SCS7,Suppressor of Ca2+ Sensitivity,-0.0025477062180003,0.24979
YJL128C,PBS2,Polymyxin B Sensitivity,-0.00254853783676925,0.28974
YLR024C,UBR2,NA,-0.0025495451804952,0.3819
YNL315C,ATP11,ATP synthase,-0.00254977723335269,0.4805
YJL150W,NA,NA,-0.00255155144186148,0.35965
YPR058W,YMC1,Yeast Mitochondrial Carrier,-0.00255485059527797,0.34854
YNL152W,INN1,required for INgressioN,-0.00255505233205426,0.23898
YHR207C,SET5,SET domain-containing,-0.00256067697493129,0.41462
YGL216W,KIP3,KInesin related Protein,-0.00257072461994621,0.27223
YER019W,ISC1,Inositol phosphoSphingolipid phospholipase C,-0.00257740489909893,0.3994
YLL067C,NA,NA,-0.00257992045869787,0.40649
YOR174W,MED4,MEDiator complex,-0.0025847208451852,0.40199
YMR268C,PRP24,Pre-mRNA Processing,-0.00258544483389516,0.35517
YPL210C,SRP72,Signal Recognition Particle,-0.00258789554130005,0.23212
YLR322W,VPS65,Vacuolar Protein Sorting,-0.00258837908534647,0.38075
YFR041C,ERJ5,Endoplasmic Reticulum located J-protein,-0.00258896153094508,0.34883
YGR278W,CWC22,Complexed With Cef1p,-0.00259060837410008,0.35892
YMR192W,GYL1,GYp Like,-0.00259636693136743,0.21058
YHR183W,GND1,6-phosphoGlucoNateDehydrogenase,-0.00259928106880161,0.44298
YGL026C,TRP5,TRyPtophan,-0.00260319885765575,0.41787
YNL056W,OCA2,Oxidant-induced Cell cycle Arrest,-0.00260374909099854,0.32695
YLL051C,FRE6,Ferric REductase,-0.00261034335492408,0.25083
YFL036W,RPO41,RNA POlymerase,-0.00261231437763213,0.43806
YLR296W,NA,NA,-0.00262037227752801,0.42617
YNR011C,PRP2,Pre-mRNA Processing,-0.00262041569540549,0.344
YGR003W,CUL3,CULlin,-0.0026219363436749,0.33854
YPR142C,NA,NA,-0.00262487790000497,0.36439
YNR063W,PUL4,PULcherrimin,-0.00262992511242966,0.33045
YLR305C,STT4,STaurosporine and Temperature sensitive,-0.00263153889619125,0.21089
YDR459C,PFA5,Protein Fatty Acyltransferase,-0.0026329942321047,0.2221
YEL061C,CIN8,Chromosome INstability,-0.0026336521963459,0.34156
YLR467W,YRF1-5,NA,-0.00264417997915944,0.35167
YOR171C,LCB4,Long-Chain Base,-0.00264673507264963,0.20885
YDL013W,SLX5,Synthetic Lethal of unknown [X] function,-0.00264832957701253,0.32005
YPR087W,VPS69,Vacuolar Protein Sorting,-0.00265583295147459,0.37482
YLR331C,JIP3,Jumonji domain Interacting Protein,-0.00267184295216208,0.35612
YDL048C,STP4,protein with similarity to Stp1p,-0.00267619587474181,0.40775
YDL047W,SIT4,Suppressor of Initiation of Transcription,-0.00267713458232022,0.29982
YDR068W,DOS2,NA,-0.00267934022005878,0.33832
YJL095W,BCK1,Bypass of C Kinase,-0.00267939546718497,0.31409
YER128W,VFA1,Vps Four-Associated,-0.00268218894031036,0.36378
YGL098W,USE1,Unconventional SNARE in the ER,-0.00268464193136086,0.20129
YGR097W,ASK10,Activator of SKn7,-0.00269141886803547,0.38074
YER155C,BEM2,Bud EMergence,-0.00269241941193153,0.25947
YGR119C,NUP57,NUclear Pore,-0.0026952807502856,0.35758
YIL175W,NA,NA,-0.00270211789025856,0.34826
YDL056W,MBP1,MluI-box Binding Protein,-0.00270222767616931,0.22721
YNL197C,WHI3,WHIskey,-0.00270314321966804,0.33217
YLR230W,NA,NA,-0.00270539020005098,0.30845
YLR365W,NA,NA,-0.00270592628400207,0.39391
YNL276C,NA,NA,-0.00270617469703925,0.40196
YLR055C,SPT8,SuPpressor of Ty,-0.00271232453837582,0.20893
YDR439W,LRS4,Loss of RDNA Silencing,-0.00271251233528629,0.32731
YPL042C,SSN3,Suppressor of SNf1,-0.00271338753405698,0.26582
YPR056W,TFB4,Transcription Factor B subunit 4,-0.00271454741229573,0.28654
YHL003C,LAG1,Longevity Assurance Gene,-0.0027153415818103,0.34319
YOR385W,NA,NA,-0.0027162839768985,0.30721
YLL013C,PUF3,PUmilio-homology domain Family,-0.00271650201268247,0.36382
YDR061W,NA,NA,-0.00272157106640607,0.46474
YNL076W,MKS1,Multicopy Kinase Suppressor,-0.0027230182241558,0.19147
YGR012W,MCY1,putative Mitochondrial CYsteine synthase,-0.00272638668327844,0.26707
YOR080W,DIA2,Digs Into Agar,-0.00273182330812894,0.24429
YMR076C,PDS5,Precocious Dissociation of Sisters,-0.00273521484716904,0.40881
YKL174C,TPO5,Transporter of POlyamines,-0.00273699171709568,0.34182
YDR119W,VBA4,Vacuolar Basic Amino acid transporter,-0.0027432019837207,0.32307
YML031W,NDC1,Nuclear Division Cycle,-0.00275027767664923,0.17791
YCL076W,NA,NA,-0.00275303088868919,0.34919
YLR320W,MMS22,Methyl MethaneSulfonate sensitivity,-0.0027679460209399,0.25003
YDR444W,NA,NA,-0.00276967943969935,0.30095
YNL044W,YIP3,Ypt-Interacting Protein,-0.00276984875117844,0.39079
YER018C,SPC25,Spindle Pole Component,-0.00277219139878345,0.43996
YBR133C,HSL7,Histone Synthetic Lethal,-0.00277289636998332,0.38508
YDR303C,RSC3,Remodel the Structure of Chromatin,-0.00277394524642424,0.28161
YNL198C,NA,NA,-0.00277675393549152,0.21999
YBL046W,PSY4,Platinum SensitivitY,-0.00278021199829047,0.28221
YLR309C,IMH1,shares with Integrins and Myosins significant Homology,-0.00278035188452323,0.36154
YER174C,GRX4,GlutaRedoXin,-0.00278681275894075,0.28605
YCR054C,CTR86,Copper TRansport protein,-0.00278963132979701,0.40059
YKL075C,NA,NA,-0.00280418144931083,0.35149
YGR267C,FOL2,FOLic acid synthesis,-0.00281764061586224,0.1995
YKL092C,BUD2,BUD site selection,-0.00281811002733571,0.40268
YHR129C,ARP1,Actin-Related Protein,-0.0028318008495845,0.33247
YOR060C,SLD7,Synthetic Lethality with Dpb11-24,-0.00283507707406651,0.2625
YPL082C,MOT1,Modifier of Transcription,-0.00283640297203597,0.40403
YJL002C,OST1,OligoSaccharylTransferase,-0.0028404889895431,0.2731
YDL232W,OST4,OligoSaccharylTransferase,-0.00284709063692517,0.43184
YKR010C,TOF2,TOpoisomerase I-interacting Factor,-0.00286623101438088,0.23821
YKL028W,TFA1,"Transcription Factor a, subunit 1",-0.00286773938567692,0.22559
YDR088C,SLU7,Synergistic Lethal with U5 snRNA,-0.00287706231802789,0.25306
YER089C,PTC2,Phosphatase Two C,-0.0028791753199528,0.21987
YCL027W,FUS1,cell FUSion,-0.002881300290244,0.39292
YJR140C,HIR3,HIstone Regulation,-0.00288268540053491,0.35259
YDL017W,CDC7,Cell Division Cycle,-0.0028845523115129,0.25506
YGL131C,SNT2,NA,-0.00288930591559641,0.31065
YPL055C,LGE1,LarGE cells,-0.00289371571591295,0.38398
YDR404C,RPB7,RNA Polymerase B,-0.0028956552468505,0.29159
YCL001W,RER1,Retention in the Endoplasmic Reticulum,-0.00290208945511231,0.42888
YIL117C,PRM5,Pheromone-Regulated Membrane protein,-0.00290631353934667,0.41739
YLR071C,RGR1,Resistant to Glucose Repression,-0.0029134724867677002,0.37543
YLR418C,CDC73,Cell Division Cycle,-0.00291400570908952,0.31335
YDR081C,PDC2,Pyruvate DeCarboxylase,-0.00291438738442517,0.41304
YNL331C,AAD14,Aryl-Alcohol Dehydrogenase,-0.00292219880690698,0.37266
YDR066C,RTR2,Regulator of TRanscription,-0.0029325147781787,0.17668
YGR219W,NA,NA,-0.00295045135034296,0.40638
YEL016C,NPP2,ecto-Nucleotide Pyrophosphatase/Phosphodiesterase,-0.00295121784004085,0.25246
YML109W,ZDS2,Zillion Different Screens,-0.00295721805880012,0.34429
YHR205W,SCH9,NA,-0.00295759987835132,0.39403
YKR041W,NA,NA,-0.00296497613991185,0.41239
YDR090C,ILT1,Ionic Liquid Tolerance,-0.00296610519149136,0.28955
YDR291W,HRQ1,Homologous to RecQ protein,-0.00296643132385326,0.37829
YIL141W,NA,NA,-0.00296864061122122,0.37966
YDR372C,VPS74,Vacuolar Protein Sorting,-0.00297272196228573,0.22864
YMR225C,MRPL44,"Mitochondrial Ribosomal Protein, Large subunit",-0.00297991350896712,0.47319
YJL046W,AIM22,Altered Inheritance rate of Mitochondria,-0.00298800755561129,0.43674
YDL241W,NA,NA,-0.00299328947173531,0.30043
YDL170W,UGA3,Utilization of GAba,-0.00300525937378291,0.43529
YBR152W,SPP381,Suppressor of PrP38-1,-0.00300710301766064,0.25403
YAL020C,ATS1,Alpha Tubulin Suppressor,-0.00301404484670251,0.2247
YPL155C,KIP2,KInesin related Protein,-0.00301675107515714,0.30233
YOR242C,SSP2,Sporulation SPecific,-0.00302016561976552,0.2726
YBL104C,SEA4,SEh1-Associated,-0.00302455444898823,0.22198
YHR103W,SBE22,similar to SBE2,-0.00302524513563747,0.38209
YOL013W-A,NA,NA,-0.00302999394817316,0.34873
YGR057C,LST7,Lethal with Sec Thirteen,-0.0030367092440701,0.25458
YDR209C,NA,NA,-0.00303882593789017,0.33935
YOR322C,LDB19,Low Dye Binding,-0.00304129282568904,0.295
YGR147C,NAT2,N-terminal AcetylTransferase,-0.00304668794975369,0.40792
YML038C,YMD8,NA,-0.00305256004758072,0.17201
YHR031C,RRM3,rDNA Recombination Mutation,-0.00307027490748042,0.31559
YNL216W,RAP1,Repressor/Activator site binding Protein,-0.00307750806461553,0.28149
YHR058C,MED6,MEDiator complex,-0.00308335301557888,0.37063
YFL021W,GAT1,NA,-0.0030847731633002,0.4498
YDR298C,ATP5,ATP synthase,-0.00308727808076703,0.44751
YER093C,TSC11,Temperature-sensitive Suppressors of Csg2 mutants,-0.00309222226116519,0.26074
YOR038C,HIR2,HIstone Regulation,-0.00309441171010068,0.25141
YOR123C,LEO1,LEft Open reading frame,-0.00310771141641961,0.21222
YBR011C,IPP1,Inorganic PyroPhosphatase,-0.00310857572991767,0.39256
YMR199W,CLN1,CycLiN,-0.00310943182956468,0.47372
YCL005W,LDB16,Low Dye Binding,-0.00311585183519103,0.22804
YJL135W,NA,NA,-0.00312021527330182,0.32977
YBL040C,ERD2,Endoplasmic reticulum Retention Defective,-0.00313386617782057,0.43068
YNL184C,NA,NA,-0.00313478925584469,0.43476
YIR013C,GAT4,NA,-0.00313511791904141,0.29642
YOR109W,INP53,INositol polyphosphate 5-Phosphatase,-0.00313879878905024,0.27363
YDR103W,STE5,STErile,-0.00315395245477372,0.25702
YML097C,VPS9,Vacuolar Protein Sorting,-0.00315953460061742,0.19207
YGR007W,ECT1,Ethanolamine-phosphate CytidylylTransferase,-0.0031608072636608,0.19732
YBR236C,ABD1,NA,-0.00316927608692125,0.18437
YDL015C,TSC13,Temperature-sensitive Suppressors of Csg2 mutants,-0.00317372155105025,0.21366
YHR168W,MTG2,MiTochondrial Gtpase 2,-0.00318230710512287,0.40362
YML005W,TRM12,TRna Methyltransferase,-0.00318827058691075,0.35502
YNL099C,OCA1,Oxidant-induced Cell-cycle Arrest,-0.00319175675656628,0.23409
YOR195W,SLK19,Synthetic Lethal Kar3p,-0.00319596458595627,0.31747
YCR001W,NA,NA,-0.00319631314250717,0.27069
YPL053C,KTR6,Kre Two Related,-0.00319659893245705,0.27568
YBL112C,NA,NA,-0.00319753585391196,0.32813
YKR084C,HBS1,Hsp70 subfamily B Suppressor,-0.00319818056133182,0.2235
YDR541C,NA,NA,-0.00320198908684972,0.17976
YMR288W,HSH155,Human Sap Homolog,-0.00320929251915377,0.28906
YLR144C,ACF2,Assembly Complementing Factor,-0.00321295764214545,0.27429
YIL076W,SEC28,SECretory,-0.00321574890004569,0.3889
YER164W,CHD1,"Chromatin organization modifier, Helicase, and DNA-binding domains",-0.00321983215318305,0.20727
YOR248W,NA,NA,-0.00322041190745101,0.48309
YIL150C,MCM10,MiniChromosome Maintenance,-0.00322412780036427,0.31076
YGL119W,COQ8,COenzyme Q,-0.00323903505616739,0.28271
YCR071C,IMG2,Integrity of Mitochondrial Genome,-0.00324603194682846,0.47203
YGL044C,RNA15,poly(A) mRNA metabolism,-0.00324708621229117,0.32743
YDR259C,YAP6,Yeast homolog of AP-1,-0.00324808799673497,0.23095
YOR189W,IES4,Ino Eighty Subunit,-0.00325348886933079,0.26928
YBL059W,IAI11,Interactor of AIm11,-0.00325896599885808,0.42288
YDR488C,PAC11,Perish in the Absence of CIN8,-0.00325957740985174,0.35498
YBR259W,NA,NA,-0.00325968965541678,0.34902
YJL139C,YUR1,Yeast Unknown Reading frame,-0.00326238478849489,0.33694
YGL042C,NA,NA,-0.00326750509107845,0.20542
YKL054C,DEF1,RNAPII DEgradation Factor,-0.00327028711919321,0.33088
YCR026C,NPP1,ecto-Nucleotide Pyrophosphatase/Phosphodiesterase,-0.0032769372128772,0.31366
YCR046C,IMG1,Integrity of Mitochondrial Genome,-0.00328752447845209,0.46979
YNL245C,CWC25,Complexed With Cef1p,-0.00329249339985036,0.36361
YPR131C,NAT3,N-terminal AcetylTransferase,-0.00329374887441555,0.18543
YGL054C,ERV14,ER Vesicle,-0.00329579796692193,0.32442
YIL171W,NA,NA,-0.00330962748742635,0.29823
YNR023W,SNF12,Sucrose NonFermenting,-0.00331297120890115,0.29137
YGR106C,VOA1,V0 Assembly protein,-0.0033203328771421,0.3657
YNR008W,LRO1,Lecithin cholesterol acyl transferase Related Open reading frame,-0.00332190642486316,0.23373
YJL063C,MRPL8,"Mitochondrial Ribosomal Protein, Large subunit",-0.00332450002999959,0.47528
YNL229C,URE2,UREidosuccinate transport,-0.00332500078411404,0.22582
YDL012C,NA,NA,-0.00332919280321072,0.24108
YGR163W,GTR2,GTp binding protein Resemblance,-0.00334388985473187,0.23047
YKR023W,RQT4,Ribosome-Quality control Trigger factor,-0.00334452881991336,0.20255
YGR240C,PFK1,PhosphoFructoKinase,-0.003352065550649,0.38429
YDR006C,SOK1,Suppressor Of Kinase,-0.00335836212284549,0.37323
YLR069C,MEF1,Mitochondrial Elongation Factor,-0.00336118019804421,0.47711
YLL018C-A,COX19,Cytochrome c OXidase,-0.00336302082397916,0.32818
YOR043W,WHI2,WHIskey,-0.00336475741455965,0.26753
YGL133W,ITC1,Imitation switch Two Complex,-0.00337845867013327,0.26438
YBL026W,LSM2,Like SM,-0.00338093559517791,0.29349
YDL088C,ASM4,Anti-Suppressor in Multicopy,-0.00338496996507314,0.16581
YPL229W,NA,NA,-0.00338595941846933,0.38874
YAL026C,DRS2,Deficiency of Ribosomal Subunits,-0.00338673427459252,0.25599
YGR179C,OKP1,Outer Kinetochore Protein,-0.00339349892530508,0.27827
YKR062W,TFA2,"Transcription Factor a, subunit 2",-0.00339632818472709,0.19823
YGL062W,PYC1,PYruvate Carboxylase,-0.00339697244765235,0.46092
YBL038W,MRPL16,"Mitochondrial Ribosomal Protein, Large subunit",-0.00340196991547487,0.45504
YDL155W,CLB3,CycLin B,-0.00340756037590954,0.27228
YMR282C,AEP2,ATPase ExPression,-0.00340781149058976,0.38104
YML009C,MRPL39,"Mitochondrial Ribosomal Protein, Large subunit",-0.00340783044971873,0.47362
YDL096C,OPI6,OverProducer of Inositol,-0.00341914044529751,0.26108
YER172C,BRR2,Bad Response to Refrigeration,-0.00341980768876887,0.25418
YJL169W,NA,NA,-0.00342853495655744,0.26197
YNL190W,NA,NA,-0.00343052478784424,0.36918
YER090W,TRP2,TRyPtophan,-0.00343531324357483,0.3259
YLR045C,STU2,Suppressor of TUbulin,-0.0034480382442948,0.41281
YKR048C,NAP1,Nucleosome Assembly Protein,-0.00344842637428534,0.29785
YDR526C,NA,NA,-0.00345034379893496,0.35695
YCL023C,NA,NA,-0.00345444610991922,0.34484
YPL177C,CUP9,NA,-0.00346057657869127,0.45402
YHL009C,YAP3,Yeast AP-1,-0.00346541641502838,0.16004
YGL244W,RTF1,Restores TBP Function,-0.00347178665350292,0.29514
YFR005C,SAD1,SnRNP Assembly Defective,-0.00348207186272956,0.1684
YIL095W,PRK1,p53 Regulatory Kinase,-0.00348428162484226,0.19812
YHR005C,GPA1,G Protein Alpha subunit,-0.00348771904357087,0.22959
YMR221C,FMP42,Found in Mitochondrial Proteome,-0.00348926674471653,0.36858
YLR096W,KIN2,KINase,-0.00349833657708016,0.30503
YPR088C,SRP54,Signal Recognition Particle 54-kD subunit,-0.00350026001957669,0.20502
YDR501W,PLM2,PLasmid Maintenance,-0.00350473878053725,0.3013
YGR211W,ZPR1,Zinc finger PRotein,-0.00351023731074916,0.4707
YLL037W,NA,NA,-0.00351085313651985,0.36232
YOL112W,MSB4,Multicopy Suppression of a Budding defect,-0.00351549161648273,0.22525
YKR008W,RSC4,Remodel the Structure of Chromatin,-0.00352197363432699,0.14907
YCL011C,GBP2,G-strand Binding Protein,-0.00352630652561458,0.18283
YBR163W,EXO5,EXOnuclease V,-0.00352745089431144,0.27709
YER134C,NA,NA,-0.00353405753971325,0.38862
YNL049C,SFB2,Sed Five Binding,-0.00353848514221483,0.20437
YLR209C,PNP1,purine nucleoside phosphorylase,-0.00354447344324281,0.38432
YBL026W,LSM2,Like SM,-0.00354858821771815,0.17869
YIL061C,SNP1,NA,-0.00355695819027155,0.20067
YML015C,TAF11,TATA binding protein-Associated Factor,-0.00356789892515087,0.38809
YGR013W,SNU71,Small NUclear ribonucleoprotein associated,-0.00357161451145583,0.14558
YPR011C,MRX21,Mitochondrial oRganization of gene eXpression (MIOREX),-0.00358181003209446,0.44606
YMR095C,SNO1,SNZ proximal Open reading frame,-0.00358207504064947,0.36665
YGR136W,LSB1,Las Seventeen Binding protein,-0.00358227284406687,0.2511
YIL014W,MNT3,MaNnosylTransferase,-0.00358287290218461,0.16257
YNL020C,ARK1,Actin Regulating Kinase,-0.00358312622270588,0.16722
YCR060W,TAH1,Tpr-containing protein Associated with Hsp90,-0.00358751967021609,0.26335
YKL122C,SRP21,Signal Recognition Particle,-0.00358999948840233,0.29665
YDL203C,ACK1,Activator of C Kinase 1,-0.00359250392953152,0.28944
YLL054C,NA,NA,-0.00359746872285614,0.35213
YNL039W,BDP1,B Double Prime,-0.00360957313015737,0.18884
YOR301W,RAX1,Revert to Axial,-0.00361410050367472,0.25662
YDL033C,SLM3,Synthetic Lethal with Mss4,-0.00362559117874696,0.26695
YOR135C,IRC14,NA,-0.00362980037063281,0.42511
YDL158C,NA,NA,-0.00363461340075817,0.33576
YLR145W,RMP1,RNase MRP Protein,-0.00364203299185614,0.26279
YOR183W,FYV12,Function required for Yeast Viability,-0.00364234786751114,0.36896
YPR133W-A,TOM5,Translocase of the Outer Mitochondrial membrane,-0.00364556700108835,0.4645
YDR143C,SAN1,Sir Antagonist,-0.00364675705161333,0.37974
YMR198W,CIK1,Chromosome Instability and Karyogamy,-0.00364811289607742,0.33094
YOL006C,TOP1,TOPoisomerase,-0.00364947060827479,0.40051
YGL238W,CSE1,Chromosome SEgregation,-0.00364963835052783,0.2465
YOR277C,NA,NA,-0.00365012139438832,0.304
YCL057C-A,MIC10,MItochondrial contact site and Cristae organizing system,-0.00365147279974109,0.45592
YMR227C,TAF7,TATA binding protein-Associated Factor,-0.00365226634562647,0.3678
YMR167W,MLH1,MutL Homolog,-0.00365270474580043,0.13566
YCR064C,NA,NA,-0.00365395912961996,0.30998
YLR389C,STE23,STErile,-0.00365531127430389,0.20874
YPL183W-A,RTC6,Restriction of Telomere Capping,-0.00365742344057596,0.45915
YGL022W,STT3,STaurosporine and Temperature sensitive,-0.0036596789931925,0.36998
YML121W,GTR1,GTp binding protein Resemblance,-0.00366064406164037,0.42688
YOR247W,SRL1,Suppressor of Rad53 null Lethality,-0.00366505326059444,0.48163
YBL034C,STU1,Suppressor of TUbulin,-0.0036651994103153,0.27819
YDL116W,NUP84,NUclear Pore,-0.00366820547773928,0.37693
YDL045W-A,MRP10,Mitochondrial Ribosomal Protein,-0.00366932975427152,0.46419
YDL001W,RMD1,Required for Meiotic nuclear Division,-0.00367128328600451,0.13527
YLR375W,STP3,protein with similarity to Stp1p,-0.00367472633639896,0.26705
YDR302W,GPI11,GlycosylPhosphatidylInositol anchor biosynthesis,-0.00367696742536493,0.28033
YDL210W,UGA4,Utilization of GAba,-0.00368072149428333,0.2985
YCL057C-A,MIC10,MItochondrial contact site and Cristae organizing system,-0.0036900329005861,0.45615
YDR503C,LPP1,Lipid Phosphate Phosphatase,-0.00369190451751933,0.30558
YKL033W,TTI1,Two Tel2-Interacting protein,-0.00369310877411475,0.20522
YLR466W,YRF1-4,NA,-0.00369380857845154,0.25967
YLR263W,RED1,REDuctional division,-0.00370030554651916,0.1882
YOR129C,AFI1,ArF3-Interacting protein,-0.00370353920010211,0.23797
YOR262W,GPN2,Gly-Pro-Asn (N) motif,-0.00370354681410802,0.28416
YPL215W,CBP3,Cytochrome B mRNA Processing,-0.00370621523385103,0.43668
YNR021W,NA,NA,-0.00371180855782164,0.1798
YKR105C,VBA5,Vacuolar Basic Amino acid transporter,-0.00371754998427758,0.26752
YFR038W,IRC5,Increased Recombination Centers,-0.00372105250256348,0.20791
YIL085C,KTR7,Kre Two Related,-0.00372348212776504,0.25439
YGL140C,NA,NA,-0.00372645624704898,0.15823
YML133C,NA,NA,-0.00373047786105677,0.32742
YLR033W,RSC58,Remodel the Structure of Chromatin,-0.00373532212880588,0.18858
YNL038W,GPI15,GlycosylPhosphatidylInositol anchor biosynthesis,-0.0037429463189346,0.32336
YLR343W,GAS2,Glycophospholipid-Anchored Surface protein,-0.00374683237448893,0.2164
YLR188W,MDL1,MultiDrug resistance-Like,-0.00375069941805807,0.21198
YNL263C,YIF1,YIP1-Interacting Factor,-0.00375383699710019,0.26532
YDR279W,RNH202,RNase H,-0.00375616473402479,0.23047
YLR135W,SLX4,Synthetic Lethal of unknown (X) function,-0.00375631653222628,0.18889
YLR368W,MDM30,Mitochondrial Distribution and Morphology,-0.00375899782010178,0.16731
YDR206W,EBS1,Est1-like Bcy1 Suppressor,-0.00375941193752648,0.39186
YGR286C,BIO2,BIOtin,-0.00376213903035637,0.273
YDL127W,PCL2,Pho85 CycLin,-0.0037642343643593,0.34557
YLR410W,VIP1,NA,-0.00377637875030864,0.16529
YML023C,NSE5,Non-SMC Element 5,-0.00377886580998087,0.32234
YDR310C,SUM1,SUppresor of Mar1-1,-0.00378166798595216,0.40515
YLR366W,NA,NA,-0.003781992654471,0.26623
YOR165W,SEY1,Synthetic Enhancement of YOP1,-0.00378454595906253,0.29924
YMR292W,GOT1,GOlgi Transport,-0.0037851039567178,0.29458
YIL163C,NA,NA,-0.00378693201672611,0.2541
YJL162C,JJJ2,J-protein (Type III),-0.00378758546873813,0.24766
YDR523C,SPS1,SPorulation Specific,-0.00378759800328797,0.16546
YDL108W,KIN28,protein KINase,-0.00378821463162641,0.28784
YHR005C-A,TIM10,Translocase of the Inner Membrane,-0.00378923733241411,0.46124
YPR139C,LOA1,Lysophosphatidic acid: Oleoyl-CoA Acyltransferase,-0.00379144248560215,0.18636
YNL042W,BOP3,Bypass Of Pam1,-0.00379446945047786,0.26494
YGL057C,GEP7,GEnetic interactors of Prohibitins,-0.00380174779251765,0.35792
YDL220C,CDC13,Cell Division Cycle,-0.00380397322452343,0.20434
YDL226C,GCS1,Growth Cold Sensitive,-0.00380577492419782,0.26568
YMR138W,CIN4,Chromosome INstability,-0.00380783594047108,0.24724
YDL011C,NA,NA,-0.00381390566908965,0.33588
YKR036C,CAF4,CCR4 Associated Factor,-0.00381699056982849,0.39954
YEL006W,YEA6,NA,-0.00382791135719701,0.14586
YCR090C,NA,NA,-0.00382855913078908,0.22611
YOR253W,NAT5,N-terminal AcetylTransferase,-0.00383170841412256,0.24354
YMR212C,EFR3,PHO Eighty Five Requiring,-0.00384741951743152,0.23135
YHR100C,GEP4,GEnetic interactors of Prohibitins,-0.00385101415334699,0.21918
YHR172W,SPC97,Spindle Pole Component,-0.00385236785845216,0.38391
YDR116C,MRPL1,"Mitochondrial Ribosomal Protein, Large subunit",-0.00385426348716554,0.45616
YLR105C,SEN2,Splicing ENdonuclease,-0.00385969654943337,0.15366
YBR131W,CCZ1,Calcium Caffeine Zinc sensitivity,-0.0038671784206784,0.34645
YIL177C,NA,NA,-0.00387343363864631,0.2799
YNL205C,NA,NA,-0.00387416803777756,0.33045
YLR402W,NA,NA,-0.00387559045413575,0.25924
YLR021W,IRC25,Increased Recombination Centers,-0.003880797049006,0.20868
YDR212W,TCP1,Tailless Complex Polypeptide,-0.0038925450215675,0.26855
YDR140W,MTQ2,Methyltransferase,-0.0038990233052845,0.19499
YML016C,PPZ1,Protein Phosphatase Z,-0.00389915917505735,0.25954
YGR129W,SYF2,SYnthetic lethal with cdc40 (Forty),-0.00390189648520887,0.26279
YFL009W,CDC4,Cell Division Cycle,-0.00390372807586486,0.14057
YFR012W,DCV1,Demands Cdc28 kinase activity for Viability,-0.00390742733277098,0.2086
YPR171W,BSP1,Binding protein of Synaptojanin Polyphosphoinositide phosphatase domain,-0.00390877679977359,0.13884
YGL122C,NAB2,Nuclear polyAdenylated RNA-Binding,-0.00390996205321687,0.37095
YPL129W,TAF14,TATA binding protein-Associated Factor,-0.00392109597186857,0.35626
YFL050C,ALR2,ALuminum Resistance,-0.00392655795405884,0.19169
YML112W,CTK3,Carboxy-Terminal domain Kinase,-0.00392739338121065,0.26931
YML071C,COG8,Conserved Oligomeric Golgi complex,-0.00392964144958271,0.10294
YDL143W,CCT4,Chaperonin Containing TCP-1,-0.00393845205100982,0.21197
YOR166C,SWT1,Synthetically lethal With Trex,-0.00395138173008172,0.25653
YCL047C,POF1,Promoter Of Filamentation,-0.00396152955312581,0.30379
YIL142W,CCT2,Chaperonin Containing TCP-1,-0.00396407584645792,0.31072
YNR055C,HOL1,HistidinOl,-0.00396470559723902,0.21481
YDR170C,SEC7,SECretory,-0.00396929914203465,0.39399
YPL202C,AFT2,Activator of Fe (iron) Transcription,-0.00397009915124752,0.35706
YPL209C,IPL1,Increase in PLoidy,-0.00397526258631063,0.18256
YCR084C,TUP1,dTMP-UPtake,-0.00397752543033111,0.25397
YML111W,BUL2,Binds Ubiquitin Ligase,-0.00397915285350493,0.14404
YDR352W,YPQ2,Yeast PQ-loop protein,-0.00398108583334997,0.13893
YCR024C,SLM5,Synthetic Lethal with Mss4,-0.00398899513684375,0.42758
YER176W,ECM32,ExtraCellular Mutant,-0.00399758569822434,0.21957
YCR052W,RSC6,Remodel the Structure of Chromatin,-0.00399858965516909,0.2935
YGR257C,MTM1,Manganese Trafficking factor for Mitochondrial SOD2,-0.00399924231756562,0.41094
YLR212C,TUB4,TUBulin,-0.00400017678975404,0.32862
YDL093W,PMT5,Protein O-MannosylTransferase,-0.00401008642284241,0.27375
YOL149W,DCP1,mRNA DeCaPping,-0.00401298000715786,0.31714
YDR492W,IZH1,Implicated in Zinc Homeostasis,-0.0040136210265107,0.44385
YFR028C,CDC14,Cell Division Cycle,-0.00402422251541941,0.19109
YNL044W,YIP3,Ypt-Interacting Protein,-0.00402532119287604,0.36428
YNR065C,NA,NA,-0.00403192311095493,0.15899
YLR138W,NHA1,Na+/H+ Antiporter,-0.0040338519704704,0.1818
YHR041C,SRB2,Suppressor of RNA polymerase B,-0.004034012819397,0.31899
YCL063W,VAC17,VACuole related,-0.00404117167007696,0.3727
YDR198C,RKM2,Ribosomal protein lysine (K) Methyltransferase,-0.00405272612288089,0.24615
YOR081C,TGL5,TriacylGlycerol Lipase,-0.00405964262469287,0.14297
YBL010C,LAA2,Large Adaptin Accessory,-0.00406319604911219,0.19825
YMR234W,RNH1,RNase H,-0.00406346831894539,0.22209
YML103C,NUP188,NUclear Pore,-0.00406614812522565,0.26132
YBR022W,POA1,"Phosphatase Of ADP-ribose 1""-phosphate",-0.00406632590687248,0.25687
YJR003C,MRX12,Mitochondrial oRganization of gene eXpression (MIOREX),-0.00407735825519994,0.3764
YDR180W,SCC2,Sister Chromatid Cohesion,-0.004078183675701,0.27774
YFL032W,NA,NA,-0.00407985068865924,0.24623
YPR059C,NA,NA,-0.00408695976979504,0.34851
YCL016C,DCC1,Defective in sister Chromatid Cohesion,-0.00409762652359106,0.27599
YOR196C,LIP5,LIPoic acid,-0.00410434399404204,0.19066
YKL108W,SLD2,Synthetically Lethal with Dpb11-1,-0.00411046181795435,0.24574
YER186C,NA,NA,-0.00411133124991456,0.28445
YJL225C,NA,NA,-0.00411220992582615,0.33687
YGR150C,CCM1,COB and COX1 mRNA maturation,-0.00411235196604187,0.42395
YPL208W,RKM1,Ribosomal lysine (K) Methyltransferase,-0.00411941352877409,0.22263
YPL111W,CAR1,Catabolism of ARginine,-0.00412122032174512,0.34107
YFR036W-A,NA,NA,-0.00413350404792939,0.21391
YOR326W,MYO2,MYOsin,-0.00413618140709893,0.41441
YKL159C,RCN1,Regulator of CalciNeurin,-0.00413667125295915,0.10617
YCL050C,APA1,AP4A phosphorylase,-0.00414558791593168,0.35453
YGL129C,RSM23,Ribosomal Small subunit of Mitochondria,-0.00415068299277742,0.45559
YIL177C,NA,NA,-0.00415150155912395,0.30694
YPL101W,ELP4,ELongator Protein,-0.00416453505625067,0.27642
YIL016W,SNL1,Suppressor of Nup116-C Lethal,-0.0041655338899917,0.16892
YOR094W,ARF3,ADP-Ribosylation Factor,-0.00417426265991404,0.19057
YOR112W,CEX1,Cytoplasmic EXport protein,-0.00418033066408008,0.16308
YMR316W,DIA1,Digs Into Agar,-0.00418314306463671,0.27649
YJL075C,APQ13,NA,-0.00418984022579553,0.22158
YBR205W,KTR3,Kre Two Related,-0.00419787923628531,0.41164
YDR191W,HST4,Homolog of SIR Two (SIR2),-0.00419792978829384,0.41174
YBR219C,NA,NA,-0.00420140418513592,0.31211
YPL029W,SUV3,SUppressor of Var1,-0.00421007814362477,0.37775
YGR259C,NA,NA,-0.00421063717849807,0.32664
YMR270C,RRN9,Regulation of RNA polymerase I,-0.00421081824378799,0.16792
YPR104C,FHL1,Fork Head-Like,-0.00421243650574759,0.25623
YNR009W,NRM1,Negative Regulator of MBF targets,-0.00421576655133076,0.39863
YBR064W,NA,NA,-0.00422295852117405,0.36438
YOR238W,NA,NA,-0.0042242008269648,0.17051
YOL135C,MED7,MEDiator complex,-0.00422453303704118,0.31625
YBR156C,SLI15,Synthetically Lethal with Ipl1,-0.00423048423974059,0.29339
YMR166C,MME1,Mitochondrial Magnesium Exporter,-0.00424063371363709,0.45608
YJL188C,BUD19,BUD site selection,-0.00424206209570249,0.30449
YJL090C,DPB11,DNA Polymerase B (II),-0.00424428958793129,0.22017
YOR279C,RFM1,Repression Factor of Middle sporulation element,-0.00424438264686564,0.2018
YAR003W,SWD1,"Set1c, WD40 repeat protein",-0.0042578852050597,0.2346
YJL111W,CCT7,Chaperonin Containing TCP-1,-0.00427696761465697,0.25449
YNL082W,PMS1,PostMeiotic Segregation,-0.00427739905809434,0.28661
YJR057W,CDC8,Cell Division Cycle,-0.00428154911752486,0.23342
YJL074C,SMC3,Stability of MiniChromosomes,-0.0042855812500771,0.42415
YER114C,BOI2,Bem1 (One) Interacting protein,-0.00428812532295449,0.24459
YPL083C,SEN54,Splicing ENdonuclease,-0.00430144930839119,0.12245
YPL159C,PET20,PETite colonies,-0.00430399657300763,0.36978
YAL034W-A,MTW1,Mis TWelve-like,-0.00431188343426154,0.33209
YLL027W,ISA1,Iron Sulfur Assembly,-0.00432116786287391,0.29822
YMR069W,NAT4,N-AcetylTransferase,-0.00432482360322061,0.36759
YFR048W,RMD8,Required for Meiotic nuclear Division,-0.00432814758368917,0.12968
YCR015C,CTO1,Cold TOlerance,-0.0043294519524671,0.18477
YGR262C,BUD32,BUD site selection,-0.0043296254900193,0.09569
YPR123C,NA,NA,-0.00434192495297602,0.27379
YDL043C,PRP11,Pre-mRNA Processing,-0.00434272258361654,0.28487
YPL157W,TGS1,TrimethylGuanosine Synthase,-0.00434347740239752,0.41501
YIL040W,APQ12,APical growth revealed by Quantitative morphological analysis,-0.00434394231541308,0.21526
YPL122C,TFB2,Transcription Factor B subunit 2,-0.00434433174090101,0.32448
YPR116W,RRG8,Required for Respiratory Growth,-0.00434535470061384,0.33013
YDR468C,TLG1,T-snare affecting a Late Golgi compartment,-0.00434587659821337,0.2029
YHR118C,ORC6,Origin Recognition Complex,-0.00434902963813432,0.18797
YKL048C,ELM1,ELongated Morphology,-0.00435263347304316,0.18102
YLR443W,ECM7,ExtraCellular Mutant,-0.00435343210032655,0.30715
YGR153W,NA,NA,-0.00435382210478462,0.22074
YJL179W,PFD1,PreFolDin,-0.00435446625055089,0.15298
YPL105C,SYH1,SmY2 Homolog,-0.00436676078706505,0.30903
YNL053W,MSG5,Multicopy Suppressor of GPA1,-0.00436808569586368,0.22967
YBR184W,NA,NA,-0.00437900772872636,0.23587
YPR069C,SPE3,SPErmidine auxotroph,-0.00438035708790545,0.28029
YDL044C,MTF2,Mitochondrial Transcription Factor,-0.00438060608234693,0.371
YGL232W,TAN1,Trna AcetylatioN,-0.00439002979531213,0.11595
YDR174W,HMO1,High MObility group (HMG) family,-0.00439214243849093,0.31691
YKR006C,MRPL13,"Mitochondrial Ribosomal Protein, Large subunit",-0.00439319430466359,0.4661
YDR024W,FYV1,Function required for Yeast Viability,-0.00439434189245488,0.26226
YNL234W,NA,NA,-0.0044015315681584,0.30877
YDR233C,RTN1,ReTiculoN-like,-0.0044075293005997,0.19576
YGL085W,LCL3,Long Chronological Lifespan 3,-0.00441363248903393,0.15489
YOL145C,CTR9,Cln Three (CLN3) Requiring,-0.00441571223915296,0.14242
YPL205C,NA,NA,-0.00441942948021295,0.21021
YMR048W,CSM3,Chromosome Segregation in Meiosis,-0.00443726945251031,0.29808
YKL211C,TRP3,TRyPtophan,-0.00444296417215528,0.18218
YCL061C,MRC1,Mediator of the Replication Checkpoint,-0.00444363242314655,0.28542
YML091C,RPM2,RNase P Mitochondrial,-0.00445075877956056,0.43626
YNL254C,RTC4,Restriction of Telomere Capping,-0.00445278431743778,0.31771
YGR120C,COG2,Conserved Oligomeric Golgi complex,-0.00445964255690046,0.16547
YDR121W,DPB4,DNA Polymerase B (II) subunit,-0.0044616554271789,0.29855
YNR044W,AGA1,a-AGglutinin,-0.00446172849023078,0.36845
YIR011C,STS1,Sec Twenty-three Suppressor 1,-0.00446389194279623,0.38977
YJR031C,GEA1,Guanine nucleotide Exchange on ARF,-0.00447655372129142,0.23462
YLR229C,CDC42,Cell Division Cycle,-0.00448114965529688,0.38167
YPR070W,MED1,MEDiator complex,-0.0044830265494295,0.16895
YBR202W,MCM7,MiniChromosome Maintenance,-0.00449881598613401,0.35415
YLR323C,CWC24,Complexed With Cef1p,-0.0044994900585358,0.31529
YHR186C,KOG1,Kontroller Of Growth,-0.00451070204168078,0.23001
YBR122C,MRPL36,"Mitochondrial Ribosomal Protein, Large subunit",-0.00451143114908746,0.46251
YBR063C,NA,NA,-0.00451577512505916,0.37243
YDR416W,SYF1,SYnthetic lethal with cdcForty,-0.00451690346147428,0.2083
YLR210W,CLB4,CycLin B,-0.00452338664032149,0.18965
YGR091W,PRP31,Pre-mRNA Processing,-0.00453049473323073,0.29177
YER187W,NA,NA,-0.00453285233982801,0.27404
YGR273C,NA,NA,-0.00453626324153343,0.27122
YNL261W,ORC5,Origin Recognition Complex,-0.00454212298462261,0.24195
YIR010W,DSN1,Dosage Suppressor of NNF1,-0.00454231224059326,0.26196
YDR414C,ERD1,Endoplasmic reticulum Retention Defective,-0.00454631516381893,0.15788
YDR157W,NA,NA,-0.00454807834301149,0.30999
YER016W,BIM1,BInding to Microtubules,-0.00455153929443548,0.22633
YHR182W,RGD3,NA,-0.00455211316429461,0.20279
YLR357W,RSC2,Remodel the Structure of Chromatin,-0.00456058637003994,0.31872
YER077C,MRX1,Mitochondrial oRganization of gene eXpression (MIOREX),-0.00456071053227779,0.23512
YGL144C,ROG1,Revertant Of Glycogen synthase kinase mutation,-0.00456263750513162,0.39006
YML059C,NTE1,Neuropathy Target Esterase,-0.0045650838718611,0.32292
YML067C,ERV41,ER Vesicle,-0.00457356947390866,0.2123
YDR509W,NA,NA,-0.00459531536428173,0.27786
YNL088W,TOP2,TOPoisomerase,-0.00460328384722068,0.28242
YNL177C,MRPL22,"Mitochondrial Ribosomal Protein, Large subunit",-0.00460578214535587,0.44155
YNL074C,MLF3,Multicopy suppressor of LeFlunomide sensitivity,-0.00460746720835373,0.32962
YHR059W,FYV4,Function required for Yeast Viability,-0.00461110734325362,0.45063
YHR109W,CTM1,CyTochrome c Methyltransferase,-0.00462124132240124,0.39086
YDR349C,YPS7,YaPSin,-0.00462243307718314,0.16265
YGL224C,SDT1,Suppressor of Disruption of TFIIS,-0.00462525237114857,0.31033
YPL106C,SSE1,Stress Seventy subfamily E,-0.00462674760169664,0.37215
YOR140W,SFL1,Suppressor gene for FLocculation,-0.00462701619412552,0.14124
YMR275C,BUL1,Binds Ubiquitin Ligase,-0.00462718432679072,0.29315
YOR016C,ERP4,Emp24p/Erv25p Related Protein,-0.00462933160746214,0.14013
YOR354C,MSC6,Meiotic Sister-Chromatid recombination,-0.00463863010587592,0.43219
YGL019W,CKB1,Casein Kinase Beta subunit,-0.00464375529969715,0.18042
YDR238C,SEC26,SECretory,-0.00464464728613902,0.34247
YHR127W,NA,NA,-0.00464798269452562,0.21753
YBR109W-A,NA,NA,-0.0046486797916471204,0.22323
YIL070C,MAM33,Mitochondrial Acidic Matrix protein,-0.00465293926110609,0.46898
YNL070W,TOM7,Translocase of the Outer Mitochondrial membrane,-0.00465524682353007,0.36758
YNL129W,NRK1,Nicotinamide Riboside Kinase,-0.00465570824662475,0.20148
YBR205W,KTR3,Kre Two Related,-0.00466093103559968,0.30369
YPR034W,ARP7,Actin-Related Protein,-0.0046617744504102,0.18628
YKL018W,SWD2,"Set1c, WD40 repeat protein",-0.00466333675596845,0.12449
YIL067C,NA,NA,-0.00466857264086368,0.23624
YDR013W,PSF1,Partner of Sld Five,-0.00467065741442933,0.34527
YJL124C,LSM1,Like SM,-0.00467698373130901,0.21985
YGL016W,KAP122,KAryoPherin,-0.00467796387346482,0.28871
YJL086C,NA,NA,-0.00468048511002595,0.24722
YIL164C,NIT1,NITrilase superfamily,-0.00470118038915024,0.20108
YOR345C,NA,NA,-0.00470340331187975,0.26248
YKL177W,NA,NA,-0.00470386928284079,0.26519
YIL116W,HIS5,HIStidine requiring,-0.00470574572313654,0.19909
YNL072W,RNH201,RNase H,-0.00471318350205955,0.28866000000000003
YOR304W,ISW2,Imitation SWitch subfamily,-0.00471924122548704,0.18903
YBL107C,MIX23,Mitochondrial Intermembrane space CX(n)C motif protein,-0.00473260257447138,0.34753
YGL256W,ADH4,Alcohol DeHydrogenase,-0.00473961253671221,0.10347
YIR042C,NA,NA,-0.00474093451685909,0.29628
YMR083W,ADH3,Alcohol DeHydrogenase,-0.00474184533052916,0.43331
YDL105W,NSE4,Non-SMC Element,-0.00474363965580127,0.21109
YKR038C,KAE1,Kinase-Associated Endopeptidase,-0.00474378744468125,0.18039
YPL255W,BBP1,Bfr1 Binding Protein,-0.00475067982978852,0.25331
YDR333C,RQC1,Ribosome Quality Control,-0.00475562280558021,0.2622
YER013W,PRP22,Pre-mRNA Processing,-0.00475585788727878,0.14019
YJR064W,CCT5,Chaperonin Containing TCP-1,-0.00476150926808183,0.32735
YBR146W,MRPS9,"Mitochondrial Ribosomal Protein, Small subunit",-0.00476264667821016,0.4572
YGL163C,RAD54,RADiation sensitive,-0.00476298234203297,0.18048
YLR277C,YSH1,Yeast Seventy-three Homolog,-0.00476318241992032,0.24719
YJL213W,NA,NA,-0.00476690580483015,0.44912
YBR153W,RIB7,RIBoflavin biosynthesis,-0.00477040178589031,0.17418
YPL040C,ISM1,Isoleucyl tRNA Synthetase of Mitochondria,-0.00477397343622599,0.44566
YJL121C,RPE1,Ribulose 5-Phosphate Epimerase,-0.00477840493100401,0.32195
YER140W,EMP65,ER Membrane Protein of 65 kDa,-0.00478285967590208,0.19022
YBL030C,PET9,PETite,-0.00478452993959711,0.4205
YNL187W,SWT21,Synthetic With Tgs1,-0.00478656866660717,0.26342
YBR120C,CBP6,Cytochrome B Protein synthesis,-0.00478748802536611,0.46449
YDR113C,PDS1,Precocious Dissociation of Sisters,-0.00479374582683945,0.2966
YDR518W,EUG1,ER protein Unnecessary for Growth,-0.00480083491227007,0.25956
YKL046C,DCW1,Defective Cell Wall,-0.00480710178339078,0.34952
YFR025C,HIS2,HIStidine requiring,-0.00480748601835352,0.32255
YHR184W,SSP1,NA,-0.00481439926559209,0.25064
YMR228W,MTF1,Mitochondrial Transcription Factor,-0.00481490481843165,0.32829
YOL098C,SDD3,Suppressor of Degenerative Death,-0.00481493946609541,0.17751
YDR240C,SNU56,Small NUclear ribonucleoprotein associated,-0.00481829558490435,0.18973
YAL022C,FUN26,Function Unknown Now,-0.00482539872167048,0.2087
YBL090W,MRP21,Mitochondrial Ribosomal Protein,-0.00482619136586765,0.43595
YFR051C,RET2,RETrieval from ER,-0.00483780261237181,0.36898
YDR034C,LYS14,LYSine requiring,-0.00484048140593209,0.14732
YDR524C,AGE1,Arf Gap with Effector function(s),-0.00484356381553126,0.24085
YGR227W,DIE2,Derepression of ITR1 Expression,-0.00484855537559999,0.18861
YIL131C,FKH1,ForK head Homolog,-0.00485436608122305,0.23884
YLR032W,RAD5,RADiation sensitive,-0.00486038380193811,0.20645
YML127W,RSC9,Remodel the Structure of Chromatin,-0.0048621694980839,0.29695
YDL040C,NAT1,N-terminal AcetylTransferase,-0.00486274265546508,0.15424
YOR106W,VAM3,VAcuolar Morphogenesis,-0.00486667132667679,0.15279
YNL140C,NA,NA,-0.00486949761487547,0.30751
YGL105W,ARC1,Aminoacyl-tRNA synthetase Cofactor,-0.00487885304914216,0.12145
YBR080C,SEC18,SECretory,-0.00487918833426495,0.26033
YHR218W,NA,NA,-0.00488274233297643,0.31417
YJR144W,MGM101,Mitochondrial Genome Maintenance,-0.00488624926242281,0.21564
YOR320C,GNT1,GlcNAc Transferase,-0.0048943484633763,0.27322
YFL045C,SEC53,SECretory,-0.00490358873275344,0.36592
YPL142C,NA,NA,-0.00490675816696678,0.26753
YNL205C,NA,NA,-0.00490894384008715,0.28666
YOR217W,RFC1,Replication Factor C,-0.0049133094024398,0.10374
YNL211C,MRX7,Mitochondrial oRganization of gene eXpression (MIOREX),-0.00491368390499404,0.1906
YBR134W,NA,NA,-0.0049138184643532,0.26371
YDR448W,ADA2,transcriptional ADAptor,-0.0049164254218523,0.13332
YOR146W,NA,NA,-0.00492318593124993,0.33564
YKR086W,PRP16,Pre-mRNA Processing,-0.00492745236963803,0.16808
YDR346C,SVF1,SurVival Factor,-0.00493045229031667,0.1704
YDL042C,SIR2,Silent Information Regulator,-0.00493135361873701,0.24736
YCR089W,FIG2,Factor-Induced Gene,-0.00493453047899081,0.20177
YOR334W,MRS2,Mitochondrial RNA Splicing,-0.00493675534690166,0.23648
YPR162C,ORC4,Origin Recognition Complex,-0.00494220907279838,0.17036
YPL251W,NA,NA,-0.0049477882099059,0.23315
YBL057C,PTH2,Peptidyl-Trna Hydrolase,-0.00494790828931307,0.11895
YMR144W,FDO1,Forkhead one interacting protein involved in DOnor preference,-0.0049514759966828,0.34677
YER171W,RAD3,RADiation sensitive,-0.00495409513963262,0.19807
YGR084C,MRP13,Mitochondrial Ribosomal Protein,-0.00495680118812423,0.44337
YMR287C,DSS1,Deletion of SUV3 Supressor,-0.0049594718634338,0.35531
YMR274C,RCE1,Ras and a-factor Converting Enzyme,-0.00496178885015601,0.27332
YFR011C,MIC19,MItochondrial contact site and Cristae organizing system,-0.00496232126557015,0.44582
YMR153W,NUP53,NUclear Pore,-0.00496736449208304,0.1215
YER146W,LSM5,Like SM,-0.00497526720464661,0.26995
YLR278C,NA,NA,-0.00498089892124615,0.1626
YCR053W,THR4,THReonine requiring,-0.00498820350420734,0.33752
YBL096C,NA,NA,-0.00499614048532858,0.22421
YOR160W,MTR10,Mrna TRansport defective,-0.00501820950562499,0.31981
YBL070C,NA,NA,-0.00502028562379084,0.26318
YPR189W,SKI3,SuperKIller,-0.00502147700522964,0.16503
YKL077W,PSG1,Pma1 Stabilization in the Golgi,-0.00502363104521174,0.30694
YBR160W,CDC28,Cell Division Cycle,-0.00503469011757393,0.16617
YBL097W,BRN1,homolog of BaRreN,-0.00503572839209712,0.18911
YOR308C,SNU66,Small NUclear ribonucleoprotein associated,-0.00506152102291494,0.32007
YBR227C,MCX1,Mitochondrial ClpX,-0.00506369930493083,0.27076
YAL068C,PAU8,seriPAUperin,-0.0050657915844339,0.28542
YDR153C,ENT5,Epsin N-Terminal homology,-0.00507162575235006,0.28724
YGL155W,CDC43,Cell Division Cycle,-0.00507684160227772,0.08696
YOR130C,ORT1,ORnithine Transporter,-0.00508094888658164,0.15182
YLR321C,SFH1,Snf Five Homolog,-0.00508194032339608,0.31686
YOR061W,CKA2,Casein Kinase Alpha' subunit,-0.00508663381863256,0.36085
YDR117C,TMA64,Translation Machinery Associated,-0.00509674481308054,0.07325
YJL019W,MPS3,MonoPolar Spindle,-0.00509799286305708,0.21226
YDL145C,COP1,COat Protein,-0.00510523682304509,0.26745
YJL201W,ECM25,ExtraCellular Mutant,-0.00511418203649667,0.25718
YIL161W,NA,NA,-0.00511523995254494,0.22827
YHR036W,BRL1,BRr6 Like protein,-0.00511579441323966,0.23244
YLR318W,EST2,Ever Shorter Telomeres,-0.00512583521199461,0.2229
YLR462W,NA,NA,-0.00512792831275121,0.30052
YOR154W,SLP1,SUN-Like Protein,-0.00512872846243749,0.2852
YNL181W,PBR1,Potentiates Bioactive compound Response,-0.00512919256572712,0.23443
YGL184C,STR3,Sulfur TRansfer,-0.00513016753128432,0.44703
YDL074C,BRE1,BREfeldin A sensitivity,-0.00513907469008154,0.1489
YDL156W,CMR1,Changed Mutation Rate,-0.00514175007750315,0.20396
YOR286W,RDL2,RhoDanese-Like protein,-0.00515435802976725,0.45042
YHR077C,NMD2,Nonsense-mediated MRNA Decay,-0.00515754843831812,0.24913
YCR044C,PER1,protein Processing in the ER,-0.00515939630931017,0.2437
YNL262W,POL2,POLymerase,-0.00516192244289111,0.33764
YGR220C,MRPL9,"Mitochondrial Ribosomal Protein, Large subunit",-0.00516344787328607,0.45206
YDR376W,ARH1,Adrenodoxin Reductase Homolog,-0.00517116564027712,0.41751
YPL233W,NSL1,Nnf1 Synthetic Lethal,-0.00517629188251349,0.14097
YLR313C,SPH1,SPa2 Homolog,-0.00517755949783277,0.26347
YKL139W,CTK1,Carboxy-Terminal domain Kinase,-0.00518105177947234,0.30607
YMR216C,SKY1,SRPK1-like Kinase in Yeast,-0.00518592493679634,0.23694
YPL172C,COX10,Cytochrome c OXidase,-0.00518933517492775,0.44381
YDR065W,RRG1,Required for Respiratory Growth,-0.0051976938968873,0.21036
YLL018C,DPS1,NA,-0.00519914335200223,0.22966
YPL097W,MSY1,"Mitochondrial aminoacyl-tRNA Synthetase, tyrosine (Y)",-0.00520282515090811,0.44004
YHR043C,DOG2,DeOxyGlucose,-0.00520428995376166,0.44206
YJL019W,MPS3,MonoPolar Spindle,-0.00520768372583249,0.14993
YBR073W,RDH54,RaD54 Homolog,-0.00523593866090131,0.2675
YLR052W,IES3,Ino Eighty Subunit,-0.00524463544110612,0.28652
YBR166C,TYR1,TYRosine,-0.00524470290667212,0.12888
YOL137W,BSC6,Bypass of Stop Codon,-0.00524807323139933,0.16555
YPL023C,MET12,METhionine requiring,-0.00525887250652948,0.1282
YDR483W,KRE2,Killer toxin REsistant,-0.00525901570038639,0.17675
YML035C,AMD1,AMP Deaminase,-0.00526011727250442,0.20243
YJL038C,LOH1,Loss Of Heterozygosity,-0.00526203561660462,0.21215
YJL156C,SSY5,Sulfonylurea Sensitive on YPD,-0.00526677546227542,0.08153
YBR171W,SEC66,SECretory,-0.00527589639986467,0.11922
YLR430W,SEN1,Splicing ENdonuclease,-0.00530201850911992,0.12672
YNL236W,SIN4,Switch INdependent,-0.00530378919667253,0.16224
YPL115C,BEM3,Bud EMergence,-0.00530681418087083,0.16472
YJL024C,APS3,clathrin Associated Protein complex Small subunit,-0.00530929135202874,0.13507
YIL092W,NA,NA,-0.00531272496551496,0.24366
YBR029C,CDS1,CDP-Diacylglycerol Synthase,-0.00531727073565346,0.36903
YMR263W,SAP30,Sin3-Associated Polypeptide,-0.00531887660069653,0.12334
YHR039C,MSC7,Meiotic Sister-Chromatid recombination,-0.00532265433667105,0.12033
YDR345C,HXT3,HeXose Transporter,-0.00532274165226949,0.3021
YDR364C,CDC40,Cell Division Cycle,-0.00532588736738514,0.31933
YNR040W,MRX15,Mitochondrial oRganization of gene eXpression (MIOREX),-0.00533076562710914,0.43205
YGL201C,MCM6,MiniChromosome Maintenance,-0.00533322769190321,0.19604
YDL211C,NA,NA,-0.0053369142260052,0.1855
YJL101C,GSH1,glutathione (GSH),-0.00534079264309456,0.34183
YAL053W,FLC2,FLavin Carrier,-0.00534415129894283,0.25234
YLR262C-A,TMA7,Translation Machinery Associated,-0.00534740321264713,0.24057
YLR452C,SST2,SuperSensiTive,-0.00534971575920976,0.29868
YLR113W,HOG1,High Osmolarity Glycerol response,-0.00534973059214106,0.40233
YPR012W,NA,NA,-0.00536946694737816,0.21245
YFR020W,CSS2,Condition Specific Secretion,-0.00537011556279377,0.37727
YNL101W,AVT4,Amino acid Vacuolar Transport,-0.00537077760358012,0.29414
YLL033W,IRC19,Increased Recombination Centers,-0.00537223521146628,0.13036
YER009W,NTF2,Nuclear Transport Factor,-0.00537908981126571,0.22363
YOR216C,RUD3,Relieves Uso1-1 transport Defect,-0.00538054915935213,0.1171
YJL207C,LAA1,Large AP-1 Accessory,-0.00538056474515498,0.30188
YBL083C,NA,NA,-0.00538168136733925,0.27776
YDR139C,RUB1,Related to UBiquitin,-0.00538842513691635,0.20426
YJR024C,MDE1,Methylthioribulose-1-phosphate DEhydratase,-0.00542565730926367,0.20997
YGR279C,SCW4,Soluble Cell Wall protein,-0.00543417465029567,0.41441
YNR029C,NA,NA,-0.00543619873674102,0.32066
YIL148W,RPL40A,Ribosomal Protein of the Large subunit,-0.0054391479809214,0.30338
YGR076C,MRPL25,"Mitochondrial Ribosomal Protein, Large subunit",-0.00544098766357402,0.45495
YEL048C,TCA17,TRAPP Complex Associated protein,-0.00544166387966742,0.25844
YKL109W,HAP4,Heme Activator Protein,-0.00544230517685805,0.44007
YDR183W,PLP1,Phosducin-Like Protein,-0.00545829272148122,0.09504
YLL038C,ENT4,Epsin N-Terminal homology,-0.00546802761747788,0.17619
YBR254C,TRS20,TRapp Subunit,-0.00546893737225135,0.16779
YOR066W,MSA1,Mbf and Sbf Associated,-0.00547146336162013,0.4
YER148W-A,NA,NA,-0.00547592301616375,0.30082
YPR022C,SDD4,Suppressor of Degenerative Death,-0.00547984208118855,0.17427
YLR341W,SPO77,SPOrulation,-0.00549656204191959,0.23893
YHR123W,EPT1,EthanolaminePhosphoTransferase,-0.00549895037496002,0.13702
YOR213C,SAS5,Something About Silencing,-0.00550471276756162,0.15119
YDL231C,BRE4,BREfeldin A sensitivity,-0.00550789896618308,0.13667
YNR048W,NA,NA,-0.00550914861463224,0.13737
YBR042C,CST26,Chromosome STability,-0.00550977639460513,0.12359
YAL037C-A,NA,NA,-0.00551112374322159,0.25449
YLR076C,NA,NA,-0.0055181932774188,0.26753
YDR415C,NA,NA,-0.00552036088873601,0.10021
YER157W,COG3,Conserved Oligomeric Golgi complex,-0.00552786963149485,0.14867
YNR052C,POP2,PGK promoter directed OverProduction,-0.00553045604787932,0.11541
YGL027C,CWH41,Calcofluor White Hypersensitive,-0.00553077757730883,0.32991
YOR119C,RIO1,RIght Open reading frame,-0.00553324625403714,0.3327
YGR089W,NNF2,NA,-0.00553385360821187,0.1672
YJL194W,CDC6,Cell Division Cycle,-0.00554270351003115,0.38912
YNL309W,STB1,Sin Three Binding protein,-0.00554375308086436,0.20457
YMR273C,ZDS1,Zillion Different Screens,-0.00554976202913292,0.17777
YJL039C,NUP192,NUclear Pore,-0.00555299343222527,0.14086
YGR166W,TRS65,TRapp Subunit,-0.00555344257821864,0.18753
YGR221C,TOS2,Target Of Sbf,-0.00556188906231289,0.33415
YDL225W,SHS1,Seventh Homolog of Septin,-0.00556622573039541,0.26147
YBL014C,RRN6,Regulation of RNA polymerase I,-0.0055674973550182,0.28696
YML025C,YML6,NA,-0.00558151351898376,0.4145
YEL053C,MAK10,MAintenance of Killer,-0.00558725588265531,0.10941
YNL169C,PSD1,PhosphatidylSerine Decarboxylase,-0.00559235688609541,0.34845
YAL058W,CNE1,CalNExin and calreticulin homolog,-0.00559393185052006,0.09268
YLR403W,SFP1,Split Finger Protein,-0.00560047463684783,0.27219
YBR185C,MBA1,Multi-copy Bypass of AFG3,-0.00560293767217813,0.46462
YOL066C,RIB2,RIBoflavin biosynthesis,-0.00560598592743391,0.23887
YKL074C,MUD2,Mutant U1 Die,-0.00561308776596493,0.33648
YOR346W,REV1,REVersionless,-0.00561438931036216,0.13824
YJR042W,NUP85,NUclear Pore,-0.00561532241247664,0.12829
YPR057W,BRR1,Bad Response to Refrigeration,-0.00561700564756678,0.13135
YNL284C,MRPL10,"Mitochondrial Ribosomal Protein, Large subunit",-0.00562125285660236,0.4552
YIL114C,POR2,PORin,-0.00562470046268068,0.3369
YPL213W,LEA1,Looks Exceptionally like U2A,-0.00562655902762001,0.18959
YNR051C,BRE5,BREfeldin A sensitivity,-0.00562941625345541,0.33638
YBL062W,NA,NA,-0.00563304691365674,0.27159
YLR274W,MCM5,MiniChromosome Maintenance,-0.00563377161009975,0.37108
YHR119W,SET1,SET domain-containing,-0.00563850519753895,0.08145
YBL043W,ECM13,ExtraCellular Mutant,-0.0056411707417542804,0.40776
YNR025C,NA,NA,-0.00565340108790181,0.22075
YJL115W,ASF1,Anti-Silencing Function,-0.0056633264755978,0.29313
YLR314C,CDC3,Cell Division Cycle,-0.00566380155673891,0.33489
YLR393W,ATP10,ATP synthase,-0.00566389693550866,0.22857
YDR413C,NA,NA,-0.00566726810866743,0.26853
YCR087W,NA,NA,-0.00567940776075193,0.22271
YOR092W,ECM3,ExtraCellular Mutant,-0.0056795086551477,0.34373
YDL152W,NA,NA,-0.0056896183250082,0.2241
YEL020W-A,TIM9,Translocase of the Inner Mitochondrial membrane,-0.00569790247849401,0.4445
YFR036W,CDC26,Cell Division Cycle,-0.00570533777840735,0.29126
YGL232W,TAN1,Trna AcetylatioN,-0.00570945487812409,0.18629
YOR295W,UAF30,Upstream Activation Factor subunit,-0.00570982587358229,0.07142
YJL222W,VTH2,Vps Ten Homolog,-0.00571928210622692,0.31377
YDL064W,UBC9,UBiquitin-Conjugating,-0.00572385474940342,0.20193
YDL066W,IDP1,"Isocitrate Dehydrogenase, NADP-specific",-0.00572981756512754,0.4295
YBR164C,ARL1,ADP-Ribosylation factor-Like,-0.0057316408310246,0.17265
YDR139C,RUB1,Related to UBiquitin,-0.00573779748738499,0.21873
YDR268W,MSW1,"Mitochondrial aminoacyl-tRNA Synthetase, tryptophan (W)",-0.00575466202017556,0.43148
YGR021W,DPC29,Delta-Psi dependent mitochondrial import and Cleavage protein of ~29 kDa,-0.00576284406227882,0.44791
YLL010C,PSR1,Plasma membrane Sodium Response,-0.00576551035194389,0.32694
YNL114C,NA,NA,-0.005775316910218,0.30783
YCL029C,BIK1,BIlateral Karyogamy defect,-0.0057846234356177,0.08288
YEL015W,EDC3,Enhancer of mRNA DeCapping,-0.00579696235313079,0.09751
YLR057W,MNL2,MaNnosidase-Like protein,-0.00580798929349084,0.28276
YIR008C,PRI1,DNA PRImase,-0.00581005533854329,0.09114
YJL012C,VTC4,Vacuolar Transporter Chaperone,-0.00581386964480355,0.10861
YGL061C,DUO1,Death Upon Overproduction,-0.00583424805069034,0.18557
YNL311C,SKP2,homology with human SKP2,-0.00583643282724451,0.18892
YNL213C,RRG9,Required for Respiratory Growth,-0.00583683670749185,0.24308
YLR067C,PET309,PETite colonies,-0.00584278192563584,0.1921
YJR055W,HIT1,HIgh Temperature growth,-0.00584341190237866,0.32304
YJL014W,CCT3,Chaperonin Containing TCP-1,-0.00585057812133149,0.10983
YDR167W,TAF10,TATA binding protein-Associated Factor,-0.00585243953751007,0.33231
YGR017W,NA,NA,-0.00585845905082243,0.14187
YIL035C,CKA1,Casein Kinase Alpha subunit,-0.00585924766366017,0.13915
YJL143W,TIM17,Translocase of the Inner Mitochondrial membrane,-0.00586170427247375,0.41158
YJL035C,TAD2,tRNA-specific Adenosine Deaminase,-0.005864209195759,0.18731
YPR153W,MAY24,genetic interaction profile similarity to MTC Annotated Yeast genes MTC2 and MTC4,-0.00587354576556691,0.19477
YNL068C,FKH2,ForK head Homolog,-0.00587371798395942,0.24669
YNL085W,MKT1,Maintenance of K2 Killer Toxin,-0.00587537395370335,0.12294
YFR013W,IOC3,Iswi One Complex,-0.00587922028167758,0.12633
YBR243C,ALG7,Asparagine-Linked Glycosylation,-0.00588267292769562,0.3167
YLL021W,SPA2,Spindle Pole Antigen,-0.00588628310881314,0.15332
YJL072C,PSF2,Partner of Sld Five,-0.00588970200192211,0.23621
YHR098C,SFB3,Sed Five Binding,-0.00589488181383369,0.1766
YDR464W,SPP41,Suppressor of PrP4,-0.0059185694848583,0.19143
YNL323W,LEM3,Ligand-Effect Modulator,-0.0059275453406313,0.1895
YPL080C,NA,NA,-0.00593040434610601,0.22325
YIL044C,AGE2,ArfGAP Effector,-0.00593134167049974,0.11991
YGL077C,HNM1,Hyper-resistance to Nitrogen Mustard,-0.00593523095067389,0.2546
YCR027C,RHB1,RHeB homolog,-0.0059390022089889,0.10464
YFR031C,SMC2,Structural Maintenance of Chromosomes,-0.00594280206098834,0.23218
YMR193C-A,NA,NA,-0.00594811875897605,0.2264
YKL178C,STE3,STErile,-0.00596290087300682,0.26268
YIL132C,CSM2,Chromosome Segregation in Meiosis,-0.00596340030388056,0.17327
YLR147C,SMD3,NA,-0.00597266576670811,0.15092
YMR187C,NA,NA,-0.00597730250048553,0.09797
YBR069C,TAT1,Tyrosine and tryptophan Amino acid Transporter,-0.00598282385819582,0.27602
YGL177W,NA,NA,-0.00598288757493288,0.22359
YGL214W,NA,NA,-0.00599388987434088,0.23803
YOL095C,HMI1,Helicase in MItochondria,-0.00599769745021234,0.11689
YKL110C,KTI12,Kluveromyces lactis Toxin Insensitive,-0.00600077992248806,0.21517
YDR365C,ESF1,Eighteen S rRNA Factor,-0.00600152564477191,0.40639
YML019W,OST6,OligoSaccharylTransferase,-0.00602660052007331,0.14378
YHR099W,TRA1,similar to human TRRAP,-0.00603528122890767,0.16781
YOR370C,MRS6,Mitochondrial RNA Splicing,-0.00603944111484222,0.16527
YGR001C,EFM5,Elongation Factor Methyltransferase,-0.00603980121373292,0.24846
YDR440W,DOT1,Disruptor Of Telomeric silencing,-0.00604059737851104,0.16989
YER092W,IES5,Ino Eighty Subunit,-0.00604328848202552,0.23846
YPL246C,RBD2,NA,-0.00605061823137949,0.24343
YBR060C,ORC2,Origin Recognition Complex,-0.00605373990949627,0.1373
YOR315W,SFG1,SuperFicial pseudohyphal Growth,-0.0060542249191731,0.44491000000000003
YDR308C,SRB7,Suppressor of RNA polymerase B,-0.00605934069272849,0.16158
YDR326C,YSP2,Yeast Suicide Protein,-0.00607100211644006,0.15624
YJR075W,HOC1,Homologous to OCh1,-0.0060725482637183,0.12565
YOR151C,RPB2,RNA Polymerase B,-0.00608615503172181,0.14606
YMR005W,TAF4,TATA binding protein-Associated Factor,-0.00608748180413437,0.11178
YPL145C,KES1,KrE11-1 Suppressor,-0.00610718666352879,0.15737
YPL254W,HFI1,Histone H2A Functional Interactor,-0.0061073268037835,0.26194
YEL018W,EAF5,Esa1p-Associated Factor,-0.00611047931090941,0.24116
YGL203C,KEX1,Killer EXpression defective,-0.00611101240078273,0.0786
YLR245C,CDD1,CytiDine Deaminase,-0.00611551615078996,0.17803
YJL212C,OPT1,OligoPeptide Transporter,-0.00612014455568133,0.31036
YGR177C,ATF2,AcetylTransFerase,-0.00612165205284943,0.14606
YNL186W,UBP10,UBiquitin-specific Protease,-0.00612665566119871,0.38266
YOR159C,SME1,Sm protein E,-0.00614037513971835,0.10027
YNL316C,PHA2,PHenylAlanine requiring,-0.00614614085881136,0.18224
YDR410C,STE14,STErile,-0.00615298088657119,0.20202
YPL058C,PDR12,Pleiotropic Drug Resistance,-0.00615474211153932,0.40239
YNL040W,NA,NA,-0.00615554508742873,0.22265
YLR187W,SKG3,Suppressor of lethality of Kex2 Gas1 double null mutant,-0.00615671961429229,0.1425
YNL326C,PFA3,Protein Fatty Acyltransferase,-0.00615804991047948,0.17101
YKL083W,NA,NA,-0.00616095579316345,0.29105
YIL165C,NA,NA,-0.00616552033525684,0.20002
YDL209C,CWC2,Complexed With Cef1p,-0.00616674960883651,0.34818
YOL076W,MDM20,Mitochondrial Distribution and Morphology,-0.00616958874435316,0.14595
YOL045W,PSK2,Pas domain-containing Serine/threonine protein Kinase,-0.00618223104926011,0.17288
YBR288C,APM3,clathrin Adaptor Protein complex Medium chain,-0.0061837064501746,0.13838
YBR282W,MRPL27,"Mitochondrial Ribosomal Protein, Large subunit",-0.00618550016844414,0.45242
YFR056C,NA,NA,-0.00618861528481195,0.2468
YGL001C,ERG26,ERGosterol biosynthesis,-0.00619200227324254,0.39935
YKL079W,SMY1,Suppressor of MYo2-66,-0.00619245884956858,0.20504
YDL073W,AHK1,Associated with HKr1,-0.00619496117225662,0.10681
YBR130C,SHE3,Swi5p-dependent HO Expression,-0.00620615229675908,0.16468
YGL014W,PUF4,PUmilio-homology domain Family,-0.00622253581983995,0.15544
YPL181W,CTI6,Cyc8-Tup1 Interacting protein,-0.00622772479853237,0.11159
YDR515W,SLF1,SuLFide production,-0.00623120803961556,0.25363
YNL108C,NA,NA,-0.00623930859407323,0.14535
YDR295C,HDA2,Histone DeAcetylase,-0.00624387320151923,0.09571
YGL063W,PUS2,PseudoUridine Synthase,-0.00624899737783045,0.18638
YER044C-A,MEI4,MEIosis-specific,-0.00626434975448157,0.23189
YKL063C,NA,NA,-0.00626897708613018,0.18121
YOR307C,SLY41,Suppressor of Loss of Ypt1,-0.00627082429632758,0.31065
YPL063W,TIM50,Translocase of the Inner Mitochondrial membrane,-0.00627348752821051,0.21982
YPR073C,LTP1,Low molecular weight protein Tyrosine Phosphatase,-0.00628181496639413,0.24096
YOR274W,MOD5,tRNA MODification,-0.00628945630735761,0.2307
YJL168C,SET2,SET domain-containing,-0.00628986145570537,0.11859
YOR098C,NUP1,NUclear Pore,-0.00630606784629971,0.2659
YLR018C,POM34,POre Membrane,-0.00630919370118218,0.25
YMR013C,SEC59,SECretory,-0.00631312664699916,0.252
YNR014W,NA,NA,-0.00631317797408318,0.28917
YGL071W,AFT1,Activator of Ferrous Transport,-0.00631956612235246,0.09744
YPR065W,ROX1,Regulation by OXygen,-0.00633583457178557,0.41727
YPR017C,DSS4,Dominant Suppressor of Sec4,-0.00633984354138129,0.12012
YMR042W,ARG80,ARGinine requiring,-0.00634893335409676,0.21647
YNR075W,COS10,COnserved Sequence,-0.00635215431393968,0.233
YHR162W,MPC2,Mitochondrial Pyruvate Carrier,-0.00635497459647595,0.20414
YNL199C,GCR2,GlyColysis Regulation,-0.00637077334038123,0.21965
YER183C,FAU1,Folinic Acid Utilization,-0.0063751862544251,0.20351
YMR129W,POM152,POre Membrane,-0.00638206437582564,0.07699
YCL024W,KCC4,NA,-0.00638284064394346,0.24709
YOL130W,ALR1,ALuminum Resistance,-0.00640006465868407,0.25728
YGR004W,PEX31,PEroXisome related,-0.00640318442195465,0.07916
YMR214W,SCJ1,S. Cerevisiae DnaJ,-0.00640667122259789,0.20807
YBR242W,NA,NA,-0.00640699958140789,0.31346
YGL174W,BUD13,BUD site selection,-0.00642272589461147,0.11463
YHR167W,THP2,THO2 - HPR1 Phenotype,-0.00642574648314106,0.09707
YDR094W,NA,NA,-0.00643104574204531,0.3048
YOL115W,PAP2,Poly(A) Polymerase,-0.00644206073978515,0.26617
YDL102W,POL3,POLymerase,-0.00644280892568991,0.14334
YLL067C,NA,NA,-0.006455041156382,0.32221
YJL130C,URA2,URAcil requiring,-0.00646253172988463,0.1864
YMR195W,ICY1,Interacting with the CYtoskeleton,-0.00647575264251682,0.4236
YOL023W,IFM1,Initiation Factor of Mitochondria,-0.0064781649199444,0.42205
YKR085C,MRPL20,"Mitochondrial Ribosomal Protein, Large subunit",-0.00648762171008304,0.45487
YCR002C,CDC10,Cell Division Cycle,-0.00649141795296216,0.26911
YHR193C,EGD2,Enhancer of Gal4 DNA binding,-0.00650840137737387,0.20829
YGL068W,MNP1,Mitochondrial-Nucleoid Protein,-0.00652180491479202,0.46185
YOL140W,ARG8,ARGinine requiring,-0.00652342134433704,0.42369
YOR047C,STD1,Suppressor of Tbp Deletion,-0.00652789002194479,0.35362
YDR235W,PRP42,Pre-mRNA Processing,-0.00652911826513884,0.10091
YER132C,PMD1,Paralog of MDS3,-0.00654298071153047,0.16118
YBR275C,RIF1,RAP1-Interacting Factor,-0.00654933342086312,0.14812
YNL005C,MRP7,Mitochondrial Ribosomal Protein,-0.00655561940077785,0.43959
YEL043W,GTA1,Golgi vesicle Trafficking Associated,-0.00655822761480716,0.14271
YIL121W,QDR2,QuiniDine Resistance,-0.00655966986255876,0.36428
YER060W,FCY21,FluoroCYtosine resistance,-0.00656110824833939,0.27868
YMR223W,UBP8,UBiquitin-specific processing Protease,-0.00656360749752149,0.22429
YDR420W,HKR1,Hansenula mrakii Killer toxin Resistant,-0.0065652251481385,0.22385
YAR068W,NA,NA,-0.00657037554316628,0.17582
YBR015C,MNN2,MaNNosyltransferase,-0.00657180664222633,0.33448
YDR135C,YCF1,Yeast Cadmium Factor,-0.00658515487495607,0.2442
YPL067C,HTC1,Histidine Triad with Channel,-0.00660398416753266,0.36876
YMR179W,SPT21,SuPpressor of Ty,-0.0066068211803332,0.26643
YLR287C-A,RPS30A,Ribosomal Protein of the Small subunit,-0.00660746791739984,0.25848
YIL147C,SLN1,Synthetic Lethal of N-end rule,-0.00660779352445737,0.09376
YPL038W,MET31,METhionine requiring,-0.0066154890837772096,0.3048
YDL069C,CBS1,Cytochrome B Synthesis,-0.00663372458072618,0.23256
YCR092C,MSH3,MutS Homolog,-0.00663387469151792,0.11355
YNL137C,NAM9,Nuclear Accommodation of Mitochondria,-0.00663698835109702,0.42826
YER085C,NA,NA,-0.00664080267431756,0.21572
YNL140C,NA,NA,-0.00667062217591076,0.20599
YGR065C,VHT1,Vitamin H Transporter,-0.00668029233407326,0.37805
YLR455W,PDP3,PWWP Domain-containing Protein,-0.00668108444219861,0.1782
YGR215W,RSM27,Ribosomal Small subunit of Mitochondria,-0.00669425512132404,0.42356
YDR393W,SHE9,Sensitivity to High Expression,-0.00670185138447757,0.35889
YER151C,UBP3,UBiquitin-specific Protease,-0.00670429567748556,0.18725
YMR277W,FCP1,tfiiF-associating component of Ctd Phosphatase,-0.00670475979661091,0.15784
YLR358C,NA,NA,-0.00670526382121067,0.20589
YBR175W,SWD3,"Set1c, WD40 repeat protein",-0.00670629542396642,0.2148
YJR043C,POL32,POLymerase,-0.00671350931366959,0.1519
YGL020C,GET1,Guided Entry of Tail-anchored proteins,-0.00671405017025276,0.19174
YBR033W,EDS1,Expression Dependent on Slt2,-0.00672251871271995,0.40334
YPL173W,MRPL40,"Mitochondrial Ribosomal Protein, Large subunit",-0.00672655387570411,0.43686
YNL303W,NA,NA,-0.00672850359974146,0.24098
YDR210W,NA,NA,-0.00673076517815619,0.35652
YGR072W,UPF3,UP Frameshift,-0.00674203886296692,0.25954
YGL143C,MRF1,Mitochondrial peptide chain Release Factor,-0.00674396167423877,0.41463
YPR141C,KAR3,KARyogamy,-0.00674546390836731,0.23392
YPL235W,RVB2,RuVB-like,-0.00674906493880074,0.23006
YGR040W,KSS1,Kinase Suppressor of Sst2 mutations,-0.00675815537193287,0.07559
YJL073W,JEM1,DnaJ-like protein of the ER Membrane,-0.0067701289427337,0.15762
YGL049C,TIF4632,Translation Initiation Factor,-0.00677544787154228,0.10008
YHR122W,CIA2,Cytosolic Iron-sulfur protein Assembly,-0.00678173214095043,0.17156
YBL018C,POP8,Processing Of Precursor RNAs,-0.0067988592694273,0.31903
YLR398C,SKI2,SuperKIller,-0.00680230998931963,0.1738
YGR058W,PEF1,Penta-EF-Hand protein,-0.00680408774049547,0.08094
YDR175C,RSM24,Ribosomal Small subunit of Mitochondria,-0.00680732060878474,0.43093
YEL019C,MMS21,Methyl MethaneSulfonate sensitivity,-0.0068081946543241,0.23621
YDR316W,OMS1,OXA1 Multicopy Suppressor,-0.00681801521627287,0.4424
YEL031W,SPF1,Sensitivity to Pichia Farinosa killer toxin,-0.00682392599752462,0.30564
YPR161C,SGV1,Suppressor of Gpa1-Val50 mutation,-0.00682525856675544,0.19704
YHR153C,SPO16,SPOrulation,-0.00682648818980546,0.3139
YLR200W,YKE2,Yeast ortholog of mouse KE2,-0.00683359464091273,0.09798
YBL026W,LSM2,Like SM,-0.00683549937131915,0.15723
YLR130C,ZRT2,Zinc-Regulated Transporter,-0.00684343376599499,0.2963
YJL096W,MRPL49,"Mitochondrial Ribosomal Protein, Large subunit",-0.00684437156399378,0.4375
YLR016C,PML1,Pre-mRNA Leakage,-0.00684797036365854,0.17975
YLR347C,KAP95,KAryoPherin,-0.00685315028783025,0.21766
YNR075W,COS10,COnserved Sequence,-0.00686036340071272,0.21508
YLR434C,NA,NA,-0.00686224431563661,0.17943
YFR002W,NIC96,Nucleoporin-Interacting Component of 96 kDa,-0.00686559454603585,0.14534
YDL189W,RBS1,RNA-Binding Suppressor of PAS kinase,-0.0068671701810248,0.15167
YMR078C,CTF18,Chromosome Transmission Fidelity,-0.00686731395471768,0.27276
YLR335W,NUP2,NUclear Pore,-0.00689228304576545,0.08177
YDL235C,YPD1,tYrosine Phosphatase Dependent,-0.00689461675870298,0.12116
YJL134W,LCB3,Long-Chain Base,-0.00689695074141641,0.10524
YKL088W,CAB3,Coenzyme A Biosynthesis,-0.006931684507633,0.134
YIR021W,MRS1,Mitochondrial RNA Splicing,-0.00693648273285176,0.34206
YMR188C,MRPS17,"Mitochondrial Ribosomal Protein, Small subunit",-0.00693764774673924,0.43376
YLR090W,XDJ1,NA,-0.00695044997169304,0.40572
YJL145W,SFH5,Sec Fourteen Homolog,-0.00696225834497769,0.13466
YGL050W,TYW3,Trna-YW synthesizing protein,-0.00698477992031102,0.13368
YBR065C,ECM2,ExtraCellular Mutant,-0.00698541453143042,0.27052
YBR195C,MSI1,Multicopy Suppressor of IRA1,-0.0069862693279441,0.27698
YCL002C,NA,NA,-0.00699126024766482,0.15732
YJL181W,RBH1,Ran Binding domain Homolog,-0.00699331725215324,0.24461
YIR032C,DAL3,Degradation of Allantoin,-0.00699546969198375,0.40756
YEL050C,RML2,Ribosomal Mitochondrial Large,-0.00700155244304639,0.43822
YIL038C,NOT3,Negative On TATA,-0.00700573227639018,0.12527
YKL101W,HSL1,Histone Synthetic Lethal,-0.00700997606564642,0.29757
YML061C,PIF1,Petite Integration Frequency,-0.00701862529307103,0.10422
YBL079W,NUP170,NUclear Pore,-0.00702237752998049,0.22569
YBR030W,RKM3,Ribosomal lysine (K) Methyltransferase,-0.00702905705956245,0.11816
YDR213W,UPC2,UPtake Control,-0.00703563145004989,0.23941
YNL035C,NA,NA,-0.00704364287809875,0.07293
YJL061W,NUP82,NUclear Pore,-0.00704899045090623,0.13818
YML036W,CGI121,homolog of human CGI-121,-0.00705131442825019,0.14339
YOL142W,RRP40,Ribosomal RNA Processing,-0.00705194302940033,0.33685
YGR217W,CCH1,Calcium Channel Homolog,-0.00705767616784798,0.22953
YGR063C,SPT4,SuPpressor of Ty's,-0.00706683453111032,0.15648
YJR079W,NA,NA,-0.0070678186449042,0.30972
YGR001C,EFM5,Elongation Factor Methyltransferase,-0.00707849814217224,0.24675
YBL036C,NA,NA,-0.0070785104303401,0.21828
YHR123W,EPT1,EthanolaminePhosphoTransferase,-0.00708373740913306,0.16792
YKR016W,MIC60,MItochondrial contact site and Cristae organizing system,-0.00709189695475313,0.42698
YMR003W,AIM34,Altered Inheritance rate of Mitochondria,-0.00709229591111346,0.42168
YJR032W,CPR7,Cyclosporin-sensitive Proline Rotamase,-0.00710579439165192,0.10296
YLR272C,YCS4,Yeast Condensin Subunit,-0.00710622176070473,0.12172
YNL206C,RTT106,Regulator of Ty1 Transposition,-0.00711002579232498,0.13994
YDR261C,EXG2,"EXo-1,3-beta-Glucanase",-0.00711371501469394,0.31405
YGL043W,DST1,DNA Strand Transfer,-0.00712262736776466,0.11093
YIL140W,AXL2,AXiaL 2 bud site selection,-0.00713089188387013,0.32964
YGR064W,NA,NA,-0.00713398118535275,0.25195
YPL137C,GIP3,Glc7 Interacting Protein,-0.00713511037014136,0.34146
YGR185C,TYS1,TYrosyl-tRNA Synthetase,-0.00714036162884816,0.18013
YHL029C,OCA5,Oxidant-induced Cell-cycle Arrest,-0.0071506570343908,0.27136
YFL031W,HAC1,Homologous to Atf/Creb1,-0.00715306102361296,0.36793
YOR187W,TUF1,NA,-0.00718309741927951,0.4471
YDR292C,SRP101,Signal Recognition Particle,-0.00718927152120182,0.1429
YEL003W,GIM4,Gene Involved in Microtubule biogenesis,-0.00719443535394264,0.15049
YMR235C,RNA1,rapid cessation of net RNA accumulation,-0.00720188990894371,0.12057
YBR206W,NA,NA,-0.00722724350595575,0.30106
YLR394W,CST9,Chromosome STability,-0.00725820931614084,0.24007
YLR451W,LEU3,LEUcine biosynthesis,-0.00726306712193756,0.30122
YLR059C,REX2,Rna EXonuclease,-0.00726613262870468,0.19669
YLL067C,NA,NA,-0.00726867766976458,0.30475
YGR260W,TNA1,Transporter of Nicotinic Acid,-0.00726948342232083,0.23624
YKL183W,LOT5,LOw Temperature-responsive,-0.00726988122993071,0.15691
YPR132W,RPS23B,Ribosomal Protein of the Small subunit,-0.00727629532898622,0.18572
YMR033W,ARP9,Actin-Related Protein,-0.00728025577261515,0.12711
YKL042W,SPC42,Spindle Pole Component,-0.00728195722948936,0.19444
YLR316C,TAD3,tRNA-specific Adenosine Deaminase,-0.0072969739265198,0.29069
YJL209W,CBP1,Cytochrome B mRNA Processing,-0.00729978841294744,0.13529
YOR169C,NA,NA,-0.00730295119057996,0.1627
YDR428C,BNA7,Biosynthesis of NAD,-0.00730598518811539,0.12627
YDR044W,HEM13,HEMe biosynthesis,-0.00730762166604459,0.12385
YJL192C,SOP4,Suppressor Of Pma1-7,-0.0073088909197539,0.08529
YIR023C-A,NA,NA,-0.00733887620049112,0.24514
YKR044W,UIP5,Ulp1 Interacting Protein,-0.00736491417761205,0.26371
YNR075W,COS10,COnserved Sequence,-0.00736715293671092,0.22288
YNL244C,SUI1,SUppressor of Initiator codon,-0.00736970932015352,0.15551
YGR140W,CBF2,Centromere-Binding Factor,-0.0073743795833225,0.10155
YOL094C,RFC4,Replication Factor C,-0.00737524119637454,0.20487
YDR217C,RAD9,RADiation sensitive,-0.00737986147093491,0.1008
YHR206W,SKN7,Suppressor of Kre Null,-0.00738665758427626,0.32043
YGL215W,CLG1,Cyclin-Like Gene,-0.00739079730903823,0.33922
YNR075W,COS10,COnserved Sequence,-0.00740316184783626,0.22971
YOR311C,DGK1,DiacylGlycerol Kinase,-0.00740459846107447,0.25426
YJL197W,UBP12,UBiquitin-specific Protease,-0.0074084671569461,0.12733
YBL055C,NA,NA,-0.0074179612888648,0.1499
YEL017C-A,PMP2,Plasma Membrane Proteolipid,-0.00742884358476257,0.14741
YAR073W,IMD1,IMP Dehydrogenase,-0.0074323195224042,0.28046
YMR091C,NPL6,Nuclear Protein Localization,-0.0074399340316586,0.07118
YAR066W,NA,NA,-0.00744471335623806,0.25313
YGR172C,YIP1,Ypt-Interacting Protein,-0.00744897142340001,0.08807
YDL217C,TIM22,Translocase of the Inner Mitochondrial membrane,-0.00745035685581077,0.13989
YER044C-A,MEI4,MEIosis-specific,-0.00745375197779075,0.19217
YER130C,COM2,Cousin of Msn2,-0.00745835964048902,0.09655
YPR124W,CTR1,Copper TRansport,-0.00746151793803748,0.18894
YBL008W,HIR1,HIstone Regulation,-0.00746268172250486,0.07134
YDL052C,SLC1,SphingoLipid Compensation,-0.00746971919951394,0.25199
YPR044C,OPI11,OverProducer of Inositol,-0.00747119017386842,0.19177
YOR127W,RGA1,Rho GTPase Activating Protein,-0.00748176946112307,0.15259
YOR323C,PRO2,PROline requiring,-0.00748293035918912,0.11042
YML105C,SEC65,SECretory,-0.0075008768550519,0.11163
YPR126C,NA,NA,-0.00750486099049291,0.17976
YKL223W,NA,NA,-0.00751264742711335,0.25099
YBR082C,UBC4,UBiquitin-Conjugating,-0.00751363997846407,0.12113
YGL107C,RMD9,Required for Meiotic nuclear Division,-0.00753335959773191,0.42235
YAR002W,NUP60,NUclear Pore,-0.00753789559710882,0.12171
YMR283C,RIT1,Ribosylation of Initiator tRNA,-0.00753874411949538,0.0723
YOR246C,ENV9,late ENdosome and Vacuole interface function,-0.00755544678641565,0.13638
YGR062C,COX18,Cytochrome c OXidase,-0.00755796343306741,0.3096
YPL204W,HRR25,HO and Radiation Repair,-0.00757137322957289,0.12575
YNR046W,TRM112,TRna Methyltransferase,-0.00757220067587005,0.22372
YGL092W,NUP145,NUclear Pore,-0.00757636611332948,0.11576
YNL273W,TOF1,TOpoisomerase I-interacting Factor,-0.00759878489718878,0.22365
YFL047W,RGD2,RhoGAP domain,-0.00759916391629648,0.10687
YOR297C,TIM18,Translocase of the Inner Mitochondrial membrane,-0.00760905464102304,0.16287
YDR337W,MRPS28,"Mitochondrial Ribosomal Protein, Small subunit",-0.00761460312492545,0.42909
YBR268W,MRPL37,"Mitochondrial Ribosomal Protein, Large subunit",-0.00762847206546255,0.43120000000000003
YKR045C,NA,NA,-0.00765007516107725,0.30527
YLR292C,SEC72,SECretory,-0.00765124121224035,0.1224
YNL210W,MER1,MEiotic Recombination,-0.00766505004845527,0.19604
YNL291C,MID1,Mating pheromone-Induced Death,-0.00766796239756406,0.10087
YJR077C,MIR1,Mitochondrial Import Receptor,-0.00768540410915906,0.40892
YJR101W,RSM26,Ribosomal Small subunit of Mitochondria,-0.00768744547857388,0.43261
YOR241W,MET7,METhionine requiring,-0.00769124891543238,0.06132
YBR162W-A,YSY6,NA,-0.00770510364199595,0.14587
YHR093W,AHT1,NA,-0.00770984094154375,0.2183
YIL128W,MET18,METhionine requiring,-0.00771722548496885,0.09636
YNL188W,KAR1,KARyogamy,-0.00772635240802223,0.15419
YDL121C,EXP1,ER eXport of Pma1,-0.00774029405978706,0.13282
YDL157C,NA,NA,-0.00774196163362324,0.14817
YDR267C,CIA1,Cytosolic Iron-sulfur protein Assembly,-0.00774676324328007,0.06045
YIL130W,ASG1,Activator of Stress Genes,-0.00775203923210102,0.35493
YER005W,YND1,Yeast Nucleoside Diphosphatase,-0.00775293768615065,0.08096
YLL036C,PRP19,Pre-RNA Processing,-0.00776057963555172,0.13047
YGR176W,NA,NA,-0.00776722386474776,0.25116
YAL024C,LTE1,Low Temperature Essential,-0.00777353664463111,0.10748
YNL185C,MRPL19,"Mitochondrial Ribosomal Protein, Large subunit",-0.00777437375109898,0.40453
YDR296W,MHR1,Mitochondrial Homologous Recombination,-0.0077825800181767,0.43052
YCR102W-A,NA,NA,-0.00778920855009553,0.1958
YKL154W,SRP102,Signal Recognition Particle,-0.00779798403984326,0.16764
YGR036C,CAX4,CAlmodulin-dependent in cmd one two twenty-siX,-0.00780188540543196,0.19169
YDR026C,NSI1,NTS1 SIlencing protein 1,-0.00780566866422807,0.10182
YHL026C,NA,NA,-0.00781228992611044,0.16253
YOL056W,GPM3,Glycerate PhosphoMutase,-0.00782240023622166,0.06746
YBR281C,DUG2,Deficient in Utilization of Glutathione,-0.00782677161480433,0.08698
YJL129C,TRK1,TRansport of potassium (K),-0.00783711054488801,0.11997
YDL164C,CDC9,Cell Division Cycle,-0.00784217343221251,0.27315
YDR249C,NA,NA,-0.0078478873446476,0.14746
YJL118W,NA,NA,-0.00785025074688874,0.20742
YEL065W,SIT1,Siderophore Iron Transport,-0.00786544060925121,0.3554
YLR439W,MRPL4,"Mitochondrial Ribosomal Protein, Large subunit",-0.00786628043470719,0.44245
YNL238W,KEX2,Killer EXpression defective,-0.00787681016230805,0.13079
YOR017W,PET127,PETite colonies,-0.007893860453935,0.20616
YFR001W,LOC1,LOCalization of mRNA,-0.0078971537758177,0.21249
YDR041W,RSM10,Ribosomal Small subunit of Mitochondria,-0.00789862843375768,0.4231
YPR020W,ATP20,ATP synthase,-0.00790345179212638,0.40177
YDR325W,YCG1,Yeast Cap G,-0.00793016952620595,0.11807
YHR107C,CDC12,Cell Division Cycle,-0.00793345478031705,0.10639
YNL283C,WSC2,cell Wall integrity and Stress response Component,-0.00793446508027825,0.38387
YIL021W,RPB3,RNA Polymerase B,-0.00793848593101013,0.14458
YOR269W,PAC1,Perish in the Absence of Cin8p,-0.00794357625894292,0.28544
YML011C,RAD33,RADiation sensitive,-0.00794908163763189,0.08355
YDR062W,LCB2,Long-Chain Base,-0.0079546481486062,0.18904
YDR097C,MSH6,MutS Homolog,-0.00795794244833959,0.29713
YDL080C,THI3,THIamine metabolism,-0.00796746627004528,0.13915
YBR245C,ISW1,Imitation SWitch subfamily,-0.00798739191056622,0.10341
YFL031W,HAC1,Homologous to Atf/Creb1,-0.00798964048593374,0.31528
YOL078W,AVO1,Adheres VOraciously (to TOR2),-0.00799479369231932,0.07437
YER072W,VTC1,Vacuolar Transporter Chaperone,-0.00799816901369731,0.13202
YJR119C,JHD2,JmjC domain-containing Histone Demethylase,-0.00800133495484169,0.15275
YJR015W,NA,NA,-0.00801039213803139,0.11444
YLR253W,CQD2,CoQ Distribution,-0.00801504028690014,0.42045
YBR239C,ERT1,Ethanol Regulated Transcription factor,-0.00802039136432352,0.16403
YMR240C,CUS1,Cold sensitive U2 snRNA Suppressor,-0.00802672466274183,0.05564
YPL108W,NA,NA,-0.00802993519745739,0.20478
YNL154C,YCK2,Yeast Casein Kinase,-0.00805293347944214,0.14217
YJL054W,TIM54,Translocase of the Inner Mitochondrial membrane,-0.00805573646588953,0.22398
YKR063C,LAS1,Lethal in the Absence of SSD1-v,-0.00805790414625182,0.34558
YJR111C,PXP2,PeroXisomal Protein,-0.0080601863143770491,0.34823
YDR158W,HOM2,HOMoserine requiring,-0.00806254909767038,0.13499
YBL077W,NA,NA,-0.00806897926379116,0.20911
YHR133C,NSG1,NA,-0.0080692843235478,0.09601
YJL087C,TRL1,tRNA Ligase,-0.00807696062316783,0.15233
YOL033W,MSE1,"Mitochondrial aminoacyl-tRNA Synthetase, Glutamate (E)",-0.00809214953336413,0.41055
YDL068W,NA,NA,-0.00809500049780976,0.2046
YPL153C,RAD53,RADiation sensitive,-0.00810688623820697,0.19457
YDL180W,NA,NA,-0.00811124683558555,0.18358
YDR257C,RKM4,Ribosomal lysine (K) Methyltransferase,-0.00811147036147157,0.14407
YIR023W,DAL81,Degradation of Allantoin,-0.00811621638209998,0.0698
YOR115C,TRS33,TRapp Subunit,-0.00812632527538446,0.06664
YMR121C,RPL15B,Ribosomal Protein of the Large subunit,-0.0081332015557186,0.14785
YOL103W,ITR2,myo-Inositol TRansporter,-0.00813583785070545,0.13775
YLR405W,DUS4,DihydroUridine Synthase,-0.00813911956122642,0.13866
YML099C,ARG81,ARGinine requiring,-0.00814441222186509,0.10979
YDR489W,SLD5,Synthetic Lethality with Dpb11-1,-0.00815969283797657,0.10016
YPL241C,CIN2,Chromosome INstability,-0.00816625698439887,0.24329
YGR233C,PHO81,PHOsphate metabolism,-0.00817735203327273,0.16446
YPR120C,CLB5,CycLin B,-0.00819775294640914,0.23674
YBR182C,SMP1,Second MEF2-like Protein 1,-0.00820020925775263,0.14106
YJL107C,NA,NA,-0.00820815595085164,0.22703
YGR027C,RPS25A,Ribosomal Protein of the Small subunit,-0.00821280865572967,0.13579
YPL244C,HUT1,Homolog of UDP-galactose Transporter,-0.00822083850463574,0.09489
YBL029W,NA,NA,-0.00822596109814208,0.24108
YMR039C,SUB1,SUppressor of TFIIB mutations,-0.00822836140369713,0.16816
YOR368W,RAD17,RADiation sensitive,-0.00823743168634759,0.12878
YBR002C,RER2,Retention in the Endoplasmic Reticulum,-0.00824657444402198,0.37593
YHR142W,CHS7,CHitin Synthase-related,-0.00825007461852718,0.29902
YJL193W,NA,NA,-0.00825772326189635,0.34621
YJL183W,MNN11,MaNNosyltransferase,-0.00826939054196014,0.25663
YOR182C,RPS30B,Ribosomal Protein of the Small subunit,-0.00827054040800799,0.15533
YLR412W,BER1,Benomyl REsistant 1,-0.00827889730912547,0.1548
YCL024W,KCC4,NA,-0.00828523967964344,0.23099
YKL184W,SPE1,SPErmidine auxotroph,-0.00828683047713865,0.14322
YIL093C,RSM25,Ribosomal Small subunit of Mitochondria,-0.00829645366029055,0.40998
YAR014C,BUD14,BUD site selection,-0.00829828605347912,0.08044
YLR380W,CSR1,Chs5 Spa2 Rescue,-0.00830884045043527,0.14053
YKL073W,LHS1,Lumenal Hsp Seventy,-0.00831074189615081,0.08638
YLR383W,SMC6,Structural Maintenance of Chromosomes,-0.008313217760548,0.20206
YLR075W,RPL10,Ribosomal Protein of the Large subunit,-0.00832253642549208,0.15867
YML006C,GIS4,GIg1-2 Suppressor,-0.0083229971626813,0.13659
YBL021C,HAP3,Heme Activator Protein,-0.00832583562776171,0.29031
YAL044C,GCV3,GlyCine cleaVage,-0.00832690325261569,0.17799
YDL189W,RBS1,RNA-Binding Suppressor of PAS kinase,-0.0083560907856171,0.23803
YHR045W,NA,NA,-0.00836216992581046,0.06535
YOL090W,MSH2,MutS Homolog,-0.00836520661198738,0.20935
YMR132C,JLP2,dnaJ-Like Protein,-0.00836791003607406,0.15953
YCR035C,RRP43,Ribosomal RNA Processing,-0.00838700940647802,0.3233
YMR193W,MRPL24,"Mitochondrial Ribosomal Protein, Large subunit",-0.00838922003030925,0.42756
YDL092W,SRP14,Signal Recognition Particle,-0.00839448955838042,0.13441
YPR169W,JIP5,Jumonji domain Interacting Protein,-0.00839481542690709,0.2047
YPL169C,MEX67,Messenger RNA EXport factor of 67 kDa,-0.00840244085658918,0.14759
YLR420W,URA4,URAcil requiring,-0.00840538842453008,0.08963
YCR003W,MRPL32,"Mitochondrial Ribosomal Protein, Large subunit",-0.00841025757371495,0.42281
YOR067C,ALG8,Asparagine-Linked Glycosylation,-0.00841661849039059,0.1182
YHR042W,NCP1,NADP-Cytochrome P450 reductase,-0.00842002490471995,0.09994
YLR139C,SLS1,Synthetic Lethal with SSM4,-0.00842539826747898,0.20285
YDR222W,NA,NA,-0.00844135531575028,0.25385
YBL093C,ROX3,Regulation by OXygen,-0.00844349406098811,0.34821
YLR264C-A,NA,NA,-0.00844464326724943,0.24612
YEL045C,NA,NA,-0.00845742428863804,0.19414
YPR062W,FCY1,FluoroCYtosine resistance,-0.00845746098906309,0.20289
YDR441C,APT2,Adenine PhosphoribosylTransferase,-0.00846721743800644,0.05692
YJL174W,KRE9,Killer toxin REsistant,-0.00847001936749688,0.16702
YGR020C,VMA7,Vacuolar Membrane Atpase,-0.00847307612337363,0.1206
YBL023C,MCM2,MiniChromosome Maintenance,-0.0084858196850197,0.16007
YFL028C,CAF16,CCR4 Associated Factor,-0.00848955358529559,0.08684
YJR067C,YAE1,NA,-0.00849125570060059,0.11027
YDL098C,SNU23,Small NUclear ribonucleoprotein associated,-0.00849215305514616,0.08601
YPR080W,TEF1,Translation Elongation Factor,-0.00851583992774803,0.18482
YDR190C,RVB1,RuVB-like,-0.00851716139534934,0.2974
YNL095C,NA,NA,-0.0085221601636233,0.21514
YNL191W,DUG3,Deficient in Utilization of Glutathione,-0.0085400550743989,0.33487
YOR074C,CDC21,Cell Division Cycle,-0.00854554519080277,0.27501
YBR055C,PRP6,Pre-mRNA Processing,-0.00854780159824069,0.15709
YAL035W,FUN12,Function Unknown Now,-0.00856712300926126,0.112
YGL040C,HEM2,HEMe biosynthesis,-0.00857222248197284,0.39952
YGR027C,RPS25A,Ribosomal Protein of the Small subunit,-0.00857308572421796,0.19981
YIL022W,TIM44,Translocase of the Inner Mitochondrial membrane,-0.00858591602213791,0.31789
YOR048C,RAT1,Ribonucleic Acid Trafficking,-0.00858780384345217,0.19422
YDR046C,BAP3,Branched-chain Amino acid Permease,-0.00863406665306661,0.13357
YPR004C,AIM45,Altered Inheritance rate of Mitochondria,-0.00864203142410843,0.3134
YDR020C,DAS2,Dst1-delta 6-Azauracil Sensitivity,-0.0086420883168954,0.137
YCR037C,PHO87,PHOsphate metabolism,-0.00864945448588841,0.06517
YOR390W,FEX1,NA,-0.00865004503349538,0.25633
YOR299W,BUD7,BUD site selection,-0.00865908261296371,0.10827
YNR058W,BIO3,BIOtin,-0.00866127683790606,0.22145
YAL007C,ERP2,Emp24p/Erv25p Related Protein,-0.00866883571464259,0.23703
YIL159W,BNR1,BNi1 Related,-0.00867359655138482,0.07722
YHR024C,MAS2,Mitochondrial ASsembly,-0.00867487188290962,0.34866
YNL087W,TCB2,Three Calcium and lipid Binding domains (TriCalBins),-0.00867682640286111,0.08751
YDR469W,SDC1,"Set1c, homolog of Dpy30 from C.elegans",-0.00867971711098986,0.13382
YIL134W,FLX1,FLavin eXchange,-0.00868614951498492,0.15434
YHR084W,STE12,STErile,-0.00869264275742377,0.10474
YDR493W,MZM1,Mitochondrial Zinc Maintenance,-0.00870060377847066,0.40016
YML046W,PRP39,Pre-mRNA Processing,-0.00870119732140955,0.07841
YPL144W,POC4,PrOteasome Chaperone,-0.00870855642022503,0.09693
YLR084C,RAX2,NA,-0.00871209559345992,0.27832
YMR038C,CCS1,Copper Chaperone for SOD1,-0.00871301583925838,0.19739
YPL088W,NA,NA,-0.00871913143036554,0.13558
YFL031W,HAC1,Homologous to Atf/Creb1,-0.00872012436100602,0.31774
YCR020W-B,HTL1,High-Temperature Lethal,-0.00872098023008675,0.11656999999999999
YER154W,OXA1,cytochrome OXidase Activity,-0.00872450585747552,0.31261
YDR331W,GPI8,GlycosylPhosphatidylInositol anchor biosynthesis,-0.00873048645547759,0.04223
YLR215C,CDC123,Cell Division Cycle,-0.00873442273973484,0.20051
YGL211W,NCS6,Needs Cla4 to Survive,-0.00874434733882487,0.30859
YOR136W,IDH2,Isocitrate DeHydrogenase,-0.00874966960261873,0.43354
YNL174W,NA,NA,-0.00875636874883179,0.21744
YDR049W,VMS1,VCP/Cdc48-associated Mitochondrial Stress-responsive,-0.00877671998743584,0.1535
YJL079C,PRY1,Pathogen Related in Yeast,-0.00877692274977126,0.23761
YBR085W,AAC3,ADP/ATP Carrier,-0.00877720397769859,0.20638
YBL071C,NA,NA,-0.00878449616458734,0.30048
YHR072W,ERG7,ERGosterol biosynthesis,-0.00879146316376632,0.08692
YGR165W,MRPS35,"Mitochondrial Ribosomal Protein, Small subunit",-0.00879896825680134,0.42497
YNL232W,CSL4,Cep1 Synthetic Lethal,-0.00882278549830786,0.29692
YER045C,ACA1,ATF/CREB Activator,-0.00882506499407322,0.17562
YML123C,PHO84,PHOsphate metabolism,-0.00882913931289168,0.14694
YER148W,SPT15,SuPpressor of Ty insertions,-0.00883484254060059,0.09171
YEL036C,ANP1,ANP and osmotic sensitive,-0.00883949914538274,0.13765
YNL029C,KTR5,Kre Two Related,-0.00884538765844556,0.09387
YGL162W,SUT1,Sterol UpTake,-0.00885864406390293,0.38916
YLR042C,NFG1,Negative regulator of the Filamentous Growth MAPK pathway,-0.00886506965647312,0.17751
YPR138C,MEP3,NA,-0.00886565764308724,0.3133
YDR322W,MRPL35,"Mitochondrial Ribosomal Protein, Large subunit",-0.00887038349240277,0.38841
YHR025W,THR1,THReonine requiring,-0.00888861468109879,0.11532
YPR071W,NA,NA,-0.00889463548765231,0.15416
YLR195C,NMT1,N-Myristoyl Transferase,-0.00891820446674684,0.10379
YPL175W,SPT14,SuPpressor of Ty,-0.00893326530174692,0.1782
YLR026C,SED5,Suppressor of Erd2 Deletion,-0.00893654176995718,0.07354
YMR266W,RSN1,Rescue of Sro7 at high Nacl,-0.00894127460535331,0.13485
YOR239W,ABP140,Actin Binding Protein,-0.00894356141012559,0.07509
YJL076W,NET1,Nucleolar silencing Establishing factor and Telophase regulator,-0.00894520838852708,0.06257
YPR183W,DPM1,Dolichol Phosphate Mannose synthase,-0.00894548301848226,0.12131
YNL023C,FAP1,FKBP12-Associated Protein,-0.00895585775089163,0.25821
YBR114W,RAD16,RADiation sensitive,-0.00895842665503457,0.30224
YKR034W,DAL80,Degradation of Allantoin,-0.00896680006448168,0.29858
YKL072W,STB6,Sin Three Binding protein,-0.00896723712665534,0.12902
YBR283C,SSH1,Sec Sixty-one Homolog,-0.00897513658561903,0.10577
YDR353W,TRR1,ThioRedoxin Reductase,-0.00897701545425416,0.19654
YEL001C,IRC22,Increased Recombination Centers,-0.00898539686203288,0.15568
YJR072C,NPA3,Nucleolar Preribosomal Associated,-0.00898677006594694,0.34381
YDL184C,RPL41A,Ribosomal Protein of the Large subunit,-0.00899059324539998,0.14443
YLL014W,EMC6,ER Membrane protein Complex,-0.00899481759575969,0.28145
YAR002C-A,ERP1,Emp24p/Erv25p Related Protein,-0.00899851279362829,0.24668
YBR028C,YPK3,NA,-0.00901090376849573,0.08793
YOR198C,BFR1,BreFeldin A Resistance,-0.00903311859128678,0.24564
YBR294W,SUL1,SULfate,-0.00903560520114727,0.33493
YBR025C,OLA1,Obg-Like ATPase,-0.00905566482643544,0.21637
YLR143W,DPH6,DiPHthamide biosynthesis,-0.00906427620341377,0.10506
YDL151C,BUD30,BUD site selection,-0.00906657698192037,0.18891
YGR118W,RPS23A,Ribosomal Protein of the Small subunit,-0.0090711572250941,0.20132
YDR280W,RRP45,Ribosomal RNA Processing,-0.00907178462244309,0.29052
YDR089W,VTC5,Vacuole Transporter Chaperone,-0.00907765726298036,0.15785
YCL026C-A,FRM2,Fatty acid Repression Mutant,-0.00908503941452983,0.09144
YJR071W,NA,NA,-0.00909171251600433,0.16949
YPL128C,TBF1,TTAGGG repeat-Binding Factor,-0.00909526197694329,0.10041
YML081W,TDA9,Topoisomerase I Damage Affected,-0.00912150316574541,0.06439
YBL020W,RFT1,Requiring Fifty-Three,-0.00913299604028454,0.07242
YOL019W,TOS7,Target Of Sbf,-0.00916023810006555,0.25548
YBL083C,NA,NA,-0.00917649142823155,0.2052
YDR472W,TRS31,TRapp Subunit,-0.00920839339861024,0.20407
YOL002C,IZH2,Implicated in Zinc Homeostasis,-0.00922371669161891,0.23774
YLL067C,NA,NA,-0.00922941722279218,0.29045
YGL195W,GCN1,General Control Nonderepressible,-0.00923418056674908,0.08618
YHR063W-A,NA,NA,-0.0092450474147522,0.12406
YKL113C,RAD27,RADiation sensitive,-0.00924606881985019,0.18495
YMR259C,TRM732,Transfer RNA Methyltransferase,-0.00924919258056332,0.14064
YHR121W,LSM12,Like SM,-0.00926617759265586,0.2847
YPL050C,MNN9,MaNNosyltransferase,-0.00927634432644707,0.04418
YNL268W,LYP1,LYsine-specific Permease,-0.00928237139263631,0.25584
YNL252C,MRPL17,"Mitochondrial Ribosomal Protein, Large subunit",-0.00930174519183957,0.36187
YJL157C,FAR1,Factor ARrest,-0.00930466553189713,0.23054
YEL022W,GEA2,Guanine nucleotide Exchange on ARF,-0.00930670484032549,0.07645
YGR121C,MEP1,NA,-0.00931263598083601,0.28776
YER122C,GLO3,GLyOxalase,-0.00931773032194797,0.10771
YLR303W,MET17,METhionine requiring,-0.00932021375174836,0.21905
YHR070C-A,NA,NA,-0.00933167697532811,0.22259
YDR123C,INO2,INOsitol requiring,-0.00934649349426599,0.19121
YLL004W,ORC3,Origin Recognition Complex,-0.00935037280348435,0.19972
YKL089W,MIF2,MItotic Fidelity of chromosome transmission,-0.00935048955306465,0.13719
YEL021W,URA3,URAcil requiring,-0.00935204055217857,0.1076
YML102W,CAC2,Chromatin Assembly Complex,-0.00936847084818761,0.16784
YLR107W,REX3,Rna EXonuclease,-0.00937773084200104,0.19744
YJR030C,RBH2,Ran Binding domain Homolog,-0.00939782321264182,0.26127
YKL155C,RSM22,Ribosomal Small subunit of Mitochondria,-0.00940156640001427,0.16495
YER003C,PMI40,PhosphoMannose Isomerase,-0.00945908094256232,0.25153
YPL258C,THI21,THIamine metabolism,-0.00946602115508708,0.24794
YER007C-A,TMA20,Translation Machinery Associated,-0.00947620591821883,0.08326
YLR384C,IKI3,Insensitive to KIller toxin,-0.0094775706293133,0.15723
YOR281C,PLP2,Phosducin-Like Protein,-0.00948406710718783,0.13857
YCR063W,BUD31,BUD site selection,-0.00948960360678791,0.14194
YJL104W,PAM16,Presequence translocase-Associated Motor,-0.00949963375407784,0.37619
YER149C,PEA2,PEAnut shmoo mutant,-0.00950106871308824,0.03848
YGL102C,NA,NA,-0.00951908839412403,0.21533
YJL189W,RPL39,Ribosomal Protein of the Large subunit,-0.00952022329907526,0.18641
YBR246W,RRT2,Regulator of rDNA Transcription,-0.00952123553355972,0.09926
YNL153C,GIM3,Gene Involved in Microtubule biogenesis,-0.00953735383841206,0.09813
YDR312W,SSF2,Suppressor of ste4 (Four),-0.00954672477349768,0.0767
YPL103C,FMP30,Found in Mitochondrial Proteome,-0.00955062986370657,0.36773
YMR024W,MRPL3,"Mitochondrial Ribosomal Protein, Large subunit",-0.00955246147279067,0.40494
YLR300W,EXG1,"EXo-1,3-beta-Glucanase",-0.00956391510595057,0.33186
YOL139C,CDC33,Cell Division Cycle,-0.0095928534448461,0.05172
YJL187C,SWE1,Saccharomyces WEe1,-0.00960538558019338,0.24887
YHR204W,MNL1,MaNnosidase-Like protein,-0.00961258414726678,0.09975
YLR285W,NNT1,Nicotinamide N-methylTransferase,-0.0096363563631454,0.11735
YMR247C,RKR1,RING domain mutant Killed by Rtf1 deletion,-0.00963715008592317,0.08803
YMR088C,VBA1,Vacuolar Basic Amino acid transporter,-0.00964115721639101,0.31977
YPR186C,PZF1,Putative Zinc Finger,-0.00966078827131721,0.09006
YER006C-A,NA,NA,-0.00966253343442759,0.21217
YGL067W,NPY1,NADH PYrophosphatase,-0.0096716636884879,0.15388
YJR007W,SUI2,SUppressor of Initiator codon,-0.00967730409419667,0.10794
YPL044C,NA,NA,-0.00967780992808698,0.21307
YLL055W,YCT1,Yeast Cysteine Transporter,-0.00967813660069961,0.21101
YOR342C,NA,NA,-0.00970585108040498,0.32477
YPL265W,DIP5,DIcarboxylic amino acid Permease,-0.00972149457332889,0.44487
YPL267W,ACM1,APC/C[Cdh1] Modulator,-0.00972439853166169,0.2152
YOL028C,YAP7,Yeast AP-1,-0.00972786528206934,0.07192
YOR232W,MGE1,Mitochondrial GrpE,-0.00972786747834971,0.33102
YPR043W,RPL43A,Ribosomal Protein of the Large subunit,-0.00973004485945998,0.22077
YMR096W,SNZ1,SNooZe,-0.00974882291863837,0.24852
YLR142W,PUT1,Proline UTilization,-0.00975627033380427,0.19866
YDL085C-A,NA,NA,-0.00976024784695401,0.19206
YOR012W,NA,NA,-0.00976446553858071,0.1881
YHL036W,MUP3,Methionine UPtake,-0.00977454835916017,0.30527
YOR167C,RPS28A,Ribosomal Protein of the Small subunit,-0.00978832017464463,0.11548
YJL138C,TIF2,Translation Initiation Factor,-0.00980312904668901,0.1298
YBR087W,RFC5,Replication Factor C,-0.00980854727520393,0.08366
YHL004W,MRP4,Mitochondrial Ribosomal Protein,-0.00981135400956948,0.42217
YNL290W,RFC3,Replication Factor C,-0.00981506837392639,0.09186
YOR006C,TSR3,Twenty S rRNA accumulation,-0.00982127225415354,0.21248
YFR034C,PHO4,PHOsphate metabolism,-0.00985976083775648,0.08233
YDL202W,MRPL11,"Mitochondrial Ribosomal Protein, Large subunit",-0.00986160496514075,0.40976
YNL067W,RPL9B,Ribosomal Protein of the Large subunit,-0.00987349265921984,0.3091
YNL050C,NA,NA,-0.00987769094082605,0.28136
YOR254C,SEC63,SECretory,-0.00988545241282449,0.10897
YKL114C,APN1,APurinic/apyrimidinic eNdonuclease,-0.00991286182350779,0.11947
YJR129C,EFM3,Elongation Factor Methyltransferase,-0.00991522182136309,0.09625
YAR008W,SEN34,Splicing ENdonuclease,-0.00991881982823736,0.20037
YDR110W,FOB1,FOrk Blocking less,-0.00992286407347944,0.24666
YOR202W,HIS3,HIStidine,-0.00993582701449618,0.2953
YMR079W,SEC14,SECretory,-0.00994013174903701,0.17622
YOR205C,GEP3,GEnetic interactors of Prohibitins,-0.00996921361114703,0.14674
YML047C,PRM6,Pheromone-Regulated Membrane protein,-0.0099788377692825,0.23257
YJR105W,ADO1,ADenOsine kinase,-0.0099858202420284,0.23556
YEL017C-A,PMP2,Plasma Membrane Proteolipid,-0.00999065968356452,0.19107
YLR224W,UCC1,Ubiquitination of Citrate synthase in the glyoxylate Cycle,-0.00999680142410828,0.16786
YER060W-A,FCY22,FluoroCYtosine resistance,-0.0100038687798869,0.1036
YFL031W,HAC1,Homologous to Atf/Creb1,-0.0100056226480951,0.37204
YLR312W-A,MRPL15,"Mitochondrial Ribosomal Protein, Large subunit",-0.0100433262520652,0.40606
YDR042C,NA,NA,-0.0100460792879041,0.14751
YJR054W,KCH1,Potassium (K) regulator of CcH1,-0.0100527963907592,0.10445
YDR347W,MRP1,Mitochondrial Ribosomal Protein,-0.0100597321687912,0.40673
YMR230W,RPS10B,Ribosomal Protein of the Small subunit,-0.0100635767989839,0.10818
YGL089C,MF(ALPHA)2,Mating Factor ALPHA,-0.0100694227955734,0.31055
YDR245W,MNN10,MaNNosyltransferase,-0.0100864159069367,0.04369
YHR201C,PPX1,NA,-0.0100894845693389,0.20363
YOR299W,BUD7,BUD site selection,-0.0100942711575834,0.13678
YPR009W,SUT2,Sterol UpTake,-0.0100958041473931,0.13289
YGL125W,MET13,METhionine requiring,-0.0101166235228558,0.14556
YNL163C,RIA1,RIbosome Assembly,-0.0101352210451271,0.31333
YNL010W,PYP1,PolYol Phosphatase,-0.0101428859168431,0.27763
YMR127C,SAS2,Something About Silencing,-0.0101482266412576,0.13381
YML115C,VAN1,VANadate resistance protein,-0.0101567625172033,0.05073
YFL025C,BST1,Bypass of Sec Thirteen,-0.0101786566642476,0.18035
YNL021W,HDA1,Histone DeAcetylase,-0.0102003795028206,0.06175
YDL050C,NA,NA,-0.0102096551796278,0.15766
YML130C,ERO1,ER Oxidation or Endoplasmic Reticulum Oxidoreductin,-0.0102199964868373,0.29599
YHR120W,MSH1,MutS Homolog,-0.0102599699735862,0.07002
YKR090W,PXL1,PaXillin-Like protein,-0.0102724500535921,0.10858
YOR046C,DBP5,Dead Box Protein,-0.010276735040354699,0.13704
YOL031C,SIL1,Suppressor of the Ire1/Lhs1 double mutant,-0.0102781132622415,0.19069
YKL045W,PRI2,DNA PRImase,-0.0102932155466208,0.27629
YPR043W,RPL43A,Ribosomal Protein of the Large subunit,-0.0103022746077131,0.15555
YNL217W,PPN2,NA,-0.0103241932956974,0.11708
YKL004W,AUR1,AUreobasidin A Resistance,-0.0103380981829286,0.11357
YML074C,FPR3,Fk 506-sensitive Proline Rotamase,-0.0103395953576914,0.06749
YGR207C,CIR1,Changed Intracellular Redox state,-0.0103419195168065,0.21153
YML024W,RPS17A,Ribosomal Protein of the Small subunit,-0.0103823980595728,0.12618
YJR078W,BNA2,Biosynthesis of Nicotinic Acid,-0.0103828316859055,0.15018
YNR013C,PHO91,PHOsphate metabolism,-0.010382998331375,0.10461
YLR291C,GCD7,General Control Derepressed,-0.0103923755688627,0.26982
YER113C,TMN3,TransMembrane Nine,-0.0104244082325529,0.08692
YLR400W,NA,NA,-0.0104267669177285,0.14814
YLR044C,PDC1,Pyruvate DeCarboxylase,-0.0104274778799755,0.20518
YBR017C,KAP104,KAryoPherin,-0.0104343360862489,0.24153
YGR014W,MSB2,Multicopy Suppression of a Budding defect,-0.0104368377905637,0.36422
YCL031C,RRP7,Ribosomal RNA Processing,-0.0104471776401058,0.28951
YOL021C,DIS3,homolog of S. pombe dis3 (chromosome DISjunction),-0.0104603651777787,0.09271
YDR482C,CWC21,Complexed With Cef1p,-0.0104794881567013,0.11741
YJL108C,PRM10,Pheromone-Regulated Membrane protein,-0.0104842365958608,0.23694
YKL165C,MCD4,Morphogenesis Checkpoint Dependent,-0.0105152491844857,0.28001
YOR001W,RRP6,Ribosomal RNA Processing,-0.0105170290095766,0.26968
YPL274W,SAM3,S-AdenosylMethionine metabolism,-0.0105400015951504,0.2206
YNL299W,TRF5,Topoisomerase one-Related Function,-0.010548183026499,0.21017
YHR049C-A,NA,NA,-0.0105524108007036,0.09481
YML096W,NA,NA,-0.0105762372000143,0.07659
YGL236C,MTO1,Mitochondrial Translation Optimization,-0.0105817191749387,0.38702
YPR016C,TIF6,Translation Initiation Factor,-0.0105845881900865,0.16423
YNR026C,SEC12,SECretory,-0.0105902996575707,0.19304
YBR220C,NA,NA,-0.0105912333977708,0.06989
YNL037C,IDH1,Isocitrate DeHydrogenase,-0.0106074251091439,0.41674
YNL162W,RPL42A,Ribosomal Protein of the Large subunit,-0.0106141466143674,0.13755
YMR143W,RPS16A,Ribosomal Protein of the Small subunit,-0.0106186139011639,0.13501
YPL238C,NA,NA,-0.0106247247364685,0.17834
YDL055C,PSA1,NA,-0.0106340808283818,0.2481
YLR326W,NA,NA,-0.0106360141772515,0.13331
YDR478W,SNM1,Suppressor of Nuclear Mitochondrial endoribonuclease,-0.0106364812519001,0.19439
YNR027W,BUD17,BUD site selection,-0.0106421560346647,0.26033
YDR232W,HEM1,HEMe biosynthesis,-0.0106493807012318,0.10117
YLR062C,BUD28,BUD site selection,-0.0106522979501504,0.21264
YPL112C,PEX25,PEroXisome related,-0.0106656073579497,0.1399
YLR339C,NA,NA,-0.010679920111513,0.16325
YLR287C,NA,NA,-0.0106852101516907,0.27606
YLR040C,AFB1,A-Factor Barrier,-0.0106964624188206,0.14127
YKL068W,NUP100,NUclear Pore,-0.0107053335194463,0.10867
YDR172W,SUP35,SUPpressor,-0.010725925932488,0.16641
YJL025W,RRN7,Regulation of RNA polymerase I,-0.0107348570510046,0.20155
YKR082W,NUP133,NUclear Pore,-0.0107383314797023,0.09458
YMR158W,MRPS8,"Mitochondrial Ribosomal Protein, Small subunit",-0.0107417240297206,0.40746
YGR251W,NOP19,NucleOlar Protein,-0.0107454871238133,0.15009
YBR023C,CHS3,CHitin Synthase-related,-0.0107654245986652,0.18782
YDR237W,MRPL7,"Mitochondrial Ribosomal Protein, Large subunit",-0.0107725761321691,0.41151
YOR012W,NA,NA,-0.010777828751016,0.20784
YOR167C,RPS28A,Ribosomal Protein of the Small subunit,-0.0107778882350151,0.13554
YMR143W,RPS16A,Ribosomal Protein of the Small subunit,-0.0107986369798152,0.12397
YML124C,TUB3,TUBulin,-0.0107989890387656,0.3556
YIL123W,SIM1,Start Independent of Mitosis,-0.0108111880031382,0.40906
YER163C,GCG1,Gamma-glutamyl Cyclotransferase acting on Glutathione,-0.010811684329787,0.34676
YOL079W,NA,NA,-0.0108444601338764,0.20824
YGR095C,RRP46,Ribosomal RNA Processing,-0.0108452071572045,0.28035
YNR017W,TIM23,Translocase of the Inner Mitochondrial membrane,-0.010849257821252,0.26642
YGL178W,MPT5,Multicopy suppressor of Pop Two,-0.0108651416214327,0.0939
YKR099W,BAS1,BASal,-0.0108674514530434,0.29407
YMR304C-A,NA,NA,-0.0108711983540744,0.25997
YLR176C,RFX1,Regulatory Factor X,-0.010896731017515,0.07837
YBR074W,PFF1,Protease in FXNA-related Family,-0.0109086385907068,0.07429
YDR312W,SSF2,Suppressor of ste4 (Four),-0.0109162773379497,0.09798
YBL009W,ALK2,NA,-0.0109348444144623,0.12462
YOL092W,YPQ1,Yeast PQ-loop protein,-0.0109431673857097,0.17408
YCR059C,YIH1,Yeast Impact Homolog,-0.0109511251309833,0.07431
YHR013C,ARD1,ARrest Defective,-0.0109636477819689,0.07934
YLR020C,YEH2,Yeast steryl Ester Hydrolase,-0.0109785366907227,0.07413
YDR144C,MKC7,Multicopy suppressor of Kex2 Cold sensitivity,-0.0109857649466789,0.10812
YER165W,PAB1,Poly(A) Binding protein,-0.0109989953944674,0.16463
YGR082W,TOM20,Translocase of the Outer Mitochondrial membrane,-0.0110114438481953,0.36709
YNR024W,MPP6,M-Phase Phosphoprotein 6 homolog,-0.0110325636215575,0.28505
YOR305W,RRG7,Required for Respiratory Growth,-0.0110473299318628,0.0712
YKR077W,MSA2,Mbf and Sbf Associated,-0.0110729962928331,0.22265
YOR074C,CDC21,Cell Division Cycle,-0.0110775806459312,0.25848
YGR160W,NA,NA,-0.0110807351560214,0.23555
YNL024C,EFM6,Elongation Factor Methyltransferase,-0.0110897737647656,0.14811
YBR066C,NRG2,Negative Regulator of Glucose-controlled genes,-0.0111019780875949,0.22205
YMR312W,ELP6,ELongator Protein,-0.0111111808001102,0.07557
YOR360C,PDE2,PhosphoDiEsterase,-0.0111115043275782,0.32373
YNL166C,BNI5,Bud Neck Involved,-0.0111153021009135,0.12098
YGL148W,ARO2,AROmatic amino acid requiring,-0.0111217601175854,0.12715
YDR075W,PPH3,Protein PHosphatase,-0.0111383132882256,0.23607
YPR048W,TAH18,Top1T722A mutant Hypersensitive,-0.0111457803800807,0.19476
YOR209C,NPT1,Nicotinate PhosphoribosylTransferase,-0.0111591747972919,0.04518
YBL016W,FUS3,cell FUSion,-0.0111756401253476,0.1209
YML021C,UNG1,Uracil DNA N-Glycosylase,-0.0111790541068698,0.10009
YER025W,GCD11,General Control Derepressed,-0.0111940903500194,0.0769
YDL081C,RPP1A,Ribosomal Protein P1 Alpha,-0.0111967412215575,0.15366
YHR003C,TCD1,tRNA ThreonylCarbamoyladenosine Dehydratase,-0.0112415458610365,0.23107
YLR065C,SND2,SRP-iNDependent targeting,-0.0112420277466161,0.09079
YDL095W,PMT1,Protein O-MannosylTransferase,-0.0112441957148906,0.1443
YOR168W,GLN4,GLutamiNe metabolism,-0.0112619876514413,0.11896
YNL201C,PSY2,Platinum SensitivitY,-0.011271793947123,0.21854
YKR057W,RPS21A,Ribosomal Protein of the Small subunit,-0.0112734043531464,0.17711
YGR083C,GCD2,General Control Derepressed,-0.0112950295789714,0.18693
YOL007C,CSI2,Chitin Synthesis Involved,-0.0113046479744985,0.20854
YKR094C,RPL40B,Ribosomal Protein of the Large subunit,-0.0113189037272819,0.11621
YPL197C,NA,NA,-0.011341737164462,0.17072
YAL033W,POP5,Processing Of Precursor RNAs,-0.0113491450587931,0.11171
YOR260W,GCD1,General Control Derepressed,-0.0113799642619344,0.23594
YBR187W,GDT1,Gcr1 Dependent Translation factor,-0.0114334951699429,0.0772
YHR069C,RRP4,Ribosomal RNA Processing,-0.0114388411293975,0.29985
YLR407W,NA,NA,-0.0114623490270285,0.31271
YJR014W,TMA22,Translation Machinery Associated,-0.0114678284287705,0.09101
YOR079C,ATX2,AnTioXidant,-0.0114805762509863,0.05513
YDR418W,RPL12B,Ribosomal Protein of the Large subunit,-0.0114904450163749,0.11931
YDR507C,GIN4,Growth Inhibitory,-0.0115004771981157,0.24033
YOR271C,FSF1,Fungal SideroFlexin 1,-0.0115077086896705,0.08967
YOR233W,KIN4,KINase,-0.0115432373517608,0.05767
YMR243C,ZRC1,Zinc Resistance Conferring,-0.0115487134287314,0.15058
YML125C,PGA3,Processing of Gas1p and ALP,-0.0115520313879898,0.31507
YLR003C,CMS1,Complementation of Mcm-10 Suppressor,-0.0115737910292333,0.1127
YJL171C,TOH1,TOS One Homolog,-0.0115817672619157,0.12723
YML108W,NA,NA,-0.011605589421828,0.19507
YLR017W,MEU1,Multicopy Enhancer of UAS2,-0.0116088471553165,0.24361
YKR042W,UTH1,yoUTH,-0.0116390758654785,0.17371
YOR201C,MRM1,Mitochondrial rRNA Methyltransferase,-0.0116434416841786,0.12476
YNL004W,HRB1,Hypothetical RNA-Binding protein,-0.0116572308086619,0.24649
YNR003C,RPC34,RNA Polymerase C,-0.0117039804813474,0.17891
YDL059C,RAD59,RADiation sensitive,-0.0117061651694957,0.13277
YLR344W,RPL26A,Ribosomal Protein of the Large subunit,-0.0117096707286814,0.1335
YNL233W,BNI4,Bud Neck Involved,-0.0117192173238198,0.09968
YML077W,BET5,Blocked Early in Transport,-0.011750335646618,0.07122
YIL008W,URM1,Ubiquitin Related Modifier,-0.0117880934859645,0.12199
YLR183C,TOS4,Target Of Sbf,-0.0118033711434413,0.28685
YOL030W,GAS5,Glycophospholipid-Anchored Surface protein,-0.0118062823465139,0.25098
YER118C,SHO1,"Synthetic, High Osmolarity-sensitive",-0.0118174296424763,0.0683
YLR237W,THI7,THIamine metabolism,-0.0118348237040652,0.36622
YNR020C,ATP23,NA,-0.0118350500829524,0.31169
YDL111C,RRP42,Ribosomal RNA Processing,-0.0118657890773938,0.20368
YDR194C,MSS116,Mitochondrial Splicing System,-0.0118683717169873,0.38893
YDR454C,GUK1,GUanylate Kinase,-0.0118721855109857,0.11217
YPL143W,RPL33A,Ribosomal Protein of the Large subunit,-0.0118779126898341,0.09842
YMR301C,ATM1,"ABC Transporter, Mitochondrial",-0.0118810310978517,0.06373
YPR018W,RLF2,Rap1 protein Localization Factor,-0.011918448701753,0.09466
YMR285C,NGL2,NA,-0.0119231311066999,0.05897
YER168C,CCA1,tRNA CCA-pyrophosphorylase,-0.0119304196453469,0.06089
YOR144C,ELG1,Enhanced Level of Genomic instability,-0.0119349029479527,0.08819
YHR143W-A,RPC10,RNA Polymerase C,-0.0119390183699884,0.22697
YOL127W,RPL25,Ribosomal Protein of the Large subunit,-0.011973290457822,0.15145
YMR296C,LCB1,Long-Chain Base,-0.0120386355423888,0.11677
YOR184W,SER1,SERine requiring,-0.0120498501143783,0.10627
YHR032W,ERC1,Ethionine Resistance Conferring,-0.0120562691622957,0.23755
YGR239C,PEX21,PEroXin,-0.0121188852832277,0.14175
YDR418W,RPL12B,Ribosomal Protein of the Large subunit,-0.0121284502629838,0.1028
YPR035W,GLN1,GLutamiNe metabolism,-0.0121360624218219,0.13435
YIR027C,DAL1,Degradation of Allantoin,-0.0121400995307701,0.17596
YIL145C,PAN6,PANtothenate biosynthesis,-0.0121482160015499,0.095
YDR161W,ACL4,Assembly Chaperone of RpL4,-0.0121583902811441,0.14751
YBR004C,GPI18,GlycosylPhosphatidylInositol,-0.0121768631430775,0.02368
YNL016W,PUB1,PolyUridylate Binding,-0.0121926315433198,0.08421
YGR109C,CLB6,CycLin B,-0.0121985403517003,0.19919
YMR215W,GAS3,Glycophospholipid-Anchored Surface protein,-0.0122134995883003,0.32115
YNL067W,RPL9B,Ribosomal Protein of the Large subunit,-0.0122166554861287,0.12281
YDR211W,GCD6,General Control Derepressed,-0.0122293178971637,0.04151
YBL035C,POL12,POLymerase,-0.0122623931037553,0.16163
YNL255C,GIS2,GIg Suppressor,-0.012273685670203,0.09178
YOR276W,CAF20,Cap Associated Factor,-0.0122977284443947,0.06145
YEL071W,DLD3,D-Lactate Dehydrogenase,-0.0123096325480806,0.359
YBR261C,TAE1,Translation Associated Element,-0.0123147653561174,0.07495
YOL064C,MET22,METhionine requiring,-0.01233358284997,0.06666
YOL061W,PRS5,PhosphoRibosylpyrophosphate Synthetase,-0.0123934128174672,0.08302
YOR210W,RPB10,RNA Polymerase B,-0.0124474742937901,0.10719
YOR188W,MSB1,Multicopy Suppression of a Budding defect,-0.0124641628545392,0.06064
YBR249C,ARO4,AROmatic amino acid requiring,-0.0125108503709174,0.19576
YDR093W,DNF2,Drs2 Neo1 Family,-0.0125172833327749,0.18806
YDL205C,HEM3,HEMe biosynthesis,-0.012541018132246,0.25801
YLR167W,RPS31,Ribosomal Protein of the Small subunit,-0.012554445444964,0.1589
YDL075W,RPL31A,Ribosomal Protein of the Large subunit,-0.0125627773817045,0.10548
YHL039W,EFM1,Elongation Factor Methyltransferase,-0.012564870936311,0.13108
YML014W,TRM9,TRna Methyltransferase,-0.0125714314826396,0.28372000000000003
YER073W,ALD5,ALdehyde Dehydrogenase,-0.0125806348788366,0.34132
YMR010W,ANY1,Antagonizes Neo1 Yeast phospholipid flippase,-0.0125866439849687,0.18185
YJL110C,GZF3,Gata Zinc Finger protein,-0.0125905337621918,0.06909
YOR133W,EFT1,Elongation Factor Two,-0.0125964964477975,0.16816
YLR243W,GPN3,Gly-Pro-Asn (N) motif,-0.0126106606980171,0.25543
YHR216W,IMD2,IMP Dehydrogenase,-0.0126190087311384,0.17457
YBL082C,ALG3,Asparagine Linked Glycosylation,-0.0126379992962583,0.05566
YNL022C,RCM1,NA,-0.0126420472147867,0.07286
YMR321C,NA,NA,-0.0126790756174657,0.2003
YHR021C,RPS27B,Ribosomal Protein of the Small subunit,-0.0126961991553476,0.14595
YAR075W,NA,NA,-0.0126992196199762,0.14119
YER086W,ILV1,IsoLeucine-plus-Valine requiring,-0.012707954331703,0.16648
YDL228C,NA,NA,-0.0127135112046291,0.1378
YBR088C,POL30,POLymerase,-0.0127159503558897,0.25967
YOL141W,PPM2,Protein Phosphatase Methyltransferase,-0.0127386282084919,0.16496
YCR008W,SAT4,NA,-0.0127614547744759,0.07996
YMR123W,PKR1,Pichia farinosa Killer toxin Resistance,-0.0127669383029814,0.08006
YLR336C,SGD1,Suppressor of Glycerol Defect,-0.0127799493638939,0.22654
YGR155W,CYS4,CYStathionine beta-synthase,-0.0127824381599332,0.10701
YIL020C,HIS6,HIStidine requiring,-0.0127863793581745,0.1177
YHL007C,STE20,STErile,-0.0127925916262305,0.07958
YOR078W,BUD21,BUD site selection,-0.0127936955042205,0.28411
YBR248C,HIS7,HIStidine requiring,-0.0127949813736373,0.30498
YGL064C,MRH4,Mitochondrial RNA Helicase,-0.0128183991472255,0.18096
YMR012W,CLU1,CLUstered mitochondria,-0.0128274032631548,0.2734
YOR225W,NA,NA,-0.0128413597438145,0.10446
YKL205W,LOS1,Loss Of Suppression,-0.0128847403898398,0.12105
YDR152W,GIR2,Genetically Interacts with Ribosomal genes,-0.0128921454577613,0.25369
YHR154W,RTT107,Regulator of Ty1 Transposition,-0.0129097871140123,0.15475
YGR198W,YPP1,alpha-sYnuclein Protective Protein,-0.0129439206152095,0.0658
YPR013C,CMR3,Changed Mutation Rate,-0.0129545093325445,0.13814
YDR019C,GCV1,GlyCine cleaVage,-0.0129627456121981,0.15214
YDR253C,MET32,METhionine requiring,-0.012970769931658,0.12405
YJR132W,NMD5,Nonsense-Mediated mRNA Decay,-0.0129817078378048,0.0843
YOR369C,RPS12,Ribosomal Protein of the Small subunit,-0.0129974660169343,0.11507
YLR333C,RPS25B,Ribosomal Protein of the Small subunit,-0.0129991991820971,0.14597
YEL032W,MCM3,MiniChromosome Maintenance,-0.0130105511053382,0.3139
YGR068C,ART5,Arrestin-Related Trafficking adaptors,-0.013023800421807,0.11902
YCR065W,HCM1,High-Copy suppressor of Calmodulin,-0.0130315612956842,0.12269
YLR172C,DPH5,DiPHthamide,-0.0130360043676599,0.09678
YML094W,GIM5,Gene Involved in Microtubule biogenesis,-0.0130629111620539,0.08646
YFL002C,SPB4,Suppressor of PAB1,-0.0130662780258716,0.08002
YJL191W,RPS14B,Ribosomal Protein of the Small subunit,-0.0130972027732855,0.33268
YOR033C,EXO1,EXOnuclease,-0.0130974481124976,0.10116
YLR226W,BUR2,Bypass UAS Requirement,-0.0131006157921004,0.17809
YOL029C,NA,NA,-0.0131159120309379,0.05617
YKL030W,NA,NA,-0.0131189751605249,0.18232
YGL189C,RPS26A,Ribosomal Protein of the Small subunit,-0.0131215102884024,0.09761
YJL098W,SAP185,Sit4 Associated Protein,-0.0131340511938268,0.14334
YNL119W,NCS2,Needs Cla4 to Survive,-0.013157563923472,0.30451
YDR514C,NA,NA,-0.0131847200460084,0.18404
YPL220W,RPL1A,Ribosomal Protein of the Large subunit,-0.0131926970997636,0.09573
YGR195W,SKI6,SuperKIller,-0.0132067540035548,0.16332
YKR071C,DRE2,Derepressed for Ribosomal protein S14 Expression,-0.013253689970293,0.11792
YGL103W,RPL28,Ribosomal Protein of the Large subunit,-0.013264143694568,0.1198
YEL072W,RMD6,Required for Meiotic nuclear Division,-0.0132664406459473,0.16738
YFR032C,RRT5,Regulator of rDNA Transcription,-0.0132705036763948,0.24885
YOR021C,SFM1,Spout Family Methyltransferase 1,-0.0132715907999012,0.13557
YDR341C,NA,NA,-0.0133042872660223,0.09596
YGL070C,RPB9,RNA Polymerase B,-0.013336663067941,0.07493
YGR190C,NA,NA,-0.013379287032438,0.13167
YBL072C,RPS8A,Ribosomal Protein of the Small subunit,-0.0133937556764209,0.08481
YDL178W,DLD2,D-Lactate Dehydrogenase,-0.0134172464286734,0.19086
YDR266C,HEL2,Histone E3 Ligase,-0.0134238226749826,0.09622
YBR220C,NA,NA,-0.0134360595482607,0.02851
YBR192W,RIM2,Replication In Mitochondria,-0.0134500002429647,0.09499
YCR102C,NA,NA,-0.0134592869494141,0.23363
YPR136C,NA,NA,-0.0134847877783862,0.15021
YGL186C,TPN1,Transport of PyridoxiNe,-0.0134926258789402,0.06237
YNL302C,RPS19B,Ribosomal Protein of the Small subunit,-0.0134998055037718,0.11142
YBR091C,TIM12,Translocase of the Inner Membrane,-0.0135247310232909,0.17263
YBL042C,FUI1,5-FlUorourIdine resistance,-0.0135555351823186,0.24354
YAL040C,CLN3,CycLiN,-0.0135584984635341,0.11515
YPR132W,RPS23B,Ribosomal Protein of the Small subunit,-0.0135789553580559,0.09888
YDL219W,DTD1,D-Tyr-tRNA(Tyr) Deacylase,-0.0135852820197941,0.13388
YDL236W,PHO13,PHOsphate metabolism,-0.0135925820600497,0.06459
YDR156W,RPA14,RNA Polymerase A,-0.0135964588897644,0.28385
YLR367W,RPS22B,Ribosomal Protein of the Small subunit,-0.0136051621564129,0.10946
YAL029C,MYO4,MYOsin,-0.0136113877838734,0.09876
YDR500C,RPL37B,Ribosomal Protein of the Large subunit,-0.013662174945174,0.10048
YCL030C,HIS4,HIStidine requiring,-0.013671199874922,0.14489
YBL076C,ILS1,IsoLeucine-tRNA Synthetase,-0.0136776140056544,0.06638
YKL027W,TCD2,tRNA ThreonylCarbamoyladenosine Dehydratase,-0.0136783839484063,0.14038
YDL036C,PUS9,PseudoUridine Synthase,-0.0136790902000727,0.12477
YFL010C,WWM1,WW domain containing protein interacting with Metacaspase,-0.0136904472458082,0.08771
YJR002W,MPP10,M Phase Phosphoproteins,-0.0136917859423945,0.17431
YLR134W,PDC5,Pyruvate DeCarboxylase,-0.0137240747826444,0.12225
YNL282W,POP3,Processing Of Precursor RNAs,-0.0137470734907312,0.14433000000000001
YDR432W,NPL3,Nuclear Protein Localization,-0.0137616422817178,0.11943
YNL227C,JJJ1,J-protein (Type III),-0.0137692902411526,0.09367
YKR025W,RPC37,RNA Polymerase C,-0.0137835930096146,0.23899
YNL301C,RPL18B,Ribosomal Protein of the Large subunit,-0.0137840613782767,0.15002
YIL078W,THS1,THreonyl tRNA Synthetase,-0.013812478684906,0.04956
YDR023W,SES1,SEryl-tRNA Synthetase,-0.0138210261661008,0.06132
YGR054W,NA,NA,-0.0138362515212026,0.05579
YNR015W,SMM1,Suppressor of Mitochondrial Mutation,-0.0138486152425062,0.06897
YER061C,CEM1,Condensing Enzyme with Mitochondrial function,-0.01386480157685,0.12551
YNL124W,NAF1,Nuclear Assembly Factor,-0.0138756920835276,0.19119
YDR002W,YRB1,Yeast Ran Binder,-0.0138762220347208,0.07462
YGR210C,NA,NA,-0.0139272706487379,0.05312
YGR094W,VAS1,VAlyl-tRNA Synthetase,-0.0139609923823165,0.06323
YGL030W,RPL30,Ribosomal Protein of the Large subunit,-0.0139680382431425,0.08001
YOR116C,RPO31,RNA POlymerase,-0.0139793788287089,0.13035
YLR150W,STM1,Suppressor of ToM1,-0.0139943480726231,0.07626
YOR375C,GDH1,Glutamate DeHydrogenase,-0.0140067067929948,0.21017
YNL001W,DOM34,Duplication Of Multilocus region,-0.0140160715990507,0.06061
YBR252W,DUT1,DUTp pyrophosphatase,-0.0140359022792607,0.2395
YLL035W,GRC3,NA,-0.0140419642779892,0.14019
YOR222W,ODC2,OxoDicarboxylate Carrier,-0.0140471875139817,0.10333
YPR175W,DPB2,DNA Polymerase B subunit 2,-0.0140717135553436,0.15088
YHR040W,BCD1,Box C/D snoRNA accumulation,-0.0141420236734935,0.21996
YPL227C,ALG5,Asparagine-Linked Glycosylation,-0.0141490113353808,0.07767
YLR063W,BMT6,Base Methyltransferase of Twenty five S rRNA 6,-0.0141491785081809,0.20775
YJR155W,AAD10,Aryl-Alcohol Dehydrogenase,-0.0141508829690895,0.23949
YHR081W,LRP1,Like RrP6,-0.0141922857908897,0.08916
YLR103C,CDC45,Cell Division Cycle,-0.0141975776204142,0.16549
YNL123W,NMA111,Nuclear Mediator of Apoptosis,-0.0142027405711726,0.07899
YBR121C,GRS1,Glycyl-tRNA Synthase,-0.0142029185270244,0.17861
YML027W,YOX1,Yeast homeobOX,-0.0142042999272906,0.24537
YER145C,FTR1,Fe TRansporter,-0.0142189168043018,0.18911
YDR528W,HLR1,Homolog of LRe1,-0.0142636618101354,0.14853
YDL075W,RPL31A,Ribosomal Protein of the Large subunit,-0.0142909907636606,0.07872
YDL062W,NA,NA,-0.0143055028617965,0.1865
YHR176W,FMO1,Flavin containing MonoOxygenase,-0.0143209744343873,0.31415
YPL026C,SKS1,Suppressor Kinase of SNF3,-0.0143598819157542,0.15084
YLR340W,RPP0,Ribosomal Protein P0,-0.0143673742759063,0.07632
YGR228W,NA,NA,-0.0143698455359504,0.10149
YPL273W,SAM4,S-AdenosylMethionine metabolism,-0.0143820187787768,0.0696
YBR031W,RPL4A,Ribosomal Protein of the Large subunit,-0.0144104389209002,0.07348
YGR035C,NA,NA,-0.0144526633381739,0.1315
YDR226W,ADK1,ADenylate Kinase,-0.0144657608277223,0.26206
YKL166C,TPK3,Takashi's Protein Kinase,-0.0144666453047403,0.03581
YKR056W,TRM2,tRNA Methyltransferase,-0.014474350621348,0.33247
YML106W,URA5,URAcil requiring,-0.0144765123390953,0.05105
YGL189C,RPS26A,Ribosomal Protein of the Small subunit,-0.0144769903701979,0.10534
YNR038W,DBP6,Dead Box Protein,-0.0144850273147948,0.21586
YOL125W,TRM13,TRna Methyltransferase,-0.0144905354734551,0.13349
YGL255W,ZRT1,Zinc-Regulated Transporter,-0.0145005505546154,0.18968
YLR441C,RPS1A,Ribosomal Protein of the Small subunit,-0.0145051016771106,0.07837
YDL112W,TRM3,Transfer RNA Methyltransferase,-0.0145267727984276,0.11552
YPR187W,RPO26,RNA POlymerase,-0.0145291983149784,0.07511
YER081W,SER3,SERine requiring,-0.0145430694435447,0.19439
YLR014C,PPR1,Pyrimidine Pathway Regulation,-0.0145547103680133,0.14785
YJR154W,NA,NA,-0.0145567084040158,0.16942
YLL062C,MHT1,S-Methylmethionine-Homocysteine methylTransferase,-0.014566388585905801,0.13768
YMR142C,RPL13B,Ribosomal Protein of the Large subunit,-0.0145786394903739,0.0796
YLR264W,RPS28B,Ribosomal Protein of the Small subunit,-0.0145858883510759,0.1347
YMR146C,TIF34,Translation Initiation Factor,-0.0145941098249176,0.03931
YBL054W,TOD6,Twin Of Dot6p,-0.0145966293656332,0.31916
YGL169W,SUA5,Suppressor of Upstream AUG,-0.0146098618107227,0.04483
YIR028W,DAL4,Degradation of Allantoin,-0.0146213769605638,0.17433
YNL221C,POP1,Processing Of Precursor RNAs,-0.0146241429929887,0.20052
YBR048W,RPS11B,Ribosomal Protein of the Small subunit,-0.0146435647995891,0.20382
YDR527W,RBA50,RNA polymerase II (B) Associated protein,-0.0146460475848128,0.22796
YHR064C,SSZ1,NA,-0.0146938563057372,0.07785
YPL245W,NA,NA,-0.0147198209406609,0.10278
YML087C,AIM33,Altered Inheritance rate of Mitochondria,-0.0147525913769521,0.39484
YGR148C,RPL24B,Ribosomal Protein of the Large subunit,-0.0147924135119931,0.11206
YFR055W,IRC7,Increased Recombination Centers,-0.0147986050498822,0.08414
YLR146C,SPE4,SPErmidine auxotroph,-0.0148078377565196,0.04572
YBL027W,RPL19B,Ribosomal Protein of the Large subunit,-0.0148328238976599,0.10325
YBR271W,EFM2,Elongation Factor Methyltransferase,-0.014837506655404,0.17039
YBL087C,RPL23A,Ribosomal Protein of the Large subunit,-0.0148507264441557,0.16989
YML082W,NA,NA,-0.0148554667399184,0.27208
YJL116C,NCA3,Nuclear Control of ATPase,-0.0148692342174952,0.20238
YDR093W,DNF2,Drs2 Neo1 Family,-0.0148735578957952,0.22524
YDL061C,RPS29B,Ribosomal Protein of the Small subunit,-0.0148817955864215,0.05303
YGR093W,DRN1,Debranching enzyme-associated RiboNuclease,-0.0148900829892132,0.07089
YMR194W,RPL36A,Ribosomal Protein of the Large subunit,-0.0149030232157812,0.10488
YDR400W,URH1,URidine Hydrolase,-0.0149062236170796,0.0787
YLR397C,AFG2,ATPase Family Gene,-0.0149187527599825,0.08154
YFR009W,GCN20,General Control Nonderepressible,-0.0149513137668679,0.0446
YOR145C,PNO1,Partner of NOb1,-0.0149541584967849,0.29391
YHL013C,OTU2,member of the Ovarian TUmor family,-0.0149837166589281,0.07697
YGR234W,YHB1,Yeast flavoHemogloBin,-0.015007402143051,0.27503
YOL022C,TSR4,Twenty S rRNA accumulation,-0.0150230416186768,0.10697
YBL061C,SKT5,NA,-0.0150659164280977,0.03269
YOL093W,TRM10,Transfer RNA Methyltransferase,-0.0150762003226733,0.10566
YKL156W,RPS27A,Ribosomal Protein of the Small subunit,-0.015101535674764,0.15759
YDL219W,DTD1,D-Tyr-tRNA(Tyr) Deacylase,-0.0151265596410976,0.11275
YKL180W,RPL17A,Ribosomal Protein of the Large subunit,-0.0151526991119196,0.07666
YGR158C,MTR3,MRNA TRansport,-0.0151636225541648,0.18166
YFL023W,BUD27,BUD site selection,-0.0151645378378532,0.17527
YLR355C,ILV5,IsoLeucine-plus-Valine requiring,-0.0151847844462718,0.12795
YGL008C,PMA1,Plasma Membrane ATPase,-0.0152131976294955,0.13033
YOR013W,IRC11,Increased Recombination Centers,-0.0152298537256958,0.18583
YOL128C,YGK3,Yeast homolog of Glycogen synthase Kinase,-0.0152314597044538,0.07621
YOR096W,RPS7A,Ribosomal Protein of the Small subunit,-0.0152524884003969,0.10512
YDR432W,NPL3,Nuclear Protein Localization,-0.0152571262704137,0.17009
YPL079W,RPL21B,Ribosomal Protein of the Large subunit,-0.0153189142913648,0.08582
YFR031C-A,RPL2A,Ribosomal Protein of the Large subunit,-0.0153274911172432,0.09824
YIL052C,RPL34B,Ribosomal Protein of the Large subunit,-0.0153360243498026,0.08986
YGR085C,RPL11B,Ribosomal Protein of the Large subunit,-0.0153424233032103,0.11122
YGR079W,NA,NA,-0.0153590497543978,0.23572
YPL239W,YAR1,Yeast Ankyrin Repeat,-0.015370210668879,0.24025
YPR114W,NA,NA,-0.0153921816099165,0.18594
YGR214W,RPS0A,Ribosomal Protein of the Small subunit,-0.0153983091399333,0.09563
YJL136C,RPS21B,Ribosomal Protein of the Small subunit,-0.0154092267052723,0.07685
YLR325C,RPL38,Ribosomal Protein of the Large subunit,-0.0154295748764748,0.09985
YGR078C,PAC10,Perish in the Absence of Cin8p,-0.0154360680643171,0.16893
YKL181W,PRS1,PhosphoRibosylpyrophosphate Synthetase,-0.0154562183799006,0.07158
YPL090C,RPS6A,Ribosomal Protein of the Small subunit,-0.0154586207815,0.08312
YLR367W,RPS22B,Ribosomal Protein of the Small subunit,-0.0154612469186217,0.10334
YDR429C,TIF35,Translation Initiation Factor,-0.0154642238620232,0.04587
YMR242C,RPL20A,Ribosomal Protein of the Large subunit,-0.0154649640644017,0.10761
YFR032C-A,RPL29,Ribosomal Protein of the Large subunit,-0.0154708568843409,0.10932
YCR087C-A,NA,NA,-0.0154886956735783,0.18721
YOL052C,SPE2,SPErmidine auxotroph,-0.0154988395746274,0.04085
YMR230W,RPS10B,Ribosomal Protein of the Small subunit,-0.0155077341199977,0.06713
YCR047C,BUD23,BUD site selection,-0.015518912221168,0.32335
YJL133W,MRS3,Mitochondrial RNA Splicing,-0.0155254824684543,0.08518
YPL237W,SUI3,SUppressor of Initiator codon,-0.0155351748667063,0.05786
YBL002W,HTB2,Histone h Two B,-0.0155389448716972,0.40118
YKR043C,SHB17,"SedoHeptulose 1,7-Bisphosphatase",-0.0155391661847566,0.06361
YMR189W,GCV2,GlyCine cleaVage,-0.0155484006062722,0.09499
YER074W,RPS24A,Ribosomal Protein of the Small subunit,-0.0155666407851003,0.07742
YKL191W,DPH2,DiPHthamide,-0.0155685839410172,0.19
YEL029C,BUD16,BUD site selection,-0.0155853132736974,0.17398
YGL246C,RAI1,Rat1p Interacting Protein,-0.0155900800877515,0.07279
YJR145C,RPS4A,Ribosomal Protein of the Small subunit,-0.0155966456680256,0.0645
YLR029C,RPL15A,Ribosomal Protein of the Large subunit,-0.0156117530874342,0.10056
YLR244C,MAP1,Methionine AminoPeptidase,-0.0156273955132327,0.16142
YDR382W,RPP2B,Ribosomal Protein P2 Beta,-0.015667053236304,0.07993
YMR108W,ILV2,IsoLeucine-plus-Valine requiring,-0.0156762489735363,0.17182
YKL180W,RPL17A,Ribosomal Protein of the Large subunit,-0.0156795604821488,0.11175
YLR198C,NA,NA,-0.0156992261862092,0.13731
YDL192W,ARF1,ADP-Ribosylation Factor,-0.0157100883357483,0.24499
YGR081C,SLX9,NA,-0.0157322113563004,0.12102
YBR240C,THI2,THIamine metabolism,-0.0157457491191588,0.31636
YDR281C,PHM6,PHosphate Metabolism,-0.0157531899960597,0.08163
YPR102C,RPL11A,Ribosomal Protein of the Large subunit,-0.015763597544522,0.09187
YJR123W,RPS5,Ribosomal Protein of the Small subunit,-0.0157739166098316,0.07761
YJR097W,JJJ3,J-protein (Type III),-0.0157794903957101,0.10798
YPR102C,RPL11A,Ribosomal Protein of the Large subunit,-0.0157990232149822,0.07703
YKL006W,RPL14A,Ribosomal Protein of the Large subunit,-0.0158610524037176,0.08772
YPL199C,NA,NA,-0.0158872333054192,0.08577
YPL068C,NA,NA,-0.0158921344687121,0.14191
YGL076C,RPL7A,Ribosomal Protein of the Large subunit,-0.0159157896147161,0.10798
YOR056C,NOB1,Nin1 (One) Binding protein,-0.0159261332256246,0.21836
YDR098C,GRX3,GlutaRedoXin,-0.0159312398200905,0.05568
YDL198C,GGC1,GDP/GTP Carrier,-0.0159987701713143,0.25521
YGR125W,VSB1,Vacuolar Storage of Basic amino acids,-0.0160039913396816,0.09218
YGR204W,ADE3,ADEnine requiring,-0.0160376741507873,0.09987
YNL151C,RPC31,RNA Polymerase C,-0.016040561694817,0.15618
YBR208C,DUR12,Degradation of URea,-0.0160543409145089,0.24405
YKL021C,MAK11,MAintenance of Killer,-0.0160948964006234,0.11762
YBL069W,AST1,ATPase STabilizing,-0.0161003544537427,0.19321
YDR408C,ADE8,ADEnine requiring,-0.016102817500432,0.10616
YGR285C,ZUO1,ZUOtin,-0.0161032494771729,0.073
YKL144C,RPC25,RNA Polymerase C,-0.0161125001186212,0.07817
YJR016C,ILV3,IsoLeucine-plus-Valine requiring,-0.0161204477927755,0.10776
YPL030W,TRM44,TRna Methyltransferase,-0.016169855012911,0.26665
YLR061W,RPL22A,Ribosomal Protein of the Large subunit,-0.0161707207932656,0.13138
YJL125C,GCD14,General Control Nonderepressible,-0.0161743644288213,0.16782
YGL031C,RPL24A,Ribosomal Protein of the Large subunit,-0.0161844020524289,0.08367
YJR069C,HAM1,6-n-HydroxylAMinopurine sensitive,-0.0161857632410039,0.1197
YER064C,VHR2,VHt1 Regulator,-0.0161964424838297,0.10129
YDR508C,GNP1,GlutamiNe Permease,-0.0162052651618919,0.21063
YOR143C,THI80,THIamine metabolism,-0.0162213108691475,0.04454
YOL055C,THI20,THIamine metabolism,-0.0162332632343508,0.11757
YAL023C,PMT2,Protein O-MannosylTransferase,-0.0162339193945283,0.10274
YEL063C,CAN1,CANavanine resistance,-0.0162781502863537,0.08835
YML055W,SPC2,Signal Peptidase Complex,-0.0163144031687268,0.13707
YIL133C,RPL16A,Ribosomal Protein of the Large subunit,-0.0163299403610268,0.12592
YGR169C,PUS6,PseudoUridine Synthase,-0.0163371150704123,0.07226
YNL256W,FOL1,FOLic acid synthesis,-0.0164063858300069,0.09501
YLR223C,IFH1,Interacts with Fork Head,-0.0164230967008894,0.2229
YDR348C,PAL1,Pears And Lemons,-0.0164724611364112,0.07927
YBR061C,TRM7,Transfer RNA Methyltransferase,-0.016486990704693,0.101
YDR399W,HPT1,Hypoxanthine guanine PhosphoribosylTransferase,-0.0165005439457628,0.15811
YCR043C,NA,NA,-0.0165058337847747,0.04804
YPL212C,PUS1,PseudoUridine Synthase,-0.0165112293584108,0.35528
YJR152W,DAL5,Degradation of Allantoin,-0.0165126845496602,0.32828
YGL123W,RPS2,Ribosomal Protein of the Small subunit,-0.016521697976227,0.08742
YLR008C,PAM18,Presequence translocase-Associated Motor,-0.0165479667080013,0.22473
YHL001W,RPL14B,Ribosomal Protein of the Large subunit,-0.0165553780913492,0.07511
YPL198W,RPL7B,Ribosomal Protein of the Large subunit,-0.0165686410555006,0.10392
YPL221W,FLC1,FLavin Carrier,-0.0165862939906885,0.14299
YBL068W,PRS4,PhosphoRibosylpyrophosphate Synthetase,-0.0165901042891637,0.04978
YOR063W,RPL3,Ribosomal Protein of the Large subunit,-0.0166065722717155,0.05686
YLL045C,RPL8B,Ribosomal Protein of the Large subunit,-0.0166172122774898,0.10722
YER056C-A,RPL34A,Ribosomal Protein of the Large subunit,-0.0166177876787422,0.10677
YPL032C,SVL3,Styryl dye Vacuolar Localization,-0.0166223452704059,0.09485
YOR224C,RPB8,RNA Polymerase B,-0.0166297899505057,0.12716
YER055C,HIS1,HIStidine,-0.0166477755435205,0.2008
YBL092W,RPL32,Ribosomal Protein of the Large subunit,-0.0166805589239337,0.05475
YKL082C,RRP14,Ribosomal RNA Processing,-0.0167085240994452,0.30986
YKL128C,PMU1,PhosphoMUtase,-0.0167334735245803,0.09474
YHR062C,RPP1,Ribonuclease P Protein,-0.0167588025411295,0.17096
YDL166C,FAP7,Factor Activating Pos9,-0.0167634050518697,0.06502
YNL247W,CRS1,"Cysteinyl-tRNA Synthetase, CysRS",-0.0167798238253283,0.02806
YIL118W,RHO3,Ras HOmolog,-0.0167823143275542,0.09166
YBL069W,AST1,ATPase STabilizing,-0.0168226375036337,0.15186
YEL042W,GDA1,Guanosine DiphosphatAse,-0.016849518695776,0.05558
YOR335C,ALA1,ALAnyl-tRNA synthetase,-0.0168501818180621,0.09784
YNL065W,AQR1,Acids Quinidine Resistance,-0.0168505841543143,0.28998
YMR308C,PSE1,Protein Secretion Enhancer,-0.0168512593941703,0.1007
YOL020W,TAT2,Tryptophan Amino acid Transporter,-0.0168962469621945,0.04312
YNL102W,POL1,POLymerase,-0.0169368209999272,0.18408
YHL015W,RPS20,Ribosomal Protein of the Small subunit,-0.0169384794803007,0.08422
YOR204W,DED1,Defines Essential Domain,-0.0169550184779229,0.05588
YLR029C,RPL15A,Ribosomal Protein of the Large subunit,-0.0169907746873301,0.06912
YOR091W,TMA46,Translation Machinery Associated,-0.0169961664994732,0.14721
YDL150W,RPC53,RNA Polymerase C,-0.0169961670394047,0.20773
YPR163C,TIF3,Translation Initiation Factor,-0.0169972389166794,0.04499
YHR046C,INM1,INositol Monophosphatase,-0.0170102341017706,0.14397
YLR048W,RPS0B,Ribosomal Protein of the Small subunit,-0.0170408698626476,0.09628
YJL011C,RPC17,RNA Polymerase C,-0.0170696956921051,0.13564
YML116W,ATR1,AminoTriazole Resistance,-0.0170701978425427,0.23599
YNL292W,PUS4,PseudoUridine Synthase,-0.0170981241126031,0.02892
YLR060W,FRS1,phenylalanyl (F)-tRNA Synthetase,-0.0171203534776188,0.08234
YHL001W,RPL14B,Ribosomal Protein of the Large subunit,-0.0171213953369492,0.09834
YDL227C,HO,HOmothallic switching endonuclease,-0.0171510877696721,0.17655
YDL167C,NRP1,N (asparagine)-Rich Protein,-0.01715997155324,0.13221
YIL019W,FAF1,Forty (40) S Assembly Factor,-0.0171724203420409,0.17776
YDL213C,NOP6,NucleOlar Protein,-0.0172111530182568,0.11579
YKL212W,SAC1,Suppressor of ACtin,-0.0172275995554961,0.11288
YOR096W,RPS7A,Ribosomal Protein of the Small subunit,-0.0172343871822736,0.15848
YOR252W,TMA16,Translation Machinery Associated,-0.0172375708603793,0.16163
YGR187C,HGH1,HmG1/2 Homolog,-0.0172555542467462,0.31656
YKL006W,RPL14A,Ribosomal Protein of the Large subunit,-0.0172662966516319,0.07952
YCR031C,RPS14A,Ribosomal Protein of the Small subunit,-0.0172789886696952,0.09169
YNL178W,RPS3,Ribosomal Protein of the Small subunit,-0.0172823352032299,0.15434
YDL191W,RPL35A,Ribosomal Protein of the Large subunit,-0.0172879138179017,0.06581
YIR030C,DCG1,Dal80p-Controlled Gene,-0.0173025091139916,0.09976
YMR116C,ASC1,Absence of growth Suppressor of Cyp1,-0.0173145815161927,0.08859
YDL031W,DBP10,Dead Box Protein,-0.017321944507917,0.18043
YJL136C,RPS21B,Ribosomal Protein of the Small subunit,-0.0173284535575921,0.06874
YIL064W,EFM4,Elongation Factor Methyltransferase,-0.0173290611950588,0.0526
YDL122W,UBP1,UBiquitin-specific Protease,-0.0173488088621524,0.03402
YLR022C,SDO1,NA,-0.0173567286359167,0.12727
YIL079C,AIR1,Arginine methyltransferase-Interacting RING finger protein,-0.0173692030575228,0.1806
YPR041W,TIF5,Translation Initiation Factor,-0.0173861843661794,0.05564
YLR185W,RPL37A,Ribosomal Protein of the Large subunit,-0.017386913934062,0.09271
YPL214C,THI6,THIamine biosynthesis,-0.0173894186649171,0.0786
YPL249C-A,RPL36B,Ribosomal Protein of the Large subunit,-0.0173969888386588,0.15501
YOR128C,ADE2,ADEnine requiring,-0.0173987023372389,0.26445
YBR078W,ECM33,ExtraCellular Mutant,-0.0174830016315444,0.29281
YBR031W,RPL4A,Ribosomal Protein of the Large subunit,-0.0175122928577194,0.11443
YLR332W,MID2,Mating pheromone-Induced Death,-0.0175550751059692,0.10849
YAL003W,EFB1,Elongation Factor Beta,-0.017567291383154,0.14268
YLR333C,RPS25B,Ribosomal Protein of the Small subunit,-0.0175748249708571,0.08513
YIL127C,RRT14,Regulator of rDNA Transcription,-0.0175792554390568,0.28123
YMR014W,BUD22,BUD site selection,-0.0175873054988264,0.19631
YOL039W,RPP2A,Ribosomal Protein P2 Alpha,-0.017597580723939,0.09581
YOL120C,RPL18A,Ribosomal Protein of the Large subunit,-0.0176151042148267,0.09565
YJL208C,NUC1,NUClease,-0.0176288595962505,0.07032
YGR280C,PXR1,PinX1-Related gene,-0.017641650162647,0.36804
YBR172C,SMY2,Suppressor of MYo2-66,-0.0176638098659124,0.10154
YGR151C,NA,NA,-0.0176754047835034,0.16811
YML113W,DAT1,DATin,-0.0176846896241969,0.26935
YOR153W,PDR5,Pleiotropic Drug Resistance,-0.0177042282786541,0.19219
YDR433W,NA,NA,-0.0177110738544653,0.10706
YHR169W,DBP8,Dead Box Protein,-0.0177234265849694,0.24446
YGR173W,RBG2,RiBosome interacting Gtpase,-0.0177445149237741,0.15703
YER062C,GPP2,Glycerol-3-Phosphate Phosphatase,-0.0177594183472123,0.283
YNL113W,RPC19,RNA Polymerase C,-0.0177595807896574,0.32489
YDL003W,MCD1,Mitotic Chromosome Determinant,-0.0177895875319386,0.17659
YFL001W,DEG1,DEpressed Growth rate,-0.0178187901246696,0.07333
YDR120C,TRM1,tRNA Methyltransferase,-0.0178272212889337,0.13373
YLL053C,NA,NA,-0.0178345469183342,0.09989
YOR337W,TEA1,Ty Enhancer Activator,-0.017848824147771,0.18359
YBR143C,SUP45,SUPpressor,-0.0178527852830495,0.04196
YPR125W,YLH47,Yeast LETM1 Homolog of 47 kD,-0.0178587967130544,0.06504
YML073C,RPL6A,Ribosomal Protein of the Large subunit,-0.0178977399227764,0.10321
YOL144W,NOP8,NucleOlar Protein,-0.0179001104865858,0.22305
YJL080C,SCP160,S. cerevisiae protein involved in the Control of Ploidy,-0.0179297735939314,0.05171
YJR094W-A,RPL43B,Ribosomal Protein of the Large subunit,-0.017940627970909,0.06244
YJR143C,PMT4,Protein O-MannosylTransferase,-0.0179460037674717,0.12894
YER156C,MYG1,NA,-0.0179655402485872,0.03823
YPR033C,HTS1,Histidine-Trna Synthetase,-0.0180180711400961,0.11206
YOR207C,RET1,Reduced Efficiency of Termination,-0.0180397777449264,0.0617
YLR221C,RSA3,RiboSome Assembly,-0.0180629225568064,0.08783
YPR143W,RRP15,Ribosomal RNA Processing,-0.0180959967210723,0.20085
YHR010W,RPL27A,Ribosomal Protein of the Large subunit,-0.018104446354038,0.07578
YDR339C,FCF1,Faf1p Copurifying Factor,-0.0181194852253337,0.17044
YHL016C,DUR3,Degradation of URea,-0.0181530076486637,0.21612
YJL177W,RPL17B,Ribosomal Protein of the Large subunit,-0.0181799811148353,0.06605
YKL006W,RPL14A,Ribosomal Protein of the Large subunit,-0.0181827018728979,0.082170000000000007
YHL040C,ARN1,AFT1 ReguloN,-0.0181959493947331,0.18068
YHR019C,DED81,Defines Essential Domain,-0.0182051423384222,0.03937
YPL086C,ELP3,ELongator Protein,-0.0182105491866297,0.13045
YKR061W,KTR2,Kre Two Related,-0.0182326766940393,0.04395
YDL131W,LYS21,LYSine,-0.0182528087126684,0.06806
YPL207W,TYW1,Trna-YW synthesizing protein,-0.0182753160696565,0.05076
YDL051W,LHP1,La-Homologous Protein,-0.0183145367113171,0.19288
YML026C,RPS18B,Ribosomal Protein of the Small subunit,-0.0183371728860196,0.07001
YDR300C,PRO1,PROline requiring,-0.0183619545314719,0.02732
YKL056C,TMA19,Translation Machinery Associated,-0.0183712572848979,0.10057
YKR094C,RPL40B,Ribosomal Protein of the Large subunit,-0.0183773590500854,0.06738
YER082C,UTP7,U Three Protein,-0.0183818082125417,0.18062
YOR294W,RRS1,Regulator of Ribosome Synthesis,-0.0183842712591813,0.27902
YBR106W,SND3,SRP-iNDependent targeting,-0.0183949187258035,0.03728
YNL231C,PDR16,Pleiotropic Drug Resistance,-0.0184066470635534,0.04777
YPR190C,RPC82,RNA Polymerase C,-0.018435511469578,0.26473
YGR229C,SMI1,Suppressor of MAR Inhibitor,-0.0184893658010167,0.06506
YKR026C,GCN3,General Control Nonderepressible,-0.0184914817140773,0.14994
YGR214W,RPS0A,Ribosomal Protein of the Small subunit,-0.0185155744115675,0.07275
YDR321W,ASP1,ASParaginase,-0.0185916351456904,0.07841
YPL160W,CDC60,Cell Division Cycle,-0.0185980103286756,0.0368
YNL308C,KRI1,KRR1-Interacting protein,-0.0186023889906124,0.21627
YER043C,SAH1,S-Adenosyl-l-Homocysteine hydrolase,-0.0186274892740507,0.26298
YOR203W,NA,NA,-0.0186354139949425,0.12844
YHR088W,RPF1,Ribosome Production Factor,-0.0186508274788603,0.23164
YGL097W,SRM1,Suppressor of Receptor Mutations,-0.0187160563371956,0.0861
YNL207W,RIO2,RIght Open reading frame,-0.0187258910056936,0.07062
YMR116C,ASC1,Absence of growth Suppressor of Cyp1,-0.018741645816308,0.08159
YKL099C,UTP11,U Three Protein,-0.0187827783005849,0.13685
YKR079C,TRZ1,tRNase Z,-0.0187994400729013,0.05518
YPL256C,CLN2,CycLiN,-0.0188240033209188,0.14869
YNL069C,RPL16B,Ribosomal Protein of the Large subunit,-0.0188280927957618,0.08318
YMR309C,NIP1,Nuclear ImPort,-0.018828797286947,0.10514
YML063W,RPS1B,Ribosomal Protein of the Small subunit,-0.0188450100931849,0.06296
YNL277W,MET2,METhionine requiring,-0.0188589567858351,0.15148
YBR104W,YMC2,Yeast Mitochondrial Carrier,-0.0189282364564277,0.1545
YHR063C,PAN5,PANtothenate biosynthesis,-0.0189414428588604,0.19484
YMR269W,TMA23,Translation Machinery Associated,-0.0189610125598512,0.09469
YAL003W,EFB1,Elongation Factor Beta,-0.0189762437481923,0.09771
YLR074C,BUD20,BUD site selection,-0.0189876149899568,0.30194
YEL046C,GLY1,GLYcine requiring,-0.0190470940875644,0.13298
YIL110W,HPM1,Histidine Protein Methyltransferase,-0.0191006598821654,0.07011
YMR260C,TIF11,Translation Initiation Factor,-0.0191090759646138,0.09685
YLR264W,RPS28B,Ribosomal Protein of the Small subunit,-0.0191320523042444,0.13203
YLR359W,ADE13,ADEnine requiring,-0.0191779156229702,0.07529
YLR388W,RPS29A,Ribosomal Protein of the Small subunit,-0.019252880867765,0.06046
YBR191W,RPL21A,Ribosomal Protein of the Large subunit,-0.0192764751656571,0.07972
YJR124C,NA,NA,-0.0193253784400885,0.04335
YBR155W,CNS1,CyclophiliN Seven suppressor,-0.0193532805860407,0.21586
YGR264C,MES1,MEthionyl-tRNA Synthetase,-0.0193591862899908,0.05375
YER002W,NOP16,NucleOlar Protein,-0.0193651591352559,0.29188
YDL130W,RPP1B,Ribosomal Protein P1 Beta,-0.0193794847518338,0.0763
YDL083C,RPS16B,Ribosomal Protein of the Small subunit,-0.0193829476136648,0.06602
YHL033C,RPL8A,Ribosomal Protein of the Large subunit,-0.01939626886514,0.09737
YOL041C,NOP12,NucleOlar Protein,-0.0194149383448711,0.2111
YNL313C,EMW1,Essential for Maintenance of the cell Wall,-0.0194207969278063,0.05839
YKR060W,UTP30,U Three Protein,-0.0194260330687075,0.17826
YOR234C,RPL33B,Ribosomal Protein of the Large subunit,-0.0194404171607745,0.06108
YDR361C,BCP1,NA,-0.0194527439477926,0.081
YGR124W,ASN2,ASparagiNe requiring,-0.0194602758623795,0.03369
YBR154C,RPB5,RNA Polymerase B,-0.0194624051310226,0.14033
YDR297W,SUR2,SUppressor of Rvs161 and rvs167 mutations,-0.0194683558730525,0.06485
YBR141C,BMT2,Base MethylTransferase of 25S RNA,-0.0194839616346401,0.2442
YDL130W,RPP1B,Ribosomal Protein P1 Beta,-0.0195194647925261,0.09407
YDL037C,BSC1,Bypass of Stop Codon,-0.0195315934552758,0.18816
YPL146C,NOP53,NucleOlar Protein,-0.0195518662611133,0.12524
YOR051C,ETT1,Enhancer of Translation Termination 1,-0.0195541286051468,0.22789
YLR023C,IZH3,Implicated in Zinc Homeostasis,-0.0196267145311449,0.14046
YMR016C,SOK2,Suppressor Of Kinase,-0.0196350172849359,0.06013
YKR024C,DBP7,Dead Box Protein,-0.0196572329398393,0.29209
YLR441C,RPS1A,Ribosomal Protein of the Small subunit,-0.0196841378074493,0.0751
YER052C,HOM3,HOMoserine requiring,-0.0196871314754376,0.28658
YPL252C,YAH1,Yeast Adrenodoxin Homolog,-0.0196873346400619,0.13463
YNL209W,SSB2,Stress-Seventy subfamily B,-0.0197087179851764,0.11249
YDR033W,MRH1,Membrane protein Related to Hsp30p,-0.0197323029902492,0.18478
YOR293W,RPS10A,Ribosomal Protein of the Small subunit,-0.0197730876800146,0.05171
YOL040C,RPS15,Ribosomal Protein of the Small subunit,-0.0198175986401359,0.08254
YLR068W,FYV7,Function required for Yeast Viability,-0.0198577775852724,0.10611
YIL096C,BMT5,Base Methyltransferase of Twenty five S rRNA 5,-0.0199071700624096,0.19441
YGL076C,RPL7A,Ribosomal Protein of the Large subunit,-0.0199140290903097,0.04504
YGL111W,NSA1,Nop Seven Associated,-0.0199449504953491,0.13989
YML043C,RRN11,Regulation of RNA polymerase I,-0.0199682204424687,0.15575
YPL131W,RPL5,Ribosomal Protein of the Large subunit,-0.0199996233765392,0.05523
YGL234W,ADE57,ADEnine requiring,-0.0200158348908004,0.04461
YGR200C,ELP2,ELongator Protein,-0.0200306634194523,0.06368
YNR018W,RCF2,Respiratory superComplex Factor,-0.020036175319725,0.09642
YDR060W,MAK21,MAintenance of Killer,-0.0200948084973362,0.14028
YOR283W,NA,NA,-0.020107228018468,0.09099
YLR106C,REA1,Ribosome Export/Assembly,-0.0201097012458149,0.07227
YGR151C,NA,NA,-0.0201137233564285,0.15961
YPL263C,KEL3,KELch,-0.0201301851670235,0.05453
YHR010W,RPL27A,Ribosomal Protein of the Large subunit,-0.0201864860898263,0.06655
YIL104C,SHQ1,Small nucleolar RNAs of the box H/ACA family Quantitative accumulation,-0.020207527003961,0.12083
YAL036C,RBG1,RiBosome interacting Gtpase,-0.0202299591471745,0.24457
YHR070W,TRM5,tRNA Methyltransferase,-0.0202444305161723,0.14672
YPL163C,SVS1,Suppressor of Vanadate Sensitivity,-0.0202549562294271,0.28201
YMR307W,GAS1,Glycophospholipid-Anchored Surface protein,-0.0202632908284173,0.20317
YJR041C,URB2,Unhealthy Ribosome Biogenesis,-0.0203032650587122,0.08297
YHR092C,HXT4,HeXose Transporter,-0.0203165538821212,0.2049
YDR064W,RPS13,Ribosomal Protein of the Small subunit,-0.0203286804652632,0.05226
YOR359W,VTS1,VTi1-2 Suppressor,-0.0203450702714488,0.29206
YHR126C,ANS1,NA,-0.0204029512837915,0.17879
YDR087C,RRP1,Ribosomal RNA Processing,-0.0204151504508324,0.17061
YLL052C,AQY2,AQuaporin from Yeast,-0.0204533715067516,0.0926
YEL055C,POL5,POLymerase,-0.020465366633903002,0.0359
YOR287C,RRP36,Ribosomal RNA Processing,-0.0204757948640791,0.17664
YAL019W,FUN30,Function Unknown Now,-0.0204863521559463,0.04127
YPR110C,RPC40,RNA Polymerase C,-0.0204881847205891,0.10846
YGL099W,LSG1,Large-Subunit Gtpase,-0.0205630203879317,0.15592
YLL045C,RPL8B,Ribosomal Protein of the Large subunit,-0.0206222313308945,0.12576
YER137C,NA,NA,-0.0206346734800359,0.10164
YJL177W,RPL17B,Ribosomal Protein of the Large subunit,-0.0206404228512027,0.07961
YDL182W,LYS20,LYSine requiring,-0.020673422576293,0.11761
YBR007C,DSF2,Deletion Suppressor of mptFive/pufFive mutation,-0.0206871625635548,0.03771
YJL010C,NOP9,NucleOlar Protein,-0.0206999630884583,0.16539
YLR083C,EMP70,NA,-0.0207093653791652,0.02746
YKR092C,SRP40,Serine Rich Protein,-0.0207243353871788,0.17491
YLR056W,ERG3,ERGosterol biosynthesis,-0.0207505020398618,0.12752
YBL024W,NCL1,NuCLear protein,-0.020753906801863502,0.12581
YOL097C,WRS1,W (tryptophan) RS (tRNA synthetase),-0.0207665422293905,0.03848
YGL202W,ARO8,AROmatic amino acid requiring,-0.0207748240393205,0.04967
YML022W,APT1,Adenine PhosphoribosylTransferase,-0.0207825893385563,0.05145
YNL110C,NOP15,NucleOlar Protein,-0.0207850092278908,0.28116
YGL253W,HXK2,HeXoKinase,-0.0208090434790996,0.25628
YCL036W,GFD2,Great for Full DEAD box protein activity,-0.0208280089132206,0.1998
YBR115C,LYS2,LYSine requiring,-0.0208299362419948,0.06779
YNL298W,CLA4,CLn Activity dependant,-0.0208467269121189,0.0603
YDR412W,RRP17,Ribosomal RNA Processing,-0.020854379701421,0.09066
YLL012W,YEH1,Yeast steryl Ester Hydrolase,-0.0208663720765189,0.1855
YER049W,TPA1,Termination and PolyAdenylation,-0.0208949056364481,0.07211
YBR189W,RPS9B,Ribosomal Protein of the Small subunit,-0.0208975262128495,0.09316
YHR149C,SKG6,Suppressor of lethality of Kex2 Gas1 double null mutant,-0.0209108388423997,0.0492
YHR020W,NA,NA,-0.0209305018916807,0.12565
YBR267W,REI1,REquired for Isotropic bud growth,-0.0209474518871499,0.22749
YKL143W,LTV1,Low Temperature Viability,-0.0210007828981709,0.15852
YJL069C,UTP18,U Three Protein,-0.0210113375115785,0.22347
YHR085W,IPI1,Involved in Processing ITS2,-0.0210155644985826,0.21867
YOR243C,PUS7,PseudoUridine Synthase,-0.0210426998394119,0.06225
YNR054C,ESF2,Eighteen S rRNA Factor 2,-0.0210613562851574,0.17753
YEL054C,RPL12A,Ribosomal Protein of the Large subunit,-0.0211469410850652,0.10108
YDR045C,RPC11,RNA Polymerase C,-0.0211488181333257,0.19875
YDR324C,UTP4,U Three Protein,-0.0211796672805031,0.13455
YJR137C,MET5,METhionine requiring,-0.0211801259933752,0.13416
YNL334C,SNO2,SNZ proximal Open reading frame,-0.0211830969065398,0.1473
YDR012W,RPL4B,Ribosomal Protein of the Large subunit,-0.0212117426464241,0.16014
YDR502C,SAM2,S-AdenosylMethionine requiring,-0.0212136133755201,0.239
YLR435W,TSR2,Twenty S rRNA accumulation,-0.0212322923815305,0.08339
YER036C,ARB1,ATP-binding cassette protein involved in Ribosome Biogenesis,-0.0212815855834672,0.14184
YBL004W,UTP20,U Three Protein,-0.0213325898777756,0.07663
YCR016W,NA,NA,-0.021388134736005,0.08495
YPL217C,BMS1,BMh Sensitive,-0.0214507209506342,0.15185
YLR002C,NOC3,NucleOlar Complex associated,-0.0214953795255832,0.07684
YMR177W,MMT1,Mitochondrial Metal Transporter,-0.021500160560409,0.02864
YOR293W,RPS10A,Ribosomal Protein of the Small subunit,-0.0215240414409703,0.06906
YBR079C,RPG1,NA,-0.0215275958912491,0.03941
YMR318C,ADH6,Alcohol DeHydrogenase,-0.0215288122447408,0.23864
YBR105C,VID24,Vacuolar Import and Degradation,-0.021532451273049,0.25347
YHR068W,DYS1,DeoxyhYpusine Synthase,-0.0215414443909912,0.04095
YDL153C,SAS10,Something About Silencing,-0.0215676741029338,0.17796
YLR276C,DBP9,Dead Box Protein,-0.0216223423120784,0.18929
YML080W,DUS1,DihydroUridine Synthase,-0.0216320247849327,0.124
YBR078W,ECM33,ExtraCellular Mutant,-0.0216504722665502,0.23913
YDR471W,RPL27B,Ribosomal Protein of the Large subunit,-0.0216607906010916,0.0641
YLR406C,RPL31B,Ribosomal Protein of the Large subunit,-0.0216965876056681,0.07932
YNL220W,ADE12,ADEnine requiring,-0.0217099750851182,0.13525
YKR080W,MTD1,Methylene Tetrahydrafolate Dehydrogenase,-0.0217407065161827,0.11752
YPL081W,RPS9A,Ribosomal Protein of the Small subunit,-0.0217673126439691,0.25118
YPR145W,ASN1,ASparagiNe requiring,-0.0218604615079899,0.06402
YLR293C,GSP1,Genetic Suppressor of Prp20-1,-0.0218954134123784,0.0444
YKL172W,EBP2,EBNA1-binding protein (homolog),-0.0219140050380251,0.19107
YMR058W,FET3,FErrous Transport,-0.0219172065899145,0.3547
YJL033W,HCA4,Helicase CA,-0.0219403362843684,0.21765
YBR092C,PHO3,PHOsphate metabolism,-0.0220227704788943,0.19555
YHR144C,DCD1,dCMP Deaminase,-0.0222234579458984,0.02402
YLR168C,UPS2,UnProceSsed,-0.0222693591498657,0.25439
YMR244W,NA,NA,-0.0222771194175052,0.18643
YOR338W,NA,NA,-0.0223019141638775,0.25889
YLR406C,RPL31B,Ribosomal Protein of the Large subunit,-0.0223123736432075,0.05723
YMR128W,ECM16,ExtraCellular Mutant,-0.0223391649051567,0.15329
YNL142W,MEP2,NA,-0.0224188844312391,0.25412
YOR361C,PRT1,PRoTein synthesis,-0.0224323994139042,0.02447
YPL183C,RTT10,Regulator of Ty1 Transposition,-0.0224526144705269,0.15914
YEL040W,UTR2,Unidentified TRanscript,-0.022453661231297,0.06997
YER110C,KAP123,KAryoPherin,-0.0225159513997151,0.07001
YOR206W,NOC2,NucleOlar Complex associated,-0.0225637558082092,0.09249
YBR189W,RPS9B,Ribosomal Protein of the Small subunit,-0.0225640149343069,0.05722
YLR048W,RPS0B,Ribosomal Protein of the Small subunit,-0.0225814514636472,0.06751
YDR037W,KRS1,Lysyl (K) tRNA Synthetase,-0.0226157701853483,0.07961
YGR090W,UTP22,U Three Protein,-0.0226228301895251,0.1358
YJL198W,PHO90,PHOsphate metabolism,-0.0227210860158967,0.21199
YGR145W,ENP2,Essential Nuclear Protein,-0.0227947241356035,0.21253
YHR170W,NMD3,Nonsense-Mediated mRNA Decay,-0.0228764421063852,0.19991
YER127W,LCP5,Lethal with Conditional Pap1,-0.0229151420761095,0.21423
YOR101W,RAS1,homologous to RAS proto-oncogene,-0.022916206597116,0.09201
YPL126W,NAN1,Net1 Associated Nuclear protein,-0.0229623360803899,0.13674
YNL132W,KRE33,Killer toxin REsistant,-0.0230307109603928,0.10989
YDR395W,SXM1,Suppressor of mRNA eXport Mutant,-0.0230333587864946,0.02808
YIL103W,DPH1,DiPHthamide biosynthesis,-0.0230382455335706,0.12897
YOR306C,MCH5,MonoCarboxylate transporter Homolog,-0.0231521467226741,0.20833
YPR167C,MET16,METhionine requiring,-0.0231671945286889,0.05524
YDL201W,TRM8,Transfer RNA Methyltransferase,-0.023258003636051,0.13355
YER056C-A,RPL34A,Ribosomal Protein of the Large subunit,-0.0232716026157904,0.07596
YNL096C,RPS7B,Ribosomal Protein of the Small subunit,-0.0233001755858446,0.10547
YNL096C,RPS7B,Ribosomal Protein of the Small subunit,-0.0233137808552224,0.05946
YIR012W,SQT1,Suppressor of QSR1 Truncations,-0.0233366465027321,0.14128
YPL198W,RPL7B,Ribosomal Protein of the Large subunit,-0.0233533860278679,0.21036
YKL216W,URA1,URAcil requiring,-0.0233742744507853,0.05245
YGR191W,HIP1,HIstidine Permease,-0.0233802412264783,0.05891
YLR129W,DIP2,DOM34 Interacting Protein,-0.0233883071593738,0.12424
YLR051C,FCF2,Faf1p Copurifying Factor,-0.0234151158795611,0.14894
YNL075W,IMP4,Interacting with Mpp10p,-0.0234233495001647,0.23887
YPL081W,RPS9A,Ribosomal Protein of the Small subunit,-0.0234241652431342,0.28955
YHL011C,PRS3,PhosphoRibosylpyrophosphate Synthetase,-0.0234462186236456,0.06746
YOR095C,RKI1,Ribose-5-phosphate Ketol-Isomerase,-0.0234823577092453,0.20999
YER158C,NA,NA,-0.0234986756415685,0.03958
YML060W,OGG1,8-OxoGuanine Glycosylase/lyase,-0.023500817528927,0.01947
YJR047C,ANB1,ANaeroBically induced,-0.0235150160805445,0.17225
YPL043W,NOP4,NucleOlar Protein,-0.0235515223621866,0.24493
YFR030W,MET10,METhionine requiring,-0.0235696205654536,0.08712
YDR165W,TRM82,Transfer RNA Methyltransferase,-0.023584034842349,0.12562
YLR073C,RFU1,Regulator of Free Ubiquitin chains,-0.023600084203866,0.18473
YJL050W,MTR4,Mrna TRansport,-0.0236135627639762,0.08991
YNL002C,RLP7,Ribosomal-Like Protein,-0.0236417940054812,0.26498
YCL059C,KRR1,contains KRR-R motif,-0.0236675356438951,0.059520000000000003
YCR034W,ELO2,fatty acid ELOngation,-0.023686030829529,0.0516
YIR029W,DAL2,Degradation of Allantoin,-0.0237042751724607,0.17643
YPR112C,MRD1,Multiple RNA-binding domain,-0.0237230291515643,0.12106
YDR021W,FAL1,eukaryotic translation initiation factor Four A Like,-0.0237268750702233,0.13253
YCL054W,SPB1,Suppressor of PaB1 mutant,-0.023733676640511,0.1205
YBR034C,HMT1,HnRNP MethylTransferase,-0.0237679473322767,0.17607
YCL018W,LEU2,LEUcine biosynthesis,-0.0238197105235481,0.1959
YPR144C,NOC4,NucleOlar Complex associated,-0.0238404553855771,0.20001
YIL091C,UTP25,U Three Protein,-0.0238560347653159,0.1433
YDR465C,RMT2,aRginine MeThyltransferase,-0.0238600198306215,0.14894
YDL208W,NHP2,Non-Histone Protein,-0.0238700085420611,0.18526
YLR406C,RPL31B,Ribosomal Protein of the Large subunit,-0.0238746523303586,0.0627
YLR004C,THI73,THIamine regulon,-0.0239100280677544,0.11486
YKL078W,DHR2,DEAH-box RNA helicase,-0.0239644160230275,0.14622
YMR310C,NA,NA,-0.0239666555955827,0.17955
YKL024C,URA6,URAcil requiring,-0.0239752683437344,0.10601
YOL010W,RCL1,Rna 3'-terminal phosphate Cyclase Like,-0.0240152527855769,0.20799
YLR449W,FPR4,FKBP Proline Rotamase (isomerase),-0.024047844966179,0.15445
YPR137W,RRP9,Ribosomal RNA Processing,-0.0240502872228016,0.19491
YLL034C,RIX7,RIbosome eXport,-0.0240598045957178,0.14975
YPL266W,DIM1,DIMethylase,-0.0240978489740992,0.12312
YJL177W,RPL17B,Ribosomal Protein of the Large subunit,-0.0241772323491034,0.05973
YLR364W,GRX8,GlutaRedoXin,-0.0241793197208991,0.03817
YCR020C,PET18,PETite colonies,-0.0242067674506053,0.23116
YNL301C,RPL18B,Ribosomal Protein of the Large subunit,-0.0242089820409649,0.04379
YCL025C,AGP1,high-Affinity Glutamine Permease,-0.0243859233619491,0.09932
YPR159W,KRE6,Killer toxin REsistant,-0.0243993274007784,0.04935
YDR496C,PUF6,PUmilio-homology domain Family,-0.024406618496312298,0.14921
YMR194W,RPL36A,Ribosomal Protein of the Large subunit,-0.0244111573027412,0.07959
YIR031C,DAL7,Degradation of Allantoin,-0.0244282990633858,0.07476
YLR092W,SUL2,SULfate,-0.0244601980715475,0.10388
YGR061C,ADE6,ADEnine requiring,-0.0244693061270951,0.05882
YNR012W,URK1,URidine Kinase,-0.0244957193102199,0.07009
YKL081W,TEF4,Translation Elongation Factor,-0.0245372485736916,0.04578
YCR057C,PWP2,Periodic tryptophan (W) Protein,-0.0245479567513638,0.11874
YOR340C,RPA43,RNA Polymerase A,-0.0246396333824063,0.16695
YJL158C,CIS3,CIk1 Suppressing,-0.0246554025521083,0.31038
YLR448W,RPL6B,Ribosomal Protein of the Large subunit,-0.0246868271337385,0.05822
YLR048W,RPS0B,Ribosomal Protein of the Small subunit,-0.024707445849796,0.04709
YGL009C,LEU1,LEUcine biosynthesis,-0.0247710027480786,0.07752
YBR213W,MET8,METhionine requiring,-0.0247731962478478,0.12049
YGR152C,RSR1,RaS-Related,-0.024781513395848,0.05139
YHR066W,SSF1,Suppressor of ste4 (Four),-0.0247844289096374,0.25874
YDR449C,UTP6,U Three Protein,-0.0248794763593929,0.15724
YBR238C,NA,NA,-0.024948089816837,0.1023
YGL147C,RPL9A,Ribosomal Protein of the Large subunit,-0.0249608281368208,0.14127
YFL034C-A,RPL22B,Ribosomal Protein of the Large subunit,-0.0250156787621407,0.24561
YDR091C,RLI1,RNase L Inhibitor,-0.0250249517737552,0.07184
YKL081W,TEF4,Translation Elongation Factor,-0.025076774737827,0.02774
YER001W,MNN1,MaNNosyltransferase,-0.0250802847767856,0.07321
YNL289W,PCL1,Pho85 CycLin,-0.0251678601552573,0.17824
YGR283C,NA,NA,-0.0252838985642768,0.12853
YNL061W,NOP2,NucleOlar Protein,-0.0252929437942954,0.15161
YDR083W,RRP8,Ribosomal RNA Processing,-0.0253164302241938,0.13155
YML018C,NA,NA,-0.0253242634090038,0.28668
YDR184C,ATC1,Aip Three Complex,-0.0253590497000152,0.10698
YOR226C,ISU2,IscU homolog,-0.0253755360200838,0.10205
YGR245C,SDA1,Severe Depolymerization of Actin,-0.0253880810808953,0.16139
YPL187W,MF(ALPHA)1,Mating Factor ALPHA,-0.0253903304682848,0.11413
YMR229C,RRP5,Ribosomal RNA Processing,-0.0253939817889808,0.08004
YNL333W,SNZ2,SNooZe,-0.0254500583877051,0.33341
YIR026C,YVH1,Yeast vaccinia virus VH1 Homolog,-0.025457136935794,0.13484
YMR300C,ADE4,ADEnine requiring,-0.0254784942823114,0.10219
YMR093W,UTP15,U Three Protein,-0.0255749867291491,0.23764
YJR063W,RPA12,RNA Polymerase A,-0.0255970171502163,0.23882
YPL211W,NIP7,Nuclear ImPort,-0.0256417180225913,0.13243
YGR103W,NOP7,NucleOlar Protein,-0.025669005026412402,0.09851
YLR186W,EMG1,Essential for Mitotic Growth,-0.0256932302268312,0.20735
YOR309C,NA,NA,-0.0257118672016849,0.09537
YAL059W,ECM1,ExtraCellular Mutant,-0.0257238825058944,0.16021
YIL074C,SER33,SERine requiring,-0.0258642761679045,0.03774
YNL062C,GCD10,General Control Derepressed,-0.0258727106562964,0.1569
YDL063C,SYO1,SYnchronized impOrt or SYmpOrtin,-0.0259475715032007,0.16267
YGR162W,TIF4631,Translation Initiation Factor,-0.025950323381192,0.01989
YGL225W,VRG4,Vandate Resistance Glycosylation,-0.0259521425210511,0.0377
YLL011W,SOF1,Suppressor Of Fibrillarin,-0.0259962851705426,0.25113
YBR142W,MAK5,MAintenance of Killer,-0.0261693611868248,0.12015
YOR004W,UTP23,U Three-associated Protein,-0.026173450055753,0.16748
YPL226W,NEW1,Nu+,-0.02626425532651,0.10817
YPR060C,ARO7,AROmatic amino acid requiring,-0.0262934260017007,0.02604
YHR148W,IMP3,Interacting with Mpp10p,-0.0263246501364432,0.18007
YJL109C,UTP10,U Three Protein,-0.0263419754384005,0.07251
YDL148C,NOP14,NucleOlar Protein,-0.0263494571740351,0.10388
YDL182W,LYS20,LYSine requiring,-0.0263758630231299,0.10691
YCR072C,RSA4,RiboSome Assembly,-0.0264452811216746,0.15588
YLR009W,RLP24,Ribosomal-Like Protein,-0.0264474675657567,0.21835
YOR272W,YTM1,NA,-0.0264620311093791,0.20628
YMR239C,RNT1,RNase Three,-0.026578335522731,0.17161
YAL025C,MAK16,MAintenance of Killer,-0.0266177036493892,0.11328
YLR409C,UTP21,U Three Protein,-0.0266799217371354,0.106
YFL022C,FRS2,phenylalanyl (F)-tRNA Synthetase,-0.0269178039463837,0.02905
YKL014C,URB1,Unhealthy Ribosome Biogenesis,-0.0270155862557399,0.05956
YDR299W,BFR2,BreFeldin A Resistance,-0.0271289146476922,0.14891
YBR247C,ENP1,Essential Nuclear Protein,-0.0271359279315406,0.17706
YDL060W,TSR1,Twenty S rRNA accumulation,-0.0271552178170298,0.15663
YJL190C,RPS22A,Ribosomal Protein of the Small subunit,-0.0271652873763244,0.0352
YGL171W,ROK1,Rescuer Of Kem1,-0.0272109600222201,0.04692
YGL029W,CGR1,Coiled-coil Growth-Regulated,-0.0272183863748035,0.2163
YNL182C,IPI3,Involved in Processing ITS2,-0.0273193069122428,0.1201
YAR015W,ADE1,ADEnine requiring,-0.0273267225442627,0.08337
YGR208W,SER2,SERine requiring,-0.0273406911050333,0.10002
YBL028C,NA,NA,-0.0273632739593354,0.16339
YHR128W,FUR1,5-FluoroURidine resistant,-0.0274100758419124,0.03741
YHR196W,UTP9,U Three Protein,-0.0274607901362186,0.1359
YOL080C,REX4,Rna EXonuclease,-0.027473050553283,0.10816
YDR398W,UTP5,U Three Protein,-0.0274931896711987,0.15617
YGR128C,UTP8,U Three Protein,-0.0275382459153747,0.12612
YDL039C,PRM7,Pheromone-Regulated Membrane protein,-0.0275392434194106,0.14884
YLR413W,INA1,INdicator of Abscission,-0.0275877729897286,0.07944
YOL136C,PFK27,6-PhosphoFructo-2-Kinase,-0.0276860289537325,0.08854
YPL012W,RRP12,Ribosomal RNA Processing,-0.0278434662386325,0.09855
YHR065C,RRP3,Ribosomal RNA Processing,-0.0278660109384826,0.11291
YGR123C,PPT1,Protein Phosphatase T,-0.0280095222043305,0.05067
YER006W,NUG1,NUclear GTPase,-0.0280466567031759,0.12007
YMR290C,HAS1,Helicase Associated with Set1,-0.028167365033098,0.08761
YNL300W,TOS6,NA,-0.0281697447908669,0.27687
YPR113W,PIS1,Phosphatidyl Inositol Synthase,-0.0281725641702624,0.20229
YBL081W,NA,NA,-0.0282486985089993,0.06791
YOR341W,RPA190,RNA Polymerase A,-0.0282970208658748,0.06025
YPL198W,RPL7B,Ribosomal Protein of the Large subunit,-0.0283259086432244,0.21324
YPR074C,TKL1,TransKetoLase,-0.0283918339360633,0.18913
YLR179C,NA,NA,-0.0284013321367133,0.0982
YLR196W,PWP1,Periodic tryptophan (W) Protein,-0.0284498386230177,0.20914
YML093W,UTP14,U Three Protein,-0.0284879442036599,0.13256
YER126C,NSA2,Nop Seven Associated,-0.0284909994499371,0.1609
YER056C,FCY2,FluoroCYtosine resistance,-0.0285803731738722,0.10636
YOR108W,LEU9,LEUcine biosynthesis,-0.028718238068942,0.0404
YMR241W,YHM2,Yeast suppressor of HM mutant,-0.0287666525804583,0.17712
YHR179W,OYE2,Old Yellow Enzyme,-0.0287852441045515,0.08396
YLR401C,DUS3,DihydroUridine Synthase,-0.0288412810700922,0.07885
YJL177W,RPL17B,Ribosomal Protein of the Large subunit,-0.0289423816990717,0.0603
YJL148W,RPA34,RNA Polymerase A,-0.0290495408314101,0.21167
YKL009W,MRT4,mRNA Turnover 4,-0.0290822570739922,0.25491
YKL001C,MET14,METhionine requiring,-0.0290846241705381,0.09531
YLR249W,YEF3,Yeast Elongation Factor,-0.0290849372323984,0.06155
YHR052W,CIC1,Core Interacting Component,-0.0291340309026136,0.20468
YMR049C,ERB1,Eukaryotic Ribosome Biogenesis,-0.0291787581407497,0.12155
YKR081C,RPF2,Ribosome Production Factor,-0.0292354038948655,0.1645
YNR053C,NOG2,NucleOlar G-protein,-0.0293309450316358,0.21419
YJR070C,LIA1,Ligand of eIF5A,-0.0294217614898992,0.08087
YER070W,RNR1,RiboNucleotide Reductase,-0.0295308227921988,0.20945
YEL026W,SNU13,Small NUclear ribonucleoprotein associated,-0.0295308556491455,0.1403
YLL008W,DRS1,Deficiency of Ribosomal Subunits,-0.0295332634134904,0.12666
YLR432W,IMD3,IMP Dehydrogenase,-0.0296642222012469,0.03598
YDL083C,RPS16B,Ribosomal Protein of the Small subunit,-0.0296679730153316,0.09199
YMR131C,RRB1,Regulator of Ribosome Biogenesis,-0.0297863698268398,0.09961
YGR138C,TPO2,Transporter of POlyamines,-0.029947560826417,0.09883
YOL077C,BRX1,Xenopus laevis Brix (Biogenesis of Ribosomes in Xenopus) homolog,-0.0300540366879276,0.19657
YKR013W,PRY2,Pathogen Related in Yeast,-0.0301061495132886,0.21382
YBR021W,FUR4,5-FlUoRouridine sensitivity,-0.0301838511747893,0.05282
YER056C,FCY2,FluoroCYtosine resistance,-0.0305067837930148,0.09086
YDR101C,ARX1,Associated with Ribosomal eXport complex,-0.0305810601434702,0.14039
YCL037C,SRO9,Suppressor of rho3,-0.0306798915533664,0.12386
YNL248C,RPA49,RNA Polymerase A,-0.0307382530941206,0.13071
YHR197W,RIX1,RIbosome eXport,-0.0308336486103406,0.09233
YLR222C,UTP13,U Three Protein,-0.0308768005481338,0.15208
YLR175W,CBF5,Centromere Binding Factor,-0.0310531005255233,0.07164
YNR053C,NOG2,NucleOlar G-protein,-0.0311105309891445,0.26263
YER091C,MET6,METhionine requiring,-0.0312229181250679,0.1111
YJL122W,ALB1,Arx1 Little Brother,-0.0313993615497589,0.15271
YBR084W,MIS1,MItochondrial C1-tetrahydrofolate Synthase,-0.0316726022427668,0.03823
YOR309C,NA,NA,-0.0317049408665471,0.21619
YDL014W,NOP1,NucleOlar Protein,-0.0318062175322741,0.13159
YDL082W,RPL13A,Ribosomal Protein of the Large subunit,-0.032043690176048203,0.11716
YGR055W,MUP1,Methionine UPtake,-0.0321724814809815,0.17032
YIL094C,LYS12,LYSine requiring,-0.0327785582406692,0.04362
YPL093W,NOG1,NucleOlar G-protein,-0.0327864111101761,0.16157
YKR069W,MET1,METhionine requiring,-0.0328504975924672,0.06646
YLR372W,ELO3,fatty acid ELOngation,-0.0329288314949617,0.03511
YML056C,IMD4,IMP Dehydrogenase,-0.0329744735655517,0.06707
YHR089C,GAR1,Glycine Arginine Rich,-0.0330668191498041,0.04921
YPR010C,RPA135,RNA Polymerase A,-0.0332386128004638,0.0903
YDR309C,GIC2,GTPase Interactive Component,-0.0333263280365015,0.06803
YGL012W,ERG4,ERGosterol biosynthesis,-0.0335485636876128,0.23764
YLR180W,SAM1,S-AdenosylMethionine requiring,-0.0335847246902472,0.12802
YGL078C,DBP3,Dead Box Protein,-0.0337127141523905,0.11921
YKL029C,MAE1,MAlic Enzyme,-0.0337456740549522,0.09999
YNL175C,NOP13,NucleOlar Protein,-0.0339422113313133,0.06339
YGL120C,PRP43,Pre-mRNA Processing,-0.0341650706750651,0.15631
YJL200C,ACO2,ACOnitase,-0.0342411397291706,0.0505
YLR367W,RPS22B,Ribosomal Protein of the Small subunit,-0.0343223420903095,0.12748
YOR310C,NOP58,NucleOlar Protein of 58 kDa,-0.0343784299450319,0.07869
YHR208W,BAT1,Branched-chain Amino acid Transaminase,-0.0344002351783589,0.01396
YMR217W,GUA1,GUanine Auxotroph,-0.034412463606541,0.06094
YOL124C,TRM11,TRna Methyltransferase,-0.0344223898527258,0.09353
YIR034C,LYS1,LYSine requiring,-0.0347532848244454,0.04235
YJR010W,MET3,METhionine requiring,-0.0351645483587064,0.14781
YIL053W,GPP1,Glycerol-3-Phosphate Phosphatase,-0.0352520756730664,0.17844
YAL012W,CYS3,CYStathionine gamma-lyase,-0.0353758363982014,0.0333
YLR197W,NOP56,NucleOlar Protein of 56.8 kDa,-0.0355964997458491,0.03924
YOR309C,NA,NA,-0.0359337755179029,0.0502
YNR050C,LYS9,LYSine requiring,-0.0367188743007641,0.09639
YMR120C,ADE17,ADEnine,-0.0371478959338519,0.04911
YER131W,RPS26B,Ribosomal Protein of the Small subunit,-0.0371602582687946,0.04726
YLR058C,SHM2,Serine HydroxyMethyltransferase,-0.037313517936967,0.03603
YMR305C,SCW10,Soluble Cell Wall protein,-0.0376146618198354,0.20498
YBL039C,URA7,URAcil requiring,-0.0383346874058146,0.11114
YKL120W,OAC1,OxaloAcetate Carrier,-0.0388840571032294,0.12732
YML056C,IMD4,IMP Dehydrogenase,-0.0389181344334057,0.05545
YLR342W,FKS1,FK506 Sensitivity,-0.039409738118578,0.09238
YHR049W,FSH1,Family of Serine Hydrolases,-0.0396808415592869,0.04745
YBR291C,CTP1,Citrate Transport Protein,-0.0400219160780431,0.0331
YNL141W,AAH1,Adenine AminoHydrolase,-0.0403847932740005,0.11224
YDR234W,LYS4,LYSine requiring,-0.0405791623080965,0.0428
YNL112W,DBP2,Dead Box Protein,-0.0412473522043005,0.12095
YGR159C,NSR1,NA,-0.0425549668650332,0.20829
YNL112W,DBP2,Dead Box Protein,-0.0426692485510295,0.10366
YLR180W,SAM1,S-AdenosylMethionine requiring,-0.0476944625052358,0.04054
