0.0104034651438639	-0.0134391435595058	0.000691370111571961	0.00355116977089414	-0.00509164636411575	0.00655857406174759
0.00990647367496278	-0.0181474559013755	0.00055420817421945	0.00785992999995117	-0.0115835211605024	0.00199189605840846
0.00911017534328466	-0.0177038030022256	0.0153141826295357	0.0304810030823978	-0.0260240241550666	-0.015665491572415
0.00618610995960114	-0.0210452994318043	0.0280857175247154	0.023439723370699	-0.00776999442291398	-0.0347777272526658
6.19644647803702e-19	-1.12810781622016e-17	-4.5491994761794e-18	2.95229735107628e-17	6.2707402066077e-18	3.02949322522181e-18
0.000468484743049945	0.00280003603405493	-0.0283608395828553	-0.0182555107107591	-0.0126013049474584	0.0235077559708825
0.00940034179225652	-0.0127183975794207	-0.00474195480938933	0.0095971791457494	0.0142706720055036	0.00373199842949979
0.00254894826220094	0.0154035044788	-0.0288984568112141	0.00998374218978539	0.0349420404786904	0.0470546567920626
0.00825595423148574	-0.0230198955143195	0.0119897895907177	0.0325239140395464	-0.0320841752867211	-0.0116828863767845
0.00903305668094885	-0.0165136372652075	0.0146924390143869	0.0247944274240843	-0.0216443265755695	0.00132783576996305
0.00923433206125785	0.00202383174827265	-0.00146780540320296	0.00167963739111406	-0.0135458537413506	0.000143050428343273
0.00996368985640073	-0.020954402156399	0.00902800191845613	0.0261990449264121	-0.00424489356552519	0.00948518180472541
0.0128855301931196	-0.00915678343854203	0.00156817057790398	-0.00615932008388806	0.00361020936318184	0.00889455269985511
0.0130208077600539	-0.0178355400345795	0.00340053529839344	-0.0203070813510987	0.00667506807320238	-0.0165754993040191
0.0134858190405289	-0.0056831826840564	-0.00351503337159475	-0.0128348684022624	-0.00757268201520195	0.00520750557504115
0.0118298991811347	0.0150117384115827	0.0206265921429241	0.0222085725174382	-0.00521808807563711	0.0115322521612968
0.0115446562375459	0.0153010080115337	0.0226915146887209	0.0234430680408239	0.000965134949177936	0.00717074343799701
0.012516900158293	0.00361430624973534	0.000985622883084506	0.00848268630531757	0.00895858410714642	-0.00891413045438216
0.0115056100565543	-0.0105316036789889	-0.0019101351583465	0.0107540339388547	-0.00648475673700159	0.00690227382278506
0.011937697749829	-0.0132203388297243	-0.00634791642371823	-0.00233906938350251	0.0139017894433761	0.0233908788676528
0.0130375038648694	-0.0163890414703433	0.010927799217307	-0.00786022393863975	-0.00147300968213013	-0.0255156893588052
0.011264524812244	-0.028175817860328	0.0338347530361252	-0.00815748244806083	0.0131734300968946	0.0173198874397159
0.0119067862596753	0.0124728363098895	0.0127043900065641	-0.00139510717704261	0.00977566686263537	0.0169747292506952
0.0121871998922716	-0.00267642811284702	0.00117285894103676	0.00377891153955771	-0.00692242897322508	-0.00509323508486105
0.0115145921439947	-0.0188287492357729	-0.00213722990715605	0.0189174077290629	-0.000478203007988319	0.00151823566872413
0.0125149046866222	-0.00175322410625702	-0.00394419400295941	0.00688977743012939	0.00335418888245238	-0.0104289153902599
0.0120161134782192	-0.00849849664456022	-0.00848054939188395	0.0153146812153825	0.00538152398254122	-0.013572999454522
0.0120529595855252	0.000470657041107117	-0.0086796674422919	0.00756128879149004	0.0104929334400316	0.00103024977353879
0.0144912086858667	0.0031088465724661	-0.00745156326369697	-0.010463825546182	0.0181167033187837	-0.0144265096391743
0.014537926061361	0.00033969790251036	-0.00417343101027638	-0.00962090060782695	0.0199363788297747	-0.0186792686898626
0.0132091696650387	0.00444693889134674	-0.0157439316593109	-0.00576891730019288	0.0208989125597965	-0.00660615871431206
0.0142178788682631	0.00583123888503369	-0.00515977313497811	-0.0154155341961763	0.01389178577654	-0.00812942964683546
0.0114262737506262	-0.00330351591906027	-0.00181619443606554	0.0128895440130607	-0.00775685728077783	0.00122921002882135
0.0117235599581568	0.000994432131882658	-0.00540359065606933	0.00810384681492023	0.0295458775028404	-0.00758988236173085
0.0117341822534109	0.00108988405553944	-0.00413614362143694	0.00642268185885362	0.0253590272856753	-0.00640790547078567
0.0126433649322169	0.00555994207669849	-0.0159317477472317	-0.00272630606588846	0.000371369249589442	-0.00724952486355956
0.0129169057777226	0.0126500395662056	0.00272436515061196	0.00569579711370915	0.00156113386513438	-0.00954117700442593
0.0139647004886456	0.0022969943151801	0.0230494812470566	-0.0231715088935584	0.0218205974325491	-0.00844911451322174
0.0133900073032378	-0.00187804607514609	0.00104599993783765	-0.0140943074136676	-0.000696039127363541	0.01010009685985
0.0116824185775128	-0.0141416068451231	0.0030977433808469	0.0157090794272038	0.00182044540103878	0.0113011027134545
0.012054051169446	-0.00161705174491455	0.00790799954706053	-0.0142077727353947	-0.0123300174999531	0.0241258451604692
0.0121798805091088	-0.00135414972633228	0.00668671430112472	-0.0146504169630638	-0.0136069049002703	0.024922661812219
0.0115996914343835	0.019462220387983	0.0152182409832073	0.0250404564634609	0.0274091121981922	0.00258194398529252
0.0123254572193647	0.0206143112573141	0.0092362895716293	0.0160255115611761	0.0093822561463692	4.47879121411607e-05
0.0118439067119252	-0.00798921412311893	-0.00935507994763041	0.00737190938870221	0.00758047492733512	0.00261594713190642
0.0118826189882375	-0.009309941696846	-0.0105425418446469	0.00246370300817738	0.0131659432811896	0.00435208249501084
0.0132351794567669	0.00325393873049707	-0.00588849840634486	-0.00386426604020708	0.0277384796376751	0.00882999818918236
0.0129748799583433	0.0131382844653174	-0.00466696743939374	0.00291620857271622	0.0148820012775571	-0.0192739748036781
0.0119246198032756	-0.00920267421466821	-0.00266013503563249	-0.00176812031541304	0.013126356297763	-0.0132921301103127
0.0112079781712439	-0.0152029300260963	-0.00832999321504657	0.0123742712948927	-0.0264864050291884	-0.000943276443269399
0.0122007733629168	-0.00771465135663181	-0.00880798497869529	0.0040158957111626	0.0283382101076119	-0.00139890647763746
0.0118847477206616	-0.0159321918982618	-0.00413897542624795	-0.001609926048172	0.00185304198566711	-0.000270986366075601
0.0115148940263873	0.00415356204706379	0.00534253546420452	0.0174918957190895	0.0070996619382128	0.0157595651227694
0.0112193704039275	-0.0139033789400859	0.00265034708763587	0.0145765610936545	0.000669434701472626	0.0229835989318616
0.0131079699385661	-0.00382561194962924	-0.00407145025354827	0.00241412710215417	0.00656642703120002	-0.0134249805669344
0.011334817130747	-0.0154319319818316	0.0011684698669825	0.0214613896635077	0.0129007789910706	0.0136888821471602
0.0116346121204913	-0.0118501444493158	-0.0116865126404471	0.00902242263885629	0.0202551336867157	-0.00118573877213582
0.0114097178884206	0.0226993552044508	0.029699918773708	0.0107526736148493	0.0147886949784965	0.0196010420321529
0.0109388210458656	-0.00655685078252917	-0.0100753875874681	0.0208899358693617	-0.0122676659871815	0.0129182670465522
0.0119594270486128	0.0112645239182959	-0.0248766384334425	0.00474861145825271	0.00141030702335846	0.00528087911163186
0.012426315185747	0.00515014046961678	-0.000474432695485276	0.00599189223215951	0.0114704718755327	-0.00424692378161151
0.0126960431615268	0.00314205754958923	-0.00782567363605942	-0.00871147912775779	0.018729435817652	-0.0106470894887098
0.0120436679434091	0.00607339669323355	-0.00221619560788547	0.00243581277849121	0.00211069996125535	-0.00329380305485655
0.0120264843244595	0.00522992956463173	-0.00279450551707854	0.00111656774071003	-0.000561967094192165	-0.00365617824644364
0.0113293807620637	0.0108134727741076	-0.00443542253234141	0.0178236638863803	0.00799811723910033	-0.00995870628256695
0.0105054252005017	-0.0145842091490492	3.22876419582125e-05	0.00795858831851933	-0.0215568118207939	0.0164062725488424
0.0107272838960227	-0.0117020746635665	-0.0154143261872281	0.013762162212977	-0.00649531328964072	0.016695138389077
0.0118460065356365	-0.0105199770235389	-0.0266011432709656	0.00766162596322731	-0.0238517609294946	-0.00366491387829968
0.0115918060603267	-0.00501553571259971	-0.0164262290155346	-0.00688843779273693	-0.00106961320018911	0.00504054932453662
0.0114962365788394	-0.00500620481210532	-0.0157173739921668	-0.00932773225683046	-0.00287677524393237	0.00869097560909389
0.0136136537188052	0.00185256242228568	-0.0139080199246991	0.00700001377259831	0.00885649800556319	-0.00763647805745539
0.0127400359332384	0.00223402011795913	-0.00559820985251969	-0.00523493897271418	0.0112357382265339	0.00348800279857363
0.0123168933606124	0.00730326807042944	-0.00761661279421132	-0.00321742914501169	0.00148576397041635	0.0103070664723684
0.0117744044535763	0.0216361346414376	-0.00610046522236186	0.00590173263460774	-0.00140893937900474	0.0276454365821122
0.0120953648884401	0.00670617877825023	-0.00607574592952812	-0.000925873937861095	0.00809841748664649	0.00732559328130427
0.0123690966509376	-0.00422638563635646	-0.0060577436237267	-0.00454920547107748	0.00890543689349348	0.0262201819815343
0.0124057807168153	-0.00359645035469079	-0.00637056038885825	-0.00465241284584794	0.00563793114462143	0.0260055395530589
0.013089324394511	-0.00625899684387598	-0.00421019091270389	-0.0102315713934703	0.0189957821636229	0.0191232041021034
0.0115576577465307	-0.0028687802591139	-0.0151890017665307	0.0113434518109299	-0.00184522961337236	0.0066454546977038
0.0126177838115593	-0.0127521378992487	-0.0105985677647506	-0.0148300583676423	-0.0248932296099463	0.00183225184691836
0.011590893047979	-0.00595500538611079	-0.00969292106160481	0.0170617416080835	-0.00235703008145298	0.00812179303295439
0.0135537602308905	0.0219903683828498	0.00142197497608489	-0.0185936260942752	-0.0273547794018513	0.00630735243576656
0.0128748639386018	0.00811334723658064	-0.012461850045703	-0.0110263792729411	0.0135745948621219	0.00382325961480305
0.0119161916108549	-0.00658808784020082	-0.0186240320436383	-0.000812920207896312	-0.0197019796765741	0.0059194753107043
0.0122529524220747	0.0113402049690133	-0.00737062152368357	-7.13664490905751e-06	0.00207878148758651	0.0228935197500801
0.0120099478698522	0.0045810164589053	-0.0170644050551607	0.00240020245047059	-0.00155718778439187	0.018879311939775
0.012475577510914	0.00377439321163261	-0.0195137083900026	0.000310184260168495	0.00736346528801877	-0.000293938131179749
0.0114393199395254	0.00311189756312709	-0.0421603131961096	-0.0107809190642914	-0.021760200850588	0.00949428317121858
0.0115333140848491	0.00279697837938524	-0.0340232575580286	0.00694679393543659	-0.0208003259715918	0.00140015378229981
0.0118368187860051	0.0124095622052023	-0.0187611254557815	0.00126298546261513	-0.0171402270964415	-0.00550212563829618
0.0123617418027971	0.0193598308254127	-0.0183716571535892	-0.00201356260945732	0.00163215095829865	-0.0132374779603282
0.011288187052567	-5.26485328531025e-05	-0.00574726378210068	-0.00532682193354761	-0.0313880417179541	0.00521236978495033
0.01250554594559	0.00354972585037431	-0.0110366285393239	-0.00335328953870659	0.000266203201807077	0.00212901299612199
0.0128515321651703	0.00505011428731232	-0.00677121814682025	-0.00809949932023517	0.00152675613906873	-0.00150231202581716
0.0119273073668952	-0.00482890088547249	-0.0147471458753708	0.00431014560235124	0.00174930351241778	0.0025391690168778
0.0129714815471142	0.00760762744935292	-0.016285563268499	-0.00610215184886055	0.0208531249301879	0.00423936382229434
0.0122601388575346	-0.00758040367721554	-0.00903684402957508	-0.000233297119169458	-0.0025155718865526	0.0170672465909007
0.0111796764750942	-0.0040741208938841	-0.00606700545796885	0.0106791627730925	0.00380201573912935	0.0104054222291338
0.0108373258024373	-0.00758557326854787	-0.00874034965099227	0.0169311487644706	0.00651830479559274	0.0100167608992131
0.0109391977528108	-0.0155717132210761	0.000546037069148428	0.0142236685516614	-0.0256688194000216	0.0328418218470942
0.0109462525666235	-0.011621207395858	-0.00309245150505307	0.0138003895266294	-0.0101407897328787	0.0268621189423298
0.0116811485751839	-0.00487447668693948	-0.00445029576138148	0.0233627926674173	0.00240522377238941	0.00501043431843323
0.00988383661697633	-0.0197168295861911	-0.0117117547228465	0.00681786899620783	-0.0234394788099553	0.0182919096141076
0.0112503648295659	-0.00895080485715319	-0.00011502362552359	0.012573950053107	0.000128652825869614	0.00296729397081398
0.0117820104921277	9.10644292970797e-05	0.00256106617067521	-0.0120783470473876	-0.00611445378658283	0.0075876931153316
0	0	0	0	0	0
0.0106040650526252	-0.0246585485131034	0.00460533793122645	0.0370674748578622	-0.00825975885039724	-0.0176221066570371
0.00883008833962125	0.00139242637173968	0.00535477635505822	-0.000500950136307635	-0.013852845725215	4.96771132440814e-05
0.00964953236583245	-0.0165194810060943	0.0194595433319817	0.0210894644939067	-0.0286837027321017	-0.00594785788276899
0.0115855114697278	-0.00938631594609769	0.00269531554235004	0.0122399171387273	-0.0108520089067578	-0.0160734677626263
0.0124617643754287	-0.00397085225107924	0.00278452515814094	0.0117195222088365	0.00883867647647778	-0.0195167505551115
0.0123535385717371	-0.0120908113788353	-0.00373484192600865	0.0214346197832692	0.0116365555880862	-0.0111477689306013
0.010914298627276	-0.0101043977225068	-0.00704755896194893	0.0171743141566364	0.0089257208673117	-0.000273503612634364
0.0115259340409088	-0.000949729416777254	-0.00873741679440042	0.0172787373025718	0.018054933416582	-0.0174807976204261
0.0117842188621876	-0.0124428487256324	0.00093971367706224	0.0205566325408449	0.000203850464702475	-0.0155666304705574
0.0106435650001214	-0.0072249350489361	0.00627847757802875	0.0237429414326583	0.0171861574357009	-0.0236645968797155
0.0103659030711895	-0.0182132152927382	0.00934943893604169	0.0175831776432713	0.0100030778230867	-0.00780573797682405
0.0111176916807607	-0.0236378861411106	0.000262458244650085	0.0288625486254606	-0.000680467735568055	-0.000783741254853301
0.011702516419668	-0.0190959579377536	-0.00571572312077057	0.0208812060933716	-0.000769080939599442	-0.000927454703640721
0.0111205820017104	-0.0220824420138879	-0.00346608069318514	0.0245144370727941	0.00886829817250215	-0.00502313540210004
0.0119422977967311	-0.00310411013117634	-0.0173117583433443	0.00477404843128722	-0.0120973990577141	-0.0158631705978236
0.0108538997819382	-0.0156670823782086	0.00796801656440991	0.0113921345464726	-0.00689750373764538	0.014117314492767
0.00934774468165826	-0.0171730887341062	0.0154593765970411	0.0245422839482247	-0.00958067785965636	-0.0110915230293044
0.0100321141992755	-0.0170192667657672	0.0129273883108282	0.015780294124313	-0.017487705930579	0.0101548529365395
0.0114831538176006	-0.00676358879385138	-0.0030975358426954	0.0147095961769158	0.00491497443670634	0.00442368697701391
0.0127266471205893	0.00314557065555389	0.00703719193774869	-0.00611032619113551	-0.00553766726166387	-0.0112615587333327
0.011346077536202	-0.0112459096922559	0.00413071710465106	0.0166324858610637	0.0128251799288287	-0.00976518835922091
0.0118702536814709	-0.00270321088110484	-0.000908794612768908	0.00733657072449043	0.0105104967279871	0.00389554307756875
0.011830936236742	-0.0028934503485061	0.000733486303757065	0.00261448920908572	0.00240256164841062	-0.00263137679116028
0.0112502724414384	0.000325647390765878	-0.0120125633886045	0.024126931448383	-0.00923463931260795	-0.0123111402792989
0.0132314725138414	-0.00431239469023204	-0.00462783427297721	-0.0113175401523134	0.0164315681178892	0.00127737203472309
0.0138871466516298	-0.0101510422509334	0.0149257273364282	-0.0211123423888708	0.00323416845355318	-0.0185005548760082
0.014494938961972	-0.0113714036867913	0.0285727239911284	-0.0205028594904124	-0.000881228142244015	-0.0257925826088239
0.012307858554217	0.00376124397140868	-0.0193839596856368	0.000763923246754134	-0.020688419119772	-0.0115520807550474
0.0135831385190174	-0.000854299784305635	-0.0170100090142541	-0.0107548730611919	-0.0262031132604773	-0.0140973339675682
0.0115736924101618	-0.00667100190444348	0.00237967220059817	0.0102801816746873	0.0044957548348154	-0.000663650604550521
0.0110183131544258	0.000514014004011172	-0.0154403352224558	0.0125049765143436	-0.0278839056076868	0.0216018881758168
0.0113084353367885	-0.0101105971107331	-0.00662889741024358	0.0240009961446437	0.00392239642875535	0.000782663985071845
0.0117227422223423	-0.00766561563549678	-0.000870997131938892	0.00157146965233385	0.022711296103595	0.01184023479746
0.0112031565772334	-0.0102523339614379	-0.00586013537717854	0.0300285444161428	-0.00112471080609377	-0.00376523290983847
0.0122517959303561	0.0150005968525883	0.0214954801992796	-0.012083352722201	-0.00878205068605013	0.0333102263353939
0.0121192134451668	0.0291873198663993	-0.00140752847645793	-0.018356302751368	-0.0148503959901955	0.0268541116953437
0.0125636747033399	-0.000245413804907433	-0.0174434026124174	-0.00354637206589538	0.00739393684859138	-0.00199115455206478
0.0123929582877289	0.00251650949703848	-0.00517479103008991	-0.000604915446724512	0.00911056529834949	0.00746975445929826
0.0123865131469992	0.00615217097218319	-0.00143284514971595	0.00465454876246324	0.0140455274735069	0.00978233257996215
0.013191391840823	0.00854167185516205	-0.0223253556660489	0.00303449602023426	0.0129234405052705	-0.00077212257592923
0.0124117056692543	-0.0036405930003335	-0.0067921525348841	-0.00926575253593676	-0.012149113735864	-0.00205560807596343
0.0129506167223542	0.0415420343494919	-0.00331093296877259	0.00084031282425889	0.00523497230669835	-0.000639540292609399
0.0107145080098823	-0.0101397018546985	-0.00413563258428554	0.0044965232001041	0.00471347345034871	0.0282879833125151
0.0121433200996367	5.27151366551499e-05	-0.0197343365465651	-0.0104768319448216	-0.0247721060024519	0.0125638475909295
0.0117076104167076	0.00209971641687666	-0.0130159394946577	0.00819272253303112	-0.0028793706388676	0.00253958588210414
0.0120450355069275	0.00817857636628692	-0.00713932797007454	0.00632577650205515	-0.00534815388444064	-0.00456310348618379
0.0121161161980869	0.0110627500270981	-0.00390012336649019	0.00605583749460439	-0.00922472424344441	-0.00306185655498357
0.0115881261630919	0.0192319275050944	0.0114906246962745	0.0264256028776888	-0.0232621244818161	-0.00667121346728604
0.0125490884016495	-0.00803753807977409	-0.00927312008688519	-0.0038214727797054	0.012752456466601	0.0138395732511519
0.0110599483088327	0.000389653176526692	-0.0105207829810224	0.00975286617789521	-0.0122918630966519	0.00725978490434438
0.0116666505147515	-0.0133638231993128	0.00477362868999994	-0.00757125459176601	0.00746588852224197	0.0294915780765606
0.011316543198548	-0.0039159220052651	0.00694852223741675	0.0028270964519721	-0.000153953201763	-0.0116602357682786
0.0123967059725412	0.023825149466057	0.00891625923304154	-0.00550093712778792	-0.00554046442198225	0.00743349870617161
0.0108562898266726	-0.0140632781936953	0.0129833006583359	0.00214274422136033	0.0178283468976084	0.0316909359448115
0.0116514193201209	0.00564312021086955	-0.00703825965197145	0.00346758823350908	0.0117930397972979	0.0108458269720275
0.0122263251232598	0.0143553114277386	-0.00581777938691361	-0.00286166085358399	0.0089316511438656	0.0113585671747468
0.0134377027295381	0.0386839729215562	-0.00775982806391776	-0.011208175229156	-0.00878689321133877	0.0022021177433968
0.0132303132107279	0.0373978597239979	-0.00802133192697568	-0.0109611656975533	-0.00699100743685553	0.00119818339095383
0.0124575191529489	0.0256953571897737	0.0226529630686413	0.0209487955271173	0.0340262038836697	-0.0130851468514215
0.01246682226254	0.0254354035305191	0.0161693075241126	0.00907407776222315	0.00791315881707424	-0.0142733192063007
0.011473893222843	0.010924190635937	0.0162057941919351	0.0106738851346762	-0.00427234568568179	0.00166521455759373
0.0114481172842916	0.0109439956843112	0.016969493938554	0.0103140521042521	-0.00168174050330616	0.00139002607601044
0.0110524653625102	-0.00844980198222712	-0.00589796735185402	0.0228471826974604	-0.00606359254683879	0.0060967817830128
0.0117308060687682	0.0128212541687742	-0.00389494054886313	0.0259903302636357	0.00134750172001179	-0.00823341064504559
0.0120740452091269	-0.016520301634815	0.0212016899913402	-0.001193170537886	-0.00640437869809551	0.00978155819083653
0.0120063711053598	0.00188678523437811	-0.0196395940022257	0.013185841442861	0.00537067632945947	-0.00654865115650681
0.0119471905630192	0.00374384759218841	-0.025557594337181	0.00668299930699096	0.00289129260819339	-0.00564116652310358
0.0113188773433972	-0.023960799237854	-0.00564562187436905	-0.0302855174318797	-0.0266510829358	0.00296332402903575
0.0109677317131645	-0.00915589303006057	-0.0181110873867104	0.00204535336604546	0.00113306609023496	0.016217124676606
0.010943406845663	-0.0187839610231454	0.000658127427940844	0.022711087931116	-0.00754802255559608	-0.00739250879101551
0.0117648822525004	0.00796760875967522	-0.0056856100409325	0.0119407967207113	-0.00522306855229411	-0.0112273855903225
0.0122974627991727	0.0102944030197484	0.000729117596914253	-0.00745849490110721	0.00520407640602051	-0.0224223350460779
0.0138852143812688	0.00852457265198716	-0.00176404054970868	-0.0125611303959263	0.010698628619456	-0.0183036397004348
0.0137302599357704	0.00834246819353413	-0.0114771146547278	-0.0131375869873287	0.00534281634214631	-0.0243750987145775
0.0121216248127822	-0.00479030072007121	-0.00552600922186293	-0.0165274194363135	0.0297976307918459	0.00951308263721763
0.0120844924915102	-0.00625272030931742	0.00501980708554854	0.00610369925055308	0.0187972405911306	0.00533718242757489
0.0116591303974672	0.00124141072304843	-0.0151107615911221	0.0200385468351919	0.00629080249794209	-0.00423108119454934
0.0118521039798599	0.00898047934807397	0.0307564867668132	0.0134114144726329	0.00538538487342925	2.55117707304367e-05
0.0120080918937218	0.0363663808210735	0.0418634210474122	0.00519428593085007	0.0107908678910468	-0.00808366574229173
0.0115660195773078	-0.0155931859775478	0.00892968041664657	0.0280369821852101	-0.00967408838388977	-0.0167420014571828
0.0118040119503022	-0.00435656349981027	-0.00112176100982351	-0.00161378247682693	0.0013175615524092	0.00726885982199298
0.0113074206457188	-0.00420608501006175	0.00552329194701941	0.0134751506669797	0.0175469959807964	-0.00974931710046782
0.0117684216504818	-0.00891097314750776	-0.0135516871356573	0.00152809255236454	0.0154649808250727	0.000845809441230416
0.0137055777371979	-0.00422187604900532	0.00191312734128269	-0.0175124317213547	0.0123380694773962	-0.00443176363096085
0.0119826226220162	-0.00136845635312855	-0.00211872265342514	-0.00265779610277625	-0.0101124443852974	-0.00588276300063256
0.0116051815241317	-0.0138951885834361	0.00532908128409007	-0.0141395887252523	-0.00850071212518174	0.00432013473381464
0.0108572093806312	-0.0010656812901296	-0.00506176629470759	0.0115782320769816	-0.00789842946156124	0.0175087218745414
0.0132051737354984	-0.00573875128555909	-0.018621903754549	-0.000320781221056967	-0.00754484887706555	-0.0263106049545226
0.0104540880492895	-0.0136534529523356	0.0102413366388822	-0.00909720950101328	-0.00297200668286651	0.0111363909853143
0.012123867008115	0.00122877715030266	-0.00332189003498685	0.0077684488975431	-0.00823939456367209	-0.017168643293397
0.0126500505057014	0.0141349033982438	0.0208229504347322	-0.0125847221708798	-0.0158810795618354	-0.00332742086008015
0.0140882086276084	0.00738943331351993	-0.000880174607489525	-0.0166593330984224	0.00162472889232889	0.00980437228770576
0.0120874515776552	-0.00893579915087435	0.012963169561238	-0.0154066002422841	-0.00689501915295987	0.0021723144588614
0.0125037290437764	-0.0227617186910848	0.0243120126036554	-0.0224245775426061	0.00168045999373877	0.0177416034114258
0.0119481580094103	0.0203343979938281	0.0388090767881623	0.0143255852210934	0.0175042948580831	0.0013308217659262
0.011527899070256	0.0212414933476091	0.045236979919609	0.0234140986753553	0.0324247705786722	0.0139926809115639
0.0122889974981651	0.00253145729598231	-0.00627722871367566	0.00271388684712962	0.0163900376563134	-0.00252021938180474
0.0117809525429961	-0.00435410245695662	-0.00507355017777625	0.00490614733831319	-0.00635875287062839	0.00389988070096107
0.0118058675816825	-0.0129229497865334	-0.00295776484749617	0.0133485809104071	0.00223436787569155	-0.0169061879125055
0.0108390467906068	-0.00464622375426267	-0.0209983405300868	-0.00190332410204844	-0.0254876430907947	0.00197404672074776
0.0111034906401085	-0.00607406021282279	-0.00322596960728416	0.00771766565460534	0.000658380999965574	-0.00275571383315699
0.0123951172958556	0.00308983857047382	0.0155648078188939	-0.0132857708010981	-0.00923376560880497	-0.0141047782433525
0.0109876269699571	-0.00950626408682558	-0.0114686344374358	0.0042298863806862	-0.000280358101263939	0.00985283304058661
0.0110257878796798	-0.0135766227295305	-0.0175867330047965	0.0174603065759415	-0.0239889687737248	0.0151145364389863
0.0121341036070131	0.0097762584026355	-0.0309738596234884	-0.00365257874834428	-0.0035299674442423	-0.00652397727175219
0.0136215360142806	0.00345698469228107	0.0128692780536848	-0.00760592153512586	-0.0066776863527694	-0.0120371670792994
0.0134848964093924	0.0158961493225373	0.00321622206491028	-0.00397492120053547	0.00577489272171504	-0.00858839690911783
0.0124137110262053	0.0317822034452955	0.020284363578067	0.00307232934853362	-0.00634123067744313	-0.00858307230317025
0.0132025443362245	0.0371887121121463	-0.00448390723759271	-0.00964846568585197	0.00609152129362149	0.000871705025437286
0.0134969238527654	0.0114746418546483	0.00370048692924555	-0.0087993614573875	-0.00700571656118826	0.00252402538158543
0.0126677268443736	0.00530889930389097	0.00446647720495038	0.00384308787320914	0.0130626549557302	-0.00836221050894425
0.0110667411731465	0.00925641750306644	0.00117237859593379	0.0224246599263744	-0.0197842594580013	0.00820682354071366
0.0115483935790328	-0.000274898089910378	-0.00943839626677002	0.00715263310073892	-0.0114461431274755	-0.0140094740775719
0.0140529590979676	-0.00245320272096439	-0.00768381465762384	-0.0207916939617786	-0.00307529278388985	0.000546358986570579
0.0127276543648334	0.00630181146238544	-0.0109254939650346	-0.0103141077128356	-0.00784949227457664	0.0163837748339294
0.0126297553385455	0.00534339741279484	-0.0121917684253222	-0.00944041722275564	-0.00833556057401648	0.017590802318736
0.0131386277021386	-0.00276708778629575	-0.0139393910293414	-0.00425221121823438	0.0144164741587475	-0.000856472700521797
0.0117441493407993	0.00271326523352339	0.00679847099363799	0.00877355161218679	-0.0182411935394129	-0.00713290675221263
0.0124794873176484	0.00268719624199603	-0.0127780448987967	0.0057927225826854	0.0179828510205801	-0.00217774370332643
0.0128722951552925	0.0180166569094377	-0.0102443800310782	-0.00196191149226098	0.00750784203478369	-0.0112761991992678
0.0131089088391795	-0.00476044665491393	-0.0214511765679596	-0.0180337589344616	-0.00764101733919765	-0.00605744388616104
0.0110316603152294	-0.00214315617964647	-0.010377878617296	0.00856632005238393	-0.0144344327628263	0.0022880348281533
0.0123860130644157	-0.0112346554630103	0.00885951267466638	-0.00024487243723307	0.00269513544426594	-0.0186209807552193
0.0120473442536667	0.00281338840798597	-0.00422745320277746	-0.00558658117502473	0.00462307445604748	-0.00710640438931936
0.0121042576485647	-0.00288104456761378	-0.00191508789431213	-0.00827363031792434	-0.0126034757206642	-0.0170600285195706
0.0117400026187323	-0.00242920026201915	-0.0180592279473457	0.00360806650627909	-0.0177714167676567	0.00598624464917677
0.0111928320762588	-0.000441342371497428	-0.0169674068605348	0.00292037029118464	-0.029421367611351	0.0212263204416726
0.0125722082159404	0.00750715515162558	-0.00198136254752241	0.0015695844569202	-0.0044187037714808	-0.000779226689162444
0.0125276562900353	0.00547396951934978	-0.00660147679638688	0.007535955271508	-0.00191721092426035	-0.00462719271481603
0.0125012236571965	-0.00550426814084693	-0.0125169385274039	-0.00944218662712019	0.00794388564349166	0.00105181010305444
0.0133672741117115	0.00799434296676308	-0.00912664042535499	-0.0137729287553097	0.0121884558424852	-0.00537096909557595
0.012887646037501	-0.000642478043185119	-0.0180265288353541	-0.00459822510658603	0.0149646728495136	-0.0139428767445664
0.0125058194637061	0.00470508610271579	-0.0105896915808574	-0.00146673276509526	0.000371739673570457	0.0011996327484588
0.0114932281223757	0.0204120113478143	0.0217070804141321	0.00262629629056054	-0.0218774009719672	0.0244324015308189
0.0147065038544702	0.00466151506195236	-0.0195156630931097	-0.00482129151461244	0.0106606729736709	-0.00727214159695302
0.0139950467307224	0.00200828522467276	-0.00877251291980276	-0.0117686984806176	-0.00531255907362352	-0.00879567206574185
0.0155291291961557	-0.0167378929553333	0.00530733298148629	-0.0292979683776371	-0.00949493804990936	-0.00210918429126996
0.0122997914937377	-0.0039766270770453	-0.00511180675837126	-0.00151458618475407	-0.0077808288769773	0.00315141757832869
0.0121714114566406	0.00851272016557935	-0.0048679452665205	0.00119908044447638	0.00590117688400174	0.00282947934012329
0.0114968299165949	-0.00721925709219387	-0.0155843609528882	0.00789441580561268	0.00245075147775603	0.0196817587355933
0.0116038046865606	-0.0104904932098774	-0.00428336182959518	-0.00758544485591763	0.00979665063617156	0.0111378360047314
0.0118792698184955	-0.00746803906800329	-0.00960226092261959	-0.00330360075545419	0.00442683871633105	-0.00311149295391611
0.0117996253210797	-0.0152294882060595	-0.00429910698279918	-0.00737720124933807	0.00885136187779249	0.00485704220984438
0.0124369515129697	0.0138638808590993	-0.02385231654604	0.00676513726209226	-0.00957897234569732	-0.00975149154819314
0.0137764819559774	0.00389625683119022	-0.00131992711014617	-0.00423195824184276	-0.000959040064200006	0.0082389685608309
0.0162825258098507	-0.0111298139106601	0.0256237825133017	-0.00939557951065522	-0.015568647168118	-0.0255102861157323
0.016055236333029	-0.00412045499750448	0.00228890628652213	-0.00208512313627666	-0.00920522755089472	-0.0165223558092571
0.0129282205347136	0.0135540906232248	-0.00735408228458944	-0.0157128566353244	0.00244095575283159	0.0181877587346406
0.011997642696394	0.000190376858130106	-0.0131295663081351	0.0105603452304027	0.0051429521686105	0.00498872198510969
0.0126854753035877	0.00270286310048187	-0.0139455023642055	-0.00630597848832014	0.00605814148304548	0.00292500079920464
0.0124095151556205	0.00120597107401784	-0.00803507669152319	0.00340165139807919	-0.00133570764406754	-0.0014777451393185
0.0130304301151313	0.00837437612159425	-0.00372120787436715	-0.0135802428546473	-0.001842464913371	0.0086667824982505
0.012830804937261	0.00683209264498783	-0.00251141924802419	-0.0176237005995716	-0.00267110407346395	0.00854936480048514
0.0111419339108125	0.00350710606437648	-0.00910630634838551	0.0110677807601283	-0.0211863797940707	0.00190743992325749
0.0104710250306013	-0.0123211325263438	0.0118781564990825	0.0058131350021005	-0.0148276484717825	0.0178389978413088
0.0105443163618847	-0.0113495624785699	-0.00273628662459199	-0.000622119566359904	-0.0293707286655013	0.0467385429396849
0.010665107857728	-0.0149566235890649	0.00411006206147476	0.00800505927374409	-0.0261139200241008	0.0153962427148704
0.0120157310134467	0.0303714765927941	-0.00301182375954803	0.0044545888712455	-0.0112554467070473	0.00323875735803475
0.0137938079773583	0.00294727346631957	-0.000157097115890154	-0.00190852994648153	0.0122275026890714	0.00196332623095869
0.0119916275185053	0.0129873762118252	-0.0180048097974787	0.000905510578570853	-0.0181213238940759	-0.0259924883455612
0.0118367668963579	-0.00632668962361604	0.0113075032250717	-0.00222615569555162	0.00155156605314261	0.0146860726594777
0.0147555590519053	0.0200060520714168	0.0165433689819781	-0.0298185318546585	-0.0253658126351562	0.00551926877590619
0.0131961083398703	-0.0320120362827204	0.0155183758541393	-0.015813910134917	-0.000760213725171423	-0.000908994439883834
0.0132490463843153	-0.0336695720947202	0.0266234982977652	-0.0238067788830388	0.0108937212686619	0.00680233615819444
0.0123037271312217	0.00566448613790908	-0.00719891786327987	-0.000221669451024582	-0.00332335448789202	0.00722086563038359
0.0125700019288887	0.0139867081787542	-0.0084575730130313	0.00193650837742808	-0.0012134546770375	0.00365340757041232
0.0123677962498643	0.0121749416403701	0.00428864364919087	0.00611637642639891	-0.00580879746576095	0.00902634667033967
0.012709307163304	0.0328605952821955	0.000413562344590405	-0.00102946775339077	0.00316367028809603	-0.0130576851634079
0.0126876845783109	-0.0117303369891183	0.000508458876727089	-0.0129687599755698	-0.00588033091804792	-0.0307644933725308
0.012336360381714	0.000995777016857074	-0.0246892063229018	-0.00294167316304847	-0.00206287646836373	-0.00806984888323714
0.0119726560983221	0.0209715765751349	0.0360739191805622	0.0135228236175157	0.00497354194202104	0.00635466643598529
0.0136045198550089	0.0184989508504142	-0.016176292198359	-5.30653021862167e-06	0.00364427007571933	-0.0106946999690231
0.0121027166166172	0.00426496854227032	-0.00843168200723716	0.00570583990304193	0.0135182744194722	-0.00325330017857502
0.0117393534727907	-0.00523686354212266	-0.00582450686435651	0.0143781215043169	0.0109219921765715	0.0060599908590081
0.0115098633673656	-0.0221916969742505	-0.00675936807030002	0.00722122744838998	-0.00765851721412855	0.0067324517101598
0.0138357019986519	0.00245033683085483	-0.0232284683079106	-0.0131366290473294	-0.00662991955087952	0.00135725790917507
0.0120263421256283	0.000841743927177199	0.00849423164442724	0.00848591410894552	0.00393188836126349	0.0156064251697278
0.0117274511398126	-0.00492626432940105	-0.00924620957297688	0.00207390359546554	0.00512294811984829	0.00853683316974256
0.0124318632859348	0.00112071287189594	0.000337210335093709	0.00555969061281218	-0.00333020109115926	0.0196758413353679
0.0132468731990096	-0.0107597839326929	0.0308541425046102	0.00165275863988103	0.019459341733375	-0.0103245410591464
0.0127345590668072	-0.00435352266309865	-0.00489083570009829	-0.00482337037644867	0.00270117411869641	0.0103659452548723
0.0105244221025069	-0.0110847412656583	0.00478461963449698	0.0134090449937098	-0.0105263786351698	0.017532847710849
0.013109601770501	-0.0205805471661521	0.0249273031166283	-0.0210566470045204	-0.00218885126609688	-0.0219475725195195
0.0130841316520279	-0.0212280604333176	0.0258985984071325	-0.0219653293772457	-0.00226251830650229	-0.0218252008971618
0.0127466024027746	0.0373206144450829	-0.00463520216465548	-0.00861808198687498	0.000952378710500564	-8.72366382788968e-05
0.0119160486393342	-0.00206437694943372	-0.00623942150600114	-0.00875874669725489	0.00813052951036769	0.016994993185267
0.0135400096408705	-0.0103542109229959	-0.0181810591100256	-0.0101010857372362	-0.00715257072664661	-0.0153521181870199
0.013457790702524	-0.00925583522585189	-0.0171326660769896	-0.00965492850932154	-0.00847438294354434	-0.0140639319120308
0.0128070747141318	-0.0012706200915905	-0.00499470633497968	-0.00353823335599122	0.0126884060653804	-0.00446560587534479
0.01209051634239	-0.0167693026290231	0.00146298776375473	-0.0126153516408309	0.0220369588354152	0.00433242035969534
0.0122502380303016	-0.0010930077338175	0.0108310888266659	-0.0201245124213425	-0.0310959782408991	-0.00189313436889545
0.0129802299188003	0.0131834589176777	-0.00437627823224431	0.00787398278559905	0.00538708912810427	-0.0111128777548232
0.0119025236700339	-0.0204278405884293	0.000209600151478434	-0.00643093024016271	0.00970871308261727	0.0165368883141121
0.0132908669212505	0.000744066776137686	0.00642276728028697	-0.0048512378373742	0.00206496679702747	-0.00914368116327146
0.0130333217415519	0.00104176450522992	0.00460880284180106	-0.000950271484435427	0.0066761740698161	0.000275125354128956
0.0121433153882154	0.00674003111925923	0.00936228599235252	0.00707037341602682	0.00713883698737839	9.8239756617725e-05
0.0117444160599259	-0.0077094998719265	-0.00330775653218552	0.00268418022834193	0.00281737794853872	-0.00392305172319927
0.0122948620583926	0.00837790607018267	-0.00294952858614166	0.00271281221658435	0.00180099290580461	-0.00223017166691622
0.0115094027955129	-0.0162258575718821	-0.0193873669114836	-0.00867383887500322	0.0133867223824405	0.00439800071090544
0.011813796251889	0.00566788534089645	0.00168051890361423	0.00953603126274877	0.0116253270371626	0.012567079029466
0.0121082664115868	0.00920434507925953	0.0137941236005997	0.015661622066667	0.00558830168219603	-0.00490342945007439
0.012859783063883	0.00560109763035282	-0.00613646909170214	0.00533128412956217	0.0230230172461563	-3.72569305831503e-05
0.0109699907492305	0.00966815036999935	0.0096520475027285	0.0157348980732829	0.00715003213989448	0.0281383171039689
0.0111770381636288	-0.0105595967734693	0.00150824158692278	0.0232401849370173	0.00700990905752553	0.00925371788014169
0.0111179137881039	0.0138837088945484	0.011684871881176	0.0102707901091621	0.00424906189617058	0.0272757112700518
0.0137771144986425	0.00231120480500266	0.00847357256044274	-0.000849347288441066	-0.00120601086813095	-0.0117881820463983
0.012382621521022	-0.00340511065639647	0.00652177480334176	-0.00521316717000174	-0.00804703886987169	-0.00776125618727173
0.0131095627743029	0.0027316751649108	0.0064669013390776	-0.00050286696226493	-0.0161380777662876	-0.00051039195387857
0.0124073972913871	0.0107103300112568	0.00981653602231969	0.0028486538623541	0.00820147495481978	0.00699293347372958
0.0127685310052492	-0.00671802358889603	-0.0165410134663738	-0.0166892853061071	-0.0158778561082585	-0.0137002782949525
0.0135689875615685	-0.0119711094932173	0.0159126289064379	-0.0316499834090951	0.00361788315856089	0.00544024832709048
0.01337043694232	-0.0264868570706446	0.0260413203371946	-0.0237495143463089	0.000723350362243902	0.00390417129774139
0.0126361133544849	-0.0114434742558275	0.0183581181829661	-0.0267312091580268	-0.00704626212294819	0.0238819781878473
0.0116199183945013	-0.00554237124981595	0.00809214709860138	-0.00484534123200127	-0.00383084423807325	0.0066998819509349
0.0119741374662659	0.00953274709095207	-0.00483113106422606	0.0120684933954426	0.000866109703052624	-0.00494699295041697
0.011234729809482	-0.0141332191518406	0.00306115814896099	0.00730902748979083	-0.000479006817583145	0.00657265242932457
0.0131983859165566	-0.00985156241863515	0.0134320427967581	-0.00895765710653496	0.00916977986461166	0.00427161860224459
0.0120335208550972	0.00122820790464792	0.00121331066319432	0.0023527663523811	-0.00511805138068393	2.21315440456491e-06
0.0136052306434549	0.0201243321871223	-0.00487506537699496	0.00337816264219354	0.00323281574389137	-0.0027779016348384
0.0123456438264671	0.0377145839114162	-0.00850221122375337	-0.00179480355942812	-0.0159367248250337	0.00124057243881761
0.0125996258221896	0.00711903603189407	-0.0108622583529209	0.00239454119472519	-0.00781383655687888	-0.00850953129242513
0.011261139960363	-0.00166767406141749	-0.00451443649996148	0.00134405799596003	-0.00537038097878149	0.0129375665955037
0.0135081654568112	0.0152409141443046	0.00222863583911695	-0.022485653730519	-0.0141715213275835	0.00698992047337225
0.0137392065348878	0.00219160378544699	0.00372586650958019	-0.0188943121269019	-0.0139077158307358	-0.0070035402373359
0.0118168025012526	0.0306894109395025	0.0277196905726411	-0.00149829105009876	0.00438231007145019	0.0196971284853468
0.0130049247575505	0.0391552039578882	-0.00492092021019986	-0.0222069239518607	0.00134126179253401	0.00129082917276863
0.0108393455623331	0.00433393633312994	-0.00971881839507091	0.000316597494530105	-0.0288102487295206	0.0106496155697997
0.0145301668876678	-0.00686246807692185	0.00133032354489275	-0.00803910739761305	-0.0195945840675142	-0.0309672436079976
0.0125219718056597	-0.0065800253833546	0.016704398880737	-0.0161822062235239	-0.0187796515007383	0.0122698414240991
0.0129291960671086	0.00470906322367212	0.00448543929334181	-0.01449777814132	-0.00415758969126017	0.0105810174877023
0.0111724663016532	-0.00828614110023722	-0.0269329702751539	-0.00135711139643225	-0.0139206103614848	-0.00115126412229793
0.0107616586252833	-0.0129938061339188	-0.00940577462415747	0.0182300641549601	0.00443284966680136	0.0120552001456316
0.0130059687920115	-0.00628674500872363	-0.00201997398212006	-0.00811942632824677	0.00778686045519148	-0.016138325416582
0.0129783228229983	-0.00631475127500371	-0.000338523316382391	-0.0112209570749298	0.00780326397413173	-0.00868620887166866
0.0120399067053557	0.0102373134176755	-0.00691983717127443	-0.00274313115018514	0.00518621712333401	0.000161084238767926
0.0108569834458179	-0.00340932143732753	-0.0104945917176518	0.0169134997955212	0.014518478501382	0.0189234518097231
0.0131648457855017	-0.00343441748020838	0.00649545785009165	-0.0122454081880792	0.0186982609677942	-0.00863957381428014
0.0120520961689934	-0.0104262167415403	0.00785377595879353	-0.00982915306772481	0.00851127263397969	0.019566347816719
0.0117070077672533	-0.00367131491322988	0.00352459012669162	0.00229448402222059	-0.0159046317568173	-0.00063376014067416
0.0125484597050823	-0.00184708432033968	-0.00260905183908988	0.0041493793896219	0.0115880069310634	0.00075791221975392
0.0117792931856541	-0.0129555837308493	-0.00704038939096626	-0.00067190738651216	0.00780120016265902	0.0135367341016355
0.0116871228204436	-0.0110333081815098	-0.00409891227962779	0.0171227051101728	0.00118449121285823	0.00832075359860454
0.0112614969009371	-0.0173565576672901	0.00275972489337322	0.0224038748955973	-0.0022597192317383	-0.00663632197535945
0.0133793579266121	-0.00848539388749423	0.0251131243175013	-0.0227343444565628	-0.0209602003957856	-0.000531515651402557
0.012307530284558	-0.00255798773338869	-0.000571382067146204	0.00234131732845331	-0.000909282848834877	0.00874942721482219
0.0120140634994408	-0.00458891954311478	0.000826392650962597	0.0046901270061253	0.00320975565450277	0.0112965429047234
0.0118808648842522	0.0109398412686162	0.00731839261610492	0.00950441030576091	0.00362906726815396	0.0038325770175363
0.0117941477617091	0.0112133816534564	0.00928304102161029	0.0101119912701868	0.00134338592132522	0.00589081811943482
0.0118882934424847	0.00308770862802104	0.0218215475532271	-0.00242016456561995	0.0215517250824549	0.0115912055760362
0.0133500394295553	0.0209079167863117	-0.00696049071938156	-0.00186507227505669	0.0123408755403161	-0.00497353447604253
0.0120250027458564	-0.0064375346119399	-0.00685511648163156	0.00249342226096467	0.0195603871138678	-0.000363142680891218
0.0115606976972056	-0.00912879372708108	-0.00207922068236125	-0.00286927436167571	0.00663624683781384	0.00665977750402264
0.0121330810643433	-0.00310723135967207	0.00241388156988496	-0.00473882423857073	0.00251644667663991	0.0186196369378565
0.012919150805672	-0.00286289486395789	-0.00405602535443493	-0.00910557397458171	-0.00502038614346571	0.000245750429816159
0.013013929448136	-0.00237119043515211	-0.0074265505109957	-0.00899008067172574	-0.000978271002052401	-0.000620613825470927
0.0134533866975276	-0.00405747926159437	-0.00161214431548701	-0.0163166559832437	0.016191421833995	0.00729606130250541
0.0131661494918327	-0.000532453039696636	-0.00696947737907405	-0.0112538416664508	0.0154980003501265	0.00384836734435162
0.0135079231965632	-0.000842608315552472	-0.00621834641246787	-0.013644663415648	-0.00278704042385662	0.00423870779235082
0.0133229643353644	0.00114823233171595	-0.0095755758847318	-0.012354745855211	0.0033726279768583	0.00512030965270226
0.0114620759210677	0.0130076360872924	0.0284450827554526	0.0173938217688357	0.0163928692928327	0.0238476159746389
0.0128441200172811	0.0149381799307418	0.00520411388117454	-0.00226632772637118	-0.018539263819395	-0.00515254358614229
0.0132849941657465	0.00898923964655644	-0.0140475223725606	0.00748389832124836	0.012007160857244	-0.0090379517384825
0.0125892805972745	-0.0291631130917334	0.0344652588034795	-0.0235769991193986	0.0252078007161446	0.0142082268716941
0.0129200793433599	0.0179826300923282	0.0030844908751067	-0.0142251576012016	-0.0297475238116886	-0.0080711713344572
0.0125494148535087	0.00239843515130088	-0.00728555547646793	-0.00619631522069576	-0.00882525819291052	0.00253825516784178
0.0128465275697628	0.003122517159415	-0.00647367463673869	-0.00358047728332171	-0.00212505814833797	-0.00239682550140123
0.0118471281976427	0.0253296515248874	-0.00509965034910512	0.00767572943986269	-0.00803562929270773	0.00538711733027594
0.011844797291052	0.0207192213042735	-0.00100205803714646	0.012897912873965	-0.00728760817493719	-0.00500828290035243
0.0118221424242128	-0.000890105609877982	-0.00926030583198136	0.00352239118292956	-0.0218005558985101	0.00506230400976325
0.0124123193469591	0.00490711651415859	-0.012374160360659	-0.00772370877818991	0.000297644384808454	0.011803782034419
0.0123680158818745	0.00558145696371007	-0.0110444637392886	-0.00985995348170291	-0.00198596573225249	0.0125773312922042
0.0125488385177879	0.003300208412215	0.00330195946305254	-0.00140880999577776	0.00548948338447847	0.0261263962180984
0.0124374899581109	-0.0202561409678328	-0.0193394963998173	-0.0197782660057915	-0.00981416321535512	0.00264004648567482
0.0134622719754793	-0.0125706195947382	0.00631287652152307	-0.0219741304230384	-0.0014294775329231	-0.00157816489187783
0.0134087065647254	-0.0127854896105888	0.00590488245673183	-0.0208780558909833	-0.000978486735645953	-0.00363534728567698
0.0129483080293372	0.00375694897967624	-0.00374711352723727	-0.0231742144288116	-0.0019045905193061	0.0195203509567038
0.0119624275366479	-0.0154405583352968	-0.00248462537317901	0.00153906431339409	0.00330045343904755	0.0111723109038716
0.0122569443183814	0.00713709880518273	-0.00285725941082867	0.00270378424492489	-0.00478171959981932	0.0102166110323833
0.0110947436514622	0.00168844770091116	-0.0202578768985497	-3.37926550676368e-06	-0.0132917309335321	0.010199580790166
0.0113444505428954	-0.00301485673196722	-0.0044709117755211	0.00856778265768074	0.00606799729363274	0.00743312051846336
0.011051496868814	-0.0102340610680191	-0.0118813624618272	0.0137855807834827	-0.00430326475657883	0.000325941603579988
0.0125481254650215	-0.0212282954555914	0.00130297199852485	-0.0012212438624253	0.0180669086108266	-0.00799484780636484
0.0120575345927415	0.00602262830708552	-0.0135093246112031	0.00431011246393093	-0.0129681345588637	-0.000348604768809598
0.012081895657011	0.00356151149861998	-0.00422195749542914	-0.000905236443492525	-0.0230134182329754	0.000899963358375814
0.0127524760337451	0.00319204215905527	0.00679308461757005	-0.00837753285389946	0.0187528397132616	0.00235845595876447
0.0115509393561817	-0.00782091647450568	0.00329370539278636	0.00499238127679293	0.00201453249395548	0.00458604305800289
0.013190739090624	-0.00932017258635174	-0.00267914183781849	0.00326022274879586	0.0110245671883993	-0.00130841593107193
0.0107233890224755	-0.0148956355189205	-0.0112031762073466	0.0192086539907273	-0.0226245647860113	0.000621173953057653
0.0117990277437935	-0.0188298615437186	-0.0116071806359041	-0.0120945355586526	-0.012814000947318	0.00507101865688878
0.0109925457159959	-0.0136363309786103	-0.00370281189727812	0.0173892307270214	0.00504975347314273	0.00813231822894873
0.0112946818890688	0.0141302429698338	0.0419423228668702	0.0214610157413364	-0.0103703061403647	-0.001403145646292
0.0115990205254255	-0.0079609666178703	0.00612659230664716	0.00757623666648913	0.0134686699875305	-0.00233363084966634
0.0112699749948653	0.021720237877899	0.037036927523988	0.0190355508823995	0.0089432769330258	0.00703906032606623
0.011682444512832	0.0190853531591796	0.00638324871434539	0.0125496075867289	-0.0195983542446889	-0.00864941923191173
0.0124340182802357	-0.000285399416496047	0.00452104397906537	0.0046162802958049	0.00755437519921552	-0.00100166318993695
0.012058732479169	-0.00566443864450898	0.00248832461412624	0.00898269951527066	0.0121687251795603	-0.00274115352029028
0.0119779123445166	0.00408546519674869	0.00101851104749058	0.00191307206400678	-0.00247199463075676	-0.000498947975423893
0.0131812518878241	-0.000275287041569852	0.00153930081617303	-0.0159454399364951	-0.000124457349503886	0.00468049421564966
0.0108882019357323	-0.0144350299786026	-0.00133306982095248	0.0157597429798	0.0187032942068011	-0.00162084340105238
0.0135639901210579	-0.0253768099377489	0.0137690276650806	-0.0184804253213791	0.0135783076035673	-0.00176960797820724
0.0119766267016498	-0.00510763408091177	-0.00499142848028597	0.000603837880880685	0.00431740200520414	-0.0161637737327368
0.0123450085896724	-0.00714989372457272	-0.00655323051616978	-0.0006056775344668	0.000596565897462432	-0.0141265192655572
0.0123585155691645	0.00841145371715628	0.00018892754875467	0.00748575912643465	0.00728919799346202	-0.0239715677693974
0.0127149575993305	0.00188998329708328	0.00451298054220687	0.015014480619925	0.0135931530412597	-0.0137097129854397
0.0118806957989208	0.019927939791433	0.0193067810263412	0.00944515157047473	0.0138423344787421	-0.0137780724054927
0.0127308529980425	0.0283787028936289	0.0361440540438999	-1.74800578523802e-05	0.00541344323481187	-0.013234122671022
0.0112939689725404	-0.004990987473917	0.00432684055092305	0.00484725355166191	-0.00321110320177457	0.00624265347425092
0.0146457487930619	-0.00567122060506273	0.00933200800293435	-0.0189076110780573	-0.0190195512696076	-0.0232522345163116
0.0131905785913315	-0.00343728513495457	0.0109225342308154	-0.00363758872826619	-0.0115642177156356	-0.0163299164995938
0.0125838266603778	-0.00797521203108814	0.00415760525564227	0.00441822024274258	0.0151376226357131	-0.00501537701806104
0.0118936125547607	0.00355560770314043	-0.0141492894329349	0.00406808554310882	-0.00878656858108707	-0.00981643281944155
0.0127316804570385	-0.00676816980089061	0.0174707652103072	-0.0114208998472744	-0.00986372418673912	1.53287298421158e-05
0.012497738125605	0.0132326357299037	-0.015951947980986	0.0037463771751922	-0.0060618223151946	-0.0249801462382831
0.0118227206670419	0.00514791231441625	-0.00250228302176718	-0.000587707249873944	-0.0160884151787824	-0.0194672151910945
0.0124464102524029	0.00538476946582897	-0.000101406407932858	0.00649284132655768	0.00701673190161841	-0.00266706904503576
0.0112406506153246	-0.00606165103154919	0.00827199632288601	0.021492720454376	-0.0085057545425907	-0.00132467227220999
0.0113827766232427	-0.00489612032990195	0.00674088827224528	0.0224981742350175	-0.00795382359096087	-0.0141538185098664
0.0122303790876532	0.00080258582660383	0.0092250625558957	0.0115373161594589	0.00519132949495886	-0.00912771488457554
0.0135260284468056	-0.0178941435648252	0.0227768329225731	-0.00324709550104622	0.00984168317094293	-0.00597793711236626
0.0138949500729538	-0.00281954948459443	0.012139574334748	-0.00831950443425656	0.012549925032921	-0.0167456651347129
0.0117546681544927	-0.0178849589346732	0.0107781056405587	-0.0140176415973689	0.00930898020836767	0.0126697642332157
0.0124421299306531	-0.00210367234285537	-0.0035388946408676	-0.00325563284252181	0.019974628449366	0.0222077564008445
0.0113176185837457	-0.00640193583675915	0.00201928704814932	0.0169492931634313	-0.00608414215645545	-0.00742642311028398
0.0118123505841754	0.0169907195265074	-0.00181263069429284	0.0166159988102179	-0.0171588898467983	-0.0148556605408374
0.0132194286422763	0.00775872450606312	-0.00629480303105281	-0.00935159506321756	0.0139166242625002	0.00650704936466011
0.0109623733708014	-0.0104999986136263	0.00266697699744159	0.0216123789478084	0.0105025860789042	-0.00928445205633077
0.0129699409001025	0.0105583730366292	-0.0072585921749015	-0.00523466442794237	0.0207907546570813	0.0059660268991826
0.0119060945709755	-0.00448271451591824	0.00968226759574989	-0.00793245966411972	0.0101853524042466	0.00703011356148201
0.0124638694953925	-0.00284064205911155	-0.00338994542012074	0.00809951392570092	-0.0252067260479486	0.0200256464491652
0.0123411117760146	-0.00250472199086307	-0.000369884960749697	0.00430438481756378	-0.0228823382844903	0.0250213482164711
0.0118984938148243	0.0039996935866634	-0.00471110910661436	0.0060580909605498	0.0060619602956368	0.0052033084484623
0.0102705835231168	-0.0114619020162699	0.00797120571478666	0.00334777210866164	-0.0223612795600266	0.0282121930084882
0.0134172211123711	0.0442044858655295	-0.00520378294575307	-0.0244813844530466	-0.00420842670220006	0.0165623912285716
0.0116507097935091	0.00246933934156399	0.00956747073783216	0.0242732534716504	-0.00482675681192797	-0.0179366847468432
0.0123933552559561	-0.000671682404966761	0.0190592597443471	-0.00543869500695516	-0.0102783612002522	-0.00434657226665231
0.0124928285206879	-0.0134872594795405	0.00663466475921336	-0.00357780286400412	0.00560798324837695	-0.00415092106868115
0.0103271459698821	-0.0106604292961661	0.000962429703684436	0.0231827493326207	-0.0302106265870637	0.013968956367466
0.0123720418014771	0.00452792621676754	-0.00217292980570788	-0.000582207343005554	0.000444000120557897	0.00452337887942023
0.0111189634730406	-0.0031537179542549	0.0024575889369314	0.00237873475181514	-0.0129641143293826	0.0248980850819266
0.0120575907388069	0.0101986090876305	0.0103123144976437	0.00656536224394245	-0.000916471899867079	0.00971429802628047
0.0118943309127527	0.00718797434190979	-0.00582773878117494	0.0114557117184828	0.00230897289281876	0.00668375496728458
0.0126802828695426	0.0396507855162344	0.00281604948267679	-0.0126405571857706	0.00465065989173509	-0.00255110339721449
0.0127457237465531	0.0382026174153241	-0.00403507185982777	-0.014476544177606	-0.000381430715387538	0.00828002329972636
0.0137137216666123	0.0456151184063063	-0.00411876310545566	-0.0178201236429197	-0.00137469894806335	0.00188800368311393
0.0137104823069161	0.0453038615550947	-0.00317628021840791	-0.0167623622169557	0.00198598263077034	-0.00284799404885291
0.0120962884910791	0.00843732852593281	0.00082400577296559	0.016137083602932	-0.0131311151427271	-0.0138239342834418
0.0125882927250295	0.00405520226460558	-0.00488810204650849	-0.00280054113570343	-0.000700731048499864	0.00876301909521211
0.0127059234779347	0.00461664656850446	-0.00764404466077111	0.00642973146002809	0.0041039077171674	-0.00191389082368996
0.0123659625364692	0.00708500763874681	-0.0131326921094569	-0.00225862046081821	0.00758189167446705	0.0029442692253425
0.0140038654196216	-0.00108770315519597	0.00545369528109588	-0.0190540031045088	0.00165691814026222	0.00687970862375583
0.0145396804608889	0.00069197662878822	0.00988797813910733	-0.021403727097699	-0.00631727549162877	0.0118432682595589
0.014623816433628	0.00132197538639922	0.00969617361261883	-0.0213940167616526	-0.00572822607776074	0.0118101967978092
0.0103640044530975	-0.00802611451614019	-0.00293615251092684	0.0124958077867526	-0.00705029376302758	0.0103074345538954
0.0114509193344099	-0.0012809731738736	0.000448162983784435	0.00407689662959504	-0.0174384657623192	0.0144164237357304
0.0113052806786715	-0.00411674400187369	-0.0217340118330893	-0.00629340187959854	-0.00802985989068861	0.0113119907662458
0.0121517392321368	0.00204048696105568	0.00148950257533507	0.00468310463894327	-0.00494468057006032	-0.00324318368933838
0.0117668000580942	0.00262919774146961	0.00991936536110765	-0.0177792386019971	-0.0174151268644336	0.019311979294552
0.012016978591056	-0.005624470376873	0.00135210057742676	-0.0212731480029926	0.00220960823211036	0.0318617666145923
0.0132132854496734	-0.00599738625872376	0.0127840649762976	-0.0120472254442678	-0.0173628143549161	-0.0233905907956929
0.0128906050767881	0.013936446513426	0.00304225961993891	-0.0209468785807063	-0.00892332601640296	-0.0269090647518143
0.011677068388755	-0.00953925857464816	-0.00488157671370694	0.00352991725724555	-0.0235459535212571	-0.0122125649116097
0.0119977470151242	-0.0122793049793953	-0.015108180137768	0.00062474315282181	0.00832362723225766	-0.000653877847057236
0.0118511104987524	-0.000554398779343738	-0.0124619902942551	-0.00844398951389906	-0.0169182153317449	0.00370118114939266
0.0118757799476981	-0.000576032294053705	-0.0121461862999802	-0.00800305325140925	-0.0178542327131069	0.005955663350773
0.0128632180419403	0.000873036884758657	-0.00441843079726326	-0.0139721562187475	-0.0027709340396013	0.00107984447229932
0.0127948525229588	-0.00682327352508769	0.000508966526301191	0.00237982395260166	0.00693391410941567	-0.00794887812067597
0.0137726446002114	-0.0110205432677231	0.00336026103758483	-0.0145453016533339	-0.00309831100144143	0.00064439118607061
0.0130675655493931	0.00561580172004857	-0.0140032976854454	-0.000921102506163789	0.0139522585831139	0.00687275420261554
0.0122222286269939	-0.000162954376994329	-0.00796640824777927	-0.00373347079120882	0.0122358938729842	-0.00143505235106194
0.0119026423897931	-0.0139331761982936	0.0185949123353628	-0.0133352337734476	0.00681706006690668	-0.000353609412496858
0.0121277223351414	0.00492914260600291	0.0149899276168729	0.00136479015784498	-0.0020411759358958	-0.0117631484425504
0.0113605618087882	-0.020367733203351	0.00708309677949012	-0.00779679803070134	0.0145526215182753	0.00339262840290443
0.0118554100917158	-0.00242906664437609	0.0142959499071311	-0.00246980889201706	0.0110095977647495	0.00052346181046864
0.0120335508910422	-0.0096794111758007	0.0101278076230841	0.00927330365592695	0.00925302271314747	-0.00367405575932103
0.0124729163577738	9.37362436038033e-05	-0.00274691708216474	0.00706438057675337	0.0130209795376734	-0.00436810522232811
0.0145609052163773	0.000781392409046949	0.0118808941635402	-0.00551399915480397	0.00114582829202722	-0.0282253660696166
0.0122039951194976	-0.000667322657666779	-0.00255795857195804	-0.00840081225246954	0.0150262133173244	-0.00871198955892499
0.0129720927746927	0.0127564406993253	-0.000235264422547423	0.00728933976747796	0.0108535534046921	-0.0210347244483975
0.0135312892525357	-0.00437618715600352	-0.00452855005462966	-0.0186230651093532	0.0123557586592942	-0.00492479357491389
0.0128195362570893	-0.00836979401433482	0.00742292533601604	-0.0119169617870392	-0.00805821777776774	-0.0158247100794834
0.0116650864125647	-0.00428660391230225	0.0102855763728176	0.000846052971565689	-0.0048579082113583	0.000561317190449286
0.0125953330128925	-0.0100553901532943	-0.00182458436098321	0.00884718885111211	0.0254206876238891	-0.0104387773626442
0.0130914410821957	-0.00538532845311289	0.0237591364499894	-0.0202389132824382	-0.00372011303546947	-0.0235853371414618
0.0126049240300396	-0.0109689550514969	-0.00342672426225629	0.00517610025214818	0.0301446943500847	-0.0156252664335845
0.0117715158809388	-0.0145324466193715	-0.00339605871531174	0.0078312557527004	0.00813833602183514	-0.0105709469152692
0.0108932096181988	-0.022748239320158	0.0251329576880479	0.0212493266659737	-0.0065989929632696	0.00729873048427179
0.012400441831766	-0.000717219688017179	0.0091128295841427	0.00631968096794231	0.00771797146047258	-0.0112868285379829
0.0122423079260409	0.00612290944256164	-0.00240964579710995	0.0104119993161008	0.00884390966866538	-0.0143947686087786
0.0115710316053589	-0.0163667288674201	-0.000805801741880468	0.0026835334724563	0.0182436144279133	0.00156877553680824
0.013602278622791	-0.0113388025291328	0.00648098819238084	-0.0157884521102663	-0.00935793840524924	-0.032437568913649
0.0132810177793421	-0.0100438601492244	0.00709998530493502	-0.0140017359361659	-0.00722546812156053	-0.0290981677892517
0.0125682786238316	0.016191224772976	0.0112393442142631	0.00331963209203787	0.0114562222973951	-0.0279972284790542
0.0123321604715252	-0.00599596578667811	-0.000475893524691528	0.00670759547458031	-0.000727597204451974	-0.0109024930348855
0.0122747420769782	-0.00663244706544513	0.000633469250092469	0.00358025877685106	-0.0113922035412122	-0.0140477860307319
0.0124850886542297	0.00182471926609964	0.00493122731266872	0.014686839610602	0.0092453998921976	-0.0124409647871092
0.0110567343356607	-0.0111874494432634	-0.00315533239417832	0.0140849772641767	0.00357363357053325	-0.0187140346940626
0.0119902910954554	-0.0052388688286211	0.00430040270842601	0.00270462035666107	0.0164958678201548	0.00447307006059093
0.0113125254718938	-0.00833719630963609	-0.00526520361063693	0.0140406040086722	-0.00344687185287493	0.00360929888248083
0.0117313375528762	0.000174200231870125	-0.00925684225438888	0.00685448334613413	0.001665258612066	-0.00312673325845138
0.0124554664204954	0.023445827054547	0.0149294133631103	0.0108793014767512	0.0121141769220714	0.0196140171037935
0.0126767090102963	0.015591310723026	0.00974868448286758	0.00280590574295506	0.00378779797752154	-0.00879606649562247
0.0130475699769194	-0.00221873199664671	0.00382552460174602	-0.00371637270645605	0.0151865986481531	-0.0118523221857379
0.0138423806697059	-0.0140541796823423	0.0122122326617943	-0.0230619769747383	0.0207079835533126	0.00149441835356994
0.0122041375512117	0.00511291033826622	0.0174274466074015	-0.000754269026418075	-0.0105176606321053	-0.00314829512334043
0.0121914624843929	0.00393658203167132	-0.0107280851047258	-0.00642465809000679	-0.0112103187898832	0.00418073627615202
0.0141562174292826	0.00961367317414164	-0.00248110027516491	-0.0112208271430437	-0.00529113459761646	-0.00996551595051078
0.0119698197757427	-0.000655463226590322	0.00402169063262228	0.0176122460477167	0.00693130760972085	-0.00652100984850689
0.0118722681386669	-0.00492003081456444	0.000946383141014158	0.0206387821567034	0.00840440890883055	-0.00302715943114532
0.0115684698653559	0.0158865988969414	0.0293843588600423	0.021870793762045	-0.0181858410910969	-0.0102839077617735
0.0124089147983758	0.0171284974280206	0.00202030750241312	0.00492066080420864	0.0101575121259761	-0.0125228766391391
0.0132098824736324	0.0298904674651866	0.0108408910668614	0.00190664362016758	0.00285432378443081	-0.00178758091915131
0.0118325525972789	-0.00594543137164192	0.0123173409390761	0.0069489167068967	-0.00452451052595837	0.00351851015226595
0.0122053217316603	-0.000454527384326163	0.000549376290366164	-9.59031098869637e-05	0.00338364255799177	-0.00337981551918629
0.0121750971751915	-0.0061444900600741	0.00394506502619141	0.00342082480662915	-0.0151855113687756	-0.0140168149154976
0.0125924459435303	0.0024133351065793	-0.0058652876239852	-0.00590744950578375	0.0109970295371147	-0.00240436404717593
0.0122480094291653	0.00145635223806004	-0.000889543778553453	-0.00110388179265172	0.0143816297065392	-0.00134756128898711
0.0117752960747526	-0.00474767097510842	0.0194486648575427	0.00325052535356986	0.00450231537349635	0.0129868428169258
0.0145282564482108	-0.0154650590706642	0.0145513323772781	-0.0169528957128041	0.0062057399472561	-0.008255283258632
0.0126723345602559	0.000662841571848237	0.0143866768667659	0.00359018163818567	0.0103325821968648	0.00231989995975368
0.0127085470197842	-0.00153234074680476	0.0172643875431624	-0.00353688006667804	-0.0209904629309401	-0.0119224927833386
0.0126256466532253	-0.00160752254873043	0.00794378780470375	0.00264555543816532	0.000253685079283642	-0.010761376569661
0.0122521053615287	-0.00178099896895863	0.00415384003734553	0.0111754580898933	0.0169960034179387	-0.00284036221109138
0.0126209494321154	-0.00229420238849449	-0.00611006685344398	0.00780730306918775	0.0082519049606156	-0.0180641343010838
0.013118630302473	0.00732810666211588	0.00132682279272727	0.0025775367081758	0.0172458637030887	-0.016510568529041
0.0143481119058449	0.00515858390471777	0.00836763478545341	-0.0109965576434417	0.0122307044618959	-0.0207071798261016
0.0128468938124156	0.0036450979122827	0.0182976549653651	0.00688485509804984	0.0125282934365905	-0.0119261866701683
0.0123136898470673	0.000123533317858819	0.00684214961190371	0.0066671952936424	0.00508623698277942	-0.00826061907271766
0.0125256720304551	-0.000555893734762498	-0.000484857033080523	-0.00523014016577724	0.00832953542292867	0.00163748116583227
0.0121771793805459	0.0257394797133994	0.0328348299266612	0.0138348612242455	0.00895109127010368	-0.0147100213985977
0.0122849892602722	0.00368199824960612	0.0214942779471726	0.0294854195874778	-0.00298639963130833	-0.0207024258366739
0.0132977803488591	0.00534493652812758	-0.0125998059782085	0.0049214549865114	0.0082017917386579	-0.0189199869121483
0.0131854780383324	-0.0166625138985541	0.0107475245481943	-0.00985008325282169	0.00976335349430646	-0.0157751928057541
0.0128205202481901	-0.00692140447705359	0.0235616895095513	-0.00814772139433747	-0.0156453896993804	-0.00560324084387092
0.0127231102770554	0.00147358801491214	0.0356927594202939	-0.00192327147861307	-0.0147221555705183	-0.0139825672337954
0.0129810835285869	-0.00765124983192941	0.00505935130426404	-0.00150125822459868	0.0180146860056191	-0.00378825411198106
0.0120058355306431	-0.005569656862494	0.00477458310325036	0.0128517151955528	0.0234053376207107	-0.00998991006843381
0.0121314005544339	-0.00544640495483564	0.00308226785370602	0.0108619081265864	0.00900393008022208	-0.0154199897231935
0.0114281059249915	-0.00637215234618009	-0.0117782829142808	0.00872604294556563	-0.00751325741046411	-0.00488788037087377
0.0125339356202827	-0.00841109841497282	-0.0025145064761872	0.00193713975148501	0.0190206920182069	-0.00665219186193764
0.0127943672062182	-0.00576469141494979	0.00250258651099257	-0.00544103475174061	0.00211196617508132	-0.015180772510325
0.0127998147062954	-0.00653435132377236	0.00304490535776171	-0.0055170299842893	0.00185015479471853	-0.0166493503655815
0.0119986170142522	-0.00112203980167673	0.00592987664224029	0.00368229217085315	0.00747686157723537	0.00927864745602886
0.0124596243478368	-0.0251713783355418	0.0118174268190274	-0.00927453416698716	0.0133256141486006	-0.0105608623313323
0.011665861744924	0.00155354253389989	0.00265613650701546	0.00895289675868573	-0.00408829129680117	-0.00975675976175481
0.0118385121984793	0.00257180542844967	0.00354778807367817	0.00875971887226298	0.0051855643753611	-0.013255088139463
0.0120941446781436	0.00821009272866013	0.00579982198725549	0.00206850524229049	-0.00659897121950716	-0.00347517110439666
0.0116099168617156	-0.0128715178854126	-0.00233404948459356	-0.00526224768493688	0.0253907303974895	-0.0088281008622583
0.0120769209121154	-0.026483664526382	0.00616926487488703	-0.0121081841893231	0.00410974203378533	0.0029685860497805
0.0112235904570817	-0.0129350314217763	0.00908251182941265	0.00801669924170044	-0.0148655262857972	-0.00356435694512399
0.0127135043071705	-0.00151546552749885	-0.00110541213571953	-0.00272165673986882	-0.0136646884474464	-0.0083905573461324
0.0116045213322024	-0.00336795233373106	0.00373950500589128	0.00897629892197652	0.0020119093126524	0.00215080130221524
0.0114896545677688	-0.0055717292309061	0.00267955254925841	0.00876334109108064	-0.000634619630114605	0.00239347655246201
0.0122546141941126	-0.00295130787644855	-0.00580716360991258	0.00214713394966159	0.0229553550585635	-0.0157295814670882
0.0128010816900998	0.00866754187581751	0.0218163396164989	0.00386458218287066	0.00842580448129602	-0.0275500719278857
0.0134119862726957	0.0129387939949115	0.0108663182680019	0.00153241782732529	-0.000868421624852973	-0.0207816272934942
0.0129953722701564	0.011944366833425	-0.0080829604386946	0.00161188511285214	0.00985586064948238	-0.0112196411956166
0.0133669429124703	-0.00435109116972698	-0.000883476972066669	-0.00797205885686577	-0.0113684121314183	0.00352535492714014
0.0115058872894187	-0.00733293103227516	-0.000476935062249734	0.0163478941895545	-0.00342638367887292	-0.0107209781551863
0.0115031756348177	-0.0112767724607018	0.00739403549991031	-0.00315548166057403	-0.000780903011857316	-0.00748395864213152
0.0151184227516444	-0.00976167427485509	-0.00413275189929087	-0.0115616122856468	-0.0181244164651002	-0.03544079443277
0.0136536254318835	-0.00569570569262837	-0.0288189862384422	-0.0129154493307748	-0.0115971185776564	-0.0280024054380011
0.0135046242808656	-0.0126277594818317	-0.00508991600396532	-0.00372440869420873	-0.0142786970230089	-0.0158362065852404
0.0135843241755935	-0.0135867346404196	-0.00655807984087497	-0.00434312941588208	-0.00692687726093776	-0.018158370465911
0.0135598519209891	-0.0143625062945226	-0.0176797156427999	0.00991904075299972	-0.00123359841005878	-0.00981312327853206
0.010938720554139	-0.0150938280831369	0.00748713280051477	0.0257959125792249	0.0100170413127137	-0.00612761109592824
0.0110774925105257	-0.0148471523702831	0.00698372474097499	0.0257000491151931	0.00997729869532595	-0.000931624504957665
0.0112632801047049	-0.0111478648618459	0.0069785998172741	0.0134564160140956	-0.00568860053114075	0.00986812039598625
0.0100244559324974	-0.0181502304348227	0.00948839695836308	0.00543748382631334	-0.00788601200735676	0.0196910814098629
0.0104628598037661	-0.0154456988631175	0.0166268517787181	0.0222044829561027	-0.0066351981694423	-0.02036597797877
0.010374089352216	-0.0190146857443243	0.0127605274165153	0.0294554859527463	0.000868894619554578	0.00627298981144097
0.0120060525681902	0.000381739788028305	-0.0094033832200979	0.00264503729985351	0.0124145110500428	-0.00111476258246221
0.0113150584368057	0.00152866533589779	0.00695133704052936	0.00371397202384241	0.000678791165970462	0.00340681764502879
0.00825397256676872	-0.0138635879120599	0.0146479670555568	0.0335143290937191	-0.04018606031209	0.00838307650851743
0.0114694622542569	-0.0034615683868278	-0.00120294186315813	0.0100294742755029	0.00773762221843269	0.00275579038430129
0.0104598653209792	-0.0163656685605281	-0.00422044654511314	0.0198749542733947	0.00147690756509011	0.0255885863633855
0.011113282336626	-0.00315315172655238	-0.0124073039718941	0.0122921109366539	-0.0122761157083292	0.0107718642240748
0.0114124336578107	-0.0081001137178197	-0.0287431327427018	-0.0187029658245151	-0.0106587997338366	0.0071480988045116
0.0126812012574853	0.0271019717424037	0.0145600870293119	0.0170465823198659	0.0102664366784194	-0.0175908012687156
0.01254330232615	0.0302778628474703	-0.00706353679448329	0.0137627797179746	0.00922002471001707	-0.00892482678511126
0.0126581912440724	0.0280315844656284	0.00415695261542796	0.0141890396329438	0.00413346755073205	-0.0134532225120161
0.0133021947444804	0.00396541554766339	-0.0342050475735814	-0.0102796449577392	0.000854774129056183	0.000836156571443137
0.0119015228610068	-0.00371347125044605	-0.0249826727432331	-0.0104562833316829	0.000488913254310845	0.017285498414193
0.0134445499658946	0.00647187530913628	-0.0183738938517622	-0.0032962587101584	8.21844704916967e-05	-0.0179598126717966
0.0130630065165736	0.00710725008470737	-0.0178306980739803	0.00146729339579845	-0.00154039717670075	-0.00665689927097581
0.0140752861302979	0.0106951561585048	-0.00937917576707454	-0.000572868391194102	-0.0205495205037688	-0.00156990198072435
0.0114584627103503	0.0194244926141562	0.0211170954021745	0.0122934703501284	-0.0264540491084045	0.027074547473502
0.0126941036049434	-0.00134664117395218	-0.0118134057797988	-0.0126858751080195	-0.0110758207872677	-0.00244635086311703
0.0124902190235637	-0.00215999225145183	-0.0133077772193163	-0.0109492479882132	-0.0180019482493378	-0.00712592573512429
0.0135143331647515	0.0154888431328578	0.00689581839249716	-0.0239222208409095	-0.00696820105489747	0.00205151298487538
0.0131822638226294	-0.00883996863118149	0.00594339559150966	-0.0211471469054339	0.0135400696405339	0.00883214950357076
0.011719584159425	-0.0160732692992274	0.00202791558367084	-0.00418089830163963	-0.00121396465777053	0.0279875361681613
0.0103831066158158	-0.01017415068042	-0.00403702095499992	0.0183152778789378	-0.0342889016536982	0.0307259230132267
0.0123003044829826	-0.00342281659997608	-0.0138180153048435	0.00580938950365478	0.00159196151618692	0.00967511528501014
0.0116572880870236	0.0057784680099152	-0.0186534656222808	-0.00224383827690355	-0.00259653799157101	0.00683850156476583
0.0117190457655848	0.00553925176246508	-0.0178982045394466	-0.00381715937089301	-0.00282954535151969	0.00715848266495392
0.0120441222716628	-0.00159705572478705	-0.011218572092087	0.00136216383679859	0.0119863176232501	0.00493633581685727
0.01292876351537	0.00412899854210197	-0.0251744393676003	-0.0216162851015177	0.0104353301893583	0.00458674515096266
0.0112319851331146	-0.00382903631920073	-0.0144610449411805	-0.0177372596441868	0.00321120808750725	0.012588414296122
0.0118878487781894	-0.0173033300494918	-0.0127804077920063	-0.0125184616243452	-0.0233782997755989	-0.00384380151232805
0.0123174193078274	-0.0181193488204857	-0.0122171038938202	-0.013413172195372	-0.0122705542440576	-0.00955343242775797
0.0112070605361996	-0.0114577634204272	-0.00410610961662397	-0.00267230804507219	-0.00247089257690586	-0.00533401051142646
0.0119385836525751	-0.00272543116609904	0.00408203443813932	0.0122630110603252	0.0147959288696231	0.0130137718705062
0.0121330135410025	0.0317283312691188	0.0130894809092762	-0.00224745175708042	-0.00883370912599117	-0.00288653003587261
0.0110300193067942	0.0206585233018271	0.0214457698817664	0.00178293853321782	0.00650367486959783	0.0240947538834572
0.0132502356958534	-0.00602373734602382	-0.00818486727276114	-0.0158231142574294	-0.00768759279450862	-0.00436386386700239
0.0128873481486682	-0.00801721524965228	-0.0102042428183492	-0.0137658031650425	0.00413401129482927	0.0006669036739715
0.0129081994160033	-0.00713353706163808	-0.011303469870065	-0.0150907362711017	0.0161359084638241	0.00244206652221929
0.0127036180031743	-0.00930683540826971	-0.006604332170609	-0.0169853634002511	0.0166908186750207	0.00491360900110554
0.0128605443982875	0.0248778103718798	-0.00140977464088541	-0.000711692184182993	-0.00418265720598905	-0.00908606943324882
0.0138869408366754	0.0146850077424762	-0.0100463455388052	-0.0135713136008496	-0.0130584323846855	0.00254429536625986
0.0126575587163358	0.0160618378153723	-0.0140845427387671	-0.00286025316545847	-0.0174844426107294	-0.00194803829537957
0.0127857632859108	0.0104324940329314	-0.0129397062706367	-0.00384492385319342	-0.00490139604346808	0.00141689973118507
0.0118182558583715	0.00130620770286772	-0.022072924878876	-0.00150533215368654	-0.0215333504173016	0.00183436050445903
0.0120254437517039	0.00132352261631401	-0.0308892636575573	-0.00473689712457048	-0.013829958669626	-0.000478404439982615
0.0114542421672788	-0.000941110185542013	-7.89120205733117e-05	0.00128833986539696	0.00186304534585676	-0.000852804722003493
0.0138446833780303	0.00587170422592596	0.00149346971168069	-0.00619675092699377	-0.0109736424592673	0.00257996398451636
0.0114661942917659	0.00462458985931783	-0.0339255017842735	-0.00135084231374257	-0.00408568491721939	-0.0166760705767948
0.0114791806065879	0.00699800517224622	-0.0404573359917744	-0.0113616975656474	0.00270364687592476	-0.00746631014856874
0.0124805012619702	-0.00812778280383855	-0.00804167439334116	0.00906633735057383	-0.00306178104746165	-0.0109390141689557
0.0123432075867348	0.000759194855402947	-0.00534742042863049	0.00299451010934835	-0.00489813158041753	0.0019253497012387
0.0148643862850664	0.00870651634451556	1.18922169795345e-05	-0.0056793317115125	0.0110202379741562	0.00692816879645562
0.011718297965387	0.00514615270633714	-0.00773481751954767	0.00695750781848719	0.0297553606701619	-0.00303828293202724
0.0127178932818783	0.0114921059414327	-0.012653194011308	-0.0013486045029599	-0.00191162734904952	-0.00183576604114197
0.0114938066584044	-0.00384279073721137	-0.0172217344533382	0.00169052293445762	-0.00606727625171084	0.0268047358075591
0.0122065673807973	-0.0133145079718083	0.00644894153324387	-0.006213807539779	0.00289936149285433	0.022011356069104
0.0122747798442644	0.00602517376231917	-0.00976469948938013	-0.0111708288682555	0.0185553959943854	0.0141099607075443
0.0122353974703542	0.00498161032088642	-0.00760074304214881	-0.0120232900845904	0.0181862150525277	0.0133469173596724
0.0134098925910453	0.0154818304487433	-0.011876763452678	-0.0171047727808385	0.00368035752329485	0.00452673280313472
0.0127474048675898	-0.000699870674242887	-0.00428867005847205	-0.00780314842420639	-0.00265178384232461	0.027854499252409
0.0134089143923468	0.0128457379937319	-0.00999091206880229	-0.0118288936640666	-0.00944943631421993	0.0103590568398169
0.0133614709727299	0.0111377174625849	-0.0083246756349279	-0.00948844312845828	-0.0109841290961926	0.0149322715552348
0.0141120861609944	0.0192851183603641	-0.0103861791181578	-0.0121758301352188	0.0016679122670935	-0.00891639886168921
0.0125383579635966	-0.00119881471087847	-0.0127576509620333	0.00130941798830996	-0.0175673935965106	-0.00126725874005012
0.0127104474439277	0.00406260481802736	-0.00850547788729875	0.00240818575255073	0.00166554660295951	0.00494223459217976
0.013190948395261	0.000646299229806217	-0.00451376916107101	-0.0134043225929241	-0.00229124435750294	0.0029892504979119
0.0130141702644912	0.00478353344294908	-0.00999914383675013	0.00758546980886524	0.00792455248820463	0.0101894959905648
0.0122292881400423	-0.00324978059250989	-0.0186406112145612	0.0044039657865646	-0.00165647382339835	-0.00411272275085445
0.0119777305110448	-0.00442816494781094	-0.00827097137163077	0.0197596593526586	-0.00587055455768918	0.0115388291766121
0.0115640324456775	0.00152612279424348	-0.0237225855627155	0.0163615582566251	-0.0162125452749547	0.00308645428007004
0.0127277905451348	0.00160923840008755	-0.0100173707691358	-0.00272473650167699	0.00431497402095333	0.00338299457259595
0.0134469314428894	-0.0243934154472301	-0.00781868881119896	-0.0166036280392594	0.013535183213247	0.00251417104799827
0.0126407143488459	-0.00896421038071742	0.000434492015216474	-0.00817217017855962	-0.0125244735043243	0.0144379543512824
0.0158947916039882	-0.0123499144092332	0.0155360679041216	-0.0165907796855031	-0.00470585977276357	-0.0198197178354604
0.0140401268506892	0.00462422365905122	0.003013380768768	-0.00878790193191806	-0.00172132938437983	-0.0165990660422434
0.0126222870173748	0.012311976344179	-0.00164091935387733	-0.00964218443284889	-0.00194663696468413	-0.00102848434111521
0.0128473412088797	-0.00386351065279182	-0.00936853660312267	-0.0114070121306956	0.00219862409170794	0.000897185749188356
0.0107438046715206	-0.022583915169192	-0.00390927352722843	-0.00263273587945882	-0.0416418175907425	0.0146448413040036
0.0126240625298518	-0.00927088088693193	-0.0060627002632349	-0.0235446495829086	0.0031389779604651	0.0286459974220219
0.0145183531742302	-0.00899515021549938	-0.00349320514803099	-0.0263377232173925	-0.00877021967516251	0.0152009006323629
0.0123828037401536	-0.0028498523132906	-0.0116395112844876	0.00041545804416418	-0.00299657804119525	0.00972324038327898
0.0123980128315017	-0.0147919914319969	0.00323724430384526	-0.00644569121363318	0.022649155957053	0.0144687469939056
0.0133962626985355	0.0338902401147972	-0.00570711584443609	-0.0085516433026582	0.004717366539856	0.0180650129866912
0.0115507244966429	0.0144634022317609	0.0206680014673038	0.0297685065836856	0.000850000234369016	0.0241091042688448
0.0122011577532908	-0.0049008773136089	-0.00588184355494522	-0.00326479504557407	0.00304107599435205	-0.00140450482292872
0.0114865846209185	0.00682815408756382	-0.00767887568421051	-0.00671054396658002	0.026255955962809	0.00628033903277677
0.0119111498481914	0.00427072376370551	-0.00327916512133054	0.00279825268053255	0.012746922199914	-0.00358457868827816
0.0133616052363197	0.00481213273240823	-0.00393362878362025	-0.00363942858693523	0.00927974075165473	0.00465488388952599
0.0124644951612769	0.014755397397596	-0.00055691644700507	0.00520962330316969	0.0244015593737665	0.00798183828687835
0.0124245261278822	0.0147305429055581	0.00344061044784159	0.00371476560190141	0.0218685095301952	0.00401011884899712
0.0124219661781327	0.0159513208559075	0.00417212158694762	-0.000165068048289725	-0.0150719324388949	-0.000668623394821267
0.0125319402819915	-0.00331191839142703	-0.00432471388790166	0.0112301146923065	0.00601108460845269	-0.00201463746469745
0.0131089492292997	-0.00385300633036648	-0.00848278644411098	-0.0103238410834078	0.0159814683149134	-0.00193822534526215
0.0121703997685266	-0.00246126021229258	-0.00973738603118429	-0.000388982882906059	0.00238936913388144	0.0145081962950689
0.0126592557511404	-0.00130440057979554	0.00668555977895357	-0.0167590972418098	-0.00401889909045111	0.00447128192074182
0.013041278738337	0.00242164995102055	-0.0166130177728087	-0.0137825303069425	-0.00459370547404306	-0.00152456413379212
0.0142004097836854	-0.00225854747294919	0.00112528686854414	-0.0122350291894205	-0.0145327683947142	-0.00768224973008779
0.0135962688683297	0.00835690697849422	0.00751674669448146	-0.017686973179377	-0.00292507591603555	-0.0176197519445874
0.0122118706285576	0.0105048547065932	0.00670260530878659	0.00285127182493522	-0.00812270580254398	0.0122713397166368
0.0120993130654137	0.012104036672902	-0.0135463164294275	0.00540543821518566	-0.00897860098747771	-0.00450129720281701
0.0118433130092008	0.00404334876985644	-0.00131808479812577	0.00357343482563845	0.0152201739263367	0.00280566425545499
0.0126442955625916	0.00249646557020194	-0.000308491287757454	-0.0122623912468112	0.0110435167301578	0.0233253633647984
0.0129587297653094	0.0207666343664558	-0.00111364024039751	-0.00881049290414563	-0.00497880421096348	-0.00547834370689606
0.0133248440430314	0.039723375032779	-0.00120550612111062	-0.0158757497720385	-0.00965729464949432	0.0125934760450812
0.012047311604533	0.000352320035546469	-0.00380177324082959	0.000209425335605485	-0.000725332021277154	0.00575774983924274
0.0113250052549297	-0.00374111090841161	0.00680076959674899	0.0107205351982353	0.00447175084832383	0.00266761281182927
0.0121967949514823	0.0142588826440506	0.000276627003797211	0.00564404866841544	0.00194691580547793	0.0121209676109944
0.0121265021801654	0.00673943738263658	0.00378073715067445	0.00696365603327823	0.0168227046650627	0.0112487067700351
0.0121642771175366	-0.00215086950129436	-0.00610093061565658	0.00597387712411735	0.0162136531223219	0.00693115196189101
0.0120956054556295	-0.000666485653926031	-0.00119986556572847	0.00329804604829369	0.00289322019573806	0.00982953782637912
0.0123069787222443	0.00114074065379489	-0.00500985015687296	0.00085954690199328	0.00769660235875372	-0.00392264213310947
0.012225728908663	0.000635733264304045	-0.00484045684692082	1.53918758644196e-05	0.00418276909316064	-0.00226977063874038
0.0112815416739187	0.00132166777344333	0.00459805747926705	-0.000670272994044754	-0.00280790755480237	-0.000482149685426337
0.00816562875243372	-0.0117384536411967	0.00794332251156901	0.0204935779068078	-0.0176391459548548	0.00601402104562844
0.0119889119447502	-0.00656978391207665	-0.00809311143837039	0.0140339063572299	-0.00596150416136039	0.00346647338232326
0.0120102034919161	0.002370762920882	-0.00761954894247125	0.000110063909210543	0.00555960967146845	0.021372388033418
0.0131434951129505	0.0178366089176876	-0.0111055236733337	0.00304529367956895	0.00212217157156847	-0.00456927218724915
0.0125748068566332	0.00717313028464368	-0.016994886456568	0.00340345224776082	-0.0136275679375839	0.0067209411050532
0.0108578025024483	-0.0156473843507788	-0.00472138947308977	0.0209795828359229	-0.00774738415588319	0.00533316859244806
0.0124020221451195	0.00427600580885691	-0.00542707440958846	0.0109699603647949	-0.000257686778962232	0.0115267807228167
0.013838995507044	-0.00029513222947414	0.00261597650339289	-0.0103652503172233	0.00435761577234935	-0.00301894924996031
0.0114017811412627	0.0216447360207865	0.0174056089868457	0.013812002305276	-0.00219711633007455	-0.0057588022232076
0.0114145707591576	0.0227967451262106	0.0148048097633625	0.0119515074688997	-0.000178638760518129	-0.00354253112783359
0.0112105320877054	-0.000843171933652584	-0.016198037519658	0.00403093302522563	0.0134980177629353	0.00936193129298031
0.0112446516233049	-0.00119589712773037	-0.0130474606664002	0.00451292665514033	0.013023159706396	0.0017531150901502
0.0110693904143253	-0.00936016413502125	-0.00720321175324953	0.00530196794812639	0.00438496438180869	0.020037865773299
0.0116021715915537	-0.00650146804398878	0.0101434457622569	-0.00522777724856956	0.000933948312216795	0.00784835327987411
0.0122252151957413	0.00474041952153891	-0.00893122967032244	-0.00982595628106216	-0.0167487355422138	0.000781344804099004
0.0120923518113189	0.0117614485319726	-0.0120249982756173	0.00729496932307173	-0.0114964638012241	-0.00156138681068467
0.0110877504204258	-0.00124347099110601	-0.00318114621233699	0.0134130452667898	-0.00282933073874194	0.0122695188678537
0.0113750841469344	0.0278113359042715	0.02463044335865	0.0190972869970344	0.0133314978205751	-0.00603190075424597
0.0123303879764179	0.0109657267496047	-0.00177383935330658	-0.0026786421082273	-0.0078441430732431	-0.0146930086327834
0.0129772209662704	0.0114341331466939	-0.0104921484185657	-0.0088632396257231	0.012327257023394	0.00495386065317642
0.0128263902161337	-0.0230631450280396	0.0241962796091341	-0.0258394601350671	0.0116002561094826	0.0133352204561203
0.0138146934273076	0.0218904492265476	-0.0247203956237718	0.00309647366442862	-0.00434665842593026	-0.00927474216795804
0.0137893930544158	0.0222402925340325	-0.0247877052979404	0.00305603279560971	-0.00613097788522908	-0.00856274845570628
0.0110838696853653	-0.00243413874682665	-0.0335705277406534	0.00345902653757672	-0.0106866959439531	0.0154313552332027
0.0120777348066658	-0.0051700890546583	-0.00936125673902403	-0.00324096333092097	-0.00103024801283554	0.0165313805957039
0.0117759746786705	-0.00122568377400911	-0.00843449419728075	-0.0135190862857143	-0.0123021146368719	0.0307558013296636
0.0126055976989077	-0.00360943284533819	-0.00623864177637238	-0.00458869515269917	0.0104510661038542	0.00689607564114127
0.0116739193594295	-0.0104458889127935	-0.00900297540291562	0.0170799963033522	0.0169046475530736	0.0051024549850156
0.012293001214963	-0.00031885672288717	-0.0186419650858715	0.00382650240859589	0.00339003299573371	-0.00288013437825022
0.0109530874962777	0.0117005938113427	0.027152642573764	0.0221472473368468	0.000870214310909848	0.0202727784479361
0.0110639515043024	-0.0140423659356157	-0.000763728129658615	0.0174457188957768	0.00524340415949401	0.0211488565836552
0.0124567798647228	-0.00959412699248009	-0.00951413117897332	-0.00884766456615332	0.00666246720901304	-0.0112656918251304
0.0116306406549389	-0.0129873144446912	-0.0219045039037279	-0.00412778346914513	-0.00118539110037031	0.0150573305000417
0.0121501826749176	-0.0101161370351901	-0.0179093409608409	-0.0144754732334505	0.0128332531231838	0.0266408177169008
0.0128181131533533	-0.00217300015524124	-0.00236114148169436	-0.00520013611646132	0.0114008162782498	0.0117836799883659
0.01208486283129	-0.00406508283185093	-0.00355474252245678	-0.00604529386032561	-0.000128313544899302	0.00488280321594854
0.0122934542974397	-0.00821851701916533	-0.00464040960913104	-5.38012125153114e-05	0.0212684808868483	0.00357843117593358
0.0122956038744245	0.000575483643553785	-0.00282901412108993	0.0120398575629269	0.0165614410057882	0.00481905464913607
0.0127433534227399	-0.00732994514718454	-0.00856583800951346	0.00850244727739185	0.0201449873949516	0.00841644076389215
0.0110690136718819	-0.0176867764732706	-0.00214429212915973	0.0360335179012497	0.0198044667554652	-0.00323823826243608
0.0125471540733095	-0.00331015580677392	0.0123066816430987	-0.00411325011384919	0.0175169306142846	0.000375137242009501
0.0114151135359018	0.00171269257072493	-0.0144402890046501	0.0132405438113569	-0.0185053374272863	0.0199119425815248
0.0132503419400166	0.00744980602062652	-0.0155904609222175	0.005895188805798	0.000661839812582516	-0.0026078920563768
0.0133511988652624	0.00929405387944678	-0.0173350150753139	0.00628830419199577	0.00416097453178915	0.00384706074865199
0.0125523383688395	0.0154700427171796	0.00704099033284921	0.0162941811596701	0.00810036916980692	-0.026205937404602
0.0129133593066073	0.0257322194056592	-0.00460094278105798	-0.00349797269643722	-0.00680301137289382	-0.00619036818729752
0.0128908282410003	0.0233821864713993	-0.00671776708315188	-0.00259193208867688	-0.00599243896913809	-0.00810951375278342
0.0115934039467442	-0.00144309812238366	-0.0287177477982344	0.0304155478688384	0.0104145848829367	-0.0268485211107221
0.0115844708672662	0.00454118963538651	0.00149107443396797	0.0100227781419508	0.000852256911826992	-0.00464561636248789
0.0117191120127555	-0.0259493949785343	0.00793877870265884	0.00348596364277408	0.00502403410442002	-0.00720189219941085
0.011770262186275	0.00895152821169029	0.00563527853172675	0.00942446493036272	-0.00345835902708814	-0.00291554692826871
0.0120810439385103	0.00275976490640127	-0.000789365879443134	-0.00581225691636283	0.0076734008736527	0.0112336305827135
0.0122529019637717	-0.00569784801783368	0.00965386291839386	-0.000853606024297477	0.00544214074952487	-0.0109937323548709
0.0119353010204231	5.71935498089398e-05	0.012307813427799	-0.00135792646794415	0.0130672711148174	-0.00334856268704331
0.0119926856057982	0.000158283951323607	0.0084686006985809	0.00519241612282085	0.00473849461868386	-0.0160551826089416
0.0118492802320077	0.00206730052868508	0.00789825502757258	-0.00378044528193956	0.000895236979263323	-0.00892707131522256
0.0134108976497255	0.000734376082609939	0.0022146442434735	-0.0114230036201217	-0.00712152346278326	0.00113909719400591
0.0114989798767305	-0.00603693674733552	-0.00431885576089484	0.0123121549702941	0.00275941571497958	-0.00204812455481026
0.013384886247149	0.00419661211483196	-0.00367952609212071	-0.0029326315545633	0.0173736186682761	-0.0137304567473877
0.0105653293758831	-0.0228843424227111	0.0104547365646902	0.0295285301447225	-0.0116806397166638	-0.0103611025048044
0.0110381674584074	-0.0227012018167239	0.00010559467150659	0.0220907588539584	0.00102934308532781	-0.012989216976038
0.0111111777334173	-0.0154112024283842	0.000312864959816244	0.0240682665693425	0.0184922771146111	-0.00621016743363704
0.0107096535188582	-0.0131131757363683	0.000602446808842471	0.0192648664237575	0.0169788231008588	0.00744297248755462
0.010474594172519	-0.0104637607005125	0.00446639528535122	0.0103485047914866	-0.0294273028109821	0.00209894847202702
0.00838463118316457	-0.0190104617667121	0.0015516875610947	0.0194672398994231	-0.0287577399416859	0.0117092130589579
0.000127541142748218	0.00760268749482846	0.00937161512490763	0.00886732198936123	8.80906605043525e-05	0.00955761099523308
0.00635788085908609	-0.027283836078848	0.00457645199350808	0.0587164647520047	0.0169297462398844	-0.0297320338763462
0.00681402103297412	-0.0149237582263784	0.014221049214459	0.04055708046232	0.0672508719132795	0.00953357256234849
0.00954314617027446	-0.0177896853229811	0.00648417160858644	0.0136219086139684	-0.0165249790693477	-0.00821535814388781
0.0104813519711056	-0.012604356573713	0.00209809886803853	0.0115695611393593	0.00414485038792762	0.015651391574127
0.0109917433560621	-0.0200637829149287	0.0102218838978024	0.0115360796097817	-0.00708431950313907	-0.021872601186945
0.0112697979668321	-0.017534706104409	-0.0017081351139659	0.0246244133424493	0.0116618123191852	-0.00316699508484832
0.0118721811566721	-0.011106294353147	0.000765794456092183	0.00527534368095535	0.0121375480933423	0.00405015120398686
0.0106828974274502	-0.0195459489121948	0.00223905715659336	0.0305869764015008	0.00710094274407332	-0.000347250553424382
0.0138404620690236	-0.00981717651431476	0.00150397486386505	-0.000548789153559837	0.0306295259438981	0.00673702281633311
0.0117166101894005	-0.00689806500692079	-0.00506299229246423	0.00276442575647403	0.00628598578355864	0.00754577751760175
0.0117082142011786	-0.00728728489881152	-0.00651094811480662	0.00472690122969883	0.00575438974884752	0.00900593827737394
0.0109253727024633	-0.0173934264920425	0.000261224920630642	0.0077859581587631	-0.0151430696754649	-0.0159418663430548
0.0131326825716423	0.0053498991137172	-0.00965283097524588	-0.00618966729824918	0.0066341040324265	0.000405644842384744
0.0120397929352789	0.00136376283286031	-0.0131059505239101	0.00119905455043049	-0.000646703086404322	0.00390475088097926
0.0108628487758903	-0.0200785305657474	0.0122630956949124	0.0290700592352319	0.0011332647809901	0.00306106971205833
0.0123175184993566	-0.00797400245474645	-0.00441778152817095	-0.00467086209130115	-0.00200954263368425	0.0062193051307347
0.0130974459921097	0.00232188311159431	-0.0128730624385083	0.00305862251945471	0.0110676833747414	-0.014282734391149
0.012125861611384	0.00634051512359051	0.0130173267860108	0.014935723057051	0.00162835514167223	-0.0012071605942449
0.0113619408245981	-0.000735955415015163	0.00350582053949827	0.00307675178653689	-0.00799315161137013	0.00276094971064138
0.0120180731528494	-0.0126784885825716	-0.00535824450239822	-0.00780630377183592	0.00712597422133307	0.013498675551144
0.0119535508368189	-0.00707146065871905	0.00339268926977919	-0.00115074172199652	0.0179556442358655	-0.00322075812613361
0.0125535739191651	0.00438236023878673	-0.0182977769487919	-0.00194483898876129	0.00652367779930187	-0.00636320467580223
0.0127727226628086	0.017383367903469	-0.0136493204369948	-0.00479614188624995	0.00226795093245885	-0.00424664631200324
0.0114013541150656	-0.00692277175728257	-0.00773964515370674	-0.0003249559452161	-0.0195946350940565	-0.00229857837427533
0.0124506362372291	0.0423380665494168	0.00712501827193033	-0.00260164491599726	0.0203246343467453	0.00370405166551173
0.0121602472892868	-0.0047587322100566	-0.00761113104944167	0.0112527376275688	-0.00376640129078475	-0.0235042732133922
0.0116327016872942	-0.00353023625615461	-0.0089893619599455	-0.00643535998860173	-0.0061314674131489	0.00758220397485562
0.0113830483891479	-0.00132633858061843	-0.0110164412958897	-0.00150503518354675	-0.00196240410722616	0.0178633359390057
0.0111491617837332	-0.00535775535794752	-0.00555824878230278	0.00242069728065693	-0.0159266981455406	0.000991915186111887
0.0113321961629218	-0.00440142948862745	-0.0126794138101655	-0.00604092484436647	-0.010181501604058	0.00887682802801511
0.0119695669846641	-0.0169706978539221	0.0234065579127	-0.000320453152103752	0.00439859223244016	-0.00483738336276003
0.0139963707401417	-0.0097331239860333	0.0242272002291828	-0.0212008842551762	0.00356548782613491	-0.0263148105407059
0.0130290851454899	-0.0347817572222686	0.0404341256716804	-0.0271918890424398	-0.00229679474759813	-0.00253646374828515
0.0115224074601844	-0.00606236458147646	-0.00782291585177281	0.00859459396561206	0.000273496735396134	0.00528068362140703
0.0115370014947087	-0.000393956176196675	-0.00633137408560771	-0.00224942663007886	-0.00245881532995127	0.0150226990413113
0.0112541819008445	-0.0085174702933197	0.0143403462951468	-0.00427196553628191	-0.0028440571084819	0.0336248506936742
0.0115974539947819	0.00259045904866723	-0.0019315341621844	0.0209183603324564	0.0127632908198427	-0.00691079396731008
0.0115748100478816	-0.0137318975057211	0.00400768378183853	-0.00265689343366296	-0.0156281768639607	0.0181557683856589
0.0137851333716044	-0.0228283339943728	0.0236318692931202	-0.0168305019367232	0.0217414021976894	-0.0187933774019895
0.0133916954151089	-0.031866014899229	0.0173391004352342	-0.0168907836052983	0.0251894344466462	0.0173273957049318
0.0122887903816334	-0.00222004390865911	0.0389648692024847	0.00619268743283128	0.00018215973741825	-0.0173295398444212
0.0123797105120461	-0.00216959571222454	0.0086743501746425	-0.00122424069747749	-0.00457774870802911	-0.00357798644032243
0.0114860911144076	-0.00658408407380092	-0.0104920324611822	0.00971401426775464	0.00244260893924671	0.0118413430561904
0.0128502397498444	0.00542981048649027	-0.00925718818639524	0.01784507332552	0.0412077086673791	-0.023557437871889
0.0115174295102263	0.00414969318022211	0.00880057278265811	0.0178256137672324	0.000805936832465906	-0.00197681159445383
0.0130208173760781	0.0358576721495037	0.0170040642461501	-0.000344987121064466	-0.00888949098532967	-0.010306464954041
0.0113541489959579	-0.00242021323832201	-0.0016365394410212	0.00742753767813326	0.0151688571623778	0.00354649708725211
0.0115561202529104	-0.0138416104594952	0.00103525229164415	-0.00270736700644136	-0.0120460687199451	0.000317586939445525
0.0132081417506754	0.008340526347575	0.00755975461763898	-0.0170114857259886	-0.0238612461526327	-0.000183056683991689
0.0132662514300063	-0.00428306144216496	0.00533574440070627	-0.0248014681723385	0.0042377900534878	0.0182144182308024
0.0120835884275522	0.00561673508213992	0.0045743723394484	-0.00149663933856354	0.013806082735731	-0.00354605143407959
0.0122417390639645	0.00294765198455305	-0.00425660457896543	0.00572812548957719	0.00466174232963971	-0.00544088662820398
0.0115437794591441	0.0244574582874552	0.0198952984562062	0.00658514835572883	-0.0107870650578682	0.00820562966216693
0.0121918855577413	-0.00366550540637199	0.0009091637594611	0.00249765941264012	-0.0167257555043141	-0.0128690668023866
0.0111953517188146	-0.0121351541567151	0.00168754932184938	-0.00323794127602066	0.00564951191459222	0.0186085324531483
0.0134656078339597	0.0203801611230024	-0.0171855619128634	-0.00252371817025121	0.00251665774183235	-0.000731713175947405
0.0138741079367522	-0.0176166738125694	0.0066175686016159	-0.0356329241772028	0.00941182998422256	0.00846218663809188
0.0138278009272926	-0.0168782791248514	0.00690675539796705	-0.0335471331549499	0.00956250083298293	0.00841951179684435
0.0125091655925284	-0.00879890891217197	-0.00575255600687547	-0.0227141795719581	-0.00286215666533977	0.0196776871476373
0.0114791390118217	-0.00572673753985128	-0.00645251651023597	0.00314980534483413	-0.0027200522773065	0.00203960192357893
0.0112354578074714	-0.00645823337811091	-0.00366573533245204	0.00131608870288635	-0.00337124958901594	0.0212331991390965
0.0129222051742205	0.021635089038686	-0.0148278379039415	0.00425634405555072	-0.00150968926128652	0.00158081433794388
0.0111302680899479	-0.000156338234030997	-0.013967921477038	0.0214998839904218	-0.0112800354482824	0.0205867909888091
0.0114971171864146	-0.00286549024354224	0.00355494498813908	0.00925816054400868	0.0147502079957424	0.00999362421808762
0.0117088684328883	0.00347438668610526	-0.0104441156735855	0.00441931449014972	0.0041494590268033	0.00610748031850094
0.0113137813822317	-0.00714606964418547	0.00260841493065257	-0.0154912370554226	-0.0157657394398222	0.00843748425627097
0.0119640153864734	0.0163374610253182	0.0272549371576163	0.00717545197078607	0.0141394931111535	0.0191040879697073
0.0102523806316777	-0.00673616027120214	0.00546210456500853	0.00529400385034925	-0.0354190724433827	0.0203737893876974
0.0118576873308161	0.0142106701854196	0.0126485136699749	0.00761666282939983	0.00237431230670101	0.0271548745306432
0.0116130700524901	0.0148181018701089	0.0118155546148996	0.00543926107915257	0.0127451483523025	0.0334084205790412
0.0135822102401837	0.0346232002080904	-0.000167771728005315	-0.021317063867601	-0.0135200419729162	0.00324381653601707
0.0154083280418783	-0.012853271398874	-0.0058557927253987	-0.0108809271214248	-0.00510128881094181	-0.027905361917515
0.0135769726201462	0.00653827282640604	0.0129639708909681	-0.0126616640377468	-0.0175642120329224	-0.00938044891577164
0.0159654173893477	-0.0116384771240589	0.00355490796233791	-0.0278105908738133	-0.00819184897572252	-0.0176577172302441
0.0138596152245433	0.00674436621958837	-0.00494952034341122	-0.0137785009909677	-0.00898477391215075	-0.0144799820682604
0.0128196586778679	-0.0007013247943082	0.0165468288631577	-0.00135115577572743	-0.0133875914887252	-0.00956114112658293
0.0128936618188904	0.0163824015546242	-0.00631391699671139	0.0105012964970136	0.0015907481482366	-0.0199745986363403
0.0127197025294303	0.00184013960397751	-0.00549100695808625	-0.00267772066051375	-0.000761638437201226	-0.00760948860409439
0.0121546941015469	0.00235010773498039	0.00246762896628064	0.00351799220331388	0.00899553230167934	-0.00428443432154233
0.0121374560336825	0.0016321748659506	-0.00675627642931163	0.0141193875198825	0.000476560168298614	-0.0190598825032835
0.0129246482862921	-0.00507157590137915	-0.0028990746381726	-0.00428436396680649	-1.92959419169653e-05	-0.0139657681196922
0.0127839589970841	-0.00631648173831929	0.00226161130747349	-0.0019213171357091	0.00433972588213644	-0.00412795984535834
0.0115593408151175	-0.00667315029829909	0.00213242318260458	-0.00203301238599279	-0.00209723736139952	-0.0079998806454698
0.0131513320833785	0.0130598434951781	0.0100942333197991	0.000480010495905151	0.00908701095380352	-0.0245889984787719
0.0119020618783695	0.0149448995249522	0.014924359838301	0.00516229717170723	-0.00481691893425911	0.00293090630119108
0.0114713633173562	-0.0177593192723687	0.0218435764454281	-0.00263577728549723	0.0284342607479253	-0.00244100975011816
0.0123198112053258	-0.0035312380757424	0.0145952716370928	-0.0203200656997978	0.000941170137555762	-0.00424146032474517
0.0119161953649141	0.014663703481333	0.0243408617281387	0.0200684623872959	0.00340947279468208	-0.000872769352537556
0.0123898575676041	0.0122226938774656	0.0124195553200777	0.00382602960948136	0.000142947818710866	-0.021599536466446
0.0132210345216685	0.00390855044866266	0.00737834264217916	0.000462255435904769	0.00891792859020288	-0.0163884442824502
0.0114159832923581	-0.00823168881075564	-0.00884184925979738	0.00648616820066399	0.00150337186273475	-0.00470712921777982
0.0113261816386545	-0.00997823440394133	-0.00851494446638007	0.00544708348415422	0.00279046015463211	-0.00785070849895873
0.0119481562220268	0.00222258628791762	-0.00815609591570509	0.00671278631628005	0.0152680391313059	-0.00748351422292513
0.0116058335453088	-0.00203744906841473	-0.00052449198979016	0.0100726497135377	0.0104616633002898	-0.00988464618677364
0.0126812917819165	0.000616437546955033	0.00245082412192427	0.0139440501859942	0.00577423469833758	-0.0199831668957774
0.0123806400232053	-0.0213632124167091	0.0170561800318566	-0.0192072343623987	-0.00467386703984955	-0.00761213669549753
0.0122480812342289	-0.0145810126355663	0.00922936354799813	-0.00601655471599941	-0.00728754153699872	-0.0169052701992646
0.011533100536848	-0.000763689922864822	-0.00501939111709294	0.013969671816216	-0.00109669047583967	-0.01628583785494
0.0111404978049932	-0.0155524005085693	0.00662169321025789	0.0303472014394782	0.00114135594983392	-0.0152878400815884
0.0106717259508093	-0.0118692656205128	0.000746866181482843	0.0140003210552262	-0.0199974071414713	-0.0129688456326844
0.0119580386198744	-0.00656933817210862	0.00689732779598085	-0.000361204286520486	0.0128016313122597	-0.00751837190505031
0.0113305077128354	-0.0121903423150214	0.00700133835455581	0.0135702205418809	-0.00384255325662561	-0.0121975962470414
0.0114087294049702	-0.0155491874892113	0.00199688584204596	0.0146935049827208	0.00786349020656098	-0.017974889115151
0.0104186257778433	-0.01465028190781	0.00452451327813278	0.018564957555996	-0.0125835866374768	0.00398895463839929
0.0112513940650704	0.0132785439919289	0.0279733770166577	0.0196867317000884	-0.00341916326219584	-0.00309638685126052
0.0113118957064393	0.0136431287497387	0.029022820389593	0.0181354851150699	-0.000328337879986742	-0.00108313789105993
0.0112822857798068	-0.00510187193297054	0.00510943377966469	0.0200593936921353	-0.00908365814656483	-0.0123318920787863
0.0112863856962974	0.0192870128537939	0.0155578120507293	0.0260158436602137	0.0110774601518815	-0.0119565542306882
0.0118355123318481	-0.0139210608876802	0.00274015083053723	-0.00572615684245654	0.00654243012363018	0.0214098816408422
0.0104325242751988	0.0108800870197938	0.019193502631396	0.0264486327274745	-0.0155017405083233	0.00521299460456381
0.0125694765789534	0.00513687221536703	-0.00878768328179771	-0.0111314258693842	0.0107899875575129	0.0167143277033847
0.0108593536707728	-0.011590195365006	-0.0062025867914039	0.00693006853692939	0.00371921002271397	0.0118446921323407
0.0110811498013503	-0.00425953710749909	-0.0186604179986639	0.0193142763368235	-0.00716385514121758	-0.00612927423525619
0.0128346308479581	0.008180401086136	-0.0211977690124415	-0.00733865716191644	0.0236378632723922	0.00234095024065437
0.0120640623238353	0.0124018580023378	-0.0033711966980844	0.00994533884274396	0.00937521773682569	0.0107436251228535
0.0123748906768718	-0.00776739486291755	-0.00303952260221929	0.00391737540064213	0.0181764078244804	0.0171601460385511
0.0121356869228332	-0.00323104271637707	-0.00390732167000952	0.000126496681141878	-0.0062156751895869	0.00787512040731361
0.0103457861697763	-0.0109079844250675	0.00244043595456432	-0.0108875510576519	-0.0293094468566254	0.0119676005481116
0.0116588667693639	-0.00642909807315441	0.00759570654572733	0.000438705317650493	-0.00277654366120638	0.0048652654923875
0.0138239265257178	-0.000166839694436248	0.0117341547354733	-0.00848821326534616	0.0113213020887076	-0.0129778159420516
0.0127354867692596	-0.00546901873925387	-0.0168744431084552	-0.00371824127488717	0.0208463494216676	-0.0103956962594139
0.0131408724222829	0.03922837686825	0.00374454594935692	-0.00656703128203572	-0.0148640025394326	0.00134828006284135
0.0122198708552249	-0.00385801496804205	-0.00587433271317262	0.00186622586443481	-0.00457296888682505	0.00755026222295094
0.0122553481128528	0.0147747854764758	0.00455328827014418	-0.00346857069272233	-0.0161163139789169	-0.0130584585704397
0.0133340665019417	0.0286345862643449	0.00396944117151009	-0.0113182272472631	-0.00652120260369434	-0.0111813849125043
0.012114965561966	0.010494734620187	0.00853703797487201	-0.00490933881279005	-0.00945506249389495	0.00425235338032847
0.0112530388691699	-0.00458816534096153	-0.00567303064648664	0.00737599900416946	0.00129896003198512	0.0172392669450069
0.0133855026794042	0.0128329481226309	-0.00198112634363195	-0.00771831447344098	0.0129541182439126	-0.00520112884499873
0.0135880852841031	-0.0170004861234816	0.0016564713241733	-0.0332442594505931	0.00673188231143768	-0.00580400801611333
0.0131282029292579	0.0400928625313283	-0.00618999098860299	-0.0145558344712203	-0.00675179534838301	0.00657378795847023
0.0112443684952421	-0.00149225238026847	-0.00442295136209673	0.00594432072830033	-0.0283817954389931	-0.00183450749330593
0.0134920993331974	0.00327998314449406	0.0136568106670888	-0.0107508952328153	0.0041656959732397	-0.0276371594238119
0.0126499581305592	0.00028849861779906	-0.014323251222537	-0.00127733011754562	-0.0220170894951648	-0.0272132991809713
0.0130645400583783	-0.00328160732526592	-0.0182367653655352	-0.0156346896939961	-0.00726077281496217	-0.000944190269843773
0.0145777330759044	-0.0218540591690714	0.0124795521284855	-0.0256915535894571	-0.00125206846841895	-0.00552741529081339
0.0129600208990048	-0.017094663557482	0.00324306763271765	-0.0125072188225933	-0.00678884967426152	-0.00696374270994875
0.0115154647918039	-0.0027838540927611	-0.00926032379091417	-0.00639218222069502	-0.0305638301384539	0.00132667977466162
0.0112548151529755	0.0235882125101129	0.0177673361970687	-0.00596123404231793	-0.0229157375567374	0.0162678746965236
0.01105859184948	0.000648338953810361	0.00643241296039811	0.0189022832002972	-0.023648424533163	-0.0113125465737649
0.0128149889770388	0.00854501772827935	-0.0145831080964595	-0.00391212925164198	0.00591649299865311	-0.0047913708984478
0.0136763600474101	0.00195596847429716	-0.00240763633765172	-0.000348906428483653	0.00578390866807975	-0.0118831393872892
0.0137091511978075	-0.000109117088762349	-0.00445274824710956	0.0041360008960237	0.0154650566295252	-0.0110111853525117
0.0117667292779522	0.00343757769502694	-0.00232954664448698	0.0198507325453138	-0.00496936631349859	0.00612736250637601
0.0111680587235015	-0.00299556452271979	0.00196798346250302	0.00425448928686663	-0.00782690065668121	0.0118496153278967
0.0116061521796899	-0.00231595430072421	-0.0018994092956259	0.0132258401952924	0.00478492355846944	0.0029320893443718
0.011434950015102	-0.0106013448407115	-0.00840336478599421	0.0137664024206336	-0.00168567271121968	0.0027135575458598
0.0106861156690964	-0.0112194966522697	0.0126182950226767	0.0238456332438288	-0.00837494602402089	0.00500211344338288
0.0115479407852373	-0.0196285302957796	-0.00272614480241225	0.00350694339394277	-0.0133045639140863	-0.0103749951714036
0.0112742736435791	0.00330519425344373	0.0110598141673575	0.0127473099999355	0.00271422445953576	-0.0083601991989867
0.0121865267057002	0.0144909576223406	0.0292206405997591	0.0130272126104791	0.0128720704730671	0.0160497692733891
0.0121940809232636	-0.0199331949407916	0.0141713876738554	0.005903409277389	0.0205552349899092	-0.000958873407300654
0.0118536860347489	-0.00361281554784856	-0.00166741629225004	0.0162472458886727	0.00714711234104422	0.00657831497108961
0.0127203443403871	0.00353988642921635	0.00678842411014489	0.00519721708758268	-0.00321797426902606	-0.00956197380769625
0.0132493007786374	-0.00157133481736679	-0.00162126540431747	-0.0056415539965585	0.0195738243039934	-0.0138952126958342
0.0124845741815106	-0.00834694804457688	-0.00495092594302124	-0.0165097782645374	0.00068732843547446	0.00174987223827718
0.0119201158845103	-0.0047183800149706	0.00559706461382192	-0.00231279202585572	-0.00582601353588218	-0.00962004284072142
0.0121577627287642	-0.00516217951441381	0.00214538019342272	0.00934084013270271	0.00574481023185534	-0.00453309966225024
0.0118969451843455	-0.00556974854394581	-0.00923976694193235	0.00727588087746755	0.0043824228004033	-0.000130239499639828
0.0114099560078681	-0.00980390154659455	0.00757200998777586	0.0170347032717294	0.0101887118573676	-0.00722213973500236
0.011377365073647	-0.00833342651047018	-0.0261967098218658	0.0153741671456074	0.00691215208595174	-0.00148840940109521
0.0131247204865856	0.000913821149268468	-0.010174788588539	-0.00916966206313754	0.00585409574571592	-0.00787960511817157
0.0119386533866725	-0.00339022111005475	-0.00032990950176641	0.00596855203148643	0.00651181612620826	-0.00989185802529137
0.0122019447638751	0.000877807285099393	-0.000188015737397538	0.00710724363764946	-0.00358777494629738	-0.0114106486457384
0.0129848775361421	0.000206767406751429	-0.0117278379653426	-0.0212208770832285	0.00673394608385858	0.0227994997873767
0.0114753650629188	0.00238523779466368	-0.0257582592244237	0.00826771513346111	-0.000228313805854284	-0.0172290424302904
0.0114822575752389	0.00241346769067497	-0.0263054844388395	0.00790044361395519	-0.000425751786151376	-0.0174080663155886
0.0114381180224861	-0.00908862877575666	-0.00398740986751278	0.0216021090035957	0.0081626378233953	0.00274572845654487
0.0113706029033318	-0.00897611223549809	-0.00394993825895822	0.0215089319035376	0.0043263294401368	0.00424320027876186
0.0127935971335582	0.00561515352160627	-0.00927186977520516	0.006365414099154	0.0119243150983924	-0.00314631651267905
0.0120863126888192	-0.00629421842860257	-0.00183897470458183	0.00915095481602667	0.00338197124536101	0.000868374849613569
0.0124773064705541	-0.00643744455323801	0.000266358295856274	0.0105244438017597	-0.00713403326842624	-0.0132043338743935
0.0124951979021817	-0.00606406973057301	-0.000107865863559452	0.00731780223642331	-0.00616691043464633	-0.011492812711055
0.0113301511055663	0.00491522715968391	-0.00912713463688655	0.00730345656131658	-0.00732027975604709	0.0135057725663532
0.0114672314985606	-0.00252192950535582	-0.00600350399147819	0.00880879903372366	0.0063054960869765	-0.00882000882641627
0.0123548892834389	-0.0104935518463774	0.0117204203292771	-2.42557305235157e-06	0.027572320030564	0.00516205405027157
0.0124106134525325	0.00183205427681301	-0.0132683656247091	0.00474101372056242	-0.001318963111167	-0.00768908400380197
0.0117447486905465	-0.00224389464168097	0.00259811714931079	0.00783717263886398	-0.0028424236981701	0.00676408681448615
0.0128004111424034	0.00513975974784387	-0.00557333053824918	0.00246575024365086	-0.0039269727154049	-0.0149474301620396
0.0113672480927619	0.000782428478936271	-0.00917016917497471	-0.00265967753191556	-0.00746618337716853	0.00403193148986355
0.0117733042049678	0.00703532658194029	-0.00838012240224829	0.0171093741653879	-0.00673752234922815	-0.00607461974629808
0.0129178297520431	0.0417358451817049	-0.00547955566262898	-0.0124038442988039	-0.0169705750395911	0.00236580124255705
0.0132592413496846	0.0470173498592366	-0.00627668530987782	-0.0150705346343279	-0.00824710063805122	-0.00380162995604727
0.013556571267152	0.013691283760494	-0.00775975949171123	-0.00819753147554593	-0.000821845562167894	0.0040057952009945
0.0131323297904251	-0.00946444744573448	-0.0185699896919352	-0.00805931855281005	-0.0190311918350583	-0.0255353191833331
0.0146355091043369	-0.0159404257673334	0.0105362178239644	-0.0148168356623449	0.00657183448899063	-0.00913543400486416
0.0120657751400551	-0.000848369626781634	-0.0149554246050218	0.0126049039019427	-0.00518816863667657	-2.61320178561513e-05
0.0115860120593804	-0.0032803418900631	-0.00260499907438438	-0.00877079170375338	-0.00979851376350443	0.0217315819137149
0.0130373541027749	0.0391021794961494	-0.00759405982817525	-0.0137196089750204	-0.0136768999700624	0.0114110951582351
0.0117665391249174	0.00950250511641476	-0.001411308117413	-0.00295022667127026	-0.00545651663486478	-0.008406868999623
0.0114417082755237	0.000459786732652993	-0.00485993348285606	0.00451860063235353	-0.00537510728936024	0.00571340760225305
0.0139083501564199	-0.00636903826693234	0.0024282949251658	-0.0177135609559156	0.00429059629621804	0.00515698420243777
0.0137559471730268	-0.00646598495081771	0.00331351085145217	-0.0164529822830317	0.00909499570996327	0.00754481977602196
0.0136933260888109	-0.0068178655866265	0.00330675480322517	-0.0148557532143792	0.0107426096165864	0.00649214729459368
0.0131821096134421	0.0133169665259895	-0.0196388909040106	-0.00123090320958805	0.0108418649681165	-0.0137598444703635
0.0129726907104674	0.0122450794328465	-0.0204238745377587	-0.00264364355098504	0.0164416658858506	-0.00519026820040278
0.0153045671763165	0.00840101093244583	-0.018557644239562	-0.0180768576337376	0.00482849288917616	-0.00939214896687597
0.0139315073274214	0.00947269663809163	-0.0338522442596693	-0.0124957866411736	0.0103112076331933	-0.00301450983920892
0.0123498103103222	0.000969226695881215	-0.00599019600218062	0.00200213852032574	-0.00136592913806414	-0.000466782987631514
0.0115268205454133	-0.0117227630331302	-0.0129590948597539	-0.00135754794441187	-0.00697446984920341	0.0125739617588755
0.0113353502834549	0.0161026866809689	0.0146085259953464	0.0332130030784935	-0.0162075589153802	0.0143423587093902
0.0113763086443719	0.015366324551109	0.0141156628726056	0.0345259694887181	-0.0141406923278408	0.0150635898240523
0.0131291465765337	0.0467734220762974	-0.00923282824623478	-0.0174720962018532	-0.00171480592683087	0.00408638411286022
0.0115622077993971	0.0190650696944439	0.0201957395127565	0.0178464669426057	-0.0183321998641059	0.010049610765117
0.0140032990296837	0.0121216992462652	-0.0141656142352666	-0.0184811906892642	0.0102967520762092	0.00318657881960986
0.0127278907765429	0.00520892492051967	-0.0100990973559475	-0.0099320325644054	-0.00881908836464521	0.00235084964079393
0.012584075306354	-0.000606798690544662	0.00166686386088424	-0.00280939105022963	0.00329452122287254	0.00446079756646865
0.0118229096159045	0.00119269751569099	-0.00877726895237553	0.0115786856709981	0.00862042833954798	0.0105473354384552
0.0133790500482235	0.00765983955993495	-5.59778631764646e-05	-0.000819370576940216	0.0136858097299935	-0.00124901474304735
0.012438825273237	-0.0016291310966214	0.00713810400905689	0.000634108350022464	0.0130366777866941	-0.0185586019367518
0.0119352093070894	0.00875040728056631	-0.00154498483337468	-0.00189180384583781	-0.00203374024968041	-0.002364555782527
0.0127396738463741	0.0129364502050543	-0.0106787818840455	-0.000722902184473765	0.0190063367144585	0.0105180739458709
0.0124380153270125	0.0293273195174	0.0250955356904394	0.00217886160287293	0.00657464060399316	0.0114421091021955
0.0123786220320751	-0.00834709834818849	0.0158242085726759	0.0145925990737656	0.00794940046804559	-0.0163921980114535
0.014538813032895	-0.00670771484610818	0.0182386133060684	-0.007737871400926	0.00618131841690702	-0.0148979154279153
0.0144647714173584	-0.00243679016400791	0.00267787237230417	-0.0168706829208133	0.00427260887730021	-0.00856071696264413
0.0127482297984682	0.0102137110461152	-0.00240863117184775	0.00130939772275386	0.000923257171233841	0.00534354482167361
0.0128176428774719	-0.0117457422271601	-0.00657483426032388	-0.00759172997736352	0.0230171556639106	-0.00604235223312361
0.0123199726849801	-0.00178459905954385	-0.00195337119435093	0.000368752941544985	0.00217322507639718	0.00203434918355661
0.0121816423190996	-0.010373489717113	0.0139419720238208	-0.00143933873575637	0.0211799675826697	-0.000933147340467275
0.0119751612419998	-0.00811008560824267	0.0109121554439487	0.0170816632486663	0.0152223975575149	-8.571887208498e-05
0.0118764763394015	0.0049387794879591	0.000599755046368386	0.00944044213173819	0.0117037935026738	0.00341922416253686
0.0121911162479674	0.00774536542379316	-0.000650026760966507	-0.0015136431760985	0.000356411203581951	-0.00788533438624783
0.0122489964363131	0.00528948157041557	-0.00168843718754215	0.00834450346937337	0.00604560859331675	-0.0106923152793278
0.0121078125326307	0.00594199117079848	-0.00993523784678237	0.00969805104855464	-0.0074160417169961	-0.00660699129537838
0.0110695071216457	-0.0215559651162831	-0.00327172587775562	0.0352462742424394	-0.0145357130887282	-0.0026153838679904
0.0117375763560142	0.0124349200916151	0.0119364640808583	0.0286830570070239	0.0116785801002202	0.0064957163216036
0.0120565071400417	0.00782199091136804	0.0168392122576563	0.00822982882263243	-0.00280808812263815	-0.00493403034720317
0.0123889412194122	0.00502724416532821	-0.00238440758950711	0.0038494721294842	0.0082876194329795	-0.0003899970379653
0.0116104395374042	-0.00125714675533537	-0.003938294443306	0.0151552528670956	0.00686249887276378	0.00205729961502903
0.0109147896268885	0.00450752684223589	-0.00380865799438107	0.0108814634474984	-0.000317375329775983	0.0115744608900144
0.0108563142894317	0.0051546618913049	-0.00316694597230651	0.0116159035780921	-0.00371552529408057	0.0171804865430563
0.0111414723154342	-0.000458989236434585	0.0147814723269326	0.0103901785567108	-0.0123070150329816	0.00950939805604028
0.0121440859680003	0.00655779897170163	0.00757489076594859	0.0114502484568792	-0.00717909754276141	-0.00142596589672655
0.011855687725005	-0.0118543804236854	-0.00575641525350759	-0.010313003990527	-0.00566290171043611	0.0185484447077024
0.0105563970236539	-0.0113082147380739	-0.00771603043798879	0.0118881926766836	-0.0308426087870631	0.016247300959341
0.0118131061084411	-0.00943168153565151	-0.012212036153849	-0.022214209358526	0.00342523660641526	0.0179483195641586
0.0113231597931153	-0.00773614821206547	-0.0107902232065599	-0.0184727684503056	-0.00712881068750501	0.0150317014084899
0.0134237837474846	0.00494281282042445	0.00423443219887312	-0.0157657189549737	0.00454224489950101	-0.0035766266993508
0.010971745084025	-0.0101123879794545	-0.0117235851763597	0.0131648484989717	-0.0406386959461644	0.0259758419978495
0.0127050060720841	-0.00740828231084289	-0.0109768699610672	-0.000603155475574846	0.0173880726426886	0.0105176867058137
0.0130330007840512	-0.00853238162343262	-0.00809317419099365	-0.00726677366143758	0.0269868536592119	0.00439356051566429
0.0123895624810874	-0.0240951221326883	-0.00779153306500086	-0.0153313823963685	-0.00150685364284758	0.0067055218318978
0.0126150319654586	-0.0253275018495192	-0.00245314627519568	-0.0189139651677392	-0.00163652668919188	0.00853761563149592
0.0130701011183797	-0.0129159182692565	-0.0062133040201119	-0.019146247185853	0.00781885458328346	0.0270489423468431
0.013227021916678	-0.0114387001579135	0.0175688442562561	-0.0251982168168058	-0.0183387225749136	0.00233221314104661
0.0119862008328871	-0.0220414153479086	-0.000763630517659625	-0.00564408350510351	-0.0069581526135747	0.00475546462486141
0.0121283374937298	-0.00689265246534039	-0.0290758815840876	-0.0038183876443389	-0.00869363219145951	0.00378564928101383
0.0115211063342119	0.00095906358755695	-0.00535738749591297	-0.00826455498617424	-0.0234653069790084	0.0251569698371133
0.01101431869619	-0.0119937290159563	-0.0194661175320486	0.0251622298785166	-0.0181619205220003	0.0246541185753772
0.0117868599711383	0.0191997952872137	0.0175129498781579	0.000407786479917619	0.0143594888682851	0.0334276230028434
0.0112618835992933	0.0407143996345731	0.0275965617796059	0.00820426561819657	0.0201556894085856	0.00337855135636545
0.0122558145539655	0.00864995083258479	-0.00794153602528588	0.00961189567067423	-0.0146658687050274	-0.0129574785363762
0.0140415243606348	0.0158050425316076	-0.0311245936816823	-0.0101143500306841	0.00904240267396022	-0.0150201715635131
0.0128837205943051	0.00251671926328573	-0.0237863528018805	-0.00609227983563532	0.000819178153858013	0.0128833179737508
0.0128584580626934	0.00154798357325885	-0.0232241686396993	-0.00570026868625132	0.000106079646593064	0.00893930137040758
0.0122007462922704	0.00327755330478725	-0.0119977839172301	-0.00743159511215513	-0.00735726279726629	0.0142567122754415
0.012645942411547	0.00555161073240474	-0.0148102480346943	0.000954185224067479	0.00547956797127037	0.0147036485676493
0.0103139511082584	-0.0124623472181223	-0.0114154317932056	0.0161601358733116	-0.0374008403206116	0.0290093349376543
0.0125750503559542	0.00861916649356537	-0.0135482395842799	-0.00563695341592071	7.34666310541649e-05	0.0174755329457813
0.0116511601757267	-0.00675372671902194	0.000874409569456717	0.00190897798692666	-0.0150761638764921	-0.00128397497720977
0.011902739690626	0.00261660960559453	-0.00967438669508747	-0.0087527340561434	-0.00377543287678677	0.0103276231314858
0.0138712767212865	-0.00205628929548448	-0.0354483029022862	-0.0194090359286076	0.00143240708970103	-0.0202277665177479
0.0110071463643419	-0.00665078254308922	-0.029595718789813	0.0151396221737893	-0.0153056625344702	0.00249235177438628
0.0133071043076376	0.00040011858691676	-0.00718996987068877	-0.00537068339690691	0.0078136345246855	0.00424890372498875
0.0121233746428587	0.000738780861730235	-0.00466124037441024	-0.00251998351993598	0.0048281449625222	0.00866374439788677
0.0117119650001327	-0.000846089729054465	-0.00315287630042218	-0.0104295782907661	-0.0202947989000837	0.0224296097357433
0.0130154813160355	0.0273319450658586	0.0216185929159508	-0.00506488810612116	0.0109403896765858	0.0323946308791697
0.013636432496454	-0.0146156459685796	0.0160438342494028	-0.0315951610837942	0.0106912441729601	0.00747207704444464
0.0136303866773619	-0.0135089782622803	0.0143407238220214	-0.0289930536122028	0.018071127171427	0.0097316726856569
0.0124507189606292	0.00189803030589681	-0.0094571026490625	-0.0012841066689805	-0.0171204613256168	0.00677258595985518
0.0119187242813137	-0.00156798118564025	-0.0084717749221982	0.0023853131586361	-0.00141284003027293	0.012596781049845
0.0127414871628087	0.010942231623964	0.0188106541960444	-0.00360506868919836	0.0214024901499197	0.00879157707259894
0.0134681202137849	0.0109318234560136	0.0102586344605304	-0.0112495127553445	0.0129295201926721	0.0217864091875138
0.012805981241614	-0.00431591717496715	0.00280135673858804	-0.00479368655088656	0.0231578579692704	0.00275015743442434
0.0116253332962144	-0.00532580447912684	-0.0133193131159184	0.00623870029796744	-0.000511369632511475	-0.00101507513138224
0.0140537798925521	-0.000547801812219864	0.0126064392857151	-0.0232393338003451	-0.0231850532091165	-0.0173828350914339
0.014070764643174	0.00234603649522917	0.00936308874967299	-0.0222192635071004	-0.0234513047690227	-0.0121753440094918
0.0128415882357823	0.0364266537506353	-0.00150718843388328	-0.00287427918530663	0.00717655848584146	-0.00759633149905429
0.0122371363625242	0.0024419446217079	-0.0164834178966845	0.000326958088800516	-0.0105156700071133	0.0023174889572406
0.0120992244939559	0.00148773337688361	-0.0144307772027519	0.0103024150157818	0.00584348136821774	-0.00293236120882819
0.0124230699115938	-0.00403361571454177	-0.000966617525477529	0.00952727218736062	0.00594003073701816	-0.000972471289870477
0.0128230486958676	-0.00410736330281666	0.000147543470678824	0.00430034191070986	0.0130509077030858	-0.00277118098870146
0.0122921565901355	-0.00964804437609528	-0.0130212193432153	0.00636653429552896	0.0172863134365335	0.00925611430796809
0.0125993270534391	0.00708049253278019	0.0106432836912501	-0.0103336496876779	0.00197184269106063	-0.00289970967283977
0.0125137349923398	-0.0108997139870524	-0.000675515013257905	-0.00346629237716629	0.0181363860230558	0.00525121956485079
0.012943903523755	0.00586630973757049	-0.0119598925781565	-0.00334867544820087	0.0033973972518115	0.0142073318560187
0.0116018668420347	0.0102316245101545	0.0102522870676586	0.0077835064394314	-0.0126508145589831	0.0140142625361534
0.0111556616409992	0.0115733784849214	0.017573911470814	0.00992462362326914	-0.0192360861106901	0.0122523698003665
0.0122109960060904	-0.00258324908403227	-0.00574333465075513	-0.00520841484031946	0.0154445209281528	0.0272187344050232
0.011578899003443	0.0235820860962688	0.00256582816011546	0.00788746926570278	0.00264514310560206	0.0109245471952126
0.0104734990198459	0.00670429231775124	-0.00867711963292551	0.00643880591624827	-0.0248653246640701	0.00892344830358633
0.0134748329267076	0.0416492285037128	-0.00475207147643421	-0.0129980232349848	-0.00784114305337105	-0.000714133445140398
0.0122553180881835	0.013465116126809	-0.0101298079364873	0.00696346529071777	-0.00651875877611188	0.000774719659537662
0.011110330486092	-0.011273032666079	-0.0101836391445569	0.00215614853158359	0.00311402791852728	0.00679096064581476
0.0121662379164875	0.00459299173708919	-0.00284840567710027	-0.00985317201177196	-0.019688718260934	-0.00411046711381526
0.0124134359806634	0.0059939426502129	-0.00222594007867453	-0.00979764264802311	-0.0191832708601269	-0.00136623411581635
0.0112772773679719	-0.000151838806971321	0.00986843490678864	-0.00192937061465752	-0.0123438890600381	0.0208059775662408
0.0122060621912214	-0.00533947832494505	0.00861161017928806	-0.0124519881092687	0.00327814597976602	0.0318278360786813
0.0125214570614591	-0.023658119282227	0.00431920562810296	-0.0156333405784971	0.00811625489929265	0.0165224792220706
0.012909990426871	-0.0010111752960205	0.00841009313802009	-0.0124384472314433	-0.0177927699076856	-0.017662536689871
0.0131889391196781	0.0113994993742028	0.000828581696743067	-0.0123140644682586	0.0129276604830873	-0.00839058714146866
0.0101760948546205	0.000925609133564573	-0.00962881323977205	0.00527726438176156	0.0198504397552161	-0.00599167951342096
0.0106233230272338	-0.0126983543191866	0.0183384064429809	0.00595058673619622	-0.0129980024587478	-0.00291685087194811
0.0118020671815208	0.00799937571877691	0.00645450844074911	0.0128134214561549	-0.0027762804329895	0.00746622791065239
0.00606991111299948	-0.0130665837627845	0.0200602316817476	9.00611858582062e-05	0.042320283508634	0.045453229796234
0.00896344132173182	0.0285891398732748	0.00827205166832904	-0.0110660778043619	0.0163010205445529	0.0279612000819472
0.00454291856018828	-0.000251768287127831	-0.0072923337829879	0.00227425501226211	0.016483919091696	0.026747254197156
0.00443366767139311	0.000849240947996399	-0.0272006786197981	0.0393086244060066	-0.0118891862038818	-0.0176827057402012
0.0112251083139837	0.00265749658074153	-0.00690247091141134	0.00128481831027958	0.00560043293568866	0.0110492775198456
0.0126707079967806	0.00651204523146138	-0.0071838472284825	-0.0115344588343542	0.0106196096839712	-0.000182285394607968
0.0136125097097436	0.00731680217808549	-0.00134545482689438	0.00160576152600086	-0.0144952708741227	-0.023353519616946
0.0114432814279876	0.000209514662699636	0.00186511104658573	-0.0057030843208737	-0.0177916093615962	0.0056970550736977
0.0117854152163607	-0.00124395137952262	-0.00472708351752343	-0.0076593596755058	-0.0205980517660748	0.00646076946598799
0.0123334435248377	0.0275594640971469	0.0036519602408115	-0.0003118919206925	0.000379409154591951	0.0117247768546082
0.0118258506961977	-0.00482054733995523	-0.0128418379937419	0.00817841410028895	-0.00525192149026773	0.0224712503218303
0.0130067743036004	-0.00517651413457258	0.00395206271185078	-0.00798455514279997	0.00628182408800589	0.00093513097601751
0.0116518156273836	0.000394604101378455	-0.0151689766066949	0.0026589087359781	-0.0201252066230094	0.0133677228309443
0.0119766393248865	0.00427903153433675	0.00115560117306677	0.000622917328852354	-0.0182506631354706	0.00525859712082802
0.0141425854680771	-0.000728021091643652	-0.00868244004314084	-0.0123717438791158	-0.00971688578980938	-0.00818332164986524
0.0118301165575985	0.00671830997260668	-0.0102061995517089	0.00370870999445613	0.0221388693216173	0.00800549007666208
0.0119344354835112	0.0107362999006696	-0.0154716503784201	-0.00084637977726474	0.00302152565317311	0.0212869990427801
0.0114276828494801	0.00537649570035732	-0.0166521088970789	-0.00255813480754117	-0.00428072501366921	0.0334945936876455
0.0139075455571412	-0.00158965412560418	0.026494096290144	-0.0184742895364295	-0.00554891935784945	-0.0112108424154209
0.01329248494068	-0.0102213848751062	0.0147655086241495	-0.01896703616627	0.00128922912354991	-0.00322150047488067
0.0124062372689922	0.000700877821956508	-0.00740411897246453	-0.0046960135053257	0.00774597019146808	0.0134092503801867
0.0125201183691417	0.00180330586232802	-0.00561277049306478	-0.00284050300522425	0.00137133343254318	0.0245534559583924
0.0120731688481605	0.00254110062567854	-0.00220347462277071	-0.000582308036908997	0.00301804223472665	0.0104290410026548
0.0124911750278856	-0.00345604430398302	0.0195047674407209	0.00288164014202356	-0.0164295394725188	0.00562563238171451
0.0115792731626431	0.0207279448613229	0.0283063334448672	0.0161029780423342	0.00694263997288286	0.010446836424176
0.0117711740030513	-0.000460000664474026	-0.0161921027920747	0.00820003492063006	-0.00918958561342235	0.00395844646538383
0.0128691246965674	0.00846024375038721	-6.30196721377878e-05	-0.00676867077022377	-0.00085968811098824	0.00135427850916236
0.0110981142583994	-0.0075486051867156	-0.00597185806809502	0.0272483789429196	-0.0163763851005928	-0.000901761295617285
0.0130533515114858	0.0418223909742062	0.00122811655135233	-0.015246684276868	-0.010447561794819	0.00129900762999996
0.0126214584349559	0.00756115403389785	0.00241060306348759	-0.00395618940709287	0.00327586344374156	-0.0219574989422784
0.0126422850826208	0.00186172010074159	0.00140157826021286	-0.00159593126385199	-0.000569586324269901	0.00264778325567117
0.0124538070862523	-0.000105334079200585	-0.00154224181672725	0.0014755219149244	0.0065256883587338	-0.00487295755633022
0.0121356567697638	0.00237291094770152	-0.00708163038450121	0.00752336967165894	0.0239669762321154	-0.00162976861383726
0.0114766576064524	-0.0158360934343649	-0.00165909069639368	-0.00411793293905221	-0.011282958495393	0.00763741272785709
0.0128326291929024	-0.0251310411714326	0.00708015667039197	-0.00172381657841633	-0.000772819426340051	-0.014787271987038
0.0128610088020546	-0.00624177524309774	0.0111500396494344	-0.0161432139849776	0.00964850443109645	0.0128546991286999
0.0143879958858087	-0.000224660127178781	0.00597437724815424	-0.0145561558083671	-0.00497586997679597	-0.0093900154486049
0.0146059528050577	-0.00685002918946532	0.0101793018204717	-0.0142294931065113	-0.0171929813247116	-0.0193971685952947
0.0125845724526495	-0.0158319293435948	-0.00236474077553747	-0.0142081519270921	-0.0238598934673852	0.00205054885427434
0.0123160342675037	0.0171792193055098	0.0305951226176039	0.00995204817074367	0.0166046227802076	0.0210759543528827
0.0124477643236588	-0.00865400878827902	0.0358501632941308	-0.00966639856724472	0.0094852841770326	0.00770654749198767
0.015181629878486	-0.0109327184609812	0.0324670917098352	-0.0279180825449941	-0.0128365796883053	-0.0303317050392608
0.0133647669312647	-0.0032230663096997	0.00712624771606881	-0.00717377244779004	0.017696186592824	-0.0148478438219612
0.0141408587444975	-0.00338864589254358	0.0290791791833933	-0.0125554997765866	0.00545121896819259	-0.0228213626246191
0.0141972632007552	0.00152980976450458	0.0143995110779475	-0.00626356204469455	0.019403928893434	-0.0135969997727233
0.0125179744182398	-0.00404703668983792	0.00552926469566421	-0.00155962328372224	0.0115214803598276	-0.00416551655290625
0.0114786107014085	-0.000578194957835591	0.00149788709068331	0.0264569307882547	0.0130377007979662	-0.0163612458231648
0.011942188486007	0.00221290478275773	0.00629327593524046	0.0166292528192851	0.0131573161734692	-0.00593315371031291
0.0113158897111754	0.00688211985733458	0.0239723139925437	0.0242357192494233	-0.013416065364359	-0.0232399751882018
0.0119983785118701	-0.0116537218315914	-0.00182810613462467	-0.00422551679617527	0.00667527352089928	-0.00734435626390537
0.0133051480745715	-0.0174584716106206	0.00862164392452344	-0.0224659779824142	-0.00974013660898349	-0.0279176635642621
0.0137608729621821	-0.00383912342699705	0.0131989190095855	-0.0249730586495327	-0.0133126381940122	-0.0130114047119824
0.0111071403892216	0.00983692154188895	0.02413269371041	0.0137973866910401	-0.0170271591917359	0.00940571958839712
0.0119257497045358	-0.00397722390806531	0.00102416758181509	0.00496078821817653	0.00890314193150785	-0.00971206317243023
0.0127763743912895	0.00256457528276921	-0.0056403962388192	0.00104402016250068	0.00374284034854037	-0.0116413933926746
0.0118420744217493	0.000883654079834499	-0.00140033942305541	0.0126846958047625	-0.00830243873918464	-0.00164409345454744
0.0117832665836448	0.0270992637021919	0.0173981362362638	0.0112526479619378	0.00864954124415588	0.000604520844316067
0.0114479145335991	0.00656789237264749	-0.014302103630107	0.00363865616927813	0.010060128607226	-0.00502482388891467
0.0112482683088965	-0.00449637498495841	-0.00518156816646876	0.019995564002263	-0.0195431900853511	-0.0192430964147553
0.0108720071873939	-0.0152402213869699	0.00832727251542328	0.0310846953147357	0.00920849281767589	-0.00521331675902844
0.0129047495963939	-0.0172417429450567	0.0115084118809737	-0.0160352131173658	-0.0142889770377302	-0.0110041477625917
0.0120027053483726	-0.0136093054524767	-0.00374279761100865	-0.0053320041017096	-0.00702955274846627	-0.00746771532143295
0.0106710455914636	-0.0108116027562076	-0.0155157551720603	0.00286197931406048	-0.0177784795179527	0.0284773289076117
0.0121584796916377	0.00905822547846051	0.00256537022207393	-0.00251538706709492	0.00751601489534437	0.00510975852444081
0.0123803199327547	-0.00794265610079611	-0.00453652864788404	-0.00851844999699498	0.0079513622604004	-0.00328075451245053
0.0110137178193	-0.0158302250119739	0.000589064184399531	0.0115407045252222	0.0186418485531869	0.00516394580751171
0.0112167362475691	0.0233819035363064	0.0439075365528396	0.0290887534570418	-0.0111278836349909	0.0014966474950567
0.0131891153825843	0.00485055745723027	0.00603171043886562	-0.00992534207112325	-0.0177197168672883	-0.0200544948109547
0.0132801870471214	0.00453837613678756	0.00639622390132107	-0.0104440373185925	-0.0161108224640689	-0.020475082796635
0.0118362682529375	-0.00494535896055078	0.0111610970345786	0.0127921363427706	-0.00659068955029213	-0.0043354736440303
0.0131428503996434	-0.00898301102877058	0.0101105895257686	-0.00900623543412319	0.0153006767994089	-0.00417558250313309
0.012827749990838	-0.00641833115386343	0.00749176053440937	-0.00992400391432092	0.0128261117925914	0.0055712111513131
0.0123861654852277	-0.0085441050644763	0.00102635994432996	0.0117587629089424	0.0235422071325142	-7.81204712072739e-05
0.0123104010763498	-0.00472136174609403	0.00231934899670634	0.00372502924264279	0.0112637473063578	-0.00175226234839122
0.0125292957788802	0.000614071806860829	0.0160572315544561	-0.00580269125887443	-0.00564663555026573	0.00898450282673441
0.0118318665427163	0.00472651351290738	0.0231522730016536	0.0125625492824724	-0.00450900603246304	0.00560304935495891
0.0143758640145902	-0.0196843635537647	0.0658369854192316	-0.0110876934436916	-0.00729488858111178	-0.0322071708232912
0.0142354223967665	-0.0212560230958669	0.0635517462583554	-0.0129153896326323	-0.00291278065100282	-0.034235525217857
0.0121285828534731	-0.00253289916082433	-0.0157710504019186	0.00237899528236568	-0.00394140403995902	-0.00100738680211573
0.0130553739901537	0.00417248454175608	-0.00865899964121157	-0.00295738869513195	0.0165273295803289	-0.00714679710116931
0.0131929822025714	0.00604351550494097	-0.00666033252161926	0.000215319012337017	0.0220494342479204	-0.0102585748009062
0.0124156813110374	-0.00102501646971308	-0.000326278396913953	0.00640066150529171	0.0243298346227871	-0.010018299556509
0.0118143886978103	-0.00641911888381736	-0.0012939446329145	0.0158796660492071	-0.00784075152479835	-0.0131616261661259
0.0122830335124085	-0.00605395259880923	0.00176096998517039	0.00842135254958102	0.013165250285907	-0.00029215390196283
0.0114265215046826	-0.0168538912515587	-0.00355030386394199	0.0300529478722097	-0.00599025497341782	-0.0162525239692059
0.0122151030084526	0.000500871418526228	0.0249733759090862	0.00941901337626001	0.0118895342347137	0.0110220894717947
0.0140467371908336	-0.0040426924600894	-0.00504557339629625	-0.0115176180292685	0.00726855872516065	-0.0202835368841663
0.0109138066008781	0.00936595167265652	0.014360707526341	0.0238246010211004	0.00218608058769146	-0.00399462197328324
0.0113316485322323	0.0049602343354409	0.0172390121490813	0.0117091231008593	-0.00399178892192206	0.000233339626292698
0.0110614427835056	-0.0117933871718826	-0.00744801017739133	0.0101129625506461	-0.00900386416311219	-0.00222345468470311
0.0124666674897993	0.0067270781373913	0.00986195864222933	-0.00953048457731332	-0.00273254780385822	0.0180079471260549
0.0147409170192754	-0.000364800075129229	0.00443146674568082	-0.0123929169379296	0.0124988861120677	0.00547937720452867
0.012991137762265	0.000722909371631482	-0.00339483064773382	-0.00619329854772111	-0.00429059874154147	-0.00424067630674617
0.0137099592628803	0.0124260231326249	-0.0058155740072048	-0.00445551445308576	0.00404827518523092	-0.00836697226712797
0.0135567152978034	0.0139136367585598	-0.004502116412855	-0.0041757879634474	-0.00410503279364914	-0.00554927285135565
0.0119328997717696	-0.00405064116034659	-0.00194627444824417	0.00999337653497141	0.00696717567032056	-0.00108688091217955
0.0117245034476585	-0.0025784488965938	-0.00190655811760245	0.00913223833789751	0.0046745802543071	-0.00225063917640427
0.0113360010954963	-0.00769030468926653	-0.0167067623521907	0.00527394035305057	-0.0209565816854666	0.0016896179424389
0.0125558695665939	-0.000776350097326239	0.00593215508510005	0.0128469833004222	0.00575423382295656	0.000379240377632931
0.0133559241127985	0.00159699934218162	0.0127304988114782	0.00624466051394996	0.000570995999028561	-0.0177320545736883
0.0112330711965486	0.00109972230412057	0.0211280345783026	0.0171030112717923	-0.0205470801835875	-0.00191506888148116
0.0126034538825733	-0.00261324272293968	0.000578481023405685	0.00558341275023135	-0.00737220668499818	0.00229836801007325
0.0142189359796433	0.00167304239759649	0.00568357074992031	-0.00890891827891954	0.0110256838855542	-0.0143147755708466
0.012664113227579	-0.000731353272236423	0.00588614589653204	-0.00236785149161164	0.0179131204958266	-0.00096027933282301
0.0119171671184578	0.00190496950465272	0.00098066025597614	0.00626120862971625	0.00533914346655952	-0.00324554851337221
0.0126143068969398	0.00430894643441751	-0.000574295851491569	-0.0015216555376314	0.00209532104038984	-0.00699636289303509
0.0116522875300103	-0.0030519776296173	-0.00204205800234756	0.0195260694380394	-0.00538470903875653	-0.0163651565352218
0.0119799733775235	-0.00306542294602995	0.00172076356707834	0.00130043414723846	0.0133240408078191	0.0100041561379471
0.0125948753537388	0.00352455699605495	-0.00507804416909178	0.0016723634801612	-0.0099393796979697	-0.0174823306091991
0.0122942628687602	0.00677669912212678	0.0144595481593851	0.00528942306459751	0.00176274772332105	-0.00559280815028937
0.0105864505898962	-0.0103480993402697	-0.000441891313862651	0.0149604194490247	-0.00551388682087115	0.00678350418477257
0.0119169994105372	-0.00192769643237034	-0.00903258848336212	0.0037492218296846	-0.0144863212099393	0.000474509614368783
0.0112839963370511	-0.0187230697076353	0.00257753865187662	0.00811749591552762	-0.0270438759133039	-0.000921533285288785
0.0140167667543731	0.0059583576583472	0.00191484343844398	-0.00101943338290847	-0.0184622719290489	-0.0124356114534954
0.0138053339269921	-0.00642701048194763	-0.00507665613710017	-0.0246045222631454	-0.0218488589425911	-0.016129392225353
0.0109691729789938	-0.00965308395542135	-0.0184329530161709	-0.00583732176094959	-0.0142425989050564	0.00649486828297513
0.0126757584330907	-0.00771393105447447	-0.0154188103688449	-0.0201155650908546	-0.00614823336130479	-0.00571552797933407
0.0146098465301608	0.00557616807476093	0.00762090010837899	-0.0179360644236801	0.00531778598994331	0.00656686633119408
0.011767223300031	0.00619096054015088	0.0132810287165191	0.00768540788245389	-0.0143732847631525	-0.00907901618019177
0.0116972377468308	0.00404395645705733	0.0024477973965037	-0.00383608034093693	-0.0121598091299272	0.0107910568271587
0.0127518444159339	-0.0125182248409098	-0.0100735771926243	-0.0230993126473653	0.00449396791364	0.00309458603878294
0.012663538585024	-0.0132246062748766	-0.00974010986573866	-0.0190592765163189	0.000598166479554467	-0.0047180772510785
0.0126622168979572	-0.0110405513321636	-0.0112871997011869	-0.0251768250910878	0.00796571729110565	0.0038741582993876
0.0137257770713399	0.0170976705769637	0.00430612082561253	-0.0168851185862067	-0.014709574540035	-0.00457986296579431
0.0139577656365956	0.017911402916957	0.00688673373220854	-0.0162525316219878	-0.0121425958163669	-0.00103069795506386
0.0124835838076315	-0.00427093279264963	0.00175119114574379	0.00516821365739125	-0.0104116471167881	-0.00324040229227997
0.0121957444643065	-0.00552183987618677	-0.00771893625529908	0.0241787941004297	-0.0091077711135262	-0.0217289042608877
0.0113264123945094	0.00678539602328302	0.0220055900386341	0.0139236533863168	-0.00682302750955885	-0.00597535226983102
0.0129170912572029	-0.00435020154054823	0.019463742158218	-0.00209297202742939	-0.00106147066296385	-0.0165140345855784
0.0130293346809503	-0.00408838356997162	0.0091315579073734	-0.00396069093585758	0.00135577959008351	-0.0166190077543653
0.0122793181884724	-0.00165358395769064	0.00177995078659846	0.00460405134438488	-0.00244684564467578	-0.00382268877888834
0.0115743760903548	0.0203537112365419	0.0377115109855474	0.024529860805772	0.014854739161997	1.12695738833934e-05
0.0120135584143396	-0.00378717931615856	0.00151931459280479	0.00692562555120041	-0.00611662011809986	-0.00022753060741536
0.0129037639042527	0.003826913218769	0.00536316485872529	0.00212788107851541	-0.00868895122194487	-0.00521459346853285
0.0122487756360051	-0.00352462083189999	-0.00997715679119072	-0.00111715418127844	0.00111831371827647	0.00292937440320121
0.0115214004859538	-0.0140223097722235	-0.0117421738554213	0.00756631747895159	-0.0073685865749772	-0.014468509507583
0.0130829079070523	-0.00150842091384479	-0.0147458457871933	-0.00286314854758611	0.0255465834289045	-0.00678471419515039
0.0120166423249262	0.00165925915655363	-0.00916892740826832	0.0053371249952084	0.00316128657334645	-0.00653549626676735
0.0116037301017695	-0.0306767458099658	-0.000227366876678596	-0.0120107908234027	0.00171160376008961	-0.00487742656997974
0.0130592848701206	0.0210418468688759	0.00446840797968185	-0.00105443707606928	-0.00153841886094678	-0.00641645783899843
0.0131578359648511	-0.0022957401132594	-0.00654083611176195	-0.0167639191542359	0.021161807354393	-0.0100353571628525
0.0148692124906682	0.0204098713364333	-0.00941487114996831	-0.00734394615197807	0.00663549297553675	-0.0141689345511019
0.0120119812913888	-0.00222939979477385	-0.00489632971406847	-0.0086872456501138	0.000138454270138454	-0.00467170571784276
0.0119632470050434	-0.00164335333711526	-0.00494832272011624	-0.0065749645492518	0.00392316140834259	-0.00201069629372092
0.0119984885161428	0.00272911916226225	-0.0130506617108926	-0.00563420644868158	0.00459282457018907	0.00556094461553655
0.0125560484804815	-0.00929955881438531	-0.042504549692016	-0.0102987321197713	-0.00598230343889151	-0.0251809734005987
0.0119307519888107	-0.00758868648003256	0.0171068814667221	0.00693245412876931	-0.00018692852929717	0.00376977445407116
0.0119154403694733	-0.00497497591408624	0.0127330636788224	-0.00392317603725628	-0.00926980934327881	0.00891097575169335
0.0112665484185898	-0.00180598059542125	0.00896942157253369	0.00961785276322712	0.00164572858633772	0.00747217534889064
0.0112912263905711	-0.00384710101574665	0.0063850409922722	0.0106179210669253	-0.00299034352468092	-0.000168757211302236
0.0117772724846108	-0.00787416622096789	-0.00600851644409789	0.0115782810129738	0.00337802512063738	0.00772545568250105
0.0115029775977703	-0.0123508842113165	-0.00629841986993852	0.0157035292609208	-0.00499628150273383	0.00424080162787394
0.0134177805373716	-0.00297835909203246	0.00120160745159141	-0.00354880676011788	-0.00528690062674068	-0.00649789533116777
0.0113451279312834	0.00209296207814655	0.0131911446068854	0.0123305575746162	-0.0197341643429243	-0.0014415303288844
0.0116442365290041	0.0221352194114562	0.029676716272745	0.00841706396423951	-0.00586787949680558	0.0112882681150328
0.0126496954260577	0.00313822089247319	0.0160413130995365	0.000300191856037347	-0.00985101711227438	-0.0339305619401967
0.0137411690206425	0.00271085208336218	0.0157410260761551	-0.0124019581057351	0.000916354007524767	-0.0178227586738069
0.0141946440544746	0.00860463687551243	-0.00270492194715121	-0.0215517996161971	0.023509351438738	0.0177105737455765
0.0143208266780745	-0.0101362127350041	0.0112126317583342	-0.0125462687319831	-0.017078457988109	-0.031989283758633
0.0122513948560642	-0.0050764138375743	0.0043789604788125	-0.00527569943340786	0.0036177847429653	0.0144580652647208
0.0115875928081404	0.0133648266355582	0.00518916333020064	0.0182568574888297	0.0158053933866861	-0.00654922509241879
0.0114531105607793	0.000490226860033637	-0.00519834092377563	0.00535935207528546	-0.00342800306723961	-0.0133936074438418
0.0121660538129748	-0.00341441424690071	0.00326143241382907	0.0103866809773076	0.0192718958610757	-0.0197847034927449
0.012088424476404	-0.00369507704990403	0.00269989978095625	0.0111967379003248	0.0198708827980087	-0.0187903121816075
0.0119030437900031	0.00478246893375409	0.00189976293287601	-0.00200773691987022	-0.00319878182527151	-0.00167406416829281
0.0125333424700951	0.0173610072415977	0.00953857904787609	-0.00379807846605135	0.0022868320624825	-0.0102327697515982
0.0124381107124262	0.0148628551148993	0.016765999982945	0.00398483690537374	0.0135189194065952	-0.00837980657584313
0.0124273281391852	-0.0146048203963108	0.00513072631505616	-0.0114275713359	0.0158358662314459	0.00718177955664022
0.0120466573764993	-0.0111593313088886	0.0113409150694732	0.00191898525565777	0.00729390869871687	0.0130233550975655
0.0117800925093357	0.00467887267224336	0.0102259842083619	0.00749170016125799	0.00696682954721848	-0.0121095636247119
0.0117444840473929	-0.00177552269967713	-0.000574529737251058	0.014247180913912	-0.00438693738707558	-0.00919151336679275
0.0121508090803164	-0.00579787910520459	-0.00173063530068498	0.00727597762831391	0.0181942808336642	-0.0108775536601847
0.0126046122947028	-0.00411217394987165	-0.00239712885299784	0.0166613408536094	0.0284897915928555	-0.0129965038149239
0.0122326021050099	-0.00896072059320873	0.00027275081726734	0.00419043550929883	0.00981548546123998	0.00496586786843566
0.0122359550779947	-0.00913020384424394	0.000332149489051066	0.00460961882973824	0.0109064733762114	0.00395270105299124
0.0124869776593148	-0.0182955924777734	0.00643842785926678	-0.00336873461653735	0.0163185708911929	0.000483370587977109
0.0124366175775988	-0.00562201882706965	-0.00190015274980849	0.00248041985720041	0.0182688008890242	-0.00616565718743181
0.0111567108791397	-0.0116038027824949	0.00237565545001652	0.0233774670688751	0.00878833844476355	0.00967852699512747
0.0117220987529369	-0.00461272945178301	0.0220118878278054	0.00775746268613668	0.02335578274764	-0.0141940391561349
0.0133654488836444	-0.0017543910864627	0.0154000490972309	-0.00974824985327327	0.00484869092211509	-0.000991717414787105
0.012102037338498	-0.00237544452468874	-0.0135731901178261	0.0168083174513736	0.00534795263226254	-0.00300128106479198
0.0126661472310566	-0.00439183672876902	-0.00815215172248819	0.00539394443666759	-0.00529388228899421	-0.00427212266480193
0.0121534783296951	0.0236716220537406	-0.000239294601280825	0.0119954359233078	0.0225890504131879	0.00257026641639562
0.0124104749007011	0.0148999415816858	0.00243342250597345	-0.00403035951096115	-0.0120138974121609	-0.00588801211030622
0.0114181586905945	-0.000217173384915318	-0.0057389282698433	0.00418031869392844	-0.00338695625753002	0.0136628460908236
0.0133438148853831	-0.00873828561658074	-0.0152383493687294	-0.0240539866813965	-0.00664582788320496	0.00938423654471675
0.0135382865012622	-0.0127514250825526	0.00293776971575883	-0.0286057052482977	-0.0306398334594489	-0.00999141778398159
0.0107883087656196	-0.00609820287837037	-0.0183153310225998	-0.00731958080387238	-0.0393969701505956	0.0247034048022649
0.0117972346524077	0.00233034847680986	-0.00565780085281873	0.00469392384622762	-0.00806682464088793	0.0160318526309905
0.0116050871260722	-0.00438210638186954	0.00454004678865333	0.00767245411935758	-0.0179054247200624	0.00777543757219764
0.0115748895270236	-0.000379299370577779	-0.00527866826571411	0.00328043403807372	-0.0170926913091175	0.000790964699710213
0.0122530647660136	0.00249792511066472	-0.0042324724505885	-0.00803364576991945	-0.00898300634655586	0.0143382892501428
0.0125978783100288	0.00475303174254528	-0.00900177050235535	-0.0138315848872329	0.00564207725972252	0.0183753640198754
0.0121362396590261	0.0124584453173218	0.0266582810596807	-0.00518613170540889	-0.0073439306140418	0.00173428911602652
0.0125259009689768	-0.00429442641199089	0.0078737167674737	0.00341372579323096	0.00456391462972733	0.00358336150936889
0.0151226177695872	0.00239364390055502	0.0016968188515397	-0.0134378263529267	-0.00623625977777418	-0.0092854311855813
0.0158445369755578	-0.00996161104367123	0.022874237614006	-0.0103239203143188	-0.0165392522075221	-0.0270509871275512
0.0133252745142815	0.0060222695593089	-0.00708283862234702	-0.0108807124380602	-0.00734044741370388	-0.00406907505497662
0.0112453408325834	0.00998499675278947	-0.00935430951384914	0.000578998875744237	-0.0109113947870758	0.0261809369244856
0.0123045407373231	0.000342986445820703	-0.00579516728969637	0.000521169416925336	-0.00358915271352632	-0.00010260038070189
0.0125772360141648	-0.00263583365065811	-0.00140282327146064	-0.00899704936250878	0.0146166573702729	0.0145660641442391
0.0125454212444111	-0.00387482016514941	-0.00397845968889963	-0.00644592293299279	0.0161372118166789	0.0224486081809492
0.0137521151395265	-0.00759697874029589	0.000673323189955599	-0.0184197231016479	0.0258443075771538	0.0133313146239456
0.012358302776705	0.0172859198882766	0.00512041438881188	-0.00720059099850827	0.00964874513613247	-0.010891555753147
0.0141617218646605	-0.000337573916255263	0.0157126019359849	-0.0222557114839155	-0.020909132303682	0.000822431954583687
0.0133846153654581	0.0319290634550904	-0.00538815019173249	-0.0178395350872164	0.00305566048065927	0.00460337607438483
0.0123451829298543	0.00644579733250542	-0.00633758480504377	0.00704438553359861	-3.69196127541858e-05	-0.00363267333124148
0.0131982915454221	0.00216950192574543	-0.00634661308003391	-0.00111598774282828	0.00578415386443684	0.0048036475899104
0.0125472685222005	0.00257578183080896	-0.00826839236050639	0.00125024379503545	-0.0104348228683331	-0.00671177655273795
0.0118784745792292	0.00231302154633047	-0.00187693175593422	0.00598418197409757	-0.0308498451007285	0.0117373622749477
0.0121600126676861	3.5004092754366e-06	0.00781597053304461	-0.00177654187137037	-0.00859543554722069	0.00922133958707458
0.0123791379228643	0.00415177645985236	-0.00115078411331319	0.00387324409810386	0.0100633248602016	-0.010067679363204
0.0124426780220036	0.00530458741932475	-0.00296221377636551	-0.00645930288295893	0.0133544215458927	-0.000123528358768073
0.0127112607748537	0.00270706393612961	0.000385074598309757	0.00453857041296522	0.00767426390767113	-0.00764926284190302
0.0114913377327001	-0.00549755163680177	0.0181800829804325	0.00743863856706398	0.00705667827372404	0.0204150742318695
0.0124085971158021	-0.0157353895441105	0.0247454195533827	-0.00749852229585581	0.0018697484556339	-0.00110708847920376
0.0119615618742505	0.00434307261829499	-0.000991011685808531	0.00958926888319725	-0.00568497085844166	-0.00717813331036629
0.0137399304111377	-0.0197061823975087	0.0316692615854733	-0.0267309025081508	0.0177184006504635	-0.00876251616428332
0.013807375183003	-0.0100597608660729	0.00194968434267625	-0.0205357192259315	-0.0128633291612434	-0.0277157830187789
0.0121578136007523	-0.00818922775731173	-0.00373571872624846	-0.00856497462053573	-0.0236437804087073	0.00175890594818953
0.0123035712227882	-0.00958407783028908	0.0026771454702039	-0.00282437859206957	0.0259915263157135	-0.000521864924022667
0.0135831738282431	0.00836485732972114	-0.00531583612263374	0.000302521697521889	0.0154196003759988	-0.0245419764797051
0.0126553615622349	0.00279551868628821	-0.0243122638491785	-0.00496912888268874	-0.00326267055129196	-0.0157067883349372
0.0123897537067365	0.000840821601175399	-0.0277165071364293	-0.00553062967178018	-0.00184432011268358	-0.012425770103486
0.0119466973022812	0.000168785682778561	-0.00232082406658052	0.0241358649244565	0.0180487453442304	0.0207658525453803
0.0125785797799313	0.0111817638035462	0.0050821327205807	-0.0157706113833692	-0.00837851388866623	0.0153309073587616
0.0116656454268304	-0.00106812751157596	-0.00500400232428712	0.00254514259392113	0.0040749630364964	0.00113966698709101
0.0120144865417506	-0.0120688765323614	0.0110930465597156	-0.00172697764350006	0.020843748522164	-0.00470524265987624
0.0114744192165356	-0.0290524705917685	0.0276357318332912	-0.00928668142194484	-0.00830548536881138	0.000540212086932767
0.0107985532610134	-0.00476181946619503	0.0124649733960838	0.0161933534223178	-0.019949072097469	-0.0076349931226214
0.0124629401634799	-0.0150500598481965	-0.00246866706347457	-0.0133548666691594	-0.00953521481806978	-0.00734841576211289
0.0115557072611279	-0.0116860668429768	0.0130991579844602	-0.00376532967602882	-0.017131041027222	-0.012505279773555
0.0150686167449028	-0.00111123769023319	0.0237529224523274	-0.0208781930898237	0.00112940049782338	-0.0131053574378021
0.0117208669809935	-0.00117878900530157	-0.00202592795447108	0.00821043045000133	0.00176533530822067	0.00333035987184408
0.0116412074141364	-0.00652467629698134	-0.000274664972253378	0.00766735398959069	-0.00289833666580415	0.0014252276029626
0.0113527511992294	-0.00830069451318472	-0.0117230271919918	0.016820856940789	0.00811566906249281	0.0171770803320466
0.0118649308245456	-0.00426692928867132	-0.00560265859321544	-0.0018071325100979	0.0130729976438594	0.00462131824659535
0.0124347250346658	-0.00586910414947392	-0.00316465059658219	-0.0147802706172995	0.00616339427303939	0.0154795789878904
0.0113475916451368	0.00575931980603684	-0.00149704558218283	0.019250745050705	-0.0234314736889498	-0.00526010210917933
0.0120833042474085	-0.00415797436955107	0.00685668019163984	0.00576634938888241	-0.0145073750754815	0.00587291902047567
0.0118030463147288	-0.00637800830481081	-0.00787544252520401	0.0131946467057904	-0.00246957417178477	-0.0103783945386103
0.0116692478012347	-0.0126809271257296	-0.00538566549747763	0.00448537865860683	0.0268185193572393	0.00991286101482581
0.0117050322165112	-0.0103363368832722	-0.00425729871724283	-0.0014566410009493	0.0323929427019404	0.00992776918457058
0.0120277045622216	-0.00838708436662841	-0.00813674039832572	-0.00311073238694845	-0.0207742533761806	0.00793416376184217
0.0124933331109481	-0.00368573136266888	-0.00856735645391752	-0.0102292780833118	-0.00225452430028168	0.0039212088811979
0.0115021647075658	-0.0114761718155378	0.0067154588330223	0.0136818389580874	-0.0127824406382354	-0.00188706386560942
0.0120702825870629	0.00287566992008914	-0.00923293781388969	0.00281023400659605	0.00806383109287481	0.00600445291544504
0.0117395178345636	-0.00626225155153801	0.0122571063330151	-0.0123411249697344	-0.0160026358715122	-0.000767337345271098
0.0125345758341113	-0.00886059152834034	-0.00421533516989036	-0.0156798964914272	-0.0116347678616579	-0.0105653288137399
0.0114037371491297	-0.0058074854341802	-0.00478991243282735	-0.0109464611057801	-0.034813394471829	-0.00522994227260452
0.0132697133172065	0.00124733983412317	0.00163217421029445	-0.000398846390210215	0.00876115826363367	0.00195191612426717
0.0120641428155588	-0.000509401533057247	-4.78158698368142e-06	0.00368705176841523	-0.0159645520599228	-0.00336599180770126
0.0119672629893214	-0.00409816810339968	-0.00374228375319593	0.0116262560821092	0.0149890477085199	-0.00233426423180968
0.0126320528128323	0.0117269526341346	0.00971525667210144	-0.00641737973285355	-0.0171100485126951	0.00727796353039443
0.0129485263062283	-0.0050574092216167	-0.00957546100621101	0.00741443561464077	0.0152182625754459	-0.00949759189419523
0.0117531461147365	-0.000134646698441503	-0.00671825953607929	0.00603316258778068	0.0214439444615535	0.00580078333527065
0.0115463061107172	-0.00537490392822263	-0.0024101554493177	0.00468845874934741	0.0143473957536194	0.0141559236036477
0.0102274799452229	-0.0110957570905671	0.0150357849751607	0.0226997815137535	-0.0104523988179446	0.01005571550224
0.012771039661574	-0.00824805217989029	0.00308322488830351	-0.0105883084351953	0.00613565931711343	0.00986839005464039
0.0128019264753896	-0.0065191167129213	-0.004250858937431	0.00350321859318081	0.00605192973332752	-0.00440449521860195
0.0123197615681889	-0.00460097051555896	0.00240464788186133	0.00661767963951961	0.00886183919195273	-0.00417600053707972
0.0122022234707299	-0.0044828756815372	0.00137426983754301	0.000398351991524671	-0.0122400950393978	-0.00318883665168009
0.0122842403342276	-0.00238789939122436	0.00193960496844303	0.000447311141978534	-0.00729206737166381	-0.00303380165935283
0.0118223268679784	-0.00219511757994668	-0.00194990521134876	0.00636898815155099	0.000394625272744724	-0.00231673963354761
0.0116466582049625	-0.00422878854317072	0.0088232498572289	0.0121892242430242	-0.00537513635354277	-0.00237490624856511
0.0109803719363515	-0.00895001211506896	-0.0115421826488615	0.0100820141683841	-0.0371799378367752	0.0226241392134344
0.0123871730514123	-0.0110861128239662	0.010601598823524	-0.0121994678673268	-0.00424881013732024	0.0149506735711325
0.0116493788004153	0.00903458597257725	-0.000231914867772737	0.00598851378007523	-0.0112364115077819	0.00908356588876506
0.0126364735766336	0.00443476177836248	-0.00720186893744636	-0.0104632584656259	0.00088881125051401	0.0159005480515346
0.0119257113335373	0.00383369257822468	0.00515307313804743	0.00368635791770388	-0.000233564153293923	0.0140865046714117
0.0148189849080735	0.0133123504038722	-0.0150002357523127	-0.00721048298214527	-0.0014443018901559	-0.0193771176481696
0.0113891336341538	0.0147671893855792	0.0238198078910805	0.014152310978478	-0.014338827079824	-0.00545974118084006
0.0115294210537329	0.00857081586533582	0.00738243206679194	0.0171060041585092	-0.00436753819861199	-0.00351484178934987
0.0117444099046372	-0.00239686431627503	-0.00789514855046334	0.00668465014640122	-0.00357760437468144	0.000946995162902092
0.0127634161922413	-0.00685675867398664	0.015260738708531	0.00150960566553336	0.00464990408421411	-0.010864094276691
0.0129042077042376	0.00151006251198013	-0.00251424451698294	-0.00153320701411183	-0.00501667220318471	0.00999576276629763
0.0123609180402144	-0.00679456935208091	-0.0180543766507679	0.00600845689531491	0.0336237530742975	-0.0209196001594326
0.0112236396703956	-0.013378730888286	-0.00140704899024805	0.0154922909118334	0.0082148839838959	0.00100922082557768
0.0121505865547242	-0.00927150305641873	0.00987384687578813	-0.00779612623118396	-0.00256956555680259	-0.00988811352493581
0.0124871013185144	-0.00441114343319488	-0.00470341175717486	-0.000620482799757536	-0.00588573356484995	-0.0067370850735036
0.0125435300123804	-0.000905361751718128	-0.000644423994556091	0.0190835915211141	0.00922920902929661	-0.0108119779693942
0.0119659119600899	0.0104903947938345	-0.0226575534321921	0.022780145581813	-0.0197212338444147	-0.0440501529959119
0.0111583597447036	-0.0027325062316789	0.00149299949984512	0.0245214390614942	0.0275463059112769	-0.0184417350435499
0.011021122323009	-0.000883921298092292	-0.0163567821453912	0.0217854509944091	0.0298031126662768	-0.00223488512762801
0.0112535179650583	0.00220339654359309	0.0119540754267622	0.0271353295703153	0.015029994412283	-0.0126899909074415
0.0124080264510136	-0.00785037056664659	0.0138019314994169	-0.00670487192141526	0.0163901697794556	-0.0128714373016641
0.0119920305315794	-0.00243766075231281	-0.000575941367851754	0.00620081612613231	0.00941252886286047	-0.0124610097672876
0.0121704263387023	-0.00663454811684967	-0.00394982491013233	-0.000125879479204422	0.0257938837585925	0.00788485142462968
0.0118196890199876	-0.00622469892511449	-0.014417243282465	0.0182155747338083	0.00752951435822741	0.00288924214318211
0.0111888542531653	-0.0122066198589123	-0.00216896752095255	0.0297439135613096	0.0097034066518964	-0.00943694188487845
0.0121481879350654	-0.0114235270263052	-0.000789483716720626	-0.00179551339812309	0.0117531586284983	0.00792782824350983
0.0124424365280039	-0.00784244784653376	-0.00279493900396058	-0.00204981930009242	-0.00289583692832134	-0.00204139879045296
0.0121760270384798	-0.00369294162881839	-0.0030056559681659	0.0140366898353762	0.0120447861213365	-0.000542175901511989
0.0124872844231311	-0.000203519281335858	0.00379975372214054	0.00573855302165543	0.0046009331478576	0.0253844592882156
0.0124921955867624	4.09795049773733e-05	0.00554783453745871	0.0061024985085939	0.00405536783169393	0.0214437676898254
0.0118634300338343	0.0125220750014572	0.0199850787904661	0.0200742802075761	0.00983508152573212	-0.0199834608632727
0.0123718977055632	-0.00113558204038564	-0.00332274496681964	0.0043366121722225	-0.00856990737672566	-0.00393532658263257
0.0138495225493964	-0.00234705679832953	-0.0264055326861653	-0.016888190233856	-0.00333409707044331	-0.0168795598119816
0.0118743362191776	-0.0118618148852447	0.00156477804503654	0.0132103255545087	-0.000560469414524137	0.000503482917106148
0.0120181876195529	0.0238149086750614	0.0271501427002751	0.0157771701960187	-0.00893517743820988	-0.0034806215811704
0.0122700218644855	0.0153655232912361	0.0139994379051391	0.0144547850212487	-0.00525662207229973	-0.00866858114204141
0.0110521713601125	-0.0015363136967001	-0.00529196295978731	0.0142418328721733	-0.0230556996009377	0.000419489489841862
0.0109925168282961	-0.00331566078986365	0.00152271711813925	0.0288620495225761	-0.0154502060878145	-2.82555837928106e-05
0.012645356937116	-0.0087763173642863	0.0129802002383781	-0.00664951617089511	0.0146593132219678	-0.00902205810443604
0.0120747183931442	-0.0128428973370452	0.00282456162669509	-0.016629457944173	0.00462122693312549	0.00484466599881294
0.0116262058809949	-0.0183406150799584	-0.0186868084230189	-0.00745035643946556	0.00407852525420567	-0.00811617060795615
0.0122763403414253	0.000637665483111731	-0.00746468297700222	0.00810824184020597	-0.00477175405476818	0.00329906208427192
0.0126525558224687	-0.00406356009126625	0.00769031633674842	-0.00868896127175834	0.00787285318539815	-0.00451154611285219
0.0113687667501451	0.00513678245652469	-0.00746923912241624	0.00417142525461375	0.00632416869329231	0.00452450418427567
0.0125797759179722	0.001459141904376	-0.00996403559559775	-0.0124344561812255	0.000138325705111609	-0.00164369844326676
0.0118310239148191	-0.00497932344069075	-0.010566994402733	0.00156892011084547	-0.000141868104061521	-0.00073302521835369
0.0129597322276014	0.00168515162854502	0.00318958281704444	0.00365985140008753	0.00564816081792138	0.00195865207127323
0.0127546118139745	-0.000919129131016234	-0.00924616945086485	0.00186370148052564	-0.00507335475715533	0.00991442723687453
0.0129106097705133	0.00323353827900828	0.00073665053624554	-0.00469751218966521	0.00172398014601763	-0.000400465258000524
0.0124248415158351	0.0212388896689006	0.00300657226054807	0.00836829915752231	-0.0106639412987092	-0.0146486142498698
0.0124463427536906	0.00598158273073034	-0.00881842019640277	0.00914321060172752	-0.00287717288310044	-0.00174749581601796
0.0131089269667804	0.0177681822471866	0.0145598144822128	-0.000870619451850937	-0.000111578003801132	-0.0108320328217317
0.0111742330092176	-0.00764275478148499	0.0102073383890951	-0.00572926687338785	-0.0388973512060968	-0.00397438981186813
0.0134382773921066	-0.0140147552829462	0.0129668257985231	-0.006174413831003	-0.0172779007949354	-0.0286416271035238
0.012826403784112	-0.00157474923098839	0.006875168949882	-0.00493907527522119	-0.0213050547255295	-0.00266111236977181
0.0105460535062113	-0.00727421392257056	0.00396355799377657	0.0084529866126662	-0.0220360974465596	0.0206282746594512
0.0122058269192895	0.0101265645275489	0.0184216209750117	0.00395402043427885	-0.00421293336744433	0.00679736574007273
0.0121647267636551	0.0095291254054507	0.00162650072394906	-0.00231102314581031	0.00359706859937651	0.00583417189872778
0.0117303730937599	0.00986657166491307	-0.0129731669094446	0.00785252474540666	0.00291494189611116	0.000382662921043454
0.0121580691192028	0.00593918786322251	-0.000137623347819899	0.0127871552314442	0.00766170998659736	-0.00804741204457421
0.0117008088892225	-0.00355880470853168	-0.00292622375955269	0.00348815976462385	-0.0025489202839115	0.014072637780787
0.0110317965768792	-0.00305318227975782	-0.00272715714405567	0.00781230533319966	-0.0114682509242784	0.00622149686017776
0.0123432231535005	0.00810973249700073	0.00476069033746775	-0.00932666048239275	-0.0017128379224222	-0.00238310194939559
0.0124230111367407	0.00600298084298963	-0.0144666687404363	0.00629490813706042	-0.00459693556324706	-0.0130376088961859
0.0135117993441938	-0.009269735930412	0.00707187988301564	-0.0135753723174604	-0.00834317519800387	-0.00320021394492353
0.0120543317929681	-0.00921324797564227	-0.00727603322881772	0.0133223928423894	0.00565669717316138	0.00486063304238485
0.0113007019712018	-0.00717124322443693	-0.00325520195287704	0.0114402935449353	0.0022738096548655	0.0110233709367665
0.0112485308731163	-0.00723978001746989	-0.0036850625997093	0.0125148381979574	0.00455704600521309	0.00988258623064531
0.0146910092471095	-0.00956934193356714	0.0220028292383651	-0.0197592437355539	-0.000900590042419422	-0.0106324988770535
0.0111617582181123	-0.0239697632399302	0.000594967135270651	-0.00889337782134886	-0.00510076640631382	0.013853487921343
0.0101685049880316	-0.00948697318385757	-0.00572046747186326	0.00619775992431665	-0.0185185900071487	0.00702262207615718
0.0101706112049577	-0.00903102431042692	-0.0045081660920948	0.00421524360488345	-0.0210797202804441	0.00690961363176396
0.0110035998474616	0.00512456748285363	0.0140562721134363	0.0170981889335761	-0.0256498556977673	0.00712022508395409
0.0119644265433976	0.0030427968159398	-0.00937755118325962	0.00826195735021114	0.0124410231496619	4.6746999196442e-05
0.0115987755634298	-0.00499698042253466	0.00467281749472189	-0.00797042620161226	-0.0188951721196008	0.0338742244457714
0.0137654546045035	-0.000200876395500693	0.00271480070499146	-0.0142507963712476	0.0118506714726929	0.000811388495856417
0.0122322890427798	0.00331609166120067	0.00896176305631923	0.0198486169092983	0.00186992297110722	-0.0090960770495678
0.0115944437874044	0.0050077212821795	0.00394400960264989	0.0254563429753853	-0.0060270122212745	-0.020621101903961
0.0124660232017723	-0.00323024594211532	0.00399773877191811	0.00981153050021819	-0.000209666396543187	-0.00178744583834086
0.0126540872511268	-0.00319034841710402	0.00842181545985214	0.0101410341859524	0.00864326708564845	0.00233823060717763
0.0121594857289336	-0.0177212121433876	0.0144711753881212	-0.000379030702613069	0.00753253116208207	0.00719631353050672
0.0115828573581487	-0.0137019434639724	0.0109297178564146	0.0120251886358639	-0.000750006099102954	-0.00220073236993509
0.0119938033933228	-0.00479321434086312	0.0150877981636456	0.0108461154570085	0.00674415379682776	-0.0142421907127034
0.0117664704384637	-0.0174556532822639	0.0113429836418996	0.0167275712687363	0.0297452181076887	-0.00191098625629244
0.011344765282817	-0.0162753382346167	0.00209934972584064	0.0187966522913038	0.020708690864614	-0.00494011008587856
0.0125788770573696	0.0018679467201857	-0.00101438974506986	-4.20383445134581e-05	-0.000262875613834319	-0.00409459847840619
0.0114694269456133	-0.00206705810086943	-0.00585925824539631	0.00940024118574003	0.00669556300127455	-0.0134590321356282
0.0104418786103466	-0.0101943343281741	0.00963127181876872	0.0105924806594141	-0.0290832672162634	0.014729118307569
0.0111397123989911	-0.0100630050487464	0.00273662144369641	0.00198866336716333	-0.000502926853542095	-0.00754140639860206
0.0115017273437406	-0.00826531739156275	-0.00296108725984778	-0.00337347828836426	-0.00594594426937887	-0.010423607544966
0.0121068852677919	-0.00232111459815889	-0.0103891094045393	0.00573497308984457	-0.0195518272734285	0.00612300033007548
0.0153795371188001	-0.00440940638558714	-0.00749415484567102	-0.0181440303439147	-0.00187680502040021	-0.0231274610777482
0.0121570651031094	-0.00514877544300796	-0.00240091402756856	0.00623407580925305	0.00403021393378707	-0.0232529677465537
0.0117419408852312	-0.0112985207347769	-0.00191306947266801	0.015596616079583	0.00595325382511379	-0.0274832519679222
0.0144292372816599	-0.0313716830769787	0.0302063611856862	-0.0322258088717964	0.00920261309276085	0.00698773221590399
0.011183521269545	-0.0167976544783931	0.00328933793215272	-0.00579318930010675	-0.0155817749568835	0.0382204348411203
0.0106379613561171	-0.00801981482729043	0.00763125380065113	0.0134096782381379	-0.00866833124822809	0.00165054130130542
0.0137940056679516	-0.00332175270043025	0.0161259706880459	-0.0136408400433212	-0.0037451474936794	-0.00656212108412974
0.0130811786531075	0.0431441910349562	-0.00086880049252681	-0.0127793786564249	-0.00898095372459813	-0.00606241633555362
0.0124894201078283	-0.00574991301637352	0.0057256003864652	0.00428936258385921	0.00227790895554283	-0.00083906417251955
0.0120856389107749	4.01329119454896e-05	0.00916995540749791	-0.00472822774637645	-0.038325805496963	-0.00487465551191353
0.0144154784326961	0.0163150192572995	0.00838461170167128	-0.0102626345735948	-0.0199320602556727	-0.0189979327970194
0.0119626093521004	-0.00990492560021832	0.00635626426962755	0.00709316152481465	0.000673940889655008	-0.0158169387329813
0.0131521085159351	0.000868468695779625	0.00170707846243358	-0.00194784503327107	0.0153898070853079	-0.010544108906595
0.0122267072527558	-0.0109573168773452	0.00747855258193745	-0.00778323464245396	0.00351230623503099	0.00141734892422269
0.0123475770311479	0.00166519062107677	-0.000186920296109102	0.0075645733274512	-0.000317046241897388	-0.0157699857204037
0.0117163805671597	-0.000508787380421732	0.00349728786614356	0.00771974317645469	0.0117789506588597	0.00556758571361889
0.012401728659742	0.0014683221895736	-0.000397150675889526	-0.000246128215197451	0.0130334316785447	-0.00720679143324577
0.0123712486417276	-0.00288091789634222	-0.00388747764816065	0.0137604550754932	0.0223079950792464	-0.0123291423284169
0.0117234140519139	-0.00519851969777467	0.00729589831148436	0.0019376742937687	-0.0104211621725313	-0.00573534106157265
0.0130403212257152	0.00107936047726325	-0.00526468614912139	-0.0173746478072845	0.00396372391077952	0.0100103906395579
0.0120745940058863	0.0179132274352006	0.00834838080754648	0.0125411417978742	-0.00439197979406501	-0.0126226531404502
0.0122321587594942	-0.00758473307522754	0.0189910406512229	0.00957539908415928	0.00390281644884475	-0.0222231039487674
0.0131422674333097	0.00643410989923339	0.0118096336205521	-0.00859347434631832	0.00772655052478417	0.00164697450873674
0.0119988686090097	0.0291194459668769	0.0438451773534809	0.00205986037802739	0.010906751801259	0.0134855538051943
0.0131638822085875	0.0176553480518202	0.0100407975026468	-0.00262016114091184	0.0106852587964078	-0.0160418928784345
0.0127540910222026	-0.00396990784914182	-0.00243123131635224	0.00410745763026127	0.0100624088612805	-0.0109497734646254
0.0132363765752457	-0.00778331995968263	0.00992430486932997	-0.00601191525800531	-0.0105953297603797	-0.0189630800505056
0.0102342621757615	-0.0135710074863231	0.00625940865190748	0.0108445218821962	-0.00147180095001417	0.022565763475204
0.0106348884905812	-0.00878775513863254	0.00153569960786172	0.00635309108036275	-0.0110071852031238	0.0201827987092801
0.0126002476768057	-0.00590394346401326	0.00890858527363627	-0.00953144689535767	0.0103068572941155	-0.0135445444946823
0.0125760600697565	-0.00569197815663062	0.00942619631168441	-0.00996305292540253	0.0104520040126817	-0.0133582441035956
0.011918974292712	-0.0149082763557023	4.80504905561959e-05	-0.00359193768749969	0.00043453090552117	-0.0123109572598734
0.0113646813253567	-0.022439675860956	-0.00117435565811243	0.0134527867014025	-0.0408543113253795	-0.00118748925895173
0.0113230466540543	-0.0031244906675653	-0.00534972649932052	0.00254799881574019	0.00530182083798959	0.00904717977517518
0.0129524339020093	0.0120980465190639	-0.01706477117688	-0.00150235527771659	0.00823580453997883	-0.0180325909390821
0.0124997907075257	-0.0016017080169133	0.00338214217347066	0.0035468299590958	0.0072421142498168	-0.018458404067998
0.0125574032015687	0.00784152971368935	-0.00439562965794177	-0.00100692172685638	-0.0061203546444976	-0.0194925517303438
0.011855474515419	-0.00463709955152312	-0.00960305086335817	0.00232020962450142	0.00361021623615684	0.00860804313480119
0.0114331153648853	0.00622413260642651	0.0100588840796662	0.0129823173169789	-0.0141619177347181	-0.0030737569540478
0.0117755260550371	0.00187757440900889	-0.000191238702718792	0.00848862535166	-0.00371283884825874	0.0014841268948435
0.0116469664488384	0.00100227234448008	0.00206792355556329	0.00204179141099131	-0.00858333107555332	0.00568378429957612
0.0120204097274868	0.00780235609814526	-0.00478596589694169	0.00121222542606049	0.00529515896160241	-0.00522837360013339
0.0121968597352531	0.00711015789802476	0.00250015267139529	0.00601121240319246	-0.00331865161205185	-0.00901952177489863
0.0138941714221129	0.0412044468974893	-0.00921111089655934	-0.0175446545128521	-0.002590986855671	0.0112731239075563
0.013038759367541	0.0323124798863588	-0.0131824306606525	-0.00303354736230984	-0.00494165419782495	-0.00845686073341
0.0132284603170563	0.00634090491418144	-0.000963465571742119	-0.00092413924412616	-0.00212779350850312	-0.00836219700346866
0.0111202104134142	-0.0062507528268236	-0.00237912106546296	0.0168438632292366	-0.0119547545458694	-0.00836040920791211
0.0126402264218105	-0.00169782003083476	-0.0073082049700197	0.00423629805291525	0.00388586934686058	-0.00151490585822418
0.0114592070598632	0.0014907473380412	0.00769626085240582	0.00781356498604199	0.00493170060181274	0.00296984754784901
0.0123740229447508	-0.00404485508469026	-0.0108781281938785	-0.00167419570400271	1.54113871389493e-05	-0.0021753676848709
0.0134820277145659	-0.00830128182453882	0.00705539923223023	-0.00831812842973496	0.0111135451068224	-0.00395921183370098
0.0124323129147864	-0.0139148584952094	0.00468635897232068	-0.000140344389377316	0.0226118013034475	-0.00337678314886823
0.0115638744072069	-0.00767696162824423	0.000295482407992136	0.0171780982723155	0.00229949309068458	-0.0110929861294542
0.0127067148366785	0.00378307476018693	-0.00617216414591523	-0.00522654827125045	0.0066752948893982	0.00998122750815609
0.0126676630164196	-0.00455408281795154	-0.00671387665070916	0.00387134884773023	-0.00110936985322237	-0.00412416212134834
0.0126345521716402	0.0239123297850259	0.0153872137435652	-0.000391110014484595	-0.0119586642009778	-0.0120631347313423
0.0126448334562402	-0.0019347188623426	-0.00525844461043501	-0.00324182311957663	0.00578079105323464	0.00177393745992259
0.0126680262736899	-0.000254215152481597	-0.000624878593379574	-0.00708365375979479	-0.00159836508459045	0.00405291284802598
0.0124047091917139	0.0060333960426157	-0.00670662289800896	-0.00516340598136058	-0.00952216487587385	-0.00499694588241305
0.0120936964422232	0.00342213990122951	-0.00874721874168204	0.00645096310145353	-0.00727229724277904	-0.00945763739656517
0.0122246031673937	0.000100548851546228	-0.000963018785243124	0.00962728242580332	0.0019196239399941	0.00515134533902546
0.0126410753467502	-0.0186893572764	0.000175568094680414	-0.0109376855548465	-0.0082539614336707	-0.00291111649931393
0.0124417048328438	-0.0123561417081926	-0.0158221890560734	0.00322893408667531	0.00267053305656242	-0.0144209812677942
0.0128398593931138	0.00956334383937469	-0.0203615850051046	0.00522936419601501	0.00344345519302704	-0.0112657384367637
0.0127130855387303	-0.00734255790344159	-0.0129533584076277	0.00701071490094689	0.00226294882454629	-0.0283358622399683
0.0121878827331586	0.00196080777717773	-0.00754181635916105	0.00233284719267494	-0.0051634022076179	0.00681552748208876
0.0111683215798648	-0.00796965248035078	0.000595412925297986	0.0105908281879153	0.0054259361075222	0.0146141979065877
0.0134942503796729	0.0245108884939857	0.00841916579336607	-0.00597898781680986	0.00447198490574653	0.00213759864534437
0.0104483068025302	-0.016025686918838	0.00182407315579703	0.0047008433231169	-0.0153525375787637	0.0151807492585798
0.0119162313283668	-0.00932964417277131	-0.00390162289888384	0.00650606019733332	0.00146236593593801	-0.0039599250907608
0.0113318165850361	-0.00224132239243979	0.00252776050378581	-0.00216028645314636	-0.0161219252065129	0.00375726749050843
0.0108682249322473	-0.00942359932318512	-0.00618043554178834	0.0286880494861137	-0.0060192048136375	-0.000785028586839688
0.0101528928039285	-0.0112757579369055	-0.0022819506600553	0.007678068020827	-0.0526364974411136	0.0227629815573489
0.0128427354403506	0.0422336303602605	0.00646465284767811	-0.0236683100200936	-0.0213335362958112	0.0107753689769155
0.012084176233538	0.00570222880724655	-0.00180069588836315	-0.011203539340016	-0.012145998790031	0.000522635498156369
0.0111251114419163	0.0139607497987872	0.020626526527452	0.0213783224720747	-0.0203613402986207	-0.017951411149529
0.0131543086057834	0.0395961831673171	-0.000290814081394248	-0.00416928291023977	0.0111062384516599	-0.00907966809137239
0.0119821043829366	-0.00718783851219206	-0.0168592605076351	0.00771778162910484	0.00886282201134311	0.00966762817656325
0.0111596267624281	-0.0162617988540334	-0.0116865478259525	0.00296367056151875	-0.0107178495887791	0.00509699305234558
0.0131813399016464	-0.00503516045403221	0.0116153928335825	-0.0032552627321273	0.0194836741611365	0.00420873782462971
0.0127774186401094	0.0167213678777208	0.00842044485088864	0.00629369008068511	0.00102619779914387	0.00264386128100593
0.0121668310021807	0.00459249701037264	-0.000202806470899411	0.000358398366683886	0.0109889287924687	-0.0162722927501717
0.01203164133692	0.00100740664921625	-0.000550942558446297	-0.000255634343541667	0.0127950977572964	-0.0184556864946732
0.0114242317627706	-0.00337406323082114	3.26585413616865e-05	0.0108826289688284	-0.00998892309427716	0.00345436057109029
0.0127058589157442	-0.00343464914224394	-0.00244772461630768	0.00935034553644089	0.0154808159117038	-0.00221480483020651
0.0126991971482492	0.00564422463289165	-0.00147934752768244	0.00954186947268499	-0.00637659570066234	-0.0263950781868263
0.0126226220876383	0.00465692013840577	-0.00380264166624957	0.000566294332184409	-0.00665944224918544	-0.0174172775375664
0.013315170840178	0.019989140396922	-0.00993777566530021	-0.0245407359509462	0.00516112211098384	-0.0134985449553361
0.0118723525901031	-0.000786489887463869	-0.0073122114716105	-0.0172630246587231	0.00561100487226893	-0.00427519849117046
0.011871820507755	-0.00292102441478563	0.00395490462790866	-0.0010847534946134	0.0152932787619568	-0.0240986573725997
0.011528680475986	0.00812785528782706	0.000578711009037553	0.00988214159876316	0.0147491815031057	-0.0149568622088358
0.01082157124286	-0.00303324966442965	0.0121803552945057	0.00932769884953235	-0.01462488111059	0.00870450910395495
0.0113318285759222	-0.0208896856844116	0.00447246846752869	0.0234622602986505	-0.0065923175483395	-0.0059307022288852
0.0114782926294643	0.0213193383129422	0.0501473519944466	0.0185119688033152	0.0148022769882676	0.00226323194522168
0.0113078452951909	-0.00702191779909038	0.00315617624130686	0.0212408340054507	-0.00507449048742244	0.0226277145022337
0.0114938773450221	-0.0135119206638844	-0.00666973141095822	0.0326829523594351	-0.0022625361592099	-0.0127029692268899
0.0120933179476924	-0.00102268487798842	-0.00309158890700809	0.00449428655357767	-0.0090951794554664	-7.8769241291798e-05
0.011688762956104	-0.0106199237656583	-0.00546407825296452	0.0255419073062194	-0.00416374058306923	-0.00537178844085328
0.0115154018342175	-0.0101902096275193	0.00642019293534521	0.00508630414615893	0.0025546972304404	0.0122897462689641
0.0134809772504698	0.039411938918033	0.00102685020191827	-0.0138071505230349	-0.00833652990787256	0.00569020942516392
0.0132305480180784	0.0129519889122297	-0.0134814147592507	-0.000894978022911544	0.00605125503670878	-0.0233228512786648
0.0122950451584084	0.000464744052634327	0.00600656924698457	0.0108622846693388	0.00188278290231055	-0.0038491503849722
0.013442446383276	-0.00378367846807231	-0.00364922929480478	-0.00979736005988488	0.00899433587871138	-0.0206720996391317
0.0134488532596142	-0.00010659422142163	-0.00534843248152757	-0.0121999941762355	0.00957437613423245	0.0041298054412305
0.0120448327299151	-0.00157953500362801	-0.00482350929549993	-0.0187407031687109	-0.0061863319580592	0.0159791099999074
0.0125161881885456	0.00597252711630636	0.0149600404375696	0.0145175619228184	0.0162872109101706	-0.0187039765985784
0.0127744020977231	-0.0108044063277797	-0.0171592045219727	-0.00294320261857148	0.00452724363877734	-0.00261728501138917
0.0117917432810236	-0.00954303911864496	-0.00960635257573286	0.0129630331647155	0.0063300168879853	0.00119292054640257
0.0124809312355277	0.000978494957267862	-0.00309652138060483	0.00505027493877892	0.000861989277174714	-0.0280607805518236
0.013358989089028	0.0107112479681326	0.00988304131485199	-0.00299808444866224	0.0153424221018974	-0.0187274405762328
0.0130423436547231	0.01433287321632	0.0062441646571857	0.00782242084124711	0.00947721515858498	-0.0137749428497994
0.0118828380448457	-0.00479342508753996	-0.00214558629670917	0.00898352331662461	-0.0154133356996629	-0.0172782247180822
0.0120292358073	-0.00285605261185444	0.00270954595990674	0.00256596669237531	0.000767252154439539	-0.00829737122627682
0.0120161434490422	-0.000388079202844393	0.00524605256105254	0.00444145920998338	0.007402220734382	-0.00389908746407138
0.0101853935734057	-0.0214790494333341	-0.00516924862962171	0.0128471647345301	-0.0241531930645866	0.000942939278310947
0.0111614392979439	-0.0103470795822749	0.0116914219005856	0.0225571634847284	0.00854175055934686	0.0278543814008135
0.0121658280868517	0.0106607350490657	0.00528353543826229	0.00998910003369982	0.00559103556686045	0.00445943832326641
0.0121766725586135	-0.0109695223654182	0.000345168055821823	-0.0205825074097721	0.0129097289155318	0.0051595155178033
0.0124236404848931	0.00422844882534062	0.0204618460793622	-0.00735077151575203	0.00527643518229025	0.003356847511365
0.0124136010738998	0.00472723206948423	0.0199710475977633	-0.00669000815274055	0.00331488567526914	0.00282304108252618
0.0132014788802645	0.00570399698566922	-4.77175905110199e-05	-0.0126923825213289	0.0098119217649335	-0.0112608047047461
0.0124552777663379	-0.00127593473389768	-0.00715644364797921	0.00273658799629933	0.00408640775292711	-0.00800388146474077
0.0122907552037897	0.00555151890723687	-0.00600414769771983	0.00271044573682623	-0.00843645343365426	0.000633101772494369
0.011488243411691	0.0217525603089078	0.0298891994035975	0.0137987091712638	-0.00306938805470696	0.00591116651989325
0.012211518908692	0.00231238887120918	0.000956940160167034	-0.00672841262610658	-0.0145970097937071	-0.00407269702361819
0.0113938029236865	-0.0062054074674754	0.001546183163346	0.0189959326870083	-0.0132842403801898	0.00353881244886052
0.0124208028420579	-0.00445444538750108	0.0030648922699404	-0.00803245320201573	-0.00362447293999935	0.00779038808279305
0.0133901816607474	0.0404405787677651	-0.00176246538320359	-0.0176668872948186	-0.00291733771576525	0.00556629868988749
0.0111871725077391	-0.0128307142731279	-0.0150634088413569	0.00940900401326394	-0.00738657885681419	0.0150209811670204
0.0133229888978282	0.00916458702270851	-0.00812188132410434	-0.00560364300960834	-0.0119196392576661	0.00324267250714066
0.01245188772651	0.00141017524409645	-0.019551787421841	0.00162568850139347	0.0125322580054129	-0.00348219044848527
0.0105520547810398	-0.00549248716367409	-0.00191736146891064	-0.00133214627536448	-0.0392087250561353	0.0287576851880085
0.0134124280858766	-0.0129082384477672	-0.00123634616580595	-0.0163687824842517	-0.0107713020270817	3.60421174824823e-05
0.0118604866950076	-0.00934759120060721	-0.00291692055936139	0.0199256287958006	-0.00397374722762763	0.00700605513986583
0.0114094586886615	-2.57278406070429e-05	-0.0313216107620181	0.0163364580986776	-0.00628001201483452	-0.00673615545762502
0.0114260073205364	0.00883036087435406	0.0264604831499495	0.00560106779732986	0.00837680874979445	0.0263367699162558
0.0114776275185266	0.00958742144554304	0.0237005209325904	0.00458930789614417	0.0111579598628219	0.0257483802254522
0.0102289068897965	-0.015059401373665	0.0090456116727397	0.0100211012598093	-0.0169917953801683	0.0424190791696146
0.0130058764999034	0.00349009298867932	-0.000679468961847874	-0.00797497912382857	0.00426955781147865	0.00752059819317359
0.013795725774249	-0.00229285781715892	0.00580099472727715	-0.0160547147854376	0.0170999328731785	0.00319680824732358
0.0132655901108045	-0.0187310142283966	-0.0021424436337741	-0.0103952351263602	0.00699777339806229	-0.00861980634025495
0.0138416763086228	-0.0044076486858181	0.00467352249609572	-0.0150833624096663	0.0169990982977968	0.00253458124481737
0.0114910267152251	0.0108717070182929	0.0030475508843868	0.0111921761065874	0.00344968045242772	0.00947579287277451
0.0116208686836465	0.00392487396384697	-0.0102915251268572	0.00794431369448207	0.00193189367108904	0.0116746403283853
0.0136142844507171	-0.0123956805526802	-0.0290150685848012	-0.0161649630692391	0.00783651942125786	-0.00422070259885771
0.0136003880398329	-0.008975160878826	-0.0161687230526673	-0.00965925171612092	-0.00710434097523829	-0.0167348413586605
0.0111080617306352	-0.00555706012879504	0.000129647632047155	0.00731834896149765	-0.00798193238894755	0.00430766672472508
0.0115458165990739	-0.00733567777927054	0.00353385513432744	0.018933947017427	-0.00377946461704363	0.010365805090792
0.0112610686043493	-0.00554056396112666	-0.00710120831712186	0.0117276044992709	-0.00757394772470007	0.003008817431034
0.0112903737928812	-0.00690743253303601	-0.00576511545544191	0.0124468642394778	-0.00466498859881686	0.00201838605521352
0.0103694805759187	-0.0124629855187104	0.0239691250654189	0.0149872141004735	-0.00373883556557764	0.0202560310741659
0.0110954860465205	-0.00351458461586423	0.00483130228364227	-0.00465236508219981	-0.0107249945894395	0.0236177870192236
0.0134033763166557	0.0201884828914213	0.00700496737805343	-0.0176385369312055	-0.00410165746686716	0.0027378506528331
0.0126620960094352	0.0163715273502596	-0.0019912383222202	0.00321199843780012	0.00940019143394268	-0.0141957006978372
0.0126906257415004	0.0145779535534112	-0.000101754015170196	-0.000146472914394052	0.00400705363420794	-0.0172314388184549
0.0124281177466941	-0.0101953958182616	0.0215686990076391	-0.0134489368348341	-0.0119422903267351	-0.014221445603572
0.0110361787543287	-0.00153690191286353	0.0136004178483932	0.00122482024171021	-0.00477884031381406	-0.0130733564395704
0.0102617590503772	-0.0161463000599753	0.0182399915749728	0.00446291802941028	-0.00952321139113587	-0.0128532622168026
0.0131177448232627	0.0182940289242208	0.0220227082584862	-0.0141618566140787	0.012452122264373	0.0222945820180481
0.0133514512962834	0.0192397172388876	0.0268205614740446	-0.0165322657548365	0.0120053234209569	0.0167594628473226
0.0109608400774552	-0.00708744653281837	0.00268568614815524	0.0121229492959423	-0.0158219273468968	-0.00801443255376257
0.014662093988286	-0.00771275509549174	-0.0133880068931167	-0.0138236118489839	-0.0137031106652487	-0.0222815572939868
0.0127092735317779	0.000751602042885931	-0.00796049370893085	-0.00545583671738973	-0.00767028078802562	-0.0192802077313815
0.0120210433778066	7.95835558670376e-05	0.00472297474874185	0.00124086453588587	-0.0023587200999459	0.009593189595818
0.0127825316971831	0.00473514938948694	-0.00808912702613895	-0.000754882808070947	-0.00586944032847029	0.000844609964657704
0.0137961965437239	-0.00534047867639732	0.00810602231927839	-0.0177447973612035	-0.0125494413352467	-0.00922450837826557
0.0105609759295999	-0.0174349081770775	0.00172480361705867	0.0273489471297015	-0.0149238536876833	-0.00460669835571269
0.0132927286636195	-0.00994986226312178	0.0218502200498848	-0.00956242881683103	-0.0101757580658787	-0.0212461936241574
0.0132422404539904	-0.0225217564619491	0.0076132929303423	-0.0175222561322683	0.0034808691496722	-0.0125919455593425
0.0111734552392074	-0.0156085982868473	0.00298419589682753	0.0222799399709947	0.0110364879185994	-0.00903423876399084
0.0124723127946202	-0.00416193011071159	0.00550935278958341	0.00103495919290942	-0.000497266600807651	-0.0074186251358951
0.0119098367679981	-0.0136654251175255	0.00127561733419784	0.0128206822542421	-0.00621875237117404	0.00162647299225475
0.0108999511277446	-0.0198674735657762	0.00563242465402639	0.0198319605453205	-0.0129019541678993	-0.0158977472800478
0.012138486412433	-0.0049555769203204	0.0037108685439087	-0.00393117492162099	-0.00223478250496766	-0.00940643998891785
0.00991189769157373	-0.0173455398305447	0.0136528498740591	0.00926331752081075	-0.022460279596305	0.00681138523947442
0.00942678133792531	-0.0112477227966516	0.00454253403839695	0.012706871943357	-0.0149269745723524	0.0229271122119333
0.00949644859279305	-0.0173877664861004	0.00449826142182541	0.00898565831346926	-0.0220353473753977	0.00432914374798991
0.0125558476055986	-0.00601810003004098	-0.0100973662845186	0.0108679307252908	-0.00713830879459191	-0.00672305001226493
0.0119160499484938	-0.0206007407269621	-0.00355700175897446	0.0249029296067986	-0.00211281156077361	-0.00158555515569777
0.0127847821224023	-0.00837850729830743	-0.010787857566396	0.0138444558221425	0.00343601853469492	-0.0177947862528731
0.0115416815013806	-0.0187847927677546	-0.00314143263385507	0.0211011662038369	-0.00423216139777775	-0.00627990528778354
0.0122991673916711	-0.0136244638467106	-0.000126946704553931	0.011525185126655	0.00280154533268097	-0.0101484623989057
0.0122991673916711	-0.0136244638467106	-0.000126946704553931	0.011525185126655	0.00280154533268097	-0.0101484623989057
0.0121429943101277	-0.0140004995269868	-0.00191636793950733	0.0124031618098127	0.00282536538554862	-0.0088970220381942
0.0118864958160787	-0.00247921636403723	-0.0135006134752156	0.00288840061643398	-0.0134184499927871	-0.0202488550439008
0.0109635895959344	-0.00631238360351013	0.00435935411365962	-0.0012241077659631	-0.0195699370430879	-0.0115136190427999
0.0126428343927251	-0.00480701125705971	-0.0114184909509092	0.0050263513440265	-0.00597534600363537	-0.0162270181787204
0.0135507126459412	0.0168299812761819	-0.0133474795191908	-0.00504362321155454	0.0259958715419553	0.00111353662391701
0.0132701625546922	0.00924434327090451	-0.00472340913707434	-0.00834432678203282	-0.00466694253434546	-0.0110512106466389
0.010724525829868	-0.00903792364185864	-0.010864989293021	0.00275594444592526	0.00869096377683151	0.0182209881631511
0.010146563273983	-0.0217093790467	-0.0234943903811131	0.0243549986536897	-0.0134512093064701	-0.00035913946131016
0.01346743669231	-0.000419992209674678	-0.00794265120589903	-0.0101146896249156	0.0195122436247607	0.0125834643372992
0.0129850749459901	0.00323695372220054	-0.00168732259462898	-0.0162165685594136	0.00768646686457103	0.00567387661419317
0.0135412116048231	0.000372974335946406	-0.00982434937221203	-0.0104472055685847	0.0192174388561269	0.0128502464650447
0.0119449412347787	-0.00587683275774844	0.00388102244315367	0.000916372871236354	0.0176480756778583	-0.00112850914575258
0.0118981546922801	-0.00156983291230307	-0.0114523657657529	0.0160436912896325	0.0060531500739711	-0.00978351605628008
0.0132095889384943	0.01760356050364	-0.00799736287893499	-0.00767933885010234	0.00796724140131644	8.38106044319313e-05
0.0127096691095342	0.00788146054143013	-0.00779563401759622	0.000182575974783812	0.0152225786924586	0.00568206306747336
0.0111403850584681	-0.00595713795495204	-0.0111467496965082	0.00192239729186878	0.00557332862277721	0.0242535069214456
0.0113797800640059	-0.0198143093619419	0.00777201649088494	-0.0172584913974017	-0.0163755663949183	-0.00544392507615357
0.0130173519618527	0.00103659410139121	0.00920868194534288	-0.0206379552876943	0.00434464706369922	-0.00241448218016069
0.0137729733245345	0.00225941895160805	0.0108523887413767	-0.0272190721818417	0.00493017944785499	-0.00410269303415284
0.0121901292295488	-0.00108369274244173	-0.00768762043240306	-0.0098053974879249	0.00911087725702252	0.0092888266176252
0.0131898070217613	-0.0195777768237907	0.0213363580631705	-0.0126144598323778	-0.00420493989561562	0.00742517508448994
0.0122716458752737	-0.00704573857276633	-0.00796756837169813	-0.0087334472463359	-0.00928737835001262	0.0139341103005458
0.0118878138899436	0.0119048143462067	-0.000351899993646534	0.00919012889472705	-0.0225409827260084	-0.000366596546198887
0.0136939517553894	0.0443350619511032	-0.0064567627267013	-0.0118409005551869	0.00287705591599717	0.00998861317543445
0.0136977159242563	0.0449916483917732	-0.00733932103522284	-0.0127322001057963	0.00147893191704641	0.0120083787653949
0.012050490563772	0.0100443560412335	-0.0133939098945348	-0.00729399352324174	0.00272636746979201	0.00979975954046168
0.0129250482766029	0.00526412521253052	-0.0159654366855228	-0.00983414775675358	0.0032745274773407	-0.0138519180002968
0.0125005346733495	0.00310730275761373	0.00518434919419022	-0.00607416835085879	0.00207566143594096	0.0156213271175489
0.011212903703542	0.000877850773725899	-0.0138523082816733	0.00854100873959799	-0.0159408835394951	0.0170102388309316
0.0130918581485349	0.0128774103732313	-0.0131851440992726	-0.00764220232350223	0.00500579166246993	-0.00345273706387867
0.0118810550691509	-0.00944699000101238	-0.00293242211564167	0.00240399400714339	0.0208724848498802	0.0155004791356769
0.0117146025148577	0.0190949701789614	0.0141933632180577	0.0139834099155511	0.00411076582989503	0.0167977472281193
0.0109655699988784	0.00539193882524618	-0.00447973475150599	0.00168657451175452	-0.0132897825240154	0.0283117811316757
0.0144356776955577	0.00536352323581048	0.00823970967828555	-0.0176343370320478	-0.00771717945907426	-0.0113711199425514
0.0135587579539801	-0.00640767464805371	0.0153019048666803	-0.0220618188690057	-0.013109915961383	-0.0188017418479144
0.0137971709174775	-0.014002974284525	0.0205762611080343	-0.0178033861140949	-0.0182682559414914	-0.0287832698838283
0.0125964246680887	0.00694433253238929	-0.000672360718017557	-0.00695334141977356	-0.00166554107325355	3.22003594884022e-05
0.0117985933441478	0.0179343236138216	0.0190092594664743	0.0142087105135297	0.00233547690488234	0.00834891377700835
0.0135520071728582	-0.0232657252383202	0.0167566654708574	-0.0162669593747179	0.0141851915270617	0.0230164371559874
0.0122182297261167	-0.00222559506942273	0.0040050802670252	0.00250049259981148	-0.0109929833738071	-0.00202879634906426
0.0108712874741917	-0.01358161323878	0.00632154419968254	0.00441967620969377	-0.0148812056526124	0.00492977378033594
0.011588093739163	0.00499192418785584	0.0165276428276146	0.00130869166093342	0.0383335383278112	0.0278199395228812
0.0127982806221422	0.0202398664341491	0.00388667658333848	-0.00665973772741693	0.00047438206257967	0.00469672019529057
0.0144897800369404	0.000958403460840319	0.00724320354372154	-0.013053560663222	-0.0166513166083465	-0.0172653653752376
0.0120312006837873	-0.0090523977837658	0.0195066205693012	-0.0179917861599305	-0.0200838914628502	-0.00683244021274317
0.0135971730613912	-0.000552082952843523	0.0119601413877667	-0.0131260649435635	0.0122942535761643	0.00244527575809877
0.0118735306580146	-0.0075790110223479	0.0289474015322582	-0.0174019606921144	-0.0260868665899027	-0.0101897658776904
0.0127674298305311	-0.00247198593489612	0.0168609939230632	-0.00933687221598159	-0.00222110458606482	-0.00440519612213593
0.0127881093312491	0.0232501076643681	-0.00449149857770689	-0.00466394409490988	0.00762604260403021	-0.0152177512989294
0.0128194027863069	0.0234141549694634	-0.00446222881001741	-0.00521535142721962	0.00613494520294727	-0.0163164402230672
0.0123167337699681	0.00967173100043957	-0.023694873937999	-0.00217474467688119	0.00285635913622421	0.00352781845797483
0.0121067049549527	-0.000538738664788354	-0.0224675435662951	-0.0040250486730527	0.0307489304574973	0.0177422165578072
0.0123810860796198	-0.00614574642801734	-0.00976018741820621	-0.01574206786579	0.0140333025718218	0.0280732729726395
0.0128387402632649	0.0134645032933907	-0.0154069502580555	0.000521603699937589	-0.00459271522180167	0.00565612679865273
0.0120440662417769	-0.00427276756236638	-0.0155734174592936	0.01241645549824	-0.0101342374076798	0.00907101481632931
0.0126527145102116	0.0189369167640453	0.00689391395435529	-0.00399993576367742	0.0151452609590189	0.0298872248140977
0.0125331744326886	0.0227662320377627	0.0129270694543289	0.00956532436665018	0.0137009883645798	0.0222369648605944
0.012313106458118	-0.00372863415628671	-0.0113139260325099	-0.00610157480390898	0.00112429824566575	0.0139275880803406
0.0131284357998245	-0.00460217282500656	-0.0167383317280159	-0.0160292445533235	-0.024703262888107	-0.0182472172928388
0.0130059304175214	0.00901183842646841	-0.0094619551682804	-0.00397733446310193	-0.00345447611415645	0.0096089131537803
0.0112700439504658	-0.00293425998678241	-0.0111283553069291	0.00681008288526331	-0.0187209301791403	-0.00820849904281429
0.0124855004039107	0.00923448931801195	-0.0103979992640128	0.00355873182603151	0.00779855311010551	0.00654921922186334
0.0149605663551868	0.0118685123582556	3.47496197706946e-05	-0.0154837236156502	0.0168248286058937	0.0154714640231832
0.0118730861959275	0.00228402853541888	-0.0182244735580387	0.0149675594946701	0.00531283677314699	0.0130624437004785
0.0113249252476709	-0.00913098683900206	0.00124674166123584	-0.00769773644766987	-0.020105307711383	0.00340491860766115
0.0117815098005912	0.0082564720554704	-0.00686379638592258	0.0130701005709794	-0.0160192664959367	-0.00423558291392128
0.0121228448705596	0.0058228967557965	-0.0116163417561996	0.0145143233848774	-0.0137946460526299	-0.0105394896205845
0.0124438911878741	0.00613025118825008	-0.00539272507241486	0.00655780528519969	-0.00713917315056911	-0.00549178664542401
0.0136233510483434	0.012879386479869	0.00732987564795983	-0.0102682025722363	-0.0096232451876081	-0.00786550520538056
0.0112515492290602	-0.0191976674225529	0.0140761966183231	0.00239057796810711	-0.0271153950401193	0.000511182639720087
0.011651806568125	0.00402723500013544	-0.00456576594206993	0.00760121682104121	-0.00320847951029373	0.00780108228433853
0.0117220854876784	0.00578638130116524	-0.00652585400144369	0.0181793532895616	-0.0132894351455033	0.00354018901560064
0.0118197567003633	-0.00787573069736933	0.00534481409286925	0.00727100647798947	-0.00138276824882864	0.0134619098550859
0.0117790932357302	-0.00666521154631115	-0.00151897663893394	0.000275352903991981	0.000457939824593466	0.0202751528344041
0.0125971660156693	-0.0174806000241704	-0.0109204683074831	-0.0296828197314139	0.0016172580770902	0.0199552719553662
0.0134010963289588	-0.0305701586407529	-0.0056582733090059	-0.0223989102484823	-0.0175682837517665	-0.0115778498727991
0.0121495006141228	0.00504730364720744	-0.00489258479018512	0.0121185695792886	-0.0129473766631692	-0.00653538740607698
0.01196518368991	0.00170920071532077	-0.00108892812830964	0.00905777652846077	-0.0142883795382313	0.00617012087334728
0.0122345685086771	0.00948595337391048	0.0137280263890765	-0.0228152620080141	-0.040399712586395	-0.00490371888168456
0.0130723185962868	0.00168372049580206	0.0110272395648064	-0.0159449739601258	-0.018810850006653	-0.0103066568624102
0.0141061741590101	-0.00136119949605424	0.0098928641622958	-0.0158783834177221	-0.00102710750195655	-0.010138470120962
0.0126969079283207	0.0107946730123312	-0.0181437268154175	-0.0116601476248301	-0.0139284661233312	0.00168861982296275
0.0129310367529888	0.0141059961286104	-0.0207881728327606	-0.00467979252991994	0.00469530683649683	0.000321749056034299
0.012639836740212	-0.00735820445366874	-0.0188462007848904	-0.0139597656810579	-0.00781353203281322	0.0174072912908975
0.0123805301752399	-0.00245486914279249	-0.0135898400520575	-0.00789939260399266	-0.00524858561637785	0.0238135131014951
0.012256624110283	0.00880569188541212	-0.00840145280046873	-0.000890833531371963	0.00573020398884985	0.0151829367491753
0.011306390495345	-0.00596634117650221	-0.0162140130004205	-0.000348082434063295	-0.0110437241866811	0.023774395568244
0.0120790571278368	0.0048992032885675	-0.024489432338249	-0.00547969804595788	-0.0196261729523043	0.00690633787060015
0.0143757015823702	0.0050182501333486	-0.00790813801590482	-0.0121906063078809	0.00716569130645837	-0.00299111865562492
0.0127910991002232	0.00815938870388047	0.00429419768640343	-0.00746314559074559	-0.0113309761621152	0.00338204507104624
0.0117810720578013	-0.00279115074408153	-0.0247861031220491	-0.00360720009324459	-0.00352450461311563	0.00859298435720103
0.0132897716025303	-0.00201479890456825	-0.0148765472433783	-0.0161564535703415	0.0175221526575287	0.00700745722441636
0.0124223345462013	0.00973511960135935	-0.00860287472337567	0.00437858849419311	0.0142957366001373	-0.00346711719925111
0.0117348442376716	0.0251276018038326	0.0195997274349831	0.0239374803446729	0.003388283778915	0.0095385225521956
0.0131869062087345	-0.000205814469871792	-0.0143323798402479	-0.000182532113406141	-0.0110298037272945	0.0114468660416405
0.0132004595431428	0.0028529942531594	-0.0183227712229665	0.00261688411836414	-0.00237550413161231	0.0156417772545431
0.0125205099679298	0.00924012925022894	0.000578920226566808	-0.00224198897130729	0.0045096357250564	0.0161311363352444
0.0122815338103397	0.0062343101340426	-0.00759162378399238	-0.00432837038365499	-0.00249411809025206	0.0054075832258848
0.012443707833348	0.00908844439881845	-0.0101269951171614	-0.00532881941718143	-0.00774754956912475	-0.00110187434707689
0.0126486461715741	0.00530745021502729	-0.0188392624752863	-0.000560398774075105	0.00359721388196002	0.000150053755593535
0.0111037611061689	-0.0106494892773791	-0.0151483794449054	0.00713969778808864	-0.0162516142275894	0.0141933958973024
0.013564785376198	0.00344051261191933	-0.00875927327058866	-0.0217981352575708	-0.00543299022026199	0.021073362302848
0.0116494525598753	0.00596351006294989	-0.00765368413832008	-0.00173436593385974	-0.00717360670558625	0.00129913523364446
0.0113290195212415	-0.00809586771155751	0.00124124315214594	-0.00727575783375382	0.00673192187330025	0.0313158031268599
0.0124250779652558	-0.0293012473880285	0.0280941657852701	-0.00889821167003706	0.00514560326158153	0.00688933116090405
0.0124752322223453	-0.0293001134594651	0.0290261690050311	-0.00779729766172002	0.00750993769989429	0.0157522902811035
0.0117469467933589	0.000922282562774071	-0.0136608047011189	0.00549306347359273	-0.00310332676644222	0.00567913085259329
0.0113756329882217	0.00212175423020527	-0.00857901743567195	0.00447663435910411	-0.00331474524576489	0.0188587187205785
0.013141346916433	-0.000963929286779639	-0.00662222374095169	-0.0113304222633798	0.0165809645340193	-0.00436179676920798
0.0127885823168597	0.00115046863368464	-0.0143022185588761	-0.00726346346459067	0.0137906021365111	0.00697768833775258
0.0144256019949242	0.0152013076470611	-0.00521005681414771	-0.0201476590008594	0.00178278697170896	-0.00570311367057083
0.0135849589767209	-0.00376988717479178	-0.00793369212679055	-0.0132976419949486	0.00669728417838331	-0.00999575398005508
0.0135547010758771	0.00128411485668411	-0.00359206777123976	-0.0286220374350474	-0.00461055404869026	0.00482144187992403
0.0116664882009148	-0.00630450637461721	-0.00676959483362846	0.00788405581770005	0.00337562344894673	0.0041694628113017
0.0120997446849072	-0.00045566533338064	-0.0149837402684312	0.00387220564124252	0.0134471453132655	0.0153421076228461
0.0121162487738436	-0.0117385015186917	-0.00961159536355995	0.00675509912986846	0.0235125931996044	0.0153030849814885
0.012005912212764	-0.0074961464093073	0.00542373308628131	-0.0076176631036373	-0.0105503748198119	0.0152337970345277
0.012385595394196	0.0228706244653554	-0.00669647608588548	0.0105484358589702	0.00311666629719377	-0.0136549360073157
0.0116982473057112	-0.00271637690125949	-0.00353755203340601	0.00687549013577592	-0.0160450189354207	0.00380073411755812
0.0119609387206913	-0.00769849381565747	-0.00861223004426835	-0.00745144249532597	0.00816929867602598	0.00508466315210963
0.0114668023120346	-0.00311484956627114	0.0322575215413201	0.0072627238268531	-0.000744235766047445	0.000825193945714731
0.0136536478028099	-0.0104693283179818	0.0197451122530421	-0.0156244008285585	0.000412975683874372	0.00234463562862389
0.0136880686247189	-0.0146232807264332	0.0211496089073142	-0.0208944986056091	0.00763460691828243	0.00630748197378995
0.0117937909229281	0.00218029138305525	-0.0117875211919066	-0.000189409359027321	0.0179621361963639	0.00189787537770725
0.0113123544581615	0.00141544027084703	-0.00108930643863892	-0.00202033030503678	0.0129260177619538	0.0267974490767858
0.0117955433377758	-0.00452530017984601	0.011051600813457	0.00153560998998944	-0.00880212218473301	-0.009928652783752
0.0131423140493372	0.00454445412836536	0.0233924079101352	-0.00672943642523205	0.0327222947765821	-0.00144074314561088
0.0122237740580758	-0.00884188772140272	0.0224917338672768	-0.01345309294849	0.00508421503347558	0.010016645707921
0.0136276353254579	0.0227394455200365	0.0248352317325327	-0.00975102645420307	0.00684824062905014	-0.00683654773783167
0.0116326552053608	-0.00597671718200177	0.0234164906431404	-0.00601779105915591	0.0215949565844643	0.0354006908371434
0.0124677895007176	0.00723040684517107	0.000369614495624558	0.0109619128350547	0.0105222883628419	-0.00093050656390771
0.0123308488873977	0.00632164359302837	0.00593142534587064	0.00206224552686884	0.00172594289314993	-0.00900250752515873
0.0115617984235937	-0.0109631742445515	0.00110157795886964	0.00342084047583397	0.00881608445378972	0.00295373524344238
0.011602905972198	-0.0101190534317485	0.00252542068995862	0.00305154572580841	0.00513105978610073	0.00288393490871831
0.0116349918117304	0.00304812990321611	-0.00174154555883301	-0.00256967577161359	-0.0162817809943536	-0.00409059197920759
0.0125582751594458	0.00321179327880441	-0.00478744792627882	0.0101265037153842	0.0257458553404909	-0.0114236280127507
0.0120012545007851	-0.00629255851615843	0.0152732182885928	0.0066895082619357	0.00884683082421129	0.00271636027687201
0.0134399294999765	0.0214366315820354	-0.00325487117067852	0.0026606468637356	-0.00429322520694093	-0.00471473035955315
0.0134744775464943	-0.00973440750247524	0.0220463651317803	-0.0126643039337486	-0.0132211538095113	-0.0163259159650204
0.011035860754436	-0.00374802736807262	0.00437689625043569	0.0165390968897703	-0.0155702553628277	-0.0120356475087431
0.012286675868229	0.0114103177143137	0.0227181653780224	0.00785475059499244	0.00236008122372629	-0.0174091555782175
0.0139417871010931	-0.00672873926782624	0.00178078270502426	-0.00767373831562203	0.00848380258911273	-0.00898172347648317
0.0112250388739274	-0.0100229284226566	-0.0112964248705023	0.0287123386073008	-0.0159400461976045	-0.00546508449809976
0.0115286387373238	-0.00597900942879579	0.0079933470751419	0.0168029446473688	-0.0042302101321159	-0.00637664296712723
0.0127864109134022	-0.00869612083555425	0.00526127662629651	-0.000194921348849481	0.00639597774618411	-0.00858435965836384
0.0128267885111714	-0.00899219396271339	0.0116214416909397	-0.00533753512126053	-0.00166392531254879	0.00125141043559416
0.0119016986076819	0.00887195678567225	0.00982333007620505	0.0210554644918025	0.0107285319303919	0.00454670427908812
0.0122480101413098	-0.00082982551720816	-0.00291244002415481	0.00296991313501061	-0.000814865547011868	-0.00601297223324261
0.0120986236193701	-0.00219679961305791	0.00499979348339732	0.00873579924214618	-0.00155385268973347	0.00535403622217979
0.0126483177470192	0.019790858721812	-0.00529721376577668	-0.0119919974895316	-0.0141987465418678	0.00925259209494511
0.0136633408010897	-0.00951459586643255	0.00131507464506064	-0.0156541241115622	-0.00229691345675825	-0.00252432392904258
0.0129552320274407	-0.00661509787388626	0.016306980147195	-0.0125007291326366	-0.0233739094235318	-0.0137294393140439
0.013628790671626	-0.0312404924250081	0.0209953667093228	-0.0311791330360453	-0.0117751829599791	0.00417745238254059
0.0139749594483442	0.0132679451444619	0.00737929600766818	-0.019146241279954	-0.0080159588318888	-0.00128958375039429
0.0143356232001807	0.0145956100643805	-0.00155831912405378	-0.0133737126286945	-0.0057949622668431	-0.00684369050337045
0.0126968217509171	0.0327050481040169	-0.0111261060106825	-0.00105449454356958	0.0200339274030949	0.00446644504710271
0.0131247925260047	0.00111228388000518	0.00198976611822646	-0.0104256308976679	0.0201267704033054	0.00734375831870962
0.0132773141952293	-0.0027892153739118	-0.0105366255649556	-0.0146060557280619	0.0224826817577205	0.0212757994232691
0.0118687665185564	-0.00738661483284769	-0.00418786276797696	-0.00087536986358927	0.0179731198600088	0.0157668836444505
0.0123037764532646	0.000612470125711934	-0.00303230307538159	0.00908268121187699	-0.00418331713288869	0.00322739996235416
0.011421190592549	-0.0137909718403212	-0.0119009765598138	0.0192493898745413	-0.0100255615678921	0.00454141865117424
0.0129424430258624	0.0122989594737771	-2.94938597111046e-06	-0.00576015422016649	0.0098040554617116	-0.00104453755235916
0.0110901327727539	-0.00456852496803514	0.00713322226217782	-0.00288805392469902	0.00278961430871445	0.0339306671935804
0.012594703128275	-0.00137350013122527	-0.0082299689460769	-0.0196088332269027	0.00664146582342347	0.00831900013876472
0.0132852918195572	0.0121873315380255	0.00167169846601118	-0.0101525284056701	-0.0106251675562694	0.0126105051772154
0.0142895937642861	0.000178691454079166	-0.00423638153262888	-0.0185963314197686	-0.00083086973492075	-0.00697453465549929
0.0126881288778476	-0.00555598765973868	-0.0086327793847891	-0.013175497667229	0.0120200015444889	-0.00166298844380828
0.0125631347766343	-0.0178403426321706	-0.0316566295944395	-0.00978089512466628	0.00271525250646122	-0.0258171470752435
0.0126257911363889	-0.0202141915208935	-0.0305853085912362	-0.00983302551248556	-0.00226693233607991	-0.0283375509442598
0.0120179031074549	-0.00464654781557393	-0.0184644546943948	-0.00253321448432271	-0.0067858675828747	-0.00754608171471218
0.011992012649104	0.0104249689216484	-0.00868318505590103	0.00280643665447981	-0.00742396671505571	0.0120749819565896
0.0126166345736979	0.00892671563746655	-0.0214520601888562	-0.000987582887652783	-0.0117059617804971	-0.00497629386101086
0.0126202838996075	0.00883285167562121	-0.016260115552771	-0.00140401288196422	-0.015790363621499	-0.00647887410089731
0.0115750111812594	-7.31748799968094e-05	-0.0340106326450799	0.00109322337495358	-0.0315913106572092	-0.0140617290146297
0.0140053065671265	0.0152033847681817	-0.0124124583185703	-0.00479801909007057	0.0154072091950266	-0.0028184264848692
0.0136411844029438	0.0156913002026185	-0.0033394937029272	-0.00490193626814909	0.00982940003622843	-0.0149831607488313
0.0131918492017641	-0.00243768850846923	0.0216734751675901	-0.00839652616061767	-0.0103069423794855	-0.0155513046467346
0.0137652707217001	0.0442129827098984	-0.0085115631567839	-0.0179571580405749	-0.00697764500689825	0.0114724125351382
0.0127467285619377	0.00855662149859674	-0.00911433865277086	0.00347224834545611	-0.00100169748172092	-0.000507796633603376
0.0134889028160192	0.0170489201463328	-0.00105105332026212	-0.00649359326722734	0.021919019619127	-0.00989834302252098
0.0127913984167999	-0.00599259360472235	0.0137385857143452	-0.00734827546129394	0.00300096937646432	-0.00183576149337431
0.0127698411587277	-0.00112386701809629	0.00610032069035763	-0.000416586230819616	0.0133990467224446	-0.00287334104858904
0.0124714827044149	0.00617207673268275	-0.000898850909602878	0.0143391007249033	0.00402433741019579	0.00846567296798607
0.0137777435098041	-0.00390328138033065	0.00200801277862219	-0.0133454238498797	0.00778786629559534	-0.00370930103113139
0.012433469380039	0.00403638978597429	-0.0115431752970712	0.0182218700337315	0.0130242878675458	0.00300552904538633
0.0131752496494353	-0.00181602343789436	-0.0117062336316936	-0.0108847465041153	0.0177838442179521	0.00867522382133703
0.0127405829825905	-0.00807892701262418	-0.00320849608772059	-0.0094809809045928	0.00116657764688791	-0.00240740549416326
0.0127591359304625	-0.00839705842755332	-0.00398624098583202	-0.0113319371218733	-0.000107357497871728	-0.00456107062253
0.0133822516213071	0.00747563402457786	0.00871847343678675	-0.00368805670542633	0.00145510815509856	-0.0108316327014682
0.0114853157367821	0.0117962609364855	0.0265228365464245	0.011021454606103	-0.00274807755741862	0.00167010354604319
0.0116539864674319	0.000248572130477954	0.000261545559465256	0.00489589060141351	0.00994375578877213	0.00203688358825184
0.0126590229227251	-0.00538459045390975	0.0146525135420217	-0.00914006516335406	0.0222711190099418	0.000928053529215106
0.0108604041551229	-0.00365928413676607	0.0238469648098309	-0.00212940941353532	-0.0111473294920094	0.0320411627500046
0.0102222214877825	-0.00217167410373144	0.0264412828449533	0.00602816506444494	-0.031647910649333	0.0311892099276946
0.0117354555763827	0.0191385518025463	0.0306612057718278	0.00959486059479474	0.00774356608642011	0.035421647143635
0.0121160791873859	-0.00744093951768298	-0.000514529372596904	0.00848164463799748	-0.00497472307675757	0.00110662208098702
0.0121986629987454	-0.0166870307791069	-0.00324699354379957	0.0139914676972105	0.00145832434517402	0.00291363401745062
0.0116788277072845	-0.00187892046587339	-0.0168532330025453	0.0138383001406392	-0.0149708375289998	0.00177965142936721
0.0142748180626719	0.00144491999208748	0.00884008804757786	-0.0132942889321254	-0.00852628363922226	-0.00648298749616993
0.0121852906978092	0.00913339391004708	-0.0139723983575449	0.00843612685705072	0.0122647397650499	0.0102816441314746
0.013707087147174	-0.00159088314960387	0.00686303541175036	-0.00889629723092526	-0.0148307272326929	-0.00546959084845102
0.0124772951663162	0.0123689280595965	-0.000108978576763755	-0.0141842905334493	0.00629324209527915	0.0255325562878495
0.0119019892713252	0.010436320240489	0.0048756952039681	0.00108853000746538	-0.00600879101666929	0.0336517358677276
0.0116615522341275	0.0034595754436825	0.000716753830734971	0.00166574488978362	-0.0099653770626275	0.0291009389813601
0.013224343062026	0.00629330713601961	0.00752178725276895	-0.0188139550039559	-0.0107509700398946	0.0169900203457435
0.0125426171011626	0.00140517481718089	0.0195982229823921	-0.0151696975123156	-0.00602529058318388	0.0217193242750923
0.0138130652508197	0.0232979093314721	-0.0101243320686987	-0.0175905804906923	0.00449840602390781	0.0156264110983703
0.0119886525198881	0.00258498731788061	-0.00484308515286152	0.0131103792308486	0.00374041475679283	-0.00276716482914714
0.013723418334907	0.00627328221075394	-0.00451523244650138	-0.010892238214093	0.00831147802940952	-0.00803285635949337
0.0137288426896465	0.00346603867564477	-0.0117797148833702	-0.0206963188484741	0.0262071677156252	0.0208206499258222
0.0123626152329494	-0.00522164098688013	-0.00875190942371995	-0.0271722075769626	0.00209357014118219	0.00636141631892974
0.0103937894791145	-0.0110417683809949	0.00104333769986924	-0.0175020266018691	-0.0189213223282529	0.027435038004766
0.0127015741784743	-0.00171756767600729	-0.0123826712762953	-0.0127609599855204	-0.0163298151437214	0.00899566343885047
0.0122577533286049	0.0028653825647697	-0.0163503231833203	-0.00967183445999568	-0.0207642174460258	0.00780528313939738
0.0121771435304876	0.00737944323919499	0.00591227620128809	0.00108908966719489	-0.00351000926708142	-0.00148664801933501
0.0138639741866898	-0.00359395317704391	0.0137999151304383	-0.0239231492952089	-0.00095248701692998	-0.00637702252850258
0.012148878930859	0.00296620816014056	-0.00611183638580895	-0.00149348962870256	-0.000534723557820885	0.0106610817244748
0.0129766308322265	0.0454025740372684	-0.00387417019760187	-0.018684618855842	-0.00835365831999216	0.0195999262907235
0.0138666886040813	-0.00347355800862621	0.0064866595168612	-0.0226818124848402	-0.00320009982728334	-0.00187760644822965
0.0117153126977947	-0.00817730456363087	0.00103387960877803	-0.00995476372940509	0.00791800592322912	0.0204692917613663
0.0110905384669039	-0.00329199510667071	-0.00425516680309045	0.00967756356376907	0.00171064725162408	-0.00335191557786602
0.0109460158652158	-0.00910827458035557	0.00475506201917243	0.0160503073876368	-0.0182310076935526	0.00923730763019383
0.0114460195068057	-0.00715059363003962	-0.0103994503141852	0.00586816133500302	-0.0143449886089677	0.00880133237570423
0.0115408457666478	-0.00728391285042472	-0.012234634315691	0.0050570325613735	-0.0105386499578029	0.00695356757291242
0.0112320555033307	0.0154122926945269	0.0125908167375732	0.0203677508639061	-0.00732436979306552	-0.0104916576299664
0.0116514993069271	-0.0104744281737391	-0.00700035774701486	0.0017792263527718	-0.0139217422165377	-0.0031113266105657
0.0110814030227267	-0.00193705306592197	-0.00119832308590367	0.00852930376902474	-0.017921863309839	0.0147806734028599
0.012318114095319	0.00845784487017095	-0.0107580791014195	0.00358051599409594	0.00547365886483079	-0.0133114984948335
0.0114096596339747	0.00896036810169109	0.00533348004223932	0.00745314565350725	-0.0154638704480226	0.00412948911950088
0.0119019495325009	0.00199894369365885	-0.0206824810603765	0.0179821532263924	0.0230918711631315	-0.000532035831795136
0.0120670284781882	0.00748270811554942	-0.0093814716669977	0.00123678596547207	-0.0149460498708839	0.0138838811632858
0.0120144344243032	0.00511671698914284	-0.0159169498377038	0.0135569816103088	0.010224109194447	-0.000729752868916867
0.0117634146960406	-0.000292844294129674	-0.0103247534163529	-0.000899712526996677	-0.0122350671126115	0.00370365339836854
0.0129642122979302	-0.00364706704086392	-0.0202746677377652	-0.0176707024988561	0.0284395442719692	-0.00201536009065651
0.0130340018877398	0.00784341810701135	-0.00804271475083721	-0.0206705244712267	0.0163287147248012	0.00886367872927369
0.0129970291660355	0.0066579220099784	-0.00341104189893579	-0.0164523726699923	0.0114954984634017	0.0107578664455998
0.0148121672018816	-0.021119277842902	0.01000926519637	-0.0163201171541853	0.00993829517464273	-0.0146788978188022
0.0116669891479167	0.00916682506093744	-0.00438128253997266	-0.0101042571042644	-0.00529804599909254	0.0223349710200186
0.0113179500360807	-0.00180678645703513	-0.00565592803893983	0.0116090555879225	-0.00164929955229105	0.0170161095366639
0.0111686719931035	-0.000931207493528437	-0.0064276891984172	0.00520800020092483	-0.0229852260791685	0.0275204772508576
0.0119218759538635	-0.00756075308615162	0.00287787144256474	-0.00891135969547366	-0.0226265189827464	0.026049625297811
0.011298251903762	0.0269803413017361	0.0204219346921575	0.0178519670186778	0.0159895083177731	0.0263389351315083
0.0113030539307229	0.0182935188155289	0.0251751021103122	0.0294147573667133	-0.00822745358232114	-0.00457189321633823
0.012950879603591	0.00207671646509998	0.00636773078783913	-0.00205784446156251	0.00490991882421843	0.0144574849605802
0.0107784999806302	-0.0130723008234197	-0.00657902246224495	0.0195269919704821	-0.0128008672836594	0.0086679985671003
0.012857424003114	0.00266310919134381	-0.0122036620639813	-0.00659727945930955	-0.0160757003851828	-0.00331725719165004
0.0126279167127387	0.040841960945365	0.00344605685254778	-0.000762584989540779	0.0035776920571851	-0.00160056110752945
0.0118521741517636	0.00250047860620633	-0.00678457885615648	0.00993663199507959	0.0131495638799727	-0.0111899382700538
0.0135554964104902	0.00526073620163789	-0.00946241300976389	-0.0173229716038545	0.0037440097476229	-0.000105817270695599
0.0113703951017937	-0.0115438868157809	-0.0182890661808826	0.0135311067434087	-0.00500186966167891	0.00987647002497758
0.0125214238878787	0.00665951874651171	-0.0258079880256148	-0.00240092173686497	0.0181392127580936	0.00673445588929766
0.0132353167300107	-9.7655619266908e-05	-0.000564571387888926	-0.000503645600312489	0.011187158846426	-0.00117810430852327
0.0137287200598825	-0.0116297827160763	0.00148529647078238	-0.0191685241928173	0.00846904550032546	0.00278421664272601
0.0123905392815604	0.015086390296639	-0.00278167362432187	0.0106259073654235	-0.0034905277740719	-0.00848565709043531
0.012527738532977	0.0152089485311795	-0.00423831224142322	0.0107155507163031	-0.00495485926786314	-0.0085240547537342
0.0120533406104009	-0.00101738350456496	-0.00442451986152856	0.0021980076771199	-0.00887218137207667	-0.00281695626249081
0.0126870989920078	-0.00248432515987326	0.00972252824967471	-0.00484797074957395	-0.00265620073536225	0.0129921466993393
0.0123654022675397	0.00311672812493036	0.00286391319911583	0.00250488143209229	-0.0112022117663033	0.0039115346724312
0.0119565505291867	-0.00455944844561603	0.00743785080157757	-0.00994402480120848	-0.0166699248003848	0.00613074629546289
0.012777574099144	-0.0098747933425475	-0.00440776091712601	-0.0103703443193511	0.0125449681521181	0.0045692575900644
0.012369657228238	-0.00594007020249415	-0.00811175996477215	-0.00991508635360201	0.0149921268868168	0.0112134149503554
0.0137861319999136	-0.0069170310211297	0.0219701810977606	-0.0129162592807307	0.0101649441135102	-0.00516128465541698
0.014286758962199	0.00251734402750267	0.0135768731345643	-0.00351383363290222	0.00598380365559117	-0.0205520143102607
0.0140610602086469	-0.0029265349736277	0.00341730465896618	-0.0114668517161397	-0.007821959182811	-0.020846415788643
0.0139846625146168	-0.00421234705201147	0.018633132161184	-0.0178379220396048	-0.015232827225365	-0.0200632156226346
0.0117699233077645	0.0016221692809271	-0.000120967088532916	0.0196993282811622	0.0239691646222379	0.00207877436173942
0.0117448395652404	0.000427663398698977	-0.00386811422562965	0.0180881803690432	0.00869792468473039	-0.0222967427068445
0.011923856255684	0.00553490796415539	-0.00116044046370144	0.0138405752754221	0.000986128038676811	-0.0209860841548105
0.0105753118008408	-0.0147152208621596	-0.00886218740468325	0.0239645528662347	-0.0245492306316754	0.00194897875327181
0.0123767613450402	0.00250482943823819	0.00704551225420664	4.03159899628478e-05	0.00770565079464142	0.0010758104344924
0.0140410780619031	-0.00782800212573125	0.0143184832038213	-0.0136966795242442	0.00552321601462589	-0.00915175386607602
0.012032506975947	0.00671991482661259	0.0137306003141641	0.00861573943066225	0.00682330872790554	-0.00313255660655129
0.012020477184257	-0.00250441475834365	0.0180726127634194	-0.0164702058367401	0.00989082270917862	-0.00376915851256879
0.011610440873525	-0.0129353018911404	-0.00404455310497517	0.0187724859880832	0.0089952169178993	-0.0146781347147721
0.0122245792840369	-0.00351280679592901	0.0104862559502945	-0.00972154946905564	-3.47781559898587e-05	-0.00515607037795844
0.0121335302247376	-0.00158244994547364	0.0162783511151895	-0.0165097499437466	0.0118716297927694	-0.00668627223347408
0.0124830967577424	0.011721045984743	-0.0205383682829548	0.00378731984832938	0.00453148456217843	-0.0131975619671528
0.0125554008921341	0.0263196019200197	-0.00137179825249365	-0.00354841443443536	-0.00780253580550683	0.00498719742567816
0.0123370366635527	0.0111800437905284	-0.00978858302490656	0.00838486579643741	-0.00047141494486375	0.00161706766773799
0.0140241118543594	0.0199364483560629	-0.00702083493155103	-0.0054124256768829	0.0220886686540956	-0.0115776482279248
0.0136832462393095	0.00103305081191515	0.0116468771852683	-0.0258196102292131	-0.022496088942327	-0.0190323093156749
0.0130637051697915	-0.00517206342650854	0.0144147103066334	-0.0305125092022751	-0.0227251809649819	-0.00696643913690226
0.0118079172912189	0.00345924171094435	-0.00362313359219686	0.00290500321197612	-0.0104921108393606	0.00817553809974954
0.0121662396208408	-0.00242250382875614	-0.00118759242766558	-0.00319477622519742	-0.00913251234048982	0.00744479954524284
0.0127095841747142	0.00965819438617115	-0.017236861981414	0.000308874261727586	0.00496477347814756	-0.00832229948410143
0.0115409773138377	0.00205974325984089	-0.0111323679600815	0.0118294556928893	0.000521623280465274	0.00207569266340178
0.0126669440845791	0.0183205930554408	0.0202871601662502	-0.01109936343949	-0.00327879914568721	0.0102279530743095
0.0112824185844755	-0.0088720167836834	-0.0108941165005203	-0.00653188466692861	-0.011945504908556	0.0147566922846566
0.0110794678304961	-0.00848338094262767	-0.00841777570439018	-0.00477376507302919	-0.0160258295495065	0.0178383592671919
0.0126011601671361	0.00290695133962457	0.00605069145824961	-0.0193972733118018	-0.0173069066079661	0.0065633800512289
0.0119147598118674	0.00568704189391357	-0.010369267128965	0.0143373699368292	-0.00160769044848719	-0.00933549747148059
0.011590487750954	0.013120586654341	0.0429461390321455	-0.00690679300895713	0.0161828175851351	0.0346350593567608
0.0124957831286645	-0.00197996583542268	-0.0133895060437532	0.00643089363923153	0.00522871259639108	-0.000541698032373524
0.0119124354602441	0.0107347938578069	0.00110822597667304	0.00761575400709333	-0.0202035047667559	0.00188940662550923
0.0115341496257867	-0.00620067578736455	0.00288668655467168	0.0165023650420499	-0.0195304425709495	-0.000461784051860699
0.0119082875078281	-0.00191193137481185	0.00152183608098934	0.0050463814070214	0.00422932273876897	-0.00729738374514535
0.0118121245444194	-0.00220254876878028	0.00119313141763181	0.00814464720461146	-0.00124168830699651	-0.0119498186079346
0.0126926801522211	0.00809038891126558	-0.00981637186566033	-0.00654910212408429	0.00152295528034939	-0.00824380781428095
0.0113246355125085	-0.00157331377010467	0.00590803306903398	0.0212056681505544	0.0300558255972792	0.0219777200373455
0.0123585688362631	-0.00372257925777592	-0.0178022289667603	0.00771406540291746	-0.0100107453630907	-0.00521835984779275
0.0115490027249512	-0.00362494826770027	0.00703669027690338	0.0236000907834323	-0.0109425374646609	-0.00999916873263168
0.0128560047708909	-0.0186385630581843	0.00369184052899362	-0.0158017471607136	-0.00722319231401089	-0.0142282011448118
0.0134326618073558	-0.00931122200453622	-0.0161885803222607	-0.0150101812831536	0.0156446009895034	0.00727988722634529
0.0114269032495122	-0.0147742085621763	-0.000686954990479428	0.0138885182770821	-0.00692280316665986	0.00626606931388837
0.0120049436492896	0.00272687232307613	-0.00257199022223151	0.00455736871508536	0.00714713624362663	-0.00712793023984862
0.0118988222954817	0.00196067236270879	-0.00147967230222591	0.00387240395363266	0.00795548141054181	-0.00670270593652967
0.0123315117682028	-0.00439703066240652	0.00165737810551334	-0.000749348263980224	0.00370682005793571	-0.0129914062121212
0.013065619496361	-0.00250762907873121	0.0045106164242359	-0.00461428737910379	0.0140232869260781	-0.0134013846946135
0.0128989426817636	0.00217170034316707	-0.00553314700919821	0.00532559852450501	0.0165978659445119	-0.0146813752995962
0.0118679473949219	-0.00804221106041821	0.00783745601569563	0.0146722741214682	-0.0247161207696365	0.00274628321144994
0.0123963779064843	-0.0047739159536049	0.0034445972431513	0.000999751059982302	0.0107961876088816	0.00151866644263044
0.0131209658127158	0.00822020290041527	-0.0330799745139092	-0.0103678779026344	0.00830763744350684	0.00283160769198763
0.0114194735304535	0.000749786220549132	-0.000331651253107059	0.00855654708925353	0.00791476696777378	0.00690568866076493
0.0118124294072365	-0.0158854546171406	-0.000367489557577222	0.00912019994693285	0.0153445553114458	0.00303798161023
0.012272116136403	-0.00481008449170692	-0.00587794864643371	0.0117273632590642	-0.00716598095709222	-0.0108477270263157
0.0122969093611303	-0.00509443749436972	-0.00968595055157765	0.0115108037137979	-0.0122693694592187	-0.00571020862577565
0.0124703550666428	-0.00919995099728093	-0.00379287633429936	0.0125806640924301	-0.0114142495799413	-0.000146503296347786
0.0120142045089049	-0.0227568667321553	-0.00127973922042581	0.0280385710301583	0.00518803785978166	-0.00956466346333956
0.0118214006618977	-0.0196988449278484	-0.00474940967729935	0.0266523441696366	-0.000463478800617133	-0.00631864616528311
0.0111185582632928	-0.0207077705960485	0.00144164300638476	0.0226478389629407	-0.000665111736597859	-0.0102481107964546
0.0122260486450289	-0.0241752319370224	0.00592829639376927	0.0290655679236419	0.00492923141184872	-0.00585432589606258
0.0122382559023607	-0.011628655046464	-0.00520467224615535	0.00717597257202184	0.0019440211378275	-0.011836875224787
0.0118210114189392	-0.0119065851807767	-0.00267073037926664	0.0128060825091959	0.00148926624838253	-0.0101337880633695
0.0128002652370589	-0.00290987563797744	-0.0163531476666084	0.00890861416284541	-0.011035612190221	-0.0108499439978735
0.00971710069679572	-0.018499386543281	0.0184775639835489	0.020860735980113	-0.0141313978472484	-0.0154930025074229
0.0109466765997419	-0.0126602795803315	0.0131371126213516	0.013225822755239	-0.00371371633285488	0.00845805218732521
0.012038540186063	-0.0111495781387016	0.0117237700521612	0.00643477924824127	0.00818119221002378	-0.0228174321096998
0.0128643029660248	0.00543826516213507	-0.0186792918959182	-0.00215031806692565	-0.00163324790347161	-0.0114413111714889
0.0129704493468364	0.00361366413405066	-0.027737138311596	-0.00587716914777646	0.00900324056241124	-0.0159350985879038
0.0130032542671571	-0.0154520936606586	0.00590020663451244	-0.00714715775454085	0.0329142367102635	-0.0023446260476555
0.0136880922101126	0.00785874642413376	-0.00406911526368735	-0.00854436829242736	-0.00144144064161943	0.00124465754765813
0.0110958484922952	-0.0219441442140204	0.00125122936080117	0.0218570211066034	0.0068997406513247	-0.0152912921666613
0.0112364489479098	-0.0180848741989443	-0.00466207934645665	0.0156973103117575	-0.00303334773479943	-0.00189644900015707
0.0124908193201907	-0.00738324957840664	-0.039218388890367	7.21256974462762e-05	-0.00465788693275243	-0.0274617812625878
0.0106663284571511	-0.0135781591096264	0.00874762614375583	0.0119308943082165	0.0155635360377178	0.0158312047731794
0.0109003178811901	-0.0191955944653655	0.00501508645377103	0.0345255331976576	0.00666258277937605	-0.0129817975712595
0.0122819628441675	0.00101476866346307	0.0044566578063983	-0.0035459316091827	0.0116057737338884	-0.00737940293026387
0.0118499956710919	-0.00158160815437645	-0.00130382569746378	0.00286125145184715	-0.00569303441872969	0.00963443402661536
0.0126221180680476	0.00376294011637498	-0.0145614405727614	0.00161262522119921	0.000983797958845433	-0.0296005626137617
0.0127169926680841	-0.00861209206245055	0.00794388404416194	-0.00048675304761393	0.00740989190061224	-0.015304631534156
0.0141226160197146	0.00192844705713609	-0.00914060005530479	-0.00886986086456867	0.0211264608074374	0.0114792462566976
0.0143955169170959	0.00123235230750427	-0.00428336935929711	-0.0121790377680319	0.0135106596727833	0.0105121495261613
0.0123827098920911	-0.010310795034992	-0.00125546315288814	0.00708614117601531	0.0245912446674167	-0.00136660742513099
0.0127454071689646	-0.0113532668433964	-0.00541488952475156	-0.00468237055770093	0.0235783987135023	-0.000982967006640328
0.0130501393267212	-0.000523423862364519	-0.000562115617308773	-0.00389861347649715	0.0173820671697077	-0.00777960476349601
0.0102148310529878	-0.0247484862166071	0.0104299314887626	0.0144134580579546	-0.00855058733318836	0.0126402025364607
0.0141788961589286	-0.00363889839922419	0.0013597166462439	-0.0137423174857654	-0.0123091269143378	-0.0138880078573436
0.0125429994268475	0.00078352400463923	-0.0118405674880275	-0.0112605698671157	0.0170828805147113	-0.0141541847211448
0.0111707353577386	-0.00547455688592129	-0.0113133840268033	0.00513998461090997	-0.00965180952763813	0.00937782729726379
0.0112191872565345	-0.00846269081285325	-0.00868422757102753	0.0080656950367516	-0.0128285856135192	0.000114607628196
0.0113344833381533	0.00182832155851371	2.95895907047945e-05	0.0157108061322919	-0.00857043368445159	0.00416920071895049
0.0131624523636492	0.0425750207951844	0.000642627513826058	-0.00384159632065952	-0.000353186003476971	0.00184623329712671
0.0122930302228111	0.00231756354869436	-0.00847113591672788	0.0111001014883514	0.0076932987311628	-0.00904467173913578
0.0131841007269875	-0.00704223226162381	0.00826409675181993	-0.00928097685424757	0.0114928606407653	0.00117668108244199
0.0116980223116762	0.00973225375705863	-0.0122507209182376	0.0103215332499405	-0.00248619326625842	-0.0143125246387995
0.0120886784063045	0.0138413368785321	-0.0183205903272435	0.00584656959796914	0.0112497225401114	-0.0113696477976524
0.0115576599182601	-0.00790271978128304	-0.000168355699429498	-0.00522053863079944	-0.0001685060306805	0.0168209656764083
0.0143466920677882	-0.00913824963597744	-0.0276165956059949	-0.0139049172379072	0.0256390747051864	-0.00613772465484281
0.0129493977427401	-0.00572233703110931	-0.00357425525891175	0.0136778829903591	0.0255820179175222	-0.00340768140062927
0.0128893519543476	0.00563212852616546	-0.0046219377365176	0.00632448200977506	0.0101669696902112	-0.00582519107940713
0.0137723437432016	0.0128777480281838	-0.00222105773993006	-0.0061908206070708	0.00517131421685915	-0.0184892985346386
0.0120855945688401	0.00252113676511409	-0.00578119092242507	0.0103534763429825	-0.000551341900261996	-0.0301636490558077
0.0122265561824716	0.00509843727179116	-0.00938651272577901	0.0108141599431225	0.0138839449614659	0.000425649571933965
0.0148899941006061	-0.0119396094151888	0.0233180088266357	-0.0226539288562528	-0.0173713961799	-0.0171627440050519
0.0109477214657251	-0.000324695318242579	0.00648479734721387	0.00838580486336047	-0.0175243166347638	0.00556304933448175
0.0125670725303491	0.031109546179108	-0.000995806677643723	-0.00160312340673615	0.0101148966103333	-0.0178280432112918
0.0108220402116253	-0.00755797867611731	-0.00120034617008148	0.013835227235805	-0.0219257301339982	-0.0154697676506144
0.0129765843238761	-0.0165246902486657	0.00844591426441236	-0.00592286396051283	-0.00673232687050494	-0.00974729109296616
0.0121295114001332	-0.00790647912835664	-0.00668066589512414	-0.00268619519067228	0.00839379262829179	0.015843040949497
0.0121934337749502	-0.00343098895428448	-0.0116270709739223	0.0103789723660723	0.0183865342217461	0.0116042231792433
0.0127337459768044	-0.00165688687744953	-0.0387002505752785	-0.0160826410324313	-0.00105046206363661	-0.00939433169682199
0.0141791394478358	0.00314350687830654	-0.0127405584385622	-0.00877991063828609	0.00302720573920308	-0.0112609653506682
0.0126069953866136	0.00853126019803567	-0.00951484575266806	0.00111830761764708	0.00234041961976942	0.00644981814603362
0.0143716023454174	-0.0141642058034294	0.0135380335270288	-0.0326341826865137	-0.0123024726905893	0.00782202415698361
0.0110173809797484	-0.0187844885046161	0.0153550958306352	-0.0134305479874888	-0.0364269530930748	0.013244750670989
0.0123650175198497	-0.0297827592676393	0.0171146699687052	-0.0211610214310663	-0.0156716357578709	-0.00326806671695112
0.0131434350513326	-0.0328786208173392	0.0162239101149952	-0.0258490159219659	-0.0122505978992923	-0.000126768877694194
0.0119520534405553	-0.0125346983218096	0.0114955019349544	-0.00936270114378098	-0.015500599878455	-0.000257854472545537
0.0117510735220082	-0.00439383741032523	-0.0121436316846805	0.00299545873502364	0.0126070478360582	0.0030804761615031
0.0119015107339211	-0.00133832121200082	-0.00491301860025404	-0.00050575051347883	0.00797722056802218	0.00184238124503871
0.0121984393639899	0.000797342714383114	-0.00187430851410831	0.00193814738120565	-0.000699852310907979	0.0140814196448128
0.0127592158212024	-0.0118115749049954	-0.0102143738211336	0.000441235954073134	0.0117272216056049	0.00276480006349486
0.0123630951459683	0.00216448882820683	-0.0145744350331669	0.00123638226202586	0.00994905234080955	-0.00797419479700363
0.0129941936272451	0.0132099750903332	-0.0131494856284611	-0.0077991695829868	-0.00755123048959941	-0.00686776753671864
0.0132363255649168	0.0124536556315908	-0.00508720078512995	0.000552833925366073	0.00190537570346591	-0.016723539207933
0.0108487160585544	-0.00381264972944389	-0.0345406740057366	0.0011445869423867	-0.0137385740837067	-0.000225483690325818
0.0117641317736488	-0.0124016276907058	0.00557026487397648	0.00179415930134299	0.00462919084461041	0.0147835538465721
0.0122605228006517	-0.000832194770903256	-0.016593824230231	0.00646560532595361	0.00624044706866043	-0.00390671205147378
0.0140223932907595	0.00801125664498848	-0.00779449145985939	-0.00582199074195537	0.000123808851681473	-0.00300848448913475
0.0107247681580941	-0.00724081064383037	-0.00694934510782133	0.00547261552622109	-0.0328803868580751	0.0271321591693103
0.0122302172270686	0.0147420466881615	-0.000514745317573881	0.011714075607958	0.00232309102039026	0.0154452425081726
0.0120490026546062	0.0163420067850952	-0.0100448719460143	0.010298108009938	-0.00627054255287037	0.00302079472260104
0.0128763589616496	0.00395744327855168	0.023919885054836	-0.00334552057934696	0.00101275240332144	0.00448479420840886
0.0114058414580995	0.00308258599211133	-0.00777271145260956	0.0176663110629188	-0.00832081074139996	0.0141308381729307
0.0135924961183758	-0.0162976504004421	-0.0229695867342087	-0.00519705817337477	0.0162030390226368	0.0129471794612345
0.0133080936292273	-0.000619465115769853	-0.0100983356806083	-0.00750696310050673	0.0157241741225891	0.00239486932562797
0.0119827672386029	-0.000605329974488605	0.00887109026632441	0.0108966000487154	0.00851699729541747	0.00782944393873451
0.0123306824149091	-0.0013871212086725	-2.42418517307618e-05	0.00116013686278355	0.0046263435402337	0.00344639397787535
0.0128554222246079	-0.00378862784720138	-0.00261694846730101	0.00177404462868958	0.00317910203021827	0.00151595061293723
0.0128705384555949	-0.0070626152857352	-0.00371638872367443	-0.00492402668896023	0.027045669972615	0.0145511272599777
0.0117456950773635	0.0121378727800967	-0.0133097975531151	0.0182825641474594	-0.00699668569591397	0.012672077020504
0.0111171980587412	-0.0071963750844972	-0.0175136413847577	0.0236444629419989	-0.00766630497640524	0.0162908771996594
0.0118878217789141	-0.00958672342445501	-0.01916254387772	-0.0199098572463915	-0.000299425736894819	0.0212247446563852
0.0123118793878803	-0.00416752994294182	-0.0290123735600717	0.0019267624403441	0.00446823305525936	0.00499963488717718
0.0133058218905544	-0.000210823284069833	-0.0221463788324657	-0.00556856472297905	0.00424884936823757	0.000790673579055935
0.0122429994417856	0.00690770079653365	-0.0189630247618826	0.00489966237040076	-0.000523785421475501	-0.00890656220833679
0.012387805585723	0.00703482285615366	-0.0211281009915395	0.00375589083441293	0.00407226624038776	-0.0108065325888905
0.0117850586269344	0.00548812555395277	-0.00920708895574038	0.00647063572127008	-0.00631358238746936	0.0194981638318403
0.012991891880048	-0.0151923747890757	-0.0178240520820844	-0.0212862432262638	0.0143748169868902	0.0074659418776501
0.0126647006502746	-0.0200281159141846	-0.0116464981340604	-0.0178255610642251	-0.01370821192828	0.00371415601211486
0.0116393433464474	0.00147845898550598	-0.0174543025398105	0.00399715452740986	0.0109017207988847	0.0201493505614483
0.0102789414774552	-0.0161428024842279	0.00993101658174095	0.01827933405155	-0.0137500778874621	-8.20310917901464e-05
0.0122616280793704	0.00322355352350877	-0.0117995169065941	-0.00890873616952207	0.00528997619082038	-0.0135762510112087
0.0110791754845415	-0.00740647602435079	-0.020573027956951	-0.00517609891751739	-0.0105527422523964	0.0176241613087969
0.0134178180476096	0.0136459459421558	-0.0228924050497787	-0.00616757775784976	0.00362148696697602	-0.0050962820043328
0.0115880765785048	-0.000210211277725945	-0.0110430266464602	0.00235559799856	-0.0127052691948965	0.015024220515506
0.0122600756207213	0.00311805934837936	-0.00148080009435439	0.00835144348576462	-0.00329136377678026	0.000179030651093178
0.0110693287751069	-0.0028256103312706	-0.00805852770564603	0.00455477471007201	0.000221150148383496	0.0199682960825946
0.0123735846234271	6.48022618857796e-05	-0.00761876823377702	-0.00887093931813115	0.027583952702306	0.0258109297080941
0.0119793672090416	0.00360291155032913	-0.0221350586186562	0.00190720697279986	0.0172976222795404	0.0107144812799953
0.0115125288483976	-0.00480623246855198	-0.0206313011610162	-0.00278646551316958	-0.00968283191151148	0.0229950609334079
0.0119054283736048	-0.0011951685988858	-0.0269207549425099	0.00243655504262755	0.00294356266615774	0.0127226730625733
0.011365681552682	0.00621179790540037	-0.00912676259174608	-0.00677357413433641	-0.0196154950485534	0.0161154975093652
0.0125072725346781	0.00546477332154917	-0.0119793061027342	-0.00118877796225958	0.0138994427528057	-0.00958933385302884
0.0120457714715074	0.0141952957883906	-0.00805338542204445	0.00367811982447945	0.00314033259490974	-0.00606489184536015
0.0116820949211666	0.000471365242065161	-0.0134749927109979	0.00445440101209022	0.00553686257385436	0.00950889802575
0.0121825696311989	0.0235706745975704	-0.00207307856266496	-0.0127797470383467	-0.0198736646722585	0.0071239480828721
0.0104746939539854	-0.0033716085653404	0.00634848887994076	0.0155651201803018	-0.00418633733081729	0.0181570937868637
0.0130916368368402	0.0377992808300592	0.00290684554861055	-0.0159428255806484	-0.00962207093394767	0.0093718315292357
0.013066705034953	0.0374448293331484	0.00320022000894602	-0.015971945990901	-0.0108270242491152	0.00897897164998751
0.0120647936447819	0.00613054212419874	-0.0155921872252561	-0.00817416367620897	-0.00527649402871946	-0.0137076079424808
0.0141482038995117	0.0211208421216938	-0.0104127307128978	-0.0114233319596829	0.0119687893781293	-0.0256641848074611
0.0141885965199912	0.0199248007573565	-0.0128111029404768	-0.0111400118298248	0.0108536423918886	-0.0241757279871011
0.0142888387875445	0.0033406913370269	0.00918777657457786	-0.00769237998596061	0.00886973490381862	-0.0139812143976956
0.013141970557558	0.014231488725157	0.00423413299107449	0.00132914877929071	0.0134660774647433	-0.0162837223732959
0.0115038165418732	-0.00457308692607372	-0.0046831219826214	0.0125690925728101	-0.00365530440465036	-0.0227621445354451
0.01201616782736	0.00160242789780123	-0.00759124225124517	0.00604495770736914	-0.00411853716949793	-0.00888425369380015
0.0114984422183276	-0.00290657711330632	-0.0129320912455811	0.0111221558728093	0.00232282285065956	0.0067487051528178
0.012175555393648	0.000966110849144607	-0.00264051881338464	0.00775862344361125	-0.00216593817646042	0.00452420366204178
0.0125456490320183	0.0152098931667651	-0.00380394611005812	-0.0161339207697741	-0.0170515207476694	0.0125951439053748
0.0119567917413509	-0.00836428661342093	-0.00667613344666693	-0.00184012303675482	0.000772884009209545	-0.0088457931537107
0.0119607293815663	-0.00768455444264997	-0.00669563615217448	0.00317748081371774	-0.00181691267330542	-0.00125880648988286
0.012613310465299	1.73165741317781e-06	-0.00112287058323558	0.0141924474404874	0.0116309091482526	-0.0108835793949063
0.0120175985525818	-0.0168325205428389	-0.00594732537240102	-0.00483720627998086	0.00639532309065123	0.0133478624023437
0.0121480472110938	-0.00924039246729495	-0.00711948533732044	0.00329982548083094	0.0210668945562174	-0.00705751267402597
0.0127412303520471	0.00197428833680966	-0.0116146813310858	0.000632498341251089	0.0137926267153747	-0.0126953326968466
0.01372904023585	-0.0027745567182131	-0.00987186166820568	-0.00515535647636016	0.00756931661769878	-0.00268331648333288
0.0125004964213041	0.00231939038603514	-0.00162557233300354	0.00619038508238353	0.0151243706081152	-0.00540373403063111
0.0133388764149483	-0.0111976926279876	-0.0312782791759284	-0.00225634290654861	0.0172465947276829	-0.0144536699322359
0.0135959987428732	0.00264977855917673	-0.015184251423023	-0.0209285950335231	0.00313905711838839	0.013270098581064
0.0115656848751062	-0.00269164450847851	-0.00656820599545243	-0.00150205234655439	0.00792684164400195	0.00014723341614646
0.0140653579978642	0.00466954456594168	-0.003812657140884	-0.0162173982373199	0.0185190247211779	0.00711675471883107
0.0113784794937851	-0.0153534530412773	-0.00825551870605699	0.011574284732502	-0.00235964609233977	0.00340107125211062
0.013468900489868	-0.0253900008976389	-0.0019112598913485	-0.0235651049783315	-0.0101854154888048	-0.0185952887741612
0.0119205805667994	-0.016437628873373	0.00144128680325394	0.0215949758274839	-0.000416441899479772	-0.00889086633458835
0.0120745967656684	0.00275146296619116	0.000553180343311852	0.00455408200390851	-0.00538448541676628	-0.0181427311801924
0.0130437474839308	0.0105417844546918	-0.00810053122269332	0.00174399951555138	-0.00559120909157454	-0.0152530786133973
0.0101755328077724	-0.0213559685596422	0.0182482226706135	0.0134341259800595	-0.0163537737469401	-0.0102933912177311
0.0107026262930808	-0.0125785181115235	0.0149234837519412	0.0254862664289691	-0.0288976512990016	0.00598390032469555
0.0106414968676504	-0.0202996761209708	0.0085635115708871	0.0275057640826273	-0.0209237354073947	-0.00647618015625258
0.0104313765796388	-0.0190577073176996	0.00816888256613775	0.0190440311848931	-0.00142590142025959	-0.0100134639515708
0.0102833678944428	-0.0199127683552215	0.00192028325256701	0.0185014677158334	0.00135150221021154	0.028733489752469
0.0112289546674195	-0.0182606613477431	-0.00918884603544524	0.015923776100924	0.000666712505499483	0.00891878437015076
0.010758615619369	-0.0189010993358046	0.0101699981800054	0.0213530559029786	-0.0196475440518532	-0.0208204025238778
0.00854782467417589	-0.0187773710170828	0.015618530892405	0.0236073583762923	-0.0334223835429607	0.0174732930882653
0.0125534140674724	0.00163979670702571	0.00575036970338875	0.00540235928684793	0.00805645833807174	-0.00896059450088392
0.0128323973229602	0.00843629389336279	0.0044455372722075	0.00162927825127277	0.000431954139426575	-0.0124685554672008
0.0112056533332323	-0.00426413473078192	0.0105667358643905	0.0194165198316622	-0.0118129572693042	-0.0127600595836562
0.0127432557359585	0.00323936085588281	0.010094562177943	-0.00261368138124883	-0.00530769066398126	-0.000627858636894231
0.0133702837215501	0.00018232298707875	0.00927844966136488	-0.0210035187460305	-0.0140233940816218	-0.00381388217775166
0.0115894644850769	-0.000843654232161434	-0.00496979588032341	0.00598214903667049	-0.00135043234358218	-0.000774464512702867
0.010368679850554	-0.0135739653867246	0.00770470990784657	0.0205816197079739	-0.0162226920671746	0.000653367008053854
0.0108019785793273	-0.0179210465189669	-0.00197330239954719	0.0319340533214781	0.0209225102915939	0.00327368636480121
0.0107263320411485	-0.0159410777681917	0.00513313469020951	0.0101833923091873	-0.0373631246033645	0.0109598968181701
0.0123143197916214	-0.00513770151483264	0.0058527233989461	0.00459133594270691	0.00239220308305028	-0.0132304199070717
0.0125271286945805	0.000457004010107247	0.00088114359938002	0.00903547433901896	0.0157618402884536	-0.0182405955991124
0.0117804954527887	0.00540541341390272	0.0117491067570852	0.0155145783393038	-0.0124923413695696	-0.00597836268815302
0.0126444525158597	0.00719938807419432	0.00367199653888558	0.00406156360601958	0.00117238563475024	-0.00411937535299738
0.0117819204197601	-0.00294236896459967	-0.000734475678244621	0.00590160406911357	0.00689249479720171	-0.0116416206873236
0.0129968093083015	-7.61090754055702e-05	0.00560871995413285	0.00450265578141227	0.0146450256942021	-0.0136013512150687
0.0119631205584032	-0.013279976450873	0.00203598123247815	-0.00143708575530601	0.003052959496376	0.0186905237841787
0.011860400963169	-0.00644371367328102	-0.00599637515586585	0.00329965183275945	0.0101147442939035	0.014443733522443
0.0121197439037252	-0.00407346429798786	0.00455165075702381	0.00251772399075484	0.0080421071650179	0.000704489688262821
0.0118363334870908	-0.0014683712522123	-0.000625965866524648	0.00147028550974885	-0.000801079695272907	-0.00117022788814919
0.011841939456563	-0.00232788794964481	-0.00040964152233587	0.00150135951617732	-0.00192468935880217	0.00179370438170678
0.0117865419891903	-0.0047865711382371	-0.0100045327235976	-0.00551521891475197	-0.00307091209245954	0.00675088617194027
0.0138567072144261	0.0378508736780269	-0.00605049773748176	-0.00681163461054249	0.00999812706563302	-0.00886545190328851
0.0130375212184796	0.0132057126200772	-0.00434527906464415	0.0111605332571166	0.0191216673479233	-0.0308664655801745
0.0137364233338415	0.0396344776402738	-0.00671856111267756	-0.0112372633477707	0.00471124781892279	-0.0043140307695636
0.0126834051716806	-0.00343638767640949	-0.00189426598695383	-0.00308440530072125	0.000709410483177905	-0.00205227018699938
0.012352192706514	0.00594691729633784	-0.0097736379861057	0.0136106029237954	0.00385041645891204	-0.00259511712921444
0.0127231377363471	-0.00268733445560981	0.000353906594606837	-0.00144396016239426	-0.000915208111683156	-0.00256263970554919
0.0133154488378727	0.00786658015590814	-0.00729444468546001	-0.00244823064472568	0.00618865835973464	-0.00666263473788035
0.0112169870608696	-0.0187701271290251	-0.0165983657234845	0.00788410288245608	-0.0119306134637938	0.00466091646025528
0.0112017733836302	-0.00504399493686802	-0.0090490419367333	0.00211899149840804	-0.0108356068286735	0.00378151973963002
0.0117514406589586	-0.0193196934390171	-0.00689227263709061	-0.00239726092796138	0.0187673015297535	0.00404757361087169
0.0123379476268347	-0.00355178492546813	-0.0133131307085847	0.00437593711605799	-0.0118175298999249	0.0112617800328556
0.0130901092147652	0.00605047778625746	-0.0212306157098151	-0.00494130557539211	0.0221838579950004	0.00589360612019165
0.0129790183157653	0.01358850370152	0.000943873418325615	0.0121099827705797	-0.0012158290719615	-0.0246077130506131
0.0121011547166859	0.000974712346315494	-0.00634194086770305	0.0100623314151523	0.0168192328743034	-0.00568878528581976
0.012190714095574	0.00716253974150332	0.00232272476913358	0.0120930702206178	0.0130875378696465	0.00216446624276789
0.0123425205380999	0.00728638053058737	0.00186184723580357	0.00542584104361904	-0.00461806917601205	-0.0187804588323642
0.0128722825963167	-0.000900740289793876	0.0045992472627745	0.00396296468486999	0.0169818060475141	-0.0123653897780573
0.0128193115913933	-0.00214295711184372	-0.00057248801030536	0.0104142268545119	0.0260192788427531	-0.0212273165716651
0.0119208030461068	-0.00340936745534372	-0.00708340680981693	-0.00366371141306776	0.00582276722486124	-0.00196753727641411
0.0113878618886684	-0.0092134842727463	-0.00730512330399489	0.0195670454596342	0.0181048310921805	-0.00324020675591965
0.0109312316092996	-0.00838759283176207	-0.0123427550346262	0.0258246446180054	0.00452731369113928	0.00702828063168184
0.0110856571595637	-0.00471069984709186	-0.00288461622313215	0.0135693766210886	0.00163885901405952	0.00414478978652266
0.012855876574868	0.0253203738548634	0.0268493223029317	0.0138918779041828	0.015963201987188	-0.00153379127198969
0.0111652555396124	-0.0158791116757295	0.00407129777471062	0.0199940289958114	-0.0178573390997677	-0.021603514306099
0.0120754058525689	-0.00155950176192762	-0.00530204207757136	0.0117153921838824	-0.00420211959274486	-0.0130312146181448
0.0115683541838309	-0.005198288645611	-0.00324611144742273	0.0123530963723466	-0.0206656842567619	-0.00463603889873147
0.0112542249778503	-0.0109574035095801	-0.00874990529138563	0.0213189983822741	-0.000336598895066293	-0.0254272390472658
0.0115403957599906	-0.0129341419830247	-0.00267900316358517	0.0183355026877148	0.0072134516226674	-0.00140090411573658
0.0108981210964426	-0.019424264099504	0.00770387343766194	0.0152502802322732	-0.0209278430392388	-0.000807508058918324
0.0123803633244884	-0.0163671216764646	-0.00543889383133548	-0.0136533307848126	0.0121604754326525	-0.00932524759767306
0.0113192571969931	-0.00180638469720275	-0.0122809803673283	0.00491422102266661	-0.00891444412520486	0.00908307118408347
0.0118799724789503	-0.00125599109025019	-0.0133661932252435	-0.00129968860635144	-0.00317722486066267	0.0175651603435059
0.0125875260162619	-0.0405571918961376	0.0543391808780237	-0.0149816880072749	0.0167064478788706	0.0255476167348305
0.0133399522010896	0.00176216448381638	-0.00295087169405397	0.00688359893210074	0.0174844245916367	-0.00773821759317969
0.0125104859640493	0.0137087189455096	-0.00122055910579335	0.00782851472605404	0.00264635273461061	0.00925762758358677
0.012668640134693	0.0215322564272283	-0.0018432103503855	0.0164495666746836	0.00993897672075162	-0.00647527481192921
0.011622491488992	0.00823216622508915	0.00405295821166061	0.00962700754145789	-0.0100307573542017	-0.0190629040185568
0.0119483429146992	0.00128547023284706	-0.0248210823153358	-0.00494264197285902	0.00923103124093526	-0.0127332682108601
0.0123003623459315	-0.00144405496501702	-0.00396480449517593	-0.00112463541988163	-0.005261325220563	-0.0169397669975418
0.0122220957076768	-0.00325523150853275	-0.00612252483920676	-0.00484135694861135	0.0206258729523311	-0.00671928088316273
0.0120458125392524	-0.00727223677861608	-0.00902950465833523	0.000606910230568866	0.0127172403217965	-0.00872865361409713
0.0134677945051443	-0.00281158659510444	0.00373681950232194	-0.0087986378074594	-0.00602974976864232	-0.0162503868978965
0.0117346702391632	0.00337268998152541	-0.00627961068774169	0.0153705453504536	0.00361209983427284	-0.001958025817971
0.0125324235327126	-0.0043806308388469	-0.00362825552631649	-0.0105028913865819	-0.0046444579261716	-0.00259412903284109
0.0119482936473882	-0.00224097077959195	-0.00372663056664777	-0.000850408655365943	0.0026705312256856	-0.0114542913429142
0.0109572177806396	-0.0109380454468751	-0.0081461578441325	0.0222442289111813	-0.00571027524285994	-0.00773496042720164
0.0108452949479616	-0.0127216006275765	-0.00401417922767513	0.0244362439897031	-0.00787191154995479	0.00227050143803559
0.0140415120679329	-0.00181103115091012	-0.0104136609171545	-0.00959799134379361	-0.010726914695122	-0.0274601890989191
0.0128455921380442	-0.00684593477158534	0.00680609722646084	-0.0158856372419804	0.000129134778103924	0.00534854083976016
0.0132347118591986	0.0399373599889609	-0.00375801450849167	-0.0147638475173727	0.00110212354083491	0.000215867075492072
0.0111519483968351	0.00430044556539174	0.00696442064821499	0.0103673858426418	-0.00507443192884486	-0.0172946243012189
0.0109673970170876	-0.000745321756159519	0.0027100223154992	0.0153392210739468	-0.0207952153411932	-0.0173204364397466
0.0141623822255788	-0.00380599948865363	-0.00678562465932513	-0.025657014019869	-0.0226983349070564	-0.0160746441458001
0.0135245633940195	0.0175005924004572	-0.0128741692331227	-0.00558131573616536	0.00463543162443443	-0.0147577618931748
0.0133837746318328	0.0066533477131825	-0.00629507432196561	-0.00757435721931193	0.0137813552584865	-0.0186958999404933
0.0133823270344524	0.000397098455346739	0.0146228414907994	-0.018928674270461	-2.54745363415763e-05	0.00262151473847449
0.0122100608085595	0.0205335993170809	0.00633813506217844	-0.0148515357656883	-0.00498700110194824	0.000667946609379188
0.0128517360786558	0.0133822217885991	0.00126720509767124	-0.0113675023426439	-0.00396649486194459	0.00160692597926024
0.0127488329217465	0.00815465681215439	-0.0013565801667421	-0.00586612511785342	-0.00886233601915224	0.00413783478837134
0.0125475106814187	-0.00719095991638752	0.0149597358165553	-0.0222298880532689	0.0081850685120547	0.00483460751549073
0.0125294059858701	-0.0104910074768133	-0.000373699677609063	0.00534681250628444	0.0127247242783432	-0.0146289238383347
0.0124665203572219	0.00761449166575642	-0.0120508219889291	0.0116909137004937	0.00159978958069312	0.00401656094941403
0.014257202161054	-0.0034352229652672	-0.000395033859030124	-0.00434984651146991	0.0151369974883363	0.0101503910431094
0.0117143377433612	-0.000759172503981703	-0.0145715830214272	0.0212430246135549	0.0093839474457648	0.000744800585288499
0.0116229597645324	-0.00304766050718456	-0.0155663313988273	0.0206895465352873	0.0152303826631174	0.00408180914722877
0.0122286327199754	-0.00265219340138293	-0.00259419143123395	0.00914383109502189	0.00104964595080223	-0.00928112804470542
0.0110674830513117	-0.00295243481792489	-0.00126671650127345	0.00167874947995133	-0.0299293724616084	0.0180586495053482
0.0119755101791551	0.00605973096532793	-0.0125179330469737	0.00140491721606349	-0.00423927566739133	-0.00268230553271928
0.0114020579912727	0.0156317441459406	0.0267974971458706	0.0315094063228454	-0.00524669195490684	-0.00198843279480719
0.0109104960517971	-0.0164982584690438	0.00509976814162306	0.0220974042983787	-0.00445666666309407	0.00965270184045792
0.0111679120982755	0.00981853547389281	0.00270788245594617	0.00643215525885554	-0.0278115622855648	0.0113266396116874
0.0117214478004964	-0.014171992107401	-0.00363496068078025	0.0175010271980737	-0.000530995525928546	-0.00527484010664743
0.012782479049144	0.0098502202470565	-0.0093834189435092	-0.00753990450540653	-0.00993242556338863	0.00309527060844417
0.0122595202625306	0.00334766384606764	-0.012565879378848	-0.0132052964619328	0.00929468607165519	-0.00550427864027898
0.0114922372143539	-0.000292786184810129	0.00257790966256269	-0.00109635660096225	0.00926208132794371	0.00577946853785266
0.0125178563349228	0.000585259851573438	-0.00520839034401497	0.010589967224852	0.0103460472977139	-0.00445165818821386
0.0116577481276419	0.0062194302738157	-0.00122230377423178	0.000323126244823863	-0.00969817568060916	0.0159941545786078
0.0125794788766411	-0.0057809554310104	0.0120580035817119	-0.00830685050729562	-0.0221612059777111	-0.0158110981001976
0.0114064880732901	-0.00978384235263444	-0.0169135670161937	0.0112844482167224	-0.00283021895624013	0.011770224115105
0.012249135669298	-0.00370398330458238	-0.00426090714662568	-0.0108977651840707	-0.00593270337488642	0.0068024821196064
0.0125537872887831	-0.000328360333391375	-0.000514049226970479	-0.000102895822128411	-0.00142076298881562	0.0127036714713783
0.0108064129798691	-0.00431396961719076	0.00882611813604398	0.00204667937140983	-0.0351898602446248	0.0282461055181991
0.0103712936293378	-0.00985472382722202	0.00864500531143613	0.00239059330079855	-0.00359343459609513	0.0300462397254844
0.0115877850091998	-0.0185094176905028	-0.000883999408270573	-0.00900320191079481	0.022959230306505	0.0141428504206928
0.0122320001857023	0.00417896469624615	-0.000548783637125228	0.00380594652022165	-0.000148039572505105	0.00108347261340595
0.013370383328035	-0.015428516368967	0.0254275460858954	0.00056421244241166	0.0153997404799048	-0.0205981367365031
0.0125789565725087	-0.0123949530045212	0.0201402856849432	0.0024851441045369	0.00906356079785256	-0.00736057588662165
0.0119728711807407	-0.00757669054860877	-0.00487338332958436	0.00965814381615807	0.0124409642817552	-0.00571025915624878
0.0119605077563764	-0.00356379427389558	-0.000173906594321704	0.000396448273123751	0.0115239433277377	-0.00306823387070313
0.0134489024962335	0.00416226315548563	-0.00574359156923131	0.000806438023871977	0.0197396458690142	-0.00559132307614989
0.0141782882412736	0.00615457439802526	-0.00593387855037347	-0.00888914856880972	0.00436661444226025	-0.00975580289718141
0.0128415057797128	0.0162793384979251	0.00451518025652621	-0.00170439421992055	0.00348661966637498	-0.00564829440092489
0.0125497025117466	0.045560513701308	0.000929326054028002	-0.0120064942734934	-0.00276531421042696	0.00521672033220859
0.0134564428704645	-0.00467850935291512	-0.0103784262114366	-0.0142551566826115	0.0135717602443833	-0.0115515075448743
0.0112161267691679	-0.00193107712636638	-0.00566597662445575	0.0145763702352356	0.0110136183429086	0.00441370987450966
0.0123995403108039	-0.0027839510689018	0.0125498184908328	0.00944065037575363	0.012267874381195	-0.0155196274233874
0.0131504253883377	0.00300333091437205	-0.00934655189932688	0.00488297764197088	0.00776485156741079	-0.0188816208689899
0.012790375606389	-0.00583033838937124	0.00113107128399109	-0.00849727894197044	0.00499429290930738	-0.000658238126507794
0.0122690062973808	-0.00911148666236637	-0.00869752228321517	-0.00851627028565826	-0.0116750689637516	0.00976109334496862
0.0123335137802018	0.00318687726956046	-0.0092756136087852	0.0116523477021594	0.0149439022087016	-0.000334906771509394
0.0116023938727053	-0.00256358287377257	0.00652465315313649	0.0108232960256785	-0.015607866799056	0.00592579186882366
0.0100798721077125	-0.0110580057917778	0.00980531440717574	0.0206018127999147	0.00339424574029282	0.00335525680429154
0.0112686329194409	-0.00406312621046972	-0.00417611363400016	-0.000345144110210128	-0.00372002819904971	0.0260105770261411
0.0131006929644524	0.00862565608804913	-0.0029668434218864	0.0110532573368233	0.0218639199850251	-0.0218050652798354
0.0134089449195319	0.0396050163495034	0.000557928916872211	-0.00542238822595911	-0.00192593806518275	-0.00370361268180609
0.0131589446978705	-0.00089540360649418	0.018695930881172	-0.00930009891614543	0.0116471276775694	-0.00804974215673232
0.0121018167920585	1.1758764903448e-05	0.00338160187541038	0.0112571261976469	0.00315471886925836	0.00199288015167722
0.0113128164821473	-0.0168871774898176	0.00341920670646995	0.0268813918485569	-0.00456803205361909	-0.00132847965606354
0.0128458395611519	-0.00123985047098	-0.00774208737483462	0.00207862190600555	-0.0129020483522487	0.000272432954746299
0.0125936427752137	0.00598662463525171	-0.00393759004192646	0.0105633479205993	-0.00361854474926087	0.00241619957355098
0.0126120802561532	0.00313008120757286	-0.0134182177183325	0.0101229417855574	0.00927625879096092	0.00159251711649671
0.0128271332540328	0.00377545205757842	-0.00635020153713704	0.00654612326013986	0.0188170438703033	0.00230056157592553
0.0131011741971447	0.0169084019730102	-0.00893646916912675	-0.000949204520284747	0.0183216303805124	0.00875077015944951
0.0129966681919962	0.0159027610215027	-0.0147930874437262	0.000880506332404451	0.0176971165374101	0.00164819502533054
0.0129755301637392	0.00310672797692949	-0.000443770537958796	-0.00719792011060466	0.000146372310596818	-0.00463771488751319
0.0130496262415264	0.00717930057563901	-0.00803639708438846	0.00490814934329737	0.00490625337579473	0.0140417270246715
0.0127543438900811	0.0325888594645702	0.00225257406081284	-0.00985814650630192	-0.00600461623502653	0.00850533965258422
0.0131428333054164	0.036601045619994	-0.000653131414952161	-0.010924199720118	-0.00201982045692205	0.00538805764801654
0.0131474373099321	0.00110216978201622	-2.5958611441327e-05	-0.0131630857333148	-0.00194402222684515	-0.0127093722468014
0.014775049409739	-0.0152149530601008	0.0145683905640476	-0.0339143448909447	0.00488060815764561	0.00858342769366403
0.0113524645629531	0.0226562308659341	0.0365652699384591	0.0195407554979635	0.0019454793694846	0.0253564260069429
0.0122301414957831	0.0232554040087788	0.0131486549865847	-0.00279558379114612	-0.00340094548985307	0.0211597150292346
0.0135733359704641	-0.00235459431327921	0.014063190713878	-0.0146032546332673	-0.00878757497231786	0.00435537594870836
0.0123715676450739	-0.00247832157737778	0.00716162230728889	-0.00335228594544227	-0.0104881953241483	-0.00143441673197117
0.0116946422743327	-0.00817347944997496	0.000228581872308451	-0.0141286266920579	-0.0114443885411414	0.0169557392259492
0.0128007137968633	0.00415748793580384	-0.0143645446737615	-0.00458819854105119	-0.00878953007500184	0.010472877555154
0.0135032216611647	0.00422470875042504	0.00141530709392969	-0.0065200410441086	0.000476679695595747	-0.013377341756175
0.0121611423191464	-0.00389211905160938	0.000585887311037963	0.00238935268419444	-0.00803925635819324	0.00807695693780624
0.0121859730328951	0.00496203276156414	0.00227736951667744	0.000936178469480067	0.00526505984876921	0.00671217155100464
0.0113739226271807	0.0175653157294678	0.00711742542631453	0.0123138199870132	0.00158446685134028	-8.1121923975219e-05
0.0124022983087256	0.00140884999940777	-0.00309713528913659	0.00498357206255353	0.00721059146280207	-0.0083751386235056
0.0139941913527163	0.00674500954829289	-0.00595374318751267	-0.0131030023203848	-0.00446017665011723	-0.00799998580104874
0.01427896194845	0.00913350244522649	-0.000707781229241602	-0.0116574951625725	-0.00295347325047093	-0.000974884584312527
0.0118103513203383	0.00518731553232011	-0.0101321694722036	0.0110475797027985	-0.00626163617285019	0.0165461339280364
0.0134864260321065	0.0118655202267567	-0.0107400840744257	-0.00461040971840401	0.0181696434040012	-0.0125862046540415
0.0115663602110425	0.00990798641997605	-0.00156899910777991	-0.0108878820514851	-0.0212009498561088	0.02268459591789
0.0113841603792077	-0.00835414451608076	0.00119502522897418	0.0161180551575351	0.0222588928096147	0.0116620553851295
0.0111658280563597	-0.0147056721813152	-0.00389670009724924	0.0191025063926751	0.00811177320956493	7.33114013037415e-05
0.0118174505826603	0.0135138504854658	0.00427831240555514	0.0170277678441938	-0.0100181191733579	-0.0285494640549584
0.0119533728192737	0.00485058845621896	0.00395315876811158	0.00511423254552694	0.00292365240063291	-0.00345348756402814
0.012767029747487	0.00544880852657077	-0.000107056066098801	-0.00120661892540907	-0.0138952079447277	-0.00188145101224931
0.0118215016018712	0.0147975960765872	0.0227294272766785	0.0169578717059124	-0.0130237164807016	-0.0140260364684001
0.013214925925712	-0.000235128667223368	-0.00274018594562374	-0.00248232317907883	0.00492266530728078	-0.00229034629307902
0.0110106560977729	0.0035327105013564	-0.00797608990995192	0.0210415217044818	0.00123330917556553	-0.0175293807317131
0.0123659405716487	-0.0132210194574716	0.0165694991156986	-0.00299871627005606	-0.0273807899574064	-0.017897892084693
0.0124455908207445	-0.00646451808212745	-0.00544115252339642	0.00211636165858748	-0.00273352541435182	-0.00518556960931839
0.0114517486152554	-0.0028145645413401	0.00516253435318083	0.00715302349851635	-0.00604239110213697	0.00967175621717204
0.0117650423372155	-0.00279279798612531	-0.0013926846136502	-0.00496960667204505	0.00887823505106083	-0.00199625043632354
0.0114821372775665	0.00461993191693603	-0.00268550505711687	0.0166913527477709	0.00818954353572209	0.00411075251767924
0.0121554855380905	0.000624057001516851	-0.00973828427962902	0.0112225007868982	0.00207756005259803	-0.0170293844653451
0.0123339303425642	-0.0045383694411317	0.00646513038211597	0.00699144694186709	-0.00268722148594124	0.0022657842052003
0.0120015294009081	-0.00596676321967201	-0.00278594102877988	0.00349019932861543	0.0102511856466334	-0.0112451337247044
0.0130818542105555	0.01379370014657	-0.00404128314345376	0.00322409235130556	-0.00507667514491243	-0.0169463901491516
0.0124644268844205	0.00146633668703543	-0.00412797886584806	-0.000106146700797503	0.00800482573579523	-0.0150735036884548
0.0113123451599305	-0.00361206748713389	0.00116201562323465	0.0086964444797402	-0.0143622129286262	0.0193509171764426
0.0126982568850904	-0.000930424974199991	-0.00534107372767476	0.00313129409784044	0.00228690753296796	0.00772826257602501
0.0122396490783551	-0.00668340059775024	-0.0122859537663041	0.00322734246203473	0.0246480778407788	0.0186876729974747
0.0114061126398555	-0.00412295178647194	-0.011953417269523	0.0015387780206466	-0.0131277877944822	0.0120906756627867
0.0124198739464104	-0.0085000489941851	-0.0166421216786033	-0.000709530172948154	0.00812853180264794	0.00631059783381208
0.0117821281298641	-0.00496794839446427	0.00819693101427825	-0.00432228320803467	-0.00883413137006392	0.00855404618232635
0.0133977837553188	-0.022042054400258	0.0254155039433279	-0.013033580006292	0.0112086877198941	-0.00841484833222523
0.0131465099042526	0.00282875704703577	0.00936785802674346	-0.0085710733811637	0.0013313985921813	-0.00945608742940237
0.0118612137044118	0.0292863373495632	0.030663650390979	0.000361494005665367	-0.0179215672241834	0.00284754944931435
0.0124646688005177	0.0153392051569389	-2.65783708700267e-06	0.00775792027757899	-0.00713604119438599	0.0126936615454614
0.0128011984379026	0.0419986813275366	0.0111526429414126	-0.0111663587422456	-0.00638519592917073	-0.000934466727952089
0.0118321117752726	-0.00431090684498235	-0.0070448128057893	0.00389710879911049	0.00180208420940772	-0.000262931991475902
0.0129617965326311	-0.000523580715624401	-0.0082977311479388	-0.0139712773012836	0.00443954168580732	-0.0107918491941215
0.0134446539093384	0.000745547395101204	-0.0154478243915605	-0.011488620324565	0.00807701852052448	-0.0166031474838482
0.0112866934717606	-0.00341231031426194	-0.00820377494934298	0.0133874253271348	0.0155195932852444	-0.0053717270713241
0.0110297462962141	-0.00655856248132845	0.00126903280026522	0.0228360129829209	-0.00764437592193391	0.0111415370431731
0.0126025312684351	0.0136682088115098	-0.00637985203736639	0.0124163311683636	0.0133947665315178	-0.0162463847697539
0.0126538875822848	0.00723210927332354	-0.013976093538761	0.00341889312067916	0.0031482719257121	-0.00140157920589623
0.012583500787668	0.0079541872260767	-0.0106631436244224	0.00151043696926963	-0.00174556488602803	0.00307878900243579
0.0131246871282568	0.00812688092176853	-0.00581437262140738	0.00105545711560525	0.00324636353446574	-0.0144949714682763
0.01197196294529	0.00306743789062765	-0.0078554264957835	0.00381843426869136	0.000939524128462627	0.00313212318064572
0.0119829326675102	-0.00468652555086673	-0.00431353861507069	0.010489280319011	0.00704697823297644	-0.00286149173656943
0.0123827792004719	0.00119326372933941	-0.000212804629582014	0.00551019099399549	-0.000513093929758153	-0.0141158790455812
0.013876079777379	-0.00659243506119342	-0.00413020367162776	-0.00375876094668489	-0.00439834376878137	-0.0262170307861145
0.0125446510815061	-0.00649618963862283	-0.0229841367407168	4.03840087017304e-05	0.00418322836814292	-0.0274494441247148
0.0140536916283923	-0.00149226556593749	-0.00969382968280349	-0.0154264820867484	-0.0166982127845325	-0.0106558176406381
0.0116939188854213	-0.00933268842324501	-0.0115965928002353	0.00224427159420508	-0.00840997829425144	0.0142868795419115
0.0119707360791077	-0.00261278085575505	-0.00797011599262432	-0.00659620632250324	-0.00915752063881846	0.0150508955393438
0.0120074433318116	-0.0115975103659357	0.00812487034382567	-0.00461935459232014	0.0154400222602018	0.0308156334628262
0.0123002347354653	0.000385872619349222	-0.00629011415844775	0.00378960063402031	-0.0102099059186513	-0.00160877940681567
0.0127246326690149	0.00186050652885634	-0.000490649246392286	0.00689336536418546	0.00926507249309642	0.00274682039484536
0.0132969468205569	-0.000613756185630342	0.0232172029246271	-0.0122953460992936	0.00316660695683466	0.0110138291051468
0.0142099667689597	-0.00241671767565566	0.0178311302846045	-0.00968794418740244	-0.0111696094930441	-0.0153670375518382
0.0138110358461713	0.0055202729952821	0.0105032083144173	-0.0125677406514089	-0.00593696551049359	0.00921519266066662
0.0131527838802746	-0.00856133870505926	-0.00268992768036575	0.00315044227335036	0.00369331568391261	0.00325347055981488
0.0117816320398206	-0.00828025081213892	-0.00729810008560595	0.0184290970018446	0.00356011528870464	-0.000484909663650123
0.012050133183189	-0.00449852776108008	-0.00344965686497534	0.0104404331834375	0.00326573815221002	0.000306324641506758
0.0145314748156311	0.000231351178305632	0.00528720736803309	-0.0125521980030794	-0.000756768165127675	-0.00951709192156448
0.011768968696306	-0.00342080079404526	-0.00964644082622764	0.00302953779757569	0.00599933299407045	0.00179869698846676
0.0129725757583043	0.00173097289850187	-0.00948077764629073	-0.0155175241561332	-0.00376556008677819	0.0107000473128549
0.0127832010123701	-0.00753761207267684	-0.0119409539999594	-0.0142850437782756	0.00872807853423763	0.0135945352630347
0.0139086437385028	0.00321567089835295	0.0159023977037977	-0.0140337490304779	-0.0247350116947671	-0.00552097684123271
0.0115844940870023	0.00308935449335455	0.00111008774761598	0.0033028144876257	-0.00680488094359624	-0.0153417514448123
0.0113510776482157	0.00697102936593718	-0.0121355225110352	0.00202148133012005	-0.0158708008433047	0.0201310710316388
0.012006241242512	-0.000691793979061399	-0.0139131491736501	0.000123024534654499	-0.00318879983382127	0.00696277113072667
0.013058542418453	0.00189929067472098	-0.0222110286928543	0.00363183839211426	0.00967802436153039	-0.00680467378110329
0.0130295310055755	0.00220753970724304	-0.0203740393827713	0.0019841626606814	0.00690878620987427	-0.0070089874880554
0.0130590291773748	0.000349559372699332	-0.0223381761232248	0.00475026418457062	0.00819537469658447	-0.00822472164452649
0.0132893646285686	0.010337439609026	-0.00321061083033893	-0.00212598803699905	0.00321966684348707	-0.00294174912596519
0.0125652184651729	-0.00992851701445568	-0.00667377682398762	-0.00574203028752288	-0.00398344996848871	-0.0123306089598116
0.0123721728167319	0.00257776752466105	-0.0288849711143181	-0.00412936466155967	0.0034250925408586	0.00731038238360231
0.0123997703759804	-0.0178641891498223	-0.0132478206629491	-0.0163506293650141	-0.00690820185292825	0.00595602074456992
0.0112366749891905	-0.00661009461599365	-0.0103648235670477	0.00423478888349821	-0.00358393013148121	0.0184433645918057
0.014211265399049	-0.00819585896205836	0.00876983467847887	-0.0199304578077493	-8.74656948032318e-05	-0.0158099874425656
0.013513844457407	-0.00998626301190894	0.00689137518384612	-0.0138208212755742	-0.0123528554113197	-0.0119015688467858
0.0109693419795336	-0.00255355195689372	0.00186638025337911	0.0102339248197132	-0.0110047483503492	0.018357161482719
0.0128237958415497	0.00408440917534052	-0.00611234287727175	-0.012098150759939	0.0126335028595009	-0.00722400935010922
0.0134827877106894	0.0450546221651863	-0.00820227938176763	-0.00636820478352342	0.0174640175653489	-0.00186487803621413
0.0138715326038039	0.0386002507578477	0.00416183032206108	-0.0269592693790834	-0.0218820836881266	0.00622699153660291
0.01251348027445	0.0271939414423095	0.0254070795356381	-0.0035169496035125	-0.00814299152284798	0.00597704695926935
0.0118340960261203	-0.00465398892176066	0.0115684664767543	-0.000460096005298815	0.00135632001122715	0.00126818870064109
0.0120210416637714	-0.00673401134298527	-0.00450692877182875	0.00715703481706088	-0.00649197749719236	0.00918476537600181
0.012387934397847	0.0105109373231999	0.00812940321953206	0.00242046446597506	-0.000927749569735077	0.0186687365706798
0.0125873319183132	-0.000374240774342153	0.00453518040511726	-0.000405738851300217	-0.00735999595034897	-0.0162254438970519
0.012446557582109	0.000274036028571002	0.00630149649510427	-0.000578783971196445	-0.0059402881715551	-0.0184076855865723
0.0121223135937403	0.000737614903776086	-0.00441203176547479	-0.00656971006566273	-0.00523214447547163	-0.0124828153969621
0.0115626569160533	-0.00264282423605046	-0.0199348253573415	0.00521923374772655	0.0099737443533519	-0.00158404102721168
0.0113049518537584	-0.0131986165427659	0.00170049718450192	0.0158961904216795	-0.00583997410412539	0.00536559947801244
0.0124977954840858	0.00665263855255335	-0.00513584341823881	0.0137302145528979	0.00395876177640688	0.0053561721595555
0.0127534482768177	0.00684001403908706	-0.00434007185694117	0.00464566675254351	0.000314349156554542	0.0182932382009118
0.0121109693011102	-0.0082894995768592	0.0026198170316786	0.0077449654858584	0.00407578082145617	0.0217529797869022
0.0121745295188697	-0.0067733733532925	0.00782351024425786	0.00350454750068999	-0.00624853726915092	0.0273387626055795
0.0125533895453503	0.0104624564532849	0.00488472706525036	0.00730190461303095	0.00156839992699171	-0.00890657966152386
0.0108636042707056	-0.00400796802508439	0.00424447619595319	-0.000883595606506008	-0.0189092263641954	0.00848149774670679
0.011198262166232	0.00513064936729092	0.00606547664633227	-0.00180141434943425	-0.0110720998126225	0.00890178869351937
0.0109656942002395	-0.00841569465172125	-0.00746044445675092	0.00404110380619541	-0.00437677586528854	0.0194915724569955
0.0124645031279843	0.0132037689566732	-0.00262929660596941	-0.0151363694780593	-0.000804937487780349	0.0270171102150278
0.0130520232850635	0.0275593635704129	-0.0198392921144722	0.00824573905292332	0.00240192567779393	-0.0208451649693885
0.0135958050251711	0.00667695184047753	-0.0138025100337698	-0.00654641666945714	0.0105770019532029	0.00885760297843253
0.0133163178650661	-0.00301482821601667	-0.00934717790956025	-0.00447824278324943	0.0162598813832863	-0.00159700268126649
0.0117868227493529	0.00802083981410226	-0.00742597185528591	-0.00249131132541964	-0.00943626770768232	-0.00550009248181764
0.0124037099242154	0.0081931882570648	-0.00733756753706867	-0.00605902177942355	-0.0371338489109133	-0.00221002611312454
0.0140642060289751	-0.0288671354906342	0.0305411994984792	-0.020552215925761	-0.0181168503204222	-0.00718779569714385
0.0114594951525359	-0.0160379347550312	0.00713189736329393	-0.0184068081835025	-0.0235559821562177	0.00676364277805179
0.0124512281590679	-0.0123774142887905	-0.0023792951680616	-0.0181013310069309	-0.00150024634599056	-0.00154690343708351
0.0125161196497971	-0.0121892756674331	-0.00247749844697813	-0.0174055773705541	-0.00228961495818668	-0.000559633059921801
0.0121368190081146	-0.00200778479025929	-0.0117210835275443	0.0051227835486301	-0.0123668451513535	0.0144941471311298
0.0125953691792141	-0.00514452621774434	-0.0114982691427464	-0.00672244229858133	-0.00237453322097534	0.0144179816795428
0.0122772374991817	0.00369508286954844	-0.00883765609635493	0.00163115048556025	0.00691396006070731	-0.00153829319827911
0.0132537747565999	-0.00469227330024895	-0.0102813139386655	-0.00369741676167484	0.0137915054089113	0.00334999985593355
0.0125445707116922	0.00400328713960919	-0.00449011807179354	0.00248150815762906	-0.00614561832436493	-0.0101376615434979
0.0128926195118583	0.00965245745802545	-0.0115415526760327	0.00966305893035995	0.00206967999386728	0.00276991991251087
0.0123201311908039	0.00434054956850457	-0.00867186805322956	-0.0028759531429389	-0.00828157181314115	-0.00668984787398677
0.0113213114105655	0.00368290957933984	-0.00790246872916606	0.0133965177086298	-0.0220945038406674	0.0100065952522812
0.0123348700426544	0.00624705959507198	-0.0084673511666489	0.0106660785585404	-0.0256638855032044	0.00333686521694563
0.0127440636410411	0.00175533381701911	0.000601460865840778	-0.0169510767871878	-0.0068850574176607	0.00446334820127792
0.0126004178360666	0.00230960188142888	-0.0115717408919619	-0.0105003070207635	0.0129640220039944	0.0123520519034167
0.0120261034841327	0.00410565394472594	-0.0119920584947383	-0.00392944153907408	-0.00405002084156315	0.01353502670107
0.013370810837052	-0.0209159567279198	-0.0137439607184032	-0.0108673051517712	-0.00537471965196182	0.0136823704728321
0.0117741752588399	-0.000104098890191341	-0.00266009878273772	-0.00580024383955555	-0.00892010141452232	0.0151886157026695
0.0128345436547076	-0.00430530855581676	-0.00220789442056212	-0.00374944055559414	0.0158396308658039	-0.00311216195105285
0.0117345655675641	-0.00680266675234214	-0.01978856972663	0.00864442738814102	0.00199935529272464	0.0195420336609296
0.0120538455435925	0.00188520596295805	-0.00752311945996755	0.00373294378752531	-0.00556408982543152	-0.00849026318635787
0.0121974266213389	-0.000683944549412398	-0.00886419859849199	0.00729733376189717	-0.00574674740327832	0.00211576498931381
0.0123259840536425	0.00777312603152582	-0.00764809466745087	-0.00507861526326618	-0.0205217557678519	-0.00943692139081669
0.0127975139166683	-0.00809197968410836	-0.00641089904619418	-0.00743347248882828	0.0042878445373346	0.0118174793612018
0.0129891617207977	-0.00637004881392557	0.00144500931767602	-0.0133713146908616	-0.0029460973704914	0.00735680287561126
0.0126339082734445	0.00706557845675756	0.00665590825186898	-0.00245618571575854	0.000610171626177604	0.00414536397716013
0.0126847371853884	-0.00115915032912853	-0.00314756763905924	-0.00371923074489346	0.00617578104421095	0.0011925786250694
0.0138749952831229	-0.0194564468521461	-0.00691300664304235	-0.0173889808541212	0.0138729668085304	0.00879359002104267
0.0129758436264046	0.0112343856149036	-0.00478289088725103	-0.00759441871944332	0.00908683042284436	-0.00067709635987409
0.0124591308567403	0.00282522995375684	-0.0141964674851562	-0.00405714105458178	0.0138627103278269	-0.00244114652676628
0.0136086863593987	-0.00747939631171512	-0.00509459072276342	-0.00103544511845475	0.00808146324759856	-0.0117244215825667
0.0144062923386051	-0.0103595690723662	9.83653987049831e-05	-0.00480823092672833	-0.000309452517978738	-0.0183456897284998
0.0121138518714341	0.000175426754495036	8.40713312525968e-05	-0.00884402223089276	0.00696774273231962	0.00960254541857554
0.0116925050609077	-0.00412535997679855	0.0122629525514282	-0.00603609274500224	-0.00463417949603068	0.0174873157552964
0.0114478164170177	-0.00261609242161005	0.00380697985989164	-0.00985460720515387	0.0019157445355707	0.0306250551268953
0.013579224520167	0.0396973308073135	-0.00777060976861154	-0.00736059966989204	-0.00223911239118397	-0.00294456319864147
0.01315684612012	0.00169906296192577	-0.0115252019238942	0.000727684887661489	0.0147200762827868	-0.000769412665124593
0.0137663668308956	0.0014886512013318	0.00571850322799355	-0.00329552878391796	0.0237789413663122	-0.0184675773593128
0.013431425967703	-0.00350540046324822	0.0212228247302956	-0.0137590863445421	0.015538815290595	0.0030473559655057
0.0133610176057015	-0.00743545155602665	0.0160811341440292	-0.0093012214579244	0.0187449593978868	-0.00335465868416026
0.0125101120917267	-0.00782822684645788	0.00492772876891734	-0.00665822078823084	0.0249988838185048	0.00205181243690599
0.0117464929505489	0.000798137412319542	-0.00637247491858492	-0.000268843911908029	-0.00199327620924159	0.00499143205564906
0.0133635011406841	-0.00631992934278332	0.0198770300467456	-0.01512423009062	0.00578729983677526	-0.0161329717654127
0.0120007914181799	0.0295279498018838	0.00848217941903886	-0.00806133872134098	-0.00578629922498524	-0.00517670623311725
0.012047749562622	0.00926571691685769	-0.00490377890255347	0.0126894732686077	-0.00605781941529176	-0.0173952677691901
0.0118940410622362	0.00903241499206479	-0.0011407885517862	0.00959290336295285	-0.00522135386428011	-0.0203076099132776
0.0132291034923191	0.0146264754694952	-8.12629113768493e-05	-0.00710525375064208	0.012815295533855	0.0269356841251015
0.0119583462479097	0.00262285171496582	-0.0168007607640416	0.00776280724373588	0.00240805656518063	0.00351236690559024
0.0127135085965138	0.00567179664793193	-0.00662621974405905	-0.00774435896862573	0.00145148692180152	0.0064510000827511
0.0144026590079965	0.00726082964481999	-0.00793699566987292	0.000514247009810363	-0.00314858370404464	-0.0210479617906682
0.014200749140309	0.0102892667420877	-0.0104567903573341	-0.00554334664333973	-0.0124204780097885	-0.0175650824331661
0.0128655374163748	0.00110880408427608	3.52421761733255e-05	-0.0317221379646777	-0.0304278923104298	0.00563491199848692
0.0126865660908137	-0.00475175099539508	-0.00544658540722001	-0.00156120039980252	0.012813299693375	0.0106977730271724
0.0134965187729204	-0.0198892187959615	0.00692132181345647	-0.012135048486709	0.0031379784491968	-0.00291972709037366
0.0124932901708746	-0.0112240620011014	-0.00981980217196568	-0.0152114135264542	0.00152215147824469	0.0045987009580997
0.0147885171271179	-0.00941944144960574	0.012037346034505	-0.0224760179163271	-0.00221190627687839	-0.0130440228847421
0.0123765924135941	-0.00594606818185664	-0.00808279757200039	-0.00580599097235104	-0.0111771112158444	-0.00408449900979536
0.0112540103762063	-0.0062166936362171	0.00267342705916012	-0.00196383069652826	0.0111317485978055	0.0266136419492633
0.0130649001677411	0.00202991613521268	-0.00662917518033326	-0.0185606101875974	0.00806139899418786	0.00317401857886103
0.0135394189027462	-0.00790865462100783	0.0231418792957381	-0.0133395727452755	0.0105272830985186	-0.014936332400501
0.0141325887312297	0.000687680427271356	0.00957474245778795	-0.0145120522350066	-0.00265707906161468	-0.0194036260781104
0.012842958984372	-0.0180318112263022	0.0337648631901478	-0.00793881684841871	-0.0117198386136992	-0.00310842462601686
0.0123701495993964	-0.0150721760448329	0.0160706824461723	0.00169651954532396	0.0151273595526752	0.000550648532243382
0.0115153102245066	-0.0133477085371723	0.00919811932130612	-0.0153630496190394	-0.000738046496347747	0.0140504858639915
0.0115263396501312	0.0150921715097465	0.00837046280269302	0.0196315504570346	0.0162524750029779	0.00773379517484162
0.0128686877429978	0.02192282231293	0.0175847886196588	-0.00356823154171195	0.0174326010454699	0.0106388779040791
0.0123820523044611	0.00488908327560153	0.00787743858749076	-0.00312656470120588	-0.010788568869635	-0.0120048970600219
0.012281095957111	0.00489306359456553	0.00618104734833953	0.00829126316172472	0.0116850650047061	0.0105189492330052
0.0125780574214395	0.00717968871757234	-0.000872064900371904	0.0112733454423979	0.00619271995139487	-0.00884108508827825
0.0106689569359846	-0.0115131819904757	0.0108354110955755	0.0216425108227669	7.63466899173447e-05	0.0031130708771305
0.0138384025070543	-0.00618189383528955	0.00318170858629181	-0.00339999428091369	-0.00835774917712439	-0.0136378771096119
0.0126271232806198	0.0217038061035867	-0.0072569600047022	-0.00483883955387658	0.0117619915684471	-0.00499644954914516
0.0129939203135102	0.00803191156917918	-0.00679547094514698	0.0036012846675453	0.0001717550499246	-0.0126774490831009
0.0128089246827663	0.0221641928558531	-0.018798270977908	-0.00536089990522424	-0.00576666819476389	-0.025498663330497
0.013289454552892	0.0200628140055342	-0.000225945559337988	-0.0104086563219406	0.0055772453610112	-0.0110572821418344
0.0128785030490129	0.0110833178633134	0.00276290934901507	-0.00357332640134854	-0.0111142822427091	-0.0246652996754819
0.0114374761173971	-0.0108816566012429	0.00524991041882406	0.00353223470355844	0.00756590437556773	0.00882886177115244
0.0135609838093085	-0.0247351216977958	-0.00697088546537017	-0.0220734198659064	0.00181492683251029	0.00467576322618147
0.0133814227183808	0.00424061149664336	0.00430339246202889	0.00950503251591	-0.00547176515826624	-0.0153339559229734
0.0141629515937445	-0.0315154526067655	0.0056049754185164	-0.013434185694365	0.0229492387920105	0.00295655995212706
0.0139130939063249	0.00527599607036158	0.00687484789540654	-0.00859072742878654	-0.00482366295679392	-0.00102755491108379
0.0118826157458456	-0.00843864768596129	0.000293892891268165	-0.00499575402122914	-0.00531819260656134	-0.00957729057388373
0.0114371410903956	-0.00580011639624194	-0.00557159584658902	0.014623149836643	0.00807859140881617	-0.00114899624054219
0.0121802378020315	-0.000350318601833815	0.00870997055187609	0.00474578318108909	-0.00298881925851887	0.00550677797011096
0.0115265782824228	-0.0010507517939221	-0.000437586670203821	0.0190510409223406	0.00422472053034358	0.0107078503144108
0.0110187378412903	0.000682700051850445	-0.00612702132922935	0.0125283309287401	-0.0144509464545668	-0.000785067432780133
0.0129791143895787	0.00205256026041602	0.00175070516768431	0.00396516586691867	0.000847253233554852	0.00440553924927043
0.0128297514650303	0.002941217966289	-0.00115054372674065	-0.00538882104198524	0.00291321366440813	0.00314313684389972
0.0125012981918966	-0.00189615008443524	0.000104769834488025	0.0109271529453207	0.0200191151083607	0.0133781375095039
0.0119032084109698	0.0180741827140801	0.015839078165888	0.0108314911202976	0.0195649590696324	0.0123053507820476
0.0115535912878802	0.0232840011743614	0.0437575939178775	0.00970487250346423	0.0231446457114016	0.025329560773303
0.0114169361787671	-0.00515081150402616	-0.0150664158013796	0.011233780566948	0.00659951734252743	0.00919788643198135
0.0125214612827141	0.022798715078116	0.0193649679271921	0.00852498009997876	0.0130112123364459	-0.00511205681822554
0.0129350001778726	0.0165561091837604	0.0110989670141809	-0.00277149031048717	0.00305312257599047	-0.00661462040400775
0.0117508099289328	0.0122146704922286	0.0104567322368887	0.0104822246853085	-0.0169590765765897	0.00963898474809539
0.012254494464227	0.0123102129747561	-0.00268080781450177	-0.00115024410508901	0.00795094619708643	-0.00311876197276554
0.0109418808541611	-0.0115231126914768	0.0130658419191274	0.00153758881819668	-0.0282837801369004	-0.00959916844935507
0.0113929755033881	-0.021263955970689	0.0144466982330133	-0.0101903591022396	-0.0186917433027314	0.00268696549476439
0.0129501122737869	-0.00203435486459071	0.0038466292411814	-0.00743778927612969	0.0238847674985321	0.0260771420387626
0.014068743146542	-0.0164788930461477	0.0418810813627193	-0.0360223152052875	0.00398058871712537	0.0185180822486966
0.0112291312340649	0.0040484037161636	-0.00609780264298962	0.0158908375332141	-0.012693648608791	0.00726514499983054
0.01170059069511	0.0211774751534108	0.000431441052656865	0.0165089023753094	0.00875068183316387	-0.00963713777917177
0.0126571614079407	0.00164828731215979	0.00150650629455982	0.0140767846343472	0.00748542643144217	-0.00713025206323268
0.011931959682824	0.00615997509042834	-0.0104656917441482	-0.00851969761602307	0.00609849556102748	-0.0199348896057858
0.0118965996204983	0.00844495213248562	0.00647035030074331	0.0105028080716195	-0.0240787646217925	-0.0180937664824314
0.0127963765152679	0.0278501536149993	-0.00178216168632256	0.000430466348511181	0.0153388680511086	-0.00626477907450615
0.0132509786150885	0.00614807119411646	-0.00737996254597266	-0.00206078357657977	0.0242221444935143	0.00175768208737805
0.0129552574358612	0.0103534397251437	0.00101097149570696	-0.0023369892572615	0.0216120229366902	0.00999097867876639
0.0139063972532689	0.0145436736621731	-0.000283600773719791	-0.00474101281392268	0.0160518990514378	0.000766804419216234
0.0113419138237476	-0.00458843184728279	-0.0077165972436061	0.0156402545679491	-0.00476976671512409	0.0107543300233554
0.0115962149145204	0.00216702328644269	0.00206166633807517	0.0133940549761079	0.00437006833348955	0.00927897299926106
0.0126580531182626	-0.00985554458062559	0.00791853453443205	-0.00442193901430556	0.00286739747932305	0.00209078070692724
0.013288307996999	-0.00171456119669843	-0.0120623876300776	-0.00502476593868015	0.0114315354447019	-0.00667308676349371
0.0114402733687717	0.00646467532460378	0.0094546132457958	0.0105010844824581	-0.0174290544791879	0.0051246289998497
0.0113648227821583	0.0292380229285706	0.0326902587334309	0.0203718201923979	0.00759187045120511	0.014094953767027
0.0118665008758112	-0.00172793540611601	0.00496032684344493	0.00161947229930969	-0.00181905105786607	-0.00894171676886969
0.0122910918639984	0.00128664184711547	0.00553643565500802	-0.00872199778750607	-0.00443836014458564	-0.00501831687651185
0.0121965650171632	0.00643877379131242	3.86004799867896e-05	8.05804283786128e-05	-0.00698704283940212	0.00745610903068224
0.01331014853382	-0.0142149611514545	0.00164453887116339	0.000777677850458217	-0.00197002093472982	-0.0173871313416818
0.0122294025825039	-0.0160784433228443	-0.0147696249054689	0.0152811102884835	-0.0086475413694981	0.000248913739534456
0.0108114021037923	-0.00436850919284878	-0.02143326563162	0.00409972594786743	-0.0380808567206341	0.020569914972697
0.0118569361489045	-0.00969682357088777	0.00604301670331269	-0.0110668849682505	-0.00384469774439296	0.0148927586040139
0.0127887098943234	-0.0035374129654861	-0.00735233368429406	-0.00642945565355277	-0.010019239562222	-0.00426535837899882
0.0115736369028293	-0.00685232709915464	-0.00205796371004166	-0.00810185269862565	0.00635688459950233	0.0100824331816635
0.01156105490632	-0.00443972154699135	-0.00944428799720517	-0.00225172640123771	-0.00904774965747294	0.0267238046575058
0.0118067163200486	0.00250939585661219	-0.00990229783973346	-0.000418524681448751	0.00897896664627428	0.00850868721464153
0.0108815985399089	-0.00691202669158142	-0.0111779676756813	0.0194103090526491	-0.00724067630922279	0.021678811183534
0.0118322352437699	0.00296524813435423	-0.00896707277878411	-0.00266030147958144	0.00759887562472878	0.0120004294739724
0.0115270713753535	-0.00167185742868568	-0.000297107499201898	0.00300409108174748	0.000480661220863692	0.00933532847255124
0.0140321856609441	0.0361002914983727	-0.0140424686507104	-0.018856596271794	-0.00417394075696335	0.00644581128868436
0.0116002220037709	-0.000988270523589665	-0.00483285414120859	0.00808929423603932	-0.00918216276549266	0.00500161503283786
0.0123802879843409	0.0118640608861529	-0.0150825898722786	0.0051599517804886	-0.00153832352594703	-0.00439220606695117
0.0147292461676127	0.00023862096675517	0.00958255042986438	-0.020026036392225	-0.0237719926538879	-0.01927376396483
0.0134770452639114	-0.0130248794121957	0.0158304255489802	-0.00680377523820683	-0.0192668155566963	-0.00502989075790441
0.0144262431197101	-0.0104971127375413	0.00258662085605116	-0.0108877422596696	-0.00752010584376511	-0.0229408954085996
0.0130271997773976	-0.0017365709677641	-0.0212242721507238	0.0092974250461738	0.0144658667286515	-0.0035673129524013
0.011869893840787	0.022119542444415	0.0303221563981118	0.0223329894890826	-0.00854757248192652	0.0143846215507175
0.0130467184685121	0.0155770345838281	0.00631435013467086	-0.00111075991995918	-0.00710815494644321	-0.0146465636152305
0.0121724610907413	0.00596936265068891	0.00153273582240579	-0.00659127966480664	0.00326989346861868	0.013322895645315
0.0130623002240332	0.00323128297976757	0.00539713841669904	-0.00359014260971982	0.0143315822824053	0.00621421536958403
0.0138462951480729	-0.00618933946734779	0.0100567758261803	-0.0116673624998624	-0.00290657015619557	-0.0189084070624562
0.0112026368887402	0.00767994587785107	0.0242442023698976	0.0292511753558943	0.013294716381565	-0.00774503208841226
0.0117220793920126	-0.0020522696219449	-0.00191719561940444	0.00861571046701073	-0.00583507353828638	0.0174554391473243
0.0127571607078221	-0.027978153593019	0.00311841030282787	-0.0191254854722915	0.00545144938507024	-0.00943767160047966
0.0118047464651908	-0.00685989396478101	0.00103390134085892	0.00635693803413046	0.00803930867321219	0.00769059335746963
0.0123898344240454	-0.00688581430776446	-0.00602496946724411	-0.00473599585761815	0.00622289356599747	-0.00833873126637549
0.012402145226124	-0.00252188517773571	-0.00431150732731042	0.00138593133131397	0.0174547324929554	-0.0151051274298451
0.0123150796256481	-0.00631309474030833	0.00178544975996164	0.00403661191184931	-0.0191028091802503	0.000553616873605308
0.0125791070199486	0.000216160722297687	-0.00565299315598275	-0.0036734419694141	0.00980118642905928	0.0135726497411035
0.0118504762053411	0.000210882007279542	-0.010293892859676	0.00239179069906142	0.000504950923419084	-0.00562129613327287
0.0118385406523673	0.00108961485513997	-0.0127158262090133	0.00342337718499587	-0.00200596648166664	-0.00358526220948086
0.0106636807707067	-0.002078190815515	-0.00376582102336684	0.0143142983620429	-0.0493373641442074	-0.00600131344187062
0.0110264325561846	-0.00219521129249305	-0.000510983662068566	0.0107297949375885	-0.0442758150034012	-0.0130149001203606
0.0113315134300927	-0.00106924777423244	0.00235138118369117	0.00749021908250434	0.00281326584884972	0.0121875868874988
0.011787167910426	-0.00570504509457296	-0.00259219185936998	-0.0038939785588961	0.00811911690834657	0.00817114513328033
0.012848824974276	-0.0127276557134543	0.0116012888413734	-0.0319324067851442	-0.0146741749128555	0.0215963894200208
0.0118691128189362	-0.00525676002998481	-0.00080556331720579	-0.00614222835690851	-0.011051404883075	-0.0112966765652731
0.013191356071928	-0.00271335582962841	-0.00508852833227715	-0.0184610059370271	0.0135227069795938	0.00778038121040127
0.0106610311236306	0.00975048833077235	0.00147971916910777	0.023270948950936	-0.00192347399720513	0.00675071022384017
0.0143225883484906	-0.00911379801548763	0.00411291805083197	-0.01984423945343	-0.00450753925934633	-0.00217472703408522
0.0143759136122152	-0.00668512929918244	0.00917087000082678	-0.0159756005869921	-0.00357023837436236	-0.0192487885516213
0.0119463397805775	0.00514465935585913	-0.00722032369833568	-0.00321272437417224	0.0065902709629089	0.0121611180357551
0.0127879481205696	0.0301040166690178	0.000791138613403115	-0.0066747155162565	-0.00438169410427691	0.00349456537478555
0.0129520378053689	-0.0110580498132538	0.00294249371793402	-0.0069710924863496	-0.00669853974516796	0.00346309115095709
0.0129437059604684	0.0029181746542183	0.00140365500858988	-0.00365419862289083	0.0129013879470528	-0.00652959873119619
0.0114783365755911	0.00165369087560553	-0.00460759571472263	0.0300410639186978	0.011270272221051	0.000154797067355588
0.0120683832895229	0.0221439672003419	-0.00397747727934054	0.0250387693446703	0.0128393621929038	0.0128223264707153
0.0129942901912044	0.0206317743960018	-0.0185751247313423	0.00414718950944605	0.00597201782855651	0.0124845739025585
0.0140155503008906	-0.00394209253265708	0.0200402626398308	-0.0226046213855995	-0.00113166715037106	0.00176012055127358
0.0134260069072178	0.0147655237652824	0.0091121646668587	-0.0124457718288665	0.00559347368496291	0.000938345305238591
0.0124541673197216	0.0136396327307173	-0.00134749621352409	0.00369102044638849	-0.00149584388288349	0.00864792091730923
0.0137262886395936	-0.0115974444074134	0.0146490549834036	-0.0183856926423541	-0.0219442714718996	0.0124553310635771
0.0114578886181499	0.0073218617792651	0.0210214828594646	0.0202968576743524	-0.0134552626950095	-0.0102891541630595
0.0119010492741854	0.0367394831826509	0.0431393365913265	0.00175046305129355	0.023838558809956	0.0193625958321086
0.0113797210723948	0.0116121159260883	0.025390522646579	0.0242850913915221	0.0142255762175761	0.00844310589505156
0.0122099840187942	0.00129230674984271	-0.00975701654257794	-0.00447275662859643	-0.0142308130556891	-0.0068645018473875
0.0151184393081071	-0.0121371008052007	0.00531272651502862	-0.0185922608016284	0.00736270994003019	-0.0172660922447258
0.0128159414037086	0.033432891342868	-0.000781731680743149	-0.00782645459396139	0.00740599053788014	0.00690630455602956
0.0129696269465347	0.00790884549796854	-0.0134119079489834	-0.00679269023768097	0.00174837225335137	0.00295149204446902
0.0125021432534948	0.00331790935621248	-0.0120995567581022	0.0106538123733617	-0.00522342466841113	-0.00749561634353571
0.0132577773107513	0.00951300495643967	-0.00484562486848717	-0.00275686088486286	-0.00161796031908364	0.00241989692543939
0.0120259120176889	0.0043964274853244	-0.00260748444791973	-0.00405264958472035	-0.0124859065050717	0.0183967980138007
0.0119173653292064	-0.00528682794542752	-0.0152618471893464	-0.0023998604471278	0.00261338049176453	0.00585430332671655
0.0124970695591626	0.00158391051053371	-0.00493656405758408	-0.00869876074368604	0.00791319613111842	0.00219780148119119
0.0122281359214246	0.00955820451263575	-0.0123313009350061	0.0105472299736522	0.0100603214737794	-0.0165139391383818
0.0126959069996684	0.0164073619809256	0.00143000708280732	-0.0189991827839717	-0.0148194407959072	0.00463291143231831
0.01178878458047	-0.00115039877765649	-0.00913184123681025	-0.0127700776674956	-0.0108485622626739	0.0308081507500649
0.0123012840643265	-0.00846415889163131	-0.0114560936610715	-0.00838785400447222	-0.00853131113961474	0.0182435157374839
0.0114838902002028	0.00318572426062599	-0.0123339579868315	0.00839408819231519	-0.008975910343871	0.0157476267587403
0.0115381791632969	0.0143993870555604	0.0031883114305887	0.00792190856641426	-0.00104962376242156	0.00290767109810984
0.0138545498620749	-0.0273636066324195	0.022819304870276	-0.0309947359244282	0.00741563913862369	0.018984223965786
0.0130743798178754	-0.0189167931961598	-0.00875590139090595	-0.0165205421903521	0.0193651874220641	0.00854933665992615
0.0121342630298375	-0.00747488371907961	0.00192288956852624	0.00152894822545402	-0.0114587620021597	0.013028679692515
0.0141759834487214	-0.00385367036772201	0.0138157891546456	-0.0184148794133223	-0.00920745000753857	-0.0196024927772118
0.0119998035300241	0.0200465798548893	-0.00154625481847677	0.0197609735125347	0.00945835559087407	0.00311637438951535
0.0123381185901165	-0.00297894884085062	0.00752845066525361	-0.00688569627838461	-0.0102798705690155	0.00821367965581625
0.0119338984308932	0.00692793954804223	-0.0168155062492402	0.0137792734779546	0.0215834949986623	0.00908978470821181
0.0121662893531195	-0.00975403136859588	0.0106255742814312	-0.0193670686090075	-0.00979342192235137	0.0133794316198262
0.0142147565667415	-0.000109131278217285	-0.0129445898810479	-0.00985487637407756	0.01626817412883	-0.00364998123749547
0.0129576576307658	-0.00179520456607253	-0.0154063833059045	-0.00843878214744882	0.00135652715480881	-0.0111662825703845
0.0151055789702325	-0.00571736199989124	-0.00821014065548695	-0.0231465465511542	-0.0188610847921937	-0.0246221761498048
0.0112514486224335	-0.00803106890529262	-0.00130355301609656	0.0141005443014039	-0.000701482488397018	0.0149759318026553
0.0122924145862092	0.0198018267127193	-0.0043119497358185	0.00829948652480602	0.00202015587989059	-0.000405153284862183
0.0117739375993557	0.0015327322469526	-0.00846802162719353	-0.0127775285286928	-0.0122088464392017	0.00868957774342845
0.0109204800700133	0.0111898419821832	0.0188898624334528	0.0231074391197909	-0.00171684519986876	0.0230249996307826
0.0112214420768865	-0.0016398814834101	-0.00350494411153515	0.00263973755678884	0.00375784016337158	0.0296725811300883
0.0120552195422626	-0.00346904736025778	-0.0156186852231851	-0.0112521161215078	-0.0135813566146936	-0.00123665360910672
0.0131837235230582	-0.00441892258755539	0.00625624274498021	-0.00965578098102911	-0.0164694864471217	0.0110546143158915
0.0122955693541784	0.022112723415463	0.00905578823059873	0.00318370755038065	-0.00126893409511963	0.0142350692379241
0.0123081751316401	0.00144817676104635	-0.0289500676709467	0.000641150092518813	0.0117613846905155	0.0222400796343572
0.0123518419103135	-0.00576460061220974	-0.00378104792392313	-0.00389971869823278	0.00767104392805275	0.0106718493676588
0.0111675435199081	-0.0147310955686699	-0.0136395525205979	-0.0029782743051869	0.00744169962938482	0.0162599676537631
0.0116918564191805	0.00837571740431074	-0.00476346353089983	0.00414780597369498	0.00282252145999364	-0.00965974127660872
0.011499063998036	-0.00227897804624195	-0.00441047708461881	-0.00929805822500822	-0.0222038882938128	0.0208880377513922
0.0145792478113408	0.0103950525359493	0.00217455303540748	-0.0160911621215832	0.00974956686507312	0.00918789590183413
0.0128155107771729	0.0156973399062153	0.00577464158202446	-0.00088145186902943	0.0127431885771426	0.0176857014369845
0.0116880931105336	0.000871178981939062	-0.0260842027128428	-0.00690202446729536	-0.00345752255617994	0.00767392860290354
0.011532795141013	0.0175037952288754	0.00828282633895795	0.0166014599261459	0.00934250206352599	0.0128820731504145
0.0134003418741915	-0.00354654253304399	-0.000967711871633931	-0.00212755657204544	0.0218342897382575	0.00288346182823574
0.0148342339996507	0.0113721277662257	0.00573365014497707	-0.019710895795602	-0.00520573936819772	-0.00679294946454199
0.0149642905528838	0.00645003672007194	0.0145180913980371	-0.0206299022191907	-0.0137562894281975	-0.00931453260793151
0.0133858275750758	0.00575090474371508	-0.00478778946153982	-0.0135994578799479	0.0070138096218429	-0.0029190757506438
0.0114544696219565	-0.00542521115286222	-0.00367381045433295	0.000257284565204641	-0.00867056956030442	0.00704551976529394
0.0131762553428138	-0.0254706356599476	-0.0111719576826987	-0.0148481705361254	-0.0106276892588138	-0.0218534731162348
0.0130228322400039	-0.000172060387236262	-0.00213376954679678	-0.00543888287642215	0.00513614303716916	-0.000234655625570346
0.0125083085926135	0.0175202328342472	-0.0267734709133264	0.0089491347068009	-0.00427489109936538	-0.0132597895820255
0.0123516765510668	0.0211575082605618	-0.0166843278442976	0.0109741089897235	0.00175680463804483	-0.0146600927541749
0.0131055658494987	-0.00777330507254266	-0.00440624648511841	-0.0123902887190099	0.0241577025990965	0.00361248481570734
0.0127530132720623	0.0182756315989548	0.00491256792388492	-0.00106885644084097	-0.00437998747915066	0.00478744142231569
0.0121508370116486	0.00695721957591618	0.0260138577475566	-0.00977147891998774	-0.0159142676720306	0.00697611039944843
0.0124445431335921	-0.00573544530588476	-0.00424716469676946	0.00465646931996782	0.00860162969011111	0.00629485297917386
0.0118274375391193	-0.00272521207255176	-0.0074173090875226	0.00118514770294936	0.00501580912488957	0.00335680330168824
0.0134997470099329	0.033296945771499	0.00221802542090894	-0.00720444190115919	0.00252261390251076	0.00581137666529872
0.0124078922116998	0.0109893715319433	-0.00757299504967611	0.000164278026147558	-0.0114463198734493	-0.000928588082804133
0.0124068642678346	0.00332867427659738	-0.00490498854189736	0.0182908094239063	0.00158707424891651	-0.00913512830229559
0.0120762653104048	0.00469006563320569	0.00107990053152096	0.00933177353196845	0.00895441369261492	-0.000926632702528091
0.0115968136442142	-0.000513315874709214	0.00679559579548179	-0.00112506257524859	0.000512586486485744	0.00807231094354048
0.0114664229845713	-0.0159239498826235	0.00174973197110766	0.0302901109219075	-0.00500291807058451	-0.00921151117839029
0.0122972071057284	0.0006724469097536	0.000624015864449188	0.00737780862037794	0.0033317865742373	-0.0161183761884518
0.0130871256628288	-0.00313334733453569	-0.0274885414475534	-0.00190055973193424	0.0102150997623743	-0.0299937024603463
0.0121047532040694	2.04165684227015e-05	0.00280797427311412	-0.00968073718141444	-0.00484901591987737	-0.00633785336175071
0.0124100114787647	-0.0132134379473157	-0.0001150799320478	-0.00390794871872581	0.018356757443978	-0.0158685906388627
0.0114774086811588	-0.0134678107807704	0.00295244306474051	0.0206146273978838	0.0105531228510267	-0.00285035938660633
0.0105928410616561	-0.0133688360072775	0.014064099465808	0.00939451637964093	-0.00933469426887123	0.00152355616764639
0.0106146701436992	-0.0193702474865389	-0.00191071037561539	0.0189670775989472	-0.00677063856836536	0.00765628693559435
0.0125430732905661	0.000726698504532026	0.00415765001078089	0.00293217564088203	-0.00111810350612247	-0.014539551008674
0.0107573085067033	-0.0143809854650603	0.00134754018145603	0.0220343581275159	0.0161825288536519	-0.00715023378619011
0.0107165707088769	-0.0204494848646421	0.0064511745492671	0.0355968908718366	-0.022224485386912	-0.0172428387303064
0.0126173581382695	0.0207825141479181	0.0158973878099914	-0.000177254301404261	0.00253651364415186	-0.00117159655197617
0.0132504579546853	-0.0184551098322323	0.0379640683116888	-0.00667779251213697	0.00259976524478602	-0.0108914478780334
0.0126599869016589	-0.00674975374044988	0.00598988123462777	-0.0206359692994773	0.0106484612412364	0.0016030325170181
0.0134479492198994	-0.00235254103377892	0.00176465760498984	-0.00585641001981585	0.0166257071428954	-0.00868076027061673
0.0121564006127704	0.00172085402623192	-0.0132712752369706	0.00411578269779937	0.013520671959167	-0.00721658784294435
0.0130697126655284	0.0067870250666456	-0.000991274086189502	-0.0079054373283582	-0.0103667685352685	-0.0184272739698951
0.0129176877906325	-0.0127017626795841	0.0037188120557449	-0.00693912283677098	0.00985049726786707	-0.00511825840240447
0.0129276703185458	-0.026833530336812	0.0417423836731393	-0.00990244349521159	-0.00538942495989476	-0.0236924197343245
0.0113930536635819	-0.01695390558936	-0.00324848378994348	0.00803165596177398	0.00199471465271763	-0.00664667402478063
0.0120099349712428	-0.00157822707228739	-0.0145350343917499	0.00283211791396643	0.00651091649099861	0.000108803575324914
0.013061309065626	0.00684128012315082	0.0170060715422674	-0.0105635670592042	0.0030934741247811	0.00474428325211978
0.0134240341260508	0.0076800243353768	0.00673758664923689	-0.00827582158586338	-0.0172897973650638	-0.00879992507314477
0.0138889581571548	-0.000477291407406682	0.0111850599005569	-0.0173641645935845	-0.00603345600894663	0.00643178582458584
0.0127537973098032	0.0028227676306159	-0.00658506917162097	0.00336150996111543	0.0119033254676316	-0.00545976787284288
0.0127270655503415	0.00234480970915154	-0.0064645760258271	0.00346490729598543	0.0125965089361601	-0.00803289757012639
0.013241669483086	-0.0221041404659306	0.0186995953834102	-0.0135777641841423	0.00300508180796405	-0.0249454997773864
0.0123597923578351	-0.014549511136236	-0.00295475216157999	-0.0101710159433438	0.00655800739386843	0.00304386316772508
0.0113980300221791	0.0215506658918484	0.0416746058159736	0.0266631958982587	-0.00533472685816492	0.0322412292149928
0.0125286044169677	-0.0019597348078645	0.0101597773788226	-0.00122108342845861	0.0108075727345082	0.00580073056555314
0.0116126930267447	-0.0229522588477921	0.00726602463099263	0.0055968305584847	0.0133429621604163	-0.0054997660620527
0.0119121882326431	-0.0320487985516159	0.028504231118774	-0.0112968442095233	-0.00556137648067288	0.0034237046973796
0.0115417239922041	-0.0162256484771	-0.00683548499692708	0.0110455125112243	0.0117641637455363	-0.00378995222436358
0.0125336772499075	-0.00160450819866627	-8.72133753865951e-05	-0.00704033654551849	-0.00557807875654272	-0.0129995703665453
0.0123945831301765	0.0101402907505352	0.0166151673602778	0.00832737279864922	0.00255386205734123	-0.0137827478954669
0.0115618762683958	-0.00394916192165423	-0.00689369240897068	0.0178727192413903	-0.000309458238041611	0.00185355731240916
0.0133128254905961	0.00707216208837795	-0.00966008775369238	-0.0153189002325261	0.00397166158542028	0.0113646396262072
0.0142874707771301	-0.0108629350646107	-0.0106177471962929	-0.0161129348279135	0.000906344027154332	0.00971397705318136
0.0116899864471478	-0.0103071003529029	0.0062342123477224	-0.00010766761790996	0.00850187219884331	0.0426433370359172
0.0120626945050653	-0.0210366418248606	0.001406018143706	-0.0123355038239302	0.0132959670412312	0.0197142603869025
0.0119275607569845	-0.00158469012334784	-0.0150498670435595	0.00583825304604124	0.0011572706800965	-0.0154014935977088
0.0115535868935267	0.00126798048238744	0.0183741413953483	0.0138232536328493	0.0154487140557055	0.016121115217032
0.0111953494058179	-0.0169862907940061	-0.00225935584767705	0.0176907564147451	-0.0236932518827523	-0.00501702564489498
0.012839463484662	0.00259597129844896	0.0135290675642748	-0.0111035076846093	-0.0299226333968395	-0.00698312672828762
0.0123768152460911	-0.00451957159677186	0.00134376992299506	0.00383767451700479	0.00591318928906977	0.00405025417884938
0.0124134662511892	0.00180574423620264	-0.00376153624500056	0.0167323685182977	0.00807103467105551	-0.015153244990047
0.0119851265624453	-0.00718591577582035	0.00375641941953487	0.00953300635433618	0.00971020902738036	-0.00265838153309989
0.0104442367088463	-0.00783189414187604	0.0121351125634565	0.0083561276930347	-0.0331250961691859	0.0174183857812757
0.0116871902729072	0.0131676447507146	0.014439062060122	0.00530978704379439	0.00565223964686911	0.00133234074455347
0.0112190032903188	-0.0125589068703111	0.0220559317538203	0.0056353803188929	-0.0109888923450745	0.0160965367999548
0.012752647835473	0.00116768847308079	-0.00755654085940225	-0.00671400196600598	0.0055694810851441	-0.0111048793045616
0.0126685707315218	-0.00326296868963719	-0.00252824183262539	-0.0125822368186396	-0.00169039142720136	-0.0104413764917697
0.0133150555687307	-0.0088026315568401	0.0154555284275154	-0.0145232088351519	-0.00755710910892197	-0.00480285839181856
0.0112512370264127	-0.0123260971393501	0.00235570893369088	0.00568335255409755	-0.0138306488816144	0.00355881221203771
0.0113077867388794	-0.0132057857223695	0.0016922653009647	0.00362229337467552	-0.0122254974920993	0.00723448422031032
0.0116119280531163	-0.00704533066168147	0.00516437751851805	0.0264137377168597	-0.0134159224272953	-0.00346084729424281
0.0117581512290135	0.00702274730405859	0.0250551189618123	0.0105992101592999	-0.023193935385728	-0.00477396442845856
0.0121597392645071	-0.00291334247946504	0.00853645142986049	0.00673229871526882	0.00383380500622576	-0.0197684530990076
0.0122267465791288	-0.000575430433021278	-0.00337511166783364	0.00983704826001425	0.00480290260999481	-0.0207759986642073
0.0131803675112187	-0.00389835779562775	0.00611483232268564	-0.0168432560784029	0.00345468637426334	-0.00421610354358187
0.0123186425787999	0.00210854543120016	0.00825012842458635	0.00272337936540311	-0.0060480152724321	-0.0102536550555758
0.012486570544741	-0.000812411995248293	0.000341126455106772	-0.00298776141326596	-0.00194363524098894	-0.0103643847129681
0.0121204451777094	-0.00325309531989921	0.0116172215984665	0.0106464513675787	0.00535089993273552	-0.00397245213321046
0.0130986114904122	0.0236472461061488	-0.0159275492345912	0.0121154457634641	0.00047528830774307	-0.0210105598426666
0.0115628304978088	0.0130798166128167	0.0537673311903696	0.0060697848368922	0.011791829483909	0.0174987148943494
0.0124574679576823	-0.00456395213784035	0.010693599039414	-0.00598683025104577	0.00300927447450462	-0.013812749205307
0.0139056252257863	0.0114435704798064	-0.0045236091387906	-0.0110465268860221	0.00288224573656028	-0.00179092530108676
0.011469816000854	0.0182042060685842	0.0298173986205304	0.0155664931312209	-0.00382872952268806	-0.000940083828326135
0.0126058680560312	-0.0211783236296418	0.0263285417953405	-0.0286590206470955	0.0120138856671982	0.0127431850199396
0.0122238331339524	0.0182443418800716	0.0102414391326222	0.00754387409589996	-0.0206132882293153	0.00201599667094698
0.0147580358700003	-0.00368740645074655	0.0151125176422122	-0.00849812105779875	-0.00670490705799173	-0.019041114204388
0.0113752243162619	-0.0163212032713215	-0.000638479706875193	0.0241208463828639	-0.0148244673653202	-0.00438930587224359
0.0125437043165307	-0.00372706547038253	0.0020829261825579	-0.00676182256981752	0.00929982853427738	-0.0138577841900477
0.0131037759024094	-0.0142131731911106	-0.00975638518901562	-0.00941220548094454	-0.0221492171246959	-0.0170869307158525
0.0120798615952812	-0.0158817959077049	0.00131828161148894	0.000445187952661501	-0.0155630868343971	-0.0143186367318757
0.012662908134847	-0.0149396514894322	-0.00854835067290127	-0.00869879703655942	-0.017595913314626	-0.00900885512491966
0.0129773529448949	-0.0147062636008954	-0.0215950610324397	0.0128686729570714	-0.00335625358176175	-0.00603033695073234
0.0112345106128436	-0.016202314973759	-0.00318445161502485	0.0167983847445296	0.0122436142108523	0.000986019380386794
0.011372002898091	-0.0155254545359873	-0.00216817346281748	0.0134250274910559	0.00601347172929744	0.00439619835539698
0.0125529859488424	-0.0117536142059211	-0.00399879858231576	0.00290376713669509	-0.00812522419123295	0.00181251304214874
0.0133317194832603	0.00565420911304752	-0.0218715259922551	-0.00529757412395866	-0.0205737458417446	-0.0255293954186057
0.0120693394590411	-0.02192915527889	-0.00312562526142033	0.0207671267762462	0.0110781327511715	-0.00744323362888323
0.0118785662192893	-0.019816625091548	-0.00700977393941376	0.0274214250534423	0.00218428722651411	-0.00971285634020757
0.0114877634854342	-0.00985404733090423	-0.00735406323590028	0.00852393644568102	-0.00397474467030986	-0.0178285084716536
0.0114097039262563	-0.0182857888259404	-0.00290787524892791	0.0228085056408851	0.00416032097367924	-0.00635350135998535
0.0118024913080258	0.00134447846384157	-0.0147005171258974	0.00429520289310785	-0.0180947483888138	-0.0193231932528521
0.00822432571444605	-0.0231661038078987	0.000732864132292376	0.00298284626894889	0.000346528933372172	0.0243287424641498
0.00946836332527564	-0.0118305672877068	0.00314962796379348	-0.00633244303728884	0.000243474694228954	0.00531805251821152
0	0	0	0	0	0
0	0	0	0	0	0
0.0104365627977758	-0.0178336811507225	0.0143959248630783	0.027296013493379	-0.0153610439939936	-0.00866888440316168
0.008696232527855	-0.0220408705942985	0.000752655831856426	0.0177252995881533	-0.00546926029241082	-0.00923699254961898
0.0108208400590857	-0.0114648979966044	0.00423295387508625	0.0190385201888573	0.0178856554427975	0.00868392783607604
0.0114360862074441	-0.00795418212975586	-0.00699171344417731	0.0182541407749379	0.00124371743935295	-0.0250922375325285
0.0131400352447222	0.00388900848946576	-0.016210451853366	0.0086069299713465	0.0041525389487506	-0.0125526166645059
0.0127100064033263	-0.0201630495802169	0.023777020848789	-0.016154109193358	-0.021364324354415	-0.034062003229594
0.0144620753733305	0.0128888021280023	0.00285135975020547	-0.0183891512308821	0.0153843575156421	0.00904853431202347
0.0131647583848188	0.0202223577468593	0.0181752055776866	-0.00824760833263974	0.00598526275974016	0.0117609783333583
0.0119455616440728	-0.000710306810701316	-0.00103892677876201	-0.00214856576805685	0.00365340614125692	-0.000142723748813367
0.0126914122165466	0.00587799221477049	-0.00483241118544595	-0.00338639153208	0.0125111254989595	-0.00612871326319469
0.0126861115019726	0.00579085592688225	-0.00391576918475956	-0.00466016412667555	0.0122865953632193	-0.00603730983388436
0.0128191627652414	-0.0107328333031851	-0.00397047025417219	-0.00579119707201879	0.0127641256393009	0.0189525547283096
0.0113475141822212	-0.0148372945088247	-0.00489180666821428	0.00963983436828169	0.00114254983302817	0.0151777642456382
0.0120366509201932	-0.00940323037221448	-0.0124634059959468	-0.00959360004399552	-0.00940221535733953	0.00402426725302511
0.0133084118521037	0.036293255880525	-0.00888800140576902	-0.00729266137145908	-0.00190314276469531	-0.00552618514414112
0.01361901609053	-0.0277299210425288	0.00811872493998114	-0.0169945235117389	-0.0146216576285752	-0.0356198614815408
0.0130445173633264	-0.00431857502182621	-0.00174273296840521	-0.00612551486389286	0.0056467670745322	-0.0132248349208372
0.0143992697676491	-0.024464400102201	0.0146097687790426	-0.0244643833558401	0.0192469719332423	-0.0166650789026327
0.011528851797435	-0.0107879419963672	-0.00205796893807196	-0.00337729318654586	0.00998877159889469	0.013901564590343
0.0125156938486311	0.0204291492621564	-0.00393665271736205	0.000206877800767816	-0.014284626132317	-0.00119647154997549
0.0113239428879843	-0.00736178496193471	-0.0116029387795118	-0.0129245216674286	-0.0175116039727018	0.0252808661296327
0.012344279232109	0.00955777377607302	-0.00760319642178685	-0.00675072210550953	0.00387202303391531	0.00273658707999029
0.013297932838045	0.0156759157253245	0.0146299117493825	-0.00212792406613891	0.00401063260271049	-0.0067329755370853
0.0141910652146472	0.00573666821713901	-0.000745686338832873	-0.0162785129724553	0.00425555773849895	-0.0197739607173791
0.01176307386379	-0.00248831906706401	-0.0115650292068724	0.00628852987101473	0.00107440395745554	0.00934145026475886
0.01208271053651	0.0020479502351542	-0.0069412376238543	0.0134272188535418	-0.0145859901618581	0.0151024260865741
0.0110408205019176	-0.00615286205204614	-0.00252966748396755	0.0131903715481073	-0.0214720493918555	0.0205889162405918
0.0121465777852374	-0.00714301638945001	-0.0318098057810363	0.00385015781459779	-0.00437823361958143	-0.00381838871352512
0.0132768123361723	0.000226794728551544	0.00548705175162674	-0.00618188010211451	-0.00315762985302021	-0.00271577062744256
0.0127548543209456	0.00307576464724941	-0.0159170091385826	0.0181241938334913	0.0219726635804455	0.00394812163459092
0.0124941370303071	-0.00252421038057378	-0.0102102889363184	-0.0117967909046145	0.00517965381116537	0.00800310423813457
0.0137639887227922	0.0162193410109567	-0.0120551281122674	-0.0189589174103254	0.00361419344769364	-0.00206878421787498
0.0120995493731721	0.00887413031068346	-0.00950326479621169	-0.00908989787056108	0.00403871209705509	0.00105711834109167
0.014882018566883	0.000338656626838017	-0.00935328108637939	-0.0130859288050365	0.00751394237403342	-0.0152087979461063
0.0152650203029557	-0.00344608681716054	0.00363234103955084	-0.0243111332553573	-0.00216036261889248	-0.00900110506583196
0.013431239483574	0.0449804174948028	-0.00375421288030919	-0.0140516579727738	0.00206846720724241	0.00353993459143228
0.0126941444196459	0.00942707951043144	-0.00797994882775625	0.000521724389210777	0.0072328199951118	0.00212281597796246
0.0118370662117155	0.00596664036711278	0.0112969997681964	0.0141372927627013	-0.00290568669346336	0.00707546897491721
0.0107970206834731	-0.0163432212126677	-0.00796195321429114	0.00690056780336773	-0.0119641595612261	0.0197926666263683
0.0123304104831807	0.0343469851690013	0.0192054079553452	0.0104667096944625	0.0284485435777167	-0.00045600126624409
0.0111563743682924	-0.0125056928341104	-0.0125722683720049	-0.00783627276824877	0.00739098387444087	0.0170837896795074
0.012049229696098	0.00476584101225206	-0.0123022068951135	0.00312434074409782	-0.00800486383137895	-0.0141620051571679
0.00795740540918345	-0.00270095318745288	-0.00782872548368321	0.00801362661474836	-0.00214009753269423	0.00737302962243099
0.0132294553694517	0.0248574637081779	0.00161913476694234	-0.00264746060415726	0.0216108168845982	0.00920901791698278
0.0114768746509576	-0.000555864124586438	-0.00494231655438533	0.0200997015618232	-0.0126578782693053	0.0088465659379535
0.0143488420382295	0.0121839369488488	-0.0101211761289096	-0.00568509687529817	0.0289958730191211	-0.00843501940537247
0.0133954024058814	0.0104435842665197	-0.0154894692935728	-0.0065677346611768	0.00105741271213068	-0.00592224269395988
0.0123423645169579	0.00829119563812737	-0.0178559592875351	-0.00112669387837102	-0.0144144261196558	-0.00460546606592836
0.0124481387216074	0.00560648868062847	-0.00623693771643311	-0.0107397482209933	-0.0105162215980575	0.00324196312433318
0.0118091115483754	0.00131507911535408	-0.0116878330167363	-0.00240551348323583	-0.00256910414865737	0.00813758380963444
0.012167990433935	0.00485387260572083	-0.0111420001383266	-0.0157590082701451	0.00155769696935844	0.0110273450090763
0.0135583972777737	0.0385159179936432	-0.00875411276287768	-0.0253626422096169	-0.0140575231774102	0.0194861224958586
0.0130550179409683	-0.00625419254188922	-0.0162862225149064	-0.00236810311362537	0.00310315179391428	0.00340067923539974
0.0150393246689035	-0.0139533925943908	-0.0132287041437233	-0.0251567333133047	-0.00273779446866914	-0.0225588922050041
0.0124938446128339	-0.00278589834030856	-0.0174404045947438	0.000825591088298361	0.000937210958722104	0.00433310814339037
0.0125312358922125	0.0160259939841824	0.00766763966819666	0.00729341794855618	-0.00586989816378918	0.00931095318679897
0.0121207024572876	-0.00396639759873034	-0.0214233601210722	-0.000458774574164962	0.00870577292500772	0.022842699239406
0.0130884858310058	0.00766832181128819	-0.00538691606210301	-0.0108084388261644	-0.00583044077719412	-0.0294893766115444
0.0147293363506514	0.0147465418857428	-0.00263506055109217	-0.021985257373642	-0.0137549678716673	-0.017097119683596
0.0127726259851029	0.0100738082201778	-0.00743123509814197	0.00123225617373859	-0.00277494070701856	-0.0103747030926594
0.0143868041187932	-0.00676729166366168	0.0046915819268734	-0.0077867830227617	-0.0265274143998707	-0.0174935477637534
0.0139958159031784	-0.00410206348934959	0.0284300361185527	-0.0387786710662405	-0.0115224323236271	0.0144095708328912
0.0133638702858047	-0.0139449495992474	-0.00201778342822415	-0.0289939750073307	-0.00588845537692794	0.00543806303174315
0.0125554259770884	0.000294934603602066	-0.00883912760746965	-0.0126164429028368	-0.0109842397409863	-0.00967308870471342
0.0129516644041133	0.0413769934992523	-0.0085201950436522	-0.0116550887838284	0.00100453671984434	-0.00238740428534416
0.0120058154196476	-0.000122769147085765	-0.00778490520771692	-0.00946959806097606	-0.00908391578908746	0.0203880662100751
0.0127102435483001	0.00531363864207348	-0.00937001521574789	0.000692311741476801	-0.00705292359644826	0.0139732368188697
0.0117386318162525	0.00440600501471378	-0.0103792704341969	-0.00258157741048443	-0.0125973332119106	0.0171799339904951
0.0104027067979721	-0.0107112671200162	0.00988800209044601	0.0228069429446588	-0.0333027324502795	0.00919598109191574
0.0109053837768936	-0.00327314218229688	-0.004567600640112	-0.000370650586029642	-0.00703641587240899	0.0177524718827621
0.0114477759448106	-0.0184996326390988	-0.0188492286017406	0.00399065023938764	-0.0179491690613854	0.00580061734447707
0.0116737449975672	-0.00441870447208887	-0.0180163265854576	-0.0012275094237919	0.00232117857432894	0.0010352909214683
0.0126039731778228	0.00434181281018004	-0.0126460238637782	-0.00837197555003501	-0.0241656447738351	0.0124194158644515
0.0128578118162038	0.0291409667268729	-0.00488844815536807	0.00083406396881598	0.00321445371000256	0.00427112109727833
0.0123378306808946	0.0392773736826131	0.00700720408492037	0.00238344283384815	0.013365471536058	-0.00469358923854642
0.0121801904913272	0.0356383753503174	-0.00451417196495215	-0.0133658426643319	-0.0148256363500684	0.0106670798130834
0.0115148843065854	0.00577722849388144	-0.00436267554568572	0.0101296376458175	-0.0115067207511189	0.0142437916115449
0.0124010494893771	-0.00950723204017102	0.0250015692768958	-0.0114575607307073	-0.013939610656533	-0.0163420508600044
0.0123339639272427	-0.0102509988539555	0.0269664422314313	-0.00928893666217587	-0.0141964186200705	-0.016757502977296
0.011094546165947	-0.00169400267142722	-0.00204938140092395	0.0101089508198275	-0.00703649581284627	0.00187420242226501
0.0129272349936063	0.0120406998148011	-0.00728898097667945	-0.000114837514981371	0.0102992964071121	-0.0126941662765848
0.0123385345635341	0.0152105450932341	0.013890399933633	0.00934638450516082	0.00641858752253052	-0.0229896169482257
0.0118854135955658	0.00670147332770733	-0.00517342676154334	0.00529408230262132	-0.00475947511117168	0.0110840301050368
0.012789539536672	-0.00192602880990651	-0.0137966069099011	-0.0105230589258472	0.013812175157131	0.0214282432012192
0.0134517751485811	0.00358060210774129	-0.0172980677564509	-0.0106791597357183	0.000640303259633259	-0.000449946714218522
0.0135093624759173	0.00361805299955952	-0.0161160248886078	-0.0118327181571043	-0.00402871184136307	0.00121189278737196
0.0128284650929	-0.000532310646264549	0.00375903379040441	0.00262883671786857	-0.00718480771312334	0.00352898476509699
0.0117937215732404	0.00487449754399016	-0.00970342191009259	0.00125704532053112	0.00705310053336919	0.0137799778220505
0.0117749482190471	-0.0051780642755331	0.0247218962154045	0.0149229843686724	0.0152908388441103	-0.00413377932499873
0.0119709649046128	0.00708402918945352	0.0114821214163804	0.00563886006695	0.00632876852035624	-0.00115674575830086
0.0115241022796069	0.00289403221427086	0.0049442629361619	0.0118267540927404	0.0148824559158494	0.00752285967530034
0.0112395553736327	-0.0216149868497647	0.0153868843627973	-0.0123004749281196	0.00377175088990952	0.0186603976976902
0.012056080547427	-0.0194272189164722	0.00760347992098817	-0.0203695368790052	0.00242586619640599	-0.00729137289106523
0.0117020425834735	-0.0043219600586028	0.00646262709044445	0.0136170258528142	0.00597191771665456	0.00140047120890194
0.0111832559730334	-0.0120527264871472	-0.00516592414046301	0.0076168624271041	0.0159728700931566	-0.00134751473085708
0.0129485870811822	0.0152874292423237	-0.00645812597694872	0.000326235141819484	-0.00652767781264631	-0.0150444900920169
0.0118177212261043	-0.00752760190246953	-0.00301756238415596	-0.00555105394422587	0.00649856453578912	0.0025597803945463
0.0123985154196292	-0.00573228790157943	0.00125840314839625	-0.00109289074059245	0.0165242689907234	0.0121271766006029
0.012775044774025	0.00631552287306092	0.00266991924130714	0.00548072397237942	0.0161509661928692	-0.00801998702859725
0.0117130106310357	0.0023160712626393	0.00141671266229702	-0.00423738079567171	-0.0138165458978706	0.0115871230775149
0.0110413041281947	0.00854853409168921	0.0148274038920689	0.0143360754255743	0.00256311205564033	0.00275565073194466
0.0135514933527746	0.004248464925568	0.00354552157662474	0.00116124875078587	0.0172273085608236	-0.00963279450456088
0.0125935658502055	0.00771487856611661	0.0038491503316432	0.00072726045137666	0.00496694228919232	-0.026415048102657
0.0118733347928334	-0.00671703682321937	-0.0280362359068107	0.00361209699217233	-0.00711946323116359	-0.0275137491405529
0.0128988380834457	-0.000268031081123213	-0.0172675836433316	0.0106936901160485	0.00744430479435695	0.000574531006018513
0.0120163519662671	-0.00204470793834593	-0.00272805527079637	0.00730383799477899	0.0108292843142987	-0.00717638345575551
0.0121324234440313	0.0122133141504009	0.0246090212670545	0.0251289921739949	0.0157611296300492	-0.010692042011614
0.0113028363022778	-0.0133352919720813	0.0018190359830536	0.0219570804713282	-0.00168363626466239	0.000172798984902488
0.0115832428583991	0.000951228610065876	0.0144586986404729	0.0156232441974436	-0.0108171500813896	-0.0210239090885306
0.0119548286115284	0.00656746474129952	0.0120361548071864	0.00422203509489915	-0.00438203364574458	-0.00191918288355786
0.011349804759424	-0.00584452904997672	-0.00832029918229545	0.00977388472901888	0.0147423040229207	-0.00615702269130213
0.0119503247934463	-0.00545649212805158	-0.0090011107080289	0.00444144354243632	-0.0100024986730527	-0.0104358697592106
0.0136595294900373	0.00681469669027698	-0.030021662696467	0.00228763789771054	0.0200949165175336	-0.00973708462352188
0.0136795712016518	-0.00104208725761357	-0.0135985951697252	-0.016399286795125	-0.00697208634352175	-0.0194028500048663
0.011623136967408	0.0295074846060125	0.0390878839144767	0.0197809983545644	0.0186632827621705	-0.00671986337402269
0.0144416998165813	-0.00547251865534535	0.0177729792974296	-0.0206347275702692	-0.00461602624010891	0.000792402398095653
0.0144375017496627	-0.00461920741344101	0.0184468597512582	-0.0201084937479997	-0.00338672514757792	-0.000834646948963194
0.0144497775119651	-0.00502040993632296	0.0185783772370313	-0.0203414584560115	-0.0040112915108499	-0.000609008792954291
0.0137103312612871	-0.00315792003469077	0.0141561508021434	-0.00794619401248366	0.0049802591554791	-0.00420282947121731
0.0144439124500264	-0.00499341126135088	0.0194978723424448	-0.0192701925394536	-0.00897286716301239	0.0014489780641992
0.0144639158789231	-0.00463275841430944	0.0199742316590818	-0.018568349911355	-0.0111798881317654	-0.000609843276951891
0.0144743715960796	-0.00506306622725217	0.0200535226268869	-0.0185700026628515	-0.0107989080757006	-0.000151928443466289
0.0128805710488987	0.00138414164972879	0.00177562277280393	-0.00640297689771651	0.0237389191991538	0.00335705419531751
0.0115173464458796	-0.00698859237631642	-0.00241044807594589	0.00985963933761786	0.00869495454726749	-0.00226599545682575
0.012309580587906	-0.00353447320950388	-0.00563810359878531	0.0143990208679764	0.0242620594015709	-0.0151562983600621
0.0124505866731796	0.00225816019926773	0.00215045383203205	0.00678699945621432	0.0156833382656703	-0.0133580669191435
0.012944798173798	0.00588009409011215	0.00478705254931511	-0.00075273942178637	-0.00368230361290771	-0.0116894877180906
0.0134399470652986	0.00358283977478562	0.00721646511610963	-0.00147334715992321	0.0123028506473372	-0.00940534954663957
0.0118356653375295	-0.0150788210020722	-0.0201423081099614	0.0169704481636162	-0.01162443275762	0.0066495413747075
0.0118751889222014	0.00518042982667537	0.0143049895091293	0.0143664805914348	-0.00690439004745126	0.00602371891156225
0.0121884597792531	0.00991201713818697	-0.0175835815180611	0.0104128110779722	0.01350967555934	-0.00661544923486349
0.0117809101384206	-0.0113803494176963	0.000541557341584307	0.0157039780881689	-0.0251410906539887	-0.0147450303971016
0.0113440102024576	0.0172799944027714	0.015852203999622	0.00998000038421513	0.0125202859361929	0.0031184622276849
0.0109123195068876	0.00883194678465269	0.0260665203458687	0.0247327963015486	-0.0175338624898532	-0.0169611545402569
0.011099989717465	0.0169119834338446	0.0284889033707903	0.0143870795969231	-0.00678476901665112	-0.000411434573555831
0.0107806973025982	-0.00915394475080406	0.00502280490182983	0.0171540960951067	-0.0190885006330692	-0.00473748059023544
0.0122333883523698	0.00503404984349267	0.0071983969479089	0.00584600603244755	-0.00660781208865332	0.00482995508806007
0.0119981583017508	0.02151987328538	0.0255124016888171	0.00825968224595828	0.0132390730124694	0.0219107596100186
0.0118849715203527	-0.00146362823365891	-0.0160238564468083	0.00513679118217948	0.0134588494636169	0.00383959828528898
0.0113329701702957	0.0153014749281827	0.0310083016055297	0.0268975415598366	0.0297774247530545	0.00944682882770798
0.0108652853732964	-0.00800154997487409	0.0136078943416852	-0.00188587958457611	-0.0120488511624989	0.0109385639763932
0.0118187946820842	0.00225470259607488	0.000915793199301472	0.00619215961245348	-0.0296365181004695	0.00171639209440558
0.0127088406055336	0.010323398056785	0.00458361975515286	0.00909820044722718	0.00286166146655926	-0.0192484808978079
0.0127343523326466	0.0102217865650773	0.00334504806733022	0.00460454490266449	-0.00336249115708451	-0.013051332119292
0.0126558061639723	0.0325077107303315	0.0127918195019312	0.000937816798410789	-0.00745052176971487	-0.00362072373987545
0.0119162712709321	-0.00294924871701533	-0.0114391193454578	-0.00518864009960261	0.00959362401397721	0.0119301419726047
0.0120618018157084	-0.00200926121799731	-0.0086242091590035	-0.00678167604364733	0.0116501375625195	0.00621490604069311
0.0129157671356609	-0.0141760227885101	0.0150796163094198	-0.00214938890371448	0.00560288718697621	-0.00121687233191722
0.0133565510012189	-0.00915248123464659	0.00802457144016175	-0.0131882490007667	0.00152627400717778	-5.84246919496517e-05
0.0116580508261066	-0.0129362171541384	0.00161412023682815	-0.00433530116705548	0.0110470934123385	0.0165941266374964
0.0123053799594774	7.44173353537062e-05	-0.00740627097467525	0.00932573990526997	0.00255729577646653	0.00627445446023666
0.0115946515850007	0.00923335350090513	0.000299920803159163	-0.000551179902984649	-0.0135227809119997	0.0151035244902106
0.0128005393863281	0.00984837659565394	0.00503600538276751	0.000594877776801526	-0.0103342227604789	-0.00600523216576388
0.0116588766320185	-0.00301460662222969	0.00495084689330012	0.00534472145958385	-0.00959132179269582	0.0107688192491941
0.0106772420369928	-0.00412590464620999	0.0152510624810486	0.0167010616150978	-0.00302978082598556	0.0288717727639643
0.0125665316871877	-0.0158337621645238	0.0194188491146558	-0.0142539215653486	-0.00368623872035551	0.00133426708209377
0.0128413671429429	0.00331692359146158	0.0137466725112025	-0.0108618433025884	-0.020073999264432	-0.0100589767101758
0.0128541863244023	-0.0082957027866691	-0.00647872679866159	-0.0221486374433143	0.0122325144289597	0.00784109320449182
0.0126601971438688	-0.00248440224676662	-0.0135605330405711	-0.0211122879012722	0.0142328735432098	0.00644665464317646
0.0124451034372336	0.0149479552155763	-0.0238472148174303	0.00930867520280657	0.00155765691980238	-0.018370977256488
0.0120876026668248	0.017908893218061	0.0182797632976929	0.0137123940456944	0.00988724899795988	0.00680023918517037
0.0111812618486346	-0.00444951516671764	-0.0167079782704906	0.00138721776039497	-0.0023358088318102	0.0222949783004485
0.0137335416160184	-0.0162397535732163	0.00608554663472185	-0.0148644574919977	-0.0121018854863535	-0.00612106132458214
0.0132082416376174	-0.0170946923455417	0.00190976836182738	-0.0148391588622573	-0.00444466581891824	0.000554015280081747
0.0113022434731816	0.0213171549945323	0.0337163229361331	0.0182903239858203	-0.0124755386271243	0.0236950163107792
0.0116091726861459	0.0327114959425397	0.0184827359556771	0.003754583595954	-0.0121861875549799	-0.00195295420056171
0.0112309937852385	0.00103888521891875	-0.00895978782472858	0.015205847004676	-0.0171158876155485	0.00750755898019021
0.0133130180067302	-0.0041883672963404	0.00629251931251927	-0.00588812362308551	0.010017507960606	-0.000189319595235629
0.0112862946916211	0.00887023462913049	0.0108415643391982	0.0220267160443584	0.00523458321430005	-0.000153777358154419
0.00988091373381496	-0.011455898936142	0.0144347782061071	0.0296191398071941	0.00551005925349239	0.00393181641140703
0.0105669617222509	-0.00123259919612384	0.0188863548150935	0.0169989261508503	-0.00138487575252771	0.0134616232745986
0.0105650679028931	-0.000150619011511213	0.0191102619654382	0.0159809636885498	-0.00150818105352899	0.0155483118676855
0.0124673608688254	-0.0222445460714818	0.0127544453768033	-0.0186195501283123	-0.00564315586884737	0.0103121291731697
0.014083071160553	-0.0131308271462321	0.000461069955569479	-0.0263396745791447	0.00178845310880781	-0.0149007553003338
0.0123715905077182	0.00528689734559773	-0.00734592128886572	0.0041349626042716	-0.00723140075809729	0.0032152539578482
0.0129563295315231	0.00237224224185636	0.00393191665736692	-0.0146385595283855	-0.00259288247830544	0.000281287506938502
0.0130185173077485	0.00616001467807723	0.000478966447862941	-0.0019754340980678	0.00851896751760403	-0.0175876882033267
0.0134222366855566	0.0111111388935008	-0.00499390571280218	-0.00216782169811524	0.00566328187587694	-0.0032859664759684
0.0116350426798528	0.00394532678338799	-0.00624562000058044	0.000165304651566878	-0.0079303415639687	0.00729109865309743
0.0122545937638968	0.00695010014736128	-0.0077977497421915	0.00324464895297341	-0.0128766022592156	0.00157049871031146
0.0123575225378357	-0.0164914132732378	0.00136739439845904	-0.0106786060949579	0.00794852405097902	-0.00170520320782909
0.0131342609061341	-0.00842430636562461	0.010056072220262	-0.00173091173518579	0.0157739057687439	-0.00227314501530927
0.0125070086106482	-0.00933528603492963	0.00250857625852492	-0.00418288670655781	0.0198134599182648	0.00806366436420669
0.0122310016743117	0.00297045179829389	-0.010759405175901	0.000874006827193659	0.00136594566823301	0.00999463937914955
0.0123176382875549	0.00458255238174343	-0.00600332051756691	-0.0115498529597312	-0.0109902270749232	0.0284968353432296
0.0125856592618064	-0.00272907827245073	-0.00519808851508697	0.00591004639588287	-0.00659252654857409	-0.00904145261079326
0.0123595016193256	-0.00841010599690694	-0.0200908918873855	-0.00017672508676568	0.0196977769224267	-0.00354327151277316
0.0120931180283541	0.00153943469620693	0.00269432069259323	0.0183804984413363	0.0107403990467335	-0.00140364525897141
0.0143313106137224	-0.00414974973478771	0.00049108679506254	-0.0203817473615439	0.0110681525734452	-0.00316614306865863
0.0139912796394266	-0.0115324913422747	-0.00129735484191418	-0.0226821442189056	0.0117560761085694	-0.00583948267417007
0.0118043195514265	-0.0115307232315198	-0.00409131899598515	0.00845312673289707	0.00196826756056416	0.0029006734749999
0.0127335223691292	-0.00162237976915876	0.00374934688082099	0.00364913524033213	0.0205093633718495	-0.0186305108148612
0.0117578782752118	-0.0105116636533432	-0.00253709983189196	0.0183029013177047	0.0158919104895717	-0.0131793560986871
0.0133651052370504	-0.00575752624880967	0.0045701291079182	-0.00492439952805521	0.00534541604300493	-0.00242735711763312
0.0120174825912723	0.00960232036040327	0.00308469311905742	0.0021391771297362	-0.0024841257769667	-0.00161182306928194
0.0121306854157573	0.00938202862469963	0.00441451017234689	0.00218628384516258	0.00135516893611975	0.0035825343750616
0.0123485987301422	-0.000339280664898997	0.00903057587285644	0.00947861625374621	0.0147919716953239	-0.00359608899170535
0.0131196990573718	0.00593488715888024	-0.00858485898891789	-0.00315162086702354	0.0141145908739272	0.00642798422878088
0.0121816759747369	0.00946307956891757	0.0067958555061052	0.0165844121272456	0.01298178795713	-0.000369700943645976
0.0122629115632314	0.00199855360742572	0.00302104010352665	0.00316213355032011	-0.0199411703074105	0.00610178088312715
0.0106837276544112	-0.0107433566071985	-0.00171666330113615	0.0159047977079317	-0.0160380988630125	0.0109840216796279
0.011963514511306	-0.00582901816576893	-0.00527619816465059	0.0154166047054532	0.00186180102572864	0.0106747904735066
0.0119371742134682	-0.000258801526246914	0.00491646265157355	0.00335462366990843	-0.0118297137866242	0.00473679838541882
0.0111326675021611	0.00149653466666914	-0.00842722152774143	-0.000481023433407857	-0.0182294384873383	0.0256470168512707
0.0126870238896676	0.0244933357021026	0.00439703096042983	0.0108608373498961	0.00865943217236141	-0.00923173216808424
0.0126780097879079	0.00149581091583781	-0.00596643513830011	0.000358775182028045	-0.00582375171415607	-0.0055638340218148
0.0115254238888809	-0.0235902073002559	0.00204820242155666	0.0168694927721369	-0.00271171471722888	-0.00251392110380651
0.0124829595217716	0.00499778123730602	-0.0133103998738602	0.00666197513694377	0.00433698455838514	-0.00616090741281673
0.0121543398577992	0.000338855350859517	-0.0144897956312361	0.0152613468708558	0.0107734691536626	-0.0137840300245325
0.0129486050885831	-0.00754018835891734	0.0032563094699377	-0.00742072793673091	0.00439759744242501	-0.0166355135903596
0.0141879349698747	-0.0202452130826561	0.0235580840096473	-0.0192113338638114	0.0118928362893365	-0.0253475702071634
0.012650710558325	0.00788920664897765	0.00825143065135764	0.00574395260600112	0.0109947045603507	0.0120222336346404
0.0119045868547489	0.0071037338818763	0.00381498516628221	0.00245575056234075	-0.00521359008529237	0.0171470162599979
0.0117703656151423	-0.00326807378239526	-0.00607451344851279	0.00493424993206446	0.0164871235402742	-0.00411426124940343
0.0118804066898241	-0.0132858467106828	0.00778745245219838	0.00616407978734969	0.0126116636057643	-0.021103053178163
0.0110987957869914	-0.0272581944012092	0.0246586774340185	-9.01852419013978e-05	-0.00602297771213268	0.00679939757352389
0.0103631374361167	-0.0135735813780023	-0.001601752393712	0.00872552482550395	-0.0217156862955828	0.0102794597608444
0.0123996160503056	-0.0183469487590433	0.0114134679536896	-0.0213689112323793	-0.000635089609586704	0.00322798824242817
0.0109864087656277	-0.0164351411641109	0.00456554377787665	0.00229506205265912	-0.00142852392210197	0.0197840711925167
0.0125830120458471	-0.0171972703767744	0.0318055314393393	-0.0167612073145651	0.025963654416252	0.0157799847909951
0.0126597585825432	-0.0169886826632016	0.0177834164939046	-0.000746753819738386	0.0247434592206647	-0.00436057533516782
0.0121187455383109	-0.00165859335509532	0.0181950870754854	-0.0202183023128297	-0.0399018761695145	0.0157383315699029
0.0115193964765641	0.00410488594847059	-0.00350323682081609	0.00778819350581714	-0.00601926852247057	-0.000560628326067086
0.0118262501941933	0.00418423312387824	0.00389119834187719	0.00917027677086975	0.00219228881534932	0.00241328350050109
0.0118439534144595	0.02004328702202	0.0132168028215347	0.0179394914295065	0.00307351244274498	0.00435789637164097
0.0113644026452821	0.00352727661036287	-0.00395576567487177	0.023487526381379	-0.00532411183366287	-0.00438817051394362
0.012211260610877	-0.00449937646299635	-0.00378053716381837	0.017820752343609	-0.00205303902721478	0.00231942794434899
0.011129210730641	-0.000609712633224259	0.0105095637759457	-0.00439875762451025	-0.00472933547648155	0.00200804345482384
0.0122118767854127	0.00258068334866279	-0.0031199847724114	0.00607933429048143	0.0105387016899995	0.00491813916993706
0.0111865975705799	0.0177696763471643	0.0150964306519205	0.0200724186023859	0.00357781072454391	-0.0042180960820053
0.011938640718624	0.0186265555835445	-0.0215431493704107	0.0122250429019417	-0.0152081131086793	-0.013199974199801
0.012571061484912	-0.0111002570767391	0.0197202214235801	-0.00578469670886973	0.0115529638464104	0.0129971767143408
0.0119005236464796	0.00606576590225148	0.0118964896438195	0.00508737207116227	0.0156845137365841	0.020048134086886
0.0119116037584343	-0.00782530905374391	0.0158170417003113	0.0121987153145893	-0.0074399920597185	-0.0030007764353355
0.0102997365010696	-0.0159960415539972	-0.00183451186463237	-0.00179162424987658	-0.0301432823975511	0.0353114581585379
0.0108740944003302	0.00134403300424974	-0.0130367836939582	0.013573244337963	-0.0222907980456734	0.00875305983342315
0.0122226154388681	-0.00424553820924022	0.00660502490018815	0.0101644495775093	0.013995288822192	-0.0064871016868875
0.0126174593459969	0.00382779815922543	0.00883573907838858	-0.00379432388253723	-0.00365880018864201	-0.00751853017778916
0.0131072957321813	0.00204124442116455	0.0187435029375338	-0.013095882882698	-0.00300767042288839	-0.0130993267621055
0.0111970216300895	-0.00542243129396839	-0.0103934695521477	0.00656068893789191	-0.020322627742623	0.0141326521050484
0.0117102399661136	-0.0120211088771783	-0.00778995782486503	0.0104566385933425	7.06141824956541e-05	0.0123148047338942
0.0105663214410843	-0.019203197822233	0.00461655998045984	0.00172874844025756	0.0134013290255628	0.0262839763402916
0.0136815955425635	-0.00576259453525495	-0.0113239001491997	-0.0154045060482484	0.00510191131374925	-0.00851030814915792
0.0134862962856758	0.00513886176813128	0.0105867428054336	-0.0105348758197495	-0.0170177111914794	-0.0126487323864721
0.0119110744610689	-7.70083244340525e-06	-0.00429466984523531	0.0122925839418213	0.00705583627515403	0.0177034741568024
0.0122700781033494	0.00172450904380136	-0.0110118783814891	0.00147039614299987	0.00369170673478713	0.00484630027710125
0.0110519535169898	-0.0021836928186983	-0.00969829533903752	0.00043189317508825	-0.00473657760891233	-0.00280548095804014
0.0110478992968381	-0.00223785748096536	-0.00967032317963897	0.000774677778050051	-0.00534823989736566	-0.00329713110173347
0.0127858792019041	0.00393760916849403	-0.00831407684320312	-0.000871147492189548	0.00488001481086083	-0.00999783165417147
0.0125373129979785	0.004874905024067	-0.00604714726396439	0.00233773682834623	0.00122286030191307	-0.0129480256327676
0.0123203560912883	0.00294001981621311	-0.00444698637702254	0.00210724763334452	0.00380734532328284	0.002338257166501
0.0121190189659084	0.0210656142128257	0.0262167269725048	0.0157649152043001	0.00202097692610705	0.00641212989054559
0.011705093055908	0.0266664302987525	0.0304649195507833	0.0116041669776698	0.00545304679720916	0.0309781814447969
0.0113306838106947	-0.00687647603325683	0.00943088410786347	-0.0113383207414768	0.0126481260047104	0.0242482084075561
0.0110533061119286	-0.00592400980181916	-0.00888689513211368	0.000110320836616776	-0.00572129521120723	0.0259893190782468
0.012979972636584	-0.00944800224002617	0.00568838817664521	-0.00775275695786792	-0.0155770575113306	-0.0134624885439309
0.0144207315527373	-0.00201613381065137	-0.0076858141221787	-0.0136111395713774	0.00582651523128886	-0.000961196281376695
0.0129862859754377	-0.00527045325928027	-0.00492249394525775	-0.0103346313302761	0.0142987664737888	0.0127343912459559
0.0130053854677105	-0.00448686043163274	-0.00706630853470263	-0.0100459015584061	0.0185776201273424	0.0102252048682354
0.0122895295503556	0.00719827244378558	-0.0189365728794968	-0.00591074125350968	0.00168380835249472	0.000706118240018625
0.0123198378402666	0.00923770331735254	-0.0266337377285135	0.000342655144963979	-0.00532290803848567	-0.0146834181589423
0.0123370141463432	0.00160286637387144	0.0114057687599758	-0.00498634161428412	0.0241449975430613	0.0143409022356607
0.0128689410528274	0.00188815686343555	0.0120200616435568	-0.0122201913235984	-0.0139676759888232	-0.00728703145357269
0.0139752435552903	0.00378187851625983	-0.0181930220848106	-0.00618751872982671	0.0333546159030936	-0.00103897874838346
0.0118703971782608	-0.00507653009481646	0.0046477056771825	0.00648784012999795	0.00708499564909428	0.0100232733966749
0.0120199793254504	-0.00296725800784099	-0.00132067024981892	0.0121891404673766	0.0126255679954787	0.0010897806571699
0.0117991792843793	3.75052506209037e-05	-0.00103824252117612	-0.00308093103198757	0.000815623579648271	0.0149997841617248
0.0129225234323388	0.00764194189755973	-0.000121988332405224	-0.010132395479848	-0.00599825627514917	0.0043013979293739
0.0111220247441632	-0.00780106629449265	-0.0106263237037958	0.00528609788517764	-0.0196073762186391	0.00248969784043242
0.011418401095872	0.00171402303872559	-0.000381166182845775	0.00985706095306713	-0.0138417352878134	0.0147667781439969
0.0102851132326903	-0.0141759085372049	0.00147276322539896	0.0223937174896378	-0.0185899300903322	0.0310644403981528
0.0111339623917729	-0.0130931799288723	0.001799029599307	0.0102409958513374	-0.0036927339823827	0.00686335446743226
0.0117761436737908	-0.00172818340710296	-0.00109535793227112	0.0102766467230548	0.00657371996111988	-0.00284828866965577
0.0117194349015891	0.0016200795956821	0.0015559607984189	0.0032540039143521	0.00284239750362229	-0.00886066645279894
0.0122695443008505	-0.00243983656181093	-0.0111245663209323	0.0118136427423389	0.0273524462294269	-0.0215901848798174
0.0113175449782265	-0.0139437888275081	-0.0121477624202521	0.0143627798815735	0.0104656290363601	-0.0129194183320862
0.011928798839255	-0.00859535279918782	-0.00133465354356206	2.20489792288944e-05	-0.010155242590029	0.0128509793032976
0.0127624708249702	-0.000713614485742287	0.00207101298289044	-0.000929062094717455	0.00891649035017349	-0.0161937274306839
0.0127856634671154	0.000558510391854718	0.00224413497849993	-0.00460400133272931	0.0082546795195457	-0.0105927629690489
0.0133180872578673	0.0222850494953276	0.00281828734730765	-0.00650918107449817	0.0167964627209232	0.013067745624411
0.0113145255000717	-0.00459812206719013	-0.00843795042894216	-0.00438089876213351	0.00358044349584334	0.0150135275689108
0.0118441682589615	-0.00217005938256558	-0.00361746141198857	-0.00836840966206378	-0.00597746052491969	0.00714544876476977
0.0122567309514388	-0.00959069624800112	0.00802398765665245	-0.014100935022523	0.0103236292678595	0.0199868216925006
0.0114658454600343	0.0252677134171955	0.0244987639218623	0.0203713540598393	0.00183643225534101	-0.00141186878805018
0.0109896358483077	0.0171236133106645	0.0259908363365723	0.0226028892229436	-0.0134579498753685	0.0140354302301973
0.0127501837051634	-0.011199846796678	-0.00433520220158484	-0.00944671735563021	0.0225983199549914	-0.0103580753749011
0.0121259125025246	0.000555975538954797	-0.00831738490402206	-0.00201041519745218	-0.0141902994684195	0.00184963920734082
0.0132826935856011	0.00677259413855089	-0.016461902909436	-0.0046629394544821	0.00964760649739101	-0.00883603810457744
0.0127305450211525	0.00919782126708387	-0.0159066186461538	-0.00315864789857723	0.0305803555133348	0.00990580067912301
0.0127137067073863	0.0222688693074787	0.00601249480060007	0.0117150096977114	-0.000824351810158891	0.0113322396207411
0.0115458013768332	-0.010163381755961	0.00682373465964089	0.00728952045871588	0.00752840049940326	-0.0169245361889203
0.0133975265155572	0.0394811574827443	0.00564319600785459	-0.0133396472835375	0.00534351430534293	-0.00609244685020935
0.0128950836809261	0.0271611341926204	-0.0150092402930939	0.00536001714083187	0.00632051799966428	-0.0143128828756813
0.0123771588079711	0.00586222851408848	0.00618418396650193	0.000840223175998931	-0.0249882621316947	0.00478102018672656
0.0114028471843192	-0.00283429929922237	7.16667760208775e-05	0.00648550097495706	-0.000599095172585656	-0.0121515670127564
0.0123700450673124	-0.00101570477284994	0.0194618566237673	0.0113835936203982	0.0109302104399616	0.0120611428281061
0.0125852303853787	0.0189572138531656	0.00312224588078412	-0.00225325008446782	-0.00429405914721585	-0.00600822595365954
0.0132115834737697	-0.00240214045407408	0.00165323150860335	-0.00282565087652188	0.0198084943059229	0.00236401642447498
0.011125239703185	-0.012186644074619	-0.000390803027102067	0.0223616924923725	-0.0123677498851313	0.00176970826349842
0.0109689982905567	-0.023896366881463	0.00355601697928039	0.0285453178475011	-0.000136988709113205	-0.00491412203852474
0.00978521727274242	-0.014998076832624	0.0137525958828282	0.0197541030115195	-0.0160047232239174	0.00074061110185044
0.0105174176970691	-0.0160856948097147	0.0092237983718686	0.024617697089591	0.0024282136642179	-0.0138748182660783
0.0110460161590605	-0.0244114014312775	0.00506182163909726	0.0168915666568045	0.00676067593641858	-0.00671634015995587
0.0128820220167291	-0.00494823308466478	0.00641811080490871	-0.00196624501456865	0.00239712759214156	-0.0138323497352166
0.0120641106238987	-0.010194223582667	-0.00325048967802884	0.00588018612244508	-0.00725114619429505	-0.014528647120322
0.0125350327157816	-0.00442914781360619	-0.000418684202125678	0.00874541399919253	0.00521118929668064	-0.0124367919155217
0.0122797242483432	-0.0118074477206792	-0.0028347825672062	0.0178451911708302	0.0111034585883417	-0.0177428632289315
0.0109263837191091	-0.0109733059706879	0.000695903233847167	0.0177429366013245	0.0082025683147662	-0.00125958050394412
0.0120559284824848	-0.00196564662072588	-0.00913657993104858	0.0166350508966289	0.0113879414716021	-0.0104200612966914
0.0116701316129985	-0.0104978904054645	0.00526556877023359	0.0231438727940273	0.0146009455019212	-0.0128867273613562
0.0133635032855398	-0.00459454829860048	0.00103154396394584	0.0153491968743975	-0.00503649699459999	-0.019893640376112
0.0106064282352477	-0.0132440223765846	0.00185940304050879	0.0210394750387759	-0.021488144820943	0.0185558660728756
0.0123322131013378	-0.00772484277603389	-0.00790198672518037	0.0143921036228569	-0.00474911949210056	-0.0105251292421388
0.0119002131666697	-0.021981729219413	-0.00240903074690597	0.0249907287796823	-0.00334971787571219	0.000245574627503846
0.0121984254505745	-0.0274320621133374	-0.00388439946323374	0.0244896556097819	0.00118045448485048	-0.00635667318585119
0.011957624648962	-0.0198810568453493	-0.00507410730584981	0.0240581532899439	0.00360915370534131	0.000973735481303695
0.0119161115221484	-0.000629963446673245	-0.0179201469791068	0.00658613195753128	-0.01339931711073	-0.0204016057791173
0.0118961753994479	-0.0200427031890021	-0.00464735173891661	0.0236275280599661	0.00682026992416548	-0.00275045506987051
0.0103168616041586	-0.0145248694155062	0.00951110637537333	0.0161923783001099	-0.0116245272000456	0.0148616285335341
0.0111882749585633	-0.0104718845487113	0.0119720697445864	0.0120892517087523	-0.0026984636609639	-0.00425587564048199
0.0115540512765587	-0.0159161202121164	0.00295047600720024	0.0149833263891982	0.0072239953525926	0.0049963362180916
0.0115551733317	-0.0159747182945427	0.00306409430183964	0.0151586626090788	0.0059128500100815	0.00489745345260929
0.0110010724759932	-0.0186047291199618	-0.0118252640702936	0.0334217717216936	-0.000284335103305392	0.00279750314812656
0.0111078215764781	-0.00805280128860899	0.0038814682853363	0.0122868647222613	0.00134139035292683	0.00932493893396962
0.0114589242228406	-0.00872842637245423	-0.000601143860662808	0.0198736625910888	0.0201425606239369	-0.00475516216171682
0.0126798023361335	-0.000378792117208096	-0.0082159834689399	0.00255712248966586	0.029527873537202	-0.0124285268725538
0.0121736026223335	-0.00854218804328317	0.00290319533233214	0.000578860028964018	-0.0173070809295553	-0.0175804977326192
0.0133361241835281	-0.00725605375434931	-0.00898179036134497	0.00185388985874742	0.00441072798468425	-0.016684327327083
0.012094212214705	-0.00392744592233181	0.00715691615031988	0.0131887807549118	-0.0110203340121138	-0.0186206314109232
0.0116242849326747	-0.0372185204685585	0.039516687890175	-0.0130153031188178	0.0277539917329974	-0.00303121358987462
0.0106642021227947	-0.00368840370840904	-0.00143834220952516	0.00821175420004026	-0.000753151879895253	-0.00616697353159361
0.0120552888934995	-0.0253325407848271	0.0146256965167133	0.0141294581719694	0.0120616275449598	-0.013150956588822
0.0135198216250492	-0.0127749675146612	0.00388983884030782	-0.00413380947454979	0.0228446713739356	-0.0227879957751083
0.0135362461437438	-0.0125812714647987	0.00361655217140912	-0.00403768198983268	0.0225984279673717	-0.0234098763006442
0.0134758457799833	-0.00490259738476074	0.00019722868106178	0.000283902339479387	0.00910836262529623	-0.0208942344646158
0.0128478004861788	-0.00455484025600521	-0.0101572361651038	0.00442802837241696	0.0161064091441339	-0.0269774474001208
0.0129277077512312	-0.0240248319419482	-0.00295672626378047	-0.0165011205272802	0.00202765873108293	-0.0208872775953176
0.0129949618345753	-0.00469535277883875	-0.0138627656021001	-0.0102247226702153	0.022959685158612	0.00124042366877835
0.0130507414304158	-0.00125585255393251	-0.00416009812162551	-0.0091841933527281	0.0126271365058528	-0.00495303667171121
0.0128854252180599	-0.00294136454040654	-0.00317153513016522	-0.00725586114648741	0.0115827857117448	0.00139127133082993
0.0118221166482995	-0.00248624816797532	-0.00690638339855657	0.0123350648835224	0.00919990072823638	-0.00892660147483251
0.0119537621478654	0.00415565945911101	-0.00026601672419944	0.00294150284962196	-0.00214474402842258	0.00309703890868002
0.011109394884223	-0.00587791283979852	-0.0028813673986342	0.0111901909350703	0.00387155864164234	0.00829143982657447
0.010698363532893	-0.00828743485405141	0.00175605428256605	0.0156635912081341	-0.0104857052045503	0.0122430263798518
0.0117989678259308	-0.00125515437189945	-0.00649818408520052	0.0072441028741733	-0.00306669936508734	-0.00369802312014223
0.0118685884635786	-0.00283400237477918	0.0115924190888157	0.0101163461052792	0.00775309773728817	-0.00517371317885766
0.0113629041985015	0.00374823552529875	-0.007816358799341	0.0190805202252037	-0.0111436624564647	0.00255198181373
0.0111843514440226	-0.00343521603887254	-0.00635142056292614	0.00624865056038783	0.0109981775264703	0.00877169924785502
0.0123660113192815	0.00860622591490029	-0.0112442783198435	-0.000963463097877391	-0.0121685607471306	-0.00433893059889809
0.012280011015293	0.0176269086855941	-0.00952652751475512	-0.0123065171499194	-0.00836341878362215	0.013012843355846
0.0123038146862838	0.0174881455073684	-0.0101700188617377	-0.0117475341032456	-0.00630190981140998	0.0108153753291959
0.0117655797551015	-0.0072016024902989	-0.0435558139237383	-0.00142675924489609	-0.0080064530848187	0.00617441242474683
0.0119676767837177	-0.00257158086188922	-0.0418388430331477	-0.00505223291555031	0.00257050568207913	0.0114407362354884
0.0116628696444219	-0.00504809279426839	-0.000865388895623546	-0.0010645012177668	0.00406504961526306	0.00949849747094971
0.0118085499497283	-0.00799791938478006	0.00307475799469647	-0.00349970128315126	-0.00675531944685852	0.014645619258409
0.0121562868211837	-0.00314672082688701	-0.0103899142257709	-0.00182338658798852	0.0014820131384334	0.00206929017879435
0.0131419565096964	-0.0144210185576433	-0.0178885589931412	-0.0108666444207543	0.0158771383871324	0.00525470453123809
0.0125593870570693	0.0114908341003962	-0.0114898823960737	-0.00098420535187117	-0.0109134687974491	-0.00649406146344418
0.0133166001707844	0.027096696730404	-0.00533922754900928	-0.0145332498531941	-0.00654174931195889	-0.0101613048594192
0.0131318271548931	0.0239612173070763	-0.00388898545379109	-0.0149162503040588	-0.00748345659420351	-0.00412656818855593
0.0132892972804488	0.0368860087286762	-0.00176776458942338	-0.0148011301202282	-0.00937069138971225	-0.00557329578744941
0.0116215854312305	0.00766066540916713	-0.0116105469129835	0.0058181515184816	-0.0119835675223485	0.00881180994079295
0.0113947094933365	0.00703004949677412	-0.0097352082972583	0.0122551449391487	0.00965004424669756	0.0233828545011489
0.0120462278201241	0.0208593347574159	0.00974355319096606	-0.00390269634059945	-0.000878778492892552	0.0309209789351296
0.0118620396903554	0.000688976838317834	-0.0139621068148592	0.00118395114477157	0.00834259841027328	0.00791124110929337
0.0116131596388846	0.000312739379133416	-0.0120321201352507	0.00266547287529329	-0.0122938313022414	0.00893291024303662
0.0111800257116612	0.0152825553621893	0.0289903139116996	0.0250430039624561	-0.0121941211226357	-0.00918504316208035
0.0111526384027256	0.00286497003178455	-0.011576787844857	-0.00148920768038578	-0.0121591042962538	0.0105478514134633
0.0137563779046191	-0.00577565431273717	-0.0327730918864929	-0.0218656915784109	-0.00578163357797412	-0.0123239897407548
0.0131708657839447	-0.036219972515353	0.0236369968285618	-0.0275427903422901	0.012812242797806	0.0152426504258342
0.0133294647064098	-0.00633639547143347	-0.0310047951513607	0.0153240383667261	0.0102270063812381	-0.0141738080163311
0.0134843347586003	-0.0101131743036689	0.0151128084459351	-0.0125412150645255	-0.0174336075859642	-0.0252198374017117
0.0116348929361468	0.0027667874861104	-0.0185515522989755	0.0202166028083369	-0.00598905375438601	-0.00842697229551964
0.0123489693442521	-0.0120967120169004	0.0140054217925479	-0.00245273642550884	0.00900918177068935	-0.0147705332081137
0.0109562763987432	-0.00644929066920517	0.0199834675184607	-0.00903851214367405	-0.00953052537318463	0.0124189468656551
0.012388320776706	0.0228141919014327	0.00892202737291572	0.00397332516669062	0.00361050543044392	0.00606728476722416
0.0122713211775881	0.00774755064453851	-0.00132598139180672	-0.00848207894858416	-0.00414162327168002	-0.0192614898158344
0.0128383600875541	0.00706497426216818	-0.00335558253131807	-0.00349357355911235	0.00390380382860011	0.00085164601637647
0.0111071639959684	-0.0156157486417473	0.001229654852458	0.020918416066162	-0.0134487963212649	0.0112744903998596
0.0116472303111594	-0.0021032743289856	0.00977678903545477	0.0146634953625096	0.00552211743333487	0.0148484034868984
0.0123645811150799	-0.00638479217412192	0.0212316339435241	-0.00473407451343028	9.50913351561943e-05	0.00741316760400765
0.0115494997930509	-0.0168714234376757	0.00671560106804955	-0.00466160912972526	0.014416562519657	0.0037074601451315
0.0117332082213593	-0.000766218169470145	0.00232572006948872	0.00829868365436987	-0.00130122639179588	-0.0116624131907925
0.011002482611396	-0.0084689629955919	-0.00376920303754729	0.000852021329199678	0.0101105859242004	0.0179505542525167
0.011938240529317	0.00587976644202087	0.00698016328346815	0.0155216518254233	0.0011924165463328	0.00308121552115346
0.012779994358564	0.00785742045853439	-0.00613623793214915	-0.0100927489043367	0.00734638443751173	0.00461230308639826
0.0125897335175461	0.00681985531005791	-0.00921856994421836	-0.00104014011522433	0.00425443992748446	-0.00253804440254452
0.0124643591393441	-0.0250947750534833	0.00839610079441875	-0.0234674806194897	0.0065736198803858	-0.00382964471638692
0.011329336070393	0.00103213012768436	-0.0015688903905421	-0.00169379113921554	-0.00910416384344348	-0.00936694138420099
0.0117759772368256	-0.0180998095246664	0.016078746453313	-0.0109223035899366	0.00241576730207641	0.0132797980891437
0.0105632351846919	-0.0176395284007603	-0.00872506021282727	0.0240687447828704	0.00205833083390176	0.0133397319031191
0.0111546662703855	0.0127135745644247	0.0134694493547863	0.00951760913037496	-0.00425737417553874	-0.00441419363087457
0.0113028205245435	0.0115723999852161	0.0210511143548411	0.0161292069801951	0.00660121222777972	-0.000771487554137024
0.0123746155152076	0.00971915394090361	-0.00933202315007798	0.000546490691394052	0.00240841657160583	-0.00452253034942792
0.0111959045099258	-0.0134984001664748	-0.011816160149676	0.0250937699459925	-0.00407513046818669	-0.00368875031063002
0.0136914770139082	-0.0181600711231971	-0.0272083666297547	-0.0228927048158445	0.00502680173449883	-0.00979083049309648
0.0132979356768218	-0.0185700633509976	-0.00207594190014464	-0.0255210474065758	-0.0072621095046678	-0.00435437867429898
0.0133499893474442	-0.0189470592419961	-0.002980818460991	-0.0251167586047415	-0.00562326826615189	-0.00642210034130347
0.0109774217182643	-0.0199778561494171	0.0168203742928237	0.00087672038049021	0.00958600191311214	-0.00310008475127916
0.0131025237227227	-0.00455943499380649	0.00183678033078422	-0.00830275633210773	0.00519052921462996	-0.00663010050678858
0.0115784889959873	-0.00743110600203298	0.00643063243141858	0.00520420939386265	-0.0027038494990198	-0.00775994730665133
0.0115244931610348	0.00884717881942558	0.0246605437946725	0.0269157660513744	0.0181269440560153	0.024282734116573
0.0125852351540649	0.000857530066300085	-0.00329951610950248	0.0114715132535431	-0.0064346058903036	-0.00263849951298364
0.0128565687532725	0.0279958693561284	-0.000277923213947145	-0.00460538787977272	0.0111150249340705	0.00327639977708906
0.0130013670241183	0.017143904533306	-0.00607482700676538	0.000387550606420331	-0.0100226513629177	-0.0162896476674594
0.0124746292673612	0.00870756714105271	0.0042062002382704	0.00717639500936041	-0.0137196632824785	-0.0117764465428836
0.0113389866127793	0.0133121237246148	0.028607618156183	0.0201508184347211	-0.00198760256412335	0.000798648588580336
0.0115578073250749	0.00957582597121345	0.0105328936365984	0.0029977243718366	-0.0122606124888697	0.00572886313766633
0.0129235489893555	-0.00877018127627865	-0.00358792011077625	-0.00363714390167657	0.00816174376238857	0.0113654218611809
0.0135033980199405	0.00110335990945293	-0.00816922487161144	-0.0142432621942306	0.0107028664321713	4.82842047340826e-05
0.0137609443249431	-0.0163631674772549	-0.00149075217991608	-0.0271491708963841	0.0190295489649832	0.0221968539246851
0.0133537546776724	-0.0165583153158777	0.00239507991027321	-0.0228509805481736	0.0159254273000916	0.0224160466141246
0.0128288537703194	0.00680419534653512	-0.0081877676871684	0.00417069357331579	0.00543916430003642	-0.00405658825910562
0.0119750911928892	0.00217666693380579	-0.0143724930769646	0.00354047317051631	-0.00991529773117993	0.00715496162478092
0.0123043001636771	-0.00951172407665687	-0.00972845717392454	-0.0156518886016714	0.00104150364494085	0.013320524305077
0.0114210097364664	-0.0149130358753365	-0.0190196563964665	0.025442909901172	-0.0130674736188198	0.00377559304474166
0.0124746551314298	0.0287394381252903	0.0146570195923472	0.00252500056084403	-0.00376603759747156	0.00677544351654346
0.0120433828271451	0.0263688724743561	0.00315048863771753	0.0126546376069116	-0.0145458596620848	-0.00505363786038833
0.0118706530823851	-0.00638048190756037	-0.00175716699316866	-0.000210197808908549	0.00625054138953505	0.0141131311074465
0.0120701533959509	-0.00652184870303191	-0.00359817816892416	0.000389917211263985	0.0116664298060138	0.0124526570868959
0.0130766033183177	0.0015542253997823	-0.0169835930880202	-0.0162250528001179	-0.000432340718684359	0.0239271995794736
0.0130837129348921	0.0184395067695514	-0.0131690802210436	-0.0196108552961748	-0.00671352861407024	0.0167320918155212
0.0107666775118179	-0.00313457904064641	0.00453275144199148	0.00939716229400719	-0.000465163156315044	0.0139241910284151
0.0104241301440953	-0.00693017808393253	-0.00430016646369953	0.00738836802821888	-0.0151842366623068	0.0402362152640387
0.0114813107917973	-0.0132562048525151	-0.00964808712728728	0.0155081865216926	-0.00496442646997837	0.00469701810916575
0.0124212626283594	-0.000472111362903873	-0.0123777285380864	-0.00860285325761124	0.0177823599358207	-0.00223949603358421
0.0120555873573028	0.00923461018515621	-0.00516542598972318	-0.0129472474884871	-0.0108038866971557	0.00934550388317762
0.0131339809642926	0.0330596682827658	-0.00765920679680759	0.00125643929604737	0.0119378615252442	-0.000469233486348513
0.0111252604500797	0.000918044219761972	-0.00846256247738238	0.0179247028674746	-0.0146122089629793	0.00525462129313666
0.0124399125590733	-0.00839259890439291	-0.00264774325839537	0.00218068139587997	0.0109750362914488	0.00477840187035637
0.0120409694625504	-0.000821381031019356	-0.00262698064729896	0.00163561809490404	-0.0154372956566333	0.0200527891030395
0.0119308390553371	-0.000999577352526075	-0.00768521683531671	0.00644743952072901	-0.0130378828598542	0.0182015326834268
0.0127220628049596	0.000403340308513838	-0.00638842188657564	-0.00964040679291038	-0.00424602698596194	-0.00745143439061338
0.0127600529986032	5.32762274979585e-05	-0.00559478125722191	-0.00767358663294132	-0.00467993296762179	-0.00981012925323741
0.012193244851794	0.0134635562335912	0.00646687127107074	0.0104315397201227	-0.000809481655857839	-0.00741790119495631
0.0123128448399643	-0.00146097836772203	-0.00771397594107047	0.000728845953422523	-0.0100316553592028	-0.00770110984292627
0.0121951832614733	-0.00943494768396684	-0.0175317788900419	-0.01335233507548	0.0137224373519535	0.0263138777225315
0.012548922439181	0.00549814550129278	-0.000511246240984477	0.00627595207603822	0.00149401266695613	0.00549773045605867
0.0133062213634959	-0.00374031658434024	-0.0062710013364539	-0.00682868671651034	0.0122803565213299	-0.00811524023992709
0.0128088972966353	0.00265869180576445	-0.00366012169122067	-0.00317359797229624	0.00755466807091724	-0.00913355027546516
0.0139444203298249	-0.000118803296881211	-0.00908805754061199	-0.0113941289978426	0.0130215394551788	-0.00507823246881136
0.0132473817296333	-0.0181737987198273	-0.0193920484885992	-0.00348225571333619	0.015586156465599	0.0219078816391695
0.0145990413597794	-0.00266200691423077	0.0172592212950417	-0.0203966768690122	-0.0160309859840835	0.00285727130967365
0.0125391879593789	0.000634236195837342	0.00584853415981165	-0.0239572441519188	-0.00927181269499329	0.00640801557710355
0.0133533438046765	-0.0278104093433138	0.0409212637700558	-0.0303844930739176	0.0144726842862287	0.00555149440769431
0.0133178314381808	0.0172084734252236	0.0121177964683613	-0.0145414554663391	0.0124393181439511	0.0218364912148719
0.0130291714180407	0.0389237384218403	-0.0030454662225464	-0.0095151822738542	-0.00590029273624566	-0.00380397685560987
0.0141623299540873	0.0120383811516768	0.00289460717899819	-0.0111843485763697	0.0053994317931995	-0.0173036630855693
0.0137266396819247	0.00773894824568642	0.00183681302471216	-0.0137893234254717	0.00577280829344471	-0.00037843783610655
0.0129270137768379	0.00024599024553096	-0.000183615948018945	-0.0048903752549309	0.00503298001223119	0.00460353868095603
0.0124265549008138	0.00293728844352239	-0.00461280457987828	0.000559545305871159	0.013207762701627	0.00164056617059561
0.0118502467532826	0.016134395431192	0.000752208647540339	0.0139759922280896	0.00336567297943797	-0.0038356590083776
0.0118641833831339	0.018231984895407	0.000459634157600192	0.0117637899729014	0.00259479338791631	-0.0015017689587764
0.0124783557402304	0.0113852417494011	-0.00320910465313417	0.00163613167243828	-0.00774527730270349	-0.00944215681392329
0.0132386081002698	0.00655383091782559	0.00106902270958148	-0.0148828413259375	-0.00805472263402347	-0.0106724828991489
0.0130587060687047	-0.00979258781551371	-0.00952326625239681	-0.0119280263434536	0.0019177177887997	-0.0128694401750996
0.0127261656246698	-0.00047496106700635	-0.00637391462663805	-0.00216057050434517	0.00798193998318677	-0.00172261055704786
0.0125214721445621	0.000342854277581042	-0.00329406794664789	0.00306192993389092	0.0108314404953659	-0.00970863793044434
0.0123116960860053	-0.0140784772737072	-0.00623771745143511	-0.0123041171692298	0.0120027147604052	0.0128879217736224
0.0129255509775993	-0.00764401162772175	-0.00601196349179241	-0.00632589343835728	0.0165638483886864	-0.0005943611741773
0.0136786489333325	0.0101854340263851	-0.000790660402873414	-0.00170466274567201	0.0124501520148016	-0.0101017180444286
0.0134190181033598	0.00574245186422997	-0.00361453118174527	0.0156409170132707	0.0120750680788289	-0.0107197597944002
0.0112066130401083	-0.00611393708326185	-0.0105028031600017	0.0196900309136336	-0.005149812271399	-0.002116763218855
0.011872339844571	-0.00790143375171194	0.00401766807984024	0.00358844782510377	0.00719763448507188	-0.00491760430363314
0.0117447561592784	-0.00959995674595939	0.00636302196976421	-0.0138135895628704	0.00843287665566751	-0.00513873129243638
0.0111507923084973	0.0015262627186674	0.00329732186103083	0.00729179626519141	-0.0197051520439301	0.00196113394228555
0.0125660438206324	-0.00520424606330192	-0.00419855189779053	-0.00604988031927078	0.00929671180406936	0.00666593269935607
0.0124218535826158	-0.0196581449273906	0.0150144987089396	-0.010463441248395	0.0108744887415463	-0.00709742304438951
0.0102946361621831	-0.0188432967374565	0.0118824231136334	0.00575878085319784	-0.0211004089901253	-0.00899643704546581
0.0111631516483073	-0.00872489663786646	0.00360212448987186	0.0134567167781368	-0.00567422958118426	-0.00619759171899298
0.0108217180309819	-0.0198089214703011	0.000798187306767893	0.0214348571754277	0.00739457167646349	0.00324822470982457
0.0115584167384178	-0.000229549959674883	0.00510845926774657	0.00523205448191403	0.00585801994799079	0.00423951623763964
0.011605492136718	0.000272273812420308	0.0027000885302503	0.00502943144465687	0.00632375381562463	0.00701939872271071
0.0108097428364174	-0.0154259979851284	0.0115955589899961	0.0146520046772727	-0.0142593081176319	-0.0058398749873916
0.0113091018559596	-0.00907195900909666	-0.0087610946630614	0.0021247776099667	-0.00278049483731148	0.00634673934965529
0.012507777493751	0.000436338209610289	-0.000236719843164397	0.0105299283069344	-0.00342593890777483	0.000276546537332459
0.0113125056097502	-0.0035847612596331	-0.0276038382583418	-0.0148476134384958	-0.0228268680081569	0.009101075407787
0.0102642907264645	-0.0109958724296973	-0.00364637287184683	0.0200197563987421	-0.033302820843763	0.0141283379706989
0.0131808430976423	0.011698816080663	-0.00961642650709659	-0.00844562501702664	0.00822695132991156	0.00838056516237824
0.0134680905100139	0.0116722816230895	-0.00496564465003916	-0.0121528549043952	0.00634872921756756	0.00581869659530741
0.0128025582639304	0.0118417777043187	-0.00570243733786797	0.00133348936505731	0.010200368949033	-0.0130494266869681
0.0117792161294942	0.00588723820640711	-0.0046066045247554	0.0120259039794356	0.00839161124634658	-0.00177491855076956
0.0109066951911744	-0.00118161826223094	0.00135374426597149	0.0245322724588096	0.0110685455821456	-0.0106216329561104
0.0109596410445906	-0.0130565961209352	-0.0132887972001502	0.0216864898433039	-0.0163874976253776	0.0132811965724431
0.0112372194578821	0.00502675346724734	-0.00344742469264636	0.0229975619706174	0.00526414437732758	0.00614286380204638
0.0105807498397366	0.00881495309708311	0.0255330499854382	0.0295265923336122	-0.00795261165617505	-0.00765750831354543
0.0113081831499243	0.00119359623875888	-0.00333905929889866	0.021019122454878	-0.0282407276125665	0.00200868639874712
0.0121277819418358	-0.0109561216527174	-0.01284183565508	-0.0134405860439982	0.00610504456512216	0.00791472733533483
0.012810848749553	0.0030213648707747	-0.0072560458953008	-0.0131995829452805	0.00809973705173481	0.00569269033350456
0.0125636034165601	-0.000925093270042973	-0.0149298480155535	7.85346633382991e-05	0.00514981702440148	-0.0106332769383765
0.0135754025818475	0.00246392221829636	-0.0105549758427404	0.00131254952479979	0.0134586932483651	-0.0074890129817808
0.0125944052964668	0.00569114947995519	-0.00458130415551556	0.00180631006323063	0.0072298027963968	0.00448455934294027
0.0119712315402244	-0.00779673291876118	-0.00433767562751172	0.00927074476526047	-0.0170959238724968	0.00611527511219223
0.0123380937182684	-0.00667052516549388	0.00780494487387779	-0.00986193570492914	-0.0193287287962206	-0.0116092988215462
0.0119012320874875	-0.00751888166635393	0.0098093161143163	0.0109365688145373	0.000613247881793091	0.0196114964113054
0.0119446272264782	-0.00517796226694809	-0.0126876181605289	-0.000895148172915012	0.00567150760930908	0.0136113242553468
0.0128898694879112	0.00229241240221759	-0.0231314777989845	0.00759456717116068	0.00936816862117751	0.00556235541978084
0.0134388444433691	-0.0112167918553363	0.00780876955105928	-0.0132542355205266	-0.0208393560276526	-0.0187465940094846
0.0128767410145692	0.017935000927079	0.00515825238069124	0.00272768631145876	0.0125326384305797	-0.0108710517199798
0.0132613953179277	-0.00559970640669478	-0.0121138255039136	-0.0171892089951109	0.00879710396958969	0.00971635489217466
0.0130805027762178	-0.00198918781050869	-0.0139709481466731	-0.0102329143351352	0.00969781980081568	-0.00125393940934485
0.0126927442532432	0.00429757964970955	-0.0205136004110774	-0.00659895547896562	-0.0023077925283039	-0.00229834038630449
0.012464971826191	0.00535672421954287	0.00855505241195189	0.00619969414606483	0.00474632993547971	0.0112260511957697
0.012032001286483	0.00632653377364684	0.011185793078663	0.00874472912693297	0.00732227891107991	0.0122588878341054
0.0128520351048382	0.00793196749474984	-0.0161362915282835	0.0108429761846492	0.00858067207977263	0.000856046321768928
0.0124830254541969	-0.00778867677346787	-0.0202232221543453	-0.00909758445001504	0.00753767138595093	0.0128275200626571
0.012298890915518	-9.48357537756971e-05	-0.0114352807689975	0.000931898330688512	0.000957753615269941	0.00281187225913272
0.0129416056592595	-0.000672324299405086	-0.019313516816916	-0.00988350412012241	-0.0127894116386622	-0.00139419082437882
0.0120218304594547	0.00155895565995189	-0.00360163378768737	-0.000959231843110512	-0.00471674542278292	0.0130399559296213
0.0129751767645533	0.000396313496899883	-0.0138277780952897	-0.00735999948810984	0.0136278189984204	0.00913221085438292
0.0121905192744758	0.00165820482377068	-0.0100222606397102	-0.00469456451988185	-0.0019062533345036	0.014740256186412
0.013058500929743	-0.00041453781382945	0.000140349614706862	0.00732754694513947	0.00385682685834484	0.00234992223411849
0.0127610285368982	-0.00194086038073284	-0.0183801314195696	-0.00661772375475428	0.00979399191269294	-0.00312368815890661
0.0118691421238292	-0.00541026857016685	-0.0162091939852541	-0.00057474699847238	0.0189119008304922	0.0196375598692684
0.0119618543336793	-0.000670550323299785	-0.00445657763876412	0.0203120187483061	0.0142246502678525	0.00331721837897276
0.0118035655173567	-0.00351673517399102	-0.00783851206085719	0.0257438598806415	0.0104604825028538	0.00318707482806096
0.0107980997771133	-0.00452635676594607	-0.0107337031968082	0.00604712023746059	0.00112208101536071	0.015914265921782
0.0122001338934061	0.0189158261890298	0.00624667889520361	0.0106112686051936	0.00580466780405704	0.0131361890755909
0.0119343379399927	0.0267375194439582	0.0323815897875301	0.0141211193657139	0.0217757161759678	0.00798778895614293
0.0102840287915345	-0.0137180489922691	-0.00182138350622986	-0.0126373473844183	-0.0221836788319416	0.00321467742499623
0.0120256125002007	-0.0114247341606038	0.000933216403568816	-0.00139459546381611	0.00301174779335266	0.0147277037490485
0.0155008643602751	-0.00470288366305311	0.0167463428051096	-0.0101573396956588	0.000697518390305556	-0.0194524625958724
0.0138793146525818	-0.00483813920699451	0.00900265837535543	-0.0118434136836009	-0.0110202116012211	-0.0135902676572346
0.0137439410277239	-0.0176725789960615	0.0172433196785922	-0.0340837657048123	-0.0057453545139283	0.0037150532276921
0.0138633034950073	-0.0153990854801531	0.0212748212102333	-0.0274551569523957	-0.0064098918161544	0.00199526091863853
0.0128486097425439	0.0133237548152723	-0.00833090076577131	-0.0104259223948717	0.00231638405529407	0.00512138742217477
0.0119568530560868	-0.00440958666868086	-0.00437561143059554	0.0107396684744426	-0.00303813070545235	0.0048787068067132
0.0112647865174351	-0.0178169564684769	-0.0080673963483867	0.0241295340304368	-0.00531601120483064	0.0129147335589175
0.0111231118703016	-0.0091346203024008	-0.0102240785370907	0.0129479851642828	-0.00583696554698705	0.0291078213818579
0.0101596864692382	-0.0135394752497218	-0.00902666742704557	0.00663774948061449	-0.01916330427797	0.0245317122487675
0.011569638673662	-0.00267315563041203	-0.0175355042335567	-0.00532475957492599	-0.0128821177599376	0.00744372345193714
0.0117499995005689	0.00661441040653113	-0.0155648797708548	-0.00422844968992711	-0.0136485141149661	0.0107620812764636
0.0134109910013683	0.00262420755162498	0.00518407257379195	-0.00908132302329433	0.0134872247066336	0.0115182001874981
0.0129970771386922	0.00127300853468541	-0.000550966380876577	-0.00427975410350803	0.0149552181653324	0.00977952334417731
0.0117177815672812	0.00131697782354145	-0.00773830397995902	-0.00420846760109711	0.00682644867260931	-0.0010967974358681
0.0111964893718098	-0.00753466994456863	-0.0127481070371423	0.0123101786766833	-0.0115872430088345	0.0141039801547332
0.0127794637369041	0.00100963381241585	-0.00644501669078772	0.0021246214775042	0.0104299121837802	-0.0109896638793243
0.0127684772652847	0.00321302678643199	-0.00691781017470395	-2.49641060188501e-05	0.00385337452514812	0.0100690121138521
0.0117554208953767	0.0156860298640914	0.0235437058951419	0.0154561204541539	0.00932857040000263	0.0219919831889226
0.0116295092978733	0.00641912475983154	-0.0152034444800611	0.00665069274357382	0.0130277857300679	0.00395112533865455
0.0115739597517862	-0.000750892675986645	-0.0204605620697483	0.0130996526685113	0.000760516251359318	0.00407328814316973
0.0134827754603731	0.0110075824448848	-0.0155081313559278	-0.00611309869301599	0.00828262074871809	-0.00154938817417263
0.0132135309844969	0.00211255079935929	-0.011103747830326	-0.002425190159478	0.00835881322680384	-0.00421293116080215
0.0122222125402416	-0.00470967080444533	-0.0138483814390338	0.00932290515302447	-0.00976094088592754	-0.0109932065883121
0.0133274540259296	0.0147966925457959	-0.00837397262316498	-0.016477319118636	-0.00804597611811892	0.00736457515973487
0.0150805721792639	0.0028887926364	-0.00122114845302409	-0.0139439070480299	0.0110587697549364	-0.00895882890139909
0.011360420806898	0.000129685302866879	-0.000534458988364779	0.000630331627725004	-0.00621605739846025	0.0173837246348516
0.0121117203122323	0.00859171145363113	-0.0154611439777258	-0.000884559326960988	-0.00901407118687315	-0.00933309202120815
0.0115529094906176	-0.00296000475947713	-0.00695697539833528	-0.000356621864211017	0.00389519055103439	0.00926783792947695
0.013247811726718	-0.0200595116003604	0.00555674723598358	-0.024633599802768	0.0206299389305277	0.0198540815019993
0.013276525026707	-0.0209940988154581	0.00618613556349928	-0.0235159708405715	0.0232744647327085	0.0154726176771605
0.012907674109982	-0.0196455833528278	0.00273324606024394	-0.0250597867343339	0.00766307054754146	0.00669391520466025
0.0131001985108835	-0.00323421825735881	0.0116890282521583	-0.0195659675854301	0.0122825549494089	0.00637154298835638
0.0116640530655047	-0.0145079302741679	-0.00208291783900198	0.00528165552666865	-0.000348006638165526	0.00640255367610481
0.010642654779512	-0.0163151735851705	0.00352904813061784	0.0106304169435708	-0.0255289725759377	0.0228806097548543
0.0114505163205788	-0.0170448643413218	-0.00380804874365499	0.00179204211169229	0.0017633347585562	0.0110966628550212
0.0136154930807856	0.010298229624934	-0.0189417209662751	0.00298162635247863	0.00993730257295003	0.00242945136759277
0.0119317014046513	-0.00079887341935675	-0.0129379147451821	-0.000249069429598806	-0.0133545010465984	-0.0237797585519413
0.0118552448451429	-0.0200434689087442	-0.00362842171057077	0.0212359691023023	0.0023204599065885	-0.00861458586627253
0.0103023052580542	-0.0185724939833252	0.0100276615216511	0.0168732069286475	-0.016171461637143	0.0064050686421338
0.0097000140732329	-0.0161793951700765	0.0113306075980297	0.0234230075282078	-0.0164295991886835	-0.00608324580785492
0.00963535805744433	-0.0171856210466266	0.00778767853221863	0.0200881079585075	-0.0115096842651291	-0.0093859707698442
0.0112410029125454	-0.00873010088393165	0.00993518912083119	0.0129408848268444	-0.0116095489217402	0.000707039213387382
0.0114601194203847	-0.0171035444340352	-0.000209527861811225	0.0189582357838434	0.0143781806275299	-0.00102280788308224
0.011456130902433	-0.0171896994956177	-0.000716325495656541	0.0195514508799947	0.0130398968323611	-0.00199575818622333
0.0107671704198708	-0.0207074507039688	0.00520580968338397	0.0204635877722813	0.00146538893470869	-0.00277570813506156
0.0108036794656807	-0.0155180933024206	0.00280908506471831	0.0209774162358144	-0.00787135962847976	-0.000685061627838169
0.012531080213125	-0.0166765145779991	-0.000341008209683776	-0.000245902453411459	0.0129070819336832	-0.0268890038440645
0.0118510612861533	-0.0272910790712829	0.0202260868929687	0.0168065680010561	0.0011390759341978	-0.0213556236211329
0.0114149213594971	-0.0196237964878074	-0.00451264164739063	0.0244876500379673	-0.00436541532171921	-0.0049159476492557
0.0117884564041244	-0.020804892031762	0.00609031267299235	0.0109075606549639	-0.0274114351525396	-0.00797616704435914
0.0110869137962226	-0.0207549842734743	-0.00368330349040909	0.0167392532410602	0.0166130422051112	-0.0260814170932098
0.0123148204840383	0.00887240004406121	0.00968056855988473	0.00407060575623487	0.023964231426705	-0.0125220697431865
0.0136054038466565	-0.00238839852834485	0.0120171842142758	-0.0215325215506481	0.0114577850569028	-0.0128201811491856
0.0147121458827213	-0.00553208696237787	0.0140101717032684	-0.0212567612205181	-0.00222046730213097	-0.0121329908117258
0.0118164228455634	0.00871347655711455	0.013337670838876	0.0051817613346186	-0.000937528111364017	0.0240727200987015
0.011802302045005	0.0127255471973985	0.00821382314001268	0.00548605080695691	-0.000702629519541497	0.0116617007814535
0.0116409686804564	0.00765115292103725	-0.0101157806898513	0.0058033502834134	0.00252439221326797	0.00078164328453541
0.0133287971588819	0.00120169476006481	-0.00974486915163857	-0.000399388844967185	0.013695957870671	-0.00656727918718174
0.011107036634874	-0.0183477069008714	0.00158841283212958	0.0293803147666963	-0.00812184013017198	-0.00143222032152182
0.0117422486579878	-0.00174132849611415	0.0103284364978098	0.0131071868401236	-0.0126092279655435	-0.0018383968912151
0.012242014439699	-0.00278443350095788	0.00635118246574136	0.00965902341724663	-0.0109693886415901	-0.00401674609948416
0.0113454075252382	-0.000704957358218332	-0.0221408893445046	0.0210287420171051	-0.0139223634349639	0.00249730304741404
0.0116619194446844	0.0042291976733247	-0.0152971900804576	0.0103290454151871	-0.013227910963969	0.000970875335556468
0.0123537550312796	0.0256410566696703	0.0111120004212523	-0.00606433698499888	-0.0157039793692185	-0.000166292634880232
0.0117362013974604	-0.00315641170347667	0.0354522166831737	0.0022910673485456	0.0314347459285116	0.0181873869522958
0.0116346344992856	0.0166793382476385	0.02603969920849	0.00924919101352535	0.009300885525548	0.00832381207065939
0.0123311725145595	0.0112407452980661	-0.00540116590461188	-0.006683183075945	-0.00141996345773702	0.0170518440056502
0.0112605874522555	-0.0164649552662998	0.000194906969324493	0.0193862884953931	-0.00444138609910899	0.0131165400803841
0.0119451630333017	-0.00928260155694786	-0.0130387062740544	-0.00400008520135223	-0.0119336146739535	-0.00836955980727943
0.0115241610473715	-0.000994339339331622	-0.00617303547121209	0.014115813329199	-0.00218181886505064	-0.00486290495877342
0.0118626754124473	0.00570535175879706	-0.0216659739787902	0.0124462646065863	-0.0122153002773256	-0.0387751896185893
0.0120215186451815	0.00706708730035644	0.0016226320436009	0.00745479338217441	-0.00315033015008807	0.00890153086033652
0.0118570572188815	0.00843250172858355	-0.00734350716302286	0.00886783308358503	0.0198190106976845	0.00127310677118223
0.0138715465153495	0.0489490285725913	-0.0111415719692249	-0.0269479845611303	-0.0149494410532339	0.013715266558725
0.0128261107495153	0.0490663768585759	-0.00755337172559144	-0.0188656421445643	-0.0121298991554099	0.0213926714130835
0.0132479014277889	0.040039360878524	-0.00492640384277001	-0.00607519269478586	-0.0047375546714949	-0.000337143370007587
0.0121880123185111	0.0290716014404051	-0.00337563126756996	0.00196504018793281	-0.00802638861980428	0.00543739898018712
0.011541784694454	0.0029413967507149	-0.0436506923911679	0.00223200342442451	-0.00975833652097728	0.0136514481215282
0.0135638183843204	0.0145767047105079	-0.00478700593734823	-0.0117539959849455	0.00684534042080071	-0.00943721467614704
0.0112026754002988	-0.0091348871292899	0.000836380634465231	-0.00527316356161365	0.00846925935510211	0.01878709840217
0.0119015062054905	0.0132642726837127	-0.0101601272511195	-0.00740302418470165	-0.0043766645732808	0.0135029655326243
0.0120708748900939	0.0145316916361028	-0.0068199066842399	-0.00687554253129715	-0.00846614048434798	0.0122054079172276
0.0112873466008256	-0.00597000240285445	-0.00827821712618463	0.00270575043108818	-0.0139456702873892	-0.00737597882246348
0.0114629705685683	-0.00226915287481881	-0.0164535686615723	0.000394456218144669	-0.00473946715467445	0.000826660404013553
0.0123566787823615	-0.00398128165658404	-0.00236682110394745	-0.00510424833249017	0.0161911935585873	0.0152349596435229
0.0125688182862854	0.00330938045756509	0.0097085580787057	-0.00132792967875958	0.000458682098200561	0.00128368715216284
0.0120446990265386	0.00187211409823248	-0.00511982497794777	0.00275997885080916	0.00406965420341232	-0.00105558552268686
0.013372418982027	0.0369995952835412	-0.00355671216893339	-0.0171511676464676	-0.00895004263598048	-0.000978978967740544
0.011966839991544	0.00761633539552291	-0.0121448327839888	0.00863342151130646	0.0111300609431591	0.00478929467033331
0.0114766929857968	0.00118253798954208	-0.01614250823393	0.0274636145151211	-0.0100001978971308	-0.00419983528403926
0.0125087721382816	0.0222061723373235	-0.00347041412849998	-0.00249220500890684	-0.0105314573516335	-0.00494613259101993
0.0118282185870502	-0.00441079409998838	-0.0222440950738231	-0.00381518863252426	-0.0120037126525364	0.0148123032813568
0.012616679679695	-0.0164294227490542	-0.000430627930446972	-0.0139530628152904	0.00243416493590926	-0.000522898939296998
0.011440564100189	0.000667619446346794	-0.0111960885386561	0.00717446536237783	-0.0120483836671345	-0.00722780035054834
0.0121739207809266	0.00590074608544686	-0.00251175406473887	-0.0109639162207186	-0.0135471487351745	-0.0115192129431174
0.0115299859748017	0.000273203437209805	-0.018396933531555	0.00908777172154864	-0.0268322911151164	-0.0210931825690925
0.0123039167248448	0.00683893759648587	-0.0194033708554216	-0.000112652188523993	-0.0129203381081502	0.00376418298857466
0.0131766072100761	-0.000527988385962015	-0.00222706011125392	-0.0169299740251222	-0.00816279999653946	-0.000671323619316477
0.0136431204667401	-0.0140150120730394	-0.0113951754589829	-0.0210439771531022	-0.00193798457797317	-0.0367890893217609
0.0119813320738264	0.00229480971413533	-0.00814864583103162	-0.00484357705422986	-0.0123896386477255	0.0145330427550906
0.0123122965519274	-0.0330207049911162	0.0160885343563353	-0.0339471605910842	0.00854437944273471	0.0145281028200437
0.0118678496539543	-0.0253300453104759	0.0112306730530382	-0.011418801073373	0.0234176958406878	0.0145431695697374
0.0118916580651855	0.00552301301910087	-0.00216551616772148	0.00553855039675555	0.00215400975029351	-0.00639470615760041
0.0134088583901449	-0.00814062710577011	0.0106163238266853	-0.0225633631437282	0.0148869996189564	0.00146972164207412
0.0139696462303126	0.00457965164430527	0.00996418474509515	-0.0131014224638867	0.00634321762074855	-0.0139290656460855
0.0125904054570356	0.00685618419632608	0.00535230169356928	-0.0218582217502844	-0.0281359442246435	-0.0349520143869181
0.012905532746531	0.0159380049125446	-0.0208535030690915	0.0143369182828765	0.0204754199038016	0.00047861771057382
0.0121764116494555	0.00957718926428799	0.00677894850566207	0.0095341504776009	0.00857740864757451	-0.0243203378851173
0.0123124408962421	0.0109430536519641	-0.00253528939114627	0.0121137153573907	0.015104787215478	-0.0314440760370433
0.0123852326549627	0.0084286832131423	-0.00395492453581553	0.00543192464575156	-0.00360805560337437	-0.00961186155345411
0.0116063651243281	-0.0121839021831557	0.00312011504485634	0.00210696461678774	-0.00335294704386509	-0.000958518914304375
0.0117192930861911	-0.00639352854487133	0.00168801667252438	-0.000308653061192042	0.00596079093014513	0.00639157655883152
0.0112613914002533	-0.017713830694563	-0.000369265849814885	0.0164771157186599	0.00104711826472543	0.00324583133138233
0.011445110713325	-0.0114291895288188	0.00500667572734058	-0.0096544450078257	-0.00298806560901972	-0.00419116090168215
0.0131970764238577	-0.00483302319785239	0.00353472700737943	-0.0331667045318782	-0.011520441849106	-0.00824961676426409
0.0127497399901352	-0.00783981598636292	0.0121568781235971	-0.00785140322905237	0.00721226030834214	-0.0162755570229936
0.0117120769559303	-0.00578306185885898	0.00623604587260769	0.0154597367603665	-0.000558274096015543	-0.00854073613906064
0.0116158911304531	0.0235247121568911	0.0251220907521402	0.0180450585892166	0.0067065231506274	-0.0143653773621719
0.0130809356452757	0.000215568514253213	-0.00165584771388103	0.000921674884707497	0.00339133160053117	-0.0135399082032434
0.0128267165446197	-0.000311820220496575	0.00187672316185381	0.00274054973939965	-0.0023646491487214	-0.0101364306212265
0.0121000777435651	-0.000582489699830904	0.0148322084278978	-0.000362005473630959	-0.0121088887440059	0.0123991537029175
0.0122176702225408	-0.0162808252004557	0.00252141175621378	-0.0186801638700523	-0.00198665157617135	0.00352166412319152
0.0124257052794293	0.00420270569126068	0.00102865244201393	0.00203692474405874	-0.000370145573135242	-0.0087293758358727
0.0123635636372227	-0.0193839708782301	-0.001977366373225	-0.00571543624318218	-0.00220703256564302	0.00404934697140959
0.0125514219970441	-0.0228777156746619	4.95292110797643e-05	-0.0117755293936317	-0.00157488669596881	0.00808835680702205
0.0125494263329769	0.00360992531960739	-0.00211416966279696	-0.00497410354045235	-0.000992595578559544	0.00263398616136807
0.0126029127594367	0.0015780795430149	-0.00684482018335527	-0.00138466698122551	-0.00165276119508894	0.00296143701467103
0.0115154345913329	0.0184629281023775	0.0128482016011938	0.0062920382618597	-0.00191956658805865	0.00289892045158226
0.0116756491419184	-0.00687996567640037	-0.00304785544413531	0.0149041158959193	0.00110516833237438	-0.00437566283347948
0.0116641072914122	-0.00321124700084296	0.00241869081637701	0.00532282306610342	0.00148446905063277	0.00333494390850198
0.0131028821514971	0.0390097972881644	-0.00403185563870873	-0.00242984903400557	0.00582963267471203	0.0065790118597682
0.0121180838430984	0.00198522420154969	0.00569931870476439	0.00545971196067144	-0.000780837148434141	-0.00948428974795091
0.0121065610356704	0.00180043380109354	0.00406003454257169	0.00929705881430703	-0.000379110100696501	-0.00931285959485318
0.0124896169983629	-0.00684727559246351	-0.00590173041617423	0.00143680378617216	0.000882871132165397	-0.0219706283416215
0.0123157135125467	0.0179948661750661	-0.0138621978464591	0.0189286069128512	0.0317170302940155	0.00468155638398242
0.0120175105614512	-0.012521761561964	0.000636950002292585	0.00646627702782729	0.0166678284173985	0.00848489218208553
0.0120307524200028	-0.0110918923418527	-0.00951776762641706	-0.00847100383921848	0.00368071697781006	0.00749371574034447
0.0123623299759473	0.0113104303770382	0.0296088103162895	-0.00678069826849722	-0.00418804364450421	0.0041347433446038
0.011913192244674	0.00367774329322949	0.00233314147956593	0.0127515650042523	-0.000781789654799447	0.0167369014048836
0.0128457619924658	0.00911924139383424	-0.0055120744981219	-0.00415446589767741	0.0103482039786112	0.00833339217872596
0.0140325412918301	0.0065832869413255	0.0019773791984655	-0.0143185049181882	0.00660203805417934	0.00191935951776952
0.01322867420449	-0.00412352137046184	-0.00165104567726343	0.000897270598678629	0.0263424923157943	-0.0117104019952623
0.0115295670869922	-0.00379889781480713	-0.000797104873153605	0.0117120777777377	-0.011056651389548	-0.00343111040265799
0.0115710421274289	-0.00501126380867057	-0.00485200395053008	0.0092493894823944	-0.0059284309456508	0.00801432843482107
0.0116562895985137	0.0106209918276783	0.0186544268167975	0.0278030235613004	-0.0137405420267208	0.0156960453994948
0.0112557330551775	-0.00337744815857338	-0.00959638067269134	0.00523105990043571	0.0101612842725925	0.0257173505148293
0.0113080993498208	0.0171283293771798	0.00421160613659136	0.0248296652144602	-0.00976896817326251	-0.0129241139822369
0.0116542554716951	0.0292710342298883	0.0232857134304468	0.0142971217884784	-0.0254405068719879	-0.0120908401558588
0.0131251381117837	0.0140087804106426	-0.00847229779771527	0.00471232230495651	-0.00307553984113017	0.00250866203499568
0.010917174251968	0.00203063015370472	-0.00786514321153474	0.0282146141981292	-0.00829308805863929	-0.0227471616020461
0.0119438507584524	0.0136550787173447	-0.0138103201180338	0.00332056177697357	-0.00309828916213824	0.00152832011267039
0.0118308525399225	0.00467335753902236	-0.00752744798716097	0.00718768608550821	-0.00720616898185586	-0.00217116185845447
0.011672739706212	-0.00299724865087915	-0.00610082851036639	0.00311725626954039	-0.00247359012014915	0.0131663181052855
0.0137632689782973	0.0220512209210749	0.0157567370319587	-0.0129841482741208	0.0150446251558473	-0.0150210629754053
0.0125089052779725	-0.00784237441242059	0.00164067003451796	-0.0161639983715883	-0.0161794312920638	-0.00155053234657451
0.0126898062890429	-0.00316795373301649	0.0033414210219243	-0.015901695176057	0.0117503503958015	0.0105865831774451
0.0115857655045303	0.013944459817248	-0.0078831717001018	0.00450236383563481	0.00377592840182585	0.0127890673692077
0.013027335529918	0.0197902012952041	-0.00475671778617326	-0.00543351119424283	0.00330873142282094	0.000486186648483043
0.0115479804390116	0.0328745144728627	0.0263946332091498	0.0176783173184573	0.0208346103193459	0.0419180655761616
0.011012253399592	-0.0200414080463264	-0.0202538745058021	0.0186643546233904	-0.0199785484466252	-0.00472762880940622
0.0126254768703078	0.0103426281858144	-0.0207701933683235	-0.000986133238320127	0.00643585807855254	0.000715948987525967
0.0117045298880148	-0.0126611093035843	0.0111025857187711	0.00470573502220907	-0.0173816538169528	0.00490827344881342
0.0108707814475476	-0.0100084589517384	-0.012793617848311	0.0202206606976759	-0.00117982336981138	0.00776132246720154
0.0116059781994105	0.0120178751597972	-0.00348134239139093	0.00221070385704403	-0.0137188986993823	0.0114990621144029
0.0118208150871246	-0.00297049572214187	-0.0276870854762642	-0.0176242232269627	0.00150812955206116	-0.00818302670634132
0.0123199856417861	0.000413741965318187	-0.0375873366109156	-0.024143457555264	-0.0265686979087845	-0.000873035458321209
0.012856456497943	-0.00572295291544367	0.00501315082564524	-0.00574574608551285	-0.00850149506527454	-0.00464817728460482
0.0157138980584547	-0.00506563275049957	0.0149781267779149	-0.020301792472273	-0.00106486048932515	-0.0170354253204861
0.012107612839402	-0.000357764029904961	-0.00484996496028545	0.0104549299609229	0.00617059884897909	0.00236227334433485
0.011853506178151	0.00418124595272706	-0.00866382965653104	0.0202597789409151	-0.00797353253471626	-0.00351324893242315
0.0125832757149161	0.000237869230166593	-0.00716314754960673	0.0137842373876865	0.018010731239169	0.0100993914077496
0.0123306056131725	0.000617323253455505	-0.00468327779720772	-0.00486500424149329	0.0151389035192641	-0.00111338920915901
0.0122003988252419	-0.0041405242460985	-0.00983499458599733	0.0100469808467779	-0.00737328107094968	0.0043679180122873
0.0121467180957853	-0.00202609292014663	0.00900983288967184	0.00108220562137346	0.00618799487496105	0.00254555539917502
0.0113732711715776	-0.00338231160821339	0.00171311978145723	0.00133934539204121	0.0022962246124829	-0.00271211499201356
0.0106055948684181	-0.0140620414996972	-0.0113505364278176	0.0218091104397839	-0.00132883105978869	0.00235282304505959
0.0117972524875289	-0.00292510175350472	-0.0188376582714657	0.0136369762984219	0.00185366289873231	0.00985347335088129
0.0119060131200578	-0.000709048172047752	-0.00243347062591062	-0.00048563877851905	-0.00804502005779957	-0.00819280150150186
0.00997900784482704	-0.0186451614156445	0.0050888660191916	0.0219582681939322	-0.0242106714735636	0.0149393130204063
0.0114684941743171	0.00241465208456964	0.00386233504529595	0.00700790100236308	-0.00744471124303874	-0.00291880435580144
0.0118433056166326	-0.000692657929410822	0.00060094871698154	0.0134898082725802	-0.00274029615756232	-0.0098899684366187
0.0119359264163153	-0.000581823208982118	-0.00207936889699885	0.0138248404706297	0.00812840829834071	0.003243503576423
0.0117907713168899	-0.0062723735758168	-0.00323208542041715	0.0181746402667359	0.0124196530795667	-0.0119986511909075
0.0125148471638583	0.0017328003611339	0.0326562469776733	0.00135302916504932	0.00871912854043149	-0.0188270357538781
0.0115090122718774	0.00238382854068555	0.028544113458834	0.0121161909613677	-0.000108779566437153	-0.00842558406753926
0.0131410552245813	-0.00553440429069931	0.00314783993163812	-0.00694337546732004	-0.00216821080890393	-0.00682657885674212
0.012848823465852	-0.00279311655065474	0.00197441401940812	0.00254781125462882	0.0211542255230503	0.00738105784753478
0.0119633555078676	0.00470741423214027	-0.00211570584300547	0.00914744189463932	0.0170778883068945	0.000961176614419855
0.0133701515723955	-0.000286767487829254	0.0152812067454529	-0.0155444774277671	-0.0191085955601263	-0.0454172995310152
0.0119910332717997	0.000983123277091877	-0.00136236048434765	0.0063734038557755	-0.0204575303045518	-0.0235731823667975
0.0124969469014573	0.00990998575871941	-0.013997171333366	-0.00478400664895789	0.001246920701661	-0.0263703259321783
0.0135902907757374	-0.00589389533833434	0.0037830924128515	-0.000908372372618307	-0.00777664464277465	-0.0202068975194875
0.0125617729462688	0.00315581729788425	0.00198222985227102	-0.00029133380834513	-0.0143770704706398	-0.0295644611550556
0.0116051562808471	0.00573100147255738	-0.000736226981527879	0.0149703869688798	0.00137889412232118	-0.0160695607240656
0.011492691686963	-0.0155646240217211	-0.00162229195779322	0.0210089302698271	-0.0145074160721927	-0.0146383214949121
0.0110369802817869	-0.0121745843400078	-0.00603089721009004	0.0083964545672028	-0.00950742512388352	0.00229562989828417
0.0116688896614723	-0.0049438417637268	-0.00942312910926695	0.00670358164654338	0.00036173797179316	0.0023852882395681
0.0120445855048969	-0.00218415219820355	0.00502356225291978	0.0020984325878352	-0.012311151393549	-0.0164143900140561
0.0116791600513238	-0.00313209079820008	0.00304713151162552	0.0157585512618275	0.0144435673131951	-4.72938834903004e-05
0.011989863006132	-0.0126227727083241	0.00297979744976079	-0.00178758208680858	0.0170939940247708	-0.0123918489046395
0.0112063975821451	0.0028669056287494	0.0122186171897484	0.0229625756351038	-0.0033786496505177	-0.00391010726247557
0.0124898242141122	-0.0157817786035767	-0.00917620007725972	0.0024302509524386	0.0231698185841871	0.00758586064702478
0.0123404962621227	-0.00958812169684097	-0.00659976822442928	-0.00755556026041361	0.0108690280566087	0.012052904162215
0.0125238684387355	-0.0146036857108522	-0.0027362211992325	-0.0121521967830377	0.0236786410714639	0.00617581225239709
0.0121333543080584	0.0025869896747286	-0.00726558271231233	0.000718640924935331	0.0128934809932902	-0.00868031144004884
0.0129409561661687	-0.00132684955472254	0.00105642198668721	0.0020644026450513	0.0279806007052299	-0.00816448469241805
0.0131199037006455	-0.00215508841362822	-0.00424597090633036	-0.0157643258578053	0.00841504251062219	-0.0145369183331401
0.0131696223741499	-0.0038680900605748	-0.00505250310487381	-0.0142241378804646	0.013849342664049	-0.0146421621504041
0.0126551363550855	-0.0062872578786506	-0.00511237891052882	-0.000484591009885794	0.0215454534539055	-0.00177828276083834
0.011709525748672	0.000943650191447018	-0.00261816571024036	0.000383000068999413	0.00928443790570342	0.0020249399834342
0.01197047986444	-0.00850983514724158	0.00562532747039193	-0.00826282002687974	0.0101652983173875	0.00830351137736397
0.0126292069978438	-0.0128632190145395	0.0042304456325616	0.0033091904445937	0.0153450898397073	-0.0136058983537543
0.0124628164967015	-0.00278412598320626	-0.00171261246175231	0.0225096911396789	0.00828757844088423	-0.0204616265271184
0.0126495401992073	-0.0170004530885527	-0.00211811335492928	-0.0140599819086211	0.00196901332497627	0.00235036137888386
0.0122294313354351	-0.00200587090252711	0.0122558607596111	-0.00560300109993567	0.0203983875608061	-0.00936175758856656
0.0123567967850325	-0.00460002552379634	0.0131645452634871	-0.00802290015618545	0.0151978501016106	-0.00855889447488107
0.0127742640960457	0.0043864221465427	-0.00235799790457312	0.0124961217516125	-0.00653938033711198	-0.00917390550722772
0.0113103492993384	-0.00875994041787978	-0.003128223833966	0.00356485344341742	0.00360331094311258	0.0102712617145551
0.0146802864368343	-0.0119713835449682	0.00372208752174072	-0.0190699739287352	-0.00442467569685184	-0.0130599637816898
0.0139866848133341	-0.00898819053435778	-0.00285992354414375	-0.013043342367147	0.00417342507193251	-0.000373140953524301
0.0113944523760786	-0.0200003874199843	0.00636624291078673	0.018650604613944	-0.000360608730692037	0.0148749905762915
0.0112899440312253	0.0158513697311124	0.0297786090658354	0.0123554236949676	-0.0110853907374986	0.00117992773525946
0.0128320705057119	-8.1368546465161e-05	0.000110346030884977	-0.00331194294471761	0.00397517399673302	0.0078218736921646
0.013786939627184	-0.00920624428728973	0.0107558650144075	-0.014271363994975	-0.00539933290103242	-0.0166830440738205
0.0159513997487446	-0.0137899537753412	0.0282719147771659	-0.0194985767528254	-0.014845451007595	-0.0259839341831833
0.0124605948081075	-0.00197679609676984	-0.00777016227095259	0.00244839042289554	0.0128947702612097	-0.00366427570660911
0.0118241546250083	-0.00404740583534773	-0.00384001163012975	0.00523965012761652	0.0121315094485969	-0.00342488057384265
0.0131084874960207	-0.0292788146941339	0.026869712685491	-0.027181469723362	0.0267074113729948	0.0341828200784677
0.0120738261955967	0.00615919001637523	0.0133735752553492	-0.010972466011064	0.00650381489993059	0.00923733204083498
0.0116664976108813	-0.00213210733122901	0.0233796568851909	-0.0045533223616834	-0.0165940730684363	-0.00669797684883188
0.0128487401463861	-0.0037892182068023	-0.0119089992972062	-0.0119431475825437	0.0116885725617605	-0.0110734489376595
0.0113648871829304	-0.00337315081779006	0.00219791874113403	-0.00161250012216292	-0.0234449652000325	0.0119246157786752
0.0110351945533366	0.00141577596780046	-0.0114777074701925	0.0193220968006603	-0.00151668304516863	0.0206992278698158
0.0122758287976353	0.0115059655286565	0.00599363035285264	0.00237721827938923	-0.00551088090980449	0.0125028539570774
0.0128453564174879	-0.0015097741920519	-0.00165407128116355	0.00220861437852006	0.0133162423849944	0.00723654147455909
0.0118198584033651	-0.0115034609404844	-0.00594562279987028	-0.00635603754890939	-0.00298301107114349	-0.00162049518505932
0.0136914728199721	0.00873967576311827	-0.00752512293334185	-0.0166089255061129	0.011705015859645	0.00221580068393987
0.0123375175490275	-0.00659738299921523	-0.00959555805573499	-0.0157593525051541	-0.0277173505256837	0.014503012165595
0.0108979155435389	0.00794081312734192	0.0212327358922591	0.0396648919172851	-0.0173635321452951	0.000189249377274716
0.0110499200308188	-0.00747713887879397	-0.0168570346217533	0.0271582509812477	-0.0107196111569373	-0.00756803925623725
0.0121160914686236	-0.00047116926709209	-0.00602783568891179	0.00787278997163948	0.00888846762219243	0.0166360301141286
0.0124066884042225	0.0019930322792435	-0.00592557665781272	0.00526278736117163	0.00132271656100596	0.00876623312241838
0.0114039354755659	0.00243244102990038	-0.000220578007909158	0.00126924293436679	0.0157298889595863	0.0297140453042841
0.0148434886728219	-0.00772414367120024	0.0092258045280368	-0.0200846359029341	-0.00297885641472726	-0.00961235726914023
0.0127273568793659	-0.00583367943106883	0.00419361131445973	0.00377294682876671	-0.00412795966116426	0.00363974008282643
0.0132131879814064	-0.00632646762980768	0.00625861713533997	-0.00028004061010861	-0.0100979899738598	-0.00661014653203646
0.0113555487108203	-0.00631874136454199	-0.00110487031267002	0.0242550460171375	0.00284656430972823	-0.00780551772296618
0.0119919448100977	0.0114092493029159	0.0136910123286659	0.0120234239338529	-0.00531636972218032	-0.00293528320654861
0.0118852832334373	0.00548495636729121	-0.00330584721320909	0.00192828437090557	-0.00105521137768891	0.0175670521837273
0.0133857408846703	-0.00232261804002032	0.00342433147763053	-0.0110048065016055	-0.000817172773096739	-0.00204649397769182
0.013091924979289	-0.00124121597782641	-0.00150866085670125	-0.00329025020257988	0.00704318706913411	-0.00364722739883093
0.0116097209822171	-0.0134615137628568	-0.0291926023647103	-0.00993577889996645	0.00734082446605236	0.0185332126745804
0.0108461906926581	-0.0118263191011439	-0.0145180112414562	0.0228772122003793	0.00531447829008312	0.0136955274660496
0.0112946721157171	0.0010294795085463	-0.00480681891562341	-0.00678216462757929	-0.0349775510378836	0.00881901389412085
0.0129849467499782	-0.000703235644268431	0.00517931375381721	-0.0212968054451637	-0.0123958856056681	0.00713558268773046
0.0120399397108806	0.00122593908732182	-0.0142232407370551	-0.00234207515443518	-0.00232490203589279	0.0189007141386512
0.0123841117204086	0.0133612944651101	-0.0106278989862296	-0.00198635700078092	0.00199630754790564	0.0125307361573243
0.0115878184245547	-0.00198636510187065	-0.0051436670555732	0.0158660095886527	-0.00375808291873241	0.0186239644135635
0.0131632705689512	0.00422847735510172	-0.00532485491798525	-0.00607426518988547	-0.0136550578598997	-0.00739991799940657
0.0122749335950189	0.0199016500345541	-0.00121630177846044	0.00669271721063888	-0.012876377372457	0.00843092983645717
0.012098344035484	0.021439164078281	0.00335067251545739	0.00791133936742087	-0.00955318826606138	0.00799689029310065
0.0116378829806652	0.00543639238701537	-0.0137644465630112	0.0145715930437664	-0.0158935050997007	-0.00474521754142564
0.0117512579261262	0.010203018918746	-0.00766317767607379	0.000798461120808665	0.00135725969825595	0.0249442111005939
0.0107839200338421	-0.00695098880883179	-0.0030429683298387	0.0191554141996802	0.00187415520942453	0.0210066093218123
0.0116300409750467	0.00568160088998383	-0.00372563334627534	-0.00680821158205055	-0.00150011666295131	0.0162001960919145
0.0123724421230891	-0.0109664215389062	-0.0110299104787381	-0.00526201032583371	0.0209223796384379	0.0107795507182829
0.0131964915190191	-0.000284995110716128	-0.00497010987292353	-0.00706715162079934	0.0066836341013116	-0.0013141602631612
0.0136432125236696	-0.00384175152736019	-0.0118767269906322	-0.0128731978214595	0.0198694704246837	0.000774683632038668
0.0122571167574387	0.000953905533289913	-0.0114023880870514	-0.0145474165293224	0.000765439206138254	0.014471519228752
0.0134935161093845	-0.00510217989421824	-0.00330308030622958	-0.0149791378689557	0.00849785402363084	0.0243013562743349
0.0123614608021754	0.00384069788173231	-0.0235822964545506	-0.00980752055461661	0.00912235287951195	0.019642138101315
0.0115969265853961	0.0145427511370797	0.0119743220883848	0.012838210284904	-0.00934876289204209	0.0214821295434908
0.01187253478174	0.0148061442750897	-0.00334205499225743	0.0238662951360313	-0.00244738002655438	-0.00300810216893906
0.0118072913878886	0.000833871884116356	-0.0139560798969619	0.00202248928446258	0.00881598814147971	0.015426360909757
0.0116306241489798	0.00083687601939649	-0.00485165497419761	-0.00810246518417318	0.00937589558732962	0.00910908669551725
0.0108621085273679	-0.00811750952849998	0.00381313801289702	0.00869417585808221	0.0250013129169551	0.0402512679807134
0.0112082920461759	-0.00930203395903861	-0.0150152157097572	0.00268254560222744	-0.00666644122705425	-0.00351745620837123
0.0118943522059297	0.0220624792855602	0.00467860235082582	0.00660096657150369	0.00323298602323445	0.013973182963991
0.0138643336294629	-0.0218865870210379	0.0136736239093605	-0.0254282237707492	-0.00736343634925769	0.00291500979988174
0.0136724527954952	0.00292667214569397	0.00494826594990763	-0.0229989753567978	0.0037948755167177	0.0143177138283214
0.0122320816293123	0.00728412278004092	-0.00933904966621878	-0.00587178231241927	0.0111674633503491	0.0146164326183628
0.0135694487809567	0.00395110560376142	-0.00291362127693003	-0.00582083703700285	-0.00236582085245561	0.0052173557921049
0.013481418795291	0.00537115017498479	-0.00397152091634522	-0.00886220772935135	0.00177490271759261	-0.00225302023789184
0.0135255145311484	0.00111386414573994	-0.00426796907863339	-0.0109735735628174	0.0157943831391354	-0.00175970386768831
0.0136752865885354	0.00205792584536261	-0.00213764679493837	-0.0155808763953414	0.0100041245398441	-5.33093191202955e-05
0.0127499324890193	0.0168067479094623	0.000918008075071614	0.00643433187674056	-0.0087242380595778	0.0102141387305563
0.0123245668790418	0.00440103724992222	-0.0183028015100069	0.00351880341815912	-0.00582927173231267	-0.0143490566771647
0.0137067870125086	0.0250735686346763	0.00557551817065169	-0.00804850483255337	-0.00674759321662449	-0.00108541203995959
0.0143911438365219	0.0122866169648938	-0.00969589725981017	-0.00544659695593923	0.0103463919453682	-0.0147348915212577
0.0151894291085172	0.0135667341390944	5.32400318188468e-05	-0.0126701868899112	0.00846018901688712	-0.0186833479960154
0.0136080390043897	-0.0208335496391008	0.0202319561023124	-0.0064282041301519	0.0222093145745447	-0.0028957754018073
0.0120309327917783	-0.00656589846155926	-0.0244575694571067	0.016571107969424	0.0149538201198638	-0.00121985684037583
0.0127539290576564	-0.00989753900011275	-0.0034680597955445	-0.00912239793465738	0.0216888633866174	0.00341899214170216
0.012459790117044	-0.00404963206934709	-0.0102503527905082	0.00437930386354373	0.0203672607007907	-0.0115944438900985
0.0121474699925965	-0.00247581424202537	-0.0120773134701699	0.00866573262998872	0.0294085935002017	-0.0134206829512589
0.0126563590681265	0.0074824002526992	-0.00767187750993635	0.00277227217428737	0.00407545216148983	0.00470572827636417
0.0135236987165026	-0.000162435351732986	0.00510708472694412	-0.0201104307867934	0.000646877573150935	0.0136301956700169
0.0117906448405425	-0.0037602702169064	-0.0408286945622909	0.0145783859607587	0.00670433796999879	-0.0102733598796061
0.0117816167059373	-0.00294188837293995	0.00696564314158152	0.0133671080952287	-0.00840187804367411	0.00552120712795291
0.0119409716987167	-0.00111751898846662	0.00213170164788499	0.0159051415702325	0.00426181724761275	0.00583172877574675
0.0125361844454097	-0.0137413440447845	-0.00951475881501053	0.012506284877577	0.0169187746892181	0.00237140507718279
0.0133578598213962	-0.00666795380540593	-0.000808495327101504	-0.00449979229146822	0.0219085282406899	-0.00128656253829966
0.0122884070317768	-0.0117776206631138	0.00532024485463367	-0.000907674044055816	0.0106881787631516	-0.00431072716961233
0.0113704207739387	-0.0252641992120286	0.00172304470344965	0.0149955644213643	-0.0192170956118321	-0.000499727942393235
0.0113884192554031	-0.0253441930441158	0.00106326140987355	0.0144449056573589	-0.017770597626808	0.000968203780584674
0.0124790591247782	-0.0228404514630116	-0.000776791968324406	-0.00918269452458176	0.0163010855163514	-0.00507073764143162
0.0120382079522801	-0.0185122664081067	-0.00406112589789073	-0.0027961090161072	0.0148670565699476	0.00247459591253728
0.0127069742871201	-0.0156586564069211	-0.000931742313448258	0.00519520605371154	0.0198101127120936	0.00539225649385095
0.0110475662573789	0.0089834685095627	0.0207589985521681	0.0353553221351241	0.00138327260935599	-0.0125706146423885
0.011290560224578	0.000955650779996068	0.010789744150014	0.0103225067300793	-0.00983064108864986	-0.0168298549750409
0.0116173226031216	-0.00791013747281979	-0.0132573013580877	0.000314282440850332	0.00399312246186539	-0.00898374701024165
0.0134443801509682	-0.0186324393090645	0.0130827079945277	-0.0170828727414533	0.0161304289684274	0.0135917821571272
0.0128083244748782	-0.000669666960837216	-0.00258876008851055	-0.0125280196830321	-0.0132088169487593	-0.0238386030809852
0.012316473041361	0.0040517318252361	0.00508003158408326	-0.0170296592897424	-0.000743664702343902	0.00625122405247015
0.0115541925217214	-0.00673443754908805	0.0116460228783397	0.000881754552589539	0.00839830124943977	0.0236237651297165
0.0127737342472919	0.00307547798515706	-0.0140084374022596	0.00474989460030319	-0.00570796861347481	-0.0340708258157451
0.0122092814218952	-0.00608175729164886	-0.00138720459330516	0.00407275661087103	0.00330649134948408	-0.000797379525480329
0.0123170386345639	-0.00238464495504306	0.00147677999740369	0.00270533847685055	-0.00109135514339398	-0.00581562498081765
0.0119049522375126	0.00658549139475618	-0.00718981983661555	0.0154767801553973	-0.0211835380219729	0.0116515079798099
0.0123537787338784	0.00505870633700803	-0.00293557083985305	4.41857854000865e-05	-0.0154040650710501	0.011982422136392
0.0116986948515392	-0.000565847623954185	-0.00958297694391395	-0.00286526426260463	-0.040014432272066	0.0250189329428849
0.0115792012207128	0.00257596199588028	-0.00644671640768684	0.007588790987047	-0.0291375480658557	0.0231215349161886
0.0116412933606132	0.0169030574887131	-0.00519167602227872	0.00840534493844176	-0.00984102865893325	0.0264582470925026
0.012403143610389	-0.00970168891739562	0.0202909062094054	0.00374053234066124	-0.0173067467571981	-0.0106622324790882
0.0120871249715538	-0.00176337837665539	-0.0147316598646747	0.0027736025870624	0.00208461414507254	0.0102285331271556
0.0140118222325619	-0.00290077368152408	-0.000196387424017506	-0.0165543683998	0.0137583516988194	-0.0100512295331235
0.0124516728393696	-0.0151659897806765	-0.0107192830520232	-0.0188009516547578	0.00559123848265519	0.00144297166165835
0.0130284096542264	0.00696709541157465	-0.00602674764629563	-0.0129077920322789	0.00417090448814102	-0.00128364123307884
0.0121981535023	-0.0119788401591948	-0.00426360978792416	0.00519945704856014	-0.000522983594918451	-0.0030970159197557
0.0119522298014462	-0.00695606391429533	-0.0113682602322388	0.00831899305331935	0.00803125932776384	0.00602009567065149
0.0120656040357037	0.0260585775742991	0.0122755925039772	0.00454544035243236	-0.000908673817342272	-0.00513623326133115
0.0121977992546809	0.0185621553385397	0.00295205832541564	-0.00517640719197884	0.0120397371982548	-0.00145118849753755
0.0116443760769637	-0.00760521083433951	-0.00886502114369296	0.000744580188869939	5.11914153624746e-05	-0.0011462270705467
0.0114689206562015	-0.00318163459876078	-0.00693680314456567	0.000209635471564464	-0.0118337184596065	0.0128872861270786
0.0120722420169869	0.00047469771063936	0.00560582877221719	0.00422609246491905	0.00723564306671994	-0.0124655436307995
0.0124291977560891	0.000758266778389467	0.00276062361484441	0.00766752855096317	0.00893708666999024	-0.00269029845498429
0.012593556124869	0.00281012437139312	-0.00880291584242817	0.011526415824667	0.00555558682474862	-0.0114423441441969
0.0121962063224114	0.0221246219347899	0.0171195500660922	0.00886974863652981	-0.00314559062188821	-0.00264574952118873
0.0122366483446625	0.0229909632207922	0.0207478918874195	0.0102766513138782	-0.000138461012391682	0.0016568274065239
0.0120058326983785	0.0107956926573874	0.0112813798643004	0.0186548401426782	0.00226636107350078	0.000491211855273896
0.0139510852600521	0.00130354139301523	0.000321416989261256	-0.0111930198142545	0.0159687751706381	0.0122171993731958
0.013973424396334	0.000265736646060612	0.00401487288495391	-0.0137283126850291	0.00454291293471206	0.00961163853709415
0.0127194971333798	0.00579050471049539	0.00143332794114654	-0.00107694650205736	-0.00763936625887884	0.0065593091886296
0.0118153098735044	-0.00268472967974349	-0.00869634293288421	-0.000781407770041229	-0.00708636412373732	0.0224400295238057
0.0142369261365271	0.0156045704524292	-0.0363576854826544	-0.00396286807581195	0.0074247183367369	-0.0331473096420869
0.0130615539171842	0.000412561925453562	0.00663440226625017	-0.019839898738767	0.00739419376446235	-0.0149300641452498
0.0124774297203761	-0.0174960562136297	0.00305740011518134	-0.0158200558232707	0.0145157141317893	0.0123400867777759
0.0130689633128574	-0.000805628652321229	-0.0229499907198066	-0.00735882950496526	0.00244835146217879	-0.00786695929778387
0.0133430147464916	0.00664017403631139	-0.00766314045922956	0.00318838732812929	0.014486623508336	-0.00681101502943364
0.0117055389606029	-0.00215614344465581	-0.00850045934665427	0.00832311060568427	0.00295399167321225	0.0249382355167591
0.0120688157559722	-0.00276477766182419	-0.00554833363247422	0.00425531230722018	-0.0204287258035506	0.0226420618710874
0.0133098022688171	-0.00447107289961929	-0.0104032804638094	-0.0132193361024623	0.0160796329105548	0.00494731060913759
0.0119206534110407	0.0068734372426684	-0.0139883917855736	0.00449513040371684	-0.00535862865956527	-0.00321674132499042
0.0111829578497748	-0.00452834347215497	-0.0116179776935076	0.0244371919371579	-0.0043401967270563	-0.00305553509590885
0.012131954870606	0.00342253090955306	-0.00572112656430783	-0.00328894223193428	0.000624744884317925	0.000667436669546207
0.0122072571126756	0.00391822534724372	-0.0192379802201055	0.00711456933230037	0.0104622524717435	0.00137574912369681
0.01086749229363	-0.00606584922446039	-0.0121435927872063	0.00949695840915061	-0.0152731101109513	0.0138205484475076
0.0111484294459635	-0.014693522307776	-0.0150204042621943	0.00123692340735754	0.00348846643705407	0.00299356822371611
0.0110201439920339	-0.00737274455374825	-0.015895522528004	0.00867009689171451	-0.00785285126114517	0.000847475156567347
0.0118720361192708	0.00648774996177173	-0.0137876269810111	0.00731515746254552	-0.00552992324269575	-0.00634883753414948
0.0125899434122834	0.000159109041358159	0.00885162296151777	-0.0165993451768846	-0.0203111474412827	0.0073211297812415
0.0135962804885613	0.0394739548393106	-0.000350374121292693	-0.0200506300558492	-0.0112174988352808	0.0121627437941561
0.0138576892885717	-0.00724700661877225	0.00320839522500724	-0.0198062852964887	-7.98725746872769e-05	0.0312119428150711
0.0133616626402421	-0.015527604702745	0.00921909549549967	-0.0187914382986344	0.00807824770858728	0.00708401892028396
0.0115421576155249	0.00979539875584941	0.0059951576334408	0.0155013612028456	0.00343718577225189	0.00915431144614604
0.0128597658393446	0.00519780666688432	-0.00690584908291908	-6.05771947824625e-05	0.0110202732685643	0.0142084507933559
0.0122083472837338	-0.0133072463931311	-0.00339703225211973	0.00549350671900218	0.01156039200827	0.0124144125234847
0.0142237170303362	-0.00260468096360059	0.00285168832920871	-0.0149793251623076	-0.00215369623713407	0.000831236290950558
0.0132848120726066	0.0184212507778198	-0.0172767769511211	-0.00607695405472418	-0.00510727617076476	0.00489583753605014
0.014672955294921	0.00442716869191792	-0.00301089484405496	-0.0108611201299964	0.0201772988157976	0.0076298581214783
0.0135607042672525	0.00500507298203114	-0.00225161254540239	-0.0032396015039014	0.0134111803543093	-0.000413634130329603
0.0130841037483691	0.0179610900945934	-0.0141098432655569	-0.00746666872463648	0.00690307619819106	0.00843649125209683
0.0135120252621108	-0.00226556801389518	0.00285008632318334	-0.00912511504957766	-0.00656706912506331	-0.0157174135098562
0.0128161674379989	9.08003885019691e-05	-0.0115713534780002	-0.00263070838967637	0.0119470147204122	0.00883587574341411
0.0108328950515063	-0.010235994563506	0.00294976469217633	0.0105029586857165	-0.0328265740238047	0.00815252389373401
0.0126946875004667	-0.00555018906288781	-0.00512548793414886	-0.00760448365122924	0.0138958844663015	0.0096538712340142
0.0135755761817065	-0.00823965252419668	0.00035454295164475	-0.0195201039597642	0.0122277484216112	-0.00134749757957419
0.0140033928423409	0.00826999375533242	0.00308472472654735	-0.00579788769423433	-0.00727720273770379	-0.00298198599833404
0.01198951109334	-0.003516762335084	-0.00489361871522754	-0.0118404805987934	0.00295149893741325	0.0221192518590322
0.0123720742046	0.0131868414005718	0.0197567010394668	0.00860979225418702	0.0147270660615204	0.0147039601700039
0.0115446915950757	0.00271610054209226	0.0188653915322182	0.00588647601008024	0.004369240951128	0.0087610458016422
0.0131308773097617	-0.00143370067694303	-0.00929061522625217	-0.00267279523143334	0.0287301161199666	-0.00757507923375672
0.0132970107166627	-0.0149229155467961	0.0131764976645104	-0.00254145731916126	-0.0162952736770211	-0.0194261113018944
0.0135551562800322	-0.00429715681449116	-0.005182083364599	-0.00632950606750422	0.0183909836864	-0.0212438509490657
0.0124713494164341	-0.0169006813013031	0.015258220318155	-0.00266186954937432	-0.0271662000701195	-0.0140713850470167
0.0126937782750624	0.00321797966906871	-0.0109479144658111	-0.00567403852127694	0.0181106695032169	-0.00423803467058843
0.0134519522953983	-0.0106537150895206	0.00606771343943883	-0.0325989275835352	-0.0130397360835922	0.0127517096146844
0.0121902606791477	-0.00113823191948968	-0.00100825217370395	0.000265395785619018	-0.00614331596702376	0.0144959217586588
0.012258795124215	0.0114698756200456	0.00686972287572169	0.00893628900085697	0.0105991783015946	-0.00211565645665636
0.0130298145105958	0.00162327797214371	-0.0156381953397387	-0.00873068587000704	-0.0116146810900666	-0.0281208167551945
0.0134742934280552	0.00314955437079058	-0.0183927907243106	-0.0118119232667962	-0.00729810173530451	-0.0215173149058668
0.0128621759851655	-0.00232198240180231	-0.00063039124546139	-0.0164977652337082	-0.0144251540627446	-0.00249767355925787
0.0131565180817513	0.0375581192051107	-0.00497386576342256	-0.01123731976255	-0.00188560180363739	0.00175118990901091
0.0123013806014	0.0104688458519863	0.00350590173332552	0.00291997853241343	-0.011793227147773	0.00468185521897637
0.0115555070738835	-0.00990044313054775	-0.0148532075525661	-0.00484388308483273	-0.00310416297100242	0.0205738421234988
0.0123514917868935	-0.0101779525258322	-1.80657305822503e-06	-0.0147700327962702	-0.013216937128212	0.00343129662999318
0.0123816602615039	-0.00643434320706652	0.00851575264306036	0.00221873253997363	0.00380575178790869	0.000134622965420223
0.0124743416156148	-0.0108297789078037	0.011259879330646	-0.000366682683441403	0.00115626356177296	-0.00848303590392667
0.0125870794751887	0.00931105732958141	-0.00231537093273973	0.0102251252547448	0.0204028201190786	-0.00976586486753993
0.0127893710238086	0.00105352890885454	-0.00657910183474493	-0.0112254346785402	-0.00480641410610379	-0.00197926868114339
0.0123514820238065	-0.00305192072022212	-0.0173622391855744	-0.00796341515279269	0.0057443339880617	0.00918342567363796
0.0116624523796797	0.00896680819271466	-0.00110466151105579	0.0121912272530132	-0.0130600666027591	-0.000839844257450947
0.0127533209673759	-0.00169328784260319	0.00178614279954194	-0.00448993282454079	0.0169318481939719	0.0052515694604413
0.0115542210983	-0.00412821755861392	-0.0154303120791484	0.00293282754876051	0.0091105191923442	0.0123739801289671
0.0131532027952491	0.009368843703882	-0.00120554613863155	-0.00747385027031626	-0.00238423968397677	0.00132974825191426
0.0128842738457095	0.00689023413182371	-0.000105769803767536	-0.0127808555072982	-0.0164414356678554	0.0200385518823156
0.0127553594517769	0.00432109986818445	-0.00904439330822348	0.000537020351840267	0.00376625429963534	-0.00752766229725996
0.0125606378916792	0.00700878386007878	0.0042202073178401	-0.0164661137606418	-0.00826169601116027	0.00973360844078083
0.0120823475698335	-0.00260206571766405	0.00241207487117663	0.0031462380406002	0.00294915672629885	0.00841484296734236
0.0132653726144822	0.0113515703441209	-0.0189390045674226	-0.00156202874610355	0.00590301815321328	0.0066253212648816
0.0123379041328847	0.00209999805038127	-0.00608242591017871	0.00382549766937073	0.00642588055548736	0.00314277796190186
0.0128478763300376	0.00397390701244071	-0.0297589437286258	0.0121139044494263	0.0126708738818424	0.00288016562377483
0.0129149488026901	0.00504750296728289	0.00084048964107592	-0.000855461261032164	-0.0160040434171312	-0.00284887853477514
0.0126510760723548	-0.00468332964196845	-0.00631964547042178	0.0027961041563601	-0.000327977325868757	0.0060096545060849
0.0118224094899121	0.005928006801075	-0.0228332533426993	0.00410913919425126	-0.00981319477619116	0.00104007546662796
0.0125313329573427	0.0103238431796331	-0.0188707422570012	-0.00549672472945422	-0.00598015472919477	0.00338244734982099
0.0115248496623461	0.0105793270298389	-0.00700648622866201	0.0140875067806924	-0.0149854924244177	-0.00987278966309721
0.0121923275500242	0.00879773894085756	-0.000463211669803495	0.00520197963083833	-0.000750284880238029	-0.00922854856182114
0.0121650966491085	0.00813181134433687	-0.00103883566810304	0.00399130015632637	-0.00887250977654839	-0.00935032193439286
0.0129079762919345	-0.0137871798978131	0.0145400233680434	-0.00835396659151036	0.0157719998417429	-0.00599607873166063
0.0118171217880359	-0.0147961442379551	-0.00484632592077763	0.00781734880563517	0.0168443484663027	0.0146687682050357
0.0104151495976081	-0.0122581221623562	-0.00361638979453449	0.000726860843895961	-0.010434587561712	0.00684768085201217
0.0104757966486112	-0.0136175637000576	0.00881406986444533	0.0132328185417561	-0.00271429412915991	0.0217398836478607
0.0137310298058088	-0.000784418678213024	0.00378750916514318	-0.00624006054942049	0.0236841555743509	-0.00376952214644073
0.0116091146462395	-0.00678871222115387	-0.0118623469106108	-0.000578711944277316	-0.0038744355505558	-0.0135899057721061
0.0108241160714341	-0.0167762625457573	-0.00673244399146419	0.0243702937631545	-0.00298112531026238	0.00280583010516952
0.0130283789398071	0.00255924017612603	-0.00195027136642462	-0.0109018075604017	-0.00146454626722587	-0.0107298488405269
0.0113134771564774	-0.0205233241673539	0.0155585541563468	0.0149453801930396	0.017310822798064	0.00720011064669253
0.0146933148874368	-0.0140639983310479	-8.37624815534302e-05	-0.00613832019084959	0.0376872256976664	0.0148541426679545
0.0116813395601511	-0.00904485915039348	-0.000832708338810571	0.0111659619193574	0.0060581364526154	-0.000186422775909094
0.0105152122323922	-0.0207874477692341	0.00401541051655342	0.0255689506620598	0.00287032357302884	-0.00495183005773218
0.0118689975874491	-0.0106538923254158	0.0047378340717795	-0.00296865543111966	0.0151636967981574	-0.00711074626125846
0.0113213285069808	-0.0152971717238008	-0.00335384481510843	0.021088450022103	0.00388183290854957	-0.00542372181477525
0.0109239295476815	-0.0107075284872511	0.00761791429125097	0.0111536892395325	-0.00596141938908535	0.00418462211622551
0.0102464086764749	-0.0198144844654246	0.0131524247830103	0.00933095573733192	-0.0144853784054237	-0.0053338614770605
0.0103870418133483	-0.0117655386193351	0.00643268226848778	0.00897638418898172	-0.017462363129064	0.0140533218318638
0.0102628661164163	-0.0162258331054985	0.00370622571490351	0.0186586991587915	-0.00355672986401113	0.0147242709242137
0.0103120289703183	-0.0204055889321132	0.00983539717647952	0.0088378204949803	0.00812365009451237	-0.000912447541097969
0.01239232092454	-0.00327863366792542	0.00456677086081541	0.00424812350402244	0.00264084646953333	-0.0106326014985524
0.0126145641844083	-0.0102952982098047	0.0128014996207826	-0.00412216439033051	0.0208861259051167	0.00599256378385871
0.0116163396887146	-0.0219220591240105	-0.00271455637633822	0.023787590204143	0.00521685435859666	-0.0123274585989238
0.0125901625911156	-0.0112920796431756	0.00783336049365798	0.00148284360486336	0.00780891668000298	-0.00879887050939203
0.0118353899348406	-0.0114742393116298	-0.00622223591604231	0.0125002131253759	-0.00673812479217201	-0.00142840751892309
0.0134112958656078	-0.00316320368406266	-0.01653358179541	-0.0173294734209372	-0.00238596601620616	-0.0229842432950619
0.0117647890448692	0.0144233966395014	0.0113707574375827	0.0211683704904374	0.0126749349009642	-0.0118995292061355
0.0132161037979225	-0.00256300684375721	-0.00865137298527347	0.00680910157291701	0.0157184907740786	-0.00298053349496145
0.0134480315786792	0.00297009360319277	-0.00182630681137694	0.00194684033757946	0.0121516460297771	-0.00302454695221528
0.0118592411049619	-0.00067275956639117	-0.012327762380284	0.00688985073615578	-0.000222052676121311	0.00880017558498132
0.012591361007101	0.0171307844044561	-0.0129131870310483	0.0128865483500298	0.0132072932645836	-0.00736650580937703
0.0126528339485221	0.00659605127495882	-0.00861855851597565	0.00327280089345705	0.0109571020392589	-0.00211347177649543
0.0125848736628051	-0.00129222929815193	-0.00981829948704317	-0.00826508389459754	0.0130543888362894	0.0146531605058047
0.012330743468284	0.00676584291880224	-0.0161673656904313	-0.00115456066098208	-0.0140282767790806	-0.00857789620807043
0.0133793250040593	0.00763656867243815	-0.0178592431411567	-0.000595827221634699	0.0146081880102414	-0.0016906651870775
0.0128534256483897	-0.00179066070919071	0.000144714236965668	0.00586729951027084	0.00611237811885384	-0.0084014733584054
0.012317708650814	0.005230074690346	-0.00322168209373857	0.00586198846277887	0.00764920839772186	0.00310351120644565
0.0121334980273617	0.017523927846089	-0.00251966091542489	0.00438460353834313	-0.00875631608973369	0.00593226674645768
0.0115211199385596	-0.00225814937175866	-0.00839667058808702	0.00582230912937165	0.00622960319945601	0.0267919265931001
0.0115770046556379	0.00187708600443167	-0.00758244056751304	0.00594574056294534	-0.00466935328734324	0.0265334257217066
0.0114666974677146	-0.00618729400278942	-0.00358161978929376	0.0113067995101011	-0.0218430314046673	0.00121103804632919
0.0130095668060717	0.00227439753437629	-0.00451826574170128	-0.00153491336847455	0.00907540477012284	-0.015232763766777
0.0135399617414884	-0.00293799068696856	0.0101960301347174	-0.0152213569647063	-0.0043835479863552	-0.0138626135401195
0.0124069699858152	-0.0118711829856897	-0.00209665158805085	0.00290770858116549	0.026289981703975	-0.0041782450714655
0.0128296350100432	0.00402630154798303	-0.0102923655073666	-0.0117744080562613	0.0135338957844466	-0.00124016147942806
0.0128084240806839	-0.0124019443250363	-0.0100233515437972	-0.0202602622900866	0.0176692593288334	0.0132116147902029
0.0115133478722356	-0.0115979391898274	-0.00491321064397346	0.0113133863214145	0.00377105387602831	7.73140584663778e-05
0.0119117454272625	-0.0145700433975386	-0.00918619460217233	0.00631843265181412	0.00724215133744165	0.00465891669601905
0.0138001818055059	0.00249400611072318	-0.00424327882122687	-0.0251916825356531	0.0234396152353221	0.00913583854112021
0.012050605144091	0.0199134012964603	0.0216550515050679	-0.000972954432593068	-0.00652295366091328	-0.000346034287542107
0.0119839692205032	0.00376682044279032	0.00760244787565728	0.0078271627057786	0.015328043342513	0.0138073396317961
0.0135318546324141	-0.0170748065636437	0.00774437338837949	-0.0137647133512436	0.00556187742115726	-0.0141347656454984
0.0124695292019871	-0.0351000996988443	0.0096028905133817	-0.00917263034833277	0.00719236254432828	0.00997992219370847
0.0128307420929884	-0.0296756523527317	0.0289640412437499	-0.0169442692847153	0.0101075532288296	-0.00280427052520227
0.0141241912043443	-0.00333953534055135	0.0187504380195951	-0.0280680274132249	-0.0139984457080748	-0.0122909288638758
0.0126934087090783	0.00537748425436108	0.0112649251350132	-0.0294409199918783	-0.0305741808119572	-0.0149223189231023
0.0128894890742515	0.0148849820980221	-0.00986516461067859	-0.0081782108360751	-0.0126665474295102	0.00410137704662481
0.0118941890462326	0.00898074229252841	0.00124574550960864	0.00199968791632284	-0.0182565225650991	0.00655412663129273
0.0130839366523138	0.0119616229920159	-0.00501039495393924	-0.0112341876384345	-0.00704948941895947	0.00864034840701631
0.0112466891314775	0.00263458940354679	-0.00730793623914792	0.00241756939404078	-0.00484719192445947	0.0144737524881583
0.0127792158950894	0.0261042833061018	0.00103095856900171	0.00752435840108039	0.0258715748940365	-0.00621914379558406
0.0138425971156555	0.0479615629386535	-0.0103610856204122	-0.0165547994959643	0.010309194754534	0.00355580461110656
0.0112810996966834	-0.00548978512611882	0.000507510571988505	-0.00124885469028844	0.00449996097941009	0.0205796055528531
0.0135456874655026	0.0158789409528677	-0.0117305092378635	0.00434130075053724	0.0123146982015067	-0.0190117650666082
0.0136887781896449	0.0157398849613385	-0.0125178188650911	0.00338865431815768	0.010881324127659	-0.0190435772899982
0.0125329037650526	0.00331569176054486	-0.00410055917031343	0.0068495805573328	-0.0101294550588003	-0.00196406012523924
0.0122871972881977	0.000562067744464967	-0.00249863703149662	-0.00611584781774677	0.0252121396862747	0.0115068025392455
0.0120885088237898	-0.00263188136456132	0.00902843850383717	0.0119259804486424	0.00286813197985326	-0.00403224309928812
0.0121661340361028	0.0014128010991457	0.00239259923965463	0.00766560707176099	0.0127230472820235	-0.00569985331897364
0.0112898975519785	0.022464194787249	0.0313469825555163	0.0348176221015221	-0.00164916312186997	0.00677434427991257
0.0126438476809099	-0.0201330144410592	-0.0032030518346168	-0.0160081888801616	0.00696887708793085	2.07923656575827e-05
0.0120585520852651	-0.00607053041136566	-0.00549948147980298	0.0092652914407105	0.0181487993100805	0.0117251739988335
0.0110521029849773	-0.0171667959179253	-0.00156373653926572	0.0286004393666918	0.00491431134564531	-0.00179478354170954
0.0117527013603886	-0.0118757727876308	-0.00592727743482026	-0.00521268438757059	0.00713909839055827	0.0167336102696103
0.0125925675490353	-0.000611365184967697	-0.0062917871989175	-0.0115929214373912	0.0166196344497726	0.00611953611780786
0.0119094004407578	0.00696763322637412	0.0121276414028993	0.00478727787198096	-0.00544080422644073	-0.0061243526594826
0.0116000058624596	0.00640745398482033	0.0110177950467399	0.00545642256138427	-0.00361515066845761	-0.00338595703820509
0.0113723196600056	-0.00468349556492808	-0.0228360711456938	0.0147234138730635	-0.0244668030415392	0.0165070304535057
0.0132522749273112	-0.0046437946388251	0.0206495850729474	-0.0111418090022578	-0.0201255900817241	-0.0165556140816606
0.0118170620164218	-0.00925740162953869	0.00382942046052494	-0.0220557104640974	-0.0124639136301537	0.000706756790297812
0.0128767941112564	-0.00659567491509681	0.00878137272440934	-0.001659637761411	-0.00619532719899531	0.000613784519530449
0.0112562460701981	-0.0095989904611096	0.000651727449421706	0.00938321851419334	-0.0136426655753432	0.0143347884167085
0.0121026344043448	-0.0112214690995753	-0.00410794793589306	0.000353461403620249	-0.00944893341905439	0.00497537151317955
0.0126031734226561	0.00476324106601894	-0.00810249606242221	0.000223050019841515	0.0116126430851473	-0.0055984544103003
0.0125280655976701	0.00462632739559068	-0.0135606222812265	-0.00806728985701716	-0.00635034124352514	0.00620691149188958
0.0129439094531792	0.00315211408856552	-0.0114613092688778	-0.00898990157090256	0.0162780522361303	0.00526930568431435
0.0132522844970867	0.0380671448099383	0.00076118476659959	-0.0131266154321701	-0.015309725121944	-0.00253318861612327
0.0130582211843238	0.0354215572424519	-0.00064256355653639	-0.00589185644503658	-0.00853956362697907	-0.000906545728066513
0.0118997610180065	0.0070130550695197	-0.0116615256734062	0.00160073749613387	-0.0175905570685506	-0.00804436985466518
0.0120865966603931	0.0101993353258409	-0.00737353360058373	-0.00396665947205025	-0.00065565019523793	0.0153532699561614
0.0129086584418847	-0.00392725643529224	-0.0150583958383619	0.00339517879119456	-0.00399674574259849	-0.00839986256204975
0.0144042946194023	-0.00448578909164661	-0.000573182153674993	-0.01638385235333	-0.00566984074122237	0.00434350156431703
0.0137468667360281	-0.0161827201370023	-0.0111790810502512	-0.0216886107185072	0.00770044624794747	0.0171689689825123
0.0140559727101793	-0.0148370653300597	-0.000558668952003094	-0.0236192572396668	-0.00601473807467811	-0.00301228984223888
0.0130908432248434	-0.0145404777994512	0.0318014432266791	-0.0166528998037285	0.00490828804977126	0.00378854522022299
0.0134447939790738	-0.00908981520565634	-0.0264184433815553	-0.0222720753671034	-0.0215704547135185	-0.0239378270048882
0.0128283783221607	-0.0016977243175769	-0.0342049474709068	-0.0127212587269987	0.00113157658027684	-0.015936594239489
0.0143161690408836	-0.0127889492902587	-0.0127292234067191	-0.0216998303419144	-0.00733635070779804	-0.0307999018646483
0.0130632732571147	0.00283712691340329	-0.0112845874803986	-0.0171105646454991	0.00429736989657725	0.0114268242030784
0.0108602565980154	-0.0126903596892549	-0.00979165307986558	0.00559976233911621	0.00239272127117545	-0.00918115616592392
0.0113709635985232	0.00627394981080141	0.0152027526633044	0.0126109172430436	-0.0226153152976858	-0.00682727111755697
0.0109362128803017	0.00892556364538401	0.0208502479058862	0.0113495596645021	-0.0213193502060875	0.0114269043003002
0.0133935068999848	-0.0154534227547029	-0.006874540458064	-0.0212887755068793	0.00719115894909578	-0.0101001348379169
0.0138942299171741	-0.00444633268918961	-0.0227251880584519	-0.0174461088968587	-0.00211659778486198	-0.0147283584328555
0.0119988490505159	-0.00632989167002845	0.00575567686901255	-0.0117467174080154	-0.0132237609989158	0.0195697548393936
0.011808719697527	0.00770013299019009	0.00596132061204968	0.0193265683237039	0.01061473980976	-0.00126868535232156
0.0132635097920973	0.000501099716492735	-0.000929993818956913	-0.00270131192463862	0.0084164585107908	-0.0115028557488235
0.0133258551830831	-0.000136433355630073	-0.00484235796310028	-0.00223274592271556	0.0190083043050728	-0.0024981516467494
0.0139566706759919	-0.00343801439428142	-0.00024741097682319	-0.0122361872063764	0.00538096176610415	-0.0122826467903934
0.0115084545578096	-0.0106320764755948	-0.00453011940563219	0.0209212579852036	0.000784954455259752	-0.00476731929124946
0.0120404195538598	-0.00346666151985972	-0.00127876058862607	0.00141960374914648	-0.0158555911485725	-0.00536766814265766
0.0115712657256529	-0.00865663645965827	-0.00277409796769656	0.000915273168635029	0.0136147435502141	0.00672236470345396
0.0114603967538189	-0.00982872558203208	-0.00383229428556555	0.00188810349349169	0.00318944790852602	0.00597073492843442
0.012423223255762	0.00439806257484994	0.00811200493281369	-0.00589442862577762	0.000550513827734309	0.010354257525288
0.0123771378264554	0.00282658458269851	-0.00230661653259679	0.00499959851791545	0.0114246426833418	0.00880637252251113
0.0121412876305282	0.00175667077056962	0.00866111650987517	9.42393638084429e-05	-0.0079011393650944	0.000522513644668037
0.0114928477611744	-0.00613223972115861	-0.00473745285009227	-0.000110524495701808	0.00323995990652682	0.000446900910550388
0.0123643706327434	0.00104205792970829	-0.00114393415889356	0.00790854291752955	0.00850771122573454	-0.013906849906753
0.0132010514051701	-0.00725090915397873	-0.00762314102002163	-0.00209686003811799	0.00527013861854149	-0.00854138787043627
0.011357794313726	-0.00836497666468526	-0.00666884628739785	0.00392701713268074	-0.0075392249982932	0.0210594889996412
0.0115120152806289	0.0146521969370513	0.0226886166172696	0.00711447490273585	0.0043162777682785	0.00473596188491126
0.0129393327819979	-0.00775693183988633	-0.00250687044219376	-0.0114987339255863	0.0157029125590959	-0.00349313547876533
0.0116076182589364	-0.00521965650293952	-0.0130189431620694	0.0145773428078977	0.0170265578509021	0.00913699043895268
0.0122857616726748	0.00207938685716532	0.00600143384125682	0.00731430518049027	-0.0121548756624635	0.00941086845176023
0.0120955862576844	-0.00546570974189036	-0.00784765614769844	0.00676146372309131	0.00561432342955649	0.0229668996646047
0.0120992456400545	0.0127152881732081	0.00345948329498852	0.00191922680688214	-0.00518606712487122	-0.00972079938261861
0.0121387219498269	0.00599388972139262	-0.00656530234756868	0.0121100295881463	0.000841882855523482	0.0116903608618614
0.0121030748393728	0.00564804606918652	-0.0061356965475204	0.00933686941315527	0.00248365932152547	0.00845091601987382
0.012492527507632	-0.00524900391580851	-0.00703323872821041	-0.0229529319537502	-0.00464511477757583	0.0263400303867955
0.011931166686661	-0.00799164929222449	-0.00153359144542462	-0.00671084426050782	0.00310253671961475	-0.00987986538510146
0.0120825740383161	-0.00454695280753537	0.00142032276472107	-0.0181645944653436	-0.0110319557244137	0.00360408658634503
0.0128989248668362	0.00759908321749908	0.000502212661816	0.00424226362844852	-0.000443471665347583	-0.0086288651347214
0.0116484321067409	-0.000974083117146252	-0.028941584518467	0.00439573016968041	-0.0234739546445082	0.00469187335651818
0.0116206966206801	0.00193851265719073	-0.00230973064924147	-0.000698110224289328	-0.0179805977732516	-0.00670101323832871
0.0111055971627764	-0.00998477567968466	-0.0042521910679494	0.0240864569711354	-0.0221274851344448	-0.00709605480610147
0.0145278427116615	-0.00221734211780668	0.0212755004467557	-0.00786854464090878	-0.0124078916262606	-0.0168823431058792
0.0131070017203417	-0.00284709740717897	0.0131722539004562	-0.00993895890056596	-0.0354361892786377	-0.0258067942483825
0.0117605381316443	-0.00680570383893029	-0.0117491648655262	0.00127034626735343	-0.0222073243036616	-0.0194848582734561
0.0121721800789725	-0.0191051482690248	0.0014653273592156	-0.00923697050333023	0.00574685348877649	0.0097260928601576
0.0129318125227058	-0.00725228939073527	0.0198751418312559	-0.00559993691084119	0.0119664138647418	-0.00489452357351702
0.0126649166512946	0.0033627646332272	0.00798621993626058	0.0108162351310741	0.0142734318483608	-0.00700594062249581
0.0116417044635557	-0.00655239116251595	-0.00193387358581208	-0.00879082249271134	-0.0032158332922251	0.010630215147063
0.0126240086163525	0.00558616733621092	0.000105626389000656	-0.00602399298412377	-0.0179334552157291	-0.0188482670033219
0.0116999871849979	-0.00266786781019138	-0.00606359098860165	0.00345275594938308	-0.0186488358647667	-0.0199084753822134
0.0131637680667883	-0.010508794520021	-0.0108656360198312	-0.0190740584740045	-0.00451371178794258	0.00399223636204739
0.0136204153513903	-0.0123747454165033	-0.00843209310103095	-0.01208913954343	-0.00535503313956133	-0.0083971432822925
0.0113876332894706	-0.00605075055472367	-0.0232697383748972	0.00385892837187111	-0.00640085333182643	0.0129491858329155
0.0126709700192127	-0.0188274614595261	0.0172956696381538	-0.012122837631296	0.00220263620073625	-7.31380565483358e-05
0.0109623999551637	-0.0151903627199133	-0.0162622337910298	0.023855597091655	0.000715828451194984	0.0139713927198732
0.011319541529812	0.0125913142499822	0.0161498365462101	0.023175311545097	-0.0025731450700294	0.00450876974658473
0.0114966847152522	0.00447137240304101	-0.0060608309721615	-0.00444710360975028	0.00490284716658035	0.0192445280501354
0.0118747917084113	-0.0172436336128666	0.029245855986793	-0.00327007064092074	-0.027152359876427	-0.0080776951996955
0.0139192174514936	-0.0105492338237155	0.0132663403931989	-0.0157987996802027	-0.0123479076662568	-0.0152756822936807
0.0149351455945835	-0.00496663112289575	0.00219662284983629	-0.0180200457848603	-0.0031228858905186	-0.0225486541671257
0.0148163492004271	-0.00435408328654551	0.00115460454944124	-0.0168049055580459	-0.000728148434422054	-0.0209543145024024
0.0121446593681628	0.00360875311516047	-0.00405593794289957	0.00889957807770917	0.000889732994177914	-0.00869007647937373
0.0121582945686131	0.0022811313663624	-0.00554315982563922	0.0117992144450013	0.00377268885935869	-0.00713433643800838
0.0126912526799633	-0.0163797225897191	-0.00513606106260577	-0.0182567641029516	-0.00514559410254022	0.000137431735536692
0.0117695459132997	-0.00842758389663734	-0.0151817809320215	-0.000883314461674315	-0.0146320388704746	0.00291927293492412
0.0132736533423423	-0.0180021202045355	-0.0103232659238912	-0.0107397745882301	0.00842150149025964	-0.0072799960556213
0.0125811707155687	0.00675373834730153	0.000791581522987709	0.001198213845706	-0.00576794258882469	-0.00968587229202977
0.0117452682222149	-0.00194189906614312	-0.00864995002962667	0.00541234836559428	-0.00416396459169457	-0.0024498578300149
0.0126279737619611	0.00344552459843747	-0.00352166017887446	0.00342897697689808	-0.000744774842407691	-0.0100495390214999
0.0125239513453148	-0.000976242420809537	-0.00708469967619615	-0.0108996547690193	0.00195416737571858	-0.00252182111251101
0.0130428426138855	-0.0129102582283298	-0.0200206911031909	-0.0179904792055013	-0.00161735782418436	-0.016552606630859
0.013148163365745	-0.011706220088145	-0.0067250039838832	-0.0115767045691127	-0.0124009535245282	-0.0250054288915801
0.012924418309054	-0.00319023832787295	-0.00949684437818402	0.00509885008937007	0.0207993445531919	-0.0181219480723742
0.011494951705176	-0.0160048090839436	-0.0116735054389174	0.0197499712527052	0.00114868118472201	-0.012538081427864
0.0121019367233801	0.0204930681120732	0.0174197141154749	0.00704923183588364	-0.0141951131841532	0.00201500534813132
0.012532672702467	0.02895240022486	-0.00401032844344897	0.00151556937383036	0.00466901461415812	0.0103425014682106
0.0115733186176402	0.00163864615065292	0.00489754937232581	0.00545827123747696	-0.00195116581949633	0.0085634413177588
0.0122183575526455	0.00493590189136083	0.00800414263802109	0.0120985386494755	-0.0102174038689652	0.00991871624532212
0.0107827899186876	0.00690432218502164	0.0355131679292119	0.0102043331257705	-0.00266968073365651	0.00850147505133799
0.0124111129869597	0.00610591563412671	-0.000613718385483538	-0.000756958584986105	-0.00640769752065987	0.0106769465490508
0.0114180954388106	-0.00802692834478863	-0.0108896422628911	0.0161701649100314	-0.0187244882775377	-0.0173163049316653
0.0114830402872096	-0.00554627681004996	-0.00861978116430283	0.0164417343084965	-0.0142316932564456	-0.0101420919406689
0.0116058602127572	-0.0025175506154962	0.00400390414578381	0.0050729504014253	-0.00498180951646245	0.00953829692323564
0.0116830404266984	-0.00132922686894387	-0.00291497728667883	0.00903790969106335	-0.01363139769704	0.0109605265140842
0.0107329380097434	-0.00323847905391734	0.00125189538416807	0.0154855303897839	-0.0148255031776602	0.0031573789591078
0.011615637213822	-0.0109390940862499	0.0049073217837928	0.0138928392324608	0.000681081992235705	0.00277530018060021
0.0112935070764818	-0.0177519808580376	0.00394831247804574	0.0072276893028033	0.00362265094661102	-0.00160483941543647
0.0119171342946339	-0.00327723187877478	-0.00466309007172131	0.00539842602160911	-0.00440129999813284	0.0207752608426615
0.0125007929800517	0.00385362731835294	0.0104435315153833	0.0031590766263107	-0.00703513388157974	-0.00389132844824386
0.0119130041271468	0.00235225815072323	0.0102920741801943	0.00306895680111513	0.00468487999209	0.0118615125672405
0.0130746639198127	-0.00622035613942531	-0.0209248854916052	-0.0224472613125823	-0.00689345700652278	-0.00337440805209477
0.0132952719963015	-0.0115108413724855	0.0120649427082758	-0.0352374092310702	0.0115551722258389	0.0174823366710522
0.0135327466936323	-0.00702967463617356	0.000837499766234429	-0.0257324780000218	0.00741074600997197	0.00902541895178013
0.012987202630918	-0.0118029605057713	-0.00050148144561436	-0.0183523675638269	4.36200597515113e-05	-0.00093361396663342
0.0125454540277112	0.00123124996141298	-0.00684831409182468	-0.0106480832753812	0.0152386912887659	0.00753038086515167
0.0132217679997534	-0.0219861730281837	0.0376485587744682	-0.0157787445003172	-0.0125003935184436	0.00414986032780076
0.0136045779539905	-0.00564312865614551	0.00781252102676842	-0.0199454657273527	-0.0116232641084504	0.00361101737785768
0.0131843653865945	-0.00296202243219791	0.00419508445828503	-0.000708267763737563	-0.000953570919544295	-0.00628073144034767
0.0146296753968544	0.000145789150879067	-0.00652710540760823	-0.0147145602697416	-0.0088475268252988	-0.019225485616851
0.0122058097495092	0.00282699299603357	-0.0133727894535784	0.00897163295899331	0.00201445818612526	0.00645403690486829
0.0130892551894255	0.0065660188323291	-0.0080619723905748	-0.00843791202051255	-0.00400201885390154	6.07274459430915e-05
0.0118884923183249	-0.0062181763329779	0.00771695803336259	0.00403018774945852	0.0216338236803967	0.0107662034176636
0.012756762725117	0.0133598621842642	0.0165191152802929	-0.0021744170647639	-0.00143479491469446	0.00491261962369714
0.0126903366184156	0.010362695850226	0.0162936362481873	-0.00223694077978609	-0.00128573947011476	0.00242340457961823
0.0126511853852482	0.0104170196709277	0.00926183097018144	-0.0188914397956166	-0.00563274918397521	0.00543920278567776
0.0131296619451817	0.0172527771518918	-0.00897825143273497	-0.0177014517346464	0.00416513175411249	0.00128414025126495
0.0117884797315172	0.0110100790402709	-0.0109409145174684	-0.00614877151858488	0.00351658231405471	-0.00170409190293273
0.0133129832381337	-0.00636428540104425	0.0228449938257999	-0.00875937222083675	0.00533505510068654	-7.66388222176121e-05
0.0135749410006228	0.00919284080373171	0.0240984832727021	-0.00748822730000077	-0.000141216645743627	0.0016085734858564
0.0116137355714556	-0.0179924458750158	0.000676599096515793	-0.000818424681508121	0.00837895635169286	0.00251167481444186
0.011936381595842	-0.00417575842833831	0.00644294213155428	0.00188415198678826	-0.00481093710779132	0.0155522937377072
0.0118486990136832	0.00822329315154924	-0.00564954610805511	0.0156520532670023	0.00736138473066701	0.00430486036668935
0.0110269366778548	-0.00620599534276533	-0.00257290545894834	0.0229536049384476	-0.0161988591219047	0.00969878560143643
0.0115982158673092	0.00538052622663769	-0.0260878272926859	0.00118442704453276	0.00278614171356315	0.000822094449449671
0.0114478871047064	0.00402455805702465	-0.0151731029855949	-0.0114087268451905	-0.00126314691330525	0.00605609573433138
0.0125245690539346	-0.0175251442761544	0.0168038639841212	-0.0019329001363032	-0.0108815198465109	-0.0217166439045982
0.0124187813691546	-0.0147304230367741	0.0096304045121378	-0.0107646750998901	-0.018466168843564	-0.00847898047430889
0.0115359196582582	0.000375206531609554	-0.0108818086271086	0.0073460069388931	-0.0261329593221235	-0.00700746283399218
0.0119068824893888	0.00255347190081836	-0.0061966085640114	0.00707681589914334	0.0076159281237446	-0.0082920021382626
0.0121372505875701	0.000613801209657995	0.00365387084940943	-0.00160722775564272	-0.000935827699998332	0.00896606147949315
0.012148595441494	0.00490091080756172	-0.00257473072189004	-0.000683481644037907	-0.00128037844688037	-0.0041055404140887
0.0128670730751949	0.00865246821489279	-0.00476889573006079	-0.00901697744949235	-0.00244880742088202	0.000554102222346953
0.0129077179144828	-0.0187188559272568	-0.00869974082184482	-0.0183098194723401	-0.00218736865414421	-0.00211725308213688
0.0122633285211594	-0.0176414681077921	-0.0174741834036325	-0.00754582933325923	-0.0171063926008543	-0.000922300482049865
0.0122579538956502	-0.0158211634991765	-0.0182842994989714	-0.00662225427381605	-0.0146810525256061	0.00239149241709708
0.0120531543550246	-0.0143462154753236	-0.0144561092438619	0.00217916415942897	0.00975274044642363	0.0122834053422968
0.011672926777753	-0.0119779840876698	-0.00177315854144263	0.0187208070784056	0.00791801776927481	-0.00521503853417322
0.0117487785819186	0.00195926353197262	-0.00365245214755675	0.0112816836572742	0.00624673334387632	0.011773009919467
0.0149971141988271	-0.00619928372294147	0.00229544926679925	-0.0145542450612086	-0.00462801188088034	-0.0170621588392323
0.0128877522368815	-0.0136294775592394	0.02389666098532	-0.00772818983469777	-0.0245039239097805	-0.012584676820991
0.0135802182249453	-0.00180251522286904	0.0395605997304261	-0.0191009921697632	-0.00611332651902692	-0.0294004221813277
0.0133329130572608	0.0167904125062497	0.00513314236313615	-0.00155881921934979	0.0093172309139119	-0.00853054454596723
0.0121271094601647	0.00705657967105217	-0.00293195613302304	-0.000831343824185539	-0.0143741368350272	0.00614810134451346
0.0123634160995395	0.0185980622040914	0.0238729469577583	0.00974754497889081	-0.00121073294302102	0.00730959001531535
0.0141987029423598	-0.0272225449688799	0.00643948869197654	-0.0323287509979857	0.00444454115539237	0.0021011167094006
0.0118886892083212	-0.00506503675097894	-0.00496919677125442	0.000643034703123909	0.00489993465598936	0.0134282242329956
0.0123593250679224	0.0211034722115376	0.0108698533952659	0.000320235309810644	0.0162065126705376	0.0117942147720945
0.0122938731100137	0.0221918265765863	0.012670712870302	-0.00363422059163307	0.00867332761917937	0.0149046132454104
0.0122554141079819	-0.0058573761775198	0.00441110391875842	-0.00646306950505618	0.0086151813492238	0.0117562050953352
0.0114110920408179	-0.00254967908862498	-0.00243318508744464	0.0150813827101874	-0.0143786167139235	0.00609507674618031
0.0115373439693982	0.0111498757047693	0.0136419456392579	0.0217171857078038	-0.0199852427317302	0.0057847638286489
0.0120501653199048	0.00259279030580584	-0.0110501293656871	0.000940649251590374	0.009097948853942	-0.0148390636783163
0.0133699776438938	0.00752775378622634	-0.00731646359520951	-0.0102937819108807	0.0155588510215503	-0.00939110132510231
0.0128116429752457	-0.00463415742133745	0.00449585235242411	-0.00718707071666018	-0.00502755813889182	-0.00087061786133406
0.012937818512744	0.00552265595134798	0.000653678627565966	0.00299617257616022	0.00288725664518318	0.00613814487722013
0.0125730074205627	-0.00144236769351776	-0.00769519406656567	-0.0104587756773297	-0.00391395408841347	0.00249662933497654
0.0141863484723956	0.001747949467018	-0.0175781800413112	-0.0214442824797576	-0.0101033049210454	-0.00835148312103292
0.0118068085882873	-0.0134483745213418	0.0165552176325146	-0.0124527336589258	-0.00121017566842834	0.00645804823335023
0.0113358294455784	0.0115761995951991	0.00153523169299201	0.0213110413967268	-0.0180488543797018	0.0164598473779497
0.0125565138959596	-0.00494711907653869	-0.00815342571682671	-0.0110977796686018	-0.0151006757461293	0.0190255801248493
0.0116224107967008	-0.00353797214205534	-0.00561979875681029	0.000527450155973835	-0.0126117117245642	-0.00633372342231659
0.0137928063136606	-0.000435192225966045	-0.00980938529417189	-0.00418119401413061	-0.0104372314042324	0.00531019738377452
0.0120035648302458	0.00277676954302203	0.000987119236960462	-0.00339431986866231	0.00678968437168296	0.0106616832900954
0.0121114164007301	0.0290703200443853	0.0339832408628571	0.00234493078378261	-0.001086757225805	0.00167945136023972
0.0128720631769508	0.00192669077606699	0.00985015284276729	0.00179120438829054	-0.0141409462325346	0.00485864462122878
0.0114385177057202	-0.0100253789269278	0.0016034338407048	-0.00647276394235333	-0.0136087128515308	0.016953864743298
0.0134258806776629	0.0433642128019724	0.000664349421554246	-0.0240999561368484	-0.0177587883336282	0.00768225889103685
0.0129008774946722	0.0414001597570449	-0.00288372638518635	-0.00862781410471333	0.00585987652269422	-0.00529812401432293
0.0129147561975864	0.00312489059947429	0.01125816643416	-0.0198437008040218	0.00936089283406079	0.0263844536692241
0.0118263195262898	0.0196592583074237	0.0179951396550226	0.00774329593339105	-0.000909270638346495	0.010913325650841
0.0118583845082999	0.00988223728379979	-0.0254046265653074	0.0103633428470242	-0.0109507544505883	-0.00828305619930943
0.0127645824435045	0.00215453771748167	-0.0188408438130678	-0.000635580632045504	0.00814501961486221	0.00409636704674614
0.0129984127697214	0.0100920236699529	0.00413516929431511	-0.0209373976572409	-0.0152897969858263	0.0129902289639789
0.0118245508899338	5.84640732048637e-05	-0.0194078273262192	-0.0054811302963137	-0.000851185394061054	0.0124604818895313
0.0122234767460646	0.00136948470103316	-0.00903249310738295	-0.00544861106773102	0.00489199033851663	-0.00500779367031665
0.0123734740730303	-0.00731889008663743	-0.00688912113636047	0.000591712978465777	0.0153067904518516	0.00210713656659564
0.0123771765698554	-0.000634260489400539	-0.0097688460052441	0.0100910940895898	-0.0161744717507773	0.00696427974844939
0.012149606816725	-0.00270515685087321	-0.0100801879566628	-0.000545362823889142	0.0147541034927474	-0.000988127889227558
0.0126766614263278	0.00365769478909879	-0.0102807897679276	-0.0105624891718209	-0.0118811704940576	-0.00315538594593461
0.0123166807378069	0.00687276109546149	-0.0119420482175784	-0.0184307388834259	-0.00659869986672112	0.00541105556623814
0.0120941704881527	0.00305605080813866	-0.00882538722214262	-0.00513943602448685	-0.0207197978463667	0.0075807945467131
0.0120531458835947	-0.0344175401805127	0.0306700405682316	-0.00535596081186798	0.0270618919556442	0.0124610595352884
0.0112167156546271	-0.003896711323319	-0.00310771350123235	0.0135742840205607	-0.00151597961137956	0.0135009558112881
0.0116615597209705	-0.0098777869464414	-0.011898187785779	-0.0181181204040187	0.0113691841874822	0.00172196218190775
0.012959309988327	0.00434836591817105	-0.00468063551733491	-0.00239909160221675	0.0216830034596629	0.00119280744596773
0.0131201025379934	0.00888719403693372	-0.0255042138372194	0.00224100741362462	0.00277831096115904	-0.0102674868648338
0.0120241209158333	2.13272780345769e-05	-0.00640554685650281	0.00490312095417416	0.0153624194965282	-0.00530069015271338
0.0131531372257573	0.00480481322880428	-0.00723773084312714	-0.00210497855119972	-0.00335042987146685	-0.0222962217192828
0.0125075948012783	0.00524747797275416	-0.0403843950688335	-0.00749549118817084	-0.0178194208822099	-0.0177257968057534
0.012752673046557	-0.00880783511592374	-0.00473100477281659	-0.00119101262210043	0.01209304389975	0.00221385080715287
0.012922581165614	-0.00791521771321076	-0.00125565225349238	-0.0037257040410229	0.0104169232477811	0.00302823418700223
0.0121899681252219	-0.00443839516675965	-0.000547592773720017	-5.6498789241014e-05	0.00309041146644218	0.00812564430741161
0.0132604371835869	-0.00253790067665784	0.00285864833677523	0.00197104605984021	0.0179994035302859	0.00356401206614917
0.013151800524829	0.00153947892595962	0.00980981885995186	-0.0139287204111814	-0.00418684544053338	-0.0182604416312899
0.0119839097027619	-0.00369037483394421	-0.00549999429749775	0.0120894186113077	-0.00127048848711594	-0.00742466909863509
0.0119064771866054	-0.00242368468067801	-0.00124993496599316	0.0164999245888211	0.000450448031223045	-0.000938749995311827
0.0115178028412814	0.0107848013513804	0.0198949788657633	0.0172205112747285	0.00663510787332305	0.00860381457434707
0.0118646621549985	0.0151748619798249	0.0271085239637661	0.0186725355875026	0.0180473850809593	0.0049003056660543
0.0121022628729397	0.017148349233588	0.00826730741417803	0.0149098915013129	-0.00196015280196565	0.0222666446841131
0.012033008972072	-0.00409004669215718	-0.00928317513881609	0.00668148682704728	-0.00532878318835088	0.00476388231220436
0.011634887006406	-0.00140078814713633	0.00525551786405769	-0.00273286534888616	-0.012398859740356	0.00280982356935458
0.0123143585485511	0.00490454432184714	-0.0147919618287622	0.00416746325801904	0.00430152799551431	0.0057492638468658
0.0122107589994618	0.00505263088351924	-0.00727761121295902	0.00807900875832974	0.000251521136255871	0.00174817047801049
0.0120121140591933	-0.0002616140331719	-0.0176619246213481	0.00138904083793632	0.0130028806639426	0.00846640473826407
0.0132367936643332	0.00590609673106052	-0.0115151158435575	-0.00745280726756418	0.0109183211514043	-0.0087186739276961
0.0129505335641143	0.00136524998445425	-0.00971880309957954	-0.00158883992825694	0.0147831158180498	-0.00389304019243255
0.0132857187840661	0.00320006276373201	-0.00991884929138398	-0.000624337967112506	0.0141164426907117	-0.0111636044661142
0.0115327644174115	-0.00793043763016036	-0.00488333657292323	0.0171947853595774	-0.0133714576225076	0.00622983356760443
0.0119248290338214	-0.005492804855709	-0.00474437567423274	-0.00324626386436038	0.0140142916209044	0.00562562382489861
0.0118349522484004	0.00660393474270829	0.0106739266074279	0.00662201593628513	0.0100392976595691	0.00031701358621656
0.0118507932832001	0.00335289166836159	-0.0181737814789667	0.00672713606346499	-0.00785529475343611	-0.00230349023924986
0.0118327768885203	0.0118651897085412	-0.0146305047253526	0.00130327155260871	-0.0143889464839537	0.00154126655095061
0.014069159734525	-0.0042838621525398	0.0136624014759885	-0.0141510437705054	-0.00852214638839068	0.00066981607429645
0.0139848540746777	0.00824336813639852	0.0251777907060613	-0.0174371550198099	0.00777511007379359	-0.0097070355919881
0.0139410756185864	0.00858723618940553	0.0203803911915728	-0.0157438249281782	0.00217488009230782	-0.0102183625293107
0.0107381443439192	-0.000490671307199687	0.0120613792842515	0.0157354471878821	-0.0196137076509858	0.00207027416371774
0.0120747033462482	0.0113568730564506	0.000778357931546588	0.0167237434950964	0.0116711354831561	-0.00631655511608579
0.0113855013361638	0.00581096117406257	0.0123070786764474	0.0228239472643393	-0.00257199561822559	0.00920403727283505
0.0122886980617636	0.00687391638420781	-0.00385582744420307	0.01194116695913	0.014919889751553	-0.021671768981377
0.0131769560862451	-0.0089263023431666	-0.00211606637536853	-0.0142683791807883	0.0235525475669826	-0.0162895089214557
0.011651177274012	-0.0113723944313205	-0.00279805068280663	0.00823031100518783	0.00117287999117587	-0.000878489232074794
0.0122671278523873	0.00143424865664415	-0.00976023393582734	0.00696708559393791	0.00853429502998763	-0.0212683608276738
0.0119643562566852	-0.0192715430813383	0.0154416432624127	-0.0191851842490673	0.0157090851101718	0.00109048738265748
0.0128324832097151	-0.00613993934948134	0.000627880615317898	-0.00725230973443742	0.0270236519161045	-0.00907603319543235
0.0120915112934009	-0.00729257246263831	-0.00275859460146445	0.00510296622176386	0.00211635752161914	0.0139979734375043
0.0150814492829143	-0.00246565543918106	0.00827279803030846	-0.0175143986806337	0.000376866029925756	-0.0126309831975429
0.0123728211949903	-0.0125000901421245	-0.0105326986758239	0.0147366848985207	0.00598372785102277	-0.022163322322398
0.0114154614426314	-0.00155572535819043	-0.00235121486781992	0.0149545474495836	0.0106695690027018	0.0207419312456714
0.0111918982580147	-0.00403782296985505	0.00484823047954296	0.00421562525904908	-0.0146498133096464	0.012668016529664
0.0107842375268925	0.00299853542847702	0.039648576186543	0.0222986814368936	-0.0188960210484653	0.000779541976692695
0.0126397010841732	0.0383990051306471	0.00157627942770334	-0.000316770724512364	0.0112440182448718	-0.0244508718971294
0.0133577012814499	-0.0157959892441167	0.000677004104225476	-0.0179259248173114	0.00227249529901005	-0.0213189759823221
0.0121358294092123	0.0196991523568446	0.00986402951005081	0.011931519903374	0.000433110461837916	-0.00276460211515825
0.011669530852462	0.0196025200823853	0.017511803529841	0.0136623977195471	0.00412037503411762	-0.00589300795510528
0.0134545523162016	0.0190790749538568	0.000106226392964998	-0.00294184289832289	0.00836217337325658	-0.00444029879264718
0.0123593395596379	0.00426233440089223	0.00523576041940733	0.00700622191829179	0.0145990665820979	-0.0161633769137076
0.0117772094646644	0.000161278505166288	0.00974273910777862	0.00341610441998026	-0.0135645952745128	0.0124738118532162
0.0116480926885491	-0.00703048211537976	0.0211978131137069	0.00224460781264873	0.00144227403260939	-0.00852184925823007
0.0120504161836212	-0.00710337342077705	-0.000968064740185947	0.00506443430495215	0.0187152091162573	0.0123897486748343
0.0117448860708207	-0.0106026868137721	0.000963674637859732	0.00833416541742392	0.0155265925508223	-0.0186319943986988
0.0133676095558995	-0.0288844778993262	0.0257288982905008	-0.0206452934286919	0.0202619457812607	-0.0222804506190322
0.013087553614535	0.0123212153101283	-0.00422879555059619	-0.00842130282967488	0.0132837112713416	-0.00615517544575877
0.0116160431900229	0.00414194239105055	0.00879047027829199	-0.00173576522723664	-0.00420935424359327	0.0042634973467692
0.0133491262839743	-0.00239044898451288	-0.0116496341550144	6.09326743135771e-05	0.0195036846440548	-0.00166241089735412
0.0130119136604508	0.0134657704283938	0.0202221618208101	-0.0108797729013734	-0.0186492040624353	-0.00184481576230882
0.0120409532478327	0.0130634848197231	0.00616487712222785	-0.00592631980673409	-0.0186910879193502	-0.0256631849918513
0.013167072469435	0.0127929935935795	-0.000278338390511853	-0.00150655359611463	0.00760286667677029	-0.0251664524075517
0.0127795923239457	0.00221608708168953	0.000447390804742806	0.00347604008424215	0.00717387449591654	-0.00871901116259777
0.0121115011310012	-0.0116717844909431	0.0045159394364945	-0.00357008133276978	-0.00572669416631942	-0.0127915176322716
0.0128480453649228	0.00206118218038785	-9.04435675476052e-05	0.00367357208247083	0.00682574846452639	-0.0089230199381222
0.0135888332222257	-0.0248432208025155	0.00985301528976317	-0.0336244376711562	-0.00444733376745716	0.0121569575306312
0.0112381604683621	-0.00123901331984311	-0.00842181394212617	0.00924756428093239	-0.0198169124542321	-0.00935846131982336
0.0117888816888551	-0.00251762723938565	0.00482119058644649	0.00210850216564772	-0.014387510090575	0.00240020214320802
0.0114929754224536	0.00926131385094402	0.0172340603215239	0.0136151803897738	0.00658856222149892	-0.0100921138130806
0.0132983465835362	0.0129038329095527	-0.00167159602840465	-0.00137943492991502	0.0149652436582478	-0.0156046301793851
0.0114305684131765	0.0179088412537337	0.0200481892885355	0.0249806655623396	-0.00256015960068192	0.0034359596218376
0.0114858084231953	0.0144409603758432	0.00113348458478	-0.00416468142392621	-0.0200809595931215	0.0303553630807098
0.0118675203549608	-0.00808773026114992	-0.0135549148297854	0.011851931863026	0.0124903705423594	0.00148073715682234
0.0126556436847436	-9.71537383965106e-05	-0.00700033019051942	2.532754474324e-05	0.00406134637063507	-0.0183209086011889
0.0125182441400575	0.00338415671226875	-0.00879798064018497	0.00725477733009111	-0.0133987173675056	-0.00490526448595024
0.0118163012740319	0.00733679697026501	0.00752172040781088	0.00857607118912462	-0.0137885901092194	-0.0143327081375404
0.0125501635080398	-0.00377865462656107	-0.00407895717087017	0.00503992371747487	0.000772252523103173	-0.0157725544511047
0.0123765652020145	0.00154437583100021	-0.00114566445407956	0.00686561994124926	0.00411162316530365	0.00111577353315227
0.0116768625915295	-0.00481320867408399	-0.0115232404768025	-0.00412106065258675	-0.00721383345100339	0.000921781106526595
0.0115344577500351	0.00444037722185108	-0.0131387592331832	0.00393595895733258	-0.0247616408152849	0.0112724167537099
0.0116405598674846	-0.0132532277820485	-0.00530575098677736	-0.0141312763708349	-0.0192132035096478	0.0104100045179781
0.0130880756313866	0.00916080715269015	0.029508822111408	0.00921118394888733	0.0114022690005235	-0.0218467193988118
0.0126218788720084	-0.00515027967824562	0.0203300349615083	0.00598593820695369	-0.000682901492032975	-0.0100370039193299
0.0122780113825922	0.032202596196289	0.00422589851094307	-0.000475147704694829	0.00590109367512682	-0.00365421229767562
0.0111959144145689	-0.00703271717547566	-0.0112108223949059	0.00942515821852536	-0.0115992181123634	0.000744086837309757
0.0140884874664777	0.000927441187705678	0.00457673999301844	-0.00656716857453249	-0.00411319212306545	-0.0119795816743723
0.0120849655499171	-0.00736592856943646	0.0047031561905599	-0.00699409825797827	0.0021132954090585	-0.0117042637250365
0.0115779417969108	-0.0110457480875338	0.0256308722194557	0.011916396759719	-0.000450499236709004	-0.0152223314488049
0.0106010838873996	-0.0131200813408738	0.0108843604208308	0.0192475446591709	0.00600862225067992	0.00375435309970977
0.0109373053531812	0.00806935157848008	0.0296849600547019	0.0193234934220389	0.0149257907377958	0.0172271885151323
0.0116817289406856	0.000300059720647962	-0.00636227272629589	0.012853505472731	0.00217475864436858	-0.0064859453942151
0.0114968248111796	-0.00053018953785823	-0.00073405837986583	-8.38727179943613e-05	-0.00726414289448927	-0.0112003571495165
0.0108974548062322	-0.0249787289744481	0.00960817998333935	0.0308197256025438	-0.00303156874376738	1.33557687359929e-05
0.0111500941411725	-0.0212236745514507	0.015299303741926	0.0265453638683385	-0.00598321354846263	-0.00579998725999545
0.0114802501383243	-0.0249398578594968	0.0146852881866037	0.0231355917459711	-0.0107081008379259	-0.00940618658275049
0.0103366969941437	-0.0181352718269647	0.0178234826433508	0.0248848464374075	0.00736150519321281	-0.0101831379069142
0.0108025056589624	-0.0116291212597554	0.0111169417987307	0.0180423538767105	0.0192121851671246	-0.00885359844058685
0.0112299285139134	-0.0119011244129281	-0.00107853814452557	0.00661548230220667	-0.00525752351366432	-0.0101261481598537
0.0114284083561377	-0.0183420019032142	-0.00619251320462372	0.0200180446355244	-0.00253638227769503	-0.00983162718322214
0.0109448707968622	-0.015420367143728	-0.000908157812661129	0.00823772626703978	-0.0253698895302706	-0.000115549421345478
0.0113026943685564	-0.0118189551076489	0.00146276083163344	0.00755281306527982	-0.0030753011067569	-0.00467774262663712
0.0114504844880758	-0.021161561282163	0.000191791142115137	0.0153381987154251	0.00840940914675646	-0.00758497320393555
0.00872745134183656	-0.0104289328799133	0.011305903338396	-0.00144259484515793	-0.000359511807858761	0.00219030872539401
0.00933206664381913	-0.0177059124017364	0.00710595349760773	0.0106502641376259	-0.00138908729197404	-0.000706122128744942
0	0	0	0	0	0
0.0122725722666916	0.00187615936762704	0.00391399290030384	-0.00809252700247701	0.00537080201017956	0.005442488310061
0.0126055494160906	-0.00284877299883161	0.00264408403514786	-0.00429624599826303	0.000827237815248488	-0.0177622202407708
0.0131790117281118	0.0107120688424306	0.00683806029124684	-0.0211132699893589	-0.0120899024184765	-0.00892597569483757
0.013414811256965	0.00607950079378637	0.0328147558561708	-0.022760556623238	-0.01664025306134	-0.0187917496990862
0.012046109358252	-0.00204977050881445	0.0117953361852833	0.00173893445565751	-0.00683298919039589	-0.00995166203558872
0.0125882612783401	-0.00651222626876804	0.000661394299902422	0.021878310753155	0.0173210032712707	-0.00757409600180909
0.0132681838296932	-0.00852695662933236	0.0200114885901107	-0.0345630141384529	-0.00457157846798265	0.0065844725967689
0.011904916518691	-0.0120127467197612	0.0199611759684621	0.00244237357007146	-0.00651737616749108	0.00257812136694241
0.0124995296840649	0.0032259228149292	0.00490230403434929	0.0041150617090647	0.00789219148015009	-0.00354781755138918
0.0140279573969461	0.00256813395225796	0.0070607363402182	-0.00464347972697857	0.00211271227703068	-0.0173692926250685
0.0141191270898243	0.00262530141080821	0.00809734525857802	-0.00564669693797963	0.000175976445299503	-0.017475696695958
0.0121585770257725	0.00187900086483258	-0.000381383451245127	0.00949871154564668	-0.00220162265064656	-0.0124891398199661
0.0129287293185882	-0.00703108567838611	-0.00776285631984989	-0.0135412032517841	0.00718138899490364	0.00107347585225066
0.012890450210405	-0.00188099217773556	-0.0121946971509831	0.00179073319810154	0.0150362008364828	-0.00236913112752732
0.0112725048194112	-0.00102090751040705	0.00695827672553001	0.0103199085023729	0.00139984220973925	0.00425998900176484
0.0112987857981383	-0.0123739047051061	0.0114404581279827	0.00327667520622763	-0.0137061594800364	0.00896447250514511
0.0105026969802156	-0.013530941760044	0.011602121523501	0.011184928216044	-0.016213879139974	0.0154549513637593
0.0127749554419886	0.0411318964838628	0.00145742653400373	-0.00613683352772703	0.00470372295875237	0.0058563503524012
0.0128417911922314	0.0369862883747141	0.0051944589646189	0.000660299948013948	0.00165554127293332	0.00324337296998459
0.0124840802862311	-0.000598972742329248	-0.00496659390431516	-0.00220527349838631	0.00710343862489148	-0.00736890791446306
0.013410243632418	0.00514564238595215	0.00249101300479502	-0.000573610976583984	0.00808383497085702	-0.00413264970424273
0.0134216051942769	-0.0106963867413178	-0.0277715299838867	-0.0216729525227555	-0.00223057803660162	-0.0190982093101357
0.0115027833062936	-0.0143930146058408	-0.00365163673952961	0.00283279874143681	0.00349392502042375	0.00187808190142761
0.012174984477867	0.00380991450328169	0.00439889510657078	-0.0163158576156785	0.0146930998746547	0.00571115730971744
0.0130602280567719	0.0146207965957523	0.0050627400869726	-0.0051088959732527	0.0234366090580955	0.00560412407943603
0.0127506534994826	0.0126906868713084	0.00937765394716831	-0.000628149486775157	0.00290915685400592	-0.000212628026953807
0.0118014169836913	0.00458751990533822	-0.00632333909613217	0.00371110131223274	-0.00134241407042937	0.0036088419840454
0.0114786648277196	0.00174018026096963	0.00133514565906791	0.0104968347395608	-0.00180932307249422	0.00481446310142392
0.0106862465821008	0.000952447933003869	0.00980630587560245	0.0286076476238008	-0.0190774260599656	0.0101083533948438
0.011412421613343	0.00260445397034086	0.00680568975646612	0.00336269309578683	-0.0113164598480371	0.00857767545548405
0.0116879029550109	-0.0030083271864476	-0.00247885014145733	0.0138921967008973	-0.00828277737426338	0.0104427262666387
0.0110479601106975	-0.00297121070030868	0.00795181724381668	0.00574320349455525	-0.0118386380115885	0.0191892503099806
0.010628891591677	-0.00782603431872843	0.0181896325543588	0.00949612783126317	-0.0109628290452509	0.0205816113080743
0.0120347033123012	0.00245776819812757	-0.0126350596327181	-0.00741680990853402	-0.00576529790502741	-0.00600518190299394
0.0117346003664108	-0.00527199244466293	0.00862467722860109	-0.00493539393089652	-0.0170473344312442	-0.00221560234917284
0.0133858406491205	0.00714285436740502	0.00191927496183293	-0.0228297348678639	-0.0244287503076069	-0.0140254127690456
0.0128163883142597	-0.0176005365564617	-0.000450410393082334	-0.0208620660248104	-0.0231094813536877	0.0153042424233811
0.0132741577782603	-0.00541312217045817	0.00513452120394512	0.0017431733433317	0.013330834704037	-0.00295963868959426
0.0126594709596527	-0.00311307376709446	-0.0159493244314266	-0.0104145738033224	-0.019747132777464	0.0037510354520823
0.0120068572924031	-0.00237047321608399	-0.00306577877266174	0.000218716288087183	0.012719130232682	0.00492199183527807
0.0119090244753937	0.00177286198302246	-0.013056058344205	0.000128612680556286	0.00801773223931733	0.000632595576252823
0.0107969173726841	-0.00160609715691637	-0.018596460313239	0.011859763035453	-0.0137729868910586	0.0215024578615019
0.0103323740205292	-0.0103701633662224	-0.011159011682104	0.0220100916342936	-2.76939184085633e-05	0.0185206381310908
0.0122177831736681	-0.000101764265503991	-0.00754659734100854	-0.00355247362836414	-0.00594634155683461	0.00850385550265872
0.0103600711789214	-0.0109551285431489	-0.0139106449370782	0.0181743782689537	-0.0266307636952344	0.0266205264156574
0.0131797770082472	0.00421214806318092	0.00718069437703566	-0.0084111082657875	0.00457162084394906	-0.00404495564337833
0.0115398558589058	0.00535307238282246	-0.00597403178785131	0.0145089328043799	0.00785037500406622	0.0112715771231856
0.0119420006336038	-0.0138239888539636	0.00664629766771512	0.00163663251703426	-0.00193552919391802	0.00139749146546267
0.0133602564094409	0.00531768783886509	-0.0129747690685336	-0.00317008681103169	0.00453827327558167	0.000705439685721192
0.0127605025775671	0.00493335918408972	0.0136266234525163	-0.0110911516681583	0.00154079397313858	-0.0144039183641191
0.0118656171265715	0.0156652303524102	-0.00614035512896901	0.00386621937797525	0.00473503743594396	0.0142436969917263
0.0114520607758255	0.012982053478124	0.0110936455546343	0.0210222188796185	-0.0133221141333381	0.0150606293277358
0.0130742509558302	0.0141701202136538	-0.0022895106247028	-0.00778359549714177	0.00783112300269625	0.0230978163139481
0.01278062818829	-0.0017391903777234	-0.00476411964474585	-0.0132063844095447	0.0271448013342355	0.0241012302109875
0.0113620383642359	0.0302700065462942	0.023677513861916	0.00489592892870814	-0.00960828139527298	0.00715581879682623
0.0116439889519472	-0.00709373181549632	-0.0144942801569335	-0.00121124060497969	0.0057958357123084	0.0149061320521849
0.0121614939406155	-7.10361783890494e-05	-0.0117732832108546	-0.0130549588623296	0.00383487090175397	0.0232196711122167
0.0121399001112412	-0.000665437043935539	-0.0126106794314044	-0.0127884030418505	0.00276773881251235	0.0169066007273377
0.0104648234496022	-0.0123898868885571	-0.00373306802483677	0.00411543068983266	-0.0280474964385783	0.00859215884913607
0.0119630652527166	0.012347244347277	0.00648883238375367	0.00124234977897675	-0.0111201823377554	0.0189090810919457
0.011443870474839	0.000227184333084419	-0.0100695969115043	0.00707131207247831	-0.0179550108483795	0.0180424529578856
0.0121608525898737	-0.0113272379881135	-0.0198442125784983	-0.00112436737937209	0.00508504195171962	0.018276387408619
0.0129574464599061	-0.00251278361028077	-0.0255569017187405	-0.0150770846308911	0.0137535408428168	0.0111996882130141
0.013008302217725	-0.00894728326159423	-0.00419925122301992	-0.0213733166066268	0.00177231260836609	0.0135874149612519
0.0121314900599651	0.0192497608378801	0.0118828394627046	0.0088527292872231	-0.00177592397564111	0.00985234656574227
0.0118079601274276	0.0144752286324269	0.00980925827102871	0.00568058257260233	-0.00904898547332642	-0.00244250442547724
0.0128558869134064	0.012619622007117	-0.000268152938976634	-0.00974012540684437	0.00132665558529826	-0.00590592853880885
0.0135597078456725	0.00132059004852226	-0.00773106793976055	-0.0130752008099037	0.00712375763837827	-0.00599565970510523
0.0122430344185467	-0.00634081942827022	-0.00386461001243739	-0.00822710064530276	-0.0114529002761144	0.019668914176694
0.0124037901598477	0.0143398413394241	0.0020274116025578	0.00103617587643355	0.00497281804108638	0.0166749549231878
0.0130021478957032	0.0251631215813581	-0.0149435514856183	0.000765339188203282	0.00866921583498594	-0.00235747644869415
0.0120097538608678	0.0263646604358485	0.023001439579897	-0.00262922035532792	-0.00914723525997529	0.0044431937628238
0.0126687607394311	0.00094939057046483	0.00567864511846288	0.000917390929016453	0.00443867595608779	0.0204336066764173
0.0125834989986201	-0.00977676960426264	0.00138617934886092	-0.00215073865034147	-0.00817094570145293	-0.000502685356582769
0.0101482380668556	-0.0136555688900343	-0.00554886532468794	0.00201357244155065	-0.0359590707877516	0.0189683527947391
0.0116880460640829	-0.0040375646376493	-0.00370954685315291	0.00244805681903009	0.00619898833492634	0.0171748842091446
0.0119092783796661	0.00264326784034409	0.00923075657831515	0.00835886672873475	-0.0233498641655314	0.0237325593975817
0.0120465991467368	-0.00189025895598442	0.0147632810358463	0.0119975431387839	0.00160193814027268	0.00465172259294358
0.0125762624017144	0.0178334953279047	0.00575996998716184	0.00600811369376375	0.0051315140009449	0.00804762500697622
0.0123321679809267	0.0189790730052712	0.0215708468918918	0.0132187947802362	0.0141397308371027	0.0112604070859842
0.011879260077963	0.019967444291745	0.00618552567824968	0.0141223722633455	0.0230467572950443	0.0165807878876986
0.0121956870046684	0.0157517060809318	0.00532452573657633	0.000597883414374289	-0.000652545886757901	0.0294502518518383
0.0122457160630017	0.00570785627242358	-0.00748165581370291	0.00985296071610214	0.0117206025125477	-0.00362398825946652
0.0124259888401806	0.00153544641049004	-0.000732851526505782	0.00736085559041922	0.00217593420371844	0.0099843862148015
0.0125864732256161	0.0092446919316757	0.00777154236937471	0.0148940916607367	0.00618553799535376	0.00377368070095236
0.0126176591623059	0.0150176058457784	-0.00538927003324745	-0.00814986203271323	-0.00506853128570441	-0.000523147576208888
0.0114069565491445	-0.005623894209693	-0.00801653532591197	0.00480810871744542	0.00552007703739265	0.00341866451384135
0.0119047590215223	0.000556178718997349	-0.00451065580462297	0.00430859749835941	0.00910307903569222	0.00100613196314843
0.0115698522462973	0.00472058570099864	-0.007945822703979	0.0079599230431831	-0.0450259681797592	0.00335247692273819
0.0122691124201818	0.00705076019182005	-0.0182077184174833	-0.0117959495381658	-0.00966735535313467	0.000959371841868676
0.0141980617874034	0.000303324475105582	0.00840769350607141	-0.0323682486151768	-0.0037181004991742	0.00655278899675446
0.0136089850710666	0.0381125403427182	0.00335101787099306	-0.021067210724264	-0.00646646657838329	-0.00376379863943867
0.0121946805379406	-0.00238527110135159	-0.00751342336905019	-0.00827771243140289	-0.00428901023748678	0.0149178302101133
0.0114611187238712	-0.00283047882218558	-0.0175917949964767	0.00673136416263631	-0.0194708948775516	-0.00213893866337181
0.0111264909826854	-0.00889837273935338	-0.0216783417408843	-0.00559567045459835	-0.0160475905817499	0.0157470563646419
0.0117728037845122	0.00536991071892893	0.00420231257660542	-0.00953063458916752	-0.0270028628618722	0.0174161593709061
0.0120545132309432	0.00464455834433692	0.00255533210164436	-0.00509203600017943	-0.00601902341842767	0.017116476729915
0.012335856265713	-0.00360221055194694	-0.00488884088398392	-0.00620462155565347	0.0249164147543218	0.0147755490982626
0.0133558914259988	-0.00540138063123964	-0.0126759797493662	-0.00481218027221017	0.00230118744503029	-0.0150033856474174
0.0129115481532545	0.00158358458376676	-0.00961222310610964	-0.00193397969988914	-0.000124196587601124	-0.000817492847891635
0.0135991805283116	-0.00434422136360332	-0.0269438496814185	0.00631156748556578	-0.00393171315034732	-0.0103606329110225
0.0120764729612927	-0.00279802046902086	-0.00629692713094617	-0.00354821021569942	0.0158760813441006	0.0244676681181207
0.01185994097848	0.00380257736424393	-0.0135909700934194	0.00580498343246338	-0.02295030308568	0.00813106698605527
0.0135874046939075	0.000803357393730538	-0.0126804947496792	0.00197739394163639	0.0114140559373849	0.000398721149737656
0.0127579872194443	0.00706929668775037	-0.0212797970081986	-0.0053642554627243	-0.0188802395781356	-0.0160735986728472
0.0133535319638061	-0.00439878487209203	0.00195147809692872	-0.012976381540222	0.0176635837858937	0.0215724667332106
0.0142731102177514	0.00078291356906112	-0.00419712458311425	-0.0138636634127477	-0.0073160797702892	-0.00071247373272894
0.0110694774451991	-0.00479938236186382	-0.0137560227619735	0.00990315458800867	-0.0148083574763658	0.0256292543895218
0.0109593079262526	-0.00584550109325191	-0.025850115212611	0.0147638938567502	0.00724758613362595	-0.00375950195635319
0.0113021825324816	-0.000371808511194114	-0.00976461044748306	0.00522080894767738	-0.01349717511309	0.017354904483413
0.012623173729506	0.0421515131359896	-0.0123182237009004	-0.00552432627951486	3.6408900163648e-05	0.00461531336757878
0.0115601831917096	-0.00479084218926834	-0.0219271149980702	-0.0122625955471178	-0.0249639326380436	-0.00743768294629152
0.012822361991922	0.00157465912259255	-0.0107589086058632	-0.00852124587309594	0.0056718360294522	0.00385745067647637
0.0122803303423641	0.0234842833067246	0.0111276689703137	0.00913575564265358	0.00127472445102169	0.00713189372249531
0.0120382451650455	0.0122378061331844	-0.00702169292172244	-0.000558962040287644	0.00900553626728006	-0.00852528900384614
0.0135936200648665	-0.0129439418832117	4.63399619009004e-06	-0.0162778820578441	0.0217720086275779	0.00475909274793068
0.0102308694860291	-0.0139704416366927	-0.00230946849074591	0.0140779028096128	-0.0202166027225227	0.0201237927750911
0.0118797885834094	0.00520269345756748	-0.0144244393620849	0.00266405483016975	0.00935446947629614	0.00268737344238177
0.0134398021697476	0.00591431145881716	0.00997606716790838	-0.0195196734403741	-0.0139879459773511	0.00314677036244548
0.0126358802237271	0.0143091024238577	0.0142926505991699	0.00572809474622351	0.0119209148596021	-0.00749795650571832
0.0132536823597376	0.0125738721038942	0.00618858629336522	-0.00449141831041418	0.0198057644592103	-0.0217994685895619
0.0128701836961447	0.0287947222889797	-0.00660241600852313	0.00101672197199442	0.0139407051643363	-0.00539936203227704
0.0122327570981336	0.0304776788064088	0.00520927777754593	0.0160940214756218	0.00352245387621371	0.00414548163210526
0.0119707040151037	0.0376393692434547	0.00811282198682296	-0.00159570523861837	-0.0113992921238108	-0.0023092388132466
0.0111008503588804	0.00980643795646378	0.0146081317794575	0.0160821557417212	-0.0233503290252832	-0.00164320556193552
0.0115185431673132	0.00908081568390699	0.0201784459719004	0.019287814325047	-0.00594980913315889	0.00641546072602745
0.0113832480809989	0.011387879390992	0.022114602457941	0.0180486056298672	0.00526495198023143	0.00719106460753288
0.0119478940055278	0.00220878311417915	0.00195714387484394	0.00962590423013123	0.00301704483785703	0.00625771990156559
0.0122712007549319	-0.00632679939828766	0.00651102504202007	0.00341408630156202	-0.00741503917392886	-0.00426583521386297
0.0117137521199794	0.00291899656720912	-0.0010816058889084	-0.00401127944883698	-0.0273699738534927	0.014041196107912
0.0113280603567571	0.006367374989231	0.0124065978525619	0.00991557284416697	-0.0292598125385005	0.0109514802143981
0.0127557058490258	-0.000960205898618041	-0.00908861653627989	0.00629417388208942	0.00631524171532903	-0.0182660069234892
0.0129349833444049	-0.0190342250837857	-0.0077325698661469	0.00512522202508971	0.0127879370039569	-0.00844844343905174
0.0116101971309778	0.00451756717414883	0.00155873707078163	0.0129254501629882	0.00835485564853589	-0.0127710094061827
0.0114310331531899	-0.00486453860293843	-0.00805711388961677	0.0105666801956257	0.00804716468806502	0.0121871917476512
0.0121548510191063	0.0345841680040778	0.0394372932234846	0.00782592285039927	-0.000203339026889755	0.00617552064279604
0.012099806508494	0.0163317898627455	0.035888635842537	0.000508162769569978	0.00885567775881726	-0.00892010752319523
0.0128256714226783	0.0222979625597911	0.0207314062547253	-0.00994358009937037	-0.0136503726329482	-0.0134562199649131
0.0119165148318245	0.016761646326233	-0.00660165756993887	0.0142164959665436	0.00121921467405956	-0.0191910250189127
0.0129229340968502	0.00270379083034059	-0.00832014927221733	-0.00855954011948854	0.00562568908982065	-0.00820588315005948
0.0122322836181129	-0.0114104882785341	-0.00646382828143017	-0.00591023888589819	0.0078122005398134	-0.0158269742737848
0.0127878003512938	-0.00695766896970058	-0.00160793899587061	-0.0100332550441186	0.00505949983556035	-0.0167819839400762
0.0121185888612981	-0.0151393782739824	0.00618996132796147	-0.00670123276906024	0.00787950256279311	0.00268880884201208
0.0104611669587791	-0.0249117887233814	0.000778377261757156	0.0181905517450128	-0.0141163124405104	0.000835433566825872
0.011710363557485	-0.00252423230382494	0.00461874799463485	0.0070009359121172	-0.0100347575628994	0.0134318371602451
0.0116758094123398	0.0180606979820801	0.00298970756914477	0.0183048137792695	-0.00608781386890455	0.000693481453690849
0.0119076610674225	0.00764829190962463	-0.00821232664499309	0.025663581594631	0.00227106256018424	-0.0215499762234991
0.0122945410666594	-0.00114400019048619	0.000706420552664139	0.010588018889058	0.00773873560638968	0.00403806364912133
0.0111961912125719	-0.00850600873274863	0.00549637674318027	0.0148148341101042	-0.0110418259341154	-0.00250853352055965
0.011683682211107	-0.00470832385096161	0.00862284001946136	0.0164570591749159	0.000861811691189469	0.00273102585959179
0.0134885860077271	-0.00637140995138373	0.0189212933629703	-0.0133472280295653	-0.00319415163828325	-0.0064913608070653
0.0132985561314021	0.00414461622720399	-0.012899130618024	-0.00677335118790669	-0.00380969253921054	-0.0119892168057759
0.0139037401256671	0.00895587415090408	-0.00422988628015708	-0.0152465472517388	0.00394662094183067	-0.019880391358241
0.0133575684028053	-0.00323236778408695	0.00842570542629845	-0.012617269498562	0.0190662446923506	-0.0175851864204229
0.0130772746007396	0.00358984417501474	0.00693695823041281	-0.0146943733835061	-0.00912225759507117	0.00793019118382736
0.0123053574176314	-0.00840627740166878	0.002453733491446	-0.0132196454793891	0.0100778800375656	0.00365653581555061
0.0127933942405522	-0.00616247685545915	-0.00644522929156001	-0.00585099541447604	0.0273358466467899	-0.0134015509229077
0.0109241493358125	-0.00678808437923074	-0.00286766782951786	0.000274056242992815	-0.0157025190251972	0.00454120603360395
0.0105760861279614	-0.011432899801765	-0.00416314415975394	0.0106866986606283	-0.012713971020643	0.0238202962755308
0.012599455774454	-0.00686341243395789	-0.00259368622830095	-0.00429559291900428	0.0029155698324236	0.00205202255053128
0.0123699854005022	0.0041307475087541	-0.00773122065195738	0.00949110595503023	0.0183804052062362	-0.00583860770962941
0.0143297276723918	0.00390100664998476	-0.000831021526646228	-0.0122083209600669	0.0105186404295266	-0.0173806945562011
0.0124875440773855	0.00253550442639463	-0.00781211770650364	0.014452724811372	0.0072583749355583	-0.0113718478395314
0.0137171051011847	-0.00237286195189199	0.00435914654776528	-0.000129310326153534	0.00483480724406652	-0.0119510319461723
0.0122660260966346	-0.0134781854897408	-0.00569418268849595	0.0132013058391439	0.0139006235841146	-0.00241611122964502
0.0124277122462574	-0.0121691757909276	0.00158761231968823	-0.00146405845457983	-0.0034507413526888	0.00887534160616934
0.0113069100413682	-0.000366332138852494	-0.024987336223071	0.0107415075187516	-0.00337740899711834	0.0138639095685446
0.0118476733181017	0.00108921717184181	-0.0258947760074765	-0.00247154384341993	0.00486157658861023	0.0252196366402136
0.0138792243250828	0.00848588341009417	-0.00901820371174381	-0.00458542539295544	0.00133382245883787	-0.0107907819144426
0.011277891776681	0.0205412297344752	0.0310792910772602	0.0285748880017575	0.00526274948644845	0.0249457336987418
0.0116999802333014	0.0169347130519386	0.00653210065955895	0.00504127831490758	0.000211053533410121	0.0354400885991296
0.0116470684074805	-0.0190031295317693	0.0118414918874686	-0.0174780409813315	-0.00453353727793652	0.0167345858672419
0.0131333656570903	-0.0183987925269731	0.00305680254219038	-0.0374707862235789	0.00436316281594956	0.0336559743251716
0.0149790788456745	-3.86945753615585e-05	-0.0057464614149737	-0.00426620607453822	-0.0020365972296417	-0.0351821833144873
0.0133908395699597	-0.00562812145199023	0.00947091183028728	-0.0127098741100538	-0.0125020370171561	-0.0326126917065047
0.0116285748921143	-0.0170383926151919	0.016487787095343	-0.00597875793297671	-0.013914116865066	-0.00660497833463899
0.0137754225353371	0.00504336293079475	0.00774875695797115	-0.0117275452142072	-0.00517466904101541	0.00663766234555695
0.0121219038263103	1.85194371001719e-05	-0.0171143026889341	-0.00319703343797946	-0.00779463983748104	-0.0147592325168192
0.0117038248100325	-0.00240609341887158	0.00692773286752836	-0.00174918743412858	0.000590363262620197	0.0298094738439145
0.0114681953680974	0.00837947289690515	0.00689475323742915	-0.00691202334640766	-0.0112802440932338	0.0163262002466467
0.0128002018736062	-0.00879265753969141	0.00756661834687965	-0.0128176454642484	0.00495698495863455	-0.011379215596972
0.0130704886953101	-0.00554677488625737	-0.0030596923522136	-0.011511653431618	0.0024863176015829	0.014963751040369
0.0133814349772212	-0.00281478230295108	-0.00393613047463656	-0.0154871272135174	0.00435700746591114	0.00813823167064614
0.0134274474959939	-0.0106032883058862	-0.00610398829543564	-0.00846177956191776	0.00994098796822911	0.00926026603066775
0.014067983323719	-0.0111984336159477	0.0024675700674082	-0.0147517073974842	0.00396249362599388	0.0079317908801538
0.012344492754376	0.00188951202791952	-0.00474935985771865	-0.00157011716149625	-0.00139104458947249	-0.00189255152146416
0.0144954818584235	-0.0311800413319399	0.040930151137925	-0.0241396237486214	0.0147375769277513	-0.0101213498205677
0.0133481919757336	-0.00280467356070213	-9.46355913124853e-05	-0.017193658229152	0.00636244945827539	-0.0106346558086744
0.0136229096210585	-0.00425454322546648	0.00699435373910627	-0.0246643794335233	0.0163330595025708	-0.00944046092218193
0.011265946082303	-0.0185169378523413	-0.0170251794368275	0.024415499157982	0.0149734775786275	0.00154301132420873
0.0120213005265664	0.00110466215456313	-0.00255932925149136	-5.37426832669472e-05	0.0220795265446789	0.00725025367622996
0.0126026811270205	0.00397075091898053	-0.00443895974076195	-0.000887967251414756	0.0106770231789077	0.00348704074464897
0.0126576837920113	0.00332984399099777	-0.00253289435371814	0.000660655854468672	0.0111142202481464	0.00278718790781381
0.011704814611855	0.0214527725498596	0.0188389495901001	0.00928290828327528	-0.00533333463733252	0.0142019869276745
0.0126446669444309	0.0156596459452911	-0.00347142832980205	-0.0127139322111572	-0.0138736058518596	-0.00761335500468738
0.0110110336221369	-0.013816748767553	-0.00386893722393605	0.00715109372920975	-0.0112861798827317	0.00885241523956632
0.0122540300877118	-0.0030020174593971	-0.0209075125022105	0.00337481077641263	-0.0105049805558303	0.0130389677097355
0.012454244996703	-0.000569809169359012	-0.0215809052459845	-0.00255503886106581	-0.0119906497377885	0.00187171223924935
0.0130460289815293	0.00659969152419045	-0.0159198165732355	0.0117803250295	0.0066181701335976	-0.00481863262552593
0.0123885693915102	0.00628967855037	-0.00411105271297701	-0.00887882803979407	0.00400714978815793	0.00627576688530772
0.0136309618473903	-0.00528466227442396	0.00155160193565796	-0.0138508681283882	0.0213614268897253	0.0225358130800758
0.013189992314425	-0.00721463154891482	-0.00592461353085948	-0.0195419800897249	0.0131714817949244	0.00878624267728025
0.012269340522688	0.0023895469700357	-0.00331372054136852	-0.0104510783049952	0.00420804323896642	0.000612054407714028
0.012408422037719	0.00785779171410855	-0.000814154117052874	-0.0110019111753727	-0.0024110974767081	-0.0105805236685362
0.0133322196337802	0.00737425212919092	-0.00755675444699462	-0.0146967396236834	0.00481355022776983	-0.00411276818524819
0.0133772815773699	0.00307496384960989	-0.0100906159039863	-0.0149996012627006	0.00564063817458806	0.000970965172336408
0.0128772031249876	0.00518665141898253	0.006909748700575	-0.011658361551926	0.00317209242842311	0.00982310260903829
0.011923099723286	0.00709150825800201	-0.00476274061568013	0.0132085167542559	0.00559309818341534	0.00276593014253974
0.0123657297522434	-0.000201001387606526	-0.0180066430062492	0.0118377704719048	-0.000268417015343671	-0.0233297220302374
0.0123818110601458	0.000443033135411509	-0.0166269719931139	0.0119551609450633	-0.00185162601882166	-0.0231046010624921
0.0121970003950724	0.00640441037338899	-0.00214114978477388	0.00402713199214985	0.00760697226907338	-0.00910413775374632
0.0124932187194288	0.00817249323698134	-0.00512199284605319	-0.00617350091507087	0.001669440257773	-0.00560021039616784
0.0129178520035479	0.00901963177267996	-0.00547322551832292	-0.00524412737415414	0.000360988194141285	-0.00402216021289294
0.0122448330514413	0.000515329626837829	-0.00213207721438849	0.00304961521250346	0.0116748349813687	-0.000387989751012675
0.0120079853312124	-0.0331240111538902	0.0282406223899567	-0.0121694601228802	0.000579341857358815	-0.00531307190639242
0.0133175488139914	0.0220862992647164	-0.0016078662282731	-0.0280313927122274	-0.0378618114309147	0.00654499085132911
0.0137051171443903	0.0261165413086879	-0.00484135860733482	-0.0286147008652861	-0.0348338447203383	0.00633060943722787
0.0117434547094487	-0.0181262279545013	-0.00258619590497449	-0.00549225421794387	0.0029901203523558	-0.0144666187345986
0.0130222327030218	-0.00552050526973989	0.00851677658880772	-0.00893388610549155	-0.00283718289369448	0.0237267961611343
0.0120724184698187	0.000566974065841841	-0.00926490867129939	-0.00918408891955262	-0.0166574073750043	-0.0116357232080667
0.0139317894780327	-0.00186159243388189	-0.0143498649668638	-0.011354037490625	-0.0082674447229874	-0.00329537263623977
0.0197959374252607	-0.0175144158428794	-0.00120213350890033	0.00942644554649832	-0.00750104041595109	0.00729571463153296
0.0214472067016545	-0.0111075491519234	-0.0199335502044692	-0.00589581733616401	0.00683718590488195	-0.0124997532674073
0.0212879234725748	-0.00963431747637888	-0.0222520256023657	-0.00226651887578561	0.00216956291672671	-0.010269667682759
0.0199680656335377	-0.015918941036378	-0.00805431215779489	0.0136925406349341	-0.0115929533008566	0.0103521475069561
0.0200750803694193	-0.015168541636713	-0.0108763567943039	0.0125994850411512	-0.00331955282952939	0.00463949994142664
0.0198232857673376	-0.0173225448446726	-0.00874498714912159	0.0129165353213525	-0.00603900113845445	0.00330437674447615
0.0206386234961943	0.00213086247110889	-0.011795750152681	0.00411076412361695	-0.00455351135632399	-0.00472196774342756
0.0120868173223124	2.36769981807501e-05	-0.0144290574547138	-0.00618484625890672	0.0261818005151504	-0.0160041801228724
0.0153505299392972	-0.00172744718442609	-0.00433991825861638	0.00178179054465209	0.00138249201632613	-0.0074821875472573
0.0161118833228991	-0.00278735764944838	-0.0018887491537211	-0.000227079656556085	-0.00102834471621314	-0.00784256131938112
0.0120991921167377	0.00116358648505162	-0.0172083881833067	-0.00446729271710399	0.0246940201703828	-0.0138210493416044
0.0120506496423333	-0.00178349773039525	-0.00994732835158045	0.00548109075737534	0.00894154095265649	-0.00563882786963508
0.0161421706669743	-0.00182068850147756	-0.00210407386406929	-0.000137860138789937	-0.00315791646160694	-0.00700321743999647
0.0161354185415663	-0.00195881676962228	-0.00211534228373426	-0.00034369836694422	-0.00296482204349798	-0.00706826477644542
0.0120794342378661	0.00216691538741634	-0.0144837644615134	-0.00112289617816721	0.0263977824269049	-0.0101301432804364
0.0153761902891913	-0.00161079858619951	-0.00380252256816366	0.000230264897916827	-0.00443294346716914	-0.00791548291127145
0.0160940569029567	-0.00228278163561344	-0.00228100769611908	-0.000277910852481892	-0.0039566115178157	-0.00759299333801904
0.0120954431721088	0.00230748405143519	-0.013441950222552	-0.00183371353119681	0.0293172431843554	-0.00884566525503753
0.0153720305543229	-0.00132365332494882	-0.00383478135707017	-0.000675617563922634	0.0020257352338048	-0.00979403821182109
0.0165348763562966	-0.00943608885874071	-0.00537840985442094	0.00896923895586035	-0.00412607606887005	-0.00567471972664554
0.0169023819112852	-0.0163453531231297	-0.00210184180801466	0.00989791326982733	-0.00962671306276564	0.00752405597663703
0.0118823576012234	0.000396709533866215	0.00614890760648997	0.00117552315089976	0.000569790330917912	0.0160209482185675
0.0118483654381693	0.000689063787480299	0.00329971283008399	0.00168046230465586	0.00556799520204979	0.0134044261153861
0.0128612466439144	-0.0119306820214739	0.0086180648289424	-0.0176030418319185	-0.00298328788657064	0.0178123726507644
0.0128972975881767	0.00520075159890991	0.00170041954840573	0.000310463978873253	0.00711866613027562	0.00743840615457228
0.0122123700158729	0.0046086565195633	-0.00936540249546845	-0.000414667525566379	-0.0119007516075423	0.0030356053556053
0.0145026931643787	0.0104057028914352	-0.00154247791671908	-0.0102591198612614	0.00804002815719635	-0.0184028573894616
0.0139107132906166	-0.00608011194454701	0.00758083915352788	-0.015963954091942	-0.00412302466870841	-0.0136610553433838
0.0134346021982757	-0.00416489089094659	0.00318095044527003	-0.00976159616707921	-0.00630798339297925	-0.0175445912672964
0.0147782904734843	-0.0062789965037217	0.00918222350562214	-0.0231581080264867	0.00855955682009638	-0.00410348357754386
0.0149796121649988	-0.00619700921404101	0.00885000796284497	-0.0237132027583639	0.00831739683821783	-0.00751173661148788
0.0121474325777444	0.0179266128280483	0.0111435233597462	0.00301456103207049	-0.00650911782864345	0.0137833531632525
0.0116797907844018	0.00155316042302655	0.00266411514883349	-0.00388389166087594	-0.0240654007694331	0.0210647255372489
0.0128708027975527	-0.0229100233954097	0.00165135957580514	-0.0183766186425996	0.000651927804573447	0.00967988379265461
0.0122692515246976	0.0317569289640599	0.0205649882617234	-0.000863203635116506	0.000227925753046212	0.000141122543319844
0.0108501760709234	0.00178923864640176	-0.00974133255946736	-0.000201054865779265	-0.0345003928205067	0.0067987772880497
0.0111260743684958	-0.0146263808182412	-0.0120213794638423	0.000688014804233576	-0.010216640135085	0.0188182058411527
0.0130215548777081	-0.00514860424696149	-0.00233830842741274	-0.021094906798066	0.0185176358916129	0.00884645885382195
0.0118902443412121	0.00976745015697815	-0.00695861824540474	-0.00522888565424748	0.0139610867491484	0.0177763543919963
0.0124207263833932	0.0308216340702742	-0.00509688035737733	-0.00951672843367634	-0.0115017226405848	0.0117698969216661
0.012267716953466	-0.00589739606883454	0.00485964396210731	-0.00555609833559406	0.00604096033939736	-0.00368528262304883
0.0119962417260583	-0.00119172109537703	-0.00268852441737624	-0.00233191375320299	0.0032279957409964	-0.00573773699373877
0.0108067478262178	-0.00142198643747519	-0.037816006236582	0.001691903085413	-0.00392395837135773	0.0155209053788744
0.00987545137361466	-0.00451505529574775	-0.0247075268561912	0.0121494500280534	0.00831771291591644	0.0227071726843667
0.0127449366653083	0.0378799348599282	-0.0066982640060199	-0.0162297563740432	-0.00353781749739397	0.00195163467818318
0.0118205173762707	0.0274921020754796	0.00146239232348692	0.00324040063225843	-0.0198746227628821	-0.013124883619886
0.011824698312056	0.00703179066752518	-0.0096078384919307	0.00535271942858813	-0.012838878984229	0.000916969205089166
0.0119102516773678	-0.00157494491542808	-0.00740607976174577	0.00528118553688404	-0.000618749532673595	-0.00211733261902398
0.0115671705241923	-0.00682365222874429	-0.0134430544000836	-0.00686507495747942	0.00832253484551	0.00138452122894799
0.0120622552322476	-0.0106406218613626	-0.0115309576849929	0.00856850773583488	-0.0133632151084962	-0.00673947514787637
0.0122496244717528	0.00229294786151254	-0.00647609004271998	0.00900404494173398	0.0133284500533258	-0.00908241678415954
0.0123445992011233	0.0141678765792127	-0.00560130959925573	0.00364504243604249	0.00586447639182911	-0.000442578810419851
0.0132094463901736	-0.00375442166442527	0.00589131358946811	-0.0101402865898807	0.00744208491756648	-0.0088844085212316
0.0136555494383875	0.0110912836085659	0.00472728954486805	-0.0152844162758429	-0.0149164403346756	-0.00612811138320265
0.0118679804962199	0.00794930866160964	-0.0020357739828301	0.0199031640248551	0.0147838292940592	-0.00472302447202217
0.0112020905834757	0.0119215003138355	0.0252909432374326	0.0350997675503	0.00917148058079331	0.0179485397875787
0.0120168879975648	0.0360874310349414	0.0328147587181477	-0.00146154064941274	-0.0124573716930163	0.000632838376900606
0.0109502875308427	-0.0187684329860323	0.00473335165665281	0.0263998971140427	-0.013066219262828	0.0173503814468634
0.0125875797725853	0.00727722603638125	0.00545598995117027	-3.23188503534647e-05	0.0160698683154418	0.0158565922093536
0.012145791177047	0.00181698795566311	0.00713790953427494	0.00694882948640076	-0.00511772090344044	0.00233958635452649
0.0127900214771707	-0.0138551920549991	0.00707510309560773	-0.0143377355837562	0.006186139694854	0.00242144643908988
0.0125158602823461	-0.0150393487750219	0.0117665113998441	-0.0125314696976176	-0.001576651401485	-0.00445707336384544
0.0120449186516077	-0.00838065956499573	-0.00235492181885177	0.00107576121729491	0.01530721296854	-0.0168292772458864
0.0129492009216013	-0.00400650704081007	-0.0106515510925803	-0.0161415360611555	0.0134204259777019	-0.00949861603472631
0.0134409870294812	-0.00622466571924119	0.0237587081550873	-0.000492507955842001	0.0204145629099962	-0.0210516949763847
0.0116016861333588	-0.0114390899271765	-0.00657760308335654	0.0072614873717816	-0.00194777650607883	-0.00759065742784436
0.0116109370496193	-0.00518481477224371	-0.00116856124631443	0.00585201333363483	0.00484022413893034	0.00379314642642206
0.011521020553704	-0.0135440302344294	0.00492092698713108	0.020787076336523	0.00476277762132636	0.00218627568578952
0.0120817320157056	-0.000869885122796327	-0.013712032897883	0.00336281593189288	-0.00444361169360347	0.000749017451214026
0.0117335043679408	-0.00137046492158372	-0.00764348757145276	0.00446736378339412	0.0059738362702355	0.00271882920625936
0.0114646724526136	-0.0135613682623929	0.00525013694597668	0.00565543026362907	0.00986050757057336	0.0122166662236001
0.0105252655977848	-0.00165220038727566	-0.0165013093943541	-0.0100261948412302	-0.0165719514132999	0.0249212820707846
0.0122909904155973	-0.0061391136447343	0.0222153254496959	0.00502410450982871	0.0030018197400098	-0.00889251233438668
0.0119977135497978	-0.000423578219076	0.00703576109433756	0.0141836849181839	-0.00153912942788413	0.00489744445396501
0.0122765695490349	0.00573937363305008	0.0120402975109378	-0.00298590077743043	-0.0161473217064198	0.00160792135427525
0.0125706154582441	-0.0105645191528594	0.0058089147604412	-0.0295956344646065	0.00435061761590356	0.00765637053811808
0.0121955754334159	-0.00905962773767565	0.00613955760107422	-0.020017570320201	7.24154719155376e-05	0.012893775338074
0.0137787040956973	-0.0212544379314679	0.0213019531640582	-0.0333414754852267	0.0161282501853123	0.00943662562666249
0.0122554853302171	-0.0142433145588011	0.0166723321174225	-0.0113793628897032	0.00757120984611573	0.0141689399311105
0.0128207030291774	0.0017427406822434	-0.00523320563892223	-0.00504541573194558	-0.00735256143710764	-0.0211783064745828
0.0117345257538624	0.0115265498091953	0.0179550448466271	0.00938087191862166	-0.0164874764461836	-0.00799771515279765
0.01116220042015	0.0150148335976569	0.0153941775285951	0.022864111304438	-0.00370597399100335	0.000847247365200833
0.0119185049057502	0.0100743825935457	0.00863284539146054	0.0164964505861207	0.00672430389498835	0.000594658131555157
0.0109509000516633	0.000918843242543335	0.00511953963111513	0.0168053032754332	-0.00765144389150205	0.00770034787196805
0.0113611328955303	0.00594586476800476	0.0227041778122651	0.00718654729877378	0.0110655804414285	0.0124543201938492
0.0109590282822952	-0.00748975636148436	-0.00812285313999198	0.00358238096910578	0.00156288016532843	0.0205821295996157
0.0120741571634568	0.0220914292524506	0.006974810080527	0.00348695076532336	0.0013713441965111	0.0250783088275977
0.0116981107728889	-0.00214144162453139	0.0038085617267583	0.0122298792020269	0.00103223696504898	0.00406820129395469
0.0127458881535151	-0.0132413339082476	0.00633177789138605	-0.018606300454527	-0.0139384333772023	-0.0102758423280736
0.0121107287940231	0.00469686918597536	-0.0232827341019491	0.00540100002412543	-0.00767817764583694	-0.0182257853016366
0.0121171851500191	0.0041796333349013	-0.0231693125966505	0.00612081383188577	-0.00506457226721567	-0.0182422243492244
0.0128871866838922	-0.00181695426253298	-0.00622852040225008	-0.0100850743068294	0.00175379632533904	0.00924197067551495
0.0128295020616008	0.0012132468345215	-0.00828506910583733	-0.0049595182951553	0.0038942708041684	0.0122007371948524
0.0114709531007915	-0.00481802420002338	-0.0221662231919832	-0.00473386053784099	-0.00681608227064869	0.016284122116494
0.0115442057128992	-0.00474087400751957	-0.0246583562203649	0.0126234458627647	0.00749379788262207	0.00670797326194763
0.0134357478612343	0.00304179200132044	0.0149087380871251	-0.0129407462722281	0.00256438280875696	-0.0101965970474208
0.0115447599927488	-0.0122129787871995	0.0286904062542714	-0.000722362890180374	-0.0245505261934974	-0.0140884888082842
0.0121648866165409	0.00483809367947583	0.00727636282296713	0.0151731946703264	-0.00748847187313928	-0.0096961002756078
0.0129144676340697	0.00392265831813764	-0.000582041207776229	-0.0069376387350595	0.00221703258832625	0.00657386597452809
0.0121242578019456	-0.00596667850394367	-0.00778666760372093	-0.00528009286189658	0.00467683655716573	0.014036426887636
0.012195062993953	-0.00544095183931125	-0.0101908551560535	-0.00597085797760095	-0.00568744621532463	0.0201572363274044
0.0118984650599628	-0.0064980534941642	-0.0129147699252357	0.00229903682382845	0.00646466101617664	0.00842976486525251
0.0124045186037152	0.00434129329216919	0.00454671161805194	0.00604501193956525	0.0084500838363981	0.0157472575923753
0.0117545305026311	0.00273677213234754	0.00618622889284684	0.0188714608341292	-0.00584127955180279	-0.00697501068623922
0.0133234910727973	0.0120018979464341	0.00609312358276446	-0.00814721509864378	-0.00132117731764503	-0.00580092848235218
0.0133558849087187	0.0105630805773778	0.00410540713287477	-0.00820183515921279	-0.00504522579965799	-0.0041461130617609
0.0133717822596236	0.00850502924436839	0.000960957332687118	-0.00662963907078948	-0.00685129978331275	-0.00492922122043404
0.0129137192643046	0.0128983860403525	0.00168569020912534	0.00279554184775681	0.0111401688945221	-0.00302873771160501
0.0139284624016497	0.0106408815588236	0.00369164993977894	-0.0100344220332862	0.0177251091753364	-0.00625360930492637
0.0125960924487574	0.0321839776074005	0.0101102268024264	-0.00628943167908109	0.0183701006370631	0.0127109398508976
0.0122032517285928	0.00159697260142254	-0.00384261755819368	-0.00057147092814167	-0.00640861409096792	-0.00616284267054658
0.0121331078916026	-0.0193364169779145	-0.00147286082245266	-0.00922121891039552	0.0160446065343243	0.0168578247728479
0.0119604802749007	-0.0200466613509089	-0.00411012914630358	-0.0124717245911543	0.0193572190972962	0.0158228263898694
0.0128661907223404	0.00994559045900358	-0.00937952067835631	0.00493105412152665	0.00116659334073152	0.00065696958625593
0.0151140184820266	-0.00944422767256753	0.0251586969629552	-0.0265561407570039	-0.0163356805774249	-0.0265436487307476
0.0137902678410627	-0.0107300617490319	0.0295548692759636	-0.0160819336757889	-0.016903169174988	-0.0246801553907881
0.0121425620359899	-0.011527638243628	0.0179175494705854	-0.00194804718636466	-0.0182299941852761	0.00103438467518425
0.0137096696003071	-0.00108668757303003	-0.0116431969634615	-0.0248012581774797	-0.00138603819754757	-0.0103801236129553
0.0131508486103413	-0.0117100080218264	-0.0157974779824847	-0.00944767066952568	0.00831960820219374	0.0077749816303075
0.0122962536145551	-0.00446902583016059	-0.00403398421833436	-0.0247762094844278	-0.0175648208654615	0.00507858790943278
0.0116282319694966	-0.00376406573759362	-0.00160665043904337	-0.00563349691434359	-0.00120102343292914	0.0043203826756363
0.0115156736967411	0.00346355746517097	-0.00729803274726719	0.00151839876070959	-0.0127575121635106	0.00979214634521076
0.0115157382230612	0.00291903040106091	-0.00550556274158904	-0.00112736668872009	-0.0099607168077886	0.00857428237215158
0.0130015345413107	0.0157790956754184	-0.00925920506615624	-0.00907787599554346	-0.00605244857896794	-0.00178242845713292
0.0100793462880543	-0.00928597709353931	0.0194163336197602	0.0267382806995237	0.00379450846529083	0.0213345087680913
0.0126644663747803	0.0364061483350619	-0.00260094792485627	-0.00740998301324581	0.00518133164229622	0.00224748647874913
0.0109322295552324	0.0151784931110097	0.0235026836529486	0.0127801579445602	-0.0250525469956917	2.96796240793554e-05
0.0122315087270199	0.00391929185662946	0.00261393399439242	-0.0045611611551531	0.0141110098020556	0.0133043658489863
0.0124134860211517	-0.00862954667052486	-0.00856952095212524	-0.00504092511390724	0.00179511645347092	-0.00591597560590346
0.0113028323364063	-0.022109574974197	-0.0039920388286534	0.00758665854940289	-0.00886533295673212	0.01255320674392
0.012143042752352	0.000579392911949206	-0.00456862342204605	-0.00315196891422208	-0.0149180061492089	0.0125378709786744
0.0113785444389466	-0.0162179506402536	0.00279959335372035	-0.00160343412565666	-0.0134693580863669	0.0129514889890666
0.0113551892470262	-0.0193668407375655	0.000551831867123354	-0.00374181557095439	-0.0102153016385156	0.00423228390366888
0.012445323700817	-0.00438364040730562	-0.00109433507937641	-0.00101049616013471	-0.000750681334709952	0.0167159742838794
0.0115674989692169	-0.00157666750349922	-0.00625215160066088	0.00235378511980898	0.00129082448127646	-0.00546933140672078
0.0119508973364457	-0.00961440424367437	0.00520376668739742	-0.0230390622500125	-0.0281939363443967	-0.00455195880589102
0.0115209206270214	0.00761186805877689	0.00143485122798224	-0.00747563163021255	-0.02101449072191	-0.0217113028758217
0.0117373720631351	-0.00603591978018737	0.00240484499680824	0.000658752651215086	0.00735417216748332	-0.0116941527329502
0.0108621637758332	0.0163283940841885	0.0212741567721954	0.0267968592715541	-0.0103489883642708	0.0138131945628207
0.0111987609919568	-0.00337887113475632	0.0105017885244455	0.0112962543028367	-0.00283710666796867	0.00103019250679094
0.0130846318317867	0.00975484757024203	0.00692856197550621	-0.00442375568299731	0.00508209097380722	-0.00604559893732499
0.0120695881690563	-0.00610483645542562	0.0161500990025097	-0.0144999418436011	-0.00758799283477862	-0.0254762247182013
0.0133437141844824	-0.000980411556838151	-0.00796906028684621	-0.0116496913839647	0.00580665844651846	-0.00115424558427531
0.0133544504098498	-0.000757682933689627	-0.00782320900497612	-0.0115427760142896	0.0057259050593448	-0.000958146449496577
0.0125081919689133	-0.00577477472390035	-0.00923152462999492	0.00120069628545679	0.00569940944664501	0.0086080343329935
0.0136559466023505	-0.00126061099973227	-0.00841985930071733	-0.00924407892916062	0.00635630385697367	0.000945373479328154
0.0121787193349541	-0.0290677835797825	0.029115851944395	-0.00781239735735754	0.00755638957895904	-0.000676661909524501
0.0120950100543429	-0.00610130250214521	-0.000216931210333971	0.00877235512427843	0.0097792451668043	-0.0065811365749627
0.011943528959579	-0.00749725844410708	0.0135983702353543	0.00119839254786056	-0.0160142794426784	-0.00633443188260771
0.0111036635339741	-0.000893158237892129	0.0134186842680107	0.00286899457408931	-0.00925625437939528	0.00243874145133038
0.0121531861581783	-0.012358745353065	0.0111398293867886	0.00860588915406442	-0.0122955691893061	-0.0103506412214423
0.0114072704685223	0.0104539891303042	0.012445857456445	0.0110030427054055	-0.0189512733536617	0.00631101982021677
0.0133582210722108	0.0378231258411435	-0.0020096571906417	-0.0182300640215322	-0.0104820029614341	0.00192827517950076
0.012209070426925	0.00685550205516489	-0.00186927990783396	0.0063493067445637	0.00407880591729585	-0.00971533650325247
0.0123701748196167	0.00276011982653039	-0.00756953098783436	0.0083280341349351	-0.00585103964642544	0.00084488520930101
0.0119296090642116	-0.0092071969131046	0.00135990504835572	-0.00140579916674975	0.00686779056436269	0.0198394168722683
0.012574238616676	0.0174129932718527	-0.00347357695697839	0.00579190966771101	0.000686255870301477	-0.00979409822317736
0.0122992820977743	0.00609899093436609	-0.00546401100461955	-0.00385933143264559	-0.0126704714729197	-0.00641793355916809
0.0120922835671824	0.0310610333221739	0.00821420078068041	-0.0137438570217188	-0.00336548661729451	0.0218368555635341
0.0150220129846097	0.00699620172305802	-0.0100533012709211	-0.0184881015873506	0.000314595877226804	-0.00664117255985091
0.0149762247648069	0.0054407575009889	-0.00787383379453974	-0.0174376764370216	-0.00196778798767476	-0.0118158657396699
0.0134747270320207	0.00557449157337313	-0.00561232194905394	-0.0107179256256166	-0.00732113525019406	-0.0130109598439812
0.0135435518485113	-0.0070994431235242	0.012974344673989	-0.0185078516694256	-0.0050743005027125	0.00784342386085482
0.0129560176462553	-0.000592583109941841	0.00541610285496957	-0.00109900636896821	0.0165368182524775	0.00735739636529012
0.0137279349996098	0.00242649968584795	-0.00575950169106257	-0.0124453023790463	0.0194907818360655	0.000197010992960296
0.0133835292234227	-0.0254497405290957	0.0203423324025485	-0.0185668644036991	0.00212444168682388	0.00930963460894102
0.0127421740316777	0.00654481822540144	-0.00471524443518709	-0.0092894941921903	-0.0170116595041322	0.00956878307601581
0.0125552763760488	-0.00329435658150396	-0.00995133285219254	-0.012614527978383	-0.00805398332851627	0.0118428150911999
0.0127792786826411	-0.00500368150845269	0.00783973042568614	-0.0152880759402175	-0.0213953223807466	0.0116106696375518
0.0132444887536974	-0.00354164424699284	-0.000971652385671848	-0.0167403775685669	-0.0169148789573998	0.0123543402615156
0.0126525857814576	-0.00595808084296333	-0.0085693467549897	-0.0144146028109541	-0.00244093596524896	-0.00931098085075593
0.0119720973947687	0.00453192028528179	-0.00481362636160022	0.0144420346219157	-0.00270654516333539	0.00808808124549696
0.0123650747121896	-0.00566869625894008	0.00517322664043615	-0.001338000543653	0.00663897072644573	0.0226966773100895
0.0122491232090149	-0.000926876751963141	-0.00552735757894237	-0.00364414157067793	0.00687901810299216	0.0114324061069994
0.0130754969346351	-0.00484994517405423	0.0110314934549835	-0.010163339119688	0.0164127651932304	0.0193423744569739
0.0104842236777895	-0.0118807152273793	-0.00519564540767065	0.00296637280601616	-0.0248127045285587	0.0350363835611653
0.0114329037378346	0.000281677326234346	-0.00277580618335963	0.0097528390905044	-0.00800740138060609	0.0245623735031857
0.0117218394021563	-0.00231622553272095	-0.0093298291757461	-0.00210423872464574	-0.00321314015435031	0.00499969061551802
0.0114615881988335	-0.00796731315344269	-0.0010613755906367	-0.00334777677222731	-0.0177201978713242	-0.011565670581943
0.0138870222691907	-0.0254906884178985	0.00836890732829177	-0.0318847780542299	0.00280094834182303	-0.0210865653207591
0.0124534345746877	0.0123557200619451	-0.0128166157287228	-0.00268680197400539	0.00359635228328352	-0.000634988630194914
0.0109891098889873	-0.00327759098632145	-0.0211465137856535	0.0104617018287569	-0.00122463933818334	0.0131894235123471
0.0112779113555826	0.00122806014665464	-0.0285517631087426	0.00623665416683112	-0.0190698707615775	-0.00492395225941592
0.0123173436734163	-0.00413309655182049	-0.010611348301648	0.00720585658764696	0.0034597096944198	-0.00115473829705148
0.0117539497056749	0.00389424071888416	0.00512860579558084	0.00762435478477327	-0.0219266970011044	0.00125877922191176
0.0115673808686807	-0.00855106560762641	-0.0120315278148029	0.00760112576280123	0.00316837571732861	-0.00446811137623785
0.0120728371257923	0.00560072785293536	0.00934328197256962	0.00969221558705656	-0.0154659821802282	0.00711215277571105
0.0121235734141434	-0.00103348428057333	0.00560831896660736	0.00610521522385596	0.0105109491709209	-0.0139540087500885
0.0118617236329793	0.000376532860801599	-0.00945902277841188	0.00682838477146682	2.39925226496272e-05	-0.00333238986193782
0.0118721509140624	0.00279069338631464	0.00119784520701308	0.00430005446058025	0.0178800653282277	0.00724839728242988
0.0119102025252886	0.00229871781101306	0.00201913118803235	0.00382540298840605	0.0187801064431125	0.00918880143163177
0.0115737537874803	0.00886126635164912	-0.0170756079833369	0.00986203071138189	-0.00472222992972668	0.00709334071516519
0.0116845543862261	-0.0104764439157809	-0.00270080567189487	0.00264891327591614	-0.00331893932493573	0.0201530067792302
0.0127137765772469	0.00115030348057419	0.0173708947987071	-0.00923910050423651	-0.0251986522113894	0.00666686503666867
0.0135788275412546	0.00272966678942614	0.0116568738815434	-0.00858142986804509	-0.00243927943209574	-0.00044706275269279
0.0132230208324884	-0.0117364657501425	-0.00767268702092785	-0.0139363280381815	0.00177198987017369	-0.00981052555827969
0.012929266683114	0.000828045836288782	0.00629288323561952	0.00611365009705859	0.00661134709322638	-0.00464928780971092
0.0113739374388622	-0.00925846244725835	-0.0020780203989679	0.0252094568086137	0.00149942976714818	0.000796296418476476
0.011268526342445	-0.00437078317725523	-0.00749079827498019	0.00128385881064298	0.00141947710998031	0.0190692886455439
0.0114855749544126	0.00427145462066256	-0.0152913825506214	0.00769803510251498	-0.0310735724774118	0.00153082896628846
0.0133142322917022	0.0187446702983872	-0.0274950973510308	0.0102158613678811	-0.0121112452416044	-0.0166040634407625
0.0129920331189059	0.0334311334801305	0.00384428516324076	-0.00894593975252054	-0.00165095337713353	-0.000364790906899044
0.0144947547887786	0.0193448727939865	-0.00797243981970537	0.0015837512990571	0.00762021023112613	-0.0145780520065773
0.0120618777340878	0.0131613119251023	-0.0108648568677768	0.0127274797921424	0.0079587293254348	-0.0141174290485699
0.0113120680776147	0.0127516692211698	0.0123706558241432	0.0217691222930414	0.000378657012391462	0.00744704734638517
0.0112399437967668	-0.00729654648896902	-0.00784906524694127	-0.00904244422660806	0.000723139029186034	0.0189972833638172
0.0106288010101469	-0.0157424157987594	-0.00683831529918059	0.0207185969736016	-0.0093107089733476	-0.00248937994493155
0.0124679944747015	0.0349268146131879	-0.00381662350565031	-0.000956017907678392	-0.00860419430936832	0.00395697601123819
0.0130302949889804	0.0398571232661802	-0.00383090669254167	-0.0108443494168892	-0.0161278882861695	0.00481930269464263
0.0103996378367086	-0.00656366918706409	0.00781787121539526	0.02250369006171	-0.025664931093712	0.0149774432244331
0.0119002588621121	0.0218098649718631	-0.0152904644787198	0.0155333753184195	0.0161092914803759	-0.00894507646968338
0.0107433576810513	-0.00937729268299573	0.00896381357323769	0.0230529810328219	0.00485325448018414	0.00710488136457305
0.010185081759618	-0.0157240612715211	0.0103620719480123	0.0197171728444876	-0.0202626501428448	-0.0105615814682566
0.0123758203977524	0.0112330441383566	0.0195031521746993	0.00356676315993345	-0.0196414236436083	-0.0127304286618104
0.0133230437824888	-0.0181550703820121	-0.00679491934273298	-0.0237836688543324	-0.003812159763126	-0.0216328380363807
0.012318498482296	-0.0105183818947221	0.0116494518355632	0.0039450849456253	0.0180150351564104	0.00565304412464703
0.0134808292000643	0.00713588721228902	0.0205644975523843	-0.0246017473674402	-0.0100070259663318	0.0148567734207932
0.0125461187156979	-0.00385283598242536	0.0229505285925951	-0.00495205281813205	0.00662209784543101	0.011912647763848
0.0149232593014865	-0.00597923454801661	0.00215219799695304	-0.0165590689803907	0.00677443143289962	-0.00962216018978013
0.0148172290860689	-0.00572687213940483	-0.00177994762816882	-0.0129083246322242	0.0188951322283264	-0.00510622576412665
0.0139620611224238	-0.0043714687034229	0.0136908091947961	-0.0150276511563568	0.0158876869245859	-0.0198977484033389
0.0125055377378839	-0.000966952540951782	-0.00615081621763688	-0.00240023491432678	0.0127152927163198	1.19764458944515e-05
0.0122830203008526	-0.0111097151497651	0.0122174940800451	-0.00463812674909971	0.0183743487645262	-0.00283858128805981
0.0117937856480302	-0.00463374845299716	0.00992013382617214	-0.00219246857458578	-0.0193664397631949	-0.0102934103262659
0.0131356993375887	0.00483224246314059	-0.00796175666900144	0.00285506254750613	-0.0121401381291586	-0.0241379835863487
0.0122445941675255	0.0194039140396236	-0.00704171714744327	0.00547395271610357	0.003582787537162	-0.0164136060476884
0.0118575767378498	-0.0117360953743093	0.00371029266882634	-0.00214775669884294	0.0130363406980514	0.000114994546296985
0.0118259609818203	0.00316801687717759	0.00262971885386628	0.00340033689309923	-0.00436884707172609	-0.0063225027934369
0.0118762747681364	-0.0010489904275162	-0.00699167255981698	0.0152950246501544	0.0136489989794785	-0.0396955294124773
0.0125959918311869	0.0142089954410574	-0.00867756452699349	0.00968336388757107	0.0153876458003243	-0.0263822095205299
0.0122278984106559	-0.00699257074099451	0.00269844034751061	0.0114442062731107	-0.00366875914916536	0.00620412254847428
0.0122442642558089	-0.00247012224806462	-0.0028646736732436	0.000668547448820116	0.00412156107995071	-0.0112040356142856
0.0132936699845074	0.000846373392154862	0.00200939851664587	-0.00771045994942759	0.00571744020793844	-0.00607947602508236
0.0126384109322589	-0.00279367807125733	0.00816081594800699	0.00383388737124166	0.00968839124577429	-0.0189854153526519
0.0114050748823198	-0.00187471071851612	0.0081719858892324	0.0167790263960151	0.00214321001867003	-0.00119823680810823
0.0124672717187391	0.0236334757515813	0.00937087183706723	0.0104471996446761	0.0119953001386781	-0.0221036251207584
0.0129105473132041	0.00660752090059245	0.00984672088826791	0.0106157390974379	0.0186358439731831	-0.0011803844955973
0.0138542741426126	0.0232194078005162	-0.0182207328403268	0.00305790547345299	0.0236050244878582	-0.0153476819049524
0.0137572564724692	0.0218876367575582	-0.0162669718219675	8.38592561381267e-05	0.0190736963947537	-0.0160866046869907
0.0137430531359274	0.0250284648737122	-0.00650787557344062	-0.00946766931307197	0.00553414518362532	-0.0116115573866832
0.0130501925048079	0.0271387835850646	0.0028374812136647	-0.00180413840946273	-0.0105634206446657	-0.0193562878279291
0.0127099429990957	-0.000910972767339263	-0.00542770027243269	0.0112574407213	0.00454219493881449	-0.0156154828347118
0.0123926627597121	-0.00651560785567427	0.0072943356964096	0.00533490072736622	0.00970210915185648	-0.0208367532395643
0.0122893004593578	-0.0100150353209977	0.00109833062900511	-0.00763722605003283	0.0143498132255258	0.00715097876248973
0.0115508032689183	-0.0047754337922582	-0.00177274649094058	0.00837953638189997	0.0124995573186353	-0.0146994383879347
0.0127244779174068	0.0258085187785205	-0.00890182703482653	0.00392978258554043	-0.00795482230772498	-0.000187820268792948
0.0109363136999804	-0.00440935741069804	0.007151471766997	0.00517327829845168	-0.00561627333636503	0.00172484277496563
0.0121784206497971	0.0116251398329343	0.00568359304902252	-0.00222805417062951	-0.000493329045329594	-0.0146593634898117
0.0122172178019723	0.0123851944473426	0.00543811777574518	-0.00385768312026286	-0.00203196244371106	-0.0136002623633078
0.0120284639149996	-0.00501598946835807	0.000360075379452207	-0.00693082114837145	-0.0091626370068624	0.010602165416443
0.0142220989296908	-0.0190921190462568	-0.000933201911981174	-0.0142948460111136	0.0117378764377635	0.00908160068039389
0.0127413389598355	-0.00241596742492315	-0.00104362587737102	-0.0198585942093679	0.00596049000748721	0.0196169896889344
0.0122770393832808	0.000325779585262358	-0.00578662368370396	-0.010669554974045	0.00714128399453148	0.019891874010679
0.0133650688091999	-0.00299933455940888	0.00657735735684162	-0.0153965097210161	0.00640174334892833	0.00128474970767278
0.014238182029758	-0.000353992584685296	0.00733956737277601	-0.0138686031895374	0.00323657525212735	-0.0144232676487059
0.0116180867487063	-0.0068225766391951	-0.0099868851278885	0.00306040026028783	0.0116735107469261	0.0124918318874001
0.0122950123471042	-0.00959472495968876	-0.0062856270184696	-0.000381632445527334	0.014090358930701	-0.00990931391021962
0.0115469108510516	-0.00888530790371973	-0.0111742019391263	0.015348938095156	-0.00996939862035163	-0.0038543507589556
0.01132454922247	0.0103340605609735	0.0160431735691073	0.00592620245478065	-0.00691150882990318	0.00766420619364249
0.0118411683183613	-0.00134046372352366	-0.00612371675873358	0.0235513436878372	0.00883024885987933	0.00137625043964169
0.011762040307549	-0.00849579791356997	-0.0101910378339009	0.017113720391449	0.0036432191300735	-0.00408468777381168
0.0126455179272509	0.00686011658906858	-0.00347184123927653	0.00400290865265694	0.00396265354028404	0.00214104028470959
0.0128891102280369	0.0405466213569355	-0.00638349509209021	-0.0180391566196803	-0.0140069278660983	0.000396362515308505
0.0132756625990667	0.0107142039747543	-0.00872596132784424	-0.00395310044449051	0.00979645594327763	0.00506078397316036
0.0127972529286948	0.0200207420186213	-0.00790260511291777	-0.00439040405173293	0.00114699950490695	-0.00775434763840107
0.0123091444549959	0.0205860089128889	-0.00625565382891533	0.00479350214753691	0.0243108062225884	0.00362330776878171
0.0135984681855721	0.00112972881723236	-0.0208836839289142	-0.000595702035753862	0.0102112251277033	-0.0126070046179006
0.0127518250829428	-0.000678963867686112	-0.0205398379508861	0.00642100252192537	-0.0060289425166214	-0.026340494098488
0.0117769368327376	-0.00992116839679106	-0.0145288268609091	0.00445339228105448	-0.00710420704607191	-0.0134673998220811
0.014035261697536	0.00115523298392744	-0.02392315650225	0.0029734613525229	-0.0204265825798874	-0.015119323708556
0.0116171176085904	-0.00758625246891208	-0.00246863876563159	-0.00503324962511867	0.00147890736192321	-0.000865362076176145
0.0120617796748272	0.00167909648429287	0.0147014861318886	0.0199524053891746	0.000584332828979219	-0.0258160339849146
0.011356474237562	-0.000519715135534753	0.00578775481349362	0.0134911440305534	-0.0115701555073457	0.00386791148536725
0.0109263694739576	-0.00440502411930359	0.00958685314632587	0.0103855016804658	-0.000509355965319339	-0.00173223294612288
0.0105261861286904	-0.00342941609115961	0.00942362010494249	0.0211551079746942	-0.0147061587726339	0.00552908300676451
0.013074797666397	0.0172316443097152	0.00923985452292966	-0.0135760623118203	-0.00318803465302852	-0.005625676684418
0.0117268246198191	0.0316114833306973	0.0128764127924571	0.0159278699521794	0.00461493060182894	-0.0239662166524498
0.0131382002306672	0.0195982483178022	0.00113184629873349	-0.00990633227117941	0.00487088128181359	0.00602056793475399
0.0108501947517764	-0.00900059540575703	0.0124134493670983	0.0246379066516954	-0.00567026683252223	-0.00617818978875244
0.0124180721484789	0.000448432878072321	0.00461682398405677	0.00338945040545677	0.00534218442643018	0.00564249381923515
0.0121881835723718	0.00219190549841242	-0.00244468744756068	0.0160421708366341	0.0106227357126846	-0.00228574291808218
0.0131717171222284	0.0312874734712017	0.00359880413905389	-0.0106318731535675	-0.00732438303393893	-0.00252563131494553
0.0135426476200669	-0.00235094903280622	0.0243234550991587	-0.018694894708788	-0.00096983400688797	-4.5178834907466e-05
0.0126985933521235	0.0190435141589882	0.0223581979748841	-0.0142537132833601	0.00259717219949383	0.0123739310999549
0.0117751312830299	-0.00849749268726058	-0.000401725920908582	0.00446899685094504	0.00685727581895266	-0.00662474954170947
0.011392132794712	0.0148130192432586	0.0290114070996323	0.020968967693627	0.00485320229013895	0.00172738981215052
0.011191523156195	0.00220329277131253	-0.000397282776156397	0.0193818865475496	0.0101460225647203	0.00288787839575392
0.0116330793897792	-0.0105918098117489	0.00293776052765199	0.013297082031343	-0.00139464796283283	-0.00274703105691265
0.0114015094936296	0.0054401636489528	-0.00470999604193882	0.0110116932318992	-0.00133257925420272	-0.00197323328620765
0.0116779326416572	0.0197310177861039	0.00309377704534707	0.0135565166904747	0.000105009467764853	-0.00227139224529624
0.0115052512671698	0.0168840359220998	0.00242871235148214	0.017222694400147	-0.00710686059339867	-0.00874188354345709
0.0118928443153613	0.000678600044254052	-0.00744581553815019	0.00429766296000932	-0.013296000442632	-0.00975391594993671
0.011688561027653	-0.00829980261895084	-0.00679454683790663	-0.00319833124479241	-0.0067370188652977	-0.0208811618185452
0.0120578111435479	-0.0160396754050043	-0.000315502180509838	-0.00717521389944902	-0.000296969301916621	-0.0233801769862609
0.0125279694357219	-0.0140717677596085	-0.000573902053781151	0.0015675322852465	-0.000245924851126848	-0.0184260192507341
0.0113226864923732	-0.000304439344092063	0.00747311081326665	0.00917852744364634	0.0125352115732565	0.00881341205150663
0.0113051582462023	-0.00165216422537822	0.00457242593212077	0.00955265749552454	-0.00550626618294649	0.0137862627627863
0.0120459372885104	0.00421703190517927	0.00985068967691526	0.00682285184643886	-0.00410641599960672	-0.00313386595922007
0.0127527796894858	-5.78415350621052e-05	-0.0137128278913232	-0.00451978553213199	0.014904526555976	0.00978148474528334
0.0116859343091388	-0.00157495392533049	-0.00873801681514238	0.00664377195297186	0.00848984207009683	-0.00107345215736198
0.0113439750831029	-0.0140036806966309	0.0182982581245843	0.0161107249913851	0.0100718936294368	-0.00156760766799297
0.0116301562033878	-0.00341718835715063	-0.00511568183673418	0.01773240016437	0.0209274192057181	-0.00749748610380501
0.0116406270297544	-0.00935590678199568	-0.00138809339976065	0.00642461331717168	0.0129827673138893	0.00205871057804334
0.0126504675925514	0.00335248973619318	0.00104680538857709	0.0100960430253759	0.0120338209587823	-0.00881374344176935
0.0120368603871014	-0.00341135588511181	0.0060223285519016	0.00907153212752711	-0.00386521240901008	0.00240489403050747
0.0114890646819163	-0.00183808001447862	-0.0168053939440989	0.0109812557012286	0.0105969072873531	-0.00935212530175456
0.0114982623094733	-0.00172941090068495	-0.0164065971495765	0.0119648299070378	0.00925717981298701	-0.00851052525920083
0.0111751265174511	-0.00377465124755278	0.0108988010390289	0.0191806462806872	0.00286843079815278	0.0229263692566632
0.0131738802569405	0.0171940685663995	0.0106035898173624	0.00127233820498345	-0.00386329866694933	-0.00646162891417157
0.0134933952091233	0.0202023948451216	0.00941935127515805	-0.00746281927816737	0.0128278091392579	-0.00178050679772806
0.0124719262924273	0.00934023938213187	0.00635329238844643	-0.005658311439552	-0.0216258400154354	0.0160977684520708
0.0123104792873535	0.0137287238166224	0.0187280222827317	0.00449713326278141	-0.0168438117265563	-0.00239902690067967
0.0117074982460341	0.0161860237374523	0.0134461234506845	0.0104493467877299	-0.0179253582837623	-0.00563556997423328
0.0146057196294956	0.00176314960504927	0.00650322644097286	-0.0223281849897582	0.0109922948045708	-0.0139082925796316
0.0140466088525458	-0.010767570712973	0.0142620140794957	-0.00778316128212994	0.0200626382036966	-0.0235729632949289
0.0112248008279036	-0.0184775447444307	0.0169911528840317	-0.00934781920569189	0.0251687347395737	0.00636857475212505
0.011451110803214	-0.0178422745337315	0.0173693625469535	-0.0096252977069875	0.0220493870919605	0.0125394346493379
0.0113291985131316	-0.0215305817293633	0.000803491628902714	0.02770504934166	-0.0244827290034427	-0.00713019697172586
0.0129545654754272	0.00730040526971833	-0.00697151998586444	-0.00187868094967543	0.00851546497682879	-0.0172651235498038
0.0127184307217458	0.00940294052394825	0.00332472825002948	-0.00438914518519561	0.00230908411203178	-0.0063726220739239
0.0131313632076888	0.0383279499794485	0.00109756055266813	-0.0152206666169315	-0.00152870488810623	-0.00665019207180385
0.0114996498254029	-0.00846615344476207	-7.27800476280093e-06	0.013726741253336	-0.0114855489162356	0.00841528791699559
0.0115508220499622	-0.00330588571987681	0.00987231354939638	0.00405795677130372	-0.00474811898753657	0.000453960576126143
0.0106745854398015	-0.0107412989593374	-0.000781893272510719	0.0202137747890412	-0.00671501704905822	0.00341235689663267
0.0106338780445893	-0.00502918833975812	0.010307424823031	0.0127169412083281	0.00236743158577885	0.0108022102976252
0.0113655186149448	-0.0104705610375303	0.0203469863264643	0.003578852040138	0.000172908274761109	0.000385492148101669
0.0120705335163774	0.00455170999066999	-0.000857685222804339	-0.000183346185819043	-0.00484999234321952	-0.00131290010429585
0.0132609231801329	0.0367683357808171	-0.00208876946825804	-0.00470643760866447	0.00629885484871978	-0.00419459786930741
0.0115282522343793	0.0144969807207801	0.0172844564796784	0.0152313594490738	-0.0258473767016775	0.00231886311578865
0.01108358471606	-0.00846221280118096	0.01346749280483	0.00961738490468685	0.00433659032147295	0.0159609022241204
0.0118631114403423	0.00317271773158725	0.00741120200378736	0.0138234428743647	0.00756684019717758	-0.0212709177322332
0.0120739408222537	0.00103228268223368	-0.0221936948904266	0.0158807443816479	0.0090400780582909	-0.0323613106268091
0.0122609554385033	0.00341900215534836	0.0026792357760223	0.00675944524865751	0.00846613449149963	-0.0133240268208616
0.0111353005174398	-0.0194279315044454	0.0136966520605753	0.00263501830234745	0.00083691964097804	0.0152602007367489
0.0115802738017547	0.00548239703265477	0.00419503023171647	0.00511726624691634	0.00369410051952409	-0.0106821141190845
0.0117416044604246	-0.00588863789540438	-0.00630366340499483	-0.00987719862773319	-0.0121335230141258	0.0086021472002675
0.0122706182075675	-0.00470140657329192	-0.0025922303239805	-0.0120373753058577	-0.00151427353622071	0.000685619921358679
0.0121910531857731	-0.00453695065498602	0.00800232240492741	-0.00384368450363701	-0.00281484723740051	-0.0151230853402193
0.0128069454125752	-0.000457644123571397	-0.0016736622909155	-0.000616218751091191	0.0264778658614658	-0.0144449244898948
0.011121142816212	-0.0138656213332267	0.010001789694325	0.0105563648794711	0.0114734740228886	-0.000725791585794208
0.0102760645986535	-0.0149477029488616	0.00810414900665777	0.0219814131675333	-0.0188732710798684	0.00465633096999384
0.0123919769736142	-0.00394819445624832	-0.00967852400944952	0.00128560059740234	-0.0158252867263105	-0.0108937273977688
0.0128280789887774	-0.0117214944340705	0.00136091122417325	0.0119336736412173	0.0058235680067971	-0.00337325344429552
0.0130005057648323	-0.0126719934854894	0.0027891984010552	0.0136362672053699	0.00458604126842711	-0.00634490083584311
0.0125783655133355	-0.0162123383833867	0.000215547879759691	0.0158685015755616	0.00482693292951637	-0.00232115156197868
0.0125628421948444	-0.0161052169558195	-0.00154698667654943	0.0172380863593034	0.00601661683478347	-0.0020173165019577
0.0117957530571115	-0.0239963266388704	-0.0073381552965356	0.0242333736810808	-0.00344451344892805	-0.0045563084565894
0.0110535767211218	-0.0155694988998853	0.00999498404871483	0.0102414212032988	-0.0218615190167362	0.0194247403496786
0.0125104060528379	-0.00481877083359113	-0.0123880506014463	0.0106896789591758	-0.0139101304097708	-0.00774010461116206
0.0118740193664538	-0.021195695093443	-0.00311761851519239	0.0232230894112599	0.00110928177697091	0.00153913523474392
0.0118282444054144	0.000536234560818213	-0.013458404927483	0.00416991015896982	-0.0234741586123314	-0.0216595710706217
0.0113877165421441	-0.0202750915356576	-0.00322355796014898	0.0197520401700344	-0.00234102204428761	-0.000426020365188396
0.0116384274929077	-0.0241646446379604	-0.000188287179692477	0.0241717933213305	0.0085472228250839	-0.00558983607808586
0.0105047873487358	-0.0120617708933882	0.00246628518334444	0.00434024515837611	-0.0129174628779412	0.00854339988561069
0.0119477564707884	-0.0198689451436204	0.0147472221399158	0.00139363212330996	-0.00839302198001032	0.0125917832656569
0.0125970065705979	0.00544466990448943	0.0234521321645851	0.000257564521304141	-0.00628902929428696	0.00638068492443336
0.0131298149738025	0.00459454446938852	-0.00201196869797529	-0.00141337390987645	0.0254449715550205	-0.00884861950857061
0.0127019419987437	-0.0311242516125839	0.00702004341815542	-0.0187808744486208	-0.00755661068122642	-0.00636976951389019
0.0128158248153549	-0.00370848725625233	-0.0074675780180007	-0.00764239405733741	0.00163996074300557	-0.0170482105868892
0.0115220741722809	-0.0113886998449465	0.000461382259004729	0.00261036923866331	-0.00297634782361203	0.00530963437315329
0.0120632873519619	0.0150855046557834	0.0186335709364319	-0.000655361933427593	0.0136419484068467	0.0152837884429003
0.0117332018252955	-0.00163529389786172	-0.0124202728927915	0.0038803995418137	-0.00748510186640036	0.0287833104698117
0.0124506212963995	0.00700069509589578	-0.00148991434855555	0.00825099367834536	0.00393884406952302	0.00629685158443322
0.0133612968788432	0.00865202201728486	0.0224856351063721	-0.00903669827965984	0.0165806593614795	0.0121244077482336
0.0118453950500748	0.0129917746222273	0.0103894958468602	-0.0112767335349603	0.0123781879440474	0.0464615732270682
0.0139427227235473	-0.0035968417641391	-0.0208732169791255	-0.0203773144851612	-0.00889417552464902	-0.0183126408562961
0.014869474038955	-0.00705856521123407	-0.00286291964307534	-0.00917750002383431	0.00322768086377359	-0.0168214370391003
0.012857824178409	-0.00178519971966156	-0.0200653082048803	-0.00698642901387136	0.0130700815228356	0.016752669869292
0.0113954445210381	-0.00829804302239063	-0.0158886805009788	0.000436806925507009	-0.0291665582758873	-0.00444888365369206
0.0105981903751888	-0.0115209148546086	-0.0144306420637561	0.0272249377357123	-0.0165473577806879	0.00622951626668106
0.012496434788131	0.00828357749128656	-0.00141339056320555	-0.00331533036864691	-0.00224770046866834	-0.00849919533214417
0.0122486930001484	0.0118722908503481	-0.0116958869334134	0.00275709809654259	-0.016067501854285	0.00564098232266394
0.0129363099458402	0.0141098633955539	0.00892230985107474	-0.00656983355759277	0.00590680250152527	0.00628819442534962
0.0125727185005285	0.0228809603768434	0.017224557120027	-0.00285332128543632	-0.00989407599200258	0.00514561449493618
0.0121860228859571	0.00319272338867053	-0.00343243620525836	0.00371077254811258	-0.00515612630989392	-0.004975907182373
0.0121198175549292	0.00114410527119638	-0.00636045204467024	0.00052399890249876	0.00249289643359178	-0.00640427951884368
0.0119327907256172	-0.0138991767050515	-0.00944611080872212	-0.0124823010774914	-0.0010578994670893	0.0109924868998873
0.0117435252569957	-0.0113439248601459	-0.0192725912799749	-0.00459298741311349	-0.00181994424259613	0.00731605402031844
0.0115595059119322	0.0184852259661255	0.0185241748378798	0.0127838585492436	0.00371073566087072	0.00793036062213121
0.01235532294601	0.0112582713196772	-0.00393073866059333	0.00952035679227808	0.0128090474975848	0.00291883025638727
0.0111940482862555	-0.00622423464821366	-0.00832085950192966	0.0229688690322506	0.00843363536368823	0.010476154678446
0.0117604896858239	0.0039461441434341	-0.00162344169210714	0.0120578845362247	0.00967226363022447	0.00748241128337059
0.0116837612470603	-0.0028290980320503	0.00263336637999188	0.0157284424723482	0.00436734894563753	0.00237343273130796
0.0118018364576244	0.00217312783476215	-0.00365521614837458	0.0203157395680721	0.00625120108574102	0.00792511544970593
0.0129560855305108	0.0145680171107501	-0.0108009178138433	-0.00787335937474456	0.00427325426403756	-0.0242039936519742
0.0109136292068594	-0.0163418476866197	-0.00724449058515574	0.0080731194240766	-0.00932376693944991	-0.0178587344936283
0.0123615319958017	-0.0172126494378187	-0.00437787943064658	-0.015969598247936	-0.00240583613396468	-0.020644055898483
0.0105793307110794	-0.00571841334146709	-0.0172419027521613	0.0274099451040444	0.0232703683048968	-0.00955113527502374
0.0116745468806062	-0.0180499231673963	0.00404421725691556	-0.00699667902171426	-0.00120493265969113	-0.0106924340485202
0.0111981412659334	-0.0146870166481378	0.00750571161096403	0.0149289019163628	0.00149689343339616	-0.00988221783455642
0.0118696854719076	0.00835023577699493	-0.00791392188667099	0.013219531705287	-0.000976960638294386	-0.0024669686284774
0.0127143004000699	0.0105113038137368	-0.00731974538991629	0.0024590816055406	0.00284139268419707	-0.00412744201008521
0.0117586235349591	0.00193368937155442	0.00913609877607831	0.0220974890339545	-0.000137578507394012	0.000671679836466377
0.0115952057264517	0.00452981517860091	0.00961170410640688	0.00996849269836677	-0.00447386589214213	0.0165162271596561
0.012104691493567	0.00166317459153168	-0.000896239209910255	0.00836153127504549	0.0139686592203204	0.000924167228238738
0.0121396540924847	0.0124890845117458	0.00628895147990857	0.0200794254390639	0.00534900777209869	-0.0154221107032532
0.0117722424642538	-0.00464090145789501	-0.00413734575764936	0.00583490466930811	0.00957478947669078	0.00801235592487284
0.0115812828500258	0.0120759558514787	0.0196752489042637	0.0262766609195166	-0.0123668198329961	-0.00524532997823445
0.0133997873856729	-0.000234436863651428	-0.0033829493518975	-0.0330722256237983	-0.00743216526799652	0.0224319363628975
0.0112155582115272	0.00443871881569783	-0.0192450503287523	0.00517688924587722	-0.021818519995818	-0.0293231260664836
0.0128283511907514	0.00230437942294493	-0.0144248915636274	-0.0157165734931975	-0.0397295308933581	-0.02316081629188
0.0128151167758443	-0.0107647307473803	-0.0291192164795785	-0.0119619934672974	-0.0153774923296527	-0.023050052342187
0.0129026107988805	0.00200301485552795	0.00148223142191	-0.0133841163093406	0.00688311254771068	0.0045864983165696
0.012884398528252	0.00589855670211911	-0.0130652352034459	-0.0130436520179983	-0.00544934935974178	-0.00656646478106556
0.0125640354475815	0.00208028226477096	0.00719630574021174	-0.0105165936048991	-0.00716978732272572	0.0143649397922977
0.0107365320863139	-0.00834801132081641	-0.0247788243326834	0.00654638578994725	-0.00308503945082335	0.0204582032526868
0.0109705356462202	-0.00504390958454479	0.000915201146095179	0.00532090066488694	-0.014336355797785	0.0209572299516039
0.0124730979788448	-0.00796972232636576	-0.0142796301181298	0.00762912275681485	0.00110435113942735	-0.0101415736359551
0.0111737314119392	0.0105313279540273	0.015725519474754	0.00797507998327761	-0.0243787403398475	-0.0126002119339308
0.0141461703601552	0.00233222719189272	-0.0210306789474327	-0.0089674370457617	-0.00316898160312179	-0.0134963147518772
0.0121282996486071	0.0101616184856808	-0.000866674810817692	0.00555383450432894	-0.000525354007978721	-0.00623738728907922
0.0116034516622248	0.0148827541522969	0.0172313221083594	0.0145957282831064	0.000195870807327346	0.00679948233131319
0.0134307181033497	-0.00734798873060675	-0.0132826544626634	-0.00202218692177387	0.0132906072491621	0.0107059826994262
0.0132772619264019	0.00291543477711032	-0.0163750441356363	-0.00240059448778652	0.0193062798672486	-0.00950739272614522
0.0130720477783639	0.00582963724655965	-0.00181634964797796	0.00284338580317482	-0.00347392280134867	-0.00749203469669712
0.0130156676413039	0.00580035267484143	0.00307186539610615	-0.00204978112880645	-0.00055007481414207	-0.00466146577283305
0.0130379275606491	-0.00878869796758036	0.00453803968698461	-0.0095813594115787	-0.0084335077205874	0.00915189680317157
0.0120741214055141	0.00588849684974856	0.000603846657462194	-0.00272482787445	-0.00618689483488795	0.00379673163837753
0.0131971510656453	0.0423175776274986	-0.00745271159401608	-0.0120284888504449	0.00438709602885129	-0.00290757697209112
0.0123807124122537	-0.00652218987476126	0.00781363784433843	-0.00228001738872573	0.0086255849706985	0.0148846292151889
0.0123234142674821	0.00143621507539998	-0.00100855870634518	0.0045047256935847	-0.00245297663646094	0.0265646565546106
0.0121596302988311	-0.00573707015463083	-0.00380267369964271	-0.00344138362139821	0.00399447674752331	0.0171321354848857
0.0108387724204823	-0.00686718459905999	-0.0198191367859877	0.00300281268333351	-0.0261347392817717	-0.00465157516502327
0.0119664146521052	0.00140647405831954	-0.00610046855990959	0.000720935641520453	-0.0122600691434314	0.0210483689059763
0.0124710159461032	0.00157681612963944	0.00296949369919729	-0.00193750350791954	-0.00941139343124923	0.00368025532372346
0.0114151334136208	-0.00995694238213419	-0.00671202391907433	0.0161259153754628	0.0120895701370824	0.0149069352518008
0.011595579885303	0.000807953567787743	0.00232120064937971	0.00174164832079235	-0.00825278984302598	-0.00127129470904686
0.0114416685193919	0.00133628144337193	-0.0105855888489031	0.00991310667131905	0.00383614469315378	0.0222981984194972
0.0128949144288476	0.0395603923722503	-0.00808346197871039	-0.0135754787437966	-0.0082810484160146	0.00363822460880439
0.0125247008509811	0.00391824203755583	-0.00414513789979582	-0.00432510189506043	-0.0164781480619375	0.00135471983155889
0.0114749689309874	-0.00200824901875497	-0.0098067548631995	0.00946426311276902	-0.00241906590134028	0.00538610548194143
0.0113339136372916	0.00200029415506908	-0.00748995845169035	0.0101627783803509	-0.0151906338910447	0.010043614535119
0.0117799651497445	0.00887513874549929	-0.0166860790924755	-0.000640668240221483	-0.0159469550553732	0.00769702795503699
0.011023935384559	-0.00327743962537454	-0.00711517027894831	0.00940575105185217	-0.0225711633778733	0.00225329260916697
0.0119494424715635	-0.000783132340403316	-0.00443001320990387	0.00293315435701308	-0.00155934666008728	-0.00120067845639205
0.0125004142518175	-0.00382962986295507	-0.00940950850107799	-0.00749435641040126	0.0118012589020741	0.00420294453818062
0.0124921486182646	-0.0041233122474493	-0.00895420332001047	-0.00733412215819521	0.0121004378930975	0.00626470510127025
0.0122180626879266	0.018301319043206	0.0103824187673207	0.00961582792712231	-0.0010916362358715	0.0104670484942695
0.0131325733951479	0.00997705824544451	0.0156062497415747	-0.00232769884571818	0.00190692584799223	0.00736296384637261
0.0128437626144434	-0.0183975171080572	-0.0119988497402361	-0.00296844125825352	-0.00399897533688348	-0.000437323328028984
0.0139091647782794	-0.0137366924240629	0.00432405183045047	-0.0214078787876335	-0.00933088804610203	-0.00748263420439708
0.0108445374883833	-0.00347128644515326	-0.0094172358359517	0.0146689431352233	-0.020518542972577	0.00358463974811122
0.0119950432654146	-0.00726235153800057	-0.0205889279292661	0.00874868863355106	-0.0075983842119527	-0.0141091063158252
0.0126293704681227	0.0086419310810357	-0.0185998366998742	-0.0106795591055906	-0.0107281930390198	0.00385350847083821
0.0127492420381986	0.00166142230793752	-0.0083737274353286	-0.00215675613188493	-0.00201172816445808	0.00246648453026178
0.0124647913128929	-0.0032059585125334	-0.0100766163261201	-0.0109407199211473	0.00224543660156768	-0.0106298281100996
0.0126265588452813	-0.00313855554405451	-0.0115663302771422	-0.011729642144136	-0.0019619141530985	-0.00819527147861086
0.0119419777244372	-0.00199184509007845	-0.00488597724305534	0.00420597174920347	0.00397450824029914	0.00414107539787971
0.0105748517655014	-0.00464398016340987	-0.00862566627083918	0.0119937667810561	-0.00985663507159869	0.0226086931517304
0.0122693805540129	0.0075068079802341	-0.0154913050073857	0.00168585082220708	-0.00267937200753201	-0.0079093633215429
0.011019880035962	0.016263743186379	0.0231761056965944	0.0233621053189922	-0.0107759486936731	0.0202033877306486
0.0126465588675641	-0.0440368828650788	0.0442549848598097	-0.0216958458407437	0.000919645941943731	0.00702378456525406
0.0119959517881991	0.00285914234899637	-0.012038971036715	0.00137869385547508	-0.0139426378292193	-0.00438092230566531
0.0116561276319209	-0.00075884944500745	-0.0187193533586096	0.00143644847919776	0.0070478510572355	0.0172332664779713
0.0118523890207927	0.000795630705005447	-0.0107456485572761	0.0020042040066241	-0.00902730021804712	0.0169420415146444
0.0118363100564389	-0.00078797932143321	-0.0126608413484265	0.00185717627612806	-0.00772070596767788	0.00618732698227805
0.0123183136720306	0.0169706741302222	0.0156263846739503	-0.0146149088481211	-0.00469847352192576	0.0321187125500156
0.011782454359773	-0.00550159281285093	-0.00964367150250674	-0.00261665114209946	-0.0035376322517263	-0.00504556094424932
0.011847802689573	-0.00576387759419486	-0.00860994819326153	-0.00816684791631313	-0.0084403300076603	-0.00363358482719589
0.0130956471165145	0.00321979172013177	-0.0133587605899839	-0.0101865308784199	0.00283825996940416	0.0119253671142752
0.012058171990238	0.0038062374734955	-0.00121156350999121	-0.00274825234298231	-0.00385258471775335	0.0112574296675697
0.0120857390776062	0.0036315290516541	-0.00126943654284333	-0.00261100288466577	-0.00481427406200148	0.0118250655558704
0.0124758225318852	-0.00603828621266981	-0.0134951092007806	2.68678930008008e-05	0.00752956401481749	0.0152876302549605
0.0119979265734404	-0.00271136157602197	-0.00842659203661094	-0.0022654726405755	0.00603413160418073	0.0084665834484014
0.0114138282100354	-0.0178515634021736	-0.0146516834577379	0.0257414833886751	-0.0214305387962404	0.0129353784007702
0.0121676631914162	-0.0105442888678835	-0.0267836356739206	0.00676893461341416	0.0090097501924983	0.00457009258754054
0.0132076529106809	0.0385895894231421	-0.00479851686355043	-0.010498302026335	0.00603149252746794	-0.00316595666563723
0.0117821913550092	0.0039405561044997	-0.0135673765074368	0.00880768640952093	-0.00954837345060778	-0.0183734593311183
0.0139893768630853	0.047129278543686	-0.0178489416576491	-0.009722720566513	0.0142887896584047	0.00226687008745991
0.011664360762309	0.00830280208591469	-0.0031014909570305	0.0101016588446359	-0.00308550081381736	0.00519488035977026
0.0124065278478721	0.0197511792612881	0.000169775468264332	0.0104525250295838	0.00395884051437675	-0.00652648286621474
0.0118648403911797	-0.00287393046829969	-0.0136846571919901	0.0110468135548666	0.00721446189417957	0.00258043273208603
0.0120703114242598	-0.00299656326166339	-0.00953131302126236	0.0154997318310512	0.00213105397461647	-0.00959990610530024
0.011644961065882	0.000280579633723514	-0.008195152838469	0.0102723205840231	0.0125896847708312	0.00249495173201779
0.0132512879937842	0.0175539379797554	0.00681134444163437	-0.00935921875325469	-0.0057571024258489	0.0037185993491058
0.0124256836091194	0.000566548201011785	-0.00402495711608963	-0.00620690886518094	0.00118878097342644	0.0128372739333813
0.0114545308849653	0.0048736239798504	0.000419170630595947	0.0161451060533172	-0.0175842951535824	0.0141554198770292
0.0118717896511346	0.00473285614126732	0.00657254038325012	-0.00372649536992576	-0.00930707380176935	0.00735422041187829
0.0118059863114634	0.0107905173884035	0.00554620300922018	0.00548955111436815	-0.00569838652214386	0.00147312019976364
0.0114928648865738	-0.00653840670131055	-0.00236229150629772	-0.0109999371742663	0.0156374067348223	0.0130429235232602
0.0114138779742323	0.00346893318637391	-0.0231237663551098	0.00396347011639368	-0.0208007118010681	0.00632721245125988
0.0112624941789797	-0.00590852698845397	-0.015090427396888	0.0199345055012149	0.00456710675616638	0.0242095322709887
0.0115679528728392	0.00759600864495151	-0.0107281253751587	-0.00438070849854785	-0.0144057132183057	0.0139400054571296
0.0120938783727883	0.00199632673871534	-0.00434894701394725	-0.00721535171437945	-0.0130519846510016	0.00606087085907681
0.01031906087686	-0.00863353342065076	-0.0118578505167951	0.0181397651338922	-0.00856990250256134	0.0290302422120253
0.0119124495157816	-0.00867882942535859	-0.0120973265495511	0.00628724340796363	0.00467631841847647	0.00995022638065093
0.0132229824331013	-0.000341417451849062	-0.00996690290201019	-0.00626980520763879	0.0162404856901647	0.000202612865398249
0.0147308501639335	-0.00158339570038894	-7.44446995090678e-05	-0.0134204095291145	-0.0240082608941814	-0.00481252206385823
0.0136555175303022	-0.00391762681401182	0.0116699470065825	-0.0171189275946535	-0.0163712940736645	-0.00475341049513821
0.0133455303257456	0.0114078775088345	0.00800476843132369	-0.02825340732801	0.0066577421781343	0.0118272944485552
0.0133848234087691	0.0107940895439621	0.0101595121052361	-0.0064864572043636	-0.00364408453444688	-0.0010558892220968
0.0122580130590151	0.0100572730801976	0.00527862486031117	-0.00245411948593694	-0.00124640245223551	0.00703017875134964
0.0136029247728071	-0.0148206410185684	-0.00570955043020199	-0.0240668180475761	0.00750704638610324	0.00685288138680316
0.0124310026392876	-0.0120132833251537	-0.00470156070401777	-0.0105806019251828	-0.00338924241669658	0.0112722246455638
0.0117668558357903	-0.00926466677878686	-0.0143687455479659	0.00391825014284596	-0.010638414398686	0.0204943007932942
0.0120313232641965	-0.000437993608557941	-0.0143992168649815	-0.000873097298585427	-0.00795750826857483	0.0260430279073617
0.0123432339410853	2.77952427851385e-05	-0.000705645633350536	0.00376548790763706	-0.00973665370621299	0.00574219741288724
0.0122814813254455	-0.000289686518376427	0.000465082311117271	0.00618734858868328	-0.00129572584442116	0.00112702242745573
0.0123045615612526	0.0043364536246335	-0.0140090721454619	-0.0123335905828742	-0.0021058703409325	0.00143593753857188
0.0114654747103542	0.000796478993350112	-0.0155156113823924	0.00851428386178168	-0.00587408429607911	0.0109258980012333
0.0120940585270136	-0.000725554294292701	-0.0124591429945552	-0.00147307000940024	0.0106581227840217	0.0239797165773696
0.0121346347354461	0.00829069677522704	-0.0141810390139691	0.00228751703937567	0.00315051020398198	0.00262162753602729
0.0134710166810151	-0.00665711297837971	-0.00138341673720603	-0.0131462746267241	0.00556612518036497	0.0085163017582596
0.0120341762598631	-0.00984395041712653	-5.12708130615373e-05	-0.00664051351620296	-0.000259095955569993	0.0240201316133628
0.0132855006890605	-0.00652011618837938	0.00962136988119226	-0.00860133532990431	-0.00293594484499612	-0.00889431842221007
0.0132339133293566	-0.00671383217450274	0.0123398477816895	-0.00941962241805209	-0.00481637780893976	-0.00387040053234959
0.0120045623659599	-0.00143911441821441	-0.000317108074288691	-0.0145770714580573	-0.00997793522070799	0.00799793813137587
0.0115285369676677	0.00805445737224518	-0.00761220518599243	0.00120109496675378	0.00979489274305842	0.0161549056548109
0.0115376661671755	0.00382773467120999	0.0138186341362606	0.0100063188908164	-0.001331520646387	-0.00608076534755786
0.0130914865988418	0.0147229961645552	-0.0114719604930871	-0.00690545086305899	-0.00150598932420192	0.00604709603493164
0.0124291674909625	0.0273293471541667	-0.018354947624729	0.00685629603602437	0.00658998993272992	-0.00238809928064146
0.0124644565317037	0.0258021218256261	-0.0182873008006862	0.00944897788575168	0.00949398509026538	-0.00779369435010218
0.011623855509759	0.0120456524551869	-0.0181502921788594	0.00491415748046053	-0.0306385700232344	-0.00931510057258984
0.0116321042350344	0.0161846499428315	0.011013594850192	0.0173708355444937	-0.0125115873963018	0.0158675325380075
0.0137405722918629	-0.00155838775976555	0.00771297915221835	-0.00703482755838781	-0.0223413019374406	-0.00803044603638874
0.0136265645731773	0.013726651392812	-0.00279650628639295	-0.00675168287867498	0.00576096043268476	0.0034205387745176
0.0117040575807136	-0.0183840617496874	0.0118102742648535	0.00157490180585844	-0.00700139575894252	0.0157944388025501
0.0109817726103833	-0.0262671406470582	0.0239913887372353	-0.00299251850277408	-0.0115484344671278	0.011241377588802
0.0118374627583675	0.00120678190521865	0.00272078901528072	0.00993525783496173	-0.00813863204980808	0.0105150141490658
0.0123856265314441	-0.000764070626738065	-0.0070183461164332	0.00782252084855683	0.0309910692908138	0.00177398045654288
0.0120915470470147	0.000797530412547607	-0.0114905846615251	0.0102532865875322	0.00529214187177832	-0.00223142411219538
0.0120960331927756	0.000512319972926267	-0.0134070855399935	0.0139728176647177	0.00747955766314992	-0.00746687543271347
0.0135424932404322	0.00838828505902324	-0.0153948000620911	-0.000289966309911279	0.00870767770770399	-0.00697412178930073
0.0122090468924465	0.00414206696717842	-0.000566486707920805	0.00223916412792223	-0.00550245185509756	-0.0232103400507012
0.0126693645400581	-0.0108077435321834	-0.00117542207655881	0.00663388270861408	0.00454647301218083	0.00784314483255595
0.012550106583458	-0.00613029603222262	0.000208867859565895	0.0110828501646572	0.0129130565005793	-0.00891079797627553
0.0118974634102249	-0.00505459033653415	-0.0158921136379155	0.00876008634538289	0.0207731513939	-0.00851129936745861
0.0121890594405034	-0.00108346264169206	-4.75034156550329e-05	0.0145387839653319	0.0230277454260197	-0.00111203863000632
0.0130484821308448	-0.0116201211857987	0.00306464343981683	-0.00332700531801315	0.0106062384784105	0.00561344493842486
0.0134286800614464	-0.00527183043321705	0.00236515414357046	-0.000665314284189008	0.0260052054698595	-0.0186236351261799
0.0131814759238577	-0.0247908923401342	0.00881032529786356	-0.00386506768878005	-0.0174039929343375	-0.0240991233969314
0.0129116910080286	-0.0253224211374711	0.0125923314760446	-0.00162366205567605	-0.0182881549544909	-0.0297570362852319
0.0112062758017306	-0.0176293781306275	0.0122120742476161	0.0112891857220309	-0.0381648146429989	-0.0230367564676706
0.0120281984408577	-0.00722230555298281	-0.0160466755001247	0.0195286796623948	0.0222545163238151	-0.00113259244939802
0.0114339143800892	0.00293220008540652	-0.00758275908729069	0.000220077426638652	-0.00417617875450989	0.0024254370379219
0.0126881160960459	-0.00429017105198344	0.0285514174696055	0.00012116724962091	0.00993928301239058	-0.00353160897006659
0.0122087093817945	-0.000937424995156546	0.00300198746933457	-0.00377972448123424	0.00975138960917955	-0.00273076149353968
0.0126285387488698	-0.0129385455041608	0.0181563919601301	-0.00511914608353197	-0.0112366591579008	-0.0106394250564599
0.0131251057376331	-9.47780720888549e-06	0.00462476156467316	-0.0151277376805025	-0.000623175070247279	-0.00154911548765879
0.0130948780523551	0.0117517726148693	0.0178630138616697	-0.012138496616136	-0.00981443876183442	0.00548713128933987
0.0139021700579663	0.00145991778722704	0.0143770371666138	-0.0103244497791668	-0.00251789112681692	-0.0112049876420972
0.0127423545281536	-0.00565351889312043	0.0121347697214159	-0.017142315269989	-0.00762343420670473	-0.00389596756455486
0.0134237200889356	-0.00603560425216825	0.00224427893203671	-0.00133703793767561	0.0160298091242362	0.0103040668088933
0.0127323689954006	0.0084363100285978	0.00663590475849817	0.00157848916466136	0.00631434063277066	-0.0204484218975926
0.0151543431426942	0.000362318601149937	0.021921038549888	-0.0170066168067929	-0.00902888567709842	-0.00798301815263944
0.01208783687572	0.00322156610821693	-0.00989960551464771	-0.00808291507553284	0.00905282292828917	0.00365328562099963
0.0113185429335989	0.00142515583481146	-0.00129539215490737	0.0043305016905166	-0.00341203286502839	-0.0116460736291598
0.0116084649417201	-0.000753085605642487	-0.00323532642424146	0.00875941911770632	0.000848897499872934	0.0103080903744785
0.0113369705854854	-0.00398298325108562	-0.0119739603865402	-0.00259605898968809	-0.0229482008644435	0.0163157668009981
0.0111918868332069	0.0226211584737813	0.0208549732742338	0.0116174946383031	-0.00956027154992083	0.0232231636143649
0.0123272763161832	0.00595787423022908	0.00104642764004077	0.00996837918200095	0.000476669023261708	0.000494293059698345
0.0111004696379598	-0.0157883759335523	-0.0199766433509398	0.0140600197025465	-0.00499390613383474	-0.00547042441666813
0.0116410729660568	-0.0148379649998979	-0.00624078941761641	0.00944251175502514	-0.00485873668848846	0.0111332802431797
0.0115565126606271	-0.00210904783515292	-0.00979526326587132	0.00901969713657137	-0.000328270373950413	0.0116802756323201
0.011539430181903	0.000156156610586295	0.00636118229243453	0.0114730951215676	0.000201737498790149	0.00868562234313386
0.014132734148299	-0.00125185462601004	0.00399396206267504	-0.00169618241628642	0.0121033942294512	-0.0226671475066895
0.0131220792083388	-0.00384031944359513	0.00409999925962935	0.00249440924309707	-0.0039617662398972	-0.00874910969437575
0.0125274731515346	-0.00394773316777857	-0.00770216317396629	0.0108374002191098	-0.00374075867554126	-0.0124662994689798
0.0120361540868215	0.00110740026052747	-0.00249550028783847	0.0121056561677042	0.00231181488265374	-0.0111548147061027
0.0118329314865793	-0.00236193282681317	-0.00467988863954946	-0.00277548755128513	0.00534461127078694	0.00498384778297981
0.0115955648590106	0.00251455545379044	-0.000983064819239837	-0.000621067676582565	-0.00691659665456135	0.000857532514793626
0.012617721640364	0.00839868686331044	0.000384665158493587	-0.00654764545050651	-0.000858946881998978	-0.00216741007592998
0.0124412086549351	-0.00121106477233414	0.00882752517269009	-0.00464380398694519	3.68952323477625e-05	0.0100668831410139
0.011333815897857	-0.0101357414809878	-0.0116989589384522	0.017514407503217	0.00724182801067998	-0.00224920237625678
0.0123667055237905	0.00118803225062043	-0.0149091106962079	0.00812798865568232	0.00313954549021916	-0.0120674670709765
0.012547393709043	0.00490340307233194	-0.000543675657216231	0.0045698677595134	-0.00317970957803567	-0.0206597047557942
0.0131327317998901	0.0072105316906668	-0.00405791142133515	0.0024134637743169	0.015064850943667	0.00837732441901779
0.0112309376255767	-0.00915691797097957	-0.0141090239491386	0.00432231311557603	0.00492541330999989	0.00267927205944435
0.0122078826581082	0.0178261881820919	0.0266414617847397	-0.00304494789984924	0.00228398660560968	0.0115291953628764
0.0124633110831733	0.000394178287572155	0.00844857172076539	-0.00973601239794885	-0.0126948841659837	-0.0100272869738276
0.0120733662348638	-0.00578684018191257	-0.00177948998635241	-0.00408498913018285	0.00633584090833097	0.0200976161335075
0.0118533135040548	-0.00700213156113946	-0.0034049781914502	-0.0044490289344517	2.86347165658987e-05	0.0245338055542499
0.01236435822991	0.00236791217213624	-0.00590960460624277	0.00104172707190789	0.00132559112455625	-0.012846139889541
0.0135576994555969	-0.000712831123230471	0.00451088452953337	-0.00669876001794355	0.00120358486975751	-0.0244640573199324
0.0143849227486141	-0.00492676153402294	0.0134118144795943	-0.00513898263930455	-0.00737995538266652	-0.0236456393298619
0.0119217633749081	-0.010087405893944	-0.00276873584762777	0.0112004976356968	-0.00903031903614793	-0.00722088332803614
0.0103985849694677	-0.0140752751214138	-0.01309106859052	0.0196527506177739	-0.00355829106893775	0.00117003037728829
0.0124064404717633	-0.00469216493221659	0.003126817249677	-0.00314837597633719	-0.00404209968940588	0.00573821873523509
0.0111888550506547	-0.00339059985776728	-0.0216602113158075	0.00887338213526528	0.000393701036336331	0.00488403089760728
0.0121104855775759	0.0134045610102439	0.000376138880488157	0.000283503884255141	0.000173334413564331	-0.00593961123358768
0.0118819326800668	0.00283107278813795	0.00106725785279095	0.00642186901714725	-0.00681970558455298	-0.00190630713271901
0.0136891015102785	-0.00284752367239719	0.00487298242067508	-0.00951920778934766	-0.0164468965748775	-0.00957910065231588
0.0115591607490576	-0.00807179984079475	0.0216462324211471	-0.00704926092506187	-0.0304821931688804	-0.00493187908956359
0.0144478840861898	0.00108595872136238	0.00790838986537766	-0.00873794488494154	0.00061362410116056	-0.019029774147129
0.0113102485012991	-0.0130759637127369	-0.000897192421176089	-0.000262825589107944	-0.00685202182319583	0.00986752780059942
0.0107548764781772	-0.0161667799858804	-0.0139460759080302	0.0310837695314772	-0.0154062431192633	0.00913626954186208
0.012241020411961	-0.00503700714141178	-0.00351286944761441	-0.00751426209396817	0.0112856263648675	0.00205417541772829
0.0131763812790616	-0.00570422388738679	-0.00648939017606345	-0.00580798093681497	0.018020497086094	0.00715830495821381
0.011069332475761	-0.0185231972494536	-0.0123030568800095	0.0344508845300877	0.00579399356745297	-0.00162240582594624
0.0128569554026538	0.004439381239735	-0.00291515346134582	-0.00506392992546237	-0.00122817324348048	0.00430629809805769
0.0127462354557797	0.00482078574745279	-0.00905374713996643	-0.00165869270378188	0.0128438085692548	-0.00908928341121012
0.0128077887126799	0.00189058549607048	-0.00354157392451579	-0.0104715990406313	0.0249199703456833	-0.00599296578793266
0.0120065645755625	0.00456703369589383	-0.000531512911978853	0.0112895650588126	-0.00869111239914447	-0.000757465168348688
0.011968577973033	-0.00794404629188172	-0.00679740659319901	0.00840584476090323	0.0010676728981506	-0.00599358917624382
0.011575380043167	0.0200606503387225	0.0104703331961426	0.015145377727417	-0.0110097521317295	-0.0184930757446855
0.0113761050080919	-0.0159002342459525	-0.00520514366556465	0.0156400894639411	-0.0190261917301043	0.00519553916309647
0.0128192326598353	-0.0106207056701851	0.0305259361470204	-0.00995435782053537	-0.000704818535529331	-0.0155051150316477
0.0114533222305344	-0.0198699053320814	0.000178579683040957	0.0256145768958664	-0.010368327697227	-0.00501391156587928
0.012248868702715	-0.00556885734907005	-0.00181247221569337	0.0131600650616958	-0.00109803086613724	0.00183194245277988
0.0129233424599234	-1.70555178177333e-05	-0.00108950818699077	0.00916520442873695	0.013088469245425	-0.017759402489041
0.0128243766022993	-0.0104896310894646	0.00698917981300536	-0.0078730489739951	0.00590674223845025	0.0155894757054187
0.0126367359661029	0.00398795597966662	0.00743695197315551	-0.0111966180780485	-0.0103801340532724	-0.00375619446801939
0.0104640600801547	-0.0135504970329942	0.0107814381089578	0.0153876248691779	0.00193662972989762	0.0222494271287591
0.0129895237927874	-0.0160157912830922	0.0258944296927928	-0.00763723852962052	-0.0109877945127039	-0.00524014593618853
0.011043868208341	-0.013818413325737	0.00575138182614166	0.023079401397831	0.00329625913133534	-0.00242121031141259
0.0123731326165113	-0.0200278906866625	0.00134806007851376	-0.0132091115199302	0.0153620727861818	-0.0201832867884263
0.0135710880187298	-0.0363991945228467	0.0112475366322139	-0.0298828686696244	0.00208976666893226	-0.0137596920863168
0.0113573820913087	-0.0262061323686534	-0.000335339753420136	0.00796107946605617	-0.0265632153909219	-0.0125093931992062
0.0118606111204032	-0.00667892823759285	0.00588303538782161	-0.00315394220139566	-0.00288235761868908	0.00160559587719813
0.013056976275425	-0.022662308130916	0.0205013031531618	-0.0154876254797303	0.0103393191833184	-0.0317725755444297
0.0128589925930937	0.0150775032529383	0.0134949808760679	-0.0223688647283478	-0.0213219188864255	6.11940183176812e-06
0.0114784795346642	-0.00523506685114827	-0.00356284432214909	0.00870804907832846	-0.00154595891198141	-0.00728750889285133
0.0119586056828723	-0.0249289143758544	0.0100886979910093	-0.010405393790612	-0.00905870056073879	-0.0018418869445557
0.0132336131688655	0.00347479829674488	-0.00972769347788639	0.000719509127531123	0.0207560456413959	-0.0178759982177247
0.013209999969907	0.00823052322558767	-0.00114703817304932	-0.00286471272171881	0.00098139459363699	-0.01958846396992
0.0132835261391351	0.00244104913389953	-0.00460441947626267	0.00372904458813422	0.0185455984244105	-0.00283514947654903
0.0120306124831782	-0.00933939242954232	-0.00798687403077398	-0.0141242346285667	0.0158715276824017	0.00508168023668208
0.0121540454821294	-0.00574517591890436	-0.00729725873213646	0.00377258650455327	-0.00842223914710518	-0.0151597555073083
0.0130336808393601	0.0415912524045214	-0.00354185798901994	-0.021275552297109	-0.0136220652666316	-0.00351448095465531
0.0112880011046234	-0.000304224005396155	-0.000379146145211405	0.00855872215666679	-0.0206000294897887	0.00564216209479854
0.0121252958730266	-0.0146978762792619	0.0140266827607824	-0.0178120968567646	0.00602246308876193	0.0317068715814189
0.0120659964047204	-0.0158872345584445	0.000926386003175858	1.84542737243333e-05	-0.00306939698883514	0.00629578758634642
0.01088148001552	-0.0172665504894838	-0.00399417430738097	0.0341305483967126	0.00355529618715862	0.0134323841613213
0.0141258207604395	0.00807902834697022	-0.00138962529589908	-0.0130066115790624	0.0224815943574961	-0.000973148376005132
0.0137448792931889	0.0172978549666915	-0.00997831031451905	-0.00852838119981293	0.00703283541053867	-0.0118985738070209
0.0115727139429478	-0.00280893365520071	-0.0134135191692632	-0.0108773588251181	-0.0258833705618433	-0.015180532936967
0.0146434266504465	-0.0139361875203565	0.0124588661894806	-0.012277066928592	-0.00880726947635968	-0.0233201020332841
0.0118904602312359	0.0104719221697504	0.0158826780229557	0.00834889592880626	-0.00769351717184346	0.0213896862615882
0.0125637870790347	-0.00254188367445006	0.00949519745311275	-0.00354467348257031	-0.0191464634347607	-0.00731635616329167
0.0120007016593191	0.00191343562401213	0.00353997735670052	-0.00235670152204586	-0.00687300162187359	0.00954127568656116
0.0118989946854031	0.00169064973039082	-0.00650842490297181	-0.000154350652749199	0.00177266907733621	0.0100216773869413
0.0108873570168245	0.000238756893642177	-0.00133186997701393	0.0222658523933971	-0.0240450068647373	-0.0100437236578463
0.0111115509278465	0.00743326586414719	0.019386573257448	0.0148741956849683	-0.0201407769853431	0.0156326506776493
0.0114078145008122	-0.00392984048925397	-0.00946631323696359	0.00812399484034544	-0.0179632892488756	-0.0111247662054236
0.0132277167152829	0.00245523037730994	-0.0141408414574869	-0.00680565165374576	0.00887876916011933	0.00290284586235832
0.0119544558696213	0.0262817112596284	0.0322046506068907	0.0058152221726162	0.00940891139470304	0.0333198951926064
0.0127752180862056	0.0226523355762652	0.0010018750416777	0.00253816417128279	0.00372773664431634	0.0102036174548566
0.0103506432639163	-0.0121258300781254	0.00561373497922634	0.0103312010643679	-0.023534632667758	0.00159801965149931
0.0119208413199593	-0.000821992387861381	0.00164053980489113	-0.00850992488468024	-0.0202514860840801	0.0171936628580275
0.0130748366165688	-0.00197830166219203	-0.00743126079921815	-0.0167919753110627	0.0014908807978531	-0.0131347280446378
0.0128890146600509	-0.00306865624744272	-0.00552507501738727	-0.0151298743904616	-0.00378945325502232	-0.0134830333404972
0.0121335497843989	-0.00386056838754294	0.00468194433807904	-0.000654769087217968	-0.0226735485660443	-0.00578264075648646
0.0117722060855684	0.00268901229619773	0.00469482149444319	0.000288014028042795	-0.0132440393329204	0.00395217615612634
0.0116812993754067	0.00154225644603305	0.00635646591826868	0.00429482115392932	3.93584271567307e-05	0.0143713067935151
0.0118188929770695	0.00149266464460125	0.00555189022296659	0.00463260988838119	0.00288949790827284	0.0127712351621998
0.0114145539549881	-0.00855583111132755	-0.00314470886846236	-0.0118088513954551	-0.00601610011634374	0.0144355789740718
0.0117830636728682	0.00189648386601666	-0.00613143877045505	0.0142690619372767	-0.00978963884965996	0.00677263689658476
0.0116060466012906	-0.000161336934284657	-0.00880585737850204	0.0084928586562976	-0.00596796076300153	0.00579658001224265
0.0133323901207512	0.041630781415182	-0.0106866919719327	-0.0169010116912298	-0.00813853454980977	0.0174284465350017
0.0129757348670909	0.0319425637589669	0.00345792856601294	-0.0134317349404601	-0.017010215410358	0.00827580572487356
0.0109457734078438	-0.00761323655549096	-0.0235832833834192	-0.000455718986414427	-0.0139025867734947	0.0113872241168951
0.0140949834966259	0.00217712029127605	0.00271263736761785	-0.00994592149695245	-0.018440603275284	-0.0124704028428621
0.012629322177706	0.0170313137300984	0.00556655840186286	-0.0176986577169361	-0.0138875606922921	-0.00480220020875158
0.0123100872558743	0.00206185023634454	0.034905068939527	0.00715857389590676	0.00610541096442241	-0.00883645302375287
0.011422787357999	-0.00426306052385219	0.00895350100199822	0.00740114914020784	-0.00467430038059036	0.0076244346573779
0.0124787039285197	0.00275279409133589	-0.0102836290257809	0.00469788060554635	0.00128330546622293	0.007440326263965
0.0139136688070035	-0.006403232903094	-0.00668941058291576	-0.0174878109855994	0.0176383733343829	0.00276254178365025
0.0146469043955682	-0.00637253491441305	0.00136099805058572	-0.0252016334999532	0.0114495143399444	0.00370463112067379
0.013015129445425	-0.0098420197193851	0.00182424236218452	-0.00929419294289046	0.0109493588862324	0.0103301139169203
0.0114514229728594	-0.00460113348967306	-0.000657369483131358	0.01191846968471	0.000889305498426937	-0.00272979836419163
0.011499377686774	-0.0198313113146669	-0.00511397066376427	0.0221627901845968	-0.00569466712424817	-0.00195725153262945
0.0127777376719173	0.000295844304472588	-0.00634590126086076	0.00303573395814255	0.0131981893536371	0.00307659881302999
0.011501459799509	-0.0194874952620119	0.000612548449700579	0.0159295424430934	0.00186724470456733	0.0121263617931584
0.0132379622584858	-0.00659308020075717	0.0013709409678379	-0.00322054650200337	0.0173207554411649	0.00475490224041226
0.0125815079140012	-0.00186731653525502	0.00425690143482481	-0.0105492246070715	-0.00106980717434972	0.0049106459776897
0.012977474591817	0.00263367634909419	-0.000251409816751395	-0.00642378504315691	0.00599791097057277	0.010327065768283
0.012158886591232	-0.0126337822419722	0.00989406412031609	-0.000211439978012543	0.00690903848598313	0.00864574345992971
0.0122010873133995	-0.00985475570680154	0.00229195713980836	0.00107858301918242	0.0115450660337158	-0.000826120787497766
0.0121246756933628	-0.0144759224946716	0.0113679277590212	0.00105298279712852	0.00914397078861371	0.00789448961488084
0.0119236452533278	-0.0177574295107253	-0.00226053561387271	-0.00295825279161588	0.0138544892975564	0.0195261213195657
0.0127850384491774	-0.00174018108577454	-0.00133093746345104	-0.00313876136103134	0.00713215109931253	0.00094394638063543
0.0120149265436456	-0.00225447416573774	-0.00403957241263683	-0.00238672212797918	-0.0138611310928094	0.00311505112170264
0.0109914566824686	-0.00472052209510116	-0.00983787900781276	0.0104647742169578	-0.017845281444413	0.00653379764847978
0.0124440759414535	-0.00418414133126981	0.00853939795510612	0.00146926834038876	0.00922426104790215	0.0106196450416563
0.0126785830118506	-0.00740060044284647	0.0136414015177074	-0.00945091624763666	0.0208394525510597	0.00925718287230218
0.012368642727398	0.00089599014360141	-0.0031922946289768	0.0135925021485996	-0.00399123776501454	-0.00497579230977246
0.0125307796305107	0.00406122015447534	-0.0104240202641518	0.00917428167539683	0.00871187962791344	-0.0108909019830852
0.0125344003781577	-0.000851917415740101	0.00128484424278899	-0.0018788175709274	0.00392818100017762	0.00371681574911709
0.013173619944374	-0.021526732575123	0.01889942824991	-0.00676364653976422	0.011382732416851	0.0105401947896539
0.0121896451093788	-0.00888473245544667	0.00474107708406158	0.00299355664188237	0.00288002914033348	0.0101316629574505
0.0124799336173747	0.0096126144378287	-0.00651166308466726	-0.015492312203102	-0.000695555020425755	-0.00511425830951863
0.0125264822975662	0.00582413199117921	-0.00506530315330395	-0.00285935694056031	0.00649976424734215	-0.0090905588859892
0.0115066433235307	-0.00914996719454879	-0.00314160127352322	0.00755810486782605	-0.0124687137964567	0.00792041804990824
0.0120973419948061	-0.0126995623442956	-0.00183829942240846	-0.00982074176068952	-0.0294104349969248	0.00845367429515468
0.0117109644453891	-0.0111488176209235	-0.0187433249142867	0.00160050991122762	-0.00864333216679882	0.0147768971547362
0.0137310149564375	-0.0255146318963084	0.0171178637085858	-0.0293635327473811	0.00187789320582038	0.0100075658978193
0.0137079898495892	-0.0264687190060507	0.0182470368353205	-0.0296711051031403	0.00183435179679511	0.0110969074733771
0.0133058310956095	-0.00780882217098229	0.00472916766257281	-0.0133331722354439	0.00434557484379808	-0.00510886991713813
0.0128787729343379	-0.003418209469129	-0.00477509673882468	-0.00251317807856671	0.00232432463415953	-0.00761704978518014
0.0116674831854013	0.00989767439449517	-0.0025523171157689	0.00494765221455049	-0.00699865197626567	0.00601873906994338
0.011621133952698	-0.00269695012809214	-0.00690844437730356	0.0059651500518233	0.00401553891569276	0.0245418386267495
0.0114270866505568	-0.00184607926778261	-0.0325605120489154	-0.00345904966880006	-0.0235972802270725	0.00567272186482437
0.0136140676483483	0.00417678893712144	0.00559083125958286	-0.00985736282714092	0.00199142501941666	-0.00466693318577564
0.0125631583038347	0.0037590576888366	0.0328848193522661	0.00380311614420021	0.0166481153650861	0.0196955296417861
0.0128907334036342	0.0081076360548132	0.0249214148252857	0.00168806435766885	0.00660422338389189	0.0263762001001338
0.0121194634030282	-0.0122834365777115	0.0380897322193561	-0.00128048639291664	0.0235373689987279	0.0160113771009371
0.0117947669551331	-0.00463824974992344	-0.00339423059852256	-0.000199540553255952	0.000539822946299961	0.0216256918566244
0.0116428770510622	-0.00934077047140836	-0.00714048023210109	0.0117098386963389	-0.0162679720284512	0.00581369951852071
0.0113464747595983	0.00982658952006141	0.011437152274149	0.00348671916220044	0.0024646440281695	0.00540347029698826
0.0128666269002216	-0.00320279221664923	0.0075131535258634	-0.0144273248956663	-0.0172895209015513	0.00597750882203731
0.0115789841674984	0.00383510937787916	-0.00133782721530521	0.0129811377891354	-0.00939564395904041	-0.0129972007009794
0.011621106146378	0.000558101893716431	0.000988653529622615	-0.00285796691533089	-0.00924998596042198	-0.0127599081004477
0.0140303603576857	0.010568000659828	-0.00499693382257461	-0.0208253480109519	0.00810735110008873	0.00425002720185087
0.011001960939232	-0.00943490654238562	-0.0120863321178033	0.000315577098692686	-0.029828611046574	0.0206211148518687
0.0111844393362325	-0.0178385954600521	3.81196418492921e-05	0.00122127067691133	-0.0235001343713609	0.0135428926613594
0.0122450958219192	-0.000229391498219823	0.00122801033013357	-0.00036206245777705	-0.00532395535441276	-0.00284200626614153
0.0125073184112534	0.00874595253151128	-0.0144638155767788	0.00613516524981794	-0.00391722760544727	-0.00145982591425486
0.0128567296834509	0.0414428137970929	-0.00270853039388095	-0.0156747205926245	-0.0251121366406233	-0.00382215094276836
0.0113713431797243	0.00954169911576582	-0.0124184083800365	0.0020013267112125	-0.000277012144498184	0.00648310957034071
0.0142356190695109	-0.0153110382356762	-0.0034680639054554	-0.0133864259463054	-0.00719286127863968	-0.0309397872912608
0.0129137304087068	-0.0118025847938903	0.00233643916334468	-0.00957136881947362	-0.0243609664190591	-0.0220197254456844
0.0136682141001543	0.0104086548621744	-0.00632084802352865	-0.0158174157707522	0.0101274290989529	0.0068079381799956
0.0125803685637298	-0.0235908464248625	-0.00573263062135563	-0.00464112164667776	0.0210668848220618	0.0105734166195482
0.0124473593541332	-0.00740101617627074	0.00282572290281212	-0.0179226113861765	-0.00119017276850355	-0.00378420233251188
0.0109934409979472	-0.00339112242822337	-0.00101342115600478	0.00525915343855392	-0.0185827908411806	0.00346987441299999
0.0131801421812728	-0.00687089459425089	-0.0196636830494681	-0.00173330009247909	-0.0128970170865669	-0.00157198199954846
0.0120463143995602	0.00391256351320816	-0.0165972927165609	0.00445303822572396	-0.0156480707265252	-0.0128085489492054
0.01286185894761	0.0053816744410648	0.00361136752826664	-0.00215551797230984	0.00697377811217906	0.00266047936800069
0.0130918998427318	0.00438815174372778	-0.000148645013346765	-0.00396779157399769	0.00254104543481556	-0.0116716871972411
0.012344474687528	0.00440173432320613	-0.00123624656020382	-0.00233064712196801	-0.00414891462021689	0.0086319207399548
0.0118829740591437	-0.00852929730292563	-0.00844848655252343	0.00436123324481703	-0.0327624857028905	0.00641002253813177
0.0143188604174465	0.00358637587963296	0.00567079025503937	-0.0117784946906401	-0.00809252579998707	-0.00714355066157427
0.0145561429220046	-0.0195143999682901	-0.019970391753876	-0.0317766650577741	-0.0110797176174605	-0.0151362095819108
0.011135230245655	-0.0127113189660013	-0.00622564175935798	0.0276368678013472	0.00835711238282454	0.000203756973175883
0.0126255633862654	0.00179655140979638	-0.00751590134257186	-0.00404954968351048	0.000205302078660021	-0.00295672708769717
0.0116684537373366	-0.00811391038891928	0.00328899206906091	0.0073818577034292	0.0122619361594331	0.0224163435205987
0.0110405742656879	-0.0143287368639301	-0.00158683813005746	0.00351157574962945	0.0100847453117532	0.00537232460854529
0.0118373014173316	0.00255298331569517	0.00367894412648026	-0.00369358113771895	0.00278849193093488	0.0112693618775557
0.0122952496661517	0.00388171853115903	-0.000442425874180528	-0.00329249652170766	0.00205357484390224	0.0109096522262931
0.0123028607311546	0.0100027132820752	-0.00837243447568751	-0.00651324360260493	-0.0103425869158613	0.00160098005876987
0.0112286768532162	0.0048736385430151	-0.00066622748222551	0.000106068803523226	0.0117292263181774	0.00312393497021925
0.0114030895772842	0.00232176001247259	-0.0238292753921802	0.0130868753753248	-0.0052965849309827	0.00709957755865172
0.0118661231013851	0.0169516011820481	0.0145652463885072	0.00558136929595098	-0.000232590102362465	0.0193685972176648
0.0116736613026135	0.0274297356482572	0.0377068859361781	0.0139284286887283	0.0282107464640154	0.0148790266512822
0.0122048412619304	-0.00327062615717436	0.00543208659850235	0.00104106700996777	0.0071740931144246	0.0017500187679667
0.0116822576199563	-0.00294676866597929	-0.00318730475055461	0.0127476919554795	0.00174825339840583	-0.00344755860448762
0.0128727826076288	-0.00182918576724479	0.00507208313879546	-0.0059467311696536	0.0192604585914387	-0.0110849697020082
0.0123779475489469	0.000429419636438079	0.00255327321082681	0.0094616233591026	0.0105664586687973	-0.0208869987298427
0.0123734837492496	0.00205134097428403	0.0026754106011406	0.00524014032779253	0.00416795469481001	-0.00673983815876628
0.0118068275377414	-0.000178705720163039	0.00844449471055716	0.0200496538180034	-0.0145639909416674	-0.0152230654335624
0.0127369298195658	-0.00454823651563648	-0.00636696946563319	0.0100007658594523	0.00312640724657654	-0.0167861802769997
0.0131412263354145	-0.00360026326476273	-0.000922601203017953	0.000855024892671814	0.00444553872921574	-0.00348872407378366
0.0110140482117268	-0.0250063962888598	-0.00228529255601717	0.0255669413021427	0.0138080631596911	-0.0251931293793361
0.0118450039723216	0.00132737480321738	0.0155040021285773	0.00829859623270508	0.000240996356489248	-0.00629808689423413
0.0116799116269532	-0.00151417344683248	0.0117766239554962	0.0118350319967126	0.00975543118739919	-0.00410018935347462
0.0113024847840858	0.0205287696239326	0.0305584270111847	0.025640474368208	-0.000436516190222985	-0.0215218464709125
0.0129507035372101	0.037705273059141	-0.00324632465655018	-0.0136804829603948	-0.00182030923152339	-0.0026265597314522
0.011826262265183	0.00791137053569736	-0.00157811985748138	0.0132511274393127	0.00553252305007809	-0.0028089292692923
0.0116867705422731	0.000834505460056681	-0.00154700375490834	0.0142945950899224	0.0181866048739098	-0.00111261072621486
0.0122500816973285	-0.0052018584493714	-0.00727317538889841	-0.00148663781036717	-0.0135050558605594	-0.0128974748459108
0.0123317506951891	0.00296431503583713	0.0020603753127031	0.00912228021003844	-0.0187344090471602	-0.0139373092620589
0.0119318670065713	-0.00282632522697382	0.00647129499095965	0.0143495810646236	0.0116387869662369	-0.0121634313025145
0.0128321105722687	0.00936225501966073	-0.0102347370103325	0.0103862276561673	0.0136345176227497	-0.0169363401139681
0.0127523004509818	0.00651719327369685	-0.0131027303989228	0.00170280172665536	0.00548124790598838	-0.0167603707065149
0.0113697273508133	-0.0084012309627344	-0.000766915711012831	0.0111943496649627	0.00889177312992031	0.000856723380541124
0.0120893143372058	0.00461159548890523	0.011878538090736	0.00707309929998421	0.00420951749655975	0.0147301267924558
0.0116422515199163	0.0158638811941025	0.0286258141555751	0.029077137292855	0.00861408846896016	0.0157061808165427
0.0125701167030145	-0.000263545777879775	0.00865685669340648	-0.00806383681240525	-0.0104891384222974	-0.00332430691795948
0.0140946944200019	0.0190415843804714	-0.00359983131598014	-0.00616486256335448	0.00303762791779862	-0.019250309884729
0.0125284081467697	0.0320715446695244	-0.00574771266657093	0.00422150282044376	0.000113585502870109	-0.00677127287072852
0.0117434734705866	0.0220804477983596	-0.0021169295151947	0.0102319227828067	0.00455103226311287	-0.00125506504744729
0.0115683466172678	-0.00190827343167717	0.00987001524515357	0.00992309559462834	-0.00870487930859409	-0.0108106975332954
0.0114964509373449	0.0099846481298726	0.0218998033961786	0.00509197463181583	-0.0113860275666725	0.0112410532316525
0.0135687041553694	-0.0118117486657323	0.0356690049196948	-0.0130989739943632	-0.00913821370171227	-0.0221654849895675
0.0148247864363847	0.00129734800331343	0.0040847590033761	-0.0112266018173598	0.0122651204135642	-0.00558866037681726
0.0137294342448395	-0.0115409088975975	0.0343873908610226	-0.00923637510355822	-0.0133735806469313	-0.0275350670693109
0.0114508300691894	0.00388322009536437	0.000240186144290115	0.0141961609929932	-0.0114971646159065	-0.00473681775515442
0.011100032726325	-0.0177680168220294	-0.0131446235553037	0.0329725074723175	0.0151172784977585	-0.00389799144684088
0.0116869217388211	-0.018923611708952	-0.00491511184839569	0.00476015533798108	0.00402487530827659	0.00930461723778949
0.0129483033701029	-0.0136944678374229	0.0242910783200392	-0.00591651956325215	0.019131851696642	0.00332420352199257
0.0119683743634832	-0.0060805476136392	-0.0100251568151549	-0.00371083177822723	-0.0092236728734649	-0.0168467058157076
0.0124112765993217	-0.00446598862793957	0.0022109781283751	-0.0166619083140528	0.00383767861704024	0.016285657337351
0.0126266923413162	-0.00461169627739944	0.0036360660598513	-0.0178152643070888	0.00424437006185292	0.0120032532395999
0.0128586339742861	0.0058777838744309	-0.0056326459669051	-0.00949584999023314	0.0136331486395287	-0.0107448052545019
0.0126805469949071	0.00408570585914841	-0.00753975819798485	-0.0109113142918572	0.0127631468145229	-0.013513333450982
0.0151424060832083	-0.00745588978905325	-0.00503359252504877	-0.0214485745376142	-0.0243142768639621	-0.0218662629524126
0.0120502610187616	0.00075521345802568	0.0069320937971185	-0.00303838111454883	-0.00165118407037461	0.000495478702723884
0.0120253914148907	-0.00460314004755342	-0.00669663752271519	-0.012921402207097	0.00662843672134887	0.0187414264997664
0.0116419822136202	0.0143254736104432	0.0215277355845263	0.0190723882115935	0.00528444155508	-0.00121542701893954
0.0126998399671221	0.0309664016621748	0.00546705611098598	0.0123269265615971	0.0108029953312929	-0.0165288887389109
0.0122767407746464	-0.0178225024257549	-0.00198892143902136	-0.00577785666256475	0.00877294277570172	-0.00117577240002625
0.0126210605941863	-0.0156056556805439	-0.00450158867704967	-0.00657706919616071	0.00542250607557507	-0.00617110286580613
0.0118366770013869	-0.00327810676915765	-0.0102908167916143	0.00445021846883462	-0.00413370359423938	0.00852189251505982
0.0119911960066867	-0.000291517231341579	-0.011312666672731	0.0172504927800465	0.0173053928014691	0.00362356003767282
0.0117750336319517	0.00542793616791687	0.00191507252950339	0.00699313569428382	0.00411188036816306	-0.0081925480741231
0.012773349759185	0.00562919413083411	0.0100899872037846	-0.00271481938716374	-0.0118653052732466	-0.00757788284248412
0.0125915784172729	-0.0118266308309349	0.00349867340776311	-0.01406411042166	-0.00579569930103261	0.0174812560037337
0.0114894435552747	-0.00250205115292376	0.00146794017053717	0.00879070660477776	-0.00254599281801115	0.0130969025515598
0.011923255750259	0.0113634623957615	0.0104560511461647	0.012258545956658	0.00304195740967681	0.0111048986907832
0.0122405094362973	0.00435211824839235	-0.0021035517340677	0.00175861864211234	-0.000130530894909495	-0.00443013212451238
0.013301723534276	0.00958834366318997	0.00552845292515876	-0.00840368539106329	0.0118513644595012	0.0154655770499006
0.0118858116456592	0.00863858053441755	0.00224502035208258	-0.00522743867238875	-0.0116338014959957	0.00730259969528146
0.0119675107085336	0.00843084097330108	-0.00309764087598305	-0.00559318433518794	-0.0141054380521206	0.0111613190409454
0.0113603411337572	-0.0134331399704414	-0.00935675296184482	0.00848346096756603	0.0219671334256617	0.0187396876428581
0.0117327727084351	-0.000830771923198885	-0.0115770533864267	-0.00654062022387465	-0.0102164089150838	0.0128899712905306
0.0122922998942264	0.00166519678719405	-0.0113136094880948	0.00113738071724971	0.00888346517751999	-0.00571064633817805
0.0119918129240137	0.00691226166170044	-0.0170430768491133	-0.00129117197400217	0.0030650104052138	-0.0108565307846841
0.0130190116280814	0.00619162465928991	-0.015252759127727	-0.0140994821231007	0.0118783672381535	0.00436701539848322
0.0121884810466116	0.014844304221887	-0.0114279109217761	0.00860209359271044	0.0103312855325302	0.00623766807975273
0.0116961185262159	-0.00885033713211046	-0.00900609369351218	-0.00341587876229413	0.0120877448112031	-0.00509028749819958
0.0103944777673267	-0.00941175388560696	-0.0108118202525585	0.016063221689252	-0.00858071918000564	0.0168843421754106
0.012173669054807	-0.0110837600795478	-0.0269579233178971	-0.0196746568516346	-0.0129062066054281	-0.00722936292997376
0.0122634198535887	-0.00990372622869107	0.0113090102200972	-0.00958723677995579	0.00830499145364933	0.000361205244313356
0.0120751595580251	-0.00497207895103022	-0.0125115735595311	-0.00236277331714049	-0.00242560015380739	0.00176932582544762
0.0120203328881589	0.00352051814086883	-0.00733828393658349	0.0145720699654574	0.00490528368240284	-0.00392129605193945
0.0122942809543932	-0.00858303790873447	-0.00747049368646519	0.0031533953032047	0.00958004106990111	0.0125416892377273
0.0116810103086893	0.000329207249145808	-0.0136730638010558	0.0163223904262113	0.00204939777617897	-0.0174694695711938
0.0122138164188831	0.00263777746927679	-0.0128485111230448	0.00463156254127348	0.00581144100267776	-0.0128232274394929
0.0129293944889886	0.00175548027623234	0.00030538382604412	0.00218082869643468	-0.0037115989078708	0.0039854556571743
0.0121924855642877	0.00153285198945537	-0.00244149191637635	0.0142523246279765	0.00846440521853496	0.00293825160546922
0.0119328796645237	-0.00788396927227136	-0.00873648752517671	0.00766787266653776	0.00758865065742144	0.00249806286133051
0.0116349308258829	0.0255879642618503	0.0417572110551984	0.0181876981564872	0.0201340736925003	0.0119497279337947
0.0115515011474525	0.0246124303303828	0.0449507591592403	0.016254508088076	0.020442805377925	0.0068034914878413
0.0122486837454234	-0.00502260344238099	0.00184627918559189	-0.000607726484956512	0.0016649725584238	-0.00174127422051567
0.0123235147359853	0.00150511417395313	-0.00331599801017207	-0.00450494783421965	-1.33005417937287e-05	0.00664975313827764
0.0122228758341886	-0.00140432967530154	0.00349835565436333	0.0106852144506871	0.0182890418854249	0.000703597242884595
0.0121435277785579	-0.000265284582465654	0.00711251872226406	0.0145569135947578	0.0262979894337325	-0.0178811715534091
0.0115577578740805	-0.00475777374439477	-0.0175463255475378	0.0157144020039192	-0.00362462130650071	-0.00408733990390867
0.0127572842319034	0.00473180558283831	-0.0206321750284192	0.00618582748498225	0.00857291973972369	-0.00308199358949308
0.0122428810619651	0.0133756961650617	0.00330655332672395	0.00178866835280622	0.00563221961060931	0.00728831374571643
0.0137116581441359	-0.0218918312289303	-8.18311980908233e-05	-0.034004669928845	0.00728552662396848	0.00901259489562755
0.0123545427023301	-0.00836467539077848	0.0112043814423436	-0.00883304579454182	0.0225291757375434	0.00950631902300799
0.0117174221374437	-0.00757351923266737	-0.00317625041014905	0.000679396790416575	-0.0059797828148218	0.00746658733894029
0.013011695144888	0.0240423783179294	0.00161894331338664	-0.00838131908184461	0.00315677496832329	-0.00973422848606301
0.011331624824764	0.00515261683657717	0.00885781309261001	0.00680639825555223	0.000155849876906612	0.0299744712675382
0.0126352536718915	-0.00744335533528175	-0.00913375587993517	-0.00713328096851612	0.00154477380574994	-0.0200171211513282
0.0134202041118506	-0.017342469157197	0.0238722739058977	-0.00709903638982872	0.019761780881981	-0.00325574795794029
0.012567416600494	-0.0321864041213834	0.0235059113472265	-0.00431483340507303	0.0160656412109156	0.000501722472559279
0.0117733046784706	-0.00749139700244016	0.00353101721775555	0.00969866158452038	0.00845493762855622	-0.000487400194668849
0.0119324051619203	0.0109967818427154	-0.0139052011769464	0.00597293037727873	-0.0246135210801833	-0.0259233627037582
0.010641084783534	-0.00484655091511472	0.0154557387754905	0.0241981749471942	-0.000302695017995365	0.0282095516495897
0.0134139676950217	0.0125801655368359	-0.00462834041489679	0.00312421172375996	-0.00660435225205466	-0.0168915590690784
0.0115304242315136	0.0164975936341164	-0.0118560919053184	0.0154872799832831	-0.0155604149644056	-0.00836820026103683
0.0108925744916921	-0.0132866459775582	-0.00314456611409156	0.00463030307362113	-0.00141907525309615	0.0104428064738371
0.0129122454294287	0.0300136721793312	0.00397946305265925	0.000642840419475024	0.00354212126467101	0.00348628610633791
0.0127614321654043	0.0307187504194946	-0.00210992387840373	-0.00685584122690709	-0.0110954500239328	0.00355722477444268
0.0114019070226492	0.0140180637029792	0.00856387828598525	-0.00263897870701603	-0.00780521527865126	-0.00248993416746095
0.012286499701179	-0.000910049936318822	-0.000719524168457353	-0.00917506954576504	0.00137455606765763	-0.000378345718504506
0.0125327857516425	0.0142912386353068	0.00703925183951201	0.00401519040470027	-0.0122937698375675	-0.0135359056863376
0.0124648332995361	-0.000591530691806946	-0.000908416588807485	-0.00694113456200801	-0.00661102725692909	-0.00491505550723301
0.0135923707052463	0.00777973999204051	-0.0112937354263001	-0.0274383876050567	0.00247224731393878	0.0296853497088221
0.012124901024695	-0.0173431591076217	-0.0125747972619436	-0.0186128971535048	-0.000814595363279255	0.0126830386545649
0.0136721179200972	-0.00819377761448108	0.020450039103459	-0.0102957953313868	-0.000294993841933655	0.00602790509186114
0.0131552647932902	-0.00603417000868602	0.0234904268643767	-0.00890570043793702	-0.0081122166107339	0.0121250254332831
0.0112243935149291	-0.00275629611909757	-0.00208937238381138	0.0169852511582377	-0.00971253843007437	0.0206389463195602
0.0123631163363926	-0.0195962493414459	-0.00670994709863803	0.031946106696498	-0.00431069140691379	-0.00166934944927576
0.0111324025971863	-0.0181311698982516	-0.0126495507577458	0.0192062713755055	-0.00274411670947718	0.010671372347358
0.0124357713536809	0.00713257862304041	0.00929578173048223	0.0144120238169419	0.00964891979150162	-0.00136019984784628
0.01218767103517	0.00875225173719381	0.000586651460599772	0.00884581790502471	0.00135626828818894	-0.021662591480537
0.0129845738103353	0.00804519199333283	0.0148810874623318	-0.00276447346533845	-0.00932970980674968	0.00305384874982816
0.0136667264654311	0.0122890480873871	-0.0115604822633895	0.000389302982400952	0.0279237514658003	-0.0170238819478553
0.0126928468020059	-0.0199212320055072	0.0301888320374194	-0.0229016013096391	0.00730907897798132	0.0134906242871265
0.012040610305596	-0.0178099004608103	0.02175141426418	0.00320002594760183	0.0178958017047907	0.010721805190795
0.0108140215412669	-0.0186003658861437	0.00345922655096546	0.012050629731646	0.00609664271815276	0.0134622332712058
0.00972617576610938	-0.0163248415390226	0.00771802119914422	0.0105163909464685	-0.00196435145149068	0.00811538271398115
0.0105517777250949	-0.0178974102824186	0.0145263548830293	0.0166639299768374	-0.0181752530258536	-0.014935190571945
0.0126824514674041	0.00563858479626036	-0.0192568739888959	-0.00922245761315723	-0.0196272698667443	-0.0322453198697059
0.011306037122551	-0.0193389057918042	-0.000921860527333994	0.0251856497382315	-0.00125225317770119	0.00198375096682965
0.0116483517433259	-0.0251472980481427	-0.00197134446566868	0.0243504011916733	0.00444626281253757	-0.0123543741863093
0.0103028035591175	-0.0186503185903243	0.013652143549471	0.0101830158258248	-0.0262803438805315	0.00600111571092378
0.0100189051568589	-0.0147984967987419	0.00467261221952595	0.0170396189434973	-0.0311239012557796	0.0019970557888174
0.0107410738514456	-0.0116917748577578	0.00115529723217812	0.0125165425882387	-0.00734713475471607	0.00553799106019161
0.0123380935666236	-0.0101178183089827	0.0122796183711939	0.00340210954370472	0.0141206830956385	-0.0152051622242812
0.012679697161054	0.00594697135160053	-0.0179142941270615	-0.0129558281037836	0.00763335311774269	-0.0204679046212145
0.0129125601455265	0.00549759166986801	-0.0266055632485882	-0.00729520186374363	0.00278508200267725	-0.0160014834398738
0.0130478798539953	-0.0158830261979596	0.0064370755701289	-0.00891044604877922	0.0304933510839061	0.00548595245691297
0.0128148634140128	0.00380067581867872	-0.00130021741656242	0.00200463548467717	0.00872035681429996	-0.0216343609483535
0.0117239055283491	-0.0101659670012671	-0.00766700732721231	0.0121893313855484	-0.00551513518763194	-0.0214185317081533
0.0119512501552676	-0.00952022352829272	0.0129766201830288	0.0111034297144918	0.0122401443865802	-0.0130035429539254
0.0131060935505221	0.000447294627657934	0.0185858088610726	-0.0155864052696067	-0.00894056902674807	-0.0108000526673473
0.0105702152051412	-0.0127293403071028	0.0235987968104191	0.0224549206119356	-0.00755052507520886	0.00743039620822127
0.0131681190727423	0.00416184726040258	0.00083889730873746	-0.00408804402637194	-0.00407583322066764	-0.0156617437811673
0.0134522804898775	0.0016514165391318	0.000226000435482231	0.00256989518742765	0.00256007484439873	-0.0154315535557071
0.0133992393629993	0.00127120805352777	-0.000548885637765149	0.00258558750798086	0.00419356943576285	-0.0163337030200371
0.0124331625323395	0.000550259231807077	-0.00844076021962083	0.0145619926848018	-0.00164539223100167	-0.0162041754686536
0.012689623132783	0.00589375629615156	-0.00747740420394351	-0.0097382002245389	-0.00257369135066491	-0.0229874206552036
0.0125990128061493	-0.0142446623405847	0.00212598730324112	-0.0043872212705964	0.0314833210471931	0.00509780493143188
0.0118658445655682	-0.0116686638789773	-0.00241853685564898	0.00599047543018899	0.0223604713958485	0.00100075437457148
0.0115776235515167	-0.0106060083885303	0.00245453840521121	0.0225067554240313	-0.00146981110491299	-0.00844087038636338
0.0104211820009408	-0.0114431929699756	0.0174810994096713	0.0295115982333363	-0.00199764634704396	0.000133278667893123
0.0121650460530473	0.00109954242767948	0.00560844895933515	-0.00202718818231412	0.00641305969016885	-0.00901916971823532
0.0130215418590477	0.00156100267480613	0.011629634912094	0.00208028560884856	0.00537247785613817	0.000960926828934542
0.0130102974219734	-0.00117506395465376	0.00418800969643242	0.000579843156555825	0.00407930176460343	0.00136577123900849
0.0133547921878558	-0.00344039138954177	0.00124766962282242	-0.00331085834422462	0.0158294286654871	-0.00838595960727326
0.0112583607638061	0.00508562346230669	0.0122606269381253	0.0120937166660991	-0.032821809670047	-0.00701057201773573
0.0117580426878117	-0.00372604169293538	-0.0304736935557105	-0.00712579097694719	0.00691218344931189	-0.00230494841101655
0.0123754419277054	0.00544848990812795	-0.0046550110108691	0.00534298185950775	0.00472254166341265	-0.00558272287947145
0.0125279433479839	0.00216962494663127	-0.0151867480506704	-0.0101135632766812	0.00725622385209017	-0.0116672300996115
0.0117209351525509	-0.00616063760430704	-0.00960785516723326	-0.00467610337390566	-0.00327734161898793	-0.00300069759215427
0.0110788827160629	0.0138570725846503	0.021121376667732	0.00733682063085809	-0.00189937432794913	0.0161556385852491
0.0129252289376842	-0.00294437615346666	-0.0102550466933509	-0.00600066860120914	0.0302566299830458	0.00070443059759974
0.0130105196352339	0.000943996875060276	-0.00754727915353955	-0.0134577231102244	0.000167424413484664	-0.00220930312329908
0.0112837778582097	-0.0148900112296017	0.000409076614640901	-0.00367144256747379	0.0116650061851527	0.00249543278006181
0.0116289641614324	-0.00694985251957666	-0.0103820332335732	-0.00321324845104621	0.0109405177292444	0.00660335166518653
0.0109954796806386	-0.00939224723866379	0.00521417223473841	0.00435693695524693	-0.0277671316753573	0.000603205921797113
0.01270459709894	0.0349532488735775	-0.000754287524843644	-0.00933422553833682	-0.00719630791454294	0.00866966979279623
0.0124219575625794	0.0290159943457906	-0.0109635618519899	-0.00309906670263148	-0.0100696013969635	0.00168531067328402
0.0110056699893461	-0.00860289340430878	-0.0353405953964841	0.0114652596715154	-0.013591306645679	-0.00372533102328583
0.0110311349887085	-0.000639981072555266	0.000591582065133987	0.0229255072433528	-0.0187369077450547	0.00146384204566326
0.0121291022141847	0.0175366481833455	-0.022209257812443	0.0101992223300155	-0.017242887988761	-0.0275191684351193
0.0118067985064055	-0.00188476583946268	-0.0126330172421699	-0.00390685762406705	0.00858880921243065	0.00396773333622414
0.0118114262862329	-0.00214208806953495	-0.0120771614040421	-0.00312542854258423	0.00856406819248043	0.00377864347609351
0.0119914090712349	-0.00240608011319785	-0.00954829811009692	0.00608849702296666	-0.00431771058055095	-0.00400870962604894
0.0128709365915213	0.00108787866575186	-0.00559672991631228	-0.00145379739767192	0.00882441831528337	0.0036497060077623
0.0124549667147104	-0.00569007238873893	-0.00808695445559015	0.00702463771946221	0.0211139225367407	-0.00378450236870432
0.0121996195165493	0.00825322297246756	0.00608039730964903	0.0100120729197218	-0.0109088703647387	0.00390709914859327
0.0118272297548534	0.00211354951623847	-0.00102996559178389	0.00335579096767753	0.0125792518541376	0.00983822258613146
0.0119128314224812	0.00279922179249636	-0.0214797050234151	0.0110322935166184	0.00101375029671343	-0.00343534650537704
0.0127194845910145	-0.00904928667538434	-0.0266772453822121	0.0052802049186091	-0.0122942471646166	-0.00350836921544895
0.0123646577462612	0.00481264470006795	-0.00442244015322742	-0.00772167994728944	-0.0199136787034684	0.00165047923570709
0.0113088321702336	-0.00853941779533168	-0.0108317527030369	0.00606999423339477	-0.00759078732287539	0.0134217526769639
0.0130407271844531	0.000863303390108082	0.00816161273909443	-0.00841966072182383	-0.0126901240964155	0.0114866642643377
0.012097347913773	-0.00408444366237996	0.000424695332733074	0.00949375212865072	-0.00405542652677142	0.00505161645483621
0.0122445818181878	-0.00117609574706538	-0.00865890006572194	0.00326699338259136	-0.00590565505344096	-0.00457815419878794
0.0128426837016328	0.0188809925027887	-0.00994977717645512	-0.00595052741485438	0.0180211600141948	0.00619375641639913
0.0125676865547383	0.018046981303497	-0.0110524036822895	0.00667580116683359	0.00481462407097339	-0.0020900152431795
0.0126664235695694	0.0200320386674416	-0.0115672784347444	0.00286956975143958	0.00916198140827379	0.00176481146607765
0.0118289060938531	-0.00273882622159741	0.0153486270087526	-0.00817328190739629	0.00582608721296019	0.0292294546932555
0.0113004371140573	-0.0113158727412768	-0.00478291865675313	0.018501689625088	0.00550133291561966	-0.0167790786429315
0.0125141910473983	-0.00140753840338328	-0.019333193985679	-0.00139198143297349	0.0117737605760197	0.00654001663476052
0.013697987305766	-0.00322683586329634	0.0128500675689036	-0.0273096877023508	-0.011060122769493	0.00162188065554927
0.0125944261170594	0.00453814345227266	0.0029446804662325	-0.0122160077122174	0.00183832174658001	-0.00351927451400092
0.0125677151588154	-0.00568565530877208	0.00374870148251942	-0.00523693260034262	-0.00257415619921175	-0.0220919429419001
0.0134926195081841	-0.0050179261399845	0.00796788211065895	-0.0121316727316792	0.0192435315410429	-0.021500106679294
0.0115609189144486	-0.0119601586387758	-0.0118390961007793	0.000402384198901512	-0.00331409548939394	0.0129476178426128
0.0114721511194824	-0.0119979937864241	-0.0166773003343488	0.00806254769173856	0.00902686074121019	-0.0263494122010337
0.0115395229189767	-0.0140279319130593	0.00371745540477773	0.00786636635125131	-0.00240551190874882	-0.0100554247092376
0.0108874334059789	-0.0108175876809155	0.00214323767996493	0.00752881586195866	-0.00320677167957464	0.000973553533736635
0.0131812747435042	-0.00492510281934944	0.0316787123072385	-0.012305757486129	0.00133677558866256	0.00203163092072344
0.0133394638465885	-0.00239245575714683	0.0288156360152858	-0.0137518125158695	-0.007422238926346	-0.00178796102033566
0.0122264523361097	0.0103666006737109	0.0183417760752257	-0.000529495160695061	-0.00261197209535671	0.0114113629116528
0.0115457227145461	-0.00687312875629712	-0.000923700634289874	0.00763457363952839	0.00672310784343101	0.001101950553497
0.0113501550376882	-0.0176195191693701	0.0155566044740047	0.0174148625215462	0.0114634104798225	-0.00829401343875559
0.0122441348636605	-0.0096592997566966	0.00162018116208094	0.00216263032625359	-0.0201941449867628	-0.0125663829771918
0.0113692502422531	-0.00812945193843314	0.0134122575710344	0.00841552414175059	0.00263678407465597	-0.0147215527032546
0.0113256522135876	-0.00377313862571793	-0.015195714691279	0.0170372530803012	-0.0040090465386706	-0.00592038553301834
0.0106579020648586	-0.0120861014991137	-0.0121628827472709	0.00641495577837031	-0.00114752698799619	-0.0128233475710838
0.0127640318829377	0.00355101519005768	-0.000886940760882785	0.00657411500233458	0.00237003422011206	-0.00351087723078053
0.0131309253900705	0.00194801209178894	0.00495841895359573	0.000181075361424627	0.00131357882876471	-0.0227856896377183
0.0108755849826098	-0.0199898963070438	0.00334914020550569	0.0244915467040655	-0.000948060671040305	-0.000936063823264117
0.0117814154591408	-0.00270092804863219	-0.00601216632373073	0.00136889665067281	0.0017460553772578	-0.0215802541767536
0.0120489298138014	-0.0058093979633233	-0.00393519549646507	0.00975934386162138	3.64010653693203e-05	0.0139028047143418
0.0119676530832843	0.0114595977338715	0.0113976747867569	0.00980379951408626	0.00991974652548648	0.0218337049481337
0.0116638115533507	-0.00161247237415112	0.0115135252920237	0.0124900202366266	-0.0151605482230673	-0.00305273034322949
0.0117747468040119	-0.00100958487270542	0.00965018871484742	0.010128026484062	-0.0194100449409018	0.00241325030068569
0.013002420799788	0.0034695588817664	-0.00209682793005168	-0.000715173374183622	0.00902547756579439	0.00521186043770432
0.0122325919866869	0.00181137131537996	-0.00086809620223694	0.00607712267992944	0.00899579998681672	0.00308347235200902
0.0142714675456876	-0.0031201712126004	0.0125926402493895	-0.0236692661471453	-0.00393252136548406	-0.0128392924882841
0.0120604579485478	-0.000990010983534825	0.000273612167995734	0.00928884817909602	0.0166199989608028	-0.00183245253932629
0.0129245850464631	-0.0022110885883433	0.00657968959448855	-0.00442269232293818	0.0121680873396939	-0.00233404377236204
0.0112271365320829	0.0211078387873217	0.0271636134000186	0.0268434564034723	-0.00485546941780658	0.0134163865064055
0.0118476017309891	0.0136180092435763	0.0158755056369744	0.0119007572055026	-0.00971169349456854	-0.00092815200882941
0.0121338460760454	-0.00404450775949614	0.00811742789797267	0.00725721659473985	-0.00348135980450547	0.018245382566245
0.0121606831941946	0.00332566738134652	0.0123861163475138	0.00523052418359738	-0.0016779897467403	-0.00503638133174462
0.0130238636571647	0.0159509142444212	0.0133438027266606	-0.000887088215602959	0.00965155658116665	-0.0135448581076032
0.0117037193219166	7.56676373023942e-05	-0.0270227489405828	-0.010878698523373	0.00663319689280188	-0.0067840814451576
0.0113361558153358	-0.0169203402462193	-0.00343872374051642	0.00554823829399494	-0.00274301807228924	-0.000744196430844817
0.0139663864652868	-0.00893760709295404	-0.00292212502862356	-0.0194850978648533	-0.0190057929066367	-0.0221274433314485
0.0127700014669801	0.00996773471920316	0.033782463711365	-0.00496891174552253	0.00315621415041091	0.00485113063091884
0.0132680736069864	-0.00604132146639802	0.0363026077342001	-0.00943872325651924	0.000744842055390261	0.0102836891225859
0.0123143600896456	0.00387329062146249	0.00784070082591781	0.0041332240320308	-0.0115896317099562	-0.00250741005794119
0.0120352046556235	-0.0203514158453299	0.0201771481533877	-0.00647048942919342	0.0175954360034561	-0.00327838413783729
0.0120249565819206	-0.00181933743786563	-4.87444521651337e-05	0.0105431731599334	0.000541942788422406	-0.00892798490471685
0.0100435195233413	-0.00880976384549512	0.017237287646742	0.0379328343749632	-0.0197027518867022	-0.0110185530058968
0.0109357325751164	-0.00180655551881834	0.0151005238363541	0.0169708079265824	-0.0287036685176682	-0.00519139467708888
0.0111532086579519	-0.00534579631873236	-0.0120184343570216	0.00267835290449209	-0.00934771237387423	-0.00507915396583158
0.0117057144552717	0.0124037550873546	0.0221511183794161	0.0125905507455716	-0.00916022237656118	-0.00399297081426199
0.0128119140639135	0.0114486886884567	0.00618661424908119	-0.0136961555401902	-0.0280716099104198	-0.00949604615571234
0.0112466199609745	-0.0056964734836031	-0.000529674946200799	0.0146413352009902	0.00912675705141918	-0.00603623675595309
0.011200059229139	0.000741509478272192	0.0183700542892703	0.00860326636815857	-0.0194642454471599	0.00359551903098244
0.011214233963496	0.00135132995160584	0.0150846150993076	0.0126267363634486	-0.00859107875455964	-0.00183964344168603
0.0114654629308224	0.00510925058878368	0.0334039023680727	0.0202982746824095	-0.0132625993871132	-0.0398230502565801
0.0117948531000467	0.0047406413847764	0.0276067067746601	0.0208942792654718	-0.0141716243656201	-0.0301342460512518
0.0117979052002748	-0.0085851981771744	-0.0051043323968108	-0.00223703260844308	-0.0133900140236351	-0.0126528668345566
0.0117576427803817	-0.00200635678405588	0.00918113191379701	0.00574500466561779	-0.0140954557019796	0.00601999852674744
0.0117696485764324	-0.0104781854275813	0.0137712506100514	0.00310835637249721	8.58993273201549e-05	-0.00245928145653462
0.0130806223364375	0.00321305342532973	-0.00493066582687611	-0.00204709981439018	0.0180980160806156	-0.00317736041439406
0.0113250976491318	0.00984277722400735	0.00653333927262159	0.0128541623378327	0.0128601283732135	0.00474688109912382
0.0139912569789565	0.00687853406024645	-0.00311092106518227	-0.00873936177440479	0.000612945638560148	-0.0125784189093343
0.0116698043572489	-0.00910384463712229	0.00227061627799636	0.0048784928073968	-0.0179249631072867	-0.0108879810970392
0.0122127537949802	-0.00406422828653255	-0.00393730267181501	0.00621987883342237	-0.00144149912588726	-0.00221920879147129
0.0127964104150977	0.00519858124890709	-0.00687764847653196	-0.00612732780729565	0.000347465347859595	-0.00678149357453052
0.0121719970713571	0.00859399731850051	-0.0104691137896739	0.0111824305291125	-0.00128962341861783	-0.0169735585190469
0.0128324576881386	-0.00223479000377381	0.00418360107908197	-0.00432309304407154	0.000986628348819016	-0.00603139411728565
0.0116822834246213	-0.00988619546164679	0.00455175059474302	0.00671986396260655	0.0108376122749466	-0.00306406562225764
0.0127126210877856	0.00944090356888858	-0.00833237219618976	-0.0085342678751231	0.00919137081171929	0.00412303146396435
0.0116241116877223	-0.0128166028408865	-0.00745786704483451	-0.00189192323945182	-0.00145908895733549	0.00182021003547858
0.0121838490756935	0.0261379971496537	0.0200582151818666	0.0234597255811134	0.021818999665714	0.0244670442957602
0.0107327023028536	-0.00394734943010105	0.0162450272152476	0.0168554090876349	-0.0253207806345407	-0.000254582508145396
0.0129615796140366	0.0435968931618013	0.0103360152745129	-0.00902667884692246	0.0157065362867139	0.00820499266923601
0.01323940990453	-0.0084010998745293	0.00255596071913477	-0.0122049485306784	-0.00315736186435763	-0.00791342085669154
0.0112959763869934	0.00739505764566323	0.0238529607364459	0.0264550949405055	-0.0134612217789765	-3.09999422160108e-05
0.0117045857499297	0.00472006811548215	-0.0089129648239721	0.00809737883348742	-0.0101045746188199	-0.0140647624453261
0.0119260686307184	-0.0013801005527315	-0.00222424647501851	0.00407166796010467	0.00623967290617792	-0.0163254257429579
0.0105757729769519	-0.0175821754695525	0.00615452301417484	0.00969747504051941	-0.0143195124006767	0.0100531939607558
0.0127521060837432	-0.0253973542312381	0.0121298357922573	-0.00277372113272096	0.0280767044178672	-0.00738587025091289
0.01290404753176	-0.0307669927445707	0.0285888152406638	-0.0098622633094026	0.0228517678097321	-0.00931932935728594
0.0119301252020798	0.017630279167125	0.0261412769385839	0.00760867380589418	0.00912354835381525	0.0141644294603393
0.0123724714538218	-0.021260229757514	0.0182932649131492	-0.0158724439278719	0.0298357356023595	0.00621990302506048
0.0122285482961615	0.0112732572090088	0.00676245342067925	-0.000545013470102699	0.0110795254729675	-0.0127197110390369
0.0121247820285667	0.0110067116401859	0.000488110567788769	0.00488470992959941	0.00677612697082689	-0.00431449077437981
0.0128766134403272	0.0016702696590032	-0.000417905949838997	0.00266086201658155	0.00263695487625366	-0.00763627382946751
0.0107573117433632	-0.00769844686901782	-0.000916665641971373	0.0148913790041629	-0.011603632891606	-3.59572549483208e-06
0.0106716568908852	-0.0139528183008178	-0.0156978423212155	0.0243235772674564	-0.00583831425440423	0.014393422875413
0.0113975230759788	-0.0300126928655802	0.00884214790723968	0.00258377228167317	0.022854593124296	-0.0078973173243092
0.0128690028282591	-0.0137280762643831	0.00733437407831112	-0.010733060661647	-0.00380059267542565	-0.0129103346776215
0.0119298677487173	-0.00245655219762545	-0.00845053411938341	-0.010863982520363	-0.0135637547141026	-0.0193648041717577
0.0115899516685093	0.00438931932564169	0.0235830240236878	0.0125837220196925	-0.00567227919756867	0.0198201815508643
0.0132354263577305	0.0107178416525662	0.00251699311479257	-0.00955735202108984	-0.00620757738593015	-0.00890393540597601
0.0129234855534335	0.0120538818721828	0.0193574364188426	-0.00415092208186049	0.0163819289506768	0.00565729456233935
0.0118831132299575	-0.00191805701270944	0.00432307317131494	0.00473038032218225	-0.0225845596014674	0.0124373633437213
0.0124093148091479	0.0101590338404239	0.0126025328181363	0.0114354239906094	0.00758051069736139	0.0113159876497298
0.0134729331508751	0.0110490660457702	0.0247505648543938	-0.0184550185305454	-0.00654142698761177	0.000588276944375549
0.0116903163101617	-0.00297358108540987	-0.0106761379772467	0.00341247398463845	-0.0111416526226938	0.00205859193431602
0.0114621392635959	-0.0027860178451782	-0.00797239514665232	0.00197591247086464	-0.0183566073829546	0.00554180226327166
0.0128192497251541	0.00489467901333378	-0.0113150806000936	-0.00492035629591226	0.0127263874094992	-0.00453927138551546
0.010783178880194	0.00632908819873581	-0.00589177841448961	0.00393328885627084	-0.00315757046228534	-0.000111544254435777
0.0114417685653129	0.00532190517668773	-0.011656248473672	0.00776000805648142	0.00820474776239028	0.0186371877533378
0.013076821960644	0.000158061326185681	0.0141461249304043	-0.00687743838605135	0.00113985538592871	-0.00934010395047893
0.0132333108783723	-0.00202928404497947	0.0174690129711184	-0.0101840249574184	-0.0109983655160776	-0.0254437657989207
0.0138325991990605	0.0406738006613123	0.00265649730321782	-0.0177454285247975	-0.020248286527145	0.00558276602771346
0.0118565856610737	0.00205702381443931	-0.00638184678485773	0.00762371439078117	-0.0090137722167816	-0.00557122135816129
0.0124712764450175	0.00301141923306595	0.00106832836328135	-0.0144513684089227	-0.000996209109036141	0.0130738319586079
0.0113411089743124	0.0157310344623931	0.0179101035576857	0.018692435427192	-0.0109341253123121	-0.00159090658398433
0.0111410345984026	0.00721888329069992	0.00178986392980979	0.0171527461006512	-0.0146952246802557	-0.00116747178070769
0.0124310767008655	-0.0141795209175857	-0.0125337138456997	-0.0210505600375555	0.00268162085879607	0.0150413562239297
0.0121937288922381	0.000599903610810688	-0.0152393556717544	0.0147794893133015	0.0179565635414725	0.00574345285047068
0.01139619049566	-0.0165019515828806	-0.0192572608020575	0.0237974292715358	-0.0124433427559171	0.0119084669736974
0.0114006154149108	-0.0143520656432036	-0.00949563223320552	0.0278512476849685	-0.0282217066819405	0.00550902189563834
0.0122395641361876	0.00576342775992364	-0.0246651329652949	0.00846677301504683	-0.00866561869398428	-0.00164319220630558
0.0135926442502345	0.00634128414864584	-0.00806689789895	-0.0108216815732536	-0.00705064322680877	0.0145101568593804
0.0118070585665639	-0.00430398332273185	-0.0103307084509727	0.00602270691781039	-0.0188211345553198	-0.00286192992089776
0.0115590507536676	0.00693422103152795	-0.00630154188368603	0.00677564063805044	-0.00412600639546783	0.0129623244673625
0.0118719474838497	0.000723675971130546	0.0115112346146779	-0.00594945906876793	-0.00844784512712144	0.00794574935395251
0.0116481247982887	0.00828687743485876	-0.000313955356172672	0.015174430009745	-0.000131947606103641	-0.00378162165795077
0.0117080962331657	0.020917745976328	0.0239977659566306	0.00238694707070011	-0.00126188663834542	0.0328534641697928
0.0120986131419791	0.0330103150867459	0.0356269363624264	0.0106994349211409	0.0109842452872462	0.0295989615119742
0.0135463591051666	0.043082833259308	-0.0132566449621287	-0.0164788964853522	-0.005498536120978	0.0123852200729197
0.0119113661003141	0.00289367510082887	-0.0102420149098392	0.00404457621663876	0.00620472563390936	-0.0094428200068467
0.0131166635784325	-0.0138077091988693	0.0067162795601124	-0.0229038780265333	-0.0179490881167952	0.000637368204295457
0.0116028782776489	-0.0134495066465449	-0.012822336686415	-0.00486867795446452	-0.0138318578495929	0.00805943665407195
0.0120167144328908	-0.00322869373056535	-0.0121984802417961	-6.93174947946984e-05	-0.00778060726132544	0.00116462789065548
0.0120438836185489	-0.00307113205600613	-0.0129484242629292	-0.00079792354647093	-0.00824635004695775	0.00156710598475113
0.0120843110159795	-0.00391173360030978	-0.00200170481769887	-0.000776939132434241	-0.0126732681471216	-0.000900823146111826
0.0119995212246738	0.00380195927924829	0.0047649837673764	-0.00302310373558755	0.00719583964302173	0.0104963239451176
0.0129868320834431	0.0102360934645538	0.00326602228279789	-0.0124622378160971	-0.0172372299667825	0.0057582954535005
0.0122012699958445	-0.000782218185791841	-0.0148219736935659	0.00275732742097062	0.00976134415227338	0.00288755649045903
0.013346102593934	0.0073802362968017	-0.000293584282930471	-0.0099435136430298	0.0072156742779982	-0.00224692102653695
0.0117992226912663	0.00749925989569534	0.0142952019639705	0.0136342236605101	-0.00756234155039196	0.00521778990951488
0.0122771866132029	0.000939370565494239	0.00483347181277854	0.0076766373330312	0.0250951273740249	0.00942580560289171
0.0119093213293382	-0.000516673281971987	0.0232682154649598	-0.0158975563384427	-0.00607112015794865	0.0124474962333242
0.0135172463546273	0.0125981275629968	-0.00792194033829321	-0.0206831339048805	-0.0157272009807089	-0.0126806290820543
0.0135341155834917	0.00159243475161321	0.0246707745587171	-0.0263828878987147	-0.018065266539539	0.00577301540591643
0.0137606259668846	0.0106870219677792	-0.0049822996324525	-0.00556115685651144	0.0105072161868653	-0.0260218536768561
0.0142388194607055	0.0121686759239005	-0.00543180855032482	-0.0132043980134781	0.00405303731648039	-0.0264212288143179
0.0137751824718817	0.00746477669599785	0.0120108936160524	-0.0185240215074322	-0.0116091658292617	-0.0271136053666834
0.0139863453651151	-0.00679316265478701	-0.0116642881856842	-0.0172918651155529	-0.0117594060650612	-0.0388775713974184
0.0113151456224243	-0.00973573717754505	-0.0100945928996112	0.0208215183070106	-0.0207498564708604	-0.0107203358653639
0.0143216029919086	-0.00372696049527681	0.00994227580527559	-0.0165239630987815	-0.0072824382906653	-0.00305832567024714
0.0144586931257087	0.000577753279537719	0.0128048265797539	-0.0131498159626418	-0.00503454864486925	-0.00352030847652156
0.0112121190194724	0.0145252886659021	0.0472319401610231	0.0253525274615243	0.00965984097131769	-0.00312591826663183
0.011125989991114	-0.0190556312816592	0.00355317841425929	0.0249397499996365	-0.00705673493241837	0.00871276384126368
0.0118840098757661	0.00232681732594841	-0.00443018087428741	0.0113729085857446	-0.0102323745554944	-0.00632867526827322
0.0144586285205597	0.000290026634427061	0.00760869564055788	-0.00893673244887604	0.0058502448106953	-0.018566630068284
0.0116553006052263	-0.0179986957046715	-0.00570747262937679	0.00320385053378213	0.00599132712564639	0.00649453476459146
0.012264225177883	-0.000902430186789708	-0.00466534206341369	0.00646245139246726	0.0205716639152281	-0.0193495667232804
0.0120638217203887	-0.00577829032690004	-0.00563641953456147	0.00598783836131943	-0.00552873828583031	-0.00953893786337777
0.0133763457662803	-0.00526433216030691	0.00319721873405167	-0.0177803708202537	0.0157731759401552	-0.00480302945059431
0.0132635218802021	-0.0165156198548686	0.0248660990608087	-0.0194126603647573	0.000576407500217799	0.00118574962135542
0.0131630650343406	-0.000733079299783088	0.0240418451546505	-0.0136897502811302	0.0196303556547191	0.0146511530735803
0.0112914448756321	0.0224358389103385	0.0255944314526155	0.0296165124378209	0.0101442185460847	-0.0235967759563317
0.0125906155407483	-0.0137510863277712	0.0196793601374801	-0.00643661136603837	0.00596327100477918	-0.00707448008811849
0.0140642713792469	0.0036996988062395	0.00282417419887936	-0.0137274650591511	-0.0124392504673754	0.0135765473816995
0.0116037850874077	-0.00239373094635502	0.00713395357721237	0.0157422555018558	0.000527608443712777	-0.0141755637705483
0.0135091761504504	0.00576038358630207	-0.00349025035299582	-0.0046081801485757	-0.00417725399273885	0.00872013527152475
0.0123755958738103	-0.00105744446237315	0.0107428653502213	0.0107058069823756	0.00342538293284942	-0.00883153107929347
0.0126722899417886	-0.00571659231520347	0.00822513576936431	0.00464118955409437	0.00780428709597696	-0.0125077152432664
0.0112072947674931	-0.00625915744456219	-0.00388011026935258	0.0200180578196807	0.0128000618540662	-0.00747504696542355
0.013208257832262	-0.00671622300393127	0.0301348878214292	-0.00455128831525781	0.00707821369214215	-0.0287672301582664
0.0114862648080011	0.0197745715757722	0.0443783382569773	0.0183333227793958	0.0258118886100891	0.0134643000791734
0.0112785584695009	0.0176225153110016	0.0132860434241481	0.0149604432495894	0.010926464879062	-0.00998310279539812
0.0127280230529422	-0.00700726105039699	0.00306033856047442	-0.0098638775676158	0.00483944506651585	-0.0109053004822344
0.011920204424691	-0.00733275322270892	0.000893679431396499	0.00930011138936023	-0.00599840116109468	0.00102826942246859
0.0107432421935199	0.000326117577552281	0.026066270420591	0.0299380566032456	0.000279552708346613	-0.0186200626893198
0.0109987690381892	0.00796203667755328	0.0172657434020952	0.0118079612343779	-0.00512848469745974	-0.0154357009273217
0.0113837606057332	-0.00366483766969909	-0.00744680201976281	-0.00152253955736492	-0.00963672407634761	0.0188990823563438
0.0130230841165135	-0.0120267397944826	0.00809871737829781	-0.0219442028610892	-0.00984195279813942	0.0170149059690912
0.0124033891029871	0.00688388279353548	0.00752369166169131	-0.00469449561785529	0.00491801943894064	-0.00924812638483205
0.0122061953132884	-0.0219664644741154	0.0222018866770975	-0.0159641977575462	0.011335340929836	0.0203838737658622
0.0119914808846441	0.0319809410554643	0.0284202012340458	-0.000634108314886013	-0.00328570081421691	0.0171246896770372
0.0109263569321097	-0.0219924190352459	-0.00112107626322653	0.00962219562849727	-0.00595278807385328	-0.00278114042557705
0.0111098862352167	0.0219309174870459	0.0522885221947314	0.0172118900994071	0.00123957968333365	0.0193096050711427
0.0128665788368513	0.00649070957126994	0.0275158188452525	-0.0128607248609868	-0.0191063874805983	0.0172179073462553
0.0113349009300572	0.0191694919393279	0.0355836425961583	0.0222510651451072	-0.00885156876718803	-0.0037238898486988
0.0114854782274526	-0.00261520201768454	0.00190329791415809	0.00447707161285542	-0.0135570512575162	0.000401385206005359
0.0114765060318162	-0.00817475763366464	0.00386096419845154	0.0064771469508416	-0.00194032584701294	0.00278555219615923
0.0117157684806944	-0.00665494007690556	0.00932550345313396	0.00162373350933138	0.0125695776683277	0.00894382989212926
0.0114971402472834	-0.00966174452168557	0.00808731628638234	-0.00320325932882026	-0.00201323816822893	0.0193312528622979
0.0113871283567673	-0.0112100146251837	0.00665639393535747	0.00355818339641538	0.000495807040926521	0.00957767796356226
0.0136943929791937	-0.00541175699071736	0.00990701351424944	-0.0146908500515488	-0.00185754526944641	-0.0260440530695959
0.0112518059007201	-0.00725814630098155	0.00237112988400932	0.0123350250552672	0.014930972611722	-0.0061988757153782
0.0131975299385536	0.00682941830921023	-3.74922725144505e-05	-0.0106831570189361	-0.00705678917834275	-0.0113177683765137
0.0115310594286621	-0.00741840332907638	-0.0266924773639446	-0.00167867794855999	-0.0159744669638419	-0.00789207342857093
0.0129704763505504	0.0113462728200454	-0.0113208174710262	-0.00760531514871817	0.0107428298241386	0.00214570939901025
0.0140060690057292	-0.0113030229142795	0.0093921940788723	-0.011696920142921	0.00463388364951929	-0.0136146237137466
0.0121493850611996	0.00360600643535484	-0.0027515624017466	-0.00775059318047051	-0.00513449034920703	0.00791611758833053
0.0138323124673405	-0.0200477191824064	0.0132734486090684	-0.0125877934293151	-0.0276124083669219	-0.0195835649161562
0.0136289215294969	-0.018352315314459	0.0117465632390331	-0.0126317262614169	-0.0322083639943574	-0.0170931478605127
0.0124128300326079	0.000342610827325051	-0.00218035117053567	-0.00413239910274857	-0.00295970415258878	-0.0110302098813998
0.013830865945082	-0.00325961865761897	-0.0133862423974512	-0.00363331827341	0.0131198433394618	-0.028146068728045
0.0132509087756157	0.0389208376809258	-0.00636779308727682	-0.00878185513643332	-0.0115981835145544	0.000185454398079495
0.0112805169256366	-0.00256505442687637	0.00584321136729112	0.0162599227152941	0.00431268366921321	0.0118433418278466
0.0124056201435558	0.00577332741243287	-0.0113777708532043	0.000335397902432119	0.00621135050216638	0.00670755769142339
0.0127034432222693	-0.0123255833024452	-0.00582473520538983	-0.00169420930438948	-0.00391382571587378	0.00854748949055459
0.0113517124952123	-0.0185711532720719	-0.00615234651333799	0.00365470414560442	0.0142406567499871	0.0240687118235063
0.0117836255499824	-0.00233034502534996	0.000422245668692851	-0.000497940613586094	0.00620316019071379	0.00432840007691517
0.0115337354965048	-0.00147025887111286	-0.0125482482022489	0.00293735045580415	-0.0181131599690958	0.0108472724586298
0.0109346009814884	-0.00557848257880607	-0.0107262609796503	0.000879431193536057	-0.0164738894721395	0.0126194627168233
0.0111436227728453	0.00331837072191582	-0.00970232754710937	0.00905248593974712	-0.00503897150827554	0.00247416764805058
0.010397232022532	-0.015859925319313	-0.00732319039976469	0.0330471019463936	-0.0111156183976752	0.0109652892989409
0.0127915953840318	0.00890898826065676	0.00320657309557668	0.00671921518736837	0.00819049027583712	-0.00718317376951371
0.0115323220028803	0.00181022827692698	0.00365642326906157	0.00645853347739779	-0.0262067299637328	0.000191121112832858
0.0114430610681726	-0.00906832918756577	-0.00518907086196728	0.00938379530229718	-0.0134855854084001	0.0184126052365469
0.0119957318156382	-0.000197434223742588	-0.00657851642256904	0.00595611513540557	0.00611016130654078	-0.00592833110062988
0.0113262654765799	-0.0047818789024996	-0.0197185704121192	-0.000207448596929076	-0.0229120257666509	0.00303114365288135
0.0118572810730575	-0.00187109171917562	-0.00780404122823309	0.00613657246244675	0.01793647786823	-0.00347232528771235
0.0124874738236228	-0.00112915021959942	0.000956974082795443	0.00200132457744211	-0.015877991088884	-0.0158032875254406
0.0124374971971302	-0.00434781899984491	-0.0140046643421985	0.000272091079241315	0.00149043673015957	-0.000237491949564974
0.0119763926678569	0.00048323884390994	0.0294761318634688	-0.0122251206478204	-0.040481515766381	-0.00274913667379875
0.0130254726972526	-0.0166759640693867	0.00489085078621512	-0.0279023006896244	-0.00851697236398822	-0.0184812113696697
0.011608278516209	0.00343325322043245	-0.00866636746642011	0.0117638039726397	0.0109827800472376	-0.0235092248364615
0.0110266425859418	0.00779487643227942	0.014342412893018	0.0179507100186959	-0.0158374458725102	0.0153043368929142
0.0120226650421321	0.00438768261903713	-0.0150813242184279	-0.00920367960998373	-9.83276158822519e-05	-0.00152203252915526
0.0127784201524197	-0.000226983742223484	-0.0135542413081135	-0.00712869512108603	0.0117187790293756	-0.0103441732138243
0.0120065365032076	-0.00425896033988139	-0.00868186329468847	-0.00102421900545055	0.00100249939330738	0.00501080493616412
0.0127333090536249	-0.00640417369967456	-0.0243921097948769	-0.00213201367149408	0.0132672603369831	0.00113704239118415
0.0128421273041871	0.0190600089620983	-0.00991727196912808	-0.00661955346656719	-0.016213084669373	-0.0102788823019748
0.012911479226932	0.0404759727787167	0.00132123847858914	-0.0167439552770037	-0.000487540208621157	-0.00882293209705089
0.012567664810344	0.00387855508173809	0.0138656318313659	-0.000280282063874251	-0.0160291962791627	0.00710500322388687
0.0135263046470954	0.000519425214718261	0.0191260726503112	-0.00852884665599165	-0.0060802273859672	-0.0134649679617226
0.0131363600571264	0.0297903080289307	-0.000700475339826022	-0.00765736785932706	-0.00489111070198021	-0.00196449125488637
0.0128715584461563	0.0322332496382892	0.00177830658819813	-0.00983108773613337	-0.0151150774543859	0.00600545485427384
0.0126079651974207	0.0156971061091306	0.0122418348772938	-7.55633349226736e-06	-0.0254951781232558	-0.00799743679147719
0.0110851964508742	0.011982088766979	0.0275477695390566	0.0184668848968258	0.0112945252942195	0.023547568765391
0.0125587395574356	0.00928410244979993	0.0156806072942155	-0.00632762350856774	-0.0209832873445712	-0.00895273727810295
0.0142174157572643	0.00783706525173977	-0.00059531731066072	-0.0154511064005279	0.0219885564913308	0.0113645210540812
0.0109162202235362	0.0158713593251009	0.0226835356985922	0.0294854015537053	0.00569003150522148	0.0221793613291804
0.0110562712185975	0.0146580644720403	0.0292919424680714	0.0215851420770397	-0.0161320781387314	0.0018413669251189
0.0116247028294694	-0.000665341662425213	-0.0102167066034186	-0.00252275612950666	-0.00539432543230228	0.0112841819083028
0.0119198460412536	-0.00528784460015669	0.0018605148954022	0.002784388195739	-0.00121582469846968	0.000325387987707888
0.0119470046792005	-0.00546886337064212	0.00159240370414196	0.00295826508494596	-0.00209918439576014	0.000596380513287136
0.0127349791314274	0.00545087564908869	0.0117723928763641	-0.0105029780728153	-0.0152371336447077	0.000385440838831029
0.0134545006973888	-0.020742646777649	-0.016618055939806	-0.0214868308054224	0.00108301162612325	-0.0225385380961215
0.0118257688708481	0.00512231427506274	-0.012062229428616	0.0106401530482987	0.0162390519224609	0.0100537598038622
0.0127984284672905	0.0210151160833242	-0.00755346642503736	-0.000237076514916082	0.0104907194415294	-0.00415053001782505
0.0145456926888974	0.00232443174748649	-0.0187539390791865	-0.0214732731604858	-0.00288441830864747	-0.0146761863004221
0.0123070640035903	-0.00114133007016471	-0.0143808844003212	0.00349764758586447	0.00122043065131746	0.0157506229920809
0.0121260616848652	0.00592197539479018	0.00881096961740888	0.00243823471309663	-0.0191002182738539	0.0181377219639309
0.0113987482343077	-0.00203821388749653	-0.00318726198626147	0.0111529790010401	0.00516464988549552	0.0164591945690397
0.0122148296924512	0.0033371616940991	-0.0149697990925056	0.00568491550078869	-0.0134122036616909	0.00779276960953364
0.0121560868882846	-0.0010097133408101	-0.00197714937119058	-0.00366146874998347	-0.0143331800028969	-0.00453585684229296
0.0129504917730503	-0.00602264709476921	-0.00381283227964521	-0.00430482863989591	0.00165872068937434	0.00470189295686786
0.0122763040760793	-0.0111224046637765	-0.0169710646909299	-0.0170773555315308	-0.00481808197680167	0.0156604006021495
0.0127812415798959	0.00841343460800454	-0.0067373850647144	-0.00703348404843771	-0.00862279862305644	0.00658883375529539
0.0123558089137085	-0.0058003446008188	-0.00590348956698504	-0.0120131172025829	0.0112146267131607	0.0157427142951849
0.0126619828834015	-0.00818818041439417	0.0150734249778972	-0.0215104168036997	-0.0195358208518334	-0.0144427179106135
0.0130575728069213	-0.0091168001231294	0.0237156484461077	-0.0275735745746003	-0.0230208176851509	-0.0150481058539405
0.0113474882063286	-0.00382191145792261	-0.0136788762374729	0.0148421288721969	-0.00651071003483612	0.0101947117006084
0.0128043213433386	0.00640558868149765	-0.0121660480189172	-0.0128603071044003	-0.00232105751370532	0.00384876457234195
0.0112761441184796	-0.00017194440536606	-0.0107092917356095	0.00892925530715717	0.000500663754183707	0.00289441267999632
0.0122204793653256	0.000511645282055682	-0.00611005419267112	-0.0095907108258471	-0.00488240347485766	0.00061587931653296
0.0135003630954279	-0.00315855866494929	-0.0155706532916478	-0.0271269792902039	-0.00369797062634957	-0.00172556970090402
0.0129072120761813	0.00372737633535464	-0.0108367510730727	-0.0165506812099082	-0.0119601300706869	-0.00459456913333812
0.0120245153152404	0.00565564177028878	-0.0130054352647291	-0.000655948183726679	-0.00622017827117194	0.00636282168513473
0.0114234305931852	-0.0117910454301818	-0.0044512444203461	0.0124855928523019	0.0195374037290453	0.0103245871028482
0.0111392376863841	-0.0122569228003862	-0.0196145102369808	0.0119162050115905	-0.0126123073949705	0.013813823221749
0.0121175234086778	-6.73531060445113e-05	-0.00121794357445461	-0.0024889005047027	-0.0123426596427279	-0.0055798110239035
0.0156218918260368	-0.00680155561268285	0.000952982886225834	-0.0115818028229708	-0.00110657769834905	-0.0208641259489792
0.0158423091843622	-0.00803666638364686	0.00480978849483436	-0.0122732909163825	-0.00238484275829043	-0.0243589620074633
0.0118690133894455	0.00667971621587717	-0.00222294977710736	-0.00202441141388426	-0.0167589199844795	0.00944431743275093
0.012492583795863	0.00141253075245375	0.00383113999548168	-0.00956152972802262	-0.00259978533178345	0.00616326044127321
0.0127425130381538	0.00327872599218553	-0.00127134625241069	-0.00371692072400014	-0.00166191399977098	0.00364072645095638
0.012218837454586	-0.00636748853485855	-0.00643639203133906	0.00421711201286523	0.00116792647807786	0.00325429155560634
0.0121112806862454	-0.00469357190075615	-0.014585051900556	-0.0098145397809419	0.0015044058506214	0.00128791890665201
0.0132266356633047	0.0152386098577571	-0.0153563835517044	-0.00515687940281197	-0.00862608533589984	-0.011607889535796
0.0134288780061958	0.0086702686984553	0.00771918351321825	0.00686979448237823	0.00450164192534958	-0.0102486636444042
0.0116872557539903	0.0076524952316441	0.000380342158125061	0.0103653971847651	-0.013870514476398	0.00310862787381749
0.0124127492772754	0.0137894930964593	0.0131885369925364	0.0172018952170113	-0.00639575740309066	-0.00103393519085926
0.012384527047073	0.0112628389377818	-0.0136714506384849	0.0103332783588707	-0.00204290592677464	-0.00962166371789411
0.0122829860565792	0.00108960246499355	-0.0135983202381769	0.00188810256954049	-0.000644167079947679	0.00368772219817599
0.0110122384135622	-0.0149413467236001	-0.0160589438471565	0.017631630969993	-0.00689794111057393	0.00952058521558732
0.0112703541733483	-0.0135591890065787	-0.0104218601029257	0.0231815885392002	0.00547662379389121	0.00432937582168646
0.0119363462200826	0.00485891075203939	-0.0132722980927722	-0.00988613693595195	-0.0150840630613524	0.00830363442990892
0.0130195511831244	0.0172101168472411	-0.00889429373334013	-0.0122113048678041	-0.00720686026342557	0.014847278609185
0.0129572731937279	-0.0248738395650442	0.00760694122274852	-0.0315437279126777	-0.0147378807274284	0.00601609700011883
0.0120527030120272	-0.0204702425897019	0.0366142309499744	-0.0202109885973636	-0.00913226218958568	0.00966179280392116
0.0108206543744847	-0.00975218098187966	-0.000577687663875294	-0.00383965061609344	-0.0277550167209846	0.0303260843680499
0.0114203695752372	-0.00906348048253893	0.00318147033848299	0.00836915756947323	-0.0210921777939168	0.0110829312542991
0.012039249180605	0.00274004909200162	-0.00871181592865898	-0.00400394753461046	0.00488802478910112	0.0140136523099836
0.0127968272644525	0.0186735191959935	0.00235753533376942	-0.00180670121086488	0.00178625758780616	0.00171454416184519
0.0138148368915318	-0.0145167719663338	0.0174906212677269	-0.00995418731927357	0.0119173274237172	0.00540690943547944
0.0113667569307569	-0.00692565452759765	-0.00484846332460982	0.0105947237163738	-0.00233187691625631	0.0351470668752717
0.0124756181186537	-0.00170765015791848	0.000691977905175085	-0.00124667075547933	-0.0284395522679851	-0.0163105611103987
0.0136340496642516	0.00352006916220399	-0.00452818116306458	-0.0252851747242127	0.00871230003277058	0.0185209440614435
0.0124925331446077	-0.0035397852897668	-0.0105563853053764	-0.000959355147102329	-0.00290898869532454	-0.00991384020054547
0.0123321416968493	0.0100969663033361	-0.000787782633004445	0.00750772057505738	-0.00527992629788252	0.0077192526501967
0.0130176898991224	-0.00418714797682488	-0.0120171646682905	-0.000561020146456768	0.0130599332909595	0.001523340800243
0.0118556874814046	0.0231581508094631	0.0236384803113575	0.0119964171204748	-0.0104421444136044	0.0102154385764032
0.0116801875897954	0.0153453411505215	-0.00151710196590396	0.0067531100484859	0.00390782741685895	0.00654744578883003
0.0132424349146937	-0.0164756619837969	-0.0172673598349135	-0.0295568400693767	-0.0187709905288147	-9.86836580866429e-06
0.013220016269509	-0.0188987051447342	-0.00133528909611554	-0.0283088673653759	-0.0318596212525877	-0.00020392899436771
0.0139852349219148	-0.0154958809756383	-0.00753316294742093	-0.0245234559989884	-0.0122258670415417	-0.014665728186364
0.0131218923215269	0.00547345950987037	0.0110752595701623	0.00354454031991574	0.0184520482377708	0.00322828881071396
0.0158922587318671	-0.019658041953477	0.0243610617931483	-0.019531380047233	-0.00510746983268879	-0.0018221570981367
0.0125080509447407	0.00744238294548151	0.00363914358200998	0.00409238855948595	0.00390057680463611	0.00409219828254344
0.0123726823052571	0.00305960770663442	-0.0132873042905532	-0.00072648357247772	0.00135899534907651	0.00107389153843728
0.0125789759609768	0.0038636221328306	-0.0108677021386529	-8.37741638301751e-05	0.00127421186400482	-5.30004253298608e-05
0.0123510265687309	-0.00867013626737132	-0.0082802821816332	-0.00139993931457059	-0.0144525382570524	0.0110561571999173
0.0125662814662528	-0.00111824193579988	-0.00827167871981276	-0.00830016615712878	-0.00866969608270556	0.0105889629589973
0.0115470894395711	-0.0132635312527199	-0.0325809424302811	-0.00133391996318208	-0.0113839488110765	0.0196810929148343
0.0135324093496257	0.00414779191574339	-0.00545269066347001	-0.0154669264408706	-0.0027006896919552	0.00922861767970674
0.0118234293116749	0.0137535683368306	0.00167468680767241	0.00610129422167072	-0.00417947169451546	0.007832084025535
0.0117595998358663	0.0171259021068524	0.0315780383070726	0.0132382980888818	-0.0158199118125043	-0.00243421959376275
0.011731024152582	0.0144397094615339	-0.0046314492894187	-0.00465919135653813	-0.0227320233308602	0.0351624100638164
0.0113876393902138	0.00646980967420131	-0.024151939151491	0.00784145197477775	-0.00179986809242236	0.00409670746097899
0.01197504112797	0.0162423775856892	0.00071538191117191	0.00890553639678449	-0.0159110989124631	-0.0143972164388774
0.0108756182282338	-0.00548559277643691	0.00272311454375707	0.00796771562244543	-0.0286538925853638	-0.00020871499677635
0.0147928460092763	-0.00515337817049087	0.0102060353596168	-0.0132841949730641	-0.00893744408114669	-0.0352252492426434
0.0128675339635419	0.00239467659107598	0.00694376236307205	-0.00579107184350335	0.00506184219381494	0.00286693710918066
0.0117406387985931	-0.0142008943882126	0.014446361499017	-0.00880666579895113	0.00651114829810526	0.0024125329727071
0.0121245809278107	0.0108297891589576	-0.00643151166101562	0.00561778247802767	0.0106020702968918	-0.00447068006210297
0.0121084384992583	0.00686523172358966	-0.00100990205938042	-0.00655965970925412	0.00254335706114839	0.0148991775774179
0.0126907146249948	0.00261790970498923	-0.0029253941678823	0.00370080433723663	0.0135480079218755	-0.00845494893985233
0.0119504835143675	0.00104458801440833	0.00208712382330673	0.0119911466783863	0.00480254075848614	-0.0098379905421882
0.0121092849717316	0.00544059170366239	0.0117060225021538	0.0215136616433222	0.0129318826653993	-0.0122802512658699
0.0116597104889709	-0.00595748887315836	0.00809963870391072	0.0201638385017701	0.0031981768444555	-0.00547864895933506
0.0115703647781511	0.00857449839053989	0.00987895881731544	0.0218407148508866	0.000688215137701238	0.0112214030198462
0.0119300120116877	0.0150408953087228	0.0145466228490892	0.00936178349276816	0.0141250325873629	0.0112085181305313
0.0115541215339489	-0.0061556381965358	-0.000971358252055429	0.00343646735520784	0.0118075824372037	-0.00430181168840657
0.012016303303872	-0.00257878937675223	-0.00112046257629462	-0.000891299173452073	-0.000976473545195201	0.00664012910593511
0.0129119722925544	-0.0119619411340916	0.003245627484171	-0.0124209146635428	0.0148170462934725	0.0183389473285316
0.0112065583118507	-0.0013543767571757	-0.0230736527543348	0.00570562590282409	-0.00608678047432707	0.00563510054884522
0.012402196468614	-0.00424988728697972	-0.012344742279384	0.00467265241493564	0.00347365102780403	-0.0147976037370405
0.0133759265117692	0.00238486837868137	0.0135618595708351	-0.00663723415323561	-0.00483826037872737	-0.00259686413252906
0.0133780979768708	0.00159920548072729	0.0121708103263357	-0.0105084916434149	0.00140681983701604	-0.00295723653135747
0.0116041183578395	-0.0129424248149183	0.00927840897213307	-0.00485298984517673	0.00400148444621946	-0.00174641626911236
0.0143660952264699	-0.0192913356197859	-0.0102412797717638	-0.0153553396632407	-0.00540455011595577	-0.010002356855593
0.0122458270042627	-0.00735038903553397	-0.0101118023367094	0.00233488715622175	0.0152585368482559	-0.00482768574527305
0.0136296054992352	-0.00932705194629583	-0.0075806317930938	-0.0131422920707268	0.0208027250765847	-0.0157856662826959
0.0131975630024912	0.00849107114691684	-0.0158613742463268	-0.0130842008756051	0.00823503586595134	-0.0143956050362717
0.0111732884434473	0.00640175800167876	0.00674057211893914	0.010293325326017	-0.0214989912745815	0.00952824565996103
0.0117492584442972	-0.00255492382682891	0.00587011667134289	0.0137852015262243	0.0111091617998577	-0.00685197932817868
0.0114436280288957	-0.00244024951545639	0.00547194382414977	0.00561921193503964	0.0132955386375089	-0.000393644571707757
0.0129569630875187	-5.65276478784378e-05	-0.00224860543440743	0.00764866384210148	0.012596989300179	-0.0227765340281708
0.011287243718285	-0.0160088044501445	-0.011875972777576	0.021459809743218	0.0182496264509919	-0.0165303917244805
0.011725808421537	-0.00318197590989213	-0.00421811669378377	0.0150783575873619	0.0102365584049043	-0.0207489731169859
0.0119873307670361	-0.000947294742153893	-0.00999627113571537	0.00517100911774034	-0.000512429513472435	-0.0160639529882222
0.0126393702956055	-0.00346121266924864	-0.021583137779722	-0.00115929822670823	0.00422410703583599	-0.0113423550228321
0.0116034057276517	-0.0105532472163354	-0.0109379337673661	0.00679228156605007	0.00597815696497629	-0.012485022268747
0.0117962225003944	-0.00597012391340657	-0.0111017078316801	0.00384943568463092	0.0181499414318487	-0.0179278845123454
0.012555384767672	0.00268419887056137	0.000719511724169062	0.000777485897433118	-0.000491673735779781	-0.0011579292059319
0.0119160062949935	-0.00976769530812676	-0.00521779182023688	0.0249568493264021	0.00342559096445358	-0.022563434829861
0.0146215454047857	0.0124014288319878	-0.0062795309061331	-0.0109066418932299	0.00635291270484574	-0.00196751781781991
0.0127939889601197	0.0108835566177497	0.00519892335147107	-0.00619229495800504	-0.00270820817901469	-0.00663353798201962
0.0114357800660962	-0.000394326742936545	-0.00574472195537371	0.015418242623301	0.000558981306890228	0.00258954313702263
0.0119111089616473	0.0298161815099394	0.0227155339243109	0.00504714078775274	0.0170791191935625	-0.00926538195966511
0.0118305928997028	0.00994146017113344	0.0191594727549227	-0.00345993842267706	-0.0274396440356002	-0.0101538181463328
0.0122612359179623	0.00472431661272715	0.0126703613797018	0.013667654641365	-0.00647104921062476	-0.00274579762618482
0.0132924675356304	-0.00667023665286651	0.00876760161726962	-0.00237980284604413	-0.0125917695079579	-0.0259526391918497
0.0134232680152136	-0.00886456458852386	0.0188637581320209	-0.0151973970293117	-0.0263628918475274	-0.0203132933899462
0.0136979557030953	0.00172772844033434	-0.00608497272897216	-0.0121427529999718	-0.0055385142225971	-0.0226046750805207
0.0129467586863474	0.00517838635491204	-0.0160213145746964	0.0096815200550063	0.0298688689235031	-0.0138591166465023
0.0138378513487781	-0.00205166752645456	0.0113622769108939	-0.00168313907712457	0.0139346471741395	-0.0222570453084823
0.011294890919565	-0.00865780330078322	-0.0025820057726203	0.0117718150570869	0.00755321986626897	-0.0103331799751378
0.0109944438274929	-0.0152950638131629	0.0151278325468704	0.0131313023169377	-0.00118115983293314	-0.0169640894127609
0.0119008504061903	-8.87722055911639e-06	0.0155752299400051	0.025717992935675	-0.00976592810140591	-0.0216592385801493
0.0115934163590631	-0.0151522839247098	0.00921950774573391	0.00863391678822617	-0.00931263130090767	-0.00792984822138681
0.0107671576721774	-0.0229398415654569	0.0100723321070489	0.0232275089376196	0.00908784308266572	-0.0089272571380842
0.011708708493158	-0.00596893542248768	0.00114265831723626	-0.000886636665605984	0.0080871449614719	-0.000491634200276652
0.0113976065960591	-0.01477582100307	0.0145873338349588	0.0185838215387527	0.00641923537641527	-0.00202641950524817
0.0118867622101392	-0.0148870026368051	0.00990105155638746	0.0212024781941258	-0.00631970888400556	-0.00692331204971376
0.0115766127718137	-0.0126446686320756	0.00291494731419905	0.0153025266415871	0.0169666969607973	0.00207710253304947
0.00755191360543326	0.00190139661730655	-0.0168031404430594	0.0351576544814265	0.0807552944018452	0.00261670918826801
0	0	0	0	0	0
0.0086009860352284	-0.0148482055142304	-0.0208437499850743	0.0224903385252924	0.0159188221323429	0.0123114596937653
0.00886677420912727	0.0033917302009674	-0.00877602140779083	-0.0318886587415055	-0.0120129305464841	0.0290568786703073
0	0	0	0	0	0
0.0109899542950604	-0.0087173251960182	0.00938245869351944	0.00415535088012707	-0.00954318646312433	0.000891376592330247
0.00991477506304693	-0.0174264455429279	0.00319434133984706	0.00987100228559959	-0.0236788728148902	-0.00099482999664272
0.0106431756098408	-0.0145831745496905	0.0155701693393989	0.00825995920600875	0.000288597448131795	-0.00484239686722115
0.00888887042126003	-0.0145702991402748	0.00704474768317013	0.0148054233005073	0.00479708816883585	0.00324250714020282
0.0100153314097582	-0.0147501361090543	0.0105323841719144	0.0260062499671075	-0.0184550542272106	-0.0127960247293377
0.00929461689023487	-0.0112989332383711	0.0118928130294876	0.0337751111479949	0.0261036052990107	0.000144656125201474
0.0102686874457007	-0.0168245300786265	0.0100944716532714	0.0191898829716562	-0.00429656383800546	0.00313658222768313
0.0113138468092105	-0.0171318465130974	0.0121905413116608	0.0254325675358598	-0.00342709177390874	0.00220152135397817
0.0126174262289591	-0.000329383215543976	0.00115020710902301	0.00209946903453037	0.017084191516853	-0.0109201530811343
0.0129057804368386	-0.00482233370443284	-0.00160962462212495	0.00689871916664329	0.00622937352120256	-0.00492357833071433
0.0113107236061438	-0.0207653354601727	0.00679601451059452	0.014991597894275	0.00199217156491944	0.00231453162251012
0.0103444111978856	-0.016245352921867	0.00696431755062961	0.0137060789085896	0.000760627611839719	0.00253163677305262
0.0124335141978336	-0.00118842720481907	0.00758706607564273	0.0162025876190811	-0.000415442058249246	-0.00840566993815731
0.0131832147037081	-0.00108516496772652	-0.00285144054738904	0.00607815831112578	0.0241072506334467	-0.0181010507338899
0.0125296866708255	-0.00747972283539564	0.00995195079165528	-0.00370159083139399	-0.000737948854692861	0.00114025581301631
0.0119232718652706	-0.00618922616614814	0.00314428670146289	0.00320005980116321	0.00649643733062814	0.00532272439394171
0.0119101154083454	-0.0197549065972409	0.000768119154276649	0.0173980140945498	-0.00581859546891104	-0.00859378363495297
0.0106014216009605	-0.0209332648345129	-0.00497003700411612	0.013126252279535	-0.0035793997883447	0.00565985887977219
0.0128634107234468	0.00620180805634225	-0.00585089720484817	-0.00529058445273823	-0.0124753433032617	-0.0120005878092401
0.0113481990869448	-0.0149340372456462	-0.00579020570867205	-0.00120048013643852	-0.0260971966165821	0.00738907903454036
0.0116080695624914	-0.00987535933922688	0.00366084477977144	0.00778057852385034	-0.00459655825857765	-0.0038815958901866
0.0117913342289687	-0.00442757766460149	-0.000248954235559017	0.00827199456807328	0.00576579844215163	-5.62877892751838e-05
0.0111569532609554	-0.00992698708132023	0.00927657752907888	-0.00017866593272087	0.00528161967479857	0.026834412211228
0.011472499966054	-0.00668135017165175	-0.000325878251209998	0.00511601898805354	-0.0225062297029181	0.0198371985256418
0.0123971144170058	0.00359449013682746	0.00305528472175204	-0.000545685766691095	-0.00523676226265912	0.00263402240162516
0.0122848154203343	0.00120755588292944	0.000336671735875022	-0.00393972130586468	-0.00835379060086271	0.00506314608496257
0.0130328055876154	-0.0314437010703018	0.0454780519395291	-0.0131372281789003	0.0237274204703526	0.00326664202022502
0.0124234992746812	-0.00711307656169234	0.0181703690196473	-0.0018293894154213	0.0197718675177711	-0.0053822005157925
0.0118519360153021	0.00213669457233553	-0.0012530443140979	0.0098343346108026	0.0111062858167803	0.005664550317791
0.0108960368224894	0.00269237916915529	0.00780830460429947	0.0176685207340024	-0.00774488250894584	0.00429032127391341
0.0135671261952345	-0.0151680509902995	0.006926603742857	-0.0121508531135755	0.00609004100010795	-0.00698683197387146
0.0125567329947922	-0.000602430937824185	0.0131378603002219	-0.00565681702192723	-0.00177418750014569	-0.00554169755509572
0.0116494140987017	0.00249416787979271	0.0126495200468301	0.0305230666603712	0.0074205068979755	-0.00111005634298162
0.0115524198751367	-0.024397550991247	-0.00183705136022269	0.0324324831252615	-0.0114662820347043	0.00593475853598703
0.0128837282503687	0.0260155693224621	0.00348134908637531	-0.00336247277881187	-0.0123920263369698	0.00935406362827964
0.0119751924164375	0.00311615748632082	-0.00195111870411046	0.00652552536371198	0.00405715719131201	-0.00294875130840189
0.0121836856186354	0.00489667641057186	0.00314310912078508	0.0153961609595715	0.0114889263341581	-0.0168957003878047
0.0118710992709035	0.0190575463729344	0.0184119602235534	0.0131336236657467	0.00545226148693572	-0.00213317843470108
0.0117992138173195	0.0156904731958697	0.00365234521167174	0.00404531024443222	0.00332736703560954	-0.00710681128667839
0.0123489509489446	0.0079859779732141	-0.00472297250880363	-0.00266031772666304	-0.00151178508088264	0.00206171347056999
0.012346591871261	0.00783114530091401	-0.00537866987836592	-0.0024370009952511	-0.00169184971341455	0.00114815672600855
0.011364176356458	-0.0111632383319493	-0.00542093895459986	0.0147913106326965	0.0129815153528103	0.00866164503789043
0.011919294466234	-0.00922451944969137	0.00184815845440554	0.00893118844098961	-0.00934028049913526	0.00209846731935329
0.0126246010632528	0.0120236818864935	0.0171001691990006	0.0022761361196104	-0.00246680971646919	-0.00603283512110416
0.0122603577990272	-0.00962814438528016	-0.00478266930470496	-0.00639044970822968	0.00997084197888307	0.00804445480150094
0.0138305971106664	0.026904882513444	-0.00148109755185891	-0.00397900890994464	0.00434622223512407	-0.0124147900878319
0.0134056049404054	0.0402329989534566	-0.00719870732824696	-0.0211775942521693	-0.0133317982129652	0.00613303589064151
0.0122097675559569	-0.0255188295757259	0.00379478323656278	-0.0236631371482707	-0.0132608086647142	0.00394691226901318
0.0131716748508028	0.00852092662440162	0.0261630639495382	0.00309747459972282	0.00086720180562452	-0.00309616593869228
0.0118522573358153	0.0264320168634544	0.0342576135922703	0.0153700185421066	0.00797452862115985	0.032145354424534
0.0119185707575325	0.0131318023229574	0.0132475947533562	-0.00698265907451502	-0.011211702710637	0.00602454263374072
0.0125527648565583	-0.000383485885733497	-0.00451039044694511	-0.0056637957758184	0.00368738513536938	0.00192710638092128
0.0130863704914695	0.0393709273663726	-0.00266182928073115	-0.0169270815709605	-0.00689671425758786	0.00992378999566348
0.0133697069193945	0.0413087076039013	-0.00634160097813347	-0.00674692278640095	-0.0089009066083999	0.00070922551785187
0.0132407285990829	0.0135416705497404	-0.00414865500050716	-0.00920394171129578	-0.0130003079440466	-0.00125321590674876
0.0130006568505308	0.0086952436268949	-0.0188741311604987	0.00280138159045747	-0.00554714591021486	-0.000190372934172237
0.0116602896910902	-0.00529666685339101	-0.00297209900646646	0.00781912794852544	-0.00757594281719602	0.016670475425617
0.0110916252985614	-0.00498732237295138	-0.00102704668759252	0.00231795717900541	-0.0303447746708131	-0.00369781426132264
0.0123890248489285	0.0206398889697766	-0.010836877147294	-0.00013814021453046	-0.0101846029701741	-0.00194301356540201
0.0130867400345097	-0.0164998895672999	-0.00869583377716119	-0.00536581429642831	-0.0137526729105938	-0.00514135019225625
0.0129088266737527	-0.0162100056268119	-0.0104072948980276	-0.00376206850170166	-0.0182096923945464	-0.00733942949341532
0.0126018070096947	0.00284709946428917	-0.016554392522137	0.00523553336949074	0.0056539337983086	-0.00545984813126207
0.0158363582003337	-0.00778805712809326	0.0115858398488735	-0.0157342007492151	-0.00293049777618328	-0.0121580742873479
0.0147013405376699	-0.0110931093857675	0.0180617392970169	-0.0120223146951984	-0.0113896351163177	-0.0135436095293003
0.01187035516183	-0.00413514680089572	0.0105764250088287	-0.00679866142237212	-0.0103111234680369	0.00317323724006636
0.0127438006783964	0.00521024885250887	-0.0148175643518422	-0.00470283110536441	-0.00330450128622763	0.00119114124398552
0.0125554091444942	-0.00117251180228242	-0.00770330724121067	-0.0100656998471397	-0.0166410858637162	0.0299236852723574
0.011125498278576	-0.00448024223920058	-0.0207124823758638	0.0218621237861731	0.0276625158720455	0.0201087307705063
0.0109470785761172	-0.00542088502228576	-0.00644175463761315	-0.00584924264308885	-0.0272956163789978	0.0181373808480879
0.0104316487897781	-0.0108404268384482	0.00155634619728588	0.0050932393257126	0.00230575824225729	0.0147539423010642
0.0118721705215484	0.0077485010791683	-0.000576950258255071	0.000757915361702039	-0.00275490798548432	0.0184178892938421
0.0121626360730817	-0.00265403094500658	-0.000157374676801292	0.00947981805037811	-0.00441049892659109	-0.000229556143570613
0.013688144937704	-0.000949310763780994	-0.00127552560476313	-0.0112288211226625	0.014360471512746	0.00916546565557859
0.0111709437188798	-0.00627796578712908	-0.00580373607913951	0.0116703226297395	-0.00837505231020052	0.0228647348635555
0.011238146859743	-0.0099185724683399	-0.00746181996906891	0.0150076944130576	-0.0192295676813885	0.0206902518398415
0.0130639981091846	0.0169390252741705	-0.0137288061013279	-0.00233565903892305	0.0164470593515708	0.0116782640187031
0.0139749867630703	0.0284378747863523	-0.0124075916374893	0.00143958600722371	0.0129870992811764	0.000203713608396843
0.0123496203470262	0.0159535639849987	-0.00495997191117835	0.0082158377054295	-0.00202321714570983	-0.00847525722393499
0.0119782950722529	-0.00968529087286555	-0.00820343443802911	-0.0080316604838343	-0.0117408853026025	0.0202316227855917
0.012179675218363	-0.00513159427710303	0.00194829893132799	0.00311574438004139	-0.0070149295218847	0.00746483843007124
0.0127306951995022	0.0105261243867355	-0.0024133817684129	0.00203238273967048	-0.00868670450420347	0.00138385367081885
0.012792748777282	0.0100150373580995	-0.000697916449113318	0.00448571267935528	-0.00854123591111581	0.000545049726104967
0.0116229401840231	0.00349692186394998	0.0011297061489899	0.0239312809908877	0.00341768994749402	0.00646704990645874
0.0111982727322921	-0.00743178826906167	0.00205704369161461	0.012676688439956	-0.012557180021606	0.00439829212810299
0.0118612639958731	-0.00102049707546459	-0.0209791811192189	-0.00678136954541031	-0.00594289793897851	0.0303875709661329
0.0120438987444946	-0.00614031318007514	-0.00611227300512444	0.000546133952620734	0.000835813664415761	-0.00183270145047394
0.0146093140310012	-0.00761274681978463	0.0156963262716553	-0.0130356582826173	0.0132405736046537	-0.0038725790122538
0.0121686847242718	-0.0162001571043098	-0.00647200022606753	-0.00632827261470968	0.00770438646498806	0.0190896417159906
0.013154432291852	-0.00880744541696178	-0.00868751907681459	-0.0155375834911196	0.0115449269394473	0.00953085090259224
0.0135542134196754	0.0201208097118129	-0.0325631509815449	0.00254603311891808	0.016686683602749	0.0136760257277056
0.0135121855482302	0.0189081998933852	-0.0309799250773398	0.00080194136236583	0.0211603544596997	0.0143254963301162
0.0127799863775526	-0.0234169856053995	0.0201138602398021	-0.0268042481542604	-0.0035118617170199	0.00505523809857243
0.0123158176420714	-0.01008665654316	-0.0182312354693965	-0.00948457407554249	0.000931720817866539	-0.00505833318879746
0.0126313212445488	-0.023571286607712	0.00692751311001018	-0.0209852998755767	0.01218152570782	0.0205699882045128
0.0120017090006424	-0.00589136670899492	-0.0184158980542112	0.0238405828020846	0.0200481824438511	0.000751896597340169
0.014545934934956	0.00115358827596433	0.0033135532046138	-0.0219890555197212	-0.00150808941791317	-0.0069047010615498
0.0122418278093959	-0.00810178668171467	0.001872799209288	-0.0178724345595377	-0.00364927771843566	0.00289318829582203
0.011632953051547	0.00576292691404353	0.00570324583067822	0.0148428580752901	-0.00613130976764637	0.0105643063295701
0.0115715244928902	0.00606679281394915	0.00299326627074384	0.0144800382667181	-0.0044307096723428	0.00217564038961959
0.0119388242411941	0.011903218613947	-0.00731724651336124	-0.00354485124683952	-0.0133624643851751	0.0106232773932269
0.0146079648901401	-0.00173861203462862	-0.0146239770570452	-0.0132834138443995	-0.000683885270295977	-0.0217992423694969
0.0112620980216883	0.0203233490870879	0.0209814285551622	0.0171236194952239	-0.0187515384256876	0.00611330382818591
0.0110354333885898	-0.00419471818758931	0.00243293120029415	0.00871441304385899	-0.000887498464787766	0.0151437796358832
0.0132399185399248	-0.00531180612470505	-0.00545138285314209	-0.00338364693424708	0.0137495894463079	-0.00591269334024
0.0122486021775879	-0.00684179296729489	-0.00781494616081752	-7.48627334923537e-05	-0.000777065573422985	-0.0034674825799143
0.0120093168555337	-0.00413450392339172	0.000750701077337594	-0.00859577102549055	0.00951456376707421	0.0150927525667112
0.0132488522822469	-0.0110626218153659	-0.00390168558957713	-0.00751866243788003	0.0180809054373812	0.00983526240998479
0.0120113275327644	-0.00164128286544973	0.00057016400842431	0.00530280539885399	0.000126140543135308	-0.00231546794454433
0.0117180560989311	-0.00801169490513215	-0.0047547202604995	0.00832278613326839	-0.000976583246484163	-0.0036194289126471
0.0136970227032367	0.0166111679101945	-0.0147171254621901	-0.00416322117390335	0.0176415823756849	-0.0088218054298151
0.0137601097684646	0.0153977795413699	-0.0126308742203426	-0.00361526339813694	0.0154803203778239	-0.0106124434313773
0.0121761009312174	0.0157199996252396	-0.00140941401340537	0.0138834690159608	-0.00307112386870258	0.011686665009656
0.0119945017807018	-0.00895999433645232	0.000855436554502396	0.000809051921151785	0.0256491749587313	0.026097344388041
0.0128998334000316	0.0109671270978208	-0.0112822446928654	-0.00593687099360805	0.00945606937875584	0.0135150831493923
0.0124704312248733	0.00101590920991998	-0.0112308790737241	0.0018472637477511	0.0070933565676745	0.0111788963231697
0.0122450570373331	0.00430727141460128	-0.00807733670210335	0.0022913213799757	0.0134233978219686	0.0228004814811986
0.0121799641314168	0.0160060191539039	-0.00255217284742097	0.00711920119799441	0.00515262890049361	-0.00703386097659345
0.0135398002035783	-0.0185501926591798	0.0106578254168788	-0.033311703764926	0.0123874149849993	0.016705454063012
0.0138235843529533	0.000296020221786655	0.00536467110015085	-0.0188353847348919	-0.00133162993552891	0.0189722993032919
0.0140840145728669	0.00618929948224894	0.00636193803362375	-0.0186536955354871	-0.0050717729218792	-0.00682626734222554
0.0123226477700784	-0.00389435385727806	-0.00438192747076502	0.00225303584633797	0.00719585047790523	0.0134316709992961
0.0116957486238024	-0.000749531070614928	-0.00308877934989111	0.0143265539173525	-0.0167972886683413	0.00223775898465522
0.0140587614182671	0.00377287205526159	-0.00451598518819288	-0.00778675977767922	0.00522318030623399	-0.01118063069761
0.011667346949989	0.00145467795771417	-0.00419595083156631	0.00567096150050448	-0.00163268758446008	0.00584945104319769
0.0123705421312512	-0.00733046612811207	-0.00635855211280106	-0.0130466610041804	0.00645048562626072	0.00413299523300362
0.0142102530442127	-0.0106737577712938	-0.00704906717462794	-0.0140064534645043	-0.00880390535923015	-0.0233887052364234
0.0131328980356091	0.0231525555116872	-0.00368216643903198	-0.00635399723244743	-0.00015306887833359	-0.00235973793075759
0.0118167648585808	0.00913043858603552	-0.0125973130001146	0.000606913166034964	0.00460323613692434	0.00181423735948381
0.0107512259701742	-0.0117818548848629	0.00198485387792784	0.0177015019476106	-0.00503797159880776	0.0174105431170115
0.0123559431215196	-0.00358804896248215	-0.00929479982671384	0.00578210246426841	0.00947609223943428	0.0214564672067648
0.0121386392579101	-0.0124905725084779	-0.00324226588458518	-0.0109359582240341	-0.00222239948323994	0.0132091621777585
0.0103928397430241	-0.00535673498717158	0.0113381570026871	0.0223776125618135	-0.0203263624676686	0.000204712031527411
0.0112377486812343	-0.00910587058855957	-0.00531533612334133	0.0235062247458593	-0.0120878774802959	0.00505392917879437
0.0114336208904268	-0.00257564584382991	0.00154519521166157	0.0185665119599619	-0.0156344052111229	0.00666260823213404
0.0122453711883658	-0.00485284691449523	0.0172745273577939	0.00340968853348361	0.0120412833802621	0.00119284449651327
0.0129024500734135	0.00261142035950838	-0.00721329365802524	0.0109977345277424	-0.00328634949280298	-0.00884457736527463
0.0135874559364718	0.00266733263867079	-0.00621971355012392	-0.00121485572869959	0.00514913344977989	-0.00543094749898308
0.0111838968703786	0.016849755784435	0.0190810249722981	0.0211856127712536	-0.0145633868786351	0.011399867565243
0.0133106902264421	0.0389157589194063	-0.00646348504427346	0.00073072229708134	0.00511484977932266	-0.00608358848725797
0.012388684491675	0.037454431648823	-0.00521959494313447	-0.0031601827111306	0.00516621476505529	-0.00318964143684083
0.0112508922197051	0.0061187696835209	0.0010522192162723	-0.0024852060457975	0.00347135026000979	0.0233072587321088
0.0138514770844118	0.00587149334342055	-0.0143433276939399	-0.0120437659337957	0.0246963693158849	0.0214780247585345
0.0110935661296504	-0.00511132736513362	-0.00634005652702585	0.00354295208424981	-0.015139332574731	-0.00442556795552577
0.012125084174338	0.0128366129957534	-0.00996473357994665	-0.00184913771162098	-0.000268224347258296	0.00893354523800243
0.0118644780817513	-0.0067659957561172	-0.0118389953023872	-0.00559527214358595	-0.0100391214545647	0.0151644002249974
0.0116443462374976	-0.00395057789260175	-0.00684582753256743	0.0128178159179967	0.000914820955226946	0.000677574245525401
0.0128704824478837	-0.00289050923318793	-0.0096158070198794	0.00686511026076354	0.00431809156136479	0.0104907708337183
0.0131562685648928	-0.0211788768524828	0.000683422384506484	-0.0214343196952433	-0.00313842761623715	0.0123498673277938
0.0126951792325946	0.00975585719109332	-0.0178704641223226	0.00283795266249389	-0.000109299620914332	-0.00427777014041098
0.0134054204646511	0.0181327937925122	-0.0192662437322442	0.00880000716946373	-0.00425647469172775	-0.0194181071516263
0.0111797860727549	-0.00647631350802525	-0.0163136550794906	0.0207219926987497	-0.00677501971862731	0.0114172433415044
0.012588272694254	0.0137111674671212	-0.00457266769313332	0.00878389845379506	-0.000825327831360337	-0.00492570092066404
0.012097330585447	0.00510509497751364	-0.00134118608755705	-0.00714292811184629	-0.0162083520161558	0.00506543879330681
0.0132384769008634	0.000349551983640868	-0.0132319521289114	-0.0186000086671282	0.0146865965105143	0.00545433000499147
0.0120775741927125	0.00151819709800037	-0.015937727577139	0.00929143932056071	0.00171834879735029	0.0149399019315214
0.0117855241103239	-0.00418309309620335	-0.00871389498298059	0.00572361915079594	-0.00877670763863118	0.0120338002672733
0.0119627371545361	0.000899405360223504	-0.0133062158093588	-0.00051381676785438	-0.0149962384261911	-0.00632648092175708
0.0120115767431883	0.0144566777558531	0.00996664103758507	0.00507141992041749	-0.00249007159998254	0.00313624491361981
0.0114922044050321	0.0148193383194032	-0.00736459668416822	0.0212341670777082	0.0101902913112905	-0.00042562211382914
0.0132934266307429	0.022261248112844	0.00434832451515919	-0.00620236992178887	0.0188349561876363	0.0244979427717457
0.0130801838135955	-0.00276820159816042	-0.0087775919758057	-0.0074507010439487	-0.00988102058225867	-0.00327188697757018
0.0135624708320428	0.00500911614487502	-0.0158932228655146	-0.0114451626329698	0.00116728418164143	-0.00742838333612597
0.0116760200253492	-0.00641558849916616	-0.0192634862876678	-0.0129880348950326	0.0186650875418602	0.0250253048749398
0.0107972672364327	-0.00629183310317337	-0.0226660889894576	-0.00513303119045539	-0.0201198772112546	0.00324512514890741
0.0118109727686174	-0.0105403424854556	-0.000954061706005223	-0.00966792700932342	-0.00599887662619609	0.0284704943099068
0.0115876306833368	-0.00349958401981841	0.00109113362340383	-0.00585448317413757	-0.015771490744107	0.0169663593282745
0.00978432323830564	-0.0117327677777922	-0.00330306833922082	0.0111651623911389	-0.00607158080456567	0.02231393726537
0.0120298579735165	-0.0026955072312404	-0.00527793968266313	0.0165149000782492	0.0166915374767052	0.001456113391307
0.01079877210485	-0.00739272492212235	-0.00974202143038718	0.011036599729746	-0.0109591337552956	-0.00504998615589985
0.0116723801475385	-0.00905303872605361	-0.00706590792218043	-0.00602037646556096	0.00173778529444698	0.0207776173589612
0.0135238777823547	-0.00388233106370396	-0.00418124634480641	-0.013001263235821	-0.00233442648302028	-0.00335652732672248
0.0134324188705193	-0.00319542569823421	-0.00339324804875303	-0.0126968506070895	-0.00356192875692635	-0.00396987025262287
0.0111915477452965	0.0233476201486961	0.0208060937729843	0.0125437462182485	-0.0294652722377777	0.018566090005301
0.0122597819750497	-0.00564740468977638	-0.0101953624517904	0.0114817064854517	0.0138235165332228	0.0117482860886446
0.0123983778745206	-0.00219929154679588	-0.00818987000372156	0.00718123442577222	0.0261342765005541	0.00755714491477221
0.0117354499419351	-0.00146050146698176	-0.0446096407830423	0.00896292856358522	-0.00101189446505106	0.0164399662803519
0.0117978885896273	0.0056958841808916	0.00239633292081573	0.00303084363114803	-0.00949874407317257	0.0150981214837707
0.0132565108633691	0.0126570422257017	-0.0184044894631678	-0.0201610274831414	-0.00358906461277181	-0.00667380399146727
0.0114083005663838	-0.00965836078142133	-0.0191831794033078	-0.000303068004639955	-0.00392669632249881	0.00167290355898626
0.0120768065750205	-0.0036481636480335	-0.0120114314200706	0.00308362951080706	0.0151482078778709	0.0135551083966786
0.0139868503706375	0.014176809347469	-0.00361938812569427	-0.014088130088327	-0.00142848382188161	0.0049704771029261
0.0137131297075776	0.00991966612390042	-0.00738412887412264	-0.0123746317979781	0.0164322537301983	0.0100595275628286
0.0117415145501252	0.0114288562604721	0.0052849165796402	0.0190902979053704	-0.0130085588440415	0.00574459987110866
0.0121554956759579	-0.00826528151205464	-0.020518563764645	0.00790049762634966	0.00049138800342137	0.0160935770932754
0.0120300843032548	-0.00584267533876109	-0.0134064395144455	0.00360169739314538	0.0119565226532575	0.0207033563156506
0.0116986400034393	0.0197097536348951	0.0133557855741244	0.0177098933319156	-0.000120464200393032	0.0081466794248992
0.0125567638446384	0.00406434163609679	-0.0149834658110422	0.00313577316449289	0.00804122198625276	0.00906002071935466
0.0127144033587675	0.0149027157304052	0.0141330282005999	-0.00146349415686719	-0.00867771219741527	0.0122007310768655
0.0142678199958674	0.00145879976138111	0.00476517802552509	-0.0247723534885983	-0.00499013012123793	0.000559894562699362
0.013932052527647	-0.000395281015878502	0.00594055968622197	-0.0177034291306547	-0.00835735401312493	-0.0131859746625821
0.0150405035629988	0.00567376398505485	0.0147795562057109	-0.014584307461553	0.00285920188356264	-0.0207212374346131
0.0112739629884353	-0.00839740601303664	0.00387502491369172	0.0116567182226393	0.00591043065720205	0.00497630207494684
0.0109406683674863	-0.0129636844165098	-0.00832172974494201	0.0126920429245606	-0.0212466841077173	0.0206586464846731
0.0113675940385312	-0.00473093438043874	-0.00566043288147585	0.00358474381379466	-0.016439627969517	0.0192045797233135
0.0115632364390767	0.000217729786914532	0.0134672882618788	-0.000354973964754908	-0.0162003205876198	0.0161993653643428
0.0128855207223223	0.00182471577291393	-0.000715208113880385	0.00547890234541709	0.00331569197847351	-0.0051046176780363
0.012260349928579	0.0115406365468353	5.61915586306945e-05	0.00994190982826209	0.00703542747064708	0.00928117588746741
0.0122712285169111	0.0113492547989375	-0.000572218182145669	0.0103532931969972	0.00823834828581371	0.00881802872777879
0.0121603487201644	0.000283443696917662	-0.00950021983345163	-0.00866006888925309	-4.86192913651499e-05	0.00109489331036578
0.0110468606765518	-0.00636595211673139	-0.00872395371304933	0.0166714108441873	-0.0024625400728473	-0.00614683733725899
0.0122892579656096	0.000362367523622709	-0.00691417990250049	0.00502312405789246	-0.0102281867038302	-0.0096054467324155
0.0120771091577762	-0.00562007785846601	-0.00135459040686246	0.0128595279445741	-0.0263071303285884	-0.00706496241469457
0.0120906409498595	-0.0110536055845462	0.00886805176784358	-0.00771080263009427	-0.0186281471771143	0.00580610724839422
0.0107647809144419	-0.015039706458961	0.0150910363024851	0.0116045457449255	0.0122319070938361	0.0226729567494878
0.0142940889142675	-0.00566737711495138	0.000724536373808569	-0.02608517723249	0.0082284328085422	0.00401320053502234
0.0130453040399637	-0.00653571654874459	0.0200781943239306	-0.0147866074687718	-0.00878036194296732	-0.00585335985524504
0.011198760939545	-0.0147389482834111	0.0100384655281064	0.0222470541691588	-0.00750107607410211	0.00630905886501734
0.0125594188409126	-0.00531785771115752	-0.00827225635745594	-0.0019615314729803	0.0175024963791826	0.000814364187681455
0.0124957541792437	-0.0021161578380521	-0.00348871971865352	-0.0135529111439647	-0.0113705327945139	-0.00457474002123329
0.0119814312956455	-0.00801402864827038	0.00075379481216308	-0.00248819666162868	-0.011618824269511	-0.00766827987055857
0.011823333286496	-0.0130120238684807	-0.00355924825440572	0.00709522381435142	-0.00388964952317824	-0.00965365203686879
0.012200723822043	-0.00624124343272377	-0.00259615100197298	0.00480741455312612	-0.00425955145641743	0.00730159567179843
0.0139306748617769	-0.0150420347042637	0.0140794993697673	-0.0239352060654471	-0.0202907240850341	-0.00392059347895512
0.0121336278024758	-0.0194918122926246	0.0256616508561732	-0.0119277082342353	-0.0113439490426578	-0.0054684806928177
0.0110537543872577	-0.0172635875804404	0.0230110062836348	-0.0158568872025094	-0.0201293873109186	-0.00397624406618238
0.0117813880590766	0.00344639319811606	0.00168746018046727	0.0116857884855847	0.0184499305252473	-0.0179256177165616
0.0128834883867553	-0.00211674598650579	0.0214553079158254	-0.00818929872649	-0.0066175272361647	-0.00950073047247296
0.0123273936295642	-0.00254039094123866	0.0151950045943309	-0.00695184746825723	0.00135557316129466	-0.010572555176303
0.0120238159723364	0.00633585106531458	-0.0187224539775058	0.0135241140724079	-0.0124217238400013	-0.0133290485932277
0.011553601322814	-2.9032686040572e-05	0.0214090397239203	-0.00264583448451301	0.00359176358950357	0.0177507693788312
0.0111982265533646	-0.0157135173428409	0.0180839753774763	0.0180942317879771	0.00305237106996258	0.00621496538197259
0.0107632568740142	-0.0130138646632782	-0.00146515063497694	-0.00451921284586443	-0.0121074112170576	0.0196069035356916
0.0120458439438521	-0.014726636543498	0.00630825130299221	-0.00486920036204223	0.000302490044246539	0.000537794334957745
0.0129432843439786	0.00421978629451833	-0.00181798214243298	-0.00511771290788746	0.000696634981357164	-0.00423806132830455
0.0122025825274869	0.00328112344577117	-0.0106164870015307	0.00286596954777488	0.0240114251275602	-0.0113061153567833
0.0124168133316856	0.00601752703423271	-0.0102274596303331	-0.00273722461697795	-0.0065277629060793	-0.00381341977713818
0.0129757072982027	-0.00800209173412518	0.0153845576300969	-0.0100610490382742	0.00942602075970361	-0.0143087971741009
0.0132877982839363	0.0203425898472316	-0.00603598338218923	-0.00624644178892772	-7.99701103075322e-05	-0.000763783952161453
0.0122380336605709	-0.00652825915906345	-0.000818937917651019	-0.00276265284749503	0.00516289317415925	0.0210315822957611
0.0139075076252239	0.0161265825187417	0.000534047718829166	-0.0133152178856571	0.00326006904974982	-0.00695314783550614
0.0115094899011361	0.00498942031970762	0.0158712640916519	0.00382736857878715	-0.00569868039487652	0.0246491342147236
0.014068857642254	0.00492735610164212	-0.00228765865838865	-0.00537015811003023	0.0139977690349167	-0.0102625919845625
0.011430566505077	-0.000256839589612095	-0.00308198167482087	0.0120579056183432	-0.0158491831050396	0.00850761282683905
0.0121937489774441	0.00319875554226351	0.0196746861515639	-0.00901644701121991	-0.00616030148694535	-0.0049123261317554
0.0115613400010476	0.003825627368438	0.00706720723326708	0.00671884484726608	-0.0122245599739525	-0.0057672333718019
0.011079026447243	-0.0128875909328902	-0.00758120999353552	0.0059380228799462	-0.0170580666851828	0.00138735142854155
0.0119578802278927	0.0163488281718314	0.0179150679880277	-0.00421853772297134	0.00112314431032306	0.0222899832727493
0.0118616337753264	0.0124450350069861	0.0303142139204922	-0.0109667424729176	-0.00918738976528016	0.0201186797684877
0.0135955518826647	0.00108312139950635	0.00748032810138531	-0.027644864545677	0.00335224077086854	0.0119377374208913
0.0131646626375196	-0.00492160163419503	0.0045275398619607	-0.00395276894258844	0.0122416382280201	-0.0128401475146663
0.0135572357760531	-0.025519813477668	0.0266603322750861	-0.0340375248186069	0.00931537240846322	0.0023230494991571
0.0131716346650925	-0.0244899589947074	0.0197017488380884	-0.031120783216301	0.0215394895592133	0.00835208600511598
0.011596663644636	0.0219321093354056	0.0211769707968545	0.0195400125594753	-0.00602484786777705	0.00401284538626665
0.0119875336812925	0.00401903445507995	0.00483142271957786	0.00977758707869718	0.00674715548539477	0.000464525664252789
0.0113627366506127	-0.000463361969567633	-0.00376176921269385	0.00398204505715536	-0.0088675014410602	0.00830361551346436
0.0112441725817895	-0.00401833277613518	-0.00792716941783364	-0.00285072456005368	-0.0171917784091829	0.0100573401911438
0.0122208991856231	0.00243793218919595	-0.0138533351791549	-0.00269228921761509	-0.00125182340941427	-0.0040741629097184
0.0116552534490181	0.0051549091700635	-0.00699792695821307	0.00860602817586971	0.00422568891103991	5.11236489047742e-05
0.0120485122106124	0.00406246197237019	0.0156851115304614	-0.00167688257786227	0.00180815244162152	-0.0055005111743694
0.0121308331362234	0.00650334727891404	0.0161730699119238	-0.00163988304065287	0.00392400944201037	-0.00473580617198094
0.0130613130008564	0.0120909070011052	-0.0191210592956399	-0.00903588159396102	0.00172617044799925	-0.0055590060472487
0.0115968529481848	-0.00393346463849806	-0.00792315301314655	-0.0165393733815346	-0.0341460801409383	-0.00263187187674731
0.0126645291492796	0.0158821936274276	-0.0117386719187564	-0.0247408928581822	-0.0182064177271628	-0.00812273362118602
0.01184846910984	0.00416856611999038	-0.00625033134308702	-0.00339630852778282	-0.0103262452578543	-0.00176935848091619
0.0117586993733718	-0.00017821610761126	-0.00884983145700555	0.00429141912737437	-0.011414347157385	0.00721944902243694
0.0114538623462875	-0.00555440254807478	-0.0158781163909125	0.00349246443250015	-0.00439620481166068	0.0153191137333794
0.0117925858493462	-0.00497371172055553	-0.0130089115862756	-8.71633214532786e-05	-0.00578036061198828	0.00750451370332222
0.0126367946138338	0.00532124396275675	-0.0050709528044947	-0.00222777211008477	-0.00290461285302538	0.00820569335433773
0.013076668698874	0.00186251744544403	0.00737400371420402	-0.00969516904880901	-0.0150890366713616	-0.0153487129562393
0.0132011992711759	0.00348990239268542	0.0145086803008418	-0.0118216815025528	-0.00876148145426483	-0.0141456964685029
0.0108087317565802	0.000809360768014425	-0.00821393941197737	0.0201617232147602	-6.10996827077898e-05	0.0202114936702691
0.0108335233953484	-0.00256677651808431	-0.0119718828960064	0.0185134103692133	-0.00406897100558886	0.0290793383539667
0.0119217202015855	0.0024164543527463	-0.0362949447588182	-0.0083826438365302	0.00441805442785313	-0.000533322023287749
0.0115730735613844	-0.00238710645271776	-0.0304754429147992	0.002890412799253	-0.00104921741263085	0.0112280359250345
0.0117613590085444	-0.00107830923975306	-0.0161376826838039	-0.00302928644311098	-0.019311433040524	0.00786522439402898
0.012390323534262	-0.00484842153057288	0.00312442204988483	-0.00436973425290095	0.00524774910126347	-0.00553309255678177
0.0119833490562951	0.00371623013804366	0.00525808946748769	0.00523571273124685	-0.00516047401635633	-0.00369329154685541
0.011989196720623	0.00332784006246094	0.00504580133443513	0.00662259727877319	-0.00259452683497832	-0.00592218122013041
0.0126065857071391	-0.000306723992860358	-0.00264402789261778	-0.00440372074322586	0.00550315881180861	0.00361622525353132
0.0124798132335732	-0.00145272502917066	-0.00465717728699447	-0.000348656287683731	0.0103284937967046	-0.000270133302222305
0.0121960247817312	0.00292439636747044	-0.00527649362790969	0.00177252737817395	0.00442580350196125	-0.00467224236958852
0.0136677070540013	-0.00492072715322786	-0.0155454107211095	-0.0174209110948169	0.00197337333658776	-0.0134713655916581
0.0143921881589958	-0.00426752438753403	-0.00765858344911163	-0.0201351434395702	0.000149760963036401	-0.0121517349373389
0.0141700940934049	-0.0038939438173986	-0.003273853439266	-0.0237774550899718	-0.000689257613763735	-0.0131644094227502
0.0116898834165894	0.00107845463733494	-0.00796661050762918	-0.00820282271302616	0.0076836102836045	0.00907145163902928
0.011839794795652	-0.0165617554924687	0.00190077607389302	-0.0109510572333887	0.0115104003804757	0.00923047200911117
0.0120360962500909	-0.00448344242659586	-0.00703284904255468	0.00228029543026388	-0.00144501329796317	0.0174960463273268
0.0117427473145786	-0.00401746448897422	-0.00732155005539194	0.0234600996392477	-0.00263813117500435	-0.00504192536195918
0.0134510523421484	-0.00960812989405472	0.0156414771225654	-0.011824028445257	0.0116877496565571	0.0174816537507953
0.0119869349549271	0.0176204976232647	0.0162081518470653	-0.000323374105105995	-0.0121730701386694	0.0136284675958252
0.0148900114675894	0.000410021841946636	0.0074684998347208	-0.0153385202341388	-0.012732212422054	-0.0118554814529838
0.0117577538561649	-0.00603834649845149	-0.00497910698286008	0.00345822339259345	0.00580250472431669	0.0221982488330005
0.0117903291774734	3.98296102154857e-05	-0.000130674528171547	0.00129215834239468	0.0017507813677384	0.0110219699573458
0.0127349294357208	0.0303997344408689	0.03038901201726	-0.0129863822941784	-0.00894490434017908	0.00778637029862247
0.011358936001097	-0.00981864781868926	0.0345832758350893	-0.00903866394312014	0.00461254057076696	0.0136652642353748
0.0129255354969318	-0.0017753757929176	0.00556365646906316	-0.00713260779559044	0.00714514538501592	-0.00733356817645938
0.0112877298490638	0.00380408033589042	0.0110049437599003	0.0192646126617478	-0.0136732594179979	0.00767220522492055
0.0127636112084653	0.000658440258016129	0.000790367924772769	-0.0143544973415133	0.00962613023609701	-0.0110527251346242
0.0123277654449171	-0.0338783570744262	0.0362941673215062	-0.0188402479771237	0.0109427635677186	0.000123207178050174
0.0128707750692957	0.0197122073675098	0.0239521157063035	-0.00481543832968434	0.0194685978743292	0.0143471795369967
0.0119959349816365	-0.00264480360546783	0.000161385727686215	-0.0079892557408238	-0.00511543316000568	0.0127300211980697
0.0132866009008243	0.0053791145486539	0.00185995317975386	-0.0113184021575636	0.00930833308521163	-0.0011198414817214
0.0120711392358917	-0.000984125008274204	0.010417350895838	0.0127985501546663	-7.65083425298117e-05	-0.0175355411886439
0.0120727812651625	-0.00201074045022531	0.005802004110553	0.0133008695249512	0.00185717216141211	-0.0143527695241166
0.0118686309447531	-0.00146523101643264	0.00672248709829103	0.0135001876515708	-0.00437935355392849	-0.0128468494863407
0.0130092619745551	-0.00454813848422147	0.0194112682296354	-0.0144097019067712	-0.0178136480627754	-0.00851474678212791
0.0124636107045698	0.0332601750277834	0.0181826829875899	-0.00324215387017391	-0.0111940178302631	0.00721015151661671
0.0125137576727365	0.00067608025216846	0.0129188675760624	0.010655981762134	0.00843472982566488	-0.0126658704185051
0.0125437142275629	0.00834558088279723	-0.00327116189213421	-0.00779894788728474	-0.00661071830066261	0.00926959290387137
0.0130991635710331	-0.00117683448004097	-0.00511224640961164	0.000710661561712368	0.0136316707635044	-0.0140969030526959
0.0130800631035684	-0.000629875487279509	0.000193920876125795	-0.00220275071257359	0.0143684805600454	-0.00838683110238997
0.0121398794843694	-0.00608855475534404	0.00505613610772326	0.0140400970282051	-0.0195765987481476	-0.0307064331119978
0.0116320568103383	-0.0130415755882985	0.00740505783955752	-0.00726302899204726	0.00930897414317047	0.000362190400060704
0.0113979902734919	-0.00957406349635922	-0.0317876185773114	0.0233954906660275	0.013405038437746	0.00615829631770676
0.0126575864249437	-0.00277035222513963	-0.00309598654476454	0.0100046227664865	0.0171963481033335	-0.0259278821161082
0.0112022319762858	0.00146029782545408	0.0129653052060237	0.0208661596733566	-0.0101672646047777	-0.0200804580524539
0.0124727328305341	-0.00228743912208915	-0.00890574574416861	0.00714712273648296	0.0151668011854522	-0.00638963569869746
0.0119673003357063	-0.00718095443890365	0.0068617157720063	0.000738837240051545	0.0188846981936588	0.00758073086019338
0.0118297300969231	0.00772418649086158	0.0246661998036316	0.00621705964618594	0.00391114443598417	0.00143881023645977
0.013873889469603	-0.00670692919750887	0.0271899354899706	-0.0171820352356635	-0.00509339642897604	-0.0144545570421809
0.0117746664653175	-0.0168300742036208	0.00643414395879392	0.00776351185982711	0.00599284017059536	-0.00176955940197208
0.0116951087178337	-0.00332386716521047	-0.00563493936495441	0.000777965683715685	0.00755446251303761	0.0173730966491403
0.0117469082517964	-0.00114404622205212	-0.0054987285812187	0.00499312935425589	-0.00158801183488827	0.00189153967323464
0.0122123918006556	-0.00922320287843949	-0.0104897419316246	-0.000461218961293345	0.00720255910381241	0.00578383703138977
0.0117384473116007	-0.0115355425931893	0.00115130133276452	0.0163281667590872	0.0116359456123838	0.0069981937931825
0.0119752456110421	-0.00532595785700967	0.00161195694776372	0.000739371576839228	-0.0103977340573256	0.00550155815882867
0.0115479985926529	-0.00302052217885642	-0.00661873227099798	0.0177019348123435	-0.0154415303796926	-0.0149783312578106
0.0124542379875765	0.00334583259397702	-0.00505241351093645	0.00277177343161584	0.0050822814756057	-0.016918105869079
0.0117234559702876	-0.00340155178887365	0.00404326433139194	0.00712090724078917	-0.0220732009368675	-0.00117245891099577
0.0121782657924616	0.00442284758184584	-0.00922363218675202	-5.91868339500281e-05	0.00912154905302799	-0.000547698265609312
0.0119938225586004	-0.00556376603601906	-0.00964414687141362	0.00720287039801061	0.00481952339510847	-0.00972440109610994
0.0115628430987829	-0.00898262008450567	-0.00697079122732075	0.00412193841523663	0.0241593098813616	0.00260826866791196
0.0137728558240434	0.0205711468273714	0.0011863940031215	-0.00189209060575098	-0.00806818455191926	-0.0210454582497736
0.0128765846263911	-0.0147001243720236	0.00907280679716138	-0.0101773402492547	0.0107969458119581	-0.00199464100890176
0.0118769151388966	-0.00244664207240329	-0.0095699693684049	-0.00800607862701865	-0.0197632569548419	-0.00801413946228537
0.0118563260150415	-0.00260101488606984	-0.00805930967955149	-0.00963654131324578	-0.0157219932310274	-0.00568160982962544
0.0116917316757556	-0.011330139443753	0.00378909610435662	0.00686951390349609	-0.00448999552665586	0.000263633093153063
0.0121228240438741	-0.00615559507610089	0.010121170370543	-0.00141344965007692	0.0121910474090779	-0.00184286886702933
0.011346451662867	-0.0107040972259277	0.00274281369189457	0.0115816057167199	0.005407417565939	-0.00844935303501615
0.0116754720675798	0.00705596946223611	-0.00300292534674629	0.00622165081536746	-0.00730530818114797	-0.00920302895068309
0.0116770277479029	-0.0106304162457478	0.0110448483947093	-0.00712387478515965	0.00659714054655428	0.0118224191205607
0.0125288723248739	-0.0173595147278899	-0.00511644939500302	-0.00805914875075409	0.00449907253946558	-0.0135969249935896
0.0121869790897088	0.00531451615700315	-0.0104824095520928	0.00702811015887666	0.00440569674041302	0.00954093845905904
0.0115166681900004	-0.00688877162810004	-0.00703586556857845	0.0140033804176628	0.000557422837003562	-0.00550864812391176
0.0120710891844357	0.0275230234238676	0.0319021323583901	0.00611087555773688	-0.00313780155499157	-0.00793887150899828
0.0121461514227298	0.0254892027653149	0.028653667335415	0.00867020651185542	0.00374153161443539	-0.0101358999941998
0.0116547241525432	-0.00362607852826256	-0.0140513804296617	0.000764286193739981	-0.020762500224511	-0.00923494311246439
0.0118775873580024	-0.011013480481304	0.00649355785477833	-0.00261977220138017	-0.0118470196653427	-0.00733727992252073
0.0125129531205492	0.00230053600971296	0.00896391534647287	-0.00182094429316652	0.00106751282374389	-0.00535577187201296
0.0130805189445205	-0.00377448203450674	-0.00517604366131972	0.00224098441863404	0.0070703621972414	-0.00671372868802203
0.0115398408171753	0.0119477716967678	-0.00480504432182281	-0.00267303118807281	-0.0230266430911629	0.00720744986859453
0.0124684578279056	0.00106570766457669	0.0199082796489902	-0.00679043662417375	0.0037610646434914	-0.0119290538607787
0.0110647870599038	-5.30570211385722e-06	0.00665420477741588	0.0171416762390708	-0.00239731734192552	-0.00386903400467222
0.0124283972028819	0.00713387049055021	0.0215635548456661	0.00649594410537261	0.0166490080239624	-0.00672075223111842
0.0115123055173659	-0.0191066229374322	0.00258017634801857	-0.00731167167142381	0.0152820204628615	-0.00564602568085059
0.011786764443028	0.0016974845713686	0.00235505644773888	0.0125801789266444	-0.00973540026136895	-0.0119448858758843
0.0130172032617611	0.000344584720262237	-0.00487183067226866	-0.0191221878774718	0.000295000879617319	0.0198199454163598
0.0124012066949816	-0.00694730303055285	-0.00210074184138249	-0.00285245192801066	0.0145005344905574	-0.0156221799404171
0.0127412176503463	0.00443224669676661	0.00628487057083291	-0.0036162988807977	0.00116872098737725	-0.00983641673019729
0.0116315204518304	-0.00361611246488519	0.00420851302992164	0.00112416836718772	-0.000527956258587236	-0.00737044546201026
0.0113422779815958	-0.010554776640339	0.0228751666297798	0.0036826548075298	-0.0111340224530025	-6.34182169341399e-05
0.011039640955991	-0.0193880352314318	0.00331441112440209	0.0332470240066885	-0.00705225326143767	-0.0107235240658685
0.0108709826631566	-0.0116708073125918	0.00945338487473062	0.0223677218794427	-0.0114957334683741	-0.00504412120756733
0.0120484046894096	0.00419384651985416	0.00706000579150374	0.0208167765109831	-0.00952798623519552	-0.0432053825668307
0.0142259948065572	0.00128166641752585	0.00443096525979174	-0.0141719742816001	0.0101964722693651	-0.0143013700194026
0.0142756472742679	0.00159815277840104	-0.00435544104955938	-0.011886207217332	0.0133134219490386	-0.0174162793276488
0.0117073467761337	-0.00298640043320783	0.00683116051044831	0.0112011118851721	0.0189204507568426	0.00645863932082379
0.0120543496427985	-0.00013268170189391	0.00224699053140296	0.013866613875075	0.0132028819725594	-0.0107157801563878
0.0127206310249446	0.0103375877606498	-0.00491045399995121	0.00611231860187621	0.00582183367598267	-0.0112005771908457
0.014072463128506	0.039917747289761	-0.00354468550824025	-0.0248126828824106	-0.00291380235159667	-0.00341548836217708
0.0111606195627145	0.00707384022677215	0.00730393257022466	0.0171759889029196	-0.0102128260467345	-0.00416436755342759
0.0108575059888827	-0.0176643296082845	0.0066761409677309	0.0400806432999825	0.0058404122764064	-0.0198447889151729
0.0110710814844952	-0.0130896808330056	0.0111716654598384	0.0388651219734526	-0.00386974189473153	-0.0137962989541612
0.0115501505384262	-0.00189534315988108	0.00134151822545974	0.00326542083434195	-0.00532196686179659	0.0149520752482611
0.0123183118129443	-0.00459908386940639	0.000228061993122927	0.0122008332638848	-0.0106345274029236	0.000563985790749005
0.0123834473425915	-0.0243604325502693	0.0069613835682197	-0.0177904568640333	0.0145337629127103	0.00807794818117035
0.0122691006235028	-0.00577456189101092	-0.000213447203178542	0.0112044984479279	0.000803492387078198	0.00195350422904788
0.0136040388002818	-0.00921218676867174	-0.000619158766043859	-0.016442077549489	0.00619145014359663	0.00173156170043594
0.0130900701979361	-0.0137342392042612	-0.000712895092442956	-0.0209413276572934	0.00899527216035574	0.0197692811660872
0.0114899244417106	-0.0112195689007003	0.00266849875432523	0.0154790894393554	-0.000468005701355179	-0.00473094486172308
0.0127059499530429	-0.0057791582488103	-0.00809823004336285	-0.0117056324889198	-0.0134865598422948	-0.0275159740921032
0.0140118530630153	-0.0178529298577001	0.0393385875583382	-0.00964607491299319	0.0146291661638317	-0.0225090805829181
0.0131473931587081	-0.0374173968871962	0.0478460861620317	-0.0262282332962354	0.00813184647829636	-0.010855115459009
0.0113099101693427	-0.0111818797595897	0.00655130266851434	-0.00872618804196267	-0.012462111933843	0.00539574757962943
0.0120640935672456	0.0194565162079184	0.00502285494677401	-0.00584698704014595	-0.0150533798067205	0.000898067527159659
0.0126536256578364	0.0295003320134385	0.00846959086073305	-0.0107598162294915	-0.0134829679408254	0.000264476526818823
0.0126293026554224	0.0109232190882519	-0.00104059726769968	-0.00548811741068976	-0.00597325269188092	-0.00168482287827316
0.0123114477904903	-0.0187562251272071	0.0113496077029661	-0.0161564375434873	0.00944995101647846	0.0113184199107276
0.0133940450506854	-0.01967470718057	0.0242225033440634	-0.0182491476198107	0.00734536322905376	-0.0113226853599538
0.0145725790808681	0.00376124545611243	-0.00966674400695466	-0.0306778859037914	-0.001313133892972	0.00410886482359922
0.0136129576971018	0.00448560694122279	-0.0196819190518446	-0.0218679915865184	-0.00948797175293541	-0.0097590859258923
0.0117512021942432	0.00604506130856819	-0.00247694907368858	0.00513938926329041	-9.2866685652092e-05	0.0103131487053879
0.0126227743539117	1.48244976633056e-05	-0.00918889686553723	0.00433072711684218	0.0190669088284797	-0.00753037753739685
0.0117029595767633	-0.00737705147132378	0.0138807144405936	0.00206604069618684	-0.00336781145901491	0.00504832048172885
0.0121455250370443	-0.00373938069557146	0.00398727396896222	-0.00202142092123095	0.00347974456195921	-0.00748309140604845
0.0138110208610376	0.00628222220213166	0.00579705290067018	-0.00392114561091366	0.0145793724904614	-0.0143332517265553
0.0122506188799634	-0.00548053720181954	0.00174727683751347	-4.80765307995577e-05	0.00186470731084498	0.000558135790595025
0.0117236114912125	-0.00902044148961745	0.0040999260547878	0.00529623949009652	0.00220059120645005	0.00327126389984151
0.0118890445912899	-0.00371950345386447	-0.00131615812520341	-0.00283227983641368	0.02380220213789	-0.0171571452381338
0.0105422230343999	-0.014315544589577	0.00966185035259829	0.0116092799999071	0.00256469494488108	-0.00162585615020423
0.0116963116942849	-0.00460667604860757	-0.00188371298135627	0.0252981808729302	-0.00364497093279946	-0.028713300564845
0.0113271634623641	0.00163726000400624	-0.0029716621570935	0.0122479780929424	0.0103180499017068	-0.0249954640637083
0.011287592469371	-0.000932347875969667	-0.0122774232790991	0.0187651959176503	-0.0083646932397749	-0.00783390934752893
0.0113450162651832	-0.0056518690471364	-0.0173748181441378	0.0211493654230375	-0.00439793063209728	-0.00226411611160305
0.0110245050405217	-0.0123565112765033	-0.0154150271716138	0.0243159656768613	0.0178312757028852	0.00777418852588713
0.0125454367176896	0.0192381582761739	-0.000411456740333058	0.00175420740743372	0.00980587880477448	-0.0159271943089536
0.0125348222937411	0.0169963389957634	-0.00407924396435032	0.0116658919811868	0.0186878025626374	-0.0314105423280948
0.0121190054722755	0.0130076128576398	0.0131063463957493	0.0108789048264941	0.00846845721216322	-0.0053735339373047
0.0120383101327818	0.0111758760749117	0.0187768533280446	-0.00120561121684595	-0.00619626097396477	-0.0122185539320855
0.0114881913786066	0.0211485993487915	0.0251627110727307	0.0114148600288052	0.00766727402681862	-0.0023532708701111
0.0114805532841472	0.0211392728662259	0.0244035120480415	0.0134475087915954	0.00869193836039345	-0.00156880538562347
0.0109327907206622	0.00326718577612234	0.0237752444533423	0.0220623938904896	-0.00988210298383736	-0.0171518611821756
0.0118073889709231	-0.0140164697715081	0.0181972808938135	-0.00517307364468759	0.00380487304871899	-0.0124032431144771
0.0122053586389279	0.0149112524387272	0.000453328064581607	0.00424592437197239	-0.000442956346165869	0.00576297466779644
0.0123267704831702	0.0257194612832185	0.0213610510365276	4.57309123871995e-05	-0.0156871013625701	-0.0132524750966037
0.0128748179000034	0.00418425901251311	-0.00434903187608129	-0.000384387765303107	-0.000915577756401563	-0.0146643475913613
0.013765285973832	0.00648498830458388	-0.00146776865577329	-0.00486278265879689	0.00260444814412245	-0.0231241111019176
0.0114596106761995	0.00437394324971602	0.00535573511598315	0.000837972716265975	-0.00470168390014733	0.00365313095577008
0.0113026711581088	-0.0141260723542082	0.0156630500709759	0.0059981056270857	0.0117071093333692	0.0203475852185948
0.0126857305148712	-0.0320097619687856	0.0191964813400885	-0.0232139985068016	0.0163109405048102	0.00348522269837595
0.0118720302430137	-0.00412888434308804	-0.000888831130877954	0.0116095489126269	0.00224387373335719	0.0212209078092214
0.011810185576934	-0.00110450285344808	-0.00501366266926878	0.0106824585169785	0.0173212554387627	0.0105756354106512
0.0113015128938666	-0.0210587501672163	0.000728522188940383	0.0187279596732276	-0.00194886210315448	-0.00894897012380905
0.0124418428989438	4.54813575364904e-05	-0.00697136506401508	-0.00341940394560168	-0.00784624534472967	0.000564523020080344
0.0125153653030041	-0.00168107052439438	-0.00764285014061552	-0.0021509148910018	-0.00619986757609877	-0.000766901922997644
0.0129223851820681	0.00522319860708871	-0.00656144506722461	-0.00413442246859371	0.00930068649834051	-0.0181552036699965
0.0133954435830054	0.0147637149379641	-0.0022236082454927	-0.000873237149894112	-0.000585981151160357	-4.47297783942938e-05
0.0114206992582509	-0.00253199393968042	-0.011725849114329	-0.000615197714164755	0.00283847833821228	0.0151779689279962
0.0120817347533907	0.0184323511477606	0.000896222459560022	0.00881636937410043	-0.00768730157615886	-0.020809913753627
0.0119542466533026	0.0087639359468962	0.0113408417617346	-0.00186165689207504	-0.00927423229199996	-0.0199785475611226
0.0133254316724675	0.00139345531195484	0.000357750788525415	-0.0061245558033075	-0.0125749123249209	-0.0211159078610578
0.0129898475021874	0.00163796640176356	-0.0210992058146281	-0.0118303135112077	0.000798590888666005	-0.00143953909775555
0.0129836626401851	-0.0113200973788618	-0.017324974051639	-0.00152121743108707	0.00252614393629406	0.0038727862777229
0.011537452677972	0.000412641110427385	0.0116473893735158	0.000274262251010272	-0.0098723103388372	0.0236971135887257
0.0130409414088902	-0.0152964934683263	0.00914661758771131	-0.0164194218181766	-0.0138212380018685	0.000156499309096585
0.0117685945941658	0.00347709338649422	-0.00899495252112279	-0.00414932495172403	-0.00562632018856135	0.00163723805265736
0.0112743854951551	-0.0138007032546433	-0.0028995509981087	0.00736311949761766	-0.00457584414072335	0.00964466965920915
0.0119498277053425	0.011979034255738	-0.00668844025067823	-0.00630411898094452	-0.00962681309801877	0.00722111151029804
0.011749265911739	0.0158949495592174	0.00536059404774365	0.0106887255099747	-0.00993030287353895	0.00727840958074436
0.0135595585361294	0.034361769798267	-0.00441129513416549	-0.00305868060988376	-0.00369076938843366	-0.00411727971467603
0.0126376486129749	0.010773032934914	0.0108096691942934	-0.0037055721284852	-0.0134710575715195	-0.00911356980855222
0.0125630000404162	0.00807225712434943	0.000366689872718486	-0.00771879112422418	-0.00445873811926959	-0.00323274098042461
0.012787414942682	0.00524636444853292	0.00475637501740045	0.00566382842977877	0.0139264696927474	0.00286345533593384
0.0126447036833391	0.00722828422083062	-0.00774964222758146	0.00519181750875838	0.00837686041383629	-0.00417300946634992
0.0125097930576461	0.00328158052546973	0.00429004933532025	0.00157511554220325	-0.00484189620245087	0.00653200264274606
0.0119405629911604	-0.000639952265827346	0.00348574271687951	0.00529942176015373	-0.00152308574760725	-0.00217058408542053
0.0112339171613051	-0.0127305951809612	-0.00233966969854033	0.0177262143694386	-0.0158811971406221	-0.00550854019915883
0.0118614831476336	0.0101961255040076	0.0117638642892737	0.0140437627507347	-0.0171000972303774	-0.00982238346146866
0.0118212439102797	-0.000194467856457156	0.00465248970786706	0.0154137373358136	-0.0134810117263332	-0.00364038303329403
0.0126977551488057	0.00239766157697588	-0.00670510532257444	0.00810094362786925	0.0197125418774339	-0.00199524648606282
0.012079379337069	-6.57562236406548e-05	-0.0149660804217544	0.0112010946848451	0.00631948736179939	-0.0210924237136563
0.0109296728772516	-0.0150519010311747	-0.0123086516000467	0.0209390680374245	-0.0252943756994361	0.00444236313960357
0.0108845562587164	-0.0141969538300825	-0.0103258871918615	0.0202816191764264	-0.029410846184475	0.00871120610945907
0.0121589512820449	-0.00656790565233462	-0.00172895376136972	0.0120627530879637	0.0149119076044446	-0.0138627945050129
0.0124911760482634	-0.00516966411405225	-0.00139561780829714	0.0102664372954162	0.0128865137108035	-0.0033483198789408
0.0122334537954243	0.0082721503937732	0.0134280749383824	0.0113279004699282	0.016969883547262	-0.0169117077910693
0.0121036389279754	0.0121879169388038	0.017118490407197	0.020312453684099	0.0143460135150031	-0.0282193874073242
0.0126352549954075	0.00365852410634526	0.0124934084167104	0.0134719836287055	0.00494482074475505	-0.00160542246980723
0.0108954694625591	-0.00238704277229641	0.00628096202431048	0.0103217257313756	-0.0192730526369715	-0.00831912083462161
0.0105492294239396	-0.00532941807229298	0.0162018091324218	0.0135505445325626	-0.0245307322418007	-0.0114694437103911
0.0128856932125208	-0.00234406545361113	0.0122348422615546	0.000728647297645523	0.00922362621868293	-0.00798172271626519
0.0134631783627648	0.00263666890569916	0.0123621081601467	-0.0113084173572094	0.00198262361694894	-0.0133057734315692
0.0131785578946729	0.00109425552051995	0.00876682210397295	0.000455085694769122	0.012445781077951	-0.0135833355152796
0.0134126074532411	0.0100162696293715	-0.00853226389010964	-0.0239141565965018	-0.0060247866904532	0.0191397663977572
0.0116734110393649	0.0217947512419807	0.0112438268521205	0.00267640827088583	-0.00533678252060018	0.016184457700479
0.0130791993912884	0.00399269417658407	-0.00677724127042542	-0.0138055223631165	-0.000101080805111833	0.00699205257035996
0.0116528876440893	0.00315570228302575	0.00743288827657073	0.00595428720957789	-0.0217739169141432	-0.0112490844086562
0.0121424654823251	0.000630774203653704	0.00612299698982897	0.000823701560805194	-4.05964790671995e-05	-0.0107904065952535
0.0125415381906614	0.00526834430417755	0.00831080870583238	-0.0101988079718927	0.000498324706222092	-0.00995242812568371
0.0134228726494452	0.00457129334779162	0.00331361209615869	-0.00826817183151515	0.0215179903417154	0.013228390573635
0.0125301663509003	-0.00293249118320355	-0.00152689407361621	7.30051228781748e-05	0.0106571139437652	0.00155516090137841
0.0124776538914101	-0.0036795019742378	0.00542320055188047	-0.0146371912545165	-0.0150439719801131	-0.00930144196517115
0.0123938778771232	-0.017145477848244	0.0215502657879942	-0.0126979504503929	-0.00306949309669803	-0.00862964275116008
0.0110649211880928	-0.00430764972498145	0.0129258367602629	0.0140622309055088	0.00297186482877356	0.00250193418996528
0.0119185001259219	0.0135093651025792	0.00550995511006958	0.00946956050687918	0.00249239539540285	0.0176201500677536
0.0137284412484301	0.0110661879586226	0.012037208670434	-0.010126195646553	0.0178398202620025	-0.024849306055991
0.0113582212558767	0.0214159864844093	0.0203560620288407	0.00960403429982598	-0.023310333812983	0.0236647968790475
0.0111149622065945	-0.0172059888397298	-4.48149037309258e-05	0.0035284240248451	-0.0035833606497512	0.0211515792408561
0.0141966227495053	0.000740837910255673	0.0197230452964295	-0.0089999056484659	0.0221948769443996	-0.00817046479378795
0.0119009820473872	-0.0079383623747643	-0.00768345216164692	0.0089208186248475	0.0137500628524628	0.00405557095221049
0.0125170132525184	0.012294623825798	-0.000654404967604119	-0.00578035822107772	-0.0123526538354564	0.0010365001087601
0.0127616293961891	0.0152783430555035	-0.00978146654351183	-7.84434549276551e-05	0.0023013283950374	-0.00770955824575788
0.0131084604757606	0.00863991361704247	0.000614021434659662	0.00192271786117212	0.0109672219941291	-0.00896322955286802
0.0116025272338652	-0.00224896509370826	-0.00539727039434238	0.0189030916308443	-0.0228143987596618	0.00277945198722579
0.012019820909717	-0.00453166264899121	-0.00404921543731346	-0.00134050279163284	-0.00158384584384789	-0.00161857254782927
0.0121902058896014	0.00948340229989843	0.00913268606011967	0.00352932201616728	0.00101244136311404	0.0301308955685253
0.0122767606045129	0.0138166863682603	0.00955826955183889	-0.000975964832580491	0.00508427882678554	0.0292936622113034
0.0124230681359352	0.0149602862414451	0.0151259058476703	0.00201239864226789	0.00182646427869302	0.015964481326211
0.0117950434424467	-0.00481313271998464	-0.0101949292837988	0.00331306541994785	0.00300872592877632	0.0177940409038317
0.0153285404170566	-0.0169122785254406	0.000806957040977506	-0.0158611808256639	0.00270174731928282	-0.011457685584722
0.0128324799033398	0.00233247812290913	-0.0088464687265017	-0.0135191982247688	-0.00862979949013617	-0.00862114041521833
0.0112291109259538	0.0053694906444385	0.02069201003263	0.0190670519676493	-0.0363676080891553	-0.000652392266825994
0.011415260878198	-0.00908071510088816	-0.0212502835448119	0.0128738165499414	0.00476222175552165	-0.004031221711417
0.0121797609629136	-0.020200132855961	-0.0154534961996754	-0.0118722037666566	0.000720053468855988	0.00810880808004971
0.0113051176788966	-0.00480493795073629	-0.00444881458587193	-0.00498021086374068	-0.00975834040125799	0.00382900026865412
0.0117186120715375	0.00774747774072261	-0.0022234254326267	0.00038282472908307	0.00747754298091968	0.0135959007906726
0.0119133909161698	-0.00490357309020534	-0.0207572766692265	-0.00170322138176095	-0.0139545702399123	0.00766583462408199
0.0133677184506009	0.0467101884473624	-0.00914428748555291	-0.0241122662227313	-0.00967303881706829	0.00592044978720853
0.0114619951048961	0.0239566426594296	0.0209242889477429	0.00359214439420162	-0.0119723318798706	0.00993830356906388
0.0117142534469445	0.025436277304083	0.0258914812807585	0.0183166716189337	-0.00267862419986534	0.00308980959426016
0.012772027320487	0.0121710580585189	-0.00874348915726634	0.000387127872341946	0.0200486650034487	0.0116995861713554
0.0135962228422067	0.00559516803899239	-0.00973555304421837	-0.011378497007291	0.00192327333095114	-0.0103462877151264
0.0126713709303625	0.00765532157609745	-0.00429075718261231	0.00445876556183425	-0.0116505361974023	-0.00412812877424393
0.0107698749623075	-0.00538486286092667	-0.00372273351172848	-0.00209629762343341	-0.0243429306916363	0.0300586271085372
0.014267201196792	-0.0108103466441464	-0.00135119759078112	-0.0258793366392759	-0.0125849022474066	-0.0125868004114139
0.0124265852452884	0.00772688309525144	-0.0194979763332067	0.00319113167691807	0.00120933861065921	-0.00206362475238661
0.0122630665333256	-0.00681651453292154	-0.00424173991330309	-0.003798023037925	-0.0184289602385958	0.00278107670598893
0.0120834110877108	0.00103300763316824	-0.00965432332510361	-0.00441408285497156	-0.0100814532104537	-0.00433033627412118
0.011686261697375	-0.00259954853567835	-0.00596084114307512	0.00602552900391047	-0.000971037073904792	0.00688193570764887
0.0120234204604172	0.0139830343048287	0.0151349097395828	0.00854059384840422	-0.00728539837021781	0.000775485813200152
0.0117622230760397	0.00846730838973997	0.000684294942146133	0.00396017128114749	-0.0184318997536565	0.0081292135321382
0.0118621436969166	0.00222341932185203	-0.00266515815342795	-0.00253854171536873	-0.00383062739917555	0.00838288559317407
0.0119465576227581	0.0148563158928031	-0.00739793065872642	0.0123193585725587	-0.0045477632427178	-0.0005140167119324
0.011882277494492	-0.00650217759878621	0.0123044726206208	0.00529011683878783	-0.00126378706109939	-0.00316722617538056
0.0113753368863331	0.00673066650812072	0.0158398566155333	0.0153302691649602	-0.0130132296828234	0.0101244157530755
0.0111442071272357	0.000771999742962253	-0.0151851602946009	0.0257880905827654	0.0211059462564977	0.0085329563878509
0.0118664701237948	0.03572889458673	0.0316967336818473	0.00334942902208394	-0.00116382702025003	0.0172858530030222
0.0118067525940762	0.0357520019418564	0.0339248502817533	0.00438719072844024	-0.00153045182398197	0.0137620372167624
0.0114332654961176	0.00460628755502513	0.00190622617739699	0.00474690976953106	-0.013960367554322	0.000256758647145324
0.0132110455223142	0.0398773346717697	0.00219456255764057	-0.0212759799687158	-0.013341215997374	0.0120724107903205
0.0112683231197351	-0.0149930545834014	0.00196560538424478	0.00284832451680942	-0.0330968701104407	0.00258166261138868
0.0110886414121291	-0.0140669961503736	0.00075583400127752	0.00484354603134844	-0.0328596029004826	0.00403161101184759
0.0126136498389917	0.0023862921294743	-0.00436143089096519	0.00455302989868195	-0.0170225378794133	-0.0133821690657809
0.0124889132766403	0.00330079013021961	-0.00245451491032353	0.000151369386219018	-0.0277034803515711	-0.0116367685919059
0.0132984246001083	0.00513577139623115	0.000277383872832648	-0.0120717449158461	0.00270339101118045	-0.00519256650944613
0.0136518790490882	-0.00392300705604194	0.0121943581741823	-0.0225118379261388	-0.010362362288988	-0.0131812764117715
0.0127307259286021	-0.019949261743036	0.0169105076477028	-0.00573861366685943	-0.0107862408258778	-0.00421966323147777
0.0135475893996718	-0.00899182399915839	0.0210607411803652	-0.0058756824165449	-0.023581300067137	-0.0295013729383169
0.0133906233724557	-0.00721926362798254	0.0218563248752105	-0.00429249406485068	-0.024454889963141	-0.0275148260158978
0.0115836127876467	0.00575878923411645	-0.00662059962660042	-0.00149023624515599	0.00241944565975048	0.00584376424985986
0.0114240363109031	-0.00930956495550006	-0.0159740644373489	-0.00509305278039991	-0.000364838502236564	0.0140655071183884
0.01199156214388	0.00611039510384791	-0.00178550490783826	0.00158149491761584	-0.00673549731779346	-0.00178630901558564
0.0126686241565481	0.0139974938036111	-0.0028642828337853	-0.00348937210098141	-0.0187042513678622	0.00258758605124697
0.0129795235258768	-0.010692151556418	0.0135378690852253	-0.00917246214472117	0.00830827405985808	-0.0261634666813119
0.0111036573069469	-0.0103475885935709	-0.0185142642178783	0.01997544929135	-0.0116112942249253	0.0115365473328145
0.0116470559936013	0.00316848389419138	-0.0141125737360314	0.0102452529260089	0.0143785607850025	0.00647182466014491
0.0146036493263757	-0.00298621044927869	0.0272708608714742	-0.0111049050826792	0.00581383621345491	-0.0112383966882225
0.0119016361615583	-0.0211896983881119	0.0165896648912396	-0.0266667541751755	0.0182349849351422	0.0305281701871896
0.0125215724821251	-0.00655663523738659	-0.00762425883620474	-0.00392745166831357	0.0138571240790178	0.00880549940663203
0.0122957927305665	-0.00827708896706284	-0.0108126365455008	-0.00184038957029391	0.0104906795876049	0.00532938635226671
0.0117241602724552	-0.00408673830325157	2.66227138197555e-06	0.00599378320885163	0.00513443705502816	-0.00723753373124408
0.0120730408019224	0.00136997531277154	0.00771746722034971	0.00329486369941237	-0.00815499102220129	0.00674902126863234
0.0121662817506119	0.0014994955544275	0.00229048574939251	0.00124103590075812	-0.00283630873279161	0.00842404926104235
0.0121806047203339	-0.00676437319407692	0.000826850655681487	0.0147293695058864	0.0143593511577613	-0.0109202396972368
0.01204188508417	-0.000642924735159509	0.00541299452141545	0.00777486421094753	0.0145774462861925	0.00143205663181329
0.0127540283601284	0.0263243856175035	0.00169213774439229	0.00546234823061612	0.0163456139212873	0.0142689882305935
0.0109684105660141	-0.0252892946987018	0.00556965202090304	0.025446606461998	0.0167565530915965	0.00330963788718565
0.0131686221434972	0.00424966970233094	-0.00255438134745326	-0.0045428166618051	0.0231043020381454	-0.00274325090009389
0.0121269372558769	0.0232883352570581	0.00788980488137259	0.00806367424760008	0.0228314906932355	0.00542813048860829
0.0112283602168191	0.0128155042056023	0.0408383736154454	0.0187470191615934	0.015880363686469	0.0321968615012386
0.0112081160759238	-0.00885496022855222	0.0146569758640076	0.028872591606428	0.0182273390650046	-0.00742723403096256
0.0117203618376811	0.0268917834661356	0.0484423693786692	0.00854121548646236	0.00326619423698543	0.00431659824331095
0.0116782499897881	0.0255545060365314	0.0418839660236408	0.00997567702498018	0.00826571229942932	0.000285290800472705
0.0145871811068527	0.0121089106740246	0.0226590948941427	-0.0173441305076414	-0.0228790594674519	-0.0119867725726471
0.0140721188040328	-0.0111591200125105	0.0181904632344443	-0.0169724744163954	-0.00614294038085329	-0.0266270398914647
0.0144554916143379	0.00716282955566171	0.00861710212706549	-0.00961461460567307	-0.0074354547446496	-0.0116075935841904
0.0113366597492443	0.00152866164585839	-0.000702020208888192	0.0109388691792033	-0.0112896094642863	-0.000111180359869498
0.0116610424959817	0.0076361180757199	-0.000298182999242079	0.0117472533488669	-0.0142311075527649	-0.000741567619136238
0.0122265745641111	-0.0182453158768132	0.00236159472105098	-0.00576686554348841	0.00316975864525039	0.00355683488455527
0.0128555156291061	-0.0113619393074505	0.0141150831487758	-0.0116021749496433	-0.000169753328063081	-0.0244848579166123
0.0148891594960062	0.00194493807702332	0.026441433704846	-0.0165611898082885	0.0158642752210003	-0.00680092564943535
0.0125058625178534	-0.00595147077266974	0.00556776806449857	0.00394275550458828	0.0158434985204286	-0.00311862634687606
0.0107976343171895	-0.0169939667368133	0.00143105459630131	0.0165054652684489	0.00421701310858265	0.0109868397988401
0.0117948368023094	-0.0119570208277279	0.00137924015028525	0.00493274453529075	0.00877513384421938	0.00409301081515864
0.0113577189267202	-0.00272937441434697	-0.00535401139982396	0.00672256346466347	-0.010661567927134	0.00647316538425552
0.0122154513871196	-0.00366288423277363	-0.00501737346401462	-0.00352445456389134	-0.0111519752764216	-0.00421010141725481
0.0130906165212088	-0.00364833107493014	0.0260764506062682	-0.0176169456288231	-0.0278729084658406	0.00640780763728128
0.0136873915971395	-0.00642550413199019	-0.00086953545692035	-0.0152467311110163	0.00494938553050988	-0.0108971621260918
0.0127750101084021	0.000885873383681399	0.00112458277760138	-0.00927510011507879	0.0140058612627082	0.00832993772838217
0.0132207594233596	0.000390702863678257	-0.00419274188445107	-0.00787882030927179	-0.00141745703948919	-0.00985530114370829
0.0120640283171321	0.029145121337964	0.0275368569521332	0.00245640143989911	0.008679749280661	0.0102751699759975
0.0117047061145873	0.0230876034247297	0.0432091374708744	0.021885452596611	0.0365144334234323	0.0341270013070903
0.0116279407150655	0.0207231999791936	0.0180887349905083	0.00342814000042195	-0.00810761462618586	-0.00279315758150886
0.0132956070309677	0.00682627034500595	0.000933096647729594	-0.00998743951226065	-0.00564282455368855	0.00570221805020034
0.0138106851841106	-0.0198662982407627	0.0219017097752616	-0.0057613597084779	0.0208016579004692	-0.00602870348290205
0.013693759676435	-0.00987718871507282	0.0260711937934131	-0.0012275458340378	0.0243765548735421	-0.0189289622146987
0.0108733565394935	-0.00974077771919186	0.00295853253424812	0.00662203516130263	-0.00879225991395945	0.0225389660785511
0.0135827595314423	-0.00767450682229349	0.0240937832550457	0.0012011055836181	0.0252094141431284	-0.0223140218531258
0.0123838592877207	0.00321190303575562	-0.0145712065168292	-0.00386811066711049	-0.00136639619383078	0.00180390876134546
0.0124536974345185	0.00511695297871665	-0.0107923754208806	0.00268652300906636	0.00957980453193222	0.0101343312526115
0.0131358773787362	0.0410966980787892	0.00750926072376183	-0.014047702159326	-0.012944944562478	0.000482314923083919
0.012983946011285	-0.00768918345492023	0.00746247572457782	0.0149929168010403	0.00825005371237426	-0.00642407714333081
0.0122373658414793	0.00338873307010927	-0.00259545360300868	-0.00922385428728156	-0.00453631808464776	0.00796050153352884
0.0111273539769608	-0.0030373863895777	-0.0181379952462369	0.0136836896301326	0.0127067459250809	0.0346474786281955
0.0109947979747863	-0.00399760434684839	-0.00780668089811317	0.00323503577601972	-0.0290459913550047	0.0151864250183669
0.0118436135977442	-0.025138888161297	0.0107162656319261	0.00167979096086189	0.0200587304700069	0.000578638880831274
0.0131439262851079	0.00657719141374177	-0.00284919975609464	-7.51110240235654e-05	-0.0211481853514693	-0.0026152517731523
0.0116714787274376	-0.00765379028599649	0.0117473113685005	-0.00130012845712208	-0.0292403466425592	0.00594096438338693
0.013492366087638	-0.00281688227300835	-0.0132381753485967	-0.00961236333148269	0.0230254116816243	-0.00810702788197601
0.0107242297816537	-0.0134345737413907	-0.0104108072223174	0.0205068525039427	-0.0189941598175701	0.0207224897774041
0.0110701053304008	-0.012909426688673	-0.0152488672519812	0.0220470711471556	0.0094449831193079	0.00823497138151175
0.0116520893537859	-0.00711175079448153	-0.00715274067136862	-0.00792300159820237	-0.00697875786886692	0.00425647795540603
0.0122843379778419	-0.00292969343095684	-0.00988212331775183	-0.00197730703531545	0.00240439917556104	-0.00264634096871147
0.0110697044026202	-0.0116910727202664	-0.0155932921926119	0.0102106109731641	-0.00515659179817928	0.0187026735448354
0.0129009872422326	0.00458811800302121	0.00216376496256233	-0.00089950001563133	-0.0049397915510111	-0.00414279680650128
0.0137932172566159	0.00179805011793593	-0.00773275230641242	-0.0154421617516901	0.0223004427206066	-0.00115581893679636
0.0112219718382354	-0.0171492686273033	-0.0108920865827486	0.013544268424258	-0.01411336323006	0.00376264667055857
0.0118038466084402	-0.0179016707483346	-0.000582167353838543	0.00730955849883693	-0.00885772085954379	0.0135752931623495
0.0125546147584602	-0.00090878413436661	0.00102843500768922	-0.00290322895430872	-0.0058904171193921	0.0147415026915866
0.0117603043465836	-0.0172473163927526	-0.0140781369835774	0.00584085776363447	0.00759416882290975	0.0031321325698387
0.0111293226710347	-0.0158700989706606	0.00937993151741832	0.0156429993210452	-0.0155727405066484	0.0176786996924541
0.0120747794931523	-0.0214167475556703	0.0106645267090626	0.00116296291659152	0.00973042129887038	0.00272886130458488
0.0122385958969679	0.00873398414663398	0.0295630667741538	0.0146643748330457	0.00674762647325613	0.0118242463624346
0.0117912158565084	-0.000986842672905926	-0.00472522583796953	0.0101976757241398	0.0120557119493258	-0.000938726182595068
0.013125884899634	-0.0240073374275959	0.0320403841477586	-0.02232622276023	0.0203930564987384	0.00580905953352885
0.0133614135306724	-0.0265670175583436	0.0410701082040669	-0.0265669874104517	0.0161936392982273	0.00396852058375783
0.0111746397094086	-0.0172975608905887	0.0193429933291329	0.00841363086050183	0.0173494601567871	-0.00286755525022105
0.00946380829638364	-0.0233295803207171	-0.0043415539625087	0.000752708165642045	-0.0217943125950135	0.0119834557046293
0.00946503783585294	-0.0145378963920345	0.00346203186473097	0.00279391932733636	-0.0338412888659853	0.0216167226387826
0.0125392316774447	-0.00560338075849246	-0.0126448352772887	0.0102429481195585	-0.00902446641839676	-0.0104509226706806
0.0118796540472507	-0.0189333060272745	-0.00223987225448145	0.018033079644425	0.00371520534011962	0.00107875765622637
0.0125792581495409	0.00643589659364266	-0.0198816419476939	-0.00606825739667284	-0.0275121101949986	-0.0357152778015494
0.01191399087644	-0.0206954287604306	-0.00110874003457867	0.0225852108357837	-0.00359585561380351	-0.00101174534661367
0.0117444332763697	-0.0240988279691198	0.00265661107876728	0.0202400364868474	0.00774395431868032	-0.00820484762032054
0.0103324411069892	-0.0172589339165053	-0.00252318602476947	0.0174978217842188	-0.0109011304957382	0.00572571094833358
0.0126379119902949	-0.01953445654224	0.020611876146563	-0.000164237181905811	0.0268231523215963	0.00675266476243494
0.0136711697189706	-0.0203011816311722	0.0300558753434611	-0.014090895389669	0.015876048343542	0.00867934960666506
0.0114949995415232	0.000500983729134831	-0.00367166692712515	0.00940317255985317	0.0101217826011026	-0.00808945361757516
0.0106533776294942	-0.0160826337281454	0.012105715523083	0.0280204220516093	0.00350433747014208	0.00089265544168482
0.0110341188103813	-0.00826494981411562	0.0345519317345608	0.0120210673322069	-0.00205878065991215	0.00327271466673428
0.0118833839630777	-0.00375292870261445	0.0111553893033439	0.0188777421602525	-0.00296482842715682	0.00375907037994054
0.0121665635216306	0.00919613173937099	0.00581379511516407	0.00860598284095785	-0.0111290626225824	-0.0225402700083246
0.0102838991224149	-0.0186746832040901	0.0020126956353469	0.0272296135700168	-0.0217144024670822	0.00653662011453698
0.0134200926257414	0.0057604751353071	-0.0226570405365512	-0.00687887513386768	0.0028105888411684	-0.0177081374101786
0.0130157328998668	0.00167607894304613	-0.0168740636241278	-0.0122557402202058	0.00156954063688495	-0.0109941774256217
0.0116558962914419	-0.00483870398914736	-0.00105668946453047	0.0177089727029615	-0.0209887661755213	0.0128966551589887
0.011951043601393	-0.00728946407497158	0.00132844103885224	0.00118387627436651	-0.00904745481676953	0.0086890633682175
0.0116583036332415	-0.00551941277477398	-0.00415244719571499	-0.00617804656350891	-0.00530243003437706	0.00409679630058509
0.0109010446492731	0.0058696636210271	0.023761554645295	0.0225977729924123	-0.0104598119154476	0.000634691945070332
0.0124747584317236	-0.00469045921047302	0.00551500108084501	0.0138471084115995	0.014386622815551	-0.0102936055415716
0.0133317275756933	-0.00723469222872686	0.0150422009422662	-0.00886505727491875	0.0214551888671053	0.0227543192729605
0.0130683928935141	0.0118306594900493	0.00701858328075986	0.00363916874669247	-0.00586230858278191	-0.0145092552627546
0.0129604002302995	-0.004906819669944	-0.0218730620800446	-0.00510128692127371	0.00680192855135298	-0.0118648242201791
0.0115254757903087	-0.00117253050011896	-0.0111422900944889	0.0123749236761519	0.00355414388090805	0.00447942810872874
0.01152965399414	-0.00150207195924752	-0.0103582646515623	0.0115178071544279	-2.44624350273844e-05	0.00235178172125087
0.0118315759718965	0.00557642600597891	-0.00184658609112277	-0.00286319181330192	-0.0130570709509773	0.0124979466227232
0.0130047039241101	-0.000383026724174731	-0.00871277980713733	0.00164743619182129	0.00391005067756627	-0.0132549376737988
0.0137937704115111	-0.0149132631234313	0.0186597465074795	-0.0151217964607208	0.0308446690639281	0.00139423746216318
0.0123949224450321	0.0020763335748692	-0.0206730053398142	-0.00782325212854293	-0.00266141051916698	0.0145406799789731
0.0115446332336203	0.00196241814691302	-0.022654725923617	-0.00554646827746014	0.0017117091115755	0.0147830292414793
0.0118032993697793	0.00790146042848781	-0.00424498951150308	-0.00218844673995122	-0.00645115498698912	0.0214775326590511
0.011929030040508	0.000807645752071711	-0.00865218602098879	0.0073894484818072	0.00121054749773067	0.00976718451664149
0.0136100380030888	0.0153867940485009	0.00213623099910276	-0.0102667230978682	-0.0109243261339153	-0.00660216313522635
0.0136744956810467	0.0148553333300337	0.00086952114200033	-0.00929291304110673	-0.00806287832107022	-0.0127064780622965
0.01474236401147	0.00219634614941186	0.00834122490831124	-0.0183681401634848	-0.0127744616060945	-0.000733055320992699
0.0140610568249392	0.0445938630346521	-0.0111268294115253	-0.0274349678960104	-0.00654878642845644	0.0138786556083506
0.0137171780209727	0.0391518170336054	-0.0122140200120491	-0.0105285670217306	-0.000140969476094325	-0.000295698782292133
0.0118387143388693	-0.00672889630266187	-0.00263164610325623	0.00305130448640139	-0.000812902563832677	0.0171097125902631
0.0121588438259086	-0.00905199749115601	-0.00758142108692963	-0.00281793679194386	-0.00598733787005693	-0.00127091781446653
0.0124473597152307	-0.00452011512732108	-0.0113391161139765	0.000139639172260701	0.00954041409177388	0.01383053342415
0.0117581276606752	0.00802076952451197	-0.00631858625761324	0.0136909915510898	0.0106611886848725	0.0178806825424617
0.0124494369246196	0.0312104528070113	-0.00400627925406066	0.00306148316587204	-0.00975436336573032	-0.00876035283127272
0.0128700194821746	0.0113150466786122	0.00526069113246365	-0.00518090765692753	-0.00448541679503085	0.012194180582944
0.0125424468825251	0.0019690121067406	0.0116780059001775	0.00340781175829791	0.00818929205968998	0.0109904277246209
0.010874781679335	-0.00991404839605662	-0.000333028359263348	0.0141669298913545	-0.0144785578568688	-0.00154686558150795
0.0125431315779409	0.00304468392546529	-0.00899737494873571	-0.00681786478676773	-0.00989698111805669	-0.00868371231528653
0.011936119882316	-0.0179285958027551	0.00556062291365994	-0.0126832560309051	-0.00918464377982115	0.010360616066866
0.0139790221751593	0.00717144417019726	0.00806669309935886	-0.0400553917918348	-0.0221789770012087	0.00378381041747148
0.0126219897356016	0.0239108253933526	0.00503300456350483	0.0124894594837979	0.00930286495578045	-0.0153984972702572
0.0124649354630745	0.0268826036347644	0.00410563261308177	0.0117941317291961	0.00547410306414925	-0.00877874667928183
0.012669394837223	-0.00157404411776909	-0.00630831613145341	-0.00970540927644603	0.0112183586518298	0.00897474268604717
0.0118918565101943	0.0015014772265165	0.00717242538607662	-0.00181390271925965	-0.00713069781167481	0.00520488177308336
0.0130041838007039	0.00257645763635004	-0.00557716627197277	-0.000706228114182599	0.0175959933791622	-0.00344340667833524
0.0134283720487531	0.0166569962690609	-0.00451124549819749	-0.00737850554722247	0.00549854620603313	0.000557010559461704
0.0131866634149312	0.0104770206590585	-0.00478161424870582	-0.00451007552613115	0.017076569277003	0.00356314169820395
0.0132529546979562	-0.00143338417021579	0.00242723109192796	-0.0025683651898819	-0.00876791323747628	-0.001900588352653
0.0128348471011072	-0.0233465598711605	-0.0170415310597634	-0.0192238939160362	-0.00884408405556257	-0.00575747930594766
0.0127605389171914	0.0100690819877607	0.00780538605900702	0.00724051816218477	0.00730134542219315	-0.00544616074915073
0.0116560392945967	-0.00739632118189818	-0.0104633338910763	-0.00575120216921621	-0.0121998201795271	-0.00250077048499241
0.0130035838342176	0.0199420323848906	0.00261509167887117	0.00735518093219182	0.00659967377466354	2.98039288947628e-05
0.0120501971703542	0.0231208610215741	0.021929126743959	0.00390530823820169	0.00245395557096994	0.00083770787099249
0.0125030184868181	-0.00265683721454268	0.00102383933500625	-0.00633746657634521	0.00963986708743629	0.0102478872754571
0.0128750671596033	-0.0063469244957416	-0.00703965467384352	-4.33253288003449e-05	0.0125148342576	-0.0114297383308476
0.0128577317741384	-0.0160675029868407	0.0239818695822137	-0.0276357925586816	0.0146956589744449	0.0159373436639051
0.0123891008633065	-0.0193370612471417	0.0288990396309051	-0.0312611481207418	0.0159547397650015	0.0206404842815732
0.0118414572445211	-0.0220670847329908	-0.0198028710742613	0.020429471416159	-0.00195017019176877	-0.0048533768698979
0.0138578238051288	0.00458587682396908	0.0060373429659007	-0.00800690341930484	-0.00718195083006663	-0.0152550484923429
0.0129916772806805	0.034658926675714	0.000740906312937548	0.0047999838888284	0.00703194420274335	-0.00543310563112964
0.0121445529449656	-0.00895059717160951	0.00165458125572622	0.00306791722950139	0.0242305194198804	-0.0117548267476327
0.0124196422233879	0.000166081091334159	-0.00797912955482211	0.0134831702422789	0.0100017830050054	-0.00428182281649107
0.0117531728072344	0.0227088432213801	0.0234912080357199	0.0121536709135323	-0.00405836080646846	-0.0127050556913053
0.0132270751143063	0.00783572267827667	-0.00071202453214721	0.00189165507616373	0.00898883299612787	-0.00673783430201903
0.0135967286792716	0.000327484458913932	0.00724267059761964	-0.00754512492377178	0.00545496316249127	-0.00762226232352686
0.0118444284109374	-0.000797255705895379	0.00460165283929849	0.0120974241303458	-0.015211050226502	-0.0034128529915877
0.0127290863745351	0.00988952835005258	-0.00771780917168608	0.00406998602230172	0.00359695785863704	-0.00409470871517595
0.0107992188360081	0.0197275330062466	0.0197361893568565	0.0263746401898179	0.00356676967469148	0.022021771535709
0.0110146089112369	0.0172897100362714	0.0368273310811271	0.0172694256599206	-0.0107848188556658	-0.00191808340525056
0.0117804066677468	0.00368012137658362	0.0178505470016843	0.00036313730107784	-0.00642148709922564	0.0216996580970816
0.0111176914231401	-0.00459760276034851	-1.60709458336215e-05	0.0146155288689183	-0.0114977595124543	0.00670782745373091
0.0117285778398211	-0.00798651385037669	0.000232597794122117	0.00491638527219504	-0.0206183505745757	0.00436986277070365
0.0119769819117151	0.0136391213216553	0.00417766150142505	0.00809410916931983	-0.0207069568336831	-0.0103131076548691
0.0118692587240279	-0.00320946206538938	-0.0065861525903587	0.00754359335926316	0.0267160089090042	-0.0109844572141333
0.0134529067237244	0.0173061305431079	-0.00387288257504251	-0.00528009217227588	0.0112397137519987	-0.00476823968868138
0.0131032792512462	0.0181203442367791	-0.00288343143442335	-0.00451499636964863	0.0117639254065253	-0.0104468852536283
0.0123513265558487	-0.025041534659014	0.00354547970300798	-0.0197459783161997	0.00667377169733878	0.00640033506202774
0.0123239779332895	0.0182496276813311	0.0130548545384822	0.00481006692367026	-0.00259171687313522	0.00060375628908467
0.0112356173098962	-0.0285492962664057	0.0180087560077807	-0.01133885411543	-0.0122183794826015	-0.015925807582403
0.0114763039904389	-0.0218916894386639	0.0198342677502902	-0.0151087111563284	-0.000694480784790503	0.00367918920577536
0.0117853973178358	0.00491023635202314	-0.000624219545206917	0.00821953848922211	-0.0167623386828164	-0.0204375732805202
0.0126330550058782	0.0377904785929095	0.00248978717846297	0.00654436604467572	-0.00300138141215658	-0.00832502033105096
0.012245840002689	0.000706527894991057	-0.00675424129997747	0.00541671404344175	-0.00350095297670252	-0.0159681440017878
0.0124412649813877	-0.00554526010393443	0.000112649185350557	0.0064045358995557	0.0233641278366108	-0.00371273768654284
0.0125092508043188	0.00486274590414627	0.00127197486989682	-0.0037813526138224	-0.000953308210347855	0.00410291057472232
0.0117032936809132	-0.0139372646827735	0.00506837759529168	0.0119357444989987	0.000875668871303082	-0.0068884328066735
0.0115003366672954	-0.0119114868702027	0.0169072419347368	0.00867654589779317	0.00225224216325053	0.00774950494677837
0.0122745466765561	-0.00338887140735758	-0.00388436527439143	0.00914655585844524	0.00429134575739469	-0.0194709344760305
0.0120138120894628	-0.0116574412824895	-0.00235913898499777	0.0167701042443014	0.0176963877186867	0.00671289071469766
0.0117174255895512	-0.00404066614205959	-0.00380558400430198	-0.000152941985904275	-0.001015518918748	0.0155820807217629
0.0121272746290885	-0.000846678244199831	0.00794907754442696	0.00161953876318441	-0.000832420396678829	-0.0236230733231874
0.0106680783435563	-0.0150773434036099	0.0196781499538214	0.0243129064369461	-0.00163027117254114	-0.00974535297007521
0.0116306781768729	-0.00266596982702542	0.0177785414414682	0.0101275034422242	0.00457371619653975	-0.0102608171741392
0.0121428241604252	-0.00223574956044264	0.013348794266868	0.000254994687541098	-0.00558324584736766	0.00920615365070889
0.0137018504021856	-0.0309832486157436	0.00691458349303345	-0.0398455995155417	0.00635161583889231	-0.000558133559007377
0.0136495152293118	-0.0318290912328601	0.00245628461023626	-0.0403377250659312	0.00825970109550937	0.00197525439844341
0.0122021953611269	0.00419348728409313	-0.0046564593024917	-0.00358273548113913	0.000231725702117453	-0.00404893863736879
0.0147912111665725	0.00771129059791526	-0.00313572627087832	-0.0103152438220788	0.0176118642773822	-0.0185679677917287
0.0116333009420549	0.0198420718349325	0.0227290363127301	0.0138353673370808	-0.00152981702861883	0.00951797192668326
0.0130157128418731	0.0098921951348531	-0.00725018758179275	-0.00617898952740104	0.00915073689855727	0.00230781495569086
0.0130069954755459	0.00836073968859838	0.00370713933773528	-0.0119385224240288	0.00165918106524819	-0.000130003791367812
0.0119496013318409	-0.00239717139135134	-0.0111940738834364	0.00891522599471443	0.00172901411678636	-0.0248737645539493
0.0121925048978686	0.0124904629955854	0.00706538588908058	-0.00380763199891973	0.0117233498996643	0.0115764963901276
0.0124596155224338	0.00271207111707467	0.000813983122579746	-0.00118908284474532	-0.00960385813265859	-0.00548526625576473
0.0134377081898326	-0.00319506293888378	0.0105012502176296	-0.00829420347877181	-0.0104816094700033	-0.0246258096165514
0.0116391433612015	0.00316226106987181	-0.00113160646272462	0.0196515814137433	-0.015673215481342	-0.0178443660698435
0.0116108970718545	-0.00084575586943238	0.0147116602127079	0.0146964385594786	0.00198170693353046	-0.0126915700010049
0.0118397484812664	-0.00523042234128515	-0.00796057060327589	0.0220532135581256	0.00102198016388187	-0.012934951061639
0.011907069401099	-0.00203549237117123	0.0070634786774734	0.0129707852489438	0.0165787129892184	-0.011612531331545
0.0123143655682048	-0.00242554317946396	0.00611723958869089	0.0100596358859112	0.00858240024774574	-0.00562695225701732
0.0133357170534935	-0.0257374840099501	0.0161681436044913	-0.0266109879951368	0.00677488202901953	0.000347606992246837
0.0131365826107583	-0.0127950413662862	0.00924346577290361	-0.0252986048437299	-0.00502846599664791	-0.000303215824058231
0.0118139143928729	0.00394700611854822	0.00529403237839853	0.00269845001531937	-0.0207391749091573	-0.0125904325312085
0.0126742755855551	-0.00248045871627209	0.00532158496993502	-0.00538297903034166	-0.00585005160118462	-0.00872495397867584
0.0118876195426805	-0.00651510739269567	0.000794004761035251	0.0136046690647708	-0.00863663153520184	-0.004681622194012
0.0118037698049878	-0.0190814395974817	-0.00580800797151813	0.0120734371235549	0.00954101069895136	-0.0033181963994136
0.0112435133119287	-0.0100759788008895	0.021653609745493	0.0286989897457968	-0.00140890303917787	-0.0243305684509462
0.0112318772816044	-0.0128060057770293	-0.00305725229343911	0.0102417518572995	-0.00652543328814193	0.00339356934320812
0.0113724538302897	-0.00282890575155709	-0.00900724606088715	0.0146520230897678	0.0118993914555994	0.00970305628967909
0.0116298435349822	-0.00150119623218279	0.00538616469782295	0.0134378093228105	0.00412141229464673	0.00736112199815699
0.0111710695603542	-0.00528461944274678	0.0045156808960117	0.00387635016291132	0.0068770713299387	0.0133405945405744
0.0117825014864821	0.0214520813269956	0.00657218001299103	0.0207244670813276	0.00330475225338994	-0.00508280264256657
0.0117616976757116	0.00425002589778633	0.0108033485153887	0.0118052933386023	-0.00200421689347667	0.0126934652084765
0.0124731101499383	0.00387387239810829	0.00995366951227995	-0.00390032225281227	-0.0161931305119171	-0.00921685142748764
0.0121304045437029	0.0050963930991903	0.0216571497194727	-0.0134145900784568	-0.0119619786475181	-0.00349272824650406
0.0136987335316344	0.00607206090784024	-0.0152180191749083	-0.00928853564530136	-0.00708817022731944	-0.0240556886648405
0.0117392993489195	-0.00164911155427595	-0.0103583622957437	0.00712637237908116	-0.00518198857711627	0.00739748277051573
0.0115396471676467	-0.0142329063530149	-0.00355245945826546	-0.0136118844710545	-0.00963832222866522	0.00754498472486875
0.0108191521059713	-0.0105154444110033	-0.00912181721322466	0.00310074409073313	-0.0072190699063244	0.0111684696327769
0.011138882373094	-0.00645084862995496	-0.0165676215088157	-0.00848730479630302	-0.0118087267676093	0.0217926370633749
0.0114003817245754	-0.00986482998827392	0.00512911413981292	-0.00384940609378075	-0.0178437047597117	0.0317620218237237
0.0123890474191231	-0.00253588491561701	0.00123050847032334	-0.00181040714534383	0.0120066856287879	-0.00263956528627098
0.0119880503813302	0.00136483446880401	-0.00509923447570327	0.0133411345304959	-0.00267922631943537	-0.00136728428517178
0.0124999477461306	0.00083692017501735	0.00981691794055915	-0.00342814696767733	0.00970074877338816	0.019736060636736
0.0128701416726453	0.00265452519010268	0.0120803619575665	-0.00994836010067215	0.0110356993024293	-0.00855626819241212
0.0115782776415076	-0.02304871687634	0.0154564845304094	0.00128997129081528	-0.00294300341907123	0.017688521698
0.0110534990361717	0.0173613690331368	0.02183270816914	0.0201881058380535	-0.00862036043368302	0.0140305164208548
0.012705525477705	0.010318275777577	-0.00668934002276047	-0.0147782175472144	-0.0131035363390735	0.0175079216964089
0.0125234634025989	0.00863870979518179	-0.0010818405881136	-0.0194941792415762	-0.021817848835192	0.00535258127285854
0.0131870311308456	0.0398694732268458	-0.0111065543882388	-0.00202793736293333	-0.00110468008285003	-0.000132008336530581
0.0120131366953786	0.0140538996294142	-0.00324034963417509	-0.00193558318853119	-0.00470842597580216	-0.00360617395589013
0.0121276874120307	-0.00403544593352486	0.00634521496209407	0.0017335887260558	-0.00767389861577762	-0.00787130231932745
0.0121418792954378	-0.00160866584122251	-0.0017381915209223	0.00204216556801441	-0.000975397491459935	0.00780597060971571
0.0118771040327987	-0.00229158941005403	-0.00497569776354233	0.00275169352019296	0.00370836152402801	0.00877454171742977
0.0119645638263334	0.00363286175793102	-0.00650749631519879	0.00105296171957731	-0.0060986170601941	0.0136275003172459
0.0148109662042962	-0.000447506688120144	0.00400527922589324	-0.0175536514845151	0.008267310155814	-0.000922140815930884
0.0144341906044256	0.000951656512881515	0.00305386072789454	-0.0160795316491578	0.0156383625114643	0.00692233226622582
0.0130249042733829	-0.00704047416148264	0.0215820377291649	-0.0172994286545758	-0.0205594911125504	-0.00198324864860134
0.0113208504690615	-0.00351817774284126	-0.00787202839851346	-0.00352231668912602	0.00450306095198776	0.0125603378856583
0.0134434424032475	-0.0101070103279592	-0.0227265638156774	-0.0153171067738944	-0.00137350229369819	-0.0091819480072938
0.012672194325001	-0.00135487547819576	0.00709123967578154	-0.00643633318472799	-0.0194922542729266	-0.00198861519005505
0.0128388494538869	-0.00520991790232251	0.00818486290970901	-0.01467693453192	0.0071128196250198	-0.00258105351890514
0.0133276432587568	0.0422301830790323	-0.00558814908849318	-0.0154834657323491	0.00114838284362583	0.00129950589463622
0.011128066167058	-0.00514560121576441	0.00706395998103925	0.00427296668528349	-0.0377286998667927	0.0076332179905813
0.0115738303754906	0.00648008811013524	-0.00766370096538446	0.0132659061534459	-0.0222605795099796	-0.00631977443646431
0.0125061029108966	0.00921677199108037	0.000307952703544347	-0.00133904410659223	0.00890876688516751	0.00317933834824747
0.0118584188272127	-0.0114209785687386	-0.0244097113137704	0.00112504050492289	0.0090046177579259	0.0061024306917163
0.0113163532240063	0.0165191647513723	0.0346101584129797	0.0125073493779912	-0.000632587372956689	0.010884707988092
0.0117099249139124	-0.000464816966691984	0.00370191654376791	0.00462138417464377	-0.00276426641669656	0.0214098970791113
0.0115968181137577	-0.0074597566762539	-0.0226947359443488	0.0154432839234961	-0.00850978036406395	0.0161178570461203
0.0119989479959554	-0.0191778865454611	0.0071391012193749	0.000279945440671808	0.00406300694940957	0.0141134475814249
0.0123195888410227	-0.00082499719721395	0.0113778139772485	0.00703058679007481	-0.00925915742219049	0.00356728295610432
0.0102147649544055	-0.00476825803320109	0.0143038446158383	0.0124033890274188	-0.0350806262068508	0.0121759876167238
0.0113045095294997	-0.0100917748440726	-0.00638556019166016	0.0151588437396041	0.00325945936889643	0.0009658489711493
0.0106753172907126	-0.0115715283083753	-0.00677007537943026	0.0264955303500331	0.0185852899041898	0.00672221575271977
0.0105315399366603	-0.0156743849943982	0.00175429382695268	0.00409136243601831	0.017818861895162	0.0101755200739326
0.0116045606760702	-0.00155481997221773	-0.00802065205861689	-0.000885981267485151	-3.36533809978693e-05	-0.00480129747977016
0.0134724095490479	0.00778712147791913	0.027356474753491	-0.02062098428566	-0.0147201063388983	-0.00171603373342908
0.0111089077855227	-0.00692265482022603	0.00280679923036567	0.00898781840587845	-0.00118120911649438	-0.00154715155486397
0.0117915803343531	-0.0027456080288279	-0.00163686950956356	-0.00543956819014361	-0.00260504343571833	0.0050058938561425
0.0119954775403662	-0.00085114611916397	-0.0153046747871177	0.00649421762115352	-0.00627772972195421	-0.0157165332393682
0.0126010334756647	-0.0329460702339297	0.0226941937820924	-0.0113191638977624	0.0213446192905501	0.00111945431829036
0.0126827833929084	0.0189050985463044	0.00718711135642825	0.00217193882275855	0.0202602307552193	-0.0167033614858014
0.010180988474324	-0.016763314506332	0.00936228712780144	0.01585057921887	-0.0241151103853867	-0.0116133556639202
0.0127080309317088	-0.00504548556943168	-0.00416937630667209	0.00909489462976261	0.0112765509373487	-0.00588226253475835
0.01245857893972	-0.0128005619593658	0.000841551371533962	0.00290756835401712	0.00664059169419213	0.0116346402078415
0.0124575818896943	0.00556632306162685	0.0138992483742466	0.00459386050722106	0.0207822719852509	-0.00653771961533018
0.0128922553036433	-0.00355276633465441	-0.00166110842463571	0.00753730182260488	0.0116370502693321	-0.0257893523001863
0.0137811226224973	0.00442582279757791	0.0233396282332514	-0.0163056964114844	0.000324088917007288	0.00437932713938833
0.0119204548588181	0.00950968038317786	-5.07895388734206e-05	0.00428204256050225	0.0151719518614524	0.00569836916787371
0.0124612135075885	-0.00120880141753803	0.00366077189049519	0.00423193763946494	0.0118290064453702	0.0117794567493186
0.0115505225464254	-0.00309690998788735	-0.00608360250960656	0.0224328440427972	0.00534599096083287	-0.0065462345188066
0.0120846157174758	0.00987775042466464	0.00229336619774812	0.0071453850959675	0.0137268423011248	-0.00726608359046906
0.0117871076174646	0.00760104747249657	0.0018118719918035	0.0107774742656228	0.0148070284767044	-0.0103255467052429
0.0119057305036578	-0.00923416625081968	-0.00396568369548414	-0.00248488376344708	-0.0108503369703312	-0.00109225765117159
0.0140168718876181	-0.00487674334289138	0.007023280800187	-0.00487136855517353	0.0181653582647313	-0.0138219640722207
0.0140072326411312	-0.00113809097962242	0.00340172462535239	-0.00628209019957486	0.0267638316239994	-0.00704141390974081
0.013383422427004	-0.00154757172513274	-0.000207877947147808	0.000148906623461655	0.0261726259842711	-0.00898565332682771
0.0118486195738545	-0.0129068188172364	-0.00699601747823453	0.0175682612970904	0.00719358796726921	0.00749236710191501
0.0125251430828588	-0.00621569770771019	-0.00891852014004755	0.00227365090640837	0.0149597991886864	0.00749982880725461
0.0124351098725597	-0.0122431502944166	0.0184597047693141	-0.0120545553637759	0.000409381839805704	0.00642172092007266
0.0122364511256449	0.016877453986047	0.00696623493855662	0.00079834946026549	0.01029961635516	0.0277044793383815
0.0120731656720665	0.0384973019173255	0.0368946633958858	0.0080411032801796	0.0247495606452865	0.00430433683747903
0.0142335826910049	-0.00816993350520673	0.0211014584038677	-0.0155883509930038	0.00988919123331866	0.00352896358524304
0.013194149549655	0.00994749574757676	-0.0125843645388466	-0.000457114360737839	-0.00456135484212074	-0.00844521459550516
0.0128140356596384	0.0415780028449428	-0.00802073076384863	-0.00386886846038568	-0.00478276863800307	0.0179575536288618
0.0130309126809688	0.000387064994310372	0.00897715696125531	-0.00661614621063208	0.00711454607060927	-0.00322576627506762
0.0133785822796365	0.010145494892759	-0.0098630372548029	-0.0124082557379569	-0.00729706598227208	0.000694674292206605
0.0133779837782631	-0.0103290535177179	0.00127608138863072	-0.00298415939790802	0.00933497536770356	0.015227316683689
0.0110597155482882	0.0134876900029654	0.0119400323978243	0.0106170271331622	-0.0124892541156306	0.0217902576785494
0.0113381730458155	-0.00494372475878907	-0.0040295490817798	0.00842645473061737	-0.0131831864533462	-0.0117836276152743
0.0120789148088149	-0.0049073640711579	-0.00856436935231328	0.0018966820597316	-0.000897680388636937	0.000318510881941679
0.0127090392773257	0.00332742143093203	-0.0103312458454402	0.00819683137581635	0.00197520164598068	-0.00436428096639571
0.01063571560529	-0.00799898980010736	-0.00436083843151615	-0.00404335162299606	-0.0251186847489858	0.0104939807572336
0.0129247155092199	0.0398504457215019	0.00259882460801135	-0.021464770540546	-0.0324738496643408	-0.00699557284252767
0.013054331815421	0.0260284016409308	7.30217659314141e-05	-0.00738299971257339	-0.00912793794886208	0.00466156437901951
0.0133454674398836	0.0311298366252404	-0.00221487054920335	-0.0082467096809293	-0.00584341027546807	0.00287368471671461
0.0139163884153714	0.00104049697772595	-0.0266031692711625	-0.0226103236648327	-0.00060760000999697	-0.0132166458257913
0.0123207734532412	0.00734912342436084	-0.0154326907695564	-0.00515366538364985	-0.00484423183179482	0.019811413876694
0.0112559062820429	0.00253042076369183	-0.0022493286687489	0.00308659677307523	0.00135352918442352	0.0235366669952018
0.0139505994010542	-0.00442402742950025	0.00865934200847629	-0.0270817036068142	0.00133211030939696	0.0374631811711608
0.0121218811373318	0.00435839270273291	-0.00883321900855535	-0.0135044444385668	-0.0111998127583011	0.026223864749381
0.011913709031792	-0.00230594703117206	-0.0198133363534753	0.00853194541978679	0.0231693227062046	0.0124031419866066
0.0121781937910057	0.000889378641003724	-0.0102185734151501	-0.00248737482903288	0.00589612628793386	0.0145039076715854
0.0120756132209833	0.00567595241546143	-0.00726910075806934	-0.00495268203632562	-0.013765569227685	0.0167165938758823
0.0117193960565243	-0.00376552661325519	-0.00685427467290607	0.00537093680793981	0.01050708831671	0.0108105757920929
0.0127768781889075	0.00396652264739976	0.0022872456428947	-0.00882031152611746	-0.0017739972655415	0.0152594511234443
0.0112714518443112	0.0208497081418751	0.0112844148069529	0.0229317801397589	0.00601604306274732	-0.000454578014698287
0.0143833236087601	0.00227313045648638	-0.0140104904681361	-0.00650285994486482	-1.94638600598588e-05	-0.0211887653784962
0.0135894521334176	0.000742638448063568	-0.00975502035539795	-0.00993317846318868	-0.0131856714091556	-0.0104242578309913
0.0121268191505446	-0.00490533353299274	-0.00340626658827726	-0.00565490623212644	-0.0151363272269246	0.0171162298014058
0.0124084284171543	0.00490245096040924	-0.00330787758107753	-0.00274346749225713	0.0150688997862465	0.00872878902268255
0.0119615281413258	0.00566378065016936	-0.00382545486685589	-0.00674910931668192	0.00289971886773716	0.0165191060493699
0.0103568283848112	-0.00776705876008474	0.00166632092558058	0.0128318193658074	-0.0221726436113878	-0.000832744045405935
0.0144897191509744	-0.00623889651147433	0.00613759508165585	-0.0212808773496621	-0.000870947933664244	-0.0153599444380697
0.0133953392474579	-0.0054301392949625	0.013682335330643	-0.00767124366841155	-0.0130631321106404	-0.0123377522547788
0.0133870438869529	-0.00565667788441604	0.00277261445260551	-0.00890454468901243	0.00450730058981826	0.000542012631928292
0.0114830416970289	-0.00561281542651462	0.00371833579964737	0.0105109036380431	-0.00386402109675564	-0.001434998193292
0.0136184615085622	-0.00247378266141094	0.00820871683351578	-0.0147827004681847	-0.0260219681277451	-0.0270625860924658
0.012696154176813	0.000565187804039751	-0.0110153260119593	-0.0202402445837813	0.00812006768631723	-0.0128330512635803
0.0127543077414261	0.00394905220694801	-0.0115485243213109	-0.0175129845361871	0.00643977651691953	-0.00814133156957999
0.013384482387982	-0.0138817920817331	-0.0179046168462239	-0.0152406884535345	-0.00988798825788699	-0.0173416928096708
0.0114021884532678	-0.00163218766422053	-0.0183454723656449	0.0136659600789315	0.000497017038053956	-0.000616281224750805
0.0111014214633528	0.00348997221359152	0.00859797979536664	0.013530421881968	-0.0030550332080254	0.0055084504390154
0.0119506077742532	-0.00476965131185155	-0.00739765872801785	0.00836912913392611	0.00210952253280411	-7.33009310542156e-05
0.0117552831327921	0.0144756678806376	-0.00491663491507436	0.0232040662100945	-0.00521551629690814	0.0058680300597231
0.0147289603779001	-0.00420442692001447	0.00976289993690893	-0.0125440332217392	-0.00294736306643314	-0.0189695677038078
0.0145533460481581	0.00155683664337874	0.000488423359005042	-0.014982683524124	0.00425892257450102	-0.0215114001113587
0.0118035511058597	0.0010648426389155	0.00186692654980941	0.00550259129796455	0.0149465555140034	0.0159229507661296
0.0119157859341279	-0.00300647204643102	0.00200119061810601	-0.00460335691677075	0.00444616185471014	-0.000583131420719457
0.0117594316296258	-0.00733021662783793	-0.00462319222404506	0.0173924272961364	-0.0165731774315869	0.00885729545902231
0.011012100248883	-0.00963795405728328	0.0200137941323227	0.0351724546868065	-0.000487685315602537	-0.00981737366892826
0.0110960679079674	0.0105978599188109	0.031429503997136	0.0300263045981333	4.36365454126054e-05	0.00041675083398068
0.0125577264426631	0.00133205326273929	-0.0010688413447151	0.0137250462228973	0.0113315815963649	0.000277689246855934
0.0111836753361571	-0.0219194214066592	0.00265138495839844	0.0379744925071535	-0.0086833330264689	0.00157278756382265
0.0118312511584049	-0.00506868118741681	-0.00824978636460057	0.00814340267175035	0.00499014181478248	0.00299703088384102
0.0121528802339792	-5.29910443435061e-05	0.00654715812488382	0.0137569879134436	0.012612333793798	0.00998254835333606
0.0120994755968027	-0.000183013329119598	0.00657097938158128	0.0163834806768403	0.00933791256051508	0.00579766386279634
0.0128104469802606	0.0128285785391163	0.0109697890823926	0.0064185015283474	-0.00262251079199487	-0.0100008114913245
0.0134572034437162	-0.00754700757006847	0.0412262942341257	-0.0194126094458143	0.00418832904230091	-0.00260018894754655
0.0136234683480785	-0.0100353609978659	0.038175414223174	-0.0180161228513257	0.00213249500752584	-0.00477499264207686
0.0125733239944065	0.00493704939588444	-0.00806743503803724	-0.00329137090676738	0.00167294760331536	0.00644563749555241
0.0130968341719737	0.0064256613239208	-0.00696905201819334	-0.00340309953669137	0.00305986978615246	0.0114185169546393
0.0111325249611052	-0.00700951826289982	0.0078011483384607	0.0145949651436907	-0.00175141585930685	0.0113005666583644
0.0141811067078028	0.017684202259012	-0.00574966220475758	-0.016600771130933	-0.00174270688424789	0.00256182052065624
0.0127778198438187	0.00807483309167232	-0.00533147268339501	-0.00319797560865257	0.0120078019602368	0.0111800747860801
0.0118930066864112	0.0105119304324746	0.0145938084096547	0.00425219441345705	0.00239366604429455	0.0106527681151075
0.0124175239462872	0.00561454043869226	0.0130209908419719	-0.00889558930457384	-0.00961084394268642	0.0147045085267084
0.0127038128793893	-0.00116346920032221	-0.00778086987001041	-0.0146140243467179	0.00460683579680527	0.00783780301090657
0.0119992394943806	-0.0070821757924901	-0.00339285176307283	-0.0107356355355259	0.00210120788827995	0.0153365144905297
0.0125688701922397	0.0078584301274381	-0.000882491826169963	-0.00338473019657545	-0.0247753905557326	0.00465818454406882
0.013338014629675	-0.00145538090299865	0.0166391291078931	-0.0041830283030023	-0.0233647700741893	-0.02988490995485
0.0144520247051953	0.00244554012786782	0.0138530332367658	-0.00688651348687369	-0.0182535132195316	-0.0228527528800794
0.0126902079341452	0.00872014304711059	-0.0108077313751652	0.000261120820330764	-0.0111621257173709	-0.0002969337564878
0.0126650456423564	0.01292579686127	-0.00273876700318871	-0.00654211594143543	-0.00190392197684287	0.00220845718614218
0.0109540796462117	-0.00942460256828134	-0.00715051004771505	0.00700982605057799	-0.0141361351277732	0.0167091124116997
0.011661148442752	0.000614483235853835	-0.00422912871094498	0.00672091266504724	-0.0117709416057662	0.0203414785759499
0.0126436974291973	0.00736616913564876	-0.0111784336350261	-0.000664677909416338	-0.0120391817365725	0.00208264018563623
0.0130138743265215	0.00177896135637866	-0.0105736837525413	0.00131591469789838	0.00821154644753734	0.0114129111510597
0.0124645129998891	-0.0129416705439068	0.0367488976762209	-0.026113763000733	0.0363081635664727	-0.00102344687325797
0.0113639142996232	0.000879973603976024	-0.00122520805369837	-0.00965583726933241	-0.00584218428618673	-0.0101233924236051
0.0127588289243179	-0.00606530157294877	-0.00161360819870144	-0.0113880981518604	-0.0167911297334922	-0.0195664198666272
0.0133849764156637	-0.00441106060045492	-0.00612488045543575	-0.0126844726865278	-0.0093742296784001	-0.016540892977015
0.0128057614767054	0.00395935003914382	-0.00272606481318984	-0.00951064121639354	0.00748424890159838	0.00985667137980643
0.0113299737111406	0.0189680460337537	0.0232924006679366	0.0239450879425821	-0.00857043530945273	0.0293081064408324
0.0117606987745066	-0.0027208660849408	0.00016747899964678	0.0100306077175036	0.00783529550825213	0.0167958924810798
0.0121525737040176	-0.00234896450535282	0.000688057270616289	0.0126499271539272	-0.000932065637540273	0.0134272678130061
0.0119086006690045	0.00534496715361063	0.00116707620527135	0.00680644159522276	-0.0166052995902306	0.0139807241771407
0.0123983050581521	0.00145251698017277	-0.00656383608854337	0.0129856654964131	-0.00883078903308137	0.00612520388504038
0.0124157598182191	-0.00831915781189857	-0.0153045141965622	0.00649022677755307	0.00741131603846267	0.0139943260738963
0.0135027724008206	-0.00243712370646877	-0.0181697793370578	-0.00387729857535535	0.028750575486776	-0.000332318356840246
0.0127073700916296	-0.00465718771682504	-0.00927197985464041	-0.000929658205197993	0.00408326407141725	0.0071794771281579
0.0116516349543492	-0.0217185852914408	-0.00643209754027662	-0.0245829213654653	-0.0150158178395589	0.0116637181384436
0.0146299663436644	-0.03219526577214	0.00996060343404826	-0.0295518277890179	0.00824935511451961	-0.00227366357647147
0.0124087832532582	0.00159583938277503	-0.0133422454666584	-0.0096526495019078	0.000783853253398076	0.0127095855965149
0.0128676382760025	-0.00405373903252509	-0.00802830973110848	-0.000954563692898037	0.0106926330757668	0.000747898748582531
0.0125512325949711	-0.0258715588921983	0.0104048098861146	0.00501244455704316	0.0121424625702994	0.0217047743328622
0.0127988976810085	-0.0188635256132704	-0.00211847014934203	-0.0185919251274013	0.00534383154899752	0.00734150884120994
0.013438081404086	-0.00758170245428595	-0.00202220096779127	0.00596811068255984	0.00204324219486712	0.00474041782157774
0.012695803199432	0.0023395793138781	-0.0209156154281196	-0.00326828229290525	0.0174649562026265	0.0134579293944883
0.0126617492149337	0.0158903666722763	-0.0210675009320805	0.00233686376269656	0.00796536316406049	-0.00264911058983289
0.0133847909578369	-0.00602848537072402	-0.00798824706344292	-0.0156346483765499	0.00569815424927725	-0.00440326993649051
0.0128214031517539	-0.0258827583989709	0.00615747563585398	-0.0202266122674473	0.00837555130937761	0.00809987093639031
0.0113298431215374	-0.00342907643939895	0.00110621052878024	0.00927752238774634	-0.00195246052267489	0.0180039370443745
0.0143899556661148	-0.00837842658637592	0.0177405904648573	-0.0192469651454521	-0.0231050771230476	-0.0219682902316253
0.0134688060518668	0.0157060245213091	0.0158738792035731	-0.00155735086607191	0.00102907108817275	0.000923940448098267
0.0125828925670937	0.0309925463438208	0.0192341387380339	0.00839371969034157	-0.0107788249499362	0.0200137643922437
0.0131929321596934	0.00401179179306688	-0.0132678909630475	0.00217760198039714	0.00769168667656086	-0.00860496212766863
0.0131371576566565	0.00383540265365237	-0.0123075819957322	0.00431056566574964	0.00922725526960851	-0.0129999297747727
0.0127180909083346	0.0014089130878405	-0.00351435291639023	0.00458823370552792	-0.00191813187370301	-0.0111261867937665
0.0126304769789904	-0.00527700484854842	0.00788565290096624	-0.0119475214810184	-0.0250819677355123	-0.0128626950450903
0.0123202651683101	-0.0104756880575328	0.0194609609465612	-0.0100956440548082	-0.0171979702892073	-0.00883667051448263
0.0122679535917198	-0.00841837557938851	0.00374864807537509	-0.00599128317577494	0.0044931671635395	0.0100543861745312
0.0119811174037527	0.014065530481307	0.000384478638889123	0.00423469433427354	-0.0288007262100401	-0.0163758795297967
0.0118494719030493	0.0168430587201331	0.001160745287804	-0.00255914707746718	-0.0260684648068978	-0.0119207267901719
0.0119321596786914	0.00565027599470967	-0.0118195555106602	-0.00603333955164466	0.00509422259493443	-0.00664941512969761
0.0114641923300665	-0.00532139236990737	-0.014518874317948	0.0163050026373526	-0.0136553112049038	0.00183317432900463
0.0122923524603556	0.00435378056606261	0.000824146414995265	0.00039580712712737	-0.00821822465336879	-0.0257652851048094
0.0133605632088144	0.00310212806598304	-0.0183945218477362	-0.0113311713004375	-0.00869700047411276	-0.00885692358967981
0.0111513679805943	-0.010942027368063	-0.0183398338544952	0.0132936808329312	-0.0369633594071295	-0.00112402565669223
0.0121465470136348	0.00804005689381724	-0.00832416418711928	0.00476876364755429	0.00895651919760415	-0.00579187278303783
0.0123270756970591	0.00250205845304014	-0.0173185754964943	-0.00156722108662066	-0.00354473321855623	-0.00298493101194465
0.0124982569235178	0.00295770229251089	-0.00671273339230847	-0.00881760396989694	-0.0143816565054643	-0.000293781653744191
0.0140711429071097	-0.0210621381062989	0.0297813049167193	-0.0258754110771968	0.00909926939268447	-0.00490492795232418
0.0136634945978324	-0.0256245517596133	0.0221385014878749	-0.0226999823760279	0.0146995509344953	-0.00453247261412259
0.0104719569840501	-0.0184660609952013	-0.00719200057264535	0.0269961548506079	-0.0166823540589436	0.010637031866086
0.0143416142435017	-0.000970198234428811	0.00547655140950126	-0.0185534548932472	0.00307815456089416	-0.00604851465685864
0.0117556771895125	0.00334241431950793	-0.0113711139946112	-0.00608919778098014	-0.00459003559057825	0.0156999395444714
0.0127736755657174	-0.00487117173028864	-0.0242946995285234	-0.0209924236833373	-0.0191473675492315	-0.000315122506726682
0.0117490236183238	0.00126058631106552	0.00681482982880456	-0.00649874086729207	-0.014232151606685	0.0256213166907525
0.0121139340409067	0.00848417414700088	-0.0163957151481258	-0.00839659622309506	-0.0162666721531202	0.00975059969216908
0.0129714488274178	0.0310153783180643	-0.00141478343166728	-0.00581403553211312	-0.0139333653640511	-0.0189034542880936
0.0128091926999487	0.0210243541649933	-0.0124126780108173	0.00132812867672682	-0.00577526784688358	-0.0110544149887263
0.0132124888774577	-0.00134896938033669	0.00201379034256426	-0.00703767280489412	-0.0253590297236953	0.00168078117232398
0.0117605633397829	0.000264725386971777	0.0041944867433932	-0.010507395424184	-0.0063700943597068	0.015429955651266
0.0127044362881632	-0.0126716815696594	0.0205034080068626	-0.0105979938998817	-0.0100153088495525	-0.00592588900249618
0.0119975732224138	0.00692048164583491	-0.00672180848005304	0.0127929700995102	-0.0305577757272113	-0.0109792863473366
0.013345688564418	-0.0069043981290089	0.00365657014610157	-0.0140750685683247	-0.00255663057646834	-0.0105875707248943
0.0131447386105591	-0.00466386697849715	0.00541919621980811	-0.00724021765714184	0.000919683298683326	-0.00612315106600848
0.0121413208602686	0.00100788342231232	0.00211536354473165	0.00312395998863746	0.000303319492706098	-0.00379717111688908
0.0123855118879021	0.0263285346104161	0.00393148009187607	-0.00297766341847729	0.00019066811121411	-0.00895855011950004
0.0113277957071176	-0.00587995480854657	-0.006629431129352	0.00609283815976321	-0.00962808754256704	0.0108371975638261
0.0111650925674617	-0.00585001126080833	-0.00557424958928391	0.0186032896474625	-0.00746585068848687	0.00844681938767469
0.0120262919098488	0.0293576203114123	-0.0142444512012448	0.00392507359110674	-0.00339320090524061	-0.00195007757397654
0.0120275906866205	0.00690417137593114	-0.0133845145500911	0.00085254568435016	0.00336611653935171	0.00820151042624323
0.0120489309136663	0.00639831139406478	-0.0117647377591578	-0.000313838557377244	0.00429596596527243	0.00509905660301608
0.0112496913847163	-0.0093310448868505	-0.0122543597250697	0.0146373673342065	-0.0171987657769704	0.0100977175470741
0.0122645959768852	0.00862701348334888	0.0113643143667101	0.00354619949525735	0.000735958199542237	-0.000485792477768448
0.0115642094721383	4.89462120177669e-05	-0.00222415110277948	-0.000219001731587827	0.013849053098906	0.0225390446239864
0.0127408521188931	0.000934184877674686	-0.00903803133311479	-0.000545779802557931	0.0172350192991561	0.00875948727186824
0.0126723140893874	0.00119361096186783	-0.00753987628941632	-0.00208299547010501	0.0165042571655957	0.00799965506859009
0.0133741097110065	0.00241894060671903	-0.00904354901407415	-0.0118790104552061	0.00303283688142811	0.011443291825879
0.0125187753017761	-0.00279234258467794	-0.00396934193474815	-0.00803970271542854	-0.00395698187368026	0.0111938436714411
0.0133221959998757	0.00347356783460054	-0.0100820174457233	-0.0118016293152286	0.0030996970819677	0.00657596890261769
0.0113664082499315	0.00063235767265958	-0.00769684936694191	0.0142848127172691	0.0198928066323952	0.00921191479554664
0.0121265428314441	0.00113769974552179	0.0007699737104766	0.00692668330205705	-0.0152170835797753	0.0108768293735755
0.0120695378185852	-0.00521492717015505	-0.012956060734325	0.0261081951002365	0.00944688512151105	-0.00105833077811459
0.0122613347179026	0.00871191937452879	-0.00498498061323669	0.00709753313724129	0.0149995890305198	-0.00215328072993347
0.0113919628987275	-0.0143297379181099	-0.0129583335005406	0.016669262456369	0.00325926244228873	0.0155987381099689
0.0116246394693605	0.0118631594937168	-0.00647727157921938	0.0293771013938292	-0.00156383714779307	-0.0123780428249564
0.0110916252281575	-0.000244923091276069	0.0117582528922054	0.000364850273703912	-0.0159831417650243	0.0158987572307083
0.011221181809286	0.0109857658202206	0.0184853460763825	0.0079692276426966	3.47962654661735e-06	0.0176686097447663
0.0137253758455515	-0.00479239300797803	0.00817974969564231	-0.0164546795813014	0.00163950004484415	0.0165566662182098
0.0134074875469644	-0.00703581443688948	0.00832232762367495	-0.0163073104446264	0.00140425231214153	0.0184677715383143
0.0132329390878301	-0.00740120441390054	0.011107433621623	-0.0101512499606166	-0.0228677427386217	-0.0134970006870769
0.0127275402910192	-0.00501519680565541	-0.00814608382878554	-0.0016029717060017	-0.00118429363386697	0.00616899744960072
0.013007976422961	0.000759320363604485	-0.0182591345757372	-0.00264932536223273	0.0177158113457192	0.006615172268094
0.0124345686388977	0.00242753480850797	-0.0138285324609947	0.00339528379117935	-0.000875125757540023	0.00710738010954683
0.0137000034308067	0.0193742568847911	0.00338504802880161	-0.0044520282140665	-0.00190912197888128	-0.0104817752329638
0.0132496439319393	0.0139850928479192	0.00515999650557905	-0.00452909347525748	-0.00611054131547654	-0.00780694121725156
0.0119076703077199	0.000140002350349048	-0.0098655849176513	0.00489427094937936	0.00876813915358722	0.0165936960279728
0.0117908618964279	-0.00354326181987996	-0.00308090297339279	0.0083167501464387	-0.00484229732557285	0.0197021342193838
0.0121325373392875	0.000410011563709364	-0.00717214268322229	0.0193333392086502	-0.0105678510168963	0.01007857251086
0.0131895237538522	0.0177362957468289	-0.0163112058898215	-0.00080931951966497	0.017288904088028	-0.0154363388117348
0.0133347858433357	-0.00164028100537746	0.00412524894088141	-0.0151576919582423	-0.00701730517379341	-0.0188554744125374
0.0120502903965718	0.0025087369380758	-0.0137113702524	-0.00732601456059547	0.0039758814225425	-0.00817603482880883
0.0121620337581441	0.00451835508101411	-0.0145419627574066	-0.0035844453580377	0.00734663563978305	-0.00868295508529012
0.0136404836613911	0.00456437488422016	-0.0160738805673193	-0.0143834165625025	0.0090765221750473	0.00152889581602441
0.0113025678810975	-0.00703597018377986	0.00308269308177482	0.0111234088925099	0.0113557632591213	0.0206160788325367
0.0120157018703952	0.00375162719779844	-0.00576256322080125	-0.00109702965317219	0.00581762468141862	-0.00904022663864907
0.0124194713464327	0.0251441137803871	-0.00203454746876819	-0.00599114720992123	-0.0211669946505045	0.000754779604040872
0.0129805283303653	0.00288379780463041	-0.0137608323280245	-0.0034461971928406	0.0113369115776638	0.000872188989879432
0.0131521115374437	0.00370451519606033	-0.0121086226754185	-0.00440521186092068	0.00789415568807307	0.00734116232725867
0.0129247428645436	0.00340473596189906	-0.00721268201133631	0.00262660969777482	0.00926867137030751	0.00290209829073846
0.0125609490362544	0.00614936212731323	0.000606968076825955	0.00282350282841264	0.00292823187781763	-0.00724230319657453
0.0123552815639999	0.00363165703714702	0.00238662425161154	0.0078393217875922	0.00861482963689658	-0.00396513676519094
0.0122330190870115	0.00219263948376966	0.00567554093828685	0.00530967021427628	-0.000595017765620213	-0.00813260283032863
0.0110281090633228	-0.0146365624160483	0.00302838344805171	0.0144524871892524	0.00935841658952189	-0.010551749755205
0.0123899726560804	0.0114169479393097	-0.00423726437185906	0.00532453816721344	0.00226946707469279	-0.00674128415836715
0.0116945908718805	-0.0048146326265899	0.00108345100330413	0.000498525221517984	-0.0054979759792811	0.019897717566962
0.0126784575208249	-0.00966908458835473	0.00202109441709597	-0.00850219187356157	-0.00110611723295832	-0.00414355995900804
0.0126636373177411	-0.0096799072604102	0.00170692569799941	-0.00868405926853741	-0.000951966720206353	-0.00428178550353359
0.0137681537567615	0.00461320827040415	-0.0100599166260186	0.00017506423245554	0.00948831147320977	-0.0199816132867683
0.0143504192551166	0.00930570805336601	-0.00522616911674844	-0.00270815916969188	0.00338790556556065	-0.0187707634067136
0.0119845612827394	-0.00833659855959886	0.00195203724044591	0.0259902395232708	0.0132224195534673	-0.010538720223773
0.0123967862755609	-0.00379284375780815	0.0118413735048765	0.00366021832681236	0.0123347235983795	-0.00245216110825734
0.0123411201998589	-0.00288901953748428	0.00609051955057946	0.000801176118915438	0.0125343858796403	0.00920451218491971
0.0130248959436963	-0.0133818975424933	0.0116338593963049	-0.0158001504121439	0.0147370427492636	0.011591802398846
0.0133807074065697	0.00682916127473062	-0.00962602404261418	-0.0165714485416782	0.00304381379810186	0.00563116678139405
0.0133590034080971	0.00533205514136628	-0.00818057504881073	-0.0183777019006229	0.00408977536081814	0.002926326523777
0.0117248048372461	0.000688724729155273	-0.0129434171875404	0.0117653053465862	-0.0128909884446636	-0.0113609541534594
0.0121392009961114	0.0281471017797592	0.00834299527148446	0.00464074494447438	0.00221979670081951	-0.0275520329941308
0.0128113902835921	-0.0043261866034418	-0.0108457736944092	-0.00871140616683201	0.00936187542348601	0.0233942759148374
0.0110582600611389	-0.00351218599062941	0.0170827539110243	0.00953852084477346	-0.0224952509198776	-0.000325531931491082
0.0121896202826584	-0.00390215927955711	-0.00242731064852936	-0.000619398578624656	0.00403188750670314	0.00616640713546901
0.0120494830728032	0.00026978728240042	-0.00628166997326724	-5.81357673691135e-05	-0.00951391727908285	-0.00619842357593639
0.01209989251284	-0.00333658838678994	-0.0134293424050031	0.00163004588393387	0.00822096013158642	-0.00435191705331568
0.0125064465611587	-0.0037110166829318	-0.00898079714045133	-0.0139093146146472	0.0161515996436549	0.0124953855191475
0.0124252791664343	-0.00466267208553053	-0.00758507804805768	0.0061609073097499	0.00990110959547581	-0.0106526665972215
0.0124328987038965	0.0024120646338347	-0.00385884974642732	0.00223709533472328	-0.00310320411763947	-0.0101672626959083
0.0116544567417241	0.027256045081337	0.0178703678146639	0.0108495552546468	-0.0092994550717386	-0.0131430363638987
0.0122942602696787	0.0122611303051977	-0.00182730689512633	0.012585064703871	0.00570183305171981	-0.016451496477081
0.0109667568507027	0.0153420281028694	0.0276920666301103	0.0255280212724239	0.00555630197432603	-0.00698810964608186
0.0117615763632337	0.0135024941401397	-0.00783616461430963	0.0117427610632281	-0.00110473644867365	-0.0073996383556719
0.0129522213375508	0.014328585100565	-0.00863164002272974	0.00368878467275554	-0.00625848039890585	-0.0120643825673883
0.0123706777572887	-0.00996634403977606	-0.0214331550454537	0.00446178783949232	0.00443845580709461	0.00614197421599146
0.0120806680476908	0.00324476932442496	0.00275633664557123	0.00523533618037146	0.00692798178423458	-0.000303511199772296
0.0111793967272795	-0.0100924595797167	-0.0101244132198801	0.0158902414925242	0.0102513767624308	0.0153280775878507
0.0126824780094354	-0.00306191176845202	0.0142970381130195	-0.00184573292584508	0.00255219244152616	0.00101212097489449
0.0113630366709805	-0.0131803260993348	-0.0122434290164449	0.0112344565354644	-0.0313491686837259	0.0123098281271178
0.0121258560399354	0.00276701839432053	-0.0184411208670404	-0.0115738914489532	-0.0163228364036196	0.0123881391661462
0.011977968601452	-0.000831120112761228	-0.00926133012688818	0.013068633634667	0.0135707061388658	-0.00436882603029818
0.0128559069653668	0.0122855749517636	-0.00555176802549794	0.00336440952118801	0.010178455415976	-0.00622621028093052
0.0120044149875787	0.00058620037938123	-0.0107668204363506	0.00966032152763734	-8.94702605922166e-05	-0.0156803546986027
0.0118678346869199	0.00021945933268238	-0.00548375957020916	0.00152545425853368	-0.0142162971573788	-0.013066636357073
0.0124376721573047	0.0200974586548019	0.0108941159000763	-0.00248732082812231	0.0127145354532492	0.0231555259719686
0.0123891828119435	-0.00925055713296979	-0.000594377515508957	0.0126778217177632	0.0136956814358655	0.000656254160125952
0.0133351111177862	-0.0112331586101469	0.0180459989215046	-0.0207539596828649	-0.00336532011706011	0.00380991039821309
0.0120896195973127	5.88941110619325e-05	0.00691665904862427	-0.00264420941939863	0.00091513433137121	0.00561484430118045
0.0122442856347072	-0.00342895777757653	0.00175814058381808	-0.00662978741804743	0.000342244599972978	-0.000980857735944962
0.0113871417145711	-0.00160684350024999	-0.0129063900880426	0.0104540338894045	0.0084737676197802	0.0125484876529477
0.0122296023001512	0.0098783708183296	-0.00975766818688307	0.010269116859411	0.0213817984111179	-0.00238465542257906
0.0137237760180811	0.0425082802728013	-0.00193046936691536	-0.0101640729604748	-0.00446521428465233	0.0111272637083675
0.0122545469711966	-0.00079167133043888	-0.00950791508694003	0.00504086896713804	0.00426485446546871	-0.00294824840532612
0.0128508546020489	0.00809919845866877	-0.00398468247326807	-0.000229915167500285	0.0148191756486489	0.00978893601062672
0.0130291030662412	0.0014075551300677	-0.00455881238253047	0.00281823008845944	0.00450512677694256	-0.00468955832548292
0.0116509127757098	-0.00761976729925329	-0.0197199328422241	0.000216340897187559	-0.00891804912995392	0.00128313383084015
0.0111607399206966	0.00296236062267714	0.0011170619146927	0.0226770705462393	-0.00669219073802599	0.00444588856957991
0.0132211197993677	-0.00581811708628421	-0.000135343605500146	0.00642802166202777	0.0126580416697796	-0.011022235382811
0.0131082626224199	0.0074282417811224	-0.00695304305400503	-0.00547300539608683	-0.0182533971640019	-0.00871965697937933
0.0128143051799075	0.0052064676969492	0.000802189745940131	-0.00268004120532954	-0.00404125033781953	0.019369721436234
0.0126746282891208	0.0083027613926966	-0.000244066678009668	0.00102715219089567	0.0114859714545302	0.0033763770405789
0.0108919539641637	-0.00167333357233809	-0.00740257217759711	-0.00464547880608199	-0.0284959020442214	0.0090007991382252
0.0117404099110428	0.0132358816963401	0.00429694943026235	0.00316333352977685	-0.0282834608143069	0.0205870094960268
0.0116724022931784	0.0128921009073473	0.00827586637501313	0.007714761110248	-0.0279975408012934	0.0161957921216482
0.0115898218631952	0.0295773212689909	0.0257542535287285	0.0120175883888303	0.00354132788900827	0.0174227591133511
0.0145778224926415	-0.00205316228733909	0.00460739374150329	-0.008832179189497	-0.0158631209120935	-0.0126948178043874
0.013417533422291	0.00805137935312741	-0.002145508198965	-0.00347890941851675	0.00803678772842613	0.00573217995936376
0.0120414322525111	-0.00533594021257751	0.00408120325944903	-0.00306042951380529	0.00589815499079379	0.00497513698844573
0.0125991426899973	0.000171256635313545	-0.00661949359128302	-0.0021562813173315	0.00649113562239508	0.00778796665349828
0.0120600171182687	-0.00780890546886215	-0.0015880457545561	-0.00142464939064048	0.00640861333966786	0.00623258676920714
0.011879866648755	-0.00448016428179078	-0.00249646048437913	-0.00968400670679509	-0.0305504979272161	0.0138059495456647
0.0132003685607814	-0.00885453140338193	-0.0128319748055199	-0.0112257570656206	0.00475743536497048	0.00854496535991515
0.0135930025579759	-0.029026051655681	0.0246864741896189	-0.0208001058273138	0.0144076338429805	-0.00746186165149142
0.0128896862485208	0.0117050258879856	0.0153341074728078	-0.00795567228861703	0.012685405814977	0.00515942438193142
0.012972221479731	0.0118545593329311	0.00181144243901767	0.00480968978612485	0.00502482652498473	-0.0133205004442301
0.0131359768559799	0.00876503111478197	-0.000918249004078922	-0.00320639294396656	0.0113708308351325	-0.0164612784801538
0.012643929298046	-0.0185997908485077	-0.000748312940016762	-0.0037442292036109	-0.00572513104407806	0.00541379329323595
0.0145993577084736	-0.00341410262271528	0.00669442576635704	-0.0143878800855418	0.00171772540935102	-0.00749910041448465
0.0122914637465321	-0.00324878143795171	0.00898438035467369	0.00511450145300735	-0.011503515677647	-0.00278525196111826
0.0131498619812562	-0.0176880884755824	0.00927260348177809	-0.0307523836662576	-0.00903173953696434	0.01413589139563
0.0130551270513729	0.0281683536821343	-0.0183319134046393	0.00682422739486812	0.0133653742652198	-0.00336516513056289
0.0124855920704378	-0.0147963527529796	0.0158929180291599	-0.00799313116454805	0.0109960216833889	0.00388157926727819
0.0120932649127103	-0.0248156294688998	-0.011271246458546	0.0108519185744825	-0.0268407099541641	-0.00381468031738275
0.0113274807640406	-0.0212212936257434	-0.00591534229941341	0.0154666994798416	-0.0139117004024081	0.0277620165538992
0.0118059997876597	-0.0184800225354374	-0.0119402421207841	0.0176145698403996	-0.00158907661060142	-0.00704925505078759
0.011242820356802	0.000874609850688884	0.00726908570471128	0.011148826753563	-0.0156801142178218	-0.0162459308685053
0.0123434036370534	0.00406596830440706	-0.0017879237634433	-0.00532309593805184	-0.00277861149562351	0.00398725721688988
0.0116746314087146	0.020243839171309	0.025691534685101	0.0187379820800522	-0.00963719811054596	-0.00717612478342089
0.0112650258791631	-0.0106272506543318	0.00134704594038441	0.00149694629404682	-0.00544602265745315	0.00941765314367546
0.0126823712574305	0.00158096021061115	-0.0219235102530579	0.000898082433207655	0.00772973072454454	-0.00339546397022386
0.0135083316329122	0.000844320908472154	-0.00607386888222462	-0.00713418929616788	-0.00389398282623541	-0.00411542575459046
0.0132653606153273	0.0119471542836815	-0.00587534435809885	-0.013000011183657	0.000461533353773186	0.00288529116534412
0.0132030734945399	0.013364112961103	-0.00675998765712136	-0.0123563910099235	-0.000159095793406909	0.0043494851635393
0.0136558110855382	0.0101440684307998	0.0145276554611914	-0.00608498196203291	0.00362129383368511	0.00688817293474507
0.0129938665232372	0.013107246621232	-0.00450717773828251	-0.0126215385497233	-0.0030697659487132	-0.00333394963736664
0.0133742786675093	0.0137878030623142	-0.00480666764418129	-0.0165405370265795	-0.00369624201844226	0.00159573594126462
0.0133976607814251	0.0133098728157283	-0.00448111623034712	-0.0154704895266463	-0.00274779998397075	-0.000482247773314366
0.0134102870241335	0.0130236455825061	-0.00478581395191931	-0.0154627492709999	-0.00226960453739873	-0.000839462296463526
0.0119446960582712	0.00831331509180005	-0.0108199577401654	0.0020722375515627	-0.0132498729275867	-0.0167169733093007
0.0120137148725162	-0.012505791344745	0.000631801263361725	-0.000306226182953154	0.00210216523457971	0.00652047393377738
0.0117198270237597	-0.000253425662309547	0.00707127253678852	0.0131288363908237	-0.00521713791991669	-0.00526895203489985
0.0114140500056641	-0.00630930366085375	-0.0100488539638631	0.00381780266842745	-0.000292694279768944	-0.00410806939531757
0.0111527551497414	-0.00956327530638272	-0.00728221072948568	0.000949006950209327	-0.0104686606642742	-0.00606535083906376
0.0119947528774795	-0.000602034002476403	-0.00967034347404757	0.0090330675350068	0.00204162569403089	-0.008020542687857
0.0122482540820431	0.00126898358829459	-0.0109379567147428	0.0143394578474948	0.00976158555354154	-0.00791861154117816
0.0122143213071268	0.00245167398041329	-0.0115755459632298	0.0128021438417226	0.00767829986421749	-0.0046793301863694
0.0122131407047941	-0.00347069888077242	0.0007355787372524	0.0214457553465078	0.0208109075120549	-0.00934763277324936
0.0121557108499318	-0.00506535542663448	-0.00755315744517532	0.00548122574334794	0.00495742356598248	-0.00251364104797391
0.0128378571305301	-0.00199690071550264	0.00289459851613663	-0.0140685360143171	-0.00356096901050304	0.00126151268637875
0.0151087089062851	-0.0143607160755566	0.0348049118579533	-0.0221469397861959	0.00947247204113492	-0.0197573501526673
0.0120757568417251	0.00478874142851163	-0.00799682652324716	-0.00727367823731762	0.0024092424665898	-0.00753004169248184
0.0114220092926357	-0.018942225313257	-0.0115380473050163	-0.00619935937960293	-0.0188027432264353	-0.0100223289382429
0.0121045875504719	-0.0149632268053111	-0.00471183357200429	-0.00833871751450643	0.0204996375628389	0.0154877560844849
0.0119208977760092	0.00288018593409512	-0.00245612816939801	0.0133415965830489	-0.0091060627479998	-0.00762615219067727
0.0118651083331527	0.0123192173624712	0.00890391748815178	0.00662776137663659	-0.000269808284597509	-0.00493395748918216
0.0119725886285639	-0.00535787563808373	-0.00136534138908069	0.00333543652398054	0.00570001871600807	-0.00818566892548788
0.011955251341881	-0.00359471679872157	0.00055557849112686	0.00545314150785563	-0.0113388799407508	0.00486891333484505
0.0117702088667233	0.00985624174262071	0.00269482049026964	-0.0069094525344292	-0.00690192445042392	-0.00870650790321596
0.0123762772471026	-0.00125110659614734	-0.0270227153907149	-0.00550742208743443	-0.018510097964318	-0.0233178996390979
0.0121360490109592	-0.011740154041107	0.0158867836665115	-0.00851758452668568	0.0271646761888992	-0.00907902950601239
0.0129521173264217	-0.00703832308094912	0.0162907721628403	-0.0163599445499324	0.0102021876970957	0.0121619458376127
0.0109935299610159	-0.0199751862777609	-0.000156148114089956	0.0327729332827122	-0.0232681365564085	-0.00400606248196679
0.0122241187551519	-0.0135155497972255	-0.011357576485414	0.0080101738558324	0.0153899590427004	-0.00913774065147377
0.0127766398475848	-0.00127636739771453	0.00775256517140786	0.00480272332501564	-0.00422675015081063	-0.00341423710268487
0.0116314936263699	-0.00620447985643488	0.0147791373102622	0.0233640913789404	0.0133467999191711	-0.000763356653559161
0.0119407044957302	-0.00101242580134161	0.0175575985914211	0.0179304830681523	0.0222502793012959	-0.00301980023012766
0.0135361842548977	-0.0047070813764072	0.0117141546884451	-0.0156701641484641	0.015731503054343	-0.0171138326351657
0.0122704117652956	-0.0141463171547108	0.0205248393614102	-0.00524549722953087	0.0214849042220974	-0.00757676128757777
0.0116126363603547	-0.00886853501018409	-0.003753473252226	0.0160152394620557	-0.00725823258350787	-0.00973705667147632
0.0135939765929767	0.00621763464732674	-0.0254070726239284	-0.00684886177218004	-0.0115751860258212	-0.0281449439800866
0.012847676074704	-0.00902783103782105	-0.00149323031167377	0.0112736467886139	-0.00300935236350493	-0.00591283926498867
0.0125432091797922	-0.0118463229153198	-0.00662236031605657	0.0120219240342208	0.00874585275932274	-0.00730900404060542
0.0118247564558171	-0.0182831339808987	-0.00491749353068557	0.0245037617175816	0.00643786460258744	-0.00106906876291587
