0.0086347888954317	0.00355359559845025	0.00652889407763402	0.00491811234279624	-0.00597559250442975	0.00609307204218456
0.00774634708103857	-0.00899887887857638	-0.012949883639162	-0.00903016333496381	-0.0155036281344027	0.0200395954762332
0.0102545740715206	0.00676957677776969	-0.00199650640094952	0.0161461462923056	0.0183657975735656	0.018778654121408
0.00422623638924413	-0.00357720655392445	-0.0266751826379294	-0.016621747886584	-0.0175308986747047	0.0150813585606535
8.25016599007142e-19	4.16951331764501e-17	-4.02938171537018e-17	2.26762280573914e-17	3.36281043443979e-17	-1.02188556813947e-17
1.71228943342554e-18	3.53573363363667e-17	-9.74385259632011e-17	7.15820869252166e-17	1.49082601223759e-16	-3.37018990065772e-17
0.00972519484734036	0.00641159293370288	-0.0220594076384116	0.0201350491906068	-0.00200930893183824	0.0116683954800103
0.000457202354379583	-0.0165842293960046	-0.0201607486670369	-0.019879798907053	-0.0625974847994397	0.0471912244267066
0.00444559697038619	-0.00822438736775014	-0.0295601329980647	0.00990537366600565	-0.0785454567190185	-0.0104211374517776
0.0039103737292657	0.0029781272034311	-0.00114760873544748	-0.0670703248236473	0.0521726497315196	-0.00544102197225392
0.00483458665086792	-0.010324960877203	-0.064977231317593	-0.0168744169211348	-0.0480255663456886	-0.0462211511542869
0.00847354549029746	0.00862288016652576	-0.0125787333194343	0.021031616027412	-0.0109063821826625	0.0533430620417112
0.0115416833305961	-0.003587158610524	-0.0045116762870471	0.0171847463652649	-0.0161307011903781	0.00332914831148514
0.0138651487724467	-0.0135173033176717	0.00140228345372384	0.0142370668062236	-0.0109349293232694	-0.00231014453576137
0.014123415701308	0.00267473635850416	-0.00249081813603869	0.0102809602731209	0.00168289557585846	-0.0126759328749936
0.0118443998115876	0.0272255040956699	-0.0102281588256576	-0.00938195692188034	-0.00485171337020419	0.00621183332658058
0.0112162115040602	0.0259687399779075	-0.0101626871768691	-0.0086217534872311	-0.00654348029247262	-0.00547929048151501
0.0131399749892938	0.00511001749125245	0.00765410908873186	0.00562219919875496	0.00469417615964695	0.00518878789198168
0.0104463309949105	-0.0139875546751751	-0.0177273770102118	0.00608652857910338	0.00816266206343287	0.0369234077751944
0.0136602034466156	-0.0108003336618441	0.0104674962944697	0.00173253874798907	0.00373533713041414	0.000192159569765113
0.0129338080270497	0.0303508970109418	0.00798273724115768	-0.0229242779150547	-0.0255204848527233	-0.0198288184807263
0.0146072709563379	-0.0264969141372403	0.0103134144283606	0.0263585156190848	0.00635053045124364	0.0117095011288051
0.0128781019219746	0.0168082522672492	0.00637104286425986	0.00682201865161897	-0.0122596568012148	0.0026156955587502
0.0129742547977747	0.00754895418444388	0.00575796619470997	-0.00048496948440099	-0.00106188516839713	0.00511119635971568
0.00999512568065156	-0.0209058209007562	-0.012436088117959	-0.0121793652645073	-0.0168236350366802	0.0188972606409398
0.0136760195837863	-0.00414974957915488	0.00815535297322372	0.00112444310935311	0.00252107247931512	-0.0122017296700419
0.0132676293702512	-0.00325069002157661	-0.000118714963395188	-0.0040437175540132	0.00825814946501519	-0.0015433455403325
0.0144125528862663	0.00903479014108419	0.0073114311499808	0.00506055497011963	0.0107916374965518	0.00372121904449296
0.0151739791583439	0.00619453441119113	0.0047453671769501	0.0126173886110948	-0.00266766416616322	-0.00232838423043219
0.0141478231806857	0.00348260962371661	0.00756791474372262	0.0124657074322333	-0.00817022777043878	-0.00266215336228652
0.0147187773051335	0.00674098626782067	0.00136582852172879	0.0110274275445104	0.00314746376922477	0.000563026642299143
0.01549194230869	0.0118058515884652	0.0121806437565211	0.0125510011005763	-0.00263639445309532	0.00296630519768283
0.0162010317915695	0.0114778240106289	0.0053447415352841	0.0107265817585601	0.0059724436319687	-0.00381888358811452
0.0163159302243313	0.00547760063525031	0.00373354091333201	0.0142173298040503	0.0102992730539559	0.00350775542303169
0.0162312284433927	0.00517851400225604	0.00320947406161738	0.0135747624844462	0.00985591849751755	0.00528020310866985
0.0153190602346202	-0.00470918304219823	0.0116943909489216	0.00610397345105253	0.00960824921553436	0.00238952568674742
0.0133203989206705	0.0250389518787866	0.0110511569758028	-0.00855426332283835	-0.00314114092624354	0.00799669399118807
0.0150577034858386	0.0141980611414207	0.0138532515551246	0.0121625266009568	0.00101748099390276	0.00668483218407092
0.0135794044900134	-0.00169488213208613	0.0136352843348502	0.00367623529081677	0.00485689124281859	-0.00734460152050119
0.0114838244695212	-0.00480880233948949	-0.00236236787838209	0.0112491990261596	-0.0022924497562359	0.00782151016163526
0.00826797367468806	0.00175861235934916	-0.000113671435669117	-0.0126218705660429	-0.0337529885541701	0.000480091510437255
0.00878789619926285	-0.000505471529484431	-0.0010389569846669	-0.0144559609939371	-0.0276335852857577	-0.0162095982803347
0.014663016168427	0.0267109057943671	0.00822272181665407	0.011172349166984	-0.00868030663065606	0.00208880510480157
0.0142573201525838	0.00132709022922737	0.0149918424249306	0.0200458816217709	-0.0040859940112774	-0.00869398031366422
0.012960659868664	0.00182398433943184	-0.00793199165619433	-0.00665941165476543	0.00915141509810424	0.00376911015180539
0.0130845297138757	0.0033651525828969	-0.00894153938418219	-0.00812695374265789	0.00960036281247659	5.34749189298259e-05
0.013635150380411	0.000346954703786573	-0.00215560709805802	0.00344234134304065	0.00424801179978954	-0.0110622516686622
0.0137873015708929	0.0159307534930071	-0.00927608994369639	0.00828161298472515	0.00954846940809869	0.00441551899699128
0.0147505870162976	-0.0027646374762147	0.00111503507866461	0.00446263114465598	0.0103658544287006	0.00934134016003394
0.0096610397694366	-0.0181533049004714	-0.00738482745968999	-0.00177777747853175	0.00268992580244035	0.0112379821225358
0.0127316603785018	-0.00195873142024499	0.00929200109207081	-0.00407877625588793	-0.00917051007403457	-0.0105200769925293
0.013658368717992	-0.00868045283481878	0.00487269378897323	0.0103932294307374	-0.000550985808802429	0.00295306979018235
0.0125350576013844	0.00671825021397737	-0.00411861161216003	-0.0043846228663505	0.00107408315981125	-0.00631950503134514
0.014232781900506	-0.000355770776938632	0.0196541987097954	0.00100855879836194	0.0016559129804612	0.00426447321083721
0.0124002040996498	-0.00604048543327793	0.0142072607568789	-0.0152006290470339	0.00307778662580924	-0.00559769399853129
0.0083537204817497	-0.00845049716614714	-0.0224500483039246	-0.00426069939443038	0.0217948066505288	0.0344372177005674
0.0138632990718488	0.0028477242698956	0.00964541886774216	-0.000769930152392847	0.00895940866496473	0.000842887856860949
0.0136439768512611	0.030937176923242	0.00970245795789143	-0.0048947687138851	-0.00227459776641643	0.00153104523189137
0.0130087631149808	-0.00256230571333461	-0.00394137196838801	0.000784273472926774	-0.0018618710150647	-0.00305011313431774
0.0149614921225024	0.0103296999946413	0.00171406022385164	0.0143614880983529	0.0109367096646998	0.0011542782243703
0.0141355398784875	0.00781767743605498	0.0144495957327513	0.00865102175916645	0.0143487947909999	-0.00194685042876528
0.0160290447214276	0.00545757302261596	0.0119559001540725	0.0145263507070254	0.00170317978078729	0.00972694308530841
0.0163100445111899	0.0223555792890478	-0.00247527017160763	0.0127928096022723	0.00742394130974857	0.0058943794478403
0.0163397304649604	0.0219756474214758	-0.00279979418661919	0.0123609334354869	0.0070853718932523	0.00811453880591299
0.0148008913641594	0.024861099823453	-0.00157051888619566	0.0123492618776295	0.0032348341981976	-0.000589488798532149
0.00959437657492418	-0.0119450551231148	-0.0116226892877713	-0.0203370694911995	0.000235514076904225	0.00750414654964179
0.011920099787711	-0.0187416884067872	-0.000319754707952048	-0.00226611994961239	-0.0119330745762206	-0.00101499094297658
0.00758050987655802	-0.0133003762114865	-0.0451086962336088	-0.0153578378710912	-0.0141838317256704	-0.000819139026172307
0.0147643940410686	-0.00545398910827612	0.011780394114859	0.00517576967191305	0.0152669085186678	-0.00790598712000717
0.0148002771902688	-0.00564260444872029	0.0117987690364964	0.00523523208883425	0.0137563862197057	-0.00681384364008419
0.0139580842639066	0.00814355954483995	-0.00192824110359252	0.00821740958588348	0.00415966650425047	-0.00482145216377646
0.0151219583242913	-0.00228165729855875	0.010222987851141	0.00662858783154869	0.0127547817132466	-0.00556897608805926
0.015177379692248	0.00821994727708645	0.0125061114343764	0.015070855888003	0.00245953721376295	0.000816337416599714
0.0139280443327058	0.0299717485622093	-0.00712173235934667	0.00801008659390805	0.00107441154575685	0.0038278704945014
0.0152492078707639	0.00525843618757367	0.0111738411367884	0.010871868081947	0.00788313717856227	0.00671319381259739
0.0135240504160541	-0.00543577180928402	0.0079017259251174	0.00282032050489135	-0.00601374067347332	0.00125014880203972
0.0135172305084155	-0.00528620061346323	0.00874568306978951	0.00351590667142582	-0.00580772726516537	0.000766068791167451
0.0126368396890311	-0.00275045976072605	0.0106573380030221	0.0123977682912965	-0.0111977335713662	-0.00663733971047355
0.0129888471759767	0.00840401319496269	-0.0135969398149647	0.000235209739478625	0.0116140665452552	-0.00938269543985688
0.0123313084199787	-0.00895933632999302	-0.0180130438600954	0.0162164512292558	0.0195888147003916	0.00238648468448696
0.00974388745513291	-0.0019717807671018	-0.0258279120059395	-0.0273366770409348	-0.00319145700313515	0.0285935081814486
0.0109941641131266	-0.00207149116553395	0.00956493910718011	-0.0118056698981697	-0.0140156508612826	0.00064041440545888
0.0136816334402514	-0.00138276203573914	0.00652957946114846	0.014314704864727	-0.00133116678069486	-0.00333870188657546
0.0120807070948923	-0.00741996374547911	-0.00711646316450805	-0.0119855397195609	0.0037921416024993	-0.00488217129614697
0.0129952452153491	0.00801481648773813	0.00109427028456525	0.00352103064654397	0.000138111486629206	-0.00626893780551934
0.0126981953262881	1.02759401069664e-05	-0.000415184026120644	-0.0163633783944597	0.0107526197928123	-0.00870494279496361
0.0143078789722419	-0.00272770218740876	0.0029142069726499	0.00231188133219413	0.012604534441247	-0.00818592557050789
0.0133185297440676	0.00125658666639766	-0.00440673680755082	-0.0111928193566667	0.000865567741191209	-0.0121809560142827
0.0118108838566572	0.00803370009866776	-0.0164525665249406	-0.0103463310604377	-0.0111083527210498	-0.0199869490565408
0.0143331669837095	0.0102525968492909	-0.00431061763321334	0.00707591183943073	0.00647588099025244	-0.00041141645110011
0.0136604487614186	0.0200552407568605	-0.000979329218165951	-0.0130751108723839	-0.00218554214851312	0.000307795174800761
0.011975138472605	-0.00235674513143471	0.00748120946010982	-0.00248001088598375	0.0125709702529224	0.0135717429320959
0.0137579849967125	-4.99384799621161e-05	0.0065424689105542	-0.00206127113752608	0.00996470758847843	0.00472292559176668
0.0140892292490718	0.00342136134375056	0.00468550661205821	-0.00111155934043392	0.00868106108458104	0.00661605866406124
0.0107223761282182	-0.00929803196788753	-0.00213556858812084	-0.00356527920251767	-0.0106880795251796	-0.00475715298739214
0.0123473986875744	0.00207562952081131	-0.0182591991530798	0.00666658743949692	-0.00438358128918774	-0.00343903364583028
0.0114429819641866	-0.0126896997823483	-0.000766287632808742	-0.0198737795026043	0.00480095303842313	-0.00211681517340542
0.010896620546861	0.00270557953590745	-0.0125158203471201	-2.61955694553224e-05	0.0076868743435056	0.000843348892508854
0.0110560085132277	0.00146075890887982	-0.012265666635338	0.00349473695332173	0.00553986957246968	-0.00341274647041458
0.00804588570163131	-0.0153781462988148	-0.0073226796720191	-0.00340947560916705	0.0235083093743149	0.0246198385010804
0.00769664818459488	-0.018627763101838	-0.0132634110995172	0.00807386907717783	0.013464046929231	0.0142029008220232
0.0102609689359144	0.00230064847297157	-0.00983449926841127	-0.0116879996043656	0.00212363031604083	0.0209353367283762
0.0120907729192213	-0.0160218713523486	-0.0482200724688724	0.0376147166405497	0.0122085854559364	-0.0211282206930399
0.0113805620755709	-0.00350803146010297	-0.0147620203203296	0.013018938178604	-0.0116857603280417	0.0100006129669047
0.0152055518360724	0.0117188111241828	0.0121139149038528	0.0209916122143834	0.00701474555283805	0.00658972868013749
0	0	0	0	0	0
0.00805520699501933	-0.00027558577930104	-0.0133877154500646	-0.00387381663162102	0.0206603741208526	-0.0107361988375714
0.00429608526805754	-0.00693061367309331	0.0223802980868143	-0.00872427742867065	0.0224948436321053	0.000435469449051805
0.00593145182570872	0.00158665835023124	-0.00296770723672177	0.0064577289815741	0.0850760195278036	-0.0224350527123855
0.00886676926199418	-0.00962108619733591	-0.0128575478689635	-0.00473692688436672	0.0116735330216911	0.0344852656148626
0.0127676319718311	0.00748598096186533	-0.0110932764187152	0.00913868053952227	0.00222446670712562	0.00159457781514491
0.0138877548770568	-0.000612902015594452	-0.00609130370447969	0.00702764900829675	0.00997540420679642	0.00675416047661209
0.00831128525616083	-0.012818028075436	-0.0123653834908756	-0.0114863293193567	0.0286407231337118	0.027814875777921
0.00909210653644221	-0.00928522164200478	-0.0372952673463854	0.0114894613841082	0.0293256706029552	0.0108621223771857
0.0117459581559358	-0.00511983970621239	0.00184685792959084	-0.00736873071161535	-0.000769330397682759	0.00410585119041625
0.00835354122284489	0.00916701040828745	-0.00857586155262816	0.00678464375278902	-0.0135546884046044	0.0398173201929446
0.010438682410727	-0.00320133363291487	0.0016719998030898	0.0220710076265288	0.00285798212749258	0.0149894735962775
0.0129087889771986	-0.00149668535107016	-0.00323652406711958	0.0178046046478426	0.00814978550969488	0.0192007268294454
0.0114010703654391	-0.00751958481055103	-0.00385884135809051	0.0236190222271735	-0.00423343534434487	0.00333349516240399
0.0110943348980367	-0.00351377093573224	0.000979903129754361	0.00152543535040268	-0.00342308573945498	0.0181266888012074
0.0100491100679252	-0.0150602392335971	-0.0231403648213852	-0.00921143989562906	-0.0127959381320666	-0.0157375061771762
0.0091299434395911	0.0193777648909284	-0.0072640620153502	0.0271661651009392	0.0165259230139188	0.0284176658549638
0.00953556510927108	0.0121601609597812	0.00928595396082081	0.0430917905434086	-0.00386245053872767	-0.0163944542336694
0.00845779910343367	-0.0153367173541353	-0.00616786190283758	-0.0187728516676215	0.0267982896838115	0.00360444489282204
0.00717030779142893	-0.00677754162193605	-0.00882497370496145	-0.00882596633317558	-0.0226110848861028	0.0100481905778786
0.0121781529157862	0.00523355655417887	0.00452142039662989	-0.0041024861021644	-0.017120016683696	-0.0099027886848451
0.0112204557366982	-0.000841942824865863	0.00262379058052771	-0.00510857604896284	0.000940371573341281	-0.0162568520484505
0.0121560448335912	-0.00856922062403117	0.019941387647769	-0.00657249177542138	0.0182681991239622	-0.00108327480103523
0.0129482818574935	-0.00483395170762764	0.00770383395139256	-0.0073664862604166	0.00371258214636139	0.00546641980893591
0.0128785596431485	-0.00568068193523984	0.00401835741723937	-0.00361539507698886	-0.0102195403503992	-0.0160745106155333
0.0134470220979021	-0.000876142293338449	0.00716983493681223	0.00557068747670003	-0.00396547375202974	-0.00209155925500056
0.0141516783743762	-0.00327679112848997	0.0168326876792989	0.0116957552925493	0.00368948839469519	0.00360423069871129
0.0105265670111231	-0.0161110376865889	-0.00332190501379194	0.00154498604136102	0.00974912603799134	0.0103734103055823
0.0139892947348429	-0.00268570890607945	-0.00161910611261738	0.0149916675391382	0.00148046561812613	-0.00512794957054744
0.011273302965879	-0.00828396256329256	0.00574848449864749	-0.0036127282445567	0.00374818973898995	0.0129389123399827
0.0111378921891446	-0.00161756282367989	-0.0027310760325411	-0.00224753948541067	-0.000224939888367723	-0.0138329739027216
0.0125090099737796	0.00530715900382943	0.00038236282688198	0.0060863684218131	0.0151637342495081	-0.00946250214271706
0.0116766884334126	-0.0105936297450484	-0.00330412329731497	0.0106380684855723	0.00228392988504819	0.00236959280739555
0.0134060696753127	-0.00121859927985296	0.00312798260447774	0.0106268639602686	0.00533042543350688	0.00841519879956864
0.0113569804823239	-0.0132048982863113	-0.00319248171632043	0.0144433084464809	-0.0153099699335734	-0.00506628246875868
0.0137096932451026	0.0101563459421714	0.0102372660534228	-0.0097436737038649	-0.00345863190503629	0.00710485784180601
0.0107777440722401	-0.0202496061184097	-0.0250963700101181	-0.0148352198882936	-0.00215859777034157	0.00356491901824694
0.0137845270037881	-0.00467667811549337	0.00902300434966287	0.00319710143047574	0.00436733750332146	0.000121450769118555
0.0130611527926524	0.00728470577999567	0.00791297902238167	0.0106536965687636	-0.00393975413148887	-0.00793890989642204
0.0120448905737724	-0.00204763177808826	0.00673527062654515	-0.0132795893801485	-0.010273257111142	-0.00811137463210381
0.0147030614430391	0.00408493498435248	-0.000166207893580405	0.00561272368011711	0.00939008673604353	-0.00155911736920306
0.0122414061783526	-0.00670136788597313	0.0150622991391171	-0.00600543459588962	0.0105152831847165	0.00622214592662462
0.0120818785836661	0.00740300165124616	0.00171178937085823	-0.0203856700003071	-0.00451373371833796	-0.00758125868845255
0.0132883402804147	0.00359773222585346	0.0129872487833669	0.00868797190056241	-0.00265108398364117	0.0117423279752708
0.0119782456617119	-0.00916579904464815	-0.00820129893553775	-0.00324814770257767	-0.013723083531053	-0.0094469768824443
0.0147280096495914	0.000297798063609057	0.00232636321791079	0.00549334783244612	0.0125489547235953	-0.00203473031411944
0.0145307345957208	0.0146883801786863	-0.0104261942939134	0.0048754124973948	0.00637439288515005	-0.000603398165947509
0.0144451025066194	0.0160547966147615	-0.00980641838270273	0.00532239841724788	0.00743227025496801	-9.33964444939045e-05
0.0112314700848933	0.0261169974842023	-0.0197439371115357	0.00271589174681248	0.00215206680937753	0.00990236197344611
0.0143603483302294	0.000816665783796126	0.00282938242689027	0.00338537394981845	0.0204938218844642	0.00138021757236067
0.0144230680060535	0.00856563741356273	0.00160677386744442	0.00977231862017922	0.00498053547056285	-0.00879897813363869
0.0124027269738487	-0.0131801867616114	0.00755516406568707	0.0122420482456817	-0.0134023605921415	-0.0218231974450468
0.00835103771161052	-0.00880254316275606	-0.0103206736373008	-0.0233520442299664	-0.0449690657346284	-0.0360961585841188
0.0134023292181149	0.00868500731866064	0.00445915436226788	-0.00178303262944945	-0.0017388043007647	0.000623751578524488
0.0108851897985855	0.032839702692457	0.00296025555719478	-0.0023336023502131	-0.010225386487477	0.0110089537300481
0.0132828582169198	0.00610700510136546	-0.00244813011660579	-0.00291753058596581	-0.0041125536724417	-0.00361185453261535
0.0130963203666025	0.00406721724062331	-0.00251281549874039	0.00298853550313717	-0.0101368013348039	-0.0021231845065079
0.0120292591199111	-0.0073660159590095	-0.00154938622277429	-0.00521793232008336	-0.00201591590177096	-0.0287335580366087
0.0110711368159127	-0.0200417125087011	-0.0156812725164527	-0.00944943447880581	-0.00675654519665237	-0.0326069346410952
0.0133504425934743	0.0140735488813859	-0.00575407567299538	-0.00427486933309008	0.00676548136490468	0.00474327611970408
0.0119550787166123	0.0199975125789487	-0.0122335409158523	0.00980948199288362	0.00190559982953413	0.00472691651712361
0.0121456754712471	0.0209905203819365	-0.00836966266787978	-0.0166867069667317	-0.00896613465110696	0.00586847936821302
0.0122054576591052	0.0209444485166545	-0.00800066064176843	-0.01388546285216	-0.00686371986148353	0.00563848313022631
0.0124444774711532	0.026256916874848	-0.0118013735459681	0.0113018829174049	-0.00541437533691187	-0.00301939037519856
0.0116304057655158	0.0142456719883865	-0.0127904373537559	-0.0141922151432121	0.0126896941853331	0.00176425102542227
0.0128380965991835	-0.0145431033868539	0.0133928810977293	0.000298561743601791	-0.0113494663137379	-0.0147823111175804
0.0142759861833471	-0.00403283166045567	0.00736959139817117	-0.00133084619809933	0.0195526956964341	-0.00138293086995222
0.0137213739813423	-0.00643323807182942	0.010521818562072	-0.00147553188909028	0.0129322000442866	-0.00104109993167941
0.0121384129902373	-0.0144593848352243	0.0120508855923597	0.00999041982017494	-0.00714461783151122	-0.00579804986276765
0.0146413692584027	0.00569778438603796	-0.000703105143552212	0.0179951952043386	0.00756473599493474	-0.00928300883574376
0.00779065830686698	-0.0144590631416922	0.00481323341182973	0.028221878386836	-0.00345283975506037	0.0280856501206904
0.0120047178749782	0.0145131267866342	-0.00131243692962798	0.00186999442249126	0.00543101480396537	-0.0090405737535313
0.0133471818991018	0.00325319926911471	0.00372206807868912	0.00149708814070784	-0.000455538928469936	-0.00199205300198767
0.013448767845515	-0.00614758693110779	-0.00724242533239806	0.0146224395668701	-0.00244955480733942	-0.000499067338760422
0.012966934999455	-0.0134507362030252	-0.00406621168785061	0.000472756054206572	-0.00324980370411033	-0.00390592670839774
0.0139859335546997	-0.00923370501719873	0.021022991250743	0.0141509504547371	0.0199878625393297	0.00191867672089477
0.0142703879362062	0.00552407254859245	-0.00169303765251511	0.00439678732765622	0.0013054066805011	0.00347370373803515
0.0147376965798251	-0.00184053576851922	0.011344117030575	0.0189514874328139	0.0140960454223166	0.00639749959074084
0.0109796780461966	0.0157141492957403	-0.0265417808614384	0.0187292491651162	-0.000327003684507187	0.0177839785501603
0.0128333707698763	0.0461027933732347	-0.00246788290508258	-0.0113320467089489	-0.00764178060490673	-0.00453364013139013
0.00775006811059816	-0.0106397171197139	0.00117307245282427	-0.00538943906578895	-0.00664920932525061	0.020375511634961
0.0108598936773012	-0.0110491703461305	-0.0029119835334645	0.00315408164621253	-0.00207084248373971	0.0069690771067063
0.01314964534858	-0.007489098187174	0.0138521289519529	-0.00263732343347539	-0.00948542005243126	-0.00913615917322305
0.0122662914650098	-0.0142260286815576	0.00265439009165997	-0.00948107510119199	-0.00480527070943371	0.00923000521276576
0.012168763795174	-0.00611586192402298	0.0194704693761263	-0.00483367585646206	0.00432437221020859	0.012929782199048
0.00996295624223592	-0.017895007718166	0.00744085871018633	-0.0163858667980291	0.0136037710335646	-0.0215596664246275
0.0135716740796766	-0.0106491380427385	0.00487737351217959	0.0224654009009431	-0.00644287084857426	-0.00119057030229733
0.0127061916678575	0.0082384130084504	0.00293914168094656	-2.05894334778687e-05	-0.00826518814188841	-0.00449513189541355
0.0131120678768326	-0.00173112395218022	0.0101551239975335	0.0214517058034317	0.0131363294243974	-0.00197590893750112
0.00707330210713997	0.00534941315189861	-0.0463595802589508	0.0285334375285209	-0.114415833503451	-0.00751859160747076
0.0125514074084609	0.0128469597210698	-0.00352218547210507	-0.00304022454390175	-0.00197594137265718	0.00181340613347261
0.0122504747875861	0.00166723481150289	0.00428436399098314	0.00925626646575838	-0.00769022108958322	-0.00589431735981277
0.0128245988782904	-0.0106347114286582	0.00979279363396041	0.0081357020443382	0.00953482202924744	0.0123294808065129
0.0120610399110529	-0.0113818457048183	0.00642875751769106	-0.00214021787457128	0.00635568424091111	-0.00261464562828531
0.0105248164575935	-0.0220736577824362	0.00817560838411371	-0.00474333543868159	0.00992442894218485	-0.00114948221680526
0.0126696620326638	0.0411715487044946	-0.00422573581809988	-0.00836125687407669	0.000677304410012843	0.0152774110336102
0.0131503240909058	0.0432285970566508	-0.00648193803793373	-0.00619794257701013	-0.00511324311100341	0.0114401689242008
0.0133470474202773	-0.00541264366151866	0.00053600514887217	-0.00539619685566622	-0.00582323360497817	-0.00178673110658975
0.0121900384792979	-0.00888635248545368	0.00144300119435107	-0.00507460055805215	0.00193367695621123	-0.00855969119265016
0.0097273129521508	-0.00813479373185413	0.00185833131031639	-0.00863148181706783	-0.0119415570642067	-0.0126072780003678
0.0114885775480624	0.0164337360635802	-0.00254851555524965	-0.00686843075582112	0.00505186254819132	-0.00275715479956665
0.0143248642374359	0.00727879010608401	-0.00350125776172277	0.00508019609221079	0.014965823008494	-0.00665545442973736
0.0152830084379633	0.00465164119895207	0.0111176681953137	0.0129791514101709	0.00520353070903525	0.00227550411880971
0.0147473952550431	0.00827463150274605	-0.00263721107837078	0.0157226639849357	0.00405383296498119	-0.0071001457537681
0.0112825156869766	-0.00930039824382793	-0.0191324285228846	-0.00942939836647253	0.0191336233073044	-0.012692889568305
0.0129156567508996	-0.00441914747121827	-0.00660262517508759	0.0121630055773046	-0.00270943672619564	0.0052766718567042
0.00696440783201468	-0.0219469270944967	-0.0137563646450751	-0.0133379173081315	-0.00679741288187205	0.0634612420083888
0.0099715755515741	0.00844266805974469	-0.0151636700080757	-0.0162499611731584	0.00491914585618075	-5.04753164754619e-05
0.0112591936240834	0.0157951087361342	0.000365276989921244	-0.0184793432418726	-0.0237796359413744	0.00235559772802482
0.0118071841574609	-0.00308217436658142	0.00572009340988424	-0.0188544016415314	0.00224264463286976	-0.00105014724485774
0.0116639554427483	-0.00347831558021215	-0.00703735496277477	-0.0185944705248859	0.00437010646121549	-0.0165779728140366
0.0125768743250283	-0.00116147741371237	0.00403450072363266	-0.00824892953920551	0.00552830007912997	-0.00980471540265294
0.0110052184619887	0.0163214653890317	0.00919045148565764	-0.00502756228273937	-0.0224030990530108	-0.00648613929121187
0.0128472992239096	0.0108418299951134	-0.000282660441788622	-0.0217045346049969	0.0122991616179883	9.23997963200121e-05
0.0151230258326959	-0.00466367227326598	0.0112572600197494	0.0106576040606695	0.00850954631518078	-0.00308336005328116
0.0134351475123263	0.00675329345876744	-0.00427433480242557	0.00389447386111578	-0.000112845907527134	0.0192027078946457
0.0131457009447041	0.00794572362699339	-0.00710687178713014	0.00217424002715578	0.000780737613664402	0.0220566143686858
0.011753067388948	0.00124774961799798	0.00331217850455295	-0.00974916885693498	-0.00485346460833007	3.73863901021419e-06
0.011563287501137	0.0111747809849098	-0.00111552698125616	-0.0142255317498887	0.0177532558956364	0.00877685225335144
0.012517043018226	0.00103263378981083	-0.0026954963675252	-0.0022183349534413	-0.00427390413918014	0.00450860061951865
0.0127376694911851	0.0215345175676195	-0.0187871966666005	-0.00166987729759088	0.0086117002903045	-0.0160975376646153
0.0136731252768929	-0.00318168073131571	-0.00249376654579125	0.00410713861912351	0.00664623845688665	0.00244178008988289
0.0139740081986999	0.00832600680354361	0.00149777530949482	0.0058915357828104	0.000762884556321499	-0.00761018343706142
0.0122337114298837	-0.00186846851729816	-0.0106523183978482	0.00498060388643397	-0.0135309908322554	0.00916244136157516
0.0140119464472367	0.00691229031287192	-0.00460490468061415	0.00830637572737854	0.0157685119612988	0.00206759372510478
0.0109229835196151	-0.00505394117094591	-0.0275988075240142	0.0136303196928264	-0.00350639358337489	-0.028327157565545
0.0121737665229957	0.00347671506803687	-0.00427145083927919	-0.0229351021629556	-0.00302895623322754	-0.00149202143778108
0.0120291851190932	0.00313651332080217	-0.0156378647843698	-0.00247435732399041	0.00896604555784756	-0.0237832397515527
0.0128199018991432	0.00761233855590649	-0.0029327413855235	-0.000535431360538419	-0.00193373366440712	-0.00210679336976327
0.0142914677392202	0.00988830148289907	0.000357214999259835	0.00788081240402791	0.0105050748565477	-0.00192512379671836
0.0142541863399541	-0.0128640572551761	0.0039328235259312	0.0048698272124071	0.00378042600504014	0.00521705215800976
0.0161806538822574	0.00944304854076665	0.00203125933452212	0.0176027405764546	0.00639336239176013	-0.00446213516670479
0.015304645135239	0.0093005864997281	-0.000961763990690861	0.0132686923278772	0.00557276518419825	-0.00283234030033657
0.0138233627001603	0.00375399020236591	0.00423676852648215	0.00651702138453944	-0.00350688816103354	-0.0106580783574498
0.0112338830609656	0.0188850592299963	0.0030679774406643	-0.0210278900458303	-0.0133120843093834	0.0111505863750744
0.0110481610899229	0.00538577262489056	-0.0172676135046301	0.00231241861635519	-0.00822951151757137	-0.0176679427223592
0.00974489667582738	0.00589657094299258	-0.0228947782547608	0.00796171402482963	-0.00841438362313537	-0.00577555695889435
0.0118527781098495	-0.00589778539913001	0.0097796219275044	0.00637020204642	0.00187698708045377	-0.00809010183834863
0.0116214708482832	-0.00592078517529145	0.00370856487963159	0.00714202341256345	0.00424862702742762	0.00294950149280127
0.0140364029373692	0.00343025384720468	0.000358936998348125	0.0100452945508318	-0.00158744709963927	0.00192551723894865
0.012763791790361	0.00522219818419666	-0.00591159383863225	0.00961100500523232	-0.00347433662341748	-0.00444783956024119
0.011870351407758	0.00322200360451721	-0.00926857052156821	0.0192105463591136	-0.00842746123049822	0.0130221288155411
0.0143138964635479	0.00569578505042818	0.00661030772078699	0.010032550291674	0.00309373531476025	-0.0040316108177048
0.0128266878737302	0.00455037549862186	0.0190171995831237	0.0125942266652016	-0.0104753465341193	0.00679711142867986
0.01157737535751	0.00402715666072997	-0.0311616718170909	-2.7997099400932e-05	0.00775214640288018	-0.00287374238615707
0.011248393691758	-0.0198205111867012	-0.0243263031481104	-0.00597773027362706	-0.00625360296675333	-0.017543654631269
0.00764765109721995	-0.0300051885502897	-0.0120574670308783	-0.00518767132445754	-0.0131232332501717	0.0388419106981898
0.0120093023979866	-0.0203763141811744	0.00338502937813152	0.015621162279578	-0.0064705196985053	0.012777932861015
0.0146543430854417	-0.000238224601212271	0.00351334456574625	0.000301037590005896	0.00983676087440687	-0.00255940964028583
0.00905172081275843	-0.02519990538308	-0.0136947128765638	-0.00614091382791316	-0.0427338067399912	-0.0260466720897093
0.0109491101676129	-0.0124450513412444	-0.00555461556345136	-0.024121242648827	0.00790304218354025	-0.0146397355754543
0.0111256442309301	0.00201353707879528	-0.0114044905901353	-0.00257284756777274	0.00239688808796527	-0.0250871624122403
0.0121275060913651	-0.000891846579009095	-0.0130464434025641	0.00731058220553685	-0.00973338740374884	0.011750535402838
0.011620149100685	-0.000670809784892881	-0.0184679772013137	0.0192119347916536	-0.0172839560233204	0.0152554182290572
0.0128144017377075	0.00118876815258682	0.00340874810776986	-0.00470168157467063	-0.00766057170438833	0.00455193073498058
0.00798918409927848	0.0152818481671804	-0.00442921188976935	-0.00211318588120647	-0.0112620941930691	0.04618497099654
0.00855192017893775	-0.0134868762290736	-0.0101054145454128	-0.0144504470681166	0.00845822744437085	3.81605198964828e-06
0.00753280275641508	-0.0278828331379398	-0.0128273267634411	0.0192201431202687	0.0128746784500227	-0.0165729858856619
0.010181700400672	0.0261833534817695	-0.0250865630582667	-0.0140877316364827	0.0144083090958445	-0.0218945585871643
0.012666864244315	-0.0034079715113687	-0.000899015520414064	0.00299036038273504	0.0161735173475731	0.000989972141844772
0.0132673881992622	0.0133791432264243	-0.00102770371552111	-0.00529520241133907	-0.00573657348848911	0.00345449242385109
0.0105275460183133	-0.00378689408569529	0.0129230714813406	8.72005638850475e-05	-0.0137067752542725	0.0212052654971198
0.0137557949606427	0.00676533398231767	0.00597901062230295	0.00334083515355071	0.00121437040935577	-0.00313697269192469
0.0129511628737982	-0.00732308916414631	0.0186247830761656	0.0020721043632278	0.00740484759476075	0.0194648671569754
0.0112338835314689	0.0107235500805233	0.0281341865987381	-0.00556911801611083	0.00640351982376819	0.0293639697094857
0.0128408596845951	0.00266388250550399	0.00429517920454502	-0.00472659366095632	0.011484482224499	0.00216425221988552
0.0145897903905087	-0.00337987875903503	0.0044998296384958	0.0100331172092801	0.00448059999803191	0.00747040086899181
0.0118711530098069	0.00778799088270993	-0.00149232501745958	-0.00809781961381794	0.00273925097953817	-0.00522997215690728
0.01601512776334	0.0155555770954605	0.00472049207293244	0.0130449590565938	0.00818911601418318	-0.0027385671425555
0.00930532160270073	-0.0119154712832559	-0.018394734044544	0.00219469706093854	-0.0200623368483531	0.00937363944737226
0.0116309819850743	0.00227006962756859	-0.0182336856398549	-0.000917177164568283	0.0106286902274425	-0.00345704303858056
0.013559027388265	0.0206615152251311	0.0107036828703752	-0.0040964035383932	-0.0137764120939477	-0.00593439596236046
0.0115654077237717	-0.00104053243818723	-0.00633981241282947	0.00617689078100357	-0.0279008949305715	-0.0271608912660635
0.0147991162807008	0.00224508031713061	0.00319296711216865	0.00917550282807889	0.0156388408570092	0.00311642300978733
0.0136273175930745	-0.00142862902839311	0.00654181748918568	0.00287306022696216	-0.00248454868304394	-0.016783608152151
0.013159243306353	-0.0214177808493553	-0.00400916904953068	0.0163585830958584	0.0123632443101235	0.0112882323333876
0.0127681130360697	-0.015286082983205	0.000781249313850628	-0.00607623260012837	0.00181858190313515	-0.000514426489226337
0.00679986871907037	0.0107371279638824	-0.0255454636577459	-0.0286703475575029	0.0231500084501626	0.0192204594055184
0.0112809215409529	-0.00902810384903773	0.013815523469191	-0.0102889038464162	-0.0072624786294106	-0.0154023991699072
0.0115893896209538	-0.00417131246705555	0.00455587359108158	0.00694130719164431	-0.00820993388979547	0.00616714426744467
0.0144194272525574	-0.00409507252511926	0.0102508090515681	0.00646436388388189	-0.002070715978964	0.0065921254804928
0.0124916191888655	0.00446778841058907	9.88527983918504e-05	-0.0040880809332798	0.00377433144460616	0.0199340188631039
0.00810059531958043	-0.0166934991109555	-0.00693251612328748	0.00589662219529693	0.0130918303247573	0.0261023226525868
0.0131144672725664	-0.00885278728441103	0.0154582249598025	-0.00760423538263253	-0.00276132454469456	0.00715202502663269
0.012981791036067	-0.00798031651179574	0.0161608627545423	-0.00795865277995911	0.00129140946940716	0.00565681067916716
0.0118491605224128	-0.0010120855178037	-0.0028096566149923	-0.0146182241403704	0.00872637789460903	-0.00719985971939986
0.0128558829029361	-0.0057174612746896	-0.00507184397454543	-0.00675824191454335	0.0098326037440327	0.010356386594081
0.0111067659826248	-0.00694831381834797	-0.0231373136024389	0.00655047960618969	-0.0122275224857386	0.0182150464277676
0.0109281586068468	-0.00740688350669279	-0.0230885475712857	0.00469538136726699	-0.0051982340965601	0.00650504819930325
0.0119105936571672	-0.00439806514073826	-0.00307292888570664	-0.0103625289616553	0.0161329899145197	-0.0146079007384643
0.0116042047749397	-0.00644707013768297	0.026824178367439	-0.0132888747634598	-0.0165726948072517	-0.00674899222870553
0.00875918672432221	-0.0188061995648756	0.01126062633564	-0.0266221579752316	-0.0120149787482906	-0.0119923035768246
0.0119801479121643	0.0103936343929644	-0.00643983972703244	-0.00312216362996315	0.00199215903735162	-0.00562659070764349
0.011953111819707	-0.0125653741636874	0.0142933897383399	-0.0112854616450727	-0.00636170039201048	0.00705083527556541
0.0127991512955244	0.00626680272994702	-0.00387761880735281	0.00358392388995395	-0.00396513835520746	-0.00524148220863348
0.0124677668563242	0.00749111459025404	-0.00537196662773468	0.00033658813258237	0.000667534188691198	0.0017013730115474
0.0136104945197175	-0.00255369648005895	0.00924148225058689	-0.00470067036439284	0.0110476119209454	0.00565757822540507
0.0131031650489883	-0.00634175080663044	0.0109085109466156	0.0054785199521653	0.011775696247419	-0.0111746009891179
0.0110042889573681	-0.00122318620110501	-0.00256970420917113	-0.0105679158550059	0.0070739308995881	0.00767380767245018
0.0135117796259731	-0.0107769081203854	0.00493830111162942	0.00914735761255402	-0.0148109038515034	-0.0155568897794825
0.0119254032795892	-0.00269835317483496	-0.00104440962419764	-0.0101725915114663	-0.00329902488018799	0.00338267662384052
0.0135766768371002	0.0103715862513919	-0.00351555561884834	-0.00204428401463916	0.000736539535380653	-0.00506378586865939
0.0128905182291236	-0.00521152064521647	0.00932728314689764	-0.00227695827567506	0.004757265269617	0.000313348093087693
0.0125236288427746	0.0113144185829812	0.00758853506760815	-0.00790897970862412	-0.0125694514744276	0.00613393759175395
0.00796381090995449	-0.0227507460089149	-0.0131594453317647	0.00520893116602636	-0.00626512158577125	-0.00778019465833641
0.0126188745661212	0.0114010529319443	0.00729985680205268	-0.00941970612604813	-0.0135587530807809	0.00539275045434
0.0105935942590191	-0.00689910997915885	-0.0344149355533042	0.0175983254691377	0.0102450633097557	0.00794363168689485
0.00934283979456775	-0.00616047484208736	-0.00172455845211771	-0.0140122261438104	-0.0105880300849297	0.0132270286900286
0.0122828944661184	-0.00433777570509709	-0.000239631303979324	0.0115046822059752	-0.00423519293799071	-0.00656472080501729
0.00876083073447557	0.0153902844408328	0.000501893384112846	-0.00141252817269252	-0.0206958560181051	-0.00704131557886379
0.0109266035453416	0.00717693616699316	-0.0260624245237708	0.00140115249380808	0.000408056515614296	0.00230118275766677
0.0125117366833262	-0.00361126426722045	-0.00984447393107847	-0.00944196261020181	0.00903492886644189	-0.00558405459748135
0.011467053282612	0.0135927112700078	0.00330988835632154	0.0125917501797441	0.0150727010819073	-0.0187221966738471
0.0109053088371788	-0.00310779470610404	-0.0202462089546331	0.0122751942395127	-0.00133347205262299	-0.00900942558920389
0.0119632334792762	0.00611934769727378	-0.0121850755347356	-0.000136417098693701	0.01711949168852	-0.0158647214332023
0.0111383737322052	0.00088508237640102	-0.00647975729311886	-0.0128940737184958	0.00402918516262144	0.00648933608239058
0.00768515985156641	-0.0151129524000085	-0.0196563618728426	0.00664314158932078	-0.0222142945915475	0.0339824523913729
0.0100426488927422	-0.0028811464673335	-0.0348367225599425	0.0099739642121345	-0.0142725159179981	0.0124361748991356
0.00821273900080982	-0.0362050788702683	-0.0647560602749951	0.0353233674871397	-0.0399397294740144	-0.0273510337959977
0.00988999367521746	0.0171715362860053	0.002566339563245	0.00276001171813463	-0.00329469666057824	-0.0112282670318847
0.0124821510834436	0.000657419108254394	0.00306494099521955	-0.00359986446548023	-0.000242568695549154	-0.0142429859070195
0.0136660695030877	0.000501617103403489	0.007869579650221	0.000334509456485384	0.00820575425982878	-0.00315136125720096
0.011695986538358	-0.0052183059446472	-0.00413477324832138	-0.0186469553454914	0.00553495583180537	0.000216212289491254
0.0133575183062539	0.0106054435249598	-4.10953627876648e-05	0.00498288940294125	0.00126470369945524	-0.0132239674727151
0.0113330803390758	-0.0155539746879615	-0.00924957151703161	-0.00217248600771886	-0.00352215148613522	-0.000314330121542681
0.0126299519132976	0.0316781262623481	-0.0185246680963645	-0.0155361593084158	0.00475700999539326	0.00333422840262445
0.0122745859669972	-0.0112610013701144	-0.0159406753720405	-0.00727024857737835	-0.0114007137196688	-0.00487387889523775
0.00913680576222164	-0.00333024875424414	-0.0837630113663839	0.023426447348999	0.00319900738437508	-0.00974697627028502
0.00777598083547951	0.027584668714287	-0.0176805513982807	0.000864282056221051	-0.0320766864383808	0.00724688351593111
0.0110054540388429	-0.0104115373123886	0.010886956537223	-0.00922162158153356	-0.012992609543393	-0.024847524585411
0.0117383195843094	0.00541473876720126	-0.0051250653289648	-0.0100252397496573	0.00383764808471546	-0.0123174823147537
0.0127269604947483	0.0145513664820822	-0.0100495825900713	-0.0106143979933111	0.00745955733320828	-0.0108481433353729
0.0101417864816229	0.00418619465049897	-0.0404305053258833	-0.00671427182255637	-0.010390005288505	-0.0194664150615259
0.0126753966314109	-0.00990504692600788	-0.0101383127311965	0.0142401993842504	-0.00123459671504777	-0.00202159927852515
0.0121141030221614	-0.00683571940851626	-0.0107106394601722	0.0157784955767189	0.0034174193734958	0.008924658598445
0.0140740562390465	0.0104213046715269	-0.00807620849059287	0.0114162836704028	0.00326398168349929	-0.000330613852380981
0.0119417421368353	-0.00529676211759574	-0.0150188090879596	-0.00586639684804063	-0.000182154157119212	0.00870009140392571
0.0121748200490989	0.00315009828043605	-0.00709257571969905	0.0040461569099235	-0.00737407338295814	0.0081098719584201
0.01137309516208	0.00563627478644771	0.00200846771572534	-0.0126193949713583	0.00124120962568454	-0.0121241878610608
0.0128264845562619	-0.0043757661536415	0.00624804963881297	-0.0148885340428243	0.0102259449445325	-0.0148740277732136
0.0113263515006483	-0.0165519453837679	-0.012879557827733	-0.0023571949130929	-0.00582440684204591	0.00527670835196082
0.0126708289400523	-0.00919172783417947	0.0169018084273997	-0.0099694125013386	0.00512366986619396	-0.00519126039560019
0.0128506587011367	0.00318991760884345	-0.00145144274627794	-0.00733986472821112	0.0104892319995966	-0.00885733018102608
0.00792612985610084	-0.0164009810814919	-0.0125890407085453	-0.0113780891259044	-0.00120124755674625	0.0247552203940411
0.0131994514913158	-0.00369087140910714	0.0163458071125389	0.0154989088741193	0.000739480336804523	-0.00209034283434356
0.0129436094251804	-0.00480967333217609	0.0118442477366516	0.00294447380668406	-0.0101428916706025	0.000518121798178822
0.0123278478435031	-0.00860569887614786	0.0133795177602379	0.00220410397155406	-0.00794711885623765	-0.00282760959694393
0.0126534396230108	0.0242840705900201	-0.00904253350447312	0.00623995579275625	-0.0103384915995115	-0.0127892756583825
0.0126123127919104	0.023385008087416	-0.0112137355108997	0.00875461147415947	-0.0128880165319609	-0.0136069932558059
0.0138478962862444	0.0498189903823905	-0.00211304119252149	0.00197591906385702	-0.0135562062139367	0.00486396755709881
0.0150755881050821	0.00936845112429429	0.0023625457303928	0.00442729904043877	0.000782994915088649	-0.000441818605597343
0.0133760630606628	0.000472367601439464	-0.00457160024340547	-0.000405581991633036	0.0130525079805146	-0.00819774878616549
0.0132923465871249	0.00265890356284908	0.00765949957477119	0.00134753569340474	0.00354369363115415	0.00704585218984192
0.0130840044718933	-0.0108165407414954	0.00968874887186623	-0.00143433553958961	0.0179635628384103	0.0103574018688724
0.0117660919865603	-0.000915697663201041	0.0010100423098127	-0.0100308263786797	0.0054311191217203	0.00376304699049982
0.0124295692165845	-0.00168475957740787	-0.00620245093939397	-0.00929099323231	-0.00546142062131276	0.00273362834124313
0.0124890385400499	-0.00388061558357762	0.0146026557724512	-0.00986940284595637	-0.00301930392019707	0.0108992046064712
0.0117161873588948	-0.00668819045612162	0.0122010761737384	-0.011111184525628	-0.00656650269344599	0.0125073322388541
0.0146933106919933	0.00927848104364973	0.00350871918051963	0.012385661961838	0.0013265553722097	-0.0011886391388683
0.0149290534380936	0.00954246836981986	0.00179755837500421	0.0128451422443085	0.00152877639870257	-0.00381148085592807
0.0121742358952386	0.0351329336097447	-0.00179855417049852	-0.0168530416907612	-0.0118352221223419	0.00276302075655091
0.0126465617994924	0.0026043804666417	0.00823805210955996	-0.0099079321646056	-0.000476493493089481	-0.0110934847725403
0.0108694689699216	0.000826451989834345	-0.0146823199208361	0.00398866903382612	0.01967250201435	0.00112590209063536
0.0136782697446476	-0.00690301861677309	0.0243561328675687	0.00748486769017087	-0.0146031846628039	0.00982891603860559
0.0120574845543203	-0.0157885003242054	-0.00820447837332906	-0.00136124875229267	0.0173141876434406	0.0100767085131891
0.0106410178785365	0.00397180522551029	0.0206169170719093	-0.000727975228473449	-0.0217141867099361	0.00871714768192878
0.0115949472628459	-0.00648139021943147	0.00631829219167835	0.0063620140165326	0.00177386652334712	0.0112255377475908
0.0113030424592119	0.00979215959976623	-0.000182839288581535	-0.00275741787834211	0.00391253384963896	0.000378875244846647
0.0121210030173603	0.0204494867449205	0.0035362264424518	-0.00479745463086682	0.00498869908825607	0.00310912837904842
0.0092055703724415	-0.01343161121695	-0.0332650162066997	0.0139059404070587	-0.00725701567999152	0.00319470289091483
0.0125529761890416	-0.0071400465235713	-0.00194557533527362	0.0153008153261066	-0.0070504567231704	0.00547298762728556
0.0124286107729309	-0.00682159347433004	-0.00261087627035883	0.0162247356611241	-0.00564149690516584	0.00475729016608158
0.0119480228898653	-0.010229156069584	0.0112905324449622	-0.00558047964616917	0.00844389341763159	-0.00265278684717743
0.0150773236777438	-0.0067544992758412	0.00790483137439888	0.0161938338112376	-0.00187033906282236	-0.00684375314693444
0.0139649240603668	-0.00403155383438699	-0.00585450006502113	0.0195044975195029	-0.00410394963355536	0.00482519353944117
0.013870700490891	-0.00605376415157595	-0.00654801992029116	0.0195701178295168	-0.00240678249824829	0.00204280431079411
0.0136301010803953	-0.00561075296935127	1.08978124816622e-05	-0.00237630770191929	0.00185067682835422	0.0012600974024648
0.0124242770735042	0.00114095319180178	0.0174216749514481	0.0211783494211319	-0.00687678734328917	0.00896999206713881
0.0140231321256554	0.00553396795481068	0.00406774463264472	0.00639147138863016	0.00320106138753613	-0.00295656668854394
0.0136716438369042	0.00320336980406799	0.00443790476952321	0.0061711547513928	0.00642551117559299	-0.00456571008537949
0.0127045543189326	0.00121790664710302	-0.00231443952583135	-0.00997296908877056	0.0108143236313336	0.00156796699846695
0.0115015216536742	0.00368633531225695	0.00593962174935763	-0.00830199862281488	0.00168097154791339	0.0202041603445826
0.0121034591348721	-0.0134421241327644	0.0033949898465939	0.000341279037596936	0.0051851220435004	0.011836858524659
0.0126080195073565	-0.0131251089357363	0.00040979405083741	-0.00452661580720171	0.0176100064273834	-0.00564218405431043
0.0117819091805239	-0.0146193150612297	0.00102904470709343	-0.00879478603365871	0.0201048270048422	0.00432471339412039
0.0148332335658451	0.00412883308161171	-0.00277380756578431	0.00816749128598084	0.0114972049421881	0.00081439588571658
0.0131961027052204	0.00112506539540676	0.0116024674972871	-0.00183448020190979	-0.00765014855135987	-0.00182637872177976
0.0123101857862196	-0.0143497730018043	0.0127729093688575	0.00726598646407837	-0.00691164461093549	0.00669562055572316
0.0123025995487435	-0.0181502087092651	-0.00274656465159969	-0.00195987692425709	-0.0014208879363159	0.00131315922645018
0.0125996615801004	-0.0202942964338625	0.00713025085553454	-0.0133616619596113	-0.00899220916991929	-0.0149314052980524
0.0114667780013609	-0.0111287833381919	0.00819392041645022	-0.024711292125274	0.0131559647653583	-0.0155238435084274
0.0122173592086529	0.0396589312447701	-0.00462639565594764	-0.00284426604235592	-0.0166098806372834	-0.0199625204206093
0.0122766415323495	-0.000889739523394583	-0.0138711053431202	-0.00121271158609626	-0.00762527106673223	0.0195229390425652
0.0107830810498818	0.0196604187364959	-0.0063427076507293	-0.0131705013352884	-0.0120396063462648	0.00139472499314841
0.010970467054927	-0.00375996821009234	-0.00705802430002725	-0.0172378732572401	0.00561351324632076	0.00671603588099549
0.00986473433768441	0.0178685710738402	-0.00887505776281298	0.0108248774609922	-0.0136194911168101	-0.0277230767163316
0.0123517159041325	0.0033524025645095	-0.00319394120153047	-0.0114571237274318	0.00254476939487004	-0.0119767777995457
0.0124509070559403	-0.00572036422366238	0.00846410191154683	-0.00752167689347251	-8.12299538226291e-05	0.00524021266264063
0.0123343504933739	-0.0128158238242675	0.0108041612757041	-0.00632059106355859	0.00133670974166337	-0.00482398756309043
0.00836682082641343	0.00173652913117242	-0.0172828613515281	-0.00346212034283256	0.0147699943403332	0.0194310635313429
0.013960838590351	-0.00913786053622232	0.0091204089210851	0.0153834206175194	0.00126328181055248	0.000978525116681598
0.0130587872515714	-0.00251690892734003	0.00502610062822053	-0.00278112866362472	0.00288536810233076	-0.00505493738844947
0.0126511619302707	0.000560345529227532	0.0042305384282897	7.68921069542671e-05	0.00657138390032676	0.00345885356571955
0.013157741733198	0.0125168900039364	0.0043119115559121	-0.00659676453567944	0.00290603707068484	-0.0140652024361027
0.0115731992038479	-0.00066141872871416	-0.0164892984812573	-0.00403470219568359	-0.00524692060678561	0.00480288109549199
0.0122251971032926	0.00215990326419007	0.0107206107263587	-0.00453361349886894	-0.00459898545439269	-0.0169778037069841
0.00903161887827541	-0.015773682526216	-0.0329927649960127	0.00116940579539352	-0.00647421442131633	0.00437011730429001
0.0102360658465973	0.0043134329511185	-0.0244290052221142	-0.0220100862176902	-0.0124235926866328	0.00660123100826192
0.00851597278356389	0.0731902944936767	-0.0330537794943307	-0.0553893087111227	-0.0107489201460012	-0.00696181696441537
0.0091112431938729	-0.0180256135405446	-0.012628844017705	-0.0160717544255092	0.0229264250740464	0.0178589408437698
0.0129044989601601	-0.00757605809149601	0.00384414625897169	-0.00187577891834376	-0.000795717980416435	0.00181993814632845
0.0116316032799043	-0.00392853823901836	0.00228196330537596	-0.0161402790683997	0.0123944259350696	-0.00472625068697227
0.0113783638380364	-0.00239558539277766	0.00673676407839268	-0.00644088357603538	-0.0258445608609353	0.0200169584043106
0.0121459836234531	0.0131922240211365	-0.0119388968161654	-0.00433846982539669	0.0212607247563095	0.00604445967590804
0.01178661400748	0.00921439772954377	-0.0104351286066478	0.0184219538035153	0.0213747511668644	0.0124949514283586
0.0122903377603248	-0.0034274826073066	-0.00309695731617459	-0.00865291853811063	-0.00458802305325287	-0.00166017853593912
0.0116540193147133	-0.00578725423716497	-0.00429927061538478	-0.0127336207439405	0.0135482790736842	-0.0090688611312804
0.0124393898182405	-0.00550275185457751	0.000478833282197121	0.00389882534654724	-0.00667424885970754	-0.0201121513363104
0.012709520691485	0.00707147952558863	0.00132665931805551	-0.0013496249982821	-0.00175280866262947	0.0101053715656388
0.0120392416570557	-0.00607372599334964	0.00812049062910246	-0.0152421050076587	0.0113830356073572	0.00258156225498958
0.0122346042709192	-0.0156913272701257	0.0102413580874243	-0.0222873541654174	0.0101482469484275	-0.00208535948776606
0.0113381859172512	-0.0282381117876648	0.0166914143848522	-0.0136480760737532	-0.00252393813406083	0.0104265981472083
0.0145171125073777	-0.000536165686009683	0.00876275102177455	0.00073810029610497	0.00297549924117194	0.00276593274276243
0.0115557503589173	-0.00242836807574759	0.00865310233751147	-0.00576130933713506	0.000434413654519838	0.01215119776561
0.0140148696701386	0.00478552136684332	0.00511304884639716	0.00774931281275776	0.00769436864346269	0.000334390389528738
0.0150759689406988	0.00230038899398899	0.0108006454709717	0.00968821288749387	0.00627582351244848	-0.003649011726435
0.0106343906094493	-0.00446000883886855	-0.022322542192089	0.0205309122975073	-0.00672258968821783	-0.00832108631185011
0.0151544243299375	0.00497164685712746	0.0085983268958855	0.0128019197605334	0.0108080766107697	-0.00764207780169899
0.0124430984655448	0.00657709008385694	-0.00301309487484118	-0.0147981961269022	0.00372764614421728	0.00777117252405254
0.0124841329535879	-0.00882133712149994	0.00383739953714586	0.005085858471015	0.00973574621071755	-0.00983837841333906
0.0123113909044307	-0.00925053540841814	0.00362532244021272	0.0050571581163156	0.0115306908309259	-0.0107447174017772
0.0139948128330625	-0.00124186765778427	0.0141676442972679	0.00468539451734932	0.00234699900413131	-0.00651076888687825
0.00818987797368721	-0.00098059826242113	0.00615079842202714	-0.000528677206905915	-0.00306538989808403	0.00864829932410285
0.0119269187106693	-0.00263576192927574	0.00974344583609697	-0.0124944040680687	0.00134556265425767	0.0158964396329156
0.01155662427167	0.00371305391213436	-0.018816864720397	-0.0186334223562014	0.0154569273285636	-0.00639385448645796
0.00714066908391612	-0.0323650757758751	-0.0290540798732588	0.00132000456475694	-0.0457801094199952	0.00791234345798714
0.0111227503424972	-0.0132365875960634	0.00625081486523836	-0.0114541516679528	0.0178973904356216	-0.000747400921892301
0.00860088177329849	0.00603529529308202	-0.018996918525615	-1.64689394920661e-05	-0.0136364434911368	0.00991221754041195
0.0122457869514429	-0.00558673863486373	-0.000564379280067419	-6.57023459137221e-05	0.00638399241869738	-0.00578555612164281
0.00831681813868154	0.00644973387268755	-0.00515769115603072	-0.0258475772961844	-0.0110883283616783	0.000177775111709406
0.0106826022310036	0.00379188279301955	-0.0153692059478161	-0.0137144536246739	0.00113306155796145	-0.000935696277633404
0.0125604233698016	-0.000690582794697534	0.00169105519444873	0.00183560527088374	-0.00766843357836427	-0.019325094237657
0.0122644356049918	-0.00561724751024515	-0.000519507893837335	-0.0138154183591887	0.00918635652983853	0.0063317832095663
0.0112653728361895	-0.00698721564252951	-0.0154756640323362	-0.00741237263903274	0.0296707549393403	-0.000642351800826887
0.0127724432935523	-0.0032744349330728	0.00330336006081918	-0.0133679596340083	0.00945738151482474	-0.00149169739550701
0.0132853512677961	0.00405236318942077	0.0052754025157856	-0.0093717728879164	0.00338407587959897	-0.00387240375269356
0.0113503910937169	-0.00250904042709452	0.00315494616663202	-0.0169790931555289	-0.015598438800169	-0.0169864416704062
0.0138426776228962	0.00477208750180816	0.00774283462984771	-0.00179173195122308	0.00195356617651011	0.0101116548470832
0.0112281736022487	-0.00574463164269728	-0.00135933232566307	-0.0272370160301479	-0.0026172051484073	0.00360939632599599
0.0120654024617105	-0.00368395244497645	-1.76652779606077e-05	-0.00815339407397338	-0.0108002544589426	-0.014905431764283
0.014354399152902	-0.000795428775108512	0.00445968094575482	0.00467534652783365	-0.00142413530235501	-0.0135546392425241
0.0104173322759218	-0.00865190066263669	-0.0300363961181113	0.0139238193896971	-0.00990739436410976	-0.0325235761152517
0.0107883475887449	-0.00778986051705732	-0.029133267044865	0.0167097167980187	-0.0110480333747207	-0.0335599447970328
0.00948173943232641	-0.00984726872532827	-0.0151705188604501	-0.00832362293241162	-0.000165932047482551	0.029688511899762
0.0144748741637922	0.00779641903221806	0.0196668556206444	0.0209493411479206	-0.00550889032636527	-0.00534547842431571
0.013433439212166	-0.00937512849832545	0.00825010330962038	0.00673021924435839	0.00507667789902563	-0.000852351203331721
0.0116955631004906	-0.00840125829808255	0.00814790181267737	-0.0130686147618923	-0.0160503662242775	-0.000103961003178621
0.00864318997235895	-0.0177272840625015	-0.0119243115450258	-0.0300881510969056	0.00322555818833225	-0.00749295140751433
0.0124116062503299	-0.00308158358890058	0.00178434031867902	-0.0131229663846791	0.00531757557851758	-0.0111985673480895
0.00640360571407361	0.0432615857358391	-0.053975303169827	-0.0267063860743733	-0.0112422003863709	0.0119843381051632
0.0130764533948794	0.00695096249452113	0.00637387837709156	-0.0148613680313521	8.95979676389311e-05	0.000410775455271265
0.0126826695374137	-0.00922348061581802	0.00821013539620244	0.0057476957420992	-0.000688975097955472	-0.00289374163036601
0.0130550790207732	-0.0067241775623686	0.00242613785157564	-0.00532551834324858	-0.000792817719441457	0.0107430302122257
0.0139958100714461	0.00340290835482676	-0.00343136365550465	-0.00133794514449842	0.0187214720234751	-0.00434030849380013
0.0140590020513221	0.00325765616168285	-0.00244023375501829	-0.00135891471187822	0.0179573717030717	-0.0041620897699541
0.013801079061628	0.00135468237516259	0.000480719820290512	0.0200723726158575	3.7299725967388e-05	-0.0138844643328895
0.0121497932630181	0.0022746856921086	0.00967349140418996	0.00689765439337995	-0.00712487476575222	0.018295757176587
0.0104858078983018	-0.0067301175831103	-0.0314097646919855	0.0191056642514042	0.000504038571441209	0.0188018466490271
0.0108332730166565	-0.00388627369089847	-0.0127711354584222	0.000219116600746739	-0.00567536178765945	0.00294930040642217
0.0133657577978084	-0.00673947412245896	0.00346973295188087	-0.00990342337093515	0.00901661915999871	-0.00123288689421872
0.0108055273765631	-0.0158152528849711	0.0153694215586022	-0.0160423824204894	0.0120403894332077	-0.000797441094838154
0.0125972628251239	0.0153515076205338	-0.0104370926326703	-0.00784792382107092	-0.00664529422549194	-0.00665871471617329
0.0154042316549143	-0.00895518998158515	0.0207173983029148	0.0251572259196943	0.00138445643650158	0.00346333720768407
0.0117591569097987	-0.00635517669851112	0.0119997145571264	-0.00957215893665381	-0.00594934911630259	-0.0024484625667485
0.0128081925017794	-0.00885198165562215	0.00676071125700943	-0.00751371672155573	0.0118953450732236	-0.0206355259899494
0.0130441203667892	-0.000446919518608132	0.00670736108166313	0.00238843683798908	0.00631801889092099	0.002088140079559
0.0132315122918069	0.0104102192436419	0.0083779011576259	0.00561119352376799	0.00358791292339206	0.0034098223074341
0.0104176530350718	0.00801327489692762	-0.0163537430336063	-0.00172640411304964	0.00715284194687536	0.0198555696692411
0.013469662769412	0.0123786771984216	-0.00241974802354395	0.000354487884292258	0.00338704626080526	-0.00599040592470642
0.0144465015718411	-0.00781030829655153	0.00628863978935297	0.00842267705623554	0.00177909275637727	-0.00150069532975742
0.0104766214514203	-0.0193709603699447	-0.00568575775710358	0.0149984006045908	-0.0270959777711751	-0.00591069650810398
0.0139290611351596	0.00620932815669324	0.013270479162404	0.00791761176098655	-0.000713983054332514	-0.00719794120171841
0.013451310555041	0.00324793782054349	0.0137773528928878	0.00663756549185706	-0.000987787745534206	-0.00013670084779263
0.0118300063812338	-0.00356005696201317	0.00129118563689179	0.0117604994988633	-0.0198566815295547	0.0137573941714295
0.013717066970369	0.0029486364652117	0.0158926998110904	0.0108143751956376	-0.00015412851947008	-0.00477609142394246
0.0132989240429166	-0.0119339366882021	0.00811969576684564	0.00236645619939954	0.0015912691216286	-0.00300138688046885
0.00652546922387675	-0.0198690640662703	-0.0186214783623677	0.0474689755141095	-0.0447326452446779	0.00115268425823992
0.0121453917716803	-0.00890013148598152	0.00125329541504502	0.00219102895506665	-0.00602446203445058	-0.0182899111374764
0.0136511476450879	0.00822124184291164	0.00903500804227805	0.00710544311407278	0.00812949574406629	-0.00440724402575022
0.0135889761830625	-0.00512623934759145	0.0101010618275013	-0.00554642406629129	0.00578942953776474	0.00705083961926603
0.0128523738461513	-0.0176611249568137	0.00187433882850514	0.0104602186332996	-0.00491141957926935	0.00415264800797375
0.0129949205975019	-0.0178696647139391	0.0025075289195199	0.0105685399513795	-0.00480512698389662	0.00142378057192102
0.0136356845653703	0.0141812735906957	0.0131220863390364	0.0101403390365444	0.00357834563509542	-0.000373602204581075
0.0143052632057824	0.00543820829996513	0.00907926551770121	0.0101739606170128	0.00876896438141853	-0.00916135198680843
0.0139370682490075	0.00485655244174932	0.00647670715891602	0.00778195817173161	0.00796781363874406	-0.01316594945986
0.0127626684695759	0.0036343043134265	0.00703589593308875	-0.00364824705656991	0.0088671834872083	-0.00288932838626238
0.0140336608976819	-0.0031016165123282	0.00901710199095902	0.00351435323135814	0.00614951777046177	-0.00219999879392426
0.0125775709156377	-0.0140112871027425	0.00632062264397375	-0.00779409960900948	0.00123129459982845	-0.00124025902781756
0.0134288490405563	0.0011877179833993	0.00432423275366454	0.00765981493344352	-0.00178931099409911	-0.00795331245503644
0.0109035714022001	-0.00843931653159019	0.00503367737459344	-0.0142112783163905	0.017836007625088	-0.00891131467384273
0.0123212541758657	0.0436388327204046	-0.0242741536281199	-0.0108780712113557	-0.00639356858023095	0.022240424365283
0.0138316131496531	0.0150562234072689	0.00880230887945758	0.0105125986158103	0.00788374255485983	0.000637615236621709
0.0147933610623741	0.010786165748581	0.0137035513912113	0.00971077882909107	-0.0047082777415	-0.00892290470687751
0.0146353265800884	0.00524714227666554	0.011673365765883	0.00326277651534306	-0.00312933509443762	0.00844109921295979
0.0116903458224902	0.0105974141730393	0.0109688539245454	-0.0133091676850699	-0.0128124466036871	-0.00571132400652903
0.0127479939513384	0.000647043519200258	-0.00426073163302626	0.00625083909187601	0.00317153034157354	-0.000361634767116331
0.0107085812643331	-0.0147612330634887	-0.00313195633892445	-0.00210297784707861	-0.00274324920357803	-0.0147867769398234
0.0120149150457258	8.95344696945463e-05	-0.000463025302632509	-0.0210710452180931	-0.00272592762497065	-0.00308016273833966
0.0138330655129777	-0.000680688376047951	-0.000553842926705412	-0.0104551520314448	0.0141724364262721	0.00802974093850673
0.0123749337989229	0.0230205214104707	0.0141999060794701	0.0032015283498195	-0.00911744766756883	0.0029039532843887
0.0126392832486731	0.00516215915372734	0.0112195597729404	0.000434778924655423	-0.00195184367055215	-0.00878913534136029
0.0122025188151396	0.0170959806098294	-3.5382950129082e-05	-0.0108142777523034	0.00362906454678053	-0.00903904677958313
0.0106879230859346	0.00916416786486565	0.00692499937309967	-0.0143660104336431	-0.0105972763434846	-0.00196516581698618
0.0129321269321599	0.00301202899393567	0.00515861900254769	-0.0148338513801004	0.00817012483955699	0.00883536901415406
0.0145735495581879	0.0195069301681379	-0.00493217329824366	0.00463153686891735	0.00821512594395991	0.00364240993662801
0.0136002808000324	0.00270385024417105	0.00345163793257457	-0.00130766301490094	0.00621942640754337	0.00245363340256513
0.0121743918558748	-0.00574600135847966	-0.000761849145360903	-0.00512261063845346	0.00231393698848493	0.000875105504521636
0.0123604294364539	-0.00887807331460377	0.0144069766523324	-0.000511842841740203	-0.0103827517452926	-0.00451490164342334
0.0120094500031701	-0.0101398071211325	0.00595452727713427	-0.00400362791069858	-0.000208261572422353	0.00426122737190143
0.0138458917578406	-0.00131400229273879	0.00777958323452312	-0.00187622259094198	0.00463307277042523	0.0110972058693261
0.0101720505290569	0.00483758454645199	-0.0062857656583211	-0.0090802719555719	0.0147699769533206	-0.00823117155088885
0.0108758812021165	0.00644116873256005	0.00687473024143904	-0.0153703718279722	-0.0157539504842161	0.00475280162823897
0.0119780545383614	0.00467853554499907	0.00497015617375765	-0.00670021292520334	0.00549219531784694	0.00114801039875116
0.0138541703656117	0.00268240788285165	0.0143049202365355	0.0171157779137295	-0.00514705161186993	-0.00282254329745055
0.0158090104241951	0.0148050316272036	0.00373057966952319	0.00601018222659634	0.00627487398211584	0.0048031055038056
0.014422967731691	0.00721182838240729	0.0081032426975089	0.00618883322540648	0.000944980244227487	0.007722273175847
0.0147714621892379	0.00391189453920952	0.0110850140012073	0.0126010153546332	0.00757436670190306	-0.00373061052237587
0.0140761149962813	0.013700752904224	0.00145562170806898	0.00565752638276005	0.00712165764885103	7.09030252195356e-05
0.0143344738511525	0.00331972330887619	0.00592905762326149	0.00421973449488067	0.0115241696779964	-0.00159609402852852
0.0132887120779828	0.0271415543417955	0.00306394683885621	-0.00451762957873407	-0.00464777057370078	-0.00606926862299992
0.0127056894451505	0.0292142878626786	0.00469049724921748	-0.00642254953051196	-0.0088929364295942	0.00612747078544117
0.0131877089321887	0.00461961523479036	-0.00113654675223251	0.00570656573896251	-0.000227500993103247	-0.000298104316814655
0.0133693283569261	-0.00529917355489968	0.00834575273425204	0.00422643539092361	0.00218658130535369	0.00150641510218418
0.0126306969894347	0.00415670616602492	0.00485816433523309	-0.0080582453248196	0.00119389754201385	0.0220449214948959
0.0128566187670441	0.0181280849994808	0.0015260920036327	-0.00996298621370482	0.0153082168322952	0.012431617948309
0.0130595427469653	-0.00596032683017758	0.0138332043054734	-0.00336880217870982	0.00959078957118487	0.00237178572083771
0.0137570936757692	-0.00451597189900896	0.0121904475110804	0.00775097787238875	-0.00597475108387782	0.00347265892704797
0.0130548305808322	-8.04526178852499e-05	0.0050687846789704	-0.0120596158901281	-0.00325972086583746	-0.00369215444063588
0.0128197500525751	0.0111769739907361	0.00357603262487155	-0.0123052377299776	0.00340581343033447	0.0123797086182562
0.013638264843466	0.00165401544770376	0.00787685335390618	0.01805106850299	-0.00152941239492969	0.000659045393404903
0.0127809485267961	0.00112938287627846	-0.00220350006720071	0.00693811294303012	0.00997920237847054	0.00223577081493472
0.0126635349038163	0.000611815944381768	-0.00371066555933795	0.00829084809031199	0.0095609731829991	0.00316545981654988
0.0130068529689658	-0.00571115203509304	0.0137759502524207	-0.00838035836739226	0.0173051532065307	0.0084361892641459
0.0127095612132188	-0.0156865297178359	0.0212936011082543	0.00253841581733855	-0.0201059052741413	0.00635528161405576
0.0121337722319582	0.00655163376732848	-0.00937519739653239	-0.0121667557068466	0.0041643914401409	0.0055288931998214
0.0119468586695195	0.00762580688961742	-0.0109838277426766	-0.0102205485572019	0.00743835806999944	0.000740241960803733
0.0117340318293171	-0.00774849003950529	0.0131925235364186	-0.0157206822897499	-0.0127094576544302	0.00385598602722247
0.0132617338851059	-0.00260649406713027	-0.00174735053392418	0.00976194072050874	-0.00841032621108468	0.00693141214108126
0.0110285318183138	-0.0205452862806922	0.0031236421037064	-0.0159203540523936	-0.0100079974761835	0.0291566415147548
0.0137369693388776	-0.0120812190947264	0.019467528662572	0.00592905505599747	0.00708861468329375	0.0104655681440256
0.0122625918687853	-0.00924107817319311	0.00688838555312031	0.000628913916028822	-0.0190257748007072	0.00495354436078838
0.0145935254672266	0.00426339413847874	0.0204997864961936	0.0113886358981783	0.0100625340082575	0.00318483400059058
0.0146880372903289	0.00453198213689903	0.0206387587597277	0.0116187544445499	0.0107443470646349	0.00399518618855643
0.0145772741195804	0.000624521543033042	0.0124461983808605	0.0102674020731338	0.0124031124318324	-0.00377353535525959
0.0131114870374076	0.02740006493834	0.00215181929497389	0.00592039541856643	-0.0134972603326234	-0.00033274251495884
0.00932616261035986	0.0043889796310135	-0.0213793044478806	-0.0287350082400481	-0.0274121542558033	-0.024037672573869
0.0123273575963974	0.00401289748912881	-0.00732097624340963	-0.00503365072716168	-0.00350773551406769	0.00185104432403671
0.0110669997743336	-0.0026384049058842	-0.00532930364867187	0.0173523196581069	-0.0104227582045022	-0.0255841616537001
0.0132254625033579	0.00763357807648298	-0.0171694172120857	0.00885001355017654	0.0108676254346063	-0.001076975731475
0.0101537027928312	0.00396685372040723	-0.00704727727052166	0.0187655892472055	0.0108733841667306	-0.0085554614851337
0.00825800459646267	-0.00691818928687773	-0.020100260623114	-0.0137246395710448	0.00286925911994656	0.0282848308414138
0.0116118918874855	-0.0200913513760243	-0.00880650019770793	-0.000154424511527322	0.00719783903920494	-0.00609598799720208
0.0145369119247071	-0.0071123163491771	-0.011437386997899	-0.00205334261318567	0.0216722130392361	-0.0031667336822544
0.0123382060448311	-0.00524049343552373	-0.00614721435413281	0.00175169271553196	-0.00249509266365087	-0.00653536802014598
0.0121574726433515	-0.0226082862130849	-0.0129939199849277	0.00343730977264234	0.00684833174328394	-0.0111491133660684
0.011095667547641	-0.00823303631772599	-0.00954750837394184	0.0129367514388471	0.00902545958339064	0.00136825299147996
0.0111458659344445	-0.00821657165801907	-0.00911701564230952	0.0117484985728801	0.00977322801370153	0.00363270218122249
0.0114938612489823	-0.00835372559247691	0.00561054713623647	-0.0111321583229371	-0.0207744182516346	0.00265325412539071
0.00867987886768702	-0.00861940711894078	-0.015649135335855	-0.0205571150554307	-0.0261010328139225	0.0342506006133328
0.00809155901579873	-0.0165046295153741	-0.00316947207079834	-0.000446526670485197	0.018273524951347	0.0196054119614633
0.00955023937119063	-0.0052253081546854	-0.0116557101291944	0.00221126841664032	0.00729746113828821	0.0200843453239422
0.011732025224805	-0.00755610553416666	0.00936127170789095	0.0127569211561149	-0.00451038112335486	-0.0047113761448136
0.00920450675351075	-0.00082684634510073	0.0150009075577911	0.00245458209771746	0.0176828144646006	0.00795756717579729
0.00634329711558172	-0.0262492731667646	-0.00542957035582939	0.0152706645011493	-0.0125206800652513	0.0554775048286999
0.00889398298989353	-0.00529049779312535	0.00896485316300319	-0.00573113753695546	0.012008415124491	0.00358308271733459
0.00942322231415395	0.00987467926751166	-0.0103115123323659	0.000579540736808841	0.00633546892626276	-0.0252660057110096
0.0139993201510011	0.00310120293244228	-0.0098649616350371	-0.00322715036370909	0.0170488482549541	-0.00365907509327997
0.013039974051627	0.00127481434552302	-0.000508107197671694	-0.00714637885335072	0.00630358929974413	-0.0192177897505732
0.0123670515974033	0.0333175560335139	0.0045276172961117	-0.015151079178328	-0.0136848463614517	0.00393650608011471
0.0130204821154269	0.0257340696233439	0.00176051151945486	0.000933762091403026	0.000522380859356692	-0.00108150036385759
0.0124026497953221	0.0262666637292291	0.00782410455197951	-0.0107189877029747	-0.00798622433806507	0.0159103993238409
0.0141447147690983	0.00834372908412436	0.00365858227945218	0.0128491931824429	0.0144165383267836	0.00210487779977438
0.01347272228663	-0.00580010036461129	0.00545495298958845	0.00895482372582207	-0.00962789938765512	-4.75628360673254e-05
0.0112309638635991	0.00543829621247215	0.0104663394348466	-0.00934489106910706	0.0104840582973619	-0.00743221076045369
0.0123984668687092	-0.00702118730305335	0.00328854147937103	0.00542743139738099	-0.00543638661293082	0.00417602422426506
0.00936805395448004	0.0185521318174416	-0.0403476273385245	-0.00609374666012688	0.015044052402259	-0.00670361024087294
0.0120693389111439	0.0348716698127759	-0.00640641335003112	-0.0121189089861833	0.00294242161992296	-0.00543459497852799
0.0136257323346609	-0.00511347107088713	0.00509700954826264	-0.000708087258983404	0.00856967575383132	-0.0128120808319409
0.0132353775713627	-0.0109998045087944	0.00277273026047856	-0.00882801305616657	0.0076398711582741	-0.0116002026475494
0.0104263958313768	-0.00598246252330463	-0.0132607784322262	0.00673004100350381	-0.00127405355964265	0.0244807350970019
0.0136702910561164	5.78945102581189e-05	0.0010580673446257	0.0148371179278055	0.00457239755615169	0.013368535799704
0.0116221983080064	0.00229484945320539	0.0172840135566162	0.00910317321570114	-0.00867080606118321	0.00412895649357549
0.0084308354711503	-0.0132785557759169	-0.0296305178452219	0.00402217566988339	0.0168332610044896	0.00585972280325764
0.0126168312255052	-0.000745918908764637	-0.0040778542225822	-0.00342754778603609	0.00674060328672867	0.00495705895882471
0.0134063231460211	0.000608965675312103	0.0058898531923728	-0.000664455644607735	0.00520435741201202	0.00282210686835894
0.0134971265287201	-0.000115781833318132	0.00616275741439759	-0.0024521322312491	0.00591875822017855	0.00485047078489487
0.0139319948402775	0.00303432637610695	0.00257689546752769	0.00295205419476094	-0.00652999010862448	-0.000950480351915512
0.0151383917759448	0.000160116184705499	0.00987405260411423	0.0208373188035131	0.00248005377827695	-0.00889645129028067
0.0101670915601315	0.00905619409809896	0.0001753481823294	0.0100439547997582	-0.0285797710411704	0.00415693601777693
0.0136957062423828	0.00143602792196971	-0.00825394443266294	0.0198682844036172	0.0189925212498833	0.0102648999165991
0.015014724647581	-0.00423823730306298	-0.0098176862137231	0.0207328476951727	0.0174069900258316	0.00453487859705023
0.0141202577557844	-0.00481516220716777	0.00951483295092582	0.0172503868627821	0.00915770644551608	0.00585948445477962
0.0121680879099686	-0.00431153201030269	0.0073276160235466	-0.0051346628235109	-0.00723539790819673	0.00124595461731649
0.0147986398068178	0.0195589668325099	0.00463112331203326	0.00702318506986233	0.000530591709264119	-0.00883088693697529
0.0134744852672402	0.0497669108726798	0.0047200322740933	-0.00473616048675645	-0.0186899325658787	0.0126560920701474
0.0132416578251707	-0.0099935833113661	0.0024845852765264	0.0146493232615293	0.00284187111007631	-0.00588121137219597
0.0146807285243776	-0.000284956699532892	0.00709279997977185	0.012219615018946	0.00383512746895594	-0.000743008466452011
0.0156938274026754	0.00520057052392224	0.0143558653894922	0.0146612480854536	-0.000513065414863152	0.00520806682968528
0.01600789077111	0.00606045722224266	0.0141090611863672	0.0186141570788943	0.00208276190221426	0.00309630183031066
0.0142854687193821	-0.00455988232408253	0.00466087070793665	0.00312976240992182	0.00529893125213308	-0.010047973249525
0.0134952602390153	0.00595375234898826	-0.00107357498606031	0.00211692185953045	-0.00287369865030657	-0.0230015913540127
0.0142342245122845	0.00462711145764319	-0.004564095792624	0.00398572993985357	0.0055740043673888	-0.00882516432021689
0.0145065711443134	-0.000102251430234149	0.0075838417860214	0.0153208715816504	0.00327197978193269	-0.0102744565251398
0.0116307144501263	0.0183069143982634	-0.030745534976374	-0.0114862774443411	0.0199586546588878	-0.00402172192672324
0.0118924778422628	0.000521932429560345	-0.0415016097980183	-0.00795596568703777	0.0120635281849744	-0.00646702835850738
0.0108771988475867	-0.00467004080629602	-0.0151579025654416	0.00418003895027102	0.00729815475124375	-0.0216541398231082
0.0121969075481101	0.00490987249853008	-0.00951459721196229	-0.00359936530564635	0.0115590453433609	-0.00298878113081421
0.014035651010196	0.0296223299116913	-0.00557288150439091	0.0034496487542451	-0.000339408918538597	-0.01208804842205
0.0145357735247504	0.0266416191741952	-0.00727075455526768	0.00387129809974131	0.00437084018009499	-0.0106605102481169
0.0085022368021387	0.00132736383532238	-0.0292866404388432	-0.00138279794179128	-0.0239751140126714	-0.000838041673371836
0.00938338915065862	-0.00228923154067571	-0.0234316945313873	0.00129074069260733	0.0102398336423032	0.00427693611355943
0.0145865458987977	0.0203398315777786	0.000604728202081706	0.00496162725876759	-0.00679501031348629	-0.00419401854239858
0.0153708907744988	0.00839645973755469	0.0070903785634919	0.0145249013192927	0.00155201853186723	-0.00226650983533384
0.0134616019254446	0.0101378299193163	-0.00857855003700275	0.00580070076367652	0.00589348653214263	-0.00786464303759298
0.0136518713045927	-0.0032882230843326	-0.00800688571967708	-0.00174016362464989	0.00278629337615025	-0.00188400804182542
0.0109359117713086	-0.01022060213203	0.0250510529608772	-0.00387035696010813	-0.0308025726793002	-0.00365030714507099
0.0152292135674313	0.00569602830830476	0.000840435688558564	0.0155128474762286	-0.00168676217883135	-0.0115138467743524
0.0150374563292757	0.00508664832834021	0.00192572143738308	0.0150348285309856	-0.000727965336707048	-0.00999706272209524
0.01682805966047	0.0093802679510491	0.00424269707123266	0.022111908090488	0.0107190283542833	0.00483322210480429
0.0142902004291216	0.00206441864925798	0.00068406622219532	0.00688492977285974	0.000667675056823793	-0.00169566734402871
0.012955570357912	0.00170384053152262	-0.0111645971487261	0.0046601960296414	0.00290641440091568	-0.014355686126969
0.013211509303559	0.00398587814567159	-0.00651819888400431	0.00779496975517073	0.000823347048954567	-0.0107044987609361
0.0147443826456408	0.00863477627307556	0.00392226295618581	0.014448319096606	0.00123500666166468	0.00113227731903721
0.0117696177255724	-0.00799156171562742	-0.00109762336333912	-0.00911717868195475	-0.00464483560139222	0.0049658063311779
0.0113942606347691	0.00332023003249659	0.00692198001024598	-0.0201755538872214	-0.00860400504389246	0.00721857331192964
0.0119893353874579	1.81586949016613e-06	-0.00354526273586614	-0.0172459253988531	-0.00449114074128344	-0.00136546359119881
0.00979530295069409	0.00160643661333486	0.00197004195021575	-0.0138641293447456	-0.000961004059987753	0.00521673580747477
0.0101777162847697	-0.0155122188120872	-0.0158718481124214	-0.0237410490621807	0.000734390602985481	-0.0189596090577723
0.00875738635770142	-0.00429395860323081	-0.00935570948304927	-0.036206630499721	-0.0229417527205581	0.0283439413091213
0.0121042540356979	-0.0128641886400287	-0.0270193334119529	-0.0200093361393642	0.00431205149984002	-0.0207307755902228
0.0129115540347226	-0.00112670363030245	0.00101241452297035	0.00705809325879301	0.00913569683113031	0.00251598698436194
0.0130982671937175	-0.0192920288800224	0.0021997467964278	0.0173044844046579	-0.000282208804565996	-0.00823144345826165
0.0119839530221374	-0.00341437974226454	-0.025307263872963	-0.00105161730862019	-1.84915508206511e-05	-0.00328998292317802
0.0111853867620322	0.00105665291551543	0.0507719874958051	-0.0115442920325857	-0.021279451886006	0.0412517973327844
0.012191480946536	-0.00375482351339843	-0.00823405488714612	-0.0153014543000525	0.00614883030423467	-0.00550962103315625
0.00952641973316969	0.00662433038808038	0.0114183535777287	-0.0162948432673797	-0.00736625904010976	0.0212197149039082
0.0130928045675992	-5.26920407245756e-05	0.00195489252127891	-0.00331372892590165	0.00371654747443489	-0.0106135212709461
0.0117698689409395	-0.0182522268925709	0.0118058347782554	0.00392324074894013	0.00531025084074967	0.047592861958391
0.0127118404878905	-0.0115242411619457	0.00926814893126915	-0.00767483146109713	0.0142363769883891	0.00439652976213449
0.0137156111532557	-0.00540019654222041	-0.00571812142016122	0.0121428836831642	0.00385378493025104	-0.0124063795443109
0.0123554304414769	-0.00617912700405478	-0.0185793728628863	0.0221200522350606	-0.0059290611926596	0.00199336910398634
0.0115366777635002	-0.0109045339547061	0.0183631510668526	-0.015183465895199	0.00170325008476816	0.00847163216164413
0.0113441254015755	-0.00952356806722333	-0.0112052500411779	-0.00670977915632078	0.00971881393284857	-0.0247042475737555
0.0110193651316035	0.0227892774151267	-0.00361675553613849	-0.0256579599196419	-0.00814683755533087	-0.00181939121788602
0.0129358445463543	-0.00346515399111089	-0.00503296412747441	0.00525698400839383	0.00704644846706491	-0.0093377188224482
0.0102515118334976	-0.0150960805817357	-0.0016447682859824	0.0362322350475977	0.0100191761115132	-0.0169797706534395
0.00827782829940434	-0.0123011003957112	-0.0334330635503909	-0.0576504750851011	0.0248679524701202	0.0467741869751852
0.0115386037799473	-0.00658396159960998	8.60990634716369e-06	-0.0258488954551286	-0.0128406563289982	-0.0111360150956332
0.0125613107291069	0.00950588644708444	-0.00844465961865142	-0.00101413711726237	0.00637962154966205	0.00652360809370017
0.0124424937283573	0.00740166448204612	-0.00946312272825118	-0.00105655569553162	0.00888047422707067	0.00919785053733379
0.0111994304420521	0.00117460235929459	-0.00615600498284117	-0.0280541183672794	0.0140322309496916	-0.00847046307839695
0.0104056323908715	0.0027138686346007	0.00546901737323135	0.00106511463872187	-0.0228016985278318	0.0259643283958978
0.0120585283742887	5.19907852263891e-07	-0.00915954726284183	0.002892460595551	0.0090595077744776	0.0111293809211781
0.0129112465589211	-0.0107988034567426	0.0032422549576861	0.00325525765100139	-0.00181367512227016	-0.000144006847633599
0.0113023001764907	-0.0134024556751442	-0.00256547237215901	-0.00727645867933987	0.00439122650051026	3.00307063935169e-05
0.0120272222385118	-0.000617693734003989	0.0130993752484701	-0.011059273970033	0.0111392649668913	-0.00595285630746712
0.0112054449356608	-0.00304684794377874	0.0104672553065093	-0.0180016300042635	0.00627228363649625	-0.0110671369014837
0.0109646965715872	0.00224818736937597	-0.00735861550382569	-0.00544865661251976	0.00724777005447805	0.00217900954501011
0.0125028450975672	0.00730742459612984	0.0012247013173237	-0.000688407803374971	-0.0101765958252924	-0.0169591608763421
0.0118135763117949	-0.00292236211148973	-0.0150171739450907	-0.0157983166741099	0.005572711898148	-0.00341909669917796
0.0121820621281412	-0.00083435793877537	-0.00583990895930842	-0.00934370240537789	-0.00856761688175461	-0.00777184489995584
0.0120443856629515	-0.00941534853056241	-0.00678155121701409	-0.0113261590868946	-0.00371739485073073	0.0127635754637615
0.00911058466324992	0.00902472937574486	-0.0147347545291134	-0.029249994651724	0.00272942058937405	0.0143324660366348
0.0120717136271013	-0.00361307963338909	0.000128497323427124	-0.0104010694536108	0.0019317514984812	-0.00176475091412104
0.0116364326938524	-0.00922264341140644	-0.00399747251595478	-0.0211862578894001	0.00542649972576643	-0.00144747028218566
0.014792037536664	0.00975964621701269	0.00417463394188833	0.0152519145379805	-0.00238874892188162	0.00222126663269592
0.0130317034700544	0.0112420441196188	-0.0030978809289917	-0.00875649552495595	-0.000450289873459185	-0.00531894758092207
0.0124620641846447	-0.00461273055892489	0.00692672887718831	-1.13394552293151e-05	0.00386322275601838	-0.00450884800104479
0.0132021508239685	0.00399049368386141	0.00103576972179521	0.0052291455403701	0.00780210593529338	0.000536354381925731
0.0130729934999176	0.00280852025475345	0.00830856410178132	-0.0022482947962208	-0.00340590048812614	-0.00688152908746968
0.0116151108392126	-0.00666331352314164	0.0153645899993221	0.00936816842006845	0.0085456112629677	0.0150928563805568
0.0114649504513199	-0.00719280760930029	0.0147080400129922	0.0104983732571565	0.010151059068414	0.0123892156970908
0.00922131735667235	-0.0137034735148881	0.00821636059382633	-0.0106088800864023	0.00747478544316142	0.00976436697347862
0.00653400585125701	-0.0119988710777959	-0.00457799417185231	-0.00985522877420211	0.0213923190405	-0.00424438684102726
0.00958769104287964	-0.0100358041557481	-0.00465715529247181	-0.0112278680831765	0.0170643013718229	0.0141452516119439
0.0123770492149186	-0.0108717981376718	0.00617329949332948	-0.00921531340606156	0.0018218313573004	0.018578248633594
0.013358332531047	0.00692517653724918	-0.010329802640455	-0.00384877369118966	0.0103900291441068	3.92727505379217e-05
0.0129573583122954	0.00241123676041795	-0.00500237903792162	-0.00979576046987461	0.0287973039894245	-0.00667060119563855
0.0104045639046934	-0.00640821279092717	-0.0137388464755478	0.00296193356398161	0.00717158227038607	0.00455043608003435
0.0136267539250826	0.00459119510943148	-0.006592763436605	0.00123210978435035	0.00417819641659926	-0.0102071853476882
0.0141124885375182	0.00481453107198116	0.00889673856500927	0.0194800487160242	-0.00663715215191852	-0.00186579628777671
0.0142057304821867	0.033093608724858	0.00203208758612766	0.0100954922104346	-0.0047473023069598	0.00203365094366338
0.0144777223588331	0.0342219452783604	-0.00196823934893818	0.0124094046362173	-0.00499021076451435	0.00227150524794635
0.0151241516547853	0.0148772180483393	0.0129221888852199	0.0112283139359208	-0.00555688440386202	0.0107046861694911
0.0154770344967425	0.0152964544465567	0.0119962743005328	0.0155585033109094	-0.00547611149789566	0.0111824001599895
0.0115279730050154	-0.00106230268077168	-0.0147764661397611	0.0173538984751619	-0.0152297110335694	-0.00605013210234522
0.0161861053715553	0.00986824573403778	0.00670488979881745	0.0163924240826641	0.0011590326436461	-0.00548103236160361
0.0139711851949879	0.00294956100686973	0.0101745231194513	0.0114231588539907	-0.00258280729285899	-0.00480154172701699
0.0138529763484438	0.00186175620022996	0.00311211164650299	0.00275503518240545	0.0058922378209771	0.0053416868845301
0.0120235599964894	0.00475571742432724	0.00174352102689923	0.0103115924811268	-0.00323113951565021	-0.00394285017556607
0.0143530378642562	0.0311526530605278	0.0143546777096586	0.00671406789281184	-0.0090162182913022	-0.0137272387750446
0.0144926827007105	0.0182848973238548	-0.0100862409302672	0.00761100118588186	0.00185758754197776	-0.010236174983232
0.0142967336876056	0.0156068862751555	0.00422208121941473	0.0156022850819311	0.0128100995489206	-0.000138628891439565
0.0138915934690314	0.00519795530734273	0.00701202191785358	0.00838619670015205	0.0077049281894446	0.00559533068275828
0.0131301676243836	0.0163784894604864	-0.00921288605086022	0.00511228662238301	0.0162007662903711	0.0109296075184657
0.0131035962736623	0.0164646404277	-0.00975203760562765	0.00547875163758541	0.0165426866501587	0.010129204699055
0.0106531753318208	-0.00311322688628253	-0.0200293208113353	0.00437197456761673	0.000934529939555198	-0.0254141757184313
0.0130039671242609	0.00269707018229121	0.00962384157328089	-0.00622188295889931	0.00935197013345636	-0.00865566974048684
0.0131786897165318	-0.00501171893122142	0.000243071172848648	0.0154751438588406	0.000364654703315712	-0.0088182038253576
0.0128040981278072	-0.00114712678077103	0.00813538723715638	0.00129371354770777	-0.00875245652435984	-0.00790247712635379
0.0120804753820502	-0.0031835402365504	-0.00926869020082338	0.0186605296264186	-0.00883810927271679	-0.00529761076321072
0.0130075175356107	-0.00508292245551325	0.00306093756525887	-0.00773903479784874	-0.00364726794769208	-0.000415927236819208
0.0122024170732853	0.0360627497858477	-0.000521340697378202	-0.00816678174990141	-0.00875893496049577	-0.000104041390429407
0.0107426653823883	0.00139180315914097	-0.0103221430252773	0.00505316896804653	0.00044836605584562	0.00760588888040159
0.016243221556413	0.00142531628264114	0.00984164251568984	0.0155011854658431	0.000825927322274047	-0.000811123167354391
0.0144775401097884	0.000673376739468446	0.00854814436998762	0.00652726241503497	0.00355254130804825	-0.00171371985962527
0.0141986968111841	0.0025219976836195	0.00332925197772765	0.00613425240438469	0.00780137163377868	0.00138927332805391
0.0143568571388613	-0.000894336863597997	0.00721725910726391	0.0100343428584608	0.00282917379509813	-0.00816982036134274
0.0158745953436606	0.000684178817210251	0.00760007132336273	0.020015618629761	-0.00327123473208545	0.000832136015591842
0.0152498768684356	0.00369141950908206	0.0102826139121613	0.0164298526792223	0.00376811696137636	-0.00758490308634251
0.0141054599479263	0.00774631596598243	0.00582015435046136	0.00417108083485558	0.0119503659902897	0.0018653109485632
0.0105667402140577	-0.0158134044007427	-0.00187791154287554	-0.0206788575278708	-0.0191390032159711	0.00240797521710839
0.00802973175171556	-0.0174918260363297	-0.0207462070223569	0.00369571667773537	0.0105882113944908	0.0484090130693946
0.0138163695295952	-0.00242852158623931	0.0116089364678925	0.00771578245196342	0.00614465186194065	0.00446036330485227
0.0134770998416416	0.00193015200407025	0.0109841554528933	0.0118352062962537	-0.00504216706580982	-0.00836779262107447
0.0098345875020725	-0.0101394531796813	-0.0242169085776489	-0.00268515224908025	-0.00732297159028736	-0.0423776904586459
0.012180214344386	0.00379470169777299	-0.00636412402536973	-0.000349131501480891	0.00236022928514415	-0.0209825678391361
0.0137878953329431	0.0451453356901154	-0.00375009754049408	-0.000620117012089651	-0.00470823314894064	0.00581285930071816
0.0106819915263838	0.00599330908251784	-0.0277609041292037	-0.0238939705944749	-0.022064347471939	0.010545189257817
0.0110594373522056	-0.000559182337031849	-0.0196305001899087	-0.0121933656630173	-0.014864728954128	0.0105022586638969
0.0117594316227338	0.00165267064647337	-0.0221838170129427	0.00616600428449044	0.00540424400393698	-0.00307274471030279
0.00782956830284662	-0.0137966378381407	-0.000297192280944478	-0.0355768521027863	-0.00179208301399701	0.00188683273570905
0.0139892647283281	-0.0105871713922504	0.0114775366225719	0.0147137600510661	-0.00424115518814575	0.00449501113277742
0.0121813008124285	0.0260292754811041	-0.0236815067776555	-0.00984943896985056	-0.00821549225381273	-0.00874233246632375
0.0119267102773438	-0.017940168373086	0.00846513403776667	-0.0103528984861663	-0.0068609174142882	-0.00128145233794672
0.0131586120451761	-0.00793836833076085	0.0146941893583395	-0.00481189701378976	2.5856712275543e-05	-0.00587713262471743
0.0114612774906542	-0.00171731255912045	0.0086360184111104	-0.00922998546971285	-0.017956045462721	0.00712896738802072
0.0112627885463048	-0.00848340434190711	-0.00661547849229047	-0.0180516765885553	0.00107859530043705	-0.00492108888575765
0.00976383226348621	0.000610632567024948	0.022370238399665	-0.0208627555180208	0.0292920084035869	-0.00234110201711426
0.00956329513877474	-0.00431049352333261	-0.00464091809028811	-0.0265318182571821	-0.0234992075117994	0.0103669279458613
0.00798935819337339	-0.00236563349080415	-0.00991620186647932	0.00192019499095619	0.0210281843255653	0.0565409589851849
0.0113980451447816	0.00357626536910503	-0.00501520164284377	-0.00914695358509623	-0.00515772324776085	-0.0175493351578824
0.00846059611893828	-0.0103533005908233	4.61212451579678e-05	-0.0260915032700731	0.00157383177221852	0.0436529322568172
0.00881664235677737	-0.0286493222590124	-0.0161411415531579	0.0309268088562927	-0.00224451388088361	-0.00930588273005823
0.00866984425996007	-0.0143935011998371	-0.00649797930454338	-0.016599390233177	-0.00329630411853529	0.0371085782899411
0.00969426984865922	-0.00221514472391194	-0.0157972927436645	-0.0117774273808055	0.00221810160655049	0.00304308175541748
0.00686191725578587	-0.0196848992821434	-0.0221110433835707	-0.0265847337139287	0.0157451254852918	0.0254260698801916
0.00862544259925576	0.00660021660821326	0.000494149658430486	0.0164263935265327	0.0159808411724806	0.0058542763055789
0	0	0	0	0	0
0.00615523517374102	-0.0136942859433306	0.0102942083758462	0.00772211838299836	0.0552250711719091	0.0182274932582617
0.00688608715884911	0.0149973860187128	-0.0166706096415418	0.027028653870218	0.0120557262764909	0.0183349899894789
0.00764502259852541	0.0164640490840328	-0.0131581881542121	-0.0300325037277171	0.00818933200345587	0.00836530795324368
0.0106231665201914	-0.00506608562556699	-0.0147594780317207	-0.0195201915539371	-0.00539769005394561	0.00395938517305645
0.00829935960606851	-0.011755549707348	-0.0060584370287363	0.0175761757970869	0.031277905811519	-0.00493259945245811
0.00994476192085638	-0.0122476389026601	-0.0216119608941257	-0.0168986674466549	-0.000752132705067675	0.0225477923102684
0.0120485404905986	-0.00238425809880898	-0.00750776906357472	0.00247556480071816	-0.0111078588938802	0.0186739699985232
0.00907240228701477	0.00182656758390758	-0.00160871647015972	0.0205967311341166	0.0108430940039431	0.0268142426025959
0.0127265008942801	-0.0060764273210906	-0.00700167766643279	0.0125021041272035	-0.00264853320123098	0.00188607516762487
0.0112359242756029	0.00146596919957679	-0.0134883820862615	0.00884817320872146	-0.00668575679785163	0.00247587047651185
0.0112708287177133	0.00145367697380712	-0.0132635856041421	0.00487834177955952	-0.00441755718778511	0.00530156923692465
0.00852492429632187	-0.00261637241679634	-0.0219096120851249	0.0189241223068637	-0.0118878629323049	-0.0208310400957787
0.0115633068246119	-0.00458609977911646	-0.00985863221667089	0.00494750124090504	-0.00172271303401523	0.0105038179265064
0.0124964352662511	-0.00454413328499364	-0.00599223330166839	0.0114697521293342	0.00150146447112038	-0.00993791178320109
0.00844347149514156	-0.00152215439671886	-0.00420322512111087	0.0255827838994809	-0.00724722058471118	0.0178363575686434
0.0127089293404971	-0.00206102919517718	0.0104126250808317	-0.00444732666119234	0.00397870087457322	0.00449149935314945
0.0120534058011968	-0.00920531063041433	0.00633924867998926	-0.011845381820515	-0.00115108657145734	0.00631592443360896
0.0125127068803832	0.00433950205516824	-0.00159863073678007	-0.00959909490897544	0.00385802757216086	2.70353965104095e-05
0.0110245145152603	-0.00752902585263311	-0.00505910879121532	-0.0149145673493975	0.0210627624981224	0.0201047437524404
0.012502834609002	-0.0153840123820346	0.0107299072256663	-0.00156961133634555	-0.0127615330013776	-0.00375496894251587
0.0148208322735915	0.00338523892052152	0.00401381937934	0.0134857793327025	-0.00813997218255624	0.00667408379101602
0.0122050766796745	-0.00784183198628534	-0.00735693496498039	-0.000367190702806658	0.0154511828197588	-0.000271743327280548
0.0144410466012023	0.00811085349888989	0.00422618516121375	0.00474698518133422	-0.00339687010233714	0.00170101175425738
0.0136835073467735	0.00408686998224723	0.00222792745484326	0.00272743525889734	0.00466590030153237	0.00322188742724004
0.013885990624654	0.016934100853096	0.00995986104040879	0.00263494709590555	-0.00273973390604138	-0.0132695077116727
0.010271906589156	0.00260487400523313	-0.0121304770494342	0.0155347044431788	0.00512622314928368	-0.00409718090716623
0.00925444400388257	0.00632863446782205	-0.00785293565872078	-0.0101267762317066	-0.00463164302174643	0.00697651242650418
0.013431861873443	-0.00365261350524382	0.00835532133652848	0.00822086050943883	0.00171212267480776	0.00335836689942501
0.0129658069684364	-0.00346516940035683	-0.00634790094180781	-0.00149119606349697	0.011588281113508	-0.0071746910169065
0.0110630698469641	-0.0178880818215474	0.0170666550206388	-0.0148222807901756	0.00833082659466161	-0.00242716718516667
0.0102127337389151	0.0033887758468121	-0.0220099044762503	0.0177973403308626	-0.0136944557257982	0.00326134383125835
0.0117249021271724	0.0145952882619533	-0.0107866498673198	0.0163149958397722	-0.00134518513955607	0.00820256372982216
0.0112058236679554	0.0193120318435095	0.0146713587497584	0.0193684839809081	-0.044328806617432	0.0131796462215994
0.0110713982360561	-0.000947772784349906	-0.00975822951489348	-0.00832308401252328	-0.00342920310411757	0.00653113776686569
0.0101917506561696	-0.000148386335712339	-0.0155497604970947	-0.0259291700856937	0.00689032826721141	-0.00120292696999206
0.0092708085915085	0.00977924039862662	0.00118458348115412	-0.0216333768076099	0.00814325053614104	0.0343957588945614
0.0138510965344738	0.00525641276563952	0.00283778787712782	0.00226852618426451	0.0100084057252937	0.0103695106515328
0.0126223974286362	-0.00204302298510006	0.00100564004496722	-0.00974217102985607	0.00415375708037127	-0.00762979019536965
0.0122930567738625	-0.0110581990848151	0.0138172619331276	7.06533231285529e-05	0.0059088092173336	0.0186033190075533
0.0137559827217994	-0.029810723546208	0.0105820155420218	0.0298737679610437	-0.00435835627825222	0.025430601115141
0.011988532209874	0.0240974013296293	0.00865198819665444	0.000127678792218374	0.00125113652682123	0.00842511124342482
0.0133405270789335	0.00210045419780599	0.00726473383930756	-0.00988001337064482	0.00668650167626236	0.00302537503137604
0.0137303620101445	0.00396078456778349	-0.00719832127522065	0.00170184550231851	0.00671911219474084	-0.0028594732840687
0.0108761097374418	-0.00498232617294669	-0.0127863196631519	0.000165523621952865	-0.0104156992128085	0.0168675721586425
0.013545317153123	0.0130122844349039	0.00366436610970772	-0.00414100268542993	0.00938561212647087	-0.00608008426959546
0.014093312561986	0.0073762064378813	0.0158888993025549	-0.00715238300202108	0.0043700686615613	0.00211784914133531
0.0142836652850513	0.0031097486970792	0.005276893086681	0.00552356086642543	0.00729764067232321	0.00914413523875254
0.0118235405297454	-0.012662258835871	0.0101189199437583	-0.0172593010955658	-0.00351608559058311	0.00377326314549298
0.0123492222648535	0.00298263448044777	-0.00193567549382095	-0.000928117310483399	0.0026564085533463	-0.00808569110524406
0.0131518203828365	0.031761751724579	-0.0117860153769987	0.0101455632231464	0.0168231720966047	0.000541071619007868
0.0137073766654537	0.0064133793167189	0.0122791043014967	0.00389371533585801	0.0105886862362426	0.0143782589759531
0.0123771011125755	-0.0069581238430907	-0.00936290375386897	-0.00977339307256526	-0.00227524200095534	-0.0110725600261138
0.0110193875359736	0.0149606510804944	-0.00656957091311935	-0.0184001885831057	-0.014094222369815	0.0192061342545317
0.0111224900100833	0.00812380640681758	0.00357518654219419	-0.017792660715796	-0.00563090018570844	-0.00424287925326021
0.0132083241974817	0.002414982676104	0.0188302271940207	0.00208332593419805	-0.00612157897013323	0.00515835532339604
0.0128811848157944	0.0125166309804598	-0.0148558703575188	0.00717247056610568	0.0139473207399618	-0.0127391097120578
0.0132038313178262	-0.00563358902963592	0.00639368024188457	0.00834792959755133	-0.00416177768333289	0.00846904497391457
0.0135406468303801	-0.000916679563826688	0.00498629075569253	0.00598297850855299	-0.00461697975032445	0.00904858982911125
0.0145298603521986	-0.00617187625881134	0.00186273434820825	0.00113334828311072	0.00927741387249127	-0.00426928137053122
0.0131156102138796	-0.00379921687401638	0.00384102909597421	0.0112261097635738	0.00558589755828828	-0.00502595697615583
0.0111563712535419	0.0022489652917154	0.0162311162828154	-0.0175893073684423	-0.00820560565954328	-0.00622963846190551
0.0135726550078018	-6.8058208091928e-05	0.00479955784754166	-0.00778935166191898	0.0135584962565975	-0.0152667757441078
0.00883440001150962	-0.00927194234195463	-0.021431686899054	-0.0238665689612412	0.0210673298569493	0.0119108098190495
0.0127139161733115	-0.00766477162568205	0.00126893422317568	-0.0162558650251688	0.00636698779143073	0.0043632562705466
0.0130689938059991	-0.00147098576055895	0.00279852192608454	0.0120666390441231	-0.00413488341696961	-0.00274473478216551
0.0123705161753365	-0.00891672378018852	0.00937386153887395	-0.00126690316573791	-0.00266152721270022	-0.00785674130298312
0.0124116535496226	0.0208081835843825	0.00912829867631795	-0.0117528171915362	-0.0149444362850989	0.00231699292237067
0.00918088980198519	-0.00055288468505782	-0.0232562862805713	0.00352733093080389	0.010706622782768	0.0351520619628886
0.0130081272053706	0.00382891676986939	0.00425727053523799	-0.000408505157201552	-0.0027288841222702	0.0160234228251353
0.0143514114402264	0.00646107402513914	0.00279356729503239	0.00171545070696875	0.00748730662452737	0.00789884218536457
0.0107543888724333	-0.0190159585248833	0.00208614445433605	-0.028294407336924	0.0152513545635406	-0.00603817706848437
0.0127491591403695	-0.00813571576420158	-0.0121244397128199	0.0137569763214314	-0.00923348358766539	0.0104826829779816
0.0130084984796215	0.0170139421257144	0.000681833543970438	0.0018599345153908	-0.0212353976423289	-0.00945971893834774
0.0134446417543841	-0.0106441521219911	0.00360869409094759	0.0162410629705758	-0.00942439951921425	-0.00212863437491792
0.0125199765799216	-0.00187827939083259	-0.00343310582497355	-0.00331806678213343	-0.000585639823041358	-0.00510475644232498
0.0115372003346444	-0.0128420526229295	0.0105869769661892	-0.018593487259959	0.00915040049915135	-0.00507230191077168
0.0111030236924051	0.00157148195773445	-0.00182424296140171	-0.00441840028288767	-0.000636269909475865	-0.0152943029773665
0.0124501042459655	0.00345114555706783	0.0129099059051911	0.0031770907830861	0.00457794162869246	0.0193681599399511
0.0127905455744674	-0.00375960918780274	0.00740781080077247	-0.0070040257251628	0.00333576136099761	-0.000501996684211907
0.0138172056956031	-0.00473514234456534	0.00555186709333174	0.000246257879916472	-0.000922797810792596	-0.00849837537238269
0.0145383174169793	-0.00667664838588664	0.00365383756622532	0.0145818447121736	0.00102347862174267	0.011263716961838
0.0157671883557726	0.00661549672530188	0.0136751574702353	0.0166945428755696	0.0110118561913801	0.00125541663987536
0.0119442878599727	0.00605129108152392	1.48886423148456e-06	0.00676278925165001	0.00622095737994852	-0.00304201393411236
0.0132012759296611	0.00327293329773791	-0.00420232754734179	0.0115521011626208	-0.000403150437889743	-0.00862931203544381
0.0133182349144726	0.00874337010123707	-0.0031735168340315	-0.00063877418751357	0.00765086568893548	0.000683250275095432
0.0126306334989984	-0.0108521135513227	0.0173139808439754	-0.00345608536378737	-0.00236281657066849	-0.0040249901864101
0.0140102560429479	0.0041122963880392	0.0085122686701141	0.00674722237065546	-0.0071795296749699	-0.00282244827683866
0.0140383348680659	0.0243814308855422	0.00683126089301278	-0.00267031760926188	0.00334477962291997	0.0131578058629021
0.0131875058610837	0.00938193614803049	-0.0111155011696932	-0.00677104126429208	0.0176947853448585	-0.000488140373128516
0.0131287446124861	0.00294406227000325	0.0093582308960078	0.00565338467038414	0.0102234510717837	0.00597600677044004
0.0126627477064941	0.0155046680539205	-0.0117771963135226	0.00264635350623577	-0.000927493349722617	-0.0100413293011788
0.0127214826097349	0.0165280525433382	-0.0109695257792694	0.00129677370828165	-0.00121161572894448	-0.00592362380017825
0.012790392980663	-0.00119824081993504	0.00391302252420466	0.0141015845535539	-0.00293349461209764	0.00296287409215555
0.0140114434551537	-0.00534528116138075	0.0123415405845852	0.00843000649490862	-0.00454873909917046	-0.00106838907241352
0.0122150674339721	0.00345629417194767	0.00884039166322297	-0.0162066953195469	0.0179085293589987	0.00283107528877445
0.0113914049023094	-0.0178344486075111	0.0122805934439082	-0.00453693032460782	-0.0132987905882727	-0.00120531751760439
0.0131243373692657	-0.00401341928062923	0.00605580091212343	-0.00576564473803572	-0.00288304498795903	-0.00349573389318834
0.0141565437990851	-0.00064493437648452	0.00577159268181704	-0.00618553200619934	-0.000561259311156974	-0.00102836500650127
0.0127965533622684	0.0020808123263093	-0.00650328717018237	-0.00158495314224347	-0.00378482488448386	0.000121540659820618
0.00788355434442974	-0.0163563196064464	-0.0113863762390115	-0.00924145481259667	0.00786929110256326	0.0185987648534686
0.0120321169798402	0.000427797686828154	-0.00219038639951744	0.013756951898134	-0.0204563082756473	-0.0195299784396698
0.0117111878621212	0.00611318424621712	0.000343098953589251	-0.00985569929545001	-0.00366777152149067	-0.00113161628160502
0.0101860175013556	-0.0102810991077607	-0.0117933061954776	0.00835660672178442	-0.0191202030239663	0.0109758354639843
0.00917894260658896	-0.00854116877731106	-0.0149996951589661	0.00140624855021317	0.0056966055654979	0.000509636112497379
0.0115157775164812	0.0217395615098022	0.00649444815827074	-0.0134619790733783	0.00699980712008728	-0.00538645939906928
0.01145536794825	0.0215774165997858	0.004724938646423	-0.0127839410012709	0.00838549701003848	-0.00452793239614416
0.0129147736155535	0.0119080520087299	0.00173756063390551	0.000569441220327326	0.00644880355744851	0.000977384353309949
0.0108116683584796	0.011955096813396	0.0106070382145371	-0.0168958953934331	-0.038137566966915	-0.0192184776192423
0.0140603960645414	-0.00392833871371058	0.0172973182918404	0.00174863989383577	0.00552595524401323	0.00560998005963334
0.0119614585602756	0.0313888436329242	0.00207783640795657	-0.00221323389255096	-0.0218288729556652	-0.000455198098701732
0.0130932612875524	-0.0153857991426563	0.0098416903077591	-0.0028947555965403	-0.00255488502697593	-0.0052904665744662
0.00991556864236549	-0.0254436002152119	-0.00956879326924543	-0.00482021685016028	0.0211233739112195	-0.00913932438249491
0.0129149890830217	-0.00374068506181707	-0.00495925610744951	0.00302078675936713	0.00586261300110405	-0.000123073494159162
0.0145327485578598	0.00699319174187407	0.00271262225280402	0.0122095091960428	0.0136665920622586	0.0092097363898862
0.0156964583802445	0.00579166820223213	0.0151053527188036	0.0183577081757952	0.0132638156364586	-0.00135250962864663
0.0124591015798015	-0.0113697727633822	0.000686599606050888	-0.00273532393208249	-0.00972743490483262	0.00537716965599072
0.0123972076348615	-0.00850200396926467	-0.000252890645645291	0.00447102379607281	-0.00390862403431297	-0.0167783519892174
0.0129627076279322	-0.0100908886295234	-0.00284024881903107	-0.00708705842205616	-0.000732806210972889	-0.00973036542891908
0.0121667980270391	0.00086262033610218	-0.00641189648160551	-0.00574733173952388	-0.0086662312811479	0.000666400199573707
0.0145127942868229	0.00815064437227582	0.00320329237933657	0.00304019239893761	0.0102348135875795	0.00601991783376623
0.0136800591725713	-0.00856833990735198	0.00351943709998287	0.0090345995260146	0.00582330158688523	0.00332460159351659
0.0114660967218764	-0.00545282107833869	0.00579233769371159	-0.0291374421256475	0.000857980966553408	-0.0146576761652172
0.0114262319180342	-0.0155306273867159	0.00191643987548079	-0.00251571067620129	0.00288961797448402	-0.00146770207963174
0.0108599998270979	-0.0168719279383892	-0.00063920442042386	-0.00729479080920332	0.00684229445976078	-0.0125934145029756
0.0100808481855143	-0.00803970392094411	-0.0183643042157907	-0.00293858747149417	-0.00292854406140549	0.00347776929267419
0.00946954224061602	-0.0186446083922738	-0.0223474059035713	-0.00381489129088015	-0.0334725942991507	-0.00767601749679411
0.0126750546124936	-0.0145741279887056	0.0062869131075399	-0.0112361455131009	0.00841324146822217	-0.0209680504352149
0.0141153455448611	0.0214514107311245	0.00538442547634704	-0.000216171420608586	-0.015020269012823	-0.00669405989222005
0.0124932675960049	-0.0156914439052679	0.00348916129869659	0.000715514070705274	0.00708993271315421	0.00685889639607864
0.0132309909773003	0.000454540537569218	-0.00271729624278128	-0.0101856314322896	0.00665794057158225	-0.0014849216843804
0.0125194348859505	0.0102959842372244	0.005166325845256	0.00540634707820206	-0.0217885846453399	0.0047934993802678
0.0132919464579212	0.00236692890052956	0.00538669415891727	0.0100203238300036	0.00155068174298607	0.00395493809062032
0.0116642843640576	0.00578209585779031	-0.0223313638182506	-0.0182563359576471	0.0235233022354992	-0.0161474983091739
0.0140393741240131	-0.0120869481810419	0.0030283025303335	0.000781635070403476	0.00550752913950067	-0.000651197735472502
0.0131872948827098	-0.0159395591521402	0.0082941227911474	0.0016859319895588	-0.00577560229012434	0.00327465730958785
0.013567919717793	-0.0147706751282311	0.00666882729964129	-0.00819217743611112	-0.00624521565593801	-0.00084167164479223
0.0131253634443451	-0.0160546515596247	-0.00349094528258958	0.00400980465268664	0.00386413088127058	0.00922134613284302
0.0087873019486166	-0.00226641232153145	0.00013623865372357	-0.00595062404568993	0.0041673312128777	0.0203100068883893
0.0124326810066117	0.0130863829297988	0.002239776359341	-0.000267464264374868	-0.0171008112908073	-0.0110147139826412
0.0132295169767409	-0.00666870950262747	-0.00368624976162834	0.00627304961061185	0.00177995170586866	-0.00767690960896744
0.0122042500701401	-0.00145345642142974	0.00319332488243426	-0.00402693614822281	-0.00677644254192697	0.0142120846328009
0.0124285500763337	-0.00233002470624942	0.00126620201385177	-0.00349794411430975	-0.00655336989005497	0.00890403617450895
0.0109206320664106	0.00163810120257163	0.000696038357217675	-0.0267702181648374	0.00357535426569784	0.0191413715290151
0.0123906850935663	-0.00273511251213347	0.00752011177993195	-0.00583403148549667	-0.0076362797527176	0.00348773672831946
0.0126472433861902	-0.0113938927589056	0.0159508361830659	-0.0109245727689944	-0.00315547632869672	-0.00760068079969551
0.00980364374621562	-0.0100418928067522	-0.00139970790749411	-0.00278357014903459	-0.0186745066235275	0.0211171836332705
0.00804177786529781	-0.00259910800010995	-0.00894054832253597	0.0123364428794836	-0.0165839824482999	0.0340102516869128
0.0132227171979977	-0.00489448223198237	0.016854544050953	-0.00108892549858692	0.00569977641904692	0.00818692097924906
0.0132622253063547	0.0119779106461416	0.000437245151967328	-0.00901199677888381	-0.00392775928982415	0.00116392342214917
0.0138994298817885	0.0114698756849678	0.00798281354283958	-0.00160002642362718	0.0158041908404467	0.00259812059961882
0.0116526569672073	-0.015393975709847	-0.00484414378041777	0.0113225375177816	-0.0223156364640719	-0.000761417857542039
0.0123807444856663	-0.00603674130253695	0.00248453200775699	-0.0121724109843555	0.0105351367256064	0.0105383711098559
0.0107935899683406	-0.00371523237981197	0.00223741858857747	-0.0163358316457845	-0.0255587567709918	0.0035792657909464
0.0117951480272079	-0.00483665976122737	-0.000529012878640898	-0.0116774070675142	0.0042215788360053	0.00838223404269588
0.0129416313900176	-0.00663369745323039	0.0119222679156431	-0.00984849135762909	0.00627574891296688	0.00124836281012025
0.0120911414584766	0.0057756748467561	0.00785358401388998	-0.000244725449756554	-0.00947497572668732	-0.00887518771543356
0.0125118480367437	-0.000647506425382732	0.0143589629240607	-0.00310367912554617	0.00402800661359994	0.00169484071361815
0.0133473268577872	-0.00612738080672612	0.00681989690403552	0.0016025260697095	-0.00516020189250772	-0.016528682837169
0.0127881398846683	-0.00163250685255028	0.00467504201236903	-0.00196532155668406	0.014311222931733	-0.0112303334371235
0.0123944929267334	-0.00404893905689681	-0.000719822447061465	-0.00559054982973138	0.0045711033117097	-0.0141495967330948
0.01488263783708	-0.00483658350450432	0.00906269462303712	-0.000900231303472731	0.00233634674749801	0.00618249419867387
0.0121784108808416	0.00136999889319828	0.0153506831375598	-0.00294034988303486	-0.00849278691211686	-0.0115409348054588
0.0115525922087071	0.00196147348347919	0.00610012436389573	0.00334859821048745	-0.0131232186492951	-0.0135939297196352
0.0141208168606155	-0.00667230838549731	0.0109851470771859	0.0138333263024379	0.0014627562915628	0.00514004430153264
0.0153870048848565	0.00712800489977725	-0.00211124036889717	0.013913384894496	0.00651476910043676	0.00116603366545561
0.0153902213653805	0.00704634025303836	-0.00205022118099077	0.013862092021439	0.00650578199843057	0.00111759928264468
0.0110565215601354	-0.00249203946372116	-0.00848642262041632	-0.0166283856845914	-0.00841867542760668	0.000618423922052959
0.0112830898804874	-0.00106716000285053	-0.00693870190976849	-0.0106508789200525	-0.0118318418036938	0.00126739297878562
0.0127307491601806	0.000586563395553719	0.00962675046412224	-0.0110608223312143	0.00565954780366866	0.0136495952444833
0.0121078304274503	-0.00956703767523563	0.0104694668479334	-0.0077527520050038	-0.0192134601906584	-0.00574843305038273
0.0121302863297203	-0.00475181666197658	0.004524726810467	-0.00515749128508431	-0.015613159196041	0.000336666214516527
0.0123048324344269	-0.00637595767935326	0.00210841705926238	-0.00248154945725654	-0.0173578621765342	-0.00407102269280384
0.0135666392718582	0.00867630861767684	0.00408883680383031	0.00836657753541167	0.00509776678185518	0.0019376637064698
0.0145791425318021	0.0122001545224949	-0.00164573490287459	0.00851716456937049	0.00348059432743702	0.000120501820522796
0.0142647992571101	-0.00129113835006906	0.0099109262886448	0.00884067607174828	-0.000302555064294589	0.0210278929951769
0.0127589762879268	-0.00612429786988576	-0.0176584404057789	0.0111065058264725	-0.00269018836921153	0.00221939060561781
0.00919828334012312	-0.0140642649649792	-0.0125730366419396	0.0143150258933644	-0.00646830873374838	0.00615840273631427
0.0099871119584894	0.00623873759510578	-0.0212164100110924	0.000422145815449011	0.00276000428531402	0.00461815782551496
0.0129908576828241	4.31024866531975e-05	-0.000545988708157598	0.00265743281422554	-0.00571319256709166	-0.0146726424006991
0.0120304346638038	0.0247593800826459	-0.0118937093246399	-0.00243817887789805	0.000942418528367836	-0.0115460883127029
0.0124806323588426	0.00325308942536972	0.00829716984763623	-0.0106477134595212	0.0112478018098533	0.00514280412543433
0.0134497729333561	0.00942566035809899	0.00274253599159053	0.0183421983546079	0.000782228116268845	-0.0192242068591645
0.0131200589232583	0.00680789738727921	0.000131274566799081	-0.00730501058077697	0.0149727757504248	0.00966321147337146
0.0107998378711773	0.0205780990403758	0.0185688836597349	0.002473451428411	-0.0511345011323938	0.0437743841502705
0.0121021799129739	-0.00871988337981793	0.00955475415067289	0.00777067083880709	-0.00176322879893054	0.00875000444293914
0.0115396999231447	-0.00133518000797775	0.00261146209613127	-0.0110227820001737	0.000563112893456262	-0.0153271353536844
0.0122465963041575	-0.009539289967713	0.00174405162566282	0.00785486958137383	-0.0193372385159853	-0.020881876671562
0.0109244988665026	-0.0143941198131877	-0.00409947168040389	-0.0136791929553747	-0.0160871195186981	-0.00976774869152749
0.0139186827662147	0.00346111262450068	-0.00444721773451759	0.000851400682479297	0.00248820061616358	-0.00749401001666029
0.0129238263155181	-0.00413013285793288	0.00138694574459061	-0.0088352941092001	0.00293426139721531	0.00140868023610181
0.0121081917225459	-0.0182754962825353	-0.00368199604147014	0.0169338891365361	0.00194458156035865	0.0218529208848517
0.014081387848738	-0.00151888391341305	-0.00108245421216131	0.0197284360943469	0.00723493873413246	0.00314343932465935
0.0144093070270857	0.00204950932704121	-0.000788531652879512	0.0228122786035792	0.00594993895780779	0.000242027937859445
0.0117049990765687	0.00702442180758346	-0.0100394922513413	-0.00282529125454314	0.00466333414863967	-0.00944565330072447
0.0117051484619854	0.00530261626874777	-0.00953586772431101	-0.00527984489943087	0.00341014224251506	-0.00749545221592288
0.013900733080857	-0.00959936245797373	-0.00848175360449982	0.00566416361933173	0.00533141269246475	0.00338034290984303
0.0150010452635982	0.00540762330497338	-0.00951245052670142	0.00952948333450636	0.00642461455394846	-0.00409816215836216
0.0131501841719622	-0.000976833760576595	0.0166831557176808	-0.00313781210969564	0.0176554698164036	-0.00389839930469589
0.0115288518449007	-0.000579858595257068	0.00101631137937565	-0.00502195165729224	0.00768705583834203	0.00520697471699491
0.0117435663962119	0.0406107059070981	0.00263176142867405	-0.0159125793761079	-0.0131837183886523	-0.000392327221232012
0.011883320902914	0.0390845207541517	0.00283884820552201	-0.0148020343158874	-0.0134226315945337	-0.00105181634026807
0.0122976103446723	-0.00224370658408474	0.0135641278732261	0.000265788213087193	-0.00158640672162508	-0.0199572929244823
0.0117863385306811	0.0164652300660712	0.00400155319477141	-0.0175154006353579	0.00816410772691771	0.00239717173223786
0.0144115987059275	0.00191482886272507	-5.76824772166888e-05	0.0100505719125131	0.00961394485715866	0.00668723284527969
0.0139513729238594	-0.00792591529460964	0.000937053846344197	0.00415779208764715	0.00512868416866959	-0.0111983024219661
0.0114914578991838	-0.00525838854703389	0.00225426152811966	-0.00821913776553193	-0.0204013090145787	-0.00427033019179925
0.0127370689570262	-0.00357744691676881	0.00528951647761772	0.00213307437103093	-0.00125912882902644	0.00023165789929575
0.0126080065830259	0.0159293665518921	0.00287661929059326	-0.00510319849910959	-0.00233772467018449	-0.00571080513565484
0.0137758167875454	0.0026594849916593	0.00818893247313512	-0.000495008326051827	0.00430214261629425	0.0111209718995774
0.0136950252400098	0.00883020155934012	0.00921637482149555	0.0223436954476976	-0.0110727579517925	-0.00465594732823683
0.0143272695471921	0.00169197357312357	-0.0025521032350787	0.00928496673150606	0.0145711346160947	-0.00192621190492036
0.0128725502973701	0.0139771346155839	0.00368943363603371	-0.0122926449813736	-0.0128478115866692	-0.00640510757986929
0.00966747619416026	-0.00733382188346477	-0.012691219326542	-0.014769068515791	-0.03179085787563	0.0162518030813436
0.0127363663791521	-0.00572146753442773	-0.00196438047715253	-0.00278114320287467	0.0156136760574337	0.0147012335392553
0.0135491802999685	0.00952116044390791	0.011671055662251	0.00909263777145417	-0.0125497132420556	-0.00294433506094905
0.0129771306438538	0.00161684276685179	0.00481557805897528	0.0112789210793826	0.00226521516696064	0.000228964389772876
0.0141695306063473	-0.00512579751859314	0.0146967743102404	0.0155550247984519	-0.00306968800283064	0.000838065779721564
0.0118252097139307	-0.000253312864054587	-0.00440241653169075	-0.0262975758979267	0.0119219966976587	0.00657074025003796
0.0121854371061217	-0.00269950197345618	0.00327576499028458	0.00141525413518095	-0.00369820684905155	0.000879364931134308
0.00868311049450392	-0.0102241811609122	-0.0334111206159447	-0.0191097474235355	-0.00781097659187195	0.0162819121841865
0.0127933543674439	0.0124353046171922	0.00652032801520144	-0.0107930686068584	0.0108672010925975	-0.00702275973604131
0.0139338063187074	0.0184272594126457	0.0117434011876134	0.00581209492992106	0.0016940640579809	0.00245371216558962
0.0140755938882224	0.0178502773169676	0.00989210824976283	0.00271331811900189	-0.000368041014434202	0.00123281389060723
0.0121629263262796	-0.00427142418542037	-0.00196089064538976	0.000406866561844235	-0.00153515952384331	0.00319271526804253
0.0105212356530459	-0.00263887626145875	-0.0144596897308363	0.000194573083761442	0.0259367943328388	0.00435739767070627
0.0129662356216154	0.0256698666795476	-0.010383322415349	-0.00211902811213935	-0.00789693428936475	-0.0027024226768482
0.0114510627715076	0.0148848972301889	0.00617844055530793	-0.00369405926441555	0.0109163606928821	-0.0103640419362511
0.01250096576388	-0.00833735037688967	0.00233867872340037	0.00426770690261105	0.00487952666046585	0.00217548660456717
0.0127540285884554	-0.00665776789853928	-0.000354048964784338	0.00486014567678572	-0.00258553903508494	0.00356598092621109
0.0146559236130963	0.014380738035498	0.00413282380468962	0.0128717529796759	0.00344580998140915	-0.000968731365462914
0.0144369888349803	0.0125833201777121	0.00678492142024362	0.0103370368024419	0.00583101672193722	-0.0026043861481159
0.0135700275984932	0.0158704026606059	0.0104287527459493	-0.00371387261051231	-0.000787126109693031	0.00325205238172785
0.0113190509206323	-0.00533475615908152	0.00231471327892915	-0.0101437580415303	-0.00974443632089239	0.00997672355125724
0.0135036930292882	-0.00609298560225132	0.00177590226152028	0.0120877816356007	0.0040438441843057	-0.00355072327180073
0.0122758971174181	-0.0105759413510062	0.0029669198515913	0.00236036842130445	0.0108594076914864	-0.0127872004834824
0.0126429582224977	-0.0114063088137447	0.0148156684529373	-0.00181863227280065	-0.00198330998036027	-0.00372455180374354
0.0121013262876575	-0.012914681279991	0.0150004771749636	0.00299748650664761	-0.0118051422854496	-0.0049919248801767
0.00940955695663444	0.00179847780842046	-0.023301353133881	0.0122618305966814	-0.0199323647404949	0.0306225916212091
0.00822741303124526	-0.0196090724480695	-0.00633166947139857	0.000184615924753594	-0.0098811631421539	0.0165355145910135
0.0113674048650322	-0.0136725055936279	-0.00570035071075468	-0.00615199584406991	0.0166836334142061	0.00702777921876776
0.0113600335307089	-0.0125825249558263	-0.0106160138455564	-0.00675715721054839	0.0032604286219284	-0.00855735906754151
0.0131894897528684	-0.00735357061496037	0.0107136061615126	-0.00640879475535806	-0.00308292456022278	0.00406800790120648
0.0124969332939998	-0.00541411535726357	0.0148894744631775	-0.00232002222197844	-0.0122083282947333	0.00754007107411235
0.0119423228054587	-0.0101130215839209	0.00396606691307954	-0.00854793729161414	-0.00279883161652958	0.0147375974526128
0.0116427731189508	-0.0215044774839226	-0.0049866659580518	-0.0151636401603006	0.0148250894186241	-0.0145501352433412
0.0119157652149763	-0.0119587845171581	0.00159980246494009	0.00219387252073037	-0.00614727778855441	-0.00495552214358864
0.013043590633844	-0.00390623314399767	-0.00969692729787702	-0.0114861395086085	0.0100575493178357	-0.0188247938887756
0.0120422229304735	-0.00431986028357791	-0.0135054130156857	-0.0131734119260604	-0.00457197743989909	-0.00701608477881441
0.00927784195775569	0.00371190456708915	0.00148881368057598	0.0207809741642805	-0.0206577032290274	0.0107727193400122
0.0107773390894208	-0.00686600925885168	0.00187181776693441	-0.0107451807242962	-0.0201316860197774	0.0025059590133458
0.0147990294522522	0.0285219966747273	0.00407437567356941	0.0122199758079036	-0.0094153236231662	0.00557007214972285
0.0136575250287525	0.00666915379000403	0.00448247038061179	0.00729897046962988	0.00638187147283489	-0.003584602280976
0.0126889497239112	0.00991453270304932	-0.0375690473620934	0.016159066421471	0.0128511098272264	-0.0161172548474344
0.0120283732084179	-0.00135787324134465	-0.0153180078749212	-0.0077544538079538	0.00786255207050173	-0.00187082824363923
0.0119795255845766	-0.00147101733844213	-0.0167120024762139	-0.00718519429324557	0.00863562530468073	-0.0026359523122737
0.0105398630177144	0.00967391550537426	-0.0334397444067674	0.0207564785418817	-0.0104164648109085	0.00917887864501902
0.0150576218389777	0.0108220507005365	0.00186156145957865	0.00693001210979876	0.00922502156472733	0.00179935551813859
0.00695268520665691	-0.00602411438655143	-0.013254676084693	-0.032947916882522	-0.0118590358586952	-0.00551742966978435
0.0114871553174313	-0.0275246408304858	0.00461414466767426	-0.0186222309782109	0.000731066017492881	-0.00526718461154112
0.0102523569541552	-0.0176143632800394	-0.00644080971340334	-0.0166708344168509	0.0149162680206538	0.0059816008229747
0.0120315697390018	-0.00848530708115148	0.0149502988691811	-0.00903213617956583	-0.00134602740897027	-0.011188036925394
0.014197212444212	-0.00532000538576597	0.00177245854862553	0.0101222502835384	0.008448624054758	-0.0059156869887957
0.0108055238741517	0.00182555195937685	-0.0378280038344149	-0.0172895657127432	0.0303659152832872	-0.0280022750982287
0.0124840704756533	-0.00125296290491989	0.00434613143609862	0.00166897302636895	-0.00628562476497368	-0.0164588691791094
0.0129265890512489	0.00871159512503943	-0.00346062327562948	-0.00470766123822713	0.00350533349238392	0.00119628161814057
0.0122357334078147	-0.00836831361544125	0.00908774041152319	0.00715399520067738	-3.98382507855099e-05	-0.0235641132490595
0.0137241766647031	0.00798090377271497	0.00373262379278077	0.0070031842312495	0.00430492708438746	0.00136370000982805
0.0130120433314553	-0.00352087198793785	0.000457908778299875	0.00554403177034446	-0.0116257221169394	-0.0115873673073221
0.0134577098756104	-0.00177490223876789	0.00270607873160715	0.00686343633490646	-0.00738632442547287	-0.00651620628589309
0.0122188951126618	-0.00342047594898473	0.00476118692739315	-0.00593421365934553	-0.00176334645654137	-0.00276135147683392
0.0117379403401586	-0.00877341376291323	-0.0104556284619685	-0.0182755533346414	-0.00972063487163521	-0.00611178692790541
0.0145852219773837	0.00743497351205707	0.00560610846352387	0.0113093911599476	-0.00180056568399308	-0.00810486162765511
0.0130386742733276	0.0107727406693963	-0.00121004488131551	0.00726436009536366	0.00676237672009411	0.00655515593562425
0.0122682330421477	-0.00628799671966761	-0.00453464088406319	-0.00140336112544402	-0.000551224504172745	0.0188743742844308
0.0117498624652398	0.00035276022627088	-0.00690773822654446	-0.00496450283697431	0.00573759468718309	0.00381778455763268
0.0113683185041552	-0.00624364535450472	-0.00284094592767717	-0.0176650861994236	0.00983221524339778	0.00647964290127889
0.0128521033719759	-0.00308870389144673	0.00702735860493839	-0.00922909665172356	0.0119155330484229	-0.00317986529328241
0.0158181605879389	0.0178628659439003	0.00412917357199946	0.00977429942460814	0.00818962115074605	-0.00344040049531265
0.0123248002145835	0.00264811242324697	-0.00263588882828241	-0.0211007775546914	0.00629682243523418	-0.0108560199876285
0.0132172469211073	0.00596071869363775	0.00105504637448509	-0.00906284112043464	0.00936898424662879	-0.0123512628424833
0.00926692418209161	-0.0158435540849303	0.00329936083497142	-0.00512788641913697	-0.00128914710033114	-0.0205701757303683
0.00949681061757467	-0.0181140748812057	0.00728244942784743	-0.00213756000891599	0.00804656837835586	-0.00815472636201367
0.0124722212482094	-0.00763710533085034	-0.0061465924476322	-0.00116222606605206	0.0109563016350332	-0.00389988614454267
0.0124050166034371	0.00288165351454331	0.00194800854211987	0.00391054869394163	-0.00355711799795656	0.00179920895774837
0.0115444195998154	-0.0129806557896978	0.0111123630632184	0.00759941996451763	-0.0283869089802259	0.00892927087823594
0.0133084374425896	0.0119291778319483	-0.00072796450701744	-0.00425469503340954	0.00360143521573373	-0.00213350028415805
0.0107590617502218	0.0106145068378149	-0.00335156333405761	-0.0258872362483287	0.0248014893592273	-0.00675404071288716
0.00987007397918081	0.0025622710816984	-0.0146380847914594	-0.0281578161524426	0.0111661787529983	0.00334922303841204
0.0123701528960761	-0.0113152417867743	-0.00110078399722639	-0.0100937050816578	0.00955249246491201	0.000886103318317441
0.0113049533427479	-0.0051913618242382	0.00352732722069417	-0.00920001415847189	0.00530065282771558	0.00252034388139989
0.00800474114929639	-0.02876843015436	-0.0644325829297967	0.010787532011113	0.0313584121184566	0.0483745383908309
0.0116510399965889	-0.01603285785729	-2.87826919906208e-05	-0.0256710146712016	-0.020766779292671	-0.0013773597004094
0.0131795208564131	0.00310183131714249	0.00446089008135802	-0.000750335673544792	0.000726834179323133	-0.00949422550122453
0.0129984709339558	-0.00991141007429231	0.00922447707336825	0.000413803804957652	-0.00188714814415326	-0.00919410622179373
0.0116413701270749	-0.0109699967207445	0.00275839827796989	-0.017909546001767	-0.0254343781402873	0.00163149362986204
0.0115003763174272	-0.00906675700809777	0.00108768349974862	-0.0105728022753763	-0.0227139899555367	0.00128206442838519
0.0118899512943832	-0.00100488741182456	0.00313273065829742	-0.0123233672141403	-0.0181593648242102	-0.0126080769252067
0.0120283381188975	-0.00447121559753569	0.00136122522090807	-0.0120000474530754	-0.00550595245091392	-0.00916046974894904
0.0142090170445882	-0.00981292128093422	0.013191957298951	0.0113816050344713	-0.000932389330094498	0.00156397661144932
0.00736187136026127	-0.031334851127792	-0.0448761835955153	-0.00558367644177044	-0.00180925608632172	-0.0318304344218462
0.0116762997954369	-0.0380980292275141	-0.0117831820607114	0.00138151366955806	0.0145441128279357	0.0027574693805839
0.00507001912623768	-0.00366012285820636	-0.0277664483697319	-0.0129307310796346	-0.0316060624910083	0.00672801622672201
0.00915462447350581	-0.00403116336944835	0.00795852753359107	-0.0231754703189653	-0.00545031636991538	0.00254167836591437
0.0120523003737521	0.00535124366986632	0.00535112118254473	-0.00525892131758013	0.00100777783708367	-0.00905788672441632
0.00630669333560945	0.0146621946670467	0.000260831278903153	0.0413909493242938	-0.0114910498870022	-0.0339153592212575
0.00877058463018703	0.0283381142642072	0.0210731255251116	0.00772409017413387	-0.0333501196094624	-0.0115886504332497
0.0029559994950776	0.00545782203778329	0.04031261738796	-0.065682644375113	0.118737143067042	0.0881097618709075
0.00270245787522387	-0.0306647358784133	0.0375554740584255	-0.0549171895930056	0.0494493609537831	0.0311971506069815
0.0125797396002071	-0.0052842270354579	-0.00653498168934027	-0.00286150784420087	0.00808329677517586	0.00738269661288869
0.0124077434728175	0.00536873498902231	-0.00694222551656223	-0.00198141680280389	-0.00025791052681607	0.00094510923721797
0.00910696193821176	0.00299746903531756	-0.0369681091249195	-0.0177933148855775	-0.00779086033832013	-0.0217314406827662
0.0117148017287948	-0.00641685768524103	0.000553126072442873	0.00056540524259904	-0.00434373770989679	-0.00220304144800485
0.01277964327479	0.0115761838872288	-0.00457248556276119	0.00368381260916815	0.00203340473205875	-0.00731837836795773
0.0123022237053027	0.0124801274628603	-0.00682875650683996	-0.0149582157298411	0.00272624381310945	-0.0116481137399438
0.00917033866850903	-0.0181028220634659	-0.0267599003686521	-0.0174760515091737	0.000566160407999785	0.0216469475346953
0.0105805591283498	0.00736937989218176	-0.00439350176656889	0.0273014132149269	-0.0404225399802883	-0.0136108749524156
0.0124394664482778	0.0111353294262416	-0.00774094287026264	-0.0110121699928431	-0.00124740836586603	0.00664347206344841
0.0120570696415064	0.0060385589707556	0.00182464077122689	-0.0165830560200123	0.00577965113908099	0.0148928827234401
0.0137291696885678	-0.00565260828149215	-0.00269944418484608	0.00200264408154913	0.00637495634949574	-0.00723649040205977
0.0122316729391178	0.00984028058597974	0.00695899896017437	-0.0186303317262534	0.00442644401098751	-0.00483581496856858
0.0125352465373912	-0.00311143876532163	0.000966092766540064	0.00115143679926558	0.00895587962106007	0.00483064311558063
0.0128647460936786	0.00196912957262838	0.000799563147532342	0.00223583291626176	0.00503447122527132	-0.000780494625346105
0.0116953082276007	-0.016694317045342	0.00171983470735191	-0.00794619370674857	0.00742742206855222	-0.0141432503153071
0.0104206202768476	0.0125720525702086	0.0168684723701282	0.0108355002252114	-0.0114132158283581	0.0116760440817148
0.0126506320271682	0.000983099866452975	-0.00247900967211049	-0.0102880204686774	-0.00685089471451348	-0.0151511049141729
0.0127789823573164	-0.00408704956222713	0.00757674557476144	-0.0118963227643938	0.0041111755123451	0.00101156219214725
0.0108129106321714	-0.00912414681510279	-0.0084891358256324	-0.022602354856572	-0.00673961872692483	-0.00776663992502931
0.00986581899668939	-0.00270528510552248	-0.006180478456246	-0.00834616618663925	-0.0179593312490748	0.010535842713991
0.0134275201080566	0.0158945642289794	0.00204916978091714	-0.0117713400493877	-0.0024972948796244	0.000929132114747267
0.0129020295165154	0.00166067766030182	0.00427159955506695	0.00366051728615095	-0.00144002193840117	0.00587419830733403
0.0102748102948715	0.0121578524838942	0.00342766186191497	0.018360260205847	-0.0180784009949484	0.00980850166692818
0.0111887214187481	-0.0181675258234056	-0.00066910873238241	-0.00705112311767572	0.00503749962491555	-0.0131118914523744
0.012669475126327	-0.0129619964720184	0.00205466998003938	-0.00944311102065608	0.00161469855467998	-0.00755622075662702
0.0115797977610332	-0.00442728308330049	0.000252272303444243	0.00200421833705135	0.0041773114393839	-0.0058748043248393
0.0118423802479743	-0.00107152971843084	-0.00504664879513004	-0.00595859059973336	0.00809914255636456	-0.00174764685941435
0.0120593381742086	-0.00970051508718643	0.000445736490607852	-0.0291013086605546	4.5210906327855e-05	0.00110175397399048
0.0120879017511226	-0.0107420234244432	-0.0061130485726252	-0.0131160587426139	-0.0171704178976341	0.00495603327663036
0.0124302668351128	-0.00873321500163139	0.00839943230409683	-0.0133019519611229	-0.00687987765719462	-0.00840802223604561
0.0127545511291647	-0.0191966742314232	0.0310250017288685	-0.000969876282513173	-0.0121908738765851	0.00518940358725605
0.0113713180500812	-0.0209256131065037	0.00543939948791383	-0.0170476281210024	-0.00937001488631427	-0.00193020977382983
0.0122928957903419	-0.0159451042655582	0.00181658646616788	-0.00310304405564295	0.011836986062522	0.00670627428875824
0.0131732343204749	0.000102771523946971	-0.014360271589026	0.00948541774104125	0.0343552197064028	0.0155008295457418
0.0140777895167123	-0.0189240486758787	0.00339977236887006	0.00698921770549445	0.00758504676617756	-0.0110475453750975
0.0124898858511743	0.0143828535661239	-0.00405132763357777	-0.0101093798743163	0.0026884104929582	0.0159206330340621
0.0104371649126202	0.000743336294963824	-0.00577552581676708	-0.00252459974714099	-0.000175510004365964	0.00279494805655338
0.00877888383696808	0.0402773810564118	-0.00140539056634139	-0.00683017229712079	-0.0291874858965043	0.0318190116886815
0.0106642120416134	-0.0088494778983484	-0.0115282084852662	-0.0209808615862604	0.00555040727934047	0.0038509159855171
0.0101036095222258	-0.00969029347289804	-0.012145523565871	-0.0204254760857154	-0.00948430580808478	-0.00704949441593505
0.0114811031569815	-0.00779285916729344	-3.31477075958438e-05	-0.014934997922127	-0.00818936701822998	-0.00277183440537689
0.012800685337935	-0.000379628866981884	0.00376511922933856	-0.00475391579873384	0.010376974627695	-0.00778930181131766
0.0135544339050179	-0.00200120492922652	0.012373782854393	0.00346133158292421	-0.00580126273072063	-0.0140636553033313
0.0122838441882702	-0.00290275896300606	0.00290836457308466	-0.00776447220603521	0.00546010616848814	-0.000745174400803201
0.0105432675096705	0.0190077981743727	0.0200394627178897	0.00346055619801899	-0.0186634523137977	0.0106045654939041
0.0120361955213384	-0.0164172948708393	0.00649317123349724	-0.0123977600824896	0.00318051185875221	-0.00732940000586277
0.0122818390337693	-0.0102457761223246	0.00669847347645251	-0.000258291669899332	0.00436852699853539	0.0227745231294522
0.0122956907498505	0.0134474358609866	0.00105362357006501	0.00027123761432565	0.00236882167040421	0.00891919487546357
0.0119207515092745	0.0225646558143627	0.00565520842830161	-0.0163450609007879	-0.00132193195450034	0.0138779716131225
0.0112961912286923	-0.000485666451924249	0.0156537898495663	-0.0182778368392735	-0.00345108197306729	0.00710809468212547
0.00977589488953717	0.00376244331154332	-0.0107212197244524	-0.0285521834951434	0.0124495026488253	-0.00866168768196713
0.0118308355935811	-0.00622169581171073	-0.00630643671405366	-0.00913809314313081	0.00309670509608024	0.00459641125434648
0.0131233657582721	0.0173229892285936	0.00149801955691357	-0.0129368806334476	0.000228400040006352	-0.00170245669485798
0.00793844862699057	-0.0190099557632475	0.000997184492172644	-0.0289339316968868	0.000665064103492803	0.000178035736315887
0.0123584975102454	0.0086509188837664	-0.00824184522032045	0.00696048446277235	0.0100675960713646	0.00981912502075483
0.00792970417116894	-0.00666498903099949	-0.0199781199745596	-0.0247053063130622	0.0188349160570686	0.0334816715312101
0.00864948678721426	0.0376497068626664	0.0247444030760478	0.015496403069993	-0.0221594991792789	0.0257239066694091
0.0111791245229001	-0.0126087283068347	-0.0108253894081519	-0.0017178917758306	0.000730953693993901	-0.00519943247435048
0.0108306261823558	0.00619359195041521	-0.00484545164480325	-0.0190333032373814	0.00766876190900432	-0.022156672560634
0.0126856857207213	-0.00188219886947447	0.00141871566296693	-0.0102167608168933	0.00251234556648392	-0.0053465480518528
0.0109723914694317	-0.0183006287641088	0.00260697073515249	-0.00862606309630191	-0.0120656214892594	0.00529971535611386
0.0110093453958962	-0.0110902650144073	-0.00408120819673751	-0.00733473336701817	-0.0234090827912618	0.0144512541045731
0.0117430025353922	0.0290700408146248	-0.00259168745526532	-0.0230253930425079	-0.00701658660445593	0.00471255522575995
0.00920801110891468	-0.00454986764154106	-0.00340546145858751	-0.00967108089285527	-0.0102522120316208	-0.0130791515099049
0.00922604683995752	-0.00586601479716934	-0.00416105838747171	-0.0123149665411892	-0.0132677508648423	-0.0129249842159069
0.0136549475383583	0.00597735918612935	0.00946032062931751	-0.00314346256958644	-0.00048311368115889	0.00634303059240431
0.0126893031077352	-0.0108530008946655	0.0117018116590841	0.0111186227758863	-0.00442772064129886	-0.00171037707666577
0.0113042225485109	-0.010975324588719	-0.00683765217632472	0.00453478782923299	-0.0164980716660273	0.00984361788294061
0.0129795424754536	-0.00348626832648147	-0.00365463313631879	-4.01547207055087e-05	0.00202604891352056	-0.0138851285564778
0.013191941273511	0.00322180968281287	0.00742168442310066	0.00815800035269765	0.00546306705217023	-0.00464607068078028
0.0128203639572898	0.00836030682029117	0.00407065164846535	0.00224924172694558	-0.000780609971867165	-0.0052854069995624
0.0131338503676092	0.0122038684483042	0.00153302191418478	-0.00776237164853041	-0.00114120693955236	0.000874013309234152
0.00962287355202776	0.012461432649989	-0.0142740541966178	0.000132679636508122	0.00711665263689493	-0.0105704235380916
0.0110694662916648	0.00297480327254223	-0.0113673962452373	0.0173795334827653	0.0248178040808094	0.0013990411980625
0.0105908552413011	-0.0129667578112387	-0.0228452545008671	0.00869066472964372	0.00432448225665613	-0.0110397371877347
0.0128106499908444	-0.00503731992531993	0.00269392899100809	0.0109958169993027	0.00532676894845606	-0.00151439668038518
0.0132577157121979	-0.00552595278308957	0.0070091392551352	0.00330301501411126	0.00982393801376171	-0.00218812968962831
0.0137107588191667	-0.000689326555742699	0.00960329219617907	0.00481243448011877	0.0103145050170264	0.00490129985360775
0.0115751439303925	-0.00991132916276249	-0.00228877248669282	-0.0205555887876367	-6.53900208998828e-05	0.0118020980226325
0.0121267510347108	-0.00398315696326623	0.00439737409720764	0.00707289676490326	-0.0175987001898425	0.00230706738416118
0.00968315134573251	-0.0208731230806279	-0.00589594333164976	-0.00533599004391954	-0.0421374684432351	3.77678182622567e-05
0.0123783403298066	0.00368026160713754	0.0122052885144774	0.00734446824456228	-0.00663900886081852	0.00239619417265226
0.0112799831641279	-0.0239621279664319	0.00513137586535676	0.014057691595131	0.0224100399510321	0.00159003964354061
0.0113435791011001	0.0119301634769734	-0.00307809971536331	-0.00869977753970692	-0.00920446230220425	0.00997172254286391
0.0120670575647009	0.0128263584292898	-0.0084563652774829	-0.0221986958482619	-0.0104853577127696	-0.00358935158781538
0.0146487905235982	-0.00129521590212936	0.0107434044153837	0.0179893373986433	-0.00298872145878401	-0.00743093175464851
0.0143992991926745	0.00927373205891053	-0.000245237782576702	0.00125016553333387	-0.000436244294438018	0.00250115065001121
0.012140971160192	-0.0111228936843558	-0.00247311265142027	0.0106461346859866	-0.0124892135956251	0.00971889109118816
0.0113317792176603	-0.00988500529713923	-0.000374048154050002	-0.00623375746443806	0.00358962797243465	0.00696184691453024
0.0123010453123441	-0.00908426956036677	-0.0101474891756157	-0.00730591362883855	0.00718695728783022	0.00364243162376648
0.013130140526056	-0.0066251681791321	0.00234625631795067	-0.0157483757027624	0.020595550212152	0.00814947985212979
0.0141904702294755	0.00302833414294849	0.00716014131671469	0.00541618251386416	0.0076247527425761	0.00344915234180958
0.0105493099237005	-0.0038616872864685	-0.0109214611098017	-0.00181231554912857	0.0200144397069167	0.0119522817058243
0.0133506833768646	-0.000453747514280797	-0.00176855853750747	-0.00519873628291777	0.00399317294525929	0.00910424754585356
0.0102826281552437	-0.0205303408383249	0.00209908126265579	-0.0368536456768337	0.0133768980741712	0.00735257774340937
0.0103646931346839	-0.0112815403479672	-0.00434860605194595	-0.0226325134562755	-0.00464433624464382	0.00311183520946852
0.00988918941874423	0.0215058966404077	-0.00985398489861105	0.0225748324040383	0.00420528879922239	-0.00867290715667556
0.0124331944631856	-0.0114903909978242	0.00486862494355631	-0.00240763527654351	-0.0107628906821253	-0.013145865639021
0.0123383388134135	-0.00877976123878911	-8.41133286971938e-05	-0.00292820905232334	0.00343339905500378	0.00510796906426114
0.0126467583538006	-0.0157007137457615	0.00572247615182706	-0.000330300184976313	-0.00162291302842898	0.00503297409108994
0.0114808472337374	-0.00706313421110909	0.00298876147623689	-0.0130111656778027	-0.017125869323461	-0.0076349617926031
0.0122389411711539	-0.0046041875719537	0.00642532669845612	-0.00874803134190779	0.00464694758182149	0.00855509110286603
0.0123498390214199	0.00589391227353112	-0.00190088402276119	-0.00231357787914024	0.00530132888269326	0.00539122338755644
0.0130125194663999	-0.00584695339878381	0.00377308739713705	-0.00354633877213707	0.0121442811655216	-0.00251591944517412
0.012233671233773	-0.00133685916793413	0.00629817324505068	-0.00315498620240362	0.00500306898953124	0.0115399450405927
0.0126790614737364	-0.00289819431578856	0.0021677378371471	-0.0015128677040794	0.0118388004652539	-0.00675845388169366
0.00981872833557019	0.0093880547955417	-0.0254210774709443	-0.0126816488960562	-0.0173449932091803	-0.00190341176532355
0.0148423919559692	-0.00299316467667119	0.0104302955352415	0.00771740649733305	0.00501840229523715	-0.000688504190976722
0.0112170340241583	-0.0293379567817065	-0.00132530675989202	-0.00108640180390945	0.0137151077998408	-0.0175409438146134
0.0108772796624833	-0.01762304027619	-0.00825518442516822	-0.0120493644830289	0.028424484496788	0.00967516714723361
0.0113080367536287	-0.0212865347453049	0.00188672239060855	0.0117258802658424	0.00321921688044104	0.00653855902077094
0.0112596039226938	-0.0132209677226453	-0.0075444979432531	0.00168378521168617	-0.00977797269075139	-0.018911543567983
0.0140725748268007	-0.00892464240527707	0.0088398956671536	0.011485714043321	0.0014984386390767	-0.00569746936790204
0.013084659485684	-0.00172541398419106	0.00244402044229861	-0.00956173809821455	0.00206859218629899	0.00714369287560757
0.0114769697742684	-0.00685458846214285	0.00599792651038875	-0.0265467071117866	0.00505974043275387	0.00990256098213209
0.0127600495890914	0.00629536453620923	0.00435332448449888	-0.0124121254026114	0.0129112971642774	0.0142598790890274
0.0156553602656999	-0.01017836022665	0.00712763282645714	0.00999316294844162	0.00678272872843488	0.00319533092811189
0.0144729789047908	-0.0105109716534488	0.011345507587855	0.014196872042538	-0.00186372701688535	0.00621663154285589
0.0157966924954491	-0.0097232671303541	0.00573126801281042	0.00930837938380021	0.0090806348830651	0.00397579176833922
0.0120869759904299	0.0222513580389007	-0.0118227442559953	-0.00134805456713127	-0.00332415155086574	-0.00327767607106714
0.0131037777002372	0.00788826585236709	-0.00276078768698039	0.000620799348913962	-0.0183886052801891	-0.0116070231897511
0.012347633546498	-0.00764397802901509	0.013081125202626	-0.00216685055334877	-0.00865927855316634	-0.00754104629250904
0.0118643981019615	0.00124715082598015	0.00377654668085327	-0.0164605851770523	0.00396654175313249	0.00671495019614076
0.0126719445399294	0.023392404682081	0.00819435840042214	-0.00808716616548639	-0.0186310733706773	-0.00357460271474278
0.0134042093083569	0.00257513341462344	0.0218257444417233	0.000806850719278679	0.00130664369046079	0.0177414519386537
0.0132131240064257	-0.000784817912547586	0.0192104941580962	0.00252653501293374	-0.0014994611641124	0.00751718058832869
0.0118839508446656	0.00149260412700593	0.00557451787504508	-0.0165459828035628	0.00337571678450775	0.000317520772872681
0.012056183422307	0.0324654827296256	-0.00756590814367505	-0.0143763781435248	-0.00152306132543452	-0.00124533109831519
0.0122484586729949	-0.0094498408296991	0.00404031612634501	-0.00984281065936861	-0.00764652267089216	-0.0104403767204533
0.0127518300719882	-0.00206929215549639	0.0219388131624137	-0.00481722556314778	0.00328895948558408	-0.0131612293814581
0.0124073099049138	-0.0180999665720646	0.013255341145512	-0.00221596292400245	0.000864393990092235	-0.0107727230265217
0.0122504056416943	-0.00270380730099006	-0.00264822666358674	-0.00289428736672019	-0.0154321285059935	0.0152323737473317
0.0130859561821649	-0.00363614612994711	-0.008747574754825	-0.00475943096974871	-0.0029314451857017	0.00344712765993303
0.0129742143254382	0.000991981028622775	0.00162659713597955	-0.00567764536357705	-0.00245784848556581	-0.00638436488286805
0.0153990974533825	-0.00990268397890908	0.0182264482758526	0.019034636068189	0.002294296240057	0.000301222756644238
0.015415768547895	-0.00120906595913216	0.0084828982002933	0.00365572188141801	0.0133977205429971	0.00735150251249644
0.0138996398841393	-0.00524610965970373	0.00572274458044216	0.00885674664054143	0.00721058329960786	0.00398265588237412
0.0143309736677159	-0.00187241544313704	-0.00338482422895063	0.0100628324113348	0.00962877929579018	-0.00319930358515602
0.0129631108695715	-0.0075838414309127	0.00145683081140573	0.00242681003059733	-0.0109419259548619	0.0036209377841924
0.0131530711769603	-0.00509304633508689	0.00352697062219302	0.00459698891826928	-0.0115913021990977	0.00038327520109447
0.013474024630527	-0.00825136403529497	0.00515853104729079	0.00412141912631603	0.0103788029060515	0.0121246860043301
0.0127836504971376	-0.0038032736414658	0.00349178551539058	0.00921839422424396	-0.000231252408176789	-0.00768104970507566
0.00996614821045717	-0.00613273572300552	0.0106577285941329	-0.027600629951824	-0.0134649330825252	-0.0258012086615425
0.0104748710099499	-0.0181600724483151	0.00200435303649742	-0.0225163991919934	-0.0298747291010522	0.00131445092665347
0.0115428908489422	0.00433525980377075	0.00424859391618927	-0.00434060843405528	-0.000680893237835317	0.00186494443352223
0.01227982624964	0.007972395783674	0.00560562637746003	-0.00717099333348085	-0.00955651143019714	-0.0207289451150847
0.0127016251179014	-0.00954836152476599	0.00369152765273334	0.00732088029024148	-0.00880511745836584	-0.000376510311120494
0.0122975912444456	-0.0111696593083566	0.003517897366177	0.000860534091230593	-0.00348706384792375	0.00127308315968563
0.0101273699561768	-0.00780617652662762	-0.0182517765901745	-0.00404654810730511	-0.00939753865364784	0.0204577922163605
0.010731601454808	0.0219319144696142	-0.012966084940615	-0.0122916499299848	0.0104332738897777	0.00941162470899811
0.0121429285947858	0.0355475283726224	-0.000669300547884536	-0.0160134815610556	0.00904582064723591	-0.00298508045483157
0.0129488452991074	0.0199577412163984	-0.0152391590080702	-0.00227709334741936	0.0159873918221288	0.000156430905511108
0.0141531869518065	0.012122033897906	0.00915368599057007	0.0107852457741487	0.000714600630393927	-0.00242037416164575
0.0163738849074358	-0.00141363255610806	0.008795017572484	0.0194765159705525	0.0101140774895414	0.00227888898981457
0.0103838921367635	-0.00475180214466921	-0.0185287028405226	0.0197510402233332	-0.0208015369660017	0.0447227921966483
0.0139333624940401	-0.00376143165167826	0.013029330518667	0.00806911834655263	-0.00669990363193271	0.00184609213922321
0.0136393963268524	0.00969124204781268	0.00937326224795025	0.00121928827428871	0.00629927326370231	0.00519463519419256
0.0130080535482729	0.00481674259507256	0.00568177668387612	0.000629160720977895	-0.00977608211608121	0.00438992434644424
0.0144791076414867	0.00850537919544477	0.00353841849747874	0.000835882855752813	0.00871868762244359	0.00442821144480362
0.0146976901492802	0.00796520220896497	0.00258465023164226	0.00149126551171654	0.00750894181663408	0.00730562965410173
0.0129182691524917	-0.00377866871019083	0.00773154121534548	-0.00466149709749865	0.00292316668855736	-0.00182999359949278
0.0116986509045391	-0.00201575875715496	0.00447445876264612	0.000405960940583045	0.00512868731278774	-0.000381917008182786
0.0119923602882522	-0.00409872473489707	0.00684975138628645	-0.014906032962652	0.0128889226914123	0.00297035625987588
0.0135938687587329	-0.000862354532556424	0.0128919385290089	0.00238562066612158	-0.0104090127208165	0.00577900871520793
0.0122513487048581	-0.0126851775193783	0.0171310698468014	-0.0105955009942239	0.0112042946162389	0.0106617300596639
0.0118453864278498	0.00571252425706354	0.000458524513620294	-0.00425458425648088	-0.00155960335809974	-0.0136199783828512
0.00761221950158061	-9.41878614267293e-05	-0.0232387829654031	0.000108423055689091	0.0249742752628382	0.0403125387043955
0.0142533808165575	-0.00144568244732067	0.0141475592824161	0.0195450678519968	0.0107630042976592	-0.000107342994638685
0.0135194373989989	-0.00148031268279863	0.0070212360345992	0.00646709020014766	0.0131501573409845	0.00514023068256195
0.0132461051894743	-0.0107953967855363	0.0148749371569868	-0.00312135799579336	0.0100220611438062	0.0088345938591616
0.013245907579078	-0.0107346478088199	0.014426237594681	-0.00356977206431412	0.0103140596362242	0.00915477586406019
0.0145707253947136	-0.000322767089306655	0.0104787558253313	0.00849334080667074	-0.00219157515112402	0.00280078841465357
0.0139205028584174	-0.00566682350314583	0.0124329708685105	-0.00323457864795419	0.00391808869350374	0.00570288827147618
0.0105165129849578	-0.022820217619172	0.00713401688218518	-0.0174232137770067	-0.00451596789070971	-0.0115693545799343
0.0147946813087713	0.0144357806739923	0.00244335739949215	0.0121683402430646	0.00376465836958293	0.0056327163145492
0.0144309180973581	0.00230563299990754	0.00751583467758784	0.0129789631037344	0.0127751000862203	-0.000892700616311058
0.0131257893399754	0.00142459600632292	-0.00729093319798403	0.00105185301341842	0.0186997067049059	-0.00640415564023571
0.0130630298922262	0.00386426877402166	-0.0101401924145592	0.00565306880159108	0.0207579349253601	-0.0125089429650623
0.0134083940155843	0.00923022360927609	0.00451693507872347	0.00219281159321472	0.0078262265041323	0.00291170172920769
0.0130382870692747	-0.00196502432469613	0.0110557574521974	-0.00604261546732393	0.00381642020274529	0.00426646558645624
0.0113568076084697	0.00302915272377655	0.000631334514020641	-0.00269386006302801	-0.0156704691705418	-0.0119004297995588
0.013683231248266	-0.00617962180649736	0.00654464755392296	0.0159800375858541	0.00218826384449859	-0.0184261495865801
0.0117560237291515	-0.00326324729675919	0.0426742737401523	0.0250759767563529	-0.0517757450511886	0.0296005706437624
0.0105809142676781	-0.0174329597135906	-0.0213479729776344	0.01506571406039	-0.00190548682328947	-0.00456245050160958
0.0140653552711274	0.000889385055643726	0.00583260691049987	0.00301775072551725	0.00553563974141785	0.00318393579481397
0.0100269520806858	0.00290122978154471	-0.0128704833111098	-0.0190784231985285	-0.00849884324454221	-0.0010672205062976
0.0121767520712846	-0.00777850375097014	-0.00688694758197137	-0.0195446656453325	0.00416048343934541	-0.000365928218449377
0.0127299341095513	-0.00784975717533284	-0.000705986324977751	0.00966291723016653	-0.00922139233338897	-0.0176917064454975
0.0137905947309899	-0.000663516832935511	0.00314519824362508	0.00904879041140786	-0.00526861818081223	-0.00272187427601702
0.00917822653342381	0.00135371397655628	-0.0127562817361299	-0.0207512374027995	-0.00523605201886925	-0.0316146955303627
0.0103727381863879	-0.0349051258357612	0.00693377277703351	0.00358218231414978	-0.00463578502935962	0.0066095655488145
0.0114501981355405	-0.010112501094889	0.00498654696908228	-0.00585240259663809	0.0078240754158	-0.0131663365860494
0.0089946192299754	-0.0207201153261525	-0.00023112726926909	-0.00547613728702544	0.00321821890192888	0.00950074686675714
0.0130766056887033	0.0156592549127851	-0.00485213280632423	0.00379683587385534	3.04047051629041e-05	-1.38789383988514e-05
0.0115211918175587	-0.00701071439115461	0.00963187277063766	-0.000705790251369814	-0.00122102591897001	0.00921608160016671
0.0122228677950885	-0.0113580752058288	-0.00577229470897365	-0.00972954509391845	-0.00458165978985536	0.000842977663530308
0.0137546071686396	-9.46362860220883e-06	0.00918218029017228	0.00902380359967013	-0.00457202009773499	-0.00601907356670442
0.0124714060706201	-0.0120236807953316	0.000385636154867159	0.0174051760388563	-0.010376084922689	-0.00807996924016798
0.0145273796500113	0.00091020388294515	0.00447725902366424	0.0197219224307907	0.00374405905146583	0.0108959507427434
0.0149555342415648	0.013925949912932	-0.00923945284521037	0.0261106641332953	0.000550328485300288	-0.00110076856354822
0.0102090896118889	0.00149374457862011	0.0063962434786516	0.00558815511630572	-0.041470778835729	0.00736501121108223
0.0139754139097784	0.0286398728570988	-0.00839544338022672	0.00905059116510658	-0.00208591242245325	-0.00815334085590832
0.0112719619822064	-0.00513399192042487	-0.0087886582320278	-0.0125418973621342	0.0066057646509303	-0.00231620011133095
0.0125098553616744	-0.00981091008300298	-0.00667136884075079	-0.0128409231385212	-0.0043142844891048	0.00137794100280106
0.0125388905535202	-0.00549583459354802	-0.00191328548200545	-0.00491934400267135	-0.0047433533656129	-0.0154806108769822
0.0128601046332574	-0.00600831728217639	0.00554445843732652	-0.00240084475338276	-0.00562820998687036	0.0103348138390229
0.0119041943625896	0.00199136182129682	0.00575008135198688	-0.00854786804067813	-0.00186116983784319	-0.00771019462972656
0.0132062019355838	0.000221554244886118	0.00380494464753597	0.00291488454770616	-0.0034394704534509	-0.0120398447304728
0.0123530955704397	-0.000559761105779444	0.00211752222057087	-0.000699341638844773	-0.00370211683702161	-0.0116223678598374
0.0123733084875764	-0.00635075497725013	-0.00165691578816799	-0.00209349115511986	-0.00175800691974322	-0.0125932151851444
0.0121223347887649	0.00162457178256287	0.00855849188388819	-0.00200355280032343	-0.000294459172826024	-0.00967493551699941
0.0128746771787728	-0.0141260346569082	0.0113449937953687	0.00321376896153361	0.00997698021178501	-0.011092888642866
0.0115422984153843	-0.00605188169528762	0.00653494592892073	-0.00363234248244462	0.00497984080576558	-0.00838815593569985
0.013583659338005	-0.00323855583715921	0.00976872935202463	0.0118968146620533	-0.00297752340117095	0.000720971103787279
0.0098194459658391	0.0739103631925836	-0.0106761917475044	0.013415232096978	-0.0383505760576584	0.0249314001464426
0.00990059291079393	-0.0201339632456896	-0.00673044167167326	0.00138258120102987	-0.00696397609453381	0.0130469522908135
0.0125399522175063	0.00258557379289766	0.00347117679430708	-0.00918944075074632	-0.00373694440357231	-0.00491230272214357
0.0127092646502583	0.00703263415433132	-0.00724607423063802	-0.0019692309315308	0.0064606236991407	-0.00725805364089103
0.0114072995523632	-0.0110787687627129	-0.011694546317056	-0.00812037875615155	0.0050495174457429	0.00451034365457113
0.0115760951166036	-0.0109443777525765	-0.0117465118015847	-0.00804526807145657	0.0134172455016171	0.00403692497270856
0.0124132678987866	0.00796067802804286	0.000330785198258387	0.00221716875010967	0.00124337861264244	0.0117724206607129
0.00988446186149947	0.0111169825147775	-0.018149683178784	-0.0286631426158433	-0.0144300301311562	-0.0142122823139969
0.0112545595159476	-0.0130975998712293	-0.00761740301704875	-0.0126496293494974	-0.00703983367093083	-0.00714344839761741
0.0121294984294369	-0.0177577508012338	0.0171603546378739	-0.00671268949548088	0.000290888267727907	-0.016330972623288
0.0121922843514977	-0.0341057435673382	0.0206156639647078	0.0169338930537037	0.00115507307051211	0.014455811901069
0.0105824004389926	0.00130155185225487	-0.0171653364026962	-0.0205987350313036	-0.00960334610702674	0.00681502995329842
0.0127268173674853	-0.0252831874014259	0.00556195100375119	-0.00120787304460924	0.000668338555848254	-0.000436665942252124
0.00866771621508441	0.0188116445655258	-0.0184447905154146	-0.0359544907769349	-0.016722775143269	0.0208737799506927
0.0122490301549358	0.00450753171546843	-0.00927428212678767	0.00158144745355865	-0.0165081311504348	-0.00352438140336964
0.0109715045756731	0.00339218839925851	-0.0218270763736316	0.000213890512436445	-0.00294714414857137	-0.00682871777250407
0.0121837167019065	-0.0177224557686353	0.0105322276866665	-0.00413759781249438	-0.00775429632281507	0.000350037168349387
0.0105719096730315	0.000221023092229977	-0.033245872855406	0.0194249698199288	0.0177397176836593	-0.0137456250739113
0.0140979331812978	-0.00130420595571219	0.00365471752678071	0.00533361196502547	0.0072451274451969	0.00113269931681419
0.0130392594370376	-0.00235459276881459	0.00661263036766558	0.00319587994312619	-0.000596767568758849	-0.00701530380159334
0.0124623773977215	0.000682309259878129	-0.00169681680446307	0.00539334510648096	-0.00494582634993454	-0.0115567323182183
0.0106237502633182	-0.00661153338627191	-0.0203643370260431	-0.0234725942577086	-0.00572855843445241	0.00516265945296752
0.0118054700989928	-0.0110757035393743	-0.0169231141590017	-0.0170745937221859	-0.0266655400772583	0.00184338717570397
0.0130583230374464	-0.00576326576642797	0.00880145167372366	-0.000848895630046125	-0.00604409160320187	0.00613112748316787
0.012985755202633	-0.00551561016313747	0.0104595295738438	0.00119364563910959	-0.00428437638686316	0.00753745858144529
0.0105580181127098	-0.00535274513215427	-0.0172773518481031	0.0124808424066628	0.0201212610778676	0.00737492905440629
0.0115014212869754	-0.000155815137376422	0.0103749792053372	-0.0179142748939544	0.00457639526993207	-0.00702065748055533
0.00947699524786382	-0.0226090363374464	-0.0165332925364945	0.00333790517077065	-0.0317368685675415	-0.0150571290037749
0.0129068903213604	0.0068160238715048	0.00140747580213298	-0.00837614091748019	-0.00551424319695662	-0.00800575544157229
0.0103582723683996	-0.00821258455118106	-0.0452971612774047	0.0448648519638429	0.00896139950533044	0.0405914854425597
0.0118978466703197	-0.0157327618031814	0.00199291099724707	0.000243074772909272	0.0154313991929605	0.00398010184755895
0.0130272800205705	-0.00416273835987962	-0.00599031226122795	-0.00325286925824235	0.00364051620503915	-0.0218999531771709
0.00826318797434589	0.00462046377783801	0.0129676831475042	-0.0283421939152113	-0.000669725912269036	0.0652862295159633
0.0109444883727381	0.0050409155186159	-0.0135280056839849	-0.0088070642609502	-0.00773874901666986	-0.00677987383122765
0.00984303443670215	-0.0105026639995143	-0.0242113130345025	0.00195061828793254	-0.0271626218824999	0.000463711116067673
0.0108617228156898	0.0221693553721474	-0.0157593727871267	-0.0173428950420408	0.0205988989280747	-0.0154201856048031
0.0126494090704093	-0.0027155502705926	0.00728166647477887	-0.00393107187683553	-0.00052799026533133	0.00169129680544724
0.0113744492537758	-0.00718043590174648	0.00567688548472548	-0.0232452374666627	0.0206960767007985	0.0111325562655117
0.0117816794390156	-0.0130548041701651	-0.0057862945395336	-0.0228092417447743	-0.00267347837947989	0.0149030447823241
0.00831491803659503	-0.029988825405452	-0.00586517559676394	-0.00291324370892808	-0.0135090168745716	-0.00204475549206035
0.0123068539213591	-0.00440182402048834	-0.00135398004968466	-0.0156414028575951	0.00975523236714757	-0.00367274819422337
0.0123701466085701	-0.00651002668804994	0.00136818394719352	-0.0146123391990803	0.0156310392750134	-0.00991960968973602
0.011927510275953	-0.00614457866964704	0.00135374190555171	-0.00648561536153995	-0.00636305027748588	0.00593284055191961
0.0117503398882354	-0.0125077096082384	0.0107419223560409	-0.0133919136691126	-0.0161609720074414	-0.0158059519730349
0.0118618484631392	-0.0117450734688105	0.00918557370403522	-0.00859783264507778	-0.0124498416251942	-0.0083841095912992
0.0112409136681735	-0.0127767583798176	-0.0012565920061642	-0.00279908386394808	-0.00404167237756011	0.00258351574049178
0.0111920680437565	-0.0110941784712573	0.011531070379967	-0.0173765294878579	0.0065027930339571	0.0159771569536887
0.0135796142743175	-0.00343141369268636	0.00984339163819543	-0.00115108623615408	0.000143152023557839	0.00156868203453133
0.0125370336597452	-0.00655887924416371	0.0137483594304739	0.00887658889994565	-0.00317020683193966	-0.00487948155790102
0.0112702683286963	0.0114956910623069	-0.00429065182421901	0.00910188706822822	-0.0335359597140694	-0.0137017519671135
0.0141994731668316	0.00355971113094082	-0.00768862280715435	-0.00132360812844684	0.000781259402616967	-0.00596488645339448
0.0132020507248941	0.0193052194324809	-0.0027102621295896	0.00261700439602354	-0.0070912990482479	-0.00960800612309726
0.00883523067233451	-0.047970306597479	-0.0388969974639727	0.0247035776291531	-0.062388961335475	-0.0736059625472279
0.0112109171947101	0.0244165892162783	0.0128613954624243	-0.0193186125571999	-0.00217945205893084	0.00828954647557513
0.0130317487600601	0.0125606262670515	-0.00864555826541601	-0.0195330266472676	0.00473613463003688	0.00371081124633515
0.0138494763126087	-0.00358626287610042	0.00366533604184071	-0.00824913053757865	0.00756575334361974	-0.00704626048405759
0.012081458750898	-0.00541197841051387	0.00167549284057032	-0.00335907767851068	0.0115795595942529	0.00167102625986114
0.0131873453018982	-0.000115536878636324	0.00107600833500723	-0.00233378184021433	-0.0115134759625244	0.00515530505549079
0.0124364457470649	-0.00312554867024499	-0.00346540256881551	0.00201469065227239	0.0034932413650842	0.00537368821867883
0.00907968954403296	-0.0286617052828308	-0.019299447418889	0.00199871761678872	-0.0521509691753016	-0.00827997929027044
0.0128228217848981	-0.00550684982003641	0.0159416466282046	-0.00261313494894554	0.0167949022440825	0.0134437401858476
0.0103118480098677	-0.00950646608906776	0.00526363462334435	-0.0285220705911327	-0.0162819780938694	-0.0029566064695681
0.0127637889434407	-0.00525516588282336	0.00428245526578939	-0.0122411457331315	0.0149444664057168	-0.00945629833341152
0.0125021638570517	0.029872475176739	-0.04971742607739	-0.00946130781968771	0.0138688462847813	-0.00508116752125273
0.0132167495600661	-0.00273868335880968	0.00236999344637426	0.00568068735683918	0.00402417720961246	0.00375825883003624
0.0132309297576505	-0.00210626821201018	0.0131936287763782	0.00464962104327048	-0.0048039737586145	-0.0174224066857724
0.0132275806006047	0.00434286939768001	-0.00430733825984275	-0.0149635497796065	0.00432341544951577	0.00308024759738549
0.010753662187848	-0.00396843835007178	-0.0103104355743129	0.00240913164517549	0.00433074387519011	0.0232779785911082
0.0118633259761984	-0.00565199160624385	0.0121578440837217	0.00361205867587381	-0.000722666750388832	-0.0140495897424814
0.0123740518040398	-0.00742805633330143	0.0135554581662734	-0.0070169947736251	-0.00477726188457927	-0.0170485564937625
0.0118987883757343	-0.0114839609588703	0.00796596774148692	-0.00540379029463801	-0.00707001278784704	-0.0226151586997423
0.00851327819534815	-0.00994470278030367	-0.0164807379031875	-0.0304449462322217	0.0533532905267822	-0.0118989039061871
0.0116294381405457	-0.0053141904749581	0.0035317259512804	0.0103375315844997	-0.0119588385477341	-0.01756342604231
0.010819500630139	-0.0147841616487874	0.00223028778435856	-0.0258663069671095	0.00788382016643752	-0.0116528824013032
0.0142815356985625	-0.00192825886170233	0.00860806998787385	0.0116426083356688	-0.0114717911605804	-0.00122691350385108
0.0122975584117672	-0.00291585085804596	0.0039948496945717	-0.00185095139405834	-0.0123224902771418	-0.00477157186602764
0.0119610849499254	-0.00158865137961715	0.00477833189358349	-0.0117826631988098	-0.00836953558249678	0.000322593580911198
0.0130836137810365	0.0232451150559349	-0.000527909221974498	-0.00735073433577822	0.00358775222158302	-0.00698043553708608
0.0118585089071823	-0.000616937750424075	0.00712891031061596	-0.0180568261376182	-0.006467415020023	-0.0127211722379087
0.0123461313199874	-0.00194999616298901	0.00394085863935708	0.0119811925081166	-0.00153110649677155	0.000905749083091747
0.0123785797420199	-0.0077620269933306	0.00652058383428099	-0.0109363811447414	-0.00241218415087866	0.00328992081891712
0.0126557621999788	0.0266972722429348	0.00299792182370822	-0.0161944437495001	-0.0171604756280645	-0.00801789823349736
0.0118529745135765	-0.00390730942526967	-0.00506188646216297	0.00786015159912835	-0.0063896479554976	0.00422682833635481
0.0130091122671566	-0.00451212007039655	0.000334028175640113	0.00226381755622413	0.00498011506409785	-0.00282434906238642
0.013949838000876	-0.00520323082922774	0.000352043740232651	0.00713724747286413	-0.000834475508034697	0.0097784061153022
0.0148290978925627	-0.000435972474134871	0.0122951144645942	0.0171939041946761	0.00714373104699766	-0.00409897974234464
0.0137391669475173	-0.0185377762352558	0.012283789970279	0.00663814811649369	-0.0034061890317345	-0.00530603801206523
0.0152775855251814	0.00120035626633768	0.0153576942358491	0.00892188443826471	0.010277299287194	0.00210511975101391
0.0131795170526632	4.34578625926733e-06	0.00452687662984609	-0.00779272643009339	0.0125066299931892	0.00454760890115355
0.0122670104104676	-0.00030339086413043	0.00122144019046039	-0.00985280145069706	0.00580805593762124	0.00215776131444742
0.0130234899087536	-0.00184491782043395	-0.00175886280401842	-0.00852886120204835	0.00563942662426522	-0.00437349424298802
0.0129432054279369	-0.00770644764519198	0.00135710241193719	0.0106045215815022	-0.00420615766027779	-0.0060430428875739
0.0120302101511794	-0.0104477661213442	0.0130214474534097	-0.00412193949284217	-0.010672258643513	-0.00341397938053737
0.0105399861212946	-0.00899217416678537	0.00332175159879893	-0.0074390637465642	-0.0149530988519107	-0.0219637764851667
0.0128120525658681	-0.0081203586368708	0.00578106195621693	0.00547615969703856	-0.00262240272664172	-0.00912322561998867
0.0121775116182453	-0.000101132401471253	0.0062360558917531	0.00508047492744546	0.00669510416510893	-0.0183884826898733
0.0121553470861488	0.0126493297599187	-0.00629147764864687	-0.00089902043327241	5.41872682726591e-05	-0.00800740777987089
0.00877740937970824	-0.0059529843717588	-0.0140029280232746	-0.0101446799839294	0.00247826292074285	-0.000336099779237153
0.0119933537780099	0.00893357059027974	0.00635005545205086	-0.0150681148597514	0.00337869783284777	-0.00509544895690647
0.00624934161375376	0.0320248899071982	0.0204618806157576	-0.0662165655683433	-0.0128510546057931	-0.0414494064386254
0.0112411334579363	-0.00743094932683672	0.00497759829721719	-0.00102392943105004	0.0102651394452696	-0.00816339632910484
0.00574304679271472	0.0649246484836744	0.0355956228428661	0.074950127917075	-0.0408844210147564	0.0684530020241543
0.00948394091939088	0.00181968673376116	-0.0051951266471786	-0.00314898618785848	-0.0385617200398715	0.0319538181155273
0.0114859595243446	-0.0042220519828312	-0.00926525163221938	-0.00545289230889964	0.00555706468451146	0.0133418368151842
0.0130130895518574	-0.00179550562473295	0.00187097212467242	8.12104554487223e-05	-0.00377537709739738	-0.000633497885819938
0.0115967722951165	-0.00212396466674104	-0.0133431336606882	-0.0094672801783019	0.0282241457335739	-0.0184948812781894
0.0137890534449082	0.000507689657930678	0.00731701361722472	-0.00631127086255796	0.00313193601579765	-0.0024487534157849
0.0125491744418782	-0.00342021116089913	0.00757138499350337	-0.00799154685446428	-0.00435117022476214	-0.00729851480263905
0.01337392019475	-0.000182715759961953	0.00127531802779496	-0.00949431970140318	-0.00399818864356404	0.00834993343618209
0.0123610253762579	0.00645027838456286	0.00137450904019897	-0.0131536929055001	0.000382787699346358	-0.00929462483745475
0.0141889601593096	0.00902864136908617	-0.0149824680465931	0.01304256274965	0.0123779956751438	-0.00983046715679617
0.0132949915192855	0.000509558041027249	0.00259403853608231	0.00607056858388019	0.00647404694763106	-0.008409384054743
0.0135682849759749	-0.00363480958350101	-0.0065274485992531	0.00723220792406848	0.00665302818631791	-0.00067232072783714
0.0139448870767148	-0.0067885563605527	0.000197401341062058	0.00803657840910319	0.00660597898254592	-0.0145809038095915
0.0139879026441875	-0.00647146886458237	0.000149710551490926	0.0067198679158399	0.00738940561663134	-0.013632260909074
0.00942770914526966	-0.0136350993474672	-0.0036230148531595	0.0172862010434795	-0.00794978711714797	0.0148952111752981
0.0133898126134121	-0.00804603900574575	0.00850838031722214	0.0144499303246959	-0.01390510327831	-0.0101182508575522
0.0123949648424184	-0.00445698368502722	0.0106921246977861	0.0064454678452537	-0.00091450933421898	-0.00971374218398817
0.0123826644544429	-0.00464377936230548	0.0098309649408798	0.00630086549615907	-0.00204422706242392	-0.0111560698753846
0.01102286048803	0.0218764346208925	-0.00478878328351897	-0.0259517681483824	-0.0243000537081261	0.00221791815835647
0.0133566440745022	0.00102225298906149	-0.00449928793368404	-0.00178308051129013	0.00824656091265772	0.0032947025300658
0.012399181194661	-0.00723320129438005	0.0021750800835505	-0.0108935644558045	-0.00871774937108	-0.00253405569020435
0.0121868075516761	-0.0103075937894422	0.00713092436025705	0.0124981434887308	-0.00517355779690349	0.00120119368409354
0.0131136331236325	0.0112444673717075	0.00601841189756887	0.0139109088251226	0.00546408727356991	-0.00753517435880492
0.0116596304275442	0.0265015661560089	0.00636422945287895	-0.0213779080525546	-0.00830145645183903	-0.000382276404786885
0.00787034372635727	-0.0176061534779959	-0.00744356399027386	-0.03694663499093	-0.0127687099757848	0.0368686044801288
0.0101265121785442	-0.00794766501321914	0.00176461783571015	-0.0193155192624019	-0.00115295175684136	0.00730251552301628
0.0121249391450429	-0.00109468671172664	0.00822127887624811	0.00284679656326895	-0.00342051883661337	0.00355098066366923
0.0108325103952906	-0.0169329220332141	0.00259590328556396	-0.0233010124932095	-0.013600634173453	0.00811355035558581
0.0116476379747579	-0.00140256523141221	-0.00167920416189072	-0.0188067721506311	-0.00546772352730547	-0.00420469313448399
0.0119366246413113	-0.00642691508193751	0.00150447501691028	0.00314443984807114	-0.000886431072587534	-0.014234941620921
0.0107852667963844	-0.0175310576049434	0.00665358150426093	-0.00215523620791614	-0.00497137957130813	0.0035772392815596
0.012265473631928	-0.0119064875900019	0.00716185479100451	-0.00728728168861371	0.0052926930242049	-0.00330098712105941
0.0105483858534844	-0.00889143355367238	0.00652699961395563	-0.00866250453973523	-0.0154405441333398	-0.0159328716826639
0.00717182905564671	-0.0108008905065377	-0.0115865189941418	-0.0231296166720559	0.028674598846236	0.037511007320541
0.0115708883445162	0.00291615876895234	0.00460078520352848	-0.00917867039546399	-0.0003340815838297	-0.0106692509588725
0.0129235461426529	0.00401483620558742	0.00414519614816134	-0.00482548271717942	0.00203280187214158	0.00096711963549735
0.0117264952267446	-0.00588991695212529	-0.00747567824446467	-0.00800280344774805	-0.0282964018565108	-4.65518878003767e-05
0.013303499206095	-0.0127815910475312	0.00578405281769674	0.000862113193710723	0.012199129076182	0.00289447330689107
0.0114804659178405	-0.00691980899266147	9.95785356938065e-05	-0.000696020222849449	0.000785629435141353	0.0147082406425989
0.0132256151593283	-0.00458144953930364	0.00785240424479246	-0.0116671945416723	0.00733678462033806	0.00130667623893356
0.00979064193405832	-0.0147329697904269	-0.0070232593369414	0.00701045350417208	-0.0240706935906675	-0.00149583070079717
0.0115017062610449	-0.0126608865773134	0.0079557386169073	-0.00159358492167314	0.00439324199328857	0.00254771316388167
0.013974994541074	0.000583713585071687	0.00880432271436577	0.0157249803553614	-0.00587077396678046	0.0111801896153931
0.0098695339124384	-0.0178925634976529	-0.0120406046887195	-0.0206041139558098	-0.00145710296550036	8.68560147420915e-05
0.0142542076623688	0.0135443876939333	0.00343438851692873	0.0145346566991774	0.000226914758454957	-0.00378791552201912
0.0112193310957896	0.0123774723642129	-0.0100872964598565	-0.00264300019289545	-0.0217321635361221	-0.0141122961039987
0.00849710833155163	0.10705017953968	0.00656055341354603	-0.0252690399976207	-0.0224510963559862	0.0794008029038394
0.0143630568386649	0.0123471168985805	0.0119586851537264	-0.00079280785118037	-0.00249583864498131	0.00140614372239337
0.0122159008213843	-0.0022114374812424	0.000794187837689208	0.00320141387742911	-0.00058228402083257	-0.014345728167944
0.0132402409192336	-0.00640249047667334	0.00791400107306531	-0.00422346103663666	-0.00279960026013374	0.00726751145308449
0.0138093074817924	-0.00976409976889456	0.0125878576071562	0.00486282289771229	-0.00781829032057389	-0.00918161747703599
0.0127540900934611	-0.00128971306008883	-0.000372329414907036	0.00828462059850629	0.00557517187420037	0.0124044874160896
0.0129298537479336	-0.0037509867590648	0.00144699092605619	-0.00636347436325505	0.00305879644505121	0.00147897371049376
0.0119730954650094	0.00383853985343917	-0.000393561627634512	0.00624262078176413	-0.0158953410600133	-0.0167536597680698
0.014197129601304	0.000827133410210871	0.00350636189060795	0.00457492517864532	0.0022067454769563	0.00259283734874755
0.0111999828039847	-0.0038772208699484	0.00382368686795111	-0.0159928730275028	0.0050806696498439	0.0198859784110155
0.01291784547347	-0.0176376128366065	0.00840824359118104	0.00648287515783881	0.0108761863893214	0.00200718490332794
0.0122941694527722	-0.00337737220643549	0.0105768775682703	-0.0168916368604899	-0.00930591085283408	-0.0166141522617964
0.011292956321899	-0.0048851594067009	0.000532676990357532	-0.00299816437594959	-0.00906808230145782	0.00516060922739462
0.011600932391795	-0.00302034435317636	0.00671489968297332	-0.0129931354234552	-0.00486101488444047	0.0185363648613461
0.013223139351206	0.0371834831880387	-0.00669215615566613	-0.0115792555583043	-0.0119975981439465	-0.0126507712435918
0.013392904700112	0.0114533460265982	-0.00604883715559841	-0.00329542835762624	-0.00885622522061484	0.00375214853810712
0.0126815118640914	-0.00766025662765941	-0.00813710002323578	0.00472203000860514	-0.0143946822160712	0.000872140958109053
0.00991340513393689	0.00745417129044578	-0.0137574071626015	-0.00482848345252887	-0.0144140901348797	0.00877024595038328
0.00900733083091712	-0.00208606668291767	0.00206973075705026	0.00538039270626113	-0.0010501793787896	0.00251322721769774
0.00806899495858981	-0.0108194603533487	-0.00552081940282176	-0.0176059500582852	-0.0101781117042729	0.036756041052878
0.0143558039518822	-0.00546651264827161	0.0139898060972926	0.0107368893768433	0.0108508601698204	-0.00125222491169759
0.0143170106087375	-0.0055811690901953	0.0139266607613881	0.0111096330891556	0.0109724597578958	-0.00158126043071185
0.0111858129134721	0.00294115550958635	-0.00473494675619554	0.0090053993150411	0.0049222578169698	0.0144511457731296
0.00586125363045931	-0.0297488265478957	-0.0208209759701977	-0.0201047099401692	0.00738388316191489	0.059269404102206
0.0134238971541556	-0.00852768846467459	-0.00124544065966859	0.00262620683339498	0.00669925629159702	-0.0116049556946627
0.0135768548032882	0.00764913465368776	-0.000873182696611267	0.00669498408369722	-0.00234394381950344	0.00586457372290736
0.0137887728141566	0.000180270615797792	0.00635294137547647	0.0204534413438557	0.00368031845960055	0.00789020960658552
0.0126765198203473	0.00859287655788522	-0.00419791357459068	0.00126137011803651	-0.000954237719480311	-0.000284822001198667
0.0130370908127724	-0.00818567952814393	0.00625741052193692	-0.00117215924089197	-0.00818796680163236	-0.00343548491464813
0.0119763140211777	0.00744796722895119	0.00140154773151161	-0.00647799195740257	-0.0148145366735711	-0.00659455565042433
0.010256176101459	0.00355536122252633	-0.0142481178967349	0.0102475487343004	-0.0328470849043579	-0.00285634203822779
0.0112900877805246	0.00389006220470046	-0.0146359637625148	-0.0123171078621732	-0.0165642328031672	-0.0244983778874061
0.0123830372015538	-0.00220472950180067	0.00476438255020306	-0.0177271327140581	0.00224012679076135	0.00175387526166792
0.0121660455791171	0.00523252249753897	0.0035547795080881	-0.0108929289499253	0.0093605374951002	-0.00828035425333949
0.0143002993776488	-0.00247428690878343	0.0102351345687059	0.00908877550541597	0.00804531920108117	-0.0152612466758897
0.0116778691794948	0.0056044110460956	-0.0276054459404437	0.00934002346435123	0.0130973780080608	-0.0100044259181632
0.0137183277133275	0.000450568796065208	0.00771076964968225	0.0053411639363068	0.000571010481872894	-0.00732462835019514
0.014005255359173	0.00580796580295521	0.00675976130729251	0.00232060201357525	-0.0045508004247585	0.000716296919548211
0.0136602319376937	0.00382952714846	0.00891728296522559	0.00384094772081804	0.00739601595153464	0.00628125763450464
0.0145100455650124	-0.00206255411737799	0.0114262195802719	0.00577077243109805	-0.000594172119448004	-0.00140351229504961
0.0126512266918851	-0.00985488667068992	0.0124682039091114	0.00546380408261988	0.00336241433069597	0.00923718970240732
0.0122591021056117	-0.0125109215983958	0.0109785935319307	-0.0100051483750156	-4.34906866242475e-05	-0.00138563229189115
0.0143680684352126	-0.00163259308801485	0.011676594932826	0.0102619775874916	-0.000291129172335865	-0.00310676353474062
0.00928687594781244	-0.0177312033110911	-0.00673323976841499	-0.0123193948833874	-0.00281818840471833	0.0147037873389533
0.0116882528384381	-0.02071794769261	0.0174421095957802	-0.0132810958435975	0.00592711800475159	-0.00658711471121317
0.0122086609551386	-0.00597623614242117	0.00660161588577515	-0.0098360404879631	0.0032053073520709	-0.0032936600610929
0.0126046439189485	-0.00757236910900789	0.0155824599893934	-0.004657141049552	0.00594544902101194	-0.00935924648098232
0.0128452211724971	-0.00771171743460425	0.0141623725622298	0.00278264731551723	-0.0118733596292115	-0.00338223830496453
0.0127505973401998	-0.00747659086223525	0.0152219961316404	0.00687105355682565	-0.0064736338635585	-0.000668610674440163
0.0153821659524568	-0.0026455538951512	0.0186081176050015	0.016436523260192	0.0105428922064565	0.00753969567139905
0.0155735189563585	-0.00282761598275188	0.0165336462341497	0.015728615792285	0.00932232064288729	0.00524505750551846
0.0118233225565272	-0.0154920496980849	0.00629565286662921	-0.0124565169359583	0.0130836286032116	-0.00299672703298953
0.013589587581107	-0.00467069292277518	0.00965785771173731	0.0113579554898691	-0.000872684970751293	0.00554362034715679
0.0147807063040109	-0.00558663492452486	0.00201058728642497	0.00998943638742358	0.00727521574404541	0.00178994062785458
0.0135611160001805	0.0154505222209062	0.00822869345189875	-0.00593393097676036	0.00267005048206788	0.00279042482663083
0.0124993925126573	-0.0166003581101992	0.00407771334164738	0.00742846564892053	-0.0106995014892859	0.0192690683760591
0.0113349424536224	-0.00470530423085734	-0.00334931484789927	-0.0201050960194149	-0.00499088243773728	0.0124478024558269
0.0118608157070355	0.00127203612987678	-0.018293110565319	-0.00257070527702683	0.00482021531394316	-0.0121984099479255
0.0119219776142395	0.00230707755133319	-0.00691219348415118	-0.00434750510829182	0.00483664547661972	-0.00582641461739383
0.00968080902868362	0.00516261569306416	-0.0219556463442043	-6.46402258619273e-05	0.00302757356144394	-0.0149290786299515
0.0131567119763195	-0.00374809669252261	0.0053631215646205	-0.00130331330956616	0.0113290089900331	0.000793797020810645
0.0113428322528671	-0.00018359850850714	-0.0114362496229457	-0.00608577880187596	0.00260345220915913	0.0096143050641024
0.0089158002266703	-0.0101705986601262	-0.0297436194490302	0.0233782718156252	0.0177874182957641	-0.00685772634994251
0.00539063715085279	0.0107819466175887	-0.0229517385312683	-0.0911394521639962	-0.0708313181774194	0.0273722134497907
0.0130827914058842	0.00942730980439055	-0.00478611862008534	0.0145660712459496	0.00356864118566735	-0.0205408106410464
0.0143336155314324	0.013591430254425	0.00384969376308206	0.00643132544895284	-0.00123923166463347	-0.0106811220879574
0.0110646224310626	0.0260404474619371	-0.00694450365797752	-0.0218858194051612	-0.000390424051278594	0.00291256531831875
0.0127270811428302	-0.00230032723600655	-0.00700558833048434	-0.00396785889601308	-0.0177700599012643	-0.0110132365238926
0.0127929051145731	-0.0215721193713089	-0.0244257356025138	0.0206521442801941	0.0219140498810765	-0.0051681891463077
0.0124783122352909	-0.00714444059081092	0.0143221316886001	0.0141317160024729	-0.00575489161878617	-0.0137822883740984
0.0107240510116562	-0.00111924679993972	-0.00641261695590893	0.00973900558139131	-0.0118665924263038	0.0279823436181057
0.0122671199581643	0.0125699118662791	-0.0153943761183693	-0.00487071289747211	0.000774672814758359	-0.00803471289619903
0.0133341742963751	0.000682508521507459	-0.00206216635011293	-0.00178561492130062	0.00692521814435555	0.00269112649836326
0.0132860141763072	7.72555924829807e-05	-0.00219920763063692	-0.00279507479473217	0.00735424488691211	0.00259028641731466
0.01164640332061	-0.00976812534680283	0.0154936196724959	-0.0182924363834209	-0.00841559932822423	0.0119004029135398
0.0129273679034643	-0.00967592559473574	0.015248483862006	0.00553796073513429	-0.00142153548188824	0.00758681502165585
0.0136381575259573	0.00440373699144427	-0.00426709789944738	0.00227528447488283	0.00204612741767106	-0.00171620764369169
0.012878666103477	-0.00286374591160575	0.00633140902672064	0.00495719365085345	-0.0136667180729393	-0.0049476738227624
0.0107049083662969	-0.000786520928213318	0.00175813655358405	-0.00352795034389388	-0.0112868191537168	-0.00591155577011411
0.0127129755823569	0.00107291663531045	0.00903950332109169	0.00717360726977763	-0.00407007600974554	0.0154490818842672
0.015091596265573	-0.000619260829884905	0.0105153187265667	0.0136165781554269	0.00300994640737079	-0.00170566156767784
0.0143583025256265	0.00072251153850966	0.00823259881666845	0.00381646276637506	0.0060641238209595	0.00495927812446399
0.0131075878921649	0.000515718787869749	0.0105236057667472	0.000456016746829683	-0.00262365020278413	-0.000872716594216535
0.0092311420095852	-0.00441143237817962	-0.0111476627058009	0.0160422439337253	-0.013999714077923	-0.00504639995451677
0.0119089040874698	0.0348011276875998	-0.00395774841782542	-0.0155221870862076	-0.0175852440109331	0.00478159722370551
0.012155017758458	-0.0145543403436603	0.0154417224770885	-0.0174020307391468	0.00356297570982661	-0.0100594847898807
0.0111518113447984	-0.00214586956808099	0.00487305255518547	-0.0101738491337923	0.00176336960408015	-0.00543039721711024
0.0125117436912233	-0.00508147293475272	0.00675895404387663	-0.0158623130848002	0.00162205776980076	-0.00960406045168085
0.011793685216697	0.00125919780134849	0.00473185792030321	-0.00592409251116407	-0.00359344393659968	-0.00667958547036478
0.0133046614264208	-0.00677411232060765	0.00942445310195203	0.0041712081365433	0.000592612530386642	-0.00568176424408217
0.0123295945286294	0.0016336815528487	0.00541045846736724	-0.0122339393505109	-0.00967667318063302	0.0134068521070005
0.0121384311111386	-0.00667405532573043	0.00294446035312984	-0.0133461667673018	-0.00493373405526557	-0.000957796032775076
0.0121680222360227	-9.82497938668506e-05	0.0181830891435953	-0.00331829528401262	0.00132546837031873	0.00640049276432821
0.0145577307294241	0.010027418818626	0.00872778511666433	0.0160398920516297	0.00847125771939469	-0.00171210444344713
0.0126077555819653	-0.0023813342004253	0.000628935794474716	-0.000948992272402843	-0.0105279830739142	0.0167135322567762
0.0143282106193298	-0.00361828333414256	0.011972119311555	0.0186226714448432	-0.000121490189846292	0.0132911650550209
0.0121670201078195	0.00982557742493776	0.00706251624390804	-0.00136734033176305	-0.00491548499532489	-0.00516088432882747
0.0141196568560663	-0.00473090667609311	0.0137393836611593	0.00922022204065126	0.00421645748699108	-0.000419302127430419
0.0116165922780704	-0.00282584056143842	-0.0122268481681016	-0.00499136264535137	-0.000121153326316293	-0.0224642788091222
0.0151479519388041	0.00411689244567165	0.000499944631770114	-0.00173936839857129	0.0145526126692554	0.00479153001012971
0.0152957217440841	0.0222791434658407	-0.000108248358152362	0.00893450542469078	2.47542276216907e-06	0.00386214279022949
0.0133483527012757	0.000349656472068798	-6.60511153757221e-05	-0.00612601570682445	-0.00893762015813587	-0.00631690888338712
0.0105753405567104	-0.0086579803575749	0.000409157446220916	-0.0191231578146487	-0.0107775938901774	0.00677644753143437
0.0118076602177713	0.00319396385593797	0.0107904144659901	-0.00233477969800067	0.00309884770851018	0.00503274128165587
0.0124269830317917	-0.00373006229100564	0.0174580612388978	-0.0118604940879453	-0.00502321398886485	-0.0127677416942958
0.0128514148557077	0.00743736934464253	-0.0138654886757358	0.0103676932142478	-0.00236693564724368	0.0102112834403612
0.0141087307010089	0.00851469434104687	-0.0014935877752668	0.0269605155049037	-0.0156324566996204	-0.0133778170185828
0.0129001571001343	0.0167646237256123	-0.0146400978354788	-0.00659043730131083	0.0101190816052142	-0.00840336666799711
0.0154471912338279	0.00497092079134051	0.0107083445787799	0.00987023379201861	0.00404897018581682	-0.000162391350270449
0.0118985222846481	0.0129809205659266	-0.000480450665092944	-0.00449290520292441	-0.0117389071292381	-0.00801632414270409
0.0119482504615105	0.0112693383471007	0.00625503315514052	-0.00873888124625977	-0.00924364348972743	-0.0113109571303066
0.0132276053811812	-0.000839202310918616	0.00764505261735976	0.00174772879809324	-0.00993941807543008	-0.00676007182206907
0.0131468290689533	-0.00947736905164469	0.0116258921885505	0.00621949521567823	-0.00679916158739788	0.0076306894805101
0.0117024610439922	-0.000300532806350635	0.00528185393586649	9.10659439091492e-05	-0.0119582483498075	-0.0213759428947149
0.0117313382774071	0.0223051293841828	0.0135932766117341	-0.0221428120041954	-0.0132831106973448	0.0136535246890158
0.01394403104588	0.00141239019366128	-0.0101571633555237	0.00773600785115291	0.00860733346399143	-0.00657672057742697
0.00955883608499811	-0.0183497011118138	-0.0218121108899297	0.00475695219460446	-0.0243604011393061	0.00397468754389687
0.0121115236824095	-0.00673385344943527	0.0148249981245457	-0.0202292613351259	-0.00304066039267369	0.00163391796998406
0.011847964834702	-0.0163377393805002	0.0102085682572432	-0.0228979143915192	0.0225791243182255	-0.000480682921383857
0.0108651713369165	-0.0121393366256016	-0.0256788708282738	0.0164512689529381	-0.00631801787552698	-0.00656120106375005
0.0132562788836514	-0.000783342315173877	-0.00423573116250819	-0.00653878963263311	-0.00324253631470414	-0.000278279197700761
0.0125608255574618	-0.00651784211881096	-0.0119499668894356	-0.00725141323520308	0.00329538156336404	0.00302339399131141
0.00899006289707658	-0.0170496546297501	-0.014581229547493	-0.00644684462073638	-0.0106080207395147	0.0192881717373402
0.0122926925458672	-0.00935575772998901	-0.00473965047656975	0.00059228733205488	-0.00694439598920508	-0.014165503121593
0.0119029685011167	-0.00674104376183299	0.00448644371811869	-0.00841504901739349	-9.44931851859163e-05	-0.00819546624943399
0.0134333482165326	0.0134486099243886	-0.00833363038031658	0.00233129542263788	0.0116798761938075	-0.0045009824519188
0.00997923932259802	0.0192321280227455	-0.0147762324946028	-0.0280531815282947	-0.000923171653137536	0.00447749909068568
0.0103288806215508	0.0159290479781317	-0.0110858906704901	-0.0282316541400117	-0.00844527502463052	0.0121231956862756
0.00646382376545965	0.0292290794454046	-0.0865035058538125	0.0100330273139544	0.0638351494306617	0.00188347107757102
0.0130334557279561	0.00904808172520812	0.00237686757149733	-0.0045850213583313	-0.00172200934263417	-0.00612632124533228
0.0140097331285228	-0.00331933273327856	0.00652058461249795	0.00486612687054701	0.00756261174851231	-0.00448063305961384
0.0129399268095658	-0.0172340572700386	0.00444666152347703	-0.00140662040723455	-0.00351244920727957	-0.0011606224067084
0.0141952157609627	-0.00398344597913568	0.00579005231853157	0.00124382786589517	0.00702430071209967	-0.000838018686329911
0.0131637393188269	0.0101036877341993	-0.0032477220753879	-0.00196706607061078	0.00430154043132335	-0.00281097518485214
0.0117949985028791	-0.00053490106188662	0.00791389968040007	0.00486282079682222	-0.00524380352436818	-0.0153087231841667
0.0141164541031773	0.00410017604961863	0.00807552558489392	0.0190848281006061	0.0067661566368458	-0.00606018293930086
0.0115707371237047	-0.00568303115560609	-0.00785796285587669	0.0287664684059046	-0.000228630826558333	0.0169425114587531
0.010894914334761	0.0192236781773374	-0.0149050673632894	0.00243104318798068	-0.00465345496527866	0.0265758088220696
0.00939353642549987	-0.0100306904581775	-0.00670622760926852	-0.0234439596023717	0.00324485822849923	0.0110502716649054
0.0122010060524227	0.00182943510522794	0.00884214449697104	-0.0076616189239475	-0.00306074122619058	0.000526801438964587
0.0122818998208973	0.00132620027013916	0.00780043347648242	-0.00562008203844655	-0.00216510645960737	-0.0040730647415837
0.00686544173876144	-0.0327297279971521	-0.00632965963967475	0.0134140469681707	-0.021643596436902	-0.0529975614944158
0.0075961023522767	0.00668868421559217	0.00896295059996268	0.0343797212132539	0.0252469422257023	-0.0191230535798533
0.0123885405861207	0.00137708333470717	0.00361602967113308	-0.00837213507056336	0.00504366344455653	-0.00553551908649395
0.0140868696251418	0.0134512734028423	0.00235777204959571	0.0339060710759927	0.00771998801384831	-0.0034442608867172
0.0141169307349545	0.0122346735618362	0.00169740742466456	0.0333679138736664	0.00737680525452035	-0.00325335454112683
0.00815228403661705	-0.0146207910830403	-0.0104000797044798	0.0197488609201228	-0.0478567229397627	0.0153113172464656
0.00875737489045803	-0.013450989639215	-0.0177231216577337	0.0155525883946598	-0.00142599559034484	-0.000487086241676108
0.00645660273855238	-0.0285945578969448	-0.0459893923592721	0.0394703175545468	-0.0289721245377165	0.0360488764153289
0.012901169615143	0.0292174093941552	0.00604224568297433	-0.000737130302037047	-0.010468133406026	-0.00674913174468768
0.0122843851497083	0.0270212340868892	0.00209221213131061	-0.00304061108445933	-0.0121739233325475	0.00134918356798162
0.0104636794106907	0.00867498614044961	-0.0106963107759968	-0.00762789316650185	0.00352934817167101	0.0216822137601338
0.0139422189735467	-0.0137161615046238	0.0073566321661351	0.00585536907613597	0.0150353399206139	-0.00121615108779771
0.0129774454454186	-0.000449623854813242	0.00119541582837324	-0.00321696683900802	-0.0103818208988097	-0.00216535882341054
0.0128099987936474	-0.00206811354145606	0.00984654943740254	-0.00525901538213287	-0.0012139770653671	-0.00212715656939509
0.0126614519595132	-0.00244844267133408	-0.00379718108054897	-0.00236558662846836	0.00158607872956674	-0.00623651502040915
0.0102911017061726	-0.0030608590477686	0.0283113660914768	-0.00770402924042356	-0.0409916246057386	0.0134862417245889
0.00855356602922615	-0.00574245971036073	0.00430503887266787	0.00470016684540298	0.00141246280037702	-0.0153865877731008
0.00956999057891264	0.0325202617429148	0.0263794849290827	-0.0187616829624776	-0.0187563139461665	0.00429490650663565
0.0112702491421965	-0.0144388204565696	-0.00703501467425256	0.00887604540508639	-0.0269547450912568	0.0181643294991773
0.0111098437291683	-0.00646971598338174	-0.0063920225319684	0.0174040872632025	-0.0204538403310061	0.016526221011459
0.0124017481265528	-0.00759678698236519	-0.0043847656550676	-0.00370975520145874	-0.0110584544972129	-0.0145842281508519
0.00977726578383154	-0.0112006680302357	-0.0027728342501697	0.000901778772733071	-0.023956973965676	-0.0177567429275148
0.00635563232060073	-0.01821430376524	-0.0232726717235162	-0.00799084004841795	-0.00803287569291918	0.0107455751223
0.0103488999462394	-0.016255700197652	-0.000136361931110271	-0.0199523776773034	-0.00527831769217175	-0.00895524686660386
0.0103754697974423	-0.00874740115376533	-0.0047592476762632	0.00813356147391702	0.00148306574080361	-0.0375526398566508
0.00737499804921205	0.0106143309412279	-0.0256680934852591	0.0100646994995694	-0.0152188926817563	0.0170906747090342
0.00757055140075588	0.0355942149452766	-0.026297301290244	0.0277400649446489	0.0266033315929968	0.0572727024987764
0.0110178936130808	-0.00698443261880138	-0.012384253437254	-0.0251796206554892	-0.00167956864503673	-0.00727135917467185
0.0121267312135502	0.000302239939019739	-0.00977627238819555	0.00918500115653002	0.00689554283962058	0.0010905248565553
0.0137571769410326	-0.000560735761667879	-0.0118843206844988	0.0044528739939364	0.00627219088274763	0.0151121996752668
0.0110048348486031	-0.00248682049604312	-0.00539068479857779	0.0262339073313102	-0.0078884864771196	0.015690277640704
0.0124040011714017	0.000527029890476576	-0.00846512592286259	0.011681761409366	-0.000236596166804123	0.0216830786637212
0.0124040011714017	0.000527029890476576	-0.00846512592286259	0.011681761409366	-0.000236596166804123	0.0216830786637212
0.0123667559323767	0.00125811359104379	-0.00672462421668758	0.0135356244073959	0.00286654552844773	0.0270658598817818
0.0102793084500256	-0.00741077847896187	-0.0173412170327824	-0.0139791093059939	0.0144894265777954	-0.0129174138766766
0.00909210201715385	0.0075504906667668	-0.0174211655977453	0.00765341432364306	-0.0107532350508346	-0.0196120345247832
0.0125688424002213	-0.00435801047773749	-0.0121648065608911	0.0069965809189338	0.0135356955184788	0.00297323855848499
0.0125026445865843	0.00788015633118948	-0.00551035370662093	-0.00449413094129352	0.00587960560391221	0.00330165380873214
0.0123991553962505	-0.00248737360820996	-0.00399987667054603	-0.00315564934187545	0.000731752795807896	-0.00176287418615905
0.013327931183598	0.0077866650136838	-0.0130484246420673	0.0039802666561842	0.002242980973357	-0.00772915995315133
0.0089920146141661	-0.00459641661638276	-0.0199567967341516	0.00277052276049732	0.0102433092227916	0.00412749913877464
0.0141557477074576	0.00099797615488738	-8.28822789445045e-05	0.0095590952081175	-0.00170780051091667	0.00725799200858098
0.0142409514885307	0.00551293128068714	0.000455111052115765	0.00353248188844061	0.000753999414050115	0.00552059946419734
0.0141515426616779	0.00128049164326823	0.000802240984042128	0.00928062358256832	-0.00371400071253772	0.00503489905996533
0.0104314842722646	0.00237509682247766	-0.0179206651566334	-0.00276588380387768	-0.00899602483312561	0.0503401533509268
0.0115677455078432	0.00106209864201705	-0.01309620241105	-0.00798561000556419	0.00580375680226452	-0.0144057803580873
0.0119796536348755	-0.00846502585077644	-0.00891941409370385	0.010236271910993	-0.00901431509709946	-0.0109074526097428
0.0120319776505513	-0.00139123320937125	-0.00090070387488949	-0.00673083613487467	0.00496252236295566	-0.0111376096645921
0.0130159153762395	0.00684472524002281	-0.00712619365854635	0.0158317483312451	0.000954676661799467	-0.00492654388114921
0.0140674956482989	-0.00427312648525103	0.0134047908750249	0.0111527065653425	-0.00451289719537974	-0.00433000124007849
0.0126126104725767	0.0071415963249366	-0.0138074649468878	0.00616565759668863	-0.0098032021365321	0.00325811434114045
0.0135059806290015	0.0115879498237215	-0.00524765368335984	0.0133369413735444	-0.0129102757811489	-0.00424995597747582
0.0155181578945118	0.0118683988859722	0.00329612343160527	0.0154772138029877	0.00274832207221619	-0.00294519226935594
0.00922743529964551	-0.0174997145515249	0.0156855582835536	-0.0114076715832037	-0.00729988092340785	0.0191656944470051
0.0129879867173208	-0.0067293810721353	-0.0037474557807541	-0.012863272099832	-0.0046497753453419	-0.000465963008584294
0.0121178298005203	0.0218174158542496	-0.0125922498195606	-0.012923784461699	-0.00519111036958597	-0.00689048715707527
0.0141619050039308	0.00967624680601854	0.00270427193066467	-0.00254365044360642	0.000896841861906134	-0.00837440924186666
0.0143544407599822	0.0123137114629606	0.00308701101988812	-0.00341947350259756	-0.00229333486608105	-0.00725020876204594
0.0131260092878185	0.00666804644003987	-0.00840310199278935	-0.000954770249612073	0.00146408825366318	-0.00980873992144422
0.0135881936852247	0.00380662078088288	-0.00103209693840835	0.00490153871791231	0.00955562961448573	-0.00375537732900059
0.0136751227882702	-0.00628820298576306	0.00674903719781835	-8.7997822833186e-05	-0.00666272725277108	-0.0128321753110362
0.00820221459368043	-0.00226277108660909	-0.0185280964542306	0.0284845033914656	-0.0089880316378472	0.0121381024967128
0.0123080589763555	0.000931579608743357	0.00778348627099114	-0.000814660589738708	0.004991774062329	0.00796434358578671
0.0126052484029761	-0.00857480663764885	0.00230985872242786	0.00778227388657593	0.00739813032372925	0.00699717663293868
0.0110111412490894	0.00033622323804738	-0.0241622544237583	-0.0251461803953043	0.010106202857382	0.000625582032852225
0.0117350441235528	0.0146814968514193	0.000404736730225551	0.011694851816258	0.0145077121423274	-0.014546739935627
0.0147468109133944	0.0351367638884627	0.000363255296333819	0.00541549039752651	0.0012338446455201	-0.00957243877279959
0.0106062018057655	0.0070430492153988	-0.0103909871757097	-0.0128547294193281	0.0169179293495775	-0.0147603114165989
0.00973789009280525	-0.0100936320711442	-0.0478179950083566	0.0152751090511788	0.0322685377221115	-0.00728955298834415
0.0141261993465107	0.00620586573525784	0.00465933885528489	0.00806228344957025	0.00777693140227582	-0.00406361984152657
0.0129751963236312	0.0161828889535158	-0.0121489886468924	-0.015132038417266	0.00420054335084038	-0.00553163338991646
0.0112133706621391	-0.0237964539852862	-0.00936713606644347	0.00151138274038577	0.00269679016901247	-0.00713679817028187
0.0105231238658271	0.0220194879108517	-0.0450090082366713	-0.0147787949551899	0.014372116303963	-0.00777548228364361
0.0101478260779541	0.00619375601025229	0.00298158631603389	-0.00134675026221817	0.0128009673951435	0.0370162617789501
0.0129627920650532	0.0110190129299514	0.00812974429685866	-0.00532515338532408	-0.0109236456249758	0.0162453094135222
0.0120864892025458	-0.0109124663129363	0.00476525735257394	-0.0122045622248965	-0.00285950351488652	-0.00904167333520723
0.0132900083886889	0.00383522102270843	0.00767283623640588	0.0102719657582408	-0.0153924428296637	-0.0126823699210935
0.00906312187486218	-0.0151209627698176	-0.0178025870757421	0.0109081493503247	-0.0300785259365766	0.0193194159965793
0.0141561966829905	-0.010870899671239	0.00766575097813282	0.00368807012440441	0.00610799647405169	-0.00865616389413127
0.00765905310615652	0.00848302081185556	-0.0273732844462844	0.0171203658296778	-0.0487015673813453	0.041989662906556
0.0114930718513086	-0.00205239261992402	0.00605050148826745	0.0159164284687434	-0.0152927829991501	-0.000489082788530291
0.0141736789117794	0.017545613057792	0.00828841681757139	-0.00506631932223346	-0.00229164694949441	-0.000884078688750211
0.0145887815662112	0.0183280727543409	0.00718210377088328	-0.00187878011125491	-0.00233977816314714	-0.00245067936282253
0.0142370782483825	-0.00314271328954085	0.0063014331517993	-0.00328514797661177	-0.00592994025135356	-0.0181238342719566
0.0112546204934483	-0.000799561527194573	0.00386557121368342	-0.0162788556495327	-0.0019292216910025	0.00946092422374247
0.010281274025434	-0.00788127962616623	-0.00946445930992151	-0.000649634525904027	-0.0105696105235514	0.00455683709458104
0.0133845179719176	0.0124570248645152	0.000342013057157833	-0.00671180890365415	0.00121712867974372	0.00278997209921669
0.0109449157930414	0.00346159999443935	-0.0112905958714485	-0.0153368493192726	0.00991272569121569	0.00747598669184992
0.0147218225763483	0.00584810934249576	0.00552644329216112	0.00893820157114106	0.0109350334709356	-0.00711099479292171
0.0148431358402664	0.00724990161933014	0.00611996123630244	0.00927054569239495	0.0128103684640049	-0.00696594585657103
0.0127396036698656	-0.00269609111590432	-0.00731166278236993	0.00906827413117117	-0.00853542402113444	-0.00847887743101447
0.0130962004217834	-0.00898243290001406	-0.00557471708104278	0.0103704890776401	-0.00223400847087025	-0.00425701375816012
0.00991296527618763	-0.00727415325711219	-0.00908741950811627	-0.00847043465089692	-0.00279974480089215	-0.00275138739226981
0.0122546627276395	0.00723521243145594	0.00263915010621811	-0.00464857693380525	0.00954828987051328	-0.0268458526372742
0.0138043022245302	0.000836068709236616	0.00243805528738201	0.00842806459868005	0.00228171973650506	0.00571435306522225
0.0135420195938503	-0.00220467583362979	0.00690250138335305	-0.0047389401243203	0.0117650541246496	-0.00640424741975574
0.0126917551729264	0.0108286513340514	-0.0174073613284404	0.0141614348688951	-0.00216482027596408	0.0102037560707801
0.0132273005908759	-0.00389082536249285	0.0115483244379113	0.00902952769787779	-0.00699995147122722	0.000786673401542325
0.0120425390228251	0.0177681642592066	0.0081942692470265	-0.00934265468123301	-0.00590800301424788	-0.0142696751925683
0.0140558533380216	0.0104362902892959	-0.00255340154706275	-0.000594872006548866	0.0047932174518856	-0.00142339339795366
0.0134337592801347	0.00506320532511939	-7.1951717877989e-05	-0.00873063267293389	0.00660789867697969	-0.0104475807489759
0.0116743919432086	0.00484112454857727	0.0109579481274148	-0.00929381780933335	0.00415371053385197	-0.00392905412105143
0.00732120652535413	-0.0218062920325486	-0.0594297322103264	0.0165541580786924	-0.0163441220112167	0.0316600869608046
0.0112763814227689	-0.00967574834391291	-0.0203553328568431	-0.0138572800841643	0.0040409034426731	-0.00663491549558013
0.0130810066406889	-0.0019519369618626	0.00310671568598387	-1.97939610255822e-05	0.0036120016064929	0.00999094042188198
0.00986154809848404	-0.015026685338098	-0.00587483425501573	0.000454473260329137	-0.0259138713973034	0.013693513348044
0.0113858388772674	-0.0163449516167493	-0.00283494090297239	0.00549189241819018	-0.0157483218187451	-0.0128169571933946
0.0115336024808076	-0.0102218484160847	0.00275272303597214	-0.0180023154315987	-0.00120597685976793	-0.00167177933076664
0.0140356673258905	-0.00205672104504175	0.00622800711929312	0.0106911513070302	0.000687487393305423	0.00464397624697683
0.00775349587537743	0.00409548615108696	-0.0300269010889779	-0.0199591694753831	-0.00172886683819039	0.00618054899804398
0.00802570857592113	0.0043057910421393	-0.0247443561674196	-0.018653188468099	0.00801756345641133	0.0128832374851379
0.00924845712572344	-0.0158029972791909	0.00782731554960328	0.0113296447351593	-0.00761124959876497	-0.00579073143896952
0.00953572547545864	-0.0151367404754549	-0.0126738612330634	0.018877180917961	0.00787400630337396	0.00163822351505357
0.0113197887234274	-0.0289286940282693	-0.00277809329902789	0.0332632190498588	0.00414869154449355	0.00613825736271039
0.0133482235046716	-0.00175612801979474	-0.00634454771477914	-0.00290309510656635	0.000158510876125994	-0.015280222539636
0.0130709476525509	0.000804385335293969	0.00301724754595409	0.00938597323922016	0.00195111261209252	0.00436418113370126
0.0124390907786614	-0.00542465093773482	0.0156437101771695	-0.0179009522290978	-0.0112830879441664	-0.00869043087858075
0.0115342857198929	-0.00980339219701997	0.00744126627090443	-0.00868391535068089	-0.0123605180474037	0.00244033535077759
0.00946929435649869	-0.0103350401427622	-0.0288235229525078	-0.0195537337062267	0.0241693803716777	0.0265223631096984
0.0110885441839889	-0.00598552777920023	-0.00539067141758015	-0.00970868902659587	-0.00732593935698817	0.0129097391848734
0.0130838498851206	0.00826221670727834	-0.0119932601683598	-0.00588317338975076	-0.000897797441875629	-0.010562793751386
0.0119333402382877	0.0193870483483732	-0.0128212122905684	-0.0149283105344296	-0.00920268018490908	0.00538279235079251
0.00900058994238604	0.00564713438524677	0.00645123414837967	-0.033615991336721	0.00111900808913395	0.012540631820119
0.012938097140773	0.00470638119624532	-0.0105864485439987	-0.00298783254008902	0.00884203711515912	-0.00952094841473612
0.0139609401969999	0.00121371460706344	-0.00131064357536311	0.0142933350892063	-0.00742530752880158	0.00439833034754089
0.0127111410206991	0.00575263587175003	-0.0104230919515211	0.00434038390155435	-0.00715935909316793	-0.00466654602221573
0.0133317414546757	0.0313077537626566	0.00560944050732985	-0.00222759689209757	-0.00912971118485172	-0.00817452036972499
0.0114572894719578	-0.0136668177719552	0.00783941733793054	-0.00942583531890339	0.00386783071456657	-0.00697790311096575
0.0117067696681649	-0.0137723960231985	0.00850873963553244	-0.0116248929712035	-0.000234471669052853	-0.0140525777767138
0.0124183306249322	-0.00894239400822536	-0.000983302143498201	-0.0150879470947486	0.00653358284637892	0.0038796226367761
0.0132657339758329	-0.00457965329688222	0.00129394229145321	0.00406926815939581	-0.00818614452896508	-0.00694125899804294
0.0136190519768187	0.00573067041853848	-0.00580461240250587	-0.0103982421028677	0.00939388116605919	-0.0139828775513445
0.0130347661898494	0.00972220443742442	0.00199000276426399	0.00101126421645014	0.00065200738679313	0.00237550054433979
0.00983815514927744	-0.0141334043873726	-0.021940240402247	0.0010601767352994	0.0207493904868546	0.0402601956111487
0.0134531942851631	-0.0100664162686362	0.00292660148908871	0.0108750571418484	-0.00392107927487525	-0.00654878032729275
0.0118978225722624	-0.00711894575146976	-0.00539503470508527	-0.0113024268721818	0.000905573653469121	-0.0133549770667043
0.0123231204933011	0.00286000151321939	0.0154554789963738	-0.00559542591996606	-0.0187619974844702	-0.00271451541297779
0.0119422969901601	-0.00744000722959539	0.0115228714386136	0.00930618190765903	-0.00920168917765276	0.0115260125797928
0.0129744944881894	-0.0100925048173252	0.00946368872460926	0.0161305116502209	-0.00259514797229479	0.0169812248716678
0.0125924360624256	0.006708059320736	-0.00760375411352862	0.00397207859154822	0.00184583701729579	-0.00263659267244456
0.0149722286310974	0.000210448432626574	0.00987564934553852	0.0138842151774088	0.00649092585177779	-0.0101870270796497
0.0141566457498754	0.00988790113907798	-0.0133265221987747	0.0106496788709105	0.00229860705690319	0.0204661042809957
0.0135326040694801	0.00200051163006637	-0.0182943873336986	0.00593736850460924	0.0170837730486255	-0.0096718143215567
0.0132582628164525	-0.00625608154479351	-0.00368658646701138	0.00547475726816425	0.000661287971149685	-0.00880689613610757
0.0153760085178141	0.00550373379508175	0.0135431535397305	0.0182618925678311	-0.00766797967763733	-0.0044139965510054
0.013076188082259	-0.0116751209038938	0.00915163444170134	0.00509230306476309	-0.00655790939698376	-0.00138458535958696
0.0124973864268091	-0.00177656697966426	0.00480117776116454	-0.00932234588637002	-0.012724055162611	0.00482810144233178
0.0142739720195551	-0.000920603337045441	0.00796435512015549	0.0019533442284706	0.010306120879135	0.00555141975703466
0.014740949737394	0.00512124707140642	-0.00302299396046689	0.0160575767721289	0.00254572827391894	0.000792626812547983
0.0142374833348539	-0.00962138816899648	-0.00232999235494684	0.0119361023402035	0.00187344707837051	-0.0058162420138603
0.0142107919962162	-0.00471105391886563	0.0107855655873947	0.00162292154677885	0.00149831692119795	-0.00698421103069585
0.0129996262118612	-0.00329739017806846	0.00298386632524744	0.00243169624307337	0.00348983085280185	-0.00383330871025921
0.0141938153364088	0.00225970799635272	0.00575675207327252	0.00490478984500061	-0.00196840145166234	-0.00799868032404695
0.0095634199325056	0.0148900524726386	-0.00183506755329888	0.00704187489126219	-0.0159040338009103	0.0310478297517895
0.0126495866797357	-0.00634803319501803	0.0103470450485122	0.00362739921117553	0.0111838152298058	0.00419228970858394
0.0124297698554557	-0.0124715676141455	0.0113220471738082	0.00986729739625161	0.00838184883582718	0.00620817170103294
0.0136145692388346	0.00621419029168547	0.0110178008975373	0.00172227564074339	-0.0119186034109172	-0.00668384831762448
0.0140853191303256	-0.000165170224637206	-0.000218087183844039	0.00815059456465438	0.0156305643558488	-0.000210170478466765
0.0124844523945706	0.00695637755521281	0.00370481526632746	0.0124089794779326	-0.00913746071932013	-0.0046722323088736
0.0131510547101589	0.00111213433883574	0.0157347721046354	0.00225952527134346	-0.00542902747761475	0.0156387347835759
0.0118069479070205	0.00371655053774543	-0.00386310505453141	0.00897243383658967	-0.0190577163363542	8.90583730482368e-05
0.0127735346630114	0.0142926359930399	0.00738580309863794	-0.0107064540892602	-0.0249150886994373	-0.000430655925841597
0.00980426124742778	-0.00778202172908447	0.00159611902079838	-0.0304132004554856	-0.0505323179137133	0.0245264678689103
0.0128415686798364	0.0130923924321897	-0.000961212126885247	0.00581121889739684	-0.00684952151210789	-0.00448450383927822
0.0133668681508225	0.0150241367299802	-0.00422623723822452	0.00761811619442187	0.0105892838422395	-0.00677337459292414
0.0131917716428492	-0.00437788256979149	-0.00243099459363216	0.000187820356781557	-0.001346884617345	0.00488383102592855
0.0130927715158873	-0.00553214521647828	-0.00437548003461151	-0.000871483563150407	0.000763739093378135	0.00680868420942118
0.0154991861470551	0.00782803636716387	0.00845271816459162	0.0130376360015874	0.0035941821867101	0.00349359271898062
0.012349493443861	-0.00281169774529415	0.00715580380553178	0.00190250282712462	0.00151394235102572	0.00145504151176034
0.0110303370373749	-0.00319672062191702	0.00849850508012944	-0.0193949455611854	0.00301966232187466	0.016501486534182
0.0135777316279547	0.010826403549552	-0.00207848635133681	0.0149620449070452	0.00156815228741334	-0.0081102210300268
0.00900760025703948	-0.014921301953213	-0.0132364241875497	-0.0130320239039448	-0.0138757513040553	0.0134828212135421
0.00745954287019022	-0.00967696665498679	-0.0275105926788061	0.00179830824212842	-0.00818704677082568	-0.0779338365775278
0.00809295724172891	0.00781368587787713	-0.0150715126244887	-0.0239060608702117	0.0169724421506083	0.0100683124376156
0.0103585161417667	-0.0384554486124066	-0.00534913117404335	0.0195344115517205	-0.021736125099276	-0.0106094450472789
0.00944620429499775	0.00107125989460089	-0.0116703227190299	-0.0194825682723205	-0.032139645882456	0.0176205750366954
0.012879577908164	-0.00610871017820939	0.00272633381061662	-0.0145898554164818	0.00495017422988684	-0.0103185254340699
0.0141534020114154	0.0052197262873497	0.00799894679572665	0.0129378614428205	0.00849133014855066	0.00395729094669309
0.0124530045477263	-0.0194520776253546	-0.0019869644583327	-0.00771547443186481	-0.00155099777592897	-0.0166639423783045
0.0117600636911929	0.015143543177682	0.00165369509469122	0.000965717513160571	-0.00127072384251917	-0.00187942909895041
0.0124019619157933	-0.0141391849527102	0.00429702777577768	-0.00720996372500738	0.000116385822298386	-0.0201263605813514
0.0120466933411148	0.000608124172507999	0.0147257435462393	-0.0142278093368866	-0.00106413650024416	0.0138432664540413
0.0136135327327401	0.00390990552694516	0.00295903587970808	0.0024949594675031	-0.00463443783839163	-0.0131465596641243
0.00961027278629228	-0.0192834946811265	0.0137399415076514	-0.0109115339348718	0.0176017303375322	0.000960388717053684
0.0115843719889008	-0.0178417260906152	0.0101962815197901	-0.00161157353403143	0.0152299421668742	-0.00310423150540126
0.0111599622296628	-0.00286869819219627	0.016887594995504	-0.00595069738563389	-0.00134151168281276	0.0147230231134676
0.0132969673875836	0.0156986202248468	-0.00390061564698969	-0.00411609174196704	-0.00109474461658341	-0.00945504522452082
0.00988864519708164	-0.0427484405339282	-0.0187173579329166	0.0080538348524032	0.0132039212638507	-0.0280781846564259
0.0123535769315561	0.0139878808747539	-0.0115154558587482	0.00930992795334593	0.0168944713624622	0.00569317635554832
0.0105144840117262	0.00235384485263352	-0.00626633590666283	-0.0121693219376086	0.00644018642530618	0.0228638529354472
0.0143931045381422	0.00311619068237537	0.00624369258860706	0.0121152926413339	0.00486451412665339	0.0004106074691921
0.0125409936827177	-0.00158678492088807	0.00308525292416948	-0.0151980320063407	0.0103680031645896	-0.00673277248801374
0.0104011375852547	-0.00401568369471483	-0.000232242824265677	-0.00364392191989704	0.00195024977493624	-0.000542293114410498
0.0093274614667855	-0.00362535828239614	-0.0165375923388865	0.0245099122941806	0.00991855061327749	-0.0231898589212056
0.0127861700796415	0.00505184115837433	0.00777984104057089	-0.00657952308003771	0.00790857624410787	0.00228403261475838
0.0131734804089071	0.0224047775689645	-0.00177098052144113	0.000458237357090948	-0.00515709607745744	0.0116369120302645
0.012877384145475	-0.00191286961691333	0.00518634276197614	0.00216573766065953	0.00214991083377949	-0.00415761729578069
0.0108952241105826	0.00907328380004979	-0.0233927303862383	-0.0138853936733747	0.00953964030905667	-0.010160518594333
0.0110172329139154	-0.00631486902747328	-0.00149871500397031	-0.0137001484330301	-0.0063588580735207	-0.00914963828768304
0.0119442682988639	-0.00430324406401608	-0.000326775818631158	-0.00439938730222002	0.00500347962795963	-0.00470749597836972
0.0113366702916222	-0.00593403214481891	-0.0299621517635629	-0.0132291976352649	0.0195070351681511	0.00786603449695059
0.0110521241690741	0.000347152245826234	-0.0296235825092822	-0.00784511442956088	0.0114673392198552	0.00206391397351501
0.0115255427028879	-0.0135005468456792	-0.022040990348876	-0.00558317490330277	0.0089303643157428	0.00495262227019186
0.0120566425460949	-0.00950880867165433	-0.00688884354340625	-0.00494592784759842	-0.00561710356051035	-0.00236099753407604
0.0139941179938906	0.0030137601477549	0.00575834942230788	0.0051162419244418	-0.00724924558849734	-0.0217420019969252
0.0134417613589209	0.00215229798024153	0.00507343709559776	0.0091866071261503	-0.0125025275306292	-0.029306029976266
0.011905666942914	0.00516544509981311	-0.020203272736477	0.000360849414651065	-0.00409643795387257	-0.0058523002940413
0.00960729756413688	-0.016756956929432	-0.0182547348041262	-0.0262218172845915	-0.0145669711043525	0.00215102224593776
0.0130774001520507	0.00160284482706794	0.00363081903128949	-0.00299591518283599	-0.00403756204354929	-0.0107809936347551
0.00793837246006486	0.00602406038104217	-0.0567129602485268	0.0175181628429238	0.0303428386838298	0.0459886276687276
0.0112923027472635	-0.0218680862340057	0.00333913559549904	-0.0217958976993106	-0.011347286608357	-0.00580021891320025
0.0115075762783412	-0.0170642269999371	-0.000144231310530804	-0.00593837353838103	0.0144117349403726	0.00610915008610183
0.0148157226560057	0.0141705321958912	-0.000402230927879432	0.00212636188801661	0.00675056472641776	0.00429606190466114
0.00902056246507049	-0.019717242459864	-0.0235048793894398	-0.0153975798582501	-0.0270842814787064	0.00328812836462867
0.0123977733934759	0.0033593958175925	-0.014227932691595	0.0053561090454482	-0.00438723318739414	-0.0134462026684157
0.0102695578627948	-0.000459128047328156	-0.00883467867188358	-0.0189199378474462	-0.0170018147023088	0.0188233364652239
0.0111385597391597	-0.00234831873548995	-0.0250688931507607	0.00418209117709993	-0.0010453693198778	0.00187040179298068
0.00854321819286589	-0.00515695622045579	-0.0466525595926594	-0.0146958850475557	0.0280466791582378	-0.00246420902370994
0.0130755108826768	0.00321594746470315	0.0110522818553608	0.0009455023186967	-0.000423302644174382	0.00471277224965337
0.0136718472363179	-0.00895521077148214	0.0113943131675408	-0.00314050967598476	0.0065489963483296	-0.00677924870268611
0.0136439050099771	-0.00965652700493151	0.0120195854482344	-0.00348955502601009	0.00487849414044853	-0.00686176709257908
0.0100298133933968	0.00218370839681821	0.0122226010915023	-0.0261184730264686	0.000353439633538062	0.000955202159200108
0.0112915661286174	0.0197378907998272	0.00350010258356557	0.00646981757659991	-0.025143531330776	-0.0133469691729882
0.0146798095396828	0.0103380533760493	0.0053209050719887	0.00909369952654978	-0.00964535869535068	-0.00815100800711372
0.0136895674806755	0.00357417304939334	0.0100838226277907	0.0136919805538157	-0.0153721502700249	0.00136470994474504
0.00890425908549972	0.00402666645028901	-0.0141192943557259	0.00876667371844084	-0.0151034470090897	-0.00205787863448719
0.00862941016682992	0.00767199550488672	-0.0220488136494755	0.00909494056294128	-0.00144459185054867	-0.0204117266389367
0.0128693700707252	0.00948184865125634	-0.00336286410164238	-0.00690198706788039	-0.00267315779059323	-0.0124849843564101
0.0122586039914794	-0.00332486914346439	0.00115815707566444	0.00600786868991614	-0.0039455293948978	0.000865228655293446
0.00996006686977334	-0.0104754767896113	-0.0067895492482516	-0.00628437561792111	-0.0181171122042729	0.0120027529433667
0.0117615920886418	0.00367904012871861	-0.00554498209159231	0.00372683015438767	-0.00621178883287219	-0.0208835638909115
0.0148667991185774	0.00552758079071471	0.00685942619442494	0.0216510589088044	0.00598558894923095	0.00520567883531805
0.0143739664419612	0.00253562941261807	-0.00206845536542453	0.0119673661535437	0.00422561303066034	-0.00544396152872478
0.0122453334776464	0.013675868466393	4.3227489367019e-05	0.0261961199783925	0.00745727825260594	0.0249639244923472
0.0115257897807867	-0.00105549411760673	-0.00675606745115191	0.0170761182960881	-0.00724114708083299	-0.0160791201159606
0.0133748670356591	0.00916720245255783	0.00286518692850364	-0.00754685208165863	0.00233708723938878	-0.00487321574071786
0.0130005402754978	0.00705369339159718	0.00241559023221132	-0.0070476811884624	0.00213391914388966	-0.00690606414856975
0.0112545902148009	-0.0149844666607474	-0.0147910664435368	0.0108773075836873	0.00165626281618007	-0.0298269054914064
0.00921888854483571	-0.0535161265923614	-0.0514757295861201	0.0387963619782716	-0.00556364023276495	-0.017166072930332
0.0128136643899884	0.0010638667474639	-0.0077036171122668	-0.00923670422851978	0.00225491451088246	-0.0183222549718491
0.0135859784359935	0.00684453356940348	0.00680196901019442	0.0126764093630692	0.0048736703762462	-0.00508674897895716
0.0133870203075031	-0.00250958380701816	0.00486758221513866	0.00885133668033814	-0.0022813178534585	0.00257080522331449
0.0136418112319865	0.00099103167018526	-0.000598473391906602	0.0235088946621831	-0.00322409505140355	-0.000503358708359467
0.0153517838543523	0.00504353009342805	-0.000592709730390108	0.0186681905842805	0.0105351793233879	-0.0102592638861631
0.0103274519941486	0.0193182557828061	0.0292336402512503	-0.0164058217973241	-0.00725196763304449	-0.0205126635328423
0.0112931979997904	-0.011551642962349	-0.00405516633087282	-0.00696551913407228	-0.0106160178829701	0.00935919831511008
0.0124335112732614	-0.000580581945849584	0.000315739749047807	-0.00886390381645339	-0.0108124950495613	-0.00205129219726008
0.0129353926626201	-0.00907976004683697	0.000863663336041335	-0.000623475192663808	0.00445058922284393	-0.0012700008024195
0.0134128351027894	-0.00735283925856939	-0.00112543289588031	0.00421130022711547	0.00472280344362913	0.00210634000016513
0.0130790587189753	0.0019538426623176	0.000252400744444164	0.000577739735663161	0.000141587616541773	-0.0016330218509334
0.0120615364073854	-0.00257152848590215	-0.0054384306064193	-0.00683181711651301	0.00657543061866523	-0.00227141677816124
0.0109766590172804	-0.0127874333910638	-0.00346097699029453	-0.0209564996032294	-0.00257723183462251	0.00637529135345986
0.0130701232051343	0.00307406004075446	-0.0103694502892237	0.00539525551289598	0.00145217232671242	0.00241148472301154
0.0137019105427738	0.00373140806473342	0.00640025118519214	0.0173405924060492	-0.0026087355012448	-0.00256008204511053
0.00844193873442371	-0.0100001953213938	0.00882329784211674	-0.0356003338302392	-0.0402681417624515	0.00110134728721579
0.013263933400489	-0.00187952975754587	0.00590650803720302	-2.12474287032691e-05	0.00675972896202972	-0.00630940191516423
0.0135894872042333	-0.00104669734517805	0.00666856064634874	0.00119015726428266	0.0102962872370192	-0.00217796460311809
0.0125086648577957	0.0160914946271052	0.0048609382826922	-0.00717676333571413	-0.00591874892441904	-5.8709787482476e-05
0.0110641705052269	-0.0143902014660321	0.00448247870652704	-0.023468984705975	0.0160071880838665	0.0237808712040528
0.0109093817481901	-0.0182771720680378	0.0129015665773624	-0.0234440021928958	0.0141663834421563	0.0130077543209455
0.0133340512687229	0.0100473358353619	0.00374863355632753	-6.94774776433794e-05	0.00724052144647853	-0.00809132375378873
0.0122564760726536	-0.00685727688933981	0.00348457604882479	0.0023978960120891	-0.00641878364073545	-0.0179502622063664
0.0133992218979714	0.00366505163616282	-0.00790169158822717	-0.00615148684134595	0.0070854622841619	0.00562991210768095
0.0133240579820104	0.00222481311520666	0.00762377591734992	-0.00248760418408988	0.0108463192698165	0.00396909824032088
0.0138213186264709	0.00454558679669354	-0.00284466153722791	-0.00335070395200101	0.0104278539909424	0.00373536956929265
0.0112444335526886	-0.00570803089561435	-0.0037553838416142	-0.00746722118362299	-0.00084418448673805	0.0157520884358349
0.0152275638131246	0.000212089478668173	0.00846208139422819	0.013886840091937	4.42615158815062e-05	-0.00414056222234525
0.0145759565917519	-0.00678401738758568	0.013976375418713	-0.00325541359777328	0.00240561827929851	0.00920593012274833
0.0150926649187928	-0.0013094949569664	0.00831532932512519	0.0112798150774969	0.000123976083171074	0.00762307519668185
0.0138713460345922	-0.0116662912371007	0.0116154521813661	0.0145588789550788	0.000151746024092505	0.016251538858069
0.0133747962551822	-0.00257851372494967	0.0019556370729641	-0.00109049371439925	0.00953609201119387	7.07239722222326e-05
0.0130835112872533	0.00156876891461566	0.00727576248947407	-0.00293022293643326	0.00127462232293203	0.00962057680791413
0.00857321904529517	-0.00939606302183382	-0.0113578882900678	-0.0254250272130001	-0.024741046805293	0.0323757695075778
0.0114362942896748	-0.0162524986728682	0.0129959800523902	-0.0228282595522166	-0.0174035117442867	-0.00261408678551014
0.0126131683194264	0.01911379875134	0.00338719218298992	-0.00732193232741375	-0.00848172618239305	-0.000384687350729589
0.0132362891464431	0.0254981975649694	0.00549530459356298	-0.00882765778048812	-0.0112595421683374	-0.00251374615382567
0.0137010528630255	0.00801526173092072	0.00543011961037742	0.0144533445165979	-0.0103844928111303	-0.0101156366380712
0.0126414028735869	0.00388012846915599	-0.00446645574315555	0.00818096311950062	-0.00665794207490488	0.0157397907059696
0.0130613544517734	-0.00083135985045553	-0.00787961067521495	-0.00310682860588357	-0.0137151409509014	0.00316499549213179
0.0114230946948721	0.0105826178596205	-0.0155590824862768	-0.0176178969944905	0.000518177471447795	0.000909167577254798
0.0125124854863574	0.00184317906760752	0.00388918313538427	0.00486521509345866	0.00353390042202555	-0.0155444819100375
0.0125394042107181	-0.0105230335634201	0.011620240794734	-0.0125314638118794	0.010982809700178	-0.000483564073976696
0.0112171679259306	0.00216876222208596	-0.0155652550989105	0.00433590709046514	0.00414081634195012	-0.0198650885125774
0.0131069646972931	0.00234551158589612	-0.00622294453476334	-0.000476829724882018	0.0144030033249637	-0.0108842200962239
0.0109366357213857	-0.00766769584166162	-0.00329038227349411	-0.00866445736191782	0.0106421076207639	0.0168018995037453
0.0129010154704885	-0.0125446744345178	0.010594764119322	-0.0178152438443184	0.00122340016538292	-0.00599056084165926
0.011631195836765	0.0275219441973111	-0.00828112561898045	-0.0111586425361899	0.00902413586709129	0.000499629149566117
0.0116568140656015	0.0254606807216997	-0.00667666058619209	-0.0162868927115548	0.00712118638696713	-0.000474459576236486
0.00868331650647201	0.005509750287269	-0.0137470072804992	-0.0106724579212717	-0.0322452686157349	0.0234334934446564
0.0118709599874221	-0.00219956876475846	0.011895224343119	-0.0131806202416015	-0.0216426455213613	-0.00741176302289959
0.012639212029146	-0.002816699532333	0.00878062129184704	-0.00581113059170834	-0.00515968960544142	0.000379426768816559
0.0127280092259254	-0.0075544569151202	-0.00198357810215054	0.0149790348324057	-0.000352039950399553	-0.00834736537913243
0.0123143849639733	-0.0145196159709781	0.0112070683191263	-0.00716445887659764	0.00448647107152356	-0.000912602281776184
0.0124478171926202	-0.0134542372763495	0.00531008930720262	-0.0101179375858062	0.00792350648130462	-0.000248789181709848
0.0138763247837315	0.00855758254789523	0.00810153074784259	0.0111369550250812	0.00556102279198152	0.00679141454557284
0.0135460131441613	0.00371435461721206	-0.00253726083513821	0.0019996563032665	-0.0101854197240659	0.0121028180790846
0.0132343758232128	0.00762769694251407	-0.00923223987126227	0.0223197058463964	0.00602191693604532	-0.00214159736592902
0.0105821291872498	-3.61721626516162e-05	-0.0203079240158997	0.0268002828174209	-0.00157774540893599	-0.000474550277654473
0.0127860747284935	-0.000154122145056126	-0.0086455226196752	-0.00242960482772073	-0.00713845419316802	0.0017274016101524
0.0135585442234745	0.00724013870505082	0.00902428322806358	-0.00153004985259415	-0.000659017817608436	0.00881536132774747
0.0126961849697338	0.00202971859396094	0.0174855917272202	-0.012567201838891	0.000884522159006419	0.00637608464399853
0.00898140263701622	-0.00750388711068093	-0.0213159308050235	0.0248120423747048	-0.0272011655271348	-0.0310427857490148
0.0128713471955226	0.00579951455094013	-0.0102109251159515	-0.0114152564993789	0.000501053920044771	-0.0068551592545879
0.01032423322211	0.000401502359737547	-0.0175956831342626	-0.00631424966299631	-0.000572951964614024	0.0167987166934151
0.0137097396643526	0.00335419067068298	0.0166131399099303	0.00437420001297792	-0.000604124042655524	0.0104383869778638
0.0160511780808849	0.0158994332899689	-0.00896059514772454	0.0236975420092135	0.000648461038875488	-0.00351268726894388
0.0137630095113436	0.00535496622921384	-0.00743648106269827	0.00665989029031987	-0.000870429039488525	0.00527716832653043
0.016102555050266	0.0169558235507388	-0.00537701358001605	0.0221151099295985	0.00160569258181095	-0.00492073032000477
0.0162490926505771	0.0173244790057937	-0.00622677411573098	0.0236566120912757	0.000842684876331543	-0.00363366208615431
0.0149526340436656	0.00804737664409062	-0.00298009706301868	0.0121310996421982	0.00704907289656826	-0.00894546730180779
0.0118305973465891	0.00277212764511076	-0.01051742414329	-0.00256495134083556	-0.012484394879129	-0.00881697511397928
0.0126493776060831	0.000722872424349793	-0.0048664964711707	-0.0144137690445268	0.00743692241274477	-0.000954572708314647
0.0137413917923428	0.0273513549391752	-0.0136449332088623	-0.00209766189529848	0.0117199430908526	-0.00123444894452339
0.0123905473803328	-0.00402605543800974	0.00178773287430137	0.00664026911701487	-0.0200695731767305	-0.00751862596674485
0.0129542871701165	0.000689101472969845	0.00786071751273606	0.0054575100712057	-0.00325457421151109	-0.00197472094093294
0.0126147478857917	-0.000522372372211186	0.0108843060287705	0.00120663330043305	-0.011183032620933	-0.0123623726500791
0.0124511971239686	-0.00105972571418064	0.00318131020495214	-0.00274586667483696	0.00173786874239773	6.66167443365805e-05
0.013527477255487	0.00349074383674518	-0.013533071332995	-0.000673783805803019	0.00514058105975858	-0.000798361779740805
0.0124581405241684	0.00811285157739359	0.00475464844168103	0.00186605860892306	0.0205242413617568	0.00264775549994996
0.0125669784307017	0.00342874273187923	0.0136365373820678	-0.0024241508698089	-0.00926706978214342	0.00603017712130263
0.0127184663406659	-0.00420891271625802	0.0106273213331132	0.00203031738225392	-0.000408901554747211	-0.0113703901635188
0.0126598988814063	-0.00340419079368934	0.0066335948989728	0.000405842918965717	-0.00192543798401324	-0.0118915139487313
0.0113814438021311	-0.0111504593124006	0.012249567956962	-0.0209618392387412	-0.00563989551149866	0.00397725882577043
0.0137639394755772	0.0145808510211215	-0.00386544996078074	-0.00333200830320157	0.00976598748114988	0.0034614782401993
0.0125529650008993	0.0103821758064324	0.00707789645390623	-0.00130459391741306	-0.0206718517776137	0.0112096667826062
0.0135981240264566	0.00682537695473156	-0.0175528568132757	0.00223917394422341	0.011006668374858	-0.00175398843828379
0.0119615219577837	0.00390606005353575	-0.0059912734764125	-0.00547617517012028	0.0055611010660383	-0.0189992532709914
0.011797527434709	-0.00405548228837081	0.0104260289941927	-0.0058153856870091	-0.0034722684706838	0.00641048149575858
0.0141671405079015	-0.00322641969403853	0.0119758267138893	0.00334257860069626	0.0058289298086461	-0.00727275638874505
0.0140665591518854	-0.00410117043621524	0.00987349848606973	0.00215174425466089	0.00230236211074818	-0.00249709416280738
0.0114163500139246	0.000912485478990605	-0.00739657189847724	-0.00151666926515689	0.0101830129433793	0.00253738382795696
0.011315856426827	-0.00721647023457912	-0.00284725077914116	0.00622720846118288	-0.00739019785730226	0.00189075659405306
0.0110642451055084	-0.0110836774073609	-0.0174060696657494	-0.00269961526332947	-0.0013748278903521	0.00935633373818197
0.0131871960960392	0.0097763632467772	-0.00176067668516428	-0.00712597332868774	0.0173923879226191	-0.00581223777268193
0.00810126190329097	-0.0213157263742061	0.0127445799414924	-0.0220129517144526	-0.0428816668025851	0.0238606752724121
0.0149913263780592	-0.00553873459059206	0.00742349502831346	0.0136386636319357	0.00220334554414886	-0.00681684822397868
0.00827451749972033	-0.00594564965204592	-0.010134677624647	-0.00276064104366308	-0.0126693369082521	0.0286534485157919
0.0123713613278584	0.00130769384387631	0.00320644408163262	-0.00210247502837179	-0.00743708251457502	-0.00756209597901333
0.0122746991462044	0.0031396985256811	0.00403640030879395	-0.000116921561571437	-0.00770361451405474	-0.0102903016634694
0.0111540638723657	-0.0187798923252503	0.0083756699701967	-0.0166822854724053	-0.00892948017267268	-0.0089296104643062
0.0132952183940426	-0.00644633892976156	0.00886064440530752	-0.00702129276252097	0.00535137600513172	0.0040614522801533
0.0132915768420446	0.00393609476536007	0.00475777554920867	-0.00319978483972486	0.00323021746366392	-0.00155290107465484
0.0105763662049758	1.49607314047142e-05	0.00275755781731695	-0.00826390698506922	-0.00831991570588781	-0.00391481577178061
0.0123929074357782	0.00542789361821391	-0.00665179576396614	0.0110825140561779	0.00326123675684291	0.000319397626006159
0.0134121411640688	0.000404884388249867	-0.00363300382549042	0.00574240346331799	-0.00222897860780512	-0.0063285072357617
0.0122087796908889	0.00894832775872037	-0.00882347825234532	0.00691721337598041	-0.00599985959821803	-0.00112089085569868
0.00987551564090286	0.0086484517014826	-0.00961200284184174	-0.0144850501243833	-0.00605263999778894	0.0145712005295489
0.0103531984509907	0.0103888817468133	-0.0087899322253422	0.00894670610850486	0.00782083112387468	0.0375598149882807
0.0109922045430708	-0.00139839408942048	-0.0239482215278994	-0.0202645894221835	0.0132360513396034	-0.00635574021989929
0.011894278225032	0.00504959145352697	-0.0213547467166022	0.000733833782162675	0.015296137852092	-0.000818644201134863
0.0132182071538025	-0.00455590200465686	-0.00543073001750334	0.0226519619635627	0.0126643244751395	0.00923485787515177
0.0119426858517784	-0.00577290756371414	-0.00168490267529303	0.0287988763673388	-0.00571641500919356	0.00628607480492467
0.0104335714643946	-0.000464654536472832	0.00714107709235184	0.0265144730887645	-0.00178303646426337	0.0109397860183
0.014547069125485	0.00144541302743339	-0.00233048040708517	0.0175694558231083	0.00800906490453357	0.0129886583765439
0.0133073981946431	-0.000687037420425946	-0.00684554104634102	0.0101408062999678	-0.00887355429462867	0.0253928546752444
0.011720176034517	0.00576289188383411	-0.0149510424028063	0.00733709917677683	0.00301889899403759	0.00936838995790372
0.0110661085805985	-0.0106402539916848	-0.0248275571067618	-0.00845214966581208	0.0161911092117225	-0.0241637447071864
0.00919129613475667	-0.00305706636622352	0.000126026923834305	0.0178535618243328	-0.000382080559956949	-0.00132011606753069
0.00967505723828219	-0.00672822566335277	-0.00388381796381667	0.00386557203421243	-0.00705346411653925	-0.0255866231768418
0.0110957604543952	-0.00727700098308839	-0.00791216425793152	0.0108423997135399	0.00174862936238191	0.0190397242092944
0.013037272481721	0.0188795933760364	-0.0125626478231356	0.00362607997353458	0.00827845661490755	-0.0104926193185343
0.014538385948322	0.0232819323252682	-0.0131058548649019	0.0144581899668401	0.00411879328256702	-0.00953126424921985
0.0126885282059948	-0.00352830375919471	0.00516650386118666	0.00908994487817338	-0.0189204077253346	0.0134397535271149
0.0114339802577433	-0.00196035262812956	-0.00660197366977048	-0.0149195069473161	0.00169156259170948	0.00576862460413716
0.00975433130636959	-0.0170572792569482	-0.0177639203737149	0.0176182186615024	0.000552139627485803	0.00701878860592327
0.00973429580626358	-0.00992667257423559	-0.00946011746516249	-0.000477061242720659	-0.00502607590665415	0.00143204012791683
0.0123710415058719	0.00176646663408173	-0.0157477656587769	0.00690247077561797	0.00540556578936761	-0.00991292527784873
0.00940031926322515	-0.0119486485457802	-0.0130710308650557	-0.00460721141436213	0.0112869767198533	0.0140231937310252
0.0102171745079055	-0.014701100849389	-0.00671316602943822	0.0042408725102552	-0.0138321941394904	0.00646512599313451
0.0117666089853316	-0.00557595776893269	-0.00285323620532356	-0.0123398697670227	0.00820683604930306	0.00204459565885647
0.0139351903834814	-0.00175965299385084	0.014126986244834	0.00374626738650626	0.00499116117477165	-0.00548546490313105
0.013700135527718	0.00781782689012698	0.0123351625762162	-0.00220797783332133	0.00877117417715295	-0.00473400003230099
0.0117148990479777	0.00040304879502342	0.00965236696296055	-0.0103552748868898	-0.0153866524665002	0.00890780066020424
0.0151606659855767	-0.00197905359817922	0.0112858021433604	0.00604398488857314	0.00485545408818081	0.00581711942521528
0.0146206658895229	-0.00417875063586502	0.0115429595087886	0.00667682661929223	0.00356525145026814	0.00488782248521942
0.014803725816846	-0.00223117028216028	0.0142922100413242	0.00818299654174077	0.00211272954930797	0.000561697834423988
0.0145015927181149	-0.00212787106867349	0.00870186107641236	-0.000899589808383027	0.00453772691732769	0.0105122159243069
0.0142601649568542	0.00590213137236719	0.0075940849631641	-0.00150959750160731	0.0112274852972738	0.00139406495211944
0.00708510357519602	0.000234552280264429	0.01016844981154	-0.0121015222257301	-0.013565794860877	0.0559545245051049
0.00955504102439656	-0.00405644053277061	0.000413366889844452	-0.0143808263455699	0.0161710440573432	0.0135757046572868
0.0152664181925215	-0.00271597340021299	0.00628950506298054	0.0118296264380875	0.00851079890913977	-0.00088237073134475
0.0145614523465623	0.00497498904206513	-0.000325182664821883	0.0120226573685609	0.0170003250834147	0.00792837085520216
0.0129498882512978	-0.00513454854873846	0.00445665425789854	-0.0118269093813136	-0.00861964158264518	0.0175352018857959
0.0122314818474597	0.00946121675909788	0.000915619750861154	0.00784648613034504	-0.00937376973160806	-0.000674523881647377
0.0119186401393028	0.00321684278353436	0.0070782744067721	-0.0101818285467353	-0.00871692707043047	-0.00735820724783098
0.0130018377512983	-0.00103335515427547	0.00362970542976888	0.000264148902289563	-0.00423038307677621	-0.0033825107027365
0.0150568684254562	0.00568696781543286	0.00363868637372221	0.0115877846048026	0.001420112523122	0.00357855997360414
0.0119918935850936	0.000758914306300077	-0.00125796839961866	0.011664130582689	-0.00244357199233083	-0.00275487130788458
0.0142802434835822	0.00908729236514772	0.00296140563304231	0.0110438175051173	0.00456526801405277	-0.00999427456152949
0.0125089558218713	0.0108658796298896	-0.00918362998430367	0.0236498838903289	-0.00280614222351241	-0.0011400530552262
0.0136260339873719	0.00444876415439974	-0.00153520082695707	0.0188583650939198	0.00647184706632073	-0.0043009487199715
0.0127631073956695	-0.00747343346434569	0.0161067082075455	-0.00695972958395957	-0.00239048946026916	-0.0119201244131201
0.0129338822738341	-0.00131092833339253	-0.0027091126659144	-0.00762335516996484	0.00329425486483897	-0.00339069490783329
0.0122945513011019	-0.00710619355229957	0.0188443967988707	0.00543007987332126	-0.0179846517192227	-8.30202749721669e-05
0.012675017905931	0.00733537489712442	0.00166973480852736	-0.0117393795621768	0.0078737047371714	-0.00212990247664541
0.0125305090849592	0.00891471071356926	-0.00847777850592804	-0.00304345861048028	0.0182790022085304	-0.00198475976260478
0.0129177419549479	-0.00974338408225332	-0.00495574290876984	0.0153149889167352	0.00523587466139511	0.00612281355159829
0.0116979111129434	0.0184274010754408	-0.00182361591703932	-0.0119976619031378	-0.0153435468029235	-0.00540265854891907
0.0132044084708818	0.0228659506258436	-0.00120087354257355	0.00269541887020474	0.00981229138946047	0.00170527262919581
0.0115482542835721	-0.0127299255840997	0.00104677315344497	0.00985953055857553	-0.0276793279747385	-0.0061633794301426
0.0111097282447477	0.0218457077363596	-0.0241957459343227	0.00296305759865166	-0.00972026218912958	0.0228425013041602
0.0117299240640521	-0.00383104585596544	-0.00145143733857459	-0.00131067974932265	-0.00670060924974729	0.00606085608532013
0.0100983601070808	-0.00896409529489338	0.000987862949727867	-0.0271614121463985	0.0142065174261269	0.0215630472706736
0.0144203792524493	-0.000334346082933948	-0.00114327322782612	0.0124190820675804	0.0108597550107203	-0.0158339582951152
0.0112837533057398	-0.000695287812924935	-0.0144646392892657	-0.00509339511488789	-0.000296731395651927	0.0119769485881518
0.0128858225289243	0.0115686127854457	-0.0154858518355866	0.00190326864452163	0.00542465053844584	7.08618810790354e-05
0.0132033094687512	-0.0065897681752301	0.0076704567525359	-0.00348695273931729	-0.00091065337285369	-0.0015428591552524
0.00751626531090518	0.0734541423338359	0.00436940705304863	0.000988703891246917	-0.0607786789304936	0.0848060265846592
0.00889533331207455	0.0872893216819385	0.0386745270077199	0.0364180791707871	-0.0425880792430628	0.0538822339113288
0.00924293295035346	0.0668447584310684	0.0453876162457464	0.0200696711320134	-0.039047766857295	0.0439918138018615
0.00961993940944749	-0.0292412411285555	0.0218840704868696	0.0114714964752698	-0.0110828541502156	0.0264259263747897
0.013692114666711	-0.00458194438887915	0.00102723185377934	0.00441034721116119	0.00711588262560293	0.00374404578635289
0.0126302451310421	-0.0138065935975081	-0.000544829247300097	-0.00501335167038074	0.00678436001424871	0.00523963979216625
0.00799611772832446	-0.00874838956979939	-0.0158294066116471	-0.0242733234709403	-0.0102196933521513	0.0184489213040811
0.0107904598607162	-0.0148043868983312	0.00148775374523959	0.0172719695474104	0.0210305962074218	-0.00217190395040765
0.0150368328423721	0.0177616797942629	-0.00496354350571431	0.0152659970046909	0.010643419019276	0.000148292933863272
0.0158652356760413	0.0179036261514125	0.00506372411702444	0.0106558990527812	0.00537742231864821	-0.00365167534847412
0.0141710888021076	0.0052660838737367	-0.00430585233879518	0.0129248831617353	0.00852779742736622	-0.0109897087198453
0.0129880075329956	-5.28480623817286e-05	-0.0113068872893805	0.000802512739178357	0.0128622877502629	-0.0166128109331383
0.0142717821301222	-0.00563565383274855	0.0160780172917977	0.00283163884456994	0.000159408828695421	0.00407690836050613
0.0117947573253101	-0.00780812901621515	0.00600872068936955	-0.0116656263949805	-0.00299634492695325	0.00610157171668398
0.0123622651086935	-0.00878129474118431	0.00306415157098562	-0.000522158315247877	-0.00165902503291825	-0.00529713430013586
0.00907785675619321	-0.0079750059792485	-0.00598574914365579	0.000516864293720619	-0.00794187133292379	0.020824302260476
0.0136272583044778	0.0209105403932392	0.000131517324353005	-0.000526138912580459	0.00693267321711008	-0.00789933139821856
0.0123065541758669	0.0142241628932446	-0.0100405479434912	-0.0107166423549872	-0.0087624532884458	-0.00465567645558697
0.0113282821734365	0.000277913081800725	0.00896064885056008	-0.0128148760133212	-0.00687018957329801	0.0128140600982296
0.0127026461586096	-0.00387039428018627	0.0102723406393625	0.000637981711486615	-0.0197873540166387	-0.0121146101657108
0.0140832800013031	-0.0038033102561498	0.00614662406340772	0.0160029827276815	-0.00110486644736474	0.00449478602395476
0.0141587163835662	-0.00378556901259168	0.00256313903360171	0.0157681170695794	-0.000477316187533885	-0.00538901338692963
0.0116856923501814	-0.000474710200927635	0.00599965961174604	-0.0141339370171728	0.0135923005386605	0.00304347520721856
0.0116072513440106	-0.00258570788547167	0.00847107365854993	-0.0105152589026292	0.00634253047208122	0.00245710913791154
0.0118930101216329	-0.0014942595856592	0.00632460827445516	-0.00738966697847241	0.000900543659594694	-0.0122649417312218
0.0126332271122562	-0.00299975504336097	0.00608957152201945	0.00954984338083328	-0.0118315457952762	-0.010550736793968
0.0134031370644076	0.00673156385664709	-0.000878385768180362	0.00353516455562499	0.0114403697903247	-0.00420468376866539
0.0121219301381425	0.008346605519036	-0.0137085643654269	-0.00126306008741577	-0.00383282680590494	0.00244531877667279
0.0132081071818303	-0.00788965643621322	0.00541952588733351	-0.00559513155747198	-0.00287816854155702	-0.00311714823990913
0.0116826778258609	-0.00860277618978194	-0.00375665027025823	0.000711376976632048	0.0103907705198394	-0.00718694500525626
0.0125004935825335	-0.00751717118930884	-0.00239104559290697	0.00343643949454165	0.00587040469200376	-0.0187923544545137
0.00964817085110705	0.0157647574466926	-0.00814423231353564	-0.0312304690157205	-0.00143715612399693	0.0129091879485315
0.0102278342032955	0.0187820934849923	-0.0168791044145266	-0.0297148503669158	0.00523354674288815	0.0128624976957698
0.0137730207183957	0.0042779609169079	0.000779241605613356	0.0097647814962604	0.00672070130744535	-0.00850691234292551
0.0126027768204305	-0.00239199008114115	0.00560453892046078	0.00604781873827514	0.000872152493379572	0.00778787638100495
0.0131758281763703	-0.0105496577770583	-0.00724361260787193	0.0102704700860129	-0.00440560193556953	0.00310984107759007
0.0119574553376827	-0.00443590666045443	-0.00454208359134258	-0.0104720788105207	-0.00434981176676037	-0.00900802846519991
0.0124628880843134	0.0158488424320865	-0.0123117029211415	0.00922251129167706	-0.00198370840525461	-0.00669380646448531
0.0128546395103868	0.0107851364453974	-0.0114202559239211	0.0151630810714675	0.016882052180185	0.00743866291696172
0.0142958345575829	0.00134286752882702	-0.00328801381465067	0.0139008023098101	0.00208535723922675	-0.00363691623314718
0.0140379204708728	0.00551151138211661	-0.00355826866847431	-0.0035837570272289	0.0144968058690137	-0.00577900173846896
0.0133259744461571	0.00214953035326445	0.0135920295742145	0.0035086621687207	-0.000405488954002004	-0.00713447823004704
0.0101822234156633	0.00203678819082259	-0.0131119922895881	-0.00743501870061604	-0.00797476132466639	-0.000828031819538249
0.00673220210852394	-0.0151784348073718	-0.0123516595070453	-0.0149052194826731	-0.0262657775842822	-0.0143797679221647
0.0101851518109657	-0.0267557579809187	-0.0121339445135671	-0.0091005190821716	-0.0186835012864847	-0.0253154365479781
0.0144737413087984	0.0108741066924732	-0.00319035974214266	0.0128860233650205	0.00701977056483327	-0.0178082172693262
0.010945615846084	-0.011383853303851	-0.0148660077048145	-0.0104888237471169	0.00416488077033186	-0.0122154385218093
0.0135157721576304	0.00997632123193468	-0.0104574351345709	0.00474356671128904	0.0212611198175821	-0.0143272742946385
0.0136712348295187	0.00944124891379352	-0.00761606597053978	0.0148068287540916	0.0113700156245402	-0.000665549788688433
0.0152638713596173	0.00884296035198403	0.000397788932021001	0.0105198333234194	0.0171563792428617	-0.00109055602842796
0.0132449272484722	-0.002958629877214	0.009657516364001	0.00434271476622689	-0.013380337524115	-0.0192243543714163
0.0144524266647456	0.00354094658480806	-0.00248676344762174	0.0043653028824336	0.00420604680740321	0.00604461415636955
0.0125779826053253	-0.00167769115533362	-0.0534814347455924	0.0200684353602207	0.0159117452912713	-0.0132512585019629
0.0112785161820251	0.0108202107080142	-0.0112542905549571	0.00214004836473343	-0.00533552083079489	0.0137470872392673
0.0120953201550974	0.000332869872872987	0.00129905306172125	0.00966267260628921	-0.00485338614985034	-0.0127866325754486
0.0119354441919106	-0.00126792001418529	0.000148647743202964	0.00776829020448736	-0.000939397131604019	-0.0114982654876264
0.012480357306113	0.0130556526000105	-0.0273408821919039	0.025667743789312	-0.0126139968364266	0.00623877533294113
0.0157750174171832	0.00682941622463129	0.00602661676333385	0.0214661303490091	0.00653824447028626	-0.00842269369412953
0.0158340618116324	0.00742320975497457	0.00317945756010097	0.0220085108869126	0.00617745777041427	-0.00849583536164104
0.0132518684360623	-0.00159953191601241	-0.022430680090936	0.0146735533410019	0.00265612135338291	0.00267345294819599
0.0150401357523828	0.01806686563733	0.008348634428189	0.0119897276286851	0.00398107394523103	-0.00450968807941519
0.0122950820917967	0.0126744058386273	-0.0196269587353561	0.0190467141425704	0.00319751208239164	0.023996880168763
0.0148715506109011	-0.000787592880533836	0.0181407971188331	0.019846091762913	0.00408059975380987	0.00517187895998847
0.0152384723314971	0.011217953593202	0.0103944537371427	0.00810410219333005	0.00634626367838306	0.0034979352747313
0.0120881678276408	0.00200638243133957	0.0105120696491461	-0.0128524077018712	-0.0140709796150934	0.00262947131470103
0.0117309153628193	-0.0143225441689853	0.00575638641375755	0.0102392376086692	-0.00355293290908194	-0.0103810019081573
0.01056349423354	-0.0172122940584551	-0.00104630001847397	-0.0329548897358396	0.0106151760225863	0.00615009102148333
0.0117504469270269	-0.00861368490036469	-0.00158538667185925	-0.0130382052407845	0.00028387303681534	0.00795756141650579
0.0118663293949357	-0.00867629975301121	0.00969331457198831	-0.00817589962869957	-0.00640029824976536	0.00518756835196758
0.0125257724537436	-0.00809060778885837	0.00577102468658718	0.000637288902235132	-0.00153407363471518	0.00512296824803465
0.0131705366047599	-0.000329139569149937	0.00752385650421709	-0.00107454044095769	0.00280439323508437	0.00538517650051311
0.012652445392183	9.774526272738e-05	-0.0114285951149487	-0.00901371645570261	0.00307782954397017	-0.00861493897931519
0.0138116724827107	0.00502365553967119	0.00386470052305638	0.00951666933685786	-0.00375321460370815	-0.0127357961883055
0.0144517970714324	0.000959898514182954	0.00303029970998131	0.015812570820877	0.000878479144011891	-0.0109549522768234
0.0140918856913847	-0.00302930583677398	0.00769322527863991	0.0180183267389053	0.0066661631465913	0.0022286698996731
0.0139821108825143	-0.0100860595791471	0.0166178701466323	0.00511305630854532	0.0122816481013277	0.0106432063025984
0.0145441091401275	0.00465131827766924	0.00655413516617073	0.00806714688457445	0.0117591301871889	0.00862010587636972
0.0136795175871166	-0.0127914569979873	0.0147670709535739	0.00822925146641156	0.0137238415460077	0.00493737456507714
0.0129126294181444	-0.00692135725661145	-0.0211908705176728	-0.00470187122554776	0.00196905097619512	-0.0120657364993507
0.0122277452287908	-0.0148641749561315	-0.00727404084970171	-0.000635628718288829	0.00558058132715033	0.00466883519569083
0.00876414037716462	-0.00366025266226436	0.00207032121090346	-0.00671453080235341	-0.0193127056179006	-0.00360817784818351
0.0103542834737944	0.00838595207227983	-0.0126735745371342	-0.00828755487610456	-0.0152777315017079	-0.00987375274384415
0.0089811099080335	-0.0112082826873195	-0.0290664986537588	0.00544485757225897	0.00604035659427475	-0.0252149822230244
0.00795671806607221	-0.0228173123086997	-0.0022408348675613	-0.0224176415384632	-0.016621548129958	-0.0125016859363992
0.0091413155757981	0.00871904276119271	-0.00978509633965666	0.00457700762989891	0.0105905393666294	0.0295405818520545
0.00944677275469495	-0.0153778387073438	-0.0090672301987726	-0.0100421061195465	-0.0155275155690203	0.0224068166738976
0.0107700240892518	0.00041188541229149	0.00335840049562137	0.00958694598141678	0.00214319997497957	0.0138318909230313
0.00868774943136085	-0.00875402586768369	-0.00489039557284352	0.000146531489475445	0.00681081138327556	-0.00524762109545265
0.0106166989480973	-0.0184736168943819	0.000281228738233774	0.00137558760247247	-0.00515245729224535	0.0456672252448163
0.00776322310805467	-0.0212157163201104	-0.0135490091833211	-0.0113518804441973	0.0344838189053559	0.0074027296336577
0.00554389570606811	0.0188387306208382	0.0109500560424285	0.0213160560174417	0.0429262534608324	-0.0210359437716781
0.0118941689484272	-0.00921925500629701	-0.00661788694067761	-0.00309522644430634	0.00575152055591504	0.0091938708986744
0.0112797468083757	0.00784550350935966	-0.00651911491208152	-0.00615329917834439	-0.00305011227633825	0.018777739321047
0.00875752202085237	0.00189328511735009	-0.0129961940419215	-0.029343030531003	0.0254836666500637	0.0322940740237574
0.0131730815449944	0.00102441653044815	0.00627564622348491	0.00145024533361615	-0.0103184841666801	-0.00593305937932288
0.0121242587210707	0.0155784455844161	0.00165888141667633	-0.00987846247420861	-0.000168407151681016	0.00296346314329541
0.0138815646253759	-0.00639685568140124	0.0091814767581143	0.00219436916890831	0.00095597348690424	-0.00232800389608708
0.00809038821900893	-0.00350832209214788	-0.0169912803516783	-0.0219596746787844	-0.0321298842615667	0.0286719508244958
0.012483056168991	-0.00610733575461661	0.0170929851961032	0.0021043583905391	-0.00908999365780786	-0.00764855503617318
0.00726718291303594	-0.0161806640746	0.0068964018442028	0.00234340615693784	0.0285846277355617	-0.00620313449086222
0.0125015014303432	0.00191713747237793	0.007341979782497	0.00439893871105712	-0.000558565174105677	-0.00231975717680939
0.0126023445858398	-0.00106036727346788	0.00392870677424971	-0.00481045978033158	-0.00652496493769255	-0.0214301539127917
0.0113785443215973	0.00141835851565745	-0.00878951766965644	-0.0198726740140691	-0.00418366913008877	0.00271006327210707
0.0140712175142864	0.00435793468470576	0.0132028947468668	0.000584490165952242	0.00738577889191062	-0.000214366960840609
0.0131628993840165	-0.00727391425035982	0.0100267579013149	-0.00523982095223304	-0.00396778867467109	-0.00577253219107548
0.0130663138474185	0.00255224188792835	0.0118875107612083	0.00123988841564728	-0.00381198981039102	-0.0140516090687516
0.0128194790666806	-0.0105339673448944	-0.002455151308555	0.00147209215099948	0.00600253231334552	0.00377028719814882
0.0128172603011178	-0.00339549856834013	0.00318859172845995	-0.00497819518086045	0.00183030281313539	0.00197364107779258
0.0133025792098073	0.00733357320437941	0.00623922854632963	0.00468946502063099	0.00320922114735523	-0.00768721517305202
0.0122733753696433	-0.0110162676929175	-0.00170780840126194	0.0038004452575709	-0.00693036998432063	0.00198009145780621
0.0125382858649611	-0.0104758889044887	-0.000565135318329181	-0.000669975449767423	-0.00443767057578159	0.00507526169640225
0.0137577864891504	-0.0020520129003512	0.0111338615719665	0.00998064268517079	6.12130568368753e-05	0.0074853382186361
0.0146882678119449	0.00943437301404813	-0.00227924745712586	0.0122974245136558	0.000222486029783161	-0.00358997563297935
0.0155458726539228	0.01241155840057	-0.0010254442741252	0.0190859419430366	0.00512047053083316	0.00424351768942518
0.0127876163105684	0.00918085077524867	-0.0116320033098188	-0.0102498086655019	0.00214161436980971	0.00214345172102513
0.0128300768008571	-0.00537321858552129	0.0179446512174159	0.00504278957437394	-0.01121728376255	-0.008962232092862
0.0111796450831279	-0.00405981203243394	0.0152280815103721	-0.0129621012780658	-0.00115736979898718	-0.0211985269428197
0.012642825636626	-0.00618107715464416	0.00918242739550537	-0.00945902686099791	0.00015799608024158	-0.00513569339153504
0.00851632481136548	-0.020813098079875	0.000741517745550003	-0.0308854940389833	0.00284543826083983	0.00661098995880947
0.0103213684450359	-0.0166739044948302	-0.00607749533317034	0.015778948128445	-0.0102565843575007	0.0172487871503253
0.0139564436816853	0.00655579383448721	0.003963647597369	0.0155392805365116	-0.00196644571732759	-0.00603610529606563
0.0126217102303516	-0.0163485092790866	0.0123204093340398	0.00487879335355473	-0.0109352640172914	-0.00156369229822258
0.0120733774950144	-0.00803759397418661	-0.00786218819197424	-0.0162192093427636	-0.00229880739597815	0.00505103102629722
0.0136897344172682	-0.00131313615414459	-0.000378841802175656	0.00423434532323771	0.00507289353833468	0.00294040671537497
0.0144117062700432	0.0156427116709236	-0.0115494784040695	0.00147679584183545	0.0147571266625558	0.00694230930061047
0.0123397527684177	0.000775171001588236	-0.000589191784355118	0.00553501843545187	-0.00772144594942776	-0.0063342399676566
0.011331245975368	-0.000324503486057027	-0.0021832631275798	-0.0305831593029125	-0.00993292006480218	0.00939568012725285
0.0126501111162868	-0.00494215066980466	0.0168759529170873	0.00158122382421815	0.00623138056619725	0.00853897423003145
0.0151449698914289	0.00590591811235132	0.0136615701532441	0.00885757800369861	0.0093345835171953	0.00264168977291329
0.0147586747710457	0.00355962980848552	0.00532305122087831	0.012356962174781	0.00750971825719705	0.00383836335390772
0.0135466929914851	-0.00569314649366882	0.00608209141189547	0.00298782369570409	-0.00157743534879396	0.000684168395594794
0.0141007141406045	-0.00114865423272546	-0.00183838892791555	-0.000469842530253502	0.00210354714552585	-0.00135325226248015
0.0131599718136563	0.000572763106020101	-0.00783220143016885	0.00701272245295304	0.0142440545581811	0.0151622225983673
0.012323655311788	0.00221920774547943	-0.00783087822149894	0.00531284372702083	0.0158090457839569	0.00765009843681388
0.0096745215498034	-0.010651244398791	0.0107960849242307	-0.0342805672090825	0.000318845768709067	0.0199778456212892
0.00884588294325151	0.000232048111806702	-0.0179526618468358	0.00613753962440807	0.00252134406694002	0.00792873865877094
0.0130786048965851	-0.00417742822692609	0.00714634122885276	0.00322651062277441	0.00628628485328413	-0.0306228303669314
0.0122872760091703	-0.00586436524451928	-0.0055939427396867	0.00176865277705043	-0.00326354850163745	-0.00483596694483272
0.0136150046505097	0.00269636915647256	-0.0153573472109227	0.0221264699333254	-0.00324341473076082	-0.0058284547506114
0.011146073496816	-0.00120282167663869	-0.00887632355194434	-0.000741655273593568	-0.00450881404972856	0.00430601419984823
0.012182467165116	-0.00780410713889453	0.000955825572228701	0.0134893678027048	0.0039344851224128	0.0166529953144381
0.0144830778768262	-0.00348093482762481	0.00706633032166312	0.0133903605523944	0.00252871018215419	-0.00763259199759646
0.0123730674456896	-0.00583907587821583	0.00648420954542999	0.000523350459308158	-0.00766357880853997	0.00772301879077334
0.0141999893710708	-0.00605373694328116	0.00197056209606359	0.011837955401921	0.0093895524259636	-0.000218993845799446
0.0125728026505388	-0.0295213515220629	0.00512961622575438	0.0143756032573373	-0.00487865167141689	0.0233970545285252
0.0114721835124223	-0.00453624650561091	-0.00925910334557301	-0.0277024694634808	0.0259279545366804	0.0114847313426419
0.0138387741535333	0.00669212073565118	-0.00289031497235689	0.000184250254964009	0.0157223897738583	0.00202033052610518
0.0128304076675844	0.0122979984367424	-0.00664834875962746	-0.00507395814040686	0.00947068119179804	0.0146404402273484
0.0140714855542202	0.00750433743301664	0.00914809669368287	0.0140846800109457	0.00354922581850661	-0.00456232781100192
0.0142223288498894	0.00833673751483655	-0.00647357032648721	0.0140543230493888	0.00399901831981402	-0.00191981548671093
0.0151702838571289	0.0118682611378522	-0.00804876503434411	0.00985251143847182	0.00940130872421075	0.00377494228605191
0.0150249112059322	0.00499866560657809	0.00499033193894279	0.0148724643189213	0.0059466872877381	-0.00680424035590263
0.0140915156612848	-0.00627365578500249	0.00849976831545952	0.0121512453926055	0.0122213388822531	0.0113581747159717
0.0104016009117233	-0.00689860903152551	-0.0133067927401549	-0.010209021250092	-0.0278593907356434	0.00994053109805972
0.0128456461779673	-0.0023784136326596	0.0103919695105928	-0.00680388321491309	0.00231033460767764	-0.00960999949438865
0.00934564906564004	-0.000373900304887841	0.00345008640715709	-0.0052147435971131	-0.0221506899528951	0.0214654971716146
0.0128960378405298	-0.0115538356742722	0.00913879058338794	-0.0118868992512487	0.00799182620107136	-0.000352847514380944
0.0090679865183545	-0.00141131502761404	-0.0241347187145179	-0.000669150659998067	-0.0231923455235184	0.004238571382664
0.00887699310110945	-0.00968052241023488	-0.0289783355624416	0.0117911912001207	-0.053868867309749	-0.0273850355139459
0.0131860705067794	-0.00936538513463691	0.00716298763131461	0.00660247681766581	0.00832280133354907	-0.000899446336399863
0.0112944927685358	-0.00887294644742956	0.0110936218689298	0.00306971145184718	-0.0161739738791845	-0.0110891600259248
0.010970503989537	-0.0108172601832181	-0.00651446328346553	-0.0128541417292896	-0.0317379227854437	0.0010353208878308
0.00815850332847311	-0.0231019867101126	-0.0598374398870907	0.0106331174276797	-0.0107263376229227	0.0152751257519739
0.0085195905895206	-0.0122285143831442	-0.038345927664558	0.00685015439723576	-0.0215836643805211	0.00245797917018052
0.0105876406117228	-0.0281276685724155	0.004570429359758	-0.00895878563824484	0.00535628992986788	-0.00492246567833883
0.0130958838265516	-4.91186207190668e-05	0.0058440410867845	0.00186948096031735	-0.00139132512078794	-0.000206680321138451
0.012629922329377	-0.00970376715488457	-0.00506085312976003	0.0150939527545498	0.00461758314725718	-0.00926148447138919
0.0142459446526171	0.0105215565727629	0.0171090863646094	0.000291305005127883	-0.00810331911767879	0.00764505908945821
0.00899687354026755	-0.00177827335952541	-0.015665214635629	-0.0156545761970879	-0.00873307101606781	0.00782097363411098
0.00921028823723224	-0.000424891567221197	-0.0291563366625897	0.00946345161008376	-0.0178264513656396	0.00151384011020998
0.00994333025793414	-0.00880125538522237	-0.0128047032567283	-0.00778729125420053	-0.0195417568106928	-0.000796376715928724
0.0109048365643048	-0.0151403205877663	0.0125003413211837	-0.00634233223400928	-0.0101756548214768	0.0107952300446793
0.00958960069135455	-0.0193796857449855	-0.0250019670687639	0.0113772767459722	-0.0286679010946778	0.0117468656435182
0.00869039135298594	-0.0298884847798237	-0.0311178903573484	-0.00859200005857614	0.0143285306073506	-0.015901577730552
0.0098615197833126	-0.0023264341402339	-0.011732425629527	-0.00548657846155402	-0.0208296440952901	-0.0126309654203382
0.0109230151045395	-0.0208860121749047	-0.00964519539378069	-0.00223247691803449	0.0235704141691438	-0.0035744742329894
0.013437605946136	0.00303098942188688	-0.00300571562853289	-0.00443865321964009	0.0138091797938033	-0.00405714437681618
0.0126759755319219	0.00692685509247372	-0.0079112349175042	-0.0046522897038402	-0.00298858233050033	-0.00721573505414805
0.0127747731270552	-0.0117613347033685	0.00755832546648852	-0.00261606543862501	0.0131966536922222	0.00126545306917815
0.015019209377759	0.00121128528495794	0.00923431907970792	0.0111540759179371	0.00660332796272921	0.00519762391455183
0.0118093982783281	0.0328454365866317	0.0012370000128793	-0.00998959908349757	-0.012392551518646	-0.00885729990185119
0.00764397078033445	-0.0141916366431724	-0.00383506121461783	-0.00259664235434201	-0.0279560579667929	-0.000808093691902955
0.0121506346976917	0.0152775535274474	-0.00874643612206872	-0.0108341778640182	0.00419639919686986	-0.00458812081339837
0.00790279032573718	-0.00473198683795044	-0.0138539604633847	-0.00608351272312689	0.0197908760513469	-0.00330020014980473
0.0133263031022121	-0.00342872057478764	-0.00403942079430436	0.0047961564278007	0.00560779182878888	0.00615952039840691
0.0162149800377587	0.0133952132895923	0.00463152180734059	0.0194666518116999	0.00295680791942549	0.000453236218392354
0.0113201131600003	0.00213604797454518	-0.0147464238362077	-0.00886696516326249	0.0186569763011628	0.00759257974824366
0.0128489536711346	-0.000781828598834855	0.00202048126207366	-0.00858253188012929	-0.016599780521246	-0.00783316528008709
0.0135098974694541	0.0147859468365365	-0.0051522763412799	0.00846671130099724	-0.00505918585544061	0.00672655384334388
0.00718830771463206	0.035369281837661	-0.0318040114774665	-0.0162970891391911	-0.0151496998695492	0.0183721656296497
0.0150545323379807	0.00232890786112608	0.005694249827722	0.0148800738196835	0.00913962467502003	-0.00144025520278435
0.0118524996421479	-0.00864709684029583	-0.00410598951000122	-0.0063946608999687	-0.000768647687643858	0.00454103068791288
0.0115373805011104	-0.00813532865574996	-0.000286280378112617	-0.0228055375168023	-0.00914585331900922	0.00169907087479381
0.00776022322859189	0.0189054544884839	-0.0127248344854693	-0.0258705346270755	-0.00339270431477739	-0.00344697591531576
0.00813111701362806	-0.0215869599261289	-0.00980532982249228	0.0206578827526282	-0.0250528311000077	-0.0103266815869728
0.0123516080323865	-0.0109921194782076	0.0166963741763232	-0.00396189147833567	-0.000766899474307074	0.00596938509125475
0.0128602358036862	-0.00131923607948811	-0.00571423117815456	0.00679690972432874	-0.00251671150814996	-0.00540318909837927
0.012780164719898	-0.0100029531802757	0.0137493300687967	0.00603190123404844	0.0122944217133139	0.0163308461053943
0.0132061355615179	-0.00177529889225151	0.0169408072454075	0.0162564864825275	-0.00243232553054147	0.00423134262611933
0.0106027447103812	-0.0160502497276891	-0.00283130021994303	0.00867739370758434	-0.0182430533767663	0.0249171946195407
0.0127265010947539	-0.00285501632429021	0.00790745866866424	0.00846697358897744	-0.00740365184806092	0.00445812682600287
0.0128748814287408	0.00139867042499994	0.0114068389793898	-0.00167349276883972	-0.0132471814414659	0.0113778786842043
0.0129680495940093	0.000572302696191092	0.00544939980313165	0.00976006443740692	-0.00640652364077618	0.00702018179748657
0.0150751286583242	0.0162830462486435	0.00517261225962792	0.0106430200866916	0.0140939759109802	-0.00184958293001833
0.0153249172141769	0.0296540371990252	-0.00587989470681445	-0.0011492883557464	0.00546441752425955	-0.00507931019502785
0.01302446947511	-0.00362536029267236	-0.0135942040523325	0.0152271655693752	0.0105117728024841	-0.00176755439049785
0.0129197839035697	-0.00167736607500921	0.00130601915432727	-0.0071593037931497	0.00710023543131909	-0.00612341288534085
0.0129805903390296	-0.00328354361190731	0.0114488268014304	-0.0204682491385871	-0.0142791329990038	0.00017412964448096
0.0129630278913539	-0.00341899168180202	0.00308850004784109	0.00907482189815031	0.00275128974382872	0.000908649236245338
0.0126035274769561	-0.00645105578931671	0.0119304150477435	-0.00483724796532674	-0.00500528825476832	-0.000873532974609778
0.0117934036841823	-0.023250182777541	0.016284847353852	-0.0089784640573288	-0.023822514297754	0.00537615250833715
0.0128992708477578	-0.00803708013624818	0.000672992165522746	-0.0106455359200828	0.00154279666943761	-0.00257881237286108
0.0121253078283497	-0.0113409795434998	0.0107244321453646	-0.00182416367151813	0.0064915091890862	-0.000943542626529145
0.00763840557808115	-0.0138267993954037	-0.0423622143820806	0.00136997605552604	0.0107145363676398	-0.0167516935043468
0.0132145260685139	-0.00644134111208388	0.00421964116589807	-0.00377480819869968	-0.0046346270270941	-0.00313296240819128
0.0128049367885896	-0.0033511376598329	0.00562597210731195	-0.00125832665731355	0.00333393974730261	-0.00313532159671357
0.0148170190186392	-0.000830232000914894	0.00544709842054527	-0.00548463124166708	0.008881514274707	-0.00899994000491021
0.0136212231879558	-0.000761595103501306	0.0106793741201568	-0.00425681258103709	0.00526330110444517	0.0121220976316643
0.0111688559033885	0.00126260472574814	0.00462728272563956	-0.0202675408283393	-0.0122689628762103	-0.00495814237433278
0.00903556504074217	-0.000336237701658427	-0.0190340699206547	-0.0135005220045162	0.0136069527339563	-0.00244721363383731
0.0125815287231962	-0.0134628895913247	0.00426461624277475	0.00127288019353621	-0.0135315317884262	-0.00380789282857806
0.0129647023072339	-0.000937754900406346	0.00337284780719537	-0.00072027226135682	0.00108406521728665	-0.00436761826058675
0.0134333490893919	-0.00271853852132863	0.00353795818921392	0.00805083174901258	0.00667598906660583	-0.0125545793842043
0.013459146014432	0.00498893887636426	0.0070198890838424	0.0124368853441416	-0.0110435640606381	0.0116394034003372
0.0137175952635133	0.00565757178574431	-0.00841497753344177	0.0116443832458411	0.00592197782913323	-0.00877943450463858
0.01452949167615	0.0144551426902206	-0.0203177393976791	0.00835868267008868	0.0134243529638571	0.0022438206705163
0.0153602530767963	0.0126929225756447	0.00977512184150998	0.0118107775760981	0.00409155589643643	-0.00860146011724261
0.0119455145432093	-0.00074935543596216	0.00854954628330782	-0.0168971252354908	-0.00189730335370988	-0.00185791977404964
0.012175595855588	0.000911172713115849	-0.00107840943163987	0.00949896566467756	0.00265667351564543	-0.00101676156301336
0.0144681828791375	0.0174702711537862	0.00720027300111862	0.0014926937196057	0.00650886823971752	0.00628449374711149
0.0150980004468519	0.000351688586316926	0.00853335855762214	0.00724165529287607	0.0164753538228401	0.00265661512271015
0.0129735722004649	-0.0259494304655464	0.00205357647730807	0.0106700010376112	-0.0132479401972742	0.00708047083934203
0.0129466637143024	0.0379792455213238	0.00754288622901422	-0.00546404505401301	-0.00443518981091701	-0.00240987592943911
0.0112879601886943	0.00348221252098912	0.00670797561495725	-0.0150534363209726	-0.00415108663878206	-9.6825757922147e-07
0.0114519117518167	-0.00424722860578925	-0.00315538895065647	-0.00610590653427964	0.00833894818009936	0.00612680532531013
0.0122443044987088	-0.00381633831736433	-0.0117630199833962	-0.0116788534643011	0.0013952318842825	-0.00665998392737726
0.0114363812379082	-0.0111445832630878	0.00738145544702278	-0.00713370688319549	-0.00045668190502348	0.0111214727529246
0.0126054441077808	-0.0163997854861109	-0.00168564091428971	-0.00780557431560153	0.00276425391319057	-0.0110563124448205
0.0129273667133144	0.00389229570060474	0.00521001830292089	-0.000622289471208928	-0.00327413162169762	-0.00361944363438124
0.0127798766076636	-0.000246403618114106	0.0108183661858229	0.00810951555221081	-0.00723504749002964	-0.00607874137040578
0.0129910666577927	0.000676895543831729	0.00492352661790566	-0.00287221324136652	-0.00151923809811871	0.00759631755508393
0.0139975729450328	0.0196155527222833	-0.000871812395402907	0.0072322668203359	0.00254157166046819	-0.000452952010392591
0.0113104102613904	-0.00737074262251576	-0.00252437530999656	-0.029520615713045	-0.00255653454690282	0.00893086507710285
0.0121272804440443	0.00511676110029506	-0.00246903490641544	0.00574817672740476	-0.00095243016150198	-0.00669070897950841
0.0128181057434277	0.00581152670064474	0.0101501366781018	0.0112028711226219	0.00328124854363711	-0.0149567855093059
0.0141783149751389	0.00105154971389924	0.00852058137084095	0.00721710115943908	-0.000616766198339111	-0.00384659284497936
0.0156198169631193	0.00708624026632533	0.00843131826190402	0.0175875876429225	0.010605179004954	-0.00216621351688203
0.0128381937966057	0.000289996522936915	0.012094172130885	0.00326673516196002	-0.0025950295290341	-0.00801002340102756
0.0121540507134313	0.000837868658066272	0.00641669045916025	0.00836064493586464	-0.00807614532694261	0.00379610895206316
0.00899001177796498	-0.014875543437856	-0.0185779784839739	0.0130625143724662	-0.00965861334789963	-0.023311932822767
0.0131052777498116	-0.00174211969797481	-0.00724690941933249	0.00572313153041729	0.00259715356357582	-0.0208817163817279
0.0130191007210906	-0.0058149811649681	-0.00801049481468577	-0.00774613661948883	0.00773516149793709	-0.0069935579972248
0.0136626478664684	0.00311965696475104	0.00445853401009326	0.00797152614965675	0.00133791372914647	-0.00923515802797203
0.0119167958971331	0.0143291340614693	0.00440213880047445	-0.000937899626381784	-0.0253228441728275	-0.00727059802368568
0.0126497527035151	-0.0015936358774098	0.0192798649618581	-0.015909729457547	0.00351302183331365	0.0105582673159625
0.013154467969315	0.00866697118737874	-0.0166308741092508	-0.00535585154768344	0.00583762757734392	0.00827633423814979
0.00787285131380583	0.036337424229307	-0.029678268548138	0.00884106851265895	-0.0362927610775864	0.0088010899815536
0.0134362141965987	0.0023864623413541	0.0174473935750189	-0.0166685425349257	0.00470491405552333	0.00092975077909895
0.0121290115082426	-0.0119336413420227	0.00902678023054966	-0.0177745289861504	0.00751438592348518	-0.000315428474379036
0.0126488707944342	-0.00245089284166632	0.0120423354256845	0.00460454330652078	-0.00228901496801785	0.0153408937650237
0.0118303805170124	-0.00686187813939586	0.00685198739327516	-0.0037734761757408	-0.0149320966977711	0.00796965107247957
0.0144014961574137	0.00337875695756458	0.00852087945244764	0.0102410081294497	0.00278838354996297	0.00897384955206278
0.012774737623336	0.000803055123011321	0.00942996446768617	-0.00477233224069882	0.0071688338558049	-0.0024578425376731
0.010418661258759	-0.0121638096337229	-0.014285039513453	0.0133844923780225	-0.00300989306446264	0.0276524252399649
0.0117560332623955	-0.00762528797842824	-0.00837585449126051	-0.00469274715962292	-0.0062442840153286	-3.98275593797956e-05
0.0121163772801198	-0.00600009763153565	0.00300874609330343	-0.00300954470242355	-0.0007439253935586	0.0192333316664049
0.0126594110484019	0.00333797524427113	0.0168386120827543	-0.00364413213505473	0.00921280917013464	0.00554412151357597
0.0128401895424954	-0.00171112770784044	0.0106502869363848	0.0012587543687056	-0.0083100045876858	-0.0013920634887579
0.0134196991193616	-0.00747207789327223	-0.000896447770193232	0.000493632766528857	0.00296903388461908	0.00466785277425633
0.0120334508455423	0.00271314625340717	-0.00166540144544617	-0.0157416148066478	0.0214459878841699	-0.00142029947465011
0.0134492149779811	-0.0076083281238	-0.00416601838180556	0.00422907000935703	-0.000583261819318992	-0.00268550437861216
0.00972726526260967	0.00409438484718891	-0.00435164946507086	-0.0198251076510993	-0.00850508366731037	0.0160117964314136
0.0126864882024705	-0.00971141693642494	0.00610487963729023	-0.00801943443626648	0.0150706234672948	0.0103183155899205
0.0135986336709485	-0.00146981423249291	-0.0005800826822261	-0.00280704700017891	0.00858635513857666	-0.00817229241421209
0.0106497119666202	0.0422833645121094	0.0120491906973341	-0.00220995938563502	-0.0287570199660382	-0.0104256050822675
0.0129587332127773	-0.0118827370511878	-0.00274608340622423	0.00219972538519238	0.0127625372953776	-0.00497251453042783
0.0113751857674894	-0.00702554794161496	0.000840988491924111	-0.00728424207687935	-0.0205432349587747	-0.0177381872377789
0.0124749387930292	0.00678049979456268	-0.00760367800570346	-0.00515284898864635	0.00482747650277141	0.00932978604516123
0.0139851833912772	0.00364638025876707	0.00910552475247882	0.0109899925959935	-0.0127819297529806	0.00529308071829076
0.0138957836865632	0.0068474244102893	0.00837917668985801	0.00752761800204167	-0.00457665580961659	0.008638626223547
0.0121751841943241	0.00326894912721051	-0.0107824645108535	0.0103870377517719	-0.00496356598297151	0.0147606100420525
0.0125434205764702	-0.00294991150404469	-0.0109275749381151	-0.0081070787798551	0.00887742168570428	0.00972577647215542
0.0137533624104007	0.00226735108974021	0.00799436648708727	-0.00253197369884542	0.0094980227871177	-0.00463984736511084
0.0144422481756512	-0.000993998086668368	-0.00286931341134348	0.0120509338530519	0.00235307174881548	-0.00125259653661208
0.0143029823003705	0.00127659315079764	0.00420562342408554	0.0154737786560995	-0.000441603432313539	-0.00476620819898674
0.0120589405205899	-0.00390937174350378	-0.00446008229274094	-0.00319183971539706	0.0199219268320114	-0.00877149302856044
0.0121197252504388	-0.00452800085752959	0.0138651112612547	-0.0134930601487623	0.00816384444395172	0.00981350584814053
0.0122164969307881	-0.00317635199433559	0.0113775905283412	-0.0101169555309018	0.00791425805780564	0.0152196229845862
0.0120213003730844	0.010302268975816	0.0018339648299896	-0.00163389986770511	-0.000573335445097261	-0.000294738069054788
0.0121668705311683	0.0197666451920667	-0.0104294672380686	-0.00309026819006965	0.00279353742496717	0.001939506547531
0.0117345153524118	0.00934458331292001	-0.0279723527518106	0.025524013759511	-0.00193606109724149	0.0149535594748615
0.0132881743392795	-0.00480947569621493	0.00766360844481297	0.00495880370821235	0.00271422974700147	-0.0164875610630518
0.0109559683518016	0.00225098831851973	-0.00807273652585685	-0.0250070055818119	0.00575669856516775	0.0124537660728834
0.0120998995599704	-0.0022702398367073	-0.000161105029674966	-0.0115519604490673	-0.00370281526146168	-0.0199529427463491
0.0131344370698572	-0.00811523582224363	0.017021404248568	-0.00130377623650673	0.00559356423112631	-0.000223358217848115
0.0122774285570269	-0.00630168645435184	0.00685311795314132	0.00173027595985904	-0.00611238416426688	-0.00330598337582375
0.0124385077783983	0.00424587114483294	0.00500647242197014	0.00285277434356289	0.0078591779539145	-0.0120897142761094
0.0134098595394168	-0.00179553727115771	0.0122914627762748	-0.00922280131342694	0.00475148413199825	-0.00407024546628125
0.0117469095240039	-0.0069940982713983	-0.00408768697028253	-0.00531743996501535	0.00869083988888915	0.000151424153483106
0.011603847780857	-0.00707147013707878	0.00605344858165667	-0.0158424280526792	0.000867527956128412	0.00332143153250657
0.0114927669846589	-0.00624610622756236	0.00368480725001878	-0.0162901437740818	0.00541328132605367	0.0180929356436186
0.0107043727732675	-0.0196194561951609	-0.00223494715684305	-0.00836237477028444	-0.0094595018467149	-0.00852285346180836
0.0111712524769199	-0.0143837226969759	-0.00450554127137494	-0.00459393957506516	-0.0127843817018848	-0.00784448498537775
0.0126982266280361	0.00894863825000268	-0.00100183455095392	-0.00387387900059818	-0.0033806329511475	-0.00159708465054165
0.0122867096098146	0.00602622280730857	0.00603989520803319	-0.00159396230929327	0.0073578656676152	0.000584170909549828
0.013203858329002	-0.0124547976521946	0.00682603539241521	-0.00516017473699371	0.00244865452107269	-0.000221361903931205
0.0131669020481776	-0.0116795212734987	0.00769302040984011	0.00750650980116138	-0.0156579169511647	-0.00930224569611244
0.0126160046419389	0.00596760459553465	0.00998777930763062	-0.00874314176908775	-0.000233229211860186	0.000770952720490803
0.0128945555995971	0.00467087093825656	-0.0043197179078812	-0.00429553540387792	-0.00456883765103212	0.00164363470844502
0.0147369023632272	0.0119559760531887	0.00150002200461952	0.0120112600831226	0.00410763268842806	-0.00510496971181196
0.010736192820895	-0.0184419411331317	-0.014975229675588	-0.00812052107846198	0.015636647275786	0.00698691941800343
0.0123834043994068	-0.00333496940132743	0.00120363469951311	-0.00684529329506993	-0.000478699792692678	0.00261534446928105
0.0122154702229237	-0.00573230935889245	0.00406917844805001	-0.0102033546397836	-0.00256886180387535	0.00364071917063629
0.0123442403712291	-0.0032448855986813	0.000392767188285264	-0.00642422414502321	-0.00180381331689014	0.00485807551412633
0.0137930014166514	0.00805424157648969	-0.000635211840252328	0.00860979774342756	0.0033506504838806	-0.00862202473442796
0.0102190032416415	-0.0259436441444687	0.00236118098709759	-0.0183979046073956	-0.022313098968084	0.00407883769018339
0.0125302374384296	-0.0049181915236009	0.00032568999160232	0.0142241814682364	-0.0145501047738367	-0.00841325977705322
0.0133239967745551	-0.00764455990969882	0.011252121114496	0.00744871263512569	-0.00715260938337692	-0.00759905575118226
0.013790703616971	0.00570749340198667	0.00851989302425086	0.0164913269831209	0.000312660629330264	-0.0106658240830934
0.0147681772370808	-0.00284329706264434	0.00675699057568061	0.0115711702494251	0.0122623841403581	0.00289840763909451
0.00804489559096442	0.024407543896353	-0.0164563996525636	-0.01240456526006	-0.0548769450926031	0.0071315020849474
0.00705933181936166	-0.0395290400544154	-0.0408880802994542	0.00157842654604627	-0.0084261409739068	-0.016714033503392
0.011092262367442	0.0153887379312857	-0.00819713024084743	-0.022823994891729	-0.0146963574303636	0.00949907754039831
0.0134159768333654	-0.0012654461315597	-0.00507561712963904	-0.00666678516767765	0.0128956287840306	-0.00293994494611945
0.0126999072824075	0.00760159481630963	-0.00283952807896166	-0.0127680916124833	-0.00941457404758836	-0.0127080395713629
0.0110981876043028	0.0146767918916948	0.0132974609849922	-0.00852842423508148	-0.00137269920823796	-0.018320210079543
0.0109493615566583	0.00237246590724445	-0.0042146870343028	-0.00787961395501718	-0.00214897213160391	-0.00450617617590452
0.0122992204141078	0.00667852001629548	0.00172245491594295	-0.0124869858345958	0.00419101328105192	0.0131749557396723
0.0141932381935798	0.00170301916765841	0.00935926147111743	-0.000276779202487939	0.000579487639647805	0.00467787637916641
0.015134131616303	-0.00271556779013007	0.00847453223293736	0.000579104217482766	0.00974135150000026	0.00217168285256722
0.0147545036062717	-0.00583891147465446	0.011580487684576	0.00088103706263219	0.00802010639890898	0.00264104785089356
0.0162057285360481	0.00481687363894104	0.0114401176521298	0.0240623203315683	0.0113422869753828	0.000628654417222907
0.0153431596177217	0.0015576064688441	0.00482704442054186	0.0165878596942876	0.00605269289992896	-0.00409116485849071
0.0117338472631124	-0.0147312009449681	-0.00368544496129944	0.0013618117566255	0.00650562848571984	0.00999230404257307
0.0122480923559151	-0.00466641080031779	0.00803516933816209	-0.00570276135218001	-0.000923328226518641	-0.00629774872431132
0.01407280080213	0.00700695652539046	0.00679652325496812	0.00772746283765213	0.00706567751031164	0.00130642468898099
0.0137959990556187	0.000880990913085403	0.0136333523477567	-0.00177939651371348	-0.000946621053799522	0.000849731872013023
0.0141047517061728	0.00391490171306529	0.0181437634604302	0.001052327672754	-0.00284085535533517	0.00421130886200379
0.012773271622826	0.0057707012871944	-0.00385537651400172	-0.00710929583317796	-0.00286161943174741	-0.0163496862233093
0.00933775048587436	-0.00238657748902224	-0.0109608457975425	0.0100500452454681	-0.000169239135445987	-0.00242417366795756
0.00986000567969219	-0.00133184245413326	0.0108258731795577	-0.00312372329494844	0.00369868482397105	-0.00406894216824136
0.0127823967505685	0.00725198007211283	-0.00441781953439102	0.000743184529233195	0.000192511808633626	0.00346395289285263
0.0141084784053742	-0.000928374637815052	0.00489336822585185	0.00673988014265183	0.00386700530910975	-0.0120876784933987
0.01315463340523	0.0232368123879098	-0.0296204442217203	-8.42756756597209e-05	0.0202728381403369	-0.000668683662878389
0.0137132207265243	-0.00566217101666624	0.00954584919833463	-0.000116323427297681	0.00459120632154427	0.00727455375628079
0.0118419473866251	-0.0214457689650117	0.00133023101523118	-0.000749010958847159	0.00677587867187734	-0.00473747392753201
0.0129872966291092	0.0106159543317019	-0.00988654308333708	-0.00870603741364667	0.0110105336589807	-0.0179493309139595
0.0116578119795678	0.0179613414576007	-0.0266564197347335	0.00421800041380774	0.0113581783516688	0.00504676771227632
0.00626332998455536	-0.0511420576480806	-0.0495539476421261	-0.0481505051657442	0.0507484590944119	0.0135675835592895
0.00456821527834624	-0.058001836132514	-0.0582845447223636	0.0573207120595396	-0.0168192486669409	0.000830691785833891
0.00934775777399717	-0.0272219601696889	-0.00152874222213896	-0.0195288643015191	-0.0254849359829086	0.00390436289921751
0.00938059076019647	-0.0284998276498076	-0.00263741130106097	-0.0206859405081599	-0.0252672941238383	0.00295602784093194
0.010680133774324	-0.015597403386605	-0.0195506433347798	-0.00550019494439922	-0.0050439206130418	-0.00999876355049307
0.0118219755865333	-0.0116332432617758	0.00246496184196581	-0.0149206593633894	0.00859034756742236	0.00424127579868471
0.0137925630556252	-0.00197122057120764	0.00858264262946168	0.000840723081460901	0.00112638636247954	0.00630892369352117
0.0125698428649852	-0.00126612737905992	0.00132829471988302	-0.00708142886327148	-0.00553339331417037	0.00708665004844315
0.00839044363031845	-0.0117323611758656	0.00286095198450487	-0.01618811788497	-0.0347898983166915	0.0129421279267361
0.0126033910842864	0.00413727097650427	0.00593074112263618	-0.0109304529531605	-0.00299859038374851	0.00405082058395122
0.0137008956489318	0.00424510121867311	0.0102655785516986	0.0143357273874142	0.00183268379043833	-0.014953390024623
0.011673141125401	0.000926215989281833	0.0101961567995286	-0.00185496446996038	-0.0181099265267915	-0.025204210074246
0.0111602486604656	-0.00229386039756326	-0.00575930340128309	-0.0320472722653296	0.0100259776156882	-0.00526698476496135
0.0130710017201322	-0.00236094904477443	0.00822917360807553	-0.00686859941688074	0.0108867630183209	-0.00374992478948727
0.0131448002458317	-0.000537149974784953	-0.00112600745982036	-0.00181954542488241	0.00529701684790208	0.00979735060998765
0.0131197196896652	0.000522378287021103	-0.00717673485108765	0.00298706272173176	-0.00986055776943789	0.00552153356577631
0.0132087049404438	-0.0147356384820223	0.00183699866819076	0.00317312422704418	0.00232076659024357	-0.0141434712562008
0.0140317755671289	0.00973939674415568	-0.000886137091354946	0.00571973079819953	-0.00119139738406248	-0.0110876510924569
0.0136746087737736	-0.00229561565137653	0.00375606454031817	-4.50884674710006e-05	-0.00213161859678267	-0.00122571770132618
0.0129552985619431	0.000168863671845907	-0.00680073434214749	0.00918753738148518	-0.00715966618171102	0.000886862655215282
0.0137740832636734	0.00776715118221674	-0.00417508353652497	0.00465042387990962	0.00524337276264142	-0.0104741681953923
0.0127549915938054	-0.00108679878440725	0.00595449402585622	-0.0147980307762062	0.00360401958358953	0.00139388420978384
0.0123464029495707	0.0112515762116413	-0.0126562572616091	0.00699105716762979	0.0068856252667451	-0.0251455531479481
0.0118058631206373	-0.00829482734231406	-0.00172009580380945	-0.00689511554191749	-0.000722125885434482	0.00993411153362975
0.0120166777959915	-0.00128557872973222	0.000769129097778558	-0.0124005428828027	-0.000914302272603103	0.0178458080110122
0.0109161750641219	0.00136553458525719	-0.0277733276124799	0.00608759819586591	-0.00670797861096153	-0.0150584884651527
0.0116917499911029	0.00226898063878962	-0.0161385730782316	-0.00264850728034722	-0.00704925912207978	0.00195752921988626
0.0128653603169454	-0.0198184157573019	0.00766141207868897	0.00167812056073244	-0.0177003278324237	-0.00739569390170918
0.0128194811518372	-5.69106120726515e-05	0.0030805413053998	-0.0119632798551096	0.0120683824232746	-0.000979515214161897
0.0137430977277067	0.00998413388510379	-0.00695360765996201	0.0100522163235264	-0.00885915283672469	0.00936329845312843
0.0151570004737741	0.00171032216429266	-0.0130193407276499	0.0159480475113397	0.00486568529658905	-0.006279460068592
0.0146279502256188	0.00199181651702724	-0.0124202618883375	0.0123084993325887	0.00714951950828013	-0.00153058798157747
0.012793953150001	-0.00558265193609769	-0.00123827431331427	0.00291825237302077	0.00735389399728341	0.000696318467991954
0.0118939540513366	-0.00855291143952469	0.00915132331118159	-0.000192509598630166	-0.0122715967484652	-0.00424046120612221
0.0113830197283125	-0.00541671602170943	0.0102656864663522	-0.0151879853069154	-0.0210346184692038	-0.00424367211085524
0.012091472348884	-0.0092757897614702	-0.000664263102605831	-0.0282818968456597	0.00580026302091581	-0.0076552973875361
0.0130890779479281	-0.00643130049050855	0.00647703857701611	0.003322367211361	0.000310478404926894	-0.00746713951536131
0.0136266607205444	0.00270978832893084	0.00332484909035883	0.0101304299587795	0.0117340613113455	-0.00398635819408458
0.012242981373904	-0.00958973442593703	0.00960048510103882	-0.00672394143971714	-0.0041952513402588	-4.31004496595865e-05
0.013114334674473	-0.00976779279665926	0.00620858797619695	3.84238854138526e-06	0.00633885785930751	-0.00540499022560555
0.0132561496541497	0.00561424162312175	-0.0122187226729969	0.0172518995487679	-0.0024903631994391	0.00538343420421357
0.0136581511081723	0.00798420589060851	-0.00273250793648898	0.00165880908309691	0.000678181480496841	-0.00304814020635927
0.0131046212407174	-0.0107649779771461	0.00575091359485906	0.00145396995920167	-0.00418767518186841	-0.00525382524656505
0.0102271880284582	-0.00902078170980593	-0.010941864867547	-0.0138588673993339	0.0095314233922124	-0.0100698300946764
0.00909706897599152	0.00121123688908151	-0.0185980244623393	-0.020496773935509	-0.00150333731971043	-0.00255331759546099
0.0085475308107575	0.00473079601547975	-0.0149130141481887	0.00319110611912257	0.0109073384515657	0.0299439526903774
0.0105801583227654	0.00303865121632961	-0.0200126885526984	-0.00147204308901353	0.00238595373004687	0.0299026879059017
0.0124732085168467	-0.00879047783942945	-0.00879798750720834	-0.00513402105312619	0.00120018529350532	-0.00819885288393246
0.0112115122939739	-0.00548156441808618	-0.00871694035404114	-0.0112679991051165	0.0068197244781992	-0.000404974962396014
0.00858742563071183	0.0115549007465817	-0.013776433020985	0.00424969865823814	-0.0219821032715655	0.0321358281391637
0.0098236031726902	0.00638426688566267	-0.0150427943942415	0.00977217875241283	-0.0142995930135991	-0.00748972840640037
0.00850371106432443	-0.00710175863204474	-0.0230050792907723	-0.0219576883739417	0.00102579033779766	-0.0165454266830336
0.0117189442929813	-0.0102624952324642	0.000971845469876518	-0.004967063619903	-0.00501154184836722	0.00619039343209543
0.0121106358197433	-0.0243311635660734	0.0340477436463258	0.00675561896402924	-0.00482309242145925	0.0154816047305487
0.0135951719575702	-0.00288948039132605	0.00628744914297326	-0.000934741234864518	-0.00661602078675765	0.00536674211518028
0.00957303166653666	-0.0108208171838135	-0.0161854479587307	0.00247846390015088	-0.00206112325652826	0.0270117243476801
0.0122525499157922	-0.00638822003100776	0.00305647403131854	-0.0102047063791629	0.00521809206898379	0.00290886731369333
0.0121343251048606	-0.00128826478440912	0.00862999937945314	-0.0143804968132821	0.00587242759558055	0.003181272720751
0.0129930930008576	-0.00808296167904623	0.00561486599809519	-0.00907931097835679	-0.0111764296404353	0.0116638086287833
0.0129368005342077	0.00515040430535646	0.00915875241962266	0.00258186552772457	0.00448484393271394	0.0153616295144946
0.0093245675934971	-0.0165226133363816	-0.0104139958144932	0.00649568461422496	0.0289202444117485	0.0259718849008538
0.00890120310861821	0.032214543575826	0.00261354944335733	-0.00412773215362037	0.00241579916031661	0.0146942481521164
0.0106466995048728	-0.0248596523294493	-0.00429281648817025	0.00890495723125329	-0.00288023062526608	-0.000174649522651811
0.0115923960037285	-0.00989064871207977	0.0154024293028582	-0.0100330498623035	-0.0168197340319782	-0.0091289756509311
0.0128462036581599	-0.000778362762430235	0.000386929311914379	-0.00831814351868344	0.00399100891290023	0.00698364584686892
0.0115114878777032	0.0200417401163692	-0.00537577156077642	-0.00153172494272846	0.00220658675982666	0.0150615074068058
0.00981274583329272	0.00265322036357733	0.0127715390202302	-0.00486981588608607	-0.00822269868950009	-0.0052446698360462
0.0130741930450641	0.0124158787576276	0.00354365079064324	0.00180060205149818	-0.000269787978728019	0.00898766089443902
0.0133758976522397	0.0174042318046685	0.0111373915743993	0.00469722547633062	0.000981056017237237	0.00474930778610627
0.0102685370478638	0.00226072426614307	0.00876445780679796	-0.00631173161942937	-0.0021482609428693	0.0254296185639378
0.0125846715687536	-0.0193467898774478	0.0142367658094129	0.00154487359857696	0.00373584346295176	0.00681395471088616
0.0125343398776262	0.00859651926151626	0.00528724600632966	-0.015082394715002	-0.00574332028123177	0.00546518045192525
0.0128576328917985	0.0047081010950358	-0.00129672741165615	-0.000144833666167084	-0.000692390733386852	-0.00799450106175917
0.0147094964590693	0.0177767276080357	-0.00264189527970703	0.00623382953981203	0.00778355040905863	0.000174198179484086
0.0124120319478506	0.000277387798492905	-0.00671386847023119	-0.012084900789317	0.00926861188053914	-0.00594132195412118
0.0134769009185001	0.00650620941008041	0.00311557934578376	0.00199771535713922	0.00327829511245175	-0.00407240578599193
0.00922350494955669	-0.0140469349218601	-0.0161050680789717	0.00508247811183205	-0.00816928652943368	-0.00859333312608373
0.0133644243366858	-0.0298527509181702	-0.0105195698547219	0.0289308738668382	0.00640757621463404	0.00622109115888845
0.0115395038654174	0.0118140450455933	-0.00067255380287074	0.000667526890151787	0.00793030354394502	-0.00464454875161546
0.011177748860541	0.0109001831476625	0.0177428745264145	0.0100407240237339	-0.0253184472185089	0.047134785890307
0.0110654475851422	0.0036882232404394	-0.0044813510248427	0.00567922997156359	-0.00367148898881181	-0.0068100996134456
0.0120842910926325	-0.0118551418909774	0.00532713151527542	0.00910432543577902	0.00748657068872835	-0.0203243491651973
0.0116762905302385	-0.00958508262165204	0.00381557977365383	-0.0105823695552939	-0.00256754419273213	0.00874842345816206
0.011201875082506	0.000808935762472263	0.0118869097268266	-0.012249914344174	-0.00339589405373248	0.0101327623844451
0.0122094017166131	-0.000814957655841251	0.00113759084135063	-0.00180341604334813	0.00652800659595166	0.0132107855500976
0.013110739601253	0.00408419699720656	0.00313704628834408	0.00166117672932262	0.0148399814061924	-0.00188941066233174
0.0124308421814428	-0.00596051203359126	0.0139301185709627	-0.00929887803461793	0.00931697881532384	-0.00415855566220989
0.0116026994119744	-0.00612641048869062	0.00638609659650698	-0.0121425393598644	0.0049134384651235	-0.00030587567462093
0.0145285330290987	0.00389217419487506	0.0112554664061608	0.0132745310389351	0.00359482951208328	0.00113893883236884
0.0141718665610626	0.0180369698716223	0.000531470571181555	0.0113605754171812	0.00542900889279597	-0.00650714836669215
0.0143125905602044	0.0467088363078881	-0.0108843041181423	0.00198882758249676	0.00816268346020339	0.00064849085789901
0.0141078466043903	-0.00157852240904681	0.00409278796434107	0.0104981787988638	0.0115160051625314	-3.73226507625027e-05
0.0130867968220868	0.0174609059735941	-0.00580209826262706	-0.0116181520589095	-0.00687777019052187	0.00712023275062964
0.0138467455931825	0.0055631187260923	0.00552213700184463	-0.00337095276919407	0.00068151296960918	-0.00380628009055319
0.0134394894571165	0.00963243547864191	0.0107590336518345	0.00199536901312808	-0.00155910759034314	-0.0103559292290483
0.0134511750280692	0.00436029891661264	0.0129895820098189	-0.00188454278395042	0.00501768623905642	-0.00532106257250861
0.0125461937540798	-0.00639495662703799	0.00652316598254519	0.0146104844356549	0.00349470168972303	-0.00365813736505649
0.0122803671686325	-0.0163681118978991	0.0151391113466713	0.00397551861768477	0.00461844033935109	-0.00697980223059435
0.0127968225812336	-0.00188234082561531	0.00485203199278408	0.00262207591577824	-0.0186968039555829	0.00677442993572547
0.0100976349485839	0.010252410793917	-0.0201111242935789	-0.0139329452643253	0.0398350337129636	0.0138727859048227
0.0105770007023768	-0.0149288677907782	-0.00574898699179522	-0.0273585302623553	0.0191426737603732	-0.00616447032366997
0.0120034405243173	0.00920333247618531	0.00833496776021951	-0.0109729210691692	-0.000558461605940403	0.00174496527259798
0.0115134299181715	0.00440665502236508	0.0222927365996135	-0.00101971175993964	-0.00913240895668569	-0.00529867537130279
0.0120598929727072	-0.00388712983044389	-0.00229654196587269	0.00675923545242347	-0.00814236145468464	-0.0146826517861106
0.0104477159038114	0.0077727778030236	-0.00707434345377241	-0.0502044096357717	-0.00178780692585732	-0.000546011024800718
0.0118202682504056	-0.00877617493504012	-0.00627649691166736	0.003315593142093	-0.00521598409980976	0.00263439829572306
0.0126359726931368	0.0155504507171116	-0.0204113507624432	0.0120984137024373	-0.0125197000909308	-0.00402340791338186
0.0125133396675903	0.0125931594892766	-0.0185441638579169	0.0088241550384061	-0.0150473034261513	-0.00723867866861876
0.0142087544636838	0.0028675526473066	0.0137103542188481	0.0201972169724561	-0.00272171040866864	-0.00161217836560139
0.0128858726099324	-0.00922411927577488	-0.00885958121582851	-0.000307879488365352	0.0054048336221925	-0.0130490654314596
0.0127935693812659	-0.0100637888727304	0.000975009510996811	0.00245809215796244	-0.00702532599441376	-0.00581875186794499
0.0114250574813438	-0.00759300776700129	0.0111803578014674	-0.01128282844978	0.000597589522517686	0.00901566398474836
0.0124990665059431	-0.00334260358771322	0.0133617031074666	-0.00332590299409609	-0.0018788447289017	0.0010575269835557
0.013267403221935	0.00837509307361634	0.0114134276381875	0.00288145571517828	-0.000539534378598067	0.00864160289536296
0.0110763451943359	0.0212066260109953	-0.00620896138614794	-0.0284045748746051	-0.0256418420678981	0.00716165848449099
0.0122251054557019	-0.00595723790449498	0.00246604819484646	-0.00825385427845962	0.012885263482528	0.0104061801671544
0.0121134429887551	-0.00997001560005561	0.00494163552602071	-0.0125508154377873	0.00874796244594752	0.00735895471010517
0.0127503567164546	-0.00975726343234104	-0.00774670882080154	-0.00249027184174552	0.00611484387380753	-0.0053330813692686
0.00899798112748666	0.000278936719685072	0.00669168157555001	-0.00848408221176498	-0.0286751253571829	-0.00862409646978458
0.0100509896028391	-0.028087558670693	-0.0116938445627218	-0.000199864013678677	0.0169628245850959	0.00214652644502687
0.00782954120784993	-0.00605039465447524	-0.0358688750748134	-0.00265888455319606	0.0225399486181535	-0.0203880612418821
0.0123548859048983	-0.00641279166738166	0.00495076102289125	-0.00420544923234581	-0.000848357590605595	0.00271180444119929
0.0120377900456445	-0.00418218896274923	0.00931223757550307	0.00150920849578822	-0.00644244281250549	-0.0160245997409585
0.0136042137324442	-0.00269121699391742	0.00885312505185602	0.000128462647596755	0.00258218147480697	0.00113845115841823
0.0137215572338646	-0.00100656323855929	0.000136404450329478	0.00141052330267516	0.00683745323875708	0.00332286987406528
0.0126661059033826	-0.00328996290856369	0.00753547046190309	0.00622264181964648	-0.0108004812057241	-0.00991774950078341
0.0115628116198466	-0.013685207153237	-0.00569799114087601	0.00630132666234849	-0.0250530232287845	-0.000120190533789615
0.0124868612424995	-0.00445055624332622	0.00763694170258406	0.00455992131324426	-0.00808785849387565	-0.0126076388330242
0.0125004063077463	-0.00917922010878942	0.00630337185442628	-0.00749717368648064	0.00570410224831323	-0.0156893085063858
0.0117764212676905	-0.0135214860083132	0.0004626225979767	-0.00354892385739344	-0.00772664974874665	0.00026471744720488
0.0139242521373048	-0.00311495280575407	0.00318143348472221	0.00369501125762563	0.00500711679688868	-0.000993143335589977
0.011417641577274	0.00126457312365543	-0.00392867248322174	-0.00617965185903462	0.000430204522394157	0.000764110189733326
0.0122530032306515	-0.00122242817649637	0.0030875858916947	0.00725334121035904	-0.0134699501180276	-0.00311347887296016
0.00722828286247642	0.0170540150777979	-0.0527743089210398	0.0412017762159728	-0.0232506381752715	0.0320750488031559
0.0110432654798253	0.0034592230247394	-0.00697693851454707	0.0028704675463494	0.00699898851900093	0.0067966107535714
0.00989385181391186	-0.012222642902937	-0.00826142645398156	-0.0041211496995439	0.0042111365028358	0.00305284057479345
0.0110580258702253	0.0287305686741944	-0.0159541819321384	-0.0150599555171918	-0.0159283731890393	0.00654705310202823
0.0137655593161829	0.00986459424451676	0.0083093374369228	0.00326365998102356	-0.000101300138775598	0.00959332149776936
0.0122287695109336	0.00249198738846012	0.0066364377518365	0.00322455408290739	-0.00537875828517458	-0.012630706537398
0.0127982895546778	0.000878489277540218	0.00761253573754865	0.00592583043189734	-0.0186428928613953	-0.00868970998561105
0.0113030795168176	-0.00146230472350434	2.16964633731123e-05	0.0058891340184337	-0.0122657364649145	-0.0207857181349728
0.0121869662055964	0.0251502399303905	0.000238699778294243	-0.0122960872188655	0.000790009452034387	-0.00613033479507068
0.0126742558433462	0.0137558176494486	0.0122617803250669	-0.0020456206909822	0.000443068697486693	0.0162934670389005
0.0145298059836154	-0.00531730962118518	0.0108678904247136	0.0171777170539753	-0.00526089425996833	0.00411075623372567
0.00939321412164253	-0.00650633603146357	-0.0188339674016181	0.00456246108838647	-0.027664271319096	0.00255346682913495
0.0138433818735521	-0.000805475227524728	-0.00388424074697546	0.0119125354594019	-0.00720105064492174	0.000605774914973116
0.0134397247507955	0.00394396128302995	-0.000540845055815536	0.00374885496722407	-0.00601006713468021	-0.00468756494494515
0.0115638730290961	-0.00838817319246342	0.00196238872018364	-0.0181305997297239	0.0102131581978082	-0.00860171782097826
0.0133438731535652	-0.00482190053342655	0.0113029284671243	0.0023163718920713	0.00972620570859419	0.000764476359348769
0.0130379343698614	0.00413670126838657	-0.0113934654077614	0.0077201377688903	0.00270755860759784	-0.0103628213497897
0.0135122741378179	0.00694257396050123	-0.00862237356368202	0.00950294107857141	0.00326884027267431	-0.0116755152108373
0.00894276627117203	0.00310390615750455	-0.0145605485333513	-0.0242003962683761	-0.0107557641692961	0.0108286990789145
0.00773358182194807	-0.00940192443306219	-0.030258551418374	-0.00198333619767684	-0.000125379508443305	0.0321232864944371
0.0124811116370267	0.00872047107647028	-0.00267361120238152	-0.00322858055539846	-0.0119482507908625	0.00130806923407245
0.0129949639121748	-0.00672877115632189	0.00123425805988282	0.00462529340963064	0.0137497254450269	0.0184967654318041
0.0112214055377003	-0.0257971762868566	0.00220625344909573	-0.00489310325440055	-0.0128392372846465	0.00461915334104024
0.0125549929811826	-0.00880979489536904	0.00878272413184657	-0.013049645398812	-0.00985666542307649	0.00163596767798696
0.0120028965797663	0.000792526090819618	-0.0135614476867456	-0.0036782466040482	-0.00854824588711603	-0.0130240678937388
0.0118654306865143	0.0283918962225501	0.000730224763253827	-0.0220637990656208	-0.00490836344957865	-0.0116237394756161
0.0112342590189066	-0.0171481330152315	0.00733673063180612	0.00303150778285526	0.00292989631885088	0.0104752224405158
0.00981610399031236	0.0169626326161181	-0.0300314156802596	0.0207881637900575	0.0209154773208432	0.00210161186547431
0.0128009768574242	-0.00066753983171529	0.00441183344805567	-0.00582167653100608	0.00576856588855446	-0.000415550537388988
0.0120310390285422	-0.00625504406378523	-0.0120748011452515	0.00315738655500036	-0.00713322098997801	0.00299175573961195
0.0120303354738836	-0.00753975526030574	0.00688968228374254	-0.013930615290826	-0.00729488025406437	0.00221513051853097
0.0124938721047389	-0.00824377347259549	0.00691240037043574	-0.000943270499816893	0.00708069572385646	0.000936888354603213
0.00994420914737888	0.0184457099128154	-0.0218630061776403	-0.0112350433693757	0.0236141394404673	0.00486795567106318
0.0116791661258717	0.0317291810175038	-0.0255471938031694	-0.0325482802644079	0.0118936524568348	-0.00403650679242206
0.0104649595797129	0.0116519572319803	-0.0352695171058877	-0.0172251959134534	0.0121855030581358	0.00303048080843966
0.0118841206691034	-0.00091631660478348	0.00369840484344862	-0.0024368853139621	0.00921641877013601	0.0129627346706106
0.0133086329603849	0.00268489805838762	0.00726447413690378	0.00198444302730558	-0.00113706172447712	-0.00651927385855675
0.011471325974508	-0.00384112311719936	-0.00680733671176964	0.000452127097858985	-0.00273400564619602	-0.0121767858879857
0.0120654554058552	-0.0190974902853869	-0.0121806900879268	0.00520624087650638	0.0236036470246028	-0.00442561836294968
0.0137003804609429	0.016407891649701	0.00050282567901832	-0.00435060990850356	-0.00423081670731809	0.000385220460841808
0.0115804117748555	0.0378212833606392	-0.0114050568591379	0.00248844925540804	-0.0193745237262918	-0.0116111256446858
0.0121887308160105	0.0470561422314253	-0.000711898076208984	-0.00560404589847248	-0.0287660316138249	-0.00333752124256708
0.013364187948573	-0.0128891052240401	-0.00225719472245311	0.013781933023729	0.0022982381730187	-0.0165150361187515
0.0138480980005593	-0.00971814328846712	0.0061739905671784	0.0220510471670135	0.00519123380774549	0.0073969229320298
0.0149063464232327	0.0185934368531073	0.0131228741286753	0.00342376877251404	-0.00724913560640708	0.00427474042350968
0.0119408981428976	-0.00885920734988279	0.00296988630743926	-0.0153628283797149	-0.000542994185122329	-0.0202611691554123
0.00775202415923827	-0.0109014131087883	-0.0251865916705271	-0.0228036738595026	-0.0456238504915878	0.00873947916147239
0.0119293816019078	-0.0109708690023661	0.00803010558753729	-0.0209617244164567	0.0047135544307063	0.00391161681548422
0.0123178022375929	-0.00176037697036038	0.00150938272883926	-0.0118450138324842	0.00499317601505449	-0.0103878618078782
0.0140886513469877	-0.00155959163454395	0.00686500571176339	0.00639104864621714	0.00728324270768975	0.0051547836452062
0.0113030310520937	-0.0071239813271177	-0.000875429196984323	-0.0104129597317881	0.00309411776733046	0.00837869891348502
0.0125613390293525	0.0143330493375428	-0.0128384018851254	-0.00525304195119435	-0.00140220489922683	-0.00759259050927404
0.0123178297534617	0.0102528033341107	0.0131876385219347	0.0344476123699439	-0.00361204681557502	-0.00838928102886508
0.0128922661758998	-0.00103186684315702	-0.00156748386807058	-0.00097237616844366	0.00217814413038555	-0.00900866234780764
0.0126604428349588	-0.00463012685767538	0.00506752327187328	-0.00690873996395137	-0.00851416910823972	-0.00257330073680755
0.012313010677003	-0.000655097134313563	-0.00565955203269592	-0.010238395393078	-0.0106284046808313	-0.0077558663910357
0.0131878921668507	0.025293049504367	-0.00684077908071387	-0.00835348767017699	-0.00144532094762974	-0.00074034602330627
0.0122275186324566	-0.0082582075050764	0.0128149147717371	-0.00587576416790729	-0.00437633986662356	0.0053801507426209
0.0130285905940393	-0.0168009831356877	0.006582092685082	0.0137825439240758	-0.0133380595421062	-0.00390699705566171
0.0136597608645643	-0.0031616586341647	0.0299762535813283	0.00860962353769359	0.00177433994483186	0.00503842427511097
0.011636051376284	-0.00467248425041014	-0.0464153362267053	0.0129419263427993	0.00565992816402612	0.00919962483335625
0.0109669356658405	0.0104818998367795	-0.00262410934039378	-0.0171477610693861	0.00711709459403431	-0.0141969907489082
0.0115826308944359	-0.0188790755523282	-0.00215737700845795	-0.00915849843873765	0.00233168802195141	0.00201723780857869
0.0134708887526889	0.000734108426042473	0.00528242510603822	0.0075186199216263	0.00412541173607477	-0.00549008083803459
0.0119126603557011	-0.00508482038574913	0.00594466252925283	0.0112377483118293	-0.00940604290934491	-0.00303624967044564
0.0129589442554235	-0.00675613347084018	0.00503553948179613	0.00446458221621082	-0.00864333499165456	0.00423775187328776
0.011946787727232	-0.0102171231063538	-0.015984997105886	0.00175465768648672	0.00644492013819789	0.0100869821900931
0.0135865808293171	-0.0214773995167929	0.00876072614188075	0.00308186854018139	0.00828689955970809	-0.00196749752127691
0.0122242967365823	-0.00398447386326352	0.0102745355631598	-0.00900347845909587	0.00112705045854468	-0.00801145880683321
0.0141535704809901	0.00223482704390758	0.00840007438875184	0.00465953945605469	0.00552941858838101	-0.0170247018802433
0.0137078724198569	-0.00405273878986336	0.0133405881265439	0.0192020636745132	-0.00305445992317974	-0.0187452592858738
0.0111935567090533	0.00134536140773628	0.00646215195436699	-0.0131982259928184	-0.0116947917270348	-0.0238647051786173
0.0110138287277418	-0.000559005027133671	-0.0083872682957943	-0.0142914274689198	-0.0104817848396586	0.00750852416257271
0.012771855355919	0.00862776279089041	-0.0136637778078625	-0.00586937063059349	0.00906611322874973	-0.0171173689163348
0.00893273456360722	0.00565676027122039	0.00297741386351479	-0.0366644557156828	-0.0133803775995035	0.0119204691768801
0.0127251645959342	0.0147919345272231	-0.0157150780131756	-0.00905037154461725	0.00349057941895517	-0.00292000996159746
0.010397424080853	-0.0196762296546926	-0.0246731300088923	-0.0067963126862399	-0.0408048617300639	-0.018746780373446
0.0128941487902403	-0.00836113291230512	-0.00241984547891172	-0.00208050591426135	-0.00769707769123187	-0.020133307521361
0.0131477730099323	-0.0120908809128119	-0.00767521248155659	0.0141964112926601	0.00176000187538545	-0.00267175131174864
0.0131668954225799	0.0144547779081276	0.00708477059783661	-0.000187872934268613	0.00586632832806527	-0.0155472643785504
0.0132867883247282	-1.48997419378073e-05	0.00591338061185918	0.0119627648108407	0.0127087596153231	-0.00449143170660471
0.0124404467574837	0.00866029106497417	-0.00582387224139931	0.0140861897759814	-0.000560040911139778	0.00706262457245264
0.0141023073729605	0.00936371522269782	-0.017052114969958	-0.00480922389050836	0.0156008030950224	-0.00921328666588293
0.012497961658697	-0.00139945983463507	-0.00777054012346226	6.28158136819611e-06	0.0130008762694384	0.00247430049834462
0.0122533270570025	0.0224427928784884	0.00220436511875108	-0.0149023242328222	0.00110175848420441	0.000344216851656452
0.0140345270679193	-0.00182678034841337	0.00100216790820952	0.00861983732021514	-0.00841888612657374	0.000560286131452509
0.0130614481695187	0.00226604292344692	0.00474013958126341	0.0112258560153437	-0.0098933017456933	0.00321742340259271
0.00992159757956177	0.00289136013753757	0.00101098973059851	0.0055741464556784	-0.0205430855167469	0.017984165402707
0.0151159512644311	0.0159828845055229	-0.00596851976773371	0.00677900018353795	0.0126103121413644	-0.0114134662368542
0.00954324200569275	-0.022059725267344	-0.0175975356250581	0.00561025779459675	-0.00248828786497619	-0.0125731296833535
0.0117937720626378	-0.0256682805241594	0.00218755078692532	-0.0053354674973499	-0.00562503724699152	-0.00959043380936229
0.0109834774058221	-0.00759264168629539	-0.00381473550342996	-0.0071682998854841	-0.00337643397803126	-0.0230207182825686
0.0120053966172337	-0.00141198932723998	-0.00316143826771009	-0.00687945946965904	0.0268454514907208	0.0106508434043678
0.0132782667256957	0.0122089903217899	-0.00108149234898982	-0.00135077212897737	0.00433457312884589	-0.00303718728872085
0.013538543777954	-0.003243543397052	0.00112799049937684	0.00357800780269473	-6.15414492506957e-05	0.00459659114736657
0.0144558919060629	0.0112939417255637	0.00324959359250367	0.0029431332658551	-0.000778254917821091	-0.00514708643394243
0.013934317179672	0.00836088064573133	0.00986861766140387	0.00776971045522028	-0.00876668693059239	-0.00374107666496263
0.011098576329435	-0.0145208927134864	0.00389120359097836	-0.00612295571414562	-0.00324293379734139	-0.0125789133867697
0.00836369107368919	-0.00872297741529749	-0.00147228991342754	-0.0124305748529697	0.0193735874499403	0.0173314741175927
0.0129279184835613	-0.00666882590132651	-0.0298143012935926	0.00911927319432377	0.014734129559279	-0.00589179351759342
0.012544726949872	-0.00863360332592325	0.0140049252171834	0.00657957439880436	-0.00794314226663366	-0.00496704704743553
0.0126030991098411	-0.00293781734574768	-0.00169501783254829	0.000227132762247401	-0.00976119734994092	0.000771911487276113
0.0138981925371569	0.00417068852296531	0.00934923086204605	-0.0005192434282755	0.00283793348702476	0.00293366256764466
0.0111891604648355	-0.0150704763856966	-0.00845166700451594	-0.0110268279567957	-0.00287883947609734	0.00665559820879315
0.0111606165121141	-0.000354881170141114	-0.00408717940713077	-0.0168974805058531	-0.000645130711181162	0.0202584985117752
0.0129268351219327	-0.00321598602650857	0.0079508274440008	0.00366898500767051	-0.00445217644857343	-0.0064758257114606
0.0107945965957404	0.0023841466474908	-0.0348101385423984	-0.00973667081714576	0.0122106602393928	-0.0203176003733381
0.0115696676280568	-0.0010013084083015	0.0126166396780684	0.000340708244548919	0.00537965606809367	-0.00040124350681364
0.0133486072102101	-0.0032786709806065	0.00545147282549002	0.0118544668727575	-0.00499738229678658	0.00571789056626464
0.0102152182441878	-0.0103938076829434	-0.0086791910970505	0.00490989199361652	0.00850276220352484	0.0166238516035702
0.00894241842976241	0.00310022674574617	0.0112561780756394	-0.0250798262313807	-0.0182452159489131	0.0297951854869686
0.00905563636536731	-0.00840598705808271	-0.0174539195767193	9.87693666757838e-06	0.0161173207713379	0.0118649542852416
0.01194638359608	0.0087209354403475	0.0117894800397673	6.33693898861828e-05	0.00606909532674395	0.00403039726529337
0.00666222752342403	-0.0367797641816217	-0.0179483853591209	0.0154814031834361	-0.0825575655826434	-0.0311809184491455
0.00863623203677593	-0.00936034131701718	-0.011217686103237	0.00676967128894967	-0.00921208167584526	0.0206781575649923
0.0103148672058123	0.00431707677983775	-0.0164978955035409	-0.0112070540863346	-0.0191906629905835	-0.017769650216731
0.0114557419870906	-0.0223765761493324	0.00219514588276975	-0.00876973965640975	-0.00499333703540864	0.00978370876040869
0.0136660899828219	-0.00676745059516776	0.011865796477236	0.0143328406893064	-0.00717467852618467	-0.00938581090527125
0.0132621788435065	-0.0123347301963565	0.0134309805363836	0.00163426732659551	-0.00616565746069454	-0.00548137154673445
0.011632852608184	-0.00535391992567935	-0.00129132806578151	-0.0154912385074178	0.00671562887681494	0.00521701428154397
0.01265261336394	0.0192535749098517	-0.0181700849999369	0.00869058035361901	0.0186028317895534	-0.0148060339967892
0.0115541852235513	-0.0139138224414774	0.0119631105734371	-0.014570719344317	-0.0104717075324547	0.0052385931384306
0.0103538150950018	-0.00126383758938601	0.0270644123589483	-0.0231927733444423	-0.00654009461135935	0.042409933030015
0.0131380978480454	-0.00639832921048836	0.00430669041985725	0.00668369320853659	-0.00386514711260951	-0.00944171144881731
0.0131465444775863	0.00515026583617443	-0.00308223020603457	0.00783910385703408	-0.00693403722486558	-0.00354608258101846
0.0131261429667812	0.017916482199637	0.0145418611069143	-0.0126886223871865	-0.0111405803296339	-0.00631936106509041
0.0106827910335411	-0.00569607373818907	0.0116225957482341	-0.0288319217254406	-0.00727867453137652	-0.0271577967443183
0.00855401267013507	0.00144285616226232	-0.019746285472317	-0.000986374179224226	0.0284713359114798	0.01781175221404
0.0130320527132168	-0.000862812195180866	-0.0148539112682482	0.00130821353024663	0.0160299886193077	-0.0111082084439508
0.0131592988922423	-0.00260615222884366	-0.0147119321421574	0.000962261409039688	0.0164441369905402	-0.0131642244521801
0.012121444382424	-0.0108943073330285	-0.00490147379995719	0.015522454028318	0.0188957805001575	0.00103994560976773
0.0137360669370985	-0.0127460738923491	-9.88981177007448e-05	0.0131595122170265	0.00851617701472406	-0.00399083598157216
0.0133723419322163	0.0282840800433826	0.00272878239891495	-0.0109034648449045	-0.00371133686665343	-0.00526517743356442
0.0127545755909968	-0.00508944875534616	-0.00523448275423279	-0.0102837585673936	0.0162108446538677	0.00937776052496015
0.0132489975663203	-0.0112332546705442	0.0118993974584176	0.000225760372225449	0.00633384393063732	0.00663343651349162
0.0134504239760286	-0.0206676103010328	0.0238245713284187	0.00209379257957001	-0.00856374553766518	0.00781488283104608
0.00938448514905568	-0.00604990181934788	-0.0194563326957059	-0.00566610698145042	-0.00609876379794742	0.0244217284210395
0.0115628552495608	-0.00937107722508354	0.0118682250107645	-0.00321323686280614	-0.00733260797372794	-0.00557370289152097
0.0131851126338919	0.0226192610944237	-0.00537174019046559	-0.00470264405955504	-0.00175271298103706	-0.000498234049967912
0.0117559077369117	-0.00154040526713871	0.0105835258799846	0.00558888454476997	-3.91897670760886e-05	-0.0104971515600513
0.0150091722132509	-0.00155717085268419	0.00889953394563441	0.00948678392815541	0.00803980464961822	0.00316141009781858
0.0134894310125491	-0.0139313743922875	0.0060429541533018	0.0124458817170218	-0.0106575766932061	0.00920265568280146
0.0117462649239225	-0.00941003143745138	0.0106195490192926	0.0018031930586666	-0.00733089206216838	0.00865838484083403
0.0132827135812926	-0.0187117503804877	0.0244974952640806	0.00121974841665249	-0.0223063527983073	-0.000505977384716543
0.0147498531712266	0.00145175618992403	0.00598400794254743	0.00954356206986141	0.00111654769976194	-0.00240453389064239
0.0130817274661706	0.00581105674992382	0.0104858214393388	0.00486310471599485	-0.0170772615415063	-0.00345890511050574
0.0118783555227208	-0.0136743507441553	0.000847347668496873	-2.43116962452472e-05	-0.00357557189868862	-2.90265391382616e-05
0.0137266269594047	0.0061721331159786	0.0123283871991593	0.01140099208058	-0.0115804314021016	-0.0129999024367912
0.0129132909247365	-0.00545078133276431	0.014516000962476	0.000143979961124491	0.00953979819621365	0.0111355988744852
0.0134084533902705	0.00118428596259254	-0.00241981046849205	-0.00171479658754631	0.00760174093285532	0.000579315560374096
0.0114598671972555	-0.00838072165833976	-0.0027716130398147	-0.00910945539423991	-0.00995179769413707	-0.00237278424483047
0.0106058794890464	-0.00226458611809211	-0.0134376521354485	0.00513816802904745	-0.0256357838763906	-0.0047046173996191
0.0122776315765188	0.000624931462704549	-0.00326565521228944	-0.0148344894847935	-0.00500329610350347	-0.00136339675313217
0.012100199373747	-0.0087797398353	0.00728652991654168	0.00811244335873504	0.00451292013223159	-0.00536421096812211
0.0154964120242123	0.00434347141178758	0.00576560058556259	0.0169601311235582	0.00678500035611298	0.0061693835253942
0.0150381766459142	0.00370179679633223	0.00756585056471276	0.0171877435032117	0.00307463271629349	0.00502365748673327
0.0141284826159049	0.0070114085854516	0.0115459450035388	0.0173163596994074	-0.00173998347525282	0.00713310549489923
0.0134909693659072	-0.00971096169204205	0.0114291737406869	0.00406320809312452	-0.00315801657359309	-0.0161197698182176
0.0135400107967854	-0.00822615032492061	0.00993465867145949	0.00268890626739283	-0.00500108921998949	-0.0126018031644408
0.0111914223153227	-0.0147021632336967	0.0111426047711994	-0.0188710215737362	-0.000640458747081222	0.00192244877581819
0.00878105210744418	-0.00134326252145903	0.0114514591688206	-0.0302337702761943	-0.0384502330131046	0.00962391662708197
0.00712132754040116	-0.0033908995048372	0.00144282899062763	-0.0195853458838809	0.0105874418509517	0.0353198405326671
0.0143743080782162	-0.000494791028595596	0.0118513468915857	0.00517721805139435	-0.000823394793659573	0.00433898825982665
0.0141069022323584	-0.00111430357366561	0.016431171130778	0.00451782358465498	0.008988896370489	0.0181036623949455
0.012452334669632	-0.000257146174122275	0.0125276490553899	-0.0169583017067849	-0.0104913229324823	-0.0132792806091692
0.0131152973925873	3.60458001740596e-05	0.0150021122525668	-0.00731777327269745	0.00224684206124182	-0.00939151458591398
0.0119620649086944	-0.0111629435739337	0.00694089914595753	-0.00990097987329173	-0.00481694841554635	-0.00555242812303891
0.0137656910010002	0.0213098069074494	-0.0183277064122301	0.00699290899102301	0.0122299244471231	-0.000399499054118252
0.0129050341591649	0.0329633986602102	0.0105663799951715	0.00247881174530493	-0.0201478698630339	0.0118976589483044
0.0124840888229922	-0.00985292419795345	0.0138669114056799	-0.00734685860417128	-0.00646068668025117	-0.00071846722504019
0.0146639365416604	-8.51120025705423e-05	0.00918259177584394	0.011102317128195	0.00708899013363093	-0.000926327384537668
0.0117487824623482	0.0411718438902586	-0.0105855003460781	-0.0210358671192436	-0.00831666774703606	0.00355733198099836
0.0132619743223222	-0.00474774101780307	0.0121600353788235	0.00663664455856135	-0.00394006076377908	-0.000429016353869788
0.0139357443995438	0.00899227131887423	0.00475919113211209	-0.00328877848189756	0.00395830720791657	-0.00635306937756702
0.0139053046092602	0.00461372546076444	-0.0030238117449352	0.00142999566184158	-0.000101690400661124	0.0145895060179931
0.0113536083076384	-0.014109718124342	-0.00799256333011639	0.00330860245894253	-0.00891430922341882	0.000922579503688195
0.0132767266562817	0.00448673559365479	0.00267302013995066	0.0143851483152543	0.000750906581256321	-0.00160929506979621
0.0117467866722893	0.000910216028631093	0.00967087401331199	-0.0151068866214051	0.0106203978371855	0.00179448682423176
0.0117329331718335	-0.00787667294145762	-0.0102169623483174	0.00394961058738656	0.013485026629574	-0.00281487222244207
0.0106860073316556	-0.0125396278916402	0.000237072224331614	-0.0140848962371208	-0.0226230230826803	0.0112724602041418
0.0118265728009786	-0.0193911482668795	-0.0210871655342526	-0.00322856423897551	-0.00594592041115691	-0.0109047615585392
0.0102181834474101	0.0110864500709015	-0.00479802267191713	0.00145160122291352	-0.00290699342080191	0.000552544462171533
0.00997422053489732	0.0105062376473669	-0.00687034928473109	0.00101560689074322	-0.00486859938228341	-0.00484092825986673
0.0121254328260344	-0.0148483267073941	0.00255906975537351	-0.00624436485858341	-0.00809275092860528	-0.00765896516437212
0.0125970581613142	0.00574463467421636	-0.024538604775606	-0.0168482797443781	0.0154414777270568	-0.00879099105164841
0.0131210082901772	-0.000863208948754064	-0.00838953483316003	0.0120266232686842	-0.000756640883099817	-0.00293544166976336
0.011946198454782	0.00115690852571851	-0.000135049276415303	0.0119301040063015	-0.00160945285991834	0.00419949099872303
0.0122438138692663	0.00440916637642699	0.00166545769360369	0.0122404976957061	0.005139697432414	0.00704852571582536
0.0115311334058894	-0.00710087164989841	-0.00478643760508439	0.0153960770916441	0.0120631097167922	0.0191759347795363
0.0101118948778198	-0.0105089366326768	-0.0234480495439455	-0.0159470685363812	-0.0137452449482783	-0.0185345154216075
0.00365657684553757	-0.0347640009850666	0.0247840194488002	0.0222879277274289	-0.068944794505548	0.0514046988054827
0.00907983625901216	-0.0161358067111464	-0.0156303701386156	0.0257808293335941	-0.0122895405198562	-0.00791646382747178
0	0	0	0	0	0
0	0	0	0	0	0
0.00715472587471942	-0.0118833371230476	-0.0086161659633945	0.00676951850323913	-0.0179750571282963	-0.0383831445893495
0.00981974776657349	-0.00724153515674017	0.0114749591450291	0.0245796731834608	0.00383884157641969	0.0128231150790582
0.00743584390201221	-0.0181941341340715	-0.000685230594212827	-0.0123069803757454	0.0205822606538512	0.0154238244134796
0.00886420228628887	-0.00941221641518552	-0.0349043313358414	0.0119543337929889	0.0196490160083319	-0.00841533116505072
0.00882920915240806	-0.018633298292592	-0.0112551803740441	-0.0299470546878536	0.00689318058383917	-0.0114520708171034
0.00420593634754254	-0.00373463018669622	-0.0788573580042952	-0.0288104603014259	0.0224971280241424	-0.0120296583321355
0.0125737343767294	0.0029389253236007	-0.00527325675738464	-0.00437003022229263	0.00248049340112354	-0.0202470365983785
0.0123280331819223	0.00543891511585741	0.0020060129232447	-0.0101172221472892	-0.0138597279691591	-0.00840741790039925
0.0137570582716298	-0.00095599792304093	0.00202052163039308	-0.0035700437226983	0.0105067006733168	-0.00102741796233733
0.0132503687475363	-0.0101199169165965	0.0160934976892185	0.00399984972356971	-0.00867794181534176	-0.00684054600051052
0.0132395234658537	-0.00992515600383976	0.0166702936891938	0.00350916468608792	-0.0085416500764096	-0.00550265598667332
0.0130393958073726	-0.000395855740427482	0.00530552445789979	0.00390473204560424	-0.00205981382735297	0.00584053762636829
0.0102098024554031	0.00294464339426388	0.00375620710547853	0.00824729585350306	-0.0137067377934674	0.0256055436672187
0.0134538215948152	-0.00643025506308112	0.00729485690361108	0.0119860582893386	0.00851947275141034	-0.000673088961012309
0.0147944661409689	-0.00481161315647888	0.00950849264657551	0.00138201665806924	0.0126566080069041	-0.0105695084330464
0.0135161318771408	-0.00757993160127389	0.000477779211408395	0.0215424875670278	0.0142679178592308	0.00229228072902145
0.0130188057943968	0.00833655835069093	-0.00301796048124924	0.0102961504236995	-0.00269553966927706	-0.0116849948964649
0.0152780422855836	0.0151687307501315	-0.00389269294382985	0.0119243041951941	-7.32999017505587e-05	-0.00864463464466553
0.0142040470457464	0.00409833077184995	0.00510169672947653	0.0112972250084671	-0.000716274531774622	0.00428950694093362
0.0147375773981264	0.0125870794229989	0.0102901539971289	0.00823085722232064	0.00316057828936894	-0.0162691509189063
0.0130745417208247	0.0103430975610044	-0.00212755068036784	0.00663866745354558	-0.00310194210544156	0.00805003111088596
0.0136294981692499	-0.00169061193182625	0.00743536514001663	0.00249408088064728	0.00793616431192792	-0.0101915972111045
0.0131916612095851	0.0074019630562459	-0.0175530997579113	-0.00503099561163682	0.0101465878911252	-0.0018590499013453
0.0146028287187914	0.00380439709483026	-0.00596565433629276	0.0218501832705504	0.0018548700675952	-0.000415874594613104
0.013043183408501	-0.0243396525719958	-0.0051280537754534	0.0209327312588933	0.0108831564513598	-0.00852216106967683
0.0128020991661907	-0.009502714844041	0.00683576108558181	0.00564683325462267	-0.00933332824021229	0.000775743867554663
0.0097361889451613	-0.000137187640254686	-0.00667631403373547	0.00879163063891009	-0.00291261984026599	-0.0115489970194831
0.0132072612337617	-0.00329302448565197	-0.0114862375360357	0.0120620650817631	0.00140855764229124	-0.00848097018489599
0.0148425934136887	0.000206941317077556	0.00472878138126301	0.014298139578571	-0.0029493444322509	-0.00503540197955671
0.0122468158516555	-0.0103929761004494	-0.0275364065351594	0.0150839684686381	0.0228499596377168	0.00198854510947235
0.0123365831809064	-0.007702427127577	-0.00165044463611178	-0.0119710722745086	0.0166564031945406	0.00749304753103071
0.0145515281690726	0.00259233082294237	0.00380528661518343	0.0148500647043875	0.00674030312533606	0.00788576302361954
0.0126328386890813	0.00615441731209559	-0.00155262460101119	0.00200574337158989	0.00426258432241907	0.0107695657894776
0.011686569566657	-0.0140402991617346	-0.00449319237912567	0.00591166290818941	0.0107530826255976	0.0116958555528747
0.0117947507138853	-0.0337887782246106	0.0188526594337175	0.0110247085470659	-0.00299129033254179	0.000495511747078605
0.0137200375547117	-0.00147545721903424	0.0107113384251806	-0.00203725318675298	-0.00274634383170389	-0.00553842868797414
0.0129393881421318	0.00852248090182261	-0.00461932269014139	-0.00110069310346002	-0.0116919904632828	0.00639681264065288
0.0113656092524386	0.0100721878667038	-0.00423224465430217	-0.0174948232191405	-0.0185496085549601	0.00294715234581087
0.0063604204249037	-0.0321446673682546	-0.0156260352190794	-0.00226424262323857	-0.0346118983293802	0.00710455995569832
0.013185260612945	0.0247001712534004	0.00307444360744161	-0.0104669598644107	-0.0136059803495002	0.00234257684439197
0.0107167352523638	-0.0130134969080922	0.0194935075602728	-0.0321320771199903	0.0128800662148882	-0.00108093739414424
0.0124820085654539	0.00587373080986512	-0.00360330160462807	-0.00592851415187112	0.00432053164283408	0.00114638583732966
0.00720731161309602	0.00587679357581646	-0.00364548858753685	0.00872618192087658	-0.011941954097063	0.00078038648275265
0.014899794466151	0.0121202223370175	0.00905618575012421	0.00408317182992467	0.000889467373150227	-0.00774448541973762
0.0125449170870074	0.0218970079146681	0.00345426642856528	-0.00799812514082926	-0.00517557845884114	0.00493186036813999
0.0137276725597374	0.00336744034256698	-0.00840201379924308	0.0149610418014212	0.0208666900282455	0.00616373306672813
0.013692393240297	0.00828132163010973	0.00175067153305693	0.0100822533089839	0.0157441426453635	0.00576060682740455
0.0134925836080039	0.00931058740436136	0.0071565319971461	-0.000154225488152174	0.0091645584703962	0.00287470320391961
0.0134174551124339	0.00667119887352687	-0.00630824340810245	-0.00920256290630347	0.00398799957078419	0.00332767117811908
0.0126695775710803	-0.00202661681458023	0.00604492703677462	0.00871544505753472	-0.00192142746967494	-0.0116124922326333
0.0127427699614678	-0.00523750850139872	0.00921041074511495	-0.00203602488460406	-0.00576216768767204	0.00108349751700015
0.0129469726683932	-0.00134969109977465	0.0122960001155588	0.00521835185630637	-0.00521309669495297	-0.00565157165332062
0.0125546671832113	-0.0056763549863331	0.00659914514699755	0.00955006354419578	-0.00751059524920011	-0.00189059062263345
0.0118762527517069	-0.0161322871767314	-0.00275762699088993	-0.0155749665488384	0.00217195515214835	-0.00942493885066484
0.0116592241343759	0.00767696498061661	0.00730973497336823	-0.0162468342082916	-0.00711658433083643	0.0131433774571457
0.0126825957978743	0.00999032808310258	0.00110157679630327	-0.00261791176678242	0.00208099843390357	-0.00896671361981366
0.0124649181599583	-0.00524736662514695	0.00740099054491345	0.00234131563241594	-0.00652516433194103	-0.0164969409719366
0.0123861611746068	0.00287808644060773	0.0115592683240123	-0.0181846581423448	-0.000748447945289223	0.00459246385286191
0.0124573193350804	-0.0201017705142077	0.00618589530858095	0.000907973128161299	-0.00910200491737628	-0.0158682916540692
0.0143265552427498	-0.00508461172351245	0.00234828037861711	0.00313801164542721	-0.00103337103557422	-0.015039911224881
0.0120195740074637	-0.0095510677098531	-0.0015363976620407	-0.00379352920216463	-0.00117545778324472	-0.00663056372748878
0.0130951906822625	0.00304045432181825	-0.000589253863619474	0.0139854085156935	-0.00918968673581664	0.00801701695383046
0.0146282167784993	-0.010145926999241	0.00489811844753664	0.0080248137182253	-0.000275637991629429	-0.00485962631758251
0.013858771033925	0.00351803190797321	0.00746068984056356	0.00357172185141855	0.0024951555357514	0.00868521967787066
0.0112234085994711	0.00146045337549263	0.0127430077209594	-0.00599757215119071	-0.00295945515386677	0.00060150295251453
0.0108934970578359	-0.0149720402711725	0.0060385654408501	-0.0241961961315028	0.00972324896456509	-0.0150183602513109
0.0123201499499144	-0.00826751417332465	-0.00536403138095103	-0.00963269328769766	0.0177590634844936	0.00505950425460549
0.0135098701998899	0.0123236055411409	0.00657096021445549	-0.00714682785590219	0.000389360893837064	-0.0110825945437301
0.00761280054213404	-0.0151150352966703	-0.00549031664594258	-0.00255114280610694	0.0097241083227068	0.0164003756447812
0.00856299376514837	0.0106911386467521	-0.0103456175625812	0.0102217207587272	-0.0193120682483512	-0.00279620269153583
0.0120108213538362	-0.017945298684475	0.00545665081384778	-0.00745255953185849	-0.00635501737875654	0.0128865552037148
0.0119252939848239	-0.0116000535056032	-0.000697814308740322	-0.003745643475245	4.36973455810229e-05	-0.00442329062694945
0.0138178038465798	0.00506070687159166	0.0017843192135886	-0.00453037196151522	0.01048242785106	-0.000311463314454792
0.0143980220072802	0.00861605968359403	-0.00126844382296909	0.00594695109977899	0.00497512641263414	0.00169203516598232
0.0144191427739337	0.0227781227264607	0.00544514361783762	0.00947863422778086	-0.00240478372423789	-0.00493812558932859
0.00936513399404025	-0.0268416168454955	-0.0305663275624362	0.00619080761016621	-0.00862789312211402	0.0146946529677609
0.00744784897513572	-0.028204822630543	-0.00559705209909202	-0.0101182588189837	0.0151485254793972	-0.00849438579730312
0.00834931292481775	-0.0105283369108356	-0.0185773040256904	0.00443445457798103	-0.00781891034786125	-0.0131562275166343
0.00826033916872897	-0.0179306792864479	-0.0199357565959997	-0.00502275748461088	-0.00826440004259652	-0.00474735457666155
0.0127155873086823	-0.00503806589091263	-0.00226745340015476	0.00712937466072924	0.0094047154996008	-0.00502400316938028
0.0143015898717695	0.00263604592192126	0.011154268199902	0.00360129396082274	-0.00277227365362034	-0.00735277017895739
0.0140174126902053	0.0124374675682776	-0.00054152789027382	0.00559070465990172	-0.00583739195563232	-0.00761848227267728
0.0131976164023302	0.00202636433404437	-0.00125660795358693	-0.00436491161991606	0.00830356341184992	0.00699306907632636
0.0127860964761084	-0.00928162604349901	0.0114809977460695	-0.00518077818611126	0.00314636228370826	0.0104367529713624
0.0123034114145824	-0.00990103913693112	0.0141871640420891	-0.00188807902259633	0.00695679187413393	-2.39545431058219e-05
0.0125145565601662	-0.0121791564813165	0.0110403689812771	-0.00164482242591633	0.012893911590677	0.00700932104948864
0.0113455771495263	-0.000580281221946062	0.00322023259763078	-0.0187713144197598	-0.00718096732894761	0.00430349149083095
0.0124543472465533	-0.00210076573730025	0.00349883240950691	0.00081742398451745	-0.0166543507394638	-0.00424895006602373
0.0132896707662091	0.0162067672153157	-0.00546848913776477	0.00900735541847725	-0.00116228118380725	0.0115598291892795
0.0148337725154707	0.0220063846086909	-0.00193003553748053	0.00403864696643985	-0.00157494271584402	0.00835199150907694
0.0149108131424941	0.0209633306351589	-0.00233426107342777	0.00423671338882283	-0.000358661674175924	0.00687501724800833
0.0101372556143318	0.0286013189738767	0.014751809449342	0.0039171136821754	-0.0450033586113659	0.0351610204616326
0.0142366286365348	0.00252828654990666	-0.0122252753367765	0.0173572286634529	0.0092231108252704	-0.00960135720477158
0.0142430792028551	0.00736041731771732	0.00442454060331841	0.00968978015231389	0.00076568671839418	0.00166733842163087
0.0111361309400116	0.0054441144999404	-0.0107306415209231	0.00135245798349624	-0.0046058769442478	-0.00364053692235881
0.0132597753344748	0.0108898705822721	0.00096662301363226	0.00345320634957489	0.00988362203739908	-0.00275102899928733
0.0130893753248496	-0.00842265046435978	0.012341219969993	0.00534670838996588	0.00420640155937847	-0.000957838309854203
0.0108454785832406	-0.015052082380443	0.00637146866620635	-0.0157325070484224	-0.00611442744927132	-0.0215736702567248
0.0125485020977587	-0.00843250929710942	0.00711722020646141	-0.00753538670786097	-0.000331698390070327	-0.0153108877831168
0.0125913069505226	-0.00134821979449963	0.0126149587958113	-0.000954319231657206	0.00706040971079933	-0.00520220004589769
0.0140508336355933	0.0365738646287601	0.0022862922504201	0.00431331421534381	-0.000788360334285186	-0.00193399205700598
0.0139379248670458	0.00597887908792998	-0.00211295856914602	0.0202486788067004	0.00365880787879765	0.0110034687270698
0.0151995615034652	0.012424965289756	-0.00925379013158577	0.0135195028081767	0.0076296095715647	-0.00062478161174311
0.0116482184702099	-0.00828328546628858	-0.0226652593262492	-0.00964885125019133	0.00576315857054568	-0.0125815850557617
0.0118025043652557	0.000263687599984461	-0.0226943858000544	-0.0020957242678274	0.0240080863733156	0.00270388519873938
0.011527984040477	-0.00140022456009447	-0.0135956837032866	-0.0181429607148277	-0.00829595838065662	0.00324583803769484
0.0117724493907293	0.0144662437591208	0.00558350813466127	-0.0187890586944709	-0.0173610885866333	0.00257656086124053
0.0121662403713685	-0.0059177939577294	0.00325034366560476	0.000760480544728957	0.00473453492938523	0.00600619750619107
0.0111152186991708	0.00240533477072334	-0.00347009736594241	0.00177179723441636	0.00334460028820739	0.0102932329942322
0.0130433981623424	0.0230547470926439	-0.00298183196522591	0.00430195414783425	0.0150882649406987	0.0208037508152622
0.013766046399474	0.007517348483574	-0.0150522922215227	0.0106780247126925	0.0091789487809258	0.00539212212593237
0.0136949025226828	0.0071624643102772	-0.0125985859698729	0.00699787855491718	0.0148394496129545	0.00110230106929688
0.0123831975081394	-0.00886182102306322	-0.0237919983283455	0.0152301816899876	0.00587839052066731	-0.00096062049604365
0.0120898378347762	-0.0234501496477593	0.00234259085325515	-0.00511731911263937	-0.00148998157322103	0.00212406816368355
0.0100288121685496	0.0149689039402325	0.00744648465112825	-0.0261438096100096	-0.00319029882255488	-0.00950865035966701
0.0127190576938742	-0.000810006251981823	0.00683610860535185	0.00015401908303192	0.00386168810416441	0.0200582515337175
0.0125524787235788	-0.00291222699741442	0.00684428753611856	0.000708648487933743	0.00345153438881313	0.0190173088272508
0.0125887944597866	-0.00285327054994802	0.00693852295453279	0.000605172646025018	0.00238220902772052	0.0185101302888906
0.00995974667149476	-0.0101171327829259	0.00299039936497789	-0.0161719262207881	0.000482579505221431	-0.0128972161782638
0.012789745002555	0.00354385603525054	0.0107652326340895	-0.00832400750387254	-0.00552121432063467	-0.0014230889925838
0.0126414288762674	0.00133044299836193	0.0135831615428972	-0.00753919793683579	-0.000146305348383817	0.00138470593710909
0.0126867228757411	0.0012487649249269	0.0132626133348553	-0.00905281760791169	-0.000392511090894106	-0.000157615066313899
0.0148606423876302	0.00755070571264546	0.00215905931374314	0.0178915983294333	0.00178609240143218	0.001957220700576
0.0130560436870272	3.42807498438492e-05	-0.00455873912013173	-0.00457566300777936	0.00152821742157129	0.00800459240650353
0.0131138205163318	0.00324911201438114	-0.000919233627334728	-0.00186079063843624	0.00053404006695467	0.0006655294368578
0.0129082008674484	0.0040210168478398	-0.00428452759895665	-0.00522974260076605	-0.000910831342483396	0.001288531504451
0.0130283727522512	0.00337033733612052	-0.00399281153537626	0.00572651356656039	-0.0112179944258929	0.00340947993879869
0.0127541187482914	-0.00167338013365547	0.0111883781396595	-0.00927628969674247	0.00664195424094664	-0.0171584430306607
0.0114927406095636	-0.0116816672955016	-0.0211164488393271	0.00735624531976092	0.00793723047181731	-0.00946730823021414
0.0120304013085909	0.0181584685572853	-0.0024230840730035	-0.00249434858300599	-0.00592458512718219	-0.0097766714239238
0.0120510264943336	0.00405540973715331	-0.00302682698306275	-0.0139438896511855	0.00867606544002271	-0.0149220359803857
0.00777422427350813	-0.00806515101533757	-0.0128125970002687	-0.0209157157659454	-0.0714718039498356	0.0344576586352055
0.0149165248034509	0.0106347346594573	0.0124640970340337	0.0141357269781598	0.00352024014441105	-0.00554023386086426
0.0106044025347286	0.0174098326881939	-0.0084238407576242	-0.0340149295600241	-0.0308526826679079	0.00151358483094046
0.0125617706931744	0.0286914977456022	0.0141039121406502	-0.012304655843338	0.00745026034714789	-0.0102702458405869
0.0100458083920104	0.0154482950841123	-0.00103343760359345	-0.00630916760014961	0.000768042834690808	-0.000953725701820261
0.0129233764152541	0.00486717340761595	0.00240466954454141	-0.0126741854633544	0.00489730874999417	-0.00969149355570824
0.0140910512578733	0.018871669608691	0.00162098231885749	-0.00598003652819554	0.00227018627579752	-0.00117283790947333
0.0126982823074853	0.00865418258484647	-0.0175213418764097	0.00886448951291124	0.0027016041705938	0.00803146689318456
0.0131167570441073	0.0282145954720292	0.00219792888948442	-0.00267700276078065	-0.00143261232927052	-0.00167530057296373
0.00845675453422142	0.0144269690161678	-0.055097393328094	0.0575839831862037	-0.0441758996681589	0.0261466320435287
0.0106969987480345	-0.003920468115609	-0.00880170170247209	-0.0103414233370282	-0.00277619378304156	-0.0338202749608118
0.0127936102837184	0.00941765736103907	0.0117405714230513	-0.00333182209201651	-0.0120125391481181	-0.010254307360756
0.0130216721097498	0.00819721474294014	0.0111760629498135	-0.00189706467350864	-0.0150745055281308	-0.00788641151448912
0.0116952848797047	0.0021478028153408	0.000757652261278378	-0.0330310444288323	0.000172118649556754	-0.0122695458223899
0.0138597326552539	0.00222131021417455	0.00762514990879619	0.00104359134127734	0.00104475452941311	-0.00509511789239623
0.0133751348731008	-0.00316350329004764	0.00541548634908595	-0.000753126743708106	-0.00448547324344497	-0.00721001903757381
0.00781090486609167	-0.0115232256091648	0.00411298825963024	-0.0330021731580156	-0.0106321843918914	0.0555041899045384
0.0122977256746234	-0.00678891386773042	0.00508554971013942	-0.00597427006060588	0.00855963848504259	0.00912949002365689
0.0126061564673581	-0.00878275074864606	0.0113270716905796	-0.0113819525999634	-0.0129862175698653	0.00391889266756332
0.0121617227550966	-0.00534392526388785	-0.00418041052422198	0.00429518394947953	-0.0127720358440257	0.00879670164318163
0.0104161067279838	-0.0041517185770291	0.00411762088763444	-0.0338585348629441	-0.00180550340998336	-0.012626142970266
0.0124346376790668	0.00277775038379713	-0.00156424659393195	-0.00941130941103612	0.00659397322432257	0.00168226402292977
0.0125852952834188	-0.00621546410650924	0.00835782897269191	0.00370176075671909	-0.00571445236360092	0.000268184764609912
0.00705568788625387	-0.0327057900819503	-0.0184562295536498	-0.0169387512475139	0.0347990406123808	-0.00264166241520252
0.0121511845090277	-0.00203122816006262	0.0121703409561796	0.0072184210467159	-0.023813670761373	0.00580799887438393
0.0114514382214478	0.00296315165518578	-0.0166467258707385	-0.0163689879431186	-0.0231443102840007	0.0133409985556748
0.0123200073865779	0.000206038694597617	-0.00272377737367858	0.00862557413525844	-0.00641475649173201	-0.0117913668457867
0.0152611056125311	0.00687552568423686	0.00524173080281208	0.0105631036280292	0.00566316384379113	-0.00637469037807946
0.0116036185896881	0.00454949064146941	-0.00550799835304061	-0.01504620021378	-0.0103184684936451	-0.00773126397200226
0.0112264063572126	0.00706951398048266	-0.00689124634794059	-0.0155229458163705	-0.0151984322041186	-0.0173456655851295
0.0132646300831012	0.00147507752290371	-0.00457348155539559	-0.00883397214621813	-0.000729319205266784	0.00520218500648393
0.00967473274355085	0.0372929437798213	0.00352445874203371	0.0260713305930718	-0.0386655180924772	0.00518970973035672
0.0104105908911531	0.00625724100757073	0.00752077357418747	0.000819901643279018	-0.0252604694920802	0.00806272076082054
0.0116711643589267	0.0170920852385659	0.0101112560931035	-0.0176093498967014	-0.00738647525904647	0.000414863877317522
0.0129769917081233	0.024632103003272	-0.00268771320893124	-0.00238330680735914	-0.00955532557167625	-0.00777542536314944
0.0115793619165696	-0.0164065144679093	0.000592724947032596	-7.74729889334563e-05	-0.0113905223286472	0.00158699575929804
0.0134978587144606	-0.00286291931825	0.00996741079055689	0.00407751640575882	0.00884666822184953	-0.00329151258541799
0.00872432602917934	0.00541805980412675	0.00972758010292611	-0.0156053643389222	0.010962838150267	-0.0153215695564017
0.00473511733589904	-0.00912419958170884	-0.0362594892977402	-0.023741032838514	0.0305658005215045	0.00781066040694167
0.0075364956696045	-0.00839656617022833	-0.0448124030615044	0.0124823940471696	0.00872371347834688	-0.0553081396712564
0.00772750488429691	-0.0100051662938659	-0.0433307546152303	0.0181769632289332	-0.0158061451611786	-0.0513568987351127
0.0124448272228165	-0.0255869525325026	0.0242104579763201	0.00601321593594474	-0.0194042612153974	0.0178445684350248
0.0122796379163626	-0.0136306422845725	0.0138400512009077	-0.0175540083000825	0.00587413271185246	0.00149571177421454
0.0148146984889226	0.00733773965669517	-0.00174002546800351	0.0139016188695239	0.00855132499109795	-0.000430718870113794
0.0136886051579775	0.00170791159272949	-0.0014543937643489	0.00857284350062651	0.00156483782141225	0.00242638022742649
0.0131186856698068	0.00108684977857339	0.00316357048475248	0.00153506279856837	-0.00534076329649443	-0.0141048492152454
0.0116218883660271	0.010148547140465	0.00228478434925805	-0.0116047411625109	0.0016187550654772	0.000735612518338079
0.0139008155585182	0.000461228303301401	0.00350801240530057	0.00892174828327629	0.0107705183631664	0.00511055215891558
0.0138096214738081	-0.00354951311042674	-0.00100557385019057	0.00236593747644222	0.00131074986147126	-0.00710484026924543
0.0116160124469953	-0.0131569617781825	0.00955095552805788	-0.000591864953079045	0.00239666076066224	0.00675735398192934
0.014317612075887	-0.00218786029342039	0.0152455340811531	-0.000390829186192897	-0.00265186775841829	0.00199060100856126
0.0128583233316159	-0.0122364505192673	0.00395449314919432	0.00762215767085785	-0.00584039980023336	0.0140739401451427
0.0137849557646636	-0.00281400936334621	0.00152634041349011	0.000218164900014002	0.018697058692521	-0.0052329645745502
0.0144350301275054	0.00463681888601573	0.00239573469599317	0.00793553113139763	0.00135681255126091	0.0110827829376703
0.0112516316934971	-0.00345557751872381	-0.00246242815731831	-0.00841317220354736	-0.000617368891388511	0.00203263385920162
0.0126628655954803	-0.0064803748306976	-0.000676298625305935	-0.0144624828673703	0.0015330721168184	-0.00504180325922742
0.0141801804337948	0.00584949845219913	0.0104629177492353	0.004528970003284	0.00157370742171103	0.00399925641925976
0.0120514419293527	-0.00669724961050962	0.000675165231979577	-0.00467793155681965	0.00216515193462347	-0.000523229678949976
0.0131343864762653	-0.00473222057184784	0.0110707432375881	-0.00141069512539078	0.00630534866352793	-0.00468711460168386
0.0130571910018869	-0.00245654726135195	0.00894808563164369	0.00880677466890726	-0.00269328308813325	0.0039233710967069
0.0152659341298883	0.00576517617122297	0.0116010656947878	0.0092905049104703	0.0119132461891637	-0.0020565486573765
0.0140804780014218	0.00527309528146419	0.00160166991706191	0.0122039794196773	0.00307606652312083	-0.000856661576114555
0.014565654979502	0.0132606887241563	0.0111649823028728	0.0164668453488136	-0.00263426560031687	-0.00258088999197557
0.0127638392423373	0.00306878582604153	0.00740366128705506	-0.00492859803228172	-0.00886355612024722	-0.00397325528601591
0.0126905425021392	-0.00333284384827865	0.00565997737019599	0.00415151475253909	-0.00984747159112893	0.00161642905048138
0.0127396902115033	0.0113268725053823	0.0111364970894297	-0.00506772122694272	-0.00197004023725317	-0.00192702918701457
0.0125661302073677	-0.00739610143691129	0.0014138804939481	-0.00698350985963227	-0.00222809166875025	0.00489427284943026
0.0128521155025709	0.00860514738916944	-0.00189075286673584	0.000200734902532609	0.00500966427197349	0.000409184775257206
0.0116417743030768	-0.00270890725905558	-0.0141976738666336	-0.00754975399592525	-0.00969751331547032	-0.0271006342490722
0.00828958163891642	-0.0142776183088427	-0.0153296411842214	0.00221113104719646	-0.00931018686088817	-0.0303913526504709
0.00895061279786798	-0.00159582470762979	-0.0356282869188173	-0.0112580244202108	-0.0039971882452268	0.011807612830927
0.0103928055002499	0.0265141376053774	-0.00294271769682576	0.000742569106827906	0.0211207556367662	-0.00124332503303688
0.0121239719335352	0.00565297396560309	-0.00182955929425057	0.00375394415990403	-0.0178762783936801	-0.0240328910735119
0.0119624062987882	0.0242765508117054	-0.000680145408081174	-0.00781048455972256	-0.0118739611479542	-0.019461681169033
0.0132810660304552	0.00123218466072982	0.00201814739324759	0.00446965395921208	0.00182881789732006	-0.00176757295617304
0.0104116140892257	-0.00440726429074504	-0.0114503816214413	0.0141000959901755	-0.0141270022112628	0.000851753765290449
0.0134175062371768	0.00252308286035261	0.00585666781133662	0.00804441751843185	0.00368602138844369	-0.00256876762037939
0.0133217757829922	0.00244593859723638	0.00691856094474678	0.0136780939513232	0.000303572571603636	-0.00591463654967046
0.0133973292752932	-0.00887940989243133	0.00504829562376053	0.000435939836466283	0.00498477193760434	0.00873186985842613
0.0123884046159418	-0.01446969361135	0.00291188557414098	0.00377042586439516	-0.00583163975765656	0.013474233190765
0.0119479418316634	0.00159246604539385	0.0130031547308712	-0.00315703373587664	-0.00570637189534547	-0.0173541019524956
0.0125991063271416	0.00492423710454415	0.006513129462028	-0.00571061437514784	0.0107310660707299	-0.00375322146651171
0.0144693375599856	0.0034687620068623	0.0121753525129674	0.0110380707213575	0.00397394719839632	-0.00210177536937311
0.0105259181438208	0.0068064675879196	-0.00873059119880401	0.00373149208661026	0.00343282441797408	-0.00165656896779335
0.0108502845312387	-0.0127947584898675	0.0219365616105277	-0.00645101341348943	0.00847844627231115	0.00596065984731573
0.0135392845728219	-0.0202440122180074	0.0173905968030174	0.0149707753779271	-0.00814813456636502	0.0214528163066049
0.0111596986926176	-0.0115237309623363	0.0119754704832132	0.00295540717980804	-0.011414088948673	-0.01340646465699
0.00955961429217887	0.000400101336504638	-0.00199912572329244	0.0187569887184335	-0.0258592374954295	-0.0213958490487487
0.0095331802343108	-0.00392765145102896	0.0153530439009783	-0.0145371722338236	-0.0343131266982005	0.010389286170466
0.0101901294241469	-0.00593660420844208	0.00387427520359234	-0.00031130727244567	-0.0158418527062255	-0.00375842656486348
0.0102180946209646	-0.00459648028383637	-0.011561294965075	0.00454644254467906	-0.011183494414086	-0.0207155585237412
0.0118774844761159	0.00414721980975821	-0.00261378569203213	-0.0145461502447244	-0.002223114934361	-0.0146538381727107
0.00934450915586112	-0.00801592698705666	-0.0128863159546911	-0.0277550081674074	0.0162473768768907	0.011010584830797
0.0117134637016559	0.0062666956797062	-0.00257911495493534	-0.00399591474150518	-0.00848050774862875	-0.00108399279435484
0.0108192761934603	0.0157383910836255	-0.0300911863809425	-0.0224081529844722	0.000354528903698948	0.0230565016378651
0.00743124432651547	-0.0127674921551568	-0.00645746709745566	-0.0379906575771776	-0.0593514321100687	0.00781142010249744
0.0125426115817521	-0.00251427153444743	0.00749078579014828	0.00813061072555474	0.00562428783271552	0.00357012589599463
0.0121745080075482	-0.00759223505493861	-0.00785135377963911	-0.00944094299864217	-0.00507858637043048	0.0057674454333239
0.0126662740369598	0.0257448689906022	0.00348548658141059	-0.0169176312725462	0.00484210856221891	-0.0145177067422981
0.0131262851542165	0.0266796989792864	-0.0169042431459372	-0.00107901926436766	0.0169848374587559	-0.00167285805164215
0.0138167734573143	-0.0070018079616948	0.0115237640417113	0.00699295241644471	-0.00417086899418123	-0.00827503043808089
0.0138848372085586	0.0126802708789771	0.0101569835280449	0.00616108535691427	0.0121741507739956	-0.00163827748119486
0.0124938083619127	-0.00211500516311534	0.00494234079667849	-0.00366671575917492	0.0203325965925777	-0.0172315423563331
0.00863434015811534	0.00474943549453188	-0.0425807909389363	0.00603014645292926	0.015177868173397	0.0139511938179485
0.0105505831988418	0.011520601850576	-0.0221942828073019	-0.0089297815367692	-0.0145251014486439	-0.0207365221984037
0.0128239850875341	-0.0070865408347886	0.0090553850620141	-0.00861848212850128	0.00159401286458389	-0.0031396242652851
0.0112672997416097	0.00205354304169174	-0.00829476954590454	-0.0171052432974927	-0.0140569936353335	-0.0107659818806218
0.0115942798636496	0.00618343404590273	0.00351128274439838	-0.0250833126965081	-0.0205497597292289	-0.00283990368616264
0.0125877627882818	-0.00358581432634454	-0.00187648690395757	0.00337127673520607	0.00315669487628798	-0.00665512714699645
0.0146028552444866	0.00224891495364414	0.0115387521683883	0.00597097112469677	0.0013513738450258	0.00313497226531047
0.00956100117775396	-0.0051615018004168	-0.00502669673822479	-0.00760474702850386	-0.026946742871236	-0.0102406590056968
0.0132421231040783	-0.0141369967438651	0.00904222237719682	0.00549131138893185	0.00759379986617412	0.00549794531643436
0.0109809079456694	0.00381240988794043	-0.0218273243470182	0.0150096168346492	-0.00453153460324633	0.00465201568781086
0.0144033111004824	0.00597220484137568	-0.00482118263091606	0.0119215555671557	0.00352150964043774	0.00439393836013452
0.0130108889310241	0.00138345188755714	0.00745589776347031	0.0057976491651852	-0.00358704629892571	0.00216219385740436
0.0137125493952018	0.0042283781146236	0.0173872009959096	0.00775042203788982	0.00361599354427765	0.0028907744069737
0.0137115320260772	0.00423826747638785	0.0174412639129233	0.00759976435784611	0.00342449406879887	0.00293723605766395
0.0135530983557373	0.00329474201452572	0.0019104142981603	0.00997829372854179	-0.00359598130635951	-0.00704844244989378
0.0126048604429531	-0.00189046808173633	-0.000371162147922772	-0.00458945249278781	0.00826393939771261	-0.0137967182383143
0.013180753853656	0.00274058668994752	0.00622674987799969	-0.00365367551357257	0.000790022905622178	-0.000161378213276931
0.0136521313325132	0.0259802720587005	0.00686275905847855	-0.00910854951807198	0.0010056490943173	0.00705314792797026
0.0134109809246104	0.0289215651821815	0.0111349599236602	-0.00609377230817683	0.00809322473838002	-0.0126494467954483
0.010382435507532	-0.0139896283818914	0.0166538876394789	-0.0221890577343668	-0.0161395985980392	0.00463272836846105
0.0119408103628309	-0.00436602488589186	-0.0132449917077423	-0.0115403149489902	0.00213673218457297	-0.00721141187969414
0.00737244592637347	0.028301920415839	-0.0502113005433824	0.00918700563692876	-0.0210680003801979	0.0339968979291387
0.0146221688223785	0.00169603616718086	0.00142229898600916	0.0106087873193633	-0.00258980058445476	-0.00943216007237953
0.0136972480922667	-0.00128574650889604	-0.0115156482597501	-0.00190023889494787	0.00718345612005893	0.00191379692244165
0.0138044487889884	-0.000298552994331304	-0.00936894151194226	-0.00201149725433725	0.00766809270839257	0.00256109288612398
0.0116838375062524	-6.43192335206769e-05	-0.00957602488776772	-0.00466158704190808	-0.00947951408338189	-0.00226543048636152
0.01189441634258	0.00282037210832917	-0.0069107633593938	0.00576983044701479	0.00251648388062105	-0.00489557772322161
0.0138940132983075	0.00831209162616382	0.00293426347210813	0.00602425399054213	0.00372615493459463	-0.00142077704274187
0.00952833232023414	0.00660583871392837	-0.0446878287749633	-0.0186861654737793	0.0286859664089069	0.0210546075463983
0.0128941423000202	-0.00158141701921546	-0.00656953149709799	0.00346627294887942	0.00874428913875018	0.00107774869077102
0.00912091786770546	-0.00198519117928607	-0.00578540693070797	-0.0244217410186211	-0.0249056676314092	0.00721792855427714
0.0081199297354972	-0.00070465155728168	-0.0133623932827221	-0.0360863407458802	-0.0177147441738735	0.0183339324847716
0.0103364800515152	0.00214660612458284	0.00167205063483014	-0.0097372585771492	-0.0191710442387113	0.00215591880693358
0.0107532187896817	-0.00906403933891119	-0.00324183472727283	-0.0360597684078569	-0.00724915920531002	-0.0195482981490919
0.0138238811300558	-0.00580377495714866	-0.00942796321019911	0.0132770661240988	0.00593795822741371	0.000499674775697755
0.0131380902289672	-0.00161808788906671	-0.00640214332838761	0.00720404608949314	0.00601498251941151	-0.0134785524763966
0.00749371904985386	0.0100889050047438	0.000119897570487702	-0.0208550343514223	0.02208930172179	0.00191099047970629
0.00798457857870878	-0.00900250976631726	-0.0138438077050214	-0.00740710498944423	-0.0205653243344192	0.0428087709216403
0.0133435923079942	-0.00605650910821972	0.00427430774837688	0.000802632611558585	-0.00508895674593477	0.0102230491670168
0.0125690386131712	0.00829186180190295	0.00656464394430869	-0.0192084235126605	-0.00409975991816478	-0.0025440871181874
0.0153704249770606	0.0112819588114944	0.00150433420435597	0.0136005033785359	0.00668079720570665	-0.000741627093947708
0.0127151481026784	0.00773658628823552	-0.0112605271643075	0.00991848160458164	-0.000108748944743837	0.0113175539636843
0.0144904554788936	-0.00624014577966805	-0.00468733853379859	0.010924338495863	0.00210204838553578	0.00110689010508065
0.0137292754237822	0.00570158015393633	0.00687369730676197	0.00110513800010662	0.00438946983083474	0.00565565560995158
0.013790344328424	0.00469525589355174	0.00614742542465654	-0.00146436742747103	0.00547146849356551	0.004024584334834
0.0147532827007109	0.00654956822897165	0.010241579983605	0.0101342654772561	0.00984140131642308	0.0035934288736057
0.0125184593032797	-0.0031743235695125	0.00246752819538264	-0.0092826548333701	0.0115816656917721	0.00462134853486797
0.0123555178341448	-0.00203304896228864	0.00435201847185967	-0.0117855706706324	0.00528136803978985	0.00136768830359674
0.0116496469176752	-0.00508537541152007	0.00589270081895338	-0.00243604230199508	-0.0181645520511286	-0.014649782196114
0.012900079907472	0.0184971917087662	0.00696291217907009	-0.0150972478121137	-0.00088206002515506	0.00263337041710709
0.0119368733202941	0.033120151405225	-0.01210663737767	-0.00485377076918308	-0.0131461294951851	-0.00605211334085925
0.0135219725021636	-0.00545089326659678	0.00970197304764639	0.00743947447765261	-0.00145900552635571	0.00986948860678259
0.0143081667014707	0.00188585481545947	-0.00606636617113573	0.0087249445867558	0.00659961197796145	0.00272864995367044
0.0150530862014393	0.00409179495640234	0.00571669107655725	0.017205671245431	0.00832095106640395	0.00247651778274958
0.0158299336594034	0.00299321050805521	0.00598705849983293	0.0153771495839626	0.006932635160927	0.00211768540601297
0.00887733364557965	0.00407406367759177	-0.0241232177085718	-0.0405507286646612	-0.00385011849831935	0.00142219224930387
0.0129567132628678	0.000213181679439291	0.0104058094646349	0.0136773401569783	0.00341626765516251	-0.00400334005393122
0.0125299236541499	-0.00840199071724011	-0.00381157117049806	-0.00131468348376479	0.00652274374797079	-0.0049070255166547
0.012817601162375	0.00570617531332024	-0.0100547540231061	-0.00226823584487091	0.0109939741416655	-0.00347310775258239
0.0115430065922507	-0.0034507010006801	0.0117540020300967	-0.0163035789782815	0.00920108097548621	0.00183944863795886
0.0132629069571404	0.0111544623471258	0.0038473035003035	-0.000530827786689029	-0.00521304684305404	0.00316956865531952
0.0120704118281245	4.09935862966636e-06	0.000762172500861464	-0.0120951081575076	-0.00894657591929311	0.000271169957125294
0.0136185317348252	0.0181333261125907	0.00241779044820209	0.00243475181162019	0.00317471480037406	-0.0061320065570185
0.0123018045728032	-0.00505426135504087	0.00247869387304062	-0.00270399534903769	-0.00942962053157476	0.00573878588582636
0.0104708311640196	0.000741404626743626	-0.0136815098272247	-0.0154006526536292	0.0193841936354412	0.0260576870942486
0.00827528730317851	-0.0172098560389343	0.00118658774300134	0.0232952411720274	-0.00937518309200835	-0.0580244322221899
0.00589729348044578	-0.00307181852360036	-0.0243123307202981	-0.0156737714016177	0.0218299409195765	0.0303789502268609
0.00845230669261141	-0.0222814091572837	0.00832823539331769	0.0143878725256348	0.00761492232594095	0.0438004007206409
0.00986665233853912	-0.0205725258001555	-0.00579357009899223	0.00481394728699056	0.00506714322564404	-0.00267059644243681
0.00950840628776616	-0.00573248688292779	-0.0237684803965966	0.0282858863165286	-0.00899455382066989	0.0147500930501514
0.00962623907767766	-0.00488997599406955	-0.0260423162513068	0.0213875583036752	-0.0168195294274021	0.0086055541775912
0.0127953845169756	0.00791237756138221	-0.00415955352667973	0.00706386942949671	0.00330817369497747	0.00592256568615146
0.0137442077469196	0.00132552077673065	-0.00879938444314449	0.00685705329868533	-0.00599116056693141	0.0134423295640745
0.00824989242115919	-0.0185425797195457	-0.0181677905009604	-0.00350612543598451	-0.0226896612820788	-0.0162380612747869
0.00914673153442012	-0.024398456312669	-0.00195082891331287	-0.00803092290743241	0.00561728704185466	0.00329432772607552
0.0117380159657512	-0.00216994398328519	-0.00581484317561813	0.00103867364557733	0.00477629420630605	0.00134748452511609
0.0117556191083271	-0.00494270775528938	-0.00997447229659926	0.00695773083314059	-0.00544596917846333	-0.00718746407317885
0.00932328815450291	0.0277710248704357	-0.0329123128092797	0.0168507618756846	-0.0157944859801672	-0.000174395781765762
0.0117825148947588	-0.00245375509821995	-0.012721181857422	-0.00498487260375195	0.0185234802247536	0.00245118835770041
0.0128706331659624	-0.00135425902779815	-0.00523281468342926	0.00858923682340534	-0.00391222545854345	0.00957570489215926
0.0141333696710227	-0.00136360964450739	-0.009037945190001	0.0124979946746364	0.00627159730545318	0.0146395549004588
0.0120514624481852	-0.0044746870584069	-0.00256289148798631	0.0148569574691739	0.00636484128860947	0.0231648409921236
0.0102228427638257	-0.0115901569736531	-0.018027049546867	-0.0270148186435664	-0.00461648182637821	0.0122053563513644
0.0117339533121609	-0.0111156976180541	0.000238816803655956	0.0112693993845339	-0.00820776875896662	-0.00249109498188452
0.011010511373399	-0.00217796838803348	-0.00192316883126061	0.011034726410435	0.0190939417299608	0.000643031732186152
0.010516236618167	0.00239545016264105	-0.0201199270726731	-0.00998619190617366	0.0166032716497164	0.00702879448727487
0.0110567671442087	-0.0172028568430718	-0.00952539338662983	0.00467615762538109	0.0140160715847141	0.0154079474420964
0.0110526892757271	-0.0170832510139226	-0.00831721252348394	0.00619084825273335	0.0158693275928061	0.0160339108541947
0.0111560788230928	-0.011561130369154	-0.0024129453457772	0.0174163006698555	-0.000982360832743796	0.0323285546158616
0.0101201746335006	-0.0218812816399277	0.0052457665563506	-0.0165896932185575	-0.011200663981493	0.00130661801272465
0.0123165050285757	0.00906222979490598	-0.00890598062962903	0.0195557471285716	-0.0141486933896741	0.000703044030698592
0.0126538569045237	0.00298770867280795	-0.0059990452092195	0.00136063663725248	-0.00689195576532363	0.0053666199734794
0.00631695755964908	0.0112685191372996	0.00049053734107595	-0.016729230303006	-0.0491841357301184	0.0226033112406751
0.0125642980629475	-0.00376673355896788	-0.030427143271256	0.00939781508659738	0.0270704658794834	-0.00465319601894547
0.0104467034181679	0.00758630530964015	-0.00159710712510704	0.00504787269046473	-0.0232089072422985	0.022422764283968
0.0124866386999277	-0.0174264212222522	0.0189611184973544	0.0131630071708325	-0.0124238059633518	0.0102883680717148
0.0127224101140852	0.0211624112958462	-0.0122448010230749	0.00619307769767334	0.00447220769291817	-0.00944919786301386
0.0125534793989452	-0.0196760316152875	-0.00703305477558682	0.0263951658942834	0.00958592403018419	0.000893748643555995
0.014374372475045	-0.00247739864839031	0.00877331215212018	0.00554533389650359	-0.00115614305554306	-0.00121276837078195
0.0143788105302306	-0.00286926237724836	0.008880771569213	0.00576333136663113	-0.000147404405397225	-0.00379742314288942
0.0134748701538466	-0.00963068547703662	0.000639309899101536	-0.001210203560932	0.0108174907352733	-0.00231782982353524
0.0145284073483901	0.00224286402203227	0.0101872752497728	0.00443614338977431	0.0151213437776854	0.00776636344743686
0.0164863040829977	-0.004119481887453	0.0100947687611808	0.0308851766094634	0.00661102718233688	0.00270156864654259
0.0153085356738914	0.0127858042750661	0.00135347349612159	0.0226272467696908	0.012279425927978	-0.0104280063880356
0.0157784338926358	0.0221962565806214	-0.0151853707595182	0.0173981849544323	0.0130768796422294	-0.00534336369145741
0.0137382049412762	0.00416603906487468	0.0103973015736363	0.00613827900493894	-0.00406717780676348	0.00857949024819804
0.0136528385941428	1.75688239532115e-05	-0.0011081956661596	0.00470075243282199	0.00296889842913495	-0.00105228615767649
0.0125762906424006	0.00240313713849936	0.004716890369567	-0.00583989042100025	-0.00782945148206517	0.00345853147310522
0.0119515567576984	-0.011293358805511	0.0018897002279106	-0.0123546053444879	-0.0150440900586215	-0.00345223503597509
0.00970963517436213	-0.0242089282137172	-0.00116356096326171	-0.00376817961819859	-0.0483060494055311	0.0170824067940808
0.0126169581853667	-0.00717319380947239	-0.00159330746571196	-0.00965018284187204	-0.0122194351870533	0.00833976634732993
0.011732836692162	-0.00369293442976861	0.00453837893484668	-0.01113576358016	-0.00862494496672374	0.00189523689056106
0.0132107441501752	0.00156034833452038	-0.0140279703677207	-0.00451526437156327	0.0071254477723351	-0.00752243747892591
0.0146349558976525	-0.00171848710808207	0.00792801668720355	0.00990141404318993	0.0143073150507397	-0.006146152544753
0.0142251788514973	0.00387355077926431	0.00414421854935968	0.00566698340130065	0.00325240719658672	-0.00152317271245399
0.0148383624308063	-0.000276619058519178	0.0143564528206832	0.00681165725471021	0.00161307642727953	-0.0109631870606488
0.0149088671068966	0.000298744167679373	0.0147638728816311	0.00708661284120529	0.00398525933745479	-0.0116877992847047
0.0115557013976623	0.0104446171685159	-0.0239230208706898	-0.00941387169554923	0.00263976052509583	-0.0327262366655129
0.0118655280479739	0.0118695165901165	-0.0273987054707964	-0.00397718772157612	0.0110398702498662	-0.0282093951988305
0.0103088497149827	-0.00811528538553265	0.00978383615880317	0.0129682827809403	-0.00262071117206139	-0.0119848520384607
0.0118972236484951	-0.00672853710816462	-0.00318498978297389	-0.000391141835369824	0.00105378711913044	-0.0118435261119599
0.0126066074178779	-0.00675330146727945	-0.00165352256658607	-0.00706986593862605	0.00754576490480314	-0.015442472981658
0.0151706803650458	-0.0150878649735892	0.0119923165385666	0.0264227479319308	0.00591912753327936	0.00723920286187744
0.0142027265715469	-0.00189589097865232	0.00346521220461355	0.0116775456036773	0.00118328968986673	0.00370587097392241
0.0118109015655613	0.0101552500209793	-0.00329875138161596	-0.00582229262726963	0.000644690058583653	0.00929838635213747
0.0131102927182961	0.0003776474299477	0.00153750177368197	0.00949041887685721	-0.00445150735893931	0.0115874494938958
0.0121512124634631	-0.00321328296154662	-0.00509075716271634	-0.00688502331844366	-0.00969345531119246	-0.0257821235936386
0.010091441583187	0.0157013059098613	-0.0190072029650432	-0.00882393073345122	-0.00941612532726967	-0.0136434537690706
0.0137715806679307	0.00425574366789449	-0.0062156578809544	0.0032756118974906	0.0038979124534976	-0.0157524970754981
0.0129204269573134	0.0122029181904212	0.00799164989803535	-0.0054969539752061	0.00413371744448787	-0.000788236765076004
0.0133273793481603	-0.0019802516302564	0.00675712621319818	0.00933768701110541	-0.00765125272812072	0.00105881723314533
0.0129705826842512	-0.00292351957201624	0.00200098888121676	-0.0131778720194617	0.0169363068829383	-0.0162479564658794
0.0125589628755215	0.0255322108338347	0.00943978502661205	-0.00590452499651799	-0.0163422902052425	-0.00118754646130714
0.0141494716305568	-0.000343475450288049	0.0027351779621814	0.00634545269944053	0.0105396037748396	-0.00870854323101143
0.0125004575762675	-0.0218251585721109	0.00955229053500118	0.00931509756819689	-0.00779108250596132	0.0124351812436962
0.0137110830804646	-0.0107829406654013	0.0139612055895327	0.0161923567259065	0.000645685105831673	0.00374989126228928
0.0108089645437932	-0.0118052114928354	-0.00155164481400212	-0.00638010718429467	-0.0125997863181083	0.0145794032319533
0.0129401471378179	0.00188324911089817	0.0104616505593967	0.0076709984696523	0.00846818916409715	-0.00842723745727074
0.0108682730509042	-0.00144676405003557	-0.0150970054308021	-0.0117300796635695	0.00993430989824311	0.0136331231377131
0.0111159488759904	0.0011958902091417	-0.000896772446651997	0.00650449808225738	0.00961028258974243	0.00650242215065113
0.00856247852473893	-0.0199620006343888	-0.000434466659550077	-0.0272657127654953	0.0107734276431401	-0.00955163294754063
0.0120720126682868	0.0128350695640809	-0.000931222941083441	-0.00187579493825162	0.013201969268066	-0.00951724162301937
0.0104717505005839	0.0126485916233545	-0.00104889225112539	-0.0278022021620355	0.00286838301427026	-0.0207462563828173
0.0129160142267912	0.00327602566732686	-0.000316755975252998	-0.00406024787485206	-0.00705114629274738	0.00058177049006549
0.00754233333363203	-0.032980236560872	-0.00359607805014459	-0.00661610099922598	-0.0380304518258441	-0.00274264931273356
0.0118237187310862	-0.0160440001599174	-0.00305919410536392	-0.0174722859346904	-0.0045897136038848	-0.00677739228861782
0.0123218297139539	0.0046351606725334	0.00146921153964974	0.00159085981260257	-0.0122411359337342	-0.00414150965455913
0.0140154038194594	0.00195460476510788	0.0103166802035918	0.0140433500803699	-0.00470771983519906	0.00317522440115504
0.0134433914508246	-0.00476487863524458	0.00634108645281949	0.00261470665834057	0.0080323429946799	-0.00750093107572301
0.00827457056133517	-0.00650977237907411	-0.0197189080010415	-0.0174222780155188	-0.0425512638779556	0.00263839175792799
0.012713362516721	0.0146470620975965	-0.00434425606607601	-0.0131109852722611	0.00370510095163585	-0.00634676881188665
0.0163769682382276	0.00743033581047215	0.00655955726929382	0.0144579704333731	0.00263175329749814	0.00565876442011087
0.0136386035204064	-0.00296183403464841	-0.00705438763290014	0.00395647734921579	0.00682224211454969	0.00084414005579536
0.0123267299063363	-0.010717365574273	0.0173331708740401	0.00529542255118379	-0.013585391951549	-0.00320627549520563
0.0114405129315309	-0.00175478302910535	0.0025688602166593	0.00406660541173934	0.0119367649180079	-0.00703859340010965
0.0145459095004948	-0.000562755726365747	0.0175319567276465	0.0136316913619346	-0.00156242746821396	0.0116710933469475
0.00910448815824219	-0.0135303719983968	-0.000806440678591115	-0.00228881243340495	-0.00453152650346079	0.0154318202941045
0.0111894490342079	0.00979831526097679	0.00161122833833632	-0.0134312056666098	-0.00823406605702741	-0.0057055637928079
0.0110394306234702	0.0176881644777965	-0.00732662747551886	-0.0197439908307665	0.00491993926669957	-0.000238038417363159
0.0121448639347561	0.000208853029376263	-0.0117557363435469	-0.0148483935056742	0.00841543926762034	0.00650455095059221
0.0113128489808835	-0.00139642717669259	-0.00439477360519067	0.00449644124014149	0.0080686884722909	0.0144437634524288
0.014391671855049	-0.0137014195898613	0.0148234050027301	0.0320358494273215	-0.00327519933372687	-0.00689023313831316
0.010975823377036	-0.0093081864913556	0.0327592986934444	0.0281866290798797	-0.0161221827134234	0.00381327581027315
0.0110895412981627	-0.0100139675555436	0.0294416004321912	0.0298190791377172	-0.0151960059409271	0.00138736797163593
0.0118181843721367	0.0111700794082598	0.00287924079054181	-0.00170035064323117	-0.0184401267539775	0.00947235648180935
0.012232813779251	-0.00601567329070346	0.0104370065823438	0.000330544616776163	-0.010740379522333	-0.00255044159378654
0.0115580043236346	-0.0162941598206993	0.00889422325311794	-0.00981624572524951	-0.00161147842011641	-0.0117366743098817
0.0105071463204142	0.0296998385426636	0.00960337828306988	-0.0386000381720787	-0.0148363011156769	0.00692299412261486
0.0125146288587478	-0.0104781109407389	0.00255926155807437	-0.00846496967044167	-0.00821953686767467	-0.0017894784068148
0.0144824868063268	0.0152897821955657	0.000728161119720013	0.00139039585572904	0.0016433833866744	-0.0117379703097297
0.013822118716993	-0.000463787988083863	-0.0011236374382971	0.00476687725456493	0.00121023928191902	-0.00410034157515212
0.0126693142627551	0.00902539620894326	0.00068588521059528	-0.00367153599340171	-0.00279579119854895	0.000362791818894651
0.0133527494692434	0.0284622999616134	0.00264192759201116	-0.00405487994225198	-0.0155607209336326	0.00672554064671632
0.0138300580430606	0.0102788414454812	0.0119327087281822	-0.00431416994316812	0.00793200722427535	0.00436279740434212
0.01173959377995	-0.00984966328305019	0.00196869379785289	-0.00137994774181621	-0.0108071965762794	0.0135121722085378
0.0135460820479338	-8.89476380436073e-05	0.000953068504831192	0.00184733752426654	0.00378546142052146	-0.00681899457872449
0.0138909206975841	-0.00388570089086505	0.013709629730215	0.0213427755265316	-0.00124412615456566	0.00666838455227709
0.01218303139104	-0.0122027640357664	0.0131072935633707	0.0116350338732281	0.00237713964834927	0.000661047118944926
0.0132242538335715	0.000207989047764941	-0.00840969845594509	0.0106467010261196	6.90783623101005e-05	0.000267408399280357
0.0129493333767662	0.00216364564182524	0.00684538780426773	-0.00945551875733257	0.00464495203444512	0.0034247322485281
0.0126695779420536	-0.00557758308987043	0.00399158618015456	-0.0139232207763299	-0.0136647813024139	-0.000102607943790971
0.00892162663796237	-0.00815705537704439	-0.0027944795785927	0.00898019206367185	0.0295795967581097	0.0328702508348498
0.012611723374126	0.0225758118708089	-0.0123933395006051	-0.0119875333406771	-0.00578187298537499	-0.00766605085230062
0.0127771046351488	0.00941400851471037	0.00300253007051182	-0.0100881888796641	0.0057170656070997	0.00357748483176019
0.0122091029299215	-0.0116124239483781	0.00312865148858682	0.00262600477457892	-0.0155472481646686	-0.00415675638709474
0.0123469620436027	-0.011773012949953	0.00436493824399618	0.00214486463007238	-0.0164584094956336	-0.00707303666224289
0.0136921457916362	-0.00691116646940041	0.010562461284883	-0.00275378725772818	0.0187008750353033	-0.0121597040662766
0.0128964057416985	0.00754495790283166	0.000829503895903096	0.00105888134916167	0.000155576186953879	0.0059676838806724
0.006910014262102	-0.0282811212816651	-0.0353128788530511	-0.0398146222757064	-0.0350525370141705	-0.0150226589416901
0.00728697386055593	0.00204490251784943	-0.0130344546953088	-0.0249410265685758	0.00280277769561719	-0.0378045627115607
0.00822619183823286	-0.0217634947684179	-0.0211485617895065	-0.0356304772581163	-0.00312670564433992	0.0256844793782116
0.0124440634578679	-0.0168178725504944	0.0138889670076644	-0.00458374950687379	-0.00358527375144101	-0.0155646571717669
0.0127539059362439	-0.00825601593219279	-0.00217655600003071	0.00102750903064782	0.0124169918771743	-0.00992269803795655
0.0133045725961536	-0.0106104911468594	-0.030132244941212	0.000243401815996541	0.0109092571496154	-0.0183615922196533
0.00832367422377036	-0.00333545438195554	-0.0182810027087841	0.00657702023920063	0.000721837862052309	-0.0239256888151975
0.0114935776707659	-0.017308248645056	0.00845167219207337	-0.0137246922160316	0.0111818056571584	-0.00725162438689983
0.0136132625728246	0.00970267576426585	0.00886462302884886	0.00916196861259163	-0.0028968862206556	-0.0023880195486296
0.0136995260912795	0.0103387348969117	0.00797768030018094	0.00866634529144584	-0.00505869273414714	-0.00717566324288787
0.0146337580430915	0.00401636248316235	0.000735698923285882	0.0131006207006223	0.00225071795063672	0.00302134421495987
0.0145481895865032	0.00349264777740696	0.00151343365349364	0.0107628274976666	0.000629783104182313	0.00290144606377418
0.0134475243421226	0.0208157417720255	0.000625687911824513	0.0017773770510761	-0.0131366227014023	-0.00291528658807424
0.0131967022564689	-0.00026472272825428	0.00880902674966381	-0.0015820834938648	-0.00309822290486619	-0.011585213955122
0.0143472970041532	-0.00393971385685965	0.00321951721658945	0.0182569769627113	-0.000310087665002221	-0.00240472055086578
0.0122663419793751	0.00659182133219212	0.00104270522857249	-0.00687842376387158	-0.0130786403777063	0.0108452532908558
0.0133914032489074	0.013445718754084	-0.0048576092505532	0.00864541979179159	0.00451580334855514	0.0069942583271223
0.0103963083381993	-0.0133507937096532	-0.0137338487257724	-0.0211733720343005	-0.0042299904420106	-0.00476015406480712
0.0127891839409356	-0.00727198294518828	-0.0014012661207178	-0.00588564379007962	0.00519189565987811	0.0103276841171903
0.0140400704556392	-0.0391471145585014	0.00559090268957893	0.0322760287058119	0.000180939400385184	0.00158328777435072
0.00905913085315671	-0.0231966218985139	-0.00775234763648781	0.0041241353510354	-0.0158066796578667	0.00394349481811913
0.00585704663324201	0.012503281005434	-0.0776815822609429	-0.0429410287033409	-0.0109306202419573	0.0902141003511051
0.0127661529453263	0.0153769985228503	0.0142894427695195	0.0111696905899861	-0.0116158506515164	0.0153469404985146
0.0143430612594166	0.0238947213587468	0.00438448384540325	-0.00303285991431082	-0.0215369337840918	-0.00223469086764427
0.0121911658048922	-0.00556554422696792	0.00837375264239859	-0.0215821551101505	-0.00136150208712062	-0.00996044950083301
0.0135309077178089	0.00380087589742141	-0.00109054415493069	0.00800601818282819	0.00486841254749835	0.00196051283577972
0.0113466512935294	-0.00497575976401233	0.00258338602680677	0.00341162774436524	-0.0127436758347482	0.0142646035131571
0.0105565767191055	-0.0151995040648217	-0.00411404417149225	-0.0266923066408295	0.0106902120527037	0.0156113428326316
0.0127876803722417	-0.0140748000982335	0.00750830315495177	-0.0043263772995914	-0.0116407607647746	-0.0157878303254576
0.0145961213422672	0.00556307589559372	-0.00440776569318552	0.00976022871028809	0.00213169956030935	-0.00218637452711271
0.0142979694763424	0.00463246036440432	-0.00365654493866197	0.00977317503425909	0.00482254953851395	-0.00304505900329095
0.0144803697829367	-0.00744304787175253	0.00266625778724665	0.0172154376028195	0.015919541220995	-0.00108155563072803
0.0137746477471621	0.0136494525690945	0.00584719751242176	0.0137932257382176	-0.00523065513928216	0.00572880910407
0.0128849889126373	-0.0193735526870673	0.00632180682298875	0.00416517500881693	-0.00317503181796785	-0.017482838114995
0.0145916820587978	-0.0014670909925178	0.0084287475797057	0.00871216875792367	0.00706803061114834	-0.00237534680566535
0.0144060053375409	0.00190701623010338	0.0064998864967088	0.00707141797828803	0.00898479779288228	-0.00527803240459916
0.0161345435406932	0.00106437280265104	0.0114089232448549	0.0118883451073291	0.00915688846498643	0.00723895011832064
0.0149976599527426	0.00134022431272188	0.0124285772362969	0.00908912337026331	0.0111544418163008	-0.00250993187668854
0.0133569661563144	0.00395223613669714	0.00387316308496844	-0.00754999755144081	0.0131541289839405	0.000181366034954697
0.0136342803908912	-0.0015976199463422	0.00402872820841829	0.007748552785535	0.00397960492803815	-0.00186825890836634
0.0110906015052803	-0.00684552022242518	0.010970870560348	0.00307253441250076	0.00221509782452035	-0.0147369637477688
0.011290002020034	0.00406766506657733	0.003460913815731	-0.00291421717163822	0.00208998977122236	0.00178339148737456
0.0121817405701502	-0.0205038092609077	0.000495515140861611	-0.00682810563946124	0.0071676279303222	-0.00191775523318619
0.0113567339368397	0.00424102863434853	0.013782837283579	-0.0127657930490696	0.0124398378234519	0.0191703751491335
0.0133943892801342	-0.00454799455510607	0.00308862637572347	-0.00401947184201678	-0.0032443067663731	0.000563378264954611
0.0124780097238429	-7.91814216672545e-05	0.0097949936499046	0.00711706759403004	0.00241987575363721	-0.00227478771413463
0.00764457395478267	-0.00936297193748495	-0.0317141596772623	0.00188137738625464	-0.0474658281706482	0.0228071784972852
0.0128004204731332	-0.00449120564925109	0.0113058064222298	-0.00603716168988021	0.00109810683363056	-0.0101629231038823
0.00851210191772665	-0.0342423570562117	-0.00249219732201493	0.00274601655434762	-0.0169897810201826	-0.0198999476478017
0.0136258871424623	-0.00789017626119362	0.0146177390602116	0.000821297689967045	0.00133475032474553	-0.00212134181802126
0.0136758204361967	-0.00820354006293764	0.0150150755176675	-0.000138954555669985	0.00190186721882425	-0.0026260826143571
0.00986714791378179	-0.00597993793613382	-0.00335354844574443	-0.0138617237513835	-0.00793946312966607	0.0194583802132845
0.0111511509136385	0.00222419182932097	0.00143035812190839	-0.0295256811656242	0.0121061518299998	0.0125822619078531
0.0118265795509855	-0.00312470728806058	-0.00489759332523191	-0.0166064357106017	0.0304898220404283	0.00145400594931353
0.0133280709552594	0.015315507749668	-0.00491141879537266	-0.0064509795972503	0.000148159021391889	0.000819789504679655
0.00967123495576811	-0.0100165301171775	-0.0186834843247912	-0.00529404907181074	-0.00619923823820858	0.0209106498946526
0.0140625348517762	0.00247932742448404	-0.00243162932572001	0.00491185534622035	0.00650442046884687	-0.0049327617119392
0.0133233032207041	0.00548349125186475	0.000127645188599367	0.00182343793044575	0.00915091930988471	-0.00666485221458192
0.0147074459624202	0.00502352692149303	0.0158829797201641	0.0148634919861015	0.00325215860148846	-0.00624437526096887
0.0134485232339609	0.000909437087075782	0.00457238324968816	0.000618880417578245	-0.00543460896538659	-0.00386192598498948
0.0132752707248342	0.00466919826556291	-0.00409534990094876	-0.0023602172345269	-0.00756290657000108	-0.00463897672467864
0.0102935894897681	-0.00620493621629755	-0.0155196381167847	-0.00850110222726522	-0.0022656544682933	0.0387046829417607
0.0129959972318133	0.0132509601256127	-0.00815319991830858	-0.00365377374855117	-0.00150243233128764	-0.00202668064616574
0.011070884266478	0.0316699461987268	-0.00841099181454539	-0.0110932309740338	-0.0129222057759152	0.0177302950002755
0.0114421731653389	0.0221709767876146	-0.00220857708732331	-0.0053232598533313	-0.00759913258185688	0.0188838907472751
0.0130195623168544	-0.0131443042330786	0.00411822588388388	-0.00487205261967481	-0.00652295832073194	0.00223530060171916
0.0139381936216045	0.00124162298526435	0.00396759588650712	0.0106874991078005	0.00128669948554611	-0.0104165916611276
0.0122749790403117	0.0107814155026838	-0.0142685971682406	-0.0190515551295364	0.0161891755366694	-0.0013929790165714
0.0119136806043155	-0.000238958234526989	-0.00214135125028532	-0.0166616082556864	0.00485174478610851	-0.000221287094632389
0.0116913554119993	-0.0120881219741629	0.00389036499573867	-0.0118522484658316	0.00469243849877628	-0.00310591263705688
0.00982473745375138	-0.0164936211080531	-0.0108971285191112	-0.00254970486226688	-0.00246438018732353	0.0116299747489671
0.00830621024365248	0.00930141067458619	-0.0369898214760897	0.0184840259714101	-0.00658702441778252	-0.00609645338392424
0.00978432278700797	0.00358877337067028	0.00413750619188	-0.00341960675021129	-0.00114821228033772	0.0195410004679526
0.0116835786585579	0.00524067705044475	-0.0077482037660054	-0.00904266414595935	0.00464998115219043	0.000247413705608191
0.0133725985309387	0.00635771180407814	-0.0144090225891006	0.00107378905643689	0.00595865454211329	-0.00869297082553309
0.0101351972293361	-0.00174973207581756	-0.007329887596413	0.00639582753375954	-0.00664039023536109	0.00279935777060666
0.0121261552729565	0.00455283021704986	-0.000534531627696771	-0.0170856614029305	0.00664501802787681	0.00810681273785755
0.0140317890678606	0.00069825813819675	0.00205686367065747	0.00931886799532131	0.00777522744737427	0.000443246857910785
0.0152214995217112	0.00476928709285515	0.00318183595015394	0.00666755341385967	0.0096809397404304	-0.00128075717878357
0.012450778494087	-0.00234992248501859	0.00854378408253947	0.00337189781708229	0.0138630182204926	0.00433501288534077
0.0117754107303564	0.00932776546356844	-0.00942380238775372	-0.0129513020259767	0.00744925216236644	0.00273590944150889
0.0116287597554593	0.0129298494847444	-0.00924168173612556	-0.0175673609612901	-0.00173833553815037	0.00754045823781866
0.0111004655215027	0.0034064353754734	-0.0111177580318668	-0.0138709821044122	-0.0262161417975086	-0.011035962558848
0.01256866908417	-0.00421989590600696	0.00424779174250595	-0.00970723247368677	0.0208588340074414	0.00859465355551128
0.0128075748799281	0.000214664821955232	-0.00180904203831517	-0.00492497318074119	-0.00621056966841707	-0.0179209175558563
0.0134640569560116	0.00806853340988866	0.0039346577098088	0.00781027568933064	0.0165306141608492	0.0111464113525355
0.0128252265918294	-0.00304908750988792	-0.0074078838066184	-0.0134351973607915	0.0173014293788448	-0.00163992784614468
0.0140017747890239	0.0012564984395898	0.00759088152129059	0.00564723671788031	0.000212497955090081	0.00557304236861237
0.0131848614450411	-0.00244293705300684	0.00364983895478724	0.00987628836019806	0.00326007247318359	-0.000913414056512961
0.00945459748760586	-0.0137221732165965	-0.00701409958901196	-0.0109874312390596	-0.0249574438418677	-0.0133340030787169
0.015869955127423	0.000752410300496338	0.00934102904216453	0.0153227422184346	0.000432377987761653	-0.00360042838594725
0.0129211886159138	-0.00229446674712115	-0.000779418677759602	-0.00490932809878321	-0.0129089904151669	-0.00680873791908379
0.0118735004335591	-0.003565989107388	0.00698000314729009	-0.00729167305831808	0.000306035076243859	-0.00950572909891745
0.0120531397642159	-0.00167578542834877	0.00363381967584319	-0.00107950455081022	-0.00237993982707186	-0.0106491728471024
0.0132197159082193	0.00433536810373327	-0.00259727588434173	0.0171921640016392	0.00744525973433266	-0.00636623019349229
0.0146998776489883	0.0042262000483723	0.0117436148883312	0.00772006040347391	0.00753315666959645	-0.00147089322706044
0.015172410847614	0.0289007641279354	0.00407566173815066	0.00722329536339004	0.0076425014739828	0.00243315501208178
0.00903542801464109	-0.00355158654544753	-0.00844816992003257	0.00870952661317444	-0.0356944220071846	-0.01303250400802
0.0133175960907559	-0.00831783650929575	0.00793107100224153	0.0025118984617461	-0.00318237193531161	-0.000157394727408071
0.0106860829272176	0.0206656050129401	-0.0286837158576467	0.00366312176326249	-0.0122308258541111	-0.0181116867828093
0.0103481960642396	0.0336644826350288	0.0110543482798449	0.00761312570582878	-0.040665399089771	0.0317899565419517
0.0124896634090795	0.0280677448973425	-0.0194924566153207	0.0153856782625604	0.0143419984178424	-0.00409790189217732
0.0124539551903037	0.045090121609382	-0.00857154670011421	0.00833561575924208	-0.00993032334682666	-0.00553026538341412
0.0132936596089493	0.00841706594229085	0.0104497474462792	-0.0026413077949083	0.00649082020655927	0.00188377662671838
0.0101367781367692	-0.00316916291711652	-0.0170554439660372	0.000531973438501592	-0.00690737251678892	0.0199133648295415
0.00885211318731388	-0.00913298853562094	-0.0171815054222591	0.00755490096806791	0.00033746698254236	-0.0140191953507991
0.0116830508976906	-0.00927732470153876	-0.0215332539645826	-0.0159170224793817	0.0202703280836279	-0.000735619954090389
0.0085034544087625	0.0028005857524048	0.000184787527455549	0.0361487817823551	-0.0136217565462137	-0.0207158557090185
0.012002621439524	0.00473358754860987	-0.0145727048956897	-0.00160500517783577	-0.00695447840386777	-0.0060875652787673
0.0122893525778538	0.018961302678568	-0.000929884809776037	-0.00247410952724542	0.0148883837737496	-0.00707232211452641
0.0133018170376222	0.00711064233420552	0.000854519858800281	0.0155386302756454	0.000624787597678407	0.00294122190998446
0.0140611924234708	0.00559453423785041	-0.000681865879388426	0.0101285297077922	0.00498318431345481	0.00594936966484635
0.0150257921016602	0.00427599020173921	0.0080820368259406	0.00893339447139193	0.0044088317937798	0.00507446470871131
0.00845363124108069	-0.00873577260970769	-0.00801437192001571	0.00563963354805949	-0.0123773189122102	0.0157868409249701
0.0130717957262962	0.00264140596203251	0.00609392992661999	-0.00706766473813757	-0.00334305690848915	0.00103339453751227
0.0132805550234869	-0.00315390441995914	0.00773434401155926	-0.00656744311059852	0.00236786017657539	-0.00811830049426819
0.0132720873500444	0.0312572370099324	-0.0016200114739521	-0.0154107036867854	-0.0185216405208858	-0.0111303695531193
0.0105710662624041	-0.00739326556136154	-0.0183739652217573	0.01585346569535	0.0155548559214729	-0.0216749766416649
0.0089400774678313	-0.0163228598676578	-0.0275739404653688	0.00661570035741638	-0.0171543552737695	0.00282358970186352
0.0122588682829625	0.000314217899223169	-0.0145223359348414	-0.0150397465262076	0.00559702933733034	0.0110123270079765
0.0107359115855047	-0.00130607046038931	-0.00420209312964914	-0.0186922746633203	9.19328542386901e-05	0.00329567028844293
0.00929278674587598	-0.0065036681804109	-0.0191386174814864	-0.0264651368478289	-0.0093928773309399	0.0104722641408311
0.014085258008815	0.00810193819639957	-0.00549250083156037	-0.00141289787158737	0.00240104722467251	-0.00539534932132937
0.013295619880111	-0.00796243321750328	-0.0136454507239037	0.00510508639955159	0.00621764982802245	-0.00487916849020697
0.0139254259000407	0.00975173009245618	-0.0017101066242592	0.00135418779026216	0.016812354580129	-0.00391483077708727
0.0133982001715489	0.00626199698493207	0.00433433566467133	0.000377310499927312	-0.0132365271237919	-0.0137156393108708
0.0128348235791117	0.00683388836961467	-0.00425698107562424	0.0221454671666423	0.00200725147866091	0.00401197155214501
0.0151725961356993	0.000221770201932212	0.0127021141262302	0.0209764602395073	-0.00648589179255052	0.00665390227105319
0.0151132493224702	0.00060304000461021	0.0125667109788876	0.0216675762786594	-0.00660426166214937	0.00618382178496768
0.0134796627252452	-0.00198637264652496	0.0120875906413713	0.00745863622975275	-0.00882690517562347	0.00234311783315423
0.0120767764934524	0.00209361950176517	0.00620100618324994	-0.00686908630607484	-0.00600697110022801	0.00512705570501415
0.00944568744599281	-0.00236011270581477	-0.00360651144784884	-0.00600153041785139	0.00298565900565293	-0.00133856547294504
0.00866147457709389	0.0165486012663401	-0.0149088142390777	0.00736980655912072	0.010860191516124	0.0110853797025141
0.0085349943245827	-0.0108277661407001	-0.0133722732854786	0.0043438111465852	-0.00370741704549038	0.00364976451520144
0.0115521131044496	-0.0123918814329599	-0.0147742567490642	-0.0014406012634728	-0.00736225784331095	-0.0212725772121691
0.0103362841010709	-0.0047942621867466	-0.0203005559042578	-0.00393224788897344	0.00134909408278835	-0.00841171408469259
0.0117124670635879	-0.00786420018079494	-0.00938054523572555	0.0287120618156355	-0.0112258396336097	0.000656319402135374
0.0109926015020803	-0.00162229427561119	-0.00351284216005084	0.020089169136599	-0.00890852258893849	-0.0111953283135917
0.00817453454743229	0.000941522666828247	-0.0266116298078913	-0.0273732136471577	0.0195451011999145	0.00507919220934894
0.00798581302206196	0.00211770745656947	-0.0280019358261135	-0.0205852377897985	0.0226374793939053	-0.00550044157992863
0.0103498646204997	0.00574846607402041	-0.0093226045910513	0.0107009354490879	0.0151083471812307	-8.53094844840128e-05
0.0110282532652127	-0.0156452004576507	0.000408384470765874	-0.0128679388475913	0.0198589004650735	-0.0177125868669214
0.0110237087481252	-0.0158266254872659	0.000527211293075429	-0.0128035902529631	0.0199997912446558	-0.0174254431285726
0.00835153329027867	-0.0200189821669107	-0.0117040004770935	0.0150066372404895	0.0171293829701097	-0.0111239527014022
0.00866986822974842	-0.00738139812301685	-0.0126285575452741	-0.000325833421575128	0.0181136013644163	0.0223127950539303
0.0120782166889047	-0.0118213149964572	-0.00547693202367075	-0.00878684116899376	0.0112605439448382	0.0050606503443009
0.0100056873664784	-0.0129501278980621	-0.00122606058699755	-0.00909525211351501	-0.010420873357733	0.0120304691124352
0.0109568422468508	3.9696838991749e-05	0.00147578898477322	0.0102452862557943	-0.0150176403513401	-0.00457221211414496
0.00968848297403758	-0.00745048614103792	-0.0172697278071817	0.00612608134250199	0.0346316089727751	0.0218687709108956
0.0104832500027271	0.00396631441602574	-0.0115849637278902	0.00953714343182795	0.007124357094964	-0.00911339503721603
0.0114161893021723	0.00618504738885806	-0.0038075019747361	0.0140524395581531	-0.00391903308754165	0.0236934951873407
0.0133905494717264	-0.017750359061532	-0.014598801080084	0.0188629730649701	0.0100690058210312	0.00347519632769913
0.0138051257996253	0.00400279021530248	-0.0197944555979264	0.0173242565572119	0.0245295454196992	0.00496392311471377
0.0130585625061556	0.00546523751857332	0.0158953428589199	-0.00555425389443698	0.00911210113962562	0.00343311834065389
0.012319272632029	0.0153167456470772	-0.000909793294698159	-0.0131923838020407	0.00690205214496173	0.0074568780523941
0.0123377841086724	-0.000238220747595153	0.0105832550042651	-0.0194154424582406	0.00810907171451516	0.00350937327334678
0.0132550009518956	-0.00251737039362979	0.00982473359979664	0.00706947756485482	0.0032041861792868	0.0125835869201608
0.00744660208809816	-0.0474128070216255	-0.0200986833958282	0.000292764479540457	-0.0322797995765467	-0.0480288723081075
0.0106017645977616	-0.015028919598055	-0.00636400915358533	-0.0347981072701485	-0.0029381585005958	0.00991007689510988
0.0125397196329347	-0.00468860577054699	0.0031426534566748	-0.0236071350802986	0.00751771801955766	0.0012218069569046
0.0100008739759038	-0.00226974411923265	-0.030526706639603	-0.00679784489640402	-0.00450377432247193	0.0081796431304451
0.0119761004951845	-0.0106103584556841	-0.0172784824284441	-0.00646225414907211	0.0080271037458218	-0.00476277407963835
0.011274099577129	0.0242408116855661	-0.0115075077357027	-0.00722867886602501	-0.0176200612716136	-0.0069175643823273
0.0119338797663186	0.00892705712551665	-0.0183426576979768	0.0141227474411258	-0.00965249056224126	-0.00951955669562188
0.0129038055819886	0.0355426511976742	-0.0129873302639861	0.00512044155516461	-0.0198068991679238	-0.0114784107907061
0.0140728242431623	0.00251733106086089	0.0119476398569369	0.00392085041753397	0.00989600137723823	-0.00496496577760726
0.00787536785803736	-0.0297013223681181	-0.00892409666937227	-0.0071906581698136	0.0242887581215416	-0.0045561230153056
0.0107241834650033	-0.00512270504497258	-0.00345284205737083	0.00547686976537149	-0.0311884914261622	-0.0163917187805945
0.013945859985699	0.0124740280670304	-0.0166245537988514	0.00902132074890832	-0.000381910212012827	-0.00185672980284908
0.0139008060076522	0.00940192123305022	-0.0127422158541404	0.00111711991558572	0.00804723992903663	0.000328153876878629
0.0120337375157292	0.0138865939519155	-0.00303539421283227	-0.00427566690015582	0.00745053613829871	-0.00821245855947571
0.0127774618808227	-0.00221763118605033	-0.00586326286317954	-0.0021614098015674	0.00391334167672351	-0.00879650827896211
0.0111876826038211	-0.0259982677864184	-0.0117137216090306	-0.0279438098143262	0.00704585879621815	-0.00458978371455238
0.0136568676216767	0.0188368904653347	0.00135204401846398	0.00534399680477892	-0.00535504327248936	-0.0213441424362809
0.0128178851135597	-0.00514019949976295	0.00636709196125951	-0.0124897493033584	0.00200007969756644	-0.0211303962323652
0.0132053316337925	0.0050469903880014	0.00606583457692165	-0.0106216005463904	0.00677643243847318	-0.0102595514565783
0.0122695795659947	0.00810318813148768	-0.0354225344010567	0.00379267370545363	0.00365242411914581	-0.00661278620100214
0.0119880269372587	0.00379785388367218	-0.0201636606455313	0.0135907106478812	0.0041595037465098	-0.000428316559836303
0.0131686888745171	-0.000817471497845224	0.0122880331489444	0.00449185147058748	-0.0146297277133693	0.00831449680430613
0.0145278957125932	0.0137863115199683	-0.00193377933342438	0.013791512360039	0.00681189073556251	0.00799747063000354
0.0138832276052313	0.00223585628702912	-0.000576312635882359	0.0128559146468525	0.00071284326273345	-0.00620456679553422
0.0105654168044591	0.000505541414308654	-0.0031406143154854	-0.00741788880113967	0.00535203112929474	-0.00714025297417951
0.0114400075866319	-0.00436797527149493	-0.00372946945164952	-0.00718814769376799	0.00623131155859948	-0.00552048440050736
0.0120725866763911	-0.00922043287880947	0.0131224539128103	-0.0128812261498137	-0.0186820569587256	-0.00754149154714862
0.0121615727780858	0.00347074488722738	0.00485901061194477	-0.00517338346153175	-0.0141563508932599	-0.0115789555139974
0.0132529010942015	0.00794693073728481	0.00658904170364163	-0.00845621708899557	0.00137721457427159	-0.0103902335146103
0.0130722768112311	0.00908462523772176	0.00855047818717464	0.000351090264497007	-0.0086229333769642	-0.0147528613079147
0.0163813178485605	0.00628060656122932	0.00265895483305079	0.0157933670939693	0.00670425576953337	0.00395384398975462
0.00693746339323962	-0.0275718735962295	-0.00877156584948531	-0.0138014453215359	-0.0257333271742847	0.0287102244733518
0.0141683716795118	0.00795420470001859	-0.000476656415773111	0.00563792874972072	0.0183695053526428	0.00174731468956373
0.0119295951634299	-0.000983438102959084	0.000491539213744198	-0.0148969872953722	0.000196401863130817	0.0007987795527468
0.013856242663997	-0.00910090370696347	0.0173142920291734	0.00827867452688963	0.00597849806009308	-0.00277100809471122
0.0135892319917942	-0.00129302169812274	-0.0158242136172513	-0.00362883513196334	0.0019072585754707	-0.0072384392745553
0.0116443583360248	0.00655871453421427	-0.00906425275624576	-0.0177327873365667	-0.00951389741014793	-0.00678574867546223
0.00849224708149718	-0.020239497629021	-0.0156000255539197	-0.0133018394956211	0.0126514173787773	0.0310445399019859
0.0134190858663279	-0.00773580187295629	2.10514348802007e-05	6.89147626209627e-05	0.0125178558052592	-0.00788700352382306
0.0142252378296791	-0.00205767873761346	0.00675661428544921	0.00852442062841404	0.00684392098560491	-0.00926646595968114
0.0112870059213028	-0.011593935429858	0.00707030268858768	0.0161093935200843	-0.00373419828669053	-0.000399490679679598
0.0129871098920189	0.00399756480118699	0.0176029268287373	0.0122632584351302	-0.00631446032606707	8.17991485046723e-05
0.011806723015583	-0.00270787547062427	0.0155920586356792	0.00259767388132956	-0.0170497647702946	0.00857003234877869
0.0130532396997354	-0.00250941162995659	0.0163825457267017	-0.00352103510554103	0.00203508641716487	0.00823288683890826
0.0119245348067676	0.0137843155615693	-0.00598423757568685	-0.0210083244097881	-0.0092936207209359	-0.00589028301573245
0.0112236402351851	-0.0083518988525458	0.00646346950035052	-0.0255113622364027	-0.0138985535447924	0.00496219043324111
0.0115854529035044	0.00285909504909079	0.00151908939434651	-0.0014136807692636	-0.006010431054788	0.00383647201475169
0.0142795530949896	0.0174568908644371	0.0107037515650896	0.0157554239293292	-0.00227996228093087	-0.00968362115052005
0.0132987753864845	0.0208551006736602	-0.0262997818377182	0.0149554843144888	0.0175737415910343	-0.0108593489599807
0.0111297265604282	0.00808555406843382	-0.00604276956365854	-0.0241783900445325	-0.00336822390665637	0.0195436170199781
0.0110114455679923	-0.00131881788190474	0.00106603884931118	-0.00970184195135198	0.00123506537753238	-0.00267684638347958
0.0134460461369414	0.00442603205794447	-8.50273032398689e-05	-0.00271461167600774	-0.000396536381073965	0.0130564656847994
0.0111265704973977	-0.0259023825902681	0.0076898747870903	-0.0148657706179118	-0.00450543126775469	0.0026440410017521
0.0136397507124632	0.00271497356259741	0.0104897202833412	-0.00290044781888948	0.00548850944247276	-0.00605275760390213
0.0133930586452497	-0.0204374275220296	0.00219763927270854	0.0144792215697864	0.0170847747604774	0.0129337276951506
0.0129973675226072	-0.000805427564757202	-0.0115734302280975	0.0215586623601365	-0.00825325605978132	0.0084894895431744
0.0139578242460953	-0.00314134815157192	-0.00387691819867036	0.0163293585881535	0.00074628995169889	0.00216485594846851
0.0115627747716244	7.54125736019901e-05	0.00983787297787306	-0.00132782578299985	-0.00165357779244924	0.0100826117593703
0.0130379920469983	0.0012075035807432	0.00239704750917064	0.00768268851136905	-0.00090936199652961	0.0036000463930788
0.0118489527923753	0.0268826837970356	0.00472307535632782	-0.0251535685358217	-0.014995896769122	-0.00674220440072111
0.0118112424264523	-0.00799457133710907	0.00317190842027144	-0.0105031577316328	-0.00377641669183843	-0.00454052436514442
0.0135810076468805	-0.000727408859549308	0.00482091785946562	0.0117414564788223	-0.00674264852263862	-0.00831688963637315
0.0111285564630013	0.00151479598300423	-0.0245790984572681	-0.0101786297476325	0.00192360473641835	0.0128401967127145
0.0139016621026462	-0.00717622456439106	0.00813473763099624	0.00529176085107512	-0.00323052876637552	0.0165440208316116
0.0137788270675016	0.00922110732975244	0.0113556225683436	0.00888144297867893	0.00752002725945028	0.0026471001085545
0.0150830020398933	-0.00958861520554877	0.00552359435294949	0.0128809874250096	0.00856490494297519	0.00731795272441188
0.0144852268318225	-0.00640169582933919	0.00654669988494247	0.0104693551507345	0.00821578351712421	0.0124600965420257
0.0130797705710727	-0.00112436298584731	0.000187208917696159	0.0127656200154168	-0.000737167023310297	9.38636758374659e-05
0.0108236416568339	-0.003847327455386	0.000128693279516346	-0.0502527262795333	-0.0144048521030526	-0.0160151953072219
0.0139524655979517	0.0122014846094105	0.00771574207830313	0.00978717286604791	0.00153170274407265	-0.00632206873824902
0.0120182473063629	-0.00706591749039397	0.00131618650370748	0.00629095708816242	-0.00444356550379931	-0.0121822831034093
0.0115555512480306	0.00233691141988899	-0.00071002766553299	0.00723440890732934	-0.00309895901204775	-0.00596164084775415
0.0120922948919275	0.00638899427372851	0.0193395823080223	-0.00722074617491387	0.00468440053981109	-0.0161351710464879
0.0108499043537579	0.00451358555873188	-0.0178617399478888	-0.00675072766652663	-0.0177732207945592	-0.0170732542640209
0.0110497958703234	0.00322206727196934	-0.0133330975274825	-0.00535804385977125	-0.0129943099887823	-0.0190654404498169
0.0105295879541849	-4.15942979466767e-05	-0.0231589673594826	0.0222262099642114	0.0173219567409202	0.000439926028426514
0.0125841826833563	0.0140290938846995	-0.0172324590558262	0.0108972691575071	0.023106391526245	0.00149041098438084
0.01101597418408	-0.0155794888235292	-0.00404196953611247	-0.0163157375811018	-0.00413401083844187	0.00436401402148111
0.0127858225621132	-0.00744604024038666	0.010820321680122	0.00149393203114017	-0.0120878822386811	0.00307843088940628
0.0114625701448935	0.022294919860902	-0.0107116119990657	-0.0220861255759264	-0.000502598710624028	0.00113467264403461
0.0120959842870013	0.00249592896310018	-0.00540817526638934	-0.00789351223292404	0.00144443931934338	-0.00561463288922199
0.0135142889472463	0.0022122396908378	-0.0068177668050225	0.00728976908341832	0.00810163334306091	-0.00538338918894459
0.0122756701189032	-0.00424024191741749	-0.0131494854588792	0.00840907533316867	-0.00477888683511085	-0.00778049028317056
0.0118040666286279	-0.00648220439017452	-0.00184182745661378	0.00725599025810275	0.00374101708931369	-0.00243907337004461
0.0126731968677302	0.0121243866852954	0.00513709475913535	0.0139930481716732	0.00238865166463579	-0.0098383162626203
0.0118059646976465	-0.00197502956682567	-0.00820966792615577	0.0082189846525559	-0.00727758042058959	0.013328570172376
0.0129915744935076	0.0146603855278293	0.00233334493490122	0.00122244005620511	0.00694037411005401	-0.00213321327532059
0.00983902241865306	0.00183506292356049	-0.0113542824279465	0.000178669587015906	-0.0101070493816787	0.000254705853311893
0.0119098305789408	0.0252542309884814	-0.0130800689697882	0.000212412384826323	0.00181440139990991	0.0034545332720203
0.0119787308640239	0.030259072640411	0.00426143008971233	-0.00713912358520108	-0.00667806379317398	-0.00984160737708204
0.0107442462492426	-0.00797094887709161	-0.0289850327136087	0.00058203171270887	-0.0150229268792053	-0.0118027131089255
0.0123980101589066	0.00830539424372544	-0.0169535908114415	0.00890853611878897	0.000567759006003552	0.00371995880243759
0.0146962797288766	0.0126384627102218	-0.0235532831186657	0.0188932441170849	0.0183331365043841	-0.00241347820427632
0.0139726513783612	0.0132236539956519	-0.0132614473252836	0.00897173761993688	0.0118056567693679	-0.0106821716241877
0.0128227908689286	-0.00233013382250298	-0.00678319405577444	-0.00350734640877736	0.00189442738935993	0.00705447314789213
0.0108919283057715	0.00454644904922649	-0.0191213893024497	-0.00869153157262485	0.0081811091916774	0.00426429411873665
0.00830988097711948	-0.0201374024479726	-0.068363991444594	0.0215449419297843	-0.0107335860092965	-0.0650836017809521
0.0129113205740505	-0.00384903800684557	0.00150332130127246	-0.00918161663670819	-0.00532789855440454	0.0018742949292769
0.0133832785741638	-0.00581601038754121	0.0115228186556034	-0.00423536894643628	0.00388818349615708	-0.0234150127585237
0.0134189320911495	-0.000187767244879343	0.00903189302634832	-0.00486837649629375	-0.000527134899557539	-0.00247761654227085
0.0122090726409159	0.0158408100087546	-0.005716642992321	-0.0121047607958759	-0.00742938583598327	-0.0172878578197337
0.00936206584116857	-0.00730428933228493	-0.003139697498543	-0.0016105731399774	0.000883219667081137	0.0515533747364493
0.0110308618854562	0.00449800417073599	-0.0274521002972437	-0.0011657819685877	0.00425482043790686	-0.0252591119988105
0.00921802963622737	0.00739576252152527	0.000978266877540545	-0.0198346358855743	-0.0111152262642934	0.0252617535571864
0.00976343992367114	-0.0049009219143121	-0.0187360921679376	0.00583365801889176	0.00720138851355256	0.0196600005379927
0.0107812366906494	-0.0149469351084075	-0.0137205584052057	-0.00871441050034484	-0.00106981749497968	-0.00482877349057661
0.0119284291042584	-0.00899590959560737	-0.00436138595673059	0.00035212803718963	-0.000120023825418107	0.0214943926585538
0.013544414782275	-0.00218293286180905	-0.00753361458678435	0.0120512457632479	0.00324482785031094	0.00408974949637686
0.0136376521677107	0.00432824864464677	0.0107032605007918	0.000347145935599889	-0.0137438000475448	-0.00354827759831238
0.0131109234804387	-0.00951608892279231	-0.00728336791321889	0.0173999362428037	0.0112551329767217	-0.00279323500155007
0.0120800824636754	-0.00604747190667754	-0.00327066703055742	-0.00888709262751603	0.0117419670824751	-0.0115127106653154
0.0103330232244553	-0.000291621235464092	-0.0155467695875094	0.0101377799925423	-0.0162912262986908	0.00949614674375296
0.0130498495542484	0.000644759046248152	-0.0103792302981458	0.00309243539032259	0.000858087886818653	-0.00804358882946036
0.0131072753248515	-0.00488647832133324	0.00788099529432853	0.00258512010072747	0.00113697276435031	-0.00513813773453203
0.0135275664594034	0.00545661483355443	0.00475780182875277	-0.00241351665680185	0.00123963306199129	-0.00442751392824029
0.0120014500957099	-0.0143787335577037	0.00971740994968919	-0.000508618305876263	-0.00501073397230542	0.000505698902607992
0.0142080645352037	-0.000174606773880835	0.0025024200859075	0.0114081228589321	0.000661790407303596	-0.00241776378738145
0.0127290315782758	-0.00754114485963868	-0.00593322023484421	0.0140234341448913	0.0171456661036778	-0.0121435006598291
0.0122076210170026	-0.00939868878658835	0.00278122506161762	-0.0082058880758006	-0.00111414211875527	-0.0121817346035849
0.0117089233664594	-0.00612655256748187	0.00206672306547046	-0.0136162133813053	-0.00809427591996006	0.010053680323749
0.0118471154082275	-0.0152215292973575	0.0126390993203008	0.00397211552368436	0.0155185632858289	0.0162684596787631
0.0124157867127514	-0.00311250712026225	0.0159001614467319	-0.00248131580111158	-0.00787093131777723	0.00734656873800938
0.0124335538178658	0.000784764545820964	-0.0115416502191451	-0.01807605725854	-0.00651914915530439	0.00101852712074265
0.0119152855659821	-0.00528494479548713	-0.0149931229965788	-0.0143736719301328	-0.0116877846618855	-0.00610226925035205
0.0114548424561928	-0.0132277785735106	-0.00766085561210445	-0.00485242325464464	-0.0202704160249865	-0.023198022071914
0.0125086908354264	-0.0070289482405653	0.00710892097241695	0.00282855769783448	0.0147603619404685	-0.00213043276195501
0.00942350051082893	0.010629706149912	-0.018285233746785	-0.00075310587527822	-0.0484762755437287	0.0282837465287925
0.0119200130490117	-0.00835012964316336	0.00171550344564529	-0.00498641917206809	0.0125275761720783	-0.00226438231230544
0.0135874574917529	-0.00591141690484951	0.0122326785373107	0.00730993736640712	1.43988740248374e-05	0.0055143034561932
0.0135975275328985	0.00363936779326978	0.00165018206093343	0.0014871311736631	0.00136543104925998	-0.00926875250192109
0.0133772534835536	0.0144233351768802	-0.00551303024503944	0.0221310750514735	0.0188344643806976	0.0119894861734688
0.0124185422140569	-0.000946208362877544	-0.00161466754680394	0.00934743703525126	-0.0154784542403321	0.0186065567065621
0.0146177644780938	0.00965660915323484	-0.00562847441023793	0.00368824285738945	0.00329011234324468	-0.00321247489962141
0.0110857967731122	-0.00622347161521047	-0.0244941033265523	0.0176264682953971	0.00325208407990955	0.00414285718898805
0.0101360415046971	-0.00806152388839145	-0.0202126517955472	0.0307693432038109	-0.00572095850001792	0.00440379191002282
0.014635833450003	0.00454427191942052	0.00334373167808369	0.00822920381192452	5.76015704402267e-05	0.00613367240812524
0.00727669291015882	-0.0122080339008505	-0.0322178893822501	-0.0146748789747076	-0.00861785550301484	0.00934335594267512
0.0117827463219877	0.00843014884319024	-0.0126146997287029	-0.0077906951988784	0.010326129575598	-0.00492937104075672
0.0125488448484064	0.00826981832364689	-0.000682586792211977	-0.0119078559912096	0.0114233515873585	-0.00869197386523178
0.0130341996086743	0.00639999499358577	0.00539840902013904	-0.0041862778620539	0.00331388874650679	0.00523131337434133
0.0128055266580704	-0.000378121885865292	0.00826480495791222	-0.00393226908654406	0.000116356435423933	-0.0058073293195529
0.0121706051544314	-0.00629844694822247	0.0172933840741146	0.00417543772867704	-0.0129632264856942	-0.0061106736152701
0.0137592275424562	0.0231250340883438	0.00883856464988467	-0.00571425878574191	0.00164829708936172	-0.00243842833516406
0.0143786565196516	-0.000955596585043489	0.0060391101412459	0.00799460904203022	-0.00369566164161695	0.00477788619014883
0.0133889547126765	-0.00563722149280662	0.00194760174991973	0.0114880042215733	0.00527293106621374	0.00741846299540997
0.014249049216779	-0.00513234189769619	0.0119138194363793	0.00968806419746571	-0.00185146361276323	-0.00174018418441042
0.0152719125917193	0.00521941037459768	0.000302791648598004	0.015230005898996	-0.00101081013604339	-0.000237851810609411
0.0157662798892186	0.0107083636921646	0.00764913587096984	0.0136366896505421	0.00558328078785619	0.00223503373728012
0.0149746160846171	2.11784105143952e-05	0.00397835501020712	0.0147514711262331	0.0064846596651311	-0.0028675751784401
0.0146529899548847	-0.00151971904939705	0.0025506114304586	0.0137974079955784	0.0116438842260814	-0.0047567835109248
0.014409910987389	0.00221044663567943	0.00361539063670532	0.0175553936675512	-0.00388973497701351	-0.00820793546561283
0.0131598730905123	-0.00396381089734027	0.0158328069503306	-0.012770699270861	0.0126039553640017	0.00025224215617801
0.0123254812602126	-0.00934884865415777	0.00622163170327557	-0.0106226309003699	0.000401444266581599	-0.000109829683836597
0.0114204558000181	-0.000555415855281861	0.0112498236618163	-0.0215379044067868	0.00522345047731728	-0.000630555876235283
0.0132816821240014	0.00942508244444096	-0.00171949694698556	0.00104220430527722	-0.00505905565602936	0.0106861930363801
0.0125834864855524	-0.0158666004168139	0.0170480720899783	0.00452475410689121	0.00374708365478317	-0.0119202588985763
0.0161980768452115	0.0146548822750371	0.00142235640390834	0.0224103885672306	-0.000941130725255389	0.000441168164130577
0.0158515454692177	0.0127265524089444	0.00233559017719298	0.0202876714755432	-0.00162386105533664	0.00245445873633585
0.0140977517374521	0.00841267955392984	0.00881607286413488	0.0042745559731429	0.00679500029749322	0.00186287782323762
0.0121905712012912	-0.0100723491724794	-0.000608517643078611	-0.00727611239166584	0.00603469224366017	0.00604570609498307
0.0120465743632305	0.0136250653817066	-0.00934662348004119	0.038138334954232	-0.0142224411765015	0.0271248023502656
0.0130024377791082	-0.0045033127728515	-0.00456697030916573	-0.00133806555924061	-0.0128515002157074	0.00317563491937006
0.0126307025306655	-0.025268962559625	0.00810402683084223	0.00219478296103653	0.0171638725997465	0.0151691199381625
0.012547715377177	0.031888896700354	0.000425496800580796	-0.00953030818091995	-0.0118118113642815	-0.00905219808471005
0.0123221312494687	-0.00886251684514803	0.014888941987846	-0.00851278216340504	-0.00142566328678389	0.00209833810019739
0.0132924532725033	-0.0200794293072275	0.00553644059261264	-0.00117609133572715	0.0119341855907143	0.0139231766282593
0.0105032356064166	0.00540352300364619	-0.0301669833515198	-0.00919892364662072	0.0107721901743128	0.001130052171167
0.0134397601932099	0.00257447594022897	0.00924513507023098	-0.00242271621875547	0.00943061941001551	0.00432023931419947
0.0129711516729565	0.000548592561812666	0.00445602173150288	-0.00915076673707321	0.00958660927675379	0.00745706308644647
0.0132977043410538	0.00899783560107289	0.0295211711367163	0.00664884309473694	-0.0080022984687788	0.012010829309972
0.0138350190066402	0.00308527798779291	0.0108582698849842	0.00198454924325861	-0.00279350708019132	0.011204378260467
0.0124025366957985	0.0165378846268054	-0.00650235785334117	0.0156156293224312	0.00390157026828668	0.00576424720016694
0.016086379927435	0.00399478321903067	0.00339497615845497	0.0179926941210734	0.00529924206223632	0.00488918453019092
0.01370646446439	0.00385317811343641	0.0124344156224726	-0.00153905283027729	0.00443932055885981	-0.00488415505053123
0.0116935686465771	-0.00917387690008951	-0.00323375973365125	-0.0202195521083458	-0.00533539113057746	-0.000593331499450519
0.00971273677376899	0.00354721938877372	-0.00876547408904785	-0.00781655455976168	0.0115640142603239	-0.0145392914608857
0.0111097365199596	-0.000252896389823325	0.00276630920382821	-0.0112539122814271	0.000558895455017618	0.00620180771293721
0.0132077582051356	-0.00491321707067084	0.00492982367787319	-0.000599932346027428	-0.00509974508640715	-0.0116138925109994
0.0145396179441045	0.016669267657662	-0.0121474629652431	0.00952609219092156	0.0146128996992273	-0.00418566252237609
0.0139661132202931	-0.00261901222192739	-0.000157915924261423	-0.00751243135096367	0.00962863030942436	-0.00617668807271625
0.0119611870206433	0.0287477934980423	0.000617342652935908	0.00630577093288531	9.6007470105966e-05	-0.0116585127592513
0.00805152485411913	-0.0100984796909377	-0.0194115831355007	-0.0208239910564699	-0.025056272986713	0.0243390220788387
0.010670221624506	-0.0222712562966132	0.00769335598711916	-0.0220528029042651	-0.00594259387776129	-0.02221357874403
0.0117892782597355	-0.0148284374651902	0.00611905106943906	-0.0111717148997872	-0.00684424846304003	-0.0243203732498949
0.0117247023173774	-0.0115912108959185	-0.00176716413472115	0.00517310864845207	-0.00582115509290653	-0.00947531177276584
0.00946901921788489	0.0206045400296389	-0.00992902507447587	0.0298751433926621	-0.000198012888448602	0.0278525270900895
0.0124356891338188	-0.0137386246549116	0.00748658295817487	-0.00706988844146558	-0.0198963581157393	0.00248478714823081
0.0120034214264275	-0.0103323207812599	0.0105581832147005	-0.00857913704749291	-0.0188904486996874	0.00999013832213097
0.011453978355702	-0.00847403951259403	0.000711334723180165	0.00303531685212311	-0.0133584724738481	-0.010267789339084
0.0142632160639125	0.0183055756576578	0.00443024215141756	0.00402538251793962	0.00620251811786437	-0.00330580416740415
0.0110058884839799	0.000493894450103636	-0.00513514307392891	-0.0228664790960125	0.00167479461527032	-0.00755430998896296
0.0109827549572828	-0.0202991659201899	0.00171088945117045	-0.00413424529064315	-0.0051000826115745	0.00971919777331801
0.011018298954494	-0.0228147396144784	-0.000151355812150047	-0.00353098783019164	-0.0061370173881875	0.00261182270121871
0.0150613213962271	-0.00326891517536498	0.00811795648532258	0.0203475148271864	-0.000194283710782446	-0.00298041601971746
0.0102330934685286	-0.00444150254007907	0.00217410967524707	0.00749981114404257	-0.00698246067928871	-0.00232179842312178
0.0125527054295676	0.00703570870708575	-0.0171672502934963	-0.00146165585456544	-0.00206656045392394	-0.00575860424481648
0.0100105223947464	-0.0184061693081372	0.0124132591720184	-0.00752637666528935	-0.0144454478496969	0.0291498966844738
0.010761745329433	-0.0152773029076449	-0.012323840297383	0.00457289057501538	-0.00318601202206967	-0.0148534868187694
0.0145057639847841	-0.00301046392475058	0.00648388211395774	0.0139672836172382	0.00941754688288159	-0.0043672129702323
0.013369433481165	0.000102461768760225	0.0102749335664016	0.00276149789167986	0.00446106174799067	-0.018753141636047
0.0128854007664348	-0.0102268467453842	-0.00670238048587548	-0.00750161700544671	-0.00924005883612004	-0.0198655697927175
0.0118104212767247	0.0191767134126576	-0.0106494285634595	-0.00758808537553254	-0.014117429856734	-0.0276563478261738
0.0124092220186564	0.00842831390939305	0.00687487211263742	0.00171845516617915	-0.0127183956731947	-0.00374099515445304
0.0100531311487736	-0.00368174883123483	-0.0250638323609927	-0.00108175647823437	-0.0114465679566562	-0.0114564855424912
0.0141295444065995	-0.00183690956341288	0.00280020780932993	-0.000875919502146738	0.000668303020315799	-0.00822358515734791
0.0081231299658178	-0.0232972750610357	-0.00145030488763881	-0.0348997648636591	-0.0100592119949347	0.0314858400755807
0.0116692434728732	0.00483804965901602	-0.000321138358278938	0.0058112958409455	0.00179013999269644	-0.0142116797607294
0.0141200572982133	-0.00635205645758282	0.00788623737551811	0.00288993738140798	0.00294515701765944	-0.00573756226324212
0.0122689112459437	-0.0114381546791397	0.0059439590610766	-0.0161619670266506	-0.00773101388191132	-0.00587106718146138
0.0114803759015841	-0.0105997916442435	0.00833559528177354	-0.00963176488351566	-0.000571386010960843	-0.00494011223948439
0.0132057393549044	-0.00461855459007753	0.00500813949455732	0.0109543340830601	-0.00784730121359774	-0.00145539888709142
0.0117957904258125	-0.0204290081431555	4.11337000354541e-05	0.00814689928014612	-0.0180777557747217	-0.0101573848070482
0.0140581597082246	-0.000849681936501042	-0.00187350377428725	0.00267738867596227	0.00575909203144799	-0.0033944955103311
0.0128828989111619	0.0172460470727951	-0.00178603781644326	-0.0116315443523142	-0.0106966105023495	-0.00079514891422226
0.0118666931500893	-0.00825794830835495	0.00387814446198724	-0.00967070835338521	-0.0178611551696018	-0.0139956748355198
0.0116016758241595	-0.00692084289100455	-0.00283473657121555	-0.0126666300104035	-0.00155339664091999	0.0175759564824383
0.0121347894997911	-0.00831472896519773	0.00166867151280962	-0.0146330720749071	0.00516719549610763	0.00263347148985026
0.00914098224861705	-0.00340954189303166	-0.0168068252285901	0.0243187383557484	0.00880639091336144	0.00631873789642638
0.0129627634685775	-0.000122793633476333	-0.00722307877223466	-0.00843040269720798	0.00505186230576944	-0.00545275728097059
0.011809871435135	-0.0072652067320872	-0.00463502978149139	-0.010307386957364	0.00827521770439372	0.00675361584073258
0.0135844565663292	0.000957752090756731	0.0130861909432849	0.0061338147913602	0.00205285544926467	-0.00274345114390535
0.0127059091006599	0.00734519325626424	-0.012206944264123	0.00805070943374016	0.00453911255546926	0.00775582263759493
0.012244666143382	0.0286541396680075	-0.0139822095481304	-0.0134362570708744	-0.0116802982761662	-0.00767527550789898
0.0120154797264596	-0.00161623012232295	-0.00185013428674038	-0.0088227343774565	-0.00347034451467144	-0.0166857548011325
0.0112777044590909	-0.00631527913233257	-0.00444264714654354	-0.0175599502532471	0.00416406260325217	0.00248525061806276
0.0143000229836552	0.00128315808828895	0.00381777608575091	0.00387393981416987	0.0123897178788044	0.00251681562538398
0.0142748385837081	0.00161135943533789	0.00568883982634223	0.00540548779516148	0.0120862790525841	0.00105222390808404
0.009320013252237	-0.00326035037030179	-0.01492837153146	-0.0150507279577758	0.0154349805856227	-0.0105244596351037
0.0138769773039643	0.0110270663636184	0.00238385011739033	0.021543616751219	0.0111076098075402	-0.00407877185804654
0.0139565554747793	0.0139470818609295	0.0159429968655732	-0.00180973817546506	-0.00583679369516141	-0.00483662889404856
0.0157820843765658	0.00507810633984522	0.00526720413526065	0.0170609269398295	0.00840227078857128	0.00262046091783187
0.0156432589752825	0.0010811446511268	-0.00472594234753453	0.0137266514306207	0.0129118901396465	-0.00217082722724424
0.0147324663361888	0.000860958047985896	0.000416608977097246	0.0214351825706942	-0.00269562174499341	0.0167672185970391
0.0138904760178172	-0.00617871306797247	-0.016187584176503	0.0264154576264386	-0.00130130448030968	-0.00597848196375822
0.013179152210682	0.0012358139838123	-0.00290537243337921	0.0131789254366375	-0.0049134454091921	0.00733518491620504
0.0133915273028092	0.00421788055297283	-0.00376173683461714	0.00660203221185859	0.00691828434460629	-0.00963082454142074
0.0130646181115389	0.00339888195723173	-0.00433568153701501	0.00633132452026895	0.00619639822025244	-0.00879402054448969
0.0137681343859147	0.0132385647755505	-0.00208559987261906	-0.00624670551462226	0.00851077294359619	0.00232572808663121
0.011481477646696	0.00141780489484861	0.0108253342721292	0.00536930458283866	-0.0115249986836566	-0.0100187551223264
0.0117759082013618	0.0155843026903939	-0.0214613177347056	-0.0129877461900195	0.0223726719531363	-0.0089676751683106
0.0137554291802882	0.00647460958299109	0.00464910817767653	0.00133516813172626	0.00913175010104205	-0.000819134299754102
0.0119390981018004	-0.00646322668158258	0.00317904083126675	-0.000899071898170296	0.00856969005283605	-0.0102318584879278
0.0141778634732102	-0.00442843974465562	0.0098281542685919	0.00859584938895555	0.00113535475945316	-0.00225619690265433
0.0139278333621195	-0.00407070206352305	0.0058001907417837	0.00570208752100192	0.00253389714202302	0.00975635452891193
0.0131061145435469	-0.00165442787323853	0.0112822075581486	-0.00197048658144144	-0.00325845544448165	-0.00383962650891312
0.0127340732814349	-0.00945371162169213	0.0101121159429648	0.0137247663140328	-0.0129356230600786	0.0137084251041446
0.0127339412307094	-0.00950057116648163	0.00992279217085495	0.0133748808082311	-0.0118928262859695	0.0143778189481199
0.013768200868217	-0.00280898289282379	0.0139457337395001	0.00616498560089133	0.00203709396544282	-0.00378647004341651
0.0131184687756482	-0.00234039594568157	0.0116713696419817	0.00245508206048629	0.00460697432128834	-0.00511121020754489
0.0130102398942408	-0.00612648790517073	0.0126371792435747	-0.000326576772447138	0.00194564976863479	-1.4854148039046e-05
0.0114289816008627	0.0140296013526685	-0.00673807225178296	-0.0150127773069603	0.00863491661713777	0.00392482641353587
0.0126562476314658	-0.00702069555188514	0.00546720133358505	-0.00331421084539325	-0.00587034048951029	0.001151804365743
0.0119305607486689	0.00827156605537999	-0.0116319585769463	-0.00491780048302275	0.00843813381603602	-0.0128924728383055
0.0128770934181551	-0.00662169661456338	0.00793266889635156	0.00318179309873635	0.00166803824784995	0.0127873729075664
0.0148047899790288	-0.00812227268793797	0.0047610543031383	0.0126720283858175	0.0053189488913544	0.000718222497644793
0.0148476975452566	0.00889596292896127	0.00745098798098294	0.00949956766201526	-0.000288051887622096	0.00651109339996132
0.010578334137464	0.000117806490821504	-0.0150155643809201	0.00924788033452119	0.0172965020787564	0.0179586795490873
0.0127369713116284	-0.00321109204729658	-0.0330435600023123	0.00888373377554783	0.0205304454406115	0.00620023075401226
0.0134408520720191	-0.00355619613029301	0.00263412468964702	-0.00351201366704336	-0.00649685257871659	0.00580061517059431
0.0132703040420964	0.00358384102563812	0.0124017350426736	0.00455224890779125	-0.00693040468380164	0.00552459546963885
0.0119293242922272	-0.00374389783826076	-0.00377697834875763	-0.00243997451710064	0.00158363734894124	-0.00909326730670739
0.0122043331998155	-0.00167415552567546	0.0140516822952238	0.00347986184871686	0.00511142389916956	-0.0144623046284681
0.012719140576258	7.69318151560686e-05	-0.00587941477103651	0.00526362634800822	-0.00237888376188991	-0.00112330410624671
0.00960002984809759	-0.0128561019331978	-0.020849877582885	-0.0202018060716012	0.00407753009439916	-0.0256058421400231
0.0123568179178698	0.018064415722615	0.00369520997172927	-0.0152481202111422	-0.00662815442592728	0.0018136202312138
0.0133847235915362	0.00448105588041168	0.0030725946014026	0.000251546249946188	0.00398427486374995	0.0033352941202538
0.0117859318552573	-0.00268967429011555	-0.00648800404344391	-0.00347058092002178	0.010323781795198	-0.00446173390104763
0.0130949416220174	0.00682917519364704	-0.0106125673305032	0.0221915404402016	-0.00897631909483176	0.0157896879073768
0.0138278436362095	-0.00953334383595052	0.00843285476408403	0.0174220931669493	-0.011489916997022	-0.0115783422165507
0.0133674643015413	0.00246022883283426	-0.00344130040704997	0.00636431489509269	0.00721765064777531	-0.0121785786329238
0.0116703282053975	-0.0158799536674601	0.00415541043309323	-0.00431791190737866	-0.00549562130476567	-0.0067543003125238
0.0130266551788501	-0.00526286567828508	0.00891720875084244	-0.0103846858436216	0.00698259346378473	-0.00688380914449273
0.0129778074173456	0.0195354604496438	-0.0075322614822406	-0.0125319739110556	0.00187717635291071	-0.00873730880999495
0.0144557489397488	0.00110569072658711	0.00762396308455903	0.00390809130252274	0.00305070438402139	0.00711435794560209
0.0140492314414429	-0.00284975638949657	0.00974788333461961	0.0109212923866569	0.002947300953833	-0.00786676834547025
0.0131517875217024	-0.00564503193174815	0.00837470219612602	-0.000497548081708263	0.00789603432021359	0.00307762254138205
0.0124135701756226	0.00495265189832053	-0.00033061689379811	-0.0132430118499852	-0.000784708807601125	0.0226915333096709
0.0127852791806168	-0.00453850278884606	0.00323208831758357	-0.0124538747171939	-0.00260764144875027	0.0185661850949561
0.0142755933349285	-0.00139028529864185	0.00631347375420768	0.00800006560830942	0.00778926225219822	-0.00303731971031662
0.0124858621901906	0.028951027931384	0.00846486532797252	-0.00203620009529469	-0.0104790025945142	-1.7540048145584e-05
0.0138890835189482	0.0315514154654289	0.00806666341451483	0.00904395316359844	-0.00747659101715349	0.00558622353158007
0.014457574538295	0.0160846721103511	0.0113661635072107	-0.00101368022868396	0.00613975109029961	0.00557098416365045
0.0149332231644597	0.00131064482790178	-0.00110455945096535	0.0150543030841423	0.00482122351092979	0.00373355199006579
0.0149922168277174	0.00046281211952419	0.00992766762636859	0.0135625546527877	-0.000129297575060024	0.0115573114681598
0.0131251134501378	-3.27585418241772e-05	0.00439149859776972	-0.00805123865527043	-0.00228768877452738	0.000191885975097336
0.0134433596312606	-0.00224591961112442	-0.00404915300796332	0.00120671910188499	-0.0014708871403694	-0.00996993875012427
0.0155327985212653	0.00105411154553631	-0.00347337307183227	0.0217472489763688	0.0105345162174805	0.00383763628849164
0.013060013920619	0.0347927763530238	-0.0286699507739519	-0.00699166062730334	-0.000194730137520124	-0.00720554557682578
0.0111709212219253	-0.0101102862755792	-0.00870433027538089	0.00475139566032759	-0.0136840469758086	0.0129108555816334
0.0127031896318364	-0.00787387693815465	0.0106194673795006	0.00202886171779647	0.00359804800995402	-0.00543413409399754
0.0109701326040193	-0.000467876480889497	-0.00654514809147725	0.00805279601864379	0.0147142076638521	0.0204580753661078
0.0128844827150157	-0.00313523842449209	0.0151106977128433	0.000477892586260371	-0.000673462238865707	0.000932639280254999
0.0120197268792478	-0.00596711462569563	0.00170343238221657	-0.0136377889417334	-0.00744229735413907	0.0142598880159212
0.0140282001962002	-0.00123963467482614	0.000835504892482615	0.00772940719235843	0.00539475532912863	0.0117869588108415
0.0111422756031178	-0.00775794194866392	0.00168029306931445	-0.0275673911348506	0.00691789317137697	-0.010288925723898
0.011025108385912	-0.0165389597863203	-0.0171479716738389	-0.0213161330543301	0.000623837691544873	0.000788545248054117
0.0122448335385048	-0.00631942272367215	0.00563176962566947	-0.0180857309896256	0.00916738962295344	0.00225648411901748
0.0130578085340579	0.00331057915117313	0.00280090959600826	-0.00873797863480047	0.0103760965555108	0.00262153979128952
0.0139556008023338	0.003502612089038	0.00249470705782293	0.0012808741543349	0.00726248685974795	0.0122533951539127
0.0139411484500018	-0.00762301595757304	0.00409575873656499	0.0124871138046128	0.00041272206051895	-0.00687718082093995
0.0127961525275379	-0.0164868428101137	-0.0118990963439675	0.00576668390452538	0.0161587212350189	0.0082987583651164
0.0140241049421093	-0.00252365097834367	0.00113483155280466	-0.00200720265793986	0.00753405206876044	-0.0113022003456756
0.00956377619543773	-0.0127412023993333	-0.0119071654850216	-0.00091797994035115	-0.009129534579772	0.00346606716559879
0.012597256597047	0.00657525671019764	0.000519786121693028	0.00114282546508707	-0.00438310027947891	-0.0109842573600275
0.0115531277608143	-0.0250314805082431	-0.00842620037594146	0.0148919492974829	-0.0207998536210127	-0.0124156042529495
0.0121911056178185	0.00251682397307654	0.0114813026185618	-0.00103102838595432	-0.0233520215608664	0.00852802522454115
0.0112405405368348	0.000426055715124816	-0.0113101814734356	-0.0167079390118517	0.00207976839920244	-0.0101918824195783
0.0110064061946906	-0.0110912105883918	6.11792833883611e-05	0.00515173752883239	-0.00428621033198764	-0.00293352139006592
0.0123987364135031	-0.0156043180824319	-0.00317853427168659	0.0134132332599176	-0.00767820310718001	-0.00174036058270834
0.0103463515298199	-0.00880806745961182	-0.0128997538981286	-0.00138123249649819	-0.00377946193398507	0.00649688012650403
0.0132959395553866	0.00680480936541609	-0.00361505916082036	-0.00878808174986075	0.00635932377533149	-0.00456384059270178
0.0117825244856055	-0.00241351874726846	0.0063709903108228	-0.01498440281793	0.0027774413182287	0.0023546764453424
0.0123531533169371	-0.00866702953027346	-0.00438631876534651	0.00947299002278938	0.0142482473954939	0.00392921804337817
0.0152215737781082	0.0125566651057001	-0.00389056672229996	0.0123190928737294	0.00347388327374105	-0.00323879992227894
0.0119933164088615	0.0169922068870054	-0.0148083615596815	0.0115207011484648	-0.00608229233549737	0.0288327392223724
0.0139362876054958	-0.00282995369211308	-0.00117469414393436	0.0063200192449473	0.00195985259880169	0.0027717771196504
0.00769544509668899	-0.0127071538287137	-0.00246777542370834	-0.0174597002757695	-0.0181079619014641	0.0226304816036416
0.012033815936423	-0.0102272217432059	0.00913586483851577	-0.0104874403253035	-0.0169815429708457	-0.000513961437884229
0.0139109617819152	-0.000376762676456584	0.00689113361513027	0.00327480652960346	0.0031605817014802	0.00500544221600234
0.0119934620071862	-0.00290195782100712	-0.00101659751361734	-0.0158313969598954	0.00668718194032775	0.00751783971818451
0.0127705009053747	-0.00918667945653662	-0.00566099659908786	-0.00413536803125934	0.00551097191190826	0.00142990986798124
0.0126962784127412	0.00789667039537694	0.00247653368625034	-0.0165827489420001	0.00695722671730012	0.0152127241121624
0.0133236779279352	0.0199647823328991	-0.00636874691152902	0.0135655023351785	0.00152186293492352	-0.00195723293705286
0.0147379485547707	0.00355244271652802	6.80271592738944e-05	0.0068361724085679	0.0108394984897142	0.00687088035884384
0.0105003277209368	-0.00682192211477133	0.00320349673691399	0.00134529217565917	0.00391841339872189	0.00754711331767276
0.0159192049154978	0.00600639406254276	0.00879073950080024	0.0204578401316728	0.010910840227865	0.00212616114010538
0.00738831711395158	0.0287874694980011	-0.0278786190193598	0.0472345967780267	-0.0378136199073634	0.0104028498677001
0.0131781886452048	0.0040753344942257	-0.0117184695041244	0.0172359658491063	0.00316116566816901	-0.0131175887707913
0.012809471144162	-0.00812494874024472	0.000110359876085243	0.00476200826289935	-0.00694920453282958	0.00400987798340729
0.0106401682454407	-0.00274755731578138	-0.0116498052493322	-0.0190710728898905	-0.0117357315373439	-0.00888725866307942
0.0112211516049747	0.00166869129894268	-0.00346773410245159	-0.00391623845886348	-0.0200323444438517	-0.00567743831475298
0.0094683286106984	-0.0229152119179669	-0.0162407639897768	0.0147819805826219	-0.00718010527986964	0.0163596643613448
0.0126016444452006	-0.00207503690351117	5.82222101255083e-05	0.0184152632614527	-0.00448342831308999	-0.0027105026374801
0.0109426736448806	-0.0165025266569123	0.00303283641863911	-0.0119827033233923	-0.00507892358832145	-0.0157335882331465
0.0133639912876037	-0.00739112654745874	0.0119319053515082	0.0114994103978596	-0.00916290489711745	-0.00110083155226461
0.00921315552926313	0.000111938823922332	-0.0195790640842379	-0.0298320963157365	-0.00125241332874236	0.00711379254642011
0.0127740295711502	-0.00949919056036909	0.0117763593667089	-0.00351425612481583	-0.00115898709449258	0.00523005071851921
0.0133681058584232	-0.00697202035448032	0.0185483989358778	0.0037774257696499	0.0020274445587613	-0.0222981444999458
0.00993560278531279	-0.0166307299493978	-0.012664143383358	0.000205216717992869	0.00398668391140986	-0.0163072405003002
0.00841668377179139	-0.00199339159344218	-0.0343605512805779	-0.00685956934832156	-0.0240811075945859	0.0163486244847362
0.0125930591736385	0.0133225785683766	-0.00741015582800382	-0.00302262792489477	0.00290423810711495	-0.00438513484411463
0.0129509002098905	-0.00109050183544647	-0.00410477097401148	0.004995944809656	-0.00239710580608503	-0.0137288634082358
0.0126306510493047	0.00547893563047495	-0.0012280623448732	0.000309478256040133	0.00743262528270905	0.00434462433554227
0.0118980135386706	0.0157508696424066	-0.00525775304466982	-0.0091082927593563	-0.00356933819159412	0.0147690446647248
0.012082489442413	-0.00539651494419648	0.00575867334733953	-0.00646568685445218	0.00275132910200348	0.00956357650744491
0.0150408563730137	0.00923646735471056	-0.00442216056938553	0.016477712047658	0.0016366137393886	-0.00763061468142344
0.0132354680009718	0.00042370907801132	0.0052530147943703	-0.00338649691557084	0.0056041542274627	-0.0160776564624808
0.0116655738120147	-0.00955144946848347	-0.00704244014979146	-0.0113545612825974	0.00466188316974127	-0.0154568035412392
0.012957417751044	-0.0128700651982056	0.011634914017779	-0.00446785197982624	-0.00596724970601353	-0.00268765405561884
0.0124058771703409	0.00229966561376696	0.0120646125089099	-0.00815260076765657	-0.00336758711801296	-0.0176656140131586
0.0129141660691012	0.00100007505017013	-0.00147171930925551	0.0027792317612586	0.00623477211344101	-0.00937085872617676
0.0127140542414577	-0.00381734777698015	-0.000220846515435162	-0.00325657944711776	-0.0033975142289801	-0.00766691611499787
0.0133300468116465	0.000573378619699138	0.00247461841369948	0.00211800325911138	-0.00651078355518245	-0.00268190561244212
0.0108090489448603	-0.00245775872250266	-0.0335668018308087	0.00934288626013723	0.0119491750482663	-0.00199721295274384
0.0125048784632429	-0.000777827336351278	0.00680270627933425	-0.00685987404357799	0.00817648560132755	-0.00198625768435664
0.0113012062567877	-0.0154557768861731	0.00507780713197839	0.000518972040197839	0.000880470704675134	0.0181824949143639
0.0135222838987912	0.00901395930368918	-0.00642704725786103	0.00435991157706806	0.00386467773334299	5.36362353356027e-05
0.0138785040760389	0.00631814656015976	0.00181757334680958	0.00857662659742539	0.00407162922722212	-0.00735401042118911
0.0100868554363069	-0.00899821619782529	-0.0373726158391089	0.0288106287115105	0.0140870632670879	0.0253004951893174
0.0134151877542139	0.0218124697872049	-0.0303965783682367	0.0178577453720466	0.0172178324562941	0.00707541750046055
0.0134899176224515	0.0243257911395801	-0.0268920035160644	0.0107592871529157	0.0111575537489613	0.00259284301919736
0.0131544531255165	-0.00164037161317943	0.0108363274690428	0.0126740340073895	-0.00224002870135051	-0.00226460401448525
0.0100805018374959	0.00106624035333339	-0.01073213675272	0.00558816419805552	-0.0218832385523797	0.00282213596537949
0.00880765901791495	0.00416116111847304	-0.0115711388318437	0.00522797748886203	-0.0179927547884818	-0.0133682731433978
0.00924779683385036	-2.26929326101206e-05	-0.00753259077556093	0.0105070821111083	0.00503548827180542	0.0237221030757714
0.0105799300573505	-0.0104923059529861	-0.0105030944461281	-0.000569446988327128	-0.0113954513319905	0.0252424562545212
0.011105593214712	-0.0103373613625961	-0.027323613455019	0.00161733830661848	0.0142517894302254	-0.00199114548093828
0.00896265023134461	-0.0121765304761022	-0.0065410444810026	-0.006310347097138	0.00990118179639721	0.0151264209312202
0.0124026660620733	0.00100553154611248	0.00383137667414746	0.00108082455611803	-0.0140884965827717	-0.0147855633302522
0.0105593718808147	-0.0140623627573069	0.0157327085313638	0.0190568981720484	-0.0434605379944975	-0.00344772147256981
0.0136270049064474	-0.00345116470804602	0.00380532908208729	0.00455988635509546	0.000974587729951263	0.0116983693741187
0.00973332522910858	-0.0129550512423466	-0.0132742987402074	-0.0176238202449888	0.00684802611455532	0.0274938356268723
0.00915708188982237	-0.00523046649587846	-0.0160304527033949	-0.000664859824101208	-0.000379396643122442	0.0226352791779507
0.0125519675960847	0.00609233432898787	-0.00211589630313646	0.00284422001778232	0.0102884907655121	0.00877133725082345
0.00965888167554023	0.00283061819169401	-0.0177026319204628	0.00730061095618822	0.0219592984899634	0.0164321038147341
0.0109034367971417	-0.00159271099710706	0.00860965790189911	-0.0152548280580482	0.00741030381312626	-0.00355765584028322
0.00859799527245751	0.00120282259393083	0.00988946847344484	0.00010924095487349	0.00461254762634307	-0.0151057510351287
0.00824385491547321	0.00469215892649927	-0.00533054997249374	0.0146119632423798	0.00979919179268766	0.0424150805903585
0.0107417144267325	0.00027174570552896	0.00548062992247137	0.00973652503002489	0.00570136269662915	0.00184655792546244
0.00902266475991247	-0.00597151165082448	-0.0113133502860295	0.00696373935537938	0.026907244377723	-0.00101392146562906
0.011698096153274	0.00289834076860994	0.00341804941675456	-0.010420340818615	0.00732520867481843	0.00641729024243671
0.0085966836459257	-0.0144848245000878	-0.00340542273854487	-0.02611955698527	-0.0239358470207616	0.00339673727695732
0.00961336200571188	-0.0198905724316588	-0.000944362960267535	0.00867932120020114	-0.00409649601718532	0.0440010232349819
0.0121282554061955	-0.00763526916876125	0.00528741343575955	-0.0098076040460393	-0.0150983577930712	-0.00133082153567491
0.00813121380172486	-0.0178983766548203	-0.041423356167632	-0.0219385554707396	-0.00597518945977423	0.0143989855375908
0.0110138182937811	-0.000313625984377485	0.0217384209080537	-0.00920789447239909	-0.0074756845985042	-0.000569112664136648
0.0127168611211444	0.0251207383508815	0.00520348570389846	-0.0185408720921392	-0.0042181244295674	-0.00425752737841572
0.0134582308401448	-0.00580399662423756	0.0024971048160876	-0.00455667732117523	0.00637461399856422	-0.00428692214486397
0.0125760609873833	-0.00689238419550908	0.00590924070413095	0.00603232348631553	-0.00335374151938509	-0.0139220862601923
0.014175215524138	0.00243773566548127	0.0040442117369587	0.0141032143005969	0.0101447934802205	-0.00210801929799366
0.0140954586849593	0.00430513893881612	-0.00692927147866469	0.00147335146707168	0.00865976192157053	-0.00396056530083133
0.0148693559108349	0.000109641297712288	0.0066816955630583	0.00993772144869635	0.0151810649172481	0.00395765760066513
0.0143276039366303	-0.0068146990078064	0.0038448551236412	0.00975768598715063	0.00449271200997846	0.00618068454466533
0.0142694858010659	0.0144681793734178	0.00207330962349023	-0.00264685345347536	0.00919076414143728	0.000431401640205819
0.0132134804068005	0.00222404852972551	-0.00768127819911773	0.00900951217261551	0.0146807159892876	-0.00344513864676128
0.014736188526718	-0.000388873700317476	0.00191056382718935	0.00673013911073848	0.00322854734364401	-0.00372225495957676
0.0129443453985379	0.0028899706134202	0.00234346663311788	-0.00882364073294508	-0.007302075429815	0.0059288802016045
0.0135073158128883	0.0061912260656714	0.00721376880400648	0.00637786353048298	0.000692058806104071	0.00583786069621778
0.0127723468319522	-0.0039326033677513	0.013110937253237	-0.00216790126307749	0.000575765058504285	-0.00320987383810595
0.0129148812293026	-0.00027239073158479	0.00724028637113452	-0.00391680601047018	0.00811838139999787	0.00456003523870517
0.00714070857129698	0.0103276289830121	-0.0139325653891058	0.0131781827018305	0.00145462306190217	0.00860459032055276
0.0139230993625004	0.00628488568884043	0.00174666682640841	0.00946629076625593	-0.00718629951524778	-0.00952879463758933
0.0127632447239657	-0.000585561468528051	0.00362611774470033	0.00527397383789526	-0.0109333742309314	-0.00350872359145367
0.013870255507311	-0.00337456062522788	0.00362166738807259	0.00459314972859555	0.000686485789431009	0.00386857049821797
0.0137049383524115	-0.0120129907147081	0.00542295200309884	0.00449147212548664	-0.00673669137034615	-0.000271386621658664
0.0149632454709049	-0.00549839580341553	0.0119546125830328	0.0212802279904768	0.00359008919961617	-0.0109936087786458
0.0129023254400455	-0.00250727020609616	0.0019298752624164	0.0167156776550454	-0.00181483895560644	-0.00455653138276077
0.0132326777554963	-0.00229782457895241	0.00740916598002366	0.0117742200809667	0.00808357841688011	0.00571795634088754
0.0148083323029031	0.000518488465842592	0.0096235873042269	0.011270484144418	0.00508988816803318	0.00578281789327028
0.0138179936238493	0.0237110030821219	-0.00433345672209086	0.006016160864821	-0.000371761201688291	-0.00636213259292215
0.0123003374555628	-0.00583013730223007	-0.00539123310657514	-0.0124816987831761	0.000499655196824885	0.000766714538405485
0.0117986808068999	-0.00739343454669577	0.0112186956925418	-0.00393663170440582	-0.0115711935900922	0.000956478691088375
0.0109629373250185	-0.0276040822903656	0.0220655722531014	-0.0217242550875972	0.00535846441811535	0.0233439094109529
0.0126322730537557	-0.0333725222488894	0.00141974235095896	0.0306681367774919	-0.00222168403555512	0.0135938105327609
0.0109086602947728	-0.00126601314136016	-0.0146374503702949	0.000129314673960785	0.00845983719253868	0.012241582515789
0.00870378888967628	-0.00855241514294911	0.00934506168430701	-0.0126408534203994	-0.00699336220848228	-0.00592594321151541
0.0113509269613805	0.00280335778460841	0.00738882741219252	-0.0275002615841868	0.0142264443193455	-0.00682364978513582
0.0102460964942665	0.00452458325132575	-0.0214056578370223	-0.0144970186022841	0.0319429756604148	0.00168897682478552
0.0126345845527898	0.0110538348475511	-0.0192802054273364	0.00871038373576692	0.0209867241240312	-0.00307212341834158
0.0124738709604186	-0.00179180200812376	-4.6229014584823e-05	0.0232817526642377	0.0119037422376049	-0.00107948519535712
0.0128398747862253	-0.00120999961621161	0.00819089633447541	-0.0101325276135859	-0.0108121384186273	0.00571413045527235
0.0131785213011305	-0.00527864545609485	0.00327259345514642	0.00422224760909966	-0.00123343929366146	-0.00676941387170504
0.0110631990555982	-0.0136749557814899	0.000550466283187599	-0.00936967235097759	0.0114614493389854	0.0158403504076786
0.0132890962676553	0.00887287846897552	-0.00885132588464129	-0.00466208237726216	0.00968446651300028	-0.00234155975274649
0.0134452820351446	0.00746106927209698	-0.0100949596493695	-0.00514510170754746	0.00892661988948521	-0.00212820452429878
0.0124703049235532	0.000749186671996297	0.0131830863923288	0.00370615883129658	-0.00165064118251837	0.0111327575574613
0.0138635339084387	0.00320010171845877	0.00539292930211357	0.0175406234693274	0.0034654288759322	-0.00057364455798752
0.0128094218508052	-0.00810573728813552	0.00679982422142305	-0.00609025939207044	0.00151425633310188	0.00418808069123561
0.013585777271096	0.00522225333028805	0.0122736098830121	0.00339839011218627	0.00454338640274699	-0.00485163006553182
0.0109893845050898	0.00642051421755366	0.0148030016501839	0.00989316581353547	-0.00158565522290562	-0.0210402486360789
0.0154336724218625	-0.00374789864558551	0.00545433235480716	0.0198532012027104	0.0121991626496987	-0.00155087784522511
0.0139297588475067	0.0053458988567764	0.0078407563667989	0.00562054795722027	0.00774979143572151	0.00689201608286946
0.00965017651985592	-0.00220373675821183	-0.00349561949171833	0.0102040662672575	-0.0206880949087565	-0.0138687096354507
0.0133658866883239	-0.00558253862391045	0.0170165790103963	0.00264415752457344	-0.00544740290866392	0.00228546485854047
0.0117681374984156	-0.00848483473860892	-0.00134686642377795	-0.0128637615643278	-0.00150252969959595	-0.00208874313082188
0.0126165511953463	0.0199903623561226	0.00206278149674603	-0.00469737479999695	0.00697239104219856	-0.0101437628344213
0.0118103158775908	0.0216132106768594	0.00242929624083923	-0.0152170319386368	0.00694144975198383	-0.0133880632609631
0.0119367782276487	0.00836692678664642	-0.0216936632089223	0.0048718355476811	0.020465883125169	-0.00632986741836403
0.00940167173175561	0.00497752611463786	-0.00974767446473377	-0.0148895997454778	-0.0320039882023035	-0.00959465376473983
0.0108886247940971	-0.00270576096800959	0.0104962883261784	-0.00710083928261053	-0.0102529598565111	0.000132318143190231
0.0118647151191165	0.00455592500359067	-0.00204465240216768	-0.00439131485900326	-0.0112500229714098	-0.0120557446764
0.0111051573498538	-0.0159701575230006	0.00263514267461624	-0.00769418110659009	0.00332280874914344	-0.00379361671772809
0.0105485811055204	-0.00456022752350985	-0.0067697364947043	0.00318055418352011	-0.020776554312789	0.00261301052454621
0.0132302322792093	0.00126456241623444	-0.00819267759215571	0.00870074659207156	0.00551679591393283	-0.00956995648185187
0.0118029670835321	0.00605551563272169	-0.0155116767151974	-0.00403542310589656	-0.00654625867095996	0.00992852689595496
0.0127527348820519	0.00148353339778809	-0.00418509076032162	-0.0025649347020215	0.00675705188739271	-0.00347602831337266
0.0120202155712796	-0.01660278611512	0.00997314276734455	-0.0154874773835504	0.0227454717716915	-0.0034938297979676
0.0136678580261203	0.00195483230128091	0.00524568256517294	-0.00772585565641606	0.00610450582975678	-0.0107692862536778
0.0122600146014028	0.00400536513416337	0.00259383511161105	-0.0117326841391977	-0.0019293446750367	-0.00526189493067349
0.0140483336916184	0.0083378118622913	-0.00135034163000994	0.00211805767667222	0.0110097124727218	-0.0043321150576512
0.014172856574135	0.000241473185787273	-5.5257376889036e-05	0.00251407245370609	0.000124882287826597	-0.000558599107328178
0.013500604002795	-0.0146591884710081	0.00755210813365459	-0.0114103677758213	-0.00691281396581058	-0.010580267207382
0.0140465392493332	-0.012728684278039	0.0114439954287819	0.00603462646941682	0.000393727718197229	0.000384959257063959
0.0125384037884524	-0.00567609470458672	-0.00783878694456685	-0.00717789356382026	0.0162068261681305	0.00856862605159469
0.0118006327299809	-0.0128820233185506	0.00423253577233379	-0.0109403387426007	0.00338431948059977	0.0237428111485864
0.0141251021250687	0.00365599316678119	-0.00188742551510037	0.01080470176705	0.00236308438139037	0.00711607240194212
0.0153278259825535	0.00925629748194048	0.00607865732676206	0.017046496471564	0.00656027190307343	-0.00554642603299148
0.0137802905401434	0.00403403095815805	0.0113517562880194	0.0192127668469636	-0.00416039377047872	-0.000936071553219249
0.0139831508377139	-0.00881350953959097	0.015525889675313	0.000586826711672953	0.0058696760791957	-0.00642434437970257
0.0141046852842595	-0.00245427863483979	0.00768712656966289	0.00602424896437315	0.0110883487799662	-0.00556582832181393
0.012153305016295	0.0124268374610983	-0.00554081047432716	-0.0157476357249127	0.0011347306694668	-0.00852318551673754
0.0118099683927449	0.024524848323086	-0.00415339859863506	-0.0166388659323619	-0.0136286704998251	0.0143024444981082
0.0126840785216003	-0.012010276549998	0.014483962186152	-0.000806540036809462	-0.00408767751489995	-0.000913963589435928
0.0122127306888891	-0.0139615084078248	-0.00369473104865456	0.00382455763160205	-0.00695522559504776	-0.000163201221010167
0.00954244501405244	0.00548191416281971	0.0018296184331295	-0.0281175239999513	0.00594388320790541	0.00410092548430438
0.0127888108980178	0.00107527369765928	0.0234083388276303	-0.000288880678573138	0.0103877416839124	-0.00522132082194624
0.0111065293806227	-0.0222849412714625	0.00254627041557486	-0.0153004271463709	-0.0032860303548147	-0.0165452875860117
0.0124914265303823	-0.0140304156002779	0.0063423677400346	0.00209765878506572	-0.00018619901851543	0.00123561965312404
0.0119628936007941	-0.0166553479254214	0.00352519469133421	-0.00692518325569545	0.000974486630950051	0.0018909296553664
0.00887161820539538	-0.0157389701661869	-0.0162269941028518	0.00610141126459537	-0.00252861033400205	0.0284248113822021
0.012301851648166	-0.0136071314782588	0.0117174323652877	-0.00333357111197632	-0.00526928303057902	-0.00584001052760379
0.0126658165813943	0.00541517833496275	0.000445917695209187	0.0062611814521875	-0.012915606019113	0.00199991240955945
0.0109157681107209	-0.00808304196647559	0.00293538537559079	-0.0141488401101332	0.013557160466373	-0.00420220655573927
0.0121256592325853	0.00249709647467114	-0.00986489812176675	-0.00946294196089985	-0.00623611564698316	0.00950265286802737
0.0125955067683091	-0.000881592673379962	-0.00928178750655581	-0.0122149805863153	-0.0027899492431437	0.0113333114239286
0.0116197564519206	-0.00201635933557584	-0.00507433614864584	-0.00970678341092067	0.00145636001604611	-0.0143244255108966
0.0110726315737075	-0.0233858617502032	0.0158634632302332	-0.00146877752034632	-0.00392656282846355	0.0106651924877172
0.0136923868531673	0.00670489322746791	-0.0110467912530907	0.00370121177669977	0.00230119211388922	-0.00173579393008775
0.010236322410276	-0.017551723525873	-0.00769353628090694	-0.00250102080170249	0.0087399911945341	0.015502402894182
0.0124370174605098	-0.010046719328093	0.00276874292274612	0.00205182763276185	-0.000404879584010128	-0.0119308767984667
0.0124120659365104	0.00275521378983677	0.0087232548235742	-0.00953382098027183	-0.00659798352716791	0.00764372044557731
0.0128936441306249	-0.0113576514035518	0.00390122880253137	0.00178836696169849	-0.00206018675924443	0.00303443016499903
0.0129275042319363	-0.00617051954087675	-0.000859668372170282	0.000479005430705169	-0.00411775091415341	0.00663320620137261
0.0125856197561631	-0.00390410712715428	0.0193802276901906	-0.0021421678552074	0.0074177954222339	-0.00203791520828543
0.0125982207775951	-0.00794267594080923	0.0128397440437321	0.00430337805110474	-0.0136780358258102	0.00306327713533
0.0123887196963813	0.00591594969634469	0.00900465082864851	-0.0053165021133007	0.00105279277383815	0.0118109338443175
0.0115425280517884	-0.00861974683266646	-0.00581753210767914	-0.00291714454649675	0.00882668692405104	-0.00123388544707131
0.0115118190363178	-0.0117859392890938	-0.00799186245231463	-0.00360480244700834	0.00799013281218721	-0.00209661694926995
0.013436354790256	-0.0146710554600116	0.00740490949290597	-0.00390288744880089	0.00418390163597589	-0.0053226193618068
0.0124528102793054	-0.00124934294112277	0.000578046358377609	-0.0113558326286537	-0.010880824580783	-0.00839955554296368
0.0107168179647923	-0.00672098018276725	-0.00077987639000934	-0.0079676308325619	-0.019761889879945	-0.00160284332725758
0.0127534606987183	0.00802226724633801	-0.000186432516674611	-0.00281874130232359	-0.00985635112862109	0.00814206774906334
0.0126467405862194	0.0042309164101978	0.000430776665608723	-0.00817882939271996	0.00418390098046098	-0.0221315248221933
0.0124663985605867	-0.00381322369197328	0.00512996968771579	0.000893521803590145	0.0125141855367436	0.0101314992727174
0.00965319376677452	-0.0175585208675096	-0.0255820924156889	0.000225252880809644	-0.0392985429502249	-0.00940475743977243
0.00859818502658038	-0.0122704772929033	-0.0145071378905351	-0.000220872077032121	0.0106980468664899	0.0414087384808685
0.0101122311796584	0.000379264984457963	0.004315785922825	-0.0150353305585911	0.0115560887047266	0.00232255966683322
0.0109086235363122	0.0138529041641802	-0.00498849548051018	-0.00220836978751516	-0.0107105495367556	0.00915744621622629
0.0120778452718114	-0.000570572444992116	0.0243521307632649	-0.0062731407883379	-0.0098068003679035	0.023669113559534
0.0136845666379173	0.00252912625025133	-0.00503880573371782	0.00826163647305548	0.00213805452356439	-0.0137467486654563
0.012964935543768	-0.00054399385907238	0.0134563523604368	-0.00794912559537551	0.00773903859484285	-0.00583535548465284
0.0135009901548843	-0.00203179026207347	-0.00161714572303772	-0.000335186893868341	0.0101254896306389	0.00764395273341581
0.0119372273640042	-0.00169880276084008	-0.000918070369934602	-0.0164036323980857	0.017028164264766	-0.000642717936030148
0.0126975455811647	0.00130868624922689	0.00361820018526212	-0.00330231729400146	0.0151926972007817	-0.00128154441034109
0.00941416596419599	0.00666233589014171	-0.00668844653942678	-0.0084576563825079	-0.0202046333076946	-0.00405109372542929
0.00998892320771082	-0.00930496356921925	-0.00771739717936574	0.0191631773235587	-0.0052205701145111	0.00495923523643993
0.0118945139253167	0.00976791785962478	-0.0254070915252441	0.00126037758333996	0.01106435955146	-0.0217089111125359
0.0133114932574958	-0.0085557562017662	0.00925386679889666	-0.00285653135530889	0.00432124167079398	0.00881661464417417
0.00994590418019031	-0.0101263283433523	-0.00727985097275572	-0.0128309473533905	0.00281977144793722	0.00633785297350426
0.0135979557343231	0.0173131422900482	-0.00425323718815099	-0.00123147373546711	-0.00119497346785442	-0.00631525654973794
0.0128776488032297	0.00740233278209254	-0.000715568228905542	-0.00825156053377998	-0.0129589694735586	-0.0100547289968757
0.00629700386873846	-0.0160829405500161	-0.0424195116533265	0.0519545837699055	-0.00821732294317806	0.0358415304715636
0.0102433101752417	0.00196138204178842	-0.0120234980691301	0.0243345031198354	0.00188254610444702	0.0383726206445471
0.0131264584291613	0.00121408377008405	0.000104797728300045	0.016552627763221	0.0130166021032352	0.00973273674471987
0.0131184769548036	0.00160879495499129	0.000317969163470547	0.0165765576953015	0.0117916206832429	0.00989713382768216
0.0123799492883744	0.00450862823250422	-0.00088207965351352	-0.00575504858772303	-0.00899156567041984	0.0122847156196697
0.0125138428163079	0.00476315835144371	0.00123233551376431	-0.00400259316554888	-0.00654190005584938	0.00968810445537265
0.0133117845796497	-0.00650272490657113	0.0109229703012671	0.000926176739673814	-0.000504771714543206	-0.0128210223778424
0.0126428554066862	-0.00513525413458746	-0.00248461796770919	-0.00882578777558917	0.0113384901429879	-0.0112477723900424
0.0133668118829278	-0.0146398372228367	0.0180055137413606	0.00450261148133792	0.00344430140695036	-0.00360287700984568
0.0112851898518313	-0.0101366235323878	-0.0103306404001428	-0.0213837027288187	0.0158648057528492	0.0184948969425589
0.012634780149955	0.0106179175134772	-0.00298186377524357	-0.0139607521910509	0.0176429983480656	-0.00612169206163014
0.0125634958133078	-0.0072132042689501	0.0124762188806245	-0.00521140389805072	0.00777991648134839	0.0190963055794873
0.0145339684579938	0.00178808056425379	0.0087705298844735	0.00904700440570043	0.00574765034587699	0.00503120166054698
0.0126714769156331	0.0162531558441378	-0.0125741249873211	0.0362800918408684	-0.00978277622849124	0.00700839665801464
0.0115143830150137	-0.00481637438403993	-0.0117578449819047	0.0135324695674169	-0.00938470562467239	0.0145980869491863
0.010136567760606	-0.0116657520928587	0.0111026813126763	-0.00199135240295118	-0.0315656556416273	0.0339714160973996
0.0084021169470305	-0.00423191169112254	0.00146704028435225	-0.00251497547755681	0.00269862547981714	0.0245806433950683
0.0121516725135257	0.00855603376921842	0.0174762270909418	-0.0120083191943801	-0.00407964775542583	-0.00196564065691039
0.011429480913979	0.000670692234428375	0.00509954411526155	-0.00685178648040312	-0.0103838606144699	-0.0165458956741349
0.0123131499170975	0.00506018887820771	0.000613161289537387	0.00132942408256663	-0.0122629004167136	-0.00101939888905849
0.0128588747998984	0.0016148421009491	0.00139157361657436	-0.00676422122225602	-0.0116605151677382	-0.0180627508288935
0.0112559509581898	0.0437755277575662	-0.00352678011801255	-0.0118855025268188	0.00333104559513963	0.00940147396137013
0.0126763210557952	-0.0100175217458391	0.0067942041342798	0.00117228091275579	0.00106114797683755	-0.0029787732692976
0.0117181606317383	0.00188220404246647	0.00311432276463459	-0.000780754063899431	-0.00850377573892215	0.00749377230537321
0.011755639416741	0.000861325219501103	0.00262515725127657	0.00265389476401006	-0.0117925649849449	0.00661970084404439
0.0125875489657399	0.000199632965567435	0.00227751994026239	-0.0103207402919014	-0.00668556944735219	0.00293821184950392
0.012560885137131	0.00569608768457069	-0.000696417359159664	-0.00610669726334292	-0.00863831711736794	-0.00280902846685636
0.00988216193883751	0.00959478663071579	-0.0196575533216721	-0.0141960293209183	0.019919310098292	-0.024991799491154
0.00912380288994794	-0.00896070691538305	-0.000796069693032087	0.00603377341765685	-0.0226748362043941	0.0195210995323261
0.00897080029031369	-0.0091226976039759	-0.0162806963658199	-0.0113722678521797	0.015261919526118	0.0296861925111231
0.0140181000357675	0.00282422946584287	-0.0078319199342855	0.00515140127631636	-0.00347490138056859	-0.00684293309525863
0.0116467647214205	0.0130913086901653	-0.0229474506566866	-0.0121645453553282	0.00748172452255402	0.000615424937249622
0.0126414349621444	0.00736935431249977	0.00494458335239663	-0.0106507118465312	-0.00337722282118005	-0.00112796847984945
0.0129523983390927	0.00359429494694145	-0.00824871645835501	0.00203637750374672	0.00782694773130408	-0.0127013785102738
0.0117396562773444	0.00937840146808158	-0.0142446536093787	0.0071230080154102	-0.0143428458603069	-0.00989354817728756
0.0109559983022862	0.0144899028462696	-0.00895366143790428	0.0060049945923223	-0.0244449583558435	-0.00136222681187823
0.0122898671420679	-0.0102681722413419	0.00402990854922938	0.00860493238598637	-0.00935642020464154	0.000961953682156148
0.0138760437544757	-0.00290434372258881	-0.00229365911376516	0.0066272570822936	0.00408627146934732	0.0069759689145792
0.00890033094833894	0.0206249872687945	-0.014624978370762	-0.00675809803789735	-0.0156345005518659	0.00952632462627574
0.0116476581737545	-0.00577948713807419	0.00111350033895633	0.00259766712377367	0.00509778233488994	-0.00333575848736173
0.0111714553199165	-0.001305495268139	-0.00416082105935757	-0.0130294487063109	-0.0139690191836325	-0.0351066446625015
0.0153288974351681	-0.00526602827958389	0.0025242291656067	0.012085978845182	0.00840182765345849	-0.0148293228159367
0.0134396859428975	0.00465831809341252	0.00360853038177342	0.00185757878375024	0.00242545951379801	-0.00583902860057891
0.010949970519324	-0.000793000378355016	0.00930739093611966	-0.00818421534567074	-0.00775330962817614	0.00112433956414208
0.0134928810217081	-0.00883849751931013	0.00523956430812931	-0.00368483686120224	0.00540093611857084	-0.00816417275183534
0.0125119192016636	0.00613738881648666	-0.000719867228501147	-0.0166601150732857	-0.0029885400720353	0.0133309415876816
0.0123224589792948	0.00570671861130324	0.000394647846500219	-0.0198820071471794	0.000993772130398833	0.0186298652449776
0.0106305007916503	-0.0222311602867072	0.00392386657575252	-0.00781463065546024	0.0155631224000088	-0.0143198955910187
0.0128348464199022	-0.000851081065033972	0.00291732222425475	0.00419680884073647	0.0151920452116866	-0.0168464905134288
0.0120967267016379	-0.00567268368288423	-0.0121442925724773	0.0110694639119613	-0.00765233847355065	-0.00509935469072905
0.0108669081453301	0.0126562804554102	-0.00459634780301492	-0.01194833830683	-0.0111297874520506	0.00738106275752189
0.0126176218097902	0.00509799925908632	-0.0116015089260923	0.00988459298657427	0.00425332993581667	0.00395911147044549
0.0121478195253728	-0.0125620208837884	0.0182333897558238	0.00790940524624565	-0.0161000444317494	-0.00946123735414303
0.0133397168916401	0.00285281902078439	-0.00500346137884092	0.0105815262054158	0.0100889974460164	-0.00448572996386604
0.0132497922845685	0.00256335860927452	0.000221497147203763	0.000168355902342249	0.00128677004954033	-0.00219334502213597
0.0110092179749151	-0.00676569283685955	-0.00846746173719896	-0.0194100433370711	-0.0161933951348409	-0.00948691967850697
0.0116619783326335	0.0013122108754348	-0.00755216330463457	-0.0162929200733301	-0.0139196028320752	-0.0065501430960634
0.0117656877578714	0.0167359756020016	-0.0185990679665922	-0.000790076181049036	0.00880614587349357	0.00717492428876444
0.00832508463776375	0.021149019855883	-0.0157175902923527	0.0404357827489699	0.00389639203747538	0.0230795463132377
0.0120047964907343	-0.00255217136654184	-0.00144340097229862	-0.00518780172600435	0.00805340421091523	0.000898085561224157
0.0113954435392894	0.00292037813854034	-0.0142258276730377	0.000401070845186428	-0.00944185328690144	-0.0127146114923992
0.0121719801311128	0.000856766909782542	0.0151185202946363	-0.00224890954870452	-0.0157446624270498	-0.00109051111819486
0.0116793536113584	-0.0147175411446458	0.0120959877279887	-0.0245658889794726	0.0116949592038606	0.0176355016379212
0.011644140129572	-0.00901203857167253	0.013781581699825	-0.00910362688258224	-0.00387441021786095	-0.0082554631195809
0.0132178777920089	-0.000622046353782402	-0.00347764306866623	0.0110246909836615	-0.000488638299305589	-0.00393069168769395
0.0110326286271152	0.0352660578187233	-0.0109984719261934	0.0150898831904775	-0.00431085410106932	0.00397613056273459
0.0133437627407129	-0.00934448948304147	-0.00569857270392172	0.0101614170332289	0.0166395232083574	-0.00240773132366022
0.0134236639753476	-0.00957973660908776	-0.0068113784475914	0.0088084539374524	0.0169540690535874	-0.00344932248740595
0.0131702295794807	-0.0116429835095212	0.0109817683293628	-0.00500634723823195	0.00237798359561939	-0.00298505898176399
0.0116925685044442	-0.0126159782119159	-0.00273622485070719	0.0164409060743632	-0.00872127024634001	-0.0165555911713169
0.011560969483474	4.33713191207025e-05	-0.0103497833056841	-0.0158159647912867	0.00639577594336764	0.00204614474857263
0.014869238329506	0.00208719574613579	-0.00790594872516077	0.0178557107444664	0.014883387353186	0.00824958130470456
0.0094787586906594	0.0153686956722264	-0.0541548964627036	0.0452836025895702	0.0015096115503946	0.0291888096755756
0.010262411602897	0.00570739152878888	-0.0168071862412156	0.0213009665303085	-0.0112225680702588	0.0177432790689339
0.0134235340430047	0.0454849692326587	-0.00373959462786464	-0.00272593942230206	-0.0117078052496794	-0.00331279100706052
0.0131864095522516	-9.86218716299975e-07	0.00477008491236915	-0.00872617513143717	0.0101866013552913	-0.00244240393448805
0.0119430150020619	0.0117821594394625	0.00252868333572598	-0.00375011974159984	-0.00174019658297508	0.00769312219875106
0.0131535740001833	-0.0136463869687866	0.0157877646025998	0.00351112470207939	0.00909663478831937	0.00567170903955296
0.0150208359646941	0.00412211928983017	0.0127776744711581	0.00700207346482351	0.00918334653841321	0.000887979817029609
0.0138490300587813	0.0226795053133199	-0.00371562271952728	-0.00941631164176807	0.000787514693277963	0.00646978280196559
0.0135214182262415	0.0217361817212318	-0.00301135396234635	-0.00984540647825645	0.00238256897983154	0.00612799226105618
0.0126245394651404	-0.0120878992814814	0.0154335651812978	-0.00499745891534404	-0.00394345357769198	0.00226801744539108
0.0140184897932746	0.00302260927443818	0.0118056027034267	0.0103509935440459	-0.0090363825492722	0.00492706888288086
0.0118708303622847	0.0159870504923814	0.00815536968255298	-0.011323828357581	-0.00678767214261175	0.00123447455870584
0.01522535606601	-0.00259232798868617	0.00932551420500393	0.0203268960404867	0.000678449623279996	-0.00421999335001101
0.0146392080177228	0.00447291511327885	0.00310686493357071	0.00912258058684439	0.00856614682557369	0.00813294576874369
0.012571232949984	0.00756837081373798	0.00714966582709398	0.00792539011464691	0.00343848278795413	0.00592443913765113
0.0139135878579624	0.00384540079772858	0.00984566835711997	-0.00128445401218756	-0.000323187240146404	0.00183641147818663
0.0129686236952923	-0.00622024803623103	-0.00679997084142723	-0.0119538933725576	-0.0127969807984611	-0.0140696635862175
0.012925741719301	-0.00704877248440502	0.00238591790173186	-0.000683513303457773	0.00177979282452645	0.00674591786864666
0.0142720774910507	-0.00261632516479975	0.00748537865537553	0.00168806221836799	-0.00298843216881489	0.0107428793158286
0.0123381616963282	0.0188277569077194	0.00333188429963111	-0.0121333812955695	-0.00671889917016511	-0.0035730431534599
0.0144267103437059	-0.00439468438686428	0.00583083241807253	0.0102897492153475	0.00378976151549457	-0.00238735672558527
0.0141317475980281	0.0059971424624281	0.00807011733943996	0.0126182423372685	-0.00953512628325993	0.00174178333531673
0.011734679415933	-0.0105245079966855	0.0023859203746328	-0.00648796005063967	0.0107578956255793	0.00706539342037666
0.0138037177132831	-0.00626136909846371	0.000230843828722297	-0.0106577508799991	0.00447625099389303	-0.00877302847758787
0.0120586538121031	0.0263247638118687	-0.00071557426229185	-0.0194857985068745	-0.00953571781246738	-0.00174062760641699
0.0105535258883959	0.00740501851531679	-0.029978062936286	-0.00313200212707627	0.0248542880577904	0.0139096947729466
0.0109830467151846	-0.00446734549596355	0.011099875591354	0.00523666476111255	-0.0114441062975154	0.00208453756227952
0.0118450539562653	0.0127685408549825	-0.00930167920444616	-0.0350864440039924	-0.0119131858929737	0.00202540280646287
0.012153188785192	-0.000244114802505194	0.00882579786171682	0.00820827309871738	-0.00116383336966836	-0.00722961045012098
0.0130441149868695	0.00302189630356509	0.00183139388440723	0.0140722114843743	-0.0146172696876042	0.00149101865955236
0.0123121640928276	0.00593952599773188	-0.000885823010049395	-0.00132171056060821	0.00148921951631233	0.00171653600729862
0.0123955102367673	0.00517165773448214	-0.00608496596895591	0.00479773327810898	-0.000920515138970144	-0.0153644027230155
0.0127916456989366	-0.00819679749346197	0.00687145611806814	-0.00448123794945197	0.00255374131225646	-0.00472930387894494
0.0132228176540131	0.00650728241704082	0.00186831314846188	-0.00578591666638623	-0.00971014422048612	-0.00908049524198679
0.013041906798326	-0.00347995020237424	-0.00179244689332137	-0.00113200291955688	-0.0129733603071014	-0.0152115174554537
0.0119593362935178	-0.00900728620007313	0.00243981132746645	0.00792541726021287	-0.000821996027558906	-0.00347972820398497
0.00952749374514147	-0.00468844878040219	-0.016710697602668	-0.000267884855523337	-0.0135537581227233	-0.00248512962628661
0.00936588735461908	-0.0175554321158394	0.0156272377279707	0.0071104326297532	-0.00793464818808651	-0.00333597231065838
0.0113305897448721	-0.00679245285119822	-0.0100256460032454	0.00518284683666789	-0.00187837471413689	0.00609250479605431
0.0147526044561867	0.00768819792915567	0.0131036259255454	0.00954913413588311	0.00669610509798475	9.22615004615855e-05
0.0146893691472464	0.0064960686889801	0.00189570377822007	0.013167188981143	0.00847579996590631	0.00420528475486519
0.0122581166367725	-0.00952545528218047	0.00832500777588711	-0.0100183507230392	0.00400008443490055	-0.00659953482662469
0.0136352729418212	-0.0172130079059958	0.0145311776286931	0.0262641555952787	-0.00412077999513624	0.0210876591374161
0.012525439482684	0.00294453183885027	-0.0111204360398437	-0.0119254960198105	0.0216026524344535	0.00432954163245655
0.0122629618388461	-0.0111099403682705	-0.00196601684529689	-0.0180935277384662	-0.00216098898997054	-0.00283377004643265
0.0138820416559032	0.0135913011674922	0.00144723342451143	0.00411047667570429	-0.00342426072938647	0.000958009766117966
0.0138842251449749	0.0165282462243232	-0.0370236442446089	0.0068515180125214	0.0284280325597009	-0.0118663875660315
0.0127717433252798	-0.00657533012103891	0.00502083757134582	-0.0180880081811306	0.0114869533720105	0.00607497590902972
0.010450882075767	0.00686700161006137	-0.0437240807268979	-0.00973036847613083	0.044880927217931	0.000558108063214609
0.0130259823244184	-0.00437179360169058	-0.00747295408070952	0.00412500376622192	0.0173875636096851	-0.00933145540742344
0.0122304495864887	-0.0115561810515078	0.00684528805145737	-0.0139418798796318	0.00251880365606758	-0.00236026405266497
0.013511715606804	-0.0108200829792825	0.015885476059851	0.0108806353173425	-0.00524852453434169	-0.00120219626662004
0.0144049557152785	0.00742422696955936	-0.000914597760415047	0.0140422237239056	-0.00113848508151999	-0.00312341028309642
0.0135159426873221	0.00627307019790051	0.00476678339056208	0.00808810807533513	0.00741968614049592	0.000215218088079688
0.0135516577734006	-0.00236867441808805	0.0127823610365889	0.00899450922774843	5.35873209884493e-05	-0.000668162818328604
0.0134025793884222	-0.00509310362636068	0.00524610376185146	0.00389815320317067	-0.00328015607437446	-0.00125920343303459
0.0124215278159584	-0.000525546253515472	0.00398033270259013	0.00285695173564895	-0.00428111059848404	0.000727040979904694
0.0128481722152739	0.0234210238414839	0.00660120310219498	0.0029475795890766	-0.0136938225469555	-0.00322289519206834
0.0141608502107327	0.03181900694957	0.00598707502844399	0.0075800849681277	-0.003052351030635	0.00189556330015116
0.0106439711231538	0.00951832590735444	-0.0041291597312109	-0.0108036659248149	-0.0167945313122281	-0.00656524973956221
0.0117183353139484	-0.0109253777427648	-0.00450949959805899	0.00196412603396961	-0.0116840646759615	-0.00411414587806103
0.0103678971952223	-0.00587694311922208	0.00332927445561123	-0.0148930624077994	0.00447106576555313	0.0136631505423432
0.0131349492901577	0.00543802725500728	0.0082314434910862	0.00796821622876042	0.0164874927464379	0.00419663459886768
0.013154276557716	-0.000134000029915428	0.00730840911856799	0.00194063474186722	0.0115331935791504	4.16870619941541e-05
0.0148245823600891	-0.0004179943185534	0.00410497810560322	0.00783530753175291	0.0023255247479459	-0.00861761031932472
0.0131280425046224	-0.00457401199224456	-0.00333053831940986	0.0127161655738073	-0.00470288818729872	0.00795666502680989
0.0122624201284786	0.0182310565247294	-0.00397606913172203	0.0150343610766238	-0.00408210742278491	0.00497953332124952
0.0121796680800854	0.0150221683863121	-0.00572646158494856	0.0155573998951094	-0.0042031741398635	0.00242495953821706
0.0153000188160465	0.00756656206137327	0.0071473896884479	0.0148086818846467	0.00855196167239205	-0.00400490025805143
0.0150593319046092	0.00509870018542099	0.0119007479618546	0.017321284663888	0.00564249193541293	-0.00212737949521942
0.0117355196372872	-0.00191828404382501	0.00747709501096266	-0.00780479219220903	-0.00766471185600064	-0.00685094346629275
0.0127659185188017	0.00346971910685168	0.00118483902726987	0.00309606586791524	-0.00150730956523016	-0.0163551751466916
0.0147622829566354	0.00795315894610122	-0.000692551674831049	0.0104953102280715	0.00395788166672841	-0.000582826182687836
0.0118971686894728	-0.00659529791004219	-0.00256501139903017	0.0150372876334722	-0.0120008364960697	-0.00148806647048914
0.0118111414480357	-0.0454883526207022	0.00259777088344706	0.0297769381575803	0.00772656871194657	-0.00319002748321641
0.011388340355707	-0.0408371001248941	0.0119675120324357	0.0223568704837769	0.0086668792847666	0.00438124113211872
0.0102138395852274	0.0076697836066561	-0.0193606403958233	-0.00490121287629644	0.0118364104755572	-0.00478870114695028
0.0151195811762273	0.0161950495673348	0.0140155384563193	-0.000631911142668591	0.00106690591488922	5.4285792543162e-06
0.0124667456655591	0.00734065718563369	-0.00803833838375494	-0.00763352346561546	0.000350425294381621	-0.0208167995104359
0.0155104309646547	0.0223726740572111	0.00738558248579504	0.0130113509640843	0.00603368030517831	0.00594723528539379
0.0145779289679996	-0.00416850401931366	0.00751213815455312	0.0167919170870329	0.00219405123229606	0.0107121277018206
0.0109818160194473	-0.00626715759186059	-0.023265941322486	0.0219438426149659	-0.0289421512783716	0.00308640399921979
0.015760347415239	0.00204754411474005	0.00924106263466146	0.0180659633673991	0.00559925878010181	0.000157654393498529
0.013512908598257	0.00259019718385404	0.00800948099553516	0.00811744504788726	-0.00349217089902879	0.018773511837816
0.0153452408756011	0.0020622060607112	0.0081522492122711	0.0170103106472847	-0.00386989887016844	0.000376273745763522
0.0125372084958024	0.0034374329639857	0.0101236402511011	0.0111915060714472	0.00510474095190944	0.000802440786207967
0.0128007732214731	-0.00184450759809683	0.00405680091125143	0.000312450332285062	-0.00807255968477549	0.00975497917876038
0.0101049343623396	0.00067510561176492	-0.0193740142346569	0.018895183047395	-0.00529146364205157	0.00595247670743318
0.0128362863267128	-0.00819368556256131	0.00911700026376356	-0.00665335076014625	-0.00478718222738006	-0.0210571427649514
0.0134494444398659	-0.00317798807182386	-0.00102908188424877	0.00218471081034284	-0.00436149285912319	0.0103767102310829
0.0122093249628389	0.0161928847761783	0.0074070717863884	-0.00966741602677429	-0.0128624865313758	-0.0132254289105649
0.0124493652285727	0.00248141625511474	-0.00120490446269811	-0.0042086361382294	0.000452512282415114	-0.00636495720737858
0.0129185941266797	-0.00784878676071867	0.0115035916240896	-0.00558051931394347	0.012339643643267	0.00361928777212023
0.0146173092254753	0.0120670788514474	0.0065979514756732	-0.00762848148416539	-0.000730255912168911	0.00745817245163464
0.0109446925955932	0.0274367448001744	-0.00625880598003272	-0.0232061638172949	0.000434848366793215	0.00353102140653812
0.0105343432879267	0.0121072171706331	-0.027617430986024	-0.0070018123696038	-0.00258796462526441	-0.0217792860621284
0.0135023004234363	-0.00306709072814427	0.0137324824729179	0.00433417408018842	-0.00810682976920833	-0.000686363903755302
0.0136334587864019	0.00931132871560595	0.00637153711939827	-0.00503540082153997	0.00904505985891212	0.00665366047895881
0.0138812541378144	0.00566995524332547	0.0042032281848262	8.81787526449381e-05	-0.0016622646515943	-0.00336503401111852
0.0142360542088046	0.000154642140801938	0.00777433111716475	0.0100389681485192	0.00718731352268085	-0.00448485241715434
0.0147406264789257	0.0022183347794929	0.00466982142530768	0.0167783777548772	0.0065270252662112	0.00903453520817828
0.0139033379964197	-0.00619573035716148	0.00527935508589672	0.0207468287621415	-0.00157159401808929	0.00605608077396395
0.0112925349053942	-0.000676236588847402	0.00301419005708366	-0.00837594144321598	-0.00952390346907902	-0.00769284830867899
0.0121941046791916	0.01952540260742	0.000880641053831225	0.00637888912363607	-0.0270744073986956	-0.00906455927608102
0.0134284305816931	-0.0124008056077765	0.00407202755361251	-0.000254569175830696	0.0061585407497232	0.00310283301308601
0.0122055792315011	0.000600080651890961	0.000195688016110198	-0.00941806017879825	-0.0152147947424586	-0.0198133190798597
0.0141270752014969	-0.00207898980301634	0.00886570788320747	0.00714353576110658	0.00726442067479505	0.00555801866674448
0.0129247409177249	-0.00547888332403157	0.00307855152250053	0.00503398275461102	0.0105390318017764	0.0148509192173826
0.0119504028030606	-0.00608389116541215	-0.000316783465511702	-0.0149180166339671	0.00974579118187302	-0.00559880575033718
0.0126704599497731	-0.00559867166042422	-0.00345704292224577	0.00444236599947383	0.00868948683758764	0.00989158087100964
0.0120528929397694	-0.00657584264100224	6.70392843765185e-05	-0.0161177143954529	0.00944076773193028	-0.00572599709522851
0.0120560557080289	-0.0124561999860889	0.0210653774890095	-0.000398819001622325	-0.00706955476266698	-0.008332439572592
0.0128916194212171	0.0165935348157179	0.00119126403685634	-0.00744721366715733	-0.00232472061371151	0.00258780319582618
0.0130101633622199	0.00108780446588753	0.020096461380999	-0.00250938855209001	-0.00590001786314022	0.00161019620423003
0.0113995529365288	0.0172504929622181	-0.00506749238496349	-0.00016699194229396	-0.0177295751948812	-0.000899691311687257
0.0129040816263432	0.00252538106008607	0.00953572093725172	0.0012334184037784	0.0064892899465562	0.00352289523562331
0.0130639443128962	0.0242842879320062	0.00646143440213068	-0.0136174389069612	-0.0054364447678595	-0.00614657734864611
0.0133597625635138	0.00413854865118268	0.00118217307877854	-0.00486986512941523	-0.00353567897028886	-0.00684554687965861
0.0110644544681823	-0.00643976453528156	0.00735700463595408	-0.0167962790108923	-0.0130619758000342	-0.00224679607271095
0.0137457469193943	0.00170136617334446	0.00394638205354202	0.0141045957654203	0.00205541186605464	0.00895028730912147
0.0146731576396714	0.00522842507081165	0.00872007173120255	0.0115553156563303	0.00878025110549235	0.00395209429135596
0.0119500562988889	0.0132249927383912	0.0098048941292055	-0.00991464793037557	-0.0091350179330852	0.00747641317340496
0.0120959175380665	-0.0100607337827367	0.000450915424143825	-0.0106469163345267	-0.00837534810154751	-0.00849860170193148
0.0122727843122558	-0.00187264703705337	0.00373301803423096	-0.00139661528326714	0.0192787461402376	0.0047027706765871
0.0123904522434437	-0.00954001290872088	0.00729759543810207	-0.000542800510614955	0.00138933492261701	0.000867256790846214
0.0117187052758685	0.00652039589042314	-0.0151947064013318	0.0107160799878476	0.00332134885659408	0.00315714902971738
0.0125491970413333	-0.00129725635707076	0.0114320939015736	-1.69729348685147e-05	-0.00347920888383813	-0.00830733407878475
0.0119846125760066	0.0126382792270266	0.00141819687615335	-0.00479783020172633	0.00891852325448722	-0.00226310491468552
0.0114697008725365	0.000922211760761279	-0.003266816647056	0.0268258538453887	0.000483561470359186	0.000879999639852117
0.0117051915186938	-0.0103048183688384	-0.0119383669906236	-0.0213730234095575	-0.00203900554932143	-0.0164181256317771
0.0128491607410742	-0.00446532897571311	0.00923353071476136	-0.011173260474935	0.013743734974727	-0.00767448562383813
0.0112373084059244	-0.0103689733414843	-0.00586878973452338	-0.00135070430602025	-0.0236539495157747	-0.0276503265677789
0.0126958194569943	-0.00180338351979673	0.0100834546178928	0.013207595378491	0.00130769677926142	-0.00149733030457195
0.00903406729727642	-0.00813426483733677	0.00185982809399484	-0.00796695570670437	-0.000834083256769552	0.0302020622670025
0.010206914624394	-0.0102546863622739	-0.0151755093754706	-0.0177579929573595	-0.00844147984463382	0.0261105927322228
0.010056978422412	0.0288709834561236	0.000896560966924849	-0.0299928461636394	0.008412765081552	0.0131219304419582
0.0122944965848983	1.30048724719754e-06	-0.00646778683052082	0.00982570935053759	0.0100146651454209	-0.00506841488707034
0.0116338110075105	-0.00392706112567082	0.00850411802810645	-0.0120616664879072	0.00730914921327598	-0.00367179694006936
0.00915014389928805	-0.0125004834403037	-0.0114273922021062	0.00821712310992843	-0.0302273812721435	-0.00702406593713892
0.00742908248057989	-0.00783829325284511	-0.00427868973764429	-0.0353470070592123	0.0179785216166745	0.016537313092361
0.00765272375786704	-0.00658210540577124	-0.00868368343968199	-0.0100419817962821	-0.0197330757238467	-0.00842810850955575
0.00923232128654845	-0.00683310175380104	-0.0156677274410354	-0.00563405013046677	-0.0178545786478425	0.0126440607986604
0.00900847911847087	0.00408585863733429	0.0117556576627948	-0.00538617228474249	0.0113132598321722	0.0145188868510638
0.0113309633982543	0.00393978634407475	-0.00918092149509396	0.00579861850037332	-0.0154308284343575	0.00707530031679892
0.0114514615594455	0.00312048843200748	-0.0066789723645147	0.0186257346171996	-0.00155713389467264	0.00551099084670528
0.00678057385288327	-0.00199455385710242	-0.0126171629569759	0.0277389580954087	-0.00465863674116088	0.037227501794388
0.01134021447956	0.00607018049232322	-0.0205766245308835	0.0192447610700723	-0.0088647111082628	0.015590088415074
0.0114727971700762	-0.0106995137255484	-0.00280778738602823	0.022700273557221	0.000823372790788993	-0.00745627219960048
0.00648915234013715	-0.00607215866667277	0.00500889728981843	0.000533005814342759	0.00328560385685005	0.0491624114085042
0.00991634960160817	0.00500801141019834	-0.00444805736999048	0.0126140966875122	0.00455469939684339	0.000964235225596499
0	0	0	0	0	0
0.00993520647684426	0.000181975140243051	-0.0210227455436521	-0.0125033997072057	-0.0139198133021246	0.0147444595938777
0.0125708201337484	-0.00729205555261092	0.00669740408263946	-0.0034193289574264	-0.0121843203500507	0.00466294900015373
0.011437556749308	-0.0153881061771479	-0.0380382748835136	0.00132849175339032	0.00909541750962838	-0.0171972175983434
0.0117315799822477	0.00642401915338812	-0.00573020059936073	-0.0126619048266464	0.00489426086232128	-0.00082025497962639
0.0128584256130513	0.00294201533124825	0.0063240991581238	-0.00380043806109925	0.00281438094166335	0.00182479905037933
0.0093431898915413	-0.00510741630309913	-0.0159638456207142	-0.0160504572774812	-0.00154209104644575	0.0131844396487575
0.0119038399808427	0.00355476596403226	-0.0100159627136759	0.00514385923672828	0.00252499524744573	0.00382690134566347
0.00923243087189705	0.0175329195420463	-0.0409780732385528	0.0189652179902792	-0.00445758705376082	0.0176977049599927
0.0135494796395369	0.000846130433534246	0.00395630234922031	-0.00333788866194005	0.0074810165049238	-0.00844250621784065
0.0131349852388833	0.0129436621869694	0.00432621389897062	0.00749520717278716	-0.00350772529812	-0.00848982582341513
0.0129383792263815	0.0128161079343502	0.0053858868696072	0.00269825935400723	-0.00533139014741425	-0.00876091598762312
0.0123373323541587	-0.0049931881071504	0.00556722120555232	-0.0112638668487747	0.00179439215594517	0.00535192178733943
0.0117457242465146	-0.0143233509379701	0.00564873719599625	-0.0154188673342489	0.0122388608031276	0.00158217691801971
0.0113565719156145	0.0022099964624851	-0.0043410073760536	-0.0123444520907536	-0.00432283905373087	0.00752381980437848
0.0117924851261487	-0.000736311986190057	0.00467317923242325	0.00660925701469848	0.00524169239088538	-0.00777539552279956
0.00719689772819767	-0.0185508998263884	0.0024376082645005	0.00738654259514404	-0.0657711280365423	-0.0183603447900738
0.00612934344671728	-0.0245892540925301	-0.023838321293391	-0.00965196675965254	-0.0231875395194591	0.0567294658084897
0.0143468565972921	0.0052750439440479	0.0138809305916517	-0.000535290076134872	-0.00733398182952524	-0.0162230464977814
0.0147727278955275	0.0100582873507369	0.0127506971823554	-0.00151200382538431	-0.00238522979639983	-0.00878394329650246
0.0132801673602303	-0.0107745515939634	0.00277564570860401	0.00183056758837164	0.0106183736654638	0.00358440358808303
0.00951705944039758	0.00286591608869698	-0.00455132247587356	-0.0199590069624472	-0.0095999397379459	0.0207413843675085
0.0141810076009877	-0.00306527445214355	0.011057288107292	0.0162275698933985	-0.00280282198984706	-0.00625141826502697
0.011941433313243	-0.0132637921809933	0.00775428873090759	-0.0115873104458347	-0.00608362452462205	-0.000630007893909906
0.0104483790505487	0.00657382388977863	-0.0222921560597812	0.00140855083238705	-0.0219294257637571	-0.00926694699226504
0.0138477164347911	0.00364731576842101	0.00458627971999783	0.00254128783356666	-0.000507443355591045	-5.61225710478852e-05
0.0125314525376937	-1.85584408037079e-05	-0.00614350852026868	0.00697353293086506	-0.00864126953822797	0.00553559941275735
0.0129559851301208	0.00617135721400152	0.0037238815743364	-0.000213965157173393	0.0065675266860403	0.0119484998095457
0.012313074585589	0.0178832436474772	-0.000418519356284792	-0.0098855234109242	0.00957923214092035	0.00564896811749252
0.0111454980705968	0.0145406117723046	-0.00056979033115224	-0.022395343579077	-0.0163657495958366	0.0221691886747031
0.0123283774129224	0.0182976605378533	-0.0101768003823635	-0.0188841215355595	-0.0105805305921455	0.00673857980166868
0.0114355760756061	-0.00724837541246656	0.00352094547899707	-0.0185935984614454	0.0016853431645494	-0.00337707692221408
0.0107191078823812	-0.0120550372421468	0.00202643211235796	-0.00760999512193527	-0.00129240632745345	-0.0107810609608958
0.00747396975406569	-0.0138959866691218	-0.0223444200197581	-0.01184059862675	0.00515805800768278	0.0030882953804348
0.0152897721159101	0.0106115355589058	0.010121648705568	0.0243737711453744	0.00737659675768792	0.00448868146512762
0.0123607428310263	0.0124904284666477	0.0154474068511996	0.0129564206846786	-0.0047600135944662	-0.00730261985395983
0.0120572455523412	0.000219659210324575	-0.00270891924623927	0.00659709139416799	-0.00826304356842646	-0.00373416721640698
0.0118681463269627	-0.0113785593938626	0.00221854792787933	0.00902225566289939	-0.0148948035422973	-0.00293169513571138
0.011591735712635	0.00478870853684342	-0.00414213154216132	-0.00321096728950212	0.00867327000961716	0.0224156697606055
0.0142086897994104	-0.00187603687659223	-0.00117051297408882	0.00787662263514413	0.0151527698244947	-0.00483890406515566
0.0135403947955908	0.00423704936879982	0.00704783189537074	0.00771397391825282	-0.00862900887968755	0.00339322080462991
0.0129941717188564	0.0141790350050696	-0.0083034041797016	0.00944872603537052	-0.000208164397125512	-0.0126289787773281
0.0142697332197766	0.00617076354747556	-0.00262101448171878	0.0111246639181073	-0.00880536519657696	-0.0159119058638527
0.0105710872537634	-0.00891139350827984	-0.0110190164059679	0.00393925936765619	-0.0155612805152757	-0.0149906714963335
0.0137636080566087	-0.00576591066245446	0.000142026224440695	0.00156854018853812	0.0112546077060866	0.0018203463201954
0.0122885563022012	-0.00672958455832268	0.0041121814655104	0.00307294625397336	-0.00432176488164954	0.00571142145588915
0.0153610648647719	0.0143640169066568	0.00789033159538613	0.016396926846991	0.00703020434741153	-0.00370154361376207
0.0139774074820497	0.0155570283762006	-0.00347435464055468	0.0092776517570621	-0.00610190475366289	0.00822835178225645
0.0117953561726387	-0.00681475684713685	0.00898359504135483	-0.00549915322890819	-0.00688495453641582	0.0193462438973698
0.0126567072899135	-0.00140798928178037	0.00482811153172856	-0.0183153461331831	0.0174166508060296	0.0104667041624713
0.0134125498635804	-0.00134067855653967	0.0014669844800355	0.00739159406749014	-0.00262821586182965	-0.00845274307903351
0.0127779313626807	0.0137492648777218	-0.0133960477734313	0.0044622015023469	0.0124491939368086	0.000650597340697072
0.0128629492401597	0.0132174992058208	0.000309352649153303	-0.0115849986416229	-0.0174696822645986	0.00754266929185098
0.0138043307712767	0.0097532682218688	0.00797390112704854	0.0019779183544604	0.00380952501194679	-0.00959008992170518
0.0125406684655011	-2.44811854269791e-05	0.00286341475229541	-0.00339200585468738	0.0155533775044053	-0.00779513107314001
0.0127528840261605	0.0364093653648744	-0.00281174112662403	-0.017081005336936	-0.00200129776100394	-0.00813245542039359
0.0121354885998412	-0.0106960412898994	-0.000698493513227671	0.00284149452838456	-0.00798754279321116	-0.014108342730318
0.0121831487237593	-0.016779279436409	-0.00230620527535032	-0.00718197909751477	-0.00360582871376345	-0.0052415284194902
0.0126315573452255	-0.00906805245488201	0.00952096822133624	0.00530679024880484	-0.00883800807744633	-0.00514604714514623
0.00585633358409265	-0.0334094461478607	-0.0298165647545651	-0.0281074709022132	-0.00494551118880124	0.00905476922572993
0.0120806042543928	0.00650396276361515	-0.00734773822717856	-0.0205743022995244	0.00696348486825458	-0.00137776998512542
0.0131310903732827	-0.000742300524051753	0.00972415089444015	0.00967472094864036	-0.00264865214927347	0.00368212138793359
0.0117769912476431	-0.00488903081307249	-0.0127719104020171	-0.00927933267316507	0.0151438104382827	-0.00413165724843982
0.0136781679409591	0.000545611303589618	0.0039957563911781	0.0094807997096039	0.00957135916185989	0.00133954633517513
0.0128612794265974	-0.00380579088216991	0.00509556167436521	-0.000993112121115278	-0.0165047222071966	0.000192781930710019
0.0116816740654858	0.0208309406112945	-0.00445234337302287	-0.0151415721102764	-0.00380884805501709	-0.0103347283394762
0.0110180484792258	0.0112562349322393	0.0107398234553437	-0.00240158449892804	-0.00387925169345009	0.00684156395822973
0.013902547222654	0.0166399078953385	0.000704627360019742	0.00691429565862237	-0.00112770486120743	0.000194624287253691
0.0139761870906122	0.0117319864272014	0.00303844745469694	0.0143425043856762	-0.00499991779483696	-0.00304327571178346
0.0129018566581974	0.00149826766485698	0.00664695910797186	-0.00197895218338462	0.00354517762470995	0.00298928441670662
0.0140102445809469	0.0130741641092625	-0.00473364338604298	0.000687143356279993	-0.000866559489147953	-0.00646471531990712
0.0139299734692941	0.0150199513142205	0.00674295475827091	0.00605022925645472	0.00751669081487945	-0.00312363296607084
0.0134564301813196	0.0257166010891293	0.00614004837292046	0.00634551461313025	-0.00117378712366935	-0.00757231805397121
0.0115425281554918	-0.0129593670628763	0.00417048207060295	0.00167253829878057	0.00134590868738441	0.00170638559400413
0.0119475297829005	0.00495012433690278	0.00392859706826281	-0.00199071471504596	0.00680528867055594	0.00945121747274941
0.00764970559671399	-0.0180288194406981	-0.0193347417863597	-0.0207030743841591	0.000833110063459762	0.0395331330369421
0.00853476468984029	-0.0139571064879438	-0.00842026157972074	0.016027925299121	-0.0100901087913523	0.020933238569749
0.0119923572255038	0.0165696613934627	0.00760387170032467	-0.0185953648015859	-0.000301858000431591	-0.00808312317532966
0.0136148332026313	0.0108964901567826	0.00607853511047811	0.0019751507165782	0.00786421790931355	0.00179112862642186
0.013580957712344	0.010350077959495	-0.0032982732346871	-0.00510477282965294	-0.0067757875537215	-0.00482354279325366
0.0140133064754791	0.0200435307825573	0.00740540505582509	0.00170162878239607	-0.00582698152440217	0.00271303629710372
0.0142287316311828	0.0098313836176175	0.00641203043648755	0.0166067915675076	-0.00521849839543441	-0.00433428659202091
0.0126228143631778	0.00405801093493132	0.00246147001618096	0.00545820032658741	0.000438072618141038	-0.00342153052629542
0.0132795911516224	0.00449882810368349	0.000712407363964025	-0.00343918185088113	0.0051213325290906	-0.00815292775970593
0.0130093430359485	0.00724905086504916	-0.0110190076808351	-0.00712231099707991	0.0047781807910262	0.00152877799185836
0.0116809411989412	0.00903322061730658	0.0115142458810919	-0.0107397272568989	-0.0126447550038944	0.00907106969238215
0.0122167840064333	-0.000518199801436981	-0.00607603218880703	-0.0138303684724336	0.00946807923157695	-0.00724904877050952
0.0125818241861718	-0.00106426104421254	0.000724569419865245	-0.0036701788948816	0.000217454974165599	0.0117105263579871
0.0137537466248226	-0.00363718475327394	0.00456801051126896	0.00497691889054673	0.00860383311654757	-0.00363616330368388
0.0120466393422776	0.000418610412981584	0.0108738207149363	-0.00206278412970171	0.00241276995987423	0.00426602863346243
0.0151796716861518	0.00204733318972724	0.000626462581795232	0.0133666970562692	-0.00070915690790098	-0.0076259036645211
0.0136247400455928	0.00125552681310259	0.00824916844449078	0.00139032021317801	-0.00166999058304712	0.00139664681283146
0.0141636249248384	0.00388133467336258	0.00135587406894595	-0.00440316769727146	0.00702042076998784	-0.00222648703581231
0.0118617302625346	-0.00213240909033612	0.00756758366885686	0.00576917367992803	-0.035510926398844	-0.00054498957252555
0.00902000934055228	-0.0336665035588318	-0.0199071662295632	-0.0132306575381399	0.00440219259861118	0.024560886996787
0.0112969290282301	4.3643702371355e-05	-0.00166782917539892	-0.0115852806331955	0.000755492920611217	-0.0193227804976987
0.0105454600590439	-0.00986454475960197	0.0125184853732631	-0.0194629372507064	-0.00123590202309663	-0.0084779316485343
0.0117176772974688	-0.015175373914557	-0.00235096666121496	-0.00974823555910322	-0.00800423803020346	-0.0118187197523792
0.0119146281044308	0.0018371092874675	0.00191334410202768	-0.0166428242949048	0.0104286269528275	-0.0066541760007248
0.00836262583507718	-0.0121903571631008	-0.0288134929431254	-0.00334027785161871	-0.0170186207400648	-0.0107739435294527
0.0122199167851409	-0.00176136519552567	-0.00337065958202652	-0.00256915813173909	-0.00647413575944681	-0.00698609501477366
0.00906724105896642	-0.0140993016514074	-0.0209891765700923	-0.00723435207135117	-0.0267717798595965	-0.00413107433232107
0.0135817531447174	-0.000927456616979965	0.00698627728530278	0.00699947743954812	-0.00417989133038539	-0.00156052247755567
0.00940961662282055	-0.00662680128694641	-0.0175503436163037	0.0222231140349391	-0.0232383891955974	-0.0352595467267712
0.0124721848861055	0.00986200577842288	-0.00172836112983746	0.00320890886930871	0.00506534703685716	0.00843255599390529
0.00990877142413273	0.0187938021988309	-0.032843980181092	-0.0120819520765206	0.0165194791711059	0.0220473570647767
0.013139977455359	-0.00479410446109849	-0.000196800791281894	0.00880901946351496	-0.00616163559840484	0.00384737112411073
0.0134534409512495	0.00723284080544249	-0.00223935449523213	0.00554406796983162	-0.00260388702887147	-0.00806283547707031
0.0130965186395999	-0.00175169985025835	-0.0120394801916688	0.00790450491170751	0.0131255781257703	-0.0181294999980848
0.0107875448790015	-0.0141677969273046	-0.0048840828269597	-0.010643534463218	-0.0242082026650382	0.00840867313930275
0.0108394450755631	-0.0132982489187792	-0.0155442713635694	-0.0103868214654393	-0.016898942703027	-0.00702726929494799
0.0112800045171875	-0.00130024801048881	-0.00470017260510939	0.00694567591585023	0.00562648533351805	-0.00573756111782179
0.0115314297758182	-1.54740864635274e-05	-0.0179131246698731	-0.0043100858096367	-0.0067171210784761	-0.028752570819875
0.0132945375917175	0.0085408403133292	-0.01101923383314	0.000916227553657014	-0.00300195192224395	-0.00807772554506174
0.0123270952664773	0.0203331504109299	0.00134788983058649	-0.00283488648956705	-0.00276542998753783	-0.00738768256949388
0.0131387961850129	0.00329475500124365	0.00183255041127694	0.00172384869245372	0.0042197366612092	-0.00595667166665052
0.0112695917814171	-0.00810891412266409	-0.013454124063175	-0.00031678151817888	0.00787252479416777	0.00321224658673336
0.00821347141311	-0.00389469744529101	-0.026887928967938	-0.00502303005667391	0.011189693831653	0.0300143772594896
0.0148830760104369	0.0186896889043372	0.00511212532767825	0.0145816627487637	0.00870083454033305	-0.00260063336353427
0.0131064559074061	0.0164180837140583	-0.007090362457597	-0.00239258061353657	-0.0069225148005368	-0.00426430906563984
0.0130700467695306	0.0177847835456339	0.0067070691241412	0.000594346902355387	-0.0058538872476765	0.00333281851442896
0.0129721114897436	0.0102366042850867	0.0113961230574428	-0.00728467768189	-0.00959630170503356	-0.00673066596853454
0.0130562859835631	0.00753169349627556	-0.0104480007411967	0.00447003288581297	0.0209020210465709	-0.000422721646641498
0.0135754682114212	0.00600074451449753	0.00115330423005273	-0.00754238341546099	0.00665578107882674	0.00108205437234684
0.00997062155809274	-0.00502368954305435	0.00139114956231995	-0.0275554646771501	0.000304589288073636	-0.0148988899948794
0.0141854819960035	0.0301554372014807	-0.00744609617890698	-0.00275589228583617	0.00340784188651872	-0.00346487980441317
0.0115848946433354	0.0297057663799621	0.00276293874580372	-0.00286816092099819	-0.0174713006774155	0.00397539368842668
0.0122809536076387	0.0279751801080495	0.00330340250050019	-0.00367350998879509	-0.0099934586408256	0.0026798647749118
0.0129604813964932	0.0146873136616313	0.00201996449994808	-0.00889218857572961	-0.0062841231783882	-0.00378963246557679
0.0124588230642493	0.00179042262264466	0.00350496848112382	-0.0125375253398233	-0.00602707100301844	-0.00927509068431009
0.0124560460113223	0.00136013764369348	0.00551054203685107	-0.00561017430796998	0.00345153395548005	0.0183999478524688
0.0108234935050106	0.0196072394209448	0.0260167582217838	-0.0110428214275734	-0.0260173013666652	0.0160368499312249
0.0119762059816828	-0.0152078201314642	0.00733929654994843	-0.0152604951655782	0.00715633451323639	0.0215004665754373
0.0128462667598297	-0.0157790473859738	0.0193370333891711	0.00330663799247523	-0.0100384656567505	0.0101875936605407
0.0146232661963678	0.00518096311889621	0.00782496013978616	0.0115058077157193	-0.00144449466577709	0.000728511257389301
0.013992931147886	0.00899555362185807	0.0161997557923617	0.00324325027936812	-0.00542169306792299	-0.00638038186286062
0.013275273779951	0.0432826034960576	-0.00449602593538131	-0.00269572900959826	0.00614882058552981	-0.00147566447385193
0.0117092257803226	0.00897578102108548	0.00275286430209851	-0.0115943350298718	-0.0080761752775987	-0.0140121803788197
0.0116222317594898	-0.0144458387654181	0.009079749793611	-0.00142799986504623	0.0214155292134686	-0.0015540658385452
0.014650255382402	0.00556831293668411	0.0104575480051987	0.0076692248836779	0.00465308145974315	-0.00251025897270836
0.0143769741154823	-0.00584588709676762	0.0119843891685688	0.0162040041852663	0.00597792363483161	-0.00479245385254508
0.0142541344353573	-0.000283216371790388	0.00807153960022089	0.00540651317078427	0.00159267568023836	-0.00434397326341227
0.0143580986448072	-0.00165328796614387	0.0113570598173527	0.00811169262273875	0.000773212267775637	-0.00448659086964356
0.0114243992745792	-0.00272226924840733	0.0246986293180287	-0.0156784714833	-0.000691292905723854	0.018912489430843
0.00831533874201254	-0.0174378345043163	-0.0155944530743868	-0.0139858194117034	-0.0194226416036251	0.0187592410067082
0.010925589387395	-0.00718289982193391	0.00627858497627878	-0.00609927832119855	-0.00519297440039727	0.00535576919507978
0.0120321485054445	0.00487647426616366	0.00458383323796149	-0.00885871826779145	0.0061041086776656	-0.00883701897043608
0.0119575485899087	-0.00104223747370894	-0.0163415913942414	-0.0110153206765376	0.0113276749298395	0.00542737154211482
0.0129267994508028	-0.0121748164457353	0.0114905993106304	-0.0109440213816434	0.0042251053336004	-0.0063376957096822
0.0132470556475138	-0.00192531470614855	0.00270492844466555	0.00812426580218603	-0.00278028052378199	-0.00268627372160852
0.0113778426112702	-0.00613330682571748	-0.00140624325027158	-0.0151152162661547	-0.0222312794020534	-0.00920954997727685
0.0134525117559928	-0.003832732112832	0.00656882890252524	-0.00391791330367612	-0.00571123324282855	-0.0035567479642266
0.0127646724165172	0.00435348323305039	-0.0108533237862388	-0.00101317458619592	-0.00465410153396686	0.00660190830885351
0.0132805339312277	0.0028654592145904	-0.0021688388956787	0.00658562491850932	0.00377826938675786	0.00689872423097092
0.013279797650926	0.00140071900194212	-0.00187587773358599	-0.000305514304140035	-0.00250053774017723	-0.00642926290322018
0.0129157172734432	-0.00331111495209165	0.0017557308454705	-0.0172086343704493	0.0078072224643832	-0.0125667075625841
0.0118150360094815	-0.018458115490733	0.0121892444092687	-0.018818914821585	0.0169877123676333	0.0149074243978096
0.0146050066296203	0.0100834762638664	0.00350908325621436	0.00705210209611811	-0.013561398405153	0.00184126984573324
0.0139320271509776	0.000173585403108471	-0.00162430778439597	0.00981448683951247	0.00378119819755043	-0.00510949998178684
0.0148289634129068	0.00879926896487377	0.00415597326064498	0.00770703328224491	0.00615436088262854	-0.000888036316064368
0.0123885662413642	-0.00418250852804922	0.000794621401013424	-0.00922493262178535	-0.00582796158151878	0.00713310297775746
0.0126932326208771	-6.43161779740569e-05	-0.00468545297873854	-0.00583921832839642	0.00801728104981351	0.0123222345493839
0.0146130005077912	0.00918456558828222	-0.00488937565095218	0.0131065738241965	0.00673028733634532	0.00951062171777629
0.0114320041336007	0.00401226208735578	-0.0224996511294153	-0.00454124211756434	0.0127967875077565	0.0079763487684047
0.0128383744800291	0.000604631775769487	-0.00558560397711053	-0.00671701513776298	0.00190555454212108	-0.00023087985461362
0.0103977540599395	-0.0131815483073994	-0.0177902799073562	0.00654715322684324	-0.00686731834241049	0.0117311539459744
0.0135153382903556	-0.00292325328830483	0.00621491259148592	0.00264911618639587	0.0135783062748942	0.000453735868408142
0.0115849429151223	0.00681793119448846	-0.0364415917496325	-0.0210646774982159	0.0118927640404713	-0.0118171474032083
0.0105584770357527	0.0138762953981883	-0.0311939894804799	-0.02203366098676	0.00166887174904824	-0.0194122289820614
0.0128561566773962	0.000867923512907181	0.000590547632592526	-0.0126199711025689	-0.00568842908952327	-0.00257268635396801
0.0104634115959022	0.0193953345108597	-0.0100766676904095	-0.0134064582267794	1.12766266777142e-06	-0.0461365496289588
0.0116036331396764	0.00325869239773045	3.31099383236513e-05	-0.0143721951270568	-0.0167677123069465	-0.00407491779350462
0.0120446788556147	-0.00641291979986239	0.0109633121640383	0.00572714127433003	-0.0225876733644976	0.00370560713664701
0.0142453410017975	-0.0104076382848249	0.0115751979232262	0.00722253266051419	-0.00273854666604546	-0.00838132153493913
0.0145768327390696	-0.00039455640293298	-0.00814045688794071	0.0294233811994828	0.00987119192683538	0.0131931311078239
0.010503602249002	-0.025901995237839	-0.0248488055388324	0.03166169958635	-0.0018438336205307	0.00101433378377226
0.00688070643515685	-0.0328242319999802	-0.056762026916308	-0.000998107619713332	-0.00819263782783319	0.0463639135363671
0.010045455385637	-0.0141661303437028	-0.0194296087863032	-0.0158599235844741	-0.015810779942909	-0.00425580453617177
0.0137661550041669	-0.00250939769808862	0.0022319370039211	-0.00100237101016133	0.00577150596917219	-0.00757562995561209
0.0131678295251016	-0.0053376000799009	0.00825448227336439	-0.0102829826588727	0.0101546149765294	-0.00338477355156391
0.012423126032949	-0.00741662403049166	0.00614778302563219	-0.00105883382561134	-0.0207445543004993	8.50409049838227e-05
0.0142498798384807	-0.00305151962222784	0.00799241478659534	0.0102814526800754	-0.000106523758230287	-0.00412873294671921
0.011108192346939	-0.00774140581041206	0.0149903078765931	0.00396866774249004	-0.0148192753768906	0.0115604779475781
0.0125799468706316	0.00482467091174354	0.0118238901176172	0.00250402723300445	-0.00610386779371246	0.00878476025582414
0.0132570209920547	0.00175946507749957	0.000632258541783525	0.0145683139948186	-0.00596866368894606	0.0100528609459681
0.0126122466108231	-0.0015055609205634	0.000517677638887796	0.01420888103317	-0.0108212681802884	0.0178320071918574
0.0123938944766457	0.0193386356471247	-0.0237942212085283	0.0104251038892342	0.0290407225102321	-0.00268503338119639
0.0127044202994794	-0.00902988986174549	-0.00127429449881511	0.00946656985378859	-0.00280846477706789	0.0189865288137364
0.0133260376517919	-0.00137331347167537	0.00464383927158404	0.0021877222418335	0.0111938354487054	0.00603237952059355
0.0131804543930913	-2.19379210656899e-05	0.00116613836812868	0.0113325891025547	0.00298524103010649	0.000721661980629152
0.00917992845000795	-0.0138393302846323	-0.00646418271876854	-0.00405051245539111	-0.00250256687821069	0.00850285424840281
0.011134818152077	0.00412854417226793	0.00251035848894372	-0.0131098863012201	-0.0171206648765033	0.0015087359628073
0.0125915796254062	-0.000233834707691705	0.00575860940663105	-0.0138442964821878	0.00622169350753939	-0.00482784531965676
0.0126067940953978	0.000376728327625555	0.00595455313747674	-0.0129785346462509	0.00559445391145338	-0.00652923396856101
0.0134600859633263	0.0225428422919028	0.00214372107745248	-0.0121060673196293	0.00142539327860104	-0.00668715599949735
0.0136906398626599	0.0036484616961201	0.00342482195372697	0.00236690891459047	0.00424816892775997	-0.00944509665837074
0.0115045357006335	-0.0225489415744534	-0.00620527202862791	0.00184806630688603	0.0109802146732306	0.000989588191366271
0.0131407471800593	0.00541463821220693	-0.00642620806307441	0.000626606570859846	0.0174406999577601	0.0076953351502982
0.0147441888603797	-0.000139186483378435	-0.000299074072619609	0.00380374362971232	0.0193331268826678	-0.00714889387684624
0.0113201881643256	0.00330847813409458	-0.00439145259971167	0.00766272975946348	-0.00630471024988172	0.00792462094091828
0.0123701766677084	0.00293482674901716	-0.00444911479478699	-0.013013955181342	0.00571156398744563	0.00961434444085007
0.0115165264631863	0.00913459977850676	-0.000314257236301422	0.00660579503263717	-0.0223728473362335	0.0184506773227012
0.0147279822753513	0.00799288355385544	-0.000271154366334117	0.0189889853704696	0.00347446439068654	0.00461084757520869
0.0127998810819018	-0.00622175921327585	-0.00139715790170961	0.000658169602782107	0.00415716392941964	-0.0200937844868479
0.0133619785851187	0.0124987219630225	-0.00245853406696254	0.00171190511321906	0.0110545280280451	-0.000866490576837902
0.013271954603528	0.00374798200238458	0.00296449780990063	0.0175662755731695	0.00334800238739134	-0.00134052442773652
0.0132244324689343	0.00268483284992737	-0.00376587094238736	0.0199540924361912	-0.00130113966035819	0.00104530667101301
0.0124521956178284	0.0031799308098104	0.0053225544185483	0.00159738150459163	-0.00980802201441811	-0.00971894469079486
0.0117868553654954	-0.00558854661745142	-0.0031862023585082	-0.0166212752076188	0.00405783063983839	-0.00566401530666707
0.0137072553325352	0.000785435362018122	-0.00429497617890727	0.008278013492	0.0054399642855812	-0.00314152562214836
0.0137131439367775	0.00127344244077886	-0.00341148871448033	0.00748282225068619	0.00754956946486652	-0.00334914047699875
0.0116784231950767	0.00384134616705803	-0.00267356171468416	-0.0163964077662887	0.00559115962115453	-0.003973310088764
0.0111687961200273	0.00518568823008728	0.0019718849417828	-0.0153055672936468	0.0142371321947688	0.0098745044696881
0.012794454566106	0.00428093284296797	-0.00157967037400207	0.00335361908879784	0.00899099244691519	-0.0046148213520237
0.0124101282615646	0.00163066950332958	0.00792629933853464	-0.00158664679391934	0.00336591895962917	0.000579475636725875
0.0130523647180057	-0.0138869270904821	0.0133928424667998	0.0035761768678628	0.000227489440585847	0.00386579133892517
0.0126643287811664	-0.00239858524897364	-1.1868053687001e-05	-0.00361301483485343	0.012837258561321	-0.000175831197900619
0.013979933073079	0.000874865715359676	0.00788433595094233	0.00331976304758472	0.0139918749808736	-0.00496731154549102
0.0114437305928518	-0.0166973441282944	-0.000534236587447455	0.00577212369040618	0.0128988515244414	0.00716072587850731
0.010843884493252	-0.00895681367026288	-0.0102946134948572	-0.0187766395787118	0.00511928197711771	0.0062714541589493
0.0128059407962916	-0.00141602832190683	-0.00601750633826962	-0.00655497736165794	0.00688147993755594	-0.00934373905801406
0.0121060724826294	-0.00410668039766389	-0.00576001578770008	-0.00528928107789991	0.0118972050355672	0.015713480982262
0.0191829587909435	-0.00300604611058851	0.00387501082866668	0.0137289247026634	-0.00440198737886645	0.0154493738402048
0.0220967661535717	0.0053970858848026	0.00118311178888829	0.015741134216718	-0.000643711890038623	0.0152170170746065
0.0220361380944279	0.00523208983467578	0.00308052782861491	0.011439730480904	0.00339693946579614	0.0104252958680511
0.0192570355160054	-0.00678902733384684	7.86399085557022e-05	0.0121821412538479	-0.00627716935561365	0.00620315738162665
0.020371681246539	-0.00402002157755208	-0.00216184165495955	0.0213205303190185	-0.00604759223329153	0.0157521455825163
0.0204865842391995	-0.00368479925834442	0.00296902647916333	0.0247886662433078	-0.00866911133843505	0.0161718397991044
0.0200552249865988	-0.000617004131391928	-0.00256636693143968	0.0108890054120769	0.0103856580254606	0.011855752266336
0.0127327108561959	0.0146841094774574	-0.0116404476590075	0.00594042658541865	-0.00234668553800482	0.00591411028866661
0.0146848462325653	-0.00380653976557958	-0.0120592284806089	0.0242367030123864	0.0127124636636353	0.0166481801175486
0.0153936692304937	-0.00335193533472504	-0.010452191672564	0.0275615863476625	0.0115331187976225	0.0223158550496809
0.0127403935766042	0.0135237093221335	-0.0130844655013217	0.0139041005893784	0.00993023800997218	-0.0124871108501601
0.0103985937908493	-0.00560093135676103	-0.0156307769495807	-0.00465609234321129	-0.0113391436682197	-0.00564775974058391
0.0153677313045107	-0.00322916014594581	-0.0108409531519145	0.0277471905104644	0.0053074905505781	0.012357029180724
0.0153685576179509	-0.00325229642572648	-0.0107435015330666	0.0278344660782081	0.00537874541385849	0.0122709163898306
0.0127303295375817	0.0134095831430014	-0.0128278463175413	0.0197982730601068	0.00861682897145482	-0.0149796484655522
0.0147596983599176	-0.00315023455832207	-0.00835246026653233	0.0216187015410692	0.013984064072818	0.0175244556253402
0.0154129597117116	-0.00394797451831893	-0.00841419439033727	0.0259262533918717	0.0131048788228586	0.0182011984122753
0.0128008787902526	0.00995327441552081	-0.00998084215527918	0.00640415687919579	0.0136663529533491	0.019054060270673
0.0147690466957211	-0.00228112620314374	-0.00687059876229275	0.0233876621078542	0.0128691078602877	0.0199067991072908
0.0170245312833154	-0.00171866705241614	-0.00816337996820184	0.0187683753254257	0.00500516186367257	0.0137933812534526
0.016184177100398	-6.35266681604258e-05	0.00105734853154949	0.0173978725709745	-0.00217492646531099	0.0107741683654277
0.0132257601862661	-0.000975672637282007	0.00208031475392937	-0.00713327198474816	-0.00013657544825729	-0.00513702909839824
0.0130565574979352	-0.00302171779034681	0.00386378274434554	-0.00772902348735492	0.00109746789207578	-0.00451151956974397
0.0115070646987786	0.0045870286590248	-0.0158188214901843	-0.00317715742829873	-0.025714577610387	0.000428930889023188
0.0121774198883599	0.0077139630037152	-0.00589118159250508	-0.00524789601533773	-0.00254141242173775	-0.00504211273059565
0.012371379805332	-0.00731483391466335	-0.00448275794846355	-0.0103553623937941	-0.00547158110585857	-0.0126718130570156
0.0104778352417761	-0.00661135959914181	-0.0155656075793503	-0.0200810319102251	-0.019868274449461	0.0138139588988052
0.0116068141838491	0.010747113439791	-0.0143815256336183	0.0158385791235574	0.00475670096280633	-0.00587809264744489
0.0112829216782997	0.0108690971186179	-0.00963057671666217	0.0138532002502582	-0.000355632567878673	-0.0104995124517905
0.0125457142147914	-0.0066097471802082	-0.0121309486310696	-0.00823432153634236	0.0190186562703663	-0.00190125850797849
0.0129742804830534	1.5767997635501e-05	-0.0103664023511119	0.00266845768256561	0.0154996221180784	-0.00394896540531501
0.0135694324057134	0.0125953952905519	-0.00533186852244248	0.00340148546382249	0.00826821236500546	-0.00230892818571022
0.0124102631729729	-0.00276737917704443	-0.00130604316631701	-0.0140341838538509	-0.00267144248098761	-0.00673234688897221
0.0128782454759735	-0.00547026166624131	-0.00456858233909321	0.00469727060040156	-0.0055254879997979	0.0179564680042888
0.0129692389528995	0.0108904301700171	-0.00563917464459555	-0.0100649490581157	0.00512902735747067	-0.000654821223662449
0.0138055189424746	0.017824063398005	-0.00712675557303963	0.00756161630376038	0.00752192636238693	-0.00436163773066411
0.0134623006742234	-0.00698218767515022	0.002461356204206	0.0157328819512509	-0.0142344092856116	-0.000929509195898585
0.0133096233484519	0.0117304362719067	-0.0171807952696663	0.000744218478101651	0.0115733264101687	-0.00395776511776032
0.0133353052936514	0.0127537368739031	-0.0214076829535286	0.0079655581557422	0.0115555198760855	0.00485913636286866
0.0140835185302285	0.0356286069705191	-0.0124410504424446	0.00622231832055871	0.0147503703368089	0.000841810447100989
0.0131169292015634	-0.00195636168289798	0.00094381987738589	0.0143368262262279	-0.00190931180992513	-0.00709254636354389
0.0130000642669386	0.000582355376631114	-0.00616639686057387	0.0149726692367262	-0.00226067655573853	-0.00225681261584902
0.0119893576168653	0.0124038591744358	-0.0295027185394185	-0.00824582638940247	0.00488633351668475	-0.0152689256987765
0.00946787904638485	0.0055159909280376	-0.0485907955470511	0.0115984952254757	-0.0361229126766267	-0.0219663639915728
0.011403239172042	-0.00503457028297458	-0.0144430536411057	0.00555506061507168	0.00380292670480839	-0.0134035851919815
0.0140747053780748	0.0172787014677346	-0.00297121150593081	0.00227466398189952	0.00289483762545667	-0.00164168248156375
0.0118302205134001	0.000252666482473768	0.00259141418523041	-0.00782551453670545	-0.000646733984119554	0.0145630716815966
0.0133008814810033	-0.00267287123793148	0.00338501153028213	-0.00106957872729454	-0.00343249450249683	0.0127593037589475
0.0144220711351819	-0.000768630692766238	0.0084642116135897	0.00813385291898511	0.00578442212091214	0.00331399059572749
0.0105573757970549	-0.0227741081258355	-0.0119506678093925	-0.0164040515158945	0.0105431169760688	0.0169808896696325
0.0146067703588016	0.00704837521796491	0.00483834867179346	0.00213509327155326	0.00995588518683122	0.0106883403302556
0.0129979786664061	0.00953860815668944	0.0146019959262814	0.00602088033921408	-0.00790381415213033	0.00607579683414974
0.0125985003295458	-0.00548655585352804	0.0141116237495765	-0.0103887110645938	0.000217176355663168	0.0135592809612282
0.0107069554064829	-0.0011513665131546	-0.00825003263240805	-0.00266148983229168	0.0189068810095103	0.015082310670788
0.0118210335299994	0.00295650758278186	-0.00322847364576213	-0.0144987856843975	-0.0140820168264846	-0.0053098605253166
0.0117516185553089	0.0233941221940123	-0.00139959665893103	0.00470437171264341	-0.00564728055197105	-0.0217098864188154
0.012056934696669	0.0192178276456424	0.00100841628291009	-0.0125105990380891	-0.00726810048089214	-0.00650268818518971
0.00725332069519897	-0.0031635990678149	-0.00778815555196576	0.000617018338086351	0.0128177528818655	0.0595823176455484
0.0116260772964951	-0.00683503888507913	0.0161141025221347	-0.00889176154980965	0.00741176181351175	-0.00163895290444559
0.0123478012745187	0.00500219974220902	0.0133897350422292	-0.0092238607100515	0.000873921640818475	-0.0129094580126874
0.0119923890801368	-0.00870267728238971	0.0143104151637832	-0.0162716480397005	-0.000154661643686135	0.00643853467524742
0.0101390339404887	-0.00138929138630549	0.0127372535775364	-0.0258794713782155	-0.0176125978767908	0.0150387660556272
0.015135402200568	-0.000497414257993703	0.00878012491626322	0.0163113012690291	0.00538420891445939	0.00304417814743319
0.0153002199084856	0.00285990548919282	0.00828164931559898	0.0233455825376889	0.00725051401056192	-0.0023759753704628
0.0136772323042681	-0.00689282770666686	0.00197842616205917	0.0171365921029269	0.0114037123718974	0.00304331582220854
0.0147049899658315	-0.00228039761994647	-0.00461854213843795	0.0151711058682196	0.0100407613454362	-0.002847772399855
0.0127322822424352	0.00196534858921779	0.00904672169386589	-0.00346829320242661	-0.00386676153776449	0.00189692177655576
0.0107783577244082	-0.00195289686065249	-0.00647142801159224	0.00641753565553888	0.000593597271908486	0.0255652110951458
0.0124061818531267	-0.0048593765531994	-0.0193703799209099	-0.00415323188397602	0.00873088050174137	-0.00868302397735021
0.0123242021077794	-0.00371543591976854	-0.005197207428863	-0.0153511595092308	0.00554958347321534	-0.00590775517135269
0.0111948456540084	-0.0120537696683953	0.0143721687408421	-0.0162120490736626	-0.00192307155575697	-0.000778593211117741
0.0136334076246541	0.0127414676923421	-0.00813712994729763	0.00517975886038883	-0.00422160240137937	-0.0047536461491306
0.00841124911900277	-0.00785731185806815	-0.0263942422804649	-0.00110169847871717	0.00123029637361334	-0.0105717462812365
0.00889055841317257	-0.00459243151975393	-0.02054925629194	-0.0078365301722843	-0.00257129017592375	0.051673900569684
0.0118926491638802	0.00803657667052612	-0.00452357387230511	0.006354194908268	0.00429150630289514	-0.0153124429488558
0.0121239593252156	-0.0103120209228947	0.00896243687898825	-0.0134654990004315	-0.0159709497404451	0.00419232976481833
0.0132710761699964	-0.00292216750878691	0.00880645404826107	-0.00642781343133175	-0.00499882356505286	0.00127344517396978
0.0135635964290996	-0.00169446429080397	0.00258953157492517	0.0212688490251352	0.00924506806882128	0.0129463076037248
0.0134186114881168	-0.0104763957344396	0.00503424378368241	0.0167497681844791	-0.000997927671689121	0.00724193904642589
0.0126513513898882	-0.0118354638089008	0.0101939551576659	-0.00576506609058555	0.0050206110558693	0.00485519814430597
0.0116603552207326	0.0154069623367749	0.00506749785024738	-0.0208527146507901	-0.0129060563941239	-0.0160311621314823
0.0125932797785652	0.0279328279199538	-0.0013033702779043	-0.0217081331439726	-0.00393666418884435	0.008324756797383
0.00945328799475068	0.012283973428193	-0.0111933190353469	-0.0306923828758211	0.0179325059010975	0.0255331439058005
0.0117745546663166	0.0149139227187107	0.00578404893919758	-0.00577129658688113	-0.0330429527521271	-0.0122322238248378
0.0102406024235433	0.0120329584635143	-0.0360844332902167	-0.0106567240658809	0.0172996114378206	0.0183208208993685
0.0105354224449264	-0.00672619032142038	0.0180738972864085	-0.0179337098550092	0.00111855058740153	-0.0145102423723015
0.0127112031553894	0.0163071423999792	0.00888671406419878	0.00827359997246944	-0.0083000535962576	0.0109346507037381
0.00945082607768682	-0.00392676914781226	-0.00517119522505115	-0.0259581672777655	0.0174294288161719	-0.00584723335409463
0.0116930034409909	-0.00163992913185243	0.00930222991695855	0.00372075685378573	-0.00346586006077194	-0.00167429230481469
0.0136451492791458	0.00770000233221177	-0.00882001628999564	0.00408735852192389	0.00813405523876336	-0.0115301456668151
0.0136886561415776	0.00816363852887718	-0.0110284950177568	0.00507632042135042	0.00758606186170875	-0.0120473951574343
0.0130169502640168	0.0015118736975532	0.000939359175651799	0.00549747014427236	-0.00377218534268137	-0.0082373973904856
0.0131826925327793	-0.00127680997439613	0.00192560658362256	0.00274451983914743	-0.00404748340170057	-0.00805090744694553
0.0124315437525825	0.008038978192161	-0.0116157842862662	0.00647662647655043	0.00703670663654385	0.00329733116501396
0.013624926397523	0.00312499587726799	-0.0168223779524751	0.0103845779160216	0.00883091730605204	0.00459898664905724
0.00887113875425144	-0.0161967406120298	-0.0393197356466454	0.0397254626115551	-0.0114336414994925	0.0255250626513794
0.00655707527414644	-0.0139102845983285	-0.0739842692573644	0.0458474433782435	-0.034169054770248	0.0351771328043558
0.0125141607975311	-0.00100020840405176	0.00654492723851088	-0.007122597885318	0.00435849567378708	-0.00163612690072309
0.0118295768803119	-0.011806016179146	-0.00049920948405266	-0.0160159560448464	0.00231491713715792	0.00671829463858905
0.0133896246872991	0.00187522024886212	0.00967027919469892	0.00576317946395843	-0.00826602050761007	-0.00897861368309581
0.0131491255638856	-0.00844702638876566	0.00116935410600487	-0.0126621574700585	0.00209324333039475	-0.000717801755042307
0.0135840486018757	-0.00775917780638108	0.0132548788314576	-0.00276235397171671	0.00588854631584749	0.000410657150184519
0.0132627736592652	0.00741371790793043	0.00890534707744447	-0.00397423289176849	8.11049691052863e-05	-0.00507981673424695
0.0121129787907864	0.0173614453271877	0.00770739828516371	-0.00624360629001594	0.00847375134722248	-0.00594882586965472
0.0142821833966827	0.00133862375387351	-0.00553222279988836	0.00934683472562932	0.010003528504417	-0.00594170613700443
0.0141644002483731	0.00148625568034971	-0.0048570704179594	0.0102786690891622	0.00959744399719343	-0.0043592004942914
0.0141475124792643	-0.000650537298367662	-0.00306787396212011	0.0110724792623308	0.00896684337810543	-0.00573534194474971
0.0134679996532182	-0.00300811556878091	-0.00109490740239312	0.00442261584190959	0.0102240929086596	1.51810612604992e-05
0.0117241877124871	-0.00732844095268972	-0.0205849837151186	-0.00164079889831038	-0.00039176424547049	-0.00744054113521667
0.0141107289700847	0.00057995895026328	-0.00389378110664867	0.00758692125520072	0.00056317630124356	-0.0179925126657854
0.0121850357887197	-0.00717059699169064	0.000823655749253683	-0.0105967674813966	-0.00836044432747766	-0.00963891079097998
0.0130787759678684	-0.0114838339655086	0.0098886394980301	0.00382526764043933	-0.0194935579741483	-0.00266539502679159
0.0131517571099295	-0.010945533458729	0.0117998314668709	0.00357228613919944	-0.0163822845255707	-0.00173247610949059
0.0132571510934674	-0.002603774899976	0.00674281089808792	-0.00662053343493963	0.0118020414130672	0.000992838507324694
0.00969664822104848	-0.00563697461558175	-0.0385651822843734	-0.00269304390400488	0.0219442951843181	0.0124935870506148
0.00771294553410807	0.00915715461474548	-0.0607653069755898	0.0123218580175038	-0.00580328790872139	0.0685049458916259
0.0142081593694727	0.00905869248087903	0.00526402148988705	0.0109600413480714	0.00646680221635759	-0.00186764233430435
0.0129299883961159	-0.00886373487077954	-0.00765479157319089	0.00614700727176341	-0.000537415885699844	-0.00421674067647232
0.0121136893592899	-0.0207326247953799	-0.00819042481534814	0.00597056575028091	-0.0118917761796246	-0.0105187663754443
0.0137808576064596	-0.00682696571759909	0.00255963688640595	0.0102168277893956	0.007306067697418	-0.00946945964718859
0.0133944626569379	0.00176910292985629	0.000754566106029091	0.00232538151097839	0.00511505866592579	-0.011223851861045
0.0121811555545898	-0.00946352437132183	0.00959160889068864	-0.0194860197699627	0.00802309249164095	-0.00160367963655241
0.0122495957110485	-0.00802678947877284	0.00917504981306207	-0.0218396107618519	0.011525122706805	-0.000950291969161703
0.0110730510555095	0.000325111263408913	-0.0154647366540143	-0.00218951799302515	0.00398786391781799	0.00577304315783957
0.00916215563539895	0.00484780241307481	-0.00246342916118652	-0.00530243329530713	-0.0239891512460738	-0.0066344061746978
0.0131033300914316	-0.00339746307946506	0.00355029273955608	0.00787374313069902	0.00390244049640068	-0.0101054242045785
0.00964176195392216	0.00184259474771411	-0.00900959648411514	-0.00881108150937088	-0.0214082576471989	-0.0124628119551602
0.0113965739143466	-0.0022201238981592	0.0100616552192527	-0.0168724322681118	-0.0130405750485551	-0.00910418455063579
0.0135522855357639	-0.000972014291605291	0.00513086933690671	0.000863601450081396	0.00404293545731333	-0.001186010808624
0.0112909984550614	-0.0155577633638975	0.00397984553017612	-0.00665426399807652	-0.0169806624561389	0.0183291812703943
0.0128229382038139	-0.00603349623914471	-0.00326942965892759	-0.00194203787629676	0.0054707061479968	0.00181560778314252
0.0127022650966681	-0.00600718417543149	0.00646772404911988	0.00307998357041812	-0.00857373536983129	-0.00492967195348065
0.012944378882565	-0.0122001402970078	0.00831030539633535	-0.00202849729785617	-0.0010739887437098	-0.00119119652657323
0.0106958611564767	0.00148478087823403	0.00764256192920895	-0.0147085193163161	-0.00953456389183979	0.0021302474576362
0.0127995940701611	0.00106914242025124	-0.00830724934331745	-0.00732461318299854	0.0109773129048201	0.000186806418888316
0.0110896792483704	0.00283928450126722	0.00875901645675103	-0.0129557366458827	-0.0213195869144424	-0.00947314456940563
0.0117700739440907	-0.00911777632304705	-0.0040650086562556	-0.0155632328547994	-0.00488047228010957	-0.00845282884658215
0.0109068566732362	-0.0108819677253455	0.00432959352491834	-0.018168945908597	-0.00353036634479242	-0.0168444113545699
0.0109423639308131	0.0240302222924032	-0.00115369728245617	-0.0103803729679514	-0.0145468435434613	-0.000144303414876701
0.0123098511508749	0.00305830165172088	0.00681144863324601	-0.00960356978712763	0.0118274848574722	0.000418844036935453
0.0143157470422876	0.0123858273937218	0.00999902814758428	0.000434900577880938	0.00435504956789332	-0.00452859492001878
0.00952129350471171	0.00560523915924887	-0.0630631601149925	0.025848109514563	0.00177740771671318	0.0125563510496766
0.012332647518557	-0.00030259047565862	-0.0120461483650431	0.0156878065551466	-0.00269568021780646	0.00441269602514057
0.0123451865023473	-0.000582027582077791	-0.012208599880114	0.0152551347783206	-0.00227692999481186	0.00416214329363133
0.0127607938988409	-0.00328353038233248	0.00707016049319551	0.00128431331708277	-0.00469879130546901	-0.00122770415575955
0.0130171595230886	-0.000495147356343281	0.000281999081522016	0.0100999425246079	-0.00036009005960759	0.00165490265076061
0.0120292449695536	-0.022208828518222	0.0155132350286778	-0.00519140089049019	-0.00138472668516655	0.0173310345330482
0.012698781197628	-0.00122279850187902	-0.00425085319486285	-0.0043886076397286	0.00305104858325136	-0.00288893408502271
0.0111885989157764	0.00138633632175489	-0.00836859815924497	0.0170483861850208	-0.0156896434705806	-0.00163795681358844
0.00974876283536108	-0.0174326225232436	0.00288800139532104	-0.0239886976837448	-0.0152509090982762	0.00639987146686028
0.011912994312228	0.000124157149990387	-0.00632908204029395	0.0133283589992353	-0.0150099768539364	-0.00299588577225761
0.011716125431106	0.016068561902073	0.0041181358537907	-0.0204728284840581	-0.00616318312034113	0.00932796685393359
0.0107687093173474	-0.025559755996197	0.0106792029656309	-0.0144434493787153	-0.0168520341052175	-0.0295004724954623
0.0124079509204939	-0.00869809630145689	-0.000830342120548757	-0.0123991054118024	0.00544147947877213	-0.000962597784112222
0.0130549888325866	-0.00376812243416249	0.00865928859545645	-0.00263037738771647	0.0143806904220245	-0.00533355515748372
0.0115643562867286	-0.0106469757257814	0.0156669576542615	-0.00987447172437926	0.00389784708393688	-0.00273160517180086
0.0139466397249099	0.00613452897785625	0.00185013957429359	-0.000492985732082303	0.00252063012506381	-0.000793853611825619
0.0121884071853008	-0.00295030387382611	0.00631752743447604	-0.0146238344033137	-0.00240708015905492	0.0014116427582105
0.0134591123029677	0.0137043952476268	-0.00112044818684673	0.00187009963151312	-0.00630577148987903	-0.0169597735508799
0.0140279682506732	-0.0112064070709361	0.00375654810816726	0.0094574822555006	-0.00197494578249731	-0.00815071476593057
0.0136344652688833	-0.0133854110640229	0.00511583399282142	0.00979888504149791	-0.000486909431431935	-0.00707081713042482
0.00842086944106651	-0.00718970836576492	-0.0339801059371615	-0.00339572104130962	0.0267612988685654	-0.00705579743680097
0.011792655633439	-0.00759583816351845	0.00910040491550047	-1.73450038990822e-05	-0.00705009560626529	0.0101217731518862
0.0131283858777261	-0.00633057592357303	0.00301081912131248	-0.00924312601783467	0.0032789852072297	-0.00767015448470968
0.0121290914119522	-0.00621431598185384	-0.00251740317713823	0.000262190939642019	-0.00114316410602321	0.0002211412572991
0.0106899836045404	0.0146629458439104	-0.00767829876853173	-0.00559066081877648	-0.00115607825585652	-0.00913950713173484
0.0122960099652519	0.0107953411318804	-0.0192771921138511	-0.00544506627474086	-0.0120076149113127	-0.0029868666598331
0.0136231344945462	-0.00227942539320289	-0.00095372403206154	-0.0010016033526472	0.00198231123541407	0.00485278699354977
0.012039556245044	-0.00217985648941694	0.00915432925219674	-0.00585851966505633	-0.00882252067662542	-0.00080890329750242
0.0140116963519015	0.00679184197137925	0.00832420481529336	0.00457968012175404	-0.00226789231842788	-0.012177485878365
0.0130654131002276	-0.00654607563730998	-0.00165572360632286	0.00413757625613692	0.000943323298407132	-0.0146863813002863
0.0127565552417285	-0.00370196293377539	0.00212286098873371	-0.00299795984684008	0.00162609821153716	-0.027002782034661
0.0112728936731345	-0.00559795159921703	-0.00994935497666906	-0.00731955752099254	0.00011059125723633	-0.0146590166248803
0.0104926681768824	-0.00709551972131298	-0.00879232981437573	-0.00972473714683067	-0.0176721658512696	-0.00675509881156466
0.0111006872489197	-0.00401563689094666	0.0102274425024054	-0.00911159001434543	-0.0201470419617423	-0.0161373991065673
0.00920778140360514	-0.00664343707996569	-0.0179831332447129	0.0062532745899303	0.0101876399477859	0.00548331920003595
0.0122353200520334	-0.00741119653213101	0.000255161447526213	0.00656373853330883	-0.00519793131301901	0.010961547956072
0.0133685625229209	-0.00206883808353028	0.00909449365791087	-0.00149509272994567	-0.00246356789334831	-0.010721240082486
0.00765848093387638	-0.0074019133492128	-0.023692525856883	5.06020155579779e-05	-0.0311723954223755	0.00465304749103752
0.0123490596286573	-0.00341237724937768	0.0234287587598555	0.00714356567019157	-0.0153307939272796	0.0176599460313211
0.0134471109208066	0.00268952325929726	-0.00111093101114944	-0.00224973273537561	0.0061356595519417	-0.00305619636957176
0.0113051383682541	0.00845956036976393	0.00778722204852741	-0.0088900891590603	0.0241293626323494	0.0125708970707693
0.0153445215063015	0.0121796401502428	-0.0111142951014579	0.0136926565665115	0.0226258689294248	-0.00761438503336807
0.0145134105136108	0.00445156067527172	-0.0100806537683329	0.0157540440895039	0.00526361195201347	-0.00683733055303643
0.0093735534731201	-0.00915638916957459	-0.000115274709059559	-0.0402457321128332	0.0221899046578544	-0.00593449485575972
0.0137341075048119	0.00218534352127658	-0.0115005882884775	0.0201561910222818	0.00985866633727602	-0.00192300740403551
0.0126587766269834	0.0144006046693226	-0.00461893844738575	-0.000255917236318797	0.00960721390707279	-0.0116494919053566
0.014005745113993	0.00289887996944324	0.00474081375224667	0.000113291360640717	0.00767653395889412	-0.00819828018703863
0.0131670140481842	0.00334342853242651	0.00506494031351659	-0.00965091140449063	0.00877620564682224	0.016518805640702
0.0130707360111121	-0.00232574934229077	0.0064810002482554	-0.00473039803476765	0.00826947118716268	-0.00794822668053894
0.0132697964830717	-0.000871274461511456	0.00677530026561154	-0.00542226628756202	0.00831882344664019	-0.00659330530613743
0.00893331744145155	-0.00317011557313634	-0.0264380647591036	-0.00906019776617494	-0.00102271551270954	-0.00963007008544494
0.0140102359075486	-0.00463206991373646	0.0106452617676962	0.00705835113748947	-0.000866339691410211	-0.00395563401355198
0.00948078564988727	-0.0110911526462458	-0.0422989233843875	-0.00191848557653865	8.21035325669645e-05	0.000426034868077751
0.0125646845913351	0.0113537903485192	-0.0233487798479974	0.00524995122550802	-0.00706999985467711	-0.00828570680364501
0.0128502030047358	-0.00257430906407847	0.0111283332151238	0.0135929122646217	-0.00123202495686299	-0.00416971963119961
0.010618585350801	0.0155573714905983	-0.0220507411170798	-0.0103510922112479	-0.0118533368701751	-0.00078575434701801
0.00859542201881697	-0.00796999621947462	-0.0297557154865614	-0.0119298916311533	0.000727658681079796	0.00601823524074722
0.0132712768832287	-0.00292093361120471	0.00138684872986881	0.00584891859047926	0.0184562675053542	0.000812928019926992
0.0141060910005166	0.0227527500002891	-0.0278616312491707	0.00945472623213771	0.0184624414202022	-0.0162835046582759
0.0108523189945518	-0.0174252925710316	-0.0200844571314707	-0.0154040847331872	0.0238994618426558	0.00189665000148931
0.0115077416992494	-0.00191321074096679	-0.0157800641188561	-0.0043634876294929	-0.0101724657191214	-0.00438479476003677
0.00928574945178323	0.00438026649306876	-0.0413930807680853	-0.0297088307944998	0.0170834800436738	0.00437121448562626
0.0148937424653177	0.00288130045563294	0.00378295854342346	0.0157235118380931	0.00675984435960381	-0.0124310087516601
0.0121978215574446	0.021834486222918	0.0147580441902911	0.00249577506865874	-0.0130413783553492	-0.0120785532200585
0.0149066458514905	0.000730507375859774	0.0110119133861834	0.0213771656421526	-0.00126265777926772	-0.00251225911591131
0.0133465244133577	0.00503457238071729	0.00790111237209383	0.0153576826431233	-0.0208986858640934	0.0114828371944028
0.0149490400784351	0.00925939606405491	0.00173363582042734	0.000963590533907018	0.00693269018071606	-0.015073624251454
0.0139153642034902	0.00567109504588119	0.00659564883363954	0.0034782140708583	0.00141424178384027	-0.0114057019142948
0.00725231598188014	-0.0147562766129366	-0.0106816440181476	0.0165360918587683	-0.000623430149775797	-0.0359579851848847
0.0148229650571197	0.0339960994191463	-0.0160771121214397	-0.00154640722607582	0.0067934368311572	-0.00450011949087877
0.0105401739744085	-0.00245771520883715	-0.0182559465249769	-0.0025759337202211	-0.00814129707645136	-0.00149532935079089
0.00857063277940764	-0.0105852239195007	-0.0304969190298995	-0.00289873267039018	-0.00529928009897493	-0.00317109760067997
0.0100117945455863	-0.0124395556447824	-0.0524716316822416	0.0171536101404227	-0.00465969114645402	-0.0269575911194164
0.0133153832323041	-0.0101582220495942	0.0117256761837954	-0.00219964283086588	-0.00297340827134019	-0.00100745530229066
0.0104531545374526	-0.00522844663563338	0.0257512406888916	-0.0204784291692017	-0.0408022577556112	0.0101729986617246
0.0125153184933047	-0.00439381691366197	0.0143064158564786	0.00543963875497318	0.00150586641471589	-0.0012844333821963
0.00858508864219667	-0.0160376791508968	-0.0226577615755109	-0.0110393049647729	-0.0616550541764552	0.0180562573476203
0.0152323982468815	-0.00520676019355478	0.0044965626550736	0.0257415213985144	0.00732112168788109	0.0165480518436171
0.0154049988558001	-0.00704178388773353	0.00180349667137758	0.0227324657197537	0.0110525807988293	0.0149267423445196
0.014208232008598	0.000928924707564979	0.00293404822481769	0.0063738411362959	0.0138301652448331	0.00776921943449202
0.0132293767382441	0.00502487680356024	-0.00224370903928941	-0.00212776669435743	-0.00810321171594509	-0.0143628169503852
0.012034033911714	-0.0104319843083368	0.0126106054133651	-0.0124510569268251	-0.00529162289510669	-0.00672078715642625
0.0102984022356278	-0.0153705885259656	0.00534138988258513	-0.0133602704382913	-0.000544532642411271	-0.00687104572621509
0.0149527578192593	-0.000606181347185725	0.00360489172062032	0.016391547073307	0.00667806130428538	-0.0107776351915847
0.0147959541417939	-0.000212515680119757	0.0122158036178723	0.0104502371053635	0.00806564828587407	0.000189808464721362
0.0120813541473349	-0.00988536889769901	0.0108297459543379	0.00916113118047647	-0.0116857214658426	0.00873960684432795
0.0129031979091879	-0.00321168456348295	0.0187238851412906	0.00147074212648091	0.00974826798225406	0.00129212476073615
0.0091432894450713	-0.00672699137265289	-0.028418535728069	0.0254225536205615	-0.0216952952247096	0.00926267186945511
0.0134576907854879	0.00420523981207068	0.00922035817995304	-0.00193988309683975	-0.00740928884729659	0.00620568828782172
0.0120479032381822	-0.0109103479791762	0.0120389597550004	-0.0118251251903415	0.0147760525746522	0.0140913977554092
0.0122103128563428	-0.000844579766569823	0.00468573238879008	-0.00945151170581324	0.0126835859472738	-0.0126222202407456
0.0121045668446917	-0.00881275586864966	0.0081235951796499	0.00447821170493847	-0.017491612165008	0.00303864527636998
0.0127521669970222	-0.00779670167379516	0.0107595821551149	-0.00897762601889577	-0.0074579180316273	0.00639872645844604
0.0112419412225042	-0.00907017221582645	0.00290732334514281	-0.0169134171941366	-0.00784952388669622	0.0054986667658698
0.00971122460116362	0.0056848594869254	-0.0187793335514975	-0.033454519465413	-0.00997718922001648	-0.00977995089085949
0.0114297807358308	0.0103963865166598	-0.00682184850536592	-0.00253433459284584	-0.00747183788033523	-0.013391376376121
0.0102397635245675	-0.00878744482646964	-0.0264698827610845	0.00746994607441141	0.0159191059534812	0.0171932769858068
0.00948523899939973	-0.00774823228439419	-0.0253959014451495	0.00918967702476997	-0.00362381858437905	0.0100568632046075
0.0102340371025631	-0.00638314879035413	0.003292790908189	-0.0103411591714096	0.00256978715513546	0.00764622558698595
0.0120068597071762	-0.00118854138350949	0.00936384010380869	-0.0266966096167317	-0.00218514898606753	-0.00178146358273439
0.0108671769873368	-0.0104764766257738	0.000679774499669767	-0.0353819445693197	-0.000982628566393081	0.00724544271749645
0.0134446546906897	-0.000379090338646627	0.0119662349713839	0.00354332512267092	-0.00439525080070157	0.00119945459541456
0.014424114955202	-0.00619719045574459	0.0171885881085339	0.0158511369501934	0.0038555773806421	0.00123385340562292
0.0135945784675446	-0.00690857761241624	0.00500095527074402	-0.00515772091059173	0.00317734686459057	0.00734571944904442
0.0115283334029635	0.010779026986816	-0.00434764004616973	-0.0132653485550555	0.00517877624457554	-0.0117638702171582
0.0151870237160785	0.00722946032537991	0.00137121760926431	0.0141366494081477	-0.000189096852962733	-0.00712460607975679
0.0156988787704065	0.0123754019857896	0.0061586706682343	0.0139696896486447	0.00766559520571151	-0.00156315435447397
0.0158368838312037	0.0126999736216567	0.00650640104839495	0.0141314914624673	0.00749669501340837	-0.00213512729505928
0.0117162899357286	-0.00553702773848256	-0.0102692180715197	-0.00961427814075787	-8.09401005256692e-05	-0.00599822535858541
0.0127167253849985	-0.0134677239040397	0.0057033665442592	0.00219456130625835	0.0013225792614271	0.0114351584287127
0.0128735409197441	-0.00547534907581524	0.0140694659279311	0.00186113057684404	-0.00356055395201515	0.00860836807598147
0.0144836901554181	0.008225750971958	0.00398358496175579	0.0113108970302631	0.00297607301575612	-0.00489943436751982
0.0115643560131643	0.000697251054222522	0.00312680883916545	0.00191448480803005	-0.0197049081270896	0.017216102775865
0.0115428992640082	0.00479650717969981	-0.0280267727061708	0.0100262658629171	-0.0150139581648842	0.0125353841713201
0.0123752172792513	0.00305365241258723	-0.00376886896986004	0.00321147099885844	0.00203956375210576	-0.00872203791162941
0.0134323869983128	-0.000550709925516017	0.00644332789251922	0.00915419875448095	0.00714199742017302	-0.00639077093700789
0.0127685885385264	0.00962950128978725	-0.00967567770537344	-0.00262369907480752	0.000784689822837963	0.00638348010121118
0.012825406702018	0.00830070579377868	-0.00286642980701147	-0.015372297459202	0.012743296189106	0.00835387685201536
0.0135534514063129	-0.000162953613343504	-0.0103306057396578	-0.00425874400687602	0.0127650767931986	0.00392324229032982
0.0140967396406115	0.00601387080266338	0.000709054624293602	0.00694112846139665	0.00212284668434706	-3.99058630198394e-05
0.0132188197866316	-0.00227961554769429	0.0116615057837516	-0.0101178383398907	-0.00490477980073856	-0.0136988310630044
0.0124706900157866	0.00463409904198278	-0.0157225771696498	-0.00315986703849691	0.010849934983689	0.00557168644127057
0.0126735964584301	0.00334980425837973	-0.00485910645741292	0.0181046730828235	-0.000108424218130062	-0.0086528952135029
0.0102288216430327	-0.000717713962696868	-0.0151100114952905	-0.000693157725308418	-0.0222150486189609	-0.00704971726125922
0.0151115232627865	0.00590278175134602	0.0049910431383561	0.0140595844963962	0.00531818102533467	0.00509113372865139
0.0123416063531395	-0.00362326615503026	0.00198373244243635	-0.00661509560560334	0.00117397444268093	0.0140508355934506
0.0124954083317254	-0.0017401611367478	0.00454105859908534	-0.00209099552213846	-0.00237227625028966	0.000375706353175365
0.0120077897334785	-0.00143532650035861	-0.0138378898433408	-0.00797646541878697	0.00879687769853467	0.00175171648428111
0.0129173497760629	-0.00705054441268996	-0.00433477540215126	-0.00149761638474015	0.0153341301458664	0.00812370939385842
0.0125497802071928	-0.00305065920582412	0.00587203417318347	-0.0148925406535297	0.0127823630324853	0.00413860425874441
0.012046294219516	0.00958542818516067	0.00618453557255182	-0.0175622259254878	0.000870904461270241	-0.00608945984510954
0.0128839833073055	-0.00366690971186909	0.0100071432445212	-0.0157039917546612	0.000722068722736229	-0.00500760623103183
0.0141683479927951	-0.00343691301533336	0.00883585977767145	0.0192034905325491	0.00869469971424149	0.00886573366070435
0.0135307008751746	-0.004240562004047	0.00632354967984545	0.0118861844816459	0.0105251733872256	0.00207561662304975
0.0121260615393608	-0.00109425907782674	-0.000885828610699244	0.0073744009586805	-0.00870102717731465	-0.0127441693928927
0.0131721992272882	0.0353101782278081	-0.00383697865708062	-0.015498344346817	-0.0057066285517909	-0.000900927368085384
0.0135350266308237	-0.00834894562043374	-0.00566364300062249	0.0035982221095063	0.00905896433593159	0.000672509348749328
0.0120294943772593	-0.00141044898388954	-0.000242629573570527	0.00445586192259965	0.00190640024948141	0.0112873618889618
0.012290215897386	-0.00593010014841832	-0.00411553897342036	-0.00515772377806586	-0.0107572811480687	-0.00164573335750991
0.0128869672057726	0.00150381900020212	-0.0072149809748088	0.0126211036554834	-0.00844368603995565	0.00115399372154166
0.012940983149356	0.00549061042824229	-0.0286670989702238	0.00999315100604014	0.00363559527417996	-0.0022060667766839
0.00815704503817586	-0.0150622295585706	-0.029014097602063	-0.00850090239691056	-0.0289358124113105	0.0257484886674552
0.0108319455767088	0.0133391753230254	-0.0100139187218049	-0.0151078633418229	-0.0176495054374717	-0.0150555500072026
0.0109135879695352	-0.0127656859093983	0.000744636117071812	-0.00363291172273242	0.00874558016026413	-0.00823297012498036
0.012746786875947	0.0240610165763592	-0.000235637528378446	-0.0243616578962277	0.00420856779233138	-0.00894310970387115
0.0133677076220576	-0.00372382466449394	0.0093291033131224	0.00112317270654234	-0.00477161257185821	-0.00508325647490661
0.00950576268306781	-0.0255591183318952	-0.00272472644284392	0.00262281442675628	-0.0522058591417677	-0.0135974975273186
0.0116853620865493	-0.000825584181577237	-0.00642188963395235	-0.00885667290431567	0.00972310103347127	-0.0136958865891828
0.00755631226141498	-0.0341650376279136	-0.0385641991989884	0.0111661795124558	-0.0100995977338756	-0.0455864376902351
0.0111783509913199	0.0273304625702019	-0.0194287777043622	-0.00204412079496375	-0.000132397315884905	-0.0180946859635016
0.0122091239553099	0.0156054078734949	-0.0125100566835596	0.00326684215631442	0.00216018407269622	0.00176241458360191
0.0125735159344736	0.00776749166317478	-0.00938015944599467	0.00290420969616701	-0.00560626513227205	0.0155652055944275
0.0122471277356339	-0.00358137035361819	-0.00337792552049002	0.0129462496010038	-0.0180952190494404	0.011387627004859
0.0122402428732645	-0.00570647297565625	0.00130790537365909	0.00343276468703689	8.93609147152707e-05	-0.00917624899535821
0.0116895678457095	-0.00681440644801522	0.00451759284360672	-0.022685074132988	0.000775336338371634	-0.00143293101886011
0.0127443879316311	0.000564068024749999	0.00717858960189298	0.00129929307279792	-0.000607888717745236	-0.00371147390835931
0.0128084925502554	0.0028241446094044	0.00438960546455122	-0.00120384176477383	0.0108953839248081	0.000169675257006876
0.0125347050941431	-0.0126439121114195	0.0107196931774185	0.00391204177913689	-0.00939727160639611	-0.00568208883359252
0.0129993100465574	-0.00657343489306417	0.00569931094983329	0.00360685905294549	-0.00628404458584895	0.0153496144362348
0.0116448464380711	-0.000540197112808269	0.00638709628101549	-0.0075178313044878	-0.00669116359711521	0.00455218966745057
0.0130550275540341	0.000516266430290953	0.00362908800036703	-0.00524047070967335	0.00184013560431335	-0.00057578083651747
0.0131117082122433	-0.00611899029560204	0.0168238291269602	-0.0065389344386733	-0.00462463106096239	-0.00155447015267555
0.0135621054990155	-0.0040247617488076	0.00370218735323966	-0.00293564470191184	0.0173209635071196	0.00870092854112244
0.0125526890981255	0.00612576071617397	0.00293768469585727	0.00787517326045734	-0.00764172929319068	0.00369393481225852
0.0142539082633319	0.00607452280775233	0.00793406682908819	0.0107505634288271	0.00784805690277232	0.00295395361727429
0.0142435985457588	0.00613625864892591	0.0078898416527267	0.011270467720663	0.00774730923267087	0.00311934478088398
0.0117723913887197	0.00527065218068499	-0.000708553475391364	-0.00597915135241877	-0.00536391463832683	-0.00271031946167807
0.0119525859904444	-0.00456709475143029	0.000524004634116799	0.00269137711348014	0.0130967396589133	0.00473729184044664
0.0127098708528683	0.0353060017573363	0.00464605345506526	0.00168960028867517	-0.00567224896444211	0.0010026452940102
0.0115852077679089	0.000838484461658766	0.00518871268276654	0.00172241669999656	0.00460735889417843	-0.0122430462215846
0.0120567052886926	0.0267280863526307	-0.00739251648317119	0.00342813084792803	0.00143024947154229	-0.0165521894818857
0.0122941556420868	0.031293848305671	-0.00947900705013916	0.00380564785312312	-0.00314838944301768	-0.0102854087308214
0.0149188023634658	0.00296019131486809	0.00853101412587271	0.0241494235150947	0.00560094878915144	5.28828932801679e-05
0.0148737612355385	0.0147446158989207	-0.00377389999866518	0.0204900552753768	0.0153315529491409	0.00128585673155731
0.0149962677187035	0.0025932632708581	-0.00150248678184465	0.0213276547503404	0.0042078287429156	0.011759928657229
0.0152359748959761	0.00165127665642168	0.000495167515578669	0.0225082765520304	0.00572756201394709	0.0136273417482643
0.00978032777322083	-0.00849306024781147	-0.008424635575005	0.0105206475382323	0.00713863374565234	0.0261998162690997
0.0150564562423593	0.0108839022407919	0.0057646912943132	0.00825815954638285	0.00668834599634661	0.00906849759535865
0.0120774893334787	-0.00457677107482296	0.0129296277682048	0.000629570273192638	-0.00161346332983376	-0.00153695729065424
0.0128796501446848	-0.0108541803028915	0.00939018525783703	-0.00814620915524825	0.000986947864669208	0.00304362808040778
0.0111501765752101	-0.0090325532096528	0.0186316197655863	-0.0102062154998645	-0.00340007335173125	0.005537153333318
0.0138321390539798	0.0105336066300329	0.00631231964276182	-0.00770771700572	0.00359644249274036	0.00614677482478344
0.00974600740384492	-0.0109826634375141	-0.0148474286615846	-0.00763181542711032	0.0273038503239188	0.0299421326631648
0.00772525558259032	0.00485362337948664	-0.0253018792869481	-0.0205010266175676	-0.0182566426840807	-0.0149668529843422
0.0120294938212482	-0.00716675207858773	0.0106953244969692	-0.000943997111357172	-0.0111961966839979	-0.00425004951591397
0.0137627052569844	-0.00536733368935085	0.0111236307484934	-0.0142160817611599	0.0156306540142679	-0.00992660664198943
0.0125233592397074	-0.00109957682496968	0.00633148140084398	-0.0124283635060882	-0.003908226144452	-0.00476026798805333
0.0125839907915322	0.021050448411349	0.0183359018657808	-0.00139663444819611	-0.0124843422185283	0.0030810661018326
0.0131891947060126	-0.0106593331877882	0.00290420797371695	0.000777921285233968	0.00528116457555969	-0.00977758667950393
0.0127041976597762	0.0128809210470576	0.0120462304437623	0.00811512092318645	-0.012576118725492	0.00621384172572801
0.00952448193665947	-0.0150553569653664	-0.0223175806401551	-0.0191758714924313	-0.00667220088079229	-0.0152494752211912
0.0122714086669345	-0.00719740367892719	0.0019225155759192	-0.00109830502433663	0.00233280079468059	-0.0174882076427172
0.0112181809707085	-0.0207424028550957	0.00698654835401939	-0.0035780960698053	-0.00702660086532484	0.0182257010530334
0.0117812319583793	-0.00568295908903431	-0.00207909227168989	-0.00357654715054027	-0.00391817832239072	-0.00824157597705987
0.0107732664599311	0.00855337009414167	0.00325130302996298	-0.0102579868258104	0.0137850557924081	0.00746584497124919
0.01111138201504	0.000399118483917719	-0.00944927310664781	-0.0076816210767524	0.00578695821209152	-0.00312098252924911
0.0119942085632584	0.0062562746796282	-0.00368592741168744	-0.0127220900233274	-0.00746197046920837	-0.00151512971154252
0.0127472313361242	-0.00102557370610149	0.00592159888394353	-0.00485286952988291	-0.00250259724445433	0.00370866082202709
0.011005677665883	-0.00701531684463904	-0.00926955312493527	0.00883389331672153	0.000315554261280186	-0.0138069738659742
0.0106826221689658	0.0055631366382379	-0.00541894864436066	0.0193901901019221	0.00772575142155571	0.00736883061860891
0.0107751234207097	-0.00442128860107793	-0.0180990332288994	-0.0190766829077113	0.00821226053534136	-0.00600702975833042
0.0131242893456275	-0.0035599014076091	-0.0123056939085754	0.0207133067339562	-0.00630564656133471	0.00539031942772761
0.0130202557458217	-0.00928336335883959	-0.0126335864964637	0.0156452976284872	-0.0176990959895973	-0.00677803570368078
0.0125835504296935	-0.00337297933405822	-0.0135501066461799	0.00598266549239315	-0.0149103754435917	-0.000439375171134635
0.0126314874267198	-0.00498353251381054	-0.0122785090910108	0.0084071454227543	-0.0143956303595712	-0.00167336406888145
0.0119829328647514	-0.00741402695988089	0.00226841472227764	0.0224871471201166	-0.00668353621233676	0.00711930035550681
0.00587382247015642	-0.00664594009524533	-0.0654225889335169	0.0480092000175543	-0.0206459300877555	-0.00777151453992965
0.0109621184976972	-0.00690605432444933	-0.0252779298825024	-0.0243828056307055	-0.00547397198989358	0.00410238075184789
0.0119807301192072	-0.00381938900255389	0.00251888973621116	0.0132500264709794	-0.000377048551593157	-0.00109447954075287
0.0102199718865121	-0.0132750878229057	-0.0224306969774677	-0.0163739492178933	-0.00025336346902044	-0.00908589733362785
0.0113619507714188	-0.00224781883548033	0.00506559546822531	0.0207975778933446	0.011677608562547	0.0113393233967535
0.0134290124637278	0.00247555950483204	-0.00314730886089107	0.0178993894437381	0.0101661768763316	-0.00430570183723025
0.0102344918531782	-0.00516112849218642	-0.00293288615056558	-0.00735907579274128	-0.00373350168453303	0.00308628926493504
0.0118328750520347	-0.0378478560322284	0.00355493435298027	0.00754775100247564	-0.0126285356238141	0.000273349523617133
0.0131980914055874	0.00515962143833028	0.00803170483495445	0.00545818455126348	-0.00980095212195624	-0.0128489515114613
0.0139686301894014	0.00193024988649279	0.00659717404202817	0.00212862863824047	0.00236289043175523	0.00473040058073337
0.0146437296753099	-0.0155859149178909	0.0131870771896582	0.0184676708926419	-0.00181773421505357	-0.00292298441483372
0.0143126455889675	0.0102186904241446	0.00769692244573869	0.017151751502326	0.00129696981334906	-0.00364366285220721
0.0131077408736347	-0.00603744488531782	0.00169077011355957	-0.0096560853824217	0.00669231564971846	0.00155725964638087
0.0135152613118533	0.00579621536034091	0.00610555722734068	-0.00174367962584938	-0.00378579923333992	-0.00961624921324067
0.0125299446489672	-0.00317336570086399	-0.000354928734796412	0.00975500480913255	0.00484053092585203	-0.0215065493830914
0.0102703133130203	-0.0142723615260729	-0.0234332470488908	-0.00910345191756361	-0.00145491169708131	0.00183375153352214
0.0107908940921099	0.00566085832441373	-0.0192029333583237	0.0124620689961244	0.0111316274127216	0.0127258007763165
0.0128366141391637	0.0126702110809537	0.00783043404946494	-0.00429444175415817	-0.00876308110667735	-0.00280159841461381
0.0138364344664229	-0.00196202061522285	0.000917416396781921	0.0104564696686606	-0.00188649082496586	-0.00392915455185088
0.0100563091912592	-0.018425280238492	-0.00714726100354559	-0.00274034308434141	-0.0103268954267714	0.0419176005984638
0.0126927512240955	0.00156342062734336	0.016830834773418	-0.00471921473252811	-0.00082165894149737	0.00159310554714197
0.0136238223612055	-0.00428781069257447	-0.00025312963842493	-0.00258320763518345	0.00658958346280828	-0.00278409406374707
0.00954674396148407	-0.0172367444141858	-0.0111127444366953	-0.00946668601622468	0.00129518090935299	9.89561857617117e-05
0.0121284426180181	0.00371240115087622	0.00658570619418338	-0.00952866585607112	-0.00338025330202605	-0.00237659910497722
0.0134978505572118	0.00288749008019999	0.00828238809785096	0.00466382351389437	0.000742853064847848	-0.00619958263394026
0.0130994280533572	0.00138787623711992	-0.00147026189052014	0.0165550078070232	-0.00777263306247773	-0.0140508406046775
0.0124873638613671	0.0161111614538566	0.00167976675583909	0.0120842773565406	-0.00505928639134158	0.0021625057513035
0.013956329014708	0.0108851780371015	0.00477315346821398	-0.0109487852296064	-0.00224779476120116	-5.55056947852805e-05
0.0143361908956561	0.00742905449957263	-0.00405415142805057	0.00713238477020524	0.00333549594453767	-0.00213908046207438
0.0134525588963941	-0.00756274889676593	0.00404742039092814	-0.00905289665809299	-0.00202096447262653	0.00469714171929779
0.0103831272931658	-0.00992304398506149	-0.0171802422406857	-0.0153588768327585	-0.0284687581717371	0.00878699679679237
0.0115268273933813	0.0208483867460362	-0.011419795789542	-0.0382415106646958	-0.0122409204804989	0.00360545640429982
0.0138068544737307	0.00214901035273436	0.00397509016594808	0.000710661203519879	-0.00321161836533194	0.00117321256187223
0.0108440993379526	0.0107573855392937	-0.0164382147766304	-0.0121606148176001	-0.00728854354539583	0.00265888274939462
0.0128438886540412	0.00764116829769881	0.00769137063779119	0.00295669073593993	-0.00360823084909282	-0.0139821341285075
0.0118648478033832	-0.000171008782898868	-0.00201594923870248	-0.00167695467028995	0.00470140035057503	0.00611453154693168
0.0136623108624117	-0.00414861255829825	0.00459825626797699	0.00326117625490827	0.0118357116701809	-0.00568840345905294
0.013128615341392	0.0151412250725754	-0.00379534921182739	0.00828622973147538	0.00487987588715959	-0.00737204407257209
0.0121364037282562	0.00202873283050983	-0.0178954358492303	0.0252734104394375	-0.00330269317953821	0.00706322674619519
0.0104775298988659	-0.00733064255124541	-0.00744180820047711	0.0243599878518631	-0.00613526702038078	0.0141716570365769
0.013100663049048	0.00617392984773856	-0.0235586147865404	0.0101105830379289	-0.00306864007554099	-0.000813662123330093
0.0116132417016382	0.0129909536536374	0.0193157509511009	0.0160223419782452	-0.00740828594339907	0.0268148767487459
0.00807418903315173	-0.00937697685496122	-0.0100316202669416	0.00457018930169496	0.0198514547774572	0.0179700275759597
0.0140408676854533	0.0143231740077943	0.00139421478020522	-0.00196888939505748	0.00159430133751418	-0.00572029004985089
0.0141041009914886	0.00465021970905754	0.0097654161807366	0.00597502867758754	0.00584600680028899	-0.00660367870140379
0.0122867356846589	-0.00428136659618879	0.00511180342452748	-0.0110403031496104	0.0057919861921463	-0.00151461523530702
0.0116763306574312	0.0309613135032734	-0.000927365607591123	-0.0173134529877081	-0.00301143041941874	0.00667720036958624
0.0125072045189601	0.0047376694897656	0.0162848168910125	-0.0105472242311656	0.0101256048782804	0.000689587882174597
0.0132052922371011	0.00870161939534776	0.0015715349171977	-0.00782375259477275	-0.00477420192324767	-0.00362304709842263
0.0119508392545465	0.00254161023064736	0.0156949155991951	-0.00670442218379417	0.00968058765896551	-0.00469257496701172
0.0128505313558365	0.0299855045961247	0.0025208712562005	-0.00765206899183009	-0.00710611089661265	5.57501844345438e-05
0.0134777547371506	-0.00922320228425148	0.00848040001679434	0.00225523391256546	0.00780558575122783	0.00601651922119425
0.0126813891211138	0.0180964939346974	-0.0106852806103504	-0.00941587059897242	0.00993938121859822	-0.00527346592212706
0.0112133284970437	-0.0311346164043801	0.000494607257281458	-7.38861725121161e-05	-0.0112631250701194	0.00432701986873086
0.0100686063679461	-0.00818724682806373	0.0202541294946141	0.0123831973359939	-0.0373919607333398	0.0326248966003711
0.0133339259393171	0.00505301969756374	0.0170117364672194	0.0113940171870443	0.00604977756689154	0.00124761902583245
0.012094250968419	-0.00203429456244332	-0.0234604073280846	-0.0240342312182545	0.0040967193564164	-0.00599454024548465
0.012586798552459	0.00115029878570479	0.0178133212016643	-0.00573929041472467	0.000326396929711489	-0.012865406924003
0.0122420844863508	-0.00362154965299126	-0.0156585933686229	-0.00593623516876886	0.0157262018670383	0.00592672656750776
0.00947157456090993	-0.0279650532254503	-0.0218511412044109	-0.00707213438052237	-0.016538944908249	-0.00410991271141343
0.00979735488014916	-0.0116743310257723	-0.0152576461930912	-0.0140919727186727	-0.00522603449696639	0.018063710172943
0.0136207768873106	0.0211383011166095	0.00581976359559998	0.00875076720946307	-0.0113792002556562	-0.0111962431191982
0.0114480376403182	-0.00997425598653384	0.00125604619398757	-0.0148018849269665	0.0251191417208799	0.0142417299983365
0.0142586914200014	0.00430535788779262	0.00208053595100507	0.00398110815465962	0.000788728484564475	-0.00116885946273727
0.0144142935943325	0.0230643232411885	0.00299627210477242	0.000471967409952076	-0.00450250181045494	-0.00602851090850475
0.012799903850902	-0.00589902617064944	0.0139005809577991	0.000590489949130189	0.00282472925978039	-0.011676570218854
0.0132610718675309	0.00220819775432741	-0.00957955508049939	0.00215791767651263	0.00875078095572229	0.00260790558973328
0.0126669381028995	0.00182724297409845	-0.00102914131266353	-0.0275712616631791	0.00793277202107948	0.00829324168688956
0.0126354736699466	-0.00168395357374476	-0.00297946832625992	-7.68602613656216e-05	0.00474365927835779	-0.00941632873525539
0.0117677240366273	-0.024615350685946	0.0140912370564979	0.00170709230134814	0.00214947916533147	-0.00829303249908094
0.013358155570803	0.00660609876692416	0.00463564463439715	0.0097417529997326	0.00353630133492988	0.0128361193980432
0.0127713913068657	-0.0108609436745378	0.0082136950674958	-0.020195075924924	-0.00491199992546134	-0.0186389044054782
0.0136290178995945	-0.00883110243361154	0.00368156008213471	0.00460277846794275	0.00534178995841779	0.00124879613128573
0.0113431149189382	-0.0126188190806045	-0.00574382662779621	-0.0111983099646711	-0.00660812865004323	0.00687722243643995
0.0124390536860012	-0.00111839505738095	0.00229799705252917	0.0176978213215975	-0.00596564525765994	-0.0186722346464801
0.0132434714663249	-0.00465184675015797	0.0107311618740431	-0.0110838268766104	-0.00124749660307596	-0.00928522301562367
0.0116265171647189	-0.00680928725795175	-0.00134629422276004	-0.0300952591264478	-0.00396113732925098	-0.00741166868801838
0.0127034838639856	0.00289772566962062	-0.00259526394739111	-0.00251994854818601	-0.00193386032747069	-9.93960658805064e-05
0.00906499440280216	-0.0219635871125908	-0.0169338225475876	-0.0131091422148431	-0.00898534493915416	0.00157245330215379
0.0123809181617508	-0.00637475034321975	-0.00552875559323702	-0.00319673103965828	-0.000352549871085394	-0.0157119471644324
0.013142766070466	-0.000277176664229873	-0.00378658212538169	0.00905640046399917	-0.00259238076022523	-0.0023229917354723
0.0115599474457903	-0.0180979743845497	-0.0196077208685284	-0.00507255576165048	-0.00622973018119304	-0.00830159215927236
0.0119496996362523	-0.00845306866107908	0.00578138997787858	-0.00603874515134623	-0.0133373130827548	-0.0193973255453354
0.011521810798132	-0.0071183507923936	-0.000937153072057179	-0.0242341218182423	-0.000542761850262567	-0.0228767987945768
0.0121184021283791	0.0177218840423885	-0.0125330342838918	0.00244371224541269	-0.000440481712857549	-0.0164087257649924
0.0134514942773749	0.00501351538778632	-0.00749180648567412	-0.000110780535599134	0.00392582195831763	-0.00612640012842711
0.00891569662521569	-0.00763793797262816	-0.039641563812895	0.0020217855473699	-0.012268465419028	0.0223826355713475
0.0140903549739011	-0.00242260852630425	0.00103279898645505	0.0170832413805513	0.00901563633356793	0.000465431771845121
0.0139242407706885	0.00044264273442699	0.00145126097427418	0.0106570902011996	-0.00593287319933009	-0.00649837797676644
0.0137922650595773	-0.000620105554661613	0.00334247491007177	0.00958989335356007	-0.00476669458870804	-0.00873422274345223
0.0119307930636703	0.0283672129913483	-0.00521680131532142	-0.00840847907345023	-0.00356745188866874	0.0119836312032381
0.010210654310337	0.00924584099403511	-0.0139937945963874	-0.0109671030363864	-0.0212740891109955	0.0083440340974877
0.0136694457136002	-0.0239281185031347	-0.0126528808204748	0.0384617674750201	0.0093462206490383	0.00782828267284389
0.0107924253074599	0.0219301505613551	0.0186053035991563	-0.00985048377756399	-0.0372029811247524	-0.00430095209364646
0.0123188540741714	0.00673910934178853	-0.00351782838307181	-0.00161257804060883	-0.00219837289897152	0.00112253775573606
0.013622589986816	-0.0109386039134232	-0.0145054713373471	0.00586368236994346	0.00849926389286604	-0.00431856813497552
0.0144470402540047	0.0103874362605788	-0.00186579516584434	0.0122401420032274	0.00391214803975614	-0.00100511740386697
0.0130320462065339	0.00213804312063542	0.000596937599457557	-0.00547004932436481	0.00759115321611357	-0.00135467753857443
0.0153360924003566	0.000299159096794189	0.00783554203540357	0.023276419858306	0.0132951846677412	-0.00875015866006903
0.0134643888925657	-0.00647427374160165	0.0015424947346883	0.0123836441672979	-0.000293142562814668	-0.00267667055293929
0.00747374592693466	0.00138130528007955	-0.02980244193922	-0.0109345462469201	0.0252563611901796	0.0286060896380225
0.00758047632105098	0.00648090474163815	-0.021703666264564	-0.0216822875179242	0.0319579710915899	0.0159458225860388
0.0134228829314078	0.00316574275582662	-0.000663851695845177	-0.00136952154134318	0.00946249783021872	0.00432095494738246
0.00983497341408695	0.0221872665559434	0.000560226896644801	-0.0135209261679094	0.012158229779865	0.00283025376270127
0.0125245280879727	-0.0163666791312414	0.0176668000511263	0.0136555407651512	-0.0125425886408549	0.0151876944343317
0.0130114815821775	0.00701247711808243	0.00400447203904702	0.00272676030830088	0.00180612187061187	-0.00935640147655957
0.0123763224376823	-0.00569666548726313	-0.00351128089551638	-0.00947127325261383	0.00238884012095949	0.00452277831941957
0.0126245604588319	-0.0015351768411175	-0.00619356562983506	-0.00839588191516568	0.00633353919584521	-0.00616351409273491
0.0126905306823889	0.000652672409749689	-0.00597797419975442	-0.00445029502120481	0.00657310284260092	-0.00128618310732572
0.013568588702671	0.0122537113034794	-0.000311076867201689	0.00281969624129968	-0.00669258992482552	-0.000122187377232387
0.013909695445608	-0.00688797969670416	0.00522596698591005	0.00968129746785474	0.00899709516498304	-0.00529674726139548
0.0138571984222437	-0.00770110079222779	0.00616747540814419	0.0110893460533267	0.0101452773272103	-0.0083738398910677
0.0137536814196617	-0.00621176646443032	0.00332402813479586	0.00973475466607335	0.00301033745689777	-0.00805322562697885
0.0144285668076158	0.0012485012616421	0.00478905589394222	0.0156863577007916	0.00622062474853007	-0.0155611017221672
0.0144249880742859	0.000982618357474623	0.00448252029229221	0.0151590988049077	0.0062923805004828	-0.0160961652110069
0.0141467405555269	0.000292477075439283	0.0115098574660549	0.00972394542104068	0.00480926913989751	0.00444238696381296
0.013217363371943	0.00228745571771389	0.00584579050736209	-0.00559021688701816	-0.00241956529717746	0.00273486963700554
0.00911099230731804	-0.0150189048779347	-0.0258655989153615	-0.0132599469409922	-0.0172049952512566	-0.0244868072064655
0.0129666591372718	0.00486149300072705	-0.034179542761062	0.0141933675884505	0.0134896320676742	-0.00803514045701459
0.0127879741419417	-0.00584599484404934	0.0067123691383227	-0.017647847281676	0.0143072571033077	-0.00962678421554707
0.0138760510729865	0.00353134105457907	0.00527535540966181	0.00593334523729428	0.00777136301349908	-0.0126441907508368
0.012414180341725	-0.015339755425127	-0.00815816143489102	0.00148876235977968	-0.000882376765337362	-0.0118866355739066
0.0126855873947203	0.00202113625666897	0.00523006842791791	0.00307132310257204	-0.000615707630290015	-0.00340560983821035
0.0130799959537667	0.0193720357524329	-0.000412597979511404	-0.00741591638156658	0.00542047439384114	-0.0105080323667209
0.0132580873024305	0.00396737876683514	0.00354867071807482	-0.00290972220830724	0.00480575357677021	0.000631275537746397
0.0146293224690408	0.0080433050301808	0.00666535069849499	0.00750641739265769	0.00800855398111886	-0.0091172304525866
0.0132747707423315	0.0187432713742146	0.00600974241575202	-0.00373227235135482	0.00178507105496159	0.00057902085715192
0.0126732847445253	0.0149865799940293	-0.00290145928932336	-0.005322122824712	-0.00724372414072766	-0.00187361647039197
0.0111449171784215	-0.0143720451484144	0.0198097173441255	-0.0109378504211987	-0.00547609169183485	-0.0192114842378949
0.0125708259975581	-0.00269569921984877	-0.000419029410041474	0.000184315509795181	0.00487963493870888	-0.0113301042621621
0.0132037217777678	0.0149204734523316	0.0141224955606186	0.00140085080949518	-0.00589685551691072	-0.0098118706641153
0.0141752251997157	0.0207673971322963	0.00187535676822079	0.00619359404477121	-0.00393103786693756	-0.00115677988192909
0.0156784580205812	0.0026878429282764	0.00948886833445723	0.0136895487553867	0.010364315288904	0.000829097526463277
0.0115505570327694	0.00480180238339166	-0.0289831258207005	0.00935721614353746	-0.00847719416904925	-0.00632193211463312
0.0122523587629403	-0.00354445200414683	-0.0101629948504071	0.00562808405479823	0.00363443510065277	0.0124669610181932
0.0121372484188404	0.00507670773829683	-0.00417210303066036	-0.0143761144420052	0.00230203447821907	-0.0190344046357753
0.0150983436853898	0.00363751115192116	0.011920396021803	0.0149578805759466	0.00498759478740549	0.00277712117995711
0.010111119546728	-0.00568897083268668	-0.0168800490806189	0.0238751045039221	-0.0399233258861429	0.00769940968773093
0.0107225131845744	-0.00400871391112544	-0.0077714531259073	0.00907814420199297	0.0184921057578436	-0.00558035279447831
0.0126710997548057	-0.00289717221080528	-0.00335645569493491	0.00852762173617571	-0.00575702427110425	-0.0151343743446365
0.0113280807318273	-0.0181162312324541	-0.0104243313620452	0.00227759363262371	-0.00845020353486727	-0.0188833328800505
0.0111463948746004	-0.00917402897144189	-0.0040927361399088	0.00656516584350968	-0.0139212182545654	-0.00993546150460219
0.0138470590324401	-0.000855152098939568	0.0101310680643142	0.00942347887069077	0.00504796049531169	-0.00184129451558612
0.0120732726037237	0.00866331912288216	0.00343168436643558	-0.00542861384852788	0.00126889309263536	-0.00693904225390556
0.0115301292286773	0.00780219773333831	0.00455583064336691	-0.015793338413798	-0.00215361434477937	-0.0063214659377778
0.0128629070613863	-0.0145363085581675	-0.001489610622573	0.00384869576210909	0.00333447644652064	-0.00248526606546922
0.0116687749759928	-0.00226916228528552	-0.00816972216323259	-0.00278709672323162	-0.0206103466755213	0.00628115770083697
0.0117589602095787	-0.0100454135440892	-0.00866923950123207	-0.00680468162658855	-0.0134776896269734	0.0156959114044684
0.0123497047500657	0.00427362242158179	-0.00277907266205144	0.000837002447514385	0.017328766732435	-0.0139771007831081
0.0100721116124833	-0.0288361107980405	-0.00883076257547591	-0.00602800765803253	0.0340202951137386	0.0123522585734845
0.00929617534440179	-0.038577319640707	-0.0134593126692834	-0.0135096998479054	0.0472049478566606	0.0133508981165816
0.0132661847204809	-0.00204418741675411	0.00589044089851946	0.00834988643898479	-0.000197268433034989	-0.00212401569198724
0.0115805467257838	-0.000183931105177183	-0.0180221134927162	0.0234845339828946	0.0140817509280391	-0.0130803173192883
0.0135902055960525	-0.00418703677490092	0.00219768727743733	-0.00272516873700331	-0.00158591992210113	-0.00595873526770564
0.0144653531113858	0.00796742337694295	0.00770319779694722	0.00247190168473741	0.00877643118631302	-0.00926967661292739
0.0137434210650088	-0.0109464061958548	-0.0101896065470503	0.00672918602662099	0.0121269873004567	-0.00789622262709206
0.00773169767855648	-0.00213752662966489	-0.0209436903177405	-0.0300056166372508	-0.0409492224008313	-0.0184641425045254
0.011123854003108	0.00803522687094923	-0.00243673109084894	0.0124979702924394	-0.00319206013773833	0.0144387697539003
0.0112005223070963	0.00388286343330642	-0.00249769307353753	0.0094241286520877	0.00414820010370179	0.0126353923623356
0.0125927974306276	0.00301809026860029	0.00448237355687037	0.000937715825122689	-0.00201170706902486	0.00843385795771245
0.0119507815079671	-0.000455388448392432	-0.00444301186674209	0.00332776736792761	0.00773019713572008	-0.00693366901084676
0.00970463457014721	0.00779220816750668	0.00444266484800047	-0.00628616196163802	0.00201645032799455	0.0175626849349212
0.012238649641306	-0.0173210492704814	0.00487280675122866	-0.00473122960841666	-0.000616537778287138	-0.0236270450741071
0.0115125338905156	-0.00232397235751962	-0.0182206192136855	-0.0290952419821907	0.0239114229406638	0.00487551877923169
0.0115912034697369	0.000819044195625268	-0.0152806561771965	-0.0275055024165178	0.0242751368045197	0.00263578056610411
0.010592526985428	-0.0204315636094388	0.014876002194852	-0.0263476944800605	0.013076203364286	-0.00130245111581019
0.0118758730763341	0.0110711089675331	-0.000782621251039723	-0.0227892059968251	-0.00513726813128935	-0.00948219349694469
0.0119164268856326	-0.0060137464806892	0.00296074662827435	0.00130222953443161	-0.00879849996755032	-0.00878209603561964
0.0139231702784495	0.0243216330559445	-0.00457552533181798	0.00520984585282308	0.00395977226545819	-0.00372863261903926
0.00982099687358707	-0.00495226316573114	-0.0155206682200099	-0.00168204801737379	-0.0289472255323665	0.00742985558568105
0.0095507994531236	-0.0101749870009874	0.0109735784535214	-0.00114255622998106	0.00829345009296711	0.0255308702600007
0.0128165544128801	0.00741624783788923	0.00412182494970427	0.000910168061621607	-0.00540762212111358	-0.0107990140324876
0.0128371512260489	0.00363771799970587	0.00913324690936255	0.00212146928104852	0.000415835048735493	0.0111072644957541
0.0145537927600624	0.00985017381721204	0.00585664109941632	0.00531716930441631	0.00136822898950755	-0.0127522090815308
0.0145595029410322	0.0101888503467242	0.00624995522600089	0.00429858872537513	0.00172316991734168	-0.0134276712843555
0.0124147607593076	-0.00206234407723249	8.88248012039046e-05	-0.0109230915925044	-0.00486683213265466	0.00596659077608108
0.0130960452597752	0.00185330371601761	0.00664103616173277	0.00102878903259902	0.00905988417947476	0.00277630086804603
0.0110674559451799	-0.0109679346287708	0.000205112555088219	-0.0214512492488604	0.000843435197726429	-0.000292253372989159
0.0139886604261612	0.00224568477872693	0.00253038855574871	0.0115474369153569	-0.00401401084652472	-0.00487718550569711
0.0125044831206126	-0.0102603753512706	-0.00109599766380827	0.00176665190406227	-0.012450455572757	0.0127019646028224
0.0119021149544405	-0.00666021021854512	0.0107547158005424	-0.0145026294005947	0.00188792641670085	-0.00327096229159344
0.013577806262221	-0.00715632052825992	-9.63481808901575e-05	0.00389740492958436	0.00834184875254652	0.0151967203916606
0.013324284645369	-0.00337875064663933	0.00468765585038868	0.00984701163012589	0.00424107524693533	0.00676002106994237
0.0139933002607816	-0.00777475912126359	0.00492857665301847	0.00191967889397657	0.00721357469416686	0.00175533249643894
0.0122737560772068	-5.12881774818886e-05	0.013984214454711	-0.0197436709868863	-0.0053312629810166	0.00323413420725286
0.0120133340419945	-0.0309599417781622	0.00599409936688655	-0.00117055913554788	0.0190103951501035	0.0251474661572527
0.0113072429068801	-0.0035630978319453	-0.00991260653962789	-0.000176142384283068	0.0238490578511582	0.00609947993744206
0.0123226259757739	1.26255811867706e-05	0.00596193531279123	-0.00722632854405817	0.0143942846813489	-0.0118949182569339
0.0121789097617484	0.00141137058417721	0.00139303188156127	-0.00526469480119589	-0.0130081693269416	0.00790321509179505
0.0132302478614101	0.00860212078046827	-0.00488666704385309	0.00248924397837742	-0.015069321650681	0.00182935034687893
0.0115404363254543	-0.0101951657355699	0.0060864841756259	-0.023790177705959	0.0213997692890265	0.00792052817456893
0.0123484235089687	-0.0112305461952242	0.000178435664787381	-0.00171044941122956	0.00808822176422147	-0.0106217552738495
0.0128554556629117	0.0140744452909402	0.00265780139922635	0.00412785528577001	-0.0103202075498238	-0.0152338660141901
0.0111236826456753	0.00629766069734007	0.00817182399575296	-0.0235307132717003	0.000567430051779678	-0.0111326977153873
0.00954647747829887	0.00792914372820773	-0.0115844327583194	-0.00993756092784906	-0.0312798080782482	0.00358098647411648
0.0122749016821819	-0.00325322560133171	0.011094306917845	-0.00555196790108361	0.00706677830836567	-0.00793781385551492
0.0134936361422375	0.0283087610248798	-0.00564237385983953	0.00152898117738259	-0.00643790822121244	-0.000243605439638542
0.0100166525429087	0.0052115485096515	-0.00417481461856921	0.00412431593599854	0.0168971933657267	-0.000547663421609708
0.0130554344172384	0.00279901524299275	0.00962576400570513	-0.000154214794097205	0.00778151448412629	-0.000964040590491894
0.00675518349936442	-0.0131791624607442	-0.0042077336160012	0.00496180798672941	0.039953583736972	0.00104432284505554
0.0154512286685159	0.00458804511508316	0.0107029111453338	0.0168635657271439	0.0071354617021826	-0.00675027425099154
0.0121015928079827	0.00761022266226044	-0.00631067212906755	-0.00678786811898726	-0.00161554792664339	-0.00968121126956816
0.0136294487972565	0.0404725011058922	0.00106590311852436	0.00655645980039312	-0.00670654605454317	-0.00090273273293023
0.0115041028074508	-0.0065289797088735	0.000131549981276975	-0.0154214532469427	0.00832018879555682	0.000565826195514051
0.00841860580155764	-0.0205035011477826	0.00247755352481919	-0.0138305985743319	0.00298570836746127	-0.00119039175640905
0.0120961531359708	-0.0108793090132915	0.0186752599864511	-0.00744450447739505	-0.0146672880482428	0.0109406622946647
0.0127842020873788	-0.00722169106017538	0.000694386662975425	0.00155747725983514	-0.0105491391195796	-0.0206232841037038
0.0138728326264092	0.0190802170589204	0.00584930543677481	0.00789614040554494	-0.00343690189400817	-0.000321513494712545
0.0131032638996438	-0.00669612574608726	0.0226918498800732	0.0138508225839649	-0.000941839436154345	0.0133856456406377
0.0110871459129446	-0.00431913974659715	-0.0213450341396232	0.0276875446632046	-0.00326762287364809	-0.0054045664790318
0.0121795240623	0.000562959893257684	-0.0253477847975099	0.0121909039475923	0.00634816430322319	0.0031835070764098
0.0127404166485115	0.0110456519590635	-0.00703305162268585	0.00682371042005824	0.00613165037532496	0.00628576673631598
0.0125300277633938	-0.00932646038473736	0.00226431546762472	-0.0119871239990427	0.00157496868452536	0.00356810445775873
0.0131412803884315	-0.00133109632178419	0.0122187698941401	-0.00305383900831555	0.00323466070917452	-0.0031301612551878
0.0127737493178882	-0.00423699357390191	-0.000870806607131348	-0.00127972343691686	-0.00657563959801381	0.00273033294871658
0.0136048369285762	0.00352136142814024	-0.00650007981979931	-0.0074377910543219	0.00174888809185691	-0.00794241373771943
0.0126380120817637	-0.00977403114682996	0.000836370119803573	0.00243793586719641	-0.00394670381241258	0.00640695272559672
0.0121173115770954	-0.00367169957474868	-0.00690089143230282	-0.00680252506283598	0.00940456600708582	-0.00897121038910977
0.0111073035543883	-0.00623361105839594	0.00334938254263253	-0.0112011499451436	0.00595721159990534	0.00103975980936752
0.0133952735673718	-0.0125892566907209	0.0101084025027709	0.00578875491719769	-0.0127083776732207	0.000340723002112066
0.0125646354878071	0.000617480028622462	0.00218555142523938	-0.00124150712183512	-0.0127075147889996	-0.00176164906149135
0.0126042735117724	0.0245295429865825	-0.0123675426229762	0.0104536624750879	-0.00366048163392258	0.0131279541296544
0.0153912340088404	0.00309519132322869	0.00960291876341584	0.0175418056233891	0.0168188640951898	0.00998139209561897
0.0122135469414965	0.00262790862469937	0.00653380794105736	-0.0227020433637255	-0.00573241698053587	0.0120995690559849
0.011754886180662	-0.0171923882255822	-0.00103826582814674	0.00843272497502864	-0.000924157008214245	-0.0186310039803277
0.0139894884298928	0.00437069053998622	0.00471522563151417	0.00848826236625731	-0.00553586328536877	-0.00561048638587204
0.0121048506843188	0.00635811422315482	-0.00809958023733238	0.0117060055178664	-0.0126233927568428	-0.00582223619136729
0.0101683108625286	0.012852772188244	-0.0124612474045646	0.00266699133959523	-0.0064231585755714	0.00725713091386769
0.0066110174113202	-0.0209378143844953	-0.018370691765194	0.00319650230688109	0.030325761487994	0.0388452315959593
0.0110986598722522	-6.52290690277737e-05	-0.015041430499561	-0.00620356934723925	-8.2710477809474e-05	0.00121144087095729
0.0111861960995494	-0.0186101618363292	0.000417994080158144	-0.00831512174770522	-0.0195116778040031	-0.00743431854565688
0.012754171565415	0.0103116076894378	-0.0157042965687928	0.00275863122630645	-0.00298917310636657	-0.00975963346728983
0.0124803814377752	-0.00500986902029691	0.00432899955849424	0.00227005711653491	1.87399777001433e-05	0.00229821013219939
0.0139844325741761	-0.006239471386251	0.00804944817235067	-0.00255644464945668	0.00361511654021357	0.00122770709345892
0.0110687765249889	-0.0127523179714118	0.00652490027996985	-0.0171219106779065	0.0181215718181465	-0.0178390987144398
0.00515287365958465	0.0206151269649079	0.0362983032920047	-0.0191987535756881	-0.0828673609529889	-0.00792284611015326
0.00997840636928415	-0.0235486036815813	-0.0427471042372557	0.0237549814707733	-0.0174106462692565	0.0215383769561926
0.0119958158117209	-0.0107903077322429	-0.000517166500786401	0.00220691200085866	0.00436826346546678	0.00499216995025759
0.00988189700707173	-0.0198103293264811	-0.0123676397221286	0.00463471662748696	0.00316555382227538	0.0194331046805528
0.0128027699551896	-0.00980171882182801	0.00467031157425829	0.00300675931565949	-0.00506103922340962	0.0230453011780751
0.0132972810146466	-0.00175160020337044	-0.00332103984823733	0.00149250674881414	0.0114183066541705	0.00507225574950746
0.00966278161077392	-0.00745746564232843	-0.00178276694287917	-0.00450014336121686	-0.0014988531469565	0.00760560553643584
0.0124439778915819	-0.0127878032300166	0.00468502975617065	0.000904420957024043	0.00251857927127052	-0.00140940972401488
0.0127650760940876	-0.00116400635686072	0.00807886448508145	-0.00800681317987425	0.0143072622546084	0.0106853944681108
0.0132998579724618	-0.00284168933622677	0.00388483543621524	0.0093811536774249	0.00415202256848988	-0.000385287411469843
0.0123389996211809	0.00228693091600889	0.0136035980686415	-0.00871567604040304	-0.00116738860344572	0.000418882361439362
0.0143695425369785	0.00187296714338229	0.0084522028404749	-0.000262118588372246	0.00847522677060412	0.00858217285827624
0.0130844361798741	0.0148849052817192	0.0115412138101395	-0.0094860234543351	-0.00493894415260419	0.00869019015164025
0.0118186177694701	-0.00434402598716173	-0.0155300011842506	-0.00842450431167223	0.00346212554908084	0.00175801185954492
0.011372319175587	-0.00840410459283	0.0115263277333748	-0.00512425929545908	-0.00162312408559558	0.0104459696312252
0.00836781086926527	-0.0222001432094574	-0.0242468130356082	0.00619765199707061	-0.0112842662797573	-0.00806245879530485
0.0125612386014014	-0.00681610699456658	4.75011789973926e-05	-0.0101997594717077	-0.00134700558418501	0.00384455637088538
0.0115325761195004	-0.0105551008755373	0.00728565284585319	-0.00339888726417455	-0.0147552689140517	0.00446634915149101
0.0120725241564055	-0.0109567804727069	0.012914651645234	-0.0025333118207598	-0.00901026119468713	0.00968955837218514
0.0109511851844817	-0.0120719865697696	-0.00138181417663243	-0.00998286740890192	-0.00226607201150275	-0.00574665106145813
0.00728425097206434	-0.00771345486461442	-0.0203551316915612	-0.0282993097242159	0.0392976078353672	-0.0451295254067496
0.0117570561110181	0.00539280787098755	0.00800893403412392	-0.0055683733616021	-0.0207875253680678	-0.00606120426682833
0.0103135026692633	-0.0161387151133614	-0.00327714867765618	-0.00842339415055768	0.00564411029682007	0.0086276973160746
0.0125853615514529	-0.0132814065463495	-0.00882186153421631	0.00382421866741938	0.0126413601341427	0.00286965196091118
0.0114461660872473	0.0146244752450573	0.0287075146056025	0.0184563744314072	-0.00219874187443518	0.00757677360613903
0.0124128268615346	-0.0224544392459949	-0.00300521193241891	0.0049584470719965	0.0153629769787648	0.00651781144991268
0.0111898801169364	-0.00855629008485504	0.00575788749294972	-0.022247379870337	-0.00188083567630094	-0.000769398025810592
0.0132423176612989	-0.0426851171405342	0.0165769159964706	0.017637919025357	0.00536876173086067	0.0244774473026731
0.0124937457254684	0.0119184059018397	0.0151369073687701	0.000650782542962108	-0.00584598168489351	-0.00129707581049102
0.0115942724271081	-0.0116520301862504	-0.000179527616287648	-0.0245228062774977	0.0160701562134352	0.00559132335866462
0.011606881155688	-0.0315971823902801	0.00892037792271451	-0.0116386690994999	-0.00944319859079553	-0.00318259208312999
0.0138263277445018	0.00548922113857248	0.00298239853386061	0.00349304918500323	0.0188972708667568	0.00115489542308278
0.0125334835162148	-0.00385772415159857	-0.00678812543775067	0.00286424364877576	0.000582330218444184	0.0237495416527711
0.0131027294300757	-0.00377786862056607	0.00633263331850558	-0.014564427406426	0.00887840498806942	-0.0023564320414385
0.0138631965996438	-0.00908983969455514	0.00686587690929759	0.00453261867862207	-0.0104169601725396	0.00507862642792415
0.013054419222326	-0.0121415143263921	0.0176329479562696	0.00872818918311766	-0.00197897322530602	0.00488477225618047
0.0143435263183578	0.0112727438391696	-0.000877311967352545	0.00489057401199958	-0.00489339531190495	-0.0057842625414833
0.0119597106888888	0.00194993890237801	-0.00758177426928	-0.00584981807770654	-0.00895113501001112	-0.0158795644730017
0.0115478925698908	-0.0107952913363254	0.0153076213202796	-0.010006099891879	-0.00545063727507785	0.00144449994164115
0.011068365487199	-0.0180907675505807	0.00160346227887711	5.85833444844454e-05	-0.0161597666743651	-0.0077154217345809
0.00759370818160478	-0.0340593538373689	-0.0193624455520858	-0.035699257924383	0.000527379317809173	-0.0076844019144
0.0142393155590525	0.0252304282932854	0.00625051497637651	-0.00032972869918724	-0.00875537404912057	0.0068902979997728
0.0145293649638528	0.00524450520556292	0.00788168079561617	0.00713606133509672	0.000321195543927685	-0.00157671104028744
0.0132861013160502	0.0143235182755548	-0.0125857475558104	0.0135776154948177	0.0106129891432896	-0.00316078598727252
0.00996202552997436	-0.0356502761829711	-0.0517868345621055	0.0649378969138355	-0.00736752645392332	0.00975126302803207
0.0133276766430851	0.0155656737013643	-0.0090151522899178	-0.00197869336863646	-0.00189746252904199	-0.00826832619815734
0.0116427161593293	0.00290517248547145	-0.0127825710367669	0.00133418258695351	-0.00639160316749035	0.00117154452761504
0.0110880010850584	-0.00842173378614701	0.000161487822406509	-0.0147006558384841	-0.00102773847967803	0.00764129937450279
0.0116093359462333	0.00288801713778391	0.00248484512846398	-0.0118747733841368	0.00616695935502881	-0.00303158038680287
0.0110691254434429	0.0132479852020607	-0.0108395221112188	-0.00676327427240148	2.23077037039834e-05	0.00755949823126812
0.0100542515766352	0.0149358974626447	0.0115307272682831	-0.00543768862195164	-0.0294749133077956	0.032573568971222
0.0139591347044348	0.00722173858951496	0.00991061854166852	0.0070894275325197	0.00660651622036234	0.00847638023821131
0.0133152752730223	-0.00248200752308062	0.00464849126853427	-0.00915549212789338	0.00924879800102163	0.00177053529435161
0.013402926158503	0.0265156006798333	0.00703806132179475	-0.0140155096189563	0.0019078792561567	-0.00268021910739031
0.0110031382407111	-0.00217015414276578	-0.022761714351066	-0.0171221108470694	0.0322411780655447	0.00374279014497747
0.00817881805856954	-0.0143500387095491	-0.0230495903248734	0.0273678870439284	-0.0301630321954525	-0.0192399671076692
0.0109328984431987	0.00476104784774466	-0.00844756878930172	-0.0189605775972466	0.00450868119716161	-0.000650021016591934
0.01492424265486	0.00124927322938519	0.0122214910142863	0.0138260468248617	0.00708088473131831	-0.000334199693641801
0.0144297642746905	0.000692418461907704	0.0124597179495366	0.0164118005689488	0.00764053738877756	0.0018712671013099
0.0124472372266893	-0.00531977804277443	0.0130975707140277	0.00866065743859824	0.000694148867741257	-0.0045483409786249
0.0129350043837961	0.00185244511669516	0.0016033603297675	-0.00197630327478808	-0.0126890509846805	0.0123449834139367
0.0122003128714118	-0.00625680760952065	-0.00507085216333337	-0.00742395419096172	-0.0130673508980073	-0.0126549784977833
0.0124243606754238	-0.00205546543785408	-0.00479802036504477	-0.0071256843474999	-0.012960518657437	-0.012385611123309
0.0127970170565766	-0.0140296485086234	0.018902783878574	-0.000715634242260046	-0.000332190334568229	0.00338669905367739
0.00890112306183474	-0.0227941892591997	-0.0301096193462115	-0.011968285663262	0.00678402054778778	0.0091473288362916
0.0119721174621311	0.0175119419777226	-0.0137697496717528	-0.00157656665641792	0.00446930614930607	-0.0247548442256248
0.0135007821507758	0.00161097132623974	0.00466734664131866	0.00212093176778492	-0.00261943146252052	-0.000960925912459694
0.0126623521014417	-0.00888301023031829	-0.00904156439338311	0.000864480384342224	0.00864353660808644	-0.000139082759219463
0.0122025992774776	0.00504116502849674	-0.0218667778579964	-0.00369112658114239	0.00844316993350249	-0.0176893880953934
0.0109866391389	-0.022192901040907	-0.0246788757797291	0.00318495727229378	0.00223678617479045	-0.0185603184575315
0.0136114775221881	0.00619938276888058	0.00241182118145519	-0.00430062826553817	0.00971509805453033	-0.00542576548076476
0.0117493568624258	-0.000569902132961628	0.00748664869709767	0.00274407600777964	-0.00210825435269744	0.0115443759065718
0.0117391351786664	-0.00229248077751866	0.00317125923397893	-0.000687526332357876	-0.00264097555682258	0.0103624008564404
0.0146249408153231	0.00396239586379743	0.00267154163970452	0.0100500622611505	8.83503314852204e-05	-0.0140960933772396
0.0137112864406645	0.000646425457966605	-0.000588108929536772	-0.00265506819240502	0.00788065058676826	0.0101255651018184
0.0126359993361652	-0.00439492650331048	0.0024320143249787	-0.00815743126620403	0.00578431361612537	0.00165605134850091
0.013401874921459	-0.0104067972031104	0.0135290652563571	-0.00387633124377977	0.0029191483947836	-0.000964717498783163
0.0138334253693354	0.0016739285371252	0.00135017059456075	0.00745748193304956	-0.0050354871609962	-0.000714914553034949
0.00924085186492621	-0.0337310471474239	-0.00701495896958613	-0.0052315058000495	-0.00262472103977537	0.0246311046805732
0.0122640341602845	-0.00329521178456438	0.0014439162166321	-0.0102694512357702	-0.0052840291147738	-0.00433977615443783
0.00774308470322813	-0.00700451630255836	-0.0351310410471499	0.0226399057679581	-0.0158873846917092	-0.00981221531699141
0.0118915881485003	-0.0151465730611212	0.013348603837698	-0.0123604200494014	-0.00203752103760088	0.0185223707763526
0.0129768431367035	-0.00771199010574193	0.00900814336325282	-0.00267967044634415	-0.0119359972912051	-0.00201927250090563
0.0141777307845875	-0.00375968943009474	0.013762273369539	0.00641913800230672	0.0036376436173381	0.00459516503347826
0.0126591787457363	-0.00516835016424213	0.0196145039642361	-0.00346109539037872	-0.00042940221551653	0.00662633721792856
0.0127312632305236	-0.000853216598303835	0.0202025057721525	-0.00240120926462875	-0.0016899052305648	0.00278436418125697
0.0126843461548652	-0.00341187633979467	0.019452494268354	-0.00661676266532134	0.000869990722015095	0.00651193682892729
0.0144556041096678	0.000356778159130153	0.0152174343052033	0.0085163697155254	-0.00442628771478487	-0.000886256707304365
0.0126040270814112	-0.00949060136234416	0.00745757028152172	-0.00835233958439822	0.00575244988904465	0.00957492569334697
0.0127410138534345	-0.0037834769159721	0.00418294429902798	-0.013769738331358	0.0120184494336062	0.002915981525515
0.0124912003839368	-0.00238545393311726	0.000232322249160455	-0.0140955502955713	0.013788121526177	-0.0039495910915305
0.012399762146322	-0.00498375651602975	0.00638762407379915	0.00135657786493044	-0.00789416394627122	-0.0149497266484231
0.0142232206374506	-0.000964356868277142	0.00868844066941968	0.000849302850599677	-0.0031831600120482	0.0059327459298712
0.0126432899758302	0.00206992525470901	-0.000420263239603446	-0.0094750622752638	0.00523849790876151	-0.000213551421555628
0.012658347904834	-0.00244419737252217	0.00501323926963021	-0.00660362868703275	-0.000881981509132757	-0.000389365849307383
0.0133784619031137	-0.0044616122438748	0.000113979489989749	0.00640000297495353	0.00690790363142121	0.00667075524238167
0.0118359882962767	-0.00296320574805026	0.00849846061172248	-0.00300443063423534	-0.0205732343527753	-0.00016842626346355
0.0118432596229423	-0.00360124388403633	0.00137458500503264	-0.00124903102210639	-0.00321104094518502	0.00705713744338305
0.0128407332800189	0.00696302765497178	-0.00354744639809859	-0.0011583039239517	0.00529156146374238	-0.00611086873491732
0.0146077660391675	0.00978144658803994	0.0140007794987541	0.00465240083377334	0.00853533870004933	5.68984716659031e-05
0.0086432029542573	0.00298189441565791	-0.00626479301964241	0.00639908427740044	0.0380816469200211	0.0163942507489038
0.0120382812040131	-0.0180114487713095	0.00575972142930156	-0.0104376597807897	-0.00356870565259141	0.00248174390745121
0.0135962586323648	-0.0131729426040081	0.00254604292399403	-0.00639560838406594	0.00708079974339105	-0.00319574095222644
0.0114730064276562	0.00201481152806332	0.0124785585805732	-0.00271826595630822	0.0087538031917786	0.00487292888452942
0.0112052436055119	0.00782984957840528	0.00810283591169134	-0.0115953435476932	0.00307081602006695	0.0060893902970091
0.0123248477399388	-0.00836182809339537	0.00593051575900979	0.00585664257899554	0.00690650473975147	0.022431181055698
0.0125474592575793	-0.00645066121861513	-0.00743573598796806	-0.00296488254316778	0.00190322379582674	0.00832954215763106
0.0104762163722631	0.0127236815778208	-0.0180142383019048	-0.0135777549811207	0.00875560203688182	-0.0179160825687597
0.0129655737845456	-0.00561550578168795	0.00473522722770894	2.00752131466805e-05	-0.000323835236947569	-0.00703261542441844
0.0122158201804209	0.0033924018958256	-0.0114728417648365	-0.010037882705584	-0.00268438376846873	-0.0211501710939848
0.0121194185303315	0.00258338351979841	-0.00820345679898795	-0.00566663441369525	0.0151588253851209	-0.00776576660628442
0.0137901875257754	0.0242412147139321	0.0075952164928584	-0.00070619486179624	-0.000207788410245076	0.00334357215940294
0.0122519350032123	0.0178982355605758	-0.00846386423650308	-0.00671360293021253	0.0104895058927651	0.00500993561196403
0.0142203140465022	0.0223294876315107	0.0113156830082579	0.00382908227726548	-0.0100249615369784	0.0129611984920325
0.0143860075928467	-0.00288590832935358	0.00733024415832352	-0.00348818012941837	0.00180568275930745	-0.00381694782084398
0.0135697962175613	0.00775966012124547	-0.00671651940372097	0.0080877016496157	0.00164259115660265	-0.0158015380368902
0.0126465164375236	0.00508368630238564	0.00461430044295402	-0.0130034609080638	0.0103936689694431	0.000234951212625751
0.0112230002522847	-0.0178413058560511	-0.00855737008551774	-0.00928778048078253	-0.00166946776186689	-0.0103957162096966
0.0103121776999168	0.00951053463075922	-0.0048291373331919	0.00215124951525499	0.0126035692724081	0.00743720900390465
0.0116991967216146	-0.00927388770826237	0.000743798666532287	0.00440954402347571	-0.00699187467046754	-0.00449609729859956
0.013633159441697	0.00326584978660315	-5.70018654394541e-05	-0.00317219312241998	-0.00267242563778975	0.00195595597318151
0.0138348532298424	-0.00384570686931084	-0.00247694648285879	0.00224344903886549	0.00701534273011202	-0.0120512746834063
0.0139265251753523	-0.00246029233890141	0.0108691554679131	0.0140152131063921	-0.00191711509258242	0.00298745297429139
0.0131652926213717	0.00430425755914141	0.0161978020743231	0.00104420399696427	-0.00408615979842	0.0150012950492001
0.0117036612523044	-0.00467712025581096	-0.000987861108630476	-0.00554286436734747	0.000888830226248644	-0.0219567492103469
0.01276177041232	0.00679849263820818	0.0159098001607469	-0.0219247677192643	0.0122444228141508	-0.000634455394705688
0.00843368234339987	-0.00851346711622331	-0.0226340406731008	-0.00884397853196887	-0.00139505036409806	-0.00025877946394992
0.00957034251819526	-0.0288896917425682	-0.00064847788855564	0.0163774948088281	0.00654477937560759	0.0338248917581819
0.00792348707477411	0.0380693981946828	-0.00226971724085962	0.0180376604212749	-0.0596694980865685	0.0502062186615461
0.0118692391355445	0.00454883309736827	-0.028314313972798	0.00360253506428214	0.00418742772230948	-0.0157920162333896
0.0128317514394042	-0.0247537006246655	0.00236572062110089	0.00401264730095424	0.0107560848568968	-0.00497970920518256
0.0146794047754444	-0.0094427290732089	0.00565711831181417	-5.72291173455753e-05	0.0117134568574815	0.00506515634530186
0.0115816214071219	-0.00797419270514857	-0.0154442582507467	-0.00606772111650273	0.00869980301950407	-0.01010018708785
0.0110624851821961	-0.00948825330181977	-0.0249595669039596	-0.00964638219134151	0.0150365871920555	-0.0114427698421393
0.0130267326320885	0.00236404278793549	-0.007679035135819	-7.85613987701842e-05	0.00443881471926205	-0.0111066258027544
0.0128921613221209	0.00383969940536893	0.00665816846754504	0.00755391966909683	0.00129236424835324	-0.00518523098564269
0.0145593379348665	0.0021685364052677	-0.00748050892036741	0.00255421024994858	0.0146071125381196	0.0077911172059759
0.0135062186200863	-0.00566494862846839	0.00832853718885814	0.00322547469229987	0.00222818126115975	-0.00654208187712611
0.0115668054693369	-0.0110756669200832	0.00160863503361262	-0.0356796274376966	0.0157710217758425	0.00409645144307656
0.0116931816539852	-0.0111296958826257	0.0152445369360045	-0.0100574809741261	-0.0241825434982902	-0.00175219059770848
0.013327961932052	-0.0205384448638339	-0.00670987053892092	0.00675279170130181	0.0177552375487326	-0.00164303903386226
0.0128355506511012	-0.00128813445582101	-0.00419249495209308	-0.00346857922614706	0.0123178273590455	0.0185874336768115
0.014043777348772	0.00492457191502562	0.00804715370238483	0.00805546121921427	0.00430104005334987	-0.001915499797761
0.0116510693784387	-0.00324183737686904	0.00279349525143098	-0.00382941671592984	0.00687175800823846	0.0145830958883273
0.0113001141041746	-0.0146384781956115	0.00323428883805701	-0.00842010513109213	0.00176468248481777	0.00212989970937156
0.011649811407426	-0.00648932601297345	0.0209710241134342	-0.00409632748987172	-0.00811792947114848	-0.00854867512215718
0.0132874096182631	-0.00181125136208896	0.00581314134829862	-0.0066628737503996	0.0070671089445398	0.00311570800299099
0.0139366012910846	0.00938229872226699	0.00672562730419559	0.00830955060529678	-0.00274211439407187	-0.00851996375416236
0.0138049243938971	0.00433378956977199	0.00743201645591594	0.00366878273508732	-0.00119528372726778	-0.00277742509286877
0.0134722780761645	0.0112095652067673	-0.0185769871185483	-0.00461181421697167	0.0114890592378277	-0.0165314519189863
0.0128839573126167	0.00784745734756994	0.0102883136621445	0.00967473039644153	-0.0088059099329304	-0.0107440632444255
0.013958040805347	0.0391022575049535	-0.0048074200009914	-0.00459502249763026	-0.0065587389648138	0.0106372923092932
0.0125493272224791	0.00112145902194141	0.0177373005227999	-0.00911781952200588	-0.00914850324013193	-0.00512198860748869
0.0127124345695126	-0.00501061525878316	0.00982325420088456	-0.000373995987561959	0.00332252040704228	0.00698144483410502
0.0127777988820423	-0.0115762685997069	0.00892924804496297	-0.0038080704057292	0.000259567005654784	-0.00251060879029949
0.0128208442474317	0.00214295277162022	-0.00187708007142601	-0.00844864915944982	0.0078332314583049	0.00456441181045922
0.0139740865455707	0.00472286914349906	0.00134778251057167	0.00950541308211191	-0.00125341126617444	0.00279700970818337
0.0107644034664952	0.00186090690079358	0.00534491982491563	-0.0278050797957913	-0.00167834691705001	-0.027797603511131
0.0134463752930521	-0.00383569277067172	0.0084665807835217	-0.0015606423174689	0.000720211150250513	0.00654126377711531
0.0135354777473062	-0.00215525878409962	0.0125907702645063	-0.0023871978032163	0.0115290459352093	0.0113336261578996
0.0102700653297466	0.00329356364241448	0.00431911470237179	0.0127416994916072	-0.00451347893807803	0.0208651053726587
0.0114014730429785	-0.00532202660560332	0.0223448271895069	-0.0055760153216925	-0.00685456045946809	0.0135341490261821
0.0108031612874199	-0.0126339105362366	0.00748131508687371	-0.0162236771908788	-0.00319299242796417	0.0178058579077809
0.0129849917017522	0.0196329055151481	0.00573538267605347	-0.0126535975276388	-0.00233108577748477	0.00436244475726542
0.0120125052487009	-0.013531256137294	0.0160670300817422	-0.00767284294657654	0.016040031497142	-0.035616661363509
0.0113097334631922	0.00369420488259053	-0.00230285400099928	0.00389392391036158	0.00152248021166783	0.0116124713654656
0.0118457686884321	-0.00237219025116599	2.79213844445458e-05	-0.00283178549839954	-0.00694021876832164	0.0197403535696887
0.0095672660539942	-0.010659757390441	0.0037520270281705	-0.0138149777991336	-0.0177550965854954	0.00654861204766611
0.0115338872823936	0.0063448007993838	0.0196150224667831	-0.00373255597026687	0.00995171991509993	-0.00354059979629027
0.0132847376758234	-0.00329596936747508	0.0113653163412858	-0.00320158117853209	-0.0036654209669914	-0.00105179411672645
0.0138574387660339	-0.00572045143171647	0.010829580051874	-0.00242290795732814	0.0119444417490474	0.00232934288255822
0.0152491928784784	0.00633829483041965	0.00358040968058871	0.0119486820381104	0.00903423356877055	-0.000119125280339917
0.0141890576138185	-0.00327001223069699	0.00317534976656432	0.00405550556455372	0.00757044437478297	8.95879722783842e-06
0.0134124384627182	0.00122227554587778	0.0105274120924377	-0.00153973356926319	-0.00624001817867985	-0.000594100180294627
0.0111994530839741	0.0399848231116504	-0.0125013958934319	-0.0226803361585117	-0.0105971056644238	0.0132068110043597
0.00972531509908147	-0.0191809294032503	-0.00986881368560906	0.000445633522705359	-0.00138867410500369	0.0271733177065083
0.0115347250473919	0.0168561971848021	-0.0162587436679239	-0.00983047843371542	0.0137780028247951	-0.00559973091488871
0.0117569347817804	-0.00459817395629216	0.000708225106645886	-0.00338586550747856	-0.0177754143194175	-0.00355837655754543
0.00963760776669727	-0.00358507447336967	-0.0196588210162966	-0.00969212983359616	-0.0400951766919613	0.00857328744019711
0.0106283889042357	0.0105099654918347	-0.0219519854760171	0.00145165107268887	0.00280283019070856	-0.0055949720155915
0.0128218110787254	0.0238762707415268	0.00309229174497062	-0.00198206483981389	-0.0137480084582259	-0.00409316100062883
0.0106279192672693	-0.0207731224100711	-0.0167268352010372	0.0195218294973389	-0.00322325140019389	0.00855679854137751
0.0127022297711764	-0.0122191133892254	-0.00661965603501942	0.00307547544108727	0.00602831493837936	0.0108008312331685
0.00952587188898497	0.00400622854990014	-0.0142493801378332	0.00167187772107766	0.0185035371355935	0.00579278627291009
0.0107444341427648	0.0096437553681396	-0.00103979374736343	-0.016260321128494	0.00964384949284698	-0.00232604753900827
0.0107220322257289	-0.0106588639558964	0.00338683151905025	0.00598400011088684	-0.000317488992850447	0.0048702285105623
0.0134311235744947	-0.0150795402612984	0.013371291815239	0.0053462197188934	-0.00624590881400607	-0.00317867360750336
0.0114864102877848	0.0135649659037344	0.0108482938155687	0.00114907425073019	-0.0153918243573851	0.0288713256884929
0.00741207107338701	0.0768562407388279	-0.0183215491148526	-0.0236584542211931	-0.053873833038221	0.0355605588743246
0.0116891070545096	-0.0123743655700217	-0.00563639142832422	-0.00756582982206075	0.00260308113408418	0.00179626953961524
0.0115903372521609	-0.0116448952221198	-0.00512837434564715	-0.00519290604595649	0.00628241300863549	0.00877450067475751
0.0113485672513055	-0.0070894269984762	-0.00994455346446215	-0.0017433656007219	-0.00812583078581875	0.000399232965413393
0.0109129875063293	-0.00469053243077737	-0.0238616763599534	-0.00928203130584378	-0.00508043096634026	-0.000516395385834696
0.0113983176712324	-0.014027976690033	-0.0112553586291234	-0.00793413998174623	-0.0013006641308952	0.00412287673842461
0.0106261888371665	-0.0170907552034239	0.00317448597200313	-0.0147119963105086	0.0078253431551303	-0.00797416887436018
0.0114523213588525	-0.0119779189871733	0.0164390414692348	-0.0233397153867641	0.0119952294651811	0.00932481100925715
0.0107823623375216	0.00474690534348173	-0.00490126445914124	-0.0181900453952846	0.0116569540337364	-0.0209617128595243
0.0121144809206319	0.00738405537519619	-0.00307429512387237	-0.00622920379364851	0.014581986930071	0.00481874980267518
0.0140450794920374	-0.00163493160571061	0.00544106117094196	0.00825961837147145	0.00632674571234851	0.00811380505760727
0.0142556938305411	-0.00126359741430785	0.0168729180122587	0.0113128451591972	0.000514718411933681	0.00943115167333251
0.0140683398444012	0.0121175958716595	-0.00132804689235268	0.0128378332265565	0.00137452554127292	-0.00629280687539979
0.0147627981613103	0.00175469370618728	0.00466055185526186	0.0186704818558146	0.00265824754790996	-0.0101214014355451
0.0134573721947516	0.0039142117929366	-0.0063948336631327	0.010125245564855	-0.0101698671911924	0.00461476005917539
0.0116149055598171	0.00606484488959816	0.0121136954166985	-0.0101694371915369	0.00105770540748735	0.0155316192364557
0.0115638573338842	-0.00721652776849331	0.00252420672572579	-0.0221870773067672	-0.0154346602766932	0.0129797800148319
0.0125815941344428	0.00922187915257413	-0.00284797658694858	-0.0081053730412714	-0.00158924094069429	-0.0038986981817156
0.0124236343138757	0.0166299471462218	0.00569691352018038	-0.00820749371775162	-0.00160994526188562	0.00215110428269411
0.0117262115651077	-0.00139613422011895	0.00202117064670489	-0.0155326491536088	0.00154283701249748	-0.0096496435926987
0.0103323310807562	-0.0142033265380877	-0.0040852648778007	-0.029514205599417	-0.00312615026055075	0.0203417242068295
0.0135386031377845	0.0113773448166875	0.00400100552040389	-0.00852996460791233	-0.00115766744135978	0.00178712724018822
0.0138218356563498	0.0114522812568628	0.0016274001613115	-0.00376940923608914	-0.000395418366712827	0.00268576603289142
0.0103399141692953	0.00262419453142333	-0.0154750507024499	0.0102525772418699	0.00894825899512127	0.0259838671980051
0.0124817174537602	0.0130997013026636	0.00365441180906641	0.00313615027396687	0.00754612127427942	0.00752580370274254
0.0120834137509126	-0.00208502115675653	-0.0138979762349284	-0.00421579732208772	0.00605605160569636	-0.015447982250103
0.0147498791498974	0.00199134869789673	-0.000703517814677321	0.00941398877569458	0.00926372210769206	-0.00274771884068221
0.0160886954948262	0.00144031187338674	0.00728902826207293	0.0234923704073305	0.00552567206175641	-0.00638836777358205
0.0145150233131404	0.00765650085803041	-0.000463290520446313	0.00765053694920153	0.00816502063325213	-0.00115492345272795
0.0125069201347995	-0.00421031687239851	0.00782928357013237	-0.0033529962261629	-0.0115450393943411	0.00777857389958064
0.00770913104814224	0.00845541120689389	-0.0233219533558845	0.0162789153219778	-0.0203075369179209	0.00976808137053641
0.0130950456347836	-0.000780803589611405	-0.00725091790451282	-0.00410267422639401	0.0221063223653854	0.00542126829769376
0.0108210383371266	-0.0122078808511942	-0.00800879561685529	-0.00602768635085623	-0.00710159627304279	0.0208370974425489
0.0130702067033061	-0.00562287645855139	0.00792683919472782	-0.0054315994252782	0.0132695838974649	-0.0108440140781365
0.01205436966644	-0.000640603338767345	-0.0147067052440959	-0.016950401349913	0.00870013702224859	-0.000492618788502479
0.0116766915513212	-0.0100898790095192	0.0216879995265935	-0.0251257852285031	-0.000424713590715772	0.00581983420504804
0.0126923846936364	0.000718766055456524	-0.00602163991919746	0.00551033686223241	0.00797115122377929	0.00294540760794934
0.0126196173037258	-0.00291770559544778	0.00226641718517225	-0.00781773222841362	0.00357873580230666	-0.00441851663547423
0.0138797133505516	-0.00279036195521855	0.0107741656339556	0.00297929610898439	0.0159239668524682	0.0014043542417791
0.0128623050427701	0.00703761179290864	0.00323904885063973	-0.00461511403579283	0.00279763207931916	-0.00154192106718606
0.0136701540761042	0.000475877559855412	0.008142980507262	0.00712608374736897	0.00134083724877719	0.00553799772224778
0.0126829256238082	0.0406384425288732	0.00437802399393187	-0.00138701461004642	-0.0152801167861773	-0.00356550265020604
0.0125137058281976	0.0408811710992287	0.00371544374760099	-0.00230526693946743	-0.0142863027953366	-0.0058868160531307
0.0126708401855419	-0.016441652361065	0.0150017507068727	0.00463393202979766	-0.00200647218303501	-0.00770321613471666
0.0112301195175362	-0.00686226611026685	-0.0148099901851086	0.00606399643401602	0.00655214317555341	-0.0267668334823509
0.0118594093673363	-0.00871366934830439	0.0248304735469742	-0.0101400181986145	-0.00912909556021389	-0.0108431216336814
0.0123751839657317	-0.000276107519780304	0.0135344741040127	0.00139377899864444	0.000105853913572032	0.000858999825429793
0.0140104627111922	0.0164787774204647	-0.0138556305920005	0.0136412860177868	0.00279796952616783	0.00504948592117313
0.015324425659543	0.00311506182683692	-0.000242753657659141	0.0101505460271307	0.00718446914698161	-0.00348745686219137
0.0130524899012349	0.00696499490184336	0.00483315761689805	0.00720704028079376	0.0107368335084269	-0.000394914226193348
0.0146207078041144	-0.0154548398803156	0.0150953217727347	0.0124578486666225	0.00696199372889516	-0.00236010194519
0.0127858503424203	0.00158648214838847	0.00662288056074982	0.0103736522875497	-0.013261961156352	-0.00648911345836912
0.0121465770066356	-0.0115022376775368	0.0036117763154046	-0.00958976562783911	-0.00410769006527589	0.0100435058582734
0.0127707741430851	0.0133951955560935	0.00222158840557196	-0.0052972052922156	0.00822231447758887	0.00386395168900207
0.0124090096827391	0.0143565780409601	-0.0039881694396393	-0.0039743871559461	0.000357351824505907	0.0012444654513288
0.0154277835068162	0.00414115565721963	0.0125127076844992	0.0231029232116025	0.0145061119168765	0.0056732758061987
0.0144167802966707	-0.0205248067540761	0.00325781287667059	0.0212096022056457	0.0197303252979383	0.00339044620341743
0.013123621040959	-0.0131507153190291	0.0041423016179623	0.00523406647717447	-0.00457216024649793	-0.00804507948457381
0.0109623261894829	0.0208796657617489	-0.0232908272214963	0.00667844778612912	0.0122609845956854	-0.0164084898804755
0.0123645891649628	0.0326206344342601	-0.0388729948283469	0.00171299459647776	0.00802764705616805	-0.010621365341344
0.00911250354118945	0.00407963259674906	-0.0267716686878244	-0.0140261408699498	0.00615463533880426	9.36003963181577e-06
0.0107978893819506	-0.00127017774553454	-0.0197971456210656	-0.00363458163127919	0.0210696944643114	0.0118444183003789
0.0130372707709642	0.0165772365208248	-0.00782128222073585	-0.00120324615708823	0.0165898204338946	-0.00410670690927385
0.0122615314149218	0.00150112869606783	-0.0163054344710489	-0.00859746899527891	0.00347653210927528	0.0158167811070361
0.0129703472160567	0.00795498661916459	0.00242891106553015	-0.00248660044438781	-0.000526591209227467	-0.011160077821971
0.0130723427408026	-0.00210570948084426	0.00723056055295099	0.00164397152044713	0.0102339688039745	-0.00408886227945183
0.0137376466682359	0.0304106779908815	-0.00146124886057884	-0.00805124384934902	0.000932169564305176	0.00536645947884003
0.0138619658477668	-0.00596353215212495	0.0105212338617096	0.0207280120222554	-0.00894576844190289	-0.000327266956629204
0.0131802804959129	0.0217804223576099	0.00521928769698381	-0.00731911743710783	0.00697833016357169	-0.00857539375364202
0.0130925440879194	-0.00715932772394981	0.00728494477145217	-0.00375893742695028	-0.00864578671016289	-0.00168820947475461
0.0139516931401098	-0.00630522666448213	0.0110555359815903	-0.00233252138776775	0.011931386459409	-0.00715668341619715
0.0126341505063578	-0.0106520669445399	-0.00255146874878309	-0.00392293085874323	-0.00870349975208618	-0.00863166613315808
0.0109189250761409	-0.00356127088997484	-0.0103114080289278	0.00650891317619444	-0.00500407604176105	0.0196266645749311
0.0108926518453164	-0.00558687421485782	-0.00514793980662286	0.00968507983970403	-0.00631861958160235	0.015744250913491
0.00826078931560809	-0.00876670405195204	-0.0320433957715235	-0.0125722364439012	0.00349675257357658	0.00910784975710485
0.0126093039928695	0.00519501980138636	-0.00875621594892093	0.0160779583809679	0.0080329119187261	-0.0119709408768338
0.0106073488290898	-0.000736654568410888	-0.0172409034153989	0.0066139466692654	0.0109991979115406	0.0011179640552372
0.0136914207242916	0.0236451519806239	-0.008930778642488	-0.00152687771491816	0.0032556470097085	0.00461543926818945
0.00990701702074149	-0.00310997873639552	-0.0265631888004641	-0.00267369850469815	-0.0140490309919113	-0.0164422464667259
0.010962983613431	-0.00779098548670706	-0.0115579179012849	-0.00200874142061523	0.0110852468360289	-0.0212074168018261
0.0117113181524625	-0.000904830039264495	-0.0138175579167506	-0.00717996458093095	0.00956278567229125	-0.0122545823597669
0.0114742726877095	-0.00296597393286724	0.0150284734255656	-0.00418141932988454	-0.0170814496601175	0.0170513320192525
0.0124645585790135	-0.0169932562701285	0.0134695133529206	0.00935817817765572	-0.0122408422513892	0.0201916612834878
0.00812605218400523	0.00761119006058547	-0.0135260303179024	-0.00337946674811523	-0.0163333474165887	0.0443049500477572
0.0104174863253934	0.00532706900758412	-0.0132694336148767	0.0211694046390553	0.0111647041876973	0.00552365649767594
0.00739411573347682	-0.00249201367977094	0.0146248560498831	0.00953051067428902	-0.0241780003855307	0.0272501428638284
0.0118000349370381	0.00459054886326922	-0.011455988664944	-0.0126090909166941	0.0142489288857131	6.74588672099582e-05
0.0114382872285676	-0.00328717012149158	-0.00936704852679994	0.0266065468958469	0.0163542866744717	0.0107808320840046
0.0134893737960296	0.00318898268960018	-0.0129079144702675	0.00184905460719462	0.00362401813509987	0.0211508569827937
0.00833200647059767	0.0371183834731399	-0.0266489737693421	-0.00504300277031701	-0.011922176230143	0.0135034285145827
0.00743594194229323	0.00280403322418833	0.000402324086274814	-0.0127755650644627	-0.0194217829827986	0.027440660619597
0.0106202607218364	-0.0106555196159775	0.00409406375398199	-0.000669698401517538	0.00478007087082179	-0.0112998994022401
0.0112527811155161	-0.00817540112179467	-0.0119367486293929	0.00998047172477465	-0.0237310101692786	0.00593638363021251
0.013049911757777	0.0168354883038035	-0.00601851470852432	-9.61095911997025e-06	0.0167974890146926	0.00256102655895243
0.014550693537471	0.0230844758936735	-0.0162035683272464	0.00824042323295263	0.00953023193568883	-8.1464064573442e-05
0.01296673260721	0.00297972954451156	0.00754282259570983	0.00415415372093963	-0.00736613218355871	-0.00196043118272614
0.0103729244724896	-0.00330828128936283	-0.00436511995181942	-0.000295937525824766	0.0201366474599102	-0.00343302157378446
0.0139047018422251	0.00298787236520386	0.017545448768245	0.00335567428378815	0.00988451432632531	0.000185207694785053
0.0124528168536168	-0.0048847605280794	-2.59343593111872e-05	-0.00707274446047876	0.00160918090042273	0.00139936716823006
0.0127188354849821	0.00194957459724654	0.00498037288099251	-0.00282396900178144	0.010383595077271	0.0157900755813892
0.00902068759238797	-0.00511375706636405	0.0234801685202696	-0.0264835706169947	0.00129189583805378	-0.010669797949413
0.0128040885479086	0.00103903451821746	0.00626288688808469	-0.00554721788289887	0.0038549652439782	0.0105092796223959
0.0125135907423988	-0.00502867557385426	0.00448336737726894	-0.00704280095667102	-0.00232028946464678	0.0089341922048417
0.0125407236987739	-0.00456348552103436	0.00521617273230951	-0.00689918069770238	-0.00110470527348069	0.00871285828645065
0.0127671499692366	-0.0019572110780766	0.00330879564066254	-0.0100477562911636	0.00482135513556735	-0.0106883410805222
0.0154528452041422	0.00471706395845631	0.00851452642499875	0.0138126231853972	0.00723569355542875	-0.0011313894005469
0.015823710827532	-0.000626574153536124	0.0105629222924902	0.0195272896535627	0.000897985858906154	-0.00502554724955623
0.0134473703251757	-0.00251140670306155	0.00550096908880987	-0.000478049577322539	0.00803433095541546	-0.00219166178457149
0.00725542086438201	-0.0180926901234494	-0.0349845200535642	-0.00817097486443484	-0.0730158316638157	-0.0514562471760305
0.00821342040998009	-0.0199725948900996	-0.0198262494527286	0.0030692851009019	-0.0103112672509691	0.00440377606532729
0.0135522195587178	-0.00303962005989656	0.00725513434821682	0.00524150879984547	-0.00716483754414618	0.00520851762435075
0.0128174996877839	-0.00336038079440956	0.00624032284969435	-0.00561227068513811	-0.0104004360516859	-0.00439256054874529
0.0117521160301259	-0.0203956561830495	0.0065023503632271	-0.00663796884145882	-0.0264061520601286	-0.011991048947576
0.0145246802817193	0.00411293166891759	0.0131102011815419	0.0103464052750052	-0.0015340850693641	-0.00236851911299144
0.0122785859409317	0.011142372458317	8.58507134706551e-05	-0.0106026531585353	0.00630176627853404	-0.00581298528056594
0.012471126221155	-0.00204397456266859	7.84692032794569e-05	-0.00171685440295008	-0.010168556427017	0.0062503572704258
0.0138474861086592	0.00142381930228006	-0.000484214225312477	0.00792543843629658	-0.00419424568109948	-0.0147869398514296
0.015049199350482	0.0019247669869975	0.00416432880149712	0.0104646499932458	0.00806970050341216	-0.00437599846927907
0.0130337574592638	0.00770268881456003	-0.0161202578066007	0.00119112738994663	0.00487844209710026	0.000403681624015505
0.0130138494804418	0.0172612632652195	0.0154272969343245	-0.00461281797309442	0.00508976642572838	0.000715587350429937
0.01443369134683	-0.0022468436005393	0.00986653128109265	0.0156201159100051	9.25315590009088e-05	-0.0016751082328339
0.0135418982416531	-0.0125693721165671	0.00409772700894823	-0.00173112721332696	0.00529884591781148	-0.000726290529348678
0.0136796622051438	0.00530938881028961	0.011511317400331	0.0138007384767122	-0.0076953904645019	0.000940710418104924
0.0153610816243346	0.00652113704145136	-0.0065700400825367	0.0154604928294258	0.00439831769250977	-0.00142640551538254
0.00797925014198888	-0.00411733747731729	-0.00216688206756686	0.032800508133956	-0.0247221874861419	-0.00858811475007666
0.0105317854382015	-0.0135672495924053	-0.00852822578849934	-0.0139104601256329	-0.00519900908257955	-0.0100449307095285
0.00903965668161523	-0.0163224867650558	-0.0107548968798917	-0.0132903906953567	-0.000415251638696882	-0.0119963301307729
0.00942930118591263	-0.0128540004711046	-0.0284994651636195	0.0202068473226626	-0.0293896488764178	-0.00767925577940485
0.0118570340444054	0.00420463357781058	0.00112071648902358	-0.00596859906433718	-0.00194325057882936	-0.000434430633600022
0.0125485439790147	0.00117549860421573	-0.019830245594717	-0.0024131917265598	0.0085774671324615	-0.00791689844878072
0.0143076875516123	-0.00551062028086597	0.00959108680281122	0.0065146554150664	0.00340816250591139	-0.00265484333759705
0.0143467201054274	-0.00511769105326558	0.0102329224131787	0.00625029639680973	0.00396541496295111	-0.00342012485464982
0.0144588290441924	0.00229815943000509	0.00724174135625258	0.0029429089914289	0.00456646403776177	-0.00423152981837839
0.0136098338401844	-0.00737293943140472	0.00516355169387886	0.00511424780965525	-0.0104114162557348	0.0018761696249741
0.0148426859560802	-0.000852884395563199	0.00917673730833535	0.00970046791133684	0.0135775945169679	-0.000383026655701005
0.0126302381550631	0.00973024159283854	0.00214901275620235	-0.00138355138783769	-0.00225344102329766	-0.00433812593352462
0.0127188767547332	-0.0034683789330132	0.00812356795854099	-0.00779300918090421	-0.00265478392554297	-0.000411924382577246
0.0131490521365121	0.00545640611987891	-0.00346819576354857	-0.00733809080800874	0.00636689455752694	0.000863182374893517
0.0123534851040723	0.010393375927105	-0.0288894945777378	0.00581649940497221	0.0136900520930936	-0.00511637376122295
0.0145886277899518	-0.000302722113351182	0.00722974676936618	0.00328796467599974	-0.00305491634750973	-0.00580897759506232
0.0130038767377374	-0.00791145375306384	0.00629469614531653	-0.001388905687329	-0.000440764055896661	-0.00688624153196107
0.0117267478103693	0.0054649196174053	0.014194255709151	-0.00310526089866611	0.0105817419088155	0.00122353263967498
0.00969579518925811	-0.000882277936163689	-0.00975387672505785	-0.00555453104091499	-0.00882840408059833	0.0262700763938767
0.0125497609641773	0.000263866619042885	0.00154152385014744	-0.00572582950201772	0.00127898577278118	0.00586183079738059
0.0142798677265135	0.0315057178869243	-0.012934890277418	0.0147565922993506	-0.00493831727718503	-0.00185582783665461
0.0138367735913495	0.0307491685246712	-0.0114236048713083	0.0177014052692605	-0.00193695077684292	-0.00129281581818266
0.0140298561186341	0.031179292651923	-0.0100026717367866	0.0150685035953353	-0.00236346654447506	0.00156225711033314
0.0118477385943659	0.00296014045270088	0.00541074702343426	-0.0111483608261388	-0.00957878898393234	0.00432568061565339
0.0102227781083629	-0.011812111471915	-0.0165391561830263	0.00896711958332111	-0.00628622293049023	-0.00599428965845772
0.0131145308664017	-0.00385301707033714	-0.00694312967347376	0.000333470335033089	0.0103850855929305	0.00514379261164208
0.00779914224390391	-0.0244473644343337	-0.023789831250751	-0.00546834471696644	-0.0434035092666849	0.0207762187007848
0.0128889841258228	0.00826910672496551	0.00646234140101732	0.0030093721292635	-0.00661021868500585	0.010417926949587
0.0113690639967431	0.0116731321548818	-0.00996887435634001	0.00635581727794275	0.0147465143718101	0.0192321897228322
0.0139000886845448	0.00564307738688895	0.016002740545758	0.0297957143601205	0.0113185806414995	0.0144123986438613
0.013584802710001	-0.0098924651708337	0.00529753016454833	0.0115865989241757	0.00730741149140683	-0.0041368695354197
0.0129778188700875	0.0119295158583289	-0.0145273413891958	0.00131327164353257	-0.0104626488402563	0.000461565536758255
0.0124177436931865	-0.00748551342927764	0.0119187107678005	-0.00178434526332988	-0.00592564891371439	-0.00507175922848915
0.0130715090349558	-0.00672359524544615	0.0118568366411519	0.0005821669051015	-0.0151787498232287	-0.00505072785789918
0.0107926100755134	0.00557677268420648	0.00900129077847782	-0.00321661018242975	-0.036668078293694	0.020412242652949
0.0091846431787245	-0.00369906197345767	0.00824327192886545	-0.00559275413578007	-0.0421810486192645	0.0117076250913206
0.0138101058091567	-0.00212018604419809	0.00981347576975859	-0.00178989729369245	-0.00535613730504364	-0.00197942992630727
0.0125535604386343	-0.00286897507159348	0.00645447016438485	-0.00465417466301516	0.0134084716889584	-0.00122314407940587
0.00908444676168576	-0.00923917853125009	-0.00185211219944643	-0.0204867679410665	0.00162703805451533	-0.00293083013418784
0.0127611971354777	-0.00674022089176961	0.00896747329975382	0.000978108670179252	0.00549564354016972	-0.00238217123764819
0.0119701822179798	-0.00460455465068891	0.00766261935346749	-0.00321802071565381	0.00177470806176446	-0.00689521082932855
0.0146885925891985	0.00532885727031334	0.0038637783561297	0.0100841692539595	0.00310139417376032	-0.000465129344129482
0.0146386226971459	0.0141261468820444	-0.00299064533075995	0.00512305862676481	0.00650856225970731	-0.0100275652276386
0.0116159926561012	2.37859952604428e-05	0.00569618020480143	0.00896500912196765	-0.0144371670546152	-0.00747639624071354
0.0104429548668702	-0.00965159888768193	0.0144639239107576	-0.0218253739224009	0.0028675659410374	-0.016465546212424
0.00877632451261666	-0.00445616010400089	-0.00762833267814871	-0.0233539359501208	-0.0154674271775075	0.0190418858577193
0.0124146078910638	-0.0137794043172391	-0.00323314954408973	-0.00121040227390624	-0.0103669791437188	-0.0212176417923346
0.0132669142839852	-0.00745910180945823	0.0063688331262226	-0.000646404812455743	0.000887383997734641	-0.00259300357129661
0.0116253495421537	0.00781524981268055	-0.000547565789853518	-0.0143744530163325	0.000858785977515774	0.0015943483383476
0.0115673146326431	0.0161907893837884	-0.00386608814514176	-0.0199048264226482	-0.0112977966690416	-0.0134735567928602
0.0115809416489399	0.0153499200329763	-0.00315579453653938	-0.0192897619898769	-0.0134282509732791	-0.0161636727039699
0.011763275590472	-0.00343273398562272	-0.000228950890853293	-0.0142231644041165	-0.000532680592845944	-0.015741223642036
0.0120782613996625	-0.00318970468757356	0.00794664028285677	-0.00997034447955004	0.00292929100727632	0.00948754789729051
0.012099517182865	-0.00936958628511657	-0.00601244424836349	-0.00565190867509473	0.0156828461144339	0.00998705300860618
0.0132619358232532	0.00177082761981448	0.00142002030739645	-0.00369385176314966	0.000722169370218741	-0.00452488656482271
0.0127059741549908	-0.00369689736210286	-0.00316142740084885	-0.00116546856843113	0.00821395656795871	-0.00903495214462404
0.0120001652789824	0.025578623089961	-0.000707659121811758	-0.0143888645661169	-0.00599336396423638	-0.0161019104719075
0.0131877108733572	0.0119311066504517	0.00493102311795732	-0.0119469974639752	-0.00721815155130333	0.000177821816975788
0.0131883316885373	-0.000381779424355732	0.00630930151735026	-0.000841863594206019	-0.00647963793352517	-0.0144832737227666
0.0126652122048471	0.0192062611010809	0.00257286718553731	0.00515519233304788	0.000989680083525677	-0.00612431334946687
0.0118479549428025	-0.00697029951391658	0.00203309414746009	0.00662029679385086	-0.00588047096486058	-0.0186568878721621
0.0155951810028629	0.00225671391567889	0.00856927463614193	0.0189496684407651	0.00493324454984289	-0.00472331334832053
0.0122494161565313	-0.00828266803450911	0.00750966926677978	-0.0162946397345573	0.00938775789886763	0.0215282269710247
0.0117872423691905	0.021524444409122	0.0154075422491156	-0.00676973242133816	-0.0066372023639082	-0.00454919776339858
0.0142525927814221	0.0155690675029102	0.00679883868886743	0.00214813317053837	0.00408749483205487	-0.00126244680004308
0.0117536138142872	-0.00421663728301338	0.011426199358543	-0.000593458717417434	-0.0109625118498764	-0.00435430174820951
0.0122111732989516	-0.00884976745647865	0.000439094913494747	-0.00676252255669081	0.00254100080488782	7.23090622737929e-05
0.0135397463434573	-0.00317080520597032	0.0223823235542917	0.0144508376435265	-0.0120533005858905	0.000649817064834834
0.0134999596113761	0.00480570213695164	0.00221766283927512	0.00729375887213976	0.00665163741317827	0.00515634101648687
0.00797913851384562	-0.0150303060239055	-0.0193301169513551	-0.00630681780935784	-0.0291234554809849	0.0360707914633307
0.0108883286046709	0.0183168427136457	-2.09240502871636e-05	-0.00365443665360303	-0.00634708510585686	0.00286704034605526
0.0119631476711119	0.00796350885011357	-0.0101259207056391	-0.0135102810118127	0.0112083298611426	-0.00800167380265944
0.0115943246208854	0.00514931263613802	-0.00584136629897909	-0.00890957394603208	0.00148619178842966	0.00067370636819255
0.00989017182157586	0.0205811305876966	-0.00936750809040206	-0.0193549843006882	-0.00111991604793322	0.0190108727648537
0.0118978830287789	-0.008203356976459	0.0117612861701881	-0.015923789737376	0.00836237002142648	0.0040033801181054
0.0111558378627766	-0.00441894840284473	0.00180359712499898	-0.0049230175947304	-0.000456224204413477	0.0076784928404837
0.0115434647413465	-0.00406716220775228	-0.000329517120241698	-0.00913308700013288	-0.00313426338263865	-0.00175175634947791
0.0111477581067361	0.018169272870245	9.33418404641152e-06	-0.0138072585386457	-0.00868293200602189	0.0192682048298277
0.011273309214475	0.0160132661146888	0.000312082653124044	-0.0178070710797653	-0.00807197646935368	0.0187754918047135
0.0114869155757093	-0.007854737413896	0.00156429611007512	-0.0298259766810378	0.0107918394403975	0.00514449955066218
0.0131119542762592	-0.00563779956739604	0.01331460642159	0.0160059962334035	-0.00757331263742217	-0.00575536623503754
0.0127344984824409	-0.00161547169515232	0.00501636070080696	0.00263269816742528	-3.01086016344823e-05	0.0045237864975625
0.0131543898221392	-0.00204006124640107	0.00965031980791149	0.00165937171028716	0.011840039590841	-0.00736891317179199
0.0139469925605394	0.00867393152427015	9.24970557704347e-05	-0.00086527822268505	-0.0109864351297764	-0.00224559124449142
0.0121153363077636	0.0020610493073528	0.0149314893753071	-0.00863326773461405	-0.00266783736175692	0.00287284474825621
0.0112270932042444	-0.0129094377713571	0.00563345950319649	-0.019650537445449	-0.003295634818722	0.00395802956086627
0.0127249382657114	0.00533981984451085	-0.0100774800101834	-0.00174454307693398	-0.00500278519501596	0.001453234529195
0.0112234317597102	-0.00392561746571416	-0.0173668405208016	-0.021194658575312	-0.00351942963659272	0.00775103406045786
0.0147685020564247	0.00858161508909809	-0.00455312678665165	0.00923764582378471	0.0160162418393175	-0.00143301150901801
0.0141050273792347	0.00186825170342331	0.0100943048571117	0.00186468030789958	0.00294666649378716	0.00795562362668651
0.0113211259766278	-0.0126433983054894	-0.00136752192962462	-0.0171020255195546	0.00124290614210611	0.0161729604119502
0.0139310345141527	-0.000843817331658787	0.00673465530813958	0.00151721319408376	0.00886047941949939	0.000278175979437725
0.0127136392164055	-0.00575324638713369	0.00292114631461925	-0.0100862615438711	-0.010592427049047	-0.00282200846333067
0.0104211817560153	0.0257407659097837	-0.0168838566982785	-0.0302322392588888	0.00103097350570806	0.0181952137849433
0.00791108488333789	-0.00389494489577794	-0.00367646983232305	-0.0181102137934656	0.025487598884422	-0.0164083530577506
0.0142905222478191	0.00396526205275648	0.00442501593994315	-0.00494111351397459	0.00479273113183833	-0.00741098583859784
0.0151311339412255	0.000408759583201364	0.0105338163455651	0.0131399741801219	0.00525303728721367	0.00257788421867557
0.0129218049894528	0.0169216420696858	-0.00247224014511005	-0.00814052860121489	-0.00534816897465128	-0.00632624064484909
0.0120549267338583	0.000908142190293936	-0.00383542535170319	-0.00752393945852682	-0.00622392682989199	-0.00846031465571588
0.00959131739830946	-0.0150804557764522	0.00311707895479228	-0.0161317037142868	0.0128919227177946	0.000890637250613637
0.00847426565925389	-0.00405799679553963	-0.0139086846304029	-0.00428168121641755	-0.0443498297901203	-0.0295834556409124
0.0143234962124775	-0.0186608621697788	0.00519853206963009	0.0262614871012325	-0.00194289990796083	0.00108712937539445
0.0141121542370956	-0.0183270526625889	0.0102396801292709	0.0231385939353332	-0.00282037088879363	0.0070920015396831
0.0119186588049135	0.0139530770059973	-0.0141449071479567	-0.00201468203947564	-0.000897647716771927	-0.0176197650604628
0.01369042200541	-0.00594171934677554	0.0159546437265881	0.0158839420128976	-0.00252546564896075	0.00252616965401397
0.015083572251892	0.00881883880292106	0.00415615032196136	0.00453551015476793	0.00594367195791627	-0.000191705019641267
0.0136521769977928	0.00795355233909489	0.0079967619877957	0.00433018684285942	0.00318087940547632	-0.00133325081031631
0.0128663171552882	-0.00598737528237105	0.00261491754293249	0.00264646254123758	0.0143621526163856	0.00142774233647923
0.00836914489147328	-0.0187658054415655	-0.0104632078138941	-0.0139753457763063	0.00286170712271912	0.00788342483686959
0.0117070233575565	-0.00700406231835653	-0.00375226762187958	0.010876194242078	-0.00692872134327174	0.0103651619907383
0.0119081255249472	-0.0335544417219458	0.0206264577758893	0.0145422973678091	-0.010071480003527	0.00395954878832564
0.0109284435759982	0.0063446206501955	-0.0115398950881302	-0.000628525641943389	0.00487202161205361	0.00529911692046314
0.0116131121015229	-0.00691261134659447	-0.00510813436440872	-0.0116894897119764	-0.0120986576984325	0.005224483575825
0.012753838713445	0.00318508658623678	0.0103577445736207	-0.0136321035618395	-0.00407560768648306	0.000488594605108039
0.0132628509049675	0.00133833584000093	0.0136337259103918	-0.0035141189464656	0.0153243974504864	0.000549475984314416
0.0126478391823222	-0.0107677855122202	0.0118134862351823	0.000348035462641123	0.00204937080878735	-0.00359466820465179
0.0110935456988296	-0.00178842474229925	-0.00740904692981065	-0.0178782831701178	0.0189542376921952	-0.0213611822928754
0.0126678783384939	0.0131476791563246	-0.00220621514237636	-0.00375581863790457	0.000913354190338176	0.00349871014423693
0.0119727130646073	0.00883203146102765	0.00714339766487871	-0.0152906821965133	-0.0160528067148467	-0.000583551075735382
0.0132984788959424	0.00628811646081683	0.00837106849233492	0.010691296860829	-0.00718047275881991	-0.0030939271544163
0.0123737854494282	0.00290838616998721	0.0121480676920552	0.00367129201613155	-0.0103473976370004	0.00297114772316587
0.0138173992277462	-0.00228383461106992	0.00339888968545207	0.00996712169341815	0.00269245756259306	0.00197120020602837
0.0103730033141794	4.88738485061111e-05	-0.0311860100503923	-0.00698841108090784	0.0108102679005573	0.00484174802783377
0.0119476082231638	0.0086356820458041	-0.0129258086224747	-0.00176369558620219	-4.21504572385403e-05	0.00192298930609461
0.0117344673620719	-0.0110631690332755	0.00464407076262742	0.00405313182778155	-0.00087398651820143	0.00158423747495632
0.0102857025069838	-0.0055330833068628	-0.00316094849223356	0.00636407314321842	-0.00511507871944227	0.0266811880864178
0.0136364709226712	0.0084722562719368	0.0159008364913455	0.00312655213974076	-0.00047755569261273	-0.0167106332256366
0.0120833935103248	-0.00764393255474151	0.00699365744054709	0.00150192951717189	0.00421723028777484	-0.00211422126468021
0.0139947525664965	-0.00053197528625078	-0.000360079782007136	0.00805632813864005	0.00278218415115595	0.00308515870658705
0.0109281705754389	0.0322763416451987	-0.00032909885932137	-0.0201012760907278	-0.0140439020360167	0.0306796429144857
0.0111170630871461	0.0263966905572697	-0.00713888428468636	-0.0113565346481967	-0.0134507229205224	0.0282938628239895
0.0138321224296275	-0.0110067408166875	0.00242440698079757	0.0147039097181904	0.000722928694671254	-0.0120920022059406
0.0122085298596335	0.00177244978757561	-0.000611954009210499	-0.00977601097361709	0.0103033870643756	-0.0147939114577819
0.00685039984550717	-0.00359552584317174	-0.0192034506275704	-0.0108857048711086	-0.0138829581848908	0.0393182810741947
0.0073995043485239	-0.0231946277066239	0.00142581872037708	-0.0178071365746499	-0.0103456837805324	0.0179500294120852
0.013538584659457	-0.00408217282719171	-0.00571871611207545	0.0130364124401671	0.00506926908571292	0.000601347035865586
0.0109227949778863	-0.00943002155760121	0.0112214630732128	-0.00851253835907528	-0.00773427787499465	0.0186661973416454
0.0116387188780932	-0.000250094996898029	0.00388953829386211	-0.00980986760568387	0.00119154419583163	0.000946833453352414
0.0138429521885632	0.00999959518407124	-0.00193527364367635	0.00786658363620166	0.00331713083014708	-0.000813516858516471
0.0143287288398686	0.00754277062688984	0.00873848356033842	0.0109221911663651	0.000734669093202143	-0.00984525808203669
0.0129987944345866	0.00134529170948093	0.00814397304017975	0.000837906819269402	-0.00408358412573021	-0.00507158819449406
0.0119079931090539	0.0112343353912299	0.00578194673217852	-0.0168580675182018	-0.00112099948418945	-0.00929748896071791
0.0111914301674244	0.0331426880533154	-0.0131487427039834	-0.0341798750294725	0.00440758155891937	-0.00405789941134907
0.0131797772835167	-0.0145683463084996	0.00286927874265531	-0.00464902527395191	-0.0036419763063327	-0.00796817062163432
0.0148180982967663	0.0010974751005443	0.00493598187180904	0.00433799467275177	0.00699829035253025	-0.00515534993503586
0.0127302152748061	-0.0147672629105081	0.0137746561002236	-0.00273135563274987	0.00212083651269397	0.00237051224781073
0.0135646653953175	-0.00717909445421364	0.0113159110044212	0.0106374706939119	-0.00230265232339843	-0.0153869770052777
0.0139356284338913	0.0012146626221013	-0.00481569516851421	-0.00342463937685353	0.00934457181725204	-0.0122767035159898
0.0139922126606083	0.00209829814072907	-0.0055516701999983	-0.00231276334751947	0.00840994812822324	-0.0143278409234501
0.0124188224776073	-0.00839289927753701	0.0102653591815343	-0.0165211213231459	-0.000752548428828451	0.00876402885176718
0.0135386616933495	0.00573692981333529	-0.00712827239769401	0.00580828107926923	0.00699550684967082	-0.00241716386484504
0.0132776999155667	-0.0049308466569446	0.0101799531345203	0.000420712132221856	0.0145794992343954	-0.00352459915022169
0.0132695000549159	-0.00264674579731068	0.00547604342633418	-0.00314828058786176	0.0049540286772795	-0.00113446626921678
0.0142756428206015	0.00268845053787617	0.00606677039174765	0.000587746968354673	0.0111121731286081	-0.00409438223705268
0.0121948080928609	0.017645569542936	0.00359840067693932	-0.00519679123808609	-0.00496531927317147	0.0108920310318767
0.0125286432408556	-0.00136283603283183	-0.00180609435418408	0.0113557028781784	-0.0197082495806681	-0.00370579216727409
0.0120440820882429	0.0157575445372013	-0.0185112410060332	0.0237378573141473	-0.0170050433397653	-0.00204140063143755
0.0105533400000517	-0.00551751708505998	-0.0196427880225949	-0.0365794126039284	-0.0149803234210355	-0.00011794334451936
0.0118039340787013	0.00477763101290083	0.00321369850510259	0.00195680957457074	-0.013835244475762	-0.00138337985921608
0.0099690107999716	-0.0202337375890141	0.0268616856299379	-0.0205012362483972	0.00915804454340576	0.0168217101893789
0.0105276442911337	-0.010350124386927	0.0145166235191572	-0.0237183703749151	-0.00934314287329822	0.0289040514636493
0.010315419528086	-0.00500334961984221	0.00660864958603589	0.000576268428044265	0.0137453899307311	-0.0104086930381667
0.0137599315615789	-0.00307759452815955	-0.00870559854985376	0.00444227444069554	0.00731433925649998	-0.0010751936839936
0.0099537939286498	-0.00769801177830969	-0.0210095052387572	-0.015894297165105	-0.00812300022949623	0.0144848923292962
0.0115174613792236	-0.0448788517563738	-0.0362820053252031	0.00747724400299495	0.0374201412815971	-0.0227947245760007
0.011255049270654	-0.0129321253926475	-0.0336081241019379	0.00808263911670669	0.0120910579409886	-0.00661222654686059
0.0100996339150924	0.0557247417358608	-0.00753880781328721	-0.0289810037507404	-0.0372721709480861	0.0152173651293963
0.00772228753463582	-0.00838152809552038	-0.0111639472062582	-0.00569471080757917	-0.0102757301801242	0.0037332092835501
0.0127910614278608	-0.00861834831993514	0.00621658721597491	-0.00402681899442017	-0.0121257097012274	-0.021404351949179
0.0133663708347278	-0.000287688991429166	-0.00828106889691639	0.00314851158231876	-0.00220482607078936	-0.00218301238086889
0.0134372293238082	-0.0113809558067579	0.00792713084287914	0.00610055624968182	-0.00542472019266454	-0.000877858338689653
0.0124669457411274	-0.0149488743781159	0.00678689948803039	0.00256964800274871	-0.00901352297440189	-0.0150150433497745
0.0127978588727435	-0.00296597021170236	0.0085432054697019	-0.00202572986534371	-0.00335121462184446	-0.00511660758591818
0.0140271909001994	-0.00291414221226227	0.00226380552835175	0.0049050575774695	0.0033544824930829	-0.000126406341676727
0.0116444082511055	0.00296144216967582	0.0104037467377078	0.00985909126673085	-0.015100902970132	0.0120097052978716
0.0114752204052668	-0.00158052415556427	0.00436147675452983	0.0110656403629066	-0.0124516092014467	-0.00699007327483401
0.0121101110478134	0.0252742833647464	0.00586082983853187	-0.018201882217155	0.00363350023587408	-0.0156433246597767
0.012766726049952	-0.015252438343733	0.0163320992780115	0.000724838161340073	-4.70131453472545e-05	-0.00200080967554725
0.0108375621668283	-0.0144954797954148	-0.0111547420016351	-0.0172446189452239	-0.00435754217438791	-0.00575694297151284
0.0094002292259123	-0.0191386050295461	-0.005627630029059	-0.0145597811987935	-0.00493744780917368	-0.0128683307921083
0.0120396785270793	-0.0151554959222506	0.000813813324561468	-0.00676538925296347	0.000233652424316555	0.00011409178903859
0.00906279932137272	-0.00640699348080483	-0.0077290801022311	-0.0126690877447504	-0.00637246393773811	0.0205522812351048
0.0120079569293098	-0.00194789906145209	0.00922405919970613	-0.00774041925060278	0.00322848950613453	-0.00506210800629593
0.0121388528691698	0.00211626600594361	0.0098862262287177	-0.00597031471724879	0.00685911213593343	0.00858941904844845
0.0125285820864005	0.000410739784945244	0.00502653474424345	0.0130265086374045	0.00707554314397849	0.00398171473193308
0.0135212238268453	0.0412360641472835	-0.00551478621950312	0.00563999262326003	-0.00304467513653452	-0.0041163022651878
0.012677538335041	0.0134722427863241	0.00752474578369058	-0.00750410815614071	-0.000814381087421257	-0.000511033654991722
0.0112964570660318	-0.013069505804475	0.00474840363631627	-0.0110835347638447	0.0151003664974412	-0.00716634193172375
0.0131630520122984	-0.00721392459647412	0.0142163580576448	0.0109155912539491	0.00641281385078953	-0.0112937235091316
0.0120222984628079	0.00464403482931031	-0.00549721107754445	-0.0164445856837409	-0.0161620513731585	-0.0103200004554846
0.0122045690111131	0.0110087990678025	0.00165676828424333	-0.0133841558981508	-0.0172292888086951	-0.00585305176273053
0.011791532845925	-0.00916101824792957	0.0111375325225838	0.00590044949550529	-0.00802806309101742	0.0068746821131753
0.0110226981607966	-0.0123230101882399	0.00253911090325049	-0.0146308800892119	-0.00580407541509289	0.00174006881448295
0.0155987906526552	0.00438248250094445	0.0062125035291876	0.0124066633753223	0.000510978759497793	-0.00144122257050657
0.0131353215066952	-0.00566709601173233	0.0230714507585511	0.00142254389606097	-0.014201927542	0.0040031523347895
0.0122200086837368	0.0220284696742866	0.00276453533457057	-0.0133767591318472	-0.0124045254199613	-0.0186809420578299
0.00981839691800473	0.00916090525173902	-0.00792814777870473	-0.00201264994159901	-0.00884281160087071	0.0368265857372732
0.0127179237956085	0.0260096541689657	0.0123551210524118	-0.0089872706458887	-0.012044567259652	0.0091503131301338
0.0109641657340359	-0.0026145750550913	0.0134954973170479	-0.00996314183285917	-0.0010395033751208	0.0133048543051423
0.0112476936414238	0.00769634141071897	0.015467959217114	-0.0147209270749223	-0.0232340463567683	0.00789202408683131
0.00898058385767334	-0.00563908123187827	-0.00790861562978181	0.00351748999425158	0.00021098453445328	0.0354613419985673
0.0137389643920108	0.0150124993824543	0.000302158218221178	0.0120809192094672	0.0088943318275005	0.00780489016548812
0.0134495999677911	0.00890702957210873	-0.000912761916475388	0.00203396035126818	-0.00764742401935847	0.0100805680372144
0.0125401657967239	-0.0044859148396408	0.00609429637025316	-0.00109620397814321	-0.0112992252263321	0.00397727016676944
0.012480090220245	-0.00490532289626587	0.0075359492556231	0.000117807180502711	-0.0156332290796914	0.00132969796103739
0.0121996679361896	-0.00871486746000178	0.0028686105644089	0.00230940633252515	0.00102530137610509	0.0189181292530126
0.0131339797732661	-0.00879979680166428	-0.00604616012643447	-0.00398167735105491	0.0060932339007684	-0.0106840298706325
0.0152473411722419	0.00391224498659533	0.0105823987599142	0.0101334498490409	-0.000630518910853986	-0.00412724670497471
0.013056176670106	0.0225080211926083	-0.00385915854398147	0.00385594628677646	0.00302240063460981	-0.00551749033598131
0.0130214169206049	-0.00432946770467265	0.00682113067125563	-0.00906273377913058	0.0051936900907523	-0.00676546087357002
0.0133730896274502	-0.0104524949488742	0.016847815751501	0.000564093868717768	0.0124403447755763	0.00344516968857915
0.0134069659261667	-0.00459843755884124	0.00763840864623517	-0.00156501760226818	0.00355138728331033	-0.00414998131272531
0.0125385488133789	0.0102889387867977	0.00879231787564275	0.000204883793443893	-0.00351990517665136	-0.00278083032427154
0.0118767954201248	0.0166517499154492	0.0137836918172372	-0.0072427100598081	-0.0123464607699494	0.010630916629762
0.0133802795702426	0.00290594525874496	0.00131434422833712	-0.0101365729636076	0.00446943322197085	0.0039734203471667
0.0142631239868085	-0.000878117943702201	-0.00462373411283448	0.0174642779671273	0.00926926377597538	0.000111332440540155
0.0124947918865568	-0.0160837382449253	0.000582927367930913	-0.00587447187158385	0.00127740363826824	-0.00165825619082604
0.0119902228337229	0.0159932388088257	-0.00554700235237998	-0.019612885380642	-0.0102662780082976	0.00442398884292924
0.0133148660992288	-0.00305589626756787	0.00315791893079882	-0.0100795815345062	0.00220048084916866	-0.00241827350703093
0.0100711854820724	-0.0255311776970419	0.00396075454710135	-0.00599780144431695	-0.020269805273132	-0.0010853410568212
0.0101888091574092	-0.00227750270044685	-0.0098410244432567	-0.0262832204026255	-0.0264364470182709	-0.00986088228062085
0.0124334706726347	-0.00863150726027828	0.0163425478959508	-0.0118281992023478	0.0122104399222875	-0.00446250805715753
0.0133006591395489	-0.00514436195384606	-0.00211693272760686	0.00109647752024147	0.00493586687218343	-0.0123684927002545
0.0124414371149931	-0.00944243711422987	-0.00837062464214052	0.00959727975756322	0.0120890066109716	-0.00185741225112862
0.0117760234152228	-0.00402719787590937	-0.00542415941951637	-0.0127701804481534	0.00513071306166444	-0.00683474364551542
0.0065962224041453	-0.0343534361501984	0.0135315944969311	-0.0200402087965205	-0.0432040156613701	-0.00213839280547734
0.0142387204023617	0.00252211712578627	0.00402500840892	0.00629436125524034	0.00298491227507885	0.00274887471206775
0.0116506127718839	-0.00490502723836243	0.00286368262330863	-0.0202733105767916	-0.0100410535757858	0.0106707464981416
0.0109255356000268	-0.00796322596656488	0.0151889450057332	-0.0126385716884448	0.0144032175265101	0.00886022140687511
0.0130890626082777	-0.00638880198646594	-0.000519218271654763	-0.00192884850780956	-0.00263204147130302	-0.00187476726276797
0.0115430110715487	0.00616599830772744	-0.00449336043634909	-0.0248469254028718	0.00734428419165187	-0.00389118645103855
0.0124605093554556	-0.00624642916918512	0.00922777749643578	2.70752114761796e-05	0.00695786291099186	0.00384329180186516
0.0131979839795127	-0.00228573033897158	0.0052303479580453	-0.000223425678730638	0.00152485075236587	-0.00134331790214729
0.0138011730072813	-0.00110543807583328	0.0110333214367007	0.0124301855982272	0.00526337842394312	0.00063179423141484
0.0110060834208346	-0.00304808855718932	-0.00798773361707357	-0.000940568235631127	0.00377654039892324	0.00784675222855631
0.013607923541913	-0.00673815130922759	0.0058690546049153	-0.000886592049365871	-0.00142980037807351	0.00594179825945074
0.011641070933267	-0.010602591462501	0.00633881808183339	-3.36493805781308e-05	-0.00972177277568587	-0.00632835308099641
0.0123668469524457	0.0189870059924482	0.0159529777804051	-0.0130765114557734	-0.0107449882175501	0.00674482140438369
0.0145474207379261	0.0052811135239183	0.000846515346714817	0.00549255339624098	0.0180484474188811	0.00615976939997594
0.0152182025816195	0.00254745478206948	0.0122979623442185	0.0196515737654066	0.00588459684978815	0.00150751140842319
0.0127568539064071	0.00673726164154418	-0.00897486473629294	0.00147137630646431	0.00206710377530357	-0.00387353579947142
0.0154394471756249	-0.00763209613949829	0.00932920093599778	0.00831549037451961	0.0167889486699549	0.00333800894906315
0.011031257275366	-0.0105814916941077	0.00304654394856074	-0.00942113114008875	0.00991773916287665	0.00696484928287657
0.0129653411562156	0.00766480065543144	0.0134283518511656	-0.00421868759542852	0.0047331036208706	-0.00606474228456041
0.0120381390108963	-0.00264726201284946	-0.00073638818867708	-0.0158142018552216	-0.00575287807373378	0.00617953828113655
0.00944426701651279	-0.00786067182951612	-0.00114190214828692	-0.0154887685193725	-0.0247524273777572	0.0111455581541699
0.0135965418209587	-0.00454613418751826	-0.00362436894699877	0.00269737794482763	0.0173089697287371	-0.00767095263960187
0.0150559150828519	0.000483757458047337	0.00619331893523348	0.00207214779471125	0.0141363639334531	-0.00722235414430975
0.00689982224717908	-0.0472736496975296	-0.0105345171007089	0.0352065315743975	-0.0531366252287523	-0.0463013136546612
0.0112482892145115	0.057551799686297	0.000548573951683368	-0.0244457406480705	-0.00538917331646388	0.00669509168421808
0.0109483243706375	-0.0215996938169694	0.0133194874481179	-0.010899629317114	-0.00493582032300087	0.00160684630235995
0.0137625296737432	0.00408024940988659	0.00374667488259274	0.000474878820486463	-0.00154228322625398	-0.00422357979217115
0.0119299728391725	0.0320629161591536	-0.00662590960543248	-0.0154902753649743	0.00104719000159749	-0.00835717773885033
0.0114403794725906	0.0261244536006652	0.0127333402989787	-0.0121290239269332	-0.0151120107026314	0.0226152504681734
0.0137284595446478	0.00528678307169194	0.00485344014714962	0.00303858483186234	-0.00159894799085385	-0.0101808901848703
0.0118974982400728	-0.00721569021540711	0.00168603902299053	0.00424145709807484	-0.00282284219048637	0.0233284439499645
0.0119587076015652	-0.0070787169549466	0.00169474553799813	0.00448238623320052	-0.00133063680158431	0.0236989376980153
0.0114704828313931	0.00489911343706638	0.00307276824014435	-0.0164578673355284	-0.00807878136059838	-0.00261487803836501
0.0142946984163246	-0.00412352609099516	0.00894036197694144	0.00744716426748819	0.00251388249277648	0.00752005400860431
0.014192664854113	0.00303999785796402	0.00956496701978761	0.00159379523794206	-3.43276833288876e-05	-0.00293044537206912
0.012715641232307	0.00426315830382299	-0.00548824809383125	0.00662074548208344	0.0168464185226629	-0.00709194089483204
0.0157280211148298	-0.00189626115154066	0.00536216944213466	0.0103613478918742	0.0157472154971956	-0.00153469320755985
0.011881502752357	-0.00459877861208961	0.0119473724487489	-0.0171887130089864	0.00182856602493901	-0.000190485212362386
0.0114281062033039	0.000729422868836639	0.00948247071770554	-0.0224765334275923	0.00964596330920425	-0.00623685262802588
0.0148093124517411	0.00728209775331773	0.00344091751957942	0.00780313658336209	0.00734866929060888	0.00114962013860577
0.0133654166845179	-0.00366726107823898	0.0133061127738739	0.00402821875827822	-4.71275760085509e-05	0.00377903199586606
0.01496662200857	0.0124034860300193	-0.000482831177878193	0.00985734938887103	0.0039247779039936	-0.00285531475900754
0.0130037753621705	-0.00865555206447548	-0.00649159576493904	-7.69657687316795e-05	-0.00435330301721668	-0.0227324944145334
0.0127140511304566	-0.00629081414354425	0.00572641200689117	-0.00239630262939121	0.00289424555401928	0.00356465534198105
0.0113071607287215	-0.00295480620132837	-0.0162551070918997	-0.0152816709569286	-0.00876353185609377	-0.00119604442032197
0.0123007679249109	-0.00167689655544824	-0.01674131272198	0.00650921277829572	-0.00459419916010665	-0.00191666828286485
0.0087897177695961	-0.0135657927959076	-0.000196570107510326	-0.0146012794105262	-0.0128395259797741	0.0131945633982766
0.00963696600945555	0.00607808816024965	0.000452156036254302	0.00242748821201416	-0.00649539438268815	-0.00603245059428596
0.0140944010697497	0.00679838467186684	0.00417647602709226	-0.00193015042134312	0.0163822819038462	-0.00419816515307535
0.0135146377404299	0.00333272242175253	0.00223106905106877	-0.000288287139482828	-0.00388478190248759	0.00878169240983286
0.0129154075421007	0.00692143152242956	-0.00443048704434758	0.00824858452010797	-0.0109199126839393	-0.0184393821433513
0.0106289760146498	-0.0217899645175834	-0.00863485476044986	-0.0205521223531308	0.00903182421486609	0.0167478014120714
0.0132803708163505	0.00995028356177955	-0.00488606007980774	0.00171465234914962	-0.00530312168477748	-0.00881941612644514
0.0135637233786068	-0.0146834018379682	-0.015806408867666	0.0145867624453648	0.014558819363411	-0.014476244184263
0.0126440578923052	0.00635480561633528	-0.0140479331111652	0.000684949757255257	0.00813090177319724	0.00168556128186928
0.0101291746653016	-0.0140528190675891	-0.0162686252941339	0.00871918158900198	0.00448536265440787	0.00480017423951455
0.0103563068233716	-0.003152634420242	-0.022392324115782	-8.32389942151644e-05	0.00762014953497301	-0.00178181154997767
0.0118362314129073	-0.00367043318212944	-0.000607547458138364	0.00297985039644537	1.03371994761739e-05	-0.00942127734920486
0.0127142043181863	-0.010300836502761	0.00205327163420025	0.00668978542265416	0.00124579497720796	-0.00182720286786691
0.0127569883316591	-0.00790623467907698	0.00768536970814456	0.0129750765223911	-0.00765899617366637	0.0123724423399505
0.0139182317652613	0.0123717096731921	-0.0115624384329926	-0.00212514863000615	-0.00450699259602706	-0.00865786337416198
0.0137398400811854	0.00856747329073025	-0.0110850995642625	0.00178402296203343	-0.000950728784235574	-0.00692076212227973
0.0138450801199372	-0.00607168771643779	0.006533079489272	-0.000699730323986442	-0.00136994769736587	-1.04884947893389e-05
0.0135759584843699	-0.00546037179783034	0.00325943409114294	0.00588317087486639	-0.00340511043715081	-0.00215667524176225
0.0132743029833626	0.00329220067671885	0.00481757060267338	0.00522805696801123	0.00343507965609083	0.00789487944179216
0.0129584954261963	-0.00477305118839979	0.00136097843023135	0.00103204412312056	-0.00297600250566616	0.00614293237587722
0.0118459079309385	0.0238567198532322	-0.00925403503712965	0.00546600873042247	-0.00324283933982911	-0.0113525652607865
0.0138074166185845	0.0133941787155384	0.00922550023991883	0.0054843703668355	0.000514667225564495	0.0059425015119223
0.0121714175201325	0.00957119344433397	-0.00160161468706962	-0.0086406275019648	-0.0138022911501305	-0.00505591276213883
0.0120642494377757	0.0112684957166967	-0.00183097679957069	0.00110457967947566	-0.00958232512258766	-0.0200080202567745
0.0126295824723578	-0.00537601536086025	-0.00528903188249159	-0.0178061699540809	-0.0055943669405226	-0.00586057740035514
0.0103411153439448	-0.0054938589020531	-0.0142571947975313	0.004295395093596	0.00783249445394673	0.0111202797371652
0.0099667662466155	-0.00250622493753699	-0.00343942807412035	0.00287092243978997	-0.0105999759138953	0.027317479045951
0.00854108229919409	-0.0100267390868345	-0.0186612226015119	0.0236782920065081	0.00143339395894593	0.00963112299209246
0.0143173563032801	0.00127922128683802	0.00692711309336015	0.0024274947429775	0.00912179091521929	-0.00690048418311298
0.0124568494688304	-0.0206984325108166	-0.00407090285489488	0.00978148179081276	0.0160192469793803	-0.0105977441606079
0.0127500058253619	0.00159273678732899	0.0324277804648195	-0.00475427953825598	-0.015074274732633	-0.000581401909052192
0.00776273388167352	-0.00845299016325115	0.0097671986705934	0.012612355475334	-0.0309096879739099	0.037162550840215
0.00940062256951713	0.00200262766588434	0.00245895563483812	-0.00929901158782787	-0.0141479855257389	0.0112336096967231
0.0120849122199804	-0.00237761013981014	-0.00341930476187758	0.0106829633125377	-0.0129541561397714	-0.0146908585332521
0.0120683873464834	6.86155665708971e-06	-0.0104171113313952	-0.0113446641131778	0.0010593736836925	-0.00916540742959237
0.0114615059435867	-0.0374712096149145	0.00761329802334228	0.0043207826425151	-0.00712059040671402	0.00864397246107305
0.0114168698381146	-0.00643718906288252	-0.0118099419561758	-0.0204192222091007	0.00268312238159663	0.00451815191085111
0.0136973521403284	-0.00324748769969007	0.00284511966120362	0.0219975788829486	0.000547397625683654	-0.00714024466073978
0.0142563781274987	-0.00367051759730244	0.0042222530169141	0.0015011556815691	0.0133788093847592	-0.00161376922012486
0.0128428329613918	-0.00247852434286442	0.00737962672047665	0.00697644815998202	0.00189485109011862	-0.0159902813183539
0.012040113661726	-0.0015740372499795	-0.0131775574731635	-0.0177218934100786	0.0105879072325746	-0.000128495264140392
0.012981958713356	2.87054162631915e-05	-0.0143253777764561	0.0151045836706866	0.00427268964431083	0.00697762316300291
0.0102466506206478	0.0153171808132569	0.00658750047825022	-0.0271359510997736	-0.0230919283540785	-0.0112049447935971
0.0105918469924155	0.00544978627618427	-0.00554974301226531	-0.0107136024361027	-0.00832136283679376	-0.0227294039088935
0.0115029320476372	-0.00750713855858164	0.0192595360292979	-0.00488782354639071	-0.0129040143222205	-0.000102765037972963
0.00916900628204107	-0.0134403322090009	0.0395376487702434	-0.0252466128780504	-0.044039104845868	0.00955631764393373
0.0129159864546803	-0.000970646826791346	0.010696489064221	0.0144058521255122	0.00229886076303688	0.0221605499922896
0.0125985920512525	0.0223584961165949	-0.0156768881516332	-0.00544643883914644	0.00688767796987035	-0.0117764918971752
0.00990736782966743	0.0163408240163197	0.0141160622304257	-0.00219658357816302	-0.0302201845134924	0.0275856794097501
0.00985006533063546	0.0153640805557883	-0.02951085245949	-0.00517355582219726	-0.0210260876059096	0.00902985098506369
0.0129692373541732	-0.00720248011728785	0.00692769890602875	-0.00132035169880027	-0.00759806730300625	0.00481575899875115
0.0128834573909468	-0.00751862808157361	0.00783657466960449	-0.00203315639725636	-0.0101842913949465	0.00675675072261091
0.0122028795691984	-0.0130363348628531	0.000928496764926461	-0.00781548095606743	-0.0146042000469757	-0.0174845288634013
0.0128278163536361	-0.00644123295927377	0.00677247314461735	0.00386244827730606	-0.00909750582487782	-0.00864450392573545
0.0114334786696025	0.00839115236635062	-0.0229035428446902	0.0250382035201926	-0.0265654886503206	0.0215523705737083
0.0120163488552351	-0.00854981308842002	-0.00155588397573437	0.000460234167462466	-0.0185785404482091	-0.0207105998762571
0.0124658975898012	0.00506620471912033	0.00500172931580617	-0.0051165707608629	0.00681649257770516	-0.00634273751398637
0.0111143432362856	0.0177932897706872	-0.00582773480757835	-0.00106644538140511	0.00795692620089902	-0.0184988365123234
0.0129492378241893	0.0121943251983842	0.00416318484756254	0.00320647173552176	0.0135873522725771	-0.000852990715414514
0.0127409049115929	-0.00171696808122124	-0.0263181811741225	0.0250065791083324	0.0111691803619151	-0.00404680897427227
0.013601353390492	0.0299352775980136	-0.0138163685905346	0.0157050835894547	-0.0111156485900097	0.00243029328369297
0.0128331502967868	-0.00449759015560899	0.0100048747033781	0.0125515904943776	-0.00574478563678055	0.0131691798291522
0.0111104284083417	-0.00578635022725354	-0.0100344084807541	0.0231568947758063	0.00251245862479769	0.0390007491112253
0.0101748535591978	0.0156959127285499	-0.0141566774336639	-0.0122842742110266	-0.0099428122243067	0.00705768254051146
0.0148022681006788	-0.00251358696449845	0.011194011638057	0.00940368393239532	5.70276999334171e-05	-0.00102250731231185
0.0133146130066991	0.00917872281583376	0.00474924508171384	0.00743989936212064	-0.00343689027354745	-0.011248662347225
0.0127847605612356	-0.00288379276360312	0.000691174231025909	-0.00462032934884562	-0.00544891818201572	0.0100505359184012
0.0128897602599612	8.16359927376647e-05	0.0102020806639938	0.000349646876304021	0.00927911632362213	0.00060658436485579
0.012344952728399	-0.00638371329414567	0.000516931939633354	-0.00535395667715509	-0.00660340036966314	-0.00931676017100597
0.0123716330082829	0.015658193533668	0.00400431311451409	-0.00641980672021562	-0.0207037796907717	-0.00989837524917993
0.00991577311118614	0.0232634366893924	-0.0090415110957727	-0.00896492903328792	-0.0162843724948871	0.0385557302595717
0.0137120935062454	0.0114899526755557	0.00129454298570273	0.000849808399800713	0.00995890208033388	0.00171636039238546
0.0145113151502675	0.0180905617799021	0.00704544379501732	0.00302640424701382	-0.000312728246672971	0.007806547174975
0.0118452864335161	-0.000229203873807207	-0.00879795081668884	-0.00252621963505952	-0.0035188366621866	-0.0116543502689455
0.0122388985765812	0.00800176641652936	0.00630556512540055	0.00795420314405904	-0.0271186877065356	0.00701598785440106
0.0133896035767922	-0.00971256496508717	0.0107156045775072	0.00659486454188119	-0.00223438198530193	-0.00505692619071039
0.0135266516874212	-0.00424341263343301	-0.000986125014191192	0.0125183237979611	-0.0093127352453986	-0.009251873744255
0.0140223413782266	0.00954344100089459	0.00272427652902721	0.00750623915256646	-0.00247373744959617	0.00257064425851539
0.0116151903442332	-0.00563981557415878	-0.00157721433837184	-0.0159042880256728	-0.016682010177789	-0.00970691170022754
0.0133855633732719	-0.00372525807219752	0.00224051102189758	-0.00311816532794503	-0.0113617284373762	0.000434051022969879
0.0128408629630295	-0.00281814625610441	0.0080162785054328	0.0022589999259659	-0.01417338375919	0.00255732754024112
0.0117010101425092	-0.0192373645162276	0.0075901201310723	0.00353392347614371	0.00191340239912316	0.00864067048464313
0.0148032134917395	-0.00496768109375673	0.0100757369935048	0.0121111488822019	0.00381305361179912	0.00311904171127159
0.0156984234596967	-0.00106899454530223	0.00760052148482998	0.0231312735719528	0.00699126907978812	-0.00628079950078606
0.0138934989124578	0.000962479813043281	0.00299672634953213	0.0134423879312709	0.004781154088017	0.00736513510584967
0.0148149226754647	0.0240100559951516	0.00462252692801345	0.00914349908465751	0.000494421781214443	0.00187562045519835
0.0132754840185876	-0.000281581333598017	0.00504519539303332	-0.0110546716950174	0.00601265880498257	0.0116472456782368
0.0150021207971468	0.0127382380884154	0.00636629713838371	0.0111035759916636	-0.00340354348724068	0.00640147622234178
0.014447999705785	0.00780809463231568	0.0026873420146908	0.0178104806578479	0.0115712286071835	0.00216115963171733
0.0129314839068316	0.00101541406134512	-0.00950411399096017	0.00816592786648596	-0.000150065076809077	0.0220360232295464
0.0151817144583706	0.012413063495071	0.000402963963999123	0.00829966061780376	0.00858205875081721	-0.001660575370858
0.0132829517325035	0.015302862607444	-0.0117227377704001	-0.00313708000453637	0.00479770395102483	0.000425419965019316
0.0142847821769149	0.000972864798806564	0.0109830342327563	0.0107507295876812	0.00748949734609084	-0.00335322922362525
0.0107368114791572	-0.0112796821962362	-0.0195168497191853	0.00389587013085876	-0.000494388933260438	0.0169308654649493
0.0148131597045496	-0.00166730503529868	0.0091728001956596	0.0119594300929246	0.00112149512018163	-7.47326570048807e-05
0.0151417541925242	0.015104258433443	0.00602924607458534	0.0117331553634847	0.00483725549215063	-0.00571953174685293
0.0116126179426816	0.00738547440108059	-0.0187701182935215	-0.00017799462489587	0.0100696440704868	0.0120219233720575
0.00979663200423889	-0.0492875473967717	-0.0239167003988311	-0.00248479486853128	-0.00311548561651664	-0.0289042984160416
0.0117005169945967	-0.0215129565418333	0.0120520301882113	-0.00992504214973578	-0.00958457875757371	-0.000654096452621616
0.0133718524037543	-0.0038695270298384	0.0115752703563283	0.0028045127352751	0.00854377474875688	0.00473643421159769
0.0132310647249496	0.0268117368239685	0.00494284813107265	-0.00183803515436661	-0.00785406951233415	-0.00288542465511499
0.0111717913187283	0.0198515896056846	0.0131710442387779	-0.0234531835540978	-0.0270077797195965	0.00401058784520665
0.0101949386149165	-0.0177041999602642	-0.00356988684002138	-0.0228161252754128	-0.00530605203386642	0.00367270624168381
0.0105564856279901	0.00902404818090626	-0.0474580710137388	0.026081050318859	-0.0269152885145775	-0.0164053602975767
0.00979521983813393	-0.0105779914455673	-0.037865709485888	-0.00222677975514917	0.00970339688402267	0.000126664628473912
0.0145735803534396	0.00769429467648264	0.0130066905579017	0.0113575483438101	0.00697050669946361	0.00209214557742588
0.0125931184029548	-0.00717605176117122	0.000703571080003615	0.0043156825067619	0.00164913274739231	0.0034326308271403
0.0111284467236716	0.000111240814727354	-0.0111316814753388	-0.00527150742538493	-0.0152598705276459	0.0130892960068538
0.0115629578209417	-0.00769514417974713	-0.00189711987720542	-0.0146783411826984	0.0146092106307863	-0.00496051679172471
0.00931188677337791	-0.00357945424326964	-0.0265078606276416	-0.00503949369319767	0.00806928114626809	-0.00612331843667695
0.011346013501161	0.013411174065933	0.00148957697889362	-0.00823910933619024	-0.00374063138205542	0.0164602502126391
0.0105969918510188	-0.00751754229400877	0.0138669418313291	-0.000103422038902	-0.0117577970907067	0.0170577792336098
0.00788829806918541	-0.0149097940437027	0.00377903922993895	-2.09338884107923e-06	-0.0387290626173996	-0.0387789375345801
0.0112619866459872	-0.000884703538717419	-0.00132545743144484	-0.0138023742561459	0.00413226749272135	0.0041553121335243
0.00983921064632578	-0.00275577662765062	0.0211342692649579	-0.0215083201373359	0.0146280098206059	0.0188797661529001
0.00879671673840983	-0.0109647178894186	-0.00154369705798122	-0.00611974244818685	0.00743819026633652	-0.0246969742896357
0.0111836361682828	-0.00995792734132429	-0.00675467553654598	-0.000556403392765594	0.00580674680508046	-0.00698577956012985
0.00701355527560368	0.00771603351247947	0.00415126867233924	-0.0150482233411765	0.0132206660418627	-0.0222612319390082
0	0	0	0	0	0
0.00773314807531376	-0.016686515662614	-0.0153854061102567	0.0036683454939032	0.00531938493526166	0.00339702508900044
0.0109507553659603	0.00528962476690847	-0.0122752506849193	0.0114839520286805	0.00848224260130191	-0.0185349521809356
0	0	0	0	0	0
0.00994222215462321	-0.00231267123571485	-0.0061660032646371	0.0094710588995721	0.0113653974922741	0.00498287461759462
0.00775902176404652	-0.0166945570900468	0.00367656633105538	-0.0180227669894329	0.0128626908256297	0.0122518244395062
0.00828141591437503	-0.0240227481876626	-0.00768193279215778	0.0184860500407556	-0.0531349204565482	0.0167984276923042
0.00552834682892676	-0.00858985095476369	0.0296300526978147	0.0273167434775914	0.00771536542703261	0.0632119406147743
0.00782376936587864	-0.00106229866300345	-0.00678094904976433	-0.0236443477551822	0.0204024766300739	0.0504607497884608
0.00875852963147578	-0.00962757238875343	0.00550511157509075	-0.0204384986617554	-0.0156710060553698	0.0236694331498997
0.00929232592717623	-0.0114956853109162	-0.00378027850951062	0.00999273074962761	-0.0401114291350038	-0.0140139266804549
0.00882129108626251	-0.0107100126596146	0.00444517062684907	-0.0104075496688887	0.0283067184493901	-0.000853797975421613
0.0117703662808404	0.00827432776105941	-0.000890863838906687	0.00172139337557549	-0.00192201539013027	0.016640972136752
0.0109587135058737	-0.0146339632840426	0.000325826694212775	0.00736027246353149	0.00103543903570043	-0.0120992548574716
0.00896320838358112	-0.0239485389412168	0.000747940653551544	-0.0139675138511647	-0.00515656973911365	0.0283641259781314
0.010801719589569	0.00204844532579032	-0.00803280472858633	0.0211006722647979	0.003712615313303	0.00322940168741104
0.00707327812552907	-0.0123271209393145	-0.0505988924083095	-0.00317308981362461	0.0111333173300569	0.0436775157449739
0.0125336154112781	0.00935572907887043	-0.011027789110874	0.0036315650195096	0.00315804243451873	-0.000182791930646462
0.0104287476177259	-0.00628678947804484	-0.00252831368713421	-0.0173269842450549	-0.00323988600560851	-0.000383052427501281
0.011703428222357	-0.000123692815221569	-0.00327569878114679	-0.00586570624131123	0.00438427636795997	0.0115842397330204
0.0106312333020313	-0.00260275947341813	-0.00198281148982357	0.0102691372189163	-0.00884235487997679	0.0206750442034577
0.00880414206062441	-0.0190187616927006	-0.00791093395466163	0.0138951785698877	0.013234926057826	0.0352680448942719
0.00904739468948236	0.00690095270674862	-0.0263948077492613	-0.036685512016212	0.0028049246653056	0.0293909646157129
0.0117131309367323	-0.0239805547912008	0.00939971693176349	0.0146776287982739	0.0123728010251382	0.00870167794115822
0.00924907176077659	-0.00225346512614121	-0.0123239925049612	-0.00755199271406253	-0.0117843272553471	0.00513856889337038
0.00752502474195018	-0.0194555369402883	-0.0213358033246405	0.013193748252885	0.0123187842075447	0.0158587144604016
0.0130040748751647	0.000305561881997356	0.0310008626492084	-0.00509899952346468	-0.0109178474255171	-0.00435724193350252
0.0102123427217832	-0.00898074720327934	0.0044918308555852	-0.0122197472204615	-0.00512157410769238	0.0198529540470913
0.0124658121807791	-0.00717130942966472	0.00534108537381716	-0.00380223443790964	-0.00311366311501621	-0.00285107134939872
0.014526339221212	-0.00187715834601884	0.0163619635001532	0.000878290803242603	0.0200675253900881	-0.00329726872174415
0.0129840036393617	-0.010984927422853	0.0150919563135481	0.00312450686898077	-0.00674411772063186	0.0100093426074625
0.0129915191579205	-0.00232221589377036	0.00884905370456641	-0.00795841870283431	0.00718307631374765	0.00469230165444421
0.0132244288729692	0.00275810579041681	0.0083041196305779	-0.00471613421814253	-0.0041419368743969	-0.00183987094460923
0.0104366843512897	0.0285787481610797	-0.00146284774679792	-0.0284062698581597	-0.0125818193773963	0.00696923811871246
0.0135614165025095	-0.00488991833253835	0.00760187268602819	0.00934296447474151	0.00309921995223741	-0.000522889251325624
0.0134617391869466	0.00679289854844879	-0.000669395467711914	0.00111134481975369	0.00473149980368075	-0.00207792411583883
0.0112802261944786	0.0125358321365141	-0.00395857701090575	-0.0161243381173885	-0.0101186643760122	-0.00474439203735899
0.00942635276881778	-0.0146240178874652	-0.0271728950913458	0.0191427506156171	-0.0111042802251759	-0.0249291518936845
0.0137107262456946	-0.00314145081806147	0.00886823211909091	0.00454591197508289	0.00572280049298529	0.0012797154230088
0.0125458766462196	-0.00482853190938254	0.00794151452186535	-0.014427648016787	0.00285344129047952	0.00894353841124728
0.0128877623795082	-0.00496702380739518	-0.00096289167328818	-0.00207026079837319	0.00495468240229106	0.00630043473042548
0.0107104816774969	0.0353913452930599	-0.00967891414266256	-0.00873669153225919	-0.02236751451939	-0.00631912612587539
0.0133791390285855	0.0112444218546158	0.000173917281384572	0.0169074074576291	0.0030827337127333	-0.0118458785883761
0.014015380564359	0.00898206421620922	0.00571027769627929	0.00754750114070158	-0.0025096446720998	0.00207924449294864
0.013998637033026	0.0091585036390424	0.00630263856670176	0.00716237157553807	-0.00220597970331616	0.00387977367212827
0.00878858457466281	-0.00769357468668449	-0.0128683258603114	0.00588639964252476	0.0129812909418962	0.0132227985764317
0.00999415257540733	-0.0115678182105341	-0.00847866497072432	-2.56957414132525e-05	-0.0120765123688118	0.0219522137822453
0.0136847906501567	0.00825895178046069	0.00294527864353019	0.000622777615553323	0.000994488045103308	-0.0105106795345056
0.0130397689431877	-0.00747733265980309	0.000215446821705359	-0.00656483200075985	0.00048764546881334	-0.000852719254911239
0.0104257607688141	-0.00165352975840935	-0.0348390259873723	-0.011824033838363	-0.00907225627488321	0.00410724412242675
0.0125351018464587	-0.012714595256285	0.0161315290095352	-0.0106423735759245	0.0194793521325384	-0.0135568033509638
0.0133293138308815	-0.0140482128452915	0.0105100333256298	0.00756402577141702	-0.0133498167458786	-0.00823782324936206
0.00976128278755375	0.0164642472372455	0.0058661008473339	-0.0185541898359998	-0.00313019279137312	0.0127541771768774
0.0115927514680082	0.0393005813761734	-0.018074443672001	-0.0230674890139978	-0.0047085147935429	0.00899781440535171
0.00841799260127798	-0.0386102690990841	-0.0443266936075294	0.00840078127514488	-0.00557064004041945	-0.00229900733254891
0.0120977828037135	0.000700991619773116	0.00443569537480275	-0.00346926813339503	-0.00575728077559465	-0.00300011885397815
0.0122835479642587	-0.0026415539375613	0.00477176201051715	-0.0161040134765817	0.00940808287840381	-0.00869040089833301
0.0126858842258461	-0.00532203429089352	-0.00436121842126525	-0.00969430923113408	-0.00488045918177812	-0.00662140816502148
0.012995057369869	0.00193603511177451	-0.00780399355899385	-0.00448894056071097	-0.00167593938367984	-0.00745297656686675
0.0111773892493029	-0.000885899560628229	-0.00462303567547261	-0.010312381184345	0.00352110046818062	0.0077034655633114
0.0119167053828364	-0.00244864142394317	0.00090440449450973	-0.00607252315206186	0.00603559590637764	0.00798736826357056
0.0128713140810202	0.00465844822541993	-0.00414361705367298	-0.00787396877833735	0.0128823750422715	-0.00594243674101123
0.0120239419953817	0.00289876940718526	0.00346671162347516	-0.0113403697114049	-0.00439394644664813	-0.00677073400888486
0.0111587430396119	-0.0176803148640206	0.00540888570461843	-0.00163026777488466	-0.00200577253144782	0.000543542224476988
0.0112222478672386	-0.0177694002388466	-0.00273385682067658	-0.0140603597441764	0.000306376254323002	-0.00732986106022474
0.0132107731984999	0.00329751089939469	-0.000725866136595328	-0.00214262069891714	0.0165432778109162	-0.00871362694779961
0.0119654299293385	-0.0110821076500706	0.000660000207190937	-0.00119445536272372	-0.00053584130255156	0.00180845617658602
0.00820571779994983	-0.0187927741316852	-0.0510741653397756	0.0259764919055729	-0.0466599974580491	0.00595223386818593
0.0122340794861878	-0.0203117443810692	0.0162516162559521	0.00888554247399397	-0.00329413243707643	-0.00239497415039042
0.0121259600239037	0.00064015445646981	-0.0013828679848523	0.00208537263787288	-0.00461537080863815	0.00292695062626927
0.0118103593294684	-0.00681718349142491	-0.0156867808782485	-0.00251472344854941	0.00858846576838761	0.00351476383471924
0.00916058334938644	-0.0177673175055403	-0.0271874413389504	0.0157518165857736	-0.00959561434228869	-0.0257206544344699
0.00880409550950651	-0.0164759373401687	-0.0125195177228077	-0.0352234290901138	0.0265503496752103	0.016560257160527
0.00935660733567279	-0.00198110096789552	-0.0126248533532997	0.0133229941254103	3.71067118944222e-05	-0.00632493534275468
0.0130530568380534	0.00852928952443101	-0.000705613841695479	0.00139908447226607	-0.00374022339116852	-0.00923530558119663
0.0127604065328411	0.002514235801611	-0.00473389273144931	-0.0114808585406391	0.00267494374643813	0.00376685088709719
0.0104763914693887	-0.00253161611656144	-0.0213486570447101	0.00802252467861421	-0.00416663918453078	0.0036265750043309
0.0117210339310203	-0.00812648417400377	0.0160506536121418	-0.0103733230194821	0.0101656517745785	-0.0139992540068923
0.00775261380742309	-0.017524579193875	-0.0150612649931325	-0.00957726889338659	0.0131058356674535	0.000529064842286625
0.0133724160635577	-0.00203008127048783	0.00680297126753942	-0.00615402756800255	0.00807153094939033	-0.00106462870950366
0.0130351261548946	0.00161544528885872	0.0049345789275696	-0.00649590673542289	0.00565800109041505	0.0133837090646996
0.0135006060254765	0.0105359850748413	0.00874924784348186	0.000866127802005019	-0.00286337236562316	0.00409454466676316
0.0121885110550953	-0.00996443012261334	0.0117104138910694	-0.00064768288757628	-0.0137447766599109	-0.000820615166409474
0.0114807351307145	0.00674642944411744	-0.00150416337343036	-0.0196474884895405	0.013227895790371	0.00867394162871959
0.0136883972617487	0.0110059148391693	-0.00565938965850393	-0.000418138682382089	-0.00192199639997438	-0.000868177859679729
0.0134708221459287	0.00938401842132168	-0.00458517929455074	-0.00537707095635705	0.000767965787980897	0.000797261853556703
0.0136113314774382	0.0178605626518895	0.00725074025721287	-0.00341852587681713	0.00122676574929944	0.000678018365379199
0.0091115977797356	0.00320688668169176	-0.0254789315918435	-0.00425093597095367	-0.0146695764920384	-0.0309632709432611
0.0119483630658129	0.00454055184174688	0.00809469950686709	-0.0236674456264646	-0.00812613509234501	0.00876549894591914
0.0140586975414708	-0.00344412900544301	0.00979393994153323	0.00619639814414514	0.00695444603612324	-0.00248049959514699
0.013619210221861	-0.0012616434894202	0.00655281558505061	0.00864878872600123	0.00538427185661737	-0.014046452109042
0.0133301233580647	-0.00728886691117912	0.00305259207093309	-0.00125458154553036	-0.00554936308906541	-0.0116978541707423
0.0131945323767018	0.0124391139965171	-0.00197892484038009	0.00727315338993708	-0.0016754816141514	-0.00541390237270917
0.0119517198649606	-0.0761621175409067	0.00724001833248859	0.0300841888014749	0.00422264814413323	0.0214008786595478
0.0121390786152108	-0.0846452370138982	0.0119009048295572	0.0312863780166186	0.00404222376849097	0.0272860838907582
0.0128309470885067	0.0181737850591345	0.0268036149077054	0.0149748922399633	-0.0123277739223406	0.0288203036185142
0.0126364663424255	-0.027992032673863	0.0144812536679607	0.012277159265299	0.00149829896624239	0.0113412010245788
0.0116371560365525	-0.00866388983340221	0.0275326229364825	-0.0103755443388785	-0.0153703666281081	0.00259588344338625
0.00906414807007556	-0.0174151485417051	-0.0160409544668417	0.00675273067921132	-0.0216636145778009	0.0213648790236848
0.0128886303611841	-0.00279956928685249	0.00421658852454089	0.00564861427738603	-0.0022822903393865	-0.00315849900789419
0.0136716539656267	-0.0105691013258879	-0.0010904704423447	-0.00799144537439393	-0.00119813360751721	-0.00630801961868936
0.0116030788326736	0.0298636205000304	0.00384210542204829	-0.0185779324034262	-0.00693064845065375	0.0305808277689419
0.0118043476149835	0.0270184578146654	0.00273762806388457	-0.0152751066618717	-0.00420443129462251	0.0291872388991059
0.0116909575808522	0.000657554261262437	0.00772862348788294	-0.00579975445201513	-0.000689410667133801	-0.00124195758910607
0.011695870187737	-0.0103925212282788	0.0146006363091128	0.00719092915396502	-0.0167975820292508	-0.0100148551072882
0.0117077752400748	0.0128864551841086	0.00444036820329732	-0.0306056984451029	-0.0122352051058337	-0.00308246287840792
0.0143438973043291	0.00496525595209423	0.00204852361631303	0.0041463283203984	0.0042547043894895	-6.22816873257337e-05
0.0145858059350138	0.00623621702006613	0.00771732336526944	-0.00168004788079941	-0.00126606250983406	0.0102724732690235
0.014283706678727	-0.000808813528272142	0.0125084370685494	0.00861094097866165	0.00952616820894349	0.000796145121336297
0.0130288918171872	-0.00886035980861959	0.0135625187280756	-0.00916302988392861	-0.00483043776947312	0.00185603406987659
0.0134182506227472	-0.00580615250136012	0.0118129424192378	0.011216156379806	0.00123988132437181	-0.000745323894813962
0.0141924391584218	-0.00219954247197259	0.00719540662334019	0.00129404345999074	0.00467568278395923	0.000876834455283154
0.0130383402332671	-0.00948664053968963	-0.00028792184348139	0.00401808008921012	0.00868650501490456	0.00449145960650312
0.0153430847222712	0.00494295822511322	0.0100072317613334	0.0202429248426878	0.00290127699014698	-0.00392946676532502
0.0149788649147344	0.00282035926803702	0.0120299673305195	0.0196826715279246	0.00296023238004616	-0.00372902731149893
0.00968508967335127	-0.00601274581480671	-0.00608077246369472	0.017289830321801	0.00684071931952661	0.0240963708830655
0.0130661287837512	-0.00192395731750149	0.0222031090902715	-0.00429888328613791	-0.0023187195834682	-0.00368008335546318
0.0127828169185813	-0.00267799534067991	0.00771049502230969	-0.0134561018820502	0.00245130735322125	-0.0100687034795401
0.0127820083684832	-0.0116398694051256	0.00442440885005759	0.00810593388798685	-0.00610775268788472	-0.0068325263532506
0.0143271764318531	0.00145906710322801	0.0050607719544993	0.0034511138642257	0.00804306797189805	-0.00543088840465111
0.0145052258656559	0.0151677554647561	0.0093042998985763	0.00732673275837631	0.0139219574076333	-0.00333242689139102
0.014584555295928	0.0016507446447727	-0.00276761139712848	0.0145198955610844	0.00728212884699698	0.000520055897961749
0.0138561000556854	0.0040349545378188	0.00861177860307314	0.00557315024139907	0.00598368745084622	-0.00279958633391197
0.0138095414358418	0.00348301315284803	-0.00500967913711917	0.00337876403077545	0.00559141506476857	-0.00447617200600653
0.0124802473133736	-0.00826235057551223	0.00715884090239503	-0.00330634296366674	-0.00377757938286503	0.00699932935872255
0.0119348874992779	0.00260922695641601	-0.00259873320954153	-0.00175220109786698	0.0110163594391751	0.00721921267525765
0.0125362028918545	-0.00518533423406749	-0.00368709435223418	0.00113778880403283	-0.00751663849139247	-0.00865221197476334
0.0127095278018255	0.0106298167914398	0.0104397886516058	-0.0206930605710172	0.0042775493812636	-0.0104795899011598
0.0131199142815896	-0.0134809508282004	0.00179124013378192	-0.00395562188882003	-0.00199724366869211	-0.00615516092107156
0.012965367724261	-0.0300043562872597	0.00419494976075185	0.027773858682124	0.0228594507566954	-0.00345479117747421
0.0118679909440499	0.0109689783655986	-0.0291788089566399	-0.00962574480793426	0.0110561270639481	-0.00572937071458046
0.0145417180596062	0.0115607823775008	0.00590121707024133	0.00983511968279483	-0.000119465695743965	-0.00737810674064938
0.00693054563383152	-0.0185180809918335	-0.0276160261410558	-0.0108176945296805	-0.013400091461472	0.0305183842275301
0.0130242940048954	-0.00817715742104493	0.00752449953145877	-0.00592275289217547	0.012578207139496	-0.012683498871347
0.0101824320409957	0.00850612994912063	-0.00246244092942297	0.00665789209226944	-0.00127541476361803	0.00596955513777085
0.0100881537866629	-0.00408530352678707	-0.00746562625665859	-0.00237330399370706	0.0311828398923037	0.00276916899570554
0.00985593805645983	-0.0146868438081882	-0.0128170678644796	-0.00859275195632172	-0.00758363893808856	0.00226306064970634
0.0115641182342757	0.00838049080946375	-0.0116129312526133	0.000736366993142676	-0.00671033037941076	0.0142121414209013
0.0120826256704405	-0.0130442133591629	0.00566437448228329	-0.00655286900541038	0.000442795538423713	0.00707831745222107
0.0121138014680992	-0.00639649114846845	0.00255183803209198	-0.00830667956334117	-0.0121475544406622	-0.0152692674207814
0.01357471219403	-0.00386074002110274	0.00516677482011266	-0.00953958714358694	-0.000913658926689769	0.00443216302867857
0.0117730176889043	0.0142083546000773	0.0085808537331263	-0.00431205086964129	0.00198266580489858	-0.0132778353948529
0.0136593767317396	0.00473782368688688	0.0152013671593384	-0.00310900631999658	-0.0109207748148618	-0.0045364629487236
0.0135668779726193	0.0117278967179577	0.0152748829710213	-0.00249125946056615	-0.0155798223252083	0.00298136557828775
0.00941955164002308	-0.00262864602472828	0.00234775476332762	-0.0113512285984714	-0.00370448000232546	0.000251369079532568
0.0156045962198891	-0.000529717609543897	0.0103255096748279	0.0140211651518605	0.0109977218876953	0.00304610035940832
0.0139720494119038	0.00480028429288247	-0.001975729046447	0.00192282758732028	0.0146541533522637	0.00683735283215841
0.0112685812777479	0.00356788473036257	0.0108580138734165	-0.0111854106077036	0.00678823440718811	0.00226962945787159
0.00966741373491835	-0.00102633672070688	-0.0239137671465661	0.00735776326742801	-0.000612697451931708	0.000508271244489301
0.0125271879565712	-0.00237919225291642	0.00408109127377683	-0.00376521741109588	0.00418410284680295	0.0116032656404935
0.011622260359226	-0.00588688108528589	-0.0130509355801514	-0.00645619615529223	0.00722611585941485	0.0147268405387437
0.0124495066744259	-0.013819287559121	0.0111048937268856	-0.00433378474920874	0.00905865695822749	0.0182902068672781
0.0129946939219133	0.0056815396242881	-0.0073791206692025	-0.00338860179908139	0.0114713084529809	0.00441430666389762
0.0126716943108882	0.00256912497687566	-0.0232412760499004	-0.00191050034524421	0.0226017017589943	0.00713374193680885
0.0121448910954529	0.0135300691324343	-0.0129625150293123	0.00396962071112528	0.0114240268498011	0.00278782414882558
0.0133554438083705	0.0131900170246653	-0.0106324853403328	0.00741414740197576	0.00364094200922538	-9.66324163498441e-06
0.0143263492028784	-0.00270392408845837	0.00484603804995293	0.0142202829909152	0.00348921726791253	-0.00894737750148041
0.0146302591211947	-0.00194809203196567	0.00984248717118645	0.0112134297758591	0.00237145281042037	-0.000811568267062078
0.0133032241864862	-0.000698954627646155	0.000677073396647179	-0.00634224464692401	-0.00361358581290001	0.0113003284170407
0.00785407935967653	-0.00201231839392105	0.00442535301768389	0.012849999240677	0.0025984131402382	0.0210516551158402
0.0123397237824984	-0.00527785240656991	0.00474262128466444	-0.0127422804756203	0.00361089469599965	-0.00856229908895073
0.0127642062060415	0.013739637437313	0.00719089002807535	-0.0173330752728568	0.00785732663262762	0.00921935506436189
0.0147835912576597	0.00761780266186439	0.00244974130983171	0.0051933793578964	0.00764972813082833	-0.00335766764604525
0.0132526427673196	0.018800336034017	-0.00428739323192612	-0.00893556755247614	0.0129152805833548	-0.00648184371465706
0.0106724555881125	-0.00868745162442684	-0.0322405287530858	0.00572889835590058	0.00211487817934792	-0.0176601747398597
0.011572474215605	-0.00208167125083899	-0.0237728303167643	-0.00945055346347226	0.00915845870484473	-0.013365800939101
0.0137125135925851	-0.00221525974386976	0.00947840804657904	-0.00250092121507825	0.0120879053872664	0.00452354950048115
0.0104542310682917	-0.00396667360204197	-0.0381419732994875	-0.0211063028763005	-0.0128021319924846	-0.0253313973276957
0.0124139738135335	-0.00503566477519945	0.00263926106147069	-0.00401227353800869	-0.0098759261526998	-0.00288751704538285
0.0091866125621663	-0.0139624956678804	-0.0238055297185467	-0.0129366495274461	-0.0154442941506465	0.00670772117581378
0.00724346597956336	-0.00626987934345038	-0.00369734386265317	-0.0280221182859778	0.0332060173992373	0.00815205571015909
0.0063410829100458	-0.0189247515735375	-0.0331382017205631	-0.00518413489794762	-0.094009545266845	-0.049437413312993
0.00672145382822629	-0.0127264470491575	-0.0207442203779796	0.0385894563878949	-0.0375884060323352	0.0127472186715759
0.0113369862422319	-0.00914948649832387	-0.00339675869535673	-0.013274203719833	0.00243191923807611	-0.00796458593077927
0.0122582666325935	-0.0160441424015584	-0.015785137040952	0.0340914372856171	-0.00186270357296673	-0.00531815388746879
0.0121421815786676	-0.0174233205689793	-0.0150430127751062	0.0330119773713932	0.00174575490192445	-0.00331686598454927
0.0120410004985412	0.0315903277083885	0.00545749635401194	-0.016713950448257	-0.00698913291572718	-0.0110264570097576
0.0117965065985755	-8.13664432990548e-05	0.00340453603735451	6.93984073014409e-05	0.00152561700748693	-0.00766896141229399
0.0126231321872708	-0.000787585712671402	0.0017149754501451	0.00595889468684669	0.0109514324539185	-0.000896382005699297
0.0119786511952773	-0.00634272973326547	-0.0417218505249962	-0.0207913503870686	0.0192563452233678	-0.0137517002169627
0.0115123611272487	-0.00313352121406127	-0.00359451699256472	-0.00643303689747297	-0.00850975116580024	-0.00877525973417407
0.0136450239877671	0.0109546836232865	-0.00993743642276112	0.0161183364897035	0.0188331848650392	-0.00777628816942057
0.013649612684967	0.000126628744265148	0.00519778995265681	0.00847880841494062	0.00222382743223808	0.00775944700778779
0.0126346604411824	0.00239177798719028	0.00459258605075836	-0.0150031115482362	-0.00642925528032335	0.00171046965710407
0.0107196569735761	-0.00644985611513893	-0.0125043349076583	-0.00605366868738597	0.00475356555528141	-0.000670028092137464
0.0113150249160165	-0.0096863059140549	0.00154145519687639	-0.00651053145993894	-0.00826044064906272	-0.0129109297422358
0.0116845244484473	0.00578426241109502	0.0155128857742626	-0.0209478605865105	-0.00059455249970927	-0.0193690310986652
0.0137418925828758	-0.000277135113858575	0.00930322941747535	0.00388736862567502	-0.00623387660747523	0.00545902182697063
0.0116977957212628	-0.012054589364892	-0.00658098801695573	0.0046927568917349	-0.00683780911269739	0.0163028934595239
0.0124071696857589	0.0325455124939729	0.00850475348527724	-0.0172212180742196	0.0136843025801306	-0.000508983817550792
0.00971420457163432	-0.0151961085849745	-0.0129261914982559	0.00666464177273058	-0.000375745454583735	0.00762170125076929
0.0122327377639336	0.0160250962953608	-0.000973411263452657	-0.00221924326194801	0.00317427164195202	0.00632407852544384
0.0121202388708591	-0.0216778778391763	-0.000784503862083509	0.00589524491436296	0.0126021575618278	-0.0142614118707208
0.0119522665337128	-0.0113623115705689	0.00337247147544991	-0.00263963942733165	-0.00317545254959247	0.000591077446189299
0.0110440744566818	-0.0123870571642998	-0.0175206223531487	-0.000701572374076361	-0.00566434411910471	-0.00665408117104174
0.00959888799890188	0.0101066080160882	0.000676252566678554	-0.00019357618545042	-0.00535336418754234	0.0184851329398192
0.0103038706926673	-0.00258248137752328	2.33902712669008e-05	0.000988794340965902	0.0171963038035728	-0.00400860635898343
0.00913413768558208	-0.0136801751170037	-0.0275721968140918	-0.0238289731233061	0.00954560982411634	-0.00398717738068269
0.0109966045419697	0.00471242639023599	-0.00622337881496067	-0.0112020784817023	-0.00447607106077687	0.000617144824695696
0.00822547362048858	-0.0144525149164118	-0.00963203652975058	-0.0366470969851915	0.0274872225098268	-0.00146114086332434
0.0121290989378142	0.00597315174006656	-0.0208200914943276	8.16655191250657e-06	-0.0122308206258063	-0.0149289375373839
0.012141710974661	0.00629837901087835	-0.020609871172663	-0.000292035148046526	-0.0107760272582801	-0.0140678896225153
0.0120126239423035	-0.00570362538690285	0.00545461009630215	-0.00229761852368368	0.00267798707391465	-5.27872783790098e-05
0.0143099090056352	0.00727127456826582	0.00940803241259939	0.0133313739212441	0.00195398455634975	-0.00438841284241913
0.0115543818541785	-0.00139148641234296	-0.000570146601062809	-0.0119198113088405	0.00135430342335852	-0.012893728044749
0.0132352558743776	0.00779836760810568	-0.000523809289413801	0.00485822993622679	0.00993810141244961	-0.00585829272210924
0.0113013311911394	-0.00990701701044944	0.0145302140097369	-0.0252828544822736	0.0106907905292194	-0.0156681003953907
0.0108762122102022	-0.00969759891479591	0.0168957985817524	-0.0028506853670533	-0.0345234007474514	-0.00288049676657562
0.01324636106265	-0.0135398288238928	0.0124109862438518	0.00445604176487562	-0.00753915459961807	-0.0154303504255385
0.0119478501142558	0.0015723809607953	0.0137849725927291	-0.00220933949356014	0.00235158600269725	-0.00253843616743635
0.00904686453829396	-0.0109104247989952	-0.012856253390699	-0.00556170969521096	0.00265195269723983	0.0254712487449212
0.01321874048249	-8.74485052481354e-05	0.0026327124287528	-0.011217896631588	0.00138415082608816	-0.000355613391597008
0.0140002549447112	-0.00404824010285283	0.00740899342004845	0.00458898446165104	0.00355896725596589	0.00673863349275795
0.0129504368114772	-0.00109884568986465	0.00135221080035759	0.00741396142814522	0.000683378055868187	0.0166642861262065
0.0147064225910701	-0.00539465240748526	-0.000333721297211631	0.016850890408042	0.00376241076163342	0.00606953387602934
0.0128280311046388	0.0179017016261963	-0.0288882370192435	0.000219756475660207	0.0114730659990134	0.000368383397944384
0.0141373228961029	-0.00900957497625085	0.00752793423250046	0.0132649696209303	-0.00115028693768346	-0.0031260509474545
0.00943106699109438	0.0021813003006478	0.0239771486947435	-0.0155327377124245	0.0249025656157217	0.0119933506601891
0.00766071992517666	0.013517163924319	0.0285450585586039	-0.0131714414654422	0.0377467621582578	0.0163526478689123
0.0117654301829858	0.00956679909944875	-0.022692419111436	-0.00491785278422855	-0.0179941434052051	-0.0197007915972317
0.00895965287441753	-0.00335179244436768	-0.0259578719196616	-0.0246701548844616	0.0181846848779221	0.00895322539836401
0.0100246067482592	0.0017460094516242	-0.0190574514081661	-0.00231074154152442	0.00786164817420438	0.00531014367015573
0.0121269338942703	0.000102311118656888	-0.0146411503838912	-0.00258486350604174	0.0094348627448012	-0.0114279798052958
0.0108804384746291	0.0179928523934363	-0.00309685856027183	0.00461805297835893	-0.0267063342109961	-0.0157102376954944
0.00893683627441527	-0.00661088013904839	-0.0282342191568542	-0.019074720590568	0.0107576593278812	0.00128098214365469
0.01216565319264	-0.00461781286303306	0.000693216858876255	0.00675230366521004	0.00547451400048953	0.0147415839086059
0.0122434344962354	-0.01160372251376	0.00258589417210715	0.00167869534423413	-0.015047133700456	0.0107377085664506
0.0121273310985149	-0.00477212942767587	-0.00810967033628046	-0.00990663464307514	-0.0174194775503934	0.00944321936346106
0.0132721450760874	0.0035249030304571	-0.00242317910705074	0.00242852949900892	0.00423436894016395	0.000842220396869495
0.0129828350539622	-0.00535406600860806	0.00283790649892433	0.00314396640425132	0.00175364275787477	-0.000544466463545181
0.0124193824297349	-0.00821445212557009	0.0149846938636736	-0.00516913751389705	-0.0173336803889513	0.0104650804483072
0.010908917330873	0.0024276556519572	-0.0159847916245965	-0.00578980615960853	0.0185293018824735	-0.0139672328881621
0.0135385868395346	-0.00287409150186937	0.0135189972169753	0.00275487095649664	0.00613892216358043	0.00384161944598528
0.0100810949817504	-0.0209678220248681	0.00553326122241685	-0.0122411734142884	-0.0235467244266303	-0.0224591661810094
0.0107204245422682	-0.00661047244633352	0.000936965102129648	-0.0117816585561597	0.010324315327941	0.00292851313295828
0.0124425017526287	-0.00240347659750807	0.00396602605865652	0.00933254223035026	0.000128164261978102	-0.00331965761201837
0.0116945545987687	0.00312943840048652	0.0103645505911329	-0.0200883597488091	-0.0068408440994841	-0.0119699535714639
0.0109775680963312	0.0102253710175025	0.00725521908248536	0.0077153521740038	0.0173691999765289	-0.00535073271040156
0.0137634065001724	0.00905054027223071	0.00467573595723186	-0.00588078351482484	-0.00708978135756978	-0.0192076444802023
0.00869835165942028	-0.00125886939251954	-0.0108049700445995	-0.0105707218635436	-0.00393152721715246	0.0284886382466221
0.011559364542353	0.0154620695369648	-0.00649127217040141	0.00489969920056074	-0.00678604505748261	0.00113285179184133
0.0109940658644903	0.021508466076022	-0.00953589826465133	0.0112992586369865	-0.00688965614010653	0.0015939726027946
0.0133387216094795	-0.00366877810897954	0.0101120770419202	0.00596996536847411	-0.00229219757464276	-0.00671623902602422
0.0111350830342951	0.00120520966386282	-0.0134350775678377	0.0254745017192636	0.00505736754035029	0.00938918475887369
0.0135904616866413	-0.00987732975218839	0.00732268061514113	0.0054190465561611	0.00514985844421681	0.00154115648021094
0.0144316118821636	-0.0113174825310455	0.00967821484661326	0.0131054805764855	0.00172380257767353	0.000841460573058126
0.0128546142285352	0.0197922025747799	-0.00551539487392051	0.00324582561181345	-0.0119831510193503	-0.0069787088669715
0.0124975247756913	-0.00219822110726498	0.00505815526661983	-0.0006216362040999	-0.010085285236303	0.0125906604016334
0.0113896631580844	-0.0217892838338199	-0.00311709093602969	-0.0108860239232287	-0.00325313427197758	-0.00711784723007752
0.011737944264684	-0.0181090462984479	-0.0032028254916604	-0.0171027562269168	-0.00747922984604475	-0.00513818600957807
0.013830993369355	0.00846000325113749	-0.00515295752421635	0.0071660518602085	0.00152685913447861	-0.0053728849048206
0.0121465550375419	0.0028466567172709	0.00518572478238458	-0.00146011575990549	-0.00541569798188054	-0.00326089410188181
0.00961684106279336	0.00787967717214808	-0.0279336992347896	-0.0130473272026063	-0.0257618637687261	0.00953664268094986
0.0100155314024205	0.00470944284058855	-0.0262825434767692	-0.0052132103897288	-0.024081956650503	0.015470107191722
0.0130870099907357	-0.00883074894022718	-0.00709553900787975	-0.00446521668225429	0.00482464960106743	-0.00971762056390933
0.0104164519014837	-0.017608497581228	-0.00433809342832119	-0.0117997994253699	0.00252545951571953	0.00500845147361618
0.0125453367272888	0.00978139319683938	0.012794601245495	-0.00826904373463254	-0.0054093182308876	-0.00350436779193276
0.0127365046476337	0.0124473598673507	0.00686582271758039	0.00539795849485578	0.00344714377289941	-0.00215668620533186
0.0133845261344239	0.0020147942299764	0.0102287739348898	0.00433857236758865	0.00643860415167216	-0.00300750726678225
0.0135698594778431	0.00125004760135524	0.0056118170825662	0.00979715569466078	0.00354652894146724	-0.00331766784937863
0.0141868187482806	-0.00318871356090379	0.00344957032497836	0.00767660658634362	-0.00189342193665311	0.00406263226585355
0.0116049329927651	0.00769773031057586	-0.0135924388254808	0.0187320963853478	-0.00733946253600711	0.00673354259394409
0.00970628241821705	0.0175719952440583	-0.0393421732080473	0.0245057271988982	-0.0161088007319938	0.0119558903768366
0.00969712826289021	0.0155213249502451	-0.0439134424525865	0.0150369465802453	0.00792105825767611	-0.00241645275439022
0.0111922431394625	0.00241113567305134	-0.011516791925376	0.00467772764897525	-0.00162946300274161	-0.00199565440892122
0.0120512957226842	0.000932859713589638	-0.00679409860134063	0.00648919787000254	-0.00106110870661388	0.00251186494884049
0.0109458354279747	0.00541553451142668	-0.029919798761158	-0.0262442985996766	-0.00178879955356445	-0.00943122505561279
0.0123374231717102	0.00822605873660259	-0.0126615418891423	-0.0141134974423033	0.00541250444507965	-0.00858530199999981
0.0124127341983206	-0.0042429531646226	-0.00459519890015975	-0.00664290266168077	0.00452766110698157	-0.00189316977842977
0.0124398206902625	-0.0106728949652079	0.0044936370739777	-0.00745637560908959	-0.000166867174899328	0.00950174379354275
0.0142725739632411	0.00826332832815109	-0.00114081742883005	0.00151710337531377	0.00355687027245001	0.00252207973255102
0.0143916095947035	0.00791177144233189	-0.000487755722360522	0.00222520284298113	0.00497391342114804	0.000210315329967964
0.0120248103330497	-0.00500151055375972	-0.0026099619168368	-0.00758971563530289	0.0155296970535108	-0.0115365900635003
0.0116091716112794	-0.00659980265470968	-0.00170363937083658	-0.0123858292478469	0.0173198186024894	-0.000916163851400884
0.0130570172086383	0.0135455402858275	-0.00944309552159897	0.00330920211280223	0.0133234965526302	0.00930675171390044
0.0141183165659445	0.00158399915683552	-0.000801009160305368	0.0181208543858954	0.00189159658037444	-0.01069961050174
0.0146834270512395	0.00191309639057095	-0.00520813440223655	0.0213810736070057	0.00128378957279769	-0.00561122340001579
0.014703264068109	0.00332189380224097	-0.00957500011196301	0.0267796989892465	-0.00279831556519302	-0.00436067530905729
0.0143650599806816	0.00240157549702688	0.00545395025170876	0.0157134309120469	0.00398436952082019	0.00108311665046933
0.0127519484124253	-0.00776366157254325	0.0173892608519202	-0.000557929542038201	-0.000232467576348611	0.00212192569800838
0.0128690605976475	-0.00957536506789494	-0.00458741050063483	0.0109651650996403	-0.00374980622523951	-0.00265518184524285
0.0100176819532741	-0.0163913536908228	-0.0215614498171885	0.00516196935791024	-0.00444921073556936	-0.0056924260354003
0.0122396510830162	-0.0115717153664487	0.0109606266143502	-0.00955288105351769	0.00646330744352064	0.0136541569944327
0.0132005373664607	0.0195249693574594	0.00603939762376705	-0.00180172985311895	-0.00946712947983786	-0.0192025317982792
0.0124152963491765	0.00152628802659352	-0.00856691914028413	0.00294553750759483	0.00868333978964411	0.00580025104244352
0.0133191887030349	0.000351053935835189	2.49938755150338e-05	-0.00347715356610426	0.00171030296359087	0.000714859766022009
0.0120789036571277	-0.0035582629973448	0.0035739736105626	-0.00637302555160431	-0.00296934084414155	-0.00718652278701014
0.0122716661904448	0.0369427399504264	-0.0101027132171244	-0.00961008254959077	-0.00952510009679714	-0.00832412620790534
0.00896629669802816	-0.0245479009679686	-0.00228584312894142	-0.00334354099864405	0.00246887431425583	0.0227108865854709
0.0125055488313557	-0.002707076985372	0.0047405951310927	0.000566107927446887	-0.00380639856674608	-0.00615087250026057
0.0132653785846349	0.00288648956973839	0.0104812467826128	-0.000135606074621213	-0.0072611506103555	-0.00494836846377868
0.0125706834334209	0.00307722758516779	-0.00963364212320284	0.0170164847404591	-0.00649390627066045	0.00173649084550214
0.0114346494679844	0.00202488161471144	0.00283465429348281	-0.00320137252085731	-0.0266486898764514	-0.00643375346819752
0.0117470051469294	0.0318255861899315	-0.0108547338324808	0.000354147915301877	-0.0148960384478745	-0.00932832602922804
0.0110692227256531	-0.00421769998780499	-0.00070260842434999	-0.0127755562447052	0.0143162902863821	-0.00542371755956765
0.0106453689567967	-0.00107233657534883	-0.0111382784771188	-0.011461690131157	-0.00705621106523112	0.00577466237787426
0.0123806945066422	-0.00289020460489657	-0.00141972519557209	-0.00295378611617129	0.014641253020007	0.00809402109714054
0.0124718443502891	-0.00223593735818034	-0.00153061071705263	-0.00205983302680266	0.0151828366864817	0.00669651936347758
0.0120158679010681	-0.00241226112227025	0.00759598060635669	-0.0129490891128653	-0.00521455728969928	0.000646136807993229
0.0128976106851469	-0.00689839533338816	0.00858439952213386	0.012722552135008	0.0024380397021195	-0.0101289214793951
0.012774935432343	0.0292188617427002	-0.00603005085263266	0.000730500162546469	-0.00114270217933663	0.00503031618778723
0.00876754860249144	-0.0117432765112645	-0.0137756903833317	0.00753854396850275	-0.00770379970237249	0.025113175100334
0.012368737439967	-0.00485707184436125	0.000416612960136825	0.00438927911784725	0.00205315819259489	-0.0173953349754656
0.0135392841449747	-0.00298395409328986	0.011522451409012	-0.00183172988591961	0.00493031537918965	0.0139757388660577
0.0121463745720623	-0.00975510324978112	0.00146003630736963	-0.0113268089951237	-0.00291115070537191	0.00202561929176178
0.0121105574250532	0.00459447311402236	0.0072198155919089	-0.0121483350197735	0.0131729290354222	0.00762151679037033
0.0141391451845197	0.00154555780833352	0.0155812607323807	0.0112606716686949	0.00496897295949089	0.0020205692904639
0.0117562904270615	-0.0104147778405216	-0.010381323742729	0.00947939663670092	-0.00963127549095205	-0.0129702643685659
0.0135259481955183	0.00172519942298672	0.0188744145183061	-0.00816043620372594	0.0116422375377988	0.00758103797832506
0.0122797999761089	0.00785558975143186	0.0111393235933931	0.00288786311426756	-0.00953716394090254	-0.00900391953851062
0.0127491337713219	-0.0166137853424874	0.0124337511285989	-0.00723737553980025	0.0238701891730449	-7.78616637636632e-05
0.0120452395068542	-0.0101359977424026	0.00360386436064579	-0.022476844738486	-0.0161452825605575	0.00485485720437273
0.0117481869355428	-0.00375234325024858	0.000988567275720982	0.00747647290979073	-0.0182252003067701	0.00325947780138691
0.0110637548700456	0.0238628168219506	0.00763041317396585	0.0155353308450904	-0.0129561628917449	0.00233303238447798
0.0106226134489577	-0.023714174275328	-0.000590517922607334	-0.0127833684250827	-0.0337116702363822	0.000139643982113068
0.0135828044017169	-0.00508036059967541	0.00405422740258087	0.00680221879908058	0.0126387437673825	0.00784846380006988
0.0134046091547451	-0.00302615859164887	0.0161054435653066	0.00679742418793421	-0.00227134075420144	0.000995696322824406
0.0127439998107486	-0.00556760862876745	0.00900474993573013	-0.00964443119686371	0.000425440096904343	0.000207826845110898
0.0138724180496543	0.00305400557372315	0.0105383406365449	0.00928830562060648	0.00484826829835894	-0.00877697028955348
0.0117905837191144	-0.00163155159606372	0.00112194472156054	0.00253959224978969	-0.0105071748093776	-0.00342342077678128
0.0121341771658214	-0.000306656446477793	-0.00182066903558486	-0.00211805868990846	0.0137922134726657	-0.00404992190473219
0.0126767570089593	-0.00592598920871809	0.0222219601991818	-0.0104764784819173	0.00162882083871571	-0.0100334090084219
0.0125087709207777	-0.00115289737481669	-0.000177325169544345	0.0051499538504533	7.21237038523613e-05	-0.00950011742793662
0.0124829511868358	0.00760871119385774	-0.010277792743823	-0.00222380558400939	-0.00881900334930589	0.00746185445490855
0.0130860866989235	0.00541639767836517	0.00551023878179843	0.00461692216940489	0.0104860716968781	-0.00946634629510202
0.0139429735370174	-0.00321021997621531	0.0113611734056374	0.0011711533029552	0.00404567475677841	-0.00579696845781233
0.0143551217952333	0.0110756239037304	0.0147159154496646	0.00156166494634901	-0.0068661041868221	0.00441808703336731
0.010082088730089	-0.00208499509808429	-0.00671605016929979	-0.00675865488154988	-0.00481753144235052	0.0182268684505681
0.012742308439937	0.00974514889071618	-0.00823997951216179	0.00404263269394879	0.0138459398952575	-0.0130755729731455
0.012529683525276	0.00903982517418889	-0.00804818070669124	0.00537269002086328	0.0114856035993972	-0.0147333128380054
0.00842881360192001	-0.0216724251711737	-0.00434804301739874	-0.0409939689711025	-0.0376593206129224	-0.00601713497494605
0.0144200570324012	0.00589044017378623	0.00656160517679089	0.0100438983115728	0.000914204999600855	0.00360114378778987
0.0140652550817898	0.0154057941463637	0.000425266448070407	0.0157473991231121	-0.00819027831742067	0.00710320702195051
0.0124099648021529	0.00486120122240146	0.00375102192560436	0.00125963990010649	0.00430664493038924	0.0144718232332077
0.0137943934340052	-0.00849107522778247	0.00504252106933515	0.00283545737784397	-0.00185939193260909	-0.000169425373888223
0.0132939766109012	-0.0181723537664949	-0.00054706125074804	0.00290891721442826	0.0118109523298804	0.00637451832330225
0.0110567483348497	0.00304359586633948	-0.00532336820121132	-0.0127202647398252	-0.00637027559738869	0.0032156189403365
0.0124408934876026	0.00103985362017422	-0.00162181662744259	-0.00670044207517715	-0.0158831828197711	-0.0172996251412939
0.0135477582814449	0.0173460665260933	0.00339280995252651	0.0018321948878748	-0.00508210548684505	-0.000776471953147619
0.0136833348247972	0.0170471536563719	0.00401927991942331	0.000455336536442014	-0.00837758567186769	-0.000975389101643378
0.0132225583549267	-0.00896561528046564	0.0100777854904713	0.00459518778516931	0.00659632103740043	0.00296305993958666
0.0114605957771569	0.00745822485054653	0.0136972474905334	0.00274491889611179	0.00398620646723005	-0.012733483787873
0.0125854864964738	0.00391838779839324	-0.00118628229257255	-0.0106621481878477	-0.00427556531171398	0.000305209706833691
0.0145694506810928	-0.00231846523273204	0.0102318772209984	0.0105669138405447	0.00659330995384683	4.44123094682355e-05
0.0123698738907897	-0.00728169583567614	0.0178368483441086	-0.00595923711115939	-0.0083898994893006	0.00315911789825679
0.00909627007876853	0.000147217607871027	-0.00849855671575241	-0.0269393074550876	-0.00593935268227205	0.019483898219249
0.0122581876867191	0.009483660979326	-0.0182209102719509	0.00459279791934669	-0.00921936271916651	-0.00358909102038173
0.0139067048052549	0.0134304643504503	0.0131602660365716	0.00867841179431697	0.00747856349558094	-0.00896112941464625
0.0130939619089513	-0.00187482876672429	0.0205529078076874	0.00680215988000394	-0.00818242410464284	-0.0081651553176684
0.0111118463332046	-0.000968783317029322	0.0104732896760685	-0.0266843482364733	0.00989308508493888	-0.00665665694563586
0.0143139253053898	-0.00766400958113172	0.0156497694463908	0.00905509049619798	0.00727895537160104	0.00519605917731381
0.0125172243646005	-0.0111076644606586	0.0255146356394947	-0.00359284709664414	0.00746080533581377	-0.00348336885174008
0.0130262156333708	0.0021524035794098	0.00874680200624081	0.00145910733303207	0.0114067171713122	0.00239022739760275
0.0109971979041967	-0.00692035229809611	0.00462313937281993	-0.0229106569268881	0.00474941920771492	0.00924164029263926
0.0130387779024882	-0.00892482001721671	0.0164646936725903	0.00181038572621217	-0.000764670964956671	0.0100348668691711
0.0118127447707586	-0.0122699851041149	-0.000551920333058066	0.00876743515834268	-0.023554445864089	0.0200636595747605
0.0136653756084442	-0.0157298886802802	0.0101770808254091	0.0137541464024383	-0.00935732749799342	0.00792660690604951
0.00953948140184319	-0.0195790289725878	-0.011479582309312	-0.00271546733960241	0.00738907550239625	-0.00591487719911383
0.0119567255228014	-0.0117126925583061	0.00371053309200698	-0.0122412348522763	0.0108824102809961	0.0105117165387104
0.0137817981075885	-0.00348798577107788	0.0131355809726344	0.00972681304816771	0.00503274215478396	-0.00501960195162519
0.0116797269390055	0.00107065451176477	-0.00134641843551599	-0.0100876579040322	-0.00243056589844409	0.0172337537701518
0.0133471143295291	-0.00487957511621488	0.00566368621635587	-0.000321536734995882	-0.00319115395265802	0.00104802046124001
0.0133885158393315	-0.0036595224692893	0.0069236278494909	-0.0103594204890026	0.00423485219349314	0.00106230838640801
0.0127339346312405	-0.00124211735928081	0.00246530969668974	-0.00162355347123196	0.0054185348688532	-0.00401466511338141
0.0122550091132555	0.00343480621910533	0.00728599460349583	-0.00706545981133386	-0.00613556189345396	0.00284063360025393
0.00684721832864801	-0.018017475343708	-0.0122910549334954	0.00143523972601059	-7.15871431624456e-05	-0.00637425703329242
0.00712840738955834	-0.0373385281434417	-0.0246427785469874	-0.00954531968597374	-0.0493147725176841	-0.0667433749164317
0.0137309464812467	-0.00110826666721219	0.006271116456023	-0.000470397756205678	-0.00409790441198273	0.00978299801775694
0.0131048583977354	-0.00193958789687095	0.0102586702537973	0.0019515110924224	-0.00744876680602403	-0.00745607840548852
0.0133472005508644	-0.0175955269640603	0.0261388569643351	0.00523814025351958	-0.0150563909378118	0.00947699561520702
0.0125763485945053	-0.000554686977795429	-0.00307822974514512	-0.0161121141266801	0.00619171393389595	0.00417518437023904
0.0118539014157127	-0.00305531758182826	-0.00694556822572104	0.0129037867358308	-0.0134266559884855	0.00384621401311352
0.0125529857061642	-0.00742670068053797	0.00148678799255649	0.000511656970226259	0.00043436087182175	0.0093875461172381
0.0102482041930101	-0.0048833220573906	0.00455696952837024	0.00281611568003939	-0.0183319529351348	-0.00220090941688444
0.0107466107693808	-0.0177415671699159	-0.00641797129424859	-0.00998928333350683	0.0244438986535399	-0.00576746586306766
0.012343954429865	0.0178963425391877	-0.00499008401515821	-0.00350471910145873	0.00111711060009398	-0.0220000617050462
0.0101275757344456	-0.0169311019779314	0.0138277588181635	-0.0122658901436883	-0.00813167972400156	0.00907441997464729
0.0115992554406615	-0.00993410108729194	0.00591111128939788	-0.00795162950663803	-0.0244399271595532	-0.0106855368028603
0.00903076581201183	-0.0459707609288676	-0.0210169763785837	-0.00707221488015534	-0.0361328401931116	0.00909214668163274
0.00967047162726114	-0.039081620505099	-0.0180680008762482	-0.0129578357179002	-0.015843068844528	0.0024960881556191
0.0131234515960294	0.0102948442153109	-0.00158459574859767	-0.00969013890109993	-0.00336305709195849	-0.00814623528124529
0.0125288849293568	-0.0118261282320261	0.00699466914484563	-0.00743680114274854	0.00247172504497311	0.00634027362526395
0.0117259479143361	0.00223054665567885	-0.0101698847974259	0.0230410111513805	-0.00294491173543453	0.032976793620675
0.0123439743055187	0.007217634790217	-0.0300925167839773	0.00250131955525617	0.0222715964680515	-0.00445612908162332
0.0136388005816785	0.000271712108827652	0.00609654572610673	0.00780598540524768	-0.00139028976288766	-0.00476786145130355
0.0117745569711073	0.00205766541909271	-0.00303203209707962	-0.00673595610407327	-0.00878344296893374	-0.00417588379208038
0.012517775316618	-0.00543156050357186	0.00872020555573689	-0.00962110174548822	0.0123639766488338	0.0024877785364486
0.0074837627773037	-0.00189673184545292	-0.00320040500601795	0.00821313340376923	-0.0400214102988125	-4.06964554810684e-05
0.0131847628029013	-0.00366845174568271	0.0121911622871193	0.00262076154451049	0.00833079279636739	-0.00361543641337534
0.0134339434588773	-0.00129495600932603	-0.000830372297548077	0.00772785324192912	-0.0125826796928802	0.00697678068429257
0.00893301219099215	-0.0036028468890294	-0.0110053106800766	-0.00653917605206033	0.0104170142579183	0.0385360497635662
0.0122265729785181	-0.00645264449115957	0.00850854760133993	-0.0034065277248139	0.00187238266646209	0.00843332403942649
0.0134470899844537	-0.0088989001756495	0.0170311130241514	0.00648838547723816	-0.0029422284045275	0.00118456357279044
0.0137431100611943	0.000500800098584943	0.0100794851458472	-0.00293888893202964	0.00681268950441032	0.00295171230661101
0.0137313883696764	0.00236257887776507	0.0145154788155603	-0.00258063469901583	0.0155697189600265	0.00835726388116288
0.0152365358938208	0.00708238269164083	0.0122587867402686	0.00287821410187364	0.0124577070937875	0.0200166284669808
0.0122780557854075	-0.000213199376606081	0.0110707639823643	0.00321740720825067	-0.00813873110738919	-0.000885570009494634
0.0110273237415543	-0.00016416154663433	0.00330909684433444	0.00160848530298359	-0.0043881126932796	0.00858449343748612
0.0103438070184072	-0.00712917728391081	-0.023006457354172	-0.00367945298321559	-0.00723894249625423	0.0277432867596402
0.0128064034125809	-0.00200467300137907	0.00165965911882416	0.00408641966627831	-0.00845993168118872	0.00271830551610616
0.0147854122373114	0.0151108335620756	0.00443500657842338	0.0089057377238892	0.00252454854901974	0.00586140003376487
0.0139534126993105	0.00772343735214605	-0.00335684944567144	0.00988046230243365	0.00954991792744358	0.00237258224064222
0.0152899716532	0.00373904820616638	0.0196212570869947	0.0127389089389066	-0.00199606437314341	0.0030871182757738
0.011182024346584	0.0158254730289902	0.0144140911368831	-0.00210844737802445	-0.00905028627260852	-0.00589963078604234
0.0112042066466628	0.0161863541209716	0.0174280582961845	0.00647266656403664	-0.00993101470991128	-0.0109139732438234
0.0116582562041903	-0.00178717460109553	0.00389902037737659	-0.0200565218186755	0.0138474503659493	-0.00216448408399218
0.0131021038140998	0.00306828998083872	0.00774248195272616	0.00268758956191925	-0.0038160203342489	0.0136443384283894
0.0123837067851114	4.69090908913981e-05	0.00607623313742546	-0.00703893789669069	-0.0133670551782568	-0.00981079985521
0.0117530492230461	-0.00204718260234823	0.0112739417638087	0.00127580539797376	0.0132720206448342	-0.00102221003235275
0.0136013930057259	0.00071651143557152	0.0079989082786259	0.00347117054248672	0.0106992491746353	0.00472182826515168
0.0117884950915292	0.00473040323865583	0.00288230135271677	-0.00226800285169463	-0.00374197410332202	-0.00217056061319178
0.0130725595136686	0.00621122583600602	0.00434993286224907	0.00963349801767373	0.000456740500700517	-0.00987047815955396
0.00838057444607349	-0.0214754384845593	-0.018593865676176	-0.00653796470700013	0.0250141210972461	0.0138850248348922
0.012988430712004	-0.0146891583598931	0.0147051907307002	0.0026986728291105	-0.000729699687092729	0.00714455672519214
0.0131562877141129	0.00318815880859302	0.0067504111494068	0.0122411167964118	0.00401945392994631	-0.00742097874248892
0.0127218316358945	0.00214124952853497	0.0146021827892973	0.0107035546725881	0.00625183333873901	-0.00470537200275822
0.0096064902341526	-0.00872797308113164	0.00105096706483114	0.0093388713483575	0.0091701684064166	0.0156392864183408
0.0124808324536634	-0.0088505556401855	-0.00172130097216275	-0.0140579676835227	-0.00432275123344052	0.0088827162782394
0.0121647759667887	-0.00746567643636056	0.000341083048212376	-0.0187645033375555	-0.00661187219146067	0.00878080629843151
0.0133835036415643	-0.0102914455753209	0.00156315222991982	0.00537058581926408	-0.0029260228226544	0.00685284549055715
0.0124293973791623	0.00346921026430198	-0.0305392993065222	-0.00496850222638568	-0.00120752651524765	0.00405320770413389
0.0131006155392634	-0.0072239797461531	0.0150080940332805	0.00347051897365598	0.00216308336380382	-0.0215342531677436
0.0140750486795288	0.0136314491998021	0.00552615186168089	0.0052550636595867	0.00217759665792472	-0.00652162981011327
0.0117440033412576	0.0150129257817379	-0.0156759654883044	0.0140400830280786	-0.0021093523194396	-0.0183815683905303
0.0128132301708276	0.00586133902374229	-0.00646510333272203	-0.00389529384946553	-0.0111981270398485	-0.00429273861578613
0.0136125224758513	-0.0120619217172466	0.0111132109902311	0.00715211580063429	0.00312788434812981	0.00137847174760766
0.0128872301490438	-0.00383871515726721	0.0115527664867326	0.00492281320910347	-0.000404125639986252	0.000540444245328084
0.012958542613822	0.00738302438940256	0.00681042164829815	-0.00414851218295127	-0.0024767753625918	-0.00480220928848372
0.0124029970662681	-0.012343324764198	0.0137523243988673	0.00208471465893407	-0.00703625306760519	0.000917973587134646
0.0131489042255114	0.00121924077067164	0.00501139714786147	0.00308762869440869	-0.000576347576534719	-0.00484469999610903
0.0119093595335347	-0.00746087129986335	-0.00318177239563527	-0.003191896528524	0.0149641736594772	-0.00531832773304192
0.0133047726836326	-0.00252288243466132	0.0134299572093555	0.00353395284106363	-0.00264679095037995	0.00173467245777114
0.0124758270095122	0.00306270735033355	-0.0109941971322401	-0.000168524612564401	0.011544986952006	-0.00164301419712638
0.0123387075339302	-0.0154906441872729	0.00486495202591042	-0.0052414736976993	0.000807153864847272	-0.00617846906229695
0.00812281133617288	-0.0471752527525015	0.000880344010420265	-0.0186648897798433	0.0300342557024308	-0.0247369562497899
0.0130429453395755	-0.00349634227135718	0.00469478260940733	0.00587908772589285	-0.00414534243190539	-0.0126278330536332
0.0096607216686229	-0.00149030438542235	-0.0129416058027422	-0.00882941911082721	-0.012408449284007	-0.00367936671831069
0.0119876642494058	0.00646277723726809	-0.00395310373715963	-0.0106186982807539	0.00216387907168425	-0.0216596148033236
0.0123681925694341	-0.00532755182598491	0.00560841406011536	-0.0134703905165339	-0.00342347633404549	0.00278571298703507
0.0126955789593953	0.00265644413439849	0.00938521227764273	-0.00615151559834208	0.00797533976715637	-0.00240405982580227
0.00755633642558935	-0.00632142251622113	-0.0488599305798053	-0.0138097743851787	-0.0241700853413226	-0.0219576870116972
0.0130187144189029	0.0227774541552964	-0.00227947625895592	-0.00629884678283511	-0.00482829150097561	0.0101735224123337
0.011611326414834	-0.00502603926572787	0.0172786738175965	0.00315790290839552	-0.00745699029110126	-0.00935061874494614
0.012866026503034	0.00493891624644233	0.00682983095996637	-0.00249417974455188	0.00734130043983965	0.0130459359482576
0.0149257583069724	0.00720837785222327	0.00455236038045787	0.00696100720180367	0.000313188069780229	-0.00241127387198044
0.0133438102386322	0.00719487098849248	-0.0404834294314914	0.0180089404846903	0.0334068938636424	-0.0116871236546007
0.0134148952803836	0.00642944594471545	-0.039864668752791	0.0180014308388357	0.0325853072751321	-0.0134636453500786
0.012284247738336	-0.00541562265784317	0.00582550564998285	-0.0193827844177522	0.0260671283131396	0.0171117610494921
0.0134421175806344	0.00198823178169748	0.00615789486688949	-0.00826877084797278	0.0100237774201031	0.00436030372352197
0.0126974963803942	-0.00301306834793546	-0.00186710039385372	-0.00852295341502259	0.000443323570718514	0.00952863669310298
0.0117968698467081	0.0107775480327494	-0.00197175860668011	-0.00660345814810531	-0.0029751662289732	-0.00713207174501886
0.0132406630119107	-0.000874418955686144	0.00934250591723999	-0.00954365841979901	0.00169577658499003	-0.000569196057057452
0.0120367469311447	-0.00302910485356957	0.00970176793032187	0.00385671300670854	-0.0171643579649623	0.000720700423793387
0.0119208449971612	-0.00199335435080971	0.00924736331853139	0.00373627438316226	-0.0140287721469524	0.00578937769199326
0.0123109950243152	-0.0128878536920188	0.0104518416990983	-0.00182194823759805	-0.00126276367130714	0.00577163736916513
0.0121549615015925	-0.00791687302530123	0.0129125487740993	-0.0104803095709094	-0.00553881331492647	0.00129086035252448
0.0121299742310364	-0.00323433999355181	0.00787383264362874	-0.00894707281436429	-0.0106382703925617	-0.00197674146452178
0.0134364051456492	-0.0137805354595556	0.0122991015564024	0.0124325595087051	-0.00595037902321672	0.0059167828405568
0.0143345316696221	0.0083792763435681	0.013173152017006	0.00127176887686306	0.00394144682418954	0.0150265608471521
0.013527285594275	-0.0128498112942676	0.0139732571426937	0.0018282771291799	-0.003017770011102	-0.00266377794941977
0.0138471943891315	0.00700604941770585	0.00267784566657035	-0.00099341051337546	0.00806991451573827	0.000549426626134578
0.011468089622752	-0.0127616006428046	0.0045871233827328	-0.0175281768920434	-0.0141898967803019	-0.00296182169701499
0.0115483789289905	-0.000939574124709785	0.00352090531940076	-0.0122968878485201	-0.00991622470712336	-0.0013336513524945
0.0123356294070652	-0.00243374513173938	-0.00144543350434385	0.0110541395418576	-0.00541852957621222	-0.00601925760071602
0.0128372232461513	-0.00468288198993302	0.00637435911804111	-0.00723049985268532	0.0055318552174326	-0.00280611239052775
0.011132170972621	-0.0108474664272027	0.00379813592415972	-0.00386824177761993	-0.00528632120683387	0.000671717002913766
0.00818935178750774	0.0275393138841371	-0.0123990755041323	-0.00762534257192417	-0.0453264420246479	0.00657756021522404
0.0127459555203733	0.0149589108945093	-0.00488522657276142	0.00112482692473002	-0.00243645039569242	-0.0105480869740676
0.0119232862621363	-0.00954493720671231	0.000191423101931413	-0.00434520406194814	-0.00963792479488654	-0.0124925692648747
0.0147756656649205	0.0147127665903818	0.00374069680793697	0.0118217598825652	0.0107136712272281	0.00283924443522409
0.0127755066599502	0.0364220012296595	0.000186399321581088	-0.0109395420514137	-0.0019330852531749	0.0042867171033744
0.0123988583177088	-0.0380906207444146	0.00951718080276154	0.0208698026436214	-0.00382682896715674	0.0323668323946001
0.012004493180615	-0.000929750477821528	-0.000391225142119566	-0.00564098270040271	0.000956417320614271	0.000984017599455181
0.0132262208147369	0.000269299242562039	0.0120637061795156	0.00250942991795422	-0.0105231946062254	2.37456779349115e-05
0.0135611076903874	0.0018133949254735	0.0101910565332783	-0.00804748290929413	0.0023332702355275	-0.00371037305919706
0.0139672391189986	0.00397554409096794	-0.00238302483384333	-0.00178740760310071	0.00322269780662024	-0.00411328001918835
0.0107558859761362	-0.0122543518424024	0.00546243971912882	-0.0263561122934339	0.0274305435278879	-0.00936892284810427
0.0101678229500042	0.00238534222036763	-0.0123015518656612	-0.0118741548255685	0.0087034462411051	0.0123534954261168
0.0111647450750706	-0.00253922449490127	-0.0115093886956629	-0.0127534773605584	-0.0241834813394169	-0.00406508414045475
0.0131423051940844	0.00765864531161772	0.00249865738512746	0.00430233304319228	0.00466484098222219	-0.0135302422047156
0.013249885214644	0.00626245276020781	0.00436184168618985	0.00724961696500922	0.00454287120739993	-0.00878799009185507
0.0120431014103904	0.0112440476451778	0.00442931742448662	-0.0105596056397901	0.00340731523498695	0.0048372654052593
0.0122319783203289	0.00688634403420908	-0.00470210819852042	-0.00654783651740502	0.00205998019256099	0.00418517662116365
0.0144985317625844	-0.0201077285701843	0.00172935661429705	0.00626038371076452	-0.00674288542594263	0.00663758665499382
0.012785784664699	-0.000317093818420845	0.00218446665089327	-0.00585549090238029	0.00392080378106276	0.000172111546580532
0.0116106174991172	0.0261750743408442	-0.00224084035493363	-0.0178005095504978	-0.000500399564228027	-0.000193407733690429
0.0113705930590943	-0.0167093405390954	-0.00791697102180277	-0.00429935061370441	-0.00839290527548052	-0.00088424317172051
0.0116844017447172	-0.0188265645757494	-0.00047996590998661	-0.0107795193357085	-0.0168105804859751	0.00639020988202783
0.0146532830157934	-0.00666693843593944	0.00393629322385293	0.00861069578129295	0.00519582991678901	-0.0151609716470048
0.0128399692154987	0.00148999238355696	0.00431623085545404	0.00422637361166651	0.00801695358865433	0.00834677639654911
0.0140531618214681	-0.00243824390168559	0.000638446463981399	-0.00147072731708698	0.0069332858128122	0.00257709845168602
0.0141517542908331	0.000124053230795009	0.00303556993518731	-0.00170008178362957	0.00452213710745931	-0.0172955522232538
0.00984928382507557	0.0180316156292762	-0.00249878712699956	-0.032949615596341	-0.0166593209151136	-0.0139051520110001
0.0134004382936416	0.026846212530404	0.00370008464832401	-0.0100770070821365	2.52835101245009e-05	0.00211821651273117
0.012009131368102	0.00433306831233741	-0.00741502781198505	-0.0102563396026407	0.00847660784708649	-0.000293147399458108
0.0131144950435889	-0.00581332260008083	-0.000359192462476468	0.000485952854962056	0.00544912642483557	-0.00402012500282524
0.0115793977423499	0.00100100506899419	0.00478600420772741	-0.00936883902705173	0.0018949597964729	-0.00865469871623584
0.00771690050959204	-0.000989139509019418	-0.033538624181786	-0.00690405120710772	0.00437718810811809	0.023248986719649
0.0148316422940091	-0.00978554746152135	0.00477205313400008	0.0180925695429814	0.00866557690301148	-0.00613253213762222
0.012936323137262	0.0134836048049855	-0.0156442066688305	0.0120233194893038	0.00580174749955696	-0.0232135161182606
0.00995522951225577	-0.0141457255640744	-0.0226510272535128	-0.000991254558513819	0.00277579839961674	-0.0144702379861715
0.01329272705295	0.0048858335904538	-0.0281424174202823	0.00838664546413447	0.00230255839871822	-0.0235604080433343
0.0138010437711645	0.00333343731535691	-0.017678627397162	0.00913464481943941	0.000801492817539714	-0.0111876532939376
0.0131027951360038	-0.00110161005094977	0.00455868941711649	-0.000397040696850621	6.08267619931937e-05	-0.00202009702111953
0.0123060932231001	-0.00166504428107268	0.00963519016892203	-0.0167361256723246	-0.00233340979280609	-0.00969736405452523
0.0122554548508941	0.00862560849742411	-0.00260270942732453	0.00161567714586315	-2.5598575790159e-05	0.000814212384605649
0.0121416813984054	0.000278368911586448	0.00253164993037689	0.00585151230146412	-0.00934850235816394	-0.00218791498154836
0.00912815002547973	-0.0101277534445556	0.00442391909386058	-0.0149074686318375	-0.0296191023913459	0.0134436012528893
0.0105771513633305	-0.00195483662862914	0.00650772183197632	-0.00476587523968279	-0.00678333957976026	0.00986811863011742
0.0117536703623964	-0.0027207323633698	0.0016318426530138	0.00686692207561141	-0.00759770643273732	-0.00937552872498225
0.0118386950161998	0.0239872859539208	0.00442983744209687	-0.0182296616868987	-0.00480783332403002	0.00738972564522761
0.0113857212908659	0.0202182216458575	0.0063702434298546	-0.0236699450482179	-0.000692630864427908	0.0128492194963164
0.0133121872026699	0.00481980286207472	0.00129331329375881	0.00372634017096307	-0.00576164608003096	-0.0129888410902696
0.0110674329913073	-0.00264847304170017	-0.000809682507502794	-0.0253213162446136	-0.000337550517641241	-0.00515783714503947
0.0070581245703218	-0.00904472151933635	-0.0385444110989445	0.0245549883505042	-0.049195623499958	-0.0199111205254931
0.00716300627714979	-0.0127644332495123	-0.0420338839133369	0.0305354009933082	-0.0380136414338495	-0.028177791313027
0.00962515035856316	-0.010182494766581	-0.0124411002782276	-0.0138147190744375	0.00971776023216216	-0.00207617577099597
0.00942281960878505	0.00591667833638432	-0.00655788212186353	-0.00669924682053155	0.015357855683401	-0.00451553495695687
0.0121400411904227	0.00379390517570542	-0.00472194260079119	-0.0118416938722013	0.00318518927301575	-0.00462431334053019
0.00817975696051725	0.00194040259793437	-0.0198177131459172	0.0201797819996019	-0.00621501741373446	-0.0331787250501518
0.0118263895845399	-0.0360955146753014	-0.000970897780847521	0.01315241489655	0.00661337293045387	-0.00454107928575614
0.00636155819276358	-0.0435713729912436	-0.0360392239652759	0.0178418806812006	-0.0511668050270348	-0.0239522822154098
0.00752143218007899	-0.0297400598499109	-0.0277580157437601	-0.00459963009657789	-0.0356731667432691	0.00314264895462034
0.0128516386135262	-0.00735578662566651	-0.0122515481779701	-0.0158838910641825	0.00247126139895071	0.00163374441704529
0.0128967130313594	0.00240950853166369	-0.00206393591989632	-0.00509475440029643	0.0101210909559804	-0.0132850441428563
0.0129105010025656	-0.00978579915341132	0.00491850905654524	0.0025083024632071	0.000105746678777105	0.000172895900626514
0.0128000022073004	0.00105675230596307	0.0105826536350727	0.00551337908158262	-0.0124143715961803	-0.00705885599413676
0.0128214170912701	-0.00411878642074017	-0.0059841523054207	0.0123829184613471	0.00533191650047748	-0.00189757330074319
0.0105245632563207	-0.0164503808489381	-0.00644177211654492	-0.0013539751421277	-0.00911225740784692	0.018598460928316
0.0138964426361105	0.00490721782413865	-0.00783576912216593	-0.000979178993324314	0.00721565164925235	-0.000230645897193573
0.0141464498560814	0.00169953790911697	0.00949829334255152	0.00804170021787793	-0.00273654947472962	0.00360099950736079
0.0122825292837661	-0.000603608419368577	0.00563844680889684	0.00632912458933724	-0.00320279451497801	0.00333082611102484
0.0140801463451259	-0.00603754199472675	0.0101007924934017	0.0127303374866286	0.00218772880447696	-0.00604577040491108
0.0140685204054781	-0.00721856454573082	0.00841593403098451	0.0120450543317355	0.00079177210372939	-0.00590695616372475
0.014151408726424	-0.00259247170192695	0.00380739951639363	0.0130565118264045	-0.00510458415463708	0.00668386211198399
0.0143387785585689	-0.00277330455902258	0.00202750281072159	0.00353515629194966	-0.00224268743359867	-0.00364226169454048
0.0146417769154365	-0.00522290655024885	0.00495786133203849	0.00567724237448643	0.00326657716713315	-0.00683849970019226
0.0135540008196291	0.0062946473887816	0.0116062567255359	-0.000269922048142324	0.00292567298807949	-0.00852729786561458
0.0133545891866632	0.00517102991110999	0.00997662125387489	-0.00158601153146223	-0.00128675424394879	-0.0123816509403055
0.0124262374711481	0.00951409444938206	0.00186207298911368	-0.00995983475182977	0.00726677005382028	0.00103972270464699
0.00903430629893072	-0.00942076610040133	-0.00796717374020904	-0.00432547809331386	0.0334086582249836	0.0161371162595803
0.0133528691877319	0.000393311139545195	0.00146035428400195	-0.00171176722248428	0.00359364229181711	0.0102670705645833
0.0118497322205817	0.0304634413845096	-0.00257043102559519	0.00357688516026457	0.00126643368728399	-0.0125320677006583
0.0131357536382111	0.054299593825398	0.00769945987156826	0.00220187340054407	-0.0018730925191365	-0.000427360542728667
0.0106934128900543	0.00804951043086379	-0.0124640051059064	0.00580945273312105	-0.00371506791728989	-0.00464064219728269
0.0123470920750333	0.0199414721988773	-0.00136272794295654	-0.0175749440036801	0.00593660286539926	0.0131584121305973
0.0119490824565049	0.0240317348757874	-0.00179506124027276	-0.0202465855852912	-0.000798274615011078	-0.00617816780710132
0.0101682764378744	0.0161591840836383	-0.0267712168514605	-0.0244406210397525	-0.00624275194003624	-0.00254703863014716
0.00933254870065452	0.05551571705953	-0.000668350831003405	-0.00245386262722762	-0.0244710717399464	0.0114225856458871
0.0115076901999361	-0.0128299551684737	0.00932848411249406	0.00207625456114372	-0.00270023636024748	0.00412430765445931
0.0115574083956092	0.0030214301905065	-0.0108794146405022	0.00931401198706239	-0.0201123955514053	-0.0180780392787049
0.0111989847631404	-0.00088601719389658	-0.0179388422070878	0.000345247081789474	-0.0149274064317833	-0.0233464255974077
0.0136493932120233	-0.00521090198170171	0.00424022688016343	0.00593576938849718	-0.00120386378646886	0.00609333200674582
0.0130120167263502	-0.0805583885387224	-0.00570536234654766	0.0644656652559978	0.0221256693723124	0.0399838163053953
0.0123116670450934	-0.000295578109360386	-0.00783678232717803	0.00704616669597051	0.0112523983636613	-0.015240011778708
0.0122604088093843	-0.00179852142599053	0.0089315599262978	-0.0148645670012281	-0.00308000462147585	0.0149164761669437
0.00912387675076984	-0.0178688888785989	-0.0212023395339878	0.0104014207854065	0.00124059448500254	0.0263996015266087
0.0129353170601459	-0.00824589516589913	0.000849010396118823	0.00178151073051116	-0.0134496614881543	0.000615607470629963
0.0129500338329575	-0.00506401571821889	0.00554990825431765	-0.00967968756632809	0.0170962739571292	-0.0116604413700952
0.0126417347623922	-0.0136577356399153	0.00400045403728378	-0.0170501336598625	-0.0037741220006948	-0.00465717354619426
0.00729255694221398	2.28361646896144e-05	0.0138069129499176	-0.0301550131408761	-0.0168808680551988	0.0587763948516325
0.0125984109231962	-0.00568085476790655	0.0116499121246249	0.0106110432411646	-0.00115947228390356	-0.00230421283275159
0.0130355948616508	-0.0115899357782539	0.00747353220072286	0.00176517266022425	0.00120285605489939	-0.00414544726413072
0.0137285103788007	-0.00108016682724396	-0.000993010201350712	0.00557770045574008	0.00494644478046747	-0.00483802506831526
0.0140721936080029	0.0230706536241227	0.0026470453924326	0.00539464165521467	0.00350949357978138	0.00788182100448006
0.0110187634104363	0.00540872990865844	-0.00283312777221506	-0.0340813089622372	-0.00459258306094641	0.000462441400822433
0.0128201707863359	0.016698491559496	0.00121457707452881	0.00428017521425356	-0.00605564387716768	-0.00527983878955044
0.00967914748521198	-0.00411963394768831	-0.0288785539048783	-0.00657369411261773	-0.00734455868601521	0.0173121119669915
0.011712667170266	-0.0222149149087315	0.0061991812360145	0.0020178155463066	-0.00468560924956594	-0.00303605188380798
0.0113967427303341	-0.0074270511862328	0.00374201445725396	-0.00069968566234092	-0.0052375072743034	-0.00323795715080524
0.00730878914465945	-0.00289994787297471	-0.0134266738415112	-0.0143383442169377	-0.0131888020472468	-0.0142488738885844
0.0114004354385672	-0.00701009661908157	0.00113247196922894	0.0044205305076407	-0.00255552028042538	-0.00461575027406843
0.0117536341616438	-0.00334684267459788	-0.0119239884448386	-0.0086018708842988	-0.00463341441363115	-0.0182304127536163
0.0124175946302906	0.00381360254285183	-0.00291996535284714	-0.0177027827456194	-0.000663206679650624	-0.00483912168649586
0.0139711422429147	0.0115876598731678	0.00473998296555539	-0.00264424566283093	0.0127146321677	-0.0106636443546598
0.0111867788574273	-0.00710488226899569	-0.00883387052575362	-0.00529352607904562	0.00622554694006076	0.0125980382177799
0.013219086318046	0.000515898180329342	0.00487713721713896	0.00110943675584723	0.00113839780337025	-0.00787835738959332
0.0138437062519512	0.00179192411962053	-0.000728618451644627	0.00474439566768595	0.00609236230060738	0.00434478527671842
0.0132645228707235	0.00786326936255636	-0.0176105706772298	0.0103841940133212	0.00648768689155806	-0.0110763815105225
0.0135620927979305	-0.00620733191421234	0.0215720336307387	0.012592685379151	-0.00228892350936179	-0.0176575673044372
0.0118922447726516	0.00590789164324231	-0.0142430733636718	0.00324528929367711	-0.00924103085648212	-0.0250059957456596
0.00744742186517041	-0.0424852278745882	-0.0426713999278424	-0.0300899845466861	-0.0150441184341948	-0.00351373741513363
0.0122360054643224	-0.00357827863244306	0.0105192556271024	0.00401386328359142	0.00569985999992869	-0.00161361985633262
0.00959005176259067	-0.00167120963104329	0.00779358695702503	-0.015690095270056	-0.00349117168118656	0.015185173994768
0.00956488137046785	-0.0019906672819923	-0.0214037488746064	-0.00122001209065854	-0.00802518549252633	0.00654840463384075
0.0141939294658079	0.00878635935738194	0.00287463740431443	0.00309030139909567	-0.00900620297548448	-0.00472169377252215
0.0141084133058938	0.00440864691459165	0.00388148085068992	0.00748443577974326	0.00350477514188919	0.00633440180018008
0.0082516979457511	-0.0245570414279848	-0.0139841318105926	-0.031790653030982	0.012282631466754	-0.00381759801141233
0.0085594925058452	-0.00716291580741063	-0.0136237704854215	-0.0206081458464531	-0.0157365437298963	-0.00597663440430379
0.0109370258775274	-0.000448127709268592	-0.0157479731801125	-0.000370301380904728	-0.00038157852543081	0.0200756089812616
0.0100152857832456	-0.0172271246553758	-0.014880498916968	0.0201242088112355	-0.0181784392706948	-0.0124008649698586
0.00990068200280913	-0.0166758856730288	-0.0071801847592269	0.0143607585794232	-0.00777464310429348	-0.0262098562860674
0.0113915478880753	-0.0102252647592359	-0.00639868263656269	-0.0228232085341787	-0.0122113876346411	-0.0140394213397379
0.0125149440983008	-0.00970073109199279	0.00167117509466114	-0.00111861832208515	-0.00614052140106244	-0.00140654302659296
0.00767304332220136	-0.0174864811317476	-0.0294955264225192	-0.00319758239937406	-0.0260651125341315	0.0141832778817056
0.0113861749241503	-0.0151730137834782	0.00621517307713657	0.00906406793163516	0.0209104273744201	0.0189213799797119
0.0134193258323752	0.0144615432273267	0.000352962006045297	0.00665176455410972	-0.00428304544489574	0.00803742103775023
0.0129453800120254	0.00605419472323079	-0.000847781825891094	-0.00608360202351865	0.00375350071332155	0.0113697635910857
0.0122864342658804	-0.0159577004899987	0.00774636336606022	0.00273197740325972	-0.00289440737799673	0.00278455356423046
0.010363346062988	-0.00280692701071467	0.00445062320870899	-0.0254735468075603	-0.035148041905375	0.0175595712788525
0.0117479361905633	-0.0151610575903612	0.00579825456022074	0.0137588465622409	-0.011565716909074	0.0156827688893531
0.00988070767065294	0.00112274094631977	-0.00630290137107431	0.00532306556841098	0.0263723458151903	0.011826380984929
0.00830102874993068	-0.00454468625947512	0.0151753096175127	-0.00177055743641445	0.000137977689186368	0.00511754160218798
0.0108945732844665	-0.00501612818623662	-0.02470713742234	-0.0267188141862893	0.0226078347694952	-0.000182018290931646
0.0120422505546267	-0.00295678917684579	-0.00151130624748022	0.0234050695740562	-0.0094006940407481	0.0178442956514256
0.0117796938936793	0.00261398802511895	-0.0182990334098094	0.00235608171450789	0.0176192160914348	-0.00711486597625138
0.0115642261013912	-0.0138816541367281	-0.00445664118408034	0.0117006783926312	-0.000726114671120059	-0.00812374278555959
0.0134742883518283	0.00126183895067713	-0.00269733546962302	0.0177069031408659	0.0123050373245117	0.0179203998124986
0.0107257101745033	0.00118147111187446	0.00333851354777098	0.00566276094435796	0.0215547046098892	0.0250082451813401
0.0131464081443156	-0.0171849212571678	0.00312982848893926	0.0173135404687057	-0.0150051961947701	0.0211727181239027
0.0124999344382827	-0.00680994130192523	0.0262043397291245	-0.00100603678337708	-0.00863160139688134	0.00626533152948018
0.012913923895213	0.00624643422958237	-0.000500234000798632	0.000608139313392577	0.000345673284110312	-0.00521864871759066
0.00879260555140181	-0.0200837782919134	-0.0176295845531313	0.0031774504453266	-0.0109183390204132	0.0211936795580029
0.0128231846231128	-0.0109450168001403	0.00931092473788938	0.00114248794271052	0.0119885998354102	0.0146475323670104
0.0118491333723694	0.00281734865141794	-0.00567147560551381	-0.00376295406699999	-0.00221356188666265	-0.0171632859156546
0.0114776700502653	0.0240259280723849	-0.0140275446154394	-0.0221790287997191	-0.0141075676446689	-0.00977424945346261
0.00867511191361659	-0.0119761477612387	-0.016509836773295	0.00744840675093622	-0.0207089051299054	0.010946849156556
0.0110937779305667	-0.0119321558859171	-0.030378019401782	-0.00227001254883494	0.0155355141406432	0.0142594361721972
0.0142082447804117	-0.00632445382233232	0.0150023655214285	0.0122236023534107	0.0109825733719123	-0.00509021840096206
0.0125665955795899	-0.0129943850612928	0.00102480703498434	-0.0155303728407487	0.014997689444219	0.00404744507895492
0.0118716338579988	-0.00824818555484805	0.0125023520756379	-0.0144389615852628	0.00190105704883804	-0.00987584063872429
0.0111327236126602	0.016216662246859	-0.000877533969210896	-0.0133514697947617	0.0129496293587876	-0.0177597161911213
0.0122854119182038	0.0257712332835297	-0.00277215707408512	-0.00993147420605011	-0.0127504187226745	0.0147420694430216
0.0104379092440334	-0.0160504689258912	-0.0156792064976503	0.0155645620330247	-0.0109207364231622	-0.00768845755577443
0.0118398010679992	-0.0177828518413508	0.00385923728692314	-0.00981920453710242	-0.0219813017406675	0.00578488949166192
0.0105724255062203	0.0349219384725389	-0.0294298846183944	-0.00374626746385695	-0.00456769464757977	-0.0171516965483658
0.01370979204095	-0.00541287001427973	-0.00774493327118562	0.00557995617476776	-0.00118949836574459	-0.00191077722628406
0.0131702089558561	-0.00504916482852593	0.0103744422101311	-0.00154936832462477	0.013253601223478	0.00748043043690569
0.0129848264547767	-0.00410102728270036	0.00984681541743387	0.000447560631549992	0.01139766014429	0.00957941539378522
0.0122071330558679	-0.00619128639191539	0.00950617785408355	-0.00863457403143744	0.00156529104487179	0.000241036625131562
0.0103193989652531	-0.0167383578199245	-0.00693260425292332	-0.00703723998038351	-0.00302879262485405	-0.0114075801737796
0.0118111710627014	-0.00232099368739894	0.0131376622399583	0.000904507307464386	-0.00963533061431656	0.00831450120055046
0.0107103732554728	0.00791398229936333	-0.00781303322767568	-0.00834079334255725	0.00553485864278982	-0.00567448236940379
0.0133194095762602	0.00320063416438464	-0.0136075972815438	0.00943443733678666	0.005491089613034	-0.0210802524119033
0.0130815638178293	0.00736741832796385	0.00961766619587383	0.00847209955211486	-0.00382531707083204	-0.0063932172206609
0.0124086253734168	0.00360136405137216	-0.00490082557591027	-0.00543948598663602	0.0135202442201076	-0.00319746486442195
0.0147572658737697	0.0266866686308285	-0.00125042723071662	0.0158159098141353	0.000586434929608405	0.000482361408377884
0.0151528144235794	0.0250583747168071	-0.00350567013730343	0.0145291295449689	0.0021116805047352	0.00190266094837516
0.0141979767974992	-0.00158506529552254	0.00217290348257492	0.00288314994705061	0.00398364625232527	-0.000840106720467681
0.0134419841709864	-0.0131585688881007	-0.00543055240542821	-0.00587892924033562	0.00692255383961439	-0.00239774279433512
0.013771163079415	0.0115661963704489	0.00309443506520267	0.0011607839840383	0.000647692623469105	0.00114872869210208
0.0122708180780587	-0.00944222281534441	0.00582328284130596	-0.0148019798353288	-0.0116598972449926	-0.0017686189495614
0.0136118094696013	0.000100971205924505	0.00129636010820012	0.00615556898598434	0.00264542557923919	0.00717214725028619
0.0149937779410859	0.00363136551631928	0.0115127492518994	0.0094366935908922	0.00182975926878803	0.00161013192054517
0.0132457526655108	0.00709482521146907	-0.00849575898130149	0.0069528521539651	-0.00789043797110552	-0.00142550761529592
0.0133122204331118	0.0332958770273779	-0.0366460611389073	-0.00208773049018434	0.0251116521129547	-0.0021271257234569
0.0127495630834976	-0.00711617237867441	-0.00313479044417266	-0.0101106358167635	-0.0065681520714415	0.00556605546731041
0.0124957599666765	-0.0144977311273296	0.0103714299761081	-0.0100762217305998	-0.00112771420854695	-0.00771872937101727
0.0119438248729328	-0.0215320038984873	0.000132585514047108	0.00308848758843629	0.0136102154019245	0.00870900946123076
0.0101682701665504	0.0133354611138624	-0.0364373179752868	-0.0281073620196311	0.000286244883606737	-0.0236866946364885
0.0110315627695981	-0.0152525274328371	-0.00612462408622485	-0.00794260719350084	-0.0167488063636287	0.00290886357882137
0.0102234335792045	0.0100929896412713	-0.0131561144592489	0.00539997449860567	-0.0191360654141595	-0.0171410239219288
0.0134995027128165	0.00636843932320837	0.00469888371237167	0.00648279238482524	-0.0187503757773525	-0.00507190270174239
0.0127355122239448	0.00617804085810264	0.00682121578657374	0.00491528671397756	-0.022196887457839	0.0079153778243017
0.0122352407111445	-0.0105053303209822	0.00146155963361911	-0.0244831868966151	-9.64738140379721e-05	-0.0072003536529971
0.0142321754249495	0.00399870904401967	0.00454234614297168	0.00747315358104301	0.000383194360576853	-0.000227695665222505
0.0145546752537764	0.0004688074747621	0.0109764480520045	0.00911500412425075	0.00266951602153099	0.00239103463713176
0.0131454348334133	0.00775807547923247	-0.00772648017729279	0.00229787159880262	0.000105863280478145	-0.011546024454182
0.0143608873919559	0.00823251771424369	-0.0124946394094027	0.00450500807424037	0.00270036708262353	-0.0122200989184475
0.0146738123227271	-0.000182294650333251	0.00370463061125267	0.021020967631217	0.00487022632568406	0.00100517778130013
0.0132451615280311	-0.0160969539369745	-0.000813626341836257	0.021495597676953	-0.00457617540497634	0.00282149568121205
0.012941491904329	0.0170665723906648	0.00996024869889116	0.0120004507335171	-0.00948298793574488	0.00125219234906543
0.0121837992477179	-0.00155202382238134	0.017839052720792	0.00170925279296717	-0.0034738966345232	0.00752249762941499
0.0121877726166103	-0.000298859925129878	-0.00546390082564589	-0.0111907419230265	-0.00549233118166464	-0.00824315818207436
0.0123335540651683	0.00727217167535864	0.014405191352452	-0.0077271421331781	-0.00301815874553014	0.00734630077661852
0.012001510843013	-0.0150866908354013	0.0109336408751786	-0.00261744699429511	0.00564435072940209	-0.0125816790619425
0.0134664951548397	-0.00122676467093631	0.00215814336785388	0.0115496484210906	-0.000266702627208815	0.00438748050438992
0.0139420936007281	-0.00386457344601969	0.0226815501777956	0.0163235500007005	-0.0207850090680755	0.00341885490927317
0.0135696111048082	-0.000684062618952484	0.0134031794462444	0.00982410973282641	0.00500182619349162	0.0108596305318159
0.0118733761739514	-0.000550737999719026	-0.00794394469376241	0.0159680367215196	0.00527753418367746	0.0122893394056678
0.0138782987966051	0.0155817608068075	-0.00703229644640974	0.0129903253318848	0.0191743813449234	-0.00392887261031529
0.0147666809877958	0.000763339930931418	0.00956919832632249	-0.00312960116771197	0.0143163336763407	-0.0124821137149404
0.0135076444379547	-0.00870478276486143	0.0129324383954352	0.00154204938282842	0.0116178442345379	0.00410857253888516
0.0124464039040205	-0.00917343656900305	0.00267021480273184	-0.00312820732576506	0.0128499535998877	0.0131071194123928
0.0142235097733745	0.0255266903399945	0.00332536939689073	-0.000201602932133656	0.00297653304572027	-0.00268013574598181
0.0114810268887506	-0.0058920283106994	-0.00880300730273698	-0.00704366080027423	-0.00849021403326784	-0.00862428691941618
0.0103342990721143	-0.0188536996380813	-0.0114977216663316	-0.00870148775487014	-0.00907654798430121	-0.0129640719243813
0.0124483646744586	0.00347919513036654	-0.00131460067703422	0.0034295791216568	-0.00856956383845228	0.00189832822108293
0.013414153358091	-0.000907836889882905	0.00397543444015017	-0.014490656703263	-0.000684720946654894	0.00274275593052869
0.0133389618224856	0.0260295436338584	0.00247705522696703	-0.00703890693778005	0.00510814376162454	-0.00355183800955266
0.0120391741545798	0.0324797133653689	0.000636015708693928	-0.0283814511686951	-0.0139054619799729	0.00385455243966703
0.0124494759337196	-0.00655752255978007	0.0113865521089255	0.0017671961264828	0.0153998543620206	0.004215032609072
0.0112729637278485	0.00977921181621082	0.00351927448806696	-0.00578739371634374	0.00508826473911818	-0.000245980637160596
0.0127117450717715	0.00118348878744839	0.00119012420138887	-0.00790746589544307	-0.0028663743441078	-0.00807164597581331
0.0126281000221803	0.0160492724280052	0.00311935762688725	-0.0105551046507821	0.00507633226023541	0.000549813428003973
0.0141569831956347	0.00558899419206661	0.00916915667678124	0.0115345640616702	0.00287960712231259	-4.57772728589267e-05
0.0117701014555562	-0.0105823361423176	0.0118386080699861	0.0171963766623633	-0.0157163743726637	-0.0203557569363239
0.0132457378899706	-0.00302599295869805	0.00977963548032247	0.0165702505691628	-0.00564732899848387	-0.00884692524642257
0.0146863753188438	-0.00411249111147859	0.0143014296034016	0.00632643229497609	0.00568366224213705	0.00197645209705464
0.0118024777052972	0.0201293211201486	-0.00603899831082434	-0.0194421051147324	0.00230461336698287	-0.00435831278569852
0.0129393362081435	-0.0241929231768703	0.0116690177676762	0.0129434498155547	0.00380793923750582	0.00437695343292776
0.0119335341431213	-0.0255998688394864	0.00444250827127498	0.00398665873982233	-0.00234850390247258	0.00279103502286234
0.0127247210974046	0.0175034485963225	-0.00250792860494056	-0.00958055545068504	-0.0183462946482352	-0.0104986506029801
0.0114743538927936	-0.00777279364908283	-0.000134965209480449	-0.0246130207038122	0.00694534422755336	-0.00769641387439398
0.0118995347436544	-0.00145191479676456	-0.0125388161133537	-0.00323008500163949	-0.010464801932933	0.0175624102895919
0.0127035778050282	-0.00486380774322525	0.00367152698926048	0.00278641249891457	-0.00519049963240023	0.00504629837137042
0.0127693865621155	0.00118248819944352	0.0115850009188029	-0.0033574607485662	0.00557611107216045	-0.00388440985844262
0.0127312679275698	-9.61409635955935e-05	-0.000583212912388689	-0.0185241180045998	0.00343201489970291	0.00310541089102124
0.0121175688557092	-0.0038174824918832	0.011195017668696	-0.0148099624831658	0.00368339737570123	0.00128611325299306
0.00763272385926674	-0.0228254148266789	-0.0128868747436711	0.021286315224961	0.0154124573799653	0.048377990791946
0.0111960059872777	-0.00307180740559963	-0.0104184492289861	-0.0148412412671647	0.00443491072061781	-0.0141332970906192
0.0133075947297247	-0.00794135387843133	0.0194432318787065	0.00889523020145153	0.0203318717253061	-0.00401997875154901
0.0135729062891584	-0.0063243924328248	0.00879981950480856	0.0152987496279798	0.0108149626299796	0.00737977056586685
0.00862546089809837	-0.0167903526370579	-0.0148562405856592	0.0275709033654688	0.00708775147366419	0.0285674608112029
0.0111642921486834	0.000116726497178329	0.012195183890268	-0.00886893354381381	-0.0194579825637156	-0.0103141574664052
0.010793464541171	0.00397164010774767	-0.00409693344555809	0.0051845613927038	-0.0346738269667852	-0.00482555289274462
0.0121817785842635	-0.0239090344147908	0.0146076501452173	0.0075253198329806	0.00198319004919226	0.00373217243600975
0.0125748065960085	-0.0250546434157797	0.0138825174697707	0.0105656701567565	0.00197381420076659	-0.00374905813334115
0.011895051660816	-0.00128741014240433	-0.000875992433956039	-0.00154197572785106	0.0064329396216715	-0.00514447619359832
0.0123406132355147	-0.00828258904738641	-0.00994967454137846	-0.00194950550130606	0.00612538855282663	0.0073271575487043
0.0118865518889709	0.014741150907341	0.00383086654128626	-0.0234641045665272	0.0067167515487278	-0.00510821155338146
0.0142780264343316	0.0119726276318233	0.00349276399041271	0.00450941143125337	0.00322151845173058	-0.00324670050369294
0.0125356202642483	0.00563933813182508	0.0049666217687507	-0.00181171801718412	0.00726191668675081	0.0015886204516609
0.0142131524587158	-0.00237225819527718	0.00805586731717657	0.00389684848063219	0.00393238495219736	0.00740790241637113
0.0111953546547408	-0.0107080110963705	0.0128789522157294	-0.0180614282420778	-0.00140672962746851	-0.0164289481407741
0.012308263663863	-0.0153008701204858	0.00460270686779774	-0.00870696361123522	0.0157663325899904	-0.00640926168418203
0.013123824667298	0.00646474560460482	0.0170117324586041	-0.00656315133587604	-0.0129648516602125	-0.00498899050995891
0.0122273155565318	0.00556431998696919	-0.000870888206819084	-0.00202037251629631	0.00288328310015493	0.0177977336615721
0.012106184603932	0.00788386992560414	-0.000237483872952186	-0.010781713264785	-0.00300408705951924	-0.000905991719934306
0.0136679099430242	0.00198999757205934	0.0102598073146562	-0.00565839720905301	-0.00691673446228277	-0.00133854924180638
0.0114164494188812	-0.0155481644492163	0.00775384750537515	-0.0204932476045048	0.00311662917579334	0.00716283254066435
0.0119262130996216	0.00654542899292919	0.00902370018317343	-0.00308883861592405	-0.000983067366921647	0.00936110307163308
0.0129463741854365	-0.000186893783215018	0.0136827813565208	0.0103248048324615	-0.0286834989572898	0.0150150581304174
0.0127330173537425	0.00470300374506468	0.0136411575897516	0.00455905004202715	-0.00363637483612305	-0.00598686882323662
0.0126717416088599	-0.00756697001262127	0.0137913542572957	0.00591927900221752	-0.00085548846867791	-0.00484540884482626
0.0122614279243509	-0.00291936582171451	0.00243087148636629	0.00673747166392549	-0.00419770106595102	-0.0116794253861517
0.0135856675724691	0.00348309091401991	0.00265929044064767	0.00151749212875345	-0.0105150554510017	-0.00789083428143482
0.0116670462291658	-0.0305621911909852	0.00708273238136563	-0.00457261051619227	-0.0178519590836282	-0.019166667687609
0.00766336749264644	-0.00246208467496017	-0.00110164724427587	0.0108873625946455	-0.00682185164782624	0.0279201188222165
0.0128427114410928	-0.00910523944375926	-0.00357663018938964	0.00479774089194012	0.003719464164094	-0.00456932941462786
0.0123801977685001	-0.0028156333585739	-0.00284727516929522	-0.00402791248126383	-0.0155654628664935	-0.000388640959759851
0.0124647377173059	-0.00322872063222144	0.00171418518254548	-0.00677476467424598	-0.018648791471217	0.00166732739857897
0.0124083825391771	-0.00209005423227396	-0.00218928424590573	-0.0072372872930245	0.0135340835948615	0.00223240443139491
0.0134588473370702	0.00587275116683121	0.0104922791960678	0.000635913556739894	0.00499969973582555	-0.00405835319599726
0.0123652233450031	-0.00291397342202863	0.00506641650112207	-0.0101644241347273	-0.00536316759298913	-0.00010299262652203
0.010743699489669	-0.00681154782923763	0.00707618445860631	-0.0301228301753636	-0.0040998666768218	0.00190064423356961
0.0109415297452725	0.00179900301492214	0.00535171744927211	-0.0216936689096278	-0.00882093457202002	-0.0120254725936704
0.0111680122881491	0.000403370393917043	-0.00658174509617114	-0.00879214044285841	0.0171641672666229	-0.0155916902995849
0.0139814168449361	0.0038157537022289	-0.000723060278666735	0.011554819786033	0.0124787770314133	-0.00559101025965521
0.0123440666845422	-0.00467280205303894	0.0167634469534425	0.00808525604675288	-0.00361122192804848	-0.0118437969304293
0.0109480915287447	0.0074627253275487	-0.0105146106683218	-0.00843621576222775	-0.00619359432853807	-8.23129342304111e-05
0.0106068222389711	-0.00576561197715095	-0.0180927013225703	0.00724389460227844	-0.011045163599129	0.00285527866498804
0.0118589879479253	-0.0141012040757605	0.0118263655584494	-0.0154981692453499	0.00350013629806589	0.00777823849039265
0.0117635052345903	0.00181637170989305	-0.00546941866700376	-0.0125739342164015	0.00161590134735669	0.021515025430745
0.0121385275210886	-0.00946574714506147	0.000653994644112371	-0.0156844713458632	-0.00611628580071639	-0.00661167252409251
0.0121170514950922	-0.00274868203707444	0.00147487311222165	-0.0104303549033684	-0.00775488054527119	0.000800062759009715
0.0129420860568048	-0.00493710653633043	0.00318564979894331	-0.00541748466133061	0.00891243437175225	-0.00229199212043588
0.0127075994581116	-0.0251165454114618	0.0252475528662807	0.00761060810203053	0.00467933044037014	0.00614085941372495
0.0100047797193673	0.0150279874342656	0.00650346396075169	-0.0325019232348529	0.00306410943701802	-0.0200462339764617
0.0120403775080296	6.39989355910196e-05	0.00576123929859817	-0.00797450677856818	-0.00875759880287278	-0.0044471582560176
0.0116286015294474	-0.00403946753885713	-0.00765953061172234	0.011787519243065	0.0042031297602138	-0.00214656605762722
0.0114529548270649	-0.011424237598903	0.00136582154347392	-0.0244828005166215	0.00184866523802855	-0.0177747637842586
0.0125904088082569	0.022990942310766	-0.0152362246479402	-0.0123760664085646	-0.00305803283037214	-0.0174178143416803
0.0121346924572434	-0.00338825051107442	-0.00700780143106373	0.00487636978460139	0.00887611940567002	-0.0121287271559991
0.0122015026490123	0.00144876116685285	0.012357690224678	0.00356488567747365	0.000276598008847463	-0.00980737620439638
0.0118951310124837	-0.00669427593314418	-0.00333704345373605	-0.00914945445114417	-0.000406664492060812	-0.0127126258080277
0.0125578208627424	-0.00968894612723859	-0.00111803522649616	0.00573567731788481	-0.00782070960021393	0.000500056223062562
0.0144643724028762	0.000647969146287155	0.000414662722165338	0.0113346225896757	0.00187521479038158	-4.70022874439613e-05
0.0147778014555083	0.00177628258141766	0.00201792957023549	0.0109439966103927	0.00272379620464518	-0.00122865567416062
0.00758034276592038	0.0288803759644006	-0.0496192532315449	0.00279415642196378	-0.0288715725344848	0.085437138338742
0.0148702961689923	0.00142306048659561	0.00550873439736524	0.0132070465748696	0.00919813342874504	-0.00803581860741326
0.0125546830560154	-0.0129519362675989	-0.0147992986056616	0.00664810712125515	0.000279027399455591	0.00367975614647477
0.0134336167905116	0.00544290170264937	0.00732624130640291	0.00155979464556357	0.0224739105431518	-0.00320750460172094
0.0128504149106781	-0.00241128855287576	0.00379578726931164	8.20919715930077e-05	-0.00371959222751356	-0.00713862974508729
0.0150282319111951	0.00600769394546514	0.00360046644647409	0.00674433500135603	0.000493970931592996	0.000354653852366387
0.00802557351943439	-0.00754677025975704	-0.0303385238602848	-0.0111290636858038	-0.0421565447777195	-0.000728853321025231
0.011582054100756	-0.00377600173476235	-0.00176427951749922	-0.017845277534687	0.00492410771199929	-0.00643510717576268
0.0138608742148565	0.00589806396253107	0.000801151817386389	0.00114659947795467	0.00215958866661911	-0.00616235778645251
0.0135493133663511	-0.00359062270829124	0.00148344643416756	0.0134405716199024	-0.0027950045796203	0.00221562675488493
0.0126772095386046	0.0313753206216784	-0.00100641014421041	-0.0169705667970946	0.000564209079516011	0.00517007760855089
0.0113298647032277	-0.0126062916133115	0.0176916542217502	-0.0190937967478767	-0.00371340862638432	-0.00464779791654601
0.0123165486904455	-0.000738242508884246	-0.0139904382243153	0.000140710539945499	0.00743239002678642	-0.00554411048131091
0.0110209560112481	-0.0165498066704989	0.00997603926420183	-0.0182964049900893	-0.00293819959656424	0.0104551588901511
0.0117309717761795	-0.00372030404487371	-0.00171968995992134	-0.0233486118694917	0.000765910061570572	0.00444187925577085
0.00707494685506206	-0.0162325679392559	-0.0132455034097602	-0.0143975135445115	0.0200435012771627	0.0335590443365529
0.0128975516066016	0.00203220699932063	0.0108498588900603	0.00392268697207787	-0.00292562192998423	-0.0114143164527937
0.0108926069603854	-0.016788442193017	0.00120147294009508	0.0128825753537853	-0.0185778634938303	0.00335598368624345
0.0127108833958889	-0.00129896522847238	0.0130484356832669	0.00029046826262885	0.000874371690941342	0.00707813049845658
0.0128749951340807	-0.00889470869288212	0.00775906999746658	-0.00410329744173585	-0.00660107512689127	-0.0012780792278456
0.0121110226153497	-0.00493724954943049	0.0213608151190993	-0.0102276011677316	-0.00363631068714507	-0.0118570104741924
0.0128484637183813	-0.0142404300766236	-0.0121163109959636	0.0125698508132307	-0.00457100774123272	-0.00693201303906416
0.0135694599234611	0.00512893431602763	-0.00411792363986908	0.000623853694729663	0.00602191665173542	0.00950351070541451
0.0128029471676907	-0.00477006068986707	-0.0259631889788419	0.0156050802472278	0.0082480800607023	0.00376642890209441
0.0122441449183333	-0.0193276044427761	0.00920463728428847	0.00410851150348216	-0.00524074511632101	0.0115085387015633
0.0133789207253148	0.00801137772084157	0.00987217241836996	0.00263694060418378	0.00481845974810939	0.00821934196510302
0.00994015144816356	-0.00822445260755255	-0.024122148770034	0.00525711973499514	-0.0277386657509073	0.0128560565604726
0.0115929935805393	-0.00982264961440857	0.00787395313508959	-0.0136659970306236	-0.00315771356355086	0.00573139138511397
0.0103842108410563	-0.0167066803823815	0.00745099415271595	-0.0239736361400654	-0.00556798169150593	0.016101942786957
0.0132358389672977	0.0108075688240123	0.00128371058926537	0.00128638419787516	0.00463803099967683	0.00337910308576044
0.013000690514925	0.00421915873812535	0.00220885144182266	0.00283594127758865	-0.00714415188564711	0.00155500035087702
0.013920317397987	-0.00487675000934729	0.0244130111569286	-0.00619538229026564	-0.0010398727856409	-0.00995916727811028
0.0152092545831722	0.00315907654400499	0.00861417488627044	0.00909342861001365	0.00879769753990747	0.00460582344810201
0.012374744546269	-0.00221252355194776	0.0135423340938442	0.00256562956247181	-0.020007530825944	-0.00422591197501886
0.0128457838304216	0.0103253655233737	-0.0143725306437436	-0.00116703939355106	0.0102477224112391	-0.0106839414960794
0.0138754539210297	0.0126626324573153	0.00755298743868391	0.00396457687955271	-0.00608229523669688	0.00586927064894552
0.014963520452066	0.0152492604419297	0.00811392309488789	0.00913737298145536	-0.00756692397683717	0.00251104807274151
0.0125492830764768	-0.00652768377049278	0.0146151447816033	-0.0111413147558135	0.00124304720997752	0.000637057750779682
0.0120193169206084	-0.0133302698259374	0.00362090344475013	0.00168945873331717	0.00350385543440686	0.0256969558927245
0.0146453382221545	-0.00397738815701215	0.00973402156938743	0.00751914960803503	0.00602283515554174	0.00134640136264096
0.0139194104064633	-0.00321361417269436	0.00739012781134787	-0.00765220432521214	0.0109922842129963	0.00265321674568967
0.0116207838527003	-0.013593151633385	0.00962602192809955	0.00139686527911056	-0.0133334795889439	0.00969011550331196
0.0121025104598881	-0.0105166063995776	0.0091840981205736	-0.0086536504256533	-0.00739828525171483	-0.000508466117253722
0.0119192209523338	-0.00139182258906059	0.000852818951907701	0.0120208430700006	-0.0079068739280485	0.00617474597164258
0.0150497673916447	0.00773330080696239	0.00739657207562031	0.00759222120507679	0.00839830921852098	-0.00327090851620816
0.0129213792910122	0.0253915725753402	0.00262124460560836	-0.0108902482655233	-0.0181706861856057	0.00339355539903116
0.012274061349305	-0.0126590005593628	0.0167885850293114	0.00703774832424206	-0.0153612838748588	0.00569425151471757
0.0137339541832529	0.00651532588666947	-0.00383241178364461	0.00987635277631468	0.0115529946106223	0.00190594078674726
0.0109170580338735	-0.0144428331822797	0.00763816900189065	-0.0301862074904567	0.00262990366931003	-0.00345012959694583
0.0111870061328158	0.00267454925897053	-0.00394078487070515	-0.0132320038547829	-0.00917591502880848	0.00237597185923215
0.0115323659928297	0.00467968479362795	-0.0202363142182136	-0.00224916172129615	0.0111923817874988	-0.00200169014075651
0.0110083787494379	-0.00158035551159913	-0.00129188463929206	0.00520800597008285	0.00158227587097164	-0.00223979836109492
0.0114598819866945	0.0198274330930914	0.00182266187581511	-0.0040818138093401	-0.0120755724179282	-0.0148437078150645
0.0130854789495363	-0.00524915447673872	0.000439107994547268	-0.0021524124227828	-0.000291803013033767	-0.000783856491157492
0.0122601292725969	-0.0141066609133419	-0.000995018914188631	-0.0121957195243706	-0.00167348702032244	0.00181455990531068
0.0126440598486056	-0.00590090229560874	0.00634295600124671	-0.00606344005339736	0.00963911992957158	-0.0152326946450203
0.0143288501033894	0.00315584903018872	0.00561429168947762	0.00165597954945396	0.0114109069996407	0.00282265550992209
0.0106554592696434	-0.00270565191092107	-0.00806291177918993	-0.00912659300394102	0.00357610193173305	-0.00292407221149693
0.0114723093285463	-0.0104108052652919	-0.0143886384588179	0.0107124042121492	0.00946892411300124	-0.0144167940700442
0.0122301704152677	-0.00526533829603084	0.0085491125853719	-0.00631784377898442	0.0176109816405205	-0.0116368118783067
0.0131866733368567	-0.00960905209881773	0.00645451974526346	-0.000794293912043212	0.00624588158897828	0.00432287771774519
0.0136746023814602	0.00954109788147761	-0.00241211254806686	0.0029685380382875	0.016937508633959	-0.00734206905169082
0.0103134372155881	-0.00681121660524214	-0.0146964198251597	-0.00661621020077094	-0.0263113122084326	-0.016145172437755
0.0103733354651862	0.00496142210816678	-0.0107377455793688	-0.0104694115431738	0.00437440087067073	0.00967321667468485
0.0123850099725964	0.00572098601882822	-0.00601940680930043	-0.00331390844550318	0.00289346326762208	-0.0103880640050761
0.0126878259838467	-0.000463354402727984	-0.00638133953893053	-0.00167661265785468	0.0107519646953128	0.00176913243410256
0.0135945967747525	-0.00212501218651669	0.0017197058784265	0.0108876112861309	0.00875752965150246	-0.00743563491761618
0.0116362879990505	-0.00157333578512687	0.000911619006315297	-0.01260812638771	-0.0109688751943535	-0.00389023156692027
0.012222152236125	-0.0106051546797093	0.0064162966760048	-0.0132133845786474	0.00407848803020799	0.0172619939501285
0.0122354541255579	0.000859528014025588	0.0025956861589217	0.00113335944240423	0.00747157540076674	0.000692317443566522
0.0125038884449506	0.0366935879473658	-0.00618933004058182	-0.00732299103033839	0.00448770147574859	0.00078740503823881
0.010663001679635	-0.0174744366193701	-0.0326369527397215	0.0311979564651957	-0.0252333793673311	-0.0174191789688916
0.0122191301148867	-0.00198030840504329	-0.00397945468885869	-0.00313897943526641	-0.0139428125225209	-0.0210451669910134
0.0123589401890819	-0.00147369524701389	0.00579123331524287	-0.0065937677188509	-0.00292462234926286	-0.0147696328800817
0.0130956232203654	-0.00174654251901763	0.00756160812287307	-0.0185560356227333	0.000582415606847492	-0.000716134443842114
0.0130873311740088	0.0056356471422759	0.00793831571914604	0.00223779677243969	-0.00410056807727367	-0.0058409624790232
0.00554122254023707	0.0694229425590584	-0.0345082359443751	-0.000200722971788412	-0.0683483628457978	0.0413209504389205
0.0136592253770663	-0.0152787622257043	0.00641014580211246	0.0102190104248083	0.00204340198685701	0.0269086275580169
0.0104292432753169	-0.0020233610093385	-0.030615506607134	-0.0187700599192656	0.026102505536263	-0.017215879865965
0.0124347324890859	-0.00926289280134961	0.00856617657548559	-0.0124760688891714	-0.00351899375671546	-0.00815533817141815
0.0124683876263983	-0.00698133604610384	-0.00378857370634719	0.0128646416052014	-0.0134091416716557	-0.0124167619902524
0.0113905917602711	-0.0156133506992931	0.003535803522116	-0.0204128671189593	0.0114036036711822	-0.027938597590941
0.0162952975225264	0.0123929520405327	0.0097563281125398	0.0192344564315418	0.00225883671589388	-0.00249591245398652
0.0154861092581708	0.00797860654087752	0.0112670656826988	0.0179617965457998	0.00321465366887166	0.000698057802427983
0.0118209677479642	-0.0214995536557725	0.00181375045256988	0.020170937016836	0.00207862082523613	-0.0154048995427547
0.013508173853191	-0.00153249227745467	0.00087462206832415	-0.00308818519303193	0.00400522431320604	-0.00920761952033642
0.0118255406575632	-0.00191556872346213	0.00665399237648814	-0.00762764031246918	-0.00787411700313007	0.00226427285458631
0.0129493713088202	-0.0061139414804747	0.00426063847906331	-0.0029461341132305	0.00691507326757296	-0.00525222151157796
0.0105792767459739	-0.0152581836647451	0.00491720560783297	0.0035531746334227	-0.012122215575327	-0.00333768979691292
0.0126717655908773	-0.0101634494395699	0.0028380603660757	0.0162274848660654	0.00767855262039783	0.00019727360532986
0.0136354611332672	0.00194084185772044	-0.00154395887004509	0.0113649540827711	-0.000453846569705768	0.00932757042095777
0.0124340612057726	0.00626557965448687	0.0013155827686228	-0.0026137916726579	-0.00365907433508036	-0.00548085147504278
0.0114333043798966	0.00489126074221585	-0.000499258729159099	-0.00649880468625669	-0.0280738695291738	-0.00650820852815782
0.0119902941879947	0.00321046600826297	0.0065656917230923	-0.0142051857459013	-0.00146097103286048	-0.00753712765435587
0.0123285750517472	0.017848686345581	0.00821703583196995	-0.0032770180133009	-0.00692758501316886	0.00425210356532987
0.0126435320831321	0.0190967612927053	0.0165867363250748	-0.00711492142242444	-0.0176813038801173	0.00407724182397226
0.0127728731570051	0.000225778114452718	0.00783193464093345	-0.00820345708304972	-0.00787224734190071	0.00169885787127281
0.0091794301723365	-0.00914156061133212	-0.0195819819143752	0.00119301571124915	-0.013478638357692	-0.0250295359419294
0.0118837213498445	-0.0110658582460262	-0.00291840176739782	-0.00635482239269957	-0.00458909726003279	-0.012553814144766
0.0124111986831041	0.00143991562363179	-0.002957651969594	-0.000693516664804911	0.00104430882913633	-0.00350789060903527
0.0127160310228251	0.00342542076979056	-0.00294191065281046	0.00328509807146062	0.00226862990368589	0.000745299167753625
0.0126174216689589	0.00471718408567112	0.0108923850493822	0.00563756417229476	-0.00287280262276076	0.00256111755325559
0.0117847888274773	-0.00435101767093762	0.0259211114412454	0.00330606429167094	-0.0312658854364064	0.0102457276044854
0.0110150222378763	0.00548361970996931	0.0187952053465856	-0.0061725542191873	-0.0341578177205205	0.0189021576588387
0.0117882460623535	0.00333797068342512	-0.00234518565373519	-0.00750587895425544	0.015479532860235	-0.0256089220242764
0.0121210223531047	0.00212249021499597	-0.00216663087874756	-0.0144654807743404	0.0152738600863037	-0.00568152953338541
0.00788097638811283	-0.00242113315711492	-0.00240611908927529	-0.0115372924122772	-0.0367254666876094	0.0363867420398609
0.0124330862354963	0.0082677063117194	-0.014447291397861	-0.00423369936039504	0.000285208659403386	-0.0150287621418762
0.0135618791986558	-0.00301849306556889	-0.00440645817205053	-0.00333189662745298	-0.00117487861769765	0.00583649949218963
0.0124082826516474	0.00639619672739868	0.00362564897871779	-0.00800004302226257	-0.00214989216508062	0.00130945826400256
0.0121893292750452	0.00330544786030123	0.00813625164682579	-0.00720512337641248	0.00237854032323163	-0.00163727292692587
0.0134790097739152	-0.00300265754547454	0.00808084087147545	0.00404128955421731	-0.00112091091114206	0.000846473319058015
0.0100036384361927	-0.0115202553000052	0.00356320165750291	-0.0163536634224605	-0.0251550087885368	-0.00644203702029943
0.0133927699231528	0.010626136896596	0.00868526815613988	0.014231125036665	0.00302390712045707	-0.000380413235226723
0.00833143045890133	0.00650954948694915	-0.0594809918457859	0.00580383169754482	0.0143360852297475	-0.00560152385860963
0.00998389193558374	-0.00600575204824715	-0.0420086419228624	-0.00917637621163571	0.066297564858973	0.0199545746947876
0.0139010656578531	0.00138480036260462	0.00805404205374841	-0.00835597782581649	0.000834333532063144	-0.014764169621264
0.0128004607650067	-0.00549167013101003	0.00580481153804266	-0.00376444209008797	-0.00376568072315327	-0.00635985267483853
0.008513233896402	0.00550929484566516	-0.0089778083561754	0.0269810285488026	-0.0186515459143434	-0.0289145430314295
0.0110666982341689	-0.00547501829988369	0.0156398600281093	-0.0168272029272926	0.00716103585573343	0.016224351220531
0.0128983027741364	0.0043881168178007	-0.00920800492865587	0.00188458765936531	-0.00430522774353514	0.0178431669374121
0.0139916886226607	-0.00141368985421802	-0.010631150439321	0.00485724621821136	0.0156920234235226	-0.00347471588542202
0.0130541213445554	0.00771087170365306	0.00488489172147884	0.0117215848121857	-0.00561607957849657	0.00918310922491871
0.0109020040301446	-0.00696470086223714	-0.0206518637770742	-0.007219180480103	0.0096341219493809	-0.00111718713987695
0.00981973579264821	0.000279765164913711	-0.027415932976531	0.00060159500561757	0.00394887920189026	0.0279587693370886
0.0120045169717049	0.00286110866898522	-0.0143154587707397	0.000725363112657316	0.00621315305066913	2.97336910102912e-07
0.0130867721177441	0.00396902876023168	0.00818162130077776	0.00838285275226654	0.0062519135811069	-0.00465018722772969
0.0109380949562749	0.00917024893318557	-0.00669140476953829	-0.01518224095568	-0.015146873489496	-0.00704909903772293
0.014213790806019	0.00390799210714481	0.000796245788568125	-0.00131270024311285	0.00743488376716921	0.00928127691317545
0.0126574922382285	-0.00971018406996987	-0.0057531887040701	-0.00902384686445369	0.00208666393393324	0.00593169707960395
0.0120153920668125	-0.00701196820006241	0.0112502730613811	-0.0135717034128886	-0.0148171452779645	-0.00934907618479966
0.0126710050321456	0.00777620813028488	0.00114067953747501	-0.0172517006301293	0.00328048204121196	0.00938097205921671
0.0120279107638295	-0.00426510613265418	-0.000914598214113886	-0.0121757914570831	0.0042869718612338	0.0070837108416196
0.0141825619536234	-0.00743300911399017	0.0153507518839384	0.0119845855563683	-0.000494130737750129	-0.0120200307244271
0.0122561985169765	-0.00293823654576035	0.0104218967001501	-0.00372459665994013	-0.0141652649359217	-0.00757214829220159
0.0137199914611165	-0.0109362558153124	-0.000717081703306455	0.0169145139604123	0.00334262391652385	-0.00882159565812781
0.0133682561706838	-0.00327889418014777	0.00543375092402022	0.0152959952264105	-0.0122954237390345	0.0156828084721132
0.0130085504218736	0.00233568136660975	0.00486244814282704	-0.00255912815924846	0.0034697099509519	0.00548922427400591
0.0126235961800572	-0.000991802196142733	-0.00175107752261911	-0.00962490723160026	0.00143659580495648	-0.005477138780507
0.0125076569860922	-0.0200267049711782	0.00716494510737737	0.00242946909260428	-0.0108560977509374	0.0228092691476733
0.0122304941924047	-0.00839201583708209	-0.00583158245026521	0.0112595986220587	-0.00231718110858553	0.00249419951693552
0.00894296205818527	-0.0125325782603464	0.00179630157376549	-0.0202284799996649	0.0297761569383126	0.0293080704449327
0.0130193025365783	-0.0048418252960009	-0.0044154181820854	-0.00249640003335804	0.00200760001926656	-0.0109081284892862
0.0122989252598452	-0.00477940215952569	-0.00746642017966166	-0.00744786294668128	0.00787592921082312	-0.0136485557605022
0.010377324494556	-0.0227462731922532	-0.00699447378227622	-0.00481493439599988	-0.0125370235904859	0.000555434587845299
0.0128725741705002	-0.0294038212152123	-0.00490867177817118	0.00777528634286377	-0.00606897669130397	0.00427325707540162
0.00703180324600488	-0.028006302363118	-0.0166659371073394	-0.0125373806564857	-0.00161737192992525	-0.039343596270018
0.00970146903917107	-0.00472178684994171	0.00985398261791503	-0.0215062266380727	0.0037389608476126	-0.00361806555082525
0.0123145827561598	0.013986960741506	-0.0130508912380018	-0.00494220634468222	0.00530249224213753	0.00110863704275698
0.0133743930818677	0.0219507142181396	0.00394603974978726	-0.0156311264471434	-0.00772277599462675	-0.00925146828160005
0.012661151338763	-0.00133215905973754	-0.0102755332303106	-0.00220616992275187	-0.0171853214729893	-0.0108483937283771
0.0120614535595748	-0.00232763418661864	-0.0115063888726588	-0.00501985215146957	-0.0132278525527997	-0.00175189544423029
0.00843570516893993	-0.0265035234213347	-0.0317940956285137	0.00168803714217566	-0.00756561669924006	0.0443483779182722
0.0070023182968492	0.000310175256030734	-0.0303773817914127	-0.00508650023877081	-0.0130601102099346	0.0488151411008841
0.00735115107833631	-0.066481845972668	-0.0549408487751946	0.0347156574062308	-0.031147077237416	-0.00426103623692963
0.0115098835037379	0.00537120024506097	0.00138136028267201	0.00190040547551519	0.0151971283720983	-0.00159005787365694
0.0131793362232894	0.0147464873097546	0.00222755705871311	-0.0115299382884943	0.0059721666906782	-0.00352659207305832
0.011001149649393	-0.010030035263074	-0.00543557946905459	-0.0303917141078358	0.0122647087688186	0.0040410261474923
0.0127189117602901	0.010448643725554	-0.015055589826057	0.00513362141350019	-0.000414817196499028	-0.0136923650500154
0.0117096056069176	-0.00200469967231369	0.000908262344062914	-0.0226448378009232	0.00936005367464883	-0.0109597633145051
0.0129301369711346	-0.00648792552775283	0.010576685087348	-0.0109533338480399	-0.00492814026766368	-0.0106075356549895
0.0110153181445104	-0.0156814441307134	0.000325453713351353	-0.0135032588044505	0.00674007476399211	0.00475268666140965
0.0118371690398218	-0.0122864415026872	0.00397599295141211	-0.0153952157124843	0.00412511123909974	-0.00537295055117337
0.0127862544067437	-0.00399136109818117	-0.00333078052481226	-0.00581768372612975	0.00191829194236819	-0.00479847113264178
0.0133930428197396	-0.00605912043997502	0.0100791597043828	-0.000334960538987787	0.00101503244989182	0.000151632811975187
0.0129172152723413	-0.0119531401921771	0.00560521506761798	0.0106088872946449	-0.00182170006447632	0.00970167017985603
0.0121996807338359	-0.0221619113989229	0.0039807607115003	0.0119169385210468	0.00625168538907035	0.0297263139337662
0.0117156495451647	-0.0307370583347681	0.0018497537770579	0.00302990925583573	-0.0127939027285713	-0.0132407165006372
0.00870817618282587	-0.0268173564801983	-0.0138621283526755	-0.0156957862013277	-0.00707712047529529	0.0132435692222093
0.0119015479134787	0.0128614392355893	-0.0122881708042087	0.00765053769247781	0.00680291030083621	-0.0150933597575777
0.0126082140908695	-0.000619532534582995	0.00182974719727837	0.0020610232297414	0.00655678517760482	0.0105056150314696
0.0150630408659628	-0.00155485319756318	0.00129927543300456	0.00783042575335353	0.00844650445311843	-0.00457407493420222
0.0122857359729913	0.00209096710349246	0.00713757882921957	-0.00337788851358187	0.0111138642363266	-0.00616308650150496
0.0111604217878232	-0.00984660452439889	-0.00636736054900671	-0.017681138582902	0.0112456539436427	0.00246714798351498
0.0134308712774818	0.0135303292079711	-0.0174309034125191	0.000760080886515737	0.0112694075617621	-0.00982678580480109
0.0122213249197154	-0.00255089479178861	-0.00892567809847675	-4.6196460768505e-05	0.00164222517637361	0.00130134852309787
0.0123798486068244	0.000729795552623066	0.00681884962053678	0.000987291695261657	0.0125730150565183	-0.0125483446326291
0.0132546669415543	-0.0086235743584626	0.0129462430527614	0.0024262582895261	0.0102890538987929	-0.0147610278845129
0.00979952723640887	-0.031654883955796	0.0451045950968513	0.014994982075569	-0.029576387174784	0.0824643726734447
0.0104254282593632	-0.00387420718008116	-0.0264106872260974	0.00595228183232025	0.0156003173101843	-0.00290286956075467
0.0139644165834289	0.0107671492429179	-0.00202017773300396	0.00956888677065855	0.000354091794468828	-0.0155827608805466
0.0143437840292067	0.0123008435000259	0.00833527727609604	0.01315576449249	0.00134064102335086	-0.0108722392633138
0.0151688474831432	0.0159193998517313	0.0132659220893707	0.0174258936810126	0.00343819217885576	-0.00412862917916305
0.0136487548742212	0.00644887498705657	0.00500198488926253	0.00960276463013249	0.00833106254594953	-0.0160012479481717
0.0143589318436065	-0.00657914108025217	0.00324559850701643	0.00928221859468253	0.00696085171888948	-0.00982969461325025
0.00799999820672487	-0.0135308530371807	-0.00596016394219284	0.00739876882771406	-0.0158440916535001	0.0176811674177401
0.0131176360739383	0.0151397686677384	-0.011895846328286	0.005767673177836	0.0106443649463857	-5.08235904450663e-05
0.0138549121068314	-0.000734697137780188	0.008005631818068	0.0115565846722042	-0.0049345801954437	-0.000337562186423949
0.0135637952856757	-0.00352841936544549	0.00644093485498358	0.0104841588413315	-0.00555784501904484	0.006662248421844
0.0103923110144609	-0.020087333964324	-0.0108855975392083	-0.023213353828764	-0.00421891898794652	0.0153289472373375
0.0138412862515093	0.0158081134357333	0.00721413143543154	-0.000445387347931894	0.011748381064755	0.00113189131620632
0.011982421953376	-4.53594117696037e-05	0.00261350084737392	-0.0126502321368949	-0.00463106392195562	-0.000163983709671637
0.0140343853822896	0.0047143136166978	0.00209134524271922	0.0129070925672708	0.00222696335822043	0.00224773279882639
0.0138418835341506	0.00561682838799915	0.00205180374389157	0.0104477893357602	0.00415569400524209	0.00564894225830994
0.0124954352698315	-0.00272950149821947	-0.0166995722127554	0.0113380718819415	0.0102223410406377	-0.0112788223468438
0.0117886928082939	-0.00994655943575905	-0.0186460317113436	0.00337542199506914	-0.00234541320488534	-0.00727575539200265
0.0124258056245779	-0.00494596239655081	-0.0140381338967208	0.0138278155281269	0.0113578482033862	-0.012336326944676
0.0131972999051416	-0.00684935024281745	0.0040104913257387	-0.00344004833545015	-0.00321767452786551	-0.003603636599421
0.0122058758029262	-0.000533253721667972	0.00830140970177178	-0.0076069313743167	0.00849072366493052	0.00110518303296706
0.0109427415007596	-0.0120895488297515	-0.0338499484860654	-0.00814752877135625	-0.000702965520741739	0.0137918715409777
0.0143555740939184	0.0154879490521118	0.00475736953285312	0.0045219616728894	0.00181787213198719	0.000239388109235145
0.0104682737245053	-0.00861268450616711	-0.0252103863761145	0.00305319464609093	0.0169208112382913	0.0154607612600412
0.0111114410188323	0.0213281714031308	-0.00395580579637956	-0.0102241062241049	-0.000519237815504513	-0.0130356988211729
0.0116530009684014	-0.00407641745427842	-0.000629906232118854	-0.0188453779555604	-0.00709706286309111	0.00500088232268321
0.0140827817782144	0.0228082920402524	0.00382965849802836	0.00173905161030087	-0.00134852377819234	0.00209594141720371
0.0117475588277321	0.000343669030336006	-0.0248653496485266	0.0118252370856824	-0.0113349213685802	-0.00380894700659431
0.0112222787229655	0.00455126974799876	-0.0285878119829452	0.018399210613579	-0.0145509621891147	0.00451542205699371
0.0115764763663164	-0.0119406274547196	0.0224809663741396	-0.00995777314869236	0.00169677398945839	0.0101286695045712
0.0129750492673116	-0.00831982783371222	-0.00537895435077484	0.0122845337352259	0.00201924299340633	0.00675351170331091
0.0137559088070078	0.00545064458863052	-0.0136688888069793	0.0111792907528009	0.000769638853182539	0.0128013358069493
0.0119870108877405	0.00109082679853891	-0.00284233288864758	0.00190223100285259	0.0118532582843964	-0.00540235493881203
0.0111327900026392	-0.00355008650468325	-0.00934333003077218	-0.02335822583792	0.0117838147035047	0.0101077575651931
0.0105529375981278	-0.0137965984617616	0.00192787908548031	-0.0179009669734996	0.01303363628685	-0.0022923609315057
0.0118999344752099	0.0136852910390381	-0.0037104139881374	-0.00933001945950375	0.00207288648499148	-0.00242292292251837
0.0117474267695555	-0.0110802826808483	0.00335777743534068	-0.0151513201178991	-0.00232331741445997	-0.00189444193319554
0.011978030977271	0.00669949730486589	-0.00399067560660542	-0.0157043025405348	0.0124977767096523	0.0112588894571726
0.0151151494642174	0.0246251092397474	-0.00740241998319578	0.0133675280220066	0.0161036714190546	0.00506230587183553
0.0088682895505731	-0.0232278891352991	-0.040954510511705	0.00346467927608217	0.0266219394581549	0.0425682631724934
0.0150907518687297	0.00266882357268706	0.00950839868871475	0.0167205822239607	0.0108641499052743	-0.00278028191269801
0.015204209439929	0.00400742666963369	0.00829887705566107	0.0182298998996282	0.0113175758051189	-0.00219979850292881
0.0114730318302918	-0.00128872817525955	-0.0157804391261143	0.00134860870430306	-0.00610627330391718	-0.000226538923477044
0.00949513501956827	-0.000687242995718778	-0.00923746849144237	0.00812557472715493	-0.00646874587076371	0.0122802341584656
0.0127398196522836	-0.00057340625987259	0.00277882298838992	-0.00426283569915252	-4.43977919681636e-05	0.00581822678229724
0.0127240459381254	-0.0141572290421028	0.00149340103811235	-0.00462807724724789	0.0131757265749566	-0.0160428388253078
0.0138057187179103	-0.00389539095216365	0.000844963233480509	-0.00729274802081346	0.00954338170511069	6.09764104416886e-05
0.0138589377478937	-0.00299402497895086	0.00198756669245846	-0.00736755825747567	0.00639560410731441	-0.00367781681822763
0.01341939831838	-0.00498025189589993	0.00631534707306561	-0.00681005433027122	0.00594659172258149	0.00512010795061276
0.0140995817821289	0.00511434835035675	0.00491808021277772	0.0103571950773539	0.00160173498524055	0.000826383313669295
0.0142688033831437	0.00661447685604008	0.0128109034655091	-0.00156984371147012	0.00873919681136219	0.0111599864495817
0.0137584551813942	0.00805726425714329	0.0157872227320833	-0.00656406396275235	0.00559682633669914	0.00852858044741342
0.0111737606624212	-0.00471934982433999	-0.00891372187345715	0.021051151134675	0.0137740269366433	0.0135325429834038
0.0142299993599632	0.00505921407386143	0.0107718245060263	-0.00140735652021285	0.00126153218067219	0.00596678795975252
0.0137833904629791	0.00384730396475079	0.00385854616950306	-0.00345154223358671	0.00248584995055083	0.0111885030075588
0.0127598268976271	-0.0214068030370252	0.0215264286726321	-0.00429933405274224	-0.00118329558252625	0.00998194963399977
0.0127610428871071	-0.0216752653448907	0.021417701501129	-0.00428358968699075	-0.00148030940326649	0.0103952433427295
0.0129456377982075	-0.0058241620480176	0.0100261009963318	0.0107108626363056	-0.00940482030410066	-0.0087847413007147
0.0123644933506205	-0.0059334225514748	0.00735337447477023	-0.00423717256864331	-0.000302282653479309	-0.00995743272159924
0.0125580612565203	-0.00703051364084165	0.0103375727069132	-0.00285164533167986	-0.0075421538139737	0.00760465542886608
0.0123706709831667	-0.00506911948963565	0.0158317608475948	-0.001364869868797	-0.0036746944388562	-0.00717066824368671
0.0128151132331353	-0.000456475339357412	0.0137639425054733	-0.000888308601369383	0.000613927303273671	-0.0199130587193495
0.0125253095949524	-0.0178109392802805	0.0174536134047331	0.0155837295576024	-0.0106736146766636	-1.9342710019117e-05
0.0129735030610961	-0.0113417589100139	0.00297013798328478	0.000777033577967157	0.00328870470543162	-0.0170894973959802
0.0131064934558282	-0.010934331201844	0.00323596542173792	-0.000975443288222065	0.00412611998642941	-0.0167115456976158
0.0113294938341857	0.00153111234242163	-0.00715601382268923	-0.0128976319744951	-0.00563002273080543	-0.00846832442849886
0.0118412247357144	-0.0140264331944228	-0.00636963467347974	-0.00424026373089917	-0.00990802074194836	-0.00557876380777816
0.0140355730060938	-0.00911905501788316	0.0139265765084017	0.0129237400218707	-6.17702428677112e-05	0.00367911669714154
0.0108225358634988	-0.00901450786628579	0.010185280047709	-0.0151334656807258	-0.00645552403491348	0.0107276176372474
0.012874670161256	-0.00658864488593877	-0.00431954835354716	-0.00698583409132131	-0.000855380265642582	0.0120343946360659
0.0129614642483179	-0.00727804511767311	0.00372159718492394	0.00221052480065934	-0.00049809507742148	-0.00229420040178801
0.0117317628262415	-0.014356724348296	-0.00242279587420099	-0.0226143185998193	0.00794711596880287	0.0157578920788565
0.0124738065864585	-0.0117354100210372	0.00532673232199594	-0.00404437697551327	0.00230098727916221	0.00592732644227489
0.00960877000868783	-0.011564196544801	-0.00251005633388885	-0.00351575073191699	-0.0109283792342626	0.0120220967375778
0.011312992010309	-0.011235169572172	0.00115401118078847	-0.0185233088251884	0.0096878401529648	0.00186246076153373
0.0127204643070673	0.00784295906217917	0.00589028859820512	-0.00794847229751378	-0.00941235633481681	0.00349930969194313
0.0120937747991005	-0.0034517339365554	-0.0086515000465399	-0.0167457611924274	0.00235118798167112	0.0133657325763132
0.0121200568452734	0.0306340731885117	0.00301380006184239	-0.0132323244429673	-0.00130198309156489	-0.0105475444334475
0.0139882938141505	0.0205315903704796	-0.0271463949674524	-0.000343633824327942	0.026264847857331	-0.00933496099983473
0.0117093666976263	0.00499452553293493	-0.0413946114287863	-0.00318603976393297	0.0166727090559991	0.00792341726549473
0.0128298914057981	-0.0020480296010047	0.00629497274180827	0.00574439136531607	-0.000396464340665697	-0.00623966552007812
0.0119271914128182	0.00357206339298999	-0.00382667597289953	0.0119442651082693	-0.000712890552035389	0.00905568727994574
0.00867190962862985	-0.0213297603866347	-0.000859958022942123	-0.0289949519381546	0.00267156477583552	-0.0121175104336615
0.0123183722214812	-0.00392720150617077	0.0042068056412613	-0.00405835293612258	-0.00378150642580642	-0.00842725584074491
0.00838053022365576	-0.026144596915424	-0.0152086677260125	-0.0122263434594328	0.0248527510609509	0.00420483501198724
0.0108181177835607	0.00687393461748045	-0.0390976631667	-0.019383312949921	0.016990738808897	-0.010320468908737
0.0113148630820486	-0.0098711465884508	-0.00416119284118714	0.0088968087216859	-0.0269439463776318	0.0258175996012656
0.0128885184038197	0.00499695856295532	-0.00204736701148649	-0.00193471540645546	0.00397674149582721	-0.0176117781243686
0.0150473220159174	0.0215412493357295	-0.0117592743633794	0.00907297549411422	0.00577193287004599	0.0052812837868027
0.014479135101052	0.0229108873774411	-0.0119058166186277	0.00813749654548976	0.00719047462861596	0.00378211434897382
0.0125616941081334	0.00372892963836334	0.00105663283204719	-0.00284017014801627	-0.000457039445748299	-0.00704931931251841
0.0104372513364635	0.000991834847527989	-0.0188281567866488	0.019806066392256	-0.0165506794804763	0.00240212456088709
0.0104655546705644	-0.00197298001206269	0.0150761401100597	-0.0105735504449008	-0.00720115394252021	0.00490479079473304
0.01376926488923	0.00151275499229351	0.0100148735820424	-0.00647374365491174	-0.0050949748061031	0.00480677429356824
0.0141004390190336	-0.00118465380379695	0.0124683261144118	0.00187709052015975	0.00467797154204706	-0.0079464939879893
0.00963964567317129	-0.000493755827075809	-0.00896904878277723	-0.0144778180220408	-0.0312758763630903	0.0142522800202583
0.0133040441211337	-0.00258074744682141	0.000998237110469364	-0.00500424986698935	-0.00600902762329777	-0.00990819299950535
0.0115960891703408	-0.0235573043811508	-0.00365021513069362	-0.0102662811939373	-0.0107369041797758	-0.00931791073845026
0.0132268210401304	-0.00120161776821964	0.0150048533784759	0.0107749900331667	0.00550191218248876	-0.00125610646681672
0.0115220859878812	-0.0132330482534092	0.00401958401589743	0.00773387294063532	-0.00938926697977177	-0.00257176941381458
0.0120670168467552	-0.00830341107334204	0.00844266698201904	-0.0146431045169965	0.00271729658556222	-0.00275271882782146
0.0116585892143048	-0.00377795087419053	-0.010248366492979	-0.0119306300484786	-0.0012185186804457	-0.0278663142055659
0.0118129380724777	0.0057842900444074	-0.000353890683996251	-0.00213068239702956	-0.0123292215659395	-0.00121340645718228
0.0117594518517616	-0.00633325495560329	-0.000546722524859126	0.00693083002136925	0.00395960647036713	0.0089077891105496
0.00997834437243635	-0.00889450814286798	-0.0120956018448309	-0.00902374672187793	0.0045087857680944	-0.0033716436779791
0.0135146080431072	0.000210877099529606	0.00540684105467588	-0.00816119856095334	-0.000195996833673434	0.00341656690773632
0.0117126731210818	-0.00753170666414747	-0.00235954594726005	-0.00655264486675453	-0.00448075491179423	-0.00365591456419972
0.0128626652536942	0.00929554907564169	-0.00747078022334329	0.0108249024107937	0.0144307960756546	-0.00524502105047772
0.0123146712184319	0.00886045584121394	0.00944767363922166	-0.0207198800216932	-0.00869205403135598	0.0012716325083713
0.0121469708469157	0.00800916021855384	0.00924587013940892	-0.0218295636222376	-0.00848870531711453	-0.00185264152176412
0.0122920311270911	0.0280330466513933	-0.00863917666136533	-0.0114475965870226	-0.000770394418367639	0.00176439668307581
0.0134758885445012	0.0118622880109051	0.00376737378174265	0.00145586796429227	0.0116726763711514	-0.00712133817888556
0.010183424619303	0.0043702427258422	-0.0119039122159943	0.000426789983627382	0.00120027599946258	0.0148683381626571
0.00909670581994381	-0.00203802876846938	-0.0185892155886709	-0.0205568900671086	-0.0144976064395551	0.0216226013243483
0.0130029485844505	-0.00084958072024975	0.00597308653169228	0.00109734382764341	0.00570237348666454	-0.00743944342232745
0.0121734539350497	-0.00733434808643734	0.00770911459698786	-0.00506257402062993	-0.00498296941176269	-0.00117057630456896
0.0128307945127553	-0.0210909617992082	0.00206893359252341	0.00508435001950094	0.0214452462927597	-0.0104743514679086
0.0133554254233649	-0.0279952020036095	0.00227380702704191	0.0173195409295651	0.0143721554101637	0.0121345100887772
0.012031474345099	0.00921186042336343	0.0424796868642802	0.00967700046535253	-0.00495198685232594	0.0333710908271587
0.0119195702734277	0.00394880129282788	-0.00496162696524937	-0.00241078952006797	-0.00443874264511943	0.0158537167197554
0.0127796404820796	0.00630771706289065	-0.00941565353720435	-0.016589665879818	0.00681055860006439	0.0111989632249102
0.0126379393026792	0.00785026984399304	-0.00966321971226096	-0.0156273674327229	-0.00364233573048863	0.00328023491094461
0.0124402204909129	-0.0142706670579693	-0.00559426085687738	-0.00233355566543674	0.00720301467948156	-0.00415378385677619
0.0100658354994131	-0.0246625200396003	-0.00746528417168205	-0.0105113478895763	0.00516201170145702	0.0142250088932679
0.00966816122725488	-0.00764426771940377	-0.0106359742677025	-0.00971286174939514	0.0258782446522361	-0.00918135816408884
0.0123785879590595	-0.00777680268515786	0.0121530845666701	-0.00595092065547057	-0.00205719482778454	-0.0211736454929216
0.0124811838674216	0.00760945147186749	-0.0142603043221332	0.00509010539955841	0.00214148077322901	-0.00954994192423441
0.00682853411651008	-0.0234688894385689	-0.0204647084411043	0.0326699375137441	-0.0556039907517791	-0.00997287386136934
0.0114730142839832	-0.03714065380547	-0.00553399931527063	0.00855719721945982	-0.0210288633758683	-0.0127883265356204
0.0123666839747607	-0.0257077130531094	-0.00671319166390311	0.0146185812279425	-0.0146226137425076	-0.000161708835099596
0.0101193584362165	-0.0120021121448807	-0.0137685228201481	0.00386703063484777	-0.00249751101172741	-0.00778715321446573
0.0108404348061839	-0.00235574879109786	0.00986385782292664	-0.0221345090618293	0.00380102529169251	-0.00242106354573934
0.0121032652615371	-0.00139389441686398	0.00115966561809653	-0.0130583465075075	-0.0103076945210059	0.0075959946108138
0.0133178668212832	0.00809753953048895	0.00806049561634729	-0.00613016335938402	0.00419780488543337	0.00659650964815362
0.0133714152126919	-0.00568978687750983	0.0114242868444957	0.00175608063593981	-0.0018150476290848	-0.00558920827883738
0.0100981091392395	-0.025499676807293	-0.0119977632564587	0.00142702947075709	0.0059130947387845	0.00717644747450989
0.0116468148387773	0.00249046657001968	-0.000572395729724392	-0.00971868796475779	0.00455325610412084	0.00859329525766634
0.0124514373164615	0.0101230997910497	0.00504240005660231	-0.0173406626160281	0.0158826353269007	-0.00101500864722844
0.0124984213733822	0.00942757841693587	0.00288765307640015	-0.0158565245927834	0.0142066120039335	-0.00166062603064819
0.0143244256953795	-0.000223371073077278	0.00947751177527227	0.00335962558708319	0.00878366330464385	0.000467023760617664
0.0118174286265404	-8.64587635881599e-05	-0.0151695707948192	0.00105948262751276	0.00412249919423511	-0.00176318269473706
0.0120319839382155	0.00342342284921833	-0.00736576116704663	0.00244545667599358	0.00349851246235685	-0.00909327586123098
0.0120890659483086	0.00306371461466521	-0.00818805586891481	0.00171616730793981	0.00340564380233315	-0.00784089375405512
0.0121605217443001	0.00248202165077619	-0.0109525034209707	0.00280910918617279	0.00176558148773117	-0.00544247010767703
0.0127601273104774	-0.000177136258292623	4.60223051590688e-05	0.00310976749203626	0.00425325241551877	0.00325748730203697
0.0133583536293941	-0.00743142471461389	0.0235216089430192	-0.00250414293300642	-0.0112786359972681	-0.0155103878953563
0.0126457146897285	0.00191368925145504	0.00586580207185966	0.00863991808479419	-0.000430065832842415	0.00679692865196768
0.0131453158913396	0.00958131069350075	-0.00625939186583725	-0.0043567774297363	-0.0125662819799286	-0.0178810356311783
0.0109524819792493	0.00963100041596432	-0.0395379593316385	0.00258231066191464	0.00651241895571767	-0.0220033333664252
0.0132668813629377	-0.00488815299402108	-5.82795247230862e-05	0.00579100666160924	-0.00318869668065717	-0.01305571750789
0.0127560219557018	-0.00223262075812854	0.011914003719665	0.00224821714222805	0.00622625931182173	-0.0102658056303678
0.0128079331685431	-0.00418038860741964	0.0127325786004158	0.00218964406787814	0.00746610433593673	-0.00696536047272332
0.012599901405766	-0.000952915029737844	0.0131981528051406	-0.0172794728689858	0.00349049779638161	-0.0112411514249412
0.0128772007999066	-0.000842808246029139	0.0079166084066321	-0.0042639203345974	-0.00163538175771706	-0.0102511436748535
0.0154579183889947	0.0057843855104055	0.0115279070958388	0.0148930325636709	0.0049076328270835	0.00118867900146837
0.0159270920165942	0.000343309580489181	0.0108219023754008	0.0216898722651658	0.0147761846130808	0.0116156378432403
0.0163302581787033	0.018050853389311	-0.00625176671292347	0.0101735794994264	0.0111118104690419	0.00689150336525892
0.0138862905480927	-0.0103067879941445	0.00602668390158446	0.0160760548523281	-0.00311437231208252	0.000765342335053198
0.0138968743395623	-0.00478626367637777	0.0101202489179936	0.00478845758089482	0.00312324826739074	-0.00573566620789138
0.013748680887791	-0.0013640791366513	0.00512593597540232	-0.00621674860139502	-0.00195592975040994	-0.00311089591290746
0.0131275265401024	0.00208789687939999	0.0060356832018483	0.00315950432248981	-0.00262043690088582	-0.00919236974672806
0.0128206350608256	-0.00336483403813659	0.00657464927125047	-0.00511572922970341	0.00369338607722686	-0.000515537745043397
0.0122792753272551	-0.00635766780024589	0.0183632433253585	-0.00752764957954037	0.00713692658485722	-0.00261374168392857
0.0136781065029201	0.0161401820758917	0.00214211376827315	-0.00312003346284597	0.0120004301568666	0.00616030683397877
0.0141379765772134	-0.00337343359436443	0.00221635385211882	0.0124221083748817	0.00469705450381196	-0.00251022643320314
0.011831435215689	0.000591447286160403	0.0115535564041828	0.0140600217251518	-0.0146926768445152	0.00244499252654162
0.0110026114964373	-0.00176503669024244	-0.00647616949812889	-0.0192647681467759	0.00446584329525623	-0.00419802856081284
0.00658292103976248	-0.0542752345237631	-0.0300053693516957	-0.0263584423861656	-0.0124866140936866	-0.0453664616539968
0.0110891861671568	-0.0100236962556929	-0.0131843018826629	0.0193410449934548	-0.0180513715695894	-0.003119728919946
0.0133270808533226	0.00672052486203682	-0.00606480615113214	-0.00438749852822931	0.00439921088167467	0.00587719120043459
0.0110738359434596	0.00214017497410786	0.000127211543398132	-0.0179865414678231	0.0188842516979817	-0.00792713671611124
0.0111466734954123	0.00274822423219205	-0.00364824890810615	-0.0277820359758715	0.0098829025277245	-0.0119276135093028
0.0116337526126656	0.00298286194562546	0.0233578586652875	-0.011570158487953	0.00254372633111843	0.00355443061150282
0.0112197078146515	0.0023227979893347	0.00919194056390418	-0.0104284159104914	0.00798735570190133	-0.00337058403448138
0.00923804287276626	-0.0187179852248364	-0.0117147418394481	0.0113045978738269	-0.0372187675266508	-0.00676109387577047
0.0131351045109045	-0.000475803442197457	-0.0169554306758181	-0.0150702378945306	0.00987880123945853	0.00452112136157914
0.0127876744315387	0.004964348699828	-0.0159679616462653	0.00379080375241141	0.0039121333079378	0.0108417559919435
0.0135962095083697	-0.00517404369083789	-0.000202682163597522	0.00674432537450261	-0.00326495250823879	0.014964991357257
0.0119869931137742	-0.00221452227271481	-0.00431602386611628	0.00978084701187352	0.0194884462261172	0.0206809570301905
