0.0116022887072731	-0.00709049748750995	-0.00163778426770467	-0.00419923629513403	-0.000561754798886544	0.00402126446631192
0.00172389451209914	0.00694032883513104	-0.00267028948549873	-0.00031280804090341	-0.00411369206658706	0.0070121113563834
0.00487385980735443	0.00164059173083888	-0.00730506603390714	0.00907416690007779	-0.0172189989161027	-0.0208374933359455
0.00509418358827641	-0.00400659640740329	-0.00189394650631246	-0.0100974436408129	0.0111675592227573	-0.013101297215012
0.00617771669285827	-0.00439831011977535	-0.00933832754049258	-0.00815454781058625	-0.00323230572372677	0.0082129945895081
0.00948584888223911	-0.00571307471441123	-0.00967022680247735	0.00882211205854073	0.0161675100956376	0.000130161711060166
0.0102711942757919	-0.00425075513594212	-0.0072848533356872	0.0067987525180936	0.0169632164931331	0.00836804796292087
0.00630579622562924	-0.00181123263847899	-0.0114063186110031	0.000639181467955816	0.0126107257518456	0.0296143206397667
0.00546882352473117	0.00361201872520031	-0.00381110796883327	0.00461713717819238	-0.016452876439807	-0.00408284531405109
0.00148876815419393	-0.00262629531092717	0.0038597148971172	0.0156647236020028	-0.00945343834890764	0.0529676418615274
0.012746760354341	-9.3412982534365e-05	-0.00629203910142255	0.00624044243567151	0.00650764267561156	-0.00868140757865439
0.0123096925117031	-0.0147960619541875	-0.00237908911042782	-0.0191450045443434	-0.00300465612946659	0.00582464014654075
0.0113543112199682	-0.0188637960440058	0.00260823666110492	-0.0159090020926727	0.0192738256219849	0.000495094938456184
0.0139774403957273	-0.000507789744690347	-0.00306910282863275	-0.00140576829912103	0.0142049101498699	0.0101811592987144
0.0138858048903516	0.00945926096163553	-0.00244722778795927	0.0118349138323981	-0.00085680545220321	-0.00331295016316393
0.0129177297999419	0.00716072939970475	0.000818604922581208	-0.00099494158293108	-0.00589835423974803	0.000822834810926424
0.0142207628880272	-0.0121575914622648	0.00189302737323763	-0.00504942570653561	0.00167788162649786	0.00591464781081959
0.0117653827854818	-0.00470459773801625	0.00387170016482728	-0.000316745265835625	-0.00314108143690798	0.00552327492712933
0.0113474511256031	0.00197828279561788	-0.00976725867813254	0.00998154388722479	-0.00516080979713776	-0.00855417616059937
0.0142560950340909	0.00508380985446132	0.00243459502551349	-0.00201020497638088	0.002694971779178	0.008607862004339
0.0112693996931988	-0.00616336186950652	-0.00626492708354852	0.000527886318536595	-0.00210778802643069	-0.00502307240243643
0.0148550957029293	0.0295083154539838	0.00759055751469972	-3.57692179808102e-05	0.00149535700238831	-0.00641601342073378
0.00121219579891149	0.0133265165467236	0.00640135241033861	-0.00743274209690635	-0.00778133375654349	0.0257164102982043
0.0133130376314121	0.0324497658900982	-0.0211053058824877	-0.0529120366670062	0.026171315590299	0.0174804225217485
0.0140152804131987	0.00228576382981941	-0.0060726052671074	-0.000542150618253153	0.00118666300091384	-0.0110670756081889
0.0144832800708351	0.00423811093634755	-0.00651618533100824	0.00709800111585609	-0.0053926317484556	-0.000621602166121067
0.0144298962224366	-0.000397690088392398	0.0014016007456229	-0.00327148255464829	0.00422377333517873	-0.00704823477689008
0.01436349514577	-0.0449381831470167	0.0426454506448165	-0.00969873133886272	0.0060706655535058	0.00255035020138132
0.013167136344708	-0.0495048972698512	0.0383170857711213	-0.00587605527544914	0.0157227994893251	0.0198712042614748
0.00820118155695988	0.001564425259377	-0.00436201843567642	-0.000357369381943462	0.00213402975126576	0.00837148015914616
0.0108419662605656	0.00412850692104273	-0.00285401564497693	-0.0114227653670071	0.00588335059759615	-0.00145690907424058
0.0112625272464352	0.0120453754951969	-0.00877575466311156	-0.00956853539549546	0.00451283454529932	0.00148035289763113
0.0111061273214282	-0.0158145937635609	0.0445182287230712	-0.0324517970050799	0.038016868676693	0.0380604816902553
0.0120510759183815	0.00661475806884089	-0.00867218180057521	0.0120468751144162	0.011810126218649	0.00690574270530289
0.0112860931437085	-0.00779024415457739	-0.00190196927155593	-0.0095687601046113	0.0045810020700535	-0.00308685109761904
0.0166617800950824	-0.0228762170929345	0.00514695361334906	0.0132934899426517	-0.0018014021555261	0.00784119497333294
0.013950535975319	-0.0441359383212185	0.00599567426136583	-0.0124875576110446	-0.00818769267764952	0.0138063001280055
0.0134387857898872	0.017515148107167	0.0145145761071583	0.000245225646256098	-0.0179352823443769	0.0144229181779551
0.0148203870840263	0.00178097111075834	0.000603428471563255	0.00604318673530129	-0.0119428980741544	0.00120967756181715
0.0103714389295817	0.00456984153939248	-0.0124423006366675	-0.00125379762332354	0.00286220234235845	0.00126391680546288
0	0	0	0	0	0
0.00992151221563581	0.00219329761594645	0.00486677942532382	0.0223601596464982	-0.00240298597057851	0.0419704920404546
0.0109168047473518	0.00669671296320385	0.00931872933638162	-0.0030219014742186	0.00306479703414443	-0.00814993906726259
0.0142923789622114	0.0237614246415973	0.0147264850191292	-0.00643534635878322	-0.0125288152548706	-0.00934015084062017
0.0134341881421562	7.6231017142834e-05	-0.00062591676541858	-0.00281217195220607	-0.00213539121447221	-0.00271914110240589
0.0122920507310035	-0.00974646205967389	-0.00832145823821218	-0.0120266771689069	-0.00599222728450293	0.0124959522738856
0.0134401606252721	0.0100713769174253	-0.0125236224446027	-0.00204176397628615	-0.0060676401263176	-0.00923147812273989
0.0151524929364357	-0.0465975774407711	0.0266454840704016	-0.0302341414649184	0.00602534499788226	0.00320924386581509
0.012637483033236	0.00391236551332647	0.00284178735071638	0.00127162060869397	-0.00518361874934077	0.0005367977657786
0.0130467598162628	0.000914167892171401	-0.0307932428088335	0.019832314097937	0.0131507828351143	-0.00146387888921862
0.0124773252264803	0.0212427458784338	0.0129452479896934	0.00486951845466244	-0.00644895027330665	0.00896629348763518
0.0130358069564723	-0.00362230932978799	0.0052062846985772	-0.00241352280253041	-0.00235959107900389	0.000388083660552363
0.0120845146372356	-0.0226741871612629	0.00570597488728939	-0.0191480301427726	0.0184305452342192	0.00534489353602257
0.0144231469572691	0.00971784621523406	-0.0239076450875185	0.0207716370472766	0.0145491289736596	-0.00664339401133059
0.0128212972673345	-0.0112682651373655	-0.00585038674407176	-0.0310777418742041	-0.00268334024712856	0.00610591931494157
0.00473007070048929	-0.0146613284490591	0.00157026015757096	-0.00207830772462275	-0.0264401233404714	-0.0105501803300401
0.0159765998807063	-0.00252048628875205	-0.000906196476536872	-0.00870251517937859	0.0110213396134469	0.000668753638864396
0.012955904809845	-0.00815571309795061	-0.00864156428034574	-0.0121009693620691	-0.0125924993701965	0.014924524166812
0.0130349173568023	-0.00646538892319058	-0.00153742603790776	-0.00612917877051587	-0.00225142150318224	0.0056423989913801
0.0161240463548197	0.00974049228181159	-0.0121461061533612	0.0114015740300489	-0.00508919585800077	-0.000979550423214706
0.0147311215079772	0.0134975243624995	0.00167575373628112	-0.0113665906414952	-0.0178571551681903	-0.00323419429658916
0.0144477828494716	0.000745975953721625	-0.00384596590778707	-0.00503422594665999	0.00665377719648323	0.00270299778983097
0.0123926864346165	0.0097028757685619	0.00184550198674253	0.00449579863979882	0.00599747251874572	-0.000796163198134657
0.0135754654992605	-0.00704005606860452	0.00176432523575079	-0.0109417709776858	-0.00236110867150091	0.00331064405468089
0.000298722861348358	-0.000290670428031183	0.00280821874805829	-0.00387423430392907	-0.00127825827244211	0.00248411901066218
0.00633054456958583	-0.00057426869104688	0.0204409220759647	0.00481189955426263	0.00121427656026789	-0.0248487649797249
0.00810520705693639	0.00194508888209168	0.0170879282815226	0.00445219111191432	0.00559830266518059	0.00241414149122195
0.0171975285279735	0.00153608828185533	0.010519889248144	0.0119195806271682	0.00519614050493101	-0.00156199324123928
0.0145775530545209	0.00647715035332384	-0.00355580566713936	-0.0134435470065892	-0.0189461542744594	-0.00125392381268941
0.0115831125663019	-0.00490653953314438	-0.00834192222737691	0.0135982874764727	0.00117900456085416	0.0177121891954976
0.0147986154425251	0.022492790512739	0.0077370414839424	-0.00486544469557205	0.016327090097614	0.0103256645074623
0.0154044486697232	-0.0104728164762174	-0.0121963714917582	-0.0117908494490459	-0.00367576012606885	-0.00568331385811227
0.0131081689111886	0.00603933073550908	-0.00824596526607387	-0.0156483831420544	0.00435498705238052	0.00658575639759471
0.0110458069573612	-0.0118145394399741	0.0252438539359909	-0.0179254303044162	-0.0353168700842489	-0.0563953299047697
0.0151840050214962	0.00699869782917781	-0.0132300286172457	0.00966300604878485	-0.00215429101050285	0.00747015907942585
0.0110897830186622	0.00275773198494187	0.00409345780873288	0.00695891200674311	-0.00173820074946905	-0.00215836232552079
0.0121966215866059	0.00040133294073792	0.00468521031918929	-0.00694364602196473	0.00270408043426514	-0.00260393427558626
0.0118646729962528	-0.000552856852419279	-0.00416808509303374	-0.00247272749606507	-0.0214087075459179	0.00102411566653561
0.0156597138768864	-0.0215910192677727	-0.0020440632539312	0.0267157680487391	-0.0118441874735989	0.0142723218329796
0.0128676768563417	-0.00532881165736724	-0.00075423440449383	0.00356149414649389	-0.00868861603757555	-0.00908756113027459
0.000340552936937876	-0.00379267356995784	0.00231457765625103	-0.00739499777735835	-0.00750009806232659	-0.0230883649364824
0.0179292532152756	0.000689548011302839	0.00591231277171004	0.00910068509837901	-0.0142773349735677	0.0285180450709123
0.0130823037672775	0.00818646720565606	0.0119835868037279	0.00674274308700347	0.00896212704835628	-0.0037850663127984
0.0120214050685589	-0.0233599381367286	0.0022815991122363	-0.0225203901683625	0.0263815551748526	0.00676548808744213
0.0146107324630019	-0.00122133936523722	0.0134274444981981	-0.0102364231141077	-0.00283476314424974	0.0121627392542048
0.012264727777461	0.0239334681269307	0.0223407678935721	-0.003421396273801	0.00460398541002728	-0.0120024189266252
0.01234918534131	0.0115301113922952	0.00420702035143242	0.00578921939383868	-0.00909828313302952	-0.00445342837826102
0.0124855412077881	-0.000772240437930927	-0.000790083696849756	0.00377148753354972	-0.0124884078742614	-0.00134249513628121
0.0125698326729815	0.00629476579210698	-0.0157318780691986	-0.0302902315580576	0.00376164389021962	0.000524777295171274
0	0	0	0	0	0
0.00352460570867444	0.00484052162004005	-0.00135411573586764	0.00173323331290752	-0.0033180966895251	0.0114971066720184
0.0146401490759701	-0.00161402777006257	-0.00336254289783814	-0.0061110374733298	-0.004586244990903	0.00295387098816515
0.00988040931686159	0.0016579395009756	-0.00261468219165664	0.00333988453182796	-0.0013168695828637	-0.00278030962358949
0.0125665659249022	-0.000943652859070068	0.00273364086182672	0.00975066278088223	-0.000556584781051975	0.00414654837846491
0.00252859499384963	0.00032707415085861	0.000306523140603396	-0.017492636285099	-0.00504707049590719	0.0502200416696825
0.0112527250810664	-0.00109731116011892	0.00153376062418325	-0.00287897328423564	-0.0078757477994755	0.00745823198296303
0	0	0	0	0	0
0.00881292331692874	0.00393110415081234	-0.00735735721341323	-0.00881702426180842	-0.000359058593340436	-0.00597919666386241
0.0124646857835926	0.00404563067889258	-0.00791811708223453	-0.00496896936207005	0.00135154820876565	-0.00097358011707005
0.010430634459869	0.00835252129905201	-0.00542567239970446	-0.0281069263331136	-0.000393759354317865	-0.000496136508092623
0.0133377377084279	0.00215026553178043	-0.00601513144432793	0.00659902325152282	-0.000863312758656767	-0.00918456111928209
0.0117427199307441	-0.00379767222271284	-0.00341541095637014	-0.0050012691357712	-0.00812777812926552	0.00515165361380726
0.0136920826091275	0.0233710945124159	0.0247861037213432	-0.0112040623435158	-0.0152672359774233	-0.00254483453236464
0.000645115385449505	0.00840252030412355	0.0079728967483496	0.0156010667655879	-0.00825708122938561	-0.00363701449095753
0.00410362027440906	0.0171876749985566	0.00595056226621395	0.0131620299733806	-0.0202088736264576	-0.0061205317148627
0.0111903754873024	0.0174610070608008	0.015601811569937	-0.00060109213555998	-0.0141793007524005	-0.00406205388504995
0.0124606552657991	-0.0127893828645828	0.00346223598737995	-0.0210795190868952	0.0101056176477871	0.00999401355646796
0.0130929888708494	0.0321772290245678	0.0265189450576586	-0.0196038535574845	-0.00273229080402018	-0.00997421260600869
0.0171533482925889	-0.00432111855368056	0.00254353536535695	-0.00647053925536007	-0.0026742315204343	-0.00166317646965932
0.0109974324133602	-0.0021529529046085	-0.00925002886705835	-0.00968238675177804	-0.00436656564121492	0.00431458586157683
0.0160586427749205	0.00285292664202895	-0.00763916979336286	0.00401174918619901	0.00137384573100087	-0.00131373231004868
0.0138669421283492	-0.00311865640818239	0.00122293209325767	0.00420715256784601	0.00267283759389289	-0.00621674607603612
0.0159101147146004	0.00478250409235128	0.0033616777574796	0.00135202911691179	-0.00882802563642407	-0.00397460304573587
0.0118317997549937	-0.00912594962749685	-0.00552005879530291	-0.00383349245844057	0.00202303757505084	-0.00171696300657023
0.0130557306723603	0.00348708557809971	-0.0022530147126768	-0.00153361495393095	0.00452407844302302	-0.00286599906729339
0.0162610944992935	0.00354823260060283	0.00360671736180591	0.00314894437672439	-0.000696403805086537	0.00148055563355861
0.00904253257853672	-0.00144001351333788	0.000247130490999691	-0.00900939217200475	0.0175126892412363	0.00250253897989639
0.0133227345554345	0.00185962736665979	0.0116548371089378	0.0180720903422647	0.00297581943045172	0.00283711922062717
0.0168615456185107	-0.0106931068931166	-0.00527693650393143	0.0039546867294428	-0.0013263118309378	-0.0149256024206804
0.0141680402427229	0.0183941098923155	0.00698074690475057	-0.0160972166434078	-0.0139117914744105	-0.00318387965700639
0.0140374107754449	-0.00323688960895925	-0.0106171654560417	-0.00630343901641007	0.0057016874861463	0.000590101650331159
0.0144890675304067	-0.00261634710690282	0.00361169780625653	-0.00232950207567076	-0.0107286947409757	0.00339333937815918
0.0151561427723548	0.00563356469216776	0.00366540900204539	-0.0173335254411683	-0.0110550386004845	0.00242797902381036
0.0129541230728737	-0.00490613155858242	0.00529777521447155	-0.00514658284058695	-0.00613882885989969	0.00842632210562628
0.0150787149566897	-0.0101751684692063	0.00144866434358137	-0.0156081330200602	0.00167326488090816	-0.00213614582837463
0.0152679431031739	0.0139266690803477	0.000496785091726105	-0.00177890685006072	0.00753635723126515	0.00142714028577944
0.015329332850531	-0.0231847979240079	-0.00638772705380794	-0.0134755114438654	0.00493417626065332	-0.00757560844896233
0.0158615010893348	0.0162917550713241	0.00237478836289792	-0.0125720068079547	-0.00694802032780948	-0.00413539836681572
0.0104048858520745	-0.0012683980536881	0.0184312671303671	0.00705539695192017	-0.028699817736751	0.00756347338412485
0.0148836602509948	-0.00125990484717139	0.00362600721153914	-0.000897186365277152	-0.0112187226444713	0.00633076698144026
0.0105342748313042	0.00715470764059625	-0.0160387159532083	-0.0143827863613416	-0.0249716347604749	-0.00454866427929912
0.0189447321443682	-0.00824923520748662	-5.96425706052522e-06	-0.00515172930977893	0.0081368289759484	-0.00672404797450724
0.0152570902968985	-0.0148290538366915	0.000699499651199879	-0.000983083213244051	-0.0107785270834516	-0.0118239307223693
0.0165630690438237	-0.0200474412679945	0.0100390197203342	-0.00870000934943391	0.0240116737314679	0.00271325829352382
0.0120228474485358	-0.0104650410718895	0.00922014058628696	-0.00509574210636066	-0.00303230737352727	0.0107528961956612
0.0149153142718602	0.0163549983948975	0.00705349601058146	0.00650811753850861	0.000893924002402105	0.00311934797362456
0.0129054365801366	0.00847407615644405	0.00832713798816378	-0.00478532832753256	-0.00824223422520936	-0.00840072600672787
0.0130695258532491	-0.0051018331635364	-0.0171806719069998	-0.00138305254362644	-0.0171558953602171	-0.000800509249950002
0.00952333084564049	-0.0052025221576708	-0.0078924311933131	0.00785402853632586	0.00238092591015475	-0.00259001178746028
0.00274139000250724	-0.000158360892273196	0.00316602437099328	0.000228981657457071	-0.0338792625758563	-0.0266584607607362
0.0129566020403221	0.00210777251603463	0.00785717432340042	-0.00437184523666612	-0.0195977137653987	-0.0306455919017641
0.0139863649647089	0.0052039740501188	0.00276983361828528	0.0019163973992918	-3.1786323574293e-05	-0.000693861719679843
0.0136419923353525	-0.00667966604257799	-7.34051124911921e-05	-0.00501173021797931	-0.00457795232000195	0.000714316471745077
0.00224484019474826	0.00683054360203677	-0.0055093466774128	0.000965262000364869	0.00087770068442762	-0.0242099352355252
0.00708400803011821	-0.000408511774038601	0.00679035241194345	-0.00360264715991799	0.0203917887989375	-0.00424729793315179
0.013320999992191	-0.0129596945578652	-0.00198404224455781	-0.0155938444744354	-0.000971262717933003	0.00724761001448801
0.0138554733017526	0.0151099700735796	0.0120485737276895	-0.00323223827840186	-0.00399123619667084	-0.00439874213409862
0.0124311992174332	0.0110923887186904	0.0100792281766674	0.0213627496930812	-8.36224128956322e-05	0.00496606606514308
0.0153965727134788	-0.0339035772745751	0.00238884032147266	-0.00254120283422449	0.00110460536126882	-0.00133854333142158
0.0108581703495542	0.00114022513743062	0.00609677796605373	0.00486051628546896	0.00632784084763249	-0.0101818828128374
0.0121357053536664	0.00254459513963622	0.00266072525486997	0.00620977929761577	-0.00868122262881165	-0.00218254528944525
0.0125165181911241	-0.00543006738140834	-0.0240717877289086	0.0118420630014255	0.00438072535011229	0.00129118257452952
0.0132668772511051	-0.0054381083277251	-0.00516282702533585	-0.00398382529980853	-0.00747781260383495	0.00168085985456322
0.0105705966997751	0.0094944815182333	-0.00572403419186996	-0.0127601006914947	0.00445730786479875	0.0153247285150659
0.0119802032918512	-0.00167381919857511	-0.00987182238002423	8.77987871690231e-05	0.0127088069817002	0.00259240357024764
0.013898099204027	0.000547912117453377	-0.0104273393759942	-0.00681084157042023	0.00248406603133135	-0.00170258488591186
0.0132304380069523	0.00774524418665008	-0.00579086863666874	-0.00671654887216186	0.00921165158752772	0.0110671588464517
0.0127407760765251	0.000897599644889275	-0.0214872757103849	-0.0177929468196274	-0.00277699087930734	-0.00330954523483607
0.016331715980589	-0.000455022233944706	-0.000527737075512139	-0.00264037039781998	0.00273447127682886	-0.00388800136208494
0.0146231532436287	-0.00173976324140435	0.00113677032250741	-0.00678445395997111	-0.00142123038708239	-0.00593469768617812
0.0105456396167353	0.00834783577470689	-0.00626138735265453	-0.00207575215873586	0.000859973792640244	0.0102231125874003
0.0162151042969312	-0.00577465023247897	0.00163969356792115	-0.00581582128102865	-0.000488623974390131	-0.00343366544390841
0.00355657829930868	0.00629713842808971	-0.00229085627058461	0.00378324968342869	0.004786824322728	0.00939596536407018
0.0150513930388977	0.00803050929076905	-0.0126110514243295	-0.00305879898715404	-0.000212048110009335	-0.000682875037279697
0.00668181672879344	0.00361366780462537	-0.0149556089714792	-0.00274430141816979	-0.0136979592749656	0.00972578845287013
0.0125047824786489	0.00525083994141519	-0.0118786180576197	-0.00937695402675255	0.0122009882480568	-0.000728748424051953
0.0128707334430282	0.0068440995902523	-0.0057001074003421	0.0014896757665561	-0.0136487891222394	0.000229547611903092
0.0137778065994444	-0.00908212678131879	-0.00116477112611784	-0.00764597887492224	0.000508538499981004	0.00260510475440692
0.0125333577340533	-0.00561690299607215	-0.00699631617855993	-0.00965674673125287	0.000517650616587188	0.00620337324523599
0.0122910299214105	-0.00340780077338164	-0.00969944215689125	-0.0139743815092683	-0.0101690091578961	0.0128953168546681
0.0138397408670336	0.00346919205124773	-0.00103190834682549	0.00697650059467808	-0.00394326237346605	0.00381809470087425
0.0102369886602417	0.000691923493100991	0.00917295417607805	0.00179537773353125	0.00283243826793572	0.00633970725903407
0.0116909406921652	-0.0121322562502495	0.00881469200719419	0.0146756677852342	0.000790136342488524	-0.0115150144704366
0	0	0	0	0	0
0.0112223376023749	0.00747434612909194	-0.0144856882279163	0.00386144683170817	-0.00485004953200816	0.00539756365863464
0.0139833423642152	-0.0447603991563322	0.0308170330560311	0.0156866904126341	0.0272386478171127	0.00798688930850679
0.0168757814742879	0.00316100638202946	-0.00456186723973151	0.00502550973836821	-0.00588467686620626	-0.00341194905480354
0.0166372134737014	0.0216600912442931	0.000861198914876274	-0.0164973237486666	-0.0098616082447133	-0.00666691341378411
0.0155778550495957	0.0244667316785974	0.0065124509938364	-0.0132390898425769	-0.00614044029798658	-0.0092702089186452
0.0170959745676655	0.0148936231602746	0.00226250918882935	-0.0120431943753231	-0.0174212909077736	-0.00187301635270634
0.0136360221965322	0.00784322540610064	-0.00281989074479618	-0.00529880426888658	-0.00992862848966523	-0.00175273731836795
0.0138771052677291	-0.0181594720467258	-0.0109930653611203	0.0047443035663909	-0.0211507384293581	0.0205374167538543
0.016920467280979	-0.019388789174317	0.0046550582309082	0.0062842890156018	-0.00327283281802913	-0.00519775698932594
0.0129523683061406	-0.00030031814238202	-0.00239797130544225	-0.005920930666099	0.0117024542321936	0.00970103982697639
0.0123892807534361	-0.00451904075948653	-0.00111660762952661	-0.000799812217295836	0.00382429867359728	0.000440532183253973
0.0172275759776746	0.0171416481132691	0.00181738719883393	-0.0143044983249457	-0.015327011367217	-0.0031419899183902
0.00518877964990032	0.0192358915603932	-0.0186277343338609	-0.0164161204179865	-0.0204501281022928	0.0480336180284658
0.0149531759119775	0.00726583016093571	0.00210305721963187	0.00254139713934788	-0.00432316741427171	-0.00109612543749864
0.0134378342788861	0.00745092103010062	0.00232585227035707	-0.00518315070372873	0.00372151054553684	-0.00268859760842702
0.0145241236822628	-0.0137305977144692	-0.000101679257994355	-0.00507060561218059	0.0101116955923175	-0.0110758769443449
0.00743510655963805	-0.0167844826222525	0.00257802953998698	-0.0136239643910261	-0.0215190204784127	-0.00639276153375842
0.0145482068804333	-0.0120251255742097	0.000289204884103219	-0.00765876650405275	-0.014019590238499	-0.0203360281424552
0.00926115920121954	0.00418125753168116	-0.00925400978707509	0.00211662325892769	-0.00399092629177584	0.00489391686864199
0.00212831565034151	0.0123539420207415	-0.00695188781507764	-0.0466897192432552	0.00755964280744572	-0.00532687409874019
0.0155175708156451	-0.00141695497613895	-0.016335316828807	-0.00120000576428926	-0.00599381946842015	-0.000578527074703396
0.0152998851004446	8.57340950529625e-05	-0.0150733431798889	0.00101222079499905	0.00361865699095132	0.000575038541784378
0.0144307014280054	-0.0011044406247824	-0.00372863364503887	-0.00724393456990222	-0.0054924506159818	0.00340565623077029
0.0128346716296798	0.00467078570454519	-0.00249218672854145	0.000394912677250919	-0.00619008702975405	-0.000340243875983708
0.012087543415097	0.02806096988921	0.027381610408615	-0.00615879996989254	-0.000393991113202083	0.000440053940297463
0.00563238858505345	0.0260980047301156	0.0262822481935821	-0.00775171674748332	0.017728566598046	0.0151624000512633
0.0152076053044232	0.0159225258980151	0.00484213637679767	-0.0137113270059007	-0.0075187544197716	-0.00666340659084593
0.013610837798892	0.025606768755661	0.0239012825289645	-0.0100445730980403	-0.00308221952541031	-0.0131099305764655
0.0122060835699555	0.00989347548745149	-0.00802734319550619	-0.00606203020535372	0.0121825389906013	-0.00132951789975488
0.0142103948179426	0.00210977462257275	0.000364734848178078	-0.00426597188244953	0.0110646847941643	-0.0045445779671432
0.0116820582673458	-0.0026408826724059	0.00630878808560383	-6.86783872069843e-05	0.0123019298427048	0.00250469450980995
0.0130713676669264	0.00306964291982024	-0.00164582579505825	0.00842166767636925	0.00620773741746292	-0.00579238994830112
0.0178908838545438	0.0136507330783114	-0.00819427437267456	-0.0131840829056576	0.00136863192220512	-0.0361170653050154
0.000939495458207129	-0.00226164781833019	0.00991282698653197	0.00705512469951059	-0.0127163478642334	0.0130421296169097
0.0144382766410643	-0.00714714246595641	0.00045164889208623	0.00330819725530349	-0.00636230854592487	0.00354115310502508
0.0137426807536407	0.000436184200225559	-0.00284898886141178	0.00363431535908975	-0.0068314416469677	0.00243635413087894
0.0124611094984611	0.00694867129962308	-0.0184948156997975	0.0066109724642661	0.00858324467017391	-0.00713088531572696
0.0133880584189056	0.0170208297411315	0.0126355061574652	0.000888927387845501	-0.0143963969644828	0.00242066386230501
0.00637122280808793	0.0156831405217578	0.00979761980841647	0.00241880163188836	-0.0200908696708974	0.00596654731631577
0.0145485041941086	-0.0148399572361897	0.00093324830218549	0.0253551676997732	0.021206123829861	-0.0109486687817112
0.0129438723347862	0.00183912051192108	0.00858328871024269	-0.00037458688413612	0.0200834390462726	0.0052621163948621
0.0138235364243072	0.00321273906266665	0.00141635572643976	0.00467432306726241	-0.00576301783603536	-0.00701362580807166
0.0159629331623162	-0.0128852404305585	0.00295921062767192	0.0136548716076546	-0.00245254931269892	0.00337498195435796
0.0124042650409987	-0.00167819752155721	-0.0281600049490231	0.0169412252713759	0.00249652089448058	-0.00144852762576675
0.013105058598228	-0.00516468825312785	-0.00414282143280251	0.00474897562957048	-0.00529215343155204	0.0101016974725008
0.0126456190413953	0.00232600452207669	-0.0151376536820991	0.00737549290880159	0.00221064356907544	0.00699679075454891
0.0120514339988724	0.00568734069534106	0.00924323686277479	-0.000215377779154829	-0.0059199665332604	0.00165128009509583
0.0116974562495915	0.00699510557004349	0.00308819165565821	0.0029614203401837	-0.000462869349667765	0.0120278927585697
0.00148550297883113	0.0049411702981942	0.00633532146756001	-0.00153671435319613	-0.00937693346975416	0.041511188180767
0.0146592095452933	0.00508361658996337	-0.00609463348061049	0.00762016772588167	0.00385471782085064	-0.000664938194948624
0.0106758452190606	0.0291580321507385	0.0296699112059497	0.0587657504551987	0.0204035535530234	0.0208365173519014
0.00801431051409274	0.0272719881478805	0.033984113866562	0.0556660972106806	0.0166894477618276	0.00914440663656719
0.0121923457454599	0.0128646363683634	0.00848484819449651	0.00460136401411851	-0.000847848359748785	0.00585301568925126
0.0141940033401968	0.00176609004943961	0.00171512939341528	-0.000570140525381489	-0.00164584983790468	0.00374213760186221
0.00640393314007676	0.000266873306391278	0.0104006510991306	-0.00706489350795697	-0.00744890301935546	-0.00276324572872251
0.0110468171550256	0.00169813348055887	-0.0140027070210509	0.0108544128985204	-0.00106043285587821	-0.00784187120607922
0.000279186383441674	0.00232031463701973	0.00618951123994255	-0.000697147139483897	-0.0105050218548698	0.0128708049264197
0.0142746346488586	0.0161653435068429	0.0204325146149954	0.00244039928387555	-0.00973466493280541	-0.000385857325262968
0.0121347348159245	0.00413725853342588	0.00355068837542758	0.00443402041986345	-0.000307947578837887	0.00062080738070384
0.0153692305704748	-0.0103319148558082	-0.00617910239231186	-5.29490077770104e-05	0.00570350723779257	-0.0116499708074102
0.0127123378923362	-0.00159114256021073	-0.00350922584870162	0.00648269181167437	0.00403195542154068	-0.00906644420630149
0.0139513759316798	-0.0128456698069579	-0.00734305146257702	-0.0138754447516902	0.00632389337590767	0.00712862693457077
0.00143492168419821	-0.00856970095644228	-0.0146886576078425	-0.0062804776558691	-0.00816832756997048	-0.0134222325831745
0.0135814338764732	-0.00716973479931096	-0.00288271282028534	-0.00460492154732955	-0.000498721778378867	0.0211483234270355
0	0	0	0	0	0
0.0099736266557788	-0.0157532379807594	0.00729211011215241	-0.0122212022467453	0.0282120148327469	0.0105551455926465
0.00306379988840406	-0.0231267711028831	0.0149225220750857	-0.0263652719692812	-0.00873811972410813	0.0159381260084425
0	0	0	0	0	0
0.00551504009208638	-0.0211919090987965	0.0115561049884429	-0.0241275508023448	0.0345707598552974	0.0163873632430768
0.0150048964986717	-0.0243857436466611	0.00417217006644611	-0.027907535882515	0.0182137815416526	0.0047855948376262
0.0125164785818283	-0.0175775902271521	-0.000646468283862671	-0.0103493298751063	0.0389949974941546	-0.0106426578635103
0.0160425786556396	-0.0117958663082966	0.00467509985247739	-0.0185676698386782	-0.0190270640387354	0.0114736447073781
0.0144080762996044	-0.0170972353345344	-0.00378734427582495	-0.0148975141830817	0.00489971484870137	0.00918207744269889
0.0126996160423123	-0.00694107514698985	-0.0236607327861965	-0.0252438180634324	-0.0107411576147134	0.0125003224351571
0.0112887546595566	0.00334841557235553	-0.00680726816610591	-0.00136029518694011	-0.000969998076856688	0.00435917377867255
0.00867403129520001	0.00135836344716658	0.00374929328914656	0.0171696779995168	0.00277778330424667	-0.00982200476767798
0.0150930880643899	0.00368884141869425	0.0033074129985945	0.0161925955647576	0.000957035511489788	-0.0045155207982375
0.0145556955435418	0.0319303519453833	0.0166067813975298	-0.000432730465678743	-0.00058799753770291	-0.0043989868729949
0.0128774016292441	0.00263375572450009	0.00196906537460769	0.00454228498488115	-0.00225529879661797	-5.95411485357685e-05
0.0126830299629048	0.00310731212936786	-0.00517455142933991	0.00241841838546199	-0.0154650253590862	-0.00983841917672982
0.00088077053303348	0.00886240969568443	0.00398490439291781	0.021557415439531	-0.0208510894521964	0.00985498807649316
0.0112647061064491	-0.00109879321762532	-0.0143727144819839	-0.0189382772568934	-0.0102911541384375	0.00781340161168469
0.00904854176939845	-0.00243607697881318	-0.0118022848114395	-0.0118660161033308	-0.0102105723867336	0.00597020158131788
0.0126990480762531	-0.00338926717269273	-4.69476100729404e-05	-4.22300109712604e-05	-0.000189160136525595	-0.0103639304878705
0.00112179737085951	-0.00143707358449	-0.00209691931337843	-0.00128127945033022	0.00171755198308093	-0.0246081243595976
0.00127507448402968	-0.00727408630823993	0.0155775706229885	-0.0426710236606885	0.00588140328404208	-0.0104961601717164
0	0	0	0	0	0
0.0167646971956416	-0.00352413352123472	0.00172233578559332	-0.00604247490121321	-0.00176462863857822	-0.00794985541910771
0.0124457764411896	-2.27058331324587e-05	-0.00402534079619809	-0.00430214928455137	-0.00861479085556966	0.00466869456180901
0.014198847389484	0.000770743582474637	0.000504887241327099	-0.00408611147044738	-0.00956602499703494	0.00285343543860242
0.0164617795919628	-0.00578673981979603	-0.0160275802319193	-0.00176819512471266	-0.00165612407433809	-0.00942241634604092
0.0130333094422599	0.0198181439713416	-0.0382156319456783	-0.0251116807734508	0.0154352456043063	-0.001167933716519
0.012807379728577	0.00120500260080786	0.0010728043802972	0.00456822657156707	-0.00281796823619195	-0.000637951919801965
0.0126635025444944	0.00358387649630134	0.000510992124286846	-0.000444208367465018	-0.00168572304683002	0.00301831239717246
0.015567446298374	-0.00953734324997448	0.0105961061568884	0.00314291146328325	0.0101480544226027	-0.000138202380408719
0.0161531103766257	0.0115754988971217	0.00490073539328307	0.0206527830110736	-0.0095293361126184	0.00625658387329165
0.0123605981072423	-0.0138120376222127	0.00328855060715798	-0.00630014505046104	0.000986385587775394	-0.0057011109344658
0.00986344713931905	-0.0138144639058741	0.00219086442675277	-0.00687414103155734	0.000946488981349449	-0.000538946957785186
0.0132405796331325	-0.00167800570785342	0.00155435698814698	-0.00334462373978826	-0.0012766898383265	-0.00107517440319704
0.0143620057140516	-0.00559822071414164	0.000455491824849948	-0.0140134076118198	-0.00188027272477918	0.0062161104991441
0.0137351841480074	0.00375711929681382	0.0136339296129838	0.0199474708332434	0.0105357937215493	0.0045927616781876
0.0121024259020945	-0.00577478920040473	-4.52172963439175e-05	0.0148611834274453	-0.00402172171912002	-0.00792286509319716
0.00576032079681336	-0.00353288099029994	-0.000294083286091416	0.0239791556055509	-0.00262821842624495	-0.0225072596036412
0.0112591942355549	-0.00367795666222739	-0.00920855183450754	-0.00682582101930922	0.000244695741402422	-0.000113583707785353
0.00736026151041766	-0.0056758801736663	-0.016455799005275	0.0167427436945291	-0.0137132890152206	-0.0082327298667914
0.0156396721362308	-0.00171291767524788	0.00736843401272293	-0.00678250305146577	-0.00463526271790383	0.0102355959207459
0.0154691689443448	0.0163397057661107	0.00405983408069558	-0.00485797687584248	-0.00537036620537253	-0.00313789208790511
0.0111505225321544	0.00639347452086218	-0.00776028764513929	-0.0142178549674375	-0.0106963444286895	-0.00495859159588633
0.0115345178170289	0.0029963127517092	-0.000573421078772319	-0.01349129987973	0.00682816016751718	0.0162251230435095
0.00428669132595459	-0.0102528635901766	0.0130606232596265	0.0324118323585009	-0.0100544801408961	0.0216630314790105
0	0	0	0	0	0
0.0106842715530112	-0.0107669281571573	-0.0116431031940579	-0.000398315318109993	-0.00250227367561179	-0.0128239455897596
0.0139294653373379	0.0020389459329645	0.00304880690429609	0.000257796543507942	-0.000157990456521739	0.00710835605634988
0.012087613990984	-0.0227801574945246	0.00211211186533578	-0.00449424531041384	-0.00542632915404726	0.00882877034305214
0.0142374106575596	0.00856528446189428	0.00443112424355617	-0.002985701474233	-0.00450554419794647	0.01837515259568
0.0104677842458992	0.0138353746949168	0.00817528668815808	0.00833568502520218	-0.00153338044978308	-0.000471869164564371
0.0100937984340331	0.0282149197997446	0.0258632507550434	-0.00262719059848795	0.00193242915878324	0.0011928932808372
0.0118284607103793	-0.0123365665060762	0.00337146867915636	-0.00342509044544693	0.00517992372045399	-0.00312042000496997
0.00170558643645211	0.0154480224286598	-0.00301233207586797	-0.0136904768451323	-0.0098792113312125	0.0518294743154483
0.0166215574602372	0.0129489260084675	-0.000807115092355353	0.00131069843663169	-0.00689483992703525	0.00209173917340761
0.00534173748406238	0.00940835754411932	-0.000877506531661867	0.00981197067217986	-0.0117322751709976	0.00756530186631763
0.0159751013279622	0.0185361157440991	0.00687904505393918	-0.0148369086240531	-0.00906281923133446	-0.0114205756444831
0.0133221307919905	0.00698620003366992	0.00343022063077961	-0.000836327614339613	-0.00502049308660098	0.000162639189148873
0.0135672102104684	-0.00497522863792543	-0.00765428076153767	-0.0115524182720965	0.00279562242197174	0.000972281014944349
0.0158718151690217	-0.00266196227562915	-0.00287735628668409	-0.00268223531210683	-0.00152485858999681	0.00546136412406746
0.0095216891835652	-0.00141186082917837	0.000722022339436024	-0.0123346224619968	6.28121328590022e-05	0.00907587153204927
0.0119507575141938	-0.0094930639048831	0.0165100567212866	0.00697347418470749	-0.00100243009188761	-0.000961656639788049
0.0114058582426224	-0.0136410576069913	-0.0152349145064173	0.0068943403674939	0.00348778909314992	0.00246348325721633
0.0165737604945903	-0.0229661889702566	0.0124942415952014	0.010307206729128	0.0107159421588752	-0.0192728601945711
0.0177282978060065	0.0116296090377649	0.0139549768693868	-0.00544417341568584	0.0111823734585949	0.0148948720772067
0.0141583977067731	0.00763510782130151	-0.00250359373265697	-0.00330435825734228	0.00213900308354851	0.00487696748378763
0.00274067111463224	-0.00372252138638722	0.0149175412438186	0.0109262111203735	0.0182059959736727	0.00538165710032829
0	0	0	0	0	0
0	0	0	0	0	0
0.00205063541092468	-0.00104824714584771	0.00232952245917845	-0.0132480233265626	-0.0220147142429173	0.0286192245668968
0.000282651905066918	-0.00359244866039807	0.00647530304542674	-0.0121390417602476	-0.00334428163822754	-0.00666024190734875
0.00813206204306566	-0.0230294857676137	0.0312741739806425	0.00293368595130851	-0.0169213084425233	-0.013291634438914
0.0142482615871021	0.00452338396053958	0.0118761983803228	0.00427990149222042	-0.00847779728147403	-0.0116809598480913
0.0105126135126999	-0.0164447245456501	-0.0155711829052081	0.0162319086179099	0.0131057839307903	0.00561530953156636
0.0119512917166174	0.030638210307736	0.0151613064373305	0.00990478844457713	0.0164481375075263	0.00258702198741277
0.0059556476504136	-0.0021309006826836	-0.00130274844219746	0.0047584878961467	-0.00967490680349925	0.0349491982541722
0	0	0	0	0	0
0.00930349909531341	-0.0047674234381572	-0.000520265362847242	0.00161224695002149	-0.00883659635098074	0.044603274368483
0.0139042011515512	-0.00145313554961491	-0.0312992951105413	0.0150521518108326	0.00560227955647288	0.00434815085188974
0.00737713609147492	0.0165597686318161	-0.00673048108915738	-0.0101723378012719	-0.00256553405127045	0.0110623255506678
0.00295992890944609	0.00260130863844901	-0.0055844837518343	-0.00644961085313202	-0.0255494675425668	-7.77835653071098e-05
0.0145856072119458	-0.00161385400890383	0.0154238088648743	0.013662815008503	-0.0299300868496859	0.00539557489171111
0.0130199574210494	0.00805463845612224	-0.00699649706071553	-0.00739612354141166	-0.00299446479428099	-0.00998295421485553
0.0108921891993662	0.0191956053238887	0.00757736855960427	-0.00385281762291359	-0.00345688041048029	-0.00486704581904212
0.00941008625860252	0.0110993399152598	-0.00836033304114325	0.0166212462684318	0.0149338552993772	-0.00748996394698667
0.0136659791792002	0.000927996277213926	-0.000714573271015673	0.0109431760327552	-0.00118639242081457	-0.00700600776348801
0.00197231508213475	-0.0110139226134992	0.0131710733248301	-0.0202525423591711	0.00808970136777309	-0.0481147406663125
0.0121374019693812	0.0100428063072561	0.00184931190884228	0.00575317074129769	0.00379682438049295	-0.0027379083479829
0.0194413329732603	-0.0122551507060134	-0.00110870384727363	-0.00390962860077903	0.016183111738302	-0.0319054813514289
0.0136941424340047	0.00179222668233953	0.0018880215344853	0.00116240511978334	-0.00942967666319861	0.00481881057291906
0.0138820368347686	0.0017219237762848	0.000347663309863886	-0.00078044640735833	0.00403748600244099	-0.00445015624424467
0.00315720870386032	0.00142869620481935	0.0083756811222842	-0.016104076479786	0.0207456370964237	0.00682328404819811
0.0149311709088423	-0.00166598661897985	0.00794369974070818	0.0113300130804855	-0.012392620055677	0.00891635192139972
0.0140603143997072	-0.00815875286682754	0.0398766509435592	-0.011755068357023	-0.00208354749942941	-0.0267705583351916
0.013706777921332	-0.00208374490351024	-0.00402033334486538	0.00019493007748043	0.00390589231417602	-0.00555291401354609
0.0132208528907831	-0.0016234893655716	0.000422570072068208	-0.0112579958359028	0.00181536284014079	0.00489169416399099
0.0117879554945958	0.0044755702285383	0.00084909049798084	0.00328288275122331	-0.00959897895974649	0.00582258477924863
0	0	0	0	0	0
8.89851833097946e-05	0.00111175422938214	-0.00174765552028824	-0.00635953620527574	-0.00248654475647589	0.0103677819784214
0.0138924145777926	-0.0135189537127158	0.0144785478592409	0.00750532798207323	0.00947434780403663	-0.00357775983805784
0.0150412147071791	0.0243419839973098	0.0214859057040375	-0.00400604937740057	-0.00535998060619045	-0.00304576767570704
0.0140647862736916	-0.000208979994502315	-0.0215990129279644	0.0103295871295393	0.0127261684778184	0.00151526654947776
0.0154185301853142	0.00570606103674566	-0.00404350774615994	-0.000296907581703137	-0.00513381771998747	-0.000359186292274932
0.0128147681523788	-0.0117420690334831	-0.00211569375017645	-0.00242806636229919	0.00274891629199514	-0.0077913134223476
0.0173448079334134	0.0180727328640486	0.00404921304287859	-0.0126986862575179	-0.0142462018532468	-0.0050389164557749
0.0113268616052713	0.00699190971013233	0.00200665293652488	-0.0025164928387155	0.0121299403175117	0.00249008672723615
0.0105549351095095	0.00148519927223049	-0.000238590276021979	-0.000547076707892413	0.00168701102453985	0.00571097469148891
0.0122644208332022	3.718705343724e-05	0.0012541786302568	0.00187011441743449	-0.00565166921680288	0.00231370111764622
0.0137293578940765	0.000928893190983341	-0.00906142566611138	-0.00720076430456049	-0.00670950908684488	0.000496810932629051
0.0123325584904684	-0.00470291853544821	-0.00372020598661667	-0.00890307313486301	0.00760186395034466	0.0149716104789077
0.0148285028056086	-0.0407356670040402	0.0468126975890832	0.0139934885916199	0.00807720511978988	-0.00145082070556162
0.0148330754627781	-0.00168121540031888	0.000772650286407144	-0.00226041708874585	-0.00328956797852483	-0.00507314211915585
0.0143792170107037	-0.00381015097750218	-0.0026907988881633	0.0191692260696644	-0.00858108554191766	0.012140028007021
0.0122355296927797	-0.0173252949597277	-0.00401087809024748	0.0160855164587906	-0.0242877472730536	0.00710618427214836
0.0159569293339076	-0.0338856335477302	0.000287505131988434	-0.0137100749384961	-0.00682123901527295	0.0172486172637143
0.0134590659769591	0.0101055195709352	0.012664164683333	0.0120830274533436	0.00706359371835837	-4.46838689938866e-05
0.0113679244654254	-0.00902367430230572	0.000789011973700125	0.00666050736245564	0.00283138303410947	0.00289305931067096
0.0212067804425417	-0.025882743948534	0.0246034192685267	0.0151877199881496	-0.0028353139341058	0.0145064343727948
0.0112613417010492	-0.00494997489313035	-0.00556198476500369	-0.0125553319202777	-0.00938749399580803	-0.00764966445042745
0.0122087012349262	-0.00323636768485751	-0.0193673480698965	0.00942696756987794	0.00272568507380736	0.0122770558659248
0.0100651530347632	-0.00281802419377104	0.00198534272192504	0.00192272934221089	-0.0139054316137926	-0.00766823765929308
0.0134787847915939	-0.00163974162362928	0.00425484904108908	-0.00110815248185183	0.00987540947251687	0.00911656052134349
0.01358932284831	0.00341749509530148	0.00467015205623394	-0.00208183206246939	-0.00206651481448046	0.00115898414292424
0.0123407630224115	0.000555371110451033	0.00083938099423357	-0.000900985233634821	0.00152623114086134	-0.00199999717272964
0.012620407489488	0.0293023805990096	0.0217164762361324	-0.00571357778522375	-0.00193365338461112	0.00697456240455249
0.012271822993433	-0.00764869796749653	-0.0079655071499043	-0.00821866936195271	0.00464616391310687	-0.0105120562356899
0.0135253715429576	-0.0202808521961701	-0.00434690542965865	-0.026880358459541	-0.00962910683186233	0.0169589257589591
0.0145348663105973	0.00262890135310646	-0.00585177910698479	-0.00208357450604103	-0.0109198203380833	-0.00825048419348439
0.012778784716593	0.0197200691800857	0.0187198346881378	0.00347951306916756	-0.00622398466878959	-0.00518271024614063
0.0122046830985596	0.0041555735742685	-0.00053885200039434	0.00149363613922432	-0.00663196575195948	0.010006941499546
0.000201066458982815	-0.00213819157140541	-0.00355273055131563	0.00351286532966956	-0.00609189019947234	0.018200577933904
0.0133245441384004	0.00756839602784957	-0.00632705514127728	0.0120389393967385	0.00460506677896629	0.0198924146334297
0.0129155284172964	0.00308711179727605	-0.00401613343422555	-0.00501587751383852	-0.00694558971016114	-2.38287052218384e-05
0.0151789183172107	0.0225283628958954	0.0124022736819809	-0.00675085898649164	-0.00761607762301004	-0.0067594086398785
0.0137930656192243	-0.00194658407128776	-0.00163482980963725	-0.00756179276494614	-0.00208216588577683	-0.0047601112287925
0.0127951037472345	0.0132268907683209	-0.0126850924751483	0.00616006559337365	0.000321571316805202	0.00662112032764272
0	0	0	0	0	0
0.00160271232410398	-4.99539562463583e-05	-0.00293832489135084	-0.0109302675073229	-0.0109205146794672	-0.0121667449276132
0.0139672587294726	-0.0160165774054547	-0.00729771839190238	-0.0120465071248773	-0.0120061829400158	0.0144348151539173
0.0137739840973089	0.00690963216858466	-0.0140957707685745	-0.0348967923520816	0.0101684689969715	0.00998590488756435
0.0135908079665581	0.0110245916604821	-0.00328598012966264	0.00436808118859466	0.00336711215612955	0.00419995512250431
0	0	0	0	0	0
0.00457944735925147	0.00440971416131022	0.0022653785843677	0.00179310230408995	-0.0208460385169074	0.00273448100006717
0	0	0	0	0	0
0.0173899005468597	-0.0114388494711722	-0.00120896457580421	-0.00144413060056875	0.00280736450293722	-0.00103844932160719
0.0129494428453301	-0.0171131728897969	-0.0106655206355717	-0.00921135154501417	0.00324845214175768	-0.00964158979400103
0.0132242366760084	0.0294358876800211	0.0261773666985795	-0.00273761636747412	4.21397876576891e-05	-0.00550944849783424
0.00495905160429728	0.000312930470350851	0.013154650828382	0.00794012598246868	0.0235346231865525	-0.00791344743598135
0.0125110392670022	0.00811862347192916	0.00556087064744659	0.00128659385234616	0.00267149850385567	0.00619544744236869
0.0130362536622418	-0.00068002483380697	0.00825183712370691	-0.00602135059105761	0.00231170489481441	0.00355535439835883
0.0136798565393291	-0.00811220638796804	-0.00291838989409959	-0.00783431075438567	-0.00418135066053101	-0.00056463390957463
0.00823027228591828	-0.0144199885921671	-0.00554341533237582	-0.014054907704264	-0.0169568342965638	-0.00941935597378166
0.000514454445643547	0.000110201155022693	0.00227236352500234	-0.0169064432738443	0.00840519839113139	0.0176991600402771
0.0116297782364272	-0.00463363165322333	-0.00191061093557487	-0.0108247993665479	0.0205465755215344	-0.00194841889341284
0.0126834537630927	0.00125244531111495	-0.000195291937158588	-0.00371019629337852	0.00533112723637172	-0.00379781278275608
0.0127013083911853	0.000790064216922601	0.00886652249920298	-0.00142930300008421	0.0101903562302609	-0.00239952900139206
0.0128749183169212	0.0107190803621941	0.0105045362733348	0.0060674623299429	-0.00300474019471515	0.00673382973419265
0.0121619046300095	-0.0228631246986771	0.0266789109814498	0.0139768277283906	-0.0219467104796198	0.00316096387784264
0.00384517443841617	-0.00456178960434981	0.00114661976943291	-0.00749583306492417	-0.028650003540602	0.0230765715054823
0.0127247491060912	0.00286316979988879	-0.0206377381349111	-0.00212602579028216	0.0094121201929463	0.0010460405888801
0.00189703101202119	0.000500636913912467	0.00154427219324903	-0.0201109238040708	0.0317668285764301	-0.0173938796776695
0.0125967980732795	-0.0036844018338992	-0.0365148249280192	0.0128812771031586	-0.00033622180991377	-0.0049781744839017
0.0136338510120201	-0.00260277124442769	-0.0309446790231832	0.0129502016824567	0.00779979343276719	0.00566200523983804
0.0125849576368636	0.00540685110914525	-0.00153210904573982	-0.00125788476767697	-0.00259837800431071	0.00222682824226781
0.0122750978745631	-0.00373955046974114	-0.00254424496656139	-0.00699217321842792	-0.00251271257520764	0.0044377707833704
0.00411881309664236	0.00537226981464935	-0.00486626239483588	0.00552881464714766	-0.0242970383719449	0.00122066175578945
0.0142263187103989	0.00516531252852505	0.00885115165554307	0.00148252413872996	-0.00483497597393522	0.00317718206777337
0.0144847260940745	-0.0343463096502813	0.00367599131912553	-0.0204824896957673	-0.0281073877872646	0.0274005210341613
0.0138685512773519	0.0171491374645309	0.0145558595286526	-0.00281365962292497	-0.00693301074612498	-0.0100548141929817
0.0117988160087719	0.0045156257907927	0.000831816373546674	-0.00138153380074555	-0.0135588431205543	0.00252098426958262
0.0138428450175016	-0.0109411738341586	-0.00273140745274179	-0.0234779502238934	-0.000449160929845293	0.0119796395751857
0.0121929510024836	0.00769843921367739	0.00192111963714623	-0.000958072137421948	0.0179267550168924	-0.0202981752058985
0.0104546865330259	-0.00604128213449892	-0.0077675220859933	-0.00682348688775289	-0.000261658744439906	0.000605312108958198
0.010329758483593	-0.00569887839472848	-0.00393830304547319	-0.00778754611314845	0.0102545664334577	0.0085473239416925
0.0108570616280621	-0.000873339936438713	-0.000838014825584648	0.00270801775252232	-0.00838378815035891	-0.00570592171843195
0.0160681202287169	0.00052820916259469	-0.00127259348197446	-0.00430463025843779	-0.000486930964938526	-0.00468663359291117
0.0132786313393417	-0.00221111798680614	0.00382719557827103	0.00110841217025136	0.00732279135774795	0.00561110725359509
0.0164360521557423	-0.00751881302332439	-0.00117870243140986	0.00596047024266076	-0.00549640288527888	-7.34202368799215e-05
0.0121184601473138	-0.000501914037780925	-0.00607718045082532	0.00931596317925877	0.000105374530333796	-0.00690527472396665
0.0117734879941264	-0.000459062619136445	-0.00223808427914921	-0.00492098788392554	-0.00274554972883162	0.00339916524474818
0.0125883405936846	-0.000167681196850695	0.00268517548161179	-4.47169923312907e-05	-0.00156105051155284	0.00315300280072069
0.0173524036961463	-0.018129990315672	-0.00407702373573861	0.0604704058817292	-0.0356644718152255	-0.0138623075586392
0.0152545239965287	0.00327147914157055	0.000582885840838285	0.00114617530129935	0.00463624298707709	0.0122500290617696
0.00595582161129552	-0.00594777396169992	-0.00615761887984893	-0.000666539966476386	-0.00424141605633512	0.0110597738983555
0.0133533831993451	-0.00032082422307337	-0.000182349556968523	0.000805249086782054	-0.00305330817612905	-0.000519081096642498
0.0124560996413633	0.00374356064101853	-0.00411860309868423	-0.00350531459989996	-0.00197656721991372	-0.00600431423918309
0.0125932625198423	0.00162744970922518	0.0038564675068467	-0.000171909447607298	-0.00326053213373711	0.00229461202303351
0.0117831999919693	0.00173578924182836	0.00233180846901943	0.00689952830426658	-0.00224081962144919	0.00316308705149565
0.0140695614145868	-0.00303859397432473	0.00251474270567281	-0.000115012709546482	0.00857230675795496	-0.000284935869172331
0.0126846223297407	-0.0038732920556612	0.000425412807826315	0.00303448669609922	-0.00966895659537275	0.00142923393088142
0.0128544628025389	0.00452747304180282	-0.00135598645255776	0.00169392682591076	-0.0194182195478807	0.0010677314175547
0.0111757806828671	0.0143522528810506	-0.0143345461186835	-0.00925798169197933	-0.00776280019837584	-0.0063529613079703
0.0148368486357153	-0.00127992924643082	-0.000835738237603695	-0.000754460487424338	-0.0112280892683348	0.00235382388568525
0.0119232172382297	-0.0204267150866891	-0.0122816313765095	0.0372334372660757	-0.0236653015206409	-0.0612169773999948
0.0125063969468411	0.00337964885257464	-0.00111245044932324	0.00359246582037443	0.00304883612997045	-0.0194621605012385
0.017393431668847	-0.00891254781661563	-0.0177953786723083	-0.0204751483918521	0.00165326775010506	0.00218146743164211
8.76843823403089e-05	0.00111569592649214	-0.00210491825238172	-0.00477156717069516	0.000927915136708731	0.000610098044160628
0.0153116087405928	-0.00521176915978989	-0.00361582036332633	-0.00185816045152783	0.0103256742357293	-0.00212485102011719
0.0121427605591894	0.00209762905673007	0.00753597429349554	-0.00758881417294681	0.00622387808469131	0.00263670145297152
0.0137261165000225	0.0122965638127242	0.00476001178616752	0.00324546709374805	-0.016448558938991	-0.000211284157497697
0.0139498540400494	0.0067893508245015	0.00382237532224032	0.00636101635868832	-0.0071621644004851	0.00338858646269274
0.0103360613269718	-0.0167470225584624	0.0134165779060272	-0.0167900302038692	0.0143580774480786	-0.0315364764306033
0.0182606508559905	-0.0148657597906321	0.011386461600423	-0.0147201069732137	0.0183291462316087	-0.0245171854396712
0.0107238366284224	0.0165126197670261	0.0159150083271195	0.00238900515250607	-0.00338258493450725	0.00602218667131352
0.00530830412370788	0.010138370686793	0.0208672171023356	-0.00462010038399509	-0.0133719027413858	-0.0136360427295838
0.0167897480593223	0.0092225991534346	-0.00368962244102579	0.00387923991144981	0.000145398646166773	-0.00331083912155352
0.0128032450970878	0.00406711196445008	-0.000882998165341597	0.00676029267105995	0.00180901703471964	-0.000644826334178226
0.0128879961967204	0.0020447214168537	0.00487055139677569	0.00108156827555415	0.000356449711169984	0.00456695033347717
0.0128275606979119	0.014782665921294	0.0158946640333433	0.00309196309246146	-0.0142094906754465	-0.00104463885188182
0.0124984251644936	-0.00446845000776814	0.00120206189654416	-0.0045102289114305	-0.00985295829678363	-0.00072739501962622
0.0125189024054084	-0.000879024041989313	-0.000728962690494975	-0.00616979265534533	-0.0139643009494257	0.00328792706327878
0.0132920333850289	0.0023173685467994	0.00184566219464409	0.00322532158354237	0.00997215126755094	-0.00200668454715667
0.0123890342864295	0.0263021010337281	0.0180642775077628	0.000483326178874496	7.596108851612e-05	0.001015270869592
0.0139332998315802	-0.00400375854385182	0.00391374058386191	-0.00318434266813774	0.00266596961608554	-0.000620253194995839
0.0136671835328551	0.00107170076130918	-0.00466216643730461	0.00778057417297899	-0.0105794881818273	0.00511300443144842
0.0154900755832109	-0.00559058954254825	-0.000826110449757757	-0.00778251677903083	0.000531762430812572	0.00331392655593604
0.0135863851933931	-0.00380294206382586	-0.00383418250580965	-0.0046118776251027	0.000954756439505419	0.0065422917593796
0.00543041110347952	-0.0121646200970956	-0.000125089509177367	-0.0202244534931371	0.00172396568733768	-0.00127283215621527
0.0154897745741244	0.00143624924895712	-0.00137452938165996	0.00254417303314331	0.00993124575400293	0.00219984437017229
0.000295011029694325	-0.00221293744170115	-0.00664758278446965	0.00956481015641484	0.001812323488088	-0.00186839403648287
0	0	0	0	0	0
0.0163868514482179	-0.0388029302981341	0.00845470265543988	-0.0354264784588098	0.00342553670798716	-0.00240911505195318
0.0163690303642157	0.00907263118311084	0.00651053897378335	0.00854482556867268	-0.00851050243692604	0.00073098467541646
0.0116792423040358	-0.0137183101123098	-0.00277017283029641	-0.0176523712481113	-0.0288928989486994	0.00275506682998763
0.0147669389475265	0.000687745947373941	-0.0109898316391355	0.014360287191942	0.00176228677856279	-0.011189500032309
0.013865486857513	-0.00167836978273204	-0.0332861440971339	0.0144252580370653	0.0124933338724724	0.00541523631930461
0.0144115836621835	-0.00267302855610323	0.000122670498923278	-0.00763563330930329	-0.000894768740675402	-0.0057826372178205
0.0151239435455043	-0.00503580578723818	-0.00378360176817618	-0.000535681997431883	-0.00874695032202955	-0.00341875871573375
0.0164596809540026	-0.00950000700681749	-0.0260223318746457	-0.0044116963376341	-0.00317190777683021	-0.00318916649435692
0.0114321583988198	0.00136649711861775	0.00372178477103595	0.00171759705676483	0.000600073373009777	-0.00665651964874649
0.0117038759281091	0.00262685692757238	0.00333650902507881	-0.000443395778832604	7.54548019145435e-05	-0.00911369390529854
0.0125087529614132	0.00764670693837122	0.00803563356343111	-0.0067715332071053	0.00715754458834919	0.00459747048339218
0.0132531730459924	-0.00151118387393161	0.000952123461092387	-0.000997532032559497	-0.000163159863682281	-0.00689402219718474
0.0136404793789481	-0.00229609991464846	-0.00412788658710836	-0.00228469540456904	-0.000428297043220235	0.000597304497827014
0.00554689802416546	-0.00316241022405243	-0.00609313259048988	0.00174436985187278	-0.0102772195124632	-0.0044012145035432
0.0113104302437465	0.00674573232007095	-0.0022983573739465	-0.0085986494844989	0.00101408170924947	0.0028939090910763
0.00733216773762906	0.0206565526627064	0.00828223471132128	0.0104875902661892	0.00129268725460842	0.0307733851598061
0.010627298175143	0.0301896648106545	0.0181019004249494	0.00111795426423581	0.00804811424921309	0.0102326059892333
0.0098707087017546	0.00366735993427042	0.00758456712589387	0.0229234800837319	-0.0296491781023362	0.0162124282512943
0.0154683817625349	0.0034893485933764	0.00736797015909236	0.00671167689118214	0.00527109803892364	-0.000697869850485784
0.00661596105231903	-0.00474697745255686	0.00180383740925277	-0.00679883735514607	-0.00649150777299509	-0.00293796811328434
0.0165036993002182	-0.000238173618973581	0.002366545098955	0.00628060172717025	-0.00250299170930546	-0.00577248151375541
0.0140815495992595	0.000737763095883864	-0.00222200046829242	-0.00167648167685772	0.00806442113477667	-0.00695534103422682
0.015317089570926	0.00869334068155962	0.00426878404488517	-0.00357778209131165	-0.0146151606135735	-0.0022711328862972
0.0103360741424138	0.00892385541580414	0.00722209353007116	-0.0237140254171539	-0.0167699844002294	0.00132189253244125
0.0106026429245731	0.00179409291475673	-0.00163840383437692	0.000190967625851517	-0.00369116165312901	0.00289632838638142
0.00193112204724671	0.00578750447518754	-0.0038773828151399	0.0172912054585429	-0.00449354215683537	-0.00900359839358934
0.0157199458909247	0.00589501796930263	-0.0270980998716284	0.0111953787071488	0.0148633524338195	0.00707318517486881
0.000477949029565485	-0.00153054613728404	-0.00152508663336295	2.81262175148705e-05	0.010192959905873	0.00300932650214375
0.0129033490571696	-0.000507915193121644	0.0018014842965907	0.00175008592241228	-0.0223199122196464	0.000766010584105435
0.0130997427593553	-0.0155332568699136	0.00147168621744863	-0.00183833749365078	-0.00182056942099565	-0.00258721551328032
0.0123075139207852	-0.00459536036595909	-0.0105376136009146	0.00500119892958692	0.00794066251113106	3.71519099384892e-05
0.0123871237377732	0.00572193473173723	0.00584608535833707	0.00288151814443641	-0.00543671167749903	0.00588635142804375
0.00616609113768135	-0.00568544502700838	-0.00771997014968605	-0.0132453046508888	-0.000671100829135487	0.00847337237772431
0.012603230720928	-0.00300825752683768	-0.00362552749697398	-0.00330396765468979	-0.00334715660651389	-0.00198306519795243
0.0118270878226019	-0.00672158512990382	-0.00951004434200165	0.00214659907114597	-0.0044946191674811	-0.0147591362613161
0.0124203589675072	-0.0150331174553162	0.000562488282533294	-0.00957851036624668	0.00245263417004119	0.00551208168153215
0.000960477501728072	-0.00276711859515676	0.0102419649430836	-0.0153307560408405	-0.00569654269110214	0.0214868069686146
0.013203021177527	-0.0230758965035277	0.00470468350625161	-0.00922541158161971	0.016822573950886	-0.00469809247861586
0.0121148986827163	0.000748662121019403	-0.0021354359015302	-0.000859552261654854	-0.00012326262149172	0.000192276430806471
0.0144209098417943	0.00496701083432209	0.00552649831258683	0.000898698188253343	-0.000144365757172903	0.00131484837711102
0.0131852603180815	0.00146592120693688	0.0103426542268545	0.0139536352865187	-0.00173712518604718	0.00781272442650354
0.014473306565682	-0.00193937743850254	0.00480293312770174	0.015798734342078	0.00395807661529916	0.0035678502520159
0.00971917115369194	0.00265616094997504	-0.0132342598713368	0.0167837867200531	-0.00128488755900818	-0.0132152049641621
0	0	0	0	0	0
0.00590564679227101	0.00298245643033917	-0.00069272422136721	-0.00373800685171331	0.00621318804766651	0.0123529495833857
0	0	0	0	0	0
0.00601069056829221	0.00937290934132289	0.0076335919622037	0.00167449027697634	0.00553597112417536	0.00201935781831048
0	0	0	0	0	0
0.000403960771519785	0.00308683743276798	0.00506678168998347	0.0190435349918121	-0.0067082076866361	0.01899803499047
0.0146384188315224	0.0137350713466712	0.00632403959534328	-0.000577409784647437	-0.00440700409662915	0.00131265800941229
0.015945976008719	0.0050840253098055	0.00709136955715164	0.00378777125350193	-0.00109242556727052	-0.00449828766205524
0.0115705150307849	0.0132865780038617	0.00922335974582952	-0.0126079360817992	0.00511148076616392	-0.00627657539885009
0.0166998265798642	-0.0131689192998165	0.000706379383502416	-0.0289473607889229	0.0157845186186232	-0.0139361142424393
0.00521967603239667	-0.00630379806154122	-0.0137084551708213	-0.0398128946169015	7.85275351581488e-07	0.0148595480487268
0.015379324807736	-0.0120740399703201	-0.0124098899525083	-0.0123530908482314	0.0154713729601582	0.00249836441716158
0.0133449738547383	0.00904963170583897	0.00643664084314489	-0.00335042164858874	0.0071550617879294	0.00167231385396322
0.0108546814093173	-0.0121892663253062	0.0140276624917817	-0.00910696491817977	0.000648892026636637	-0.00173426296102493
0.0133611806193024	-0.00331211956502366	-0.0074437487163077	0.000815251973999154	-0.00327103715957536	-0.00305575839528344
0.00646491808646573	-0.00150476710228768	0.00215857868756579	-0.00479567476684137	-0.00843358357041256	0.00645705873627376
0.0135344334077424	-0.00149094317897374	0.00485886418204565	0.00186634647576911	0.0171688612809745	0.000661871453558567
0.0122606374155153	0.00403054280634684	0.0157324357499878	0.0249114046444242	0.0108641226881683	-0.000335287942264453
0.0128689357384228	-0.0354282248007331	0.0276745724970083	0.0105051132161151	-0.00871943770137817	0.0310144459093652
0.0177747696762975	-0.00140886819849467	-0.0161710923228833	-0.00487535133344088	0.0151226757624688	-0.0216089690329892
0.017255507478212	-0.00821253540474272	-0.00988401569613561	-0.00740650446787483	0.00490637521198139	-0.0382316308028593
0.0166234984175158	0.00744980647322847	-0.0122394983309221	0.0015696896067012	-0.00514786304397773	-0.00158505757238323
0.0140081677331342	0.00208324606115902	0.00372624677257089	-0.00227475700036658	0.0032758259800658	-0.00288673087335984
0.0136539064449741	0.00252493252963249	-0.0023580270456273	-0.00641128511378892	-0.0161484614755471	0.00123375010548033
0.0131765214696695	-0.00820742893579861	0.000285100082040628	-0.00500053247377307	0.00199647701863292	-0.00398136234226355
0.00760148096220213	-0.0116788464731914	-0.00586942731745323	-0.00188165898678511	-0.0115143929996142	0.00891862027029425
0.0122398986168678	-0.0112992625779851	-0.00654085710756343	-0.00446810921432542	-0.00473933610315236	-0.00269062983943282
0.01528149538047	0.00885687591534339	0.00578515002808124	0.0114646088480424	0.00641280666716421	-0.000122498655585866
0.0164198878478219	0.00470730662741391	0.00148691757456388	2.13692549915359e-05	-0.00568663480418021	-0.00191861492328301
0.0158135229241104	0.0314357660148642	-0.00035542396343897	-0.00481596089545759	0.0192112461826485	0.0130882784218708
0.0124442115143522	0.00547340870114311	-0.00450342900537067	0.000363750919547268	-0.00358790915167814	0.00532797243953577
0.0119891458888684	-0.00303324247137868	-0.00136788081164208	-0.00546957504459116	-1.84082599669973e-05	-0.00211407561139518
0.013857016722767	0.000726822255778078	-0.0378977633486786	0.0203457618313392	0.0106255893503147	0.00525328031338412
0.0163388816236202	0.00310074867868742	-0.00350878800189229	0.00286576929739391	0.0047341965660321	-0.000454317815684072
0.0122218105112971	0.00332828245920032	0.00301772332054493	-0.00229700348364232	0.00158303547011674	-0.00299763226668084
0.0116872183767998	0.00644739468332378	0.00147453096378348	-0.00118763196404959	0.000412021789289643	0.0035247689784156
0.00826246067616822	-0.0024055346794396	0.000833367887299843	-0.000108252296990251	-0.0009973582386059	0.00174849264517103
0.00116523857127962	-0.00265174109199571	0.0120377512300993	0.00354975434455738	-0.000843532182130293	0.0386634633437442
0.0125275621997016	-0.000463190915580612	0.0041716704511803	-0.000975849399835269	0.00503852987319472	0.00896103483029116
0.0112558565205859	0.00164481805942179	0.0122604031728815	0.0172064873729715	0.0118487891179161	0.00751740464958493
0.0141797553708264	-0.0129715148871654	-0.00177840852272125	0.0111179672734536	-0.00825145866682271	0.0137536325041695
0.0144768889766355	0.00985182569398643	-0.000957413481243159	0.00896358692966294	-0.00142530167331789	-0.00574270544196322
0.0119311493770739	-0.0109541280340703	0.00513626480342372	-0.00604258081235496	0.000954356563420038	0.00310372635859174
0.00597094585596611	-0.0158983392835222	-0.00161529186082201	-0.000212815745344586	-0.0170662382065233	-0.00823705385776933
0.0125354389192547	-0.0163551837491854	-0.00728081670520603	-0.0140078997701053	-0.012152221606698	-0.00105912593959603
0.0139667679230184	-0.00375246049539218	0.00280755387938223	0.00885086907859393	0.0211943036285427	-0.00270492989845706
0.0105032842717535	0.0109676727995463	0.00346131691364452	-0.000695985250608727	-0.00415220277736849	0.00934249511964419
0.00570368226896801	-0.0043969170943085	-0.00723132338279829	-0.0118361535395557	-0.0110675451511347	0.0102920153985165
0.0143117274835444	-0.00161488804508838	-0.0128511651034711	-0.0092230188280343	-0.00113854529080483	0.00682455472497444
0.00897403229156223	-0.00814688415841259	-0.00106751968817963	0.00496357058048327	0.0101110205333992	-0.0248094499796939
0.0133045929249457	0.0100021454790686	0.000238205721217266	-0.00778115670498993	0.0169581525387067	-0.0115809477611864
0.0125721419025007	-0.00661064887148531	-0.00929213835445734	-0.0145809201835032	-0.00178001294483488	-0.00649555279905621
0.0128577260774737	-0.00968910612512174	-0.0060799395806396	-0.0193416924370361	0.00416194051710832	0.00508745250866106
0.0158009851016719	-0.0580334058371033	0.0363315595982707	0.0358997695681431	-0.0276528376322002	0.0225545166496568
0.0125430206046265	0.0115840057657865	0.00196847939147789	0.00666432043271309	-0.00784005079454873	0.00619175940104822
0.0179059619431112	-0.0173597171517863	-0.0136508913572378	-0.0323137416480155	0.0152267766394078	0.000217490542816978
0.0114615063439971	0.00586093511341882	-0.00176579739938411	0.015971067846196	0.00368894764037896	-0.0157215025717771
0.0115826838161109	-0.00027161495184982	0.00705436725631937	0.00107906334206049	-0.00573769450059765	-0.00752622390011176
0.0117827127450258	0.00688308763601807	-0.0215940921808675	0.0102364479084241	0.00670840342075459	-0.0112315316831565
0.0015230706215211	-0.00858298498447994	-0.0143730229319685	0.00042249478861159	0.0228226904283782	0.0066646813999347
0.00774574188816758	0.002080679045552	-0.0158039554308667	-0.00616692206095536	0.0526008211586982	0.00817527287065998
0	0	0	0	0	0
0.00835217727541201	-5.07431721023226e-05	-0.00300906372115666	-0.0010174412432368	0.00349493604065716	0.00373654180740779
0	0	0	0	0	0
0.00633528395711362	-0.0134350041104656	0.016255228173009	-0.0116451241352004	0.0112452952756208	-0.00716217419687059
0.0149316402280135	-0.0100550040233658	0.0149745943060056	-0.00581977031688473	-0.00367365493205493	0.00458817244215751
0.0104586485968016	-0.000593511086620646	-0.0231528313836254	-0.0102396663408075	-0.00912162566616277	-0.00102779133426819
0.0147544614043542	-0.000101039941152535	-0.00140987853115347	-0.000915408660117852	0.00423429924836768	0.000734405684408425
0.0122947025947787	-0.00500463109244951	-0.00528238300612967	-0.00349395659003369	0.00086941466031848	0.00327997684194632
0.0129201518039818	0.0130474870241487	0.00376510323853313	0.00964911394116835	-0.00425239124015812	-0.00171569984947196
0.0128794239598565	0.00597640604671627	-0.00335058943632028	0.00585664911309356	0.000267614084354566	-0.00713738189735344
0.0116757291096335	0.00161375796527402	-0.031787200398883	0.020065713473549	0.0121136032907951	0.0104745477123172
0.00219772975070162	-0.0179298187909511	0.00931458168278013	0.0250547716380872	0.0169921985259037	0.0310888045510297
0.0122490126791714	-0.0112409968289248	-0.00207398629899401	0.0018239762137669	0.0112094373792777	0.00858136839735194
0.000217836532749499	-0.000918261600053755	0.00130497312690298	-0.0130276964365261	-0.00663042873440308	0.00567031016483703
0.0148010340767067	-0.00594788443235886	0.00268912190202692	0.000390957304511957	-0.00601277188245794	0.00478956035951386
0.0101755619663545	-0.00439016271295907	-0.0010664998791516	0.00313909933153918	-0.0161205507188708	-0.000561447888227844
0.0103172266638166	-0.00784767784825632	-0.00550317646464858	-0.00656435617471767	-0.0015831514656373	-0.0178956039376385
0.0136963807926077	-0.00751080883680229	0.00836780059317242	-0.00991657856303473	0.00918246335138211	0.0195089093703832
0.016209127944988	-0.0192234397067997	0.0022978672816565	0.00737427545683978	-0.0104436135565505	-0.0060896856482143
0.0134493857167137	-0.00425625893126819	0.00119183993281119	-0.00712792863043019	-0.0182119915863991	0.00346846026120559
0.00192845890127926	0.00148232823150089	-0.00107597000935331	0.000971278335667524	-0.0171258890921273	-0.0300658774080761
0	0	0	0	0	0
0.0126712304533525	0.00422400648650359	-0.00638942313716592	-0.0087192352741429	-0.000715646561603148	0.00522045560960965
0.0128164250781419	0.00949051061578752	0.00434681366131925	0.00944118317281144	-0.0106415093766899	0.00103183708878346
0.00798989081558768	0.0161512340200767	-0.00125409278088066	-0.0110908198122921	0.013045303302142	0.0102486426032338
0.0124492098947053	-0.002635981566432	-0.00749759290053918	0.00161279765478035	0.00267922636079485	0.0126782509412376
0.0138082777229315	-0.00178897323984651	0.00240530709947924	-0.0074227228255892	-0.00321999157841218	0.0083841289151341
0.0133062994296022	-0.00882953967664779	-0.0108149506730952	-0.0173285316945346	0.00747826019999629	-0.00115141981797559
0.0112739348434183	-0.00662786807352545	0.00336168354628531	-0.0058680428183184	-0.0105068783858991	-0.00262355133683384
0.0111339902248158	-0.00815863324750336	-0.0157323573210524	-6.76027171997108e-05	-0.00516125568041507	0.00192467720292747
0.0128148053214533	-0.00815031460472848	-0.000714624166759104	0.00160814604289284	-0.000733022221630563	0.000338972943880009
0.0120209859157525	0.000370102889740221	0.00135304813096733	0.00635876957333116	-0.0189863131161733	0.00511976768445551
0.0130243581868734	0.000623421018849045	-0.00156616495592182	-0.00372285183730474	-0.0108558653918439	-0.00379583545263137
0.0017946328374635	-0.00685468732559481	-0.00572252403045589	-0.00520884277853334	0.00504423772039258	-0.0339189354728039
0.0130572848875925	0.00440030953594874	0.0052452694652928	-0.00252714371184052	0.000660289696247842	0.00387859488382888
0.0146961419064177	0.00555357799957771	-0.00288645303133078	0.00670585743424103	-0.00474666365674251	0.00268404234644988
0.0161910994156653	-0.0130656740079334	0.00157532850798871	-0.0142861039928849	-0.00424459644589791	0.00216965800057518
0.0149272238936099	-0.0138432700958857	0.00728722189611619	0.00747027826366931	0.00424927097231552	-0.00382950284305843
0.0130856013985599	0.00827815698571147	-0.00522913805802838	-0.00770042669342242	-0.00304080456136585	-0.00227869837348851
0.0138338659510563	-0.0023851269906629	-0.0336313969190594	0.0220004278788178	0.00953724903695834	0.000410313189430268
0.0143026304843058	0.0154818393989039	-0.00223741742475633	0.00194892525439418	0.00885741267683062	0.00239638506906979
0.0169282455817641	-0.000106330059527923	-0.020238654607139	0.00387863827022094	0.00149999554644513	-0.00320510749410194
0.0130052562967441	0.0311511015934484	0.0234100892070968	-0.0124979779597471	0.00929720395581787	-0.00317337306457603
0.0135745915103489	0.015695412905428	-0.00532758411818761	-0.00478265942673099	-0.0117860840721109	-0.00684177319071559
0.0124476654339681	0.00558748598211818	0.000695053615592926	-0.00111782935292346	0.00938886834878824	0.000226553153920568
0.0123901539052741	0.00318423991736761	-0.0055270771209894	0.0120123160082174	0.00223652190293052	-0.00483253287504358
0.013260985838039	0.00330909775750429	-0.00481701768841437	0.00124279494385582	0.00131152822498854	-0.000278924024906078
0.0151328718843866	-0.00312103635922978	-0.0122250597146244	0.00771207176297035	-0.00189389106505629	0.00110045398130241
0.0122399186297013	-0.00770948198168341	-0.0027595083464273	-0.000914540772255878	-0.00918279437929801	0.00322870618676
0.0133627092794318	-0.0132458222476496	0.00211983382623426	-0.00561179175118615	-0.00588063377999321	0.00484949626082308
0.000857905303317424	-0.000790106129318912	0.00489856322443374	-0.024449860064155	-0.0138065121859808	-0.0129499320128219
0.0138751241165457	-0.00480332980696202	-0.00269939000667823	-0.0154678787254311	0.00601075030259324	0.00330739363397453
0.0122366589663122	0.0033927357168038	-0.00266690930106046	0.00890431176483973	0.00217667288819845	-0.0057763035658887
0.0118324434392066	0.0344383880925509	-0.0309200143899401	0.0130193272894489	-0.0050552520032666	0.0359715642325316
0.0146211725587043	0.00468891020068129	0.00544012184202667	-0.00666058665626951	-0.00506865183602165	-0.00564378733418505
0.0127586494187237	0.0017161019491695	0.00873540164565578	-0.00826926059089874	-0.00437810059401625	-0.00323228886966758
0.0128398011003511	0.0120555317125477	0.00411175100637437	0.000112261972327667	-0.00141567382578595	-0.00119378519578833
0.013848419715662	-0.0110122610119345	0.00650448940840878	-0.00680835934665237	0.00407909746953753	0.00636541267739868
0.0112317903940718	-0.00438901421370419	0.00429958485951228	0.00179607249458537	0.0104431522448665	0.00361811128654939
0.0108864685173932	-0.00867587690918602	-0.00389018420327488	-0.00684558534311318	0.0123382736213573	-0.00919753926828472
0.0138481180480306	-0.000309527321043299	-0.0377412278588122	0.0139224627401915	0.0147070607391176	0.00544842179124034
0.00138739871640027	-0.00102157705878866	-0.00251602048654148	0.0149462802769889	0.0143527567949034	-0.0452964570865958
0.000461365270101668	-0.000660471038112466	0.00260346769267188	-0.0112917023804851	-0.00161018452414907	-0.00314669887566276
0	0	0	0	0	0
0.0110274076385815	-0.0012999247637403	0.00429729609439125	0.00507805818999015	-0.00913796915655284	-0.00212752907066019
0.0121258558809102	-0.00509170989126445	-0.00372276763501957	-0.00180607845901537	0.00285841686933408	-0.00437366082696241
0.0126075119788172	-0.00758311038951841	0.000704382479854799	-0.00481874460102142	0.00134381302834341	-0.00892284467268559
0.0122557422236635	-0.00110962032829398	0.00302686804386692	0.00329562076739552	0.0150536909062699	0.00107768740864343
0.0113439534563083	-0.0101063153731897	0.00192113004576128	0.0181474419426596	0.00464871022984782	-0.0182212180949892
0.00297929939836787	-0.0029629484086386	0.0109617420703876	-0.00655163003389061	0.0388141774992645	0.0104107074322012
0.0130784590639724	0.0192566847437964	0.00974379838664927	-0.00580508937132302	-0.00746082640254966	-0.00194408714388588
0.0136280825784825	0.00192706130867418	-0.0344101939226445	0.0177259087241877	0.00970185979952546	0.00153078794140723
0.0151774178614601	-0.00230853400228002	-0.0211256375914735	0.000872183929706995	-0.00943194587002068	0.00126247491223215
0.0115897036800654	-0.00236853723290049	0.00244740579628496	-0.00781694846652364	0.00517784615977069	-0.00206109005738844
0.0136781186685607	0.0251150420185706	0.0232237983969251	-0.0041947145030747	-0.00185895390444813	-0.00283043322642201
0.0136016214195683	0.00636454681555516	-0.00280348501657492	0.00858931919459682	0.00141599509013337	-0.00673122520925715
0.0134038997223422	0.00530169155530633	0.00665683274476953	0.01600978972606	0.00414148256142492	-0.00388882238899038
0.011241244090765	-0.00952531908188513	0.0035503719960224	0.00260292709640807	-0.0148009474881924	0.000833613824425357
0.0149603467952584	-0.00981896374093024	0.00267877646419024	0.00242902464370153	-0.0141490213757746	0.000553462229723116
0.0148422693254727	-0.0140929083131577	0.00156083588568007	-0.0123307087325154	-0.00808718798644627	0.00818284204578134
0.0134699529199031	-0.0180051070504599	-0.00284709679369701	-0.0194548426058172	0.00877646079050967	0.00392377658324534
0.0125587910651486	0.0093997975387672	-0.00292561952508439	0.00136178624273804	0.000164893124876061	0.00487056390942864
0.0124119103154046	-0.00400390431881343	0.00121257374876234	0.00174113385401337	-0.00111939289448621	0.00612510973492937
0.0137812392768734	0.00724433368791358	-0.00023093930710121	-0.0042310527486763	-0.00538859728232247	0.00249022250425708
0.0142992099761147	-0.00196593906956662	-0.00211311281315819	-0.000375621802364427	-0.00235091526081613	-0.000147244180879308
0.0151756165532329	-0.00389215360860828	0.000743641724639181	-0.00593046307538833	0.00673953038157215	0.00399340890574215
0.0111654831329859	0.000989645409436791	0.00261033190284151	0.00409270796021357	-0.00216398893437971	0.00352282905211768
0.0139271665365988	-0.000429905082513642	-0.0322096268148674	0.0171985848462011	0.00878027061081434	-0.00102481808725966
0.0126328028706176	-0.00356287234254382	0.00156463455990214	-0.00658115171844189	-0.0076432545355644	0.00332092436562784
0.0127530396308978	0.0147208537356089	0.00844758283479764	0.0069993971594427	-0.0141165597762864	-0.0008450707340743
0.000533108828869364	-0.00185857935384433	-0.00155529268643574	-0.0114044766154183	-0.000651938797334784	-0.0106125592457093
0.00350445695377181	0.0037851678158373	0.00471833189524534	-0.00562684335614758	0.0096055172276824	0.0218144393558588
0.0160824707507019	0.0132649815309794	0.00464440952746412	-0.0014714636625144	-0.00887569866475524	0.00675732943098647
0.0156520451716707	-0.0137384166340026	-0.00258463902374416	0.035815984077343	-0.0305733412885043	0.0159994454856257
0.0153102079433959	-0.0216180675213702	-0.00893341326090142	-0.00321474979543788	-0.0315440203808836	-0.00671715298849369
0.00449951144102613	-0.0107706617744251	-0.0176043128679657	0.00646620512874264	-0.0407842758237069	-0.0228283681946352
0.0117802512743729	0.00644051377301952	0.0129628372175592	0.0222777997146276	0.00460362695921983	-0.00292480402323076
0.0159234173943707	0.00594835212677584	0.00562013029755316	0.0137398830566839	0.00259592030077951	0.000821826910238058
0.013873985468292	0.00149838964678939	-0.0303487897877323	0.022223088707374	0.0166596936187355	0.00416504955697191
0.0139741410437425	0.0125779693951615	-0.0113300596277379	0.0073662063886242	-0.000556726425994657	-0.00166811675480076
0.0137727057544873	0.00620790635204758	0.00171506707861334	0.0041649544920836	-0.00118918775041991	0.00622989993406976
0	0	0	0	0	0
0.0131664497046703	-0.00168147330855722	0.000316755956006727	2.41491741768637e-06	0.00529989028549013	0.00608155499047817
0.013537125326146	0.00332900713991497	0.00858143578043855	0.00375083506259633	2.67010623648295e-05	0.00300678730924006
0.0128189169432385	0.0038445108689714	0.000468535665756233	0.000860110835335923	7.25309962059024e-05	-5.42703832264793e-05
0.0154544984547666	0.00829097363692444	-0.00739954282836084	0.00856364531883509	-0.00791952775534955	0.00528807248648107
0.013452205174908	-0.00103461870788723	0.0053335074194441	-7.10400964901116e-05	8.22762020285067e-05	-0.00222900440906883
0	0	0	0	0	0
0.00102038903298407	-0.00013112290093557	-0.00244463573043334	-0.00192959132716153	-0.0101457662987295	0.00621370397590758
0.0138438800436895	-0.00255262851689504	-0.00675942811580626	-0.0101136778913199	0.0110114844106968	-0.00387978308515763
0.0132642273054868	-0.0137003062471929	0.0103149575466757	0.00129560961635487	-0.0160314156844606	-0.00339914293889368
0.0130385129447134	-0.0273981164574269	-0.00548081869382741	-0.0358490036713738	0.00463554780265367	0.0102791231707571
0.013369216242409	-0.00682711384526394	0.00135362364045261	-0.00369835229850153	-0.0121969411739126	-0.00780005782922625
0.00575357773987467	-0.00535715987963725	0.00706230774436084	-0.00732041925616253	-0.0228769481422648	-0.00737603441584048
0.0127668108977438	0.0190413061968798	0.0133184473815798	-1.20579829463556e-05	-0.0018334792935471	0.00488762288564255
0.0133256864266919	0.000664232278242184	-0.00538508157959448	0.00149445373841032	-0.00265075487083355	-0.00116900933412269
0.0121107535368023	-0.000110948265144441	0.00785250845269834	0.00711909141242358	0.00773371759776472	-0.000664176328173282
0.000302779904301604	-0.00224280586359026	0.00108726513567842	0.000434750195085376	0.000822886273727154	-0.0137828501820759
0.0147859852596174	-0.00637948405517275	-0.000329049978723826	0.00029466771108817	-0.00417759154704006	-0.00625184105486195
0.0122831053218474	0.00693231788880014	0.00917730184022189	0.00257175400342142	-0.00204679499794964	0.00510588089260721
0.0164412830202414	-0.00110818708262591	0.0105224247841904	0.00651773480513554	-0.0153307890666741	0.00419810602141562
0	0	0	0	0	0
0.0046504503813657	0.00487575150548299	0.00406910334433596	-0.0105699835670655	0.00984136928318826	-0.0128695856303124
0.00423063175924468	-0.00239988156814137	0.00190953884313317	0.0169280738158442	-0.00455497738117586	0.0167570956684647
0.012393705864641	-0.00108904989425204	-0.00269097288633373	0.00600806165732353	-0.00190653869506856	0.00354676467491851
0.0138409217879993	-0.0127634671688897	0.00870551414410665	0.000352189935590709	0.0166178157752937	-0.00293039844828648
0.0123322501644978	-0.00576896271528129	0.00386794457397253	-0.0087283918694763	0.0127081663470661	0.0026087255775517
0.0123929820403753	0.00306775723696481	0.00289221090257773	-0.00437376017241815	-0.00684206591364949	0.00169772233498622
0.0120759019460067	-0.00433070035445779	-0.00499097870930464	-0.00825113276599765	0.00581916444123476	0.0024633013946589
0	0	0	0	0	0
0.0146779998657526	0.00400375535730564	-0.00361319927230325	-0.00294934181883638	-0.00508049659817004	-0.00105059016462207
0.0137872054290347	-0.00298041761158572	0.00208650606042198	-0.00282754629505753	-0.00348611372451325	-0.00201438113229455
0.00527439443720069	0.00406142725050869	0.00876265037907576	0.019095141752845	0.00992387758145584	0.000565767475966927
0.0111268570199506	-0.00290745774999429	-0.0049458911096299	-0.00685919784630664	-0.00189456760654905	-0.00582081247818393
0.0133921438109968	-0.004748968110928	-0.031221753477692	0.0177297752343397	0.00570463048524866	-0.00196713373385679
0.0129941931516144	0.00251266587960501	-0.0141343398622359	0.00329565085384494	0.00768510798221411	0.00545643846680037
0.01611798147174	-0.0058474502441908	-0.0130613319454654	-0.00240192398771106	-0.00804343239746113	-0.00409921514747797
0.0128397642700828	-0.00254794258131869	-0.00336780470216209	-0.00582073268941912	-0.0161946867907403	-0.0101708692935844
0.0137253480721605	-1.23670113235494e-05	0.00131707349880077	-0.00911408328449387	-0.00474677036921173	0.0113204102050159
0.0117477529485616	-0.0220305636326981	0.00416581524167038	-0.00953662587415851	0.00745937948014453	-0.0204907315264505
0.0136209111320246	-0.0241221311220265	0.011082974935501	0.0145886875481063	0.029059473183765	-0.0115326331203689
0.0166338509811807	-0.000160465619506689	-0.00627365230606385	0.0013166969578515	-0.0140772756392382	0.00221632530375665
0.011907689621495	-0.00526202014924656	-0.0150462054269637	0.00633111049811451	0.00110451526742209	0.0113401047288906
0.0167669884990574	0.020028451703311	0.00210164980833743	-0.0162104668532825	-0.0125100052565956	-0.00360434203871003
0.0111904422630122	-0.00257056897955295	-0.0019695811200668	-0.0182500253420918	0.00984591212892561	-0.00948599814061823
0.015451431833268	-0.0416072694576788	0.0343404835873767	0.0402161414797974	-0.0159463504958709	0.0177525763130481
0.0151132103876101	0.0188409384687216	0.00733367340396588	-0.0132173399540366	0.00387671302984094	0.0145620638420607
0.0123755752806959	-0.00356700352759171	-0.00781937004832935	-0.00396475343911177	0.00713255543122655	0.0036502979655786
0.0127214231874118	-0.00107619747210085	-0.00530397859485587	-0.00359073409820345	0.00365665702474352	0.00773581366601342
0.0146217682468141	-0.00989469518719048	0.00202321953445158	-0.000211870248520451	0.00428381805570044	-0.0059403108347118
0.0133478301054792	-0.00173595812677588	-0.00423717065037284	0.00928825968117017	-0.00987585699827013	0.00238357032509468
0.014132539219324	-0.00106084624158054	-0.00258750301739843	0.00133940232280878	-0.0085413056036713	-0.00749913428535391
9.43549942957713e-05	-0.0010685333185388	0.00253692745309425	-0.00637953530565486	0.00243224681381647	0.00476323444883504
0.0116069227292884	-0.00454681508371394	-0.00285874630867445	0.00744001766212079	-0.0056112847894598	0.0060787796853606
0.0130000109594659	-0.000523413119093012	-0.0017272648140089	-0.00727199395475328	-0.00625970560998749	0.00598381560699685
0.0130502565774365	0.00213573170844751	-0.0256389135352507	0.00186120063811953	0.00968418523125845	0.00369135091987091
0.0162152712975954	-0.00601871447397253	0.00109493010193773	-0.00980245013201708	-0.000796313670556206	-0.0092835739491814
0.0143527326687444	0.0221563804864456	0.00799182409940883	0.00103794726653413	0.000922310975139372	0.00508897277972532
0.0088362459157956	0.00189869115984582	0.00728974906777538	0.0105816335660233	-0.0165731153691299	-0.00961005544985757
0.00793750021614437	0.0010983040485854	0.00559039062148199	0.00854942257627337	-0.00976173184542888	-0.0237991428895206
0.0124840809025977	0.0292168241890563	0.0246081514202061	0.00523474253391326	0.019031200117379	-0.00141104472643394
0.0165864912207655	0.0132681564786886	0.00517740801931739	0.00501782823476549	-0.0142101905114738	0.0179264348908945
0.0116680630253522	0.0134879838363236	-0.0133466383715811	-0.00878171399820202	0.00567872746882506	0.0119772518723513
0.000688090744046143	-0.00625420667688963	-0.00238229925796759	-0.00507571430702358	-0.00323894270547347	-0.00644629542635078
0.00913003049345529	-0.0146324865639446	-0.0042819645829488	-0.00595974799205539	-0.0201460691821018	0.00261248272140784
0.00999779850147748	-0.00790635004477631	-0.00115680156254268	0.0126229034294421	-0.00867490199735811	-0.00230977355189207
0.012578840618206	0.00361452927661017	-0.00476215563237873	0.00725016397021653	-0.0136896106637875	-0.00204519673464789
0.0138560017776265	-0.00812360282964959	-0.0208885533458206	0.0104514949883485	-0.00310497155122011	0.0037151230648984
0.0130871603294178	-0.00955409418728411	9.06549460391467e-05	0.00142028295067474	0.00530317346784708	0.0099071427135738
0.00389680972720878	-0.00772181268735378	-0.00643076474636483	-0.00337139530202067	0.014276575825591	0.00746654347356518
0.0131562118290259	0.00368986630798604	-0.00705602843830429	-0.00807261731292282	0.00985285437216057	-0.00056174556865533
0.0133050104126865	0.00921707469240619	-0.00933629210041096	0.00654964852213997	-0.0156360087674829	0.00915816452269443
0.0128800974702927	-0.00165839039262962	0.00176672572278052	0.00214232687870022	-0.00586040915054367	0.00852222912726081
0.0115642994743076	0.00702113889022863	-0.00532052593967901	-0.00924784446766918	-0.0113378509041119	-0.000300396503712925
0.0130443516967499	-0.00965810560435525	-0.00697393269532574	-0.0093308985102571	-0.00583544407421796	-0.00720851936583775
0.00876959623710161	0.0223966846478635	0.0101988145362901	0.000312575534904628	-0.00285696818851175	0.00445740153642891
0.00140288166782633	0.00626840704921837	0.0118235996585681	0.0100638610272542	-9.37152537602605e-05	0.0112242782851315
0.0117966755312715	0.00445929279856432	-0.00839583344940586	-0.00250309095569386	0.00358102760756989	-5.65477895260024e-05
0.0125514498317349	0.00299575674934132	-0.00334340841801772	-0.000285156884432875	-0.000150412104587473	0.00241531242241422
0.0127878094082868	0.00559497574896536	0.00544692077353088	-0.0021116358286894	-0.000649682061444635	0.00155818174528728
0.00582216505384352	0.00430537079503391	0.00860876777533482	-0.0159573626681465	-0.0239193025698008	-0.0281090747049324
0.0138693619968233	0.0149981821156087	0.0035140359146683	-0.00935205572028546	-0.0162047837715053	-0.0119106964631971
0.0127573719632244	0.0031659366821833	0.00268087145388604	-0.00308021577070616	-0.0012952658961202	0.00905476509473334
8.53377961391438e-05	0.000516966462918569	-0.00227825121859251	0.000173425175490615	0.00297765812508497	-0.00697037252973131
0.0132120986641973	0.00517773915752195	0.012502450203409	-0.00479001529093702	0.00164654135919384	-0.000732601103263457
0.0131120682065741	-0.0026935186162504	0.000800207017088712	-0.00310512017517962	0.000366314545331881	0.00580683651902862
0.0134354619867066	-0.00243507840378323	0.00310210818875271	-0.00167487643211446	-0.00815832693190014	-0.00102439718387507
0.0125954248183099	-0.00488899997748827	-0.00247471615119995	-0.00726423550114785	-0.00365976165416488	0.00245095499756022
0.0122863133057184	-0.0104719224300912	-0.000713316916325653	0.0012756807209287	-0.00916636865965825	-0.00540149654016012
0.0115322741021845	-0.010767848977845	-0.0011255351519879	-0.0116279892268747	0.0001801487427325	0.0104455748210095
0.000616180299786674	-0.00999225922317555	-0.0090072067074748	0.0313371511463896	0.00497369119999943	0.0290268504648758
0.0159265030214766	-0.0041768278690806	-0.000242219002601794	-0.00479345950353848	-0.00482712155752018	-0.00477739656951693
0.0121773033080138	0.00404444775113984	0.00262526196452834	0.00726225875121988	-0.00618758928239704	-0.000818837419430599
0.0156185231295095	0.0128040317852585	0.00180692112594998	0.00377385774968824	-0.0131856900226222	0.00150597087613164
0.0144642865648254	-0.00431882921762465	-0.0279913492222239	0.0127163153325415	0.0190240621059731	0.00456996226643964
0.0032219051107403	0.00173876342349387	-0.00465507815944017	-0.00362289535281204	0.0119023341827454	-0.0148493862568215
0.0146208308049144	0.0107370103577269	0.00569042514615153	0.0146587642024054	0.0167217157332142	0.0167684605077094
0.00475541491119072	0.0108096775122928	0.00390018672961321	0.0149629081361557	0.0215101495499004	0.000826105126895626
0.0140349667171063	0.000235266698433388	-0.00246949075144341	-0.00106675533178074	0.00107623391291702	0.0051395979285835
0.0119453857044257	-0.0158654380506373	-0.00850677283438356	-0.0110182253999804	-0.00568693137370935	0.00577413427736402
0.0128973275402521	-0.0123909466908729	-0.00143776997270887	-0.00582100456505794	-0.00566591940001921	0.0128064843132196
0.00908628526912576	0.00363058628979976	-0.00138914213415324	-0.00620380844637304	-0.00105645965653038	-0.00846546180884609
0.0122958022086865	3.39424770369513e-05	-0.012317846338566	0.00257421492048702	-0.00426653776502143	-0.00074802125811726
0.0114818521154252	0.00389748461070617	0.000447053848600167	0.00101706487454923	-0.000451483053612037	0.00279337880724306
0.0121136213716548	0.00655387769925069	-0.00696696189391981	-0.0151493508454289	0.0087655425665275	-0.00832721776928383
0.0133064913176214	0.00924309579360569	0.00483574559909038	-0.000268359150364641	-0.00319896472487021	-0.0067884853052083
0.00457583904981994	-0.00217320948951609	0.00172052268553977	-0.00104279073196036	-0.00241240416820174	0.0234222779819225
0.0124083030157371	-0.00566015816407168	0.00220204319575864	-0.00756845757302647	0.00977189735212837	0.00790455084096489
0.011939250899584	0.00157691170043654	-0.0112559078275625	0.00663849159905924	-0.00107428916830904	-0.00803578749567046
0.000198751217703066	0.00358754746308403	0.00428391465719082	0.0034654369211759	-0.00791821158073986	0.0158031911646787
0	0	0	0	0	0
0.00383824558560942	0.00531578953651326	0.00769753040164338	0.00844599893181947	-0.0205989200494845	-0.0217561394166939
0.0161625130138063	0.0176657249568312	0.00167455102968714	-0.0152055983811186	-0.0177380775357407	-0.00748906266444628
0.0118722700821118	0.00794874448991538	-0.000307119283797246	-0.0015203836060221	0.00202527628803412	-0.00134437377187302
0.0118822873005187	0.0280893845717091	0.0196039968987419	-0.0127558081767516	0.00570592467334588	0.00297072249459121
0.017393007903101	0.015822518523875	-0.000972145478811136	-0.0116994977036257	-0.0153051776246067	-0.00051077548228038
0.0117468632202853	-0.00753967433312098	-0.0297639808398917	0.0221663634764521	0.00307299460084614	-0.0347461615488831
0.0154902528837461	-0.00750120245511231	-0.00176711471932675	-0.00171068130236932	0.00827951134631335	-0.00315919374836195
0.0104487220624106	-0.0111111245471993	0.0108091000427359	0.0107124799550208	0.00465549719131856	0.0164107019438016
0.0145227356254602	0.0093743698826455	-0.00282977224878963	0.0104110629148728	-0.0126175550213156	0.00723720426686842
0.00355591928619525	0.00621072942472054	0.0171495777391591	-0.0280112441033927	0.00304349559570003	-0.0264052069236897
0.0139548216733606	-0.00489612575440614	-0.00407190543935146	-0.00709764259511207	-0.000957838947229485	-0.00172185135807278
0.0151811005380345	-0.000756086820226311	0.00218027783823536	0.00212721512322541	0.00529334701958127	0.00340412110126765
0.0142588502077094	-0.000663569946967583	0.00334210530321014	-0.00063013054973203	0.00273739073371197	0.000713304158091484
0.0121768402737564	0.00152868791447978	0.00120197317831767	0.00184765734192532	-0.00211233732615308	-0.00333946183647725
0.012404042493187	0.000608091483542896	-0.00045794498786841	0.00237346783585769	-0.0113488683882752	0.00310988100941489
0.00799228212153798	0.000559036235154703	0.00150234972262879	0.00109584981119732	-0.0181944514936645	0.0174615038161773
0.0109633296463485	-0.0199553200375553	0.0133351600452434	0.00137035728004181	-0.0102264047096866	-0.00479071947423003
0.0128294042991608	-0.00590769068831407	-0.0257136428623032	0.00700384303414974	-0.000672108076718559	0.00255423092351926
0.0145705101612265	0.00351384693658377	0.0102274249608107	0.00519533970875973	-0.00516615900741087	0.00466717351045157
0.0132971166125181	0.00695846822845302	0.00714437477633151	0.0132492845163269	0.0048260808015225	-0.00385572911664939
0	0	0	0	0	0
0.01317525515666	0.0221866189648024	0.0289580737970845	0.00162714723554778	-0.00831857573547719	0.0163113969513084
0.0128346959345381	-0.00558144161572972	0.00686460929882995	0.00256839687722737	0.0107252550465465	-0.00949115467689833
0.00745105875433614	-0.00212435702276128	0.00379069897693249	0.0110457759736463	-0.00155809742854509	0.00365388810980482
0.013412019548965	0.00101382801195744	-0.0054569414286092	0.00082189234637796	-0.00299156433774522	-0.00380629932192845
0.0122971653371426	0.00661921603338847	-0.00337856994273616	0.00676950591057564	0.00240048632975212	-0.00573880582884202
0.0127762868656483	-0.00913520483431667	-0.0141499725976727	-0.00109738109989501	0.00959329658031256	-0.00090192935391272
0.0165431915160738	0.0206711375516201	0.00679778732618685	-0.0177824164781627	-0.0135032354082836	-0.0140814928775288
0.00251128374874415	0.00341774700065317	0.00314523626313565	0.00783273698406617	-0.0151288340434982	0.0299227855545178
0.0119070092795339	0.00752647687279863	0.00163585581958757	0.00333591628792073	0.00231137856185292	-0.0058628096292529
0.0132071334889989	0.000533054055399913	0.002007426363645	0.000988966511999505	-0.00719669676488469	0.00126659626843312
0.0135997714430698	-0.00379104111697857	-0.00344192555558404	-0.00498809773892817	0.00334099959304579	-0.000334250032829798
0.0121401469938104	-0.00447133782986682	-0.00261896870109109	0.00546395757798532	-0.00198505390677684	-0.00146545446444059
0.0146263802163683	-0.00668156747998684	-0.00504261293610384	-0.00202544175701169	-0.00854060635627623	0.00380248385006671
0.0101424002266803	0.0100585684264489	0.0106790464831303	0.00516694137851625	0.00252949336962157	-0.0039680163988575
0.013585766455386	-0.00626775748638806	-0.00674973940555122	-0.00669281222075457	-0.00763011150625433	0.00137797385721412
0.0115000161591435	-0.00203585471526001	-0.0210147956832772	-0.00284790126689682	-0.000890396143310603	-0.00586852325886259
0.0145872908456586	-0.00223587415569533	-0.00268042562400875	-0.002207411906239	-0.00605917651068201	0.00730203193576247
0.0120312493666078	0.00875302661952834	4.31516405571611e-05	0.0174901962002474	-0.00372755439648088	0.010765137385253
0.0156574376129054	0.0065545693420287	0.00462650259134894	0.00842979789318811	-0.00221993952908721	0.0104752014870125
0.0125600443269687	0.000345646501149405	-0.00411018894553753	-0.00689824175571899	-0.000735070021339487	0.00411600366563657
0.0137414115051968	-0.000828407782871199	0.00531755641547828	0.00378423490793204	-0.00496268229303304	-0.000923761513297352
0.0137239272578652	-0.00270798542771354	0.000810016607847479	0.000101269004470984	-0.000387922511927799	0.00173907034873808
0.0142018241264073	-0.000571091789284024	-0.00630595788077575	0.0136125072088075	0.00280678838873752	-0.0104847556509333
0.0111468090606898	0.00018296288399188	-0.00550657057955219	0.0152887288086427	0.0347376378594172	-0.021466998532631
0.0105504738435205	0.00695888921492301	-0.00141750884600918	0.00579992676812172	-0.00493840205125219	-0.00691863859693293
0.012965905946659	-0.012307417823364	-0.00352266515838916	-0.0166789664543154	-0.0105665689686838	0.00656981780805135
0.00863246711590879	0.00445285613985567	0.00325570535236498	0.00834758758126801	0.00839451450894798	-0.0112847778271372
0.0130917305269715	0.00658868752266024	-0.000643175227373324	0.00331187737109323	0.00953922013421744	-0.00907522224542694
0.0121338970590321	-0.000406233410973768	-0.0305362436737576	0.0125187991295343	0.00575578413884761	0.000547557351932938
0.0148541800040605	-0.00476933733073818	-0.0321474633313459	0.0132951967223013	0.00553236136788041	0.00344216803748049
0.0127403102721096	0.00157006939153697	-0.0010151983561305	-0.0103411209309207	-0.00534566469802485	0.0036693509507223
0.0136236453668525	0.0289977207779651	0.0259429281637722	-0.00983491714631603	-0.000433857931853046	-0.00386162061989914
0.0193443254797659	-0.0110450049659552	-0.00171144393344594	0.021936642436706	-0.00856758870643748	-0.0406985874494517
0.0123447733724137	-0.00169721021838008	0.00147250150005252	0.00234210312618803	-0.00137581300908368	-0.00295701817611978
0.0129941294791585	-0.00397396188371554	0.00383036506946698	-0.00522782345471843	0.00765642845975868	0.00550360144246431
0.0161893406713808	0.0155828619435008	0.000837807300944106	-0.0119167049686758	-0.013637148215938	-0.00450274833185547
0.0111368442240001	0.0053164626718529	-0.0159981768000851	-0.00491627424363468	0.00726837887316774	-0.0102631850996314
0.0183407940795152	0.0143921028496332	-0.00801554357226354	0.0134476322820726	0.0114872081893048	-0.0348888599899879
0.0117338804309935	0.00337020612302548	-0.010977991250003	-0.020595519268802	0.00307304504824775	0.00972118863931667
0.0102432696729739	-0.00751952646432429	-0.00914482986880576	-0.00329493842678462	-0.00208014703654384	0.00786718157494255
0.0148924469203132	-0.01112931855331	-0.00309375710956582	-0.00494341307094266	0.00438352909181838	0.0139862744044927
0.0115740055395219	-0.00845222532564293	0.00671041563128212	-0.000525522684472083	0.021567790181996	-0.00289639932023328
0.000192516441411629	-0.00451717862685185	0.000100521551724341	0.0057098174742855	-0.00619215571712643	0.00490040971722357
0.0150773687436226	0.0095769709012699	-0.0192530911565997	-0.020504427359857	0.00702135684901467	0.00338486612858727
0.0129875819859743	0.0149016507739062	0.0108112090351389	0.0549269260055794	0.0213420580158725	0.0122965481147819
0.000680752858645023	0.00735385907037168	0.00741976640164885	0.0100683366454655	0.0311099056025186	0.00581564052498101
0.0136810239039275	-0.00061661309004198	-0.00694171681913434	0.00330479487359283	0.00508833365850457	-0.00330779250201059
0.00738019187802372	-0.00624349184826527	-0.00582988804171452	0.00491550204960958	-0.00301390056174459	-0.022030064602319
0.0128267014078471	-0.00957795986967909	-0.024101423358945	0.0109776482913095	0.00494038240781034	0.00334457492595
0.0126801259511437	-0.0165369234938808	0.00368204235977252	0.00307470624565467	0.00146180114277608	-0.00543948388384322
0.0152132360218353	-0.0219375456560249	0.00383006082394847	-0.00965244188095624	0.00708014384257204	0.0015981501046341
0.0119699410982139	0.0127001605717404	0.00368621884638891	0.0075097330616613	0.00440008679491934	-0.00758718406357492
0.0134635276991508	0.00601492651478098	-0.0142661600980067	0.000632573163535871	0.0107301371833948	-0.00195508662775633
0.0148947954495084	-0.0182346100604913	-0.0238787151303303	-0.0142977972971873	0.0127645685643268	0.00567371721894026
0.0139174269032649	-0.00175786781817561	-0.0109010150517629	-0.00458953584564082	-0.00304568163046819	-0.00235483283193288
0.0119245706856357	0.00652675887473926	-0.00640378331352682	-0.0189451971782668	0.00810735688624113	-0.00317541115248213
0.0131477224812269	-0.00318430139709876	0.000680919671734094	0.00299350554666499	0.0062342600063777	-0.00695123074368477
0.0121787751047531	0.000893793966911423	0.00602318552197798	-0.00461690184557864	-0.00307640501863353	0.000174640265818591
0.00421957669140208	0.00605875513931646	0.0134275909925131	-0.0182191080674182	0.00612463331644931	0.00375226028818847
0.00846905041891509	-0.00511343206958906	0.00147260767987395	-0.00510476515085512	-0.0235186930990765	-0.00148415090371978
0.0093179139050335	0.00394649963738266	-0.0053312193022506	0.00391560160595507	-0.00945063690181882	0.0095033492196379
0.0131263730441065	0.00578128103991588	-0.000147623301462935	-0.0111288974906912	-0.0156086288279208	0.00258746649058309
0.0165756326049724	0.0110582302605684	-0.0138148260040907	0.0202473796752507	-0.00154263321455003	0.000537596364565775
0.0180556382847605	0.00740280621837094	-0.014146129241719	0.0235764234377898	-0.00640760004242242	-0.00718430186172905
0.00107076813324095	-0.00228160154316711	0.00257820613506042	-0.00110935982071726	-0.0231432013830583	-0.0113057698592041
0.00272143144210336	-0.0113479707719625	0.00628404171210717	-0.0150668789284184	-0.0215873935655529	-0.00499339777220249
0.0110172253143554	-0.0127635493487727	0.00914685407725897	-0.0047052249689276	-0.0122095855759462	-0.00191269389968373
0.00185948765342197	0.00283034174137632	0.000793068228387331	0.013346813066841	0.0180150456639266	-0.0152485395656089
0.0115081026536493	0.0157444666178282	0.0211408318308133	0.0114392172719469	0.0230360501591733	0.00243285054859032
0.00729740036588269	0.00470227418391791	0.00868909732139304	0.00107607528298657	-0.0057523826399364	-0.00768316672137653
0.0116018421800596	0.0183225647949989	0.00192571181691794	-0.0202903077903599	-0.0021678149839172	0.00251804511354848
0.0175284179079303	-0.00631492849249852	-0.019253224897775	-0.00129730243220282	-0.0134481950991397	-0.00156781883550628
0.0121138651260612	-0.00208719691001423	-0.00498063212554449	0.00834101796100477	-0.00281860656373948	0.00580792275259159
0.0144975754480359	3.23005093435056e-05	0.00805519064437265	-0.000127920205239774	0.00543479175280454	-0.0110855094419012
0.0123793007207053	0.00135666073241744	-0.00488671293580777	0.000100078461684385	-0.00898557427109066	0.00350577873466599
0.0137573707598737	-0.00372566536494961	0.0207164975492856	-0.0138504848625396	0.0143920060566547	0.0187135693904596
0.0104729754633007	-0.0157036803543478	-0.00618959731251167	0.000850780027451721	-0.0301748507333752	0.0132939932186964
0.00722213208115632	-0.0120091010281232	0.00139729903654801	-0.00498338142728182	0.000638011636789503	0.00164327824958193
0.0131050054067331	-0.0320128281081656	-0.0037622432089263	0.0032120316794227	-0.0122316610559411	0.0223998907220014
0.00566447938085572	0.000695747232497469	0.000125533550431049	0.00750251047773404	0.00454866772985446	0.000732680371423163
0.00845470879168305	-0.0023617546389373	0.00107949600633472	0.000132020505842512	-0.00469832285666773	0.0146069264630325
0.0117939168026187	-0.00324718270515796	-0.00559120212016532	0.00194923656589886	-0.008645039234314	-0.00110129639221258
0.00727532881508515	-0.00139484593433751	-0.00355876778416597	0.0238699069591908	-0.0271280118301638	0.00323169419554874
0.0114000975243756	0.00454280330527719	-0.00212514334406203	-0.00019620355775344	0.00112458507236256	0.00437165430599662
8.76843823403089e-05	0.00111569592649214	-0.00210491825238172	-0.00477156717069516	0.000927915136708731	0.000610098044160628
8.89851833097946e-05	0.00111175422938214	-0.00174765552028824	-0.00635953620527574	-0.00248654475647589	0.0103677819784214
8.89851833097946e-05	0.00111175422938214	-0.00174765552028824	-0.00635953620527574	-0.00248654475647589	0.0103677819784214
0.00163091555111271	-0.00263736129479276	-0.00640067923064434	-0.0329748548177411	0.0206577413679946	0.0443352226974318
0	0	0	0	0	0
0	0	0	0	0	0
0	0	0	0	0	0
0.00146790034569284	-0.0143986372097839	-0.00360744120803458	0.00433573952581893	0.00248676750217645	-0.0190777062486612
0.00498206450637602	-0.00787141406244637	-0.00450012008771605	0.00432484619752177	0.00247924220721843	0.0179225080700129
0.0122445867118138	0.00324645201208611	-5.32253710637835e-06	-0.00146651773875966	0.012946836920429	0.000710206481826202
0.00880317912420791	0.000484391471569011	-0.00307073312044422	-0.001151597957906	-0.00185789981362697	-0.0032753024498937
0.00807007787624977	0.000513229448161384	-0.00269564289162971	-0.0048174490956654	-0.00767368150439796	-0.0075951575029757
0.00031275841239512	-0.000925705642823382	-0.000355519784897821	0.0141368744920743	-0.0224788970688477	0.00809401987351481
0.00506595851100832	0.00166320768325365	-0.00606118897133483	0.0196853423231686	0.00792854672005342	0.00467216352425442
0.00896170053650408	0.000131233667046761	-0.00581040038486923	-0.00664305307015491	-0.005748384671272	-0.00229759583676768
0.0109253920311885	-0.00629325489993894	-0.00392487134547228	-0.0105817964715145	-0.00787895272364503	0.00350077246703666
0.0121106699957452	-0.00274907896049954	0.00128515368414132	0.00658366753001154	0.00239336692115655	-0.0031354780116785
0.00788856408409322	-0.0218733037632543	-0.0211020746120215	0.0128655108648065	-0.0149962227224587	-0.00588518289931567
0.00791280616999312	-0.00198822246686226	0.00028098454008573	0.00953278818821951	0.00150121429216049	0.00796854364327454
0	0	0	0	0	0
0.0178926178817826	-0.0226132913834645	0.0238092965491398	0.00971299717822847	0.00280651782473602	-0.0163496101903487
0.0113663820954996	-0.0150428289550057	0.0189715322673317	0.0186260730083926	-0.0304203009602799	0.00060166473355602
0.0100523510868874	-0.0050556357167471	-0.00231767994148124	0.00570773049519397	-0.00267619957878874	0.00466626700467959
0.0142213977451877	-0.0132708299579618	0.0320545885583225	-0.0120502342049207	0.00658940868645846	-0.00181992460083618
0.00211771158103836	-0.0171445896648445	0.0333331259860671	0.0197606162143357	0.0116649124126744	-0.013723053118677
0.0128258536430558	0.00408209649009251	-0.00721687618978048	-0.00720339312331944	-0.00785686504833011	-0.00885869142584066
0.0125011054927191	-0.00025439788132518	-0.000190390349217493	0.00255838764807366	-0.0083178718507011	-0.00721151446472914
0.0158317909909319	-0.0208701314251375	0.00765563241985806	0.0144603843773174	-0.00509402872807291	0.00227507136741351
0.0115917023517148	-0.00287903122501827	-0.00198954257912283	-0.00519185803345041	-0.00820651347842017	0.00302385358082048
0.0151985710185585	0.00606089042836585	0.000596026052924062	-0.00228553624538343	-0.00823697829466151	-0.00221720305665268
0.0114198671838498	0.0192246531451619	0.0244626497554578	0.00696610261430954	-0.00189818770531296	-0.00199059933273853
0.0140760719132226	-0.0125703482705577	0.001993940789775	0.00776327823210154	-0.000243332238897044	-0.00655739667583124
0.0125627141408936	0.0069238154181985	0.00700467275865727	0.00519865872158559	-0.0125020468240315	-0.000122787788544206
0.00926131030841887	0.0202918776167416	0.0219424168541807	0.00146043978205217	0.018781133655339	0.0106988297419682
0.0137907603952893	0.0138783335396613	0.0181845494027598	-0.0076661646912858	-0.00641461976451779	-0.00401282360943124
0.0164086371017438	0.00962194692633494	-0.0010006644946522	0.00613799079369878	-0.0105814899823855	0.00137397318041753
0.0132428837979939	0.000567586418889471	0.00329905496893796	-0.00243414478674477	-0.0023780795264309	0.0040926389231442
0.0121217614861866	0.00687882259092757	-0.00142482531829926	0.00099756408948049	-0.0172855238733644	0.00313852563800782
0.0123063379662444	0.0351124210759954	0.00848041596271545	-0.000812050731773985	0.025088973744269	0.0211493825943229
0.0111542436150733	0.00571164681469132	0.00310191580641241	-7.88559259003814e-06	0.000826111496665783	-0.00625829928738721
0.000914211579949042	-0.00538458992686852	0.00655596475055214	0.0199338001992698	0.00656697809140346	-0.00827121958810128
0.0104140004219468	-0.00368310975351221	0.00241320989509353	0.00236699896793897	0.000606314273540277	-0.000213952051445449
0.00993510337710995	-0.00205792891267489	-0.00323522702859209	0.00514042714659853	-0.0153349205803263	0.00663250470394568
0.00505889853452847	-0.00868927647688081	0.0195871201383358	0.0103367301195321	0.00211331873856418	0.01299254958269
0.0140277784278586	0.00555236739338278	0.00876113927095785	0.0118732785946331	-0.00832272497168226	0.0105331680611317
0.0147984479275362	-0.0124984417183181	-0.00516358734772421	-0.00215823496354534	0.00618591847285821	-0.0041830883085499
0.0110891250513333	0.0149200384186953	0.00089569806880499	0.00614524686212143	0.00949130422044386	0.0186867399759679
0.0180303390671937	0.0150014047009644	0.00338292018492914	-0.0151501523171159	-0.0179367940377093	-0.00547165350893249
0.0145036563983305	-0.0297773308013527	0.0114909870321949	0.000800373729533404	0.0193504674721298	-0.0115109320051647
0.0120178259217655	0.0140738502644272	0.0129025079999463	0.011092137910918	0.00212333092972108	-0.0061618784522044
0.0122980576731271	0.0349308345766903	0.024855163497238	0.00901878060526147	0.0174761638751649	-0.00123776631332861
0.0154066179344918	-0.00678850207204143	-0.0187093501398395	-0.00450000431696986	-0.0648693664078007	-0.0191882978632576
0.0136666181699695	-0.00972241962427684	-0.00993776933676761	-0.000693121616266248	0.010094210386478	0.00144847127400322
0.0156716139322561	0.0191167278749146	0.00501647803416137	-0.018287892737379	-0.0130134278448598	-0.0121306668645748
0.0174508835395051	0.0181501285917315	0.00341419578306855	-0.0156441561294398	-0.012464169316261	-0.00634520638457097
0.0151107480350129	0.00347831214536183	0.00357503510290925	-0.0109709020073392	-0.000975693062156092	0.0127772675352327
0.00914395339383982	0.0043242548577573	-0.01045217412775	0.0096696918028049	-0.00183553994833584	-0.00070414487966235
0.0120679665443607	-0.00845092202151441	-0.00213078474917344	-0.0106011496695241	0.0107469258264402	0.00875589467783303
0.0127466998055069	-0.00396454840387385	-0.00487850967684942	0.00101931370084587	-0.0048995150756904	0.00449289990073691
0.0125889063332893	0.00743325434766925	-0.000635531665030152	-0.00206720563255056	-0.0173974991729284	-0.00274074020936449
0.00813253879820612	-0.0165564046332617	-0.0170651235095159	-0.00498417423993517	-0.0280425825928067	-0.0196708200505972
0.0135972480751901	-0.0119472041966276	-0.0143509617432811	-0.0108570235510636	-0.00276483184209405	-0.00182931501109504
0.0131893922780373	0.00336840012127444	-0.00615549041309784	-0.00450683733186297	0.00738131258724544	-0.00469063970612502
0.0129758939593745	-0.00622407907034299	0.00103442911049717	0.000579661729148785	-0.00498497153190081	0.00148687809427863
0.0131246474418456	-0.0199361442042742	0.00675356723756685	0.000550336522581128	-0.0122575658427346	-0.00687419045446682
0.0195316122302654	-0.0131781513926979	0.00658944351727531	0.00394714645149067	-0.0257623812889793	-0.0108533381537605
0	0	0	0	0	0
0.0123651657705116	-0.00317058291721299	-0.00391725777248122	-0.00702181158563713	-0.0100324550139419	-0.00716952162691106
0.0118102765253284	-0.00420954394876744	-0.0094539031897522	-0.0125268618481285	0.00734693332699997	-0.0184511747515647
0.00650242669592798	-0.00533783918346027	-0.00504777017099392	0.00261015887493715	0.00242275687568928	-0.01041157077099
8.22072430147009e-05	0.000897432215983014	-0.00211034763813814	-0.0032548840158962	0.00225488402242301	-0.00269843164806587
0.0117535500624747	-0.00736225642676704	-0.00399400680101233	0.0142528077408667	-0.0101104031946144	0.00609576300356453
0.00532074362578638	-0.00979206309656178	0.0134231858024817	0.040464268350183	-0.0142333904309312	-0.0156204831001461
0.000907738438612567	0.00673123477318988	0.00332648874071532	-0.00562106746495684	0.0198721655620452	-0.0193065745695484
0	0	0	0	0	0
0.0141515641078168	0.0104819537750954	-0.0013518938895533	0.00438473964727651	0.00382833619389072	0.00170361449949217
0.0126969606684375	-0.000997761887762561	-0.00362374151298422	-0.0076054940686642	-0.00486272652559502	-0.0104349843071529
0.0109366741432803	-0.00174594947299753	-0.00797914787568305	-0.0140718221626152	0.00138360086630661	-0.0124989263682833
0.0137047039749636	-0.00814849379423611	0.00533814296989058	-0.00924655231077833	-0.00603106935295497	0.00610339131191284
0.00244045050678934	0.00173388215032025	0.00139934206568931	-0.0419236812405678	-0.0122598174215394	-0.00137693620801568
0.0150449910130188	0.00456421187778855	0.00421453607751886	-0.000894133240569511	0.00196538840526931	2.76139314609067e-05
0.00344851179712335	0.00408520579642854	0.00097539169846861	0.00742283414244886	-0.00114870026403032	0.00289043734522762
0.00504158980047637	0.0062029989592476	-0.000466677852045343	0.00611402713774106	-0.0362252353368533	-0.00707678543257844
0.0146100064095411	0.0176117227933491	0.00448149887702521	0.0045411007714627	-0.0106460913534128	-0.000482934773316234
0.0117679417169114	-0.0162244073585416	-0.0135160924284524	-0.00148850196627897	0.00899180917725456	-0.00146460771998089
0.0111898013948845	0.00749666263023043	-0.00220236604137107	0.00256608574110643	0.0124025294154849	-0.00144525795226401
0.0120023006856191	0.00821482076386521	0.00366547863617479	-0.0036129747602976	-0.00605680459805656	-0.000280836723287829
0.0125526620884514	0.0154304775432436	0.00945443730719609	-0.00679646164292352	-0.00559638208381907	0.000886821021151086
0.0135682123084993	0.0104780930603078	0.0088607941334774	-0.000726944613822619	-0.00790818156905267	-0.00119362641550342
0.0100828334296655	0.00394494128378864	0.00382433492776032	0.00893300056895137	-0.000953573848041713	0.00158741560802992
0.0135121290810687	0.00802798252994322	-0.0126639203397273	-0.0279665255700362	0.00764293800774981	0.00930664116278307
0.012971049043653	-0.00399443933934481	0.00467055713507164	0.00198430332401028	0.000151918329449519	0.0148732899839736
0.0137020084162603	-0.0102815783473765	-0.00103081776294835	0.00246524221774462	-0.0125707464146988	0.00136490847096406
0.0141527439705366	-0.0121614090939388	-0.00278558508565275	-0.0124137249480956	0.00703450443763628	0.00274179985652942
0.0116233750426688	-0.00393512655693608	-0.00266478611306817	-0.00211663054425967	-0.00123285562221805	-0.00245404662196606
0.018789969359779	-0.00529235457987947	-0.0220325223671869	0.0268190958365183	0.00805834427573473	-0.0253468812638433
0.00760512216266601	-0.0438495670497389	0.0325948509245193	0.00967183528200355	-0.0176370451042145	0.0292203217402046
0.00293779572317793	-0.0146209104777278	0.000406830673154869	-0.00392132715081544	-0.00929322273039308	-0.0350159386615902
0.012838038472802	-0.0488487427053059	0.0200048484663409	-0.00331710849910776	0.00408611631057277	0.0392305429248582
0.0143566734573998	-0.0255390698818075	0.021170229556463	-0.0061989756481673	0.0218183223404479	-0.00845088860375233
0	0	0	0	0	0
0.0146251100448414	-0.0153470440206136	0.0013792137802706	-0.00590886879843979	0.0172006453210726	-0.00623996166071288
0.0153055663596171	-0.0125735587333678	0.0162790861115007	-0.00979001260245584	0.0126391492428222	0.0133958491663544
0.00943929962029148	0.0292831110400987	0.020123001091671	0.00834307975200911	0.000981684008594699	-0.00133514235782624
0.00142680678325139	0.0173992574838016	0.0187096064782269	0.0257441293193752	0.0105175594991825	0.0231137744696743
0.0123615271820753	0.00986372263125163	0.0027746552162524	-0.000290671568327145	0.00403309241231486	0.00690243168221544
0.0153189798402408	-0.00482449639495554	-0.0210409189598546	0.0100522106558236	-0.00309199379881885	-0.00668938932061866
0.0134816688720972	0.0294535946541908	0.0212209573983946	-0.0176470654452747	-0.00750740573748111	-0.00710960912246118
0.0127222456508859	0.00962155828433398	-0.000766908116479777	-0.00276370818997443	0.014517105968578	-0.00414511411310258
0.0123327386412896	0.00168487572242633	0.00296256112372521	0.00188847877431035	0.0115951607818452	0.0100637258686247
0.0117871738460852	-0.00985543728379651	-0.00348261267365882	-0.00605079216646547	-0.00495651358772558	-0.00253498753266059
0.0113500993681308	-0.00102054561134021	0.000621975709338459	0.00745856717427295	0.00329574717024702	-0.00576165848178502
0.0137224987940639	-0.0179938356642918	-0.0187354154371929	-0.00473867834741945	0.0166651268176498	-0.00147909151365948
0.0134383225168618	-0.00538647313219349	0.004874673862626	0.00922735347081937	-0.0136554984310279	-0.0118687855535253
0.0119251477121236	-0.000569229507592864	-0.00438043413429129	0.00902923396236683	0.00163393833791936	-0.00399347077402491
0.0144200934883497	0.00134298274161259	-0.000211749614195283	0.00628567181348501	-0.00162648859153343	-0.00209343146262578
0.0118763671533799	-0.000584900481877064	0.00366102185981645	0.000939443230898079	0.000222661411330236	-0.00707992698527845
0.0126802154731022	0.00319037341641121	0.00689780855826094	0.0119975279081215	0.00172068147552993	-0.00675203151107166
0.0117451587905177	-0.0144595936768371	0.00723903912639413	0.00063203901257382	0.0251074481303591	-0.0192843580143005
0.0149708892739112	0.0113666198812179	-0.000298651665816726	-0.00506628201862954	0.0042838649523988	-0.007253890291795
0.0130873220352763	-0.00127146123744238	0.000231346263921301	-0.00470861145798246	0.00533682651216147	0.00348239740804029
0.0140983452743604	-0.000981054746299537	-0.00833777578948883	0.0105200248578308	0.00418841859089733	-0.00110809161460759
0.015132267122978	0.0120015075387905	0.00613143692368816	0.00329625995681929	-0.0081279835697404	0.0048587698208233
0.01434818435644	-0.0121097117619757	0.000988115445197967	-0.0178721727508942	0.0125515589994593	0.00211570048129396
0.0145774014036274	0.00268568099849112	0.0173426322429604	0.00573522266044063	0.0245229371354592	-0.00925402632783953
0.0170994748120617	0.00321657028196086	0.00636976474238642	-0.00118113553359744	-0.0131089520984	0.000101132549244804
0.014102447504457	-0.00440164754638769	0.00386741701770662	0.00187397660024542	0.0112776279906815	-0.012696220601883
0.0110127133847631	0.00871413889742423	-0.00394846984086811	0.00172975518202476	0.00301462650417467	-0.0073213229408873
0.0166432460387856	0.0112462643435079	-0.00807026741131663	-0.00736910093614049	-0.00396622140603604	0.0091746331647394
0.000203318938509763	-0.00367292775149599	0.000770522307283683	0.00557007401883122	0.00215618218596681	0.0154930750653914
0	0	0	0	0	0
0.0129165782884077	0.00303173728142501	0.00521517798087403	-0.00598025237457367	-0.000332108166799173	0.00505794134354344
0.012970643284617	-0.00877620149479268	-0.0194048621896976	0.00176155005168024	-0.00032459472841346	0.00472575840652203
0.016825648790711	-0.0391873965536673	0.0282899127127278	-0.00235981293539364	0.00565948119306192	-0.00149044652768305
0.0128966545304441	0.0126422599814433	-0.005810482401326	0.0011969154390933	0.000236908224154996	-0.00430041730561306
0.00147177968389052	0.00360676606690865	-0.00527586712153515	-0.0356074371482519	-0.0143357904299228	-0.0332657159341836
0.015544841385967	0.00125078186496905	0.00454373989959793	-0.00551220612723819	-0.000621967218119473	0.0061571220049448
0.00302982445663725	-0.00520225490956737	-0.00224507096995571	0.0202988985561568	-0.030280541308469	-0.00137862244071755
0.0148379423914097	-0.0054830678717918	-0.00581347225158765	-0.00196955103520045	0.00456226362048505	-0.00725373670184864
0.0130551938994506	-0.02035887411339	-0.00178974379255383	-0.0106667466600871	-0.00814183955530847	0.00458088832849953
0.00869244883451282	-0.00818923272607336	0.00670311325332669	0.0219707846994337	-0.000303604141914444	-0.00687543067294441
0.00173347304733258	0.00632501714516144	0.00649865331093857	-0.00969037436910426	-0.00437164144209197	-0.00404348368616333
0.0125666205310972	0.00743948533686468	0.00726504937330612	0.00867887513925121	0.005926689732268	0.00603000709445853
0.0127806700801917	-0.00856101183537875	0.00356324304960694	-0.00122108774478846	-0.0117711259623988	0.00601282429574253
0.0118468071490403	0.000138239304489604	0.00428124764534621	-0.000438681841390886	0.00217410830252941	-0.000390906921419188
0.012745851569144	0.00178401123504986	-0.00464832530924268	0.00346145614237152	0.000135902633270638	0.00540121668808256
0.0138720351275967	0.0231945157643486	0.0238515309948814	-0.0136738391153055	-0.00540798746977396	-0.0125533306638221
0.0167035106347469	0.0181970015171092	0.00326759910735673	-0.0143045300914019	-0.0072529194254017	-0.00631679299629764
0.0155451975982171	0.0192349768961566	0.00619375267134065	-0.0157816995520169	-0.0102936285590789	-0.00659489792427872
0.00697592619448226	-0.0173078090613476	0.0049498261173013	-0.00380635933245417	0.0294066046500145	-0.0189010862692039
0.0162471507274216	-0.00639926641108936	0.000986222675877704	-0.00373046204371241	-0.000234098079207082	-0.0118560729545518
0.00517031072315141	0.0028903660682204	0.00673690276688743	-0.000690470370233024	0.00310650889690876	0.00801268123094549
0.0139713136113721	0.00248118870070302	0.00377115816589763	0.00281442202144526	-0.000393505359721098	0.00147057650794222
0.00587259716011691	0.0017180837355242	-5.28993092023169e-05	0.0118467887365399	0.0111373665896511	0.0179110439158349
0.00299285137393397	0.0067470272565951	-0.0124926179386005	0.0111601394172115	-0.0257232937584856	0.00548320943720129
0.0131564318882212	0.00401228108285864	-0.00263258073046488	-0.016145052166578	0.0048899177340579	0.00830857005665091
0.0124945198916838	0.00173100285627781	-0.0346425621317327	0.00405635713369983	0.0164223594591641	0.0144076070654866
0.0133404666372597	-0.0280831931429992	0.00163195315763542	-0.0283740361464303	-0.00815844915835096	0.00505670949822764
0.0126822255058643	0.00871905908653919	-0.0120958947904628	0.00559743308433478	-0.00129366126676757	0.00457609134093689
0.0151826989787617	0.00856813314419743	-0.0153357347216205	0.0310259809341439	-0.010921410177015	0.0102370009985541
0.011416108273651	0.0116870776868313	-0.00546241863597645	0.0127680425562099	-0.00338548354045495	0.00411923149446948
0.0111652650768822	0.0116845535789403	-0.00455079071213007	0.0109529442618591	0.00279518647764393	-0.00118410533137479
0.015116483708034	0.000497118514626634	-0.00799418687973876	0.0133276248476565	-0.00217279306283849	-0.00701250327151876
0.0116022114622712	-0.0115642038197438	0.0010106515395597	-0.00302813725531512	-0.0077920004748529	-0.0153567924692095
0.000552935060998701	-0.00862209776662719	0.00398249309711779	0.00980279727231175	-0.00210806214233211	0.0115918049804724
0.0123515677910082	-0.00358753959483841	0.00311360063844582	-0.00284788779848912	0.00339216851344431	0.000829651512914049
0.00486163947953433	-0.0125481641670914	-0.00861271035726646	0.00809785119097661	-0.0233032133175188	-0.0145731194732372
0.0127250078158142	0.000993887219931348	-0.0334161311549644	0.0122582596077778	0.0136881848537994	0.00495102014454808
0.0131395093533656	0.014476614524138	0.0120384869475285	0.00502633543621232	-0.00862523752451695	0.0075422498424999
0.000470024980245397	-0.00316405816673797	0.00747042829729247	-0.0133473075467848	0.00561380841964196	-0.00997095111782799
0.0141315680657805	0.011239218108402	0.00858740321130363	0.0120349198370971	-0.00108946275936026	0.00324656533841397
0.013282059909082	0.0158891634226809	0.00108331636234643	0.00851712023258602	0.012290597842691	0.00136293407126991
8.22072430147009e-05	0.000897432215983014	-0.00211034763813814	-0.0032548840158962	0.00225488402242301	-0.00269843164806587
0.000303495517903197	-0.00641941251047719	0.00209463067608828	0.00203568729081177	-0.0127111547101873	-0.00648772506177483
0.0127668800431149	0.0119376354323611	-0.0183642718866432	-0.0264468200691901	0.00891323664329065	-0.0338922437722415
0.0128194436685779	-0.0100132384219915	-0.00306721509732569	-0.0102410304833323	0.0107137880598228	-0.00275920501787577
0.0118195335878827	0.00539039194047979	-0.020873571752011	-0.0357115776940014	-0.00637872743267934	0.0127245625334354
0.0134043170714825	-0.0072764666835295	-0.0102795704067721	-0.00578041088407597	0.000501095367412006	0.00308121590198743
0.00747457224255814	-0.00642005948456649	-0.0123299643496823	-0.0185171788472828	-0.0133918124602479	0.00325938482011076
0.00516168977108411	0.00113028648476131	0.00562884570198153	0.0289094793667238	-0.028113096752207	-0.00303437517482963
0.00355917852835875	-0.00314298682054316	0.00222148537736854	-0.00239939772445612	0.00860141060480156	0.0170585158512344
0.00138061156695578	0.00692392994208974	0.00766042086517871	0.00364413612207495	0.0080268755208018	0.0162206585622364
0	0	0	0	0	0
0.0131278551886425	-0.00792342206162806	-0.004528758681751	-0.0132092858541498	-0.0006955341878596	0.00211580114382944
0.013317921820078	-0.0068979249605498	-0.014166249327007	0.0128879155517912	-0.00447751803803616	-0.0230422367747722
0.0131426898946122	0.00131507039836265	-0.00853132402512019	0.00894069784474811	-0.0333410459986379	-0.00793878110449482
0.0125317979584988	0.0269034379028506	0.0168400811117055	-0.0065253760516782	0.000332798349246452	-0.00964739820788531
0.0115306494244263	-0.00175362102777633	-0.00465252621405079	0.00183337309072697	-0.0018958470802423	0.00433293301070163
0.0109453784929361	0.000752503962816115	-0.00174385280637564	0.0112772450078767	0.00268212355698411	0.00327976289474079
0.0110720986150285	0.0147046056823484	-0.0308082323598578	-0.0257456593630447	0.0138580811487206	-0.00039264503941632
0.0144015349505955	0.00646526737508149	0.00322892167512667	-0.00895843440971568	-0.00730159707769678	-0.00382069209902504
0.0122239159323642	-0.00270945632824312	-0.0027640171670541	0.0029390396060983	-0.00883402946738904	-0.00283638736932471
0.0147948930286268	0.000117123233685452	-0.00257069087688606	0.00223979106499938	0.00338184132089414	-0.00244666244616009
0.0124419990946367	0.000339925028599529	-0.0079868304537217	-0.00224979644197085	0.00700490144990985	0.00234153217140144
0.0132415909754565	0.00838816063277343	-0.00616490502469357	0.00521241698280605	0.0100919563996414	0.00239151285434411
0.0116910969915391	-2.19903279398842e-05	-0.00246364441719892	-0.00310709761167247	-0.0134526300355412	0.0101493142448779
0.0130645322211252	0.0121395125887999	0.0162232947606342	0.00486535586680774	-0.00644844399328431	0.00764972888809273
0.0145307171245735	-0.00646400822508028	0.00321240651609838	-0.0035051632614394	0.000463300216712248	-0.00534280859486003
0.0120035008362755	-0.0151697095261541	0.00151418336248095	0.00777680868110196	-0.00144220080330108	0.0184393113792154
0.0113098687743004	0.0244604288944605	0.0196663784260504	0.00404000379533334	-0.0091117748085594	-0.00775178614675977
0.0129099992043144	-0.00402669118159866	0.00260583365851398	-3.51987895907535e-05	0.00290519166197894	0.00532775898762125
0.0124327322925398	0.0102281886107268	0.0139121692117045	0.0172314775291777	0.00242531462763277	0.00374382676238248
0.0183056678578253	-0.00713466920554412	0.00953198776363839	-0.0113956590495288	0.00233878924104169	-0.00806300949180015
0.000651024366756083	0.00260824244438671	0.00591816077335194	-0.000865321634423275	0.0150871895125513	-0.0144076894596219
0.0156310881018182	-0.0012466342316857	0.000951279933875183	0.00058775351659509	-0.00856345807423719	0.0084281598154478
0.00409927026404583	-0.00639889249316312	0.00463842937042944	0.0271779772209741	-0.0206177904704689	-0.00644455118850869
0.0048998365462375	-0.00257332754724001	0.00278103500185101	-0.00276405112525796	-0.00791781902562898	0.0325972862589418
0.00977675248911223	-0.00649897581047301	0.00421735260139761	0.00903289102151836	-0.025358579578186	0.00538026914533428
0.0100155269936474	-0.000869871018248632	-0.00425674037560426	0.0153205551153524	-0.00168955992104567	0.00586588986269399
0.0126206264969071	0.00101375462707267	0.0130665410941777	-0.00326265326095825	0.0144234076552024	0.00173184516407508
0.000205334070787339	-0.00297076720216414	0.00453103657745819	-0.0100536654891286	-0.00408675217924437	-0.00662490033016336
0.00497125731338765	-0.00435799577824395	0.00773827079123561	-0.00169421529260317	-0.00471160249482517	0.00971459006594684
0.00771026222998304	0.00956175795452401	0.00860862668545357	0.0285327377401337	0.00258344193193151	-0.000177204084500875
0.00725727133659357	0.0132035732362905	0.00854429175435538	0.0235196701318744	0.00321949869601803	0.000337755866954052
0.0146419566287641	-0.0025730260378656	0.00120538846099553	-0.00219531458636153	0.000368803117010107	0.00549028609498775
0.0111271372321945	-0.00326191767872604	-0.00165731159693479	-0.00255045243953039	-0.0128152771617715	0.006072162778888
0.013465427897627	0.00436899965674471	-0.00605030979548687	-0.00420169271491771	-0.00128352717029067	0.00611905340319892
0.0125436312886023	0.005103516154384	-0.0162856841694488	0.00378259866429303	0.00581350054956092	0.00484133451742773
0.0118041793749495	-0.0132824595832001	-0.00042413161909624	-0.0168235113201043	-0.00776952579729634	0.00882679379412297
0.010980386874769	-0.0201594026202663	0.0120968476865127	-0.00763136842625069	-2.46934525841556e-05	0.0140034188877734
0.0171350269396457	-0.0122704945524829	-0.0219558546628405	0.00679729711313288	0.00625405731404255	-0.0133914752142369
0.0139522006588057	-0.0145960475436678	0.00408677844671707	-0.00700395776220656	0.0162938076192369	-0.0102753314532379
0.0137333040886103	0.00841192111517706	0.000550934339630593	0.015030711639566	-0.00908102710959423	0.00771873974564921
0.0121779114585565	-0.00451562675793746	-0.00326281304961379	-0.00959091751690127	0.00186856439904709	0.00873884782171381
0.0139032782421038	-0.00149738270071159	0.000865363683332868	-0.00299538047454068	-0.00329213904175766	0.00955880996100974
0.00259579858080767	0.00112401474828224	0.00846797883952431	-0.0169930373776002	-0.0120389348626794	-0.0135384648966639
0.011708945823061	-0.0112693088128735	-0.0047712929445146	0.00307508176239841	-0.0169477005682167	-0.0154879825562647
0.0119800206040139	-0.00014695307091319	-0.0100161696058539	-0.00176177996290294	-0.0129285546180407	-0.0109460517814635
0.0183243637581148	-0.0148605384496204	0.0132436755110393	-0.0317879425225211	0.0148006244240447	-0.00650793815515052
0.0118896120558115	-0.0264960754257206	0.0106079118864753	-0.0103130349862268	-0.0249492844050473	0.0174645128125773
0.00142053029873703	-0.00870254322054733	-0.00461170022097911	-0.0136070628791201	0.00632646096575669	-0.0021576993265487
0.0127647573480376	-0.0058278701910746	0.00561390949933673	0.0147067368403074	-0.00176598596362551	0.00574718048131329
0.010907170683467	-0.00891727411694828	0.0157781916890958	0.0018562081745083	0.0159323700452876	0.0158226103155429
0.00603090598514067	-0.00821627036575502	-0.00736149559810483	-0.00648743349315147	-0.0310407981330256	-0.000992957561643273
0.0121382627136728	0.0154490550691122	-0.0158257223908411	-0.00257513621402349	-0.00235626756644406	0.0154697931195884
0.0126397108463009	-0.00109714977060078	0.00973145552045081	-0.00328398241568533	-0.00268857040207206	0.00339396527298182
0.00728518334513676	-0.0102386402491737	-0.00120537591814137	-0.00481465808745974	0.0120227692448516	0.0134821020338446
0.0130417140732262	-0.00983505544307517	0.00201045683706459	-0.0125662343856104	0.0218767144524361	0.00525323407957059
0.0141936208803409	-0.0126614627512346	-0.00335829452260806	-0.0157170642485822	-0.00847182218781209	0.00742763097222623
0.0124600708646249	0.000643726315645459	-0.014344045162097	-0.00267361028711805	-0.00456400184607904	0.00541974008425984
0.0128977469410732	0.00322404552445716	-0.00488607035522959	-0.00547009443707021	-0.00315398062701919	-0.0040303869142246
0.0144531548687929	0.000624476141133839	-0.00071266407037288	-0.00281088458541382	-0.00607399924462609	0.00154299863854554
0.0134518038679536	-0.0157478426361733	0.0133457607179307	0.00067892421504571	-0.00315912117030536	0.00495975978965053
0.0103381554877179	-0.0151891166048226	0.0127296040966036	-0.000292849675968925	-0.010260952285898	0.00941033972801714
0.003245200782525	-0.0143511156181017	0.00803482122693769	0.0114254424045946	-0.0278251038372317	-0.0260128190900146
0.0145547223460759	-0.0132806521860555	-0.00128060793265762	-0.00036898947785689	0.00261806965004799	-0.0063509518816078
0.0051148991806136	-0.0121128207416222	8.19458058699315e-05	0.00180749831845057	-0.0141045802236424	-0.00601854181692181
0.0143946647105512	0.00422153590796084	0.002298584904625	0.000856443927727995	-0.000838000103648645	-0.00335536607040345
0.0110654633523971	-0.00374661087629088	0.0161085370917963	-0.00161157035544954	-0.002541302753297	0.00211439953143283
0.0126853713780928	-0.00643609615917159	-0.0310093413206773	0.0230135514388211	-0.000452578355694021	-0.0057672825160735
0.0145487585387336	0.0110840324900262	0.00398031284595675	0.000846361247482679	-0.010796365091739	-0.000122104582958003
0.00945689451208285	0.0100513735379927	0.0163190515505808	0.00931642239739158	-0.00224087597191606	-0.01254367856212
0.0139242761163967	0.00953244486652345	0.00928391914106687	0.00330328140645848	-0.00105716062694707	0.00138351073763131
0.0107218986846863	0.00209025211972296	-0.000858768562719262	0.00145566850489735	0.0105434106243009	-0.00498865930151793
0.00867593490993607	0.000257686687301673	-0.00437672290301498	0.00470338414833457	-0.00348639679843651	0.000450841027951566
0.01337268095026	0.0193765837295217	0.0202865846076806	0.00786418395648418	-0.0104796688119772	-0.00961052056424939
0.0155694225947692	-0.0094528534416359	0.00346629711511333	0.0102130622531534	0.00223459094368732	0.0118105541027006
0.00036792446184697	-0.000999182726175232	-0.000703149277246767	-0.013503902362797	-0.0122468661577947	-0.00639487716376202
0.0127549610380589	-0.0198104763453733	0.00113329174415753	-0.0147509805976001	0.000180512753361488	0.00384941482746981
0.00531757357832018	-0.012828039241696	0.00040469895404036	-0.0173402202837008	0.00784090124060886	-0.000582777023805709
0.014041407193145	0.0148934539258312	0.0123302565949943	0.010016650069584	-0.00939048887841178	0.00263489410537667
0.0126297740906756	-0.000828482445021775	0.00389605164930831	-0.00541813971892312	0.00696285017272601	-0.00378885944642429
0.0127167945460904	-0.000995723976938177	0.00184629328236405	0.0178247685882844	-0.0107038310710666	-0.0144167903732644
0.00245132678804341	-0.00509509255001354	0.00383658679924781	0.024152338761049	0.00127752003845463	0.0157279246264833
0.0137505399442035	-0.00507772151918272	-0.00461284559320302	-0.00195380905608823	0.00628650874935287	-0.00757930865185658
0.0102164671558963	0.00306324886496661	0.00767446621309816	0.000114171354035721	0.012907730919347	-0.0030813678269383
0.014746097178165	0.00560102273168785	0.000664156908151169	0.00687956933854686	-0.0067208798403485	-0.000431662146106749
0.0107830226087747	-0.00638495839293649	0.00936813705526855	0.000516700922835582	0.00208620239938578	-0.000105774651137165
0.0191267903324189	0.0194702813860387	0.00445121213414768	-0.00976320916259213	-0.00478614555293923	-0.000595284869510974
0.0126619596423847	-0.000221535406903304	-0.00444904202097287	-0.000877588913181588	-0.0103557878796819	-0.0034977436950795
0.0174922979356836	-0.00751964289686901	-0.0177422944831535	-0.00196796295279891	-0.00951918661694813	-0.00755566261495039
0.0121051724557386	0.0100303690093365	0.00949823704093387	-0.0207070155882653	-0.0136961136471735	0.012587955924491
0.0134108425512445	0.0090678754922992	-0.00174425951885306	-0.0107614736109436	-0.000687156134110251	-0.00183964823812578
0.0132883739645094	0.000534854465832707	-0.00150061081417353	-0.00346662278106471	-0.00287287819766157	-0.00193175627392298
0	0	0	0	0	0
0.0128241379112165	-0.00440279000944642	-0.000229591624806368	-0.0070149752416735	-0.000711156086891979	0.00429003802611928
0.0124252639108507	0.000592815634442407	0.00481076789627724	0.0023920959711367	-0.00743299404450169	0.00738291191966262
0.00652175903862522	-0.00472649573449943	-0.00270796065282355	0.00738243334517771	-0.014303935428644	-0.00121062541208504
0.00388488930234995	-0.0155984726988255	-0.00564767696340044	-0.00578195173148008	0.0250595322417526	0.0302625875019602
0	0	0	0	0	0
0	0	0	0	0	0
0.0125481605198933	0.00185555514174349	-0.00505159268326499	0.00568236340117511	0.00360538533084605	-0.0151996971865628
0.0116379463168082	0.00858984384353759	-0.0268262112135827	-0.0265109766121601	0.0110420568599712	0.00843058084702871
0.00256222821525588	0.00539415108824868	-0.00229073780351426	-0.0416787411044837	0.00754445688245543	0.021291859504523
0.0129847129956743	-0.000777225982805887	-0.00321402224083992	-0.0132733412867527	-0.00986447630655751	0.005427792055791
0.012320246521627	0.00143552759885882	0.000209030018762922	0.00135386907283955	-0.000679746254082341	0.00985610561354684
0.0107315888622765	-0.00163569912684959	0.0123027078787651	0.00100780841990502	-0.0126245334211708	-0.00156912687000782
0.0131474185644925	0.0146788800120566	0.0177672524729138	0.00911858013961778	-0.00624009420515942	-0.00126934055845741
0.0111741631195688	0.00847251696433987	-0.00608906813584076	-0.000137110107622551	-0.00126383680314622	-0.00570503427703432
0.0116724562884485	0.00352237695111294	-0.00259484585398846	-0.00912622797042168	0.00372985567480188	-0.00131124098596557
0.0124238466372459	0.00571855907989117	-0.0026874712437519	-0.00240991581013356	0.00415901051058029	-0.00202308438562277
0.00594423751288689	-0.00977527664026169	-0.00134630759990022	-0.0067688445781605	0.000904410273641953	-0.00534193778191146
0.0103105260418236	-0.00790253774739186	-0.00376885467050639	0.00469679803859289	0.00112911362038492	-0.0136758398862948
0.0134205999826361	-0.024612477307626	0.00234195227101259	0.0187311409430466	-0.0181817788791636	-0.00045006197875555
0.0134966327473318	0.00241042584685636	-0.00534905521780274	0.000929088010742536	0.00773872467381897	-0.00930526287063187
0.0153209929096253	-0.0150164254545978	0.00499112994815299	-0.00798477328577702	0.0212388508410258	-0.00338559046140985
0.000107667095287152	0.00312167633814495	0.0041292019344585	0.0130759808792264	0.00523701630449759	-0.00829959027996478
0.0140234817319643	-0.00878739338294654	-0.00542196785537577	0.00261078053480861	0.0128171207628244	-0.00625939909018697
0.0144445400484274	-0.00040610150773423	0.00368311260661345	0.00721840785037164	-0.0101180633820474	0.00399688035050372
0.0135567263866102	-0.00689484907787464	-0.000149789651020489	-0.00443380279372335	0.00191452556034818	0.00244934312025653
0.0125971616668246	0.0171756464421757	0.0117177157503588	0.00607419029508034	-0.000977195505288811	0.00522312264891872
0.0122350751766416	0.00436603608155919	-1.81626836675537e-05	0.0112187854325538	0.006064227747089	0.0128133245046411
0.0135891798459307	-0.000894962860841103	-0.00925480244831491	-0.00733330877388454	0.00282851498674739	0.00181866005555798
0.0115101105538663	0.00502192715895042	0.000220288341454691	-0.00486980756947239	-0.00716639020346554	-0.00090472578711133
0.012626000816933	0.0272261557988885	0.0199378807767689	-0.0169201189240357	0.00146461913200061	-0.0130015114425834
0.017195721026219	0.0177786998702058	0.00480065073521376	-0.0199353232222474	-0.0135658010759066	-0.00968206054102578
0.011667423405864	-0.00523535757765685	-0.00197315698123903	-0.00716143249758172	0.000158437699750323	0.0047885325010041
0.01415729566699	0.00595159932978191	0.00811422197017367	0.00903835454810164	-0.0019632660298766	-0.0035938573734988
0.0152257436446342	-0.000156068149641668	-0.00729048064231171	-0.00519098956183976	-0.0105886604544472	-0.00363947798980743
0.0125118478669069	-0.0255612768641078	-0.00523234794465211	0.0463513415864521	0.0144797008883354	0.0186274533568245
0.0128814209785611	0.0224705244789662	0.00974600460832141	0.0161385370076782	0.0267580253643006	0.012110576837575
0.00535480344746036	0.00283477979408622	-0.00426272881730685	0.00608958781178111	-0.00851760869261292	-0.0176855631278146
0.00859054224782333	-0.000210474912221743	-0.00465737478779323	-0.0107963140948204	0.00167833065270286	-0.0205542139566742
0.0114721839166197	0.00155872435458108	0.000517102064206857	-0.000604889242430583	-0.000293110420797724	0.00706990608213644
0.0061374261740021	0.00116163485178217	-0.00172275752626688	-0.00473787132087161	-0.00694982669912361	0.00453363074502825
0.0122884621253925	0.00462272409067775	-0.00128866938020039	-0.000900267956992112	-0.0060249025138611	-0.000435286805061032
0.0107199744144651	0.00498353143920934	0.0186889476928949	0.0207198848954359	-0.000944457760904555	-0.00525903529586863
0.0122592322810879	0.0324934613560749	0.0089380137219056	-0.0146684599493797	0.00403376790191017	-0.00571545972086837
0	0	0	0	0	0
0.0141985500693629	0.00494218040086037	-0.00115040251604488	-0.000285230660788562	0.0089477845606886	0.00780421039303316
0.0123385588048674	0.0032198926193901	-0.00479192834254995	-0.00346531832439352	-0.00204548690341212	0.000889433493079819
0.0117029068206749	-0.00402771180542539	-0.00680990403979369	-0.00539438572787866	0.00408381386481448	-0.000648590671712981
0.0130237762834794	0.00428796109817076	-0.00576017044183156	-0.000953540612422041	-0.0019528987893333	-0.000445869147389865
0.0126769640313256	-0.0117030332157387	0.00235946441046463	-0.012228328892714	-0.00097004121837376	0.0096015690869321
0.0110702993408425	-0.00642250448455604	-0.0186117080088099	-0.021510862613711	0.0146840365747837	-0.00281957345621641
0.0129222716670079	0.00791034897970846	-0.00281647509226952	-0.00236361955823877	0.00136267874950852	0.00069901944997717
0.0143045233054509	0.0129013896926589	0.0122325380054073	0.000870223906527715	-0.00579143774976724	0.00236677672323708
0.0165570192275827	-0.0047785224344007	0.0029421821051812	-0.00191641164921627	-0.00108256445776271	-0.00766891840955756
0.0143209502904906	-0.00354596335951234	0.00553675851956366	0.00103753589960875	-0.00581725527445497	0.00176469065100372
0.0131073523241328	0.00420474117519129	0.0182375654207277	0.0191746222522648	-0.00200606016081306	0.00756055117315114
0.0157896491016449	-0.0292884931957712	0.00860387439575714	0.0136585039983398	0.0305832691571461	-0.00668663125556873
0.00752126268912764	-0.01622852581831	-0.00267352978595597	0.0157354593539981	-0.00431885644002983	-0.00427731358460181
0.0162018176558014	-0.00944040994988389	-0.00125423211345127	0.00618928556692672	-0.00677204085445796	-0.0128893239908651
0.0152714023571446	0.00275143203976221	-0.00197258589140802	0.0038444359954737	-0.00668509770769058	0.000235607200793247
0.0150352984356442	-0.00739250509715598	-0.000585313306643738	-0.00972827082990792	0.011417618407077	0.00578937479931836
0.0124309157001373	-0.0136416704999899	-0.0135373756666802	-0.00536679083435616	0.0101031360483769	-0.00830987127758982
0.011945238345977	-0.00534171671482647	0.000777815952316365	-0.0119784951191261	-0.00726866326608198	0.00685420596418538
0.0135295295256953	0.00755159547770464	-0.000512626852468884	-0.0101069278436567	-0.000356144949399432	0.0081476002944507
0.0153978381206799	0.0155760103077677	-0.000670906175068813	0.00333469445334718	0.00525785823536565	0.0182217639298888
0.0122460725688686	0.00548028260582578	-0.00296260881670652	0.00889737125377684	-0.00351472519895097	-0.00403386343789527
0.0120014654770195	0.00536971329370979	-0.00357071132836313	-0.00609118583669004	0.000546832449508572	-0.00259618949172682
0.000759194470944549	0.00160690375267751	0.000436743185408088	0.0132710027767636	0.00434150401566307	-0.0193589090678735
0.012223916298682	-0.00181916478210004	-0.0134710136124584	-0.00305995827792733	0.000764269071285749	-0.00346848474885483
0.0132849192432372	-0.00590292512348712	-0.00724418315925756	-0.0139294217755713	0.000811927535124634	0.0100133992698147
0.0142568700423393	0.00982821764925012	0.00309735094309738	-0.00155479309444559	-0.0113305460891188	0.00881573940672998
0.0108513058821573	-0.0262392611028781	0.00388926041577607	0.00572424915985511	-0.0147329080241029	0.0378382421893281
0.00866851656558806	0.00131551363316152	-0.0370934007236155	-0.0237963237161025	0.0158713614711134	0.014776285329995
0.0159704280610739	0.00307206609135124	-0.0401912344660941	-0.0134577140097355	0.00544053118081074	0.011355368384736
0.0122867769748655	-0.00577479009418004	-0.00220945144049969	-0.00334539785045654	0.00471377626408287	0.00471564181662256
0.0142317752528632	-0.00744132812794751	-0.000913338464128292	-0.00498053534769644	-0.0106924261834715	0.000395265613656818
0.00139323149204953	0.000660010843257973	0.00513335128991739	0.0340160405154995	0.0345307145463146	-0.0126687638362837
0.0123926693359402	0.00674085111836012	0.00436485906269207	0.00400070106181951	0.00251145904415187	0.000917807108478842
0.0140100188473619	-0.00415855339216466	0.00643332130799539	0.00127129330520575	0.00240940250638656	0.00259154844618789
0.0170613429146103	-0.0175261314651879	-0.00659474927307215	0.0102507001080631	0.000714236357348904	0.00296045209086287
0.000531841761525513	-0.000803298105853917	-0.00429459231039073	-0.00965474877864987	-0.00101878604660843	-0.0128171982327061
0.000968584055736394	-0.002625072200581	-0.000674594528973487	0.0271550511608172	0.0309757697320435	0.0366135037756362
0	0	0	0	0	0
0.0124802180634739	0.0173709046213981	-0.00353855574220216	0.00158356472914858	0.00751487416762108	-0.00347836643424359
0.0120625089481535	0.0121557692524866	-0.00591768347432464	-0.0114094991122119	0.0112539167696266	0.00656990618621186
0.0132195351272032	0.0174710157371826	0.016593962063804	0.00847171807964593	-0.0113800058188653	-0.0016959338095019
0.000200555781129364	0.00317014820761552	-0.00176029181378837	0.00571721273102871	-0.0140651394200098	0.00224372484045333
0.0140606880160153	-0.0014763758680672	-0.00533243858588564	-0.00192583124452524	-0.00492977036094087	0.00111604875133062
0.0122080006893809	-0.00257266612911616	0.00516563563062396	-0.00457186692110984	-0.00717791093905252	0.000608884942610537
0.0125761915081963	0.00120769352110154	0.00197401420835015	-0.00131133906037239	0.00458800679122004	0.00708283850213737
0.0141455443788536	-0.00862752741653449	-0.0294832971345125	0.0159641067028922	0.00904480144122409	-0.00486933056850029
0.0163626879420364	0.00620208280999477	0.00336780042177122	0.000721790877225509	-0.00383176670569273	-0.00285777357665799
0.0116881630205967	-0.0171076250980588	0.00185445659970703	-0.0246529407535111	-0.00776950848481075	0.0134283750944243
0.0151053331760657	0.010504006391698	-0.000280955257422756	0.00372969532453382	0.00524633292515944	0.00717214530295436
0.0126954987037687	0.00602134586789481	0.0121222436058599	0.0110508780362442	0.00338449278964448	0.00526395757726824
0.0131399198536002	-0.01102366388494	-0.00228618953230598	-0.0116312102854554	0.0107188171641547	-0.00697586433661441
0.0117553862531355	0.00340023540879487	-0.00373897878142988	-0.0073812048184938	0.00395662808932588	-0.00159500264356012
0.0150589084863593	-0.0040066076812981	0.00324309174492705	-0.00319140564275025	0.00882325964998744	-0.00874769241792061
0.0144201175913412	-0.00363811803561033	-0.0291447214341089	0.0129131332754658	0.00288073610946573	0.00879436802130469
0.0117337359269951	0.00652643862848821	0.00187797336525597	0.0104777529208081	-0.00566715777458996	-0.00577247051904822
0.0127952041590488	0.00626283106781493	0.00875383675283997	0.00958486069389282	0.0023103518578949	0.00595634022857177
0.0131411413756729	-0.0311212653696168	0.0214188584709918	0.0105712546280475	-0.0145145559309206	0.0245098162982011
0	0	0	0	0	0
0	0	0	0	0	0
0.00457928773884043	-0.00680093141018181	-0.0016784224066364	0.0319435391309862	-0.0100119134901305	-0.0139939002544468
0.0133082223750334	-0.00968403508771181	0.00506622430431877	-0.000284749327556063	-0.000905015752126271	0.0143057386391528
0.0132808321343702	-0.00834431937935679	0.000871357327221875	-0.00287750586377476	-0.00048826965564005	-0.000362359141107705
0.0134270545804155	-0.00291866304184886	0.00437295093003982	0.0027244485276105	0.00181237815946306	-0.00718013051455607
0.0150884604741303	0.00187621576105093	-0.00588608109211008	0.00521126703089655	0.00546258968157578	0.00579239983884427
0.0129512186668871	0.00506545306203788	0.00355055992580265	-0.00947782062598574	0.0017549777471699	-0.000246613644382799
0.0164890056171395	0.00980153219222296	0.00212350261787882	-0.0104640357209407	-0.0196444456263477	-0.00767053824630835
0.0151462660403731	0.0137690558363905	0.00943136075798563	0.000529162607039521	-0.00410097976138614	0.0029109478213164
0.00492365058716458	0.0099860110642972	0.00473406449577933	0.015447163045915	-0.0188278468525966	0.00380342104293729
0.00694594363679778	-0.000484261975370322	-0.00402344961290537	0.00847976118006042	-0.0149320156219205	-0.0122553729958284
0.0134950369786575	0.00267765536631243	-0.000385350448890676	0.00224556338660598	-0.00543187187204188	0.0010220063796779
0.0124081539969272	0.00193789046996388	-0.00219618421921197	-0.00146692498127451	0.00144093891971853	-0.000621737503575323
0.0150930767926555	-0.0379440958375231	0.0135619872016957	-0.00841912197142147	0.0213322550557674	0.00632948642583422
0.012224520780995	0.00166333369437744	-0.00718314445095619	0.00197619292757182	-0.0142943844376853	0.00121767665254233
0.0148737011126106	-0.00824814270811672	-0.00577174601544432	-0.0082985368536546	0.01013863353167	-0.00885265319870776
0.0140585265837399	-0.0107108688990893	-0.00848701770194939	-0.0115301041355397	0.0104106410826693	-0.00656472202975597
0.00171832434315524	0.00387290291780332	-0.00381715162308377	0.0480596168548821	-0.0322510960971726	-0.0181913766243778
0.0104557634093283	-0.0226849693130126	0.00806980216692112	0.00567419180530747	-0.00187717254455741	0.0128613021516304
0.0140629445678927	-0.0142218047012116	0.00128607392119497	-0.00893610889088436	-0.0165758662241035	0.0363492805899839
0.0117874614075416	0.00110043154571883	0.00131828132976717	0.00366731444646943	-0.00104502498007389	-0.00674005699345571
0.0122547706071161	-0.0343775642200133	0.0149615888986921	0.0259053586609408	-0.00497270976596001	0.00897473302452235
0.0126259641825223	-0.00372631907830055	-0.00329693521833157	-0.00674997628879255	0.0027533515381342	0.00101827759217848
0.0149977719830528	0.0113863024673875	0.003867238965621	-0.014294640521657	-0.0195495440796643	-0.00775227377206346
0.00311785145479314	0.00926524668677204	0.0123205834203215	-0.0062665645711781	-0.000994146064699882	-0.0395103370723755
0.016226015739884	0.00977142553734062	-0.00324851789645201	0.00183555118146162	0.00386064678755965	0.00949731218324404
0.00480201499975298	0.00170146557757333	-0.00665969390932833	-0.0121870477431309	-0.0351059380437882	-0.000306475290355137
0.0132310861863735	-0.0252559615299775	0.0118643060688881	0.00164786075045154	0.0279375844698434	-0.0114344135958558
0.00562864799180845	-0.02340072637265	0.0193462064522577	-0.0282828048069838	0.0107956369033553	0.0133082694510916
0	0	0	0	0	0
0.0171889312583907	-0.000194276425360689	-0.0396527567043426	0.0104171875831694	0.0047297753892811	0.00822496664062623
0.0132258753756746	0.0108212971080511	-0.00695186460418808	0.00853341182880898	0.0161606934592773	-0.00107472398883095
0.0125595022116682	0.0011060223477207	-0.00552426893721213	0.00223016696609782	1.90384815142541e-05	-0.000450931731319183
0.0104976453165531	-0.00868332789716071	-0.00243254279843067	-0.00305719049715305	-0.0175696010575785	0.000890973508906513
0.0144868327162809	0.000979051198512181	0.00293731230967764	-0.00477633823645994	0.00678331317129364	0.0085452347239422
0.0100172693227667	-0.00421925810892846	0.00350381074748471	-0.0050934335195328	-0.0119580905527914	0.00298352349861009
0.00418568424751696	-0.00344697392066785	-0.0101925441440355	0.00752662101475819	-0.0211895172817633	-0.017305966862201
0.00582261320832796	-0.00422867046903357	0.00432730274335693	-0.00338067292712999	0.0254738053553036	0.00464856852859039
0	0	0	0	0	0
0.00123167323718197	-0.00869197844579747	-0.0060054440791164	-0.00920285387970117	0.010250008586077	0.0312886084586854
0.0122330258433235	-0.00695798936550906	-0.00235918071872846	-0.00514329710062133	0.00329824294217561	-0.0065509222449283
0.0143342901537454	0.000527800053923154	-0.00319373879613011	0.000492650906050819	-0.00911134656731221	0.00173724757624732
0.0141254898988636	0.00461655052152677	-0.00571309056134183	-0.0153891799116744	0.00239186620694628	0.00129265233807176
0.0143695691172857	0.00396833889041663	-0.0055068032802672	0.00702094415731202	-0.00711623398874312	0.00347957966161496
0.0143584240436874	0.0005109119956714	-0.00263572995037054	0.00604270561976277	-0.0026526983318752	0.000887834086638618
0.0156557597410684	0.00747195365847124	-0.0148604204458993	0.00575059010296894	0.0057881977306563	0.00102790793606593
0.00848841632139521	0.00622726993756576	-0.00894214969910874	0.00546817284342414	0.00485297611650448	-0.00635286732301845
0	0	0	0	0	0
0.0129239017310633	0.00736963033852929	-0.0150909862996158	0.0148656440110423	0.00905925804454465	-0.00450582882095452
0.012969538686318	0.00827171312966882	0.00379480552699501	0.00769763005093822	-0.00883791244246758	-0.0032854724978807
0.00282911911647558	0.0217671631444762	0.00419946961860556	0.0148553114062065	0.00598213028289518	-0.0222361320211659
0.0155255197956625	0.0155491611339315	0.00855314030263323	0.0157211000644337	0.0172349920757435	0.000553707620608462
0.0122881776176872	0.00661403242483781	-0.0103907824841725	0.0130437080118502	0.0118048650004298	-0.00423434481536478
0.0141260232917215	0.0269586715021524	0.0209136493015179	-0.00563255174305664	-0.00263424763463472	-0.00518124750034771
0.0142746681580306	0.0170457032077774	0.0140221396152835	-0.00128537949697047	-0.00449912226778294	0.00407785453163051
0.0121731589452361	-0.00351758087489141	-0.0023700270625105	-0.002742335655028	0.00575235855575824	0.00165550415706904
0.0151758068952925	0.0112665990381173	-0.000312222883094604	0.000677826763169843	0.000973315657467995	-0.0064439333280954
0.0124099587458946	0.0141451249384964	0.00779122837396186	0.0069494597068286	-0.00987756203028311	-0.0116817431905223
0.0142355243940501	0.000857532057073663	-0.0110613843232573	0.00542644452450058	0.0070288942875709	0.0100616642256097
0.0142133926752991	0.00440112823462363	-0.00376911518072889	0.000795382372445664	-0.00524689681184397	0.00996183413416609
0.012138380471332	0.00572083896956499	-0.0044640258972867	0.00193875938852144	-0.00227300012692302	0.000843749290164031
0.00541560877716584	-0.0152253851436742	0.00371830764509171	-0.00274978192224751	0.00411225731502179	0.00380756877139017
0.0158551047176971	-0.0212864610982881	0.010270039205565	-0.00140339025499174	0.0178601479389537	-0.0184954239235586
0.0133637218062395	0.00568101238074784	-0.00237759015737613	-0.00114978285526676	0.00991342671722179	-0.0105529917321272
0.0133584713861419	0.00466329965494683	0.00110693357508889	-0.00108074165945854	0.00238175262553806	-0.00561599992804523
0.00453364131491187	0.00107531404895074	-0.005885257173605	0.0069927353479432	0.00255164822373918	-0.00610514473380314
0.0130630476519378	-0.00082027367931498	-0.00904007489865436	-0.00848367607047236	-0.00981252385212693	0.00076211644557313
0.0139467011951904	-0.0108244419119215	-0.00523251708516772	-0.00934446919969533	-0.0135532128700082	0.00285525048121302
0.0128647306550658	0.00165171874044733	-0.00329835076270728	-0.000509758392027577	0.00578227298387792	0.000851520796208472
0.0142290720706981	0.0143228955215329	-0.00508051984340025	0.00962184468889289	-0.0044998885885292	0.00228828167084867
0.0042886422565159	0.00262457632366097	-0.00996920738110433	0.0061714120957484	-0.0262631435569805	0.00746680330091918
0.0124187956648953	-0.0108324023998175	-0.00524719933776948	-0.0128906085206973	-0.00408022952563558	-0.00139099303838024
0.0133451759032074	0.0144093677587769	0.00359730242461152	0.00741079698801576	-0.0177352947106486	-0.0159134436977796
0.00641476045749202	0.0189268535388567	0.00548955827985674	0.00958121770737816	-0.0101336536521107	-0.00474283334674595
0.0104886868031054	0.0200395677568189	0.00644320645822508	0.000340301887399673	-0.00294676926126692	-0.00339891739981422
0.014335719918102	-0.0167461810318919	-0.00258510036732903	-0.0133215716915748	0.00037713379215561	0.0119464688751202
0.0117238130233068	-0.0148479444728571	-0.00402875200029825	-0.0115988942368281	0.00696724642342554	0.00203098082731757
0.0122307737977965	0.00203941521871159	0.0161592811517409	0.00598047186360239	-0.00080879634795665	-0.00757355174832326
0.0171886456361313	-0.0164177797636102	0.0114929558275573	-0.0101898361253417	0.0101392494579769	-0.0171383534774941
0.0121019917020252	0.000788603835646515	-0.00182138439973642	-0.00574927032003264	-0.0113648006893643	0.00434628371473967
0	0	0	0	0	0
0.0151220825042596	0.00378004056932606	-0.0221343130357422	0.0142544110556565	0.00353343944310846	0.00448334785582183
0.0125938320283224	0.0116535637777459	-0.00232532429830585	0.0114878050244729	0.00587008818721844	-0.00263950771071816
0.0155771452751144	0.0182436191140571	0.00597707591414683	-0.0113730068930965	-0.0160024185070447	-0.0104623407651927
0.00263825293626008	-0.0163344045704729	0.0122325213127665	0.00648816599274709	0.0115748381817394	-0.00153200839868458
0.00585722641607898	-0.013806002594149	0.00646017474305068	-0.00393150187113757	-0.000945274897267395	-0.0243500928862462
0.0109987117404478	0.00131393891557083	0.013628428608358	0.00396467254293536	0.00719952278554102	-0.0174567256541638
0.00821068524419203	0.00428394550525609	0.00459368247085546	0.0037160865318317	0.00684848062339926	0.010643457068112
0.0119471397851146	0.00370469018793408	-0.000356660095184064	-0.00386672263042865	0.00571652826639265	0.00128385326510415
0.0143734515236008	0.00650417434266165	-0.00489353327412236	0.0110989900696752	0.00283500176174269	-0.00712512234935763
0.0139495343701582	0.00740162303560926	-0.00155603730433739	0.00130823567524307	-0.00077351969394319	-0.0057427577907842
0.00879692419435868	0.00460244195087551	-0.00476514882274939	-0.00162669220426379	-0.0200919229469381	0.0118729838853838
0.0136838363705742	0.0207895442991943	0.0144464172941719	-0.00462120054130291	-0.00402913316260271	-0.00126937525060323
0.0135381150801069	4.70821264895701e-05	0.00135424480127569	-0.00380953787314813	-0.0106093877100684	0.00046506508517142
0.0138455218746509	-0.00439360702740311	0.000464576644435742	-0.00010128937600747	-0.00240581135750884	0.00951359251506894
0.0135716214308894	0.00487771645560659	-0.00290642414430862	0.00992246854906776	-4.93376232852923e-06	-0.0120925131053875
0.0140777600655925	-0.00169241520971632	-0.049572255539777	0.0263082860907259	0.00604442233768695	-0.0287204105032862
0.00399552717831626	-0.00350177661750266	-0.0355192753833218	0.0089092429917591	-0.000537727263460842	-0.022245700959738
0.0123516684797334	0.00109879843208693	-0.00131511991821081	-0.0059491925806482	-0.00201185207794847	0.00361764461299171
0.0118210944147868	-0.00205768018028017	-0.000784547554928972	0.00250890317653191	0.0017661393380542	0.000496606760846739
0.0141784733017217	-0.00568997482471134	0.00855270351467046	0.00444259131815437	-0.0068154236431954	-0.00413670399528962
0.0124698721337435	0.0173410398464608	0.0160274792999265	0.00561456370049877	-0.0207847263955499	0.0183499899406792
0.0123798612766411	0.00369656220621869	0.00237792922289964	0.00836338822899341	-0.00261336742994801	-0.00180476167978565
0.0150939582818137	0.0118695558427594	0.00142325035093403	-0.00811989456228561	-0.00109295579194572	-0.00446265613337157
0.00458520948131155	-0.00879457893109331	0.020497931437438	-0.0301892761611672	0.016133508090904	-0.0210589830806926
0.0141437064545175	-0.00078457763875443	0.00023533487882657	-0.00120269607251094	0.000605903947664859	0.00990207591607709
0.0126170330897912	-0.00418466164357331	0.00150537515244511	-0.00100713804877544	-0.0148525406867497	-0.00156627118531838
0.0105268831310822	-0.00103573201394873	0.00454322385072835	-0.00323173119480646	-0.0140328700915702	0.00826279381396873
0.0169463067901613	-0.00148141434424304	0.000362756820515939	-0.0027300187365876	-0.00172491553627661	-0.0101219418833561
0.0141157555150445	0.012976395276799	0.00529442867569738	-0.00464844038810979	-0.00794235790097662	0.000790918236247285
0.016416812150454	-0.00830311301439011	-0.000736314106315646	-0.00471738942288348	-0.00972453264156928	-0.00637191517621374
0.0131769435136493	0.0027408377729953	0.00614329116465288	-0.00224062339788162	-0.00463321148348127	0.00757326861540305
0.00343864282395746	0.0105614974153135	0.0160107610338303	-0.0262801704918843	0.0508342969461597	-0.0279820958279315
0.0113441227079695	-0.00730885132422407	0.0300195289408945	-0.0117142290692305	-0.0254310100213689	-0.036248190979839
0.0121243188971789	-0.00336640024851044	-0.000479209261452526	0.00674660469502457	0.00814830162539205	-0.00969065307127772
0.0126286706358629	-0.000741144820207096	-0.0239404692697198	0.00951608181351646	0.0131017253040084	0.000847464671461251
0.0133702128093003	-0.00183052748104783	0.00102976927236586	-0.00585194858858243	0.0109997346883249	0.000865485176557771
0.00279417021747488	-0.0227105974454245	0.0213258985607727	-0.0146932368308301	-0.00778799805756656	0.0111657080034605
0.00944583735202975	0.0110654584892648	0.00891624053669217	-0.00992520163073057	0.0152505331047607	-0.024200845462815
0.0163181095454013	0.0022861322067983	0.00724082595826729	0.00970201578515851	0.00722859488951017	-0.00129908864969141
0.0141147481861828	0.0114518878887878	0.00700482692915695	0.013573973619052	-0.00556479382447843	5.500502180532e-05
0.00173523661444584	0.0054902141015412	0.0113121336549787	-0.00203336926324483	-0.0105301369822675	-0.0575076897073691
0.012831888173123	0.0275641782237763	0.0278970386281904	-0.0124784403989725	-0.00382960487926909	-0.01072700769489
0.0138235783054139	-0.0399141969788959	0.0187632943693891	0.0219889996356088	-0.00737784423732161	0.0184972295211049
0.0128670770100759	0.0036058427696812	0.00389996431124244	0.00843174298234169	0.00105334606684835	0.00978535410769113
0.0130770178810363	-0.00579376065217701	-0.00580358042544959	-0.00624381085737377	0.0145344757812015	0.00103649242762312
0.012085653093202	0.0119060098105595	0.00225873862975736	-0.00357094486631397	-0.00920484669125571	-0.00432306775486709
0.000737707580670604	0.00493472319942527	0.00282061742815577	-0.00295107813497065	0.0154241125857234	-0.0295404015628815
0.00742403475653678	0.0117421797555562	-0.000294488166842988	0.00451012340341976	-0.00294396742278681	-0.00852645865334585
0.00445838662748296	-0.00138071694193883	0.000341018955187546	0.0182926526591908	-0.0176645427899752	-0.00584616411724681
0.0114685588682388	-0.000333708600284224	-0.00112432673897447	0.00202997193343401	0.000257110153144675	0.0051252301207549
0.011818969078891	0.00571179153605043	-0.00122564990128342	-0.00316196217028365	-0.000960661401881543	0.00755864254005204
0.0121952330407132	0.00241154756414248	-0.00322104255688	-0.000327422507039595	-0.00169593682234344	0.000741257598619463
0.0131058249101942	0.00959327576744936	0.0045195444618284	0.0164768444165133	0.00652856212859708	-0.00314127890687346
0.00320539303540261	-0.0076013557265596	0.01958055563093	0.0239999143533883	0.00854012235300565	-0.0038726685293112
0.0132655065151211	0.0189698246553485	0.0144729662833624	0.0142251035846723	0.00618032189216402	0.0011433592015833
0.0113865803656074	-0.00471144222641683	-0.0121608398519132	-0.026932566858396	0.00940717076420238	-0.00325949550814231
0.0179885462206544	-0.0236686625758027	0.00653233979544556	0.0042303205600861	-0.0139947595977699	-0.00777159059226151
0.0137594767293737	-0.000472062355138723	-0.0298822438878825	0.0128523862533031	0.00249799917868563	0.00438488866454438
0.0108735769958869	0.0268536688769314	0.0281518964877417	-0.0142853919289467	0.000669717711664167	-0.00238872364702281
0.0117369353397978	0.000978057639573775	-0.0179411592662009	-0.01531622810748	0.00419578523643647	-0.00489087973409682
0.0134841291611971	-0.0153245308270334	0.00450704234560937	-0.010268865704475	0.0154209741330754	-0.00197763169998272
0.00396603224295665	-0.0132859741758948	-0.000425423768251955	-0.000925148026861457	0.0147770974968961	-0.00880175842861575
0.0148793265089213	-0.00170678230672243	0.000440769644819767	-0.00320721755374441	0.00186510801290774	0.00168953030720015
0.0132014010485031	0.00387856245840862	0.00674049911935277	-0.00171434078942923	0.00208233696745213	0.00531371374686667
0.0119104412114356	-0.0116216934229318	-0.00526378942273129	-0.0204155893795457	-0.00898959911940904	0.0145143375159042
0.0172482121528651	0.0191313351675561	0.00119211093974347	-0.0177571044716377	-0.0153261563580434	-0.00518683584835398
0.00322651555833284	0.018305320298802	-0.00229033226351939	-0.0213286691332757	-0.00932352506727127	-0.0127547543138054
0.0129934782938605	0.0188967737555232	0.0261497207937395	-0.00392009455321867	-0.0133704853724545	-0.011506561898074
0.0111780705074076	0.00763688240840111	-0.00146394853718787	0.00176637306031099	0.00563627766949419	-0.000140463379853516
0.0124338094315932	0.00381340701831206	0.000311502907522415	-0.00707459914132979	-0.00339327795951434	0.0151717262039069
0.0114741458885578	0.00788410450973082	-0.00898449923728797	0.00468646899117668	-0.00143970525689784	-0.0043444873032467
0.00989993392670173	-0.00495127525887401	0.00179814890616148	0.00123120416898666	-0.0198221460001919	-0.0107560540926457
0.0170759266137144	-0.0140895582586348	-0.00582727508986436	-0.033639769139377	-0.0157578802106322	0.00435181126638944
0.0126916189457882	0.00782005989899966	-0.00552374516988911	0.00388717494134227	0.00858981594963483	0.00191223333722853
0.0035210956412647	-0.00692671133638531	0.00568771850499499	7.47907401234347e-05	-0.024600180295564	-0.0453654002272629
0.0116371237019917	0.000799806563318231	-0.000726391742816106	0.00240857013831578	0.000933072095503546	-0.00968727722560105
0.0119611080886111	-0.00175069217283015	0.018523154420994	0.00093450381921468	0.00264771531389722	-0.0253825536283005
0.0173606070415547	-0.000582030812258522	0.0194788310038657	0.00752410953455496	-0.000598462771587639	-0.0243429337412004
0.0139703909536725	0.00634637136135431	0.00427001407991272	-0.00210376295349411	-0.00176484710851929	0.00348919150107362
0.0102145595462496	0.00256897292808912	0.000499157816388783	0.000254078523007022	0.00778328948807046	-0.0113367865898533
0.0121195866424713	0.010195242881079	-0.00159242380152621	0.00771365036439856	0.0128536820073467	-0.00177357792322177
0.0130810294675629	0.0224698996306825	0.0238250777271369	0.0381522503731979	0.0261490234834568	0.00116353160010214
0.0133766219718095	0.00612670689865292	0.00706539652978067	0.00559931567564936	-0.00224565458491607	-0.00300647871158898
0.0118690927969792	0.00639437699395914	0.00743191640293847	-0.00473576940876033	0.0108291557488496	-0.00330093725203533
0.00732784100507494	0.035137797432967	0.0182020824319901	-0.0156666224147061	-0.00126097835401645	-0.0198441403137606
0.0139090477040633	0.0365630437594225	0.0192431930993174	-0.0104657555078215	0.00640046277842487	-0.0097633027754331
0.0125558900935211	0.00834195594589307	0.00379768441382697	0.00565355442426276	0.00210702816939843	-0.00487505765903531
0.0175006487971199	0.0172911006223797	0.00326767467064451	-0.0146812165326509	-0.0163702191722784	-0.00688305037008879
0.00725399728114344	-0.00363955820675764	-0.0141704272150228	0.0103839906515288	-0.0207260344748569	-0.0300140262166565
0.0030370412659476	0.0003240925895663	-0.0144400599035737	0.0286285274305753	-0.029441895719344	-0.0392395913031789
0.00125855044126903	0.00368800450600842	0.00806567650395627	0.0263538719990134	-0.0145442592206016	0.0110041894864875
0.0122439753937012	0.00388184207733121	-0.0238303435028558	0.029264060487504	-0.0125102057032661	-0.0362348711881028
0.0139767565536861	0.000971338510611062	0.00226448266482099	-0.00555882256395874	-0.00780305744062273	-0.000588517404680632
0.00367729011045516	-0.00763117861291349	0.00384436241809629	-0.00237874451988638	-0.034428153731199	-0.0116996629309881
0.0162629508946176	-0.0292038811956911	0.0175083744858061	0.0192776942719575	-0.0104666914804672	-0.000315798768124372
0.00468023575790219	-0.000729846977742899	-0.00099558954738911	0.0157546383561029	-0.0305842862398583	-0.00542190858550351
0.0121922553914613	0.00222220504124683	0.00717400508568702	0.00834368997045556	0.00779662538427173	0.0041511213542739
0.0140598174555583	0.00416198704537326	-0.00809263037460145	-0.0047341949510626	-0.000722744209323313	0.00627097218891728
0.0121836001283233	-0.00113553560040468	-0.00951979245393631	-0.025422205059144	0.0138513712408333	0.00369668246233105
0.0133638487116342	0.00550885139001942	0.00419643691763652	0.009519326844103	0.00457379359742766	0.00348055601139181
0.0142443412064463	0.00802278075534461	0.00366608541371403	0.000628237668504422	0.000929464214424827	-0.000640621575460969
0.0124448985220697	-0.00866729109067557	0.00285498003051236	0.0135235703521752	-0.0104527236914054	0.0205625877097658
0.000317296583410811	0.000866535065809727	-0.00317893354797889	-0.0108762300765164	0.00807963841875255	-0.00567444658268535
0.0165313136112832	0.00283677220611271	-0.00934972937269495	0.00400205447146123	0.00626726578693924	-0.00679046279458569
0.014349270850693	-0.00457246333345979	0.00675056142632854	0.0115051053543544	-0.00588235917183897	-0.000693308517493665
0.01353926944362	-0.0204742722256046	0.0211878898272782	-0.0220100639127344	0.0359426822543357	0.00650653875104122
0.0141843372303195	-0.00683445482510339	-0.00649138440306706	-0.00314418637960946	-0.00141798652031078	0.00343645194418505
0.00578647103137091	-0.00922257249458822	-0.0067089939611737	-0.0106895001225019	0.00548701555919242	0.006882880146867
0.0132779905515138	-0.00205889238524767	-0.00127306530087694	0.00708659997226327	0.00144220692126362	-0.00257583938791062
9.89179475803053e-05	0.000556975398571893	0.00331204635567507	0.000695516827512936	0.00930971274793134	0.00655670798032576
0.0125679330843513	-0.00333400457360004	0.00297394881921603	0.00807956401796119	-0.00623553900131906	-0.00406558693855858
0.000102105411814102	-0.0019968776513503	-0.00257121599908504	0.0095771693245776	0.00285045352372104	0.0132879076372468
0.0110783191091511	0.0044098305782057	-0.00964611258066299	0.00680680313528781	0.0158959545518653	-0.00400138588242799
0.0169531126600421	0.0151866549224323	0.00410024499772925	0.0105186591248865	0.000750258432998772	0.00812884657449346
0	0	0	0	0	0
0.0130342394870192	0.00128318245593722	-6.53170601960123e-05	0.00314398172827798	0.0205318378256107	0.00665390444133242
0.0119927809142275	0.0206300239050595	0.0171466471486722	0.00849769259421149	0.0288777773064585	2.53341804595363e-06
0.0113015194423407	0.0221192737408073	0.0542566407359238	0.0468031571353929	0.0050054145907957	0.0342241893640874
0.00917597410494782	-0.00204536665081835	0.00766372081448904	0.00508095982494803	-0.00953432239847209	0.00146879886681006
0.012279570909366	0.024567993748352	0.0225226127064741	-0.00226834591357402	0.000423658558042881	-0.000222844186957495
0.0152164223663693	0.0266631375003378	0.0218588610526732	-0.00547578080895817	-0.00846132432081662	0.000704094383298656
0.0134748168126506	0.01105512413745	0.00954788790920601	0.00488422631065586	-0.0224191085868894	-0.00560709996033521
0.00753538953666377	-0.00786073556492166	-0.0075665439419191	-0.0104914689686321	-0.0107261525339073	0.00582623071119349
0.00862881210612223	0.00626078596400693	0.0104258582173067	-0.00314613481979715	-0.00346617997816059	0.0122554581476191
0	0	0	0	0	0
0.000882309101095565	-0.00231492054710863	0.00745599896337291	-0.0264117443637269	-0.028914424066435	-0.00208124212659472
0.013955829053653	-0.00527343218706056	0.00825993637845243	-0.00916013779454246	0.00178627878534982	-0.00831789173740279
0.000908105300337001	0.0127961324554767	-0.000713463654539655	0.0157680510196241	-0.0103377115205451	-0.016932170323448
0.00288653721830787	0.00949229478578086	-0.00229289719971295	0.01306082281223	0.0233882993032992	0.0105954051926541
0.0135133807450196	0.00757100798668167	0.00229904771065214	0.0130593491311143	-0.00764755086484119	-0.000256620481511928
0.0119313491497333	-0.016635223583412	-0.00816471528112431	-0.00092330615299504	0.0222250734226733	0.000313802941068181
0.0154769442529741	-0.0361470166975378	0.00907614422874903	0.0220899435254226	-0.0328667597508094	0.0381444994110046
0.0118077111644063	-0.00244477996948438	-0.00162724937471447	0.0105634565388649	-0.00251048152232311	0.0125882243814242
0.0128874835266379	-0.00252282559760385	0.00977832882842767	-0.00551147370997756	0.0086274388421631	-0.000331962393793651
0.00688445951470726	-0.00620851461533221	-0.00122784579441526	0.00678822989254911	-0.0097125004470501	0.0172382829800508
0.0125438105174363	-0.00725977922558766	-0.0059460572751857	-0.00606484524841381	-0.00647999819830323	0.0095108986192309
0.013189181912404	0.00127876653835223	8.77458335230114e-05	-0.00356656617167697	-0.00164232041809753	0.0012247054778014
0.0153259199424676	-0.000847773833511489	-0.0332786570015413	0.0126750525677867	0.0106434497972134	0.00504817584516815
0.0155021169286349	0.00206178781250802	0.0139649511527031	-0.0210811527329613	-0.0135732252481895	-0.0162815520990413
0.0160119971709848	-0.00780043093421691	0.00106959908677208	0.00813922889680588	0.00154226707875125	-0.000570455175648707
0.012032335162952	-0.00219727054318935	-0.00831480023526578	-0.00631871714894889	-0.0176096271285652	0.0012246274054619
0.0117616009369189	-0.00531593429780921	-0.0113601434000492	0.000276438552860697	0.00924401080040847	0.0070401012667846
0.0116252961903977	0.0212359701698821	0.0204169898022201	0.0084388171737844	0.0191221342655643	0.00338338505627505
0.0126966759155359	0.0136557964598785	0.0212373022446063	0.0298075301357515	0.0430079941572331	-0.0028033852334835
0.0160145230941612	0.0179844281504738	0.00434933128407152	-0.00110860415075009	-0.00507347610398584	0.00015759976273254
0.0163522103709044	-0.00713743928918634	0.000228732880520805	0.000981232886045912	-0.00292620761374395	-0.0129630352977544
0.0135440146984969	-0.0150436309605021	0.00614209127113169	0.0151695284103017	0.00356214746029019	0.0133165938964468
0.00327895933915272	-0.0118372788917423	-1.46340457950027e-05	-0.021265691937203	0.0402369944511596	-0.033957090317233
0.0102251787212969	-0.0114701275640161	0.00123687011234685	0.0107209614229491	-0.0225402453184188	0.00847661318151142
0.00098021687516802	-0.0075025795487393	0.000573967433460151	0.00995969840525186	-0.0461424318943161	0.0218085490485411
0.0123697493431571	-0.00276467880409763	0.00021368597826943	-0.00607114968488998	-0.00543926108987363	0.00627379746307595
0.0119168834185423	0.0104941898459621	-0.0114227490772851	-0.0133316460597407	0.00184224892665797	0.00353682559131455
0.0178387740870469	0.0182029641080593	0.00593206777640169	-0.0193137270028732	-0.0205852738442673	-0.00626250499135335
0.0148262999945555	0.00756192705527558	0.00106461041964356	0.00659135319769123	-0.00191477648135719	0.0016176854724872
0.0115355864009918	0.000233879701078259	0.00753074047202281	-0.00503308197532099	0.00472039058952973	0.00387742570787086
0.0133199984102175	0.00163715534295207	-0.00193954340202319	0.0146680674251073	0.0192948343035765	-0.0153952918433935
0.0130657220138955	-0.00984281127599141	-0.00424266008576926	0.00593238035903025	-0.00486424974744792	-0.0175930262094434
0.02017738466345	-0.0517466753937342	0.0491399157120091	0.0566669552001542	0.0194285400237499	-0.00823291498996481
0.0205775827192452	0.0213868236210049	-0.0133786050009888	0.00357665218275547	-0.000731177548876405	0.0113670560739045
0.00739620816776132	-0.0119823075322463	-0.0174019446353793	0.0196563310597575	-0.0214744443070377	0.0134555740232392
0.00845928717233073	-0.00307286180041857	0.00120931819390011	0.00283866659548367	-0.00103216495353245	0.0290343578650182
0.0130808820385127	-0.00406463948766599	-0.00440836047149373	0.00380308994848577	-0.00901872037671638	0.0245764914756251
0.00998167989455935	-0.00116463741843197	0.0126002170707983	0.00067429038832063	0.0113971400946775	-0.00302413466897948
0	0	0	0	0	0
0.0116045765489946	-0.00590238526498212	0.00138381845201209	-0.00496003199404616	-0.00243962206458108	0.000835350527789342
0.0109570130421135	0.0041618542789974	0.00162257298126491	-0.00949131305841108	-0.00574860993605923	0.00680922437812847
0.00537539636900023	0.0161879872932297	0.000374625452260411	0.00680536597801687	0.0134896715708069	0.0260799442264519
0.0107595001678493	-0.00470615812005443	-0.00431599176297913	0.0302797045099938	0.00294640537055331	0.0266262117907858
0.0114733219323627	-0.01328978922669	0.00107980733680411	0.0215417755364756	-0.00355679333440149	0.0175371172185845
0.0117266844033934	-0.00613424263204471	0.00412925463452118	-0.00628011171560976	0.00645631741961042	0.00781230927213374
0.0125579008184949	0.00369650941860096	0.00489721113082092	-0.00775332227978384	0.00092816560481017	-0.00251811151287745
0.0120332564840932	-0.0199772258691732	-0.00550396015618377	-0.0246754216337161	0.011884014219989	0.0101508882331842
0.00981987219720565	-0.0212409183422635	-0.0142694565662631	-0.0193659992667325	-0.00916651860432759	-0.00322945269368379
0.0138325182492552	-0.0496751643574127	0.0760125845386353	0.0585518983175536	-0.0296635273986098	0.0371184290202652
0.0133656697190599	-0.00620509529488297	0.022888688871277	0.031735730664136	-0.0140644726975076	0.00455127566127438
0.00835291434222653	0.00947229492676064	0.00142479331170305	0.00946738121750327	0.0128055250869856	0.00164389859381603
0.00961302607118715	-0.0368679318150207	0.0260762992135607	-0.00591678657618891	0.012084468456995	0.0021118619271866
0.00620240114752945	-0.0196786601767709	0.00920716230999893	0.00219374257027492	-0.00150205129844639	0.00780641719498489
0.00179121550397819	-0.0233817500786192	0.026852037438456	-0.0344976757890498	-0.00678140735048826	-0.00211779397088438
0.000322757316057339	0.00178922463357935	0.00453026339154913	-0.00130528728888179	-0.036504857604359	-0.00302520871834881
0.000780829022132515	7.426817872613e-05	0.00476957509085961	0.00742052514289192	0.0210014708723619	0.0156041696115436
0	0	0	0	0	0
0	0	0	0	0	0
0.00483296658962435	0.00166727985068353	-0.00508977571281427	0.00390399375017292	0.0186881459979244	-0.0030988367251006
0.00575193424491633	-0.00873305870589955	0.0035435034167549	-0.00997552646617138	-0.00433806666021371	0.00477547011102724
0.00149841627578646	0.0050234902128955	-0.00823587427808982	0.0210795280455705	-0.0252810301153996	-0.0403439781399494
0.000252105102695279	-0.00150053004283705	-0.00455512178224198	-0.00013473183746302	-0.00751808124814436	0.0241471581487577
0.00377889234236961	-0.0188850663549902	-0.0112601659147681	0.0171807220922366	0.00142841651218723	-0.0184255812802891
0.00247437356043716	-0.0112626744293474	-0.0067477491562822	0.011114207412554	0.0217086033645263	0.00527296853053323
0.00649065085361145	-0.00151956284198753	0.00198871975161563	0.000812993184354631	-0.00574289634799437	0.000368714742557101
0.0128606342732168	-8.6198841313943e-05	0.000730608512056993	0.00162462537096749	0.00566837786569694	-0.00969360856544411
0.0121188999176547	0.00566215812098791	0.00216641975364157	0.0101173629915184	0.00370187306686218	-0.00446750101177563
0.0106955276496496	0.0135370083285767	0.0224812126919938	0.0430619371324815	0.00235230006121552	0.00539759236637808
0.011919737524685	0.00167827139941222	0.00442482521304772	-0.00249050420862871	0.000791392851880108	-0.0064824555922622
0.0169438812380634	0.0154505026047295	-0.0199268681391414	-0.0129799870921455	0.00337652395857226	-0.00251267769230357
0.0148240541993909	-0.000538081514129807	-0.00290826808732207	0.000441231561782005	-0.0095724174464256	0.00456514467558716
0.0112889000751573	-0.00847960035883468	0.000125258567163179	0.0037327008903192	-0.00686236868861877	-0.00121343841027923
0.0118320559678745	-0.0187372968261662	-0.00246820038484324	-0.0119467444222121	-6.26714448237128e-06	-0.0016700899733103
0.00562319044249406	-0.000401058625380758	0.00224297785639157	0.00484364064184704	0.00162919950322575	-0.0100491895817197
0	0	0	0	0	0
0.0130960015990284	-0.00233045181065214	-0.00371199458962649	0.00500661254459493	-0.00098331233380181	0.00378099471773483
0.01074102784957	-0.000246969577720477	0.000886500448318937	0.00574093077472783	-0.0184749532809715	0.00142130497206707
0.0121284427981149	0.0162971674445064	0.00702743926163514	0.00760908598205911	-0.00292166208162253	0.00544676656447784
0.0166027070030787	0.00405488582416843	0.00151241311978049	0.00508460059332624	-5.24088035541281e-06	0.00435747424038976
0.0151555928030864	0.00448394859980291	8.37825651403478e-05	0.00159179645507764	-0.00550905991925151	0.00389507799434664
0.0117283214236452	0.00353079591265339	0.00434518207246617	-0.00179544214961545	-0.00485512745107309	0.00371487383386103
0.0127048468507672	-0.00423785405403558	-0.00978861610561322	-0.004681774405943	0.0101740597020282	-0.00606599668401231
0.0132214184847255	0.000521385763229079	-0.00492275759515623	-0.00872187851101604	0.00525776566882384	0.00333561288032789
0.00929676073269666	-0.00142100937637525	0.0153524733044503	0.00278857846247289	0.0220629769989637	0.0110488979934705
0.0055191691795155	0.000517806665279244	0.0155832926441694	-0.000463289637535142	0.00882090556282446	0.012202742516631
0.0147763716388262	0.00475791865112633	0.00221739186573458	0.00448718478203536	0.00264142630152566	0.00135506815128379
0.0122493483396691	-0.00589137869722801	-0.00724374590916279	0.00336674656035675	-0.0112963005905292	0.00187856272175474
0.0125917287771827	0.00480530094461135	-0.0293532623545105	0.0176380655085168	0.0148004313028276	0.0107998976256377
0.000525509508223247	0.000279132801347154	-0.011885105864148	-0.000896863346873849	0.0015129805649794	0.00519029857435324
0.0165036218126966	0.018270544112645	-0.00255331956550175	-0.00245821445369362	-0.00329468035393077	0.0160087244955625
0.0133756161284941	-0.00207435289530875	0.000614694753122499	-0.0011888960550219	0.00654867289778363	0.00715727084156945
0.0128025443041415	0.0049756178494384	-0.00150703257036635	0.00328367667199435	-0.00893120368978197	0.00423137475870598
0.0137052267805695	0.000339304174548979	-0.00270965709646437	0.00497622896147232	-0.00397618966086678	-0.00503411861833995
0.00763213826219857	-0.00408189767879477	-0.00339154831914154	0.00160234619304169	-0.00570733594119587	-0.0107607147786221
0.00964686018621837	-0.0175313590045416	-0.0294836543022048	-0.00576229275809109	-0.0140533433180381	-0.000870943631428599
0.015375202239372	-0.00657917080456327	0.00079772876090556	-0.00463577428417103	-0.00323670767164148	-0.00101982415136785
0.0140162409989643	-0.0189064978644869	-0.00736002278734117	-0.0347542332695972	0.0079832063432474	0.0186967492016908
0.0128759463532721	-0.00256985267810891	-0.00951450240287809	0.00326847885566162	-0.00471405554894332	-0.00762459343739284
0.0113081932556372	-0.00778878090447914	-0.0231764324743987	0.00524673858628482	-0.00406936399644889	0.000776591762736424
0.0048251647498811	-0.00167118855342817	0.00182211967545367	0.00112939532789836	-0.0138736453149214	0.0134193838387356
0.0147150271836203	0.0220479176574271	-0.00838867416397706	-0.00134672311601052	0.0168323665738481	-0.00669437689440358
0.0124981878038961	0.00285812490455994	-0.00851691374907083	-0.00100123070199582	-0.00736124509880531	0.000224817442225789
0.0133255435522041	0.00298718665156953	-0.00179761922205614	0.00511025163216226	0.00228097847918749	-0.00216799510147472
0.009770033197129	0.00123157299649876	0.005280576954032	0.00207388507712621	0.0051888563188732	0.0053437549434002
0.0141714861966629	-0.00174590013656725	-0.00109392845396138	0.00558459737293917	-0.0023266033853183	-0.00349881299353791
0.0134324358697761	-0.000140679697428744	-0.00246770261975021	0.00137998271164924	-0.0124990720034031	-0.00626986946594496
0.0136163649596939	-0.00220326903910223	-0.0144092795898581	0.0014532844737178	0.00353911469101911	0.0042916880937066
0.000107667095287152	0.00312167633814495	0.0041292019344585	0.0130759808792264	0.00523701630449759	-0.00829959027996478
0.0033106624093097	0.00512003076038366	-0.00557583318923361	0.00170315586931314	0.0230776661481432	0.00621805012380384
0.0115797987872493	0.00162218937994594	-0.00372271727139834	0.00858243590349502	0.00901693955399158	-0.00458162214717275
0.0147310388460681	0.0110136230488824	0.00945919904079049	0.0203990460697724	-0.00625067434239382	0.0085422794644848
0.00215382162791758	0.00973909897227495	-0.00505667810277233	-0.0032299059328667	0.00697800887543894	-0.00258426325807458
0.0122845806265856	0.00175256413450903	-0.00260120557817199	-8.59931673756109e-05	-0.000618161461420689	-0.00237677703179543
0.0111481287094818	-1.72380210235754e-05	-0.00312332995002348	0.00146481198565521	-0.00396204160810943	-0.00716495093852562
0.013117660998496	0.00878221994078757	0.00511397155458961	0.0108813696134369	-0.00697002780550408	0.00535926754748248
0.0133120561427979	-0.000905733111785341	-0.00347095857161473	-0.00494419841591839	-0.013714030852713	-0.00337850987023157
0.0107986040952519	-0.0192629953172519	-0.000751828122160934	-0.00670759993075844	0.00578590602157496	0.0141845472611941
0.0126860666473109	-0.0164235936584347	-0.0231531469083626	-0.0127005258919362	-0.00162616212098572	0.00652586900814731
0.0162113675933698	0.000876279947174876	-0.00226956859355598	-0.0111344032659701	0.00155990164850007	-6.14901541649993e-05
0.0161605604092749	-0.00469573094904864	-0.00292323407899668	-0.00379314432237261	0.0139536553928437	0.00628819106575206
0.0152501835761231	-0.0644884412563013	0.0334470656501413	0.0496110186112607	0.0222073740646344	0.00157778486935236
0.00356921102862262	-0.028092444328143	0.016565284894448	0.0529292352701335	-0.0267456396463972	0.0318875236856447
0.00994128448232324	-0.000652557897865726	-0.00649216536225713	-0.00475086803205197	-0.0171933825821414	0.00052614984763767
0.0140953363325841	0.00639365952486158	-0.000797289410320575	0.0106698729934523	0.00286636695161625	-0.00354071211407046
0.000276433286636706	0.00151524065087203	0.00449808230588631	0.0298326665266955	0.00438887190630823	-0.00483638908242418
0.0153532097046569	0.0176272383284859	-0.00305880034339936	0.0140064706641035	-4.95948652304724e-05	0.00587389874344781
0.0136570422585248	0.0085988441649349	0.00645016515577725	-0.0106786744781307	-0.0130664236329125	0.0121856343467522
0.000591511652526599	0.00354301573058875	0.000168941614417065	-0.0213422926083872	-0.0141878351810895	0.0153088974766706
0.0155830468344017	0.000377277936573839	-0.0170692557514995	-0.00901732897422628	-0.00366225841113711	-0.00441794387019017
0.000384460768916447	0.00501989372734433	-0.00608652623400762	-0.0026529450529619	-0.0135706090601729	0.00473323379228594
0.0103910938164458	-0.00859902070556121	-0.00541183873850632	-0.00499422654651865	-0.0120747086709073	-0.00472898062091653
0.0148795447848395	-0.0110103464114696	0.0053846244449623	-0.0119000228703872	0.00267448568109306	0.0005346388196854
0.015105887442155	-0.00670157443263631	0.00849359787115767	-0.00238152406871017	0.0024464222151429	-0.00316956069025736
0.0151912228476013	0.00838519218252629	0.000282593464671269	-0.00162352136078229	-0.00867425512855712	0.00931397315170916
0.00964047178502915	-0.00279452882563944	-0.0086464294606652	-0.00439133731121892	-0.0164626820682047	-0.00441718253119293
0.0112646457233682	0.00483771946764311	0.00422247827060304	-0.00143407351634702	0.00414543005318089	0.0115579649702027
0.00301446734941543	0.000978789945359014	-0.00532604202457461	0.0151447980418524	-0.00760370175391889	-0.00455064729969819
0	0	0	0	0	0
0	0	0	0	0	0
0.0164923685108304	-0.0101095410594327	-0.0103550851071158	0.000196926887364214	-0.0138641222870209	-0.00536708186717618
0.013997629292305	-0.00565561548601792	0.00514637953031928	-0.00855234241909094	-0.000125283856196962	0.000632920337572034
0.0165615548965337	0.0165458553019146	0.00573591012309683	-0.0118343013931568	-0.00483649775060582	-0.00366093940556002
0.0059075650971529	0.0159959876600147	0.0197756297615319	-0.00836444338024027	0.00333901863441128	-0.00572964098838882
0.011289364820088	-0.00791169379932584	-0.0144089057064941	-0.00700553648240785	-0.0114241751672205	-0.0127821200323344
0.0167092362950041	-0.00626344134992774	-0.0150658889868425	-0.00437306938693039	-0.00828541707229671	-0.00600696885073317
0.0144413097754147	0.0112797961662846	-0.00238444991421041	-0.00463687947654946	0.00501570770713193	0.00632368466576202
0.0128980613178039	-0.000902201018353229	0.00355372460137647	-0.00285919574968132	-0.0026804926110737	-0.000371172518385699
0.0139833929734146	0.0109013405969903	0.0249850324149592	-0.0191592222945621	0.011078378125156	-0.00033996700685982
0.00792374351423968	0.00417614395519892	0.00638177597756951	-0.0121885103226399	-0.00143760666126724	0.000912412534045719
0.00477476510594687	-0.00534215833963257	0.0164498319276632	-0.015481284213253	-0.0121639755882671	0.0254266767507756
0.0139451815991734	-0.00439905989736704	-0.00584897630309199	-0.0062213606085765	-0.002610940060091	-0.00463331447616039
0.0129564936747779	-0.00941271690606367	0.00878532610264616	-0.024814137269918	0.0112696414507749	0.0064840425815393
0.00978265938763954	-0.00625395737930613	-0.0136104383756339	0.0251916328211096	-0.00580513326138581	0.0117644389214689
0.0130834181282163	0.0100813496451174	0.00436217405512976	0.0115717430716651	0.00564821217952567	0.00711184891304355
0.00462330572171608	0.0101438702149004	0.00989952733890481	0.0227669292448815	0.00600251986164641	0.0183394985660873
0.0120597037773407	-0.00105158123987342	0.00165446539722146	-0.00602521611278062	-0.000570846046067267	-0.00313953407350943
0.00940223209002537	0.00119743962543502	-0.00626022354783125	-0.0122285691892452	0.00286826007505654	0.00975948556682483
0.0107276245833985	0.00657374870304411	-0.00224434753298782	-0.00417648026445799	-0.000465353735295452	0.00992398704743602
0.0160560565344136	-0.00253616328771181	-0.00178125220198232	-0.00219870995931135	0.00753677954202963	-0.00166885799257462
0.0135996330342868	0.00213601250233082	-0.00133419839972319	0.00369051130660769	-0.00302198464709085	-0.00214538313030446
0.0124848574332538	0.0267010030020772	0.0158662370976052	-0.00700947147734377	-0.00126687349787068	-0.00140633078975658
0.00845731122380563	-0.00189241262141721	0.0114297456104103	0.00397416447910142	-0.0163619655354103	0.0122563695667345
9.12376628367421e-05	-0.000422981950708437	0.00257559733831107	-0.00430232751611409	0.00576152762896327	0.00766027910990872
0.0124044481695527	0.0164946744854924	0.00673917502010705	0.00467926598660542	0.000658102161174454	0.00523588286595658
0.00890111299702061	0.00293515676628463	-0.00566863943245194	0.00504601071587716	-0.010942566716433	-0.00219808787852703
0.0144493047224787	0.000419895747740485	-0.00150815632775284	-0.00622238560710752	-0.00380741530043955	0.00318356353807008
0.00969154548598238	-0.00181702587225298	0.00307222758309271	-0.00388392598790592	-0.00963934670287402	-0.00585599678073025
0.00593148088668771	0.000602073140440713	0.00281630554720443	-0.00683645639395799	-0.00933170962636141	0.00827101637088904
0.0129612581349468	0.000615643917482518	0.000699175697493022	-0.00386791453501013	0.0014465206389587	0.00656823117906512
0.013200247704784	0.00539705515233413	0.00135190556404004	-0.000854308793761405	0.00569742486813242	0.00538962252937036
0.0105962134492572	0.00716808894716037	-0.00325640954632423	0.0335939535191429	-0.00920152245511694	0.024865275483549
0.0139205660780252	-0.0133379369887006	-0.00849951749176244	-0.0064747192119291	0.000751216018450682	-0.00552301519111395
0.0135384157080418	-0.00784951318356657	-0.00829713228271397	-0.00860880614270889	-0.00957754960809962	-0.000207088938275135
0.0125653333891912	0.00200125072319154	0.002059810047051	0.000410375636495957	0.00358452142866985	0.00480729333939766
0.00136155235916301	-0.003318701650355	-0.0178313403554641	0.00803376184358094	0.0119279247300722	-0.030581259562943
0.00508535971644442	-0.00470448165210562	-0.00531849693582721	0.0299483824341859	-0.0101365690975918	0.0152462971317729
0.008140615176816	0.000871105557550335	0.0141709398226884	0.0212086550638984	0.0122368196483556	-0.0144257021463131
0.0151961994756451	-0.0268692058851917	0.0155393520588607	-0.00940247443587135	0.0409699784483943	-0.0121276943039613
0.0122806290512487	0.00521904822210242	-0.00354401821831743	0.00341660267567745	0.00351486596414575	-0.000102362473935465
0.0120829685465043	-0.0134173167867662	0.00334358847309577	0.00861552076957531	-0.0195656868187149	0.00564843770184043
0.0111771479076969	-0.0116408382588357	0.000614982101892161	0.0126210541933489	-0.00590780266640646	0.011802185737053
0.00117632754387247	-0.0077033974371108	-0.0034022684847399	0.0109317232709456	-0.0256516033234794	-0.0277946572374792
0.0136502467426249	-0.000412095097966607	-0.00286168877161543	-0.00792538530337288	-0.00252633563600453	0.00624517754357384
0.0147445203710574	0.00217402493074827	0.00633682532673801	-0.00437778396150974	0.00658154308687043	0.00514815190448832
0.00654351272757509	0.000499959289082396	0.0120335825061766	-0.0122837902336813	0.0045080842721136	0.0092620157654152
0.0146688327226354	0.0138220071444788	0.00284710213492829	-0.000985288219272401	-0.00195680925035649	-0.0112614675006515
0.0155541814728706	0.0299420203706249	0.00256810144409064	-0.0158223553727665	-0.0112874853732897	0.00929359873927195
0.0112811252170454	0.000966852514049048	-0.00390368236412626	-0.0104699942912725	0.00794605150633284	0.00942421994033024
0.0134016309496712	0.00327777794870419	0.00150157563788752	-0.00345037932424206	-0.00412598165780544	-0.00355044219231522
0.0118689266633372	0.00645790976126925	0.0133727268908858	0.00199674430144665	0.00889650226939808	0.00689121911359379
0.0134427717663949	-0.00141994775054654	-0.0358158991310994	0.0156856112355708	0.0106782172148249	0.00621051461562884
0.0130208212119424	-0.00119200078291113	-0.00241566378124869	-0.00693392128969792	-0.00198643964192642	0.00907151789521587
0.013494154705952	-0.00423320183151795	0.00313293454589214	-0.0107363658995842	0.0071172135586018	0.00692890669861192
0.0141559947957261	0.00400368602649167	0.002939426359945	0.0016529762033456	0.00625020891103095	0.0144359042609313
0.0146046054836928	0.000792572288850143	-0.00130838685905461	0.00964153321691573	-0.00193521801333429	0.00196658900945015
0.00327853444413782	-0.00378788588914788	0.0164767806053721	-0.0345490801694705	-0.00926566058716771	-0.0188881906838152
0.0163491580482822	8.90509778518102e-06	-0.00336767521331192	-0.00203219492495558	0.00300596572434566	-0.00436505948938531
0.012701199092745	-0.0019266969060205	0.000114793155452152	0.000112233154715267	-0.00503178016781498	0.00494760215802356
0.0152893979554535	0.0191475511925794	0.00522910390223343	-0.0180814275793928	-0.0142183718608771	-0.0075016316851059
0.0132322462136652	-0.00695184410950482	-0.00135565093182726	-0.00245794620326076	-0.00961911258968729	2.76138277407398e-05
0.0141864469432737	0.00334121973080324	0.00704521760605644	-0.000271932050943102	0.0157762387584349	0.00362659721643896
0.00513574410879069	-0.00207987714082804	0.0018826371880697	0.00524731280013656	0.0169430587024215	0.0300235066468638
0.012315590282868	0.00147539525640113	0.0109405131117785	-0.00587086768369153	0.0253260359565132	0.0125607525944151
0.0133574637717962	0.0020219852216606	0.000239397067964487	0.000275131262622273	-0.00183022476014679	0.00205488489941402
0.0138573051924772	-0.000308028861698545	-0.0296673254628564	0.0195260536566547	0.0188041437164292	0.000472372618457816
0.0107377193743733	-0.0010205953381602	0.00329856048087385	0.00465224702753422	0.0147603246405048	0.00535827840490963
0.0107234197998866	0.00257742330429449	-0.000290006817897024	0.00892673270439912	0.00888153105654368	-0.00874372200308403
0.0125232246488892	-0.000870650598661426	-0.00304071732553169	0.00613945051902199	0.00102446488885095	-0.0138165293923838
0.0150392183672067	0.012639338968796	-0.00277619773926369	-0.00185505797376474	0.0118374348098112	-0.0160990979214926
0.0124450477626264	-0.00491728390632056	-0.00325007962121266	-0.00670538898654635	0.00163327243507835	0.00579721072452855
0.0180473681643952	0.0191714795769335	0.0026636726876136	-0.0151457950714387	-0.0170024799781591	-0.00260882964599501
0	0	0	0	0	0
0.0142404928027816	0.00611375642580261	0.00382444142945855	0.0111659499346406	-0.00717273476805467	0.00931018412034445
0.0149662976676835	-0.0158277069320704	0.0203501733218693	-0.00730846182338915	0.0171481447741447	-0.00444438624637799
0.0129407893456863	0.0328551535363287	0.0309478161105829	-0.000849426550139396	0.00594941821060475	-0.00715153900317658
0.0122678763057636	0.00150571932013562	0.00135369019965052	0.0138392639596076	0.0207775254284892	-0.00283587032202854
0.000299226623805171	-0.000704127986389685	-0.00359325045501438	-3.44894594956919e-05	-0.00401072621852738	-0.020833031247824
0.00557163514971235	-0.00400878953912166	-0.00358049051070002	-0.0144781814712651	-0.0173074050638252	-0.00251930995832705
0.013352682988565	-0.00169808842434035	0.00348098674611827	0.00533062899524094	0.0137469767235664	-0.0097741885693211
0.0118634158017538	-0.0100213327674579	0.00443316135875373	-0.00557892350608295	-0.00291130553359005	-0.0193771493193995
0.01404508382424	-0.00435405583744591	-0.0138222669001878	0.00323121255345629	-0.012026212832677	-9.76867094107173e-05
0.0138137273054987	0.00206574437838617	0.00176330177016438	-0.000285659396137157	0.00253577701162459	0.00430723665756463
0.012078712021151	0.00253821773390047	-0.00129299954861625	0.00431207622401217	-0.000383907742229246	-0.0025461962454973
0.0138156608856522	0.00222640047984922	-0.00132338802445393	0.00328551208579767	0.000329121162331373	0.000949490721485684
0.0128447857947109	0.0195357773258689	0.0144370042966277	0.00355977676930287	-0.00750468606757571	0.00356932487991903
0.0134174294107576	0.00286798055009898	0.000888610127238828	0.000708941454885025	-0.00269151173115116	0.00635267335146913
0.00762328288784197	-0.00213158279193154	-0.00319942698814077	-0.00558798747006665	-0.0116017761112964	0.00570204962146737
0.0111001162950641	0.00170705404037314	-0.00160688999337339	0.00152766543250927	-0.00781997460354759	0.00276032352840287
0.0139044815379855	0.00231106837769056	-0.0296231949837576	0.0188489826664784	0.00995536962949609	0.00957357830623984
0.0143804534303451	-0.00217057356521477	-0.00854906021912163	0.00733660644157158	-0.00884046111368169	-0.00671097926343981
0.0161940420228478	0.00565792657994027	0.0037626636873868	0.0025947735388441	0.000829923035051675	0.000971837151513283
0.0111451858470504	-0.0206648592473875	0.00139049206271235	-0.00118907418036917	0.0280169182061487	-0.00576418916339084
0.0116328835558195	0.0163273744746192	0.00827332171205186	-0.012617013077563	-0.011079584428083	-0.000419092633447963
0.005280050751042	0.0189714211484921	0.0144562907720388	-0.0270043034756139	-0.00377074222549408	-0.0186826723178467
0.0121505740752964	0.000187120838850661	-0.00506770459980474	0.0157859786685156	-0.00193800033122802	-0.0155275777982315
0.013866618018304	0.00123209779341902	-0.00142027912130527	0.00398249539677525	-0.00103504216745306	-0.00441069985334045
0.0122944397216695	0.0201404627096879	0.0165663526540706	-0.000405524269699666	-0.00623153263044782	-0.00190124985906503
0.00579191222126609	0.000840931538167358	-0.00403686123591458	0.00995069430666612	-0.00502504582767437	-0.00725552617516331
0.0124446822778268	0.00176979871455592	-0.000890231391765915	-0.0108839565868781	0.00181341407703236	0.0112233972421434
0.000221798806949826	-0.00386163393961055	0.0032379370370354	-0.00188434510964001	-0.0146204252569584	-0.0258285057270834
0.0138553329858081	0.0136670706505163	-0.00682958005023225	0.018006195292346	-0.00600573400949048	-0.00588380022132571
0.0135051045861571	-0.00808162740913683	0.00913077068131172	0.000447801447134079	-0.0130633984929222	-0.0198560863777327
0.00171688144516535	0.00358846771160401	0.0047407684974862	0.00998655551791823	-0.0160405137841992	0.0107810236082246
0.0139576445726313	-0.00102877691369421	-0.00337092603469708	-0.00401898107360748	-0.00219254281780565	0.00635663764815677
0.0138749358648311	0.00217755897136728	0.00165590879969938	-0.00817539163489201	0.0118230652900573	-0.00357301286994821
0.014006797483674	-0.00449301814958758	-0.00691041436898593	-0.00601655658003083	0.0115825779357203	-0.00477031161759527
0.0145067507746044	0.00743841571662605	-0.000217246712541766	0.0121193958405658	0.000928847422288974	0.00163183672134889
0.0128657063444229	0.00140261143847313	-0.000554718520699192	-0.000561947544494499	-0.00860983790205128	0.00261573552014378
0.0121415124289777	0.00284025788233077	-0.000274170876765718	-0.00709781368291231	0.0127730240466371	0.00397644523339647
0.0132111242024225	0.017179679259111	-0.0605828176206857	-0.000630366725029401	0.0216452045596798	0.00253879277661017
0.000336686471344279	0.0014151937165635	0.000834977607090094	0.00969143413447844	-0.0263368456510634	0.0246323993689086
0.00293680367022977	0.00694666571246353	-0.0359344790348584	0.0092423753053346	-0.0273752145811975	0.00444625908734169
0.0133388260511921	-0.00730709757296742	0.00203733731833368	0.00199469836583662	-0.00480130734140958	0.000235590645525173
0.0135930956288483	0.00303800877372483	0.00444095464498112	0.00408261883853459	-0.000221325255390979	-0.00472886240369446
0.012225714338539	0.00414538074608169	0.000910433238465201	0.00779764565156095	-0.00126964705221776	-0.00287768572116782
0.0141376555760997	-0.00584790894281568	-0.00979993354925583	-0.00431757224421263	0.0120320419929626	-0.00509185553173789
0.0120836417406785	0.00128791449252444	-0.00497076608352805	0.0014563366151008	0.0106996997274245	9.20276630421084e-05
0.0139871225758232	-0.00574743894141343	-0.0068758704574636	-0.00129630284667615	0.00367278860880939	-0.00188029636106374
0.00985646943631645	-0.0140299204138322	0.0153655555191628	0.00788605389926935	0.00646089461850876	0.0117829110521395
0.0141700136751093	-0.0199866113425111	0.00608861479460847	0.0104831961307615	-0.0144017980680783	0.0152260305067807
0.011832441370674	0.00124276701562129	0.00221725902230953	-0.00312221483782436	1.24921089808029e-06	0.000254544991132392
0.0135818856226891	0.0335783839126187	0.0240148794628534	-0.0123851462870361	-3.68035827208804e-05	3.13748154347811e-05
0.0163582755921914	0.0074544768886406	-0.00154059926556716	0.00989644168174595	2.4648582898291e-05	-0.0257669012261168
0.015794833229865	0.0182308842924572	0.00372701802569228	-0.0146324720110288	-0.00872685889931602	-0.00613001175328814
0.00555679613680272	0.0127186059768258	0.0107890386730454	0.00445290375764606	-0.00715537656684868	-0.0111239617701722
0.00279279944887317	0.0196584409370104	0.00952965068907575	0.000964923932431245	0.0109371438686826	0.0162828586470164
0.0109541760861489	0.00106246578364241	-0.00417909723117582	-0.0136997638146692	0.00370065410311823	0.00862071451884924
0.00638502524404533	-0.00575120524912738	0.0020123582697023	-0.0192931337971653	0.00622183468154142	-0.00435709069783489
0.0137114197781154	-0.00276025099009964	0.00362094244823491	-0.00722791820204678	0.00250102425809309	0.00491194210282307
0.00138188615954017	-0.00331232296446615	-0.0140408938395532	0.00078809436447104	-0.0142867096974763	0.0086004576118322
0.0120513114727581	0.00523155031020511	-0.000866586589382777	0.000703281710759459	0.00353261218039172	0.00421650308854992
0.0120127972775491	0.0117923910370469	-0.00563590138992803	0.0111195596292961	-0.0138692246714013	-0.0039119981718005
0.0010248577085097	0.00155737481700788	-0.00519101058436905	0.0146490126124741	-0.0175716953067805	-0.0134840565666237
0.0117722297374944	-0.00350349931700378	-0.039663955371161	0.0295410956163753	0.00842688309521194	-0.00422418677428161
0.0125559870539514	0.00858150483420627	-0.00495223246045915	0.00133767002668428	0.000257570497595612	0.0114764552135097
0.0137814985508383	-0.000550597639105632	0.00169027689179301	-0.00779200586485721	-0.00460552578207348	-0.000763800206662333
0.0129159240019949	0.00186744836425821	-0.00665926799271644	-0.0039246556929659	0.00426318315175688	0.00054264201858552
0.0118211981644691	0.0106276938351021	-0.0185067052333395	0.0099556037086399	0.0119393992862599	0.00926723196232974
0.00982101681197261	0.00624764190887468	-0.00627740094113175	0.00114515808526678	-0.00969804292077107	0.00197013389021885
0	0	0	0	0	0
0.0182035838934203	-0.000801115382073765	-0.0202142477261013	0.0118465078025244	0.0134901965857557	0.0156095398955843
0.0122442091612957	0.00644146681747062	-0.013043397716519	-0.0102248815512825	0.000919007020002455	-0.00148149045001761
0.012341621869716	-0.00203925737768783	-0.00408477199020322	-0.0144850204191774	0.00836944322428253	0.00180305695518399
0.0131137619557479	-0.0142789918758483	0.0044980929847021	-0.0169254209468936	0.0109470468486644	-0.00757296534714835
0.0129812440303401	0.00280019029355205	0.00407876266558026	0.00465656986031692	-0.00725836018740388	-0.0040177368815576
0.011593327453695	0.00334522394439526	-0.0021259505022696	0.00151337168910086	0.0114643671171586	-0.0010547703117991
0.0142961752696335	-0.00241146138098987	0.00536866883252683	0.0175535347946092	0.00379518095392787	-0.00533207569649877
0.0201606037898057	-0.00321823140492028	-0.0081196385272127	-0.00426712847534857	0.00909972720291162	-0.0135366890618065
0.0141449038593745	0.00230749644938768	0.00329613643367162	0.00833007594893193	-0.0121564820745543	0.000930144564733663
0.000186060307145748	0.00065654260602196	-0.00501041133389663	0.00312071781285636	0.00614044303374642	-0.013973130873631
0.0115633422992362	-0.0115719740322414	-0.00712799294983938	-0.00763227835246653	0.00120963103996091	-0.00498173603030078
0.00816822992788768	-0.00395182500549402	-0.00157071082791128	0.0221891291457918	-0.00395435524386425	0.0124018729721315
0.00731816161423141	-0.00635991206114039	0.00258355609067743	0.0220852769326835	0.0102094213491717	-0.00172253212117719
0.000801956878217163	-0.00348822328563378	-0.00280250427738818	-0.00242199427509922	-0.0266935354883338	0.0041012296863295
0.0124410156031368	0.00587462889909288	-0.002337456649685	0.000156935227286568	-0.0162176588603724	0.00265083984815415
0.0133676514009258	0.00719257488226726	-0.00184140401164773	0.00568531139336901	0.00834369537807997	-0.000786230158338814
0.0165128771746072	-0.0031504267913857	-0.0012962023929276	-0.00327127338519087	0.00289158002544751	-0.00310480428061821
0.0116649403166926	-0.0114250270203947	0.00481501578244298	-0.00686915659518645	0.0164926191569696	-0.00708486107518842
0.00256191692856453	-0.00882871219731532	0.00803971429513791	-0.0169381965877015	-0.00316430635869848	0.018893143335911
0.0126420644941114	-0.00266394046639963	0.00427379199709989	-0.00569226165271102	-0.014863800843556	-0.00383483927533717
0.0126795215349783	0.00317349246307789	0.000967915516889752	-9.69733575648612e-05	-0.0136845365720103	0.0053302028177971
0.0129763053075602	0.00639743579934272	0.00010467514469277	0.00117772872235293	0.000736207699942107	-0.00447136911605974
0.00944626343518347	0.00565953896815104	-0.0012795419547754	0.00483774559369965	-0.00477828162575089	-0.000475264055948949
0.00273946427719426	0.0120373671462821	-0.00411464385161831	-0.0120773601545418	-0.00663549253700383	0.0159961404666865
0.00993815747099275	-0.000198075767539569	-0.00970964190135692	0.00666667840406005	-0.00934432934653648	0.000562867455818883
0	0	0	0	0	0
0.0144903520882652	0.00179005640739456	-0.0258725646524932	0.0146844438131896	0.00907712315396695	0.00562523710511135
0.000715228322101411	-0.00470041527251095	-0.0133835344158451	0.0133628381175794	0.00752240421130888	0.00838604228158687
0.0114163491399299	0.000770391598749755	-0.0132754610206232	0.00257270700741778	0.000806067351311992	-0.0120767862324275
0.0131477235027203	-0.000666675799003803	-0.0126899361769242	-0.0325107433843428	-0.000761366081949145	0.0100805714526649
0.0164523465788072	-0.0285641498349449	0.00259018818928984	-0.020994599745171	0.00145330931185963	0.00403205300596972
0.0136849124508871	-0.00406404572042941	0.00426729808891805	-0.00167129136509456	-0.00356723039933517	0.00710143509204922
0.0140051350863653	-0.00941511360624112	0.0090513798561987	0.011497142685786	-0.0020524622823356	0.017494938716311
0.00336040948357707	-0.00376959517136979	-0.00725901491521793	-0.0126735185192787	-0.0302851955465291	0.00618527088964049
0.00687289534324765	-0.00316808435641327	0.00146516614367944	-1.12583757408708e-05	0.0203455751209374	-0.00629543016810659
0.00626474397706293	-0.0140589460506664	0.0153358487665559	0.000281840815295699	-0.00882588220243856	-0.0197666461320079
0.0174020486336219	0.0189441329473606	0.00145213577446657	-0.0182815495226187	-0.0123582512510282	0.00312360090321104
0.0172204204753849	0.0159277119559682	0.00231236723856171	-0.0142811928604764	-0.0163047230650391	-0.00340029152105829
0.0118107326991857	0.0288855586093525	0.0310776453795338	-0.0163549330868744	-0.00614522020841988	0.00585903613190086
9.49198044772884e-05	0.000737991290346663	-0.00257857889993102	-0.00201062157871486	0.00298107511631275	-0.00787827302658877
0.0134305713188625	-0.00262226793023578	0.0359680512543578	-0.00340503405213149	-0.0156111517065782	-0.0430483593990513
0.0142009661533702	0.00394724272253221	-0.011436139831678	-0.0139158786270232	0.0151714255983097	-0.000890382537571041
0.0156317720037458	0.00595761655642328	0.0118408631524522	0.00745453159257947	0.00622144492325131	-0.0101565435333897
0.0122920411218602	0.00265830278307061	0.00297423916967604	-0.00165799805503016	-0.0074890404853308	-2.40432885509725e-06
0.00318497874472268	0.00231687109095164	-0.000835668766912063	-0.00138451425262648	-0.0107009601283682	0.0149595410114398
0.0145770569599987	-1.71957880784868e-05	0.00175000981583693	-0.00139131809474606	-0.00359928488587254	0.000389484588533082
0.0151241523158786	0.00253008241861059	-0.00692388836910035	-0.000298892143783075	0.00290439444625049	-0.00463688224438479
0.0129224275304389	-0.0158095207635471	-0.00883989915847517	0.0280934376341487	-0.0069069385554925	-0.044724033464249
0.0134663472899928	0.0040233350373225	-0.00387210755777221	0.00383046833387286	-0.00574528472791974	0.000949962493118535
0.0143712668142311	0.00102486340335497	-0.000345890401538128	0.0079288508951597	-0.00571985485261406	-0.000335426897809929
0.0106846206875594	-0.00110786992377611	-0.0056293836425662	0.024267362815197	0.0227990661773647	-0.000272946847325852
0.0114359931890381	-0.00439076862529924	0.0108876190016682	0.0106022861817913	0.0139195044743445	-0.0110707933374775
0.0129186218658235	0.00608637557189124	-0.00230022889237547	-0.0103754235316616	-0.0166421088633607	0.0123757477407054
0.00432967428977851	0.00258863534623384	0.0118709931149751	0.00105502315708628	-0.0211200498026854	-0.00815546115919732
0.0146685002310963	0.00749301184142809	0.00439561429854343	0.0113797373258318	-0.00467578774019875	0.000615492310553089
0	0	0	0	0	0
0.0145491644486908	0.00342822027272678	0.00386009896363673	3.12907164723691e-05	0.0152426082319309	-0.000258147161408667
0.0154304201201825	0.0226248983355206	-0.02959599780982	0.0177756092103742	0.00448970201562992	0.0239240022550639
0.0153971756623144	-0.00451119172089184	0.0015943617760191	-0.00222407694379514	0.00201701147364986	-0.00439775973350256
0.0122148738112669	-0.016895702430097	-0.000641172962000803	-0.0204793007574895	-0.0155263790363656	0.0138973387480691
0.0174846929109703	0.0208656090311807	-0.00829521736006226	0.00339041634604103	0.00848051103534311	0.00708137984066312
0.0206234288403963	0.0136497669170174	0.00358618048585953	0.0328468164463878	-0.00319395056005664	0.000567752349584881
0.00411626352836668	-0.025263695174864	0.0210060800373317	0.00699809613861603	-0.00356746832319794	-0.0264077397408191
0.00791887041000618	-0.0276043871030574	0.0287433170907726	0.0205651998387469	-0.0311367313751514	-0.0136344515246626
0.00567579482653024	-0.0134420894818943	0.00204410353180415	-0.0116606590606587	0.0156847810567231	-0.0121839664273359
0.0157229886333744	-0.0105087894401731	0.00272912130201155	-0.0050896344261955	0.00705991682274841	0.00547859577848012
0.0137002397455086	-0.00234877101725208	-0.00019166737991652	0.00227438177700753	-1.40290899005042e-05	0.000653011999541832
0.0124000825575425	-0.00589321070120572	-0.001369631215826	-0.00599108815943629	0.00253878166813073	0.00707941932437546
0.0126000896505511	-0.00289517694045647	0.00134592036517383	-0.00447230047657181	-0.00341828182444464	0.00496480895493217
0.012198250001762	-0.00535475214050819	-0.00277762731549053	-0.00453290202632371	-0.00510388756135274	0.00631287503368329
0.0141017409678305	0.00200848098562626	-0.0105138333777991	0.0110666928427947	-0.00445907980011777	0.000880966833665128
0.0133578371212202	0.00742666608745708	0.00622143379659409	0.00144846219774313	-0.0110894931222682	0.0084605221064407
0.0125333287305225	0.00149083354721762	-0.00473025465499942	0.00557723215996537	-0.00149190088027479	0.00076207192514563
0.0129022602238598	0.00342312011880406	0.00941953890463346	-0.00170681054639469	0.000121379506972708	0.00870278759468729
0.0113789707297779	0.00852724751965623	0.00171038226984089	-0.000394210369892764	-0.00535861714865888	-0.00104175239873234
0.0144122604292643	0.00171067323272602	-0.00165870763789785	-0.00419662287086151	-0.0105709569398187	0.00637150906959769
0.0102833736372746	-0.00102310663428085	0.00186028618326619	-0.0160987781692203	0.000828428673784354	-0.0108191277917564
0.0132645638392498	0.0024397584709005	-0.00486623761956942	0.00584263230606383	-0.00255044086881273	-0.00206338868442901
0.0155598038464801	-0.0414654521628355	-0.00504727102977543	-0.026109871665875	-0.00628773267729208	0.000634918430537442
0.0146333641059169	0.0028601762922803	0.00298500130038342	0.00988272661300789	0.00484557252936432	-0.00255993399521134
0.0128278497507344	-0.00708176298039384	0.00381196373946887	0.00390227365390726	0.000497598635172727	0.000260559548690369
0.00816690379876426	-0.00584993165495185	0.0015182783979701	0.00282024470405156	-0.00588234451155731	0.00945119212941048
0.0126630231387339	0.00216355639960144	-0.00641228193832277	-0.000607481794212281	-0.00519694877086074	0.00379799095499597
0.0132680177317434	0.00285582515714471	0.00174133017006781	-0.00201684527363277	-0.000614712257535618	0.00560943558098924
0.0150954074885005	0.00536472153234579	-0.0188022870221309	-0.00781966968681548	-6.57260767138301e-05	0.0042738231381318
0.0111745862294044	-0.00131853643848299	-0.000972324092927968	-0.00532296739022807	-0.00127582023597074	0.0020046734437197
0.00991299557772198	-0.0032927592855259	0.00210039390740685	-0.00802744380115624	-0.0076132376540258	0.00151486763261671
0.0132819875227231	0.00392049956696335	-0.00447803796113378	0.00435767895077008	-0.0055056153052668	-0.00277140020680532
0.00620735711470494	0.000455696877604847	-0.00173480138258776	0.00151672391947728	-0.00117273950372655	0.00127249066978783
0.0138155583517032	-0.0143676915751238	0.00429677418903533	0.00146680886799168	0.0169933229913127	-0.00343859862761318
0.0144636190120149	0.00814246131176445	-0.00365295616462606	0.00266981858435482	-0.00712824956826935	0.00565541245169388
0.0131138405359544	-0.00150368772961807	-0.038902569087754	0.0193041347347831	0.0117703175156598	0.0116902621760757
0.000966704092049329	0.00328926528913855	0.000875522419651888	-0.0135194080621374	-0.0165823889670702	-0.00672907791277114
0.0119872812439191	-0.00813461156688719	-0.00266528311069677	0.0234943227336577	-0.00648141610054602	0.030210431967007
0.000655093902728519	0.00498638855725706	0.00544659061842134	0.0174242424787034	-0.00903458294276045	-0.0292907598181195
0.0131181296867908	-0.00100093928623142	0.00271575330243898	-0.00275499711721801	-0.00692380430711066	-0.000323587080036542
0.00995086861030938	-0.00498771190411483	-0.00209184306165337	-0.0160900109899704	0.0217553017320613	-0.00226668976738851
0.0147903420523088	-0.00781465026377448	-0.00226401266759651	-0.0105340228906976	0.0211406761673756	-0.00539628749824268
0.0176326523651647	0.0103402736379691	-0.000374187179768168	-0.0145871091586101	-0.0148343876335303	-0.00367739431631245
0	0	0	0	0	0
0.000678303460265049	-0.00722617392610884	-0.00165825597107383	0.00201211901387463	0.00615242567795146	0.0124872781946776
0.000694498395154728	0.00814272218716207	0.00304043476531691	-0.00783718049234045	-0.0100594328957409	0.0236144202310369
0.0134196481611946	-0.00339913381806697	-0.0224260552767792	-0.00174105804742037	0.00532071000968021	0.00959517201411516
0.0135596996592843	-0.00584307546146186	-0.0111004601013837	0.00956467589251568	-0.0090719372619681	0.00160903256058543
0.00214726147956511	0.0133555844146822	0.00910465052753326	0.00305931548098434	-0.0217758393653812	0.00132291411168245
0.00564650982998398	0.000326277535225579	-0.00636724559783207	-0.0179186354751888	-0.00162758827503671	0.000511839945264218
0.0112372636518346	-0.00129092067146034	0.0122757333341818	0.0083436036337809	-0.00677789348792379	-0.00385587615972764
0.0116284191841255	-0.00968034808379956	0.00175213404033111	0.00426136799320896	-0.00369899175177725	-0.0040261077652488
0	0	0	0	0	0
0.0171760286315745	-0.000349303269375085	-0.0052713852622719	-0.0035499376200103	0.0133052728308298	0.0169323506887939
0.0143065036213805	-0.00814619068653171	0.00892468589094046	-0.00252585522418591	-0.0100413675976084	0.00324731389534364
0.0167315601707466	0.0215444523153716	0.00328224768726048	-0.0222698891759223	-0.0133393330383905	-0.00816291072511992
0.00679002972801041	0.0171159244632225	0.00360867492729886	0.0307584652145676	-0.00267847749007922	0.0408544730912926
0.00843926648180315	0.0139389238249179	-0.00284866472389753	0.00308920084626201	0.0192514802551309	-0.00893790239635209
0.0109810239087885	0.0101062159469921	0.00405509782968786	0.00838412907349167	0.0311714755751718	-0.00343380263583384
0.0157945983752353	-0.00535537226944635	-0.0046174430611279	0.00666847950775491	0.0102239790960915	-0.0130103748380632
0.0127179644893382	-0.00350040013603127	-0.0113297478542602	-0.00315778884731707	-0.010041509767563	0.00547022486385204
0.000110979076491568	-0.00190223388362534	0.00199410912436394	-0.00367413018347374	-0.00651899899306084	-0.0113881347789984
0.00949851439839463	-0.00555921842664036	0.00935839501631523	-0.0158390361136542	-0.00183242884883212	-0.0103352709009829
0	0	0	0	0	0
0.00775011096822834	0.00344560094703224	-0.0105591167095867	0.0104108299980538	0.00277437970615967	0.00825642444928406
0.0125673542604152	0.00841102061197395	-0.00518601572094701	-0.00366036048314414	-7.44031927553675e-05	-0.0019773718447224
0.01183646971212	-0.00510454335742095	-0.000530193633065759	-0.0209441151044801	-0.0153069398604281	-0.00777517108235885
0.0127455313962677	-0.0027622769769731	-0.000912771269667986	-0.00698147099755617	-0.00270661922421975	-0.00159406011125997
0.0147792604303768	-0.043285310728375	0.0489525481259251	0.0098893993478866	0.0227842995748317	0.000920766529049672
0.0140378904618713	-0.0225352867620846	0.0164100794256159	-0.00708023040780528	0.0248094766029452	-0.0121860615521703
0.00819349766801634	-0.0179300393036484	0.0128455349918079	-0.00988943219144774	0.0134920826518882	-0.00401373383915004
0.0143912789958932	-0.000572739813916025	-0.00197849357823488	-0.00770732524113461	-0.000146530936754342	-0.00103309952532613
0.0131958283502187	-0.00342026597869128	0.00254628947237106	-0.00727831001215979	0.0240703597997912	-0.00792601780299865
0.0138235272782031	-0.00521907356823278	0.00177837307646126	-0.0103706152574206	-0.00246205124568939	-0.00142634236823239
0.0123428050585471	-0.00188826054150625	0.00504627837775194	0.0123047175855799	-0.00270641790255496	-0.00759606868557897
0.00918385181497746	-0.00694642530672903	-0.00569582283003738	0.00421029270434456	-0.0291489318508982	-0.0112505058416306
0.00893823993660769	-0.010106244394776	-0.00103970988209144	0.00663006986151738	-0.015897022359952	-0.018603582046574
0.00975110248818998	-0.0504968005299859	0.0252067215293315	0.0123091254289593	-0.00924054589768919	0.0236635577282355
0.00981066675737868	-0.0241029483773873	-0.0121008763662209	-0.0173522023102306	0.0140391370805538	0.012361608795078
0.01455678251338	0.0144078294415369	0.00283176216248685	0.0106319401159377	0.011074655219364	-0.00309568485488835
0.0142811976972193	0.0281876175070927	0.0265997382395153	-0.0188421963352281	0.0477210814199756	-0.00669413694334913
0.0129442690236138	0.00570480156844472	0.00460357258135699	0.00426341087695826	0.00493136880484169	0.00519532996385487
0.0118933478572373	0.00527149540931258	0.00682460832260973	0.00300566235126864	0.00892502181649977	-0.00123927075740468
0.0115274602751776	0.00787753437287297	-0.000190774290183247	0.0074366799024774	0.00602727859323892	0.000842641044402505
0.00884788934346375	-0.0107352115307188	0.011245528710423	-0.012095741696555	0.0116293869089228	0.00564498735196288
0.00373951370505752	-0.00177171673952701	-0.00716077703106831	-0.00400426207166392	-0.0178943845878363	-0.0124913527031936
0.0176800637878878	0.00261773229555552	0.0189593812242965	-0.0150700745216983	0.00207290568417077	-0.011417655370294
0.016597314802225	0.0190643166563613	0.00363350839636121	-7.19956156455817e-05	-0.00194607999399755	0.0167641086311983
0.0117492335085606	0.00237033949731877	-0.0198220982108625	0.00260700070027333	0.00757717480826005	0.00417198689344141
0.00906466917781679	0.00584769533624551	-0.00244586696238964	0.0035355844789265	-0.0122292408640551	-0.0066991635087274
0.00476444650369904	0.0101477847071272	-0.024905511993032	0.013621089111565	-0.0100666383289384	-0.00120444688763238
0.018128006641744	0.00634105828388048	-0.0241790586859473	0.00242439156019159	0.00670053176902285	-0.0165382745128015
0.0106065220229585	-0.00349138764523495	0.0101213758617116	-0.0173093462256783	0.00406576518002767	-0.00819892270678373
0.0142292714088666	-0.0362717108018535	-0.0211088384555601	0.0068962862765199	-0.00588792926590266	0.0118709067715635
0.0106171682643894	0.0130098233057381	0.00754408000862163	0.0213274159991209	0.0118517133190225	0.00549369519616066
0	0	0	0	0	0
0.00407339365237846	-0.015973265649843	-0.000633512100110312	0.0186186312837551	-0.00357103979950225	0.00194692980551006
0.0137514277142253	-0.014433134837116	0.00324127303698431	-0.021544887134765	0.0128226542968282	0.0132200906888933
0.0126863805936229	0.00095538662828311	0.00412063940951732	0.00291475479483444	-0.000536986849098039	-0.00277084010299774
0.0128322231342414	0.00713223195708206	0.0077539410131744	0.00332872366955113	-0.00655102251980724	-0.0012237230037999
0.00136977997108795	-0.00499955967825009	-0.000997857884382862	-0.000117936003334394	-0.00556175692067528	-0.07318397081453
0.00914587558481594	0.000755439227399177	0.0012090350829385	0.00191397268689675	-0.00853610485874827	-0.00419976503019714
0.0115216360002181	0.00188261560591729	0.00150550765809095	0.00263016975715943	-0.00370967221588828	0.00322548138671003
0.0132832480569813	-0.00140963689263121	-0.0329124651445049	0.0177017832710634	0.00556091656324777	-0.000510480399667812
0.0124235560554109	-0.00519141220759425	0.0030349138102655	0.0015260354279667	0.0116288178460045	0.000820191698233929
0.0112243821913132	0.0138143443654984	0.00803197967644491	0.00693735325301252	0.00913462998541928	-0.0171665566743958
0.0104105559784769	0.0201539401875172	0.0322265290885649	0.0225353995635805	0.0323431351650517	-0.000958971845793968
0.0129021837730265	-0.00610323167618787	-0.00316195655558487	0.00183766558086397	0.00587627770702334	-0.0129947828071219
0.0113796573741093	0.0230040124307744	0.0165081498833647	-0.00843780718674679	-0.000799811699103244	-0.000821888680206141
0.0133166348451084	0.00311642929099591	-0.0263465181072697	0.0191778227722662	0.0106776902908771	-0.00137127963869182
0.014185189989737	0.0122644336579232	0.00937576612276271	0.00096185627233468	-0.00422399901622993	0.00107803871220387
0.0133613422603017	0.000305260686766347	-0.0365458439467765	0.0142184366324622	0.0123327016185303	-0.00105652615666655
0.0152235072401802	0.0180726258559694	0.00600726528492451	-0.016758622936207	-0.0116182377578871	-0.00983505377097074
0.0181428559397059	-0.0280283248294997	0.0139926330458139	0.000855302897006045	-0.000322397370983219	-0.0120104752585805
0.0129862027713259	-0.00255704240334051	0.0384591840228702	0.0327671847691957	0.0178138611099827	0.0325429460584253
0.0135527169024859	-0.0492804287018065	0.0625125863374564	-0.00549186616086239	0.00664771196419541	-0.0109425500404869
0.0136922692091529	0.00797088618679466	-4.27433178897846e-05	0.00450010192160689	-0.000506788043695326	-0.00373640866442794
0	0	0	0	0	0
0.0145966902107864	0.0235426893113499	0.0158519430474315	-0.0155009634850781	-0.000182515425584543	-0.00416962466618477
0.0119081378977463	0.00538622349939771	0.00522585997126002	-0.00410598584922965	-0.00324325960656951	0.00232356243105356
0.0132194128460659	-0.00269200009884208	0.00173827888629618	-0.00152868593125462	-0.0257908690056229	-0.00535054846159075
0.0128285066235892	0.0130450620441186	0.00693322077237088	0.00545559940909121	-0.00131888879510261	0.00389503039103904
0.0168111224204639	0.0125456417971511	0.00179456096304175	0.00110899082009815	-0.00339401701791494	0.0041660458414934
0.0129363744194597	0.00977351850159568	0.015091638640853	0.011538217210818	-0.00473898098319482	-0.00218070443078733
0.0098094932893577	0.00320009229485584	0.00511129274403215	0.00855497579481	0.0150384205128353	-0.0155591456716664
0.0132130623859051	0.00586346902870712	0.006682686214944	0.00266906859710031	0.0151330742360907	-0.00327680880968247
0.0131266515718676	0.00306375691575122	-0.00760084077689329	0.00453366344884776	0.0115876780067699	-0.00473984340871143
0.0130355387024609	0.00278533375058543	-0.00607316497977143	0.00110233826985676	0.00255778728878227	-0.00242446356640942
0.0141523289720212	-0.00483580281479232	0.00148521144170945	-0.00541178641827187	0.010185683213914	0.00126977856557247
0.0131923682956803	-0.00110910492382811	-0.0150789875696898	-0.00126158296568204	-0.00201203209663205	0.0052144316693267
0.0119015650182451	-0.00218755265126317	0.00559991355534869	0.00790362492558941	-0.00652322785086129	0.00177575643767227
0.0148017307850521	0.0304554419164463	0.0246143828092603	-0.0109903676108399	-0.0108788706398273	0.00265418072741483
0.0120527054249581	0.000312875574432113	0.00151761511747616	-0.00160195327912277	-0.00327242840892521	-0.00473043704216927
0.012389760581523	-0.00145271904700102	-0.00146071243857127	-0.000529732962374632	-0.00651800103068294	-0.00593743325981514
0.0154348698297385	0.00179536072620619	-0.00264465894323175	0.0046264596041549	-0.00274517081684635	0.00028810999573314
0.00121721712051961	0.00595463388202803	0.000946696167525971	0.00167613505022293	-0.00696254395608425	0.00305689115925039
0.000426500306894244	0.00525520733318224	-0.00710347937464068	-0.00229507845316577	-0.0125775309251985	0.00610642145089677
0.00530886252229705	-0.00568647770380736	-0.0140553421477864	-0.0168279994583045	0.0212795899003985	-0.0173727406123565
0.0120325713036057	-0.0139613415884433	-0.0248672720761109	0.0244627764065038	-0.0276864336391002	-0.0602626534944878
0.00822463573372828	0.0156741311385362	-0.0287641176236349	-0.0305674990041389	0.00244775454458215	0.00419182078034314
0.000679488434488803	0.00179127003497926	0.000858865759050647	-0.0209162092370752	0.0199955454966734	0.00480950745113465
0	0	0	0	0	0
0.0111598612472299	-0.000525953809771021	0.000801096652076018	-0.000602480179492591	0.0103832378861298	0.0032943330624253
0.0124975338933293	-0.0111907369516964	0.00230343263539635	-0.00991999098726353	-0.00484381261428541	0.00201313270110022
0.0137380424636245	-0.00747857771870493	-0.00287339223742314	-4.41817966241212e-05	0.00205694166588767	0.00112125341407457
0.0129576623765286	-0.0125695443793966	-0.0241201017967624	-0.000614633409679148	0.0205006999857352	-0.000878101668740004
0.012472044939035	-0.00178050990248841	-0.00941327284540663	-0.00196629562827284	0.00238633802558511	-0.0128108306512462
0.000299797529924122	0.00224009241026894	0.00121832190559145	-0.00726374629508651	-0.0262334680782079	0.00822613038377596
0	0	0	0	0	0
0.0154521622113566	0.00161052214078902	0.00403901402776941	-0.00261957237332042	1.66888481685367e-05	0.00280560612275503
0.01317825288285	-0.0034906389373257	0.00081933532336737	-0.0122022052024764	-0.0104578255566104	-0.00307134617754621
0.0170310417108842	0.0121743961384574	0.00478693210033312	-0.00966703273187156	-0.0177129655807437	-0.00976299497007244
0.0147066168841515	0.00349806144639737	0.00182476594773027	0.00883890693216796	-0.00886421256139164	-0.00452523122186977
0.0115700740083824	0.00415471722984768	-0.00163512055200766	-0.000488471858073519	-0.000756809794499966	0.00279799904820577
9.98332701227601e-05	0.00303057206451213	0.000971868301515757	0.00276992009366297	-0.0172279243286712	0.00924648318435298
0.0151247848788576	0.00846753416345189	0.0037678834496203	-0.0014425348096228	-0.00590422746390184	0.0309346651514043
0.00211149451190988	-0.00554976569529781	-0.00609670222096921	0.0457576809364059	-0.0258354874710406	-0.0336663655110937
0.0122893820597279	-0.0076416795674256	-0.00552860558608461	-0.00605294228850826	-0.0211571281713627	0.0124798875145188
0.00621457202040387	-0.00825263958923723	-0.0134701585577973	0.000170125338908781	0.00922745556237602	0.0131108296891586
0.00234685014361653	-0.00738081829124781	-0.0178919518750888	0.0215779302180492	-0.0126059099655051	-0.0255318182137191
0.0121672200168827	0.0298499641606212	0.0178739286226085	-0.00414974872488403	0.00595572534706662	0.000201249989531816
0.000732261547157677	0.00668350198154595	-0.000476424389825831	0.00956070424438636	0.0253908384775131	-0.015937103479877
0.0161038070707744	0.0162026172924477	-0.00291575957563348	0.000296685147316561	-0.00351642477437254	0.00183035145178434
0.0144374727829916	0.0118747844014679	0.00524492111171663	0.00696649852931681	0.00903239097569341	0.0180906199586687
0.00895405203110086	-0.00225960646186679	0.0155513348882523	0.00106058280001558	0.0112641624608098	-0.000399500128698342
0.0134391937970178	-0.0293830399726573	0.0103631435230745	-0.00397386366342573	-0.0233962894976	0.00347497410551699
0.0131489951903135	0.0300718698605172	0.0225975623227359	-0.0155573139856615	-0.00120486526811211	-0.00882585154051837
0.0107351648720265	0.00320355027056123	0.0115039745015837	0.00471357984678459	0.0123379502632998	0.00382809025570428
0.0164183649592515	-0.024336628145992	0.0029536938980616	-0.00932138448580465	-0.000325501920178514	0.00351117775546318
0.00735629978197001	-0.0133525757981044	-0.00376010323500976	-0.00282259144788747	-0.0106979321204881	-0.00648420134914468
0.0162973229270948	-0.0121020877981498	-0.0114830089372829	-0.000395760542331003	0.00522581111447411	-0.00566813702796841
0.0111668262820033	-0.00591070955662881	0.00225688790414037	0.00268021551944957	0.0109803020845084	0.0037606030532667
0.0127325173662199	0.0019911490135751	0.00429507954703137	-0.00418345274659365	-3.10529862260155e-05	0.00738219996104428
0.015952073624432	-0.00306826040226398	-0.00108154284189139	-0.000216482706733639	-0.0047866311569326	-0.00682970428425608
0.0119306250734002	0.00320710133950801	-0.0039751470176057	0.00885283876322851	0.00365034686823975	0.000103472856014475
0.00849623645395184	0.0016727639306613	-0.00542277142688022	0.00311646929281352	-0.00704650129532695	0.00414703123312715
0.00987548533867798	0.0179775177008515	-0.00146840375304946	0.0418727977848529	-0.0291251176846221	-0.0262279115403328
0.00415833434825567	0.00115741134117833	0.00110124605282595	0.0424573094215267	-0.0170587647615065	-0.00343395502940727
0.0129244463993658	0.00639503504729034	-0.00627228818029616	0.0028024359168085	0.00597755903169282	-0.00679657397721067
0.0131262532388622	-0.00740309333288823	-0.00263213812365307	-0.00627184867567377	0.00204016061020805	0.00988164431931038
0.0160634608194146	-0.0231750418223633	0.0136510820060934	-0.0495998297733446	0.00199572771993616	0.00213496611461456
0.000656074506713395	-0.0115614551718927	0.00448987199242526	0.00659473800251845	-0.0137576735251977	-0.00174499483802957
0.0144844084109361	-0.00560734104772285	0.0133212437392781	-0.00702801220086342	-0.00747990053443461	0.0142159653975996
0.000731828075702934	-0.0044742694308323	-0.00118062252360335	0.0230141981433197	-0.0340724700053678	0.0112123425210723
0.0209444082214016	0.000180471178896938	-0.0160668343909228	-0.0130493601830467	0.0150831316815194	0.0150199578361321
0.0133088775431255	0.0245745008946004	0.0273025430237365	-0.000383189700568692	-0.0102730070677872	-0.00422042527045959
0.0128442271597953	-0.0244550806922228	0.00115478484155816	-0.0237625689790022	-0.015123420564599	0.00758521864518187
0.00485756816803484	-0.000668541076317716	-0.0112250602968598	-0.00918537126255358	-0.0263054499497295	0.0178787220896192
0.0136845503270881	0.00083133072681092	-0.0112265297592074	0.0011535432727261	0.00275780483099587	0.00476932768547544
0.01685839798301	0.0191176991178614	0.00293070275916571	-0.0158256069003557	-0.0137133005317783	-0.00280065558711145
0.0127247121738094	-0.0114146483901345	-0.00282934509722853	-0.0207234681936941	-0.0014374858655006	-0.00214595494609504
0.0142881009931064	0.00236037079169109	-0.0206620651491274	0.00925288187050736	0.0134339317515747	0.00636500569313835
0.000863697887711459	-0.00024609783826373	0.00683601275640815	-0.000235284796568485	0.0060449560603262	-0.0429930388134864
0.000378500919247334	0.000862593310606051	-0.00117276788261318	0.00271267009668951	-0.00969033996871068	0.0245991936223689
0.0121278667243553	0.0284041193428002	-0.00869181592746586	0.0149430149230573	0.0118004643666883	0.00216679712282317
0.0103117475766388	0.00530332747044322	-0.0116642203220949	0.00539680721599877	0.00423057535996085	0.00658063790151596
0.0120304693330371	-0.0172902830904207	0.012802906503493	-0.0108725472718793	0.0238593856336037	0.00756009039531887
0.0171153641449748	0.0124220826950504	0.00616031131949818	0.0174643736855078	0.0081748308773321	0.000844139596576102
0.0116682203444923	0.00189792838744487	-0.00602828156686103	-0.00429879464016431	-0.0147099167067858	-0.00082195657139613
0.0166581708323601	-0.00475153871010022	0.00205845445233577	-0.00166338203501753	0.0106199068755863	-0.0162250777982859
0.0122699846374707	0.0166584945572454	0.00673705099445849	-0.00659907627265967	-0.00726781851491158	-0.0111105112556839
0.0131229848212483	0.0420182933206728	0.0396785294610717	0.00614137213963572	0.0232389041588036	0.0205055745850664
0.00240030142994482	0.0193390818402	0.0322633589961656	0.0213688627830357	-0.0135067597498546	-0.0096891789303519
0.015562604685525	-0.0217693382005959	0.00877282253640323	-0.016389418724423	0.00107146079299504	0.0104476426121787
0.0132160837714458	-0.0216171608210524	-0.0111309310243497	0.00333799860984174	-0.0101701685317786	0.00516573517276153
0	0	0	0	0	0
9.12376628367421e-05	-0.000422981950708437	0.00257559733831107	-0.00430232751611409	0.00576152762896327	0.00766027910990872
0.0056590772289221	0.0037409715773232	0.0104818508708492	0.00967748337512443	0.0153972043883149	0.0263791563567798
0	0	0	0	0	0
0.004292145025159	0.0163882000905411	0.00971980819223972	-0.0133368326784504	-0.0179218068964565	-0.00638439396198289
0.0154692196308307	0.0244884472308159	0.00989295299974937	-0.00429365493649598	0.00676046544547245	-0.00124125368972757
0.013227693701725	0.00378794015107405	-0.00470587843140754	-0.00195470079426039	-0.000434629443968295	0.00523544185658778
0.00417848761468231	0.00508355897107337	-0.00166757756400787	-0.0101924991708543	-0.00288551406757858	0.000575572620739023
0	0	0	0	0	0
0.0142803565563678	0.00192939926769161	-0.0329425803419954	0.0191767242554511	0.0129984235162164	0.0042061391791093
0.0115786672236287	0.00617518631886968	0.000581597654276602	0.00914354240492421	0.00439471493598695	0.00361936596123171
0.014717512966086	-0.00779716023097408	-0.00798511785109543	0.000917950136153649	-0.00317598833784219	-0.0037562303938809
0.0119879551544724	-0.00521954511058029	0.000440573658402803	0.000619859085966376	-0.0105115154746248	-0.00237039012504075
0.011404281633474	0.0128232153633393	-0.00965286005431886	0.0202872843441737	0.00454999791419617	0.00905585187981107
0.0127867543670458	0.00563417865199184	0.00776107479016602	0.00450067639896199	-0.0107594927346372	0.000772584537253015
0.0138848061203179	-0.00105639812596378	-0.00244370698627818	0.00071897926053358	0.00613380842861885	-0.00493438351936613
0.0124433308382479	-0.00172866882494879	-0.0214904727327782	0.00408752507705311	0.0141979846234778	0.000793724721586928
0.0125759777261186	0.00566167891324553	-0.00630224783140651	0.000226679842955528	0.00315171134149456	0.0016635038639198
0.0123624048618325	0.0174248846032793	0.0144519816054528	-0.0137654604041799	-0.00675209173713035	-0.00351709215912868
0.000415390686444064	0.000749297970807444	-0.00298661211180402	0.0238850534728226	0.00777553088647533	-0.0153478256949705
0.014088619022475	-0.0205060727619679	-0.0229501473922251	0.000504196369986688	0.00492231218839438	0.000647071618493394
0.008590501862049	-0.0308610726275422	0.00462184017719329	-0.0111616530321893	0.0109848172438012	-0.0157721567412632
0.0176179588345376	0.00280482072063031	0.0225974885435696	0.00690388029571047	-6.77215147487521e-05	-0.00929194642538505
0.00260063162211765	0.0147556625123538	-0.011674979887537	0.00999856471993626	-0.00262531223863516	0.0516674145464918
0.00921609516007795	0.00825125858453846	-0.00311622739525436	0.00355384054799031	-0.0180500788341952	-0.00423103961842831
0.0153134741606748	-0.00155121188688557	-0.00106257890187689	0.00483300717784984	-0.00181627410717089	0.000887585218088782
0.0119457336347949	0.00166838829670088	-0.00988957368151459	-0.00137394933857213	0.00436119121660465	-0.00129970214350478
0.0174269040990168	-0.00448050022833103	0.0118950099012281	-0.000727847760963987	0.0113202013483518	0.00601236141714415
0.000285445589419668	-0.00195365674050696	-0.00178194406627903	-0.00316190218635299	0.00279615558106162	0.0284189240645032
0.0118571621195124	-0.00178889401301308	-0.0174950055754784	0.0150876557571374	0.00251054712223856	0.00548357079809984
0.0141390984614628	-0.00608859194659534	-0.0222321693052374	0.00293764341751424	-0.0161264059316157	0.0110897774145376
0.016077199368632	-0.00736786625502671	-0.0220527210302687	-0.00158385926320534	-0.0158688424158547	0.00943740551668233
0.0151223802663303	-6.91318685860996e-07	0.0034190968817163	-0.00150000881560076	0.0113524887809702	0.00926885483686242
0.0145575608924035	0.00945938723287104	9.7625204930102e-05	0.00178484679527677	-0.0139310253952824	-0.00682875492364743
0.0151784303538497	-0.00265098018013917	0.000321018411127173	0.00163527937820871	-0.00719465569192206	0.00192987619573494
0.0131511579593838	0.0207199613489899	0.0220876956217253	-0.00365694702926732	-0.00455397578883428	-0.012931774952018
0.0116025510621034	0.00449785947817869	-0.00959656059193333	-0.00940417429285629	0.00654496154031272	-0.0036962151778225
0.000110819730458258	-0.00195940005598522	0.00124382791267147	0.00178978507383372	-0.00810142626389756	-0.014440370948085
0.0155584753796378	0.00886422119861509	-0.0118456974384496	-0.033532750615488	-0.00947761796154966	-0.0354365313847196
0.000556280211169202	-0.00335559980674013	0.00068406392010344	-0.00614532117295508	-0.00575863101853685	0.00806529727012074
0.0075471412003858	0.0221793050254052	0.0129632169848188	0.0144286043588314	0.0117923139578331	-0.0105346601425308
0.0132878316751881	0.0209982940630832	0.00887348984550505	0.0220595198073607	0.0089317830550976	-0.000599604536031389
0.0220424246284796	-0.0206987128736235	0.0138799344590845	-0.00273761138592411	0.0296619015968382	-0.0408833457693766
0.0140845345780387	-0.00465245114486329	-0.0072434390829387	0.00756865134467158	0.00328925106289869	0.00241528554810622
0.012763566230213	-0.0245527736918928	-0.0240303275668876	-0.00740984697455523	0.015692477227066	0.00171399885075108
0.0114460968947429	0.0119714358280199	0.00223970909604836	0.00586177196681462	-0.0103374072613889	-0.00898581591141264
0.014210377448705	-0.00136014655241348	0.000786862278375054	-0.00765472196415069	-0.00646528098633227	-0.00318860327510911
0.0122758386528457	-0.00597059639969457	-0.00112194213624006	0.000869388019266705	-0.0114410588648043	0.00318776062934728
0.0128302193919917	0.0131886908213797	0.00113011019058621	0.00675549577969854	0.0244069168020428	-0.0011542713468561
0.0141044444485138	0.000224303790458006	-0.0127924724199424	-0.00860004026988319	0.00802166618541544	0.00390330977473686
0.0137929850838513	0.0206847915284638	0.0121527970798804	-0.0015559331804417	-0.00368465776267912	0.000956506294235849
0.0122737603282611	-0.0134188733433873	0.0121066533719763	0.00308270500385108	0.0122812397516339	0.000186949276758522
0.0134317254628344	-0.00131201581612907	-0.00734567514930102	0.00266681116389772	-0.00125316837669398	-0.00340504193324665
0.0114737266858516	-0.0113150677767592	0.00286676559476008	0.00419513796359671	-0.00826442882594235	-0.0181120423932858
0.0166746881403641	0.0130477262863161	-0.00522924142378269	0.00959591318069821	0.00700162450126687	0.00735083177304292
0.00769334144254437	-0.0171685771559907	-0.0147740539401499	-0.0252553790219443	-0.0234407921863211	0.00470229131883708
0.01279927502322	-0.0203757950406231	-0.016544562598251	-0.01835012925726	-0.0186493698217452	0.0106188556219093
0.0107298522542605	-0.00376333149733614	0.0040676829301807	0.00242402424872802	-0.00837097267032896	-0.00410972610330202
0.0143883206827181	0.00724555725547541	-0.0149510447907866	0.00754955626341818	0.00148220549513169	0.00587558595420397
0.0127093327836915	0.023054145003087	-0.000968091259949497	0.00674738533938734	0.00678536041139493	0.00534777136671167
0.0154799811512827	-0.0133340774529651	0.00281836697279092	-0.00213077296580071	0.00704044101215849	-0.0101974144665748
0.0131010876134629	0.0101845433064145	0.00432939834938192	0.00180887556601951	0.00293199549981111	0.00432229456003423
0.0148125840420203	0.00667443560583999	0.0246645959556841	-0.0172861874273199	-0.00174308239979831	-0.0135825426320073
0.0107582768794122	-0.0062632215795388	-0.000840188337389388	0.00405406858546587	0.0128204223475604	0.00196443707157135
0.00944944453331047	-0.00610637326301718	-0.00985556103260422	0.000742886518896875	0.00236150130752162	0.00107373290281286
0.0178491942476625	0.0155871335504102	0.00312619945404687	-0.0160225845480482	-0.0122411505368265	-0.00434815300984722
0.0131799031524069	0.000481114695548506	-0.0292197882628287	0.0162742760167189	0.00573584066136465	-0.000460283344986606
0.0129665330512193	0.00327904076751114	-0.000984049145467309	-0.00304221621631494	-0.00399286958419074	-0.00226733786315893
0.0124321436004722	0.00907189757007976	0.00415954898596424	0.00287388699208153	0.00947693949345751	-0.00258206079733387
0	0	0	0	0	0
0.0152760929321463	0.00213023472183333	0.00223909654426734	0.000924263554988239	-0.00123533929139806	0.00775972585620531
0.00575647214814925	0.00521152603553752	-0.0241339365888237	0.0312997494121851	0.00952961740739606	-0.0152988997494843
0.0129349410212398	0.00197934661579766	-0.0278469329382663	0.0116087778010632	0.00401070811127917	0.00715632338527221
0.0115329444015784	0.00198747393463853	-0.0211414358732573	-0.0250245411409843	-0.000988229075006131	0.011647029671891
0.00107205297852196	0.00578608368546212	-0.0096672508077207	-0.0366660961829555	-0.0115476132450878	-0.0139954034619208
0	0	0	0	0	0
0.0124477149936601	-0.00481102082107068	-0.00961834873564758	-0.0156025186519173	-0.00368278371298182	0.00480730265588703
0.0131526334964574	-0.00695168370003869	-0.00198890833579007	-0.0040316163277211	-0.00448798702793734	0.0106212784792961
0.0110356389796658	-0.00754599099929308	-0.0024578764690222	-0.0225480319944218	0.0111253475593344	-0.00474531523250636
0.00901704352324456	-0.0101973356068397	0.00134259949990237	-0.016738720766553	0.0230679261246691	-0.0140295322243947
0	0	0	0	0	0
0.0126381042213855	0.00496191518005314	-0.00420958718866388	0.00552853354879581	0.00506485542082422	0.00473977088105749
0.00436941979441846	0.0172290897469725	-0.0131388868673026	0.0108469175157765	0.015648059454397	0.0228705742838353
0.0147228913382434	0.0143176842153138	-0.00644759512349942	0.0159304733466788	0.00694204480647663	-0.00351361228927204
0.0116102125982279	-0.0262304370119903	0.0192105466098405	0.0232742852888135	-0.0329523623632517	-0.0106351288148245
0.0161325049293317	-0.00991828028234631	-0.0111993398869928	0.000162663524048703	0.0110827447929846	-0.00478100615726642
0.012509773471614	-0.0107874260468899	-0.00523130002009433	-0.00040620622598431	-0.00601697217184751	-0.00380507277768421
0.0135690853102819	0.00502571222359029	0.00051043694806523	-0.00483707336285331	0.00812996384527725	0.00538669335585516
0.0190273382020373	0.0137956678005563	-0.0261588033469727	0.0121023679954586	0.00124224652858815	0.00484622948427704
0.0145828126217419	-0.00429270895158373	-0.00835695714939108	-0.000858027030567201	-0.00418656414862668	0.00246434887273676
0.0120944291810194	-0.0672483522475089	0.0485881540810501	0.00706408994075875	-0.0141647422748804	0.0226429084926099
0.0128398265774312	-0.0121239091134721	-0.00432714173799153	-0.010468103580517	-0.000970793549778252	0.00241224190400521
0.012504135900178	-0.00283996916600014	-0.0142727287996158	-0.00305920163158853	-0.00250395269208749	0.009071211505694
0.0135459687108151	0.00979001138641631	0.000864856137969958	0.00806645349378135	0.0158083630793239	-0.00546910563394064
0.0175774524849041	0.000883984066903386	0.00463118478422627	-0.00366351775042719	0.0135886174663129	-0.0116029714576903
0.0076066431485275	0.00120424517127974	0.0141438830973391	-0.00288431666443962	0.0114550240965303	-0.0253094562975398
0.0133558557077427	-0.00514283227187796	-0.00353052116742498	0.0141092677302405	-0.00801784231451673	-0.00292284007399718
0.00695426668753401	-0.00668246205140331	0.00401812279350233	0.00881383989993853	-0.0158723629075101	0.00218416250717936
0.0155922261875815	-0.033839124437603	-0.0116549169289434	0.00351526882153676	-0.0369995148819187	0.00823338118765968
0.0176090760888339	-0.0220414510966218	-0.00229741324302617	0.0138142277365187	0.0141159408737136	-0.00298985636225428
0.0139056667429549	0.0270536717416725	0.0280404907556124	-0.000415598339918086	-0.00221784775633558	0.00173897902946314
0.0140402870701971	-0.00207784299304257	0.00133558326877363	-0.00338869437544359	-0.00340557744967497	0.00404310083754027
0.0113369042501993	-0.022465746972313	-0.00456410781226186	-0.000378889220924111	0.00517633743592478	0.00152491239751278
0.0123482386858165	-0.0448455946112548	0.0289090336714508	-0.00838445464751809	0.012835546832431	0.0172875744122516
0.00889696038592464	-0.0128545782750616	-0.00521509595978367	0.00745973424059925	-0.0305285686606436	0.0112118676852089
0.016450023290903	-0.0116588994841586	0.00439024990946312	-0.0126320529863558	-5.14827077747917e-05	0.000787595865528841
0.0114481729237696	0.012982364442121	0.012523402530179	-0.00404320157107916	0.00577185713913021	0.0015390605953981
0.0134824780563476	1.75720899745549e-05	-0.00703263958914526	0.0014068316406888	-0.00624852501111873	-0.00615746648969159
0.0162169117062926	-0.00499544388988618	0.000133903774123035	-0.00325107971580741	0.000882420469167447	-0.00930809715545727
0.018574653023455	-0.0243371729252227	0.0156028313835847	-0.0249616526288686	0.046121198333459	-0.039937232539983
0.0138097654770842	-0.0100134353038788	0.000561780487624726	0.0112713830711486	0.0276437549811174	-0.0102624673318432
0.000259324883628584	-0.00491742193405076	0.00215387122405027	-8.30417618873881e-05	0.000190243746295791	0.0152659565530678
0.0157719684806815	-0.0313259583045774	0.0393122000814395	-0.000725266474234577	0.0374018410056516	-0.00698994371978686
0.0129551548815862	0.000325488864919482	-0.0165882297831301	0.00123082360408799	0.0041174020961054	0.00183829810846659
0.0129052555140318	-0.00152061045823674	0.0203434256822739	0.00887599251125914	0.028735845515363	-0.00410491970658979
0.00439797599471335	0.0050683218300759	0.0129576738823257	0.00498417180875643	0.0133813298375765	0.00122208710769614
0.0155592016248644	0.00713232372293834	0.0106610758302645	0.0153368499686025	0.00835314599965924	0.0139327356996919
0.0139508215792592	0.00361625178900126	-0.00166136133222831	0.00220257585178202	0.00592325972243029	-0.000733388054721219
0.0128291515772014	0.00386946935655724	-0.00217991190821834	0.00121562033525877	-0.00408858032758466	-0.00187688970947982
0.011820633390637	-0.000196717192725182	-0.000566616228853738	-0.000980462644932903	0.00452564354279014	-0.00644311862675112
0.0152381061553395	0.0196146476776611	0.0089821138463978	-0.00114787014130838	-0.00216115857536707	-0.0023188631599995
0.00613134599407227	0.00202676218490157	0.0157263670018588	0.00702060853703393	0.00245215047757195	0.00452787534998738
0.0134507132533338	-0.0127623925762456	0.00345181681007865	0.0164187223656089	-0.00393394140375116	-0.00172409657720731
0.0144537386074573	0.00337862583675379	-0.0016606171408339	0.00234944376169242	-0.00891372864919074	0.000930424653305555
0.0116481954736975	-0.00616880358108058	0.00200644231192704	0.00115784298608536	0.00209854318266764	0.00465496742361128
0.00672529909527737	-0.00379448653744812	0.0151273914934846	0.00174408608502291	0.0073360776641012	0.00642183791814061
0.0145020007343815	-0.00213599003674991	0.00202362752224447	-0.00176616940660087	0.00693675128144285	0.000563266826313894
0	0	0	0	0	0
0.0133889209101653	0.00420806024717445	-0.000156797033593492	-0.00110349853027915	0.00546621821422513	0.00822490534660222
0.0120897566332905	0.0210240694870105	0.0217675661165288	-0.000152975787257901	-0.00717890848301269	-0.00498262374265903
0.00414216918902376	0.00825737430350756	0.0113977474658419	0.0139929922259132	0.00556051326283091	0.0249371679881499
0.0138563577712274	0.00164603854430801	0.00479885249642881	-0.00139947593005881	-0.00118785891316747	0.00231651986916165
0.012594189045636	0.000673861830910474	0.000948094925229124	-0.00279956151783127	-0.00953530411689006	0.000883976009059776
0.0139154736024276	0.00305272074548929	0.00420149090767833	-0.000140266622396185	-0.0026858426575754	0.000955301615034599
0.0133590991909725	0.0024003766481858	0.000391567683452173	-0.00508271289313574	-0.000516146902981508	0.00268803115131192
0.0123189305879336	0.00329706387044451	0.0026571499292157	-0.00303587148018797	-0.00664789338625013	0.000513951415414449
0.0164898746195749	0.00877677100648681	-0.0191523354346788	0.0425355537123791	-0.0158512498775934	0.00433293219650473
0.0119256498676754	0.0180136564019473	0.033272940109381	0.0235044065837537	-0.0118003855167721	0.00551079536304711
0.0141225390536996	-0.00405572829819654	0.00972242483515031	-0.0106593432715465	0.00511524585192696	0.00177973082972901
0.0186936267385955	-0.000466707254706087	-0.00778614412281334	0.0154690279488841	-0.00202006796801133	0.00100594552427632
0.0108660334805363	0.0248825992863093	0.0160639291051611	0.0064373402052709	0.000231613184692844	0.0144011581761345
0.0151671426429581	-0.0108777325764217	0.00678857323290141	-0.00738654812408435	0.0206290034869669	-0.0115495542731642
0.0151387547517861	0.0167444251813736	0.00177049674217303	0.00739845448846215	-0.00407778211250102	0.00572077950008554
0.0190802936545559	0.00814201668316872	-0.00625771348764929	-0.00635392586836786	-0.00374510830128554	-0.00541206252183733
0.0117226366497779	-0.0101339184145742	-0.011099074794486	0.00487134405815978	-0.00880685627879626	0.00456067099926894
0.0118266182925825	-0.00804978556747873	-0.0056614677588433	-0.0086532438804867	-0.0210772266428789	0.00880896151770033
0.0163316827573315	-0.0308350081709742	0.000291084428631194	-0.00782777406506562	-0.0103075283161787	-0.0423758591071089
0.00501525815555721	-0.0104968889573433	-0.00791777165637513	-0.0362883651218955	-0.0156920544829625	0.000954197819256153
0.000853714834490082	0.000344794699285529	-0.0027230002340499	0.00684844704378148	0.0130380408865324	-0.0126779276913297
0.0137087640113993	-0.0249371514419948	-0.0168544537523997	0.000178288832959655	0.00192563439897945	-0.0419956949936062
0.00185392542529949	-0.000285400193889954	-0.0197944415723754	0.00664243418900121	-0.0330235474495424	0.0134443560942066
0.00173130691831081	0.000540197198018889	-0.00531251590905164	0.0143370431692875	-0.0137109104051658	0.0069068000246825
0.0140765981264951	-0.00963586166511409	-0.00815481497421338	-0.0136402773123572	-0.0112279656870493	0.000226084758260106
0.00051967453735046	0.00208421875240004	0.00029633126192181	0.00134957569569393	-0.00619014060044346	0.0271215640777466
0	0	0	0	0	0
0	0	0	0	0	0
0.00607191404380891	0.00461548800658624	-0.0145728290216984	-0.0385433267591012	-0.00191481817984614	0.00245817485772266
0	0	0	0	0	0
0.000960285205295247	0.00355507183107181	-0.00462311692171235	-0.00887584966039744	-0.0284655384724422	0.0267276705767269
0.001476563830263	0.00103775527711861	0.000152058088514059	-0.0239958851908436	0.0194281036010794	0.0589497877708683
0	0	0	0	0	0
0	0	0	0	0	0
0.000112081275673021	-0.00324994580078755	-0.00180507503102739	0.0098724015349453	-0.00360534544299646	0.00783279595548264
0	0	0	0	0	0
0.0116436592035523	0.0101616421007103	-0.0139372207573555	0.00637783296014956	0.0114131884606541	0.00572154296655405
0.0151024080985083	0.00131784153727843	0.0116528053373045	-0.00492419345089606	0.00821725643813245	-0.00440520628862273
0.0111974750115195	-0.00170838319655607	0.0105227570345507	0.00223579885073803	0.00395151950514256	-0.00198167932828988
0.00769487579019257	-0.00259041147676672	0.00246944138538129	0.00394391321104111	-0.00269870352137899	-0.019953722591608
0.012435901149727	0.0063160951006022	0.0117349016197942	-0.00626116816996772	0.00524750180291284	-0.00464756029453252
0.0099528738641423	-0.00747057146119139	-0.000975816640689439	0.000951652939007152	-0.00340450411996609	0.0154174751491868
0.0116148176995589	-0.0032961999483866	0.0180792894466248	-0.0174516444218895	0.00475134905856145	-0.00184382112650753
0.0151566882648413	0.00847565526295447	0.00237172019456221	-0.00912882426657679	0.021130154839721	0.0246197567357289
0.0125685055124199	0.00371426991297639	-0.00984046020076097	0.0073083672032399	0.0139666929285985	0.0135770875400018
0.0140678568269727	0.0137101781807585	0.00588934096211918	0.00078075254640383	0.00420467508225332	-0.0014016527406773
0.0134912348016731	0.0131645657575584	0.00782980295448357	-0.00302450856432173	0.00382965402639408	-0.00292702512534207
0.0125573778897742	0.00392577104849348	0.00389350050184204	-0.00113665964134743	0.00722374424678294	-0.00393482996774531
0.0162840666998525	-0.00863182989147769	-0.00101940256208847	0.00182880431004401	-0.00283032080884541	-0.0102118956698354
0.0119098333432441	-0.00656187630315176	-0.00250152668514772	-0.00148711053849042	-0.00383265003964315	-0.00136066068503802
0.0152538616439578	0.00327177803979589	0.00587641661994422	-0.00419768671946399	-0.00524504378875111	0.0113220201329579
0.00160334784499215	-0.00395379182604282	-0.0080815776069617	-0.0153183021516076	0.00358454499121488	0.0378545426185509
0.00159820419249186	-0.00304212253844457	-0.00675998533236742	0.012195535038325	0.0333957649529805	0.0216275113504478
0.0161397462760142	0.0198097731425811	0.00757730338815726	-0.0178641584441774	-0.0173000787502082	-0.0102480867040664
0.00311582736788498	-0.000570879280073905	0.00975746715175691	0.00451619070844904	-0.0474837587210081	-0.0543028366202814
0.0142820394804629	0.00191849363282661	0.00103545329123113	0.00432342652665243	-2.76500094377259e-05	0.00288258976535658
0.0096963025836291	-0.000851552552770175	-0.00579952076243375	-0.00433972141138255	-0.0129772832657186	-0.000197609689720694
0.0184154254689557	-0.0111575160648178	-0.0194359564935136	-0.0121141369527771	-0.00362386266780907	-0.00473032718775051
0.0149095558739298	-0.0165662520225369	0.00372053141778275	-0.00259052039154591	0.0409006093672978	-0.013431270135089
0.0183766231757212	-0.0127767505374822	0.00656285871617928	-0.00315204260521016	0.0103658649852823	-0.00363322461164748
0.010300836883977	0.00768159809589889	0.00860906873862179	0.0127073685191784	0.00576803042007014	-0.00638215172580511
0.00244851641615871	0.00720771078139813	0.015550760473471	0.00488634378784179	-0.0069219945992513	-0.028759830952929
0.0124246777189644	0.00767783732591851	0.00255997025699664	0.00643102336568739	-0.00333309293027555	-0.00412871033944459
0.0110253281877506	0.0189966230173956	0.0151873069156565	-0.00114818606128356	0.0105787077583699	-0.00370473219674918
0.012744613134938	0.0268645492445487	0.0236025368478586	-0.00675550569048088	0.000788417916952783	-0.0103684643616907
0.0101623165089849	0.0078997767809512	0.00425608590620694	-0.00376354174815582	0.00133692200393122	0.00458470760633446
0.0120140576564678	-0.00355636182827086	-0.00110384938268284	0.0104176000698728	0.00856174681928628	-0.00688900724922664
0.0143062719336669	0.000155543278264776	-0.00106080448858406	0.00125958646332487	0.0145186822313318	-0.0116463977815816
0.00022776929702001	-0.001473040430864	0.00636467500286628	-0.00597264340373742	0.00516582877000414	0.0018592361667414
0.0149052043091199	-0.00487814333664167	0.00466847023513796	-0.00234190655373536	-0.0067352239384399	0.00818278928371157
0.0125453914291028	-0.000145971377169297	0.0235379553226246	0.00596833404877027	0.0053369757531338	-0.00549648900030334
0.0141335838760799	0.00617496245365899	-0.00384488505859803	-0.00996278632014954	-0.0112344148736044	0.00648543283616053
0.0195627097097422	-0.0252310753574569	0.0117882849690289	-0.0404269778456059	0.0273856213109385	-0.0138202935513261
0.00148391299840744	-0.00708177278504397	-0.00760890007189604	0.000565215180830346	0.00774907645509153	-0.055176871256692
0.00737076578496211	-0.0107421157293821	-0.00282260861155042	-0.00402244450340379	-0.0117264837483181	0.013794825810816
0.0173163355611526	-0.00403202594054539	0.000547907069907629	-0.0215393985632846	0.0217639174246182	-0.0215037477727556
0.0134744334865734	-0.0153967615573883	0.00891969390532239	-0.0069400654513939	-0.00134151076326281	0.00405634281767896
0.0126728204898276	0.00215057758379324	-0.00332698345736054	-0.0111027352145222	0.00893741884967661	0.00553735777064272
0.014910575668722	0.00517824720580146	-0.00595479658517808	-0.0123375314120563	0.00377239060549389	0.00236346945663125
0.00844220175128695	-0.00731587293633914	0.00455541339091545	-0.0023547928144755	-0.00787724641405799	0.0152650868340025
0.0151165168410024	-0.00657213938267464	0.0052190717310921	0.0011900717007919	-0.00101835309853029	0.00994887853887185
0	0	0	0	0	0
0.00934287215817795	0.00604379591202159	0.0122715688757208	0.0132525623671315	0.0123656296543614	-0.000462433134594518
0.0161041310869197	0.00550689664001958	0.00595918696943989	0.00074762911550473	-0.00246742979185051	0.00444502848407545
0.00682794632604196	-0.00646013923392851	0.00102788168595653	0.00465060622090185	-0.00832374684804442	0.00676192362596666
0.0128155060401088	-0.00541423864897524	0.000821413827791159	-0.00841086543090429	0.00399794061240451	0.00324615651381769
0.0146952581567289	-0.0115484878913277	0.00559127697926973	-0.0126699396567131	0.00852404936642705	0.0161134665167417
0.0126305330214807	0.00570924258253945	-0.00736713815682473	0.00522142261248355	-0.00830381664554705	-0.000198362126646842
0.0129702749127807	0.00408994392694535	-0.0031101913729427	0.0155266497393015	0.0152790239197345	0.0170506622581422
0.0131972268149471	0.018156541518371	0.0054546438201478	0.00137704410129754	0.0177254934359508	-0.00618175044695993
0.0129157710983129	0.025020327203429	0.0196926756754182	-0.00970929316266548	-0.000585780759045704	-0.00918743629949598
0.011796451805582	0.00884405176061923	0.00789885352923062	0.0124949781837385	0.00998104236032247	0.00516722932866572
0.0129047776469858	-0.0116881507361292	-0.0436993027743574	0.0221271810611493	0.0189710597956484	-0.00955656546553913
0.0126801810768927	0.033023616823152	0.028810377927223	-0.0133684491260749	0.000123387292412348	-0.011409062454802
0.0113205806179248	-0.000750165706846918	-0.00553235444085454	-0.0102260095899653	0.00212765706484531	0.00343696813158651
0.00371427006644944	0.00149784116091596	-0.00127235742660932	-0.00751665236264135	0.0117848024980778	0.0261072834938214
0.0119267148869401	-0.00292455593628427	-0.000805789976283157	0.00175854572500501	0.0157697744232272	0.00821041469991515
0.0123607722393861	-0.00593011614876125	-0.00218133213339653	-0.00675124709106188	-0.0019504686877105	0.0129185445621872
0.011912179108618	0.0109479164202581	0.00542601941968993	0.0108806228990842	0.0188048877728882	-0.00833717550845065
0.0135228080718144	-0.000109168108363308	-0.0010753501139027	-0.00457798659884058	0.00604130103181353	0.00127033713749806
0.0112120809746797	-0.000972795567879515	-0.0199780050269807	-0.0226267167760122	0.00134414294404279	-0.00270734433922885
0.0150791183560895	-0.00491406572231728	-0.0215121545933514	8.68360275525702e-05	0.0073837890981726	0.0105885456257041
0.0141197125580184	-0.00593597073969154	-0.000141203015095727	-0.00564466702335759	0.00362370336920986	0.0136550435406056
0.0127808332956889	0.0253121191438601	0.0177778834529199	-0.0105012982236063	-0.00177430801554044	-0.005585124762379
0.0126847205884933	0.0124968159472349	0.0104829200513614	0.00528883913329597	-0.0108900171259285	0.00735488476094248
0.0166063313175691	0.0206564099832861	0.000642167114801977	0.000326130407648895	0.00918123448689587	0.0301671617789608
0.0144113362447482	0.000668837551895378	-0.00279036704104084	-0.00621385171448044	-0.00654505041622525	0.00875513778917423
0.0127458597476619	-0.00304592380230253	-0.00274476831132494	-0.00651153771021719	-0.001458520942462	-0.000823995410875245
0.0132027594871631	0.00376307673070131	0.0132713461475005	0.0137411446483872	0.00578193392516916	0.000818035086260896
0.012725042776671	0.0108253268453227	-0.0175935841939093	0.020185924311025	0.00903991135384616	0.00410573435714012
0.0136709456383452	0.0279060387907131	0.0228057752364003	-0.00515543124792631	-0.00443396669543194	-0.00233866658745483
0.00986767019987861	-0.0129052357202789	0.00747630570291322	0.00237086821342203	0.00478433153213431	-0.0122201672995005
0	0	0	0	0	0
0.0108251227531462	-0.00777475095230231	-0.00108285969493227	-0.00143377738714471	0.0116517420320986	-0.0113172132449565
0.00289731911488298	-0.0129607617273095	-0.0199344820796927	0.00966406538532524	-0.0159029466416414	-0.0109034207447257
0.0033267215875375	-0.018629685215047	0.00412653075778894	0.00423073985878403	0.00905571654948821	0.00824768390796474
0.0117279961515096	0.0166066903586085	0.0174904274053255	0.00230505647218394	0.00422790389525437	0.00120759346393591
0.0124752496217005	0.00135667191969929	0.00658450128768161	0.0120425224283825	0.00236063731305587	-0.00152606027778843
0.0116272484466521	0.00563914188771326	0.00707692581895586	0.0100129951168316	0.00138332535144975	-0.0013700655078807
0.0142681669445922	0.0139781805766029	0.0197073073194163	0.0049488362115878	-0.00874357525398947	-0.00259748467959956
0.0132230728438953	0.00824624108176922	0.00957004645872549	0.0100583884763258	0.00221954508939997	-0.00972591641088254
0.0134125384837643	0.00130070521069498	0.00708415828148244	0.00884402338245267	0.0115235513078447	-0.00810102201831496
0.0127310656552253	0.0150748834012706	-0.00375135470341401	0.00307520517447148	0.00486212246081286	0.00341157932981417
0.0117979973267749	0.00145035881948027	-0.00432794520188598	0.0018079491101632	0.00494172618051862	-0.00695563020707328
0.0114125247673763	0.0170558117832322	0.0107763252665116	0.00773441193634074	0.00232296718966621	0.00885902930445208
0.0158042879351547	0.0194767905835981	-0.01662558807951	0.024023745310929	0.0128850237269029	0.0217070394486896
0.0128072407255508	0.00248055232944413	0.00573196868991685	0.000385281226847319	0.0242063890456628	0.0109295811693169
0.0148384160147858	-0.00385952746679459	-0.000706773058695609	-0.00171261371565757	-0.0113796064113086	0.00133089854984414
0.0122649947919236	0.0099700197180617	-0.00783164193990364	0.0112711147589651	0.00496815236310639	-0.00323350579412673
0.0159306774759998	0.0016022718145695	-0.0129400421651975	-0.00160179551646811	-0.00110418238721789	-0.00130544554177189
0.00607484086060851	0.00132591888559346	-0.0123954613643684	0.00817306839929197	-0.026877097577186	-0.00457676823301009
0.0164092300429298	-0.00735691463324293	0.00506234196035102	-0.00541800026061256	0.00587048212976148	4.07934249845043e-06
0.018239231752066	0.0194505802820221	0.00394176242892719	-0.0155368939972322	-0.0124087993671162	-0.00565646651224431
0.0112420672827853	-0.0104691651241091	0.00445624279764789	-0.0214811909412033	0.00406367792159238	0.0179317327193134
0.0104934853215507	-0.00972209208128156	0.00425823910137523	-0.0237542453085514	0.00972230881718474	0.0197872805872081
0.0127273701636707	0.00644076883010919	-0.00353146966618317	-0.0255426381819732	-0.00118828703883824	0.0156056474907459
0.0137126397039451	0.0049790806521546	0.000107241375310649	0.00331230358073501	-0.00521334186023081	-0.0038710405605016
0.013229591711325	-0.000881260837583581	-0.00135639812343584	-0.00822702539180008	-0.0130554524386001	0.00345903248749583
0.011553893640544	-0.00359526998777686	0.00059073981646289	-0.00222870190000352	0.0141142711182934	-0.00052069448962571
9.12376628367421e-05	-0.000422981950708437	0.00257559733831107	-0.00430232751611409	0.00576152762896327	0.00766027910990872
0.000815403582137054	-0.00373136200167367	-0.00375371167148434	0.0235603648854704	0.00479589500276748	0.00339564520251631
0.00894796258183327	-0.00875586517918411	-0.00309569448841947	-0.00477620314720258	-0.0160728944495951	0.00733297619027852
0.00869543830124632	-0.0125655391945486	-0.00391124075816436	0.00867949012091335	0.00291451461530388	-0.0066527140926144
0.0156337197178359	-0.00857996789723134	-0.0177125061480896	0.000516927058692197	-0.0142157894471769	-0.00978777345945092
0.013109948810757	-0.00521135058841101	0.00145316090050463	-0.00905157917201353	0.0264318165081859	-0.00989369241255132
0.0141582251620837	0.0166393256253875	-0.0177456034736019	0.0103125190424331	0.00453031699795531	0.015516538694624
0.00466704888318046	0.00138434365211962	0.00897687055689352	0.0163578763310402	0.00380077485078223	-0.0118556299027966
0.0103620873026423	0.0148363412334414	-0.0175678227549374	-0.00298374279537508	0.00937010904205481	0.0178102790134891
0.0153521154374441	-0.00921112203426756	0.000697373189765467	0.011238397450717	-0.00147772539491349	-0.0160606646352958
0.020023011095532	0.0113454838444809	0.00813421747981544	-0.00602740284751347	0.0218080736183499	0.0139904604413456
0.0135755363549093	0.000724808220658228	-0.0152678206051555	0.00645717133240623	0.00605891061236725	-0.0167277251608278
0.0103569659805908	0.00057615112064572	-0.00370666987741292	-0.00410386219882685	-0.00436741701054056	-0.00270849477222959
0.0117136252053329	0.00164191868654097	0.00541956491568224	-4.30436218927218e-06	0.0182816093334165	-0.000583033623732957
0.016890909566724	0.0218704356784917	0.00597249117089927	-0.0142991015716399	-0.00763394613142562	-0.00864434513688907
0.012298268728714	-0.00236180226211996	-0.0199998836455036	-0.0464509250929257	-0.0291338217542773	-0.0154596669915584
0.01282327648212	-0.00224328956187539	-0.00841059467366706	-0.0033367775481266	-0.000550442303169023	0.0065462846300177
0.0123794060517753	0.0222950135440283	0.0176635869283917	-0.00544611652142714	-0.00278270112736037	-0.00236332970729527
0.0121869079182618	0.00522920995404309	0.00409875218409364	0.00269301829542636	-0.00196378788630886	0.000927842616690274
0.0101436971872406	-0.0212026723884998	-0.000426828560446965	0.0103450261405327	-0.000563073121036912	0.0338303422910337
0.0103456322928289	-0.00187436099307438	-0.000446864826637713	0.00153979993286046	0.00501593833910683	0.00856514669947224
0.0121987901438362	0.00354345959573416	0.00143373851702664	0.00717285678461147	-0.00332866243223943	-0.00118271299922607
0.0170616502268743	0.0156086235098295	-0.000640803165446666	-0.0226161580461623	0.0080652278545401	0.00857923241784661
0.013088386935062	0.0083642168767731	0.00359483939320583	-0.00719838203983349	-0.0179990744246607	-0.00419737367557565
0.0163288062097541	0.0327557260757705	0.00145746141136622	0.00459324736946021	0.0109275683617406	0.037285267721107
0.0118156711121599	0.00417071053236864	-0.00286525049448352	0.0199901453710098	-0.00598938542980242	-0.02026143706425
0.015057454823121	0.0175744211267126	-0.00127559596073059	0.00562061224242347	-0.00441792126871668	-0.00674285204783215
0.0056399671449618	0.0160531605051528	0.0214098782698494	-0.0143672334007097	0.00181740216056824	-0.00453497905192789
0.00244172784275958	0.0171846759640799	0.0206859948850432	-0.0185247472986463	-0.00824712143432154	0.00292204243807949
0.00930525039963931	0.0200684232950775	0.0323988275316361	0.0111491690860574	0.0279752486448759	-0.00650802401923326
0.0131476629803095	0.000842644693183236	0.00736512119691432	-0.00168040078613907	0.00160639129568377	0.00588110900468545
0.0129227869185908	0.00982230729415117	0.00266755689224853	-0.00427121107977368	-0.0068907252140476	0.000243535627620534
0.0130081967477985	-0.000576295161899755	0.00170081224789197	-0.00397367855043895	-0.00758063646302154	-0.0059005379026321
0.0122477459491056	0.00712178414739658	-0.0151338305508292	0.00338197335548806	0.0112636313356158	-0.000560651857570534
0.0113507766154022	0.0219395578806819	0.0164194527919645	-3.2359439022191e-05	-0.0036986719382348	0.00247779959107507
0.0155105405812543	-0.00356617255880946	-0.0414761916245584	0.0206795020953027	0.0112306497675607	0.00504549437830732
0.0121240325859315	-0.0324280939587545	0.00816971705255585	-0.0018504782647151	0.0265961990757068	-0.00579186610671963
0.0132556844022378	0.00588813932911184	0.00149977448431557	0.00523835519041842	-0.000695511382307268	0.00572752610099535
0.0132223259573818	-0.00395551042300724	-0.000727215810359628	-0.00705763585084436	0.00569326804935912	-0.00310214671744759
0.00975152562796953	0.0244261316000436	0.0237061719822248	0.00821406454680749	0.00815749897697252	0.00805074210512
0.0117913277495492	0.019309487677851	0.0335752155892888	0.0209889974973271	-0.00550664610109306	0.0132427733217995
0.0181234325096429	0.0134393536784456	0.0036623526396297	-0.0123176201552109	-0.00979594147496482	0.00200683023878715
0.00957209803829619	0.0130700672075358	0.0034808248629185	-0.0181483799235498	-0.0142138936488432	-0.0076058430079918
0.013574391032894	-0.00377054583528439	-0.0118329943962777	-1.06306245584752e-05	0.017594541705475	-0.00677555310958274
0.0126243416270116	0.00179226047762464	-0.00195713924518593	-0.00697680665435	-0.00901968232573276	-0.00133413098293662
0.0127632842780594	-0.005730253123249	0.00774958447786505	-0.010328186647637	-0.0213932643996619	-0.021940025826082
0.0123843102843651	-0.0197127182672923	0.00350853918465879	-0.0190088649362722	0.0334576494901207	0.00597470223414994
0.00926858804588058	-0.00681889905885302	0.00187614802758234	0.019762566476379	0.00268809253422692	0.00417818901015964
0.0123801392749941	-0.00259013439200251	0.00135143866580006	-0.00487586636488608	-0.00287012911240797	-0.00174940977294724
0.0144640568401614	0.0181506609964684	-0.000992875037181139	0.00746569321117785	0.00440380129312717	0.00432068142340405
0.0128656979674191	0.0108297401001441	-0.00955602477852509	0.0257423739160562	0.000226389205329511	-0.00377960790505336
0.0125839050834945	-0.000748588911170618	-0.000114154685573626	-0.000672252872389106	-0.0027570475198146	0.00410629167894348
0.0139242983336909	-0.00168163434711302	0.00261644990044414	-0.00208093991827782	0.00683540565586334	-0.00588544854887217
0.0127420741245846	-0.000863806027753702	0.00152111049885343	-0.00295378811417062	0.00266274492180271	0.00566390233621328
0.0135432510960706	-0.0005516527014033	0.00109949768320376	0.00112315807763104	0.00625557603793159	-0.00365720795057743
0.0162741149078366	0.000297887597499991	-0.0103580462450396	0.00344712721975103	-0.004278457547143	0.0137169737089772
0.0135315477168075	0.00269996677318819	-0.0238157427785967	0.0150316047209374	0.00597154018722386	0.0145021057915569
0.0108565235639189	-0.00378011754434854	0.00172470118053768	0.0059640487857444	-0.00258358227300625	-0.0128407322689298
0.0150834958207987	0.0226241106184635	-0.00511293013732632	-0.0127647818305629	0.0290301038771098	-0.0139040783629661
0.0149394806245442	-0.013217342629213	0.00161335052264211	-0.0034328999900417	-0.0087273262695556	0.000917009932379224
0.0112693527807271	-0.00286693716105101	0.00367616441102109	-0.000592808797497305	0.0125661980836261	0.0120708305786455
0.0130325687286809	0.00378464328978126	-0.00303530632964575	0.00142734932961026	0.00427341883527492	-0.00408405403457549
0.0133713770731703	0.00538631021117508	0.0120757905345225	0.00466711390772216	-0.00426177567871117	0.000426457685597643
0.0127920359896818	-0.00540734117348621	0.0013404592851373	-0.00650401004684367	0.0018631731555283	0.00384068877430988
0.0115637856708193	0.000754150047496953	-0.002880834018856	0.00530145178141607	0.00225637245448417	-0.00710769851362767
0.0126269547000653	0.00122318195586848	-0.00166643256590569	-0.00566442483564831	-0.00255429938498612	0.00575749613993753
0.0108318845790185	-0.00555214801053506	-0.00553099787443869	0.00905775023368471	-0.0131687146556965	-0.0143954795852223
0.0136377885503677	-0.00248693650168564	-0.00422392397162843	0.00850645800506787	-0.00180947561599073	0.00309881684970576
0.00526823478307615	-0.00900922842904336	0.00379983588790023	-0.0106376708974789	-0.0109414982718525	-0.0129858037372772
0.0117655865790598	-0.0108255135648281	0.00111109283701869	0.00617016742342562	-0.0042201533185011	-0.000500994278335587
0.0121236479046218	0.0141709009474521	-0.0202077410757028	-0.0288825572928959	-0.00164354136911178	0.00406771768447903
0.0120043776435973	0.00209033331190187	-0.00390301062156979	-0.00500830805056637	-0.00665857028313288	-0.00109582970122597
0.0124297351017423	0.0033613418245893	-0.00579387673510967	-0.00027982965655467	-0.0015132735723692	0.00297824789609246
0.00178860603510784	-0.00280309812382513	0.00299036051120087	-0.0290771896234382	0.0101599230989405	0.0224967679546168
0.0153656236398586	0.0210885158256288	0.0086414068394055	0.00592944862493634	-0.0158430396731743	0.0292222138211822
0.0128296069786577	0.00799826451087228	0.00914029286727695	0.0166901859524204	0.0140946424691114	-0.000424347130506487
0.000270590776155656	-0.00113323937820083	0.00779324027673786	-0.00776939474926095	0.0124844301027646	0.0112846008519754
0.0111700898267831	-0.0248622809907373	0.00836163569957308	-0.0105794350046225	0.0256162963766239	-0.00142956220771492
0.0166231571559556	-0.0298756213229609	0.0251519943900781	0.000195681814606838	0.0417425090080567	-0.0271996524638876
0.0198756155786297	0.00375202050905451	-0.0174632465787894	0.02753849171145	-0.0122636688453948	-0.0151335119426826
0.00436113901135605	-0.0153427451613994	0.00238800133372455	-0.0028246377161642	-0.003468365146311	-0.0396808323394163
0.00751965658934908	-0.00807750422220309	-0.0246557473174618	0.0188261086271318	-0.0154848609109591	-0.0319118615315111
0.0146191589299173	0.00466686221907852	-0.012602815259064	0.0176951013106495	-0.000599514941971725	-0.00746907900524042
0.000194288518687722	-0.00235251358480454	-0.00391542266916553	0.0066175175190491	-0.00135046142057344	0.00513436430741677
0.0148660953677482	-0.000610308834230234	0.00111586879095017	-0.00305971266984879	0.00462920351734369	-0.00150228677129703
0.0129618324802939	-0.000779243134908707	0.00151344604244085	0.00692561132513203	0.0221503901928637	-0.0068034193705326
0.0120902579469378	0.00353433837638115	0.00988787472361415	0.00709089133135722	0.00844216554778621	0.00275578894456291
0.0133044064901215	-0.0049665060106127	0.00773455177594801	0.00861213208319497	-0.00640953465347634	0.0109702912159527
0.0121842465549995	-0.00414405786764347	0.00309873455550304	0.000661367551211125	0.0108232642894721	0.00393934964398018
0.0106819500077188	-0.00563457016298521	0.00156794292744834	-0.00347904899361473	-0.000811030978011541	0.00439763008676331
0.013867223566363	-0.00499885683774987	-0.00388780896205717	-0.00453493223962254	0.00687306725672377	0.0066466795311014
0.00480020270362789	0.0100066256766921	-0.00667542342351628	-0.00878356984577166	0.0178729191143107	0.0250682241068749
0.0128330648937807	-0.000116433360873563	-0.00491181067204505	-0.00369640648349647	0.00118652803451612	0.00312776822944313
0.00563224687303735	-0.00241868341024091	-0.00207559387361777	0.00531973450503033	0.00498541514965361	-0.0112622771725084
0.00552386689597192	-0.00471714434714423	-0.0103647738659561	0.00433707073491833	-0.00561954713767695	-0.00718739629827036
0.00578550321317376	-0.00801946375449164	0.00225957827980234	-0.0101065431313643	-0.00559758247755887	0.000902415964407023
0.00904174815978235	-0.00562066067749736	0.0045768574691215	-0.000611822082068005	-0.00157023578932361	0.0104315165570902
0.0125353120978324	0.0021300654946318	0.000687123954109384	-0.00192181567973293	0.00880247140619549	0.00615702382875249
0.011990697572955	0.000509327854086901	0.00178862623564138	-0.00214598872514918	0.00720364405814967	0.00638670428518853
0.0108469911166883	-0.00534580429046279	0.00267789515944907	-0.000314839519354097	0.0104437752179517	-0.000770217835287622
0.0134648904200757	0.024497647478774	0.0194807784449633	0.000149106873347858	0.00132634463263342	0.0014218196042304
0.012955215491312	0.00837361931738977	0.00782411108045536	0.00904378058774646	-0.005806251940161	0.00325986803292431
0.0120643490008947	-0.0129427096363174	-0.00677972999716867	0.0139291155529469	-0.0202091149378844	-0.0328177997815125
0.0117444117691552	-0.00604115276461039	-0.00616514152511663	0.0019392735712358	0.0136067024553515	-0.0277312279853619
0.0132864568811018	-0.00334642033779567	-0.00697216943942516	0.00427199247638965	0.0184467064891329	-0.0110758956935391
0.0123344781492528	0.0117441788184408	-0.00111617981683014	0.0179702061020323	-0.0185070112037768	-0.00138277503205891
0.0123706743636416	0.00555027449196188	-0.0047179936835095	-0.00454963840231115	-0.00149412497336139	-0.00147797365187155
0.00824388700153268	-0.00728619647397223	0.00785135028046544	-0.00456962346313787	0.0287234633168787	0.0114314318311421
0.0101142848320148	-0.0109097986158154	-0.00471477828655483	-0.00847583794071316	-0.0198514241122349	0.000260357023032303
0.0146629065753862	0.00521961781763903	0.00457147852852455	0.000977429486043321	-0.00392431611402589	0.00622289980663524
0.0112041340462059	0.00885098087774441	-0.0188155258053645	0.0132669981358977	0.0130935961403911	0.00567682653644423
0.00577595321471875	-0.00680773602607865	-0.0044237184981153	0.0137399965908434	-0.0180110702171318	-0.0250079295725729
0.0113454981363636	-0.00814274006005436	0.000879756899365816	0.00349742926210184	-0.00950802159137677	-0.017112330381241
0.0163880720381784	0.0122263180747971	0.00638420376352955	-0.0068564613705882	-0.00626707363381114	0.017449868416901
0	0	0	0	0	0
0.012058861154756	0.0113559262240755	0.00598308611551029	-0.000877717665780435	0.00782665448585918	0.00767216570419694
0.0125612544838543	0.00137091486389155	0.000775154934808727	0.00428371602649722	0.00358158343025796	0.00620762450275741
0.0112204801394071	0.00451131095117492	-0.00112710399599369	0.00422821756256615	-0.00782057340744498	-0.00480166657313949
0.0109917469119537	0.0158937236635822	-0.00366905893638616	0.00797703029651143	-0.00800702539264261	0.0080756867392602
0.00947575902590913	0.00269519037930763	-0.00230704038901769	0.00622129353204107	-0.011247267098972	-0.0138783544604037
0.0113041470748145	0.00439654475633492	0.00239083351668812	0.00526451532516664	-0.0144334717225626	0.00194351967169061
0.0133105897623201	-0.00261107194792384	0.000904722752618229	-0.00607222712816633	0.000981852962767525	0.00152553279667097
0.0142391049633412	-0.037056752173737	0.00267710224112023	-0.0237644138878035	0.00107830089899632	0.0198947031059623
0.00847416413270506	0.00502925042534853	0.00679355044377764	-0.0185540879026235	-0.0116068578758521	-0.0227858173676243
0.0177491160028608	0.0147725398014558	0.00250049557856467	-0.01499777256088	-0.00464421839274469	-0.00203330542997035
0.012913986455311	-0.0203933374923277	-0.0142700891964094	-0.0190682593660184	-0.00597994184435152	0.0111194533111516
0.0138642003176676	-0.0143597746562441	0.00359679446443164	0.0208594201151798	0.0207810725997425	-0.00293370982745546
0.0176314204665174	-0.00446122728709064	-0.009998002829483	0.00759755920661552	0.0111811246836148	-0.00894603973183121
0.0111150319127354	-0.00530049297772528	-0.010191876475864	-0.0180223100633822	-0.00666213393953947	-0.00822004641770607
0.00248851185744273	-0.0171207667606878	0.0177234214177776	-0.0252840577299423	-0.00163571758912368	0.00525755763061109
0	0	0	0	0	0
0	0	0	0	0	0
0	0	0	0	0	0
0	0	0	0	0	0
0	0	0	0	0	0
0	0	0	0	0	0
9.12376628367421e-05	-0.000422981950708437	0.00257559733831107	-0.00430232751611409	0.00576152762896327	0.00766027910990872
0	0	0	0	0	0
0	0	0	0	0	0
0	0	0	0	0	0
0	0	0	0	0	0
0	0	0	0	0	0
0.00222376281333322	-0.0180494508720377	0.0155402012482941	0.0343566766052572	0.0190257019933427	0.00588412944809857
0.007391480207858	-0.00136217976767988	-0.0107238771761138	0.020127729647142	-0.0133386814419889	-0.0147035708617313
0	0	0	0	0	0
0	0	0	0	0	0
0	0	0	0	0	0
0	0	0	0	0	0
0	0	0	0	0	0
0	0	0	0	0	0
0	0	0	0	0	0
0	0	0	0	0	0
0	0	0	0	0	0
0.000275331087455253	0.00286295256803425	0.00829726646127764	0.0162861348082764	0.00147521835624385	-0.0240573198169052
0	0	0	0	0	0
0	0	0	0	0	0
0	0	0	0	0	0
0	0	0	0	0	0
0	0	0	0	0	0
0	0	0	0	0	0
0	0	0	0	0	0
0.00177824935282408	-0.000374528685728922	-0.000200048820164004	-0.0154256375741621	0.0248631045716537	0.00779534277151788
0	0	0	0	0	0
9.98332701227601e-05	0.00303057206451213	0.000971868301515757	0.00276992009366297	-0.0172279243286712	0.00924648318435298
0	0	0	0	0	0
0	0	0	0	0	0
0	0	0	0	0	0
0	0	0	0	0	0
0	0	0	0	0	0
0	0	0	0	0	0
0.00126856783975692	-0.00548177517888697	-0.0116453150279093	0.0112237350680744	0.0326985582371469	0.00368347251865497
0	0	0	0	0	0
0.000100722511006604	0.000139576143103393	-0.00273216011530412	0.00294729263736574	0.00316278490866145	-0.00700275834389965
0.00113158632397421	0.00104304220736363	0.00360444935605148	0.0154718422663203	0.0211762109723328	-0.0242766035929757
0.00427965587419133	-0.00364972403427673	0.00661594842949562	0.00847987206820088	-0.0214991089052977	-0.0118093600401201
0.0145199612074944	-0.00272099260824383	-0.0211774660292734	0.0102939161760915	0.00816868271687729	0.00615990966947665
0	0	0	0	0	0
0.0109619550324081	-0.0277178039909956	0.0317899859933484	-0.030658392556807	0.0202305332199051	0.0191111688288176
0.0106547627668707	-0.00414641658359986	-0.000904326347644555	0.00351444820155585	-0.00285885388464248	-0.000727679463363579
0.0139636088391775	-0.00170154655207926	0.00283975276264685	-0.00502987653806773	0.00587384980047531	0.00602067397897895
0.0194677407831417	0.0207732644361792	8.29207528086698e-05	-0.0189597615772922	-0.0142893106089427	0.00638164625015239
0.0142513716749158	0.0150537586258654	-0.0279995763582366	-0.00213760458750876	-0.00477833373654456	-0.0089874524877416
0.00991467918515283	-0.00324374404345711	-0.00500377335869801	0.0042877860577547	-0.00748170983403815	-0.00665300930429042
0	0	0	0	0	0
0.00103322648246986	0.0066058205493595	-0.00259696498783686	0.0159549713779488	-0.0262091754914991	-0.00109897060935987
0.013232758818285	0.011108520679275	0.00650078131472643	0.00594600837392942	-0.00508913438416902	-0.00294432114925591
0.0125268332172849	-0.00316456603572709	0.00780549144883346	-0.00287159699180663	0.00894131783405167	-0.00900045057471429
0.0168804382448672	-0.0277559818487639	-0.000892334985024073	0.00755981234525814	0.0233227710133105	-0.0238336332679588
0.0152823064822833	0.0310979977105289	0.0160364593244539	-0.010567896530521	0.000146249623652282	-0.0069616948878884
0.0108190985034133	0.0120777300390993	-0.00774841160874714	0.00259568028196513	-0.00407378467915098	0.0085814553429033
0.0128215828532956	-0.0131960742328778	-0.0179949958571345	-0.00856211412133486	-0.0150216450935422	0.0203667761616951
0.0142151058487227	-0.0325949522791602	0.0116256570078592	-0.00201340872121058	0.0167239056613844	0.00364030910926327
0.013379945632188	0.0174621668301069	-0.0106446447824615	0.0251271544740666	-0.0055186210716985	0.00373805802344422
0.0153154177458989	0.03636405064947	0.00101192656895475	0.0053364841637903	0.0183174828430277	0.00597200357018323
0.0137658702890765	-0.00737753153471645	-0.00246835674643205	0.000537304333391084	0.00600610325915162	-0.00326390997607364
0.0138647715286234	-0.00208066958568705	-0.00893449732012534	0.00654859405434829	-0.00403020029584021	-0.00108620942339159
0.0123619318269439	0.0111652778716754	-0.0349392053801589	-0.03319402964091	0.00899318412553862	-0.00430628198345737
0.0022150648847507	0.00205249450953923	-0.019867269392199	-0.00211826187387381	0.00860545538105885	0.0220001749143454
0.0153253886213807	0.0195054554592541	0.00510699344262506	-0.0166962617315741	-0.0065889500725431	-0.00318600359401263
0.0125840783088571	0.0224567257778692	0.0150014763060436	-0.00806881415552381	-0.00823410567007946	-0.0154240045029949
0.011250581417318	0.00790095968110257	0.00193046123205261	-0.00670038129460676	0.00548914276446584	-0.00534000345503179
0.0139286215839282	0.00154514138791068	-0.00314591036605449	-0.0014951974142929	0.00572573296296162	-0.00423460070958192
0.0147098497991945	-0.00813000957181815	0.00112218708276852	-0.00527330836508509	0.00424709886552845	0.00915387537402645
0.0138974247402647	-0.00832541560279534	-0.00563824557542215	0.0105708285364311	-0.0172484982925312	-0.0191362457212669
0.0127276801615456	-0.000802445870528262	-0.00680626924712156	0.00939804512892287	0.000140111143544366	0.00168668549531904
0.0148571659503076	0.00424900654668472	0.000890201256162532	-0.00128662833416039	-0.00810580011758491	-0.00220354925130339
0.0133543443148723	-0.0065846833121351	-0.00335038405819523	0.0103568854402374	-0.0078563967270201	0.00828931207336485
0.0138589179155078	-0.00151981270955247	0.00761678244728229	-0.0166713762374989	-0.0261073952366677	-0.0280042009173871
0.0136865018931008	0.00639830045122842	-0.00784105301663591	0.0028740924456147	0.00233342244017017	0.00285852576760908
0.0136836184445755	0.0285623237525618	0.0237837541668202	-0.00501496304169792	-0.00280786255563362	-0.00753277640883302
0.0148321079184317	0.0310334790542661	0.0144073406042759	-0.00862858122646012	-0.00438983577601612	0.0030621274865576
0.00342325291189617	0.018742829879626	0.011748024877582	0.0033132173158237	-0.0271725014253004	-0.0163952895090965
0.0132991050011529	-0.000390866463941957	0.00497705995182012	-0.00261939810308961	0.000732642383948498	-0.00685700068541756
0.012583123142107	0.00841679616736411	0.00184450420918244	0.00450059236559941	-0.000678322198160235	-0.00114002551425279
0.0126535352837227	-0.0103919106478975	-0.00226895777043882	0.00467744376181992	0.00426376387941072	-0.000865395706701839
0.00594420205287283	-0.00426518471000519	-0.0257143092769926	0.0184972009848032	-0.00284378002748213	0.0243231236801961
0.0141163293390729	-0.00359977371933729	-0.0262888191184732	0.0142729141755717	0.0061372670184422	0.0115155844198897
0.0137257633179918	-0.00725033044007777	-0.0298906945802725	0.0125726686539735	0.00203148075917967	0.000471103848051742
0.012748249089096	-0.0281471193293351	0.00609888021374614	0.0316918185419199	-0.0275811519268592	-0.000275753082994344
0.0149717109461324	-0.00767329090652595	-0.00707058910886923	-0.00169909802173689	-0.00828079498812985	0.00222869957933101
0.0124319491062368	-0.000886232875960791	-0.00265547034120205	-0.00168969492402561	0.00791338114937661	0.00191858201593167
0.0153634266288054	-0.001199568543472	0.000440011687518806	0.00447993246770749	-0.00267140806863512	-0.00444376366794845
0.0124199253508296	0.000101544712904617	-0.0137780789289604	0.0105570523889576	0.00174850099152038	-0.00735013386540529
0.0119680447279832	0.00523623142159425	-0.00433500591022011	0.00446566786772505	0.00433227524439695	-0.00884596711412184
0.0119654733716605	-0.0102030589921526	0.00459210300475345	-0.0090332168461811	0.0106851884972535	-0.00939998686648883
0.0126627167110716	0.00463193452866289	-0.0107314121727827	-0.0165510319943436	-0.000843109858177656	-0.00581801545896504
0.00984632697190631	-0.00433624435306577	0.0028121264218598	0.0119391094611632	-0.0172613275999835	-0.00381448732436185
0.0114812986924089	-0.000920039081526604	-0.0010165736961017	0.00536178242109532	0.00104086936270733	-0.000247936181508934
0.0118331396143388	0.00991734582368897	0.00842961569127504	0.00429287186559895	-0.00127527821485849	0.00249899352809455
0.0157675949036511	-0.0133994989044802	0.00925083104482135	-0.0182985247582252	0.0132159251659874	-0.0100248396083344
0.00148071498749683	-0.00169962690407002	-0.00269639148629509	0.00288141089815868	0.0355095914023369	0.0277797225958968
0.0108512795152749	-0.0197116179512762	-0.0273621276632222	-0.00678078727397805	0.000157477582144563	-0.000470595516953724
0.0141910304045691	-0.0164784347508461	0.00483979972101769	-0.00872032483448125	0.00854339073452644	0.00529349192841796
0.0151884222323388	-7.031328078351e-05	7.95086222488669e-05	-0.00603961206677647	-0.00804943205321258	0.00359087523755231
0.0128161812333266	0.0183872083849236	0.00761581589140507	0.00427047669370597	-0.0107560701932259	0.00224043145162922
0.0123281635919251	0.0322955583006935	0.0249181886171176	-0.0170301730092853	0.00903666832435777	-0.00808011305105704
0.00510623571403159	0.0202175335334296	0.0218744843740534	-0.000232523071801982	0.0206887867818731	-0.0202353670510149
0.0130629515480675	0.0169413677601362	0.027822570481653	0.0117824490535076	0.0238153451006653	-0.0163704715346001
0.0128206138990087	0.0100120620351917	0.0107488942340818	0.0131203622755098	0.0154654006200708	0.0121277712142433
0.0130713670977406	-0.000879431609388197	0.000704358244741995	-0.00415723584662455	0.00047418250450945	0.00069419169991734
0.0116704122092317	0.0136626581887368	0.00764972343198909	0.00868261398317506	0.0219411949369646	-0.00422880988620778
0.0122112886615751	-0.00155774574349735	0.00350178810917807	0.0116662228074051	-0.0150306619319532	-0.0106610439520371
0.00786757832840732	-0.0128504235407628	0.00468534285515225	-0.0111305519444504	-0.0287481313029107	-0.00446090841392069
0	0	0	0	0	0
0.0110879165959948	0.00314861119533557	6.61309118530507e-05	-0.00372926419930367	0.0236844635354586	-0.00244492362684417
0.0128535868250067	-0.0124163234473947	-0.00120728482168481	0.00164774118724731	-0.0186831991452855	0.00514068606867603
0.0137111225611246	0.00212717194100177	-0.00975839241083624	0.00663084004384674	-0.00886249433740391	0.00087608598363126
0.0103278520175811	0.00349423430155395	-0.00905765899051434	0.00377869653946469	-0.00872879582670264	-0.00152648037559055
0.000384687184106253	-0.00368102462965654	0.00974867951588498	-0.0135207327222755	0.00263615029455699	-0.00300057858809668
0.0141635063950658	-0.00281461193553643	0.000296435576630959	0.00296271918207291	0.00567365413906136	0.00493831598214685
0.00346833743399636	-0.0060658731294441	0.011195796299264	-0.000915465806711695	-0.0186149303320312	-0.00256101543941549
0.012371840129201	-0.000655709773511229	-0.0052720443844911	-0.0151148916003259	0.00615950370266295	0.000379976158583571
0.00997664761175055	0.00231433815019866	-0.00868625036229677	-0.0155854155141061	0.008365972291774	0.00296405882274352
0	0	0	0	0	0
0.00679694806174848	-0.000832411596970098	-0.00513929509015106	-0.00733942892489059	0.00671952246641271	0.0013156987020379
0.0182775626410284	0.0134499616871137	0.0234504608226547	0.0082200206098882	-0.00479349136655687	0.00252392133257574
0.0120097840420085	0.000824449358656204	-0.000795049011045251	0.00192967583432326	-0.00325992527052396	-0.00492533043710556
0.0126798805459198	-0.00389585719653637	-0.0228278517911229	0.00952786910955612	0.0119697635662022	-0.000722404172691575
0.0130637502738396	-0.00539927766729614	-2.69639234893954e-05	-0.00754032345210629	0.00944630985200443	0.00253031163852002
0.0146316181746151	-0.00725120444827533	0.000241919558088957	-0.00748083468020002	0.0123725379057303	-0.00475167905799588
0.0108015636382847	0.00137800336604338	0.0016701247445918	-0.0035111739708822	-0.0052111394847669	-0.000888908588786143
0.0120039434101444	0.0118167925355487	0.0122085144753723	0.00698980615707751	-0.0113100955277262	0.00734286516089321
0.0138964017676901	0.0167693534857424	0.0104748466046525	0.00934072536954899	0.00253094448331935	0.00692101375624387
0.00929940485154556	0.00664269940093965	0.00505028666586912	0.00994506812034223	0.0095251403979382	0.00178272124551263
0.0119327956569037	-0.000412726563770988	0.00110915987393696	-0.00238484646826343	0.00757465858596532	0.00277306188290411
0.00298083072622605	0.00460567857257146	0.00154215969173244	0.0207583179447607	-0.00823700456682456	0.0462323646925794
0.0146803099020488	-0.00132494382918564	0.000720044857717736	-0.0133926877242193	-0.00351956479640757	0.00666289110373441
0.0153444440727713	-0.00218344383705577	0.00116212514977588	-0.00096830249361081	-0.00162145292597014	0.0108664837156653
0.0193693564263603	0.0327690062962283	0.0116338479855691	-0.00267253016976536	0.00837173041085483	0.000896561080633679
0.0140369758644439	-0.0039756289747376	-0.00185349138082594	0.000239276090973743	-0.00802071056938383	0.00723317583687291
0.011757586054317	-0.0223415001635467	0.0107784175905517	-0.0112083792187127	0.00805777076915013	0.00655446845510841
0.00969799312971581	-0.0197316077625457	0.0111591849627829	-0.0105314621842414	0.00974097919191552	0.00818537775105542
0.0144466280491512	8.52258161109301e-05	-0.0287031246412363	0.020579401613183	0.0117844187456549	-0.00160596116722042
0.0127198594725921	-0.00726615639871575	0.00978450571863343	-0.0130432074747955	-0.0258221814114633	0.000513179412901426
0.00375736567673137	-0.0150291895689467	0.0108983309610527	-0.00661958419320606	-0.0314417903943285	0.0333383912347919
0.0147423731064277	-0.00258491155744304	0.0122132523958626	-0.0143994467935574	-0.00631160874044778	0.000219724371205922
0.00559699793329886	0.000344440730967156	0.010839681864587	0.00909900332064189	0.00145833179433978	0.0258540658532998
0.000198751217703066	0.00358754746308403	0.00428391465719082	0.0034654369211759	-0.00791821158073986	0.0158031911646787
0.0158795641232745	-0.00171413233461791	-0.00335434321089974	-0.00938527043111212	-0.00740413152387091	0.018342119816429
0.0137693414896157	-0.0312690038663456	0.00639982330266783	-0.00908956607534834	0.000516098671158672	0.00449042407624919
0.0185842480683121	-0.0115081685835369	-0.0254823088253971	-0.0034676693946007	0.0141205482797331	-0.00603873425656302
0.0128720992648664	0.00100981890079016	0.000500658765968322	-0.0027333102339763	0.0079947822861469	-0.00142317580179044
0.00330563503414682	-0.00449453228485089	-0.00801710339509613	0.00970134544957516	0.00301181791864325	0.029812653868691
0.0116441170944893	0.000729601520336094	-0.00163752485396444	0.00192834928238866	-0.00157027599860333	-0.000501233867136205
0.0141462709878129	0.0040615498179169	-0.00130779013085193	-0.00225836592770909	-0.0176241113428206	-0.00269829907916773
0.0114974779182289	0.00659449066720186	0.00445129825438507	-0.00655659380273244	0.00262885646155738	0.000455227535779393
0.0143667792587629	0.0147952538508224	0.00464458372296181	-0.0144948136359195	-0.0165927274517935	-0.0159747951232289
0.0131897830353476	0.0180785209351382	0.0035370099301102	-0.0156827067230376	-0.0155745703915501	-0.0071597230533948
0.0116226991632431	-0.00771615333258899	0.00569458919249875	-0.0122234671934532	-0.00596313766556382	-0.0052703942911055
0.0127755311279762	-0.00332581697032624	-0.00671688152934038	-0.0116331119503717	-0.00697082367942499	0.0072381354015193
0.0118404621972818	-0.0197042150948953	0.00137008735733751	-0.00980073574213053	0.00298963781452953	0.0173890607906124
0.0133083069514938	0.000419749552697666	-0.00531425928310502	0.00653145369556809	-0.000464025375074194	-0.00612497302335083
0.00861245762959505	-0.0048468846116428	-0.00204841249729192	-0.001366092979977	-0.00399025732541474	0.013557378742924
0.0140348757692379	-0.0222553770375185	0.001005763362296	-0.0101901161872327	0.0112933248887372	0.00486480107029141
0.0114961934767105	-0.0115625426714242	0.00379120662215386	-0.000833516720909258	0.0134058423599472	-0.00103189195638579
0.0131299851330654	0.00658750199061194	-0.00681759342064279	0.00158254167028047	0.00179629145686384	-0.00292220638114093
0.000993110347469919	-0.00289878570317505	-0.0140739402036585	-0.00283152258401118	0.0181133527766011	0.0313610013686466
0.0133098718922755	-0.00463702663912927	0.00928862812499076	-0.0246608731752835	-0.00807996695932941	0.00659691954758451
0.0147040024574708	0.00733943402847574	0.0107990855395838	-0.0186624939174942	-0.0183935161229002	0.00268082960619582
0.0108334792067425	0.00235935949328591	0.00502280611620779	0.00716136242681502	-0.00537271494316018	0.00368398819073694
0.0141162182586911	0.0229945282085727	0.0219242807387724	-0.0041909031951956	-0.00875298843616514	-0.00491351487466196
0.0122313541543992	0.00465020810344293	0.000485276362836726	0.000534821533233023	0.00533406236059587	-0.000920065021475688
0.0142288037269202	0.00711609145908235	0.00498458885116153	0.00956723818978637	0.00166987440141646	0.00164136547952982
0.00891060611189577	-0.0138000714119008	-0.00746826424697006	-0.0157462776490812	-0.00967608232061317	-0.013533437584394
0	0	0	0	0	0
0.00715795393705692	-0.0179273224731903	-0.00411083607432563	-0.00809046793682634	-0.0117480348724953	-0.0162804185588615
0.00178875838689399	-0.00373186545509304	-0.00443310707865627	-0.00655915446341103	-0.025127134519605	-0.0151949855912008
0.0115399273227554	-0.00316605955248797	-0.00733420942004448	-0.00546329593820598	0.00463133745221066	0.00198661793360106
0.0132637324829274	-0.0396201331208811	0.0240832433518844	0.0339102222031612	0.0102734895500381	0.0108580907336074
0.0125112130407315	0.00819962861748469	-0.00160634907719185	0.0147395100495472	-0.00310656521229691	0.00892220985418847
0.00874617372924123	0.000939326385327375	0.0197447574772326	-0.0161429881624794	-0.0203573319849333	-0.0118651524192413
0.0162355384538093	-0.000695258836579562	0.0326761972965257	-0.0258049958897244	-0.023278619925717	-0.0271232367937935
0	0	0	0	0	0
0.0129004069253024	0.0139844173219411	0.0178374412720503	-0.00825562280938568	0.00231009952368167	-0.00876087697815228
0.0172343290861932	0.0117091834078931	-0.00189209795100922	-0.0091428625896514	-0.0103213343197368	0.00413962415374417
0.0128832794804227	-0.00543254195573147	0.00266418662279563	0.000861490411740471	0.000692731396644894	-0.00271616278695753
0.0125680730342922	-0.00288244060617598	-0.0286271252278611	0.0159390815425323	0.0114245408157824	0.00809456479297179
0.0123567399285895	-0.0125921402892467	0.000195489393460197	-0.00673443212990592	0.0143641263327125	-0.0141101710782035
0.013215639507303	0.0116477800653012	0.00525163372649001	0.00407771241337913	0.00209356132478522	0.00385907929119751
0.0133106874175094	0.00646714841392761	0.000747494005604847	-0.00416619799130206	-0.00446636613627399	0.00150735733623566
0.01524855579882	0.0211918184138652	0.0071790607746997	0.00886170489686426	0.00501461854744325	0.00234125833301639
0.0143862388558336	-0.0010585962728123	-0.0185370827164414	0.00129294430376553	-0.00710835329859083	-0.00503491650711884
0.0163325396849011	-0.00122697394516055	-0.0185834633303284	0.00163456817783948	-0.0047551908944848	-0.00683901080804219
0.00504266010056862	0.0020721219558692	-0.0343461754910427	-0.00808598166571339	0.00290243827862721	0.0217009784121055
0.0123172068589976	-0.00835722254102326	0.00991130792031143	-0.0092421438820238	-0.0266333856400518	0.0203963332267117
0.0123229820900368	-0.000997809181249907	0.00582214011831849	0.00583870693766988	-0.0115682455223424	-0.00308600187431099
0.0142953652104996	-0.00304782013472362	-0.00071220672538714	0.00738583975887827	0.0103846641343213	0.00812036313490308
0	0	0	0	0	0
0.0170985854707145	0.0132564565939164	-0.000940025572103917	-0.00154836299215701	0.00647078822636424	-0.0410246777688846
0.0139129417835447	0.00278300146074164	0.00274740986046033	0.00597566568713795	0.00635689254724524	-0.0126284502025129
9.89179475803053e-05	0.000556975398571893	0.00331204635567507	0.000695516827512936	0.00930971274793134	0.00655670798032576
0.00421687156320243	-0.00646912359089132	0.00726204849522419	-0.00527050769907892	-0.0143861974203897	-0.0240084054382856
0.0201398849954717	0.0116161175449527	-0.0122319321909444	0.000748506980602754	0.00470660208079376	-0.010417948430938
0.000757999165552695	0.00491219813674572	-0.00734303150184172	0.000631180986214591	0.00701860352491929	-0.0293987267241495
0.0194106576518559	-0.00992499855218574	-0.0266004617409965	-0.0156783124379745	0.00427835740760039	0.00518728923814484
0.0145361725334992	0.00287942204012044	0.00185274719300991	-0.00114831493691574	0.00431681760047373	0.00485767975456163
0.010480554462344	-0.00373048793870479	-0.00262105944803876	-0.00505245985949954	-0.00422076787863328	-0.0126317221686508
0.0108297965162693	-0.00391144592070979	0.000476445745259074	-0.00493469583145147	0.00739678252373747	-0.0101907239182305
0.0130277558532245	-0.0104399098529251	0.0174818258985934	-0.00392588404319224	0.0186061027969981	-0.00627467025949053
0.00457035639853243	-0.015872344013197	0.0155450196646251	-0.0107069601854945	-0.00738897723115729	-0.0287594936864307
0.0148100187274485	0.000776602374068286	-0.0031191478698134	0.00176583087105447	0.00098106674138877	0.00500556938127485
0.0157370023165132	-0.00247575600697872	0.00469604889406439	-0.00409419978024529	0.00131532442762564	0.0029836428752088
0.0103568270561741	-0.0255775176023288	0.00698527137665068	-0.0220386884473617	-0.020960977480504	0.0356721021805498
0.0143521087222499	-0.0250187322873132	0.00813165262626474	-0.0168786227197523	-0.0173277169503628	0.0274452148368558
0.0137229744491733	0.00256049550624741	-0.0331352242489718	0.0162421494908695	0.00447455076626217	3.57877164267354e-06
0.0111032478893974	0.00856882555109115	-0.0127425493105226	-0.0322927586526365	0.0112005617199393	-0.00733259696109425
0.0154814851009567	0.00400544441030608	-0.0177123599244002	0.0119667820826611	-0.00979973789182843	-0.00347183276249036
0.00883469708805243	-0.00175498400334455	-0.00570181638725897	-0.00284587079366923	-0.00171847205101542	-0.00821700555467554
0.010689549976431	0.00478323369777209	0.00239014362684981	0.00741085160115409	-0.00510591634896093	-0.003533608976932
0.000330608684402191	0.00505674472249347	-0.00158665906661464	0.00857928610836485	0.0108844079094337	-0.0187372713114852
0.0113744081043652	0.0100036874202934	0.00814664299221167	-0.00412186479364321	0.00285057081639341	-0.00404597539688333
0.0130285461846187	0.00258494676853013	0.00222660726462974	0.00301295449439415	0.00188161019068384	0.00267417999075472
0.0123358216714488	0.00411216839522227	0.00613126383284207	-0.00130503710359845	0.00196475190491068	0.00604412128468104
0.0120404665301845	0.00618561757033885	0.00248628518862792	0.00269194703055109	0.000381541473426854	-0.00731319882114954
0.000925708267729885	0.00578820956292392	0.00993515699330508	0.00757768102652664	-0.0130787041559006	0.0276343066183017
0.0113163897960178	0.00621106353822498	0.0114701209993922	-0.00071704192107293	-0.000791545460473725	0.00832400122017285
0.0135554422822269	-0.0108300480556057	0.00113181618188848	-0.00849238373558747	0.0131060293695349	0.000547657902661689
0.0168159533256907	0.0175818840359381	0.00134754301087735	-0.0165163119418207	-0.017276324230508	-0.00943791175185065
0.0123341624767532	0.00665845331006711	-0.0100706656207589	0.0133043820399909	0.00682581200041463	0.000588491264718286
0.0197107448990759	-0.0303609193843768	-0.0176231946290521	-0.0214817370913832	-0.0339066106883755	-0.00374657684354284
0.00308223336461109	-0.0247603879745781	0.0102212909194183	0.00328131135413429	-0.0267742364981792	0.0178990304940692
0.0129738553819485	0.00348307772030287	-0.00489590876656983	0.0142707134247841	-1.67712293693903e-05	0.0101285017556916
0.00824529528243237	-0.00652953255973193	-0.0061521537351222	-0.00543259774096625	-0.0160498374618128	-0.00551894705793943
0.0156228349371506	-0.00488295976493028	-0.00654649137954641	0.00367731899780145	-0.00333571475951871	-0.00150874939604271
0.0026827827158184	0.00570228018177278	-0.01399882816468	-0.00314189061283225	-0.0221978497842554	-0.00307986139100419
0.0128400749209252	0.0148968174311684	-0.0172631076234163	0.0252165773141469	-0.000497352875074664	0.00942272988772654
0	0	0	0	0	0
0.00541904949606883	0.000451305644282017	-0.0135112717573785	0.00026753163893256	-0.0421000295113499	0.0189989502431099
0.00443531687292297	-0.00236704233565577	0.0038370411916017	0.0053419765329838	-0.00814170594444387	0.00351445279162189
0.00479151541954647	0.000905585441818933	0.000734118010225965	-0.00179159085555338	0.00969296240744453	0.023820131213111
0.0152549920219974	0.0200444026941854	0.0070827728376939	-0.0167295468173806	-0.0142888468812999	-0.000562636284507617
0.00433027752763186	0.00325421566660832	0.00993400659583572	0.00446048978279099	-0.0132174540062289	0.0125441387961546
0.000191414242230176	-0.00316946670968963	0.00389970570711566	-0.00783671424413354	-0.00910580926719081	-0.0143205210172575
0.0146423847602362	0.00621698914239181	-0.000723968226396585	0.00664637315694318	0.00338988051836722	-0.00300536079433887
0.0131420584201087	0.0152908310172392	0.019941928902604	-0.000898543448202521	-0.000232778753564715	-0.00362976799761198
0.0130507307628768	-0.00638444192203484	0.00100914542376425	-0.00595702640930389	0.0179007928051865	0.00409774575694006
0.00228743427000719	-0.00139015528462532	0.00453974922216808	-0.0158498573145736	0.0197760897579921	4.74852131848915e-05
0.00947583761118291	0.0204057808411529	0.00799570442712761	-0.0229133907158244	0.00280447903406561	-0.00223504749266849
0.0168346683468258	0.0188516065725018	0.00350841334681286	-0.00782005707645571	-0.00642326752170329	-0.000404126477445657
0.00663436171214489	0.0104436121365972	-0.0155624693571625	0.00123251802944393	-0.0165521050271315	-0.0176485171375064
0.0171903442021252	0.0317304261937293	-0.00967907957938208	0.00617201518710719	0.0145811173460906	0.00402259169214335
0.00757478309071815	0.0299174787600952	-0.0154398718461862	0.00616848457874085	-0.00241516258864204	-0.0028889570158195
0.00943131758519572	0.00597752178680563	-0.00528236241676095	-0.00950435987468699	-0.0162864477861313	0.0107664723533094
9.98332701227601e-05	0.00303057206451213	0.000971868301515757	0.00276992009366297	-0.0172279243286712	0.00924648318435298
0.0162432920518744	0.0161499782242947	0.00554169961233566	-0.0132876923819807	-0.0145117862992848	-0.00700679058708514
0.0152881170393876	-0.0193670172875143	-0.000280277860180146	-0.0213998878568412	-0.00403701748669734	0.0114390166759417
0.00955097508397358	-0.0121606767570329	0.0302649135035319	0.00627469289640109	0.0417035682731442	0.0023169896484569
0.0145078272226959	0.00654050558450429	0.010219729423401	0.00183754928786718	0.00638943553692336	0.002652619733712
0	0	0	0	0	0
0.0138371484584653	-0.0264363076509615	0.0162458953577937	0.0366980324064526	-0.0013333712906001	0.0075718681192339
0.00514332192665773	-0.020321162907866	-0.0090402707633426	0.0145968140975418	-0.00528428238470849	-0.0176007992890716
0.0133190930918038	-0.00820878760701561	-0.00420658242130086	0.0055266658941985	-0.0128484400064996	0.000373466895147514
0.0145208526701032	-0.00176254360060986	-0.00830393281194204	0.00479452025431978	0.00175615272214029	-0.00170532847575714
0.0124378752268445	-0.013874396501578	-0.00604871493133981	-0.0129383026109279	-0.0125605413605568	0.0106583611856995
0.0123900293974235	-0.00387230397933709	-0.00167539073310317	0.00631258937607499	0.00631205731934168	-0.0103784908957399
0.0181282947258769	-0.0106247470688143	-0.0122597033712875	0.00825829497049872	0.0113457246765282	-0.0254028440333788
0.018754243730052	0.0218913153591099	0.00557324884791121	-0.0128761276046183	0.00619246336917469	-0.0197590186712953
0.0132525472612447	-0.0166143347572185	0.0124111656307254	-0.000267714936189898	0.0183212139610714	-0.00549827080804517
0.0123196648636506	0.00584860086593534	-0.00228536080379501	0.00434378604738626	0.00367292514254177	-0.00447186667444944
0.00632001023236946	0.0109638291274859	-0.0049826845521837	0.00884308447669683	-0.00352875983708821	-0.00112173646118224
0.0172204697128212	0.0174826924446163	-0.0091068713223618	0.00180283178174655	-0.00751725233216681	0.0195752284635817
0.012401219852376	-0.0018589203238135	-0.00205427725714764	0.000444541198583272	0.000592332924382653	0.000889200012988713
0.0127549850821484	-0.000238101733824103	0.000799993620421087	-0.000314588356049084	0.000140386059752129	0.011882596498245
0.0112335982818367	-0.00783290461003745	-0.00605101601309392	0.0124325353908724	-0.00230604616961544	-0.00454900507895677
0.0134938501910068	-0.00536859156743765	0.00753646611737091	-0.00677074223893752	0.00538354731521306	0.00354803842192304
0.0110804095859642	0.000582478029871636	0.00316039479291914	-0.000192489155669601	0.00264228787848791	0.0046522527618136
0.0108752444170352	0.0192607971679352	0.0138735111203776	0.00505823735524275	-0.00785845020358706	0.00243218798883348
0.0115753901005314	0.0209467098950202	-0.00347574358304656	0.0106873451258221	0.00125900102860316	0.0152705961807726
0.00194453925487032	0.00522657319275527	-0.0047435945804804	0.00381233129689272	-0.0145985497250862	-0.0192330061531063
0	0	0	0	0	0
0.00719645088999782	0.00861128430213652	0.00412269240154788	-0.0112942492343422	-0.0169502546160823	0.0136960278388986
0.0157017531967954	0.0135849470739279	-0.000924934554758668	-0.0121222086185753	-0.0174594543416819	0.00989078775179884
0.00742864999300061	0.00987833874875157	0.0118620672178907	-0.0134700679482709	-0.0231148085527642	0.0177862487406161
0.0124642794884294	0.00514468483297218	0.000220751306525701	0.0029657232918276	0.000631441346109171	0.0023030210521859
0.0136163704445872	9.51997604666908e-05	-0.00286057436565895	-0.00205012652621522	0.00611519043032843	0.000727534894381342
0.0142699598636984	-0.0107366902879218	-0.00719582292294795	-0.00202605914531812	-0.00158726615438068	-0.00750900534269881
0.0138567033692571	-0.00281586617214046	0.00265306676388018	-0.00456725475727068	-0.00551312422880244	-0.000576489969352322
0.0148739099188407	0.0261853667114417	-0.0104238044199674	-0.00565748371268013	-0.00126576127965931	-0.0093580639364527
0.0138946852046706	-0.00133604925130641	-0.00687387968027459	0.00946344781665848	0.00764285853067273	-0.0153803033805354
0.0043724000564043	-0.00911205962703997	-0.00812667788129544	-0.0191661500304767	-0.0223048698413179	0.00411049533502618
0.0132091046151351	0.00405255837505599	0.0010445582745384	0.0110944200382449	0.0028919903564974	-0.00489497620403112
0.0106320174622228	0.00197463554636443	-0.003670765765815	-0.0123815550450644	0.00750032225469746	0.00262003945859447
0.0115167170872585	-0.0229516891819091	-0.0047372264393245	0.00829056135143833	-0.00232223762571696	-0.0237152622691447
0.00131671058713453	0.00268681300762167	0.00548912529125378	0.00960636939290596	-0.0114676309553013	-0.0187245379333677
0.0147622680126641	0.00101244576490056	-0.00457322558244392	-0.00589622103269337	0.00948497372794245	-0.00701346665378698
0.00947796868400311	-0.000149146878921742	-0.00125922190577218	-0.0133642962431428	0.0150107832390625	-0.00572315826127509
0.0133608410785964	0.00766529274440357	0.00121412887776447	0.00157510606131092	0.00432011920755088	-0.00284072888940656
0.0119898651702056	-0.000802024227797186	-0.0118814648277276	-0.00567117286198858	0.00475647513236139	-0.00247220935588623
0.0137615221196931	-0.0024785696091649	-0.029880303244656	0.00579299085395695	0.00949874357286352	0.00446380136070689
0.0132225272179121	0.00675122791594492	-0.0126028337774136	-0.0140825600308401	0.0085357505560783	0.00864929516423441
0.0151674773222322	0.00979451903075852	0.0100106892027547	0.00459055616536085	-0.00605291118758179	0.00966876830916979
0.00703142130077013	0.00591894448131076	0.00220734577367027	-0.00792508437964655	0.0133859733811012	-0.00882288820379134
0.0131650880209986	7.13309661556035e-05	-0.00834177390274506	-0.0096470464485703	0.00811109657093536	0.00346195308255538
0.0145788494119391	0.000851197815314753	0.00217028443997086	-0.00398042990605332	-0.00210820643522522	0.00162810231945452
0.0144675928187717	0.0206534062457386	-0.000402898317626071	-0.0160634101390019	-0.0128760259216929	-0.00356707898703319
0.00289190286259359	-0.00774405162867371	-0.00791151238573954	0.00985151274397088	0.014913815792765	-0.0316910746741033
0.0142260682340477	0.00409791036514138	-0.0049643266234365	-0.00668180178849388	-0.00330900450524328	0.00366474676396738
0.010805694755963	-0.00666809484617686	-0.0248629855792529	0.0112255847701699	0.00709658787587068	-0.00867877380023832
0.0168869192702139	0.00963993564222375	-0.00680809765792117	0.0201132917508028	0.000666231351345255	0.00684511610383321
0.0127926872328331	-0.00937661298503877	-0.00413897246305574	-0.0135299518260335	-0.00664838743946048	0.00665863209025776
0.0100869832480667	0.00841952807781179	-0.0148241450424224	-0.00248964397029989	0.00640547372375359	0.0108347607969035
0.0115511431277409	0.00844555959314337	-0.0182763637575249	0.00303154161765846	-0.00255045569339538	0.0105277637672148
0.0161102807812555	-0.00774632881692102	-0.0122803747411409	0.000666536881601314	-0.00605175405514938	-0.0105103893749362
0.0126547604793492	-0.00141323003783124	-3.99783754755264e-05	-0.00313128686805079	-0.00330827081583249	0.00161740085638985
0.0125926901973396	0.0152289001250999	0.00845411969715501	0.0128600627561234	-0.00462034116163784	0.00689718515605444
0.0138472000589565	0.00668601380525436	-0.000481814487981905	0.000574651141852021	0.0108604444989118	0.00438743220065452
0.0150239009362367	-0.00770403188380348	0.00365112387776426	-0.00388805059387539	-0.0247572015690859	-0.0159352786102416
0	0	0	0	0	0
0.0053288972473379	0.0174278120189629	0.00839078289959263	0.000416677146487483	-0.0225168341647775	-0.00322234576009051
0.0121811280686409	0.0316179566161032	0.0169319360705957	-0.00611076521141872	0.00982715442124701	-0.00312154553102151
0.00816169441279218	0.00861279695527037	0.0110054253575066	0.000782196167916888	0.00598171295391452	-0.00272724230648705
0.0140509095153125	0.00623608342412952	0.00536513494454053	0.00706473690640479	0.00552157575389578	0.00249142583231146
0.0116377298559297	-0.000799292922059864	-0.00105713016470871	-0.0132088937702633	0.0096222757806248	-0.0056581034188718
0.0115402063041516	0.0102426513794788	0.00214310929925491	0.00418727503692064	6.00634766911203e-05	-0.0065159883650351
0.0159521053245967	0.0228752935971708	0.0039706285001768	-0.0234651483755179	-0.0113779914603811	-0.00894440976495713
0.00205586771314142	-0.00965909457380062	0.001085051591927	0.0129243032103843	0.00583729108966899	-0.0106200172990395
0.0128782157280032	0.0115899359985765	0.0157927794293999	0.00778311850731142	0.0130742972723591	-0.00098970071507026
0.00925277886546402	-0.00705278412039556	-0.00821630573483695	-0.0158956862313285	-0.000130827774551525	0.00627722189933062
0.0132817779096387	0.029243619276095	0.0213597329945025	-0.0144556183857621	-0.00220761313622881	-0.0130306380348908
0.0138859570714456	0.00444405783669044	0.00463848858152831	0.00374982493606469	-8.2125554192675e-06	-0.00187651662316936
0.00151387150737337	0.00554640838927641	-0.00138956895292245	0.000678517193561028	0.0186145704343203	-0.00884997826328584
0	0	0	0	0	0
0.00816421821664834	-0.0187807795568626	-0.0148087762173388	-0.026913459533841	-0.00410656758683451	0.0205628882252639
0.0119494787458479	0.0075157764736683	0.00333117462755999	0.00370230918482378	0.00152825492796388	-0.00224986952590227
0.00130494935053349	0.00654390623955323	0.00208081045313257	0.0172825928650211	-0.0284962791858472	-0.00218709340699535
0.0111714609608298	0.0303129071199065	0.000266513031358689	0.0230172718563284	-0.00645456404871549	0.0152273166929236
0.0143790735894169	0.000289525968093035	-0.0095547525584121	0.00636457782125168	-0.0124695235553217	0.0037717829929342
0.00557948361001557	-0.00336413338537619	-0.0012382955871001	0.00300361316860836	-0.0205269103446721	0.00620195838733719
0.00357429515903334	-0.00535623581900803	-0.000115738438036083	0.0262700410404628	-0.010613586805784	0.0305535650780209
0.012314952376147	-0.0088419370848886	-0.00800685814755633	-0.010264875063663	-0.00866871007116382	-0.000489538577191257
0.013319975359382	0.00287440509090699	0.00176424960006417	0.000447205326727049	-0.00289568413315305	-0.00870467683552386
0.01346911980428	0.00347191727822489	0.00926990064059835	0.00439506680956498	0.00558326435997798	-0.00153718595489904
0.000528145862722659	-0.00455595817624685	0.00688026296990734	-0.0154719561336273	-0.00648571124337334	-0.0140107317161969
0.0134989722095221	0.00702376144574577	0.00236033725652474	0.00675322586876279	-0.00359589205109327	0.0108480823452753
0.0142523721705006	-0.00361427653995808	-0.00113698285534436	-0.00521229325572283	-0.00519854501091748	-0.000267503935752375
0.0134140607289973	-0.00616609970942151	0.00116141625836394	-0.00326902123499307	0.00585007271207077	0.00239446527373625
0.0119568440385592	-0.0111877559263079	-0.00436769435652943	-0.015395792546284	0.00275966156291171	6.06255073241422e-05
0.0120560496947064	0.000147448930434592	-0.00271130588394988	0.00314845039311786	0.000454356662028749	0.0039466308166527
8.89851833097946e-05	0.00111175422938214	-0.00174765552028824	-0.00635953620527574	-0.00248654475647589	0.0103677819784214
0.0125216286563283	-0.00217065478030974	0.00167125705583702	-0.0033063674040133	0.00716719509482295	0.00469567997259198
0.0110336793350327	0.00254588700792813	0.000244363773599946	0.00274453297722328	-0.00380913967480238	0.000419686749439053
0.013680797696357	-0.000331405045934235	-0.000831478307063871	-0.00335061207556775	-0.00160744404859291	0.00264023331682572
0.000558583696563484	-0.00511129486040789	-0.00891373950201395	0.0144380618214235	-0.00516835997119669	-0.0201453716473294
0.0145797635363462	0.00290678602683244	-0.00859196756433222	0.00359236047013788	-0.00094844088845437	-0.00491027082348298
0.0139375135518884	0.00620417648211787	0.00249323355930738	-0.00412301692306852	-0.0093453371176412	0.0022012135288186
0.0132196531391699	-0.00940976860910269	0.00546599431404391	-0.00593734460136337	0.003540250031148	-0.00502248940477749
0.0141231529112974	0.0266093656517308	0.0046151960944392	-0.00492741769508222	0.00910076909452087	0.00842519695493246
0.0131953187053169	0.00121749331443673	-0.0017196951601834	-0.00989516806170941	-0.0152510553100544	0.00325515324928968
0.00669554907276824	0.01256297696455	0.00998198589129019	-0.00187273949312603	-0.00748743113285443	0.00227046191660924
0.0117049549960481	0.0255453156009534	0.014044204917667	-0.00349957340950151	-0.00269006832322686	0.0012080565827241
0.0144527960833956	-0.00408580037123157	-0.00538882289239454	-0.00277650474583261	-0.0100199592529037	0.00268822824856794
0.0116555476720942	-0.000680940261429805	-0.00062403627676687	0.0305225301740551	-0.00215455866151003	-0.0132131875225447
0.00109148228712414	-0.00683562808589587	-0.000505802264323718	0.009524288042768	0.0242840246162976	-0.00351360572295301
0.0130393592767997	-0.0220942038779693	0.0191655828618925	0.042672109927402	0.0125663550640242	0.0255230640222993
0.0137442184327663	0.000747058739597989	-0.00259872430792069	0.00625212332747799	-0.0143213561469629	-0.00511850496311096
0.0137333648937792	-0.000546910339201345	-0.0358500277180874	0.0208169722608091	0.0131694282082052	0.000839974850360288
0.0131711617272509	0.00406383439822853	0.00413245419815823	-0.0075872593265845	0.00140370383202547	0.00252004223908059
0.0186438471252192	0.0169145586935613	0.00391143661305912	-0.0158581352148358	-0.0138896567541902	-0.00218625952410713
0.0129690863876599	-0.00166144985900327	0.00237877429694269	-0.0039740070633336	0.0103660203412277	-0.00747818106878901
0.0117808832060459	0.00511129490789831	0.00251318849190613	-0.000147649173321067	-0.00405175203913511	0.0024015177119936
0.000644567636786708	-0.000565334871707201	0.00459237466051456	0.00623062596646902	0.00964424573780613	0.00393431148202098
0.00422638258990086	0.00572741589931376	0.00678922320015846	0.0171101251267057	-0.0071653620371404	0.00299322754768564
0.01087852002498	-0.011970570328182	0.00948870627627096	0.00132303246754733	-0.00149958419795649	0.00577773577498881
0.0156839738999909	0.00197123335821861	-0.00152446786212246	-0.000497088565604341	-0.00164416291593765	-0.00134173788193472
0.0152516830370309	0.0221009484128164	0.00959486527138413	-0.0147542853062426	-0.00240654849330625	-0.00859419162871893
0.0132831966635782	0.0236547051309717	0.0159649455976828	-0.0037016923535647	-0.00670305712723852	0.00199299462314615
0.0138564492652132	-0.013271623368267	0.00529592563545933	-0.0100204963564423	0.00422075117724446	-0.00104403647013383
0.0131648119568458	0.00849282817811011	0.00730993704063846	-0.00587234269587152	-0.00341998178806679	-0.00430067718513651
0.0138974786539075	0.0130263455149978	-0.0237206771913651	-0.0162380927766545	-0.010477664943619	0.00963308354911569
0.0109933820311277	-0.000400703776352692	0.00641655579196162	-0.00684734621857972	-0.00148801116227778	-0.000880246029399255
0.0144183178132678	-0.0142114293112174	0.0056093907134479	-0.00928955158560739	0.0252867198255786	0.000357081704106976
0	0	0	0	0	0
0.0127187471645986	0.00529070366600837	-0.00329813825407944	0.0100680495264693	0.00695222208794033	-0.00948710508134247
0.0100553493693072	0.000394234985713021	-0.00406589994800153	-0.0151445301074431	0.000813022907096824	0.0013520957938488
0.0105451898543543	0.00132515012086779	-0.00412046196817823	-0.0116744054531692	-0.00807593155916652	0.00383591376310834
0.00235718415554816	-0.00343431766525234	-0.0131587725142123	-0.03177834135561	0.00583680333516617	0.025389802078568
0.0132811800040674	0.00239310694842629	-0.00529996204896957	0.0006493315410861	0.000446767316876641	-0.000237756864221274
0.00832778011277782	-0.00715367851237883	0.00523003463137678	-0.000567060500274999	0.0165161684363225	0.00930382738978309
0.00081098217070149	0.000998999558771582	0.00295459607609549	0.00913055912210302	-0.010698903595112	-0.0144162717337462
0.000278774977464206	0.000230572504523988	-0.006423789771755	-0.0015539340513933	0.00129182390395389	0.0242657876598288
0	0	0	0	0	0
0.000356863557001649	-0.00163538978511389	-0.00469152615521407	-0.000771525765867317	0.000754756618200157	0.0137529308476778
0	0	0	0	0	0
0.000358615972113347	0.00402198879270528	-0.000841133216903826	-0.0046138662628567	-0.00623385455219995	0.00723795811646451
0	0	0	0	0	0
0.00189658262588104	0.00312954087622217	-0.000692614783858547	-0.00590867197778575	-0.00445773973799689	-0.0380628394271764
0.000306834350273069	0.000518617554071243	-0.00341178562944265	0.0106317000498934	-0.0178521946553549	0.00920100611324685
0	0	0	0	0	0
0	0	0	0	0	0
0	0	0	0	0	0
0	0	0	0	0	0
0.00188770937322538	-0.0267787967375414	0.00658778674346238	0.037184582189032	-0.0343738808728942	-0.0172922276211313
0.00650822019165634	-0.0425408718465892	0.0393030637718246	0.00127880043500675	-0.00332883811144336	0.0288360148837399
0.00476906990668147	-0.0321640955344899	0.0330988973788858	-0.014483338770611	-0.00433039781326656	0.035610046994684
0.00599939330951069	0.00981800643981188	0.00454934053383725	-0.00648065905941784	-0.00134770018220684	0.00181135086443078
0.00749155915862986	-0.0228263847055845	0.0197478799842633	0.0118648242028606	0.00824156395772649	-0.0102150525699234
0.0108025850162442	-0.0237073404378791	0.0246800756369707	0.0197955069064234	-0.00927583632091222	0.00261647886078036
0.0093989364642057	-0.052670997548258	0.085387353824645	0.0616827946596704	-0.027584215834302	0.0394024324429585
0.00834652728481255	-0.047925872308366	0.073209239676555	0.0567176881755238	-0.0326008699276882	0.0382537056128883
0.015198580123454	0.011881486215799	0.0020381629783139	0.00616455056803667	0.0166546911880103	-0.00665612634618405
0.0129878606812496	0.0175569602873262	0.000401067335235328	-0.00995820104193183	-0.0122507044936066	-0.00599976110704365
0.00983247298688804	0.00547823500120916	-0.010818253979795	-0.0103557505284061	-0.00583684052891856	0.0198180714956654
0.015904218375018	-0.00998092061939477	-0.0128759657475464	-0.00242431837627207	-0.0127658614014191	-0.00846648206733799
0.0142761184138155	-0.00414091797029397	-0.00318701170590362	-0.00208605147074941	0.0084844206469186	0.000422197017824991
0.0111164330823831	0.00217473583094143	-0.00839350646947649	0.00437558993006887	0.0146287010259085	-0.00207170208876584
0.0123974406775808	-0.000168500074860942	0.00162111551093809	-0.00255873202632215	0.0035095507655074	0.00043290766667128
0.0110435996723608	0.0108323267483758	-0.0219952210817648	-0.0316221139295845	-0.00358498400781332	0.0155092737610141
0.0130063588107344	0.0248072647457586	0.018493229912246	-0.00663466554397104	-0.0143192195734453	0.000933761358396956
0.0134409583691616	-1.17993173428012e-05	-0.0058457512316375	0.0478858878875223	-0.0185208522856844	0.0727623080357374
0.0107846579071814	-0.00602085987771168	-0.00101507822572099	-0.00415140334688556	-0.00628241929159657	-0.0144272608642395
0.0131404224268307	0.0222441093220448	-0.00598994662021001	0.00280491845270601	-0.0135281539506288	0.00848412981185838
0.017010073382601	-0.0075597437435788	-0.0204722101128439	0.00309077241498068	0.0125604180509846	0.00128032153410541
0.00791562026674135	-0.0017966977183888	-0.0070017502096159	-0.00884838743546315	-0.00568968956240747	0.0132933569283199
0.0152214290761554	-0.00313144429948658	-0.00796664208301469	-0.000701383888482369	-0.00181315740956008	0.00602700509822954
0.012499539442327	0.00434975558540905	-0.00126795406746186	-0.00257282000885191	-0.00102536866188735	-0.00662241351639311
0.01236126884879	0.00420041960437821	-0.0224526839139361	0.00108850841713875	-0.000682163068687452	0.0101368744172336
0.00445603648606483	-0.00588885360082814	-0.00761059551565154	0.00173429915398594	-0.0229703501510264	-0.0112825437417372
0	0	0	0	0	0
0	0	0	0	0	0
0.0102624211754003	-0.0171366535905477	0.00295865807816539	-0.00611955294559357	-0.0182412681421266	0.0075316532607366
0.0137283705974189	0.0207604504121569	-0.0181061967583081	-0.0377457370591442	0.02185900278232	0.0227013446823721
0.0112663504295638	0.00621121871381106	-0.0177074873727431	-0.0119261017967782	-0.000754513767295158	-0.00361477183764322
0.0130187773658601	0.00757296284857524	0.00239092302635865	-0.00787650759348042	-0.00669627223650963	-0.00454944917252642
0.0119099061928106	-0.00138460644625133	-0.00743258183896482	0.00925841222471591	-0.000681978167857295	-0.0121815391400534
0.0109977373280637	0.0101422501700902	-0.0195601986537674	0.017746897086868	0.00952021326394557	-0.00921327133308319
0.00317320276798222	0.00566992469237314	-0.0117898800946775	0.00343706014426202	-0.0170925106707049	-0.000767989881383805
0.0122722914271912	-0.0108642112104915	0.0106458754491584	-0.00310586315131696	0.0199747446409578	-0.020657402245061
0.0080212602110526	0.0117134296296542	0.00843456835209325	-0.0177810809684492	-0.0130674492537124	-0.00449070084243875
0.000182929754021305	0.00103700835908641	-0.00484250775344226	-0.00030759137853046	0.00541766893108446	-0.00970118999196552
0.0127250197681721	-0.00505546757027371	-0.000540441177012364	-0.00616269523486578	0.0119002708818291	0.00280734229112134
0.0123491011026632	-0.00219713770938446	-6.18405775732892e-05	-0.00320274165490173	-0.0029115987503003	0.00381838563760467
0.0123410348253521	-0.0174629330797664	0.00285996080907824	-0.0136610941593679	-0.00814055273071813	0.00703582680025345
0.012056003247504	0.00333583981297907	0.0028816007784686	0.0183306283396707	0.00762970024421746	-0.00203835527488337
0.010520220840931	0.0150165045985464	-0.00675066449402627	0.0163068232816918	-0.0142212154752341	0.0226256445598941
0.0128552507794525	0.00871388628446673	-0.00523751022231725	0.00576956246028105	-0.00272081857898361	0.00166899733060465
0.0153774336422247	0.00156887297203567	0.00356233232379735	0.00822146952906766	-0.0109842031826193	0.00134358395256148
0.0137942774399312	-0.00942471641259227	0.00436706456923875	0.00691370683452888	-0.0153550175630375	-0.0196594182685272
0.0108883988019526	0.00805713200742992	-0.0193518116298142	-0.0133248495607902	-0.00644960226775485	-0.000120291263166466
0.0189935730350023	-0.018976016417859	0.000980421773536959	-0.0390227000627534	0.0241316029023875	-0.0104295820902032
0.0134343024961015	0.0124336988237109	0.0154984523090678	-0.00570423065782345	-0.00805874955557687	-0.00600796110488639
0.00316370726960606	0.00863532089392849	-0.00124410992022209	0.0391059509648516	-0.00947824574582263	0.00117756999025192
0.0142742770863019	0.0131126729163937	0.00123332669070822	0.00907615374964902	-0.0151448099858229	0.00245796532312702
0.0118026714472115	-0.00749976891041485	0.00226325617251392	-0.0138032390873335	-0.000143051209656329	0.00582538966798328
0.0146277608019504	0.00688644420566625	0.00215879069963542	0.0046941205270321	-0.0116920877365845	0.00147478829313065
0.0139661083134843	-0.00238105271750173	-0.00179410152635052	0.00807864468040016	-0.00762151568021458	-0.00818721134849349
0.0113958852599116	0.00373484035732409	0.000575603509814225	0.012936965637998	0.0099680616412257	-0.00675348045278311
0.0146160183136488	0.00221431636656872	5.27698801202257e-05	0.00511018489082292	-0.00411085294212768	-0.00887471963963355
0.0193034803840707	-0.00128559330512338	5.14580971298327e-05	0.00491541603291833	0.0134207467870231	-0.0216656432122411
0.0133354330374929	-0.0333441137727416	-0.00798679424502714	-0.00459630676295417	-0.0292246017719845	0.0299503714527188
0.0123002586616944	0.00517194241253137	0.0039194336132266	0.0103927599026189	-0.00398956506588231	0.00192334913726323
0.0133052514855354	-0.000988365286533154	-0.00299208767574602	-0.00366059096312658	-0.00597008293132727	0.00232317764859333
0.0127408476550148	0.013025458072922	-0.00143824638323327	0.0143124723353514	0.0113574282761301	-0.0136932876698283
0.015176868146052	0.0252348221338931	0.0252425317854572	0.00393338848694774	0.0119542908819627	-0.00873944407300804
0.015322770475554	-0.00455544033543852	0.00139726316177264	-0.00131494678561357	-0.00847004562097593	0.00322272632411701
0.0127013388490772	-0.00191839768237309	-0.0102010791283829	0.00125433392332802	-0.0024043099299293	0.00534789572664875
0.0150293214783467	-0.033133998977712	0.0940387558022437	-0.0185522450790111	0.0325885670578	-0.0099546071616912
0.0138446126066182	-0.0221287068362982	0.0166229823279133	-0.0148905542257599	0.0167028810361983	0.0060880189957924
0	0	0	0	0	0
0.0149159150142994	0.0129076768997781	0.000429771166247478	0.02391484172262	0.010657060835239	0.000972333091100471
0.0145203663721121	0.0157266769910554	0.000257739952441496	-0.00801349217476224	-0.0118256297691594	0.00307862000967526
0.0117734717263995	-0.00797662109787463	-0.00742468557734927	-0.0140482497752913	-0.00667473285862257	0.00517323477270248
0.0156964102528603	-0.00248005657842874	-0.00753040708379001	-0.000996972390884291	-0.00466769132450799	-0.00751052584465761
0.0142757581223999	0.0200173242738078	0.0231406747473479	-0.00271688569389672	-0.0103947060907562	-6.91890565530399e-05
0.0130571877363295	0.000646379855359995	0.00260619533272111	-0.000715245090597877	0.0014560059820373	0.00587190951313105
0.0140501166648894	-0.000385479309519554	-0.0280467017183336	0.0108860447020098	0.00448721761475618	0.00244425682829622
0.01541830598261	0.0120489742967238	-0.00981401360041851	-0.00226319868957644	-0.00491010561672282	0.00909452690353733
0.0122347204297818	0.00570903603046946	-0.00270819182677025	-0.00463635745213994	-0.00228427745696757	0.00736697838727754
0.0130132670829248	0.0210562272094145	0.0227307105950912	0.00776179929988609	0.00172444383109602	-0.0116193254302905
0.0122647291395644	0.0250415472357778	0.0195426719948788	-0.00197423268792969	-0.00969694269368856	-0.00407732114694791
0.0151604913322537	0.00452878165081221	0.000535322629539673	0.00667195009904847	-0.00171607258568081	-0.00866575654764263
0.00967042617260359	0.00566307190908508	-0.00554599068075551	-0.00427619380460807	0.00618644261832407	0.00193131306805367
0.0125581681617272	0.00513464204288534	-0.0079223042985447	-0.0141372340317712	0.00168483225927855	-0.000591535268741839
0.015329727729355	0.0156246845084632	-1.66842822568736e-05	-0.00570329177659619	-0.00479364210962443	0.0103964561257995
0.0146344792540786	-0.00621133712769996	-0.00402599023087637	0.000901051644823359	0.00222020777626944	0.0030973663072098
0.0096911206914021	0.0093508065905159	0.00460425926912398	0.00172306351738833	0.00476756957209286	0.0068588198912834
0.014638349653246	0.00822741605125832	0.00299730258157511	0.00771522747834259	0.00297611531940249	0.0029487974012758
0.0141400902903757	-0.0247305803685942	-0.00397177757944923	-0.022008562011238	0.0123272792030352	0.00686998919185954
0.0127204468777512	0.00559167532348286	0.00363410561803816	0.0263357969067951	-0.00167253856344258	0.00603037253476348
0.0136349154569192	-0.0475921712627333	-0.000191529259719091	0.022466126804391	-0.00672834271105575	0.0384901383807644
0.00939225141048448	-0.0324747552936026	0.00813826635777938	0.00428421459854881	-0.00517598773176762	0.0246339644300553
0.0132489314930405	0.00737312158277164	-0.00226784869301829	0.0155120770406302	-0.0131682833285949	0.0152916536462971
0.0133454190001911	0.0233964734420642	0.0109151298529228	-0.0219108614875391	-0.00704719973934935	-0.0190043919484903
0.00454463165909035	0.0131008431994614	0.0188883397317754	-0.0080998505662971	-0.00986411720307535	0.00757078420199316
0.00810247544205742	0.0230306479270996	0.00750048017991897	-0.0156231429469687	-0.00481684983623029	-0.0065567283583008
0.0132330200775969	-0.0148566050394679	-0.00604195446034326	-0.0130144883655499	-0.00357219558210257	-0.002781697138526
0.0145866203199536	0.00278576539919961	0.00204151715632812	-0.00273660523263351	0.00215763897579202	0.00493084473464156
0.0118417922333713	-0.00103774051347305	-0.0027546084327003	-0.0105041649054713	0.0148290766578074	0.00277307032337966
0.0130552762704751	-0.00202429793461816	0.0191793920359785	0.0194199592048113	-0.0163730130431557	0.016807364036039
0.00960786492415429	-0.00453794521273255	0.0079797241027659	0.0150925637285124	-0.0412131013468056	0.00795180901490794
0.0118729451897226	-0.00629522213825199	-0.00163083704985056	-0.0175619923360853	0.00282672718944128	0.00882094885100794
0.0152887502218244	-0.00230009471149404	-0.000555075498719517	-0.0049154856639637	-0.00242246028428243	-0.00950717389420557
0.0123400465844623	-0.0152189519395627	-0.000105478490464387	0.0142668800457325	-0.0297201366850083	-0.00836880200147425
0.00856302535835823	0.00325819780423237	0.00483104105566672	0.01305335343512	0.00719845773534455	0.00319817359878733
0.013942622556793	-0.00295817013458052	0.0106979461282208	0.00713224156214883	-0.0118707789893077	0.0037494423654661
0.0215299988804488	0.00941261547174653	-0.0148657727603373	-0.00420498937242107	-0.000793338214438178	0.0140816101050814
0.0156074924387959	-0.0327886229998316	0.0310097151165793	0.00507922065452068	0.0187525952462332	0.000187884021071289
0.00552756159513997	-0.0135750728251858	-0.00251507721558985	-0.0058730633546098	-0.00932367474523938	-0.00422391774514487
0.0136671409403968	-1.62530443356043e-05	-8.85223657115928e-05	0.00436348208341906	-0.000788248590187299	0.00159998911958614
0.0128387269829139	-0.00246367852435689	-0.0240085831572952	0.0130954893872852	0.000947152418648071	-0.00173372725913171
0.013082453645656	0.0240152471773827	0.0168727266838953	-0.000962732029142482	0.00491124090957245	-0.00620726924380574
0.0079237651103658	0.00298934586475745	9.36227974042275e-05	0.00403083708820114	-0.0144078338359625	0.0108355324964521
0.0149008405757071	0.00497388092567927	-0.00356501617988147	0.00607649836054805	-0.00575448485333294	0.00759554323808598
0.0133568137946122	0.000340572840042506	0.0016318320257202	-0.00599240493316231	0.00203278284737738	0.00206014595495543
0.0156396202101195	0.00335130995268447	0.00216770629660261	-0.0073514705564444	-0.00691200738198821	0.00123128116522596
0.000174322979448938	0.00162872069230071	-0.00402590673888076	-0.00618611102978512	0.000491113368609084	0.00339740944869008
0.0136070640932344	0.000557659166314677	-0.00393037973986507	0.00814362322064267	-0.0109898143842116	-0.00418456185119779
0.015011160364753	0.0077196290027455	0.012733377335704	-0.00111677005503894	-0.00358070760830362	-0.0114663319960473
0.0132635445167171	0.00301775095042782	0.00214356961969949	0.00342081150867206	-0.00663411306516183	0.00261846467847302
0.011841169617192	0.0108079186931013	0.00506225347926793	0.00296449777726797	-0.00207479578120047	-0.00696712308328401
0.0124617750262309	0.00165406552900337	0.00570355217671095	-0.00874147889608749	0.00304150760584785	0.00517405563265067
0.0137607607957846	-0.000715897464137113	-0.0323124523526676	0.0149607297681554	0.00915156629858522	0.00524888458187951
0.0132147070430018	-0.00109491839539087	-0.0396576522154581	0.0162876368928561	0.0129558518545797	0.00410752809591366
0.0135684220102868	-0.014567657291897	0.0270819308841118	-0.00473354038541254	0.0365530487936111	7.91292333773897e-05
0.0135010147178146	-0.0111710194992278	0.00309780356609078	-0.0177898486590816	0.00738966306417358	-0.00921989065948084
0.0133424960193584	0.00965010179805427	0.00289803800862429	0.00384883580290378	-0.00356590470091123	0.000813859954679017
0.0121705745069527	0.000212072032956531	-0.00564491968826544	0.000701583644523761	-0.00339403873953375	0.005352573623626
0.0127698689708481	-0.00491090028843525	0.00832049465914614	-0.0189816523666218	0.00431779309831918	0.00486329011119516
0.0105908191714868	-0.0199198580455845	0.000865150267822429	-0.0275968215017221	0.00284695843445341	0.00590475977021833
0.0118095509711202	-0.0189522775780595	-0.000727452873612627	-0.021384039458631	-0.000468952186703508	0.0071628919402579
0.0119261788305219	-0.00814873911915437	-0.00304065248019826	0.00232309350214948	0.0048238880395414	-0.00369287990065669
0.0133757184362087	0.0155533195167226	-0.0375896376742369	-0.0245678542757471	0.0182744501583005	0.00620700757277627
0.0121348478094136	-0.00363720756413182	0.00443185015576596	-0.00657812029073172	0.0107825928157914	-0.00352718722020249
0.0130202844661783	-0.00210413678350081	-0.00365557146257452	-0.00667267790159076	-0.000112762291622566	8.50976369011344e-05
0.0165451737696618	0.0166848975961175	0.00890885059035344	-0.0023847905786102	-0.00219569240052016	-0.00186295111412391
0.013143002425166	0.00556050842261445	0.0114909471024523	0.0128885678582433	0.0108913015409654	0.00655100520607572
0.0120793371450641	-0.0110557037302185	0.0197887138977798	-0.0068405715581027	-0.0311330743107945	-0.0474628584223571
0.0116269854640589	0.00753760639426048	0.0149217933527745	-0.00298400259677251	-0.00981223407792506	-0.0164246087703334
0.0134753761087619	-0.00627685275833908	-0.00860711917259563	-0.0232080783660856	-0.0292914976913249	0.0194973243859903
0.0117142496193933	0.00261582637262291	-0.00710270612663636	0.0173268389019893	0.00420282127793684	-0.00829846399873329
0.0171556350204285	-0.01778780580577	0.00255614795198786	-0.00152563289863037	0.00921603728608202	-0.00590086473555886
0.0113572784310365	0.0132495871818692	-0.0112791066432061	-0.0319092206865066	0.00331791086737708	0.0147743567479144
0.00221546719330124	0.00489227733729156	-0.0199611912241817	-0.0526845107745499	0.00722351656507542	-0.00904787296702411
0.0120140883999882	-0.00988264840980179	-0.00465899692844704	-0.0132232565646478	-0.00586565547366593	0.00654194428568602
0.0123533724782495	0.00226500343545671	0.00141375951679691	0.000675783101000809	-0.00842777915113531	-0.000820547704880312
0.0136087088294155	-0.00130747686166573	-0.000856440587406897	-0.00346724129150083	-0.00176624901453247	0.00441416581046149
0.01268093609827	-0.00109403448524452	-0.000177093296445646	0.00316690622180063	0.00691041363691219	-0.00625500181974857
0.0114721590903198	-0.00699232266237673	0.00527889491814294	0.00278803001162159	-0.00702227090997294	0.00263105988477847
0.0138256685142156	-0.0530559868035943	0.0337935143140371	0.0130169259067682	0.00900300764274141	0.0256770477431384
0.0135413161001595	0.0206120638265194	0.0201255602772881	0.0130748398375885	-0.00344220383652468	0.00268911883151031
0.0161861189917676	0.00514307921044296	-0.00379624565558102	-0.0100667482431964	0.000649724290988936	0.00130961891603622
0.0101724120514006	0.00635778511846443	-0.00635174056707622	0.00123325358299138	-0.0128105792312507	-0.00932279215029514
0.00311072306332462	0.0169643102122296	-0.00524676839291681	-0.00333578978881337	-0.0291938993207619	0.0135041835090695
0.0107196192317495	0.0115756916845553	0.00534654905390773	-0.0155439702980087	-0.0155667583104892	-0.00569802217452887
0.00510815615689753	0.00886288759101149	-0.00704205443566901	-0.00704379894380983	-0.0236245281291204	-0.0172884617855946
0.0134905981403498	-0.00663140209429739	-0.00119869768557102	0.00740361690704285	-0.00832024981775422	-0.0235242655143116
0.0131684571649384	0.00199606945127845	-0.00509106618624436	-0.000583710200576798	-0.00246068256893178	-0.00027020849188581
0.0132341028374479	0.00182225111894989	-0.00198459793092357	0.00764115376479629	-0.00521141096766591	0.00347651207531332
0.0124016778732087	-0.00108736651941749	0.00303676877040986	-0.00330267310362454	-0.00132523189920651	0.00327452610238978
0.0133934952569195	0.00503781927023213	0.0113340667909021	0.0179028679059972	0.0322665772980209	0.015752123728245
0.00104280355730565	0.00266615231615272	0.0116416715336139	0.00636181321037346	0.0185320563424198	-0.0383726833604063
0.0156927487288516	-0.0159443211180228	0.00279286686664475	0.0127724744123504	-0.00845974427014852	-0.00234667721172992
0	0	0	0	0	0
0.0148643067807534	-0.00697384633250369	-0.0145532063347602	0.00166176335576175	0.0019937085592072	-0.00512319395827705
0.0124419035945402	-0.00172448853479928	0.00168076570019252	-0.000502464669208756	0.000834837656071452	-0.00434855262010608
0.0121698831213934	-0.00484504111310551	-0.0262484156222775	0.00948481514905334	0.0067391865412265	0.00510685049755221
0.0178201491636333	0.0208210551488351	0.0042444910810992	-0.00883152958845006	-0.00695040481279687	-0.0103094056473784
0.0053176726460339	-0.00150545199249376	0.0288150327854912	-0.0126914963075009	0.0173220317519665	0.010160855969449
0.0140160061516841	0.00400517749554248	-0.00370506188539318	-0.00194364367456629	-0.00934948095460495	-0.00357020492041215
0.012517570686288	0.00860386606850341	-0.00363231062145824	0.0184059857681143	0.00804395516885677	-0.00519870642413964
0.0144615111996376	-0.00745205063726334	-0.0220308441257915	0.00852080936154688	0.0191244586852144	-0.0170720794576672
0.0138347613451575	0.0248930102311042	0.0217625985467256	0.00357814683156432	0.00420950173096322	-0.00791068956410642
0.014292634869312	-0.00167484204704576	6.76485544158043e-05	0.00220016863627591	-0.00469214521944026	0.00471721861213288
0.010431456446412	0.00119966853657061	-0.0200957594129483	-0.0140489871234642	0.00204629005633631	-0.00248652772474673
0.0135684071168256	-0.0282104866902044	0.00146436824091034	-0.022035580831085	0.026070359272465	-0.00397297421757762
0.0121441812628834	0.00646763795293161	0.00436426737445992	-0.000428559763248923	-0.00143025598278593	0.00565202492049156
0.00235412211778045	-0.00222822029037194	-0.0185349520531904	0.0125273782273803	0.00379872160143413	-0.0336117508437465
0.012359956880031	-0.00425334073469152	0.000734349214605361	-0.0062189407434541	-0.0047696505128363	0.00790527710511151
0.00956860701536032	-0.0211252312509707	0.00538213489916639	-0.0307566402607168	0.00474330593421709	0.0254223988500793
0.0122523047303815	-0.0221237830348779	0.0114080542300755	-0.0247740888653907	0.00446640549878145	0.0121174359796677
0.0151390015558801	-0.00283517227757526	-0.0243922272421319	0.0130227022193388	0.00155866000671756	0.00589480334058227
0.0159572278329254	0.0042642337923423	0.0152726378826034	0.00124891622197109	-0.00302781556486493	-0.00596508862980688
0.0136396920740617	-0.00409288198849402	-0.0135390151772812	0.00619229899237703	0.00662686619104433	-0.00992254554106927
0.0131603021906406	0.00769947055448498	-0.00289366169843682	-0.00235374846449808	0.00615394225020794	0.00958720616677549
0.000838160564870921	-0.0112836801212788	-0.00071438103086674	-0.000272283696720077	-0.0137401167301815	0.0113234553522277
0.0125167042140147	-0.0299880402179202	0.0039342043935024	-0.0235757007079131	0.00370938656375685	-0.000427194129120153
0.0139376851579877	0.00867705529197948	-0.00119392807853246	0.00776049753057095	-0.00883795132210499	0.0121679021257111
0.00212660108211607	0.00263716709777676	-0.00282739293972139	0.01358830995272	-0.0131612651043318	0.00530989420078935
0.0116042829839002	0.00309466292991631	9.07646585805392e-05	0.0134304872609389	-0.0393194186921465	0.0249965263994789
0.0130690875387537	-0.00481939129702713	0.00132666960966697	-0.00132598898939615	0.00772017355949475	0.00271092746916764
0.0136001615021904	-0.0194642136691624	0.00310584163057523	-0.0115654086142445	0.0158200296343907	-0.00206327347174371
0.0101976425222383	0.00955036616143261	0.01038577976265	0.00496675511842181	-0.00674128728705597	-0.0022425564251363
0.0131090792838482	-0.000379163653827157	0.0037800495850664	0.00687880925380733	-0.00668751989795438	0.00524339779023071
0.0186163461243654	0.00392989425607982	0.0165239897530596	-0.00344933984366114	0.00487540152364556	-0.00592046408093024
0.0149250679385151	0.00633707063539273	0.00474852605036853	0.0108567451968892	0.000888557697001784	-0.0044989336225323
0.0132921700698415	-0.00388850297956103	-0.0278189675688998	0.0172664353095167	0.0263066249688871	0.000117304142331274
0.012187120317612	0.00503815618654254	-0.0197460479097885	0.0112955923935434	0.00442157495457379	0.00850447021666123
0.000613971219661354	0.00138366875711111	-0.00147060269325792	0.00300430745029313	-0.0184869299061624	0.0196944438257781
0.012836177035367	0.00481251588023418	0.00513673231643818	0.00440876045667426	-0.0049813433815134	-0.00419656605751545
0.0130197680139605	-0.00818978387874687	-0.000598368889752119	-0.00986897736891464	-0.00403898366125155	0.00240360574251065
0.0127257965137614	-0.0104383265971393	-0.00789053120841455	0.0046746308872511	-0.00947329112479976	0.0116316337705752
0.0131220387977607	-0.00606841730548815	-0.0183101762627571	0.0135387699406224	0.000486902124403167	0.0026234389147236
0.0134541899182786	0.000200549489994819	-0.0351103623672982	0.0167003847019702	0.016302134238556	0.011793895804341
0.0091799264227574	-0.003140934883345	-0.00101662064495955	0.0087861086441602	-0.00399226471534522	-0.00349131285273246
0.0126920819298366	-0.00672896488369339	-0.00123784054079138	-0.00847192665122123	0.00231665240736618	0.00230392730350111
0.0118314328583068	-0.00709027784220635	0.00576846124242377	0.00106271876088751	0.00554051204572545	0.00445741239368593
0.0148782398382388	0.00167205228999792	-0.00127445322657923	0.00988732999614845	-0.00129704255382974	-0.00754330847545143
0.0149491100651012	0.0313708556588973	0.0286425186575395	-0.00881620164606694	0.00260663855013397	-0.0119877027653521
0.0139022982418087	-0.0264021259959705	0.0340364571543624	0.0135571598334281	0.00452141744207897	0.0117538756313494
0.0151028017036901	0.000950058139073515	-0.00497083442220867	0.00124767057732644	-0.00443124225693762	0.0118731379016461
0.0159264897824329	0.0195689118211584	0.00218089036705921	-0.0159450890406673	-0.0154075938975681	-0.00324953690279323
0.0130523979646412	0.00427121932246684	0.00770513301043606	-0.00290881807181466	0.00386806948228678	-0.00888837189550877
0.0115787065051616	0.00682215726149207	-5.18568400215691e-05	-0.000645658588735525	0.00904859103787927	0.00221188350308211
0.0138190867928783	-0.00940218952328844	-0.0154748953115384	0.00824599920065345	0.0164163443528686	-0.00338970234675984
0.0133597277842883	0.0186107974817037	0.0100734314764084	-0.00147776401084606	-0.00640956152017436	-0.00479773093379784
0.0140028957576216	0.00435341581397766	0.00362957054046495	0.00267900708344077	0.00824598538090283	-0.0038650859416412
0.0139081427950057	-0.00265319107591243	0.00223505023048341	-0.00697756125195584	0.00123650927931772	0.0129523398629489
0.0121478134241891	0.00467099087815568	-0.001823043886208	0.0010862233610773	0.00990043084409701	0.00466046400451167
0.0134664104730389	0.00792621207264381	0.00612973453234578	-0.00316499023719928	-0.009424429244076	-0.00830119891072662
0.0156091667613715	0.0202312118461191	0.00780089479846915	-0.0153080218666622	0.0105317854974796	-0.0368933399993977
0.00730254150791389	0.0134912521721559	0.00341595267182472	-0.00453335448934166	0.000774040525292036	-0.0324606399513943
0.0168092375212897	0.0164894197666669	0.00189910419583695	-0.0136386483164076	-0.0152726973284372	-0.00719719045980477
0.0174919928853599	-0.00467189116563735	-0.016582630265474	-0.00271660106909604	-0.00151930408514519	-0.00813874440203409
0.0104176911401908	0.00119130224053234	0.000792264748897091	-0.0109015401079506	0.0091793562690576	-0.000104020378140782
0.0106301571874433	-0.000823420930291968	0.00913853811775253	0.000212126655339108	0.0071957144002306	0.00912290512834782
0.0136023319910652	-0.00333247987809662	-0.00114075986774884	-0.0169130269415882	0.0115858722780221	-0.012501392448965
0.0134769586595106	0.00192977353678526	0.00126444982939565	0.00267653825960352	-0.00473114715628289	-0.000964831019952837
0.00235220288857026	-0.00451469234748284	-0.0151149281761374	0.0236720829265998	0.00510583938296913	-0.00271856840555383
0.0109482446222392	-0.00442301976567257	-0.0289176306834242	0.0183071010751082	0.0104160023561134	-0.00991634920888135
0.0113320190533207	0.00258207215908822	-0.0004354175392378	-0.00677220317128245	-0.00681852509068965	0.000139325677501462
0.0131152686883852	-0.00197841047382912	-0.000679203102980773	-0.00647799376701609	0.0124854069730315	0.00139676857779558
0.0111436081188075	0.00272770562042277	0.00268128432621445	0.00179177031690848	-0.00832712652700742	-0.00179555590936997
0.00821365838318642	0.0194415570661545	0.0119338426722187	0.0332361393250369	0.0126076227656686	-0.00179513297138024
0.00908468695702818	0.0046007235044855	-0.0182951095018952	0.000845405680241579	-0.00222361641370649	0.00315796889656504
0.01218482436054	0.00144514561803774	-0.00318776347034773	-0.00919467974536516	0.00135692897298222	-0.00347235534099867
0.0117853984988017	-0.00277184251175549	0.00210563849368895	-0.00988600640599514	-0.00313639067229002	-0.00124032627416745
0.0130221781427287	-0.000311296169036949	0.004702080684324	0.0011151437936274	0.0058906363148167	0.00284896487021087
0.0149138456347245	0.00323958232111873	-0.0121171244624732	0.0144963956139575	0.00684020850903247	0.00619313330354621
0.00343597263404029	-0.00759749809074298	0.00368919054429644	0.0343876277944	-0.00060947162685472	-0.0108882899466677
0.0188202481244523	-0.0166874159336612	0.00335727134490753	0.0289315583806474	0.0149888379982213	0.012424191381547
0.0118010143672927	-0.000784921944700485	-0.00343329295032181	-0.00646292311938161	-0.00949522314459776	-0.00161842998397935
0.000485313995135322	-0.00035640286560535	-0.00305743957571688	-0.0108331803806701	0.00860510665487145	-0.0270462486272432
0.00496737067372388	-0.00692719500082829	0.00785342605736617	-0.0101988014792451	0.00398524960237175	0.00208125515620418
0.0141662127167884	-0.006917919721714	-0.0177628359488072	0.00592036147425693	0.00309779374776426	-0.000686994260397949
0.0183512065597022	0.00533509484222391	0.0056570079201575	0.0455734992058693	0.0324507284932896	0.00572054832217905
0.0152264316928106	-0.00381203898058508	-0.00732734500490322	-0.00467292872204493	-0.016554384644873	-0.0131868977975156
0.00950320720243359	-0.00754152741119595	-0.00510933361813774	-0.00384655629419371	-0.0261313725546664	0.00564246493484431
0.0125770718192473	0.0022280182322178	0.00216684072192265	-0.000734310411252547	-0.00291455172484065	0.000654350417744265
0.0150347567221843	-0.019058950903876	-0.00546657450561255	-0.0321919591845527	-0.0110482104064369	0.013230869926434
0.0146583886654993	0.00312550816525145	-0.00461930582204357	0.00160690498041058	-0.00327669520972259	-0.00857624900742282
0.0115710756684829	0.0024350747681827	0.00637710622780417	-0.00428129376550108	0.00549682239762523	-0.00363905536721997
0.0120637091192098	0.000725940555180619	0.00587885920385365	-0.000902027867705781	-0.0019814750561395	-0.00540882455087637
0.0151990540726313	0.00904629104679901	-0.00262971847024183	0.0027124288685148	-0.00475390211748226	0.000699760780939612
0.0136390755468922	0.00305353226872921	-0.000101172460706649	0.00300722565095635	-0.00420123361449281	0.001938591986881
0.0156783351824062	-0.00199705770647053	0.00221965062678604	0.00684496169870739	-0.000818929734370051	0.00271628230652263
0.0106037169545704	0.00360814297281978	0.00278666338308746	0.00395323848180656	-0.00264927996382487	0.000369281111671076
0.0103853395517103	0.000924852909692468	0.00224526803566192	-0.00366704031077145	-0.00340783663691038	0.00201319895485055
0.0131874882378462	0.00149745851957844	0.00239261844475948	-0.00202412809909956	0.00878715862916952	-0.00146492492087329
0.00214826781945884	0.0170306210425049	0.0219667294301577	0.00567245516966281	-0.00560997922881839	-0.00245817020173544
0.0134856852404555	0.0278147434447199	0.0276596239122852	-0.00817091541289777	-0.00479464849688305	-0.00620186112737306
0.0123186558591605	0.00278653737146536	0.00263431350136827	0.00812187185151782	0.00684090058285612	-0.0122749201645457
0.0090690183110377	-0.000728600082556369	0.000163469208534148	0.00137652461612062	-0.0135051517753075	-0.00656025419550608
0.0129519035749123	0.000273405387718463	-0.028144150680651	0.0135507914143643	0.0208374332363978	-0.00125205729216423
0.0118097450965654	0.00198807571591206	0.00179440478913015	0.00727734440108068	-0.0030245132487959	0.000149010023939337
0.00445836296033847	-0.000632294836941965	0.00546101627389253	0.0164531684410945	-0.0298726018552444	0.00340441394670613
0.0111032916716844	0.0070877525274508	0.00951402320022905	0.0167346135592497	0.00259334139738076	0.0014123163886614
0.01661832174228	0.00314628039556302	0.00352716878919428	0.00188009648731491	-0.0154958690737292	-0.00892521275945522
0.0148331764984107	-0.0273323437831094	0.0648282619404426	-0.0121692041612643	0.0265246517741689	0.0142791222231834
0.00850726227481925	0.00221537554184604	-0.00154323195046004	-0.00565946095862047	-0.0023893125826174	-0.00815223980664307
0.00990164590120944	0.00231973984895621	-0.00290447819497279	-0.000809143338361086	-0.00507558841757237	-0.00836957061755438
0.00853591260752375	-0.0110985981956468	0.0178150372194164	-0.00388719140342405	-0.013771323830911	-0.00110536699836765
0.0139876266790177	0.0159761206244659	-0.00819782151460282	-0.00165221977108926	0.0205733039095141	-0.00896163932208401
0.0136232987368164	-0.00389471070777271	-0.00847280736976092	0.00431000289733925	0.000394399981982584	0.00132237349621785
0.0117250387544603	0.0163348106268708	0.0159848420666384	0.00724943970706527	0.00997138486009042	0.0024114939389701
0.0133624368706433	0.0023697020791781	-0.0219318281318697	0.0104114836990016	0.0146363810660804	0.000372576743185276
0.0162975598394413	-0.00798555444502172	-0.000743344587010696	0.00269861227721605	-0.00131421972351095	-0.00818461698053489
0.00869725380161495	-0.00903537955234137	0.00119760418265773	-0.0110019382408434	-0.00120353481866279	-0.00514278165583744
0.0141919375687936	0.0149830190748267	0.00239799987650635	0.00034247222251187	0.0251702441928566	-0.00720711999757066
0.00496099205513812	0.00343952363092765	0.00588441531358982	0.0164669917707348	0.00292728951238167	0.000990261270894067
0.0133445258749867	-0.00276360760507887	0.00321421894987468	0.0180450439678154	-0.0115956130498144	-0.0127101163914349
0.0140402542683383	0.00537539169696515	0.000210199448125541	0.00103832372847978	-0.00332092651199028	0.00725908683933751
0.0140933397735103	0.0037125439026681	0.00335778497934464	-0.00365936578542242	0.00650827537723738	0.00776980138496883
0.00247764198533228	-0.0085238333208587	-0.00173268487836139	0.0200472840151037	-0.021151632241236	0.0293822524523039
0.0130189408856005	0.0019115191513907	0.00571785180917246	-0.00407200056340631	0.00114272100472901	0.00127638417684775
0.0139099274496721	0.001145591801417	-0.00253643359501314	0.00232886662140346	-0.00822975191794434	0.00817026346143738
0.0113050217842479	-0.0130832850481942	0.00347102448440989	-0.00288410965671782	-0.0061289629647278	0.00478888975698684
0.0119208530100522	-0.0149462474157079	0.00462173498378918	-0.00293546379778305	-0.00931144350612739	0.00604226924373632
0.0136507712616375	-0.00437666739667689	-0.00782900086388723	-0.00370760283565904	-0.0265540391242038	-0.0169779464395989
0.0126686806023917	-0.00642204367304349	-0.00530417514818908	-0.0118071677798373	-0.00305990483613547	0.019206560019072
0.0111027089082336	-0.000354156484120299	-0.0167211681234421	-0.0156807229913761	-0.0127959029155277	0.0121929788051776
0.013661589310296	-0.0053625801971178	-0.0240954212024633	0.0136713806957544	0.0024372579969631	-0.00418728672791392
0.0145163999867664	0.0258110919553879	0.0255631110848047	-0.00382802846526873	-0.00282525141636744	-0.00918048814338463
0.0126409959202408	-9.39264194233005e-05	0.00441742578410092	-0.00247722402137982	-0.00550956788798805	-0.00622735415127521
0.0145408049850861	-0.00321886489143346	-0.00426874755362673	-0.000368279668228593	-0.00286190658925549	-0.00790090693410473
0.0147499183802171	0.00256215422470246	0.00696297289508593	-0.00240786558254714	0.000612693586897211	-0.00782845836503528
0.0132406135251621	0.00373192846005522	-0.00447574265931333	-0.012147733035281	0.00489083606035904	-0.000492816150113242
0.0124767164791349	-0.000413743308609057	-0.00949273171957098	-0.00912049489787089	0.0105104923820339	-0.00747839210918452
0.0143622665288271	-0.00929703757104962	4.62711068030828e-05	-0.00863437250383721	0.0186060750614269	0.008318275263158
0.0115607574267788	-0.00119553156463819	-0.00238369983600784	-0.00287738599601453	-0.00102938217274732	0.00298434821834057
0.0177661539224448	-0.0346326379618586	0.0150721551585326	0.00653369002450273	0.0118630636623359	0.00444246438390437
0.0120963465330504	-0.0194386521152105	-0.00746315913389918	-0.0145070356533848	-0.0252722976133097	0.00237480975308351
0.0124114445197753	-0.000295236059922228	-0.00348793038826504	-0.00442020167176308	0.000549257941119898	0.0118622842823844
0.0126644295811575	0.00376347636699619	0.0022034892252398	0.00206835146429704	-0.00555360528740711	0.00585166093620567
0.0147499950922123	-0.0559407406097943	0.0330081152799886	0.0813330492343779	0.0124799586706917	0.00371607420993247
0.0166963564168112	-0.0321164577668657	-0.00248343260586185	0.0527388528376033	0.0202013237760565	0.00238229846479917
0.000548074871066199	0.00302334215084884	-0.00183493940537117	0.0145371758544884	-0.0154784526646351	0.0189651919137637
0.0062565102005987	-0.00447368418454371	0.00189049259766899	0.00164604543875218	-0.00334779007399556	-0.0032485255313729
0.0127560937608117	-0.00527320444192506	-0.00541921954835221	-0.00575846799829272	-0.00918208817248717	0.00685959745627937
0.0154807619990895	0.0039094120956202	-0.0157569182652544	0.0125092051546213	0.00247133177207041	0.000245551006789259
0.0126792127176551	-0.00742038297939275	-0.0122894200628979	-0.0122476761253226	0.00360960344548725	0.0163049291212057
0.015170083263902	-0.0477203836687477	0.0154697443161499	0.0412960502627793	0.00310915451541945	0.0211446833403894
0.00980278021675097	-0.00653620151210852	0.004382677952658	0.00458389205861774	0.0165545048144331	0.0190866976189185
0.00037506635010904	-0.00101480523204886	-0.000434510524754151	-0.0126162014184125	-0.00248638029094935	-0.0117654701031552
0.0144570963470557	-0.00923991508799212	0.0091553426553278	0.00502277985983151	-0.0103559476300555	0.00369099302352544
0.0118986568754213	0.0119639567287375	0.00343601098575245	0.0233378795993452	-0.00862766235943598	0.00572830518778766
0.0149096635143074	0.0311878372009943	0.0254704057933194	-0.012151165806386	0.00110091638743472	-0.0129039535442922
0.000893584554652421	0.00100560511479984	-0.000593186852371017	0.0286796437085545	0.0179323148122589	-0.00951602092343629
0.0159355812830962	-0.0113200260747236	-0.0115773567700499	0.000250925310062341	-0.00122344074605053	-0.00804506488377196
0.0131667763050864	-0.000947726422735889	-0.0196625289005694	0.00563265554360962	0.00395950168285053	0.0032828490354425
0.00691492950067394	0.00846487608213289	-0.00649635086735916	0.00528908779418035	-0.0207950678826971	-0.00475968880168049
0.0114108570015749	0.0115031544447971	-0.00594470713461615	-0.00187184542750679	-0.00706847000886132	-0.00573891982122409
0.00769817739973487	-0.00554639038361026	0.0172479250739336	0.000733805278943071	-0.0129681551428681	-0.0232267609742577
0.0105481735038593	-0.00908239183469195	-0.000487810785586809	-0.00124678921337142	-0.00927342038591193	0.0046874938353524
0.0149907815069197	0.0117341412554457	0.00900371629253002	0.00579721806535683	-0.0187469457221596	-0.000506003518030141
0.00944381176919166	0.00919436003489878	0.00941520674937253	0.00334874241385268	-0.0229543032445687	0.0121812227591787
0.0103637992419314	0.00736070777258925	-0.00653575965857024	-0.00485948169399539	-0.00731478898576574	0.0107030541049857
0.0130488534020679	0.011966934657868	-0.00333821261426654	-0.023599201448056	0.00633892118791359	-0.00170071378344808
0.0137485204435696	0.00302716362342855	0.00281559247418363	-0.00417722049303009	-0.0112922023151981	0.0092131881796182
0.0148711308965854	0.00458467777593103	-0.0235507392602963	0.00171421524547265	-0.000909359594612265	0.00091589879389334
0.0135006052509522	0.00204770748882687	-0.0182677767988977	-0.00636182935531143	0.0088245421619046	0.00801663371966616
0.0136598608406087	0.00446216603890853	-0.00651097548534426	0.00254263416892505	0.00748841995899902	0.00593169756185558
0.0147424844197117	-0.00389465925606801	-0.00437207756946149	-0.00133050236594464	-0.00418009466066687	0.00301535530158248
0.0154592614747205	0.000280595525133321	-0.0137100318898604	0.00936884236669841	0.0013080257422571	-0.000281530618652645
0.0130290847425928	-0.0113018469103658	-0.00224998152288311	0.00848934363780583	-0.0251419438498246	0.00597627710575973
0.0141879573229847	-0.0275227033037353	0.00443227394599911	-0.0157253591326625	-0.00111023034470154	0.0253347855376893
0.0110564277475682	-0.00632009217310323	-0.0185177419985175	0.00139861661757747	-0.0105384870209197	0.0127006747245986
0.00021292514227236	-0.00395627770733552	-0.00132738808641358	0.0113669543984113	-0.00525097274017652	-0.00115246331083817
0.0150400511598071	-0.0126633555074881	-0.0004653674718943	-0.00152170979701497	0.00845639518812034	-0.00616343430476773
0.014677243440308	0.00221017451798229	-0.00462743493732137	-0.00525500702570996	-0.00468729599175837	8.35540460906365e-05
0.014347460003782	-0.00727449866007486	-0.0110341608922428	-0.0205203134889856	-0.00127693083876766	0.00630935699279386
0.0126883742704055	0.00195324852163139	-0.000410402566733236	-0.00198714290962069	0.00369046434616487	-0.00179002644217229
0.0125627297136262	0.000961778686080883	0.0020051892570293	0.0017336909939266	0.00598262615416128	-0.00150905140818328
0.0154855012235433	0.0149761569326298	-0.00499561783078591	0.00992263580450361	-0.0071582207386038	0.00319398608339882
0.0134316479015749	0.00534638098693527	-0.00232458560446431	0.00900510606499739	0.00600571303539776	-0.0147271278643475
0.0191991936610343	0.0160684401484932	-0.000202517085018821	-0.00936487883560401	0.00270355611884381	-0.00450694232649173
0.01603533973512	-0.00015472673943586	0.00667330936535501	0.00414745515841535	0.00308432491147062	-0.0115788871354743
0.0174306666509734	-0.00841349910507998	-0.0219610834190075	0.00358620505780612	-0.0132309917757432	0.000171697211492214
0.0112581921337682	-0.00567952874168563	0.00414609768603312	-0.00581661534247957	-0.00305683116868972	-0.0111378466379281
0	0	0	0	0	0
0.000705500756988066	-0.00661244998365522	0.00382558396874655	0.00519347747090008	-0.0408306155254866	-0.0279224151289918
0.0123919218931583	0.00217654625798653	0.0019520310687484	-0.00227145783641462	-0.00046885183049634	0.00491347551808621
0.0156645762990106	0.0165143503699008	0.0035908307224975	0.00198686439407387	-0.00155827943681287	-0.00208823137668056
0.0122218615543713	-0.0043217795795923	0.00449084925614241	0.00168280171443576	0.00821426341889558	-0.00071315767925505
0.00400104494993519	0.00959462311865833	0.00748282583225303	-0.00275596712179752	-0.00907942312483016	-0.0282998787008922
0.00646143247177661	0.0144213403142539	0.00916912950040338	-0.0171342635332411	-0.0123269152671599	0.00656448944973807
0.0128254971963021	-0.00294273212991356	-0.00214069363852129	-0.0079602008091562	-0.0190782257871523	0.00996500744881411
0.010679114003297	-0.00381122314701935	1.33213350174818e-05	-0.00308168595308866	-0.00193143981466346	-0.0102210018840324
0.0126014861668682	-0.00933774362280135	-0.0411610569491002	0.00959871195710661	0.0274076679701621	0.0036679082445554
0.012510742969635	0.0126689212042004	0.0114332138564816	0.000175292497071562	0.000344232104047891	0.000206263083669814
0.0133195248131526	-0.00463897345180367	0.010637647411745	-0.0134846371392418	0.00141497508945078	0.0107554362923976
0.000100722511006604	0.000139576143103393	-0.00273216011530412	0.00294729263736574	0.00316278490866145	-0.00700275834389965
0.00857691606628416	-0.000489017376403296	0.00231622879373041	0.000635826056783527	-0.0115854206760603	-0.00698193936939347
0.0110169519428005	-0.0091392811847306	-0.00846362990479292	0.0098614607939611	-0.00249204826584136	-0.0253441415995779
0.00848769440024843	-0.00246876195258273	-0.00282148220590218	-0.00769731516885528	-0.00242349890781931	-0.00357936796954263
0.0104628452132046	0.00107207063467718	-0.000752923217115017	-0.000594376021975245	-0.000943533684721559	-0.0063560922303107
0.0130287871588894	0.00190940775484314	-0.00165034926863435	-0.00108597926628003	0.00639155111557748	-0.000360566511770755
0.0125912735680421	0.0029857673625206	-0.00471611797602381	-0.00737110245064941	-0.00964490652650161	-0.00111874578455037
0.0128011584507335	0.00431622139846139	-0.0071977241082909	0.00433231483930175	7.58348626048906e-05	0.00116629699317679
0.012469980065146	0.00321676605500077	0.00494245319057026	0.00747938385821007	0.00238887995276089	0.00352764502868988
0.00206913912740664	0.00812131922118998	-0.00520134463353168	0.0139702200189612	-0.00770650143910907	0.00402083233069445
0.0114696908998033	0.0250238762072759	-0.003525506052719	0.0121321692929992	0.00458266106027841	0.0056566687636813
0.010830647574588	-0.00793719697732152	0.0107375678418185	0.0179843729818487	-0.00071390017757787	0.00401197457318456
0.0131430690937466	0.00836201654834191	0.00806379213398586	0.0298144089325691	-0.0147426494943099	-0.00369381233908053
0.0130691216433373	0.00221103469068619	-0.00506511752273	0.0104531714648471	-0.00300927495685254	-0.00704303865608719
0.00477686439567237	-0.00792657653629737	0.0157036398673633	-0.00189702175335885	-0.00370543393293816	-0.0220349198368589
0.0143104571588541	0.0103731326949517	0.0149420395330568	0.00897543819594133	0.018417349103378	-0.0116881168534452
0.0102059145131537	-0.00940112967257644	-0.00895175893849193	0.00266947636681304	0.0209457924012223	-0.00643226190042019
0.0118650937578734	-0.00375341508089581	-0.0187639820948981	0.00113797260115879	0.0105640601644246	0.0052119364918766
0.0112399478834548	0.00128024834539484	-0.00640271189415553	0.00170810215516032	0.00234626025923189	0.000231229687308549
0.0150230163909278	0.00467676657813532	0.0116034586989785	0.0106737252464486	-0.0137200955032293	0.0185903983413118
0.0124904088575459	0.0066116394897613	0.00440221154078113	0.00416828944357082	0.00458567825074351	0.00475342835929017
0.0103120806133655	0.0110258479557936	0.00758849789425277	0.00717278585375698	0.00857006221396421	0.00419651227333227
0	0	0	0	0	0
0.014122222638509	0.000813607606679186	-0.00334714097341859	0.0015688350954722	-0.00145250906448766	-0.00717792319969956
0.0131494531949028	0.00326259901487351	-0.00482231891688865	0.021857543862797	0.00141918099993289	0.000240021901007481
0.0173268947993224	0.0184343775764206	-0.0092088044342256	0.0278436381657836	0.0177038507726213	0.00611052418004038
0.00050213346543737	-0.00557080000179339	-0.00782138965551013	0.0159738503387456	-0.00362035904443721	-0.00389637203001016
0.0140782908165525	-0.00266574340327361	-0.00181450491812683	-0.00401117023136288	-0.00622609065137068	0.00731181844442751
0.00180217259356544	0.00128216466315897	0.0141762389672255	0.000171013763191338	-0.0122086263810191	-0.0162102647786715
0.0003159595971112	0.00099790361129988	-0.00421552495933046	-0.0120657463122708	0.00298420641332043	-0.0145929020765709
0.0077814668613256	-0.00998263793823643	0.00332999078115042	-0.0106244668932607	-0.00833829918150059	-0.0221741300845482
0.012459388434253	0.000921775955034093	-9.09802593437221e-05	-0.00251488539907677	-0.00644098196261681	0.00467970844412982
0.0166390665838291	0.0191596130695252	0.00649528335636418	0.00326953140976389	-0.00157151744120312	0.00766483672258389
0.0126720229445108	-0.00772909255632341	-0.00301675289099849	-0.0126962297249399	0.0162425786378781	0.00329234519001359
0.0122050481739565	-0.00351674765850734	-0.00268329215953695	0.00107928810369835	-0.000236473473593879	-0.00545630706612196
0.0136685625448485	-0.00595011513595426	-0.00196578023407323	-0.00831012175194646	0.000536056182457339	-0.00698349799127288
0.012241820791633	0.00181095743403895	-0.00319983454071316	-0.000501938558128172	-0.00297604694858568	0.00131323498909817
0.0118634239470513	0.00365328115746672	0.0076674085924978	0.00359527992847388	0.00214638531701691	0.00211008623144592
0.0142166158713963	0.00372568646789813	0.00296896772696803	0.00338823003117769	-0.00794163493618405	0.00961870879086114
0.00425858008312656	0.00531816218474568	-0.00569917688397222	0.0022309030612225	-0.0313824155541186	-0.00967555093984387
0.0147609834267274	0.0034118766940842	-0.000486722485974826	-0.000250519588341032	-0.00809677440158274	-0.0027977656720509
0.0138821441885609	-0.0013833050151102	-0.00110263414036105	-0.000363167656947584	0.00487423605608389	-0.00256106250580457
0.0129455837798319	-0.00968571321854925	-0.00120498249946962	-0.000771793297942507	-0.000683327848028997	-0.000514470828581971
0.00319602649955122	-0.00492374754863293	-0.00961745525927835	0.00344278964884051	0.00145854630070758	-0.00311770624395166
0.00588695058398865	-0.0112972191039138	-0.00545326470635219	0.00172427308277074	-0.0274387251938918	-0.00756134119242581
0.00809521318631401	-0.013407629663291	-0.00946316167011065	-0.0122707969112733	-0.0219595423558335	-0.0133751563223464
0.00803592910387664	-0.0126178086731829	-0.0081158165385628	-0.0161032908689818	-0.00729818410124266	-0.00173098017475832
0.0116271513132218	-0.00791053094929812	0.00668364408142265	0.00781775487479248	-0.00123656355147324	0.000666790496419031
0.0106754642420277	0.00200669517497979	0.00369442460484936	0.00340459284264401	-0.0151252087898533	0.000116324135392865
0.012306517288588	0.00226277756272564	0.0011563144239633	-0.00724198517982353	0.00159862866506817	0.00467257955833463
0.00459162360944058	0.00121404019569175	0.00775864943630499	-0.013712329336819	0.00848252158350555	0.0187353297741432
0.0143448397368283	-0.00258452012071829	0.0076868098349237	-0.00922301524405849	0.00892915377804689	0.000206275427772518
0.0136816754709584	-0.0198733306244205	0.00501330163801636	-0.000126374167119561	0.0134628226180864	-0.00653454509760586
0.000615139735956435	-0.0100305035193018	0.00841626426232384	-0.00483478342453021	-0.0151555721789675	-0.0148196907193908
0.0102201928945957	-0.00554254654345697	-0.0284971328518922	0.0118040844535956	-0.000131821950671841	-0.00306425915781377
0.0119331378350797	0.000575801336797151	0.000640524677170812	-0.00361469795877224	-0.0112781284410782	-0.00214514439732987
0.0152869572134483	0.0203868301655533	0.00217578342399575	-0.0171360075328901	-0.0132502726480685	0.00164672166236303
0.0161978773716029	-0.00790566140224862	0.000408757274095084	-0.00558477625385047	-0.00181979167810928	-0.0141825960968101
0.0134420906358367	0.00576940104753607	0.00115699246501628	0.00362957265570578	0.00177593256895942	-0.000564209895153222
0.0139656297859182	0.000626089954209254	-0.00253182636958135	-0.00557336197298115	0.00620333542233427	-0.00667849194421864
0.0115657607659737	-0.00440915490042706	-0.00184710750866896	-0.0049169585248605	-0.00550830771949557	0.0010934955853576
0.0118678305823641	-0.00121662993711172	-0.00233388616074672	-0.00253122226911308	-0.00547595425919009	-0.000870796326111316
0.0162666042519248	-0.00420520821717034	-0.00194132572397173	-0.000948649015496625	0.00145069109692739	-0.00419435015290187
0.00216036402566174	-0.0085383229906343	-0.0064322811515799	0.0117059430292677	-0.0258760239328699	0.0449923908109443
0	0	0	0	0	0
0.0123991410958454	-0.00231416803174242	-0.0101916845508042	0.00121459133627463	-0.00833882199201285	0.00350458971798984
0.0140378591758796	0.0232222032391736	0.0172520254456822	-0.00865662216104247	-0.00812789559996225	-0.00383979062944278
0.0130190178235804	-0.000907027294367724	0.00188267557959854	-0.000162382542714532	0.00296795536076949	0.000723816890305257
0.0130200160058236	0.0252806316001531	0.0284086466579749	-0.00780660680714063	-0.00747814730569493	-0.00673848436768931
0.0138431836121606	0.0146044562470698	-0.0203229867241918	0.022309306366546	-0.00153752241410379	0.0178636622010219
0.0132845121941272	0.0101455824737032	-0.0111492961906484	0.0136861364901387	0.00447639862700764	0.000733378913496344
0.0143851862022464	-0.00695760319173168	-0.00561354829044231	-0.0103480055902656	0.011141832498784	0.00465212163406338
0.0066045964987133	0.00802773825079617	0.021837207284483	0.000881198027456634	0.0426283961960008	0.00666793518725939
0.0134659087098173	0.000865094640721688	0.00270003416017236	-0.00359223177235522	0.00705831995844855	0.00656362257407694
0.0141950735508629	0.00156982332293796	0.00738575043718866	0.00795553936218384	-0.00168581199336123	-0.00494599056184979
0.00118460291117932	8.96171646597547e-05	0.00451004843923948	0.00816459114142905	-0.0309263897399726	0.021939246348105
0.0112326226567786	-0.0103515799435024	-0.0162382124036824	0.0216858734921052	-0.0188974134571942	-0.0404318839485349
0.0118966017938637	0.00802234448101388	-0.0136975717709153	-0.0261691843637843	-0.005767224179483	0.000876112135053373
0.00165256588970561	0.00213863520376397	-0.0148419403660363	-0.00901949089801128	0.0192262527785871	0.0691417055818407
0.011654213595014	-0.00160232892219397	0.00133472594954051	0.00294127521525734	-0.00377947390808142	0.00169943097131246
0.0141154048237291	0.00299662532549324	0.000528596850677948	0.00243508723269053	-0.0044864222878508	0.00717082130992682
0.00507492894277905	0.00623531975618846	-0.00781923876321517	0.0231485551239887	0.00550797838193739	0.0247950032378308
0.0113100652715852	0.00540472313964163	-0.0134830817387968	0.0174980406246351	0.00521334661333873	0.00183170481965696
0.0135160766598809	0.0141018848007122	-0.00081331303220593	0.010801866666043	0.0263464736216197	-0.00697864335106444
0.00798849778443167	0.0128456629988928	-0.00178358893210613	0.0250673789849626	0.0193923604042723	0.00291976088808896
0.0138354100763715	-0.0127791613566286	0.0235584811437977	-0.00579610577900802	0.0260359347266145	0.0128880542196614
0.0141249364388154	-0.00103985721640638	0.00748652770983367	-4.43522942852794e-07	-0.00068256507815802	0.00242326668277357
0.0130344488423283	-0.0007152303031827	-0.00112612463179758	0.00467990531312975	7.69628281081939e-05	-0.00240177663295683
0.0038054574707528	-0.00204268541795629	0.00150305192095652	0.00341537133734125	0.0126831720795071	0.00731734297192433
0.0120131312287774	0.00337778780126964	-0.00136070990723663	-0.00175391126107934	-0.00167306096059884	0.00544068204813386
0.0169466361004522	0.0133967209856451	-0.00112292206328884	-0.0131820685346972	-0.0169535859943703	-0.005129552653792
0.015019155716594	0.00181211142632475	0.00643626883188931	-0.002125333709425	-0.00670478315992783	-0.000852340741296711
0.0124081197163582	-0.000161719039996705	-0.0278238016069807	0.0208376614194562	0.0114581955798561	-0.00561917052326018
0.0126751704909382	-0.00432152440435976	-0.00238360530274108	-0.00179418680787176	-0.00469182864657981	0.00679142158241993
0.0134838847177048	4.42142749641147e-05	-0.00714566537771509	-0.0221662803615933	0.00614897041967203	0.00457113379605413
0.00549770582876733	0.0246661812453426	0.0156972459882793	-0.00379513107406753	0.0123904468746559	0.00755612368784511
0.0127006336189524	0.0222570552483012	0.0153515014831848	0.00477379581408572	0.00351956827485726	-0.0034419647013903
0.000100722511006604	0.000139576143103393	-0.00273216011530412	0.00294729263736574	0.00316278490866145	-0.00700275834389965
0	0	0	0	0	0
0.00689731733148591	-0.0146167500213171	0.0227616307641051	-0.00989771151774158	0.0122388093346279	0.00258915147801803
0.0148120325290879	-0.00134335813900618	0.0133419722123149	-0.00250759815890498	-0.0220873247390654	0.0093229247772377
0.013028865203904	0.00387985190655645	0.00140771507788954	0.0034296549630879	0.00490487501834879	-0.00230392928770538
0.0137034607975089	-0.00220881264851383	-0.0103335611927247	0.0121526077631422	0.00278758501834136	0.00907200788935634
0.0129804155149159	0.00542469160751931	-0.0165086686654214	-0.00039584241180816	0.00506709202596836	-0.00861479020969991
0.000176575458975886	9.39845122101338e-05	0.000297346119718558	-0.00412890234062347	0.00873918575404824	0.000689906580177408
0.0122515979340987	0.0175732679537367	0.0130290260542671	-0.00160379179850978	-0.0140278850691692	-0.00136230680095518
0	0	0	0	0	0
0.0119646518229737	0.0250736419816849	0.0228737933043009	0.00249882319022425	0.00745551784176144	0.000623416787368678
0.00270300331472915	0.00367579218002756	-0.0177064003257589	0.0198389272981307	-0.0467569769381835	-0.0287889990369112
0.0172981118269777	0.023285944786332	0.00148692761977741	-0.00417963068867486	0.00113719291436656	-0.00195472052692297
0.00941966544890675	0.001677878709165	-0.0030257081935772	-0.000502015665567286	-0.00532865974595593	0.00400376999237641
0.00843186489026497	-0.00296320272785604	-0.00621678675326833	0.00177764029673316	0.00143965245487529	0.0058076904569477
0.012177548191655	-0.00243184944613656	-0.00819100495628378	0.00387623268426878	0.00896268810015421	-0.00226650025073693
0.0156302373782108	-0.00825139305662676	-0.00118407644857078	-0.00366541675346918	0.00495958356119744	-0.00575971854929261
0.018660064848388	-0.0405212489586746	0.0228971782757033	0.00420521014657628	0.0119057331429651	-0.0108271032344069
0.00539013062756131	-0.0229237165561953	-0.00442909948276742	0.0117962054308911	-0.0245197183063581	-0.0156286889125058
0.0106201572382151	-0.0507788010812833	0.0187256990848079	0.0161789923251251	-0.014177191201192	0.00464672246846234
0.0111604620978177	0.00204859364956618	0.0110501174177696	0.0116548823198582	0.00487343032417005	-0.0118400995865729
0.00880183161381205	0.0089405785432901	0.00983730871203753	0.00448449151889091	0.0157565415924922	0.00503482828853558
0.013786431318314	-0.00546957854255268	0.00187288967338098	0.00114714467887774	0.00443479551140142	0.0105424919209826
0.0141612455008552	-0.0159572530865868	-0.00773731251704198	-0.0113898839736718	0.00245053528062905	0.00607040336586006
0.0125737325108268	-0.00796091987281373	0.00101549036886305	0.00670857769884432	-0.0058182708744077	-0.0160645586379795
0.00909506112493437	-0.00411029852090291	0.00226548447845217	0.0171159735977192	-0.0130756488933082	-0.0262509753344169
0.0126747544906767	-0.0186341805176385	0.00399229582329466	-0.041409948108817	-0.00414440355508708	0.00424905516080115
0	0	0	0	0	0
0.00557514643396623	-0.000793148058334985	0.00813624515365761	-0.000187695162062802	0.0113554461301164	0.00327146804641242
0.00583402355991089	0.00254011345537853	0.00456478556453601	0.00187698762856718	0.0181362000870352	-1.7404738216899e-05
0	0	0	0	0	0
0	0	0	0	0	0
0.0153454478044806	0.0206236297440868	-0.00879637650917372	0.00610646628226758	0.00711469599299617	0.00085194692890346
0.00194015227100103	-0.0103170481936627	-0.0207668810778856	-0.000113849542683861	-0.00445849886259773	-0.0325504831070994
0.000624421517089333	0.00459282629899152	-0.00764968012330572	-0.00709827756275043	-0.0221737282272615	-0.00224255839992728
0.0163301521948939	-0.0378199916317233	-0.00119482964931235	-0.00111501627257792	0.0288441322941904	0.0106866407132444
0	0	0	0	0	0
0	0	0	0	0	0
0.0131677584051267	0.00659371391899342	0.00482327882324396	0.00209810169857774	-0.00475746251093007	-0.00506990772735613
0.0118145479320206	0.00537392252558236	0.00424631404183987	0.00187251063524511	0.00158400194175173	0.0061520666001223
0.0167002364384688	0.0158778787463854	0.00489762100038576	0.00121450140113206	-0.0158421783549223	0.00211465195987609
0.0132123344463472	-0.0032469342855932	0.0117060294966055	-0.00457503450696329	0.0254950800201553	-0.00720732584164786
0.017341222323813	-0.00391527254388872	-0.00902315123174934	0.00210157804076664	-0.00438576158107213	-0.00400205880087743
0.012619725620838	-0.00313327628304676	-0.0339250732548488	0.0134536195420608	0.00865237803913237	-0.00146727266179507
0.014636880982682	0.0209766957720177	-0.00448758546186839	-0.00444570801456148	0.0186099292370461	-0.00715091766329988
0.0109481817239048	0.00280536974145744	0.0098833518549543	-0.00608123679964943	0.0128631393681596	-0.0128042867275341
0.0144644479379157	0.00890638518156445	0.0100146734043337	0.00187308474674577	-0.0042446205154562	-0.00121338079244904
0	0	0	0	0	0
0.00502665135742874	-0.00108978373857605	0.00882413306625076	0.00885372093626513	-0.00826184756838572	-0.00532735857196609
0.0088273506422193	-0.0025452756071145	-0.00340696018702242	0.000642260474624695	-0.0185594587685647	-0.00667630061730286
0	0	0	0	0	0
0	0	0	0	0	0
0.0123159358214047	0.00528466665826335	-0.00100010527222766	0.0016827892701028	0.00152892748641759	0.00185253249246372
0.0124615348409987	-0.0166773025974961	0.00302959848970608	-0.0073111568337723	0.00724174770018516	0.00122637460521619
0.015200437552151	5.23664926896578e-05	0.00164080853368089	-0.000484515311599209	-0.0106289737531938	-0.00210403076689212
0.0113473270459507	0.000676087241076781	-0.00425764018230789	-0.0227106302555054	0.00497132546296583	-0.0088339765655846
0.0114907536793516	0.015525418349108	-0.0204023354950054	-0.0152716532052919	-0.00666676854964553	0.0151568828709123
0.0131503751030869	-0.000839523300133972	-0.00752475417582484	0.00038685565060293	-0.00562792413719412	0.00324094908919899
0	0	0	0	0	0
0.0121346341347718	-0.000195459567212919	-0.00246116156517399	0.0037084878360144	-0.00552780097416029	0.00109897047275809
0.0128577116220093	0.000490805391910704	0.00171854194845585	-0.00451838232002405	-0.00457012528157112	0.00365699495345238
0.012917969812327	-0.00150676382041749	5.59998284404748e-06	0.00137116234173833	-0.00320101872926841	0.00234568451489502
0.015763264424377	0.00128416194959235	-0.00239437299225536	0.00555343604810384	0.00534900972146394	-0.00647755385232029
0.0120234060791636	-0.0183597516643718	0.00587412334842501	0.0122376030272205	-0.0219420898874882	-0.0124499506724217
0.0139995733780006	0.00661929344712179	-0.00465111140372132	0.00265243999699861	0.000475523080911594	0.0021316461136523
0.0145101499605671	-0.0301091363288029	-0.00252333791842589	-0.0153137801674783	0.0146600502770168	0.0175948763632046
0.0133911231131627	-0.00929077360840685	-0.00514606563249522	-0.0154966793014392	0.00759565293796572	-0.00696449610072222
0.0113458236562249	0.0136949525592108	0.00384798679872811	0.0044135736424506	0.0129228265305071	0.00487239289162009
0.0146763704266997	0.0140258936347797	0.00698070675525816	0.00390508741138093	-0.0123196217623948	-0.00405222985900258
0.012786022457043	-0.00101860020615907	0.00101544801559977	0.00627684835349354	-0.00413840414206671	-0.00203961819876896
0.013811571778292	0.00557899081892015	0.00206319160203455	0.00261785612553069	0.00509324297768657	0.00323969019180366
0.0128271790846154	0.0209322320024918	0.00901720708124956	0.00302822222562019	0.00388919850044116	-0.00334206459661023
0.0163747680992578	-0.00177673112596483	-0.0218909278713176	-0.00212080602879319	-0.0037128292345365	-0.00397430600345912
0.0120413637081272	-0.019865958152396	0.0160706877052141	-0.0115642841134084	-0.00714156919888233	0.0215640079966398
0.0105214587541031	-0.0197815224915556	0.0158251408980898	-0.00426364947342199	0.0203081419872612	-0.0037195173025781
0.0105789663811654	0.000879942170641819	0.00767346734976039	-0.00680212027278745	0.0109959779816032	0.00901042734253968
0.00793570625781075	-0.00495067197085634	-0.00534671821380066	0.00562659475849443	-0.00571917706768367	0.001377837123659
0.0110099380898556	0.00287113639025503	-0.00148716439643533	0.000786417137739707	-0.00028200596894987	0.00301302420945737
0.000774524203886508	0.00152989497318569	0.00884053505794254	0.00487476414928829	0.0359731963579099	0.0238794370457285
0.0124556921195624	-8.5328012663431e-06	0.00134429853629699	0.00275770958907116	0.000914007486303187	-0.00154961904670102
0.0123948831654359	-0.00145226733159884	0.00173091199817278	0.00356085942920499	-0.00556997083856896	0.00253561668386099
0.00803001056348002	-0.00760244633698261	-0.000969064115331578	0.00505170831041784	-0.0204158553608996	0.00722618106843766
0.00980933799102159	-0.00909605810956132	0.0064801671366237	-0.0019370459383712	-0.00338363864211234	0.00672822075560316
0.00386796415628461	0.00535963270361101	-0.000272535331975483	-0.020472908993859	-0.0108011579960274	0.0470072080699274
0	0	0	0	0	0
0.0104982927428327	0.0051179593349547	-0.00506924157322406	-0.0122230549817385	-0.0122719955893306	0.0294909251426352
0	0	0	0	0	0
0	0	0	0	0	0
0	0	0	0	0	0
0	0	0	0	0	0
0.00235489570786509	-0.00718020548541817	-0.00207185831291744	0.0127047140603151	0.000390965343082195	0.00328667205808538
0.0177142823120334	-0.0290653827859241	0.0325632652088078	0.0150214292794843	0.00216822502276655	0.00527705799287406
0.0134693805533035	0.0143407847791576	0.0211696340461786	0.0149001836803093	0.0314844464252792	-0.00171921564905842
0.0130015555701543	-0.0106225865104968	-0.0302779835876633	0.0133637064890484	-0.00319219460066249	-0.00590914224766133
0.0176280995010427	-0.0408820226412433	0.0371000619767733	-0.00160079195574826	0.0226165420480074	-0.00342387561592849
0.0137434675744337	0.0029853091293337	-0.00397630670066367	0.00133595733827074	-6.15161833962181e-05	-1.10122015299855e-05
0.0163068406337691	-0.0100061674128973	0.00635933881715852	0.00243233293481524	0.0058934857720042	-0.0211580836128059
0.0136168223454261	0.0103346518484092	0.0153972514290522	0.00258650752999917	0.00553021278160767	-0.0116333717000646
0.014048695720932	0.00516170338366009	-0.0129989847881403	0.0212480283348228	0.0151880160245907	-0.0173046937355167
0.0118577218267845	0.00678809402788444	0.00208154275246833	0.00392352227939075	0.00909747299342625	-0.000852739628246932
0.00895898283372827	-0.00243137423470294	-0.000784147365446848	0.0311880855513417	-0.00622300297878015	0.00314142242310603
0.0136025115287969	0.00445110616603456	0.0129534095905722	0.00790760916484608	0.0137064024531154	-0.00490634267066373
0.0173248205250013	-0.00734136396021015	-0.029779273597406	-0.00717330369601552	-0.00770479702248441	0.000757768699673161
0.0122624340318658	-0.00155502632806472	0.00113609669875223	0.0108446530910531	-0.0124477874603507	-0.013787664634314
0.00913394407162389	-0.00751265432070646	0.00713904218168333	-0.0110239093257273	0.0306453659618328	0.00928969434983226
0.0144686793371323	-0.00444723713275096	-0.00421951968723325	-0.00611997816102677	0.00900048762659175	0.0028543526689504
0.00777298677750599	-0.00624976053421622	-0.00792997667166152	0.00288815198148155	-0.00552544126254458	-0.00331981096603061
0.013322148614063	0.0149872246464349	0.0070833999529346	-0.00555001688571624	0.000702654909507846	0.0205470636601896
0.0142773501065952	0.00898617325938671	-0.00234384252149705	0.00282282551927339	0.00360369969458989	0.00312681953974594
0.012144395678603	0.00368241330638537	0.00402539934733852	0.00912231568805638	0.00403753799748794	0.00551391656325617
0.0116386656642507	0.0181754071125469	0.0192983511829824	0.00372527801828802	-9.42292964658707e-05	-0.000392813374727987
0.0113376782909794	0.0057428676206169	0.00192342833622599	0.00500317761065999	0.000350919296454473	-0.00430431861803759
0.0134058887986466	0.00574000907278258	-0.00100445352188178	0.00224898984975769	0.00202670070582316	0.00543069568293987
0.0152188079331796	-0.0141685000133767	-0.0117081054928731	0.0013596991531408	0.0177859365679565	-0.0114034597192037
0.0129683628895839	0.0051335870922247	-0.00836675323538293	-0.014244137121125	0.00264326248678019	0.00434334455712485
0.0107457249516816	0.012043197949009	0.0186513144052574	0.0172047512633267	-0.00420201223690819	0.000203833549997974
0.0115538215289631	0.00474072878806718	0.0056976841444472	-0.00073183692569232	0.0032319134784217	-0.00364066451238818
0.0154362053875705	0.0128244359876093	-0.000845214882946195	0.00740813803498102	-0.0100133131608319	-0.0021849705416866
0.0136962781749385	0.0075677156801651	0.000738140400111175	0.0102801434056773	-0.00872761478426131	-0.00464959644581474
0.013469256954137	0.00183072606954892	-0.000817834265378868	0.00416247026087454	0.00780598375525373	-0.00715778365707682
0.0146366539044714	0.00505484710718134	0.00373412521277615	0.00378360352301382	-0.00160520835224929	0.00471308611974316
0.00267401122331551	0.00388833681682131	-0.0070058533905726	0.00823406916657012	-0.0244926835703131	0.0269333062697577
0.0119672380346885	0.00715789345263324	-0.00790136782147717	-0.0157317785264398	-0.00154970317388157	0.00150669433403816
0	0	0	0	0	0
0.0108860540993133	-0.0146902327278884	-0.00586004072186313	-0.00358105997936233	-0.0179617586098286	-0.0130153514684771
0.00387521275927885	-0.0108492492003369	-0.013152507666341	-0.00360600066203477	-0.0211333143353636	-0.00206513909476784
0.0149803247720463	-0.042834431011016	-0.00818421575309726	-0.0278412414677589	-0.00125884304046524	0.0130708063979419
0.00546662766393218	0.00874645089590775	0.0031835025099863	0.00063420996222715	-0.0122462676950393	-0.00291048390363923
0.0125625463879603	0.00937006777354828	0.00669529745736585	-0.00208342179206274	0.00172438348575575	0.00146226341348898
0.0132631095475073	0.00167183548795095	0.00424729335564869	-0.00421910435889165	-0.00333296949179295	-0.00240760923317721
0.0128080601345027	0.00623418943119111	-9.93833711963529e-06	-0.000714863517303185	0.00756664211217974	-0.00815280614106
0.012295466831555	0.0137572424857293	0.00350597740798993	0.00302676682235331	0.0075138065527919	-0.00826798026408592
0.0104064319202524	0.00105638593241812	0.00151191620211972	-0.00410790705944767	0.00858278327024057	0.00295461782315891
0.00104742405456092	-0.00354814661966162	-0.00376154905511688	-0.00362072647527791	-0.0258696505025698	0.00399166845985043
0.0106739634956421	0.0105620250416991	0.00445480035493827	0.00288547119046663	-0.0120466501244244	0.00109030390273393
0.0136578698369888	0.0300056030758031	0.0282873013859904	-0.0177276877140355	-0.00469988563047558	-0.0170852123314564
0.0152830118917719	-0.00537814367714	-0.00233335361175654	0.000703555463623642	-0.00357491326032577	-0.00923774707515196
0.016720134739718	0.00233592529094568	-0.01956842303996	-0.0138802090303018	-0.0131229902274893	0.0164195694321572
0.00920965585821141	0.000465870136834089	-0.00999460061575824	-0.020317947986396	-0.00740734142276774	0.0304682640624348
0.00702156793448761	-0.0331679010074391	0.0121197626969558	-0.0146735088365002	0.0198149664322189	0.019959263049282
0	0	0	0	0	0
0.0131115823067402	0.00395324538999813	0.00890861571952929	-0.00918858692752182	0.0110806248050895	0.00193618110805
0.0128121555306939	0.00426702429631546	-0.0499428053575128	-0.00684376039888944	0.007293150501864	0.00941834709629463
0.0144974818481271	0.00193245890943424	0.00618655764767064	-0.0033306416094937	0.00492682895236335	0.00949350693325398
0.0153437984330086	-0.00512690005301451	-0.0223311493230664	0.0143295067569785	0.00869575695586861	-0.0181351835035781
0.000789790017529733	0.000217733416074067	-0.0102383761300327	-0.00950757025987879	0.0216759037256495	0.00745196108017663
0.00745529953460219	-0.0132255237821204	-0.016694555730818	-0.00465487547971505	0.00511229548238181	0.00372688479258889
0.0115486631596106	0.0177086436212284	0.0149429805715952	-0.00561978805532889	-0.00143843682690129	-0.007133285845745
0.0154014889322055	-0.00506706994292302	-0.016647717038915	0.00412178588433941	-0.00636295657735102	-0.0122263721131482
0.0135242387030233	0.0111993448341146	0.00167423275069716	-0.000572122766372865	0.00087603316384077	0.00118054356105784
0.0125094681911147	0.0206150828757147	0.0126488586566278	0.0106333355961932	0.00548747591870455	-0.00963708165265657
0.0135845735570988	-0.00687229943326304	0.0013260692731734	0.00537557915687748	0.00693972359805611	-0.00542006413997281
0.0151754560770329	-0.0014844741407455	-0.0124152458725795	0.00897052795255104	0.00495929786173441	-0.00264246834181806
0.0118420772372775	0.0105467347356949	-0.00071227713690797	0.00374069024221369	-0.00328306589064355	-0.000257385612732048
0.0126492443401795	0.00359002213000748	0.0017552152082895	-0.000772501382200076	-2.60439067456011e-05	0.00251705790609614
0.0162207660438369	-0.0180178148961177	0.00950826500191542	0.00550398816712588	0.000292409029766893	-0.00277746591461837
0.0151691978130278	0.00864499387391614	-0.000115411345612949	0.00789946210683548	-0.00304185413338482	0.012673212155601
0.0164396346886197	0.0187395543159664	0.0040647134668701	-0.0150535503876227	-0.00546742546981151	-0.00133382736320849
0.0155784581955936	-0.00777577250940038	0.00600558366985372	0.00261925667012076	0.0252476744509223	-0.0121937922953118
0.013430319973832	0.00414313718664469	0.000769402100515648	-0.00507577802640109	0.00462439313670412	0.00116452091954
0.000662695547337	-0.00744020171245535	0.00480270900182658	0.0234749336356177	-0.000653990847543844	0.0104309166458524
0.0148384447822287	-0.00870180487553466	0.00169135497791651	0.00201510691134465	0.00781288343777089	-0.00337228649537973
0.0154774804835917	-0.000571400776697481	-0.00938312057301944	-0.0127442530406211	-0.00272461109073716	0.00314609052345236
0.0118038857539336	-0.00375225329876817	0.000411844041427903	-0.00523496548430223	0.0017778017829909	-0.000699665191098159
0.0137169406123575	0.0025059982317165	5.9670545483719e-05	-0.00471708482565492	-0.003105531827265	0.00349443443340848
0.0091797876645226	0.00173824614286737	-0.00307991891909503	0.00163432615571047	0.00289898732407848	-0.000834549437825445
0.0136275472243171	0.00252101956278546	0.000456971151841673	-0.000499009748203791	0.00607147689498146	0.00211481475014167
0.0117163970703991	0.000618084032879346	0.000503176123532545	0.00750623581793547	-0.0011218836415664	-0.0149223385880561
0.0182529651913819	0.0203865666042524	0.00472351861844175	-0.0186488760443703	-0.0113387282940018	-0.00425165120355995
0.0131904856901546	0.00272729070516828	0.00204695404094435	-0.00475667202939677	-0.00217642708491043	-6.81552990713149e-06
0.0134086633900337	0.00811297776047947	-0.00755243768517106	-0.00964992346961432	0.00545057933218942	-0.00146497943770871
0.0114318633230461	0.0228055398106691	-0.0023285127329882	-0.0154009773450964	0.0042084949698474	0.00874041488656529
0.0128662845575613	0.00586719267491871	-0.0109345728591766	-0.00332931268553894	-0.0115731205409093	0.000403052236543296
0.00388353857185557	-0.0038773788182251	-0.010086288810544	0.00438521215356311	-0.00368432669996846	-0.0197807545638164
0.0142552718131267	-0.00694984967690642	-0.00592698392251865	0.0192149479396729	-0.0158809073266093	-0.00857006031261494
0.00513535325626052	-0.0025827849353848	-0.00461470447497129	0.00262393373600304	-0.00351347452559274	0.0145080320650565
0.0133182751153589	-0.00694263976241245	-0.00525097015803015	-0.000471092273750585	0.0056149396623336	0.00405464081111058
0.0123699739615616	0.0384775658339632	0.0154842421980568	0.011932406558284	0.0159584368044714	0.0126719093487838
0.00233093949532132	0.0167656854462573	0.0179992602828338	0.0348959064095625	0.00537051601778536	0.025425106140145
0.0125730391917775	0.0104207996114655	-0.00293236962038571	-0.00782530379416847	0.00299966709482425	0.00504444303618863
0.0168273473330991	-0.053227218721516	0.0131534813877082	0.036836228728152	-0.0256902599702631	0.00411177591675636
0.00517432826742845	-0.00551083126442096	-0.0136136141305053	-0.0229743264394001	-0.0181712779936945	0.0203214376477327
0.000267952818201678	0.00287903516493998	0.000772546631885763	-0.00616423113769199	-0.0188868194660924	0.00692419499025454
0.013549519101357	-0.00362558811415674	-0.00438088636066411	-0.0106708817515581	-0.0182226377197074	-0.0138091040714788
0.013754974031519	-0.0126845278325504	-0.0225573573234188	0.0348194345737102	-0.034097286095818	-0.0361408938184413
0.0118654222562358	0.0032303481414518	-0.00681151733881325	-0.00104894589284288	-0.00256061946655093	0.000643823612020133
0.0120207620424192	-0.0050158106564165	-0.0247719272325073	0.0130214915670108	0.0128348758230859	0.00794177290793482
0.0138857079516711	-0.00235774639935835	0.00127573122434455	-0.00560968638880421	0.00805713562463535	-0.000175997628176243
0.0164769372868172	-0.00423247356960075	-0.000919742671646377	0.00242028674651473	-0.00489586412934421	0.0010862558093409
0.00244510114234914	-0.00699195992038281	-0.00383269689644431	-0.037845236493988	-0.0113867715994345	-0.034280504854459
0.00450034770766585	0.0222917008823374	-0.0189584966946196	-0.0224260847074669	0.0112195245072222	0.0265352439274027
0.0127805849097817	0.0107427824486936	-0.00036828260361498	-0.0029466514944688	0.000673538417825316	0.00356630486162115
8.04351657386086e-05	-0.0012672328260643	0.00190559658275173	-0.0041625840606598	-0.00258681027412997	-0.00293238623825907
0.00163485660665936	0.00103743613124786	0.00222518172818014	-0.0183711366323709	0.0347455262504358	0.00986422688241877
0	0	0	0	0	0
0.010394152826142	0.025481890484402	0.018912657680407	0.0269480579390086	0.0459977973094931	-0.00604060988587847
0.0147403680473441	-0.0603945853130161	0.0167889934491801	0.0499777543006067	0.0305328607546077	-0.00365394812525246
0.0116369422328013	-0.00129338964801748	-0.00125308142299185	0.00420244278116336	-0.0121105223799509	0.000959008226521813
0.00162693144361697	0.00468633872322378	-0.00402419842296992	-0.0131428971006041	0.000372587834044006	0.0280337328604002
0	0	0	0	0	0
0.000371830307291872	0.003046822555637	-0.00581461358808914	0.00432063823164919	-0.0111946716458184	0.0204460572176945
0.0127011239277341	0.00500815573417409	-0.000350447039051987	-0.00232681391469344	0.00813487120890957	-0.00501426777155202
0.00900791164557082	0.00574117780240367	0.00400226389856845	-0.00328688389684595	0.0157303472217222	-0.00255562290282964
0.0116233892962135	0.0055896116429279	-0.00806449567648511	0.00789165093782431	-0.00109214301905316	-0.00199053513821843
0.0137279921962456	0.00566294780451735	0.00254878051254486	0.0135604383890067	0.0155201607643725	0.008981126194557
0.00576468769222164	-0.00799566035818596	0.00868195825176706	-0.00675036796015982	0.00320585780959942	-0.0164728936080888
0.0142128228312699	-0.00796798299616885	-0.000489302324062436	-0.000744856498234615	-0.0030869837649487	-0.00309259607385872
0.0134687077792267	-0.00117388251621771	-0.00201123119265203	-0.000288484312778785	0.00268533275007118	-0.00817891475599484
0.000224242390084525	0.00193112668723853	-0.00535859826897966	-0.00608466380544212	0.00223293171175147	-0.000679997097259626
0.0131914161728001	0.00254082047847542	-0.00434680379385843	0.00284659705184006	0.00226738694814344	-0.0107043052168149
0.0144792677986219	-0.0187557891902328	-0.017881189376342	-0.00405899359060625	-0.00503858175815595	-0.00637370499889328
0.0132515996618591	-0.00230237271308554	0.00233408734646659	-0.00649568609875188	0.00978999132501569	-0.00131124503022418
0.0181613696462872	-0.0150995767580343	-0.00477024133382566	0.00160335697236312	0.011687991970313	-0.0202426304536825
0.0121599690393695	0.00589923793955326	-0.0201447663146054	-0.0356965625675298	0.0100166310192392	0.00488581936674786
0.0175148385327635	0.0210226680514488	0.00226198317116194	-0.0176453354095309	-0.0143660878772253	-0.000757467695188494
0.0130857115421877	0.00138865294592153	-0.0252526252103092	0.0121365542466743	0.0062182294792454	-0.00434938280357737
0.0170022963803209	0.0164036254323478	0.000916820002254292	-0.0143637100284955	-0.0149977154814926	-0.00340147117108945
0.0122045502838186	0.0060770415979816	0.00456150895597933	-0.000395141560586306	0.00878726733894368	0.00288241678661207
0.0144367955176023	0.0172173023484158	0.00592734079099324	-0.000269264877017161	-0.0138917134386457	0.00992292049973308
0.0116406607177601	0.010863557819185	-0.00935820710292212	-0.0171037498746565	0.00212878177294539	0.00145702376351514
0.0125609285685958	0.00123743774619877	-0.0035990348922899	-0.0147473855279517	-0.00296870545046833	0.00912376990288832
0.0129864354282744	0.0052117309681423	-0.00141486756667647	-0.00526784338477661	-0.00354405183752273	0.0040384972678847
0.0136703975290449	0.0237954611211509	0.0125061471195315	-0.00238693851507889	0.0167127423122672	-0.0054671458005899
0.0128009349702434	0.00208357550530722	-0.00056979461359411	-0.00880622414879475	0.000946388782218238	0.00577355585236791
0.0140697759956294	0.00431492818587141	-0.0107662824668839	-1.67585520805722e-05	-0.0186129079173499	-0.000408148247771556
0.0129791558272565	0.00447232402320833	0.00460367100868204	-0.000208109143846035	-0.00331849541407179	-0.0043669407151728
0.0115503192080313	0.012285236501107	0.0120314357253101	0.00231810442148665	-0.0100777908819915	0.0083120824418621
0.0130035130660246	-0.00760082111229609	-0.000105625227633113	-0.006942938173681	0.0197499846530246	-0.0030024713525633
0.00373428096401565	-0.00599517978985264	-0.0100039939947103	-0.00322289161683021	0.0084849025110881	0.0316839268254136
0.0157830431896244	-0.00279214191448587	-0.00873365695971072	-0.00813715055695137	-0.00638960683222676	-0.00678273046292462
0.0110509006415272	0.00563896338728426	-0.00288002155690239	-0.00295545604723338	-0.00286810862847678	0.00461135890955299
0.0149686905909998	0.00154480294538974	0.00228387170888838	0.00199743985252197	-0.00906903279038767	0.00144922532242625
0	0	0	0	0	0
0.00692166291941494	-0.00181388164374968	-0.00306057609858004	0.00836803419349836	-0.0166713106405208	0.00641767630422097
0.0129633109552166	-0.00435393770621561	-0.0321129465841757	0.0135665506583729	0.000301649964619866	-0.00435147695358567
0.016990278213251	-0.0154314543446948	0.00949394573197939	0.0153025131540815	0.0032760715435077	0.00379720123712637
0.00438536892983313	-0.00125417123826581	-0.0109791424373243	-0.023581655134523	-0.0406222442671739	-0.00321101792461824
0.0165016437354258	-0.00588273291651062	0.0049240521253206	-0.00703744853376801	4.25211355959805e-05	-0.000976777729649452
0.012335662375011	0.00726329968522767	0.00457963246427925	0.0166092768546803	0.0100013416583018	0.00739986711325858
0.000741999527804342	0.00338751866517606	0.000910039050941785	0.0157108634189979	-0.00219737428001004	-0.00841910722972447
0.0123324433595406	0.00409269799552721	0.0115570354169464	0.00543039920788279	-0.00524489072023431	0.0100452833825634
0.0160645878504662	-0.0220894670180537	0.00782916190725655	-0.0201860303212101	-0.00218152468273097	-0.00923794711205433
0.00945866150604829	-0.00475477141518196	0.0113214249120288	-0.00924480867171628	0.00627932839930524	-0.000264207567469533
0.0126854457748025	-0.0037297776244394	0.00200705943560599	-0.0107831507192772	-0.00229498263956454	0.00523366630519272
0.0138827572183191	-0.00616611020928744	-0.00256753055194232	-0.00432148259349659	-0.00458028672062603	-0.0102191214181918
0.0126013947394667	-0.00714748342604471	-0.0062724619296334	0.0294170683220141	-0.0164109133029397	-0.0379085731783886
0.00500523661843598	-0.0182576525942819	-0.00576570012698999	0.0374148500600305	-0.0230638972788829	-0.0689211126306765
0.0165633284020157	-0.00204304189513182	-0.0181157103672291	0.0122760824383912	-0.00451099361221056	-0.00455151801167058
0.0117752652388747	-0.000767068670951836	-0.0239063837380677	0.0211514242491716	0.00812646121633122	-0.0107079241046314
0.0133451977073913	-0.00231054438864904	-0.001629846000193	-0.00578318009517028	0.010205158232069	-0.00243899089694622
0.0138715739389457	0.00508018694021673	-0.000836528070483799	-0.000251323985481465	-0.0077429644612092	-0.00110851892731378
0.0150807414791614	-0.0141506240943218	-0.00242285777456911	0.00177881103830803	0.00850419357605949	-0.0257726631514281
0.00729392258311578	-0.0128718885750292	6.63580112465765e-05	-0.00656274608643528	-0.0182740996375655	0.00355012576805439
0.0145838172835625	-0.00477667007252762	0.0021303329891983	-0.00509522617609223	0.00266431073039156	0.00410300994748672
0.0144017109592587	-0.00927965799839767	0.00859179301002445	0.0165611264078369	-0.000363551065288238	-0.00705741613340676
0.0128812622185199	0.0135276986206892	0.000103512078665061	0.0196613853995975	0.0181219874551155	0.000621604028076793
0.0149841436226076	-0.00487385812511219	0.0287124691075172	0.0464414627896791	-0.0298104569136037	0.0452920690901127
0	0	0	0	0	0
0.0165553860839793	0.00881816061268662	-0.0195786548674847	0.00997051303774007	0.0158965173651275	0.00747902846124225
0.0121449239458756	0.00938578865955665	-0.00632607780408131	-0.00935874321560912	-0.018436180644757	0.00151967417739715
0	0	0	0	0	0
0.00268162828268678	0.00350791333741085	0.0120230178943701	0.0053986736416119	0.0121302589516172	0.0430475446996105
0.00361120033268369	0.000879335684907282	0.00619420129346753	0.00417010819302766	0.00536910800818443	-0.000852265324992031
0.00482799706135079	0.0119121557834539	0.0092389462674686	-0.021069568738528	-0.00110243407799633	0.0180687151353004
0.00325666023362482	0.00448129883233995	0.0146826478190421	-0.00610420810238103	-0.016156660010328	0.000646532323119867
0.00295438395105357	0.00197629200442691	0.00930875820732298	-0.02858092480436	0.00711148695822721	-0.00222494309011987
0.00105998356970138	-0.00332993475810232	-0.000833493990124289	0.00484890080741164	0.00549480024109856	0.0232638197641012
0	0	0	0	0	0
0.00317677056138128	0.0108463476968358	-0.00550844354792573	-0.0465790477491301	-0.0428352051084782	-0.0136131171357301
0.0135024526912274	0.0169834768501401	0.0171632502872461	0.00100327189224559	-0.00738691073218111	-0.00569984041681728
0.0174796294241314	0.00194277019070261	0.00754734672896016	-0.0145482759590556	0.00608402272571919	-0.00140587474629855
0.0135315777458571	0.0162564419888075	-0.00558091254314899	0.00939260002181295	0.0153552578924605	-0.00269378684955816
0.00953898265196424	-0.0169891387828932	0.00200320660678783	-0.00122414649532251	-0.00633839163831829	-0.00174807389034972
0.0105234531140846	-0.0232456929828203	0.0220872440457682	-0.0136341854329962	-0.0461577554236157	-0.0188598826409672
0.01349827716757	0.000507746677288171	-0.00161520984761683	-0.0047315905618886	0.00392898527215895	-0.00376872122718048
0.0128520661182242	-0.00278395537414055	0.00436290704629066	-0.00291487655778211	0.0130143664598922	0.00436475449523043
0.0123028952287166	0.00234452312633256	-0.00117541065191702	0.00344696037201603	-0.00796823936459778	0.00573225068809148
0.0129600254523069	-0.00205070685372159	-0.00754879162237813	-0.00577602958495778	-0.0111317465180208	0.00342817031206821
0.0118677398872315	0.00273442778035102	-0.0152818606534438	0.00102332561492371	-0.00390000322334903	0.0128633321898335
0	0	0	0	0	0
0.0141708595442213	0.00301957589278222	-0.0343895883759868	0.0177820223015329	0.0143009024023925	0.00244920494269682
0.0106766006642888	-0.006272585637672	0.000565846776488627	-0.00821718962241278	0.00483572453372528	-0.00456478925022975
0.0130303125121978	-0.000730426799229825	0.00260494173091761	0.00545988715429531	0.00388327414661923	-0.000981150842066307
0.0153212625111488	-0.0044302751771111	-0.00589563861946575	-0.00436826179197018	0.00608447890494833	0.00189970287462533
0.0127116862178863	0.00209515107281164	0.00103108581259648	-0.0007695356719069	-4.17192314107386e-06	0.0013717148170458
0.0143047139753568	-0.00951244424813778	-0.00607956789618457	-0.00991015527891992	0.000469026459787718	-0.000313817440436106
0.0122916288544707	-0.0150419508738444	-0.00179611050537523	0.000619412975299177	-0.00736970880355265	0.00252856287963431
0.0163691210882042	-0.0274049755945825	0.00718110699634537	-0.00108097955879095	-0.0107184192963445	0.0130215659208694
0.00703018490122625	-0.028259713135437	0.00673985954723335	-0.020254324827032	-0.00181459804031458	0.00531253420810728
0.0100632302691997	-0.0275055034384857	-0.00340724402083325	0.0353795909060866	-0.0463395670466883	-0.0465124357941881
0.00371350171973593	-0.0179760108631833	-0.00384222812807831	0.0393788910455907	-0.00155726802398501	-0.0567758199656751
0.0136763857069332	0.00737168528102048	-0.00629726985189831	0.00519895873706731	-0.000228054875750353	0.000187055509146261
0.0127162309744544	-0.00846363228461267	0.0163720616483437	-0.0077431369967292	-0.00513812013638582	0.0118790524505472
0.011693613671269	-0.0017059473511919	-0.0026520890771634	-0.00159930881476376	-0.00180936730875578	0.00153544186183746
0.0127670649106292	-0.015307080240217	0.0128795369711718	-0.001008491193328	-0.00884043947966201	0.000570344998681377
0.0138951792064811	-2.90943346578118e-05	0.000663202231908962	-0.00289312668478516	0.00719013337678436	0.000522340722869441
0.0137715324124376	0.00672861720401949	0.0106278140382793	0.0115455427244115	-0.000146658756872283	0.00754676096828133
0.0145546792415978	0.00546206160638089	-0.00143840368494774	0.00926012306341877	0.0031297766568896	0.00729607083573033
0.00895834567721258	-0.0124227260934752	-0.0068455660002855	-0.0157847428604897	-0.00551249202764798	0.00191607938657684
0.0128290948195308	-0.0168141987438536	0.0105300082725856	0.00362049463082129	0.0135310056610814	-0.00288073319984703
0.000642107629480735	-0.00783508827981468	-0.00629446714193782	0.0156209446908234	-0.0122229737578165	-0.032641728498174
0.0115194701176265	0.00296257345138064	0.00530263158032676	0.0141561966722931	-0.00725205063662336	0.00346825557225304
0.0137177129304039	0.000488472748792944	0.00402656720503802	0.0054242214573417	-0.0114314589719953	-0.00167026491540577
0.0136531913955946	0.00355127048976259	0.000620394368636998	0.00423747144284142	-0.00264454422659141	-0.000402543872650778
0.00277437817637365	-0.00227791515587058	0.00790887485654678	0.00708793199787798	0.0415983577910298	-0.0231437120321576
0	0	0	0	0	0
0	0	0	0	0	0
8.53377961391438e-05	0.000516966462918569	-0.00227825121859251	0.000173425175490615	0.00297765812508497	-0.00697037252973131
0.0142228279823851	-7.17060587617033e-05	-0.00279616712439308	-0.000958416903658167	0.000932294641988847	-0.00800092681251813
0.0122236247948722	0.00475904217579393	-0.0218007289979345	-0.0146958205661686	-0.00219928045527913	0.00696690640653341
0.0130379564835082	0.0311130096007206	0.0260848665247163	-0.00752708993933501	-0.00162956735806032	0.00176238331551349
0.000424178700785153	-0.000111656825376691	0.00796544857296739	-0.00943091089264272	0.0255944690175068	0.0156110954955357
0.00256579642322313	0.00166858271840996	0.000689241424549678	-0.0209666869299818	0.00490607242717857	0.0229421836289181
0	0	0	0	0	0
0.000110819730458258	-0.00195940005598522	0.00124382791267147	0.00178978507383372	-0.00810142626389756	-0.014440370948085
0.00991250354691799	0.00331629485868383	0.00192345627996386	0.00266536334385992	-0.00363689310267056	0.00345489503501511
0.00570616931461786	-0.00249814935004388	0.00226831107256409	-0.00642479639137669	-0.0147723712214557	0.0139776152286567
0.0118951790981045	-0.0213077831004967	0.00249196367070033	-0.0276631083093885	0.00498873601283733	0.0164056488750624
0.0143783739710727	-0.00289201892653859	-0.010693237574139	2.51989027477699e-05	0.00569745848648029	0.00255303824025977
0.0106468785248927	0.00278906471826124	0.00731824426375856	0.000786434990358743	0.00639977030357765	-0.0130409396297798
0.0126356417442118	-0.00602899178693361	-0.00635040306925663	0.0102831059959467	-0.00561796411254609	-0.00403869526657482
0.00652995235750623	-0.00810095798508962	0.00218512146935348	0.012449155166061	-0.01338024663901	0.0109804156007565
0.0124053799777898	0.00607932060710329	-0.0100848155940065	-0.000309955166115326	0.0102407145478696	-0.00265839185575112
0.00971372497549215	-2.45840256452262e-05	0.00707830251582966	-0.0063410617423455	-0.00711216172456501	-0.00827963229110243
0.0126053673799553	-0.00220345033395557	-0.0151499779891372	-0.000337884096716482	-0.00199984374594061	-0.00189149507871347
0.0140167915842946	0.0020899657622961	-0.00144503566547464	-0.00640437298090152	-0.0196027036326288	-0.000783796244106502
0.0150182773177169	0.005621079142496	0.000646683699963349	-0.0114736004484827	-0.00626786076422037	-0.0115939176009129
0.00934043340631079	-0.000424658474910989	0.000814669240198901	0.00313436060515207	0.0130469147603935	-0.00651938154053746
0.0128957342676811	0.0008585150638845	-0.00746983440246398	0.00390578068649715	0.00446656340050872	0.001929030678885
0.0108720919294741	0.000891508671283953	-0.00867908463865723	-0.00115365881785571	-0.00343034179413295	-0.00280518634820553
0.0126367014000489	0.0028860581352336	-0.00965951096121215	0.00380997407237359	0.00454219321288038	0.00760356370635054
0.0131436880113035	-0.000602349950819059	0.00400423414843945	0.000886155550787272	0.00925910593514229	-0.00482188297978445
0.0116243275918862	-0.00658994333979271	0.00362226342168697	-0.00420517754228632	-3.97334567969769e-05	-0.00431425479590677
0.00751228373499423	0.00502448561309809	0.0147875486726016	0.00861100140729616	0.00141458717486817	-0.004013429497932
0.0135383551851363	-0.00238356004763528	0.00658699427080585	0.0179103624759696	-0.00580844894145288	-0.00488484864074859
0.0124080897918825	-0.00587098791712392	0.000982885763190011	0.000471067469736433	0.0104904426352441	-0.000762250695757964
0.0157631423955994	-0.00884416049631634	0.000299824471311045	0.00782051437327274	0.00611160070603095	-0.0151186953765417
0.0124256036372408	-0.00107788684235191	-0.00593006399075161	0.0038738102312552	-0.00714073728298757	0.00194110125639869
0.01286390560173	-0.00465468203794223	-0.00541470996517609	-0.00111728347832604	-0.0203543528200365	-0.00546453483088674
0.0123999216788292	0.000870663415699645	0.00157157497064436	-0.00865470191963721	-0.00743414127110801	0.00240293480942731
0.00355594589526741	-0.00202505189194557	-0.00476064940908121	-0.00500281815218635	-0.0200827813444406	0.0369637630211889
0.0143894666439025	0.00180069566447068	-0.0204240646670013	-0.0290827268159781	0.00553858360161198	0.0075135309557729
0.000615886717199282	0.00124445961729327	-0.00374117276565905	-0.00993708059147373	0.00545837472031837	-0.0281043364850462
0.0118948722019447	-0.000788708728804672	0.00311105465985312	-0.000219173635132362	-0.000269202009365194	0.00335219908806603
0.0126450422833585	0.00428934041182132	-0.0183114767111224	-0.0181942240604082	0.00677834937817978	0.000201504325482478
0.014088094809218	0.00987667787275644	0.00370175988630526	0.00482250301026304	0.000643014024674738	-0.000706003539181309
0.014573590272758	0.00422502733412151	0.00826420141128664	0.00650841057897952	-0.00143106721154568	-0.00102486543342903
0.0146498920474366	-0.0131722708631706	-0.0155294513551756	-0.0195000737867484	-0.0444175200175857	0.0164292525079857
0.00215411171942789	-0.00101361598757002	-0.0170439220564375	0.00605499343175397	-0.00822353244383773	0.00920944023734642
0.0160318051632742	0.00388177143645198	-0.0124478913830479	0.0112459695111169	0.00677075768436196	0.0137305530703084
0.00895406719191605	-0.0174521556376719	0.00273394175206052	-0.0159394135733245	0.0149003629976389	0.00173503076183084
0.0108523524606282	-0.014840754513598	0.0020126237663331	-0.0157539770022257	-0.000255609711705242	0.000556520382833841
0.0138211636421926	-0.00600945965459831	0.00247918161970509	-0.00899905517625345	0.0172359922050295	-0.00465699076054871
0.0081922121662781	-0.0052518021388342	0.000302882467508581	0.000266793559681515	0.0024266642932894	0.00260445236680549
0.0105325780247098	-0.0123001427148058	-0.00542832070546903	-0.014063080515463	-0.0161002826814126	0.00678402172880688
0.0143168808803375	0.00718527528108003	-0.00346074368926184	0.00626822025449307	0.010864710733911	0.0238232564266164
0.0154708321536831	-0.00198479864630027	-0.0179789464643524	0.00893560010184774	0.0107807795330082	0.00620551830269581
0.0140729289196312	-0.023281720113447	0.0148222813534487	0.00240947248342849	0.0100722026069952	-0.0060132292289941
0.013440022876658	0.00751007386109444	-0.0016291385916059	0.00602433493882037	-0.00504880261832061	-0.00053559532410241
0.0150215156581332	-0.00527948987000412	-0.00434419592949949	-0.00320326483683719	-0.000268317166054142	0.00036458038576047
0.0120102748656625	0.0267564226464035	0.0183767653723868	-0.00258200913893748	0.00424927074659145	-0.00126484418103709
0.00997350499397307	0.00283290363235679	-0.00466988989676222	-0.00262576935094437	0.0158793391805019	0.00120800355492695
0.010768366433659	0.00459511716595312	-0.000510552997685265	-0.00675378208410786	0.00414405721820543	0.0114013619572291
0.0138000651510351	0.00474034265764113	-0.000842294863674709	-0.00218821442142382	0.00130916040200547	0.0119665653230897
0.0128648403108356	-0.00186644610076724	-0.00923170462278795	-0.000740277862764743	-0.00803578575132083	0.00467350408614169
0.0135959838842684	0.000379780898563647	-0.0160701335650472	0.00778237854454807	0.00902029335388829	0.0110932767094658
0	0	0	0	0	0
0.0147772452075542	-0.00821509377408628	0.00251848057217967	0.00542142411424555	-0.000224650817846907	-0.00433515778059571
0.0140542024576786	-0.00332712600402144	0.010288319033672	-0.015915981693873	-0.00159086876073554	0.00095631787680504
0.00736344421993214	-0.00573121477498484	0.0084811093141105	0.0133681768593199	-0.0162320191289738	0.0263308715604174
0.0121124902623969	-0.00372463860164497	0.00578091884593161	-0.000268185367853344	0.0042367957866918	-0.00729996367485429
0.0113024636554583	-0.0240138193920418	-0.00912282052516484	-0.00565273624876406	-0.0194947210988291	0.0198172293387852
0.0139007874011206	-0.0224702253207515	-0.00702373178144563	-0.00614821945653036	-0.019583285401084	0.0179169419480646
0.0159276886788248	-0.0357202042425736	-0.0036715925957488	-0.0221712449991492	-0.00323689302601394	0.0275051228500768
0.00650400281253221	-0.00633326699844623	0.00496482200866516	-0.00880084116347952	0.0185209760686334	0.0108038943231063
0.0107559287180079	0.000770106445500585	0.0072612989374333	-0.0173525620924837	0.0246494891940225	-0.00888122904532273
0.000751337751440176	0.00279264771191633	0.006537178524267	0.0193502509175697	0.0183090153458596	0.0028848476933221
0.0164675048174945	-0.0571101880016176	0.0539457681302866	0.0308972748993949	-0.0103896515479896	0.0158358970516184
0.0176094604852525	0.017691891375428	0.00546054017555666	-0.00749846402983799	0.010275886574473	-0.00185012238973151
0.013848525673007	-0.00153841887311501	-0.00285197439410359	-0.00476211237201941	0.00564866894582947	0.00225223757938616
0.0166320376538799	-0.0271612330454618	0.00798922368235968	-0.0105537046485035	0.0132277945253581	-0.00702576763317268
0.0118306250152923	0.00041871141871442	0.000709728233627466	0.00284358226147154	-0.00386124113516915	0.00757867366384207
0.0112869425643061	-0.00208416560367123	0.00278619051879476	0.00362137192274078	-0.0111907305196837	0.00619077653005375
0.0120618661237734	0.00302530297926164	-0.00118616505842282	0.00401041007443802	0.00777473765923149	-0.00237465343822804
0.0132584829017597	-0.0176045099202065	0.00526446119143814	-0.00700588332573052	0.00506063542193006	0.00373781611692148
0.013796735300058	-0.00282236968462441	-0.00515350950880336	-0.00276031720871509	-0.00401689694200697	0.0169516631355119
0.018187201814524	0.0216313083568581	0.00936789145331708	-0.0156262283304197	-0.0154991381922951	0.00263663102324801
0.00536062866739993	0.0149689733174458	0.0218421688995938	-0.0199081376300138	0.00228943519387684	-0.0166451502776232
0.0108856579432244	0.0026397993809265	-0.00114318595030365	-0.00562631512533968	0.0148838849519979	-0.00899835734617102
0.0127422566329665	-0.0226775714263584	0.0339553359734434	-0.0320142676040936	0.026500963720068	0.0062760162700962
0	0	0	0	0	0
0.0131431494692093	-0.00917638825644209	-0.00490142583782387	-0.0185414987888795	-0.00102917606782586	0.0132846014851035
0.0078919001663314	0.0130437215685737	-0.00772277683651456	0.000739738231795386	-0.0187156667203954	0.0161015524788146
0.0171953499514573	0.028605624135688	-0.0119042396747297	-0.00760556259706145	0.00705348142859116	0.0398511042575039
0.0130895134712047	0.00715996722566934	0.00598101748597964	-0.00549872067406805	-0.0066913725331732	0.00194652660511127
0.00761131598082889	-0.0115220789489111	0.000147399739385889	0.012464900360218	-0.0139290928002835	-0.0106139843769521
0.0158170798663369	0.00214674057401539	-0.00819214778430941	-0.0109933496560549	-0.0178301965911947	-0.0370020057887383
0.0119001664051798	0.0116584247350008	0.00454715750735167	0.00488948017958332	-0.00263758467527906	-0.010340258657383
0.013104111985958	0.00157548803908769	0.00253737552885317	0.00268289310299213	0.0107400383157182	-0.00540577828542545
0.0157702508362176	0.000518068163582796	0.0056989213196861	-0.00277769675632464	-0.00386876692377034	-0.0064642712939414
0.010979299778358	0.0009134655629949	-0.00379462858740998	0.00815765707906176	0.000773792716015908	-0.00576106117716413
0.0118996248938704	0.0104470554346232	0.000816231051498362	-0.00218309348408846	0.0016415208031642	0.0030690750845356
0.0126372607442213	0.0220857828251175	0.0248127821230315	-0.00819338450258827	-0.00136481986102405	-0.00453793496788865
0.013810580383238	0.00736682443257473	0.00167921692695477	0.00465010919041603	0.00409681618931237	0.00293836561166647
0.0130826096950812	0.00241093049769834	-1.4701548586168e-05	-0.0004066888937162	-0.000190971623663125	-0.003958519576901
0.0143050425453296	0.0283553771226849	0.0240802294586938	0.00776418533403174	0.00528310904836365	-0.0033135545786961
0.0103810635188623	0.00882394424977747	-0.0101261350355188	0.0150545937045434	0.00265358333231404	-0.00800510774082696
0.00992980581805217	-0.0160705615789692	-0.00574680349812413	-0.00172808598921575	-0.00578945223625305	0.0115507227931532
0.0122874229285072	0.00211673172191937	-0.00417328245158803	0.00409699373419322	0.00092217972593567	0.00208988359162868
0.0143729984061393	-0.00793862947218931	0.00040889768924625	-0.00409066706264199	-0.0137395426943474	0.00592584339372288
0.00287942862064842	-0.0155655922927143	0.00961455657898715	0.0355225668104245	-0.0267920563774239	-0.00935120457245925
0.0147736275951399	-0.0153431382906747	0.00552808298798274	-0.00960304384054864	-0.0136945124584252	0.00737868033056762
0.0122072870704511	-0.000799880218710041	0.00406819766494766	-0.00975729512661339	-0.00111432420784513	0.00820968070874893
0.0102420900067976	0.00453394185134191	0.00633185422892126	-0.00399624367603023	0.00193723067591054	0.000269555750922593
0.0132688850308201	-0.0165677369519766	-0.00784699716948668	-0.0151506843511809	-0.00294256561973546	-0.00199907575433175
0.0122575685934773	-0.0112571603834883	0.000278969690957176	-0.0179092280443646	-0.00398499195645463	0.00704594529295356
0.0088103668014195	-0.0120401494117567	-0.000273865449871694	-0.00967108979568731	-0.010529419172003	0.0126295458129347
0.0174131606827784	0.0153020148411911	0.00350309358499599	-0.0126213150265074	-0.00973737369203003	-0.00349034762705026
0.00706900112170551	0.0149759029582016	0.0215509388470962	-0.0173834646668089	0.00283561839522899	-0.020322737587621
0.0169547242713106	0.014793078904007	0.00215395350429238	-0.0138162303770148	-0.0162091640171772	-0.00412557353872476
0.0121165240462243	0.00331339702328657	-0.0255574861478376	-0.0183394000413069	-0.0064553987448895	-0.0121194721533712
0.0180127402880673	-0.00177654577287929	-0.0135041457576784	0.0154294007886537	-0.0121273891520901	0.0163287334685705
0.0154835519903939	0.0124570740832676	0.00237122055985306	0.00541031987114625	-0.00602324547389454	0.00200459420773429
0.0119608159976692	-0.00920341894681943	0.0231550020152836	0.0253538036644826	-0.00945327644912166	0.0127757757845056
0.01256248704742	-0.00862064868085602	0.0138098283353551	0.0239645356921463	-0.00503328199912726	0.0104191006308124
0.0137591239886119	0.000615988423950753	-0.00521781342799738	-0.000470789435310549	-0.00117539603055632	-0.011989005133483
0.0123697387375041	-0.00828504414933266	-0.00459459822213644	-0.000457186418335624	-0.000940602716202249	-0.00400920646154593
0.00502623353798089	-0.0116007165315419	-0.0069535511612419	0.00374702462518885	-0.0289903153613173	0.00496278337983235
0.0145408152856247	-0.0141835124258122	0.00797506812376313	0.00308068447212075	0.00611979855323021	-0.00216526831103202
0.0127243396567522	0.00411016089921855	0.000911127503507	0.00502841419176252	-0.000923690473282648	-0.0045706655550197
0.00556284248744715	-0.000953419686944597	0.00714616975731618	-0.00230761654660428	-0.00292350754360981	0.00995711387203557
0.0113534468077486	-0.00280608297026385	0.00239993026364194	-0.00538654191773645	0.00231216071622334	0.00411550906962882
0.0129646127381359	-0.00551737355845189	-0.00705604499580767	0.00157131664081782	0.000886699679259642	0.00930245393698779
0.0106084429508645	-0.0101002964364559	0.00229319232936883	0.00886178946138246	0.00814901007269085	0.00930209631959541
0.012839062568272	-0.00604917113020711	-0.0368632936613081	0.0197746684720158	0.0126958496246997	0.00442919204397736
0.0128978358131669	0.00213033445930221	-0.0343422307502404	0.0154547067388973	0.00508950265904315	0.00432811069121118
0.000112081275673021	-0.00324994580078755	-0.00180507503102739	0.0098724015349453	-0.00360534544299646	0.00783279595548264
0.00779106748816354	-0.0116042132619048	0.00835499980952535	-0.0190915912321666	0.0172512165396801	-0.0106801090851302
0.000338033955685551	-0.00507843135342789	-0.00293580243094213	0.00603233847348011	-0.00712457289211757	0.00955217412521141
0.00482562897570705	-0.0109556840123421	0.00573328176377348	-0.0025749681876165	0.00504800051891669	0.0150738399220163
0.0127441419436013	-0.016605711113051	-0.00451873688532042	-0.0180032110133136	0.0132498319489556	-0.0041005017457744
0.0128267339925888	0.00121580792106428	0.00285413272838747	-0.000590049873827991	-0.00876047122776806	0.00395759031445106
0.0140688071410481	-0.00307235747572323	0.000649743350203905	-0.0100082971212431	-0.00375568354976006	0.00687179737376305
0.0120596766152351	-0.00382446350291578	-0.00718772912317748	-0.00688212219319221	-0.00399336892298304	-0.00738754049347834
0.000214186687487123	-0.00524682345213785	-0.00437629103011243	0.0194495708595229	-0.000754891919275414	0.0211207035927294
0.0126438645110428	-0.0085971090037158	0.00238619768000693	0.00294911349642544	-0.00110198953346394	0.0162700733557283
0.0133930796350168	-0.0111953848403376	0.00351483925767393	0.000980740793702447	0.0083291719672342	0.00376100417953386
0.0120460693574828	0.000796771051634835	-0.0286933189586855	0.0174117908751696	0.00387302592750598	0.00344059469082358
0.0126717073715815	0.00431339670664237	0.0027063318528724	0.00245172999728412	0.00826676412049001	0.00746699652898718
0.0126436633999803	0.00161140084705876	-0.00196883713383616	-0.000300832819078693	-0.000684838110285653	0.00405690630905815
0.0120355634459345	-0.0372007517217321	0.0393617186758626	-0.0179423511619878	-0.000532397563420107	0.00133083064435339
0.011405763536597	-0.0169658173359323	0.00789643093305047	-0.00243546549994921	0.0279611983928897	-0.000837617168310881
0.0129580154146276	0.00477575345050529	0.000394083577219236	-0.00645671488715139	-0.00233544336230065	0.00418612398355225
0.0124514579639634	0.00206763210222293	0.00168273777012447	0.00297031469670466	-0.00068045151051273	0.00304488737884424
0.00337771139925562	-0.00581142992591205	-0.00257568900995786	-0.00942303831887536	-0.00891474043904265	-0.000454398392330325
0.0135829705806379	-0.0137927705283071	0.0115055635138188	-0.0207758762191839	0.0236318579868309	0.00702021574478027
0.0112393609217754	-0.0279151843910035	0.0290248500295558	-0.0072915627883884	0.0107456054740446	-0.0139727851536301
0.0140328776038687	-0.0348536128690071	0.0434269064110037	-0.000179459608290022	0.0105365334515101	-0.0184193955550973
0.0154052913174938	-0.0440765955666778	0.0658909339769089	-0.0055065073118421	0.0051090249033218	-0.0225524847842955
0.0085254399143871	-0.0426303439704338	0.0580072822334528	-0.0197867996170328	0.0142234563914785	-0.0340347639910754
0.0137398970478921	-0.000272705249456907	0.00292407136149132	-0.00515791972597014	0.00589427453807416	0.0076342698089145
0.0119753213416882	0.0228644079197512	-0.00604902898859447	0.00352068450551128	-0.00412029231315856	-0.00131120906424028
0.0129711498810812	-0.00341648596008682	-0.00044106899550679	0.00134574668224094	-0.00349226271464085	-0.00577248634270967
0.0112956398886467	0.00711673294042801	-0.0190913454128567	-0.0246887478317649	-0.00214538450750285	0.0131355774078612
0.0117261790543165	-0.00811358050948069	0.00258015789174462	0.00860775735290159	-0.0133505555617077	0.00317607808162165
0.0132973428743846	-0.014432422678429	0.0157868606358876	0.0132290066005032	0.00787169083376615	-0.00519810856111125
0.0104172988516475	-0.00381765696758838	0.0237108480014252	0.0318915900724204	0.00963052836331272	-0.00913152506354876
0.00493512418457065	-0.0189818737372768	0.0130431541641015	0.00694571932510738	-0.00660126219894673	0.0124284168872348
0.00737920376269512	-0.00131251541727068	-0.00447223616157128	0.00384787919343948	-0.0243032466094114	0.00811361458727909
0.0145798300792014	-0.00387200828137722	0.00118763631492423	0.00812225014582894	0.0039359048862113	-0.0102764762864332
0.0121080842195585	-0.00177229405387349	-0.00609293073150708	-0.0100154936275302	0.0052911063214312	-0.00978833066900995
0.0130772749628483	0.00534063537073698	0.00866976819026771	-0.00907578720016614	-0.00371624896237608	-0.00255992272091157
0.0205777270919201	-0.00973636033397296	0.00289928530264152	-0.0229087186972686	0.0115126084395931	-0.0168982096203321
0.0113406823171685	0.00588150818219604	0.00165836005275053	0.000739151398454925	-0.00397033310750265	0.00858448533694888
0.0134529109939765	0.00147719733186984	-0.0320541730151874	0.0111100588100767	0.000170850548228489	0.00690484247962947
0.0139947641837551	0.01351784344492	0.0118412301850918	0.0036695554112217	0.00446209025776768	0.027749426296673
0.0130598658674897	-0.000408580514712853	-0.00378332166069557	-0.00207504073132612	0.00957330862219547	-0.00577466173590111
0.0162832691027519	-0.0127779785180256	0.00802328752445747	0.00330245157055236	-0.00550165858131352	-0.00242377228556433
0.0121095647833929	0.005026509883288	-0.00221456100688136	-0.00674734781052324	-0.00459190659618474	-0.00391480215251739
0.0135399496263569	-0.000206440229512692	-0.0326708127544421	0.0139259991996204	0.00988472551837088	0.00460525453952439
0.00887171240914974	0.0106298022704001	0.0150681809011848	-0.00426054836145123	0.000704258682160952	-0.00471954890596886
0.0137571892854196	0.0178546134495744	0.00749382775555503	-0.0113995489088293	-0.014443091472332	-0.0116094200801221
0.00898824925976432	-0.0198570953478527	-0.000359567222693834	0.0152653237878085	-0.012385037992576	-0.00685878230276518
0.0096945918933585	-0.0241290149090205	0.00179480123334796	0.0103658061933465	-0.0167314899547231	0.00774764885052734
0.00454281531315298	-0.0137684433104954	-0.012728349903118	0.0120418765277563	-0.0161749150414772	0.00427497058160354
0.0101214781977738	0.00405140839319863	-0.0079925512783782	0.0193403544084882	0.00189888912534193	0.0245653813555056
0.0157509971729446	-0.033106599246031	0.00927623216281711	0.00605422622277026	0.0280509217704736	0.0089464740449616
0.0138239586945404	-0.0117512806756197	0.00408229986462021	0.00178264281064692	-0.0131955312651365	0.00855925294830497
0.0122891178509758	0.00373702551810188	-0.00901282830232321	0.00523398932996031	0.00499831620708855	-0.00588195047387029
0.0132009748704725	0.000239672218770958	-0.0348651346190587	-0.0079810483448031	-0.0172090258353157	-0.0011220496920914
0.014513619776357	0.00152291328084907	-0.00215671665720025	-0.00200887437759722	-0.00652185995569891	-0.000708857458068556
0.0121495486265405	-0.00637214101854883	0.0026159231759531	0.00240425447075454	-0.00384562389156107	0.00335364867046951
0.00528099808928508	-0.0120706651895727	0.00597149265263194	0.00405549056065771	0.00576830851011096	-0.0150306743226009
0.0153200779692259	-0.000267569327175242	-0.00475505345236745	0.00505999987188914	-0.0049880358542356	-0.006445738147951
0.0157026726989205	-0.00111940368937955	-0.0181550270317164	0.0151870873798301	0.00858366588060119	0.00221197979675487
0.0114451176566529	-0.00292024891031596	-0.00719660735514005	-0.00884425288847612	-0.00719705723119595	0.00112012792260746
0.0175730372719944	2.03104542137282e-06	0.00402882610406381	-0.00213113731951124	0.0104897111210216	-0.0153977766891868
0.0138361410384202	-0.0255771683773344	-0.0248707746825079	-0.0357431779188551	-0.029002835231132	-0.00172453861798227
0.0131639314509266	-0.000434571882943826	0.00552081089889587	0.00188415527957131	0.0124463939836777	-0.00249649553457306
0.0143119996402253	-0.00031163685591408	-0.00192280927281017	-0.000456040141780255	-0.00402275088791226	-0.000465426004631809
0.0118230755535485	-0.00163114949309645	-0.001368487622292	0.00988124605341271	-0.00804927170871043	-0.00462771750855431
0.0123866598190275	-0.00868557938044039	-0.0159047734576399	0.00803853985240926	0.000379508864841515	0.00700832008506978
0.0120176942500966	0.00177517836973137	0.00667158741433996	0.00853299753537987	-0.00422852985959423	2.91621508360764e-05
0.0137303731238485	0.00659572161055344	0.00291977919694998	0.00110306172541778	-0.00797646964781516	0.00238968476038219
0.0117561096371871	0.00380032824560752	0.00532088131218046	0.00269537917601416	-0.00318277031496557	8.21163166933665e-05
0.0123027625658503	0.0078822499935281	0.0016880280411463	-0.0010044915291588	0.00605645181372971	-0.00547959254900779
0.0142061821200796	0.00876997141660828	-0.0217241075407467	0.0275084967823579	0.00759902295753295	0.0056385335042332
0.0136640910377172	0.00810817942382469	0.00413337137875763	0.0113669878433207	0.0152459194471679	-0.00306615004256481
0.0150215504241436	0.0318102524000874	0.0229576303960303	0.0134785689203619	0.00397778246359769	0.00870420926156859
0.0125701157648771	0.00426734875472616	0.00233691386411229	-0.00249115285481619	0.0103650960005287	0.00310335218457847
0.0136224559010975	-0.000203239788121537	-0.000530063386944353	0.000529132005020285	0.00200153914058742	0.00838331774229304
0.014192583204586	-0.00142657784648138	-0.00330359349311918	0.00937178779328141	-0.00204692177547876	-0.00255698872924784
0.0138491078919433	0.0020414846138923	-0.00202337482867538	0.00422934148089263	0.000564319865181059	0.00702533495797398
0.0108272518502874	-0.00116841704313227	0.00599493944263949	-0.00149752883236134	-0.00807894860879965	-0.0107359719575714
0.0115226202845606	0.0094201092803446	0.00442468070934725	-0.00447256351963644	-0.00713417712756056	-0.00245118624665153
0.0122850884924363	-0.00282096256504727	-0.00222552761167339	-0.00575759362978901	0.00458244811068873	-0.000871244357842134
0.012408669308557	-0.00345971993156607	-0.0263294849194813	0.0143655192682974	0.0122528056079526	-0.00845737813413151
0.0160513700309875	-0.00583614763072712	-0.00357515020717344	0.00705125876215886	-0.00207391993933532	0.00449474133546391
0.0132479259133214	0.00455115196062341	0.00397044261123868	0.00260744445956561	-0.00413456359130133	-0.00380199943176907
0.01186788383819	0.00258348566327282	-0.0140198314985161	0.0086789912780585	0.0122625329542521	0.00217986331321879
0.015050581396778	0.026195731859515	0.0251063955809444	-0.00711808391663537	-0.0086468453269825	-0.00121855617428129
0.0163134767348254	0.0157840243583728	0.00305260574498374	-0.0105746725786489	-0.0158017126468955	0.00068416335784329
0.00210688960271906	0.0134078503446216	-0.00279212119902638	-0.0133703760127041	-0.0104196373164755	0.00965311734289337
0.0125561174410919	0.00521703471877139	0.00129777492417622	-0.00942057209582632	0.0137473927260357	0.000519377653038111
0.011506726595904	-0.00527422150493207	-0.00780142741409743	-0.0232282439227351	-0.0121474673987311	0.0131237309277084
0.011804997569428	0.00353917796873045	-0.000394655697914809	-0.00117649136539225	-0.0253538519020937	-0.00360748700867756
0.0120197480138925	0.0060984953897982	0.00308742935572491	0.000912377660504819	-0.000164364726272235	-0.000444886578649836
0.014982215892905	0.0083044951342341	0.00123062589667507	0.00342852711744307	-0.00802683126351782	0.00311703046478149
0.0129374718059234	0.000581119787241038	-0.00659385259681834	0.00592844859105577	-0.00752983261180787	-0.002563388385833
0.0136203826682728	-0.0016551136855272	-0.00642319076219567	0.00193277389965775	0.00191624776996922	0.00274286359791433
0.0139885542022221	-4.78631904864708e-05	0.000103648624471509	0.00891940735973801	0.018575981474183	-0.0200482119984862
0.000753357974840112	0.00775828569752959	0.0086256950204556	0.0320501002066371	-0.016462130690435	0.00656886072025115
0.0114846084386312	0.0263794928151226	0.0274325725395032	-0.00395970675208069	0.00358287518454621	0.00145992247280432
0.0125713445786424	0.00864710662772335	-0.00112774142487926	0.00299898798744338	-0.00186760738403874	-1.72247015759021e-05
0.0163483438598122	0.0191344645497549	-0.0127718825201757	0.00908124848817031	-0.00196858861072856	0.00870900240638531
0.0166065400174314	0.0202870071474848	0.00429153824641251	-0.0156395707393879	-0.013244233232034	-0.00770137770442807
0.00368424266583512	0.00546689337217303	-0.0169840148923327	0.020116901981482	-0.00609271975950593	-0.0247852387047811
0.0157235584296331	0.0105307552561248	0.00757424685416789	0.00622251877533345	-0.00195800271912373	0.00443236532752845
0.0104590559034124	0.0253788094603421	0.0402545102315028	0.0488484984008976	-0.0374811878943331	0.0235383841568751
0.0035460358268428	-0.0044034780484109	-0.00421136242421416	0.0376893932318129	-0.0188338773709915	-0.00151700216374579
0.00890154789936864	-0.024719713342666	0.0153489201124871	0.0135515697622581	-0.00613622268376864	0.00820911941253438
0.0167833107063207	-0.0100615217083478	0.0128799856569084	0.0033503048633255	0.00168713285470088	0.00326828917352085
0.0114526019456719	-0.00075957025087628	-0.0041371494015036	-0.00936248047032853	-0.0188516446808103	0.000248466463327583
0.0135295309179595	0.00892773897736546	0.00330483861005439	-0.00165504621981681	-0.00119894189412579	0.0109708406297572
0.000264340153525692	0.000582512693664507	-0.00242063783746753	-0.0125327418446504	-0.0020922799142931	-0.000442877286426452
0.00251675207620012	-0.0183263816040556	0.0091671867718078	-0.0124331323613534	-0.0123412910652181	0.00737325771267913
0.0131637099435951	-0.0359707166738485	0.0202853546818341	-0.0125075452314761	0.0454680268030031	0.000249435358689193
0.00788015180325141	-0.016688948936243	0.0193492939335356	-0.000867893882779236	0.0276492241540074	0.0293291128387486
0.0171315888325583	-0.027948262997368	0.00255106056975349	0.0164141883612427	-0.0304807826871116	0.000873663532918201
0.0105785336629924	-0.00905978474828075	-0.00631232970392798	-0.00103729083023914	0.014175522768193	-0.000700137807735986
0.0118175914372835	-0.0107505631772893	-0.00038425754204238	-0.0111272566155685	0.0104994694037332	-0.00215879863403661
0.00645079542301253	-0.00234924995963537	0.00163116798061238	-0.0143941292718751	0.00269019232484728	0.00124407879368059
0.0140434826547946	-0.00217814856409909	-0.00219054942355684	0.00253591564516293	-0.00933267945656288	0.00412270944876015
0.0152489433673712	-0.0101505230355924	-0.0106908589662754	0.000791828771031612	-0.0150237903305463	-0.00902211498777921
0.0126552103055674	0.00145321927286537	-0.0196932113105234	0.00243489866145339	0.00859988707420716	0.010740539711336
0.0134910127331345	-0.00925326404469309	-0.00243326601720021	-0.0212968300942682	-0.0122777023298048	0.0039289427097567
0.0129347895053555	0.0146208525293276	0.0128930692721896	-0.0016015202743689	-0.00561396831851102	-0.00144480449483971
0.0152727741534452	0.0182871374539219	0.000396026204601681	-0.00300780114875441	-0.0132605309051467	0.00868067363174538
0.0140561715671574	-0.0121213815435721	-0.00766358410434648	-0.0150311194643686	0.00640012670673222	0.0122076918470563
0.011363554003197	-0.0267699791773473	-0.00442278262157526	-0.0142303522115485	-0.0185884238841	0.00344357728307625
0.0115337434896349	0.00396714672123608	0.000608965871031905	0.00741171051715791	0.00191733918551922	-0.0106835231464042
0.0136498604231274	-0.00253435858565955	-0.00111535612396975	0.00151570482532321	-0.00674959040498137	-0.00540551046099264
0.0115827594490859	0.00221765016946254	0.00492028957158995	0.0046065247044013	-0.00492042970662071	-0.00253041999303684
0.014952360479453	0.00912454323960128	0.00529272021069115	-0.000569811781579639	0.000513462832773846	0.00142745190296118
0.0131684145027077	-0.00750567595071864	-0.0194921696347558	0.0117168187900634	0.0110512919215167	-0.00557768717370266
0.0108630636207016	0.00483682180507094	0.0145129050500643	0.00572085728859	-0.000320931096761633	-0.000248278323813402
0.0105626306948767	0.0245680908566373	0.0165785379315807	0.00022718786505772	-0.0118494884475351	0.0128234652212549
0.012198753527768	0.00551909568954991	-0.00798755200661602	0.00635402534869229	0.00134222022964331	-0.00548155673517803
0.0123464495360519	-0.0182398626063555	0.013198006816867	0.00892063003884303	0.0111352973813602	0.0103341703239179
0.00108699265773361	-0.00109774098048629	-3.59556430181984e-05	0.00687569483935934	0.00764306258229683	-0.0291574111922689
0.0139458344890111	0.00396787274945565	0.0014445159421851	0.00741785062985364	-0.000908965831525349	0.00470391344875584
0	0	0	0	0	0
0.00428632972841774	0.00335932923557504	0.00489776088480268	-0.0113950745036883	0.00291125195864461	0.0210982527026934
0.0121002459508293	0.00530439356700099	-0.00282355996509795	-0.00634861819439246	0.0104091229831069	0.00240182238057017
0.0103962441954751	0.00446591083661628	-0.00809604965247101	0.0123132370211797	-0.00359046562984099	-0.00752902381563351
0.0131200204055314	0.00363056647550013	-0.000814716909981919	0.0052061246809056	0.00236354140334744	0.00865264026725855
0.0151224823109615	-0.0066575488188152	0.00286362304504554	0.00218260901931303	-0.00224348980459149	-0.00993203300920125
0.0135388307267569	0.0076992596620451	-0.00154852635194995	0.00184440592107992	-0.00854055953543048	-0.00388996385042065
0.0132668455624636	-0.00727113581008806	0.00424944535813177	-0.0056192468484847	0.0189402006231289	0.00700408056133581
0.0103020183720397	-0.0106918962056035	-0.00663642929542592	-0.0154388442910299	0.00440479510654807	-0.000921145235552452
0.0137439279802292	-0.0106963445924774	-0.0154842330019638	-0.0218087784022025	-0.00554017119529304	0.0160578007942057
0.0111816265124204	-0.00289161088887609	-0.00990969894302292	-8.22685662348732e-05	-0.01193577913961	0.0028952511088507
0.0131834459071908	0.00258217842604809	-0.0148883730923968	-0.000557882214569596	-0.00203033204430126	0.00406233276524384
0.0118414431225131	0.00685795428927852	0.00114371808029782	0.00864694745993751	-0.00448079159696645	0.00472116453516931
0	0	0	0	0	0
0.0121993619383138	-0.0139264022650984	0.000630957558407064	-0.0209884904081937	0.0186280660631869	0.0077437446718506
0.0119610751227697	0.0111794402855756	-0.00505124871891868	0.00640075042689425	-0.00254617615631071	0.00484309781961283
0.0128543944836108	-0.00414463390631505	-0.0223048383043828	0.00831291585626802	-0.00329013852650467	0.0036196548139237
0.0130930740697846	0.00371217329865438	-0.021960661961103	0.00727974884686163	0.0153842031656639	0.00724822192708935
0.0125413212216274	0.00508131834749063	0.00329425811105866	0.0062988844990411	0.0059915876698434	0.00685878351348001
0.0135052303453054	-0.00365693869981737	-0.00158563874480124	-0.00420349787068656	0.00826094162118536	-0.00582819012233929
0.0129719418032402	0.0279280818525631	0.0174466902692668	0.0174126912805776	-0.00058175504877664	0.000660001029247636
0.00128364183022238	-0.0036993492286791	-0.00856582950029273	0.00913488851501661	-0.0273273945855846	0.0152013278552326
0.0129297471040509	-0.0138795948407846	0.00426740067874489	0.00907264880156476	0.00495947020699555	0.00509242021474262
0.012256993076012	0.00274189108249591	-0.00680832731986406	-0.00630160982647025	-0.00146513359664663	0.00157775128786141
0.0125531061333544	-0.00154443200922155	-0.0238840325982821	0.00930771412130791	0.012582317954318	0.00514383257724621
0.0126174815096469	0.00029376196778608	0.00259449113405425	0.00721450753282759	0.00244135939491402	0.000851719636392947
0.0100126037036967	0.00168019561550817	-0.00909737448349024	-0.00119895091579405	-0.00564807108676389	0.000431847517570202
0.0148806343146632	0.000727515942039111	-0.00986583846981245	0.00775510484271981	-0.00509137438804492	-0.00240121269758186
0.0136612269618133	0.0135409870444149	0.00752976639540953	0.0187802408424109	0.0175644440548026	-0.00920469431600129
0.018189323150655	-0.0218704825735787	0.012917073202819	0.00440732207926472	0.0151163611423007	-0.00987232260688579
0.0127026199408624	-0.00343238309205326	0.00548958713836708	0.00239332085108556	0.011016701605925	-0.00828795640554339
0.0123520710332719	-0.00119803084289843	-0.00252689145679892	0.0064254543747762	0.00603703622497555	-0.0111140494978767
0.0150204147434986	0.0271048516831708	0.00438804995504259	9.52050017515079e-05	0.00569553386165889	0.0166888200506543
0.0132606851014503	0.01160234415288	0.00121094698852672	0.0054712861197364	0.00825683462745316	-0.003750364957694
0.0157884488283633	-0.00977698668275606	-0.00905949565192767	0.00034933850290565	0.00689469707469342	0.00581501034247917
0.0171453343349566	-0.0659727418871222	0.0716063893273016	0.0580686420364732	-0.0186363588096856	0.021012081954785
0.0150134957702977	-0.0250175682689931	0.00549313927112553	-0.0103295923137567	0.0191241788073551	0.00831850224539769
0.0104981948756211	0.019508897553975	-0.0278390030293732	-0.000277362648046543	-0.010046816459258	0.0154927607548945
0.0161481816814141	0.0288834211840197	-0.0367286611492263	0.00231709763701978	-0.00263279216534609	0.0224488438046437
0.0112752075688878	0.000680451511665698	0.000331217171918004	-0.00203730051205872	0.00857499512658788	0.0135660332444287
0.0026792090851228	-0.00227313343561893	0.00127262816326057	0.0187383122993121	0.0271511443363848	0.0181962367540812
0.0183189807076712	0.0200526811694863	-0.0219536844865762	0.0228268477251514	-0.00575556290097918	-0.00634743948776665
0	0	0	0	0	0
0.0152370239072009	0.0170206308904524	0.00827478007980604	0.00161616162240175	-0.00649003714842317	-0.00107519350809913
0.0156466442303152	0.0198970698543309	0.0103567613481245	-0.00493133141215941	0.00356221879982929	-0.00203050579277772
0.011464619183126	0.0218612606700455	0.0169167857111932	-0.00154959917287034	0.00146287952769338	0.00338759212110973
0.015161837351186	-0.0100246773917241	-0.0040154805670331	-0.00910296949268367	-0.015264576955392	0.00120945181789287
0.0123979597098236	0.0103175885183802	0.00658046885757174	0.000139765859499939	-0.00472840523296646	0.00669142968531306
0.0128770990472133	-0.001802512251925	0.00137096957231763	-0.00103517734512028	-0.00345589485127169	0.00597433846549418
0.0154676593251917	-0.00401960848548267	-0.00072637360699321	-0.00469574737824775	-0.00104361047949269	-0.0118203733343617
0.0152293310052324	-0.0171201024758982	-0.00593012838380073	0.00479043622850256	0.0254488497165278	-0.0123027388245583
0.00357727470356555	-0.0128421189690572	0.00112978909544805	0.00658104880950101	-0.000748881648686479	0.00170288634793626
0.0106351302753863	0.0035417692291704	0.00424124152555471	-0.00178280768382212	-0.00390167586332597	-0.0110082475020622
0.00377865620115421	-0.00367478070723357	-0.00692102657064675	-0.0166750975084546	-0.0275452670516745	0.00401217331934205
0.00476578926714225	-0.00316450340372046	-0.00633276513749247	0.0135515090664552	0.00436246463230208	0.00417730395223654
0.0120073884766892	-0.0031462273346941	-0.000630055480663752	0.00204311312901963	0.0114608044478663	0.00885998407260964
0.0151195985188518	0.0132686623030895	0.000883519919075807	0.0549350321480276	0.0170247031651973	0.0269647612751808
0.0124188350048419	-0.00268022935015839	0.00880474318981397	0.0157557072395517	-0.0023417545040684	0.00113091342958747
0.00754238881599884	-0.00305853118042434	0.00119890953634163	0.00597607579272626	-0.0421152530872897	-0.0052158328486154
0.00716822342038454	0.0103183051152851	-0.00856362682494011	0.00537121521991778	-0.00524876783554193	0.00951793703632869
0.00988052019045807	-0.0318828827153566	0.0279945260149764	-0.00132637282608906	0.000654054428629987	0.0098670823034719
0.0102013916867937	-0.0434587125431786	0.042217633270863	0.00247363624504439	0.00406685692367571	0.022143369360639
0.00336679663033807	-0.0331346899573276	0.0164573358553985	-0.0126775616640509	-0.0478470595530128	0.0267779841551495
0.00242017443397089	-0.030302117030577	0.0147660054489951	-0.0154203007793555	-0.0327384293563811	-0.0152047630966709
0.00028773640101286	0.00469930169246617	0.00253625913690258	-0.00289409928409984	-0.0104047563372157	0.0261709731431001
0.0112203942015055	0.00291854989406896	-0.00847152140538705	-0.0128221889786507	-0.00791533460255185	0.014712782938831
0	0	0	0	0	0
0	0	0	0	0	0
0.00111260942564905	0.00672510230066735	0.00126653051087596	-0.017806529947308	0.0328914665499601	-0.0122224448365532
0.00117543479585784	-0.00504753604996477	0.00298590448569604	-0.0163171236972322	-0.0218921699690648	-0.00224552687929029
0	0	0	0	0	0
0.000332556816359943	-0.00529669506393702	-0.00294123181669855	0.00754902162827907	-0.00579760400640329	0.00624364443298491
9.89179475803053e-05	0.000556975398571893	0.00331204635567507	0.000695516827512936	0.00930971274793134	0.00655670798032576
8.89851833097946e-05	0.00111175422938214	-0.00174765552028824	-0.00635953620527574	-0.00248654475647589	0.0103677819784214
0.0136465566231005	0.0013164529040789	-0.0160605084397124	0.00658730728362913	0.00611636700098074	0.00221511516317524
0.0125709522190959	-0.00542183332005608	0.00458762285098839	0.00522963977215497	0.0060122228965605	-0.0100594236600209
0.0144241371880901	-0.000429496817707858	0.00194329930257411	-0.00311591744791845	0.00328840344955959	0.00479667486059706
0.0127631794114546	0.00294895240862544	0.00416885620488958	0.0011921817903192	0.00716640162595536	-0.00656697998570348
0.0132074395293468	0.00220764168292134	0.00151299749735544	-0.0058472987272004	-0.000582952985097514	-0.00735878719527837
0.0139378171455885	-0.00947896799523465	-0.00280479065719143	-0.00160755841527887	-0.0139925243243116	-0.000257673320997602
0.0138065850987507	-0.00879980433579522	0.0128039476028111	-0.00537992228046992	0.00965553989541688	0.0173428240402733
0.00497736962639622	-0.00353997195204459	0.0137013496255399	-0.0142167773422445	0.00359600470244291	0.0426035939815725
0	0	0	0	0	0
0.00839703800769777	0.00101675018350449	0.00302586723730273	0.000377049707032749	0.018460726514441	-0.00113388356970979
0.000180257600616432	0.00125495775326523	-0.00485683011852353	-0.00183719640322425	0.00595873324139772	-0.0148486455563201
0.012015146398208	-0.00352145955655573	-0.0208326966758175	-0.00223414174377261	-0.00187029443125526	-0.00390779691490717
0.0185242970557786	-0.00442988017106364	-0.0206087626757525	-0.000229011994417234	-0.00325909730459338	-0.00690826465844635
0.014318164438607	-0.00423589442301772	-0.00620026924149645	-0.00376242610068485	-0.00775833581557295	-0.0047424793656853
0.0113589265781442	0.00961438759819134	-0.00136637023246612	0.001222024823618	0.0169014912978542	-0.00542811284759708
0.00576136187457011	0.00963650927745472	-0.00368919436245607	0.0130171160426628	0.0143776003033825	-0.00119460721411627
0.0100407604370543	-0.00905727589726694	-0.00150310607035804	0.023143896925196	0.00777745767208225	0.00860712096548865
0	0	0	0	0	0
0.0130073881146439	0.00918884306824188	0.0205862532305147	0.013406485469434	0.0104010331947325	0.00765797151350182
0.0179255543060509	0.0174942444695397	0.00175357748280275	-0.0157944186534914	-0.0157462396691958	-0.00499047350482899
0.0107682999470946	-0.0070577954569371	-0.00573697252260836	-0.0019167748310253	0.00228384685822156	-0.00663496023030559
0.0132995500222877	-0.00130642466285815	-0.00142184810841015	0.00950400378516335	0.00464308065020181	-0.0111929320068899
0.0133572162330688	-0.000291681904932576	-0.0267813314440151	0.0162327175029268	0.00919180843279619	0.00185283476779221
0.0120526089644175	0.00227257757935824	-0.00327051261576782	0.00203363360014182	-0.000384057008173527	0.00116025061954283
0.0137355208339291	-0.00164125069661624	0.00465297313436504	-0.00826333432359334	0.0137261999611516	0.00354014185600769
0.01526534762094	0.0208457965371749	-0.00153710423104531	-0.0109744549124728	-0.00967279999791372	0.000751533020206687
0.0115641426029978	-0.0174642254387017	0.00622828189092564	0.000451032710342531	0.000268928058877812	0.00388481465601423
0.0138688928247975	0.00138681999319257	-0.011931598340896	-0.00483588889012961	0.00203511385939674	-0.0040878316913704
0.0130910432884848	-0.00293582412189273	0.00226554239623725	0.00695335113117178	-0.00863944806200405	-0.000557800198237365
0.00105966911936138	0.00247701559116332	-0.00609374426040258	-0.00115616563601001	-0.00437925815829569	0.00833491517676182
0.0110357950170499	0.00979794180900609	-0.00350325930613722	0.013055361830027	0.00465450958746925	-0.00447609713888525
0.0112146828734571	0.0313088415625317	0.00556553892191746	0.0139083736010363	0.00717662416559042	0.000569909736293464
0.0124373423433164	-0.00955119791773207	-0.0257021708138374	0.00768958086744456	0.0172547342444032	-0.00319144759090509
0.0145389235896101	0.00859067784526779	0.00277835255121569	0.00991286945864062	0.00353882169513865	0.0079084626754592
0.0130548095851244	-0.0228050920723894	0.00710109400451676	-0.00812229921149599	0.00398371193847886	0.00234262822246029
0.00595935224569457	0.0138658406701699	-0.00569369258509349	-0.00822297626569359	-0.00711941884537206	0.00554302917134982
0.0167629656000513	0.0148865151468932	0.00355730581777171	-0.00367483317007131	-0.00118245673614818	0.00141131406391113
0.0171302061142878	-0.0345781518331585	0.0691284929388287	-0.0253628353074401	0.0134481516305607	-0.0303634143074531
0.00967961324740488	0.00237851049512827	0.0123280286256748	-0.00550236846677116	-0.00282013913361447	-0.0174898578175207
0.00497411887405178	0.00599731679818836	0.0190963306451607	-0.015131044255742	0.0134166460603642	-0.0117670557276626
0.00150456255452301	0.0158745190720091	0.0043707370521296	-0.0109094953652783	0.00490974540021429	0.0150639143732841
0.0161558507810359	0.0157492065822298	9.91814995042282e-05	-0.0153083620909788	-0.0126729515532755	0.00146542160925675
0.00359359588351391	0.00747738831606326	-0.0031953805647187	-0.0163390185589177	-0.0272804928064507	-0.0262400777433003
0.010465432706346	0.0117364828274352	0.0253922601028621	0.0150891518038699	-0.00446854496990418	0.00749624185712279
0.00928858253617192	0.0127664993018243	0.0238545832869175	0.0161763686548437	-0.0088258445610909	0.011631972766964
0.00402518927981368	0.00945179474359138	0.00226480870443706	0.00421709382931946	0.0148425399232738	-0.0239138955041852
0.010498035196894	0.0159253870178934	0.00949359551458849	0.0232866802179801	0.00888883675699907	-0.01230726388025
0	0	0	0	0	0
0.0125384226378565	0.0163764463087312	0.00702351892203657	0.000557172898447093	-0.00339048567529787	0.00248048673363754
0.0146791910698464	-0.0148923813766882	0.017510233459491	0.00638561149211559	-0.0024085256504654	0.0192756826193778
0.0134622119649794	0.00344712250908682	-0.00810403324988178	-0.000716071926955286	-0.00113461530333669	0.000306061300305694
0.00376569090358237	-0.0220464289555687	0.00201441948778267	-0.00724424216375452	0.0117361378118119	0.0153185208276318
0.0162816274415307	-0.0219076199525738	0.00205011343687617	-0.00730506682917957	0.00941044837333918	-0.0101726283316175
0.0125370314792513	0.000652580240706775	-0.012968641760476	-0.000125607412693455	0.00908750003758698	-0.00967428513465052
0.00302886819757864	0.00665550661656658	-0.00924354211360756	0.0176941998814683	-0.0379007976540637	-0.00237501261288865
0.0125270269190548	0.0142797002589151	-0.00434208128619158	0.00222600723923851	-0.000679534467702419	0.00284183339061371
0.0126431537835862	0.000541297217893937	-0.00372628802530645	-0.00431446917692641	-0.00192799307074516	0.00720576588116208
0.0129128474584173	-0.00338090142343242	-0.0298115729214069	0.00951041970150523	0.00747633320980209	0.00175727170674427
0.0114825222279059	-0.00187773437036773	-0.0186673562841984	-0.000608722425595052	0.00312210347010457	3.38522432559523e-05
0.0153936494678153	-0.00939207686555181	-0.000219629350089076	-0.00503247391279823	-0.00306490587346391	-0.00262443553733118
0.0125154089906694	0.00186849363531712	-0.00237376343111213	0.0039649973887846	-0.000708374269307504	-0.00156325442252226
0.0157004706349497	-0.00386555475875427	-0.00630267007902542	0.00514709765633432	-0.0044917289239775	-0.00301681761733859
0.0125787066368799	0.006356017982903	0.00238344864882678	0.0185598075531602	-0.00424731514495908	-0.00192980303936162
0.0118100364606239	0.0179641119784563	0.0287176378495732	0.0110058304313343	-0.00971398570122334	0.0130373165627642
0.00279187308842656	-0.00455157571995247	0.00348468446186292	0.0103315897408629	-0.0352774696860114	-0.0072494132994668
0.0127140242513811	-0.000405703610890617	-0.00447731006755176	-0.00175725105433731	0.0111929027884514	-0.0114322591854372
0.013991404262812	0.0039741816191509	0.00261269566322329	0.00194326051162046	-0.00301584485865859	-0.00502093552693557
0.0143304058702742	-0.00587396007317237	-0.00468230120716089	-0.00823386879372061	-0.0110137465798202	0.00455689197054371
0.0137596583324218	-0.0102201395101352	0.011302283263239	-0.00923608020089235	0.00255142264355379	0.0108167555556371
0.0117701058056359	-0.00849202075980918	0.0077415503453458	-0.0111616244978775	-0.00147865539791024	0.0137134797194344
0.0158804966342855	-0.0101681342808459	-0.00293795894168573	-0.0033177114940936	0.00872713311295114	0.00314603338887202
0.0126198783100306	0.00354098144173856	-0.000936643551858288	0.00296034667551772	-0.00624044891100391	-0.00336149864819688
0.0185791315373472	-0.00690499424726052	-0.022146960651684	-0.00417531401739493	-0.00936845242949238	-0.00685565631370254
0.00260518401715491	-0.0049219661327411	0.000385231694206553	0.0313557316606126	0.0221346591765358	-0.031067622554473
0.0138956973423814	0.00700726619699864	-0.0230161999899648	-0.0162307757433547	-0.0198299102347286	-0.0179875210356516
0.0145338072956606	0.0164229573646948	0.021943877675782	0.0129569338322036	0.00480246625451928	0.00471621044722541
0.0156232413180598	-0.00540262634325688	0.000589831484109334	0.000293190757765847	-0.00145042254507873	-0.00969089767345496
0.0136206842950476	0.00115416751993928	-0.0110563403469344	-0.00660566925159148	-0.00868339748892387	0.00269125880996729
0.0101503805494696	-0.0219686692830856	0.00888866932714901	-0.000824628919099466	0.0176040138393702	-0.0127453021694386
0.0131311205794621	0.0380459902801486	0.0332404431445914	-0.00968889247737174	0.00491917328795875	-0.010305364570892
0	0	0	0	0	0
0.0138330185800309	-0.000963745487958174	-0.0247890161029038	0.00822003603779924	0.00428165325931388	0.00534033306735953
0.0128624925348869	-0.00293564073350355	-0.00898110267997883	-0.00180055951310333	0.0130466742056125	-0.00527777449028324
0.0131694946878204	0.00691993816228275	0.00600939415508076	-0.00109289448644258	-0.00384462896528208	0.00135748448045997
0.012262046567898	0.010789025104327	-0.0093591193201434	-0.0248917802581688	0.000894567051682124	0.00830409358461757
0.0130062276104567	0.00374663189891749	-0.00348079439401888	-0.00970931505493875	0.00404033976922369	0.000746522364782996
0.014132377395587	-0.00149238701938077	0.00697623711684216	0.0115975879534211	-0.00220047164433406	-0.00508935115036557
0.013303851541796	0.000263843342631682	-0.0159864940471144	0.0116246911560596	0.00240467115617472	-0.012764939630518
0.0100436793180775	0.00333521904879509	-0.0179659144990176	0.00263628745668971	0.0192416822669934	-0.0144569547388578
0.0187281070486533	0.00428980701924482	-0.0303683178196456	0.00801139182631506	0.00269407167292853	0.0101459759505975
0.0117890839936833	-0.0118377692887879	0.00230399844308822	-0.00970421371848353	-0.0102576863925027	-0.00359244576796211
0.0118528905976087	-0.00094383118902282	0.0102109322436687	0.00388337846418912	-0.010447448722061	0.0169196239842107
0.0119589925301336	0.0288654145956715	0.0230480601915141	-0.0131558708630826	-0.00349495944514533	0.00035401605455819
0.0181646356570874	0.0150417073736738	0.0049375525137947	-0.0155987950398805	-0.0119406999666322	-0.00421752331115124
0.0131088434861761	0.00311301692470849	-0.00218280583462968	0.00340151913835446	-0.00534590916030196	0.00232532987816021
0.0107466399655137	0.000222903317761982	0.00196199519895019	0.00087727547644843	0.000634846817266461	0.00150459710886294
0.0136915782592824	0.0194946025905542	0.0141697821730016	0.000492703788560963	-0.00266518352604309	-0.00413094483755677
0.0131426025740063	0.00978056052217422	0.00474252498789863	-0.0122638850481252	-0.0157893126520454	0.00795880046426324
0.0166336900367081	-0.00399463818448547	-0.0175692795923126	0.00165454361387256	0.0169899591296882	0.00404749836279261
0.0123109114727032	0.00429857866859584	-0.0162527081287991	-0.00107422892896423	-0.0118234087250988	0.000112396119026372
0.0134168267708466	0.00870943284189659	-0.00458365148978978	-0.0044535694723969	0.00988414520793296	0.000370244917883391
0.0122805866672689	-0.00187286912397356	-0.000924168111586822	-0.00786150335669378	-0.00103149264383863	0.00170312801432878
0.0118692499939049	0.00343996721039252	0.00108997787764931	0.000785187536917918	0.000566812398252349	-0.00481995841812599
0.0152124185575997	-0.00106040841555618	-0.00412145559105969	0.00386785576157249	0.00920261170629755	0.00691753187937754
0.0132511908136656	0.0164079991361084	-0.0134786121196843	0.00754609527044224	0.00493429130146082	0.0210597055096277
0.0168794176329184	-0.00870998423211747	-0.0399783769436192	0.0114286530414794	0.0107624267339719	0.0135843413502872
0	0	0	0	0	0
0	0	0	0	0	0
0.0124720023863572	0.00571621270199068	0.0104012449340535	0.0122321528921927	0.00308092352185063	-0.00461749277486149
0.00867963929942359	-0.00578341382830854	0.00120349274447161	-0.00322607357858788	0.00049508334342098	-0.0165980191878466
0.00589694169790412	0.00145693660193215	-0.00385559319450618	0.00144784675642597	-0.000655836318231514	0.0220985630535863
0.013511999022243	0.00192367880515507	-0.0107768784051146	0.0120408946551392	-0.000244883486329536	-0.000713772410669323
0.0113338660304718	0.00608354635292868	-0.0095510179066976	-0.00988230490776389	0.000580711391993836	6.77173200945621e-05
0.0132493256008145	0.00964327172489626	-0.0140987693235211	0.00322142871925622	0.00296663792243662	-0.00132001502399483
0.00342476726418122	0.00287400428949843	-0.00568468643960812	-0.0177448719928093	-0.0068356014511934	-0.0114577412749953
0.0125587772169352	0.00799975027756343	-0.0054200380244767	0.0027230554023176	0.00665265843653194	0.00633877100807519
0.0152852883101942	-0.0082706058877569	-5.30034245597496e-05	-0.00358352867945738	0.00205808547576237	-0.00147403917203039
0.011785039141174	0.00103282837477239	0.000511209757976537	-0.00425920929515081	-0.00784639607099564	0.000405143906844941
0	0	0	0	0	0
0.0121439745030106	0.00299878599561141	0.0023068256075163	0.00165423385299026	0.00671650726227386	0.00620013776344872
0.00206568597589267	0.00449617856939297	0.0102815543885145	0.018095360141062	0.0234675132891473	0.000850870758082335
0	0	0	0	0	0
0.000182604186817597	0.00185368721683881	-0.00468349715231274	-0.00678218874941002	0.00390899025302148	-0.00726817498242814
0.0142799252813514	0.0219585390570158	0.0194862109698496	0.000971720105580762	-0.0104676346744488	0.0025819326030832
0.0149616655006869	0.0032575247645112	-0.0485089547577203	0.00942896417733455	0.0218023678021284	-0.0200175294509839
0.0159831243632386	0.0110442566580819	-0.0456755244073287	0.0237003750697013	0.0197572126641454	-0.0119516859660388
0.015448309893123	-0.0113483202308115	0.0079399130781809	-0.00268257985388989	-0.00167157813744858	-0.00319959008009026
0.0136466979210252	-0.0152977008533723	0.000715972458766049	-0.00705675979354937	-0.014280743107478	0.0259797791757151
0.0118367239582937	0.00788147335623946	0.00732938123889981	0.0083025422399551	-0.00444452627773507	-0.00459145579135877
0.0128747595563813	-0.00838419959692131	-0.0276712455384279	0.00282701865824053	0.0180419655666023	-0.00302720841931143
0.01182315516426	0.0116968163479138	0.0028861453054314	0.00172332486720342	3.63423962098956e-05	0.00540716332070366
0.0119850711188229	-0.00792277753923576	0.00879226119315677	-0.00106513130811323	-0.0111427032340294	0.00064775410575529
0.0136809041521803	-0.0179922213570877	0.00515941999754837	-0.00704894578341052	0.0237379546222627	0.00353156087478565
0.0117290789399771	0.0188814782540868	-0.0132041368994905	-0.000437149215250085	0.00958606986926893	0.00901700533007319
0.0125025183874264	0.000568459602952869	0.0114742824463765	-0.0102418710915699	0.0312978199391623	0.00480365538912812
0.0171414555001222	-0.00634819005576769	-0.025001962728502	0.00296403919423282	0.0165732082453819	-0.0388150718362512
0.0167376125988438	-0.00101505047150873	-0.0264030912238401	0.00564280522013406	0.00352628888156191	-0.0343747525014021
0.0170327769689209	0.00225561173909771	-0.00215427897497921	0.00536993337556405	0.00681471372250255	0.000308620548783536
0.0098655807737076	-0.00361028238734923	-0.00489916055793283	-0.0070358569874131	-0.00804760472615752	0.00298418089333209
0.00133916598438554	0.00119198541562466	0.0105811398698859	0.00137881023054368	-0.0063326462418816	0.00202119247920905
0	0	0	0	0	0
0.00843043932191684	-0.00474967067064532	-0.00661658620090882	-0.0143311613558581	0.00286462706542912	0.00572510273442234
0.000443519524877165	-0.00142029400173184	0.00279817665069131	0.0142696006042065	0.000468861999886688	-0.0130425391646553
0.013031890651835	-0.00143724659205121	-0.0034873856803513	0.00232977125591992	-0.006859613220101	0.00656470000759058
0.0148750599509655	0.00612687429773396	-0.0017279900820762	-0.000846914272156275	0.00180024703177265	-0.000845877315409786
0.0129746414756164	-0.00429384583837811	-0.00385498814516593	0.00796367574350017	-0.0116960436605544	0.00494104039139196
0.0141143528014922	0.0102939692680465	0.00512715491780105	0.00200123632943697	-0.0039667833713101	-0.00144508622824224
0.00669253773267637	-0.0275904797304278	0.00818770506964674	-0.0207001229741015	-0.000789475038001721	0.00564607776547549
0.0104903276732559	-0.00359925141604656	0.00704208529184641	0.00389134563270522	0.00494460309003239	-0.0013759004914425
0.0100587409377239	-0.00578725400859216	-0.000132154135501923	0.00170277834910762	-0.0193415092789659	0.00697578026778746
0.0126666585821791	0.0277592282778371	0.00436654166140436	-0.00415034103365304	-0.00423379636291172	0.00109650427688832
0.0121831387134423	0.00352346752120253	-0.0113666383999459	-0.000270060908710762	0.00614595647984009	0.00304849551705496
0.0147254615000944	0.011825416785738	-0.000630516376903655	-0.00729551593683671	-0.00570528463999613	0.00254056880533159
0.0121177072723434	-0.0150943102351739	-0.0136738700849872	0.00288411831374191	0.0248407904494996	-0.00136132917216031
0.0171771336995839	0.00755060099142328	0.00948881464078173	-0.0157838340384926	-0.00955951717155456	-0.00144812770533977
0.0166157736027007	-0.0276205753321015	0.0298535426898287	0.0121735488236541	0.0184957749443571	-0.0142610412310016
0.00714664476573973	-0.00339159713683377	0.0025369305074201	0.0031611360340685	0.00833178806175456	-0.0111503207755861
0.0130833015799584	0.00951299401449155	-0.00791400147597318	0.0109712792279892	0.0121365017260014	-0.00200224776294609
0.0156635806744183	0.00404981120114577	-0.00563102097139298	0.0163903731501844	-0.00416700338833376	-0.023812613473515
0.0117683272765646	0.00883974275522713	0.00549751291018939	0.0031256507563921	0.00561539376886837	-0.0141136845003037
0.0145558316326345	0.0186989861694899	0.00283564674115848	0.00284214783847245	-0.00631685659563658	-0.000113259107829785
0.00478740375549489	0.000736689920965025	0.00789980345176937	0.00901655680751067	-0.0411550325461606	-0.00571340804105359
0.012367759156734	0.00305665733993406	-0.0171717507070278	-0.0102897062949157	-0.00647100322983644	0.0130963721655039
0.0135051950139811	0.0238990355844461	0.0220403686781427	0.0152060695617324	0.0162375312451249	-0.00402072859010827
0.0148340211610642	-0.00230827426425511	-0.00399653993342751	0.00142002363531843	-0.00378591982657937	-0.000661808269988876
0.001472212472359	0.011558378214014	0.00769490727514314	-0.0108159954806707	-0.013141291306974	0.00302334037034302
0.0156872503471058	-0.0016587335330206	-0.00591451335341367	0.00250404909476884	-0.0101160751033023	1.25275338741342e-06
0.0123300706341995	-0.0111473781519786	-0.0334220618106039	0.00975783703338551	0.00839762385666755	0.00187746527138329
0.0121773988835197	-0.0237204462414793	-0.00356009150359561	0.0386760876760852	-0.0157979106283799	-0.0469080392372096
0.0173432555858553	-0.00247808243340963	-0.0186583062002266	-0.000621573791836207	0.000217406465066278	-0.00575639713021672
0.00697379544599964	0.000456394079172995	-0.0093974642255561	0.0155286715165605	0.000794375614437176	-0.00799409504595143
0.0131529258099592	0.00250864718777543	-0.0110356192973624	-0.00912115759646304	-0.0013960309130702	0.0019957923068722
0.0122620814734285	0.00742994063837014	-3.27711753307555e-06	0.00481944933430702	0.009635176289898	0.000155345904695382
0.0140456771919634	-0.0104309674473409	0.0109408154982611	0.0101075498534418	0.00383168495976092	0.00295280551899364
0.0132247775980564	-0.00427276037547062	-0.0244732756283884	0.00633499437354534	0.00644796878471885	0.00175488854788593
0.000577178021524227	-0.0050458734167067	-0.000763550349605862	-0.00358491371740488	-0.00462306409903924	-0.00914785710338081
0.0120247012596121	-0.0227958848912878	0.0149272107980914	-0.019892508213812	-0.0445560263555488	0.00301828819385675
0.0155643561591622	-0.0173442589400651	0.0195085178285165	-0.00770461195975706	-0.00342965880666823	0.00956757673190839
0.0122300451939639	-0.0120489770124605	0.0155115903704712	-0.0190251973309316	-0.00426896731375605	0.00801999567126725
0.0157737071318122	0.0179259555741726	0.000125150253274474	-0.00774318196143735	-0.00531234642630309	0.00309408553069775
0.0149019391088314	-0.00208742586796368	-0.00835552213807041	0.00261307614849129	-0.00104948907949442	-0.0108435982406918
0.0114081042992068	-0.0157320743463364	-0.0207341799131485	0.00887643254953441	-0.0135880311505009	0.00277769230876899
0.0055027442862907	-0.0114045129265912	-0.0160997367896237	0.0267133943161163	-0.00557297126968316	-0.00149088577547278
0.0141003043694924	-0.00977312288813927	-0.0143736675772199	0.00360793900470557	-0.00200384966106184	-0.0014625585119692
0.0142816798073371	-0.022264802138427	-0.00141492407696511	-0.0135952846465126	0.0188730803912856	-0.00886905074680579
0.0170323539816609	-0.0164600880262471	0.0433625815599034	-0.0384355902333149	0.0238265173911422	0.00599493571854947
0.0130283183534161	0.0104909437849324	0.00366622157958638	-0.0037540103176624	-0.00307231829434625	0.00625455654320635
0	0	0	0	0	0
0.014330780820566	-0.0274346701224821	0.00654379028290415	-0.0163996669583667	0.0317278154070206	-0.00437576203402992
0.00115850870189654	-0.0088628178068877	-0.00469336224406041	-0.00852659765435142	0.000187634268034663	-0.0208746678787391
0.00540009413196656	-0.00731049839859258	-0.00717836659193862	-0.00334697256679946	-0.0144471602526098	-0.0200695330165771
0	0	0	0	0	0
0.0137593886807033	-0.00543942869116504	0.00626828146838783	0.00854916131597389	0.0032246256835532	-0.00486866250876154
0.0142608496999888	-8.35182026107323e-06	0.00374790365302197	0.00122411810823802	-0.00862340808602582	0.0018711674286152
0.0138689228453696	-0.00149475614206751	0.00365932341866533	-0.00485633579425349	-0.00879912746908025	0.00101768032912395
0.0140201374414271	-0.0095858783098825	0.000608013208485242	-0.00847169662601156	0.00917284224133946	0.00169454739361821
0.012318256868633	0.00657858099117415	0.00240816880415454	0.000305355390170528	0.00306101209135257	-0.00409245436050815
0.0123753565531443	0.016699664620466	0.00926632319179017	0.00827136821264997	-0.00731894058667347	0.00612490591834645
0.013514672092747	-0.00838968276707447	0.0013679481540779	-0.00376401889877813	-0.00509046391370261	-0.00464877882595048
0.0118010863043353	0.00587922873364362	0.0118116203266638	0.0104313542302303	0.000189457267322204	0.00361002593354451
0.00332817808095098	0.00973940149043517	0.0256522781664017	-0.00859493127529027	-0.0260679324023107	-0.00238142798286033
0.0115695034306108	0.00911185956870615	0.0209929521050893	0.00596954824095676	0.0124569334775965	-0.00077604296690435
0.0124044309499414	0.00891115648424957	-0.0108439475000884	-0.0139411729122248	-0.00789289538449062	0.0261002868793065
0.0202318984842025	-0.0252576851854489	0.0323634395075698	0.0166398825316733	-0.0134735204518307	-0.0181784161751779
0.0164535743636416	-0.00237532943932978	0.00596521899051008	0.0260118018564846	0.00387335136898963	-0.00512112907396509
0.0104921145064796	0.00907905522031077	0.0150883667047434	0.0372449042807758	0.0177280192178819	0.0127603095092428
0.0117732084762953	0.00146593895421677	-0.020925511584541	-0.0279311681800282	-0.00601930980820687	0.00354342063088549
0.0140158824553075	-0.0103996442709171	-0.00256793521090836	-0.0349452908816087	-0.0172872213209445	0.00130405808818797
0.0207974077581288	-0.0435968701337405	0.042021137285823	-0.023650093934857	0.0351497126558739	-0.0340818678580527
0.00392351506749621	-0.0206035306684609	0.0302908383857597	-0.0193186443065728	0.0017105509224287	-0.00578075327385124
0.0145824473191216	0.00751485655997849	-0.0150034106341864	-0.0142044373037233	0.0044972980562629	0.0122028928315345
0.013833489220283	0.0114277283525044	0.00525876436955474	-0.000378040066391802	-0.000275985419977134	0.00660357064029749
0.00895375950210042	-0.018496520438211	0.00540156442695247	-0.00774058708773038	-0.00453034735761092	-0.0101976882200593
0.00972717995005875	-0.0131256078789036	-0.0036742126429649	0.00237220021445555	-0.0171211573563123	-0.00797760035594761
0.012411027847128	-0.00483071108261419	0.00225804026184105	0.000696139528848658	-0.00174423386682217	-0.00379976360435848
0.018522676220783	0.0136598602096174	-0.0144843456395166	0.0215350047696486	0.00355213136910213	-0.00133530163794455
0.0158421342969083	0.0185949644669334	0.00504546625697765	-0.000353246070649263	-0.000769460413789021	-0.00313425614665264
0.0141471778284536	0.00352297516344419	-0.00629766680447657	-0.00442478567887337	0.00402269827586926	0.00193266695675796
0.0145684600353893	-0.00135012694188806	0.00164696417814894	-0.00478525123654031	0.00435490958887138	-0.000722568548657963
0.000448557938058615	-0.00824174251195869	-0.00943713728097713	0.029912380761805	-8.57257289195701e-05	0.0323745964317866
8.22072430147009e-05	0.000897432215983014	-0.00211034763813814	-0.0032548840158962	0.00225488402242301	-0.00269843164806587
0.0162972110828141	0.00612921961450288	0.00107927419270437	0.00485884466437446	-0.00435492040489149	0.000650676415866417
0.0143553544976718	-0.000934889485942104	-0.0127427539345701	0.00852046551915156	-0.0154896748541948	0.0181513857485485
0.0145471859725431	0.0302178976074709	0.0131247309519895	0.00273377973530299	0.00361284665128298	0.00799023105294298
0.0174927919842965	0.0152082463098396	0.00632673454450448	-0.0136976355316171	-0.0110585101493028	-0.00238004112601171
0.00580783646861037	0.0124270360102505	0.00250619017461435	0.0536851263126737	0.0190221189987088	-0.00451297306249063
0.0159825013204332	-0.0239603197531194	0.0109818982106503	0.000902954767299696	0.00399508245335788	0.000171592294468013
0.015792285253274	-0.00437738921654326	0.00143177898121113	-0.00185598177075521	0.00774763985591583	0.00333229020725866
0.0125800672048289	0.00906650701988349	-0.0054874055946542	-0.0158666494679394	0.000152024303916433	-0.0029579585835899
0.00951907699129352	0.0120467755407942	-0.024279180779899	-0.0389884052823224	-0.00270773646674	0.000643032969327467
0.00372522700330389	-0.00420765497450168	-0.0106548154590619	-0.0308715897352112	-0.0141916888109933	0.0356955747180058
0.0130957087032096	-0.0162273913078285	-0.00481942912294742	0.0115764427364553	-0.0114298796150169	-0.0156674401872941
0.00655186761498244	-0.0107363923968785	0.00418758666508179	0.0192350991641258	-0.0107659009061016	-0.0164467772609648
0.0105487699445212	0.00786045585704562	-0.0121594888193468	0.0107245534225495	-0.00395412988481882	0.00143173271473351
0.0104222210207831	-0.00570106409865016	-0.00194586721406574	0.00121776658195313	0.00375633875146841	0.00114658483381379
0.00818942718119003	-0.00292001103184112	-0.000896017666531557	-0.00466404752943613	0.00485530854002367	-0.00948437357697961
0.0137888371931674	-0.0067820824186402	0.00422968375443798	-0.00520205556879225	0.0134928578861162	-0.00279896685876689
0.012798677644232	0.00124361120574901	0.00287330687646735	0.00029660244729126	-0.00167883960909378	0.00148486923645308
0.0125957197501085	0.00124514291148494	-0.0116951618749794	-0.000755679948946244	-0.0115277212022764	0.00241516803264285
0.0124496459929183	-0.0097043173516539	0.00532732096195268	-0.0163558819465431	0.0293968864306074	-0.00399307055051108
0.0121859112711433	-0.00518090395232966	-0.00720439164419633	-0.0166250807974308	-0.00912400412482609	0.0024704913131749
0	0	0	0	0	0
0.0155134753502067	-0.0109520750867636	0.00950357937949663	-0.0291262147985398	-0.0124906110860916	0.00070970012807753
0.012705968207925	0.00150440937529688	0.00581023166869048	-0.000434011386870746	0.00937774358944673	0.00140686885373594
0.0133799569250303	-0.0058504574159219	-0.00340998699778158	0.00331259837419892	0.0073886396743095	-0.0089308316460007
0.00183028568375981	-0.00665766101417264	-0.00701252795677412	-0.00443529481568473	0.00456527818727393	0.0122934821428664
0.01139779277367	0.0211270956544403	0.00877169311032484	0.00165363831351178	0.0174058758425418	0.00406510239904268
0.0117223840272073	0.02076588131076	0.0320179023765528	0.0329273912281511	0.0515748305977028	0.0152363051338892
0.0163717162592616	0.012897535051717	0.000336774653381868	0.00966538079098956	0.000385913434360928	-0.00528880841002037
0.0108897725952174	-0.00156801574244699	-0.00367875872484453	-9.05797884970809e-05	0.00138636321779392	-0.00696593929086939
0.0126377543597613	-0.012582951726477	-0.000762403842372288	-0.0126022512277475	0.00551678623515811	0.00562536402564641
0.0154064922164768	-0.00794690443683355	0.000646941310006496	0.00316511442419704	-0.00585231783600662	-0.00600345615359362
0.00624409800751847	0.00759446339647058	0.00682445296392128	-0.00469802692838436	0.0270829074999318	0.000839092680134494
0.0133782727582225	4.78570794364335e-05	-0.00355510663252729	-0.00155007363754289	0.0142698375964698	-0.00125878078915884
0.0146677334878044	-0.010081562822127	-3.59203058999656e-05	-0.000221641443515795	0.00298812738932783	-0.00543301276079229
0.0120618813300946	-0.00239979242610597	0.0055141825197972	-0.00928496401705677	-0.00586967883950431	0.00144187188364559
0.0151671216924003	7.04367161062395e-05	-0.00775439936037707	0.00936890770686335	0.00304469831597389	-0.00831096838644717
0.00885524242698759	0.000692342775634572	-0.00184688807674612	-0.00184816476864753	0.00112148618345777	-0.00456126177222588
0.0118867699024478	0.0108416471958295	0.0232766693597956	0.019993711024113	0.0305701198231905	0.00648362027333568
0.0160631215190329	0.0202383671776772	0.00537412256231719	-0.00885726983738879	0.0101710834662426	0.00698137607737086
0.00594916608970021	-0.0501615732255408	0.0485364787745337	-0.00405051356562129	0.0213732836536503	-0.0188743317543232
0.0137723399709122	-0.0504553505007176	0.0576411505271214	0.00976926178584315	0.0143726040119576	0.00404198061284747
0.0178342353702797	-5.43386368807262e-05	0.0123656074556312	-0.0113205454252375	-0.0123551599740865	-0.0121835982959439
0.0133024264021258	-0.00483762019583267	0.0025778240554314	-0.0121879502233322	-0.0114466508256859	0.000506280881253568
0.0126719469404212	-0.00494777865789846	-0.0362860261395068	0.0105311283422808	0.00464437567448763	0.00395302913175209
0.0171146157227751	0.0121884848777158	-0.00344443235910151	0.00632523285707645	-0.00805886359634115	0.00474204974433759
0	0	0	0	0	0
0.0140392061870464	-0.00182526086718632	-0.0298999227803342	0.0143828448042239	0.00542743372595976	0.00169801588839483
0.0121416793927001	-0.00263910988993829	-0.00523626896891671	0.00396064065862958	0.0104182592034158	-0.00600879196036637
0.00171562413612267	-0.000447756539162525	-0.0028209192091207	0.0216241440293176	-0.0037904166362639	0.0188165239748191
0.0129712299770452	-0.00114560418794372	5.81097791529698e-05	0.00533354137739896	-0.00194899854484664	-0.00840780206874699
0.0157186432312185	-0.0303699901204314	-0.00599670763685908	-0.0216931882673282	0.000381239525111703	0.0125312144647962
0.0104319645993846	-0.0204497640396059	-0.00318413095738017	-0.000518936445877352	-0.0154010601866371	-0.00100070422466754
0.00701337462018434	-0.0218462101176022	-0.00713589400411127	-0.00597733776648564	0.000398995633073809	-0.00397291383486765
0.0169435420307777	-0.00150865980652674	0.00527977402460346	0.00446405225254857	-0.000933213907739308	-0.002151525898826
0.010472238034739	-0.021169956232334	-0.00115681215973625	-0.0303265497621982	0.0126567227062335	-0.002807408109434
0.0128700614604673	0.00134035794525427	-0.00146836449961058	-0.00910687447327589	-0.00626617262666372	-0.00597611874629953
0.0115803316921051	0.00774146560372595	-0.00931684748433333	0.00780898949826339	0.00114221844003603	-0.00624678975237935
0.010977503762846	0.00757536992601622	0.00576296798357659	-0.00864434037817685	0.00890043448666062	0.00353749153797503
0	0	0	0	0	0
0.0122482526934347	-0.0220315135891258	-0.0192540209423386	-0.00991034335008378	0.00233091679819923	0.0272999412961794
0.0134167226601939	0.00358463452854281	-0.0089959141732539	0.00241880777882996	0.000901079738920632	-0.00343657892634409
0.00419726846748016	0.0112816765587122	0.00114738055474227	-0.00657635786115458	-0.00192643169513475	-0.00965864172926682
0.012416158871482	-0.00148028657494734	0.000732861003154679	0.00884368207016955	-0.0134235378218437	-0.00240814810382661
0.0126232949801859	-0.00313061198973735	0.00722431141417678	0.00370409249114576	0.00158091896636869	0.00913346026333775
0.0129135582198578	-0.0136940958606287	-0.00328195900582835	0.00298989826899131	0.00331886464541188	-0.00248775094600152
0.0117574812793159	-0.0111467453531951	-0.00564844442995312	0.00633199661674179	-0.00545215371090706	-0.0140443889515139
0.0144021446101431	-0.022189878192424	-0.00127128391194586	-0.0165271959281114	0.00845091487476188	0.00982267546310858
0.0151792676781998	-0.00666599708737953	0.00686406575318039	-0.00698664628702757	0.00369080925450114	0.00612918112133512
0.0100379728093309	0.01304754741523	0.0212749892386321	0.0194522428947627	0.0139255250971955	0.000473347073449459
0	0	0	0	0	0
0.0130243367920612	0.0283793186455894	0.0271836125437849	0.00424407175445131	-0.00100309067227208	0.000741045484373861
0.016184837735241	0.0155015664627343	0.00588922467566667	0.0021457891945688	-0.0143789025393332	0.000155148482310963
0.00153139401159543	-0.00336007308464519	-0.00810418147634598	0.00130628981970214	0.000834466007294664	0.0215227176955613
0.0123930040847537	-0.00546957817145589	-0.0119841813790881	-0.00515975557207128	-0.000882253382376949	-0.019788927510591
0.0152767695119411	-0.00216918544257138	-0.0354956918473515	0.0244640019251745	0.0156666792448773	0.00254706113406801
0.0131498255593376	-0.00369704826706298	0.00326442288616528	-0.020298079328917	-0.00453642848967515	0.00595727761565693
0.0104707729376927	-0.00540760014295128	-0.00340500398156911	-0.00978694518382865	-0.0203282813369321	-0.003708529190299
0.0168434062687571	-0.0282650234599374	0.00706712304469194	0.00608913058112513	0.0137999793007921	-0.0109965510841591
0.0131371468498805	-0.00120071991928065	-0.00417082705609305	-0.0130532419530869	-0.00469018091524485	0.00124902157700753
0.0146820901632405	-0.00787345081073029	-0.0143835790770495	-0.00294688925333883	-0.0111286301312026	0.00488811389141369
0.0108207800167208	0.00676499079861458	0.000369730501499273	0.000206363820677589	0.00740384834547328	0.00451951417370231
0.0119139721033685	0.00534725909805609	-0.00200297206161963	0.0113590751316362	0.0049536360177681	-0.00347992563585627
0.0136304145192683	0.0191699367064216	0.0123548322010129	0.00166010336907164	-0.00810501128187213	-0.00811636516167009
0.0120334810511345	0.020323149822615	0.0268566213791116	0.00947110411521513	0.0110853898254206	-0.000371425033816013
0.0110109699052513	0.00550864898747613	-0.0159558745093694	0.00621376287275662	0.00825482897007919	-0.0163713981590164
0.0137833042446784	-0.013962014297645	0.0274296444742153	0.0155645734997546	-0.00949054582899302	0.0368395190482119
0.0143152217882148	-0.00280504521468789	0.0187213413429488	-0.00683830496151921	-0.0306000985362968	-0.0466901646973907
0.0148167884510019	-0.0017007548165266	-0.00785430161892079	0.00375190022782633	-6.95746956817583e-06	-0.00565248764926363
0.0133014927401569	0.00450287609517545	-0.00678128547861206	-0.000165889731071347	-0.00607204877881254	0.000937891407151398
0.0113068007349794	-0.00433402935518743	0.00560953763549985	-0.00525990531612821	0.00361580845459421	-0.00103826069595613
0.0169489681213792	0.00506202477913857	-0.0198330028000583	0.00448554207729101	-0.0158290186707622	-0.0238571962659246
0.0129713879667073	0.00576310615897177	-0.00850014709704734	0.00370689597857171	-0.0122564520804489	-0.00484079506016896
0.0126588898233193	0.00408226000053539	-0.000609033873259796	0.000737758115657204	-0.00389668399284797	0.0006738860910349
0.0132961034755186	0.00349661997538139	-0.00145395684306937	0.00334902183837831	-0.00707827949726763	-0.00309668387053981
0.0120774902472652	0.000788782247267252	-0.000398624289480538	0.0021214406158223	-0.00994866033445274	-0.00568726666892517
0.0134409816582415	0.00580483417881958	0.00321172581532636	-0.00178293363270215	-0.000226287398939682	-0.00116619449857831
0.0117122468124122	-0.00866620000229223	0.0084758857819923	0.0152733624395004	-0.0149899780331118	0.0062424305259733
0.0125913588792629	-0.0134810177061889	0.00122875584599657	0.0104011312867752	-0.00753117289722735	0.00486032185043513
0.0158328927398386	-0.0284037849638793	0.0227089460175996	-0.0331873867563476	0.0234625983485056	-0.00291261114457247
0.0138660427727218	-0.00439107171598184	0.00125024829422178	-0.00775276967695004	0.00568920891207778	0.00490356715361049
0.0132906184794705	0.00508488961537202	-0.000554159218186771	0.00141039704115463	-0.00633028395042218	-0.00207109733684654
0.0139390706630534	0.0171326954852046	-0.00307099363716356	0.00118331760541251	-0.00287342508665329	-0.00497716948754945
0.014951933240859	-0.00589293865799946	0.00263342691286136	-0.00161071778499896	-0.00504257244464118	-0.0106046164491504
0.000487729609671637	0.0035289882648071	-0.00123145579168181	0.00666903334456015	0.000607778525521863	-0.0272208248059484
0.0106955916059717	0.0085217669711626	0.00511830618528979	0.0071883991206365	0.00419320477452343	-0.00190194758257643
0.0116569192526356	-0.00109507915368603	-0.0057550638052888	0.00506749477069498	-0.00455661028097035	0.00693848132503425
0.0150930759169616	-0.00845444226867489	-0.00452962461140556	0.0165062888642376	-0.00532628830616312	-0.0136270904552521
0.00188530860341674	-0.0108104699682213	-0.0119981908852707	0.00232990821994116	0.0136578120284722	-0.00712307473679904
0.0146344815494459	-0.00221654363618261	-0.0130725749418268	0.00213331431544601	0.00394045537682194	0.0096258135860675
0.00795989346389663	0.00627454581018647	0.00978541896782091	-0.00310008923094363	0.00845462277420016	0.00518655177088058
0.0159136624324761	0.0170182540527243	0.00487206501287638	-0.0155782047488001	-0.0128737057534169	-0.00478191911553642
0.0109228789542062	0.0107035471565342	0.00320183873352509	0.00175033650737137	-0.011550270605229	-0.00241923557968532
0.00485170992997787	0.00773059154541057	-0.00390336147979905	0.0244303228742376	-0.0323988605937629	-0.00252083707944128
0.0116872403768272	-0.0232684195850025	-0.00586640985982912	0.00368480637412329	-0.0136797682703236	0.00393217692362976
0.00978521873825698	0.00602040095199114	-0.0056358853064648	0.00731028904948543	0.0222998236537269	-0.016451310671506
0.0134828960731951	-0.00106814707274568	-0.0363677432624042	0.0174231990530808	0.00910347081913052	0.0113820140824154
0.0092408962033195	0.00065218491485739	0.0113989814059039	-0.00619058182006997	0.00704116512662327	-0.0112638234958004
0.0137370158760887	0.00967625402725698	0.00441122875302502	0.00714317811817937	0.00285185467106497	-0.00587247308099971
0.0116252834254361	-0.000373231022453979	0.00253511416988395	-0.00501591512975565	-0.00347961568214099	0.00105344933231935
0.0175802249186021	0.0222926955008997	0.00296355923603177	-0.0181127693883458	-0.0132192429926473	-0.00639707530667213
0.00373027639866113	0.00525783575568007	0.00528363455392942	0.00163680126798563	-0.0149188142200803	-0.0304251099918706
0.0167535770192369	0.0223257096888531	0.00374811084472602	-0.0200112126620561	-0.0124314826477522	-0.00486664545995906
0.00435999609331646	0.0201438050558155	0.00460170218127953	-0.0257077530573063	-0.0249781920923879	-0.0114890610253273
0.0127044885545684	0.0104877454260257	-0.0148241732390802	-0.00421445698668166	0.0119724428429631	0.00194318494871191
0.0116314734770651	-0.00202256403430237	0.00599952267818308	-0.00333837615364811	0.00569333561148986	0.00393670021465292
0.0103023708115836	0.000233748247032072	-0.00373363633218178	-0.00276933628973585	-0.00903869771424149	0.00671592765453963
0.012627237649862	0.00864898852757863	0.00190044567600931	-0.0046953592360731	-0.00319099213802179	-0.0017398973867373
0.0187490507787289	-0.00761532989032257	0.00742390082338296	-0.00615099934720223	0.0186326602972829	-0.0215605510211043
0.00361933251954045	0.00573771008370906	0.0101006034824141	-0.0355007097664829	-0.0154586893403808	-0.0164523981134467
0.00476475173256987	0.00428866178234684	-0.00168151916624618	-0.0150618593505654	-0.00439805784654388	-0.0203442378591057
0.0109366382645101	0.00277006743956154	0.00685504270334241	0.00372508856264241	0.00952386415052372	-0.00224789403330915
0.0137574761886349	0.00316745570237358	0.00446306739673962	0.00319830374905754	-0.00191130137129348	-0.00690320685256514
0.0152539517575826	-0.00137909578179021	-0.00149858438237909	-0.0124156116694464	-0.0048651618067318	0.00434619917742511
0.013574373493572	0.000189084213832195	0.00487426244236847	0.00660003320663158	0.000802149483691504	0.00304642747346193
0.00438194632139431	0.00214247114945214	0.00697757629715613	-0.0363778605388087	0.004059323811769	-0.0255975393637685
0.0113619759747081	-0.00318366574015813	-0.000511446380526612	-0.01654834145694	-0.000171486992284758	-0.00288131666236361
0.00941034432714449	0.00115266087017989	0.0128053677457188	-0.0147209599394414	-0.00617525414730051	0.0199289618667435
0.014248122281372	0.00717975470654329	0.00721500554903395	-0.0214528582116848	-0.0174205055845308	-0.00367240051446881
0.0142122768795337	-0.0146690886205135	0.0100993404174808	0.00587895196654671	-0.0223540720431103	0.0119713013290768
0.0126396311183073	-0.0113294780828863	-0.00852073215797783	-0.0185815972913505	0.00122871229310937	0.00410143491287556
0.0131907248225687	0.00334935904715262	-0.0106371100598973	0.00118402336352988	0.0018533786258615	-0.000451982869744444
0.00654833348081115	0.00584020486758412	-0.0156176772203866	0.012665359604223	-0.0021857590020677	-0.00424520209492393
0.0147535800245782	-0.00655787773865038	-0.00622302014431085	0.00268653548261032	-0.00133843582916215	-0.00415869626748518
0.0156580276203353	0.0124284778236729	0.0137729899457277	-0.00914839425723206	-0.0101549679393363	0.0882633061078889
0.00654617298731645	-0.0207101602141435	0.00179143380382955	-0.00217403015764096	-0.0307268287050911	-0.0336080589231389
0.00180058293198404	-0.0102476068102696	0.00485224276769105	-0.0120049471432559	-0.0415300590896672	-0.00987457817612059
0.00274646735464669	-0.0141694189723519	-7.34664020706601e-05	-0.000483216104974354	-0.044661970443954	0.00165344678194387
0.0112510076975313	-0.00248527432792739	-0.00890199390658589	-0.000550620952345105	-0.00696357477457233	-0.00721024467932878
0.0116719934854899	0.00149720251836052	-0.00681697953331673	0.00138084972763775	-0.0119738134079614	-0.00144415509209598
0.0153874815661203	-0.0127142373544022	0.00252699592465938	-0.0074259205115321	-0.00579271815988999	0.00431611963213853
0.0116961311383678	0.0209037388172491	-0.00648380961944385	0.00527810645601154	0.0338470046849529	-0.00929264631822211
0.0143990685706795	-0.0349084696859241	0.00909207075764735	-0.0117879840717998	0.0213429747601396	-0.00801585674814435
0.0127280228331557	0.00310532202138922	0.000921998460743148	-0.0037127353179154	-0.000239346971726083	-0.004491616546677
0.0135299987933556	-0.00301288647862765	9.6542862114404e-06	-0.00420629993094482	0.00561687216551564	-0.00176101368539273
0.0109135768248722	-0.00399511773667735	0.00343099676509159	0.0012613974659617	0.000166606824249032	-0.00178112583368722
0.0165509242193696	0.00255511891925298	0.00171526986231451	-0.00318613972920216	-0.00179140429344032	0.00935291070161117
0.00105427951343702	0.00741611877147673	-0.0107832079474451	-0.0133885321393757	-0.0375621988531892	-0.0197793501345679
0.0125204716172388	0.0114996540311519	-0.00233927748843266	0.0045556689799282	0.00313131753773874	-0.0102466219455193
0.0173664223862515	-0.0103117175112646	-0.00381152279293058	0.00585777644771443	0.00393882608228359	-0.0102798616584639
0.00803640290555262	-0.00119349260878289	0.0125969268578493	-0.0218838887971387	-0.0199038176573666	-0.00704870912198671
0.0171686306306803	-0.00101707005426252	0.0142826508834948	-0.0254786063737185	-0.014731702516139	-0.00809467958823694
0.0107392595361892	-0.00632818073847503	0.000941802585058559	-0.00244723881107021	0.0139782204820413	0.00422505187643338
0	0	0	0	0	0
0.00440495224554613	-0.00341632568582247	0.0111996076120062	0.0013245143218697	0.00282612393901631	-0.00329325776937327
0.012486247695068	-0.00656390508991677	0.00397343517937125	-0.00963662292023418	0.00377510771866659	0.00726692750421908
0.00645919377076924	-0.0061405304890122	0.00405788952835126	-0.000216763447544113	-0.00955487520451933	0.0043116374605733
0.0132616192337025	0.00733708753251166	0.00849138752961249	0.00273467655366873	0.00229478186502764	-0.00447662107730701
0.0110058084758947	0.0039965330602092	0.00563624057970492	0.00207364255426227	0.00264585674386975	0.00710996378081697
0.0138322408358986	-0.00524894459188122	0.00608158554256014	-0.00416417166158935	0.0119030555956141	-0.00117287327810589
0.0162728908152082	-0.029325919116146	0.00548957599571233	0.00122466974521494	-0.0173576949514557	0.0012540084413354
0.0113413110803186	-0.0188036419700528	-0.00647702817805155	0.00350940181674752	-0.0175094685432517	-0.0327239272407134
0.0113638980374282	-0.00245140117974857	0.0124144881179803	0.0117868894750273	-0.0120838082721027	0.00214022732396484
0.0123266997850851	-0.000672813276735477	0.00829312844362316	-0.00272127147786527	-0.00353028166716104	0.00194172702974327
0.00522873708617241	-0.00552292911344581	-0.00102915854990193	0.000356468622954073	-0.00503971362458435	-0.0116655397622069
0.0116432832188357	-0.000745270119083181	-0.00512285509678603	-0.0040829612224984	-0.00363659391725144	0.00290207406021012
0.0113164176438101	0.00210162553658008	-0.00691443732180136	0.0119508530183032	-0.00202700154521523	-0.0128071795207414
0.0146548466447878	-0.00752530905015918	-0.00529862945791418	-0.00527872933965244	0.00254979356276388	-0.00151106271477793
0.0134563156338417	-0.00417239764411949	0.00323870028771252	-0.00240313390336164	0.0106329329980602	0.0112285142947294
0.013433350422752	0.00378132556259995	-0.00224513493179864	0.00432772719540526	-0.00086179795742288	-0.000566882326642515
0.0133797444987698	0.00112520001683109	0.00255489828229858	0.000234740563794696	-0.00103236044318535	0.00488014244168086
0.0103591655113093	0.0291658749293022	0.0184517434504265	0.0343402817868597	0.0231821053949951	0.000873584405690073
0.0105729112644774	0.0126616461591096	0.00421038653777228	0.0113259476916005	0.0012486734342409	-0.00180792041360693
0.014597253752654	0.0119072584160354	-0.00255717015337392	-0.0130247438845071	-0.00972379748643562	-0.00911005332813408
0.014478004872689	-0.0239091778212592	0.0144237651718785	-0.0104679324709455	0.0266882805982976	-0.00589007713730955
0.0128491713757671	0.00478554743079038	0.00758076618921057	0.0153884463954624	-0.00879476878731095	0.000927915024736879
0.0126922024661063	0.00350466396537657	-0.0147053126678204	0.00191342257249407	-0.00349228076550695	-0.00488482997220594
0.00988912340536703	0.00273686169186477	0.00754198209306959	-0.0032427732380889	-0.00741458910138975	0.0104159168887664
0.013921100426171	0.00800971124217359	-0.000396306017551248	-0.00275407328191749	0.00665759750511383	0.0010022821375511
0.0118576632179021	0.00820222440974077	-0.00245722916912217	0.00742793133216303	0.000702308161309582	-0.00401859188202024
0.0128735336391098	0.0244542502920025	0.0250682900285327	0.00188912134179692	-0.00214106944821411	-0.00240827116137898
0.0143904533555173	0.0141477740292654	0.00419414151008929	-0.00441441244960185	0.00195910142201852	-0.00309078897196893
0.0161638166992373	0.0119919674534538	0.00518193480435648	-0.0105253605040638	-0.00871288947443351	-0.00199643024169698
0.00922339529966022	-0.000340244875262745	0.0101202841048499	0.00932782378439456	0.0117732879665561	-0.00458590168350635
0.0134230330501138	-0.00209602098572601	-0.0263598961180838	0.0132411523473134	0.00502771522911262	0.00244914351759313
0.0120328906486181	0.0082004463007098	-0.00888142363656778	0.0092962000821657	-0.00289791909839166	-0.0147191497657781
0.0116400886057249	-0.000361009515356153	-0.00473821268040001	0.00131316718588709	-0.00920610097335064	-0.00649449200606647
0.0109588662696607	0.00592029766844243	-0.00068313066512173	0.00229769621120327	0.00572710320101436	-0.00613688948183191
0.0126265895654382	-0.00470530644873297	0.00526565312177815	-0.00503654199702423	0.00673474744031162	-0.000760193571977253
0.0129667628045872	-0.0138411382839643	-0.00463186876591152	-0.00445314469388345	-0.00710392124788263	-0.0124872083417359
0.0147292527152107	-0.0042240424577664	0.00342843975990314	0.0118696701718591	-0.00702165214326604	-0.00842881108312205
0.0119935420275839	0.00252810404421216	0.0092762494789167	0.000219127101682335	-0.00958712498948986	-0.00119739940756059
0.00999729590614888	-0.00140435679847002	-0.00783963365645645	0.00288945881253717	-0.000726905074459669	-0.0025397101019861
0.0122948774780959	0.00475553031550135	0.000803692016952835	-0.00558564319632577	0.00675960124907041	0.00676478959740282
0.0128419195232039	0.00103121322915181	-0.0014064007035076	0.00188054900474222	0.00600944744429189	-0.00112231523120381
0.0120194002803504	0.00946640051104513	0.00502322662960758	0.0127377193352488	-0.00375390988308119	4.1087452396392e-05
0.0132635082322598	-0.00614364844130777	-0.0265708585638522	0.012726250605534	-0.00820793718911313	-0.00520870880068909
0.0152642544782327	0.00222694949697359	0.00554282877621951	0.0100242315743404	-0.00577992104950136	0.00482803897651379
0.0114586045648848	-0.00467625146831625	-0.00256308708463344	0.00333517938371447	-0.0107462856739968	-0.00253053806740083
0.0136324743155244	0.000549378468582287	0.00100154524705943	0.00190670415979133	0.000335364830032059	-0.0108168733938247
0.0115799953179337	0.0191664984345815	0.0241039604126859	0.00783715037585361	-0.00771404277118343	-0.00494382158543433
0	0	0	0	0	0
0.0120658186188703	-0.00164217316058575	-0.0317789726169759	0.0222094945971191	0.00140069189932016	-0.00142901014604589
0.013795211995285	-0.0173120716388966	-0.00221613258179057	-0.00209248070224907	0.0047681319733222	-0.00412623611517987
0.011013380884858	-0.0036588659336752	0.00866880249182832	0.00136826338516799	-0.00234598617801825	-0.000201285191362528
0.0107198393836815	0.0174231030858949	0.0155835422276716	0.00227664957292921	0.00298938793519623	-0.00155678839843924
0.0131404211685525	-0.00523428789476767	-0.00239111670354959	-0.00460733470486545	0.00387529664672009	0.00271186142541784
0.0140326005138814	-0.00552676687011245	0.00203159765672117	-0.00660506737381423	-0.00585383931993667	0.00321844464314114
0.0125873944168167	-0.000524154084235639	0.0004090941954865	-0.00252508893176291	-0.0023012349254558	0.00591709289546147
0.0140848815200355	0.00662392329534031	-0.00762722307254754	-0.0105721584428553	0.0140956807777857	0.000364771244325308
0.0142329058555359	0.000629477447609798	-0.00298858212856654	-0.00190579350268924	0.00192874863797629	0.00530009891894751
0.000339094945229149	-0.00207719237117748	-0.00086677879427727	-0.00550439406774193	-0.00604513498728586	-0.0296433710688165
0.0110962285332621	-0.00790989696080531	-0.00171525422461793	-0.00692689663135193	-0.00762760245481518	0.00136733131256974
0.0141376288833847	4.54753304670978e-05	0.00300151359628509	0.0135025733669292	-0.00063643063328011	-0.0064131937779844
0.0129310217273997	-0.0300935637168736	0.00441103578381614	-0.028799280196016	0.00572002202563256	0.0126756575989762
0.0138495347289598	0.00829060811511824	-0.00220774058249649	-0.00645542004806763	0.00554481200862924	-0.0058660883576845
0.0129103102367353	-0.00108981916993875	-0.0287617395394524	0.0121474620395306	0.00197467326852086	0.00559791570923441
0.0156822023516882	0.00664624734350873	0.00233069245183696	0.00154945436790315	-0.00184273045983479	-0.000388667416649632
0.010802128861314	-0.0107172624772803	-0.0136062645664198	0.00162381328959151	-0.0153951276962789	0.0181394001114664
0.0117362657839377	-0.0347181567256946	-0.00646640877126139	-0.00228805329883848	0.0060498219596906	0.0208162057534844
0.0175617900031707	-0.0155486590590342	0.011565298810457	0.00213838157011486	0.00164743115891777	-0.00429390305954511
0.0145810150401866	8.76709536402833e-05	-0.00120178862662289	-0.00273215581843352	-0.00177321109412975	0.0122919490929185
0.0127979799923281	0.00648660150569811	0.000886083580599855	-0.00531669100522826	-0.00626420444012946	0.00178986572124655
0.0136611310764979	0.000126860435021457	-0.00111558403350274	-0.00172100505185085	0.00828929008464446	-0.00717513040962419
0.0140170139589502	-0.00256787915779201	-0.000794010408717926	-0.00162272424244912	-0.0166087566622305	0.00294564499923672
0.0139822432500323	0.0333142798300039	0.00920568345121241	-0.00172435533782843	0.00324466215860372	0.0129324185944821
0.00721537242537724	0.00274514578995561	-0.00122495585977732	0.000327064127452481	-1.65769501893169e-06	0.00260698335296758
0.0123837087554459	0.00246789854446961	-0.00462162227374462	0.0048675813395885	0.00679439999538744	0.0019780660434943
0.0176502354491686	0.00844671412453631	-0.0123847095180303	0.0214306445644932	0.0217529717807831	0.0142324868465291
0.014521706933116	-0.0163447176037508	0.00679468709950258	-0.0044603939405154	0.00270739021226671	0.00125528128142282
0.0114633701470937	-0.0023017316868707	0.00769903972817155	-0.00308949669344343	-0.000873723128555208	0.0126412815285285
0.00491698530864945	0.00779401796192411	-0.010700569125832	-0.0231511447272315	-0.00499264668828119	-0.0198032712815864
0.0142676618440263	-0.00281970919557127	-0.0222756093733643	-0.0019098852845304	-0.0382012155901607	0.00274318273624822
0.0158391063526519	-0.0202834019045584	-0.00808564829481103	-0.00747300784040359	-0.0402198240809684	-0.00382723207433735
0.00245495384784379	-0.0102585761003177	-0.013267188568227	0.0103171529050738	-0.0349530451686493	-0.0250488465398769
0.0119172335714185	-0.0245774883569744	-0.0181094686795565	0.00351264037608913	-0.000946323728746836	-0.0300122712561632
0.000460800347256139	-0.00532328888705653	-0.00532114515669919	0.00464745972463507	-0.00954698150385479	0.019354994633192
0.00124878089678694	-0.00847759196288447	0.00393694294527994	0.0038289527600873	-0.0210262518816113	0.0344187336281475
0.00643237932335565	-0.00823390779132305	-0.00316818780399602	-0.00283428034059157	0.00646362297262457	-0.00102878516053678
0	0	0	0	0	0
0	0	0	0	0	0
0	0	0	0	0	0
0.000334447038017643	-0.00389047815811547	0.0071916729252255	-0.0091250488000331	-0.00164585803226649	-0.00535039998660378
0.00025062523213657	-0.00208036078125412	-0.000220043492842601	-0.000534862934370915	-0.0100572368854929	-0.0246441467945793
0.010270755245634	-0.00556676834778696	-0.000206421833231217	-0.00922012522230681	-0.00828056355640251	0.00404472469115734
0.00700508255339742	-0.00477110663389496	0.00986646173925074	-0.00631663300854975	0.0031190257051682	0.023134623624698
0.00806469628481989	0.0129968270600025	-0.0177596739927847	-0.0107909877187249	0.00963748489717656	0.00861112483641211
0.0126111545243169	0.0120845386136884	-0.0450777494616619	-0.00216783413552822	0.0233283245307443	0.0143526592164934
0.011815391482106	-0.0140263473345519	-0.000292179618728475	0.00161820025756145	0.0119150846788357	-0.0156022051074493
0.0135199194062309	0.00147165755182769	-0.00902406996403431	-0.0134391832777088	-0.00171217493751915	0.0155388180180567
0.0141026519050807	-0.000783690183675961	-0.00946230456870842	0.00561986998695909	-0.00750086933054935	0.000469841680005717
0.0136168869944581	-0.00663038757774692	-0.00384291500288425	0.00654227203549303	-0.00258085600194095	-0.00225510954080949
0.00776452657257294	-0.00689420916629006	0.00762189576160107	-0.00914553725694069	0.00542249100405124	-0.00622656723227169
0.0139486957361787	-0.0116431017523678	0.0455239389303601	-0.00603119755118896	-0.0362433363300412	-0.0587112586764281
0.0122557054404282	0.00780126744154064	0.000263634065704295	-0.0022723781010619	-0.00618528230315013	0.00460796217752252
0.0125397675950716	-0.000532683779188479	0.00119687011926373	-0.00558361679047244	0.00177853810543481	0.00680154227887399
0.000143192141820777	-0.000663845276065958	0.00404224842980231	-0.00675224981320702	0.00904237850576103	0.0120223571997402
0.013644557152086	0.00424331858363905	-0.00164982506016071	-0.00265099377004365	0.00151598353080476	0.00379979800988034
0.0148879671265254	0.000170999459854482	0.00329580301246371	0.00745042052763727	-0.00611962877959058	-0.000278799422280295
0.0137042821244383	-0.00992782838699296	-0.00773480367633828	-0.000569162066643589	0.00081902119623692	-0.00090091639435291
0.0122359081057143	-0.000298531294494694	-0.0024576893104259	0.00371694572894627	0.00407276965896569	-0.00592349600565914
0.00339274607077038	-0.00337854985285988	-0.00213659417607016	0.013700880513703	-0.0261993745156749	-0.0407532220846784
0.0058253310118293	-0.0088098131294848	0.015040765555704	0.0122138857580428	0.0181936089962916	0.00457059253336751
0.0114733340854805	0.000958324497434832	0.00396491222965253	0.000909614620935189	0.00395021250369385	-0.00245929201501957
0.0115705735056852	0.00522627514215835	0.00113523719249707	0.0115907466388649	-0.00568207235712534	-0.00427972801180363
0.0146402575542209	-0.0038155322014706	-0.0323322173815516	0.0183548304747386	0.00916278971220378	-0.00089588955159724
0.0112984649495586	-0.00525492459880814	0.000741392054516421	0.00382816054010862	0.00260890673615704	-0.00354205613267341
0.0132323034754364	0.0212155968708487	0.0132185173954331	-0.0112828530669512	0.00647077818025829	-0.0103292825692507
0.0138383155467194	0.00166657946888794	-0.0128089357949636	-0.0253495699471779	0.00383833634254785	0.00144670822147518
0.0124916530782443	0.00712995806591418	0.00207795031599702	-0.00818570778558355	0.00760274688777785	-0.0013203053363982
0.0114728095722588	-0.00177045775913204	-0.0117759471043356	-0.0108363758595595	-0.00270860628092865	0.00190574232064277
0.0113808191054606	0.00720485220372772	-0.00848906843147245	-0.0224577547203805	-0.00268623535274823	0.00305793496422782
0.01417873208508	0.0196796521450662	0.0180918222853049	0.00928324010215279	-0.00436345194535811	-0.00161365259808088
0.0151238060825512	-0.00723715647283174	-0.00454183548966009	0.00401386854716558	0.00196487463194	-0.00671836671533809
0.0147854943073862	-0.00402965468669506	-0.0297527347002736	0.0176276604802902	0.00873810089144683	-0.00277551291617652
0.0138843649953863	-0.0153550573839889	-0.000832328726616513	-0.0115103618032584	-0.00438200510286795	0.00952908347648366
0.0106675837526842	-0.00300359053497117	-0.00827192551002011	-0.0196177658114222	-0.000851687209748481	0.00417372962739305
0.00775342767665628	0.015110601581398	-0.000701523408904386	-0.00430346850924914	-0.0119047807529826	0.0038016810366882
0.0166897570987304	0.0158959945066343	0.00231514836216351	-0.0145580215003114	-0.0165911095394301	-0.0111846975475787
0.0140911758919355	0.0170757785117322	-0.00343104100116879	-0.00611731190402199	-0.0223697862003722	-0.000796393672450975
0.0124613671399576	0.0180832053323063	-0.041282688166158	-0.0205594070919283	0.0262276041083271	0.012160900234835
0.0119568154147462	0.0144810861704367	0.0129201702021162	0.00498873279324331	0.00746300292010904	0.000806361668935026
0.0130453049167401	0.0186306260214418	-0.00438550125130235	0.000838600202586921	-0.0111395949439202	0.0121882923653424
0.0137197967362988	-0.00293393401445155	-0.00105957035222353	-0.0075002166967531	0.0107066787375733	0.000752055739058116
0	0	0	0	0	0
0.012523279380006	-1.0671368337589e-05	-0.00926699933281233	0.00209445328237837	0.00426229545156679	0.0128156113440405
0.0135650078179143	-0.0030149202397887	0.000389890310920164	-0.0015474028778157	-0.00138995153257025	0.000298389192937931
0.012631630602055	-0.00889266655918934	-0.00397517741689465	-0.00662082892472574	-0.00733765476457706	0.00101239278759822
0.0125811477227362	0.0149962073533491	0.00194586135675201	0.00420601091352198	-0.00399950948883468	0.00833694196447693
0.0125236938878752	0.00638067859989119	-0.00364355304162312	-0.00488182961313972	0.00190678969942929	-0.00293043727976381
0.0133714351597602	0.00823204997186635	-0.00690558102582897	-0.00261226514490794	-0.00370223836068251	-0.00916704202290121
0.0126915472008359	0.0209390370750621	-0.0351494372756543	-0.027017975180472	0.007369070882283	0.0167403232561038
0.00369025459601201	-0.00472697755764174	-0.00751490791071089	-0.0083369195988181	-0.0069831480104345	-0.000492678017246903
0.0131774422807101	0.00160666241632732	-0.00198323265013439	0.00287712686130965	-0.00635893845609238	-0.00528236661969383
0.0162280325207843	0.00100506684054538	-0.00294739571961772	-0.00557531562572516	0.00409037686205821	0.000761659754001443
0.0119112262180309	-0.000928072765131023	0.001521239390834	0.00486820115458879	0.000171719357326109	-0.000883497649517972
0.0036265817671453	-0.00832498100516787	-0.000331512655181337	-0.00571252695715699	-0.0115121128913006	-0.0126005767008525
0	0	0	0	0	0
0.0083728543010557	-0.00174618291678824	-0.00128274491102187	0.000871295327930161	0.00340260178258103	0.00744463255303509
0	0	0	0	0	0
0.00236058693416875	-0.00380022461933912	0.0122705082180146	-5.01286128451271e-05	-0.0141712178960586	0.020633204679195
0.0145383109656542	-0.00183492516139692	-0.0334876692521842	0.0178900779808665	0.00705714735402204	0.00718895965053961
0.00136651668376624	-0.00649606201701738	0.00462924888898654	0.0117713854760996	0.00851528568769502	-0.0264224607981364
0.0135349583238208	0.00502482793483664	-0.0218682291404326	0.00359518691870716	0.00725938731143369	-0.00438786933180758
0.00948916307531716	0.0161686043834137	0.0110052725664915	0.000190735313709817	-0.000385557843841946	-0.00275411413356787
0.0150300132089129	-0.00254205672625516	0.00790991679314722	-0.0109552502020563	-0.000552235999224071	-0.0180968585367289
0.0138209792068928	-0.00476543599707411	0.00959503551657861	-0.00338458401997731	0.0101176165319518	-0.00540180314483552
0.0112509918603141	0.0026037271501151	-0.0221928477407195	-0.00675080332536306	0.00211868180760844	-0.00608969502629891
0.0117537230307458	0.0014475940304473	-0.0150106990726012	-0.0098441096254844	0.00239561757998145	0.00305560095902213
0.00537872660900657	-0.00420246223214711	0.010636613818275	-0.0169160331925075	-0.00609250812945647	0.00246278170422203
0.014722452638543	0.0131981129854523	-0.000702877413774498	-0.0120447026584436	0.0236344375801445	-0.0142447543832398
0.00211442110807954	0.000195424778939296	0.00629518786943729	-0.00654174871960177	0.0469837158245952	0.0105944384493532
0.0120645258356625	-0.00848766256136986	-0.00151339122124697	0.000982515780041685	-0.0158215998862965	0.00535020086806412
0.0162973934962005	-0.0207832551628456	0.00170462615908405	0.0092303007652503	0.0223529168793459	-0.00770979410757875
0.0126398222953297	0.00771158752186935	-0.0106330055139181	-0.0281834039637691	-0.000873751344349346	0.0115409785874076
0.0137397863915145	0.000584022140801174	-0.010670945577895	-0.0171745198016779	-0.00384252629509388	0.0028914464876811
0.0130529990128768	-0.00279282513396832	0.00671867312461622	-0.000828326728018015	0.00370395572513599	-0.00100881709170469
0.0112506723862385	-0.0299291230117281	0.0340983909955585	0.00327510463797143	-0.00267930096663391	0.0195502959542107
0.00446575912661764	-0.00776367426458004	-0.000488740858271608	0.00763798558835191	0.00446682824790059	0.00598004154526842
0.0153480805600927	0.0122654231240314	0.0104410763369414	0.0150106560779624	0.0106250875715855	-0.00265800781062027
0.0141825680819232	-0.00169808530912105	0.000621340823289432	-0.00491783177627378	-0.000980159896167415	-0.0025408372094769
0.00297871869053374	-0.00241024744871237	-0.0089198973960621	0.00355157411465903	-0.00611998550026036	-0.0296007863170309
0.012197487767608	-0.00618391039759954	-0.000501431051594984	-0.00616127881046306	-0.00806506665406499	-0.000458122409385626
0.0113204447764085	0.000801536478262563	0.00315026478191798	0.00457634498562565	-0.00333965613466577	-0.00881701727605097
0.0138659599534059	0.00401537444871182	-0.00763176805431138	-0.00843258865150971	-0.00463902143925946	-0.00262007659283171
0.0137528455314525	0.00531465025716434	-0.013418357767339	-0.0235324200672172	0.00436903570043277	0.00387171330979905
0.0126538916589216	0.00576661660453238	0.00237910836251579	0.00272696709053715	-0.00696137752505655	0.00202968646720008
0.010661958348039	0.00213911406420257	0.00419562859402354	0.0036075675907842	-0.00313263949577533	0.0105227019328382
0.0112933194701564	-0.00783697975513982	0.0024484710950591	0.00564507143850142	-0.0121718296495256	-0.00836777477566946
0.0141099478249159	0.000944745383951892	-0.0058681921486364	-0.00954576455280126	-0.00724902357968494	0.00570902895267029
0.0138370014066326	-0.00679541270198384	0.000265814557830368	-0.00662022327627509	0.0136445074678948	-0.0144511126681995
0.0134038537778261	0.0167547581956058	0.0123940062256705	0.00472112446367015	0.00408891041393653	-0.0153798322651091
0.0156205684273784	0.0100897111059104	0.0052502665318649	-0.00124402030077018	-0.0172087003996324	0.0033475126775664
0.0109047845258026	0.00679017553716065	0.0115895711192075	-0.00459947288210324	0.0093987216385502	-0.00823557874333049
0.012511314193955	-0.00190085067750673	-0.00621360723968299	-0.00532764156887254	0.00225134615446585	-0.00013807032784546
0.0135877899531807	0.00284945885682385	-0.0261215721697925	0.0194951496897067	0.0188520255931992	0.00261645208643454
0.0143829841814492	-0.00568444194425648	-0.00793209910523495	-0.00313666185145853	-0.055134925852671	0.0218711481653532
0.0132442460352222	-3.69627461167983e-05	0.0113744819430537	-0.00255563534304298	0.0138488108079392	0.0103395309308731
0.0116402271526189	-0.00184654369570951	0.000882508586978774	-0.0051285590551476	-0.00322517593282389	-0.00221400238208493
0.013396429172116	0.0325740581729273	0.0244315295038953	-0.0150553969328387	-0.00395211852570305	-0.00576436651381681
0.0144393093941916	0.0163681236530795	-0.000303610287194557	0.00279895813406321	-0.00266904407848162	-0.00513353164396098
0.0134257768214544	0.000179618980965773	0.0061836463804817	0.0078597942158232	0.010630186622275	-0.0099527664977312
0.0115012184063309	0.00299221955260685	0.00955144088281777	0.011628712777769	0.0144834189954947	-0.00479229753233594
0.0151912675566033	0.00715080581483851	0.00533752910305104	0.00816679235300166	-0.0152865233893302	0.000869852066472925
0.0155519470220297	-0.00199555772297592	-0.0089714140721653	-0.00864279886927789	-0.00301597153963242	-0.00324372530915964
0.0127152001591508	-0.00801594024906611	-0.00245957976346926	-0.0166908192767462	0.0251761769148196	0.00821758846528022
0.0162287309513395	-0.00903010159591357	-0.0105316400652481	-0.00676131623346761	0.00297904949775428	-0.00382526501913502
0.0132506135332314	-0.000119957608183092	0.0117104870405684	0.0191351867088831	-0.00635272733684722	0.00369150052456017
0.0149616000895335	-0.0208071953385274	0.00651931815830953	0.0217643689120302	0.0092964895781448	-0.0109821902536725
0.0133129206626098	0.0074455485695729	-0.000367128711901282	0.00841852700588296	0.00762083176807598	-0.00153406407147583
0.0122498681228372	-0.0200727047060376	0.00348877797079079	-0.0128342118834345	0.00748946517030654	0.00754572179571106
0.0122788486250799	0.00690661596252813	0.00175783135789151	0.000365668051378713	0.00710130777807417	0.00667609276511127
0.00278065824614009	0.000900352266517057	-0.00607624861884227	-0.0208671972468187	0.0110624304861561	-0.00893307660860405
0.00797615724244639	0.00894615240381322	0.0153458639678924	0.0267718911615982	0.0130557788474307	-0.00319522957365128
0.0128685137587442	0.011681974826442	-0.00894935726801265	-0.0148811116396647	-0.00331754829745035	0.00676084114139683
0.0129655040695612	0.00815481012760048	0.00859436911081045	0.00972645011473378	-0.00578390468710836	-0.00276762609281115
0.0135799984669546	0.018508621708142	-0.00977651617871834	-0.0102391533039051	-0.000264996022269924	0.00465785165474716
0.0111248764618315	0.00423483514487704	0.00455761578556153	0.000483256970725916	0.00744796245452408	0.00415195141846597
0.0141935487785939	0.0041281375954824	-0.00107480242143058	-0.00104472233636029	-0.00344082393454861	-0.00153798795539995
0.000783838901051493	0.000848312891561526	0.00933106283731008	0.0184322650602641	-0.0185713387529745	-0.020371503295909
0.0115274244454891	0.0161945860282573	0.0105894379096113	0.00332612259199936	-0.00299192915434818	0.00858512970040973
0.00345418875999895	0.00269837218446843	-0.00690650726296756	-0.0139017193373253	-0.0177963959654235	0.0229661655964064
0.0132113249754029	0.00262281877004895	-0.00800385808513648	-0.0112583119094691	-0.000592933788786571	-0.00377767513966132
0.0128312211348167	0.00213633541774511	0.00279026139244287	-0.00805484306161552	0.00089973969241893	-0.00163283243003891
0.0118708235182222	-0.0131070799930723	-0.00107676481129445	-0.0160080132024972	-0.000554507414729634	0.00380984061730239
0.0117065195477129	-0.00278957964764069	-0.00747158000071955	-0.00750405032649699	-0.0218335266102211	-0.00677227880058618
0.0070590104675828	-0.0103388271804042	0.013251238747908	-0.00715309753062119	-0.022874530343188	-0.00665924143474576
0.0138546742536242	0.0144352369909631	0.0122569704230758	0.00499500972127948	0.0080444592660944	-0.0105338303944346
0.0153620435252612	0.0176848517787861	-0.0068665794634153	0.0227501337903676	0.000996641000822347	0.00568547183047021
0.0136274959510145	-5.26928592096529e-05	-0.00253875911577967	-0.00338992558864841	0.00220837475513315	0.0017327205643817
0.0120368500930969	0.000527934426669663	-0.00256157129098959	-0.0159121247125296	0.0079416536528749	0.00463780489331563
0.0125343167914722	0.00874227026604135	-0.00815310439165037	0.00798800822776035	-0.00185392691764763	-0.00266523398145607
0.0141846060859088	0.00500748066743946	-0.00687794305423396	0.00981996700073226	-0.00938724094666457	-0.0105240013883532
0.0140410776571848	-0.00320070018185133	0.000675889417744791	0.00227347032381143	-0.00362597647038172	0.00906548280391048
0.0105254012299253	-0.0100485900658528	-0.00667777299900315	-0.00565369841714302	-0.000976348748378428	0.00529396438558479
0.0122853426349758	0.00582601459061887	-0.0136118916047158	0.00837875065536962	0.0104588268601206	0.0083926427551265
0.0144894868801214	-0.00533870040317463	-0.00127436546682158	-0.00440911683282221	0.0026412588446457	-0.000349139802586258
0.00908817663223777	0.00357955679773861	0.00124437244679423	0.0117318183187793	-0.0166240867979827	0.00263107131120926
0.00704490259528696	0.0151118604778115	0.00614666113525506	0.0235419210615047	0.0221740002736843	-0.0120605179500929
0.0171425474326778	0.0180450507596914	0.00373343303892351	-0.00412163562770135	-0.00202596734138901	-0.00562613580844856
0.0182720676886491	-0.0164783503658136	0.0104140008652866	0.00538307054644941	-0.00454879296522717	-0.0131777897334624
0.0129295124621905	0.0179679245097312	0.0138125376605209	-0.00443031709651768	-0.00522822347566356	-0.00310345964356938
0.0137459837815373	0.0074238748118841	-0.00638026109380137	-0.0145883402997325	-0.0107141871872293	-0.00150457744372489
0.00255998482374291	0.00895855776665135	-0.00671346801422078	0.00640785990763012	-0.0106218479817524	0.0570358749442908
0.00826279450582417	0.00409303680824911	-0.00745603000043893	0.00520274140183261	-0.00849000901881049	-0.00479793378661177
0.00541310281360675	-0.00282163302859145	-0.00117611757857495	-0.0154134673841938	-0.0075980615392452	0.00201989538958111
0.012720678164135	-0.0369697084839889	0.0222809892661593	0.0175113872851744	0.00424056707445715	-3.06707618133346e-05
0.0130011070301309	0.0115058547310865	0.0102304036960434	0.0140113826252435	0.022009993144037	0.00113069027673421
0.0142634665557101	-0.0301045408133486	0.0108945040611933	-0.0201249345609814	0.0157413419536726	-0.00714816708000279
0.0137606320826887	0.0055498936745487	-0.002095749164707	0.00104879530293607	-0.0109291394768969	-0.00479355218828434
0.00677668785146544	0.00515752884769969	-0.00244206871801232	-0.00451862640442858	-0.00495622471632004	0.00110140013440498
0.0139536864048043	0.0034092422916124	-0.0072784502979073	0.010746808185136	0.00529633464630396	-0.00540148103498706
0.00817582141409019	-0.0147393681199535	-0.00289949589168659	0.00534693855822789	-0.0139954924151159	0.00970757092606597
0.0124901729804526	-0.0485505653183522	0.0285333317280063	0.00192303066153029	-0.00150857767382999	0.0084081253875211
0.0120104248133318	-0.048007443371933	0.0247149134509598	-0.000767055464170844	-0.000351076141396497	0.0298603799192644
0.0125678607860805	-0.000765595662416227	-0.00679476694051107	-0.00015270048710269	-0.00240998981941703	0.00716113462005396
0.0156932748558361	-0.000386096786782302	-0.00356792817038716	-0.021454554890606	-0.0173024089766164	-0.0218305175996993
0.0123404171264924	0.0102407691245535	0.0263694854096821	0.0235876181604479	0.0198529069879244	-0.0061497197892773
0.0153035207401618	0.00718104135220298	0.0093138134842491	0.00771893043513779	0.00490395228881889	-0.00224417927014913
0.0156343140203172	0.000545257727699231	0.00547143577004305	0.0103597093768735	0.00042756390632209	0.00252063929228968
0.0123206985151509	0.0105912142987464	-0.00432130081846757	-0.00135276282647584	0.00270454638590297	-0.0145284681963327
0.0101874080310406	0.00570379556352332	0.0107050968280472	0.0161793347588842	0.0203828635492601	-0.000105361373872048
0.0145528361409815	0.00810289393319242	0.0145162103432265	0.00279849711544384	-0.00786073467163851	-0.00361967739800761
0.0119543476926813	0.0011256561112489	-0.0321483742795812	0.0151762923247722	0.0114368912324108	0.00320792717563296
0.00715152708578485	0.00131088128526882	-0.0274118190195571	0.0170668476046655	0.014190489094359	0.0086813295593927
0.0146316594481147	0.000847013250482122	-0.0111736838364168	-0.000436131478362026	0.00220790826634364	0.0102589184236712
0.012252296262176	0.0318085497834621	0.0218614247793096	-0.00787895540656518	-7.87210681619912e-05	-0.00149189585256135
0.0135985203679412	0.00558020629176953	-0.00542860069072953	-0.00195908596656149	0.00593002014217428	0.00835940644017912
0.0152510148321053	-0.00907305125078855	0.0107879301926935	0.00740304766861028	0.00416705630249676	-0.0128727368989764
0.00949123832288719	-0.0100302506673764	0.011513679480388	0.00955633330454186	0.000719552211111866	-0.0184407093648366
0.0184762547082114	0.0190586066460754	0.00369939971509951	-0.0165568805573118	-0.012205743715144	-0.00302990063944449
0.0147497781705061	-0.000421158448023377	-0.0277243292564427	0.010688863274272	0.00659679933427175	0.00559347057724141
0.0138367761515158	0.00123951583668796	-0.00430904530515939	0.0106928565740372	0.00959566166309487	-0.00477635607980795
0.0117615769970951	0.0301403314354175	0.018252939931445	-0.0127767056171898	-0.00774944184385866	-0.00305170278449496
0.00163421732094541	0.0124116982319265	0.0130159372681347	0.0197234213685254	-0.00640371320927425	0.0254887769722977
0.0153153089005469	-0.0258956803368223	0.00350724751881418	0.00337196305877439	0.0159703620057201	-0.00563850005013173
0.0126888403943334	-0.00242827941381868	0.00306217964204298	-0.00489542068542785	-1.7372697171265e-05	0.00240424558697062
0.00557383276925579	-0.00379894140265917	0.000245375133252415	-0.00319585036178895	-0.00557366051637573	-0.00653642993956622
0.00745701864744667	0.000309695051010026	-0.00479416205632173	0.00408793515701883	0.000860191012385602	0.0021399900528954
0.0134046330253856	0.00347026095930101	-0.0177370382352061	0.0086348288632474	0.000471151656332724	-0.0190524938273436
0.0130281424162012	-0.00495089616735155	-0.00364057074444856	0.00747465561064317	0.0059237113089156	-0.00288507555722021
0.0133060265554626	-0.00147453271671703	-0.00866833637848377	-0.00259873488394121	0.00177524615262665	0.00331803605587795
0.0138603580091144	0.0113089322761344	-0.00801173871127968	-0.00382241988229473	0.00257402706365655	-0.00440679190619484
0.0119629599782613	-0.00250809818601312	0.00279221850057312	-0.00512933705755887	0.00183649669235811	0.00664576177299243
0.0126933949044376	0.00349292265228255	0.00913896575507732	-0.00486978464720974	-0.00553362926266927	0.00188019672333562
0.0138579948821845	0.012586170899269	0.0204631244675106	0.00830373122034777	0.00378784338121551	-0.00168760454061225
0.00729421060472436	0.0249178662919143	0.0345904882786692	0.0103410272748839	0.0224305261894484	-5.70919766236746e-05
0.0155854578161541	0.0153231409568589	0.00518836107959834	-0.0195625316837132	-0.0157045010645982	-0.0123192643411058
0.0144527380715091	0.00161642537108755	-0.000630615028358044	-0.00803603440106474	-0.0022081786112071	0.00149909488857833
0.0167497963787915	-0.0268576797943096	0.0255285993494585	-0.0099872138634412	0.0203826209687358	-0.0160969452020354
0.0122261324764497	-0.0111263016433931	-0.000867119558941762	-0.010950184299068	0.00861783637113673	0.000672453059684052
0.0111163148774122	0.0019381387243107	0.00209920777514178	0.00392847284387083	-0.000734174119096304	-0.0132150480217068
0.0140682952778429	-0.0051939807318738	0.000976110504941638	-0.00341636032972378	-0.0175077515131222	0.000176095765272344
0.0144622996745122	-0.00704988447975981	0.00104383541765542	0.00870795109308126	0.00072098337961916	-0.000237266072856327
0.014663239448064	-0.000765680181460518	0.00351015713677053	0.00357995789015525	-0.00131241115120314	-0.003294276986174
0.0151122399870551	0.00868721554853878	-0.00601761698961193	0.00400343495690849	-0.0155328552411043	0.000174547989286776
0.0123894736306853	0.0100572728341232	0.00232442431026817	0.0126812425649625	-0.00658577940995685	-0.00891194347933802
0.0115553631391314	0.00410536227355573	-0.00555648940077353	0.00302583170335442	0.0037050182461198	-0.00153478344122645
0.0128846690452428	0.0137506364538924	0.00938219223987329	0.00458237568974453	-0.0134990541138944	-0.00518181680980971
0.00846932283659807	-0.00510750831318591	0.00526370762038465	0.00545926802512598	-0.0114562830990108	-0.00828595550092323
0.011575349988586	-0.00200828513138623	0.00461807605590307	0.0030289859180656	-0.00602813188609476	-0.00269309459396529
0.0112678787448621	-0.00262969689127239	0.00758575015137146	0.00409594345043562	0.013366108283993	-0.00850307626430815
0.0126172320369468	0.00262853101083511	8.73780782980375e-05	-0.00328333784390708	-0.0101471583198745	-0.00725115551267375
0.00453243012538288	0.00466332991675975	0.000508141117434672	-0.0101864735889902	-0.0194693335872786	-0.0115916518541458
0.00890151344934897	-0.00224967395525011	-0.00508903697114714	-0.00898533679333793	-0.0132502789262541	-0.0027253649018326
0.00654915911864189	-0.0053570958573685	0.00673591817631776	0.01145572808273	-0.0403319579874035	0.00721258643278092
0.0130685235603837	-0.00901317082085442	-0.0161333330018428	-0.0200716825514244	-0.0346877187923651	0.0266136057020634
0	0	0	0	0	0
0.00670046112253092	-0.00583999420097268	-0.00227591575352905	-0.00923226060406029	-0.00553983065020671	-0.0159088322097414
0.0176886520354646	0.0208657541894091	0.00498129236163299	0.0117500817434477	-0.00848778959682494	0.0909580928228114
0.0128611033286419	0.035525614331664	0.0328679663237303	0.0338536111790496	0.00480052058997413	0.0290639931935529
0.00311041961083196	0.00757624162418779	-0.0040200954419245	-0.0266858664833126	-0.00939501392143835	0.0229999866963653
0.012816539838591	0.00381335845279072	0.00284187624942731	-0.00267581380742626	0.00617246495027648	0.00331465450325548
0.0104539038474574	-0.00665780623603455	-0.00508903455552502	0.00308393484505284	-0.0116160334197517	-0.00648630956132711
0.0147717240868637	-0.0100252219736024	-0.00961388573193522	-0.00491685926339813	0.0197763602967907	-0.0120964203352957
0.0147754580392605	0.000135485170936915	-0.0325424806521048	0.00830549902106721	0.00834139720512935	0.0118931092201346
0.0137946919627752	0.000550574917315232	-0.000950140336621212	-0.000804716781409636	-0.00379891107749403	0.0011287511138752
0.0165599436258925	-0.0083697268192129	0.000198610117822264	0.00910415708849032	-0.0122427010675192	-0.0109835081412974
0.0139838899769842	-0.0143610690043195	0.00692564965559	-0.0249404216533672	0.0229918818854361	0.00314843133882783
0.0117794209363724	-0.00345485515851835	0.00529259842652228	-0.00340779372289529	-0.00383995327767964	0.00787078687919244
0.0011227473922449	0.00371343235334417	0.0020055017955232	0.00758662870829093	-0.0473115838572807	-0.0151801706738742
0.0131631515031378	0.0278682695815947	0.0266055969005184	-0.00687675967495147	0.000688682772343572	-0.00623571714169061
0.0150376529818889	-0.00751033637591614	-0.0183732062396629	0.0134953526228488	-0.000316139639960047	0.000785954578789232
0.0154267507790363	-0.0034338402800218	-0.00322705215020622	-0.00733708284562441	0.00429379200368262	-0.0187375096345444
0.00757100796208615	-0.00680486818676283	-0.00401645589982646	0.00511421309079493	-0.00748926725339006	-0.0375203659628229
0.0119695486859214	0.00284828809979582	-0.00110752189298446	0.0027011783115998	-0.00606809994593633	-0.0127534627976907
0.00979959255458306	0.00114894897400475	0.00551447196597936	0.011937146785271	0.00873812905528829	-0.00175336099201634
0.0130388809848851	0.000231223036783764	0.0018558809360366	-0.00746467602261494	0.00669702058605501	0.0145164674959325
0.0127585599752161	0.000382816214946792	-0.0120678473698724	-0.0023901616519562	0.0106360302826728	-0.0119259655277581
0.0143518777345442	-0.0115193211823765	0.0115299765485421	0.01620395672587	-0.00796903807391367	0.00356912696878562
0.0124026895718052	0.0149998407066221	0.0197591998565771	0.0301780396374955	0.0115259378045354	0.00767517377720083
0.0145948517470792	0.0140004877571558	0.00955157263159215	0.00629548645033591	0.0117970056678866	-0.00578661907176204
0.0120203466420577	-0.00476288728326929	-0.0281418100217952	0.0109202480771886	0.00717746458031747	0.000519996758532193
0.0161451318881206	-0.00175302066948108	-0.0190468826315595	0.0071227389243376	0.0150030061197523	-0.00158157509876813
0	0	0	0	0	0
0.0121191748411758	0.013833346574527	0.014097721514515	-0.00374326772791965	-0.00810248630609353	-0.00583986453422438
0.0154937527756087	-0.000970124403928331	-0.000719819210877948	-0.00153864749579597	0.00343424886068331	-0.00529395997018562
0.0155574887390775	-0.0155433447776354	0.00149338733131458	0.00270640985339339	0.0244788151827927	0.0183263872291971
0.0138294303710381	-0.0045683673634163	0.00734741261000891	-0.00111845776316936	-0.00109585655720783	-0.00158264411528713
0.0144608659468351	-0.0276124970208164	0.0122715950853406	-0.0146034136172335	0.0346768237265465	-0.0116889221437489
0.00185527715863964	0.00877850150161735	0.0218688883589874	-0.00869413880823473	-0.0203066014024028	-0.0206541060515305
0.00981324185095044	0.0211803978964604	0.0238236441914574	-0.00106373218717344	-0.00759751182683027	-0.0175757532650042
0.0131445298707005	0.0442204725382695	0.0370110136811055	0.00944460614023196	0.00748685164869401	0.0305874063475775
0.0139692677327269	0.00328690147688928	0.0183996910094164	0.016993522626835	0.0070654631580178	-0.0246995751866381
0.0135432381175058	0.022532229921299	0.0252666589570681	-0.00389082376451492	-0.0057604217313766	-0.00482174648738836
0.00316251196360569	0.000228602552968157	0.00674163417094084	0.00555177164784742	0.00660999003410603	0.0206918867414749
0.00883737341303695	0.00610163032850419	0.00740459456499695	0.00871055082907951	0.00935747136365477	0.00108711292244627
0.0118868421492517	0.000668560952296196	0.00572272262243152	-0.00245622568569575	-0.00649443426198142	0.00299583859032008
0.0114876744756382	0.00201927668686839	-0.000762164645523902	-0.00781056056785999	0.0121017566788503	0.00257633105065506
0.00293702127244215	-0.00381571812881017	0.00672017990737545	-0.0136642179413645	0.016223593346897	-0.0162931028522276
0.0178462039860441	-0.00738903168813192	0.000314700670022024	0.0154047102977364	-0.00260371719174809	0.000203558937097619
0.00898852601344627	-0.00508745351873759	0.00118023821935275	0.00589150318425781	-0.00495278291821604	-0.00369774160945124
0.014551036352072	0.00286473035898826	0.00636916778484139	-0.00178313933494058	-0.00425922432507153	-0.00529057082284871
0.0132534172742573	0.0136630367928763	-0.0197727675804452	-0.0283326872329825	0.00722592368414506	0.00910066064762825
0.0151881476324675	0.00289531228805344	-0.00341556585504562	0.00405580962690462	0.00217736800707788	0.0124413804876501
0.0149672281343527	-0.0120269179010483	-0.0166101540516832	0.0140236818797071	-0.00910737352200184	0.00407596578007325
0.0125403486177746	0.0019777702875692	-0.00431919980184446	0.00313689697319569	-0.0036050044012968	-0.00410635669642084
0.0154759755400578	-0.0186435800168334	-0.00828641164576591	0.0178349701249639	-0.0104157063576343	0.00761147550753156
0.00575496112332703	0.0108188591916121	-0.0230325210203182	0.0110290911081551	0.00275317098105106	-0.0087444219380176
0.0122201705169695	-0.00153056173790015	-0.00221966425889662	-0.014592297288052	-0.00982334885351397	0.00258769016209619
0	0	0	0	0	0
0.000566215756613182	-0.000560276079476968	-0.00283309267312033	0.00537614843620995	-0.021160134081184	-0.00119864085031495
0.0153308134902412	0.0205639536253167	0.00754898110295025	-0.0110103455238452	-0.00659585884176047	-0.00835752530720598
0.0114751272123108	0.00785722853826373	0.00919183278804877	0.0101755710704829	0.0101070426778072	0.00251942719796135
0.0140317209252058	0.00160926057320729	-0.000228497370991806	-0.00356213585282374	0.0061459030329471	0.00117106232370246
0.0107431818595818	-0.0178905211784523	-0.000765460652057029	-0.0149227869997913	0.0179144238473623	0.0111863668248738
0.0104822019425024	-0.0182934620656593	0.00480525796875937	-0.0225896895159535	0.0267429857812379	0.00478853943523543
0.0155198223579695	-0.00338047648865867	0.00442071271446656	0.0101453962091858	-0.00645007392253967	0.00160172296976294
0.00974097276787312	0.000779010249674385	-0.00677522058367078	-0.0122407725424847	-0.00415845826798149	-0.0145471943461742
0.00543098383788381	-0.000481427895856265	-0.0116555484786049	-0.0140443949994157	-0.0019086112006634	-0.0231206265506616
0.0150916235229175	0.00416115767915644	-0.00172008335928759	-0.00271734857702109	0.0127339181873107	-0.000183561032160697
0.0152144677444708	0.00870681633678905	-0.00653203191868875	0.00569312251340254	-0.00532610003365053	0.0061409395200656
0.010038829137514	-0.00293199384570292	0.00363403694750901	0.00494831981225219	-0.0068467180374055	-0.00503851449819851
0.0149562556952906	0.00635156952368132	0.000767158487650511	-0.00184634420014465	0.00363677097089788	0.00865646191071075
0.0142266850470993	-0.00324172907431849	-0.0043474832854077	-0.00151664552189959	-0.0066755279322025	0.000245928337086257
0.0128325074373859	-0.00159387838105636	-0.0139563001815942	0.0116264864811401	0.00758654353234142	-0.0012113712379902
0.0128695155329216	0.00689198089462569	-0.011080596754068	-0.0311008052635443	0.00389836624505904	0.00608408205880959
0.0136658660848394	-0.00408849212585936	-0.0284424016258819	0.00814760849658187	-0.00346425323467322	-0.000802810100766425
0.0122605838807238	0.00180261856548727	0.00345188120288843	0.00567497214301486	-0.00636759728626771	-0.0129777997659748
0.0169766825079206	-0.00361922957913556	-0.00583356081088872	0.005287194073618	-0.00282019251728294	-0.00750234846999594
0.0101422829025828	-0.00642491635395743	0.0225246540400163	0.00453319284328414	-0.018415980482111	-0.0325962747424743
0.0137063307141147	-0.0139087172978242	-0.00135589802365007	-0.0333941685868738	-0.0152168172282858	0.0103226213293252
0.0132580626704767	0.0042845956086172	0.00166869131023363	0.00353133214672171	-0.00398916816084152	-0.0039064745693366
0.012704213783519	0.0235256997478711	0.0210164928438027	-0.00341619047265441	-0.00837356514096067	0.00249394516960547
0.0140328013591902	0.00524355323258498	-0.00467819238337012	0.00501920908347683	-0.00316328051166255	0.0163009554665979
0.0135541307845887	-0.00500213442378033	-0.039947119361928	0.0127549707725087	0.00235016324321308	0.00524049714137565
0.0107731183671082	0.0012222059507992	-0.0113457460908172	-0.0026775994782061	0.00696340038448561	-0.00311500534662755
0.0169086625381219	-0.0120448275874515	-0.00374416453847381	0.0090796106005496	0.00274312232581867	-0.0138712799519157
0.0127276460302728	0.000361992134747855	-0.02182066203575	0.0088964183796571	-0.00379068450420527	0.000669270420877092
0.017132819112003	0.0213805215331049	0.00354334169293286	-0.0163158632250323	-0.00813734018371664	-0.00577364753841015
0.0130957750763497	0.00617488467475622	0.009156128675618	0.00784280013038719	0.0114528921372366	2.64349698769289e-05
0.00187383294123537	-0.00761087697058021	0.0114015664463566	0.00968796909905743	0.0189109304751944	-0.0301842056326464
0.00130901624531546	0.00868309768360428	-0.00434219155767438	0.0133042684351557	0.0101569698345065	-0.0125082884907237
0.016675889141991	0.00987481917967785	0.00438838569694496	-0.0131136452508047	-0.00438563585494534	-0.0261598066811446
0.0129431600086089	0.00346303820478151	0.0290326189983494	0.00187786679745953	-0.0237381813074546	-0.0398146944855483
0.00943249529506952	0.0174593642452882	0.0529154467758768	0.0576418665468147	0.0615162717940349	0.00179798069064689
0.0176187437940777	0.00447402012115934	0.0125645057356887	-0.0161013985917567	0.00375525829247856	-0.0134184676524263
0.0109602210487394	-0.00344138174845347	-0.000765000025263127	0.00696913569135595	-0.00464473421132104	-0.00136193103193372
0.0118667437591268	0.0260647433477095	0.0212619717992206	0.00125539001631486	0.00570911128786528	-0.00726355484694767
0.0142676686208773	0.0258581995045854	0.0248623373212157	-0.0111520871577184	-0.00433614360668438	-0.00926504721796494
0.0141712105444762	0.00178123481420805	-0.00242391663268447	0.00278686151787425	0.00439498738332889	-0.00238863964852367
0.00963806223136929	-0.0115862814360485	0.00186835145388557	0.0139241317659558	-0.0336490104245509	-0.0201151606215154
0.00287944097968322	-0.0113831724208728	0.00405390636089041	0.0216362289556177	-0.033945517633376	-0.0106290381136391
0.0125854437208135	0.00189259359284803	0.00199453884358871	0.006635913307644	-0.0200578300348047	-0.00552909845432906
0.0181697926400414	-0.0132132377460861	-0.0147907967958332	-1.15246194972202e-05	0.00855595929631922	-0.0142012467231138
0.00456707661126936	-0.0090841980727886	-0.00703793830088399	-0.00658901576965647	-0.00584332211913002	-0.0243478428964404
0.0108150388018536	0.000113133480378062	-0.00801533934131083	0.00158041915826578	0.010977000324403	-0.000893515085969836
0	0	0	0	0	0
0.0134321896972072	0.00328689021577065	0.00141168549397481	-0.00223232973488096	0.00439497961505547	0.00840356499783758
0.0117657304155588	0.00616008814324362	-0.00251837011466078	0.00982133434932919	-0.00176658453445323	-0.00144450541619406
0.0171207168526079	-0.00432770509897876	-0.0154544153716757	-0.00166547073142869	-0.0115610504905471	-0.00557462424920165
0.0126750852846312	-0.00352656717212445	-0.00151480001519377	-0.00283912314107449	-0.00280632152565787	-1.58657555917868e-05
0.0126685104290789	0.0103080820514477	0.0091069479398481	0.0104670214245835	-0.00839909048400082	0.00367346067860265
0.0130167666668413	0.00670838836669832	-0.0012845197384328	-5.38126657893124e-05	0.0118238779678191	0.00220604723758694
0.0136776661294362	0.00051761783883494	-0.0014759675246328	-0.00206849465255864	0.00287739048116218	-0.00210912218859127
0.0122884371979237	0.00182205011955929	0.00168095444081822	0.00179814813572961	-0.00307313949637362	0.00182726946758091
0.0105249239810471	-0.0116350172017427	0.00179255927017397	-0.000554429614896971	-0.0118364646348693	-0.0216783090906759
0.0136857575556536	-0.0113662662134206	-0.000320306931109049	-0.00470446314139491	0.0169189695941381	-0.00432770015680311
0.013530175632763	0.00293262560582957	-0.00831569192536407	0.0130726348822242	-0.00561585278887269	-0.0156135648189385
0.00521747385292973	0.00239814084642843	-0.00436049621241801	-0.00930064398449791	-0.000905364469392532	-0.0134865710487173
0.000831011614256689	-0.00893743838360051	-0.0029476916013159	0.0187734158336316	0.00516731657295163	0.0396107694245097
0.00317347604633046	-0.0230591476845171	-0.00205031434248856	-0.00300059555841521	-0.0575545565586754	0.00819635937496243
0.00993676238707437	0.00429156760779473	0.0051807725469137	0.0171880230495309	-0.0172562446745251	0.0100966662363262
0.0134897858172976	0.000545645955515598	-0.00238273362848555	-0.00702226102771108	0.00430301825806786	0.000710692445313623
0.0137973751865709	0.00249862925516927	0.000988801829351045	0.00323033017390672	0.00606192386432054	0.011441874848307
0.0137289051569173	0.00356359401850858	-0.00291262171096169	0.00157883571294773	-0.0058973640360878	0.00413429248343443
0.0117606970699604	0.0031274487690999	0.00160523049113502	0.00079709076158919	-0.00654361219960059	-0.00463841550260323
0.0166548654923559	0.00411704484380326	-0.0377083824214759	-0.00726158671067322	0.00881809924777297	0.00629732830572643
0.0177245449967862	-0.0237663725884315	-0.00776551718669133	-0.00541342651433768	0.00231600042075865	-0.0198506984893013
0.000300609524612669	-0.00284058178084337	-0.0034323063387953	0.00659538722771617	-0.00432305760346779	-0.000542365266677548
0.00147053416943973	0.00645567686316022	0.000186572838548294	-0.0158956157315179	0.0412152057091341	0.0031679607415876
0.0122977414085709	0.00760145416574321	-0.00312129020538265	0.00309091452849363	-0.00950321666486546	0.00829522681590713
0.00109657068929194	-0.00983990899533253	-0.0055267231012592	-6.35097194925834e-05	-0.00145540028167118	0.0269242064999261
0.00761007960416526	-0.0046955126162273	-0.00556350138123177	-0.00469924989179305	0.00327292995172704	-0.00101531199162574
0.0031235280429235	0.00392784988367854	-0.00880439225619538	0.00147495852691585	0.0359217204191147	0.0223615373983594
0.0124821238176796	0.00208883270870212	0.00455017558777485	-0.00084075466099972	-0.00678130499493502	-0.00224598123707011
0.0167187411987026	-0.00229399654667564	-0.032371702364784	-0.000194445556688213	0.0139583381034288	-0.0207452343591627
0.0155025018972773	0.00324384533320035	-0.0480630093096837	0.0155251866384121	0.00909908269810376	-0.0238417707347947
0.0118152636216836	0.0104755465952631	0.00257972439560169	0.000103668835468039	-0.0147279689147704	-0.000514237377964899
0.00113190189636	-0.00917082062942959	-0.000802117137283027	0.0236043462503915	-0.0139879805617114	-0.00498092559055237
0.0139305323324625	-0.00110252002139465	0.0025451155567161	0.00430758564989738	-0.00469876007079796	0.00326666389340296
0.0133323407907178	-0.00559601440239706	-0.0124022360682551	0.000936157115844598	0.00820602188397542	-0.00482733150012886
0.0107474391970729	-0.0074281208061497	-0.00276602752129109	-0.011075525530385	0.000312524079928707	0.00823148356774512
0.00484933326445042	-0.0105299573336805	-0.0153693064516552	-0.0127219332462853	-0.0215745376209341	-0.0240377883156136
0.00430895213872627	0.000877044582519203	-0.0127734972023977	-0.0205942852132331	-0.00621922656899674	0.00333009660573246
0.0121300544405442	0.00153406108705643	0.00358880255486961	0.00399008969028229	-0.00750707986261732	-0.00609386554288188
0.00688763266076553	0.0172513922387161	0.000356345914288988	0.0447801260605506	-0.0014361440208269	0.012218964384966
0.0133198516079522	0.00969727179708468	0.0125951469326573	0.00235968738035708	0.00133768900594094	0.00473215671056411
0.0128099882237936	0.0134562758374046	0.00668473656192827	0.00997169779532877	-0.001752236811981	0.00610292566057253
0.0127010790564611	0.0132402300580045	-0.00157901083557498	0.00545813256571257	0.00387377615712057	0.00807724394838505
0.0127934013348791	0.00573734793512411	-0.00538701926689778	-5.22349581582931e-05	-0.00734740988781253	0.00253165960235324
0.00397825718107101	0.00800667481476414	-0.00429779113908273	-0.00199428578113774	0.0197033737891565	0.0370111440081729
0.00616806552311558	-0.00316135704152065	-0.00494855969906625	0.00357808526683811	-0.0111508027260658	0.00470479513693097
0.00326603502718735	0.000360399621255019	0.00840825011731918	0.00592753173718881	-0.0133216182048671	0.0325610638533498
0	0	0	0	0	0
0.0156397306957184	0.00870862186497588	-0.00152504536220792	0.00145049476100141	0.00382200967098232	0.00175398120747003
0.0161967621434444	-0.0227582254411996	0.00365847071867018	-0.00957391911023978	0.0111238030775533	-0.0202580748389321
0.0124703153400749	-0.0381227669438594	0.0691544886849008	-0.0110819679689068	0.0396365326252089	-0.0164641055015877
0.00186361943409055	-0.0182627965834064	0.0347333090576247	-0.009602934216306	0.0144408043344133	0.012171759140145
0.0131238165377969	-0.0135389371962447	0.00642281970807792	9.71721757591186e-05	-0.00466558825605813	0.00913370363540082
0.0117369544682486	-0.00515565475203183	-0.00782652137556744	-0.00814295204915648	-0.00296811291049276	0.00750779557666749
0.0141991233299115	0.00664174411021293	-0.00647534926895892	0.0130515817625716	-0.00527089090744981	-8.79506237965657e-05
0.0131991053193441	-0.0460997044982797	0.0386706860150851	0.0337164710623553	0.0120651368951628	0.0209602156411738
0.0138987070582972	-0.0141572764252744	-0.00053596339513462	0.00773833602420466	-0.00973446017069701	0.00282947095483865
0.0172818817189586	-0.0112231806292801	0.007321449428164	-0.0359373117359043	-0.00184899878733902	-0.00593483150306127
0.013821241256806	-0.00643015070063697	-0.00455014508652674	-0.0128125063292794	-0.000108204752418356	0.00352043697118796
0.0152937452110696	-0.00324185067431099	-0.0288947302355816	0.0149783250341016	0.0052293203906137	0.00401176804077621
0.0146592970731212	0.00817695211650027	0.000651013673766143	0.00277472744285668	-0.00865339538380211	-0.00502001003798847
0.0126529930516754	-0.00684395607021887	-0.00961662065337598	0.00478789490301969	-0.00128863876617145	-0.00198025699153044
0.0143353168585168	0.0242779187401227	0.0207067319225014	-0.00391896315286859	-0.00680795995832128	0.00098840915332893
0.0126495365656644	0.0136379116437681	0.0055065789999962	0.00510375222134973	-0.0038518858904018	-0.00158816577773847
0.0193370083728425	-0.0155544222346552	-0.0346453282879008	-0.00918143306592961	0.0180044989368307	-0.00710695878467866
0.00186067849441905	-0.00750038506669614	0.0104866852161274	0.000496442495154464	-0.0234746131999272	0.00806330239601554
0.00149063324128548	-0.0175285356979353	-0.000871162087956188	0.0142884052741221	-0.00183451140530061	-0.0134016903448237
0.00148767527444155	-0.0271974187402945	-0.00289204106765665	0.0459300113716424	-0.0296335489391069	0.0081486337821041
0.0160257659054133	-0.0360398512301304	0.0028335537575446	0.0386921458013918	0.0111123486157575	0.0189505907049991
0.0120035375458416	0.0147825522835839	0.0105200406568681	-0.011030576636011	-0.0158051648773475	-0.00203728326974633
0	0	0	0	0	0
0.00892912748347803	-0.0010453840836724	0.00343928414097301	0.0223130826036904	-0.0168932284173863	0.00135008921637462
0.00020517472475403	-0.00302793337452402	0.00378075536576572	-0.00458975023182114	-0.0056691794500811	-0.00967713649924993
0.0129508134847076	0.000799669480539418	0.00121504371790047	0.000988546181499567	-3.17191769123272e-05	0.00122293392950823
0.013234515808866	-0.0131726499382813	-0.00343506004443646	-0.0142342688163985	-0.00197142348999194	0.00963736650872591
0.0125537097681598	0.00440341199640234	-0.00601798135089575	0.00462835499104823	0.00957529590257466	-0.000833058446747811
0.0106254006554315	0.00136970667190504	-0.0320949029952887	0.00610673316607871	0.0260369712540704	-0.0279167144353226
0.0101701931931268	0.00191926602956668	0.00431919998367198	-0.00317398892568106	-0.0065083875576382	0.00114859768099505
0.0123940492734728	0.00573158724647642	0.00795791631856523	0.00423781101272241	0.00559032549939262	-0.000307045287800873
0.0120256386992312	0.0271941036473729	0.0161220256550539	-0.00616416144598047	0.00224249360149221	-0.00598430645313622
0.0135142987614494	0.0098474980276293	0.0076149980453438	0.00997866820564077	0.016343505380311	0.000263442943661126
0.0086386947938478	0.00843344530388477	-0.00748627484108085	0.0259215843268604	-0.00220425838454311	0.0331623138321176
0.0122358844193064	0.0132332777507325	0.00236156488632274	0.00535810417493293	-0.0130504688587597	0.00935819559151369
0.0200457475292689	-0.0040400518357821	-0.00147325067506152	-5.98293377376043e-06	0.0197093274773128	-0.0241880692797616
0.0139022523576866	0.0060845882921991	-0.0137250556943405	0.0118331525101776	0.00147677971409442	-0.00612780690357608
0.0138443853091029	0.0138616022850289	0.00392858957343461	0.0178482915764103	0.0124518580144961	-0.00304024746543756
0.0144544668267614	-0.00814721322774953	0.00556770347875499	0.00513332177992303	0.0179873417529904	-0.000400892041188306
0.0124717602985574	0.00610367284717024	-0.0238734539544249	0.00709691694351167	0.0055964831654066	-0.00016171258466705
0.0148046027608745	0.005950102673318	-0.00277802709569409	-0.000429721455472831	-0.0028734525692489	-0.00354424405116787
0.0134839993699798	-0.00564286459329177	-0.0325806427521528	0.0126413536632964	0.0109112542642253	-0.00392318761782621
0.0128022794008765	0.00338261210243208	-0.00596919898774979	0.00342484924800669	-1.83516104950636e-05	-0.00336275325793944
0.00997216711878873	0.0118877939007439	0.0144594944276328	0.00453232774361205	-0.0138584931265959	0.00961148208947745
0.0061031803970842	0.0104731593244962	0.00980188167962699	0.00404389919594682	-0.012248810512586	0.00743568726765553
0.012582127963144	0.0121083434460119	0.0125225383734728	0.00567910757998616	0.0091284895220818	-0.00522308567919621
0.0111661837614237	0.0117097533322335	0.0199809409023888	0.00634324664363994	0.00906187524624789	-0.0134096663419463
0.0129029658067479	-0.002910672380413	-0.00778026802915249	0.0147424426870846	-0.00197448024609547	0.00366978524530039
0.0132911968468773	0.0056191100191739	0.00440411272525581	-0.00169887981299824	0.00100118607088015	-0.000575927130872474
0.0143842798298318	-0.0038863613241273	0.00362758373364347	0.00329426037820137	0.0180893429536917	-0.00769445495328106
0.0136020799209203	0.000896206823756713	-0.00299660527606263	-0.00440377325058166	0.00852160274374351	0.00404608490170529
0.0125531168674952	-0.00100281484170182	-0.00662216997668806	-0.00174606998832351	0.00391536101412667	0.00129031136813156
0.0114007724897752	-0.00682439515575678	0.00601711094404833	0.00595050545440204	-0.0115428741701137	-0.00169497766312244
0.0136809047798738	-0.00672850493858203	-0.0142011602156994	0.0149934462681761	0.0126778865199044	0.00451565696437157
0.011081731718903	-0.0181961840823115	-0.000107790354316145	-0.0173521665084926	-0.00793883184994281	0.0117321499593036
0.014758593813211	-0.0428570386474813	0.0170700011318085	0.00204963328669998	0.00316895228358257	-0.0103475785052228
0.0153716660912206	-0.00760111940938912	-0.00574005780518501	-0.000111551841616347	-0.00896457023081832	-0.00121880941979653
0.0151473378798503	-0.0125177418869905	-0.026729571458724	0.0128613932238571	-0.00750465705239058	-0.00518044117518079
0.0122975517217352	-0.00572506366957447	-0.0329668901754239	0.0192036636641326	0.00621600725473921	-0.00685918859127996
0.0123088708091676	0.0169409452008108	0.0160546245937492	0.00213980093812253	0.0012884956791959	-0.00854228338568499
0.0127909915464492	0.00442884025815975	0.00828402247019031	0.00121076572130538	-0.000283814425185905	0.00563248908233374
0.0116049701427472	7.19802042741134e-05	-0.0262834272524615	0.0129770016132424	0.0163786667160573	0.00534354441754329
0.0112808017210614	-0.00316686933425954	-0.0144154865413012	0.0137259057080608	-0.0153046476194279	-0.00549592742568028
0	0	0	0	0	0
0.0146404054308407	-0.000755250872626965	-0.00495595318921577	0.0161395902588237	-0.00657631561781423	-0.0142478618718369
0.0146937591215097	0.013429971950075	-0.0293030555831187	-0.00559604143423841	0.00507699021705581	0.0187038794690706
0.0127470213962824	-0.00563138496409871	-0.0199005770497293	0.00118312711885411	-0.00187159003471342	0.0126520196461727
0.0121400271931191	0.00879888058624471	0.00698917586039481	0.0151630633399898	-0.0154940872883669	-0.00417757000670258
0.0121476841672565	-0.00141781671107994	0.00111933472636195	-0.00723523760513176	0.000994971631068769	0.00454586812402163
0.011704479545917	0.00419703253306295	-0.0062298562076891	0.00176563793059252	0.00895337660678455	-0.00262435498335946
0.011998031855591	-0.00150611648739265	-0.0046279049611671	-0.000867479179271804	-0.0183840442922033	0.0013737161935585
0.017901950154963	0.0285718573586493	-0.00571550408039092	0.0104559979415557	0.0206260393657668	0.0445497628279635
0.0054364314914047	0.0132417445749451	-0.0135469534220561	-0.00349944683450317	-0.0141620922319952	0.00209772090177386
0.0145487451113488	0.00666460730940324	-0.000931040260742359	0.00305380810067947	-0.0029140546945414	-0.00956105331878333
0.0138395035949958	0.00531606205176341	-0.0040627659595337	0.00650351315853368	-0.00878090783475926	-0.00236627820416536
0.0133363803573453	0.0332956508166098	0.0282521870784051	-0.0107843407598153	0.0103649478726562	-0.00680832441939087
0.00326174104927289	0.0166173846293834	0.0294876338090126	-0.00419193094295005	0.00812537002562851	0.0356709951349428
0.0114173452944684	0.022137290741103	0.0173121942819808	-0.00877859037013119	-0.00564835766408976	-0.00490675240288452
0	0	0	0	0	0
0.0140394189082829	0.00405298267024745	0.00510707982073536	0.0111638303879237	-0.00234574772732369	-0.00129987283528962
0.017081700696682	-0.00982649866172384	-0.0030825550841689	0.013412098985372	0.0017383069845643	0.00427925468467057
0.0149454175821432	0.00304845831664934	-0.00718473296839337	-0.00428179606519827	-0.000684634739431525	-0.0248036514668285
0.0175203372980136	0.00966183933271129	-0.00291182893840288	-0.00908615332249499	0.00571106157652957	-0.0132575420030594
0.0114618287173607	-0.00239020600872156	-0.00585837209703286	-0.00435832850883365	0.00105113102330202	-0.00510493506776184
0.0117640819812612	-0.00947148992122849	0.00620508416708494	0.0150079067462789	-0.00432388243759067	0.00908671126569103
0.0124640946215151	-0.00811837432762386	-0.00215117117487599	-0.0131553282989334	-0.0109168963566872	0.00606176440272977
0.00907956235974629	0.00349248611951035	-0.00504221752127174	-0.00285524031599158	0.00415730448947587	-0.00285475297400052
0.0100220714192288	0.00465025475129255	0.011675692093742	-0.0015694801073242	0.00218877419757793	0.00846914978815374
0.010284620569461	-0.00201432557616708	0.00982167520603514	0.00221655184256244	0.000975767255147348	9.05170347768928e-05
0.0109917323763509	0.00596251397019524	0.00129066771156753	-0.00492251664843415	0.0117045799652259	-0.00446580502321029
0.00820383849796934	0.00489552649986868	0.00750348576851525	-0.00555381974550759	0.0183993932033788	0.00288167521488932
0.0132157221089533	-0.00456243291310989	0.0471690790793425	-0.00477237636832476	-0.0177907933648268	-0.0520349951858877
0.0099933941055473	-0.00868325292252852	0.00629298257655546	-0.0131895852956835	0.0105129000707517	0.00922224410511177
0.0100400673080027	-0.00763853375077577	0.00825740427426339	-0.0163292050050603	0.0135374706574741	0.0108517709671543
0.000212803786679625	-0.00311036965768416	-0.00453723514633151	0.012819694172311	-0.000442560534335007	0.000830037611582994
0	0	0	0	0	0
0.00553369473989539	-0.00169073438309118	-0.0452532010469647	-0.0184975414469667	0.0485464435948494	0.0278647444455616
0.00871062016894629	-0.0111491457539055	-0.0301417806207378	-0.00513995768807783	0.0209757219575231	-0.00815842941122649
0	0	0	0	0	0
0.00686288140760542	0.013168358111973	-0.012753888076889	-0.00148716538895873	0.00364068713524149	0.0069716346257744
0.00252288805297635	0.0106070486772384	-0.000744104440429343	0.0135894143626034	-0.0126555274444965	-0.0379412796678477
0	0	0	0	0	0
0.000185592657132513	-0.00149151526924723	0.00511252479140532	-0.010681862821769	0.00819377444277973	0.0124235135587437
0.00267567543554376	-0.000356363770727345	-0.00335308916064709	-0.00459122288521486	-0.022748436000856	-0.00549986263973522
0	0	0	0	0	0
8.04351657386086e-05	-0.0012672328260643	0.00190559658275173	-0.0041625840606598	-0.00258681027412997	-0.00293238623825907
0	0	0	0	0	0
9.89179475803053e-05	0.000556975398571893	0.00331204635567507	0.000695516827512936	0.00930971274793134	0.00655670798032576
0.00499773413032771	0.00547235719390045	-0.00701190300089152	0.00855666687250487	0.0104423849914716	0.0347573238731599
0.000214186687487123	-0.00524682345213785	-0.00437629103011243	0.0194495708595229	-0.000754891919275414	0.0211207035927294
0	0	0	0	0	0
0.00763596933175595	-0.00912247138179938	0.00311362214159293	0.00686885311122039	0.0229694504413176	-0.0020699581127413
0.00801298705577497	-0.00175299280291221	-0.0263048711357644	0.0158466422253086	-0.0136340488750531	-0.0206400883352426
0.0128993868217215	-0.0227547556165115	-0.00504248098418733	0.0301435445883961	-0.0269068222650072	-0.0116373784605751
0.0108220560240846	-0.0231241859214754	-0.00578164300333936	0.0236218841945538	-0.0246947757948448	0.000239605175828139
0.00532266860651685	0.00182780303598658	-0.00930945340819321	-0.00771265093221968	-0.00432236236386513	0.00637939835698849
0.00944999204592257	-0.0039320724324323	-0.00290790268305987	0.00200993796303009	-0.0115718065364563	-0.00370934297974183
0.00941912492177872	0.00161765469916162	-0.0267393167997219	0.0137746134595864	0.00373879746720313	0.0176428503140128
0.0114586980134784	0.00411333670371307	0.0238698505665088	0.0126871525533705	0.0218680301010935	0.00803568159277785
0.00789916785957266	-0.0115469523858719	0.00222201877085191	0.00935320066833897	-0.00283756798177554	-0.0107820228687079
0.0124092828128582	-0.0128474425765466	0.00885326378031098	0.00795906211267743	-0.00244297476176967	-0.0104405573348505
0.0120567494738348	0.00880795612835765	-0.00203018412485517	0.016409813595523	0.0221751489437758	-0.00748119304617448
0.0127012482891669	0.0171083975344187	-0.0118587047750472	0.0149901750122533	0.0124488362923087	-0.00377608923312917
0.0136722806162481	0.00730706923660976	0.000559226299560377	-0.00404792316537611	0.00371682196322587	0.00305217809121799
0.0120178012115866	-0.00720706471354277	0.00459302817757907	6.97656513746174e-05	0.00651500639452027	0.011187772460065
0.0108447148089939	-0.012570336164941	-0.00798916818977891	0.00383291127162526	-0.00919475214546291	-0.00754418534373607
0.0122751367792251	0.00327860165476006	0.000471143614153877	-0.00450949928591222	0.00450979133770643	-0.0019597136856615
0.0109080722081594	0.0024199269666163	-0.000999323087788022	0.00105640318932042	-0.00371644670048505	0.000858440700350998
0.0060440299373054	0.00329193740252518	-0.00482896976698952	-0.00268758414632837	-0.0100156115837339	0.00074277502131515
0.0125188504780922	0.00635856513000285	-0.0148772539848239	-0.00142455709194995	-0.00912015544159687	0.000925794159647533
0.0165532355647651	0.0318629074229301	0.00875315220759514	-0.0184935703281438	0.0178110596926664	-0.00365238362460167
9.12376628367421e-05	-0.000422981950708437	0.00257559733831107	-0.00430232751611409	0.00576152762896327	0.00766027910990872
0.00940973100377741	-0.0175676898826663	0.00274499523032366	0.00152507481893015	0.0327520664758052	-0.0112362183601305
0.0128503933355326	0.0227938847901354	0.0216782514204397	0.0186712925563714	0.0150226705091865	-0.00387682730578245
0.0134453928986388	0.00935495954320715	0.00339507264366459	1.00075107863064e-05	0.00456644743496587	0.00445417601673476
0	0	0	0	0	0
0.0133368345688803	-0.0060611230082976	-0.0145877625284644	0.000326507646698067	-0.00279619322524508	0.00806960842181348
0.00116389979359721	0.00540823241916846	0.010819039313069	-0.00732127042791583	-0.00625630487723268	-0.0275584220630397
0.00968781312644138	0.0115848421535833	0.00392147525410306	-0.00850095956563142	-0.0274228106037814	0.00327895888192853
0.0109754386256679	0.00996525586619329	0.00461671366144115	0.00434992719745867	0.00421881071485588	-0.00495140091097322
0.0134395147253495	0.00688242285604325	-0.00459866990330015	0.00137079734301543	-0.00403214082170117	-0.000834529037855409
0.0146306363489472	0.014286376968101	0.0153476532642143	-0.0191404742851885	-0.0172224353917521	-0.0111452662556744
0.0159217865290153	0.0240642313365026	0.00140827853163121	-0.0155246584677976	-0.0101404907439712	-0.00646176602224594
0.00448580600306082	0.00678012980316527	0.0168139131942075	-0.00470020240958121	-0.0140924666646109	0.000807265729442579
0.0116340857929955	0.0111519984128842	0.00380773357312733	-0.0165654608556246	-0.0198785322822173	-0.0159312059403236
0.012858871480895	0.00963156414833259	-0.0251314123698344	-0.0134730622950705	0.00909734132624402	-0.00286895147752301
0.0148633766847667	0.00204954023850806	0.00470302468986018	0.00996342018235686	0.00125140318649023	0.0104835987325492
0.0115869440010661	-0.0160524661601131	0.00465285598685943	-0.0095161222918027	0.0168072904546235	0.00270838188638519
0.0126087081874206	-0.000578960622243918	-0.00639301386559805	-0.0029053990115797	-0.010275144473624	-0.00263885505585266
0.0141023356627566	0.00474736444701996	-0.00762343613020658	0.00999798318141865	-0.00438336536205298	-0.00539039295484296
0.000443613539894254	0.00162931116799186	-0.00177905465700536	0.0134366705217151	-0.00260239569970176	0.0368682867475963
0.0112529157386455	0.00772654940592718	-0.0192449705814504	-0.0201108348221309	-0.00340008124752659	0.00572239280278793
0.0131669798158029	-0.00621569571921022	-0.0284134180165664	0.00927680033410746	0.0205346639171644	-0.00584269285527462
0.0117346339396516	0.00556295277929529	0.00138963719230441	-0.0010581381665058	-0.0110831390428027	-0.00625699100676244
0.0140140334178265	-0.00304656449862135	0.00571183019293037	-0.00242812653607856	-0.00340824982905992	0.000296470266696625
0.016214739273828	0.0199588070380965	0.00406724276154266	-0.0169963255953492	-0.0124280513091798	-0.0073109924277664
0.01413798566601	0.00138175202789687	-0.00337728550384208	0.00412223346863413	0.00688012725901268	-0.00301831747274248
0.00047430039886723	-0.00181572159553349	0.00374843689561363	-0.00518074384037358	0.0212818558511408	0.0328782272204769
0.0158475616865025	0.0064545762260445	0.00145278193905002	0.0131460174332899	-0.00617610886657024	-0.000406974966363361
0.0130487778203215	-0.00329914313539564	-0.0105655562693071	-0.0208490213492535	0.0126539288928269	-0.00618739067125194
0.0141597953469416	-0.00621252785579616	0.00164533788636406	-0.0116890281432228	0.0222111906705314	0.0169487248004681
0.0129114740387636	0.0101217620975912	-0.00495383743864711	0.0178163302604618	-0.00355490774058885	-0.00029105296974006
0.00643479406053078	-0.00796777305796411	0.0114652815250014	0.0111625654591763	-0.0237189726196972	0.00069674136753969
0.00577913815620231	0.0052565755730866	-0.00620187910173484	0.0133737187378942	-0.012006523247999	-0.019659092687411
0.0133142350893506	0.00888278851154654	-0.00557436249375725	0.00352905452000835	0.00275630247850535	-0.0140822223881535
0.0166670857046027	-0.00509579735755493	-0.00538238643696067	0.00513118718850129	0.0155326908097164	-0.0126228469812559
0.0116782276685889	-0.0101956041444172	-0.0160018126620995	0.00452818644198627	-0.0205232860734645	-0.011665404435139
0.0127552027377831	-0.0019073087749931	0.000835398208669785	-0.00385122508148545	-0.00342326450254746	0.000977989404276024
0.0114896684667931	-0.0286482119120349	-0.00743703612344162	-0.0396220764400901	-0.000303772498386324	0.0145612506036454
0.0124621034887134	-0.031887282280093	0.00366651549111155	-0.0264356922990261	0.0161438068808746	0.0157230202431891
0.0114536430993747	0.0079262936209075	0.00897121088426664	-0.0025074878838946	0.00352548330964931	0.000478252444979119
0.000107667095287152	0.00312167633814495	0.0041292019344585	0.0130759808792264	0.00523701630449759	-0.00829959027996478
0.010594743698521	-0.028534898417949	0.006461612062863	-0.0218483762884656	0.00505367070332034	0.00763919570861681
0.00767933357907818	-0.0062926613115103	0.00920790616707555	0.0018104368254427	-0.00866546768412144	0.0103725548517538
0.0185851203788814	0.00876901202429286	0.0239713014711714	-0.026002548478394	-0.0205402155395531	-0.00768555726517203
0.0142788393055071	0.0172913619457992	-0.034360909796676	0.0402331875067072	0.0122320175777761	-0.0198738678110585
0.0135955846843504	0.0192604285367958	-0.0116018247289445	-0.0171884829923825	0.00380469521105116	-0.00320859772865488
0.009646882162912	0.00557404279339443	-0.000872100131362182	0.00683364985384348	-0.00323800471585888	0.00182281731151258
0.0139400484286825	0.0052389377125471	0.000736420287848922	0.00130857006704506	-0.0035577154591697	0.00356331100715512
0.0134247217809353	-0.0113668356127742	-0.00312354575621944	-0.0116580480998548	-0.00634444972087457	0.00994185664376629
0.0136684960481393	-0.00500337121531266	0.00625092111816205	-0.0090662956908669	0.00926610472013191	0.000469465965044138
0.0183059682344422	-0.0260223301887056	0.00897027984539172	0.033061614782095	0.00749244586575903	-0.0840568727477577
0.00529655562894995	-0.00607449937514218	-0.00414725415865946	-0.0011328075306326	-0.0187910733742394	-0.00131854812153246
0.0124201220163586	-0.00900054834864646	0.00185159626589491	0.00648573772686839	-0.0170190427699144	-0.00613590098608494
0.000858969230688858	0.00678650304422681	0.00953062937337696	-0.000718487106875569	0.00804995297230275	-0.00208268248377425
0.0121537038587118	-0.00135975385492382	0.00430370691049273	-0.00447883655810879	-0.000472815027502189	0.00188816989820831
0.00312244976769765	0.00699549564999283	-0.0138853566982853	0.0208962274179346	-0.0317128660192208	-0.0117995107994847
0.00349191751920719	-0.000932303246640231	-0.00527727944731899	0.0044218973570361	-0.0159204164468524	-0.00689380934815765
0.0130722942653949	0.0273445252181968	0.0193927133672742	-0.010602140554622	-0.00551512772229075	-0.00726991521496919
0.0118570651465938	-0.000158559690268718	0.000353223816230169	-0.00353608074222193	-0.00142695831531036	0.00165455388568937
0.0129870215498534	-0.00299608730147925	0.00216801332720339	-0.00314678761468013	-0.00256293993102096	0.00280579451131279
0.0128728140190449	0.00622221387988798	0.00534409891702842	0.00859353478339645	0.00353193049960692	-0.00441691798541688
0.0117013407242308	-0.0324262713902033	0.0128407243269322	-0.0362208463576699	-0.00943210026604204	0.0113181174048667
0.0141703526708189	0.00133689190301678	-0.0203402111531149	0.00850219196539484	-0.00587502781919281	-0.00261264645447865
0.00666987936822156	-0.00530030475224001	-0.00843625614016857	-0.00614132363885956	-0.0229729570263553	0.015606287674642
0.0144036856419549	-0.0213563349298979	0.00418442237309949	-0.0168054832778121	-0.00466385288904252	0.00703946494668999
0.015142758198105	-0.00194241844290417	-0.00406651768343085	0.00350715337931164	-0.0142625775320374	0.00339820070803347
0.0121659443478257	0.00429231476244443	0.00243465677791957	-0.000765555295468653	0.00483900858726514	0.0115380712797257
0.0136914513827079	0.0109785829492724	0.00522776397864207	0.00689815725968018	-0.0150430756631107	0.00148450518834692
0.0126327664495034	-0.0193988072236247	-0.00470379090597438	-0.0143087679423161	0.0156637025752009	-0.00481005252817766
0.0034484849830744	-0.00690073903939219	0.000800523492660805	0.0100173919368455	-0.0130465510987126	0.0131508269914138
0.0160952300524988	0.0173893577579116	0.000329902601090683	-0.0125684885262131	-0.0150071735385035	-0.00183065861444212
0.00391888911108971	0.0067136756613725	0.0108073468478844	0.0272152519085879	-0.00561940974268768	0.0280366359357184
0.0129182166633472	0.00862368380066101	-0.0039448785728935	0.00714855955237032	-0.00195918893276864	0.00108411220514847
0.0153647704954985	-0.00241965226028273	-0.0260903618885621	0.00861697163610612	-0.0201101121842245	0.00463254896448785
0.0120670567310961	0.0145518114082393	-0.00509782035448445	0.0189305884091042	0.00543491441390292	0.00185631374489784
0.0115889274182292	-0.0200921383129704	0.00362047301336075	-0.0188163899926426	-0.0139182662741702	0.00393078628832724
0.0124295928914302	-0.00815175015335693	-0.0162882376591471	-0.00299457594498507	-0.000133670560087537	0.00789470430401198
0.017945671741767	0.00847570050476111	0.00275580777595553	0.00624048634684378	0.00368093500801745	-0.00873664778463057
0.0138544990753206	0.00811332913790081	0.00336496715813101	0.00357870739626964	0.000510909256129268	0.00804685944689799
0.0133520201771079	0.00415973139882901	0.0001522947789908	-0.0033508650539177	0.00453705180974424	0.0052386106995034
0.00685088185948125	0.00342762244151481	0.00252456830139602	-0.00717842448360816	-0.0039919284142811	-0.00104975899617767
0.0110727614825508	-0.00584686317650045	-0.0023088774368948	0.0045200527727688	-0.00534506468020424	-0.010083385990152
0.0116266112999551	0.00473576128125236	0.00731106783486603	-0.00545220093917372	0.00358046467606718	-0.00631501709013954
0.01134764968393	-0.00176306509830533	0.00506586894154687	0.00726796288908235	-0.000245377827440033	-0.00652864179273051
0.0127714353693315	0.0143002143024102	0.00910599868260809	0.0112061466161362	-0.00496380029256509	-0.00708975621805987
0.0138597077704221	0.00270490399076847	-0.0108721494747846	0.00230898191456702	-0.0102481468279242	-0.00393585465519124
0.0157219707953674	-0.00121831624767322	0.000328492611320587	-0.00906218414120552	-0.0054372383515323	-0.000839870387441928
0.0124484930182382	0.030461729541616	0.020983053086105	-0.00455906591493083	-0.00428220789616131	0.00265380198911358
0.013344903647545	0.00219744897975753	-0.00307341857485185	0.00976394048703426	-0.00253051555876388	-0.00311724722589137
0.0040231134001858	0.00200197356294075	-0.0075555854466758	0.00757206999950114	0.00439440609731673	0.0125907058598105
0.00321037401669972	0.00225491258766743	-0.00844364912746823	0.00530310162626676	0.00874392198156798	-0.00241736534821759
0.00871402306619562	0.00617139039987843	-0.0183925981917859	0.00895133321078024	0.00812129798346085	-0.0172851638879565
0.0137241749004253	-0.00485806518208421	-0.000292060495435338	-0.00316591587412524	-0.00362724928336024	-0.00238916113707496
0.0135118844480688	0.0103462162389461	0.0259432875036838	0.0285264908639251	-0.0070238519391484	0.0326918143214499
0.0134458386473032	0.0052995017264198	-0.00583341098604989	-0.0258606626250138	0.00614500187890236	-0.00278807369031635
0	0	0	0	0	0
0	0	0	0	0	0
0.000107667095287152	0.00312167633814495	0.0041292019344585	0.0130759808792264	0.00523701630449759	-0.00829959027996478
0.00108318133182561	-0.0101393695823633	0.00109708870473159	-0.00857362139461528	0.00860668949374176	0.0350806483369087
0.0143494467951808	-0.00444027368276625	-0.0152395291004028	9.6356165994588e-05	0.00138139143405872	0.00455140721141973
0.0158961984118525	0.0055667299731813	0.00454794841114615	0.00210889607994771	0.00058084222116281	-0.00405014536158227
0.0131803245610818	0.0128873851854314	0.00366560009078501	0.00462620061369517	0.00694777926639977	0.00460025376650815
0.0141119656463046	0.0270324648675038	0.0233457835497731	0.00508582675800196	0.0056198866553277	-0.00422437368820466
0.00960855345130093	0.0106159767771863	-0.0154597664913953	0.0199007266330825	0.0159962232699855	0.0221993668822504
0.00921918513979053	0.0144989976693135	-0.0216063498389728	0.0250559339843841	0.0133538118486659	0.0268958320935621
0.00934283954773332	-0.0148669106396636	-0.00716228115895417	-0.00588168235174285	-0.0190095105391718	-0.0117009742878317
0.00987080819200256	-0.00666020322523964	-0.0137502849006786	-0.0014772853788569	-0.0254323421051231	-0.0113158331120949
0.0133268440752669	0.00437696468360604	-0.0238023252871613	0.0175518345372554	-0.000939519044702203	0.00839628759539727
0.00399933783424312	-0.000519720625912506	-0.00581721732210826	0.000796026530238724	-0.00154209423849879	-0.0292951452260174
0.0140654706487223	-0.00456556385265427	-0.00883193275301256	-0.0182045315842533	-0.0016235786968995	0.00890524019466949
0.0134320005298881	-0.000710220152408811	-0.019631804726837	-0.00784864927422627	0.00961088306783296	0.00476248142205882
0.000841606884782836	0.00340923881781275	-0.00101445686180903	0.0103044062615096	-0.00857681327622428	0.0044698384780154
0.014937453923909	0.00855854748356371	0.00772075205506022	-0.020701544574006	0.0123314595140706	-0.0020708102044544
0.0127101361190139	-0.00404533369365574	-0.00134096295890758	0.00597871973518586	-0.00217289964458392	0.00187049766721702
0.0123302446340763	-0.00489054984894308	-0.00262543816303075	-0.00955597012617304	0.00336635600711373	-0.000956803255944765
0.0139753742927854	0.0152462631813349	0.0151561092009325	0.00573052860871198	0.0041956635384279	0.00821936097351308
0.0130880615007493	0.00021012964218114	-0.00863186865809492	-0.00263180332246435	-0.00338082313428995	-0.00795321233913269
0.0133715236290266	-0.00077886809411002	-0.0364286737333479	0.0130348240869405	0.00697210928559742	0.00842023087110373
0.0126415183747504	0.00443336949161946	0.000164580609880833	-0.0109073034438828	0.0120947500356621	0.00328247982448379
0.0139257256943827	-0.00483726139788846	0.000393511319943695	-0.00783927148574217	0.00137211341389145	-0.00217804747868006
0.013411403700122	-0.00215699806259349	-0.00411437529980197	-0.000897780300738724	-0.00274973709733801	0.00395810341683296
0.0132515846113492	-0.00378377799326411	-0.0135341709355379	0.00262270471120638	0.0139192358022815	-0.0218851124760352
0.0130639069039023	0.00242960341612693	-0.00946715904440298	-0.0110316163390784	-0.000562515906491379	-0.00355461430684926
0.0126814554103413	0.00651941177402919	-0.00145428598255533	-0.00392803703619355	-0.0089318856797614	0.000975477746616073
0.0132087981551663	-0.0235990992619357	0.00855509703662503	-0.00668197801378304	-0.00535141253585404	-0.00586581942456054
0.0157572702710816	0.00855593103258368	0.0033878148283764	-0.00721718983182659	-0.00915803126922091	-0.00772346181726545
0.0126896924560725	0.0108498248119479	0.00506067026684983	0.000985255838427121	0.00084608227604583	0.00225191351616841
0.00506887198967864	0.00990681434865862	0.00923097229925736	-0.000429885524636285	0.00506985168576842	0.0164684888815789
0.0131287889479363	0.00271195124094395	-0.00211510009663592	-0.00751376660549811	-0.00384150571658132	0.00446595276931001
0.0133205678880187	-0.00273900505140966	0.0161267602538567	0.0122559823234603	0.00449376833220167	0.00961454265225478
0.0109584904520398	-0.00493220774783378	0.00915607658066304	0.00972916423775084	0.0098152924505953	-0.00649080085487858
0.0140464025246773	-0.0112048904115171	3.46681143114287e-05	-0.0171781369475052	0.00201789193631059	0.00780288593977966
0.0146192986500436	-0.00138126497741288	6.50262362768589e-05	0.00857166820905692	0.00210423825054692	-0.00978366857757897
0.0155188527655632	0.0144696926641378	-0.000111308119065737	-0.000706760355938576	0.00903242331712365	-0.00545092879559064
0.0166083596758682	0.0118024149322826	-0.010902853535334	-0.00442484534584394	-0.0250411286958231	0.0040749967447372
0.014278274088409	-0.00264252562245413	0.007261600481159	-0.00176672595303915	-0.0161036571592935	-0.00700463102371669
0.00769942330297851	0.00204803528086109	-0.00623111126347731	0.00584543045697361	-0.0142105387441707	0.00229642863450124
0.00992371713118718	-0.00429496819077449	-0.0103235124542571	0.00349157017991515	-0.0228384596475085	-0.00327164931367923
0	0	0	0	0	0
0.0142884662268065	0.00899313251402217	0.00246953428744179	0.00956361672396967	-0.000491189908251609	-0.00679883426478013
0.00538954166148739	0.00618664878249621	0.0032521276466405	0.0204271252119796	0.00422529273709334	0.0168151682480514
0.0148010055122022	0.00091633243796143	-0.0191408580873471	-0.0226744517967672	0.0131058944254553	0.0137849148502871
0.0125697940672796	0.00739564794885965	-0.0107602414794413	-0.0145154331341049	-0.00463280174280455	-0.00466440552708894
0.0119272944279005	0.00577361892743285	-0.0019721137511194	-0.00389020508611984	-0.00519498948951167	-0.000401159422993677
0.0129534595492568	0.00328661705810656	0.000522192311562134	-0.00371395910213058	0.00190183275630733	-0.00371711333396803
0.0126174120609895	-0.0122421789282958	-0.00475072753517977	-0.0222887325401299	0.00550914294062427	0.0128855910655673
0.0125474899801647	0.0216208420594285	0.018782353778797	0.00715050011931869	0.0015513171332903	-0.00141968018456019
0.0143452791677501	-0.014814331903495	-0.0050195890488056	-0.0055144494867978	0.0130935517360631	-0.011742516509255
0.00707026647127442	-0.0219350956415263	-0.0194947020993262	0.00171628732189599	-0.0006447185874213	-0.0180904284397067
0.0129361566044132	-0.0217538848753685	-0.0168686264194817	0.000964268877302007	0.0209055738702211	-0.01936894077296
0.00823206833999759	0.000503773891603787	-0.000224178847169302	0.0123688058439837	-0.00715510630794949	-0.010170266559204
0.000655585594973242	-0.00587305363258219	-0.00411410241768834	-0.00317328625119059	0.00103630234501366	-0.00560685224982542
0.0136737364320582	-0.00488788119857196	-0.0348778888929214	0.0206972765736926	0.00879503773098025	-0.00824032025247749
0.0129480527998809	-0.0112116217569131	-0.0310550517362115	0.0157985432939379	0.00473132597993043	-0.0102518716238771
0.0125158778847272	0.00129184436129249	-0.00560954895018025	0.000616914766093562	0.0114184730558712	-0.00777866945280476
0.0136920933272183	0.00836962644914956	0.00333424195219971	-0.00171054930449337	-0.000629863862560885	-0.00114627968483276
0.0147769240809303	0.00311013330976768	-0.00296430928742254	-0.00893863140763682	0.0269733645016886	-0.0169961439795189
0.0114286983135318	-0.0110251336416167	-0.00729709739973897	-0.0167576721915041	-0.0112643592223433	-0.0010197035425349
0.0108814769858206	0.00390615090395784	-0.00113088849360096	0.0106662141801012	0.00205793555585667	0.000880806104415924
0.0143679533229922	-0.0227351142402727	-0.000640070485701248	-0.0235178218374984	-0.001122340274331	0.00960964148379344
0.0119717240382474	-0.00116674753987784	0.00438400411373628	-0.00578646658801863	0.00373151671147749	0.00090604111338574
0.0146786771113865	-0.00795647405228634	-0.00781409310932899	0.00358351628773377	-0.00570235154779461	-8.98096849325913e-07
0.0141843379411791	0.00425804044452229	-0.0112091015293906	0.0094306596657054	0.00269383151014402	0.0118613827468501
0.0134483993024468	-0.00783700484207208	-0.00465765734913967	-0.00909600924061594	0.000532297951364982	-0.00221714173953327
0.00282225435745919	-0.0228282286490616	-0.00896093911428007	0.0179090551429586	-0.0217737541248743	-0.00664513848452045
0.0177924419388123	-0.0256045844315461	0.0115328060151074	0.0110578628977255	0.0524035144467318	-0.00404273950793064
0.0113736590795384	-0.0065940115998799	-0.00744333417460014	0.0230268465362325	-0.0190006089846411	-0.0201792975036489
0.0138653718924306	0.0273313959515211	0.0218238478958484	-0.00633673945096518	0.00314361554746458	-0.00178387146593699
0.0129582692389269	-0.00310461577790158	-0.00108555012664493	-0.00231921534354309	-0.00556486625870663	-0.000339762522685541
0.015940641416902	-0.0224957432303148	0.0141557404578155	0.00610295493071956	-0.00633106823407964	-0.00334790436425333
0.00273143424695844	-0.00430270975962002	9.36737713003351e-05	-0.0129146608883024	-0.0124677093891652	0.0221273673439082
0.00137133756836314	-0.00903446718191457	0.000200223323399426	0.021229971799801	-0.00310565153246307	0.00313621991006245
0.0124768102362805	-0.00042681639865032	0.00633971551462279	-0.00206400069132528	0.00741205685275231	0.00985722351572652
0.0128984017322015	-0.00072442493653764	-0.0222885438955111	0.00972792641316393	0.0119246186751248	0.00660851672701472
0.00019976565801333	-0.00213424987429541	-0.00390999328340911	0.00510083436425014	-0.00267743030628773	0.00844289399964327
0	0	0	0	0	0
0	0	0	0	0	0
0.013586920021461	-0.0269305018448177	0.0462710812385247	-0.00276720569738781	0.0258336431084601	-0.0220620322783656
0.0130741598902821	0.000440547076123086	0.0119449762946325	0.00424058031998749	-0.000851337006023928	-0.00512688424278859
0.00673044472988757	-0.00745191263645614	0.00777367991920122	0.0228063317019891	0.00169728908827111	-0.000768845264831633
0.0146782778312816	-0.00840378672615088	-0.00185415281349343	-0.0033177530436156	0.00717764695434852	0.00353859398264798
0.0142812621419937	0.0030282447362516	0.00474862176636213	0.00549875447951587	-0.000247245716250305	-0.00180954069154986
0.0144908081779377	0.00723200505261207	0.00443088344136344	0.00166124136044659	0.00245389253114621	0.00165690952793764
0	0	0	0	0	0
0.000100722511006604	0.000139576143103393	-0.00273216011530412	0.00294729263736574	0.00316278490866145	-0.00700275834389965
0.00971303300797132	0.0105455540923322	0.00877289867060948	0.0161220744670641	0.0131521907743139	0.0151167673095278
0.0104771561834909	-0.00738978725987408	0.00428363983928689	0.00137319478383793	-0.0023884063037478	0.000782552740690758
0.0011820627242475	0.00504733176702762	-0.0106586327853037	0.0276830655152387	-0.0232258360825366	0.0190182758588018
0.0141533329434504	-0.0122932762561564	-0.00106401682020335	-0.01739386331556	0.000923933836680617	0.00347669663121866
0.009269542068808	0.00784363379838968	-0.00635835388790301	-0.0119305398068414	-0.0164304841384439	0.00133940229041259
0.0171149403178462	-0.00748409657074429	0.00227852726093017	-0.0304875477133082	0.0178372896147387	-0.00804955627276116
0.0128859737654647	0.0249133886951519	0.0304393609862151	-0.000847487580710383	-0.0103583626369427	-0.00679073988543297
0.00182844290289186	-0.00737176692577082	0.00334185449909667	-0.00211748514354315	0.0209910546727927	-0.00245228057691346
0.0122644363979979	-0.00129296301968369	-0.00259441745211879	-0.00142218777315031	0.00898420935563658	-0.00681980505261976
0.012339208865243	-0.000901922666792321	-0.000724810280983921	0.00164612544890768	0.00159256696468604	-0.0109061859909015
0.0131001533615409	-0.000347014036909482	0.000209592992216568	0.00596194880091472	0.00893066012116164	-0.00880873966103165
0.000952077304485258	-0.00490494453873809	-0.0104760439153217	0.00904541154866712	0.00597513748992296	-0.0167348513432657
0.00356591668142114	-0.00816485852692308	-0.00811209732216791	0.00145925631758198	-0.025237891404014	-0.0275067983537446
0.00388642997383645	-0.0100052465216665	0.00908417051731161	0.00332243443713815	-0.0229750769788859	0.00515812716199358
0.0164379101382181	-0.00374248306908206	0.0149831959305174	-0.0018944807897967	0.0106334012087834	0.00678442851006388
0	0	0	0	0	0
0.0103098804649022	0.0122906591779211	0.0108524876905286	0.0100282026034129	0.00248990945926519	-0.00610108595524726
0.0123234421144977	0.00448664331328528	0.00274172156988256	0.00410083495141205	-0.00171517205581718	0.003173573003732
9.98332701227601e-05	0.00303057206451213	0.000971868301515757	0.00276992009366297	-0.0172279243286712	0.00924648318435298
0.0119070733473118	-0.00676083241753667	0.00238353574120126	-0.000928552575136249	-0.0154018853378525	0.00974589417014737
0.000752888628649279	-0.00456051340995909	-0.00124871301049161	0.0112629730158947	-0.0313110534895658	0.0272895631511395
0.0148084991991324	-0.0138948824237009	-0.00294974157201534	-0.0116209666896805	0.0102632101782432	0.00430098126411594
0	0	0	0	0	0
0.0119697438211637	0.00755495626901616	-0.00709546251172989	-0.014392622414395	0.00652119557368603	0.00239569458386433
0.01352339253395	-0.00740548384205928	0.00338490568602135	-0.0212256129185307	-0.0136032450696164	0.0130198389916692
0.00329367595108301	-0.0140002320586739	-0.00322058742737019	-0.0318364288466605	-0.0120473007515415	0.00670421916457118
0.0160867857713637	0.00582395544163298	0.00223550002894099	0.00407217743190103	-0.00160505138826616	-0.0015657076300987
0.0131372339810147	-0.00236651608434122	-0.00891969758802761	-0.00136982364346968	-0.00472712001332837	-0.00938106399008562
0.0147150769541787	0.00552559293745077	0.000365823117776188	0.000870228322523645	0.00358087413227725	0.0062592779653113
0.0106623889288472	0.0198898116897456	0.00935106928483558	-0.00165249092371759	-0.00246931576400383	-0.0117848997264948
0	0	0	0	0	0
0.000112081275673021	-0.00324994580078755	-0.00180507503102739	0.0098724015349453	-0.00360534544299646	0.00783279595548264
0.0128762395527237	0.0216394337887236	0.0189915533308966	0.00100513992377622	-0.000941515795805879	0.00493463086942254
0.00849400292393116	0.000101969473386261	0.0039835348316277	0.008249849528571	-0.00646915270074525	0.00521358366092367
0.0159396583722659	0.00158228885333121	0.00513732711169566	-0.000158949191857839	0.00275145590506105	-0.00484687043941431
0.00228640118204852	0.00346355583180961	-0.000542625945950117	-0.0266126383358777	-0.0249389506595324	0.0333707940615922
0	0	0	0	0	0
0.0116567195453924	0.00370670242233443	0.00108460646531674	-0.000984034241981771	-0.00296412355419795	-0.00285819467595439
0.000780653740392908	0.00130981267532165	-0.00356621608816091	0.0110152215676625	0.017379431750889	-0.0199808441678668
0.0145372470479051	-0.0122136034446348	0.00112041417195414	-0.0106196160666739	0.0165414352256635	0.00630819309720795
0.0128970922167074	-0.00505716371376173	-0.00187412268697054	-0.00588056984596728	-0.00950419128253238	0.00639979133135757
0.0119068584121016	-0.008490302325727	-0.00826300729197028	-0.00316364736014629	-0.000428074804526039	0.00445497006509092
0.0154773682257326	0.00371369294899832	-0.0043255709573056	-0.00665109256720843	0.0074821064964365	-0.00315646524936741
0.0157484801382524	-0.00945100140483793	0.00268592427740358	-0.0062310016867328	0.00504844479216944	-0.0176063694185471
0.0144793725075729	-0.00247223509543121	-0.00982093554338863	-0.00196325857067213	0.00308161694076918	-0.00217174931100314
0.0141216120068365	0.0164847616606359	0.0167376974181115	-0.000455992761619383	-0.00668260963789595	0.000638950742105946
0.0126804586102257	0.00628332484851705	0.010945115084276	-0.00062083270224235	-0.0225859706897238	0.00125148167821082
0.0157832682090742	0.00907205561620132	-0.0459176828607984	5.1879443718459e-05	0.0156845461977094	0.00853711458602969
0.013966630271203	0.00258458539792631	-0.0129596364209205	-0.00196807664104355	-0.00826600478026197	0.00289666339359671
0.00374041251371185	-0.0235801698693125	0.0340529805388809	-0.0583960313529291	0.0220593206937885	-0.00483718664493683
0.0128306450343599	0.00365555742304954	-0.0119730011934806	-0.0112001194558935	0.00112949128878464	0.00069551211576219
0.0148241203208612	0.0101891211012441	0.0048556036650021	0.00975629051410032	0.00135476769884127	0.0024882473621847
0.0157414236959331	-0.0352639659564418	0.0121979349039177	-0.0132355529337925	-0.00867512183263041	-0.00502649016101993
0.0178344611922146	0.00430493976559336	-0.00191512082118983	-0.00813051083762342	0.044581084544029	-0.0108445531288366
0.0171212700999236	0.0247561504741334	-0.0165621846029637	0.0121650934137918	0.0169593802119553	0.0127839204813489
0.0108420779974059	-0.000280907773645134	-0.00121649212598067	-5.28647001547971e-05	-0.00624602991922228	-0.00350063491677774
0.0117598735453421	-0.00109796797104502	-0.00248055247812794	-0.00585788715116612	-0.00362046647244005	0.00456767381024199
0.0112500229776321	-0.00475892837768689	0.0026316199082163	0.00208357037326514	-0.00887640331501986	0.00138516930892824
0.0129175122787562	0.00108504670019785	-0.00625584836181481	0.000833754859076718	-0.00421751175885756	0.00517865432695244
0.0138390433559357	0.00962450520108469	0.0045690259684031	0.00809863137890597	-0.00466697677696016	0.00564552832744044
0.0143050715704508	0.00533840410226892	-0.00420676074984363	0.00457560648554303	-0.00196154647659893	0.0121502164955205
0.016618415488955	0.0150075937314543	0.00937217639420803	0.00024466009944711	0.00173625865555836	-0.0071138279563204
0.0115130878210813	-0.00409579806407813	-0.00280019439252721	0.0103444153400359	-0.00491422968917924	-0.00637916803504711
0.000434280308140403	-0.000859906093603341	0.00816354122674125	-0.00635512870637013	-0.0188737823609377	0.00389608319774919
0.0133910623480787	-0.0325247648190273	0.00874569630941552	0.0325816083001423	0.012376496241774	0.0124574395659527
0.00162765319735301	-0.019466763972681	0.00588922716079814	0.00393841355098533	-0.00311624517693924	0.00724169581014001
0.0124123030945594	-0.0112509612509332	-0.00206520220848477	-0.00233760590414411	-0.000834978122495018	0.00176802100102177
9.43549942957713e-05	-0.0010685333185388	0.00253692745309425	-0.00637953530565486	0.00243224681381647	0.00476323444883504
0.0031162877727884	-0.00410440137257284	-0.00536194546091429	-0.00689745928908905	-0.0402835592093098	-0.0462316148744977
0.0139828726467201	0.00415355614421342	0.00157610306120548	0.00274989988563869	-0.0105979421945464	0.00543102139332758
0.0148881592664896	-0.00719058491063019	0.00176931053687964	0.00121103813937843	0.00012750403802429	-0.00350520913764902
0.0103549587822322	0.00382690085781554	-0.000705658391469494	0.001956187902195	0.0192793632478823	0.00282411678808365
0	0	0	0	0	0
0	0	0	0	0	0
0.000902553090324594	-0.00738726363036157	-0.00614774960236221	0.00303508797395315	-0.00599858348141548	-0.0189118147092514
0.0122810305393885	0.0103118735269207	-0.0283274989260029	-0.0265041614725505	-0.00181248554868006	0.0192574085022773
0.0134018061386668	0.00409815241884343	-0.00172102724481882	-0.000703528733999911	0.00343591079817882	0.000724535270461137
0.0129159988846014	0.00829944207732688	0.00423954479538434	0.00331440146826965	0.00828164642288213	-0.00154937919368366
0.0131944808507838	-0.0103958654223641	-0.000667359431711951	-0.0113686279575351	0.0169669119793279	-0.00122306445239073
0.0116063835904037	-0.0116136838765634	-0.0276600279680043	0.00596941952073856	-0.0021486968889958	-0.00507004551272687
0.0129947485037691	-0.00454577660586157	0.00661290899817849	-0.00633370071797516	0.00522817476399245	0.012405442211502
0.0109126810267548	-0.0159039484198804	0.00324702489747943	-0.00985609169873775	0.00701889020197935	0.0137438583686913
0.00392303434986965	-0.0242571568735716	0.00238073469930061	-0.021129303395801	0.00541881723037676	0.0054575532170733
0.00485063343875229	-0.0196295742330421	0.00297505686351463	0.00251759243457766	0.0148636569519911	-0.000612612669268122
0.0124573237408744	-0.014303004775925	-0.00239862807718132	-0.0103782062028855	-0.0024394702113034	0.0121250867190668
0.0127385505436825	0.00178264683393149	0.00205349829249774	-0.00140145679911928	0.0184217574410276	-0.00811498677804739
0.0120778525845263	0.025446963483016	0.017560199071208	-0.00482102221905569	0.00280326917961152	0.0029683803388001
0.0144210219948935	0.00689795366175597	0.00159134276849223	0.00335680865988211	-0.0101999784870265	0.00116947598990418
0.011567563337612	0.0118800562162556	-0.00859830903629814	-0.00883703231745814	0.00420338313095156	-0.00542727281789755
9.49198044772884e-05	0.000737991290346663	-0.00257857889993102	-0.00201062157871486	0.00298107511631275	-0.00787827302658877
0.0132963235892584	-0.0126186759737126	0.00103377375521596	0.00143376169552224	0.00243920493596516	-0.00454930394162084
0.0188205156205565	-0.00674719637471932	-0.0244331685030183	0.00158959915529134	0.0105562278870795	0.00524772882862431
0.0130016856058282	0.00227334861938984	0.0115075589634721	-0.0107854851923549	0.0096653678748662	0.00542265351972028
0.000953318990681213	-0.00775745346379541	-0.00332362375864069	0.0348668537266862	-0.00546734229873469	-0.0328416156921128
0.00538030439818502	0.0251479212198277	0.0384574864735157	0.0611946214840744	-0.0138171411603454	0.027269773516528
0.0157937102544355	-0.00137853901146395	-0.0442940553498556	0.0223158142359064	-0.0192569204328636	-0.0152260372688366
0.0135883898298212	-0.00419041688941691	0.00444995853442986	-0.00360382577558091	0.00185978419701667	-0.000553773134279769
0.0118216181401218	0.000950407055763236	0.00460064668618788	-0.0062807189104596	-0.0104484193553245	-0.000751493749028884
0.0138529521122344	-0.000318839282125144	-0.00258393341391192	0.00218431576163441	-0.00113415271181238	-0.00333962791416284
9.49198044772884e-05	0.000737991290346663	-0.00257857889993102	-0.00201062157871486	0.00298107511631275	-0.00787827302658877
0.0129484337267697	0.00143281384584038	0.00772054498233917	0.00284713083572234	0.00492497037243318	0.00260051421423421
0.0105437026367273	0.00302915629695557	0.00197181309642942	0.00399321570638501	0.0110891925545845	0.00090693956756911
0.0120726858646847	0.0114506730311335	-0.0030376584879027	0.00961723578078043	0.0200650061099172	-0.00512329226556931
0	0	0	0	0	0
0.0095227415143196	0.00914403588512672	0.013320539400665	-0.000667345112648081	-0.00131384301552735	0.00308633714800172
0.000297252341934925	0.000297592726643147	-0.00311145794810414	0.0128157468040989	-0.0178556116465827	0.0101089066101043
0.0113640410064735	0.000582571631590179	0.0159640090639988	0.0162513982178828	-0.0122395590136201	0.0107402998883118
8.04351657386086e-05	-0.0012672328260643	0.00190559658275173	-0.0041625840606598	-0.00258681027412997	-0.00293238623825907
0.0119384826977158	0.00378213048660545	-0.0103689032770854	-0.00697945642541645	-0.00198572737132198	0.00268370176048859
0.0115867230713936	-0.00250203117370639	-0.0056960170216087	-0.00209761789356347	-0.0116009172947562	-0.00475726570820692
0.0135901815202848	-0.0128012953303475	-0.00431443557344376	-0.0137825201256867	-0.003609755785152	0.00841053987356643
0.0125343968792986	-0.00197071029833877	-0.00385394590024687	-0.00146684101149698	-0.00583357289974761	-0.00537466605103114
0.0150790512030102	-0.00841408150521163	0.00999741344536383	-0.00574763269195892	-0.00238066606313629	0.006613389639143
0.0121714630204458	-0.000847771349971554	0.00501841234930581	0.00148128515244608	0.014771795581232	-0.00280716887407755
0.0110165724882999	0.0258228788737689	0.020125541447814	-0.00731198110755397	-0.00813225525553827	-0.0183983161639996
0.0156530655182531	0.0071888924215862	0.00651982900810788	-0.000740143678457421	-0.00525716770169084	-0.00498124754686668
0.0147426229188078	-0.00827481563473876	-0.00616620309000571	-0.00527158952650342	0.0034355971185275	-0.00490264199179477
0.0134362705534018	-0.000567135116966543	0.000292661157566209	7.43171001111838e-05	0.00501866441589591	0.00595563257626875
0.0107044781683704	0.00669142536361833	-0.00105871604623789	-0.00488716792377493	-0.00686719491589865	0.00341367305774437
0.0134501419933959	0.00374976643651045	-0.000505051417084876	0.00154249833216113	-0.00665005155893061	0.00155788888457248
0.0128038921745592	0.0129847624899972	-0.00379987936374256	0.012530358224793	-0.0037842980599468	-0.00256070283224656
0.0132544861926142	0.0268667302591722	0.0173332931979625	0.00322562312463742	-0.00306855850154536	-0.0038017198172555
0.00660524594049065	0.016106252839592	0.0131146812810772	-0.00904817783243195	-0.0141795628819117	-0.0138278571014934
0.0135963487731524	0.00931299815832277	0.00986336441357792	0.00496953811981683	-0.0097714481750598	-0.00662164067988053
0.0162653065330724	-0.0189330113686517	0.0021115479316417	0.0186167024455881	0.0113666792387478	-0.0485175262814831
0.0132625322524175	-0.0086733618373244	0.0015443973621932	0.00438508187576001	-0.000574390038568799	-0.0236728626058955
0.0143237138496363	0.00646842485353015	0.000713534260877173	0.00201225008008776	0.000149152974553154	0.00269578350288548
0.0148890649148385	0.000951118274126715	-0.0126531888043646	0.0115421419774141	0.00540626575276841	-0.0129749342571272
0.0168792899433997	0.00581907932192525	-0.0255847050945927	0.0178824216835036	0.000695655025389278	0.000456986387524558
0.0133391897091204	0.00753630447845835	0.000748907637407797	-0.00809773163412287	0.00871786836875091	0.00947578130872691
0.00760519955180546	0.00300278432724121	-0.00491788334963108	-0.0057530216289767	0.00579889663812724	0.000707549335823392
0.0136841524846841	-0.00210206192444898	-0.0225241382119008	0.0101323247759005	0.00473245629397295	0.003247195849513
0.0127331233771856	-0.000165868736152447	0.00845977612573073	-0.00226154303875024	-0.00350650023867377	0.00151236780948313
0.0114213477908567	-0.00601549827933416	-0.0031308472108128	0.00451248101501523	0.00550838480288066	-0.0105276473041369
0.0119429762032792	-0.00067468672782447	0.000420068898384291	0.00212940504890789	0.000265489429067478	-0.0103813682657598
0.0146488823907209	-0.0167263799769676	-0.000898656548354919	-0.00242499038095735	-0.00239088639551337	-0.0167313130725485
0.0121807491023802	-0.00439665641352651	-0.00803168143030859	-0.00359390458780979	-0.0181512376570468	-0.00279710860749168
0.00699872975527846	-0.0068320547626604	-0.0049730808656884	-0.0103543796485867	-0.0215646944439414	-0.0056255576910725
0.0132667101497265	0.000866205955740628	-0.00365566527696254	0.000346233504707745	-0.00698017776264454	0.000869041057366313
0.0139343392092452	-0.00121719335189612	0.00184423846583465	6.31283945263972e-05	0.00413741534337307	0.0051329457561971
0.0135652074954609	0.00156154199133411	0.00119677285614014	-0.00362073455441766	0.000405936225798762	0.00598063091088375
0.014150897089534	-0.00882346913394681	-0.000550997264934182	-0.0102395889987225	-0.00173462940424994	0.00748815636463918
0.0130622510499573	-0.00643124323090727	-0.0153453289878197	0.0203105712396647	-0.0224922382473771	-0.0376068355226767
0.0120259258461204	0.00442033513960445	5.74613984432367e-06	0.00274690216298828	-0.0086709229105608	0.00639224438251043
0.0110280534012737	-0.0143058748825847	0.0148561733858961	-0.0141009609735745	-0.00714417757458133	-0.00647379880844595
0.0137281546624813	-0.0197745923925084	0.058905016059394	0.0105934043840961	-0.0183720346970931	0.0135576150223598
0.0152413850165037	0.015435277824736	0.00139795430895419	-0.0119945871330835	-0.0210044203146999	-0.0156092632969091
0.0156020908674961	-0.0236023479487198	-0.00625189841377415	0.0112864312428491	0.0224404436178583	-0.0299221748927027
0.014652450484305	-0.0296022576919022	0.0195108461099214	-0.00912546529362854	0.0228023755127057	0.0233533468032323
0.0117143015825988	0.0165501304962525	0.0107925179052694	0.0020993567694582	-0.00191217596583173	-0.0011742304053251
0.0108481306742558	-0.0095685048794685	-0.00596632617619377	0.00655807600289008	-0.0137843276207381	-0.00724915114679472
0.0124333308623074	-0.0131140128720721	-0.000991551740707326	0.0068362986306909	0.00200525960832002	-0.00505715175040584
0.0133331212678601	-0.00225813765525958	-0.0143285075638119	0.00410734887775935	0.000309731540064196	0.00551060052738608
0	0	0	0	0	0
0.0134395110775499	0.000531183710715774	-0.0364429702895225	0.0177116592708839	0.00476142727935379	0.00250802929114994
0.0118250710261299	-0.00532370660425807	-0.00509482473543965	-0.00524020167611605	0.000940332804800778	0.0039483110314086
0.0138188987843503	-0.0115208985823864	-0.00119708194617209	0.00761997738726692	-0.0115492901441622	-0.000487142207263026
0.0185311291331362	-0.0198733808093551	0.00159397870448006	0.000116341970714431	-0.0125667341323818	-0.00907859553501954
0.0169941765356684	0.00579649511633385	-0.00183015360224503	0.0095437140510888	-0.00858621606495784	-0.00666617035961294
0.0122573258786929	-0.00289694092565157	0.00209006386830562	-0.0094302782739631	0.0158986837606455	0.000318659886797817
0.0121429498894716	-0.0059509716452364	-0.00562236485362055	-0.00340017595995678	-0.00996169125663071	0.00300321379974914
0.00689454668109338	-0.0130698241058895	0.00198327057890743	-0.00274771386304653	-0.0120425405767537	-0.00791093498771203
0.0166121409820379	0.00367780341655692	0.00580618869795311	-0.00714979499248188	0.00719342567863617	-0.0186591047432872
0.0123020442974429	0.00144838278775881	-0.00317712140500824	-0.00546860965533959	0.00744543749613858	-0.0023826282806277
0.0112786290122523	0.0104458911573096	0.0128093697217235	0.00862525152587999	0.0028767553188773	-0.0100152098948035
0.0110774325810258	-2.75903582606435e-05	0.00493958732692321	0.00991834010365927	0.0242454167850495	-0.0281504613789711
0.0114428630037306	-0.00636564523538741	-0.00168860827501893	-0.00243675143649721	-0.00493009007598043	-0.00612490594076136
0.01313172296829	-0.00781408918807885	-0.0249767370870621	0.0135586507370281	0.00175495354102445	-0.00255813004725476
0.00557251001469979	-0.0162456205023543	-0.00973673578268599	-0.00120168884230027	-0.0223758846303814	0.0304894494753558
0.00956904486045287	-0.0243838340861827	0.00561159748288339	-0.00665612751885408	-0.0391420207198763	0.0557035233210529
0.0107736833655666	-0.0038115124609552	-0.00537122334175457	-0.00249010611790438	0.00327699934451897	0.00205749144415554
0.0152102519405866	-0.00809775500378903	0.00144135562073104	-0.0188425587523011	-0.00422181265164805	-0.00284517680207631
0.0129610892518871	0.000989684260342861	-0.0123855461301384	-0.00373537281992263	0.00499376912527124	-0.0105353157228669
0.0126021607094895	0.00943489584101487	0.00871121208895987	-0.00330040921888095	-0.00462395316497795	0.00976282041808045
0.0113740671673504	-0.00202597367509091	-0.0227402119990155	0.000224536084450524	0.00900307969744444	-0.0025783289294509
0.0193195805579364	-0.00142123045353036	-0.0228219717963031	0.00271999148479576	0.000979843637261183	-0.00465603110220623
0.0137832260247593	-0.00912579337314668	-0.0297347698353862	0.0096335923595765	0.0159452550787673	0.00263366461004442
0.0194533313031778	0.0179241100787899	0.00156224361613861	-0.015763751389789	-0.013811245712585	-0.0019045072920206
0.0115952086522738	0.02196784964996	0.0038042176057087	-0.00108913430775967	0.000693973422714859	0.00509477693425692
0.0145439566973816	-0.0100554215642639	-0.00651357195690119	-0.00586073496049712	-0.00442760908203594	-0.00224692061068051
0.0142608436643869	-0.0107151270770494	0.00404663143798155	-0.00835616970260517	0.000777574976350712	0.00174790316425578
0.0129799481277879	-0.00151563942929163	-7.99948248346915e-05	0.00140045988929538	-0.00775071536676289	-0.0060619603025575
0.00452347402849129	-0.000680233444987296	0.00679865198436792	-0.0232189457008869	0.00133563024646444	0.0235293085285571
0.00824153534386108	0.0101451080145431	0.00417346159123454	0.00930156173028876	0.0109899336090947	0.00698892466034514
0.0110154753392925	0.00934037882624088	0.0081227718827287	0.00481354064764577	0.0181342873216051	0.0148541709912518
0.0141778053127567	-0.0025531351436524	0.000597697772856619	-0.00328654245103753	-0.00136714815503674	0.00403985708728326
0.0119682800790601	-0.000571794377486115	0.00409657405655878	-0.00505908563794394	0.00977531150438981	0.00609690283633651
0.0140731072230001	0.0141177899541026	0.00679896070802164	0.00551986994633199	-0.00777134610268232	0.00793973172015166
0.0138520012990608	-0.00653672458110115	-0.0166075866203383	0.0184448161611305	0.00108437106829062	-0.00816160910005071
0.0138947787951738	-0.000343271445564759	-0.00226360334172157	-0.00504991170418597	-0.00387372409458479	-0.0057492668589413
0.0103574375875747	-0.0013218698702653	-0.0024611900382178	0.000765352359317931	0.00261347507715854	0.000137378050280409
0.0125292422729813	-0.00367860420623267	-0.0189990495122484	0.0218601849067638	0.00559552189220389	-0.0059193652275525
0.0115260397012668	-0.00211156646758142	0.00163290817649776	-0.00183039360930042	-0.0147319192371006	0.00228399047028639
0.0179564417313648	0.0216494641092773	-0.00203279939369423	-0.0163951935181797	0.0170412929084799	-0.00331312147189467
0.0131913219058269	0.000189960250352069	0.00260699048259635	-0.0052207830291021	0.0100236470624496	0.000802715524632976
0.0168505900368564	0.000806629646740884	-0.00697138265085864	0.00705880047211147	-0.00272172559916247	-0.00241788020950948
0.0130807912097182	0.00357840707333084	-0.00231614566096978	0.0010415512262166	0.0116915392564068	0.00782070595082951
0	0	0	0	0	0
0.0119364117405203	-0.000405657851394977	0.0023410760053727	-0.00111176129368842	-0.00777133091822099	-0.00259909156328386
0.0125396559224046	-0.00357742559358017	-0.00827420870837783	0.00222346609611288	-0.000692533504590405	0.00271099008644565
0.0148168069913386	0.0133432923646085	-0.0113485995533161	-0.00866822457333547	0.00845935816720244	-0.00206947761451827
0.0145316869199982	0.00270964174495987	-0.00201494989703999	-0.00340479952467614	-7.5513270407624e-05	-0.00911590442950518
0.0162848966629751	0.0179625972550763	0.00240618875714405	-0.0152289230923558	-0.0112559351297078	-0.00880370206938788
0.00855755881900483	-0.0157481097998418	-0.00411689948347783	0.019069343554979	-0.00710779813922401	0.01143958805597
0.0112523823626186	-0.00364321216117674	-0.00128996841482698	0.018711894741557	-0.0158807651345938	0.00435543283415924
0.0154720556399989	-0.0250510089566116	-0.000905776289871536	0.0402280566919778	0.00504606412916442	0.012510952553779
0.0116428801091866	-0.0196839487301233	-0.00804983448614297	0.0208944334239774	-0.00632770214566804	0.00559138122221387
0.00602609566274496	-0.0135222528706018	0.0143811024044745	0.00855151248479422	0.00567594290728706	-0.00547464691358189
0.0118648895095454	-0.0113580491183767	0.00302626399561344	-0.00695963343438481	0.00812977709918089	0.0110327047077909
0.000960528969074925	-0.00748322318338723	-0.000769386389869262	-0.00942584185823135	-0.00307134886288582	-0.0112534026042761
0.0125260047386934	0.00661106490830444	-0.00355202490585124	0.00252949566111167	-0.000922870551216873	0.0551409470569025
0.0100664333616796	0.00475067288723294	0.00198125159810948	0.00127032325016513	0.00872454665252823	0.0050868088808025
0.0131242566334035	0.0159950607889191	-0.00211745265229375	-0.0254215407636772	0.00655070668124956	-0.00889491248451256
0.014380698833404	0.012529858819488	-0.00221678729261377	-0.0193517349984661	0.00161045428040701	-0.00256453230415437
0.0099538861641459	-0.00850122965672735	-0.00635901943687403	5.59669692295614e-05	0.0144273336473939	-0.00683063081864824
0.00389707943040832	-0.00783645520726403	0.0036825474855225	0.00505585535282603	-0.0268063642818441	0.0351519542461096
0.00380129383649526	-0.00576161082541864	-0.0336895920285805	-0.00262281990763778	0.0122798305673818	-0.0166345203415527
0.00482287854850933	-0.00218405800073052	0.00377775146176653	-0.00186808715451851	-0.000888199578557293	-0.013275749195366
0.00591039370014454	-0.0053501343581194	-0.0107840579078179	0.00827321501067069	-0.0123520243326386	0.0112455949547183
0.00876540609124195	-0.00325376340093601	0.000927077777564433	-0.00293602416938141	-0.00357483273660083	-0.00244512854011434
0.000100722511006604	0.000139576143103393	-0.00273216011530412	0.00294729263736574	0.00316278490866145	-0.00700275834389965
8.89851833097946e-05	0.00111175422938214	-0.00174765552028824	-0.00635953620527574	-0.00248654475647589	0.0103677819784214
0.00164899548918566	-0.0279769402553938	0.0150304627256038	0.0152069828685202	-0.0247578094398999	0.00889415961697575
0.00080558279926944	0.00574480991432917	-0.0063226560831025	0.00197659010750235	0.0182700928789058	0.00212146352419488
0.0120435502017097	-0.00123850905918955	0.00310647579790492	-0.00064812176571194	-0.00207640950877141	0.00251460808297137
0.00964715415347036	-0.0130725156339381	0.00843184008806024	-0.0155945817695668	0.000418053923617941	0.0220481785938907
0.00973078385411745	-0.00767471842393652	-0.00715423648752835	0.00307812642132237	-0.023590306364894	0.00501812763112531
0.0121304260526989	-0.00451069070380041	-0.000610003701545628	-0.000270829532924488	-0.012886807051749	0.00970901962058035
0.0113686408810363	-0.0169880925474596	-0.0125043216433354	0.0245196984359843	-0.0292481304852392	0.00728543521444262
0.0201508434880152	-0.0484500883848852	0.00962431553778356	0.00291166593872173	-0.010753310936719	0.007702300078628
0.0137754045906261	0.0220884957396768	0.010947217372374	-0.0054571136496452	-0.00917291080458607	0.00373730750882317
0.01374861368906	-0.00413694875648842	-0.00751849806899338	-0.00646718973793918	0.0028244985831602	0.00646283080963889
0.0123970424191642	-0.000114267469343355	-0.00130550718209193	-0.00139976583578531	-0.00207731819381099	-0.00127522023246421
0.0143743428122961	-0.00599876252739639	-0.00119834786865849	-0.000848945325645766	0.0155211390014021	-0.010919100379705
0.0148378937435954	0.0140892118295493	-0.00500023629337601	-0.000760442291970821	-0.00743798758779298	-0.00183808469113887
0.014162838362337	0.00700886196480986	-0.00180413596002146	0.00102998549544668	-0.00343187346747939	-0.00760629180686798
0.000957245515600414	0.000342678069173452	0.00337648697291129	-0.0157879386291382	-0.00245777773806651	0.0474108944240136
0.0177323446077845	-0.0088336294945469	0.00371417431568903	-0.0036676878785469	0.00951178687588834	-0.00943412152695267
0.0116877993483594	-0.00833189128596969	0.0030729684436089	-0.00546441389000391	0.00931209581082654	0.00365758712473548
0	0	0	0	0	0
0.011456837140592	-0.00055361876256489	-0.0123253030337592	0.00392828449656843	-0.00536487306482237	0.00386218392322356
0.0141952406060752	-0.00175833023702627	-0.00359596430108836	0.0068622196086976	-9.40284170094109e-06	-0.00299962053987219
0.0123284338814904	-0.00104925909899065	-0.00243006931570651	-0.002488990195059	-0.00544752317101432	-0.00732879351152382
0.0132705198605749	0.017124611465451	0.0063826000003292	-0.00181085191719389	-0.00543552974585535	0.0010116138974898
0.0134776874156682	-0.00234434703017634	-0.00123402239462247	0.00392083460607273	0.00527016155386712	-0.0046756344217513
0.0135113472500815	-0.000605915550682208	0.000481899180586621	-0.00315981210804685	0.00307228223204759	0.00553939225842644
0.00926275688710143	-0.00257282060297581	0.00436877525766829	0.0347403692503964	-0.0112371068379817	0.0225168423437496
0.0154957557783682	-0.00323256469582431	0.00720073991834455	0.0254796685562198	0.000292996030425926	0.0109851822940507
0.0130026240776277	-0.0104626198390519	0.00769464905945383	0.0102630123603179	-0.000487757383491636	0.0106906227035949
0.0125708765355364	-0.0133589061205619	0.00733274635277855	-0.00113124706229213	0.0352612145706027	0.00857184756579096
0.000847878562441085	0.00409320489785853	0.00670225975777545	0.0153045466938328	-0.0181454855821713	0.00860132152260931
0.015141640976078	-0.00300778507996324	-0.00044546535642298	0.000104342844201803	-0.00646433001784944	-0.0058785435081646
0.0166043703163733	-0.0126888996536841	-0.0315318095148188	0.0018703498820022	0.0073095912980284	-0.00433326491499546
0.0122516122855097	-0.00514226342480629	-0.0356224559815917	0.0100076046509883	0.0147972562140602	0.00190842210871202
0.0131674661187447	-0.0136561002945704	-0.00525604316134245	-0.0155890167785243	0.0135141431014377	-0.00038404440921742
0.0136598622996887	-0.00572224309474001	-0.0206421986346435	0.0141599611072524	0.00399133166858485	-0.00163450176490681
0.0132964237875387	0.0129286890441219	0.0180763684185702	0.00338128001200808	-0.00126506338459971	-0.000553680145127373
0.0137796900496111	-0.00174733537650175	0.00063039317821087	0.00234184688975773	-0.000864505015545167	-0.00489933782337622
0.000393953363919022	-0.0101074500683397	-0.00256320714091674	0.0212509589785986	-0.0156215011865411	0.0083875132117826
0.0120263242087724	-0.00827804656235178	-0.00640710600334005	0.00163899299039891	-0.0161684018106303	0.00734605673095567
0.0134672937597831	-0.0500402889884514	0.0132505882286194	0.00167545345615416	0.02952481338514	0.0249273304024687
0.014051716594827	-0.0582936144487107	0.0376438134018211	0.0224600813597855	0.0070201016707999	0.0262184212173617
0.0131558125870215	-0.00723021071809642	0.00678942025713268	0.0135952293521873	-0.0294953105158217	-0.00449426612877393
0.013571971494098	-0.00514617443318536	0.0242635325564615	-0.0291660712231666	-0.0223513069361557	-0.0323805904008964
0.0138184947286941	0.00831319821815829	-0.000573170911549257	-0.000228707744533113	0.00196162329674794	0.00823095505736081
0.00526678595744958	0.00585757652592147	-0.000217990191046236	-0.00135048549335242	-0.00310405006239125	-0.0180830047578393
0.0113283324671282	0.00730823565280598	2.65216663018135e-05	0.0111752414106875	-0.0121526825998021	-0.0254691481450089
0.02065755723404	-0.0053161585582987	0.00827495698159415	0.00142248000537862	0.0139928507634846	-0.0180262598291411
0.0157363114166678	0.0145118781283475	0.00807707686932101	0.00463485950624605	-0.0142490224814675	0.0113207606457309
0.0161779999884525	0.0178215710508068	0.00235621173407721	-0.0101747789847899	-0.00617875499293365	-0.00715809632422943
0.0140145540692743	-0.00251063936528337	0.000426865410632893	-0.00472128057916139	0.00512323793045818	-0.00169232506118772
0.0159317481630774	0.0103908316280809	-0.0220816679839949	-0.0161478007406137	0.00232179267609824	0.031909273138913
0.00645944463123222	0.00890748607223681	-0.0105426327313205	-0.0247546283946715	-0.00387393712001526	0.0290846646479893
0.0146245371461577	0.00350832672395338	0.00180631731142715	-0.000584561872972688	-0.00183475105727124	0.00367691360238109
0.013474561441135	0.000296951092731644	0.00271885061989856	0.00276060972129377	0.00163604080836667	-0.00042282504896016
0.0132700755519595	0.00516423036999937	0.00771662600670558	0.000290284994379263	6.4368082621098e-05	0.00101965267174942
0.0134978813981316	0.00370512386070347	0.010798182258809	0.00167107965356127	-0.00282474246047957	0.00749600187765266
0.0148947030320788	0.0236646591129113	0.0194170822243069	-0.00241214822448277	-0.00531691610992672	-0.00562833119691558
0.0142199943994813	-0.013389907997789	-0.0103212948192407	-0.00500303312827106	-0.0103654345321999	-0.00184887008513928
0.00898427434593524	-0.00532620923991662	-0.0273074654675007	0.0102494702052982	0.000164639681470138	-0.00409650368563318
0.00592618554886263	-0.00525202736527005	-0.0301233325334296	0.0308039048067044	0.00129909926741146	-0.000931957797598124
0.0116774443506793	-0.0119879657952009	-0.00182319161057602	-0.021803051939522	0.00434623667154082	0.00873914050625763
0.0127130313563185	-0.00149451385627996	-0.0258849751604632	0.00621378623568316	0.00335914965531565	0.00367000411697475
0.0121933901002461	0.0159236500740685	-0.000283395388299431	0.00202531025646449	-0.00314932340997317	0.00526739975545053
0.00473216846116684	0.0110192230731482	0.00873902692406733	-0.011782387780317	0.00866420530092129	0.0309682929215358
0.0133653145218764	0.00738698247156606	-0.0203422591317817	-0.0192439409077752	0.0146567126346349	0.00148116514666283
0.00104964249885194	0.00443324827180442	-0.000899507409045574	0.00261008151149601	0.0409342372330911	0.0117840281288456
0.0145297721528118	-0.0176543556946958	0.0303619667174455	-0.00549638335854027	-0.0442016342710477	-0.0462541709305934
0.0115997561921384	-0.0139563025852642	0.0498800183819273	-0.0258695143560971	0.00888218575617726	0.0357247060890841
0.00798315259098634	-0.00329863389612627	0.00621270916745376	-0.00569943023851989	-0.0177644182543873	0.0071603089461915
0.0110849064146396	-0.0121987331244929	0.000298602392535186	-0.00474860782288181	0.00590516807703367	-0.00069603948498702
0.0115627361087848	-0.00533011652718713	-0.00287605888131392	-0.0132894829447119	0.00434252266920101	-0.00475629112986053
0.0144025312202635	-0.00227905128986115	-0.00358911557369672	0.00806383015145759	-0.00644310626414574	0.00159711268670865
0.0107021847095335	0.00404089537650029	-0.00158363489524285	-0.000684622798967912	0.00256246952192245	0.00276189388629779
0.0161349887140309	-0.00707376615249645	-9.03618767483178e-05	-0.00491239272761291	0.0123645594291478	0.00180266097478464
0.0136233943739652	0.0156665623714902	0.00768915690400085	-0.010647728892587	-0.0118974354710879	-0.0144703959791887
0	0	0	0	0	0
0.0134183532124411	0.00772080490392014	-0.0175460504607791	0.00402726084961907	0.0130646423177916	-0.000763352058850132
0.0123522684341986	0.00727763795969179	-0.000124719869874634	0.00491891775658613	0.00168894517751348	-0.00575561845410775
0.000452747046872604	0.00183778476326004	-0.00725771620515337	-0.0143570163779798	0.00199842013107708	-0.00683553758616547
0.00936445278672743	-0.0140211650179136	0.00836181877670101	-0.0182972252214453	0.0287189235526043	-0.0311320708787934
0.018401672281415	-0.0110031585043272	0.0107387249526284	-0.0114087191907407	0.0303909963602141	-0.0243944108979599
0.0141273618485203	-0.0325389835690928	0.0120796673990781	0.00776917167103571	0.0354072520971916	-0.000331014285362044
0.0178673981991982	-0.0201561237297545	-0.0100117847871255	-0.00365940327298856	-0.000704957696907765	0.00322985155031443
0.0127245078622483	-0.0104414060026911	0.00908198592840685	0.00628697963402141	-0.00586224127034582	0.000821068028648697
0.0182214953774056	-0.0091380346938497	-0.0283803345799199	-0.00614167182288395	0.00111041128091331	0.00200208116503995
0.00617881157304281	-0.00891852736001952	-0.0133221326366929	-0.00487868615981168	-0.0085621834122671	0.00121002534685577
0.01420668767063	-0.00315966087743289	-0.00853869909465901	-0.00440718991286434	-0.0078456033809354	0.00708596298033279
0.0172080828587791	-0.00556450099890594	0.00124318349460792	-0.00548983713139693	0.000966876278104421	-0.00880325971428812
0	0	0	0	0	0
0.0117805368540751	0.0131016608665935	0.00636236613222846	0.00870122215637481	-0.0103444983054106	-0.00451577150925916
0.0127148954017823	0.0269045598290387	0.0257963584249775	-0.0149739762510368	-0.0130857490824372	-0.00159454450449851
0.0156701399503241	-0.0191077320588102	-0.00182457318322764	-0.012574146258118	0.00539209508612827	0.00285586141041328
0.0174678152463388	-0.0096843534275148	-0.0198335009448497	-0.000749187344864945	-0.00316393462450238	-0.00464967876243321
0.0135829098615166	-0.00816183644298916	-0.00287061085207281	-0.0101018761870267	0.00221276155289068	-3.72524454604411e-05
0.0125522078981042	0.0071986060423323	0.00334088013283731	0.00137257878099548	0.00238104851193668	0.00488841576158304
0.0122700086788101	-0.00765833185056135	-0.000236546051154888	1.14802543207636e-05	0.00273221478673891	-0.00917063584981039
0.0127292261396734	-0.00520240498192289	-0.0342763649113643	0.0160337636142365	0.00747152900006022	-0.00235628820712515
0.0130287053144258	-0.0079498259317185	-0.0324731046099152	0.0171203236869384	0.00335453691603113	-0.00108248004874744
0.00644451456585423	-0.00607123662149109	-0.0227306585509152	0.0143939607684796	-0.0073223962199246	0.00389773847352581
0.0140794710757355	-0.00239216128678612	-0.000734024907511905	-0.00239124621031146	-0.00176460483700837	-3.48910192887639e-05
0.0133294836881283	-0.00129288556376554	-0.0132220848688124	-0.00563831141536899	0.0122357528531306	-0.000959675471682327
0.0123333914789074	-0.0102720755162134	-0.00125896720654742	-0.0100955611878257	-0.00813521020885306	0.0139570822078606
0.00956745340139858	0.00155261318599613	0.0010230125761362	0.00922625905017777	-0.00799505467921393	0.0013195606463083
0.00369035423947465	0.003413248349635	0.000323493403287566	-0.030683398533784	-0.0308927277457186	-0.0183884992575243
0.0121199771131616	0.000644790055078004	0.00178008151991356	0.00403650793569168	-0.00381465143475794	0.000515501204787043
0.0132078559560994	-0.0106375871493679	0.000739480299179557	-0.0134546134653785	0.0133936287210403	0.00432533459725675
0.0118339184955445	0.00889114537089836	-0.00446938480115283	0.0169599809618486	-0.000313440348972964	0.00155873364046874
0.000739208014360177	-0.00708925088485304	-0.0001726025294525	-0.00540014734252348	0.00201457599778926	-0.0172931892852398
0.0133875576171477	-0.00662940671643426	-0.00807613022628149	0.00546146408466231	0.0212375889308951	-0.0160320318454381
0.014723068125957	-0.00489206066219214	-0.0114691848686104	-0.00885758867765745	0.00379837835375173	0.00110845106835057
0.0126438148979731	0.00441062054940143	0.00996833376463387	0.00367610291500022	-0.0315509593960837	0.00773610573031827
0.0129233962024805	-0.0114859239389545	0.000286225530820338	-0.00458283159450674	-0.0170423950187386	0.0132483933870485
0.00551038416278351	-0.00877025788649212	0.00377344817891804	0.0103583980369103	-0.0126374412055231	0.00339965955574545
0.0138427823508348	0.00522816935695863	0.000253898962787144	0.000256833290719536	-0.0101843793106661	-0.00548734333671339
0.0123376667726333	-0.00830498178756585	0.00144300998466045	-0.00444329102083912	0.00202803771524013	0.00687894385155561
0.0139882866826701	0.0338660738103406	0.00355519371706092	0.00120927597843347	0.016718715485851	-0.00331004612735322
0.0117506604265889	-0.000320771251105209	-0.010379878745867	-0.000258612636617908	-0.00229270941504364	-0.0087904408311043
0.00239683568746415	-0.00662657847673591	-0.00802493095253803	-0.00943105651108429	0.0195733089080827	-0.0163476326293935
0.0013642240735443	-0.00446278548816805	-0.00663323921504997	0.00577186255177218	0.00027492610781266	-0.0353455656070394
0.0170676323021017	-0.00889959611916484	0.000483146913329222	0.00124122916295228	0.00726171150570873	-0.00803674334090187
0.0118909694557481	-0.00278439287017431	-0.000260934382124882	-0.0136311351344838	-0.00568671140958323	-0.014004979750306
0.00660883027485724	0.000523879454137153	-0.00140355707247361	-0.0121316248524234	0.0116939001378513	-0.0014964849081352
0.013593944789018	0.00983407141127086	0.0024768925916715	0.00242531496152762	-0.00301221904007835	0.000314595807779192
0.0137283558984742	0.00996359038160493	-0.00996664764925954	-0.0258281226603186	0.00509259172497956	-0.00134762078079116
0.0143377924238143	0.00370804519685529	-0.00108012491195949	-0.00314396659401068	-0.00216464183821129	-0.0051441858133697
0.00183481700401463	-0.0066890230422222	-0.0150061074956448	0.0171477082573229	-0.00682252074389603	-0.00782211369826909
0.012572724173142	0.00475439635781379	0.00211081700131521	0.0218638029736881	-0.00258385706656268	0.000874689363085234
0.0161638229187673	0.00542401770584683	-0.0298634274654574	-0.00070403751763927	-0.0188083162126916	0.00700447097138896
0.0118813531360423	0.00675651785657662	-0.0103801169007729	-0.0235639772125924	-0.00203434762165395	0.0056420257604343
0.0118987619818548	-0.0314234617607606	0.0314444373065567	-0.0197713719110747	0.0331642032765737	-0.000210031615274538
0.00455405283022199	-0.0224368337998618	0.031889746866324	-0.0217193777018449	-0.0070485383509516	-0.00825164780883644
0.0133021366685522	-0.00527153654950152	0.0162811285870087	0.0207549686865778	-0.00930272533958551	0.00685102402790552
0.0135358309006175	-0.00581551237280282	-0.00468764504593636	-0.0106901264339287	0.00951218802836374	0.00126723663289018
0.0161264504341794	-0.000317567867771346	-0.000525022885599471	-0.0143717638862708	-0.00787998900391141	0.00561436998248097
0.0142313013746888	-0.0174742997824038	-0.00299907263798681	-0.0199176137466271	0.029286975635891	-0.00372599277135643
0.00235416261525226	-0.00103595414059014	-0.00305485131524248	-0.00318752349624911	0.0445855524518399	0.00255669416096086
0.0142394601546944	0.0100020729998538	-0.0269983372116547	-0.0225112244015246	0.0160507179604472	0.000990863780641144
0.0150899108062132	-0.0199552942421555	0.00102338437383027	-0.0107259995040116	-0.000929279888694417	0.00781839570026316
0	0	0	0	0	0
0.0120360710624442	0.0231751140154642	0.0177632567235022	-0.0111943632655469	-0.00692924257775741	0.00311043165231142
0.0120216611140322	0.000484512246116794	-0.000424767347686679	0.0045215997523541	-0.00107814904461456	-0.00373947553173631
0.00277270338033245	-0.0224787490270695	0.0156839606234184	0.0330137695081035	0.00455031046879828	-0.0324286044206372
0.00602733240908836	-0.011371319135234	0.00573985786345949	0.0024424916714034	-0.00940999021613213	-0.0225557026389659
0.0188196751822259	-0.00256601154699841	0.00322990292302737	0.0157993734906708	0.00223322335412956	0.006838169175415
0.0092704590533453	-0.0259045091635005	-0.00969985835129735	0.0341167884014587	0.00873714586819105	0.0131763468248992
0.0113532270944405	0.00393001591422734	0.00730558084193573	-0.00542069554431223	-0.00106628383153142	0.0141588706682814
0.0154269056969176	-0.00678484786927928	0.000685268976201229	0.000255582309923428	-0.00498139350273988	-0.00901476834119821
0.0142704117707363	-0.0138159680639822	0.00390783998207044	-0.0125421426258297	0.000510839690696354	0.0118323202662335
0.0125425788170172	0.00539733669779215	-0.0120164442523869	-0.00869436399632208	0.00593763509319419	0.00520112917108113
0.0136168240618758	-0.0284865970571271	-0.0116765323790051	-0.0173655342815254	-0.0149386613171109	0.00841480338827971
0.0118680984656904	0.00326108128867315	-0.00289935260439024	-0.0017341266168037	-0.0130591338351891	0.0110384744544189
0.0120952666091728	0.00989358557123644	-0.00963884878166736	-0.00743922742168859	0.00517421757118118	0.00221367467264377
0.0135138095128181	0.00813734442450834	-0.00614777371842965	0.00105710222367066	-0.00587063044823733	0.00644718351119285
0.013865121802327	-0.00474880583653336	-0.0387365390421424	0.0122275527931922	-0.0011263557246136	0.00305555582990611
0.00854201971316805	-0.0141162901240758	0.00111170980496423	-0.00888364763666153	-0.0101812523662443	0.00593377314735616
0.0175525389448618	-0.00680307553819528	-0.0304907709403266	-0.0185330256722083	-0.00779606242118512	-0.00674340817645904
0.00999671126579772	-0.00135013583495875	-0.00290440074936944	0.0197288660280083	0.00336588040461212	0.00293156993901443
0.00527159819285355	0.00665331673240995	0.00738697899937195	0.00952123596719285	0.00332322815023816	0.00998654875961293
0.0128279242972035	0.0178290204505562	0.0178974990747353	-0.00562893047102071	-0.00497611648226403	-0.0028093300417296
0.0163703667774135	0.0209903077064086	-0.00594663679719144	-0.000937914431014082	0.00104760268594503	-0.000525776171742816
0.00181691833582206	0.0114811024758329	0.00431322956046753	-0.0180135768643275	-0.0103593479278766	-0.0141144535045313
0.0155416446885685	0.00270285082847956	-0.0020481009710992	0.00292619454980697	0.000743894662150279	-0.00310832246609808
0.0133743510973668	0.00640450996198282	0.00175328176627614	0.00276530877905283	0.00169080635167927	-0.00233285845293215
0.0101991443054868	0.0275641299589574	0.0324905577556036	0.0145996859267604	0.0107685768767589	0.00709111340276848
0.0147393597104352	0.00496681713339086	-0.000176351806018761	0.00129159896090024	0.0030557190379064	-0.000485880505463071
0.00623244966805653	0.00114872585589262	0.00531541766363704	-0.00118135484934743	-0.0189287116690182	-0.00825541236563106
0.0126297561660848	0.00332769519288434	0.00374257554231049	-0.000554218671761436	-0.00618002829856446	0.000212158082285827
0.012458832577589	0.00739510388270169	0.00930515970520403	-0.00147174446610368	-0.00731916882516169	0.00152619389373697
0.0136405584091555	0.00886799733545853	-0.00285483648411237	-0.00451509243118569	0.00629309337260211	0.000593417948727523
0.0113652078811155	0.0123610069921906	0.00551039224455661	0.0021377805119859	0.0149384689440187	0.0224076490677193
0.000924192376037147	0.000755371322268619	0.00396778389709033	0.00176501842428911	-0.0197394864336455	-0.00136883042512124
0.0111014590494405	0.00101359997361631	0.00261942033081316	0.00304741049079463	-0.0110992873102285	-0.00149400977253197
0.0110210060738795	-0.000498696275850633	0.00130957847670912	-0.000782881785165372	-0.00249533031644937	0.00282418902650518
0.0129813918864908	-0.00765837055377082	0.00105581191632721	0.00747431435646727	0.00909461875880226	-0.015250758273816
0.00113359569040311	-0.00651506773457032	-0.00134155297296738	0.00864415703456124	0.00166669758274783	0.000998652641461394
0.0131050784139001	0.0215961944341309	0.0142369101366666	0.00440239160526884	0.0396039065621088	-0.0100743111565571
0.0134790712044088	0.0115565416092106	0.00905188447955268	0.0100326755690204	0.0118791782088004	-0.0096342810706567
0.000293238952418233	-0.00437760248374846	-0.00263163856357978	0.00865711011165124	-0.00302937080846498	-0.00210234862667608
0.0159952392207781	-0.0100483103522067	-0.0287160389705852	-0.0240374056861522	0.000661042890842117	0.000622755215972171
0.0117698258640741	-0.00975464132882195	-0.0295534779281909	-0.0251097251556863	-0.00250944676383309	0.00872787951951228
0.0104487770184978	-0.0360550646303312	0.0546001117835767	-0.0107827835297756	-0.00635494929381029	-0.00498836471442991
0.0150973376546464	-0.0137315615300594	-0.00344911117988098	-0.00812409422201676	0.00166947419166745	-0.00424645788722517
0.0148305858107129	-0.0052535257159625	0.000701208659122928	-0.00435510341900357	-0.00431936406869919	0.00665976799894755
0.0126802567196181	0.0076622432760561	0.00119292265350408	0.00453588835246993	-0.00283610481568701	-0.00231514621008231
0.0130857753298848	-0.00309654163617	0.00397212003760782	0.00481101135623814	0.00688792008450788	-0.00417200127225338
0.0114926596385223	-0.003589922246299	-0.00164323633943147	-0.000333244014561903	-0.0119860509269968	0.0014075022323848
0.0224819453820828	-0.0101193218930123	0.0126476189291169	0.00447986752290028	0.0070797698877795	-0.0117750445944796
0.0125323465434744	0.00103341946543244	-0.004503271310573	-0.00418387706209385	-0.00554766560706733	-0.000900491254959551
0.01344374453229	-0.00344225232930168	-0.00736678808365756	-0.00457001758482331	-0.00913057955071019	-0.00380866750358584
0.0147268633323365	0.000374500742054023	0.00370907113652117	0.00768811477142624	0.00547538238137569	-0.00102800793506925
0.0176431547626538	0.0206660985857666	0.00266535540881241	-0.00127990715718691	-0.00545032423772216	0.0145944348685722
0.0080863805271342	0.0057048527131156	0.0192586186666045	0.00553228890857121	0.0201972613278719	0.00826235483897064
0.0169140987001379	0.00446314554123564	-0.00545063012245187	-0.000301528285387174	-0.0105736360937048	-0.00283789908224797
0.0120968478181228	-0.00755865272829019	-0.0274027147776225	0.0124886177500312	0.00104519106449311	-0.00223813976400458
0.00337890650967071	0.0034622342947377	-0.00871681617842983	-0.00205234611475365	-0.0206162194168972	-0.0104902513001137
0.0120668155586696	-0.0031380491318175	0.000195702626854277	0.000665163837170738	-0.00137344986449153	-0.0105070118654292
0.0118489822673697	-0.00117352734455494	0.0104088915014007	0.00751720021197893	-0.00839230106511487	-0.00117270106680648
0.0124819160911334	-0.0143858590987836	0.0231671544712642	-0.0228301720754863	0.0157219526252781	0.0146769242462519
0.0131357854152227	-8.36848364953629e-05	-0.00293837094530147	0.002230621875707	0.00722272669390099	-0.00645746406992425
0.0121642508290493	0.0045619663003533	-0.0025551324740231	0.0144331528483045	0.00902204349688394	-0.00593809078006125
0.0127729132871793	0.000516125887242156	-0.00363838296083011	-0.001093429202904	-0.0131382507718708	0.00301792693154006
0.0148716699033757	0.00203626364808519	-0.00922582577316291	0.000435766987635254	-0.00653752960064674	-0.00195351258656739
0.0138686021514525	0.00643477609716539	-0.01585924299503	-0.0198289883496802	0.00200265777776784	0.00730150658158643
0.0103507393179449	-0.00348268841112213	-0.0116235937273176	-0.0145670586835378	-0.0221436081608796	-0.0106286089636517
0.0151920002818484	-0.00294213096962171	-0.0107041762888448	-0.0066387404424641	-0.0224122400961954	-0.00992577217186217
0.011368328968572	0.00893565336009435	-0.0183162421639086	-0.00775972210154881	0.00290504905551082	0.00611679039598297
0.0131652292385103	-8.73116389236984e-05	-0.00202051325679907	0.00121822543438813	-0.00517463475772299	0.00385630930843495
0.0138608411015741	1.28954782109992e-07	-0.00178469789526435	0.00382440300344913	-0.00306249649402427	0.00284019252722305
0.0144837333016723	-0.00013203115172552	-0.0086500496161219	0.00102364808649947	0.0040684249099251	0.00609805581892829
0.00562258496035091	0.00170105051629456	0.00931392334946513	-0.00113442134683526	-0.00706798642020478	0.00194219704993495
0.0130469606757826	-0.00705588965400829	0.00142414008292692	0.000520477342485795	-0.000222030475301378	0.00672305522585707
0.00625668887938518	-0.00859174216332393	-0.0294010090100926	0.0178088412504715	0.0121437047335657	-0.0105762374446442
0.00800698466580481	-0.020064083088198	-0.0139259847382904	-0.0118095516336822	0.0189285628169143	0.00491832191899939
0.0159723525530275	-0.0193227311706561	-0.0178510317873566	-0.00672734006721699	0.0047638603747596	0.0103258155834731
0.0127411387222536	-0.00781442136623662	-0.00587390210609482	-0.0118946260203118	0.00852990607582858	0.00967718328262096
0.0131515300262145	-0.00115325431432564	-0.0056450084060886	0.00896223879340003	-0.0123879428124203	-0.00628274332264198
0.0128034315190332	0.00418705229637658	0.00341916662430565	-0.00469581604237436	0.00195214803687247	0.000176176105775782
0.000316754480329805	-0.000361286201481859	0.00461701948257804	-0.0123321796090132	0.00267928401352826	0.0122270181451628
0.0141194301128902	-0.00336277519211288	-0.0044605623166703	0.00870422113713107	-0.00653944248415062	-0.0125378348108948
0.00640069089510018	-0.0050513153875739	0.00395808346123225	0.00826650029482339	0.0100810226525805	-0.0211131199857512
0.00338953069531932	0.0232303661210131	0.00861121018522789	0.0137383196601118	0.0304279938030193	0.00576580369538711
0.0133522318796112	0.03547067682516	0.0197098093309837	0.0150970481331289	0.0169943272842401	0.0165355637235273
0.0144972414137784	0.00426835035308341	0.00213642594282457	0.00431578151134428	-0.00298069823858573	-0.00308509626692936
0.013257439059757	0.0119527272515164	0.0119134968225629	0.0215922327023891	-0.00134630719983612	-0.00692456297147938
0.013264528480817	-0.0355159600813659	0.0212452350398217	-0.00475093308381672	0.0025349977188709	0.00269364927628725
0.0128561781518344	-0.00119647441191814	-0.00180187551120678	-0.00225363370298077	0.00688649769913883	0.00726468765606505
0.0126440639449997	0.0155105096218372	0.00269167455612972	0.0212277143649762	-0.00463424574503434	0.0130215701258101
0.0107020657701551	0.0173366654027248	0.00197686397743242	0.0240997591314724	-0.00246708440713856	0.00983195289644662
0.0127724257139836	-0.00921218380019002	0.00231297225350894	0.000163675139839247	0.00483715265822756	0.00521644683304538
0.0133487303536349	0.00123768829921047	0.00212313069839285	0.00307472889156966	0.00289518044502871	-0.00203006690234067
0.0134065818597523	0.015936211516775	0.0120055207344219	0.00880139099909791	-0.013687290257686	0.00893861477044229
0.0146731651708844	-0.00598760143219784	0.00600579682029288	-0.00485047870307437	-0.00451027512414857	0.00436110051851087
0.0134682276191974	-0.00409714951165731	-0.00243418797135202	0.0058383802764202	-0.00260840648562915	-0.000964439779210831
0.0119234069031262	-0.00470763414462998	0.00509341665497326	0.0146360652503973	-0.00153026432127996	-0.00405989963893729
0.0115384838340288	0.00395564269540465	-6.39405375126617e-05	0.0100189427431271	-0.00387753729733971	-0.00334764143868055
0.0123788881784212	0.000827283910191251	-0.00265316207986499	-0.00334150666439196	0.0115921607302573	-0.00212150152935727
0.0171505082890314	-0.00468692686366542	-0.0161407304425964	-0.00207219055349872	-0.00805039514471148	-0.00628118413173252
0.0151368606364778	-0.0055845310396483	0.00935735929574039	0.00122489209015729	0.0033762083101828	-0.00156311099952371
0.0130017423356025	0.025602953851569	0.0189086869713107	-0.00869346153739577	2.01745044334772e-05	-0.00781241402406898
0.0145066821873067	-0.0103800293348437	-0.00554675814916103	0.000936738098005767	-0.00111118816285093	-0.00802449157273513
0.0133770442216667	-0.000586837449551269	0.000294795711033057	-0.00422230770270012	-0.00187028339805015	0.00183650826931623
0.0116050042785178	-0.00243467280464747	-0.00927806498974371	0.00226445885560711	-0.00145332989768617	-9.19864344589095e-05
0.0148523550026945	-0.00028415267504739	0.00678857297212724	-0.00798952779362503	0.00233886699374648	0.00677743321858007
0.0133987858908433	0.0292500086666517	0.0256221417173751	-0.0112984828937302	-0.00228059284406625	-0.013653744562314
0.0132944701954573	0.00447664430266593	0.00578982704300221	-0.00128200523383159	-0.00114018924110078	-0.00764514599207156
0.0140830808425353	-0.0073339255369841	-0.00215051886902569	-0.00908013391950237	0.0179393472091554	-0.0104265570522337
0.011755613188693	-0.000669677062427221	0.00107592665463788	-0.00319668480834242	-0.00249133314439181	-0.00736608225301461
0.00389244780184714	-0.00750185265605668	0.0112092627019797	-0.0358437483675906	-0.0214945002430348	-0.0337134337359178
0.0151091655374169	0.0204389695923877	0.00423086779420082	-0.0127475486330433	-0.0108377219296301	-0.0038559267136746
0.0134279630264091	-0.00608116584725246	0.0047907154674915	-0.00348333031648331	-0.0153487765608471	0.00329709031533369
0.0138905323609679	0.0120010174105349	0.00570641448731181	0.0129400594038779	0.00119347406018314	-0.000427837347932063
0.0128132260108117	-0.00310717369764607	-0.0278250421135091	0.0119221986965585	0.00673030436936334	-0.0016638620335069
0.0144394190188853	-0.00859890213337479	-0.00465213680004594	-0.00509196773269743	-0.00410947118143113	-0.000377554872090064
0.0163129068522084	0.0245557087380721	-0.0124222639445431	-0.00278504534496129	0.0123342647259435	-0.00352742029851619
0.016368122619691	-0.00229505602981904	-0.00373155550660663	-0.00467989818486846	0.00260532085653557	-3.19526497074573e-05
0.0137965817143293	-0.00200139360483	-0.00548717030272544	0.00233270413363608	-0.00247742152307759	0.0119804608298157
0.0129941622028951	-0.0102271532811282	-0.00836674270020894	-0.0181088233393243	0.0128626889210799	-0.00606612530627732
0.0116723613261811	-0.00494445083822619	-1.87325209399843e-05	0.00672348708456246	0.00734366489555763	-0.022887089285319
0.0109133323827012	-0.00533303152643421	-0.00194682660817676	0.00631811576479089	-0.00220857937074006	0.0106696902092264
0.0140967289911118	-0.00321439640354642	-0.0342471777216554	0.0181212205356893	0.013435029067405	0.00267142027298545
0.0129153931134052	-0.000307084225612892	-0.0059674592130964	-0.0119669119161487	-0.0110113750869529	-0.000650443756301335
0.0134398580066472	0.00459332017160024	-0.00331346954794196	0.00697733618563463	0.00128815457372393	-0.00525371088191064
0.0149114770753465	-0.0633210775966539	0.0506921580390744	0.0614676392895096	0.0234876974125759	0.0203946829545332
0.000201938681936862	0.00103369441316184	-0.00159934769756928	0.0123470894182406	-0.0143774708049502	0.0225343908215998
0.0127338368208596	0.00280332116407147	-0.00511199743780065	0.00795802358361957	-0.00468573937113959	-0.0100473148437425
0.0131048311811642	-0.00516397736417928	-0.0133124150960731	-0.017894821307726	-0.00405191277825228	-0.00192406459371784
0.00534643335633067	-0.00530336993949347	0.00588578157637035	0.00108603362105655	-0.0113409906653381	0.00828453037240902
0.0139222221970517	0.019465423411152	-0.0276980223941298	-0.0225920144472882	0.012311952645934	0.0115507517143299
0.0149928152204381	-0.00828372318492199	-0.000664554660747107	-0.000675503050958595	-0.00758932317230369	0.00165602621288539
0.0114170582024721	0.00169375326456788	-0.00760358273890811	-0.0189132422928353	-0.0135977169404519	0.00887770743155315
0.0156951516706479	0.00402015482242991	-0.0244895571054472	0.000809854046077417	-0.00343927648047672	0.00502364214967101
0.012392960450862	-0.00713935944428335	0.00138504330858893	-0.00466555709628111	-0.00852887507053418	0.0112862196698527
0.0161675671297302	-0.0109038883100227	0.00416800063774156	-0.00599768866245365	0.00780655597009928	0.00279662716771191
0.0110244841668656	0.00259560910545931	0.00404999713835799	0.00816707834119318	0.00117825441343069	0.00433509513712367
0.0119361439071836	-0.00476342884132104	-0.00258476214361985	-0.00486553252083136	-0.0035617223313233	0.0015439292294528
0.0137733521908837	-0.00285376436858577	0.00547449993911845	0.000536948989563998	-0.0034277999721125	0.00484928390346422
0.0127013527219487	0.000642312748728322	0.00113867686903044	0.00118895528260391	0.000622003786038295	0.000275569855607676
0.0122905373771562	0.00474518954073483	0.000556233797079129	0.0007750163972601	0.000387219115758287	0.00475908518982885
0.0119451060331021	0.020889278962338	0.0272820962444108	0.00583082807030623	0.000848560280000361	0.00315651235572896
0.0121426692737335	0.0154290522508372	0.0197396088935456	0.0155581898020876	0.00738450825604915	0.000995020732838594
0.0124472497913287	0.0191171760550292	0.00818530162826568	-0.00857543766503636	-0.000226375980256926	-0.0128071607023639
0.000341876138786178	0.00255912292844106	-0.000398569955983362	-0.00609350274285119	-0.0201519402028647	-0.00644378692655045
0.012194812326634	0.000764628701284182	-0.00580648302371268	-0.00209237114646169	0.00664435737357513	-0.011891086171647
0.0142605209463546	0.00142964335988572	0.000742878033791213	0.000556432365019128	0.00122429089605997	-0.00299052075385388
0.0132995311702648	-0.00162644310150072	-0.00138324165878779	-0.00338182563918484	-0.00327059435260945	-0.000650830563160897
0.0128126661245309	0.00331344585861618	-0.00551220734072733	-0.00359030026098561	-0.00495566556607377	0.00341194905142773
0.0145408496604021	-0.00480396464372677	0.00257803969679051	-0.00519559572845055	0.00537508169948306	0.00760208337869959
0.00124013877579517	0.00346727370084105	0.00621666376463615	-0.0236414674082042	-0.0128729315057872	0.0612653678109261
0.00168079341559661	0.00286089513682494	0.000416959930008742	-0.0244960448836157	0.0424094185383207	0.052119580920284
0.00944350980265989	0.00553022083170345	-0.00545985291924549	0.00412881250942434	0.0128646170102954	0.0516551481889326
0.00544168240345838	-0.00230998745040471	-0.00744180071269538	-0.000689704178159899	-0.00807717510370106	0.00350555786199363
0	0	0	0	0	0
0.0130117503340628	0.00633315287584521	0.00757550968801	0.00313873837484315	-0.00371902840238411	0.00345939421730603
0.0121653099084983	0.000861449819386941	-0.0105119247754305	0.00565849448749717	-0.00713777668875999	-0.00830278091564889
0.0135101643532758	0.00459444426446714	-0.00481780785628909	0.00109877157686981	-0.0105802321262967	-0.000811896597733653
0.000209772507101254	0.00112479868679465	0.00155798593537346	0.022653150203804	0.00808746982821863	0.00498831735728202
0.0184582085930864	0.000789901174550004	0.019501286990454	0.0148980970329245	-0.0155078077802	0.0494533193571364
0.000865551346686204	0.00644709967465872	0.00644048901295489	-0.00573925039327086	-0.0344899623661747	0.00987126482192359
0.00170317469566069	0.00164509132656956	-0.00172563519048145	-0.0324397322704032	0.0298742511279183	0.00760874709167945
0.00605988236293564	0.00600490160831774	0.031256829081572	0.0170065665917376	0.00806722487383025	-0.0198471342616149
0.0174750321186307	0.0156197091372516	-0.000602962920590148	0.0373821523921182	-0.0218057358218791	0.00956228888846043
0.0138635436418937	0.0135715722413376	0.00669084861868729	0.00289020416417743	0.000949481296612757	-0.0106542673579133
0.0121167396731188	0.00798697901400778	0.00512409518807734	0.00898539760595044	0.00113722490194703	-0.00730306628341922
0.00994554020873264	0.00766221370436843	0.00673069052083036	0.0115617978069011	0.00265377451320346	0.0119809097695381
0.0174709968992677	-0.0175425060285693	0.0114664336064818	0.015006030948179	-0.00389644256983699	-0.0135122933770253
0.00596485008869345	0.00331938125870712	0.000368706481139258	0.00911435081032427	-0.00843263125171896	0.0083604711662425
0.015020393300284	0.00214297725944125	0.00310313390044153	0.0105840544951478	-0.0109593759614173	0.0122205117422173
0.013431466511028	-0.0215117272396377	0.0217570527726424	0.0137460545843941	-0.00284909933915479	-0.000290298683166534
0.012270794731744	-0.00659580048807235	0.00803651933194074	0.00656406993518723	0.00358608112531456	0.00721502977787455
0.0121747493531962	-0.00797484256197318	-6.33185456129699e-05	-0.0080375539973786	-0.00235670602222961	0.010299619992327
0.0109636029968576	-0.00634981136107271	-0.00622988390256229	-0.00421434220205744	-0.012409238909322	0.00909717488932616
0.0107932344947898	0.000341919697026544	-0.00709265964394345	0.00698604859684711	-0.0151034641442217	-0.00108854473615934
0.013812461865819	-0.000257519741322515	-0.00543979108378703	0.0062016381759449	0.0112696103765657	0.00268934056824832
0.0122538725768322	-0.00573488695002068	0.000799451372605112	0.00192124215129678	3.22521537603477e-05	2.42742441333176e-05
0.0126838522908091	0.0151896508398226	0.022073844408751	0.00873765950983792	-0.000653764886697218	-0.0133156991309335
0.0155943323585099	0.0152384490068556	0.00292843988619859	-0.0160780463630434	-0.0193922946381704	-0.0147617521201824
0.013435034796979	-0.0222942619731048	-2.4987288537491e-05	-0.0170193251083262	-0.0153122520866307	0.0205818851379015
0.015065671256631	0.0158757286311623	0.000396918939925489	0.00126859866832457	-0.0102565349835027	0.0115979399946638
0.0109432411662126	0.0211893026939673	0.016406379563881	-0.000487961767323686	-0.00595964156316546	0.000942494488246347
0.0119965545274874	0.0169954638303324	-0.00275709355973164	0.0150814305906747	0.0134336686144981	0.00496011126214192
0.00569608853083642	-0.00229503995463545	-0.00451966275595206	0.00490741953897777	-0.0227943227444127	-0.0125844763133279
0.0131881130317728	0.00373099136169483	0.00258371212473851	0.00619222562249764	0.0024945573643487	0.0055379774307817
0.0125805691347964	0.00842605543780903	0.015209780287559	-0.00491091279757119	-1.15267127061285e-05	-0.00441127982898002
0.0129184768199939	0.000146908715037869	0.00207797392097485	-0.000568541086989816	0.00913582319927229	-0.00466448044864745
0.0132742218804706	-0.00521557405848799	-0.0167016413473464	0.0080478875430508	0.00438509067320916	-2.79421573415937e-05
0.0144194416765776	-0.0160936277883473	0.00495091567808034	0.0140665189961865	-0.0064695200289226	0.00986638334630232
0.0149627161449106	-0.0276438095298288	-0.0119547418506283	-0.000890826923748993	-0.0181734072280637	0.0225848719185749
0.0133825155790817	0.00177020853684247	-0.000161860223340445	-0.00352970994016384	-0.000656058170589679	-0.0033952720507322
0.014711483497359	0.0239898170200184	-0.0102319308488992	-0.00821948615620656	0.0381916801143009	-0.0119052324423659
0.0126762393162909	-0.00597871678945568	-0.00427898184579522	-0.0023403990504149	0.00962505283469365	-0.00994218154178143
0.0154608389604124	0.0156556068505903	0.00892834610022927	0.0142378177186618	0.00798703452110014	0.000361420276607264
0.0136957583819583	0.00508940186545864	0.0104621832572941	-0.00170896628613197	-0.00692790192493201	0.00259703843073236
0.00610864039294163	0.00598575611539865	0.0156761897299791	-0.00156757971992961	-0.00477149249401492	0.0195385287850035
0.000413645312267136	-0.000522618735756116	-0.00096068868223706	-0.0210987316324381	-0.0107636610499157	-0.000704590472048303
0.0134595332994586	-0.00128189348530439	-0.0015182304453636	-0.00471612295247387	-0.0138350664145672	-0.000660605961358757
0.0114396664766071	-0.0193238526739185	0.00657453221832789	0.0320917943327712	-0.0127197398096029	0.0290585096216887
0	0	0	0	0	0
0.0141060846972761	-0.0301317868528102	0.0244689589232885	-0.00948351362999321	0.0406676387518613	-0.00200199850135107
0.012621516787708	0.0138806787686199	-0.00449697576214451	-0.0354439382475123	-0.0118788500623822	0.0160843353349445
0.0116986948668358	-0.00156887378272681	0.000234668083086414	-0.00428912880386951	0.000134979701682321	-0.00459029874048363
0.0121279111551731	0.0220713060248215	0.00486320308311942	-0.0072910984181571	-0.000319575740468716	0.0145255618349915
0.0143401562563796	0.0176548460189512	0.00267262927948128	0.00988139408999918	-0.0163358535475915	0.0174645587796854
0.0128062090836382	0.0278292171697432	0.0253267853140459	-0.00396693906242036	-0.00828771756177772	-0.000483153196158332
0.0141635149088398	0.00977352883323667	0.00514570249055426	0.00421434482444782	0.00454601727787147	0.00237339361336855
0.0106298466341369	-0.000375323903831774	-0.0109767685345373	-0.0111372934814718	-0.00356985777860071	-0.00518282088272271
0.0142183310998012	0.00334878019502887	-0.00252139989418424	-0.00378869570591879	0.00619871379376224	0.00458641746225733
0.0135290570491225	-0.00250478066596503	-0.0355406326377393	0.0159222648037295	0.00791131103834507	-0.000396682858132301
0.0130473123646518	0.00640337756119158	0.00638543190264681	-0.00936393571164621	-0.00224946540736387	0.00448013821378584
0.0124423054638612	0.000841764767813582	-0.00104473029617991	0.000805816519732551	-0.0138106228134227	0.0087523359342198
0.0128144256424585	-0.000339262058243272	-0.00385161241734969	0.00129994227668076	-0.00169623194929201	0.00420271847981458
0.0137919902046049	-0.00458354460453209	-0.0018892143920107	-0.00470281756823809	-0.00696848245199735	0.003349416475829
0.0131396771815941	0.0106205991033652	-0.00795460102802756	-0.00947843886611658	0.000676670028777696	-0.0106144764051906
0.0111151066946251	-0.0181377652843513	-0.00502965208207602	-0.0374760078748732	0.00652687619237003	0.00747869443494128
0.013509870332935	0.0245882134365795	0.016274226918517	0.0173875958173492	-0.00951345311438526	0.0155846962679251
0.0119009882658832	-0.0121510994721665	0.0169008478445291	0.0413078378003166	0.00730811925877907	0.0265597928220808
0.0167331785058417	0.0168068448013195	0.00132353795364913	-0.0103851764282934	-0.0151306591955865	-0.00458166254034253
0.0155393558370117	-0.000494510499587147	0.00229860439233859	0.00243759991360806	0.00323109056637251	-0.00171955732186658
0.0108467166794068	0.00157165620215181	-0.00349329165670737	0.000828850089558012	-0.00865284846122254	-0.00690044883308727
0.0139928532559151	-0.00536790393648191	0.00228367467963222	-0.00158876799190029	-0.00253382908237973	0.0125234633662953
0.0116113240449094	-0.00135279701800081	-0.0159066784692427	0.00979110791733301	-0.00319802165718834	0.00171540211693842
0.0112077239526121	-0.00516003182753176	-0.0120197621399922	-0.00437517630957952	0.00722031894223189	0.0129214439892168
0.0117265280591693	0.0168922522424509	0.0261436610872101	0.00168869856807276	0.00867106060914127	-0.0234727774776639
0.0134759685532095	0.00313758766150289	-0.00559572261158971	0.000935908899969203	-0.0101190748697812	0.00853999449400868
0.0125808016566439	0.0013026330417378	-0.00108179391809734	-0.0120623081045086	-0.00401642164698824	0.00334140596808803
0.0107675807867947	-0.00788343898026237	-0.0090147369712441	-0.0150361980738474	-0.0207634064508149	0.00180798523287597
0.01077587883229	-0.00377084094534945	-0.0045886737613065	-0.00992444886689557	-0.00922952825493422	0.00628529320898479
0.00946189186648016	-0.00341423608492579	-0.00713303858305757	-0.00817532110363848	-0.0189959992026233	0.00722836832267519
0.00769825369926818	0.00875358092850264	0.00993912696090971	0.014065799552796	0.00801965266751289	0.0111560791174964
0.00989884322294431	-0.00168215969994357	0.0029485015596522	-0.000487146339318864	-0.00500506735055659	0.0119521825411446
0.0101065007904497	0.00335742815245622	-0.0053933965749251	-0.0130039923919649	-0.00793853210789235	0.016407319242192
0	0	0	0	0	0
9.49198044772884e-05	0.000737991290346663	-0.00257857889993102	-0.00201062157871486	0.00298107511631275	-0.00787827302658877
0.000176562237310472	-0.000171101102555785	0.000426579814956111	-0.00963441932155106	0.00468713083623948	0.00206480280076917
0	0	0	0	0	0
0	0	0	0	0	0
0	0	0	0	0	0
0.0124965449933501	-0.00772042047820717	-0.0117572665655806	0.00743177200134358	-0.00772757528154978	-0.0194961182337248
0.0120692113771614	0.0137622919236289	-0.0101234118509567	0.00625089719702774	0.0159717139669714	0.000555274608850412
0.0166975637292365	0.00790192917406918	-0.0178224091788994	0.0246870952393486	0.0259253301997095	0.00330196417108508
0.00883631956802287	-0.0123478289503344	-0.0298536513974461	-0.0162128387702641	0.0158888079011803	-0.00648915481639071
0.00767566282736069	-0.000595337839232064	-0.0497478504247028	-0.011067207911952	0.0358131492122197	0.0118576658188283
0.010891928383965	-0.00450973573246518	-0.00741531157600986	0.00747525341731254	0.00283267477368265	-0.00667259845032607
0.00940755283352749	-0.00887879874996273	-0.00269248988520295	-0.00101592639433451	0.00573143064768733	-0.00381444358154261
0.0129718943674148	-0.00398758266344648	0.000496039547778928	0.00943206723643182	0.00463284728931694	0.00145202993592162
0.0110906751086054	0.00391424322656458	-0.000619401936817754	0.000511952146408104	-0.0121835731735419	0.0298439362000161
0.0118393025465105	0.000809904960691772	-0.00791098150712857	-0.0147529487993112	0.0049211183515913	0.000450658839870181
0.0152656461432575	0.0159658562045142	0.00473712542136123	0.0121381189053757	0.00314923374486502	0.0175034639487712
0.0123786469681185	0.00239317728656662	0.00422367854632329	0.00174289319811765	0.00441996512250267	0.00372856012953002
0.0133188343630465	0.00318508488566312	-0.0106926075769753	0.005057839333078	0.0140834359423797	-0.00943111940225833
0.0183798502048997	-0.0173391977175468	0.00884372509854101	-0.00499678619598875	0.00343498509980823	-9.95995478364564e-05
0.0106118764889324	-0.00514335807823112	0.00481676412940948	0.000883702682551551	-0.0114386143523148	-0.0069497270091095
0.00834566826115372	-0.00103554552609303	0.00279331117154951	-0.00931173774228498	-0.00382048804260118	-0.00283837970915203
0.0151218372305203	0.000696239982861166	0.00191163602165931	-0.00283815363838911	0.00448103083185573	-0.0116096350178849
0.0109671843756331	-0.0368080239355383	0.0143140101145353	0.00529317603967361	-0.0164392067354423	0.0181763969742174
0.0128120675293862	-0.00437794186138839	-0.00539538620991243	-0.00830939437197033	0.00173091160370665	0.00236898107743142
0.014450090944076	0.0150456429489783	0.00507763918446596	0.00163371228789666	0.00279357021199459	0.0111554543962421
0.0034422373341236	0.00692116857105744	-0.00373685294429223	-0.00991067860738596	-0.0483196143860424	-0.019899424481745
0.0132172640802768	0.0235998981172503	0.00838619932638046	-0.0182015210353651	-0.00861051866905153	-0.00734041292350774
0.00507437743069466	0.00258098358539993	0.00811833314271491	-0.0219585177760542	-0.0149697437076488	-0.00665122070810277
0.01303134568764	0.00741009979677485	0.000464655306391555	-0.00107874207846629	0.00719852143223812	0.000562016311675615
0.0139423007857696	-0.00334838231512819	-0.0140129459538143	0.00884134118086319	0.00151135938740895	0.0109466161288823
0.0150678183664457	-2.45763143541283e-05	0.0024692107393571	0.00362218905379404	-0.00440274058083198	-0.00187569888943388
0.00737424405134672	0.00130490944149156	-0.0337478421582099	0.0305822544657383	0.01552659235016	0.0139876602778891
0.0141586605639926	-0.000883775246326776	-0.0338851186236589	0.0185535230443619	0.011017911577484	0.0025502377613014
0.003512787791287	0.00430796843541713	0.00502823429876892	0.00673683489729144	-0.0228855262639497	-0.000821601766347678
0.00152820202213456	0.00712335889211057	-0.0121318939154041	-0.00676212171382977	-0.06163727459783	0.0440252805252014
0.00019535147762746	0.00423737226463709	0.00202428368207678	0.00830441370853124	0.00616493144120632	-0.00768949223580415
0.00787277064486778	-0.0134589134410235	0.00762028465183782	0.000451970579680079	-0.0169697585261114	0.000157334118228064
0.00941386911285476	0.00971702029584289	0.0140272361671914	-0.00189003505398284	0.00107967868098459	-0.0133800244124401
0.0126280040865413	0.00431942388144266	-0.00105851806465793	0.000674439441470973	0.00734198411709861	-0.00237356093469792
0.0147486384440503	0.0184926645237275	0.0079499051316964	-0.0090392634182093	0.0201937188395184	-0.00476922250344935
0.00879495543040464	0.0171801210373208	0.00683066871854722	-0.0126104187358519	0.0258800312333958	-0.0108043706377493
0.0134845605457118	-0.00413477188469687	-0.00174224220103904	0.00457602163038437	-0.0130999581059751	-0.00660319087350803
0.0139663456128361	0.00479486627046305	0.00187123917127971	0.00865375319812375	0.00357043105487801	0.00210141978643668
0.0147702114510699	0.012712507064788	0.000113507900050001	0.0209735658861516	0.00505286730854033	-0.00174194165834877
0.0153421922331879	-0.0293811428881831	0.0152404859775265	0.0144400742941958	0.0731974318631411	-0.0173738713495034
0.0124500950487798	0.0246193098757617	-0.0153640099507048	0.0155372866606999	-0.0107658044461137	-0.0201132964021472
0.0100619900637365	-0.0290627095649768	0.0124886660368531	0.00135822378002079	-0.00266839181411175	0.02344561827901
0.0108191047316113	-0.00629892061017008	0.0165151099483131	0.028523083196331	0.00648704621778818	-0.00865684752491599
0.0157192512638327	0.00371539709025504	0.00658993000306307	0.00309320688654457	-0.00342480648212611	-0.00440831887748073
0.0147746479893375	0.00799343811720678	0.00329042937620763	0.0105536165714587	0.00138206559450987	-0.00260659552633123
0.00675287657269192	-0.0189561166866019	-0.00236388165693675	0.0163513560306958	-0.0258531275834525	0.00106348570782348
0.0104541938280296	-0.00955872012228689	0.0100820554861173	0.00274175427740806	-0.0220755554166908	0.000815726318551311
0	0	0	0	0	0
0.0146313315031341	-0.00774804738507823	0.00547330226659232	0.0103327107427307	-0.0133207310266701	0.000594308596091198
0.000243025411943537	0.00236672678844618	0.00501411673131806	-0.00398232971954405	-0.00818554582291016	0.0212688403840932
0.0140521145008091	0.0147479331496052	0.00931110898500909	-0.0121624997567578	-0.00453903247281898	0.00362566243032849
0	0	0	0	0	0
0.0160426160824955	0.00652562409783044	-0.000479885724430693	-0.00732968094220075	0.0136439018474092	-0.000876292460911752
0.00311105034493411	-0.0101935347038042	-0.0090564582065099	0.0112310875151638	0.00641316840004677	-0.0112481048449351
0.0114072816580236	-0.00843047523545869	0.0077848184355202	-0.00454478353553549	0.0187768815413895	0.00641992017368194
0.0122020741029751	0.0166540752453231	0.00508812918034194	-0.000823680460308747	0.0043230331284116	-0.00271839410806935
0.00899619660013372	-0.00293063446763326	-0.00124513433015407	-0.0115279403125873	-0.00950734460132647	-0.000424721517296445
0.00108104263826536	-0.000208780717719588	0.0155576825586352	0.00632133055554395	-0.00975839553150795	-0.0345061041799235
0.0166979777288145	0.00409847067847326	0.00344412486434414	0.0103501083354447	-0.00396555919255252	0.00138748946054045
0.0120176151500158	0.0297839904962955	0.0221136742234997	0.00122784329375311	0.00117810660841929	0.00188557935507017
0.0137273529519029	0.000151700048498412	-0.00471306551033697	-0.00997108200170344	0.00659502765891728	0.000281241388955221
0.0173455880589844	-0.0065102302822161	-0.0179930323354317	-0.00190386469365612	-0.0103093820860846	-0.00431062696862854
0.0120004050721692	-0.000197432659310382	0.00196960221190556	-0.011625856031899	0.00338299037922814	-0.00687573261715672
0.013772575263274	0.0121508321995914	-0.00130091863486319	-0.0158288584129883	0.00275551105265099	0.00248517850944926
0.0134975598370809	0.00724751867252544	0.0021738003984601	0.0162164478950299	-0.0133752701208171	0.000962445993122757
0.00704265593164712	0.000522524800972789	-0.0185095568596061	0.00895244116696509	0.00790802905144343	0.0064543405616377
0.011330836360703	-0.000374004435562277	-0.0199384818004617	0.0220669818157075	0.00722555920882558	-0.00359960467770413
0.0041732315131274	0.000684957553574177	-0.0130677611951216	-0.00106914233237373	-0.00904440996447526	-0.0284249709036217
0.0141131288616602	-0.0040734995319671	0.0146102444450703	-0.0119046809476094	-0.00485510258524483	-0.000604443227746704
0.00918484537861226	0.0106238885806678	0.0145061372416614	-0.00984808959411049	0.0100579373613609	-0.00335807523134467
8.89851833097946e-05	0.00111175422938214	-0.00174765552028824	-0.00635953620527574	-0.00248654475647589	0.0103677819784214
0.0104792808445588	0.00702536581457219	0.000350674529629103	0.000218115600953789	-0.00649247271175603	-0.0025015812980596
0.0135494440731279	0.00932427221778248	0.00432705279290878	0.00214101236087038	-0.000725036335143665	-0.00103291417674574
0.0125564875510451	-0.00971897000788069	-0.0104922872470293	0.00935124048711363	0.00278396572653203	-0.0125833085495363
0.0124248025234347	0.00256253790042438	-0.0063419858082591	0.00778604172430311	0.00442362641423324	-0.00285977321597994
0.0145822814644559	0.00440864942074096	-0.0010408933469738	0.00874426625403777	-0.00290687462558968	-0.00383546377158991
0.00802617298412309	0.00115651342777306	0.000789603688083532	0.000847453559818445	-0.00320096373231245	-0.00892668332835357
0.0143657035585993	-0.00472355483264246	0.00202160118481854	-0.000747238939830954	0.00324105490085526	-0.000866643297665942
0.000379610645519097	-0.00558304996261441	0.0045366376927734	0.00498578220301582	-0.00420000139876969	-0.00291258275246126
0.0143094339714748	-0.0170307879700653	-0.00791683355757906	-0.020155875390697	-0.000418845441221841	0.0058707349071618
0.0159365143632523	-0.0368293146147969	-0.00106267509279834	-0.0329837863751202	-0.0108245196262069	0.027371919992376
0.000297673932805534	-0.00474146107003479	0.00330744976037794	-0.000809461286823648	0.00458842899978327	0.0202563095142264
0.00266548819526385	0.00364765930643186	-0.0017911898844184	-0.0402855545604815	-0.0299336399520717	0.0354248984188964
0.00233409223847335	-0.0102080328398854	-0.00364210946627592	-0.00699497956868352	-0.0416844711974209	0.0152631280779149
0.000209897024071873	-0.00134525848505344	0.005306155480039	-0.0029786133559608	0.0027907137548705	-0.00483142679867264
0.0202350374017904	-0.000735916801682053	0.00258551122502779	-0.0027714117101312	-0.0107453289586329	-0.00860783495083796
0.00559302627099593	-0.0114397987442369	-0.000544100299547489	-0.00890359703413843	-0.0052522366608183	-0.00921773396958615
0	0	0	0	0	0
0.0148749572349325	0.00147857229145032	-0.00459579026351054	-0.00430996329058968	-0.0189746346114763	-0.000636692828167812
0.0132584526034439	0.00371268115210652	-0.000342438675855177	0.00424008387429216	0.00204941627228358	0.00130144675332622
0.0115964402740053	-0.0108351388344842	0.00223942636260295	-0.00601831204034917	0.00741852239190247	0.000601327956089842
0.011590520649211	-0.00168403802644635	-0.000419859451541053	-0.00924055237832113	0.00596895964080302	-0.00210750788082934
0.0128617574301664	0.00714210910360351	0.00141420461007259	-0.00145739020718844	-0.0115128133273996	-0.00242828201542083
0.0154226274087279	0.000757492041663295	-0.00117472777365419	-0.00386310172966412	0.00372398278413558	-0.00320124970186549
0.0143714680429681	0.00583347526135065	-0.0106860625591042	0.00146274976030764	-0.00175301888051573	0.000901021701919241
0.013807873588332	0.0201794886858563	-0.00618692336835598	-0.0163672195779	0.0223605118810232	0.00242405027930385
0.0138442248725055	0.0161288293371959	0.0179858176379681	0.00592034585201289	-0.00953071575299542	-0.0028293012836494
0.0143898084682007	0.00573351694761719	-0.0179517577446452	-0.012308920472515	0.0160898045962714	-0.00991831722709914
0.0160559426883442	-0.0166857712020117	0.0150753942169944	0.00541550960050927	0.00172114740610977	-0.0115998476470969
0.0130536178031371	0.00737490575149819	-0.000702889910607385	0.00646451856082227	3.69398821357437e-05	0.00518889854593049
0.0142236239723589	0.0257872413878267	0.021285637299002	-0.00264835198095131	-0.006807519689615	0.00692643375245223
0.00373223972363127	0.0186553160527154	0.018973741487811	0.0162982024315997	-0.0146087299477967	0.00177983107092974
0.0115072374089746	0.00172878916566458	0.00326071937850473	0.00556560550252165	-0.00289865410773448	0.00947904323395275
0.0135602180857278	0.00698223854003576	0.00536594638818799	0.000302742073203234	-0.0110915199342661	-0.00263777663444899
0.00461821052645049	-0.00233627488020652	0.0100499505746264	-0.00335297296235435	0.0121752662854722	0.0159355911996696
0.0137300271386065	0.00218579667114164	0.00119760423138241	0.00180465595224557	0.00706257749381992	0.00262163347539491
0.015025066618623	0.00370053444764168	-0.00289677179275711	0.00610375106931245	-0.0162329875453678	0.00414622070706422
0.0139148117774572	-0.00972607056944334	0.00472591269074906	-0.00117069881239831	-0.00117266194809834	-0.00156779990681976
0.00690650154844854	-0.0107290580089663	-0.00849184882371583	0.0152954440466504	-0.0109544689026991	0.00446027251944022
0.000988987551148864	-0.000576514464923662	0.00996182495095529	0.00252211522200376	0.0183835731442292	-0.0293904458627806
0.0158573264814706	-0.00461484725833536	-0.00102921318296163	-0.00514072326586833	2.55749234470103e-05	-0.00756656928300775
0.0123707902083844	0.00604802094786088	0.00554722366463495	-0.00352607815244081	0.00244204758598308	-0.000514385438193733
0.0124538073456777	-0.00541042833622957	0.00927386407376649	0.00368028544990303	0.0178403220005807	-0.0134805518636598
0	0	0	0	0	0
0.0146497264109309	-0.0437044880864139	0.0282769049513669	0.0397241057510941	0.0134447185464525	0.0226943238448398
0.0125549752304723	0.00588255748887637	-0.011742155288465	0.000527669438009074	0.00269497547297084	-0.00688466912507557
0.014797224101389	-0.00436746836166894	-0.014565519175311	0.00186161867043835	-0.00397266776430579	0.00337933870815628
0.0118684874151608	-0.00139715506031412	-0.0183867226027871	0.00420591180739455	-0.00470867743176612	-0.00904318099893098
0.012883688196678	-0.000132746330978158	-0.0103416446877289	-0.00263395718095806	0.000277752624405418	-0.00611576313812713
0.0142263664485538	-0.00218225430511948	0.00116079947773843	0.00316674949975441	-0.0185501223039855	-0.0027533893449306
0.0146194692650451	-0.00732576993355023	-0.00741436930619841	-0.0124572337662954	-0.00427523085623486	0.00856607688043187
0.016660149267824	-0.00501806638905742	0.00154023091188777	-0.00707991038037224	-0.00234359621139992	-0.00395273597789944
0.0133395116929822	0.00164903414998051	0.0012889767597179	-0.00472333851692821	0.00228194541274485	0.00091796053949725
0.0141103324236047	-0.00614593764206217	-0.00217299487510651	0.0120761653472847	0.0013301349913072	-0.0170744679587436
0	0	0	0	0	0
0.0170266896563301	-0.0239887449652612	-0.00982299622397322	0.0201540714781855	-0.000451823658055079	-0.0116537548906328
0.0158208254176216	0.0114334391439305	0.00429546052509372	0.00160726012337237	-0.00686740345703533	0.00054991511331018
0.00228625666489607	-0.00434373732615224	-0.00642625873767026	0.016446599638272	-0.00985731895150039	-0.00498050185071696
0.0160974614902014	-0.0128327882476946	-0.0123779048153075	0.0157143845784168	0.0029325658669282	-0.021995073314535
0.0127689709429888	-0.00221639548737222	-0.00632307639283484	-0.00219856410714909	0.00800367079058248	0.00482779927130773
0.00818270382056651	-0.00661656367071272	0.0150280467557435	0.00640571270326718	0.0164663537754406	-0.000476531412406299
0.0129215435654313	0.0026402458133032	0.004100929888162	0.00858317372462194	-0.0141043433843618	0.00130322919244008
0.0153368928083942	-0.0101353802678153	0.00466940341618668	0.00629441811222982	-0.00407720147264802	-0.00433158282997908
0.0138111108652008	-0.00136196406448926	-0.00205896140747872	0.000734008316174552	-0.00946826651911357	-0.00879623895371584
0.0123978563845462	0.000300860424121056	-0.00859866491840784	0.0115288889454465	0.0153942290066715	-0.0121839288298067
0.0116649296263667	0.000100757874443131	0.00120322708554568	-0.00249150257762698	0.00461974901727458	0.00431337596843376
0.0113046436573458	-0.00567962355838545	0.0134862949810457	0.00959353830341445	-0.00900260740121122	-0.00904182249028944
0.0118177445045213	-0.00637147833547625	0.0154283304801314	-0.00341550432328571	0.00247417459187539	-0.00400157851560816
0.0152419367929395	0.0198710431379567	0.0263307802009894	0.00837321807865886	0.0112927045765998	0.00743135164413933
0.0114837878574737	-0.00320315296697765	0.0207750498762343	0.00125759545304702	0.00316571888516118	0.00533494498007638
0.0109177713696638	0.00481566668258287	0.0101411277245329	-0.00376778504700979	0.00294689428339157	0.00221964558890722
0.000355013006180916	-0.00164699386592939	0.00527046585386881	-0.0212039830877045	0.00312041941217388	0.0198589092989061
0.0103619425747903	-0.0127701139465369	0.00259484271888512	-0.00957922779866579	0.00990675682814144	-0.00767687875135626
0.00977487261269851	-0.0153045885475591	-0.00150126424432582	-0.0139153264728515	0.0140666236029152	-0.00644627443231274
0.0126290375844008	0.0039053828098807	0.00323522552142396	-0.00165745354952199	0.00658282526889934	0.00308752771591676
0.0117389602508759	-0.00284908393997092	0.00483674398298047	0.0029190214447226	0.00743586503514979	0.00128693372465242
0.0147359134255405	-0.00242134363413809	0.00786708602969896	-0.00170893027982271	-0.00291727940339399	0.00373323574172288
0.0174325512489914	0.0137442608729166	-0.00791834148049423	0.0353545517998201	0.0109371394605046	-0.0074789574132949
0.0140023595462148	-0.0137486735050661	-0.00359133168678362	0.0114378992622955	-0.00484791387583633	-0.00407077812056014
0.00692539597171285	0.0140088954940388	-0.00344751170115062	0.0200856932682506	0.0170542855209765	0.0258764305024677
0.011658704025199	0.0127650055592161	0.000792582528261367	0.00369388718142658	-0.00263082202103775	0.0135545454596451
0.0112972095765475	-0.00535701408620849	-0.00341159830841148	-0.0147440988403719	-0.0113418687483237	0.00246648228187874
0.00356652549599411	-1.40441687199364e-05	-0.000979815499483255	-0.00564875345642797	0.0157481529431427	0.0117830451781685
0.0130811079387551	0.000318269301821076	0.00199229005324537	0.00249261516013106	7.16460214082406e-05	0.000889617727308406
0.0150323602102035	-0.00556412477463046	-0.00461376926873344	0.00967378996359188	-0.00531931835342355	0.0049107859101237
0.000457956754525638	-0.00986482310949548	0.00149927495244817	0.0141568485954066	-0.0232295170942608	-0.0181101888480759
0.0128641572592351	-0.00730915111967585	-0.0132900707879959	0.0153902391265622	-0.00322082743050249	0.00930183756791342
0.0139600811993237	0.020319947843648	0.0138553301250534	0.00941048981203272	-0.00220508171136191	0.00257982499804746
0.0138434048731441	-0.00296402144663001	-0.0255725055948071	0.0115340751526298	6.05243979890802e-05	0.00202355797349064
0.0121569221051918	-0.00214379889326971	0.00295927587942003	-0.00597755118710854	-0.00124996111449757	0.00367933063905681
0.0156787205622245	0.0175278328870459	0.00787175046771493	-0.0298440471082447	0.0235052620128611	-0.0385538573596997
0.0134008190497633	-0.0231053674674078	-0.0111658165876757	-0.0128756349142466	-0.00495499000457087	0.00333484517087757
0.015748627441063	-0.0277370017691617	0.0155430455953172	-0.00694702993491569	-0.0281534108685451	-0.0021069370995791
0.0140725649517321	-0.0536133196379782	0.0192154371611555	-0.0154281392019152	-0.00208073007143121	0.0247083372081319
0.0161754745872639	0.0107201123298612	0.00209289666026373	0.00585828806562666	-0.0125282077142693	-0.00332000448132177
0.0162840611524653	0.0268373226150596	0.0155761986313009	0.00541003217330281	0.0185051101245688	0.0198131957096895
0.0149335386082795	0.0228224796468841	0.00605475302820781	-0.0174843642055681	-0.00522251509096291	-0.00644374997770038
0.0144539674094014	-0.00190050682496014	0.00233080117518231	0.00758731515808919	-0.00152117661535718	0.000216365826259089
0.0126007733698862	-0.00928962401058283	-0.0403519513591986	0.0144773824321818	0.0154735508712096	-0.00688406777648449
0.0125176754979838	-0.00590986523642208	-0.00436302563655402	-0.0151004473180791	0.00179062260351195	-0.00569058229880523
0.0124135617408377	0.00816605931094081	0.00289276348725059	0.00222516718680597	0.00149228965259845	0.00990123077884421
0.0116513964314081	0.0135264183756904	0.0078657281975443	0.0058468088103744	0.00864818132447133	0.0146039898550351
0.0119604026277789	0.0122039491768987	0.00572210118020487	0.0105857974636942	0.0232139078515136	0.0208764577742712
0.0128977725013746	0.018855722096761	0.0352822764194939	0.0402545313323749	0.0303878533815035	0.0150448274830244
0.0131513305447801	-0.000280564334507442	-0.00390855896476696	0.00555088180120017	0.00470793286674831	-0.00859303686702135
0.011330261317195	0.0127328178389263	0.00508589331682203	0.00978888414639345	0.0268249912798341	0.00968318755711588
0.0156186867246578	-0.0122835523464003	-0.0172239754911358	0.0176998785479053	0.0166017205688644	-0.00587350505987164
0.0039304909402456	-0.00427658165175083	0.0085218364628658	0.0101756865480629	-0.000712303826525727	0.0206289296198906
0.010972235625713	-0.0136285481058781	-0.000421156866150669	0.00147822732164634	-0.00383596276294158	0.00602589895705653
0.00868580660013303	-0.0221017526768471	-0.0331177537250007	-0.0244727793183844	-0.0323075023367195	0.0125355387840787
0	0	0	0	0	0
0.00206914933518517	-0.0205672646965084	-0.0120079789840832	0.0288168068212258	-0.0380197765781853	0.00625708322765601
0.0137299794078254	0.00493762455699668	-0.00357802653995025	0.00229717642335981	-0.0026845105367465	-0.00782261556886246
0.00406338012739727	1.24514655767544e-05	0.0207533182642065	0.00391783155089774	-0.00728699843179493	0.0139412861965033
0.0162292779327226	0.00832272690938322	0.0185200251769452	-0.0133325449218539	-0.0074732002897323	-0.0130292126780533
0.0150357706622278	0.0210866818582771	-0.028320211222204	-0.0338490682063469	0.00782172153751837	0.0155458827943637
0.011291537205724	-0.00357551392478114	-0.00359493836793568	0.00581333890083146	-0.00758748147323588	-0.00225671967953342
0.0130776978625959	0.00613312384822398	0.000755492322168064	0.00329304540227921	-0.00529805356768682	0.00697494152142116
0.0150343256866668	0.0178487827658451	0.0202499817061329	0.00228899782842588	0.0185108355572372	-0.0145936775512874
0.0163972706703858	0.0163522416855766	0.00218276119674721	-0.0171927367661218	-0.0151233073114051	-0.00658760545945512
0.0123344231588398	-0.00343617950928641	0.00306851736302643	0.00269906558014902	-0.0102621639273378	-5.45191373279728e-05
0.0133344363170025	0.00138919094704163	0.00737277381965495	0.0095325896605719	-0.000310638617247339	0.0172416742798942
0.000709279867628126	-0.00991352585891194	-0.00634887440003575	0.0212768215169487	-0.013423455367651	-0.00610839172795484
0.0101624177433465	-0.00126449318415828	-0.00366592698991878	0.00363162086950561	0.000439076443402864	-0.00229905383318563
0.0058285818756495	0.000333806515131013	0.000889118565081819	-0.00969770788836874	0.00847951762766502	0.00865198874874194
0.0126639952562264	0.00464559901456824	-0.0066789473381879	0.0131207872121691	0.00964610135194173	0.00306066079927338
0.0125956375343157	-0.00279851473851974	-0.0172794166619518	0.00967002852947673	-0.00619272835886594	0.0151844553395302
0.00276444944052469	-0.0143868040709062	-0.00486365447757138	-0.00146076856698864	-0.0196263191721194	-0.0522377506156364
0.0132145991469379	-0.0149011314569815	0.00113178371489288	-0.00486177232330432	0.00121511315176293	0.00250502612716477
0.000426384982555809	0.000826479968090667	-0.00428746761321707	0.000438977955172832	0.0112250885915894	0.0291886052811163
0.0146164991829664	-0.00895957700175056	-0.0115155247889453	-0.00122625490925136	0.0110254830631639	0.00170435837967089
0.00914921412965109	-0.00101589474089058	0.000240195810656519	-0.0105376358527179	-0.0302741809962006	-0.00217302605699798
0.0151262131667861	0.0133310541873729	-0.0067943850363579	0.00916155111278383	0.00694439103742703	-0.00953768955489358
0.0135213670777179	0.0173749639479222	0.0197529555058401	0.00412354387725359	-0.00499307520382836	-8.50552204390287e-05
0.0127261082215838	0.00346357328593613	0.00529322732538012	0.00345133663526319	0.00491980927382604	0.00626223174379002
0.00841312566979124	-0.0229790768695811	0.0189876815214055	-0.0131537083699438	-0.0116369538691259	0.0207440377199476
0.00191962458538744	0.00140477661689634	0.0145338802905687	-0.0174766799730072	0.010056146794755	0.0103898334053178
0.000357226744192472	0.010567386190953	0.00928906608252099	0.0289406638429717	-0.0167224688626449	-0.00137774564130479
0.0154196322166019	0.0147213944312825	0.0108167345835534	0.0110169398593181	0.00466643740307881	-0.00673050586052602
0.0117892498946243	-0.00537235794234325	-0.0295841795382579	0.0123553891785473	0.0252527446149189	-3.61218025229353e-05
0.00486145151172915	-0.000551788613175251	-0.0277484413376468	0.0268071375113015	-0.00811342114765113	-0.0336776099619204
0.0131602326053247	0.00312397326611544	-0.0105512095262575	-0.00340235864997831	-0.000682478495945545	-0.00506132214411114
0.0145763937116477	-0.00623173646854903	0.00930920139946506	0.0231110394653654	-0.00970272845714374	0.0183249060931037
0.00802478472167046	-0.00490209594307112	-0.00212785737068264	-0.00133822146421258	-0.0237224096538859	-0.01928896823314
0	0	0	0	0	0
0.0134632504039725	0.00172276356472343	-0.000281504488692735	0.00437016391281727	0.00243220073505961	-0.00285333202460386
0.0141588425882192	0.00485937598883052	0.00424419500160585	0.0011433399652522	0.00192085150845824	-0.014366132163237
0	0	0	0	0	0
0.0190842385213926	0.0272652912030326	-0.00460119864564881	-0.00635903068345916	0.0304645353221506	-0.00340671304038214
0.00133983272775192	-0.0141076043363262	0.0138053498863334	-0.00567866075677749	-0.0267935680748884	-0.0629370641262714
0.0125301370077529	0.00545412536241515	0.00374896703085449	-0.00786067273411283	-0.00247557404045804	-0.0105705921935973
0.0130513762437665	0.0045779246538237	0.000431314758185439	0.00512854022521958	0.00506141050058508	0.0103963988924094
0.0115495730208443	-0.00813419116533524	-0.0200213609278913	0.0119476137541189	0.00288831485328604	-0.00381518706316741
0.015707454484992	-0.00791580507624773	-0.000497762302121871	-0.00442116016934543	-0.00816372439046624	-0.0108251442081209
0.0143339047475594	-0.00592424670945646	-0.00362694489320414	-0.0113112573235551	-0.00255833058954893	0.00336412161995732
0.0106535656477837	-0.0111819707130228	0.0515579858512839	-0.0116501747432736	-0.000545705331211968	0.0137608673086494
0	0	0	0	0	0
0.00520124003573882	0.00465686188066811	-0.00283576858416575	-0.000835577402207652	-0.0127304409991356	0.00158923434216732
0.0122398664059221	0.00514674899417059	-0.00876484443814433	-0.0103111905999014	-0.00208263409840561	0.0164488465363074
0.0133977472631626	-0.000859532405838158	0.00757567273472662	0.0121298294595621	-0.0152247912924738	0.00960586652664522
0.0145502889260336	-0.000613852064308666	0.00301731074513019	-0.00135554813213988	-0.00393182930772009	-0.000582708647298632
0.0118856197897337	-0.00909456776358696	0.000867616340336696	-0.00557227568996142	0.00784258519441661	0.000431552771508988
0.0150303590331708	0.0213226926587546	0.00382270216077249	-0.0150628831130243	-0.0151713189700465	-0.00127741882979951
0.0163371662572673	-0.0215232451670314	0.0239549817021433	-0.0241061707033066	0.0233755507252384	-0.0184800934171248
0.0111034900342482	-0.00624266665259754	-0.00385681535259528	-0.00648971034621783	0.00303798596675668	-0.000686882055728157
0.0147981613761273	0.00275292360536167	0.00245818855347279	0.00390804185220531	-0.000879216794882586	0.00290628065840368
0.00856490587046128	0.00113698038636813	0.0111459608686403	-0.00653489816598017	0.0105830303016619	-0.00658645791711441
0.0128118851955338	0.000268243869699669	-0.00276400272819251	0.00488579546382551	-0.00493065681508649	-0.00675406109433656
0.00819478777638197	0.00229749422695365	-0.00299562453633713	0.00420950425011904	-0.000404514429323761	-0.00195856628890179
0.0153024064486967	0.0187501182361643	0.0155527284116625	0.00360070689952145	-0.00281898024050854	0.00288439881506664
0.0138906030182637	0.00112444999338297	-0.00426242010478814	-0.0274582632598179	-0.011238933493605	0.0203663706241806
0.0141504402922566	0.0015176701028706	-0.00167830050433162	0.00115223123952448	-0.00570610061172328	-0.00376077449988766
0.0127610915765114	0.00966350679572122	-0.0030596199315969	-0.00362090619712123	-0.00226229937241191	0.0105272120741741
0.0138037595435987	0.00535664154554151	0.00758130653970329	0.00787305123739184	0.000498080229658049	0.00284908319172794
0.0104374844751423	-0.00642252323700241	0.00177830024989837	-0.00293649719455902	-0.00573583955611212	-0.00508625135643425
0.011451330464158	-0.00446319406168235	0.00728836746333369	-0.00298120890100314	0.00045766093364354	-0.00390892137154187
0.0168557613081918	0.0156674321459724	0.00152101570581062	-0.0113714321917879	-0.0186430025516571	-0.00676812512526107
0.0131744592974696	0.0098896675378212	-0.0067141076268244	-0.00564947799793805	0.00197836516165567	0.000812190760450342
0.01279780927713	-0.0136920329372915	-0.00393490583843191	-0.00955639289971659	0.00233589343758386	0.00136169779420273
0.00391437490369165	-0.00890230771239972	0.00171111726893218	-0.00345003317547988	0.021312461797431	0.0295426083236267
0.0146272704545638	0.000260523659234381	-5.54282928605801e-05	0.00675079726882164	-0.000241199814158116	-0.00382836910010817
0.0120642245894737	-0.0475378176778648	0.0272422173671228	0.0184890094420478	-0.0179236095523743	0.0159245519084914
0.0158767909275311	0.0062650834084217	-0.00519062381997929	0.00813964987328714	-0.004632720235506	-0.00481932074970843
0.0135200503731013	0.00324619808011187	-9.50184509903797e-05	0.00361102785160127	0.00595690002226758	-0.00527346080226619
0.0142772486734022	-0.000777927041525628	0.0390105065585209	-0.0165553549311613	-0.0185102152181029	-0.0354544797724653
0.0155693982421648	-0.00548033357951952	-0.00127128735491111	-0.00185943683421186	-0.0087038193346277	-0.000606551915155275
0.0134348638053734	0.0271798780693357	0.0255041415298878	-0.0110121374561914	-0.00254607866803539	-0.011815954489183
0.0122089077387477	0.0243675869531685	0.0216606435018524	0.00478117372337792	0.00548892172088389	0.00104274783617906
0.0118900605467088	0.00277174265196289	0.00501333261825714	0.00641133491976926	0.00333999101796514	-0.00299837945276091
0.013845894014702	0.00379399548728363	0.0029418023077412	0.000494204067348647	-0.00702589316417127	0.00285901677785279
0.012559213648382	0.00928978654073162	-0.00556649328801277	-0.000656504175367559	-0.0030355179065745	-0.00350417101227299
0.0162978204117297	0.0275684499711548	0.00166546018281792	-0.0160400731502815	-0.00835702588126486	0.00110891447218272
0.00820153814620433	0.00509883937244013	-0.00683216363410376	0.00181279172814004	-0.0217373277378148	-0.00543259205019954
0.0121816567875744	0.00824134797555325	0.00820184239011629	0.00212457762037755	0.00470891547584696	0.00708121170832496
0.00195651469779307	0.0025926914087805	-0.0123499622006469	0.0190205525420964	-0.0118152451234223	-0.00794671251323279
0.0163194521230445	-0.00128129809336002	0.000983544681951614	0.000389833697730318	-0.0110013449567051	-0.000243397605804874
0.000422635875246084	0.00640220660542801	-0.00356157986762381	-0.000483469557804619	0.0093265297832018	-0.0101122166600372
0	0	0	0	0	0
0.00635901466874235	-0.000186609531338393	-0.0124965978476533	0.00978949452056907	-0.00940887900599076	-0.00172409531648397
0.0103120249180365	0.00046186037542989	-0.0120804377009882	0.0104722774918561	-0.00289487966366625	0.0047881126210691
0.00582329707373471	-0.0136633345712876	0.00020230513712244	-0.00056708531613939	0.00200770088351954	0.00976328531665864
0.000110819730458258	-0.00195940005598522	0.00124382791267147	0.00178978507383372	-0.00810142626389756	-0.014440370948085
0.0160551856040105	-0.0101769777553558	-0.000432671470142121	-0.00485283770515234	0.0048139630156575	0.00356707767170792
0.00735054436257161	0.0210009259758198	0.014442290674825	0.00221547528980164	-0.00725141062617164	0.0177374789589125
0.00223729493358839	0.0168746360219811	0.00721440922752753	-0.0137342801817445	-0.00576360826337824	0.0382264206108227
0.0081194980290361	-0.00947607693090462	0.00199713193357454	0.0201714384553783	-0.0406978140514129	-0.0383416149474965
0.000647011203126833	-0.00407178884460768	-0.00556658943554397	0.0299969804614609	-0.0272874180600664	0.0367035790599973
8.89851833097946e-05	0.00111175422938214	-0.00174765552028824	-0.00635953620527574	-0.00248654475647589	0.0103677819784214
0	0	0	0	0	0
0.000112081275673021	-0.00324994580078755	-0.00180507503102739	0.0098724015349453	-0.00360534544299646	0.00783279595548264
0.0120302396122848	-0.0041995817547588	0.00760571721041413	0.00499814745595665	0.0114490320380317	0.000507565509648223
0.0118124883707787	0.00726879674338704	0.00675365959967446	-6.29104715847734e-05	-7.28329715592629e-05	0.000379745473703222
0.0155039506164287	-0.0128340924251076	-0.0156148685200472	0.01221704170035	0.00719131295211118	-0.00037051337901722
0.0136966389386568	-0.00975507206825991	0.00294540924855757	-0.0151372616206905	0.0141034564192232	0.00704241169737428
0.0146760674378341	-0.0113370183962722	0.000408433758783534	-0.00667055126962518	0.00365972976258192	-0.000478193255834606
0.0132940775145281	-0.00384293084784146	0.00507631268913223	0.00207148849106139	0.00486901651134579	-0.000491773494827939
0.0153622067963543	0.00397316863874324	-0.000933359347897182	0.00952695964999237	0.00632924751810597	0.00090372856901656
0.00612135421800584	0.00250295508150387	-0.00585706723884442	0.0139413100910991	-0.0270867941276474	0.000696232930365007
0.00810595250516161	0.00245191578301714	-0.00844730878188103	0.00472856798658832	-0.0275913943759301	-0.0256973398803446
0.0125611871170318	-0.000497198057602045	0.00408881906652596	0.0023403912928267	-0.00416484424371657	0.00429912111451777
0.0100910191936611	0.01062969034667	0.00107620891112277	0.00466095961534975	-0.00955898204314388	-0.00547301834019056
0.0130150491731054	0.00891040062997513	-0.000540682117484425	0.0102300724879361	-0.0136671710220142	-0.00273376508811486
0.0026940352680644	0.00603225733195499	-0.00582990422225676	0.0173744703490853	-0.00505438460503309	0.022689560752988
0.0114549514042948	0.00978493688428052	-2.88512453201774e-05	-0.000854792053261076	0.00446780392632385	0.000981902765839826
0.0124654055688189	-0.0264315678550814	0.014369979824874	0.0184276358465486	0.0010313556264064	0.0239668176309924
0.00119640122685357	-0.00300772116731383	-0.00642119811888757	0.00834755895627569	-0.00802950175793112	0.0413908133238368
0.0141583165765976	0.00568912809628151	0.00506780160376173	0.0152484285580649	0.0115290540357699	-0.00454310951521647
0.0127526353368951	-0.00724717982974109	-0.00255739095674865	0.00560277997977894	0.00440937447811467	-0.00328959399970035
0	0	0	0	0	0
0.00928904807281542	-0.00703204834557068	0.00477173953361024	-0.00731022712167468	0.00170558257907365	-0.00525033054473687
0.013378066642518	0.00467068286761898	-0.0153314791519473	0.0115952108316788	0.00218456199505712	0.00459525794998743
0.015108670371373	0.00564452478539148	-0.00502296201456743	-1.55852121838983e-05	0.0023536612719058	0.00798276781023647
0.0134550887559215	0.0148848002475512	0.000418097786395626	0.00954671278225608	-0.00874497127687123	-0.00528647654625326
0.0130536838051737	0.00577241057000514	-0.000443326632550637	0.000865192978070945	0.00908763502135139	-0.00724661454772807
0	0	0	0	0	0
0.0135393286498653	0.0220715133490882	0.0010561151888527	0.0062538196212237	0.00598118279411799	0.0178547836097018
0.00543904506020039	-0.00756257087107476	0.00559543277104665	-0.0157988332776425	-0.00751697445980982	-0.0305885051583327
0.013677487218602	-0.00267050416851087	0.00360268742442217	1.29026373640298e-05	-0.0215228547835125	-0.0112414025932874
0.000496663400182203	0.000924039876905425	-0.00468175420511708	0.00576671670808369	-0.0219843667090108	0.0105835288253474
8.89851833097946e-05	0.00111175422938214	-0.00174765552028824	-0.00635953620527574	-0.00248654475647589	0.0103677819784214
0	0	0	0	0	0
0.0131807272367726	0.00294354498344516	-0.00236591477279322	0.00138296461384413	-0.0105352927534525	-0.00668815138972626
0.0131196686508186	-0.00303021753149637	0.00764712520317428	-0.000752817582366281	-0.00381598810446521	0.0102229409280648
0.0120520971746907	0.00318646828223744	-0.0209556664781459	0.0162001547565663	-0.000165625027091796	0.0171827670680151
0.0141716812764494	0.00412169794175769	0.00229245626817309	0.00437053639921019	0.00204137372734031	0.00738490140125469
0.0173423394292291	0.0112178883556576	0.0124998927455019	0.0027491587191697	-0.00212217546606696	0.00104584254294412
0.00456908351256018	-0.000881826544876459	0.00249454238677151	-0.00924956667335722	0.017835742337775	-0.000930480046414668
0.0145439523608754	-0.00092678583173767	-0.00551810722294985	-6.13655088541525e-05	0.0171340084902337	-0.00244049076880255
0.013514815136146	0.00215177347845748	0.00988966215215026	-0.0056264159039156	-0.00188688068373923	0.000845543044857805
0.0126611072362083	0.0104923384815964	-0.00301029072203516	0.00622315383454124	-0.0067553101060451	0.00659442409795072
0.0125708503222387	-0.0018877907545706	0.0282924344680706	0.0263007959942008	0.0224589105579567	-0.00254534749212817
0.0123864183679615	-0.00656510691300889	-0.0349311316126497	-0.00190806747078084	-0.00724182872333856	0.00610306154012799
0.0134119074636572	0.00675224346496628	-8.84720771459351e-05	-0.00503041971967143	-0.00987960605920245	0.00102247452772229
0.0135764771957207	0.0059148621238497	0.00640527543557578	0.00217888446985198	-0.00293729768818589	0.0129114279670209
0	0	0	0	0	0
0.0119179942860448	-0.00284089627841621	-0.00119833629251613	-0.00373907223295779	-0.00335591483485071	-0.00215035990100127
0.0139742953653142	0.00382838136650935	-0.00502346016335199	-0.00855160731879599	-0.0129311116133655	0.000774456751762327
0.0128211901098248	-0.00610535750071171	0.000412321340942023	-0.00899808924704671	0.0134189176066036	-0.00191645540439437
0.00579553589344271	0.00282270389841861	0.00927040244588093	-0.0185839938052983	0.00243403799475229	0.00179302689119303
0.0134639445599668	0.00347803979413567	0.00531786248427764	0.0100746973084522	0.00140679616266881	0.00630689234613029
0.0181430441238615	-0.0115847805338923	-0.00321557502354383	-0.00260956731535579	0.0175716919750199	-0.0166853698922477
0.0167650836407023	-0.010039020938675	0.00025959756637295	0.00911915433253374	0.00982790014306655	-0.0119326619958158
0.00950355043006828	-0.0142263387773457	-0.0056467130983914	0.0114276850911522	-7.81870486020794e-05	0.00557810692405448
0.0109602954709732	0.00349352227367914	0.00237425972168726	-0.00267070785337594	-0.00145732744864456	-0.000671721726025647
0.0086067831002145	0.00177112619265496	0.00342810878130322	-0.0040579005722972	0.00163332064056099	-0.00645317583544995
0.00022776929702001	-0.001473040430864	0.00636467500286628	-0.00597264340373742	0.00516582877000414	0.0018592361667414
0.00283214700500448	-0.0122692183358986	0.0025449760465674	0.0115259565276215	-0.0161221116719004	-0.000741016464371739
0.0142357117922937	-0.016073999750305	-0.0220809966275841	0.00833107176621883	0.00323547780821944	0.000857206099432237
0.0116724941591594	0.00363313448428214	-0.00123566492669147	-0.000856790167650852	-0.00472226612645456	-0.000836713266555068
0.0110803778119887	-0.00103091846606127	0.00832703446124426	0.000258233682747132	0.0180656687602022	0.00836923998985993
0.00962107851447332	-0.0004756337227457	0.00718088686318161	0.0014940829390064	-0.00418620536266952	0.0115832785002261
0.0126417522205065	0.00243572078733186	-0.00764570720639061	-0.004694168553178	-0.00193328785753506	0.00951640707993411
0.00868216912408065	0.00348400255114114	0.00400215537613712	0.0137531474454501	-0.00797751126401436	0.0142348121679261
0.00884094680264914	-0.00515182376516895	-0.00702638179333039	-0.00204373978782536	0.00132647596506681	-0.00951953441178611
0.00495902848177294	-0.00635038586162891	0.00186818671410956	0.012519797102229	0.00991312220916933	0.00140911274781637
0.000461832484531892	0.00235189424392988	-0.00413654566765692	-0.016119892705831	0.0164655394778641	-0.00186343684249967
0.00322764777435698	0.00034220228708387	-0.00247567296553625	-0.0328606712652538	-0.0105323535731513	0.0173603998028876
0	0	0	0	0	0
0	0	0	0	0	0
0.00424649649071912	0.00048956385769992	-0.00770412241392379	-0.0140940037420546	0.0211488341099308	-0.00152161154813601
0	0	0	0	0	0
0	0	0	0	0	0
0	0	0	0	0	0
0.00605744700126997	-0.0107154110945406	0.00052285325936712	-0.0103988805684635	0.0124905248542378	-0.0210692789867216
0	0	0	0	0	0
0	0	0	0	0	0
0	0	0	0	0	0
0.00451220803036961	-0.0346539552039668	0.0293163879282673	0.0148502683650679	-0.0646983125766842	0.00588621894419211
0.00432629561351002	-0.0138819021316128	-0.00313001464539543	0.0039019218512284	-0.0063364220368955	-0.00862842756029744
0.0113428603172945	0.00403214388548454	0.00416869062759044	-0.0019155127646878	-0.00155176008405877	-0.0147264224942684
0.011086663214622	0.000458248511503923	0.00927758985537541	-0.0129486249320186	0.00388978330478079	-0.0108272307708735
0.00386571787098347	0.000505622197835448	0.00601791128956078	0.0129535055928098	-0.0251422453417313	0.0108351080890675
0.0130589332594435	0.00976101861124938	0.00303563496056842	0.00235527798497607	0.0214667811793112	0.00865644343143451
0.0134820008539206	0.0154121987988492	0.0118057595242357	-0.00603785370411481	0.00441180970800639	0.0118284938161843
0.0127826756566116	0.00110753488081995	-0.0105112526567415	0.000452654900792224	0.0147732038638799	0.00206478132493484
0.00318349226565366	-0.00195121527886876	0.0148972807792265	0.00566831900784771	0.00182112616468815	0.0342726187159465
0.0129592894268905	0.0091583690322363	0.00560967461241313	-0.0027722499862938	0.026451466935519	-0.00990552776786284
0.0118283110099568	-0.00835976073650305	0.00202815079970812	-0.0110218658115057	0.024995290680112	-0.00352533320927561
0.00822889869592813	-0.00775684293279762	-0.00299786852068191	0.00457552129756277	0.00662470716206826	-0.0216828509376521
0.0155439674392078	-0.00813387605286863	0.000541665629063609	-0.000303177172778636	0.00980201480716015	-0.0125382425869464
0.0165583446733225	0.0188991903742449	0.00220764872122318	-0.0128320080966602	0.00425198130698437	-0.0251542716911837
0.016219521750291	-0.030781192922571	0.00384781726196268	0.0125805816162402	-0.0168303602736469	0.0121908047665228
0.01034466423124	-0.000394730789836065	-0.00862346908097353	-1.40182285417547e-05	0.00228220726227088	0.00130338536903287
0.00110416907073606	-0.0159883843408643	-0.00371794804755213	0.0253494837497565	-0.00698465900379587	0.0126739480143238
0.0143932576903651	-0.00473235558029557	-0.000193392652461041	-0.00863620175636209	0.00883740154373649	0.000934097424440548
0.0135037131463561	0.00907395904606772	0.00828356586107478	-0.000742302636863994	0.0013484521043278	-0.00369098555739917
0.00974994312814565	-0.00763497124335655	-0.0122321174567627	-0.0150679421025469	0.0118129882094454	-0.020004507900517
0.0153154413507394	-0.00064224394322729	0.00864871908868089	0.00165839189504494	-0.00256936381365628	-0.00430471427378477
0.0103713636945009	0.0096822280614459	0.00921133762896013	0.0186569515216457	-0.00449664427926501	0.00308819572957041
0.0134104818501221	-0.00201593947026404	-0.00129817011745157	0.00520058270834108	-0.0141789371759345	-0.00376498063532492
0.0162160369607711	-0.017098503833386	-0.00400310274276124	0.0014917300632331	-0.0145081764026529	0.00624086090005859
0.0135798693468195	0.00164542091826326	0.000963573679028047	0.000561098127867215	0.00651978558190114	-0.00484486424934789
0.000107667095287152	0.00312167633814495	0.0041292019344585	0.0130759808792264	0.00523701630449759	-0.00829959027996478
0.00810644163933626	-0.00705274387900533	-0.00207063875024632	0.00860602430077406	-0.00576427478157063	-0.0122368833504006
0.0146112499621592	-0.0240544970550834	-0.0346516797969755	-0.0033887503902213	-0.0152522642928753	0.0247059289932941
0.0149079941224286	-0.00544509017852472	0.00495694817871965	0.0104173639263997	-0.0117584465225878	-0.0237665624316554
0.00233120097252516	-0.00924086212998711	-0.00483772896959233	-0.00471857523026454	0.00427028399306918	-0.00759668124425111
0.0108074523425423	-0.00296552571411131	-0.00140216276170809	-0.00232731292171337	0.0134300351466754	0.00491182360887441
0.00832010756589223	-0.00665047839459965	-0.00310366384360715	-0.000489270428958485	0.0159866422719575	-0.00752449167607665
0.0133960825600028	0.00272261837954422	0.00238967502746541	-0.00218608757991488	0.00407131222221273	0.00299828571655369
0.0139339155296771	0.011576800759522	-0.000735473590930593	0.00308969693537637	0.00208932362125106	0.0607816460914305
0.00588795841955047	-0.00659228195158011	0.0088630143494502	-0.0096736708180009	0.00795391872698116	-0.0111334988977582
0.0183510353090808	0.019227283411868	-0.000156416955957323	-0.0152682794342011	-0.0153087170025996	0.00132241196485013
0.0121750897182521	0.000781014476729836	-0.020876432045618	0.00897747357521586	0.0125548315849066	0.0042607335512599
0.0120974681506543	0.0149390989091942	0.00545169024257247	0.00504352313334835	0.00790672458557494	-0.00142864752283723
0.0107696204414768	-0.00351422790292175	0.00367260304978187	0.00409605189509276	-0.0123880631224486	0.00672064864384365
0.0140667821899368	0.023429541344236	0.0118896001717435	0.0060761708781241	-0.00294889510057565	0.00682593627802358
0.0122083489184233	-0.00986995398007428	0.001659119736929	-0.017635670410526	0.0110955703310672	0.00364134910779881
0.0110677606375978	0.00546774348957815	0.000872300810012652	-0.000970358483198616	-0.00284387362265652	0.00855401500566061
0	0	0	0	0	0
0.000418738296184495	-0.0028867574330937	-0.000850755761525804	0.00802084952219134	0.0133656872405537	0.0213808876327578
0	0	0	0	0	0
0.00915178993368772	-0.00250419991600832	-0.0117467374544489	-0.00581078146680399	0.017490274047222	-0.00970665222530233
0.0136967374911712	0.0170697999700243	0.00501375051747008	0.00547538769413821	0.0131509963413974	-0.00040586602225464
0.00711217021887561	0.00557825890705276	0.0046031639072331	0.00899341092710021	0.00459197947181435	-0.0036146901373126
0.00869380091829391	-0.00529891054739676	-0.0014361606314152	0.00837593081309651	-0.000198252895966632	-0.00710394290627753
0.00709639861137741	0.0011334430042212	-0.027275253493873	0.0192283087163751	0.0219175310057004	0.0173152993901984
0.0140816401979906	0.00420313215143401	-0.0318795503528623	0.0192248172963052	0.017011659194951	0.00766816490652975
0.0138378576850238	0.00271040872337244	-0.00806850610191609	-0.00283175508679893	-0.0038179920430895	-0.000764640593475342
0.000381288580532029	0.000849641844438326	0.00591856000343602	0.00198438261919667	-0.0016139089402702	-0.0253185429452881
0.0127299805774693	-0.00405260753905521	-0.00357835544599361	-0.00244934826815006	-0.0125157593614639	-0.00220924589657287
0.0140087484770252	0.0148177028987042	0.0107897240891397	-0.01145714425452	-0.0135238809825888	-0.00949577223328129
0.0143102464949199	-0.0062587373068454	-0.00409716416657922	-0.00100707643881151	0.00435740583017703	0.00164177525675672
0.0158756307374432	-0.0086015779780565	-0.0164519176786767	-0.00668899283183503	-0.0109817464276145	-0.00434708770150686
0.0114249484650121	-0.00139268170631042	-0.00606997199650311	-0.00178952480969954	-0.00938498019860367	0.0114956587840016
0.0131838569354405	0.0110966596107923	0.00858157442850629	0.0109485624085595	-0.00117913843896239	-0.000535250654034176
0.0129273693402975	-0.00764986540201202	-0.00671815623561769	-0.0141712835634246	0.00846654017865457	-0.00576244341220189
0.0149844517992202	0.00810099394448518	-0.0018407978602503	-0.013330559851977	-0.00860970328941718	0.0120442413169536
0.0153039547793532	0.000862534104762607	-0.0271937271631364	0.0194672699994901	0.000265170037521742	0.000856977592584693
0.0015434485492772	0.0188136453165225	-0.018077549427431	-0.00649837753488321	-0.0281190987864966	-0.010415275605417
0.0144318100516534	0.00146017475221485	0.00867046507716729	0.00442243964716744	0.000389929703156022	-0.00573744261420305
0.0186719328865688	0.0024503587324294	0.021073865686592	-0.0085462834298187	0.00402211203132357	-0.0114512941197875
0.00834568180836517	-0.0168811939486875	-0.00296473192003243	-0.00353454297108566	-0.0127769010758379	4.53765347259334e-05
0.0172306575641803	-0.017855746338094	-0.000998653858825272	-0.00662162348115877	0.010337313905225	-0.00905963296532273
0.0155100580287178	0.00079049591798482	-0.0116164923387376	0.00118723398991867	0.00327759613080287	0.00134213045453982
0.0170312893397122	0.019641690510469	0.00275141932520685	-0.0169212276998997	-0.0154480861090544	-0.0073614207661503
0.0120401146586465	-0.00296399036722589	-0.0292306041454694	0.000472844518078576	0.0224062966098304	-0.00307751610643686
0.0132930151920801	0.00127583147329412	0.000733966618631505	-0.000981971228942096	0.00499410812127322	-0.00546244586776038
0.0126019228025099	0.0091157774217104	0.000793165771854765	-0.000119660638336941	0.00239103068079755	-0.00126481885030854
0.00789768906504947	0.00581390526731132	-0.000446698198029092	-0.00752655727880316	-0.0181452352314679	0.00785143318606732
0	0	0	0	0	0
0.000631475649514638	-0.00464551174785649	-0.00436944908746676	-0.00566937723601712	0.000885919561289306	0.0251468227810112
0.010530665841459	0.00259977892368988	0.00791570593399441	-0.00484412310573438	-0.00347805587758674	0.00337107825265987
0.0132012875490288	-0.0254059170086333	-0.0120765437862015	-0.0149250235626335	0.00450704874362972	0.00604732301260723
0.0130661199349215	-0.00676881130295205	-0.00982695775506108	-0.00515008950909323	-0.0129706471859594	0.00804832927253791
0.0169138029819103	-0.00263899874037204	-0.000862445736427394	-0.00857326016435246	0.0054603928480598	-0.0361936706779463
0.0155360894896314	0.0158627941612956	0.00120899316088438	0.0025016576605696	0.000314761115337933	-0.00251828658154345
0.0155293608616985	0.0222121631568711	0.00889589874572805	-0.0201739691489116	-0.00440974381901925	-0.0112900631699876
0.000280893484098201	-0.00682912833748107	-0.000742371636948202	0.0112923595213613	-0.0119846767477572	0.00048632754031145
0.0163674470080058	0.0167519112650961	0.00303541916655407	-0.015829585164758	-0.017357780482886	-0.00693916964764469
0.00648945896957335	-0.00971703475528094	0.00394268279055372	0.014637960098752	-0.0244982716849372	0.0144782541743842
0.00728227212940044	-0.0117108955209212	0.00748227170932867	0.00681136355839699	-0.0361649058072824	0.0167585954352855
0.00233072445828013	-0.00270461963431988	0.00965059942926017	-0.0126968149531534	-0.0359333430767816	-0.0349242854960072
0.0136576737950218	-0.000163229283360189	-0.00270372835216764	0.00560109016093839	-0.0165051284202511	-0.0121587954699367
0.0135963766161666	0.00486962121912765	-0.0232539784449071	0.0177712588356675	0.0112611093556512	0.00370009643080032
0.0142415705273255	0.00999229310982402	0.00295754065761255	0.00468325271170436	-0.00463725683499961	0.00524727644749543
0.0141222319048702	0.00341378300883921	-0.00343768866499054	0.00539642217290358	-0.00590610101506938	-0.000688289874912631
0.0175517475779593	-0.00373559422296719	0.00301360915894949	-0.00547247476226956	0.00453770546986367	-0.00533579653330829
0.0155746623800298	-0.00167049232855504	-0.00213389802493758	0.00039161136792189	0.00753599515016355	0.0163609351787084
0.00261793060972	-0.0114079331097393	0.00674856775321309	0.0130210868588603	0.0186666426887586	0.0088181975017991
0.0128170058994202	-0.00443147996671168	0.00207522313814403	0.00128813793282832	0.00642578369098726	0.000890579267211528
0.0133121329229608	0.00165934231565169	0.000532449353547342	-0.00326019084441691	0.00196417578493648	-0.00869127961949986
0.0121628236016989	0.00257423159956961	0.00477266081012713	0.0207873682030281	0.0124976008717712	-0.018101507120962
0.0126487949350208	0.0124911603502352	0.0138510297421874	0.013468625731893	0.00420964295172152	-0.00454568554830817
0.00601766862011541	0.0128264263192002	0.0130606633563615	0.0025170309506431	0.00014131703583848	-0.00594129112020837
0.00157891589799891	0.00624357464916353	0.0131212714271318	0.00927421516463947	-0.000578963341219486	-0.0112887666946857
0.0131078208497453	-0.00748588847940443	-0.00416737169991006	-5.16460359498748e-05	0.00568016218717885	-0.000495094092161492
0.0116783394976753	-0.00430563462956392	0.00443377492885551	0.00338132468649618	-0.00112499034218419	-0.00686404195650578
0.0104825626568308	-0.00614856790091446	-0.00538067289545323	-0.0110781921110108	-0.000581395323073688	-0.0097695796356339
0.0117568548850614	0.00658704677226691	0.000149055257758938	0.00678763668059843	-0.0110167946204417	-0.00281277326712664
0.0156847354156573	-0.00093518738983751	-0.0103032338351279	0.00607977157127717	0.00698487427564765	0.0111217760509252
0.0118674912825188	-0.00453334452639059	-0.0315654749833152	0.00182953195961059	0.0124494949575529	-0.00190274436207197
0.0147709996410504	0.0033884403785284	0.000780831147450925	0.000512096611991988	0.00638378241571732	-0.00332596623469877
0.0145793483148985	-0.000254271150094042	0.00286015970904493	0.00117592966193147	-0.00466528893472466	-0.00255765543323042
0.0110954485126756	0.016757471612653	0.0185673410185292	-0.00380185031731893	-0.00480663816760782	-0.00106270538811324
0.0116012046941981	0.00209285409438032	-0.00218465735810747	0.00522939450322907	-0.00617353431269826	-0.00793031923701495
0.014354165109845	0.00749747361093723	-0.00191981384931995	0.00347469983590338	-0.000345101339852221	0.00691884409175897
0.013119724142881	0.00157114533724073	-0.0288501710283305	0.000316832438041665	-0.0128908546390814	0.0126464308931049
0.00939676438347706	0.00243055259889805	-0.0201845123946934	0.0113245318125639	-0.00354474262997104	0.0110261389967668
0.0136015665092309	0.00671670078008365	-0.00240144075699794	-0.00395275092526722	-0.00197882844584927	0.0033303436039011
0.0116835043424802	0.0174017618150522	0.010605701903126	0.00656262350676298	-0.000240888152851807	-0.00378810430840459
0.0144086027792256	-0.0102534189017107	0.00107772642238616	-0.00422583220690622	0.00479627324886401	-0.0176689809479909
0.0113232199114685	-0.00496130163914192	0.000748178816839861	0.00968254210417027	-0.0140219054911175	0.00132163816407696
0.0132056131641106	0.0279067837594432	0.00429280357209646	0.0270114383641812	0.0164552332305449	0.0137707192993575
0.00770957808258603	0.0136509227239749	0.00271205023589701	0.0171888054516031	0.010846479506528	0.00261460756385073
0.013992268332535	-0.00136985138459327	-0.0121040469909655	-0.000138191175659354	-0.00372974953186705	0.00666150531849283
0.0114335295788833	-0.00459598334232536	-0.00598342677096519	-0.00668481599262607	-0.0075314992174173	-0.00456709730338691
0.016788025046542	-0.00474347713792433	-0.0159286941345237	8.51316767331939e-05	-0.00834604308657467	-0.0040501340421932
0.0134608964388366	0.0296714574155616	0.0250341051499896	-0.00500125797819517	-0.00288159489103475	-0.00483989667935039
0.00177569221983826	-0.011057174802813	0.030421972547706	0.0177424143358212	0.0134234233496029	-0.0249995412379651
0	0	0	0	0	0
0	0	0	0	0	0
0.00369744058779795	9.53352627786185e-05	0.00709885492796852	-0.0100972076866172	-0.0044120530702826	-0.0369551279448869
0.010293791947085	-0.0220045434264407	0.0405165422199496	-0.0215695468776155	-0.00611726227357286	-0.018612930719901
0	0	0	0	0	0
0	0	0	0	0	0
0.0121207078130198	0.000351910722683481	-0.00414074310069021	0.00510037589672809	0.00932417507553275	0.000322136507588262
0.000171672828575351	-0.00169021477677273	0.0044811939210628	-0.00846491157677389	0.0031747173548333	0.00472789287164965
0.0144245579164824	-0.00904378319548539	0.00414345818576935	0.00238844534734623	-0.00564170943112263	-0.00497021266900483
0.0112179742082039	0.00340875640138843	0.00582671141140107	0.000978574085612396	0.0115275554370935	-0.0053066172628166
0.0125197959373761	7.05400269702156e-05	-0.0333313603114121	0.0158366471454854	0.0158660915850713	0.00310414709862577
0.0128475574921542	0.00172346706846602	-0.000961045765155558	0.00330753572672637	-0.00357515716771201	-0.0015621969149437
0.0111783579839471	-0.000108725100270652	-0.0141190973411493	0.0186333831632003	0.00940804566853545	-0.0181181268316535
0.0109906628458349	0.0143022369156294	0.00345971300785463	0.00725576995753129	-0.00844602717155328	-0.0113258981936615
0.0139793350724338	0.0128028515288318	-0.0104299311853452	0.00585134137241922	0.00566921181464941	0.00802582967430312
0.00771582105217744	0.0119666296030713	0.00840339409950942	0.000621825245536334	-0.00412959006439406	0.00435958428291386
0.0157735298936862	0.0116943264798602	0.00762090500109183	0.00495836301657053	-0.00990201011788274	0.000657250488204428
0.0133347009005342	0.0258209071943149	0.0133438510383579	-0.0142409791559775	-0.00205762580904695	-0.00710852374029463
0.0127621926170095	0.0280707156522623	0.0316752665666126	-0.0173242857785414	0.00546122243351491	-0.0149211002827044
0.0123614396899474	-0.00504225989024385	-0.00317220747747021	-0.00282356969360285	-0.00374683206578976	-0.013966686662491
0.0139883431066833	0.017706809003226	0.00240701548010649	0.00522223470488479	0.00147014019232282	-0.00311059170567348
0.0128410616259066	0.0114897907333822	0.0205001016019837	0.009680437746478	0.00611478889029409	-0.00620747198543091
8.76843823403089e-05	0.00111569592649214	-0.00210491825238172	-0.00477156717069516	0.000927915136708731	0.000610098044160628
0.0103405707771079	0.0196329552103493	0.0178254446826852	0.0138882967176905	0.0153161955310559	-0.0106358298260657
0.00666112500268263	0.0203595470814334	0.020589388678583	0.0110871991592346	0.000754758766753556	-0.00461430729822339
0.0141711368895987	0.00582152542964698	0.00871276125475219	0.00570901277856594	0.00225257835607958	0.000972350082386204
0.000922393264232377	0.000267623489203081	0.000728574189591255	-0.00445075792756556	0.00200273401311299	0.0224437221405116
0.00529328786113165	0.00572045645574846	0.00531412360851267	0.0129638946170673	-0.00856932297459729	-0.0138716818278422
0.0144416068516458	0.00742768115939103	0.00302924329863555	0.00750379498646488	0.00119709743775577	0.00154823131008013
0.0138878226504825	0.0124676626765942	0.00985572666927796	-0.000443113860107207	-0.0217074453089755	0.00251779155978294
0.0145199878163637	0.000282178068762729	-0.00207034215538401	0.00163309826813725	0.010219301602962	-0.000333230815599745
0	0	0	0	0	0
0	0	0	0	0	0
0.0148569845637948	-0.00558837414338673	-0.00206004145079565	0.00168814166124824	0.00718246968799474	0.00629849483013816
0.0116093272618613	-0.0168616732788263	0.00400689909264597	-0.0171751796724816	0.00739953622676694	0.000670565021315247
0.0133599410005433	-0.00186513137815896	-0.0107762956816159	0.0097198183750615	0.00400410042437152	-0.00250764241627132
0.0151950060110367	0.00596064353622816	0.00585220626688484	0.000635775841217785	-0.00637057617556787	-0.00313008099399693
0.0131384131075674	0.0030574743847809	-0.00262387983023216	-0.00165507995495717	-0.00785755743057324	0.0108644124443775
0.0130302475232504	0.00208886983399258	0.00591053987545548	0.00185324273463621	-1.68934915225172e-05	0.00245861184077102
0.00356826808764264	0.000601174876791398	0.0291034315777523	0.0210775378415416	0.00731626200987745	0.0321591748169328
0.0136527498742951	-0.0136916636897905	0.0010655024084901	-0.0120795260294169	0.00552398873837462	0.003444703294135
0.0130697568616422	0.0125517894254073	0.0079953586768558	-0.00155446554034065	-0.0147571859639176	0.00826305887185569
0.0149420802784203	-0.00505653611443842	0.000799553799999108	-0.0111269446565182	-0.00373936189052353	0.00385696803604401
0.012919762744821	-0.0038293421787691	-0.00732299099688244	-0.00225113178360591	0.0047905512263426	-0.00207497632697191
0.0132081557588917	0.0122279643960542	-0.00652630278077456	-0.00240717101454763	-0.00657557757211935	0.00270146225733556
0.0111998950294526	0.022734101661929	0.0179988007805802	0.00267807619532096	0.00120727963260415	0.00966391958846573
0.0132639533292517	-0.00151957524706586	-0.012279703344678	0.000710515648985862	0.0160379844939872	-0.0104201168189271
0.00233455803520188	-0.0114774730959591	-0.0245326518558032	0.028602257888245	0.00405404766337788	-0.0360411225585882
0.0130724861151859	-0.0434155543248685	0.00794433635428175	-0.0387662821400891	-0.012554093107294	0.00925508628344434
0.0127872398434779	0.0212770688519928	0.0207810073891492	0.000473077705821112	-0.00714098508951269	0.00352541147069215
0.0141541305651875	0.0281078952271121	0.00937122825945855	-0.00506488961777914	-0.0144687614976324	0.00134156070472301
0.0128855311974731	-0.00235672269931266	-0.000111214480431812	0.00572639481402304	-0.00971391393046494	-0.00335109777871622
0.0130134653802834	-0.003762751446607	-0.0201999425603811	0.00530691837736459	0.0117078074795546	-0.00319947646460545
0.0113421967855421	0.0241402426920383	0.0412660296368217	0.0514071192298068	-0.0279422800303696	0.0625022869930303
0.00633964152209928	0.0160974907162046	0.0134159883860397	0.0103272567445619	0.0118050948693753	0.0185816881114441
0.010513659223859	0.00086331214585297	0.00634675036999128	0.00652559742187462	0.00119782756487618	0.000782101196291778
0.00402204680456311	-0.00309368010341401	-0.00414655311184922	0.0197604549086269	-0.0191927100809309	-0.00531970219410102
0.0163476357911534	-0.0345447052110284	0.0338665685447574	-0.0173768948136415	0.0223023487198743	-0.00338144247952962
0.0142491201427614	-0.0188088515636875	0.00365570267546348	-0.0153232833852453	-0.00314150117509329	0.0193468146742544
0.0146384341370839	0.00489005775820719	-0.00831800892897651	0.0013277115413499	0.00216924617890801	-0.00287179986404715
0.0139932407249226	0.00667998141256549	-0.00309562817406284	0.00647458683756535	0.00210825731615858	-0.00148745715740483
0.0114668043585159	0.00331064587615527	-0.000876221722005186	0.0068740641372765	-0.00433491075163528	0.0105169115407059
0.0116542273080415	-0.00830059410986881	-0.00445074249121868	-0.00857756386024573	-0.00602499326023692	-0.00305950240580168
0.0130807195908868	-1.81554147301592e-05	0.00437182941739645	-0.00176077287381267	0.00374464414389327	0.000159669609987879
0.0138895209936694	0.00329725107416151	-0.00368653525254105	0.00363269629945235	-0.000815118449077175	-0.00249355921368332
0.0150794230049067	-0.0244333199955885	-0.00182079415977667	-0.0248368677452576	-0.00424912858091896	0.00528624144746748
0.0100504841712419	-0.0159598206480296	0.00617770143066507	-0.0120428518935605	0.00795374574165438	0.00297312497767179
0.0139466279219723	-0.019693835560337	0.0110716085097883	-0.00485308239169334	0.0122881742283913	0.00347458030886189
0.0138919945440679	0.00597128311382268	-0.00746703877547685	0.00482505933285225	-0.00117136721772358	-0.00632683401456323
0.0142463639357477	0.00114229262822331	-0.00482618415920743	0.00493689969621503	0.0134789322645421	-0.0110619416164036
0.0120611728609955	0.000616798536714489	-0.0252148811531114	0.00435944576149712	0.0127457210570584	0.0046858243086526
0.0140710955441972	-0.00850267910221121	-0.00951566539966111	-0.0146386343987162	0.000593033089106986	0.00693195303916816
0.0134616080800457	3.48887584436606e-06	0.00182087357359044	-0.000555055311440835	-0.00249259455683119	0.00431902506614166
0.0146788377616109	-0.00254818491031843	-0.00410782798134444	0.00210259338842021	0.0111717705647786	-0.00748448370685875
0.014583921557187	-0.00937907385344358	-0.00280622111127112	-0.00224775112396538	0.00435586780115535	0.00612445008794354
0.0134850387221664	-0.0020361654046501	-0.000675236811143875	0.00263002487019586	-0.00223223853224648	-0.00184357826494767
0.0132513491716886	0.000330783845694617	0.00166562448654983	0.00784734168309714	-0.0101994313791691	0.0103362079949872
0.0119725564106037	-0.0136869413936522	-0.0312212281069311	0.023233958103973	0.00405373996632146	-0.00596482538292796
0.0134655804113578	-0.00177608759275624	-0.00485365254422139	0.00464045096450587	0.00623629253944584	-0.00610581242736235
0.0122452838783595	0.0059633640867757	0.00365696257390284	0.00186475819271376	-0.00289315752997991	-0.00204527493446876
0.0133090454524951	0.00583347121472392	-0.00135958722336763	0.00132487996836256	-0.00122096477789781	-0.00016659169612903
0.0122463169144155	0.00903970846645913	-0.00424594808238585	0.00014544557045341	0.0121453331119867	0.00366853713633346
0.0139313335111726	0.00484294035711017	-0.0146996867398851	0.00431613151712584	-0.00062113738176096	-0.00179686064253956
0.013094803006509	0.0064464416487369	-0.00308052351890948	0.00848026704086942	0.00337233304019548	0.0076493980465891
0.0125039217607223	0.00721011086005704	-0.00286615286257328	0.0023707794868925	0.00821590985928831	-0.0124135105227698
0.0112143306863285	-0.00064864223621415	-0.000200223299952678	0.00318181622990123	-0.00818492352203603	0.00500118446592643
0.000466382486490422	-0.0035908481439891	-0.00380496097463608	0.00260622834254698	-0.00393220975251279	-0.0104451240346679
0.00532106781740166	-0.00597490331732367	-0.00579767676386305	0.0144645853866389	0.0278325586128628	-0.025261720160462
0.00700736715325954	0.0266855202391021	0.0295519391017607	0.0605288001872586	-0.0255661978662482	0.0439995758936598
0.0116929447017683	0.00529514444135583	-0.00528502203357488	-0.0176267086811309	0.00556308316100485	-0.0112929757304815
0.0119624328598207	0.0218820108905028	0.0100196278190977	0.00810403826049593	-0.0032657447206315	-0.00174149815960287
0.0111960129056031	0.00375695496682496	-0.00196173926804798	-0.00276746704036667	0.0102139921476928	-0.00679882633607862
0.00805532227917733	0.00184013280271838	-0.00683419091901635	-0.00551343725119248	-0.0161193885954499	0.0194286948932752
0.0131721507994153	0.00170496050854111	-0.00137653195173094	-0.00289756258507405	-0.00561671287022446	0.00761947471312383
0.00418373046184863	0.002784011508228	-0.00367263666534326	-0.00906739928719348	-0.00269736629138194	-0.0149108485494407
0.0147930887911062	-0.00453300563015756	0.0004550009818519	0.00778590283961697	-0.00895025238425015	0.0104084624199497
0.0138060972108026	-0.0190358484968303	-0.00513874737708014	-0.00670984370347066	-0.0252840054338721	-0.00147935579875588
0.0125229394882629	0.0075429161182067	0.00265604795664951	-0.000806349064728659	-0.00197227148197165	-0.00942720443857946
0.0109671371913934	0.00231088399883155	0.00588029632618298	0.00581665576336138	0.00636238777291997	-0.00107080531498526
0.0153230888162643	-0.00127282071694807	-0.0049748991187101	0.00629272739790984	0.00301039169569571	-0.00842968348542641
0.00500726208219913	-0.0205462795208798	-0.00619085212960648	-0.00358767657585444	-0.00798459534351776	0.019084911941227
0.0112607417599187	-0.0490016585756352	0.0316876277261773	0.053246568522941	0.00937276072897433	-0.00382273998137475
0	0	0	0	0	0
0.01439589796929	-0.0173103440957082	0.0115500199240978	-0.00470914667046231	0.0151344096164357	0.00056572335976441
0.0101680120154522	-0.0129607605142838	0.0228338787916075	0.00313560604960771	0.0207064385061381	0.005699577845396
0.00575229458909196	-0.0240492376242534	0.00527845059557315	-0.0520163778493643	-0.0344328751227178	0.0367507863162022
0.0100404747468665	-0.02726017969515	0.00272231578912661	-0.0026095630679793	0.00127509942094423	0.0161362317266625
0.00211690991843514	0.00605479993006397	0.0179790553949248	0.011907713432225	-0.0313669713254744	-0.0208690950468368
0.0159093511428751	0.0145445701236179	0.00270379077436039	-0.0128933231172079	-0.0175551883316808	-0.0060078912290372
0.0132538229812022	0.00759663106949955	-0.00284977321355671	-0.00883610638895026	-0.0110050490552562	-0.00940909821858442
0.0144308570607735	0.00361537689845518	0.0351925517133634	-0.012445368295982	-0.0305171239350667	-0.02010656608173
0.0122698814099674	0.012250489400948	0.0104235153251907	0.00873442341995911	-0.0126363048502561	-0.00946038582037746
0.0108672569740803	0.0214090270861841	-0.00306134004771409	-0.00901952401388577	0.0085331519638113	-0.00448054862368238
0	0	0	0	0	0
0.0025396014047662	-0.000162306608425205	-0.00100624506612071	0.00365058395981932	-0.0115409922579872	-0.00185221858162123
0.0159146454582148	-0.0068559572674268	0.00790080353026389	0.00602600563916266	-0.00170557266326908	-0.0061029139861432
0.0134708571367915	-0.00490939128907012	-0.0285621304939864	0.0173177890527231	0.00362730493813281	-0.00325434737313612
0.0105058738957893	0.0268132641197576	0.0222894573839595	-0.00441936772862539	-0.00221269207366223	-0.000611566064457699
0.013164560986496	0.0246104347941859	-0.00744825463723368	-0.0161797061322367	0.000835026246639278	0.000296335457614974
0.0131891337487239	-0.0112998289081245	0.0117140387875166	0.00301593374245301	0.00268915770654171	0.00912730344269589
0.0115806789618056	0.00517850667636442	0.0113029153246552	0.0115452733192643	0.00272052820832307	0.00378150968814876
0.0125422479542903	-0.00938577480963933	0.00333753306108079	0.017618062903363	-0.0224077264117578	-0.0165986769703779
0.00766683913301652	0.00780164384298634	-0.0357960013227762	-0.0141646194981656	0.00578877402569819	0.00490341903370483
0.0134740033867926	0.0148791505721368	-0.0155114108457893	-0.0161832842078619	0.00652426330950497	-0.000455293079707706
0.0130556311189306	0.000155191828413157	-0.00213000801506655	-0.00515601937204617	-0.00132185416611529	0.00794127317252441
0.00553564784625459	-0.00116927747827016	0.00525756748634143	-0.0025062336241938	-0.022883147234511	-0.00860936995580638
0.0114807000864898	-0.000263540573520864	0.00850254769935479	-0.00294298879993061	-0.00769281105531935	0.0140288972484289
0.0079844514629777	-0.00440817382494704	0.00401386854850852	0.00724896185735881	-0.019055716701767	0.00107505374457141
0.0140156737607683	-0.00270885266468271	-0.00426107241462115	-0.00769905330445735	0.00532567010480531	0.000909221762179845
0.0113942376141219	-0.0121769904230561	-0.0118450051952756	-0.0196316464574302	0.0152433990357765	0.00320573455000898
0.0107073849860502	-0.0242962197955152	0.00019702365136918	-0.0214823380611333	0.00629353293546908	0.0209461779446648
0.0152460974675173	-0.0171628729947734	-0.000200674800649127	-0.00549612036250432	0.000271479208177842	0.00457474971011092
0.0154863334967009	0.00656409473981501	-0.00601135196727061	0.0341022052093598	-0.0111286410757768	0.011865676092146
0.0151425869424255	-0.00128640359556998	0.00126799475680474	0.040677806706171	0.0168491032864886	-0.00530621334603922
0.0126151971134034	0.000987109202644011	0.000271633932330893	-0.00460770437381823	0.0116850595657865	0.00180165219780084
0.0137774764853857	0.00553517553386567	0.00159818073673635	0.00536494405879624	-0.00841281686620134	0.0108526259677696
0.00123755215739867	0.000448971550497517	0.00742769597016284	0.0293308469741791	0.000653448487206349	0.0305043234711726
0.012259411885604	-0.000723084828189488	-0.0046362705272248	-0.00706451711068139	-0.00662352633443648	0.00088816415592146
0.0104809561745955	0.00801624183815292	-0.00506282088335218	0.00507919199090913	-0.00497664452093057	0.000632749592387891
0.011486612792557	0.0020529611367316	-0.0158786245033992	0.00788439157542673	0.00707203115556775	0.00713681535639908
0.0120320635339567	0.015342304307751	0.0182578137956611	0.0161864777341882	-0.00173315773614279	-0.00529558886279911
0.0144246616898729	0.0239351776285956	0.0243184290229523	0.00675609786016608	-0.00454587443621109	0.00203723991857969
0.0126269125237198	-0.0273299403033567	-0.00209373545964487	-0.0369955664423975	0.016437291145392	0.00564570067319036
0.0120609576177621	0.00250648522209391	-0.0225046861785851	-0.00465458347019169	0.00998388200336785	-0.00932735688325492
0.00860055958402903	-0.000646245976318414	-0.0263045559785198	-0.0023228001309073	0.00755271103260167	-0.0183075751538906
0.0196090271824408	-0.00476455468848993	0.0149607684783928	-0.00955866305000036	0.0285638143594522	-0.0222866029132288
0.0120052036598103	-0.00161723738502737	-0.0086017256335451	-0.00245811459935489	-0.00500223549063182	-0.00369948736240154
0.00763103194903163	-0.000763923908214925	-0.0122950585947879	-0.00521637903874806	-0.0145160054246923	-0.00314193954833173
0.0123630150776895	0.00903149143050703	-0.0218906530767272	0.00102343899280879	0.0216660033712564	0.00901578042924773
0.0102955315734453	0.000379228870320658	-0.0127255703154286	-0.00700120438186618	-0.011559830960246	0.014869881244519
0.012861577861448	-0.00479773971406232	0.00079480671820808	-0.00380569259063216	0.00711265534239427	-0.0132451377232864
0.0159202637972366	0.0287450043040218	0.0159048379859118	0.0174958152297354	0.0219345685361819	0.0313702446075487
0.010488742962949	-0.0093116376907742	-0.00176137236824794	-0.00606907244487073	-0.00481369004440029	0.00907628573897988
0.000312002435885975	-0.00334213613640374	0.00273493948095396	0.0065985559686168	0.00564116727859154	0.00845648083857414
0	0	0	0	0	0
0	0	0	0	0	0
0.0123680639683952	0.000697760598482508	-0.00176751379028949	0.000599655025321815	-0.00185397108941714	-0.00361222984894261
0.0117373525441642	0.00302306031612181	-0.000210719602782984	0.00946692421436392	0.00725654017257821	0.0069074026270112
0.00997913966586794	0.00187375716232736	-0.00518061805183541	0.0181171571007276	0.0374276288432513	-0.0147329722269557
0.0184409209639628	0.00203199963645245	-0.00936731652346184	0.0253014760175106	0.0243941790240932	-0.0142483721490662
0.0107892527719811	0.00569897281531928	0.00615008207202632	0.00297725066829322	0.00179118353597039	-0.00608484680629946
0.004919271493941	-0.007357897457843	0.000947458152495833	0.00186529004648725	-0.0145935659885568	-0.0314716081711126
9.12376628367421e-05	-0.000422981950708437	0.00257559733831107	-0.00430232751611409	0.00576152762896327	0.00766027910990872
0.0134876841812771	0.00640501381979384	-0.0023633605452196	0.000452525244014756	0.00385723921620743	0.00345756515344751
0.0123864300987688	0.00314722171444096	0.00570257187147551	0.00106300532722797	-0.00469777038049724	-0.000202228887220973
0.0139650372787455	-0.00207281370413761	-0.00688273795890331	-0.00026068365643722	-0.000565257284170381	0.00634837296839994
0.00943507083898429	-0.00727759432603642	-0.00205003841586098	-0.0122127582877384	0.0029186093544795	0.00260020405325304
0.0156969994535662	-0.0119190329541877	-0.0018362068205259	-0.000566452811927851	0.000823928509604373	-0.00524875271077103
0.0111950823106135	-0.00230829410040594	0.000749271513915894	0.00367959302484121	-0.00802968139117267	-0.00028152137647369
0.0131956300758429	-0.000361437530942849	0.000801008061734156	-0.00390400273469042	-0.00248160429325474	-0.00264486020956204
0.0165994850070583	0.00496809993200059	0.00178889440075858	0.00247178101622362	-0.0136593157966999	-0.003574355942871
0.000463497901769096	-0.00265997247088936	0.00307843614005428	-0.00504100038491927	0.0129335179480476	0.0222855618723091
0.0119245230822958	-0.00890861803143997	-0.00910165899989519	-0.00880060658880527	-0.000447643962712924	0.00203136340984353
0.0131981983457328	-0.00927054782741185	0.00230890224634962	-0.00830849887507444	-0.0135193476881933	0.00430932575896715
0.0128566967693075	0.0296300601840064	0.0185704243826152	-0.00665206259932547	0.00238397191762549	0.00153757913570539
0.0122054233533451	0.0300800190711778	0.0244609553593382	-0.00376589667574359	0.00128019764475058	0.00400618312850046
0.0138443158893988	-0.0100359391043845	-0.0183264614351384	0.00326621335981436	-0.00176788764005127	0.00713594593262335
0.013125073661318	-0.0047746921345258	0.000478661052491883	0.00203389506779289	0.000463578291947465	0.00369525980591149
0.00960019760370861	-0.00513579928153713	0.00266374219934816	-0.00248477231794529	0.00312336993517396	-0.00658189238405749
0.0148509432171898	-0.00526727474520936	-0.000476345311852978	0.000387751043440744	-0.00332821632297592	-0.0124887058843204
0.013559373820328	0.00980001574104976	0.00554717250536996	0.0114792400384014	0.00558126557622236	-0.0049110741631835
0.0126156122653932	-0.0106837371875995	0.000798449326550589	0.00632626080809451	-0.00550184178553253	0.0154221952546999
0.01568115588021	0.015618215533977	0.00739136514481536	-0.01320124892431	-0.0128555286392425	-0.0171007194532959
0.0119410815100314	0.00924118372110013	0.000146751791482769	-0.000707081814374284	0.00442772982331385	-0.000466630500933369
0.0146020851674514	0.00552376559867552	0.00730946569863154	0.00953825270642029	-0.00315169630036908	0.00505139198742419
0.0136874311660131	0.00934249393882786	0.00993651730695466	-0.00402447129690055	-0.00274113270421998	0.00308770187210617
0.0134651388529616	0.00338244308844122	0.00886725978152284	0.0126360870084498	0.00645594928950609	-0.00370838085487284
0.0160514340529606	0.0280596709751765	-0.000565985510322244	-0.00176046262548177	0.00112098696822714	-0.0032981525797893
0.012032798631026	-0.0147126286552772	0.00123125273786405	-0.0018020269152168	0.010777742498258	-0.00495259694903233
0.00839729118905813	0.000585900454480507	-0.0122645944256163	0.0121971603767955	0.00113089880691621	0.00505936412600447
0.0119617920609077	-0.00295300858914908	-0.0054589152119219	-0.00424729397409413	-0.00914765020111209	0.00298452458220772
0	0	0	0	0	0
0	0	0	0	0	0
0	0	0	0	0	0
0	0	0	0	0	0
0.00518321646533767	-0.000739000614900604	-0.00279556773017707	0.00472071958294953	-0.0187294813871227	-0.0150181683962699
0.00442014388263431	0.0057090585108221	0.00133522502548155	0.0157654347725552	0.0134490803580874	0.00591697673448657
0.0050648686112169	-0.000685202370988899	0.00578615574233914	0.0187006569847679	0.0127321264228383	0.00252206214939951
0.00733062099310932	0.0118236607012684	0.00480507264139015	-0.000343902862385583	0.013796128817394	0.0194679441129258
0	0	0	0	0	0
0	0	0	0	0	0
0.00206972149008881	-0.00203213189197305	-0.00379403860776142	0.0194137816164665	-0.000584311644646476	-0.0242945168043242
0.00644592223527543	-0.00522937735933026	-0.00274474265548525	-0.00696167762295056	0.00379948593002254	-0.0167101567109577
0.00837351076045644	0.00175494627337494	-0.0206717224137441	0.0197331822091702	-0.00640715925438204	0.00425603950597117
0.000788715307949428	-0.00446702169714728	-0.00896989735534253	0.00127868084261506	0.00307286712183406	0.0134896965757334
0.00036177108277585	0.0020322071137906	0.0022198310872938	0.0300060917021861	0.0073665300313932	-0.0118067616121555
0.000495542382037836	0.00319349888771843	-0.00150281042675766	-0.0149822143714267	0.019157336864371	0.0133122612070195
0.00348158125907161	0.000479362797321322	-0.00652103701796215	-0.0195066846267313	-0.0203969026667573	0.0446934053096446
0	0	0	0	0	0
0.00313491801655162	0.00625315392330171	-0.00693703120722076	-0.0154094025649002	-0.0137977545548035	0.00495519970025141
0	0	0	0	0	0
0.000107667095287152	0.00312167633814495	0.0041292019344585	0.0130759808792264	0.00523701630449759	-0.00829959027996478
0	0	0	0	0	0
0	0	0	0	0	0
0.00512475926421954	0.00519057333181726	0.00283703240403214	0.012725167480245	0.00286111228977962	0.0107642026044839
0	0	0	0	0	0
0	0	0	0	0	0
0.0050026656166817	0.0033400419046109	-0.0101847202272219	0.0146539749104421	-0.00176249581791513	0.0340385288771255
0.00681701025157568	0.00551702118785582	-0.00237618356699713	0.00707714722945801	-0.00419491109467616	0.00102014433785818
0.0140681245224321	-0.0062967833738996	0.0147026205185281	-0.00271877943173445	-0.00706282468011649	0.00271049087075307
0.0120451643606206	0.00315141086943266	0.00580831459249628	-0.01833934698064	-0.00494680018474283	0.00887541179380284
0.0107388606980336	0.00619186288038524	0.000808492324279032	0.00565879028976128	-0.00231802110743256	0.00945218693289104
0.0113361995658089	0.00534714334346809	0.00141613347401266	0.0051022026264034	0.000897233056304785	0.00432117103028587
0.00751523709734489	0.00888077383959818	-0.0025555571331878	-0.00693733472257305	-0.013104448122766	0.00385004992742457
0.0156170038662171	-0.00876976701425057	-0.0288452840027225	0.0133100081807907	-0.0037222855493875	0.0186363368959194
0.0123060947443105	0.00443314531632121	0.00333462465908263	0.00314783206604925	-0.0104593193106773	0.00270072266739399
0.0140846634279796	-0.0489539721769671	0.0449421678924212	0.0528553980220985	-0.00185327305552187	0.0193094675607239
0.0119180612374914	0.0113626834607061	0.00207663687156645	-0.00560402371000332	0.00919635565770864	0.00184638281227545
0.011168887363579	-0.0191904583966638	-0.0150305773747653	0.0325194740950076	-0.0156762040585834	-0.0426752533898007
0.0130747392008514	-0.010825938448002	-0.0238841857822291	0.0134725883185217	-0.00109876270229106	0.00161328505116586
0.00132967569904752	-0.00541532785787372	-0.00712828260360754	0.0409176302062645	-0.00693732660632461	0.00815231102463389
0.0119027183873054	-0.0124746454467694	0.00226621043210798	0.00844091332857696	-0.0104760978926081	-0.0151331331640934
0.0128397975382422	0.000694924802405	-0.00222150448572108	-0.00344809937130613	0.00158663014229948	0.00630420864208053
0.0176110220177251	-0.0351967193102302	0.00811290769298529	0.0131791544735024	-0.00234228329782542	-0.00547488572376207
0.0131340350261322	-0.00802454709049237	-0.00258975299333795	0.00215669852661102	-0.00958467392575532	-0.000155438082272199
0.0128484782684787	-0.0114768824446666	-0.00112846874398929	0.00722576621952461	-0.0202946050324906	-0.00821949252348546
0.0123275427012975	-0.00641392243390324	-0.00281246836543093	0.00339193903678473	-0.00101130385456134	-0.00592708949799172
0.0133131277490632	0.00295946787091868	-9.59855816202407e-05	-0.00572798318493356	-0.00726272154728387	0.00318661325078648
0.00961659658038413	0.00569261520360841	0.0121535384726656	-0.00769648468121397	0.023544475753604	0.0032065157627361
0.0143926403994353	0.00100920046285025	0.00383563491381428	0.001466663540436	-0.000307002550210454	-0.00927425554113503
0.0174028965424675	0.0126674159755011	-1.3704925697665e-05	-0.00991062380187725	-0.0189065635913785	-0.003327281650556
0.0132597037893671	0.00866026843630563	-0.00013310453799332	-0.00210300116763478	0.0060688126795332	0.00826977935188697
0.0128025838405067	-0.00527744351771254	0.00841077135763027	-0.000279256781283303	0.00170089054025403	0.00604685751548113
0.0121835699893943	0.0089372494777089	0.0039075444989657	0.0130294093170222	-0.00139605830915032	-0.000825902495697139
0.0129155154609873	0.00105280279066003	-0.00411636701616184	0.00229822015127335	0.000884181860668807	-0.00383139202499325
0.0139994015041102	0.000460211743047154	0.00347714799823492	-0.000852030337164105	-0.017306727168317	0.00954028872807945
0.000375790506323866	0.000848885549196485	-0.00479973566608695	-0.01371120294878	-0.000355124717616348	-0.0213547414094924
0.0158549408052132	0.00465774638520587	0.00621091137131288	0.00264645216596119	-0.00657859972510132	-0.00630528522868098
0.00568383041383676	0.00301130997445538	-0.0227140854342459	-0.0279788620718229	0.0103628990916387	-0.00716619687355504
0.0131207845631479	0.00834660494841965	-0.0321931019096374	-0.0207727476417419	0.0159950977852144	0.0183080815635073
0.0111504881525547	0.000964165108100519	0.00623219421431302	-0.00890388171938745	-0.0010859202286355	0.00195056250933895
0.0148764173670657	-0.00424177011496442	-0.00874253870181934	0.00831232157414619	0.0046850933285078	-0.0113980567859418
0.0135043833048892	-0.00277567860392804	-0.00153494250464813	-0.000852905058400446	-0.00363291192890592	0.00251974013641229
0.0179567531300178	-0.0352994326087979	0.0177447404790452	-0.00537146344962447	0.0230938692942765	-0.0127274252926664
0.0132370924632802	-0.000628010129594569	-0.000960840353998656	-0.00528728980265427	-0.00263834448054078	0.00241105733532398
0.00236780301089437	-0.00113568554003744	1.60682429059464e-05	-0.00252273702494138	0.0156461750168399	0.025735834975342
0.00826757283363426	0.00408614893792116	0.00542183335062027	0.0033641131192766	-0.00382577104734799	-0.00765842403678088
0.0115358995050986	0.00758966723836947	-0.0121475017172826	-0.00024512195122562	0.00631541508555886	0.000834010902039672
0.0155683539976042	0.0190754139453831	0.00690955397975468	-0.0136026967699031	-0.00833380978848689	-0.0118985947885066
0.00824530927527281	0.00844984000113164	-0.00432168666972751	-0.00566590133578402	0.0198441559779206	0.00371865635460282
0.0128820447058144	0.00485111754342844	-0.0100482109948076	0.0141293357966002	0.00919659498171809	-0.0186517193607724
0.0130867510656711	0.009525808363955	0.0151127472811824	0.00918403408275717	0.0133000983564324	-0.00350867374048142
0.0142373439648406	-0.00205720709469699	-0.000427603244960031	-0.00315624391922374	0.00579412058059925	0.00828313459597272
0.0134775710825937	0.00813601918960613	0.00230804437331382	-0.000982978674130125	0.00279059845089061	0.00192263292699476
0.0124296990697542	0.0209376978577573	0.0219963851855956	-0.00965374444487447	-0.012609077864812	-0.00440574235287825
0.0155299930779994	0.00290011545705796	0.00461941126641155	-0.00030327499740232	-0.00136825994901418	-0.00579262084906817
0.0172219921030004	-0.00849161684207039	-0.0183184496359226	-0.0166383538458602	0.00571283001116752	0.00300833973935858
0.0161896527732298	-0.0309097253466602	0.0218491234759666	-0.00279613182570731	0.0258343745685598	-0.0355234230694563
0.0144120817639471	0.00622275006712185	-0.0349579891244378	0.0078303113482107	0.02184333355498	-0.0126216208892169
0.010969834963394	-0.00147893923194055	0.00598150999719517	0.00101330072992913	-0.011859738488486	0.0101751520281584
0.0108503672088694	0.00656488739825374	-0.0141171316277968	0.00895438474526919	-0.0214512101144863	0.021625994815297
0.0118615436810364	-0.0172823189815459	0.00268224567788623	0.010061915717808	-0.0152037070744269	0.0349728438455554
0.0135094302294706	0.00347222799002014	-0.000697738641390857	-0.00815914533226885	-0.0175303931014346	-0.00631277524099386
0.0135548051234474	0.0151504670805961	0.00223178857048808	0.0289076269386738	0.00131111068441858	-0.00769025628451838
0.0125907146990927	0.00589237188504695	0.000852994088192126	-0.019674751079591	-0.00336963081332451	0.0139934964064382
0.0151087760452975	0.00626618773279877	-0.00386664703080869	-0.00853388746978019	-0.00251852861787776	-0.00304191957491109
0.00282951509766422	-0.000243836115138379	0.00460908613169207	0.0131868793513716	0.0108105003004304	0.00305546408131872
0.0146677557544426	-0.00186117986639714	0.007209205864137	0.000223376362557492	0.00243178773582226	-0.0034023700624911
0.0107709020025057	0.00470777708257296	0.0188525213268608	0.0213534300789365	0.00343438684270379	-0.00456295855408694
0.00951649302242148	-0.0249858182726875	0.00992664737607512	-0.0137931765289245	-0.0106214462858681	0.0177401876905729
0.0140100871428275	-0.00187577265082851	-0.00110204908516042	0.00106578620557026	-0.000318529268021332	0.00161733995121118
0.00975685457176118	-0.0073606968675811	-0.00916762701335383	0.0170752102086813	-0.00426011597869949	0.0130728014094337
0.0123508645881405	0.0182318900679757	0.00890893355634212	0.00387957693136963	0.00106842813647834	0.00317921264278435
0.0155686581471025	-0.00226916963420026	0.000571775160347638	0.00520570205554451	0.00531266295989093	-0.00550602064706093
0.0130778881675101	-0.00166342937747517	-0.00191458613639073	0.00261130747816599	-0.00612921266386517	0.00143971881423601
0.0152010702084981	-0.0218186327085506	0.000300708662245836	-0.0223151626032511	0.00126139941579323	0.00532767284067048
0.0125677920046569	-0.00212937531021127	-0.00110226587566963	0.00711394523445953	-0.0151518748702678	0.00098902071715689
0.0143273693593509	-0.0143869250593059	0.00382653684916374	-0.00459033545596368	-0.00713726016233486	0.00907903147826217
0	0	0	0	0	0
0.0110259375978801	0.0242868921631629	0.0172967449687694	-0.00812681858509497	0.00577147671440942	-0.00583092118950588
0.0125467916442335	0.0170544117529051	0.00823938500249279	0.00247963832912954	0.0013016906546901	-0.000356978149156584
0.00874810019035925	0.00535458930309879	0.000403721748487201	0.00545879438106442	0.00844428360313126	0.00568522332442118
0.00572607777762889	-0.00495718824303829	-0.0028770827940096	-0.0108756747194496	0.00258955314984267	0.00870115905351244
0.00190222082817651	-0.00857734432629171	-0.00701135426072062	-0.00561663568007668	-0.0409014521656962	0.0214255749020494
0.0144220176492189	-0.03356044511987	-0.000189557403011944	-0.0165920257063311	-0.00951749673680368	0.0271469784890302
0.00415038541939059	-0.0315962745548846	0.000321528184546399	-0.00494851725177303	-0.00445525221156376	0.0223256802638428
0.00188125996824616	-0.0095963421159218	0.00606719574904071	0.0126118280054597	-0.0171022798168735	-0.0150484158059495
0.0104495699736262	-0.0252607208267466	0.00693751802627234	-0.00373852715717212	-0.00453040806325855	0.00860105492699695
0.012167864028475	-0.00649477900253651	-0.0317769515221433	0.00840546780726997	0.00668446814148541	0.00885003926640282
0.0128532600507032	-0.0134183121472083	0.00140186818285282	-0.0185281529678534	-0.00975587413558347	0.0152949065446093
0.0108892681837347	0.0208676457748398	0.0292063394745445	0.00843233838894992	0.000105131238186955	-0.00881460856596556
0.000692742023139311	-0.00253918102765753	0.00730722232334018	-0.000844729373630865	-0.00687112344893246	0.0177009933701754
0.012173981149448	0.00612232274384857	-0.00496837033525106	0.009041882616404	0.00380092624429201	0.000770673754054021
0.0171583097170733	0.0274805962301524	-0.00708235579412876	-0.00157741880632198	0.00884307802328585	0.017927317429249
0.0135696777803909	0.00171695178341749	-0.0342283941734722	0.0183334757573944	0.0110770436368283	0.00839655126905101
0.0111105433524863	0.00821710672908931	0.0118733252089563	-0.00360372975841793	0.00213955961914404	-0.00248894289317083
0.0126403348025974	0.0264436093884412	0.0249269825555281	-0.00974806166875808	0.00471979629373072	-0.0041811660937284
0.0132667199935441	0.00310119070157287	0.0112292238132164	0.00437222855723936	-0.0054583599194232	0.00538051026759019
0.010953351015516	-0.00906744756281898	0.000367526399216044	-0.00926267876562165	0.000391053021414683	-0.000741112532840736
0	0	0	0	0	0
0.0144621087327664	-0.00402759440364214	-0.0085009335350523	-0.00191258602420846	0.0190955891386665	0.00716178136727808
0.0137461178989579	-0.0214093255957952	0.0060250850370175	-0.0085117333852646	0.0030755649674477	-0.00472070122375966
0.00736333701236163	-0.0227727545606092	0.0104461013394719	9.68083105008198e-05	-0.00665686842598934	0.00048427482630485
0.0135468951794476	0.00561225951689998	0.00489963871731338	0.00741620183237559	-0.0021684997245833	-0.00276477152531416
0.0107810187841402	0.00416774877265343	0.0079945985227354	-0.00731127254636224	0.007458267542049	-0.00136327197168885
0.0136104289099681	-0.00826690053393665	-0.002098253923096	0.00355397703958062	0.0144963935048314	0.00174050025038275
0	0	0	0	0	0
0.00771180278783954	-0.00163495184418595	0.00559561777453104	-0.00521956230312814	-0.00140951680410029	-0.0110427745071366
0.00059642210576349	-0.00594543269688979	-0.00889732023514154	0.0117776446269458	0.00671500815600586	0.0149565588748533
0.0110123040041095	0.0213744229097345	0.01795422556117	0.00636915893283076	0.0101583615167922	0.0072042580859765
0.0170588176274047	0.0135836104006984	-0.00112970298285677	-0.0016195561810912	-0.00880805613800293	0.0071435624342965
0.0126042189473363	-0.0154817937556473	-0.00434126734501516	-0.00506733072025384	-0.00582829032626517	0.00474037855833638
0.0142181201435908	0.00166771223490849	-0.0101992922630371	-0.0027152165916795	0.00355474624879724	-0.00519793610263055
0.0175605149500768	-0.0047301101046015	-0.00206234602948022	-0.00470465622029781	0.00264234383548269	-0.00551823163138601
0.0158981975634902	0.022155340555668	-0.00469722100968165	-0.0111944796449298	0.018109408060398	-0.000692915097140872
0.0125966192788034	-0.00472174935583143	0.00435483503417341	-0.00415809090130243	0.000687949849741439	0.00410912593219408
0.0106884002006732	-0.00726161214782844	-0.00106851444200227	-0.0134394546011256	-0.00773156543954419	0.0115525189304078
0.00759363241468917	-0.00918714829102972	0.00473068930606543	-0.0179931993714545	-0.00201282904844315	0.00204528212960186
0.0113322735763368	-0.00706400603591973	0.00511878606978168	-0.0196081206739583	0.00790137353110208	0.0135526885934087
0.0145533273341561	-0.00409530034646625	-0.047620166545264	0.0177658721615141	0.015810786300777	0.00375001643195186
0.0152707199880331	0.0211893293893641	0.00737605745249287	-0.022383434119866	-0.0129345454511372	-0.0182275110879077
0.00189887156366253	-0.00238102323892488	-0.00349558074105951	0.0108772015342818	-0.014904420849655	0.017383226665357
0.0128669711524138	-0.00111952976071403	-0.00168238599613384	0.00379045783584642	-0.00189482648786688	0.00174919677413408
0.0120577581428228	0.00723994516018584	0.00226805025158211	-0.00357290780431576	0.00739723439446914	-0.00198078847010728
0.00194343072873837	-0.00987795075334623	0.0092195448379887	0.00192056794625399	0.0192041466470377	0.0207602779630637
0.00927503053387504	-0.0100583260293767	0.0225910687784218	-0.00927011370445428	0.00881388595648076	0.00549951459384269
0.0130737981360064	-0.00762478829166304	-0.00689349330939249	-0.00137461874813133	-0.0132824203056628	-0.00170718241703167
0.0122614222329631	0.0159668194556586	0.00924176319414417	-0.00567367902353544	-0.0091364603559719	0.00730078357471522
0.0141425901559219	0.00168364567214176	-0.00183542072942147	-0.00434946788533063	-0.00277057227045893	-0.00221472289596952
0.0139243354322693	-0.0121442441521055	-0.00576856546024026	0.00053684558065953	-0.00018239795611918	-0.0124081226958468
0.0108237451022621	0.00485298245614474	0.00207885401392054	0.00157601498158132	0.00753215930523428	-0.000585905189575995
0.000107667095287152	0.00312167633814495	0.0041292019344585	0.0130759808792264	0.00523701630449759	-0.00829959027996478
0.00580148484152167	-0.0167133253007369	-0.0104269064946821	0.00199412429751638	-0.015331944061018	0.0146003144790675
0.00611288663069968	-0.00657500518740313	-0.00486223552940533	-0.00329223565344975	-0.0275859804770893	0.00554719932484347
0.015901177285101	-0.0677890267695396	0.0252479010159685	0.0246153892085868	-0.0173389458812613	-0.0270383390818873
0.00179205863683235	-0.0189080693332505	0.0106333368454976	0.00942834087278893	-0.0186342015264213	0.0119926244183648
0.012297277539494	-0.00185020176383412	-0.000123752053866222	0.0152107667764643	0.00514474541102037	0.0109042420733851
0.0121865648437223	-0.0226166452375598	0.0152074404403437	-0.0128094338896501	0.0168505301523315	0.00955265879252779
0.00258544094014157	-0.00702798987277485	0.000323741072370862	0.0379864010064029	-0.00855118696253374	-0.0246292732081639
0.0147818098721926	0.0308258810263658	0.0337498287297065	0.0140419826705091	0.0439859480820811	0.00829954887571571
0.016150631646652	0.0170882997353162	0.00287096700911028	-0.016047012595614	-0.016279275319967	-0.00504112771260567
0.0139639333469935	-0.000356356407049213	-0.00527178232244578	0.00122468466769292	-0.00612472275992925	0.00327384223936251
0.0140640283003071	-0.00124339485277699	-0.00590709404162336	0.00797963844071286	0.00201647833865231	0.00495753645104949
0.00969027733760544	-0.00315766620034653	-0.00687388373706903	-0.00589066223037984	-0.0117073886212932	-0.0129988325408324
0.0140160222204763	0.00267843235933377	0.00154738463717818	-0.00398266431761682	0.00294300354943445	0.00720124250466176
0.00714909278773854	0.00337339420603577	0.00816135393607731	-0.00242101092133236	-0.00311133021033195	-0.00437346076765777
0.0150003901116889	0.00242134839036851	0.0108714327958298	0.000388830661159612	-0.00296923153794552	-0.00664867353864968
0.00116898976140976	-0.00606853385772397	-0.00769111074382143	0.00329966324735948	-0.0322576573568971	0.00947305882033727
0.0141686887095718	0.0018672925179155	0.00558225616203102	-0.00698971119024001	-0.000854414357105837	-0.00430768439818626
0.0136618389065069	-0.0286715891199528	0.0163179352256474	-0.0300317338495678	-0.000938221908532733	0.0193210934273236
0.0122896769354162	0.00693803028162649	-0.00438882942831409	-0.000168349370072303	0.00314172792466351	-0.000640361828844922
0.0153888341007865	-0.00108039885609011	-0.00286288115413724	0.00631746849308728	-0.00724517287192307	-0.00301307920285698
0.0126895057133736	-0.0119595183897658	0.000377833885361712	0.000578135740896169	0.0150596986460946	-0.0107027084960659
0.0156288443311423	-0.00555430749572517	0.00313980740262521	0.00563312232658125	0.00700000318791818	-0.00705026668699208
0.0119033651933784	0.00336788508983523	0.00104948651749913	0.00338462215682234	-0.00239638107347093	-0.0133190152223882
0.0148216873332057	0.00079824267234763	-0.00216361613446844	0.00696530288812484	-0.00170833580070982	0.000853318103703999
0.0143113462975975	0.00770276165591929	0.00451955763804893	-0.00123092186846568	-0.00726437003419155	0.00033955736867151
0.0115618783251122	-0.0037761804342575	-0.000448750120818713	-0.00487347251788732	0.00768306320286842	-0.000242954972810752
0.0140753384175158	-0.0121127861780033	-0.00089835644286677	-0.00711377972938409	-0.0160015946124293	0.00721190706275865
0.0139108888454281	0.00642464430684223	-0.00134874914702393	-0.0012258403668256	-0.00952950475772462	-0.00134516214941448
0.0135708245495493	-0.00476914839458504	-0.000965019068195501	0.00455411805138455	0.00649682118446448	-0.000754860501246869
0.0150800781164541	-0.0141108736306826	0.00328631129646306	-0.000820080355140113	-0.000321425792004569	0.00429656152363054
0.00191838148061085	-0.00962339751442673	0.00809054226104169	-0.00937901987085232	-0.0206754704332496	-0.00376556704988764
0.0120712182285758	-0.000135819752299183	0.00512560908994769	0.00102604773301837	0.000445623054324132	0.000313567905851961
0.00501887101198066	-0.00141710018952919	-0.00377928427612735	0.00301937268720534	-0.0183288528525825	0.00736669337739516
0.0153100577001088	0.00154227334986593	0.00618832144212937	-0.00449154201356583	0.000632981596677246	0.00079079104926348
0.00294571341044433	0.00278423666934684	0.018671857477064	-0.0352692089548298	0.000932434585299569	-0.0154069459510544
0	0	0	0	0	0
0.00746813438335522	-0.0139946049588277	0.00381892327658057	-0.0118500223231517	0.0130330559343677	-0.00202666600188409
0.00615345279841335	-0.0176674300955306	0.00322288617541694	0.0118541829461423	0.0129926020676309	-0.0179245770350051
0.0123531123908038	-0.00117176367995415	-0.00140236376448463	0.00660520037374861	-0.0106992237558084	-0.00326809546652073
0.0140526048710199	-0.000275604074220505	-0.0132497339547979	-0.0286379382555641	0.00511850786418972	0.0139201650726345
0.00385381064848583	-1.77725285846844e-05	-0.0160453240357144	-0.0350301159211869	-0.00164699281958962	-0.00251826373935845
0.0129490144716452	-0.00952309281058487	-0.00403235514421852	-0.0112636099201563	0.00249622476590321	-0.0036003533666601
0.0127469501839655	-0.00260218595681933	0.000130332590721888	0.0030475355460985	-0.00558556582484498	-0.00616151322977851
0.0145117324359514	0.00450628513773199	-0.0162522402829058	0.0128541753036598	0.00663990729540576	0.0032656727388315
0.0125515593443857	0.00625202829945696	-0.00273652223748543	0.00198738814154045	-0.00906312985767854	-0.008539358764746
0	0	0	0	0	0
0.00804386977391557	0.00551654723122687	0.000683299113906218	0.00329493178965665	-0.0136405222932694	-0.00212646381249541
0.011895131050157	0.0130822962200038	0.01301338795022	-0.00131323103494349	-0.00393184168644251	0.0021375590613658
0.0119548262493598	0.0200416017284037	0.0257930330506688	0.00723521155939193	-0.0110520906328857	0.00901426015584165
0.0175199574577184	0.018128810022475	0.00295552850275816	-0.0162954435534257	-0.0163257166007733	-0.00687773279578437
0.0129623353194487	-0.0170247172973017	-0.00165357426861732	-0.0248895627439551	0.00780421437738006	0.00522716089025977
0.0120935061322077	0.00357648354849626	0.000713650737093521	-0.000926311237982782	-0.00129899323998926	-0.0155893906740895
0.00956825567819203	3.55991735431012e-05	-0.00119001105895016	0.0104045893718687	-0.00542007200028743	0.00944158047541112
0.00126265052747342	-0.0124541775958217	-0.00652343611276509	0.0223411502215949	-0.00053414151781535	-0.0326503513771431
0.0124830377988263	-0.00266149585446115	-0.00198698245771623	0.00205964661502626	0.00143673742226658	0.00325724388544233
0	0	0	0	0	0
0.0135642965876286	0.00329796463679835	0.00356574650589915	-0.00586463528703029	-0.00129717173346889	0.00913390457930873
0.0125353556441279	-0.00421680099551516	0.000212629867155218	0.000816526242776247	-0.00275503589118647	0.000269677072271802
0.00378455551524197	0.00105468141489076	-0.00706518823790288	0.00835152895394533	-0.0189614761834245	0.0151178946532089
0.00993224884712585	0.00130097713374839	0.0033716642097538	0.0160728441703775	-0.0150790071984886	0.00143404882820106
0.0119588995909629	0.00136770568962019	-0.00592984525704817	0.0156157202267876	0.0165722810583158	0.00787511220842969
0.0109805270949306	0.00142156593508321	-0.0101438830858421	0.00344559728473521	0.00455256638606661	0.0131607131204062
0.000292859107094338	-0.00191223744803188	0.001675837113384	-0.0093613174025163	-0.00474126431337237	-0.0090670384550893
0.0126633939317365	0.000901179396708987	0.0057691972796794	0.00308427355536145	-0.0100169497636513	0.0102307935620493
0.0124557727821974	0.0107778742198295	0.00425931750366761	0.00403860157300743	-0.0152457606841923	0.0106008723496247
0.0127342820876058	-0.00935424216421475	-0.00212428627760436	-0.00711969733696446	-0.00406661146967664	0.00557665516385013
0.0105785178462033	-0.0049669867954148	-0.0118975498105281	-0.00488121115102462	0.00946746699414558	0.00146049335817584
0.0137350455861309	0.00123077296403187	-0.00247207693036049	0.00134375458530529	0.00119566453307581	0.00788555262132479
0.0126133394650906	0.00118454826910771	-0.00628991176789778	0.00642342384117579	-0.0056859456882834	0.000645604557691954
0.0116454030978232	0.00249045965470165	0.011544145014738	0.0065253434044265	-0.00719749673761882	0.000713885076846047
0.0125880231555716	0.00150864239969829	-0.00291695976076249	0.00400438349387635	-0.00912481537297593	0.00213942013200641
0.0130480588987415	-0.00220452780641062	-0.000916759308693107	-0.00799504344454994	0.0127613854759005	0.00287166080929635
0.0124340046982717	-6.80863768522395e-05	-0.000379667721035649	-0.0111327009673352	-0.00220685053493387	0.000102361718041287
0.0132599231300045	0.000975755736333626	-0.00672006617746587	0.00322677872074699	-0.00329821546281728	-0.000434622740761803
0.0137153567305728	0.00151519672441826	-0.000671283095595629	0.00130561872742457	0.00437224437781173	0.00963579617366305
0.0139768768151627	-0.00465060171786234	-0.00866045633284645	-0.000212410612636082	0.00212360036080848	0.00215983283990366
0.0144335150936774	0.00207863238272926	-0.00603771940590352	0.00387446497290138	-0.000826993858997072	0.00231706513363354
0.0104010054057091	0.000930977848758013	0.00398966981360922	-0.0029888056364278	-0.00603470438040496	0.000628906204399605
0.0150522867487139	-0.00196069418128101	0.00102565604364656	-0.000413165602246603	0.00920000078748464	-0.000963267475593734
9.12376628367421e-05	-0.000422981950708437	0.00257559733831107	-0.00430232751611409	0.00576152762896327	0.00766027910990872
0.011323571014803	-0.00626583274491615	-0.00468401636733471	-0.00663193528869606	0.0215087049723636	0.00473286519065983
0.0130298997338465	0.00583840360707892	-0.00216230792220231	-0.00591913370115459	-0.00168930878310385	-0.00509269871530351
0.010042857779682	0.00326738333717913	0.00100561129834081	-0.000643525605152502	0.00938355482610743	-0.00266443061331073
0.012750523946161	0.00268675615815458	-0.00498687351327643	0.0182819047042498	0.00456389838138533	-0.00995145506764393
0.0136972665436662	0.00460145390976757	0.00732853735064807	0.0140532168580861	-0.0016312393675229	0.000521636842700324
0.0135810416238353	0.0207506760003741	0.0180270949855342	0.00728745905853962	-0.000163769607663117	-0.00540367679955562
0.00271431345114465	0.00603025677530376	0.000277477086345505	-0.00982100441593525	-0.0173216280905176	-0.00786929551932
0.00925337713579142	-0.0237421242918944	0.00517950531044749	-0.0207892518219994	0.00802277060929297	-0.00243527459484929
0.0100468817658003	-0.0147748921504989	0.00452868626350106	-0.00964586086800704	-0.00077651920970136	0.00368477419886848
0.0149617401295749	-0.0364081913944372	0.0058333549993856	-0.000641880894630437	-0.022460352493019	-0.00941867157665676
0.00254399483360967	-0.00462185195227138	-0.00306180779958289	-0.013653080809119	0.0208050460723159	-0.012404438046529
0.00239934227130974	-0.0243352335418545	0.00406309155307476	-0.0062776312401775	-0.0502430749073843	-0.0256991208207798
0.0114237712315948	0.00463945563141836	0.00562965588234656	-0.00762337846362016	0.00958911823293266	-0.00481153790184743
0.00862977928279638	0.0047768902605414	0.000780953063776159	-0.00941367194912485	-0.00632948125797596	-0.00841111204741761
0.00970531546315047	-0.00641340734252227	-0.0144611182750504	-0.00670695131353586	-0.0120733116943037	-0.00477965527263762
0.00933668038000435	-0.00353697872538288	-0.0104575448122148	-0.0138486940228807	0.0172723752216795	0.00423117597000981
0	0	0	0	0	0
0	0	0	0	0	0
0	0	0	0	0	0
0.000970764243249274	-0.00163183640925338	-0.000131298142794112	-0.0168984155344623	0.001393319738202	-0.0353904132857282
0.0100178375457771	0.003559738086154	-0.0239621661085123	0.00662863392247781	0.00441831965514401	-0.00195192326412747
0.00154760760437043	-0.00457882428157084	0.00413256252843947	0.0337158825231272	0.0118216272789633	0.00991270833235345
0.0136296416666201	-0.00524870684079397	-0.00164031539503047	0.00603078935171879	-0.00781989051394222	-0.00202095562037772
0.0125467089671416	0.00867669291037199	-0.000616378146900577	0.00263667738631282	0.00286304855520368	-0.00465753836048475
0.00281948180243592	0.01466546568536	0.00128408248598002	-0.00768971624093338	0.010832830364011	0.0404760140245193
0.0124425957573423	-0.00116413552710431	-0.0161186540070194	0.00145831386840908	0.00362221492318814	0.00589461338865776
0.0119739263184984	-0.00340917505901376	0.00367149843664502	-0.0070089128434262	0.000995266227091096	-0.00613931820420916
0.0119820310336334	0.0230876172268074	0.0249407728448816	0.0132052385141708	-0.00616939852259558	0.0102110164867721
0.00997383029805485	0.00467277828883641	0.000272303720111631	0.00723571808025774	-0.00351317607690499	0.0252010935936112
0.0107276874211575	0.00470889364061049	0.00591149156042811	0.0107979438628419	-0.00790103691880811	0.0241979282169976
0.0133720048765954	0.0161602149124827	-0.000898469765010484	0.00701339005743715	0.00432679501573856	0.0439162515559293
0.010314752162836	0.013647687662365	-0.00556341986872226	-0.00118324237826179	-0.00221667676984629	0.0183491912394226
0.0047734016835259	-0.00119421269784612	2.35500186454513e-05	0.00333161158185287	-0.00283258022898125	-0.0102515878974336
0.0128071006105356	0.0218559561573108	0.0068161823800207	-0.00472574221782965	0.00944313415587661	0.0408974176847041
0.0134617919231594	0.00521594630858758	0.000182669375970506	0.0102644180589158	-0.019007030131874	0.0430726432628022
0.0143099249855053	0.00433718134595082	0.00128424090454733	0.00378777255775989	0.00969102532352647	-0.00875318171148145
0.0151595735636135	0.0289759566701695	-0.00182346966033876	0.0057560733617413	0.0102768481098159	0.0171104482674054
0.0132082486935084	0.00384473149410847	0.00210780169933093	0.000267655685581688	-0.00374782834401138	-0.00227814488832072
0.011933923201744	-0.0227590111945354	0.0130760558438291	-0.00100192766640839	0.0215214137575995	-0.0184613038500417
0.00180609125734665	-0.0140244691820051	0.0121326099479519	-0.00246056742192871	-0.03086026577144	0.0544197029430631
0.0153039185377611	-0.0125695119352286	0.0150357410442528	0.000804681834680927	0.00985738640342937	-0.00702818370260251
0.0150043577758336	-0.0145412236077963	0.023710953521058	0.00427334439837783	0.0112687918025402	0.000790113206411909
0.00964396284457831	-0.0243770890409614	-0.0134449580897578	0.00249277747701489	0.0170314671192612	-0.00606439646827184
0.000899157157953698	0.0024896248268993	-0.00734201222435925	0.0268303419080451	-0.00731951872116124	-0.0164950488428263
0.00348055627946978	-0.0303408206604022	0.0074564232787822	0.0172925093299481	-0.0243603551453198	-0.000921107430873066
0.0110041729360793	0.00215706753987413	-0.0106047506167622	0.00826805171057761	0.00830047930449283	-0.00371616248004595
0.000371888577997844	0.00650704119802889	0.00269379123920329	-0.00534400965061028	-0.0298001905709288	0.0357799985376452
0	0	0	0	0	0
0.000112081275673021	-0.00324994580078755	-0.00180507503102739	0.0098724015349453	-0.00360534544299646	0.00783279595548264
0.000963220095481963	0.00281752598977627	0.0091248715719413	-0.0245652863168275	0.0140547400305202	0.0191603694743137
0.00112741900607125	0.0116657950178983	0.0154535040133819	0.005207552118803	-0.0042303307939148	0.0123711411476839
0	0	0	0	0	0
0	0	0	0	0	0
0	0	0	0	0	0
9.12376628367421e-05	-0.000422981950708437	0.00257559733831107	-0.00430232751611409	0.00576152762896327	0.00766027910990872
0.00902644748786638	0.00281317299909656	-0.0181269550418899	-0.022821156110853	-0.0235665400502241	0.00251573505973419
0.0124174497264232	0.00307945171899729	-0.00970372561805611	0.013428096323251	2.42459839069021e-05	-0.0199471230328878
0.0128551685768665	0.00552955935246941	-0.00933469394379668	-0.0317502210710075	0.0158811384092046	0.00409339552129389
0.0129428855417892	0.026175908710074	0.0167278366040181	-0.0121488539044536	-0.00946612404242313	0.0105155293766307
0.00870052062380993	-0.0031071532661864	-0.0225798838545089	0.00863780129307515	-0.00192511263515441	0.000858530896232715
0	0	0	0	0	0
0.0143804742124741	-0.00514569990471309	-0.0200197339001562	0.00709194005923332	-0.00866383514843674	-0.0092500891810703
0.0149788752914099	-0.00624266688674179	-0.00196193164901588	-0.0060181639367796	0.0257604610115637	-0.00847013556243986
0.0121435114859951	-0.000908609697557877	0.00109357186350717	-0.00708965162578272	-0.00807085042570534	0.00360444542456899
0.0138263993229358	0.000909330642832603	-0.0098912937864287	-0.012496872250502	-0.00824448127550272	0.00686669075337957
0.00131429328726391	-0.00140209877574593	0.00659171146134689	-0.00524953380515967	-0.0266634523029534	-0.0177528113579668
0.0135459527363664	0.0291104871337518	0.0278851424925378	-0.0078311172395104	-0.00199677038503303	-0.0127323595678628
0.014315383530244	-0.00916015016535898	-0.00266148582830908	-0.00718621551445162	-0.00226147056376945	0.000840103132436704
0.012188385010138	-0.00191056898805932	-0.00339856139473502	0.00735500856001195	-0.00203230479104008	0.00321454745607341
0.0149401284732559	0.00397698151362099	0.00615097475044912	-0.00851752037827523	0.00140557094039629	0.000169280175565023
0.0123386778102436	-0.010148293120246	-0.0142606599014834	0.000794791793081223	-0.0011804411107288	0.00437241746286488
0.0118712643361884	-0.017994077291021	0.0757159501866559	-0.00505784968402535	-0.0264388339380945	0.0506754546790962
0.00813920115272727	-0.0124168579163233	0.00427445732961959	0.00384096805189885	0.0123502854343132	0.00532951058784757
0.0118760664080094	0.00163563522330271	-0.00500343343781294	0.0109862202333314	0.00718375016148805	0.0056592890506186
0.0143816022884711	0.00123876100926775	0.000239103952282779	0.00443335244477475	0.00420017712935783	-0.00881283076304061
0.00230835159493805	0.00487696417671025	0.0105014965973946	-0.0302745641239531	-0.00278712070783515	0.0039902146788229
0.0121789069298137	-0.00102357524391797	0.00478687197101369	0.00102649231777705	0.00368711795794332	0.00191657849475374
0.0173789916371659	-0.000783728296278592	-0.000509474160825206	-0.00312709807872921	0.00917918088105802	-0.00628422689446238
0.00519871610004015	-0.00817296480636848	-0.00485873282103554	0.0168590022310312	-0.000231627811716617	-0.00596751735769624
0.00429678127699489	-0.00159442900959192	-0.00726429487782464	0.00656266261576681	-0.011105615080335	-0.025821949642301
0.0175881763548006	-0.0335541174064015	-0.00713422481642752	-0.0115728440335407	-0.0138587115800045	-0.00686352897724338
0.0129098680379049	-0.0176332001932329	-0.00193502616008543	-0.0194562943740554	-0.00337074084984937	0.00788915767849907
0.0129496366768749	-0.0128215101003726	0.00365110084821802	-0.00769848528307788	0.0030194414144862	0.00046421998735302
0.00767279308534448	0.0282966433907371	0.0217116787736283	0.0104291871420278	0.0213200977835814	0.0201041175051494
0.0102129846158995	0.0221102629284152	0.0464148393848092	0.00856090455924268	0.0219423902249918	0.013365957764284
0.0156200687745251	-0.0127705747852556	-0.00109209296112865	-0.00352016121817182	-0.00302982387779984	-0.00731669709957695
0.0138888343117121	-0.0107269804837742	-0.00953096830203218	0.000298803726573489	-0.00558358952861769	-0.00195070698587384
0.0129843740403127	-0.0191136752676687	0.00576012211410392	-0.00619727740372194	0.00543433662689413	-0.0138719986677683
0.0132702913282286	-0.00494452684891287	-0.00045138530567854	-0.00446053104183399	0.000664849001367297	-0.0013902297858116
0.0137737932411791	0.0114384118716845	0.00864380816257132	0.0047180179038431	-0.0084134650855025	0.00316523450867636
0.0168009850686254	0.0126923189382597	-0.0115894372466575	-0.013851865053496	-0.00125435776659983	-0.00812405522047287
0.0130079601509507	0.0061292374810101	-0.000852736446494755	-0.0014430520240152	-0.00424296220161941	0.00260926027701595
0.0152426433745654	-0.000667171557931896	-0.00306010047335439	0.000463091575186826	-0.00597672560978001	0.00185853352832859
0.0120617570637082	0.0100308856762965	-0.029332995385142	-0.0068824603056913	-0.00838581155540383	0.0114146963504315
0.0125667549971053	0.00786635486771313	-0.031430596577182	0.00397253673024954	-0.00179160165352869	0.00528333881886256
0.0067277149479702	0.00876202707475765	-0.000940831066075282	0.00878278962545525	-0.0144336536369914	-0.00168137366429044
0.0156541035505047	0.0232578609787741	0.00724930790385625	-0.00152671964780386	-0.00463092025742367	-0.000444276094101416
0.00180892559776718	0.00846500937328031	-0.000669896521177427	-0.0207318666740596	-0.0236390165344287	0.0102261772384776
0.0125464796590919	0.0083683879370814	-0.0123937841218729	-0.0432910296400117	-0.0106478812164359	0.0204490849084457
0	0	0	0	0	0
0.00057973167930312	-0.00361710772088072	0.00274279758086768	0.00063510332023113	-0.0268343754734557	0.00177132475426075
0.00831935945253964	0.000554297375550563	-0.00611592036295308	-0.00147916728809231	-0.00700018331280373	-0.00340781328206394
0	0	0	0	0	0
0.0050432373999621	-0.00401802190722974	0.0150210144539481	0.00448681936456661	0.0202789629481462	-0.00774591587634374
0.00243077739356782	0.00166426096589559	-0.00288802474306209	0.00914337292304514	0.00637234375668691	-0.00109059677901813
0.0164186775687714	0.018460556805643	-0.00860811478325067	0.00860590252487403	0.0207258430138825	0.004985965568878
0.0148875895805014	-0.00115038400381367	-0.00263214805756008	0.00335853584105119	0.00712113824824246	0.00629177543143894
0.0119295298538461	0.00356074285153946	0.00101984102839836	-0.0013363540513416	-0.00282412951142942	-0.00174526867830582
0.0133575811160493	0.000627446324605202	-0.00363639053837129	0.0107415567391988	0.0043113564257978	-0.00767517738484689
0.0112286759589769	-0.0159380789824345	0.014647887075751	-0.00717070716017554	0.0237783699288728	-0.00745185567565558
0.0148729855517231	0.00438911345804571	0.00239083292208238	0.00249667319212413	-0.0126883286620088	-0.00207482611892223
0.0124084824850208	-0.00230128679581152	0.00311139229567996	-0.00161516882648103	0.00505606929090066	-0.00885456624527684
0.015769445345014	0.000231788661420664	0.00179934756852036	0.00183721804953497	-0.001742887791394	-0.00224050313932187
0.0117231565572744	-0.00370288263898093	0.00256519388272722	0.00347885542315049	0.00830125786178444	-0.00848230124415709
0.0041028215200272	-0.000716976790706968	0.000251443979082805	-0.0123456707960401	0.0112769132035888	-0.0187561685139703
0.0100370143684408	0.00119423148482528	-6.94996703383207e-05	0.00467247255465621	-0.00912454739186457	-0.0122722791426386
0.00783338703333879	0.00220061186504703	-0.00308941794108026	0.00466607657190913	-0.0046183134546789	-0.000741262245177439
0.0113072065690182	0.00155563043929931	-0.00246844271656025	0.0093073241417276	-0.00648434744370773	-0.0109948419141087
0.0114046960103	-0.00284256691114868	-0.00491418335514007	-0.00177577567633384	0.0118311015956166	-0.000556930848379681
0.0121099851701669	0.00635777680058558	0.00373222641639732	0.000874155114493002	-0.00579858506773939	0.00169787200726668
0.0138986548978431	0.00129470739390215	-0.0047919141938507	-0.00174783566910546	-0.00168990356367457	-0.00115775964424162
0.00706058863851413	-0.00359766682629728	0.00654713715780237	0.00775953362803528	-0.010996951294962	-0.00448833860796496
0.00772677398866804	-0.00649103119341779	0.000916676712261706	0.000714854357882084	-0.00615973180630282	-0.012930238313608
0.00753093708559567	0.00597661279891652	0.0106062158205807	0.0060911926286122	0.00433586393592651	0.00224392859737817
0.0142193378547437	0.00210375537723781	-0.0103693587709105	0.00904662424575069	-0.00644581455880627	0.000458229181859212
0.0127839415028833	-0.00140394008546759	-0.0342672151058824	0.0155738657328244	0.0120152210333818	0.000176783603980944
0.0163207105121109	-0.0241363957848774	0.00743148243368248	0.0114540055543405	0.00539155223988338	-0.00701265282361676
0.0171209804320294	-0.00252680639710079	-0.0327551587202004	0.0282708778116807	0.0291849114791142	0.0133668487410564
0.00893043970211168	-0.0139594969797962	0.00785276247608644	0.00549339095662056	-0.0203016749116903	0.000830935488171103
0.00333331549681502	-0.0244502313663712	-0.000685900957741264	0.0072456424028633	-0.00877309091099297	0.00116745300011623
0.0111933786938821	-0.00131130855445224	-0.00152596248276762	-0.00173056907298311	-0.00897969301923705	0.00506995430308932
0.000441417386217515	-0.000139228105557301	-0.00662854082714142	-0.0089714021279493	0.000959897652246928	0.0186349697735039
0.013854390582823	0.00840320670051344	-0.00117955550556724	0.00904901259160277	-0.00144792171214381	0.0073211621900982
0.0150589231664489	-0.00323077051365012	-0.00271859412650879	-0.0049648344143145	0.00364433870173208	0.00329029556337845
0.0142380559667248	-0.0771299647213583	0.0419728962364679	0.0784052538717621	-0.0145024100184375	0.0173876665421819
0.0150121795306059	-0.0138536353151133	-0.000243918183028092	-0.0100293293517046	0.0302651498501388	0.00298661682183959
0.0200026558472179	-0.0205062789311651	0.00517651052196866	-0.0193817127733111	0.0416751870305199	-0.0395483239226119
0.0117381882468689	-0.0201191644908703	0.00617044783698435	-0.0149438974748744	0.0433629161686743	-0.0322852581485496
0.0131216799589273	-0.00504120990214481	0.00579731191104991	-0.00467915912389167	-0.000647842323673173	0.00814358921766956
0.0112392260345097	0.0029939099236968	0.00441453765120361	0.0043150364288979	0.0134181691891467	-0.00161798018370047
0.00849444211123082	0.00844476782773953	-0.0053338076715891	0.0155780668139789	-0.00181274213944569	-0.00921254554454612
9.98332701227601e-05	0.00303057206451213	0.000971868301515757	0.00276992009366297	-0.0172279243286712	0.00924648318435298
0.0121115557933493	0.0253784072613056	0.0159231235119905	0.00227609082174561	-0.0013853802547488	-0.00318271583051712
0.0150946759135569	-0.00325217615812672	-0.00405254699603079	-0.000236335304036248	-0.00669252885950386	0.0027456007544834
0.0135503289437815	-0.0127461741969635	0.00648236628086607	-0.00582769271547292	-0.0190937588717496	-0.00126397223452092
0	0	0	0	0	0
0	0	0	0	0	0
0.00458371725739548	0.000479268190385887	0.00206483653761561	0.00644612894627081	0.00472927466072858	-0.00145618255031156
0.0120875031188936	0.00232288862982736	0.00194044643321089	0.00336519814479325	-0.00621474860277569	0.00297922291135379
0.0149683253700072	0.0147893778608913	-0.0289049316763967	0.0025985018362505	-0.0050392048639559	0.0140613004280199
0.0110320618400469	0.00105707964590502	0.0080937769527934	0.00199575866109374	-0.0043548764313619	-0.000995129847375461
0.0104235983165677	0.0121499247459627	0.0010988149075033	-0.00267644512776497	0.0077493420218529	-0.0025604180172544
0.0134405172439417	-0.0260392691167253	0.0235861222379325	-0.0448262679056093	0.0126091119737212	0.00570467732072951
0.00394717506429969	-0.0150245573879313	-0.0141446233776043	0.0102232077775669	-0.0463906691288222	0.0184046644461208
0.0134650043243289	-0.00582224044477385	-0.0121960187580592	-0.00315264666302105	0.0034812528735888	-0.00737965024201122
0.0120666497192652	0.000900358744102215	-0.0256040044773592	0.0145248273826045	0.0192541112651955	0.000793772349750905
0.0169929002770053	-0.000809208012572431	0.0167638419854723	0.00265106454150924	-0.00860315164118527	-0.00524489984946086
0.0165077620161004	0.000499059839861429	0.0170682335107376	0.000804968555607356	-0.00820311446621765	-0.00428207412520847
0.00723779517805975	-0.00363183049696832	-0.00898808391541719	0.00496340876802371	-0.0149691150675865	-0.0106851730669864
0.0140260541682896	0.00316767636802096	0.00219600853093303	0.00612981660600767	0.0118343661424004	-0.0044058068078534
0.011391721386731	0.00756213601379793	-0.0039375918072589	0.00662621228220922	0.00877746353430925	0.00874492860203156
0.000179692790434915	-0.000551566855620234	0.000258676234501739	-0.00620611013016424	0.00540990493890143	-0.00220713808089627
0.0129984557180813	0.00465681951871045	0.00377993691237946	0.0035350940504271	-0.000992798945250436	0.00112006434804208
0.0151718604550253	-0.00215363189817548	-0.00271719643863188	0.00715382030526313	-0.00547262454930228	-0.00126073702484861
0.0145917424822369	-0.0116430697558932	0.00133689502077019	-0.0078120451464236	0.0109551517080253	-0.00334529694774565
0.00208631895338931	0.0176865868497016	0.0164808745441811	-0.0113458022688741	0.0278012258094113	-0.00176032806572663
0.0166850779676839	0.0171717128176245	0.000710785057622483	-0.00647906107794944	-0.00411629143326572	0.00247536059986087
0.000110819730458258	-0.00195940005598522	0.00124382791267147	0.00178978507383372	-0.00810142626389756	-0.014440370948085
0.0134734309843075	-0.00166002930037791	0.00216096923851822	-0.00633287185156381	0.0044455368231579	0.0135481555577902
0.0139648777900708	-0.000174558585416354	0.000870792087582137	0.00479793971766495	0.00173413887739876	-0.00566929871358124
0.0140688335930151	0.0165200790765552	-0.00933331904207346	0.00721744010081851	0.00146214042068083	-0.00779243353436503
0.0133073642784385	0.00819325012625849	0.00932603494511206	0.0148103731398807	-0.00203176702603742	-0.000336286937998663
0.0135521880840777	-0.00470242546189437	-0.00292395116152797	0.0015626224024706	0.00210321963837703	-0.00361695246597746
0.0138590069836016	0.00625589371047402	0.000728711433816041	0.00178512880556062	0.000527257166066408	0.0013914898506441
0.0105231767562261	-0.00343569554724126	-0.000835311311331312	0.00551671788608693	-0.00254085614877219	0.00796018950555155
0	0	0	0	0	0
0	0	0	0	0	0
0	0	0	0	0	0
0	0	0	0	0	0
0.0142377069656266	0.000584667704558274	0.0109140405852994	-0.000189651782011721	-0.00203974129943531	0.00773644403468303
0.011726862601157	0.0152569558514685	-0.00901147329328041	0.0137676859474136	-0.00532363021255137	-0.000723105194553892
0.0127216495533518	0.00377214196586008	-0.00667817999997505	-4.40672332858211e-05	-0.00174803146207269	-0.00318251885145701
0.0103930989104294	0.00280073332958976	-0.00402358003663525	0.00275985563414198	-0.00275425860653039	-0.0134682879836854
0	0	0	0	0	0
0.0132588941902288	-0.00373590219813602	-0.0292351918315008	0.0241710910219437	0.00487076295428168	-0.00551133457481507
0.0118172867507466	0.0158557301039706	0.0194246773515862	0.00513662065829651	-0.0170417035344332	0.00422574426234858
0	0	0	0	0	0
0.00117923881669815	0.000397117651568541	-0.00220549671693846	-0.0112640123320334	0.00177771295505677	-0.0675294657587977
0.0110220191449634	0.00288667961446358	0.0145389439139479	0.0057401011294557	0.0057935368940022	-0.0103886570346939
0.00162589132680308	-0.000318715434836598	0.00372986245697525	0.00986554090204989	0.0276528423796241	-0.0262558332633392
0.0135863629859172	-0.00329117493980406	0.0169060911086314	0.0187914361835468	-0.0226643439225589	0.00633174614183918
0.0126617187567359	0.00503570155867416	0.000777691094717037	0.0026754851899876	-0.00018061065536044	-0.00211371138338532
0.015534947667687	0.00683310673138864	0.00248032678774929	-0.000448295332130103	-0.00349576409561207	-0.00573281542284848
0.0117732811918485	0.00612556390753901	0.0107249341071788	0.00521231353784809	0.00211893376680788	-0.00486151786836793
0.0126401295685908	0.031547408773298	0.0257168257304502	-0.015308655652537	0.00553141973627167	-0.0165806758298758
0.0125400419159878	0.00921611934439389	0.00290474454155863	0.00833145168798463	-0.00285245629979969	-0.00288699623533135
0.0112265717457065	0.000380801871114245	-0.00239359318861798	0.00822518610890454	-0.00906080574787363	-0.00941931139170513
0.0120025550682243	-0.0179276272331017	0.00604131430475979	0.00556629808225849	0.00223096172216361	-0.00671531984143313
0.00140789118282116	0.00399664402185422	-0.00793252731560262	0.00867821366531967	-0.0284370944168734	0.0131106984862234
0.00236586592241475	0.00915549523478548	0.00995802294435539	-0.00910644448572429	0.010856867627651	-0.00127951808608841
0.0076744718544958	0.0133658701800872	0.0105052825736766	0.00817156128551043	0.00634134680315803	-0.012781220337303
0.0126817225494499	0.0136741006600034	-0.0127915684504835	-0.00654264441126714	0.00350740828199362	0.00237858350834905
0.0108903626975792	0.00262774926140056	0.00373761963874868	-0.0011599969690323	0.00353545500383614	0.000752320098623771
0.013643181459652	0.00114960699951878	-0.00762223547205129	0.00303926946430152	0.0115112414534519	-0.00470222184006322
0.0128517634535321	-0.00498709683563821	0.00392923470777828	-0.00340984570393006	0.0148700702306121	0.00734599122567156
0.0144007577502201	-0.00975067871129284	0.00209252672185327	-0.00217988064400506	0.0173992958719265	-0.00973781639918882
0.0127977873379971	-0.00337929553140869	-0.0332622678737661	0.018241697870926	0.0105258994483868	-0.00228228782198319
0.0103938699738459	0.0321366934490458	0.0325931640757431	0.000557377848741834	0.0132239566895055	0.000108973245048171
0.0118226873511381	4.71066738570751e-05	0.0020372546116269	0.00596955705029932	0.00884264563708473	-0.00947186070879112
0.0133696186424602	-0.0109556505996158	-0.00177577519447047	-0.00552313171886359	-0.00760731442787163	0.00338470747642255
0.0114274305923479	-0.0146076098044248	-0.0103294039892949	-0.0163248999065381	0.0114997851278842	-0.0110217728794975
0.0103343107484783	-0.0102378670817099	-0.00163321298354119	0.00120813020874822	0.00315406540455308	-0.0173017348847942
0.0130923689094427	-0.0100196735214106	0.0014876894244364	0.000468488383305585	-0.00185262429907409	-0.00483298560829514
0.0143467177655556	0.000783518825876457	-0.00182751287994623	0.00303172106387405	0.000278687421550459	-0.00254954955973881
0.013069586798196	-0.0128949512665402	-0.00346246451321517	-0.00297245944502233	0.000948158936231325	-0.0107739460678565
0.0120442183702561	0.0013771547870001	0.00543080437476086	-0.00144078936969238	0.00991866275975436	0.00686574164625854
0	0	0	0	0	0
0.0148803422935945	-0.00865728767260186	0.00130387684427251	2.96176275299711e-05	-0.0125567821245575	-0.000249115113320787
0.0131863691011777	-0.0117411008509954	0.0160498655763034	0.00266262190082108	-0.00439401127225173	0.00874918257318826
0.0154512008552806	0.00312686470041717	-0.00604134864079737	0.0097129964464121	-0.00161107134971657	-0.0117102321474436
0.00460881966260601	0.00183696393264722	-0.00975525555663243	0.0249754697425085	0.013181710350478	0.0174442511358834
0.0117181053049771	-0.00126052328344436	-0.00483601344936398	0.00401433549112853	0.00354629876215128	-0.00593851802565984
0.000887567399803874	0.00525212689755616	-0.00447112767719355	0.00282695848149297	-0.0130851498010437	-0.00248698013551744
0	0	0	0	0	0
0.0142238771343797	-0.00839083831357028	-0.00650532342301602	0.00410499407798648	0.0196324753130345	-0.0140059975928539
0.0124532937468194	0.00706516847281691	-0.0101578859945749	0.00566481629216755	0.00777976598147204	0.0082880696442559
0.0121905094996456	0.00286528335242212	-0.00333303172412441	0.00862771640020596	-0.0129825619952376	-0.00233062251009687
0.0120986861358558	-0.0235465333419746	-0.00489298946643133	-0.0128807800884575	-0.00401144497648195	0.00521970521284603
0.0120306109605336	0.0098192344234421	-0.00161747854135317	-0.00167018417167667	0.000668549052111572	0.00197624597443364
0.0149567207913684	0.00137554473618102	0.00317099643429	0.000892062912502984	0.00329532428743437	0.00119326859038171
0.0123653954086874	6.72262427964657e-05	0.000216275248480745	0.00562529124945517	0.00366022641718685	0.00514747001339946
0.0118676795679116	0.00197579416998409	0.00237306049485716	-0.0102940300852978	-0.00659098982858268	0.00410662825793982
0.00621971796168922	0.00567467169693785	0.00745688035384082	-0.00308304221951539	0.00626011601972303	0.0083573576094083
0.000419858622332422	0.00113488141955239	0.00797110251445574	-0.00633125086295454	0.00103883438391097	0.00213395433370729
0	0	0	0	0	0
0	0	0	0	0	0
0.000110819730458258	-0.00195940005598522	0.00124382791267147	0.00178978507383372	-0.00810142626389756	-0.014440370948085
0.0102871142610866	0.000382264029844199	-0.00307227829290743	-0.00412437005264709	-0.0023651271827588	0.00927459276474105
0.00772808359419191	-0.0116227211718192	0.0099090970053753	0.0129136383693109	0.0111605502275489	-0.00598388700786065
0.00836118879645663	-0.0114149699685166	0.0107971656867488	0.00235751595995407	0.010488687432265	-0.00167179502450802
0.00682570776113806	-0.0150346002888654	0.0123907711209358	-0.00739186135567311	0.0303060304885301	-0.000859105002976369
0.0129925605684786	0.0144848952185913	-0.0221631790730154	-0.0210660006524168	-0.0264414678032996	-0.00905985532965566
0.0100043113076313	0.014861782952005	-0.0131397122787513	-0.0202500751610513	-0.00878411819225239	-0.00939788616961165
0.00108223642980005	-0.0185490178263862	0.0109659167118358	-0.000627767424277743	-0.0235056530973341	-0.0108071856544833
0	0	0	0	0	0
0	0	0	0	0	0
0.000569897596931614	0.00313981643309778	-0.00674796910561228	0.0130847348243561	0.0107732032620306	-0.0174037734847075
0.000110979076491568	-0.00190223388362534	0.00199410912436394	-0.00367413018347374	-0.00651899899306084	-0.0113881347789984
0.000110819730458258	-0.00195940005598522	0.00124382791267147	0.00178978507383372	-0.00810142626389756	-0.014440370948085
0.00783274281942906	0.00241342322528301	-0.00494110288165083	-0.00565159634892565	-0.016682031968327	0.0094442685070548
0.00422067954999188	0.00968480318520769	-0.00733022986039499	-0.0128504944516215	0.00108002074202749	0.0136332459267881
0.00298434246794241	0.0106603035877983	-0.0071766495294163	-0.00717096708420076	-0.0263754588593554	0.0250064815062563
0.0028949770163052	0.0116783997982448	0.0152829185969564	-0.0253559614434665	-0.0197695496929289	-0.00290691975430579
0.000292349711534389	-0.00148660656233972	0.0010723898532401	0.00847973756794847	-0.0234200800457976	0.0141468929015766
0.00598707294125881	-0.0120414521252848	0.00747943099283154	-0.00742404145984864	-0.00662381276288596	-0.00814598120571676
0.00591039358736965	0.00358464671131075	-0.0154808401349268	-0.020356305222375	0.00702192090227141	0.0062309844086918
0.00799798732963434	0.0160766400966936	-0.0160027180718528	-0.0123466430219104	0.0182041228862029	0.00830344421800932
0.0123658098425338	0.0129007993119105	-0.0479774605768466	-0.00031302067986255	0.0249686229671348	0.0154237905829763
0.00975017884783233	-0.0128529121627124	0.00285558734034375	0.0116359776867889	0.0208926160764173	-0.012967209471901
0.0113938596997274	0.00194726650687047	-0.000860490565091182	-0.00363225952558277	-0.00167812724777064	-0.00681545589542828
0.0120470287304503	0.0010633605750339	0.00790090527073372	-0.00136263739603048	0.00622418605735827	0.0162010324129219
0.0135634267610774	-0.0164148658667721	-0.0134496027746673	0.00146344090675702	-0.00664895954853313	0.0221744181841847
0.00951827898335872	-0.00365292936780267	-0.020302468790201	0.0237613896416287	0.00989268383032631	0.0251374957436106
0.0103297380792253	-0.00798591757505063	-0.0216277206563554	-0.00544100127512436	-0.0168262333514813	0.0323308583967805
0.00872098232486929	-0.00841176592760281	-0.0249582581271741	-0.00123507581359933	-0.0185831331291961	0.0336229594406944
0.0118325095246079	0.00548256063175749	0.00662560934538606	0.00506181981065511	-0.0058053931284107	0.0110051817874031
0.0136294280261648	-0.000258385168913284	0.000210890467201082	-0.000486103760184106	-0.00687680896411015	-0.00148215547326478
0.0141379149773668	0.000690573973011096	-0.00564105390133223	-0.00204174482207721	-0.0052224164203887	-0.00128268632065313
0.0133793319685736	0.00819751992761232	-0.00815239784153057	-0.00410603646444084	0.0108082965605045	0.00693502026011285
0.0133303653163672	-0.00263114677241295	-0.00202681535114038	8.16339585731191e-05	-0.00265743279557669	-0.0026369071281235
0.0159769331841685	0.00536310700290461	-0.0196561890496119	-0.0107621604115685	-0.0076801071523736	-0.00510365169121648
0.0143898679444215	-0.00854606413663833	0.00651744241350048	-0.00353647341334279	0.00583489478480159	-0.00482055110255012
0.0131042478726512	-0.0160882390670061	-0.00157647162932874	-0.013195674885326	0.0114621431382788	-0.00238867279044842
0.0066356530226147	-0.0189039120697061	-0.00167228253135913	-0.0242504049911988	0.000399719279447047	0.0075837357551404
0.01461270969601	-0.00366039743590331	-0.00509791683540048	0.00493070301321916	0.00386056897729476	0.00436310464859683
0.00965124850637241	-0.00351511288297949	-0.00307099665076164	-0.0141976404355411	0.0122581000743587	0.00087241662639781
0.0185331203915417	-0.00578467777420656	-0.000300816662499708	-0.000728909141712472	0.00109185438511938	-0.0140019515008777
0.0171147336902105	-0.00624296251887936	-0.00252642862771115	0.00461420987830987	-0.0108519131733427	-0.00281241374385282
0.0163038881502565	-0.000361409285900981	-0.0157285085413648	0.0124709647192644	0.00579098883892624	-0.0179156656720626
0.00842234579008145	0.00407623500535403	-0.0136516904897964	0.0125707967101392	0.00956131560439868	-0.00619942899171212
0.0148326878430396	0.00101492468005156	-0.0170894097479326	0.00925323558157459	0.00716586682934686	0.0137125796909786
0.0114701414989233	0.00764000209675583	-0.000715771972692676	0.000741583937888901	0.00922191413850841	0.0010546888312134
0.0135793410708129	0.0224495684731245	0.0103477402682613	-0.0211302021552783	-0.00219616716169224	-0.0239938764074636
0.0129975117567317	0.000514130389052029	-0.000821722048064425	0.00259501130854259	-0.00158842112626551	0.0015010053239608
0.0137481507629563	-0.0054975260713873	0.00713334977388378	-0.00482534017558849	0.0189559421897028	0.00244187330521397
0.0065802126418399	0.00876388016843914	-0.00579637883443109	-0.00365747940004013	-0.00233070821129	0.0226316465447794
0.0145511914593582	0.0112753736449462	-0.00781609249812457	-0.00397830531797276	-0.00382821381821074	0.008915910520304
0.00949779581597959	0.0145297747499131	-0.00646553715548263	-0.00205609205377282	-0.000351842380485108	0.0153105351635755
0.0167587187310029	-0.0166280886334193	-0.0159705252680646	0.0063905729567879	0.0277593528550015	-0.00719505762459357
0.0121809185605631	-0.00749371456153529	-0.00425802052424522	0.00232904717838872	0.00983883159154249	-0.0118351459337111
0.0137074117074341	0.00746707810624665	-0.00207124702403144	0.00621800828299417	-0.00322956009241977	0.00322216356307438
0.0119381525174926	-0.000300499590788901	0.00553800846043507	0.000948502942674929	0.00449222164947238	0.00318461059588473
0.0105474155021859	-0.00427006092742235	0.00797197083973415	0.00550896964251315	-0.0163890034226284	-0.00267215730950895
0.0129417727109014	0.00790685422203362	-0.0111248005211507	-0.00146919831264613	0.00732271768272655	0.014600160938792
0.0138739588119431	-0.00821491563170518	0.00442150471247716	0.00995903702474165	-0.0214396602893497	-0.011597851659898
0.0118294582242297	0.0178682601063376	0.0226664250712453	-0.00814122809132585	0.00605010915294878	-0.00816331472323872
0.0146558760888172	0.0207055989471101	0.00291462962037902	0.00294659678690565	0.00658653571918846	0.00381693411018821
0.00315630230106347	-0.00832533603477177	0.00628201722406427	0.0155903156275111	-0.0231367657252014	-0.00927078431722501
0.0142740846677828	0.0111319155008438	0.0105220732876029	-0.00500257448262842	-0.0230467903553702	0.0121155519291487
0.00628093185445977	-0.00694586554687645	-0.000120267468282661	-0.00699912947069036	0.0161615934458572	0.00320378111218906
0.00549063075719926	-0.0101716882590959	0.000651448598836708	0.00971435698343524	0.0171551396917326	0.0143100288852317
0.000326693153364939	0.00133734224622657	0.00559642470032751	-0.00647968477837468	0.0224394481010284	0.0151198019283661
0.0174809662359181	-0.00550496801814321	-0.0148455641182872	-0.00402996492305278	0.00479037212455777	-0.0010635124490177
0.0105253582527485	-0.0010970630362855	0.00267141076884817	0.00420854698821227	-0.007932186979979	-0.0074763197916763
0.011874855101024	-0.00248773988631869	-0.00980997908090214	0.0132025079598725	-0.00333459217009068	-0.00480984266548765
0.0154762261446601	-0.0120089180259743	-0.0161774680062612	-0.0141877184598584	0.0013212344915366	0.00343185654167414
9.43549942957713e-05	-0.0010685333185388	0.00253692745309425	-0.00637953530565486	0.00243224681381647	0.00476323444883504
0.00295920903067049	-0.0214970739825936	-0.0196542215891389	0.00204618088241619	-0.0137164163278233	-0.0658671300109876
0.0187686937404273	-0.0481283165292203	0.0594401943514114	0.00245177137598532	-0.00405376070809919	-0.0106567459248548
0.00472015573873577	-0.0374431797350395	0.0366641730099494	-0.000489552050185707	-0.0209987725349076	-0.0236162022368282
0.0126206828255544	-0.00109172964810881	-0.00179918342394479	-0.00436313895321243	-0.000792833457630505	-0.00111892680515391
0.000903876692456168	-0.00221845377638225	-0.005159331830154	0.00605943189584718	-0.0344965751513592	-0.0160549365117361
0.0068534420804387	0.00328546022341788	0.00374474982157394	-0.0109670106704498	-0.00691365536066702	-0.00749482626311518
0.0100243392031362	-0.030419431028979	0.0110529447200545	0.00612198026719302	0.0398552540261077	0.0112307437513865
0.00817267895293054	0.0103003628190375	-0.000301870865149064	0.00161458065799422	-0.0018537696727643	0.00817837861427329
0.0128118249216559	0.010382883550409	-0.00264908281897576	0.00533570587329076	0.00306428456054847	0.0066285065161702
0.0128704895157961	0.0047223477358363	-0.00133339849682384	0.00412098336265255	-0.00854997096070493	0.00301996172428636
0.014596359255529	-0.00176736670885062	-0.00834896547330933	-0.0260252716701509	-0.0024010863692609	0.00380042348366475
0.0159429120759094	-0.012335486919905	0.0174596213752613	0.000709096149176682	0.0059323965764534	0.00519518876820914
0.015400957657873	-0.00376931331751523	-0.00257857299520913	0.00283577241194225	-0.00559623681819004	-0.00155738058307289
0.010517010585699	-0.00299051184073995	-0.00261025642194343	0.00182364722405733	-0.00351673969883414	0.000523077672261426
0.01519953922245	1.38848885731489e-05	-0.00288000348681314	0.000655568473348454	0.00471945510171627	0.00841870113056116
0.0093792997379065	0.00146020597222865	0.00555086064392709	0.0116407256610331	0.00642753436035516	-0.00744227402792481
0.000312045535474383	-0.00404042545503075	-0.00155862142695169	-0.000161264853804175	-0.0126108891925332	0.00681244315490562
0	0	0	0	0	0
0.000631723061882229	0.0050616529029024	0.000990231004847546	0.00945829292256576	0.0310918012658803	-0.0203263479458338
0.0130977938221077	0.0138326560820471	0.011111488705495	0.00385095267058242	0.00014618038862378	-0.00237884762447525
0.0119707272343299	0.0162672730946956	0.00424189906535239	0.0101062369667461	-0.00483666090074504	0.000699910433588112
0.0139099632097409	0.00851972455637285	0.0128351517920669	0.0101348601923849	-0.0138197826978299	0.0106057593096394
0.0144575974957118	0.00736184472457439	0.00348516845574575	0.0013999407251029	-0.00215516622559387	0.00188786451743067
0.0130352141557697	-0.0145002445764899	-0.00266578194658589	-0.00700367204869201	0.000310345020077964	-0.007181493940992
0.0158794016694764	-0.0051689815954294	0.00200289051800057	-0.0037591323722466	-0.00970397565917109	-0.00458291051322987
0.0117368676584764	0.00414361533151252	0.000263377945218505	-0.00283050369001609	-0.00205061425089599	-0.00693555484229668
0.0149443967762075	-0.00721891299774077	0.00070477582651333	0.000287338116646848	0.00262984503120545	-0.00636597923392484
0	0	0	0	0	0
0.0119117222874067	-0.00827945099967218	-0.0226521701784474	0.00986390607730774	0.00415659388947267	0.00875678229964264
0.0114409540181533	-0.00926022078039765	-0.0034494682273039	-0.0128814671572193	-0.000784846564424488	0.0043580202569821
0	0	0	0	0	0
0.0140255630491272	0.012105426934752	0.00190795520289959	0.00670923927723533	-0.00305346488072428	0.00407372707321672
0	0	0	0	0	0
0.0156016380464177	-0.00530902819756986	-0.000857634763781266	-0.00557981094783997	0.00583068419822568	-0.00611633791970672
0.00275128174348632	-0.00542581189121853	-0.0155049089287198	0.0107397883407211	0.00452262897874636	0.00594975377687456
0.0134014604245686	-6.97560624891977e-06	-0.0219541849521652	0.0146169313352608	0.0077366069405253	-0.00587982176292756
9.12376628367421e-05	-0.000422981950708437	0.00257559733831107	-0.00430232751611409	0.00576152762896327	0.00766027910990872
0.00817557502943823	0.00720116737012052	-0.00340978704530507	-0.00444921719755906	0.00314717460611694	0.0231540264079677
0.00471022878976587	0.0111393059499722	-0.0108504197576462	0.0129826205996702	0.0189195657842145	-0.00186246905893613
0.0131487067044266	0.00639640328296883	-0.00570232049515013	-0.00370560467461666	0.00733311509045168	-0.00101195978998485
0.0141425505708517	-0.00854781680962611	0.00372686980275637	0.00534535870632933	0.0084827876985714	-0.000590110451454409
0.0134631470647714	-0.0320148043681209	-0.0145793269156396	-0.000831590124783672	-0.00390284898259396	0.00868938164687874
0.0146270995755809	-0.000183996967940075	-0.00558315564274972	-0.00828404495147372	0.000222431576661336	0.00556527093890441
0	0	0	0	0	0
0.0134175915461068	-0.0269320755457373	-0.00662366076790456	-0.012883293397743	-0.0176071729014564	0.0173072827171327
0.0127516692790506	-0.00453127241653137	-0.00774311862662483	-0.00106853050335514	-0.00943544555474523	0.00112815950996449
0.0132207345804095	-0.00717881789448052	-0.00293861303006713	-0.0133137629642064	0.0153895234425992	-0.00412275337053615
0.000723177144486371	0.00412317186161565	0.00315503987439401	0.0161665714692457	-0.00664041928161723	0.0117240135046779
0.0129784781997109	0.00184239713197514	-0.00983823585384792	-0.000247800166572029	0.00609542264386821	-0.00196279283929281
0.0113561660060713	-0.00305892279576863	2.38812475166907e-05	-0.00136258552294481	0.00907716276652715	-0.00031651478176486
0.0113617996473134	-0.0056438313377253	-0.00451164750770875	0.000598993456331395	-0.00634227525228817	0.00819990011873912
0.00111716103711063	-0.00320079306603828	-0.00602538213103762	-0.0269303587531747	0.0132872823995026	-0.017314284037306
0.00968750051318546	0.000162489229500297	0.00615000795748907	-0.00249202618364411	0.00156218623881997	0.00291937998778667
0.015118948589801	-0.00884871578375963	-0.00211158625759248	-0.00456138310507494	0.00967192022811865	-0.00855958802891627
0.0134807894418892	0.00191725445771048	-0.011086529996578	0.00440443498895562	0.000788312087261562	-0.00338969544187149
0.000102105411814102	-0.0019968776513503	-0.00257121599908504	0.0095771693245776	0.00285045352372104	0.0132879076372468
0.00896009078652119	-0.00520163007283905	-0.0119944191925277	-0.0140319961102201	-0.00888027856510857	0.0126128921525495
0.0108041433003525	8.33606686938965e-06	-0.0132932859976136	-0.0166913006557967	-0.00407869184547221	0.00394924860684916
0.0135575907888678	0.00414953679031113	-0.00542837921420629	0.00653667596838532	-0.0053819748893666	-0.0127239521550838
9.43549942957713e-05	-0.0010685333185388	0.00253692745309425	-0.00637953530565486	0.00243224681381647	0.00476323444883504
0.0124499718774687	0.00330858972298816	0.00264897597814726	0.00195319288884663	-0.000414508868141813	0.00607583901733595
0.0178866233148314	0.0212687894172915	-0.0047654949250866	0.00223635025259892	0.0092665334972292	0.0108631646543795
0.0136581752796949	0.00407088229491942	-0.00625267332844258	-0.0037279803752699	0.0108766434095195	-0.00339403447364188
0.0166157551165872	0.0180906124479797	0.00328781356462017	-0.013587492601874	-0.01218194562552	-0.00766251535655398
0.00137738953651902	-0.00716199732105181	-0.000324014852353331	-0.0203313633582823	-0.0277137291465861	-0.0175334588700186
0.00303812739298588	0.0239114684084715	0.0450144381524875	0.004653873081492	-0.0172875634051671	0.0165578954491737
0.0148090472589438	0.0142294615571369	0.00388667791873526	-0.0181724451274742	-0.0191235720223988	-0.0117797977208651
0.00721693456325153	0.00520045726251621	0.0222196389404032	-0.0137073147010652	-0.0150895939551627	-0.0195124835765905
0.0178348775523069	-0.00754886987549667	-0.0217254796766293	0.00783645800513646	-0.0168001169829046	-0.0134870805712295
0.0131889267649758	0.00767831880290453	-0.000261032083017284	0.00541226006761658	-0.00266991832339096	-0.00692761812897951
0.00368071826450779	0.00503403837595503	-0.0120105402936782	-0.0119757809323719	0.0156954780408628	0.0113997150869939
0.0107221184105401	0.00112204339425573	-0.00241020778290378	0.00977081625954356	0.000973177029592659	-0.006956649449803
0.000463541001357504	-0.00335826178951637	-0.00121512476785137	-0.0118008212073403	-0.00531853852307712	0.0206415241886406
0.0105419595021104	0.00586475382610739	0.00875228415718591	0.0144380449583404	-0.00345147925761394	-0.00278135309220278
0.0057219658219652	0.00457267894551533	-0.00265332931976034	0.00250013224361705	-0.012837171145364	-0.0105940049693101
0.0142236437120246	0.00162914317659134	-0.00224982561289484	0.00374134514341258	-0.00635870377892268	-0.00885545267367282
0.013006491530325	0.00383005652542152	-0.00197203161646098	-0.0113680732013673	0.00559423682936946	0.00682678067325895
0.0135685425888057	0.000526553006661567	0.00111481422855807	-0.00153005513674235	-0.00214325672056351	-0.00561454242983396
0.0153238654437008	0.00142642936831889	-0.00579338308998178	-0.00232600615878123	-0.00503120580627971	0.00285605795715889
0.012756735931665	0.00189145643983887	-0.0116352597276045	-0.0131917289133369	-0.000673493880535878	0.00387753064543242
0.0114744309763824	-0.00193217301052937	-0.0149411216843776	-0.00662808217113493	0.00210459308300012	0.00384137537400562
0.0122073293255648	-0.00286068498710989	-0.00278581230428871	-0.000800087412291429	-0.00262419036606888	0.0035304309240126
0.014733879223094	-0.0126780024410599	-0.00299361192977685	0.0134700684183874	0.0169048716635397	-0.0181257878656627
0.0121507102203846	-0.0105573462625044	-0.0183521202037755	-0.00257608106609758	0.0073174663353889	-0.00125519145289898
0.0117156975331684	0.000232570615377541	-0.00950843443764941	-0.00527923177599203	0.00314537596414363	0.00277418926084574
0.0147740582483363	-0.00571417706465879	-0.00370241981649355	-0.00196016179654637	0.00289469095722691	-0.00295208838460864
0.0122034945825385	0.00551563715736513	-0.00203109675101383	0.00709463303470177	-0.000279678652780749	0.00218565748175943
0.0145654149938382	-0.0112923741240791	-0.0156399253389319	-0.0142564585117364	0.000691967138703896	0.00247872166976342
0.0158749459370079	-0.00704281475191315	-0.00145229102859306	-0.00764956147960403	-0.00707113656164977	-0.00915901624718181
0.0142276750363462	0.00174165491481246	-0.00617188325149403	0.00174063028338102	0.00288636222117171	-0.00408592185313647
0.0150903162881977	-0.00544894666333024	-0.000641683315280953	-0.00254293867580574	-0.00381616396769083	-0.0067048043464829
0.0120381250527622	-0.0277231108767238	-0.0353632483158466	4.09352569676448e-06	0.00299128360002187	0.0111481753785947
0.0188559519415027	-0.0269172736678573	-0.0354286006856276	-0.000512957864744016	0.00492965084009146	0.00817306466069025
0.00542674432207644	-0.00780954149589374	-0.0135979782918905	0.0178428653326779	-0.00937019961455191	0.0230331019187454
0.00415807917139908	0.0119381099957289	-0.00931604776294112	0.0178248706322862	-0.0206135830788839	0.0251016219532863
0.00821295649804029	0.0197521951259393	-0.00991226277628462	0.0148935328710225	0.00419993838707579	-0.00103152776698085
0.000223060352164589	-0.00515217968441289	0.000189034093336548	0.00619827135147157	-0.0101243444360573	-0.00355533882351576
0.00327915223790481	-0.00318496623574301	-0.00211189050439064	-0.00160095170614803	-0.0216483116308305	0.0421295118417058
8.22072430147009e-05	0.000897432215983014	-0.00211034763813814	-0.0032548840158962	0.00225488402242301	-0.00269843164806587
0.00868318956382548	0.0142961282422165	-0.00338155902760979	-0.0105996297332703	0.0207772985052826	-0.014811656554055
0.000280056116269297	0.00371934434318584	0.00179981011953859	-0.00789194362772686	-0.0139529414561838	0.0272745442726831
0	0	0	0	0	0
0	0	0	0	0	0
0.00205342936821375	-0.00241137624764405	-0.00490425056503667	-0.0425093009869124	-0.0328458977735738	-0.0166823991504502
0.00418163770304454	0.00136848054615642	-0.00846934383473549	-0.0028594768857742	0.00836430368150138	0.020333329998536
0	0	0	0	0	0
0	0	0	0	0	0
0.000198751217703066	0.00358754746308403	0.00428391465719082	0.0034654369211759	-0.00791821158073986	0.0158031911646787
0.00872807716024891	-0.00117066784340241	-0.0142942522513728	-0.000165357248598412	0.0011624872133708	-0.00570950785043755
0.0152280485048029	-0.00842421491774679	0.0102077478671609	0.0110231556488316	0.00243390929609391	0.0422002937061016
0.0135605133555146	-0.043077917858102	0.0133191809791824	-0.00357852269105894	-0.0116720821469545	0.0534278416823775
0.0155017661260467	-0.019331316926254	-0.0183572383536143	-0.00439943964585929	9.37479447246595e-05	0.00451375955177115
0	0	0	0	0	0
0.00982215155230013	0.0239925672264986	0.029148726867488	0.00824872808542964	-0.0213435017931315	0.013016588925623
0.0115632939214137	0.00606156749542669	0.0045302514974221	0.00574169484792212	-0.000507437686010361	-0.000782912448555184
0.00170143692356574	0.00739749932813476	-0.000305484941625491	-0.0105803043593087	-0.0134162411862636	-0.00173543711110135
0.0137749777869308	-0.01250509727559	-0.00398403226255789	-0.0195004652132241	0.00337901945371958	0.00714992552952357
0.0105905767823107	-0.0103534978222008	-0.00108053417225233	-0.0208099224957911	0.00565465288532001	-0.00185552858695276
0.0166713603464462	-0.0669346772849806	0.0422136914952594	0.0477565507170258	0.0128406368096814	0.00600915090518515
0.0153539954750057	0.00594605264293279	0.00555864463487086	0.00568365289622861	0.0139047271610196	-0.0172936230108004
0.0128638212876161	-0.00104074999169168	0.000710574906057032	-0.0106092697645231	-0.00294331555566308	0.00100682901857015
0.0142224246640517	-0.0146983524500365	0.00489729708556938	-0.00285311190876539	0.00636972199195888	-0.00523424111944617
0.0119624440997211	-0.00244049466373162	0.00100759236854569	-0.00310302026804199	0.00585706618488789	-0.00171143556731833
0.000258876808664805	0.0031248823718573	-0.0059629214108081	-0.0143859873918671	0.000696254402655856	0.00827944837451614
0.0116251683821253	0.00394440190801541	-0.00122117866529805	-0.00631843146223655	0.00512816028461316	0.00372762837468295
0.0116489197844928	-0.00266504594750577	-0.0156455999183396	0.00993595980041702	0.00457456144842831	0.00055746949659847
0.00125015680093941	-0.000712178860453355	0.00289470976250569	0.0128259687548486	0.0100082085353163	-0.00476626128524029
0.00878299721616373	-0.00559281022987477	0.00119763515075762	0.00541155923626043	-0.00271108752000105	-0.0158550510599591
0.014733587947916	0.00295688351787097	-0.00117147384169286	0.00364488211708936	-0.00781355110056516	0.0112889446995768
0.0130371211973825	0.00286186733621785	0.00241279531859265	-0.00428168969320839	0.00305976130492029	-0.00427376147512313
0.0001879031308901	0.00166872962795404	0.00156439083538683	-0.0056640193777628	0.00682316799145545	0.0169244899587471
0.0146045357652372	-0.000497941428137559	-0.00417080313871844	0.00565064363579877	-0.00213856412253141	-0.00487025370417324
0.0135543380988148	0.00277865350053596	0.000662220999515423	-1.34165222966619e-06	0.00619292338895313	0.0046054381935829
0.0128971716496795	0.0133813177893894	0.00558839472653235	0.00422965680294847	-0.012685117824112	-0.000262570094696499
0.0135382872967303	-0.00273202145225101	0.000824597439071066	0.0197234119487374	-0.00103727001590039	0.00968046817962394
0.017784719081926	0.000825428581626498	0.0235030714543281	-0.0107331884200503	0.0299276098218986	-0.0108945840045936
0.00554574112675432	-0.00230012346967562	0.0194946053954758	-0.00965181911358273	0.0210631057879876	-0.0229010141326696
0.00448801123778341	0.00948880081093487	0.00405088843408132	-0.0408267085374339	0.0130608424823472	-0.00336177415385096
0.0102106712925717	0.00160376253752005	-0.00812128873797576	-0.0119929766474302	-0.0014926229770833	0.00155145611089206
0.0127520672722283	0.0210760942490027	0.0207476300252406	-0.0105908658451024	-0.00220324261264671	-0.0177955589881076
0.01679239441331	0.0103071147082745	0.00368503797215862	0.00486727173087717	-0.00510933450053675	-0.00569018488017455
0.00499652293987894	0.00088855702775433	0.000153292598177108	-0.00534113715875293	-0.0186130970300756	-0.0061985598984639
0.0109039267325321	0.00359438321958495	-0.0189040777079378	-0.00518850009372938	-0.00703813759177467	0.000101844941978686
0.0131257584867472	-0.0149886812883368	0.0102492181352898	-0.00219541443121557	0.00284322885975745	0.00489752349363898
0.0109261417928459	0.0080442978429024	-0.00408038479901602	0.00456865343528591	-0.0172540600043651	0.0077472433534814
0.0122302226266452	-0.00534056432910948	0.000121641561230838	0.0103579296145129	-0.0103784338960578	-0.00160255456964408
0.00385881309876275	-0.00552580700042292	-0.00906859531323955	-0.0458124595112709	-0.0355935730628138	-0.00886662705274172
0.0123026935960104	-0.00135007327716157	-0.0048603556480399	-0.00712755947911157	-0.000533074867454899	0.00183790641959781
0.0124196199752419	-0.0144603996859812	0.00351417160733436	-0.00358664209088778	0.00683601339518929	-0.00600887328921914
0.0138065922061374	0.0107716496596607	0.0064605582833367	0.0138859284571634	0.0180782518322147	-0.013414796858118
0.0102274340242634	-0.0213858567767861	0.00639761600961567	-0.0113711162577644	0.0114888924166419	0.000232770812569736
0.0120966913696209	-0.00988872684060062	-0.0109835539612724	-0.0121217503591442	-0.0112853201976587	-0.00297787155370393
0.00638922006316281	-0.000545693571007814	-0.00675377322280446	0.0120460182689358	-0.0068084482200138	-0.00733015354510852
0.0135344512480631	0.0046455339568644	0.000473924364384034	-0.00161116760570755	0.00701812215668515	0.00101150544250418
0.00304691328147193	0.00908330645409952	0.00725770732731049	0.00282764259609947	-0.00634981800187852	0.0288473925475751
0.0129538455599075	0.0341010314664437	0.0274529941589606	-0.0130064002469372	0.00457876150710837	-0.00823766301193981
0.0118044385624324	0.00918787725118737	-0.00623732026175875	0.000155496693218399	0.00751591491366776	-0.00225626490516115
0.0154149423307843	0.0113785177998783	-0.0120754110456615	-0.000452255269178113	-0.000216704486429121	-0.00663622943753213
0.0133592448089089	0.00362704058298098	-0.00224954956964005	0.00419927669070383	-0.00658816936710871	0.0021520317969506
0.0140795029322751	0.00267323447102756	0.00214965396647621	0.001773162880553	-0.00256465035656809	-0.00391704510081401
0.0101160350772443	0.000362480872243489	6.26856247207658e-05	0.00353602645591428	-0.00384801198938254	0.00317712929724687
0.000648039226688502	0.00532109157985416	-0.00514639400086316	0.000826628912174266	0.00378716069342581	-0.0284012579129962
0.013042776725859	0.0210111290666494	0.00805760186883214	-0.00946307862012435	0.00328319136661769	0.0049320087694063
0.00772031821469308	-0.00107761477018786	0.00473987222737982	-0.00450012076703407	-0.00336723315841796	0.0130545887724009
0.0140331726492363	-0.0169745119273553	-0.00612346546610274	-0.0160180537229082	0.00982622692190295	0.00561042240027407
0.00516226896511881	-0.0205893257652007	-0.00608402721022656	-0.018470704745995	0.0128223688900169	0.00686344179282675
0.00783460048531693	-0.00816352505607428	0.00467263824324875	-0.00601050132502249	-0.00530647357079209	0.00509040567313327
0.0153501579129774	-0.00821023720918364	0.000701667155768283	-0.00621613645846256	-0.000356346812109509	0.000749578292249722
0.0125540574981046	-0.000399780992727341	-0.00619239006866219	0.0206169933956941	0.00439659977849574	0.00319375970218333
0.0125054963399928	-0.00209793096299592	0.000623165590934896	0.00433122742231568	0.00129805935937687	-0.00850680265688266
0.012755732256817	-0.000568991289752988	0.00168473479731061	0.00458861187400098	-0.00989898999365093	-0.00421248029372122
0.0157720829036943	0.0275259530092558	-0.000231013723669757	0.00771823880734804	0.0137413973894067	0.00425038581056769
0.0122210841537944	0.00185815604785292	-0.000533413974119224	-0.00056204886329169	-0.00494760671888521	-0.0073144710507828
0.0120315065328028	-0.00508790380220762	0.00297497056957302	0.000233998736852259	0.016758645250085	-0.00772310475481727
0.0120397796882312	-0.00127605115638988	0.00218846462562191	-0.00356096703797285	-0.00249260445270108	0.00032284448616123
0.0133665817177364	-0.0136613141964365	-0.00056444727311407	-0.00685645818162608	0.00802413057112578	0.000674054696705732
0.0130544900916542	0.00727376005759491	-0.0166286668893908	-0.0079439522558465	0.00786745218355375	-0.0100252203858865
0.00053038107171648	-0.00303257646916591	-0.0037560404227	-0.00497319093541254	0.00441109294941275	-0.00377467372443696
0.018890068526429	-0.0201414908447712	-0.00108418867257134	-0.0316910476891767	0.0227914240595411	-0.00887087996193103
0	0	0	0	0	0
0.0173716993200743	0.0181244121455347	0.00398497558542325	-0.0191428634500247	0.00595175518714062	-0.00445283002262446
0.00595104266221641	0.0162424178837903	0.0173913369128738	-0.0289095773289759	0.00432404507032675	-0.0194489675095939
0.0130964651590097	0.000654592954123206	0.00336159723105702	-0.0083509271209165	0.00675454297992739	0.0072432948085744
0.013959752980848	-0.0038598409746842	-0.004363357537329	-0.00930491819235339	0.00538317759285068	0.00146790062978705
0.0130661044773848	0.00909656990342321	0.00275496479984413	0.00420875737926183	0.00104032944234691	-0.0138084678242612
0.0149745759179743	0.00432170487462794	-0.0110463842152693	-0.00111935493968424	0.00164096096651955	-0.000928824628029397
0.0124216411260399	0.00493950663444949	-0.00862768117653512	-0.00740997475684309	-0.00645780836422169	0.00355193520755701
0.0149002165631973	0.00111343258078135	-0.0115761220816549	-0.0249128739874277	0.00343259041270769	0.0032247697234451
0.0118676884006247	0.0105920061634352	-0.0167408457715607	-0.0196179253904004	0.00230962510288012	0.00367953438980999
0.000806913368574511	7.77057071066367e-05	0.00261911321190836	-0.0143082534026152	0.0204241669282178	0.0018373165339066
0	0	0	0	0	0
0	0	0	0	0	0
0.0144710547498567	0.00767389541397619	-0.00183956770363272	0.00149189435354912	-0.00831226191178175	0.00671042599286968
0.0154779085384839	0.0197134938905462	-0.00621652123599397	-0.00214819049211913	0.000231925765502551	0.022121974654018
0.0108450987312906	-0.00562114515048463	0.00894064320603548	0.0136970090459956	-0.0226558643795175	-0.0302570806084421
0.0114909006048061	-0.00116577890498177	0.00215406013065821	0.00644455379413015	0.00147325687471345	0.0124694200799827
0.0034870334364826	-0.00281905148458124	0.00210356451298661	-0.00964024869578284	-0.00564200907575002	0.00458077742417004
0.00724038231699014	-0.00805907026872034	-0.00431778157549866	-0.00896937440434996	0.00242168686054743	0.00571042711688348
0.00902473241359849	-0.00696627015890708	0.000731046062106997	-0.00518986881946351	-0.00189403447845052	0.0136219393930847
0.000295132385287061	-0.0030588454913525	-0.00343773572455172	0.00811207038251513	-0.0029960887177535	-0.00385089495890404
0.000719902587954473	-0.00178462820791238	0.0175301119089165	-0.0207436511151961	-0.00140172749016531	0.0220414345265464
0.0131097128382267	-0.00918023077486287	-0.0028229125133086	-0.00783279192002314	-0.00753068302119258	-0.00125492171776304
0.00935148733453596	0.000262318138946818	0.00412550607549543	0.0155490324942659	0.00236221610673827	-0.0174961541346533
0.00448655187872711	-0.00324348806914256	-0.00688278234183277	0.0102224458947989	-0.0269327760732497	-0.0348388917550732
0.00462265540763871	-0.0065025158647769	-0.0106603665756266	0.0152035011268932	-0.0127355773215374	0.0055338551814696
0.00781611326968394	-0.00664577554528677	-0.00495415575050627	-0.00499280267761828	-0.019187292606707	0.0144572694038485
0.0074083143689447	-0.00195892339605093	-0.00641506956041937	0.00811254057895302	0.00281285556412504	0.0113284918115365
0.014288938483601	-0.0275478426727317	-0.014661114719128	0.0307312193599707	-0.0123911240314405	-0.0178999081593749
0.00559262916470025	-0.016983126495275	-0.0169723628382079	0.0297346617010219	-0.00782169292556068	-0.00450842144711982
0.013624414042457	-0.00493783672198253	0.00455808473234174	0.00523541824059183	0.00597586152022997	-0.00478447831072845
0	0	0	0	0	0
0.00852563684421722	-0.00629268009563747	-0.00502415505992904	-0.0153478144563721	-0.0325033925520765	0.0144513520711508
0	0	0	0	0	0
0	0	0	0	0	0
0	0	0	0	0	0
0.00150871832098657	0.00334207573834685	-0.00698520777569782	-0.00503111789131293	0.0362381516675515	-0.00660096065545497
0.00317012092441116	0.0151159127571249	0.0124002659730261	-0.022386602525537	0.0259329319364931	-0.00443185605803587
0.00505435746167483	0.00949447182566722	-0.0045697362530547	0.00161314422209608	-0.0177714533772253	0.019531124088975
0	0	0	0	0	0
0.000654086718396753	-0.00765772626158412	-0.0046379859697918	0.0105245510407823	-0.00539880687463909	-0.00663848177960357
0.00680972165564793	-0.000995620882266244	0.000977438282407369	-0.0045719349023854	-3.07638036301783e-05	-0.00256737051189179
0.00378377326573611	0.00219683308249195	-0.0219362438891491	0.0232127607544181	0.0152422191617721	0.00583846422143057
0	0	0	0	0	0
0	0	0	0	0	0
0	0	0	0	0	0
0	0	0	0	0	0
0.00740304451089157	-0.0102825214431944	0.00182479149018258	0.0145015329960171	-0.0240943671813644	-0.032998874342871
0	0	0	0	0	0
0	0	0	0	0	0
0.00259237450661318	-0.0137747903973383	-0.00615381758383647	-0.00317890858581361	0.00113475006139987	0.00377681011847385
0.000976466018922657	-0.000710142488005723	-0.00560961495077814	-0.0174617112541863	0.0110956767854915	0.00101864916817916
0.00408006823140868	-0.00710930008392326	-0.0069939550202853	0.00630976532317303	-0.028571485764938	-0.0333451467060821
0.00475476109606757	-0.00935724320269864	-0.0046678613011649	0.0257998514068525	0.00213522610563572	-0.0445869678198834
0.000289901121668619	-0.00120951990784163	0.00246478821029329	-0.012748024870283	0.000170443772611154	-0.00311775762492905
0.00115004057594955	-0.00457481057883141	-0.00646976812830191	0.0239651567179147	0.00661120536785426	-0.0359233571406977
0.000700278765820216	-0.0129844438628795	0.00356048713304768	0.00468753624791541	-0.0131361944748366	0.0070287723955899
0	0	0	0	0	0
0.00203824812044879	0.00268989822868548	-0.00316941789901561	0.0246923547577095	0.00123528090152109	-0.00607982020156621
0.000100722511006604	0.000139576143103393	-0.00273216011530412	0.00294729263736574	0.00316278490866145	-0.00700275834389965
0	0	0	0	0	0
0.00232793912984918	0.00116339426216539	0.00134946806648091	-0.018204180173189	0.014422423318033	0.0485301808121222
0.000319512877607633	-0.000540774265900702	0.00046499063136233	-0.0115965066576897	0.00781781890557497	-0.00754272101082286
8.76843823403089e-05	0.00111569592649214	-0.00210491825238172	-0.00477156717069516	0.000927915136708731	0.000610098044160628
0.00216631382738569	-0.00509531831777177	-0.00595892891701481	-0.0181718247536258	-0.0468303231621705	-0.0109900213877622
0.00253995391937094	-0.0080189121840685	0.00767493586430746	0.0104588533932109	-0.00367832335097847	-0.0113438047745291
0	0	0	0	0	0
0	0	0	0	0	0
0	0	0	0	0	0
0	0	0	0	0	0
0	0	0	0	0	0
0.010356818417678	-0.00938978288527805	0.000820017069018966	0.0123228324454936	-0.021722245582526	-0.0336256762694525
0.00107052126587436	-0.000188534665718795	-0.000849155830516334	0.0269305052235368	0.0141518918110338	-0.0300147159549866
0	0	0	0	0	0
0	0	0	0	0	0
0	0	0	0	0	0
0	0	0	0	0	0
0	0	0	0	0	0
0	0	0	0	0	0
0	0	0	0	0	0
0	0	0	0	0	0
0	0	0	0	0	0
0	0	0	0	0	0
0	0	0	0	0	0
0	0	0	0	0	0
0	0	0	0	0	0
0	0	0	0	0	0
0	0	0	0	0	0
0	0	0	0	0	0
0	0	0	0	0	0
0.0019655569936451	-0.0122814475895403	-0.00736849796736293	0.00128948178302707	-0.0127791194366563	-0.0111582846860551
0.0011768619288895	0.00408261575842731	0.00141456213807124	0.0070138291092052	-0.0141093317678289	0.0209238227468555
0	0	0	0	0	0
0	0	0	0	0	0
0	0	0	0	0	0
0.00241716570395202	-0.0112936405831017	0.00861940039606944	0.00837964251630594	-0.0401698490947199	-0.0682218434980336
0	0	0	0	0	0
9.98332701227601e-05	0.00303057206451213	0.000971868301515757	0.00276992009366297	-0.0172279243286712	0.00924648318435298
0	0	0	0	0	0
